{"type":"FeatureCollection","features":[{"type":"Feature","properties":{"shapeName":"Matsqui Main 2","shapeISO":"","shapeID":"43193130B56069089542960","shapeGroup":"CAN","shapeType":"ADM3"},"geometry":{"type":"Polygon","coordinates":[[[-122.33841694764273,49.10905098724649],[-122.3436062860275,49.10954178152809],[-122.35587130815118,49.11614913376715],[-122.35988229942903,49.119185485843126],[-122.35961510970783,49.109011589856834],[-122.35995373034743,49.103961334275176],[-122.35774219614419,49.103705144753675],[-122.33845178745968,49.103915497335024],[-122.33841694764273,49.10905098724649]]]}},{"type":"Feature","properties":{"shapeName":"Shingle Point 4","shapeISO":"","shapeID":"43193130B56394632051854","shapeGroup":"CAN","shapeType":"ADM3"},"geometry":{"type":"Polygon","coordinates":[[[-123.64393923029591,49.04474204634552],[-123.64394082531257,49.04070010372498],[-123.6399616862139,49.04082120058849],[-123.63555071242051,49.03830029528628],[-123.63076748839269,49.038694809964085],[-123.63752586205128,49.044745515340935],[-123.64393923029591,49.04474204634552]]]}},{"type":"Feature","properties":{"shapeName":"Port Moody","shapeISO":"","shapeID":"43193130B56477309844355","shapeGroup":"CAN","shapeType":"ADM3"},"geometry":{"type":"Polygon","coordinates":[[[-122.8934243168867,49.27029337852822],[-122.87823658708997,49.270852201799],[-122.86025176138934,49.270721453031705],[-122.84631364847154,49.27099720960732],[-122.84662165025055,49.272694192249624],[-122.83584433084765,49.27262017056419],[-122.82373784919088,49.273345583946075],[-122.82379333461064,49.28049754499009],[-122.82116647385959,49.28057031289376],[-122.82139409163929,49.28918115757021],[-122.82109827841659,49.294651789469214],[-122.82283053541481,49.29494701295879],[-122.82207409840122,49.32144942965759],[-122.82733074168496,49.31404401764114],[-122.8333612942543,49.314128643178925],[-122.83367194188334,49.30580886837615],[-122.83583820549087,49.305845515457406],[-122.83600822350397,49.2993242349412],[-122.84196994667026,49.29985190118225],[-122.84133435088823,49.3058818194971],[-122.84986333624741,49.305873117242164],[-122.85064606599852,49.308216536774744],[-122.85854661274936,49.30769400795075],[-122.8604479587632,49.30558804756498],[-122.87348320224666,49.305785347713154],[-122.87354559217917,49.31355285855667],[-122.8776592608589,49.31333950316473],[-122.87766713536833,49.315599135397264],[-122.86709772568715,49.31534972215932],[-122.86700365325748,49.32279544650728],[-122.86326014282777,49.32388082026441],[-122.85815980442624,49.32386963175589],[-122.85810418793498,49.3262773680559],[-122.8554437196604,49.32628700896275],[-122.85533880447242,49.32988579108947],[-122.86505993842486,49.32982887872125],[-122.87756983834785,49.33015955902816],[-122.89587691390673,49.33017217161476],[-122.89628170520751,49.329824201754434],[-122.90095296838369,49.326422338279144],[-122.89365892743518,49.3254762955807],[-122.89468770912138,49.321020299384244],[-122.88974650888106,49.317165109356814],[-122.89003552130241,49.31413058931504],[-122.89674513834058,49.312899493193335],[-122.8997412800186,49.31474273033167],[-122.90411895938121,49.31473634730131],[-122.90790039602422,49.31389173422342],[-122.91137852645043,49.31141512491488],[-122.91828292960011,49.310595349740076],[-122.92763874501682,49.31049908141227],[-122.9292396918796,49.304482811553434],[-122.9275942156796,49.30117169364652],[-122.92476518956231,49.29813860976787],[-122.921589409848,49.29658009985042],[-122.920740812306,49.29434890594539],[-122.91850128324064,49.29324090114993],[-122.91123790428524,49.2934604110446],[-122.90854998736191,49.29435026232394],[-122.9057886072675,49.29554290516796],[-122.89493451154961,49.29653190225751],[-122.88732340128153,49.29917851194996],[-122.88401730346702,49.30110919707158],[-122.87789821653149,49.300599096225916],[-122.87691800713657,49.301677403524224],[-122.87108718642051,49.30155420142922],[-122.86845549886668,49.29779129494412],[-122.86600611769879,49.298328001564315],[-122.86135288892632,49.295111503189965],[-122.8567755100989,49.29380159038136],[-122.85430559259684,49.2921342979895],[-122.8435068771442,49.28854009532391],[-122.84319890731061,49.28617388544483],[-122.83925518760967,49.28499008932351],[-122.83566589006566,49.28538980382835],[-122.8353055897052,49.28215998906128],[-122.83845310665409,49.28251550894198],[-122.84545990892711,49.27991620272306],[-122.85055438805026,49.28188388987025],[-122.85835261217832,49.2811832994056],[-122.8591463048326,49.28245240904007],[-122.86895559979689,49.29066760519272],[-122.87350468453668,49.29219279418999],[-122.88377870873589,49.29179898346237],[-122.89317333507468,49.291946783751555],[-122.89431145977146,49.28977772908872],[-122.8934243168867,49.27029337852822]]]}},{"type":"Feature","properties":{"shapeName":"Strathcona D (Oyster Bay - Bu*","shapeISO":"","shapeID":"43193130B57448521707098","shapeGroup":"CAN","shapeType":"ADM3"},"geometry":{"type":"Polygon","coordinates":[[[-125.1160380396533,49.872477933890494],[-125.11454851375288,49.88019039224145],[-125.11549430765918,49.88237799601255],[-125.11953940642017,49.88542439261579],[-125.12194120133165,49.888141709369634],[-125.12508399173733,49.88965850038144],[-125.12812589408767,49.8898095036743],[-125.13317339622012,49.89313498849049],[-125.13746138540817,49.89435129796284],[-125.14650821431812,49.89581249228126],[-125.15197039251554,49.895900789307646],[-125.15907098469005,49.89804430190337],[-125.17366640418707,49.90676608450012],[-125.17770260578325,49.91134208434701],[-125.1811611080164,49.91265240285444],[-125.18389891347822,49.915606191543034],[-125.18508559251522,49.91934331021517],[-125.18233670283088,49.92853380112233],[-125.18540361019498,49.93160719085917],[-125.187131816151,49.9365847932115],[-125.184780001834,49.941585198702704],[-125.18859040764141,49.94445498629231],[-125.19303789091748,49.94630499853548],[-125.19732660374943,49.95041896833028],[-125.19770995315147,49.94839930840372],[-125.20008761773303,49.94634589486394],[-125.20313875066587,49.947608627533526],[-125.20898177528764,49.947928248930076],[-125.20919471176994,49.95206832438961],[-125.21448589112063,49.95236012612077],[-125.21435214964418,49.94528064353433],[-125.2034634118556,49.94494693389098],[-125.203395325528,49.929828113217745],[-125.19510601556516,49.92956940449818],[-125.19580297497167,49.92347305513782],[-125.19510877064748,49.91918184026132],[-125.1954420694228,49.9153597858764],[-125.20536322817335,49.915392586840824],[-125.26778991724592,49.9167603162486],[-125.28889448639471,49.91636470690799],[-125.2876673648942,49.93096858712459],[-125.29680312839304,49.93096965221019],[-125.29500680981181,49.94503987818214],[-125.30656504548948,49.94516790145696],[-125.30584446121298,49.959704803196175],[-125.31635814569736,49.95963487715468],[-125.31613642486971,49.97421086442105],[-125.3165019628071,49.9806384764216],[-125.31541525840821,49.988106753247756],[-125.3183786623863,49.98966900615861],[-125.3235076303142,49.989576958530606],[-125.32516968690226,49.98827223050194],[-125.33728905127711,49.990156024709655],[-125.33798324975379,49.99393735327646],[-125.33492433367763,49.996484690894164],[-125.33072663170194,49.99652108653549],[-125.32707165820499,49.9998013518304],[-125.37289650400218,49.999561889039406],[-125.38155703264866,50.00007899641458],[-125.41074660287555,50.00007268225092],[-125.41076554933116,50.00853301249095],[-125.41814278228401,50.00971510372024],[-125.42217901519139,50.00910684529676],[-125.44732364972265,50.01567924740868],[-125.4508831895213,50.01829721081317],[-125.457881710033,50.021796899190896],[-125.4675360885849,50.02462090287884],[-125.48365809023522,50.026482288732204],[-125.49658129702291,50.02386600055204],[-125.50556302018265,50.020641697030705],[-125.51595291428886,50.0174794924679],[-125.53183820822721,50.01373868380921],[-125.5562487058564,50.01793420568159],[-125.56218758139336,50.013941601997765],[-125.56264649184887,50.01258350880341],[-125.56841001918426,50.008830706552565],[-125.57417901848514,50.001232502931245],[-125.57789884575448,50.000206316703135],[-125.58364493298053,49.99979324003162],[-125.59506099557227,49.99994973843906],[-125.59608463615366,49.99324340356915],[-125.60809382209928,49.99321837740633],[-125.60971593349416,49.98994864209252],[-125.62578919688181,49.990054639739945],[-125.62629531264072,49.98291371805998],[-125.63568789386984,49.98327348609988],[-125.63622564416039,49.99042336743198],[-125.63141927921406,49.99056092615709],[-125.63116477542985,49.999484041505184],[-125.68437533753496,49.9994013459969],[-125.70622445047584,49.99965799675661],[-125.77609745535169,49.997090408480716],[-125.90857087574996,49.9995469050788],[-125.90762493906134,49.99774935512541],[-125.90448529927443,49.99644925798126],[-125.90175910406694,49.994099311108435],[-125.89989898839775,49.98909732996288],[-125.90015325506015,49.98578548656499],[-125.89829090687643,49.98167745426007],[-125.89428968215404,49.977048753396744],[-125.89584594176401,49.97395181451431],[-125.90307583552894,49.97313153824708],[-125.90297216606851,49.96674273535067],[-125.9094741784821,49.95496031788067],[-125.91772799412315,49.95196138518394],[-125.92070265746257,49.949210231189895],[-125.92124488490624,49.94382302970912],[-125.91962596227152,49.93997966852071],[-125.91793936231433,49.93098407931674],[-125.91925555634357,49.9249424968676],[-125.9127132357434,49.91923529660507],[-125.91467729331627,49.90163431979271],[-125.90710234118445,49.90154921499496],[-125.89770396666485,49.90512594939282],[-125.890515690689,49.9045205974788],[-125.88378568181444,49.898160340550845],[-125.88240672316827,49.89198523710022],[-125.88480393457164,49.88491894810867],[-125.88177726946608,49.87695563037541],[-125.88115963882734,49.8716063655593],[-125.88651219607917,49.86619560685472],[-125.89200022648582,49.85812578059394],[-125.89840824128034,49.85230678566334],[-125.90304198864061,49.84549509904523],[-125.90777100052833,49.841266698399956],[-125.91142857565211,49.8414417008783],[-125.9148569759647,49.83737676785423],[-125.91364886265002,49.820692244033175],[-125.91987258563798,49.81909211393791],[-125.91750376656353,49.81393397775316],[-125.91371005180606,49.80792554241324],[-125.91797851611337,49.80493231174267],[-125.91944908986623,49.800694160489705],[-125.91874554222652,49.79676817132693],[-125.91703672953409,49.79323527331097],[-125.91436161085362,49.791892743652],[-125.91404977669532,49.786351248192275],[-125.91475803133456,49.779858683590476],[-125.91450811523998,49.77612018916929],[-125.912390620812,49.77128704998587],[-125.90634112362751,49.7666935038376],[-125.90304965661547,49.76558285105801],[-125.89979239630536,49.75955115892268],[-125.89183495630509,49.74970899317635],[-125.8866802852608,49.74586138328715],[-125.8767479052033,49.74233341078507],[-125.86631068029405,49.74272677869161],[-125.86203776109106,49.745212559942864],[-125.85450574356231,49.73982166673279],[-125.85006145709588,49.73558222723303],[-125.84857697375442,49.73297622585311],[-125.84666587330915,49.72690723871036],[-125.83701407130664,49.7263615742459],[-125.83347714344718,49.722835973449456],[-125.83616734135542,49.7196811770575],[-125.83789822986486,49.715833125947135],[-125.83127803664297,49.70607310155468],[-125.81952363369108,49.69996907204791],[-125.81432142104508,49.693935333538946],[-125.80632333147499,49.692359640541746],[-125.80284223805855,49.68820164180692],[-125.80199349127112,49.681559445215406],[-125.80233423329234,49.67657440255436],[-125.8045679999322,49.67044550963443],[-125.80271162211127,49.66284958970016],[-125.7967072941568,49.65842420150894],[-125.78454649310915,49.65510432108988],[-125.77179469709874,49.653275666239985],[-125.76554937440562,49.65357600770625],[-125.75458214422694,49.65610725919099],[-125.73432914242568,49.648617211189666],[-125.73267980610268,49.64674493294606],[-125.7328296553039,49.64382311696994],[-125.73027763532355,49.635677441603605],[-125.723284834658,49.628966541205145],[-125.72217529841011,49.62702594634329],[-125.71580579332692,49.62870489105902],[-125.7142712216782,49.63009467604098],[-125.70092494758347,49.63065467859647],[-125.69640797566419,49.62592497119191],[-125.69488012159717,49.61914024999185],[-125.68655397692113,49.60737284663854],[-125.69204280123424,49.60284548517787],[-125.69776091911014,49.60318119424352],[-125.70473649821508,49.60525637911565],[-125.71546453955904,49.605018317982314],[-125.72121611925921,49.6024212725878],[-125.72221406567661,49.60058796381749],[-125.72347707327003,49.59304765571483],[-125.72779944756869,49.580460323094215],[-125.73522469391753,49.57918030712033],[-125.74312774270774,49.578591641371034],[-125.74847634760553,49.57264702621418],[-125.74194855451803,49.5629057032974],[-125.73415805069435,49.56321481666267],[-125.73450056162392,49.559417426979216],[-125.73374930154168,49.55429924489683],[-125.73007281246302,49.54773176930182],[-125.72753538146854,49.54427302154977],[-125.72893492221219,49.541256349319426],[-125.73257523762636,49.53738236370539],[-125.73932415091845,49.53178685678968],[-125.74128087120712,49.52908811749814],[-125.74113128369109,49.522481265016204],[-125.736096363539,49.52346174783177],[-125.72239672508675,49.520924127698095],[-125.71607442632131,49.5206410023012],[-125.70933974771644,49.51734678655043],[-125.70454224775028,49.512835795963305],[-125.69902862188759,49.511313515543655],[-125.69292926771733,49.514412055621456],[-125.68693233580638,49.51433802191194],[-125.68236916360254,49.51103458242966],[-125.65657982909173,49.51202349840026],[-125.64311905139141,49.518847048636246],[-125.6376525753688,49.51529421095493],[-125.63462351440134,49.511403190031146],[-125.63395368172442,49.50453383387094],[-125.63408409678297,49.4997881730498],[-125.6326561225235,49.49811355797178],[-125.6188111961205,49.49948560033538],[-125.60624372958996,49.49806236699103],[-125.58472184133782,49.496408055561616],[-125.5670341586225,49.49824974115363],[-125.55829600897863,49.49886898878716],[-125.5529925095431,49.49868515125586],[-125.55114168499686,49.497187049638185],[-125.55317802151782,49.49069483214514],[-125.55120190618338,49.488918220636684],[-125.53415247198633,49.485701603296185],[-125.52419801833877,49.483127954914885],[-125.51610880173621,49.48053761193451],[-125.50414936539448,49.47823595841203],[-125.49981186608302,49.47816908020734],[-125.4947961798844,49.4840695204541],[-125.49254537668206,49.48957508829611],[-125.49091711751252,49.49525240949228],[-125.493339606755,49.50031306003118],[-125.49263570714879,49.504260113450876],[-125.48994922010141,49.507577614110396],[-125.483450715762,49.50980345359013],[-125.48239331482415,49.51296404250618],[-125.48311997223108,49.5161385258288],[-125.47950651011593,49.518424881469286],[-125.47745712455989,49.521270461654765],[-125.46881735579709,49.52821696645908],[-125.45457678044811,49.531288386170395],[-125.44615388919051,49.53492669300952],[-125.44209493695998,49.53829900845528],[-125.44198156121934,49.54133102985274],[-125.43427355891829,49.553670108978196],[-125.43008095613264,49.55571063802763],[-125.4117806957628,49.54553434865776],[-125.40360011368197,49.54469775366299],[-125.3951942051161,49.547171716735676],[-125.39012375101991,49.545853342591215],[-125.38756989769756,49.54219740093688],[-125.381587934854,49.54071450729242],[-125.37957398919328,49.5479025802675],[-125.38514130448077,49.55882803980728],[-125.38533586336067,49.56182880293194],[-125.39166612636654,49.575826184812726],[-125.39279772830514,49.58446166054749],[-125.39588724440623,49.594019006540066],[-125.39845926521218,49.59701390973197],[-125.40263603980816,49.604017349874255],[-125.4049914747362,49.60677059720154],[-125.41441459537629,49.616010966592434],[-125.4242455265451,49.62632617596365],[-125.42734861537889,49.633135242104736],[-125.42763260044214,49.638445089437795],[-125.42652104147463,49.64266561826342],[-125.49878792193707,49.69901850441534],[-125.51374419510431,49.710211160300666],[-125.51500017851879,49.715427228105725],[-125.49619270143526,49.72497136492425],[-125.49501144515254,49.734297678210154],[-125.49137079017706,49.739002430567886],[-125.49128780695736,49.74080975115606],[-125.52189957835812,49.754572272271886],[-125.52831495032956,49.75626486221612],[-125.5458913949478,49.75534839899961],[-125.54808832606436,49.76257617712194],[-125.5451202652295,49.768669987381614],[-125.5530721994893,49.78518961822457],[-125.53551812442117,49.796610360371595],[-125.52435471098453,49.80042412894082],[-125.5115448564448,49.802963707538],[-125.51000227796659,49.81566972909076],[-125.50617319705148,49.81652082224768],[-125.50486816542252,49.822918065910194],[-125.50231584905299,49.82701014628717],[-125.4969763223943,49.82855344767141],[-125.49332039079268,49.83671268368356],[-125.4863526357148,49.837394892955444],[-125.4857058980963,49.82747354593221],[-125.46089412090296,49.82813519916786],[-125.4231512030284,49.82885550491589],[-125.42329578673403,49.83610819318925],[-125.38829436750997,49.83623129833703],[-125.38830896520477,49.83978121986254],[-125.38276249748205,49.839722503361415],[-125.38278956641729,49.84816080862337],[-125.40255675770493,49.84828857774956],[-125.40343322747322,49.87447880020863],[-125.35599680587701,49.874506286871146],[-125.3550352310534,49.87594021187105],[-125.35541191593012,49.88061990163425],[-125.35784293041698,49.883973432568034],[-125.35739586409191,49.88646355628646],[-125.35898485140855,49.89108033997796],[-125.3533733536863,49.90217736635235],[-125.35399563971384,49.907372309743145],[-125.35188710728465,49.91052413659883],[-125.33988938261338,49.91507266130058],[-125.33504795920032,49.9172341477947],[-125.33208956705818,49.91945363244912],[-125.32372802837057,49.919740317072765],[-125.31410703880711,49.91593857141512],[-125.30982972496044,49.913175633616405],[-125.30730125629722,49.909396366840724],[-125.31130557075937,49.905624761922816],[-125.30890413368832,49.90289558800443],[-125.3051897814042,49.901459480844395],[-125.29750163313884,49.895123770655744],[-125.28539075600348,49.89043280333332],[-125.28106423526856,49.885018396799104],[-125.27675298297068,49.882913498504024],[-125.27495000572597,49.884744988316115],[-125.27139509671866,49.88572769972209],[-125.26468829327447,49.88648400015033],[-125.26701399875199,49.88994050651113],[-125.26595751376941,49.89428438950694],[-125.26307790871269,49.89596349491086],[-125.25955348715954,49.895755610376945],[-125.25663560264545,49.89694049683293],[-125.2525542954211,49.895202986194455],[-125.24641481177466,49.89538949524457],[-125.24094109810757,49.89416900114404],[-125.23306789175786,49.89512040383581],[-125.22786931279678,49.896788094877856],[-125.2240054999989,49.89549350271858],[-125.22693749377281,49.89356229404702],[-125.22473550795803,49.89095170811299],[-125.22486130324961,49.88791241034717],[-125.21983301492507,49.888101899418],[-125.21364560446673,49.88429349461876],[-125.2116094966334,49.88734419703881],[-125.20731278782272,49.88700099014692],[-125.20402110312342,49.88852629851564],[-125.20196560462834,49.88667620609125],[-125.19838648838264,49.886941093329014],[-125.19627889800647,49.88572201392739],[-125.19643810466754,49.88377369733484],[-125.19203651361887,49.88265849356512],[-125.18766918229811,49.88280100306944],[-125.18742429245184,49.88072729316514],[-125.18462710059153,49.87855400274598],[-125.18166760211602,49.87922050865877],[-125.18006951312967,49.875856491949705],[-125.17341429502821,49.87482539614395],[-125.16892109356324,49.87118369524425],[-125.16395669239797,49.87043449266554],[-125.16200230064786,49.86811309338154],[-125.16224948915922,49.86546691099617],[-125.15978258146646,49.86498119388092],[-125.15389069934872,49.86552539564045],[-125.15264532297454,49.86698509979667],[-125.14878070063872,49.86739960805574],[-125.14698677723071,49.86946609677007],[-125.14285250059878,49.868495903897944],[-125.13823390193672,49.86982929126841],[-125.13238268181581,49.86787949504177],[-125.12498141579742,49.86886080552426],[-125.11922093557071,49.87187761407773],[-125.1160380396533,49.872477933890494]],[[-125.48627491400842,49.937217471979096],[-125.47737732808054,49.9345269735662],[-125.47101877351434,49.92733678692695],[-125.46777775579335,49.93031568648614],[-125.46552020322686,49.92967600804245],[-125.46725587685052,49.925716693286276],[-125.46954401416615,49.924351871467316],[-125.47701022362469,49.925544205043245],[-125.47941889989445,49.927393214934604],[-125.48543897957798,49.927881781898016],[-125.48537863057157,49.930660634301674],[-125.48954543701443,49.932362273212924],[-125.489164739295,49.937630040025255],[-125.48627491400842,49.937217471979096]],[[-125.47200381030031,49.914116377251815],[-125.47405034694115,49.91118497981754],[-125.46631398388361,49.90961213960435],[-125.46640757226311,49.906738694725995],[-125.46836528111508,49.903657296424434],[-125.47115258664161,49.90427202538251],[-125.47221636877718,49.90181396892709],[-125.47747483204571,49.90185237525009],[-125.48172114913422,49.903995269247986],[-125.47823038894933,49.90666423203272],[-125.4808598797134,49.91004319915015],[-125.47700203334827,49.91061229984619],[-125.47550873372778,49.91264324809789],[-125.47200381030031,49.914116377251815]]]}},{"type":"Feature","properties":{"shapeName":"Aitchelitch 9","shapeISO":"","shapeID":"43193130B57650360336116","shapeGroup":"CAN","shapeType":"ADM3"},"geometry":{"type":"Polygon","coordinates":[[[-121.99115055035855,49.151354202901466],[-121.99475357115757,49.15187203349789],[-121.99569155103,49.14954928909368],[-121.99375229425372,49.14785048806595],[-121.98697904112855,49.148167657731925],[-121.98735073333143,49.149264682918144],[-121.98585695824023,49.1507445461665],[-121.99115055035855,49.151354202901466]]]}},{"type":"Feature","properties":{"shapeName":"Okanagan-Similkameen E","shapeISO":"","shapeID":"43193130B57997715781093","shapeGroup":"CAN","shapeType":"ADM3"},"geometry":{"type":"Polygon","coordinates":[[[-119.37590573759559,49.67903282661195],[-119.38197962075034,49.67980883509474],[-119.39041040845783,49.68188751940792],[-119.40552103967065,49.68405095312454],[-119.41074543339094,49.683314430261724],[-119.41826239421968,49.6806597248043],[-119.42086901605916,49.67651118790376],[-119.42277411248467,49.67527462143361],[-119.42703348078537,49.67538799173752],[-119.43475224850128,49.6857908645976],[-119.44216699612653,49.69022157744353],[-119.44678108729428,49.69125563271637],[-119.44799597882488,49.70037324422511],[-119.4538986546869,49.702278468281385],[-119.45631400625682,49.712486209091125],[-119.45628817495896,49.718591057905776],[-119.45876379599041,49.725470078544056],[-119.4803064175384,49.74470890971958],[-119.48589747746342,49.74639297461149],[-119.50130051824547,49.73046581102085],[-119.51081529537049,49.725379659418124],[-119.51539033143317,49.72790398237754],[-119.51931462412509,49.74130271286337],[-119.51880654444186,49.743373784350545],[-119.5190210143309,49.75290327893374],[-119.55631926374578,49.7531411958391],[-119.55662402035723,49.76018602521028],[-119.58684432777392,49.759908943075075],[-119.66098669371459,49.759005153141494],[-119.69708950550267,49.76073836522146],[-119.69745585992821,49.77516161852753],[-119.71618469906727,49.76759238913145],[-119.7195519114146,49.76524900231451],[-119.72720509826537,49.75627030473924],[-119.73694980305235,49.743363093900555],[-119.7404602064347,49.73655650990061],[-119.74196730136198,49.731498706706795],[-119.74157461058691,49.72482060870667],[-119.73819690991232,49.72001430885696],[-119.72866460601267,49.71206295751024],[-119.71034519425403,49.69616401153132],[-119.6978081881468,49.68555609428114],[-119.69099631665014,49.67736839809619],[-119.68296417931555,49.666663397787346],[-119.67401521626739,49.6578492927308],[-119.6659815904199,49.651012589932996],[-119.65662128101664,49.643707194473336],[-119.64250809022268,49.63344761526542],[-119.63427808761706,49.62120070249624],[-119.6276645092605,49.612554400730005],[-119.62557948917637,49.60916759913258],[-119.62560618741901,49.6016775050184],[-119.60820521577503,49.5810007034546],[-119.6035033103271,49.57365439675957],[-119.6037196089998,49.562815385324676],[-119.60332860504037,49.5527012053451],[-119.60274070661313,49.54961139102402],[-119.59837877893696,49.53602329759934],[-119.59612488107449,49.529872599682434],[-119.59688778755869,49.524383698124375],[-119.59914911107037,49.51783149042962],[-119.6103801724717,49.50544709632827],[-119.60105598909023,49.50523973705243],[-119.5942207728353,49.50758534210215],[-119.5875542998552,49.50829973729516],[-119.58545679671235,49.50952085740925],[-119.58560466459218,49.51501130290488],[-119.58078303232828,49.52493513919628],[-119.57735763208083,49.526978487793215],[-119.57406384812874,49.53029829060193],[-119.57526055235294,49.53373490774344],[-119.57939316353276,49.53501400816303],[-119.5816262287715,49.53792159205674],[-119.5798979920158,49.54059256059988],[-119.58145693682604,49.546555503186845],[-119.58070476920227,49.55178819586979],[-119.5825462980335,49.555268462146756],[-119.56712191007568,49.555565824674815],[-119.54751536056553,49.55560458586177],[-119.54734136108067,49.54093108972819],[-119.54205990952634,49.54061761769009],[-119.54136080140037,49.51925393004916],[-119.53254583979468,49.51942045971384],[-119.530194690257,49.518097032931266],[-119.53044456365345,49.504103986038736],[-119.4121332338219,49.50477979686642],[-119.33648669120825,49.50520031916655],[-119.30989495007427,49.505040201420435],[-119.30531370235725,49.50924476811772],[-119.30400304520978,49.51194216428667],[-119.3020749189556,49.52174946368834],[-119.30340028640589,49.52344612461299],[-119.30868288661102,49.52597470888259],[-119.31122133401236,49.530772887547684],[-119.31454105855447,49.53165057032935],[-119.32178017397823,49.53046033575965],[-119.32257603230269,49.53516574941351],[-119.32788264540122,49.53913383615054],[-119.33205029644593,49.54792208027681],[-119.33338870107309,49.55603981468081],[-119.33842210261892,49.55679495655442],[-119.33925339144936,49.55842355793514],[-119.33844828626268,49.5629212446866],[-119.3359338811787,49.56799774468585],[-119.33683726442516,49.570976236039286],[-119.34151135979697,49.57593133370843],[-119.34636141025872,49.58196459393244],[-119.34830840473408,49.587531215222214],[-119.34810427370184,49.59290597444862],[-119.34978943485704,49.59385665773527],[-119.35464488696326,49.594221377219334],[-119.36140592325751,49.59379664825791],[-119.36316744828973,49.59705389453695],[-119.35357091111915,49.6030638025289],[-119.34985776086693,49.606652446130546],[-119.35087092790259,49.609333305435094],[-119.35813095250109,49.61622047857442],[-119.3586455999194,49.617886196698564],[-119.35518629948973,49.62088929135587],[-119.35210657719061,49.626471766959035],[-119.34986239614673,49.63424236435704],[-119.35035563850903,49.63608688058345],[-119.35962282073301,49.645298971598784],[-119.36710885300577,49.650806636987475],[-119.37282873473102,49.65404615887264],[-119.3736729261107,49.65583119531851],[-119.37218643080985,49.65904242276553],[-119.37180837365823,49.66301335258247],[-119.37192342696932,49.672004561506895],[-119.37590573759559,49.67903282661195]]]}},{"type":"Feature","properties":{"shapeName":"Cowichan Valley C","shapeISO":"","shapeID":"43193130B58042954956709","shapeGroup":"CAN","shapeType":"ADM3"},"geometry":{"type":"Polygon","coordinates":[[[-123.61619951267498,48.71835680338692],[-123.6161500546641,48.71345951335123],[-123.61067029272837,48.714043495499084],[-123.61148571612289,48.71571857243514],[-123.60223036724568,48.71548135785631],[-123.60206548344308,48.71209015071515],[-123.6162175138227,48.71223435622187],[-123.6159481119381,48.70278164108198],[-123.6163108838128,48.67895592082985],[-123.60486756381817,48.67938966867717],[-123.57499670043427,48.67964079109996],[-123.56988172926104,48.680163018105816],[-123.56026439477948,48.679255389267816],[-123.53243434046826,48.67927407419529],[-123.53200360802776,48.682245101331645],[-123.53395781981196,48.683270598523954],[-123.5353859006388,48.68842760877239],[-123.53423950062131,48.69057389976099],[-123.53491367852581,48.69390799742855],[-123.5461737764281,48.69975719661386],[-123.54984219743716,48.70223110148826],[-123.55466410763749,48.70435879209498],[-123.55667101051121,48.70770430935118],[-123.55504539707887,48.71560161031096],[-123.56085105528736,48.71916240839226],[-123.61622978898548,48.719088176481684],[-123.61619951267498,48.71835680338692]]]}},{"type":"Feature","properties":{"shapeName":"Capilano 5","shapeISO":"","shapeID":"43193130B58065090649131","shapeGroup":"CAN","shapeType":"ADM3"},"geometry":{"type":"Polygon","coordinates":[[[-123.1243652920226,49.324918704982075],[-123.13192177065739,49.32690616713201],[-123.13272804287897,49.32565001965616],[-123.14355913008222,49.328844295401474],[-123.14798912690883,49.32292688784167],[-123.14628966952122,49.322335659790724],[-123.14019458258399,49.32173509805916],[-123.13763062775072,49.32014256386984],[-123.13438075635088,49.3199967179104],[-123.13445621160643,49.31785450795628],[-123.13307897980583,49.3158787920777],[-123.12598523657935,49.312863402110835],[-123.12015274412259,49.31854209781618],[-123.12008367431667,49.323957194289136],[-123.1243652920226,49.324918704982075]]]}},{"type":"Feature","properties":{"shapeName":"Skowkale","shapeISO":"","shapeID":"43193130B58260443570627","shapeGroup":"CAN","shapeType":"ADM3"},"geometry":{"type":"Polygon","coordinates":[[[-121.93523139833385,49.13532512199102],[-121.93475711632709,49.137657911733996],[-121.93726404426522,49.14205656789797],[-121.9411018428907,49.14189539280043],[-121.94178680273124,49.140444087694206],[-121.94617350735486,49.13978269419201],[-121.94809599512845,49.138098706840346],[-121.95310997569555,49.138101000193785],[-121.95240231982872,49.13525424297835],[-121.9453456022685,49.13514753884752],[-121.9406022774613,49.132386669091126],[-121.93970498168201,49.13552778909919],[-121.93523139833385,49.13532512199102]]]}},{"type":"Feature","properties":{"shapeName":"Hesquiat 1","shapeISO":"","shapeID":"43193130B58426296820091","shapeGroup":"CAN","shapeType":"ADM3"},"geometry":{"type":"Polygon","coordinates":[[[-126.46308340903167,49.40355044334215],[-126.47071448804142,49.403195275946594],[-126.47130231825399,49.400717495985404],[-126.47609725619219,49.402732370390474],[-126.47930545134632,49.40273374181244],[-126.47889623786733,49.3871589769617],[-126.46962648637405,49.38729771171292],[-126.4660566093371,49.38989779548405],[-126.46505780476897,49.394032194004104],[-126.46844580618074,49.395428007235466],[-126.46868240597648,49.39725949401157],[-126.46308340903167,49.40355044334215]]]}},{"type":"Feature","properties":{"shapeName":"Tseatah 2","shapeISO":"","shapeID":"43193130B5853896575494","shapeGroup":"CAN","shapeType":"ADM3"},"geometry":{"type":"Polygon","coordinates":[[[-121.76568530964215,49.21470675781661],[-121.76267470725307,49.213321394461325],[-121.75743439201693,49.21418310082789],[-121.75422130501421,49.21361768414656],[-121.75198619608975,49.21458330007355],[-121.74665359691289,49.219149208819005],[-121.75282160314227,49.2188076898014],[-121.75279515405211,49.222373755734225],[-121.76248535393583,49.22266192176831],[-121.76557506590306,49.22233002179304],[-121.76568530964215,49.21470675781661]]]}},{"type":"Feature","properties":{"shapeName":"Port Alberni","shapeISO":"","shapeID":"43193130B58566987010440","shapeGroup":"CAN","shapeType":"ADM3"},"geometry":{"type":"Polygon","coordinates":[[[-124.82560120693854,49.26946492126188],[-124.82266876128625,49.269399671732764],[-124.8226128772348,49.26018060945844],[-124.82845012127663,49.26120130285006],[-124.8281847012983,49.26842246897685],[-124.82692797219741,49.26949389166877],[-124.82822071203417,49.2732251944516],[-124.83780689492916,49.273204606916174],[-124.83940608253087,49.27377179628241],[-124.8503239871682,49.27370940874125],[-124.85035347851951,49.269195694313616],[-124.85311892216016,49.269248107018576],[-124.84111060227237,49.264376776821734],[-124.83098299127252,49.26043449980934],[-124.83404360991857,49.25591564039356],[-124.8270782652287,49.25440186176189],[-124.82672450926023,49.253685002227265],[-124.82622075692377,49.251266102346555],[-124.81940711288398,49.2493940264794],[-124.82174620912829,49.246203139483534],[-124.81238822314522,49.244231003688796],[-124.81196028195639,49.241178998952584],[-124.81546860654957,49.23946850182222],[-124.81550120149886,49.23699461075722],[-124.81221159323788,49.235697200174194],[-124.81372598659999,49.23315360740678],[-124.81260929742757,49.22738689534334],[-124.81396749412124,49.22472078752664],[-124.81235769864774,49.22203898820665],[-124.81599700765557,49.219372886452476],[-124.81573005967515,49.218256116004234],[-124.81135598434896,49.21836313030853],[-124.80480431888367,49.21826894931227],[-124.80512473372607,49.21093276765094],[-124.7930640884469,49.210869433413826],[-124.79311338228403,49.215355242410865],[-124.78346490068162,49.21543484458495],[-124.78341611506808,49.230425768678614],[-124.78311570111877,49.238267236009584],[-124.78072107037436,49.237933116450826],[-124.76222068971832,49.238251028347406],[-124.76130054941403,49.24571833365395],[-124.78065292321946,49.245362760173926],[-124.78110498652354,49.25080077112887],[-124.77626989120003,49.25719108615479],[-124.77787421845822,49.25892639861091],[-124.7836057556724,49.25841930804144],[-124.78289112076813,49.262891011392675],[-124.78290058001484,49.27068144887435],[-124.78608217104949,49.27092169402958],[-124.78633858403118,49.273396786798806],[-124.79272517264239,49.274325387867606],[-124.79997654717306,49.2744573634539],[-124.80247577374632,49.269458389666845],[-124.81491281711544,49.26934000053455],[-124.82267019655507,49.27364839132631],[-124.82568573279265,49.27363621970492],[-124.82560120693854,49.26946492126188]]]}},{"type":"Feature","properties":{"shapeName":"Lake Country","shapeISO":"","shapeID":"43193130B58577544130006","shapeGroup":"CAN","shapeType":"ADM3"},"geometry":{"type":"Polygon","coordinates":[[[-119.39914063141904,50.02011463317713],[-119.3954329462101,50.02191455108604],[-119.39200183724614,50.021862488788514],[-119.39201827738367,50.02472265260263],[-119.38530521046202,50.024867460681314],[-119.38535331208371,50.020091184640705],[-119.37465322340029,50.01999468918897],[-119.37513693010541,50.01677219706744],[-119.37552530259285,50.00505412881794],[-119.3518348523567,50.0046602732638],[-119.35236166914262,50.011864877631886],[-119.32937647000111,50.012030144361404],[-119.32959652456704,50.01609469153683],[-119.30513612351123,50.01608771154875],[-119.28851089807806,50.01569692583021],[-119.28914975661932,50.0268225080233],[-119.30590080678385,50.0270297880326],[-119.30541803090858,50.033919503406175],[-119.31773480950308,50.034084985329905],[-119.317180503977,50.066484134789185],[-119.33918290555427,50.06669329927939],[-119.33804018427337,50.09230845031072],[-119.32791126950498,50.09269341361894],[-119.32789685319172,50.11345001048576],[-119.33757548038038,50.11337981883729],[-119.33752188934092,50.12048155900076],[-119.3433321534322,50.12126041210133],[-119.34336493278424,50.128636542602734],[-119.34812668107548,50.12844348448158],[-119.34923783662913,50.148998898563256],[-119.34748127223324,50.151304241095154],[-119.35958885178471,50.151865056],[-119.36910119249677,50.151370170363386],[-119.39441434704119,50.15155961512178],[-119.41962786623422,50.15136434173787],[-119.43831673563358,50.15120502178778],[-119.45316062831876,50.15074890489917],[-119.47431653506992,50.14995300505048],[-119.47558311908763,50.1457995224521],[-119.47282450567928,50.1376076992782],[-119.47367071151635,50.13157809509281],[-119.47647474596636,50.12740531244833],[-119.47259275546367,50.10807796798584],[-119.47514959488649,50.095513526963664],[-119.4759096356007,50.08830371071977],[-119.47331548815738,50.08539599947591],[-119.47255750684236,50.08289470865788],[-119.47159459314183,50.071454502682755],[-119.4706884001422,50.06448090337399],[-119.47276126795654,50.056183940955115],[-119.46978023393544,50.04892290849849],[-119.47382015026662,50.0406413115777],[-119.47026961296491,50.03339160385595],[-119.46610810658912,50.01768561060486],[-119.46614519093343,50.00965919397099],[-119.46680496669242,50.00426909885558],[-119.46289518656222,50.004360341834705],[-119.44646346752366,50.005537370628105],[-119.42378381902847,50.00585520255646],[-119.4088319038605,50.00575441294651],[-119.40288223708808,50.00540458065529],[-119.40352704398565,50.02008280357127],[-119.39914063141904,50.02011463317713]]]}},{"type":"Feature","properties":{"shapeName":"Albert Flat 5","shapeISO":"","shapeID":"43193130B59073974902088","shapeGroup":"CAN","shapeType":"ADM3"},"geometry":{"type":"Polygon","coordinates":[[[-121.41903345971195,49.515921913196635],[-121.41495867119987,49.51538979218338],[-121.41492799388502,49.51835860426661],[-121.41774292114498,49.52149190225757],[-121.41970640440569,49.52656489803455],[-121.42168798299063,49.52958327349441],[-121.42543277464966,49.52979907419754],[-121.42512434359774,49.516500377250566],[-121.41903345971195,49.515921913196635]]]}},{"type":"Feature","properties":{"shapeName":"Fraser Valley D","shapeISO":"","shapeID":"43193130B59074357261043","shapeGroup":"CAN","shapeType":"ADM3"},"geometry":{"type":"Polygon","coordinates":[[[-121.65929876844281,49.29653712800901],[-121.6686392451143,49.29641594107201],[-121.66892330882443,49.29421669146854],[-121.67547160313742,49.289012507627646],[-121.67922249586054,49.28083609482608],[-121.6782297340675,49.27623442585632],[-121.67921424684677,49.27219241257214],[-121.6844366337375,49.26565687878316],[-121.69439300739654,49.25479440677194],[-121.69809980922935,49.25200010303639],[-121.70322250804286,49.24954479113764],[-121.71019639794861,49.24370549388743],[-121.71124305671108,49.23609642146093],[-121.71283310929311,49.23160496637651],[-121.7155103185389,49.22757515381989],[-121.73208468546807,49.21444145769432],[-121.73597376187283,49.21312194974688],[-121.7402540379387,49.21283363756578],[-121.74691786359571,49.21057537010017],[-121.75740748423335,49.207778399579034],[-121.76225289341853,49.20706198736928],[-121.77293399933346,49.20462240153517],[-121.78472480455027,49.205934109388174],[-121.78829624042821,49.20691396385822],[-121.78923278915502,49.20594344037641],[-121.7940357747211,49.20546821649364],[-121.79362889772675,49.203448644813385],[-121.78834967356394,49.200313627534705],[-121.78310039432483,49.19842840754196],[-121.77782217552442,49.19964266143227],[-121.77023006363395,49.20318445372818],[-121.76301039529241,49.205450802395156],[-121.75513205196235,49.20656695559564],[-121.74948028453225,49.20576103643827],[-121.7495960435914,49.2009138809718],[-121.75439196486998,49.19786772094417],[-121.75391377112885,49.19595035008909],[-121.75749199564214,49.194153930692934],[-121.75963937500659,49.191544366638254],[-121.77521493884242,49.191354719164586],[-121.77776472350685,49.1909133782223],[-121.77730380045496,49.18769705997668],[-121.78238830854256,49.187608507765376],[-121.78143531284532,49.18381256294244],[-121.78183385525848,49.180288539251045],[-121.78063183586953,49.178722929785906],[-121.78130128303101,49.17499408391601],[-121.78578710775761,49.1750651891957],[-121.78617947072513,49.16144488118723],[-121.79039232736429,49.16120751369156],[-121.79036848778786,49.15739323601558],[-121.78547045494197,49.15755093255231],[-121.78526979255616,49.151301996543495],[-121.79038097608934,49.15137868741518],[-121.7878306036932,49.12223688502766],[-121.79030699970298,49.110438826502026],[-121.78469569443831,49.10605452559208],[-121.77993741329182,49.10434598261795],[-121.77096626236504,49.10565610356381],[-121.7619375027367,49.110674141906905],[-121.76075875209175,49.11307732459873],[-121.76079444047498,49.11837125095773],[-121.76339107636774,49.12362466669388],[-121.76439765661289,49.13060457285018],[-121.75024526153074,49.138359887403645],[-121.74843630281825,49.140102209810536],[-121.74660065063539,49.14698830006406],[-121.74864339054564,49.151309631480416],[-121.74027331519432,49.15873652038731],[-121.73518607433515,49.16028150386178],[-121.72939366193214,49.16009578897228],[-121.72298597271849,49.159189044268636],[-121.71429898991173,49.159060016342],[-121.70630926506416,49.16124863591309],[-121.70452588228716,49.16781623100417],[-121.6954641145782,49.178156158992316],[-121.69381448044332,49.18124040818007],[-121.68979117865058,49.183639865552486],[-121.68336364992165,49.18576226536542],[-121.676034394357,49.182388914951865],[-121.67300618055103,49.17973495795688],[-121.66618739993702,49.17873743812017],[-121.66440001945217,49.172239729397425],[-121.65763163028736,49.17167837676829],[-121.65348123564122,49.16928390419196],[-121.64551892619559,49.16694830126529],[-121.64164155610504,49.1675204114267],[-121.6355801816398,49.169442161300175],[-121.6318284325314,49.16815996794772],[-121.62597539310687,49.168708370669506],[-121.61999328431885,49.17058370425077],[-121.61841048838924,49.166659111375836],[-121.61176307242646,49.16281029355095],[-121.60765095011963,49.16255285225216],[-121.6010691148286,49.15998322761896],[-121.59642148722203,49.16037514808208],[-121.59002341901714,49.15759343232353],[-121.57897999114641,49.163734346758886],[-121.57141182929485,49.17147861237573],[-121.56291839102526,49.17667545037446],[-121.56129647135926,49.18025527832707],[-121.55811417492563,49.18233031012835],[-121.55706417332955,49.1874782311698],[-121.55758933783501,49.19070645550051],[-121.55587255400476,49.19393965709342],[-121.55614628506484,49.197440084285475],[-121.55066187679716,49.20341320954893],[-121.54872293788121,49.20411210589648],[-121.54332049448523,49.2039760066138],[-121.53228397647099,49.20594973145808],[-121.51842717109574,49.20717516535271],[-121.51326045195569,49.20546973132242],[-121.5119599216299,49.20062389353087],[-121.51588948004148,49.194565903675496],[-121.52144854976515,49.19145726182263],[-121.52318950704198,49.188925336939064],[-121.52208191697575,49.187482125676695],[-121.51315540973562,49.180348269923776],[-121.51199966813854,49.177866264175236],[-121.50512320046782,49.175426401910684],[-121.50155314796318,49.17209954687859],[-121.50264215211432,49.267090712945354],[-121.50194626365109,49.29601774183995],[-121.5255219737028,49.2959914628401],[-121.6076991319417,49.29540724905234],[-121.64677113536041,49.29580353796876],[-121.65786159912518,49.295684215275365],[-121.65929876844281,49.29653712800901]],[[-121.72998728536103,49.2074132361086],[-121.73183389342881,49.20889641763855],[-121.72679638306602,49.21166369563558],[-121.72315758562289,49.21215499928991],[-121.71724561327716,49.211935704164254],[-121.71271811239721,49.213314688634235],[-121.70542174250099,49.20745902404011],[-121.71098555964542,49.20671795613536],[-121.71412081091778,49.205175663892156],[-121.71728321413985,49.20148772786137],[-121.72076110214587,49.20040249255227],[-121.72998728536103,49.2074132361086]]]}},{"type":"Feature","properties":{"shapeName":"Nanaimo A","shapeISO":"","shapeID":"43193130B59100738905686","shapeGroup":"CAN","shapeType":"ADM3"},"geometry":{"type":"Polygon","coordinates":[[[-123.76704166892381,49.05738514874927],[-123.769912588354,49.059458396764896],[-123.76811718819361,49.062034795863774],[-123.77533682083751,49.06503560384658],[-123.77763998505594,49.06699960242035],[-123.77772889842502,49.06998469097205],[-123.78296787843347,49.07316069577534],[-123.78409579775905,49.07787628658553],[-123.78789020622338,49.08234829947811],[-123.79142779909894,49.08522949344872],[-123.79637241171257,49.0912310913513],[-123.79831690999042,49.09032669703232],[-123.80502528367946,49.09521889417797],[-123.8004748947731,49.099272200916694],[-123.80059948771138,49.101033902423836],[-123.8033357849018,49.10254499490007],[-123.80218339336511,49.105053007999516],[-123.80383060812262,49.10771349225517],[-123.80590159269737,49.11383470067028],[-123.80450750789618,49.11990608838157],[-123.80722327987247,49.12516859839787],[-123.80942794694403,49.12688810486476],[-123.81250746347342,49.12606583137027],[-123.82257624803715,49.12683140663526],[-123.85056067613952,49.126806166589915],[-123.85093523850884,49.129980414007036],[-123.86465124326017,49.129738221618915],[-123.86420789705079,49.12475935881617],[-123.8641940022086,49.11917040255672],[-123.8778897901484,49.1195947357608],[-123.87798163539682,49.12294817328109],[-123.88566545023028,49.123105935606304],[-123.88643556289517,49.12313914100764],[-123.88494901483854,49.120967192400705],[-123.87931542356507,49.11889210508961],[-123.8814488438455,49.11376921296344],[-123.88918374129541,49.11470739527732],[-123.8888745459585,49.109783490277344],[-123.91914399532521,49.11001166858715],[-123.91994778400799,49.10201097188336],[-123.92009256598172,49.09780073709618],[-123.91268743068434,49.09720968646855],[-123.91265357137993,49.09412227718097],[-123.90943381431696,49.09404240870622],[-123.90931181166903,49.08267398753841],[-123.89246288484132,49.08255431061946],[-123.89239306968041,49.06939377245658],[-123.89172549328086,49.06535798117204],[-123.89230223721151,49.047334445637865],[-123.8839054147541,49.04676161305182],[-123.88395347272987,49.04294340384563],[-123.87837770393257,49.0431208261697],[-123.87772533721062,49.037032684071576],[-123.86565309554037,49.036440788503285],[-123.86465125031467,49.03794833901005],[-123.86478673109517,49.042762938276],[-123.86759951184602,49.04295574293035],[-123.86738091019186,49.05009928738069],[-123.8647977615311,49.050068496048176],[-123.86445159672961,49.05733387051891],[-123.82367701700306,49.05747369638261],[-123.82264959344597,49.057184076278155],[-123.77319342996414,49.05750368350295],[-123.76704166892381,49.05738514874927]]]}},{"type":"Feature","properties":{"shapeName":"Central Kootenay I","shapeISO":"","shapeID":"43193130B59447521309862","shapeGroup":"CAN","shapeType":"ADM3"},"geometry":{"type":"Polygon","coordinates":[[[-117.51695940988562,49.43592331793975],[-117.5188576214635,49.440047002988656],[-117.52973838971265,49.438567289994445],[-117.53057014218874,49.44041951461323],[-117.5450542196759,49.44073019931997],[-117.5466180821329,49.43985655166407],[-117.56282579154465,49.43984084145517],[-117.56258643517755,49.43555626585276],[-117.57888898951066,49.43568368607559],[-117.58114899210678,49.43536673872196],[-117.58181689501846,49.42182333865051],[-117.60153137428966,49.421989174363425],[-117.60150503766235,49.41842710305419],[-117.6242220690827,49.41877193099986],[-117.64585921739393,49.418791779703746],[-117.65441698573785,49.4179236204553],[-117.66969026560609,49.418262433468584],[-117.69158626888861,49.41814185485573],[-117.69260402979343,49.41813917253116],[-117.6932575615278,49.40350551572281],[-117.69170001170669,49.40349366598829],[-117.69232469875655,49.35308427768016],[-117.67429942977141,49.35293886963421],[-117.67427109426454,49.34883290580339],[-117.66480452035997,49.34845808596279],[-117.65754558353196,49.34857490909236],[-117.6580634260782,49.339279217619286],[-117.65389811684709,49.33917315737137],[-117.65331479116952,49.33447349111181],[-117.65403557191625,49.32857462439984],[-117.65212969275964,49.327990203376096],[-117.64757438289236,49.32422299111132],[-117.65330030732707,49.3159997015357],[-117.64479349143713,49.3149715114924],[-117.63105170132808,49.31675726343544],[-117.62991498676887,49.318878092239245],[-117.62572080816808,49.32100230807467],[-117.62286092097307,49.32364416473436],[-117.62270620858082,49.32522823571751],[-117.61910890410076,49.32789248859328],[-117.61677949298922,49.33103249658695],[-117.61336975838917,49.3310197940181],[-117.60791720610324,49.33448599745256],[-117.60172098776606,49.3351354950532],[-117.59649531407328,49.33767769050696],[-117.59346637906894,49.34017429208035],[-117.58981261761805,49.3415359016436],[-117.57896340233786,49.34850402460897],[-117.55493492583189,49.34870788974414],[-117.55459107731936,49.355822955309016],[-117.54934640609589,49.35617568441027],[-117.54927878293142,49.36296141735377],[-117.54328275944076,49.363096246045224],[-117.54345619718795,49.36998527118474],[-117.53754264849502,49.37038095120723],[-117.53777300752861,49.37722556176106],[-117.53111271163523,49.377544074429096],[-117.5319367015113,49.38436538919891],[-117.52617895260184,49.384602665695816],[-117.52571815989896,49.391724920738035],[-117.51501004840289,49.391973229961195],[-117.51471086136425,49.421641206192945],[-117.51842788837735,49.43346894299964],[-117.51695940988562,49.43592331793975]]]}},{"type":"Feature","properties":{"shapeName":"Skweahm 10","shapeISO":"","shapeID":"43193130B59620495937513","shapeGroup":"CAN","shapeType":"ADM3"},"geometry":{"type":"Polygon","coordinates":[[[-122.07479798349684,49.17903229200376],[-122.08380719809291,49.173101962238675],[-122.09242173367515,49.172395121102866],[-122.09232079404613,49.16329997754046],[-122.08948559993837,49.16336181816917],[-122.08940421978294,49.16881927932724],[-122.0837214949959,49.169146313189394],[-122.0812691911898,49.1708961915803],[-122.0812740078517,49.172675155103725],[-122.07674022446143,49.17294353133163],[-122.07188053021787,49.17482614951097],[-122.07479798349684,49.17903229200376]]]}},{"type":"Feature","properties":{"shapeName":"Southern Gulf Islands","shapeISO":"","shapeID":"43193130B59636065242844","shapeGroup":"CAN","shapeType":"ADM3"},"geometry":{"type":"MultiPolygon","coordinates":[[[[-123.5883892659598,49.00252822122489],[-123.5896624000156,49.00147309225174],[-123.58730859350968,48.99674330521738],[-123.58421452002219,48.995122597624444],[-123.58197559601629,48.990744594621134],[-123.57777970526054,48.98958668382878],[-123.57378620748993,48.98588228230495],[-123.57511611295703,48.983716108512105],[-123.5719755947224,48.98050309392724],[-123.56876802374742,48.980797902579454],[-123.56644139876028,48.9757989051086],[-123.56287939686398,48.972414995638296],[-123.55406828202355,48.96536089521918],[-123.54089720714771,48.95633710360268],[-123.53406769703217,48.95272529041751],[-123.52547750818465,48.947494183890925],[-123.5208651836588,48.9452297007586],[-123.51216180440932,48.94227300185624],[-123.5096061987746,48.943480791662076],[-123.50341460279449,48.94161930386834],[-123.5005241135835,48.941377034967296],[-123.50019312433608,48.93832231042781],[-123.49436041275793,48.93594529380431],[-123.47232449846308,48.92764498614726],[-123.46539930468295,48.92576640686238],[-123.4594376927391,48.923306796516556],[-123.45566848192331,48.922980698663736],[-123.4498783084874,48.91971918653655],[-123.44061570862715,48.9157527981575],[-123.43894992564944,48.915785603722604],[-123.43123060412425,48.91171231208844],[-123.42603340933026,48.91040059455183],[-123.41921918531433,48.906719101313826],[-123.41505041479921,48.905709302460515],[-123.40704061877283,48.900942496089684],[-123.41042401114548,48.89565009589982],[-123.40666809610373,48.8935037956117],[-123.40351898371081,48.8939296992325],[-123.40631109512447,48.896743910522716],[-123.39952508238561,48.89771239746883],[-123.39430770779404,48.893718894010085],[-123.38791510428543,48.89074509952085],[-123.38816701117679,48.8882157086542],[-123.39067687961912,48.88454549534685],[-123.3967906947555,48.88685558749429],[-123.39541958856657,48.882478994151136],[-123.38889608220983,48.8783800986571],[-123.38666381051975,48.87355779926503],[-123.38689919652784,48.87240560114814],[-123.39228090669732,48.871676384220066],[-123.38957501875512,48.86924809561366],[-123.38248130870288,48.8654027064964],[-123.37931501753262,48.86484730527674],[-123.37169598380001,48.86169699891337],[-123.36331398210508,48.86004060305595],[-123.35645408908213,48.85983691269656],[-123.35414419352908,48.85917900370989],[-123.35064109436713,48.861177097746115],[-123.3498956945192,48.86556078660231],[-123.34681141044996,48.86707188637445],[-123.34155769493124,48.866584794313674],[-123.33373151280621,48.864790294708506],[-123.32971570611872,48.86161718728976],[-123.32114319159275,48.862225300673806],[-123.3173331078815,48.86103039063491],[-123.31347990959424,48.86208579892052],[-123.31427869498619,48.86762450811262],[-123.31169458786894,48.86876530166877],[-123.31476347958822,48.8709514968771],[-123.31079258436455,48.87269899340419],[-123.31858530417618,48.87586209932604],[-123.31593942143697,48.87811810028859],[-123.31329199858457,48.87763100972037],[-123.31205050065388,48.879963898784716],[-123.3136006107527,48.88128129564974],[-123.32193020200233,48.88475781103145],[-123.32475451081432,48.88703510483482],[-123.32627930847089,48.884629587660584],[-123.33054531222525,48.886065204168666],[-123.33155390129026,48.88809609467249],[-123.33905221286881,48.89134759958361],[-123.33457489401009,48.89310651401604],[-123.33595778687801,48.8957199059759],[-123.33863700056801,48.8965045993282],[-123.33878918983696,48.89885169562919],[-123.34154969199552,48.89963500868779],[-123.34591289198073,48.905118311514826],[-123.35437099639572,48.906613712073764],[-123.35955578779325,48.90642569464596],[-123.36206130596294,48.90767760117722],[-123.36791369669612,48.909161601404],[-123.38178270307569,48.91156279877577],[-123.39405229645169,48.91665861434453],[-123.40151179978609,48.9191965871275],[-123.40640969346416,48.918981500013096],[-123.41095040567546,48.921735907325626],[-123.41485839635361,48.925418912005384],[-123.42634558478076,48.92939819877897],[-123.44034639618859,48.9362727910019],[-123.45229400154795,48.94082318861816],[-123.46479828610636,48.94472270389273],[-123.46721771016567,48.94644030392645],[-123.47136080947405,48.94698149579597],[-123.4788397026048,48.949288683704694],[-123.48070528304908,48.94866060136203],[-123.48987860055354,48.95096069677721],[-123.49306111639433,48.95235069533536],[-123.49415811745895,48.95422640494052],[-123.5070419862394,48.958533191519436],[-123.50850308009981,48.95996599532291],[-123.514104500532,48.96264918721361],[-123.51936060190563,48.96611569016535],[-123.53530750145299,48.979113094530895],[-123.53792500736536,48.979829389822605],[-123.54711020560306,48.9873705936171],[-123.54910340255027,48.98837750122141],[-123.55470921235982,48.99475508782398],[-123.56558349259547,49.00500230937415],[-123.5699824028463,49.010639305033244],[-123.57355410493406,49.01207919276383],[-123.57866689387389,49.0106408103677],[-123.58418790738139,49.01136983652511],[-123.58242268181343,49.00257808959683],[-123.5883892659598,49.00252822122489]]],[[[-123.19856568641848,48.80894990130123],[-123.20139489713475,48.80840451304896],[-123.20200759574399,48.80497639501917],[-123.19543879388472,48.80356638771962],[-123.17542209135729,48.79654651185357],[-123.17688469954291,48.79402419743515],[-123.20142119840311,48.79800629299414],[-123.20037288412068,48.79467080253626],[-123.19606240283892,48.79220409330744],[-123.2007652004386,48.78701428665081],[-123.20066251296255,48.792159898487526],[-123.20199719982665,48.79535159016662],[-123.20501921296545,48.794968492191515],[-123.2127561912173,48.79606941326738],[-123.21442671192077,48.79191069847279],[-123.21208250029859,48.788055397653125],[-123.20824227982295,48.784526194953536],[-123.2017024093479,48.78316179683711],[-123.20250699694724,48.78004850589989],[-123.20021078662296,48.77747059065583],[-123.20252791221012,48.77524460425637],[-123.20086278432589,48.7739513998992],[-123.19586498715766,48.77293450939771],[-123.18691831184806,48.77209419198387],[-123.18513121799782,48.77046920705367],[-123.1803329960575,48.76845250776565],[-123.17049999692104,48.76657830127777],[-123.16347312476564,48.76459150391388],[-123.1438192914235,48.763682888765494],[-123.13503929947001,48.762846910796796],[-123.13272898051598,48.76315590132798],[-123.13220229363418,48.7654774106692],[-123.13017908907392,48.766576897215444],[-123.1224226115041,48.76697280219156],[-123.10761140637592,48.764954697725784],[-123.09344408703986,48.76430950077848],[-123.09290459261764,48.76623501000805],[-123.08915219579696,48.7680195971265],[-123.08889619755497,48.77010748538942],[-123.09326879099936,48.77163279320646],[-123.09487879855318,48.77385318655084],[-123.09965550870574,48.77377769506046],[-123.10636889589942,48.7751035887303],[-123.10724148641813,48.776469391578814],[-123.11213248819993,48.77788651141414],[-123.10912621298921,48.77963399527115],[-123.09786681627087,48.778430603344376],[-123.09491358431498,48.77769419551413],[-123.08568471020244,48.778232585623385],[-123.08389370285096,48.7809413904876],[-123.07764469488552,48.78064951314182],[-123.07252560260436,48.77982488612913],[-123.06143009976446,48.77945311348383],[-123.0553327972344,48.77975361179727],[-123.04795570645044,48.781231989760364],[-123.04439220538418,48.784382283435],[-123.04994619939377,48.78385819780452],[-123.05796439639539,48.78390810406477],[-123.06285161406656,48.783366891121666],[-123.0721509171989,48.784907893406945],[-123.08108340399382,48.785558706423714],[-123.09930451286598,48.78883730447544],[-123.1089763071621,48.7917255876668],[-123.10896600654091,48.79331781108598],[-123.11466110144077,48.794408792075544],[-123.11825397544682,48.794279193204176],[-123.13089671398099,48.79701929850825],[-123.13290308276284,48.79823130249097],[-123.14090250617583,48.80049729705863],[-123.15536168579472,48.80403208995362],[-123.16365001840516,48.80646749872167],[-123.16664621524248,48.80686770287921],[-123.17323341089383,48.80916209904381],[-123.18894088008348,48.81389619579263],[-123.18851860671137,48.81035138583439],[-123.19227948839706,48.80741319072858],[-123.19856568641848,48.80894990130123]]],[[[-123.32271201617372,48.821820502839],[-123.3244568165776,48.81991780595695],[-123.32441460662379,48.8154115885566],[-123.31851039935935,48.812440697664016],[-123.31819798068611,48.80833039730569],[-123.3227007001832,48.80742749915706],[-123.32742869333285,48.80771090798722],[-123.32543459244782,48.80462180656337],[-123.32204149739462,48.80241000149157],[-123.31101651765009,48.79894060557107],[-123.31071190501608,48.80029069937706],[-123.3058159877967,48.79918838897148],[-123.30233652380998,48.795509703019974],[-123.3060596208958,48.79433900475287],[-123.30967048644895,48.794562598643594],[-123.31698440694835,48.79072858604151],[-123.31743001894621,48.787867406837975],[-123.3119651799039,48.78494060114106],[-123.31153371611964,48.783268594795636],[-123.30772690886307,48.779562783310375],[-123.31357328197734,48.78065369524739],[-123.31467090225927,48.77799759431802],[-123.31862448441463,48.778822205929],[-123.31982691892541,48.77755040353792],[-123.31655010622536,48.773538398981124],[-123.31132279343389,48.77143909866772],[-123.3110194903784,48.768516590715556],[-123.30704341362512,48.76809510683817],[-123.30223447934517,48.76512989425812],[-123.3010007989393,48.76357749961951],[-123.29321891784114,48.76124890193426],[-123.290454715314,48.75871099511417],[-123.27833930914099,48.755267200513856],[-123.27153309438403,48.749436496517795],[-123.26454229421292,48.74707799051039],[-123.25994730473987,48.744991495482324],[-123.24815740790065,48.74049390797578],[-123.24448330430924,48.74020479699351],[-123.2355085007388,48.73773949626041],[-123.23584771302953,48.74050100283666],[-123.24137328799513,48.74397178927619],[-123.24003759930564,48.74622351356158],[-123.25031540131505,48.750474703067916],[-123.25602161250703,48.751514392746095],[-123.26348269530975,48.75518600806267],[-123.26478760371381,48.75767409894747],[-123.2684583120017,48.759816096250475],[-123.26562359454721,48.76135139777996],[-123.25703768714182,48.76398909252213],[-123.26017410661595,48.76557418314445],[-123.25969531629302,48.76755529266902],[-123.27002719673455,48.77040938716793],[-123.27525430381709,48.773132500972245],[-123.2737405904885,48.77793919270006],[-123.2663637140266,48.777839498780274],[-123.26357989310154,48.77407669322262],[-123.25254308161885,48.77139349212594],[-123.24435779798775,48.77010749341758],[-123.24041768627636,48.771591504111825],[-123.2445349790229,48.773281994302025],[-123.24391018861384,48.776405303104525],[-123.25044791394176,48.779719491508935],[-123.25102441398572,48.78356910082751],[-123.25434641033007,48.78912068882662],[-123.25460288733302,48.79112599998628],[-123.259729394216,48.795253305252864],[-123.26304389706894,48.79640690899816],[-123.26655819635734,48.79932228823214],[-123.2721172157694,48.80225899281481],[-123.27585421271588,48.80337558865455],[-123.27895831515123,48.80575119683513],[-123.27779917965917,48.807616895176615],[-123.27953389387955,48.811318398866426],[-123.2857712886102,48.81581889170936],[-123.28956960823851,48.817644703974786],[-123.29517100023844,48.818278510099724],[-123.2998853012289,48.81622478789215],[-123.30270278904219,48.817809890013784],[-123.30327067493474,48.819642893626096],[-123.30667399395948,48.821514301947964],[-123.3115125065707,48.82183328933762],[-123.32271201617372,48.821820502839]]],[[[-123.34343360216299,48.857771796089594],[-123.34152398978036,48.853836691762254],[-123.33551461798642,48.85201949663396],[-123.32613531050241,48.847521796005765],[-123.3208254113114,48.8423547868512],[-123.32174730859174,48.84132650537339],[-123.33348899202002,48.84247159340891],[-123.33253291627577,48.8401358026273],[-123.32376889630352,48.837794489011955],[-123.31861139450528,48.83493039325806],[-123.31958590463866,48.833650007023415],[-123.32449887699293,48.834806493422114],[-123.32759378771064,48.832917994343084],[-123.31534038395685,48.83053100158465],[-123.31390579885093,48.83183979104775],[-123.30753918754888,48.829293293582516],[-123.29918569325993,48.82674260119322],[-123.29479030928341,48.827464691076614],[-123.28917972283578,48.825841103930436],[-123.28655409910361,48.826630101286625],[-123.28040698932081,48.82355091170613],[-123.27812970915842,48.825526284581926],[-123.27335210313375,48.82405370696301],[-123.2664024866119,48.82361070262783],[-123.2640618927053,48.82173649736961],[-123.25944868474764,48.82012709782858],[-123.24505628943807,48.81856759613109],[-123.24229710342875,48.82005728835696],[-123.24092238144657,48.81736129357346],[-123.23756610339755,48.81613510571101],[-123.22889369085698,48.81414689136393],[-123.23280529020529,48.81789111333889],[-123.23021622400087,48.82057720203833],[-123.23083921485528,48.822878692299625],[-123.23922881082218,48.825127500508174],[-123.24478662213987,48.824693105054145],[-123.25342589258756,48.82798591012105],[-123.25151650185093,48.83033730046722],[-123.24647850789391,48.8308970014876],[-123.24713539252788,48.83446749230938],[-123.24523322439087,48.8356054049139],[-123.24864001623335,48.838062205116145],[-123.24898331336442,48.841353592616954],[-123.25128009885651,48.8457216138601],[-123.24898499315982,48.847434911591755],[-123.25104030981227,48.84958978509572],[-123.25736790300002,48.85262618363875],[-123.26519239903858,48.85530649319178],[-123.27321368470203,48.85860780679733],[-123.26976421561423,48.86101760659811],[-123.26637688619905,48.85995508944504],[-123.26238489886723,48.860682907217445],[-123.25705310661284,48.85758238945775],[-123.24738759827187,48.855211109118],[-123.24910250113993,48.857132392554085],[-123.2634356999949,48.863370385727194],[-123.26624079553734,48.8625913925593],[-123.28152251860647,48.86931080023207],[-123.28451348104299,48.872595000762466],[-123.28877449261434,48.873906705683936],[-123.30199887578041,48.86847619593315],[-123.3051112760771,48.86465359579821],[-123.30348587627417,48.861986093768365],[-123.2982927204147,48.85995799807698],[-123.29698938437997,48.858558003745046],[-123.29753542354992,48.854165704884736],[-123.30076170114668,48.85106378536439],[-123.31534709143851,48.85092570401972],[-123.31728820017551,48.85397920315334],[-123.32285459987597,48.854682696308174],[-123.3270900203862,48.85609270416309],[-123.33040101730104,48.855876200809774],[-123.33887850431731,48.85768639095459],[-123.34343360216299,48.857771796089594]]],[[[-123.25758509024112,48.76752401360892],[-123.25561310086358,48.7624181979666],[-123.24729490740602,48.75595079696731],[-123.24250998158644,48.75389999691735],[-123.24005001579881,48.75434569468592],[-123.23402031437654,48.75374760328913],[-123.22978201343193,48.75237889037006],[-123.22894779854184,48.74823299969051],[-123.22755370904277,48.74685159674998],[-123.2297611136149,48.74473228997345],[-123.22533081710597,48.74249210754792],[-123.22060659967939,48.741601899885985],[-123.21786509364533,48.73994269892562],[-123.2140536991689,48.7391138103637],[-123.21159231561764,48.736004793141085],[-123.20792711207523,48.73446519599711],[-123.20751390839092,48.73289998578095],[-123.20273760075342,48.7326920842897],[-123.20151802022247,48.733674798158006],[-123.1942839831477,48.73389410077339],[-123.19015378182834,48.73489109632333],[-123.18733580529002,48.73414900813301],[-123.18309320488856,48.737961602733854],[-123.18175558555629,48.740734598814164],[-123.18886689845037,48.74332239932048],[-123.1865514968405,48.746088210641496],[-123.1806822926914,48.744864801233646],[-123.17656339535675,48.745384602223076],[-123.18876879732342,48.74989939084988],[-123.19039710677299,48.75260388700294],[-123.20024080089019,48.754116495721924],[-123.20601881013384,48.75684949248524],[-123.22347731545199,48.76000270080142],[-123.22630389487698,48.75963670030603],[-123.23232530521709,48.760875795627],[-123.23804870621139,48.762896701494185],[-123.24578349801139,48.7666138878095],[-123.25758509024112,48.76752401360892]]],[[[-123.31468420687038,48.62957079251297],[-123.32984569108294,48.64242849206407],[-123.33046170699149,48.641176591894755],[-123.32948519429073,48.63700508868738],[-123.32785240890381,48.63446289097029],[-123.32704351666159,48.62879879629705],[-123.3275446083569,48.624388097137114],[-123.33326001379773,48.62474129970265],[-123.33417960794915,48.62643040962349],[-123.3387791024829,48.63021308704728],[-123.33950780647953,48.63173128854592],[-123.33647789147197,48.63519501320731],[-123.33997208668457,48.63811740143426],[-123.34174441526675,48.63529609749619],[-123.34036209569146,48.631737005965014],[-123.33681310098875,48.62665540048283],[-123.33456051538737,48.62447640467093],[-123.32554772107488,48.62222609796409],[-123.3210721913833,48.6183166880709],[-123.31713650783954,48.61570889628005],[-123.31180198726253,48.61111868997885],[-123.31055449408066,48.60473399356511],[-123.3090979123144,48.60164339229834],[-123.30641228455414,48.5994016970742],[-123.29858111747069,48.59592240026508],[-123.29614031250728,48.5939313014984],[-123.29561142398695,48.58907480230359],[-123.29111478717924,48.587718991673924],[-123.28892070677715,48.59054029874047],[-123.2849886974069,48.593284786773175],[-123.28009781122448,48.59164119031002],[-123.27775381780405,48.59189049739508],[-123.26959281390748,48.59019139796527],[-123.26934848570743,48.59269229651958],[-123.2723995977984,48.594889806428576],[-123.27073328484512,48.597872096067356],[-123.27143468341785,48.599875993432896],[-123.26837938632683,48.601619199278595],[-123.27584080664592,48.60698989254521],[-123.28157218162282,48.61051199761111],[-123.28712079616686,48.612702400992596],[-123.28872861766486,48.614281902498504],[-123.29616971413513,48.617267002620956],[-123.29843281325373,48.61450830478057],[-123.30365771995248,48.615053798676335],[-123.30869299808656,48.617540509704796],[-123.31139770149935,48.620349001553286],[-123.313264022908,48.62361040424788],[-123.31468420687038,48.62957079251297]]],[[[-123.40425229818298,48.84945160217735],[-123.40178240457168,48.845762898492346],[-123.39452528626438,48.83975129214062],[-123.39995040493129,48.83995779807517],[-123.40303360090377,48.84195308461762],[-123.40641240730515,48.840160091361646],[-123.40103791520202,48.837965398347976],[-123.39913629243303,48.83507558903314],[-123.39363289132162,48.83208048760417],[-123.39527829460022,48.83142819274336],[-123.40315881853911,48.835492895596516],[-123.40333908325731,48.83422400285455],[-123.39776890953104,48.82952120305674],[-123.39544259055519,48.82985309071078],[-123.38989150713866,48.82751449814675],[-123.3860556118913,48.82658309490934],[-123.38330459033293,48.82483839439731],[-123.37938882068975,48.82415910017715],[-123.38085447642692,48.82155419376855],[-123.38649527737144,48.82345979485565],[-123.3904769811455,48.825633094461494],[-123.3977910194972,48.82702030400726],[-123.38603440414064,48.821968583139466],[-123.38754829736004,48.820335086488726],[-123.37726641531812,48.813748100515234],[-123.37188160417045,48.81125570467478],[-123.3657865818558,48.81024029347081],[-123.36975809878604,48.81323249534353],[-123.37140901031034,48.815422993242656],[-123.37860959053451,48.82005880173356],[-123.37601951046072,48.82170519117856],[-123.36977338667428,48.81912449010872],[-123.36721961664587,48.8200501947593],[-123.36165101589182,48.816776003663044],[-123.3593743871351,48.8183126925386],[-123.36559441412801,48.82327610368565],[-123.36500301463268,48.82622840691693],[-123.35740969851994,48.821844695357015],[-123.35356150845097,48.8265432035758],[-123.35275391704707,48.829828795250265],[-123.35809901196774,48.83233119983868],[-123.36165038815349,48.83171739097171],[-123.37128738654556,48.837706104891424],[-123.37776369783275,48.83820611176909],[-123.38197000662383,48.84118829738117],[-123.39033811100774,48.844525289341426],[-123.39378849448643,48.846492095406084],[-123.40032111550508,48.848745196814],[-123.40425229818298,48.84945160217735]]],[[[-123.32297251173682,48.73078930592563],[-123.32572059784323,48.729135797726975],[-123.32822280709797,48.72481049989076],[-123.33352158995953,48.72012628967872],[-123.33214648914404,48.717764894566095],[-123.32506011866519,48.715184297563965],[-123.32403771187136,48.7125253021439],[-123.3206854986768,48.70925099912582],[-123.3108492122773,48.70323229139063],[-123.30568609081601,48.70129400440862],[-123.30132828766058,48.702295194622785],[-123.29601538953801,48.704881490250976],[-123.29677020374571,48.7060308934169],[-123.2916005862273,48.7123957014597],[-123.2905282116726,48.71499769933967],[-123.29333749057115,48.71617839423567],[-123.29494060324426,48.7183701976138],[-123.30100689930379,48.719046690760116],[-123.29991940760746,48.721200107059126],[-123.30540249759528,48.7220489918537],[-123.3049797818007,48.7260979926316],[-123.30896009944696,48.72994620912018],[-123.31916960535915,48.73171788842843],[-123.32297251173682,48.73078930592563]]],[[[-123.3441050062,48.60336098925736],[-123.35197810629312,48.60977848623254],[-123.35707010863953,48.61621308596856],[-123.36104729302237,48.61657910255792],[-123.37069379477387,48.61655780246999],[-123.37742609828214,48.61693950040562],[-123.37316180075126,48.614506889928315],[-123.36825341170028,48.61311968885658],[-123.36188022364618,48.60966740366405],[-123.35565857982043,48.604684097554],[-123.3537124855315,48.60173029138915],[-123.35091639406532,48.59379599409377],[-123.3524764049839,48.5919460092548],[-123.34799780417063,48.589306899855465],[-123.33854718225714,48.593526896302926],[-123.33344520220183,48.597481888301004],[-123.33373969172271,48.60078320330683],[-123.33602689496607,48.604158606543265],[-123.33974571621816,48.606441602233495],[-123.34389548694217,48.60627640462723],[-123.3441050062,48.60336098925736]]],[[[-123.36896667608852,48.735069094829555],[-123.3696210874815,48.73350098994173],[-123.37347588839427,48.73425439157955],[-123.37469587811941,48.73183899446899],[-123.37903718859563,48.73051159666335],[-123.38334419803161,48.7264583028607],[-123.38697190491395,48.726095099796865],[-123.38471139713229,48.721963505431255],[-123.3807458963493,48.71893711483699],[-123.37452000745171,48.71724789853621],[-123.37102490716471,48.71892280266137],[-123.36986870806085,48.72068169209782],[-123.36622550685631,48.72083698850375],[-123.36501920608346,48.72332359133524],[-123.36043039665306,48.72612649893411],[-123.36325380491954,48.72912299391314],[-123.36338061464788,48.73160539363336],[-123.36896667608852,48.735069094829555]]],[[[-123.20849012328618,48.824486601562796],[-123.21003541176744,48.825661607596295],[-123.22696208607262,48.83297069414676],[-123.23346421213623,48.83334379446993],[-123.23143760129503,48.831207484836895],[-123.23367390158636,48.82884609623981],[-123.22233529936243,48.82201279303348],[-123.21575849993512,48.81993060938866],[-123.21373830271621,48.82209248737395],[-123.20882148834814,48.822200795454954],[-123.20364219404858,48.81823439296807],[-123.20401811874942,48.816775999777875],[-123.2081152896795,48.816147891605304],[-123.199519403709,48.81284371227826],[-123.1957161876127,48.81542299129885],[-123.19199879865393,48.81602258856143],[-123.20734039028869,48.823454102338104],[-123.20849012328618,48.824486601562796]]],[[[-123.42833551976383,48.89392970288711],[-123.42507309933677,48.89034349634996],[-123.41840941562735,48.886480991620516],[-123.41145899212759,48.88045239517873],[-123.40418481497962,48.878373001231104],[-123.40120980931309,48.87630509568644],[-123.39701718525765,48.87756119609989],[-123.39987521983856,48.88177969964474],[-123.41665790063746,48.89225480070007],[-123.42265349805444,48.894670192020236],[-123.42833551976383,48.89392970288711]]],[[[-123.37395791074614,48.68913690427245],[-123.38670428778742,48.69115498914253],[-123.38126359745314,48.68678270619263],[-123.38769779847546,48.685898296742764],[-123.38636179586388,48.68003619815634],[-123.38394650399847,48.67874019771747],[-123.37871800720386,48.680593096416544],[-123.37275739695897,48.679173093584325],[-123.37025810478343,48.6829145113622],[-123.36756749722352,48.68307549174382],[-123.36458709350035,48.6859908095805],[-123.36885260631978,48.68783940850328],[-123.37395791074614,48.68913690427245]]],[[[-123.07265271028633,48.79362540136351],[-123.07958611612723,48.79415950157609],[-123.09887250744556,48.797546302239255],[-123.09719419895345,48.79575750143186],[-123.08073919028202,48.79271111106319],[-123.07004887550504,48.79041529594909],[-123.05914229903925,48.79039389586573],[-123.05167090122941,48.792988794378566],[-123.0522449997809,48.79392448521995],[-123.06117552157356,48.79367670018127],[-123.06387599438702,48.79778560699809],[-123.07278160853525,48.79787098824043],[-123.07265271028633,48.79362540136351]]],[[[-123.41745829624644,48.70966970607327],[-123.4239264140181,48.70772139405704],[-123.42477668321771,48.70552239873291],[-123.42385499369009,48.70250309385504],[-123.41898218927814,48.69990249751862],[-123.41540588919935,48.699844099330136],[-123.41196922267603,48.70154750087399],[-123.4088908910589,48.70075841043124],[-123.40737690933128,48.703408893379766],[-123.41246970073092,48.70807748696032],[-123.41242778417099,48.70962420259541],[-123.41745829624644,48.70966970607327]]],[[[-123.57384640743146,48.956492282403914],[-123.57212221656707,48.953955806570235],[-123.567573685164,48.95150479896864],[-123.5604338987071,48.94685189391448],[-123.55870930936857,48.94651010012982],[-123.55380470330651,48.94271879842511],[-123.55371371067201,48.940696393908055],[-123.54753188911465,48.93736949170263],[-123.54278018320198,48.93599799962225],[-123.54200971459774,48.93428319684032],[-123.53612518356306,48.931773802247456],[-123.53483298921131,48.933588197417144],[-123.54494457884701,48.93921669884697],[-123.54799090647235,48.943134711042525],[-123.55700148720838,48.94779610451781],[-123.55896010535326,48.94827178993418],[-123.5681996044494,48.95374080409732],[-123.57384640743146,48.956492282403914]]],[[[-123.28140547871394,48.570712494667134],[-123.28478218148794,48.57099299770282],[-123.28665070848488,48.56802778317957],[-123.28540310477155,48.565629488609694],[-123.2810964863681,48.56384068967391],[-123.28168002018413,48.56143660331483],[-123.27824540594085,48.560465307292034],[-123.27342850280888,48.56189798703955],[-123.2722844986013,48.56862028898651],[-123.27671579636471,48.57087771129073],[-123.28140547871394,48.570712494667134]]],[[[-123.58882060128187,48.962471186338604],[-123.58895827949809,48.96374869483773],[-123.59859629965125,48.968925690348726],[-123.60338599751702,48.97062759631337],[-123.60435278865364,48.96817509686737],[-123.59865267960002,48.96454339716053],[-123.5923484972091,48.95943050606928],[-123.59016090215201,48.959127083969236],[-123.58882060128187,48.962471186338604]]],[[[-123.29784911514375,48.66538390230406],[-123.30030958701127,48.66353389791939],[-123.29955501058431,48.66209540854868],[-123.28140941294491,48.66161119303433],[-123.28207048863051,48.663516812048556],[-123.28726502220898,48.66443970150572],[-123.29266941150806,48.66447959899333],[-123.29784911514375,48.66538390230406]]],[[[-123.32714748588022,48.894243005148674],[-123.32632431782551,48.89156549530771],[-123.32159461439284,48.887727190313804],[-123.31602440572436,48.889318095893586],[-123.31908910564476,48.89058700202846],[-123.32292050641868,48.89444379638942],[-123.32714748588022,48.894243005148674]]],[[[-123.32430030609088,48.675118382340635],[-123.32553067916895,48.672272799411985],[-123.32263148254262,48.67129009229536],[-123.3198176924433,48.66880630731391],[-123.31559530103266,48.66893589761816],[-123.32097929768133,48.67407449242125],[-123.32430030609088,48.675118382340635]]],[[[-123.23953550114034,48.83218020369028],[-123.23996877859965,48.834644097714914],[-123.24299228875705,48.83424249332282],[-123.2416463162461,48.83194239660764],[-123.24430828524446,48.830029693394934],[-123.23852727743191,48.82656029495704],[-123.23449748493272,48.827161298914184],[-123.23989742471441,48.83080300463878],[-123.23953550114034,48.83218020369028]]],[[[-123.58536790221626,48.96177900895235],[-123.58901522179765,48.959276703326864],[-123.5860664892395,48.95720589195439],[-123.58099719380886,48.95706911457999],[-123.5779351107377,48.958083203146856],[-123.58536790221626,48.96177900895235]]],[[[-123.33860518027238,48.66529849490497],[-123.34112010538743,48.6635823083879],[-123.33642231655558,48.66168810239961],[-123.33062699107442,48.658024995573264],[-123.32877601302188,48.65934390247919],[-123.33860518027238,48.66529849490497]]],[[[-123.60722119975186,48.986061791999006],[-123.6073087926675,48.98312930044652],[-123.6048774937288,48.980973089569076],[-123.60099110421743,48.979500393912446],[-123.60256209287495,48.98394539752674],[-123.60722119975186,48.986061791999006]]],[[[-123.32142599080417,48.680326697632566],[-123.32298680125591,48.67780300076154],[-123.31711391237748,48.6751925008774],[-123.31514888874007,48.677995293510776],[-123.31719681474543,48.6794564927887],[-123.32142599080417,48.680326697632566]]],[[[-123.39246868554046,48.68637680082362],[-123.39599911261013,48.68766000909135],[-123.39526449555211,48.68404540647737],[-123.39126670968996,48.68190900682429],[-123.38962639440466,48.68236479522024],[-123.39246868554046,48.68637680082362]]],[[[-123.62440660732472,48.98083348296765],[-123.62441190180995,48.97907889254391],[-123.6184418171098,48.97599969777473],[-123.61778398595798,48.9779822085581],[-123.62440660732472,48.98083348296765]]],[[[-123.44844451591045,48.90291209913304],[-123.4458302080239,48.90043970794356],[-123.44224160023691,48.89902259315276],[-123.44088848858593,48.90035999929125],[-123.44791928700576,48.903742506792405],[-123.44844451591045,48.90291209913304]]],[[[-123.39148828355387,48.678958099679505],[-123.39323359111351,48.68147039080876],[-123.3955410977971,48.67965449051097],[-123.39148828355387,48.678958099679505]]]]}},{"type":"Feature","properties":{"shapeName":"Pavilion 1","shapeISO":"","shapeID":"43193130B59638012848888","shapeGroup":"CAN","shapeType":"ADM3"},"geometry":{"type":"Polygon","coordinates":[[[-121.8644159166526,50.87885098952232],[-121.86734748745587,50.87244990871029],[-121.87152559630258,50.86687839139806],[-121.86867698997597,50.86707490701802],[-121.85698201025589,50.864739193577996],[-121.85483350503412,50.86603239283216],[-121.85065209926736,50.8667274098927],[-121.84331652245082,50.86912010517566],[-121.83755089639678,50.86952170639867],[-121.83263078285651,50.87138739935225],[-121.83358000015583,50.87655870496861],[-121.83224770483574,50.87931600373963],[-121.82512959012956,50.883704002460256],[-121.82126415898044,50.884062502054476],[-121.8213227472978,50.881436842207],[-121.81477555514438,50.881342179231325],[-121.81648625235918,50.89596118980904],[-121.81646865174133,50.89802507179009],[-121.86612772092774,50.89740447137289],[-121.86157249606578,50.89244150897937],[-121.86045199629497,50.888312701785885],[-121.8634084019894,50.88027310798487],[-121.8644159166526,50.87885098952232]]]}},{"type":"Feature","properties":{"shapeName":"Pashilqua 2","shapeISO":"","shapeID":"43193130B59767074949504","shapeGroup":"CAN","shapeType":"ADM3"},"geometry":{"type":"Polygon","coordinates":[[[-121.92283192968681,50.654308511568566],[-121.92380477330538,50.643058753774355],[-121.89874050644538,50.64312998878873],[-121.89871823706638,50.64589068290311],[-121.89265969510046,50.64630991785656],[-121.89276207243945,50.6483170824273],[-121.89569478905824,50.6495640065076],[-121.90858349637347,50.65795820570362],[-121.9141871967618,50.65919870652282],[-121.918582988254,50.661218295839454],[-121.91900889813704,50.66363231350791],[-121.92144293942219,50.6653673671529],[-121.92361021350348,50.66388091216201],[-121.92283192968681,50.654308511568566]]]}},{"type":"Feature","properties":{"shapeName":"Bridge River 1","shapeISO":"","shapeID":"43193130B59865718125599","shapeGroup":"CAN","shapeType":"ADM3"},"geometry":{"type":"Polygon","coordinates":[[[-122.14906263301627,50.832664815359514],[-122.13740581203882,50.832355692038455],[-122.13706244127913,50.80928417522977],[-122.10274340880792,50.80867939437729],[-122.10257401904599,50.80513596462712],[-122.06566513662871,50.804922774487174],[-122.06543648119808,50.808474170997506],[-122.0430018633241,50.80817472226494],[-122.04361099331338,50.79370112085911],[-122.02428090389483,50.793617098294966],[-122.02435423956695,50.779196934369836],[-121.99049856003818,50.778930669347105],[-121.99094148344942,50.761566446851944],[-121.97641899734488,50.761631635686406],[-121.9768775794887,50.74311975166873],[-121.93430785193947,50.74293462982543],[-121.93163258293717,50.74704399429947],[-121.93098070034847,50.75257701106883],[-121.93256817841909,50.755065097670816],[-121.93135760391795,50.75778818652803],[-121.92727971023041,50.762562192867904],[-121.91922107537202,50.76579649654899],[-121.91465529763929,50.76579938578614],[-121.90339978605806,50.76364903051296],[-121.90309436174674,50.76724893546029],[-121.92069813944059,50.771255111497496],[-121.92845659756752,50.77001224075388],[-121.92610329113414,50.76742505441384],[-121.9293698511863,50.765644650364386],[-121.93335997434652,50.76143392653205],[-121.93681364303932,50.756190127325965],[-121.94681151486978,50.756941643534304],[-121.95129967370877,50.75935139108111],[-121.95526885912709,50.76307903977905],[-121.96113609858952,50.770542490723244],[-121.96977726917811,50.787773406849716],[-121.98956537431093,50.796610131500735],[-122.00478815516979,50.802198385333924],[-122.0139290684622,50.80124557083279],[-122.020948511515,50.805801602782935],[-122.02310410119681,50.82621519650876],[-122.03336754718646,50.8225076684281],[-122.03674984921264,50.819488624016245],[-122.04679232504081,50.8191905434891],[-122.05268947948063,50.81720052978442],[-122.05644955780694,50.813831991237606],[-122.06927627974325,50.81294441437001],[-122.07587216732496,50.816110274750294],[-122.08080125633116,50.81979553408101],[-122.08927928448597,50.822115555008196],[-122.10227897637287,50.82518701884781],[-122.10744450473355,50.82845344017426],[-122.10996106380183,50.835330778195726],[-122.12210900815367,50.842805558660416],[-122.13181283899607,50.844634680696714],[-122.13434635280623,50.84879794062105],[-122.14005185180852,50.85268580184104],[-122.14297018754591,50.85359910502432],[-122.14696744626403,50.85195372620296],[-122.14906263301627,50.832664815359514]]]}},{"type":"Feature","properties":{"shapeName":"Skway 5","shapeISO":"","shapeID":"43193130B59906770724970","shapeGroup":"CAN","shapeType":"ADM3"},"geometry":{"type":"Polygon","coordinates":[[[-122.00626155494709,49.165147145797235],[-121.99492858181843,49.16380879733863],[-121.99226068042341,49.16170799919831],[-121.993446602822,49.15918439970755],[-121.9905264937067,49.158042206131924],[-121.9850583748756,49.15962373980312],[-121.9841016634243,49.16277180366535],[-121.98709761984232,49.16763373962373],[-121.98841057414779,49.171663723870736],[-121.98517672205018,49.17663820843108],[-121.98727848696844,49.179062736659965],[-121.9963579394333,49.179797800245154],[-122.00213006585048,49.178405979476864],[-122.00703079181635,49.174170930118684],[-122.00960762703986,49.1702811681108],[-122.00672204787274,49.16777406573489],[-122.00626155494709,49.165147145797235]]]}},{"type":"Feature","properties":{"shapeName":"Squamish","shapeISO":"","shapeID":"43193130B59970381375116","shapeGroup":"CAN","shapeType":"ADM3"},"geometry":{"type":"Polygon","coordinates":[[[-123.21776480060956,49.63874549671511],[-123.2090651380544,49.63876365148488],[-123.20256868307892,49.639489634399894],[-123.20327232929772,49.64630202963382],[-123.20134147894164,49.64905451617633],[-123.18924367687545,49.649325630238536],[-123.18915051383225,49.65309782789338],[-123.1808506259142,49.65322332555479],[-123.18053404686401,49.657276221355225],[-123.16794257587411,49.657217730348],[-123.1675297239489,49.6619600434856],[-123.1566662838559,49.66173400720362],[-123.15615975646509,49.673681357983206],[-123.15044744884848,49.67359376543276],[-123.1504202493429,49.68130813206379],[-123.12995175060959,49.68127237043609],[-123.13003216724506,49.69400959007459],[-123.12794093459851,49.695672792891],[-123.10840761484194,49.695586679011704],[-123.10895609358761,49.70259647540271],[-123.09148753043459,49.70331461440756],[-123.0911557015142,49.708916035719206],[-123.07122404351001,49.70889062027363],[-123.04717601795075,49.70911104516737],[-123.0154719864394,49.70907364604494],[-123.01640122138473,49.727453926375446],[-123.06462926941762,49.72711462725215],[-123.0900206131282,49.726700739134614],[-123.08966696378906,49.74221694780324],[-123.09860965182914,49.74271924635259],[-123.09829916350864,49.74998032323863],[-123.09324210656466,49.750032885633026],[-123.09303882644927,49.76370984983532],[-123.08920014271678,49.76380299477761],[-123.08938016334135,49.77890817468529],[-123.10145950126368,49.77873656215795],[-123.10217563781197,49.7864445079448],[-123.10909954206224,49.78657879794479],[-123.10953983341419,49.79253214936745],[-123.11749078285744,49.79231169696514],[-123.11861715865665,49.818093953295964],[-123.12672277929055,49.818344992435655],[-123.12689074638511,49.828076867698684],[-123.13132566820843,49.82830746971],[-123.13133927596559,49.839753275981835],[-123.14201389569496,49.8397549457266],[-123.14221234029077,49.84752042714944],[-123.14702696977781,49.84747902522171],[-123.1471255981702,49.85679270159977],[-123.15059500801442,49.85698398666859],[-123.1502352202426,49.87420956955421],[-123.16874952062524,49.87388410192711],[-123.17573221212007,49.874340937873505],[-123.17603338721672,49.87270900585856],[-123.18824711041563,49.87337222206927],[-123.18084544035383,49.86154832961151],[-123.16054126974136,49.831133866436964],[-123.16236240192899,49.810748700845444],[-123.1551482528872,49.809604291422644],[-123.14670396862827,49.80967935445916],[-123.14743729436292,49.805255599767754],[-123.1507669534591,49.8027018431412],[-123.16137827517139,49.79780129435031],[-123.16563348813548,49.796255945574735],[-123.16863979724344,49.79428539638634],[-123.17848270363876,49.79290630277872],[-123.18814638998244,49.78889470679007],[-123.19192981554481,49.79330929921345],[-123.19393041140476,49.79403404864712],[-123.19569785221645,49.79007084680524],[-123.18483983180013,49.7787827839884],[-123.18469876045395,49.77190759641451],[-123.17854758530363,49.77167940414436],[-123.1784882166292,49.76461727935077],[-123.15999172209132,49.753105326711754],[-123.15984580946483,49.74830893982142],[-123.16557377542951,49.74840773501425],[-123.16595037252124,49.74215326876982],[-123.1678275587012,49.74215344816977],[-123.16871171912992,49.730637284440014],[-123.17272370008449,49.72617928854044],[-123.17655306424288,49.726218892918105],[-123.1769154737185,49.718851157943604],[-123.18886842380479,49.71877011545958],[-123.18984218706952,49.703332463332735],[-123.194583772638,49.70324712156883],[-123.19444076580642,49.69656520941578],[-123.19958416072299,49.696427291444124],[-123.1999995125951,49.68935569674492],[-123.19616451333088,49.68934547128675],[-123.19615907666875,49.68388141735421],[-123.21030159873999,49.6812251354737],[-123.24287979312892,49.67061405395767],[-123.25145379712164,49.67057940025254],[-123.25103144138086,49.67579780909717],[-123.25656673948988,49.67597080810067],[-123.25701461486602,49.6687572702448],[-123.25974261456768,49.66865274270978],[-123.25989376635839,49.65424415915551],[-123.259088670524,49.65274793452641],[-123.25754710212775,49.65596290952658],[-123.25931549785584,49.66017710566285],[-123.25616489105501,49.664375701058596],[-123.25153861309761,49.66491538973049],[-123.24969389062586,49.66747469979775],[-123.24443489440678,49.66886190562184],[-123.23986138437,49.66889899990586],[-123.2319654033153,49.67231418464085],[-123.22944331450503,49.67224729147062],[-123.22301060045635,49.67482368726275],[-123.2186396043567,49.67717929132873],[-123.21185259489758,49.677948406830374],[-123.20619598686797,49.68113290524741],[-123.19999069739247,49.682295096605024],[-123.19440610263776,49.68242180151414],[-123.19020088408392,49.68160999262296],[-123.1872234044861,49.682307897173594],[-123.18329880791548,49.685237486879714],[-123.1783911183556,49.685488104837496],[-123.17098110526057,49.68351130231857],[-123.1680243080994,49.68645659207483],[-123.16434528217943,49.68481589355315],[-123.16221138310024,49.68519620377033],[-123.15366331572623,49.69241308723923],[-123.14479859774572,49.692490012607095],[-123.14581367555827,49.68971659520491],[-123.15131168875686,49.68866559677302],[-123.15405891774962,49.68908429662105],[-123.15596701561427,49.6873096965184],[-123.15702199259522,49.67953780387464],[-123.16082100674389,49.67532209753654],[-123.16765460634741,49.671670484281165],[-123.1665531053613,49.66975628309305],[-123.16900340305078,49.66878069905482],[-123.16922999414821,49.666352502276425],[-123.17484728806551,49.66345560673111],[-123.17796870396917,49.660689793627014],[-123.18192539752175,49.659127501817224],[-123.185707103065,49.659013510663705],[-123.18986980547055,49.656919897736266],[-123.19955311046128,49.656724802772324],[-123.20553101092467,49.657982402297435],[-123.21172220515564,49.65751240224595],[-123.21456731507418,49.65545579283647],[-123.21967540837811,49.65471810327494],[-123.22020838737683,49.649860093984714],[-123.22490499019112,49.64709000175119],[-123.21776480060956,49.63874549671511]],[[-123.13887159197701,49.73933818484509],[-123.14273616428947,49.741970683779826],[-123.14337252593731,49.745804619187304],[-123.13830870845935,49.74566187613012],[-123.13700768764495,49.73940608567623],[-123.13887159197701,49.73933818484509]],[[-123.15858109816496,49.76702024497878],[-123.15939127805858,49.76859291875118],[-123.16420381502515,49.770917688114835],[-123.1607537711165,49.771846933364344],[-123.16055025438513,49.76966265266675],[-123.15785477511551,49.769550012807585],[-123.15858109816496,49.76702024497878]],[[-123.14245729058467,49.755817004608886],[-123.14122363959059,49.75579611842307],[-123.14131266017957,49.75315219932907],[-123.14240922245658,49.75434580358029],[-123.14245729058467,49.755817004608886]],[[-123.16063172263569,49.72513955494222],[-123.16388351580031,49.72585972155215],[-123.16212077704422,49.72651249400086],[-123.16012202573272,49.7260905603814],[-123.16063172263569,49.72513955494222]]]}},{"type":"Feature","properties":{"shapeName":"Upper Sumas 6","shapeISO":"","shapeID":"43193130B59971761545057","shapeGroup":"CAN","shapeType":"ADM3"},"geometry":{"type":"Polygon","coordinates":[[[-122.19219952489068,49.0405874577078],[-122.18994054194211,49.04051691381215],[-122.19000815895266,49.0458113504212],[-122.18479942086418,49.045879667477244],[-122.18296986674093,49.047629827106896],[-122.18289554378778,49.05754769590001],[-122.1915635101265,49.05775100637515],[-122.1915042399318,49.060795736186634],[-122.20728056753433,49.0604238248316],[-122.20624192385681,49.05339615408699],[-122.19675770939655,49.04428741420987],[-122.19446824745614,49.04432217526394],[-122.1943770441565,49.0407613603946],[-122.19219952489068,49.0405874577078]]]}},{"type":"Feature","properties":{"shapeName":"Fountain 10","shapeISO":"","shapeID":"43193130B60280026947445","shapeGroup":"CAN","shapeType":"ADM3"},"geometry":{"type":"Polygon","coordinates":[[[-121.9159182079184,50.75860191800971],[-121.91577887976872,50.76467369524216],[-121.9184807914541,50.764702689584006],[-121.9258187975125,50.761982493241916],[-121.9314992825361,50.75530720359454],[-121.93036820018277,50.752593969294075],[-121.92267024786632,50.755128925850045],[-121.91343753847286,50.75495658434757],[-121.91315592315664,50.758782087900755],[-121.9159182079184,50.75860191800971]]]}},{"type":"Feature","properties":{"shapeName":"Masset","shapeISO":"","shapeID":"43193130B60539484812636","shapeGroup":"CAN","shapeType":"ADM3"},"geometry":{"type":"Polygon","coordinates":[[[-132.02688424438952,54.02919429270411],[-132.03303691722465,54.0296329023938],[-132.0490749064777,54.030063093765264],[-132.05516481226553,54.030977392395286],[-132.0564136895317,54.03232039390907],[-132.06217541961027,54.032065506472144],[-132.07112478536646,54.03248280296081],[-132.081377887187,54.03176930099982],[-132.08982310307945,54.03156990311913],[-132.10072360683796,54.0323105077153],[-132.10933988678133,54.03140319684047],[-132.11518030121405,54.03129069880786],[-132.12568490521892,54.03245148382887],[-132.13045568451986,54.033716191801155],[-132.14761789959798,54.03602199913722],[-132.15929830680474,54.038987802425545],[-132.16333332408945,54.02424879364776],[-132.16056508487048,54.02193187065743],[-132.15670159567725,54.01886591458609],[-132.15369409491055,54.01394810277559],[-132.14876589036362,54.00942630987084],[-132.1451580008939,54.00795509669963],[-132.13969019171287,54.00978519823464],[-132.13718928989147,54.01417599418764],[-132.14150732622215,54.02024030073266],[-132.13787819476778,54.02014488678255],[-132.1344359970644,54.016259604018266],[-132.133407587706,54.01323180999188],[-132.14291890024958,54.00165288432025],[-132.14322414872652,53.99997850941774],[-132.10443751592194,54.000030263647936],[-132.10441282271694,54.008446684264854],[-132.103145083826,54.00834318698629],[-132.10282757626948,54.01414533784134],[-132.09495694315433,54.01382093836439],[-132.09432425061598,54.015005273041595],[-132.02783155758007,54.01605720476258],[-132.02688424438952,54.02919429270411]]]}},{"type":"Feature","properties":{"shapeName":"Sidney","shapeISO":"","shapeID":"43193130B60580601147612","shapeGroup":"CAN","shapeType":"ADM3"},"geometry":{"type":"Polygon","coordinates":[[[-123.40514338447,48.635407219285824],[-123.3981334897184,48.642897111756184],[-123.39361120482172,48.646177010999295],[-123.393594599072,48.64926328806484],[-123.39712450798558,48.65290359770953],[-123.39416959626493,48.656979701999944],[-123.39523557645654,48.65775869620736],[-123.39252050935703,48.66140330809097],[-123.39430720613665,48.6623417847465],[-123.39718239056647,48.66025389669636],[-123.40034531262184,48.660161406363464],[-123.40378001612304,48.663334504881625],[-123.40240030912231,48.66578559632508],[-123.39919398893174,48.66559901090113],[-123.39756458550744,48.66730519690083],[-123.40137678963937,48.6685598911993],[-123.40693079975345,48.66678681045137],[-123.41086988677893,48.66669139125644],[-123.41407181303835,48.66920586429425],[-123.41758255990074,48.669022335883135],[-123.41678799710873,48.66615387315852],[-123.41689662899599,48.64582081384918],[-123.41662099648968,48.643145487737094],[-123.4179993604,48.63840304547117],[-123.4170941591908,48.63538806601878],[-123.40514338447,48.635407219285824]]]}},{"type":"Feature","properties":{"shapeName":"Harris 3","shapeISO":"","shapeID":"43193130B60988797212993","shapeGroup":"CAN","shapeType":"ADM3"},"geometry":{"type":"Polygon","coordinates":[[[-119.2287313082443,50.38487886947136],[-119.22873151889728,50.390612121426265],[-119.23825325701584,50.3905824255754],[-119.23859705308759,50.38396992432119],[-119.22868038933598,50.383983853000025],[-119.2287313082443,50.38487886947136]]]}},{"type":"Feature","properties":{"shapeName":"Central Saanich","shapeISO":"","shapeID":"43193130B61460876411277","shapeGroup":"CAN","shapeType":"ADM3"},"geometry":{"type":"MultiPolygon","coordinates":[[[[-123.39846918637214,48.61214359544595],[-123.40443268491812,48.61188409818944],[-123.42417533701692,48.61217877462803],[-123.4437961981506,48.61154819644696],[-123.44819970400691,48.61204017415688],[-123.45919523948743,48.61190975874835],[-123.46643038676991,48.61230041182727],[-123.47520929805758,48.61227030066409],[-123.47824198466934,48.61267249831633],[-123.47987390734544,48.610603186388026],[-123.47968958029792,48.605394795464335],[-123.4808085008004,48.603204389370894],[-123.4751282047772,48.5991609869162],[-123.48057650702916,48.59867110313746],[-123.4707511051756,48.59374619360099],[-123.4658554302332,48.590503418150355],[-123.46197948649018,48.59070844415164],[-123.44370748973199,48.59071272401665],[-123.44435998387071,48.58142818204754],[-123.44120403060822,48.579714233289266],[-123.46987331790739,48.57975585277799],[-123.46524410565624,48.57736780330382],[-123.46603109073021,48.57597919450373],[-123.46247929159219,48.57302538844594],[-123.46529880677994,48.571528489345546],[-123.47100378705349,48.57002169590413],[-123.47387410986043,48.56806630979501],[-123.47507158413897,48.56561520172692],[-123.47491031393604,48.56292489969272],[-123.47219909797724,48.56139809592821],[-123.46935069245849,48.561211609152686],[-123.46431649330708,48.55910938839605],[-123.45837528930164,48.5588964357581],[-123.45167679465796,48.55802822669123],[-123.44418306859679,48.55810615518549],[-123.44416920121061,48.55449119759147],[-123.42982970650269,48.5544846427774],[-123.4298309417859,48.5504854120816],[-123.40076971602195,48.550676874278636],[-123.39668475510442,48.5504678085357],[-123.37630606152302,48.55069093140451],[-123.36535248506402,48.55034443908706],[-123.36200998030114,48.5574971983004],[-123.36720499476657,48.559991007662994],[-123.3679225135327,48.56736560792304],[-123.36636288796512,48.571212408232206],[-123.36721341757737,48.57630960213686],[-123.37021191411895,48.58022330158252],[-123.37125292987007,48.582833149105],[-123.38977990431052,48.58307949770705],[-123.39622860184745,48.58290762484702],[-123.39965825212249,48.58121200365123],[-123.4034657957136,48.58193168935415],[-123.403470752518,48.59412546631609],[-123.39263884142038,48.59389912707471],[-123.38876220134519,48.598333595957044],[-123.39314548856332,48.60036169029004],[-123.39546510521888,48.60909779026751],[-123.39846918637214,48.61214359544595]]],[[[-123.37180109880539,48.59369349524171],[-123.36991139703588,48.59661461344776],[-123.37215818350779,48.597930503309335],[-123.37466931131368,48.59400308855361],[-123.37180109880539,48.59369349524171]]]]}},{"type":"Feature","properties":{"shapeName":"Nanaimo E","shapeISO":"","shapeID":"43193130B61584153425493","shapeGroup":"CAN","shapeType":"ADM3"},"geometry":{"type":"MultiPolygon","coordinates":[[[[-124.1432262807951,49.252090661457416],[-124.14887971519586,49.25342009240211],[-124.15634228609619,49.25347129665281],[-124.15946369966908,49.25296429003608],[-124.16917349334182,49.25330611436273],[-124.18329988018537,49.25785789738574],[-124.18884640335637,49.26158930657735],[-124.18880499751316,49.26447621294344],[-124.19112170295028,49.264741100587365],[-124.19175789014754,49.26888979397931],[-124.18416740579742,49.268868409539024],[-124.18156340932968,49.26973290388522],[-124.17566470238765,49.26970300405907],[-124.17230341498491,49.27284059600511],[-124.16560051360443,49.27020010448591],[-124.15260160044554,49.26804530900089],[-124.15107428469993,49.26678339735981],[-124.14588829360284,49.26546740733706],[-124.13879410759995,49.2659701907431],[-124.13217630866883,49.2651441001737],[-124.12414260002154,49.26550160357922],[-124.12171210070953,49.266199499824],[-124.12078739017785,49.26846679758733],[-124.11011991192812,49.269640390420946],[-124.11029290413933,49.27185220855428],[-124.11460911782868,49.2712426003052],[-124.1183573086097,49.27161149617111],[-124.11729160924973,49.27618320354652],[-124.12014151443185,49.27634409797004],[-124.12016462628388,49.279176904056136],[-124.12512690031868,49.2797493922948],[-124.12967219062577,49.28370020708946],[-124.13294779877891,49.285637097616465],[-124.13675621025396,49.28556448756864],[-124.13613069816745,49.288313203105346],[-124.13718800050417,49.28997660802652],[-124.14137351090987,49.29020449674963],[-124.14549540538371,49.29307001153112],[-124.15190688416251,49.29255589688858],[-124.15423108722854,49.290761410050905],[-124.15709970045383,49.29054351237412],[-124.16187050121957,49.294004291750944],[-124.16479330157561,49.293659699802255],[-124.16678858189906,49.2949527975596],[-124.16883291433327,49.30050869870266],[-124.17213309177549,49.301007196437986],[-124.17428251448594,49.30408770091963],[-124.17966429428887,49.30597620483723],[-124.17794060079859,49.30750579240472],[-124.17954979719963,49.309216286138984],[-124.18972421650983,49.31178269832036],[-124.18708849444091,49.306943308754434],[-124.19001868883647,49.30630239278378],[-124.19369109588308,49.303996602069496],[-124.1976430867603,49.305305401331104],[-124.20117269891878,49.309613712734354],[-124.20680381083854,49.312073294219125],[-124.21011240968154,49.3145584923866],[-124.21387180388074,49.313591491611696],[-124.21183518465213,49.310752998911994],[-124.20450508903238,49.30574690838798],[-124.2030042957004,49.302938402346804],[-124.19894899140958,49.30187450535458],[-124.19761089689125,49.2972286941557],[-124.1988808876388,49.29508239567267],[-124.20463358712705,49.29358420422418],[-124.20807350640666,49.294222201243144],[-124.20983089805142,49.29576890934495],[-124.20934341716634,49.29772719302685],[-124.21279468107396,49.299903391688886],[-124.21298439102729,49.301538393410205],[-124.21890010828159,49.303203285541535],[-124.21964190965613,49.30091030454049],[-124.22384530981633,49.30066820137007],[-124.22620801324429,49.3038996953212],[-124.23768960545611,49.31088399503534],[-124.23753672027918,49.30807840614316],[-124.24040169854139,49.30547488551465],[-124.24843179213867,49.30453932672714],[-124.24813739386073,49.30303281108728],[-124.24408686589668,49.30328066942715],[-124.24431434822465,49.29865755617517],[-124.24514934855392,49.295680903133295],[-124.2337433944103,49.29571669668231],[-124.23408014861783,49.29342359502045],[-124.25527358972285,49.292993814571496],[-124.25380871378212,49.28972659825164],[-124.26130239903665,49.28957113023281],[-124.2613837039913,49.28719987574289],[-124.26979038965122,49.287134421053075],[-124.2717210637576,49.286683813660225],[-124.27125959866193,49.276764805833515],[-124.26186533524583,49.27673204236904],[-124.26194365812101,49.27317840287372],[-124.2669093436791,49.273148632741126],[-124.26650666963539,49.267728994924646],[-124.25464555679918,49.267848883547494],[-124.25123841160911,49.265555601904914],[-124.25387756623623,49.26005309612666],[-124.23638472061612,49.25986281843412],[-124.23627130020125,49.25282000755925],[-124.23442103874318,49.25285753022864],[-124.23423695674343,49.247126463398295],[-124.22495540498245,49.24697195976167],[-124.22514957102095,49.238842904281434],[-124.21969048195203,49.23872006517333],[-124.21982313881927,49.23135309804629],[-124.2266674010639,49.23144467653663],[-124.22690660668222,49.22409021305918],[-124.21311893898383,49.223676879966],[-124.21288180993275,49.23312059247291],[-124.20379017696864,49.23324771375481],[-124.20347410713015,49.22507301248666],[-124.19652511332264,49.22445126059405],[-124.19652853288615,49.218095513165615],[-124.1914781475385,49.21794276177125],[-124.19145736733806,49.21366995970335],[-124.18455481558561,49.21352975295367],[-124.184491984754,49.20566569108451],[-124.18079658169324,49.20579431270533],[-124.17769266963187,49.20038404269081],[-124.1588557740198,49.20036908131362],[-124.15842360817967,49.202967427588426],[-124.13540407447071,49.202904171532175],[-124.12789195133621,49.20288354277848],[-124.12728190994099,49.213234136325845],[-124.12175363864434,49.213068844399345],[-124.12166540025426,49.22113668999812],[-124.13240094553444,49.22160543047779],[-124.13230773956587,49.228515476873966],[-124.13513798212249,49.228661537675364],[-124.13503001152074,49.23138809516726],[-124.1372295984722,49.23153835739429],[-124.13630364042048,49.24066971473398],[-124.13694929016275,49.245165558791896],[-124.14850953451725,49.24641832183155],[-124.14875277603846,49.25184475562589],[-124.1432262807951,49.252090661457416]]],[[[-124.16165339245254,49.350838814406075],[-124.16264150674836,49.349578390621964],[-124.16214331513677,49.34478020693317],[-124.15941089828524,49.342747887612546],[-124.15278299824972,49.34427179094965],[-124.15283410092063,49.34643799702299],[-124.16165339245254,49.350838814406075]]],[[[-124.15440578504325,49.340027603597456],[-124.15586241418052,49.338798503145206],[-124.15472689468463,49.33667789223774],[-124.1496825086043,49.334695401974756],[-124.14449018324349,49.335744997503596],[-124.14267728244332,49.33830009363685],[-124.14547600241517,49.340232683584546],[-124.1475528996321,49.33838549000171],[-124.15040599882063,49.33795260661442],[-124.15440578504325,49.340027603597456]]],[[[-124.16561310457831,49.312756891871935],[-124.1645966141011,49.31101360643386],[-124.16120439724914,49.30952821224148],[-124.1594539920192,49.31053510673519],[-124.16078741190832,49.312896508597525],[-124.16561310457831,49.312756891871935]]],[[[-124.07909238944185,49.29163159993222],[-124.07482989790486,49.2878574115856],[-124.07423159019899,49.29013760084531],[-124.07909238944185,49.29163159993222]]]]}},{"type":"Feature","properties":{"shapeName":"Musqueam 4","shapeISO":"","shapeID":"43193130B62106964176677","shapeGroup":"CAN","shapeType":"ADM3"},"geometry":{"type":"Polygon","coordinates":[[[-123.13055820504651,49.06397231074764],[-123.11958424031616,49.06364656134947],[-123.1193999986407,49.06956662628056],[-123.13047119006049,49.06998417922533],[-123.13055820504651,49.06397231074764]]]}},{"type":"Feature","properties":{"shapeName":"Sunshine Coast A","shapeISO":"","shapeID":"43193130B6253319201771","shapeGroup":"CAN","shapeType":"ADM3"},"geometry":{"type":"MultiPolygon","coordinates":[[[[-124.11365661681496,50.02465511977595],[-124.1147739689491,50.022020397605296],[-124.11330328533201,50.01751367124955],[-124.10505247535103,50.014737833346736],[-124.0966391981542,50.016439831816015],[-124.09329605983206,50.012418163514475],[-124.08710890668176,50.00906455195961],[-124.07934918447096,50.00023674568775],[-124.06756337851677,50.00061694109471],[-124.06924413842479,49.984121232428144],[-124.06940256763565,49.964667523390204],[-124.06024381808382,49.96298168854784],[-124.06294401062154,49.93324614638018],[-124.03997263112358,49.92898337863057],[-124.03911511935678,49.93179519843809],[-124.03357888432927,49.932824891690295],[-124.03208619197306,49.930832408734624],[-124.03098218349749,49.92347639267236],[-124.03298650648911,49.916919283046944],[-124.03188698650699,49.914284505800126],[-124.02834758708283,49.91554919582485],[-124.02581868822438,49.91777529559303],[-124.02592529573597,49.920256201383815],[-124.02015532016769,49.91742920542469],[-124.01693490714334,49.914020986578656],[-124.01870672144027,49.910803801162615],[-124.01885670821869,49.907340083663186],[-124.02171751026279,49.90242088582018],[-124.02439018986337,49.89970779876621],[-124.02797009343178,49.89908249040477],[-124.0314135104364,49.89341270067345],[-124.0309975132061,49.88694110825556],[-124.03338981258763,49.883582791250944],[-124.0327556880329,49.87937861048245],[-124.0332578104242,49.87483249582526],[-124.02925949289633,49.87399511195592],[-124.02584971396378,49.874610296862215],[-124.0185642941561,49.87166930392604],[-124.01598789413545,49.86955149651682],[-124.01226171662543,49.861722696039394],[-124.00928830533707,49.86127259722897],[-124.0060453935063,49.85788299850241],[-124.00245609477719,49.85182441452769],[-124.00326450411201,49.84925369425686],[-123.99937801871701,49.84631979619977],[-123.99579190474086,49.84237479440591],[-123.99400998845927,49.837559505668715],[-123.99706530175315,49.83456578390962],[-124.00379931991846,49.83278129975665],[-124.00269509313243,49.830424200705465],[-124.00329201580561,49.82641649881894],[-124.00020691486912,49.82580550273319],[-124.00554479472297,49.81973271456164],[-124.00504850594176,49.81657089341794],[-123.99972109771922,49.811606197118884],[-123.99139190893698,49.810086498009646],[-123.98094349967347,49.80682080964624],[-123.97369890612005,49.80594639058778],[-123.96918220258141,49.80466169063299],[-123.95938570388684,49.807504389521625],[-123.95891019430076,49.80948689052771],[-123.96565710708164,49.81538600981109],[-123.96669461758772,49.81722040035157],[-123.96362898847796,49.81820880798824],[-123.96021299922087,49.81771460241215],[-123.95943108357423,49.82036649397062],[-123.95678478996834,49.82082929008297],[-123.95385029400279,49.82359660870622],[-123.95881880407977,49.82380739761819],[-123.95953300069736,49.82686798795201],[-123.95206771471496,49.83113920112129],[-123.948834375218,49.835780695845244],[-123.945519799538,49.83839699022687],[-123.93835010981991,49.83942669401026],[-123.93089140249701,49.8377417962769],[-123.93080090626296,49.8337938952797],[-123.92761281884306,49.833604499408644],[-123.9281301020208,49.829390293688874],[-123.93006860663499,49.82898010557496],[-123.93037642313529,49.82610750499132],[-123.92624617789325,49.82612309469783],[-123.92154908864228,49.827671197188394],[-123.9226714860744,49.83109790743872],[-123.92132639096666,49.835048603758544],[-123.922865401597,49.836250699967756],[-123.92096239156024,49.839261504255816],[-123.92140900021624,49.84225228660352],[-123.92005289326889,49.846328412310925],[-123.92037900915648,49.84881789835326],[-123.91742851501418,49.85097270760566],[-123.91553631076182,49.853821092001105],[-123.91324209090406,49.86281500901816],[-123.91054590657046,49.8652119925758],[-123.91159620454172,49.867721387157],[-123.90764157750517,49.87201539908637],[-123.905149505066,49.87198980756939],[-123.90366301355077,49.878874396791076],[-123.90777060655,49.882672808893204],[-123.91095850911907,49.887136199250634],[-123.92299620267977,49.89199710961929],[-123.92888899503575,49.89365910014902],[-123.93284329595186,49.8957953926298],[-123.94014251029837,49.898803397551774],[-123.94596489656253,49.89971769894761],[-123.95426468948162,49.90248349597658],[-123.95549959494257,49.90367840179275],[-123.96122299481829,49.905151103339676],[-123.96386780217797,49.90786420923412],[-123.96515599080232,49.91094761320716],[-123.97429330037043,49.91650059873415],[-123.97883938074948,49.92092419964061],[-123.97788158281534,49.92378260189963],[-123.97953790000555,49.92586479714772],[-123.97993059525498,49.930017786115734],[-123.98331680436075,49.93413519134067],[-123.98305780404999,49.936475102357406],[-123.98688510330031,49.94243399181861],[-123.99393450888901,49.94843570187911],[-123.99641721792842,49.95254309806593],[-123.9961988114422,49.95406409049348],[-124.00007889819825,49.957691602717375],[-124.00408949012959,49.96012981320042],[-124.00398759168091,49.96190299053889],[-124.00968751258213,49.968455795603944],[-124.00982769207543,49.96982159780015],[-124.00613210401262,49.97113041001239],[-124.00923128262922,49.97399170144101],[-124.00835201590665,49.9800161062901],[-124.00929757776767,49.98714989957642],[-124.0114632776071,49.98863249518534],[-124.0109443080795,49.993178589294395],[-124.0141860294255,49.99510681949055],[-124.01436576851908,49.99816305026179],[-124.01072961756392,49.996904298115446],[-124.0091705171753,49.99778170640772],[-124.00548438583328,49.99757127493942],[-124.00055449463856,49.99942089708056],[-123.98981611668896,50.00181639609747],[-123.9830911877463,50.00731390665627],[-123.9779474998204,50.013087608751924],[-123.97766718809089,50.01511288933466],[-123.97501769006814,50.01665531333241],[-123.96899000835046,50.01744428254376],[-123.96121069864702,50.02143069294887],[-123.95823430192691,50.01849540415664],[-123.95164471608548,50.02055479687187],[-123.94308570862808,50.01970740560468],[-123.94201031073592,50.018268895108264],[-123.9374232813629,50.01927730305572],[-123.92815660762524,50.02369508261459],[-123.92329791682637,50.02738669323906],[-123.9158139876576,50.03023369964654],[-123.90962538068979,50.03152399934777],[-123.90531329894729,50.031710606615796],[-123.89777360681383,50.03772359748653],[-123.89333478943436,50.03779339307955],[-123.88455918259031,50.04055920492448],[-123.8749734035372,50.04403999447622],[-123.86661780497145,50.04856329809353],[-123.86536158420388,50.048573194524046],[-123.85613208901015,50.052724799260446],[-123.8542766975286,50.05280168540368],[-123.84751308327282,50.056682691962685],[-123.84205600785731,50.05779208721508],[-123.83799299941089,50.06509828835267],[-123.83378948483585,50.066900000683304],[-123.83294038525446,50.06948770347653],[-123.82672901101559,50.07476729218221],[-123.82531748827505,50.07717849459845],[-123.82166858723404,50.08033450995595],[-123.81529710415674,50.08379678880907],[-123.80885430199771,50.089715795978485],[-123.80282860735412,50.09215829277541],[-123.80326919637119,50.09431459037212],[-123.80843638532036,50.09807310840339],[-123.81629068706883,50.10195830920754],[-123.8182697247554,50.10234000371832],[-123.82323939750904,50.100236414442676],[-123.82762259111651,50.103900912086495],[-123.8323530134339,50.104182888418414],[-123.83923080311595,50.11203878548244],[-123.84431551090262,50.11639978912062],[-123.84506139125222,50.11826549744014],[-123.8432463069165,50.12002299259299],[-123.84870490763616,50.124228694398035],[-123.8532346911955,50.129519599150946],[-123.85089277763653,50.132352398281306],[-123.85201630023253,50.13424230464432],[-123.85971969150175,50.138556206453565],[-123.8630368919354,50.13936800779971],[-123.87449870584612,50.14394970626342],[-123.87963271794194,50.1468166044915],[-123.8885289158936,50.148124005577344],[-123.89521090288328,50.15141970469756],[-123.89819321343563,50.15213318816104],[-123.90253299685264,50.1552293966949],[-123.90600380602041,50.155068487376184],[-123.9087844931221,50.15636880335555],[-123.91182261171672,50.156353108484765],[-123.92040129424569,50.15835411521574],[-123.92679480034076,50.16253130440765],[-123.93235441942144,50.165426798401796],[-123.93922391626903,50.16583979145411],[-123.93924629344258,50.16769269219431],[-123.94797002013432,50.17270299641611],[-123.94649418023901,50.17386659887511],[-123.95247809450964,50.17830590409927],[-123.95658369423643,50.17912618773373],[-123.96749870097278,50.182794993086894],[-123.96971171405238,50.18480028965952],[-123.97310879710774,50.185932509995546],[-123.97948241800046,50.19203100439021],[-123.97806631074758,50.19821210640632],[-123.97997720892151,50.20050790516066],[-123.98776009662481,50.20689121210694],[-123.98615129041313,50.21175199786241],[-123.98326627910015,50.21299791233326],[-123.98660956314868,50.213048972784485],[-123.99286903369972,50.21722379992673],[-123.97078699512961,50.21569942178547],[-123.9697888066102,50.20833018188894],[-123.9690301177368,50.206545096057184],[-123.96290750565646,50.20315980888709],[-123.96188420393186,50.201729886245175],[-123.95641242304328,50.197907305398346],[-123.95049380766174,50.19474409040023],[-123.94135538150307,50.190978500366526],[-123.93382548134328,50.18844059247074],[-123.92969748700645,50.188006205726396],[-123.92781689507693,50.18640110122114],[-123.91619320319623,50.18214978973989],[-123.90287718885388,50.1778658021812],[-123.89174050299346,50.17476669376174],[-123.8835373940709,50.17194250784611],[-123.8819710109084,50.172045099205434],[-123.87252422104174,50.169283501497574],[-123.8660707056336,50.164717495767995],[-123.86261090293863,50.16304261219698],[-123.85638686139534,50.162077432578194],[-123.85427328269758,50.16343709192443],[-123.85292870364842,50.165848289656104],[-123.84843748556213,50.16844469923563],[-123.84731318787784,50.17055820159775],[-123.84253639263862,50.17279561176211],[-123.83701219683913,50.178798689898194],[-123.83292580639694,50.17988958645299],[-123.82492151812208,50.17857079911534],[-123.82092940006562,50.182691010037665],[-123.82117151150332,50.18455109635526],[-123.80749600744419,50.19007128848452],[-123.8045084909882,50.187429397955725],[-123.80034049353286,50.186972197054224],[-123.79718098186021,50.18815429561495],[-123.79531240301466,50.1903518847457],[-123.79046199194794,50.19276020801128],[-123.7849190022387,50.19392229728252],[-123.78038000201943,50.1964260867352],[-123.77760119908264,50.19962771029744],[-123.77762260735226,50.20266840892682],[-123.77626230353707,50.20524049391434],[-123.77024802608639,50.20596400433194],[-123.76735379718147,50.20199898957448],[-123.76505339948943,50.20089808822275],[-123.76620270732765,50.198372990898584],[-123.76602471742382,50.19506460272781],[-123.7696228821322,50.19057119943644],[-123.77355108839264,50.18836788861621],[-123.77868387488878,50.18688529559304],[-123.78403982069567,50.18724569774867],[-123.78986409433047,50.18541550716582],[-123.7889160037776,50.182283684846304],[-123.79497771546563,50.181127301396515],[-123.79754138445855,50.1795263926835],[-123.8000371112472,50.17968880774324],[-123.80747059875901,50.176984187534416],[-123.81350698950774,50.175287995398904],[-123.81969020425394,50.17416430719925],[-123.82826651938879,50.17450899522829],[-123.83222171513233,50.172429596870565],[-123.84346179574003,50.168058693842134],[-123.84554299638782,50.16784510750542],[-123.84770201594695,50.16476310231558],[-123.8508426980815,50.16345419891258],[-123.84769380953645,50.15960889146139],[-123.83516889844671,50.15421400820482],[-123.83323317942386,50.15164609449027],[-123.83051610757107,50.150703291845545],[-123.82748861248261,50.14805430717458],[-123.82222489458222,50.14724530622658],[-123.82000020062881,50.14557041087465],[-123.8126003059507,50.14215774849289],[-123.8111714113314,50.14083919800308],[-123.80688099684816,50.13611080491046],[-123.79977329020235,50.131177405745646],[-123.80085945168133,50.12860380866344],[-123.7992077779263,50.127511498022194],[-123.79588240448547,50.120132599063396],[-123.7936364911633,50.11713469819824],[-123.7858532969548,50.11246609590262],[-123.78119118711491,50.11297459206646],[-123.77893201013481,50.10996800793863],[-123.77503198256554,50.10921179419711],[-123.76446459644647,50.10614259801171],[-123.76288039274947,50.100576801782125],[-123.75779159528113,50.09800181233675],[-123.75128059188118,50.09921239814706],[-123.74851950084465,50.097890796340245],[-123.73866092537254,50.09876387020126],[-123.73864445264134,50.101088915181656],[-123.73316047601081,50.101059122487506],[-123.73316923889405,50.09934694484595],[-123.72842570518534,50.10034251470074],[-123.71505598983866,50.100274392821134],[-123.71547604468749,50.096538364179885],[-123.72038653744193,50.096359575881905],[-123.72022080765203,50.094154309709296],[-123.7300956290206,50.093990280113026],[-123.73036527858802,50.09133198308506],[-123.73721706394052,50.091242504108884],[-123.73808997973569,50.083501124230224],[-123.75078206413426,50.0830748364647],[-123.75113249624715,50.078165647886195],[-123.75631181996613,50.078146939788304],[-123.75653066673816,50.072771072558766],[-123.76400426014244,50.07263165643745],[-123.76618846590134,50.07089999155916],[-123.77003519126792,50.07270500139313],[-123.77359249684594,50.07231480037917],[-123.77616059105908,50.073208011456956],[-123.77978289583481,50.07283461256073],[-123.78408338260417,50.07082650245969],[-123.78704911662513,50.06845949683663],[-123.78623149584716,50.06639581400358],[-123.7890223821932,50.06187959940895],[-123.79300788075507,50.0587591965783],[-123.79240309362118,50.0576753901836],[-123.78650861248019,50.05594349258786],[-123.78384011152218,50.05341548789868],[-123.78615538881907,50.05138600648375],[-123.78710467955055,50.04878829532703],[-123.7896736987134,50.0462972901576],[-123.79676669375385,50.043533001567546],[-123.79947160146213,50.043352103002746],[-123.80265221462201,50.04054210811369],[-123.8069795853142,50.03965770789745],[-123.81492329550167,50.036221112310265],[-123.81860508435356,50.03593340181318],[-123.8236308918508,50.034190113257935],[-123.8278969169826,50.03460890073401],[-123.83097208307933,50.033966502950236],[-123.83972779911635,50.0339750861405],[-123.84208159967037,50.03446219144177],[-123.8486036115494,50.032875601045525],[-123.85207830673363,50.031186496374794],[-123.8557901019858,50.031069697257486],[-123.8624760022954,50.028681289233624],[-123.86547719828508,50.0285788082778],[-123.87229309973925,50.02572178928007],[-123.87659898937744,50.022973089460336],[-123.8802675013306,50.02192768458896],[-123.88596850211209,50.01846688491366],[-123.89313760619163,50.01512000727496],[-123.89846617699025,50.013496394087554],[-123.90117001875522,50.009491498410675],[-123.90536310789952,50.00687670954965],[-123.90710861216544,50.003994108675506],[-123.91039947601108,50.00305979373135],[-123.91662820789134,50.002578399399525],[-123.9199480152221,50.001087207241646],[-123.92652569047753,50.00211410817877],[-123.93645919450984,50.00052328753912],[-123.94018561375191,49.99911610326245],[-123.9499543852844,49.99926139366215],[-123.95638522244799,49.997680499642456],[-123.96463880061003,49.99181988693307],[-123.96861839738438,49.988540014462885],[-123.9702300011088,49.98541379882559],[-123.97425069250791,49.9807567063162],[-123.97418451438884,49.97743820700995],[-123.97646860755826,49.971815488840356],[-123.97716397702375,49.966934695019624],[-123.97577370529525,49.96496788809519],[-123.97649339717515,49.9613461054138],[-123.97405530877117,49.95866000022228],[-123.97034810438832,49.951719899317695],[-123.96637290165783,49.947444406461884],[-123.96384489161255,49.943751399945214],[-123.96452132333206,49.942684704405494],[-123.96140351896877,49.938644202203925],[-123.95603661917066,49.93576590253882],[-123.95358531718944,49.93237770750857],[-123.94923321605891,49.92859069841393],[-123.94534419056839,49.92709389436938],[-123.94429178502757,49.9252125004008],[-123.9366823859358,49.92075900441295],[-123.93606119462638,49.91897440757871],[-123.93145539528598,49.91916531061305],[-123.92458759777112,49.91705178553945],[-123.92167380108036,49.91761428634577],[-123.9161886036956,49.91632690050882],[-123.9140977133509,49.91700050465426],[-123.90246100449251,49.91516610913674],[-123.89645990394791,49.91531139726629],[-123.89325169131125,49.91653339613578],[-123.89068968698506,49.918854789244605],[-123.88780491976222,49.91965100670672],[-123.88632309547745,49.9215423027814],[-123.88131580107596,49.92277711076912],[-123.87976610236615,49.92411870878154],[-123.87494171663357,49.924641397439636],[-123.87331189211503,49.92395209781788],[-123.86637696456712,49.924382565076584],[-123.86929820482034,49.92180440434374],[-123.86691498962719,49.91598649852195],[-123.87195520487423,49.91280049089653],[-123.8767537936006,49.91087498805216],[-123.88463350850087,49.90849508788058],[-123.88635459037067,49.90657530898374],[-123.88643460716865,49.90414558827591],[-123.88332277869809,49.90219159824124],[-123.88116000320913,49.89583959850639],[-123.87798658822761,49.89218509630008],[-123.8745475758883,49.89054719530532],[-123.87250310418355,49.88603818605936],[-123.86816960639156,49.87960359210359],[-123.86947969340433,49.87202111441698],[-123.87339138791363,49.868141598512366],[-123.87544268604383,49.86388030835821],[-123.87750679847473,49.86257860789447],[-123.87851667337117,49.85765079442499],[-123.8767388012379,49.85168340154713],[-123.87546190769791,49.85108100549094],[-123.87305368753024,49.84627850792505],[-123.87370049899094,49.844394307378046],[-123.87883918645541,49.84088359059791],[-123.87817129724965,49.83860349182526],[-123.87956090769073,49.83695569536089],[-123.88265049354384,49.836311893171164],[-123.88632801215994,49.82913388715463],[-123.88893950309229,49.82747610169108],[-123.88884041196755,49.82503930675579],[-123.89088998616946,49.82317070849576],[-123.89555919404515,49.81317850039931],[-123.90082500842794,49.81083419961317],[-123.90845742186944,49.80650320525843],[-123.91348048222541,49.80090459110046],[-123.92313661033754,49.798632988253274],[-123.92191039347769,49.79625891334026],[-123.92299729522676,49.78907371541259],[-123.921061683959,49.78737039996383],[-123.92042479383583,49.7845690126428],[-123.92383881022545,49.78220329376063],[-123.92943280365833,49.7834537949235],[-123.93380789678534,49.78260930033515],[-123.93707838363632,49.78085599702334],[-123.94249040044305,49.77976940899678],[-123.94685449626758,49.77635980019782],[-123.94393719030286,49.77346010190609],[-123.93743479504236,49.77053620741926],[-123.9346991802459,49.76757239266628],[-123.93626080715923,49.765725307251614],[-123.92546050324236,49.76232140418892],[-123.92462666966334,49.760606371168095],[-123.92212172329288,49.75961168864991],[-123.91704739180786,49.75651489427053],[-123.9102088227386,49.754553805655014],[-123.90572610598893,49.753976907204915],[-123.89967448478305,49.75096620571231],[-123.8951710951991,49.75067711284031],[-123.89253690166748,49.74931270531102],[-123.89164600819063,49.74619788475504],[-123.89366048589588,49.74327830363327],[-123.89261751058652,49.740164989411085],[-123.89041241016079,49.73869800665957],[-123.88822139494074,49.73504491246169],[-123.88456886899723,49.734285227032494],[-123.8854075773688,49.74263902325775],[-123.87388496199682,49.741621851489974],[-123.85724684539424,49.74572184951584],[-123.8358223510131,49.747302580592454],[-123.81847684993015,49.75316672271387],[-123.80563134583193,49.759664093557014],[-123.79756744017645,49.76991482145091],[-123.79704864626048,49.7981188348606],[-123.77173116235689,49.82554343436096],[-123.76687980861855,49.84073129241043],[-123.7732695438683,49.853686783998576],[-123.77568308123898,49.85637296803588],[-123.77515194791565,49.86126354536044],[-123.77026499001202,49.868370930191816],[-123.75896222401944,49.870365430446064],[-123.7468182183769,49.88608687392789],[-123.74186806578435,49.88515538255519],[-123.73915262088038,49.89115392341465],[-123.73348653106147,49.895510721412776],[-123.7230038567836,49.89418716316942],[-123.71519180437627,49.90030872818433],[-123.70955918340964,49.905322468077166],[-123.70238836270882,49.90483811783116],[-123.68867113406017,49.90767363798804],[-123.6824878371427,49.91203996575701],[-123.67568743882505,49.92182565541115],[-123.66021728378347,49.92997117610894],[-123.63472424136565,49.926886670498284],[-123.62017135205262,49.930668601783104],[-123.61136634730774,49.93814007855658],[-123.60894520807518,49.940994010963394],[-123.6036235270401,49.94361981876558],[-123.60333045217023,49.946474070293995],[-123.6070960475343,49.94977601487549],[-123.60776822707186,49.95354114612597],[-123.6007371631522,49.955518906202045],[-123.59763493838351,49.95711180193353],[-123.59427738289133,49.96091967708861],[-123.58626074800554,49.97111779363812],[-123.59081427315759,49.97214457646664],[-123.60227468607992,49.97674630661372],[-123.60189527142862,49.98475852433736],[-123.60545296810805,49.991012015989995],[-123.6040074400544,49.995022402698396],[-123.60131175877784,49.99847211082094],[-123.5985724232417,49.99981133496851],[-123.60211140311645,50.00307019279416],[-123.60310134229223,50.009726102832545],[-123.60485958401891,50.01248523242861],[-123.60952813953224,50.01134870867226],[-123.6160349236178,50.0089430171467],[-123.62023213387995,50.00472442867089],[-123.63027621823873,50.000077426205316],[-123.63283395969054,49.99942983409918],[-123.63414594042918,50.00234595900383],[-123.6333281495035,50.00663711264572],[-123.6306796797777,50.012198281712614],[-123.63348906502544,50.01596405822146],[-123.63503607455606,50.02029912776636],[-123.64321619899594,50.02855730092036],[-123.64377857772928,50.030361355895174],[-123.64159935174719,50.033505924352326],[-123.63682522915778,50.03656339499098],[-123.6304323940659,50.03793947302378],[-123.63154543852511,50.04267774972205],[-123.63752971274677,50.04720585640256],[-123.63797141142588,50.04955317477599],[-123.63558221983068,50.05039442738431],[-123.62795125949337,50.05145537351545],[-123.61517449099804,50.05582628912938],[-123.61602664526961,50.0600307083636],[-123.61947637470556,50.06294800658761],[-123.62273297518871,50.06380696886962],[-123.62691210642194,50.070096382703866],[-123.63409456970385,50.07145468635237],[-123.63671310198285,50.073162747908974],[-123.64007235521366,50.077113024153334],[-123.64314087784479,50.07866328489702],[-123.64447235779059,50.08098569868521],[-123.64906195368381,50.08479580831198],[-123.6429441702313,50.08661481507458],[-123.63350404080653,50.093846559258985],[-123.6264477076088,50.09662220200466],[-123.61854279994098,50.098666406914255],[-123.61297043801659,50.097943346681554],[-123.60820132049018,50.09635268661452],[-123.60172039722637,50.097627126920834],[-123.59765713887583,50.09997587581646],[-123.60368143128929,50.10518189360461],[-123.60305866409779,50.10990004170274],[-123.59915810389273,50.11164917487422],[-123.591570842509,50.118377299322326],[-123.58989008354591,50.12316594454148],[-123.5902196404903,50.12492701039689],[-123.59289531305319,50.12761778352492],[-123.59726305389884,50.13046685397231],[-123.59510287402473,50.134102158972006],[-123.5963783725043,50.13903520416712],[-123.59580929589518,50.141111479998145],[-123.58684036040137,50.145883811113],[-123.58537524935753,50.15102629636471],[-123.58110084400732,50.15377585607041],[-123.58349649069736,50.160944304260816],[-123.58270160846557,50.168479421820386],[-123.58133111446976,50.173964057772785],[-123.58820205199012,50.176316001795264],[-123.600429596243,50.17717172613723],[-123.6043102247848,50.17669145517534],[-123.6095458298196,50.17436319244743],[-123.61287983100424,50.1739255173396],[-123.62043523017019,50.175934453935305],[-123.63005360555232,50.17532286573818],[-123.63505764538992,50.175640784298125],[-123.63832074054628,50.173808160545626],[-123.64195488868624,50.1730373545854],[-123.64303036793254,50.17704170456358],[-123.64421996444953,50.17775136336033],[-123.64460311843696,50.18300012815038],[-123.6478220747765,50.187004265060935],[-123.64665539578603,50.18929160845786],[-123.64603596694847,50.197020762916885],[-123.63932043643686,50.19987904255382],[-123.63408744452543,50.200589942185346],[-123.63259522656966,50.20386760000221],[-123.63634734035658,50.20781104269732],[-123.6398844392463,50.21253250310645],[-123.66093502056567,50.20939436445802],[-123.68666264741688,50.202529638854784],[-123.69868647571722,50.190604894659906],[-123.71277599589227,50.191122042189434],[-123.72675300837041,50.19551416411272],[-123.72651101576047,50.20326222853203],[-123.71602966136946,50.20802467550867],[-123.70356787692447,50.21950119048603],[-123.69840920741825,50.22951611128723],[-123.70576232665454,50.23514774203406],[-123.71465990155625,50.23256116533499],[-123.72554102344958,50.23530813402172],[-123.730805038604,50.239482855947095],[-123.73940555090486,50.237547586004084],[-123.7545412177797,50.24427576569305],[-123.76796087745164,50.262017623980874],[-123.78790049208502,50.27034385575503],[-123.81102792052651,50.281383957029995],[-123.83293350526411,50.28297812123656],[-123.84807756009724,50.3006690784873],[-123.87035646384187,50.302676487967034],[-123.88390979231072,50.321480512223715],[-123.87833350207629,50.323986979455505],[-123.87805596806356,50.330664492109825],[-123.89795078557691,50.342848141592235],[-123.90996346226015,50.35941361321869],[-123.92083178840528,50.355204170589936],[-123.9256981112168,50.351823354671055],[-123.9318455723634,50.35260466963658],[-123.93569944599825,50.35105800443041],[-123.94201137303992,50.34734949256154],[-123.94492856572344,50.34705654869324],[-123.94826958699834,50.344582374646244],[-123.95484687746107,50.341517164232165],[-123.9624986529609,50.339363743037474],[-123.96580407510187,50.33985572086695],[-123.96941350247043,50.343377745512996],[-123.97322994452834,50.344796437780836],[-123.97591083599046,50.34790874796463],[-123.97901928387681,50.34883949024126],[-123.98809425148734,50.345995455812314],[-123.99997707373758,50.34640351951005],[-124.0150197998,50.36083249026484],[-124.02979146855144,50.35023602541075],[-124.04116804298978,50.346384652659594],[-124.04944104890647,50.35028436753313],[-124.05542648055214,50.35721176769571],[-124.06396672914101,50.363418394856524],[-124.07580248481017,50.3664233960087],[-124.1029176477296,50.36140954216156],[-124.11462671555634,50.35095674645793],[-124.13670724262008,50.35262051114767],[-124.15092396845651,50.33941646204427],[-124.15953725581721,50.333386293041265],[-124.15507927219117,50.326277719088864],[-124.15917155827601,50.32167809579734],[-124.15706177829142,50.31891687870124],[-124.15484866439276,50.304731079612885],[-124.15482080603728,50.29771651250393],[-124.15817472787963,50.2922702080917],[-124.16578876054172,50.284750934653374],[-124.17049034075238,50.282520772272335],[-124.16786816709798,50.280497941789456],[-124.1690105930614,50.270015709239956],[-124.14986246220936,50.262241664139395],[-124.1442307848212,50.255747536021644],[-124.1503480897226,50.249501510078346],[-124.15993739187174,50.24127727198544],[-124.16541448615095,50.23562703992502],[-124.16795300931402,50.22825216185742],[-124.17516061308011,50.2223758311975],[-124.17262843283572,50.21910760459673],[-124.16384768738685,50.218540417163126],[-124.15425568121088,50.21909803435865],[-124.13364306361966,50.211762130021775],[-124.1191961277862,50.20970908358229],[-124.10589858325292,50.20964660100857],[-124.10192336494943,50.21031026202035],[-124.08748099270379,50.21034014750224],[-124.07749807973666,50.20962899974885],[-124.07051618829654,50.20154696023916],[-124.07325731463041,50.19650021479339],[-124.09214443806081,50.19370513024696],[-124.09679758710286,50.18045658569964],[-124.09694418405503,50.17498236203987],[-124.0906194672234,50.17382036390031],[-124.08337224089198,50.16809293638971],[-124.08086403329808,50.16252370862597],[-124.0693816759175,50.15055123456853],[-124.07551860375727,50.144672872475],[-124.08482678335312,50.1391407299298],[-124.09471403855413,50.13894103486849],[-124.10731000183917,50.142207930595035],[-124.11719901350111,50.13701800140786],[-124.13689850254968,50.13552882787921],[-124.13675146308236,50.118402812256974],[-124.1462171978982,50.115390471438246],[-124.15364807910518,50.09490772679519],[-124.14699244719512,50.092855899565166],[-124.1377766330332,50.07952926482652],[-124.15078475319146,50.06102401491907],[-124.14737386626356,50.058735942735844],[-124.13729006974354,50.05403483005988],[-124.131786321246,50.048987129370296],[-124.11009508087838,50.04096094031054],[-124.11338642756684,50.033137822657444],[-124.11365661681496,50.02465511977595]]],[[[-123.89447998037713,49.73475899053915],[-123.8981296169488,49.73729800203248],[-123.90160960044346,49.73777369442861],[-123.9014986830518,49.73935889676988],[-123.90625000727694,49.741794298691936],[-123.91051210013106,49.74784149660467],[-123.91450479247935,49.74747690423517],[-123.91593969233762,49.74632320894953],[-123.92354137871881,49.74900649951295],[-123.93023730123636,49.750014808893646],[-123.9295690885711,49.75418489563093],[-123.94218130916936,49.75813990075401],[-123.9464024046953,49.75885199872798],[-123.94619009197133,49.76085870103839],[-123.94898989056755,49.7619866965985],[-123.95920339150193,49.763108989277846],[-123.96451519690612,49.76552869155925],[-123.97211128512494,49.766931597821866],[-123.97970569213429,49.764762510293345],[-123.98430919407983,49.761080915395695],[-123.9897537095496,49.75839910614981],[-123.98927309955592,49.753834505630586],[-123.99831919185596,49.750923414856146],[-124.00201011761872,49.75280770398654],[-124.00551499090483,49.75316369797504],[-124.01630500662837,49.752665284122095],[-124.01752430126405,49.74917309077882],[-124.02514078623369,49.745004394739425],[-124.03307358895775,49.74214600809861],[-124.0364985874019,49.738732205276385],[-124.03680669088035,49.7369035129992],[-124.0350257909747,49.72945489262694],[-124.0355486981849,49.72336930915205],[-124.04454310086464,49.71842299304769],[-124.04304140613445,49.71634928510572],[-124.0439616984376,49.71389400295862],[-124.04680781801878,49.712123703188844],[-124.04680287918897,49.71061259599568],[-124.05137488313495,49.70780979326862],[-124.05209588183237,49.70643540035377],[-124.05900770732075,49.70033700229909],[-124.0609959099939,49.69801690109664],[-124.06667038337892,49.69434819870431],[-124.06718158892576,49.691672105657446],[-124.06420599602136,49.688812186431534],[-124.06547687998986,49.68545539658884],[-124.06486521965566,49.68213270507991],[-124.06680040684815,49.67812070377321],[-124.06560291635004,49.67722350590791],[-124.06795690802778,49.67455731042249],[-124.06547578738075,49.6707661022696],[-124.06601459463849,49.66881779177709],[-124.06966798118854,49.66603199579319],[-124.07206660801926,49.665460886529516],[-124.07385250795716,49.66157710690724],[-124.07432570802314,49.65726458754766],[-124.0726661020901,49.65674050528308],[-124.07198468775537,49.65347190780483],[-124.06986079153808,49.651551314893005],[-124.06926284083139,49.654285863819226],[-124.06378057660889,49.65466259290965],[-124.06438304708136,49.650958635365804],[-124.06852787202422,49.65160841490798],[-124.07403720483293,49.64605890850745],[-124.07477781428665,49.64195999544318],[-124.07189698926132,49.64071809278909],[-124.07150260514928,49.638517698300205],[-124.0683596122484,49.639185707300804],[-124.06220549489274,49.63836109705122],[-124.06040969708376,49.63598398817939],[-124.06093348871428,49.633380592620995],[-124.05740118782745,49.631398097494085],[-124.0530078936563,49.632454904539635],[-124.04722870742513,49.63164309104772],[-124.0438110903805,49.63434619852048],[-124.03903719681624,49.633236812301725],[-124.03821180989023,49.6354486014327],[-124.03350180622361,49.63408699127126],[-124.03092038099123,49.63186100184869],[-124.03389288073477,49.63039549367975],[-124.02991968754883,49.62772360191788],[-124.02456739349024,49.629372890735574],[-124.02541155509601,49.63206276131692],[-124.02193773330642,49.63096790103395],[-124.01832951259428,49.62977878805943],[-124.02033009067311,49.628034095908326],[-124.01876110321572,49.626599886159646],[-124.01397071886439,49.62787319667873],[-124.0139371090909,49.628917107932644],[-124.00646981276923,49.630187502586544],[-124.00576430820217,49.62883590694892],[-124.00123220531651,49.629360002275625],[-123.99713918892384,49.63570210879415],[-123.99237151525047,49.636911192954585],[-123.98914010578484,49.64077078408311],[-123.98679079660144,49.6383539076708],[-123.98828548040063,49.63682999845261],[-123.99420141603031,49.63427780716758],[-123.99231089623252,49.63257730951612],[-123.99488729962306,49.62986559459903],[-123.9962772837721,49.62672240296012],[-123.98782220310015,49.62697591242783],[-123.98770711108317,49.62469150363554],[-123.99205989918504,49.62425848484508],[-123.99279369631843,49.62567418953427],[-124.00508220423201,49.62663839410156],[-124.00825080344782,49.625855090604375],[-124.01399029497453,49.62688339197431],[-124.0198089859248,49.624962092959684],[-124.0226888992457,49.62499910591781],[-124.02581631532796,49.62223759597468],[-124.02884390942371,49.62406338968018],[-124.03288260818164,49.62189579096613],[-124.02942100048311,49.6204518812644],[-124.02886144431646,49.62004008927593],[-124.02927329310965,49.61677429735786],[-124.03333422512833,49.61510940282353],[-124.03527179971614,49.613086991536576],[-124.03493420906138,49.6088714085043],[-124.02911529823626,49.60994810291855],[-124.02522781311977,49.60653513331976],[-124.01873246410292,49.60742348870162],[-124.01834726487616,49.60566077618294],[-124.0245657952602,49.60492338682893],[-124.0232861974939,49.59994301175971],[-124.02067338296185,49.5961075924672],[-124.01581457771799,49.59471189637966],[-124.01582449271382,49.58648991564388],[-124.0144701943482,49.5832271152854],[-124.01148381528449,49.58200370005842],[-124.01021960550331,49.57980179836627],[-124.0106057912935,49.57708160321198],[-124.00887510774426,49.57430870445031],[-124.00905539783967,49.570970295950836],[-124.0037073891117,49.57120528999395],[-124.0034021956987,49.568438110470176],[-124.00174781084019,49.565959908620584],[-124.00306270005412,49.56061490329631],[-124.00124310465777,49.55685208941256],[-124.00171109926073,49.55533820147046],[-123.99395147489857,49.55127260276339],[-123.99026329327882,49.55155770175124],[-123.93695301986163,49.55365140098298],[-123.91792748321271,49.5796433509002],[-123.91834867776848,49.58681463266457],[-123.91300250253897,49.58682246240436],[-123.91346523486794,49.594705089900884],[-123.9186659163757,49.59686900204244],[-123.91560503355338,49.60561251377976],[-123.90945562781911,49.61252590162114],[-123.89891296000474,49.613042191722556],[-123.9007045997364,49.62102139843841],[-123.89947685715663,49.6307267283414],[-123.89341689983098,49.63493687020056],[-123.89050561764806,49.64324944177992],[-123.89516703536621,49.65128149139617],[-123.90866096969793,49.65568558364917],[-123.90677043183554,49.6584438914176],[-123.90745068255963,49.662596626323655],[-123.91000830119897,49.664877600413675],[-123.91505659462761,49.66720170691011],[-123.92726816017448,49.66976903454647],[-123.93034719117388,49.67876492826801],[-123.92890824252936,49.683625436666624],[-123.93477034904893,49.69169173518355],[-123.93557160250188,49.70011763963451],[-123.93943932582631,49.706865877923214],[-123.93936258197397,49.71926503486361],[-123.92480335784511,49.72821705399284],[-123.9135166865503,49.724794265611074],[-123.90416936243366,49.727682767630455],[-123.90422011265443,49.7340843896542],[-123.89447998037713,49.73475899053915]],[[-123.98379254029751,49.64381717470572],[-123.9835971758913,49.641360598967786],[-123.98664673777341,49.64138157767006],[-123.98674191435308,49.643808442861435],[-123.98379254029751,49.64381717470572]]],[[[-124.12639438426834,49.76100120110462],[-124.13565319526043,49.75972360798713],[-124.14075589480427,49.76000561502892],[-124.14500890371183,49.757832291217404],[-124.15206640892904,49.75276069122356],[-124.15101558117614,49.74587319797888],[-124.15413860241381,49.74232409436896],[-124.15482340056198,49.739044100763955],[-124.15944600502417,49.737881985693],[-124.1603331003162,49.73091188759429],[-124.16684540951512,49.727563596082014],[-124.16643580537094,49.72500279676319],[-124.17020037449784,49.72287929584226],[-124.17256598753266,49.71967910336865],[-124.17961239064068,49.71730500110822],[-124.18355470791309,49.717408895593785],[-124.18926117778538,49.71651449912699],[-124.18927780867735,49.71544350853842],[-124.19412110261626,49.71387410109901],[-124.1992038954904,49.71464029215749],[-124.20270059135936,49.71189580620819],[-124.20117079158459,49.70612778798514],[-124.20230900731337,49.70278798349853],[-124.19216989810222,49.70042808748282],[-124.18876681128928,49.70079550799998],[-124.18517240883479,49.703522883994026],[-124.17178021478121,49.710675295455495],[-124.17065970432317,49.71314201118163],[-124.1658721981982,49.71013121432792],[-124.1657051229431,49.707237205022025],[-124.1741036748578,49.702933294450084],[-124.17839259823103,49.703078606702704],[-124.18607949857397,49.70094081268961],[-124.18796650591385,49.699824194064796],[-124.19813078501478,49.697569700194975],[-124.2003939002464,49.69198679417298],[-124.19798419147061,49.68878379335389],[-124.20136270327475,49.68687668556918],[-124.19933840646215,49.685180502331264],[-124.20157161675732,49.6824133069961],[-124.19826451031133,49.68207858871268],[-124.19372500421635,49.68415939401634],[-124.1905353921595,49.68405679940132],[-124.18895382086725,49.685773005038506],[-124.18605959280542,49.68415650903587],[-124.19075010527709,49.68260699257294],[-124.19796189396635,49.68164989977254],[-124.20526670345077,49.67713090051442],[-124.20537089354953,49.672344112298916],[-124.20034709487432,49.670408596064114],[-124.19593159792407,49.6723612055426],[-124.19260208861185,49.6721888961884],[-124.18781549494422,49.673155890931476],[-124.18455870749179,49.67257768975978],[-124.17882352037199,49.673274097351154],[-124.17069409902673,49.6695070888334],[-124.16973658602896,49.66717850912116],[-124.16597740698765,49.66585829903902],[-124.16231321080045,49.66152300507312],[-124.15168381269943,49.661494488302075],[-124.14768252195034,49.663414304923116],[-124.14277908780954,49.662329092101345],[-124.14218240584319,49.659276991672925],[-124.13826781539802,49.65961309375581],[-124.13437980741082,49.662240793557615],[-124.13422360371526,49.665616085166164],[-124.12767069605535,49.66574290245019],[-124.1247160777761,49.66255979275909],[-124.11986998191914,49.66392989117083],[-124.12007980713197,49.66167819492236],[-124.11813239757623,49.66012300871728],[-124.12039089957872,49.65885119174969],[-124.12401268214094,49.65972420032289],[-124.13107309739027,49.65644420450761],[-124.12840490796277,49.65431220905529],[-124.13167441321875,49.6531556890118],[-124.12815597945875,49.65075310042827],[-124.12553998095679,49.65201919810417],[-124.12204990908039,49.651495107434755],[-124.12119219454554,49.655192389171724],[-124.11647379500528,49.652449295083564],[-124.11365470492629,49.65273701086174],[-124.11314478402194,49.65589019458465],[-124.10948339659915,49.65446738610178],[-124.10639378848319,49.655109798344654],[-124.10367061519452,49.65296770108139],[-124.09748599062988,49.65080438820167],[-124.09676191595706,49.64821230515783],[-124.09419600709616,49.64561028717804],[-124.09073269731823,49.64619139384602],[-124.08601878221833,49.6528907970988],[-124.08598708668814,49.66266950522799],[-124.08369031216813,49.6690854931363],[-124.08433919769152,49.67139131461615],[-124.08701469899167,49.67147389817248],[-124.08783701405781,49.673544692424535],[-124.08442781400683,49.67602289919454],[-124.08274611492462,49.680158801022095],[-124.08179439376902,49.68728271600237],[-124.08069590057484,49.68963969272019],[-124.08150700430123,49.694345289776486],[-124.08045768350735,49.69637909050343],[-124.08114710956568,49.70119430262711],[-124.07942370479016,49.70106610506932],[-124.07709130052184,49.705936908175325],[-124.07955312133289,49.708792501555486],[-124.07577640464409,49.709258195863555],[-124.0753423920643,49.705917001761875],[-124.07030560202259,49.70267981123869],[-124.06787088964978,49.703557095106916],[-124.06371768503733,49.70963129208356],[-124.0625373177982,49.7158835993113],[-124.06059820578969,49.71856398938791],[-124.05769380821492,49.718357492394034],[-124.0533998963042,49.72185959675559],[-124.05083158713072,49.72248480574],[-124.05270029600868,49.728665900830336],[-124.05555672112747,49.73242579936534],[-124.05843489500789,49.73459489726007],[-124.05861801000118,49.738505795486354],[-124.0604483176963,49.74103520071672],[-124.05454229412302,49.7438409153611],[-124.04712539996329,49.74624628757174],[-124.04505769570676,49.74629190954897],[-124.04299191639015,49.74955759885172],[-124.03843858432744,49.75155149925858],[-124.03486040244489,49.75101600446824],[-124.03141479858691,49.75221659404756],[-124.02480030665473,49.757879310032415],[-124.02438772263433,49.76134580066876],[-124.02076820943721,49.76353620681928],[-124.01546697944525,49.76436509245703],[-124.01400521144002,49.76755249191294],[-124.00732169455239,49.76461579034041],[-123.99983071164311,49.76708249344745],[-123.99450809848489,49.766156793960704],[-123.99240949580782,49.76678631300214],[-123.99099451334446,49.770252801685736],[-123.99124329522357,49.77289471485314],[-123.99490050175673,49.77649798419264],[-124.0030196890666,49.780213697799034],[-124.00646001433536,49.78131749125448],[-124.01317741033652,49.78180738567598],[-124.01520499597409,49.78304928625411],[-124.02083060633834,49.783035095613826],[-124.0244416896561,49.78170920743639],[-124.03005721623374,49.781820193680026],[-124.03133598865627,49.78063100772341],[-124.04030420286219,49.781045496671304],[-124.04162777805863,49.77928799821886],[-124.04966911629224,49.77918969615974],[-124.0561808959348,49.77459669818963],[-124.05893460242604,49.775444091924],[-124.06285848759559,49.77510220807184],[-124.06754520824104,49.7734586958281],[-124.07921362285457,49.77485160294398],[-124.08900049996457,49.77400560107032],[-124.09258498337132,49.772766499637896],[-124.09676319942206,49.76779748954799],[-124.09656452017865,49.765685396342825],[-124.08936897656348,49.76194819307673],[-124.08928421118961,49.75931349521582],[-124.08621501268554,49.756833903036274],[-124.08690752106426,49.7542718032487],[-124.08570489468275,49.75261971023388],[-124.08885400587803,49.74943230977488],[-124.09433129068745,49.74728598946234],[-124.09757520226958,49.74964740776679],[-124.1137618158996,49.7520200914401],[-124.1161244072958,49.75455229025941],[-124.11536518653593,49.75783369496887],[-124.11734490070211,49.75870529441829],[-124.11804629344701,49.76145120429732],[-124.12159719065215,49.76193831274963],[-124.12639438426834,49.76100120110462]]],[[[-124.22007610068677,49.751525889461824],[-124.22694629049474,49.74815190829322],[-124.22844940182405,49.74608538579677],[-124.22482248555967,49.745440197390224],[-124.2240120974672,49.74295641238904],[-124.22191568661329,49.74188109216108],[-124.222808386296,49.7392548984747],[-124.21874479629525,49.73549208691088],[-124.2239254035104,49.734062196215405],[-124.2258607968524,49.73097448636761],[-124.22444408831552,49.72817310655245],[-124.22650530894622,49.726811605258455],[-124.2237856951685,49.72407850792504],[-124.21996429044587,49.72546861413615],[-124.22010077660893,49.727103497126116],[-124.21430208916685,49.727704606342755],[-124.21211721606205,49.73129779508611],[-124.20712009071569,49.7312522981742],[-124.20440568861792,49.72977819762426],[-124.19851190781091,49.73329320687588],[-124.19643860605441,49.73704739481521],[-124.19658159150482,49.740049608599286],[-124.19083838671374,49.73843600641457],[-124.18325199000944,49.740969594326415],[-124.17866140429491,49.73992850056337],[-124.1737982026326,49.74205488944372],[-124.16665310158558,49.740993902558266],[-124.16211749116411,49.743980397530905],[-124.15877239246272,49.74871880971403],[-124.16000639940104,49.75090070080821],[-124.1662842782499,49.75455229892202],[-124.16957320992381,49.75505078666827],[-124.17085470349781,49.752393191432624],[-124.17396277824848,49.75289169460685],[-124.17578231606393,49.751209702929884],[-124.18105247522952,49.750382193519535],[-124.18147589012402,49.749002202479],[-124.18867788558117,49.748262994974],[-124.18968410338942,49.747478283961414],[-124.19680750399843,49.74695560812755],[-124.19688010262989,49.744310788748066],[-124.20361440733386,49.7443663973851],[-124.20859679198662,49.749405191546586],[-124.21146011676727,49.75006889561554],[-124.21581579051491,49.74828719618],[-124.21691610090807,49.750595909399756],[-124.22007610068677,49.751525889461824]]],[[[-124.03378747678772,49.61769774558966],[-124.03602530631426,49.61855739858483],[-124.04077042238724,49.61843350097957],[-124.04278158394935,49.61597820505224],[-124.0461294874253,49.61592119307066],[-124.04503942333803,49.619330802003404],[-124.04233612537888,49.62306080324601],[-124.04018659171234,49.62415170457416],[-124.04019581113042,49.626543004464864],[-124.04799660709253,49.62673379664245],[-124.05268078909513,49.62630509292084],[-124.06087170855285,49.62349520349603],[-124.06097799385228,49.620706613023465],[-124.06355011225232,49.6193251082184],[-124.06496699944229,49.61636129024988],[-124.06448299222312,49.6125158961296],[-124.06039239583531,49.612219703954786],[-124.05889930692945,49.61101910434089],[-124.06057400875233,49.60590469670618],[-124.05864591129001,49.60318738590233],[-124.0565760828302,49.60280139423614],[-124.04907240049398,49.60658408564334],[-124.04985630258844,49.60313320778867],[-124.04607921192584,49.602527897532646],[-124.04234490606623,49.60528660256466],[-124.03764882087391,49.60508730360262],[-124.0378599071528,49.60848538443173],[-124.04211248065013,49.610579000292724],[-124.04174338677869,49.61403559807043],[-124.03786821139013,49.616697409372314],[-124.03429924519855,49.61700319447329],[-124.03378747678772,49.61769774558966]]],[[[-123.99524461752237,49.78925750384676],[-123.99758299550173,49.78407479728937],[-123.99395151843153,49.78169489845116],[-123.9836102985319,49.778698390772625],[-123.9787448009764,49.77846908571769],[-123.97330219364642,49.78132181153859],[-123.97392470720617,49.783339891776706],[-123.97746489360414,49.78459748865591],[-123.97782759842649,49.78668108948339],[-123.98466790298693,49.78974308344784],[-123.98685640431667,49.790111993747146],[-123.99524461752237,49.78925750384676]]],[[[-124.20571860393733,49.72731719466471],[-124.2128123090499,49.72355578966758],[-124.2082461875887,49.72355009740305],[-124.201720291754,49.72442749600761],[-124.20230898988046,49.726372896977956],[-124.20571860393733,49.72731719466471]]],[[[-124.21020740520076,49.70978520745576],[-124.2144352064777,49.70796929032333],[-124.21230498695799,49.70650660233158],[-124.20908050933599,49.706782894334324],[-124.21020740520076,49.70978520745576]]],[[[-124.15408039890666,49.758038789877965],[-124.15508511025347,49.75713019223735],[-124.15114528936316,49.75483010570161],[-124.14910700943138,49.75852019946788],[-124.15408039890666,49.758038789877965]]],[[[-124.08240380382736,49.63168009498959],[-124.08335829292274,49.6297104124665],[-124.07933520856953,49.6281551991398],[-124.07826280135572,49.629801596518085],[-124.07952428549393,49.63235370468599],[-124.08240380382736,49.63168009498959]]]]}},{"type":"Feature","properties":{"shapeName":"Oliver","shapeISO":"","shapeID":"43193130B62682626097836","shapeGroup":"CAN","shapeType":"ADM3"},"geometry":{"type":"Polygon","coordinates":[[[-119.53718898597322,49.20457736152277],[-119.53910326912604,49.204769228773316],[-119.54486760159011,49.20273831452618],[-119.5472938132292,49.204131344015],[-119.55141531608723,49.20203460001523],[-119.5525752193784,49.19844699714865],[-119.55165124598939,49.19529630753988],[-119.55537417570574,49.19552710043283],[-119.55238189994405,49.1912295017258],[-119.55352265234761,49.189790265552126],[-119.56385007296643,49.18067757872217],[-119.56650139905923,49.17879601259853],[-119.57443520471286,49.17988535498338],[-119.57631293750224,49.17579392619648],[-119.57496197918756,49.17482146304937],[-119.56996061122119,49.1744086033907],[-119.56494971313948,49.17097662785685],[-119.56290152556967,49.17256399171976],[-119.55674478983049,49.17088011889651],[-119.55298961517595,49.16807790249014],[-119.55070383925438,49.16938905173908],[-119.54839400599641,49.17318088126682],[-119.54451319428716,49.16998770821684],[-119.53903466031454,49.17090889267662],[-119.54012465628132,49.175551980579876],[-119.53703632089767,49.175944872520155],[-119.53688129661056,49.18402789362938],[-119.53737230332631,49.184512948813655],[-119.53731809054159,49.19405440699724],[-119.53504888774928,49.19503600710541],[-119.53728496582012,49.1975364870772],[-119.53718898597322,49.20457736152277]]]}},{"type":"Feature","properties":{"shapeName":"Montrose","shapeISO":"","shapeID":"43193130B63454145825943","shapeGroup":"CAN","shapeType":"ADM3"},"geometry":{"type":"Polygon","coordinates":[[[-117.59419820465214,49.08460825694463],[-117.59417555930372,49.08019811160717],[-117.59671629399732,49.07902512636561],[-117.59890528249548,49.07600885990279],[-117.60336777462673,49.07585664511486],[-117.60430895675779,49.07380795676924],[-117.60210067124089,49.07251486054975],[-117.59427300875964,49.07386390912185],[-117.5919435009848,49.07281460914175],[-117.5872805172938,49.07332449763932],[-117.58568439704159,49.074896806864885],[-117.57773629591465,49.07780227690129],[-117.58326934874565,49.08149994612221],[-117.58334842159957,49.084340314945074],[-117.59419820465214,49.08460825694463]]]}},{"type":"Feature","properties":{"shapeName":"Port Coquitlam","shapeISO":"","shapeID":"43193130B64908747389344","shapeGroup":"CAN","shapeType":"ADM3"},"geometry":{"type":"Polygon","coordinates":[[[-122.80417637078068,49.22971012588849],[-122.80647961442972,49.227905304528],[-122.80506090400738,49.22522778869026],[-122.8047251695012,49.21933914903526],[-122.8017003554547,49.219660270061944],[-122.79535588451533,49.21663320121068],[-122.77915074626138,49.21393964368896],[-122.77020558209944,49.21338121413437],[-122.75139305337679,49.21577173678052],[-122.7560352189001,49.21827770343159],[-122.76342239850639,49.22578179613857],[-122.76812859704678,49.22733278825327],[-122.76738470685895,49.2303192009675],[-122.75618349353678,49.237958807786896],[-122.75315550445353,49.239104206948845],[-122.73773089234805,49.243523204810934],[-122.73278110267057,49.24578071210875],[-122.7234716806023,49.251864596346365],[-122.71846099290644,49.256603193216506],[-122.7135681854017,49.26516369650659],[-122.70449089526542,49.27638940583441],[-122.7098065922386,49.27915839288992],[-122.71360939111,49.28010258053533],[-122.71428982128211,49.278531305645956],[-122.73376060957908,49.278527705439885],[-122.73415216671867,49.28575146410649],[-122.76162619329534,49.28584004283507],[-122.76157002130967,49.289316193950846],[-122.76712253622183,49.28927883015715],[-122.76725271516814,49.27836759651448],[-122.78735293029736,49.278532593241934],[-122.79048253781471,49.278069420285355],[-122.79075541477955,49.26531840820118],[-122.78998102438213,49.26326380555063],[-122.7913277203795,49.26091194159865],[-122.79563719430499,49.26058381166322],[-122.79731580942655,49.25926928414428],[-122.79797881505988,49.254291705041894],[-122.79680490590768,49.25112690585502],[-122.79402896268614,49.25239325033207],[-122.78680769250391,49.25182970208808],[-122.7862764454993,49.24373354374606],[-122.80179389987106,49.24372548187267],[-122.80687301228907,49.24140400755538],[-122.80724040836533,49.23756289830058],[-122.80448008489957,49.2361842900535],[-122.8006635978775,49.23619699944698],[-122.80043869029272,49.23411919919252],[-122.80214498227966,49.23189484009103],[-122.80417637078068,49.22971012588849]]]}},{"type":"Feature","properties":{"shapeName":"Pemberton","shapeISO":"","shapeID":"43193130B65154948492315","shapeGroup":"CAN","shapeType":"ADM3"},"geometry":{"type":"Polygon","coordinates":[[[-122.72569165363498,50.31707704243582],[-122.73081815432074,50.31503662952143],[-122.73054025127924,50.31019793918725],[-122.73559229574367,50.31110467688124],[-122.73947131896304,50.31028096008433],[-122.7385870486641,50.32457813592485],[-122.73374572723283,50.324645336960536],[-122.7341955458804,50.331033293161255],[-122.73972727860031,50.33159805981301],[-122.74031542863207,50.33630958237137],[-122.744329643406,50.33626018383968],[-122.74609230090888,50.333707404061656],[-122.75199078939374,50.338484052459584],[-122.75644644898813,50.335897852158716],[-122.75713986281428,50.330798273178594],[-122.76256357078705,50.33112803859564],[-122.76244428763846,50.34122395269562],[-122.76441720838842,50.341260196434725],[-122.76467966772577,50.333386370165485],[-122.7663288168854,50.33180182395384],[-122.76941144566445,50.332057463983766],[-122.77669516818015,50.337813485633575],[-122.78325407608173,50.33808315457758],[-122.78683150426914,50.334331933212454],[-122.78444506786568,50.33297615847872],[-122.78462320942198,50.3309193856049],[-122.77819030804322,50.329179696658066],[-122.77793811491591,50.332256723248136],[-122.77016417297621,50.33159568503575],[-122.76734365333725,50.3291943119085],[-122.7649299040848,50.322012900634235],[-122.7648152117568,50.31978259918407],[-122.75979591904624,50.3205544990751],[-122.76031323309233,50.31697567043197],[-122.76549517895482,50.31685410617334],[-122.77208299133756,50.315928600209986],[-122.79267779651681,50.31599967814304],[-122.79260798350063,50.32107825325321],[-122.79779368365467,50.32087221161153],[-122.7980349265163,50.32627128833161],[-122.80269669857809,50.326461038346785],[-122.80273544178775,50.32839484896975],[-122.81226588372363,50.328370442807255],[-122.81217835760485,50.33194685879616],[-122.81405887387993,50.331983740104576],[-122.81410099229535,50.33563314089149],[-122.81933470224793,50.3354432423322],[-122.82043454159816,50.323778895701324],[-122.83154309638982,50.322947017065154],[-122.83551579532084,50.3254002119073],[-122.8471809834018,50.3260236759122],[-122.85222239960181,50.326633886424766],[-122.8561312938628,50.32618739550239],[-122.86040830701879,50.327158459740225],[-122.86553544667895,50.33028871246683],[-122.87119046824692,50.336811229569015],[-122.87464169521004,50.33945685656569],[-122.8806975057057,50.33696886983968],[-122.8842931339416,50.33661425626532],[-122.88955485605062,50.33862650104289],[-122.89389196362706,50.33595299411341],[-122.9039269374287,50.33622506337961],[-122.90895588291826,50.3384137199455],[-122.91293544342837,50.34177998155312],[-122.92067786691757,50.339085521464334],[-122.92311872194327,50.33998814949832],[-122.93482100498412,50.34185629298241],[-122.9424066582488,50.337543592311015],[-122.94881558112958,50.340777657537956],[-122.95240154835356,50.345297213002404],[-122.95581197374777,50.34532798160824],[-122.97477322428986,50.33800589455089],[-122.9794084539746,50.34195128956078],[-122.99743554059401,50.33756675820447],[-122.99999752340436,50.331493071542276],[-122.99130228923109,50.32186596905395],[-122.98004730474338,50.31606220565117],[-122.96137511334416,50.314878042365685],[-122.94055608483798,50.30690657900099],[-122.917073089545,50.302933650033225],[-122.90946035234784,50.30379007645016],[-122.90517925177167,50.30529917002784],[-122.89951530303901,50.3012172473569],[-122.890708585391,50.296093082774796],[-122.88106812623846,50.29271313601776],[-122.87964170692662,50.29741811711625],[-122.87097397723117,50.30133566512084],[-122.86321193935579,50.30178182091439],[-122.85882448481159,50.30318212355306],[-122.85134210597127,50.30687531939299],[-122.83860278138054,50.309997143409426],[-122.83293321016289,50.31085379186015],[-122.82868754683433,50.310315552129275],[-122.82907554513949,50.3030940870434],[-122.8411302340711,50.30319900601931],[-122.84335322565343,50.29079079181035],[-122.84829260647021,50.28831864280599],[-122.85451711206422,50.28839152910904],[-122.85567039933346,50.284104239982206],[-122.86121891820616,50.28407927090644],[-122.86194917514122,50.280268928900334],[-122.86986224110075,50.28023028257675],[-122.87053963599517,50.2758800502885],[-122.89068809921456,50.276420452931674],[-122.89062580089681,50.271974428301974],[-122.88433588943023,50.26890781929993],[-122.88424982085208,50.26100015678587],[-122.86682187448609,50.26135942032983],[-122.86666198662678,50.25592689419929],[-122.86498619227724,50.25252790756944],[-122.8654883115273,50.247497417319316],[-122.86832460156157,50.24214263740336],[-122.85637139708665,50.24242478554408],[-122.85830255632811,50.24551189400252],[-122.8571129514624,50.24688965485561],[-122.85359303863939,50.24691716673151],[-122.85383438692342,50.25676572315508],[-122.86431285822857,50.25658146284917],[-122.86403678199541,50.261024387985444],[-122.86581158791145,50.264640839927736],[-122.86239026180601,50.26846455497532],[-122.85969483539462,50.27353446135635],[-122.86281357530238,50.27559122125791],[-122.85971020424569,50.27762534368616],[-122.85673380479103,50.28148780706348],[-122.85215901463768,50.284348695441444],[-122.84858288538763,50.28500330519136],[-122.84729748839133,50.2867775084613],[-122.84243110527805,50.28689040095808],[-122.83687470766891,50.288896898726954],[-122.83315868154565,50.29252830199773],[-122.82074049409802,50.29715999040268],[-122.81409009396278,50.29890171361896],[-122.81037190651045,50.302505289506314],[-122.80892822183603,50.29637188237688],[-122.80409224878176,50.29632738997889],[-122.80428119317213,50.308075323696016],[-122.79900987321983,50.30816955646221],[-122.79927103171144,50.31427414232207],[-122.79574282077387,50.31440778530998],[-122.79267259099966,50.31567188315162],[-122.77383602540601,50.315636205240004],[-122.77368415602741,50.310379636096336],[-122.76975530237087,50.31035636804466],[-122.76791658392037,50.3073962819895],[-122.774377857531,50.30735886679225],[-122.77470171422911,50.30531259453885],[-122.78021931689497,50.30258950091763],[-122.77794401893453,50.29962719946136],[-122.78118007537701,50.297950894953345],[-122.77852099866243,50.29634439390174],[-122.77280299989874,50.29687421232567],[-122.77115150135849,50.29612360408518],[-122.76715690629892,50.297617587812454],[-122.76244148163244,50.29688840018109],[-122.75994999106489,50.29846640626615],[-122.75464807709751,50.29994899828229],[-122.7435602485181,50.300304211341796],[-122.7371363055914,50.29923288544046],[-122.73297919268576,50.29993067945372],[-122.7327644426905,50.301658381822506],[-122.72288301876736,50.30293211842415],[-122.72603709214978,50.305972952251395],[-122.73261265765107,50.30671532101621],[-122.73848600604597,50.305353910448346],[-122.74258170951336,50.30340268975166],[-122.74579999786873,50.302959812159855],[-122.75576519474969,50.304069308092416],[-122.76120588787255,50.305474700007046],[-122.76385610507106,50.30790581250239],[-122.76816489443534,50.3090844102387],[-122.7692096049559,50.310360893938324],[-122.76917333967114,50.31594452759677],[-122.76604025227168,50.31628164956788],[-122.76136734208899,50.31489041109709],[-122.7596143724288,50.31135212459123],[-122.75573982467003,50.31111702709442],[-122.75082406750131,50.31212958788992],[-122.74773522945435,50.31187682356845],[-122.74342199745321,50.30896547226823],[-122.73561522389745,50.31074591532853],[-122.73289572278335,50.31022833911245],[-122.72816558883092,50.30985162256573],[-122.72523556367734,50.309949379575336],[-122.72508057392047,50.31707835731375],[-122.72569165363498,50.31707704243582]]]}},{"type":"Feature","properties":{"shapeName":"Coquitlam 2","shapeISO":"","shapeID":"43193130B65269558533004","shapeGroup":"CAN","shapeType":"ADM3"},"geometry":{"type":"Polygon","coordinates":[[[-122.80179389987106,49.24372548187267],[-122.7862764454993,49.24373354374606],[-122.78680769250391,49.25182970208808],[-122.79402896268614,49.25239325033207],[-122.79680490590768,49.25112690585502],[-122.79903160679132,49.246471303321044],[-122.80231190544372,49.246132407015025],[-122.80179389987106,49.24372548187267]]]}},{"type":"Feature","properties":{"shapeName":"Yakweakwioose 12","shapeISO":"","shapeID":"43193130B65383055705835","shapeGroup":"CAN","shapeType":"ADM3"},"geometry":{"type":"Polygon","coordinates":[[[-121.9406022774613,49.132386669091126],[-121.93497629070744,49.13188981485105],[-121.9320481319866,49.13481336289534],[-121.93523139833385,49.13532512199102],[-121.93970498168201,49.13552778909919],[-121.9406022774613,49.132386669091126]]]}},{"type":"Feature","properties":{"shapeName":"Skawahlook 1","shapeISO":"","shapeID":"43193130B65735681589608","shapeGroup":"CAN","shapeType":"ADM3"},"geometry":{"type":"Polygon","coordinates":[[[-121.58882619999486,49.365083950224644],[-121.59413503290267,49.36586077503226],[-121.59384091527777,49.36200067355704],[-121.59526261695947,49.35999650774121],[-121.58974780171975,49.35873179637926],[-121.5829510660584,49.35961414740674],[-121.58882619999486,49.365083950224644]]]}},{"type":"Feature","properties":{"shapeName":"McCartney's Flat 4","shapeISO":"","shapeID":"43193130B65767598004082","shapeGroup":"CAN","shapeType":"ADM3"},"geometry":{"type":"Polygon","coordinates":[[[-121.91712557791074,50.66598406120637],[-121.91545209606844,50.662024402435534],[-121.90851041872082,50.659298395945385],[-121.90310408516183,50.6557493013396],[-121.89285279729911,50.650066686553835],[-121.88480008988117,50.649456957745905],[-121.88657180873795,50.65204229721134],[-121.89056623913618,50.662474629800975],[-121.90279529340047,50.662540700309165],[-121.90588860114241,50.66422009142687],[-121.91712557791074,50.66598406120637]]]}},{"type":"Feature","properties":{"shapeName":"Kahmoose 4","shapeISO":"","shapeID":"43193130B65908898539004","shapeGroup":"CAN","shapeType":"ADM3"},"geometry":{"type":"Polygon","coordinates":[[[-121.4876234578488,49.964533657221736],[-121.48774943798895,49.95972751295842],[-121.48248263102136,49.95967036549123],[-121.48246681011489,49.964862299678146],[-121.4876234578488,49.964533657221736]]]}},{"type":"Feature","properties":{"shapeName":"Tsahaheh 1","shapeISO":"","shapeID":"43193130B66798452172592","shapeGroup":"CAN","shapeType":"ADM3"},"geometry":{"type":"Polygon","coordinates":[[[-124.85538347236331,49.27891062151265],[-124.86996462647866,49.27882915611844],[-124.86838593467479,49.28291120817763],[-124.87770557560658,49.282879189839335],[-124.87727725681142,49.27789713124277],[-124.88724463783852,49.27809811938727],[-124.88730917905787,49.264711662544435],[-124.87356480296081,49.2647098118691],[-124.85899645409327,49.2643006478863],[-124.85592769871491,49.262927285110514],[-124.84254970608357,49.263081143721784],[-124.84111060227237,49.264376776821734],[-124.85311892216016,49.269248107018576],[-124.8538824122263,49.2714947051919],[-124.85719279759594,49.273183792217516],[-124.85707378274776,49.276042204623465],[-124.85538347236331,49.27891062151265]]]}},{"type":"Feature","properties":{"shapeName":"Langford","shapeISO":"","shapeID":"43193130B67338749892988","shapeGroup":"CAN","shapeType":"ADM3"},"geometry":{"type":"Polygon","coordinates":[[[-123.5479462013709,48.50821683132897],[-123.55708422840621,48.50783365601969],[-123.5573419236408,48.50275063785509],[-123.55658283994046,48.498591154092736],[-123.55933287066814,48.49423606325437],[-123.55817025815526,48.49234900375787],[-123.55809317333383,48.48417088199907],[-123.55321300880742,48.47873310712747],[-123.55455833276038,48.473807039710564],[-123.55741859356951,48.47220606232326],[-123.55710774798472,48.468513534592816],[-123.55867613520208,48.46637016636226],[-123.56428386214458,48.465680141057234],[-123.56760689821803,48.464391489537476],[-123.57273687493426,48.46350622124286],[-123.57383021430938,48.46144684098429],[-123.57102473472638,48.459244628874394],[-123.56388081507771,48.45894444566433],[-123.55814468213042,48.455710313933984],[-123.5602023988035,48.452670157281155],[-123.56291902281312,48.44589118147043],[-123.56163167481,48.4454164569308],[-123.56561069882406,48.4391976980768],[-123.5714514500382,48.43862685509459],[-123.57117380198633,48.43228052286577],[-123.56980944517088,48.43183499371913],[-123.57462350052381,48.42703022584009],[-123.57483070102055,48.425904200930205],[-123.57150047962352,48.42472611565663],[-123.55255324203387,48.419373637288516],[-123.54075682518693,48.41560061650714],[-123.54355300523848,48.409215143833464],[-123.53265750698753,48.40639218114632],[-123.5290902281179,48.40670700290433],[-123.52521723606361,48.404572075107836],[-123.51802790583183,48.40275550056188],[-123.51131950541726,48.415279087623084],[-123.51514047217654,48.41879476873724],[-123.51476667073197,48.42159679592175],[-123.51138435779386,48.42867393836778],[-123.51758812599346,48.430186324388615],[-123.5138275297256,48.436474878207484],[-123.50204326866894,48.43826495344021],[-123.50201269793004,48.44077740944084],[-123.49687131223233,48.44447644537328],[-123.49145710878315,48.44570002896901],[-123.48769210328987,48.44479889434349],[-123.48655924124529,48.44621721375972],[-123.48073491407925,48.44526796724907],[-123.47597829480401,48.447046891793924],[-123.46982979440514,48.44745000503541],[-123.4680819947214,48.44916059196085],[-123.48063502026147,48.46233331769611],[-123.48421061952112,48.46545046552813],[-123.48325226820364,48.47118490397707],[-123.48429451511059,48.47290075578182],[-123.48286353876719,48.474637168460234],[-123.49751250470342,48.47549969825556],[-123.5035357161055,48.47558163254194],[-123.50329228626376,48.47745009635039],[-123.51047983465467,48.4770924408196],[-123.51062375845272,48.47555362574886],[-123.51595025456194,48.47499118273496],[-123.52437823930042,48.47486896698825],[-123.52468373797356,48.47870107330787],[-123.53432919895575,48.47872413337559],[-123.53465540986168,48.48594138132106],[-123.53129674857603,48.485945752373766],[-123.53250210703835,48.494290096555346],[-123.53360620152634,48.49877403767649],[-123.5473114967255,48.497241180704904],[-123.55062591861727,48.49083280437433],[-123.54834546687181,48.48710853617389],[-123.54457864703903,48.4870606092047],[-123.54633310542478,48.48435927893171],[-123.54834530433475,48.48516730855404],[-123.55163339506333,48.485133102454625],[-123.55364479692435,48.4896392873173],[-123.55242010316452,48.49272278416891],[-123.55396051791672,48.49996629701661],[-123.5511372790728,48.50441549754451],[-123.55178869725648,48.5068765866405],[-123.5479462013709,48.50821683132897]]]}},{"type":"Feature","properties":{"shapeName":"Skeena-Queen Charlotte C","shapeISO":"","shapeID":"43193130B67619845912536","shapeGroup":"CAN","shapeType":"ADM3"},"geometry":{"type":"MultiPolygon","coordinates":[[[[-130.12468955210224,54.14949299511839],[-130.0826348927685,54.114501600005326],[-130.08412600952286,54.113031795359134],[-130.08799199639486,54.10000029613057],[-130.08657648771572,54.09906880880572],[-130.08774229328327,54.0922369150507],[-130.08949019098753,54.09003649962122],[-130.08831688789223,54.087871699958534],[-130.08953541596426,54.08594620561139],[-130.09048399257972,54.0778481088692],[-130.09407260685032,54.07598240110743],[-130.09497090351874,54.07293598481228],[-130.09715309414213,54.071073216348225],[-130.09739848510904,54.068751702499455],[-130.10172998337882,54.0661595917337],[-130.10219782413827,54.0636303039485],[-130.09842861188307,54.05744489467701],[-130.09326178611173,54.052027201492876],[-130.09058360843923,54.043701311131066],[-130.09193890887838,54.034825595932915],[-130.0875957054419,54.02930109646151],[-130.08534281224345,54.023739596812966],[-130.08620749637382,54.01940000731018],[-130.09015551024575,54.01921060529876],[-130.093106622519,54.01702730344059],[-130.09361110513836,54.011818902116495],[-130.09613560587889,54.00858598498971],[-130.09561030321797,54.00541850175213],[-130.0915564937744,54.001581716262855],[-130.08510859980487,54.00177400020307],[-130.08241632703056,54.00098070244113],[-130.07874510286916,54.001705601843746],[-130.07619001534124,53.99556300190285],[-130.07407399366605,53.99450339340625],[-130.07290032976115,53.98986620272442],[-130.0758812839001,53.98775409317841],[-130.07738507757452,53.98516199353721],[-130.08004772693357,53.993721500173685],[-130.08209590007354,53.99564419012191],[-130.08732229757203,53.99772779988889],[-130.08906889614013,53.999797211713044],[-130.09434909976102,54.000468010878826],[-130.09710900868657,53.99916629111981],[-130.0967314124237,53.99292250354925],[-130.10161427313048,53.98496829861151],[-130.1039255033959,53.98356258428178],[-130.10200808260745,53.980264197716046],[-130.10487018082728,53.97886270496187],[-130.10243448925772,53.97613389759434],[-130.102857995179,53.973739809327455],[-130.09920470573746,53.970430000649294],[-130.09098508971536,53.969228003559714],[-130.09676950085623,53.96307249041282],[-130.10136248629198,53.96211399905018],[-130.1046846923272,53.959781193435624],[-130.10620279253428,53.95722470736701],[-130.10657039233246,53.952717103724005],[-130.10911391116065,53.94981739857464],[-130.10729700350453,53.94674248940904],[-130.10280811130608,53.944131987031334],[-130.101661783904,53.94108700117476],[-130.10312841085343,53.93830408708355],[-130.09982392441623,53.93840660188779],[-130.0996016133454,53.93570350195423],[-130.09428392628382,53.931015001323594],[-130.09126577752443,53.930908202800595],[-130.08494248787002,53.929059592925995],[-130.08553268085578,53.923670300845956],[-130.0840708743014,53.92130049500524],[-130.0857134157674,53.91772709009172],[-130.08372152237985,53.916594903966065],[-130.0840480841401,53.91393020232616],[-130.08081920556492,53.90916898799448],[-130.0776439947427,53.90293241347488],[-130.07329771169412,53.89969090945612],[-130.07478719257512,53.897798196606885],[-130.07026537182475,53.89418919588407],[-130.07239407551555,53.89174379399971],[-130.06755608929387,53.88874020807462],[-130.06388148185346,53.884862105008565],[-130.05710499940042,53.88101241338903],[-130.0529499145736,53.87793899506234],[-130.046179895071,53.87665858669189],[-130.04337309087794,53.87511049690806],[-130.04882698655277,53.87366920340924],[-130.05044710428268,53.872091183791056],[-130.0476340983573,53.86912309369663],[-130.0370328144341,53.86228410834436],[-130.0311826018308,53.8606178033813],[-130.02993212598994,53.862336801365096],[-130.0346989990853,53.8657648145993],[-130.03091780618,53.86658800774963],[-130.02378858582557,53.86171438965272],[-130.02017061165924,53.85736769676469],[-130.01458842602713,53.85475570163483],[-130.01270859422704,53.855049100949316],[-130.00497689745177,53.858421604803496],[-130.00711419612622,53.8619821115768],[-129.99997390845897,53.864800694997655],[-129.99848629893842,53.86239520937705],[-129.9890684247747,53.86470240419486],[-129.9877390852294,53.86704089256009],[-129.9842632068979,53.8693267821122],[-129.98814559887592,53.871406106039814],[-129.98735701756237,53.87605189677002],[-129.9889382213974,53.87859130298571],[-129.99440189724243,53.88126879599824],[-130.00166700275642,53.886656583060144],[-130.00459080637503,53.88613668343942],[-130.00558301627154,53.89005620752986],[-130.00341529886455,53.89105450075912],[-129.99543277879377,53.890662895882116],[-129.99018630618858,53.88888120162769],[-129.98331869034743,53.888659010143336],[-129.97455958382344,53.8855669998476],[-129.96987860711886,53.88055380368135],[-129.96650170173132,53.87865679135271],[-129.96875401663533,53.87601349951333],[-129.97241382225755,53.87637089837811],[-129.97661580906086,53.88112779152297],[-129.9806357196907,53.879998401075405],[-129.98451050913778,53.881072185731924],[-129.98651209522333,53.879554004811766],[-129.98468059862577,53.87081510969584],[-129.97608920134002,53.86896220771236],[-129.9722192848762,53.86937950689684],[-129.97105139494215,53.86687290348513],[-129.97236700164862,53.86456000850468],[-129.98047299134433,53.86198641078647],[-129.98559587382712,53.85870929948657],[-129.98736200738972,53.85618699064326],[-129.99046388360748,53.85623260760173],[-129.99358829329637,53.85456199738224],[-130.00294341770976,53.852291801297596],[-130.0071787892402,53.85072801191897],[-130.00546441488228,53.84777570197621],[-130.00746780051082,53.844468597890376],[-130.00000009384632,53.838338787613104],[-129.99388480096792,53.83242981380332],[-129.99081339210613,53.83113381092327],[-129.98970628188866,53.82924669395992],[-129.98508652850512,53.827882302132195],[-129.9811173048607,53.82389739813371],[-129.97605759658762,53.82258139885852],[-129.97136561380552,53.82332910329286],[-129.9639068042408,53.81740301009663],[-129.95999790832494,53.816462990851456],[-129.95451768327177,53.813289906071304],[-129.95102910719538,53.814872085634974],[-129.95128842053168,53.81822329787165],[-129.9469497081305,53.82119561107374],[-129.94011530411672,53.82192480941596],[-129.93510748582773,53.823518493528866],[-129.92363031661574,53.823247899740494],[-129.9195230960091,53.821563101899585],[-129.90641820598412,53.82040379282644],[-129.90294438340777,53.81855089985746],[-129.89655630209583,53.816649590016354],[-129.88927948724978,53.81875309620074],[-129.8838566994653,53.8195208065392],[-129.87764401015556,53.81810078796379],[-129.8725520977163,53.82017870098533],[-129.86778551528423,53.81957490550233],[-129.86310027892324,53.817019800634554],[-129.85848189745184,53.81628070258882],[-129.85278521493237,53.813157406697556],[-129.84985552216892,53.809537099662435],[-129.8499545203108,53.80613030017562],[-129.851909210472,53.80601780418821],[-129.86156428927413,53.81171040906322],[-129.86969458519934,53.81486930601289],[-129.8732998836528,53.812208907844436],[-129.8792884961003,53.81245379908188],[-129.88517680789775,53.81446768337235],[-129.88658682185613,53.81215620136085],[-129.89056348564677,53.81054539797857],[-129.8941627910737,53.81052691399607],[-129.9010244043725,53.81185140393491],[-129.90548009328455,53.811422699961554],[-129.91635602812516,53.813560403337405],[-129.91562390544564,53.815534403525156],[-129.92070280014372,53.81855089061255],[-129.92806238408156,53.81889839420844],[-129.93450411647433,53.81753680519941],[-129.9355718039644,53.81643159503806],[-129.94397641079786,53.81596169443533],[-129.9488495904244,53.81650709250229],[-129.95384288740075,53.81162349529219],[-129.9539485164232,53.80960829700148],[-129.94749428772187,53.80555208956899],[-129.9437801020066,53.802498612948206],[-129.93729301180497,53.799573300975084],[-129.9324920186581,53.795997098921276],[-129.93090582534046,53.79300770043359],[-129.9251097005859,53.78892728364073],[-129.9214323849494,53.78469460397115],[-129.90775048289137,53.77734709737222],[-129.90063330234702,53.772385097512576],[-129.8966136038357,53.76810959624701],[-129.89216010542134,53.767720800992585],[-129.8855751112012,53.76842578636822],[-129.88755528670947,53.765993301748125],[-129.88272069538365,53.76398799383228],[-129.88249869923504,53.76213788609419],[-129.87931301433497,53.759950400755805],[-129.8714532144885,53.75687979280485],[-129.873023305487,53.75575459586002],[-129.86373590570898,53.75043659263485],[-129.85854469091927,53.74795850749291],[-129.85175549714154,53.743637495055324],[-129.84518118147554,53.74019659546794],[-129.83389751274123,53.73625719511358],[-129.8306370994436,53.73699920432697],[-129.8281698005225,53.73943458943035],[-129.82824339284264,53.74402771318952],[-129.8305745926151,53.75141790475724],[-129.8275969005163,53.75424210105001],[-129.82375999440936,53.75584150702458],[-129.82016518447725,53.754293398926315],[-129.821937488729,53.74954509398125],[-129.82389928998188,53.746655389377764],[-129.8243537978211,53.74355909206638],[-129.82245251275026,53.739437493369685],[-129.82290168321083,53.73520189205378],[-129.82185758182507,53.73218819843587],[-129.81400170750663,53.7241784857049],[-129.80027081083705,53.7161729902226],[-129.7957040928486,53.71591518943063],[-129.79017009062045,53.71256411278352],[-129.79039301512748,53.710619996204315],[-129.7857144253978,53.70590589977654],[-129.78000067545503,53.70336369467837],[-129.77250239667876,53.70179419338975],[-129.7592867057907,53.69552338545699],[-129.75153839093466,53.69412479345986],[-129.7426591819268,53.69559180192962],[-129.738760982222,53.69702740531119],[-129.7386392980157,53.698699400909774],[-129.7426724072731,53.70242228732603],[-129.74509659927648,53.7058859101789],[-129.7452740029071,53.70817748899064],[-129.7411284054205,53.70853500659233],[-129.73503361544806,53.7003571928324],[-129.72942388747933,53.69139459225356],[-129.7255946162202,53.68353439731103],[-129.7220990063832,53.68281799482026],[-129.7225987820167,53.67931869787785],[-129.72173981023496,53.675117293258225],[-129.71374379525483,53.67126481197788],[-129.71392069717905,53.667443685809864],[-129.7080078958845,53.664081107884186],[-129.70497229877512,53.66367669408153],[-129.70327160263042,53.66150189072268],[-129.698951390445,53.661086008357834],[-129.69531820837264,53.658132209662625],[-129.696430610323,53.65585199385418],[-129.68845359962634,53.65478389597525],[-129.69279488450695,53.65201670312037],[-129.6966276121939,53.65321728680043],[-129.69912851071234,53.65524248655985],[-129.70606452582035,53.65746709975721],[-129.7076056962255,53.657279097672685],[-129.71019582109992,53.661083202805465],[-129.71799741424664,53.665908392846966],[-129.71980327822567,53.66276940032918],[-129.7271884137593,53.66886499836943],[-129.73410398772046,53.669595691048954],[-129.73771791174678,53.671991188772736],[-129.74037348081185,53.672424101718676],[-129.74513749239097,53.68072729990343],[-129.7537146055662,53.68453848346669],[-129.75644201547348,53.68460260455462],[-129.75610269402054,53.68179120265429],[-129.7592723938903,53.67875050005021],[-129.762215596353,53.677393187373944],[-129.75980840394502,53.67481969347054],[-129.75365540609852,53.67439098845813],[-129.75284299376412,53.67217490565204],[-129.75974038297758,53.66939909197538],[-129.75750597915138,53.66465789747375],[-129.7493173970858,53.65606281095939],[-129.73630507690373,53.64476460069712],[-129.7286119870825,53.63988519071149],[-129.72997420364518,53.63823169137056],[-129.7254074849324,53.63387360754182],[-129.72141001313645,53.62822520488738],[-129.7168975037293,53.62607749531156],[-129.71329929946316,53.62160410594164],[-129.709751797633,53.618435210258426],[-129.7069530057788,53.61737278761349],[-129.70311572081852,53.61296339775664],[-129.70077810321888,53.61141390690774],[-129.69663300429565,53.605748407403496],[-129.69337180253854,53.603160602120845],[-129.68793141847365,53.59760899409155],[-129.6800647006758,53.59146071213692],[-129.66341049936497,53.57952719034318],[-129.65644278975063,53.57534150659015],[-129.65080788662334,53.57122839640059],[-129.64636858908136,53.56643449314837],[-129.6380341106268,53.561436898336595],[-129.62592310489086,53.55507360106247],[-129.61919361279584,53.552188093030665],[-129.60656958837262,53.54442329831817],[-129.60122791055196,53.54228420647479],[-129.5994110998736,53.54408149717692],[-129.59858550358928,53.55185199382048],[-129.59712372615246,53.55417770189711],[-129.593637527251,53.55522030202317],[-129.587715211283,53.555025089083735],[-129.58331648493666,53.5578692935151],[-129.58287028994016,53.560441402176494],[-129.5805690030554,53.5622146086172],[-129.57633961065162,53.56315170122645],[-129.56855030235187,53.563288393687195],[-129.56512001592554,53.5608502074119],[-129.56446592421617,53.55585550395474],[-129.56938899265836,53.55484428739279],[-129.5759842009441,53.55705890803382],[-129.57735440328986,53.55240600116021],[-129.5800060990868,53.55090060694475],[-129.58498032714144,53.55042780065524],[-129.59230909605924,53.54765909316748],[-129.59282809892778,53.54484199621177],[-129.59546130366408,53.54106359345166],[-129.59556788358356,53.53900420642315],[-129.5879362992026,53.535042104848785],[-129.58301727395164,53.53047319773621],[-129.57379799791337,53.52488180168965],[-129.56423649141738,53.52047670505184],[-129.56062552677164,53.516665503205104],[-129.54552329592698,53.50905880440632],[-129.5390694842226,53.504404491242475],[-129.53093430179206,53.501232800587985],[-129.5279595979342,53.49853099289907],[-129.51841751045322,53.49358329654187],[-129.5143669081577,53.49017660846071],[-129.51066470001703,53.489364788782915],[-129.50882918595008,53.487117390981616],[-129.50467091647525,53.48479740340995],[-129.49802177744047,53.47923440242576],[-129.4937051175805,53.47741859440589],[-129.4875012170544,53.473704202081514],[-129.48305128667158,53.473291191910874],[-129.47853991043084,53.4754303897165],[-129.47529321018052,53.473501995363165],[-129.47386792130897,53.46984889763683],[-129.46307081850813,53.463428503649084],[-129.45700760314685,53.461295113027504],[-129.45525268874272,53.45917159288176],[-129.45138688848388,53.45811618846989],[-129.44607130389713,53.453920513162316],[-129.4445995051415,53.45133700595554],[-129.43624899840208,53.44613579686818],[-129.43168118582093,53.441182389279135],[-129.4232850900856,53.4356934874847],[-129.41392669112312,53.43288491425994],[-129.4104413934929,53.428986903660366],[-129.40769390390625,53.42812519752922],[-129.4043540789929,53.42197829578272],[-129.40042180671435,53.419726691166844],[-129.39681960152396,53.41931648811694],[-129.39111011822425,53.41507379818459],[-129.38396027282062,53.408167797713375],[-129.3758500002898,53.40462439268844],[-129.37315259497234,53.402304303734375],[-129.36299429671575,53.39796759469568],[-129.36174491031394,53.396137486590526],[-129.35528669764406,53.391635587797595],[-129.3530584989856,53.39145328615821],[-129.3469814009596,53.38741708636574],[-129.34376058990046,53.3871123031921],[-129.3434297959661,53.38515401368136],[-129.3390329912188,53.3824608053402],[-129.33145989688938,53.381142003268366],[-129.32597678161162,53.377849200495746],[-129.32201242188455,53.37634950015248],[-129.3195933126879,53.37424448999592],[-129.3172482073003,53.37427729032959],[-129.312749403184,53.37160979557559],[-129.31020909029692,53.37171659794327],[-129.30820879917118,53.37573000280205],[-129.30079621117636,53.37525429634967],[-129.2985696934187,53.37291428999441],[-129.2994941195969,53.36992779358253],[-129.29697138949913,53.367839896486984],[-129.2943263986264,53.36795379040547],[-129.28981110467907,53.3645940886128],[-129.28087171672786,53.362620107243245],[-129.26992931018103,53.36473080071494],[-129.27397340694588,53.36968279839468],[-129.2788522994445,53.37353671236934],[-129.2799229825072,53.376123104416706],[-129.27913949752647,53.38058370837495],[-129.28290057740548,53.38313729551177],[-129.2877807009594,53.38907631248315],[-129.29098989540964,53.396456493076116],[-129.2901630033537,53.39892178343158],[-129.2851702000842,53.401001214719635],[-129.2784105117668,53.40241969703115],[-129.27113620849417,53.40328129443551],[-129.26709762511268,53.40458449825735],[-129.26007761288963,53.405327904036014],[-129.25563438779494,53.409265903050255],[-129.25526130160281,53.41243038744192],[-129.25815510731886,53.41321519685047],[-129.26434030791415,53.41335479185486],[-129.2530480191039,53.41824943706468],[-129.2684740067397,53.41797763203808],[-129.268576907135,53.42694748038804],[-129.25438881256233,53.42766810175701],[-129.25270969022242,53.42595469393334],[-129.24447840384684,53.42362619586754],[-129.23757659579715,53.42438670469885],[-129.23732280353752,53.427470084461596],[-129.23835038150054,53.43123430540376],[-129.2371825933307,53.43476920023927],[-129.24004961282745,53.43879970904807],[-129.2385464978099,53.444708698788695],[-129.23428330651942,53.44950830130943],[-129.23371738755756,53.45353599884289],[-129.23541328807502,53.455240803163186],[-129.2343875040797,53.46026680302383],[-129.23604349518195,53.465530695156495],[-129.23833010624952,53.47030888782276],[-129.24066020664944,53.47235410515041],[-129.24247940191972,53.47670069837607],[-129.23923469407953,53.48120980439817],[-129.23937669648322,53.484958295771115],[-129.24065118161317,53.486842497659005],[-129.24115779553608,53.49110240125995],[-129.23901240708344,53.49528669429495],[-129.23884381102474,53.49760669324556],[-129.24108378835803,53.5016287042382],[-129.23633378590472,53.507057799402546],[-129.2353848877615,53.50978370938985],[-129.24016689226562,53.51279450513498],[-129.25106749761346,53.512448403422894],[-129.25353460254038,53.511400211562396],[-129.25895349643406,53.51230601170394],[-129.2677238012478,53.511289110527464],[-129.27112271371033,53.51251249947696],[-129.27747390177097,53.51291979628717],[-129.28685298094572,53.51705999926062],[-129.2870484025888,53.519126508599044],[-129.2909744848553,53.51991700441248],[-129.29365109142125,53.514428087650224],[-129.29865587605315,53.51620399379022],[-129.2986834084079,53.520123507940845],[-129.3018406984195,53.522973312423126],[-129.30271901200967,53.52559670588135],[-129.30530638570167,53.526542404491636],[-129.30552421084508,53.52958879753805],[-129.3094195106448,53.53008298529757],[-129.31003800219844,53.536309597986595],[-129.31168221413043,53.538319189840315],[-129.3190018950466,53.54259608664248],[-129.32081509286948,53.544937513684964],[-129.32519717545333,53.547513898934035],[-129.3304616100815,53.54895658576537],[-129.33327808370407,53.55215680367947],[-129.33612169314108,53.55285890408741],[-129.34172560114914,53.55899159195257],[-129.34370310038685,53.56278851086875],[-129.3468279091758,53.562554891894266],[-129.3491515139595,53.564291007403504],[-129.34583137634425,53.5682018944455],[-129.34609410856422,53.57088088540238],[-129.35058680598976,53.57356409741938],[-129.35131121883802,53.57534149939104],[-129.34917890970584,53.57683979200953],[-129.34488160373766,53.575827085073826],[-129.34200229608342,53.572564309118405],[-129.3450318031604,53.57205159903564],[-129.34412120109465,53.567667885245996],[-129.3387836036198,53.56475250380758],[-129.33652520182753,53.56001269600635],[-129.3328712012803,53.55611320249651],[-129.32942788032884,53.55396549574213],[-129.32226199267345,53.554560812964624],[-129.31786101734568,53.55321500184073],[-129.31493288349333,53.551326507542214],[-129.310295687525,53.54670919667091],[-129.307293112024,53.5426444888604],[-129.30080920873738,53.53692629078029],[-129.3014359901613,53.5360447122792],[-129.29818378674523,53.530730997085115],[-129.2986589837603,53.52747669481048],[-129.29693850156661,53.525287709853856],[-129.2923673130172,53.52285369216168],[-129.2866955171845,53.52295759291794],[-129.28113440319555,53.51914080127351],[-129.2745142034887,53.51929168844549],[-129.2647472165329,53.517586998707266],[-129.25259060429968,53.51764108433216],[-129.2476923856194,53.51814519229833],[-129.23404400468112,53.518586706108735],[-129.231639518661,53.51982299659952],[-129.23213201158916,53.52178980946608],[-129.23574642082784,53.52639430379959],[-129.23758000923587,53.53030939004035],[-129.23669919874615,53.5320284144673],[-129.23870160605222,53.53413628954529],[-129.24009598710433,53.53789049452492],[-129.23675740849478,53.5449802097092],[-129.24063941601,53.55374620617172],[-129.2411036005764,53.55846459595889],[-129.23869159688613,53.56420421576964],[-129.24088840522657,53.56821758311557],[-129.2438554246931,53.56963180245003],[-129.2465458058425,53.572843404451724],[-129.2488622158414,53.573692303449846],[-129.2516841981391,53.57834228732789],[-129.2504932038958,53.58143709882663],[-129.25006889289074,53.58620249017787],[-129.25339350537556,53.588828800922585],[-129.25215490336225,53.591671511259165],[-129.249612785777,53.59335769753294],[-129.25072361287948,53.59749080245358],[-129.24977990152217,53.603667583835914],[-129.24550549118888,53.606696909959034],[-129.2419619842188,53.608213707577384],[-129.23985858360598,53.610465296290336],[-129.2401634937275,53.61352031031132],[-129.2470604067224,53.616912699889184],[-129.2554105011309,53.61781280657142],[-129.2611660124454,53.6196885019113],[-129.26373600459672,53.622082603291084],[-129.2753397962762,53.625318403092955],[-129.28916448073755,53.62830640484501],[-129.29252207681333,53.62836049683244],[-129.2978411083277,53.6299115091966],[-129.30080959336303,53.632700093762345],[-129.30302988157564,53.63657820294622],[-129.299002414296,53.64237619502595],[-129.3008071173981,53.64316229669145],[-129.30404199352844,53.649176804538115],[-129.30096220012783,53.650182295043436],[-129.29464652643415,53.64909270065699],[-129.28647028645278,53.643431508926],[-129.274712298899,53.638381294663574],[-129.27044821701114,53.6385607030643],[-129.2665550993531,53.63992651087601],[-129.25741418764875,53.636539798831194],[-129.24087949262992,53.63300629331642],[-129.2348049269086,53.63147239967583],[-129.23356310047572,53.63089131320757],[-129.23113632982881,53.63112379485956],[-129.2326493379572,53.631026856661464],[-129.2578977770337,53.65976997684015],[-129.29474543552817,53.69805311672726],[-129.29539140421255,53.70356448531154],[-129.29428548967675,53.70924003609901],[-129.30808537414862,53.7242172971365],[-129.36250384979812,53.784530293285584],[-129.37348442748794,53.7965409903377],[-129.3737751479537,53.8273229188793],[-129.37485003517872,53.94072209109244],[-129.37468217794728,53.997562994205104],[-129.37384386063061,54.081735970557524],[-129.37275998709168,54.17806703185513],[-129.37236675479085,54.24933957149068],[-129.37210092992763,54.29197543383235],[-129.38000933794865,54.288082946474674],[-129.38366031135678,54.2828153093701],[-129.39353652975623,54.277817666387655],[-129.39804551152434,54.274733676554625],[-129.40176897593162,54.27075735117693],[-129.40217463393716,54.26921103220219],[-129.41160328247773,54.264949680264984],[-129.41883650318482,54.267758351438935],[-129.4212759365228,54.266518956821876],[-129.42503304177887,54.261657362633926],[-129.43436691276978,54.25380633941792],[-129.4491438176335,54.24706217685915],[-129.46783794532377,54.24710515304992],[-129.48060135364415,54.24575829149699],[-129.48318675885466,54.244788439815764],[-129.49286343991358,54.23514351108662],[-129.5050570801795,54.23806571891484],[-129.51559143856878,54.2416409481186],[-129.52173252326435,54.23578433305408],[-129.53062196113552,54.22644161937312],[-129.54407793399173,54.2199589614507],[-129.55810333518235,54.22000986768861],[-129.56439650505126,54.216632185665645],[-129.56673794339738,54.21274153573571],[-129.5671726878952,54.21006315429158],[-129.5705445788556,54.20516122406778],[-129.59178530006696,54.19320759568831],[-129.62641463027984,54.17861012438318],[-129.64268758653867,54.1824005972894],[-129.67731513819305,54.19598527029678],[-129.73892787982095,54.21547169774742],[-129.7926231251738,54.21847753821207],[-129.8555692647101,54.223768493399334],[-129.89098142182695,54.21367434341503],[-129.94656255067218,54.1904513428506],[-129.9640008819713,54.179591175133226],[-129.98628891066292,54.16360481728728],[-130.00229702311805,54.15824407261116],[-130.02593297092318,54.15581831329111],[-130.04333546970105,54.15836207520673],[-130.06280581875663,54.15442234527057],[-130.0644913731628,54.15337348816395],[-130.09331375605464,54.16475016472762],[-130.0982286149546,54.1666925172656],[-130.1000773020891,54.16543271139634],[-130.10530111627116,54.15743009815489],[-130.11198750347162,54.15315321238543],[-130.1157149949474,54.151662086620625],[-130.12468955210224,54.14949299511839]]],[[[-130.22377079582327,53.90671799095975],[-130.22350262335314,53.9043124981198],[-130.22705950235863,53.90254080448779],[-130.2257707185792,53.899075706331296],[-130.22682440537747,53.89611620005813],[-130.23258310540353,53.89113999492284],[-130.23559090849085,53.89248440107895],[-130.24273882538324,53.89233059970576],[-130.24989469194307,53.88788708964394],[-130.25792920535102,53.889466502029926],[-130.26140898755938,53.88775749923956],[-130.2604731955097,53.88548440038029],[-130.26554010430453,53.883453496900486],[-130.26985251864136,53.8791752000651],[-130.27359591215173,53.87718409742768],[-130.27801260013172,53.8734341932728],[-130.2869916964639,53.86957171025363],[-130.28423581036566,53.86550279148145],[-130.2791716193351,53.863507501636406],[-130.2829108105458,53.86245209213238],[-130.28671418969014,53.85660430550891],[-130.29036049304597,53.85400229868963],[-130.29441008742202,53.85226050048601],[-130.2941983887354,53.84836100139972],[-130.29517221284436,53.84538440917413],[-130.29353989258738,53.84124989112626],[-130.29058407722755,53.840507901896956],[-130.28961550313005,53.83574538960922],[-130.29149359529123,53.83451199072356],[-130.28831458380182,53.827543304526394],[-130.29056551813642,53.825586498255404],[-130.29004827434835,53.82357979984689],[-130.28295879273065,53.824266186827415],[-130.27681919642745,53.82223821472817],[-130.27290539698697,53.81943819864841],[-130.26540239377897,53.81945520952417],[-130.26101890444588,53.81768499303266],[-130.2522669779279,53.8186405976418],[-130.25017430585723,53.81715229636245],[-130.2469556204038,53.81727479654357],[-130.24403098510163,53.81495050039263],[-130.23948770616937,53.81435089008951],[-130.22970150009715,53.81470269564626],[-130.22182148455394,53.813237193139976],[-130.22023110387303,53.81394500651154],[-130.2133102188308,53.81359319917061],[-130.2036415975318,53.81385241364366],[-130.2013872061856,53.81311039762616],[-130.19108838594224,53.81573089124061],[-130.18405501097808,53.81681619257063],[-130.181337796487,53.81632200573749],[-130.17758498383466,53.81736449744652],[-130.17318517739733,53.816977098723775],[-130.1706264953815,53.81515840348312],[-130.1737558248979,53.813537697617406],[-130.17769720747341,53.81543188569096],[-130.182609627106,53.815085800419894],[-130.18234749677816,53.812742996308934],[-130.18413261061212,53.81143128913574],[-130.18471327848613,53.808315101286134],[-130.19053248662203,53.807340890522745],[-130.19815890317716,53.80909840252069],[-130.20160239731288,53.808389089939865],[-130.20450138350728,53.80995149050564],[-130.2107405861077,53.81038299773671],[-130.21549648262643,53.80993009621696],[-130.22022131706518,53.80787790208251],[-130.220399590333,53.805601988036145],[-130.2170621986211,53.80312809493546],[-130.22101868268885,53.80081379244968],[-130.22226571797498,53.79877859521259],[-130.22133089203828,53.795867515053985],[-130.21903840685064,53.79478509203016],[-130.21706262378098,53.790058100752645],[-130.21347489116687,53.78880910697209],[-130.21042179352108,53.78451651624115],[-130.2107811006854,53.782266293361644],[-130.21334079881734,53.78048750332533],[-130.213727323261,53.77490170262656],[-130.20891220536996,53.77158758341836],[-130.2073155147399,53.762479804626174],[-130.20552521134763,53.75983780840737],[-130.2058699101389,53.75758758548164],[-130.203759504037,53.75430909096304],[-130.2037921896235,53.747512701567665],[-130.20567170539505,53.745884881537464],[-130.2123771256782,53.74336400321272],[-130.21285099975924,53.74032901101075],[-130.2148469085563,53.735959583759644],[-130.21366630156635,53.73440718479039],[-130.21296191685664,53.72944239393194],[-130.20880341058233,53.72604281012496],[-130.2090117838837,53.72492620725713],[-130.2058638992719,53.72137989232657],[-130.20242577637262,53.721468197244654],[-130.1955934872991,53.72043138967337],[-130.1928128948304,53.71857140129109],[-130.18879142628606,53.71950990344963],[-130.18236820786382,53.71846740298465],[-130.17429990737114,53.71939168832629],[-130.16736648777484,53.716897905415166],[-130.15094769511902,53.7143869918891],[-130.1451147053239,53.71111709301636],[-130.13581240607158,53.70886818670043],[-130.1318866113938,53.70487899566155],[-130.12344362040005,53.702999101513015],[-130.11788400742597,53.703014709096955],[-130.11096459235893,53.69912379524374],[-130.10403419838184,53.69934031251774],[-130.0997462104169,53.706904309651485],[-130.0974823167318,53.7083456027147],[-130.09416959968283,53.71439840673672],[-130.08848790701828,53.716813886253895],[-130.08876770837048,53.72175450462215],[-130.0862075074124,53.72239820360129],[-130.08397971961298,53.7247197003819],[-130.07684547696135,53.719031400906054],[-130.0755818268312,53.71702039964959],[-130.07654969741046,53.71391849435661],[-130.07858039733787,53.71220228603934],[-130.08344881348336,53.71231059003123],[-130.08978729405663,53.71023979908278],[-130.09345691255544,53.70684439908522],[-130.09177059053405,53.70427091364685],[-130.0990832075581,53.7017955845798],[-130.1018110796495,53.69833619518638],[-130.1017219227459,53.69611730318212],[-130.0977076095817,53.69486829501806],[-130.09866789350386,53.69228050443477],[-130.09789790664297,53.68823289489354],[-130.09439428246463,53.68514659412974],[-130.09302078305453,53.681221492485406],[-130.09103779297357,53.68000810209395],[-130.09137729589756,53.675591593310095],[-130.08891681531716,53.67292549507646],[-130.09163398721773,53.67089738905954],[-130.09472469241075,53.670391798244246],[-130.0990436209332,53.66827679945707],[-130.09901837701813,53.664420098328904],[-130.0969682971535,53.66360259766605],[-130.08898550090942,53.65562129270745],[-130.08635060790175,53.65027058626835],[-130.08577131249993,53.646598988299374],[-130.08713089321125,53.642389003096014],[-130.08070142264782,53.6388156044265],[-130.07760139813468,53.634691103079994],[-130.0727961135166,53.63067060363048],[-130.06892161473948,53.62997700502143],[-130.0622616782283,53.630324498584955],[-130.05991349879082,53.63140549852734],[-130.05626207552197,53.630539593349],[-130.04777049586292,53.63139550748085],[-130.04562979201643,53.633554591050185],[-130.035598996104,53.63401038748786],[-130.02486519972473,53.63669928586259],[-130.01836800116928,53.63876868456747],[-130.0099348058442,53.639730008559575],[-130.0025730073547,53.6418861988657],[-129.99666749063098,53.64542398979357],[-129.99259170197826,53.64578999584952],[-129.98530709747908,53.64414221338658],[-129.98439598869385,53.64724130713508],[-129.9801106802911,53.647781095635246],[-129.9750907897419,53.64727259327952],[-129.97216779005146,53.64579570005137],[-129.9671973114623,53.64476599569492],[-129.96363919944739,53.64657470689408],[-129.96037230847165,53.64665449447414],[-129.95786539200813,53.6494616092347],[-129.95102918175155,53.648221097538006],[-129.94205641981932,53.65293099789517],[-129.93921711848407,53.65658409539117],[-129.93215661473982,53.655507394601365],[-129.92686591511173,53.65371430357619],[-129.9244451883721,53.65025489443546],[-129.92166068193816,53.64880219617609],[-129.9155306082984,53.643078307935255],[-129.90990410078095,53.63963319474225],[-129.89530570526063,53.6373529835322],[-129.89182450953626,53.63515829549477],[-129.87722519969122,53.633494790974815],[-129.87732980473706,53.630482605279305],[-129.87339231410328,53.62875929452704],[-129.86793440050968,53.62808000268445],[-129.86238520918926,53.62886608951777],[-129.85864689513937,53.631661810928634],[-129.85346300754054,53.63253490719008],[-129.8478771988376,53.62931189046291],[-129.85064031383666,53.62750319119216],[-129.8487442000881,53.62497228731352],[-129.83482350931985,53.622958492623134],[-129.83237057445942,53.62043199511607],[-129.83374190862378,53.61943361044972],[-129.8397211051271,53.619058997762885],[-129.85364169333286,53.62271779016114],[-129.85694800221603,53.62686510609489],[-129.86123810794334,53.627390583565074],[-129.86985680212078,53.62670840944207],[-129.87900219165644,53.629428691702856],[-129.89289020981641,53.63260609847659],[-129.89834760305794,53.63530779153462],[-129.9077239934498,53.63886830667814],[-129.91454781317475,53.639624598446375],[-129.91747021968624,53.64117559657134],[-129.9211465024815,53.64745778999077],[-129.9235922147191,53.64858999375086],[-129.9286884136363,53.646383906123894],[-129.9370344112877,53.64483579090815],[-129.94431979791617,53.647312499129875],[-129.94435651245658,53.64414929929436],[-129.94983361035855,53.642837598861554],[-129.96242510948406,53.64245019712341],[-129.96850979783542,53.64127669348531],[-129.97231778760914,53.63976280799043],[-129.9764804924097,53.64053751197632],[-129.98238679297455,53.63962751159735],[-129.99331091651922,53.63460140095466],[-129.99850088436295,53.632742798155576],[-130.00016840128467,53.633556083735805],[-130.01925661713375,53.63114770034611],[-130.0208425080177,53.631664706636904],[-130.02795601093334,53.63005819526426],[-130.03179590804658,53.62994419380439],[-130.04232040099018,53.62812700861195],[-130.04881548808785,53.627800806274145],[-130.05763409317336,53.62674260374222],[-130.06320420709844,53.624482391886794],[-130.0616123001717,53.621952984030685],[-130.061877604912,53.61745539433775],[-130.0604662175819,53.61547290402442],[-130.06099067823337,53.612869392167084],[-130.06312757769336,53.61064049587552],[-130.06078527930444,53.607685300247844],[-130.06175008716377,53.60450359542932],[-130.06084909951758,53.60296551119319],[-130.06192122106685,53.59806620182271],[-130.05731437793617,53.5951408007362],[-130.0556699075066,53.592880585340396],[-130.05121808971825,53.59180529112659],[-130.05148282329918,53.589106504219586],[-130.04902930179668,53.58884008938152],[-130.04511869295237,53.5846672032864],[-130.0423192846927,53.58514999968297],[-130.0417939060071,53.58765379193438],[-130.03888660485146,53.58745438945716],[-130.03643861144747,53.590469398803805],[-130.0342905942689,53.589157697084985],[-130.03838728075596,53.584303997016654],[-130.03667671404153,53.58172050139876],[-130.0312051799372,53.58036609643005],[-130.03206970037215,53.57799480298366],[-130.02944469162728,53.575032388665115],[-130.0242430077221,53.57409668458341],[-130.01732172313578,53.568223301404274],[-130.01119228480513,53.567690607169645],[-130.00882850198047,53.564789504116526],[-129.99577238020456,53.56764080251123],[-129.99302629593114,53.57095350375847],[-129.98785779256553,53.57008900889339],[-129.98396690840298,53.570956290564816],[-129.98264438002656,53.57448270187042],[-129.97938351746495,53.575857098224105],[-129.97658339511577,53.57426190032198],[-129.97398049179037,53.57476901316663],[-129.96742899300878,53.5742020906947],[-129.9637976022871,53.575220398980356],[-129.96288971666638,53.5771061053202],[-129.9561671168544,53.57845480544424],[-129.95366710701546,53.580712192949996],[-129.95476770763315,53.58202530062725],[-129.95289388347402,53.586686696795766],[-129.9543398225096,53.58779050081099],[-129.95838267829632,53.586175394327846],[-129.96217640344295,53.58697298371055],[-129.96241111812458,53.59001799868033],[-129.95840170717088,53.59439170390207],[-129.95363729916315,53.59423218576491],[-129.95172601752924,53.59794079443152],[-129.95971629463688,53.598443609817856],[-129.95215928215077,53.60175769096515],[-129.94251820366526,53.60240998917874],[-129.94615511682625,53.59947759123953],[-129.94197561895137,53.5970835025675],[-129.93921548657406,53.59793228917402],[-129.935429783505,53.60100999087106],[-129.93598521300027,53.60287429029797],[-129.9341589209111,53.606430599777276],[-129.929689499798,53.60732781479065],[-129.92661139748046,53.608969903612596],[-129.92465269636187,53.60714271079001],[-129.92111191022553,53.60836610384564],[-129.9166681904336,53.6084001936274],[-129.9086844945926,53.6096293166985],[-129.90460911745078,53.60844580408196],[-129.90652277708102,53.606131500196504],[-129.9137192069905,53.60475429469622],[-129.92262828942643,53.603778711636366],[-129.93271458406525,53.601893007025474],[-129.9369150123127,53.598507709796316],[-129.93769682177776,53.592812304530526],[-129.94492111261334,53.59025579762628],[-129.94498390705496,53.58832319752915],[-129.9489141125444,53.586359188567904],[-129.9442844846261,53.58475980235914],[-129.93573548874954,53.58818930096758],[-129.93316741008232,53.58682488576655],[-129.94400520067782,53.583737204790424],[-129.94870128295764,53.57688679307574],[-129.95259089340135,53.5752461059811],[-129.94410700105593,53.57273379371757],[-129.94097697929448,53.57318100210542],[-129.93411109310455,53.57550948836123],[-129.9301787004848,53.578641412172566],[-129.92876557576363,53.58101550007175],[-129.92431359218142,53.58126619585552],[-129.9279895187005,53.57591689801264],[-129.9254497858901,53.57580149145078],[-129.92070942118212,53.57875959817918],[-129.91547149129346,53.579608396134795],[-129.90455110258014,53.58236141012193],[-129.89284158929206,53.58370729327697],[-129.89070648071885,53.58272599876521],[-129.88860859907706,53.577779695935355],[-129.88552639476998,53.57699361477344],[-129.88696371499157,53.57283909420904],[-129.88137672288573,53.567028399260714],[-129.88366910570875,53.56686739239564],[-129.88751319793067,53.56446620961604],[-129.89509441101734,53.56307900081582],[-129.89519229971745,53.56479519141813],[-129.8980552209005,53.566706503108556],[-129.9003568928026,53.56989821354492],[-129.89995421288333,53.57288619306714],[-129.9068963051332,53.57127820861017],[-129.90776639387957,53.57037241134573],[-129.9149959041502,53.569436683646344],[-129.91419601583908,53.567365895825866],[-129.91724141906383,53.566434500511996],[-129.920411608369,53.56294938994869],[-129.91864838912775,53.56169608860339],[-129.92222189862932,53.55586121287446],[-129.92665972144195,53.55526160541119],[-129.92955358618033,53.5570275929275],[-129.94625108755983,53.55512630309583],[-129.95072879190732,53.55281620327509],[-129.94976078222015,53.55073830040908],[-129.93839859361475,53.55022560941104],[-129.93381470307756,53.549020698281616],[-129.92785531815613,53.54982249429289],[-129.92195071943283,53.55242169666743],[-129.91809588476605,53.552235090348695],[-129.91115349440344,53.54870171403725],[-129.9083240001659,53.5491815971018],[-129.90331448051325,53.54843669409125],[-129.90081877625533,53.546774701081596],[-129.89463019324862,53.545320598279496],[-129.88773339357687,53.546855905372304],[-129.88926600852497,53.5515087865339],[-129.88660117643573,53.55256269828189],[-129.88537998126392,53.549056302528975],[-129.8790075139184,53.545940107705846],[-129.88042958332235,53.54398750395533],[-129.87691881915464,53.5428097043532],[-129.87767447779,53.54136559276055],[-129.88164828429285,53.54161480293711],[-129.88141700574752,53.537696783019534],[-129.88014469407318,53.53536960463501],[-129.88407631641186,53.52705219036518],[-129.88183490144928,53.52519929366017],[-129.87938319590023,53.52621481333545],[-129.87369279996415,53.5231555878583],[-129.87210141806625,53.51985000217024],[-129.87545530898456,53.51793870931868],[-129.8684364870934,53.51767530921403],[-129.8622501088073,53.52047949511399],[-129.8576098195185,53.520728806203344],[-129.84948550016193,53.522511902518026],[-129.84640122244343,53.52066469721825],[-129.84292451441956,53.52034709567094],[-129.83761360681112,53.51793020323156],[-129.82803080806886,53.51843860802491],[-129.82428798766307,53.5206575048603],[-129.82254151116956,53.519194889723934],[-129.81656009891338,53.520305809735156],[-129.82035421081977,53.51612709287582],[-129.81655918093145,53.516377802237905],[-129.81393860459013,53.51417448328027],[-129.81891750456418,53.51273888405262],[-129.82416740680313,53.51518428590697],[-129.828114182372,53.51578529606752],[-129.82723410041405,53.51310351314607],[-129.82206111510925,53.51151269197635],[-129.82450560082992,53.508520395557],[-129.82955010034553,53.508980511634114],[-129.8316794996169,53.51146431452646],[-129.83606490898728,53.51351088417354],[-129.84534549210125,53.51391249494971],[-129.85922640133145,53.51638490428088],[-129.86864478773586,53.51672099794442],[-129.87081239351784,53.514395311375324],[-129.87878070327073,53.513842698408006],[-129.88347498191376,53.5162439060467],[-129.8876165157934,53.515970503904256],[-129.89037651687795,53.51385550379083],[-129.89033358968976,53.5096313042133],[-129.89523801626424,53.506196097838604],[-129.89205421156325,53.501041907368844],[-129.88333669453695,53.50086389521531],[-129.8769953937247,53.50264559945003],[-129.87602911453644,53.501160102211244],[-129.88677998389136,53.50047079185328],[-129.88980968879247,53.499000998312845],[-129.8956823185524,53.500053501492225],[-129.89886291904838,53.499328593493146],[-129.89442021403298,53.49457880283206],[-129.8999145994402,53.48921668370966],[-129.90345871023246,53.489316390971084],[-129.90661090410234,53.488043200028656],[-129.90702490065016,53.485495184313095],[-129.90985237997938,53.48313680115614],[-129.90941049763316,53.48006620213248],[-129.90664561379046,53.47765919708382],[-129.91160159826063,53.47400899741501],[-129.90853150838677,53.471425502171165],[-129.90155388386526,53.4712986988965],[-129.9015936227533,53.47321290345063],[-129.89596910990477,53.47147529445996],[-129.89164868438738,53.471696098435125],[-129.8894204044689,53.47387078334721],[-129.88319221796996,53.47149810108423],[-129.87736681479973,53.472476507349896],[-129.87699149855763,53.474654190055276],[-129.87340332040543,53.47533639409215],[-129.86814060873948,53.47363159185371],[-129.87388039644574,53.47072189243434],[-129.8760696089136,53.46801878656282],[-129.87873999409535,53.46887899298872],[-129.879343407388,53.47110360902703],[-129.88550682131014,53.47046560594366],[-129.8890799120671,53.46773250944543],[-129.89287131863577,53.466752597223525],[-129.89768090917698,53.469106886868396],[-129.89828809653426,53.46715140397045],[-129.90549502122997,53.46676549925389],[-129.90907418539672,53.46511050742033],[-129.9130762053962,53.46623140759182],[-129.91372410554996,53.463402882439674],[-129.90898240163574,53.462900187631696],[-129.90554321582263,53.45980680705236],[-129.89617530533076,53.46053449206982],[-129.89454409493015,53.45958459742032],[-129.88235601693032,53.45734720259563],[-129.87676582094875,53.45941079432585],[-129.86945052567273,53.46039920085538],[-129.8670890079127,53.46196159950753],[-129.86382199638578,53.45683440909608],[-129.86804607581522,53.45575200076587],[-129.86257899828087,53.45047109528668],[-129.86295550514424,53.44902119188362],[-129.85290422453195,53.448608204706],[-129.85111769596944,53.451919487681415],[-129.84846491053665,53.45404159941541],[-129.84227071860343,53.45532620240193],[-129.8420374149114,53.45726029234129],[-129.84447762779712,53.46114410112727],[-129.84371149433213,53.46724399947297],[-129.84177820293834,53.46928061058517],[-129.83693719676123,53.46526859306789],[-129.8384459982637,53.463793107547176],[-129.83819912430158,53.45819460200477],[-129.83606021659892,53.455854598123715],[-129.82786589888565,53.45811479006502],[-129.8244120043465,53.45786841004336],[-129.82454381636913,53.45530629899731],[-129.8226424088268,53.45353030978342],[-129.8234111207427,53.44892300412193],[-129.82713861984215,53.448545603881065],[-129.8310572073571,53.45105361124488],[-129.83177662441545,53.453259704277244],[-129.83651057929464,53.4526700995834],[-129.83345481278909,53.449733300599235],[-129.8338079873295,53.44695330720418],[-129.83827141228497,53.44499930346229],[-129.8389858835949,53.44310650458343],[-129.84293988878665,53.44207110584715],[-129.84568028459185,53.43979519137609],[-129.84357751070772,53.43770730905923],[-129.8366620873689,53.43824140694988],[-129.82702998595883,53.44216509023958],[-129.82239950253972,53.445684288040546],[-129.8222262998625,53.447635486591736],[-129.8117668243561,53.45099799827808],[-129.79720360033633,53.45498720773687],[-129.7870538147263,53.45912740827984],[-129.78264130515748,53.46001039920235],[-129.78357579707827,53.456660700266994],[-129.7869801946746,53.455163897154314],[-129.78967479303628,53.45663790665099],[-129.79635029992266,53.45446309615587],[-129.80121187697586,53.45188669300387],[-129.7998446186592,53.45042120565003],[-129.78859460385843,53.4504611107711],[-129.78377679556016,53.4512473041017],[-129.78034452193322,53.44966929815461],[-129.7833674845942,53.447007394103935],[-129.7961302853153,53.44912519488301],[-129.80004860939903,53.447651090416535],[-129.81026909466,53.4467737899704],[-129.81859230286693,53.443445483454795],[-129.82225308699668,53.44350100659309],[-129.83963370585835,53.43474209603535],[-129.838714881326,53.433129891118966],[-129.83389597857547,53.43300169239032],[-129.83373468656575,53.431700003702666],[-129.8392134213554,53.43173279827056],[-129.8472965964182,53.42946541084886],[-129.84669581778954,53.427212305953866],[-129.84389442288992,53.42554319768185],[-129.8290836296384,53.425556002084264],[-129.8301056021757,53.42308640841432],[-129.83579279792932,53.42308211114198],[-129.83858420737263,53.42414168638346],[-129.84417099459867,53.4236075868053],[-129.84888550281633,53.42236151039985],[-129.8499700927587,53.41788660872761],[-129.84131651682318,53.41550249093793],[-129.83806967632765,53.415650594896185],[-129.83629608660766,53.41804468931192],[-129.83217200340064,53.420222305777116],[-129.82880011479156,53.41940050282657],[-129.83079301786884,53.41749070220315],[-129.83651341118474,53.416821290740195],[-129.83450388350107,53.41257429746429],[-129.83114670945417,53.41317388762927],[-129.82948108927116,53.41039810568786],[-129.8304689068473,53.407722000647794],[-129.83586722237257,53.40455600555693],[-129.83899030235344,53.40661969160553],[-129.8376801818909,53.4095492954541],[-129.84132739823104,53.41293180650319],[-129.84469817833866,53.41299729462045],[-129.84945227981666,53.4114990044741],[-129.84979511237722,53.40824189468798],[-129.84444538248485,53.40326419349109],[-129.84122987968163,53.40503879612029],[-129.83886119345587,53.40391510402953],[-129.84014839357073,53.399762097464745],[-129.83666919804458,53.39333180872925],[-129.8337883936388,53.390547514802385],[-129.83269008463856,53.387471189756255],[-129.8260128153802,53.38428240653064],[-129.82364389584185,53.384612812737046],[-129.81997660153274,53.38231841315643],[-129.81778067926692,53.3791608960919],[-129.80846348275696,53.3785685062066],[-129.80279729840683,53.38747830987223],[-129.80096680147105,53.39801748918305],[-129.79744368195944,53.40190550251262],[-129.7937110229907,53.40338670228275],[-129.7925606950816,53.40623509573646],[-129.78461019121153,53.406548487843025],[-129.7849979908158,53.404802396803746],[-129.7897379071264,53.40239831179651],[-129.78898538766686,53.39921090547479],[-129.79578930271865,53.39788068385964],[-129.79600340650936,53.394005495772845],[-129.79936401086937,53.39192469023816],[-129.8013710239531,53.38835129890838],[-129.80117469339822,53.382752810125105],[-129.8034428021626,53.38016641329153],[-129.80790850931152,53.378689502261295],[-129.8083779896215,53.37567449446994],[-129.80626030404497,53.37496950530859],[-129.79862652424205,53.37587529733709],[-129.79742641284335,53.3735552068873],[-129.7932759268176,53.37274630087483],[-129.78876998800575,53.369567409191724],[-129.78385840606833,53.36897070753606],[-129.7796130199119,53.37109280083176],[-129.78130738896957,53.373283204204135],[-129.78041058047629,53.37610309143116],[-129.77715271779155,53.37624130396782],[-129.77734219373082,53.37929621510611],[-129.77536168604078,53.382796897027866],[-129.77102659853048,53.38246510882982],[-129.76636479213758,53.38072469077284],[-129.76122478974236,53.380793111888465],[-129.7620197137526,53.3790355897435],[-129.76555701798546,53.37927340333275],[-129.76724269940246,53.37767119356035],[-129.77236918157567,53.377692599509736],[-129.7754482822428,53.375146100621],[-129.77231970172897,53.37330598848482],[-129.77153061797355,53.37127929580773],[-129.77283028617632,53.36833120770459],[-129.7790330944704,53.3673030080282],[-129.77870830513265,53.36514811200624],[-129.77456289734005,53.36111189190755],[-129.76957891893937,53.35975040376196],[-129.76497679714748,53.355303995948205],[-129.76072109466168,53.35346961613225],[-129.76313060562333,53.352069611452684],[-129.76305080754582,53.35011130937286],[-129.75146371676513,53.34294750109236],[-129.7459731911744,53.34173271086345],[-129.74385189454995,53.3372250939324],[-129.73935130187573,53.33568828935185],[-129.73699189486646,53.33296101198344],[-129.73220069682324,53.33041171404295],[-129.72351480571595,53.32998718884701],[-129.7181332036391,53.32776408305036],[-129.72027171713594,53.324640798835176],[-129.71306942038427,53.32312969811785],[-129.70984069995922,53.32571891074563],[-129.7097172825334,53.32829099978322],[-129.70689658745087,53.328397809748935],[-129.70509188110125,53.33185149122084],[-129.70714407808157,53.33695309409953],[-129.69943289771507,53.33932719109157],[-129.6942245817317,53.335906292496375],[-129.69900150775663,53.33504180373557],[-129.6967348060449,53.33321309962638],[-129.69022559268956,53.33657561515995],[-129.685898188545,53.33820069675337],[-129.68413390915364,53.340593308318475],[-129.68051717778263,53.34173839749775],[-129.67857391722063,53.339510892696964],[-129.67515901356973,53.33822629094163],[-129.67074708796025,53.33838579522451],[-129.6656915236158,53.339817101637934],[-129.6627886064153,53.33944679109232],[-129.66364150743226,53.33450628270841],[-129.65781558747182,53.33359480023755],[-129.65159409407386,53.336272309547496],[-129.65058300746284,53.33877601147631],[-129.64600959138025,53.34041960709083],[-129.64176400332119,53.33871618460463],[-129.6385133849292,53.33919189501407],[-129.63401490926248,53.34172409169771],[-129.63210480853397,53.34557238845616],[-129.63629401923652,53.35056709899168],[-129.63907249594737,53.3525295865114],[-129.64492548714878,53.359122294454885],[-129.64872370526626,53.360864108244044],[-129.6507008901206,53.36344190801549],[-129.64877500015814,53.36514238976947],[-129.64317509712572,53.36457988801816],[-129.6416481210256,53.36100939730632],[-129.63608741141616,53.35580819035617],[-129.63327419662943,53.35061830782029],[-129.6287494714969,53.34624599703415],[-129.6304622984137,53.34328940881498],[-129.63440832015675,53.339969497447434],[-129.6334989914449,53.33829320903462],[-129.6366618017791,53.33587630091541],[-129.6414766854899,53.33550890324671],[-129.6456409126951,53.33280720154399],[-129.65298022255354,53.33151830458817],[-129.66106879085123,53.333262894373654],[-129.66870239609233,53.334406603525224],[-129.6701005232513,53.333680198808324],[-129.67766069925904,53.334059085320554],[-129.68022420643476,53.33098849536663],[-129.68576310532666,53.32803609987256],[-129.69022362837808,53.328063102261765],[-129.69303040088525,53.32613330820971],[-129.69614051082078,53.322518698195594],[-129.69954747849957,53.3206288027612],[-129.697409998718,53.31845681367389],[-129.69303670803018,53.31907639846426],[-129.6904164984967,53.31768060991413],[-129.68230678671935,53.315497290472464],[-129.6753265775094,53.31456589688935],[-129.67223808858463,53.311069499206184],[-129.66558821980263,53.31094410288219],[-129.6550061726388,53.31187559628385],[-129.65433471908113,53.31406319387629],[-129.66773561666875,53.315867596],[-129.66685691028482,53.318273086784195],[-129.66058799091792,53.316599691454044],[-129.65158009999632,53.31553439889287],[-129.6493775988408,53.31783870911952],[-129.6432624992781,53.316532705660045],[-129.63870340930004,53.314830809475886],[-129.6382236075662,53.31273010656657],[-129.63224509989837,53.31243810198624],[-129.62713899302102,53.31331969495351],[-129.62223088684468,53.31228429056469],[-129.61943809499522,53.31425831140338],[-129.61704741746544,53.314073101866626],[-129.6157147072001,53.31730748908655],[-129.61164750929697,53.31630340070242],[-129.61101582034325,53.322527201878394],[-129.61264132710713,53.32604220312382],[-129.61580699705286,53.32589978651571],[-129.61758697815281,53.328506097972834],[-129.6129920740069,53.33061529898493],[-129.60870060263278,53.327573206790476],[-129.60509170843952,53.32295308616212],[-129.60401629041039,53.32017159519743],[-129.59956067743303,53.319304200023666],[-129.5942144840862,53.31705680514246],[-129.5898855059508,53.31779739713896],[-129.58654748080326,53.319458104971396],[-129.58242220040412,53.31981980955846],[-129.58207349758365,53.32274369174896],[-129.57912120111268,53.322164092021865],[-129.57827800368304,53.31853660252437],[-129.5731894154794,53.318669091907225],[-129.58079929446308,53.31418279604277],[-129.59635108968618,53.31412440178863],[-129.60106977987232,53.311358599355856],[-129.6103635048066,53.311536603394465],[-129.62537710819151,53.30984038335719],[-129.62703861502087,53.307548790212834],[-129.6326213074133,53.30640520448529],[-129.63818799865206,53.30733660570007],[-129.64164330746237,53.306625883455574],[-129.65243642605702,53.30669290201347],[-129.65420428700656,53.30749330086458],[-129.66974088233226,53.30676840153953],[-129.67218439770613,53.30753600670607],[-129.68548259229766,53.30764988664632],[-129.68260321576116,53.30498810299083],[-129.68211090976297,53.30133208952301],[-129.6782607955963,53.30186620919461],[-129.67717710596213,53.299697188172885],[-129.67793840525258,53.2965282923968],[-129.67316561143096,53.292635892069335],[-129.66986528825197,53.29169310598814],[-129.66913762364504,53.28938729757321],[-129.67209768180496,53.2877965023495],[-129.66904380432658,53.28242999462701],[-129.66127970704895,53.28178909092131],[-129.66593758038692,53.279434901422306],[-129.66535880620012,53.27688559631062],[-129.66153427703622,53.27587299904859],[-129.65813731325807,53.277366989988536],[-129.65504850190536,53.2764397841693],[-129.650761601929,53.278503494136324],[-129.64738911524174,53.277623294405956],[-129.64842038394707,53.273518799174084],[-129.6510497115362,53.2728921043881],[-129.65481250872057,53.26984290530049],[-129.65486689611728,53.26852979571223],[-129.6506807001017,53.266260986978054],[-129.6471365946232,53.26692748922385],[-129.64935897365362,53.26906379566541],[-129.64676252488738,53.27088400411706],[-129.6428117876391,53.26741751127852],[-129.64563258803489,53.26458899615398],[-129.64498880515143,53.26065529028768],[-129.64184768673573,53.25916269622862],[-129.63295161571304,53.25873260748386],[-129.6318014047709,53.25705779324679],[-129.63386942226603,53.254935700302745],[-129.63339360913253,53.252178395656635],[-129.63709449172413,53.25096211270141],[-129.6342741178501,53.248784498139024],[-129.62409561096814,53.24761519490629],[-129.62057158485712,53.243318396026424],[-129.61568310516293,53.24102540521064],[-129.60921118086156,53.238973093263326],[-129.60647508324504,53.23636260440023],[-129.60535691408828,53.23352699240667],[-129.60618807597706,53.23082669619021],[-129.60160350274424,53.225473092231205],[-129.60357699937248,53.22204780560097],[-129.6029146872693,53.22066639201944],[-129.5957613055286,53.21687369827923],[-129.59295697614786,53.21756160022097],[-129.59209500191602,53.21485989196631],[-129.5857769901497,53.21160980160673],[-129.57919968356782,53.21358380459741],[-129.57871289388777,53.21533981161245],[-129.57195927778739,53.21524579339183],[-129.56451200838868,53.21834629316928],[-129.5604531132959,53.217233992662194],[-129.55681718437694,53.215129001713024],[-129.55462648405108,53.212478605008926],[-129.54260720282537,53.21657889891704],[-129.53800489806207,53.2173465142446],[-129.53386159999272,53.21660879059509],[-129.52904460435093,53.21940879202479],[-129.5253455962416,53.22057518871195],[-129.52384680055295,53.21695910121764],[-129.52075701917246,53.21643359303458],[-129.5175476863389,53.21742769570818],[-129.5096279849549,53.21509770404778],[-129.5113161867262,53.2135524060353],[-129.50703291056664,53.21095610906396],[-129.50672501608884,53.20884399769409],[-129.50291181302956,53.20806070470499],[-129.49947018528792,53.20953189810377],[-129.49905030220796,53.21335298978301],[-129.50288099755292,53.21448810426588],[-129.49944829786523,53.21674120894021],[-129.50225208942513,53.22205069465875],[-129.5005762142904,53.22230989464344],[-129.4942973053288,53.22056519232387],[-129.4905587156652,53.22247649521168],[-129.48849579040476,53.22548728784646],[-129.48782399338745,53.22949931475041],[-129.49177401920727,53.233051301727194],[-129.49678348316684,53.23865840133356],[-129.49421210841493,53.24061099176224],[-129.4999047042404,53.24425408369105],[-129.50336860089277,53.24565979519567],[-129.5084924981065,53.25068161401829],[-129.51211871678257,53.25680569981687],[-129.51234598718932,53.25829680529198],[-129.50554981035114,53.26425000490497],[-129.50293037867965,53.26466589698276],[-129.5006846957036,53.27256738778717],[-129.50413630545896,53.27282229204744],[-129.50590630854734,53.27546710376051],[-129.50969620394113,53.27755360768701],[-129.51244600718763,53.27419811093877],[-129.51540369885143,53.27709779235703],[-129.5129289912428,53.27958020621476],[-129.51515408639668,53.283714698026074],[-129.51774569339094,53.28585241283671],[-129.53960689906987,53.29120321238618],[-129.53174450714124,53.29222719521723],[-129.53171729164004,53.29366559174659],[-129.52265390510433,53.29475658769261],[-129.52684229427038,53.29854071294784],[-129.5271361847541,53.301820690115704],[-129.5292422259004,53.30459790340528],[-129.52505019003388,53.30537979257681],[-129.5280888048032,53.310841588361086],[-129.53179199959456,53.31414149899318],[-129.53917169553102,53.31383959912157],[-129.53622439622347,53.31683611265429],[-129.53743627984258,53.32014879520729],[-129.54186829956794,53.32172828927054],[-129.54102148923047,53.323575500856855],[-129.54219532116832,53.3272286046392],[-129.54854358954813,53.33533371223233],[-129.5516799029289,53.33736039342843],[-129.55296379589413,53.34144358956338],[-129.54939798315388,53.341029094507206],[-129.54219660512064,53.33567840775041],[-129.54365989877445,53.3339095096047],[-129.53889228041123,53.33099990328635],[-129.5412752039168,53.32573170677316],[-129.5396130083662,53.32261979531615],[-129.53213640182076,53.32382181206214],[-129.52557970229725,53.32039949492675],[-129.5251837064978,53.31755960019663],[-129.52142748436526,53.31858359276369],[-129.5169792083438,53.316786196057315],[-129.52421989439821,53.3148136966257],[-129.5260906901668,53.31194679495031],[-129.52541030781336,53.307949009250024],[-129.5215985180405,53.30909839764722],[-129.51607101191888,53.30871809930161],[-129.51524597781133,53.306393792735605],[-129.5174469908075,53.30455940653528],[-129.51721000534013,53.30236759225259],[-129.50867369722715,53.292543411381935],[-129.5097719998097,53.29025469687916],[-129.50925981512842,53.28748880332168],[-129.50611859664866,53.28585669891768],[-129.5042733874577,53.28315070592701],[-129.50159760177016,53.28406081221616],[-129.4986467964863,53.286949110684134],[-129.4906007917425,53.28245138923994],[-129.48869621612113,53.28390690222197],[-129.483638085771,53.28362209808973],[-129.47806720515447,53.28561319088125],[-129.47534640097456,53.289256286669634],[-129.4691867233322,53.293846500116175],[-129.46843460111882,53.29776020501834],[-129.46931601560664,53.30012869085226],[-129.46831860788157,53.303666396318015],[-129.4655357933623,53.30578989166244],[-129.46408711261944,53.309202306661795],[-129.46445470072743,53.312759999655725],[-129.4736227207531,53.32052620090162],[-129.47412209893415,53.32353560973415],[-129.47887629755303,53.32987189161697],[-129.47656232018093,53.33101410037723],[-129.47758189501562,53.33371580902557],[-129.48026399887283,53.33572680776888],[-129.48109208863994,53.33855531040217],[-129.4793577934204,53.34198759038874],[-129.48068042506813,53.34333920415063],[-129.47962589366824,53.34575320194003],[-129.4798454899955,53.34934791021334],[-129.4727758053057,53.349950408086535],[-129.47319878747152,53.35413759596081],[-129.47192900182003,53.35612010455107],[-129.4731320100511,53.362912099625895],[-129.4759441943482,53.363161315791075],[-129.47191597776632,53.36856199777504],[-129.46955217751437,53.36690840196245],[-129.46911999306965,53.36312571590442],[-129.4655313936261,53.36333650619806],[-129.46325897809308,53.367057994621526],[-129.46031410513376,53.367231696594786],[-129.4615262910796,53.37103868929623],[-129.4646790813736,53.37339859163293],[-129.46111530051158,53.37467181214415],[-129.45910739156358,53.37797740045378],[-129.46408080072234,53.379190791172164],[-129.46485419476926,53.38120039556564],[-129.46087690570874,53.3818099961435],[-129.4584270056698,53.38323840065812],[-129.45392468318957,53.384082999178254],[-129.45318879291025,53.3854972061454],[-129.4484183014672,53.386450013280324],[-129.44738081824732,53.38939389247962],[-129.44819601685728,53.39255419735706],[-129.44195580821128,53.39404249171488],[-129.4401340055238,53.395263010370094],[-129.4398315023992,53.3980417024505],[-129.4357810012323,53.39901010964101],[-129.43546410961522,53.40194969745072],[-129.4389762960761,53.405641200667176],[-129.43876339675623,53.40822051544961],[-129.4405704838744,53.415720407888124],[-129.43596551650666,53.417130291510375],[-129.42967898524606,53.4129189965844],[-129.42824638307144,53.407998307346],[-129.4213933813095,53.40573950269386],[-129.41856400096282,53.40711668418927],[-129.4199222086257,53.40900810496431],[-129.4188999730494,53.413676597647544],[-129.42857401800106,53.41977220406539],[-129.42844409497343,53.42185020209425],[-129.43653891917066,53.42462450185041],[-129.44085832283437,53.42762959956983],[-129.4425710230281,53.43163160069602],[-129.44841170087693,53.43591568946523],[-129.4515341827546,53.439382203870196],[-129.4582674244013,53.442512603082655],[-129.46492800043532,53.44726799193085],[-129.46910560300526,53.44914941246507],[-129.4744614177032,53.45027880551488],[-129.4790008885065,53.45338790093526],[-129.48761022029217,53.45702959589665],[-129.48762661058927,53.458522091616736],[-129.49563172401332,53.463073898284335],[-129.4963655781406,53.46528139997713],[-129.5031373040696,53.46845308968584],[-129.50705491348987,53.471008208699345],[-129.51123147317122,53.47505289479553],[-129.51711720966725,53.47580918556469],[-129.5216035056328,53.478117802345324],[-129.5201354239723,53.48113569971376],[-129.52501098925035,53.4843687119394],[-129.53548077465462,53.490002893807436],[-129.53859171028267,53.49292818695144],[-129.54368660863756,53.495179906803095],[-129.55118740765894,53.497122492567236],[-129.55056511443462,53.49911210812181],[-129.55928190195112,53.50496848758871],[-129.5600953075443,53.50723858956243],[-129.5663041966354,53.512727501278924],[-129.5744628807377,53.517175400613446],[-129.57882042055965,53.520327096042756],[-129.58848650573026,53.52561949316829],[-129.5911921025767,53.52826570172563],[-129.59735338876956,53.53197429408446],[-129.6024121953568,53.534287191247756],[-129.60643407703392,53.537088700412646],[-129.60936130395328,53.53805429636881],[-129.6218766157326,53.54569230286043],[-129.6297630940443,53.54931830009222],[-129.6327682137548,53.55254839431365],[-129.64293548739457,53.55807580621619],[-129.6557840937572,53.56687741063033],[-129.65869240405675,53.57036670357438],[-129.66862298924158,53.57585850841007],[-129.681982272075,53.585778095934764],[-129.68761600175316,53.58844280808952],[-129.69658310912044,53.59351440009025],[-129.70616031242952,53.59972400564552],[-129.70923928108655,53.60496360164744],[-129.71434670230576,53.60850139508555],[-129.7168443951702,53.614131310010535],[-129.72489660493244,53.62343988496236],[-129.7321469856423,53.630974009331645],[-129.73586528649423,53.633503408097106],[-129.73987970155096,53.638953804470844],[-129.7505260165121,53.64819980549712],[-129.76211389402604,53.657482788479626],[-129.76864110807574,53.661846495263546],[-129.77144700424853,53.66642110215642],[-129.77510631180954,53.66864430915579],[-129.77685660258317,53.67161800608765],[-129.78225800126066,53.676427610758026],[-129.78995580608938,53.682417798888984],[-129.794859097835,53.68474931149855],[-129.79864530065896,53.68885810764382],[-129.80353599878615,53.69190019403916],[-129.81057350327262,53.69718260976027],[-129.81786659298143,53.70459419076428],[-129.82269539540255,53.705962792127984],[-129.82478630145252,53.70984948352751],[-129.82911899607774,53.7121753003696],[-129.8320443855243,53.712235100730226],[-129.8358640977613,53.715354095750854],[-129.83678630798727,53.71759579065531],[-129.84056080250753,53.720643589554534],[-129.84491218848382,53.72303910189914],[-129.85328080614568,53.72538048634548],[-129.8593966174297,53.72869750759409],[-129.8645767044563,53.73295728224846],[-129.86639657814828,53.73301569699846],[-129.87503029778276,53.739272306950305],[-129.87795780792553,53.74005980066531],[-129.88396991351087,53.744060497659675],[-129.89107050160902,53.74707268946917],[-129.89646479241912,53.75046649396438],[-129.9059668895329,53.75372090930249],[-129.9119330025538,53.755293189505494],[-129.91575449169773,53.758050510550994],[-129.92048121275835,53.759939003324135],[-129.92324299888816,53.76198411299179],[-129.92772040037124,53.76145569468439],[-129.92937009558426,53.7640492156374],[-129.9331841997652,53.76499921208491],[-129.9356810806867,53.769501105015316],[-129.94038819244145,53.772386599583776],[-129.94055957492654,53.77393039578332],[-129.94373421543253,53.776727502301824],[-129.94855498581802,53.78323329560352],[-129.95180568928018,53.78472730909462],[-129.95535517290608,53.7886353970722],[-129.96130349299096,53.791240204012375],[-129.9653629988177,53.79476659025695],[-129.97122048958647,53.797963912853945],[-129.97806030637943,53.80090208656694],[-129.992809885609,53.80627280554955],[-129.99920562280363,53.81024629976564],[-130.00456482999968,53.80887190210725],[-130.00649110690327,53.80944019447035],[-130.00412461061867,53.81331550273507],[-130.00765447945213,53.81610839202594],[-130.01535591359223,53.8199180983658],[-130.01806628130328,53.82268960469489],[-130.02236437299925,53.82262699796557],[-130.02656680523927,53.82545829471724],[-130.03000310302025,53.83055269670011],[-130.02830719831135,53.83268760806639],[-130.03065632368464,53.83677510132775],[-130.03428071053955,53.839495295121836],[-130.04321450693152,53.843659695241776],[-130.0466557133552,53.84392740525746],[-130.0554917030985,53.84590849996784],[-130.05625879675182,53.848032014915624],[-130.0619546082002,53.84545558530019],[-130.06554078171905,53.847770000808126],[-130.06295651605612,53.85023810024535],[-130.06701570782826,53.85323889618473],[-130.07297020190958,53.851828900909524],[-130.06960218845984,53.84788670214686],[-130.07521152274353,53.849103005542744],[-130.0815916753142,53.854197399800185],[-130.0834295837847,53.85414469447268],[-130.086791312711,53.85716968826063],[-130.09506649250963,53.86137399092613],[-130.09809271090236,53.863772410154695],[-130.0999819974847,53.867970901640064],[-130.10741839110696,53.87541671363527],[-130.11263450583652,53.8787935027428],[-130.1114098043729,53.88251640543261],[-130.1204344955163,53.885426011835584],[-130.12080187474783,53.88672639992388],[-130.12752288572563,53.8893781993393],[-130.13237360478806,53.888694611794485],[-130.1348279084576,53.890000596694456],[-130.14010249812097,53.88865759441294],[-130.1445270934194,53.88905491600095],[-130.1494858872594,53.89178511108624],[-130.15267889057247,53.89002910657248],[-130.1569413764996,53.89064439737176],[-130.1598117107499,53.892117007911644],[-130.16826479867711,53.894560910621884],[-130.17002768912164,53.89610760338172],[-130.17408520061426,53.89697639216917],[-130.179763088646,53.89968949860166],[-130.18796521397405,53.90501040038542],[-130.19510362359281,53.908184897364535],[-130.19556099694424,53.909339895900814],[-130.20261848639828,53.91123699387045],[-130.20924899534612,53.910982113648615],[-130.21287580717672,53.90845549675147],[-130.21345240247473,53.906247998742195],[-130.21755308450162,53.90752689623963],[-130.22377079582327,53.90671799095975]]],[[[-130.53522368385947,53.62663010035603],[-130.54177649553844,53.62677110339488],[-130.54007901232455,53.61873860487777],[-130.5448895121188,53.61180840212367],[-130.54123980857975,53.61161330995648],[-130.54225971634054,53.606799401656765],[-130.5449821875148,53.60521860431951],[-130.54332349502235,53.603674712618115],[-130.53820440533187,53.60543081259857],[-130.53835308794189,53.602875692070654],[-130.53297789993215,53.6000957064876],[-130.53860951098827,53.59745230008755],[-130.53505221779244,53.59104340229226],[-130.54214310341456,53.59033129625009],[-130.54279981037408,53.58679069440204],[-130.5445399222718,53.586471702467165],[-130.54516009417114,53.58318181139367],[-130.54689111243505,53.58052558770943],[-130.54550500369226,53.57856589869355],[-130.5421178995443,53.57719871149214],[-130.53679760018798,53.57708760791181],[-130.53754478498712,53.57478599892825],[-130.54552877190002,53.576326997581035],[-130.54879731763222,53.57562919278446],[-130.54980861118335,53.57229938889864],[-130.54796408718693,53.56437649240615],[-130.54665089113854,53.56233421362638],[-130.54128469424015,53.56138708640429],[-130.5364092947784,53.562250196831876],[-130.5350413236058,53.56070350284328],[-130.54379957877933,53.55952989762205],[-130.54811560511757,53.557389284400735],[-130.54810788715614,53.551374901067405],[-130.54443079105758,53.55033519320678],[-130.54230079092503,53.55154861197932],[-130.537628705922,53.55172670415331],[-130.53731461471298,53.548502301844636],[-130.52453581709045,53.54320990269801],[-130.52334559724034,53.54534619628639],[-130.5198478950018,53.54800660556632],[-130.51663260124053,53.546286184971144],[-130.5167072946698,53.54415421071443],[-130.51197737986948,53.544394792583866],[-130.5103089998433,53.54077448632407],[-130.5044610825267,53.53928340199552],[-130.49999890449428,53.5373349861019],[-130.49676987804327,53.53861679746035],[-130.4918502895248,53.53517170508015],[-130.48571272402268,53.536974697293424],[-130.48715261316363,53.53414340696843],[-130.49491351064844,53.53215799857062],[-130.4913932900153,53.53076370643899],[-130.48707161631498,53.52622479894111],[-130.49041908809545,53.524474400751565],[-130.48761868414462,53.52335929763672],[-130.48911481933612,53.51959079851258],[-130.4879013969563,53.51547060799289],[-130.47970899834104,53.515860801067355],[-130.47665298557965,53.51689619137709],[-130.47400670016782,53.5145020931014],[-130.46910569421496,53.5119371033142],[-130.47011648055246,53.509345001516266],[-130.46503481368867,53.50973959007218],[-130.46150779860272,53.51114948760171],[-130.45921049445107,53.50792371413058],[-130.45642389060635,53.50714748880861],[-130.45201021362683,53.509063103230005],[-130.44239510267843,53.50831530130029],[-130.4417278909192,53.50512370079156],[-130.43970151366057,53.50493279007924],[-130.43163832116974,53.50684559878478],[-130.43221570604578,53.50918409205305],[-130.42604488522892,53.509122891328154],[-130.42481540009626,53.51381280035932],[-130.4195094999667,53.51570980753343],[-130.4095391737115,53.51207949553646],[-130.40175039654284,53.51182889390988],[-130.39565081196275,53.51024660456668],[-130.3927276120808,53.51260930237054],[-130.39353498750296,53.51744450435622],[-130.3854002748587,53.51871639908301],[-130.38161568800012,53.5224549114075],[-130.3838186981485,53.52894641186757],[-130.37916881342576,53.52841660219651],[-130.377157119498,53.526362906371965],[-130.36882402086766,53.52390619651601],[-130.3681253986432,53.52091111170491],[-130.36470861303403,53.52208320034353],[-130.3628805180919,53.51537939252099],[-130.36022391302865,53.5139538017045],[-130.35956748609166,53.51131898996602],[-130.3575867785144,53.5102351955391],[-130.35341498302787,53.51179329090209],[-130.34992288199632,53.51154400140095],[-130.34417660080135,53.514386801748564],[-130.34169502104373,53.513704604734194],[-130.34246788338902,53.509993104265035],[-130.33562079588555,53.50995180018853],[-130.32844681709278,53.51057129299334],[-130.325102208708,53.511615194204694],[-130.31783070086396,53.512505410063156],[-130.3130468916075,53.51093019249969],[-130.31525958057446,53.50936929368965],[-130.33260017500356,53.50977089649448],[-130.3418735007534,53.50881238989072],[-130.35140450287676,53.50882240010618],[-130.3541870056196,53.50809888439104],[-130.35875030734488,53.50938640906939],[-130.3696497979851,53.5106282980344],[-130.37863068994906,53.50857459769018],[-130.37927590799177,53.50710190746939],[-130.3848656995886,53.50604798673991],[-130.388123401647,53.50462519916053],[-130.39036869820137,53.501822412036695],[-130.39478181534088,53.49849830518961],[-130.39763880029034,53.49737741243638],[-130.40211210311648,53.49263201089601],[-130.40664322433065,53.49066370448205],[-130.41007211188446,53.484492605556575],[-130.4131271977182,53.48257851037729],[-130.41337991218404,53.4770198076722],[-130.41136500895664,53.47488628868242],[-130.41514379517199,53.47292659737975],[-130.41529012843534,53.47054250314722],[-130.4129799088336,53.4694729014078],[-130.41475891185658,53.46684518662954],[-130.4094073864969,53.4662612940444],[-130.40511748144178,53.46775959475356],[-130.40452488025582,53.46987019395949],[-130.40120019406686,53.47370279157133],[-130.39712919070968,53.47269871123336],[-130.400584291363,53.47096829302151],[-130.40123402226595,53.46921649744334],[-130.40432047100643,53.46732799600594],[-130.4064650161432,53.46471320230517],[-130.40651282768135,53.459841000926325],[-130.40868878203435,53.45821449984401],[-130.4064930139105,53.45646130414467],[-130.40312040438994,53.45740841009202],[-130.39604459590765,53.45663789225776],[-130.39505060576724,53.45430221078198],[-130.39182868017213,53.453431997824545],[-130.39154928986784,53.45090120641493],[-130.39315879668013,53.44900271360844],[-130.39161800993926,53.44701590699806],[-130.38540340339352,53.447097110251924],[-130.38421002343597,53.442850100514214],[-130.38190962217084,53.44107979960015],[-130.37557380379224,53.44116100533595],[-130.37483610578676,53.43976809146648],[-130.36948978701295,53.43877689540681],[-130.3693321056063,53.43620760385363],[-130.36569639844913,53.434595386271376],[-130.36095610955513,53.429875604787135],[-130.3578405117474,53.42851831005091],[-130.3575008991729,53.42679650041226],[-130.34887748448335,53.42306500143764],[-130.3485315112076,53.42163939782889],[-130.34208701265814,53.4181244059128],[-130.33709777703544,53.41406399943598],[-130.33622320217262,53.41207718876837],[-130.33282530999946,53.410739887483444],[-130.32795948699442,53.40424979571081],[-130.32445221251282,53.3983294070119],[-130.32085459804154,53.39629270532591],[-130.31998590800242,53.39444981044902],[-130.3104811866734,53.38763209108162],[-130.30779579752752,53.391752401375626],[-130.30509551021999,53.391970301569806],[-130.30322790325977,53.38501580501946],[-130.29816498257387,53.38319139081675],[-130.29443510506078,53.38359160844148],[-130.29200030040855,53.380183495499175],[-130.2863428843743,53.379031304538636],[-130.2844906936947,53.37994139431826],[-130.27734948732265,53.37843599724196],[-130.27420390733795,53.37979041007396],[-130.2709686776454,53.37766829799616],[-130.26887609256573,53.38064779273668],[-130.2631440264781,53.38149950095092],[-130.2608554092965,53.37633670002548],[-130.25578759154155,53.37572570383363],[-130.24495742770884,53.37654890166175],[-130.2426744086569,53.375610404837616],[-130.23704240384114,53.37681100214891],[-130.23546679920898,53.37533548453588],[-130.22471571588574,53.37575989786046],[-130.22063150232236,53.37698051055226],[-130.2151093824045,53.37680239101173],[-130.2207620798647,53.373113703401266],[-130.22013631572418,53.3712137940004],[-130.22259510073744,53.368932213110284],[-130.21906627923929,53.36743109518614],[-130.22146781698828,53.36466530674149],[-130.22020878074085,53.35901409242459],[-130.21099611159062,53.35949398645567],[-130.21275470787873,53.35633939675712],[-130.20924150412725,53.354317007979176],[-130.2006589064306,53.354178898246836],[-130.19485688585144,53.35519009003598],[-130.1936057138684,53.357206699188126],[-130.18663960024327,53.357933101338226],[-130.1814893972617,53.35643770863188],[-130.18415621749665,53.354002295989865],[-130.18033080776357,53.35155828565752],[-130.17235141534746,53.35365049567516],[-130.16632881892065,53.35156970633428],[-130.16157560493662,53.35412468384916],[-130.1599428986751,53.352576604993374],[-130.1658605970091,53.35146721413059],[-130.1679145094591,53.35021530342415],[-130.17346828787697,53.349486091894185],[-130.1830638978849,53.34930239796442],[-130.18230149685587,53.34783541505668],[-130.1767333036223,53.345850084788964],[-130.17152510963862,53.34648528626083],[-130.17162242169135,53.34402989824338],[-130.16543569446253,53.343551389643586],[-130.16300729806727,53.34814160891276],[-130.1610593055371,53.34666899907859],[-130.1630467066385,53.34301730411062],[-130.15871351550746,53.340479400767016],[-130.1581799763794,53.33634919381242],[-130.15262088300048,53.331278999882976],[-130.1556900034494,53.3280944850335],[-130.15264212078867,53.32647940617274],[-130.15077441518008,53.32346720239708],[-130.1465236808333,53.32174680002306],[-130.14007421498098,53.320828202779204],[-130.13458437236025,53.31767209543428],[-130.12977398150767,53.320190097087014],[-130.12540531887066,53.31735450575571],[-130.1217684057455,53.32176669176783],[-130.1241728225651,53.326462301029856],[-130.12125952326627,53.32813579695205],[-130.11893961893136,53.32441720548523],[-130.11400919202205,53.31904360010126],[-130.10413847709432,53.310046901053134],[-130.10478018774532,53.307533202931516],[-130.10183409867994,53.30740638496294],[-130.10331459541487,53.30196308676175],[-130.1019541700948,53.30035799581895],[-130.10431161534265,53.29813340410584],[-130.1039057081493,53.29575490575323],[-130.1009755044728,53.29088270356932],[-130.09556390704358,53.28819100221926],[-130.09390108197786,53.28294849797293],[-130.09896260088647,53.27913440365153],[-130.09641920633752,53.27702799513896],[-130.09585120045247,53.27419239282452],[-130.09976019519794,53.27161169437752],[-130.09392258437288,53.27024589221231],[-130.0943493112223,53.26706849356271],[-130.09116259575944,53.264922193226035],[-130.0866580032621,53.265259792064015],[-130.08614051030355,53.26259510197241],[-130.08016959416526,53.26013258818584],[-130.08007689309926,53.256995111980984],[-130.0733979010164,53.253045798763495],[-130.06889340821394,53.255747489375395],[-130.070140505317,53.260151102236776],[-130.07028229398964,53.26639630101079],[-130.06417681307843,53.268051205930355],[-130.06407591707193,53.26582379142747],[-130.06089172764229,53.26380140119579],[-130.06450329745124,53.262511091785925],[-130.0653306866978,53.260183904232726],[-130.06250579357214,53.25813301475952],[-130.06609488349332,53.25654650699262],[-130.06350557619655,53.25125699364733],[-130.0632289979636,53.2486164905528],[-130.05929518934448,53.250170301218695],[-130.05774989484826,53.24883579125155],[-130.05813099168313,53.24610841098748],[-130.05595828359043,53.244913500876635],[-130.0487997084621,53.24445638591778],[-130.04652461963005,53.24518550530352],[-130.04562421240036,53.24762090221999],[-130.04315799276912,53.24977289856598],[-130.0385428074312,53.24979568704055],[-130.03632720271753,53.24805250276601],[-130.0311071059212,53.24725348599963],[-130.02700230129048,53.247908591280265],[-130.02473070118185,53.24627360838378],[-130.02346917988234,53.24241969997827],[-130.02875991383388,53.241204891073664],[-130.02881978778092,53.23870540295928],[-130.03140640560346,53.23782098752501],[-130.0302030039151,53.23579858201632],[-130.03362139583004,53.233405905702305],[-130.03222512548183,53.22830300032069],[-130.02784590739356,53.232430309302806],[-130.028726809736,53.23488568880547],[-130.02446730772846,53.235308687116856],[-130.02404467857644,53.23260689744205],[-130.0188674056645,53.22978409296271],[-130.0203979122868,53.22794549431558],[-130.02417258374388,53.2260882921729],[-130.02386589886694,53.22331400471069],[-130.0183586919183,53.222174603915605],[-130.02089001463116,53.218457394382924],[-130.01531210802167,53.21879350863017],[-130.01174360455028,53.213555285980675],[-130.01180830827053,53.21061569139045],[-130.0142206780607,53.20932679392742],[-130.01342908717655,53.206934108856615],[-130.00910010579375,53.20684438129678],[-130.0058895980361,53.20853489059964],[-130.00680919990742,53.216429298431734],[-130.00312930295325,53.21401530203673],[-129.99909369388482,53.215657407711255],[-129.99683839430855,53.212754889469316],[-129.99684988251528,53.210669793664756],[-129.99459749123886,53.20911459749756],[-129.99410718601794,53.20598129019627],[-129.99104980323045,53.20586308232888],[-129.9887759015363,53.20208038986118],[-129.9831846989907,53.20045400019385],[-129.98384190668668,53.19778788781555],[-129.98820559219527,53.19810261328719],[-129.98597179091882,53.1927362059182],[-129.98228332098353,53.19377299778072],[-129.97812721170942,53.19266639903064],[-129.97809839016654,53.19538950077417],[-129.97459959234206,53.19485260870651],[-129.97412607968917,53.18787110103154],[-129.9680073046499,53.18528760756194],[-129.9651928803967,53.18259579259307],[-129.9727853110999,53.18088819227773],[-129.97101661138967,53.178754692186175],[-129.96751341074864,53.17931300691691],[-129.96337359839697,53.17486090158233],[-129.96175681621435,53.170190901306775],[-129.95450970103659,53.1684875855706],[-129.95103390061047,53.166204590279904],[-129.94601710851933,53.16459951127204],[-129.94162149875623,53.16538000887853],[-129.93304029270897,53.1649271126739],[-129.93320930965353,53.16719010664858],[-129.92963421009873,53.170022902990205],[-129.9202438042246,53.170895900143535],[-129.91578309269045,53.17012969304899],[-129.9081747928936,53.17187011201377],[-129.90546951221924,53.16986769798609],[-129.9054784126706,53.16601090498883],[-129.90124100087922,53.16364241243505],[-129.89612699235425,53.165137889609014],[-129.89514271327724,53.171761798939514],[-129.88384160924645,53.168555997716005],[-129.88216891961625,53.17016819597224],[-129.88725420187643,53.17306070043892],[-129.88339452755503,53.174492103383784],[-129.87676728512525,53.173103497071395],[-129.87695628925286,53.17571688924923],[-129.87231861201641,53.177181002979445],[-129.87630020534232,53.17954229504952],[-129.8738515185891,53.185637896382346],[-129.8697581968676,53.18304300538207],[-129.86886259892069,53.18759759780734],[-129.86202100044483,53.18753920208693],[-129.85712120629307,53.18420369740577],[-129.85211301524026,53.18521069148313],[-129.8479576038206,53.18322668537472],[-129.84458040307052,53.18340330046715],[-129.84286241066297,53.1858785891554],[-129.83858342007562,53.18519930192657],[-129.83374350908707,53.18715609208416],[-129.82970291287785,53.183310799357685],[-129.8302763993371,53.178882904381055],[-129.82960760038486,53.17532809912679],[-129.8227427994275,53.17387538930702],[-129.81934807605663,53.17001429371041],[-129.81293088798958,53.17168640048923],[-129.80826042628857,53.169829200366365],[-129.80364518951083,53.17271039046661],[-129.79953170708455,53.16953870067131],[-129.79597111798418,53.16873540732495],[-129.79536110711732,53.1656463016302],[-129.79115617957189,53.16309409757354],[-129.7908678991366,53.16609070063553],[-129.7892439079125,53.16815999576829],[-129.7824118824658,53.165956805807916],[-129.77931759835496,53.175047509704896],[-129.78069598826266,53.179308703153275],[-129.77853901719226,53.18414959788557],[-129.77179860464574,53.18466090362804],[-129.77410030029387,53.18703788500336],[-129.7740123051308,53.188701399869736],[-129.7711310112684,53.190023088604704],[-129.76831550983655,53.18988919171384],[-129.76090508133657,53.19146439314026],[-129.7582255969358,53.194898115711084],[-129.7570994981177,53.20151218855519],[-129.75596359079262,53.203235507342946],[-129.755631992777,53.209081802103206],[-129.75298311406644,53.213421397931796],[-129.75356679163627,53.216024894215714],[-129.75763550537715,53.217473290775445],[-129.76288639141984,53.22216891251822],[-129.76381159890673,53.22453589517465],[-129.76268930258348,53.2270239912641],[-129.76485069420758,53.229005098845384],[-129.76534321455284,53.232302191393245],[-129.76811429506677,53.23383888577041],[-129.77059608156105,53.23697779740456],[-129.77968890599354,53.24256361081123],[-129.78238510210954,53.249117809789716],[-129.7886126914145,53.252726698892396],[-129.79463502590664,53.2549784028606],[-129.790496907052,53.25660630472701],[-129.79458620507776,53.26042599393246],[-129.79711828822525,53.265299709880864],[-129.79572350670122,53.2668107116272],[-129.7984567131963,53.274360500085066],[-129.80038148884725,53.27779990335376],[-129.79972758699785,53.28698179903803],[-129.8047320852061,53.29226140523158],[-129.80956650486712,53.29405301214896],[-129.8113994182399,53.29575779392849],[-129.81679068385765,53.29681740240954],[-129.8202603984903,53.29855641215873],[-129.82646130738175,53.303358793694294],[-129.82534357212663,53.30694349486927],[-129.8371969980194,53.31599440886337],[-129.83766621697666,53.317726202486334],[-129.8493533954905,53.320339610816944],[-129.8536455878581,53.32487580107081],[-129.85299919366628,53.32628291514113],[-129.85625071647976,53.33573390564925],[-129.8611761120366,53.33487229076437],[-129.8615107106215,53.332874100550406],[-129.86457360444402,53.33143988226206],[-129.86743879051673,53.33495199607681],[-129.8682656063313,53.337994110871435],[-129.87127099019634,53.3432310135956],[-129.86878321553476,53.34347309005692],[-129.86917967268704,53.347479395498375],[-129.8712208023103,53.351069799588366],[-129.8708361011925,53.35348958682646],[-129.8723135149933,53.355286905126285],[-129.87804810081028,53.35945129565943],[-129.88109758720552,53.35930319298741],[-129.88466849443543,53.356138599939165],[-129.88849208787164,53.35726089317697],[-129.88222780850555,53.36095810327766],[-129.8826150057657,53.362986209606305],[-129.8874390187734,53.36665349978851],[-129.8893394915731,53.37050458939406],[-129.89368701025433,53.37353809274999],[-129.89641140668454,53.37729240716653],[-129.89630459836673,53.3801791956269],[-129.9021902892889,53.38684030411335],[-129.90554349336517,53.391822087875845],[-129.91099139748198,53.396311213483635],[-129.91941299591545,53.39968949114599],[-129.9208642903464,53.402905291267416],[-129.92593499171772,53.40430530126706],[-129.92827518884744,53.406786303084736],[-129.9343578041932,53.40633340950277],[-129.9380568897678,53.407626587694175],[-129.9317897095674,53.41001209240637],[-129.93364749721204,53.411661387248735],[-129.93436181157057,53.41474758988744],[-129.94460458476667,53.41735540192662],[-129.94718560542657,53.42039038483244],[-129.94695080801895,53.42342110525972],[-129.95354191819263,53.425409300552026],[-129.9551984098784,53.428138089139836],[-129.96015869132557,53.42980581144478],[-129.96682632416616,53.43374370061005],[-129.9713821875303,53.43485749643898],[-129.97427631369095,53.43835818944124],[-129.97893881291066,53.43880540890093],[-129.97751920570457,53.44251968524705],[-129.98236378410138,53.444987899139385],[-129.98377592045304,53.44682799507062],[-129.98949838949608,53.44945990623206],[-129.99001009135387,53.45070470095119],[-129.9950967041841,53.45377380040328],[-130.00252881034456,53.454735188512],[-130.00751307868381,53.45984520092186],[-130.01384501102723,53.461310701588374],[-130.01577969826099,53.462867411072025],[-130.02992768589397,53.470476991137026],[-130.03393640673488,53.47123318966814],[-130.04708029260163,53.476367488491455],[-130.05488390435247,53.479930902847066],[-130.0548548890182,53.48174670718408],[-130.05908810874357,53.48359680812555],[-130.06095461763013,53.48707749860286],[-130.06885527579118,53.48841909415199],[-130.07081989416824,53.49037031388202],[-130.07671780912423,53.492338586851126],[-130.07839611417683,53.49375279871916],[-130.07903220146855,53.49681339481891],[-130.08537630374337,53.49910209829524],[-130.08639609559023,53.501887888877846],[-130.09040008129415,53.50449420253692],[-130.09423861075317,53.50544839906363],[-130.10273509224317,53.5097652008665],[-130.10316482103872,53.511280496550256],[-130.10752802072565,53.51430559688471],[-130.11395229853687,53.51660990451711],[-130.12880519411166,53.519895604511106],[-130.13334260462963,53.52264859203709],[-130.13685648053217,53.52319979277703],[-130.13972002783126,53.52533890290915],[-130.14422348499212,53.52562799733939],[-130.14681788537447,53.527230299767204],[-130.15872341544735,53.53124229584594],[-130.160299211738,53.532610892926876],[-130.1674486926533,53.53417761174125],[-130.16816131499675,53.5326593969949],[-130.17456328827203,53.53002599064727],[-130.17674630831505,53.52770310523109],[-130.1798164052055,53.529659996918525],[-130.17204650343214,53.53234319226708],[-130.17082971758614,53.53366769622926],[-130.17343030615743,53.53659018643736],[-130.17851740617252,53.539865911146705],[-130.19176030972977,53.54606398588659],[-130.19404008059922,53.54827870152845],[-130.2122694239384,53.55659030248674],[-130.22360549517478,53.56121190708198],[-130.23031670131394,53.56304911046881],[-130.23652719157937,53.56372279675939],[-130.23783470169116,53.56509289580684],[-130.24708338898867,53.569932293500685],[-130.25257790047831,53.57089081468362],[-130.2568916997777,53.572777912483446],[-130.26388018451593,53.57364809831352],[-130.26501381054527,53.574669301387544],[-130.279569615336,53.576060695767275],[-130.283221191562,53.578449110336855],[-130.28864891044947,53.58061109313745],[-130.29833218540955,53.58307779015798],[-130.30598899468797,53.58642748645593],[-130.3104145949857,53.58740449368423],[-130.31334959218765,53.586562802446274],[-130.31552860321995,53.5881480129138],[-130.32240759286614,53.58973600486546],[-130.331748783122,53.59320109753727],[-130.3351761036829,53.592685482317755],[-130.33593900728204,53.59479899151897],[-130.34245707816197,53.59788100264822],[-130.35073259461305,53.599531694007624],[-130.35490549719506,53.60154269802383],[-130.35975628469728,53.599600004884046],[-130.36114791498238,53.60432270694095],[-130.36380761702412,53.60577539298279],[-130.3687410871031,53.6059163928398],[-130.37610129994795,53.60779210250332],[-130.38148358297659,53.61155910658605],[-130.3896443104179,53.6118866950082],[-130.3897950982089,53.61282949185302],[-130.39790990911888,53.61637578880605],[-130.4014773885197,53.62002889574317],[-130.40661631705535,53.6199676951775],[-130.41086580260455,53.621823397652896],[-130.41597899372093,53.622356107907486],[-130.42066641249068,53.62412638876905],[-130.42912589984576,53.62387279837407],[-130.43207770529926,53.622200785919944],[-130.43633627529607,53.625197394767554],[-130.4414380961058,53.627104398200814],[-130.4459710768625,53.630088096493246],[-130.4508821000111,53.63178149739267],[-130.45303130466263,53.63091130576752],[-130.45772090457464,53.634035994680424],[-130.4631222890611,53.635390398157526],[-130.46512272788442,53.63769480179114],[-130.47013408694716,53.6378301049408],[-130.47448649653467,53.63637459190256],[-130.47659678527265,53.63315730738232],[-130.47293309564722,53.63303191650607],[-130.4682591852982,53.63171310279754],[-130.46899669578985,53.629915799364035],[-130.46632620248147,53.62749458379974],[-130.46949559539175,53.62637661616298],[-130.47494871677412,53.62668709479374],[-130.47622441676035,53.62856850443915],[-130.48188879213828,53.630062515163516],[-130.48647179700157,53.62970070058457],[-130.48780367953302,53.632721496796904],[-130.49309130994877,53.633420685694816],[-130.4984659747286,53.630583694009886],[-130.50155261362565,53.631921093525655],[-130.50556449671114,53.63197799595529],[-130.51522459293093,53.629770508266546],[-130.5183536949753,53.6314212166249],[-130.5236803761338,53.62941159801204],[-130.52478877762186,53.63038719796186],[-130.53093179792276,53.62959819467582],[-130.53130570552136,53.62739060411849],[-130.53522368385947,53.62663010035603]]],[[[-130.55004841618302,54.056705691045984],[-130.5534929816162,54.055231695359545],[-130.55899389716447,54.05408230090131],[-130.5579118054517,54.04924999393079],[-130.55353300267635,54.04651129993807],[-130.5534995729627,54.04276419595424],[-130.56030920601276,54.04306180604396],[-130.55966298862043,54.036419288015615],[-130.56130397732034,54.032927092520104],[-130.5668831979923,54.03026670231937],[-130.5699243790747,54.03117959600199],[-130.57630761155664,54.03074530298576],[-130.57666581870126,54.029338101062656],[-130.593825026506,54.033687700175506],[-130.60043107562024,54.033896993629966],[-130.6020283902998,54.031411787402405],[-130.6043642883751,54.023839298984825],[-130.6145548921055,54.018111088411125],[-130.6165258998638,54.01501059696821],[-130.62136149772172,54.01494649067903],[-130.6199702081803,54.01218639003742],[-130.62285198175022,54.00972959106975],[-130.62322600087305,54.006399806133636],[-130.62832979812814,54.006555113202914],[-130.63027108906073,54.00239350020708],[-130.63151487397752,53.996309299260545],[-130.6303035997882,53.989538607747384],[-130.63144308811385,53.9867187011138],[-130.63692650896303,53.982203903234],[-130.63464379795815,53.97765931518318],[-130.64525049461207,53.97247088728535],[-130.64838329706666,53.97418139900715],[-130.64444632234634,53.979178902552235],[-130.64533451010178,53.98155878753381],[-130.6450441952283,53.9869920856698],[-130.6462482872776,53.990031397630425],[-130.64918172187748,53.989747999344274],[-130.6541009173724,53.993069196922455],[-130.6593115891519,53.99172190767154],[-130.66010771790792,53.994083302346326],[-130.66422719166385,53.99413449877917],[-130.66274780402168,53.998703386202536],[-130.6599212879943,53.998635003127376],[-130.65686158960727,54.000322708592236],[-130.6617855082743,54.00137809955015],[-130.6624897978977,54.00410109279656],[-130.66611592604107,54.003178298377],[-130.6648551991983,54.00142510267106],[-130.66885710280886,54.000381111378516],[-130.66939101161498,53.9984940036903],[-130.66579130497252,53.99509299404379],[-130.6669557962804,53.992892610539876],[-130.66401600657738,53.99113509144935],[-130.66366578725632,53.986554900242325],[-130.66639370798757,53.98152028482449],[-130.67209289197353,53.97265889848889],[-130.67943409098987,53.96445689064369],[-130.69017229454946,53.954813506141484],[-130.70431489396884,53.94617289901136],[-130.71347668496225,53.94446100186341],[-130.72210742041997,53.940498796826375],[-130.7224346790951,53.93625039443232],[-130.72455188359018,53.93406279978095],[-130.72257549904515,53.93042389455243],[-130.72216111337704,53.92666258836961],[-130.72384282075035,53.924202999152776],[-130.72710950958106,53.92327440809859],[-130.72786389984455,53.91797920603166],[-130.73211940591705,53.91003349020102],[-130.73146302240474,53.90851530084066],[-130.7195566115945,53.90370579482848],[-130.71338542422376,53.899812003658425],[-130.71120041070282,53.89776679945281],[-130.71043072634862,53.89490990395897],[-130.71118770453919,53.890386590185905],[-130.7151862791387,53.88584329768283],[-130.71388500192415,53.88340791109733],[-130.71463591074726,53.87868670190744],[-130.71867861202236,53.873011196746916],[-130.72098208740772,53.87171950164131],[-130.72190290082025,53.868955092639474],[-130.71651641855536,53.86259600567729],[-130.7139053855987,53.861196004073605],[-130.70834989536067,53.85996259528384],[-130.70753031201207,53.8577536927182],[-130.70397769057396,53.85376729802228],[-130.69994081201463,53.85208958894693],[-130.7049931128722,53.851092603596044],[-130.70410238764657,53.84936080405004],[-130.7070194737093,53.848204299044944],[-130.70332190319573,53.8455153864362],[-130.6996214021817,53.845334589004324],[-130.69160101879984,53.846958196183564],[-130.6920534130754,53.844236490384304],[-130.69044880581922,53.84215568497597],[-130.6814593960661,53.8427495969274],[-130.6801897012432,53.84445721035323],[-130.67670509934197,53.843994411531156],[-130.67111742279232,53.846085096001964],[-130.66886629356753,53.84523631031151],[-130.66423821534445,53.845479801764895],[-130.66066512044733,53.843542903318976],[-130.65794188963525,53.83962488839763],[-130.6588379871706,53.836924606969745],[-130.6518099969958,53.83712968989213],[-130.64842739095548,53.83535228733448],[-130.64453468364155,53.83530670703425],[-130.6403275162999,53.83694600576785],[-130.63877587452006,53.83963769770469],[-130.6406999836079,53.841417995518945],[-130.6389574058142,53.844273486318],[-130.63491911248525,53.84403999511857],[-130.63171968877305,53.844982811538635],[-130.6254319143498,53.84360270904405],[-130.61676451813736,53.84427780687252],[-130.61706801468307,53.84706069925979],[-130.62436361781766,53.85131200197392],[-130.6175302968109,53.851135407801976],[-130.6143139934299,53.85371318970864],[-130.6140616173425,53.85618849180837],[-130.61152910139404,53.8583618137702],[-130.61570640590963,53.86180268145263],[-130.622239414751,53.86437479085196],[-130.62453457701125,53.864372002212825],[-130.63138860327086,53.867784409859894],[-130.63519928346076,53.86874860083866],[-130.64152230072554,53.871753613516134],[-130.64846899959824,53.87320490931317],[-130.6525220937515,53.876043394208246],[-130.658376597265,53.877527407877366],[-130.66501959809437,53.88086860278798],[-130.66848270714058,53.881082192027314],[-130.67411598570786,53.88426669202985],[-130.68233299607152,53.88689300449238],[-130.68877200013893,53.887701899194674],[-130.6989292962439,53.89242179163353],[-130.69881971027584,53.897205688399616],[-130.70120149486857,53.902241696227655],[-130.70102160071986,53.90381690154598],[-130.69522128369746,53.90794419320101],[-130.7017044136271,53.90976719528959],[-130.7023847806714,53.91079120257131],[-130.69758450684313,53.915542390946676],[-130.6929396028078,53.91744229445932],[-130.68792719290735,53.915103688360084],[-130.68264500228983,53.9174252067363],[-130.68550660556937,53.91814008732819],[-130.68554032525037,53.92347099952053],[-130.6899811084821,53.92561868572215],[-130.6867915155727,53.926562903742635],[-130.6818484806419,53.930164705116496],[-130.67955619970607,53.932993188416695],[-130.6801192132335,53.935619496569736],[-130.6824806788116,53.939073192728024],[-130.6870112148528,53.9418332931915],[-130.687362690426,53.943391411873826],[-130.681940914769,53.94685649609872],[-130.670933512877,53.94902409120191],[-130.66930337682044,53.95016059708995],[-130.67259969625172,53.95253339920232],[-130.67151139661198,53.95657530037935],[-130.66834699500376,53.95635020179408],[-130.6620218814563,53.95173579516531],[-130.66117521364026,53.94884469687545],[-130.66901009566408,53.94852990863151],[-130.6687952882357,53.94695901173435],[-130.67215690520933,53.94566300629372],[-130.67137451394206,53.939049004403046],[-130.665715817435,53.938929301831365],[-130.65853262318865,53.936026796624404],[-130.65441237984524,53.935454296999296],[-130.6460899940802,53.93767168866796],[-130.63669600869932,53.936271701494164],[-130.63462800577747,53.93756778710218],[-130.63297761837018,53.9432532051696],[-130.6303022964879,53.94458491584126],[-130.63102319471173,53.9486382069345],[-130.64097569383821,53.9541029072614],[-130.64500560274948,53.957364300359075],[-130.64173011192284,53.95856919907371],[-130.63383381438564,53.95774170063277],[-130.63043469601794,53.95618791125257],[-130.62515690531674,53.951755781846714],[-130.62248217735012,53.95077590097959],[-130.6111610056681,53.94888738705803],[-130.60551298970768,53.943021096102555],[-130.60349141925568,53.9376461007266],[-130.59278409798367,53.93487601568664],[-130.59056101549183,53.93373669252546],[-130.59065457379398,53.93134539965539],[-130.58509781112068,53.92905389259653],[-130.579984605937,53.92837590150552],[-130.5821169130495,53.92673808853036],[-130.5807949932747,53.92520991215239],[-130.58352178854705,53.92359199034272],[-130.5834786934375,53.92130050896398],[-130.57731390648584,53.92050859425269],[-130.57587359391582,53.91908150097825],[-130.57746451116387,53.915670592885164],[-130.57420010281697,53.91465369171837],[-130.57257148914914,53.91022439797827],[-130.56955790026652,53.90985980017007],[-130.56875508667983,53.90670659649439],[-130.56448597891574,53.9044876943459],[-130.56264108752669,53.90194969931396],[-130.55895111236237,53.902196103752004],[-130.5542654046203,53.89821118214409],[-130.5513577048769,53.89778110793038],[-130.54125832192491,53.89960980111989],[-130.5338739945849,53.900351806131184],[-130.5289007173041,53.89591250405243],[-130.51507959878754,53.894603691552724],[-130.51457859609212,53.89289318815407],[-130.50922440597168,53.8951177830145],[-130.50890939562896,53.89270379431523],[-130.5046175214364,53.891454704075215],[-130.50698120603488,53.888620608511715],[-130.49942659520258,53.88369989391717],[-130.49054908157257,53.883540405287285],[-130.4823178997075,53.88693141205581],[-130.48008859989523,53.88888259965742],[-130.47241398462918,53.89219530701399],[-130.46951929685918,53.89601499252252],[-130.46576740555156,53.90357620176035],[-130.46333440596126,53.90632918757873],[-130.46184201579862,53.911076107342446],[-130.46224030304245,53.91375931201026],[-130.4599461081396,53.916500900226865],[-130.46276408588864,53.91912709360409],[-130.45605907516958,53.921672196397935],[-130.4564886185419,53.92962210308464],[-130.45781437892148,53.93313850147903],[-130.45538900271535,53.93481339547167],[-130.4580813093152,53.94386849490362],[-130.45768581315414,53.94563450439549],[-130.46097520888873,53.9499369880633],[-130.46000170680182,53.95476649095618],[-130.45845818785386,53.95638589771187],[-130.45941699223667,53.96025691143543],[-130.45865011331895,53.96322350926858],[-130.45533769883804,53.96613169802798],[-130.45420651671597,53.96997420489073],[-130.4518563052965,53.97297788397075],[-130.44480228830787,53.97620939001263],[-130.4425465864841,53.97935549544519],[-130.43427158807154,53.98440719706882],[-130.42489990459188,53.9837007862023],[-130.41453669607597,53.98126960112568],[-130.4074741261305,53.980751204056276],[-130.40363641876172,53.97819759561689],[-130.40091642533048,53.97759089796306],[-130.39618599332854,53.974733895146315],[-130.39042650749715,53.973452204027815],[-130.38781238310358,53.973707100433806],[-130.3878474793762,53.977113798893846],[-130.38532409961834,53.97684609628731],[-130.3796957743691,53.98187349650288],[-130.37973859255936,53.98546820209428],[-130.3743746088392,53.98792070912055],[-130.36684538539367,53.98766428956874],[-130.35871690746956,53.988134284253604],[-130.356016904518,53.990932891658005],[-130.35772770523948,53.99478818744858],[-130.36463391190824,53.999752994952495],[-130.37152220501645,54.001373809680324],[-130.37652222663718,54.00357280224627],[-130.38158878747385,54.009114395325184],[-130.39518749232747,54.017388999845416],[-130.39745189268194,54.01984290310198],[-130.41219010074468,54.02549560880588],[-130.42089972244273,54.0297070015558],[-130.41909191749906,54.031373304787266],[-130.41223039532983,54.03210109224453],[-130.40713298152338,54.030803691512524],[-130.4026842853033,54.02786269901001],[-130.39817700247553,54.02733999229082],[-130.3941749810177,54.02499570284615],[-130.39340818645977,54.02305450539366],[-130.3892035189812,54.02147509565237],[-130.38828901690235,54.01923909220674],[-130.37956140592496,54.01337989608875],[-130.3770521148915,54.01362480466025],[-130.36745268888626,54.00898760777813],[-130.36384611085506,54.00789670597734],[-130.357760782747,54.00472069185084],[-130.35644841098173,54.00281220024973],[-130.34957129046435,54.0005705117616],[-130.34686878672457,54.000537800549694],[-130.34138032860875,53.997317603292615],[-130.34345301540114,53.99488649105526],[-130.3528262902185,53.996065809388455],[-130.35630261744782,53.99408469931736],[-130.35382889537235,53.992630608821415],[-130.35438508139106,53.98905579299938],[-130.35075230189844,53.988098692294614],[-130.3532609752032,53.9863897002116],[-130.35712518919092,53.98702910340132],[-130.36037259001674,53.98513210833843],[-130.36289240686637,53.98754760081819],[-130.36685179936552,53.98553369527027],[-130.37418221613768,53.98392299487665],[-130.3767392051666,53.984720499624494],[-130.37911619476097,53.9828320014689],[-130.3806695749539,53.97950649914391],[-130.37518429145118,53.976891603506644],[-130.3715620856432,53.97707680559403],[-130.36850160293503,53.97492620686224],[-130.37072120267774,53.97190829187342],[-130.36897069678798,53.9705980103824],[-130.36384720009997,53.97009961241696],[-130.36120730986005,53.97100110051263],[-130.3594948191336,53.96757730434393],[-130.35576248967098,53.96577710836483],[-130.3509181889289,53.96494109773889],[-130.34578500145668,53.96554779610004],[-130.33782538731072,53.964045299666545],[-130.3429328852275,53.96165970138568],[-130.3481515884081,53.9628247110442],[-130.35675140260344,53.962430197857714],[-130.36034119712647,53.96452088643443],[-130.36310662640722,53.96472320051362],[-130.36548011645812,53.961775095664734],[-130.37031830548278,53.9605416891128],[-130.37504331076929,53.96336451000202],[-130.3785733013967,53.967719690610394],[-130.38574900500822,53.96485988242124],[-130.39218028337893,53.96571160041318],[-130.39577709632434,53.96701760449767],[-130.40821368171157,53.96919090292467],[-130.4142661027998,53.97102671262523],[-130.418056994183,53.96818540474284],[-130.428749679689,53.96160559999746],[-130.43198850609159,53.958717286154666],[-130.4337610792584,53.9553076982299],[-130.43454000097552,53.94825929069492],[-130.43561029342933,53.94702449045213],[-130.4382297049623,53.93810330751963],[-130.44315377800183,53.931607499897005],[-130.4447300085711,53.92474850618672],[-130.44592100165832,53.92396088832306],[-130.44732201589326,53.917778399910574],[-130.45040370362236,53.91668891309349],[-130.45214039000868,53.914025588383424],[-130.45338880857207,53.9083288075528],[-130.45743940150467,53.90664389528082],[-130.45826649268048,53.903245794843606],[-130.46564421686116,53.89838209126199],[-130.46711889226643,53.893536910457534],[-130.4687523978483,53.89149460785213],[-130.46851878105957,53.886553996423395],[-130.47256330633724,53.88563259520164],[-130.47683229325855,53.8828468096474],[-130.48360689519845,53.88171170548309],[-130.48920317299448,53.878218096812624],[-130.49393479135944,53.87906700957593],[-130.49325468410723,53.87574850490273],[-130.4966076911786,53.87465620354087],[-130.50180479714726,53.87536399338484],[-130.50633551200758,53.876987595955285],[-130.5101747873626,53.872094008920115],[-130.51504161158874,53.87123379890375],[-130.51513849823792,53.86884969645078],[-130.51076109448593,53.86812328703275],[-130.51074200958158,53.865039908906915],[-130.5074171947926,53.863500287671606],[-130.5067134118184,53.86172010212303],[-130.50132040341754,53.860169099835105],[-130.50148148660023,53.85786620517792],[-130.49836348769526,53.852313197668764],[-130.48997518837874,53.84980230147309],[-130.48564670044297,53.84651241470847],[-130.4889726852349,53.84640839854602],[-130.49516959689242,53.84458681083554],[-130.49845190223468,53.84454551398571],[-130.5036141136602,53.84266559437687],[-130.50264151225352,53.84017038820031],[-130.50356047503632,53.83776769841113],[-130.49784879972435,53.837002889563124],[-130.4929153033181,53.84016609413395],[-130.48638628645833,53.84168430885812],[-130.48702069302067,53.83811809389556],[-130.48470169926844,53.83745439677386],[-130.47854901249326,53.838770408938835],[-130.47376441678034,53.8415076976416],[-130.46922300402207,53.84203179423353],[-130.46261549574848,53.840403896797355],[-130.46157109001075,53.83832178736351],[-130.4544942027406,53.83849839575897],[-130.45172827757386,53.84027579649576],[-130.4481356905302,53.83967191332308],[-130.448484222841,53.84269689882225],[-130.44547379637268,53.844458695270745],[-130.44588499473093,53.84757339155868],[-130.44202637599454,53.848967694670236],[-130.4406577999543,53.85336280531266],[-130.44068389853328,53.85808120228344],[-130.4373338146698,53.85706999240109],[-130.4392560916644,53.85461899000098],[-130.43936079057383,53.84787680307575],[-130.4372073021339,53.84542138635068],[-130.43212760097506,53.844403101667865],[-130.43370490847627,53.8430272873609],[-130.43037261494374,53.840684491065616],[-130.43367358432437,53.839378494037405],[-130.43634159837967,53.83433971189437],[-130.4265838968041,53.83515721019323],[-130.42233779499168,53.83769651606347],[-130.42164641126155,53.83342668675642],[-130.4177120072449,53.83165788981852],[-130.4183298884395,53.83015819325232],[-130.41380280314087,53.82882649681301],[-130.4108848147522,53.82926659684254],[-130.40666879236124,53.828164286867406],[-130.4058033225024,53.83135739778691],[-130.40120510064213,53.828813687095185],[-130.4001988921749,53.824150888077156],[-130.39590482360776,53.823877401835524],[-130.3946054075009,53.82544690798763],[-130.38794729190747,53.825371412552244],[-130.38552469724732,53.823782006168535],[-130.38039980224153,53.82364238724989],[-130.36848069337898,53.82709610986159],[-130.36364169302735,53.827771187184396],[-130.36057540854867,53.8312050113261],[-130.35476381590138,53.82858300528666],[-130.35057497383553,53.82879089625364],[-130.3437323738145,53.8276643987775],[-130.34062159165077,53.82967681052361],[-130.34738822010735,53.83410320482931],[-130.34443660508407,53.83446930756535],[-130.34157609728624,53.832946789268284],[-130.33909651775164,53.83616549605609],[-130.33836951516616,53.83913920421189],[-130.33955398453162,53.84194919467921],[-130.3387938269239,53.844286300963006],[-130.3418186820747,53.84480050663914],[-130.3457782084354,53.84263430019028],[-130.35103269434907,53.84349160190871],[-130.35120599660104,53.84604380892891],[-130.3462939956823,53.846879785863194],[-130.34372290498976,53.850136996020595],[-130.34173842548822,53.85033780130091],[-130.33991480845577,53.853703189622024],[-130.33822779420967,53.854215914801834],[-130.33750909563182,53.860758701367715],[-130.33756821214735,53.86782280387912],[-130.3349915082219,53.87101589235068],[-130.3374288784972,53.87684089314957],[-130.3350312791852,53.879438697367014],[-130.33123710523662,53.88111639878704],[-130.32750527436002,53.881445398200796],[-130.32239771387336,53.88304759707573],[-130.31825260102147,53.88525088565147],[-130.3153750040082,53.88570521092833],[-130.31206521323892,53.88395200092076],[-130.31098330416503,53.88678621102878],[-130.3084814826948,53.8875595000851],[-130.30728289982693,53.891105784240025],[-130.29713149858938,53.892537088443426],[-130.29478191302778,53.894333090064606],[-130.29477588588088,53.89854020803983],[-130.28944100544425,53.89878659609031],[-130.28806669887632,53.90113788969282],[-130.2795019928576,53.90176889966523],[-130.27715510977117,53.90314179551239],[-130.2757614234875,53.907408699568],[-130.27784900404487,53.912958895173304],[-130.2706757065295,53.91786238707719],[-130.27045748238112,53.92317760193597],[-130.26773910389377,53.92494930169301],[-130.2629630991941,53.925638614498844],[-130.2605072872635,53.92908800159133],[-130.2600195875319,53.93310289513723],[-130.25764418078288,53.933181202619615],[-130.2549224910219,53.935304695589416],[-130.25037158111297,53.934928697876664],[-130.24488479702876,53.93230819632968],[-130.24282087526507,53.93259869759933],[-130.2397900090946,53.93517371084557],[-130.24151299421663,53.93829271302791],[-130.2478600012273,53.94118531254924],[-130.251284001558,53.94154421103096],[-130.25543040548342,53.944674605015265],[-130.25277541750305,53.945537705431285],[-130.2489188220645,53.94447230292301],[-130.23460302515227,53.94469309901928],[-130.23184731651298,53.94784910033511],[-130.23112601364218,53.95235110608316],[-130.23559917567945,53.95775169839841],[-130.2346261058095,53.96091629837818],[-130.23793541654828,53.96615879490103],[-130.23788058961773,53.971975293039385],[-130.23488890839306,53.97550300715871],[-130.23460279592985,53.97771621270646],[-130.23832610589776,53.98088649101994],[-130.24186342417357,53.98751050182666],[-130.24815651322595,53.99291109397661],[-130.2524396872285,53.991778904236476],[-130.25470609132313,53.99408329248785],[-130.25605429259357,53.99886860341779],[-130.2636705927151,54.007067792025516],[-130.27435490381254,54.01308509577786],[-130.2789560000131,54.01482539629938],[-130.27939651061544,54.01729219341735],[-130.28485240366808,54.01798860313449],[-130.2928133848239,54.014308503697904],[-130.2912484075133,54.018036997267785],[-130.28882240384422,54.02097518340323],[-130.28828681729672,54.024406106927295],[-130.28945341784913,54.028087706167454],[-130.29221120053137,54.030386397516075],[-130.29636538909776,54.03139329795928],[-130.29775480374659,54.03381440418266],[-130.30144030899612,54.03646201126491],[-130.3032190899393,54.0395882111709],[-130.3137328120134,54.04706949597809],[-130.31768700681573,54.050423610367034],[-130.31720639667503,54.053089703435944],[-130.32540841806227,54.057845093942795],[-130.32641872163128,54.060323200010224],[-130.3300553828701,54.06274579948874],[-130.3367766084286,54.06501739469354],[-130.33832610945294,54.06329271043658],[-130.34725519973676,54.07009619887072],[-130.3496087870623,54.06962049555647],[-130.35475360499456,54.070408085053195],[-130.35967672378243,54.07422640526835],[-130.3625265070804,54.07490430184449],[-130.36896819660862,54.07972949459166],[-130.37226010367286,54.07947598918595],[-130.37767628227482,54.08509449441371],[-130.37863368947617,54.08728640616042],[-130.38284508733676,54.08927879400667],[-130.38648947811134,54.08858099352265],[-130.38810070614073,54.082295895722176],[-130.39090009514496,54.08374720946566],[-130.39313099694158,54.08646319670541],[-130.40314251333524,54.091371000380384],[-130.4098666821086,54.089414097491414],[-130.41564088274478,54.08973320678195],[-130.4130990818609,54.09637850158581],[-130.41482130435307,54.102056800983725],[-130.42222789634002,54.101242215540566],[-130.42514680182035,54.09630870865044],[-130.43020050561245,54.09875550119827],[-130.43780378745743,54.09616630816058],[-130.43656821956668,54.09314269434455],[-130.4390909876769,54.090460894198664],[-130.4416308238013,54.08966760453629],[-130.4471165124706,54.08167359866779],[-130.44261508700473,54.07481460696764],[-130.44402679562555,54.07104899477217],[-130.4400603205152,54.06814930622144],[-130.43683910274314,54.0704521990445],[-130.43234692510956,54.0682233043663],[-130.4381672871675,54.06378549202528],[-130.43768409896742,54.06081599717998],[-130.4345195951229,54.059037186872985],[-130.43107419581685,54.06055250862856],[-130.42868459277952,54.05909839068483],[-130.4344730752258,54.057214196273954],[-130.43369939027963,54.05340298958052],[-130.4365518879059,54.05238899171311],[-130.442077902599,54.05269090991451],[-130.44149310515388,54.055241690991195],[-130.44317779482492,54.058017399538855],[-130.4434906051389,54.06173459824624],[-130.44201822176112,54.06509579991183],[-130.4453316270486,54.06809510070655],[-130.44713209123938,54.071983214316795],[-130.44982299736145,54.07202309048836],[-130.44976659758962,54.076507898231874],[-130.45465989699338,54.077932199499465],[-130.46259949304394,54.078483300986214],[-130.46494690712234,54.076584893875264],[-130.4717256975043,54.078507502028735],[-130.47342889403382,54.07523191081322],[-130.4760966810436,54.07379769268235],[-130.47379497563375,54.07133519517519],[-130.47984858377913,54.07012889984411],[-130.48189169403577,54.07297158688621],[-130.48491088951016,54.072780793051216],[-130.48316671696958,54.06932419685209],[-130.48824921298558,54.06655560145525],[-130.49415220305053,54.06664388544157],[-130.5003171994909,54.06431958910335],[-130.50294678232802,54.06430529290391],[-130.51024719886806,54.06592180135145],[-130.5160836040747,54.06631628392044],[-130.5173414911063,54.06558999931943],[-130.52719869561153,54.06602290179194],[-130.53092488186073,54.06514849168171],[-130.53399759297315,54.06269030208686],[-130.53019848483143,54.05828089342794],[-130.52707460653312,54.057214191353815],[-130.5237611948442,54.053103913218614],[-130.52436640101212,54.05130801354491],[-130.5211604950845,54.04801380558616],[-130.52738479749956,54.04696418438194],[-130.53452669587531,54.0500902985079],[-130.5384156961572,54.05242311122624],[-130.5437180032881,54.05242740620108],[-130.54375932693867,54.054781599194826],[-130.54672081532757,54.05639810863121],[-130.55004841618302,54.056705691045984]]],[[[-130.31211769129774,53.79669640111278],[-130.31418170089856,53.7956937011827],[-130.31154708306505,53.79199220227635],[-130.30640238986882,53.790575092522324],[-130.30336869427225,53.79071611566833],[-130.3001600119388,53.78902419368171],[-130.30700310680552,53.78744040516386],[-130.31516539862747,53.78397111309407],[-130.31300952169047,53.78048029735595],[-130.31798008142366,53.779813804476134],[-130.3182762754411,53.77714060047796],[-130.31648862305795,53.7738706033213],[-130.31145841985222,53.77019470090246],[-130.31154982169934,53.76920490196518],[-130.30643428480496,53.76669109329789],[-130.30447120025548,53.76459041431967],[-130.30053240260094,53.75834949598446],[-130.29830978717098,53.75814020237244],[-130.28986520066056,53.75480610790137],[-130.28776890338023,53.75121570178531],[-130.30353190469145,53.75093798475937],[-130.30495940592976,53.747551203907975],[-130.30493550246146,53.74138439530716],[-130.30742789378596,53.74303930324799],[-130.31299638058425,53.744091799782744],[-130.31945920720463,53.74373429026302],[-130.3216856887892,53.74168629878358],[-130.32490511869557,53.74185860361637],[-130.33099049860672,53.74059538704575],[-130.32999077430367,53.73769419377569],[-130.33183797527013,53.73620740038426],[-130.33492798464601,53.737054802443765],[-130.3464680900506,53.731909104823856],[-130.34981340219628,53.732213885732826],[-130.353479726661,53.73120129943427],[-130.35741270407976,53.72676058306488],[-130.3634525010767,53.724121498780704],[-130.36270541563897,53.72303339067391],[-130.36570658756006,53.72069770748869],[-130.36846791085645,53.720334488013634],[-130.37544378814167,53.71537259121775],[-130.3846023983763,53.71047619201043],[-130.38760099730288,53.71041489814416],[-130.39553641231794,53.70755370409731],[-130.39891419041834,53.7070823005858],[-130.3943463931752,53.70229980516628],[-130.3905785905685,53.703305311075056],[-130.3872885955068,53.70276829983414],[-130.3880235926006,53.69886740417675],[-130.39291880759154,53.698010084008615],[-130.39819950405123,53.69468598803694],[-130.39652532126306,53.69071379495021],[-130.4015185921775,53.688336800987045],[-130.4045217105108,53.68801349493616],[-130.4070370213939,53.68487460387095],[-130.40316291486158,53.68134249404116],[-130.40204048792816,53.67900970160368],[-130.40704651159135,53.67877898777673],[-130.4094666903441,53.676486012577335],[-130.40872092901225,53.673609102234835],[-130.4017826056514,53.67395088296285],[-130.40093397851177,53.66892770169952],[-130.39961600162334,53.66798059648888],[-130.39365029675812,53.667447991419934],[-130.3897336952383,53.66388030682756],[-130.3844314154633,53.663230900922734],[-130.3857300208825,53.66042090067508],[-130.3877132042668,53.659497994698064],[-130.38467199298046,53.656729404177746],[-130.3788225055335,53.65419848395118],[-130.376167810702,53.65163210380529],[-130.3698196026095,53.65001418782878],[-130.364566606233,53.65087438250529],[-130.35962241169364,53.6504628079743],[-130.35682451776398,53.64625140003206],[-130.35161582185592,53.646131801827],[-130.34586959791812,53.64483860436943],[-130.34535122645232,53.64183360350901],[-130.3408955941773,53.64201729581149],[-130.33500590419857,53.640412205920114],[-130.331164978225,53.641893396964804],[-130.3262029001507,53.64092349183187],[-130.32619580920584,53.63686019497487],[-130.32856961130125,53.635369097906555],[-130.33659517333786,53.63901789880888],[-130.34005020614,53.63827020322594],[-130.34508378998785,53.639588996505196],[-130.35110147810184,53.637129402631885],[-130.35348901044978,53.63758801007046],[-130.35726708932214,53.63606269714893],[-130.35844268810527,53.63306470738448],[-130.356339906992,53.629330401079635],[-130.3516934897647,53.627252491505104],[-130.3516505140549,53.625905200700124],[-130.3461169878473,53.62550930522995],[-130.3423327059747,53.62438268683174],[-130.34015027817819,53.621396101128276],[-130.3350090944995,53.61994351721355],[-130.33312341531973,53.618130394430224],[-130.32787789597316,53.61816181547817],[-130.3263191935129,53.6166862985116],[-130.31656150501408,53.6160041068112],[-130.3106641931627,53.61791109017246],[-130.31042178945097,53.61545008798382],[-130.3044495845028,53.6164143071103],[-130.30134777918906,53.61483049288473],[-130.30291851678535,53.61280820509706],[-130.29964050553434,53.61048958546162],[-130.2976514066336,53.612614489918975],[-130.29431410141567,53.61222850068536],[-130.29111781979066,53.60957519417929],[-130.28742402431075,53.60936300084755],[-130.28810100352067,53.60675809468295],[-130.2819941816183,53.60673389316979],[-130.27416389427535,53.609738995591286],[-130.2719844102622,53.60713698843866],[-130.27215609899457,53.60484260560788],[-130.26482979945507,53.60243991505643],[-130.2634119137173,53.60098860250424],[-130.25166119759774,53.600168315636644],[-130.2474947057744,53.599340798482665],[-130.24451869883228,53.600377702654484],[-130.2406969038086,53.59893488894461],[-130.2327433797058,53.59975389332814],[-130.2280557028804,53.59656650024132],[-130.22459132035834,53.59536159481969],[-130.2226614011479,53.59237790015617],[-130.2193522943933,53.59181959950018],[-130.2162477035333,53.589476788902104],[-130.20340880852018,53.58638909003903],[-130.19916820099044,53.58448060448977],[-130.19247530257093,53.584952112379824],[-130.19260391387132,53.58149979921483],[-130.1877671133555,53.58029769078839],[-130.18372530647986,53.58271179170614],[-130.17484600355266,53.58438088886683],[-130.1681104860279,53.5871880903419],[-130.16306798342922,53.58294959725178],[-130.16483667710932,53.578564496849545],[-130.16053298693376,53.576421006919524],[-130.15872569736695,53.571684106119406],[-130.15450751723802,53.56811079350194],[-130.1482631139002,53.56843118887221],[-130.14235830359587,53.57064589890524],[-130.14101642367402,53.56791710102951],[-130.13553339344787,53.567276190961145],[-130.13086820489517,53.56790568750052],[-130.12539809654606,53.567229202162046],[-130.1214641158791,53.568065204254225],[-130.11287371131888,53.5664016867342],[-130.11038807926204,53.56201089478212],[-130.10465891756527,53.5617503030349],[-130.09896411685864,53.563986303039606],[-130.08954397609583,53.56282269854456],[-130.07778170661712,53.563423691269314],[-130.07515282620665,53.56518260201087],[-130.07783988978153,53.56632769761488],[-130.0804522939954,53.57104041559493],[-130.0836688903634,53.57161430377384],[-130.08463320090834,53.573924413033005],[-130.08854018956336,53.57664038791921],[-130.09436209798878,53.578689793126955],[-130.09808499691022,53.58134311231708],[-130.1029488069144,53.58358198898494],[-130.09910417538813,53.58504609997409],[-130.0974762839021,53.587524197089934],[-130.09913180126202,53.59140228628218],[-130.09744149199946,53.59258581300618],[-130.09954468901222,53.59568630151321],[-130.0989878998288,53.59808181010081],[-130.1007198867959,53.60074509108396],[-130.10107710809407,53.605756895047975],[-130.1061705029455,53.61037558700744],[-130.10840591162852,53.61144239594118],[-130.11449998518276,53.61152920165306],[-130.11507360493567,53.61435630026757],[-130.11780989863414,53.61780860291009],[-130.11775190899127,53.620191291543705],[-130.1207142969422,53.62021829703845],[-130.12796450549922,53.61826289511398],[-130.12692150945026,53.6210315873304],[-130.12268992347782,53.62057720192467],[-130.12201300302047,53.62299269408928],[-130.11670628736007,53.62869659381252],[-130.11553180340562,53.63175438926756],[-130.11586498262994,53.635804900179565],[-130.12013790259775,53.64123968863564],[-130.12342010237307,53.6475018885662],[-130.12408728502913,53.65209779539906],[-130.1210087047175,53.6563689943168],[-130.12307451911622,53.65900099665926],[-130.11957820346245,53.6612270073919],[-130.11999269496883,53.66262559639274],[-130.12440380120248,53.665137903780746],[-130.1219766120338,53.66943900070958],[-130.11642957849736,53.671539702663445],[-130.1163351011903,53.67311351253571],[-130.11227888434505,53.67429269083882],[-130.1103410022691,53.67594759261645],[-130.1120444191687,53.680291504531354],[-130.1139142025071,53.68057058301783],[-130.11747960885234,53.683728097511],[-130.11996622376836,53.684406000809204],[-130.12452890279758,53.68742821171074],[-130.122023807691,53.69287289897495],[-130.1237324756421,53.69618280109653],[-130.12753520393076,53.69570568784114],[-130.1319778928673,53.69808270132252],[-130.13636049858303,53.69883180630553],[-130.1422767844856,53.70142669614471],[-130.1472215136228,53.70443609797837],[-130.15734130661977,53.70937238628456],[-130.16200640545057,53.709947798224675],[-130.1652651926449,53.7094393075182],[-130.1674690148632,53.71073970047916],[-130.17699749745728,53.71124809195452],[-130.18560531529522,53.711280799977445],[-130.19102819320773,53.70962730198244],[-130.19405601186747,53.707950989715805],[-130.19731320326764,53.70791969832783],[-130.20219930741442,53.709766899983144],[-130.20788428034086,53.710904896572174],[-130.21535461662728,53.71518029989763],[-130.22124081058053,53.7180144890473],[-130.2257184988181,53.72239109392167],[-130.2310542095556,53.72554569221862],[-130.23187029894376,53.728036695733095],[-130.22618081533173,53.72894959844664],[-130.22780167606,53.73250160135787],[-130.23053931363256,53.73539410139826],[-130.23057610093136,53.73776689172531],[-130.2266304926313,53.74229299216961],[-130.22476437841485,53.74696869790338],[-130.22120647848502,53.750277093933406],[-130.22155549404158,53.75500979400742],[-130.2210707014655,53.761828909981915],[-130.22323799074843,53.76283149410687],[-130.22640002105896,53.76821929496628],[-130.2246280870993,53.771428094895896],[-130.22673650349998,53.77610801231638],[-130.23428277657112,53.78092900056682],[-130.23537789475512,53.78459489807361],[-130.2420606102666,53.79247220309163],[-130.250308894342,53.793150089922385],[-130.2554952256771,53.79295209966825],[-130.25756141197255,53.79404450209589],[-130.26662001837093,53.79452859245316],[-130.27106141111437,53.79810059595886],[-130.2766144898285,53.79802371220821],[-130.27863679639628,53.80008741116753],[-130.28672169126355,53.79985671296871],[-130.29251638725108,53.79917450448458],[-130.29550932325628,53.79775740242505],[-130.2994135983769,53.79829150173518],[-130.30322649719238,53.79638878473985],[-130.3069487048852,53.79744548231594],[-130.31211769129774,53.79669640111278]]],[[[-130.79170260923567,54.21579850301351],[-130.79382531321383,54.215938002302735],[-130.7959783024142,54.21112278942086],[-130.8007724194186,54.20995489742661],[-130.79764020736192,54.207026806786544],[-130.79356200104178,54.206323211142454],[-130.79249909605898,54.202653001913106],[-130.7937933105517,54.19927189765718],[-130.79319541959714,54.195721400117584],[-130.79784830552535,54.19594931000146],[-130.80462741349928,54.18966278788584],[-130.8070998081109,54.18873559926509],[-130.8109698024435,54.183608500113074],[-130.80643690641793,54.18124860125953],[-130.80569079908682,54.17750289876946],[-130.81336711221698,54.17819649778469],[-130.81999737768732,54.176666894207095],[-130.81810320247564,54.17192290204257],[-130.82037821074783,54.1692909005388],[-130.81794490068225,54.16551530097053],[-130.813483402956,54.16194199711127],[-130.80864440539582,54.15913919788569],[-130.8047974232549,54.158019700780066],[-130.8027210931627,54.1603241159801],[-130.80483849669523,54.16110168841564],[-130.80095108826868,54.16503399281797],[-130.799600917517,54.162887697718645],[-130.80196581055634,54.15949950964818],[-130.80050058098251,54.148671193525004],[-130.79683170214213,54.14562478318274],[-130.78986489234504,54.14421059589693],[-130.78709848280164,54.14717289108951],[-130.78378829300988,54.14851600751056],[-130.78307090964637,54.15037880324773],[-130.77994649548435,54.15142281106726],[-130.7797766037025,54.154957692977774],[-130.77500107448498,54.1546685951112],[-130.77564880949248,54.15189989600795],[-130.77381799441446,54.149913093520695],[-130.77118041047157,54.149843295200455],[-130.76773171186073,54.14617319042224],[-130.76789419693154,54.1442020065784],[-130.77774709510447,54.14474041154993],[-130.77747849339303,54.14099619404113],[-130.7720103845675,54.14131940317373],[-130.76852240917472,54.139571890917665],[-130.76608661915074,54.14133370595413],[-130.76191661388984,54.1393554909461],[-130.75960502761558,54.144099502746435],[-130.75496239395662,54.14145188987604],[-130.7526221124198,54.14150460721552],[-130.74942990222505,54.14387020305272],[-130.7421945769205,54.13746700053469],[-130.74344969459108,54.13493189531404],[-130.74043670177562,54.13424679690277],[-130.74268380079357,54.13158930395313],[-130.7454629987178,54.12346841280154],[-130.74140619176697,54.12156711417104],[-130.7391232794753,54.12299409220081],[-130.73472939606097,54.12918800765784],[-130.73339541162116,54.13458289555365],[-130.7303215033908,54.135408996082184],[-130.72554419363465,54.13277990232784],[-130.72470820464886,54.1307432939288],[-130.72803960662165,54.1302191973526],[-130.72917001707836,54.12245439815633],[-130.7200004048532,54.11907039667563],[-130.71619660533955,54.12106719037117],[-130.7151075934338,54.12322200459278],[-130.71027880821205,54.12192460146239],[-130.7131979741963,54.116264796452164],[-130.71161559968962,54.11421960000618],[-130.70778120426166,54.11289789382336],[-130.7051859141286,54.11525499108247],[-130.69780750447805,54.11369549866994],[-130.69240769300464,54.11104791114544],[-130.68706289438418,54.107537186829575],[-130.6836626110598,54.109733288377434],[-130.68036288594428,54.10946419312638],[-130.67542151099394,54.11399168977652],[-130.66768349265115,54.11331659237753],[-130.66551517336947,54.11492879886219],[-130.6614303894489,54.11378090583449],[-130.65245150406304,54.113104413008145],[-130.6495388052988,54.11448448870448],[-130.6489353977739,54.117755905825206],[-130.64450669700005,54.127272495608814],[-130.64192859115545,54.12822379629578],[-130.64307789848377,54.13059091412473],[-130.63996100169956,54.13113629186188],[-130.63842480609466,54.13331541211665],[-130.64359270658164,54.13470970521141],[-130.6429551910094,54.13757658708597],[-130.63995890048062,54.1380495122356],[-130.6426888738308,54.140906395250774],[-130.65083080254237,54.14619740321569],[-130.65807090328036,54.148812192849164],[-130.65695072003408,54.15070640022471],[-130.66259177850395,54.1550246037253],[-130.66248318802286,54.15732608879632],[-130.66474639559794,54.15873330544269],[-130.66992499038292,54.15954218814696],[-130.67788040267078,54.16272248693972],[-130.68285258564254,54.16145780652067],[-130.68341199355288,54.163552787675336],[-130.6888751828696,54.16454549761163],[-130.690695895227,54.16745080316713],[-130.69578438168935,54.16977089493353],[-130.70623592599304,54.1735692023846],[-130.7093331103741,54.17549339941942],[-130.71226871094282,54.17943409655596],[-130.71895189748128,54.18243070095656],[-130.72483388756038,54.18567218966144],[-130.73033998100215,54.189836601796344],[-130.73331059457286,54.188976309108135],[-130.73833362388567,54.19146589706921],[-130.74225131161737,54.194940889877294],[-130.74236961389332,54.19704310309369],[-130.74489050992915,54.198650991005785],[-130.75083959641358,54.20047970245991],[-130.75006091751663,54.203439193060696],[-130.75356358719773,54.2058147961594],[-130.75790780480668,54.2073258964974],[-130.76203018305674,54.205106890928434],[-130.7667520919529,54.2040046040767],[-130.76519787649408,54.20032439676627],[-130.77647920164307,54.2091915859209],[-130.78211997280215,54.208066394741124],[-130.7829289937703,54.21188329908744],[-130.7890448747941,54.215694494496844],[-130.79170260923567,54.21579850301351]]],[[[-129.40882340030805,53.40941539701627],[-129.41140888627933,53.41062879623447],[-129.4168123937379,53.41091511109082],[-129.4182101007914,53.40615539556287],[-129.41837560644967,53.39859570384654],[-129.42106048496782,53.396275595295506],[-129.42109810079748,53.39256270560768],[-129.4234310982046,53.391152809341115],[-129.42701691403556,53.39201160142099],[-129.42504351342947,53.39601930650956],[-129.42561280587714,53.39732960070934],[-129.43007990040326,53.40040578444698],[-129.43248509562315,53.40020789816621],[-129.43074928607234,53.39680690504715],[-129.4327933996821,53.39208990744511],[-129.44129321831403,53.38967729860959],[-129.44649781302132,53.3868260087218],[-129.44589648599694,53.38255770794295],[-129.4397591885923,53.38224009036701],[-129.43845060138347,53.380814413470674],[-129.43204649592354,53.380640692363684],[-129.42889451289093,53.378333504480224],[-129.4278862229268,53.37509200052436],[-129.43243858336393,53.37648629056665],[-129.44074910484645,53.37760710382335],[-129.44506312167505,53.380566595653406],[-129.45033581104838,53.38162480102239],[-129.45319012823342,53.381308600977235],[-129.4551300990557,53.37854138637231],[-129.4509483092716,53.37837760328588],[-129.45004919752358,53.375872388141175],[-129.45706827954592,53.37707729557395],[-129.45779908917248,53.37521438829681],[-129.45693121589724,53.36572489246714],[-129.45158568959513,53.360459608685034],[-129.44893627705028,53.36011069558963],[-129.4450207041675,53.3576895006893],[-129.43790372571073,53.35525269997502],[-129.42893181319883,53.353550796805855],[-129.42276489125436,53.35141450613204],[-129.42048858155343,53.34889649327182],[-129.41343109012323,53.34466089522769],[-129.41145248324602,53.34199759302537],[-129.40498828693552,53.34465369659543],[-129.40496860871949,53.3409237040823],[-129.40036520858422,53.33853958835692],[-129.39820149958564,53.33356630164573],[-129.398564194466,53.33058108725194],[-129.3956838926731,53.325852813357706],[-129.39283382099916,53.324684896052624],[-129.39515942102042,53.322826301860005],[-129.39225287612683,53.32183789584021],[-129.38624129190868,53.32446420010817],[-129.38422897544035,53.321108699077556],[-129.38490410992486,53.3160813083943],[-129.38811160526902,53.31220600345081],[-129.39199770453763,53.310306081631644],[-129.3904553952186,53.30912401406981],[-129.39462199733057,53.30687228696105],[-129.39790339284355,53.306339706939575],[-129.4027770071539,53.30262820695466],[-129.41050580585997,53.29978830910041],[-129.4150365823526,53.29650980562553],[-129.4122361006743,53.29558548351304],[-129.41169431381448,53.29374400742006],[-129.40545369481623,53.295437316361955],[-129.40030419712906,53.29497880060903],[-129.39451487952212,53.29854780392367],[-129.39126678923193,53.296149508100385],[-129.3890359093576,53.29671488483423],[-129.3855429901615,53.295413103079866],[-129.37309528104794,53.297529496483286],[-129.3690597042753,53.299312610836544],[-129.36680488902257,53.29887110708967],[-129.35598990330323,53.30121389389409],[-129.35310699623702,53.30288450668824],[-129.3468993909562,53.30146458835282],[-129.33789360132485,53.30128371401286],[-129.33481499377356,53.30289309189246],[-129.3335108059386,53.30671710857389],[-129.3346892037402,53.30780089912202],[-129.33315008238586,53.31247090472584],[-129.33356742130042,53.31792559660634],[-129.33470690170637,53.32172539127854],[-129.3341435769216,53.32451399437438],[-129.33738920580925,53.33039170073979],[-129.3429203756892,53.33488939413217],[-129.34282730472492,53.34018319114224],[-129.34485511564108,53.34206600108868],[-129.34541300656457,53.34609930495731],[-129.34454538128443,53.3502365961851],[-129.34175361169915,53.35249259863922],[-129.33634931084498,53.35484539076091],[-129.3354302972408,53.35638500480385],[-129.33466921513258,53.36271559191557],[-129.33907780145162,53.36726880349026],[-129.34409601390215,53.36898919391061],[-129.34704581007267,53.37142600085135],[-129.3525939000491,53.37327890339568],[-129.36290518497665,53.38057369706951],[-129.36618049034138,53.381993711257195],[-129.37641800684437,53.38864899646525],[-129.3861530967341,53.392743597904776],[-129.39577541781344,53.39899589837415],[-129.39773788455562,53.39979910091657],[-129.4092894979252,53.40779608866797],[-129.40882340030805,53.40941539701627]]],[[[-130.25595329238695,54.19391979076976],[-130.26203999656863,54.191464403803124],[-130.26024000204436,54.18868010511253],[-130.26624180516026,54.18649539630727],[-130.25940539807758,54.18597410136968],[-130.2571095168593,54.18755210290943],[-130.25232607420068,54.18849209382276],[-130.25539349567984,54.18401151119695],[-130.2613087937542,54.18152199019222],[-130.26844720956072,54.17942560846079],[-130.27246260668466,54.178996901010635],[-130.27129639192268,54.17692328698056],[-130.27405740432806,54.17504189614271],[-130.26930310866334,54.173394093413556],[-130.26281839763308,54.17375009044078],[-130.25486558185344,54.17519000615166],[-130.25149548737784,54.17678939904551],[-130.24623712610395,54.177661004126456],[-130.24165400323966,54.1776468030366],[-130.23774668846562,54.1755745033848],[-130.2343811835505,54.17523979147486],[-130.22761858424838,54.171363092379096],[-130.2207568127252,54.1693919884405],[-130.21638410384406,54.16754909770225],[-130.20768971376927,54.16572189430968],[-130.20097037383354,54.16265269591179],[-130.20772931391346,54.16279220012515],[-130.2115253221638,54.164838802057574],[-130.21847231839934,54.16613490100408],[-130.23925758326442,54.17279869635097],[-130.24525680685284,54.17357349001925],[-130.26286867764878,54.17337129796],[-130.27354460770897,54.17276458531966],[-130.27611250302104,54.17011270763089],[-130.28159457329033,54.1700286972448],[-130.28244529731316,54.16683701172011],[-130.28573263052553,54.16567910234982],[-130.28905809560592,54.16123841131423],[-130.28853391116118,54.15824189252408],[-130.28957219923603,54.15564269075684],[-130.2894075957234,54.1518415110399],[-130.28694599466294,54.14898311597675],[-130.2822132982256,54.14649928460405],[-130.28222399018046,54.1448628974143],[-130.2778660945891,54.14252719336775],[-130.2756408156151,54.1383356977132],[-130.26960598822868,54.13670070542043],[-130.27005630717412,54.13346920998672],[-130.26255981563057,54.12755159406122],[-130.25915080360733,54.12611320670657],[-130.25483638060885,54.123102392644746],[-130.25101937870107,54.12236889847393],[-130.24715520170412,54.1201086947491],[-130.2456039128309,54.11683440133628],[-130.235404303289,54.118000908384886],[-130.2272438995306,54.117832793985976],[-130.22702708529891,54.11518379961693],[-130.22425232006222,54.11395329542438],[-130.21917480884048,54.114517300101994],[-130.2171204812204,54.1158859005469],[-130.21362479802616,54.114653989429854],[-130.20119628862483,54.11604540778933],[-130.18591620639333,54.12043060138731],[-130.1810624034394,54.12298700701427],[-130.17507720364154,54.12404239378971],[-130.17139528568046,54.12641510408294],[-130.17099879128563,54.128064299333786],[-130.16736208700718,54.12881920762524],[-130.1675355232085,54.1311178050756],[-130.16527800191315,54.13199368442442],[-130.16107018369672,54.135881790924365],[-130.1600358222151,54.139873903324386],[-130.15592959995877,54.14527020111357],[-130.15485179148268,54.15054690040786],[-130.1595689010379,54.15335969591225],[-130.16805041108907,54.16085528801956],[-130.1756229824523,54.16547399888013],[-130.18154948397859,54.16749209526416],[-130.1903460104618,54.17196269303024],[-130.19616049947672,54.17431409216369],[-130.1981069139014,54.177027207541386],[-130.20297310386135,54.17997960737464],[-130.2109622093991,54.182299598034774],[-130.21323401077322,54.184488691551415],[-130.22183979322182,54.18840098966124],[-130.22299809308078,54.18980949162428],[-130.23041829006308,54.18982369831421],[-130.23352729768567,54.18871291128377],[-130.2376959115562,54.190270907159075],[-130.24344950091682,54.191001583485615],[-130.2453362968211,54.1894990072864],[-130.24895921723584,54.18969559935084],[-130.24934562292526,54.1913548049937],[-130.25595329238695,54.19391979076976]]],[[[-130.1866939075628,54.07964258940601],[-130.1927699877737,54.08044590054035],[-130.19294518229083,54.07535720451277],[-130.19812250960683,54.07623170489762],[-130.20149301222685,54.07549679411632],[-130.20238361129708,54.0734743982485],[-130.20785167733172,54.07180089716846],[-130.21367312297164,54.06859649811521],[-130.22268652564222,54.061251798950835],[-130.22420960100138,54.0543159089227],[-130.22279750918307,54.05199298608585],[-130.22345841591084,54.047976790112635],[-130.22136377651586,54.043207093470315],[-130.22082710213635,54.03690350851903],[-130.22138320526935,54.03503640610337],[-130.2199723907686,54.03173370868137],[-130.21862271329755,54.02524070535902],[-130.21740990079365,54.02450718794111],[-130.21713088750383,54.01961079179755],[-130.21454431587836,54.015699897420745],[-130.21137779362536,54.01391681239654],[-130.20630870520617,54.003270802976594],[-130.19865538675813,53.99814370366016],[-130.19621010889816,53.99538930111672],[-130.1893930003364,53.99008271011824],[-130.17673530928792,53.98417499001492],[-130.17595251492912,53.986160395962706],[-130.17062440664083,53.987605985679025],[-130.1657045305081,53.987852302571554],[-130.16392160356617,53.9868439837873],[-130.1561123971885,53.988447701973605],[-130.15433451668795,53.98708900299337],[-130.14732688603746,53.98792069252757],[-130.1450651980556,53.99110668914608],[-130.14623200311593,53.99305500578004],[-130.14031850558197,53.99821629846615],[-130.1383368854392,54.00168709886545],[-130.13881249826198,54.00399151241029],[-130.13612428762926,54.008916393518426],[-130.1336694800061,54.010135502442694],[-130.13216272098686,54.014732906354105],[-130.13294250930576,54.01591210253115],[-130.1295700884545,54.02043829242409],[-130.13089988996472,54.02277109892296],[-130.13078920152597,54.02661929541295],[-130.13512807442083,54.027819896218205],[-130.1362975101806,54.03039629792475],[-130.13943401012455,54.032884385804024],[-130.14125149763822,54.039024186650714],[-130.14659359209617,54.05002051069256],[-130.1513126014535,54.05215820261762],[-130.15458339446164,54.054501111386294],[-130.1551970035085,54.057820904538865],[-130.15690778708256,54.059538492645274],[-130.15733749199077,54.063453606349405],[-130.16134111089036,54.06781880869205],[-130.16977157768673,54.07031689378726],[-130.17612099286526,54.073284989301655],[-130.1790793810219,54.07364240432938],[-130.1866939075628,54.07964258940601]]],[[[-129.9409188051256,53.54741990396116],[-129.94339299072885,53.54676188975312],[-129.94420799538017,53.542647292581606],[-129.94893050629818,53.54189110754339],[-129.95256999407815,53.540063798695456],[-129.95640808497492,53.53425310536477],[-129.96080470940592,53.531817709573836],[-129.96072248948738,53.52881680916763],[-129.95584769471859,53.527389789399614],[-129.95618001589852,53.52477209669176],[-129.96029489243972,53.523246815390564],[-129.96626330748379,53.51776069373159],[-129.96429479448267,53.51608578578309],[-129.97127932268515,53.51619120015099],[-129.970647109526,53.51092880829149],[-129.96783380801057,53.509891903406434],[-129.96540289601518,53.50449991144535],[-129.96019760041256,53.498248992102724],[-129.9637727972566,53.49902101152462],[-129.964718407736,53.50223969607015],[-129.9685224794083,53.50245189737323],[-129.97184680928459,53.49745429838894],[-129.978838304282,53.49660548401979],[-129.98485308007744,53.49401200264549],[-129.9857377797966,53.4964859023644],[-129.98064669413853,53.4966268959241],[-129.97806411250798,53.50036969551028],[-129.97257529688903,53.50166429705845],[-129.97348681025028,53.50390310792608],[-129.96783599301529,53.50538720249674],[-129.96752317925188,53.50747509915467],[-129.9711628088676,53.5091000964363],[-129.97821570489782,53.510166796255696],[-129.97788989646043,53.51247970453753],[-129.97917488924165,53.516495988320024],[-129.97636319642598,53.51943989935502],[-129.97914001042054,53.52280669221544],[-129.97852319495436,53.52419531158523],[-129.98391749256484,53.526523906726716],[-129.9920232021657,53.52412981155138],[-129.99484980084608,53.521795491127456],[-130.0000352907605,53.52106061174925],[-130.0043256892292,53.51750010290008],[-130.009055792109,53.51729929635194],[-130.01533319863992,53.51365041103303],[-130.02059301514814,53.51281439046058],[-130.0264827068623,53.509429104582296],[-130.026058706684,53.506233199512316],[-130.02447082231924,53.504790405366755],[-130.0195184171799,53.50384330196338],[-130.0185288125449,53.50092089764148],[-130.01376590725297,53.49910068484736],[-130.0072938898103,53.497645205271205],[-130.00191202268775,53.49386099906494],[-130.000299313266,53.49131309474023],[-129.99154551199481,53.48946308995059],[-129.9875053190676,53.49010679339426],[-129.98855522042513,53.48730260627454],[-129.98382137621016,53.48467209336742],[-129.9808689961426,53.48209000352644],[-129.98050751427402,53.48013310776847],[-129.97467250538892,53.47605418408085],[-129.9662424826635,53.47507140162294],[-129.96474938869665,53.47367288897446],[-129.9569288964303,53.47226150308527],[-129.95341130885953,53.46792049085393],[-129.94801689937034,53.46725249535636],[-129.94608012073317,53.46619859547886],[-129.94187567396597,53.466762596367886],[-129.93679501592246,53.46928349519523],[-129.93076369374404,53.468448888449394],[-129.92768279763544,53.46947149877966],[-129.9234421897501,53.47532071135227],[-129.92381630545333,53.47865188447735],[-129.92057999911773,53.480241289618775],[-129.9163893792936,53.485828494769436],[-129.91588689598098,53.48899588748886],[-129.91724779519672,53.48993019425384],[-129.91462528765186,53.492718788586245],[-129.91034530291424,53.4934878841892],[-129.90889467683843,53.495404895907406],[-129.90907989904449,53.50056339354151],[-129.9162964124829,53.5003469085259],[-129.92216050976182,53.49958209837857],[-129.92811909998144,53.500453683560146],[-129.92832721068186,53.49758389804044],[-129.93324150563757,53.49962199735787],[-129.9418425864589,53.49863780026869],[-129.9422841812872,53.500171693168475],[-129.93622399096904,53.50222400520727],[-129.93360838849551,53.50192919769388],[-129.92561369402932,53.50306998931535],[-129.91965389518822,53.500851109079505],[-129.91252540960917,53.50100490309786],[-129.9061479969664,53.505915601734834],[-129.90282638813156,53.50781969062757],[-129.90301817850403,53.51047869619251],[-129.90150121085844,53.51360058648227],[-129.9016785005943,53.51626959632742],[-129.89650638457505,53.51916639356972],[-129.89492720650037,53.52084128488862],[-129.89425608924464,53.524791999304576],[-129.89615688769038,53.52757349579666],[-129.89480682218286,53.52945349994035],[-129.89816089684766,53.53324041104263],[-129.89259369920936,53.53321911150572],[-129.8929148098176,53.53697329673748],[-129.89456059880658,53.54061069254001],[-129.8983061912178,53.54291080886559],[-129.91068430254933,53.541000987417966],[-129.91608449127415,53.542299795687235],[-129.9198653937084,53.5447609142672],[-129.9409188051256,53.54741990396116]]],[[[-130.5793432236968,53.84677159880908],[-130.58221888136038,53.84564650092075],[-130.58615029438425,53.84269121492549],[-130.58520771440777,53.83983568913796],[-130.5898123185778,53.84101489683593],[-130.59435129918893,53.838113788609725],[-130.59424802801573,53.83659700283221],[-130.59991358515077,53.83450769052393],[-130.600142597084,53.83295820418846],[-130.60540107870318,53.83177319580803],[-130.60918870317786,53.82984340112768],[-130.61579110449998,53.828478998075795],[-130.61790720853787,53.8266246882482],[-130.62317329961724,53.8260321920767],[-130.62773258260722,53.82176390536811],[-130.6306402803762,53.820781198098466],[-130.63366730448345,53.81730609126276],[-130.64129310641323,53.812275803070044],[-130.6390034992375,53.81002270180469],[-130.6335541933311,53.81092420931603],[-130.62706582164802,53.80928639705182],[-130.62508969526795,53.807687004478645],[-130.62379910372658,53.80453098168565],[-130.62544768292406,53.80199160384005],[-130.62374297840586,53.79994640329724],[-130.61745359919598,53.79824308501271],[-130.6084003866441,53.79818469408479],[-130.6055598852586,53.79736858976118],[-130.6046460164552,53.794487391149254],[-130.59980750300778,53.79422820681502],[-130.59684222254998,53.790924104619165],[-130.59349219912443,53.78901700056172],[-130.58975751215982,53.78822230099943],[-130.58474429062207,53.79097680148729],[-130.58248159650915,53.793333806374676],[-130.57975241472013,53.79385509028852],[-130.57599168389197,53.7923852931704],[-130.5688111243651,53.792794002495185],[-130.5675818093884,53.79076170463736],[-130.56227349295114,53.791271594620625],[-130.55837400829228,53.789334584422015],[-130.55192888654534,53.79116330979143],[-130.5487058023913,53.78769820848941],[-130.5428636996084,53.789410093838974],[-130.54400189479736,53.79230839529663],[-130.53991992938995,53.791533602422184],[-130.53794508104912,53.79481219247336],[-130.5338504990983,53.79494601145881],[-130.53137288596218,53.80026400691556],[-130.5316908983868,53.802363302444256],[-130.53440262842884,53.80302980241124],[-130.54429462634465,53.80275780262583],[-130.5390888192436,53.80576430016703],[-130.53868889720164,53.809311987638424],[-130.53587049695565,53.809087001464604],[-130.5322069890413,53.81236128787531],[-130.52862860193625,53.81209209176675],[-130.52809109727315,53.814050406766476],[-130.52423918372378,53.813783995652045],[-130.52013329845929,53.811120792129884],[-130.51590409910312,53.812181785034156],[-130.51703261983081,53.814459097041365],[-130.51465090404827,53.815379187406506],[-130.5100071963613,53.81422408630175],[-130.50688567425783,53.81445339458464],[-130.503855696848,53.81760950178439],[-130.50037371688103,53.81962189672128],[-130.5063884163469,53.822585691627914],[-130.51266070998815,53.82719009300602],[-130.51614570054213,53.8285929845991],[-130.5202746826241,53.82845060687118],[-130.530057817597,53.83174190328704],[-130.5420736887512,53.84028149883541],[-130.54572922030246,53.840952294315784],[-130.54846661836166,53.84303020013087],[-130.55373648758058,53.84498419619701],[-130.5578629832269,53.84799639812789],[-130.56088088742212,53.848227093404965],[-130.5650575972592,53.85017690898499],[-130.5793432236968,53.84677159880908]]],[[[-130.64273879915788,54.12046479514663],[-130.64612790623767,54.11914169733861],[-130.64711767972898,54.116692000290946],[-130.64577421209805,54.11136260193928],[-130.64980230735216,54.106884894837485],[-130.6514171830867,54.100911801578945],[-130.64602360445429,54.09952029527702],[-130.64385030958363,54.09756348560538],[-130.64348572753107,54.09449430000256],[-130.6455897233613,54.088919899153986],[-130.64853861174467,54.08616410571038],[-130.64250610243255,54.08637339846911],[-130.63590870682816,54.09079560009163],[-130.63532978374838,54.09669180525089],[-130.63132379388935,54.097913805857075],[-130.63068810761035,54.10310080196043],[-130.62700420426486,54.1035992927897],[-130.62614830991848,54.1008875979516],[-130.62874591101846,54.09885660131205],[-130.62682687719467,54.096311595415095],[-130.6319664170497,54.09204470212566],[-130.62793698652388,54.08599600381541],[-130.6259400845518,54.084970590074136],[-130.62603817885895,54.08239850301199],[-130.62199528790353,54.08147420186853],[-130.62127168244132,54.07935349497509],[-130.61846941638913,54.07804179509066],[-130.61770219367807,54.075589298787364],[-130.61417850679996,54.07420791157415],[-130.60861269076105,54.073366097868394],[-130.60106950569306,54.07080538155479],[-130.58813840906586,54.0723705993106],[-130.5870263010352,54.07003918514606],[-130.58333711075736,54.06908069335174],[-130.58594377368178,54.067320395709615],[-130.58436311159315,54.06512139938333],[-130.57640519268284,54.06603430465524],[-130.57182170699747,54.06527659882192],[-130.56916239060988,54.06724349149727],[-130.57149820022332,54.06883150833352],[-130.56840201706675,54.07220680740243],[-130.57022610196523,54.07479041299431],[-130.57141980612522,54.08091298776744],[-130.57888928280406,54.08600170269032],[-130.58275757166075,54.08917909671862],[-130.5847040986313,54.09292770476503],[-130.591196987864,54.09915290136424],[-130.59358230070706,54.09993049312354],[-130.598458975572,54.10390119561497],[-130.59862769026404,54.10510319485529],[-130.6071518032927,54.109152292436626],[-130.62277721754214,54.112420794184914],[-130.62271718814273,54.114839090410086],[-130.62567382265865,54.1165083023851],[-130.62238139818015,54.11800801541544],[-130.62614417517403,54.12026820028761],[-130.62702978701233,54.116740401529476],[-130.63222422507047,54.118486501956],[-130.64273879915788,54.12046479514663]]],[[[-130.63249889410625,53.920437387016584],[-130.6393331156684,53.91607360102628],[-130.63956780365473,53.91429899948347],[-130.64580121896543,53.91367519306097],[-130.64676531040288,53.91147768623291],[-130.6505273143187,53.910346900054236],[-130.65092158773302,53.908372892365236],[-130.65494552527628,53.90739160046251],[-130.65806281811678,53.901541000558495],[-130.66180150485494,53.90021358971804],[-130.66043800911012,53.89731958774717],[-130.65621761785928,53.89641669820047],[-130.65262350336926,53.89367931231827],[-130.65074590306486,53.89354261178857],[-130.6434715236812,53.88927430037811],[-130.63526591279563,53.888801404215],[-130.632395900732,53.8877532018844],[-130.6270944825822,53.8887872047448],[-130.62323488405593,53.88656539803426],[-130.61493791841067,53.8848620968663],[-130.61990711559858,53.882744300980214],[-130.623515689037,53.885159691739105],[-130.62788299020906,53.883625898451044],[-130.63302780180766,53.886037007159125],[-130.63810421456355,53.88628200117196],[-130.64140128146673,53.88766630451357],[-130.64726380769469,53.888189005612695],[-130.64927419263054,53.88514979808935],[-130.63592991125535,53.883983288211574],[-130.63001349609985,53.8785627935267],[-130.62765178656616,53.878468803280214],[-130.6203753959444,53.87482850963032],[-130.60996420482536,53.87583968165732],[-130.60920850691573,53.87951841051299],[-130.60521180705092,53.88240250180833],[-130.6008180978245,53.88128438572726],[-130.59489828971803,53.882846787821364],[-130.59283531712816,53.887035401510914],[-130.58651098391528,53.89159569292605],[-130.58681049520166,53.89629278880505],[-130.58931101462247,53.89882220063035],[-130.5895802914218,53.90111088994331],[-130.5922128140587,53.90310758940208],[-130.5990860053607,53.90370859314422],[-130.60413660560573,53.90676068677479],[-130.60998299900876,53.9083900057688],[-130.61271561383833,53.910932207616725],[-130.6121088986455,53.91338608808825],[-130.60695011034403,53.911442095224146],[-130.60375069964465,53.91262559906005],[-130.6040555907413,53.91459100307794],[-130.60712510641744,53.9164467987637],[-130.6128034903149,53.91398860345822],[-130.62047049292616,53.91621319485792],[-130.62459120962288,53.91604089770509],[-130.6259356021777,53.91733399673776],[-130.63125452683366,53.916696002408536],[-130.63249889410625,53.920437387016584]]],[[[-129.25844098866125,53.40314749681789],[-129.26575941917628,53.402124898815636],[-129.27166070747285,53.40061950773374],[-129.273576200204,53.39899729717102],[-129.27634522606078,53.392293602889154],[-129.2736387969794,53.3903039135119],[-129.2699971918521,53.389782715161374],[-129.27025091975227,53.387256098975506],[-129.26673847797096,53.38325549757718],[-129.26681930469374,53.379469985598696],[-129.2654823832506,53.37709149629514],[-129.26191238973445,53.37586809580775],[-129.2631947056208,53.37422028464298],[-129.26097779153181,53.37045899311598],[-129.26158789794835,53.3671035961096],[-129.2564544996832,53.36565938690523],[-129.25212700361504,53.36575770309332],[-129.2471373106618,53.36309868920636],[-129.24626829409343,53.360737290390475],[-129.24020277933897,53.35922059800646],[-129.2294488047833,53.35733629257671],[-129.22795782621964,53.35923620181005],[-129.22900419209597,53.3610221882095],[-129.22524132252062,53.368607498145536],[-129.22310891520715,53.37184759088038],[-129.22187699823127,53.37748608901921],[-129.22366319484428,53.379810388172295],[-129.22453420880225,53.388302883570255],[-129.22673389068416,53.39188621219144],[-129.22916398441487,53.393544002403786],[-129.2300038921031,53.395915300514076],[-129.22894900659134,53.39833498157305],[-129.23290438321914,53.40951079088243],[-129.23720438920262,53.411631491146835],[-129.24141670867735,53.40896250992148],[-129.24628812074727,53.408548099821296],[-129.24961658956627,53.40660829735345],[-129.25517510940037,53.405419102757705],[-129.25844098866125,53.40314749681789]]],[[[-130.37884701660047,53.782311906775384],[-130.3822587209563,53.781327695204986],[-130.3840931038892,53.776642102497114],[-130.38106648961278,53.77224558925171],[-130.3825628899867,53.769343009334065],[-130.38723081991944,53.77004370389175],[-130.39010749260058,53.76760980701849],[-130.39006280853116,53.76437400336481],[-130.38601700241574,53.76316341234899],[-130.38710011001947,53.76055279991963],[-130.39141051544598,53.75925250672706],[-130.38510198486304,53.75659349410546],[-130.38802331313173,53.755921301048396],[-130.39004270136434,53.7536780990051],[-130.38754729418056,53.75250168672752],[-130.38394071065804,53.75264270919274],[-130.3744428845946,53.750225892334214],[-130.3720949816432,53.75125980482891],[-130.37230619597136,53.754008602450845],[-130.36814028929635,53.756905392131046],[-130.35856039634447,53.75383201623515],[-130.35546732168424,53.75343599496557],[-130.3540561777467,53.75154610172057],[-130.35617168267757,53.75037109170852],[-130.35371269205885,53.74556300011927],[-130.3538113996341,53.7429368114199],[-130.34778318697403,53.743661700255636],[-130.34013928903968,53.74839429310741],[-130.33473029746938,53.74902948686224],[-130.33230258456362,53.75283220651707],[-130.3354361757741,53.75504539810603],[-130.33420530980953,53.75638839898708],[-130.32691210074336,53.75650518602295],[-130.32377949640016,53.75762748470133],[-130.32437258481266,53.761576802315815],[-130.32764421906927,53.76719530641486],[-130.33401629702703,53.77050368596235],[-130.33610420145837,53.770327112496965],[-130.34347191791355,53.77580890508013],[-130.3470031858259,53.779014801799875],[-130.35206367983423,53.77965859241275],[-130.35467768505916,53.78122950031238],[-130.3608168080833,53.78141180673041],[-130.36481720018375,53.78078228542955],[-130.3725027063937,53.78278040975347],[-130.37812142267936,53.783335905613185],[-130.37884701660047,53.782311906775384]]],[[[-130.13492459535306,54.14026548732789],[-130.13865108946226,54.14271939642776],[-130.1496608929098,54.14668728881566],[-130.1515464949827,54.14509639515067],[-130.152749711703,54.140500504401885],[-130.15186959335358,54.1357991881963],[-130.15286948838386,54.13319150921597],[-130.1571380995578,54.1320721136483],[-130.16214192273748,54.12927350250039],[-130.15951968797106,54.12360941057891],[-130.16264721105415,54.12269791007725],[-130.16166841231893,54.11725169943135],[-130.15922020039395,54.11559539722516],[-130.15114758914112,54.11801800685904],[-130.15206828485594,54.11426090636452],[-130.150322596263,54.112578908705714],[-130.15900379538965,54.108954299192824],[-130.1604978919953,54.10716980633141],[-130.15730459620872,54.102894292473415],[-130.1544313038691,54.10071950653722],[-130.14936311902278,54.09444160315534],[-130.15057159589767,54.09167858676844],[-130.149243992376,54.09017321327099],[-130.1451946945421,54.089680495332345],[-130.13778911582673,54.09506259349996],[-130.13500950253308,54.09631158838994],[-130.13220830352418,54.10066110585669],[-130.13021141735499,54.10828489983231],[-130.1277777925254,54.109341711727104],[-130.1263036981031,54.11420819846641],[-130.1280477075742,54.119269810715515],[-130.12394989142004,54.12559188833285],[-130.12436010643106,54.1323027938692],[-130.1278681116522,54.13573939721391],[-130.13410071506638,54.13861909358134],[-130.13492459535306,54.14026548732789]]],[[[-130.63070818466687,53.50380060430805],[-130.63382599731835,53.49903799604046],[-130.63035808655786,53.49664959006314],[-130.63288537379438,53.494924894587434],[-130.62860389627122,53.48628998966088],[-130.6226847085723,53.48445558945973],[-130.62247778231966,53.48096200598965],[-130.61739500316358,53.475753599465335],[-130.61254068815202,53.47683459422615],[-130.60688900956802,53.476434391454035],[-130.603734808428,53.471119307757846],[-130.59580680129199,53.47063220515126],[-130.5932837912753,53.472868200409856],[-130.590998593923,53.471828502793535],[-130.59128370148994,53.467770996853844],[-130.58731958969608,53.46610610486028],[-130.58378718639904,53.46752029576514],[-130.5842964849602,53.473096091841825],[-130.58836748690175,53.47518969627038],[-130.59043899139178,53.479405303431555],[-130.59237668689778,53.48044070537747],[-130.59219711009868,53.48447979765195],[-130.59588378588768,53.487145892899704],[-130.59609401122626,53.49034318895476],[-130.5984092808565,53.49219040080764],[-130.59661460213587,53.494155906236415],[-130.60050300982576,53.49575809304235],[-130.60058601239953,53.49796849541284],[-130.60464801804903,53.50127690621764],[-130.61399900728227,53.50376640583804],[-130.61725928981622,53.50540430077076],[-130.6210942053502,53.50514508244036],[-130.62338549004906,53.50316260556621],[-130.62815602051947,53.50250460337284],[-130.63070818466687,53.50380060430805]]],[[[-129.4470412848565,53.35404069039182],[-129.45669040103397,53.35857109782825],[-129.4642297931858,53.3610677954097],[-129.46543821726286,53.357575599777256],[-129.4656570239455,53.34596120351668],[-129.4676857062897,53.345889982664424],[-129.4709053983177,53.339693210557556],[-129.47098350639945,53.337193702214904],[-129.46940149815927,53.33260639506719],[-129.4669687009894,53.32849888971865],[-129.4638803197189,53.328924804536825],[-129.46374981683456,53.3321335022402],[-129.46593340810435,53.3367550953384],[-129.46515360305708,53.33958930142629],[-129.46639859051623,53.34232659743685],[-129.46436587644104,53.34327799696512],[-129.46041161342544,53.33439370415035],[-129.460549108506,53.33182299970076],[-129.4520817938982,53.32218261540483],[-129.44330249657477,53.328265404139216],[-129.44364968981156,53.334188709112226],[-129.44006671500242,53.334714206455914],[-129.43900039129525,53.34202608758362],[-129.43621480663037,53.34298029228157],[-129.4363987908345,53.34760899127121],[-129.4396868014905,53.35041041078298],[-129.4448142016544,53.35228749109793],[-129.4470412848565,53.35404069039182]]],[[[-130.67593678406524,54.03648050477434],[-130.67991279194678,54.03243441223715],[-130.6824879167834,54.0311496926182],[-130.68154098204278,54.025858802920794],[-130.68555509594503,54.024337713045746],[-130.68706900439156,54.021007886654004],[-130.68188017039878,54.019525295355834],[-130.68327887551175,54.01636930012797],[-130.67854467851424,54.01211089736736],[-130.68153110248645,54.01048728476055],[-130.6769520863384,54.00745089186563],[-130.67344760055462,54.00720309712746],[-130.66833769762695,54.00535870853498],[-130.66729479946946,54.00901470622656],[-130.6697462054782,54.009654086100504],[-130.67094880834443,54.01833038730865],[-130.66855230363967,54.018354582300276],[-130.66728949802442,54.013876898238586],[-130.66386240144277,54.012513890538195],[-130.662983125971,54.01036770047028],[-130.65959112156983,54.009857796499276],[-130.6580803985433,54.01220630541024],[-130.6545208014014,54.01015258801738],[-130.65429031389206,54.00860019696166],[-130.6470345928802,54.00955440991885],[-130.6447076089115,54.01053860147762],[-130.64538669191685,54.01265920415649],[-130.6452079046414,54.01895421154055],[-130.64981600717914,54.019682002253134],[-130.65636951002432,54.022100304936394],[-130.6596099105936,54.02452719975093],[-130.65860018134373,54.02638430248677],[-130.65296619195368,54.02600411012515],[-130.6496379879775,54.027567792584186],[-130.6502309934494,54.03327750132947],[-130.6555629032892,54.03104720179281],[-130.65977798853157,54.03372039481697],[-130.66737221193986,54.03270779981287],[-130.6721829986316,54.03615580140938],[-130.67593678406524,54.03648050477434]]],[[[-130.25710911397107,54.0252934090375],[-130.26237630724862,54.0232254024138],[-130.26432059586907,54.02093100120211],[-130.2577723863353,54.01033918990051],[-130.25989160890921,54.00772719417206],[-130.25582849605416,54.00502830011304],[-130.2559543036786,54.002662690083014],[-130.25172671483617,54.00007350496255],[-130.24513511463155,54.00054629660727],[-130.24069009031828,53.99472270186402],[-130.2377665806018,53.9923171923777],[-130.23557720532148,53.987917884454866],[-130.23376251973247,53.98845760199542],[-130.23197659497035,53.991513991729036],[-130.22835740682385,53.99192840821532],[-130.2323260955768,53.99458460663925],[-130.2308171922918,53.99717089983585],[-130.2329824034511,53.998711885949724],[-130.2374970839669,54.00586569078686],[-130.24150818274026,54.00733410272629],[-130.2438409922951,54.00984501006868],[-130.24589867735412,54.01387829956111],[-130.2444831174355,54.01547490749673],[-130.24701168651524,54.01944839297162],[-130.24872891540588,54.01918779857775],[-130.2562844080011,54.020717383114864],[-130.25865590539837,54.02187958815567],[-130.25710911397107,54.0252934090375]]],[[[-130.62906909921344,54.071202815315246],[-130.63217828077563,54.069425401003556],[-130.63490739581485,54.06614400318274],[-130.62868642223776,54.06026769835054],[-130.62336280066157,54.05417351396063],[-130.616345011877,54.05525728656524],[-130.61262318890013,54.059343406844796],[-130.60743611414904,54.061102301823645],[-130.6025318073037,54.061149297621014],[-130.59844277966542,54.05973079260479],[-130.60033880550858,54.0569720937515],[-130.5961320796994,54.05603069429269],[-130.58928450844255,54.05631840353489],[-130.5851808165655,54.05970799585872],[-130.58856579386602,54.06235991220906],[-130.59633949935625,54.06382110403548],[-130.59688009957281,54.06558429453178],[-130.6009521069724,54.067328888781645],[-130.60564909352362,54.06746419207539],[-130.61017510242158,54.06914620359889],[-130.6166421803407,54.068817204175225],[-130.62242129172762,54.06962049327407],[-130.62590482678436,54.07155169934873],[-130.62906909921344,54.071202815315246]]],[[[-130.33942268328698,54.074579596243204],[-130.33334159091976,54.068948195637006],[-130.32808948456363,54.06575229863328],[-130.323613391545,54.06579219873392],[-130.31023181187217,54.05477448979692],[-130.30546361440346,54.049389588719066],[-130.3020551958134,54.046818893137036],[-130.29129610010776,54.04071468958118],[-130.29239130305675,54.04355318993017],[-130.2899336039251,54.04603268211311],[-130.2922436024491,54.0486604022521],[-130.2887864103514,54.05090780674158],[-130.28982490079477,54.05584981000199],[-130.29148531793717,54.05770130050559],[-130.2969237223341,54.05816410185652],[-130.3021756897678,54.057531789988715],[-130.30796048186386,54.0627101981581],[-130.31167208395925,54.06361319404548],[-130.31414481294203,54.06545608809674],[-130.31677679828172,54.06943531439227],[-130.3220774241177,54.07228940484275],[-130.33120398432146,54.07189210278089],[-130.33505569625694,54.072389095274836],[-130.33942268328698,54.074579596243204]]],[[[-130.09069778723497,53.55901011101079],[-130.09649720607226,53.56084450761271],[-130.10224091197432,53.55992009922461],[-130.10289790566446,53.558448891987865],[-130.09933089437368,53.555973715124786],[-130.10123079405514,53.554680510816716],[-130.10057050918212,53.551333595911835],[-130.0979341174517,53.54804939597258],[-130.09363851920253,53.54717209829489],[-130.09026398173796,53.54972850497504],[-130.08303170711213,53.549605997027115],[-130.08140390893553,53.550950495771296],[-130.0703736184642,53.549863803276224],[-130.06906598246343,53.55125949516241],[-130.06315059802944,53.553155186639536],[-130.0629776863209,53.554711797393246],[-130.06810720855623,53.55698490784193],[-130.07068461716798,53.55684530726802],[-130.0758859115205,53.5547758966409],[-130.07420539794504,53.561146403075966],[-130.0816074104447,53.56184428731421],[-130.08437428665178,53.56022779594892],[-130.09069778723497,53.55901011101079]]],[[[-130.82216999041776,54.161262706508126],[-130.82691370672154,54.16218840279661],[-130.82522340079552,54.1585836849895],[-130.82724659203697,54.15757249250519],[-130.82176977367902,54.155641297021965],[-130.82932270180814,54.15363029907932],[-130.82982040847762,54.149622600672316],[-130.8277227197993,54.14683260608225],[-130.81709519170616,54.145761597267196],[-130.8194271069886,54.142759305091644],[-130.8178468759744,54.13985389461725],[-130.8092878000312,54.14546530592327],[-130.80531908532507,54.14538130161978],[-130.80103289442494,54.147548892562654],[-130.80163067248114,54.151082397834564],[-130.80448890049894,54.154805300134726],[-130.81021311099866,54.15684048753818],[-130.81218942065922,54.161063299095],[-130.8164650009477,54.16037820963939],[-130.81961209114982,54.16198470611218],[-130.82216999041776,54.161262706508126]]],[[[-130.76551120655242,54.137891398020656],[-130.76887981606717,54.138946707367886],[-130.7708928972501,54.13522240183156],[-130.77479400664112,54.13337660614095],[-130.77583921889698,54.13024189449289],[-130.77165060279106,54.12677109081916],[-130.77278607465354,54.125388200168025],[-130.77032248100645,54.12325760088642],[-130.77012951090958,54.12121959439387],[-130.76574579419605,54.12035939464482],[-130.76397061467222,54.1185605941039],[-130.75931360217368,54.11950911224836],[-130.75454679449902,54.11644989111645],[-130.7523479828523,54.11832560383507],[-130.7489199911381,54.11904911390938],[-130.74890770692951,54.12133208883628],[-130.75084799347908,54.12557481256026],[-130.75422732160277,54.12984030593602],[-130.7530804913561,54.13242808712937],[-130.75622569064734,54.1343863932526],[-130.76380409647763,54.135857601733704],[-130.76551120655242,54.137891398020656]]],[[[-129.99141048245858,53.552827599767106],[-129.99527657961707,53.54902919453384],[-129.99234990427348,53.548451009663864],[-129.9880455796944,53.550302495866745],[-129.98644760703803,53.54716069116241],[-129.99125910490415,53.54503570189537],[-129.984785896,53.54451309465296],[-129.9814191900744,53.545744999868475],[-129.98005660171694,53.548804210780176],[-129.97682100284223,53.54920870435168],[-129.96972848248646,53.548654693158426],[-129.97112180025104,53.54621640411788],[-129.9742017184831,53.54495029959928],[-129.97550838982522,53.54135268982795],[-129.97806969934692,53.5405679851189],[-129.97453130920758,53.535590395097984],[-129.97645929366072,53.5341989127747],[-129.97461580059692,53.531437392142145],[-129.96612689409716,53.53300691704222],[-129.96435381366106,53.536644289147056],[-129.96501451279175,53.53779789902698],[-129.96215709625693,53.54157780133448],[-129.96415840555554,53.54462701223926],[-129.96119789674256,53.54649411294686],[-129.96050387718236,53.54989800002667],[-129.96677227920335,53.5519859020167],[-129.97655130083547,53.551951685186516],[-129.97850849362473,53.55299710960459],[-129.9838660032036,53.55233198517703],[-129.98826499215127,53.55318650695193],[-129.99141048245858,53.552827599767106]]],[[[-130.15841761031714,53.93463820709681],[-130.16042241523652,53.93612930180585],[-130.16490237965633,53.93671469927084],[-130.16471830801314,53.932266905373346],[-130.1719657881499,53.92947259693091],[-130.16712640964343,53.92527689725529],[-130.16704220994953,53.92387539065163],[-130.16266371225242,53.92138448781931],[-130.15673227192852,53.92223189533414],[-130.14960519545716,53.920521395848255],[-130.1451433073488,53.92661279354041],[-130.14358489411953,53.92754420911355],[-130.14229779970333,53.932320996025666],[-130.1463428771022,53.93317119356862],[-130.1484384251476,53.93236090465979],[-130.1561083021394,53.93546989107362],[-130.15841761031714,53.93463820709681]]],[[[-130.384377888936,53.74841279663699],[-130.38698938418315,53.747995505377766],[-130.39318458692924,53.743231608704086],[-130.38969041090854,53.73937199070784],[-130.38642778582675,53.74017379509702],[-130.38689919272812,53.733300597221394],[-130.38063639932608,53.7323292111475],[-130.3763087924119,53.73582279735484],[-130.3736801975401,53.73613051082177],[-130.3692591165809,53.739138403178416],[-130.36538539286113,53.738886293334545],[-130.36483700367774,53.74301939844663],[-130.36790002348806,53.74535650207465],[-130.36309747714282,53.74829749515343],[-130.36558468837308,53.74925739693306],[-130.37085608194388,53.74949379138575],[-130.3753445039127,53.747132496594794],[-130.37477161548728,53.74351640041233],[-130.3801205010773,53.747581100709134],[-130.384377888936,53.74841279663699]]],[[[-130.18946480592484,53.57835798336861],[-130.1929256111368,53.57577018619954],[-130.1845201073705,53.569480900628555],[-130.1834950134674,53.56792710751804],[-130.17910321291336,53.56693580740908],[-130.1780371172094,53.5682404005371],[-130.17379259877882,53.56710529328097],[-130.16604999931633,53.57106460957564],[-130.1678471944629,53.57987331094877],[-130.17016657944566,53.583986401701964],[-130.17339271568287,53.582147793489376],[-130.17872869833016,53.58221189545452],[-130.1829921155913,53.57967959485493],[-130.18946480592484,53.57835798336861]]],[[[-130.27786659620685,54.04354600221122],[-130.27910261608153,54.04052250269538],[-130.28138891837756,54.03939159839438],[-130.27798187881945,54.03531129780511],[-130.27735833015288,54.03241440231833],[-130.27060439378008,54.025771911888654],[-130.26717527863332,54.025988399194716],[-130.2661773116359,54.02831699100806],[-130.26587750717934,54.03348828274056],[-130.26008150635948,54.03472730878089],[-130.25888101867764,54.03839749499717],[-130.26016622027691,54.041009502227084],[-130.2633622116817,54.043205693028796],[-130.26332467449615,54.04494029944461],[-130.26620120524393,54.04811920915742],[-130.26997761720472,54.04628190772909],[-130.2688934991422,54.043264087014364],[-130.27572279028078,54.04132141181175],[-130.27786659620685,54.04354600221122]]],[[[-130.55779219272173,53.62186188829855],[-130.56624829078476,53.61747251266233],[-130.5643089739887,53.6124093959428],[-130.5678874006078,53.61109630692808],[-130.57313622329534,53.6111703040869],[-130.57553819405211,53.60952959839303],[-130.57691768835582,53.60596060616156],[-130.56894389729058,53.60739620855889],[-130.56239979518102,53.61030439160164],[-130.55619660096212,53.61425940496948],[-130.55470390510126,53.609838686587715],[-130.54898938155156,53.6114494911502],[-130.54482289546635,53.617382690378314],[-130.54142209376755,53.61827999381732],[-130.54283952124098,53.62355669780737],[-130.54573519007167,53.62582969159185],[-130.554264710921,53.61882400109907],[-130.5580633842442,53.61649119675968],[-130.55779219272173,53.62186188829855]]],[[[-130.42766730072842,53.50217270250634],[-130.43239552693584,53.49978010382012],[-130.43555348174354,53.49504879448548],[-130.43495969958698,53.491315993324505],[-130.4272147971781,53.486896696163235],[-130.42212659439696,53.48618459801849],[-130.41979248737815,53.48760589573146],[-130.42103559758888,53.48965819944332],[-130.4193896002954,53.490900090205145],[-130.41788739359825,53.49464859960909],[-130.4186026247541,53.496230904585154],[-130.41676130304648,53.50292329387509],[-130.42387490434274,53.50286628249802],[-130.42766730072842,53.50217270250634]]],[[[-129.94210150982894,53.572173988594216],[-129.94143540769616,53.5700591100544],[-129.94269761348698,53.56632769591116],[-129.94075440479477,53.56520969650542],[-129.9412401020159,53.56192540442378],[-129.93404158802394,53.560660693449854],[-129.92491809251692,53.564632905578875],[-129.92832660764614,53.56651989673721],[-129.92813069639956,53.569308501533705],[-129.92556449035445,53.571467587547076],[-129.92068902762918,53.57084950039121],[-129.91713869037216,53.57212560496789],[-129.91426502291588,53.57617469864811],[-129.92124421563076,53.57485439544189],[-129.926767300141,53.57461370740006],[-129.93020430046934,53.57360680063657],[-129.93538308617002,53.57363810801219],[-129.94210150982894,53.572173988594216]]],[[[-130.7083415096985,54.040915508346316],[-130.71125658152036,54.03639649996178],[-130.70884140000064,54.03376170633505],[-130.71589310089522,54.02960730320589],[-130.71615952197732,54.02679019926445],[-130.7144372804568,54.02538449892646],[-130.71028471694996,54.026882797752705],[-130.7080165890086,54.0311583042832],[-130.70086422335683,54.02947910329368],[-130.69769770078705,54.026368703822094],[-130.69501809123204,54.02953469666323],[-130.69410461121274,54.03225349237535],[-130.69557749148777,54.03688079334091],[-130.7004307969065,54.0431943029708],[-130.7083415096985,54.040915508346316]]],[[[-129.97919722880602,53.561871301647066],[-129.98568141431213,53.5589786953211],[-129.98782580152712,53.555157606765206],[-129.98431141118567,53.553919993620575],[-129.97655139040492,53.55322780515025],[-129.96888317820026,53.55395560030878],[-129.96650882229258,53.555072105685696],[-129.96258150746684,53.55495108330269],[-129.96067548964126,53.556071893650994],[-129.95884371651948,53.56049980120549],[-129.95923011246273,53.562888188621265],[-129.9660626042405,53.56192541226327],[-129.96734549288038,53.563308305528636],[-129.97318850116702,53.56326991342128],[-129.97919722880602,53.561871301647066]]],[[[-130.43807127670263,53.489769294131754],[-130.4418386224293,53.48835650084654],[-130.44715258891944,53.48195470801609],[-130.44848439690202,53.478613490078544],[-130.44515418576987,53.474590104257395],[-130.44109731686692,53.47095260493083],[-130.43624130660655,53.470831603233414],[-130.43706837942702,53.472970700446034],[-130.43369988702176,53.4754559898194],[-130.43268430383498,53.479692984411216],[-130.43433749755445,53.48139920365209],[-130.43394750669762,53.486329796412804],[-130.43742919406063,53.48813151540757],[-130.43807127670263,53.489769294131754]]],[[[-130.21429839738062,54.11251618998169],[-130.21737037915565,54.11193799645931],[-130.22307022130434,54.10860819605638],[-130.2144900029311,54.106043190815676],[-130.21228911534692,54.104475198434045],[-130.2058818983573,54.1034696936467],[-130.20056081848222,54.10722530647346],[-130.19603468189345,54.11207049669447],[-130.19746438037348,54.11496019546459],[-130.20131959925297,54.11389630888866],[-130.20547520638735,54.11475370369461],[-130.2099638893178,54.112929295814915],[-130.21429839738062,54.11251618998169]]],[[[-130.60658842466503,53.85560600220033],[-130.6117499907851,53.85382850692156],[-130.61226690036293,53.85145721245997],[-130.6083764157616,53.84911869483735],[-130.61008221674783,53.847611893938826],[-130.60686410069223,53.844985610778856],[-130.6035329832538,53.844877398821325],[-130.6006711129389,53.842793792363985],[-130.59536030338765,53.84182248568563],[-130.59491369199233,53.84688981427267],[-130.59318531590023,53.84861170371681],[-130.59533469548026,53.85394960059217],[-130.59708548838069,53.85481549529815],[-130.60658842466503,53.85560600220033]]],[[[-130.1582854090905,53.966710002172924],[-130.159967801373,53.9663609915127],[-130.15917099269092,53.96297140394703],[-130.15479330400663,53.96009308932192],[-130.14849569067968,53.9588852994379],[-130.14661379775345,53.95579340287759],[-130.14345000903268,53.95718058601888],[-130.14174058653708,53.95989368970225],[-130.14392400935463,53.9650151049662],[-130.14203291693113,53.97114490579531],[-130.14842200456107,53.97057099638822],[-130.1582854090905,53.966710002172924]]],[[[-130.15340961896584,53.5638880002473],[-130.14932081277203,53.56063650477647],[-130.14232059605268,53.55913110596711],[-130.13698200769613,53.56051260215407],[-130.13012911021985,53.55940889305641],[-130.12497680396356,53.56043711102219],[-130.1232053993574,53.564759605559544],[-130.1279042914057,53.566585393516995],[-130.1359977121624,53.56545609346561],[-130.13915931095028,53.565642609798395],[-130.15340961896584,53.5638880002473]]],[[[-130.49424498230516,53.81049409775704],[-130.49936780340636,53.80932479630176],[-130.50193129665757,53.80628991172519],[-130.50049158396925,53.80381740556489],[-130.49782410592042,53.80313238496376],[-130.50051322249385,53.800573104000364],[-130.4989612101589,53.79838978793361],[-130.49316161095481,53.79882130607468],[-130.4911151075438,53.80066280835673],[-130.48794361392135,53.79980398877735],[-130.48489562346293,53.80126099782415],[-130.48417591331645,53.80407520070274],[-130.48669019343492,53.80519460736075],[-130.48516991127119,53.807254106405914],[-130.48852558723772,53.81023210902971],[-130.49424498230516,53.81049409775704]]],[[[-130.6778710873555,54.10719819512813],[-130.6825068127522,54.10534390937096],[-130.68819530388578,54.100024505747676],[-130.687567321094,54.097758596670594],[-130.68519029489855,54.096083688327184],[-130.68096049185775,54.09776138821204],[-130.67801588893914,54.100202491979104],[-130.67622421652476,54.104281496247204],[-130.67352590673337,54.10339280055506],[-130.6685514077474,54.10407348502071],[-130.66622259450625,54.10549920989732],[-130.66585518092884,54.11080719876351],[-130.67182092039317,54.1092690016276],[-130.6744734885732,54.10639070967947],[-130.6778710873555,54.10719819512813]]],[[[-130.4727304880554,53.79944229843376],[-130.4791186800887,53.79673909470405],[-130.47688521921947,53.79364709823348],[-130.46805450221868,53.792101903275324],[-130.46159019170562,53.79389780588418],[-130.45896861361447,53.79582620280101],[-130.45945407916903,53.79756510005235],[-130.4673206985964,53.79976131176391],[-130.4727304880554,53.79944229843376]]],[[[-129.7771207949819,53.17274310463635],[-129.78008279387842,53.16942471539419],[-129.78066392461133,53.163595401342974],[-129.77458311389358,53.16065020227244],[-129.76802259668926,53.165089414568484],[-129.7708449079445,53.16731829639147],[-129.7684637924069,53.16893340059471],[-129.7700417034278,53.170964299162584],[-129.77313979008892,53.170979994395566],[-129.77360769220215,53.172945394364696],[-129.7771207949819,53.17274310463635]]],[[[-130.63432059929025,54.01228889323633],[-130.63759591854074,54.01288279714606],[-130.64070731822036,54.00816580706447],[-130.63908008894714,54.00597680752854],[-130.63989948727956,54.00237070485649],[-130.63903850285018,53.99911930062606],[-130.63584631029738,53.99785028508395],[-130.63736820479488,53.99190559909762],[-130.63186678177914,53.99713109502286],[-130.63363368984022,54.001763991053],[-130.63366620135588,54.01189438723183],[-130.63432059929025,54.01228889323633]]],[[[-130.52254348443395,53.779530397273916],[-130.52007900628269,53.77732288607791],[-130.5234739139987,53.77590440708075],[-130.52830510703748,53.77148359647105],[-130.53146430863126,53.76947399135045],[-130.52918188493473,53.7676068941564],[-130.52287029671248,53.76848710672454],[-130.52202449054985,53.77022318873792],[-130.51759602435325,53.7728423047515],[-130.51283322020151,53.776694803075124],[-130.51523518805004,53.780611403121085],[-130.52254348443395,53.779530397273916]]],[[[-130.3609883130859,53.82235488750725],[-130.35800160788847,53.81875740244376],[-130.34554902295943,53.817954101566926],[-130.341833408428,53.82050348827154],[-130.34158869686283,53.82242051396975],[-130.34515099330395,53.82406108935362],[-130.34863580018933,53.823257886847514],[-130.3586934996328,53.82327921327727],[-130.3609883130859,53.82235488750725]]],[[[-130.2020888740938,53.348392299364235],[-130.20175847483196,53.345231997054825],[-130.2034031062262,53.34441588953104],[-130.2027656018087,53.34154471093797],[-130.19549128417802,53.336548602150124],[-130.19235751559086,53.33673229001718],[-130.19235710169323,53.33886291149039],[-130.1947570020142,53.34087959992562],[-130.193387907047,53.343508696590895],[-130.19603179183608,53.34723160759844],[-130.2020888740938,53.348392299364235]]],[[[-130.45212910798224,53.49351780332986],[-130.45652569896188,53.488970311699475],[-130.4553431064613,53.487914994360246],[-130.45915088820217,53.48598939507097],[-130.45569188246077,53.48360390553226],[-130.45245548536266,53.48369790264674],[-130.44802691251775,53.486403906181955],[-130.44644761540792,53.485640496451985],[-130.44211582167554,53.48987329934485],[-130.4457564951743,53.490116793985635],[-130.45008970672166,53.49166488868799],[-130.45212910798224,53.49351780332986]]],[[[-130.4021729114194,53.505459801862],[-130.40769591099792,53.49921889388131],[-130.41114791436559,53.497398800111576],[-130.4099838036258,53.49453468257291],[-130.41238389643777,53.493761394132555],[-130.41294258629082,53.49015809215829],[-130.40880260672967,53.49214910069869],[-130.40857320773466,53.493868197649824],[-130.4043200713789,53.49468279548696],[-130.4012743899649,53.4969387985052],[-130.40129360614606,53.50165861153845],[-130.4031112953949,53.501916415273755],[-130.4021729114194,53.505459801862]]],[[[-130.5901621966795,53.85470161098377],[-130.59205491182442,53.853256008082745],[-130.59244489949515,53.85070670224975],[-130.58956449793124,53.84574611430492],[-130.58576539260844,53.84579741175011],[-130.58172669792253,53.849139990724154],[-130.58182389929726,53.85129630067926],[-130.5850749883027,53.8540307924706],[-130.5901621966795,53.85470161098377]]],[[[-130.40876602658903,53.491467003368626],[-130.4149705921938,53.488553005100954],[-130.41556430103947,53.48419491347302],[-130.42092220357722,53.483079807114095],[-130.42501660458956,53.48118700668482],[-130.42189448978718,53.47611820831492],[-130.41263389936756,53.4840225852639],[-130.40844021451696,53.48933920562594],[-130.40876602658903,53.491467003368626]]],[[[-130.48079308694977,53.80333460643448],[-130.48054828409948,53.80112710797496],[-130.47147339745854,53.79996210240668],[-130.47076380380838,53.80226220372603],[-130.4669246881032,53.805401099355805],[-130.47034189128345,53.80752611012925],[-130.47361451530827,53.80733380696198],[-130.4754285202606,53.80447970635433],[-130.4780181054008,53.805149097909215],[-130.48079308694977,53.80333460643448]]],[[[-130.80471870373455,54.144257604790184],[-130.80940047824112,54.14487139687097],[-130.81084320488176,54.14323069070749],[-130.8100551029298,54.13987249062109],[-130.8073162972476,54.137091003829326],[-130.80751901968242,54.13543319772849],[-130.80500468580442,54.13358310869371],[-130.80104478333524,54.137193499246116],[-130.8029475117792,54.139420999578036],[-130.8026444049047,54.14267958241688],[-130.80471870373455,54.144257604790184]]],[[[-130.50612911112498,53.783602209767416],[-130.50644598443034,53.781396099262516],[-130.50915058535415,53.78021119311725],[-130.50864570651802,53.77760198604493],[-130.50378080588033,53.774381887471094],[-130.50026951808067,53.777176202118326],[-130.50172800892128,53.77849778486798],[-130.49927477685245,53.78037209603658],[-130.50252902472758,53.78265940162525],[-130.50612911112498,53.783602209767416]]],[[[-130.24893858762184,54.06489210685221],[-130.25257967382547,54.059982796373916],[-130.25599100229192,54.06011821293378],[-130.25452489619246,54.056591797002596],[-130.25287488535847,54.055556400652804],[-130.24849260377647,54.0556475996819],[-130.24562571881705,54.05984760053004],[-130.24611730542193,54.06251218464461],[-130.24893858762184,54.06489210685221]]],[[[-130.50776501243107,53.848672904560146],[-130.51317139790547,53.848882289199466],[-130.51121340376915,53.84648099640122],[-130.50694339199106,53.84523060185316],[-130.50160389054145,53.84600818804151],[-130.4947295974556,53.8454912056509],[-130.49260682458885,53.84734270240236],[-130.49338490846213,53.8494988971457],[-130.50133289067054,53.84771870068553],[-130.50776501243107,53.848672904560146]]],[[[-129.80960808153017,53.169110002876906],[-129.81007630635128,53.164576701531146],[-129.80712270786285,53.16191769273911],[-129.80173859151097,53.165100793928424],[-129.80291699082161,53.166549192376614],[-129.8008292243087,53.169232499943725],[-129.80467311907273,53.17079770216784],[-129.80960808153017,53.169110002876906]]],[[[-129.77534230358467,53.18367681241481],[-129.77706078109105,53.18026719461837],[-129.77500059851442,53.1779800015501],[-129.77036018858757,53.18040109202244],[-129.76659418197218,53.18060479182954],[-129.76325379171632,53.18211020080828],[-129.76284790743665,53.184592591188114],[-129.7729901105155,53.184330492196],[-129.77534230358467,53.18367681241481]]],[[[-130.66012630574545,54.10833329790119],[-130.66551751652653,54.10543649959716],[-130.66635211402854,54.10262079323051],[-130.65924451049645,54.10156830925906],[-130.65624499152824,54.10693050267032],[-130.66012630574545,54.10833329790119]]],[[[-129.73999359895674,53.695617407123095],[-129.74233598600827,53.69534249290797],[-129.7481199983486,53.69179199390333],[-129.7404069957093,53.68727300057772],[-129.73786521728752,53.68820580045655],[-129.73690679847113,53.69063838705276],[-129.73999359895674,53.695617407123095]]],[[[-130.56198521099205,53.874217491621856],[-130.56594938129774,53.870759504591554],[-130.56212729115123,53.86660228774482],[-130.55858099731995,53.865668002597644],[-130.55551698184487,53.86920569380879],[-130.56198521099205,53.874217491621856]]],[[[-129.95870651342136,53.575134991893385],[-129.96460057810637,53.57470059655962],[-129.96432377687103,53.57185359627367],[-129.9667528934117,53.56973009182052],[-129.95658480725675,53.569516485313336],[-129.95607889594592,53.57316100705242],[-129.95870651342136,53.575134991893385]]],[[[-130.41880389747976,53.51442379062894],[-130.42145431286653,53.51254950910472],[-130.42099131506853,53.50905739140836],[-130.4176953049359,53.505626382193796],[-130.4159748199599,53.506500903255564],[-130.41349628487694,53.51085470641614],[-130.4141574080768,53.513040900533504],[-130.41880389747976,53.51442379062894]]],[[[-130.6358620815908,54.12614019766629],[-130.6403265954884,54.12334728557187],[-130.64032599584698,54.12062280844998],[-130.63662960750807,54.120763792957156],[-130.63056421476037,54.119831006111646],[-130.63304839098606,54.123122309707625],[-130.6314625883115,54.124807209148024],[-130.6358620815908,54.12614019766629]]],[[[-130.384072922481,53.818009700667986],[-130.38703849103425,53.8148834927137],[-130.3830147107708,53.81401188982082],[-130.37588970099338,53.81531648392298],[-130.37441089723347,53.81705121165257],[-130.38094490166003,53.81936689127739],[-130.384072922481,53.818009700667986]]],[[[-130.5580852161289,54.20186830153665],[-130.55920171563403,54.20016490461576],[-130.5572212998265,54.1985184914567],[-130.55183338719726,54.19667279660007],[-130.54822068304858,54.19763699755365],[-130.54734432213306,54.199229198706675],[-130.55184479398352,54.201886805096734],[-130.5580852161289,54.20186830153665]]],[[[-130.51998011467037,53.53946569624129],[-130.52392938708198,53.536395096243425],[-130.52213339539486,53.534304306846515],[-130.5185558260147,53.5342700990182],[-130.51458942536019,53.53555189957767],[-130.51580500302106,53.538313496943914],[-130.51998011467037,53.53946569624129]]],[[[-129.9892856027804,53.53546081141315],[-129.9948693951166,53.52842090475648],[-129.9935367119994,53.52692979660646],[-129.98919470869586,53.52902479947491],[-129.98780208608076,53.531436007979586],[-129.9852132962475,53.53235599284431],[-129.9856975046566,53.53496799558709],[-129.9892856027804,53.53546081141315]]],[[[-130.47835870204605,53.78939589148495],[-130.47875067507752,53.7862810950308],[-130.47638749367778,53.78467320839887],[-130.47053349163264,53.78480001126229],[-130.46964671031563,53.78765119671612],[-130.47290258469428,53.78963370415028],[-130.47835870204605,53.78939589148495]]],[[[-130.6470059802017,54.096154896646205],[-130.65190608697833,54.09358849707974],[-130.651549175428,54.091903701167375],[-130.65657179576303,54.08864360154066],[-130.6534894746636,54.08766089727938],[-130.64794458056963,54.09084690032421],[-130.6457619201867,54.094454401967546],[-130.6470059802017,54.096154896646205]]],[[[-130.1338891129838,53.91933930851817],[-130.13653347386781,53.92085179802512],[-130.1376082027822,53.92345809406011],[-130.1431924743594,53.92548909416567],[-130.1390512946113,53.91880519014534],[-130.1368355970957,53.916875407593324],[-130.13306847938486,53.91775700359566],[-130.1338891129838,53.91933930851817]]],[[[-129.8920740126756,53.170283498460336],[-129.8939620019002,53.16753618434055],[-129.89215579435077,53.16258711356112],[-129.8877712082605,53.16332200962401],[-129.88682278816012,53.16654638863626],[-129.8920740126756,53.170283498460336]]],[[[-130.3569008143203,53.74892550210895],[-130.3601699051129,53.75017319024365],[-130.35974288269932,53.74632209926895],[-130.36298249042048,53.74380409925962],[-130.36349251951557,53.74129889299967],[-130.359711299179,53.74160229371076],[-130.3560564971932,53.74343378565896],[-130.3569008143203,53.74892550210895]]],[[[-130.31790899708233,53.794493113357326],[-130.31868688767952,53.79363149140712],[-130.31783728415306,53.78878629817432],[-130.31285899024084,53.788337703974385],[-130.31070251903859,53.79026749503769],[-130.31649820456883,53.795012985069924],[-130.31790899708233,53.794493113357326]]],[[[-130.52633727516258,53.78203409527388],[-130.52383630335618,53.78049319460107],[-130.51691640374284,53.78093178514105],[-130.51756157439542,53.78447379986232],[-130.52120411008332,53.78408639829194],[-130.52633727516258,53.78203409527388]]],[[[-130.3766359816614,53.80100750340793],[-130.37980560828973,53.79902070014674],[-130.37122639132764,53.7990278077628],[-130.36725861274005,53.80119548909579],[-130.37010499734404,53.80287029984782],[-130.3766359816614,53.80100750340793]]],[[[-130.79831099728867,54.13349479876922],[-130.7959379190452,54.128155503780135],[-130.79200749282947,54.12787210324289],[-130.79093701043803,54.12966800690749],[-130.79196451577727,54.133265499503395],[-130.79831099728867,54.13349479876922]]],[[[-130.5446667097276,53.5977870048595],[-130.5472040077248,53.59489589653112],[-130.54588398154556,53.59308000437322],[-130.53889489400973,53.59826698669834],[-130.5446667097276,53.5977870048595]]],[[[-130.82387728690637,54.265141595413816],[-130.82575500217888,54.265248408651516],[-130.8256832880963,54.26014269823323],[-130.8231579064979,54.25961568482153],[-130.82028698758427,54.26342549038539],[-130.82387728690637,54.265141595413816]]],[[[-130.76073150690635,54.21390849472671],[-130.76316887792728,54.2131536969204],[-130.76134469976347,54.20992649847099],[-130.75584252789977,54.20928840254547],[-130.7535297132648,54.21077808910471],[-130.75842600251056,54.213780390285315],[-130.76073150690635,54.21390849472671]]],[[[-129.73295990206609,53.1580110958139],[-129.73600759371854,53.161399313258066],[-129.7384956021727,53.159909608602284],[-129.73990222241372,53.15742860327069],[-129.73628667809675,53.155777999337154],[-129.73295990206609,53.1580110958139]]],[[[-130.40059929678318,53.81705401507397],[-130.40249479636807,53.81420849189898],[-130.39455832440396,53.81261190273299],[-130.39381498411942,53.81446339949633],[-130.40059929678318,53.81705401507397]]],[[[-130.4849272163238,53.79528360305771],[-130.48184367910736,53.79266019859879],[-130.47816538303422,53.79426099886794],[-130.47969502775317,53.79630050261775],[-130.4849272163238,53.79528360305771]]],[[[-130.0720985938253,53.56138140314452],[-130.07387312153895,53.56051969818761],[-130.0724003830499,53.55721699105083],[-130.0660507172771,53.55982619216356],[-130.06745061656594,53.5614668021815],[-130.0720985938253,53.56138140314452]]],[[[-130.20028791466558,53.338855804001305],[-130.2035463014072,53.339901186124585],[-130.20388849039048,53.33714669970858],[-130.19522670253608,53.33561571083837],[-130.20028791466558,53.338855804001305]]],[[[-129.8660786951942,53.350027299562726],[-129.8664634816341,53.34387609854442],[-129.86140759510948,53.3441296033439],[-129.8660786951942,53.350027299562726]]],[[[-130.57844867372458,53.603243199193486],[-130.58276849870126,53.60073229168955],[-130.58223839935937,53.59913998728365],[-130.57560910012808,53.60044889437234],[-130.5736907979423,53.603305806484336],[-130.57844867372458,53.603243199193486]]],[[[-129.89765089191286,53.458365507424155],[-129.8969494130044,53.45445169344486],[-129.89280870143907,53.45443749192772],[-129.89298362128423,53.45634169511639],[-129.89765089191286,53.458365507424155]]],[[[-130.36857568413606,53.51848849216233],[-130.37095091869523,53.51548479278489],[-130.362792385206,53.514526289528725],[-130.36428911088598,53.51698168622018],[-130.36857568413606,53.51848849216233]]],[[[-130.828886010046,54.20970290946258],[-130.832739300955,54.20978689448499],[-130.83360898720895,54.20655680464808],[-130.8292862937013,54.205219400270195],[-130.828886010046,54.20970290946258]]],[[[-129.56922890725994,53.21498950669762],[-129.57165499054133,53.21274919445434],[-129.56804899551102,53.21174080005831],[-129.56334719823838,53.211763614558265],[-129.5637887070438,53.2146376957543],[-129.56922890725994,53.21498950669762]]],[[[-129.96586421591348,53.469069800084405],[-129.96759759118424,53.46704179105854],[-129.9647607969437,53.466228493569304],[-129.95893141792342,53.466923591993904],[-129.96221088750428,53.46935039613965],[-129.96586421591348,53.469069800084405]]],[[[-130.145217615372,53.55295430297406],[-130.14528649264005,53.551011709957294],[-130.1403281806428,53.550224098741076],[-130.13657543025124,53.55263250250763],[-130.1393725811745,53.55343290248125],[-130.145217615372,53.55295430297406]]],[[[-130.45545320900555,53.781549892044104],[-130.46109018900776,53.77906320906388],[-130.45845469288335,53.776596512013334],[-130.45563489234755,53.777547907083054],[-130.453367610919,53.781386094283846],[-130.45545320900555,53.781549892044104]]],[[[-130.2300869056558,53.35557740049076],[-130.22948307988932,53.35233879315289],[-130.22545039402362,53.3521379980978],[-130.2264042257457,53.35549909936133],[-130.2300869056558,53.35557740049076]]],[[[-130.43669969614652,53.815008887371405],[-130.43590869508182,53.8132386118991],[-130.43149779409248,53.81213200660382],[-130.4294950013957,53.81400758486698],[-130.43102408628448,53.81609269005006],[-130.43669969614652,53.815008887371405]]],[[[-130.5624851087127,54.21288599522185],[-130.56201100144997,54.21001619749902],[-130.55634041169327,54.209288407514535],[-130.5554817274649,54.21174520350616],[-130.5624851087127,54.21288599522185]]],[[[-130.02480368958575,53.859072512195795],[-130.02796189785013,53.85764398559376],[-130.0268829099032,53.855225696487636],[-130.0214759958073,53.854777111838594],[-130.02144751846302,53.85679089371277],[-130.02480368958575,53.859072512195795]]],[[[-130.400134381806,53.45550140555402],[-130.39940118677532,53.45382079209081],[-130.40193400426452,53.449746204998554],[-130.39661251923488,53.449133805515864],[-130.39709080760855,53.45177140297611],[-130.400134381806,53.45550140555402]]],[[[-130.2254294030362,53.369729809023184],[-130.23070040059218,53.3700359954101],[-130.2281795989394,53.36762479614041],[-130.2254294030362,53.369729809023184]]],[[[-129.8844591911917,53.45562389563014],[-129.8868899992317,53.45588449621197],[-129.88936220423938,53.452413709098664],[-129.88611859824957,53.45140391101528],[-129.88318489376553,53.45301759691571],[-129.8844591911917,53.45562389563014]]],[[[-130.50925810806294,53.80688948374914],[-130.5124012928891,53.80474739943683],[-130.50777788974435,53.803753290598884],[-130.50528568771833,53.80579849497186],[-130.50925810806294,53.80688948374914]]],[[[-130.37752679118682,53.814291091252024],[-130.37597750937655,53.81150530501207],[-130.37343190387756,53.81126460530365],[-130.37147868608517,53.81328270493894],[-130.3728689837247,53.81537919275586],[-130.37752679118682,53.814291091252024]]],[[[-130.52988500373115,53.77820439139194],[-130.5351491084735,53.775610989873634],[-130.53380600100476,53.77419958436261],[-130.52655850732035,53.77644978715424],[-130.52988500373115,53.77820439139194]]],[[[-130.34476039600256,54.11348470390267],[-130.3431886961231,54.11074310283112],[-130.33850490772386,54.11068749743919],[-130.33927799192423,54.11376101148651],[-130.34476039600256,54.11348470390267]]],[[[-130.65948029741003,54.11173151524276],[-130.65788521551607,54.10929040062754],[-130.65410828389759,54.10934309334683],[-130.65457231017064,54.11255470783636],[-130.65948029741003,54.11173151524276]]],[[[-130.64579941722886,54.02933810291413],[-130.64821650011433,54.02863888643666],[-130.64654258583653,54.02533609914433],[-130.64310658321347,54.028781295207224],[-130.64579941722886,54.02933810291413]]],[[[-130.64438840644095,53.998615099037416],[-130.64367249863176,53.997069783799276],[-130.64553880733087,53.99447349185807],[-130.6404044959438,53.99231441089619],[-130.64080840284953,53.99521120136772],[-130.64438840644095,53.998615099037416]]],[[[-129.76991551292164,53.17814659334442],[-129.77453859576343,53.17648169750792],[-129.77641890419375,53.174490583341615],[-129.7742238150426,53.173003792040454],[-129.77079911094376,53.174042008427804],[-129.76991551292164,53.17814659334442]]],[[[-129.51650590710815,53.296222094506724],[-129.52034429050676,53.29491039651832],[-129.51963789902007,53.29233398714602],[-129.5163683095857,53.29241941035878],[-129.51650590710815,53.296222094506724]]],[[[-129.88497491152722,53.52314418943175],[-129.8917249812183,53.52350879666752],[-129.89258650000397,53.5206974055927],[-129.88621579271594,53.52109480623289],[-129.88497491152722,53.52314418943175]]],[[[-130.60225512092137,54.05472610588942],[-130.60196491167332,54.05317510094053],[-130.59667000662455,54.053317584577734],[-130.5941853899003,54.05547238855121],[-130.59886921010624,54.05568890832642],[-130.60225512092137,54.05472610588942]]],[[[-130.36231769379057,53.650099698142526],[-130.3648733220769,53.64625999812269],[-130.3618233873528,53.64557490545959],[-130.3598257033066,53.64836638927755],[-130.36231769379057,53.650099698142526]]],[[[-129.94822679079974,53.58338968869414],[-129.95086078211844,53.58160659542132],[-129.95218041995247,53.57910570524219],[-129.94873507667697,53.57903449343769],[-129.94511212152867,53.58318030114688],[-129.94822679079974,53.58338968869414]]],[[[-130.12017948694142,53.31788000868483],[-130.12318521670684,53.31804949775604],[-130.12263949580088,53.31435939498567],[-130.11956360327633,53.31323848484074],[-130.12017948694142,53.31788000868483]]],[[[-129.68089481517285,53.31165770139122],[-129.67904858737967,53.30979909500951],[-129.67331538210507,53.31073910508134],[-129.6737122858939,53.312166106371215],[-129.67913402193653,53.312432405105035],[-129.68089481517285,53.31165770139122]]],[[[-129.9675260815731,53.522919194657824],[-129.97282947883426,53.51992689495462],[-129.96849608216087,53.51911800293828],[-129.9675260815731,53.522919194657824]]],[[[-130.31778679763153,54.17947968950449],[-130.318276403718,54.17604019869163],[-130.31241598289483,54.17921480703018],[-130.31778679763153,54.17947968950449]]],[[[-130.41215978982865,53.508318204642976],[-130.41080969240585,53.50578879160792],[-130.40848518365567,53.505727598564356],[-130.4045652053242,53.50849620649983],[-130.41215978982865,53.508318204642976]]],[[[-130.49560801438176,53.81465709464507],[-130.49654760935906,53.816326304051266],[-130.50141800122472,53.81404469896116],[-130.49940928517168,53.81181440169794],[-130.49560801438176,53.81465709464507]]],[[[-129.7658223186148,53.189446298993396],[-129.77191137623169,53.18922690025895],[-129.77341231472656,53.186988089492324],[-129.76725809100225,53.18763041378542],[-129.7658223186148,53.189446298993396]]],[[[-130.39245580982302,53.723896504134046],[-130.39638302398689,53.72445190216484],[-130.40025881708408,53.72294229421556],[-130.39612891553017,53.7217944038345],[-130.39245580982302,53.723896504134046]]],[[[-130.40090761736946,53.50638269668659],[-130.40042297949884,53.50313409292852],[-130.39602169661094,53.50459669154878],[-130.3963792950239,53.506758685282165],[-130.40090761736946,53.50638269668659]]],[[[-130.65190868637012,54.10055429922251],[-130.6542763194709,54.097043596758034],[-130.65035351008936,54.09644968651784],[-130.6496068967584,54.10000170717889],[-130.65190868637012,54.10055429922251]]],[[[-129.95152029997493,53.16115720216123],[-129.95285408371666,53.16395149965289],[-129.95785678399508,53.16496269310758],[-129.95870658117363,53.16349150074387],[-129.95463499354832,53.16134800919111],[-129.95152029997493,53.16115720216123]]],[[[-129.73717678670704,53.1509911969571],[-129.74110429728404,53.15070489565184],[-129.74080440199182,53.148055904844774],[-129.737328303868,53.148508782984074],[-129.73717678670704,53.1509911969571]]],[[[-130.65995019060082,53.89420771185379],[-130.6605883016798,53.89571740699108],[-130.664824300814,53.895838407468496],[-130.66624920688386,53.893418691082566],[-130.65995019060082,53.89420771185379]]],[[[-130.4308344933808,53.83416310607656],[-130.4315982911082,53.83246401382792],[-130.42615662933835,53.83201540178449],[-130.42599522504548,53.83481390067682],[-130.4308344933808,53.83416310607656]]],[[[-130.47833220279978,54.0824626026619],[-130.48247789456252,54.08087461452008],[-130.4790175995146,54.07941479802354],[-130.47833220279978,54.0824626026619]]],[[[-130.40220290851488,53.78675970216342],[-130.4061074830579,53.78415189829202],[-130.40284132775008,53.78276050285483],[-130.40069709547674,53.78398249900821],[-130.40220290851488,53.78675970216342]]],[[[-130.4467534205963,53.507418102998706],[-130.45148050373965,53.505428485081666],[-130.4477259094995,53.50414380261841],[-130.44549598736666,53.50594970435586],[-130.4467534205963,53.507418102998706]]],[[[-130.44565939922492,53.83746289768675],[-130.44906291693343,53.833503704084976],[-130.44692661254618,53.833250087174264],[-130.4436528091194,53.836129898269895],[-130.44565939922492,53.83746289768675]]],[[[-130.2150964855575,53.3530609090745],[-130.215657615163,53.35066389267459],[-130.2116503916556,53.34971678744628],[-130.2102451052444,53.35099860432476],[-130.2150964855575,53.3530609090745]]],[[[-130.45256719093945,53.79686588858704],[-130.44704849807235,53.79665371367052],[-130.4482575059736,53.79865319656929],[-130.45256719093945,53.79686588858704]]],[[[-130.51106050915027,53.890286890842425],[-130.5185019001223,53.88949068348635],[-130.51790659221138,53.88775460759193],[-130.51237040813766,53.88909199772184],[-130.51106050915027,53.890286890842425]]],[[[-130.51974462631654,53.85537099912597],[-130.52083621446343,53.853595006592855],[-130.51816332802915,53.85243280327122],[-130.51584709988506,53.85438679287336],[-130.51974462631654,53.85537099912597]]],[[[-129.76550167397926,53.188217197305256],[-129.77146409177377,53.185139411594434],[-129.768056190114,53.184551293016156],[-129.76550167397926,53.188217197305256]]],[[[-130.79816130559828,54.13814488661901],[-130.8001569163003,54.13724339112761],[-130.7997446909011,54.134759509060245],[-130.79576019579372,54.134646991335224],[-130.79816130559828,54.13814488661901]]],[[[-130.19099502085245,53.35467019959561],[-130.19596708942174,53.354027890953496],[-130.19411418105335,53.3522847003524],[-130.19112948268446,53.35194569187572],[-130.19099502085245,53.35467019959561]]],[[[-130.82911878156506,54.257627505404535],[-130.83334188395614,54.25558660212074],[-130.82974421731222,54.2544188070372],[-130.82911878156506,54.257627505404535]]],[[[-130.65060890886897,54.00077698605503],[-130.65263228131394,53.999895502024884],[-130.65374741343123,53.99569120017518],[-130.65069539714864,53.995624295675626],[-130.65183399502556,53.999753009187266],[-130.65060890886897,54.00077698605503]]],[[[-129.88145138113035,53.51980020248097],[-129.87925318533897,53.51700300345632],[-129.8768898911105,53.5180356074375],[-129.88145138113035,53.51980020248097]]],[[[-130.38855040829634,53.71075390952149],[-130.3954275126763,53.709748403012924],[-130.39527968745327,53.70801510494233],[-130.38855040829634,53.71075390952149]]],[[[-130.4221104215529,53.508711299030374],[-130.42478370528815,53.50565918625513],[-130.4214023784766,53.50560079294391],[-130.4221104215529,53.508711299030374]]],[[[-130.54629608525772,53.54560970047831],[-130.54156280586156,53.54450169401314],[-130.54137309053692,53.546374497958574],[-130.54629608525772,53.54560970047831]]]]}},{"type":"Feature","properties":{"shapeName":"Spallumcheen","shapeISO":"","shapeID":"43193130B67645375135645","shapeGroup":"CAN","shapeType":"ADM3"},"geometry":{"type":"Polygon","coordinates":[[[-119.31786342608258,50.41614624561147],[-119.31926143138493,50.40531990978842],[-119.30856992583723,50.40517780926811],[-119.30784540725398,50.391660938351684],[-119.30602460217669,50.369307541318435],[-119.29054528781897,50.36915180872479],[-119.29100823751646,50.358589482458925],[-119.2842054057765,50.35841041721692],[-119.2835921222887,50.353275704565895],[-119.28534327198861,50.35185654329119],[-119.27768885313797,50.35149425725661],[-119.27788178510423,50.340376857848824],[-119.25174998725342,50.34023917377045],[-119.25175633793036,50.34458357025338],[-119.24878431011842,50.34468206730346],[-119.24942265739244,50.34023367680604],[-119.24279685028239,50.34023894878295],[-119.23239223283264,50.340249711217396],[-119.23042347970524,50.33790348783743],[-119.22678008649824,50.34025195950814],[-119.20629573831498,50.34031161965515],[-119.2010265175109,50.340123667878515],[-119.17126040196953,50.33981399714833],[-119.17090739101303,50.35081242007477],[-119.17215488660736,50.35087762479946],[-119.17133395808222,50.36793030335696],[-119.17218500811434,50.39038891496041],[-119.17255784887658,50.41264526967878],[-119.15038265217358,50.413035156293745],[-119.15018655593036,50.42833357638461],[-119.14887637253929,50.43442717685319],[-119.14909133479848,50.44175767583116],[-119.13927125807139,50.44207908559609],[-119.10329754527476,50.44221390755042],[-119.0794287616258,50.44210643257705],[-119.07939790967058,50.444706154928916],[-119.0794537326861,50.459556606509274],[-119.08001191487482,50.4678578024044],[-119.0799278841719,50.48240649361302],[-119.08128873043779,50.50651780846598],[-119.08177727141123,50.52450847666415],[-119.08178477309714,50.5515025718487],[-119.08197319936878,50.553995469543224],[-119.0829748082863,50.55015410147345],[-119.08727587645141,50.54844939589588],[-119.09367048443718,50.54880260027543],[-119.10082458947876,50.54679440918977],[-119.10558799335368,50.54284080446858],[-119.11036248798622,50.54323961060816],[-119.11248238381769,50.54647539710382],[-119.11642447540137,50.54622329382842],[-119.11645190217665,50.54366829575678],[-119.11823401757155,50.54218849588199],[-119.12326503101484,50.541217788825776],[-119.12534423305792,50.53621613623217],[-119.12296921723883,50.53353929631504],[-119.12278531765689,50.52756190598927],[-119.12089048837765,50.525589395605934],[-119.12369230485409,50.52200459725003],[-119.12368747083572,50.5186241530185],[-119.13932481710899,50.52037098087611],[-119.13962780246023,50.51277161147159],[-119.1371821113062,50.512334689187334],[-119.13782679495911,50.50844222627211],[-119.13790991352738,50.49961050869833],[-119.14163600200955,50.499822179814586],[-119.15469726581928,50.49861133113869],[-119.16506673541637,50.49982250497219],[-119.1834563598564,50.50000044408874],[-119.18337170817496,50.52781476928419],[-119.19689981601715,50.52788864762162],[-119.21866807225837,50.52839834750991],[-119.24412494265421,50.52810878863297],[-119.30846641971794,50.52860320799721],[-119.3081163975156,50.51457237876845],[-119.30801594629544,50.500270311768716],[-119.29633181459609,50.50033366152887],[-119.2962004849611,50.4928786288842],[-119.27742096844024,50.49299702639693],[-119.26317969475865,50.49282120746957],[-119.26319391662257,50.48497050095662],[-119.29746500553209,50.48490160436075],[-119.29738276495638,50.47135010814396],[-119.32892854352187,50.4699833490285],[-119.32886600360102,50.45691319688222],[-119.32821861890953,50.44106608936164],[-119.31737537988032,50.440789409902465],[-119.31786342608258,50.41614624561147]],[[-119.2287313082443,50.38487886947136],[-119.22868038933598,50.383983853000025],[-119.23859705308759,50.38396992432119],[-119.23825325701584,50.3905824255754],[-119.22873151889728,50.390612121426265],[-119.2287313082443,50.38487886947136]],[[-119.21017744230991,50.45596319191635],[-119.18840062939063,50.45606575832863],[-119.18256450903567,50.45582845790119],[-119.18327921254614,50.45154019644689],[-119.18219644894265,50.449501039384664],[-119.18327829799038,50.43835200177192],[-119.18328660866825,50.42974588696236],[-119.1911320933438,50.429782393925784],[-119.19125832033002,50.43415930758793],[-119.19309973319226,50.434167805344806],[-119.19447839035368,50.43787663394196],[-119.20573806331979,50.437740179598784],[-119.20575694995611,50.43608870741316],[-119.21712458395062,50.43625816972754],[-119.21689576623096,50.44878986841772],[-119.21011215115134,50.44868418685479],[-119.21017744230991,50.45596319191635]]]}},{"type":"Feature","properties":{"shapeName":"Seymour Creek 2","shapeISO":"","shapeID":"43193130B6769578185820","shapeGroup":"CAN","shapeType":"ADM3"},"geometry":{"type":"MultiPolygon","coordinates":[[[[-123.026933201518,49.308648418845756],[-123.02650360827509,49.306669699723535],[-123.02114242971972,49.30679498375893],[-123.02135158840359,49.30987289525658],[-123.01814676720576,49.31181564862279],[-123.02441711281989,49.312526674565525],[-123.02364674984759,49.30878215734746],[-123.026933201518,49.308648418845756]]],[[[-123.02504850192175,49.30165939917317],[-123.02973168491066,49.304554008668696],[-123.0299529689892,49.29961968080281],[-123.02280561262725,49.299014696243255],[-123.02504850192175,49.30165939917317]]]]}},{"type":"Feature","properties":{"shapeName":"Alberni-Clayoquot D","shapeISO":"","shapeID":"43193130B69026948141808","shapeGroup":"CAN","shapeType":"ADM3"},"geometry":{"type":"MultiPolygon","coordinates":[[[[-124.88213320672206,49.293710905880225],[-124.88294157766383,49.29155179491551],[-124.88926560221402,49.290621787854825],[-124.89269892139752,49.28939990508164],[-124.89885529983623,49.289357097093166],[-124.90521011648902,49.290119459522536],[-124.90562697656448,49.29733572545875],[-124.88912895675861,49.29753172855773],[-124.89267591631186,49.2988879060376],[-124.89420840074415,49.30317760896831],[-124.90006699415686,49.3071882020001],[-124.89896352315027,49.30944130121883],[-124.89560770483293,49.3088432101629],[-124.89396439339814,49.31140630513176],[-124.89741869391084,49.31276701968074],[-124.89887949442362,49.315588933486175],[-124.90408450222026,49.32059253459119],[-124.91239657819382,49.32535446679303],[-124.91046164053336,49.326629537142345],[-124.91342645663275,49.328863015995736],[-124.91502670456079,49.3308130000606],[-124.91988711353083,49.332244306526775],[-124.92475988633011,49.335763595105966],[-124.92615940860638,49.33953199920729],[-124.92781880475769,49.34007889526844],[-124.93414449701301,49.33736580134166],[-124.93561628246674,49.33841829711148],[-124.93384938222506,49.341788002524076],[-124.93555571126532,49.34369638752316],[-124.9386773947968,49.344112288497435],[-124.94339541980617,49.34627850483138],[-124.94688368932128,49.34892610997368],[-124.95188590645402,49.34903290071712],[-124.95373209823782,49.350317590399456],[-124.95283601481144,49.35661109039756],[-124.94967600351096,49.35994519665857],[-124.95573470366453,49.361799496788954],[-124.96168442114256,49.36117719812207],[-124.96502397767361,49.361766796010805],[-124.97222950907337,49.36615759894687],[-124.97516500385855,49.3649128947894],[-124.97783850152287,49.36214379563568],[-124.98167452085276,49.36270820522283],[-124.98125810622274,49.365734604410065],[-124.97923870511971,49.3687739073396],[-124.99138938460996,49.371356001191494],[-124.99289660973685,49.372377091488595],[-124.99239290836798,49.37724369708074],[-124.98571081705656,49.382968996841505],[-124.98737431857805,49.38468089473439],[-124.99638321451084,49.385605199636146],[-124.99983850998132,49.38371948996373],[-125.00542014805451,49.3851969330197],[-125.0052154703264,49.40320078185771],[-125.00024512465662,49.40338678140043],[-125.0001390430473,49.423993819607645],[-124.98213391784572,49.42560364804147],[-124.98133465666332,49.4337084195719],[-124.97083560803519,49.433513258228686],[-124.97094173047422,49.44249817591008],[-124.97533163707111,49.44250317167954],[-124.97532993085669,49.445651797592916],[-124.98215138504514,49.44562467067618],[-124.98242081965735,49.45321001914654],[-125.0006192926358,49.453246420470485],[-124.99515828191434,49.455300218524904],[-124.99518864335658,49.45709720198797],[-125.0021892111676,49.4570636253185],[-125.00240516010712,49.45902134943987],[-125.00985553559772,49.45913533034869],[-125.0103344304745,49.46310369748408],[-125.01299461800772,49.46309977463505],[-125.01572008214775,49.46475754989156],[-125.01574186626524,49.466859184858876],[-125.01315766306264,49.46721428638419],[-125.01328876318911,49.47054052586611],[-125.01607354671548,49.472388897414646],[-125.02175226866862,49.472423387547714],[-125.02201319548656,49.476263603735205],[-125.02434003818472,49.476243062674975],[-125.02463059701194,49.48133828171649],[-125.01987274629604,49.48154325743489],[-125.01998975377835,49.48656320561446],[-125.02213381581574,49.48681953328755],[-125.02250708091039,49.49237605485926],[-125.0256840232151,49.49393800958015],[-125.03674738705347,49.493906894011666],[-125.03696025881804,49.4906499312458],[-125.03501686789738,49.490517322613485],[-125.03491868553515,49.48703035674799],[-125.0370584419795,49.48534917066408],[-125.04254275264954,49.485280465736224],[-125.04563827366906,49.48359467127433],[-125.04577282684839,49.48181747546099],[-125.05264977243408,49.48151370927523],[-125.05272185723148,49.47761765583447],[-125.06905560522564,49.47758345736067],[-125.07457193488864,49.481153671053626],[-125.07457410195003,49.48418189259839],[-125.077729363248,49.48459999412172],[-125.07795217534797,49.48799840108164],[-125.08274048646629,49.488081724345214],[-125.08280287668289,49.491540404844706],[-125.08885888299532,49.49184449631954],[-125.08878557581978,49.49333448289514],[-125.0931589298893,49.493431084842626],[-125.09279889072103,49.502213015281804],[-125.1021169702398,49.502307387739535],[-125.10230915407298,49.50397073150568],[-125.10717847843348,49.50401154195126],[-125.10727265890571,49.51147229173864],[-125.10850948914167,49.51479035115719],[-125.11470643829574,49.51481257546075],[-125.12631342111669,49.5151614970493],[-125.12625267382006,49.518575024548525],[-125.13089010601836,49.51853633746236],[-125.13099602837046,49.52202601166876],[-125.13653320685007,49.5219367894293],[-125.13682911737219,49.52509153979788],[-125.14045729926572,49.52539146070924],[-125.14053833924655,49.52887424944507],[-125.14914733131752,49.52879320763786],[-125.1490543866429,49.521656259370204],[-125.14175125166078,49.52176176886953],[-125.14091988116117,49.52066438242156],[-125.14116490762662,49.51169074718815],[-125.12860063536273,49.511975034435906],[-125.12877300865738,49.510371892265624],[-125.13412585318436,49.51034150058181],[-125.13417918927215,49.503354021930186],[-125.14106606361982,49.50337700330261],[-125.14103277081621,49.50493871783869],[-125.1453962757824,49.50588468626152],[-125.15122454042039,49.50613536831794],[-125.15403741581437,49.507810409137086],[-125.16162554908568,49.50810893665911],[-125.16174429674501,49.50984474790311],[-125.17319892026505,49.510151061840325],[-125.17346804334412,49.50052349418988],[-125.17103903333428,49.500490362783786],[-125.1708868658861,49.49737565512741],[-125.16651427016701,49.49721049171157],[-125.1666151491113,49.49171520087622],[-125.1709391372701,49.490381374257716],[-125.17664455144094,49.491909766365616],[-125.18069176360184,49.49162918484929],[-125.18731745379954,49.49019883165231],[-125.19148971173873,49.492794142115265],[-125.19627815536023,49.494257681865264],[-125.19956096108788,49.494422304071485],[-125.20493566523952,49.493020795733365],[-125.21102851087844,49.49307944971134],[-125.21998234928253,49.49047762315131],[-125.22449596754085,49.49137080745952],[-125.23395370758372,49.49103256410226],[-125.26885679488527,49.51901793363372],[-125.33101111468125,49.56738285639798],[-125.36394318249036,49.593252633201764],[-125.42652104147463,49.64266561826342],[-125.42763260044214,49.638445089437795],[-125.42734861537889,49.633135242104736],[-125.4242455265451,49.62632617596365],[-125.41441459537629,49.616010966592434],[-125.4049914747362,49.60677059720154],[-125.40263603980816,49.604017349874255],[-125.39845926521218,49.59701390973197],[-125.39588724440623,49.594019006540066],[-125.39279772830514,49.58446166054749],[-125.39166612636654,49.575826184812726],[-125.38533586336067,49.56182880293194],[-125.38514130448077,49.55882803980728],[-125.37957398919328,49.5479025802675],[-125.381587934854,49.54071450729242],[-125.38756989769756,49.54219740093688],[-125.39012375101991,49.545853342591215],[-125.3951942051161,49.547171716735676],[-125.40360011368197,49.54469775366299],[-125.4117806957628,49.54553434865776],[-125.43008095613264,49.55571063802763],[-125.43427355891829,49.553670108978196],[-125.44198156121934,49.54133102985274],[-125.44209493695998,49.53829900845528],[-125.44615388919051,49.53492669300952],[-125.45457678044811,49.531288386170395],[-125.46881735579709,49.52821696645908],[-125.47745712455989,49.521270461654765],[-125.47950651011593,49.518424881469286],[-125.48311997223108,49.5161385258288],[-125.48239331482415,49.51296404250618],[-125.483450715762,49.50980345359013],[-125.48994922010141,49.507577614110396],[-125.49263570714879,49.504260113450876],[-125.493339606755,49.50031306003118],[-125.49091711751252,49.49525240949228],[-125.49254537668206,49.48957508829611],[-125.4947961798844,49.4840695204541],[-125.49981186608302,49.47816908020734],[-125.50414936539448,49.47823595841203],[-125.51610880173621,49.48053761193451],[-125.52419801833877,49.483127954914885],[-125.53415247198633,49.485701603296185],[-125.55120190618338,49.488918220636684],[-125.55317802151782,49.49069483214514],[-125.55114168499686,49.497187049638185],[-125.5529925095431,49.49868515125586],[-125.55829600897863,49.49886898878716],[-125.5670341586225,49.49824974115363],[-125.5659204901623,49.490647261603286],[-125.56327119530647,49.48553806886418],[-125.56293740585639,49.481117841203236],[-125.56602392662754,49.476188324843775],[-125.57375332127847,49.472650098629224],[-125.58258339130808,49.467910126387586],[-125.58932974999493,49.463011040619485],[-125.58932118508199,49.46003489809192],[-125.58750724610601,49.457745756385265],[-125.5689678460917,49.45071524728269],[-125.56435012116089,49.44745771149487],[-125.56063423549085,49.443855354659554],[-125.5559415503441,49.44267070182371],[-125.55608788830169,49.4393248604598],[-125.55924075061829,49.437980661037855],[-125.57075029365464,49.4356929681723],[-125.57726541974716,49.43323860511223],[-125.58602674118107,49.42789303936474],[-125.59240385600994,49.42501701820427],[-125.59953509139493,49.41839921789662],[-125.59921087794429,49.41507284523557],[-125.59775874161733,49.412646569196944],[-125.59446165999874,49.41139905410765],[-125.58839647436128,49.411378547968184],[-125.58056191634752,49.41046413150636],[-125.57804647697868,49.40765983014612],[-125.57601523171697,49.40310247457413],[-125.57114978758021,49.39821575182451],[-125.57133279003284,49.39140618425175],[-125.5725009958879,49.38704451105631],[-125.57186475788463,49.38336769003258],[-125.56932219983376,49.38026094063675],[-125.5660143464904,49.377918058709874],[-125.5614188270168,49.375755613328145],[-125.54889267699112,49.37444765893813],[-125.54660344768654,49.3729702573448],[-125.54552815802946,49.366640807984666],[-125.54149797646447,49.36065341945405],[-125.54554391329982,49.349248701518505],[-125.5548344343525,49.34207196726639],[-125.55668017159354,49.33829548184893],[-125.55756519718295,49.33348489802308],[-125.55534192881427,49.33102654573057],[-125.54945345792987,49.328382837523705],[-125.53017682671309,49.325208294772075],[-125.52585273223728,49.322114011539966],[-125.51597976689372,49.318684047000325],[-125.50816609296604,49.3170518973884],[-125.50155949907952,49.31724770908775],[-125.49334863498225,49.31189773015315],[-125.48804430404614,49.30989158294825],[-125.47563169327515,49.307273108993456],[-125.46939619357369,49.30447264160821],[-125.46209447834465,49.303645186991986],[-125.45088455585375,49.30626501885269],[-125.44029300326319,49.30737621196343],[-125.4306990342345,49.307403411561374],[-125.41156475993266,49.30458709737272],[-125.38660848543151,49.3006406318261],[-125.38855787728612,49.29518330238253],[-125.38357572913621,49.2926895448629],[-125.37519462354109,49.29121525642327],[-125.35463200764838,49.285330755698325],[-125.3539624049309,49.280323325765565],[-125.3505304231869,49.28175106942524],[-125.34786834793574,49.27909569580243],[-125.34786852783402,49.270274087008275],[-125.33665030221147,49.26953182516307],[-125.33203674139384,49.26674482052557],[-125.32842238335381,49.26332327798509],[-125.32506391706237,49.25496320541622],[-125.32159742087971,49.249812265699184],[-125.30731335351707,49.246027322508965],[-125.29558042774225,49.24070285531947],[-125.29253725598312,49.237180272369685],[-125.29010302252844,49.23300147400188],[-125.2925979872081,49.230214726074905],[-125.29144798050324,49.22625758844221],[-125.28062962048776,49.220728487199956],[-125.28646847848648,49.21440915331271],[-125.28667008893112,49.21220726076232],[-125.2793411965359,49.20960653673881],[-125.2760583447579,49.20617624473975],[-125.27608443729935,49.197948959372596],[-125.27212621063842,49.19534275005733],[-125.26097761614557,49.19504848103538],[-125.25346597691605,49.19762764813637],[-125.24696638348951,49.1983997923423],[-125.23659573129363,49.196529430153156],[-125.22727625958414,49.19296498538132],[-125.21738623926773,49.19317771183283],[-125.20685103558696,49.18776711895455],[-125.20330528673689,49.18425764247949],[-125.20055319148061,49.18454262965738],[-125.19586919668707,49.18813956347931],[-125.1901370256649,49.18818838275517],[-125.1724668216514,49.18411410208092],[-125.16804497298483,49.186699210644484],[-125.1645164871684,49.19213178217514],[-125.164673387822,49.19571391446759],[-125.16014122610113,49.197126340114956],[-125.15649463955813,49.19744490987408],[-125.14898306884758,49.19467667979997],[-125.1442699237594,49.190092183626966],[-125.13112748333201,49.18748238893368],[-125.1212294353957,49.183039005311265],[-125.11323799903856,49.17681432588047],[-125.10949832159709,49.1720144734885],[-125.10573122590795,49.16995251942797],[-125.09902540587338,49.16809164186033],[-125.08738361099881,49.16612505460281],[-125.07945803273469,49.162602982458935],[-125.07527682762354,49.15781917702125],[-125.0727838255434,49.15285299742459],[-125.07274372500346,49.14514433781593],[-125.06914460121219,49.1439281885379],[-125.06047334153129,49.14508150365875],[-125.04140771816196,49.14264832385979],[-125.0417012626189,49.16555281993284],[-125.04477960860018,49.17185195743139],[-125.0370701826078,49.16858140412931],[-125.02945712197129,49.16365360040836],[-125.0127793911788,49.15411551238112],[-124.99997904894319,49.146539998094084],[-125.00001202890992,49.15350719671803],[-124.99540139529027,49.15027424535227],[-124.92084059518064,49.149187908991564],[-124.91825023193884,49.14941733945802],[-124.91821012238246,49.15224757395528],[-124.90182508582639,49.15240899066552],[-124.900322512858,49.132854445504734],[-124.89017934578595,49.13260893172938],[-124.89030380810523,49.145628197442335],[-124.84105683865539,49.14535312145034],[-124.84104838433714,49.15254323695436],[-124.82552035997662,49.15262701870587],[-124.82007812149378,49.14609274572929],[-124.8122197205373,49.14621098718278],[-124.81091299953894,49.15167738945168],[-124.80903551304054,49.152426490311726],[-124.80845641772288,49.15539459646995],[-124.8143529870781,49.16098739895404],[-124.8206214028108,49.16356950982715],[-124.82394731709299,49.16635949554738],[-124.82831910792163,49.16775669803713],[-124.82929378388668,49.16962239970433],[-124.8292908144874,49.17360740531834],[-124.8324778109767,49.176327602913915],[-124.83163971667798,49.18112719854774],[-124.82847820942544,49.183974196447885],[-124.82399069255293,49.1839641893095],[-124.82435950362911,49.18729689185096],[-124.82331798590246,49.18958839985538],[-124.82504150329349,49.19311480860444],[-124.82515819258565,49.1963063941079],[-124.82664790615725,49.198378586671],[-124.82719311201134,49.20198760144822],[-124.82732890025422,49.210504297357296],[-124.82816249194322,49.21563580668756],[-124.83140290440059,49.21855398908824],[-124.83224227863883,49.22123009386131],[-124.83548560241402,49.22459689876616],[-124.83816759400459,49.22880121061009],[-124.83929490683309,49.23361359068546],[-124.83686820524376,49.23782640140938],[-124.83862678985054,49.241882508339344],[-124.83951498511821,49.247301601599446],[-124.83920688252569,49.25160699459149],[-124.83421159253325,49.25211831582376],[-124.82672450926023,49.253685002227265],[-124.8270782652287,49.25440186176189],[-124.83404360991857,49.25591564039356],[-124.83098299127252,49.26043449980934],[-124.84111060227237,49.264376776821734],[-124.84254970608357,49.263081143721784],[-124.85592769871491,49.262927285110514],[-124.85899645409327,49.2643006478863],[-124.87356480296081,49.2647098118691],[-124.88730917905787,49.264711662544435],[-124.88724463783852,49.27809811938727],[-124.87727725681142,49.27789713124277],[-124.87770557560658,49.282879189839335],[-124.86838593467479,49.28291120817763],[-124.86996462647866,49.27882915611844],[-124.85538347236331,49.27891062151265],[-124.85763650830137,49.2808788107758],[-124.8634765185013,49.28183160140614],[-124.86655579197746,49.283707306615426],[-124.86850011617283,49.28696590778046],[-124.87021008847324,49.29399291093429],[-124.87210358960643,49.29578600647592],[-124.87592119125438,49.29590849506556],[-124.88213320672206,49.293710905880225]]],[[[-124.82622075692377,49.251266102346555],[-124.8314157788156,49.251235299445014],[-124.83777220993812,49.249200091359036],[-124.83666969243592,49.24725750289921],[-124.83706622170106,49.24425530451924],[-124.83347528803701,49.244491698040115],[-124.83092141380352,49.24750100767442],[-124.82792708761096,49.24870880254425],[-124.82529211980193,49.2450171974845],[-124.82174620912829,49.246203139483534],[-124.81940711288398,49.2493940264794],[-124.82622075692377,49.251266102346555]]]]}},{"type":"Feature","properties":{"shapeName":"Lumby","shapeISO":"","shapeID":"43193130B6911553358695","shapeGroup":"CAN","shapeType":"ADM3"},"geometry":{"type":"Polygon","coordinates":[[[-118.96495632978836,50.25322024873493],[-118.96572707441312,50.25570642490707],[-118.9689467064402,50.257065610257214],[-118.96957540954956,50.26068239183693],[-118.9690807652625,50.264870686294216],[-118.9870348566792,50.2648477015863],[-118.98764805094127,50.237805330790785],[-118.9733678633441,50.237458812042235],[-118.96627913300608,50.23689943352057],[-118.96554490069802,50.23910111156269],[-118.95847696453622,50.24152920771435],[-118.95353879952742,50.241397847875305],[-118.95333670328938,50.24614516070735],[-118.95112935629682,50.24857050521213],[-118.94863963026863,50.24927688143003],[-118.94884852845036,50.25287573792718],[-118.95763253135179,50.252354104617716],[-118.95918440902504,50.25353551446559],[-118.96495632978836,50.25322024873493]]]}},{"type":"Feature","properties":{"shapeName":"Douglas 8","shapeISO":"","shapeID":"43193130B6936154177536","shapeGroup":"CAN","shapeType":"ADM3"},"geometry":{"type":"Polygon","coordinates":[[[-122.19887607565386,49.7598515406868],[-122.19867819956426,49.75435241032793],[-122.17970563960635,49.754309414370915],[-122.17946648302673,49.75119533043508],[-122.1556204133303,49.751022570263316],[-122.15067143743569,49.75155908561211],[-122.14106677208893,49.75520158421788],[-122.13930563230342,49.756882740432744],[-122.13962555789115,49.766276613275615],[-122.14570419639594,49.76624539565436],[-122.14539554342643,49.77099955985326],[-122.1570255418425,49.770833685639474],[-122.15611825356977,49.768521083228364],[-122.15191991607699,49.76527330073541],[-122.15188687962862,49.76302123145619],[-122.14803266632074,49.760000998103465],[-122.14987828207907,49.75832264727827],[-122.1741161596253,49.75795761098394],[-122.17978478856074,49.76013670359856],[-122.18275798554099,49.76248799538167],[-122.1918332056534,49.762839801003196],[-122.19906139497836,49.76544059903614],[-122.19887607565386,49.7598515406868]]]}},{"type":"Feature","properties":{"shapeName":"Creston 1","shapeISO":"","shapeID":"43193130B69845105042191","shapeGroup":"CAN","shapeType":"ADM3"},"geometry":{"type":"Polygon","coordinates":[[[-116.5171672847289,49.0361562712962],[-116.51142998091831,49.03697368094792],[-116.51215730818416,49.057982571828006],[-116.51078599150976,49.058612014235244],[-116.51128368327751,49.068946779319404],[-116.51335541469622,49.069667607999016],[-116.52449935418818,49.06949108488482],[-116.56244296526305,49.06997576331174],[-116.56085650589377,49.06519370165185],[-116.55661431234596,49.06360290909584],[-116.54504050968598,49.06416109437998],[-116.5407231932536,49.06343341141868],[-116.53847362223058,49.060842704062985],[-116.54315561576286,49.05338560046022],[-116.54741029427076,49.04891361191819],[-116.54804045772897,49.04733520972197],[-116.54579827830115,49.045777396942924],[-116.54196139248255,49.04489870681449],[-116.53491530033044,49.04462809877911],[-116.52941490778964,49.046053688130996],[-116.52726240474531,49.04790660487035],[-116.52471561740602,49.048004900565914],[-116.52210409435807,49.046248914187885],[-116.52096759216357,49.04219561016736],[-116.5171672847289,49.0361562712962]]]}},{"type":"Feature","properties":{"shapeName":"Central Kootenay B","shapeISO":"","shapeID":"43193130B69967818485045","shapeGroup":"CAN","shapeType":"ADM3"},"geometry":{"type":"Polygon","coordinates":[[[-116.5171672847289,49.0361562712962],[-116.51989439691604,49.03512780207589],[-116.53161619992002,49.03288261031163],[-116.53640751293,49.03049989300304],[-116.5357369511585,49.02801783807734],[-116.5319363884129,49.026170394163934],[-116.52269539412006,49.023453012840264],[-116.51788799532733,49.02325209872233],[-116.51282824529342,49.020707024184624],[-116.50757812886803,49.01366386992007],[-116.50334217999473,49.004765894043985],[-116.50344205410002,49.000005605980235],[-116.38257462729992,49.00008273169336],[-116.27574447303434,49.000029850661505],[-116.12742705224356,49.0000834760846],[-116.02706004227277,49.00003137264019],[-116.0270489332289,49.00091738606553],[-116.02481205244437,49.04495303060555],[-116.03560536445475,49.05484367715282],[-116.03246021519504,49.05875909540161],[-116.03214400917665,49.066164055522165],[-116.02810855195645,49.138327836321025],[-116.02810367652374,49.18872240386501],[-116.02847157459986,49.197549569638205],[-116.05014622456487,49.197780412360075],[-116.06434368790937,49.19768136332802],[-116.10076538905085,49.19845023497437],[-116.09480729031809,49.202025335988374],[-116.08593006066938,49.20854462124309],[-116.07734559203735,49.221660885487296],[-116.07671384563612,49.2238915647368],[-116.07007242429245,49.2320150618537],[-116.07117776250931,49.24091080679699],[-116.07822215204338,49.24630850341228],[-116.07784570098863,49.2528586387994],[-116.07262303402473,49.25864367306839],[-116.07930674712009,49.26275198266487],[-116.08871879183255,49.27148732604159],[-116.09512474872722,49.279464638584216],[-116.10216958247997,49.28182210432396],[-116.10771362055438,49.28771793037643],[-116.11549685594085,49.28828234024593],[-116.12623788453783,49.282791686557566],[-116.13084451168349,49.27844900577006],[-116.1372090474417,49.2806369698583],[-116.14471088283476,49.28412883935103],[-116.14982510110214,49.283034537692366],[-116.15847066789702,49.28335279143494],[-116.16405728087823,49.28567058272539],[-116.16800172906909,49.28926079960546],[-116.1710919708892,49.29354612233485],[-116.17611828101317,49.30712229014208],[-116.18340345702272,49.31440267242795],[-116.18895621935629,49.32193453968149],[-116.18572559828122,49.32913059515039],[-116.18521755482094,49.33701659105575],[-116.17141424061155,49.35009570601621],[-116.16533406785807,49.35228215271934],[-116.16467671733749,49.35862016616092],[-116.16682348658846,49.36840186519826],[-116.17904939238807,49.37603696291622],[-116.18196445637535,49.37964515634751],[-116.18291701014999,49.390829614973576],[-116.18861593630147,49.392840270036196],[-116.1982472983035,49.39910448401496],[-116.20966173567416,49.404605452275916],[-116.21050892325945,49.41345508421555],[-116.21589722815501,49.41656247987514],[-116.23571527423712,49.41696113289269],[-116.24166085847679,49.42015546430629],[-116.23804383547214,49.4233041046795],[-116.23739934545472,49.42814322399143],[-116.25474228080063,49.44428641879015],[-116.2598809790344,49.44796675362735],[-116.24891952333375,49.45195198202299],[-116.24527205389134,49.457975408312315],[-116.24806110022384,49.46145670276745],[-116.25779271616254,49.46799207598857],[-116.26659989708286,49.47077573490585],[-116.28485128476741,49.47239782927243],[-116.28258809469303,49.47765115947749],[-116.28175816114596,49.48918390906812],[-116.28910205010064,49.50855369930868],[-116.29675212737557,49.51164310753749],[-116.30344998961755,49.52097696470039],[-116.3124472912665,49.524599072009465],[-116.34950642453236,49.523759757338716],[-116.35506764384283,49.51861126974651],[-116.3623933232707,49.5130904153636],[-116.37347616232309,49.516337395357944],[-116.39535804761265,49.51963855904347],[-116.40195357751875,49.521815201610984],[-116.4117755800184,49.5264049293555],[-116.41479074644926,49.52977052235055],[-116.42351199086097,49.533660799898506],[-116.44023189281941,49.53245101819713],[-116.45074294298443,49.52690043394926],[-116.45624010265584,49.51822089841328],[-116.45949586751718,49.50519816784854],[-116.4639181863736,49.49703315094075],[-116.49175346175782,49.48965097204974],[-116.50948671611354,49.47889242311738],[-116.53497883169955,49.46713954103014],[-116.54393810529524,49.46511129609435],[-116.54127919183826,49.45779569788477],[-116.54285395843849,49.45086738192238],[-116.5412690710577,49.444705118342156],[-116.53568647741643,49.433245558014264],[-116.53443854595777,49.42943534395686],[-116.53220729687644,49.4187861700633],[-116.52955039917082,49.41254076923453],[-116.529399046619,49.40067382275739],[-116.53054033303296,49.39541534506903],[-116.54805888816972,49.38529238428083],[-116.55813686186796,49.37780650172815],[-116.56265481831824,49.37105681147521],[-116.56426621144986,49.3701847169913],[-116.57433805763087,49.36795428622758],[-116.58501298881625,49.36052709259074],[-116.58443919585402,49.348918965598585],[-116.58560408638748,49.34661118038547],[-116.5911417150205,49.342769217331536],[-116.59085955601537,49.338773008136016],[-116.58728348175914,49.334606091284236],[-116.58192619914772,49.33083161318298],[-116.57328866845639,49.32679696454192],[-116.57011169720036,49.32431057241692],[-116.56375566170047,49.31494369476609],[-116.56119588652612,49.309851138729705],[-116.55992714860471,49.30522735148119],[-116.56097190884611,49.30329579676441],[-116.54956613116396,49.30018432998354],[-116.5383300287995,49.300769411656994],[-116.52599599050573,49.304500456481435],[-116.5219558398562,49.30799677516209],[-116.51712657381663,49.31045021574117],[-116.50697162450233,49.31350065910749],[-116.4997464876841,49.3134654831111],[-116.49719870859948,49.30728284986697],[-116.49529390573046,49.30676394535353],[-116.49617248720692,49.3017150045625],[-116.4975135006975,49.29972391192907],[-116.49834671413588,49.2948431999815],[-116.50319391204434,49.2874785895449],[-116.50417849289988,49.283849710122446],[-116.5073080877877,49.27763731058735],[-116.50437456712682,49.27031238032667],[-116.49729442453939,49.26307065157571],[-116.49070642218189,49.25815231348667],[-116.48581603349976,49.25599507632512],[-116.48067392023978,49.256949207536636],[-116.47571488171428,49.255334192916884],[-116.4701774073901,49.255237295957244],[-116.46417780168584,49.2535453956242],[-116.45754369352741,49.253209292332045],[-116.45419920218164,49.25115979257982],[-116.45097929327112,49.250326706413915],[-116.44724630118739,49.24702495629425],[-116.44276129169,49.245537102681425],[-116.44181888672226,49.24168959874342],[-116.43735841680987,49.237370599249104],[-116.43796548835924,49.2335679998777],[-116.44089399847326,49.23092039572567],[-116.44129719268034,49.21947119160871],[-116.44252181372973,49.2156086918151],[-116.44445460841915,49.213424007441176],[-116.44413204352458,49.207357996178025],[-116.44241760097519,49.20159309252775],[-116.4406404810005,49.19861649297875],[-116.44268301524488,49.19141279082225],[-116.44285098394785,49.188732495746],[-116.44485660201572,49.186097688505356],[-116.44615949041676,49.17894484855034],[-116.44952764194903,49.17864070397724],[-116.45153463962198,49.16633648312005],[-116.4691839426985,49.1667183681366],[-116.46907365010144,49.162443912418915],[-116.4915487498966,49.1628469939334],[-116.4937640628473,49.15782009313652],[-116.49322581907055,49.155256350807505],[-116.49390292432825,49.1511443933682],[-116.49419868730966,49.13116266329008],[-116.50727474854313,49.1310274268262],[-116.50695520200615,49.10714516764434],[-116.50609134868354,49.106436858427394],[-116.49579764478543,49.106177671146305],[-116.49500334378085,49.09867000753609],[-116.49625837349632,49.09547496497449],[-116.49352021244083,49.08830798027443],[-116.51242851494901,49.088242783933914],[-116.51230560995884,49.082496293809356],[-116.49178348668451,49.08279370640427],[-116.48921039689525,49.08253544005127],[-116.48836978823688,49.07464913526321],[-116.4886920985533,49.072575387641145],[-116.49143998305803,49.072240700338334],[-116.4990689030898,49.06981247728574],[-116.5030126541415,49.07339059357498],[-116.50505228897258,49.07375828366152],[-116.5141011864702,49.07842469074234],[-116.52245508290868,49.082063401360436],[-116.52688417550686,49.082929593320955],[-116.52787926115032,49.07846285791675],[-116.52758585383349,49.07614758990578],[-116.52449935418818,49.06949108488482],[-116.51335541469622,49.069667607999016],[-116.51128368327751,49.068946779319404],[-116.51078599150976,49.058612014235244],[-116.51215730818416,49.057982571828006],[-116.51142998091831,49.03697368094792],[-116.5171672847289,49.0361562712962]]]}},{"type":"Feature","properties":{"shapeName":"Sooke","shapeISO":"","shapeID":"43193130B70033507697919","shapeGroup":"CAN","shapeType":"ADM3"},"geometry":{"type":"MultiPolygon","coordinates":[[[[-123.7527940623523,48.35886745350562],[-123.74953938616332,48.35727899486641],[-123.74634560802603,48.3576151025333],[-123.74078150636012,48.35458299113851],[-123.7377758063004,48.35501599781832],[-123.73507339044265,48.35384669064935],[-123.73019481282259,48.35537059030589],[-123.72155469880025,48.35723338556026],[-123.71492921386391,48.35921740051183],[-123.71602247716585,48.36024569791416],[-123.7219492969922,48.3573473981023],[-123.72630180851539,48.35678060691925],[-123.72559350829177,48.360248490150774],[-123.73156308135786,48.362280793241354],[-123.7319701131863,48.36434740059813],[-123.72686230259963,48.36961548500798],[-123.72621141117256,48.371355904823695],[-123.7192157782788,48.37423419683618],[-123.70644971587204,48.38264420066335],[-123.70236128998582,48.38289339303644],[-123.69827742162192,48.384430203314786],[-123.70041691123627,48.3858116001862],[-123.6959120854275,48.38784238628884],[-123.6896318898733,48.38972545730978],[-123.68893480649895,48.38839454495232],[-123.69457641835582,48.38627683617867],[-123.69293239061987,48.384350248695476],[-123.69640522138525,48.38339389821164],[-123.69424640491624,48.382097292766],[-123.69187079673725,48.37815369515775],[-123.68779097971563,48.38102909720377],[-123.68610671134925,48.38535730061609],[-123.68297930342719,48.387841111115925],[-123.67713739377197,48.38937929229513],[-123.67224539652132,48.38822849713517],[-123.66312630526194,48.389073096613906],[-123.65985158838589,48.386536596136175],[-123.65508540640525,48.38668179049735],[-123.65614349975348,48.38915001072862],[-123.66056490234138,48.38747799578046],[-123.66222948339035,48.38872700402781],[-123.65868299189874,48.39024089466967],[-123.65536670652688,48.39383279766693],[-123.65217620356168,48.38939639250646],[-123.64794420202153,48.38588569704694],[-123.64361972120162,48.385747503578415],[-123.63813190749887,48.389736805702526],[-123.63421911540325,48.38800349635188],[-123.63528508295352,48.38672879841811],[-123.63502450232878,48.383276483632805],[-123.63810619577526,48.38237790180614],[-123.63373318743108,48.37824480782962],[-123.63556404776573,48.37574273894661],[-123.63306116772455,48.373320079213606],[-123.63059397646026,48.37283372282242],[-123.6275300939401,48.37021369738814],[-123.62629587673564,48.3586144246188],[-123.62385664143737,48.35757085589837],[-123.62248179925874,48.354310240250506],[-123.61927346117999,48.35319809966566],[-123.61544104682194,48.359971102745945],[-123.60979118988675,48.361570092754086],[-123.60307392322714,48.35947884731567],[-123.60198638517572,48.36090415303565],[-123.61459121888863,48.36543870931801],[-123.6098238127965,48.37082239229141],[-123.59682977710317,48.387250170222885],[-123.61563624181056,48.39433633906451],[-123.61336751967406,48.39711339593983],[-123.61927010974766,48.398931799028745],[-123.63863899675695,48.4082239127582],[-123.64460094031156,48.41068271453848],[-123.64559248170754,48.424355127457424],[-123.64569094484982,48.428252483220504],[-123.6567021669278,48.42842594701865],[-123.70671731967815,48.42810529906438],[-123.71191709485181,48.428399115396935],[-123.71160685307674,48.42975657806267],[-123.714658399664,48.433475190385735],[-123.7152580535157,48.436318995030106],[-123.71902825564213,48.44200980419216],[-123.7213754324024,48.44290204194483],[-123.72533199017458,48.44616774445839],[-123.73055933266555,48.44778735569702],[-123.73333870621566,48.44983144692186],[-123.73353337792975,48.45323617979149],[-123.73735301184111,48.45539468314808],[-123.73898162312919,48.458811265665815],[-123.7395206683543,48.463230366369295],[-123.73928283534869,48.47416805901313],[-123.7461813910076,48.4740168500263],[-123.74485247410328,48.47049415685762],[-123.74489883687916,48.466797276392306],[-123.75027210611269,48.4668225419792],[-123.74984005283254,48.46017534746932],[-123.7468428251372,48.46019379106567],[-123.74677632383946,48.45743103988398],[-123.74250878211654,48.457336465123404],[-123.74272836019416,48.450761873000054],[-123.74150504836523,48.450729863426616],[-123.74160828086609,48.442532445325725],[-123.73738927839428,48.4417182667864],[-123.72872636446277,48.441888853882524],[-123.7270981652354,48.438376313002124],[-123.72693060725092,48.431047838452834],[-123.72387728443138,48.4310381709321],[-123.72370520521092,48.42743784568642],[-123.71811914237458,48.428613932663374],[-123.7174440677384,48.41300407754989],[-123.72828128171253,48.41298895207272],[-123.72799530787952,48.40271067307611],[-123.73969661249703,48.39908809486892],[-123.74107530880691,48.40003238953871],[-123.7480609711946,48.40160711963004],[-123.7480854281578,48.397570436368206],[-123.76357453068121,48.39284177299566],[-123.75757235048049,48.38379502961954],[-123.75491497472706,48.38070024801355],[-123.7697386436694,48.37689697814913],[-123.77403740055014,48.38330030116819],[-123.76940002930932,48.38474189432643],[-123.77272440619247,48.39040774156853],[-123.78257803983485,48.386632734305465],[-123.78017894689737,48.38120852148103],[-123.77520272738053,48.37557958881011],[-123.78484716980158,48.37381605618439],[-123.78364692318642,48.366492568183844],[-123.77855300211458,48.36897180114689],[-123.77250501768386,48.36905719955304],[-123.76761129934803,48.371428512265474],[-123.7624145906927,48.37145420289771],[-123.75479753577767,48.36342333109478],[-123.75386767463003,48.364010955540714],[-123.74120583532579,48.366249617138095],[-123.73997880907152,48.36278107606128],[-123.7527940623523,48.35886745350562]]],[[[-123.70888579589837,48.338669956301565],[-123.70522654629247,48.34158055906238],[-123.70525273259618,48.35052788739684],[-123.70292916282642,48.35269265012352],[-123.7045554401532,48.35596300078169],[-123.70931834672434,48.356667678709464],[-123.7155465023304,48.3523142111858],[-123.71474561416292,48.350905690621055],[-123.7163589104629,48.3475944000626],[-123.71436200766219,48.34381879343312],[-123.7110111154257,48.34254420210001],[-123.71414028897763,48.33862899131893],[-123.70888579589837,48.338669956301565]]]]}},{"type":"Feature","properties":{"shapeName":"Greater Vancouver A","shapeISO":"","shapeID":"43193130B70051524273903","shapeGroup":"CAN","shapeType":"ADM3"},"geometry":{"type":"MultiPolygon","coordinates":[[[[-123.2444737458489,49.48149861030547],[-123.24357837911327,49.47653797798278],[-123.23328057265567,49.47707771699323],[-123.23308699413916,49.4704837571429],[-123.23042398738637,49.47031162437923],[-123.22869694676459,49.45722120606995],[-123.22898612160027,49.448646532730834],[-123.23894031696258,49.44879471908869],[-123.23918360843398,49.445110107967324],[-123.23839529462039,49.441991102002376],[-123.23920861037428,49.4389575028837],[-123.23701830025819,49.43670441244443],[-123.2355651911717,49.43298289248109],[-123.23648228705225,49.43132658982303],[-123.23358420256825,49.42816629908227],[-123.2330163875295,49.424983196218264],[-123.23491898712206,49.42182279226374],[-123.23426748923121,49.41826090374541],[-123.23615698332843,49.41545090128434],[-123.24062479383768,49.412680790136626],[-123.24354419472833,49.409192901771306],[-123.24327570051021,49.407678378676756],[-123.24147728598406,49.408110159285016],[-123.2114123252935,49.40709073429388],[-123.1896099306865,49.40673360411063],[-123.18004290300108,49.40682204035671],[-123.14205481064708,49.40647816271863],[-123.12380625640188,49.406199268326006],[-123.06992486606728,49.407194689397166],[-123.03509929957846,49.40763301472267],[-122.98232131910075,49.40883139948816],[-122.97060005773803,49.40859677182631],[-122.94884919848059,49.40939379110517],[-122.89934986384048,49.41454595607019],[-122.88226117946633,49.41438364987746],[-122.87896819697643,49.419721907096715],[-122.87533628429469,49.42172379359438],[-122.8740426012909,49.42602198944739],[-122.87572849031694,49.429918711453354],[-122.87322680952308,49.43193970329399],[-122.87575710577057,49.43500080690649],[-122.87574959784276,49.43824800093872],[-122.87869538834308,49.440805690921685],[-122.87947451643862,49.44316319732722],[-122.87659690393203,49.44710899152914],[-122.88119778484804,49.44975820133029],[-122.88178208508648,49.45364450729554],[-122.8867667012063,49.45811100619183],[-122.88732618748234,49.460935891226995],[-122.88631140242312,49.4638768909473],[-122.89003400021461,49.465067506544976],[-122.8867660946501,49.47036270218832],[-122.881062812969,49.470895391898146],[-122.8787611967184,49.46463308903935],[-122.87720571937817,49.462868601214296],[-122.8736192132628,49.46180319701893],[-122.87167030659873,49.45808638687838],[-122.8660445849672,49.45670319022151],[-122.86239448977854,49.453901997699425],[-122.86261299749432,49.44998941336756],[-122.85917522122183,49.446162403396315],[-122.85905691180047,49.44402159462413],[-122.85621889025336,49.44260630496476],[-122.85614299813615,49.44000568664794],[-122.8539758011684,49.43645039452],[-122.85587228866504,49.43376321156625],[-122.853382098253,49.4315031951065],[-122.85464439119062,49.42939041320413],[-122.85393738355204,49.42580070065116],[-122.8575286776276,49.423627995486505],[-122.85851520653219,49.41656828864347],[-122.85684080251495,49.41366918474674],[-122.85870730465962,49.412043999983275],[-122.85850689856419,49.409587492951495],[-122.85995020938202,49.40622569322054],[-122.86551430139747,49.40318300718731],[-122.86942291930666,49.40033620572425],[-122.87146380920608,49.39438368684349],[-122.87049659739179,49.38986720343195],[-122.86677950883333,49.388783504892885],[-122.86686880959826,49.38637299842849],[-122.86363388373333,49.38193249338217],[-122.83362676073398,49.38204645299239],[-122.8281643826603,49.379126811950826],[-122.82537481325997,49.375024805219276],[-122.82629129010824,49.37252447811772],[-122.8290021430853,49.369928097476354],[-122.83206558819202,49.36498025089995],[-122.83227861877619,49.36210941111869],[-122.83106667159709,49.35984631577651],[-122.82787049383454,49.359894624896384],[-122.82489275349154,49.35708991255011],[-122.82232139192628,49.35162572560703],[-122.77564511714807,49.351224969979945],[-122.77361049967129,49.35102988736731],[-122.75786366721566,49.3513962623858],[-122.73407986681093,49.35135991851775],[-122.68121851755241,49.350863715945685],[-122.66114026586641,49.35098312832106],[-122.62704220012006,49.35153038057299],[-122.61818028277332,49.35127326938783],[-122.61452030840348,49.350653696954836],[-122.60781929094183,49.35135061188499],[-122.6032951579092,49.35312529498045],[-122.59717329755335,49.35552620154508],[-122.59110291255875,49.35860789658652],[-122.58528525898316,49.36516386115928],[-122.56314504828677,49.39143457146449],[-122.56237860444556,49.393138384155854],[-122.55549920697365,49.415942110851105],[-122.55006058930553,49.42344909177101],[-122.54260620545396,49.4318653793161],[-122.53519216501097,49.44348374503096],[-122.53224410998284,49.450639285954495],[-122.52811139363685,49.457868514746366],[-122.52683879230503,49.46234739956341],[-122.52785540454096,49.466538400289004],[-122.53295229551738,49.47252899997702],[-122.54023350484333,49.476311705089444],[-122.55856229562612,49.483055705565434],[-122.57285752367093,49.48589470451848],[-122.58168921052847,49.49057798950745],[-122.58742980054384,49.49837339552658],[-122.58854851025302,49.50129248833627],[-122.59451161262437,49.51277140783933],[-122.60229900603744,49.52446558524242],[-122.60411049870417,49.536252788143635],[-122.6053229231975,49.539239704419614],[-122.60802151202904,49.539805789618434],[-122.60814378573363,49.541702081421995],[-122.61373218960824,49.54070812213219],[-122.62986769630753,49.54040713969131],[-122.63878943457351,49.539239924282285],[-122.6477556268357,49.53908494998135],[-122.65542317464198,49.539648900040966],[-122.65910538018666,49.5410848626983],[-122.68314201127795,49.553477803088825],[-122.68987657512278,49.56288905421727],[-122.69272426355072,49.56884256171676],[-122.69817293475535,49.571283733470246],[-122.70008679967817,49.57355454367699],[-122.74742875879775,49.57388649840181],[-122.77988331532049,49.57427533957862],[-122.80778600082294,49.57229261511374],[-122.81608574843425,49.57235386256758],[-122.87775138554552,49.57275794531149],[-122.93068035166846,49.571771788478706],[-122.94504470846772,49.57054274501462],[-122.9343436306436,49.56070763809654],[-122.92885941952176,49.557246352677986],[-122.92479791702188,49.55398741225265],[-122.92421431520944,49.548429715581214],[-123.01205935231867,49.54820225265461],[-123.06160316023673,49.548138204828334],[-123.10230746175945,49.54778357241017],[-123.10185012086343,49.50184197675064],[-123.10280206151576,49.48219669355735],[-123.12616902646472,49.482264363874094],[-123.1617825659043,49.48215946795248],[-123.19311069667397,49.482164471197805],[-123.21546443922765,49.48201451961615],[-123.22602801965556,49.48167795262572],[-123.2444737458489,49.48149861030547]]],[[[-123.19708119761097,49.235052310418205],[-123.19839802370436,49.23648989260947],[-123.19682212164082,49.238639490125],[-123.19675278246098,49.2462199933594],[-123.19891319720125,49.24630591089803],[-123.20460680430082,49.249127773807636],[-123.19676100040381,49.250240766476786],[-123.196545197144,49.256523303379765],[-123.20292358610901,49.25669442185438],[-123.2032154934899,49.25826720664749],[-123.21538831858143,49.25851270066762],[-123.21504077493927,49.267368289372726],[-123.21956850595784,49.26723831023706],[-123.21959876076843,49.268979194246626],[-123.22391272617189,49.27286475638938],[-123.22380186968068,49.27781604771843],[-123.22753263902023,49.27881301679402],[-123.23517538476351,49.27889968102246],[-123.24359833573736,49.279829182421246],[-123.25020039308141,49.278372191979045],[-123.25858470919462,49.27274088943284],[-123.26240831243582,49.27078120589175],[-123.26477931206799,49.26654698918787],[-123.26439540670617,49.26437079799946],[-123.26192619264405,49.26265888836949],[-123.26396838219111,49.2591406607042],[-123.26352600858105,49.25898110746244],[-123.2588610083737,49.25995859984719],[-123.25360528891838,49.25364650912852],[-123.25243789829695,49.250923390599425],[-123.24818786472345,49.248935406912196],[-123.24008879500667,49.24595719561146],[-123.2343842809361,49.24277550255565],[-123.22773778607686,49.24035150560269],[-123.22160238391149,49.236965739703734],[-123.22006818039904,49.23912636420305],[-123.20856628120286,49.23505272055773],[-123.20531401745316,49.23733854484389],[-123.19708119761097,49.235052310418205]]],[[[-122.66792100492319,49.19622640515992],[-122.67470679307432,49.197082602284546],[-122.68648519375562,49.1997530076368],[-122.69237859860814,49.20159879645625],[-122.71330251455828,49.2090759051611],[-122.71890191155985,49.210071399541036],[-122.73066970957515,49.211097989430336],[-122.73036421230832,49.20901039179552],[-122.7271894082789,49.20432898282551],[-122.72589638040809,49.19980280193243],[-122.72500718225307,49.19259210369503],[-122.72225780522385,49.188071584578395],[-122.71581301680203,49.18466919332358],[-122.71075898625173,49.18353269149424],[-122.70610099657877,49.18320509458869],[-122.69308721666067,49.18405250679187],[-122.68407752374613,49.185666103430684],[-122.67883718359009,49.18754986776508],[-122.66893739435478,49.19270981493283],[-122.66792100492319,49.19622640515992]],[[-122.68935475756456,49.186644683186],[-122.69366261650134,49.18529869708651],[-122.70109421888615,49.18474150559463],[-122.70080144368255,49.191494749881585],[-122.6892647411623,49.1914539246331],[-122.68935475756456,49.186644683186]]],[[[-123.2629951947261,49.42726621543145],[-123.26408198938832,49.429324201747804],[-123.26773751693955,49.432122706967235],[-123.27176670022483,49.43248158618177],[-123.27366148696674,49.431191296977616],[-123.27675149629586,49.4262990898913],[-123.27497439132861,49.424144304828715],[-123.27612590754958,49.42289100712542],[-123.27211769810312,49.4213442944551],[-123.26976321557775,49.41935329483315],[-123.26657668822816,49.419085629957095],[-123.26208059325415,49.421170596601335],[-123.26153131508069,49.42453600099115],[-123.2629951947261,49.42726621543145]]],[[[-122.86310928173818,49.43026410080815],[-122.86256101895182,49.434203498445015],[-122.86786410161227,49.44143279886862],[-122.86812279587075,49.443015096479975],[-122.87296570763604,49.448022588678],[-122.87450178501916,49.44573099201598],[-122.87431658660086,49.44279720735663],[-122.87278839159569,49.4415010991803],[-122.87037459214078,49.43665030036551],[-122.87064619642383,49.43252998672956],[-122.86572559184103,49.43198460615424],[-122.86310928173818,49.43026410080815]]],[[[-123.30380292030412,49.342874604565566],[-123.30393788449491,49.34457370250436],[-123.30696081800244,49.34575300080673],[-123.30669217986669,49.34032099464312],[-123.30380292030412,49.342874604565566]]]]}},{"type":"Feature","properties":{"shapeName":"Central Kootenay C","shapeISO":"","shapeID":"43193130B70157937435910","shapeGroup":"CAN","shapeType":"ADM3"},"geometry":{"type":"Polygon","coordinates":[[[-116.52449935418818,49.06949108488482],[-116.52758585383349,49.07614758990578],[-116.52787926115032,49.07846285791675],[-116.52688417550686,49.082929593320955],[-116.52245508290868,49.082063401360436],[-116.5141011864702,49.07842469074234],[-116.50505228897258,49.07375828366152],[-116.5030126541415,49.07339059357498],[-116.4990689030898,49.06981247728574],[-116.49143998305803,49.072240700338334],[-116.4886920985533,49.072575387641145],[-116.48836978823688,49.07464913526321],[-116.48921039689525,49.08253544005127],[-116.49178348668451,49.08279370640427],[-116.51230560995884,49.082496293809356],[-116.51242851494901,49.088242783933914],[-116.52214608402792,49.088198299112065],[-116.52216790770936,49.09024320490618],[-116.5246623222394,49.09526400559594],[-116.5267664032601,49.095253348802714],[-116.52634927692615,49.09185382031927],[-116.52898986382374,49.09015462287823],[-116.53351317235408,49.09008528415804],[-116.53334969739194,49.093412602969266],[-116.53032700084104,49.095687644761156],[-116.52859803628814,49.09949753326743],[-116.52341601386549,49.09906967088988],[-116.5272786103272,49.104934387661054],[-116.5311990894049,49.11186508989134],[-116.53255129720222,49.113231899788325],[-116.53914488969045,49.117075293303174],[-116.53377805988295,49.11747131226066],[-116.53414775144999,49.11999335619466],[-116.52863751692136,49.12083769652173],[-116.52355210815949,49.120844203476764],[-116.52352851247772,49.118598490479414],[-116.5175874508758,49.1185950666716],[-116.51756999100766,49.131102043000496],[-116.50727474854313,49.1310274268262],[-116.49419868730966,49.13116266329008],[-116.49390292432825,49.1511443933682],[-116.49322581907055,49.155256350807505],[-116.4937640628473,49.15782009313652],[-116.4915487498966,49.1628469939334],[-116.49163283642443,49.16409726854886],[-116.50679091277732,49.16447773331408],[-116.50706578541073,49.17259909603045],[-116.51771096859557,49.17269148598541],[-116.51738657346131,49.168391192476264],[-116.54076257931051,49.168777206153315],[-116.54473813995317,49.16965638824744],[-116.54472414460948,49.17447926284842],[-116.54735151777426,49.17431680851056],[-116.55105787228209,49.17554569622536],[-116.55899518380166,49.1754981905888],[-116.56168968528141,49.17460949811591],[-116.56319597311145,49.177998093693716],[-116.5630418176163,49.181673754064235],[-116.57261820685535,49.187843132254294],[-116.58169655603959,49.19074229825454],[-116.58145750714552,49.19555117664129],[-116.5838213934127,49.19676881621284],[-116.58630132256832,49.201347310129655],[-116.58950176753918,49.202613997238146],[-116.59219938585217,49.209518968696294],[-116.59642178453966,49.212114038182875],[-116.5979543841708,49.21471130872823],[-116.60089211524446,49.21594774987329],[-116.60190609082575,49.21954803139539],[-116.60468329074737,49.22375010976379],[-116.60998451554741,49.228032894504764],[-116.61524700572768,49.23299807277024],[-116.61616732964877,49.236820778721466],[-116.61861574764903,49.24018053642517],[-116.62709986686043,49.24977978627141],[-116.63273465390799,49.25390051515521],[-116.63817367981328,49.25560168938561],[-116.6439157736696,49.258457421515594],[-116.64597601692721,49.260514162019376],[-116.6491394010055,49.26107089551788],[-116.65035919260441,49.26530940311919],[-116.65576488717653,49.27670448901245],[-116.66011317814875,49.281568096113844],[-116.66436088428794,49.28433539255552],[-116.67075343403171,49.28474771232779],[-116.68277320644768,49.284308506309],[-116.69275064323568,49.28708931795389],[-116.68804910558242,49.27749180100379],[-116.68863650998316,49.260704108321896],[-116.68792691161889,49.25723270450071],[-116.68537789722863,49.25303549127011],[-116.68461481142137,49.24938670486605],[-116.68599540803298,49.241243089134635],[-116.6888045974419,49.23595349323689],[-116.68846330511089,49.23325609355495],[-116.68588980339632,49.228369606671876],[-116.67914158596324,49.22253910397575],[-116.68294379277857,49.2198828118729],[-116.69460752390515,49.21385281365826],[-116.71490684574317,49.211243873638594],[-116.72988181051907,49.20580634668509],[-116.75341768024896,49.20431228440431],[-116.77133827007498,49.19414887137067],[-116.79509974796277,49.18866177418578],[-116.80714164376289,49.18715589357125],[-116.8282587742616,49.176832688468046],[-116.8385249674069,49.17904829837334],[-116.85111783107293,49.19108150902069],[-116.85959825416028,49.19733506840435],[-116.87117813028331,49.204629285764256],[-116.87352144692791,49.203736594691335],[-116.88470789829418,49.19684349746855],[-116.89533341806231,49.19295306564492],[-116.90046618534969,49.1902507987119],[-116.90715962758745,49.190121908291054],[-116.92217607204982,49.188269262725186],[-116.92999424836214,49.1863616201279],[-116.93762626037446,49.18602095228402],[-116.94195211416378,49.18452983967998],[-116.94403405761842,49.18292239648664],[-116.94515552329219,49.179959862864095],[-116.94605655551469,49.17252111131574],[-116.94564694705016,49.166535362934866],[-116.94341927001341,49.15766052956067],[-116.94415215802745,49.154761710555924],[-116.95893541102012,49.16003397360027],[-116.9686565053893,49.16041075222036],[-116.98161245546315,49.16244592549681],[-116.99045594792629,49.162779536583805],[-117.01446348155619,49.15839116636811],[-117.03882676381934,49.156073794678846],[-117.03525463107997,49.154401896864904],[-117.03046669238994,49.15037663059324],[-117.02903436493607,49.147192356514566],[-117.02563979556892,49.143136802341],[-117.02512579068257,49.14127283248395],[-117.02729062755239,49.13759824845945],[-117.02572288054799,49.13564347884485],[-117.0262009250069,49.129041180684496],[-117.02921382101493,49.1257875222056],[-117.03020113794773,49.12340699894945],[-117.03535049644978,49.12037510541721],[-117.04172958412632,49.12097496216106],[-117.04629238595997,49.11820069269401],[-117.04767905545852,49.11343540953428],[-117.04637971741322,49.10888886356631],[-117.04709032344395,49.104499600593115],[-117.05226483587852,49.102429159123666],[-117.05334719743338,49.09744757125868],[-117.05660750520698,49.09524684181149],[-117.05180726671118,49.089101320191226],[-117.04722600916745,49.07746203019775],[-117.05441428917806,49.06947948018723],[-117.04701524296794,49.06306839466665],[-117.04426909612525,49.058015480182114],[-117.03035940921738,49.050941048282205],[-117.0242685687998,49.05095210255553],[-117.02132011320403,49.051712130673835],[-117.01780067767432,49.05557377538281],[-117.01593551356589,49.05536422994908],[-117.00973124243674,49.05705506491197],[-117.00293655723682,49.0556298380804],[-116.9927670557542,49.050463582194446],[-116.97817882483449,49.04979973912977],[-116.96684355423845,49.05139552436374],[-116.95941647915362,49.053309833329436],[-116.96174047571273,49.05933989316556],[-116.93895766602647,49.06260257982703],[-116.92451254569328,49.06423869838891],[-116.91452286776484,49.05819314457038],[-116.92080415985318,49.05557827359877],[-116.9118676416092,49.050408428180596],[-116.90230743995515,49.04539333163963],[-116.8905321622977,49.042683123041115],[-116.88653267452005,49.030947398476265],[-116.88535519847514,49.028458584950414],[-116.89621578832549,49.01066387217065],[-116.90927883253696,49.00840243451375],[-116.91384809118371,49.00561416516405],[-116.91355060811954,49.00007813374902],[-116.82585086097696,49.00009415589605],[-116.7553497303598,49.00001999880742],[-116.69937192604188,49.00005220081246],[-116.56784317942488,49.00009339308153],[-116.50344205410002,49.000005605980235],[-116.50334217999473,49.004765894043985],[-116.50757812886803,49.01366386992007],[-116.51282824529342,49.020707024184624],[-116.51788799532733,49.02325209872233],[-116.52269539412006,49.023453012840264],[-116.5319363884129,49.026170394163934],[-116.5357369511585,49.02801783807734],[-116.53640751293,49.03049989300304],[-116.53161619992002,49.03288261031163],[-116.51989439691604,49.03512780207589],[-116.5171672847289,49.0361562712962],[-116.52096759216357,49.04219561016736],[-116.52210409435807,49.046248914187885],[-116.52471561740602,49.048004900565914],[-116.52726240474531,49.04790660487035],[-116.52941490778964,49.046053688130996],[-116.53491530033044,49.04462809877911],[-116.54196139248255,49.04489870681449],[-116.54579827830115,49.045777396942924],[-116.54804045772897,49.04733520972197],[-116.54741029427076,49.04891361191819],[-116.54315561576286,49.05338560046022],[-116.53847362223058,49.060842704062985],[-116.5407231932536,49.06343341141868],[-116.54504050968598,49.06416109437998],[-116.55661431234596,49.06360290909584],[-116.56085650589377,49.06519370165185],[-116.56244296526305,49.06997576331174],[-116.52449935418818,49.06949108488482]]]}},{"type":"Feature","properties":{"shapeName":"Kulkayu (Hartley Bay) 4","shapeISO":"","shapeID":"43193130B70192845555308","shapeGroup":"CAN","shapeType":"ADM3"},"geometry":{"type":"Polygon","coordinates":[[[-129.2530480191039,53.41824943706468],[-129.2509076050585,53.42146419178217],[-129.25270969022242,53.42595469393334],[-129.25438881256233,53.42766810175701],[-129.268576907135,53.42694748038804],[-129.2684740067397,53.41797763203808],[-129.2530480191039,53.41824943706468]]]}},{"type":"Feature","properties":{"shapeName":"Slocan","shapeISO":"","shapeID":"43193130B70337362702558","shapeGroup":"CAN","shapeType":"ADM3"},"geometry":{"type":"Polygon","coordinates":[[[-117.46357228744795,49.76290579636676],[-117.46349248901866,49.7660549629692],[-117.46452197395017,49.772208567583554],[-117.47082484068255,49.77276080818228],[-117.47298678586841,49.77155029568491],[-117.47482891584396,49.768394303227616],[-117.47333718979642,49.76489350587901],[-117.4753195542493,49.76140302668562],[-117.46327847930702,49.76099699720126],[-117.46357228744795,49.76290579636676]]]}},{"type":"Feature","properties":{"shapeName":"Qualicum Beach","shapeISO":"","shapeID":"43193130B70403623404495","shapeGroup":"CAN","shapeType":"ADM3"},"geometry":{"type":"Polygon","coordinates":[[[-124.47587145972854,49.363203616334054],[-124.47591237094754,49.360482993072345],[-124.48155133211328,49.361381340127366],[-124.4815389735869,49.35923115060724],[-124.48685415740358,49.3591328380142],[-124.48685621645258,49.35580578499265],[-124.4785434575233,49.35569081306539],[-124.47751049768742,49.35287888856402],[-124.48303592438405,49.35157423685742],[-124.4821449878261,49.35040752663959],[-124.48243941840806,49.34532221755152],[-124.47630521755127,49.34525747845634],[-124.47581198949258,49.342424132408134],[-124.47265531036037,49.341267066179796],[-124.45658047611064,49.34124857605457],[-124.45087876740011,49.33939295667696],[-124.44315986354998,49.339276230117534],[-124.44440960065022,49.33751341186656],[-124.43982105330403,49.326016533170524],[-124.42645364301893,49.325984939363245],[-124.41785851328363,49.32517003183825],[-124.40995189634435,49.32591513842467],[-124.4100030836343,49.333688337938284],[-124.41438405411856,49.33387499325],[-124.41449670633712,49.33554903781881],[-124.41005133530544,49.33553835446211],[-124.41001970249788,49.33934447675665],[-124.3991939198952,49.33902370740849],[-124.39847021682279,49.33274505730279],[-124.38817546822109,49.333066171979205],[-124.38488978623458,49.332475089444706],[-124.38137969036313,49.3349018902037],[-124.38764572590222,49.335498069614346],[-124.38775327647383,49.346890860739244],[-124.38402793283075,49.34611966081457],[-124.38131443926486,49.34725084082249],[-124.38180192982449,49.35204065287324],[-124.38437929009807,49.35459744320031],[-124.39329570980891,49.356185285544655],[-124.40241520674184,49.358683384597825],[-124.41701809634105,49.36029560448622],[-124.42668308420433,49.359268693150945],[-124.44426509016006,49.35535360897414],[-124.44922530443412,49.354517583688924],[-124.45689790619788,49.35412449000401],[-124.46070260292696,49.35467851155566],[-124.46512749565974,49.35673649940287],[-124.46896878596782,49.35943109525283],[-124.47211102490193,49.36045220410455],[-124.47587145972854,49.363203616334054]]]}},{"type":"Feature","properties":{"shapeName":"Nanaimo River","shapeISO":"","shapeID":"43193130B70511455906220","shapeGroup":"CAN","shapeType":"ADM3"},"geometry":{"type":"MultiPolygon","coordinates":[[[[-123.88566545023028,49.123105935606304],[-123.87798163539682,49.12294817328109],[-123.8778897901484,49.1195947357608],[-123.8641940022086,49.11917040255672],[-123.86420789705079,49.12475935881617],[-123.86877479802826,49.12663855334258],[-123.87810860865868,49.12650189670344],[-123.87855235801207,49.13339838857498],[-123.89356689070716,49.13291646009846],[-123.89243860056364,49.13025168455101],[-123.88843029648554,49.12736150932439],[-123.88566545023028,49.123105935606304]]],[[[-123.88918374129541,49.11470739527732],[-123.8814488438455,49.11376921296344],[-123.87931542356507,49.11889210508961],[-123.88494901483854,49.120967192400705],[-123.88643556289517,49.12313914100764],[-123.88930662282492,49.12382769989449],[-123.88918374129541,49.11470739527732]]]]}},{"type":"Feature","properties":{"shapeName":"Kippase 2","shapeISO":"","shapeID":"43193130B70598927626158","shapeGroup":"CAN","shapeType":"ADM3"},"geometry":{"type":"Polygon","coordinates":[[[-127.40816770594576,50.69544769993333],[-127.41405009106215,50.695304251257106],[-127.41374808808192,50.69203735509739],[-127.40810487530857,50.69206882452476],[-127.40808910184195,50.69454904098262],[-127.40816770594576,50.69544769993333]]]}},{"type":"Feature","properties":{"shapeName":"Puckatholetchin 11","shapeISO":"","shapeID":"43193130B70668659581087","shapeGroup":"CAN","shapeType":"ADM3"},"geometry":{"type":"Polygon","coordinates":[[[-121.43582648381154,49.45761067621508],[-121.43835168950156,49.45762333628948],[-121.44071867662653,49.45558960291214],[-121.44179473149833,49.44089660089142],[-121.44180514896277,49.43236416859038],[-121.43623401250879,49.43293169274464],[-121.43409151395166,49.43656339856356],[-121.4303556978817,49.439535699178904],[-121.4272597970626,49.443027694208254],[-121.42742289426373,49.4575599303842],[-121.43582648381154,49.45761067621508]]]}},{"type":"Feature","properties":{"shapeName":"Sunshine Coast D","shapeISO":"","shapeID":"43193130B71023797992301","shapeGroup":"CAN","shapeType":"ADM3"},"geometry":{"type":"Polygon","coordinates":[[[-123.57285618811112,49.45560099504259],[-123.5729069667281,49.46098392505164],[-123.56610102168507,49.4609618406346],[-123.56612388601003,49.475362155950435],[-123.57978668159481,49.47538650905719],[-123.6214730892954,49.47602287646038],[-123.62800971186573,49.47592743117374],[-123.62853872793158,49.49036920264668],[-123.59855634073962,49.4908473398104],[-123.59901922432644,49.51405842517599],[-123.59959128972149,49.520586087593166],[-123.59740154961354,49.523315384161315],[-123.59352290269673,49.531596962563185],[-123.58962578612726,49.542911184659054],[-123.59067747274844,49.549917176678676],[-123.59211356626571,49.55275978369187],[-123.59479473255266,49.55488612232334],[-123.59379236723218,49.56737479239797],[-123.58955405879811,49.57550827138276],[-123.58652077941947,49.57898627790077],[-123.58169967907503,49.57949879618428],[-123.57859799215844,49.578201952737096],[-123.57229070866369,49.58071604832776],[-123.57075456400588,49.58331180812693],[-123.57308415500113,49.587789764586574],[-123.5726255219725,49.58955337690926],[-123.56899902409846,49.59241537393221],[-123.56844657713079,49.595362734806635],[-123.57482087180041,49.600185872500646],[-123.57371497018818,49.602929250628904],[-123.57471303077416,49.60792925140301],[-123.57834446649375,49.61096682119042],[-123.5938681839054,49.60721502256147],[-123.60257644633829,49.60598088345397],[-123.61033926524837,49.603621375589604],[-123.62121121187342,49.60138233537298],[-123.62715066531955,49.59973353126179],[-123.63958808736596,49.59515520650855],[-123.64410526037938,49.59282527753392],[-123.64620370702501,49.59080584517633],[-123.64610800259578,49.58842227800445],[-123.64010019663645,49.58205246851624],[-123.6404613688244,49.579591281863586],[-123.64477174163136,49.577016713755796],[-123.65516859278529,49.57491910333962],[-123.65819125055803,49.570258537266334],[-123.6625111042264,49.556525852792944],[-123.66363918522741,49.55186137009541],[-123.66916584920224,49.54645508380201],[-123.67483911092525,49.540211259749086],[-123.67896145004624,49.522580921294335],[-123.68106384412872,49.51188721337411],[-123.68208160825324,49.50031246558047],[-123.70755271203602,49.500191042343246],[-123.72448787269819,49.491073178422155],[-123.73547821918405,49.48718753835691],[-123.73548843154319,49.486297475101516],[-123.73554152822621,49.47163789626872],[-123.7351304915421,49.46721114444748],[-123.71963514100655,49.46794031052516],[-123.71969144669228,49.471094399623105],[-123.70880736110753,49.47127911542494],[-123.70868065961955,49.46793057562951],[-123.69971463985257,49.46806953280554],[-123.69935019835378,49.459994084337225],[-123.68827903417603,49.46018272121978],[-123.68805987733552,49.457506913465785],[-123.67554723352174,49.457845824106],[-123.67554830397883,49.45267375629537],[-123.68131169191474,49.45275277771034],[-123.68072839113988,49.44065949993681],[-123.6794749982591,49.43857741130033],[-123.68045243965717,49.434110483213395],[-123.67658440173685,49.43252149674401],[-123.67282319793007,49.429737185831875],[-123.66554999297128,49.42931989596405],[-123.66242699517562,49.42789850474275],[-123.65488639358372,49.42292229811703],[-123.64480398103332,49.41858989227575],[-123.63543769869509,49.419280594556206],[-123.63025059182037,49.41806719900294],[-123.62461879362242,49.415309894496254],[-123.612033314655,49.41208410084576],[-123.6057889895824,49.411074294805964],[-123.60192658581329,49.4097810915698],[-123.59868230652008,49.40714490038072],[-123.58528699353644,49.40275981487633],[-123.57765389161159,49.40306879883658],[-123.56997146026619,49.40211112194271],[-123.56908086661514,49.40571851328129],[-123.56259118500505,49.40594357220429],[-123.56281891078274,49.41069430735802],[-123.56411779547456,49.41304320738432],[-123.56371323555722,49.42450531450972],[-123.56496404636316,49.43068463084415],[-123.55728127078281,49.431261275972886],[-123.5574523196192,49.433628243072846],[-123.56311482197125,49.43361501885569],[-123.5636194856815,49.44050829936242],[-123.56694428684438,49.440802244233005],[-123.56696486007078,49.44825071088318],[-123.57600724286732,49.448211424092605],[-123.57598186305013,49.45021105854404],[-123.56773406543543,49.45033252398295],[-123.56742382797562,49.453780951053],[-123.57285636729722,49.453901292801476],[-123.57285618811112,49.45560099504259]]]}},{"type":"Feature","properties":{"shapeName":"Lillooet","shapeISO":"","shapeID":"43193130B71094824583428","shapeGroup":"CAN","shapeType":"ADM3"},"geometry":{"type":"Polygon","coordinates":[[[-121.91209683245333,50.71893669628494],[-121.91625747185722,50.718693382356456],[-121.92378389969744,50.727609207555574],[-121.92830057720802,50.73155429894076],[-121.93258326436252,50.73754662479577],[-121.93469146022045,50.73778522510039],[-121.93497423707322,50.7338578665152],[-121.93281114184757,50.73382237860096],[-121.93249722613102,50.72302290263185],[-121.93395506971274,50.72291828029765],[-121.93364121117712,50.70856561129067],[-121.92804281383916,50.70847084031306],[-121.92815197188152,50.70431122076864],[-121.93486782002087,50.70429244040522],[-121.9348082565467,50.69965522473088],[-121.94323970094172,50.69426171119698],[-121.9439509181067,50.69036933204076],[-121.94361266514863,50.68648026846574],[-121.9453498922348,50.68365523525572],[-121.94153371772529,50.68219295985262],[-121.94055388918551,50.67633638932365],[-121.93932433876041,50.675151660805106],[-121.93362801979058,50.67907621855412],[-121.92685562372652,50.6818052031093],[-121.92085620288529,50.67760769107346],[-121.9270025276101,50.67578756449406],[-121.9242186100226,50.671340795158876],[-121.92509938198205,50.66801236463988],[-121.92749214152248,50.665737930884],[-121.9327932223769,50.6658157642639],[-121.93288624046266,50.6671957740603],[-121.94585194495717,50.66764966918855],[-121.9456425880345,50.67228901355025],[-121.94908749277776,50.67077469006753],[-121.95454436259479,50.67057967029084],[-121.95520411353452,50.67185021476809],[-121.9648562473107,50.671857561184765],[-121.96510255084868,50.6732663602367],[-121.97935884443,50.67321217046693],[-121.97934697480035,50.67088969225935],[-121.99174539617518,50.670578887253626],[-121.99238578008654,50.66852823050811],[-121.9868665793699,50.66894176645921],[-121.98939310298148,50.664847254188],[-121.99084090406791,50.665198235297666],[-121.98877492480159,50.668476004300246],[-121.99129798212539,50.66501659235641],[-121.99465573607439,50.66643056088037],[-121.99815532161504,50.66601091457731],[-121.99753302043555,50.65896403195751],[-122.00062742816938,50.65895833717313],[-122.00042978690624,50.65566294101618],[-121.9793816414929,50.65461756460025],[-121.9790545082681,50.65982095282766],[-121.97618278201867,50.659791549582685],[-121.97616366945422,50.66320981254087],[-121.9699799835093,50.66328834800419],[-121.97003185867744,50.66691128957459],[-121.94650172379886,50.66667038927507],[-121.94549589419732,50.66196793869622],[-121.93415498834163,50.66180022215047],[-121.93390402404114,50.65454608631356],[-121.92283192968681,50.654308511568566],[-121.92361021350348,50.66388091216201],[-121.92144293942219,50.6653673671529],[-121.91712557791074,50.66598406120637],[-121.90588860114241,50.66422009142687],[-121.90279529340047,50.662540700309165],[-121.89056623913618,50.662474629800975],[-121.88657180873795,50.65204229721134],[-121.88480008988117,50.649456957745905],[-121.88038708720752,50.64857031481967],[-121.86503415063747,50.64860100655799],[-121.8647073751297,50.66253638821864],[-121.87603195749021,50.662639780471864],[-121.8755183440494,50.67694337896183],[-121.87791900263201,50.67699212553916],[-121.87777391778292,50.680600561302896],[-121.88354047126398,50.68070867085561],[-121.88180520819635,50.699834983152876],[-121.89880388166105,50.7005459977847],[-121.89840408785297,50.707692273592485],[-121.90388346053115,50.707857663110076],[-121.90434121489164,50.71465447186673],[-121.90352117480612,50.72013133344789],[-121.90596594312841,50.72031685054403],[-121.90599268646565,50.71841561817917],[-121.91209683245333,50.71893669628494]]]}},{"type":"Feature","properties":{"shapeName":"South Saanich 1","shapeISO":"","shapeID":"43193130B7119286927713","shapeGroup":"CAN","shapeType":"ADM3"},"geometry":{"type":"Polygon","coordinates":[[[-123.4658554302332,48.590503418150355],[-123.46683460563852,48.58669920060676],[-123.4659303014906,48.58280829669179],[-123.47028282047741,48.58125160573422],[-123.46987331790739,48.57975585277799],[-123.44120403060822,48.579714233289266],[-123.44435998387071,48.58142818204754],[-123.44370748973199,48.59071272401665],[-123.46197948649018,48.59070844415164],[-123.4658554302332,48.590503418150355]]]}},{"type":"Feature","properties":{"shapeName":"Squawkum Creek 3","shapeISO":"","shapeID":"43193130B71538038806801","shapeGroup":"CAN","shapeType":"ADM3"},"geometry":{"type":"Polygon","coordinates":[[[-122.01200385412216,49.230917238747516],[-122.00638124853867,49.23268317063951],[-122.0001683712952,49.23261598833162],[-121.99738049755454,49.23699835335811],[-121.99581717109946,49.24228316168952],[-121.98825406154357,49.2440571994635],[-121.98092135876257,49.24482400022431],[-121.98107034396124,49.24611610236367],[-122.00236236877814,49.2466449443258],[-122.00785460555718,49.24626971055862],[-122.00852236237512,49.23356538475259],[-122.01200385412216,49.230917238747516]]]}},{"type":"Feature","properties":{"shapeName":"White Rock","shapeISO":"","shapeID":"43193130B71654256145050","shapeGroup":"CAN","shapeType":"ADM3"},"geometry":{"type":"Polygon","coordinates":[[[-122.78876455788361,49.01586719878464],[-122.7888968156214,49.01656731316668],[-122.77926811411405,49.01656258949117],[-122.77917710355942,49.031065585379544],[-122.84541310847263,49.031227802959535],[-122.84552601826871,49.02454507937367],[-122.83231079825165,49.02536430746752],[-122.82610010308528,49.02531010877686],[-122.81599799145249,49.02381039466327],[-122.79714238996745,49.01846249908242],[-122.78876363365393,49.01580600570848],[-122.78876455788361,49.01586719878464]]]}},{"type":"Feature","properties":{"shapeName":"Homalco 9","shapeISO":"","shapeID":"43193130B71777413441135","shapeGroup":"CAN","shapeType":"ADM3"},"geometry":{"type":"Polygon","coordinates":[[[-125.24059671780653,49.95663669199339],[-125.25062860722734,49.95504203831799],[-125.24906810459434,49.94910721376162],[-125.23678432920262,49.950669852097185],[-125.24059671780653,49.95663669199339]]]}},{"type":"Feature","properties":{"shapeName":"Sayward","shapeISO":"","shapeID":"43193130B7195957121677","shapeGroup":"CAN","shapeType":"ADM3"},"geometry":{"type":"MultiPolygon","coordinates":[[[[-125.9344785295426,50.372648661726885],[-125.93762781731327,50.37250679940075],[-125.94335610858445,50.3752755034055],[-125.94561250560439,50.3774316850502],[-125.94822811772049,50.37808540729112],[-125.94955578856985,50.38023740265821],[-125.95663751030655,50.38165018543924],[-125.95807839034549,50.38334080301558],[-125.9575757969519,50.38723028980478],[-125.95893889214861,50.38856329433617],[-125.95902197542352,50.395108993676544],[-125.96199800406117,50.397672966284894],[-125.96222173841974,50.38623838704232],[-125.96601761852224,50.386093000691694],[-125.96590154123218,50.37826428884185],[-125.962585436878,50.37841416867115],[-125.96236336563958,50.3725837585607],[-125.9578893111371,50.372514217252174],[-125.9576490414142,50.36886399774107],[-125.95158482703918,50.36880714971421],[-125.95106303932171,50.35765095387198],[-125.9255012522812,50.357649999896154],[-125.92668970681392,50.35965709433114],[-125.9322512075535,50.3636096963328],[-125.9344785295426,50.372648661726885]]],[[[-125.94650760589974,50.38461540534701],[-125.94936089284934,50.383642709368665],[-125.9490510963123,50.380933914045904],[-125.94660609772022,50.379377207774304],[-125.94650760589974,50.38461540534701]]]]}},{"type":"Feature","properties":{"shapeName":"Prince Rupert","shapeISO":"","shapeID":"43193130B71960728034044","shapeGroup":"CAN","shapeType":"ADM3"},"geometry":{"type":"MultiPolygon","coordinates":[[[[-130.28730191339878,54.332492489186635],[-130.28972398380546,54.332673407911976],[-130.29813148613462,54.32909579759694],[-130.30562599499365,54.32397290597898],[-130.31461400531163,54.32128681137282],[-130.32459879856944,54.31722211141112],[-130.33126059109847,54.31402191182427],[-130.33928852001577,54.30892610563612],[-130.34980851392788,54.303434398036984],[-130.35293930053746,54.30054040091623],[-130.3523615915698,54.295512894997394],[-130.35607939957495,54.28945000720055],[-130.36012461041943,54.288658189619206],[-130.3606441746624,54.284814197600795],[-130.3583589310461,54.28310520239074],[-130.35997787923318,54.27669620275299],[-130.35969760390427,54.27475791046685],[-130.35267309378506,54.262882787006774],[-130.34736209138725,54.255347314473475],[-130.34256039760285,54.250700115908245],[-130.33799638367827,54.24490789348133],[-130.3359469023356,54.24127189999392],[-130.33219602426718,54.23916549864875],[-130.32988050694752,54.23636831187825],[-130.333915904199,54.23300719657545],[-130.33152888354726,54.2304008975316],[-130.33229658078133,54.22514269478851],[-130.3292983745224,54.22257769510993],[-130.32926571323407,54.220600902020685],[-130.32682599657616,54.21815700872883],[-130.32084440466548,54.21480580409041],[-130.3153890824732,54.21104589579792],[-130.3175266193283,54.20984530255535],[-130.316175412076,54.20590450011421],[-130.30831839220482,54.20230549061219],[-130.30235090891426,54.20708940347004],[-130.29991682441445,54.20769050165789],[-130.2986547923342,54.2119203866118],[-130.29490249722124,54.214018209463624],[-130.2979812965381,54.21636671152788],[-130.29837579594601,54.219608208882576],[-130.30075298784035,54.222080692837864],[-130.3025188094996,54.22604420426277],[-130.3075775164026,54.22693289504886],[-130.3131363734689,54.23142059727134],[-130.31261020920374,54.23421209208849],[-130.31516890024318,54.23600938878042],[-130.32038851109235,54.23654488589214],[-130.3180784233875,54.24065090038487],[-130.31016810312997,54.24719091192778],[-130.30654171253954,54.24706839982011],[-130.30247907915856,54.245746693220056],[-130.30242270369737,54.24883869213324],[-130.29801841129188,54.248320301740776],[-130.2953947997266,54.24932859968218],[-130.29484238744874,54.251815306239244],[-130.2970532073038,54.25766880609662],[-130.29166429285013,54.26115240897093],[-130.28399978679843,54.261035606411376],[-130.28437317919102,54.25920699825255],[-130.2777577234547,54.25474779676684],[-130.2762268903461,54.25687550414173],[-130.2721398201853,54.254824695284256],[-130.27079630905612,54.25651088548236],[-130.27371787791162,54.261180903001645],[-130.26938329791454,54.26203539001018],[-130.26456289706974,54.25747510607826],[-130.25966089183757,54.25481178735362],[-130.25681510572818,54.25716039595762],[-130.2563619155106,54.26090459937901],[-130.2588636911421,54.26245130282724],[-130.25916188422764,54.26466879537161],[-130.2617511994592,54.26746309038872],[-130.2597714050872,54.270540785934436],[-130.25755188052224,54.271776992259305],[-130.2571759888052,54.27711920834445],[-130.25894630747842,54.279752611062776],[-130.25830531759544,54.28343560688565],[-130.26102188092383,54.28485409633884],[-130.25728531418665,54.287742401431686],[-130.26161570774264,54.29118470535501],[-130.25859749172713,54.29296930426598],[-130.25314722258415,54.29765490523899],[-130.24826928511982,54.299512095845124],[-130.25553201927715,54.303301897459676],[-130.26015187633294,54.30312809853423],[-130.2599183100538,54.30858570017488],[-130.2554138087538,54.30857860101572],[-130.2545204313897,54.310013833725776],[-130.26343839847323,54.31563129845124],[-130.26563048847453,54.31793710826849],[-130.2711674015122,54.320935009851546],[-130.2706459152006,54.32250310706971],[-130.27656992288846,54.325632105349406],[-130.27769380678936,54.327651599378456],[-130.28186950822624,54.330357591676275],[-130.2850513973793,54.334297013753776],[-130.28730191339878,54.332492489186635]]],[[[-130.245406719135,54.38357635251475],[-130.24543810194464,54.37872661154486],[-130.24963308885967,54.379995601584874],[-130.25261661412785,54.37836490143091],[-130.2576809918183,54.3641911093196],[-130.25765372205177,54.3623040010728],[-130.2603240046047,54.36054230838821],[-130.26015607808205,54.358081297864516],[-130.26460990098897,54.35481698467767],[-130.26456732020878,54.35089760094592],[-130.27298479586653,54.34395169698444],[-130.2722717931132,54.34275540613349],[-130.27501799773574,54.34004790401622],[-130.27309491426112,54.33756840391968],[-130.2716503853249,54.33316190417633],[-130.2723594109449,54.32919969276463],[-130.26977230050446,54.32810310030706],[-130.26868158751134,54.32462800590574],[-130.26555088213243,54.32428340226817],[-130.26261969383648,54.32803469716616],[-130.25663696557402,54.32719085644555],[-130.25140007319393,54.326685994733694],[-130.247434903042,54.33189580434089],[-130.2428474061956,54.336833509521206],[-130.23976668570447,54.33716959878483],[-130.23629057880765,54.33954901858703],[-130.2361574331478,54.382648440705466],[-130.245406719135,54.38357635251475]]],[[[-130.25536722103854,54.324182202841165],[-130.26093560110505,54.325733197766354],[-130.2635285239006,54.32458240489511],[-130.26443231140516,54.321921996004775],[-130.26098930830582,54.31944960606679],[-130.25766702046297,54.320913700819204],[-130.25357047527964,54.31983189707731],[-130.25114196075432,54.31865624840869],[-130.23669611948063,54.31727163543231],[-130.23645232655502,54.32974874600793],[-130.24193461407052,54.32646100194583],[-130.2519705016229,54.324190806589954],[-130.25536722103854,54.324182202841165]]],[[[-130.28591884887297,54.23223301171128],[-130.28705370190843,54.23485578905974],[-130.28964421780302,54.23722860046683],[-130.28999119871702,54.23994878884598],[-130.2939846951966,54.24400490280236],[-130.3006897886662,54.24396790414656],[-130.30228769557218,54.2406438029905],[-130.29878140606627,54.234056796758274],[-130.29614700545991,54.23173958111172],[-130.2924080544274,54.23136418815291],[-130.28591884887297,54.23223301171128]]]]}},{"type":"Feature","properties":{"shapeName":"Princeton","shapeISO":"","shapeID":"43193130B72137506053286","shapeGroup":"CAN","shapeType":"ADM3"},"geometry":{"type":"MultiPolygon","coordinates":[[[[-120.53489907545364,49.38330442849604],[-120.54697181506242,49.38518048856353],[-120.54490539168899,49.38269550999584],[-120.54143505250742,49.381256369194126],[-120.55246356987502,49.37593404540414],[-120.5536021924213,49.371231320737515],[-120.54961070453241,49.370605487963005],[-120.54887010806496,49.36679929440878],[-120.5520606068449,49.36190097165579],[-120.55191162220133,49.35998457090581],[-120.55525464235087,49.359191381751906],[-120.55007938492209,49.35340611868565],[-120.56132306771703,49.35217347041562],[-120.56162007497203,49.34516916546912],[-120.5636526844758,49.34184990532758],[-120.56583987336809,49.34207227474708],[-120.56817024705975,49.33640456247203],[-120.5624972569533,49.335151532337875],[-120.56483024162185,49.33263413326939],[-120.56263610383661,49.3278911784698],[-120.54823906605365,49.32955205506252],[-120.54175979954762,49.32155421303764],[-120.54506349919441,49.32157989889183],[-120.54377565997075,49.31451064165608],[-120.5504832580865,49.30792105638069],[-120.55357886780702,49.3079333802245],[-120.55348828259575,49.3041904724453],[-120.54641438799335,49.30336000632745],[-120.54403257820402,49.28845135095319],[-120.54164101412516,49.28821880136509],[-120.53835269483201,49.28609248562224],[-120.53450588865977,49.285528707036626],[-120.53511194149915,49.28157566380621],[-120.53369349832015,49.27938534658638],[-120.53044484799003,49.27731044709366],[-120.52647072638761,49.27711901991385],[-120.52142212819295,49.279838425739726],[-120.50420657337506,49.277829335922334],[-120.50380605958084,49.28547652007533],[-120.4999719418899,49.28629286196675],[-120.5010558114808,49.29676938951273],[-120.50470827485596,49.296934302044164],[-120.50231747076138,49.30653051215233],[-120.50339304503682,49.30757609958739],[-120.50251772718111,49.310623674468225],[-120.50309161992323,49.316314264696345],[-120.50209598406526,49.31910554477202],[-120.49851093454001,49.32082908346086],[-120.49386011157951,49.321263874304016],[-120.49453034187836,49.32843916564806],[-120.49659667065902,49.32756502181939],[-120.50163446511738,49.328263924798414],[-120.50230303764714,49.33558806223617],[-120.49887711788067,49.33615290260359],[-120.48985458812898,49.33220546046739],[-120.48253785607226,49.331634209455544],[-120.4824721115794,49.334757317207114],[-120.49190317912526,49.34094035186297],[-120.49527519336993,49.34519483087604],[-120.49140937746213,49.34965053735592],[-120.48407266121605,49.35349308618725],[-120.47915348265693,49.35297842819612],[-120.47818467997917,49.35687783081682],[-120.48509676168472,49.35748279957936],[-120.48897207331625,49.362909331548735],[-120.46560253969498,49.359766908134176],[-120.46330628366775,49.37378688153659],[-120.49460348820465,49.37740560487365],[-120.49478272531704,49.38192386911413],[-120.49755902251016,49.38437314001885],[-120.49689460729559,49.38700916568112],[-120.52432045966701,49.390577122937515],[-120.52665319263775,49.38202210144506],[-120.53489907545364,49.38330442849604]]],[[[-120.48605372667187,49.48053966487763],[-120.48668721615368,49.48381441902125],[-120.5033168054546,49.484127421117265],[-120.5035486157463,49.47500363996372],[-120.50768550489485,49.475236656817316],[-120.51835812709598,49.46952774372106],[-120.52805279092972,49.4692947205865],[-120.52401642770354,49.46415740038328],[-120.52989649795141,49.46695598586993],[-120.53000372779655,49.469181285395514],[-120.5359089120514,49.46923723106319],[-120.53627745769812,49.46273956138559],[-120.54188898341775,49.4627331848749],[-120.54196960607851,49.455416026687985],[-120.53498989171779,49.45624600498593],[-120.53112069224298,49.45540850758534],[-120.53437907214337,49.453598655952625],[-120.53572096609997,49.451643068816985],[-120.53216104731032,49.447870128847974],[-120.52765650509298,49.44919697291811],[-120.52912479057186,49.44535559844276],[-120.53207339386502,49.44277479787953],[-120.52953183889578,49.44076778761131],[-120.52820252683296,49.44383325212964],[-120.52047861197433,49.447598190107655],[-120.51710969510921,49.450383902346125],[-120.50915391907066,49.45226820142528],[-120.50569479772787,49.45568479065594],[-120.50396849319297,49.45860021381739],[-120.49851210631182,49.46098239714269],[-120.49594228399862,49.460067672796676],[-120.49591328946671,49.4512916632128],[-120.49848797678443,49.449102375073664],[-120.49183076875734,49.44916346771423],[-120.49149905222853,49.453405731258414],[-120.48054973971465,49.45379345119136],[-120.47305119347405,49.457016954836995],[-120.47308091930249,49.4597719989198],[-120.47875191696832,49.462760527917844],[-120.48127859994892,49.4652613016091],[-120.48248049639852,49.469292393933586],[-120.48640960404879,49.46931480112718],[-120.48616053626749,49.473119984876874],[-120.48449520194113,49.473182004975385],[-120.4844664340737,49.47808902122386],[-120.48605372667187,49.48053966487763]]]]}},{"type":"Feature","properties":{"shapeName":"Penticton","shapeISO":"","shapeID":"43193130B72727318586229","shapeGroup":"CAN","shapeType":"ADM3"},"geometry":{"type":"Polygon","coordinates":[[[-119.53044456365345,49.504103986038736],[-119.530194690257,49.518097032931266],[-119.53254583979468,49.51942045971384],[-119.54136080140037,49.51925393004916],[-119.54205990952634,49.54061761769009],[-119.54734136108067,49.54093108972819],[-119.54751536056553,49.55560458586177],[-119.56712191007568,49.555565824674815],[-119.5825462980335,49.555268462146756],[-119.58070476920227,49.55178819586979],[-119.58145693682604,49.546555503186845],[-119.5798979920158,49.54059256059988],[-119.5816262287715,49.53792159205674],[-119.57939316353276,49.53501400816303],[-119.57526055235294,49.53373490774344],[-119.57406384812874,49.53029829060193],[-119.57735763208083,49.526978487793215],[-119.58078303232828,49.52493513919628],[-119.58560466459218,49.51501130290488],[-119.58545679671235,49.50952085740925],[-119.5875542998552,49.50829973729516],[-119.5942207728353,49.50758534210215],[-119.60105598909023,49.50523973705243],[-119.6103801724717,49.50544709632827],[-119.61366609729109,49.501305090687076],[-119.61581368979645,49.498583497482564],[-119.61705571235984,49.49520950644508],[-119.61601480991546,49.49173300041586],[-119.61287561411652,49.48905120059808],[-119.60040161560971,49.48171230128122],[-119.59838920957647,49.47966139878493],[-119.59482641038197,49.467146907266525],[-119.59624205501713,49.458660441985614],[-119.60020857933813,49.45781109054799],[-119.5988143716325,49.47521831131709],[-119.60316137710537,49.47474859809265],[-119.60425144421583,49.471766159847306],[-119.60816108779541,49.45461890107181],[-119.6050018935383,49.45197952364055],[-119.60066248215053,49.45260234656591],[-119.60022007862331,49.45709780352328],[-119.59693087743818,49.45716415078622],[-119.59160377772493,49.454713550507805],[-119.59407345737347,49.45247355768355],[-119.5974481015812,49.45242848596071],[-119.59780725258906,49.449437901664346],[-119.58668303596659,49.450754638774264],[-119.58749999236265,49.44617119601916],[-119.58368037662423,49.43920787056116],[-119.5828253793249,49.43453331334997],[-119.5838991594398,49.430052705626196],[-119.57912892021574,49.42362012880137],[-119.56797510080476,49.423796192981044],[-119.56866224343662,49.46085339924048],[-119.54926017705387,49.460794055282285],[-119.54840471995239,49.48273561366898],[-119.53954160965947,49.486944243461096],[-119.53690044613964,49.489115383419616],[-119.53603510655081,49.49612732150472],[-119.53500172284645,49.49676648152539],[-119.51558737106463,49.49663344310298],[-119.51508257126778,49.500654736943105],[-119.53061551518478,49.50053875233297],[-119.53044456365345,49.504103986038736]]]}},{"type":"Feature","properties":{"shapeName":"Osoyoos","shapeISO":"","shapeID":"43193130B72755640318905","shapeGroup":"CAN","shapeType":"ADM3"},"geometry":{"type":"Polygon","coordinates":[[[-119.44505997556915,49.036787358924016],[-119.4475186232606,49.036754585819246],[-119.44989797922207,49.03264994876683],[-119.45176105350822,49.030990329534426],[-119.45686190751171,49.02958055746483],[-119.45886363600046,49.03057702426766],[-119.4590292855599,49.03398588409986],[-119.46110306501986,49.03582158403428],[-119.46446384897446,49.04083683577962],[-119.46376792602153,49.04279096816199],[-119.46675655333078,49.044182453885014],[-119.47080023427877,49.0417763115403],[-119.4706632867449,49.040024397825974],[-119.476076505528,49.03721870901967],[-119.47858361400941,49.03740324036131],[-119.48009853537741,49.035233587231346],[-119.48383197518588,49.0336526073403],[-119.48850300322046,49.0382575912573],[-119.4938453953799,49.042003143088884],[-119.49706351162699,49.0393085179237],[-119.50563599885932,49.04436011335255],[-119.5015864514659,49.03619568504546],[-119.49697691547551,49.02835372149841],[-119.49368577305594,49.020855394893445],[-119.49624713930615,49.0179228151497],[-119.49014225595928,49.01018270661839],[-119.48892936865538,49.00736091247986],[-119.48392867426703,49.00582984138789],[-119.47537340705314,49.0067009576207],[-119.47780674859861,49.01511265818369],[-119.48083160220185,49.017018393180145],[-119.48022691030444,49.02368498105356],[-119.47473787220572,49.024217685769905],[-119.47400849230108,49.02247520735535],[-119.46622496335567,49.017352980143905],[-119.46444949486337,49.0127417985547],[-119.46183381153287,49.01327648671691],[-119.4596742024523,49.01669471352508],[-119.46148413010101,49.02124900209563],[-119.46553488330713,49.02360971714887],[-119.45957570893744,49.024669697769816],[-119.45908205563781,49.026025187580174],[-119.43996760621754,49.02047021087765],[-119.43910279837773,49.018625386431616],[-119.44283401498424,49.01063698934698],[-119.43769817718201,49.01029489592296],[-119.43507800868136,49.01117138745973],[-119.43229311641981,49.01480644393931],[-119.43318745268108,49.02081106564594],[-119.43907838075297,49.02384741457788],[-119.43517928779711,49.02990749876532],[-119.43701124092797,49.03632433948929],[-119.44505997556915,49.036787358924016]]]}},{"type":"Feature","properties":{"shapeName":"Nanaimo H","shapeISO":"","shapeID":"43193130B74233844601660","shapeGroup":"CAN","shapeType":"ADM3"},"geometry":{"type":"Polygon","coordinates":[[[-124.96813235765562,49.43338667777411],[-124.96799534352377,49.42848534575127],[-124.96588025330686,49.42671767532234],[-124.95963931942192,49.42758744190583],[-124.95339618867311,49.4271789422063],[-124.94738253676745,49.42065576678092],[-124.94207447334217,49.419715169056076],[-124.94110236723725,49.41605907131796],[-124.92954694838006,49.40959690468858],[-124.92766939208424,49.40427021357974],[-124.92947107084119,49.401222413344705],[-124.92416437028007,49.39900317302723],[-124.92322292706865,49.394423234844346],[-124.91598944571673,49.392558103551245],[-124.90958615692321,49.389093219476955],[-124.90384343851171,49.38932756342365],[-124.90054631844353,49.387161463090145],[-124.89991918446334,49.37953775622175],[-124.87271494457949,49.37782683588915],[-124.86938204005676,49.37361982810185],[-124.86940806705059,49.36774539445196],[-124.86354238099554,49.35939171503301],[-124.85428657969015,49.356821477686125],[-124.84431632212343,49.35182904980779],[-124.83752951947027,49.350225582465065],[-124.8348573831353,49.346817462340475],[-124.8316124058198,49.346610784534285],[-124.82777017027865,49.34486818926123],[-124.82593905890829,49.340618015134794],[-124.82207782866855,49.33965446714677],[-124.82142169755342,49.334695115973005],[-124.81586796904996,49.333947290177655],[-124.81491935870056,49.330255199789946],[-124.8100688395877,49.330260357479155],[-124.80932973177524,49.327948500561114],[-124.80167258450246,49.32718036924033],[-124.80059060673875,49.32212358179086],[-124.79480778631688,49.32215723850688],[-124.79461905038288,49.32543830924487],[-124.78389194511998,49.32545619777684],[-124.78372888033118,49.31645137947611],[-124.7740687448694,49.31642940681062],[-124.77428433161849,49.29845102882853],[-124.7717862032487,49.2981495201696],[-124.77159316459638,49.29239032508409],[-124.77070160592677,49.290449289956406],[-124.76504393358601,49.290425132936214],[-124.76495218547731,49.29387983475892],[-124.75912088108996,49.29403565692963],[-124.759144451797,49.300986381653374],[-124.75322533536739,49.30095743764291],[-124.75334548542516,49.28971030542955],[-124.74726258286579,49.289697723167485],[-124.74749300796256,49.27551340531147],[-124.74223289082593,49.27512796965195],[-124.71501556194706,49.27516096629731],[-124.71473399186253,49.27882297492497],[-124.70545371093665,49.278851080621045],[-124.70529235078334,49.2821740799274],[-124.6983546977816,49.28216950417541],[-124.69844012250098,49.27501612627295],[-124.6930827458842,49.27482243943709],[-124.69308871134487,49.26794491741676],[-124.68771813340616,49.267806924228516],[-124.68737863024339,49.284301011037336],[-124.68214876118083,49.284859464306265],[-124.68176096377192,49.2998937115859],[-124.68913903840716,49.30003864247234],[-124.68912310986333,49.30719945009301],[-124.69453745931162,49.30731451775842],[-124.6944071226629,49.32161050484118],[-124.68887481422816,49.321556870259194],[-124.68894709318299,49.31806626680887],[-124.6837683004528,49.31797096244514],[-124.6837715079874,49.31337298516456],[-124.67229329178427,49.31327791666795],[-124.67257727447077,49.299817866212976],[-124.6616428463219,49.29968695055545],[-124.661573835318,49.30144246536534],[-124.65611724813529,49.301414816703186],[-124.65588952377892,49.31547789972223],[-124.6612378904616,49.3158646925985],[-124.66129405922361,49.32130090371514],[-124.65566647049663,49.321437365692546],[-124.65556058172817,49.32504000338187],[-124.65020341906545,49.32505479057939],[-124.6498903599779,49.33049651329269],[-124.63871334475913,49.330546126515195],[-124.63835053353995,49.3360852471705],[-124.63574666340511,49.336124126523984],[-124.63547683078292,49.33970777269602],[-124.63117654338858,49.33969823921429],[-124.63113712594114,49.33807701979409],[-124.62020781780201,49.33800534648857],[-124.62009550128089,49.32705855317882],[-124.61470859461984,49.326853985560795],[-124.61493535950494,49.319882353296364],[-124.60952891648421,49.319515221331145],[-124.60986365361138,49.31234189991632],[-124.58359213986536,49.311458994252526],[-124.5832120951988,49.31833841109042],[-124.57215819830996,49.3188304275923],[-124.57207433263937,49.326411963952204],[-124.56703779123936,49.32654572720064],[-124.56709655888585,49.33017992728629],[-124.56548084842535,49.33198577972748],[-124.5670140893724,49.33416131084194],[-124.57227345856455,49.33460822234814],[-124.57204454651408,49.35280147702288],[-124.56670352173437,49.3519166871312],[-124.56638798029074,49.346489824333325],[-124.56258584839568,49.34569066960606],[-124.55295546327088,49.34526987112298],[-124.54436472369888,49.34409145514964],[-124.5417518360542,49.342150239800006],[-124.53596077389744,49.34446370859523],[-124.53548884362397,49.35041571300766],[-124.53065771900572,49.35335940420205],[-124.53055682689109,49.35916718570309],[-124.53556968575593,49.35901760968947],[-124.53586103818165,49.37547273643842],[-124.53863788576155,49.376534391832685],[-124.54137381199698,49.37596608996737],[-124.54982412494206,49.37830900283718],[-124.5578662146857,49.379451205028154],[-124.57002609336412,49.37974601082063],[-124.57350330241667,49.38030998512141],[-124.57993738617037,49.38248900123971],[-124.58611410030404,49.386417004718055],[-124.595025002871,49.390117096799884],[-124.60335479364426,49.39420008018198],[-124.62031598835132,49.39434735485938],[-124.61986603306396,49.40283307344307],[-124.62490319194927,49.402700004104524],[-124.62989629226418,49.40446460332812],[-124.63425600518691,49.40788408990719],[-124.63618392443445,49.41114980362123],[-124.63945299388227,49.419891612727575],[-124.6412782937178,49.42209631041116],[-124.65138999038821,49.42553289207384],[-124.65436219868067,49.42572370332666],[-124.66132638980736,49.43062591204006],[-124.66517762326365,49.43523030080367],[-124.67238799158635,49.43756460652895],[-124.67463559484328,49.439924491789235],[-124.68531939519308,49.44855809350706],[-124.69090668525753,49.4501760059158],[-124.69642489276616,49.45051779585235],[-124.70136920492463,49.45307281122252],[-124.70610538893163,49.45398289819737],[-124.70908461059015,49.456700288370165],[-124.71438919787671,49.45726001037892],[-124.72019820377618,49.45959430519645],[-124.72284469923586,49.465392199852346],[-124.725743410872,49.465034791570325],[-124.73175778845643,49.46060979284246],[-124.73333568293481,49.45761749560712],[-124.73728889981678,49.45584861066148],[-124.74469789648762,49.455854299831955],[-124.74579059970984,49.45161868903636],[-124.74835148870403,49.45150759872933],[-124.75122420428166,49.45502689672017],[-124.75666160158424,49.45569630746446],[-124.75675572750099,49.4406240347568],[-124.73345424562771,49.43957945148588],[-124.7334733088285,49.42708078891524],[-124.73380604990439,49.42160083255257],[-124.7335732023714,49.40474425030055],[-124.75991145570381,49.404861089677745],[-124.82314066031304,49.404898153696905],[-124.82324564743244,49.41943061882999],[-124.85656044441909,49.41962318847674],[-124.85673494164466,49.42582020900057],[-124.859291801032,49.425911806635895],[-124.85934462146962,49.43308701310442],[-124.90335082347019,49.43240278585328],[-124.9072435936001,49.431139926953016],[-124.9123854484497,49.42795379650052],[-124.92557910717765,49.43035249699038],[-124.93938007942339,49.43041128298436],[-124.94668331318714,49.43130979190892],[-124.94846486170997,49.433345496519074],[-124.96813235765562,49.43338667777411]]]}},{"type":"Feature","properties":{"shapeName":"Q'alatkÃº7em","shapeISO":"","shapeID":"43193130B74589218000783","shapeGroup":"CAN","shapeType":"ADM3"},"geometry":{"type":"Polygon","coordinates":[[[-122.54221234771094,50.04905744546801],[-122.53362187997004,50.04882166968478],[-122.53779918888499,50.054549201808534],[-122.54265936894252,50.054883017027436],[-122.54221234771094,50.04905744546801]]]}},{"type":"Feature","properties":{"shapeName":"Towinock 2","shapeISO":"","shapeID":"43193130B7481421788961","shapeGroup":"CAN","shapeType":"ADM3"},"geometry":{"type":"Polygon","coordinates":[[[-121.84695033435861,50.579574327957765],[-121.8464654575294,50.58684556966586],[-121.85135572151701,50.586566327808704],[-121.85127843169595,50.59170765784568],[-121.85716480440796,50.59182081612478],[-121.85798829055928,50.579597624671344],[-121.84695033435861,50.579574327957765]]]}},{"type":"Feature","properties":{"shapeName":"Esowista 3","shapeISO":"","shapeID":"43193130B74957897296367","shapeGroup":"CAN","shapeType":"ADM3"},"geometry":{"type":"Polygon","coordinates":[[[-125.77775649722847,49.07196492304522],[-125.78137491075634,49.072668917761774],[-125.78415244525698,49.0747946288515],[-125.78356211405469,49.069022005323546],[-125.78147178912553,49.071060003016676],[-125.77775649722847,49.07196492304522]]]}},{"type":"Feature","properties":{"shapeName":"Cowichan Valley A","shapeISO":"","shapeID":"43193130B75022337302158","shapeGroup":"CAN","shapeType":"ADM3"},"geometry":{"type":"Polygon","coordinates":[[[-123.55541703242844,48.53601535342206],[-123.55633218233669,48.539781490996255],[-123.55822361137301,48.54185088972762],[-123.55783549055694,48.54969831413034],[-123.55415568743571,48.553935296275334],[-123.5495560049779,48.55718679624683],[-123.53874079515529,48.5584157956632],[-123.53121109544746,48.56150071323364],[-123.52106619735237,48.56075579415786],[-123.5193114113508,48.56541439024442],[-123.51466949735388,48.567621896433835],[-123.51478288195436,48.57200280121872],[-123.51814179041273,48.575684400223416],[-123.51945569910069,48.57953829768085],[-123.52165849698926,48.58273991075726],[-123.52118331111475,48.59061439337091],[-123.52330208800919,48.59879929496381],[-123.52139361401451,48.601939703185174],[-123.52066950591907,48.606584011421596],[-123.51835499061939,48.61055972889238],[-123.53716651237679,48.61076843316979],[-123.53701406044107,48.63665448587385],[-123.54591868678126,48.6447200948063],[-123.55052251877511,48.64621829987695],[-123.5526297902575,48.64883459590683],[-123.5531357143592,48.65412269863284],[-123.55670930446334,48.65819878655957],[-123.55415640350941,48.65933531093786],[-123.55018778962031,48.65786129529323],[-123.54685019010128,48.65555551042903],[-123.54012820609479,48.65429220790001],[-123.53738059868091,48.65754369466457],[-123.53414330192183,48.659708495919716],[-123.53499189562577,48.66414910842303],[-123.53149129449754,48.6696708072599],[-123.5326208023594,48.67368710489998],[-123.53243434046826,48.67927407419529],[-123.56026439477948,48.679255389267816],[-123.56988172926104,48.680163018105816],[-123.57499670043427,48.67964079109996],[-123.5747721833492,48.67252674111106],[-123.58890592564359,48.67248260991701],[-123.58845389130313,48.65698489015551],[-123.58846949612737,48.649410281067944],[-123.58990483755328,48.626337145597574],[-123.58921461445107,48.61887900315591],[-123.55932897781328,48.61888684796399],[-123.55904211981014,48.611182839233045],[-123.5484829717393,48.61103519893802],[-123.54840880103802,48.600327017766475],[-123.56444397168652,48.60015206769989],[-123.56393530566828,48.57487713270773],[-123.57660804636869,48.57441646168997],[-123.58112481740994,48.57347533216061],[-123.58155910320627,48.567828245534386],[-123.58430986528293,48.56790713087403],[-123.58436662425467,48.56194967296575],[-123.57923997798177,48.559866726945856],[-123.57926329851978,48.535676638966684],[-123.5601131847641,48.535705693478086],[-123.55541703242844,48.53601535342206]]]}},{"type":"Feature","properties":{"shapeName":"Skeena-Queen Charlotte D","shapeISO":"","shapeID":"43193130B75129139790615","shapeGroup":"CAN","shapeType":"ADM3"},"geometry":{"type":"MultiPolygon","coordinates":[[[[-132.14322414872652,53.99997850941774],[-132.14236760560667,53.99766661253453],[-132.136099488916,53.99359619671796],[-132.13494868565581,53.98393010183021],[-132.13240678257006,53.980731305415254],[-132.12709608254352,53.976558399963245],[-132.12541579776132,53.97392930356099],[-132.1257219911384,53.97083451153826],[-132.12321550630054,53.96845458313687],[-132.12416420402187,53.96312660702263],[-132.12853490534417,53.955417400147205],[-132.12761599255236,53.949947003379386],[-132.12637908263162,53.94755289202004],[-132.12538261336175,53.94231319817393],[-132.12657958024747,53.940417594364014],[-132.12735782393008,53.93465530106671],[-132.12378668639548,53.928311800983685],[-132.11047120391098,53.921679291540585],[-132.10905561897644,53.919262393066035],[-132.10588651562995,53.91750490522454],[-132.1027752992983,53.91383330849192],[-132.0966257064342,53.908280312078865],[-132.0947686193557,53.90387530656337],[-132.09034219639136,53.902931011534],[-132.09004437838865,53.90064939845791],[-132.09151298642632,53.89792490893166],[-132.0891622063363,53.890799585713445],[-132.09035901039192,53.88673770229872],[-132.090783105748,53.88171310150743],[-132.09582141118278,53.873374406835126],[-132.09701611217133,53.87017560057271],[-132.10180569513741,53.86076868913443],[-132.10575509536866,53.8546872945098],[-132.10841890235125,53.8456151043849],[-132.1102072275173,53.84523630327392],[-132.1157482960846,53.84093660845083],[-132.12416319661187,53.835968990830814],[-132.12620259629063,53.83216920412856],[-132.13023811362945,53.829397698763024],[-132.13409021684504,53.823960002393314],[-132.13385837792342,53.821338098880126],[-132.12921481588484,53.815705306846375],[-132.12849360679965,53.80845038603756],[-132.129997308941,53.804898403745284],[-132.13219461460767,53.80321639098068],[-132.13322447961966,53.79790840408433],[-132.133294474973,53.791777197035074],[-132.1357517245669,53.78804149745012],[-132.13592879518097,53.77852350244475],[-132.13554051866788,53.76972039616561],[-132.13713508768308,53.76483111102705],[-132.1406226772704,53.7610569935387],[-132.14330810684777,53.75682420466312],[-132.14286988203034,53.7545739944364],[-132.1396006247028,53.75178960428787],[-132.1394328923476,53.74999660274101],[-132.1416671002263,53.74792719766731],[-132.1484103216495,53.7440149033025],[-132.15734500192838,53.740190888462415],[-132.1573195943457,53.735846997480884],[-132.16094909990346,53.73059170019628],[-132.15791590330505,53.72926151253332],[-132.15907250228466,53.72471259780459],[-132.159187203145,53.71198300641341],[-132.15380730577738,53.7079253902684],[-132.14936460688077,53.70619220528546],[-132.14760109398352,53.70358729029651],[-132.14234709961812,53.701043586772016],[-132.1412155036213,53.69851711277822],[-132.13707060291225,53.69708719674314],[-132.14086197736538,53.695010702621516],[-132.14373950086937,53.6952500114336],[-132.140403375508,53.69391684233736],[-132.13988557870925,53.68854111097349],[-132.15855327810232,53.688733407439734],[-132.15904824869364,53.684137880433425],[-132.16491615271156,53.683069011912565],[-132.17492381940835,53.68337015690523],[-132.1783532591227,53.68201564319364],[-132.18299991045697,53.681726019945785],[-132.18362254155318,53.67071117300154],[-132.17778467837542,53.67036767657053],[-132.1782271073711,53.66728790545277],[-132.191175730076,53.66689207685905],[-132.19150790185185,53.66570400760238],[-132.20135454141948,53.665422735668386],[-132.20124828351112,53.66175679715528],[-132.2000427117759,53.65893260613755],[-132.20586268408763,53.65815069011448],[-132.2088258975235,53.654524685917764],[-132.21798749029392,53.65653710203151],[-132.21791921102553,53.659637594807776],[-132.224568202676,53.66810880710355],[-132.22348400682148,53.67145569279148],[-132.23290557507818,53.66793359397256],[-132.24025437702437,53.66808459776112],[-132.2483440017492,53.66687689293605],[-132.25402519305567,53.66703491314645],[-132.2593557161676,53.66980930712579],[-132.26749679692338,53.67060681389514],[-132.27216505130622,53.67050730085592],[-132.2718874322662,53.667182453106385],[-132.30870679733786,53.666661595011746],[-132.30877494735444,53.676145000382476],[-132.31835679592183,53.67632510968213],[-132.3274251035346,53.672760290780445],[-132.3324726998541,53.67031059006926],[-132.34251628900157,53.67118218844575],[-132.34533971216155,53.6681685896418],[-132.3461877843652,53.66430329136279],[-132.34360731872238,53.662745198395335],[-132.34415478885995,53.660059192919555],[-132.34200648077808,53.65809659289225],[-132.3420875087065,53.65560851031751],[-132.3442730983943,53.652878313060704],[-132.34136259872773,53.6510338868859],[-132.33772729729046,53.65133870900811],[-132.33757772318373,53.64771269623461],[-132.33423410568938,53.64649639439899],[-132.33399132633588,53.64482719945956],[-132.32942879675593,53.64061591523013],[-132.32086249737554,53.64068558621705],[-132.31731111271344,53.63918590852589],[-132.31574979595692,53.63707381105285],[-132.31206031622324,53.63848379332484],[-132.30477238958125,53.63958759264221],[-132.29662449671358,53.638055100935766],[-132.28725362172366,53.63436220183065],[-132.2806101878203,53.63227849735195],[-132.28014038485577,53.630415692641634],[-132.28250342630972,53.62893160293286],[-132.2881255965494,53.629022792690655],[-132.29037060084622,53.629874490538946],[-132.29992841106525,53.63016219219818],[-132.30141958541418,53.63094260907082],[-132.30814812345034,53.628881796650056],[-132.31181300955748,53.62570148864975],[-132.31259318164106,53.6236677976596],[-132.3105044069738,53.621329190089845],[-132.3071470932806,53.62061280784626],[-132.30348360682788,53.62238038509869],[-132.3026415172163,53.624519404905335],[-132.29967830532638,53.62435709454411],[-132.2945145832388,53.61928970363434],[-132.29863199073992,53.61804930512171],[-132.30090909138588,53.61564549109165],[-132.2883078070742,53.61587914744054],[-132.28691401740275,53.601940638410916],[-132.29006770733344,53.60101129684784],[-132.30195107099846,53.60060931391455],[-132.33643407228496,53.60031391918202],[-132.33632265546217,53.61500139711128],[-132.32414275689206,53.6153158560218],[-132.32695329854488,53.617345698685924],[-132.33415029699728,53.61712778732263],[-132.33615191273816,53.61941218860444],[-132.3363212929995,53.622266299349064],[-132.34514708853624,53.62236319772153],[-132.34993547687125,53.621021598661045],[-132.3540391916219,53.62454789306847],[-132.3610114801373,53.62334299624603],[-132.36805880471246,53.620181301589234],[-132.3731260856017,53.6199335006411],[-132.3791782082499,53.616486905600674],[-132.38328730150894,53.61628889326068],[-132.38655838471666,53.614248000678955],[-132.39077170167874,53.617019595985724],[-132.3882384140524,53.619140200263075],[-132.38368408518514,53.62038069778376],[-132.38426482367436,53.62200289810537],[-132.3886707703478,53.621433196800155],[-132.3916205089213,53.6233771976118],[-132.3945515077896,53.62244291159011],[-132.39485802199135,53.61967140275413],[-132.3922446096392,53.6179324853744],[-132.39780170746235,53.61610241075374],[-132.3997594874237,53.617943890096356],[-132.40512969527907,53.61617209014893],[-132.40232542205044,53.60940290120273],[-132.40633460830506,53.60664989578804],[-132.41083090937653,53.6087790936179],[-132.41320849787905,53.611661688443704],[-132.42058499900222,53.608989887009116],[-132.42464750274252,53.61027309024626],[-132.4292934971641,53.60970768666177],[-132.4292957125955,53.608196595606685],[-132.43364088773768,53.608092601514564],[-132.42638419798882,53.61181121619377],[-132.4294033193143,53.61411559821876],[-132.44004099563043,53.61176280826398],[-132.44527849575763,53.606138595432164],[-132.44565160041174,53.60371028532499],[-132.44772609929367,53.60289990109123],[-132.44906959510453,53.59819010230932],[-132.4511841893304,53.594450093526916],[-132.45319458926022,53.59442159698149],[-132.45431759800437,53.590101989755446],[-132.4571517089706,53.589191911091454],[-132.46087689549577,53.583785589679934],[-132.46010929314008,53.579705312812536],[-132.46212920598595,53.578256791206165],[-132.4661146036486,53.5775589981323],[-132.4675618752,53.5755664990354],[-132.47434991194913,53.5729759094993],[-132.47699127680352,53.567160797455465],[-132.47952411173074,53.563959195396706],[-132.48377782283166,53.56403179569022],[-132.48568348739965,53.566777705893514],[-132.4852649798544,53.56924159379753],[-132.48304819154063,53.5707141888206],[-132.48604742350994,53.57414939840348],[-132.48370620884006,53.57643810545865],[-132.48787341551446,53.579501596825466],[-132.47915209581552,53.58286991458481],[-132.47444918348023,53.58395649527798],[-132.47396029200772,53.58859518918164],[-132.47261181609258,53.59170420359211],[-132.47442821055037,53.59291200493802],[-132.4716359849806,53.59895769098822],[-132.4716533824266,53.601178105677405],[-132.46956111299866,53.60634080287618],[-132.4655446012917,53.608260702968394],[-132.46489910003228,53.61019760917093],[-132.46133849394838,53.612127412933546],[-132.4620112980636,53.615756303661136],[-132.4590463955899,53.61829989931053],[-132.4534265014062,53.62020408328091],[-132.45085850623332,53.621901691873646],[-132.4409814230983,53.62644780495528],[-132.43446790526946,53.62610168570319],[-132.4296042008264,53.63123029289466],[-132.42169892255393,53.63559119639562],[-132.4165980939507,53.636847403011664],[-132.4085375886591,53.64124958993844],[-132.41092890500627,53.64323499702596],[-132.40677540276153,53.64579709602849],[-132.38525828448513,53.65727909515586],[-132.38163691675592,53.656857496488556],[-132.376334691934,53.659124894975534],[-132.36702377886647,53.66133809782017],[-132.36121420778557,53.66344879570694],[-132.3600129102802,53.66934789727745],[-132.3515875963365,53.67188580710524],[-132.35372989863285,53.675134402732624],[-132.3602324962512,53.67553889699452],[-132.36378159180128,53.67494208767891],[-132.37193168543578,53.67196550727779],[-132.37406740130214,53.674170213363425],[-132.38378920156097,53.672693289309876],[-132.39002958217404,53.670464400761496],[-132.4042073828615,53.669109996459994],[-132.4065446884582,53.66803620975195],[-132.41240128946322,53.66835230212453],[-132.41662790633373,53.67223758744544],[-132.41982168944963,53.672253192147174],[-132.42698667183154,53.667749895394465],[-132.43216118689656,53.66704209852167],[-132.43875839934088,53.67087029652741],[-132.4372775972895,53.67305081316572],[-132.4410534003287,53.67445220199225],[-132.4436464035698,53.67388818703386],[-132.4501125032049,53.66686830418815],[-132.44941378949025,53.663391790558414],[-132.45763938268826,53.66006059086001],[-132.46298439904152,53.659275806744674],[-132.46713318893927,53.657484205544606],[-132.47151231276465,53.65915908973425],[-132.47574090597905,53.65931999802646],[-132.47818229017324,53.65724059932281],[-132.47828669543082,53.655238203907444],[-132.4844683093295,53.652077908624086],[-132.48669828533076,53.649417496383826],[-132.4895442252979,53.64866830355881],[-132.49878969843667,53.64076109250511],[-132.502384993031,53.63931700684506],[-132.5049662146999,53.63660100677901],[-132.5053620065502,53.634245389105445],[-132.50838352464052,53.633274103765054],[-132.50995660735592,53.631247386726926],[-132.51534400704585,53.631970910599776],[-132.5161051906929,53.6352422953435],[-132.50037148433447,53.641118596347546],[-132.50123317947194,53.64266390381129],[-132.50869010081735,53.64118409780359],[-132.51117790276058,53.645955202867455],[-132.5074024006979,53.64838490627029],[-132.5083644787376,53.65208359574764],[-132.50551250266415,53.65730188250993],[-132.51149339446687,53.65572668772432],[-132.51701281983807,53.65709110033379],[-132.5211275861522,53.65327420985588],[-132.52588591182467,53.65447909121096],[-132.52938978532006,53.65069359528698],[-132.53894989174157,53.647410791027504],[-132.53855581440067,53.650801805935174],[-132.54209457552312,53.656834696544486],[-132.54458412761397,53.65772200197766],[-132.54524879434183,53.66112590944543],[-132.5438059932083,53.66382049805889],[-132.53980757546438,53.667748495077305],[-132.53669371901748,53.668430700457534],[-132.53243108203336,53.671687793251145],[-132.53477860490767,53.67452339489633],[-132.53695249090015,53.67465730233262],[-132.54123368496417,53.67288420556685],[-132.5446326994607,53.673827001811404],[-132.5509906045334,53.67177189814657],[-132.5527614771095,53.66602659342201],[-132.54908689577937,53.66622170411428],[-132.55132420683842,53.6594794987398],[-132.56502827612235,53.656512900603225],[-132.57109611843438,53.65784169554306],[-132.56811829283336,53.66170980955737],[-132.56084169702478,53.66293749983629],[-132.5595026187848,53.6649143045457],[-132.55573119163242,53.66571898956274],[-132.55589782816287,53.66910290270172],[-132.5609550100885,53.668865105274804],[-132.5636252041065,53.66769579744795],[-132.56897560864323,53.66704919983936],[-132.57410840207436,53.664690704304945],[-132.57858408157665,53.66055479420721],[-132.58000488157552,53.65688029460077],[-132.5831046023184,53.6558989860573],[-132.58715490507709,53.650684993887],[-132.5909816949338,53.65044858818639],[-132.5939559797514,53.64816990183475],[-132.59373489552615,53.646214416033544],[-132.5892785828706,53.64610760125205],[-132.5911527041808,53.64083088991783],[-132.5934168849525,53.64119119151852],[-132.59771541000515,53.63556848900608],[-132.60121270499747,53.634722489473454],[-132.6059209788246,53.63784579624503],[-132.60220580161044,53.64043360920225],[-132.60266070883293,53.643588190391775],[-132.5994999792087,53.64809300044884],[-132.6010443994748,53.6504613894067],[-132.5985206006367,53.655481706065125],[-132.59593499913134,53.65676919264037],[-132.59450710976495,53.66004060988456],[-132.58810291275628,53.66561219770912],[-132.5852416840175,53.66985199387462],[-132.5881198925631,53.67302940983303],[-132.58728992126987,53.67483820085107],[-132.59109418994174,53.67712549719521],[-132.5927547177721,53.67963210730926],[-132.5977229875846,53.68094520387489],[-132.6027170861116,53.683400505794374],[-132.6047583027922,53.68532041364485],[-132.60983961181444,53.685458508590386],[-132.61471861228713,53.687560603708654],[-132.61648239843925,53.68691261141246],[-132.62143569354765,53.68821578624281],[-132.6261442987759,53.68611509756268],[-132.63611690149617,53.686519512745484],[-132.64076190563006,53.68608089485062],[-132.65381858720983,53.681725691590024],[-132.65601600557116,53.68193931130957],[-132.66312669540093,53.677447314039156],[-132.6625607970641,53.67317469646158],[-132.6661292041419,53.67079058103465],[-132.6683634936768,53.66570899102594],[-132.6747475974796,53.65999929208744],[-132.67644690345642,53.653036385817686],[-132.68136299002572,53.65421139851703],[-132.6841887940042,53.65811371095055],[-132.68095070437158,53.66115298412781],[-132.6803342850629,53.66493570154306],[-132.67658979122314,53.666668898116185],[-132.67250489616072,53.671022711397285],[-132.67302819201464,53.67635499848394],[-132.67145399059856,53.680486606365115],[-132.66843321851508,53.68144369400452],[-132.66720881309755,53.6844145996967],[-132.66025258398378,53.689681301061135],[-132.65682778049765,53.689426391732304],[-132.64214798973305,53.69271631228097],[-132.63517380216837,53.69362210386667],[-132.63020448832822,53.69255249733421],[-132.62793860898853,53.69434130627645],[-132.62385200063878,53.695070498730516],[-132.616170416372,53.694314205226775],[-132.60665549954882,53.6945748838772],[-132.60236561255428,53.6930495065879],[-132.60126608448908,53.694781402792024],[-132.5971383058949,53.695192982582455],[-132.58701570674742,53.69390978887873],[-132.57885220409466,53.69020399686314],[-132.57427619250532,53.68890650926458],[-132.5661236212364,53.68870429637105],[-132.56040648867835,53.68908309685917],[-132.5513411110112,53.69154130305555],[-132.5469978940959,53.690678190977906],[-132.54663600602797,53.69431279564493],[-132.54180591581755,53.69530979249966],[-132.53731489344398,53.69750161214233],[-132.5268767184548,53.696990300945124],[-132.51684920811334,53.69873358609444],[-132.51409439868155,53.69971911257789],[-132.50608098062773,53.70045119463567],[-132.50191271335464,53.70228840090254],[-132.4985565235024,53.70243510347315],[-132.49394109595303,53.70486479205533],[-132.4862144884232,53.70483771012092],[-132.4829233021177,53.70259178386768],[-132.47591910785337,53.70495310686724],[-132.46676881339855,53.71070260894982],[-132.4607183840329,53.71378460219634],[-132.45644558716447,53.714530890448934],[-132.4532734194605,53.71734939487177],[-132.44409539471988,53.71824100995855],[-132.44050548898284,53.717184208437025],[-132.43880962010726,53.71891029341578],[-132.43183240046517,53.722223085239435],[-132.42873161970755,53.72506009464773],[-132.4274277972749,53.727568092663155],[-132.42525760601418,53.728104990122034],[-132.42382799576177,53.73161709334617],[-132.41489288551864,53.73640529127316],[-132.40888080150245,53.7456355911354],[-132.39999798845432,53.74824760213465],[-132.39374911992545,53.749191895491236],[-132.38820790770478,53.753161109114785],[-132.37467649994423,53.75438598702066],[-132.36631187629544,53.757618900572446],[-132.35863470598522,53.758564597069444],[-132.35338038214914,53.75624600330291],[-132.35055010626235,53.7537194014099],[-132.34602199394928,53.75432048977763],[-132.33919390709735,53.75362119364624],[-132.32963280509665,53.75558370979332],[-132.32358458169352,53.755260393288744],[-132.31988477879818,53.75735259944277],[-132.31677288517517,53.75691540412792],[-132.30524359890927,53.760890307013526],[-132.3005213124962,53.7630865054816],[-132.29518419965518,53.762767384149555],[-132.29267448217772,53.761677895810585],[-132.2928055144268,53.75896479173535],[-132.2874462039721,53.759239703118354],[-132.28231068162304,53.76099290494471],[-132.2817555966063,53.763218904481214],[-132.27793931714876,53.76429279418872],[-132.2697174028207,53.76398801325698],[-132.2596421117026,53.76467588725184],[-132.25498069965403,53.76912799266495],[-132.25342269337682,53.772796699494435],[-132.24994219300018,53.77634019058933],[-132.2456691101466,53.778301298490156],[-132.2244605912149,53.78337719698092],[-132.2229669999464,53.78439410883187],[-132.21636981455288,53.797575096940385],[-132.20969250939734,53.80505361078326],[-132.20621649997508,53.807526097426276],[-132.20697438401808,53.810511194048],[-132.2035335729968,53.81516979509986],[-132.19763380652773,53.81750409562713],[-132.1925970067404,53.81807088913395],[-132.1850722771552,53.81995230055687],[-132.17867999906548,53.823263603161834],[-132.172357682658,53.825291698404115],[-132.16927240636616,53.82530868561267],[-132.16404971916174,53.82814289474523],[-132.15267251354223,53.83186579370679],[-132.14469009569893,53.838590899302304],[-132.13816719785996,53.84105198453599],[-132.13482749398466,53.84142938913265],[-132.12791910769917,53.843719492121956],[-132.12548168765863,53.84978379881605],[-132.12330010653832,53.851638083944785],[-132.1165311956834,53.8611960000083],[-132.11358228562517,53.86713069477069],[-132.11106981029948,53.868922304152825],[-132.1075646219871,53.875617496330264],[-132.1079038964096,53.878646788827155],[-132.10564800263458,53.88111921177958],[-132.10690110696268,53.88830721082347],[-132.1094828918045,53.89014020738574],[-132.11131789644236,53.893106793373825],[-132.1152436879904,53.8971045931383],[-132.12025427856122,53.90503740247034],[-132.12564089574286,53.9099679932611],[-132.12724681491858,53.910529198662175],[-132.13113358358865,53.914919997553554],[-132.135460311709,53.918241291272196],[-132.1399061076246,53.91895909004745],[-132.14529458864212,53.9229994905531],[-132.14914718831338,53.92772929869618],[-132.15278240091396,53.9307116049104],[-132.1546402986909,53.934766393914806],[-132.15474170103136,53.93776290799766],[-132.15276337507112,53.94130350106297],[-132.15045929480894,53.94332590986671],[-132.14618492223127,53.951486601177756],[-132.14588231314778,53.9581247877851],[-132.14674320391174,53.96092338723317],[-132.14439069362436,53.96633400515957],[-132.1462688056544,53.97253780357711],[-132.1510934940292,53.97895531614723],[-132.15280439660367,53.980030585366116],[-132.15315528355492,53.986072094618535],[-132.161173193674,53.99019939297875],[-132.1625388079414,53.99256079582057],[-132.1680872107261,53.9964502932454],[-132.16879980885258,53.998768888784305],[-132.17201269949078,54.00000370452037],[-132.1752536074969,54.003972986391155],[-132.17855542127748,54.01203539614878],[-132.1764754817019,54.0152412967019],[-132.17816879657042,54.01660288948874],[-132.18801510112607,54.0197917018897],[-132.19672600366135,54.019455486516335],[-132.20413219047103,54.02081570174998],[-132.20346049831534,54.02420670622431],[-132.2085930003939,54.02350879348377],[-132.21688101543282,54.02334079757252],[-132.22337489895406,54.024183900225665],[-132.23525719980148,54.02737128300265],[-132.2398676938908,54.029446410892845],[-132.24360959541937,54.03245429268169],[-132.24793468850584,54.034737302098826],[-132.25049889862424,54.039598094438375],[-132.24587210346408,54.043520390790256],[-132.2434984105691,54.04683738755072],[-132.24357809135816,54.0520898922086],[-132.24269057532825,54.05557630030923],[-132.2374591868072,54.059088390614264],[-132.23891819185667,54.061513900910285],[-132.23717001032549,54.06619379524554],[-132.23827879465827,54.069527895408754],[-132.24041679726773,54.07001781245639],[-132.24405871569792,54.07296879419689],[-132.24282411908638,54.07568329258322],[-132.24407739755,54.07684409973595],[-132.24926890097802,54.07647798268809],[-132.25335690165605,54.07963689473677],[-132.25518911853192,54.07873539435412],[-132.26264752470468,54.07741230346972],[-132.26446531012888,54.07882090749039],[-132.2661166126553,54.08439660303412],[-132.26480020740144,54.089293095807726],[-132.26595348050895,54.092934793393106],[-132.26853777566467,54.094781997328205],[-132.26929079017935,54.098000694610356],[-132.27294251408435,54.09758909870799],[-132.27956968610866,54.1007949998814],[-132.28356129744625,54.100121285134],[-132.28867250332164,54.10385128505246],[-132.29070651790508,54.10644199805626],[-132.29642459445975,54.107191093832455],[-132.29775888418845,54.1059890924497],[-132.301960092784,54.10936450641695],[-132.30666541455764,54.109002700744696],[-132.31245979979616,54.111703000395636],[-132.31402152238826,54.113581501607705],[-132.32112432758763,54.11401880074915],[-132.3213677876826,54.110482497581245],[-132.32467711729132,54.109674892317955],[-132.33216351028295,54.11011080062501],[-132.34413740821745,54.10685070502735],[-132.34854140627704,54.1071284854615],[-132.35322498322242,54.109254795663425],[-132.354939210177,54.107807806007536],[-132.3610790762875,54.109210594065765],[-132.36420689712753,54.10669981043956],[-132.37208790206304,54.106664208221886],[-132.37476939286694,54.10587801137173],[-132.37921051884473,54.10242430380038],[-132.38818540262767,54.10273619278482],[-132.3900221896236,54.10077929733099],[-132.39597559420318,54.101700806623356],[-132.40347591364593,54.100145608947976],[-132.41105542711438,54.10003870342939],[-132.41625750516837,54.101733500474865],[-132.42337879737238,54.09939500628907],[-132.4334171085705,54.10032070784399],[-132.4376828099964,54.09862159844999],[-132.43889779571535,54.09654370093915],[-132.437389892955,54.094713606463884],[-132.4327961932116,54.09478628810433],[-132.4291535893478,54.09233520860291],[-132.43085789871276,54.088307487270804],[-132.43315728999352,54.08599319709122],[-132.43588879221332,54.08606009081831],[-132.4384091053213,54.088576685317534],[-132.44336960997785,54.08851119776306],[-132.4459273803641,54.08621109255541],[-132.44746319078726,54.08286281053869],[-132.45134690218276,54.08285570732753],[-132.45566182432228,54.08054559679815],[-132.45589510478544,54.0782498112702],[-132.46033528082032,54.07739100172557],[-132.46595701785344,54.0749741047367],[-132.46959398408595,54.07245180682124],[-132.47180630697233,54.06950509565701],[-132.47603019082783,54.06769640011496],[-132.48431530835182,54.06565829067412],[-132.4986937007998,54.06367440488557],[-132.508549787474,54.06267460402794],[-132.5161833965234,54.06126888897904],[-132.52283307083255,54.06152239725428],[-132.52690098492798,54.059403205325815],[-132.52553558472746,54.057946203419384],[-132.52630281421307,54.05404250628701],[-132.53550831637742,54.0510758058209],[-132.54467120772603,54.0503823051887],[-132.55167282087962,54.04590310535915],[-132.56090879361568,54.04236970102551],[-132.56614528128185,54.041899700184466],[-132.56837729960202,54.04082149398076],[-132.56386028852273,54.03892309326211],[-132.56465500509725,54.031836199916654],[-132.56643658575885,54.028006501600224],[-132.56410590518175,54.02401298259468],[-132.56905160063468,54.02087690184116],[-132.57148579763674,54.01817519644198],[-132.57743890371316,54.014248605993735],[-132.5817496905023,54.010695204677575],[-132.58016210467255,54.007039282330794],[-132.57588991048283,54.01250969760321],[-132.5700041199709,54.016850702045225],[-132.56676300828852,54.01483399527785],[-132.57030308524728,54.01253249132156],[-132.57150872006,54.010165405255016],[-132.56531730998438,54.007701603275954],[-132.561940618382,54.00751640017953],[-132.55588870140227,54.00347449625826],[-132.56124060838357,53.99992388885898],[-132.56189999847842,53.99853389079731],[-132.5682246069523,53.99606429404709],[-132.57433268644684,53.99205229235574],[-132.58309908283098,53.98848900553572],[-132.5892147020438,53.98374780297501],[-132.5908316040631,53.977945498243784],[-132.59405678989512,53.97728190662062],[-132.600374898711,53.97246381248984],[-132.60169959570456,53.973029203853585],[-132.60352558591202,53.97761510643707],[-132.61007488347974,53.97587619423976],[-132.61370398919078,53.97402329837474],[-132.62029218686664,53.971879788715654],[-132.62272731637773,53.96930339143877],[-132.62831250952541,53.96625849577054],[-132.6275518905829,53.96490410710493],[-132.6404093853092,53.96293579194153],[-132.64428141728197,53.96133929959502],[-132.64255860495234,53.95808778757357],[-132.64433710281,53.95572220724719],[-132.64799871492866,53.95378950165449],[-132.6549389982999,53.95208189059466],[-132.6614117130508,53.948917291287714],[-132.66429849167807,53.94662719125529],[-132.66875150038584,53.94792750638568],[-132.67314559405412,53.94536958607739],[-132.67312112363285,53.95072749652495],[-132.67063871303952,53.95151509498676],[-132.67856439560853,53.957295891561536],[-132.67957259804476,53.95889818702817],[-132.6749406834934,53.95994210673557],[-132.67307419952152,53.961416193539584],[-132.6647077049622,53.96302408511527],[-132.66072268330342,53.96581410278169],[-132.66532930450788,53.96853009983323],[-132.66526452161685,53.97267309693162],[-132.67103362208346,53.97450179678121],[-132.6693736114856,53.976924410264616],[-132.67904990684318,53.97653559385562],[-132.68647670143625,53.97293941251489],[-132.6891004865406,53.97322429364008],[-132.69106470499443,53.97740579747148],[-132.6831148812323,53.98240469695913],[-132.67411978176963,53.985341497100926],[-132.67052540494598,53.98743790486564],[-132.66494889794967,53.98842628626692],[-132.66237469203898,53.98968960345528],[-132.66312141852546,53.9932643005571],[-132.65706817434832,53.99590619885192],[-132.6552849099519,53.99939559628165],[-132.65192671053003,54.002413489136124],[-132.6479562876112,54.00272249861915],[-132.64181527930427,54.005775996834366],[-132.6345827910952,54.01169220304837],[-132.63400810030421,54.0140279060322],[-132.6302912030393,54.01522278322817],[-132.6276744140347,54.01212229628574],[-132.622998099709,54.01300098448842],[-132.6035796965726,54.019421400567275],[-132.59812211173397,54.022459204394146],[-132.59098911201212,54.024599807585055],[-132.58710311165132,54.02791109784519],[-132.5857840922354,54.03010580621475],[-132.584614406429,54.03660870880858],[-132.58099159909744,54.03901708899089],[-132.57981789310054,54.043165815035195],[-132.5774332835917,54.046083997352525],[-132.57849080844824,54.04812771020623],[-132.57276589791707,54.04858769455707],[-132.56804739974498,54.048016604389495],[-132.56646070829552,54.05269518673597],[-132.57383130842206,54.057312489861275],[-132.5778609768552,54.06235559853446],[-132.58232149233686,54.06610548857931],[-132.58422188170445,54.06864199376949],[-132.58469939848743,54.07226669944798],[-132.58154460385674,54.07788520641003],[-132.5780012097868,54.08147270335218],[-132.57474709375717,54.082764502786326],[-132.5711126058253,54.08606298941533],[-132.5723715011909,54.087831799974616],[-132.57101230690878,54.090915292221894],[-132.57204701152153,54.09338060297365],[-132.57733629378617,54.09656220307218],[-132.5776183986001,54.098294092485965],[-132.5835631950804,54.10180329055705],[-132.58644560852056,54.10115960942514],[-132.5899874156196,54.103667604146224],[-132.59016479243854,54.10506480978521],[-132.58547248301628,54.10816239173543],[-132.58818989371676,54.10986149815655],[-132.58520849329926,54.11377519856972],[-132.58240687973293,54.119840900595136],[-132.58429981161242,54.12121960471725],[-132.59466920721817,54.12241588672867],[-132.59618171771587,54.12350690296789],[-132.60798100729775,54.126178683239985],[-132.61633890996302,54.12883479407155],[-132.61800890533988,54.130952605354715],[-132.61593721243568,54.132090599427286],[-132.61951578834905,54.13401328891302],[-132.62473460286463,54.13190398505225],[-132.62743861415098,54.133620198873565],[-132.6324898877631,54.13441200617308],[-132.6371198994946,54.139403913922436],[-132.639737593733,54.13941811163339],[-132.64264887913723,54.14155299599382],[-132.64555418766264,54.14135790816837],[-132.6503880127937,54.14359109600529],[-132.65674421412444,54.144119400893544],[-132.65828938137605,54.145498098399905],[-132.65667202487597,54.15026780035726],[-132.6612414978172,54.15342238608237],[-132.66888660350986,54.153670186694924],[-132.6724403007052,54.15035750522627],[-132.6810526982729,54.15055969714933],[-132.68252788779066,54.14882651087595],[-132.68660940341655,54.147026290912216],[-132.69177127816835,54.14725980058955],[-132.6976570055848,54.14578150731668],[-132.70081830386877,54.14761299226704],[-132.70538279012794,54.14816850474337],[-132.708828676324,54.14730819366166],[-132.7099269953503,54.14403831710676],[-132.71828910294744,54.141527400864746],[-132.72416242693953,54.141647002867344],[-132.72722558981573,54.14050909551627],[-132.73624000022087,54.140023384657795],[-132.74374207709266,54.13663949403388],[-132.75885599333722,54.13854941525385],[-132.75912998742777,54.13518399760345],[-132.7635740140064,54.13256060680656],[-132.768848303281,54.13183989866115],[-132.7781370068525,54.131858391113816],[-132.78460091962143,54.132661696425224],[-132.79317810928634,54.13227998749493],[-132.79902010216892,54.13411300232624],[-132.8026358137884,54.13177869602716],[-132.80219369965224,54.12767120133797],[-132.80534051079437,54.12837619574414],[-132.81530020196803,54.127020399033746],[-132.82025750367478,54.12735219336017],[-132.83606979896058,54.131710285904276],[-132.83944078886276,54.13165329623422],[-132.8400959825334,54.13375120551098],[-132.84854590545893,54.13702258730041],[-132.85230918762088,54.13646860671538],[-132.85650109953886,54.13740711214773],[-132.85974671358736,54.13625068803491],[-132.8659404985969,54.13637031056667],[-132.8662976775166,54.137751801983995],[-132.8704499243898,54.139146098479046],[-132.8745326900924,54.14197890392931],[-132.88044731116378,54.14307119793255],[-132.88321699858506,54.14578148736212],[-132.88691229582312,54.14540550488429],[-132.89219129009376,54.14846468968202],[-132.89230279357432,54.150804702529875],[-132.89768781188332,54.14821120551527],[-132.9068289961763,54.14824398956939],[-132.91147522025727,54.14716580228055],[-132.9175025134718,54.1482040913299],[-132.92061380074887,54.15093710149529],[-132.9259321818387,54.15328569121698],[-132.92543207669547,54.15592900196194],[-132.93170139980418,54.157042713163555],[-132.9320648731516,54.160537696496725],[-132.9307645073113,54.16231371131657],[-132.93471729534235,54.162947505363036],[-132.93683741328408,54.16618330891244],[-132.9400107724542,54.16584289729244],[-132.94222160892406,54.167570506212996],[-132.9430269783213,54.170182493423276],[-132.94800141889678,54.16752489312786],[-132.95614170757827,54.16520910576914],[-132.9596278026229,54.165700496464076],[-132.962733700568,54.167613193181396],[-132.96725121424834,54.16891209727048],[-132.97463051275525,54.16652939159988],[-132.97928850796666,54.16558230288836],[-132.98773548176345,54.167036404304426],[-132.98776139535693,54.16932940910227],[-132.98992098095997,54.17122639561211],[-132.99475848014708,54.17288850471212],[-132.99957028542283,54.17255519513119],[-133.00417282205055,54.17340549700715],[-133.00847297942354,54.175444895555415],[-133.0161569099287,54.175580187913695],[-133.02176990974704,54.17837028849756],[-133.02592161194738,54.18421810195347],[-133.03962680049926,54.18477488431327],[-133.0474700002749,54.18356289141505],[-133.0497980946903,54.18097509900028],[-133.05221880850183,54.182318186070034],[-133.06116701376118,54.180053707236965],[-133.07234802170973,54.1805107961255],[-133.07362899735554,54.18128698757151],[-133.08350990915568,54.18335070889654],[-133.0867991803208,54.182818101537094],[-133.0854381132064,54.180755791520255],[-133.08806381310288,54.17666259702234],[-133.08428660311424,54.176189785002045],[-133.08706070790186,54.171172311287116],[-133.0852535979908,54.170522897329576],[-133.0741547984777,54.171640896313384],[-133.07474857397875,54.17335849620509],[-133.0720847971214,54.17495219163428],[-133.0677426303083,54.17508030145636],[-133.06455808729635,54.173725894398515],[-133.05723261344556,54.17311348819152],[-133.05291808900256,54.1762169041231],[-133.04298719327375,54.17624391039624],[-133.0404104837448,54.17563580022331],[-133.0364813948806,54.17286570957923],[-133.03068090372759,54.172744609005385],[-133.03203470841552,54.17037620208386],[-133.03167480921778,54.1673226907138],[-133.0345922868449,54.16391738960698],[-133.03822299729902,54.16197331497186],[-133.05153830119724,54.160616099198705],[-133.0563139139968,54.154769702536896],[-133.06502001515275,54.14841059282398],[-133.06540509665447,54.14408380104171],[-133.06792198601863,54.14099609887435],[-133.07799101799944,54.138774405390535],[-133.07652921772092,54.13496609679483],[-133.07918280553864,54.13354329774257],[-133.08289450561523,54.12943159573678],[-133.08636577938702,54.12779660101375],[-133.09388709917644,54.12601060565775],[-133.10006440176625,54.12281899859498],[-133.1008694952145,54.12060149974435],[-133.09856790726977,54.11936950901705],[-133.10199241073067,54.11172860409428],[-133.0986609871163,54.10897990207983],[-133.0983298969437,54.10552189774885],[-133.09620629868272,54.103825683874305],[-133.08772390259827,54.1046445905198],[-133.07996951601615,54.10695749434014],[-133.07207568036108,54.106938999950785],[-133.0676205212566,54.10272340392087],[-133.06427297618757,54.10074509380723],[-133.06483032089517,54.099252596202525],[-133.0706681935092,54.09412401021972],[-133.07860560616191,54.09113169274999],[-133.07150168942,54.088645087462986],[-133.07091822166265,54.08672099627074],[-133.07425448881122,54.084050601012414],[-133.07163247324513,54.080556994742146],[-133.07525620798899,54.07824118846805],[-133.07183969903497,54.07576018350119],[-133.07043248197178,54.07312969296818],[-133.0693875937141,54.06600300525947],[-133.0703228945769,54.060696403018945],[-133.06692811531784,54.05844759639859],[-133.06953579445135,54.05589250451393],[-133.06633787982776,54.052065703530566],[-133.05696722339525,54.05316370214564],[-133.05448689123105,54.04968010970135],[-133.05197639512767,54.0484809040154],[-133.05034860191296,54.04538900841094],[-133.05333312427427,54.042020697206176],[-133.059452308375,54.03888320754372],[-133.05658151028888,54.03657170508118],[-133.05735887548173,54.033311695398304],[-133.05178680379498,54.029671392490705],[-133.0570072148651,54.03002599452426],[-133.06771839660667,54.022961893532816],[-133.0740369255107,54.02170580127166],[-133.07936530828061,54.022996096203606],[-133.08239670523636,54.02051799937613],[-133.08573639758683,54.01956378974421],[-133.08385379537705,54.01273760402669],[-133.08012840432588,54.01106130355296],[-133.0787832142205,54.008477707747545],[-133.08493822507242,54.00438600321414],[-133.08761250882358,54.00462669258219],[-133.0932832803757,54.00278380183527],[-133.098074582827,54.004091201068256],[-133.10134971130873,54.00657929087284],[-133.1045632873613,54.00672030703108],[-133.11291889089534,54.00352578842922],[-133.1187771152922,54.00048939094043],[-133.1176044831465,53.99839430198897],[-133.12113799563122,53.99312759070585],[-133.1222985948214,53.98869550944443],[-133.125376006441,53.98710749327574],[-133.12265398514518,53.98453110030415],[-133.1235173058534,53.98093920485786],[-133.1191027990295,53.98008760654138],[-133.11700447632447,53.97860779842681],[-133.11438169458376,53.97249940858561],[-133.11328609440525,53.96774390378663],[-133.11556641096448,53.9658654043374],[-133.1135015926323,53.9616255132415],[-133.11803487975874,53.956078200637755],[-133.11846408090096,53.953963295879696],[-133.1158138089273,53.95158488531343],[-133.1173131934513,53.948075597691485],[-133.11948560609844,53.947201106392434],[-133.11697222825268,53.944141902839185],[-133.12396390141453,53.942848703690046],[-133.1297412051635,53.94279458574361],[-133.13314351667938,53.94641639662439],[-133.13481359003444,53.94691910989416],[-133.13788481142674,53.94366769829397],[-133.13608392158443,53.93654659784368],[-133.13181699708238,53.93588720126288],[-133.13008780663347,53.9336854076954],[-133.12625252370253,53.93457839696519],[-133.12358722352528,53.9325417040577],[-133.12390839964655,53.929822886258954],[-133.12666458459125,53.92674660708683],[-133.13089191636203,53.92420439727847],[-133.13868810352642,53.92116230017905],[-133.14948518183957,53.918783904912736],[-133.15427541955046,53.91372510545022],[-133.15243271444118,53.90753980582341],[-133.14700092289758,53.90060530390617],[-133.14741267436258,53.89851739838116],[-133.15140370265374,53.89500100764029],[-133.14872437858185,53.892577000567],[-133.15103390711622,53.89058171034398],[-133.15025151683656,53.88727889804119],[-133.14406050638138,53.884864892826634],[-133.14327010465374,53.87896439936744],[-133.14083349571573,53.87664299514638],[-133.14166310968426,53.874426890302644],[-133.1383339898618,53.87265799808769],[-133.13742550015428,53.8694791941424],[-133.13940581454042,53.868683000850766],[-133.13816237744948,53.86451009400142],[-133.13621508821532,53.8631856064707],[-133.12658139262115,53.865687888122956],[-133.1215176034973,53.86432349947971],[-133.12332461123415,53.86065619223024],[-133.1204401919051,53.8571497929568],[-133.11443430029752,53.85341551012214],[-133.1172136105046,53.85110399999899],[-133.1165702047575,53.84611359275843],[-133.11196907521065,53.84062040099725],[-133.1116991023828,53.83818928757929],[-133.1095687930472,53.8358721100463],[-133.10072879657687,53.83472558922419],[-133.09614161376993,53.831317507221726],[-133.08948348906287,53.82802040534303],[-133.08580940312635,53.82895039790934],[-133.0813989071225,53.82603078792417],[-133.08174600910914,53.822457488246094],[-133.0855120710487,53.81983979757508],[-133.09017950858387,53.818421300722584],[-133.0961090990386,53.818650590699676],[-133.10050310715573,53.81686890021915],[-133.10269810402994,53.81370288551995],[-133.11400159284506,53.810636502105865],[-133.12103311583215,53.80759019840332],[-133.11927118141986,53.8042005014437],[-133.1216612156005,53.802035690735096],[-133.1255109912288,53.80187199334719],[-133.12449599067338,53.798727300549885],[-133.12827107653567,53.797878494203594],[-133.12534618353877,53.79295070053041],[-133.12307337851027,53.79180990328239],[-133.12267630804902,53.78744328857678],[-133.11871600594304,53.786771106490434],[-133.11627828397403,53.77980950681568],[-133.1193709957464,53.779570307679016],[-133.11863769161533,53.77663780853482],[-133.11274399692775,53.77738979939299],[-133.10935280910945,53.77450439358054],[-133.1071538923437,53.77581041314596],[-133.10003371665485,53.77418680658074],[-133.0924673940492,53.773391989469054],[-133.0892402056407,53.7719378835745],[-133.09034468968184,53.768989795137635],[-133.08764380011837,53.76531390727342],[-133.08237089731904,53.77115460024621],[-133.07905710323885,53.77159609034264],[-133.07245439308073,53.7679929019314],[-133.07092960516988,53.771141788295594],[-133.0646618064418,53.7708155916175],[-133.0604587939756,53.76359209754504],[-133.0577179996737,53.76212801133865],[-133.05611480558377,53.75970969271852],[-133.0526870090202,53.75839648694226],[-133.05238989685782,53.755991003686695],[-133.04822099266283,53.755572290648324],[-133.04383952683764,53.75356850291082],[-133.0374792930845,53.747818885935516],[-133.03080708876672,53.75328219237504],[-133.02981839262526,53.75856179110163],[-133.02784767674547,53.75917699493089],[-133.02429999786295,53.76426000108189],[-133.02072578214913,53.76673669729854],[-133.00302101543772,53.770811392484504],[-133.0006501840727,53.77185960555923],[-132.99510402297662,53.77233389643558],[-132.98982130804626,53.767561287930974],[-132.9905609126483,53.76512019004081],[-132.99439059404156,53.76500349316479],[-132.99562559971514,53.76263359487415],[-133.0015626934467,53.760601199827406],[-133.00232810720664,53.758564588759334],[-133.0061654814041,53.75443010435013],[-133.01281000273224,53.74991108965215],[-133.00914197466153,53.748573797759015],[-133.00714400342153,53.75136378678708],[-132.99935932175728,53.74951660338049],[-132.99402270751227,53.746945892490665],[-132.99433409431953,53.74519839832933],[-132.99220240050812,53.7415580903326],[-132.99659759326596,53.74001290560958],[-132.99299220134682,53.737076107886836],[-132.99316309372568,53.731854996380356],[-132.99583579372805,53.729238692159676],[-132.99356652091683,53.7275296942202],[-132.99559608749988,53.725369100199856],[-132.99343439761148,53.71979480592037],[-132.99641812679533,53.71860410221421],[-132.9978155811886,53.71626420273169],[-132.99433369841137,53.71397550289573],[-132.98999938977337,53.71430730177654],[-132.98728750563075,53.71300408715264],[-132.9880260822323,53.71024690020871],[-132.97762517993291,53.71225639373983],[-132.97368570365037,53.710671287955115],[-132.97306199433768,53.708493685776695],[-132.96705228976126,53.70840109555773],[-132.9632463805223,53.710916304867936],[-132.95929408371424,53.71086639812051],[-132.95732759808607,53.709538998854235],[-132.9499169863754,53.708009400003114],[-132.94872958726938,53.70842100746839],[-132.9416173805397,53.70670770108144],[-132.93874688259254,53.706828796012346],[-132.93060860375172,53.70467538422436],[-132.92912740641668,53.70278828885378],[-132.923219775246,53.698443000497015],[-132.92433610118366,53.697589894010314],[-132.9294560033294,53.70007939708312],[-132.93399700236859,53.69737060508259],[-132.9350391102063,53.69283019778324],[-132.93897469685268,53.6944353098155],[-132.94100740877005,53.69281598708695],[-132.94379509941865,53.6937460115126],[-132.947509010384,53.69304529754556],[-132.94631219169338,53.69088469555871],[-132.9479915915422,53.68499850622392],[-132.952062479274,53.68350309868043],[-132.95386120683838,53.68514379016441],[-132.9610670813597,53.68579599237048],[-132.96819639210835,53.683994389179496],[-132.96827020945932,53.68564080238654],[-132.9738814159589,53.6876773931668],[-132.9688414974805,53.68852771641756],[-132.96346399509056,53.68822009871275],[-132.959290679261,53.68966850328557],[-132.9574671154434,53.69199280013318],[-132.9591323050355,53.69481700259127],[-132.9615828170914,53.69518160744565],[-132.96772700564298,53.69939439206982],[-132.97046001144736,53.697723806062825],[-132.972778318504,53.69896859218829],[-132.9790500151182,53.69451650840516],[-132.98158031984082,53.69138610248006],[-132.97920170868517,53.69012278644243],[-132.97848810919336,53.68668479773158],[-132.97643717274508,53.68396309688694],[-132.98296649595574,53.683928888265356],[-132.98838259942,53.6849914134847],[-132.98866789722692,53.67738180972959],[-132.9932616167547,53.67917490144821],[-133.00038511914508,53.6844644058151],[-133.0007133140112,53.68713049295622],[-133.00745208599525,53.68906750760108],[-133.01083909805445,53.68791950873906],[-133.01517518605766,53.69006870856611],[-133.01836221490174,53.6905970902797],[-133.02141338907285,53.68948758853327],[-133.02597727601517,53.69133479390815],[-133.02967630793182,53.690253792942464],[-133.0303437930291,53.68830549645378],[-133.02607389486056,53.687317085243386],[-133.02168230407,53.68340619552931],[-133.01709278156633,53.683114301289734],[-133.0134399969382,53.67870350591053],[-133.01427221298772,53.676756607115514],[-133.01079092183141,53.67575540244085],[-133.01113190619964,53.671112411575116],[-133.00778020852647,53.66836090422623],[-133.00441382002697,53.66847480054145],[-133.0027763044299,53.66661338779489],[-132.99433520282258,53.66614909546453],[-132.99093750544685,53.66791649172937],[-132.98704899384572,53.66656639065323],[-132.98796310146224,53.66358830058288],[-132.98519200115683,53.662013188101085],[-132.9799091084664,53.66455818772016],[-132.96896950317702,53.66573891022323],[-132.96159231609408,53.66553240666884],[-132.9580874000837,53.66318961129787],[-132.95576519805326,53.66491288601382],[-132.95225579547727,53.662658302084694],[-132.94872589747422,53.65742009377476],[-132.95200050244054,53.6557495017082],[-132.9481309820889,53.65442499362814],[-132.94932970960076,53.648125693038665],[-132.95137131920006,53.64721709948491],[-132.95488060548274,53.64816701153403],[-132.9574903940892,53.65051270357352],[-132.96110459984718,53.64900019625775],[-132.9603402014318,53.64663168871055],[-132.96591410827773,53.647796706649416],[-132.97086429821138,53.64523740893252],[-132.96815199474472,53.63931269877952],[-132.96391387843045,53.63997780091399],[-132.9639984088776,53.64484288796792],[-132.96107120980236,53.64495540063214],[-132.9604898789573,53.64166409818973],[-132.95620010431875,53.641833481063784],[-132.95117170778212,53.64447120052051],[-132.95080099841707,53.64646078956668],[-132.94458361577273,53.64736950304839],[-132.94206681934477,53.646886596086425],[-132.94413258741213,53.640501890942915],[-132.93920619600829,53.6412894993959],[-132.93510710648067,53.640967592324365],[-132.93325780433344,53.63515541009954],[-132.9346623115654,53.6330390987662],[-132.9319160192238,53.62705879670063],[-132.9337233889917,53.62410501035402],[-132.92890367905983,53.61661370070589],[-132.9256856935312,53.617780089682775],[-132.92374658850437,53.62031801085427],[-132.92121880019332,53.61914161518922],[-132.92237668612364,53.616501100134705],[-132.91914649101759,53.6105464893563],[-132.91441751520722,53.60590640398056],[-132.90921619197914,53.603459696593866],[-132.90008800901705,53.60190730792753],[-132.88384269888013,53.6021594117534],[-132.87636569306002,53.60176628615252],[-132.87130958466344,53.59979800193779],[-132.86318068974825,53.597665994643236],[-132.85807679832084,53.59698090709771],[-132.85556251058676,53.597979290372415],[-132.8409955929294,53.59792379516789],[-132.83955579063826,53.59654079589496],[-132.83488850088798,53.596167701687136],[-132.8295344064472,53.60068389485885],[-132.8263887929637,53.60131759451995],[-132.8252274085731,53.606259595356015],[-132.82292539382502,53.60604739263484],[-132.8203355018263,53.60351798244753],[-132.81688867862076,53.60176629757226],[-132.81778199592543,53.60023520232845],[-132.82454119358195,53.5969609903595],[-132.82627548720623,53.59379069778152],[-132.83065621938076,53.592648493991085],[-132.83182291890535,53.5905022053047],[-132.83648819827206,53.58942690154159],[-132.84447470251695,53.58659560021979],[-132.85324269492145,53.586186808636725],[-132.85880259337276,53.587725011015465],[-132.8649362896542,53.58770930339677],[-132.8698050006145,53.590977907094135],[-132.88076889259693,53.59349301118995],[-132.89199769994406,53.593799191678414],[-132.89877190507224,53.59007918939524],[-132.90137860665808,53.589882708421136],[-132.89720087560954,53.584576099940556],[-132.90170740848725,53.58572538625419],[-132.90427482520522,53.58482669792442],[-132.91185829577668,53.58666680777413],[-132.911671306924,53.590143294036594],[-132.9156387969719,53.58936708619562],[-132.92291999274386,53.589125006023046],[-132.9288740133427,53.590631789312965],[-132.93172060508238,53.59267699004965],[-132.94471788654008,53.59857319450475],[-132.9489817219785,53.6013432986693],[-132.95474300151912,53.60315909089718],[-132.9579037957411,53.60564009177757],[-132.96048829191457,53.604704405289965],[-132.96342608502962,53.606139993590276],[-132.96687080786373,53.60428280152179],[-132.97201818559753,53.60381289720239],[-132.9730380925113,53.60143868878239],[-132.9760654037761,53.60042039121974],[-132.9799321924561,53.59447150839169],[-132.99445838267687,53.59631579941541],[-133.00237989243797,53.59465090458459],[-133.00480190996728,53.59132819900169],[-132.99992530661615,53.587713584237505],[-132.99699692450005,53.587665200033065],[-132.99358837446763,53.585611494915945],[-132.98859689859398,53.58128469442465],[-132.9838939081059,53.58045009894701],[-132.9836585217779,53.578406396644596],[-132.97886029802092,53.576409583801784],[-132.97170272070474,53.57257569939907],[-132.969116404336,53.57040088304978],[-132.96913780411077,53.56589759468361],[-132.97605019162114,53.565645509733415],[-132.97624782099567,53.5646870030832],[-132.9840944968596,53.56224868628891],[-132.98754021528933,53.562828399422166],[-132.99027908975384,53.56146260050487],[-132.98619228280018,53.55912829266622],[-132.9803555936306,53.5596139115521],[-132.9754005092563,53.5571031050633],[-132.96842029703544,53.55690370777752],[-132.95745052148163,53.554577896496816],[-132.95502180390287,53.55328620811424],[-132.95147389850183,53.55484430243225],[-132.94490308288596,53.56017940374921],[-132.94045409593085,53.55977920921586],[-132.93016779354713,53.56356609699372],[-132.92438502456835,53.564158598628126],[-132.913566825321,53.56424829831265],[-132.91017559960292,53.56535778453394],[-132.9026130115588,53.56405609363325],[-132.90167458799905,53.56196389123705],[-132.90352830849275,53.55991019528109],[-132.90945262556338,53.56010390124981],[-132.91549199375171,53.55764711418913],[-132.92130411810933,53.55616590015823],[-132.92701900991653,53.55724550824991],[-132.93396021194803,53.55451529832027],[-132.93226201391414,53.54911889229605],[-132.92250179479248,53.54466121084306],[-132.92500479750186,53.542564692844415],[-132.92430459734754,53.54019770222785],[-132.92738819731878,53.53823660583586],[-132.9339357034265,53.53827788918285],[-132.93340450392935,53.53590508595489],[-132.93856279278643,53.53347689036804],[-132.94131918595306,53.52981950092851],[-132.94156749910815,53.52566219645623],[-132.94507528927664,53.523007507807414],[-132.94451018614922,53.5197076037204],[-132.94100609744393,53.519493987630426],[-132.93726221506506,53.516453304591444],[-132.93317898651296,53.51851410418299],[-132.92913369572332,53.51638488581993],[-132.92542850597107,53.51751568303],[-132.91621781825114,53.51830049500299],[-132.9109720089128,53.517624005242965],[-132.9047048773486,53.51868359603461],[-132.89700500048068,53.51883601069254],[-132.88973360334435,53.52006508138826],[-132.88437401764287,53.519521000366716],[-132.8809869842252,53.520278701620846],[-132.86726860656853,53.519476902681376],[-132.85447058445084,53.52047099942528],[-132.8507183836302,53.52191370409619],[-132.84404128907278,53.52118169936046],[-132.84186739996449,53.520315691030255],[-132.8409264003759,53.5177549876898],[-132.8374525180879,53.51577680380448],[-132.8451362883393,53.51207669784241],[-132.84560021134573,53.5104032014337],[-132.84151281622363,53.50710190560523],[-132.84794529114302,53.50098779405434],[-132.85835941148844,53.497821802748035],[-132.8644613909561,53.49730190683078],[-132.87143941613056,53.49770499785759],[-132.88138419884794,53.49904088796662],[-132.88345839516745,53.497935700820754],[-132.8894223834706,53.49867060007969],[-132.88846349802054,53.49401491351739],[-132.8889283214729,53.491317399411145],[-132.88719677849238,53.490072694611364],[-132.8903396772601,53.48812289675036],[-132.88550949573835,53.48614179192396],[-132.89154972180646,53.48134790263632],[-132.89517401171204,53.48030679561136],[-132.89434179273854,53.47881709948026],[-132.89638238434745,53.47625499008893],[-132.89346190659182,53.47195960765599],[-132.89394529323286,53.46856140581612],[-132.88991162042052,53.46695200401932],[-132.88607247488292,53.46693779465138],[-132.8788261869245,53.468104206366675],[-132.87357750436223,53.466402310140545],[-132.87259151052413,53.468030209930376],[-132.86830648855528,53.46878070473875],[-132.85916027348625,53.469048497629174],[-132.85395610528707,53.47066351174044],[-132.8506119920916,53.47037870416239],[-132.84684931514695,53.47175869781241],[-132.84181940604037,53.47021060333942],[-132.83749420653226,53.47171460640645],[-132.83334281290578,53.47128879289242],[-132.82778482021672,53.472419603231806],[-132.82187787832143,53.478003895632476],[-132.81356558879259,53.4816540940169],[-132.80480059116667,53.48211421351599],[-132.80076768041744,53.48344299470087],[-132.79763830757034,53.483313404668955],[-132.78742449387533,53.48496689703622],[-132.78308440056196,53.484068205805045],[-132.77770270077872,53.48552369362696],[-132.7673915884706,53.48523319370058],[-132.76233050280817,53.488041687250295],[-132.75519760202846,53.49321300505806],[-132.75920321308448,53.497333303656426],[-132.76332240676575,53.49957779079161],[-132.76325539195238,53.503685195952976],[-132.75933730876864,53.50937498909662],[-132.76191679408373,53.51334279542131],[-132.76161370464416,53.51678938812982],[-132.75921789657036,53.52049379583621],[-132.75480898633464,53.5248162017229],[-132.7459579834673,53.52442599978861],[-132.7421273941248,53.52608810270601],[-132.7408161939327,53.531196706178804],[-132.73651780617726,53.53366059069388],[-132.73708867485766,53.53625979538802],[-132.73458160259668,53.53689641128322],[-132.73208349658185,53.53531980347126],[-132.73208048756933,53.531454488978284],[-132.7356367115328,53.52783559222305],[-132.73603068514277,53.524984294949704],[-132.73285477945979,53.52429499420285],[-132.73243069216883,53.5223437887106],[-132.7364524234889,53.5204881008144],[-132.73955109808853,53.52123008863762],[-132.7444909922364,53.520522207894984],[-132.7528208953057,53.51590500046539],[-132.75230402058105,53.51431409649593],[-132.74828001160196,53.51165799129301],[-132.74783360292028,53.50954590354535],[-132.74371451057996,53.51044740615529],[-132.7419805212873,53.50958720261554],[-132.74033701813448,53.50532170569605],[-132.74407192133157,53.50257010089656],[-132.74492630669891,53.49843131208897],[-132.74343170142996,53.496757893948384],[-132.739315801118,53.49842419367472],[-132.73354530312318,53.49834298983473],[-132.72896257454778,53.49578229585047],[-132.7297087143447,53.49085170241109],[-132.73129770686032,53.48876950674652],[-132.73568979282143,53.48611900819164],[-132.7341046027813,53.483626696815826],[-132.7361257986314,53.48248731414828],[-132.73842898132924,53.479123292563216],[-132.74364960660617,53.47789138690165],[-132.74711988083558,53.47496180001275],[-132.749748086246,53.47544319528492],[-132.7500869098474,53.472158891141035],[-132.76045959973993,53.47003399512371],[-132.76423428832382,53.46818111108345],[-132.76611050852702,53.46861268734061],[-132.77094630250363,53.46576280515084],[-132.77614828053078,53.46424179379559],[-132.773740489686,53.46132778948249],[-132.76658589303247,53.46071830485574],[-132.76630612267732,53.45855490105633],[-132.7625630003078,53.458151814938866],[-132.75917321238379,53.455858894795114],[-132.7543025208802,53.45596569490694],[-132.74914709999732,53.45487051057395],[-132.7449618081919,53.45482770738371],[-132.73640049255755,53.45239090493991],[-132.73394558335465,53.44927900532583],[-132.73200591101198,53.450355699804405],[-132.7245696065823,53.4491722008611],[-132.71689211457357,53.44852130636059],[-132.70786899871277,53.44602899598133],[-132.70487131535788,53.44354369007825],[-132.6972971094536,53.444926610186435],[-132.69517481212114,53.447115596541494],[-132.6889742992127,53.44899130302953],[-132.6885009848881,53.45134700395008],[-132.68573920640836,53.45280389200804],[-132.68496919068428,53.45532481147536],[-132.67910429642512,53.45874431162612],[-132.67903139595126,53.46065849652817],[-132.67604749975214,53.46201999211475],[-132.6740017108934,53.46857990071835],[-132.67649778477505,53.47308749462597],[-132.67699062510505,53.47701830110361],[-132.67608678084713,53.48116279981891],[-132.67201871249452,53.48552509876296],[-132.67422888546218,53.48976639852967],[-132.67377348654347,53.4923030032584],[-132.6751491975451,53.49775909830162],[-132.6700068060031,53.499133483809494],[-132.67006878938702,53.49718370659745],[-132.66705829735534,53.491586600765906],[-132.66642411131545,53.48776260874243],[-132.66752381634512,53.47898229311088],[-132.66652481422565,53.47685879042673],[-132.66291810945262,53.4750614949489],[-132.65471491283174,53.475144097822174],[-132.65590971268503,53.47371130269598],[-132.65612948727355,53.46943590518346],[-132.65802368763005,53.46707169891673],[-132.65891350987002,53.46349260168545],[-132.66233480081783,53.46043201133039],[-132.65804319351767,53.45847660088736],[-132.6583601071388,53.4562718946182],[-132.66095980450197,53.454470312311535],[-132.66024918690175,53.45095960023822],[-132.66142620081675,53.4454351093358],[-132.66859659023598,53.44157399784906],[-132.67193309196563,53.44084770580561],[-132.67371368743267,53.437779893985365],[-132.6717264791852,53.43665340264243],[-132.67290200908835,53.432765305670564],[-132.66571338786346,53.433740891099255],[-132.66553572504486,53.42981720359466],[-132.66108111332017,53.430349889700295],[-132.6538831982768,53.426846293044726],[-132.647280888291,53.426716701428305],[-132.6431118074539,53.42506030982338],[-132.628113193792,53.4281537085072],[-132.6235140036898,53.42828619237859],[-132.61987309468654,53.42612849620691],[-132.61387392370108,53.42544199916631],[-132.60806871116588,53.42296109517457],[-132.59887569843076,53.423388310473946],[-132.59346021012016,53.42228030911257],[-132.58633121112183,53.4245918039584],[-132.581824510226,53.422818585965736],[-132.5785474063669,53.42062111095857],[-132.57035960126984,53.418234113051305],[-132.56467451895173,53.41343449963352],[-132.55952109200206,53.41303151050845],[-132.5496923247547,53.41438589791416],[-132.54388331353024,53.412567206595085],[-132.54107892647372,53.415791600604585],[-132.53687400395907,53.41665750289999],[-132.53237231231594,53.41511789491085],[-132.53002741066632,53.40886419884106],[-132.52255939747582,53.406579810972985],[-132.5231777289563,53.404002001612206],[-132.5195971999658,53.40112358979837],[-132.52038021975144,53.396967802690504],[-132.52639150470682,53.396831093030606],[-132.52773111420797,53.39290310366545],[-132.53434182147987,53.38992940371779],[-132.5289677122436,53.38769620433762],[-132.517347702861,53.38732879824566],[-132.51678961607672,53.383208502484656],[-132.52227269300107,53.37839468845487],[-132.51354402172151,53.37750309495294],[-132.50722740893602,53.37598639489926],[-132.50090748954668,53.37350679783543],[-132.49763080595972,53.373196294205556],[-132.4923310716991,53.370540196096],[-132.486083119623,53.36839389875681],[-132.48333319663067,53.36579191384145],[-132.48003391052453,53.36413980785285],[-132.47880938596404,53.36198349967412],[-132.4736689035342,53.3596806001785],[-132.46819240675933,53.35875480143844],[-132.4657498072624,53.35714829618832],[-132.4602488784379,53.357651094447704],[-132.45483520006832,53.354909498954626],[-132.44716890927626,53.35318188794264],[-132.4438937879688,53.35116950968192],[-132.43566769177724,53.34925820607122],[-132.43247908825202,53.34779559632793],[-132.42542989246934,53.34184380616768],[-132.4204979876294,53.34042390381064],[-132.41741839578663,53.33645601525655],[-132.41546777723207,53.332177698825085],[-132.41656879758222,53.32940621602845],[-132.4118555087251,53.32238910646817],[-132.41198480272388,53.3207640961617],[-132.42117578719916,53.31824748972577],[-132.41835639492783,53.31373559765455],[-132.41474010542237,53.312191697761406],[-132.41676970764848,53.30917949329327],[-132.42422340352496,53.30905278682223],[-132.42792191461507,53.30546380500166],[-132.42802417393145,53.3037660959565],[-132.43073770805987,53.30132500685316],[-132.4312321981343,53.29907911402631],[-132.42651881140677,53.29657669974835],[-132.4221483230101,53.296374502500846],[-132.4215585026411,53.29197369019513],[-132.4275601049512,53.29100658834593],[-132.4299097170288,53.29658670606134],[-132.4337838204163,53.298819798798526],[-132.43408699696786,53.30076821535701],[-132.43725249418597,53.30354251303244],[-132.43818217782666,53.307330902574435],[-132.43478899827625,53.3106023078176],[-132.4384924999406,53.312443802477716],[-132.4418304901333,53.318370004180316],[-132.44039362141217,53.32080249726676],[-132.4418273995985,53.32193899841512],[-132.44698800604795,53.32177951222601],[-132.44955541113396,53.32302999968985],[-132.4566770836955,53.32095349600752],[-132.4603617063541,53.320627292173874],[-132.46905879823797,53.32233071263051],[-132.4733414819596,53.3220259051701],[-132.4757463047341,53.32049490783958],[-132.48328558298186,53.32225520258303],[-132.48354511035976,53.326270100110584],[-132.48653662344148,53.327754097048384],[-132.48988218764552,53.330881588532186],[-132.48975581839144,53.33225459522098],[-132.49804208874124,53.33671811118754],[-132.50332969647354,53.337996996040566],[-132.50667180340756,53.3401889120501],[-132.511264509647,53.339998005737016],[-132.51876331098055,53.34308429995699],[-132.51900818922434,53.34609359619818],[-132.51577151013913,53.346978088692865],[-132.51134799758285,53.35094160864856],[-132.50997068745718,53.35344819389441],[-132.51325631842636,53.35766249997854],[-132.5186955792378,53.35896279609832],[-132.5310240824997,53.363345105367614],[-132.54086662329868,53.36572349810879],[-132.54470569866712,53.36537170830857],[-132.55281280321384,53.36605960255403],[-132.55819098510332,53.36535179837447],[-132.5676443054761,53.36537460305111],[-132.579951911249,53.36279248903509],[-132.59536988502316,53.36388629419443],[-132.60116242767398,53.3648832007996],[-132.6070517960694,53.364678093835664],[-132.6165730193875,53.36697250233933],[-132.62144621440112,53.36747529446488],[-132.6242125042151,53.36881549472247],[-132.62909391684923,53.368895203908245],[-132.6324605765967,53.36647979615597],[-132.63783280179285,53.366622189006755],[-132.6447316982477,53.36526629390876],[-132.6509557144185,53.366090889543706],[-132.65290880140466,53.36526629388892],[-132.66300760369148,53.367792913707724],[-132.66530351480841,53.369510504572226],[-132.67032509468277,53.37007590842325],[-132.67628330501265,53.36802499909259],[-132.68226901591336,53.36799799579891],[-132.6895700799454,53.3647307968194],[-132.69269968097106,53.36549279902155],[-132.69476410115496,53.370154190533434],[-132.69945451292324,53.3740750907527],[-132.70247940252753,53.37512330636115],[-132.7074977047252,53.37518308332916],[-132.71666099514096,53.37672551330531],[-132.72080291223457,53.37686790487757],[-132.72491540569595,53.37420331069813],[-132.72560988721278,53.37130358972277],[-132.72978638623906,53.36571070482607],[-132.72614207505967,53.36417539611955],[-132.7220749907403,53.364609803327504],[-132.71576561333956,53.362286897727095],[-132.71263918109656,53.36256890354292],[-132.70997101224614,53.36074590246954],[-132.71091329768683,53.35889441249705],[-132.7174928146187,53.35839029748603],[-132.72609361291467,53.356020403113],[-132.72927800518596,53.354362609365566],[-132.72801951911237,53.35260369743636],[-132.72954180678178,53.349108684932496],[-132.7340506864919,53.346532289246774],[-132.73548209698725,53.34334059496134],[-132.73957700706154,53.337538406288616],[-132.7458660793738,53.333647494277],[-132.75219040193284,53.333056385204614],[-132.75321298157948,53.331287500309514],[-132.75758528724276,53.32956280876202],[-132.7622168953956,53.32971239699899],[-132.76563790760227,53.32632421155042],[-132.76559131523666,53.32407529546393],[-132.76748628450255,53.32143199132322],[-132.76662248804584,53.31726189514509],[-132.76316589898363,53.316477206077096],[-132.75655230127919,53.31691020150587],[-132.74934149203082,53.316424511836544],[-132.74634977837823,53.31848959336468],[-132.7428412003859,53.31839560436013],[-132.73677308318815,53.32127540333676],[-132.73248490186117,53.32086950641867],[-132.7252592050394,53.325443995142294],[-132.71973730489313,53.32451970552424],[-132.70856838603393,53.32639109368021],[-132.70209328354665,53.327004995226226],[-132.6995592246533,53.326091999477086],[-132.69557748938408,53.32695939664158],[-132.68599052413168,53.32732250427517],[-132.67837160770617,53.324368688721414],[-132.6733821948211,53.32472190592266],[-132.65608419697588,53.324437097546856],[-132.64471060145002,53.326146084612716],[-132.63431991481175,53.32583280612077],[-132.63287751572258,53.325066591113746],[-132.62083619509747,53.32741649314961],[-132.6193953774665,53.326326997222694],[-132.61362252157065,53.328071705662914],[-132.6050357037177,53.32799049147179],[-132.60428822525736,53.32980919989233],[-132.60042238436156,53.33149410258003],[-132.59464967218022,53.33241129654359],[-132.5869571882418,53.33165359268696],[-132.57449121448641,53.33478969953651],[-132.56780530702318,53.334554696080005],[-132.56202062168552,53.33299800466653],[-132.55446598609518,53.332727389700075],[-132.55314839196586,53.32871679021213],[-132.55062439352963,53.32665029652236],[-132.55292490490203,53.32451399500124],[-132.5543018925372,53.31932698643275],[-132.55631731388215,53.317452791730716],[-132.55620710365528,53.31252359817901],[-132.55398332548054,53.30441270308882],[-132.55416841560097,53.30144039670413],[-132.5560161164323,53.30011160029889],[-132.55972309688087,53.300637093894544],[-132.56003011819527,53.30524729274125],[-132.56376980282346,53.31155369303349],[-132.56530307861146,53.31679189810238],[-132.57062299166904,53.31857219109492],[-132.5737753805033,53.32094780409808],[-132.57819229521397,53.322503001333175],[-132.58268850370965,53.32238769956834],[-132.5875540919866,53.32134369200181],[-132.59377949497784,53.322233789087605],[-132.59564509348397,53.32111158787074],[-132.6059502807769,53.31917040022272],[-132.61064198713794,53.31714229718705],[-132.61669970827919,53.31863911150513],[-132.6252092900153,53.31845829388624],[-132.62404959525986,53.31554860183647],[-132.63737939069918,53.31534638885407],[-132.63944941199858,53.312932288823546],[-132.6362986042831,53.31045139736285],[-132.63907789972993,53.3052288037317],[-132.64061691784568,53.30455799530777],[-132.63836992626855,53.30037789907488],[-132.63491210108424,53.29775599936627],[-132.62826890341066,53.29119460401902],[-132.63092848949992,53.28919788985684],[-132.63632960565135,53.29029450780566],[-132.63903711614174,53.2880185904197],[-132.6458150050414,53.28889880075644],[-132.65108571120035,53.28719550521682],[-132.6574671056174,53.28794168720096],[-132.66069331784155,53.287376302592854],[-132.6657209127668,53.28817529266333],[-132.67031229049277,53.28790610948062],[-132.67760270829154,53.28489250365933],[-132.68369227622208,53.2855048947307],[-132.68510549401046,53.28485830878793],[-132.69374110261987,53.28472021220327],[-132.70010370125104,53.28552629033582],[-132.7047300845819,53.28429430478065],[-132.705706010231,53.280662606772346],[-132.7115620791918,53.280558599593164],[-132.7119406191733,53.27854340323074],[-132.70600141728391,53.27374519996125],[-132.70867879129943,53.269687609003945],[-132.7114992134642,53.26798859037696],[-132.71595878817874,53.263381210272065],[-132.71394601001631,53.262046788721946],[-132.71720160062065,53.2597452088131],[-132.71582898567408,53.25401850482088],[-132.70869861261002,53.25416949953557],[-132.70763298306744,53.25615339431914],[-132.70070950444068,53.25942759226509],[-132.69258260055835,53.25944189562172],[-132.69021492705136,53.26108679998565],[-132.68463759490248,53.26052858753098],[-132.68007699762975,53.25918128428431],[-132.67555860079932,53.25952450747296],[-132.6719267078208,53.258779604399244],[-132.6570955061057,53.25745510011283],[-132.65611859146125,53.25583440958238],[-132.64522090258424,53.252518785607194],[-132.6410596083012,53.25323660966462],[-132.63728539611495,53.25261279281412],[-132.63316249881333,53.25314259268063],[-132.633532199057,53.25026430062023],[-132.63028721003215,53.24738449858181],[-132.6256883995572,53.250845399516784],[-132.6230427201161,53.256654694317426],[-132.61482809661018,53.25797349108247],[-132.61167882583499,53.25745230305919],[-132.6020109921025,53.2592624110559],[-132.5993547008822,53.25822131144454],[-132.59339478906236,53.260230906311286],[-132.59138488443608,53.259713895692194],[-132.5851825991547,53.262277487713774],[-132.57467059606478,53.267557008072565],[-132.5715160829976,53.26791589109434],[-132.56585792471807,53.26983290290458],[-132.5591882927934,53.271080495545945],[-132.55429809947142,53.271358186015675],[-132.55137370989615,53.27264708765603],[-132.54048219276092,53.275811697729274],[-132.53602109591762,53.27669050546052],[-132.5296261021508,53.27914869356097],[-132.5269239972682,53.27940639834559],[-132.5237208972353,53.281354787611136],[-132.5169705923761,53.282922788006104],[-132.50391190332851,53.28532830881766],[-132.50014977932494,53.283469700010954],[-132.50703610360733,53.27960438836048],[-132.51526640344107,53.276610704008874],[-132.52126768173093,53.2752791033111],[-132.5279602157715,53.272657093598546],[-132.53903368797683,53.27049520370268],[-132.541724974618,53.268815995686694],[-132.55187229080894,53.26657010531244],[-132.5633131997275,53.265519007771104],[-132.57948639644215,53.25799919973874],[-132.5851438857492,53.25710619573128],[-132.59397571338974,53.25494710677869],[-132.60106789825625,53.254407301364225],[-132.60797980881313,53.253071409796135],[-132.61054668871733,53.251648609795694],[-132.61695829373502,53.24986121484946],[-132.6178106988167,53.2461197965126],[-132.61527220983658,53.24489220343127],[-132.6133804867263,53.24141850590979],[-132.6076688159903,53.24066649424585],[-132.60647648157718,53.237306800695244],[-132.60078417374436,53.236966399223796],[-132.5989002063878,53.2315615938922],[-132.5949503980239,53.22957479701354],[-132.5870618883661,53.230242697704966],[-132.58529728154423,53.22911049205185],[-132.57545610844718,53.229036406206575],[-132.5703596989267,53.23279919980475],[-132.56334920342954,53.23167551214703],[-132.56064081467372,53.22870739759736],[-132.56371411570936,53.22684599254192],[-132.56543369041762,53.22266449415071],[-132.56442579791593,53.221177586853685],[-132.5670273074957,53.21915379731133],[-132.5750639979532,53.21743911302618],[-132.57764150650263,53.21343558618576],[-132.58182659547467,53.211992886023395],[-132.58522469656725,53.20724179932882],[-132.5871201214071,53.20630039765723],[-132.59459781053562,53.205129709301666],[-132.59131890251285,53.19975898917849],[-132.58522110597715,53.19106700956615],[-132.581187704108,53.192234908607205],[-132.5765946988715,53.1924200122736],[-132.5744895154731,53.194184598051436],[-132.56827612113273,53.194452394668794],[-132.55843271269407,53.19247128959708],[-132.55406652136398,53.19396389757509],[-132.54260218915118,53.194123401243225],[-132.53891539523696,53.190550007450774],[-132.53844009725927,53.18890358824581],[-132.54337271118638,53.187486591377954],[-132.54494911487822,53.18582879304733],[-132.55359811162904,53.184566900585],[-132.56355531898927,53.178684903602516],[-132.5637021056974,53.17584649549316],[-132.5569826097069,53.173738685553275],[-132.55723038566313,53.17095720001248],[-132.5513960939712,53.16802329198685],[-132.5431703828567,53.16771000676487],[-132.5381162125587,53.163495708516],[-132.53268667894912,53.16450689431257],[-132.52719618844785,53.16187639177897],[-132.5263843044504,53.15833440740526],[-132.5226828917964,53.158949697723145],[-132.5187958925981,53.15812220864856],[-132.51631200393984,53.1560656042281],[-132.51726929496002,53.15425969101821],[-132.51445628594033,53.15271729685007],[-132.51001967572452,53.15314740126919],[-132.50699171179753,53.15530368925078],[-132.5076606167088,53.15875310361486],[-132.5034413848608,53.16182090275262],[-132.49758662712648,53.170643803157816],[-132.4963611933658,53.1752496859369],[-132.49260008809352,53.1781651019528],[-132.48889848388504,53.18541429802432],[-132.488907285836,53.187590507756504],[-132.48683309086942,53.19205109326468],[-132.48951429932367,53.19744040324171],[-132.49023769062217,53.202994803690295],[-132.48782379560768,53.207385606416175],[-132.4890305957607,53.2128502865286],[-132.4868490070176,53.21432438545233],[-132.48676999332562,53.21743340868509],[-132.48415188236413,53.22019210377809],[-132.48294979070621,53.22331400804],[-132.47498869483258,53.22215610620599],[-132.47861839005796,53.21544520053228],[-132.4762527752167,53.21289589837029],[-132.47560189158543,53.20916730674087],[-132.47881138780377,53.20350889740471],[-132.47913138017105,53.19879480187726],[-132.47701620737283,53.19709570249588],[-132.47799240504733,53.18837671051887],[-132.47988430254614,53.18469370783641],[-132.48270480626516,53.18280228569118],[-132.48912869082648,53.17559159932469],[-132.4866218894571,53.17469289081029],[-132.48003969306652,53.17721520210845],[-132.48077670884354,53.17458749790862],[-132.484269608813,53.1706339050243],[-132.48423938899057,53.16785379851277],[-132.47728549904966,53.16701500905793],[-132.47239289255512,53.16575169799053],[-132.46461379608763,53.16673719260308],[-132.45631652472372,53.16684689770686],[-132.4500636854508,53.16885359241698],[-132.4449209901328,53.1690401873517],[-132.44229368338583,53.17117789562522],[-132.43386410578972,53.17251669113065],[-132.43047151506775,53.16795639589993],[-132.44134528695923,53.16475469698521],[-132.4512412173837,53.164149500328506],[-132.4575281112239,53.162575699911464],[-132.45783120125995,53.160981984134025],[-132.46582240066815,53.16067580446826],[-132.47600631929268,53.15974009666224],[-132.47959779088222,53.160473598094924],[-132.48474409847103,53.15945808545019],[-132.487567285413,53.156470108109225],[-132.48492860365323,53.1527273099295],[-132.48562859765795,53.15100689394259],[-132.48941280353603,53.14895599819392],[-132.49814189506503,53.14673850829281],[-132.49897480202915,53.14344710263695],[-132.49490301499398,53.14222800467556],[-132.4873127791879,53.14264389307898],[-132.48104799916356,53.141594215099246],[-132.4750766905136,53.139382510354196],[-132.4722091070313,53.1352835964279],[-132.46842820828283,53.13499589624262],[-132.46332449582997,53.136084014935896],[-132.45884058724712,53.135304907205985],[-132.44150599269602,53.13763070986096],[-132.4332949124627,53.13794829618549],[-132.42025121295424,53.13975280490966],[-132.41815109759122,53.13886120624577],[-132.39743131666776,53.13779870253191],[-132.3846753957556,53.14102599404564],[-132.3814809946954,53.14118978875091],[-132.3708145819462,53.1439399023083],[-132.36063738429772,53.153335407736726],[-132.355182112846,53.153241392172994],[-132.3470191907628,53.1517289125439],[-132.34279869740266,53.15032179527346],[-132.33251290754114,53.15167478794745],[-132.3286519780901,53.152676000032116],[-132.32320718496777,53.1567435928453],[-132.32050778782582,53.16333770005094],[-132.32169769441097,53.165630602649415],[-132.32151760559574,53.17259500035356],[-132.32477309581427,53.17487090798642],[-132.32479229940614,53.1767152081643],[-132.32873101206368,53.1793385955872],[-132.33201231518066,53.18264989360653],[-132.33791070508488,53.184104089079675],[-132.33950318368758,53.18618049644392],[-132.33659309426557,53.18963988714843],[-132.3333986097154,53.18853479485664],[-132.32738200224244,53.18828270619673],[-132.31996160315387,53.186254600439],[-132.3182352882771,53.18395880250255],[-132.31525737569856,53.18368529708096],[-132.31371841427114,53.179567890106746],[-132.31454141817488,53.17719379707655],[-132.31164809080306,53.17269610237011],[-132.3108842000873,53.16818279885328],[-132.312432691817,53.16471061308253],[-132.31018961960382,53.16278929700958],[-132.30807499824678,53.15831871310482],[-132.29946599031274,53.154867908030646],[-132.29440678274065,53.15467279763422],[-132.2889665119268,53.15315459503004],[-132.2808534875486,53.15278140756852],[-132.2743379083668,53.15126459263294],[-132.26110480580843,53.149998499702455],[-132.25620080127976,53.151163497743596],[-132.25243808383124,53.15036600442569],[-132.24652920338397,53.14707321166904],[-132.23697789710468,53.14653630141487],[-132.2333407149951,53.14540969510333],[-132.22642970265105,53.14587830145413],[-132.2207396191172,53.14785789400618],[-132.21538489427815,53.14763429980926],[-132.21207370024766,53.15024489189829],[-132.20763700096546,53.15176878261972],[-132.20605828266383,53.154447705562106],[-132.19919119304228,53.1578744097938],[-132.19617081957233,53.15738869361974],[-132.18944732030192,53.159092102932505],[-132.18569580444813,53.158122208169786],[-132.18566839493113,53.16152038860017],[-132.17608759960638,53.162292297069214],[-132.17212160531315,53.165929690728525],[-132.16816351766465,53.16787660205384],[-132.16275440031944,53.16844911257582],[-132.15493582506667,53.1685503008658],[-132.14681449898333,53.17142150461409],[-132.14831330028878,53.17385828329085],[-132.13371508338406,53.17752850417362],[-132.13149979976902,53.178418590364004],[-132.12836440116962,53.181670087538905],[-132.13363410309552,53.183685289207105],[-132.13326937360583,53.18602389685621],[-132.1309481972402,53.1900416117102],[-132.13418899633388,53.19153988736901],[-132.13475679659263,53.19401798927069],[-132.13690471038885,53.1952471026082],[-132.1520538962675,53.198255013030256],[-132.157589203206,53.198773407500035],[-132.16809279921733,53.198457190801],[-132.17407520775427,53.199498291901435],[-132.17963809713254,53.19913660829731],[-132.19350880566287,53.19704440823103],[-132.19786819191734,53.19951260948554],[-132.2019868944976,53.199761800057686],[-132.20259640550103,53.20166459127918],[-132.20701649500617,53.2039090874407],[-132.2057059950386,53.20564090061928],[-132.21146859307396,53.2082302050997],[-132.21309090351158,53.20654249005579],[-132.21125401283746,53.20508690662944],[-132.21256018118603,53.20320270038105],[-132.2170627102668,53.20396469359692],[-132.22112108040406,53.20581189654813],[-132.222741493491,53.20507700478839],[-132.2214591988127,53.20222278354264],[-132.21848720430853,53.202325393931254],[-132.21838910320895,53.19967920004511],[-132.21394041269764,53.19786618817297],[-132.21027091464785,53.19763690726233],[-132.20941448385693,53.19515309737527],[-132.21415491239387,53.195685688097846],[-132.21876447545282,53.19758419857099],[-132.22587890834944,53.19454779079529],[-132.2260973168318,53.19140600246024],[-132.23000891611755,53.188295501266154],[-132.2339388948774,53.186570790986266],[-132.23700962349,53.18794660357513],[-132.24486667282682,53.18563789563397],[-132.2535135185801,53.184344706486804],[-132.26186400095563,53.187180312957295],[-132.2645145030729,53.18716039503174],[-132.27283501398847,53.18863729626948],[-132.2753981891097,53.19072810029196],[-132.2843314088059,53.19337849844739],[-132.283028408567,53.19694471145294],[-132.28480457207627,53.200106497758654],[-132.28791791726513,53.20273980113827],[-132.28571528845313,53.20394899245817],[-132.2839596153212,53.20732579648257],[-132.28799240348158,53.21081649831032],[-132.29057498448557,53.21165680749453],[-132.2930432928237,53.21433010460774],[-132.30146560952747,53.219017103458526],[-132.30589419163735,53.22080730727398],[-132.3102465930828,53.22378389995892],[-132.31786930595575,53.2257621961292],[-132.31996549984368,53.227222011015684],[-132.32516919487,53.22812070443519],[-132.32407938790251,53.23190050390834],[-132.32121538941132,53.23479449989179],[-132.31646158752918,53.235334297083895],[-132.3016756002784,53.23095339638314],[-132.28630869233513,53.22229709753996],[-132.28548541610994,53.22038010284298],[-132.27951381943782,53.21530709451728],[-132.2775599984712,53.210946093532726],[-132.27507588821402,53.2090106007186],[-132.2760313026418,53.20646979705149],[-132.27334190276574,53.20307170034163],[-132.26785979450347,53.20379230972237],[-132.26149122591144,53.200318701554934],[-132.2555874077845,53.19941861180676],[-132.25336859001422,53.20134549073197],[-132.25537258539254,53.20677749164418],[-132.2504475139708,53.205341905944515],[-132.24919310247498,53.202013501834564],[-132.24239932021317,53.200525202176834],[-132.2401086121589,53.20283669865655],[-132.24731880389538,53.20625048778506],[-132.24478517570472,53.20813329833572],[-132.24613849229817,53.213667796463355],[-132.2448458035438,53.2151304952518],[-132.24613530470307,53.21790339168656],[-132.2367949814943,53.22221869840953],[-132.23478990454805,53.22424969054896],[-132.230744698251,53.224253907094074],[-132.229346393878,53.226424389567924],[-132.22506680346538,53.227476889539595],[-132.22331500187212,53.2295491016697],[-132.21834580141413,53.231087302578864],[-132.2074444004952,53.2318749103547],[-132.20632387651793,53.23318939565671],[-132.20081209533421,53.23361669133499],[-132.19772750354852,53.23587409643872],[-132.1912353032717,53.23726690380507],[-132.18913539322529,53.23706471005338],[-132.1863037994443,53.23955139972468],[-132.18348277830015,53.23914260206887],[-132.18044739922743,53.24291110793959],[-132.1750359054221,53.24224309716955],[-132.17145810257705,53.23990168304103],[-132.16507950349808,53.24047988797976],[-132.1642092558195,53.243717298614214],[-132.15966225555496,53.250906252609326],[-132.1574911692935,53.256371333478874],[-132.15714939108096,53.260397132317244],[-132.15838271232465,53.26720785573251],[-132.16179710721588,53.27832561935671],[-132.15336434514845,53.27891915357295],[-132.14223123359747,53.278881491809614],[-132.12266286755602,53.27702273102945],[-132.01707032979652,53.277056280700656],[-132.01802515706373,53.260466444156826],[-132.01582666765583,53.26049743765476],[-132.01617000745406,53.25449421240093],[-132.00266462408348,53.255653994613844],[-132.00194329298841,53.24884060088921],[-132.00310452021458,53.244714461338674],[-132.0008396254514,53.24599376468283],[-131.99834280670183,53.24904640247314],[-132.0015973798771,53.27607179667364],[-131.98525984719177,53.27750135520874],[-131.98607317891472,53.28324794662752],[-131.97701930520063,53.29777425126667],[-131.97505730990204,53.303115992674584],[-131.96639129104477,53.30209866279678],[-131.96676539800734,53.300225292928396],[-131.96648021004899,53.29592411385417],[-131.96820240939783,53.29370299814625],[-131.9701805116493,53.289032282550565],[-131.96922610873062,53.283076493940214],[-131.97086328855204,53.278980605088094],[-131.96860080520577,53.2840009088731],[-131.96950970371685,53.28606320957762],[-131.96949149351795,53.29035430642883],[-131.9660809954976,53.2961394865786],[-131.96650448886825,53.30028389318148],[-131.96590240092928,53.3030867862933],[-131.96452238633464,53.30548509686532],[-131.96269999938946,53.306708492582175],[-131.96120991094776,53.3116291996508],[-131.95910602104658,53.31572809561595],[-131.95420281763822,53.31886129233623],[-131.95328510668097,53.32274230229108],[-131.9542133119816,53.32423910152414],[-131.95090711004215,53.330085493629035],[-131.94547780052602,53.331945514973434],[-131.9419757923068,53.34412680436242],[-131.93837411450275,53.35052860301383],[-131.93433721028703,53.35321748916186],[-131.93257391403694,53.355580294499966],[-131.92606079751465,53.358349012951024],[-131.92765677236738,53.36321969829597],[-131.92575670897432,53.36860748554515],[-131.92823429285423,53.371846196946784],[-131.93074469548623,53.37316069979281],[-131.93386700809518,53.37985450488934],[-131.93382389639902,53.383138691180605],[-131.9313544879173,53.39009600869167],[-131.9250327958184,53.401671993026085],[-131.9223852137123,53.40409170511308],[-131.9183629081422,53.40600729758977],[-131.91792798899266,53.40910209484355],[-131.91493951775138,53.41820280046341],[-131.91499171565482,53.425800896310356],[-131.91215860264438,53.42992539467475],[-131.91205691417085,53.43195920745763],[-131.9160075937928,53.4410797991918],[-131.9196788990636,53.44300539688308],[-131.92146119399573,53.448104100252785],[-131.92075230994934,53.450513807716746],[-131.92261130962,53.4530218065632],[-131.92578048472532,53.459661506252964],[-131.92978250167405,53.46373618433492],[-131.9320243066193,53.47264600606173],[-131.93222892718686,53.47669650264787],[-131.93771710481138,53.47978988743543],[-131.93792308620314,53.48429039489947],[-131.93622931699693,53.48879089706296],[-131.93783460461603,53.49084740482399],[-131.94146167580018,53.49118920106632],[-131.9451473139279,53.49323870887966],[-131.94633571853183,53.49733749863403],[-131.9455948003248,53.50143781166156],[-131.94730292403497,53.50300449866785],[-131.95086411927872,53.50890639662073],[-131.9559145857439,53.51274609472175],[-131.9572455134969,53.51797429173744],[-131.9558596800028,53.52538169407966],[-131.9486200997802,53.53869800704499],[-131.94413899708252,53.54350331406486],[-131.93356268939866,53.55231489753802],[-131.92931470267544,53.556402400450025],[-131.92494700319014,53.56291949509231],[-131.9259507798967,53.566726397155044],[-131.92507939943457,53.57270961320306],[-131.9252905882865,53.5759766910672],[-131.93064621604603,53.58133170339283],[-131.93254251314605,53.58971030720718],[-131.93251001231963,53.59774140000674],[-131.93312902374615,53.60427149912583],[-131.93096469521637,53.61604111164775],[-131.93142360472217,53.61895219301619],[-131.93343211969156,53.61954179713683],[-131.92901451944337,53.62629539709788],[-131.92683051725575,53.62795750708497],[-131.92196622083733,53.63769910119183],[-131.91858790294626,53.643112485323414],[-131.92012151297757,53.64471190879871],[-131.91781001354838,53.65023640653026],[-131.9056511915869,53.66798488890329],[-131.8988989908158,53.6745960891955],[-131.89197160299938,53.68311710424859],[-131.88657470466154,53.69100720166587],[-131.87964900705165,53.698511386301945],[-131.87443779347345,53.70876139447252],[-131.87390889505963,53.71122818818982],[-131.87434128128575,53.72001269276823],[-131.87657531397542,53.728086493077306],[-131.87672682003432,53.73450400448131],[-131.87798320755107,53.73804319171982],[-131.87706117668642,53.74384679358183],[-131.8841957073551,53.76119078457106],[-131.88540660198203,53.76710561230945],[-131.8847115011623,53.77024171119169],[-131.87757040152303,53.7821025034374],[-131.87542650362712,53.786956184225595],[-131.87068300549163,53.795323404641024],[-131.86656809638612,53.80067420027913],[-131.86262139230905,53.80693638774934],[-131.85642040473778,53.8140347100054],[-131.84732690088885,53.82353990200278],[-131.84061747780007,53.82927369851127],[-131.83308418084178,53.83499909589735],[-131.82883699612975,53.83939700614771],[-131.82517261702296,53.845031191296236],[-131.82059968839027,53.85075940692796],[-131.814694109178,53.85906250352468],[-131.80602428353743,53.86811340186397],[-131.79898780728175,53.874382694807764],[-131.79328209702572,53.880099491108915],[-131.7847846146371,53.887535300533386],[-131.78050109013267,53.891787991850904],[-131.7731229153678,53.89807299122955],[-131.76938318355488,53.90230440358424],[-131.75943470827073,53.91213570566287],[-131.75124337984602,53.92141440424502],[-131.7422121009207,53.93235659168103],[-131.73442331091786,53.94090469773515],[-131.7272329093278,53.94935880667979],[-131.7264202964738,53.95211040241546],[-131.72243390324246,53.95689430711924],[-131.7080395962945,53.97728761055816],[-131.70726328136868,53.979660296846326],[-131.70301630241363,53.987326784583466],[-131.70046410381198,53.99290400398179],[-131.69629618610395,54.003725209386054],[-131.6922558061849,54.017508702612204],[-131.68982580508148,54.022678484073076],[-131.68896470834468,54.02776870706169],[-131.68545830750315,54.03450089272403],[-131.67803189340268,54.05298140031963],[-131.67926270801027,54.05831230075256],[-131.67771018856038,54.062697398177164],[-131.67564060738124,54.07446848595811],[-131.67567062752573,54.08018530101247],[-131.67214179310295,54.09093659280627],[-131.66967350239935,54.100602701738524],[-131.6696875930267,54.10343409779806],[-131.66787521759795,54.11118890460151],[-131.6661770806075,54.11571219890312],[-131.6641901180201,54.1250349915448],[-131.66194818145513,54.13233129771347],[-131.66208878063088,54.134296699641176],[-131.6594308872296,54.14584559801163],[-131.65807230304299,54.153571897156745],[-131.65877059755994,54.160137497914974],[-131.65714001489098,54.165550891950936],[-131.64885527911864,54.180000999511705],[-131.64329559053016,54.190634094767766],[-131.6471710961337,54.18745529732377],[-131.64874420497617,54.18426509778272],[-131.65710972195055,54.17058549928269],[-131.663143698564,54.163359086370214],[-131.66577328335632,54.15945249939299],[-131.6767845831265,54.14753749021533],[-131.69215207624885,54.132540597129776],[-131.7034873111612,54.12184769106403],[-131.7118285299115,54.11454860156324],[-131.71765541923588,54.11008229748283],[-131.7271475963394,54.103637700422766],[-131.73500640422228,54.09889079895104],[-131.75290727564732,54.08972599744359],[-131.77257909630458,54.081055400047305],[-131.78515299608299,54.07632419615161],[-131.79288239354483,54.07235068637485],[-131.79314899352914,54.077019214030294],[-131.79509651853922,54.07844910113634],[-131.79837021932272,54.07643959389742],[-131.8065662008442,54.073299189811415],[-131.82215998802576,54.06902229510463],[-131.83042480675394,54.06847828924238],[-131.83647581963476,54.07047499452511],[-131.83698132719462,54.06888990229597],[-131.846268505742,54.064551686008535],[-131.86437859203758,54.057405004888714],[-131.8857459924251,54.049962101239366],[-131.89326410794888,54.0468944041525],[-131.897601414946,54.04706100029463],[-131.90833869466982,54.0446340911663],[-131.9134546091863,54.04284680496868],[-131.9230415890074,54.041220294653584],[-131.93902228491646,54.03646059283892],[-131.96614341194322,54.0318647027256],[-131.97053580074478,54.03156701353839],[-131.98407161430782,54.029675708391835],[-131.994828305029,54.02846511186457],[-131.99771321668922,54.02695400305561],[-132.00351020049226,54.028647405770066],[-132.00963219975137,54.02845940672831],[-132.02688424438952,54.02919429270411],[-132.02783155758007,54.01605720476258],[-132.09432425061598,54.015005273041595],[-132.09495694315433,54.01382093836439],[-132.10282757626948,54.01414533784134],[-132.103145083826,54.00834318698629],[-132.10441282271694,54.008446684264854],[-132.10443751592194,54.000030263647936],[-132.14322414872652,53.99997850941774]]],[[[-132.13970049914704,53.82324790039065],[-132.1426245068745,53.82294029381753],[-132.14694699602694,53.81924871630436],[-132.1612259062364,53.81213479480072],[-132.17883178929128,53.8024800906868],[-132.1883573113836,53.79381950840249],[-132.19639591615308,53.79055519525315],[-132.2034308925894,53.79072041360387],[-132.2054564857699,53.78607320398139],[-132.20968879952042,53.78129928631273],[-132.20991438762005,53.77767181089002],[-132.21155681096218,53.77442739689157],[-132.215400624023,53.7714151966019],[-132.21367262347266,53.76885740399463],[-132.21259819572154,53.76215221492844],[-132.21058279954588,53.757563385815516],[-132.20658181873137,53.75269690605044],[-132.2027214000564,53.75048358435491],[-132.19701451543386,53.74485659888087],[-132.19429159399513,53.745179896940286],[-132.19082421117426,53.73784239735882],[-132.18582227985485,53.730523304849356],[-132.18798190209145,53.72678758574553],[-132.18557229534318,53.722252993428064],[-132.1837415899866,53.71651049958832],[-132.1838346110867,53.71397690876932],[-132.1800371933621,53.71207981053916],[-132.174549987566,53.71727389338024],[-132.173395381628,53.71958400229056],[-132.16970628100063,53.721448292808276],[-132.16671540417784,53.725126984800745],[-132.1635416746805,53.72656259887143],[-132.16466738960003,53.731003308830566],[-132.1638580022856,53.73403261310337],[-132.16083619129125,53.73723418684441],[-132.16009751866838,53.74029200215809],[-132.15629168335016,53.743204496892886],[-132.1492259061561,53.74494349035841],[-132.14096830726294,53.74972740307072],[-132.1405005969185,53.75125410751848],[-132.14534279182982,53.754588210248386],[-132.14597461352108,53.75713039707096],[-132.14372998030674,53.76068239954833],[-132.14300951365166,53.764361092956854],[-132.13904479137508,53.76595621399458],[-132.13749602326584,53.770011000534126],[-132.13871300727237,53.77532609546198],[-132.1381066845803,53.77931389615923],[-132.13976921715783,53.78455930550618],[-132.1389902128328,53.788856096115566],[-132.13696869457956,53.7915422117986],[-132.13563100116465,53.7964641828276],[-132.1382982742056,53.797435497563235],[-132.1367421819113,53.8029016970745],[-132.13338901299758,53.80907989725859],[-132.13392829596606,53.81451469612006],[-132.13792022871866,53.81791850083803],[-132.13970049914704,53.82324790039065]]],[[[-133.0600336896902,54.25622749755456],[-133.0599025093932,54.25412248480932],[-133.0624910050778,54.25130541206881],[-133.07310088008558,54.2502614943651],[-133.0775023015713,54.248075309269076],[-133.07781629495224,54.24657991556805],[-133.0745021052386,54.24458460932632],[-133.07517179137085,54.242078013791264],[-133.07149150377398,54.23968250800985],[-133.07357592236872,54.2387894978542],[-133.06980240851175,54.234451296529905],[-133.07309288529757,54.23104320928586],[-133.08275750066522,54.22612679835401],[-133.08004212921298,54.22279420020927],[-133.0775418154378,54.22346359510433],[-133.07397419832998,54.22233700560069],[-133.06852482552029,54.223050502238145],[-133.06652108619477,54.224249693398136],[-133.05995769857543,54.222543514071404],[-133.04366788449826,54.22478809904054],[-133.03652940120995,54.22198379480043],[-133.03669951722802,54.21712440010524],[-133.02703519430827,54.217145805678385],[-133.01946320109678,54.214468297237694],[-133.0151134969438,54.2162485030853],[-133.01601917156316,54.21909549647834],[-133.01365359930767,54.220135212792584],[-133.01048031381563,54.21943589238131],[-133.00959509759556,54.21680539367352],[-133.00281050085388,54.21341150695766],[-133.00391079626652,54.2100048026819],[-133.006755394723,54.208883895976896],[-133.0070803041422,54.20503288565566],[-133.00545579909843,54.20306461415036],[-133.0050371061252,54.20000110506421],[-133.00778658322406,54.198320590290564],[-133.01091498855527,54.19892870931222],[-133.01570691057987,54.19520578846134],[-133.0163518014109,54.192655107454826],[-133.01429509208904,54.19075950442143],[-133.01025640155802,54.189353804301405],[-133.0047807939981,54.19002739553638],[-133.00089191967277,54.19312650406349],[-132.9982036059731,54.190088702863186],[-132.992784190873,54.18867730172082],[-132.98951908719334,54.18932380601428],[-132.98808579448232,54.1869268910325],[-132.9786938072073,54.18747950670213],[-132.97757958692,54.19082349644769],[-132.97510368710874,54.194161905029226],[-132.97639720804892,54.19621420703757],[-132.9741693001802,54.19945850929019],[-132.97433270146738,54.20425241399429],[-132.97879499018848,54.20644000297597],[-132.9820588851287,54.21248148954686],[-132.9841671082153,54.213263397084084],[-132.98771780680184,54.218166892699216],[-132.98583690969755,54.22059090798647],[-132.98271998997984,54.2206465110365],[-132.97763709419942,54.222295689742516],[-132.9685611785801,54.223446496203096],[-132.9640979817486,54.226850304955704],[-132.97060370271817,54.22934131006102],[-132.97288038377513,54.23266110195546],[-132.96655450960984,54.236815492816206],[-132.97302350222844,54.23663748983262],[-132.9795613287393,54.23943470100317],[-132.98090492341916,54.24116510313021],[-132.97807540852293,54.244426498227476],[-132.98045227920076,54.24821489835219],[-132.98493851937104,54.24972740197554],[-132.9939966902026,54.25096649655938],[-132.9973081886984,54.254212290657904],[-133.0019780935056,54.256060906553714],[-133.0096928930003,54.25524481502444],[-133.01590172089496,54.253846202686724],[-133.02309191530873,54.25662490803669],[-133.02793839901224,54.25575180928267],[-133.03146349487403,54.25784969108321],[-133.0365065105601,54.2583012034363],[-133.0416802092338,54.255399998949066],[-133.04714268579264,54.25680149859576],[-133.05494827490864,54.25731419404737],[-133.0600336896902,54.25622749755456]]],[[[-132.1276190833867,53.19999679124223],[-132.13008271272295,53.19966069409537],[-132.12724831846182,53.195905092603816],[-132.12818089392275,53.19315778935401],[-132.12274730645643,53.19335000129242],[-132.120103914348,53.18745090290991],[-132.11777287899002,53.18870709973642],[-132.11734959385342,53.19145720404103],[-132.11303520435246,53.19127208227629],[-132.11066667423094,53.189083096094144],[-132.10575231073688,53.18913439602514],[-132.09354850899587,53.1900600875246],[-132.08663309578745,53.191789096691664],[-132.08333161817234,53.19321899357841],[-132.07676800809685,53.1928601008108],[-132.07308021661737,53.191618201423765],[-132.0693587990612,53.19392831395839],[-132.06370860745236,53.1948853004424],[-132.058613984179,53.19710710540815],[-132.05749910786832,53.1985355946419],[-132.05074839461244,53.19891730381558],[-132.04532010832574,53.2007431068392],[-132.04216042447163,53.20011639804154],[-132.03846840434406,53.203909101578645],[-132.03379479811272,53.204144115170024],[-132.03456647820516,53.20814609541241],[-132.03226541105016,53.2089350913808],[-132.03445001891322,53.21285599557372],[-132.02963998595646,53.21548790122079],[-132.03477628768744,53.21963519314932],[-132.04195679140096,53.22087570940814],[-132.04789301233225,53.22018640783487],[-132.04971068152224,53.22315299434572],[-132.0585438108448,53.221726003675776],[-132.06053642408077,53.21957260258128],[-132.0695993933792,53.21958970853008],[-132.06916129256317,53.2178691918158],[-132.07201650630205,53.215764203584015],[-132.07621161791525,53.21707159902799],[-132.08014781623518,53.216053291418625],[-132.0798951131082,53.21424030768017],[-132.08618189982474,53.211911708801985],[-132.0901603943963,53.21245009300155],[-132.09286239561067,53.21169811281857],[-132.10633359730775,53.205173799134265],[-132.11201388316024,53.20401590344385],[-132.11707310816402,53.20384219445406],[-132.12159158720925,53.20455429384974],[-132.12369750938976,53.20173580417759],[-132.1276190833867,53.19999679124223]]],[[[-133.19676430332365,53.93937080642926],[-133.19901141240868,53.93704939574324],[-133.19507761301122,53.93570489372618],[-133.19800388471765,53.93428360794732],[-133.19723218246935,53.92778060333529],[-133.19216740441877,53.92338120035292],[-133.19507889785652,53.92123209938814],[-133.19258380619505,53.920124088169935],[-133.1873562933192,53.920189603348504],[-133.18516419933582,53.918070383523094],[-133.18198050767847,53.91915560315601],[-133.18163519869378,53.91486159884913],[-133.17668019638526,53.913914487863295],[-133.17398671385874,53.91598669995753],[-133.17464768870428,53.91901750415636],[-133.1735268909108,53.921625203464004],[-133.16616507402455,53.9224924958335],[-133.16122501818563,53.92396369995997],[-133.16061611146867,53.92848420536429],[-133.1578892980835,53.93022311583004],[-133.16191352115715,53.935696404031695],[-133.16421250777023,53.93608089004266],[-133.16861609559416,53.939205605451306],[-133.16954789649503,53.94155700429484],[-133.17360952343864,53.94172649620329],[-133.17543448823923,53.9375919887577],[-133.17869259143558,53.93626610748659],[-133.1802363134267,53.93788969995625],[-133.18482458060345,53.93922700314051],[-133.19287779844407,53.940094286761585],[-133.19676430332365,53.93937080642926]]],[[[-133.00660000922153,53.54705529227446],[-133.007564394129,53.54483210492749],[-133.0059264057726,53.54241379469803],[-133.0022835906459,53.54092400429018],[-132.99402270930756,53.5416931004665],[-132.9945254931514,53.539031295228],[-132.98723579427508,53.5361756933463],[-132.98431341225393,53.5338428903739],[-132.99026309882674,53.531857493291476],[-132.99000011999127,53.52876979497362],[-132.98598388607473,53.52757780334767],[-132.9832552132307,53.522461988858176],[-132.97607019386874,53.523167002352736],[-132.9665779875715,53.522286789741294],[-132.96154861348208,53.52398158902923],[-132.9562743746152,53.5241254966867],[-132.95394761328225,53.52642270796688],[-132.95649470698754,53.53148298767293],[-132.9557322012958,53.53573139092756],[-132.97111921784338,53.53899570293409],[-132.9777111907267,53.541616209634846],[-132.98368940759073,53.5418796844831],[-132.99395688980874,53.545925901276696],[-132.9997190092341,53.54569088775078],[-133.00416938683585,53.547355791259506],[-133.00660000922153,53.54705529227446]]],[[[-132.4832438050741,53.68810609817934],[-132.4890797983995,53.68548558656446],[-132.49810890609078,53.678301883828084],[-132.49961511384433,53.67487239370438],[-132.49789122497398,53.67202250305585],[-132.4915839134172,53.67087460530326],[-132.487895898825,53.671031302181746],[-132.48382070270074,53.67232020848677],[-132.4827149082608,53.674626010078455],[-132.47359767530236,53.67868639615254],[-132.46869090261598,53.679949690850876],[-132.47010969149883,53.68204750495801],[-132.4686908903202,53.68502980816108],[-132.47429021379253,53.688645898916285],[-132.47862270958018,53.689141488049785],[-132.4832438050741,53.68810609817934]]],[[[-132.11033832245008,53.180829801698486],[-132.1138941216187,53.184062796248895],[-132.117971284226,53.18619479562445],[-132.121231713269,53.18602100251151],[-132.11676097855428,53.177478602303886],[-132.120595619022,53.176095703058614],[-132.1236372942332,53.169776510239075],[-132.11723960375383,53.168335196470814],[-132.11131259583425,53.16881230470377],[-132.10884248171772,53.17015530566074],[-132.0949811087653,53.170626793675225],[-132.0887622120134,53.16854170059131],[-132.0850038898622,53.169691089967536],[-132.08423350847025,53.17111950129748],[-132.09050167789337,53.17159660095085],[-132.09168200635236,53.17385538263698],[-132.0957021096886,53.177470101552004],[-132.0995999916618,53.17847269418437],[-132.1016056862816,53.18246909922118],[-132.1072476202807,53.17983709451326],[-132.11033832245008,53.180829801698486]]],[[[-132.46892091811975,53.33356769364507],[-132.47364828912674,53.33261628802524],[-132.47700580587158,53.33016948907749],[-132.47011990223285,53.327756903630046],[-132.46226091548746,53.32807600519629],[-132.4619957184321,53.32472619374895],[-132.45759752815857,53.32313960093938],[-132.45048648491317,53.32529870218424],[-132.4510501916756,53.327198606698396],[-132.4483866905866,53.32876948802444],[-132.44152910774676,53.328414896771],[-132.43688818287822,53.329430404701725],[-132.43505270995476,53.331729107919394],[-132.4380918987944,53.33488788352301],[-132.4410528001716,53.34013050029216],[-132.44441491744954,53.33995960306549],[-132.4421420062651,53.336997184981605],[-132.44316609745,53.334942105898705],[-132.4564967110136,53.333590487377016],[-132.4579285980619,53.33501470281531],[-132.46270999530898,53.33569260274822],[-132.46892091811975,53.33356769364507]]],[[[-132.3759204845642,53.64363229213451],[-132.37951879942878,53.640016302590865],[-132.3830827134444,53.63890678854886],[-132.38463091703457,53.63293509666548],[-132.38660860012752,53.632277115000036],[-132.3887798165078,53.62920370681061],[-132.3887265786368,53.627377802281444],[-132.3830804978004,53.62648059787744],[-132.36908490416818,53.6296978934434],[-132.36920029533385,53.63103231324994],[-132.36393267990968,53.63277699235569],[-132.3600686077189,53.636504202146476],[-132.35793341532639,53.63992799136858],[-132.36206760513193,53.64083660322916],[-132.36345090249264,53.642675290398216],[-132.36872549952506,53.64299708526106],[-132.37426201493713,53.6418065008355],[-132.3759204845642,53.64363229213451]]],[[[-132.94103929805098,53.61080861600754],[-132.94688809131392,53.61208750196567],[-132.94774950318833,53.60994408664863],[-132.94583969739972,53.60813960180711],[-132.94848630927856,53.60594630224705],[-132.935072799088,53.603882584538454],[-132.93673301908643,53.59959579677423],[-132.93843397954413,53.597889597352946],[-132.93625932356701,53.59660209995469],[-132.92261018273237,53.59449569432356],[-132.9190718976495,53.5975989928208],[-132.9228954030354,53.59979659759509],[-132.92621350943793,53.60299108813199],[-132.93108899797983,53.604073491318715],[-132.93171889102342,53.606961801882925],[-132.93468348246907,53.60596059788946],[-132.94126200800582,53.608699283859956],[-132.94103929805098,53.61080861600754]]],[[[-132.40708179073997,53.72114059733042],[-132.41091760305807,53.72213190985083],[-132.41493051251402,53.72046558933892],[-132.41671701275746,53.71804009947566],[-132.41698131555844,53.713209204142814],[-132.41080697636593,53.712562595715696],[-132.40924599806308,53.713545312537285],[-132.40121140393205,53.71481858496648],[-132.39740577979197,53.71755020322892],[-132.40466897385292,53.72092699623846],[-132.40708179073997,53.72114059733042]]],[[[-132.25227848209914,53.75823989318689],[-132.2559125820372,53.759995901153246],[-132.26156979760702,53.7586330162262],[-132.26559331634527,53.755766004214145],[-132.2655343167115,53.75296890377031],[-132.26311627847062,53.75140219786709],[-132.25691000597328,53.7540127897544],[-132.25227848209914,53.75823989318689]]],[[[-132.65736718104142,53.29663509661116],[-132.6621637069409,53.29589309611603],[-132.66116870643023,53.293490501932304],[-132.65385140646342,53.2912331031924],[-132.6463893939887,53.29210181361155],[-132.6517789903982,53.29727029267251],[-132.65736718104142,53.29663509661116]]],[[[-132.6685300138517,53.20351600088193],[-132.66930451486635,53.20220009342426],[-132.66424580509823,53.198595386535864],[-132.65723590615653,53.19860958432164],[-132.65497899079205,53.20239519924513],[-132.66247679554354,53.20386500618058],[-132.6685300138517,53.20351600088193]]],[[[-132.341512177067,53.67655440090461],[-132.34790229536563,53.67607578617157],[-132.34927857373867,53.673201798553464],[-132.3439151746633,53.674224294635444],[-132.33441029460496,53.67244839602002],[-132.33150407014227,53.673633296962976],[-132.33701828909838,53.677937288563776],[-132.341512177067,53.67655440090461]]],[[[-132.99444909078383,54.18403009764328],[-132.9944176882735,54.182771097097984],[-132.987126615196,54.181138901920576],[-132.98015502535677,54.1804838010181],[-132.97383621272013,54.181177401454924],[-132.9767735044898,54.18316840623377],[-132.98331388751868,54.18357429315063],[-132.99111588576343,54.18512529636285],[-132.99444909078383,54.18403009764328]]],[[[-132.44220997267809,53.32809729734615],[-132.43743540066293,53.323049901621175],[-132.43926040135722,53.32091219697947],[-132.43057392910399,53.31854940108572],[-132.43006071915494,53.32181229759317],[-132.43282512379244,53.323571201904244],[-132.4380616013023,53.325149200427546],[-132.44220997267809,53.32809729734615]]],[[[-132.58849690999455,53.689993189848224],[-132.5943006172284,53.68944489512831],[-132.59509819096235,53.68579320941707],[-132.59245718335197,53.684058493546885],[-132.5853908854221,53.68762899630681],[-132.58849690999455,53.689993189848224]]],[[[-132.47154599258533,53.67276310938795],[-132.47401451124088,53.66922819740825],[-132.4782320944342,53.66904731150673],[-132.4793709975763,53.66623880239733],[-132.47576191673036,53.665569394720855],[-132.47180069964446,53.66697800068144],[-132.47154599258533,53.67276310938795]]],[[[-132.20219758385136,53.21580979501067],[-132.20850541084428,53.211901787325736],[-132.20443651426288,53.21109570136555],[-132.2004681919771,53.21178499650126],[-132.19850449326609,53.21638799085855],[-132.20219758385136,53.21580979501067]]],[[[-132.17241147730098,53.22110360026513],[-132.17079330453157,53.21930198599402],[-132.16319901739146,53.215191705670364],[-132.16177958177866,53.216039104007706],[-132.1683441121433,53.221663299836344],[-132.17241147730098,53.22110360026513]]],[[[-132.49913807879702,53.667336902530465],[-132.50243651354748,53.66632709581747],[-132.50397259461477,53.66263700952949],[-132.50034359507436,53.662822096495226],[-132.49569317711413,53.664657900876556],[-132.49569368732094,53.666950892298004],[-132.49913807879702,53.667336902530465]]],[[[-132.42735628901156,53.31612400985547],[-132.43050300732548,53.31547308327017],[-132.42507648169538,53.31231709530276],[-132.42254601608582,53.31344930699014],[-132.42474499538804,53.31558278933628],[-132.42735628901156,53.31612400985547]]],[[[-132.44525519738835,53.71285319169507],[-132.4460866283517,53.71137910032621],[-132.43824101553443,53.71229920634842],[-132.43593100782527,53.7146406031872],[-132.43864211127837,53.71543669373864],[-132.44525519738835,53.71285319169507]]],[[[-132.36227191160344,53.143621178978606],[-132.3549409726407,53.14916244945687],[-132.3591982108999,53.14874520706518],[-132.36266349325072,53.14685240572645],[-132.36227191160344,53.143621178978606]]],[[[-132.59323459568583,53.38923441471843],[-132.5955414795334,53.38701399954616],[-132.59031649094626,53.38686450655807],[-132.59323459568583,53.38923441471843]]],[[[-132.45411548496963,53.669048796161455],[-132.45711850585735,53.66968819329958],[-132.45901332401016,53.6681643005444],[-132.45683890611127,53.66653499443995],[-132.45411548496963,53.669048796161455]]],[[[-132.44584941520628,53.32625150798192],[-132.44894828082707,53.32566050374846],[-132.4500622811907,53.32335609418749],[-132.44466320299247,53.32298868217426],[-132.44375000002668,53.32469490068316],[-132.44584941520628,53.32625150798192]]],[[[-132.94356060446384,53.62609888484682],[-132.9450813944677,53.62376178882642],[-132.94018419879654,53.620278098443904],[-132.93995968012638,53.62302539334933],[-132.94356060446384,53.62609888484682]]],[[[-133.0015495095822,53.72098259218423],[-133.00108729456412,53.71888038870304],[-132.9970434008909,53.71975630789757],[-132.99832529315972,53.72181859699065],[-133.0015495095822,53.72098259218423]]],[[[-132.99755560070736,53.60235591264911],[-132.99852262561242,53.60111260349758],[-132.99639191336962,53.59756200010175],[-132.9938183060485,53.599577302126896],[-132.99728850798564,53.60034628419611],[-132.99755560070736,53.60235591264911]]],[[[-132.1524668827591,53.209621596233674],[-132.15621672015644,53.21339860314106],[-132.15801289370145,53.211634003212026],[-132.1524668827591,53.209621596233674]]],[[[-132.9588759994362,53.70263449818687],[-132.9611522961114,53.70285239869254],[-132.96251151334366,53.699800290017706],[-132.95850650091268,53.69963370915015],[-132.9588759994362,53.70263449818687]]],[[[-133.01167020628566,53.55222798899934],[-133.01181898123352,53.548436696988624],[-133.00829622802104,53.549151702593164],[-133.01167020628566,53.55222798899934]]],[[[-132.18060159392923,53.80280049474159],[-132.18647460796268,53.799943586390484],[-132.18533622101623,53.798801397078954],[-132.18060159392923,53.80280049474159]]]]}},{"type":"Feature","properties":{"shapeName":"East Saanich 2","shapeISO":"","shapeID":"43193130B75218715575902","shapeGroup":"CAN","shapeType":"ADM3"},"geometry":{"type":"Polygon","coordinates":[[[-123.37125292987007,48.582833149105],[-123.37027699515814,48.587239008960836],[-123.3724592090624,48.590957599190226],[-123.37180109880539,48.59369349524171],[-123.37466931131368,48.59400308855361],[-123.37319018686362,48.590585903375676],[-123.38543189373877,48.59191319165837],[-123.39087752939513,48.59404880623384],[-123.39263884142038,48.59389912707471],[-123.403470752518,48.59412546631609],[-123.4034657957136,48.58193168935415],[-123.39965825212249,48.58121200365123],[-123.39622860184745,48.58290762484702],[-123.38977990431052,48.58307949770705],[-123.37125292987007,48.582833149105]]]}},{"type":"Feature","properties":{"shapeName":"Parksville","shapeISO":"","shapeID":"43193130B75481705134055","shapeGroup":"CAN","shapeType":"ADM3"},"geometry":{"type":"Polygon","coordinates":[[[-124.24843179213867,49.30453932672714],[-124.25174190778532,49.30509180687203],[-124.26071650259536,49.310715995084365],[-124.26303819775646,49.314270799558834],[-124.26414940246238,49.31958309073702],[-124.26304710447292,49.323301708340864],[-124.26408650267919,49.325151812669525],[-124.2750485895827,49.32807157487187],[-124.27582513540548,49.31437952398465],[-124.27553630010209,49.30939599289444],[-124.28501197338575,49.309391459709495],[-124.2877445997138,49.30847921007891],[-124.2878104356923,49.31436363008174],[-124.28495787981957,49.314786599029034],[-124.28497131734512,49.318255800818605],[-124.28733490944823,49.321253701060655],[-124.29136850170565,49.32255399941948],[-124.29164919146554,49.32529829287103],[-124.29599949833117,49.327209789206684],[-124.29640808240156,49.32912959112196],[-124.30012240689602,49.329600996206096],[-124.3064374162295,49.32843320556012],[-124.30928011234141,49.32559330517203],[-124.31353080909328,49.32346690351284],[-124.31720340454768,49.32292150818595],[-124.32219288050149,49.324691795611905],[-124.32617100276062,49.33040280118015],[-124.32954689981432,49.33412429333856],[-124.34158932355594,49.341108604757785],[-124.34697074017083,49.34245476302375],[-124.35335938138225,49.339814410073416],[-124.35104212924222,49.33776848381335],[-124.34889847435014,49.337866209791734],[-124.34914184211016,49.33077117838547],[-124.34494663321459,49.32826105084034],[-124.34862110706706,49.325358895361106],[-124.34561283650804,49.32217027692972],[-124.34341008462515,49.3219407670829],[-124.34337658306805,49.318973768181415],[-124.34688896021214,49.318841172740115],[-124.3470317359581,49.31267613182695],[-124.34690118742651,49.311650273514694],[-124.33738575798054,49.31218974120981],[-124.32821817288963,49.30918057551768],[-124.32347583074483,49.30930020166985],[-124.3243330398991,49.3071076746104],[-124.3189147297722,49.307543430355636],[-124.31229093089112,49.30693573933339],[-124.30405273919688,49.305132608610954],[-124.30149579425438,49.305128836623695],[-124.30153956216651,49.30876897832401],[-124.30708530672933,49.30895322275653],[-124.30533456415776,49.31385379229514],[-124.29985582491412,49.313911471798306],[-124.29993552629806,49.30875236945206],[-124.2921475972816,49.30860230570724],[-124.29165418929445,49.306885811507094],[-124.28386372233597,49.30694750465362],[-124.28153079798035,49.30404209918076],[-124.27275430784839,49.29997320288182],[-124.26957681458738,49.29996459832202],[-124.26551157988854,49.29865083431743],[-124.24431434822465,49.29865755617517],[-124.24408686589668,49.30328066942715],[-124.24813739386073,49.30303281108728],[-124.24843179213867,49.30453932672714]]]}},{"type":"Feature","properties":{"shapeName":"Fountain  1","shapeISO":"","shapeID":"43193130B75749655574079","shapeGroup":"CAN","shapeType":"ADM3"},"geometry":{"type":"Polygon","coordinates":[[[-121.8692759532568,50.74221748011043],[-121.86918977252681,50.73967077774999],[-121.86985820519814,50.73180079645744],[-121.86490028927652,50.73178537600156],[-121.86503634787886,50.72758834261465],[-121.85618536849434,50.727720957273505],[-121.85641236293542,50.74236372503691],[-121.8597150061819,50.74261542064565],[-121.8692759532568,50.74221748011043]]]}},{"type":"Feature","properties":{"shapeName":"Port Alice","shapeISO":"","shapeID":"43193130B76198887914941","shapeGroup":"CAN","shapeType":"ADM3"},"geometry":{"type":"Polygon","coordinates":[[[-127.44176326632302,50.3772508293554],[-127.44111751965647,50.38436856061408],[-127.4513950235391,50.39284483779757],[-127.45980903443102,50.39334750208423],[-127.47304729044649,50.40216720120578],[-127.47113646500276,50.404725412706185],[-127.47086690264027,50.434341062971896],[-127.4844209344697,50.434702440327264],[-127.48486783289434,50.44737352477909],[-127.49321167151201,50.4475373258395],[-127.50532882821791,50.44691505446098],[-127.50177669215618,50.44570829089059],[-127.50026311275428,50.44192990451702],[-127.49808360832358,50.44140719831532],[-127.49668698701869,50.43745929541641],[-127.49091549172702,50.431645697879425],[-127.49038800301258,50.42738439745264],[-127.48821531628636,50.424919102604484],[-127.48469539205377,50.42358749351908],[-127.48183858723978,50.418656902778515],[-127.48596822315479,50.411453198560984],[-127.48259828693074,50.40545450928636],[-127.47876310706839,50.40264309248626],[-127.47845739122809,50.40078729834658],[-127.46993468201924,50.39536819904082],[-127.46546751629378,50.39163110251707],[-127.46142801051917,50.39000458830275],[-127.45971900507514,50.3880392118983],[-127.45709389290104,50.38742819235065],[-127.45737220632452,50.384923105909245],[-127.45257409910492,50.38235810519893],[-127.4470753026167,50.382348104694174],[-127.44303819489899,50.38019898770927],[-127.44176326632302,50.3772508293554]]]}},{"type":"Feature","properties":{"shapeName":"Soowahlie 14","shapeISO":"","shapeID":"43193130B7622886875192","shapeGroup":"CAN","shapeType":"ADM3"},"geometry":{"type":"Polygon","coordinates":[[[-121.9408468144597,49.08984628645803],[-121.94126520811126,49.09305511525462],[-121.95294580090406,49.09264987538291],[-121.96822580742851,49.09276906741029],[-121.97317039272149,49.09304676742112],[-121.97242669895964,49.089185687044996],[-121.97343164358232,49.07496776315535],[-121.95331492648853,49.0747086987498],[-121.94124650618969,49.07434831369921],[-121.94063989453792,49.08116161366484],[-121.9408468144597,49.08984628645803]]]}},{"type":"Feature","properties":{"shapeName":"Bella Coola 1","shapeISO":"","shapeID":"43193130B76762740242420","shapeGroup":"CAN","shapeType":"ADM3"},"geometry":{"type":"Polygon","coordinates":[[[-126.74827748622741,52.3935742071299],[-126.76673036750083,52.39435130315264],[-126.76760770300592,52.384178390122464],[-126.76661721597702,52.38060300279221],[-126.76358001196536,52.378022889289845],[-126.75356327059255,52.37440205740044],[-126.752568384549,52.369365252668416],[-126.75276643367135,52.362673264936305],[-126.74138690091362,52.36183419834331],[-126.73835302235979,52.36258301214369],[-126.73363619216609,52.36237516990079],[-126.7336408628872,52.36042850165425],[-126.7216745700543,52.35979771800014],[-126.71370230439034,52.36013023793163],[-126.70183062611422,52.35989896405771],[-126.69275691919717,52.36025077725589],[-126.69362762519494,52.36650745652665],[-126.69404663589003,52.392616950431155],[-126.73814244210217,52.39352612518923],[-126.74827748622741,52.3935742071299]]]}},{"type":"Feature","properties":{"shapeName":"Tork 7","shapeISO":"","shapeID":"43193130B76902505285067","shapeGroup":"CAN","shapeType":"ADM3"},"geometry":{"type":"Polygon","coordinates":[[[-124.92077480595715,50.12240571107878],[-124.92002057974163,50.126278094962565],[-124.92230641947025,50.130943797980976],[-124.92840018218523,50.1314635967732],[-124.93425951025041,50.13654660659066],[-124.94628053175613,50.13671125305573],[-124.94530169867252,50.12055971583724],[-124.92192502936274,50.12130672943474],[-124.92077480595715,50.12240571107878]]]}},{"type":"Feature","properties":{"shapeName":"Central Kootenay K","shapeISO":"","shapeID":"43193130B77064297211128","shapeGroup":"CAN","shapeType":"ADM3"},"geometry":{"type":"Polygon","coordinates":[[[-117.49973912641394,50.45714486829495],[-117.5047842702255,50.45987310105209],[-117.51089639382869,50.46119514587175],[-117.51419958094577,50.46397145121293],[-117.51700141911921,50.468147945613104],[-117.52148094064611,50.47066138422384],[-117.5233280433499,50.473145154090794],[-117.52798253960216,50.47578327385003],[-117.53701120223256,50.480101701797],[-117.5459993004289,50.483281824950815],[-117.55022235276631,50.48419864504096],[-117.54548131694503,50.48974164002804],[-117.54941956874445,50.49694162682325],[-117.5557552643077,50.49992598178816],[-117.5588034167041,50.50231271160888],[-117.56427107766999,50.50266020323375],[-117.57097930033234,50.50485294907478],[-117.57346686970381,50.5029091647561],[-117.58200685965959,50.50299184361069],[-117.58527424523282,50.50422641703262],[-117.58701890653714,50.50788814929373],[-117.59015652059341,50.51013529799006],[-117.59286009778768,50.51388033384476],[-117.59615098596475,50.51608569196645],[-117.59772230536298,50.51922034044707],[-117.60543875677898,50.523436244308854],[-117.60808574169153,50.53191070971412],[-117.61199292505077,50.537167326614416],[-117.61585940166756,50.54370000270796],[-117.62227116186745,50.54476570309787],[-117.6376924696982,50.54860111018754],[-117.64166396617478,50.54429342085371],[-117.64478298294641,50.54194451144178],[-117.6454610662455,50.539457734959285],[-117.64472528130926,50.53540164925584],[-117.64873745288786,50.532232718714354],[-117.65608798333726,50.534821887679456],[-117.66208285920985,50.53352559103967],[-117.67110778783464,50.53243421646049],[-117.67376934976883,50.5334307257147],[-117.67646354440036,50.538214085655795],[-117.68285384706887,50.53910931808397],[-117.68727970110687,50.53870173964485],[-117.69164749660472,50.54141629905793],[-117.6942535160052,50.545131337827264],[-117.70324484287468,50.54772906625621],[-117.72335722987319,50.549116315448174],[-117.73020795372922,50.54988295597401],[-117.73405028434551,50.55101483674016],[-117.74067128081795,50.55437607113227],[-117.74684725341851,50.555212091838136],[-117.75338898360388,50.55445076906143],[-117.75827116927007,50.55310892217441],[-117.76293260715127,50.550906306969296],[-117.7932056545512,50.550579922029556],[-117.80011344709322,50.54902332927736],[-117.80510099992533,50.54730408619879],[-117.81836056278152,50.54100104656306],[-117.84988818027945,50.542387530565236],[-117.85697940448614,50.527858434927474],[-117.89399603474428,50.52824962203598],[-117.90286126568766,50.52823112645734],[-117.9018042845215,50.53319191790356],[-117.9090788963196,50.533056972827055],[-117.92610079420925,50.530616233983636],[-117.95204592496366,50.53194780802303],[-117.977923104363,50.532845982261875],[-117.9794305751011,50.53546165648336],[-117.97942825836743,50.53873519138739],[-117.9847775480259,50.538527502104905],[-117.98867667356438,50.54136381189789],[-117.99433934044087,50.548101179008256],[-118.00091426631674,50.584358247022216],[-118.00765106058884,50.6090683516269],[-118.00510667899091,50.62969163517593],[-118.0068042135538,50.63905162297751],[-118.01127653932271,50.64446965750107],[-118.01381544315302,50.65312027350833],[-118.03933361058769,50.663284829688656],[-118.05537511600838,50.66351135861963],[-118.06837613662476,50.66654330870626],[-118.07163933897881,50.67819881049385],[-118.06960104441185,50.688393148767766],[-118.0765985324639,50.69325503327556],[-118.1019161738122,50.687755986501834],[-118.12326152847916,50.68122762016278],[-118.12869959586602,50.68093201606733],[-118.13727104794864,50.68342844131978],[-118.14523912272112,50.68415940453142],[-118.16850181074379,50.68337668186033],[-118.18193726740593,50.68475476638608],[-118.19311660162592,50.686762600408194],[-118.2072802831535,50.69028161898078],[-118.21351351554055,50.68255762070818],[-118.2134797139006,50.68000907487192],[-118.20397051181966,50.67670890086539],[-118.19903584922443,50.67421413741123],[-118.19636476181658,50.67466647559476],[-118.19289531404954,50.6732967686102],[-118.18401772102199,50.67306884770312],[-118.17861687864342,50.671725875935735],[-118.17494249810468,50.66939046948058],[-118.17073750936221,50.665450119022005],[-118.17668412312568,50.66473720705509],[-118.18287283849757,50.6630434913015],[-118.1880068431368,50.659489760156575],[-118.19571465864357,50.657333486624545],[-118.20160120020108,50.65736556765853],[-118.20632628464183,50.655385662615366],[-118.19980309777978,50.64741844065191],[-118.19923683666407,50.64476398953211],[-118.20125884076717,50.64003411212094],[-118.19598122659613,50.63420354080107],[-118.19228295193379,50.633993964385716],[-118.1863225406728,50.63565563141059],[-118.18075994825202,50.63523544776134],[-118.17810614286056,50.623376781636324],[-118.17135452416925,50.61722808614034],[-118.16618936464303,50.61538315006635],[-118.16269415666531,50.61146592927652],[-118.16763371564414,50.60763832492321],[-118.16704074617539,50.59977023388287],[-118.16824638952606,50.59468618535651],[-118.16332231948485,50.5898543489],[-118.16822994572559,50.586984366709544],[-118.16788620744083,50.584816592637765],[-118.17066245597996,50.583017362351676],[-118.17607883006333,50.581719836246094],[-118.1777426982567,50.58030472312572],[-118.17553328400938,50.57442291763077],[-118.16987891451146,50.57052639370463],[-118.17331165056507,50.56401575204262],[-118.17530430523946,50.56141326614544],[-118.17993935839212,50.56015117953336],[-118.17876006417083,50.55726790162708],[-118.17966392685815,50.55358263456688],[-118.18250855819622,50.550887186658365],[-118.18784768041445,50.54931754003995],[-118.18999918954115,50.549444135383084],[-118.1984313649749,50.55218774865752],[-118.2038804548916,50.55160820385482],[-118.20486124278851,50.548703840642965],[-118.2094261890318,50.548006971187505],[-118.20869243761024,50.54510827753595],[-118.21207580708192,50.542698301336536],[-118.21530428506017,50.53806764185598],[-118.20575097140119,50.533659226153105],[-118.19661249014537,50.52668858973178],[-118.19516734740522,50.523613475294844],[-118.20013275944899,50.52022844313268],[-118.20487530578244,50.51849891660264],[-118.20454421344348,50.5158976616365],[-118.20095640080127,50.51099465983429],[-118.19563993452265,50.50893534452966],[-118.18560222976494,50.500663482852055],[-118.17753010185811,50.4998267447437],[-118.17606924445542,50.49311678021564],[-118.18446262554733,50.484391248758676],[-118.18942946830722,50.481073905837995],[-118.19216268722555,50.474648501127184],[-118.19355105038049,50.474326331849234],[-118.20827000984197,50.47910666558355],[-118.21380909387582,50.47829620957299],[-118.2180995355131,50.4763416002891],[-118.22063391990929,50.471145068514396],[-118.21960098041325,50.46945340338291],[-118.20768305288662,50.464129330203136],[-118.20512269163787,50.462340309147514],[-118.20460192305605,50.45955043340916],[-118.20447599923416,50.451303844849846],[-118.21116252009543,50.442560787713745],[-118.21205016044574,50.43941555569283],[-118.22499585858213,50.434427106661246],[-118.22982866825062,50.43372824483179],[-118.23660544115884,50.43418602129455],[-118.2416064862483,50.435149319633396],[-118.25762056706812,50.43537716955567],[-118.26281298544008,50.434734549253044],[-118.26758563206661,50.43621854373248],[-118.27256624052143,50.43496584941969],[-118.27011503918717,50.43085391279911],[-118.27294910616537,50.421393439363655],[-118.26991590756326,50.41584527799816],[-118.27143926671104,50.41141878138753],[-118.27479144957817,50.40661413564385],[-118.27697630664534,50.401335546118894],[-118.26305550584871,50.39886966901367],[-118.25583676335414,50.39878000849592],[-118.25474755340399,50.39722079522383],[-118.25650051028339,50.39553114745179],[-118.26380275272396,50.39523602719306],[-118.26994638440264,50.393256949328986],[-118.27816394579895,50.39217015618281],[-118.28208467422019,50.39241523029731],[-118.2858031214472,50.387840788815055],[-118.29167211824597,50.38607009488966],[-118.301374645818,50.379889378104174],[-118.30221221434522,50.37658737463724],[-118.31074490218322,50.37113226515736],[-118.31739361421711,50.3614658353196],[-118.32689403391636,50.351999961760065],[-118.3276501299409,50.34498641467368],[-118.3226488697477,50.341732565651704],[-118.31766439163724,50.340611518177724],[-118.31258670809625,50.33724577440412],[-118.3082846456054,50.336197641747084],[-118.3026662250007,50.337801972860404],[-118.28819346300922,50.33724255691793],[-118.28307979650698,50.33896979222013],[-118.27545786575378,50.33980316058891],[-118.26372122264442,50.337123841359144],[-118.26010697356894,50.33434348462503],[-118.25948780549024,50.33225165795907],[-118.26160726906365,50.33019230230766],[-118.26141571205561,50.32811356165491],[-118.25896755211475,50.3264045419073],[-118.25525122805317,50.32558935759479],[-118.26717815286321,50.31812252735101],[-118.26945496240369,50.31388530170972],[-118.26788630962848,50.30952840309273],[-118.26886188275152,50.30552270386226],[-118.26342735189714,50.30012389003333],[-118.26445920762615,50.29770198754493],[-118.26929241049545,50.29475021237875],[-118.27606247818491,50.27865560870525],[-118.2742867709046,50.26889359971096],[-118.26940608723774,50.25947436455462],[-118.2691567509872,50.25701263175187],[-118.27139047412635,50.25332049324695],[-118.27106218218825,50.25194709234103],[-118.26357133932711,50.24840169141168],[-118.263534948759,50.2465464575299],[-118.26564971859268,50.244487627818366],[-118.25816890575953,50.2262091578658],[-118.25338268646169,50.22263110078131],[-118.24847126577738,50.22189188202112],[-118.24838005123156,50.21845376480641],[-118.23871615525876,50.210857154605975],[-118.23692523499828,50.20616187770045],[-118.23941048088835,50.20492230625363],[-118.24072701924861,50.201067075037],[-118.23912308607353,50.196296637700286],[-118.24320491873704,50.19313150426642],[-118.24927017427295,50.19194752471815],[-118.25247268556011,50.19023617711621],[-118.25284780394861,50.18865644373661],[-118.2598424766249,50.18305719117017],[-118.26372091214158,50.18142124419406],[-118.26193007760418,50.179115006483826],[-118.2568348859268,50.17533234416031],[-118.25235225394124,50.16909983303574],[-118.25786363501504,50.165594775808856],[-118.26600140221115,50.16288336992987],[-118.27404531301107,50.15790924445342],[-118.27818683910523,50.15605165339461],[-118.27753161384797,50.14628987351748],[-118.280149024137,50.14312297726215],[-118.28479446209715,50.14018115065932],[-118.29601394739032,50.13468284153202],[-118.29561046445298,50.133184376376214],[-118.29139485666529,50.13128661401871],[-118.29577763119758,50.115519578975544],[-118.29569564449525,50.11112194218711],[-118.29442531940508,50.10814500823366],[-118.29192991311065,50.105475409359414],[-118.29147506663737,50.10238296781564],[-118.29352351152251,50.097815289439744],[-118.29846031784534,50.095812354210715],[-118.30443311122562,50.095770690451744],[-118.31514266097666,50.0977963554792],[-118.32268088035615,50.097772230100595],[-118.3289680341533,50.09863488194511],[-118.33817185941894,50.10072266563004],[-118.34036298649909,50.10029698359041],[-118.34926152609893,50.09457067367711],[-118.36992736966951,50.090463949372165],[-118.37538814614842,50.09050079627066],[-118.37842904423641,50.08970400992091],[-118.37867594446985,50.086463982603476],[-118.38285572349625,50.082101119661154],[-118.38396293499588,50.07717480027062],[-118.38810365223713,50.076998612458276],[-118.39829617421465,50.078761239034264],[-118.39898721194257,50.05330106621517],[-118.3997600432543,50.03342331987193],[-118.45694178746933,50.033472586808955],[-118.49585480243178,50.03360775006129],[-118.49208079261808,50.030623718683714],[-118.48670087571355,50.02970994183139],[-118.47651564889696,50.0268312694641],[-118.46147221480902,50.02566654223657],[-118.4481108855442,50.02261570192333],[-118.43526817751457,50.015770021031585],[-118.43185882053004,50.009295064425444],[-118.43682451792073,50.00522061881104],[-118.43978181411705,50.00442470724639],[-118.4464575029046,50.00660010867784],[-118.45267601103592,50.005117404036],[-118.45720978223976,50.00296006501375],[-118.46893772827504,50.00073641073085],[-118.47351338276246,49.999525280962764],[-118.47081392271325,49.99629023740096],[-118.47297788964272,49.98839140467891],[-118.4707809814614,49.98444698849563],[-118.4592134551133,49.97711451274604],[-118.44870153210736,49.973794736223084],[-118.44375244939114,49.9737444338352],[-118.43973705511291,49.97672439564888],[-118.43389939440713,49.97894769039163],[-118.43066951202461,49.979385721757744],[-118.42423907486166,49.97511720260337],[-118.41766894041234,49.974056772028135],[-118.41588980279634,49.97304486669926],[-118.41377246009307,49.96695326405541],[-118.41568292681309,49.96488845115191],[-118.42062933861476,49.96215090750563],[-118.41903714511781,49.95798345803236],[-118.41893211230766,49.95398075879027],[-118.42175778699715,49.951352482906444],[-118.4223039114882,49.94763063960142],[-118.4197177346811,49.94478084384223],[-118.41918521362304,49.94203176911573],[-118.41535953724765,49.936291222282925],[-118.41607276737732,49.933800449196774],[-118.41843116232944,49.93115833367389],[-118.4173926478444,49.92712826078726],[-118.42019012924878,49.92259002483825],[-118.42059637811724,49.919326537578876],[-118.41859580452892,49.917760399743784],[-118.41870262596672,49.913602830555675],[-118.41030324263555,49.909132746492624],[-118.40693510134899,49.90832984063941],[-118.3994469139356,49.90873380196269],[-118.39139220592737,49.90986520522506],[-118.37738364018234,49.91363781161549],[-118.37669039220133,49.90907344606774],[-118.37533826060249,49.9075450412405],[-118.36687241068537,49.90129958718805],[-118.35890477661765,49.894666221169025],[-118.35358789408845,49.89456792907899],[-118.35388731566498,49.89178275813961],[-118.35829107015662,49.88699259863516],[-118.36084842276783,49.88061797602225],[-118.37000927671679,49.87400379590431],[-118.37484151941078,49.87395243041769],[-118.38119007123406,49.87189578945469],[-118.38423538059901,49.871567380925114],[-118.38051963857363,49.86747589620108],[-118.37859547433426,49.859116174758356],[-118.38104381485994,49.85458761776064],[-118.38171283004398,49.85012559781155],[-118.38142825612113,49.838499572809624],[-118.37846397272595,49.83416945125056],[-118.37781947094493,49.83023071723472],[-118.37440871388297,49.82458066666071],[-118.37238774333167,49.82373620802015],[-118.36644829177234,49.823350833509416],[-118.35837446034928,49.82485417130931],[-118.3461274130656,49.824608628784475],[-118.32458719845596,49.83060440833612],[-118.31208627269876,49.82352320657652],[-118.2973610992192,49.823937303672864],[-118.2862210062984,49.81988817969832],[-118.26463130137672,49.80447183727558],[-118.26368150769781,49.79584384786121],[-118.26672424311488,49.78711408732885],[-118.25725500552443,49.784775214730644],[-118.25569294063725,49.76222287453321],[-118.24806827573902,49.7598733427257],[-118.237153110021,49.754488993522976],[-118.23524473694347,49.746888969049074],[-118.23766752952363,49.74055841550328],[-118.23678017901453,49.734613112962215],[-118.23067013442477,49.724315987014485],[-118.23059564303318,49.71829886469032],[-118.218400265586,49.7151878105424],[-118.21215172023203,49.70946107098648],[-118.20119257906525,49.70909877920559],[-118.19452586552987,49.711488410413885],[-118.19391116655106,49.71789048379372],[-118.19065753660199,49.7277606986888],[-118.18321548647563,49.73116809536863],[-118.17573140203386,49.727619909269684],[-118.16677889683422,49.73185671473372],[-118.15986681809511,49.73450981272697],[-118.15539166079886,49.72640552912239],[-118.14892990578892,49.72417180685727],[-118.13629482523433,49.71884803978004],[-118.13252879739697,49.717659206530406],[-118.1140810958277,49.71308892535051],[-118.10725092938958,49.70503359041424],[-118.09971752472346,49.702698912042756],[-118.09064165470105,49.70954302679919],[-118.07781028886683,49.70803074283953],[-118.06694881666108,49.697544216724225],[-118.02120325340906,49.69222513368161],[-118.0034987184415,49.69211659519874],[-118.00230595104065,49.694058161285376],[-117.99803040665833,49.69643716142777],[-117.99333476443137,49.69809181580819],[-117.9917405910386,49.69980193850985],[-117.99243747366228,49.703096322206555],[-117.99525404115047,49.705476698606375],[-117.99520387277222,49.70755143811737],[-117.99096405059416,49.711350816106275],[-117.98924973560425,49.715029718041144],[-117.98319640658052,49.720116181956165],[-117.97971575041848,49.723785881768784],[-117.97579070840699,49.72658000498896],[-117.96603756124533,49.72970084686938],[-117.96869065101667,49.73220477202477],[-117.96879614797409,49.73449827055149],[-117.96515980051943,49.7381030471074],[-117.96309136389156,49.74424183828732],[-117.95962468868204,49.745771596788934],[-117.95317361068969,49.74654202480069],[-117.95121761918145,49.745956765102996],[-117.94714575869126,49.748332600993386],[-117.94686923579839,49.751029301557274],[-117.9487014806717,49.75327943927327],[-117.94843685374121,49.75647983813828],[-117.94426127883385,49.75977134020226],[-117.94585000257482,49.76690511213309],[-117.95013289837976,49.76815028974789],[-117.95397797331087,49.77048904075988],[-117.95640198358468,49.77352320090719],[-117.95307543883608,49.77526668104438],[-117.94624506224427,49.78023688963481],[-117.93444445035149,49.780132994709994],[-117.93048779928932,49.78171466267973],[-117.9274942323244,49.785219578188396],[-117.92752427778295,49.78662602294588],[-117.93159340188299,49.78949406518307],[-117.93198438044683,49.793481050381324],[-117.92955359887834,49.79889668480094],[-117.91984502328289,49.798030529915636],[-117.91419518009933,49.80127048702004],[-117.90964917298773,49.79867517173897],[-117.89993576974575,49.798188000255784],[-117.89440993267496,49.800252000258524],[-117.88612680819774,49.80073048933854],[-117.88610931426008,49.804113519378326],[-117.88899126055973,49.80803375727183],[-117.89305195676354,49.81624693432862],[-117.88370579428705,49.82039883537588],[-117.87856377912996,49.82167829885584],[-117.87915556851011,49.825291471357914],[-117.87816809772893,49.82683584349689],[-117.87258042806016,49.83115155006094],[-117.8727519556061,49.83608636136228],[-117.86693709652619,49.837532458614184],[-117.85777187559857,49.837579893167536],[-117.8546002877463,49.83644849424067],[-117.85055630401905,49.8323617568582],[-117.84581292121561,49.83160847970703],[-117.83786115585055,49.83219924296206],[-117.83797979162283,49.82644321976279],[-117.83581067200568,49.82456738086457],[-117.83283956680582,49.823926997743435],[-117.82606982570978,49.82433205252841],[-117.81703956803617,49.82408573228142],[-117.81266959678078,49.82476450109952],[-117.80881173457686,49.82416154360737],[-117.80444357543428,49.82039018236882],[-117.80196474495072,49.816864005002415],[-117.80162674606603,49.81383626920821],[-117.79901429252517,49.81228744845813],[-117.79326623049494,49.81361434919373],[-117.78783791796747,49.81289286393638],[-117.7789793480792,49.81476870530489],[-117.77575360466513,49.8134752295351],[-117.77306920446661,49.814853377728916],[-117.76592709411015,49.81650288055658],[-117.76205616351342,49.8167791461052],[-117.75654495364833,49.818675079649125],[-117.74569450555448,49.82713587823198],[-117.74878744787486,49.83090769509859],[-117.74903117150971,49.836758830806296],[-117.74491763705112,49.83841118566983],[-117.74635802139383,49.84586683850303],[-117.7445003076695,49.84806976607591],[-117.74674690393482,49.8520359751676],[-117.74660271293153,49.85456187036459],[-117.74486168407226,49.85635309114522],[-117.7426740812983,49.8609017832885],[-117.7424965290481,49.86435750372006],[-117.73411345890118,49.865182495603456],[-117.72901638004551,49.866241967484086],[-117.72535537196242,49.864271657851276],[-117.71280489782717,49.86598424007505],[-117.71173313516677,49.86682277395938],[-117.71162071871778,49.87361267002998],[-117.71029123206132,49.881219418215636],[-117.7067744028014,49.88465600879776],[-117.70826475624021,49.88777979236916],[-117.7045592809996,49.89034586242992],[-117.70398826952335,49.892428620295796],[-117.70520349084934,49.897491684776526],[-117.70806721830205,49.89895530211737],[-117.71168221278337,49.90517424771375],[-117.70987308296681,49.90843514386827],[-117.70949535688136,49.91218106269555],[-117.70429764464824,49.91397970149623],[-117.70295194203615,49.915291234086105],[-117.69507064500553,49.91962773861501],[-117.68855492236273,49.919155213405894],[-117.68585417019983,49.9183342559585],[-117.67976255498904,49.91839931034606],[-117.67452946010737,49.91759702302515],[-117.66530461365572,49.915208758259894],[-117.6590079269492,49.91574858996039],[-117.65737126597332,49.91319258686831],[-117.65242415175445,49.914583873756314],[-117.64323786392072,49.915730784879585],[-117.63818554635294,49.91554234719124],[-117.63412844967084,49.91719362862112],[-117.63151818613207,49.92004241260879],[-117.63284025737666,49.92685332930327],[-117.63018229222519,49.92963135065059],[-117.6340078450806,49.934021691438375],[-117.62917610893268,49.94394255087808],[-117.63161925123751,49.94723000567899],[-117.62562091563721,49.950581123508385],[-117.62522004866891,49.95233666194324],[-117.6213264812401,49.953354241892136],[-117.619263509013,49.952705809559305],[-117.60868054861587,49.95357829539365],[-117.60202202692781,49.95633089580329],[-117.58884540497377,49.959393896417915],[-117.58886051490438,49.96158332438876],[-117.59195009110454,49.96850777210833],[-117.58648165252333,49.97099194423276],[-117.58333603810333,49.97451809412702],[-117.5823645416878,49.97837006513751],[-117.58301180856141,49.98348227145849],[-117.58729739875814,49.98837021420772],[-117.58750113275256,49.99113875443488],[-117.58329953918783,49.99809740118645],[-117.58012881518214,50.00040773794784],[-117.58050704673337,50.006985869886734],[-117.57716161228524,50.00972362087075],[-117.57015200864554,50.00959936313181],[-117.56944903203052,50.01080531981841],[-117.56978916106381,50.018511035729865],[-117.57273747194878,50.025813944239545],[-117.57267330774074,50.02709653430175],[-117.58086412749714,50.03304032943525],[-117.58566194916332,50.03445983733001],[-117.5843433762964,50.035920474936646],[-117.5843962510025,50.04033347857292],[-117.58285654635979,50.04380081982929],[-117.5870952141783,50.044454958191146],[-117.59005979380838,50.0438622851202],[-117.59560204136976,50.045715823470566],[-117.60099694630456,50.051505515153615],[-117.61204457473059,50.05564267447273],[-117.61158524695578,50.0580295489276],[-117.61427933195387,50.06424800322402],[-117.6138329016503,50.06525879861528],[-117.62093662783019,50.0686005325031],[-117.6237904665538,50.074552622213304],[-117.62439986130306,50.07851993932513],[-117.61585976478692,50.08102719428698],[-117.6122434815359,50.084510870968224],[-117.61462037636639,50.09004690858572],[-117.60980471187696,50.09117566116936],[-117.60717357797625,50.09624065604661],[-117.60790057312947,50.09827850077],[-117.60306163829756,50.10053931599747],[-117.59626736277283,50.101322295807385],[-117.59499499456776,50.10358304711026],[-117.59170762954011,50.10583721991525],[-117.58981912710713,50.10892121653175],[-117.5917621289617,50.1111170450313],[-117.59674408586143,50.112186737054735],[-117.59951697845287,50.113964675427816],[-117.6360563779046,50.12250073437714],[-117.6478967002767,50.12672835774917],[-117.65421543031738,50.13511488970495],[-117.66574883239015,50.13677710445293],[-117.66978431108956,50.1365234320416],[-117.67382228002968,50.14095274091528],[-117.67863133135799,50.14096312379085],[-117.67939045229565,50.15540326838396],[-117.67771572797959,50.16870116220926],[-117.6804469308911,50.16852776391738],[-117.67986813657326,50.17170153022983],[-117.66777539396998,50.17154092881961],[-117.66018311649145,50.18104178038935],[-117.64334004168484,50.184311681419295],[-117.646562378623,50.186910814204865],[-117.64835993387453,50.190684181776106],[-117.64807717296046,50.196006135008695],[-117.65054969073609,50.20650506930845],[-117.66337196293176,50.210913368532374],[-117.66492712131416,50.21509372528259],[-117.66466376958428,50.22289338586297],[-117.66840940641848,50.22945259601613],[-117.6714176891984,50.23582552521401],[-117.66794223089953,50.240440749696035],[-117.63836217162944,50.258603022832254],[-117.62474957935613,50.25706306330336],[-117.61546504540475,50.25648789424497],[-117.6030764269184,50.25401486935827],[-117.59123977328814,50.25513271032631],[-117.58653315838752,50.256911837994835],[-117.58209547018204,50.25702271375707],[-117.5813233388541,50.2630387192844],[-117.57745032080648,50.266405959076145],[-117.56829238320013,50.26823568656362],[-117.5671010947173,50.272232331706185],[-117.56515499311567,50.274899595401145],[-117.55951351073804,50.27661699664126],[-117.55666210468488,50.276332058232924],[-117.55582235312677,50.281256133255425],[-117.54853893612109,50.2841051756554],[-117.54330065763158,50.28383367517429],[-117.54157684704327,50.28703650140005],[-117.53862954148853,50.28920774018101],[-117.53543733824974,50.28922463172508],[-117.53361554519448,50.2875015605198],[-117.53356135664545,50.284440260237126],[-117.52274529720371,50.28423098664017],[-117.5181286965629,50.28092230497872],[-117.51492195265227,50.28051610248881],[-117.50566764294122,50.2812445642774],[-117.50354002592334,50.27746959002488],[-117.50634441759661,50.271319525275544],[-117.50505477729268,50.2685970490821],[-117.50085227792326,50.26649915563725],[-117.50032020567447,50.26510711416302],[-117.48501249892426,50.26535029988701],[-117.478066310693,50.267537415354454],[-117.46670045626006,50.27693007487269],[-117.4642763441453,50.28252754468757],[-117.46524201195388,50.28439267736738],[-117.46446235786684,50.2894575037623],[-117.45669394229202,50.29463370505603],[-117.45634093579687,50.29651750712732],[-117.45845469589098,50.29951732381591],[-117.46150230733825,50.301112684117626],[-117.45782570989476,50.303814498634296],[-117.45471765458957,50.30797965225333],[-117.45444628826323,50.31563040816106],[-117.45742688040671,50.32094885979286],[-117.45445444351115,50.33116486495798],[-117.44871368777719,50.34183444856126],[-117.442764720528,50.3479615873205],[-117.4339113347996,50.35172358658369],[-117.42795301448007,50.35320944871756],[-117.4160460948332,50.354387454976795],[-117.39988987089983,50.35382535694522],[-117.39436556431885,50.35590801291447],[-117.38137344529169,50.356400627424364],[-117.37475153671441,50.35947101908661],[-117.37553393265677,50.36607219817351],[-117.37448594141858,50.36891106073662],[-117.37657336056654,50.37285909356983],[-117.37439544683765,50.37600394077604],[-117.37459652658248,50.38012274041343],[-117.36926487624459,50.38233164589766],[-117.36604361786944,50.38852652490437],[-117.3602028171067,50.391979755876825],[-117.35895011219266,50.39632140870999],[-117.36147614871435,50.39972551893156],[-117.36310039444844,50.40558844444134],[-117.36489850656048,50.4068900553775],[-117.37716465570303,50.40807803164039],[-117.37963820535673,50.41119849030239],[-117.39585211474157,50.41932515706889],[-117.40299832977473,50.41942956892691],[-117.4126021758415,50.42483292631958],[-117.41455281353953,50.425155319896035],[-117.41595632677745,50.42204252620546],[-117.42017162889752,50.421151782313586],[-117.42929295118314,50.421612641073494],[-117.43612886435835,50.42265194532855],[-117.4381900280178,50.42354064903488],[-117.45413926091533,50.425424372833476],[-117.46246848714793,50.428699453064766],[-117.46634753436877,50.43130987387501],[-117.46700551149291,50.4344979882746],[-117.47259850609476,50.43647133907818],[-117.47485807050161,50.43645271957094],[-117.47946130133442,50.440145021957804],[-117.48770821646849,50.44548867823675],[-117.48905594777499,50.44810604160646],[-117.49555491950126,50.45042922959022],[-117.49973912641394,50.45714486829495]],[[-117.81735027632244,50.27460953584824],[-117.80867334660584,50.2661192862214],[-117.79140108408885,50.266539318241406],[-117.79083776523149,50.26278576225581],[-117.79371430968351,50.260129589951696],[-117.80121599556928,50.25759917817467],[-117.80230938627668,50.24899668654509],[-117.7994451226521,50.246405109649636],[-117.7960890151753,50.2453721028242],[-117.79355761106531,50.24287050018811],[-117.79040095244761,50.24655313069444],[-117.78385615799732,50.24545954084436],[-117.7726311690709,50.24529867725696],[-117.76818805223436,50.24326330239321],[-117.76943335327319,50.239816864927256],[-117.77323348536117,50.23420046278162],[-117.77716266749293,50.23064827999234],[-117.7831305232655,50.23241316057931],[-117.78794141826604,50.23241436211293],[-117.78935312268922,50.228807167924735],[-117.79334021825152,50.22874545636007],[-117.79458844008346,50.233620769646784],[-117.80072023222795,50.236530541956775],[-117.80777755559495,50.236523860075884],[-117.81418161356359,50.239663957262145],[-117.81732433744179,50.24353994734558],[-117.82334111369157,50.2454325530691],[-117.82647971285512,50.24966437172245],[-117.82351678915806,50.25404153788893],[-117.82104526327828,50.255566518896046],[-117.82076702910544,50.25760861504326],[-117.82310363117683,50.2616465930751],[-117.82293268968307,50.26528432548611],[-117.8195838044396,50.26676058948682],[-117.81246320789158,50.26659829772912],[-117.81971711561538,50.27347481018429],[-117.81735027632244,50.27460953584824]],[[-117.68687229314187,50.29829382695014],[-117.6828513338186,50.29904542953368],[-117.68362291697531,50.29650670682765],[-117.68747760680739,50.294916102629244],[-117.69428720471194,50.29520209928152],[-117.6948015147937,50.29676450068496],[-117.69176341521234,50.298089661330735],[-117.68687229314187,50.29829382695014]]]}},{"type":"Feature","properties":{"shapeName":"Juan de Fuca (Part 1)","shapeISO":"","shapeID":"43193130B77275328065195","shapeGroup":"CAN","shapeType":"ADM3"},"geometry":{"type":"MultiPolygon","coordinates":[[[[-123.5479462013709,48.50821683132897],[-123.5491331962543,48.50928350287867],[-123.54937591474531,48.51288959214696],[-123.54669819313455,48.51319860630283],[-123.54305361370518,48.51567250706851],[-123.54247919582319,48.51888690988717],[-123.54542719586304,48.52360529824051],[-123.54464767685779,48.52668589391217],[-123.54644630408285,48.52754038978088],[-123.55081571287771,48.532089288148356],[-123.55541703242844,48.53601535342206],[-123.5601131847641,48.535705693478086],[-123.57926329851978,48.535676638966684],[-123.57919553614833,48.53169826831034],[-123.58111928692496,48.53176005786374],[-123.5809767748426,48.524723105509715],[-123.58624579274718,48.525088252502755],[-123.58643615585827,48.52121152824142],[-123.60866236655147,48.5217068278769],[-123.60882900843878,48.529017921957575],[-123.6168321791359,48.52912497253207],[-123.61710085768644,48.52559793000879],[-123.64035622049076,48.52595408478435],[-123.64129368841202,48.514855525988025],[-123.63571825375321,48.51472912095884],[-123.63622650319788,48.50090714674942],[-123.65218087083385,48.5007202304501],[-123.66696241050869,48.50083253832285],[-123.69439371973395,48.50059364004125],[-123.70008054155755,48.50035734453599],[-123.71228776713998,48.50054581827076],[-123.72350554374648,48.50101213015986],[-123.74245660200815,48.50101516301469],[-123.75065812478378,48.5008060768491],[-123.75038469238496,48.49682823597197],[-123.74898793506847,48.49413314512286],[-123.74607023505547,48.49326348077198],[-123.74618842909611,48.48873352028068],[-123.74927442209356,48.48769522266157],[-123.74923952633355,48.47987919985721],[-123.75221314701183,48.47985382396705],[-123.75212008358709,48.47394103075918],[-123.7461813910076,48.4740168500263],[-123.73928283534869,48.47416805901313],[-123.7395206683543,48.463230366369295],[-123.73898162312919,48.458811265665815],[-123.73735301184111,48.45539468314808],[-123.73353337792975,48.45323617979149],[-123.73333870621566,48.44983144692186],[-123.73055933266555,48.44778735569702],[-123.72533199017458,48.44616774445839],[-123.7213754324024,48.44290204194483],[-123.71902825564213,48.44200980419216],[-123.7152580535157,48.436318995030106],[-123.714658399664,48.433475190385735],[-123.71160685307674,48.42975657806267],[-123.71191709485181,48.428399115396935],[-123.70671731967815,48.42810529906438],[-123.6567021669278,48.42842594701865],[-123.64569094484982,48.428252483220504],[-123.64559248170754,48.424355127457424],[-123.58054577760281,48.42489982250044],[-123.57483070102055,48.425904200930205],[-123.57462350052381,48.42703022584009],[-123.56980944517088,48.43183499371913],[-123.57117380198633,48.43228052286577],[-123.5714514500382,48.43862685509459],[-123.56561069882406,48.4391976980768],[-123.56163167481,48.4454164569308],[-123.56291902281312,48.44589118147043],[-123.5602023988035,48.452670157281155],[-123.55814468213042,48.455710313933984],[-123.56388081507771,48.45894444566433],[-123.57102473472638,48.459244628874394],[-123.57383021430938,48.46144684098429],[-123.57273687493426,48.46350622124286],[-123.56760689821803,48.464391489537476],[-123.56428386214458,48.465680141057234],[-123.55867613520208,48.46637016636226],[-123.55710774798472,48.468513534592816],[-123.55741859356951,48.47220606232326],[-123.55455833276038,48.473807039710564],[-123.55321300880742,48.47873310712747],[-123.55809317333383,48.48417088199907],[-123.55817025815526,48.49234900375787],[-123.55933287066814,48.49423606325437],[-123.55658283994046,48.498591154092736],[-123.5573419236408,48.50275063785509],[-123.55708422840621,48.50783365601969],[-123.5479462013709,48.50821683132897]]],[[[-123.74160828086609,48.442532445325725],[-123.74176436802414,48.438554403586316],[-123.74744676134692,48.43856195900538],[-123.74754792344635,48.435787360465774],[-123.74599197387352,48.433701287663574],[-123.74637314489912,48.4213945281373],[-123.74494370496309,48.41893861462676],[-123.75638819661438,48.41484040372166],[-123.78519634713871,48.406565313695104],[-123.83737541110379,48.387933859699295],[-123.85782459695528,48.388089807295536],[-123.86217129549034,48.3899397530156],[-123.86626191754605,48.389823067577495],[-123.86575110955329,48.39441641431688],[-123.86562097943941,48.40293689741595],[-123.88942420855196,48.402627572443414],[-123.91223397941044,48.4051675997789],[-123.91227448149502,48.40236650631407],[-123.92328615203895,48.40239669594508],[-123.92336300370478,48.4042307989163],[-123.93645096465214,48.404383769120365],[-123.93633101335047,48.405959905237026],[-123.94008365858168,48.40612831553118],[-123.94992787927117,48.40511392465503],[-123.94993620480979,48.40368247791295],[-123.95626483989834,48.40416164038998],[-123.97134071733696,48.40397532364998],[-123.97146500034265,48.40767795501255],[-123.98182120437926,48.4074671288956],[-123.98167513659355,48.41666375539657],[-124.00347960712185,48.41679682163339],[-124.00335193202429,48.41888842559076],[-124.01510139057869,48.418895695698815],[-124.01483730640483,48.43001488785444],[-124.02573894174765,48.43003242412743],[-124.05146033281267,48.43069028384835],[-124.05220848412215,48.42528500201342],[-124.05516950261068,48.4218897100197],[-124.0468071049705,48.419833208685596],[-124.04083890339096,48.42134568806705],[-124.03576040249308,48.420284590544625],[-124.03154260882606,48.417533109614205],[-124.02401529536645,48.416907811001415],[-124.01930868905114,48.41538389047744],[-124.01123099658004,48.41075949587124],[-124.00264169204084,48.40973690088658],[-123.99900270411013,48.40885959190906],[-123.99577779082608,48.407008102196706],[-123.99316719643777,48.40680591101785],[-123.98780800830845,48.401588999228395],[-123.98606158737961,48.39787040006728],[-123.98641550538059,48.39590499669366],[-123.9824697080818,48.39581390328841],[-123.97981851787091,48.39353229747864],[-123.97456140002625,48.39268629355743],[-123.97390240243487,48.3943568921949],[-123.96963021918626,48.39489670200074],[-123.96756118093462,48.394067796827784],[-123.95699959952884,48.39626249428953],[-123.9488255827965,48.39552049983065],[-123.94646869576226,48.39378441039994],[-123.9411954133615,48.38685558991159],[-123.94092109473928,48.38522910483086],[-123.93139410833513,48.3819876075406],[-123.92843510810864,48.37966329607212],[-123.9227981079518,48.37715388870137],[-123.91581398632174,48.37706559079543],[-123.91140539938857,48.37971888706975],[-123.90533178056862,48.37918189592213],[-123.9029176075095,48.38083829326086],[-123.89188379066917,48.382444790761355],[-123.88326459705021,48.381484907173316],[-123.87556040845935,48.38113878901942],[-123.86935148442312,48.37903670406765],[-123.86522441414346,48.38015609237489],[-123.86019809684254,48.3783944098186],[-123.85433857733592,48.37528959341331],[-123.84829050960116,48.37286839178922],[-123.84300550019447,48.372664808839104],[-123.83753679541701,48.37098559245589],[-123.83350710977253,48.36807309024691],[-123.83031849260753,48.36391300896663],[-123.82473059831239,48.359796989791754],[-123.82289158593969,48.357092505637745],[-123.82104221810664,48.35706969649854],[-123.81461599024281,48.35956351231861],[-123.80683069202261,48.36073270479526],[-123.80415948710149,48.362497290805294],[-123.8006652859329,48.362719494494456],[-123.7980678049932,48.364024100354975],[-123.78634050559533,48.36439289919057],[-123.78364692318642,48.366492568183844],[-123.78484716980158,48.37381605618439],[-123.77520272738053,48.37557958881011],[-123.78017894689737,48.38120852148103],[-123.78257803983485,48.386632734305465],[-123.77272440619247,48.39040774156853],[-123.76940002930932,48.38474189432643],[-123.77403740055014,48.38330030116819],[-123.7697386436694,48.37689697814913],[-123.75491497472706,48.38070024801355],[-123.75757235048049,48.38379502961954],[-123.76357453068121,48.39284177299566],[-123.7480854281578,48.397570436368206],[-123.7480609711946,48.40160711963004],[-123.74107530880691,48.40003238953871],[-123.73969661249703,48.39908809486892],[-123.72799530787952,48.40271067307611],[-123.72828128171253,48.41298895207272],[-123.7174440677384,48.41300407754989],[-123.71811914237458,48.428613932663374],[-123.72370520521092,48.42743784568642],[-123.72387728443138,48.4310381709321],[-123.72693060725092,48.431047838452834],[-123.7270981652354,48.438376313002124],[-123.72872636446277,48.441888853882524],[-123.73738927839428,48.4417182667864],[-123.74160828086609,48.442532445325725]]],[[[-123.60307392322714,48.35947884731567],[-123.60979118988675,48.361570092754086],[-123.61544104682194,48.359971102745945],[-123.61927346117999,48.35319809966566],[-123.62248179925874,48.354310240250506],[-123.62385664143737,48.35757085589837],[-123.62629587673564,48.3586144246188],[-123.6275300939401,48.37021369738814],[-123.6351073022972,48.372471098441274],[-123.63704010053512,48.36937479406224],[-123.63399110150587,48.36626011196768],[-123.63546172160736,48.36293170450655],[-123.63840131128919,48.364868587308024],[-123.64568011549984,48.363910100622235],[-123.64813430140131,48.36585698993026],[-123.65261852083685,48.363907300219154],[-123.65250591862244,48.36038100228733],[-123.65885200525598,48.35939968602486],[-123.66216208418696,48.36158439380333],[-123.65282291046238,48.3640311859968],[-123.65284038517501,48.36534430388457],[-123.65792920192955,48.367420810885235],[-123.66104289020193,48.365865608307075],[-123.66229471003098,48.3635099032795],[-123.66997720111912,48.36564199996711],[-123.67298450533605,48.36740660088259],[-123.67855278659414,48.367751197244814],[-123.68160680706548,48.36900169912064],[-123.68278880255272,48.37257500135276],[-123.68176701960473,48.37398500252228],[-123.68332839764442,48.37655709871568],[-123.6852616838969,48.376753705634236],[-123.69035860045283,48.37421288663691],[-123.69562460576596,48.37519698944369],[-123.70146501202179,48.374658699439195],[-123.70840591992828,48.370791897069],[-123.71502500646552,48.364192088553864],[-123.70485612201443,48.36300430421853],[-123.70323808968324,48.359218799153616],[-123.70393250157646,48.357756092464015],[-123.70931834672434,48.356667678709464],[-123.7045554401532,48.35596300078169],[-123.70292916282642,48.35269265012352],[-123.70525273259618,48.35052788739684],[-123.70522654629247,48.34158055906238],[-123.70888579589837,48.338669956301565],[-123.70518149271061,48.339682911686715],[-123.70042790235856,48.33847089168595],[-123.69624440636807,48.338450984978614],[-123.69568900581977,48.33723039521953],[-123.6897042210075,48.33566520546105],[-123.68609000114363,48.3358489055992],[-123.68154850423535,48.33031588867631],[-123.67904390614379,48.33057369980718],[-123.674241815389,48.328632499174034],[-123.6713658866462,48.326507609434145],[-123.67098898192698,48.32245279947063],[-123.66765580111377,48.32025808837865],[-123.6620040220803,48.31922990109936],[-123.65429908626422,48.31683579552623],[-123.64990169727523,48.31365688646235],[-123.64570778788075,48.314787697019206],[-123.6425008934672,48.317180398331445],[-123.63844449149124,48.31648399764367],[-123.6358522009962,48.32160831027498],[-123.63550990267956,48.32449798780193],[-123.63139768035586,48.325806799789696],[-123.63498430243854,48.32781209342018],[-123.63128021747362,48.33487619631083],[-123.62833618941652,48.335764909815175],[-123.62517139357014,48.335233710874526],[-123.62269367146996,48.33637790569232],[-123.6132847147711,48.34597240414401],[-123.60307392322714,48.35947884731567]]],[[[-123.46431649330708,48.55910938839605],[-123.46608269237763,48.558014204061806],[-123.4751002060064,48.56001948484037],[-123.47661180142605,48.56218148961316],[-123.47661109003656,48.56646260204646],[-123.47362099889028,48.57297979478452],[-123.4763772139937,48.57488400850224],[-123.48273060087594,48.575775511432894],[-123.48723050679817,48.577142802724886],[-123.49449540598245,48.565803193031286],[-123.49710978039381,48.56277819255219],[-123.50201858967712,48.56036419821536],[-123.50372785690489,48.55852804351564],[-123.49378189108482,48.558039015987774],[-123.49333489261754,48.55021035290797],[-123.48850077386709,48.55022338239927],[-123.48856214615411,48.54402993134666],[-123.47778643560164,48.544144068420735],[-123.46961720278264,48.5439974051677],[-123.46990336152052,48.546522092518956],[-123.47459937502485,48.54875902217675],[-123.47165737284051,48.55119596411089],[-123.4714412532264,48.55726613699505],[-123.46616664317602,48.55375339786619],[-123.46336213549877,48.55347904346919],[-123.46056877151224,48.55116144232873],[-123.45776218134185,48.551218544684104],[-123.45837528930164,48.5588964357581],[-123.46431649330708,48.55910938839605]]],[[[-123.2462362153951,48.429675906681986],[-123.2497550114697,48.425223790845514],[-123.24532769540191,48.423875109299445],[-123.24351639270859,48.42086570114768],[-123.23906338416016,48.419336099768245],[-123.23911571046101,48.42193529816638],[-123.23671930789084,48.42389359741485],[-123.23240601054427,48.423641490576095],[-123.22746470346975,48.42196800435729],[-123.22548019519971,48.42259331280982],[-123.22519741644996,48.425931598731935],[-123.22925240672227,48.42873869777285],[-123.23368929658787,48.42967441257212],[-123.24087519368051,48.428140589418405],[-123.2436150014793,48.43000490381415],[-123.2462362153951,48.429675906681986]]],[[[-123.6098238127965,48.37082239229141],[-123.61459121888863,48.36543870931801],[-123.60198638517572,48.36090415303565],[-123.59754155875474,48.36645041788945],[-123.6098238127965,48.37082239229141]]],[[[-123.24660338303951,48.44138859578662],[-123.25009308753225,48.43911410024923],[-123.25115221887202,48.4370518029619],[-123.25052939544433,48.434156404850306],[-123.24835559962885,48.431992988327266],[-123.24082861274549,48.43543679639595],[-123.24559851547836,48.43790920453547],[-123.24660338303951,48.44138859578662]]],[[[-123.25365379682484,48.43977208589068],[-123.25844249585444,48.43789069184712],[-123.2590904918864,48.43496540683734],[-123.25770829436526,48.43163840404547],[-123.25378099960615,48.430360889387615],[-123.25166449771048,48.4340367925092],[-123.2535501997763,48.43545390272394],[-123.25365379682484,48.43977208589068]]],[[[-123.60478320682182,48.328280693482874],[-123.60687108682737,48.32928620882577],[-123.60953340113143,48.327329284243525],[-123.6050310874443,48.32655170703958],[-123.60478320682182,48.328280693482874]]],[[[-123.63556404776573,48.37574273894661],[-123.6370170985634,48.373962188798785],[-123.63324538948824,48.37259779237644],[-123.63059397646026,48.37283372282242],[-123.63306116772455,48.373320079213606],[-123.63556404776573,48.37574273894661]]],[[[-123.54834546687181,48.48710853617389],[-123.54834530433475,48.48516730855404],[-123.54633310542478,48.48435927893171],[-123.54457864703903,48.4870606092047],[-123.54834546687181,48.48710853617389]]]]}},{"type":"Feature","properties":{"shapeName":"Blind Creek 6","shapeISO":"","shapeID":"43193130B77697856766977","shapeGroup":"CAN","shapeType":"ADM3"},"geometry":{"type":"Polygon","coordinates":[[[-119.73164765019501,49.192535662430295],[-119.73762017645764,49.19090620377068],[-119.73770388789464,49.174995626597585],[-119.72638006097486,49.17475556402242],[-119.72645913472354,49.19289802659024],[-119.73164765019501,49.192535662430295]]]}},{"type":"Feature","properties":{"shapeName":"Colwood","shapeISO":"","shapeID":"43193130B78061022201547","shapeGroup":"CAN","shapeType":"ADM3"},"geometry":{"type":"Polygon","coordinates":[[[-123.51802790583183,48.40275550056188],[-123.49843424916068,48.39829948233161],[-123.49455508833408,48.398169796632835],[-123.48829041014999,48.400916102237254],[-123.48581655782796,48.400350487672],[-123.47504472039756,48.41359230322774],[-123.46998639468322,48.418965801724504],[-123.47139790897647,48.42254199391411],[-123.47345111030012,48.4238466044053],[-123.47484601617198,48.42705249914104],[-123.47285559827192,48.42968729896331],[-123.46613371002907,48.430820894838014],[-123.46460478891592,48.43199729439977],[-123.45867349399164,48.43257840618046],[-123.45199259236298,48.43065290482969],[-123.44898289841638,48.431203987237815],[-123.4492774769918,48.435611993941805],[-123.44674781772096,48.43699770145396],[-123.44675579288818,48.439409616162855],[-123.45060559603732,48.440464199826295],[-123.4511885185837,48.44358470489541],[-123.44965611002245,48.444678497706704],[-123.44991200809139,48.44921168409373],[-123.45251810164163,48.45018300599043],[-123.45600312800435,48.45388456910403],[-123.4680819947214,48.44916059196085],[-123.46982979440514,48.44745000503541],[-123.47597829480401,48.447046891793924],[-123.48073491407925,48.44526796724907],[-123.48655924124529,48.44621721375972],[-123.48769210328987,48.44479889434349],[-123.49145710878315,48.44570002896901],[-123.49687131223233,48.44447644537328],[-123.50201269793004,48.44077740944084],[-123.50204326866894,48.43826495344021],[-123.5138275297256,48.436474878207484],[-123.51758812599346,48.430186324388615],[-123.51138435779386,48.42867393836778],[-123.51476667073197,48.42159679592175],[-123.51514047217654,48.41879476873724],[-123.51131950541726,48.415279087623084],[-123.51802790583183,48.40275550056188]]]}},{"type":"Feature","properties":{"shapeName":"McMillan Island 6","shapeISO":"","shapeID":"43193130B78205962683569","shapeGroup":"CAN","shapeType":"ADM3"},"geometry":{"type":"Polygon","coordinates":[[[-122.5637340634126,49.17850169421442],[-122.56873901021399,49.17934978469629],[-122.58012158831208,49.183333790332064],[-122.57914040086787,49.177863724701545],[-122.57330197038095,49.174248071612375],[-122.5755426691258,49.172409842791424],[-122.56847311388391,49.170649299046765],[-122.56426022062396,49.170679198566816],[-122.55509502054883,49.16930339904575],[-122.54859828814544,49.16873800840429],[-122.54917668416205,49.171367093968],[-122.55294069626248,49.17540329357612],[-122.55494890244252,49.176337603311275],[-122.5637340634126,49.17850169421442]]]}},{"type":"Feature","properties":{"shapeName":"Chemainus 13","shapeISO":"","shapeID":"43193130B78815566567569","shapeGroup":"CAN","shapeType":"ADM3"},"geometry":{"type":"Polygon","coordinates":[[[-123.81795439812082,49.011458402155775],[-123.809971590102,49.00596510609344],[-123.80571960166064,49.00353970856833],[-123.80129788987014,48.99971990466701],[-123.79646350726561,48.99662370777186],[-123.79550886703466,48.99882271167946],[-123.79585428070205,49.000582634893654],[-123.78816862753834,49.00085629195247],[-123.78746090277333,48.99555429329355],[-123.78813826972849,48.99450517159352],[-123.78638292014452,48.9919338012974],[-123.7821897054631,48.99313151065544],[-123.7781956636628,48.99144523159954],[-123.76045459708367,48.99154563747849],[-123.75880560934017,48.996112403727636],[-123.7612826113172,48.999981989672605],[-123.76033220142685,49.00130219076794],[-123.76092789457049,49.00448249550042],[-123.76403611253059,49.00915818830961],[-123.76694940413029,49.011899802340245],[-123.77246589229725,49.015730900514285],[-123.77568651400875,49.01715799280207],[-123.78176750413661,49.01766639263136],[-123.78318521883492,49.01912189874014],[-123.78662498281741,49.018631992023394],[-123.79026272077323,49.02041510026635],[-123.79182047843298,49.02282349699354],[-123.79061379066995,49.02789649443917],[-123.78631800120118,49.02779110969951],[-123.7822027820705,49.029662494051664],[-123.77818751435932,49.03011259241291],[-123.77197080569654,49.029803487412195],[-123.76508322313605,49.02842910502237],[-123.76263829815599,49.02867840434195],[-123.75859571937592,49.03278860420436],[-123.75454271262755,49.03579255530496],[-123.77653566034449,49.0355864656897],[-123.8010699877136,49.03578016715603],[-123.80097594485112,49.01597697165255],[-123.8175432013162,49.016282645070454],[-123.81795439812082,49.011458402155775]]]}},{"type":"Feature","properties":{"shapeName":"Campbell River","shapeISO":"","shapeID":"43193130B79027239171696","shapeGroup":"CAN","shapeType":"ADM3"},"geometry":{"type":"MultiPolygon","coordinates":[[[[-125.34145395552548,50.11378546922339],[-125.35033991328675,50.11601379065255],[-125.35228230936006,50.115102293424066],[-125.35781969056627,50.11535869464334],[-125.35636634916841,50.1118123323527],[-125.36148132152636,50.111487376710386],[-125.36286686530723,50.09538603911163],[-125.38618542526784,50.09655387509741],[-125.38649656883948,50.088488522326195],[-125.34487109443778,50.087659819651265],[-125.31516188661394,50.08760976583059],[-125.3142946889641,50.086864040202464],[-125.31452930171237,50.081489566602606],[-125.31362430361806,50.079231942558856],[-125.31349226168265,50.073636598810715],[-125.31996867949796,50.07373821174986],[-125.32071410358118,50.06533726371233],[-125.32059603888467,50.05956737480802],[-125.31449962006617,50.059542307542245],[-125.31500972303799,50.05225047511294],[-125.36391344565924,50.0518049996397],[-125.36386050645645,50.04593597304095],[-125.3760720118436,50.04621864782877],[-125.38710259732593,50.043726807001434],[-125.3915175247343,50.039665741748294],[-125.39682434928454,50.037720153858345],[-125.40342487992629,50.03848316597679],[-125.40610628829953,50.03686508742837],[-125.40112223694267,50.029960905833164],[-125.39736731535767,50.02973636250846],[-125.39140411868767,50.02671423658918],[-125.39229682040775,50.025305905460186],[-125.40958706172943,50.02512292914958],[-125.41076554933116,50.00853301249095],[-125.41074660287555,50.00007268225092],[-125.38155703264866,50.00007899641458],[-125.37289650400218,49.999561889039406],[-125.32707165820499,49.9998013518304],[-125.33072663170194,49.99652108653549],[-125.33492433367763,49.996484690894164],[-125.33798324975379,49.99393735327646],[-125.33728905127711,49.990156024709655],[-125.32516968690226,49.98827223050194],[-125.3235076303142,49.989576958530606],[-125.3183786623863,49.98966900615861],[-125.31541525840821,49.988106753247756],[-125.3165019628071,49.9806384764216],[-125.31613642486971,49.97421086442105],[-125.31635814569736,49.95963487715468],[-125.30584446121298,49.959704803196175],[-125.30656504548948,49.94516790145696],[-125.29500680981181,49.94503987818214],[-125.29680312839304,49.93096965221019],[-125.2876673648942,49.93096858712459],[-125.28889448639471,49.91636470690799],[-125.26778991724592,49.9167603162486],[-125.20536322817335,49.915392586840824],[-125.1954420694228,49.9153597858764],[-125.19510877064748,49.91918184026132],[-125.19580297497167,49.92347305513782],[-125.19510601556516,49.92956940449818],[-125.203395325528,49.929828113217745],[-125.2034634118556,49.94494693389098],[-125.21435214964418,49.94528064353433],[-125.21448589112063,49.95236012612077],[-125.20919471176994,49.95206832438961],[-125.20898177528764,49.947928248930076],[-125.20313875066587,49.947608627533526],[-125.20008761773303,49.94634589486394],[-125.19770995315147,49.94839930840372],[-125.19732660374943,49.95041896833028],[-125.20321999370442,49.95348730291605],[-125.2067354865518,49.95808039432687],[-125.20889838830719,49.96209670480069],[-125.2079358042889,49.96667550190318],[-125.21265817720557,49.97141529693121],[-125.21753271210328,49.97217718759955],[-125.21935869308734,49.973958915882534],[-125.22066239515969,49.977738811568415],[-125.22345628627862,49.98147300267819],[-125.22337019206816,49.984415504901854],[-125.22913080041016,49.995287894254766],[-125.2315502233662,50.0038417050428],[-125.2331379237336,50.006779803783786],[-125.23290439568348,50.01257628956501],[-125.23642910242057,50.01901229657471],[-125.235922095116,50.02044368907042],[-125.23892360516076,50.02194189744287],[-125.24044969539354,50.027111808049774],[-125.24451479155604,50.030240374939595],[-125.24331561959154,50.0312008524199],[-125.25002170343885,50.030511889245275],[-125.26189046858444,50.030513536187954],[-125.26131216084835,50.032466716481565],[-125.25850862788975,50.03354819176353],[-125.2566125981958,50.03987424719511],[-125.25005935438455,50.04353393530126],[-125.25418280031836,50.04847919495317],[-125.25742878210684,50.049746802832765],[-125.26150340979359,50.04698669104502],[-125.26403148647942,50.0514087961185],[-125.26419280233453,50.056946198982196],[-125.26805180419991,50.064705302205134],[-125.2713563053055,50.069291194541286],[-125.2769290215013,50.07333740413358],[-125.28221948880045,50.07614879924209],[-125.28574771429601,50.07626839411655],[-125.28674848798005,50.074368508231856],[-125.29348507975944,50.07142040110754],[-125.29532668391944,50.07486409889134],[-125.2998329883657,50.07531561005297],[-125.30306260386165,50.078830603013635],[-125.30454839195963,50.08327270937969],[-125.30778880584752,50.08700409133762],[-125.30816398281672,50.09015300476949],[-125.31473640594731,50.090724101029885],[-125.31739350362858,50.09221810425375],[-125.32459080200518,50.10223031287265],[-125.3264273024748,50.10780610782988],[-125.32551420581183,50.11106601873055],[-125.34419530169974,50.112741904789296],[-125.34145395552548,50.11378546922339]],[[-125.24059671780653,49.95663669199339],[-125.23678432920262,49.950669852097185],[-125.24906810459434,49.94910721376162],[-125.25062860722734,49.95504203831799],[-125.24059671780653,49.95663669199339]],[[-125.29818880021492,50.021722611498454],[-125.29711631365153,50.02315389495434],[-125.28708567009959,50.02337081184247],[-125.28206894351598,50.0227443581897],[-125.28262427424092,50.014029411084344],[-125.30245368142369,50.01328560102888],[-125.30379000629388,50.01543758611363],[-125.30149857905421,50.017465692076115],[-125.30180158952055,50.019096407327986],[-125.29818880021492,50.021722611498454]]],[[[-125.48627491400842,49.937217471979096],[-125.489164739295,49.937630040025255],[-125.48954543701443,49.932362273212924],[-125.48537863057157,49.930660634301674],[-125.48543897957798,49.927881781898016],[-125.47941889989445,49.927393214934604],[-125.47701022362469,49.925544205043245],[-125.46954401416615,49.924351871467316],[-125.46725587685052,49.925716693286276],[-125.46552020322686,49.92967600804245],[-125.46777775579335,49.93031568648614],[-125.47101877351434,49.92733678692695],[-125.47737732808054,49.9345269735662],[-125.48627491400842,49.937217471979096]]],[[[-125.47200381030031,49.914116377251815],[-125.47550873372778,49.91264324809789],[-125.47700203334827,49.91061229984619],[-125.4808598797134,49.91004319915015],[-125.47823038894933,49.90666423203272],[-125.48172114913422,49.903995269247986],[-125.47747483204571,49.90185237525009],[-125.47221636877718,49.90181396892709],[-125.47115258664161,49.90427202538251],[-125.46836528111508,49.903657296424434],[-125.46640757226311,49.906738694725995],[-125.46631398388361,49.90961213960435],[-125.47405034694115,49.91118497981754],[-125.47200381030031,49.914116377251815]]]]}},{"type":"Feature","properties":{"shapeName":"Squamish-Lillooet B","shapeISO":"","shapeID":"43193130B79184557355684","shapeGroup":"CAN","shapeType":"ADM3"},"geometry":{"type":"Polygon","coordinates":[[[-122.30163009330842,50.22978728677058],[-122.30053235680474,50.23373911139133],[-122.29716794331326,50.23576328385585],[-122.29567883209184,50.238883637291906],[-122.29696240218918,50.24194197064836],[-122.30155642649528,50.24611733258635],[-122.30307016080636,50.24937091662677],[-122.29570553698606,50.25385628420205],[-122.28928076861384,50.255584071419406],[-122.27741586549517,50.25694562959445],[-122.27147896945972,50.26041071544545],[-122.26497406970645,50.258632569572825],[-122.26299423161329,50.2589729445831],[-122.25863930173702,50.26421962060799],[-122.25050292020065,50.26836714366646],[-122.24953248240772,50.26995605782258],[-122.24345321203404,50.273510653591],[-122.24006190248728,50.27463504352004],[-122.23461225187296,50.27512930527511],[-122.23453119099237,50.27642303804432],[-122.23735383614708,50.28060005912398],[-122.2362046249978,50.28527939155751],[-122.23805829343574,50.287651287486305],[-122.24669303449222,50.29166641305325],[-122.24894724706785,50.296620825237255],[-122.24939169192301,50.305614826738605],[-122.238680102488,50.31034072992542],[-122.23743126211015,50.313243282990726],[-122.24380845360524,50.3166510509243],[-122.24216569807474,50.3195032697939],[-122.24192380069051,50.32225340353306],[-122.23429582112679,50.32468896459473],[-122.22660622865101,50.32565068010875],[-122.21637034348448,50.32555361456842],[-122.2147906732745,50.32639300403933],[-122.21441195949372,50.331766799865925],[-122.2126278318034,50.333488145684434],[-122.20625357770005,50.33441976584211],[-122.2013700812185,50.338070419869865],[-122.19219627394465,50.33929282106377],[-122.18038307660355,50.33469020875077],[-122.17240818320026,50.335560011205516],[-122.17023698149463,50.3389004420485],[-122.17062023134957,50.340945004846965],[-122.16740236788266,50.34648532615708],[-122.16176249249716,50.34780399680921],[-122.1543210736421,50.35021410947871],[-122.15294673247969,50.35157209481887],[-122.15401484586435,50.35411421053249],[-122.1510066211454,50.35782013542034],[-122.14541934734393,50.36043152496464],[-122.14949550659536,50.367045031454325],[-122.15126714589984,50.36844961651284],[-122.16307936587032,50.37124147205234],[-122.16398848313972,50.37306618303876],[-122.1603083945601,50.374549629639866],[-122.1567416614957,50.3746839274535],[-122.15480509916503,50.37622591632193],[-122.15510152838621,50.37974434223869],[-122.15080953666957,50.38441253327418],[-122.14359671025323,50.385022501778245],[-122.14009472243613,50.38707902110732],[-122.14114737596294,50.389082612530395],[-122.1380894017538,50.393704996788294],[-122.13956576049235,50.397196146880766],[-122.1338716958779,50.39793813601593],[-122.13007045602127,50.40058942807839],[-122.1323668007078,50.40430805068853],[-122.13226169337982,50.406105286432336],[-122.12791350222378,50.40816767305146],[-122.12376130209545,50.413103582596584],[-122.1190661051035,50.41473673976369],[-122.1179955780236,50.416128068112116],[-122.12192659917588,50.4199418734104],[-122.12590289078099,50.42170658164998],[-122.13129640083504,50.42680213860391],[-122.1314691279061,50.42841771010366],[-122.12619816822411,50.430918222369115],[-122.11914122742584,50.43278394663485],[-122.11009307104399,50.4305084944587],[-122.10772839648168,50.43047082428605],[-122.10329162927742,50.43251480010624],[-122.0988976958548,50.432328982004975],[-122.09311638010568,50.43323130591922],[-122.08420867422755,50.4308625759921],[-122.07296789296535,50.42532343069729],[-122.06138076669558,50.42568630227193],[-122.05472258836976,50.42954000412508],[-122.04695595364888,50.43122539020804],[-122.04515033469409,50.42923898068556],[-122.0455419096642,50.42734600709518],[-122.04328791044168,50.42374275710124],[-122.0429643930254,50.42110046883473],[-122.03576495353605,50.41965037679684],[-122.03038303831805,50.41743476933996],[-122.02358048671918,50.41635998081639],[-122.02000721933598,50.414277656071135],[-122.01515140637879,50.414379062736565],[-122.01139709440692,50.412124910940285],[-122.00785212986668,50.41233488721137],[-122.00074278937294,50.414569951956956],[-121.984764599749,50.416405523857264],[-121.97783986542218,50.41613871817226],[-121.97349616951566,50.41724169137365],[-121.96840525067404,50.417323724427376],[-121.96523226847683,50.41400026274669],[-121.9670742073297,50.41079634266619],[-121.96475024611937,50.40568001382767],[-121.95993005542458,50.40300777098034],[-121.95503998324023,50.40130735116565],[-121.94959369959011,50.40570379806653],[-121.9427334593332,50.40513424467853],[-121.93552950955542,50.40753904411056],[-121.92924559401979,50.40816704588872],[-121.9263334296953,50.41097111375044],[-121.92716183665883,50.414283859102866],[-121.92351642445836,50.41511141446356],[-121.91949385670034,50.419085607791175],[-121.90752726543369,50.42045740359954],[-121.90325119999504,50.42049616819977],[-121.89670671311262,50.4191966379625],[-121.89248329877857,50.418946963443545],[-121.88311958010004,50.41933245827448],[-121.87673066763905,50.42132156302023],[-121.87044281976799,50.422464920091684],[-121.8653026234937,50.42752062167336],[-121.8649366354124,50.43079207630711],[-121.86829941837031,50.434798771575906],[-121.8683244575734,50.436685098613744],[-121.85499883823337,50.449958225766984],[-121.85755214635527,50.45263717151237],[-121.85922915270055,50.45809072850525],[-121.8624325332019,50.46088489460634],[-121.85942666913738,50.46452102813831],[-121.85492943921035,50.47189196403421],[-121.84123369467825,50.47845950988016],[-121.84072767213583,50.48299900633708],[-121.83933902981722,50.48529926388142],[-121.83195774391261,50.48783058196038],[-121.83086928128716,50.49174606070673],[-121.82853790048983,50.49480291916413],[-121.82618197120689,50.49949132446615],[-121.82605395363807,50.50151736014193],[-121.82239703805845,50.505905799699676],[-121.81636214699569,50.509440843374094],[-121.8079908634811,50.51603260418705],[-121.80697368446373,50.51730930594244],[-121.7845794047716,50.51688907243429],[-121.78456103590045,50.52996503331694],[-121.78490768401818,50.53058217253038],[-121.80453543762908,50.531065241584066],[-121.80299325047146,50.542373894052666],[-121.80250463442606,50.55505053355327],[-121.79842408109275,50.55470755988989],[-121.76664240809879,50.55411853398865],[-121.766244075808,50.54638153874022],[-121.76192854264372,50.54639599705635],[-121.76235560645469,50.575331285955926],[-121.76685674150326,50.575326839561896],[-121.76657649786256,50.63235002598409],[-121.76596128497815,50.67016161316532],[-121.76596858391515,50.75021198450247],[-121.74357322744402,50.75039153198273],[-121.74291375452607,50.79371014079538],[-121.72068815717643,50.7937187058162],[-121.71989252023724,50.83770026666756],[-121.6965979143618,50.83799405568566],[-121.69632348717955,50.85270337721171],[-121.67239632476512,50.85285256263443],[-121.672833074837,50.881633858937825],[-121.6490067983824,50.88176735856781],[-121.64872751268757,50.895666264778626],[-121.62533767022066,50.896041088794064],[-121.62608538206764,50.9249547626838],[-121.62681533328085,50.947971167218974],[-121.62749484618864,50.99610887039195],[-121.65295777232267,50.99624582821625],[-121.69699562539208,50.99680807125664],[-121.74802520330509,50.997135366749156],[-121.8446234904317,50.997779556422216],[-121.91510340697421,50.99683428009812],[-121.91515731525287,50.993886506595985],[-121.9136000430411,50.987091679101326],[-121.92436128897931,50.986976520413975],[-121.96754677954188,50.98689825355142],[-122.0078112799676,50.98745488423318],[-122.16533913664907,50.99025213459671],[-122.15195911525169,50.999341891303594],[-122.14423720062963,50.999399195782644],[-122.14176182263449,51.007568391995484],[-122.14412905271668,51.01486413740787],[-122.16051830901083,51.02093098108061],[-122.1694619967884,51.019949307741115],[-122.17536539513725,51.01627326710876],[-122.19715214434682,51.018385269396866],[-122.24712143330996,51.031039783129536],[-122.27151580091486,51.03764242449231],[-122.3063854246554,51.0444160703749],[-122.30118737635765,51.06174319339952],[-122.32731915741556,51.061275272766395],[-122.34462498847887,51.066677092684394],[-122.35839966658897,51.074551778532665],[-122.36430074039326,51.088080246099025],[-122.37221089821898,51.10200674158582],[-122.37633552397362,51.106982096378914],[-122.38707430822053,51.1104942462611],[-122.42965717585665,51.1122648444839],[-122.44118091124922,51.11087089610793],[-122.4542120616087,51.11163929443188],[-122.46533923228174,51.11422834841076],[-122.47775578369342,51.125892642690424],[-122.47896907450883,51.13229086889647],[-122.4758467278161,51.139347004495555],[-122.46875889676343,51.14315732405955],[-122.46461357226231,51.14839640092849],[-122.46077724406518,51.15187572367818],[-122.47078363366448,51.156658313538294],[-122.50785249565659,51.187719111333],[-122.51026341091143,51.196239363083826],[-122.51470281119778,51.20423179207824],[-122.52213475973487,51.20939344632449],[-122.5302709190036,51.20918626291721],[-122.54762789330749,51.201806042496145],[-122.55235384085312,51.19113734278172],[-122.55801380414258,51.184349195565844],[-122.56815683200246,51.17884719702844],[-122.57769996192695,51.17729406273444],[-122.58977054866503,51.176625687602815],[-122.59414271431278,51.173394549377704],[-122.59389935174546,51.1664020762593],[-122.60249606990696,51.14257250422589],[-122.59654601848871,51.13263303455115],[-122.5866167903359,51.12759516640851],[-122.58680827750104,51.12234232947421],[-122.59114320422094,51.122406658379106],[-122.59533345296234,51.11922997131162],[-122.59579476634013,51.1176942866203],[-122.59255144790217,51.11197442041092],[-122.58326747655299,51.11113385876395],[-122.58036738443536,51.109406628934984],[-122.58274594640747,51.106448472140485],[-122.57939323302547,51.103407041236885],[-122.58731461882907,51.09615562531976],[-122.60411823677154,51.08623686423824],[-122.61844850490886,51.08119665514801],[-122.61497582005056,51.06753477924623],[-122.60707543183176,51.06372712203841],[-122.59814911213675,51.060495700526786],[-122.58979273517241,51.056363080915574],[-122.58780082657034,51.05375284428737],[-122.58908675955946,51.04987964903911],[-122.58658826326449,51.04440619032688],[-122.58204696618687,51.04032143106859],[-122.57253352587466,51.03406023524306],[-122.57836386983351,51.03021507600811],[-122.59453738524894,51.02727853593302],[-122.5959065108824,51.022339042871096],[-122.58863446651668,51.018188082744295],[-122.58794119484926,51.00944550174255],[-122.53676667085922,50.96151593947922],[-122.52657617344364,50.95677980053745],[-122.50214236704737,50.94898949875393],[-122.47760733132525,50.94502081479254],[-122.45423149064868,50.94376669865827],[-122.43810476007017,50.93874298799533],[-122.43211431573003,50.932791951616274],[-122.43012422911077,50.90588589213148],[-122.42947248407954,50.90314419167151],[-122.4223685457628,50.89598049823078],[-122.40818241627174,50.8876262731507],[-122.34899819109172,50.855000180783755],[-122.3273306028953,50.8458922126794],[-122.29543274576463,50.827469650797006],[-122.28787653612682,50.82685429964687],[-122.27398795118641,50.83106620904472],[-122.25976017135444,50.83882130682394],[-122.24768689367285,50.84903456315917],[-122.23351737854922,50.85870632829323],[-122.22776009992916,50.861793133593864],[-122.21859141844253,50.8643795010742],[-122.21057878516984,50.861747767907595],[-122.20609253573166,50.86270344105636],[-122.20577885479736,50.866825235514504],[-122.19937776788842,50.866980337905055],[-122.19330137334893,50.85848899709037],[-122.1742071184953,50.863362002623845],[-122.17074618421728,50.86196630101979],[-122.1604999212262,50.859589305519876],[-122.15642512960022,50.86005799300961],[-122.1574591984692,50.85759391142618],[-122.15220089573232,50.85453048816511],[-122.14826420526218,50.85342100876709],[-122.14696744626403,50.85195372620296],[-122.14297018754591,50.85359910502432],[-122.14005185180852,50.85268580184104],[-122.13434635280623,50.84879794062105],[-122.13181283899607,50.844634680696714],[-122.12210900815367,50.842805558660416],[-122.10996106380183,50.835330778195726],[-122.10744450473355,50.82845344017426],[-122.10227897637287,50.82518701884781],[-122.08927928448597,50.822115555008196],[-122.08080125633116,50.81979553408101],[-122.07587216732496,50.816110274750294],[-122.06927627974325,50.81294441437001],[-122.05644955780694,50.813831991237606],[-122.05268947948063,50.81720052978442],[-122.04679232504081,50.8191905434891],[-122.03674984921264,50.819488624016245],[-122.03336754718646,50.8225076684281],[-122.02310410119681,50.82621519650876],[-122.020948511515,50.805801602782935],[-122.0139290684622,50.80124557083279],[-122.00478815516979,50.802198385333924],[-121.98956537431093,50.796610131500735],[-121.96977726917811,50.787773406849716],[-121.96113609858952,50.770542490723244],[-121.95526885912709,50.76307903977905],[-121.95129967370877,50.75935139108111],[-121.94681151486978,50.756941643534304],[-121.93681364303932,50.756190127325965],[-121.93335997434652,50.76143392653205],[-121.9293698511863,50.765644650364386],[-121.92610329113414,50.76742505441384],[-121.92845659756752,50.77001224075388],[-121.92069813944059,50.771255111497496],[-121.90309436174674,50.76724893546029],[-121.90339978605806,50.76364903051296],[-121.91465529763929,50.76579938578614],[-121.91922107537202,50.76579649654899],[-121.92727971023041,50.762562192867904],[-121.93135760391795,50.75778818652803],[-121.93256817841909,50.755065097670816],[-121.93098070034847,50.75257701106883],[-121.93163258293717,50.74704399429947],[-121.93430785193947,50.74293462982543],[-121.9768775794887,50.74311975166873],[-121.97641899734488,50.761631635686406],[-121.99094148344942,50.761566446851944],[-121.99049856003818,50.778930669347105],[-122.02435423956695,50.779196934369836],[-122.02428090389483,50.793617098294966],[-122.04361099331338,50.79370112085911],[-122.0430018633241,50.80817472226494],[-122.06543648119808,50.808474170997506],[-122.06566513662871,50.804922774487174],[-122.10257401904599,50.80513596462712],[-122.10274340880792,50.80867939437729],[-122.13706244127913,50.80928417522977],[-122.13740581203882,50.832355692038455],[-122.14906263301627,50.832664815359514],[-122.16191393646788,50.83297171236473],[-122.16279431138717,50.82179308960868],[-122.16239823574996,50.81906386728994],[-122.15682258868294,50.81371135146413],[-122.14814788073122,50.81033353330559],[-122.14508224550816,50.806342317388356],[-122.13656913417536,50.79809448180892],[-122.13019330848317,50.79389912292439],[-122.11557179397393,50.78686981260739],[-122.10702674181672,50.78057845349035],[-122.09294417615742,50.76903883989038],[-122.09057079601423,50.766531802485005],[-122.09051950783439,50.76348582909158],[-122.09487600041216,50.76366373292385],[-122.09616619302399,50.74881951956238],[-122.09901664213149,50.74156410954404],[-122.1168660056912,50.744557105111454],[-122.1287881533692,50.743380206958925],[-122.14117339233876,50.74879812304739],[-122.15072112542224,50.75432854746093],[-122.16149595518773,50.757986154087526],[-122.17212293062117,50.763977703351],[-122.18667164911194,50.760583353864625],[-122.2110404763454,50.757632832795025],[-122.22596151545622,50.75565948296404],[-122.2293080447073,50.753868560303516],[-122.23958600301722,50.74958933964837],[-122.26248951575913,50.738696789868854],[-122.28801681322638,50.74129104993285],[-122.3915296625994,50.75452013416191],[-122.41123846449233,50.750118410396055],[-122.44898930318321,50.74391066558965],[-122.48893842125537,50.73971443789412],[-122.51326654829482,50.73170192504494],[-122.58818242335676,50.70215554234465],[-122.59262213054548,50.680443257740734],[-122.58767151907101,50.677728822424704],[-122.58617886565006,50.66975989655493],[-122.5876884449004,50.66279932938232],[-122.5825189621909,50.65636906837942],[-122.58914352965054,50.652382245554485],[-122.58893043771597,50.64235811770257],[-122.60813780620607,50.64304593340862],[-122.61146884050014,50.63567289301305],[-122.6089119773671,50.63430191195349],[-122.61088830695223,50.62721727909864],[-122.61251261427039,50.61561260777922],[-122.61081793919055,50.60945573595731],[-122.60780499689487,50.604173451333224],[-122.60986272699454,50.59979243858802],[-122.5853965568226,50.59328721656506],[-122.5503942389386,50.57981716555404],[-122.53719618528524,50.58046079173972],[-122.50773859867148,50.568360338025705],[-122.50414790778943,50.5665081452467],[-122.47834015736557,50.566635633816034],[-122.47808284024742,50.57768217975821],[-122.46701606126697,50.57820314005725],[-122.46677707947205,50.59104845617859],[-122.46129201207917,50.59216079180536],[-122.46242633706515,50.597379408959746],[-122.4581942096069,50.59842717840879],[-122.45801407895266,50.60211634681355],[-122.44978762484436,50.60195024954777],[-122.44831578424804,50.613913984076405],[-122.44816124755813,50.61945144453064],[-122.43689180528399,50.61930919682106],[-122.43708809928654,50.630259726430076],[-122.42832158209488,50.62944409834141],[-122.42931039899139,50.62372019623191],[-122.43041511862637,50.621172305310125],[-122.42818600533613,50.618490610557075],[-122.43149348114456,50.61614199399192],[-122.43111368342167,50.612488894538714],[-122.42937119276765,50.611652893468865],[-122.4305804223081,50.6050845028639],[-122.4293913977576,50.60171479475146],[-122.4329131798147,50.59887039892944],[-122.41217125285866,50.59207814037758],[-122.40893410230102,50.5913120013157],[-122.41398764448905,50.58445587368001],[-122.41922533705,50.57967761928397],[-122.42707050426563,50.574012198246145],[-122.43534503767337,50.56944589345116],[-122.44643944801396,50.5643119709469],[-122.45527996281136,50.561371450407336],[-122.45041518921127,50.55812463187055],[-122.4396953543268,50.55586753342099],[-122.41885282536519,50.55264160571519],[-122.40732130092763,50.54564943423499],[-122.39669451308787,50.54262220581945],[-122.38773241491856,50.53660974696461],[-122.37460568203937,50.5313099423551],[-122.36086860703055,50.52439225465352],[-122.35639088245135,50.523229937016026],[-122.34087342233852,50.520801040574284],[-122.33776736437765,50.520567940148304],[-122.33340219735709,50.51539368105024],[-122.32389723904885,50.508034195956554],[-122.31467146654309,50.50767755987434],[-122.31109286292292,50.50169308740033],[-122.3115318894313,50.494910580635334],[-122.29834482382212,50.48685429266654],[-122.29021080275616,50.48141998002462],[-122.28730033500834,50.475428879401115],[-122.29334411682258,50.469664282870724],[-122.3040668184237,50.462984749683606],[-122.30613194055759,50.454528607099014],[-122.30277854447296,50.44095002456328],[-122.30444443709817,50.430923600832934],[-122.31479906924476,50.42407825599092],[-122.33091035587309,50.41833149309668],[-122.33593650759265,50.41616797617984],[-122.35528157515503,50.414517072134025],[-122.37127545324886,50.41105249241022],[-122.38077318086452,50.41027688537854],[-122.38982866806452,50.411502353951576],[-122.3965467721884,50.411120562298414],[-122.40420968639673,50.40631479549815],[-122.4067707688965,50.40530661814548],[-122.40786307336793,50.39929330081947],[-122.4142548506823,50.398505947386454],[-122.41799192895208,50.40290476991471],[-122.42537024751189,50.40853195092493],[-122.43514582907534,50.41828882309894],[-122.44107515442614,50.426671806452205],[-122.44601473526146,50.43034000847028],[-122.46507457760649,50.43723169116457],[-122.48543520544,50.44346352747778],[-122.49808536951366,50.44456707347815],[-122.50536268913329,50.441017950997576],[-122.50057378468453,50.43086831324592],[-122.49398603016641,50.42569405764401],[-122.49538560263169,50.42022910752462],[-122.50194215384899,50.42154655954506],[-122.5050877149221,50.41749837968273],[-122.51725715965823,50.41969564027057],[-122.52518821606273,50.41480004141063],[-122.52592509757719,50.40991392572465],[-122.52337166539675,50.40727025711739],[-122.5232069259208,50.399915919162574],[-122.52762622692394,50.3921082195183],[-122.52752409567042,50.39048513733025],[-122.51706677779794,50.38773724723421],[-122.49911534322632,50.39292343475726],[-122.49287985482977,50.39116329752118],[-122.48675876122013,50.39059565764022],[-122.47694583547825,50.383480208165956],[-122.47209184643427,50.37164681408717],[-122.47065018224514,50.3585846310539],[-122.46244581602666,50.3511846520276],[-122.43875097177859,50.335347547993834],[-122.40805769851448,50.33290895708388],[-122.38516078170993,50.31865929943461],[-122.3663815214607,50.311555489010885],[-122.36056960000381,50.29189284518379],[-122.35755942037723,50.287401814454235],[-122.36350526857058,50.282194521910824],[-122.37131211653562,50.270975634913476],[-122.37365936200256,50.261609513424986],[-122.36086422182687,50.257875548076115],[-122.346985418538,50.25069127634532],[-122.35147226437431,50.24672523847304],[-122.35787365471637,50.23549533057796],[-122.35346504232918,50.23099222433193],[-122.31486661075093,50.228717897271075],[-122.30163009330842,50.22978728677058]],[[-121.88480008988117,50.649456957745905],[-121.89285279729911,50.650066686553835],[-121.90310408516183,50.6557493013396],[-121.90851041872082,50.659298395945385],[-121.91545209606844,50.662024402435534],[-121.91712557791074,50.66598406120637],[-121.92144293942219,50.6653673671529],[-121.91900889813704,50.66363231350791],[-121.918582988254,50.661218295839454],[-121.9141871967618,50.65919870652282],[-121.90858349637347,50.65795820570362],[-121.89569478905824,50.6495640065076],[-121.89276207243945,50.6483170824273],[-121.89265969510046,50.64630991785656],[-121.89871823706638,50.64589068290311],[-121.89874050644538,50.64312998878873],[-121.92380477330538,50.643058753774355],[-121.92283192968681,50.654308511568566],[-121.93390402404114,50.65454608631356],[-121.93415498834163,50.66180022215047],[-121.94549589419732,50.66196793869622],[-121.94650172379886,50.66667038927507],[-121.97003185867744,50.66691128957459],[-121.9699799835093,50.66328834800419],[-121.97616366945422,50.66320981254087],[-121.97618278201867,50.659791549582685],[-121.9790545082681,50.65982095282766],[-121.9793816414929,50.65461756460025],[-122.00042978690624,50.65566294101618],[-122.00062742816938,50.65895833717313],[-121.99753302043555,50.65896403195751],[-121.99815532161504,50.66601091457731],[-121.99465573607439,50.66643056088037],[-121.99129798212539,50.66501659235641],[-121.98877492480159,50.668476004300246],[-121.9868665793699,50.66894176645921],[-121.99238578008654,50.66852823050811],[-121.99174539617518,50.670578887253626],[-121.97934697480035,50.67088969225935],[-121.97935884443,50.67321217046693],[-121.96510255084868,50.6732663602367],[-121.9648562473107,50.671857561184765],[-121.95520411353452,50.67185021476809],[-121.95369111808849,50.69201394851323],[-121.96263161633556,50.692417746831936],[-121.96276532597274,50.696064054765195],[-121.9682666907745,50.696236513255826],[-121.9673447170744,50.70871163696845],[-121.9567763230317,50.70857981767038],[-121.95653505288968,50.70142134541564],[-121.9508707699266,50.701297632594034],[-121.95120678564645,50.69425246134984],[-121.94323970094172,50.69426171119698],[-121.9348082565467,50.69965522473088],[-121.93486782002087,50.70429244040522],[-121.92815197188152,50.70431122076864],[-121.92804281383916,50.70847084031306],[-121.93364121117712,50.70856561129067],[-121.93395506971274,50.72291828029765],[-121.93249722613102,50.72302290263185],[-121.93281114184757,50.73382237860096],[-121.93497423707322,50.7338578665152],[-121.93469146022045,50.73778522510039],[-121.93258326436252,50.73754662479577],[-121.92830057720802,50.73155429894076],[-121.92378389969744,50.727609207555574],[-121.91625747185722,50.718693382356456],[-121.91209683245333,50.71893669628494],[-121.91436334830293,50.72274156633848],[-121.90625456071578,50.72265629234517],[-121.90596594312841,50.72031685054403],[-121.90352117480612,50.72013133344789],[-121.90434121489164,50.71465447186673],[-121.90388346053115,50.707857663110076],[-121.89840408785297,50.707692273592485],[-121.89880388166105,50.7005459977847],[-121.88180520819635,50.699834983152876],[-121.88354047126398,50.68070867085561],[-121.87777391778292,50.680600561302896],[-121.87791900263201,50.67699212553916],[-121.8755183440494,50.67694337896183],[-121.87603195749021,50.662639780471864],[-121.8647073751297,50.66253638821864],[-121.86503415063747,50.64860100655799],[-121.88038708720752,50.64857031481967],[-121.88480008988117,50.649456957745905]],[[-121.8644159166526,50.87885098952232],[-121.8634084019894,50.88027310798487],[-121.86045199629497,50.888312701785885],[-121.86157249606578,50.89244150897937],[-121.86612772092774,50.89740447137289],[-121.81646865174133,50.89802507179009],[-121.81648625235918,50.89596118980904],[-121.81477555514438,50.881342179231325],[-121.8213227472978,50.881436842207],[-121.82126415898044,50.884062502054476],[-121.82512959012956,50.883704002460256],[-121.83224770483574,50.87931600373963],[-121.83358000015583,50.87655870496861],[-121.83263078285651,50.87138739935225],[-121.83755089639678,50.86952170639867],[-121.84331652245082,50.86912010517566],[-121.85065209926736,50.8667274098927],[-121.85483350503412,50.86603239283216],[-121.85698201025589,50.864739193577996],[-121.86867698997597,50.86707490701802],[-121.87152559630258,50.86687839139806],[-121.86734748745587,50.87244990871029],[-121.8644159166526,50.87885098952232]],[[-122.22672261445003,50.73612106253612],[-122.22486587557378,50.73648455015815],[-122.17344769801241,50.73531321297051],[-122.17358060118363,50.71958725645579],[-122.17838289379993,50.72037281118903],[-122.18055338898317,50.722672911297295],[-122.18608392113626,50.72482490147326],[-122.19158201447023,50.725564008678035],[-122.19764870155703,50.72539030094631],[-122.20132389983424,50.72750240708048],[-122.20716231232737,50.728396795781116],[-122.21712840504438,50.72627900095342],[-122.22120369591201,50.72916590641212],[-122.23493379806847,50.72923001033285],[-122.23832490993004,50.73047154181369],[-122.2374257605724,50.73512392290964],[-122.22877722666165,50.73557079055736],[-122.22672261445003,50.73612106253612]],[[-122.27527441784325,50.70631256432909],[-122.27543757939345,50.70288842615855],[-122.28505009494306,50.702836944929075],[-122.2849144750314,50.70657436391828],[-122.28002657811105,50.706378782465],[-122.27987259000442,50.71131451098012],[-122.28029999154437,50.72871931974599],[-122.26123000018679,50.72850942266442],[-122.25300190676826,50.728043447759106],[-122.25251625611467,50.723257471701345],[-122.24704674663559,50.720491237060166],[-122.26015950587289,50.718061298594066],[-122.26314651008637,50.716389296722944],[-122.27075270070573,50.71548350228123],[-122.27513429589904,50.712489786450796],[-122.27378881442708,50.710638301132946],[-122.26937319256525,50.70834559322368],[-122.27527441784325,50.70631256432909]],[[-121.85153614167908,50.78315159150634],[-121.85601582240716,50.789436201513766],[-121.83453072873539,50.789070632212024],[-121.83542706026674,50.78208426239905],[-121.82752598108513,50.78219646351479],[-121.82969440921462,50.76570983573634],[-121.83950228707948,50.765778906108],[-121.84115655906744,50.76851321828919],[-121.84057141251499,50.77192535061749],[-121.84210136861758,50.773599374048175],[-121.84314184279417,50.777424254643634],[-121.84709744484286,50.781655353069],[-121.85153614167908,50.78315159150634]],[[-121.7977026188209,50.61630163222232],[-121.80380131552232,50.61639451381503],[-121.80364542859373,50.64857173735144],[-121.81027861657783,50.648689745241015],[-121.81041862194846,50.65530077568415],[-121.7997217286323,50.655376604616045],[-121.79945061517267,50.64856908099467],[-121.79534738749047,50.648699881683484],[-121.79537937080438,50.61780451652807],[-121.7977026188209,50.61630163222232]],[[-121.86918977252681,50.73967077774999],[-121.87748143473189,50.73667624086664],[-121.88798516299157,50.74048525265032],[-121.88832280518162,50.74417837119961],[-121.88320583235442,50.74505625288456],[-121.87734407674748,50.7438512906541],[-121.86689050891106,50.74346688667833],[-121.8692759532568,50.74221748011043],[-121.8597150061819,50.74261542064565],[-121.85641236293542,50.74236372503691],[-121.85618536849434,50.727720957273505],[-121.86503634787886,50.72758834261465],[-121.86490028927652,50.73178537600156],[-121.86985820519814,50.73180079645744],[-121.86918977252681,50.73967077774999]],[[-121.9159182079184,50.75860191800971],[-121.91315592315664,50.758782087900755],[-121.91343753847286,50.75495658434757],[-121.92267024786632,50.755128925850045],[-121.93036820018277,50.752593969294075],[-121.9314992825361,50.75530720359454],[-121.9258187975125,50.761982493241916],[-121.9184807914541,50.764702689584006],[-121.91577887976872,50.76467369524216],[-121.9159182079184,50.75860191800971]],[[-121.84695033435861,50.579574327957765],[-121.85798829055928,50.579597624671344],[-121.85716480440796,50.59182081612478],[-121.85127843169595,50.59170765784568],[-121.85135572151701,50.586566327808704],[-121.8464654575294,50.58684556966586],[-121.84695033435861,50.579574327957765]],[[-122.29384023660596,50.700947590729804],[-122.30316930282716,50.70022971380631],[-122.30283473337263,50.70589205892906],[-122.29403577499492,50.706482739998464],[-122.29384023660596,50.700947590729804]],[[-121.80543959171003,50.684318927937014],[-121.81202699977543,50.68424239356613],[-121.81206946342205,50.68879673967819],[-121.80392916127732,50.688724706763466],[-121.80337929260638,50.68430889231839],[-121.80543959171003,50.684318927937014]],[[-121.835782920293,50.70415404789321],[-121.8402611846577,50.70460965356807],[-121.83984428832399,50.70867346280871],[-121.83298900977141,50.708294068544916],[-121.83353089944744,50.7040007916847],[-121.835782920293,50.70415404789321]]]}},{"type":"Feature","properties":{"shapeName":"Central Coast D","shapeISO":"","shapeID":"43193130B79217230679930","shapeGroup":"CAN","shapeType":"ADM3"},"geometry":{"type":"Polygon","coordinates":[[[-126.51473928474906,52.290182775174564],[-126.51352319536726,52.290999370238225],[-126.51595256784024,52.297098623478306],[-126.52327470580065,52.30167530313816],[-126.53103939022179,52.304760197326644],[-126.53143728656904,52.30868099902355],[-126.53375860401356,52.31072618742386],[-126.53580938883096,52.31818759497557],[-126.53963371217493,52.32012879962504],[-126.53889189160365,52.325832801464756],[-126.54125032176681,52.33094420106403],[-126.54104829075597,52.336407510484314],[-126.54526069028168,52.343347713572285],[-126.54522890814978,52.34548678959175],[-126.54822580102322,52.34813019971064],[-126.54918520484998,52.350434492362226],[-126.55202130400433,52.35146428290761],[-126.55411417888106,52.35691189619413],[-126.55776227294172,52.36053079477636],[-126.55909554428779,52.36305468304656],[-126.55893432070167,52.383845303275514],[-126.55673102648512,52.39342167916032],[-126.56061797828761,52.399206546702835],[-126.56813156606853,52.39902284558876],[-126.62625502036386,52.39895957340537],[-126.64030628438942,52.4245731952629],[-126.6314780538271,52.46431698373685],[-126.6376933783858,52.46816093030757],[-126.64052153267585,52.47177512786205],[-126.64360555449163,52.47739101261526],[-126.64257637938788,52.48043163741106],[-126.63665965303714,52.48865632474446],[-126.63557800060667,52.49416721088284],[-126.63393394154048,52.49542812233449],[-126.6318945635594,52.502210250494215],[-126.62684679255793,52.51344669510746],[-126.63634694531505,52.52433108144827],[-126.63229800742015,52.527548228197915],[-126.62269549476447,52.528399871065034],[-126.614518078407,52.52786565512448],[-126.6042939763513,52.53343231910291],[-126.58259982333743,52.546526818565816],[-126.5765600928881,52.547555984498125],[-126.56583532080386,52.550586125441704],[-126.55835951799632,52.55046452366111],[-126.54857883013898,52.55211002076161],[-126.54212297204118,52.551845537511355],[-126.53927516180858,52.555791134619604],[-126.53828235250255,52.562771979912945],[-126.54320442244078,52.56499824281132],[-126.5398756422047,52.57284536295738],[-126.5384112780351,52.5796477752233],[-126.53440761820002,52.58594270804614],[-126.52631996603488,52.588523724601615],[-126.52344231130054,52.59478469651929],[-126.52226621787447,52.6016861322885],[-126.5333001280411,52.60635426981233],[-126.5399227080898,52.609992631299455],[-126.55279928653744,52.619698780633776],[-126.55641522753663,52.61647613453974],[-126.55805018586766,52.61176526034748],[-126.55910812371975,52.60421254952028],[-126.55563205257637,52.59027594186396],[-126.56309580699894,52.58280914833622],[-126.58213452097328,52.57470474152581],[-126.61129520626326,52.56606987892489],[-126.63175190120558,52.560845160826],[-126.64472469477832,52.55493104558982],[-126.65208468385666,52.55258259531349],[-126.65895789974043,52.54861611281874],[-126.66090209604343,52.545301993048625],[-126.66520800488273,52.54282958997596],[-126.66500961645933,52.54056220437367],[-126.66692138007579,52.53907249359114],[-126.66634039635984,52.535095204252585],[-126.67081148186226,52.53075949474846],[-126.66660079525788,52.527240211506594],[-126.65977481771466,52.52469839612408],[-126.65868629301221,52.523221113917785],[-126.65935039368148,52.51981999646878],[-126.65704490676237,52.51771079976076],[-126.65750762404187,52.51120210159374],[-126.65566270002309,52.51035900984108],[-126.65867179126212,52.50693811056382],[-126.6603125192685,52.50072140354344],[-126.6602126164355,52.49822049392466],[-126.66405727995873,52.49537209211463],[-126.66765992265071,52.49482800431966],[-126.6700913977519,52.49265610715861],[-126.67065540236014,52.4900582987373],[-126.67425398248922,52.48740649708173],[-126.67408999324836,52.485233092881884],[-126.67681611802676,52.48440849931427],[-126.67845820389776,52.48145900760125],[-126.68194399493812,52.47817759841515],[-126.6812694146419,52.47118330354423],[-126.68291098564973,52.466111702811766],[-126.68285570097977,52.45834118550375],[-126.68601340809869,52.4556408849669],[-126.6861214248985,52.45321690013048],[-126.6890791088091,52.45234811070493],[-126.69253159668487,52.44823931455822],[-126.69515279372604,52.44648178871731],[-126.69468809192402,52.444526387648644],[-126.69667670617402,52.44253670519322],[-126.70011121425858,52.441216495527584],[-126.7031112995306,52.4377970066863],[-126.70839380650891,52.43512091168092],[-126.71173860575537,52.42908648991895],[-126.71749240365924,52.42557438397197],[-126.72401639056164,52.41917540406707],[-126.7244951002624,52.4164737034166],[-126.72975550547767,52.41570888761678],[-126.73458288524961,52.41018159266843],[-126.73939050418304,52.40741570899906],[-126.7393914057963,52.404723990830185],[-126.74136168315817,52.40313459547538],[-126.74259439640538,52.39898300680949],[-126.74564331122376,52.39676550003242],[-126.74827748622741,52.3935742071299],[-126.73814244210217,52.39352612518923],[-126.69404663589003,52.392616950431155],[-126.69362762519494,52.36650745652665],[-126.69275691919717,52.36025077725589],[-126.70183062611422,52.35989896405771],[-126.71370230439034,52.36013023793163],[-126.7216745700543,52.35979771800014],[-126.7336408628872,52.36042850165425],[-126.73363619216609,52.36237516990079],[-126.73835302235979,52.36258301214369],[-126.74138690091362,52.36183419834331],[-126.75276643367135,52.362673264936305],[-126.752568384549,52.369365252668416],[-126.75552670430851,52.36678300170485],[-126.75623099924891,52.36329801297682],[-126.7546829021343,52.36255028432339],[-126.75618399832001,52.35524128643068],[-126.7553718221556,52.347788401604916],[-126.75744888875022,52.34300869461975],[-126.75814659390258,52.33881300338558],[-126.7595719011272,52.336438795352706],[-126.75906390298871,52.33430818344525],[-126.7611109889079,52.32894180550636],[-126.76212498983496,52.32309829645244],[-126.765412902865,52.320472007486934],[-126.76716031335056,52.31697130531741],[-126.77055568120886,52.313915002225315],[-126.769926212068,52.31126880702241],[-126.77150150787976,52.30793471093672],[-126.77132878255712,52.304100693666534],[-126.77297356326517,52.30236918466415],[-126.7703918596687,52.28194458511613],[-126.76921060079846,52.2684563470212],[-126.76544209497014,52.26319552667991],[-126.75969025078994,52.260976999458535],[-126.75164152312183,52.260392453067915],[-126.7432236788562,52.257199987098765],[-126.73076291565626,52.25642406996778],[-126.7213328521868,52.254039131908236],[-126.70981910064587,52.254064497938984],[-126.69509872927038,52.246970113557424],[-126.68328461670791,52.24852106885686],[-126.67644582623068,52.25168201580084],[-126.66150967080361,52.24758104961695],[-126.65031057230001,52.24491222334013],[-126.63699378443883,52.24727871652242],[-126.63078390489132,52.25328933423095],[-126.61933504259048,52.25542541701028],[-126.61191050024662,52.258799996804555],[-126.59852738930624,52.25912667555588],[-126.59110386241964,52.26292719436172],[-126.58188175086305,52.26491187438398],[-126.57427550129167,52.267964024866515],[-126.57310037521478,52.27243227836194],[-126.56670529615303,52.2747314521682],[-126.56195502119134,52.279898294834766],[-126.55548928141246,52.283109459177574],[-126.54154659372945,52.2871747613564],[-126.53211055496764,52.2892774112151],[-126.51473928474906,52.290182775174564]]]}}]}
