{"type":"FeatureCollection","features":[{"type":"Feature","properties":{"shapeName":"Central Kootenay H","shapeISO":"","shapeID":"43193130B10148750717072","shapeGroup":"CAN","shapeType":"ADM3"},"geometry":{"type":"Polygon","coordinates":[[[-117.51695940988562,49.43592331793975],[-117.48273157999326,49.435922126257246],[-117.48175094519733,49.45134745628635],[-117.50836796734474,49.4509581635904],[-117.50852120594853,49.44667893552155],[-117.51420306321154,49.44660044633634],[-117.51440446977446,49.44158881548842],[-117.52357191524969,49.4437413988592],[-117.51820880750893,49.4466709876504],[-117.52054894053563,49.45032476623061],[-117.52362568948878,49.45027720447988],[-117.52404811158972,49.452098113355405],[-117.52263160611399,49.45642835121037],[-117.51480741377543,49.460566362953195],[-117.50589422422065,49.462020266561716],[-117.50584061723532,49.4657961028093],[-117.51168746218094,49.46561650148808],[-117.51153499769772,49.47263235338952],[-117.51718097323985,49.472581657189195],[-117.51678780824972,49.479866124211775],[-117.54205379764417,49.47993725289703],[-117.54543339471162,49.48091464564328],[-117.54358116005213,49.49088636444191],[-117.54546358142994,49.49261530281667],[-117.54481694810202,49.49735497391048],[-117.54268077989056,49.499687825731456],[-117.54219156225525,49.50888403934927],[-117.54365916497696,49.510522677087515],[-117.54669594979164,49.511152744846974],[-117.55103719392278,49.51816488471796],[-117.55603171244616,49.5240774266513],[-117.55544586936868,49.52883917464105],[-117.55397171360319,49.53014542907677],[-117.55517804104517,49.53427233985232],[-117.55384696239041,49.536336080348256],[-117.55614312805562,49.53840711220116],[-117.55516500556361,49.54068868569715],[-117.54558337592498,49.54269066778139],[-117.54438658155,49.543857461333715],[-117.54336923905751,49.54806591600821],[-117.5381410263631,49.55009214012441],[-117.52776634271862,49.557068529894444],[-117.51628654320531,49.556803448759936],[-117.50308197277646,49.574928412458334],[-117.49235203009525,49.575734141330756],[-117.47437538713316,49.573383979625184],[-117.45852135375979,49.57851847619379],[-117.44822782752044,49.57538582544511],[-117.44795752277379,49.58413125945051],[-117.43405430015243,49.588729856],[-117.42416108194698,49.58523714361953],[-117.4178070883262,49.58416346700382],[-117.41544580898045,49.586443863718095],[-117.41741664823235,49.59833483211048],[-117.42684112137687,49.602106116248706],[-117.42971105471854,49.609824448038495],[-117.40298783543757,49.62150529599099],[-117.3948055582178,49.6342064488473],[-117.37628532310733,49.62400269052471],[-117.36213897695565,49.62697936281387],[-117.35158685151762,49.62222720552228],[-117.34273836843182,49.620816541759396],[-117.33462574157011,49.623647036451764],[-117.32262497855857,49.6239632056251],[-117.31694596955504,49.63269877614529],[-117.31886208200875,49.64012058275656],[-117.31458775163588,49.65057990120746],[-117.3166713692783,49.66226288290651],[-117.31680234988777,49.67846125673196],[-117.28631336919754,49.68869681157479],[-117.26891154269515,49.691476111559],[-117.25548845257856,49.68452638591991],[-117.24583426434462,49.68997384105495],[-117.23780815530941,49.69168049012467],[-117.23150764347358,49.69917104527686],[-117.21631170921421,49.6960928232114],[-117.21080054374293,49.700894662941636],[-117.20610552853535,49.70069868501063],[-117.19806652775499,49.697305085627576],[-117.19066128244854,49.698014362506356],[-117.19233792686006,49.70216777421939],[-117.19253322717486,49.70518312863737],[-117.19476369753657,49.71145910014786],[-117.19732445825298,49.7223114339138],[-117.1938039430933,49.74049385506195],[-117.19272754228157,49.74374364009191],[-117.2031194937385,49.75184877811619],[-117.22535338191373,49.75974291519055],[-117.2108215636381,49.77112886378536],[-117.19785479804061,49.77708742878744],[-117.19554125177105,49.779646178297476],[-117.19649825531938,49.78315467703084],[-117.20434195445884,49.79435862422911],[-117.2041538960321,49.801801474002374],[-117.20961165547655,49.81128500486422],[-117.21227553300544,49.81435039861717],[-117.2289560545913,49.82429445991397],[-117.23213588906071,49.830100380089974],[-117.228742488586,49.84348380338986],[-117.22686265956274,49.84571727140674],[-117.21599602370915,49.85496964947933],[-117.2116674737923,49.85912849791884],[-117.20516069112581,49.8582765492291],[-117.1951805010365,49.86192776920511],[-117.18827364852635,49.86504924748914],[-117.18572103988006,49.86830661940046],[-117.18053959953522,49.87090045027991],[-117.18574145281399,49.875636110889296],[-117.18751368666636,49.87991448743967],[-117.18623397872004,49.883418480397225],[-117.1838645832379,49.88523566358644],[-117.1829290062278,49.888562464890924],[-117.17892224842466,49.89256873800706],[-117.17428475275982,49.89575358009268],[-117.17569134141233,49.89966822567574],[-117.18150728770063,49.90870517057868],[-117.1741969348299,49.912585941801645],[-117.17486143852612,49.92175545812302],[-117.16843743639339,49.925334230269755],[-117.1592877545607,49.925333805825375],[-117.1309356086991,49.93165601869014],[-117.13631518983932,49.94007200844321],[-117.12907879422917,49.94790809353574],[-117.13235280471804,49.96826101123904],[-117.14396694831883,49.98245422497072],[-117.16438188335472,49.987554709761035],[-117.18324332609669,49.993075554954764],[-117.17889456745596,49.99951405454752],[-117.18556618040235,50.00283750362527],[-117.18688924913397,50.004889044978825],[-117.1882211804018,50.0156720051883],[-117.18817191811793,50.020199597575676],[-117.18965237806809,50.025018869685645],[-117.19722404956148,50.030493388678885],[-117.20072648847726,50.03180134964726],[-117.20421914687867,50.03423617694993],[-117.20400231565337,50.037584672769164],[-117.20117543176251,50.04007888349347],[-117.20692958003552,50.04290573201653],[-117.20880064503102,50.04636365406839],[-117.21118986422884,50.048777619286845],[-117.21175226115284,50.05312803573981],[-117.21347082924461,50.05884699584758],[-117.21299152614553,50.060832926747885],[-117.20988383496213,50.06455307440722],[-117.2065197381133,50.07482761992861],[-117.1906371725193,50.082765393605584],[-117.1936449510077,50.089004154414596],[-117.1735896152454,50.09424498627221],[-117.1684101671232,50.11117263454876],[-117.1645325134851,50.12214717520505],[-117.16680541257341,50.1284441705466],[-117.20847515429726,50.13442951708773],[-117.22762378995321,50.13549960763811],[-117.23241349478543,50.1355181711343],[-117.23681364060768,50.1396566381947],[-117.22737558557152,50.14398682918891],[-117.22646170410815,50.15537149628642],[-117.20994195533748,50.173049793991254],[-117.20114612777778,50.18646446594289],[-117.21898989227294,50.19519278395437],[-117.2458257665454,50.1952627618703],[-117.27511412527106,50.208872608368836],[-117.26527757896808,50.21892734243268],[-117.2598792540711,50.2376735778071],[-117.23512297535405,50.235601353740684],[-117.2261175532455,50.240873680976286],[-117.22124049526793,50.253353405860615],[-117.24067299534939,50.256186950269914],[-117.2337355156119,50.267631516083675],[-117.23581152792184,50.29453538740659],[-117.25683685369532,50.29219670581798],[-117.2793811026335,50.29039917074076],[-117.29008396377115,50.280287319135894],[-117.30354953776818,50.27990735961894],[-117.31127824956783,50.277286867049725],[-117.31727459869946,50.26575255710812],[-117.33913912351316,50.259338742942425],[-117.34851483671501,50.261476118840235],[-117.36229439033598,50.26550245982044],[-117.36827302166964,50.278206724583676],[-117.36805436416604,50.287062773234474],[-117.36231362097423,50.321079585340854],[-117.36097787033776,50.325663725724795],[-117.39316138743001,50.34311237497475],[-117.39988987089983,50.35382535694522],[-117.4160460948332,50.354387454976795],[-117.42795301448007,50.35320944871756],[-117.4339113347996,50.35172358658369],[-117.442764720528,50.3479615873205],[-117.44871368777719,50.34183444856126],[-117.45445444351115,50.33116486495798],[-117.45742688040671,50.32094885979286],[-117.45444628826323,50.31563040816106],[-117.45471765458957,50.30797965225333],[-117.45782570989476,50.303814498634296],[-117.46150230733825,50.301112684117626],[-117.45845469589098,50.29951732381591],[-117.45634093579687,50.29651750712732],[-117.45669394229202,50.29463370505603],[-117.46446235786684,50.2894575037623],[-117.46524201195388,50.28439267736738],[-117.4642763441453,50.28252754468757],[-117.46670045626006,50.27693007487269],[-117.478066310693,50.267537415354454],[-117.48501249892426,50.26535029988701],[-117.50032020567447,50.26510711416302],[-117.50085227792326,50.26649915563725],[-117.50505477729268,50.2685970490821],[-117.50634441759661,50.271319525275544],[-117.50354002592334,50.27746959002488],[-117.50566764294122,50.2812445642774],[-117.51492195265227,50.28051610248881],[-117.5181286965629,50.28092230497872],[-117.52274529720371,50.28423098664017],[-117.53356135664545,50.284440260237126],[-117.53361554519448,50.2875015605198],[-117.53543733824974,50.28922463172508],[-117.53862954148853,50.28920774018101],[-117.54157684704327,50.28703650140005],[-117.54330065763158,50.28383367517429],[-117.54853893612109,50.2841051756554],[-117.55582235312677,50.281256133255425],[-117.55666210468488,50.276332058232924],[-117.55951351073804,50.27661699664126],[-117.56515499311567,50.274899595401145],[-117.5671010947173,50.272232331706185],[-117.56829238320013,50.26823568656362],[-117.57745032080648,50.266405959076145],[-117.5813233388541,50.2630387192844],[-117.58209547018204,50.25702271375707],[-117.58653315838752,50.256911837994835],[-117.59123977328814,50.25513271032631],[-117.6030764269184,50.25401486935827],[-117.61546504540475,50.25648789424497],[-117.62474957935613,50.25706306330336],[-117.63836217162944,50.258603022832254],[-117.66794223089953,50.240440749696035],[-117.6714176891984,50.23582552521401],[-117.66840940641848,50.22945259601613],[-117.66466376958428,50.22289338586297],[-117.66492712131416,50.21509372528259],[-117.66337196293176,50.210913368532374],[-117.65054969073609,50.20650506930845],[-117.64807717296046,50.196006135008695],[-117.64835993387453,50.190684181776106],[-117.646562378623,50.186910814204865],[-117.64334004168484,50.184311681419295],[-117.66018311649145,50.18104178038935],[-117.66777539396998,50.17154092881961],[-117.67986813657326,50.17170153022983],[-117.6804469308911,50.16852776391738],[-117.67771572797959,50.16870116220926],[-117.67939045229565,50.15540326838396],[-117.67863133135799,50.14096312379085],[-117.67382228002968,50.14095274091528],[-117.66978431108956,50.1365234320416],[-117.66574883239015,50.13677710445293],[-117.65421543031738,50.13511488970495],[-117.6478967002767,50.12672835774917],[-117.6360563779046,50.12250073437714],[-117.59951697845287,50.113964675427816],[-117.59674408586143,50.112186737054735],[-117.5917621289617,50.1111170450313],[-117.58981912710713,50.10892121653175],[-117.59170762954011,50.10583721991525],[-117.59499499456776,50.10358304711026],[-117.59626736277283,50.101322295807385],[-117.60306163829756,50.10053931599747],[-117.60790057312947,50.09827850077],[-117.60717357797625,50.09624065604661],[-117.60980471187696,50.09117566116936],[-117.61462037636639,50.09004690858572],[-117.6122434815359,50.084510870968224],[-117.61585976478692,50.08102719428698],[-117.62439986130306,50.07851993932513],[-117.6237904665538,50.074552622213304],[-117.62093662783019,50.0686005325031],[-117.6138329016503,50.06525879861528],[-117.61427933195387,50.06424800322402],[-117.61158524695578,50.0580295489276],[-117.61204457473059,50.05564267447273],[-117.60099694630456,50.051505515153615],[-117.59560204136976,50.045715823470566],[-117.59005979380838,50.0438622851202],[-117.5870952141783,50.044454958191146],[-117.58285654635979,50.04380081982929],[-117.5843962510025,50.04033347857292],[-117.5843433762964,50.035920474936646],[-117.58566194916332,50.03445983733001],[-117.58086412749714,50.03304032943525],[-117.57267330774074,50.02709653430175],[-117.57273747194878,50.025813944239545],[-117.56978916106381,50.018511035729865],[-117.56944903203052,50.01080531981841],[-117.57015200864554,50.00959936313181],[-117.57716161228524,50.00972362087075],[-117.58050704673337,50.006985869886734],[-117.58012881518214,50.00040773794784],[-117.58329953918783,49.99809740118645],[-117.58750113275256,49.99113875443488],[-117.58729739875814,49.98837021420772],[-117.58301180856141,49.98348227145849],[-117.5823645416878,49.97837006513751],[-117.58333603810333,49.97451809412702],[-117.58648165252333,49.97099194423276],[-117.59195009110454,49.96850777210833],[-117.58886051490438,49.96158332438876],[-117.58884540497377,49.959393896417915],[-117.60202202692781,49.95633089580329],[-117.60868054861587,49.95357829539365],[-117.619263509013,49.952705809559305],[-117.6213264812401,49.953354241892136],[-117.62522004866891,49.95233666194324],[-117.62562091563721,49.950581123508385],[-117.63161925123751,49.94723000567899],[-117.62917610893268,49.94394255087808],[-117.6340078450806,49.934021691438375],[-117.63018229222519,49.92963135065059],[-117.63284025737666,49.92685332930327],[-117.63151818613207,49.92004241260879],[-117.63412844967084,49.91719362862112],[-117.63818554635294,49.91554234719124],[-117.64323786392072,49.915730784879585],[-117.65242415175445,49.914583873756314],[-117.65737126597332,49.91319258686831],[-117.6590079269492,49.91574858996039],[-117.66530461365572,49.915208758259894],[-117.67452946010737,49.91759702302515],[-117.67976255498904,49.91839931034606],[-117.68585417019983,49.9183342559585],[-117.68855492236273,49.919155213405894],[-117.69507064500553,49.91962773861501],[-117.70295194203615,49.915291234086105],[-117.70429764464824,49.91397970149623],[-117.70949535688136,49.91218106269555],[-117.70987308296681,49.90843514386827],[-117.71168221278337,49.90517424771375],[-117.70806721830205,49.89895530211737],[-117.70520349084934,49.897491684776526],[-117.70398826952335,49.892428620295796],[-117.7045592809996,49.89034586242992],[-117.70826475624021,49.88777979236916],[-117.7067744028014,49.88465600879776],[-117.71029123206132,49.881219418215636],[-117.71162071871778,49.87361267002998],[-117.71173313516677,49.86682277395938],[-117.71280489782717,49.86598424007505],[-117.72535537196242,49.864271657851276],[-117.72901638004551,49.866241967484086],[-117.73411345890118,49.865182495603456],[-117.7424965290481,49.86435750372006],[-117.7426740812983,49.8609017832885],[-117.74486168407226,49.85635309114522],[-117.74660271293153,49.85456187036459],[-117.74674690393482,49.8520359751676],[-117.7445003076695,49.84806976607591],[-117.74635802139383,49.84586683850303],[-117.74491763705112,49.83841118566983],[-117.74903117150971,49.836758830806296],[-117.74878744787486,49.83090769509859],[-117.74569450555448,49.82713587823198],[-117.75654495364833,49.818675079649125],[-117.76205616351342,49.8167791461052],[-117.76592709411015,49.81650288055658],[-117.77306920446661,49.814853377728916],[-117.77575360466513,49.8134752295351],[-117.7789793480792,49.81476870530489],[-117.78783791796747,49.81289286393638],[-117.79326623049494,49.81361434919373],[-117.79901429252517,49.81228744845813],[-117.80162674606603,49.81383626920821],[-117.80196474495072,49.816864005002415],[-117.80444357543428,49.82039018236882],[-117.80881173457686,49.82416154360737],[-117.81266959678078,49.82476450109952],[-117.81703956803617,49.82408573228142],[-117.82606982570978,49.82433205252841],[-117.83283956680582,49.823926997743435],[-117.83581067200568,49.82456738086457],[-117.83797979162283,49.82644321976279],[-117.83786115585055,49.83219924296206],[-117.84581292121561,49.83160847970703],[-117.85055630401905,49.8323617568582],[-117.8546002877463,49.83644849424067],[-117.85777187559857,49.837579893167536],[-117.86693709652619,49.837532458614184],[-117.8727519556061,49.83608636136228],[-117.87258042806016,49.83115155006094],[-117.87816809772893,49.82683584349689],[-117.87915556851011,49.825291471357914],[-117.87856377912996,49.82167829885584],[-117.88370579428705,49.82039883537588],[-117.89305195676354,49.81624693432862],[-117.88899126055973,49.80803375727183],[-117.88610931426008,49.804113519378326],[-117.88612680819774,49.80073048933854],[-117.89440993267496,49.800252000258524],[-117.89993576974575,49.798188000255784],[-117.90964917298773,49.79867517173897],[-117.91419518009933,49.80127048702004],[-117.91984502328289,49.798030529915636],[-117.92955359887834,49.79889668480094],[-117.93198438044683,49.793481050381324],[-117.93159340188299,49.78949406518307],[-117.92752427778295,49.78662602294588],[-117.9274942323244,49.785219578188396],[-117.93048779928932,49.78171466267973],[-117.93444445035149,49.780132994709994],[-117.94624506224427,49.78023688963481],[-117.95307543883608,49.77526668104438],[-117.95640198358468,49.77352320090719],[-117.95397797331087,49.77048904075988],[-117.95013289837976,49.76815028974789],[-117.94585000257482,49.76690511213309],[-117.94426127883385,49.75977134020226],[-117.94843685374121,49.75647983813828],[-117.9487014806717,49.75327943927327],[-117.94686923579839,49.751029301557274],[-117.94714575869126,49.748332600993386],[-117.95121761918145,49.745956765102996],[-117.95317361068969,49.74654202480069],[-117.95962468868204,49.745771596788934],[-117.96309136389156,49.74424183828732],[-117.96515980051943,49.7381030471074],[-117.96879614797409,49.73449827055149],[-117.96869065101667,49.73220477202477],[-117.96603756124533,49.72970084686938],[-117.97579070840699,49.72658000498896],[-117.97971575041848,49.723785881768784],[-117.98319640658052,49.720116181956165],[-117.98924973560425,49.715029718041144],[-117.99096405059416,49.711350816106275],[-117.99520387277222,49.70755143811737],[-117.99525404115047,49.705476698606375],[-117.99243747366228,49.703096322206555],[-117.9917405910386,49.69980193850985],[-117.99333476443137,49.69809181580819],[-117.99803040665833,49.69643716142777],[-118.00230595104065,49.694058161285376],[-118.0034987184415,49.69211659519874],[-118.002565102418,49.690587524046514],[-117.99551840915582,49.68592198247424],[-117.98709186248932,49.67931936181034],[-117.99010649347173,49.676355725616816],[-117.9919130122454,49.67184002904167],[-117.9871675903307,49.66774263608584],[-117.98721138250768,49.66469979274329],[-117.99216454703927,49.661025162333885],[-117.99413931772283,49.65862633744768],[-117.99844524034947,49.65783953261884],[-118.00063862741499,49.6552702274437],[-118.00594373400783,49.65249567134393],[-118.00354712170427,49.649169167438934],[-118.00210466650995,49.64043174939969],[-117.99752206697816,49.63856230639962],[-117.99603557518385,49.63708899537165],[-117.99951815141868,49.63085382588208],[-118.00082296782676,49.629942995790415],[-117.99674051135274,49.62446992977673],[-117.99787031541582,49.62193141830495],[-118.00192849620473,49.62078094611432],[-118.00391280779179,49.615294568312116],[-118.00171942684246,49.612019652182596],[-118.00337580834298,49.60741069973031],[-118.00647881854412,49.60496173177373],[-118.01006858506324,49.597775461555024],[-118.01078940794562,49.59015806769865],[-118.00948464067858,49.58709204939213],[-118.01377218810066,49.585171815612895],[-118.01511303032527,49.582951701868474],[-118.01375159746665,49.580794609836595],[-118.01538290262478,49.57056534175763],[-118.00700245398521,49.56785438231422],[-118.00317965865091,49.56450161268186],[-117.99877886333415,49.55966279102365],[-117.98580982038101,49.55803332710626],[-117.97610818661596,49.552342388725485],[-117.96921666085478,49.55172299291552],[-117.96117755557005,49.5519948618003],[-117.95752394892489,49.549134801595855],[-117.95726632391822,49.544394473723585],[-117.95277261487227,49.54077188876869],[-117.94698541106168,49.54105553957726],[-117.9442195305263,49.54026940746685],[-117.93822158331795,49.53650425398254],[-117.93513598948569,49.532997204094926],[-117.92898616335145,49.5321125819137],[-117.92187034806884,49.53239182001401],[-117.90975819945956,49.52985985291533],[-117.9034195927702,49.52974892341923],[-117.89596247954292,49.531058472840144],[-117.89195721846625,49.53272146547536],[-117.8855603552583,49.53289566402081],[-117.88579564211086,49.53471533334006],[-117.88329554806208,49.53886654703787],[-117.8770179045938,49.54194771282477],[-117.87401428615578,49.54424550895202],[-117.86861668336068,49.54629693935078],[-117.86408081645561,49.54416339874575],[-117.85913035466181,49.54328155439739],[-117.84706761372617,49.53923190553353],[-117.84449673868585,49.53443651582361],[-117.84073058356256,49.531065564374465],[-117.8396563994808,49.5271255907349],[-117.83150733951116,49.52255673253615],[-117.82951028745596,49.51884984159378],[-117.82558629744038,49.515982826724475],[-117.82437280320678,49.5097322439026],[-117.82329031720207,49.50874020762917],[-117.8128843019308,49.50588647346074],[-117.80655497427134,49.50563954780911],[-117.7959336175502,49.50808106420044],[-117.79496736257646,49.50478732563778],[-117.78872422896085,49.50168049490837],[-117.786089880377,49.499612199027894],[-117.78339774657819,49.49907208130091],[-117.76897226743476,49.4990432112866],[-117.7659629471924,49.49529782131357],[-117.76312628688,49.49404210460853],[-117.75571334067152,49.495040453416436],[-117.75186015468562,49.49789971131135],[-117.73694848406492,49.48952891598263],[-117.73473378811185,49.48696456439206],[-117.73087415717448,49.48467260056425],[-117.72974719070196,49.48174917308314],[-117.72730858558693,49.47984165833071],[-117.72594269307115,49.46826636951427],[-117.72256212463797,49.46307186361033],[-117.72170919693511,49.459754929799],[-117.72196892546714,49.4556413752259],[-117.71806674855478,49.451509772265496],[-117.7010105704562,49.43994379982293],[-117.69416990423618,49.43442820375999],[-117.69170402161254,49.43350392963548],[-117.69158626888861,49.41814185485573],[-117.66969026560609,49.418262433468584],[-117.65441698573785,49.4179236204553],[-117.64585921739393,49.418791779703746],[-117.6242220690827,49.41877193099986],[-117.60150503766235,49.41842710305419],[-117.60153137428966,49.421989174363425],[-117.58181689501846,49.42182333865051],[-117.58114899210678,49.43536673872196],[-117.57888898951066,49.43568368607559],[-117.56258643517755,49.43555626585276],[-117.56282579154465,49.43984084145517],[-117.5466180821329,49.43985655166407],[-117.5450542196759,49.44073019931997],[-117.53057014218874,49.44041951461323],[-117.52973838971265,49.438567289994445],[-117.5188576214635,49.440047002988656],[-117.51695940988562,49.43592331793975]],[[-117.46357228744795,49.76290579636676],[-117.46327847930702,49.76099699720126],[-117.4753195542493,49.76140302668562],[-117.47333718979642,49.76489350587901],[-117.47482891584396,49.768394303227616],[-117.47298678586841,49.77155029568491],[-117.47082484068255,49.77276080818228],[-117.46452197395017,49.772208567583554],[-117.46349248901866,49.7660549629692],[-117.46357228744795,49.76290579636676]],[[-117.35300401331878,49.95477320207613],[-117.35610909821867,49.949685707782834],[-117.36334870423825,49.94682978202886],[-117.36676447154491,49.951126890396054],[-117.36647160093779,49.95394709242406],[-117.36410765021392,49.957328553924484],[-117.36155279222272,49.95885985311174],[-117.35683578835051,49.95743931213603],[-117.35300401331878,49.95477320207613]],[[-117.37371095834908,49.996411441285076],[-117.36748141379162,49.99629644730485],[-117.36774308287099,49.991409390120594],[-117.36686888045456,49.98946849108618],[-117.37225962200729,49.98902464209812],[-117.37241750331447,49.98510750383734],[-117.37076789008856,49.9831430099806],[-117.37074274801257,49.980380437558416],[-117.37415837766683,49.9801745250094],[-117.38204186366993,49.98090178971911],[-117.38582739571905,49.984942040779195],[-117.38683474928685,49.99042689903041],[-117.3833077965923,49.994677073893605],[-117.38032468095456,49.9971710646762],[-117.3769477399115,49.99855869105943],[-117.37371095834908,49.996411441285076]]]}},{"type":"Feature","properties":{"shapeName":"Central Coast C","shapeISO":"","shapeID":"43193130B10278614896272","shapeGroup":"CAN","shapeType":"ADM3"},"geometry":{"type":"Polygon","coordinates":[[[-126.44567406915422,52.65416824779337],[-126.45158839078087,52.65214887948324],[-126.46934230173858,52.65079640782991],[-126.47579549723586,52.64461519222025],[-126.48575778157766,52.64647674904855],[-126.4935581784358,52.649173283119055],[-126.4951910684371,52.64492139336403],[-126.49946204411236,52.6435709240327],[-126.50977464132632,52.64302440799243],[-126.51573737493605,52.638235561553024],[-126.50707520358179,52.63454745275847],[-126.50720391570604,52.625528018828845],[-126.51332057429008,52.62440487167224],[-126.52472934267878,52.617447624782805],[-126.53689657816119,52.61776585246638],[-126.54316702160868,52.6203025162253],[-126.54880674063325,52.61920133015739],[-126.55279928653744,52.619698780633776],[-126.5399227080898,52.609992631299455],[-126.5333001280411,52.60635426981233],[-126.52226621787447,52.6016861322885],[-126.52344231130054,52.59478469651929],[-126.52631996603488,52.588523724601615],[-126.53440761820002,52.58594270804614],[-126.5384112780351,52.5796477752233],[-126.5398756422047,52.57284536295738],[-126.54320442244078,52.56499824281132],[-126.53828235250255,52.562771979912945],[-126.53927516180858,52.555791134619604],[-126.54212297204118,52.551845537511355],[-126.54857883013898,52.55211002076161],[-126.55835951799632,52.55046452366111],[-126.56583532080386,52.550586125441704],[-126.5765600928881,52.547555984498125],[-126.58259982333743,52.546526818565816],[-126.6042939763513,52.53343231910291],[-126.614518078407,52.52786565512448],[-126.62269549476447,52.528399871065034],[-126.63229800742015,52.527548228197915],[-126.63634694531505,52.52433108144827],[-126.62684679255793,52.51344669510746],[-126.6318945635594,52.502210250494215],[-126.63393394154048,52.49542812233449],[-126.63557800060667,52.49416721088284],[-126.63665965303714,52.48865632474446],[-126.64257637938788,52.48043163741106],[-126.64360555449163,52.47739101261526],[-126.64052153267585,52.47177512786205],[-126.6376933783858,52.46816093030757],[-126.6314780538271,52.46431698373685],[-126.64030628438942,52.4245731952629],[-126.62625502036386,52.39895957340537],[-126.56813156606853,52.39902284558876],[-126.56061797828761,52.399206546702835],[-126.55673102648512,52.39342167916032],[-126.55893432070167,52.383845303275514],[-126.55909554428779,52.36305468304656],[-126.55776227294172,52.36053079477636],[-126.55411417888106,52.35691189619413],[-126.55202130400433,52.35146428290761],[-126.54918520484998,52.350434492362226],[-126.54822580102322,52.34813019971064],[-126.54522890814978,52.34548678959175],[-126.54526069028168,52.343347713572285],[-126.54104829075597,52.336407510484314],[-126.54125032176681,52.33094420106403],[-126.53889189160365,52.325832801464756],[-126.53963371217493,52.32012879962504],[-126.53580938883096,52.31818759497557],[-126.53375860401356,52.31072618742386],[-126.53143728656904,52.30868099902355],[-126.53103939022179,52.304760197326644],[-126.52327470580065,52.30167530313816],[-126.51595256784024,52.297098623478306],[-126.51352319536726,52.290999370238225],[-126.51473928474906,52.290182775174564],[-126.52017538030695,52.286524089022045],[-126.52389459023837,52.282226689656916],[-126.52404618732074,52.27620236610266],[-126.51985426110873,52.27156730615274],[-126.51136522569561,52.26848862399123],[-126.51277808270812,52.26046448141856],[-126.50818140808565,52.25491040579041],[-126.50036865927697,52.25150575147573],[-126.49290873673472,52.25022157746421],[-126.4870665574518,52.24566599032562],[-126.48440704119015,52.2377865928271],[-126.47942381974931,52.23195745822199],[-126.479099236799,52.22190876331074],[-126.47715490847114,52.21437602955709],[-126.46467628236144,52.210122577872],[-126.45322784390643,52.21497941240247],[-126.44173165042315,52.2147516537726],[-126.4292172000297,52.21071290570618],[-126.42274432541471,52.20903980437519],[-126.41546927550682,52.20465653680097],[-126.409036723044,52.205670089683565],[-126.40239947012302,52.209878186406186],[-126.39750968563479,52.21473149818379],[-126.38534639242212,52.21835849941366],[-126.37758607341158,52.21499032111363],[-126.36961813315966,52.20888286308961],[-126.35802846434207,52.19593199204322],[-126.35013858600487,52.19154567655676],[-126.34774114897009,52.18695311426744],[-126.33904784165314,52.18351118814596],[-126.33204993835145,52.184956432001215],[-126.3213570586607,52.185028695760295],[-126.31010544211149,52.1881947619113],[-126.30127616972388,52.18852691327836],[-126.29704271691864,52.19229227205879],[-126.29724553243538,52.195787627407995],[-126.28682043523023,52.194235925404165],[-126.27087309159484,52.18209860419759],[-126.26081694013685,52.181550078892364],[-126.256187491196,52.178962101810605],[-126.24756240326674,52.16785010086412],[-126.2518641961949,52.16352298611912],[-126.25376695295944,52.15863749955435],[-126.26188167357742,52.15556039323111],[-126.25318130049146,52.14778617425911],[-126.24484176287324,52.146074436299784],[-126.23412221776738,52.148885763518365],[-126.22690971903583,52.14592140061925],[-126.21376423849672,52.14776320399299],[-126.20191916297344,52.14726378964711],[-126.19661852799179,52.1413143165697],[-126.20163147759077,52.13581619431758],[-126.19588908752186,52.12725675239442],[-126.20200765427677,52.120742031333165],[-126.21211428195873,52.116931852632575],[-126.21890868709288,52.106554918333565],[-126.23285316347888,52.09668588217828],[-126.24905023913415,52.09141263818694],[-126.26282300495187,52.085931533687884],[-126.26262409734986,52.07889606784936],[-126.27365153828363,52.07123608029491],[-126.27266457574682,52.06567078201119],[-126.26281650590697,52.061257271948485],[-126.2536048406526,52.056608300031336],[-126.25004177146022,52.054088174216396],[-126.24670353848032,52.04863469301231],[-126.23670004597956,52.04860900245048],[-126.2301942318697,52.04470749535301],[-126.22447752143901,52.038956687915054],[-126.22190398638621,52.0285860836235],[-126.22181193194119,52.01950128054138],[-126.21409079454226,52.01320211408252],[-126.21021218659139,52.00695140336776],[-126.21059980776698,52.003903415615156],[-126.00047955295572,52.002254092354384],[-125.77758605019595,52.000533407428115],[-125.77707923344275,52.00090146905922],[-125.7596880105315,52.00507881370558],[-125.74904003464167,52.010130970389106],[-125.7396816083236,52.01231246383088],[-125.72786341565876,52.00962275311855],[-125.7208280469041,52.00849998588988],[-125.71527318553959,52.004322691541844],[-125.70838654673045,51.99481803701549],[-125.70468217204726,51.98618896400811],[-125.7009222976011,51.98065790367532],[-125.70224037740402,51.97559549217092],[-125.69577572895105,51.96493252676983],[-125.68965976146532,51.9573305123481],[-125.68048914862848,51.95207797807763],[-125.67857356867961,51.94317143568124],[-125.66896688207862,51.93595482349164],[-125.66184066729754,51.93358822556602],[-125.6566589842611,51.92410118724066],[-125.6463623126146,51.92155874720907],[-125.6355535880191,51.91486846304032],[-125.62487941785932,51.91162235884343],[-125.61162566020934,51.903255003193046],[-125.59786517382001,51.90081741400238],[-125.58460126164881,51.90296934498518],[-125.57683708008803,51.91032528316972],[-125.57529156167655,51.91336322024649],[-125.57796608961658,51.9157175959737],[-125.5804145494492,51.92376933183498],[-125.57627176228966,51.92707087731328],[-125.57481475640351,51.931499469129676],[-125.57872498360845,51.935332717919714],[-125.58339035336763,51.93761310893939],[-125.58923617219281,51.94272219562979],[-125.58955434119508,51.944934253582645],[-125.58487696041702,51.94981369175508],[-125.58584579617502,51.951667641532],[-125.59927931182409,51.96162452568066],[-125.60441874898433,51.9672360168021],[-125.60469547079028,51.968360986290016],[-125.5986831535928,51.97225456559956],[-125.59806537819398,51.97431605830701],[-125.59973824040057,51.97628303677096],[-125.61188364158825,51.97715296348118],[-125.61490107215245,51.981573737927675],[-125.61632122049,51.98786005530339],[-125.611795782557,51.99388723150491],[-125.61059984489702,51.99932844357438],[-125.60689379014975,52.00067828378243],[-125.60256127232522,52.00638880936022],[-125.60330451281074,52.01229582958792],[-125.59979424557454,52.02299669339091],[-125.59098796196866,52.02691228444801],[-125.58559419026588,52.03809646219315],[-125.58405144248319,52.045290617187554],[-125.57960170975676,52.05557332009576],[-125.58364879666007,52.05568832950603],[-125.59050948114434,52.05383685139191],[-125.59819936427834,52.0556556873502],[-125.60596072894795,52.05698884927696],[-125.61837737054651,52.05247337023291],[-125.6233674178509,52.04876867128095],[-125.63605926347888,52.05002235838965],[-125.64426633831776,52.05204247209717],[-125.65909722625838,52.06056285341019],[-125.65976063112959,52.0669570556917],[-125.66514343595094,52.072824461889226],[-125.66441839119217,52.083206737606254],[-125.66478602536613,52.086713035073025],[-125.66103374968914,52.0938349120575],[-125.66220763441173,52.09610767034176],[-125.66191023139882,52.100384522492405],[-125.66830664340613,52.10395546529765],[-125.67241471506041,52.10700585421251],[-125.67388565754923,52.10917141760384],[-125.66962793965902,52.11659949922993],[-125.6688433677048,52.122034349222204],[-125.66683196813288,52.12263964589862],[-125.65934129333407,52.12835433665109],[-125.6537070440189,52.12892085899804],[-125.64749897310426,52.128468461751034],[-125.64574789858074,52.129346823656064],[-125.64633397805424,52.13747307617033],[-125.63921693565817,52.13857423120878],[-125.63108166075888,52.13881670496963],[-125.62986122975768,52.13962544411224],[-125.63068877127718,52.147173238006104],[-125.62959730835577,52.14916133529556],[-125.61512629839584,52.14923807227493],[-125.60885799274917,52.151439333569904],[-125.59922426993765,52.158469942661455],[-125.59116136774546,52.15941695567874],[-125.57757172918436,52.15769882236925],[-125.57366788565257,52.15801928303435],[-125.57294704559764,52.173051263175736],[-125.56602357074463,52.17484214409981],[-125.55758612020504,52.17144301618648],[-125.54559161025341,52.16742255981204],[-125.51172736900097,52.172234543463794],[-125.48272764982681,52.17755367675087],[-125.46999926533356,52.1826035879013],[-125.46262365596546,52.18692333210637],[-125.45728289333529,52.19193804344723],[-125.4536306377244,52.19639468436362],[-125.45135843862501,52.20455320446495],[-125.45599786357707,52.20875026348161],[-125.45780548185849,52.214258234574295],[-125.466482883647,52.218255582055605],[-125.47955730249419,52.22327977312754],[-125.48568233619707,52.22784143880258],[-125.4908989036912,52.2288749735321],[-125.50266766064325,52.22926205386183],[-125.50860937032526,52.234139822075974],[-125.50878070695231,52.24048830280091],[-125.51380888673144,52.24269030909536],[-125.51094328873909,52.246874859262284],[-125.49925530169727,52.249673206155094],[-125.4904204000444,52.24964390907355],[-125.48538745021725,52.25275252447599],[-125.4886644474854,52.25688493031584],[-125.48441648423322,52.261804010663056],[-125.47746974871848,52.28009560524386],[-125.46871010203137,52.286417693758],[-125.46210668111632,52.28829210077857],[-125.4551770210817,52.28705111502758],[-125.44819212330077,52.28076226013971],[-125.43940268728959,52.27615946195739],[-125.42841218267232,52.27612374910962],[-125.42090532101071,52.280477775682925],[-125.41930459880835,52.288817774090205],[-125.40385522218916,52.30047550859355],[-125.40059175427875,52.30828104401399],[-125.3920200237745,52.31209782610787],[-125.38120448385423,52.31419488924429],[-125.37791354616775,52.3174746810442],[-125.38433185412069,52.327149573808256],[-125.3828098102807,52.32956318245679],[-125.36332253705497,52.33233063170068],[-125.34947695160372,52.33718530363601],[-125.3437156211455,52.34494182440119],[-125.35153211576149,52.352032403461564],[-125.35338061870098,52.357332066247594],[-125.35866136016908,52.363831871968074],[-125.35907097866881,52.366491005105324],[-125.35528090826321,52.37089200585865],[-125.35574399646556,52.37598221711125],[-125.35864715052736,52.380694146079044],[-125.36533827998961,52.38601466174268],[-125.37375780030257,52.390844017796404],[-125.38404476603199,52.395726024615676],[-125.40648571544814,52.39535599993458],[-125.41630388620275,52.39812752922621],[-125.42969316280524,52.40451263866063],[-125.44012564215495,52.404986349555415],[-125.45113366489166,52.404805288128024],[-125.45627808416778,52.40084760812531],[-125.4664147631305,52.39877461786235],[-125.47978452978468,52.40218853244305],[-125.48521981030218,52.40831460158409],[-125.48942453513722,52.42180678478399],[-125.48993083615511,52.42932528668568],[-125.48938222096929,52.43196509973306],[-125.4828339101454,52.43796541176139],[-125.47682043563225,52.44760342419894],[-125.47574975853803,52.45291363732527],[-125.47213717073849,52.45542207330166],[-125.46664051629448,52.45623733543991],[-125.45741541107411,52.458460140025615],[-125.45469070954738,52.46427617891816],[-125.45601831966856,52.47154138249348],[-125.4608783966121,52.47355693665632],[-125.46253357301391,52.47850677807002],[-125.47212418222688,52.481280401146364],[-125.4830448607675,52.479297801553585],[-125.49477223819484,52.48056799347474],[-125.49961424600988,52.48535429915583],[-125.51802897877108,52.48952700339807],[-125.53013695940582,52.49701324398585],[-125.54102512063919,52.499159062038984],[-125.5479837763039,52.499366506932766],[-125.55716709465457,52.50287046360651],[-125.56809938159076,52.50421543673036],[-125.5957045522904,52.50471602481019],[-125.62045876807281,52.5111519280269],[-125.63105932790135,52.50971563303063],[-125.63604679614389,52.50779463058693],[-125.64582640862587,52.502915082868554],[-125.65595513591917,52.49839981833501],[-125.67807871805198,52.49256325740699],[-125.69999022935792,52.49214176965094],[-125.71166908401653,52.486319121635695],[-125.7238023913333,52.48555603163719],[-125.73517764311428,52.479838751277775],[-125.74951138776456,52.4796885192137],[-125.75546106724644,52.48293636003516],[-125.75846131158666,52.48687925318522],[-125.75449909508632,52.491115425573255],[-125.7470769365248,52.49573100572861],[-125.74592271574365,52.49724649524368],[-125.74790541953526,52.49971830541578],[-125.7511626154256,52.50171187899922],[-125.75409549414947,52.50795023385338],[-125.76534587475065,52.508948599043],[-125.77829805574528,52.51124993388731],[-125.78786294378371,52.519018731304804],[-125.79641735301463,52.522683297139494],[-125.79935912822383,52.52523375669336],[-125.79002887133967,52.533813144043066],[-125.79154020292323,52.536431684514234],[-125.79613130665221,52.53614980733852],[-125.80396712320695,52.537061103895134],[-125.80900080842645,52.540620354777374],[-125.80039351831452,52.547981466918884],[-125.80181378339807,52.55038498329739],[-125.80695153143185,52.55144085527186],[-125.81476161939797,52.550670410645964],[-125.8188275009279,52.555606152394766],[-125.82386248839258,52.55623110933512],[-125.82653189153366,52.558064237873126],[-125.82190510043053,52.56587554827789],[-125.82061834200954,52.57076181530889],[-125.82416997564154,52.576993810781346],[-125.83242017776803,52.57780519170382],[-125.8371448386815,52.57775384718052],[-125.85056860902328,52.576747020891595],[-125.8545916012443,52.57921513407608],[-125.85608247665442,52.58220395180323],[-125.85975949776942,52.59655629641674],[-125.86111625499885,52.604667477236255],[-125.86267869511296,52.60689596132892],[-125.86578689054802,52.60777948472484],[-125.86654561879035,52.61060401954523],[-125.8633458945968,52.61214897301273],[-125.86201574723266,52.615457392919],[-125.85510476365081,52.616206552669],[-125.84967686089267,52.619842479011645],[-125.84839497647317,52.624406315473045],[-125.85566290824714,52.6318085274072],[-125.87101421640672,52.63363011673093],[-125.87264012122859,52.632478087531446],[-125.884929109056,52.62816892120165],[-125.93742858142046,52.62227024756456],[-125.95817331882657,52.60297838704809],[-125.98799414199803,52.61930196555288],[-126.01070456076549,52.613838415681805],[-126.00657565244771,52.60212236126058],[-126.04678464315721,52.58157272676309],[-126.06687408768883,52.5797922878945],[-126.08418432977736,52.59170520965324],[-126.09256569546203,52.594069114456715],[-126.10049421156549,52.58894982983652],[-126.11829106900801,52.5881207834399],[-126.13602534039568,52.576913456913985],[-126.13663510700937,52.56351261914281],[-126.13380585271535,52.55796150200695],[-126.13403975223241,52.55516095504825],[-126.1377679579107,52.54986301725064],[-126.14055801040648,52.547897812174746],[-126.1453813514024,52.54631734958091],[-126.15401054482756,52.54563493384953],[-126.16719789013189,52.53161297645198],[-126.17153784743415,52.531105446794186],[-126.18106655486667,52.519014288017665],[-126.1836210106971,52.52051931673418],[-126.1977824373573,52.49996820551644],[-126.21226907563087,52.49494288654847],[-126.22007345273663,52.49629532264198],[-126.23828504178141,52.51931453903112],[-126.24443400779985,52.524733535504026],[-126.26119491576382,52.53023089478812],[-126.27040579188436,52.54121111296724],[-126.28421438971402,52.54123719527722],[-126.3008051855023,52.545311581168754],[-126.31291249382049,52.53251091598962],[-126.31369740856329,52.5213823009841],[-126.31798781167075,52.518335917728756],[-126.33176655627403,52.52120609171566],[-126.33912439616594,52.52741878621768],[-126.34436701547533,52.52451604375834],[-126.35884190165076,52.53504940129007],[-126.37626940221313,52.559611033542026],[-126.38413436230412,52.568365606409564],[-126.38467662690996,52.57832831425436],[-126.41048459241526,52.59322791035616],[-126.39685912524939,52.599312760604725],[-126.39637444673869,52.60261111780604],[-126.41306682051844,52.61474889416678],[-126.41637558086725,52.62095892754376],[-126.42241430579833,52.62676197119535],[-126.4247259340816,52.63185405457789],[-126.42922634499934,52.63718268916209],[-126.44567406915422,52.65416824779337]]]}},{"type":"Feature","properties":{"shapeName":"Chawathil 4","shapeISO":"","shapeID":"43193130B10462365847886","shapeGroup":"CAN","shapeType":"ADM3"},"geometry":{"type":"Polygon","coordinates":[[[-121.53200641057558,49.36831389960468],[-121.51953559144559,49.37265200174268],[-121.50550542317303,49.37587227823472],[-121.50567808657331,49.378425471702286],[-121.52542516684255,49.3803529371089],[-121.55643404006261,49.380437187833735],[-121.56056996482256,49.38021772177924],[-121.5606695599836,49.3765638335725],[-121.56637399791111,49.37636156069547],[-121.56647307324221,49.37270771752019],[-121.57197745046483,49.37277112447469],[-121.57141101319378,49.36273833156199],[-121.56577467563628,49.3657602944329],[-121.55655618450096,49.366805603589896],[-121.53872739349883,49.36742659372604],[-121.53200641057558,49.36831389960468]]]}},{"type":"Feature","properties":{"shapeName":"Cheam 1","shapeISO":"","shapeID":"43193130B10655592457550","shapeGroup":"CAN","shapeType":"ADM3"},"geometry":{"type":"Polygon","coordinates":[[[-121.78834967356394,49.200313627534705],[-121.7879139074039,49.18746874163284],[-121.78238830854256,49.187608507765376],[-121.77730380045496,49.18769705997668],[-121.77776472350685,49.1909133782223],[-121.77521493884242,49.191354719164586],[-121.75963937500659,49.191544366638254],[-121.75749199564214,49.194153930692934],[-121.75391377112885,49.19595035008909],[-121.75439196486998,49.19786772094417],[-121.7495960435914,49.2009138809718],[-121.74948028453225,49.20576103643827],[-121.75513205196235,49.20656695559564],[-121.76301039529241,49.205450802395156],[-121.77023006363395,49.20318445372818],[-121.77782217552442,49.19964266143227],[-121.78310039432483,49.19842840754196],[-121.78834967356394,49.200313627534705]]]}},{"type":"Feature","properties":{"shapeName":"Bella Bella 1","shapeISO":"","shapeID":"43193130B10715987802577","shapeGroup":"CAN","shapeType":"ADM3"},"geometry":{"type":"Polygon","coordinates":[[[-128.14466960182892,52.139485731696915],[-128.14390739388145,52.14242591575421],[-128.14063998801245,52.14438989854124],[-128.1413815891769,52.147622909700495],[-128.14340230205974,52.15119758299069],[-128.14395959872743,52.15569669980889],[-128.14514390184297,52.15799818999991],[-128.14227070443826,52.16147469724175],[-128.14240528703442,52.16429040833291],[-128.1440548018511,52.16672010238221],[-128.1429809030962,52.17087591057863],[-128.14381579511326,52.175350806297004],[-128.14164598014048,52.176741025795216],[-128.15745546191314,52.17806338084417],[-128.15480669138392,52.172348939856214],[-128.16660264349167,52.17124931832887],[-128.1662983762241,52.15973970942938],[-128.16787795468173,52.1425625539478],[-128.15687385271858,52.142497411328534],[-128.1549754723936,52.13903489551953],[-128.14466960182892,52.139485731696915]]]}},{"type":"Feature","properties":{"shapeName":"Qualicum","shapeISO":"","shapeID":"43193130B10819802738848","shapeGroup":"CAN","shapeType":"ADM3"},"geometry":{"type":"Polygon","coordinates":[[[-124.60335479364426,49.39420008018198],[-124.60628219218526,49.3980941110518],[-124.6104090199464,49.39783769827218],[-124.61043199169373,49.398529907330875],[-124.61201970669441,49.40161190432464],[-124.61986603306396,49.40283307344307],[-124.62031598835132,49.39434735485938],[-124.60335479364426,49.39420008018198]]]}},{"type":"Feature","properties":{"shapeName":"Trail","shapeISO":"","shapeID":"43193130B11142660142139","shapeGroup":"CAN","shapeType":"ADM3"},"geometry":{"type":"Polygon","coordinates":[[[-117.73447346332362,49.146556760945614],[-117.737159189282,49.140643990895306],[-117.73642531323645,49.13606089886303],[-117.73591348972016,49.123636511119216],[-117.7331330883768,49.119850591338256],[-117.73367164812763,49.11759657979634],[-117.73939602399203,49.12161528865656],[-117.74127591809525,49.119813549942755],[-117.74842045774125,49.11998681192172],[-117.74770576236742,49.10225447574493],[-117.74752885555584,49.098851125831196],[-117.74468088983349,49.09647019971433],[-117.74162994498282,49.097081193420316],[-117.7386565966839,49.09531060503721],[-117.73750589621719,49.09811876883295],[-117.73027773769407,49.09892892163106],[-117.72857089123247,49.09648788862323],[-117.73623320245986,49.09374839259551],[-117.74380398404983,49.09052949103069],[-117.74387418424827,49.08802587190753],[-117.74783051212945,49.08806048371365],[-117.74773008742582,49.081190408890045],[-117.75919816031794,49.08114859323756],[-117.75923930036407,49.05910560393065],[-117.73727082406856,49.05892135039515],[-117.73710383962697,49.044316235470205],[-117.72595903367831,49.04426888879362],[-117.72575497031768,49.02990061579177],[-117.71185220032989,49.02980083676122],[-117.71188757070162,49.02805993520728],[-117.7079978818141,49.028071881281306],[-117.70789906180667,49.029705318223506],[-117.70429121567133,49.02970133987964],[-117.70430651341303,49.03329316709313],[-117.70976451659112,49.033420652405006],[-117.70994083846469,49.04409562578068],[-117.71521130578158,49.04408365407847],[-117.71536853367607,49.087696570104555],[-117.71090800657299,49.08849309237032],[-117.69419619628809,49.08892553469986],[-117.69431926492365,49.09431246282039],[-117.68546364085556,49.09535497423512],[-117.67030231950379,49.094945519924764],[-117.6550314036117,49.09576160950964],[-117.6515430629836,49.09510579231508],[-117.64665879384569,49.09086988744326],[-117.63937430835317,49.08792328370707],[-117.62847314509185,49.085235086777836],[-117.62169913993385,49.08211485253256],[-117.61492149136001,49.07699693015338],[-117.61290321888764,49.07357630542001],[-117.61054085148714,49.07707020198234],[-117.61230584876157,49.08017407507215],[-117.61296952985936,49.08825865313958],[-117.61797231044163,49.0882106347675],[-117.61852917045078,49.09220608836759],[-117.63112595724442,49.09224037885979],[-117.63137326567289,49.096067284803866],[-117.64160337223124,49.09576536962799],[-117.64179217277037,49.10344079238802],[-117.67118798319366,49.10337585292005],[-117.67153278292746,49.11087108208501],[-117.68397224739233,49.11101051413868],[-117.70434837660065,49.11023378372057],[-117.70411774570293,49.105251934194534],[-117.70684197609175,49.106206303906276],[-117.71013505429141,49.10903865988665],[-117.7107996754492,49.110808766242315],[-117.71142707468314,49.1320301594066],[-117.72378711439885,49.1319704824984],[-117.72404699921071,49.14652850101313],[-117.73447346332362,49.146556760945614]]]}},{"type":"Feature","properties":{"shapeName":"Cumberland","shapeISO":"","shapeID":"43193130B11338054447214","shapeGroup":"CAN","shapeType":"ADM3"},"geometry":{"type":"Polygon","coordinates":[[[-125.0100170016024,49.65336480235055],[-125.00963497954083,49.65136609535899],[-125.0173508957628,49.64725231561521],[-125.02587725001707,49.65381715012364],[-125.0449887463608,49.65507761279943],[-125.06910452173074,49.654596343131445],[-125.07443387394972,49.65662167665419],[-125.07904942205633,49.65732917404022],[-125.08877811747448,49.65524091917024],[-125.09264999440168,49.65238780268792],[-125.09322136981105,49.646829887428716],[-125.08032890646028,49.64662964439257],[-125.08078669272237,49.62568140608642],[-125.06776100756088,49.62488351322478],[-125.06737950616036,49.61635295669603],[-125.06135077892883,49.616236672375315],[-125.06120947075092,49.614687416916425],[-125.05629744535118,49.614555865228006],[-125.05594400122828,49.61041596088776],[-125.0570991786939,49.60862473857302],[-125.06673260590273,49.60842895649697],[-125.06669747604224,49.6063889827479],[-125.07532809416529,49.60632918228035],[-125.08719545801362,49.60875400070938],[-125.08729116167522,49.60708028308954],[-125.08695782751212,49.60302418612312],[-125.08944525176403,49.596521006365215],[-125.09814781572457,49.594516281220145],[-125.09794055909366,49.589402320448414],[-125.09455866071282,49.5881045286494],[-125.09213550533113,49.58892930801591],[-125.08440021006393,49.58991942329827],[-125.08472611294894,49.59192732670512],[-125.09020271178558,49.591373374150464],[-125.09262763296888,49.59204072843543],[-125.0910350669336,49.594212494311215],[-125.08767755828859,49.59617509233631],[-125.08689881947559,49.597883218315005],[-125.08071909595725,49.59851889459799],[-125.07717869622915,49.60077759828641],[-125.06837797041761,49.59921926330789],[-125.06709167055307,49.60048332467814],[-125.06208709258026,49.60019078698015],[-125.04095165586438,49.60036916504692],[-125.0383161449116,49.597860605572095],[-125.03283178736919,49.59625976307754],[-125.02879673627075,49.59672745930288],[-125.02863335075597,49.5996091065062],[-125.03214843544323,49.59954832409849],[-125.0412338575428,49.601735291054446],[-125.04253999976527,49.60533703682789],[-125.04266194289487,49.61220247071297],[-125.03812726793674,49.61208214371112],[-125.01896782718303,49.61265013204981],[-124.99419098895667,49.61208968488605],[-124.99425212068459,49.62538729045814],[-124.99737989783476,49.626833175451104],[-124.99722652062407,49.632277285118924],[-125.0026346960747,49.6321320933208],[-125.00253571769439,49.6397040051317],[-125.00757380876499,49.64808147656738],[-125.0033806803468,49.64834927803353],[-125.00393753121197,49.653941650954856],[-125.0100170016024,49.65336480235055]]]}},{"type":"Feature","properties":{"shapeName":"Harrison Hot Springs","shapeISO":"","shapeID":"43193130B11358463271790","shapeGroup":"CAN","shapeType":"ADM3"},"geometry":{"type":"Polygon","coordinates":[[[-121.8139302021337,49.30412090719972],[-121.81377789160976,49.30200169487159],[-121.79701426010531,49.30188243746722],[-121.79507361955186,49.288866402438934],[-121.78384813492626,49.28867938511692],[-121.78366059187361,49.284831339148916],[-121.7889087703325,49.28477187195412],[-121.78862469441239,49.28068934855811],[-121.76602979440125,49.28043785438256],[-121.76622234707094,49.29417672525922],[-121.76656163011742,49.29913175377095],[-121.77072521176774,49.299213867676855],[-121.77140793831403,49.30936496250114],[-121.79917509807062,49.313892925558704],[-121.80852586633372,49.305762398774505],[-121.8139302021337,49.30412090719972]]]}},{"type":"Feature","properties":{"shapeName":"Skookumchuck 4","shapeISO":"","shapeID":"43193130B11380075183360","shapeGroup":"CAN","shapeType":"ADM3"},"geometry":{"type":"Polygon","coordinates":[[[-122.4030118659543,49.93610532302572],[-122.40345391176267,49.9520664341071],[-122.4220758275575,49.95298396153885],[-122.41955458298426,49.94866920496199],[-122.42060620793079,49.94576950969398],[-122.4185207596523,49.944104008034266],[-122.41817865135619,49.93465908025106],[-122.40299982285218,49.93490512450677],[-122.4030118659543,49.93610532302572]]]}},{"type":"Feature","properties":{"shapeName":"Powell River","shapeISO":"","shapeID":"43193130B11556035121639","shapeGroup":"CAN","shapeType":"ADM3"},"geometry":{"type":"Polygon","coordinates":[[[-124.52678495720345,49.88733315549816],[-124.53327294084212,49.897359101601374],[-124.55238079916772,49.89531069514959],[-124.55796240127366,49.89574770338215],[-124.5579938411779,49.899771551274725],[-124.56389221266639,49.90029923576978],[-124.56396324241206,49.903974458351904],[-124.56608314466399,49.90410462219313],[-124.56594006255499,49.90819966308792],[-124.57685422471066,49.907974280571636],[-124.57701818359963,49.90046844660282],[-124.58775987821832,49.89579139663553],[-124.59460288799579,49.889579302817026],[-124.5921132109927,49.8890204967365],[-124.58511038512124,49.88312570073523],[-124.57770120216888,49.878747708238784],[-124.57278361586802,49.87771800625878],[-124.5650332894153,49.874772690350525],[-124.56491430876162,49.87153689083436],[-124.55633998963052,49.871912893065314],[-124.55492159970024,49.86852331100605],[-124.55241980410912,49.86643388291321],[-124.55203758434813,49.86450410567249],[-124.54905229780083,49.86078548979077],[-124.54623841674362,49.85981560354218],[-124.53575539338982,49.85172470497751],[-124.5350377972947,49.84970950570972],[-124.5303303903875,49.84599369067305],[-124.53051840690063,49.84362669801222],[-124.52947159129978,49.83602139466363],[-124.52857950902174,49.83502590727945],[-124.5253988916399,49.82150299334566],[-124.52673019014412,49.81344480361159],[-124.52597340414313,49.808363188407895],[-124.52652929565843,49.8043527144917],[-124.51960829486053,49.80263650251574],[-124.5173913987034,49.801504187391075],[-124.50829793477692,49.80047098613334],[-124.5095168138722,49.80166359174112],[-124.50783910751962,49.809035144596486],[-124.50856180805246,49.81602605333045],[-124.50312782135984,49.81596911197156],[-124.50380120513363,49.82173659253108],[-124.50366380929738,49.829602491520596],[-124.49496797238758,49.829653717747455],[-124.48708679940519,49.83038880687922],[-124.48731599953379,49.83341841932944],[-124.49277843684196,49.83342243142802],[-124.49285516078382,49.84094678722802],[-124.50390138811913,49.84071370352638],[-124.50359057183142,49.84772683800413],[-124.49760333347857,49.8478154359363],[-124.49778058661971,49.85878098303543],[-124.5038740892259,49.85865249913079],[-124.50225253162729,49.86726264118967],[-124.49834948066498,49.86752103507118],[-124.49843364422433,49.873651106824866],[-124.52040137984257,49.87352568453052],[-124.51832491483253,49.87498796675032],[-124.52127110145936,49.88031943175233],[-124.52494657136756,49.88052109865091],[-124.52419004211565,49.88382274901375],[-124.52678495720345,49.88733315549816]]]}},{"type":"Feature","properties":{"shapeName":"Port McNeill","shapeISO":"","shapeID":"43193130B11575795959041","shapeGroup":"CAN","shapeType":"ADM3"},"geometry":{"type":"MultiPolygon","coordinates":[[[[-127.04318129364715,50.587554963743415],[-127.04989619517245,50.58873880925333],[-127.05487530123834,50.58892970999806],[-127.0613181970485,50.58789571176583],[-127.0652021875843,50.586556896918154],[-127.06880329654442,50.58658968719196],[-127.07469018313245,50.58945659341576],[-127.08115940622702,50.59122829373027],[-127.08583660310019,50.59155728435832],[-127.0911563976575,50.588918287571296],[-127.09850249183086,50.58894961391276],[-127.10574069107136,50.589912394731456],[-127.11452580195211,50.590315390653224],[-127.11817079462723,50.58926008681075],[-127.12368444836251,50.58944386201565],[-127.12358368934026,50.582335745120346],[-127.1244241572832,50.57306133080412],[-127.12096632545027,50.57227383784568],[-127.1012629441709,50.57198491067196],[-127.10100103335236,50.57904270463525],[-127.09126551991565,50.578245240049625],[-127.0695565748186,50.578650081889286],[-127.0472788876012,50.57851773107811],[-127.04729249384782,50.58684723560405],[-127.04318129364715,50.587554963743415]]],[[[-127.16880030325022,50.613010046030745],[-127.17102147512769,50.59238171242956],[-127.17318933758656,50.57898741648643],[-127.15030029322917,50.57673815008327],[-127.14427839635412,50.60790858380109],[-127.15171730886476,50.61004210393974],[-127.156089617462,50.61060609612129],[-127.16083589728389,50.613218112024995],[-127.16880030325022,50.613010046030745]]]]}},{"type":"Feature","properties":{"shapeName":"Queen Charlotte","shapeISO":"","shapeID":"43193130B11639323002985","shapeGroup":"CAN","shapeType":"ADM3"},"geometry":{"type":"MultiPolygon","coordinates":[[[[-132.00310452021458,53.244714461338674],[-132.00194329298841,53.24884060088921],[-132.00266462408348,53.255653994613844],[-132.01617000745406,53.25449421240093],[-132.01582666765583,53.26049743765476],[-132.01802515706373,53.260466444156826],[-132.01707032979652,53.277056280700656],[-132.12266286755602,53.27702273102945],[-132.14223123359747,53.278881491809614],[-132.15336434514845,53.27891915357295],[-132.16179710721588,53.27832561935671],[-132.15838271232465,53.26720785573251],[-132.15714939108096,53.260397132317244],[-132.1574911692935,53.256371333478874],[-132.15966225555496,53.250906252609326],[-132.1642092558195,53.243717298614214],[-132.16507950349808,53.24047988797976],[-132.16180469742545,53.23943741072368],[-132.15851820644295,53.24177029520418],[-132.15423460110472,53.24101121375077],[-132.1535853940673,53.238154205526115],[-132.14897038749515,53.23567890891114],[-132.1471483895205,53.236704391629196],[-132.14839328919493,53.23938759194802],[-132.14467509531548,53.24186141221985],[-132.1391750126794,53.24051558880497],[-132.13939419982836,53.24463009997873],[-132.1355350121218,53.24585059777502],[-132.1335875205775,53.24806959897275],[-132.13099502471465,53.2487261024494],[-132.12510809029254,53.25200180401732],[-132.1186781958763,53.24951661208851],[-132.11482269541779,53.24999079442076],[-132.11063230109363,53.25342318380422],[-132.10843888700944,53.25284780920032],[-132.10060661112408,53.254240689536815],[-132.0947419900688,53.253611203282055],[-132.0903295928555,53.254763301854155],[-132.07957760146653,53.25324939229421],[-132.07805339945025,53.25471488860266],[-132.07308380312827,53.254142383083774],[-132.07112932444016,53.25247610322956],[-132.0681457061052,53.2542108047787],[-132.06573778745306,53.253898894304534],[-132.05867068932437,53.25113451164886],[-132.05474198669353,53.252448997670996],[-132.04482540094673,53.251880682912514],[-132.03848761086363,53.25071580434538],[-132.03505760703104,53.2508824027792],[-132.02877542337066,53.249808497757925],[-132.02374499652248,53.24539350473189],[-132.02015320088495,53.24376560905307],[-132.01448090936108,53.243426585629614],[-132.01345051016617,53.246386098493154],[-132.00898468633204,53.24680490236519],[-132.00310452021458,53.244714461338674]]],[[[-132.13341508968642,53.23697780604128],[-132.14071601113704,53.237836602923416],[-132.13998080431293,53.23449118509945],[-132.14535038910054,53.233074102038096],[-132.14563512170352,53.23148889539146],[-132.15190669326066,53.23092921436564],[-132.1554611113829,53.228864107916756],[-132.1547922960694,53.226519884919924],[-132.15117771715038,53.226784796644004],[-132.14780209379177,53.22460859981349],[-132.14394150855065,53.224084504469104],[-132.14330321556244,53.22129869136324],[-132.1470673085308,53.21989589627007],[-132.1436090766927,53.21758289352264],[-132.1402120002184,53.219327587220505],[-132.14170969414513,53.22204361259944],[-132.13683269951815,53.22171029693809],[-132.1319335056396,53.22284250449034],[-132.12798800373403,53.222000799959574],[-132.12021990062112,53.224547288284285],[-132.11486158990684,53.22403029431195],[-132.11109010545385,53.225755105583524],[-132.10459759419177,53.22558841299566],[-132.10156249540867,53.226135299680394],[-132.09512492252085,53.22960179554886],[-132.0942676851117,53.231649905145844],[-132.09638129811827,53.23516340726517],[-132.10566090221158,53.23490420651949],[-132.10816749332125,53.23598090349259],[-132.11118018398517,53.23397700330339],[-132.11704901106563,53.23250009101109],[-132.12245191871094,53.232595503091254],[-132.12503947420623,53.234699096147025],[-132.12616699285235,53.2393391951555],[-132.12778008011526,53.24009680270461],[-132.1334076129291,53.23909990750285],[-132.13341508968642,53.23697780604128]]],[[[-132.0899091870184,53.250805502377204],[-132.08830869296366,53.2467650018559],[-132.08262621095798,53.246769286262975],[-132.08212121703,53.24848399983648],[-132.0899091870184,53.250805502377204]]]]}},{"type":"Feature","properties":{"shapeName":"Tzart-Lam 5","shapeISO":"","shapeID":"43193130B1208445339320","shapeGroup":"CAN","shapeType":"ADM3"},"geometry":{"type":"Polygon","coordinates":[[[-123.82705087045468,48.76070241629014],[-123.83098382001529,48.7608027033797],[-123.83103230358566,48.75770843830611],[-123.82691236960771,48.75897528978748],[-123.82705087045468,48.76070241629014]]]}},{"type":"Feature","properties":{"shapeName":"Lantzville","shapeISO":"","shapeID":"43193130B12096142100661","shapeGroup":"CAN","shapeType":"ADM3"},"geometry":{"type":"Polygon","coordinates":[[[-124.05715519551978,49.249192870263556],[-124.06305248537974,49.251786495454056],[-124.07555528898843,49.25293870019237],[-124.07795070330741,49.255012303717216],[-124.08357839205651,49.25720841287754],[-124.09142398643412,49.254093706408455],[-124.09516038591518,49.25460779322067],[-124.09906620896385,49.25414779839279],[-124.11017060131691,49.256020702300816],[-124.12213306526633,49.253945674550124],[-124.12285310180187,49.25245068157485],[-124.11721574041445,49.252703627658505],[-124.11279299546712,49.25367170130588],[-124.1129278049667,49.248816076677834],[-124.13168296802579,49.24891072550677],[-124.13205215276432,49.2525132152059],[-124.13510102306581,49.251810700673026],[-124.1432262807951,49.252090661457416],[-124.14875277603846,49.25184475562589],[-124.14850953451725,49.24641832183155],[-124.13694929016275,49.245165558791896],[-124.13630364042048,49.24066971473398],[-124.1372295984722,49.23153835739429],[-124.13503001152074,49.23138809516726],[-124.13513798212249,49.228661537675364],[-124.13230773956587,49.228515476873966],[-124.13240094553444,49.22160543047779],[-124.12166540025426,49.22113668999812],[-124.12175363864434,49.213068844399345],[-124.12728190994099,49.213234136325845],[-124.12789195133621,49.20288354277848],[-124.13540407447071,49.202904171532175],[-124.13526388590303,49.200188154429604],[-124.09261218693979,49.19988183694084],[-124.08195893251255,49.199205873315286],[-124.08173223385363,49.21144583233527],[-124.07403153317152,49.21179922501704],[-124.07393088241805,49.219801634193345],[-124.07300247854629,49.219733298162616],[-124.07285896000073,49.22858524691213],[-124.07012891294816,49.22967847897904],[-124.06461513290978,49.22976470320119],[-124.06461098891565,49.234638820550295],[-124.05395723188978,49.23448454287689],[-124.05536012378069,49.23734414676594],[-124.06033318736802,49.24093609085899],[-124.05723430525582,49.24175097326398],[-124.05715519551978,49.249192870263556]]]}},{"type":"Feature","properties":{"shapeName":"Chekwelp 26","shapeISO":"","shapeID":"43193130B12141514689015","shapeGroup":"CAN","shapeType":"ADM3"},"geometry":{"type":"Polygon","coordinates":[[[-123.50168661512886,49.40739827408638],[-123.50167859868357,49.40519746131449],[-123.49992981370796,49.40573943698191],[-123.49628245056132,49.41112836809447],[-123.5013965555284,49.410663717074605],[-123.50168661512886,49.40739827408638]]]}},{"type":"Feature","properties":{"shapeName":"Lillooet 1","shapeISO":"","shapeID":"43193130B12591205224049","shapeGroup":"CAN","shapeType":"ADM3"},"geometry":{"type":"Polygon","coordinates":[[[-121.9456425880345,50.67228901355025],[-121.94018355305035,50.67420313889565],[-121.94055388918551,50.67633638932365],[-121.94153371772529,50.68219295985262],[-121.9453498922348,50.68365523525572],[-121.94361266514863,50.68648026846574],[-121.9439509181067,50.69036933204076],[-121.94323970094172,50.69426171119698],[-121.95120678564645,50.69425246134984],[-121.9508707699266,50.701297632594034],[-121.95653505288968,50.70142134541564],[-121.9567763230317,50.70857981767038],[-121.9673447170744,50.70871163696845],[-121.9682666907745,50.696236513255826],[-121.96276532597274,50.696064054765195],[-121.96263161633556,50.692417746831936],[-121.95369111808849,50.69201394851323],[-121.95520411353452,50.67185021476809],[-121.95454436259479,50.67057967029084],[-121.94908749277776,50.67077469006753],[-121.9456425880345,50.67228901355025]]]}},{"type":"Feature","properties":{"shapeName":"Alberni-Clayoquot A","shapeISO":"","shapeID":"43193130B12662212177276","shapeGroup":"CAN","shapeType":"ADM3"},"geometry":{"type":"MultiPolygon","coordinates":[[[[-125.11727650814184,48.79319397284361],[-125.11467062385539,48.79129400083044],[-125.1159283142828,48.78749140782944],[-125.11942148392964,48.7857452914827],[-125.12014541268199,48.783888097347145],[-125.12459338657189,48.78152110003037],[-125.127577206715,48.77672428210925],[-125.13341400183033,48.77251300128661],[-125.13145411281246,48.77120979551982],[-125.13084149577048,48.76575079888425],[-125.13265169028789,48.76414289086315],[-125.12727888545548,48.76198380687396],[-125.1258589053627,48.759922990254275],[-125.13023880265727,48.75311239163857],[-125.12722222281307,48.7506400027561],[-125.12904538783978,48.7473941973728],[-125.12446990499339,48.74474368302587],[-125.12464419786158,48.74241938857544],[-125.1182810914456,48.739253397916364],[-125.11585061160471,48.73353950021093],[-125.11709901506642,48.73184319974883],[-125.11006650277456,48.727905306908895],[-125.10610201111669,48.725116697580276],[-125.09912302229756,48.721466502915334],[-125.09274779989148,48.721177297458034],[-125.08892389372988,48.71980720277729],[-125.08588701058562,48.72132829793362],[-125.08302540681305,48.72086690304452],[-125.07949781104732,48.72365690512207],[-125.0618901915591,48.72207601431674],[-125.05683490318405,48.720475196019486],[-125.05160700091218,48.71995539619102],[-125.04937490223352,48.71889859913966],[-125.04237141201848,48.71823920926295],[-125.03540559939579,48.71608719650927],[-125.02613110327856,48.71534240562649],[-125.01979418695693,48.71362619076461],[-125.01062031180493,48.70997310332483],[-125.00789500314697,48.70943471196498],[-125.00626379452645,48.70673729764059],[-124.99351298828516,48.70672590688341],[-124.98663720216634,48.70536860608976],[-124.98119852326396,48.70291610486799],[-124.97349690703132,48.70098770372166],[-124.96241620599312,48.70088088588478],[-124.95306792345576,48.70024720343426],[-124.94767110376576,48.698691804420285],[-124.94498509759525,48.696840512608816],[-124.93729579855736,48.69300221062759],[-124.93636039299203,48.692036595775576],[-124.92857870179877,48.69142989993368],[-124.92129970006536,48.68764720808523],[-124.91852551566552,48.68689229894646],[-124.90982691357071,48.68212409808627],[-124.90553620883122,48.68114280888786],[-124.9024366872523,48.68142909505331],[-124.89649870153852,48.679583294932456],[-124.89217190403883,48.677287499962304],[-124.8875214900683,48.67676189360789],[-124.88422720047801,48.67552000719191],[-124.88098971687495,48.67684170741513],[-124.87635078572895,48.67595439575637],[-124.87090062107892,48.676267701731746],[-124.86758419463975,48.67397330821758],[-124.86314051523873,48.6721289951828],[-124.86033849690895,48.67015928639015],[-124.85617310672211,48.67029030846246],[-124.85420538700652,48.66885469194497],[-124.85186949065114,48.67075458999703],[-124.85291181342308,48.67463449689365],[-124.85250268200842,48.67719209357318],[-124.85464711048621,48.680557494759654],[-124.85496419528097,48.683246392761625],[-124.84974627921088,48.68743209513223],[-124.84733308079943,48.68787360167367],[-124.83858510001272,48.68653749145151],[-124.81977551555073,48.68941740407574],[-124.80979891697278,48.693191596883295],[-124.80196849391326,48.69657550198687],[-124.79406978971252,48.70701929295068],[-124.79387460833433,48.70847048896292],[-124.78801021127617,48.71700579675008],[-124.78417158684178,48.72129130782926],[-124.78113300491009,48.72259868283807],[-124.77489750027092,48.73044468499831],[-124.77344368992958,48.73168520520653],[-124.75799448989878,48.73963940770726],[-124.75688360578228,48.74059788356259],[-124.7494150137283,48.74322979944987],[-124.74160758785729,48.74484490904433],[-124.73662388561856,48.75050039229817],[-124.73568611222413,48.75381878811811],[-124.73846678649771,48.75889469482396],[-124.7308717830887,48.77072129743874],[-124.72039838100645,48.77963970189012],[-124.70793470719201,48.78608139914063],[-124.70377749359231,48.79002499953306],[-124.69854892342946,48.7935542004817],[-124.69364540105371,48.79608789325942],[-124.69063590209761,48.80282870173392],[-124.68341710786454,48.81103069426493],[-124.67896300597354,48.81342620446332],[-124.68165931379409,48.82045330337216],[-124.68109868545757,48.82385999631329],[-124.66951579567359,48.828675204610335],[-124.66940839372168,48.829877300057284],[-124.6724376880796,48.83313019162138],[-124.67159279958037,48.83845668570837],[-124.66824539502554,48.84158570922531],[-124.66545541813689,48.84120119732346],[-124.66150930089901,48.8374299023122],[-124.65666300362918,48.837629199460295],[-124.65367810032855,48.8397512873454],[-124.64917711988411,48.844184901247914],[-124.64945719138433,48.847232712329145],[-124.65253269256998,48.85049549864535],[-124.65496659858738,48.854903509777856],[-124.65426469497888,48.856460097386424],[-124.6499456086735,48.859344203388034],[-124.65385769461582,48.862030189400265],[-124.65325660816227,48.86648940020396],[-124.6516984090448,48.86832100496393],[-124.64450840542816,48.86709470536267],[-124.64051000247522,48.86550238794445],[-124.64027160242684,48.862434691835155],[-124.63660059258159,48.86384320172354],[-124.62417789223389,48.87197830361733],[-124.62149240410594,48.874657305130654],[-124.6157077871283,48.87680499785398],[-124.6096896004154,48.87622669454759],[-124.6080532904956,48.878249109160976],[-124.60447978803083,48.87989550259437],[-124.59913210786428,48.87989689608576],[-124.59426039370535,48.87837590659568],[-124.58887589504293,48.87901111136686],[-124.58948820593348,48.88195208677606],[-124.58868498472891,48.88426209785124],[-124.582041790774,48.8888095915977],[-124.57886810095957,48.889822196105406],[-124.57419889086229,48.88830549731106],[-124.57192910890838,48.88948188508826],[-124.57164850743621,48.895227093962376],[-124.5705380010381,48.898387397863914],[-124.56460660627586,48.89757989765538],[-124.55986780786033,48.89486959052236],[-124.55420590218283,48.89780780258428],[-124.55016979547553,48.90073171397677],[-124.55120500733112,48.90669629935863],[-124.54998511100052,48.90848789556257],[-124.54521930924196,48.91046189942892],[-124.54505021215239,48.91699189753352],[-124.54585071323886,48.92075319057296],[-124.54776079387335,48.92490619695997],[-124.54625349265118,48.92852660514688],[-124.54994039432016,48.93107868729998],[-124.54949920261173,48.932472989803095],[-124.53934333159121,48.9343942604407],[-124.60301965553803,48.98522313352269],[-124.6382507670326,49.01432138263111],[-124.6333978139684,49.01395843757022],[-124.62893373729989,49.01505916029746],[-124.62178545343264,49.013958183081],[-124.61606745597821,49.010241236208785],[-124.60684158923306,49.01016607094671],[-124.60561976715675,49.01096593825955],[-124.60555642019605,49.014797272581816],[-124.60173930194084,49.01456868837551],[-124.60170078939554,49.01735348539006],[-124.6052073663334,49.01752031324259],[-124.60364336375511,49.02113008179373],[-124.60341580140476,49.0257601516431],[-124.60608930528294,49.02610750852941],[-124.6058078942121,49.03495720985332],[-124.61113836733097,49.035095098556994],[-124.61141500550725,49.03763332250654],[-124.61389344904673,49.03744677351973],[-124.61535683974537,49.04036617331359],[-124.61558189123811,49.048119595312976],[-124.61846849415508,49.04886394858407],[-124.62445689130729,49.04884340496396],[-124.62469772937351,49.05156854370809],[-124.63040182564407,49.05152367415314],[-124.63007026269214,49.063989399133774],[-124.63151390253276,49.064059042199155],[-124.63149719978772,49.06818226099233],[-124.63320508028927,49.070017138841116],[-124.63713063601624,49.070290270274995],[-124.63889809129682,49.07188640390258],[-124.63869315183116,49.07555993682695],[-124.63577157587657,49.07538928929373],[-124.63537516237288,49.0861981850837],[-124.62983003800946,49.086047973476795],[-124.62917338443066,49.09534488371384],[-124.63317198317029,49.0974777839255],[-124.6351049179924,49.10142155859261],[-124.63295715060968,49.10496036043324],[-124.62718351926632,49.108527383594954],[-124.62950783427047,49.116863659140364],[-124.64437362805135,49.115077938133076],[-124.6462563099145,49.12129844252784],[-124.65797172109828,49.11943134075242],[-124.66090740614986,49.125510517869884],[-124.66927121692909,49.12422643682065],[-124.67051112970863,49.12809337744672],[-124.67984720169132,49.12697523333587],[-124.68201437983602,49.133437348020735],[-124.71541244031884,49.12953369048103],[-124.71490678628747,49.12641003509005],[-124.72563053402433,49.12547378607235],[-124.72848457040016,49.138611382408776],[-124.74495747988693,49.136920970447555],[-124.74253826900873,49.12476499024767],[-124.74068277699162,49.12493299293045],[-124.7392368359081,49.120026484839286],[-124.7475947027975,49.119277784667574],[-124.74668164157328,49.11559702916472],[-124.7615086514981,49.11458418521043],[-124.79371839176771,49.140623766056024],[-124.79305900030951,49.13878538650157],[-124.79547451720119,49.137713001361035],[-124.79492008539549,49.134905893656104],[-124.79685279370128,49.131870903648085],[-124.80175278882939,49.12898830960402],[-124.805004285605,49.12111950590651],[-124.80841579871533,49.11959990011845],[-124.81227039098879,49.11631850223471],[-124.81487380188022,49.11250880338124],[-124.81114970456488,49.10808798992211],[-124.81408709049968,49.10638609058624],[-124.81533339648223,49.10294811102067],[-124.81787790037961,49.10249370439857],[-124.81983168779453,49.10010679065437],[-124.81410110477037,49.09622859610424],[-124.81431360053529,49.094912695785226],[-124.81934499629003,49.09280061410547],[-124.81939668474928,49.08820179689459],[-124.82519580936845,49.081993688111226],[-124.82516710257006,49.08007808680621],[-124.83017299111762,49.07469889287665],[-124.83346100116825,49.07321630907229],[-124.83539450734389,49.070739588659364],[-124.83588260268343,49.06281529503272],[-124.84081150746121,49.05908378279817],[-124.83876941277512,49.05716400143483],[-124.83824081224245,49.05286289126749],[-124.83874277835076,49.04308569300371],[-124.83974041152435,49.04121710308987],[-124.84269439751222,49.041511892348915],[-124.84461978941906,49.0369559027183],[-124.847014493944,49.0332998908394],[-124.84698537402356,49.02882079500221],[-124.85318120808347,49.0247361900138],[-124.85381400905037,49.02148750262966],[-124.85743841563205,49.01631909381939],[-124.85674628683843,49.011724607319756],[-124.85775561677433,49.006094693961955],[-124.85903219430584,49.0040580980655],[-124.86318820495418,49.002561188025965],[-124.865245803049,49.00055740945101],[-124.87730789638273,48.99553128921039],[-124.88143961349209,48.99558969175876],[-124.8830229041346,48.99186681000646],[-124.89171848197712,48.988673800915706],[-124.89448369581466,48.9854978043549],[-124.89339701145953,48.9813961017622],[-124.89539479069408,48.97818728964701],[-124.89998449362147,48.975269110878784],[-124.90238480336629,48.97510389475883],[-124.90639828316412,48.97320119433841],[-124.9115765132607,48.9746096928104],[-124.91441100637971,48.97332929739217],[-124.92384968701212,48.97427070952301],[-124.92839829441854,48.97562520725749],[-124.9386719942173,48.9751922094577],[-124.94667270847279,48.977117697162214],[-124.94869239394717,48.97491449084917],[-124.95525208059547,48.975298997518586],[-124.96356489714766,48.973322203786324],[-124.97156337681338,48.96993829505402],[-124.97651218943227,48.96618271018291],[-124.97882529434058,48.96594480569622],[-124.98266648894644,48.9632431030589],[-124.98284358779026,48.9597950936997],[-124.98746580362051,48.9560893064116],[-124.9829417995881,48.95603229609403],[-124.9823389101209,48.95463940206089],[-124.97682800217885,48.95307000934107],[-124.98110948816944,48.95115148929402],[-124.98487079200845,48.951635797736195],[-124.98708781368244,48.950715690589405],[-124.98546411338282,48.947640897962835],[-124.98622901283441,48.94179729974321],[-124.98425231152451,48.9363711003961],[-124.98920409283537,48.938327998986345],[-124.99845050573389,48.93973368214852],[-124.99846049164117,48.94067791476251],[-125.0045726958905,48.94427828908821],[-125.00675619313883,48.9469202108614],[-125.01048779716955,48.94529089887344],[-125.0183523084009,48.94385821025509],[-125.0200734150284,48.93847469861831],[-125.02596710534874,48.938011799105624],[-125.02846509204397,48.93493550298095],[-125.03122907420645,48.93440999411406],[-125.03181449867675,48.93236619019828],[-125.02906401863446,48.93053470483438],[-125.02101498427918,48.92899369339863],[-125.02532381128857,48.92747828953513],[-125.0224610981698,48.92489339724602],[-125.02209770088565,48.92164330022206],[-125.01499238071874,48.92252209464189],[-125.01345058090008,48.919472897549426],[-125.00981151161015,48.918916000082866],[-125.00624318320355,48.91982319903693],[-125.00465560247069,48.91529000071759],[-125.00128798339826,48.91568697748764],[-125.00207671310642,48.90881408572267],[-124.98346559505221,48.908664380139214],[-124.96958504776556,48.90889078422129],[-124.96914540579115,48.887643783584416],[-125.00112515699306,48.88766444667936],[-125.00122218252957,48.894656795073324],[-125.01923688154201,48.89450406374659],[-125.02116749097934,48.89253679171037],[-125.02890609522439,48.88921698901085],[-125.0297136066324,48.886260310089135],[-125.032725699719,48.883508698834866],[-125.03543411829861,48.884314795715916],[-125.03885220608872,48.88217710653974],[-125.04480688225287,48.88436469638536],[-125.04794911601438,48.88412110051235],[-125.04685379685424,48.88101781322624],[-125.04741992276698,48.877202300531614],[-125.05279459218795,48.876890392170345],[-125.05297779675342,48.878012687809736],[-125.04960711359364,48.88165300396193],[-125.04958450331252,48.88377651051005],[-125.0586895079658,48.882903385881775],[-125.06558939763927,48.884858910379364],[-125.0734507247028,48.88492440446689],[-125.07471728918557,48.883903199621074],[-125.07223449367767,48.88160880005309],[-125.07437110862949,48.88048089942795],[-125.08020532144103,48.88005220284448],[-125.0892996186659,48.875353699350995],[-125.09495669555902,48.871408589237426],[-125.09814659196763,48.867104696206866],[-125.10650220380576,48.86408248781227],[-125.10463748895465,48.862541500381326],[-125.10536839259466,48.86079260558651],[-125.10356791928436,48.859133397770535],[-125.10785948605024,48.857481300540925],[-125.11114410288378,48.851905512421844],[-125.11353708623915,48.85176309520522],[-125.12081490176188,48.84979479744886],[-125.12313069000044,48.85037159363071],[-125.12902168519048,48.84752040341963],[-125.12822329252225,48.84542958777273],[-125.13309140574685,48.84191179864804],[-125.13477039087793,48.8384609957786],[-125.12937938474403,48.834440399039316],[-125.12721480523037,48.831889702465205],[-125.12295878947822,48.830186296886744],[-125.11852900653193,48.831779983626504],[-125.11676210522371,48.8351141019373],[-125.11081381057772,48.83919020035356],[-125.1081585100304,48.83772140082506],[-125.10318176652547,48.837952793577266],[-125.1028458660998,48.83626448791676],[-125.10825720234727,48.83566636195728],[-125.10950799518285,48.83342930151984],[-125.11277009513664,48.8322627928212],[-125.11443871081791,48.83044269277323],[-125.11729300185193,48.83156920038226],[-125.12151569103547,48.82925058883587],[-125.12854839632539,48.82864391094114],[-125.1281497069792,48.83148518737283],[-125.13009048120246,48.83353750290749],[-125.13502248479315,48.836397290655796],[-125.13688249965688,48.83462560466317],[-125.13595008859212,48.83125161133012],[-125.13681631001714,48.82698900691809],[-125.13507441866577,48.8225583003844],[-125.14326278164904,48.81680159237731],[-125.14649210134367,48.81550978656007],[-125.15022789370009,48.815888714573845],[-125.15609109186082,48.815105407688186],[-125.15689498601628,48.81253469105571],[-125.16324060128146,48.814394712562674],[-125.16209908145635,48.816018297998234],[-125.15676398194397,48.81584879229454],[-125.15347828246716,48.817385498111086],[-125.1482980803705,48.822421499846065],[-125.14256379169866,48.823733189299496],[-125.14002429487807,48.82772958821861],[-125.14065911860793,48.830165005102565],[-125.13908209137526,48.831885414847775],[-125.13927468918017,48.83765769283343],[-125.14080778328389,48.839429398825104],[-125.14587190249367,48.833541800607954],[-125.15165929375146,48.829942808641924],[-125.15311020453682,48.827233911198604],[-125.15824059045853,48.82388130441394],[-125.1612053210766,48.824419701051646],[-125.16111110140345,48.821263589565284],[-125.16477338792808,48.81992628992552],[-125.16353440375424,48.81835680545696],[-125.16959680971986,48.817713092439654],[-125.16773129263018,48.81523779621372],[-125.17151779570622,48.81397029291371],[-125.17685110193644,48.813149888695676],[-125.1834631162969,48.80954239490824],[-125.18498768441498,48.80730919181073],[-125.18017668951367,48.805655704639314],[-125.18178809489515,48.8016664949049],[-125.1870681109564,48.80001870529721],[-125.19226831286838,48.80060260676907],[-125.19154879678698,48.79690111462268],[-125.20102299321047,48.79834950330083],[-125.20763139359761,48.79753920192172],[-125.20913800060629,48.79556658662697],[-125.21033460591048,48.79055059726918],[-125.21372189549741,48.789234609341946],[-125.21160628477482,48.78697299368812],[-125.21262500219855,48.78473978406357],[-125.21021980001491,48.78172759446136],[-125.20831219307783,48.78109809049177],[-125.20375451619215,48.784271207245915],[-125.19766810226555,48.78204800819726],[-125.19032229498049,48.78439229058327],[-125.1887218969381,48.78610421199223],[-125.18514638935693,48.78559720184378],[-125.18099838120558,48.787546892824345],[-125.17340089663988,48.787222195484695],[-125.16807410476667,48.784974791682956],[-125.1644771080188,48.78266760879004],[-125.1654123974356,48.77722430885611],[-125.16017411952176,48.776972205376865],[-125.15861059091498,48.77447270910111],[-125.16045449714137,48.77303560131031],[-125.15987870970363,48.77100330030033],[-125.15535248923207,48.77147609053522],[-125.15627509157407,48.77365379257318],[-125.15333269516238,48.77644379437789],[-125.14661538399396,48.77723419373074],[-125.1470428058767,48.77930498361181],[-125.14161611575472,48.78231150492614],[-125.1437140893873,48.785520309843456],[-125.14274320141813,48.78732049764522],[-125.13547680229856,48.791288299222956],[-125.1272840302169,48.79871845676164],[-125.1284431047447,48.8072649673194],[-125.11707233819752,48.80696211440561],[-125.1170568047302,48.804970210476135],[-125.11704516152304,48.80457532875658],[-125.11727650814184,48.79319397284361]]],[[[-125.03031031436903,49.02712599920104],[-125.0282670891594,49.02767431207648],[-125.02366300511663,49.025208884955816],[-125.02466711412727,49.02324790368077],[-125.02887787816012,49.01951219253772],[-125.03368861484743,49.018735999812],[-125.03324690428204,49.01595449628012],[-125.02642179032163,49.01529220728179],[-125.02285581302283,49.01197099785532],[-125.01847200374236,49.01247089568026],[-125.01669860898923,49.01054109235583],[-125.01228359187115,49.00895308952658],[-125.01144211640917,49.006692896616926],[-125.00712798383621,49.00585830088518],[-125.00175810633087,49.00289309091565],[-124.99679191263762,49.00146889018365],[-124.99351239281718,48.99846658934231],[-124.98676899714962,48.99495740819699],[-124.98549120546757,48.99308030529266],[-124.97936518834975,48.990595009252225],[-124.97590228797588,48.98772099891291],[-124.97674391407557,48.986889208534066],[-124.9828984899549,48.98699039501745],[-124.98635200703735,48.98410489836193],[-124.9839582102921,48.98098018835154],[-124.9812333110068,48.98152990647462],[-124.97782311276107,48.984495093908],[-124.97062961136075,48.983681891944684],[-124.96054651380612,48.9844666999506],[-124.95463269417769,48.98705871191573],[-124.94713589311775,48.98653740943065],[-124.93614498637918,48.9826479062274],[-124.92608820549374,48.98376879003434],[-124.92298230187176,48.98301110568849],[-124.9114649012088,48.98492950296607],[-124.90610981311774,48.987851992970896],[-124.9043597115842,48.99037280579674],[-124.89782038725014,48.99314439217223],[-124.89534618735954,48.99565949322136],[-124.89648398355567,48.99788980297251],[-124.89314350496385,49.00279339770615],[-124.88605899320281,49.00675980753309],[-124.88009290581356,49.009223709064266],[-124.87408529295736,49.01091281374396],[-124.87081720169532,49.01420411135816],[-124.87118571292706,49.019300007328944],[-124.86759460020942,49.02313680310343],[-124.86580577965188,49.02719579223161],[-124.86646682073616,49.03024359775441],[-124.86532248901074,49.031845798068915],[-124.86628101677411,49.03554590409935],[-124.86309919320944,49.03827759413739],[-124.86183060348152,49.04055629079049],[-124.86281520778918,49.042043190389776],[-124.8622874866637,49.04807040744864],[-124.86418540174729,49.051942795456846],[-124.8632542169651,49.05557460611233],[-124.86953011383113,49.05798290607563],[-124.8757246178608,49.05813530644994],[-124.88220539979451,49.059739006031855],[-124.88455159126849,49.06132839560483],[-124.88326910556688,49.0654428880718],[-124.87290880199652,49.064468787902314],[-124.87084280967196,49.06593289963602],[-124.8668187923033,49.06561949401035],[-124.8622271140734,49.067304399679145],[-124.86054970861947,49.06894219717794],[-124.85638370079572,49.06957599125835],[-124.85835009198667,49.07310660641922],[-124.8552039830524,49.07614439168488],[-124.85097621270512,49.07844310320189],[-124.84770592054039,49.07891880600148],[-124.84497030633638,49.08156208751144],[-124.83963558549021,49.08359020025074],[-124.83708160693958,49.08376539835986],[-124.8312306998222,49.08820320791774],[-124.8355918801258,49.09614179335021],[-124.8352096010034,49.09803601120491],[-124.83748738847085,49.10111220657893],[-124.83686771764768,49.10249939556831],[-124.83320539051962,49.10275580103815],[-124.8270546781438,49.105011693961764],[-124.82436090430193,49.10925590276147],[-124.82634389103754,49.11139220556009],[-124.82534008932296,49.11318099868503],[-124.83006770730425,49.1146793059123],[-124.82651641070028,49.11650800676757],[-124.82363468249476,49.11675150123654],[-124.8165301244075,49.12075070281602],[-124.81708320281085,49.12649019897385],[-124.81486789817833,49.129295899617],[-124.81457471222964,49.134391693492596],[-124.81232240690909,49.14065261065028],[-124.8122197205373,49.14621098718278],[-124.82007812149378,49.14609274572929],[-124.82552035997662,49.15262701870587],[-124.84104838433714,49.15254323695436],[-124.84105683865539,49.14535312145034],[-124.89030380810523,49.145628197442335],[-124.89017934578595,49.13260893172938],[-124.900322512858,49.132854445504734],[-124.90182508582639,49.15240899066552],[-124.91821012238246,49.15224757395528],[-124.91825023193884,49.14941733945802],[-124.92084059518064,49.149187908991564],[-124.99540139529027,49.15027424535227],[-125.00001202890992,49.15350719671803],[-124.99997904894319,49.146539998094084],[-125.0127793911788,49.15411551238112],[-125.02945712197129,49.16365360040836],[-125.0370701826078,49.16858140412931],[-125.04477960860018,49.17185195743139],[-125.0417012626189,49.16555281993284],[-125.04140771816196,49.14264832385979],[-125.06047334153129,49.14508150365875],[-125.06914460121219,49.1439281885379],[-125.07274372500346,49.14514433781593],[-125.0727838255434,49.15285299742459],[-125.07527682762354,49.15781917702125],[-125.07945803273469,49.162602982458935],[-125.08738361099881,49.16612505460281],[-125.09902540587338,49.16809164186033],[-125.10573122590795,49.16995251942797],[-125.10949832159709,49.1720144734885],[-125.11323799903856,49.17681432588047],[-125.1212294353957,49.183039005311265],[-125.13112748333201,49.18748238893368],[-125.1442699237594,49.190092183626966],[-125.14898306884758,49.19467667979997],[-125.15649463955813,49.19744490987408],[-125.16014122610113,49.197126340114956],[-125.164673387822,49.19571391446759],[-125.1645164871684,49.19213178217514],[-125.16804497298483,49.186699210644484],[-125.1724668216514,49.18411410208092],[-125.1901370256649,49.18818838275517],[-125.19586919668707,49.18813956347931],[-125.20055319148061,49.18454262965738],[-125.20330528673689,49.18425764247949],[-125.20685103558696,49.18776711895455],[-125.21738623926773,49.19317771183283],[-125.22727625958414,49.19296498538132],[-125.22794390446911,49.18394651571419],[-125.23176685609688,49.17950369544085],[-125.22612983247923,49.17392325800441],[-125.21053095096507,49.16119551898856],[-125.20894421779364,49.15771685755042],[-125.21388324025514,49.14918649802902],[-125.21262066430273,49.14631393947595],[-125.20535417476303,49.142794331156026],[-125.20188763214807,49.14061139838998],[-125.19568599596398,49.13828478445557],[-125.19394519017551,49.13135377115206],[-125.1946121162056,49.128460642808434],[-125.18740912633687,49.1289227534312],[-125.18057077288574,49.1278326077395],[-125.17528730255819,49.12531229435662],[-125.17037165069382,49.12149728944023],[-125.16544617201748,49.119133256519476],[-125.16038939447085,49.11882323762749],[-125.15799959296308,49.116381845121985],[-125.1498896539328,49.115322877982315],[-125.14705603848508,49.11605250941579],[-125.13944009315975,49.11481408896352],[-125.13045827035423,49.10788120991632],[-125.129410276909,49.09879456193138],[-125.12847631629377,49.09725664086195],[-125.11455010555727,49.09771915358686],[-125.10971711052439,49.09618408410826],[-125.10971692391713,49.09326324608362],[-125.10732720764162,49.089160309948994],[-125.10741611297173,49.08384089621005],[-125.10890299131371,49.08078169644168],[-125.10618118693188,49.07536249633525],[-125.1040638593838,49.07402020610725],[-125.10576374933984,49.054105503930444],[-125.1146627950654,49.05388053208665],[-125.14142178939919,49.05386803329396],[-125.14055148069698,49.05331860174757],[-125.13758331503668,49.046688891226395],[-125.14043550105032,49.045223394520356],[-125.138970222895,49.042966004239915],[-125.13185634247321,49.03811629405226],[-125.12586807881162,49.033299743113886],[-125.12010882734387,49.02615852647355],[-125.11457899746844,49.016694278634155],[-125.10879505371676,48.981804323510595],[-125.10767905704705,48.97343532002744],[-125.1023331119815,48.975068297521],[-125.09527139412691,48.97287500367349],[-125.09151139765267,48.974787689474425],[-125.08435920099346,48.976600706154684],[-125.08099177536684,48.979449194065396],[-125.0748245038457,48.98298828946277],[-125.06796700587299,48.98935598794893],[-125.06487449885424,48.99094969420715],[-125.06087359465994,48.991047914792496],[-125.05617580874679,48.994810695159224],[-125.05359869057392,48.99531631148468],[-125.0501340009678,48.99816610234028],[-125.04411000057723,48.99363139149453],[-125.04632650467795,48.99104508533821],[-125.04251540892554,48.99010510925277],[-125.04200291316786,48.99193239033183],[-125.03859630932538,48.99256759320611],[-125.0347835051166,48.9909169116613],[-125.03286638664034,48.99315580277871],[-125.02526480688527,48.9944944864473],[-125.0250497096547,48.99260030186953],[-125.02917119119593,48.991375502095146],[-125.03040552353053,48.98812400234642],[-125.02900251201666,48.98621560123735],[-125.02534961855702,48.9847942026865],[-125.02147218493045,48.98728230603978],[-125.01672120150067,48.98607029268636],[-125.01541392006591,48.98415900390209],[-125.01217468921116,48.98415330973622],[-125.01091988206069,48.979802391087475],[-125.01428749779295,48.978627404748124],[-125.02111459095298,48.981477190978154],[-125.02366699065253,48.980038811642764],[-125.02182431460072,48.9760495993043],[-125.01853141151032,48.976394193380415],[-125.01800439740988,48.97416390941575],[-125.01919240142774,48.97179549346464],[-125.02582379756927,48.966847790410995],[-125.02733629315637,48.963708814250836],[-125.03088410581181,48.96053280116218],[-125.03041719229779,48.959174091153386],[-125.03276589484919,48.95676579871386],[-125.02969001242849,48.95502109715912],[-125.02677008305,48.95649379854779],[-125.02577809501074,48.95931798986122],[-125.02090959391204,48.96221909652215],[-125.01523740231679,48.962166398509375],[-125.00309449316906,48.9656343142149],[-125.00267478932477,48.96850269111876],[-124.998542209052,48.970057884431654],[-124.99712648636985,48.97327660890696],[-124.99352129168759,48.97744100579283],[-124.99849389092306,48.980125696848376],[-124.99753148844684,48.98202270585042],[-124.9998751095603,48.983548005836454],[-125.0001958074048,48.98643060170153],[-125.00313560003875,48.99053518905443],[-125.01240100363653,48.99659950917971],[-125.01321939751159,48.99994070506456],[-125.02605549817542,49.003575312514876],[-125.04034228655354,49.008497303173996],[-125.0413348948689,49.011060915622785],[-125.04725180003172,49.011901209738404],[-125.0477492120885,49.01439360307807],[-125.05054140938994,49.0160713037777],[-125.0471705161906,49.018264026402655],[-125.05798977887491,49.01868721725731],[-125.05704289972093,49.031134264904715],[-125.02943995388402,49.03015303193126],[-125.03031031436903,49.02712599920104]]],[[[-125.06771749764557,48.95329360845546],[-125.06749100680037,48.95144348169438],[-125.07078379618854,48.948173490941905],[-125.07561620961829,48.94810369151284],[-125.07681378420885,48.94602149888048],[-125.08002571864401,48.94573099616045],[-125.08471209907987,48.94246960985136],[-125.08675570400122,48.93614469629005],[-125.09096471463705,48.93621160410429],[-125.0956303949672,48.93348280280595],[-125.09575469735235,48.93188769446693],[-125.1060174975189,48.926591089718265],[-125.10694000685709,48.92415419394053],[-125.10085139761556,48.91896579115758],[-125.11125059369786,48.91664440093271],[-125.11175578782827,48.914033804427476],[-125.10682108563097,48.91388139820089],[-125.10730050741518,48.91068830248166],[-125.10456168112258,48.909506198631874],[-125.10788008332874,48.90758359443838],[-125.10881638790333,48.90583890703444],[-125.11851138799547,48.90467960024856],[-125.1150906816054,48.898337603288745],[-125.11666698177804,48.896571602135474],[-125.11158900137906,48.893587894782414],[-125.10520500391404,48.893921104633364],[-125.1005181843039,48.89703870514089],[-125.09618570787606,48.89590220481428],[-125.0871330145913,48.89672400017708],[-125.08218099344434,48.90003379120379],[-125.08439110801541,48.90263020733969],[-125.08205078634728,48.90478640736027],[-125.08155529348497,48.90731439817514],[-125.07753218984077,48.90871009496646],[-125.07103641154936,48.907701794503325],[-125.06442141769976,48.91213960714845],[-125.06221001909942,48.916127406051395],[-125.06293048066276,48.917671201540344],[-125.05818199333335,48.92006819979762],[-125.05912261684203,48.926313302844505],[-125.0554811954588,48.932423191484794],[-125.05619382262721,48.93645940241977],[-125.05200681343719,48.93859429942939],[-125.04956648868868,48.938359302926706],[-125.04612597519758,48.940713495924584],[-125.04605229080894,48.94424270237244],[-125.04860400445256,48.948200597008174],[-125.04977020552461,48.95199469174686],[-125.05356999094043,48.951736910206456],[-125.05601880925839,48.95313259080888],[-125.06195439101947,48.95365668802058],[-125.06298588351997,48.95447559886858],[-125.06771749764557,48.95329360845546]]],[[[-125.06571658860392,48.984844107114895],[-125.07202930152795,48.98250840845312],[-125.07407351141534,48.98103150401264],[-125.07587989034968,48.97781419013648],[-125.07797412166862,48.978217204473694],[-125.08128171478555,48.97558529288199],[-125.08278319801298,48.97324530349238],[-125.07936390382626,48.97086970842537],[-125.08018850127546,48.968353086123415],[-125.08217827896328,48.966904698597375],[-125.07365510443309,48.9640264076443],[-125.06429719128751,48.96307079410038],[-125.05575978860902,48.96845848997085],[-125.0502660020562,48.96740459074132],[-125.04651178796502,48.97019749592935],[-125.04698708208142,48.973427602591904],[-125.04442450031381,48.979302499759214],[-125.03996340846015,48.980470301087365],[-125.03652989321796,48.979758200392546],[-125.0369204174724,48.97392179636547],[-125.03404540604319,48.97345890966024],[-125.03018271720087,48.974571205442636],[-125.03086152092853,48.97679870092956],[-125.02192301255424,48.981535598975874],[-125.02414441309651,48.98373599908788],[-125.02987089280523,48.985381005343775],[-125.03409399954661,48.98505490922873],[-125.03933460595637,48.98854268268012],[-125.04368789357679,48.98800719859514],[-125.04803680709882,48.98572570077686],[-125.04951939181923,48.98652751152257],[-125.05405339659539,48.9854380022631],[-125.0629007174811,48.985846697510354],[-125.06571658860392,48.984844107114895]]],[[[-125.12960699813456,48.89796159458824],[-125.13105888115851,48.89580250018101],[-125.13452891883702,48.89430000064848],[-125.13570710809978,48.89189298745266],[-125.1408493007543,48.8905471854928],[-125.14073440960794,48.887553501444465],[-125.14213778885494,48.883065796821754],[-125.14613440788986,48.88176690634946],[-125.15011491815267,48.884535595165055],[-125.15557792121437,48.88186949876652],[-125.15887352008919,48.88170989728198],[-125.15938599049224,48.878757595893006],[-125.16298549475444,48.87712538778433],[-125.16192591940887,48.875659899308225],[-125.15209180724513,48.8747013862881],[-125.14838201421986,48.87817219393607],[-125.13891931640163,48.88209019418269],[-125.1359778056436,48.88063318756403],[-125.12938679409648,48.882168492724986],[-125.12510271025491,48.885701992423385],[-125.12164819485913,48.884947202848],[-125.1220652831329,48.88806049741468],[-125.11956131305726,48.88786400105365],[-125.11744061202839,48.89064689884883],[-125.12153889194639,48.89686919163746],[-125.12696101159494,48.89699459448149],[-125.12960699813456,48.89796159458824]]],[[[-125.20750750298326,48.848669695096405],[-125.20651219268191,48.84584549172635],[-125.20297801753688,48.84734380331636],[-125.20419188394307,48.84267810607297],[-125.1968975975361,48.838274397516614],[-125.1950880127362,48.83555559322912],[-125.19250879729617,48.83485771333991],[-125.19223349097113,48.83134561100892],[-125.18876080861484,48.83043980188697],[-125.18531158423268,48.83699259059489],[-125.18657638537188,48.839425192293895],[-125.18427478819707,48.84106020349131],[-125.1852040883658,48.84300420220648],[-125.18277109664895,48.84627129014626],[-125.18325938740162,48.84807870774471],[-125.18753050853354,48.84787218616351],[-125.18871967492423,48.84919099464799],[-125.19297477845022,48.84863269896141],[-125.19521878898053,48.8494445003986],[-125.1997048192575,48.848216799872],[-125.20122449877617,48.8502562906118],[-125.20750750298326,48.848669695096405]]],[[[-125.21283890119464,48.83538748668553],[-125.2133710016176,48.83386649532956],[-125.21828370180982,48.831836995259465],[-125.21838372266392,48.82822800288078],[-125.22066220117094,48.82799449385173],[-125.22210278661545,48.825735708548706],[-125.22508519294031,48.824480912696934],[-125.22229851234542,48.8203336069952],[-125.21972989735922,48.820167002329185],[-125.21426340204773,48.823187794827135],[-125.21248800714298,48.827125701888924],[-125.20646768724127,48.82901419715092],[-125.20379118467362,48.828894596183886],[-125.20283140299314,48.83125159226289],[-125.20445560367071,48.83284958679473],[-125.21283890119464,48.83538748668553]]],[[[-125.17830508990659,48.85426399422138],[-125.17986632357518,48.8500241009951],[-125.17700372118635,48.84938470188885],[-125.17460999555715,48.84729819319498],[-125.16997141697101,48.84814990600722],[-125.16633160420547,48.84691370063711],[-125.16250340720204,48.849495782094614],[-125.16310470645412,48.85203939428138],[-125.1670344975459,48.852767199833984],[-125.16910629959199,48.85557138607205],[-125.17830508990659,48.85426399422138]]],[[[-125.03392490327455,48.92914469489352],[-125.03519509934208,48.92751108729682],[-125.03168397622039,48.92307609570663],[-125.03203178825795,48.92055100716417],[-125.02827440004404,48.91878069356159],[-125.02779829334197,48.92187549651738],[-125.02408130854928,48.92477520215549],[-125.02663578330234,48.92653839308211],[-125.02606439606258,48.92859919593296],[-125.03392490327455,48.92914469489352]]],[[[-125.16712521886272,48.873160400157694],[-125.16800601122524,48.87052560877475],[-125.17375129168332,48.86618888888155],[-125.16891960974291,48.86485018671173],[-125.16601090579755,48.865354295793885],[-125.16364869050689,48.867828200699435],[-125.16433479986586,48.87266479358657],[-125.16712521886272,48.873160400157694]]],[[[-125.09001779254623,48.951487709685],[-125.09225261579111,48.95232790039017],[-125.09256722007075,48.94808520163669],[-125.09114200236044,48.946366193675026],[-125.08752630964,48.94644030823647],[-125.08661361292782,48.94975010497043],[-125.09001779254623,48.951487709685]]],[[[-125.14325351559704,48.82326179607616],[-125.1463916061697,48.822402990035066],[-125.14514900257167,48.81981669952833],[-125.14133160870615,48.82072388692696],[-125.13945270034304,48.82330599049175],[-125.14325351559704,48.82326179607616]]],[[[-125.1966845950221,48.834356392953886],[-125.2037099087474,48.8357251022723],[-125.20145288119338,48.83211470256494],[-125.1972524135105,48.832690094924494],[-125.1966845950221,48.834356392953886]]],[[[-125.24994531589282,48.83075599815907],[-125.25210639689271,48.82939019567119],[-125.24876331823764,48.82622560315142],[-125.2434885132201,48.82774099396988],[-125.24565790391998,48.82963368750936],[-125.24994531589282,48.83075599815907]]],[[[-124.9940930070427,48.99173579284039],[-124.99267070436079,48.98798159579816],[-124.98898439984983,48.987416210425444],[-124.9866391935266,48.98823938929624],[-124.98911880716395,48.99076880502618],[-124.9940930070427,48.99173579284039]]],[[[-125.02048100825387,48.89548211012611],[-125.02240449299556,48.8954664024954],[-125.02972109593405,48.89215370708968],[-125.02931480057815,48.890522987438935],[-125.022637899665,48.89278180760586],[-125.02048100825387,48.89548211012611]]],[[[-125.08137778775098,48.95885939739816],[-125.0867882008705,48.95589991106339],[-125.08516141962373,48.954256299436935],[-125.07832958195966,48.95817580260169],[-125.08137778775098,48.95885939739816]]],[[[-125.2150307984521,48.78926450032414],[-125.21808799977524,48.78788300772367],[-125.21706459848771,48.78568830735718],[-125.21288041479986,48.786507194991906],[-125.2150307984521,48.78926450032414]]],[[[-125.12889909372346,48.918864690792724],[-125.13238749961963,48.91838758751963],[-125.13268892029613,48.91552920544708],[-125.12826008191175,48.91795039315511],[-125.12889909372346,48.918864690792724]]],[[[-125.12093419821419,48.85419990063946],[-125.12150698938184,48.85068071195055],[-125.1173057009609,48.85253929310188],[-125.12093419821419,48.85419990063946]]]]}},{"type":"Feature","properties":{"shapeName":"Quinsam 12","shapeISO":"","shapeID":"43193130B13342100698107","shapeGroup":"CAN","shapeType":"ADM3"},"geometry":{"type":"Polygon","coordinates":[[[-125.29818880021492,50.021722611498454],[-125.30180158952055,50.019096407327986],[-125.30149857905421,50.017465692076115],[-125.30379000629388,50.01543758611363],[-125.30245368142369,50.01328560102888],[-125.28262427424092,50.014029411084344],[-125.28206894351598,50.0227443581897],[-125.28708567009959,50.02337081184247],[-125.29711631365153,50.02315389495434],[-125.29818880021492,50.021722611498454]]]}},{"type":"Feature","properties":{"shapeName":"Seabird Island","shapeISO":"","shapeID":"43193130B1351477936813","shapeGroup":"CAN","shapeType":"ADM3"},"geometry":{"type":"Polygon","coordinates":[[[-121.67595738620354,49.31285821927041],[-121.6809770841983,49.30809399908722],[-121.68758909922504,49.3061827024525],[-121.69561191666892,49.30296259450584],[-121.69798718521145,49.30041210383248],[-121.71008640037338,49.299946097676916],[-121.71444970084391,49.298835201476706],[-121.72030908844009,49.29265990512917],[-121.71942800497112,49.289105000343554],[-121.72364039240931,49.28144850362299],[-121.72831880903571,49.27814570363065],[-121.7357170643491,49.27536187934519],[-121.73788431689896,49.273351140042976],[-121.73440855163116,49.27056942517587],[-121.73590546863659,49.26847188274349],[-121.73678600036823,49.26413677519602],[-121.7387091372843,49.26148600454564],[-121.7432882138331,49.25819234697949],[-121.74204919166465,49.256107498953924],[-121.73307515290495,49.24840715581096],[-121.72529632439766,49.24215069074397],[-121.71766761613056,49.24598755613989],[-121.71849576104229,49.24850652316192],[-121.7171671834156,49.250270776593055],[-121.7110034956776,49.249225157265414],[-121.70569107029058,49.25374438867028],[-121.70037600678977,49.25344505994597],[-121.6962867996898,49.256004416891045],[-121.69494310065872,49.261099408191896],[-121.69912919713434,49.26602150743069],[-121.70156061038887,49.26974580385768],[-121.70197328010082,49.2739343967142],[-121.70067369703392,49.27631140040981],[-121.69767498961919,49.27843769957755],[-121.69073101332047,49.28051710639341],[-121.68507429340036,49.282801492257],[-121.68258790817379,49.28686620308528],[-121.68472920531914,49.289597792138686],[-121.68446649594199,49.29223120723041],[-121.68123951404138,49.29613349712128],[-121.68124908130311,49.29991189937182],[-121.67962867729919,49.30240289555831],[-121.67458759820296,49.30519720571319],[-121.67204288977895,49.31030439203012],[-121.66958308280077,49.31278540340291],[-121.67595738620354,49.31285821927041]]]}},{"type":"Feature","properties":{"shapeName":"Okanagan-Similkameen D","shapeISO":"","shapeID":"43193130B13542881351841","shapeGroup":"CAN","shapeType":"ADM3"},"geometry":{"type":"Polygon","coordinates":[[[-119.20689783650721,49.344032664924924],[-119.21314289614479,49.34603018653675],[-119.22224399663641,49.34301789629778],[-119.22622531931931,49.34291533301525],[-119.2315489592169,49.341594869173456],[-119.2363936069357,49.34141023181133],[-119.25033405721597,49.34392383459759],[-119.25694404351316,49.34639225127867],[-119.26043704322065,49.35031447243784],[-119.25831213970632,49.358587368214955],[-119.2572934146415,49.360570020890634],[-119.251907494521,49.36611860936571],[-119.25138760356091,49.368769041209426],[-119.26206870596361,49.382274871760885],[-119.26959828376837,49.38368527985339],[-119.27694901246801,49.38650848490612],[-119.2829952429299,49.3873578010984],[-119.28679369622479,49.38385938415983],[-119.2929474138955,49.38254856728493],[-119.30035751783447,49.38570747223305],[-119.30052606450623,49.41890170878665],[-119.30044050883548,49.473739828243495],[-119.30079731602976,49.50364479640971],[-119.30263163222595,49.50501046881973],[-119.30989495007427,49.505040201420435],[-119.33648669120825,49.50520031916655],[-119.4121332338219,49.50477979686642],[-119.53044456365345,49.504103986038736],[-119.53061551518478,49.50053875233297],[-119.51508257126778,49.500654736943105],[-119.51558737106463,49.49663344310298],[-119.53500172284645,49.49676648152539],[-119.53603510655081,49.49612732150472],[-119.53690044613964,49.489115383419616],[-119.53954160965947,49.486944243461096],[-119.54840471995239,49.48273561366898],[-119.54926017705387,49.460794055282285],[-119.56866224343662,49.46085339924048],[-119.56797510080476,49.423796192981044],[-119.57912892021574,49.42362012880137],[-119.5838991594398,49.430052705626196],[-119.5828253793249,49.43453331334997],[-119.58368037662423,49.43920787056116],[-119.58749999236265,49.44617119601916],[-119.58668303596659,49.450754638774264],[-119.59780725258906,49.449437901664346],[-119.5974481015812,49.45242848596071],[-119.60711577684863,49.45107319344464],[-119.60877731293921,49.447833189696475],[-119.61272907446553,49.445144242161504],[-119.61298369182431,49.44209947229573],[-119.61468523184988,49.439424721972],[-119.61246377524357,49.43347978061119],[-119.60694888866067,49.42668259755713],[-119.6058954554196,49.42316189253668],[-119.60594148063691,49.39312512558209],[-119.60517010149341,49.392064389748455],[-119.60552165755209,49.380978644522074],[-119.62366274454581,49.380733278359216],[-119.67979140176504,49.38072790833494],[-119.6797476048336,49.366354194661426],[-119.6863425363253,49.365104865495276],[-119.69081668114154,49.36518428060266],[-119.6909617233452,49.360960199687725],[-119.69915226239155,49.36073790977869],[-119.69870347874073,49.39510884339696],[-119.72071472786473,49.39524691670386],[-119.72023955528343,49.431490003496805],[-119.73952359796051,49.43175057963438],[-119.73894673612206,49.47147061194387],[-119.81142069782727,49.47160141247643],[-119.90013561542325,49.471704253229895],[-119.89622748130519,49.40892851473052],[-119.89475455837257,49.40279700107807],[-119.89534551088829,49.38758173084017],[-119.8946587532971,49.37721331042287],[-119.89115002203341,49.314358257718204],[-119.84187588441932,49.31408235901058],[-119.84183441633972,49.31022081686303],[-119.79765974558325,49.30960407098523],[-119.79747661142751,49.30126314325743],[-119.7539936934307,49.30089106364099],[-119.7408556090821,49.29962142859634],[-119.71311410303133,49.29972381640001],[-119.67044889309429,49.29946142714553],[-119.61401264006207,49.29898589224889],[-119.61389685343478,49.284810868749936],[-119.58063566947992,49.283984579748704],[-119.58043918668037,49.28244230010339],[-119.55395263229717,49.282303849410816],[-119.55416698981908,49.27382153364764],[-119.52538991787644,49.27354560678829],[-119.5210895551574,49.274189416929524],[-119.51900274022503,49.277152801035484],[-119.51490839173502,49.277420607644245],[-119.51490912350887,49.269852144882954],[-119.50391109427511,49.26988997768199],[-119.50376856238884,49.262945301736444],[-119.50080229493392,49.26275446206027],[-119.47999314504227,49.262883929264454],[-119.47949226750035,49.25942951379487],[-119.46398529953271,49.25978297081744],[-119.45642720724206,49.25950428561255],[-119.45576388455723,49.25887049255977],[-119.4471593040543,49.25803730449079],[-119.44232949546053,49.25821109918664],[-119.42593501377799,49.25462640237983],[-119.42285739576326,49.25322348828214],[-119.4111971129891,49.25369349744003],[-119.39928408762631,49.251782205686865],[-119.39422358243174,49.250573096227185],[-119.39203278654969,49.25103309516259],[-119.38523811280591,49.24774600090243],[-119.38202538726668,49.24722760911184],[-119.37704551958271,49.247699000765],[-119.36848260965976,49.249376691483434],[-119.36571668495468,49.25077390462812],[-119.36049070575459,49.251807809194105],[-119.3548397957019,49.25439710516209],[-119.35162560244089,49.25471470912173],[-119.34803808121951,49.25641659949246],[-119.34426330604319,49.254495288222074],[-119.33629491444714,49.252534197056974],[-119.32876790698933,49.25001330905499],[-119.3232588038507,49.249720006583686],[-119.31766678483936,49.24857349216527],[-119.31383067795649,49.249440798433355],[-119.30720689622841,49.24972709959236],[-119.30112221834614,49.24860760689529],[-119.29171888943176,49.25150159540566],[-119.28527668064243,49.25273639522214],[-119.28176439570969,49.25465911064624],[-119.2738919035015,49.2553355903262],[-119.26972980610235,49.257792406228134],[-119.26628669125957,49.25822961196833],[-119.26157080561143,49.256980600062995],[-119.25697798098115,49.25424609942619],[-119.25336148496339,49.25417349954935],[-119.24995471698739,49.256012107473666],[-119.24315669778028,49.25492968779682],[-119.23787869773611,49.25582410044206],[-119.23682939322502,49.2578593071645],[-119.23318678551914,49.2602861925056],[-119.2287731219567,49.26607560090854],[-119.22790727934672,49.272776497129314],[-119.225597613788,49.276446704479596],[-119.22612569483016,49.2778038984503],[-119.2202829974889,49.28763240344866],[-119.21836241080563,49.29413680787773],[-119.21778288767356,49.30512311219852],[-119.21926099903068,49.30678661089644],[-119.22061789705492,49.31374101125127],[-119.2208127931114,49.3202055011811],[-119.20689783650721,49.344032664924924]]]}},{"type":"Feature","properties":{"shapeName":"Okanagan-Similkameen G","shapeISO":"","shapeID":"43193130B13670522103938","shapeGroup":"CAN","shapeType":"ADM3"},"geometry":{"type":"Polygon","coordinates":[[[-119.67638449084777,49.19649254271158],[-119.67624121442013,49.22213543850643],[-119.67554793552526,49.27773406504776],[-119.67004963527583,49.277596790291696],[-119.67044889309429,49.29946142714553],[-119.71311410303133,49.29972381640001],[-119.7408556090821,49.29962142859634],[-119.7539936934307,49.30089106364099],[-119.79747661142751,49.30126314325743],[-119.79765974558325,49.30960407098523],[-119.84183441633972,49.31022081686303],[-119.84187588441932,49.31408235901058],[-119.89115002203341,49.314358257718204],[-119.8946587532971,49.37721331042287],[-119.89534551088829,49.38758173084017],[-119.89475455837257,49.40279700107807],[-119.89622748130519,49.40892851473052],[-119.90013561542325,49.471704253229895],[-119.90069353047504,49.481148248819956],[-119.90352080750566,49.48346453194325],[-119.90371327763344,49.48551583177657],[-119.90762202446663,49.486304048590085],[-119.9087232191976,49.49139281133603],[-119.90783499040381,49.49769591460151],[-119.90809104804856,49.500089718532216],[-119.91454738315056,49.50757397817526],[-119.9174661065615,49.514396847932275],[-119.92041397904295,49.517049377104854],[-119.92764808638425,49.516151093080424],[-119.93084466935125,49.518722346626596],[-119.93393072530881,49.519521251230195],[-119.94961917244241,49.528885173876034],[-119.96218279478865,49.523840090231445],[-119.97331119209531,49.51724316070567],[-119.98260020419546,49.51224728413661],[-119.98944405854658,49.507426752124545],[-120.00107772251594,49.50582775862208],[-120.02823911872939,49.5185516730169],[-120.03328156802408,49.52151541119232],[-120.03285201258535,49.53546172178071],[-120.034527568892,49.539566959337776],[-120.03313059842942,49.54108445509369],[-120.02714938429989,49.5429281909513],[-120.02927325600487,49.54571903612749],[-120.02916885467647,49.54774975687467],[-120.02557646197002,49.55086157868556],[-120.02221537171089,49.552630565335754],[-120.02227193914891,49.55425187136607],[-120.02498153961345,49.556063115418524],[-120.0328718531885,49.56604261754303],[-120.04034656191492,49.56560223802243],[-120.04066111113103,49.56906043681633],[-120.04772273803457,49.571288120398016],[-120.0484573180023,49.57297158054407],[-120.04662821696246,49.57560798783554],[-120.04304939201141,49.578415685895806],[-120.04119513245327,49.58180285547962],[-120.03443751555257,49.58517211377069],[-120.03311430890709,49.58839413994502],[-120.03160981113218,49.594839700745304],[-120.03428083451006,49.596262619376695],[-120.03992609839666,49.60284181237604],[-120.03953877074144,49.60609457829711],[-120.04209679826494,49.60769500505671],[-120.04678924344532,49.60853412414276],[-120.04924325903538,49.61032570172138],[-120.05565038032509,49.61016245266276],[-120.05979444242031,49.61169949174517],[-120.0648977162181,49.61777001666277],[-120.06602600526539,49.62464389860921],[-120.07144726282891,49.626584220335296],[-120.07548577136491,49.630754115061194],[-120.0774242994459,49.63106007443868],[-120.08473508008069,49.629560570050494],[-120.0867699347653,49.632331585947554],[-120.08625559209955,49.63674040769098],[-120.08762837081211,49.63838771723769],[-120.09463975214979,49.64137699785328],[-120.09922463325576,49.64614119593879],[-120.10936422997854,49.64276945816129],[-120.11614036938695,49.63993255475303],[-120.12664390983961,49.63732336298303],[-120.12970171236223,49.632440965627524],[-120.13136125384639,49.63155416884877],[-120.13747840574571,49.63439677366354],[-120.14636418173944,49.63356959739481],[-120.16508196879914,49.62736645597264],[-120.17415193935246,49.62016776180169],[-120.15865080819616,49.60609662223585],[-120.15780756734557,49.59855775816527],[-120.16527156955551,49.59170764926785],[-120.16958073056712,49.5835879377263],[-120.16254415119218,49.579003929971094],[-120.16103732523973,49.57721974667798],[-120.15738508950872,49.57003499395975],[-120.16368270211494,49.56708856170431],[-120.16015715396665,49.5595524211945],[-120.16564641671026,49.5555279491015],[-120.16563145795756,49.55181008498195],[-120.16941120938759,49.54892498046657],[-120.17008184712269,49.54600732961543],[-120.17531860492495,49.54115451419319],[-120.17441759350844,49.53752922750152],[-120.18113591422366,49.53378227776182],[-120.1898559725698,49.53066095986675],[-120.19637699683909,49.52559083776862],[-120.19721380009871,49.520918746783735],[-120.19458721653997,49.5178319887801],[-120.19320705803116,49.514609544034414],[-120.19413294901966,49.51217823943579],[-120.19240974189643,49.51006993422936],[-120.18889696586976,49.5081386624804],[-120.18542214972611,49.50229440166826],[-120.18657958141478,49.49991662711964],[-120.17720377242135,49.49622600869504],[-120.17333663324376,49.48787674783724],[-120.17854629705104,49.47832202329291],[-120.17486842012042,49.471040229493575],[-120.17242681479458,49.467702802637774],[-120.16834559380106,49.464388330102736],[-120.16851768566504,49.45396361525359],[-120.16761192744511,49.44942136298143],[-120.16971356829201,49.446083815124126],[-120.17048616808238,49.44202106350678],[-120.16632791797298,49.43817347031192],[-120.1684896627719,49.433760539845565],[-120.17319176581736,49.431651290293715],[-120.2097057134374,49.425275458170304],[-120.2246338930775,49.41952194046472],[-120.22653670564239,49.41577212596844],[-120.22696216605182,49.36332416794203],[-120.22682252581234,49.34079342096207],[-120.23387177003859,49.335982137126415],[-120.24106696091897,49.32902846077934],[-120.25096744364087,49.32889602468717],[-120.25894700450726,49.330983311179565],[-120.27255814635512,49.32523119236765],[-120.2741581553302,49.323176387776854],[-120.2688514923756,49.317105832897795],[-120.26873885587489,49.31558800222694],[-120.27274245555772,49.309808804257116],[-120.27238921934004,49.30748849281187],[-120.27538124385939,49.3038492706723],[-120.27248989172769,49.301513265076224],[-120.27256967794436,49.297033098973884],[-120.27132348053873,49.295500796684564],[-120.2724691688732,49.29291589981379],[-120.27169662286832,49.28938024731467],[-120.27566988084442,49.284965352891824],[-120.27543510313805,49.280451841931935],[-120.27042664022882,49.27284717936307],[-120.26643588040108,49.2719053181132],[-120.26214368946316,49.26630269398346],[-120.26295281020525,49.26483524703307],[-120.26174221437955,49.2609679046549],[-120.26794947080444,49.25646674224607],[-120.2659790756121,49.25506267713103],[-120.26297967296068,49.249432648821134],[-120.26118371873841,49.24905247276399],[-120.25537965540879,49.24008958918152],[-120.2495261904616,49.23348761122955],[-120.24763712561699,49.22652107807386],[-120.24948012265286,49.2200041626556],[-120.25359258806161,49.214057207447716],[-120.25701210981525,49.212308674851606],[-120.26321397523492,49.2131258965207],[-120.26815410643039,49.22074273829971],[-120.2713340611543,49.22382318289242],[-120.2771096083228,49.226863310715935],[-120.28879881250835,49.23222541826381],[-120.29593987099057,49.234970921862015],[-120.30052338500589,49.234271132938986],[-120.30850057712381,49.23068045122739],[-120.31431781928991,49.23080605640393],[-120.31873068989313,49.23302583330474],[-120.33163277652267,49.243870564266416],[-120.33840538628732,49.246735014540945],[-120.34399910051914,49.24649450592943],[-120.35031915123132,49.2441015387615],[-120.3526804372204,49.23789102330784],[-120.35467337199907,49.237263881068316],[-120.36235067323268,49.240112254187046],[-120.37726490342305,49.238993876799306],[-120.38283948983211,49.239566899101014],[-120.38783903980723,49.23913937947104],[-120.39202813821929,49.23984468207013],[-120.39807617997364,49.23611526701906],[-120.40484725654723,49.235735866804305],[-120.4117323670388,49.23748066712182],[-120.41584595973339,49.2355751883373],[-120.41453524873677,49.22997822733291],[-120.41216487335188,49.22613380231995],[-120.4088440441849,49.2232983220694],[-120.40906378734962,49.222216096703384],[-120.41419381700717,49.217354707682574],[-120.41331812459647,49.21262899279535],[-120.41111654712479,49.21102561996126],[-120.40733757882415,49.20586566014468],[-120.40839415168861,49.20336932216762],[-120.40782388652426,49.20118409969547],[-120.41595903649161,49.20158223429389],[-120.42865087177061,49.198917110190024],[-120.43093344519622,49.19633607145339],[-120.42785404819163,49.19494283176063],[-120.42442032721705,49.190958611876425],[-120.42478862735155,49.18766568181195],[-120.42127221900901,49.183707824248025],[-120.42170820646649,49.18106947056391],[-120.4278933794072,49.177557553533305],[-120.42597112193087,49.17373851993507],[-120.41835609993475,49.17134485234066],[-120.41117859191243,49.16800246825549],[-120.414803749008,49.165502827454326],[-120.41982524500233,49.15803257599454],[-120.4238963403468,49.154039467220606],[-120.42408380199511,49.15029594764623],[-120.42230115458032,49.14842608531854],[-120.41579169403391,49.14656137067384],[-120.41458498019728,49.144915123208825],[-120.41833041028059,49.14061981103138],[-120.4153759866893,49.1374308649749],[-120.4168397549669,49.127350017845316],[-120.41917006497758,49.12452297290669],[-120.42408606744549,49.1227010400383],[-120.4338490302835,49.122317515849524],[-120.44161410369576,49.12256430138615],[-120.44457733291176,49.12115559368621],[-120.44412674712987,49.11623806800364],[-120.44490180310723,49.11228229564684],[-120.43655544176528,49.10601853481053],[-120.43247858500283,49.10113591883351],[-120.43398650442272,49.1001196261496],[-120.44155516798511,49.09772738635597],[-120.4409817345292,49.095008209522746],[-120.44199424180219,49.09165217533525],[-120.44447468034899,49.08945092640068],[-120.45573588516383,49.08399943484777],[-120.45731496444992,49.08127315476303],[-120.45565614379836,49.079032649157895],[-120.4482349120713,49.07666225470077],[-120.44389891731377,49.0701767589913],[-120.44042032734943,49.061025429199425],[-120.4410222157625,49.05975570356214],[-120.44786467320164,49.056106258582176],[-120.45397484961434,49.05396981490353],[-120.45655032554255,49.05092797687409],[-120.45398224809806,49.04763021870134],[-120.44462359206811,49.0439534908978],[-120.43629960170256,49.041466296164124],[-120.43512805193639,49.033069851954885],[-120.43151194466101,49.03151839374521],[-120.42542028098083,49.02522090272007],[-120.42055247988436,49.02211022499248],[-120.41685724865854,49.0183582263079],[-120.40518735856064,49.01069322668295],[-120.40392291362431,49.007587661840645],[-120.40254729343191,49.000076883016355],[-120.36996735906072,49.00008067766929],[-120.24447628788052,49.00029689487938],[-120.06982080532659,49.00032665722176],[-119.94623130372155,49.00015708622885],[-119.94469483041148,49.00380039061941],[-119.93556024998729,49.007004382920975],[-119.92758875472364,49.01062710225242],[-119.91847518532232,49.013110974433495],[-119.91007826539156,49.01764642079617],[-119.90955306238058,49.022612549878716],[-119.8955588262401,49.03396630570057],[-119.89219700046536,49.035963752967156],[-119.89300812114594,49.041208939618976],[-119.88453240253703,49.046546943284554],[-119.87273419221005,49.04755738661489],[-119.86544917392212,49.051229271774965],[-119.85483394548268,49.05776189607169],[-119.8433947258928,49.063968170362664],[-119.83722455235484,49.068392032073305],[-119.83323788736249,49.06899059048009],[-119.83045717538853,49.07063269440166],[-119.82252180726907,49.07366200666466],[-119.82022579581205,49.07567018644675],[-119.81697799771777,49.076856509408096],[-119.80943778820543,49.081340009201035],[-119.80793441268891,49.08284390800347],[-119.8017735111267,49.08581909684255],[-119.79441369688125,49.08843539153601],[-119.79061677884837,49.09081239239479],[-119.78549219016372,49.09593811507969],[-119.78327520797191,49.09694640229451],[-119.774848299619,49.09695069604661],[-119.76832311396043,49.09466910123517],[-119.75930818261072,49.09392280271775],[-119.75762225666864,49.09476922282638],[-119.75655378511078,49.09772185774007],[-119.74903098544048,49.09805187844971],[-119.74939639795305,49.10214798643217],[-119.76061677004017,49.10224998215936],[-119.760888021942,49.113418711091555],[-119.78248278268221,49.11339073743898],[-119.78240563500532,49.13110896074943],[-119.7824727027728,49.16755390934614],[-119.77373496054165,49.16761906085872],[-119.77396193418234,49.169866909661884],[-119.78037483844949,49.169796762083955],[-119.78152985010989,49.17141800486949],[-119.78641239673281,49.17123284939569],[-119.78714727542598,49.18429440655008],[-119.78909057670803,49.18382787894428],[-119.78947821008408,49.190009101535516],[-119.79099450740704,49.18989754817971],[-119.79157645862968,49.195993412960554],[-119.78150469512684,49.19652120033083],[-119.753302367948,49.19646497247263],[-119.7488511777416,49.19661033091522],[-119.74862131078497,49.1931646503217],[-119.74628312974835,49.19308282520961],[-119.73762017645764,49.19090620377068],[-119.73164765019501,49.192535662430295],[-119.73146836461054,49.196352958520436],[-119.71698361455246,49.19677294130772],[-119.67638449084777,49.19649254271158]],[[-119.81972936393561,49.21107987610739],[-119.81900009635935,49.21271655367986],[-119.81340689672383,49.213054386064066],[-119.81266312841268,49.20855984352284],[-119.81487689376733,49.20848835061651],[-119.81480324916413,49.20337636834732],[-119.81935149171106,49.1998797109464],[-119.82253581950881,49.19825049636551],[-119.82817679976702,49.198389992041214],[-119.8311518096549,49.199596288760205],[-119.83714245872788,49.2007903483782],[-119.8370322994406,49.211076455094044],[-119.81972936393561,49.21107987610739]],[[-120.04400647434449,49.302463620750245],[-120.04497942727552,49.302460350701125],[-120.04549287010862,49.31786859043243],[-120.05936740744822,49.31788785578177],[-120.05968672706128,49.32659165822397],[-120.07060381098547,49.327230356984934],[-120.07046420722406,49.335928305698225],[-120.08083781340311,49.336452384642136],[-120.08150193725714,49.34339411407061],[-120.08987071408096,49.34333097188415],[-120.09023096820434,49.348592041013966],[-120.10071306114259,49.3486179441385],[-120.10065789878375,49.350127717548965],[-120.11131695479983,49.3503962232084],[-120.1116761830586,49.3583100212968],[-120.10438549790756,49.35870900260137],[-120.10076563918015,49.36058708178579],[-120.10056742363237,49.36666040135159],[-120.12270608084145,49.36629705641219],[-120.1224773154422,49.389608104617686],[-120.07800491666067,49.38948951797647],[-120.07794435600772,49.35953187410378],[-120.07841754338098,49.356917491261285],[-120.08069272793752,49.3552185603345],[-120.07849575438361,49.35399555602702],[-120.08059261906052,49.35134440299276],[-120.07892647815495,49.34606769682196],[-120.0777436981909,49.344966807410074],[-120.07342709203884,49.344917012346954],[-120.06813311480089,49.34362090480002],[-120.06684206699155,49.3482120022383],[-120.03942879718223,49.3478917613437],[-120.03954899659666,49.343696503292904],[-120.0410866459872,49.32258764828424],[-120.02997724242951,49.322385187822476],[-120.03062052465503,49.30923387921877],[-120.02906265816515,49.30535450314947],[-120.03283751046446,49.30609432031294],[-120.03166632215644,49.302680249091196],[-120.03442299847704,49.29535868782914],[-120.0346676127853,49.291496305598656],[-120.03359790305399,49.28871619204845],[-120.03662441955476,49.28295389835343],[-120.03480120832609,49.2817376075533],[-120.03532248612252,49.274887200289996],[-120.03471059553023,49.273143897853],[-120.03145168844335,49.27064020412061],[-120.02984480484089,49.266477209225776],[-120.02646638061819,49.265517298351774],[-120.02612859736882,49.26380818604286],[-120.01764788894396,49.259226590348725],[-120.01697928464341,49.25572730038246],[-120.01919192133253,49.25142049990378],[-120.01663109639152,49.24919581124713],[-120.0107103022882,49.24869170360618],[-120.00622580917934,49.24651551037698],[-120.00466909859769,49.244746594309916],[-120.00360060276056,49.24005570907549],[-120.00161908119989,49.23833770235427],[-119.9952350974875,49.237038793953104],[-119.99223650466317,49.234714504442316],[-119.98275498623481,49.23218940270668],[-119.97633248432771,49.2265693972605],[-119.97059071354226,49.225665092590525],[-119.96780708206006,49.226896998607955],[-119.96311229806014,49.22513670832789],[-119.95616138515594,49.21843290482457],[-119.95217598872226,49.21725799797266],[-119.94763570316978,49.218965603138564],[-119.94328791147643,49.21951819077984],[-119.93552000516229,49.219409904248856],[-119.93177880312112,49.21817370688579],[-119.92402639201345,49.21292691107576],[-119.91775281155495,49.21088180534817],[-119.91430834122973,49.21080124584371],[-119.91429359933805,49.20898571290394],[-119.9285344351093,49.20865153188391],[-119.92864697448833,49.21143323957132],[-119.95057942218759,49.211941233930126],[-119.97866113755822,49.21187348635753],[-119.97894182409406,49.19916339413952],[-120.02271291485694,49.19937552735993],[-120.02224431879563,49.24455776324632],[-120.08908995368203,49.24491140574236],[-120.08935115062243,49.273136125521326],[-120.04380874730985,49.273553388585],[-120.04400647434449,49.302463620750245]],[[-119.90728579675917,49.21293551428758],[-119.91723820940193,49.21146138947659],[-119.92298968262322,49.21306929363587],[-119.92687340082514,49.21603880212504],[-119.9318289135441,49.21876990880864],[-119.93203298755799,49.22302048600708],[-119.9073696339747,49.22300178950655],[-119.90728579675917,49.21293551428758]]]}},{"type":"Feature","properties":{"shapeName":"Chehalis 5","shapeISO":"","shapeID":"43193130B14071203290079","shapeGroup":"CAN","shapeType":"ADM3"},"geometry":{"type":"Polygon","coordinates":[[[-121.89259297307665,49.29043504493504],[-121.88568957025537,49.29411473810607],[-121.88771188500937,49.30058269722961],[-121.88802598084722,49.303419795759204],[-121.8851180918138,49.305220008217994],[-121.88199918645634,49.30933469976624],[-121.88966086978994,49.30844881417111],[-121.90377712904248,49.30924312700453],[-121.91673266715539,49.308881785032845],[-121.92787840291142,49.309508290774076],[-121.92824111828288,49.29506762618745],[-121.93700701977505,49.28042116251912],[-121.92330502597609,49.276381082235126],[-121.91670245798026,49.27650515838494],[-121.9158574127212,49.277174767997565],[-121.90849549003119,49.28383584235242],[-121.90492675744542,49.28594454955614],[-121.89259297307665,49.29043504493504]]]}},{"type":"Feature","properties":{"shapeName":"Fountain Creek 8","shapeISO":"","shapeID":"43193130B14263262225089","shapeGroup":"CAN","shapeType":"ADM3"},"geometry":{"type":"Polygon","coordinates":[[[-121.835782920293,50.70415404789321],[-121.83353089944744,50.7040007916847],[-121.83298900977141,50.708294068544916],[-121.83984428832399,50.70867346280871],[-121.8402611846577,50.70460965356807],[-121.835782920293,50.70415404789321]]]}},{"type":"Feature","properties":{"shapeName":"Tsinstikeptum 10","shapeISO":"","shapeID":"43193130B14290774659145","shapeGroup":"CAN","shapeType":"ADM3"},"geometry":{"type":"Polygon","coordinates":[[[-119.53211648889499,49.89056570441288],[-119.53768748457917,49.89352099473046],[-119.53855822788842,49.89521044910816],[-119.54654147648381,49.89528486807922],[-119.54789639527417,49.887922398689064],[-119.5472602772004,49.8853470156604],[-119.54692211734405,49.8732358128661],[-119.55114525333137,49.873246305183166],[-119.55237898528091,49.87118650252964],[-119.54426870594881,49.87386595628502],[-119.54290585393181,49.873094982274246],[-119.5359806098407,49.87372689056499],[-119.52897304302375,49.87355077690812],[-119.52843098924792,49.87493929291748],[-119.52322109941343,49.87753709969553],[-119.52253469464962,49.879548105887864],[-119.52442071856004,49.88450859909496],[-119.52457789721717,49.88699669194072],[-119.53211648889499,49.89056570441288]]]}},{"type":"Feature","properties":{"shapeName":"Yekwaupsum 18","shapeISO":"","shapeID":"43193130B14630161362175","shapeGroup":"CAN","shapeType":"ADM3"},"geometry":{"type":"Polygon","coordinates":[[[-123.16063172263569,49.72513955494222],[-123.16012202573272,49.7260905603814],[-123.16212077704422,49.72651249400086],[-123.16388351580031,49.72585972155215],[-123.16063172263569,49.72513955494222]]]}},{"type":"Feature","properties":{"shapeName":"Fountain 12","shapeISO":"","shapeID":"43193130B14716355134243","shapeGroup":"CAN","shapeType":"ADM3"},"geometry":{"type":"Polygon","coordinates":[[[-121.80543959171003,50.684318927937014],[-121.80337929260638,50.68430889231839],[-121.80392916127732,50.688724706763466],[-121.81206946342205,50.68879673967819],[-121.81202699977543,50.68424239356613],[-121.80543959171003,50.684318927937014]]]}},{"type":"Feature","properties":{"shapeName":"Quatsino Subdivision 18","shapeISO":"","shapeID":"43193130B15572795013048","shapeGroup":"CAN","shapeType":"ADM3"},"geometry":{"type":"Polygon","coordinates":[[[-127.56542155774537,50.61919007077385],[-127.56868645168889,50.61706875682964],[-127.57794342930573,50.61359258185165],[-127.5742427204122,50.6120052453285],[-127.56323585223535,50.617780059184426],[-127.56542155774537,50.61919007077385]]]}},{"type":"Feature","properties":{"shapeName":"Central Okanagan J","shapeISO":"","shapeID":"43193130B15668502554992","shapeGroup":"CAN","shapeType":"ADM3"},"geometry":{"type":"Polygon","coordinates":[[[-119.69745585992821,49.77516161852753],[-119.69007581155483,49.77809218865007],[-119.68237811193382,49.780487294232316],[-119.66924771710725,49.78388109256105],[-119.65194821494873,49.7871295115427],[-119.66451171269104,49.79879299799272],[-119.66635011468345,49.79774718037286],[-119.68124781909374,49.79471512091926],[-119.68713593014388,49.79462548257235],[-119.69797454277531,49.792619265014714],[-119.703232109473,49.78820149818543],[-119.70977054564094,49.78177836380343],[-119.71465072459635,49.77982584873916],[-119.71900528606389,49.779557537893325],[-119.72826027673672,49.7799105891089],[-119.73241214955227,49.77348802926804],[-119.73704562797039,49.769448664664665],[-119.74372936132792,49.76449788709683],[-119.75032103390059,49.75593216159697],[-119.75637618691712,49.750316616891624],[-119.75807045063377,49.74478821309677],[-119.75795785658724,49.74216165768567],[-119.75980157137282,49.74011839977383],[-119.76565150601394,49.7393609194973],[-119.76774208039491,49.74001051452594],[-119.76690583316363,49.74579979585139],[-119.7759628520397,49.745171690621504],[-119.77636565416908,49.74889097519271],[-119.79902061974802,49.74893093666963],[-119.80116380236313,49.75891915319301],[-119.7878298258858,49.759078930889444],[-119.78742772823746,49.76270475230968],[-119.78240544313034,49.7629539701833],[-119.78214437559242,49.76632671950699],[-119.76567052900579,49.76653512007149],[-119.76545524299728,49.77356132730087],[-119.74849938578325,49.77380668492973],[-119.74771780044374,49.780806893928464],[-119.74398018455541,49.78208661539404],[-119.74516439791023,49.78461495186882],[-119.73660020386843,49.78559845796992],[-119.7346888098433,49.78818523004456],[-119.73462209430775,49.792109387184986],[-119.73671007952292,49.792039502181346],[-119.73665920508614,49.79517766581465],[-119.7336861912479,49.79517407435246],[-119.73452123006344,49.7978306872597],[-119.73747778079304,49.79870944986309],[-119.73835278926602,49.801513808136455],[-119.72966965982447,49.79755967832643],[-119.72915441958831,49.79516840440128],[-119.72104113756578,49.79517555683434],[-119.7205550933809,49.80239280557534],[-119.70627285840656,49.802235192541204],[-119.71025222178821,49.80596418525611],[-119.72615381414916,49.80598909739939],[-119.72641771598465,49.83710398981702],[-119.72590773128148,49.857979030010604],[-119.71672640303377,49.858052854403496],[-119.70775183792529,49.86119043057188],[-119.67568802941607,49.8736230713505],[-119.66101324939258,49.879818481880704],[-119.66060320580148,49.88859719781583],[-119.65306563101355,49.8824938468631],[-119.64668881799443,49.88128765951116],[-119.6388404185653,49.882713924991236],[-119.63747793908618,49.883695145757045],[-119.63326448993861,49.88281573985049],[-119.62789543049351,49.884366945249],[-119.62359272426947,49.88480076768811],[-119.61703364600199,49.88677471712433],[-119.6206352154863,49.88788507002102],[-119.61819913694991,49.89281140223649],[-119.61815853124116,49.895178076724676],[-119.62027947396547,49.89784874188774],[-119.62863454702851,49.90185397728202],[-119.63128627633283,49.901835678652134],[-119.63227209893074,49.90379709848097],[-119.63718686942302,49.904905768263056],[-119.63524870581458,49.906500763992646],[-119.6348021126467,49.90954867198426],[-119.63097368694555,49.91249447935727],[-119.62643667475021,49.91087586723402],[-119.62378699876277,49.91146385838603],[-119.62240918792278,49.913658339132475],[-119.62443624748809,49.91815648746401],[-119.626909860976,49.92041289996927],[-119.62437245602996,49.92377500534734],[-119.6254160573168,49.92659760121639],[-119.6290659547955,49.92891527407899],[-119.6267275007705,49.93076481427225],[-119.61879079063252,49.93411503258276],[-119.61770531834217,49.93515695814312],[-119.62079222334785,49.93780048571261],[-119.61280543617143,49.93811250024474],[-119.60843851409592,49.9397883233996],[-119.60733613440917,49.94250169536308],[-119.60252314672935,49.944418818654334],[-119.59991216521773,49.9423063402532],[-119.60021206030119,49.94007553662199],[-119.59848365595752,49.93829497781002],[-119.54175243026091,49.93981138940674],[-119.53229828303405,49.93981102002942],[-119.5316776825351,49.93387327532467],[-119.5297828683499,49.93378637976869],[-119.5300207276977,49.9257258576456],[-119.52155773859927,49.92571934763193],[-119.52193738950098,49.92272450068398],[-119.50671598609432,49.91822066753529],[-119.48451281073677,49.940937507620866],[-119.48167899321341,49.94767520339611],[-119.47898409140812,49.966718074828414],[-119.47427766822965,49.973367192567586],[-119.47046994208813,49.980716318230385],[-119.46400125503251,49.99813696691785],[-119.46289518656222,50.004360341834705],[-119.46680496669242,50.00426909885558],[-119.46614519093343,50.00965919397099],[-119.46610810658912,50.01768561060486],[-119.47026961296491,50.03339160385595],[-119.47382015026662,50.0406413115777],[-119.46978023393544,50.04892290849849],[-119.47276126795654,50.056183940955115],[-119.4706884001422,50.06448090337399],[-119.47159459314183,50.071454502682755],[-119.47255750684236,50.08289470865788],[-119.47331548815738,50.08539599947591],[-119.4759096356007,50.08830371071977],[-119.47514959488649,50.095513526963664],[-119.47259275546367,50.10807796798584],[-119.47647474596636,50.12740531244833],[-119.47367071151635,50.13157809509281],[-119.47282450567928,50.1376076992782],[-119.47558311908763,50.1457995224521],[-119.47431653506992,50.14995300505048],[-119.475297387421,50.175051227425115],[-119.47174822043257,50.18217820173503],[-119.46528481669787,50.18835509486056],[-119.46961036352789,50.19103442674743],[-119.46266473912317,50.202069189305874],[-119.46075721895667,50.21119038523621],[-119.46014107247743,50.215597562112464],[-119.46048630857236,50.2264016973376],[-119.45948306650307,50.23123764329438],[-119.47081573697336,50.231521195078535],[-119.47168098718873,50.234892680302465],[-119.48370087079823,50.23528596963894],[-119.5117832337283,50.23532493750928],[-119.53192473091529,50.235137532788684],[-119.57342841740623,50.23411964960031],[-119.58805880169315,50.23337009013992],[-119.66796207664258,50.232507457396885],[-119.76180443067874,50.23282098509893],[-119.76171522961421,50.230949833112184],[-119.76603821000613,50.22618818219064],[-119.76816593695281,50.21653859222799],[-119.7657798761015,50.20333798611074],[-119.78048167835097,50.20577591010587],[-119.79375258765567,50.20548751719925],[-119.79605927779208,50.204251874173195],[-119.80524091152392,50.20366581633044],[-119.80804646291551,50.19555686932039],[-119.81480854708482,50.1928549581799],[-119.81966432551066,50.18825249215838],[-119.8293207664875,50.18599491883541],[-119.83283679295599,50.18377682548067],[-119.83188429058458,50.18142338172509],[-119.82788699847279,50.17982431550277],[-119.81756426728222,50.180463685308155],[-119.8171450766167,50.1777843274895],[-119.81312346924658,50.17685236187884],[-119.81133056232456,50.174752836903494],[-119.8110942319894,50.17202366865657],[-119.80858437163235,50.16767933023893],[-119.80352783202173,50.16064775981041],[-119.804377147272,50.15973446213486],[-119.80224488070247,50.15229859835625],[-119.79859896033136,50.14976990504138],[-119.79236581893178,50.14967150508199],[-119.77965493842575,50.14773306861377],[-119.78027257756156,50.14046184739732],[-119.77950291333973,50.13657524302144],[-119.77705053128186,50.13319619802162],[-119.78064860348218,50.13178392429664],[-119.78173100571482,50.12832773582491],[-119.78003606052259,50.124226159204696],[-119.77720625829579,50.11997287918623],[-119.77242272927093,50.120430267194884],[-119.76955040733515,50.12245424480714],[-119.76506197027705,50.12331677605894],[-119.75953142094286,50.121691006986254],[-119.75435405531549,50.12160684611487],[-119.75077748403325,50.123017840463774],[-119.74863192896957,50.12498632963922],[-119.74275236389477,50.11934633800405],[-119.74113075242381,50.1160468876411],[-119.74200167923959,50.10557458878783],[-119.74302874361365,50.10345400294348],[-119.74178485481818,50.101029194562],[-119.74633736768082,50.09669521529855],[-119.74486897099324,50.09466757008764],[-119.74172095120947,50.09314667504129],[-119.74717052212004,50.08969562604116],[-119.75054135190915,50.0886817546432],[-119.75501057468468,50.08882075038354],[-119.76462945722248,50.0851021814205],[-119.76704560601185,50.0795978583613],[-119.76151982871566,50.07303040835763],[-119.76214564361089,50.069709597294505],[-119.76637991226413,50.06642805880648],[-119.7668753736675,50.06362419491361],[-119.76278263392005,50.06090891458016],[-119.75764190362356,50.05883157670103],[-119.76022514746474,50.05571101547425],[-119.76194016679408,50.047608204962394],[-119.76492209325781,50.04505838585136],[-119.76910767277727,50.04315125525375],[-119.77889882911163,50.04199160994747],[-119.78432378836696,50.04068528847787],[-119.79659962207603,50.03863022595709],[-119.80322709019431,50.03547628754428],[-119.80613592323094,50.03212647877571],[-119.8101075143241,50.03092723340473],[-119.81042668827556,50.027536357015954],[-119.80387178994206,50.02490860741644],[-119.8033552526424,50.021770395557795],[-119.80053805842417,50.01724116723633],[-119.81366945994195,50.005380627548654],[-119.81855087965104,50.00060285950624],[-119.82768690984658,49.99742921303068],[-119.82832989633182,49.993793387769685],[-119.8306116494503,49.99064894164652],[-119.8368205818295,49.99043932579481],[-119.83635975388653,49.988775280250245],[-119.82883881820193,49.98449891626182],[-119.82826797832494,49.983032144023156],[-119.8322851299122,49.98051641305631],[-119.83695602260802,49.97994256733396],[-119.84065562482726,49.98048394136465],[-119.84217570895387,49.97838755305086],[-119.84566351215021,49.976193696957424],[-119.85535623105898,49.974062154816245],[-119.86204526285663,49.96919633885408],[-119.87653540447998,49.96590141439815],[-119.88278617972846,49.967444972189256],[-119.89549995212823,49.96578892986312],[-119.89308444722828,49.96388176716694],[-119.89449722556162,49.958845666771296],[-119.90038158063206,49.956077138191624],[-119.91555418736151,49.95066117884083],[-119.92209822850185,49.9435737121527],[-119.92483675363269,49.938956783816415],[-119.92738699336851,49.93686625846977],[-119.935766485432,49.93646492853675],[-119.94385754436901,49.929030975756355],[-119.94714759384216,49.92306557358731],[-119.94346994745958,49.918402949578486],[-119.95093868118079,49.920239978488816],[-119.95803718838478,49.92087047693718],[-119.96753982696951,49.92653601377028],[-119.97748612571999,49.93140631414128],[-119.9919642340242,49.929256467067745],[-119.99717610238596,49.92811050600073],[-120.00090938347952,49.92326497385507],[-120.00348761929571,49.92128625239789],[-120.01287801927316,49.920269156622886],[-120.0220878070866,49.91389461275255],[-120.02952679148919,49.911890116829866],[-120.02684084770127,49.903901862092646],[-120.02780140473364,49.89953323249162],[-120.0276400436262,49.894684750285606],[-120.03379567117595,49.892848920463145],[-120.0361797391225,49.89066305392295],[-120.03630863876023,49.887848777601725],[-120.03405586043324,49.884943472529095],[-120.03572517589524,49.88248136661305],[-120.04101171310903,49.87746320759666],[-120.04829426031019,49.87512559424639],[-120.05322893060699,49.872995360073766],[-120.05680797057329,49.86831718508288],[-120.05223677041737,49.864787987475964],[-120.0547975782915,49.855706223410486],[-120.04653388538102,49.85703030433531],[-120.03890738786596,49.85658535693549],[-120.03079117641752,49.85299476158644],[-120.01705252346514,49.84471691699954],[-120.0134665603638,49.83940675614906],[-120.00604110635338,49.83723568600143],[-119.99164524937234,49.8338841390914],[-119.98364286733329,49.830225873558064],[-119.97795618215517,49.82519874010237],[-119.96879220220453,49.819585244386936],[-119.96700729746594,49.812208959932455],[-119.97223232030652,49.80662555499801],[-119.97808608241039,49.80188872944178],[-119.97755111161518,49.79332134914],[-119.98432026260947,49.78963277965903],[-119.98442221618298,49.78133914925744],[-119.97867402255325,49.776682967934114],[-119.9794882010208,49.77320249431937],[-119.97953153289707,49.76625090091007],[-119.90257803737549,49.76664018305778],[-119.83699338045855,49.7656588320637],[-119.83590596508573,49.71262581223419],[-119.79408026479928,49.7124109110109],[-119.77174190338151,49.712442908257934],[-119.7544711364909,49.71142727366119],[-119.74206946101819,49.71151555165839],[-119.72866460601267,49.71206295751024],[-119.73819690991232,49.72001430885696],[-119.74157461058691,49.72482060870667],[-119.74196730136198,49.731498706706795],[-119.7404602064347,49.73655650990061],[-119.73694980305235,49.743363093900555],[-119.72720509826537,49.75627030473924],[-119.7195519114146,49.76524900231451],[-119.71618469906727,49.76759238913145],[-119.69745585992821,49.77516161852753]]]}},{"type":"Feature","properties":{"shapeName":"Inkahtsaph 6","shapeISO":"","shapeID":"43193130B15786919624778","shapeGroup":"CAN","shapeType":"ADM3"},"geometry":{"type":"Polygon","coordinates":[[[-121.50499699976454,50.014634788149635],[-121.5050792748155,50.00922508310748],[-121.51628765624585,50.00904965107059],[-121.51983541862909,50.00953272550535],[-121.51841520031908,50.00448400609738],[-121.51524630826142,49.99904639298831],[-121.51169411300546,49.99616798858351],[-121.50968400815802,49.991231697251315],[-121.51059645354795,49.98932296402406],[-121.5034972127267,49.99007834168101],[-121.50340789406438,49.993143957609725],[-121.50187412743422,50.000841066899206],[-121.50247148639454,50.014408510889446],[-121.50499699976454,50.014634788149635]]]}},{"type":"Feature","properties":{"shapeName":"Nanaimo F","shapeISO":"","shapeID":"43193130B16179173764135","shapeGroup":"CAN","shapeType":"ADM3"},"geometry":{"type":"Polygon","coordinates":[[[-124.23627130020125,49.25282000755925],[-124.23638472061612,49.25986281843412],[-124.25387756623623,49.26005309612666],[-124.25123841160911,49.265555601904914],[-124.25464555679918,49.267848883547494],[-124.26650666963539,49.267728994924646],[-124.26883649999193,49.267594820712425],[-124.2692040565875,49.27097717984731],[-124.27557406505818,49.27085769607218],[-124.28002169455274,49.271527670445074],[-124.28517351789644,49.270841831280904],[-124.29196627567354,49.27114171504966],[-124.29462815971971,49.27295132563064],[-124.29515160527536,49.275432597591845],[-124.29755591771551,49.277491995506544],[-124.29517690084047,49.27933208498425],[-124.30010680991417,49.280716388024274],[-124.30115720531589,49.28259780242573],[-124.30444380581189,49.28370160072644],[-124.30741725103756,49.28187964516682],[-124.3071316547633,49.288262444265186],[-124.29622228272953,49.287534876459304],[-124.29625471955505,49.290532673496976],[-124.28667055365636,49.290611419049654],[-124.28668794001534,49.291523280595094],[-124.27978415381787,49.29164890213192],[-124.27983471937084,49.29332291941243],[-124.27467854622833,49.293365549711595],[-124.27456857427688,49.296676271634446],[-124.29834739144538,49.29639860733003],[-124.30161980668896,49.29702368168732],[-124.30149579425438,49.305128836623695],[-124.30405273919688,49.305132608610954],[-124.31229093089112,49.30693573933339],[-124.3189147297722,49.307543430355636],[-124.3243330398991,49.3071076746104],[-124.32347583074483,49.30930020166985],[-124.32821817288963,49.30918057551768],[-124.33738575798054,49.31218974120981],[-124.34690118742651,49.311650273514694],[-124.3470317359581,49.31267613182695],[-124.35745630563598,49.312623691342786],[-124.35691571193263,49.31438250835918],[-124.37974755629718,49.31401107657182],[-124.37937555927199,49.322423318597004],[-124.3768456503883,49.322532371783346],[-124.3769028707983,49.326146283618776],[-124.38774533212163,49.32645205059206],[-124.38838596450027,49.31716510705506],[-124.41861868998814,49.31826164031377],[-124.43345437272187,49.31817002924355],[-124.43359973456279,49.31739584444648],[-124.4486171737249,49.31752283999144],[-124.45359996296229,49.317211677667274],[-124.4532901037316,49.32210301902505],[-124.47245089890124,49.32249458227946],[-124.47613598274265,49.32319222547722],[-124.47615444325069,49.329600419903414],[-124.46481286669808,49.33057898191032],[-124.46512156772903,49.33394060440397],[-124.50102000761547,49.33399537151531],[-124.53054184575029,49.333194001964834],[-124.53700741053449,49.32620006618872],[-124.540024974265,49.32585490044016],[-124.5417518360542,49.342150239800006],[-124.54436472369888,49.34409145514964],[-124.55295546327088,49.34526987112298],[-124.56258584839568,49.34569066960606],[-124.56638798029074,49.346489824333325],[-124.56670352173437,49.3519166871312],[-124.57204454651408,49.35280147702288],[-124.57227345856455,49.33460822234814],[-124.5670140893724,49.33416131084194],[-124.56548084842535,49.33198577972748],[-124.56709655888585,49.33017992728629],[-124.56703779123936,49.32654572720064],[-124.57207433263937,49.326411963952204],[-124.57215819830996,49.3188304275923],[-124.5832120951988,49.31833841109042],[-124.58359213986536,49.311458994252526],[-124.60986365361138,49.31234189991632],[-124.60952891648421,49.319515221331145],[-124.61493535950494,49.319882353296364],[-124.61470859461984,49.326853985560795],[-124.62009550128089,49.32705855317882],[-124.62020781780201,49.33800534648857],[-124.63113712594114,49.33807701979409],[-124.63117654338858,49.33969823921429],[-124.63547683078292,49.33970777269602],[-124.63574666340511,49.336124126523984],[-124.63835053353995,49.3360852471705],[-124.63871334475913,49.330546126515195],[-124.6498903599779,49.33049651329269],[-124.65020341906545,49.32505479057939],[-124.65556058172817,49.32504000338187],[-124.65566647049663,49.321437365692546],[-124.66129405922361,49.32130090371514],[-124.6612378904616,49.3158646925985],[-124.65588952377892,49.31547789972223],[-124.65611724813529,49.301414816703186],[-124.661573835318,49.30144246536534],[-124.6616428463219,49.29968695055545],[-124.67257727447077,49.299817866212976],[-124.67229329178427,49.31327791666795],[-124.6837715079874,49.31337298516456],[-124.6837683004528,49.31797096244514],[-124.68894709318299,49.31806626680887],[-124.68887481422816,49.321556870259194],[-124.6944071226629,49.32161050484118],[-124.69453745931162,49.30731451775842],[-124.68912310986333,49.30719945009301],[-124.68913903840716,49.30003864247234],[-124.68176096377192,49.2998937115859],[-124.68214876118083,49.284859464306265],[-124.68737863024339,49.284301011037336],[-124.68771813340616,49.267806924228516],[-124.6878203193623,49.25764585438939],[-124.67719766251876,49.25764016160331],[-124.67707409741814,49.249796771582865],[-124.67434791325586,49.247156873674335],[-124.67423772812037,49.23389255022626],[-124.65763506350763,49.23408724731474],[-124.65839773051013,49.24726822396147],[-124.65463917297463,49.243127858107606],[-124.6542759896723,49.23843465297743],[-124.65594577148855,49.235684865709665],[-124.6535586757695,49.23167149775313],[-124.65070899306693,49.22914190792988],[-124.65088298662477,49.226728533329926],[-124.6480797224566,49.224548694196656],[-124.6441477140749,49.22434043649726],[-124.63961754373487,49.21961944206152],[-124.6306361723252,49.219508556622934],[-124.63339396422336,49.22466444369261],[-124.6341932868251,49.231980790505865],[-124.63344612057953,49.23622607519734],[-124.64212154577575,49.24121117244492],[-124.64685194182468,49.248291509184384],[-124.64467758928966,49.24992697247645],[-124.66221790779551,49.28142903671201],[-124.65682979467694,49.28492180622546],[-124.6375269764343,49.284841431330214],[-124.63741894333076,49.28129270211632],[-124.64507313852295,49.28124112901754],[-124.6451177305737,49.27768726740973],[-124.64292715779679,49.27756918597329],[-124.64315523050942,49.272036794002126],[-124.63158314105661,49.27187863584094],[-124.63149002049481,49.273821634016755],[-124.62041943910035,49.27357927025394],[-124.6173576461411,49.27180475751992],[-124.61715558657592,49.267974264415535],[-124.6027263644839,49.26784432570278],[-124.60307859042496,49.27546518319785],[-124.60533827493447,49.28406883726831],[-124.59549438071915,49.28380270933061],[-124.5952438887496,49.28129223431184],[-124.58897962190179,49.28117766293535],[-124.58892027389852,49.27291337435167],[-124.57004582800153,49.2727052872221],[-124.57007796842919,49.26235280148562],[-124.55952606210585,49.26229180488863],[-124.55925437256245,49.25701476881097],[-124.5210422327069,49.25697646865656],[-124.52286852853604,49.255170222931184],[-124.52298132967945,49.25282661459439],[-124.52949424620284,49.25262510111258],[-124.5293713914896,49.25010567657955],[-124.53191417968932,49.2501467950931],[-124.5315806919731,49.24556033033408],[-124.53407583785713,49.24554719962081],[-124.53410332424517,49.24112354220123],[-124.52524005760519,49.24114590303711],[-124.50229675119904,49.23507799496438],[-124.49604076022624,49.2341634732899],[-124.49286075778527,49.230745326245454],[-124.48136880791287,49.230974910692204],[-124.46564045531804,49.225109686553466],[-124.45668978784258,49.223761333134426],[-124.44701613575015,49.223114870166064],[-124.44777412467461,49.236339879816434],[-124.42082319613783,49.236200776281],[-124.4205973632831,49.23268330857396],[-124.38909324689783,49.23243656337963],[-124.38885986253507,49.23058284571355],[-124.3267546981451,49.23020525947416],[-124.32681236092719,49.22623435504632],[-124.3194139404279,49.22604474682809],[-124.31955049155529,49.218919624936305],[-124.31437519897231,49.21894746320956],[-124.31421491310886,49.21286526924448],[-124.30717338005417,49.21267656242194],[-124.30720703662816,49.208580114352365],[-124.28612475961121,49.208752164474845],[-124.28607855740917,49.21172462272525],[-124.29173855596189,49.211952983637055],[-124.29216658243382,49.21894825061165],[-124.29810139783848,49.219129437597786],[-124.29855196727627,49.22263912320389],[-124.3071296058527,49.22271555012982],[-124.30715310289763,49.2263440824075],[-124.24590975582913,49.226328200249995],[-124.24587543929078,49.231419735563975],[-124.240254746832,49.23135144560852],[-124.24043338829384,49.24129770659131],[-124.2498585998018,49.241506537946925],[-124.2499360417356,49.2488533957834],[-124.2428452097104,49.24882758420883],[-124.24285657411333,49.252680879651166],[-124.23627130020125,49.25282000755925]]]}},{"type":"Feature","properties":{"shapeName":"Metchosin","shapeISO":"","shapeID":"43193130B16225795191618","shapeGroup":"CAN","shapeType":"ADM3"},"geometry":{"type":"MultiPolygon","coordinates":[[[[-123.57483070102055,48.425904200930205],[-123.58054577760281,48.42489982250044],[-123.64559248170754,48.424355127457424],[-123.64460094031156,48.41068271453848],[-123.63863899675695,48.4082239127582],[-123.61927010974766,48.398931799028745],[-123.61336751967406,48.39711339593983],[-123.61563624181056,48.39433633906451],[-123.59682977710317,48.387250170222885],[-123.6098238127965,48.37082239229141],[-123.59754155875474,48.36645041788945],[-123.60198638517572,48.36090415303565],[-123.60307392322714,48.35947884731567],[-123.6132847147711,48.34597240414401],[-123.60426439686204,48.34233165981307],[-123.59643568864568,48.34938454561961],[-123.58613318160667,48.34636993129817],[-123.572483551941,48.34114921498122],[-123.5749553401362,48.33804001870342],[-123.58869351030098,48.34242300179478],[-123.5879643085045,48.34048618273166],[-123.58973959444201,48.33875010612207],[-123.589112704372,48.33591868984564],[-123.59154069552825,48.33468250743491],[-123.59202669969014,48.33008370681709],[-123.594832413763,48.325435104001315],[-123.60174550627092,48.32017269586505],[-123.60044818891893,48.318856690693195],[-123.6015211056987,48.31590859528913],[-123.5907939929023,48.315659405512825],[-123.5906145156601,48.312862195716086],[-123.5890828180318,48.311168804706554],[-123.58470257738657,48.31012059654788],[-123.58051979556048,48.312444901802756],[-123.57310589888911,48.31393041286536],[-123.57076480703297,48.313258106024605],[-123.56424059917036,48.31353439580563],[-123.56524541035776,48.31185530315697],[-123.56411019666913,48.30903681126315],[-123.56068201948817,48.30892710486155],[-123.55755949881247,48.31311708620701],[-123.55451502269844,48.313598502475216],[-123.54790281192072,48.31822860860058],[-123.54248819659061,48.31900050393887],[-123.5400132972852,48.32342979512992],[-123.54009848311895,48.32519299068451],[-123.54771489563556,48.33213750335851],[-123.55439717664089,48.33511969589093],[-123.55416419698234,48.33711788960925],[-123.55964901516843,48.34015010356528],[-123.5594580065904,48.34247289151559],[-123.56570038654647,48.34573762588439],[-123.56962538991118,48.346668692089615],[-123.57083619343835,48.34873230075658],[-123.5572075889512,48.34396840163059],[-123.55502891298558,48.34106299112066],[-123.55088480149641,48.3397342118135],[-123.54661760380462,48.34066279030981],[-123.54312098654813,48.337935400255375],[-123.53969831744497,48.33836550589039],[-123.53611840471766,48.33679890944205],[-123.53347150870026,48.33906910522781],[-123.52805361370599,48.34104730534958],[-123.52814020599651,48.34300700907422],[-123.53141110828672,48.343334583672565],[-123.53267022351717,48.34128660345493],[-123.53997870771028,48.34063139496892],[-123.54069221321066,48.34310240143323],[-123.53990978325291,48.34688510258087],[-123.54182430902846,48.349223696288675],[-123.54501000938812,48.350639402046056],[-123.54412759539257,48.355276603583484],[-123.54023400874391,48.3583898951993],[-123.53653098549013,48.35931560253991],[-123.5296260120842,48.37039599159746],[-123.52513989064819,48.37283569024667],[-123.52090639197866,48.378766106221576],[-123.51480167625063,48.38392169583087],[-123.51431747847494,48.38543559656964],[-123.51987639319731,48.38753351126364],[-123.51567880505026,48.38926249299082],[-123.5106546993088,48.38671170959314],[-123.50772221130073,48.38380920651732],[-123.50478957925809,48.38502829689281],[-123.50432940850057,48.387611786783054],[-123.49903839371683,48.38653800306052],[-123.4938508847279,48.38639840164292],[-123.4819048817692,48.38450559350341],[-123.47764377806593,48.38663769369498],[-123.47708031270629,48.38843929214575],[-123.47977591436444,48.390766504392325],[-123.48177708095754,48.38939919674694],[-123.48892040589737,48.39341829102552],[-123.48872849597403,48.39596480739045],[-123.48581655782796,48.400350487672],[-123.48829041014999,48.400916102237254],[-123.49455508833408,48.398169796632835],[-123.49843424916068,48.39829948233161],[-123.51802790583183,48.40275550056188],[-123.52521723606361,48.404572075107836],[-123.5290902281179,48.40670700290433],[-123.53265750698753,48.40639218114632],[-123.54355300523848,48.409215143833464],[-123.54075682518693,48.41560061650714],[-123.55255324203387,48.419373637288516],[-123.57150047962352,48.42472611565663],[-123.57483070102055,48.425904200930205]]],[[[-123.54273859431117,48.31717328775465],[-123.54202770517128,48.31499849049837],[-123.54688809507287,48.31416680371255],[-123.54660891525144,48.31074010320167],[-123.54150831515814,48.314371907165395],[-123.53750429866581,48.314498605962996],[-123.53737919029817,48.31672181139955],[-123.54024339733697,48.31837250984051],[-123.54273859431117,48.31717328775465]]]]}},{"type":"Feature","properties":{"shapeName":"Kopchitchin 2","shapeISO":"","shapeID":"43193130B1645652429995","shapeGroup":"CAN","shapeType":"ADM3"},"geometry":{"type":"Polygon","coordinates":[[[-121.45207956475996,49.859934643588886],[-121.45112969381357,49.86226569161252],[-121.45242311133778,49.868923485404856],[-121.44915820718421,49.868452001997156],[-121.44424360735216,49.87879586608774],[-121.45848264729534,49.87973732376407],[-121.45821169130134,49.859734645572644],[-121.45207956475996,49.859934643588886]]]}},{"type":"Feature","properties":{"shapeName":"Tipella 7","shapeISO":"","shapeID":"43193130B16536454926985","shapeGroup":"CAN","shapeType":"ADM3"},"geometry":{"type":"Polygon","coordinates":[[[-122.22191665339811,49.77383259007321],[-122.2213254921761,49.7738959817824],[-122.22136450253088,49.77453608920208],[-122.22202347743756,49.774525923421734],[-122.22191665339811,49.77383259007321]]]}},{"type":"Feature","properties":{"shapeName":"Pitt Meadows","shapeISO":"","shapeID":"43193130B1655046610974","shapeGroup":"CAN","shapeType":"ADM3"},"geometry":{"type":"Polygon","coordinates":[[[-122.67175284926144,49.20578585592241],[-122.66920404548858,49.20957236801061],[-122.66870804318357,49.212295751873405],[-122.66924046349465,49.21695430009215],[-122.66895074391743,49.22127701488726],[-122.66572619118101,49.22233246548296],[-122.66440189963167,49.23198266269343],[-122.65673423660552,49.232099924238966],[-122.65585969526693,49.24226791441659],[-122.64477260202854,49.24226499590459],[-122.64474318127417,49.249360737444434],[-122.62226068676985,49.24983911729662],[-122.62243062158296,49.25682669254095],[-122.60059006184999,49.257111019095234],[-122.60122740463596,49.264188781789876],[-122.61170881681936,49.26428164594686],[-122.61227917550062,49.270168307116144],[-122.6011751807627,49.27055099903422],[-122.60118282092115,49.290895132220484],[-122.6009061015647,49.2991909801213],[-122.6005468943488,49.324753598538926],[-122.59783028840259,49.32476231043966],[-122.59328793581746,49.32833155496385],[-122.59303157737332,49.3385782689311],[-122.58158102294597,49.348112174589694],[-122.57539780213742,49.352431714835895],[-122.57922918528583,49.35223731140116],[-122.6032951579092,49.35312529498045],[-122.60781929094183,49.35135061188499],[-122.61452030840348,49.350653696954836],[-122.61818028277332,49.35127326938783],[-122.62058279880259,49.350843112342716],[-122.63641800148194,49.34156720509513],[-122.63856459565598,49.3395647902731],[-122.64513759545697,49.337625186359475],[-122.65178449082548,49.334991299500885],[-122.65616020836461,49.33156069742041],[-122.66181178344996,49.3283035928602],[-122.6687044106991,49.32096890254334],[-122.6752288046862,49.31702631079743],[-122.6778776958603,49.31271800662052],[-122.67821909210248,49.310160797263826],[-122.67626032313527,49.30510130441551],[-122.6732645885487,49.302505393162356],[-122.66762318795635,49.29993129185995],[-122.6601089926272,49.297981388304045],[-122.65920111491857,49.293710905769544],[-122.66342569515507,49.29140511510438],[-122.67076222019062,49.28953659731675],[-122.68535980717202,49.28670948587426],[-122.69299807992296,49.284237099829866],[-122.69965519790262,49.280865993824285],[-122.70449089526542,49.27638940583441],[-122.7135681854017,49.26516369650659],[-122.71846099290644,49.256603193216506],[-122.7234716806023,49.251864596346365],[-122.73278110267057,49.24578071210875],[-122.73773089234805,49.243523204810934],[-122.75315550445353,49.239104206948845],[-122.75618349353678,49.237958807786896],[-122.76738470685895,49.2303192009675],[-122.76812859704678,49.22733278825327],[-122.76342239850639,49.22578179613857],[-122.7560352189001,49.21827770343159],[-122.75139305337679,49.21577173678052],[-122.74115378246546,49.21415890441526],[-122.73066970957515,49.211097989430336],[-122.71890191155985,49.210071399541036],[-122.71330251455828,49.2090759051611],[-122.69237859860814,49.20159879645625],[-122.68648519375562,49.1997530076368],[-122.67470679307432,49.197082602284546],[-122.66792100492319,49.19622640515992],[-122.66946905990716,49.19974165343032],[-122.67825972341679,49.20031479524373],[-122.67832116480871,49.20558313759105],[-122.67175284926144,49.20578585592241]]]}},{"type":"Feature","properties":{"shapeName":"Skwah 4","shapeISO":"","shapeID":"43193130B17266831928054","shapeGroup":"CAN","shapeType":"ADM3"},"geometry":{"type":"Polygon","coordinates":[[[-121.98727848696844,49.179062736659965],[-121.98517672205018,49.17663820843108],[-121.98841057414779,49.171663723870736],[-121.96947956391112,49.17197078783611],[-121.96942970539929,49.1781093968178],[-121.96397179383864,49.17850409661889],[-121.96407067175852,49.17974824029336],[-121.97299658730431,49.180649097211464],[-121.97931902263443,49.17947080499421],[-121.98727848696844,49.179062736659965]]]}},{"type":"Feature","properties":{"shapeName":"Keremeos","shapeISO":"","shapeID":"43193130B18138396411853","shapeGroup":"CAN","shapeType":"ADM3"},"geometry":{"type":"Polygon","coordinates":[[[-119.81972936393561,49.21107987610739],[-119.8370322994406,49.211076455094044],[-119.83714245872788,49.2007903483782],[-119.8311518096549,49.199596288760205],[-119.82817679976702,49.198389992041214],[-119.82253581950881,49.19825049636551],[-119.81935149171106,49.1998797109464],[-119.81480324916413,49.20337636834732],[-119.81487689376733,49.20848835061651],[-119.81266312841268,49.20855984352284],[-119.81340689672383,49.213054386064066],[-119.81900009635935,49.21271655367986],[-119.81972936393561,49.21107987610739]]]}},{"type":"Feature","properties":{"shapeName":"Boston Bar 1A","shapeISO":"","shapeID":"43193130B181414944358","shapeGroup":"CAN","shapeType":"ADM3"},"geometry":{"type":"Polygon","coordinates":[[[-121.43154139714363,49.834261598082016],[-121.43025636770878,49.830969947559694],[-121.43283062801999,49.83081228431757],[-121.43047431179201,49.82534829226388],[-121.43067350561631,49.82268771427043],[-121.4267461760747,49.82259470434077],[-121.42678863768333,49.83430440533457],[-121.43154139714363,49.834261598082016]]]}},{"type":"Feature","properties":{"shapeName":"Nequatque","shapeISO":"","shapeID":"43193130B18247956425391","shapeGroup":"CAN","shapeType":"ADM3"},"geometry":{"type":"MultiPolygon","coordinates":[[[[-122.4855519856223,50.54180626428381],[-122.46488658100147,50.54227564125232],[-122.46395672308527,50.55079088951797],[-122.4678052843472,50.54863019762191],[-122.47091950033516,50.549003397705164],[-122.47246519099953,50.55207820162254],[-122.47476239882552,50.553149737515994],[-122.47672926852437,50.55105099567406],[-122.48328224127432,50.55213904680984],[-122.49030325336916,50.55386971270914],[-122.49001862801674,50.541827268213936],[-122.4855519856223,50.54180626428381]]],[[[-122.49126975021933,50.52750941837318],[-122.49658757838702,50.52780556297862],[-122.49729499054921,50.52610461813431],[-122.49203851576493,50.52514929519808],[-122.49126975021933,50.52750941837318]]],[[[-122.48769714683668,50.53234167657437],[-122.48727088532048,50.529431616045514],[-122.48407751657876,50.52935470619093],[-122.48410456727021,50.532880266889485],[-122.48769714683668,50.53234167657437]]]]}},{"type":"Feature","properties":{"shapeName":"Coldstream","shapeISO":"","shapeID":"43193130B18362434449346","shapeGroup":"CAN","shapeType":"ADM3"},"geometry":{"type":"Polygon","coordinates":[[[-119.2481919202994,50.24543163360425],[-119.25062633370251,50.24517989129311],[-119.25168113515613,50.23847166568512],[-119.28252623271818,50.23804642175819],[-119.28434581717433,50.23352389484022],[-119.29002516778411,50.228793829388955],[-119.29005183687748,50.22324845095237],[-119.28802454298743,50.22112480696235],[-119.28230811415924,50.21772289361756],[-119.27940811737469,50.21665803938971],[-119.28992215489887,50.208669041094666],[-119.27896933020213,50.20642233682969],[-119.27595833133311,50.210244028368415],[-119.26701647049954,50.21270158700093],[-119.26303242897072,50.21297586205593],[-119.26298502823134,50.21509441222324],[-119.25662453415023,50.21533495261647],[-119.25117696911235,50.21455915269992],[-119.25124624453376,50.21625789016505],[-119.23156338060218,50.21572274785472],[-119.23040230561624,50.21027835234344],[-119.2327582580713,50.209180132571305],[-119.23351270537778,50.206338014002334],[-119.23247228914205,50.20429727271875],[-119.23087430590097,50.19485713490717],[-119.22726025601935,50.194897243153555],[-119.21709102040656,50.19485995688731],[-119.21726409326435,50.198316441027764],[-119.20440506356468,50.1984746606495],[-119.20405975403098,50.20234047695544],[-119.19340275470424,50.20232320281111],[-119.19302837540235,50.195511568551986],[-119.18211134129592,50.1956198536808],[-119.18191762847898,50.202967355971076],[-119.15365109461231,50.20249444808649],[-119.15368054930948,50.19522147865457],[-119.14761302012361,50.19519256217001],[-119.1476489553093,50.21043520738739],[-119.14136076177587,50.21066164565655],[-119.1139851419382,50.20891388855063],[-119.11404968438382,50.212142869582934],[-119.10805500279946,50.212145218678735],[-119.10800007003382,50.216050009238685],[-119.08241549052947,50.21617600944435],[-119.08051003099787,50.223564969721586],[-119.06882897331506,50.223489594902894],[-119.06923944446709,50.2266589715553],[-119.06765181310242,50.22821403206444],[-119.0700107038203,50.230662030335296],[-119.06984042986313,50.23566236717813],[-119.06592610147335,50.236147516617606],[-119.06562158999957,50.241701138315754],[-119.05644645106841,50.24212667779621],[-119.05610636614354,50.25275947093765],[-119.06707231123913,50.252680843351214],[-119.06719733646042,50.248431428754834],[-119.0785878159562,50.248117511084544],[-119.07929833717604,50.25289579375428],[-119.09023107287362,50.252816314796426],[-119.0900877856923,50.24537679881365],[-119.10134081244554,50.24524011655631],[-119.10189241102024,50.252906549493595],[-119.13518845269061,50.25281821193517],[-119.13520970266171,50.245453629699114],[-119.16986825425197,50.245513387371325],[-119.16966460379128,50.25279873169842],[-119.21699762639928,50.253129095133765],[-119.21646694565482,50.24540630719128],[-119.23831151258882,50.24573503703585],[-119.2481919202994,50.24543163360425]]]}},{"type":"Feature","properties":{"shapeName":"Powell River D","shapeISO":"","shapeID":"43193130B18597637340243","shapeGroup":"CAN","shapeType":"ADM3"},"geometry":{"type":"MultiPolygon","coordinates":[[[[-124.6335637179053,49.800005997792894],[-124.6372305072443,49.79913580293501],[-124.63541040403746,49.796291608228074],[-124.63025799674531,49.793450307064944],[-124.62940560941068,49.79206889549857],[-124.6302210987029,49.785715511514354],[-124.63495899916838,49.78327439154145],[-124.63749069396388,49.78086319197955],[-124.63379399310946,49.77796490384462],[-124.62954418343845,49.77794349809552],[-124.62761759795768,49.77645100901302],[-124.6239530126915,49.771114491086514],[-124.6230512081207,49.767367403932646],[-124.62928200699335,49.758131409517475],[-124.62850831545772,49.755795703482825],[-124.63140401007382,49.75268659668963],[-124.63801130781874,49.75388009771844],[-124.63603470067216,49.75125388694898],[-124.63620251747925,49.74922860312189],[-124.6390066193662,49.747181998921455],[-124.63407758782365,49.740965396953555],[-124.63433508321542,49.73372899425785],[-124.62899632040136,49.730961696706714],[-124.62575130516404,49.73063839147128],[-124.62355279001656,49.72919430760248],[-124.62432761111708,49.727446795759725],[-124.62029439299435,49.72179121380875],[-124.61173159852562,49.720445394029746],[-124.60840211519027,49.72128280012307],[-124.6057021751112,49.718937096652645],[-124.60105089996478,49.717544210421366],[-124.60055171673828,49.71543779713049],[-124.5920944882615,49.71263931148322],[-124.5840153003092,49.71077071367263],[-124.58008950162007,49.7107350968161],[-124.57599831420403,49.70736398994111],[-124.56844510385898,49.70707919838595],[-124.56325541052406,49.70531459069914],[-124.56162819249074,49.70389751130159],[-124.55803190392935,49.70330640920395],[-124.5510568940675,49.701134506613435],[-124.54873790306637,49.69975299211464],[-124.54789790248954,49.69735318638801],[-124.54481819558214,49.698159306753425],[-124.54140879243167,49.69779899494478],[-124.54006062091946,49.69641470271436],[-124.53328159718961,49.693373993271706],[-124.52453779944435,49.69221180129796],[-124.520992497245,49.690999790262694],[-124.51777979523702,49.68583279078644],[-124.51255538638321,49.680971997231],[-124.50860489376316,49.680070496438226],[-124.50624018763057,49.67580209368654],[-124.49915519888582,49.67163910044165],[-124.49319459706696,49.67167051087384],[-124.48550491927101,49.67442350657229],[-124.4836405006716,49.67875589689089],[-124.48050002246778,49.679435303078364],[-124.47704479065654,49.67843550519416],[-124.47650540828757,49.676185208743],[-124.4740029843524,49.674084504099504],[-124.47017730407765,49.66809710385822],[-124.4660382065466,49.65902061082974],[-124.46773029792494,49.65358438909364],[-124.46362958317344,49.654023103068184],[-124.46036281640828,49.652741293130774],[-124.45596109953404,49.64913659082743],[-124.45104209711972,49.648208004735146],[-124.4457226890891,49.64402940470338],[-124.44599958672353,49.64210959139081],[-124.43825709149709,49.63839240220229],[-124.43608512419591,49.63143940500005],[-124.43527430303637,49.62409050281096],[-124.43610101088483,49.620195292222384],[-124.428272108888,49.618078901459675],[-124.42652188857569,49.616913908211316],[-124.42216300698121,49.61702068377258],[-124.41559130600207,49.61471778794479],[-124.40928878600211,49.613661001539015],[-124.40638898582517,49.61198750159947],[-124.40071440344887,49.607199408059046],[-124.3993305137041,49.60379828994961],[-124.39390950353504,49.60348499010179],[-124.38982710356146,49.60251798498519],[-124.38777438787277,49.60046430264577],[-124.38000257980336,49.5977241004741],[-124.3738252146531,49.59504510642491],[-124.35837590229322,49.58987528485338],[-124.35273891001795,49.58867320033871],[-124.34590060793762,49.58457860888855],[-124.34127721917798,49.580891400298604],[-124.33576058826898,49.579046996792584],[-124.33033741012467,49.574918201800315],[-124.32664361673976,49.57493390272594],[-124.31547358153131,49.57001470217627],[-124.31243001714677,49.56943789273164],[-124.30680489795698,49.570167086773836],[-124.30234639113425,49.56838250606746],[-124.29528451992788,49.56439619924251],[-124.29112539104345,49.56138399332498],[-124.29060460978144,49.56000530887153],[-124.28544010392874,49.55607740597547],[-124.28423678239847,49.55345540345712],[-124.27995439777577,49.54823990301564],[-124.27485402447049,49.549403502882285],[-124.26684611468296,49.54656790183842],[-124.26167429270373,49.54922409106767],[-124.25790831277692,49.54846499457607],[-124.25606341853945,49.54549829709942],[-124.25173160901602,49.5420731004341],[-124.2489197990868,49.54294049231747],[-124.24642829049706,49.540052209407826],[-124.24350591040535,49.539814302982236],[-124.24048988224891,49.53701289808642],[-124.23543037809324,49.537579692489224],[-124.23029880128988,49.53129328430767],[-124.22668599652485,49.52835368699998],[-124.22203629005713,49.52748490500712],[-124.22046318213552,49.529283698672714],[-124.21487150377646,49.527839585012856],[-124.21084031937443,49.52907860631794],[-124.2070656826024,49.527930700911405],[-124.20395560339081,49.52508370102715],[-124.20014209418794,49.524504111567765],[-124.1954533743243,49.52207859487228],[-124.18755561661129,49.515458893817076],[-124.18188960892249,49.51134289319655],[-124.17595430141981,49.50929779211817],[-124.172239405237,49.50586398822204],[-124.17290828025122,49.503743392534254],[-124.16919141456891,49.500857908233435],[-124.16347351833667,49.499674395479076],[-124.16033591443315,49.50011020427295],[-124.15610758450995,49.4982629981894],[-124.15564949962284,49.497053900165376],[-124.1489299136068,49.49313589944757],[-124.14768181512372,49.4917715011597],[-124.14131208746933,49.48861400174748],[-124.13464481539924,49.48930050020067],[-124.1323581061504,49.491932400976445],[-124.12878828904047,49.49218310277101],[-124.12430300730546,49.495302104628095],[-124.12730568561288,49.49676619676557],[-124.12667218326504,49.5011271005109],[-124.13057241796587,49.5073394953512],[-124.13655339265301,49.51502601502924],[-124.13971910680775,49.51988819339756],[-124.13668429325313,49.52072711473678],[-124.13924928028227,49.524623696448394],[-124.14024298276863,49.52758320333754],[-124.14431139137677,49.5314015101171],[-124.1480960871981,49.537139605014545],[-124.15528971662913,49.54270690494997],[-124.1583758112243,49.54406128855588],[-124.16340390005736,49.54796929308693],[-124.16337328676697,49.549040302006595],[-124.16846509296651,49.5549977870504],[-124.17499319791952,49.55850139262228],[-124.18436358176005,49.56121309394788],[-124.19026631283515,49.567881203476844],[-124.1958863951525,49.572103999376054],[-124.200690193025,49.5734214102207],[-124.20239989769098,49.57485270954307],[-124.21089950137002,49.57954978815235],[-124.21296921084434,49.58213608690462],[-124.2173218975096,49.585256613986374],[-124.22317469085081,49.5907982094302],[-124.23551198755878,49.59722560635764],[-124.24557258092241,49.60046279852437],[-124.25107379909075,49.60506298859086],[-124.25769021473856,49.60881439720438],[-124.26239931466256,49.61273949638309],[-124.26862519631499,49.618976103003796],[-124.26980657510184,49.6207720936981],[-124.27517349012706,49.62531810352095],[-124.28117340827548,49.62867929118301],[-124.28851319071542,49.63651239506969],[-124.29286559128728,49.63873990022887],[-124.2971763958365,49.64200281027102],[-124.3014432040063,49.646199886360094],[-124.3077529998413,49.65110350277212],[-124.31395890351439,49.65775169817371],[-124.32174181330609,49.66322209620862],[-124.32589379733312,49.66762709007918],[-124.32908871531004,49.6740574027393],[-124.33371839365262,49.68008470524192],[-124.33795109702967,49.682797813957215],[-124.340832419015,49.68629990689349],[-124.34187798336431,49.68898600517795],[-124.34507229261266,49.69170200946805],[-124.34546508500125,49.69384679877363],[-124.35257097463547,49.70007769360322],[-124.35269950795312,49.70123699923547],[-124.35660059346714,49.70682279879592],[-124.3564544032794,49.708056211731346],[-124.3724877146087,49.71393960609453],[-124.37420048931924,49.71222770566657],[-124.38096860120346,49.713171897794695],[-124.3853938019734,49.715080392640076],[-124.38752907994757,49.717547095882644],[-124.39162669728228,49.72011489262571],[-124.39958410345851,49.72234809833716],[-124.40549609114342,49.72188101248843],[-124.41333632122544,49.72193939896259],[-124.41539818375689,49.725079697208834],[-124.4185508175193,49.72710070636899],[-124.4218696193956,49.72622339673115],[-124.42609949600606,49.72754789833275],[-124.42717290392609,49.72494440158743],[-124.43052318358238,49.724642492086616],[-124.436604709018,49.72807490703065],[-124.44427920027711,49.727637600537534],[-124.45066320562573,49.73048179143153],[-124.45982659393049,49.733397089379075],[-124.46599461153393,49.733625005487546],[-124.47720098948386,49.73612729421434],[-124.48486470327573,49.73534538677066],[-124.4931919968916,49.73627400072419],[-124.49968678761472,49.73533549304271],[-124.49866991319456,49.7374617896109],[-124.50021380704231,49.738925898070114],[-124.50624928693819,49.741573493853956],[-124.50859219673494,49.74190250552199],[-124.51220098321862,49.74413139302473],[-124.51140749954759,49.74721770358035],[-124.5140624227368,49.749126103930614],[-124.5256723082367,49.753633684095675],[-124.53130548029857,49.75528580256919],[-124.5342180046128,49.757001998915214],[-124.53827470536801,49.75659608394995],[-124.55026158750084,49.76026909804609],[-124.55497281247067,49.75819969128254],[-124.55592909547984,49.760346004425855],[-124.55838100999021,49.76144549377972],[-124.56433270541099,49.75953991086586],[-124.56676410424753,49.76003839457945],[-124.56694391098245,49.76256350615803],[-124.56275279613976,49.763546210731505],[-124.56504239390546,49.76604279204512],[-124.56793451474734,49.7674970000435],[-124.5741234822378,49.77247739538562],[-124.57945629420163,49.771567395421734],[-124.57910689734565,49.77324509401891],[-124.5811995899379,49.77522330419047],[-124.58884379499092,49.78049718749312],[-124.59379808028159,49.78710410256143],[-124.59520891648899,49.79238219840101],[-124.60011658895917,49.797171801273116],[-124.59908660840172,49.800460290034714],[-124.60569058894852,49.80305809546034],[-124.60765990118739,49.80129488696608],[-124.61307031662133,49.79845789265974],[-124.612480300642,49.793295112097454],[-124.61445170240695,49.79238499776213],[-124.62029500090374,49.79342898597037],[-124.62219148292104,49.79777279787905],[-124.6264028905304,49.79784969443763],[-124.6303095874675,49.801212296354024],[-124.6335637179053,49.800005997792894]]],[[[-124.47012341214887,49.65343629408316],[-124.471956890057,49.6526402019155],[-124.47112080367425,49.64933170082439],[-124.4676789022351,49.65092258542485],[-124.47012341214887,49.65343629408316]]]]}},{"type":"Feature","properties":{"shapeName":"Comox Valley B (Lazo North)","shapeISO":"","shapeID":"43193130B18795813830275","shapeGroup":"CAN","shapeType":"ADM3"},"geometry":{"type":"MultiPolygon","coordinates":[[[[-124.89133059885476,49.72690425116094],[-124.89288980431591,49.72820870090298],[-124.90159920938828,49.7313221056945],[-124.90498521005667,49.73480990188554],[-124.91171699455556,49.737308002233746],[-124.91303030988215,49.739687886120684],[-124.92199959532061,49.73902699964624],[-124.92852990804573,49.74027611011552],[-124.93741010475058,49.74747830720399],[-124.9404609942871,49.74914460088005],[-124.94369218906841,49.75359669068093],[-124.94939279068134,49.75862840656475],[-124.9516514818807,49.75992159529163],[-124.95926891245246,49.76010820419417],[-124.96351801322213,49.76146690059343],[-124.97127490920538,49.767874393137134],[-124.9734759980815,49.77451970150245],[-124.97673191572832,49.77602939426364],[-124.9825628138237,49.77699220413196],[-124.98484591169026,49.780811898960934],[-124.99324439563027,49.78778198592296],[-124.99880830028444,49.79132108916815],[-125.00682150561263,49.79404023255684],[-125.00859032056233,49.79225090196209],[-125.02675422478559,49.78029480375729],[-125.03928529019214,49.78164150346598],[-125.04151720812303,49.78133278786253],[-125.04660048520792,49.77875200066176],[-125.05025240983173,49.7776280064159],[-125.0478329750554,49.77145091916525],[-125.04329998876432,49.77052060066515],[-125.03919207773806,49.76760659751332],[-125.03749868799727,49.76467698868703],[-125.03282701762467,49.76422839935322],[-125.02732749602363,49.76087150681532],[-125.02269050320203,49.753197912254514],[-125.01892829982101,49.75019569251158],[-125.02026550610061,49.74801378415063],[-125.01832907966548,49.74581619238289],[-125.01781849689107,49.74256901396656],[-125.01631158856047,49.74170449705395],[-125.01173251140582,49.72986519316318],[-125.01852330817626,49.72619652107101],[-125.02649264143444,49.72396352086763],[-125.02358452356266,49.72215730308085],[-125.01968740985906,49.72146078506686],[-125.02298059023234,49.71866229872271],[-125.01988238222548,49.7171653994606],[-125.01916520781252,49.71553748354337],[-125.01222758362515,49.71702579277745],[-125.0139871127543,49.71374159906604],[-125.01445622021816,49.71002869896277],[-125.0130424840179,49.707626851155965],[-124.99464669185508,49.71593956816777],[-124.99739508311468,49.71809350136605],[-124.99949066690019,49.71705584434745],[-125.00573371308622,49.722522872454924],[-124.99981059338599,49.7253529257162],[-124.9932735239768,49.71970090447485],[-124.9931570481167,49.71619434485303],[-124.9873964967491,49.71826043601554],[-124.98729589975045,49.719613670531515],[-124.97956896315969,49.723578206756855],[-124.96909522234051,49.7245211046985],[-124.97096250371409,49.728323112583695],[-124.97797861935936,49.73383301158305],[-124.9671441734295,49.73916234873814],[-124.96592351122139,49.7407282662725],[-124.9553267945223,49.740602293991614],[-124.9554490042298,49.736939888081245],[-124.94405690223326,49.737139840179054],[-124.94386120192267,49.740920053909],[-124.93568490291774,49.7409335109654],[-124.93295712482438,49.73842234894628],[-124.93313970805445,49.7337717426778],[-124.94478516088427,49.73386798054257],[-124.94452889775982,49.729982573611906],[-124.93326747202791,49.72972778811199],[-124.93394169924105,49.70955792357251],[-124.939920517016,49.70966527568523],[-124.9399214601122,49.705833580865004],[-124.94387230965403,49.70610651439831],[-124.94554313756481,49.698950652264685],[-124.94521362170634,49.692938990381656],[-124.94847404525449,49.69098045096062],[-124.94289465604292,49.69096968378942],[-124.94048879514708,49.689964950265264],[-124.93069679436991,49.68820521310009],[-124.93023641840762,49.684839423295855],[-124.92708595620347,49.68467697575347],[-124.92372534941433,49.6858010492539],[-124.9216354256437,49.688009689185996],[-124.92124035917264,49.69738043996166],[-124.92565335903424,49.697331248905556],[-124.92583785024867,49.69466189656653],[-124.9345342909218,49.69484019171772],[-124.93327144920126,49.70097258622714],[-124.92885859559736,49.700982425893166],[-124.92301468672768,49.70304079332131],[-124.92014039696646,49.703132253536516],[-124.92005893348718,49.71187650701055],[-124.91665619233015,49.71177888980216],[-124.91445340277888,49.7149547921797],[-124.90893148127651,49.71502289917436],[-124.90886702422578,49.71832350262005],[-124.91344679269382,49.72498049916151],[-124.91138918422685,49.72656874950446],[-124.89895721238499,49.72641292812716],[-124.89133059885476,49.72690425116094]]],[[[-124.90922560357362,49.6694361484246],[-124.90295000693052,49.668925999547945],[-124.9010346145862,49.66603489983544],[-124.90495839139909,49.66289311164491],[-124.90810948104536,49.662660894856195],[-124.91478381431183,49.663918492662056],[-124.9153998856179,49.662343292414754],[-124.91867110686269,49.661632589868894],[-124.92398952429893,49.66227210355232],[-124.92616529057042,49.661202507777794],[-124.92097419015508,49.659245696150116],[-124.91481478829719,49.661534390078934],[-124.90631688922531,49.66180920125256],[-124.90236301636914,49.66420479740382],[-124.89815588470888,49.66859989311357],[-124.89330089330815,49.67205360276654],[-124.8863578998528,49.67567389329894],[-124.87936097923921,49.68420150758521],[-124.88319624115239,49.686013514924156],[-124.87658342528906,49.68795404660465],[-124.877140534213,49.689637552288275],[-124.87551848500098,49.69211000441555],[-124.8729611776038,49.691189673850715],[-124.86911645005226,49.693598513199625],[-124.8675174129078,49.69586051202015],[-124.87676768232086,49.701754538345526],[-124.87966210072695,49.70247429692255],[-124.88555090548303,49.70679896216329],[-124.88846660020907,49.70484520979871],[-124.89006849980736,49.702392287825866],[-124.90371895403572,49.70476043623296],[-124.90947884167804,49.7045444556884],[-124.91013791493813,49.69693903356015],[-124.90928105267733,49.692559211826115],[-124.89822526325601,49.69265832245031],[-124.89803835522154,49.68795194504055],[-124.8939094971304,49.68419749419815],[-124.8974212433989,49.681871100561246],[-124.89751978136255,49.67452813396883],[-124.90207558234069,49.674744990774435],[-124.9019794357574,49.6783176154266],[-124.90641473752211,49.68198058084874],[-124.90860264451774,49.68201599062472],[-124.90922560357362,49.6694361484246]]],[[[-124.95269746640528,49.688736781918294],[-124.95612442226042,49.689364133046844],[-124.96371188619689,49.68792849226919],[-124.96871001916271,49.691289774129324],[-124.97228108697325,49.69516298050283],[-124.97448050417877,49.69443017865367],[-124.98923461702583,49.687178656209156],[-124.98397593981636,49.6845904072105],[-124.98199206007291,49.68260516965365],[-124.97628694956033,49.67986233160765],[-124.97392338123532,49.68117709458496],[-124.96753878929972,49.67897380471466],[-124.9610575572205,49.67799031148348],[-124.96083336503376,49.681603981381386],[-124.95640173136786,49.68438726715246],[-124.95810058320725,49.685867357150514],[-124.95269746640528,49.688736781918294]]],[[[-124.86134041968437,49.70480214054719],[-124.86233190112024,49.706921399873714],[-124.86808168004146,49.70629430765349],[-124.87109220310693,49.70488529885782],[-124.86540300871265,49.701171047051275],[-124.86134041968437,49.70480214054719]]]]}},{"type":"Feature","properties":{"shapeName":"New Westminster","shapeISO":"","shapeID":"43193130B1888301314881","shapeGroup":"CAN","shapeType":"ADM3"},"geometry":{"type":"Polygon","coordinates":[[[-122.87594385260618,49.2202082256751],[-122.87673423279809,49.22515010619058],[-122.87641378091023,49.22856401816185],[-122.87506109190363,49.23107281555153],[-122.88150701269629,49.23476719938331],[-122.88631408148832,49.23590510085216],[-122.88993981209914,49.23595349545986],[-122.89250675301781,49.23803341956279],[-122.89736026756503,49.23528685778789],[-122.94983837803005,49.20700074566284],[-122.95995134100922,49.201367586118586],[-122.95105800464282,49.19430696773159],[-122.95742637300958,49.19012082753094],[-122.95733595208098,49.17717595852996],[-122.95690884107307,49.17517188016976],[-122.94975389125396,49.177169297535244],[-122.93815961514814,49.181601404956844],[-122.932674683762,49.18610049807709],[-122.92941559174331,49.187231311266295],[-122.9233080942015,49.191478303671],[-122.91997239976985,49.194688723411126],[-122.91219619899509,49.194062607023454],[-122.90446659820874,49.19965329143632],[-122.89427200901169,49.20810740621753],[-122.88550404292077,49.217661045381234],[-122.88133401511921,49.21975876239824],[-122.87594385260618,49.2202082256751]]]}},{"type":"Feature","properties":{"shapeName":"Strathcona A","shapeISO":"","shapeID":"43193130B18990511981937","shapeGroup":"CAN","shapeType":"ADM3"},"geometry":{"type":"MultiPolygon","coordinates":[[[[-126.86445162028919,49.98514761353581],[-126.86652895046234,49.98518797353566],[-126.86647554434896,49.992125051801416],[-126.85088759995935,49.99226211431298],[-126.84856637326519,49.99414481367748],[-126.84414168430065,49.99342041434362],[-126.84409381373968,49.97973615918446],[-126.84270433592363,49.97975590348278],[-126.84198024392367,49.97393524111187],[-126.84369382716069,49.974134967476914],[-126.8436819113583,49.97089399872681],[-126.84737111097266,49.96138309155809],[-126.8458985055708,49.959376410942795],[-126.83944312033184,49.957808396426046],[-126.83459538656288,49.95770010714771],[-126.82841208537775,49.955686299806594],[-126.82219082425887,49.95511950162878],[-126.8190454893409,49.95409830560887],[-126.80741738871053,49.95345600688932],[-126.80554029557182,49.95121570840675],[-126.80200309721641,49.94898109382673],[-126.80209678014087,49.947229297579455],[-126.7998349857198,49.943022196008705],[-126.79982521742927,49.93833519771209],[-126.79601411361092,49.935123603980266],[-126.79240957988424,49.931043194925444],[-126.7918352111528,49.92778459161388],[-126.78923237583285,49.923147395011675],[-126.78800050148048,49.9177809941071],[-126.78395050513144,49.91405099616952],[-126.78405648151517,49.911732293111875],[-126.7819462208904,49.907968203602024],[-126.78086930927726,49.90408858423921],[-126.78177959286339,49.9015692115988],[-126.78073519801332,49.89942579615497],[-126.7723992012341,49.891431690422266],[-126.76591747964804,49.887402599178046],[-126.76391300375123,49.88435899249471],[-126.75965690169961,49.881560495729794],[-126.75821338743465,49.878150909484745],[-126.75402869287653,49.874777007473796],[-126.74981172294343,49.872949703784684],[-126.74531740016987,49.87290698883535],[-126.74298759972025,49.87092878819006],[-126.73811858865021,49.870616798268735],[-126.73751321339957,49.86924680418658],[-126.7330286876247,49.86815150436449],[-126.72700852606428,49.869500302077824],[-126.72291938763777,49.87240709691369],[-126.7166790943493,49.873075008504124],[-126.71158971041888,49.87299238631481],[-126.71046391087349,49.86881520416115],[-126.7079863862446,49.86472630423941],[-126.70432470562051,49.86330499438514],[-126.69769481132155,49.86311980875445],[-126.69310720126155,49.863595508130665],[-126.68646591331105,49.8625002932223],[-126.683743482641,49.863849000321515],[-126.67871739878659,49.86480041289412],[-126.67540152467502,49.86369090404558],[-126.67529308287469,49.85987550073588],[-126.67268180426966,49.8594709983215],[-126.67041039701124,49.86130539246696],[-126.67023120631028,49.866160489981],[-126.67138320057252,49.87113951317795],[-126.67408749009078,49.87310069300216],[-126.67088907981949,49.8767694024158],[-126.6691636109492,49.880261590749335],[-126.66940901456663,49.88556530131726],[-126.66717268082108,49.886590803111844],[-126.66728852808335,49.88977698625161],[-126.67163925794917,49.88969930375128],[-126.67190846790302,49.910743579843874],[-126.66891570191217,49.91049250623437],[-126.66892763754726,49.915990209528466],[-126.66682514475492,49.9158629760794],[-126.66663072923116,49.926997439424575],[-126.66082439520616,49.92659864936453],[-126.65982117366494,49.94509988643729],[-126.64817643416477,49.94492039849738],[-126.64863779025491,49.93775315537839],[-126.63761186225375,49.937589454103154],[-126.63803512003133,49.93090424936776],[-126.64915188910932,49.9314800717476],[-126.64947526780881,49.925287298525234],[-126.64814144940995,49.925213041285744],[-126.64875771511936,49.91762340417423],[-126.65149404779179,49.917660271870524],[-126.65258668130988,49.91434289920101],[-126.64866119818454,49.91425459108475],[-126.6451819947668,49.91373341813445],[-126.64482211075082,49.917323646369574],[-126.6284229521494,49.917073696372235],[-126.6290813695966,49.910195637694436],[-126.64280920870283,49.91016618760177],[-126.64584098932397,49.902378088527755],[-126.64823651541218,49.90123879573557],[-126.64971850128373,49.8985612911387],[-126.64877960539758,49.89667129612526],[-126.65062070473104,49.88686710589577],[-126.64945601638334,49.88302029518337],[-126.65030698254,49.87895419642341],[-126.65297300501167,49.8750946060326],[-126.65171681836463,49.872605006050534],[-126.65362069868152,49.87094299896287],[-126.65195651536737,49.867634595598446],[-126.65094140413441,49.863331996305895],[-126.65213029300156,49.86062171503136],[-126.65103979170573,49.85726350898179],[-126.65443801813201,49.854939198269754],[-126.65431069007862,49.85267891060342],[-126.65204881291261,49.849663894015656],[-126.65267271664865,49.844234806794695],[-126.65172629693141,49.83278130364221],[-126.65290610552775,49.82851438867483],[-126.65139500730027,49.82698190472245],[-126.65243691561037,49.82387289665355],[-126.65202962259407,49.820194100727335],[-126.65292890603945,49.817414096563084],[-126.65064340440084,49.808650898612846],[-126.64741739778195,49.8055090975145],[-126.64795169501575,49.80368469107832],[-126.64416568726364,49.80006440671441],[-126.64261638950708,49.795310403610905],[-126.64187989460477,49.78758539901155],[-126.64096279084835,49.784175906251406],[-126.63954818878689,49.783255797997164],[-126.63951240742655,49.78026928259541],[-126.64216100643658,49.777255610990416],[-126.64018721003292,49.77524470264841],[-126.63298632050582,49.772515903208124],[-126.63359579282707,49.7694068108302],[-126.629679800719,49.76625931380111],[-126.62721697748475,49.76097409748461],[-126.62806859773052,49.75747339966146],[-126.62609630183502,49.75405098976401],[-126.62652439881805,49.74841108484174],[-126.6250975171597,49.74665370450417],[-126.62448010575842,49.742791199313956],[-126.62266569120037,49.73846299384964],[-126.6233278390595,49.73655279156033],[-126.61964902116465,49.734298599504214],[-126.6192965100667,49.73158409854144],[-126.6137284934791,49.72456130020729],[-126.61310251852073,49.72065330074003],[-126.61022870082212,49.71900118540664],[-126.60457930328327,49.713127806472365],[-126.60175388029992,49.708499096309204],[-126.59517591672247,49.702973195133964],[-126.59177889377987,49.69702000006132],[-126.58573508348009,49.69418579239531],[-126.57959242094023,49.69583930187988],[-126.57483797674888,49.69523539716847],[-126.56957269332835,49.69654709595401],[-126.56511188583298,49.69673229930833],[-126.56453990796676,49.69511008465947],[-126.55892600678861,49.694810992770144],[-126.55498429504183,49.69374710280456],[-126.5505042834887,49.694057592222656],[-126.55043089135125,49.69606288979638],[-126.54311401674438,49.69924460493292],[-126.54180720914341,49.700943708356874],[-126.53429811117475,49.701873702017295],[-126.53186160788152,49.70317969565287],[-126.53029940988057,49.70606938979046],[-126.53707198719016,49.70902038957657],[-126.53936000081374,49.71096720392072],[-126.5418178176774,49.71038049399451],[-126.55029010768247,49.712351601595685],[-126.5549716008979,49.71278309515622],[-126.54778779673143,49.71522141093694],[-126.5460151146738,49.714059205039405],[-126.54115537631544,49.71384839839509],[-126.53559240014135,49.709457612110164],[-126.53136721434167,49.70745089233161],[-126.52636310532161,49.707379700314654],[-126.52009139676208,49.70933228585732],[-126.5209259233173,49.70655360112594],[-126.5147782020155,49.70688969894963],[-126.51257418649675,49.70628449500367],[-126.50958688344461,49.70803620448538],[-126.5085997007305,49.71023810555344],[-126.51074429953101,49.71307219557186],[-126.50298080951895,49.70997309129236],[-126.4991699039368,49.71043890277924],[-126.49577479282905,49.71279450313226],[-126.49539761867398,49.71635790657753],[-126.4912118139132,49.720584891003305],[-126.49466477871523,49.721137497661786],[-126.50007117947933,49.725293393724876],[-126.50546178479973,49.72840530410524],[-126.50730871297337,49.730585700010536],[-126.51245639779935,49.73330450687563],[-126.5156538091129,49.73725960364306],[-126.52166889742149,49.73990719842017],[-126.51952240281538,49.74306470885111],[-126.52264460401287,49.74554139375307],[-126.51976740978418,49.748593387112614],[-126.52099660523982,49.75174090568599],[-126.51902480234578,49.7539028834591],[-126.51347229389307,49.75361229428533],[-126.51133229050517,49.751488901600155],[-126.51461191927517,49.74951630008584],[-126.51605179687604,49.746623798277035],[-126.51542710768412,49.74469400243411],[-126.50948538402578,49.7387293959315],[-126.5044074988332,49.736254110039894],[-126.49931831180125,49.73618860669549],[-126.4944070905648,49.732619506482045],[-126.49046739267897,49.733684812620616],[-126.48818058599379,49.73627120060062],[-126.48298439653716,49.73504348785006],[-126.48525978247326,49.733203402931544],[-126.48379608697651,49.7314444891966],[-126.4882478912955,49.73014710720287],[-126.48883819957993,49.72703799392711],[-126.47980521189164,49.72890089491475],[-126.47546278341956,49.72755639098344],[-126.4688028935679,49.73072098783363],[-126.46961322156707,49.73380729911504],[-126.46805359102441,49.73632810772206],[-126.4614888123181,49.741886804271815],[-126.46172358492285,49.74431230700983],[-126.4562488902163,49.747575102407815],[-126.4562804042444,49.74935678996461],[-126.4616145926012,49.75490699860907],[-126.46114208551103,49.75624569035],[-126.47298300375125,49.76163348444952],[-126.47507068134195,49.763944992900825],[-126.47641999473919,49.76766358937062],[-126.48001858756696,49.77084530452538],[-126.47704909588731,49.77214700418061],[-126.47699890233474,49.77445000182881],[-126.47905879302313,49.77703059098121],[-126.48188771876714,49.7824996027095],[-126.48641940190538,49.78509879571298],[-126.48827339873442,49.7876850907699],[-126.49412040579998,49.79015900847031],[-126.49087120482496,49.7909338020814],[-126.48994880049308,49.79291199789721],[-126.4946234188646,49.79765459451194],[-126.49749197577827,49.79860739385855],[-126.49614341208725,49.80212230918664],[-126.49049208665859,49.801487106892424],[-126.48250651034901,49.797626092902135],[-126.47693909495001,49.792970400251825],[-126.46842012163246,49.79189370495467],[-126.4686415067442,49.790324186037004],[-126.46504659294706,49.788401489741084],[-126.4610848048746,49.78840579218179],[-126.46012270770919,49.78980580961124],[-126.45442901658413,49.78920330749401],[-126.45120098836259,49.78981580667338],[-126.44749061136588,49.79250469773313],[-126.44176431155475,49.792765309504844],[-126.43941541862941,49.7919763002956],[-126.44165418312134,49.78956939992096],[-126.43977898677386,49.78880030767058],[-126.44305888856357,49.786389103335075],[-126.44979710145248,49.7832273930767],[-126.45459078598712,49.78005850575687],[-126.45877998792632,49.77538279317831],[-126.4595476919868,49.77292611284378],[-126.46380698506236,49.76822469478407],[-126.45845350855501,49.765434697666386],[-126.45706931456593,49.763237199525946],[-126.45332110762992,49.761877002237505],[-126.44479727964162,49.763137501159214],[-126.44148149697652,49.765178409022575],[-126.43065909744436,49.765766611423835],[-126.42462310219224,49.766712188572505],[-126.4217014946554,49.768391398034055],[-126.41644447594653,49.769533596791675],[-126.41052170495091,49.772001705022014],[-126.40381029201505,49.77204870860018],[-126.40182859278674,49.769899615991775],[-126.40082448369967,49.76399339398751],[-126.39743081083955,49.761740309418165],[-126.39554209403268,49.76174318738867],[-126.39154188022877,49.755311394051084],[-126.39592428183454,49.75436580185033],[-126.40029960198326,49.75616448635556],[-126.40559869500353,49.756499210519976],[-126.41056770430238,49.75968658313962],[-126.41374609398979,49.76076619791326],[-126.4169708206271,49.759928703927365],[-126.41955458601502,49.75806160094535],[-126.42165068216346,49.754932593634955],[-126.4264124855014,49.75574869126002],[-126.43055411197031,49.75752320581625],[-126.43641418910141,49.75775249563585],[-126.4358336032739,49.755876800810626],[-126.43912850046057,49.75290019678199],[-126.44056569217831,49.7485691887717],[-126.44305661307811,49.74766198840405],[-126.44453938635888,49.7408215030157],[-126.44719490427,49.7407631084657],[-126.44913370258519,49.73764840621777],[-126.45176990658176,49.738210898379464],[-126.45538309109084,49.73655321030945],[-126.45255260262378,49.73176779815572],[-126.45251689584464,49.7287357139415],[-126.45428019781193,49.72845938903079],[-126.4573546992268,49.721942195397304],[-126.46332150474916,49.721408101383695],[-126.4666606906871,49.71907949938148],[-126.46451759071859,49.71789889155736],[-126.46821340682567,49.71378718517104],[-126.46749221256604,49.71032639274327],[-126.46849370891779,49.708936304771015],[-126.46395640244036,49.704697903347444],[-126.46902609155183,49.70400859303623],[-126.47334640124083,49.707881006247575],[-126.47718887966877,49.712183496262845],[-126.47903878471094,49.71234159830224],[-126.48332531315285,49.70968259247367],[-126.48986869261235,49.70251029859943],[-126.48934628608858,49.69971029926057],[-126.49189901016345,49.69781329663457],[-126.49023290816771,49.69436810708878],[-126.48764419757897,49.69213491150499],[-126.49118847995545,49.69141999817486],[-126.49576781089523,49.692149188522016],[-126.49882798530675,49.690074105328165],[-126.49926888935896,49.68638680218909],[-126.4957964915684,49.6848813959164],[-126.48573421456977,49.681577291621906],[-126.48254998678487,49.68229930808257],[-126.47802061282256,49.68085090343157],[-126.4731068059187,49.677784594384256],[-126.4691854245275,49.67667370437331],[-126.46709439207204,49.67286679775562],[-126.46955690642996,49.670321683640054],[-126.4655274954671,49.66784930615156],[-126.46322599538026,49.66489268658383],[-126.45600090083663,49.66154151230435],[-126.45219410523653,49.661465989286604],[-126.44884639310906,49.65789271208145],[-126.44380271090706,49.65391340980604],[-126.44130419160118,49.652940703436556],[-126.42998450580947,49.657952508785044],[-126.42826889616377,49.66000189805285],[-126.42068190589255,49.66090341087697],[-126.4159071026821,49.662586911013136],[-126.40972010577826,49.66322208594981],[-126.40156440072526,49.66256260158867],[-126.39900270367335,49.66333311106411],[-126.3928967945523,49.661665387069796],[-126.38862200182574,49.66254130971617],[-126.38298357777934,49.66458219879626],[-126.3737960786474,49.665057892947424],[-126.37165788398733,49.6635866031915],[-126.37278419257184,49.65991500670443],[-126.37946518510708,49.65834839933313],[-126.37666809980942,49.6541740858012],[-126.37237439376213,49.65207050649472],[-126.36063920693272,49.65102939559791],[-126.3565765105408,49.64958809719538],[-126.35288088965383,49.6464448901469],[-126.34832360307539,49.64463040782514],[-126.33886551352676,49.64758990445566],[-126.32257437760653,49.64807699696206],[-126.31323780717325,49.64754578498842],[-126.31059889569343,49.64817670474111],[-126.29555578186167,49.648834692083696],[-126.29275338521171,49.64991139273572],[-126.28751421854179,49.649212096922255],[-126.28012367552786,49.651270096850645],[-126.26812880292809,49.65070038838528],[-126.26128129723233,49.65175290243221],[-126.25975298295329,49.652822497413844],[-126.25367408005154,49.653712602078095],[-126.24511490767296,49.65610100332188],[-126.23899512217831,49.658680300931856],[-126.23677128796137,49.6588170108015],[-126.23237099945602,49.66357810710823],[-126.22362830184316,49.66668861159278],[-126.21378371606953,49.66723409228887],[-126.20732949595387,49.66980470891188],[-126.19787101374065,49.670133697442175],[-126.19343920582796,49.67202368954419],[-126.1912474140195,49.671295895935515],[-126.18350458600251,49.6707119917117],[-126.18043469600781,49.67443341378102],[-126.17357719599678,49.673860893011906],[-126.17242729204727,49.67504731495254],[-126.16795709927862,49.675424701095146],[-126.16266070197274,49.67708531178974],[-126.15557280537205,49.67620938309213],[-126.14830579583023,49.677657809508325],[-126.13852012468811,49.67682796876184],[-126.13820951284987,49.686283492006645],[-126.12686405038154,49.68607742900041],[-126.12632746668513,49.69418073894991],[-126.11943910256394,49.69418229721437],[-126.11364309404723,49.69911500875468],[-126.11026309185263,49.703339203759654],[-126.10317660632981,49.709040281963006],[-126.08765860394199,49.73225907466889],[-126.05810422887323,49.771071454442215],[-126.05935687949916,49.77183919164943],[-126.05997719530932,49.78231590959309],[-126.06157282561881,49.78380990297562],[-126.05990545913849,49.78534385954781],[-126.05959582962036,49.788519295411696],[-126.05736183994505,49.78835057170177],[-126.05704039181725,49.79370792222854],[-126.04185140232036,49.793463882036214],[-126.04245125985481,49.78324453580249],[-126.0430173877645,49.76725314495918],[-126.05407788841458,49.76707155884896],[-126.05385868423798,49.759880305798724],[-126.04865070988077,49.75620440623894],[-126.04820951221832,49.75380319679461],[-126.05221779996273,49.751941787519826],[-126.05617748795136,49.75145179045767],[-126.06973691808588,49.75311151260403],[-126.07221735853454,49.74705915844919],[-126.08025366070152,49.74005284297502],[-126.08205026539625,49.73490835924492],[-126.10125057373415,49.70868341688365],[-126.10209112512482,49.693191627798036],[-126.10296988222282,49.693289720486554],[-126.10291875654463,49.68380812307366],[-126.09686523395996,49.68359500295672],[-126.09771034620385,49.67141694225142],[-126.09397981158868,49.66362229983733],[-126.08704160426505,49.65982249976784],[-126.084659915194,49.65770179168826],[-126.08748257737061,49.65452439439868],[-126.087773308207,49.65197790888665],[-126.0855470105074,49.65074309213489],[-126.08524949215756,49.64714561132352],[-126.08683999178004,49.645323999604955],[-126.08473957719671,49.64222919335882],[-126.07660280241588,49.63675170241475],[-126.07515718521672,49.634744996903486],[-126.06500378959117,49.63358849550721],[-126.05764469693263,49.62998390851038],[-126.04864582399232,49.621441404707646],[-126.05008320829106,49.619201199301],[-126.04582598791784,49.612651196844595],[-126.04617141499922,49.60879159415436],[-126.0489207828927,49.60958210517332],[-126.04960260609342,49.61157878649069],[-126.05433930724823,49.6117896079266],[-126.05696498302548,49.613240896175775],[-126.0610563952714,49.618635794394514],[-126.06172198803036,49.620478703249304],[-126.06791651917476,49.625682695035074],[-126.0699985937704,49.6281465950659],[-126.07636189564982,49.629422710782826],[-126.09055658996171,49.635521193711256],[-126.09418640328428,49.6403805932439],[-126.09847960777839,49.6471726066626],[-126.0968486044981,49.64917371131423],[-126.09670690723755,49.65297491087682],[-126.0989245115068,49.65714209349122],[-126.10484830167421,49.658442410735006],[-126.1089410884064,49.65717770436589],[-126.11413008957066,49.65708229503326],[-126.12234699668711,49.65899638558938],[-126.12549431361275,49.657787290511955],[-126.13502139838627,49.65648548694982],[-126.13785181310648,49.65668210687414],[-126.14131181073353,49.65840399478726],[-126.14591128190139,49.656521095968586],[-126.14991972234796,49.655773400393905],[-126.15507749663153,49.65310299945939],[-126.15461020027948,49.65067190976962],[-126.15880661515587,49.651881094160515],[-126.16066328478462,49.65022609679294],[-126.16831679680739,49.64989288608561],[-126.17358068741419,49.65279259609065],[-126.1774978969333,49.65598279183562],[-126.18347550575983,49.65708089982571],[-126.18987041931462,49.65696690336412],[-126.20156388922152,49.65412849167043],[-126.20642118983706,49.65349899109557],[-126.21189248871237,49.65425240187791],[-126.21707871604997,49.65225419713429],[-126.22291460193512,49.65197079012647],[-126.22682490333352,49.648259283202144],[-126.22753409301458,49.646252590097106],[-126.23451220484056,49.644151906455015],[-126.23989391748626,49.64429000199866],[-126.24174718913216,49.645090408833994],[-126.24665209160135,49.6438300037685],[-126.25759621505317,49.641885992154585],[-126.2632871830991,49.64168800301721],[-126.2658695929256,49.642801714816876],[-126.27552528800464,49.642823101526794],[-126.27967589482274,49.64068961259773],[-126.28135288886268,49.63840809709081],[-126.29167420571493,49.63839810709547],[-126.29855390970933,49.637254391405236],[-126.30160732339014,49.63789250381974],[-126.30985682353962,49.637985103978686],[-126.32426881998833,49.63763609688868],[-126.32856591148402,49.63681719483976],[-126.33102991032577,49.63761189252999],[-126.33945909767596,49.63750078719151],[-126.34412159043009,49.63579889187049],[-126.34788069251626,49.636469699114855],[-126.34937960552274,49.635380185566284],[-126.35364880729495,49.63587299681237],[-126.35441968131722,49.63467660006735],[-126.34899539859653,49.63302310020988],[-126.35052928656722,49.631079089676895],[-126.35941511605951,49.63144369846751],[-126.36168131654692,49.63230529811563],[-126.36605767542888,49.632054693983],[-126.36813618772288,49.63021319811921],[-126.37472000721732,49.62910230890191],[-126.37828148622867,49.63011060853599],[-126.38172220651282,49.633094302359275],[-126.38808881786983,49.63575619999507],[-126.39202560487922,49.63621478826402],[-126.3959546080417,49.63784978691414],[-126.40215810742616,49.63919419008919],[-126.40356889775994,49.638714306433236],[-126.41137281391066,49.639158592143474],[-126.41882900737512,49.638839602998424],[-126.42177318844922,49.63790670711613],[-126.42789589435858,49.638402386509355],[-126.42965969056571,49.635166587882864],[-126.43299569641795,49.63549271135006],[-126.43810088915232,49.63715330311048],[-126.44126390226322,49.63708919022175],[-126.44459380728955,49.630882489266746],[-126.44809580487173,49.63091530765014],[-126.45279048102216,49.629354394347],[-126.45757119746713,49.63196070418634],[-126.4585838967039,49.6356265904473],[-126.46287408544937,49.64449089697458],[-126.46892821835146,49.64638789933891],[-126.47437070113912,49.645597484087034],[-126.47800459966103,49.64365200490553],[-126.4782313967439,49.63978951164902],[-126.48118710422546,49.63836959395126],[-126.47891729069302,49.63457689560924],[-126.48035260648906,49.63093809332513],[-126.47937140265708,49.629820101540055],[-126.48463551762718,49.627612498673614],[-126.48405819730355,49.62325590214741],[-126.49123139510202,49.6210996039836],[-126.49138789984073,49.6185659919254],[-126.49395439978973,49.61281930395032],[-126.49666650023974,49.61122268614132],[-126.50070488536986,49.60507590525899],[-126.50729899056492,49.604993295044686],[-126.50980121829204,49.60151109834186],[-126.5103885893854,49.5992024034583],[-126.51312179076069,49.598290905173116],[-126.5162525038633,49.59551510449076],[-126.51961350755442,49.59582989228529],[-126.52328780689584,49.59457659032987],[-126.52629760192937,49.590628702015934],[-126.52924728370058,49.59004479605139],[-126.53920580064994,49.59012169378362],[-126.54794892408181,49.58935400402817],[-126.54926551612276,49.58710660077053],[-126.55272008881572,49.58750251128403],[-126.55612958768543,49.58655830433175],[-126.55839051834305,49.582261395608256],[-126.55457199949295,49.57923929289573],[-126.55590640931605,49.577980303657135],[-126.56590799698938,49.5793874092718],[-126.56705910563224,49.577118607020196],[-126.5647893916847,49.57632390577095],[-126.5646410069916,49.57344128424146],[-126.568000790807,49.57208259753185],[-126.5632473102127,49.570309495396494],[-126.56327739261499,49.56832130571084],[-126.56078881876012,49.56551559515722],[-126.56566819240076,49.56143519182752],[-126.56344378950422,49.56025599071343],[-126.56401471160326,49.55658870472856],[-126.56528329950012,49.55499498931019],[-126.56266630739925,49.55032499353655],[-126.56398741545604,49.549075900532515],[-126.56299910403318,49.545042595021826],[-126.5589180839264,49.541483293474165],[-126.55669813363752,49.539777069334825],[-126.50653597223346,49.5403766263744],[-126.50221488526553,49.54708574932127],[-126.48585327799445,49.55867391265678],[-126.47418448953582,49.570316198398885],[-126.45852299439174,49.57714872272339],[-126.44970077211991,49.57712933095544],[-126.44302651350358,49.57626134375715],[-126.43442922042708,49.57806364904614],[-126.42710250361766,49.574906816334874],[-126.42014510104643,49.57478600291263],[-126.41267738157671,49.57200222677144],[-126.40736872878135,49.57154885666396],[-126.40399392094788,49.5700155454764],[-126.40219662345959,49.56595718495967],[-126.3986762544714,49.56162210964949],[-126.39193711842063,49.56173248621177],[-126.38318690129795,49.560725322169816],[-126.38018263256627,49.56222913235683],[-126.37692682604006,49.56925664556147],[-126.37134103832818,49.57114010494969],[-126.36380692198887,49.56933398579436],[-126.36302498456128,49.570599181100164],[-126.3652193504737,49.57612112040451],[-126.3543958830167,49.57815503472609],[-126.35284104528765,49.58227704405781],[-126.3520990395404,49.58990958803729],[-126.35465189546034,49.59529139007579],[-126.34906157565902,49.597173751945654],[-126.34662831830526,49.59876929819392],[-126.33977225387561,49.597170089106406],[-126.33500340548942,49.598091307643564],[-126.33465441628024,49.60588758696512],[-126.33092264870776,49.606081600088075],[-126.32736832538046,49.60461583682348],[-126.32198668153633,49.605139810268824],[-126.31821749483908,49.60423480681594],[-126.31219120595871,49.59770433992053],[-126.31050932949805,49.59376049118198],[-126.3087160415792,49.59208148440273],[-126.30060679641154,49.58938340572889],[-126.29540734758018,49.58506950678235],[-126.28776951920302,49.57996407250918],[-126.2837525709943,49.57852083142594],[-126.28282442534764,49.576187032471594],[-126.28390867602829,49.574179245673875],[-126.28107813271312,49.571636932298546],[-126.27623771387746,49.571947185126284],[-126.2701791976674,49.56908089911509],[-126.2644506110069,49.5729236278911],[-126.26021998399786,49.57362985243594],[-126.25699466832724,49.571717670407665],[-126.25502941888539,49.56852040018045],[-126.25583773191772,49.563291672638925],[-126.25228311852918,49.55770253095599],[-126.24906143520434,49.55499628817724],[-126.243757393912,49.55373958006648],[-126.23461805386422,49.55494011805085],[-126.22121505331819,49.559720821768444],[-126.21531484730478,49.55409591312373],[-126.21076674179386,49.55206615374205],[-126.20682546796618,49.551227242107096],[-126.20059096498277,49.554785405598835],[-126.1974006835597,49.55555851424651],[-126.1917014230685,49.55572472092248],[-126.18679295686267,49.554628328127265],[-126.18440545569463,49.5509628822462],[-126.17982083608176,49.55021705293105],[-126.174482237439,49.5550136084433],[-126.17424964411002,49.56402543249328],[-126.17886221955773,49.567962513166314],[-126.17463054797221,49.56946021016884],[-126.1688572461145,49.569812120989454],[-126.16358478313957,49.572034580524424],[-126.15704043945573,49.572210550889615],[-126.14663655388463,49.578666113894876],[-126.14477778401779,49.577170918519265],[-126.14574187787117,49.572363451687984],[-126.13994103191742,49.57002636529761],[-126.13140965540167,49.56923037491007],[-126.12253283252943,49.56539633229015],[-126.11600734408823,49.56572171136813],[-126.11367458337351,49.567428309069975],[-126.1117724226797,49.57039907391678],[-126.10585932716606,49.56953175787863],[-126.09961584482537,49.571493047866866],[-126.09428426560133,49.5691302852946],[-126.09150507410052,49.56609237440271],[-126.08536337628689,49.561509920526504],[-126.08234347212141,49.5571408012955],[-126.07812213032496,49.555455493012786],[-126.07339245553874,49.55507791583727],[-126.06787299950274,49.55183789783271],[-126.0641484204471,49.55122704441156],[-126.04638023663264,49.55894991728087],[-126.0455116521295,49.565174737244426],[-126.04356918720143,49.567839806645814],[-126.03786761366669,49.56799703062447],[-126.03111449473174,49.5712631031799],[-126.02776599989141,49.57638306722991],[-126.02564849764616,49.576731109421786],[-126.01566130412404,49.57379671192038],[-126.01170715357698,49.57026395845247],[-126.0078661745252,49.571123557897046],[-126.00223683867836,49.5710917881569],[-125.99921802136015,49.572583922380694],[-125.99884122909225,49.58068259105281],[-125.99474350776853,49.582593914076654],[-125.98705326165933,49.577499995813895],[-125.98167085897096,49.5780051912675],[-125.97656700041689,49.58014772292989],[-125.9696933407438,49.58488365174093],[-125.96722053760114,49.58457519045915],[-125.96487616951993,49.58200155311091],[-125.95805479471282,49.583063875278086],[-125.95419599188004,49.581233661610334],[-125.94935314910673,49.57377376509312],[-125.94669063813238,49.570848628523166],[-125.94329996677376,49.56899577833818],[-125.93900281752526,49.56828541909489],[-125.93668536379367,49.56680856660186],[-125.9028768196254,49.55852622343736],[-125.89781235468116,49.55763686701053],[-125.89325548708851,49.55449469898129],[-125.89207279136939,49.55131618525356],[-125.88860721156777,49.54696311431508],[-125.88432968637609,49.544662096906386],[-125.87777912526862,49.54387281011497],[-125.86633450753766,49.54545321267583],[-125.86221333946177,49.545464526610736],[-125.85251484003092,49.544150040581165],[-125.83631690563884,49.5442395610438],[-125.82609723022745,49.54154231255011],[-125.8075057181182,49.5393871481932],[-125.79947708023771,49.53963911422519],[-125.78939599987669,49.5408413442809],[-125.78460620814138,49.539842068746026],[-125.7809927944611,49.53665196653377],[-125.77435141147038,49.52957359098552],[-125.77001879725746,49.5266603203596],[-125.76854059153588,49.52233559299903],[-125.76937352155682,49.51949233236457],[-125.76627245156638,49.51579052645971],[-125.76104123828394,49.51322353060321],[-125.75613022292903,49.51369467330442],[-125.74113128369109,49.522481265016204],[-125.74128087120712,49.52908811749814],[-125.73932415091845,49.53178685678968],[-125.73257523762636,49.53738236370539],[-125.72893492221219,49.541256349319426],[-125.72753538146854,49.54427302154977],[-125.73007281246302,49.54773176930182],[-125.73374930154168,49.55429924489683],[-125.73450056162392,49.559417426979216],[-125.73415805069435,49.56321481666267],[-125.74194855451803,49.5629057032974],[-125.74847634760553,49.57264702621418],[-125.74312774270774,49.578591641371034],[-125.73522469391753,49.57918030712033],[-125.72779944756869,49.580460323094215],[-125.72347707327003,49.59304765571483],[-125.72221406567661,49.60058796381749],[-125.72121611925921,49.6024212725878],[-125.71546453955904,49.605018317982314],[-125.70473649821508,49.60525637911565],[-125.69776091911014,49.60318119424352],[-125.69204280123424,49.60284548517787],[-125.68655397692113,49.60737284663854],[-125.69488012159717,49.61914024999185],[-125.69640797566419,49.62592497119191],[-125.70092494758347,49.63065467859647],[-125.7142712216782,49.63009467604098],[-125.71580579332692,49.62870489105902],[-125.72217529841011,49.62702594634329],[-125.723284834658,49.628966541205145],[-125.73027763532355,49.635677441603605],[-125.7328296553039,49.64382311696994],[-125.73267980610268,49.64674493294606],[-125.73432914242568,49.648617211189666],[-125.75458214422694,49.65610725919099],[-125.76554937440562,49.65357600770625],[-125.77179469709874,49.653275666239985],[-125.78454649310915,49.65510432108988],[-125.7967072941568,49.65842420150894],[-125.80271162211127,49.66284958970016],[-125.8045679999322,49.67044550963443],[-125.80233423329234,49.67657440255436],[-125.80199349127112,49.681559445215406],[-125.80284223805855,49.68820164180692],[-125.80632333147499,49.692359640541746],[-125.81432142104508,49.693935333538946],[-125.81952363369108,49.69996907204791],[-125.83127803664297,49.70607310155468],[-125.83789822986486,49.715833125947135],[-125.83616734135542,49.7196811770575],[-125.83347714344718,49.722835973449456],[-125.83701407130664,49.7263615742459],[-125.84666587330915,49.72690723871036],[-125.84857697375442,49.73297622585311],[-125.85006145709588,49.73558222723303],[-125.85450574356231,49.73982166673279],[-125.86203776109106,49.745212559942864],[-125.86631068029405,49.74272677869161],[-125.8767479052033,49.74233341078507],[-125.8866802852608,49.74586138328715],[-125.89183495630509,49.74970899317635],[-125.89979239630536,49.75955115892268],[-125.90304965661547,49.76558285105801],[-125.90634112362751,49.7666935038376],[-125.912390620812,49.77128704998587],[-125.91450811523998,49.77612018916929],[-125.91475803133456,49.779858683590476],[-125.91404977669532,49.786351248192275],[-125.91436161085362,49.791892743652],[-125.91703672953409,49.79323527331097],[-125.91874554222652,49.79676817132693],[-125.91944908986623,49.800694160489705],[-125.91797851611337,49.80493231174267],[-125.91371005180606,49.80792554241324],[-125.91750376656353,49.81393397775316],[-125.91987258563798,49.81909211393791],[-125.91364886265002,49.820692244033175],[-125.9148569759647,49.83737676785423],[-125.91142857565211,49.8414417008783],[-125.90777100052833,49.841266698399956],[-125.90304198864061,49.84549509904523],[-125.89840824128034,49.85230678566334],[-125.89200022648582,49.85812578059394],[-125.88651219607917,49.86619560685472],[-125.88115963882734,49.8716063655593],[-125.88177726946608,49.87695563037541],[-125.88480393457164,49.88491894810867],[-125.88240672316827,49.89198523710022],[-125.88378568181444,49.898160340550845],[-125.890515690689,49.9045205974788],[-125.89770396666485,49.90512594939282],[-125.90710234118445,49.90154921499496],[-125.91467729331627,49.90163431979271],[-125.9127132357434,49.91923529660507],[-125.91925555634357,49.9249424968676],[-125.91793936231433,49.93098407931674],[-125.91962596227152,49.93997966852071],[-125.92124488490624,49.94382302970912],[-125.92070265746257,49.949210231189895],[-125.91772799412315,49.95196138518394],[-125.9094741784821,49.95496031788067],[-125.90297216606851,49.96674273535067],[-125.90307583552894,49.97313153824708],[-125.89584594176401,49.97395181451431],[-125.89428968215404,49.977048753396744],[-125.89829090687643,49.98167745426007],[-125.90015325506015,49.98578548656499],[-125.89989898839775,49.98909732996288],[-125.90175910406694,49.994099311108435],[-125.90448529927443,49.99644925798126],[-125.90762493906134,49.99774935512541],[-125.90857087574996,49.9995469050788],[-125.77609745535169,49.997090408480716],[-125.70622445047584,49.99965799675661],[-125.68437533753496,49.9994013459969],[-125.63116477542985,49.999484041505184],[-125.63141927921406,49.99056092615709],[-125.63622564416039,49.99042336743198],[-125.63568789386984,49.98327348609988],[-125.62629531264072,49.98291371805998],[-125.62578919688181,49.990054639739945],[-125.60971593349416,49.98994864209252],[-125.60809382209928,49.99321837740633],[-125.59608463615366,49.99324340356915],[-125.59506099557227,49.99994973843906],[-125.58364493298053,49.99979324003162],[-125.57789884575448,50.000206316703135],[-125.57417901848514,50.001232502931245],[-125.56841001918426,50.008830706552565],[-125.56264649184887,50.01258350880341],[-125.56218758139336,50.013941601997765],[-125.5562487058564,50.01793420568159],[-125.53183820822721,50.01373868380921],[-125.51595291428886,50.0174794924679],[-125.50556302018265,50.020641697030705],[-125.49658129702291,50.02386600055204],[-125.48365809023522,50.026482288732204],[-125.4675360885849,50.02462090287884],[-125.457881710033,50.021796899190896],[-125.4508831895213,50.01829721081317],[-125.44732364972265,50.01567924740868],[-125.42217901519139,50.00910684529676],[-125.41814278228401,50.00971510372024],[-125.41076554933116,50.00853301249095],[-125.40958706172943,50.02512292914958],[-125.39229682040775,50.025305905460186],[-125.39140411868767,50.02671423658918],[-125.39736731535767,50.02973636250846],[-125.40112223694267,50.029960905833164],[-125.40610628829953,50.03686508742837],[-125.40342487992629,50.03848316597679],[-125.39682434928454,50.037720153858345],[-125.3915175247343,50.039665741748294],[-125.38710259732593,50.043726807001434],[-125.3760720118436,50.04621864782877],[-125.36386050645645,50.04593597304095],[-125.36391344565924,50.0518049996397],[-125.31500972303799,50.05225047511294],[-125.31449962006617,50.059542307542245],[-125.32059603888467,50.05956737480802],[-125.32071410358118,50.06533726371233],[-125.31996867949796,50.07373821174986],[-125.31349226168265,50.073636598810715],[-125.31362430361806,50.079231942558856],[-125.31452930171237,50.081489566602606],[-125.3142946889641,50.086864040202464],[-125.31516188661394,50.08760976583059],[-125.34487109443778,50.087659819651265],[-125.38649656883948,50.088488522326195],[-125.38618542526784,50.09655387509741],[-125.36286686530723,50.09538603911163],[-125.36148132152636,50.111487376710386],[-125.35636634916841,50.1118123323527],[-125.35781969056627,50.11535869464334],[-125.35994781964042,50.11452410329522],[-125.36646339048526,50.11417520999758],[-125.36884619417006,50.11315539159945],[-125.37338439075297,50.113548504738404],[-125.37750479210646,50.116818502831514],[-125.37960510542086,50.11711759207701],[-125.38593600102433,50.12261928438592],[-125.39034828805056,50.12862661050637],[-125.39206088677321,50.13406989293148],[-125.39338520421877,50.13537310147472],[-125.387059795482,50.13847219152538],[-125.38237970281425,50.13721888983711],[-125.37535541918602,50.13385489525136],[-125.3681271173105,50.12721099776274],[-125.36566881271017,50.12729780069415],[-125.36579960181867,50.13077568805456],[-125.36100991339228,50.12841730101614],[-125.3588092080253,50.13035989881485],[-125.36058361821217,50.13511820708033],[-125.36053790681957,50.13848358446789],[-125.36212529947005,50.14169941203334],[-125.36169339552993,50.14459488749407],[-125.36368041553433,50.14770249845493],[-125.36364531476436,50.15350610061984],[-125.36833648837154,50.15861759110442],[-125.37496030044049,50.16149598415537],[-125.37472199907388,50.16291299372352],[-125.36999098806373,50.16490839874791],[-125.36939349813942,50.166403791460446],[-125.37055430845044,50.171201905995495],[-125.38061340991536,50.17748129494963],[-125.38202189114031,50.18182509394825],[-125.38126829963514,50.18389019009373],[-125.38196790685573,50.19006559000619],[-125.38013309221375,50.19483379987423],[-125.38242199670476,50.19580370309232],[-125.38515988571294,50.198995400406766],[-125.38293391629867,50.204105395728156],[-125.38413340639327,50.20822709283976],[-125.38669551431077,50.21010850795339],[-125.3868814078958,50.21216358280787],[-125.39061780482149,50.2165046031026],[-125.3913749113814,50.219870006760374],[-125.396299796919,50.22190948564164],[-125.3969359005533,50.22423520823048],[-125.39395670852726,50.227201794931936],[-125.39580300645841,50.23186040452532],[-125.3987509925531,50.234146305724444],[-125.40213891291701,50.23851150405408],[-125.40297060221424,50.24083301122745],[-125.39758369000872,50.24469538968964],[-125.39833229730797,50.251803614061224],[-125.40498910803012,50.25863700750531],[-125.41141509467403,50.27001789349604],[-125.41847850793812,50.272047305146536],[-125.42460808329639,50.27443859784519],[-125.42855770460423,50.274553995929345],[-125.4368660035551,50.27673729733505],[-125.437676992221,50.278877910336654],[-125.44110620773218,50.28057840039982],[-125.4333829117592,50.28824199186686],[-125.43838590771456,50.294649591610316],[-125.43886990239422,50.29755490454946],[-125.44156820392081,50.30085339741109],[-125.43706370000558,50.30176628693149],[-125.43525088666789,50.30477280074769],[-125.43941809539483,50.30632238934413],[-125.44074680118541,50.308129711692644],[-125.43920770166586,50.31127441324011],[-125.44153711127755,50.31643278930122],[-125.44604637662614,50.31698539758593],[-125.44441791858057,50.32166109923643],[-125.45150561742001,50.32259109713685],[-125.4540148010011,50.32493110980457],[-125.4449909157555,50.32817120090034],[-125.44327030103788,50.32802728624523],[-125.43873750019085,50.3306322046885],[-125.44652868201531,50.334021795599995],[-125.45057439722814,50.33343219915439],[-125.45507399135168,50.33184421502704],[-125.45856550557991,50.32953981187208],[-125.46197780157226,50.32922508705337],[-125.46517299757565,50.33122609220124],[-125.46733790045063,50.32934470074638],[-125.47144647787651,50.32946439833726],[-125.47369089680909,50.3271856043633],[-125.47720659890636,50.32915238469292],[-125.48086979832892,50.329596799790444],[-125.48585598194369,50.331451100817844],[-125.48709069500761,50.33276419649756],[-125.48646988834402,50.33592599707095],[-125.49152880887965,50.33809360133123],[-125.50047601073328,50.340904987835096],[-125.5085590019934,50.341712602453626],[-125.51597927990737,50.340930695024404],[-125.51820510253144,50.33674490027309],[-125.52379501713692,50.340410799140855],[-125.52456478850628,50.34219249062525],[-125.52811189331847,50.344949791886336],[-125.53345781367278,50.34711739630944],[-125.53960880155469,50.35148118812113],[-125.54512909784188,50.35351070875426],[-125.55652038707443,50.35619250265603],[-125.55975402108659,50.356436005094004],[-125.56490859568753,50.35944401181189],[-125.5679794111054,50.36347729209842],[-125.57334707376297,50.36600389566742],[-125.57970898523774,50.368165796547196],[-125.5873199045541,50.36847348402342],[-125.5936498918816,50.36745940623816],[-125.60189587860533,50.36779689962659],[-125.60505521571194,50.36696090282238],[-125.6141104771092,50.367415294418166],[-125.61475167931992,50.36629439653418],[-125.61966449262877,50.36538289937687],[-125.62862480705341,50.364901486934954],[-125.63593228602836,50.36304440911931],[-125.63815570509149,50.36430759664183],[-125.64172559248547,50.364047013442594],[-125.64825259924905,50.36128971243001],[-125.65328288362284,50.361732701917255],[-125.65616640493161,50.36021019540537],[-125.65733140159205,50.36271961014653],[-125.66139051420136,50.36236640716294],[-125.66420220172218,50.363623986812414],[-125.67241419130079,50.365620793675795],[-125.67905921650615,50.364226497330876],[-125.68620580310649,50.36453840955218],[-125.68907422165648,50.36102770145803],[-125.69231091927855,50.35984560605768],[-125.70011321517852,50.360052100358416],[-125.71172357856176,50.35675929847471],[-125.71289789948258,50.357387390659184],[-125.7222956869558,50.3565114936546],[-125.72335471505168,50.35804250223649],[-125.72868878367223,50.358646393731235],[-125.73366148575865,50.36049930245616],[-125.73796198248924,50.3604607959641],[-125.74358658320126,50.36192919884705],[-125.74500298978897,50.361104604575964],[-125.75192748810461,50.36098640783443],[-125.75709142167752,50.363446001526796],[-125.76659319518909,50.361942003430876],[-125.76959889398692,50.363058599503084],[-125.77288768615531,50.362565801701244],[-125.77573907492729,50.36418939694935],[-125.7817616988344,50.36544838757428],[-125.78462540212277,50.3670620884285],[-125.7902266995724,50.36832108638953],[-125.7950133063568,50.37102280281642],[-125.79484048720497,50.37238430857102],[-125.8015490946912,50.37668541023454],[-125.80786221154571,50.37827770267636],[-125.81283621488708,50.378904391719495],[-125.81385407617447,50.380193295902544],[-125.8198087819694,50.38333220259356],[-125.82687140254802,50.38450999478111],[-125.83185980857324,50.384189593229216],[-125.83566590854193,50.38311720958706],[-125.84254938976328,50.38367690760422],[-125.84518529280749,50.38116600261689],[-125.85410730811851,50.38004798561812],[-125.85851160529049,50.380048010234965],[-125.86354992430799,50.3812372010452],[-125.86729109719244,50.38100079601647],[-125.87399882151597,50.381869602679636],[-125.87819341598455,50.38331370267945],[-125.88575041598865,50.3840343958768],[-125.89557740597266,50.387154782730846],[-125.89830730425265,50.38669049432574],[-125.903102692369,50.387335699264355],[-125.90693861763398,50.38865159545486],[-125.91422548598239,50.387704506695854],[-125.91869019162019,50.388248599096514],[-125.92393169046144,50.38653380264933],[-125.92817739223139,50.38899060412111],[-125.93285748853597,50.38887380179437],[-125.9346557967999,50.38999748874877],[-125.94515590015958,50.390729603122175],[-125.94678128976328,50.38969989622449],[-125.94607499975831,50.387386901521374],[-125.94244709706794,50.38445740724046],[-125.94174588714472,50.37678368945995],[-125.93936779409242,50.37538659881714],[-125.93536871038278,50.37532529703626],[-125.93112588710548,50.37428139856865],[-125.9344785295426,50.372648661726885],[-125.9322512075535,50.3636096963328],[-125.92668970681392,50.35965709433114],[-125.9255012522812,50.357649999896154],[-125.95106303932171,50.35765095387198],[-125.95158482703918,50.36880714971421],[-125.9576490414142,50.36886399774107],[-125.9578893111371,50.372514217252174],[-125.96236336563958,50.3725837585607],[-125.962585436878,50.37841416867115],[-125.96590154123218,50.37826428884185],[-125.96601761852224,50.386093000691694],[-125.96222173841974,50.38623838704232],[-125.96199800406117,50.397672966284894],[-125.96205067241804,50.39816524634491],[-125.9623328479916,50.400028896005765],[-125.96536472532652,50.40158630148908],[-125.96938749887617,50.4021945084256],[-125.97150979830636,50.40349899852936],[-125.97032767685236,50.405552694566815],[-125.97553810657644,50.40557269345738],[-125.97921480077372,50.40900500218028],[-125.98362660551246,50.41043069166692],[-125.99480051793327,50.416826802560976],[-126.00179380052155,50.419708013818415],[-126.0051374830822,50.42007259505538],[-126.0106295021073,50.42229148653304],[-126.01363139779826,50.42493198824301],[-126.0176051751552,50.42534069643307],[-126.02214670244388,50.42880300958448],[-126.02825999699962,50.43035390339188],[-126.03023438837715,50.43006340489031],[-126.03976499502862,50.43105178862923],[-126.04459490311964,50.43352280145799],[-126.04650611659412,50.435622107651604],[-126.05037750887759,50.436351304833714],[-126.05424780213751,50.43887779714758],[-126.07176769269212,50.44303511321226],[-126.0772285018029,50.44471139533756],[-126.08474169624014,50.44877611059854],[-126.08965928781953,50.449421203394465],[-126.09457770717448,50.45125420026747],[-126.1035803983807,50.45310709308653],[-126.10997569783677,50.453806865017725],[-126.1128186873333,50.40614923105194],[-126.111077978326,50.397592790501065],[-126.0904495465375,50.396067880179935],[-126.08117717958348,50.396402485552485],[-126.05601051920587,50.40462226366165],[-126.05398050937744,50.40308528157606],[-126.04691789105532,50.39498717753841],[-126.0377584045143,50.39064332004634],[-126.02974469107589,50.38291266482014],[-126.02586911601226,50.371929773504995],[-126.0208036475052,50.36684111725147],[-126.01458371893432,50.36717867420935],[-126.00918209895168,50.36395482318082],[-126.00063268383687,50.36350752585258],[-125.99403723814126,50.35624903537153],[-125.9923747289525,50.34813765340007],[-125.99486138892095,50.34038787807555],[-125.99985095128443,50.33952890324404],[-126.00863209886505,50.34353491565226],[-126.01896588844698,50.342372509076526],[-126.02798673569053,50.34203906106598],[-126.0389169386901,50.344747834996916],[-126.04714772393316,50.34339987021204],[-126.05484599887204,50.3395863744266],[-126.0553787926638,50.33111549874623],[-126.05169248522513,50.326374507073645],[-126.04212659978839,50.324866164039896],[-126.03721853431921,50.32276893165252],[-126.03706463295052,50.31754899477733],[-126.0423236343866,50.31267295632565],[-126.04016987205875,50.30785844302583],[-126.0300322235314,50.303701925272094],[-126.02177683673655,50.303709290922114],[-126.01259183051003,50.30547726009311],[-126.00931473694696,50.30408420700716],[-126.01070237632443,50.29459815650313],[-125.99993570076046,50.290262046615794],[-125.9957012567474,50.286417863045735],[-125.99540286433475,50.282189611056005],[-125.99957900541482,50.279357349343066],[-126.00342035805126,50.279227729317405],[-126.00903447028533,50.275869671370465],[-126.01029725377903,50.271930532685566],[-126.01394419067381,50.268507070781254],[-126.02096752207255,50.26512851048157],[-126.02770807337862,50.25922315876886],[-126.02723451259524,50.25529544092362],[-126.02359735717552,50.25069674756669],[-126.02452946101859,50.248111126731025],[-126.02951084901166,50.24561309274678],[-126.03347484003316,50.24116570945873],[-126.03362650113382,50.23902910126314],[-126.028627296483,50.230484561953],[-126.04238706487196,50.221234022597024],[-126.04458086648265,50.21275152348255],[-126.03876273967884,50.203097595160976],[-126.04410947807364,50.19462351778056],[-126.04457971359142,50.18055970964035],[-126.07915850321848,50.17851190463005],[-126.09324273856228,50.17809779054228],[-126.09514740111571,50.16931825028237],[-126.10080977560946,50.15950739740808],[-126.11700104219341,50.15798126181264],[-126.12945008094432,50.1419505263079],[-126.14917130758724,50.14422279774982],[-126.16765934925317,50.131315983797734],[-126.16034493060639,50.12143450023283],[-126.22572837843055,50.12317255501993],[-126.21795178356872,50.10999999586432],[-126.24171267402906,50.100319677522464],[-126.23562731537214,50.09426270295531],[-126.22575842633792,50.08053476580158],[-126.23786090803347,50.083264316265016],[-126.24396211822695,50.0769875459333],[-126.2427519787127,50.07463777456932],[-126.25422616676829,50.06899605654185],[-126.2531021783553,50.06493117162928],[-126.24487259010061,50.05793342178007],[-126.24179948227244,50.05992640281297],[-126.235222979444,50.060730504348065],[-126.23407362356544,50.051813295762685],[-126.23812360325837,50.0451515447348],[-126.22669355400708,50.035621711052976],[-126.23777430907043,50.02504691034301],[-126.22647700389709,50.02213985413185],[-126.22629216036135,50.01623011620435],[-126.23835988169076,50.01106258928711],[-126.2437715916973,50.00547792162753],[-126.26314101739037,50.00011460339707],[-126.28183465546022,49.98850392609837],[-126.30675557067987,49.970205134939356],[-126.31160219739098,49.963466374131805],[-126.32350197935838,49.95890632915226],[-126.32602606692781,49.95378312240285],[-126.33426431206745,49.95237670163168],[-126.34479100004765,49.95161639604577],[-126.34843448585974,49.950553850514886],[-126.3524619391287,49.94779637215302],[-126.35662089549031,49.942622930301695],[-126.35594969181679,49.940701069077086],[-126.35176084123678,49.93741913112126],[-126.34969198520547,49.936858467248626],[-126.34347040390963,49.931548237276104],[-126.34213928353039,49.92756426004043],[-126.3426587940765,49.924359617206854],[-126.34875755560878,49.920063812568294],[-126.35610053193619,49.918005025117985],[-126.36188464239393,49.91773561109166],[-126.37229030703159,49.91474751381971],[-126.37439111981251,49.9127878429683],[-126.374312476827,49.90999789368704],[-126.37619786189015,49.90825890502572],[-126.38882947662805,49.906754994558234],[-126.39404168474523,49.90842864074274],[-126.40107828359292,49.90784645013303],[-126.40705301030947,49.90958353200075],[-126.4118294261984,49.909887112826794],[-126.41607213236793,49.91111193686886],[-126.41844627359461,49.914690822825385],[-126.4316682485725,49.917092900858485],[-126.43588691994798,49.914987476280785],[-126.44818056036657,49.91099069380734],[-126.45309209031292,49.90752249963346],[-126.45997661904799,49.90691307097506],[-126.46598813267494,49.90882214809159],[-126.46625271850166,49.91179871175286],[-126.47050597330373,49.91797485201266],[-126.47719928799756,49.91970800203499],[-126.47613800553808,49.921571141269766],[-126.47142116685232,49.92612623338125],[-126.46951983859769,49.92904110437915],[-126.4707026543865,49.93374356724303],[-126.47982715805033,49.94300332761486],[-126.4813283114159,49.94549834403119],[-126.47803435418767,49.94678016334593],[-126.47590492611529,49.949602726510726],[-126.48171775493726,49.95503656006031],[-126.48720624464792,49.95787781732691],[-126.49398552107778,49.96388654215602],[-126.49897304588721,49.96229524820439],[-126.50577899843422,49.96098995488628],[-126.51205382084618,49.96061896916039],[-126.51767646609215,49.967487689885445],[-126.52208013732862,49.97111587018689],[-126.53366837924763,49.971294437106],[-126.53361597928946,49.97258410289629],[-126.54266854340892,49.980243771511134],[-126.55240224448745,49.980694475280934],[-126.55592119494537,49.981584389043846],[-126.56296639047476,49.986809776878154],[-126.56822205570394,49.987744858716816],[-126.57156922055381,49.9902448841583],[-126.5722635820982,49.995460784798155],[-126.56776953632392,49.99921029066404],[-126.557575212648,49.99858749803914],[-126.54878627456692,50.010563696774256],[-126.54721612122928,50.013550196418116],[-126.55165039511756,50.01783048295811],[-126.56236061200028,50.02084658505199],[-126.56303683145715,50.02276957113896],[-126.55954905413171,50.02641936095569],[-126.5587448115167,50.02947015231478],[-126.59090008965022,50.02864166381436],[-126.59930994463978,50.0233761432879],[-126.60787173464108,50.02140705278446],[-126.61331988752755,50.02151223946934],[-126.62023009402503,50.0243685944058],[-126.62791535081206,50.028197386761555],[-126.63470840311226,50.02509879266563],[-126.6411108223728,50.02442166731713],[-126.64727569759772,50.02274649359644],[-126.65903491439464,50.018345515838256],[-126.66599080619059,50.01735950713203],[-126.67204318401402,50.017953231695515],[-126.67475479140965,50.02427874726923],[-126.67853597163321,50.02799440190328],[-126.68330645996957,50.0300457658637],[-126.69320557506472,50.03255048029893],[-126.69349992942118,50.0356755385339],[-126.69006163976098,50.03977132766384],[-126.68913100370926,50.0420554362942],[-126.69146682279168,50.04405839620212],[-126.69711586561495,50.046860251395344],[-126.69893733777607,50.04906523564543],[-126.69469371742697,50.05439185266925],[-126.69788588268686,50.0596639617091],[-126.69542462203002,50.061822377591675],[-126.68822000221729,50.06239173928991],[-126.68292964761642,50.06439038613912],[-126.68095582234449,50.068546083682435],[-126.67767877102163,50.073261097437296],[-126.6743807214795,50.07319727948576],[-126.66874811733763,50.06960159100168],[-126.66267976707344,50.068538202698115],[-126.65485743238438,50.070987091707714],[-126.65159566929168,50.07364136515224],[-126.64701800055819,50.09109493196294],[-126.647056442792,50.093361670550024],[-126.65037374514812,50.094162485904995],[-126.65386582887555,50.09380319197077],[-126.66538544443553,50.09068236089],[-126.66708916196997,50.09202211295232],[-126.66734234110692,50.095848100999476],[-126.66883266968229,50.09681537860001],[-126.67403736739398,50.097061708793525],[-126.67859232829846,50.09856314046032],[-126.679757310784,50.10289856737695],[-126.68303069393643,50.10736498281627],[-126.68793405635617,50.109824466892235],[-126.70296352646726,50.11470722843286],[-126.71414360545268,50.114806296074896],[-126.72302220229744,50.11039125037573],[-126.73442934508024,50.10639680255567],[-126.7471131471855,50.103447513121495],[-126.75641232502613,50.11212221861286],[-126.77343647385096,50.118177887023165],[-126.79100593541327,50.12479455858083],[-126.78646621791351,50.13943028325026],[-126.7825675903086,50.14097320657708],[-126.77883755739873,50.13971620170143],[-126.77244355071504,50.13623648966903],[-126.76952333537005,50.138213224691526],[-126.76644664546512,50.14180433737561],[-126.76556624060629,50.14443650827597],[-126.76646184272124,50.14773940561298],[-126.7716779986791,50.151993778276406],[-126.7813475973313,50.15673855929529],[-126.78940659378527,50.16691212421146],[-126.78846952115771,50.1687447295351],[-126.78516060776815,50.16987104173071],[-126.78142530868065,50.17262660475356],[-126.77991926236781,50.175049264263244],[-126.78117438709954,50.178577224418795],[-126.78814220840941,50.17886219895572],[-126.79618303572498,50.17654239405891],[-126.79978262639203,50.17254697106231],[-126.80469106276898,50.16963003884391],[-126.80873360611629,50.17087529837639],[-126.80789852538746,50.17458825049911],[-126.81387372759379,50.17398359690597],[-126.82080174514593,50.171094848236166],[-126.82193470441251,50.16974318594881],[-126.81616116163386,50.15675203633017],[-126.82008147740254,50.143365021732514],[-126.83962438778394,50.13875926904779],[-126.84295620141722,50.14023633313647],[-126.87190888376735,50.1594984113262],[-126.87831250364474,50.16246594038496],[-126.88500000744979,50.16423310144344],[-126.88720445054845,50.166608678877324],[-126.88597766835969,50.173518042344675],[-126.9002831725275,50.18301669698152],[-126.90366665965313,50.190153980547024],[-126.91818033254337,50.194140796780474],[-126.92764966053771,50.190259256684676],[-126.93184335981483,50.18441046847375],[-126.9406098387791,50.182578794465655],[-126.99052376205601,50.181643132416355],[-126.98903890940537,50.19599781311327],[-126.99247160130957,50.19743257698967],[-126.98958666596029,50.22156158368043],[-126.9884981049191,50.22492353693446],[-126.97294027294237,50.2311137171659],[-126.97201739356377,50.23465243862546],[-126.97280761441031,50.24027074023593],[-126.97657524053119,50.24413917410135],[-126.9869165057781,50.24535436824488],[-126.99881761109724,50.250086333714854],[-126.99842100918521,50.27794815431027],[-126.99975391132472,50.28053153375472],[-127.0063839338301,50.281664920739594],[-127.01063875341116,50.281358825007715],[-127.02130615542015,50.28729841389443],[-127.024547013567,50.288305351619194],[-127.02960958652457,50.29998314696669],[-127.03514168787206,50.30337833500528],[-127.04124485950767,50.304993389613166],[-127.04394016405939,50.30676471378825],[-127.0444581447071,50.31012938782661],[-127.04816439073649,50.313102593666216],[-127.04682367535358,50.323153696927896],[-127.05379096742266,50.32625773571057],[-127.0586086268904,50.326826123165446],[-127.06491092462424,50.32671738354727],[-127.06752243774115,50.329437580320715],[-127.0666813564551,50.332426139597224],[-127.06695502522895,50.33598022359404],[-127.07114540756092,50.33633879318754],[-127.07541091502756,50.33529671992054],[-127.07855983146978,50.33560873108799],[-127.09477100458757,50.34029515746388],[-127.09797435141245,50.33475084894334],[-127.09366699867715,50.33302417348062],[-127.09534610784289,50.33089032041238],[-127.09459212895075,50.32808381087438],[-127.0955990377133,50.3241728748597],[-127.1014561604662,50.3206343731657],[-127.10824294105993,50.322168077694684],[-127.11237259924731,50.324138964124025],[-127.12007001695348,50.31902310216465],[-127.1276525505572,50.31203597060692],[-127.13619370231898,50.30733636177172],[-127.14164766610443,50.30360136822467],[-127.14769383711743,50.29608175494101],[-127.15616220235434,50.29252131262766],[-127.16147741898517,50.287481411394154],[-127.16190815669198,50.28447657435571],[-127.1674981965994,50.272778188059924],[-127.17871935450798,50.26281095072961],[-127.1869523206173,50.265032260213886],[-127.19405938140115,50.27081559439445],[-127.20155737475666,50.275296000128634],[-127.20476387308608,50.273287784693345],[-127.21467810560317,50.271687071907294],[-127.21786197578503,50.27058720738434],[-127.22545510706932,50.26446365355125],[-127.23661592156903,50.26703448782097],[-127.24010797909627,50.26966317971893],[-127.24523720533436,50.277464901890696],[-127.24884692085705,50.28021119367776],[-127.25334383098809,50.28071828935715],[-127.25702800462817,50.28314785005998],[-127.26557909705753,50.28432830802706],[-127.2658340829931,50.28217319726804],[-127.26931942347808,50.278558764791164],[-127.27577861012402,50.277109148173345],[-127.28494303475239,50.27933121912962],[-127.29438581785773,50.28004485552892],[-127.2969230641487,50.27680550095755],[-127.29559692354015,50.27092349088148],[-127.29450047651905,50.260769670790864],[-127.29109781810062,50.24011000155093],[-127.29573259602283,50.234084100417476],[-127.30425962412558,50.23655471271221],[-127.306643968176,50.232260054857925],[-127.31309447742659,50.23080821771205],[-127.32103479671176,50.23043756992116],[-127.33392501519218,50.232004174121485],[-127.34824074577041,50.240831393339874],[-127.36500047824835,50.25036116102476],[-127.37656168424238,50.25189678275429],[-127.37776527405072,50.25757587720253],[-127.38226140033649,50.260497341842346],[-127.39302976526461,50.25696604633373],[-127.40228374952532,50.25320654160794],[-127.41038573295799,50.25047505847292],[-127.41426481811864,50.25505134576912],[-127.42104082709619,50.25879552999929],[-127.42830005107804,50.2594625933139],[-127.4404418477108,50.2578379081021],[-127.44382083447667,50.25973819779543],[-127.45582960278975,50.26110092202901],[-127.4618129636924,50.26358334520849],[-127.46834567844087,50.2671483774014],[-127.48538035639558,50.26844189849767],[-127.48894605409204,50.271570333546066],[-127.50605965436124,50.276581071027756],[-127.51245720519088,50.27791741838708],[-127.52145289898804,50.27722641471049],[-127.52616174357166,50.278916555392435],[-127.52886753248981,50.285324312336336],[-127.5420890468574,50.29206463129692],[-127.55146176876791,50.293831742580245],[-127.5626496376867,50.29225269445879],[-127.56628323107286,50.288167843969134],[-127.57973849351693,50.28370837431279],[-127.58576283616873,50.282579197637084],[-127.58928641922807,50.28409358652039],[-127.59252817471688,50.283762655926225],[-127.59909156802426,50.28110664816416],[-127.5966176670225,50.273923804036166],[-127.59807943165245,50.26711466849305],[-127.60485292678503,50.26208252048519],[-127.61123783565405,50.26080432725227],[-127.61647346429793,50.258356214049016],[-127.6238156940393,50.257015865689795],[-127.62557998463696,50.25466470620561],[-127.63244379652627,50.250246474157834],[-127.63853714547761,50.250227755088005],[-127.63713423818662,50.2462122228216],[-127.6370552681885,50.241988289885434],[-127.63977654095885,50.23957567279335],[-127.64447074134202,50.23865241546394],[-127.6506770985655,50.23874976545504],[-127.66186314050216,50.23976784615093],[-127.66413763208841,50.23327886018496],[-127.68461957995022,50.21579354875822],[-127.6925831335259,50.21353735008479],[-127.69552943205352,50.21135726579503],[-127.69248491679173,50.20309494480398],[-127.70063789008016,50.20206854359395],[-127.70133929684955,50.18933738449955],[-127.7068492689771,50.188730601529656],[-127.71532485840876,50.18855152937712],[-127.73472597135944,50.18964614064702],[-127.74127511163479,50.18337521757678],[-127.7394654198806,50.18050713930752],[-127.7270895573675,50.17570540658757],[-127.73219434008253,50.1664203202046],[-127.73622438929488,50.16379543450987],[-127.74245652132045,50.1628906984684],[-127.74805885551964,50.16289651724721],[-127.75777390460671,50.16449541845506],[-127.76332423533412,50.159283130020896],[-127.76985657478835,50.15661698509639],[-127.76672519817153,50.15395940838634],[-127.76537623582954,50.1515596091389],[-127.76798617361939,50.14852893359701],[-127.77138411554213,50.146814178227295],[-127.77530289386249,50.14717741642256],[-127.77905137605956,50.14891755664702],[-127.7825107974883,50.14881392664295],[-127.78950043952622,50.14661346796945],[-127.79411785709807,50.144071685147516],[-127.7994253106361,50.14222994852455],[-127.80337943408048,50.141595909669334],[-127.82171623292567,50.145226328254154],[-127.82790885913622,50.14531256663339],[-127.84349612648698,50.13723422479109],[-127.85064198532373,50.1438629619163],[-127.86085406616786,50.14223213277298],[-127.88045387802536,50.12617980803149],[-127.89212284176077,50.11971420210344],[-127.89541128814223,50.11540504902969],[-127.90231974193021,50.11575318343528],[-127.90758662140334,50.11910084612452],[-127.90954946094688,50.124435088699215],[-127.91732659485325,50.12866092104597],[-127.91913929645379,50.12843349111919],[-127.91652339998963,50.11960431061982],[-127.9175226121639,50.11749929253462],[-127.9170155022863,50.11452689066156],[-127.91501019318241,50.11285348794566],[-127.9058147879845,50.11195769931748],[-127.89601660593345,50.10859080787792],[-127.89409239667444,50.10715101309157],[-127.8851416897514,50.10414299727783],[-127.8831297045831,50.10167768461876],[-127.88311840433765,50.09915829214714],[-127.88109560117367,50.09771838672603],[-127.87058901915383,50.09563770364863],[-127.8631045975333,50.09221809570794],[-127.8617261089906,50.09442709524141],[-127.85764220975216,50.09443990653075],[-127.85052227448855,50.09104169676644],[-127.84307960708772,50.089016504598185],[-127.83358612009542,50.08847250397832],[-127.82079709357546,50.08492479631274],[-127.81704169570534,50.081307286820504],[-127.81306110348248,50.08003400344646],[-127.80849909695402,50.079726405520034],[-127.79612541711998,50.080417104057716],[-127.79242539556445,50.08252920562582],[-127.79052368089907,50.0847481984474],[-127.78756948332138,50.08440350506298],[-127.78594740331368,50.08722768432726],[-127.7833728226371,50.087803102730504],[-127.77962321626912,50.0918207996907],[-127.77237690933246,50.09691660899468],[-127.76916122138806,50.10074909829146],[-127.76432362363984,50.10396360035584],[-127.75684082332889,50.104548901677795],[-127.75674419612281,50.10664391217191],[-127.75235282201393,50.10825189972075],[-127.7504539817844,50.11081260304708],[-127.74611941340294,50.11136808969109],[-127.74299030334574,50.11492290660984],[-127.73349629380725,50.12277029630542],[-127.73077310179688,50.12362189630473],[-127.72428238322358,50.124153194389486],[-127.71726247587037,50.12404069630195],[-127.71874121810984,50.12571130086018],[-127.71290009217323,50.12760829475318],[-127.71157777981303,50.131469299021646],[-127.70213749624487,50.13181399154462],[-127.69637411302827,50.1312827886252],[-127.69315718967748,50.1322270034914],[-127.68970471011572,50.13108049333072],[-127.68526039028106,50.13089539797855],[-127.68396160736222,50.132850794902],[-127.69003738174224,50.13327099979166],[-127.6905103821885,50.13540729838259],[-127.69672609629112,50.13842800407432],[-127.700734311289,50.13763619897412],[-127.6992106960306,50.14066829021235],[-127.69654301732596,50.14204979540725],[-127.69250418649327,50.140313695848405],[-127.69123561866475,50.14113549966144],[-127.68569278991652,50.14119100148282],[-127.68863337883191,50.146763897582595],[-127.68451789978,50.14826500539549],[-127.6791568049045,50.1467638984997],[-127.67334308367343,50.150529504039135],[-127.66982848523372,50.146981799806895],[-127.66480032284433,50.14612300399335],[-127.66268948294125,50.150048202640285],[-127.65897391999899,50.15028310444399],[-127.66098679272766,50.15538888903615],[-127.65727468610758,50.15447319188055],[-127.65629829906754,50.158284405242604],[-127.66019112421279,50.15881560157998],[-127.661668900569,50.16298850942827],[-127.6550262145037,50.163766103968825],[-127.65376268854712,50.16781658992731],[-127.65081100509204,50.1706962837864],[-127.6585379991859,50.17484220802249],[-127.66553909858052,50.18039089772202],[-127.66713690006888,50.1823976102746],[-127.66554450498083,50.18476178855612],[-127.66555992233955,50.187245703919174],[-127.66089779839561,50.18861290518422],[-127.65858718754933,50.19508019069997],[-127.65366209280805,50.194842415483734],[-127.65260820298649,50.198895713087246],[-127.6504298916232,50.20166720623193],[-127.64485038900048,50.202682711181964],[-127.64256889157178,50.20506539849313],[-127.63915861692807,50.204297696905705],[-127.62997260205431,50.20892069763607],[-127.62809719667317,50.2069197085392],[-127.62978280823283,50.2037920999855],[-127.63203611424207,50.20199190674111],[-127.64037969365016,50.19931159695678],[-127.64817601313,50.1985751977961],[-127.65030719449068,50.19506460129414],[-127.65714498505498,50.189531502552875],[-127.6603852976838,50.18589981240869],[-127.66099129955344,50.18225520031874],[-127.65663908747298,50.18061169843683],[-127.65466819920529,50.175957390916395],[-127.65177147872933,50.171958199611005],[-127.64692988787111,50.170821701383424],[-127.64578570754234,50.16863270778939],[-127.64300031081075,50.168158387458725],[-127.63533739712483,50.16871669977571],[-127.6338402032315,50.1755970120392],[-127.62736287891278,50.17530510166445],[-127.62522879123901,50.177932688837245],[-127.62681999462166,50.17962470083627],[-127.62224031072381,50.187872299967886],[-127.61814100211446,50.19107960420175],[-127.61404210061919,50.18992459525293],[-127.61119448483159,50.1924725031204],[-127.60824999702119,50.192042201574296],[-127.60678079635808,50.1900982988246],[-127.6139777763493,50.18635269644497],[-127.61846539393427,50.17690019953011],[-127.61803401634059,50.1743850039684],[-127.62354319435582,50.17131159654151],[-127.62140997901406,50.16759869576975],[-127.62796640664615,50.163044092724405],[-127.63171091684951,50.162369001859005],[-127.63225389824215,50.16099030887184],[-127.63067677789614,50.15685159298197],[-127.63124430168261,50.15415129785525],[-127.63514509057559,50.15188540573371],[-127.63657408806311,50.14838609355843],[-127.64212149681383,50.148253597176094],[-127.64412449309485,50.14473300275795],[-127.63879269443788,50.14419321507654],[-127.63968758744348,50.140804990757914],[-127.63735427873497,50.139194292591654],[-127.63862399793028,50.13736559517925],[-127.63509661245664,50.13442740392208],[-127.63106128806733,50.132175703617165],[-127.63186349168173,50.12906531255948],[-127.63033581150609,50.12668969800277],[-127.6256309073807,50.123855503331754],[-127.62459698860734,50.119417704356245],[-127.62545218706758,50.11741379559746],[-127.62012880174575,50.11769150578289],[-127.6156369914405,50.11917701180054],[-127.60851669756669,50.11918978994914],[-127.6048582132103,50.12136879355738],[-127.60000070538793,50.12103988565017],[-127.59899399419507,50.11959710361435],[-127.60100390906639,50.11729280146797],[-127.59996298493985,50.116092203969394],[-127.60672890685312,50.114788989744824],[-127.60774389566066,50.11254300196714],[-127.61062490013033,50.110202995135474],[-127.60806859307166,50.10764521179908],[-127.59980768088202,50.10893119554848],[-127.59334418611206,50.112810794232445],[-127.59719518150156,50.115051103796475],[-127.59658731649137,50.11816579579141],[-127.59403439780961,50.11887218759388],[-127.5934166861246,50.12082479605344],[-127.59072981936657,50.12133180209475],[-127.58816520295296,50.120087100265785],[-127.58479761486515,50.12375160507943],[-127.58012549500442,50.125601613108685],[-127.5794588055242,50.12732918419979],[-127.5750378826327,50.128273404556985],[-127.5629325209548,50.12607300362534],[-127.56220108237324,50.12386980527357],[-127.55577361517608,50.12358350789545],[-127.54954619480753,50.1259790150936],[-127.54563420662927,50.12621829322959],[-127.54422841656397,50.127873193944176],[-127.53902659748579,50.12634219547057],[-127.53453368935448,50.13190660976941],[-127.53022879774676,50.13266139584857],[-127.53113081366934,50.135694992529],[-127.53028218904159,50.13958879252959],[-127.52839260842498,50.14056289082066],[-127.52266461357536,50.14068819036377],[-127.5212869816438,50.142676394388985],[-127.51768941592485,50.14312510467966],[-127.509697193597,50.14724958760902],[-127.50677640529695,50.14977608909029],[-127.50519981336018,50.15271430495977],[-127.51055907902496,50.15330530042708],[-127.50381419431214,50.161691093444894],[-127.49851709680493,50.162764889049015],[-127.49457038259784,50.162722200911425],[-127.49396239640372,50.164684794519864],[-127.49538769592606,50.16698769867825],[-127.49396801664247,50.168075803505126],[-127.4887806020832,50.168232498958936],[-127.48676401023926,50.170447086157324],[-127.4837528121908,50.171342894358325],[-127.47868180639,50.16963960038893],[-127.4768388944222,50.17120761450663],[-127.4798362062053,50.17516838191787],[-127.47708820304034,50.177083886976554],[-127.47972098807958,50.179735791327616],[-127.47145431473793,50.18067999190523],[-127.46503970017679,50.178876997233125],[-127.46017180115167,50.179154710056174],[-127.45943730292119,50.18283199612998],[-127.45618791870355,50.18543260362711],[-127.45082180346188,50.18541549434241],[-127.44361927787635,50.18680409455681],[-127.43966939298043,50.18890911173861],[-127.4334764879286,50.18898751001854],[-127.4335818867021,50.18488720890806],[-127.43557840868706,50.18254008612281],[-127.44127219685257,50.183165286820575],[-127.44272522263948,50.181107298583505],[-127.44701189267725,50.17981560370584],[-127.45267809627036,50.17917180403688],[-127.45362970418846,50.17790709074386],[-127.45205849678852,50.17490059037847],[-127.45318510133721,50.171244708009894],[-127.45745632372716,50.164771604543226],[-127.45906442587703,50.16352540284843],[-127.4642124914803,50.16191180839541],[-127.46713188464771,50.158171795143325],[-127.47062032167995,50.155457302274186],[-127.4785233957043,50.15171161000418],[-127.48281629105072,50.152729889499334],[-127.48614611220573,50.15055229276791],[-127.48604960834679,50.14654739407329],[-127.48928239516144,50.14431429364192],[-127.49613729028222,50.144458087982215],[-127.501565909484,50.14270210130375],[-127.5049418766737,50.14080219471706],[-127.50700357939374,50.13799650005162],[-127.51064518424259,50.13514669252386],[-127.51500509537921,50.1339888120168],[-127.51572099483835,50.13256739463818],[-127.50929688763385,50.129939699192974],[-127.5083246092612,50.12697739883247],[-127.51511711511235,50.123160496263814],[-127.51299761506012,50.12071369705096],[-127.50734860190725,50.11971529643635],[-127.50298259419468,50.11707770395782],[-127.50212578615283,50.11535729054226],[-127.49860779646778,50.1147091914677],[-127.49247041929344,50.11817289855686],[-127.48608048735574,50.120284999611975],[-127.48468097611656,50.122992395227854],[-127.4779470933696,50.1248737969229],[-127.47347900048817,50.12727080457834],[-127.46841890217648,50.13106199929589],[-127.45799379253398,50.132786695701576],[-127.44778139462976,50.132316709763955],[-127.4462119946789,50.134104110296946],[-127.4430564962799,50.13472791288975],[-127.43627172261134,50.133359301339944],[-127.43170549515723,50.13479909760417],[-127.42688119339132,50.13728009749729],[-127.42281019593749,50.13851060008492],[-127.41944680185392,50.13564091141404],[-127.41925880069836,50.132849392418386],[-127.42246109851936,50.12910660550406],[-127.42897290057176,50.12897980255376],[-127.43134059356724,50.1262596010415],[-127.43464399128678,50.12454908874094],[-127.4417952774884,50.12489799870338],[-127.44372990296354,50.12349379891585],[-127.44627237402283,50.12487669555448],[-127.45853299126537,50.12388830908675],[-127.45909559028425,50.1224569072169],[-127.46424419827827,50.12203969068457],[-127.47001400706644,50.120047186135565],[-127.47268040526171,50.117150296655],[-127.47763390136276,50.1148772950896],[-127.4794575136734,50.11209439961407],[-127.47797919334656,50.107964200228224],[-127.48156460761635,50.10779610389199],[-127.48179598376394,50.104479192003076],[-127.48396420950777,50.10050558799232],[-127.48210989681368,50.096784087573745],[-127.48476599669425,50.092789197004585],[-127.47650590581185,50.09006469235848],[-127.4746787926364,50.0854887028763],[-127.47155490026572,50.082245798915345],[-127.46598280350516,50.0798872886438],[-127.46290579885851,50.077310896987655],[-127.45742461114448,50.07429730889453],[-127.4566744935721,50.07288310488478],[-127.44764561122807,50.067698891230314],[-127.44250860466096,50.064077184697446],[-127.44497961179964,50.06069330370329],[-127.4440688997168,50.058162391983124],[-127.4412912768965,50.05637929713791],[-127.43879709884982,50.047594788016895],[-127.43654111377528,50.04648530857449],[-127.43608940583357,50.044041390977945],[-127.43201228030475,50.042745399274],[-127.42817911439009,50.040345601440876],[-127.42870199370168,50.03589059602661],[-127.42298309519647,50.03486948675246],[-127.42046891199342,50.03744299213938],[-127.41926771182054,50.04083550610701],[-127.41305940441228,50.03894418584781],[-127.41203218515561,50.0412684919415],[-127.40967951817561,50.04104630074367],[-127.40659167881064,50.03898119675294],[-127.39961089090446,50.038938496020485],[-127.403244202142,50.03633499381039],[-127.3985623020318,50.0318359077302],[-127.39591268706134,50.03128758949877],[-127.39360108553983,50.02862009786006],[-127.39169329059452,50.03011408957611],[-127.39449928719434,50.03224750831573],[-127.3885795095922,50.032642007251745],[-127.38738510847938,50.02992749010743],[-127.38088781652361,50.03077201468887],[-127.38101267133807,50.03251026477133],[-127.37454104861949,50.03283237517901],[-127.37572019462839,50.03093440283019],[-127.37347177990368,50.03093009575247],[-127.36480161170182,50.028838004548966],[-127.36108030468534,50.029037411667666],[-127.36136489329284,50.031380202279166],[-127.35997769113916,50.03515581381484],[-127.35784219433987,50.043752308583116],[-127.35953750809018,50.04565499662034],[-127.35517431156647,50.04621470104254],[-127.34932027517176,50.04586149610975],[-127.34806879434173,50.04081560020769],[-127.35444441162448,50.03446640670508],[-127.35216199967087,50.02933359093775],[-127.35720040887416,50.029008890594135],[-127.35940289994858,50.0270804865267],[-127.35695068556868,50.02446420753815],[-127.35805698381805,50.02270669779436],[-127.35104951188418,50.02105178803911],[-127.34562439751085,50.024167989916535],[-127.34372771573639,50.026119094448255],[-127.33835441255422,50.02606079137718],[-127.3353915964963,50.02815009771456],[-127.32959548329164,50.029802101532574],[-127.32777570760751,50.031187899903756],[-127.32812378828733,50.03321740501178],[-127.32629929754148,50.03666258940323],[-127.32228739155883,50.03758549051988],[-127.32182548255466,50.040025094563994],[-127.31616601006395,50.0444942924575],[-127.31381089378596,50.041537599630395],[-127.31010948243204,50.042742499485975],[-127.30374171243176,50.0435216028484],[-127.3006062047561,50.04452850607462],[-127.30057010296451,50.046731707040564],[-127.2962085123712,50.04876410780751],[-127.28986660282445,50.04919278830416],[-127.28644379043138,50.05038339752356],[-127.28709078222737,50.05381009200124],[-127.28014040850674,50.053572194055704],[-127.27089158660428,50.054371197175875],[-127.26724829672115,50.057806414660526],[-127.2706769179131,50.05960229367348],[-127.27465941752708,50.06422239307467],[-127.2833442944076,50.06557400351749],[-127.28597660673405,50.066647889664914],[-127.28745250991426,50.06911598857237],[-127.28638290626283,50.07329180938152],[-127.28780978696669,50.07676690791049],[-127.28248648440574,50.07590520640245],[-127.27427508726119,50.078058607342804],[-127.26996601853585,50.082429506506365],[-127.27046359808,50.085692401877054],[-127.27610882074046,50.08853799672425],[-127.2794520949869,50.089244396678744],[-127.2788878015216,50.09288750247136],[-127.2835567984958,50.09484579884456],[-127.28413578732909,50.096661703567655],[-127.27855931148835,50.101301687405005],[-127.2755330151056,50.10301079079579],[-127.26655059348674,50.103137498215126],[-127.2628004754384,50.10435949716374],[-127.26513818425143,50.10698430065276],[-127.2697930907232,50.10940118888404],[-127.26923419488683,50.11248751608736],[-127.26571058421156,50.11396440495453],[-127.26710730941083,50.11676440439543],[-127.26507511280502,50.118398001826094],[-127.27028222167837,50.12065249745505],[-127.27400019402319,50.123055101467216],[-127.27282391079831,50.125816703321775],[-127.27584201300482,50.1259249004382],[-127.28038130736654,50.12851980642062],[-127.28532951589854,50.12744170621268],[-127.29053949386417,50.12889440979558],[-127.29123568761182,50.131747093162865],[-127.2867583084114,50.131690092050896],[-127.28718241356785,50.13398019984663],[-127.2910347852468,50.135377400274756],[-127.29444500681946,50.135112506444806],[-127.2996171939732,50.1360610091643],[-127.30159058811284,50.13331939470548],[-127.29631371767195,50.12979730499925],[-127.29559749135976,50.12714258859616],[-127.29112959380761,50.12137450341718],[-127.28846569421309,50.119923310440946],[-127.28229627927169,50.11954439941592],[-127.27627071799353,50.115560895314964],[-127.274212389062,50.11209439829246],[-127.27740189817617,50.11246470171442],[-127.28021460516403,50.11633848845848],[-127.2894970865115,50.11845489054072],[-127.29590349936235,50.1192595919418],[-127.29689540221193,50.120893209192154],[-127.30640701906967,50.12688769626764],[-127.31068301472494,50.12744449345715],[-127.30740131207253,50.12960080256247],[-127.30652149535902,50.13153910130222],[-127.30918667727681,50.13893499717355],[-127.30651460703324,50.141685186708315],[-127.30272171111838,50.14244858981736],[-127.2975186022709,50.14236310389175],[-127.29823950785706,50.14413631086542],[-127.30645759714095,50.14723389296591],[-127.30623989006139,50.15062209488798],[-127.30412589179424,50.15225430748702],[-127.30575621309067,50.153627190204034],[-127.309052803954,50.153810907863246],[-127.31079028681324,50.16096899412679],[-127.31011609801897,50.162991412031495],[-127.31072378944756,50.16680539274265],[-127.30874659115608,50.170041209547314],[-127.31227832042849,50.17353760522483],[-127.31267969807712,50.17566541383797],[-127.31128941507308,50.17936980363931],[-127.30943801030325,50.181420592555924],[-127.31072139559001,50.182716708144234],[-127.31005220582138,50.18822838478246],[-127.31080860375046,50.190992684814844],[-127.3100566011213,50.194822387247456],[-127.30509910343683,50.1943723884553],[-127.30557549802177,50.190421604283856],[-127.2995072993641,50.18654640711892],[-127.30182139203977,50.178575087237896],[-127.30367899047593,50.17631770012951],[-127.30102770159915,50.17248228440354],[-127.30183789742809,50.170579610923916],[-127.30001490151707,50.16866401286884],[-127.30209079109996,50.166993407572654],[-127.30244998836984,50.16317648946485],[-127.30707139627187,50.16041070654218],[-127.3019793974392,50.15826728492169],[-127.29962070249887,50.15652399500794],[-127.29565039660328,50.15557550391685],[-127.29465921117026,50.15429230619076],[-127.29059972205005,50.15350470348413],[-127.28954030078152,50.15099671162916],[-127.28495129696886,50.14859121521712],[-127.28115401162397,50.14555759676038],[-127.27411230188888,50.14407641110591],[-127.27044821444623,50.144355607579975],[-127.26703459608676,50.141984315165445],[-127.26350651646104,50.14201130282145],[-127.26503850159038,50.13719610651864],[-127.25805170248613,50.133448996305525],[-127.25072149192606,50.13146790381335],[-127.2510149917693,50.1280541015547],[-127.25002051272898,50.12536799976758],[-127.24458182339384,50.12450210051758],[-127.23950380242603,50.122941204623594],[-127.23027918528152,50.11857449684463],[-127.22990661640914,50.11573469804085],[-127.2262107063842,50.11320528424329],[-127.22708361093126,50.11154609808155],[-127.22202269081383,50.10879588907451],[-127.22292139614827,50.106831886730916],[-127.22905899392892,50.106125507501304],[-127.229177786152,50.10098130112931],[-127.22560999406075,50.09838208918092],[-127.2170673938193,50.09424759191431],[-127.21350139794573,50.09386021029609],[-127.20570159302154,50.091977389703814],[-127.20428358724341,50.09286330121416],[-127.19983211176512,50.09188629969925],[-127.18860280833405,50.09414080269706],[-127.18677590222853,50.09549669760284],[-127.17808339936836,50.09538840927541],[-127.16910920090133,50.096433787050536],[-127.17381708853497,50.099152598370885],[-127.1741916016865,50.10105679513188],[-127.16591380352365,50.10176179440063],[-127.1628300054816,50.1030450009222],[-127.15541990582656,50.10117360942228],[-127.14927829074934,50.10199249475452],[-127.15417867716442,50.104382296472664],[-127.1514996136221,50.10638189502027],[-127.13977018591308,50.104826706452435],[-127.1321311103949,50.10524400769103],[-127.12801788625708,50.106733701250675],[-127.12691300273389,50.10820059800769],[-127.11956590776353,50.111867901650896],[-127.11451830065761,50.11359408841814],[-127.10591310270452,50.1196967937813],[-127.10101921969851,50.123889695222424],[-127.09900142454622,50.12747160229362],[-127.10343271798837,50.13396739746065],[-127.10271551716613,50.135465705709436],[-127.10533429587174,50.13826140813556],[-127.10461679814581,50.14222501302557],[-127.10235909539001,50.14483270585365],[-127.09747758780188,50.14720831082353],[-127.09310479376484,50.146309610902],[-127.0904267909217,50.1425241002927],[-127.08890869607451,50.137083605793144],[-127.0891799027483,50.1330757870579],[-127.08600120517002,50.13068599930292],[-127.08670891553784,50.12626239586565],[-127.08601808057054,50.122526701046816],[-127.0917194132364,50.11918550771905],[-127.09049629962445,50.1168983130667],[-127.08517180460623,50.11325801059287],[-127.08502699657684,50.11128539536884],[-127.0879468955838,50.108176390976595],[-127.09067928153338,50.10668379194089],[-127.09166159328186,50.10306629226283],[-127.09477029165178,50.10262200596155],[-127.10299110669466,50.103026507503785],[-127.10746650706567,50.101246194001455],[-127.1102022874648,50.10134589186028],[-127.11602120953708,50.09917250328158],[-127.12179609966933,50.0977383892709],[-127.1232711141016,50.09257990173677],[-127.12711589692618,50.094028290523035],[-127.13195208596134,50.09439430539175],[-127.13339499204957,50.08930851208639],[-127.13794279215168,50.08884129236003],[-127.14155051861718,50.08482509867566],[-127.14845310099523,50.08202928838579],[-127.14844749736962,50.08106661160236],[-127.15452900125945,50.07922079541735],[-127.1507950224433,50.077101604675775],[-127.15070110341368,50.075903807240486],[-127.14564051287908,50.07410500053857],[-127.14744169899171,50.07233469775309],[-127.14432667613943,50.06869589490851],[-127.13466998348537,50.06944069101544],[-127.12710530713792,50.06776301041986],[-127.12210921912859,50.067952497808946],[-127.11737910156852,50.066697711954575],[-127.11245527569902,50.06645559622745],[-127.10607289123362,50.06527209048522],[-127.10112238566433,50.06362570620594],[-127.0980541895395,50.06344910733028],[-127.09623249344129,50.060065188968004],[-127.09853959245086,50.05895150996362],[-127.10563739697977,50.05929181500018],[-127.10620680729532,50.060802895935794],[-127.11295410242239,50.06193939274659],[-127.11803777842754,50.060221794385164],[-127.12779941522437,50.06249490191199],[-127.12960528729357,50.063467607262254],[-127.13706559348881,50.0635075097036],[-127.14223751060929,50.06276259172454],[-127.14914950294357,50.06323259137501],[-127.1528591958162,50.0623112063463],[-127.15837739059995,50.06198501047673],[-127.16719800856136,50.06005659235715],[-127.17452839139814,50.05943429221473],[-127.1747578200266,50.061839702043294],[-127.17047889652224,50.06231118698181],[-127.16689842170798,50.06420680553497],[-127.16235259127231,50.06435919113808],[-127.15488871706266,50.067659096221576],[-127.15070800837127,50.06881549231074],[-127.15476050808034,50.072505588261826],[-127.15970929491827,50.072781911324576],[-127.16186950665383,50.07477728822093],[-127.16557828812888,50.07577990355207],[-127.16860080612271,50.07529708464466],[-127.16925262274756,50.07362510181353],[-127.17431541277362,50.07349829041479],[-127.1775046211947,50.07124519927181],[-127.17791087843425,50.069012098202016],[-127.18088160791305,50.068429607667746],[-127.18502448721833,50.06491460431209],[-127.1817627127985,50.06137399526967],[-127.17796280668531,50.060585007598554],[-127.17518778646998,50.05753719081315],[-127.17391948304108,50.05341560366493],[-127.17600369792308,50.04928389453559],[-127.17292038394648,50.04772439101324],[-127.17114300666837,50.04556530980562],[-127.17086108722503,50.04198909284815],[-127.17181698079476,50.03886580354768],[-127.17443861238957,50.036747990794176],[-127.17418528054966,50.03386539770168],[-127.17872200269444,50.03536651302708],[-127.18214028163892,50.03398079677199],[-127.18719808918931,50.02871689390343],[-127.18753209540854,50.026888203956645],[-127.19220466460497,50.024959983571705],[-127.21487969388609,50.03305080827666],[-127.21501530824196,50.03542781062466],[-127.21178039108898,50.036797888873444],[-127.20879958296646,50.03623099578709],[-127.20062759890632,50.04077280561696],[-127.18948019531135,50.03932160577314],[-127.1869395836721,50.03968759262486],[-127.18542910530951,50.04161600736514],[-127.19210409900265,50.04163021288637],[-127.18989109106442,50.044393189335544],[-127.1975331958673,50.046580814647726],[-127.19922651467648,50.047992190958276],[-127.20013120099574,50.05142310544941],[-127.20650751185816,50.0527817928731],[-127.20534179643185,50.05479701091473],[-127.20011900572158,50.053609200067804],[-127.19836291069194,50.05087480679997],[-127.19034061258694,50.05097449282034],[-127.1897694858361,50.0527917030709],[-127.19109248813736,50.05549350065],[-127.19416719065791,50.0588147101808],[-127.19944011324064,50.060938203993665],[-127.20218020749735,50.061277194248525],[-127.2066240082685,50.0593587900464],[-127.20842200140468,50.05684080764073],[-127.21241911376187,50.05417750758689],[-127.22271951362941,50.05482980739076],[-127.22653719237543,50.052451406439395],[-127.23250201398184,50.05211100029923],[-127.23513231626707,50.05007289828135],[-127.23732000125808,50.04600399664638],[-127.24092328821872,50.042622905813296],[-127.24116251588377,50.040628996757434],[-127.26528099793529,50.038263260743506],[-127.26654111978522,50.039032506284954],[-127.27363041625614,50.039587902009245],[-127.28133148732562,50.0366711087874],[-127.28232611205898,50.03857529394566],[-127.28642049688781,50.03967048702168],[-127.29099062307881,50.03957510432677],[-127.29658760924724,50.03808389426486],[-127.30017521253268,50.033755797407466],[-127.30977270795721,50.03127910284716],[-127.31444707564458,50.02738949521599],[-127.31179771441252,50.02530019951189],[-127.31527407532106,50.02128399566478],[-127.31570522015454,50.01774619619847],[-127.31293628793085,50.01508010044818],[-127.31606228349041,50.011113692106434],[-127.32161049474166,50.00890899022506],[-127.32243079026928,50.005045094157126],[-127.31719987940959,50.0013164964117],[-127.31788648930865,49.99967159131133],[-127.31584118643136,49.997501100064646],[-127.31309620025723,49.99699410383678],[-127.307818913335,49.99270718965582],[-127.31067910867658,49.99190389489971],[-127.307999322972,49.989571099437406],[-127.3048778944966,49.98901279890857],[-127.30617509367656,49.9866841958095],[-127.30186918768916,49.98691780053707],[-127.303633891237,49.9898944020864],[-127.30214990863419,49.99559270774533],[-127.29916870265718,49.994272399487784],[-127.29469880593278,49.995178209213584],[-127.29414332264436,49.99274140058092],[-127.29069270368531,49.991727307500945],[-127.29011111027097,49.988445994749284],[-127.28565729350107,49.98457500303981],[-127.28500219174684,49.9802482002001],[-127.28774650608153,49.97763479010302],[-127.28481451388413,49.9733736028914],[-127.28122918544692,49.97265429133766],[-127.27767110971901,49.97310578722575],[-127.27717261013622,49.9745642060595],[-127.27100409515178,49.97737698811034],[-127.2687298859681,49.98088769485729],[-127.26437268589368,49.98258530197129],[-127.26394398250572,49.985952195081595],[-127.26155249022327,49.98805719732804],[-127.25682270191598,49.98804859178275],[-127.25589581178208,49.990562292233015],[-127.25689738279509,49.9941128943475],[-127.2542933023359,49.99669930044007],[-127.25036609449239,49.99840400039828],[-127.2528562996218,50.0008792853608],[-127.24512811375384,50.00388299508261],[-127.2422216139983,50.00590820638407],[-127.23856961017943,50.003505602827914],[-127.23369599312197,50.006606112563475],[-127.23227648536833,50.00991309806867],[-127.23349125360782,50.01059758401011],[-127.21332197932558,50.01189962605464],[-127.21180440080501,50.01098410324486],[-127.21083930716243,50.00762289693976],[-127.20575647397749,50.00583559564848],[-127.19900138567102,50.00919380769542],[-127.19424830713403,50.00828380505745],[-127.1840691065665,50.01059809051703],[-127.18847680806545,50.012583505235895],[-127.19495940487752,50.01276429385027],[-127.19769802970117,50.01580337520323],[-127.18930557427281,50.01930917877898],[-127.18443810607981,50.01604570892214],[-127.17993348148721,50.01814210274061],[-127.17847399226478,50.01722069691681],[-127.17483009632322,50.02057179241345],[-127.18265490379714,50.02367238533128],[-127.1787900011742,50.024717711145485],[-127.1763354129975,50.02280929690145],[-127.1709428013269,50.02364101323579],[-127.1628123169259,50.023791994438255],[-127.15160559983784,50.02730979999911],[-127.14531841473037,50.02778549451723],[-127.13795070933287,50.02765869425819],[-127.13517620492448,50.02679558446115],[-127.12892339192958,50.02712609421119],[-127.1262596068404,50.02595960313153],[-127.11649839934981,50.02634991065498],[-127.10751000966746,50.02804749962356],[-127.10228018700721,50.02789089445318],[-127.09469971976137,50.029601301671676],[-127.09209991057413,50.031113887100084],[-127.08638888461472,50.03216209038157],[-127.0834377797198,50.03123209417878],[-127.08056098693974,50.02880090880963],[-127.08014839214044,50.02650081011434],[-127.07723549663483,50.02461799996246],[-127.08025221547234,50.02286909119166],[-127.08433579163166,50.02442860432099],[-127.0871902878791,50.02392729647525],[-127.08947140103832,50.025189105363374],[-127.09600630502747,50.02481029098787],[-127.09896280891428,50.023482886949445],[-127.10113299823371,50.02088228588127],[-127.10900201504145,50.01921169299198],[-127.11205918812233,50.017796095020174],[-127.11615089297214,50.018123602468044],[-127.1249756200729,50.02057759783949],[-127.13769600871824,50.021943385136424],[-127.14138991598679,50.023576902612035],[-127.14594089876374,50.02357688792617],[-127.15136841933817,50.02182939716534],[-127.15439130340948,50.018720409999105],[-127.15860361686113,50.01666380309297],[-127.15675090538082,50.01397210703566],[-127.15292229408448,50.01264330839025],[-127.15278837977094,50.01028339725526],[-127.15498491698627,50.00836780521693],[-127.1515494947058,50.006207290993544],[-127.15102188604163,50.00434579464442],[-127.15427907671017,50.00235619422565],[-127.1512583805075,49.999627398141776],[-127.14668460269945,49.999158894796956],[-127.135155181413,49.9996031953322],[-127.12841531054966,49.999261390569856],[-127.12265668896254,49.997701894767],[-127.12566028932577,49.995826190787064],[-127.14410857953688,49.99754380085695],[-127.14581179456002,49.996833094376115],[-127.14980301575007,49.998264506370276],[-127.15189338168784,49.99721770421719],[-127.15622510356874,49.9985464961742],[-127.16415130091198,49.99890539506407],[-127.16837328544545,50.000879307305695],[-127.17168259296578,50.001228188882],[-127.17342811004004,50.00264108866024],[-127.18705760519757,50.00094769035659],[-127.18920708115311,49.997951094209206],[-127.19631491262096,49.996343198748235],[-127.20399471455816,49.99319709978097],[-127.20372900943568,49.991727290762235],[-127.2095328879761,49.992465106618944],[-127.21067709161741,49.99058370976452],[-127.21907599167729,49.98451660900258],[-127.22240439449897,49.98129359053155],[-127.22351850675011,49.9782885069095],[-127.22702649610069,49.97886390262119],[-127.2314586053512,49.977807105908305],[-127.23550839983554,49.974260796746556],[-127.23493729555638,49.97120310174482],[-127.23945328179877,49.97126289835391],[-127.24136437917751,49.96856679567283],[-127.24605399215044,49.96696460050432],[-127.24765729970962,49.96807690559446],[-127.25278939107925,49.96808259369271],[-127.2552319051722,49.965708489524545],[-127.25233779512622,49.9628230048622],[-127.24542681791439,49.964265697782466],[-127.2405112184106,49.96370600097577],[-127.2357639148785,49.96191579927599],[-127.23234439676726,49.959776603222615],[-127.23067279503441,49.95628730731074],[-127.23136928990168,49.95476061039319],[-127.22734121495239,49.952486103978735],[-127.22598600463274,49.95370660682877],[-127.22092789186519,49.948304596035214],[-127.22563958990769,49.94567840005739],[-127.22582870917819,49.94392660229842],[-127.22220579889134,49.940471503531256],[-127.22162600996617,49.93842919197771],[-127.22332980938927,49.93610768506315],[-127.22149558664546,49.93404690757471],[-127.21682840738376,49.931349389011515],[-127.21765130499885,49.92796981049956],[-127.21661200442912,49.925517310686935],[-127.21359258733594,49.92431949583254],[-127.20475292360146,49.92520820402433],[-127.19902479239758,49.920028409530794],[-127.20148489813815,49.91382310265914],[-127.19783629791652,49.912300587056926],[-127.1964413935962,49.91008451504951],[-127.19316968635796,49.90897220017152],[-127.19168149224018,49.90553130930951],[-127.19396450095601,49.90335368595689],[-127.18958521130709,49.90201640316256],[-127.18833820380722,49.90074739254268],[-127.18455809700782,49.900858497002716],[-127.18203381254284,49.89877770561111],[-127.1822272064204,49.89584808974041],[-127.17732958877654,49.890958806732826],[-127.17493591057789,49.88574049597414],[-127.17737240592533,49.88128130885111],[-127.17707939543997,49.880206106381245],[-127.17099829709623,49.87829328671953],[-127.16841909420114,49.875086003466095],[-127.16966679351539,49.87300950447015],[-127.16837388177447,49.87078629942154],[-127.15817519998477,49.86631568833702],[-127.15336680662251,49.8603027026352],[-127.15072910309502,49.85908218935347],[-127.14082379408245,49.857546893343695],[-127.13662977685476,49.857731997798574],[-127.13488839528677,49.859979393545544],[-127.1319735071935,49.86120990359159],[-127.1279488110627,49.861288295650986],[-127.1240866790952,49.859319996132484],[-127.12186568825479,49.85457030502292],[-127.12008939984418,49.85552171388743],[-127.12145860008438,49.85785590665841],[-127.11946798618973,49.86038679128262],[-127.11430861056161,49.86353279254196],[-127.10523399089858,49.866092092452504],[-127.10207229651688,49.865464090325574],[-127.09450940475533,49.866330006795465],[-127.08935289829068,49.86295319106517],[-127.08863410927201,49.860764190957454],[-127.08526150771286,49.86019589121045],[-127.08125781272011,49.86251309653359],[-127.07709859083099,49.86322660362497],[-127.06586398834158,49.85809230642039],[-127.06171391430455,49.85680060433902],[-127.05895190895633,49.856970101443316],[-127.0501632948709,49.85476258977038],[-127.0450920060574,49.853920795531934],[-127.04345980805421,49.85232858610417],[-127.03610089123976,49.853688690232026],[-127.03097970066082,49.852332811742336],[-127.02399760100141,49.85467849663927],[-127.01996389732597,49.85262200757477],[-127.01933549114855,49.8506053029451],[-127.01427550469725,49.84984480476214],[-127.00957430603184,49.85119350716898],[-127.0016794913942,49.852335708527235],[-126.99813430737159,49.85197679623376],[-126.99564460076893,49.855648388887495],[-127.00232038867615,49.86313120142826],[-126.99974719450454,49.86343739407072],[-126.99676339716292,49.861929193629955],[-126.99576911222847,49.86003209877595],[-126.99271941037667,49.860113307126475],[-126.99149420507416,49.86382620036927],[-127.00123471944593,49.870209495806556],[-127.00431819565965,49.87137880006793],[-127.00806900411585,49.87020098890634],[-127.01043779620483,49.87317471266166],[-127.0144465955034,49.87586929784639],[-127.01478910771273,49.87736899862631],[-127.02014041167314,49.880942395044386],[-127.02034961869035,49.88299609693337],[-127.0236065086432,49.886056688084274],[-127.02319509661675,49.88899908626198],[-127.02482130993529,49.89316488940238],[-127.02327050508016,49.89497368233419],[-127.02878309574768,49.899133790069854],[-127.03026379465328,49.90377240614629],[-127.03277898443795,49.90768330158541],[-127.03465670077341,49.909136004905584],[-127.03743431538058,49.91721700636005],[-127.04156229321266,49.92191831188621],[-127.04261760912752,49.928529491231444],[-127.04787691497884,49.93219819348035],[-127.04778918739613,49.93608350417972],[-127.05075420536055,49.93792209764787],[-127.05147989501629,49.943034994562616],[-127.04371739819193,49.94233718759222],[-127.04014318607834,49.93458660191954],[-127.03535960708797,49.92747128912896],[-127.03426312547629,49.92395350287863],[-127.03159000273432,49.924222711934384],[-127.02951280567565,49.92220029503602],[-127.02558508771446,49.92049549082264],[-127.02345668771079,49.914307305361525],[-127.02043302517377,49.910558802745655],[-127.0168641960814,49.90995779336196],[-127.01628891072946,49.90766338734796],[-127.01831060677118,49.906617997192804],[-127.01781160138268,49.90108638894285],[-127.01563987440927,49.898396094226065],[-127.01429048605102,49.89464039268364],[-127.01379380696713,49.88905468587095],[-127.01026809934567,49.88677309814174],[-127.00564727928263,49.881341100831335],[-127.00297400943802,49.881717093511575],[-126.99988099112302,49.87973889605747],[-126.99917091677037,49.878045507009546],[-126.9959867086959,49.876308002667585],[-126.99289580265878,49.87663271058239],[-126.99034149294914,49.87415890387741],[-126.98596959340169,49.87653021650985],[-126.98734269810149,49.87997249203083],[-126.98434868882362,49.883023105026965],[-126.98083240702339,49.884193805511536],[-126.98037842292808,49.877396780889754],[-126.97435350334327,49.876958927304024],[-126.97374563933258,49.87117319961801],[-126.96890580585323,49.8731562064249],[-126.96341499036916,49.87234869718366],[-126.96438300771815,49.8705313991318],[-126.9689669969486,49.87106969862198],[-126.97339168686575,49.87076069282606],[-126.97610331753515,49.86945040428344],[-126.97956159736566,49.86629009014672],[-126.97901361856442,49.86144919505474],[-126.97027971001914,49.860658798296704],[-126.9672837221685,49.85911349943483],[-126.96591098125873,49.856974294635336],[-126.96203779422082,49.85612409595408],[-126.95667242335962,49.85601160352235],[-126.94894050844535,49.86019308935953],[-126.94511101166665,49.85959490094148],[-126.94124011203988,49.861288290101626],[-126.939890289054,49.864250598202474],[-126.93715080359003,49.865812991059315],[-126.93585240598696,49.868541797207435],[-126.9311385002663,49.871390198573486],[-126.93246301229168,49.873258793252035],[-126.9396648797639,49.87412469995114],[-126.93898489114126,49.87670249750573],[-126.94100849934485,49.88048089186018],[-126.93839861721423,49.88095520161775],[-126.9368168121424,49.88475920243076],[-126.93747188545382,49.88737119170589],[-126.93623609387585,49.89151431198819],[-126.93769070056477,49.893644898841785],[-126.93677518218207,49.89784630383854],[-126.94178690032557,49.90079578650733],[-126.93927220433979,49.905257884143474],[-126.94048278296886,49.90852790062536],[-126.94013670079715,49.91306398740899],[-126.93749389484033,49.91363790877102],[-126.93665519974915,49.915637504853756],[-126.9392537078119,49.919730709120934],[-126.94247499309813,49.92260329718388],[-126.94092670132598,49.92558988831017],[-126.94223598880276,49.92725051009002],[-126.93818559210246,49.93267391230734],[-126.9358645021238,49.9334970956051],[-126.93715600923693,49.93755899979293],[-126.93857228502061,49.946822007564116],[-126.93726842197943,49.94927170039714],[-126.94231551619414,49.95413819662839],[-126.94256751015642,49.959332294920245],[-126.94343210157534,49.962630712566984],[-126.9420562920971,49.96352369997639],[-126.94520871482933,49.96642340448717],[-126.94578140823704,49.969338801325364],[-126.94458858420076,49.97113469971004],[-126.9394376043057,49.97192370662272],[-126.93993860024382,49.97358860126975],[-126.94356519867071,49.973589991636565],[-126.94525190962398,49.97916009571307],[-126.94485768833654,49.982833195354885],[-126.94654441570279,49.98482280715776],[-126.9433176066376,49.988867487883134],[-126.9435794878636,49.99121758635808],[-126.93802157735118,49.99091137754472],[-126.9379294718608,49.98708568934398],[-126.9341530156511,49.9845849062967],[-126.93135208367171,49.984211803653295],[-126.92924889007917,49.98120530409351],[-126.9281685000564,49.977093606672696],[-126.92357621135758,49.973611391747944],[-126.9255915095323,49.971515000191566],[-126.92972810608367,49.971678691342376],[-126.93104491091785,49.965973391583525],[-126.92823889636246,49.959573006178225],[-126.92985158346781,49.95673169925671],[-126.92678990240762,49.94689040964476],[-126.92514128139743,49.94404479681932],[-126.92096992051103,49.94153249938135],[-126.91596200893011,49.940012888001405],[-126.91897639255433,49.938618601467205],[-126.91822320212029,49.933460097362364],[-126.91430727591386,49.93122119565526],[-126.91120570593004,49.932047298002765],[-126.91097611713121,49.935092199667466],[-126.91244650659372,49.93717871099467],[-126.91187312551946,49.942377101658145],[-126.91428648198338,49.949778694117285],[-126.912252683649,49.953933094355484],[-126.9132249154188,49.95820570268883],[-126.90977359752969,49.960293597824325],[-126.90750760828045,49.95951459358074],[-126.90153969395122,49.96207820940922],[-126.89847630888896,49.960700889259755],[-126.89265038735124,49.96093740588863],[-126.88893739650732,49.96232739474548],[-126.88627949667588,49.96157680525105],[-126.88479100568213,49.95860878649487],[-126.87785780367652,49.959659811508644],[-126.87222457858395,49.96125639622072],[-126.8688139845521,49.96109540320341],[-126.8677078027611,49.957720086760325],[-126.87017829319664,49.956738791364515],[-126.87419268160198,49.9570919985474],[-126.88757868568284,49.95640979224471],[-126.896780598741,49.95899761141471],[-126.90690158257352,49.958694199589424],[-126.90569289957675,49.95443580205032],[-126.90670459279258,49.95200758958249],[-126.90534469891234,49.94864640416469],[-126.90642638721903,49.94296239119547],[-126.90767680004221,49.94082611364994],[-126.90760981106241,49.93560780329375],[-126.90554090182167,49.934122291821474],[-126.90687878221752,49.9315644966014],[-126.90556849459686,49.92966029976211],[-126.91199822613248,49.92823040336147],[-126.91260739808794,49.92477809213029],[-126.9178727101591,49.924800896636214],[-126.91923411737085,49.91777239282182],[-126.91779269503289,49.914364306507885],[-126.92026159597702,49.91265519827954],[-126.92223891573114,49.909137402135954],[-126.92334240904508,49.90322839108673],[-126.91893780536249,49.899731991819536],[-126.91526292062657,49.89100299872586],[-126.91776109986536,49.88957310008325],[-126.91510029609603,49.88569350744524],[-126.91478609318642,49.878472790041315],[-126.91538480865385,49.87428279833691],[-126.91296831616405,49.87415029976087],[-126.91145208016984,49.871207895649775],[-126.90872722457135,49.86856880323444],[-126.90478271362684,49.868685602506375],[-126.8997647182455,49.86726429469632],[-126.8954757184667,49.87019959539522],[-126.8849247007005,49.87056560080142],[-126.8779535937877,49.869250991716235],[-126.87835700304065,49.87147138999111],[-126.87524958017526,49.87378859987915],[-126.87195252087997,49.87344960529102],[-126.86758029271583,49.87160529801483],[-126.86205489965971,49.87219630936841],[-126.85822689032408,49.87190999770046],[-126.85420452085454,49.87537089738839],[-126.84337660704082,49.87785899456573],[-126.84099967715379,49.87902969412225],[-126.83583570131096,49.87931019209106],[-126.83223499286741,49.88264430768226],[-126.82620870691453,49.88074150175819],[-126.82218438805813,49.88259870681921],[-126.82058058066272,49.88484469373755],[-126.81774990771189,49.88555681035353],[-126.81571499157153,49.88778431297544],[-126.81897680523008,49.89233459449278],[-126.81471048368824,49.89524140601074],[-126.81135481899348,49.896446295584134],[-126.80386629241573,49.90218730409285],[-126.80446451499546,49.906183593077934],[-126.80079849651244,49.90689718827074],[-126.8035340835834,49.9110501950977],[-126.8031124875998,49.91448820095066],[-126.8070495059587,49.91798040519771],[-126.80952681630716,49.92143690652285],[-126.81045839824542,49.92423409944097],[-126.8130129972659,49.92721489756089],[-126.81256610078279,49.92939109102305],[-126.81482899364218,49.93204301320046],[-126.8143343068241,49.93342729537344],[-126.81600182252073,49.93783100515356],[-126.81583480472085,49.93968099323539],[-126.81815840234033,49.941640683129414],[-126.81798859520632,49.943832603658066],[-126.82016548315268,49.94534800128524],[-126.82933609320648,49.94690601112068],[-126.83434779202179,49.94861939951956],[-126.83678281083577,49.94811520475236],[-126.84353639167911,49.950426689870596],[-126.85221400432712,49.95122708475327],[-126.8611437913924,49.9567445078758],[-126.85902370383398,49.95958290437516],[-126.86078048106826,49.9611452933142],[-126.86034610994065,49.96497779630762],[-126.85822118626996,49.966369309226295],[-126.85693898044134,49.970113494069956],[-126.85792821868101,49.97388339826747],[-126.8570279073695,49.97690699438221],[-126.85931674111477,49.979886810788365],[-126.86390871166323,49.97973540973782],[-126.86445162028919,49.98514761353581]],[[-126.06945843983289,49.801853728258564],[-126.07507855079955,49.80595715824617],[-126.07903781670504,49.806516417824945],[-126.08088155381358,49.81003485476107],[-126.0810658390173,49.815290752345],[-126.0882134886594,49.82058804480768],[-126.0806777938696,49.82629951378338],[-126.07617384531423,49.82441522697824],[-126.07322686137512,49.819329829943186],[-126.0686332820475,49.813896828739736],[-126.06783990973925,49.80977453082339],[-126.06980492077933,49.80670257696152],[-126.06945843983289,49.801853728258564]]],[[[-126.61405211043596,49.59899450459021],[-126.6155424091009,49.60138288845448],[-126.62135879683633,49.60101539183268],[-126.61765039509471,49.60723640348054],[-126.61683120282832,49.610143196544165],[-126.61864538858318,49.611818094259306],[-126.61850308878263,49.615612206566034],[-126.61956782082615,49.62018530434587],[-126.62530730538955,49.61971819453725],[-126.62167770955236,49.62461031026029],[-126.62168649788711,49.62953101474548],[-126.62345118843683,49.631969200960995],[-126.62034289191594,49.632976108010155],[-126.62011679416813,49.6361734954004],[-126.62288960821442,49.64039629635093],[-126.62579837667104,49.642083898547],[-126.62474231204743,49.64414049130842],[-126.62628258256585,49.649794596933006],[-126.62310939305195,49.65125870539922],[-126.62725007914304,49.65298059817577],[-126.62568547496251,49.65497159624423],[-126.62641630028257,49.66103300010113],[-126.62359811092051,49.66480719382838],[-126.62042311698343,49.66428310306824],[-126.6146784833878,49.66016140209073],[-126.61266960916122,49.66128088708478],[-126.61273848591252,49.664700405223414],[-126.6178994950226,49.67675351079104],[-126.62091770671019,49.67855078155547],[-126.62170041250259,49.68240900069342],[-126.62565220522187,49.68580000899126],[-126.62457489551764,49.690276309497726],[-126.63030180962157,49.689717999289854],[-126.63706610606197,49.69206090864935],[-126.63729991394591,49.69348650570326],[-126.63521989380172,49.69863500850929],[-126.63863140858335,49.70406698347852],[-126.6420422138195,49.7064027025041],[-126.64166661480992,49.70958859806188],[-126.64566390230108,49.71381709240023],[-126.64732431102513,49.71650458865211],[-126.6474569832888,49.72034849580117],[-126.65030821911523,49.722799595806556],[-126.649967800925,49.72413259421976],[-126.64618628199717,49.726260396520196],[-126.64556581878085,49.727893996989366],[-126.64248550211953,49.728198802184],[-126.63829958662255,49.73065979541131],[-126.6402187934164,49.736294015948815],[-126.64644199256888,49.74394201385421],[-126.64455062073134,49.74601700219654],[-126.63991899774666,49.74589600913115],[-126.63347828838134,49.74732019368852],[-126.63494581483612,49.74998629152078],[-126.63468070805334,49.7525441860302],[-126.63779267454143,49.755648996218625],[-126.63834180262049,49.76036448482707],[-126.64230948393546,49.76558139810368],[-126.64288660230365,49.76858081287044],[-126.64585298511386,49.77185220100559],[-126.64628068994084,49.774497006492226],[-126.65049069074647,49.77706481009723],[-126.65107171235996,49.77967678911726],[-126.65482731125753,49.78418730446214],[-126.65719651323228,49.78979440158882],[-126.65997579533419,49.799007611987356],[-126.66117850597614,49.805221397296194],[-126.66490309346318,49.80985720150377],[-126.66556960276189,49.81705798669513],[-126.6674908046092,49.821072906717376],[-126.6683793021837,49.824859908754505],[-126.67517937661569,49.828622593914524],[-126.67190768366602,49.83015789269739],[-126.66905038352006,49.83347350320613],[-126.67065239514487,49.83456729786948],[-126.66826629636279,49.838189013836626],[-126.66939408664956,49.84018150895307],[-126.66851251827461,49.842898903619314],[-126.67142731362931,49.844207704856295],[-126.67046070140161,49.84577150354368],[-126.67190329013668,49.84877799213599],[-126.66951881764925,49.852651903361604],[-126.67126497791882,49.85594319369994],[-126.67971668789971,49.859028106327195],[-126.68715200826976,49.858340194074316],[-126.69052309528111,49.85972019445096],[-126.69815449504803,49.860178812695814],[-126.70466392106965,49.858174997648725],[-126.71023708118135,49.85863639863005],[-126.70899940700896,49.860644487394936],[-126.71224880109465,49.86434318586996],[-126.7195486981039,49.86680849355024],[-126.72335621423844,49.86547120652235],[-126.72444727416354,49.86328789470381],[-126.72973489691067,49.860918009501376],[-126.72966730170155,49.857921394415634],[-126.72627050640835,49.855561497879336],[-126.72370260058067,49.852488091888524],[-126.71767230447031,49.850858794313375],[-126.71319701249284,49.85248810320545],[-126.70736868406519,49.85307489955796],[-126.70335068352041,49.85595459685703],[-126.69965821844245,49.85311900415383],[-126.69874669736728,49.85036738722162],[-126.70199560199899,49.85078188749044],[-126.70612851296038,49.849001595667765],[-126.71102457736808,49.84844189878276],[-126.71430950771929,49.84897459602623],[-126.71961479794217,49.846237196846],[-126.72281521373324,49.84384459832337],[-126.73020028546138,49.84443849278797],[-126.73369077741508,49.84597379467315],[-126.73476958682394,49.84790069668682],[-126.73765931590049,49.849460201966465],[-126.74009308968827,49.85275440661852],[-126.74556299804446,49.850891496202074],[-126.74848269867805,49.85305350591412],[-126.75680039597472,49.86271391503984],[-126.75737790033507,49.8646409006822],[-126.76396278282496,49.86821279979221],[-126.76706891207348,49.87237569537041],[-126.77155108679736,49.87630230043845],[-126.77169259530373,49.87777208932546],[-126.77884347978907,49.880876894666955],[-126.78188810851542,49.88308580451701],[-126.78797042122471,49.88555820248535],[-126.79123940238628,49.88377649501951],[-126.79640119275231,49.886025411627344],[-126.79938240979448,49.88165589711573],[-126.80176280115164,49.881989186557725],[-126.80610758842292,49.880721610461144],[-126.80564980195436,49.878851612416284],[-126.80795880950393,49.873066504575355],[-126.80510259773588,49.87187020278221],[-126.80500080291881,49.869501700039535],[-126.80314708439013,49.867415205857206],[-126.80027169686551,49.86670450361716],[-126.79561069563124,49.86302721401219],[-126.79687680580595,49.86208869115297],[-126.80212591582108,49.863564192168404],[-126.80418107906581,49.86273099552447],[-126.80931649936102,49.86303439627305],[-126.8121994117163,49.86238780129687],[-126.81508470298411,49.865015395004434],[-126.8202536931863,49.867063389139766],[-126.82337469965407,49.86542279935277],[-126.83102880345105,49.86576459724528],[-126.83439341464134,49.86396440693152],[-126.83730870591647,49.86439730219032],[-126.84143041577794,49.861848006372526],[-126.84842339960153,49.85981849811514],[-126.85588299865697,49.85661968911253],[-126.86087418388938,49.8561084041676],[-126.86898039800865,49.850861607865006],[-126.87821389701746,49.85220890647278],[-126.88653060814576,49.850687908710626],[-126.88894769317561,49.84693651202008],[-126.89670239552231,49.84548518863259],[-126.89979579937247,49.846970710626984],[-126.9046534215561,49.845304404534566],[-126.90326378267689,49.8417352923461],[-126.90649521368981,49.83936539062885],[-126.90670020396894,49.83687728729292],[-126.90464257340473,49.83207199556251],[-126.91712528096498,49.8315508017123],[-126.92421971006347,49.82951989921657],[-126.9287892919987,49.83160779612498],[-126.93164838556062,49.83209059408675],[-126.9358005964671,49.83416139157238],[-126.94493150132976,49.836950005991945],[-126.95003439294733,49.83596160374271],[-126.95360151508241,49.83746409430423],[-126.95866631220396,49.837391508423075],[-126.9649555030141,49.83306610676613],[-126.95944140283389,49.828921706346804],[-126.95953600874094,49.82633248563853],[-126.96236090222763,49.82627408316179],[-126.96287321224084,49.82367490279235],[-126.96583710228505,49.82297131022784],[-126.96900430523078,49.81936668430947],[-126.9723574789313,49.819658596229544],[-126.97084241142399,49.81667210425721],[-126.96454080779151,49.815428694852756],[-126.96258498746674,49.81366699358686],[-126.95562350806182,49.812258383122845],[-126.953061285303,49.812392299345966],[-126.95074620123748,49.81023750752087],[-126.95147970313724,49.8073633994727],[-126.95402800295393,49.80362199979644],[-126.95741311809579,49.80378870389461],[-126.95803908757038,49.80213660251767],[-126.95445188030754,49.79916709590798],[-126.94892559506665,49.801688007961395],[-126.9492853059702,49.796466785475516],[-126.95562029216974,49.79951179102847],[-126.96176110764287,49.80153559227313],[-126.96241270088213,49.80322039715876],[-126.97106752285679,49.8056487011837],[-126.97137819829892,49.803197598892396],[-126.96940118960308,49.799582992624444],[-126.96599717984684,49.796950993943575],[-126.96164989236469,49.79752209422621],[-126.95640010582797,49.79613500651797],[-126.9511074173534,49.79346879512938],[-126.94883011370774,49.795056789540894],[-126.94305852215669,49.79619480229421],[-126.9405183876369,49.79906459348133],[-126.94305800251622,49.80338278985874],[-126.9470183993651,49.8076810136697],[-126.94634078502914,49.809899992520435],[-126.94933078570837,49.813181299645095],[-126.9470582001367,49.81526498556373],[-126.94407718471092,49.813789499560464],[-126.94096680807492,49.81405008530406],[-126.93813930529744,49.81023890052789],[-126.93761379162066,49.80755859077178],[-126.93230122197379,49.8079673013593],[-126.93259151766884,49.8047529053324],[-126.92874791923929,49.802938401924784],[-126.92350598511656,49.79876980422038],[-126.92422369019013,49.79598539223305],[-126.92670132024949,49.79195490326562],[-126.92124509976176,49.793476005587664],[-126.91739188676087,49.78972738923632],[-126.9130001932241,49.78777769383385],[-126.90918560939468,49.78699870956853],[-126.90693480166851,49.787974185034564],[-126.89534858906185,49.78057690890269],[-126.88992639589353,49.77940760530213],[-126.88207020438855,49.78019099031111],[-126.87729270114298,49.77951871033359],[-126.87132158550693,49.78264770157037],[-126.86730658643887,49.786127098386615],[-126.86252260981911,49.78814370901703],[-126.86253849847387,49.79156179778124],[-126.8600791107254,49.79346879188308],[-126.8508958777162,49.79495429465904],[-126.8494556060449,49.797040784275616],[-126.84126769893314,49.79898481023143],[-126.83954520483864,49.80051729869942],[-126.833563915799,49.80159399359574],[-126.8314371871702,49.80068110414181],[-126.82787099377448,49.80238580394427],[-126.82468817759664,49.80208389722286],[-126.81623159048489,49.80469591089155],[-126.81164470066103,49.80685778387106],[-126.80610700436227,49.806698308534976],[-126.79752380350898,49.805016300291115],[-126.79423738407071,49.805141701910394],[-126.7859788927132,49.80427429558272],[-126.78579320954121,49.80138320217377],[-126.78170870111232,49.803157795864344],[-126.7779270956588,49.803193386353854],[-126.77146120239168,49.80110830256056],[-126.7646222053571,49.80116530614],[-126.7587048056953,49.802004091002374],[-126.75161279604,49.80056278708483],[-126.74125730870155,49.800306498828114],[-126.73864772409186,49.798456403682884],[-126.74387822044908,49.797164696096026],[-126.74538738953122,49.79516938872501],[-126.7480395872645,49.794907296328574],[-126.75255961594885,49.7981160068177],[-126.76022921414875,49.798795405158465],[-126.76067910599708,49.79654659751619],[-126.76587798931345,49.795314605333616],[-126.76360611473956,49.793931696446435],[-126.76496950360927,49.79027859023573],[-126.77271470078034,49.78895268743399],[-126.77709008392989,49.79113169738684],[-126.78039870117641,49.79109609165342],[-126.78513940656103,49.795001284482034],[-126.79037389410676,49.79475060230489],[-126.79952020358347,49.798711404820764],[-126.8023977086004,49.79837950215187],[-126.80631419857829,49.796277388600075],[-126.80930181645216,49.79902330611241],[-126.81563671458865,49.80035769893981],[-126.82249409074193,49.800800711888755],[-126.8259384982552,49.7993365924243],[-126.82114911295645,49.797654608447644],[-126.82623440713412,49.79551970644638],[-126.82741581577818,49.79300460763799],[-126.83243657659908,49.79138099889423],[-126.834660915425,49.78789589154673],[-126.83168930815934,49.78256939525479],[-126.82886991305611,49.781310408124895],[-126.82759438287057,49.778470499064746],[-126.8309797007119,49.77450410780271],[-126.83645188964886,49.77704490324503],[-126.84342360239545,49.7786313856115],[-126.85283039021567,49.778239788986696],[-126.85629978201412,49.77551529449699],[-126.85745640616267,49.773208002658116],[-126.85619037568516,49.7694779948837],[-126.85923180342361,49.76981270299849],[-126.85989880716478,49.766011489932666],[-126.86272048986564,49.765631296275146],[-126.86319900018381,49.76235698989698],[-126.86539770441173,49.761606386201],[-126.86979269650269,49.76207361101362],[-126.87051442071913,49.75986459658998],[-126.87622919262103,49.75934910798303],[-126.88208901420286,49.76193970689211],[-126.88738280318175,49.75706179274735],[-126.89462801113713,49.75742780466887],[-126.89729699580006,49.756711398218705],[-126.90411347775462,49.75835499482184],[-126.90830979457878,49.760545407728536],[-126.91209619436115,49.760649392116676],[-126.91294171818497,49.75910840423214],[-126.9162576025294,49.75914968381131],[-126.91837480237614,49.76063658781718],[-126.92123860544548,49.76053538684831],[-126.92135469353741,49.7575231949684],[-126.91447650953029,49.75338728829787],[-126.91885129217644,49.7520997954815],[-126.92524689545479,49.74859769230328],[-126.92282150273145,49.74528929699232],[-126.92659570955716,49.74303618462668],[-126.9308775074837,49.743202784431624],[-126.92826839323286,49.73962089411595],[-126.9277679131331,49.73736210812568],[-126.93016869243161,49.733780201076776],[-126.93088450457563,49.726389995706704],[-126.93472489443447,49.727483805917224],[-126.93476289998367,49.73280039872941],[-126.93163911500059,49.74192959373119],[-126.93366360619899,49.74265878154023],[-126.93610980987229,49.740264695417544],[-126.94314800972474,49.738608303683016],[-126.9461000802651,49.73578269206849],[-126.94636320931788,49.73313358508078],[-126.94976320479495,49.73378739776031],[-126.9541447891566,49.72533750808251],[-126.95135180587751,49.721140402815315],[-126.94558079194867,49.72210031143483],[-126.94490099943435,49.71979448848034],[-126.94204318883239,49.71780059528993],[-126.93528169575384,49.71859820101129],[-126.93339669092398,49.71658431039415],[-126.9297703957513,49.71538659966977],[-126.93080739809427,49.71319189651421],[-126.92882489963345,49.70861451291543],[-126.92978250652558,49.70566349716764],[-126.92675641230517,49.70245190462715],[-126.92262138684565,49.701198601378955],[-126.92054999074291,49.699344295928704],[-126.92091902501812,49.69560000107387],[-126.91564981037565,49.690702198087045],[-126.91298340968687,49.69018518658911],[-126.91013171716116,49.687786801901304],[-126.90867399347052,49.68524179630811],[-126.90515400537485,49.68361248493731],[-126.90113319539874,49.67780028621011],[-126.8980135919743,49.67589041451534],[-126.89201978559285,49.67379400132337],[-126.88339990293136,49.67244948320191],[-126.87829749421994,49.67439780435845],[-126.87264750955188,49.67396059099429],[-126.86849509289569,49.672247303835],[-126.8663140979237,49.66950848686054],[-126.86747637862645,49.664492498035024],[-126.86328429623713,49.66114980797821],[-126.86082012309257,49.66044770421219],[-126.85428399770007,49.66130790359547],[-126.8470899859055,49.66007600476384],[-126.84022950604464,49.65666500423178],[-126.83834868428883,49.653786690686246],[-126.83749781293012,49.64922919490994],[-126.83196828535577,49.64611160182824],[-126.82980229766727,49.642481300717435],[-126.82980560416195,49.63897349053122],[-126.83368270213566,49.636509594527105],[-126.83429229318156,49.63464959612235],[-126.82964069693864,49.62338118835816],[-126.82667810338555,49.61838650367341],[-126.81196310668328,49.617093305778056],[-126.80723270790931,49.6154384004954],[-126.79815570346946,49.613161090236666],[-126.79087178873482,49.61196900715093],[-126.7849736127193,49.60955358960416],[-126.77652831023028,49.60534360985703],[-126.77032419378378,49.60418151312025],[-126.7643013097476,49.60449618676177],[-126.75710510595712,49.6059944876974],[-126.75291969834393,49.605490288807296],[-126.74826640365119,49.60794560915822],[-126.74313009628443,49.60883578566521],[-126.73400959482449,49.60611130276848],[-126.73302930765271,49.60459869385323],[-126.72686640183677,49.60286688880333],[-126.71722939153143,49.60383820960844],[-126.71319877711039,49.602399793516796],[-126.71108130421999,49.5991283877182],[-126.70764498443363,49.59952859473341],[-126.70321608142744,49.596858203212044],[-126.69487219229815,49.589225814511174],[-126.69117510673873,49.58924290800404],[-126.68605939489342,49.58739570846219],[-126.68613150593394,49.586478504587156],[-126.67990699613915,49.58408729830397],[-126.677845280914,49.581184692969806],[-126.66731709913515,49.580901289407684],[-126.66686168490463,49.58171169910587],[-126.66040348482818,49.58222870351644],[-126.6577202871031,49.58569089207385],[-126.65218488594881,49.5879996068827],[-126.65111388843137,49.590702695086925],[-126.6445603982385,49.59259410348666],[-126.6417478057952,49.59182639769773],[-126.63720414168709,49.592758560678334],[-126.63715638943259,49.59882720702847],[-126.61405211043596,49.59899450459021]]],[[[-126.51960031826187,49.686013696946425],[-126.5292566053635,49.68205581089501],[-126.53142502318701,49.680042001714185],[-126.53020800036775,49.676984213616855],[-126.5338092095773,49.67455159673226],[-126.53580140789664,49.67216470085952],[-126.53247489024494,49.6707987947312],[-126.53515740439977,49.66846309902348],[-126.53497639949883,49.66548091118459],[-126.53223680714022,49.665899584472996],[-126.53102620978437,49.66273350313789],[-126.53630910939818,49.660488990211775],[-126.54347260483183,49.65528070785714],[-126.54435211640684,49.656513996736784],[-126.54874420580765,49.65623768197983],[-126.55106111605598,49.65729450342878],[-126.5550389846474,49.65371689136275],[-126.5508972027898,49.65368408694673],[-126.5484110844039,49.6527042976814],[-126.55291157769145,49.650271697264145],[-126.5549623137182,49.6483276927285],[-126.55974790164564,49.64655741243885],[-126.56209558951039,49.641991407822786],[-126.56664579251614,49.63822860082557],[-126.56632269232279,49.63527048705586],[-126.55870329935745,49.63725161011259],[-126.5571182984511,49.63431200049838],[-126.55126499960939,49.63198488937742],[-126.54708000357303,49.63202188613795],[-126.54367929597149,49.63108619247241],[-126.54162060587082,49.633192596620034],[-126.53728130535929,49.6329831826398],[-126.54242361677576,49.62935859539231],[-126.54286148067408,49.62696599989115],[-126.53836561468955,49.62715820199368],[-126.53283179877464,49.62866929687789],[-126.53163748504288,49.63173850119915],[-126.52702869531507,49.63526479968434],[-126.52623751045375,49.63799220299615],[-126.5243999886986,49.63871709835073],[-126.51828599764715,49.645359596513764],[-126.51937290837031,49.64905399505298],[-126.518560101131,49.65059221050537],[-126.51528090635152,49.65132278427558],[-126.5124908081382,49.65061498516413],[-126.51078419678294,49.64797018695496],[-126.51388607813283,49.643629195803875],[-126.51787071486568,49.64235600003487],[-126.52080940060326,49.64043901108408],[-126.52044480801818,49.637507883661954],[-126.52359461346173,49.634940094432906],[-126.52308130600011,49.631690082797164],[-126.5243177080221,49.628343183999675],[-126.53036760960245,49.62208519404622],[-126.53243669019167,49.61921539397796],[-126.54243402325646,49.612635602741015],[-126.54051248395007,49.61035539276246],[-126.54440781339301,49.60725349700843],[-126.54546580148977,49.60464860559564],[-126.54243661245332,49.60433240762924],[-126.5416944087773,49.602562092134775],[-126.53758669237007,49.60223169136289],[-126.53303909801274,49.605094412868766],[-126.53381301189128,49.607314691155224],[-126.52573772122078,49.60688180225377],[-126.52237119509446,49.60940118623305],[-126.52078519045627,49.61255149429742],[-126.52120211367092,49.6149713061311],[-126.51870500891617,49.615898392750104],[-126.51485079342469,49.621951297487044],[-126.51741670681602,49.6238055972],[-126.51305098840363,49.626860595297245],[-126.51032067325211,49.63449289513894],[-126.51039769325399,49.63817449091614],[-126.50754399379291,49.63868860784587],[-126.50365550908879,49.64159970614284],[-126.49886509492717,49.64316061041656],[-126.49668588395565,49.64648759814941],[-126.4959582945707,49.65069900909304],[-126.49328750640754,49.6522427994791],[-126.48950770233749,49.652728490997006],[-126.49010169355698,49.65490890976078],[-126.49339470799819,49.65741838804237],[-126.49082369582973,49.65944078923563],[-126.48724640517806,49.658139108731824],[-126.48046319765966,49.661491594505655],[-126.48005910381737,49.662885898343895],[-126.48491980534408,49.66643649704929],[-126.48642869458013,49.66863829220109],[-126.49437811247584,49.67418130818358],[-126.49591319023128,49.67638179922026],[-126.50209600704189,49.6780266840676],[-126.50320421175356,49.67963459922624],[-126.5093927226603,49.680900803517666],[-126.51312230809702,49.68225799505222],[-126.51376517840558,49.6838018956047],[-126.51734310626836,49.6859567040268],[-126.51960031826187,49.686013696946425]]],[[[-126.62711611614867,49.721634106807436],[-126.63028458929665,49.718558302788225],[-126.6300720798851,49.713535095311684],[-126.62704920784189,49.7074992881815],[-126.6229142169883,49.70297170061155],[-126.61862218120247,49.69317599360183],[-126.61307721757609,49.69004849343107],[-126.61315649608022,49.68530018954717],[-126.60996128350924,49.681483298802505],[-126.60249668707219,49.68298439721548],[-126.59902439918142,49.68257989220755],[-126.59962149796989,49.67915471143877],[-126.59505379054828,49.67873601252296],[-126.58785269391718,49.68112289824892],[-126.58788258381492,49.684425704601985],[-126.59172930418273,49.68796059652746],[-126.59501329531736,49.69248098885319],[-126.5972564015721,49.69366169707196],[-126.60190888138918,49.69158089630022],[-126.60432769167377,49.69621809123757],[-126.60424681766331,49.70015750203627],[-126.60827079956022,49.70377640915149],[-126.61227519672008,49.70952598953197],[-126.616778206988,49.7127403910361],[-126.61701369943596,49.71442670508816],[-126.62183130216994,49.718619492877785],[-126.6238199030719,49.71909239126585],[-126.62476921258605,49.721836807939255],[-126.62711611614867,49.721634106807436]]],[[[-127.22756040069805,50.08799539945694],[-127.23507810459002,50.08736301014875],[-127.23878018104695,50.08626919336493],[-127.24267838350193,50.081731691919],[-127.24408471022386,50.07846030859191],[-127.24319237923763,50.07609039619404],[-127.23830929379331,50.073569514391835],[-127.23741709086924,50.06813330119538],[-127.23496518090052,50.066791697303564],[-127.22896841171908,50.069919290928944],[-127.22521940730526,50.069251301897346],[-127.21921569250563,50.06944639443814],[-127.21492019033896,50.07375179540119],[-127.20766768831807,50.08007100959872],[-127.19214902288452,50.07867960345417],[-127.19005757786536,50.07931339664636],[-127.19187068420344,50.08235409915329],[-127.20339038300783,50.08534769569914],[-127.2061718081275,50.085337797253956],[-127.21202859516252,50.08684031534798],[-127.21688678518336,50.08707669096372],[-127.22210179807794,50.08817339323358],[-127.22756040069805,50.08799539945694]]],[[[-126.42931940617838,49.650569388987556],[-126.43362729850234,49.64902840773156],[-126.4322530999415,49.64775660612507],[-126.42728790365597,49.64680088763043],[-126.41958951494705,49.64616140574926],[-126.4110957166422,49.646745404082964],[-126.40292609804533,49.64532121161337],[-126.39629888414723,49.6436063972499],[-126.38964029411969,49.64299691011553],[-126.38736109782047,49.64106560866329],[-126.3803829126984,49.63945910131423],[-126.37103519374163,49.6381232073813],[-126.36662870239435,49.63866160381547],[-126.36155169117484,49.638258506685254],[-126.35954111796082,49.64139749617903],[-126.36669461525052,49.64410630326917],[-126.36869171612109,49.64407070094351],[-126.37167048679083,49.646125800911385],[-126.37819799032233,49.64812688959207],[-126.38143718540489,49.650503900961446],[-126.38755861927358,49.65340360029682],[-126.39600060675214,49.65490748992381],[-126.3976741879088,49.653397905608564],[-126.40294668371612,49.65482060180537],[-126.40796418677763,49.65117319575119],[-126.41307449852708,49.652241395336915],[-126.42182951538288,49.652040597930316],[-126.42931940617838,49.650569388987556]]],[[[-126.96777701217756,49.753400102525006],[-126.97059590395824,49.75438430958333],[-126.96998709244693,49.74936389726676],[-126.97561759175318,49.74852650667796],[-126.97857579693243,49.74916309891164],[-126.97837381629508,49.74467120729662],[-126.97559218701983,49.74109640398635],[-126.97311522223175,49.740593704991795],[-126.97033959720326,49.737262401608824],[-126.97058049119514,49.735799787555656],[-126.96550679345403,49.73334591045926],[-126.96629238381999,49.73080510242755],[-126.96272379016919,49.729527505087276],[-126.96112189618133,49.727727285564896],[-126.95495788956394,49.72478490655761],[-126.95248788802265,49.72877129781726],[-126.95204629299396,49.73264940404778],[-126.94957438675523,49.74156500904876],[-126.94717739461015,49.742116104915404],[-126.94455230041977,49.7454431018394],[-126.93784341362274,49.7478244072953],[-126.94113790454536,49.750014784164314],[-126.94316988120188,49.74828719189002],[-126.94654680739421,49.74854498809692],[-126.95216769658904,49.74656679727622],[-126.95443408414772,49.74846949277324],[-126.95852839207681,49.748190391736614],[-126.9596064893525,49.7499194093537],[-126.96777701217756,49.753400102525006]]],[[[-127.06614610626343,49.843713490370924],[-127.06456469570564,49.84151030254905],[-127.06801529576583,49.84044349751523],[-127.06614981121152,49.83875728643405],[-127.06201757981873,49.83808649572262],[-127.06068828484987,49.83446610532741],[-127.05666769578013,49.83207768685167],[-127.0553132102426,49.829086889025206],[-127.05281281643327,49.82832490639261],[-127.04690340953967,49.831086491508685],[-127.04046210483956,49.83151659968379],[-127.03508149418126,49.83317009655232],[-127.03300691648806,49.83496179262751],[-127.04099410632939,49.839342611196635],[-127.05128100139719,49.843941408651666],[-127.0547687781235,49.84509789449637],[-127.05921839043219,49.845486702860846],[-127.06395529327993,49.84495540286771],[-127.06614610626343,49.843713490370924]]],[[[-127.52169678630041,50.11620179898554],[-127.5261361928902,50.1137307916057],[-127.52601630245867,50.11085958831031],[-127.52312311658426,50.10759390257376],[-127.51304589999424,50.10602580258805],[-127.5090679978709,50.10485940920729],[-127.50807860661706,50.1029494852127],[-127.50996271896413,50.10040160015561],[-127.51310350671771,50.102788599938535],[-127.51880199914147,50.10306920252581],[-127.51409929298748,50.09866409593021],[-127.50799047906904,50.0972455965315],[-127.50658229175733,50.09847749672067],[-127.50127789340348,50.09546820409788],[-127.49789210387185,50.09601788306997],[-127.4967647124356,50.10027630129619],[-127.50032098992722,50.10373138998695],[-127.50355269486866,50.108620795089536],[-127.50356399386771,50.112335104314525],[-127.50620900528929,50.11361120487266],[-127.51253678246997,50.11524760194551],[-127.5176658039852,50.11448559765148],[-127.52169678630041,50.11620179898554]]],[[[-127.54269739746769,50.10588910640394],[-127.54648648794594,50.10085599529847],[-127.5434726060845,50.10016100918383],[-127.54405979418905,50.09742500976209],[-127.54283121311907,50.09551229004079],[-127.53708521354166,50.09461220233769],[-127.53560959311298,50.09250718948545],[-127.53676771012897,50.090318194508306],[-127.53120569058494,50.08929421092054],[-127.52903069790452,50.090480606279016],[-127.52823718194621,50.0935924915617],[-127.52159960547903,50.09395709086562],[-127.52448070827234,50.096620405169894],[-127.52376788023801,50.097969096976215],[-127.52851877984673,50.09856870165316],[-127.52915190791751,50.100223590271035],[-127.5225971949571,50.10058960451807],[-127.52623690417091,50.10408040746714],[-127.52643408150652,50.1054063004518],[-127.53102039410822,50.1082163102735],[-127.53762697748445,50.10846979331497],[-127.54269739746769,50.10588910640394]]],[[[-126.63555320632564,49.74434929910746],[-126.64018260398969,49.74247361199146],[-126.64141292194915,49.74029460043951],[-126.63952878746733,49.73621709754512],[-126.63661738877909,49.73558190572081],[-126.63755381487452,49.73258819269665],[-126.63713500240036,49.72893650697522],[-126.63491060902463,49.726119393047696],[-126.63091119225219,49.72449150512947],[-126.6270273116588,49.727586301427074],[-126.6273958122749,49.7305815055168],[-126.62957910339765,49.73418760857577],[-126.62857879305855,49.73531839247782],[-126.62998401651842,49.740412795348874],[-126.63555320632564,49.74434929910746]]],[[[-127.42055930407322,50.01121619953343],[-127.42562278673208,50.0088121949739],[-127.42818170144291,50.004807293322656],[-127.42453289977401,50.00197878627168],[-127.42104290505101,49.99646281143347],[-127.41766401905889,49.99742420315419],[-127.41588808963438,50.00046769652412],[-127.41085710178756,49.99990369537711],[-127.40904540817677,50.00488849323813],[-127.41279590152425,50.004112290571975],[-127.41771289316,50.00530431168188],[-127.41655510782137,50.00907559649742],[-127.4171826070143,50.01082029377817],[-127.42055930407322,50.01121619953343]]],[[[-127.41547819143,50.03287839117708],[-127.41936259403045,50.035413490986734],[-127.42181499323523,50.03469999301308],[-127.42402510955785,50.03077350307519],[-127.42630288755998,50.02983210201939],[-127.42441009815718,50.025345811352786],[-127.42321312578441,50.02481600358912],[-127.41360718182099,50.02527890109404],[-127.40962782254171,50.02615050195641],[-127.409360187624,50.02871980533806],[-127.41361310404785,50.03274459201409],[-127.41547819143,50.03287839117708]]],[[[-127.30524259754972,50.04256309670858],[-127.30782838305156,50.04088389741357],[-127.30571878576986,50.03936000169065],[-127.30224339947085,50.040459494067704],[-127.29862521325155,50.039283098370795],[-127.29585639841142,50.03980858864235],[-127.29404991285911,50.041878001808456],[-127.28927370795623,50.04229389093195],[-127.28143618757501,50.04623469913093],[-127.28335308155573,50.04851060082543],[-127.28597849234698,50.04738969474605],[-127.29794760993641,50.04464238832485],[-127.30524259754972,50.04256309670858]]],[[[-126.57228241041253,49.62908088950214],[-126.57334268342598,49.62473989885867],[-126.57598118777283,49.62317610209807],[-126.57902940999759,49.61839928905308],[-126.57326300190743,49.61826971308041],[-126.57080731392209,49.62196979403797],[-126.56728460253159,49.621230692615725],[-126.56517789726142,49.62212080992396],[-126.56218230745202,49.6258095088834],[-126.56485349789847,49.62752990446897],[-126.56940538688728,49.62901109042641],[-126.57228241041253,49.62908088950214]]],[[[-126.5864998035282,49.62808249425095],[-126.5907988983575,49.62624671052439],[-126.58883529746355,49.620323401550266],[-126.5852865115085,49.62012260511093],[-126.5804539023113,49.622630702222416],[-126.57838829751918,49.62656429420515],[-126.57909880921551,49.62983570992058],[-126.5864998035282,49.62808249425095]]],[[[-126.58913598585491,49.64084920605668],[-126.59087272455338,49.63907740245385],[-126.58926811008553,49.63761330802237],[-126.5895769910801,49.63530758865576],[-126.58661449563189,49.63472360487002],[-126.58227602328746,49.63561380234794],[-126.57918691299417,49.63868008906839],[-126.58217379489163,49.6410185906736],[-126.58565500629064,49.64179339024655],[-126.58913598585491,49.64084920605668]]],[[[-126.85793260157692,49.78571971226813],[-126.85572309135974,49.781666410963],[-126.85208479041266,49.78257079301682],[-126.84663180097898,49.78146280381632],[-126.84408790297627,49.78245828366735],[-126.84226458801758,49.7856272015811],[-126.84842638767113,49.78576819842424],[-126.8537015837077,49.786820604656384],[-126.85793260157692,49.78571971226813]]],[[[-126.93858880157863,49.84839629696457],[-126.93918560487536,49.845492401739676],[-126.92560270450721,49.84434158825195],[-126.92279739405237,49.846161688193135],[-126.92264200147066,49.848488904286064],[-126.92715060361085,49.84912839432859],[-126.9307270970053,49.84746491076254],[-126.93559710508099,49.84908141063208],[-126.93858880157863,49.84839629696457]]],[[[-127.55376849604164,50.10374428910807],[-127.55615589624796,50.101129397635304],[-127.56333090466147,50.0973324850466],[-127.55856631618563,50.09534849452425],[-127.55662739126211,50.097977613995404],[-127.55397892265398,50.09818700346356],[-127.54944379855229,50.09695220898422],[-127.54971790973414,50.1012831957669],[-127.55376849604164,50.10374428910807]]],[[[-126.57286641595157,49.66938599433697],[-126.57543680767424,49.66731670736883],[-126.58343830128103,49.664425488619784],[-126.5815664061622,49.66138198628574],[-126.57806978515934,49.664546606685256],[-126.57193220386421,49.66448960951013],[-126.56991458391857,49.6666158964572],[-126.57045679536934,49.66878639252064],[-126.57286641595157,49.66938599433697]]],[[[-127.35290528246544,50.01820049444291],[-127.3569594000967,50.020110409200456],[-127.35942709151774,50.01940831450668],[-127.35970998528829,50.016784903537236],[-127.35683302007936,50.016861800293675],[-127.35065598745923,50.01214199128371],[-127.3477424953381,50.01410589726966],[-127.35009458897275,50.01711670899702],[-127.35290528246544,50.01820049444291]]],[[[-127.3844878988756,50.00890330629498],[-127.390935521423,50.008920397610495],[-127.38819231005685,50.004978194999765],[-127.38527292459729,50.00424610229456],[-127.37830071887177,50.006944999388956],[-127.38280689423836,50.00990449301535],[-127.3844878988756,50.00890330629498]]],[[[-127.56007608462278,50.094889890893974],[-127.56045838404967,50.091018898605746],[-127.55836808824789,50.08935550136737],[-127.55506601345687,50.089485090223675],[-127.55218879043147,50.08754240303497],[-127.54992340700876,50.08796398759454],[-127.55046910212278,50.09121830159629],[-127.55740927765073,50.09428179657555],[-127.56007608462278,50.094889890893974]]],[[[-126.5781814066777,49.64331020678293],[-126.57821830716415,49.641169594520264],[-126.57546409635792,49.63889939843379],[-126.5708164950937,49.63878398824453],[-126.56846109298014,49.64155839521431],[-126.56941640241018,49.64352238425312],[-126.57358998698325,49.64453639036517],[-126.5781814066777,49.64331020678293]]],[[[-126.54271557744826,49.62546909925659],[-126.54765389309921,49.622560909836416],[-126.55227120885633,49.62076070636333],[-126.5540295110788,49.61883660606264],[-126.5522234880883,49.61701790737238],[-126.54756719801725,49.619014606032],[-126.54548819613152,49.621533985834645],[-126.53894851027718,49.62546199409096],[-126.54271557744826,49.62546909925659]]],[[[-126.55457228315375,49.62347239591262],[-126.56109420486575,49.62097428850258],[-126.55907339167868,49.61655069625555],[-126.55332650659369,49.6198060958138],[-126.55117519050582,49.622176294015425],[-126.55457228315375,49.62347239591262]]],[[[-125.32551420581183,50.11106601873055],[-125.32456111418372,50.11318679713549],[-125.3343026243152,50.11414240093621],[-125.33885090862373,50.11277370020005],[-125.34145395552548,50.11378546922339],[-125.34419530169974,50.112741904789296],[-125.32551420581183,50.11106601873055]]],[[[-126.98773770934348,49.86011759744747],[-126.99031340880634,49.85904659553989],[-126.99012697718413,49.85684899717115],[-126.9853078079984,49.85328420664903],[-126.98125899501312,49.857954215123236],[-126.98773770934348,49.86011759744747]]],[[[-127.37596589921655,50.0257388961874],[-127.37841331150963,50.02766160755568],[-127.382259595075,50.02703209379022],[-127.37989599025354,50.023860309599065],[-127.37437182648786,50.02285630217637],[-127.37101571200715,50.02508519639686],[-127.3694406940622,50.027509192257426],[-127.37596589921655,50.0257388961874]]],[[[-126.96163220617119,49.80756989264843],[-126.9645378152287,49.805560404385055],[-126.95978729832677,49.804479398899474],[-126.95417400495633,49.805135990433456],[-126.95218330089268,49.80715119846843],[-126.96163220617119,49.80756989264843]]],[[[-127.64158420986239,50.12765959093059],[-127.64356802540162,50.12480400299017],[-127.64074980132322,50.12205529160868],[-127.63686202541997,50.12251250088683],[-127.63568689697738,50.1239737073644],[-127.63923320927981,50.1282249920554],[-127.64158420986239,50.12765959093059]]],[[[-127.45376419293895,49.9999264900125],[-127.45612161527984,49.99957049446477],[-127.45527938939611,49.99704959463277],[-127.44992348931127,49.99614240541088],[-127.44780868777052,49.99725610873221],[-127.44955530210596,49.9993567875837],[-127.45376419293895,49.9999264900125]]],[[[-127.22961139030753,50.00722700362869],[-127.23200630978141,50.00968380828869],[-127.23487568275979,50.003367396412294],[-127.22946851346758,50.004293093763806],[-127.22961139030753,50.00722700362869]]],[[[-127.18999378635894,50.05055569338713],[-127.19185530911479,50.05045890224211],[-127.19442511391038,50.04786259141273],[-127.19244570867379,50.045907087320124],[-127.18716090962145,50.04605949873243],[-127.186302610864,50.04729569100725],[-127.18999378635894,50.05055569338713]]],[[[-127.6392394933382,50.1339090112378],[-127.64092800648274,50.132544601115086],[-127.63900670399279,50.128788995877976],[-127.63490000598446,50.12850699516635],[-127.63655868448495,50.1336712051215],[-127.6392394933382,50.1339090112378]]],[[[-126.57936260519254,49.68902449451037],[-126.5849478979181,49.69102970111402],[-126.58601599963765,49.68822830452132],[-126.58024540179736,49.68688390746002],[-126.57936260519254,49.68902449451037]]],[[[-126.97463071669868,49.83079029873019],[-126.97621960253765,49.82807430998322],[-126.97016480175809,49.82588961026522],[-126.97152490544158,49.82926069701264],[-126.97463071669868,49.83079029873019]]],[[[-127.51297390171221,50.09527729186068],[-127.5177215006344,50.0968126016603],[-127.51833370068697,50.09328630668983],[-127.51690319817644,50.092548497557864],[-127.51173819494511,50.093650902741295],[-127.51297390171221,50.09527729186068]]],[[[-127.471287205867,50.17934558981692],[-127.47426870320547,50.179816983895556],[-127.4749675995497,50.177199295331306],[-127.4721374833818,50.17727050214842],[-127.471287205867,50.17934558981692]]],[[[-127.14326509992202,50.10271601317795],[-127.14821381177033,50.10273160034527],[-127.14696749379416,50.10095709375426],[-127.14088359795161,50.10024920548097],[-127.14011419841223,50.1020893050078],[-127.14326509992202,50.10271601317795]]],[[[-127.32095081429725,50.02146629996574],[-127.3244564132043,50.01938410751299],[-127.32215437961987,50.01733599934583],[-127.31950629755433,50.018862809828555],[-127.32095081429725,50.02146629996574]]],[[[-127.25686609338172,49.96567000639816],[-127.25890687964903,49.96472009663135],[-127.2571387994239,49.96078069806226],[-127.2549703759838,49.9609729981247],[-127.25686609338172,49.96567000639816]]],[[[-127.0081050768374,49.88115879901421],[-127.00661198346761,49.87855969485327],[-127.00251868098604,49.87786889951594],[-127.00298230619622,49.880485208012125],[-127.0081050768374,49.88115879901421]]],[[[-127.93946818516753,50.112467495122594],[-127.94213708650608,50.110009392819734],[-127.93852321637345,50.10964330190781],[-127.93946818516753,50.112467495122594]]],[[[-126.61294959877081,49.614229202737775],[-126.61208790109767,49.615973896098176],[-126.61296027972318,49.618789599883485],[-126.61658571538271,49.61712890748546],[-126.61294959877081,49.614229202737775]]],[[[-127.39830098390104,49.9968701931242],[-127.40085018913126,49.994909000108684],[-127.3981879922274,49.99312730290126],[-127.39658519723757,49.99560551142038],[-127.39830098390104,49.9968701931242]]],[[[-127.38216868548585,50.01232429662434],[-127.37861212061284,50.01014380578507],[-127.37762508312818,50.012512293520935],[-127.38216868548585,50.01232429662434]]],[[[-126.53008638256082,49.70370809597013],[-126.53187841267284,49.70255868855081],[-126.53129948889628,49.70030699656266],[-126.52860391049909,49.70010479158308],[-126.52784791121816,49.70218559586956],[-126.53008638256082,49.70370809597013]]],[[[-126.83693990528316,49.7785473923741],[-126.84133560987381,49.78183160596716],[-126.84260859317203,49.780101192109804],[-126.83693990528316,49.7785473923741]]],[[[-126.83467928043291,49.79622610114105],[-126.83541500042689,49.794377485792694],[-126.8328150110773,49.793159792676086],[-126.83190540662804,49.79607520371402],[-126.83467928043291,49.79622610114105]]]]}},{"type":"Feature","properties":{"shapeName":"Salmo","shapeISO":"","shapeID":"43193130B192226425237","shapeGroup":"CAN","shapeType":"ADM3"},"geometry":{"type":"Polygon","coordinates":[[[-117.29377534613391,49.1983524986296],[-117.29488130630479,49.19476211152576],[-117.29301691029222,49.19395510637671],[-117.29345417918505,49.19102734940924],[-117.29082268733593,49.191185003933896],[-117.28737059676997,49.18989891070749],[-117.28303134660744,49.1894307529188],[-117.28374508324377,49.18674898920919],[-117.2817321127988,49.18017480683209],[-117.27961210261164,49.17880158461523],[-117.2740569358664,49.178797597335745],[-117.27487568971654,49.18126485821624],[-117.27096602047077,49.181903832161474],[-117.2709822174061,49.19250670782392],[-117.27174477654569,49.198471150216974],[-117.29377534613391,49.1983524986296]]]}},{"type":"Feature","properties":{"shapeName":"Fort Rupert 1","shapeISO":"","shapeID":"43193130B1928624142040","shapeGroup":"CAN","shapeType":"ADM3"},"geometry":{"type":"Polygon","coordinates":[[[-127.40808910184195,50.69454904098262],[-127.40288957445027,50.69525379188968],[-127.40299352520368,50.69649782089463],[-127.40816770594576,50.69544769993333],[-127.40808910184195,50.69454904098262]]]}},{"type":"Feature","properties":{"shapeName":"Ahahswinis 1","shapeISO":"","shapeID":"43193130B19452704100638","shapeGroup":"CAN","shapeType":"ADM3"},"geometry":{"type":"Polygon","coordinates":[[[-124.82692797219741,49.26949389166877],[-124.8281847012983,49.26842246897685],[-124.82845012127663,49.26120130285006],[-124.8226128772348,49.26018060945844],[-124.82266876128625,49.269399671732764],[-124.82560120693854,49.26946492126188],[-124.82692797219741,49.26949389166877]]]}},{"type":"Feature","properties":{"shapeName":"Squamish-Lillooet C","shapeISO":"","shapeID":"43193130B1957033704314","shapeGroup":"CAN","shapeType":"ADM3"},"geometry":{"type":"Polygon","coordinates":[[[-123.90996346226015,50.35941361321869],[-123.89795078557691,50.342848141592235],[-123.87805596806356,50.330664492109825],[-123.87833350207629,50.323986979455505],[-123.88390979231072,50.321480512223715],[-123.87035646384187,50.302676487967034],[-123.84807756009724,50.3006690784873],[-123.83293350526411,50.28297812123656],[-123.81102792052651,50.281383957029995],[-123.78790049208502,50.27034385575503],[-123.76796087745164,50.262017623980874],[-123.7545412177797,50.24427576569305],[-123.73940555090486,50.237547586004084],[-123.730805038604,50.239482855947095],[-123.72554102344958,50.23530813402172],[-123.71465990155625,50.23256116533499],[-123.70576232665454,50.23514774203406],[-123.69840920741825,50.22951611128723],[-123.70356787692447,50.21950119048603],[-123.71602966136946,50.20802467550867],[-123.72651101576047,50.20326222853203],[-123.72675300837041,50.19551416411272],[-123.71277599589227,50.191122042189434],[-123.69868647571722,50.190604894659906],[-123.68666264741688,50.202529638854784],[-123.66093502056567,50.20939436445802],[-123.6398844392463,50.21253250310645],[-123.63280102841028,50.224887795576926],[-123.63181795460031,50.22968772354719],[-123.62054332490473,50.23428344564144],[-123.61934006143873,50.24153530051538],[-123.61510425516111,50.24629769094134],[-123.59903298264459,50.24580051011789],[-123.5987583055972,50.25027146554948],[-123.58461507281064,50.24999137399432],[-123.5841079271853,50.25445009958396],[-123.58036157099842,50.25873246982079],[-123.56756075449705,50.26305948195399],[-123.55866676196726,50.26640932626182],[-123.5471193310593,50.27021094699396],[-123.54191032301952,50.27145567460853],[-123.53329909617483,50.27270091518575],[-123.528222120107,50.27286794614289],[-123.5230983553452,50.27083006694802],[-123.51750934122249,50.26993424679756],[-123.51217268104718,50.27079937988825],[-123.50835479373382,50.2723622446383],[-123.5040375000619,50.27894304690403],[-123.50051182992937,50.28194600194864],[-123.4966871544049,50.283274072922055],[-123.48513713560064,50.28894996135545],[-123.46183909692918,50.30171974361576],[-123.46702988343236,50.31202001476348],[-123.4666173659042,50.31750783817832],[-123.45950176955193,50.32532232848544],[-123.45725181184457,50.33029183224266],[-123.45667038133944,50.33444294738823],[-123.45438652747778,50.33868928168042],[-123.4516919101543,50.340900158046686],[-123.43656781603653,50.34168650549525],[-123.43299972648981,50.3426840790854],[-123.42784599223732,50.34715803472181],[-123.42791465531057,50.35153040144571],[-123.43282597569645,50.35698730064555],[-123.44159654296006,50.3623661318711],[-123.44537636159662,50.36584999259261],[-123.44438540144299,50.3685624385429],[-123.43864072754317,50.37174934203722],[-123.43405996141425,50.37726816342514],[-123.42632866087956,50.37980387205391],[-123.42316065048341,50.38347211308209],[-123.4223951884876,50.38905625793413],[-123.41618479398083,50.399834025562214],[-123.41348367887785,50.40204421602008],[-123.41515139252309,50.40893882580813],[-123.41342145343049,50.41105984672727],[-123.40927092477841,50.41270473642345],[-123.40631511573496,50.41849570253109],[-123.38301125942114,50.40109140842636],[-123.37046945135481,50.39540541312121],[-123.34061132936701,50.37520102321518],[-123.2886501521861,50.34847273586656],[-123.29510806390773,50.346624563838716],[-123.30297079471947,50.346758880422776],[-123.30315740657957,50.337051918085095],[-123.2978870397144,50.333083881926335],[-123.29147652189887,50.33133628002979],[-123.29117465135215,50.32667042048253],[-123.30342654659572,50.3198089874803],[-123.30223334272063,50.31484142336448],[-123.3039128125039,50.311196694966796],[-123.30276414647915,50.30933614856377],[-123.29891486353557,50.30656095133873],[-123.29568766398283,50.30275052911149],[-123.29488788728962,50.29864989683447],[-123.2956968375282,50.29392607654007],[-123.29890093427899,50.29001722851554],[-123.30390176036167,50.28760837056376],[-123.30793008388616,50.28177314624438],[-123.31306921035141,50.27965769521052],[-123.31395037421944,50.27819185161773],[-123.30206791042065,50.27566272759945],[-123.29631663490426,50.270921877420214],[-123.29092284736709,50.2642062632563],[-123.29051980992205,50.2608442753169],[-123.2888277276259,50.25847791437833],[-123.28397768375935,50.257061465996514],[-123.28105917759194,50.253128158818],[-123.28120576161396,50.25053742560502],[-123.27686121532417,50.24668552092642],[-123.27203074845983,50.24478320674666],[-123.26704080008012,50.24067371838596],[-123.26700760323597,50.23711621634824],[-123.26995692646427,50.235198926791874],[-123.26644150878937,50.23181609218225],[-123.26818767725214,50.22818503543957],[-123.26315032880012,50.22844130674493],[-123.26048190267522,50.22638549869828],[-123.25635264208127,50.22721107721401],[-123.25278324725157,50.22911524440406],[-123.2474325573265,50.22992176089697],[-123.24441704796348,50.232076188294954],[-123.24109996341656,50.23140416784869],[-123.23963660608203,50.22738952839985],[-123.23942255231718,50.22322064289032],[-123.23797078991215,50.22024916022258],[-123.232940809023,50.21608686390778],[-123.2308088191011,50.21610915625034],[-123.23181906043226,50.22080423984259],[-123.23025527774011,50.22561386594394],[-123.22481269069823,50.22949537144046],[-123.22414144160788,50.23382984087705],[-123.22030855335241,50.234495530135696],[-123.21642765140459,50.23335449991073],[-123.21055193549365,50.23456185259386],[-123.20717734712592,50.23258386754657],[-123.20613803636066,50.22863426816082],[-123.20346808489032,50.22646846317543],[-123.1993029046241,50.226529782331255],[-123.18366437005143,50.22840860390856],[-123.17833879598037,50.22594574876332],[-123.17625760132073,50.22242014132867],[-123.17620466391013,50.21263331439312],[-123.16419602210726,50.20145640767382],[-123.16127761718731,50.200534077321514],[-123.15827651740462,50.20157330102281],[-123.15261938037986,50.20602159942297],[-123.14254622589385,50.209507524797196],[-123.14208210705468,50.21409904925337],[-123.13863849872057,50.21512443808444],[-123.13239939101622,50.21258958372373],[-123.12390560873597,50.20548658024085],[-123.12386246301243,50.20357502275813],[-123.12595324748276,50.198363386875776],[-123.12315174181735,50.198286509618136],[-123.12065945965183,50.20229234860497],[-123.1173079525883,50.20229189994379],[-123.1149651542391,50.19978633197761],[-123.11255557268834,50.19885296593854],[-123.10966843965821,50.18794114211528],[-123.10647014723878,50.18588799014798],[-123.09565583473929,50.188474395801],[-123.09227067188655,50.1881227097602],[-123.08525875156924,50.18564907068593],[-123.07980149613317,50.18715021172158],[-123.07145281434464,50.19108748899267],[-123.06825634367489,50.19190307615167],[-123.05864820851087,50.19253499182861],[-123.05742049238616,50.18818219062333],[-123.05252809489441,50.1803111971831],[-123.05567264982533,50.176374976937865],[-123.05596634365646,50.17331593634894],[-123.06215964958582,50.170537133302126],[-123.07230318110292,50.16784526505107],[-123.07551196216791,50.165604599408894],[-123.07761022280876,50.16059182907022],[-123.07577719071463,50.15281932926358],[-123.07549443533198,50.14709356532231],[-123.0744172512625,50.1405900330867],[-123.0740256963377,50.13038017047435],[-123.071969445851,50.12736273756479],[-123.06873633736211,50.12499318973325],[-123.00682439613462,50.165007298430055],[-122.98190184388672,50.164746757909725],[-122.95207033965217,50.16471966459322],[-122.95204789304641,50.168202427393425],[-122.93386833795927,50.16857404555672],[-122.93426674357188,50.1710953041408],[-122.9296659007162,50.17127166627202],[-122.93025945742586,50.17535741027768],[-122.92283031479724,50.17536893528946],[-122.922780215334,50.17399800474546],[-122.90894603130168,50.17399546009334],[-122.90867975946588,50.17027976156307],[-122.89767328387936,50.17044380379511],[-122.8972558141514,50.16593949855644],[-122.89856588995944,50.16252419966174],[-122.8976716026994,50.161020293795076],[-122.90110159034957,50.159092216277465],[-122.904512734924,50.160232973409315],[-122.90457506810993,50.162544576581695],[-122.90739122966762,50.16264939131639],[-122.9073213982166,50.16490779119768],[-122.91398804683803,50.165292676320696],[-122.91296270861196,50.150473811677536],[-122.914596345201,50.1504819019694],[-122.91365569600532,50.13715901673222],[-122.86058272968046,50.1368401506897],[-122.86010242522443,50.1185413646953],[-122.86079488923981,50.0499618079763],[-122.86100443792647,50.04016997522718],[-122.91631570408939,50.040187834926705],[-122.91259468181748,50.03790626736656],[-122.9067729892784,50.03774261369606],[-122.90024812543986,50.036014943185904],[-122.89593390786304,50.033316116478574],[-122.89197978757613,50.0296327220697],[-122.88882446989903,50.030064842476385],[-122.88772940718823,50.0325929218116],[-122.88482692989514,50.0327230791329],[-122.87959324229926,50.02880367769381],[-122.8722432068241,50.026576328561],[-122.87011845306233,50.02450242658087],[-122.87102599010585,50.022254401004105],[-122.86947286004704,50.019554703757905],[-122.86146036085155,50.01631549125986],[-122.85416447638416,50.016384067947044],[-122.8494357467216,50.01530682045082],[-122.84343264432307,50.01186559276767],[-122.8405333849421,50.01159013812875],[-122.83440676048434,50.012469476921225],[-122.82723751741875,50.015130065089146],[-122.82195660908219,50.01520872885513],[-122.8191846418272,50.01295202449135],[-122.81243986407138,50.013179562233645],[-122.80091505417093,50.01786006700661],[-122.80117824563385,50.023473813652664],[-122.79995999387098,50.026875038531756],[-122.79149737458482,50.02999887237237],[-122.79038146585722,50.03210048513787],[-122.79463526244291,50.03708201080826],[-122.79184177804234,50.04110298171102],[-122.79174971548981,50.04545432659962],[-122.79717027187465,50.05142481256874],[-122.80205902474351,50.05519768391602],[-122.80061979771685,50.05735116972915],[-122.8028528141431,50.06676208829062],[-122.80284158183505,50.07836844045486],[-122.80579703700597,50.087102182421475],[-122.80073869152878,50.09641309629465],[-122.7945735780044,50.10225515428382],[-122.79311757912583,50.10558870688113],[-122.7911980245335,50.11607115846443],[-122.78935746115233,50.123101150888196],[-122.79011578357172,50.129043104079344],[-122.78828729791957,50.131137664684424],[-122.78063202549316,50.132129856895865],[-122.76862748811084,50.13810463028072],[-122.7643577487774,50.136148681830726],[-122.7622799315478,50.13323673328915],[-122.74912408900502,50.14023454016573],[-122.7435290555011,50.137876225230265],[-122.74124412099118,50.14034678767113],[-122.74240155372954,50.144198565999005],[-122.739103178878,50.14786056073554],[-122.73396217427843,50.15129607736688],[-122.72563947443976,50.15368275836802],[-122.71720561253416,50.15270739269559],[-122.71365185977737,50.14880608988367],[-122.70750912411317,50.145780824054135],[-122.70104478832101,50.14477697270915],[-122.69302376704987,50.14429835806962],[-122.67136651396223,50.14417131190695],[-122.65991648438194,50.1431475622341],[-122.65843649885034,50.13493091547998],[-122.65175238990098,50.13123724152057],[-122.63799775553639,50.127803962157365],[-122.63822520980408,50.12326298596483],[-122.57350084449814,50.12350607153763],[-122.55115065636726,50.12381910468009],[-122.53207277363573,50.12380251763262],[-122.5221683402897,50.123839595721726],[-122.51885010549441,50.12374062681314],[-122.40586657429687,50.123336168074836],[-122.35699310557544,50.12405004614543],[-122.258440063193,50.12344431009231],[-122.26820431075564,50.13225606884557],[-122.27596392302047,50.14116165565902],[-122.27119693800468,50.14523821445685],[-122.28625880543808,50.152479161436055],[-122.29086355844142,50.157457434221605],[-122.2983209659315,50.173745008340774],[-122.31355319027828,50.172309162834274],[-122.3162511635791,50.18712021617825],[-122.30155517002186,50.192589410156835],[-122.30310842045523,50.198585846769966],[-122.29498215868844,50.20109906497266],[-122.28333360617738,50.19999384235624],[-122.27795120414179,50.20331647683247],[-122.27735027850851,50.214051393204805],[-122.26903318550946,50.21892305029849],[-122.26768438489488,50.22243597857169],[-122.27495590291251,50.22442455799392],[-122.28643632225739,50.22386352166834],[-122.29899553913943,50.22907335116683],[-122.30163009330842,50.22978728677058],[-122.31486661075093,50.228717897271075],[-122.35346504232918,50.23099222433193],[-122.35787365471637,50.23549533057796],[-122.35147226437431,50.24672523847304],[-122.346985418538,50.25069127634532],[-122.36086422182687,50.257875548076115],[-122.37365936200256,50.261609513424986],[-122.37131211653562,50.270975634913476],[-122.36350526857058,50.282194521910824],[-122.35755942037723,50.287401814454235],[-122.36056960000381,50.29189284518379],[-122.3663815214607,50.311555489010885],[-122.38516078170993,50.31865929943461],[-122.40805769851448,50.33290895708388],[-122.43875097177859,50.335347547993834],[-122.46244581602666,50.3511846520276],[-122.47065018224514,50.3585846310539],[-122.47209184643427,50.37164681408717],[-122.47694583547825,50.383480208165956],[-122.48675876122013,50.39059565764022],[-122.49287985482977,50.39116329752118],[-122.49911534322632,50.39292343475726],[-122.51706677779794,50.38773724723421],[-122.52752409567042,50.39048513733025],[-122.52762622692394,50.3921082195183],[-122.5232069259208,50.399915919162574],[-122.52337166539675,50.40727025711739],[-122.52592509757719,50.40991392572465],[-122.52518821606273,50.41480004141063],[-122.51725715965823,50.41969564027057],[-122.5050877149221,50.41749837968273],[-122.50194215384899,50.42154655954506],[-122.49538560263169,50.42022910752462],[-122.49398603016641,50.42569405764401],[-122.50057378468453,50.43086831324592],[-122.50536268913329,50.441017950997576],[-122.49808536951366,50.44456707347815],[-122.48543520544,50.44346352747778],[-122.46507457760649,50.43723169116457],[-122.44601473526146,50.43034000847028],[-122.44107515442614,50.426671806452205],[-122.43514582907534,50.41828882309894],[-122.42537024751189,50.40853195092493],[-122.41799192895208,50.40290476991471],[-122.4142548506823,50.398505947386454],[-122.40786307336793,50.39929330081947],[-122.4067707688965,50.40530661814548],[-122.40420968639673,50.40631479549815],[-122.3965467721884,50.411120562298414],[-122.38982866806452,50.411502353951576],[-122.38077318086452,50.41027688537854],[-122.37127545324886,50.41105249241022],[-122.35528157515503,50.414517072134025],[-122.33593650759265,50.41616797617984],[-122.33091035587309,50.41833149309668],[-122.31479906924476,50.42407825599092],[-122.30444443709817,50.430923600832934],[-122.30277854447296,50.44095002456328],[-122.30613194055759,50.454528607099014],[-122.3040668184237,50.462984749683606],[-122.29334411682258,50.469664282870724],[-122.28730033500834,50.475428879401115],[-122.29021080275616,50.48141998002462],[-122.29834482382212,50.48685429266654],[-122.3115318894313,50.494910580635334],[-122.31109286292292,50.50169308740033],[-122.31467146654309,50.50767755987434],[-122.32389723904885,50.508034195956554],[-122.33340219735709,50.51539368105024],[-122.33776736437765,50.520567940148304],[-122.34087342233852,50.520801040574284],[-122.35639088245135,50.523229937016026],[-122.36086860703055,50.52439225465352],[-122.37460568203937,50.5313099423551],[-122.38773241491856,50.53660974696461],[-122.39669451308787,50.54262220581945],[-122.40732130092763,50.54564943423499],[-122.41885282536519,50.55264160571519],[-122.4396953543268,50.55586753342099],[-122.45041518921127,50.55812463187055],[-122.45527996281136,50.561371450407336],[-122.44643944801396,50.5643119709469],[-122.43534503767337,50.56944589345116],[-122.42707050426563,50.574012198246145],[-122.41922533705,50.57967761928397],[-122.41398764448905,50.58445587368001],[-122.40893410230102,50.5913120013157],[-122.41217125285866,50.59207814037758],[-122.4329131798147,50.59887039892944],[-122.4293913977576,50.60171479475146],[-122.4305804223081,50.6050845028639],[-122.42937119276765,50.611652893468865],[-122.43111368342167,50.612488894538714],[-122.43149348114456,50.61614199399192],[-122.42818600533613,50.618490610557075],[-122.43041511862637,50.621172305310125],[-122.42931039899139,50.62372019623191],[-122.42832158209488,50.62944409834141],[-122.43708809928654,50.630259726430076],[-122.43689180528399,50.61930919682106],[-122.44816124755813,50.61945144453064],[-122.44831578424804,50.613913984076405],[-122.44978762484436,50.60195024954777],[-122.45801407895266,50.60211634681355],[-122.4581942096069,50.59842717840879],[-122.46242633706515,50.597379408959746],[-122.46129201207917,50.59216079180536],[-122.46677707947205,50.59104845617859],[-122.46701606126697,50.57820314005725],[-122.47808284024742,50.57768217975821],[-122.47834015736557,50.566635633816034],[-122.50414790778943,50.5665081452467],[-122.50773859867148,50.568360338025705],[-122.53719618528524,50.58046079173972],[-122.5503942389386,50.57981716555404],[-122.5853965568226,50.59328721656506],[-122.60986272699454,50.59979243858802],[-122.60780499689487,50.604173451333224],[-122.61081793919055,50.60945573595731],[-122.61251261427039,50.61561260777922],[-122.61088830695223,50.62721727909864],[-122.6089119773671,50.63430191195349],[-122.61146884050014,50.63567289301305],[-122.61867900202853,50.639401383605744],[-122.62478383035291,50.64679353485608],[-122.62923740522001,50.652807063987844],[-122.65921647508799,50.6511323071965],[-122.6637124592427,50.64989083665361],[-122.66951524147859,50.650412187924594],[-122.67163067694571,50.65144113463443],[-122.67811632595728,50.65209565874065],[-122.68764363456067,50.65036230490935],[-122.69414136203648,50.64703930290574],[-122.70392772356323,50.64355494052161],[-122.71676641484274,50.65204008171951],[-122.72900999803238,50.65609696800387],[-122.75151918984571,50.654120353285656],[-122.75426339306263,50.65738887595659],[-122.75789463777384,50.65899451098296],[-122.76124657541123,50.65917443987098],[-122.76695904800849,50.66141345218785],[-122.76941412840435,50.65973041858282],[-122.78015844678613,50.6654426401847],[-122.78316539284124,50.664125181715086],[-122.78456872076534,50.66177173685512],[-122.78282146919543,50.65890316813292],[-122.77860936752565,50.656941995921656],[-122.77752703569939,50.65502847468173],[-122.78056969090215,50.65330600839538],[-122.78850619655036,50.65089370652512],[-122.79244208587129,50.648451916720795],[-122.80140309460961,50.64616917994262],[-122.81638618715938,50.647398776693976],[-122.83283343294013,50.64619964998795],[-122.84873949569445,50.63027219545841],[-122.85856138370026,50.62633589483853],[-122.85852460317494,50.62350777810817],[-122.86107123896983,50.61949143093227],[-122.86490717424249,50.61701112866709],[-122.87173284699605,50.61501738039329],[-122.88871702303796,50.61415640508528],[-122.89197198273658,50.61289651078972],[-122.89696589516225,50.6091542702312],[-122.9068885984672,50.60350491198725],[-122.91339071169777,50.60201090784685],[-122.92292876234261,50.601063934504644],[-122.92793934294987,50.601178201443986],[-122.92973037837113,50.59686109312371],[-122.93138336140748,50.58477551624541],[-122.93286271111648,50.580090309936416],[-122.93493442390373,50.576546050105236],[-122.94175560898442,50.562391588360704],[-122.94089318664686,50.55289534053391],[-122.94724672872812,50.54812412212366],[-122.95129875594503,50.54720997612285],[-122.95676149316246,50.548727689670855],[-122.96822994462805,50.56147328640007],[-122.97853256004981,50.56865044248353],[-122.98114412182646,50.569410866722194],[-122.98686981353599,50.56768321248347],[-122.98985015992727,50.56918255526177],[-122.99077939114088,50.57624092960998],[-123.00420623814306,50.59110273171082],[-123.0188095694819,50.60111020908833],[-123.02844276720019,50.60308739754863],[-123.03883471315031,50.6011966494134],[-123.042684900138,50.598986106992676],[-123.04375860147063,50.59481960578487],[-123.03485221003756,50.59096437021488],[-123.03159649987137,50.58808659562581],[-123.03166607708657,50.584080267098116],[-123.03549737989685,50.57880311530562],[-123.0445967874128,50.5773113289654],[-123.06081737884702,50.58317118461215],[-123.08147489052674,50.59399735169983],[-123.09540678673359,50.60537297792714],[-123.09667733002381,50.60746874369496],[-123.10426485857492,50.61705398618967],[-123.1119086515299,50.62338803245924],[-123.12164906318353,50.62915576542032],[-123.13251521903533,50.63271023134293],[-123.14192057036058,50.63387513770553],[-123.1542328576933,50.63454301244145],[-123.16370945354146,50.63470040147717],[-123.16727104718757,50.636722663151794],[-123.167124152873,50.64283131878613],[-123.1573179071382,50.65322223317664],[-123.18069122107931,50.65663185775994],[-123.18746497871979,50.665406699928866],[-123.19822698061758,50.67502261057471],[-123.19796314581029,50.68175675294955],[-123.20005304288578,50.688478918841234],[-123.21502759280733,50.70583669616764],[-123.22008594493862,50.710914914252804],[-123.2358011320792,50.722960312735566],[-123.27476738427877,50.73269249867892],[-123.29090752664138,50.7328812517559],[-123.30767250185617,50.729689949536564],[-123.32132706289808,50.73135546672248],[-123.33818886128773,50.74965882792018],[-123.35825639949867,50.761165227071714],[-123.36072951437245,50.7915344665439],[-123.36551398591821,50.8006207744272],[-123.36996388869424,50.796198075995584],[-123.3760688308148,50.79238247236855],[-123.38197932276769,50.78969671326944],[-123.40770636882526,50.780558982571],[-123.42055065185029,50.78580847823301],[-123.42640257825069,50.79090219334895],[-123.43907265358435,50.79654941822313],[-123.45429726663295,50.79820876484872],[-123.46983827772186,50.79409165481664],[-123.48882257780356,50.78500912893316],[-123.4902066333176,50.77964384282626],[-123.49672976369781,50.779147425453466],[-123.50280303415622,50.779854178410105],[-123.51169307622095,50.786784295862574],[-123.52029004599441,50.79434866769209],[-123.5251066580078,50.79775280262886],[-123.53320012925232,50.80056131304604],[-123.54448549908261,50.80120349995609],[-123.54957709815793,50.80051466185543],[-123.56281667971238,50.79754875695264],[-123.5756749327282,50.79217923132175],[-123.58518349229664,50.78609722390608],[-123.59656033045044,50.78096789792404],[-123.60707809396123,50.7768000243309],[-123.61275521536169,50.77630420808523],[-123.61743104327238,50.781487631202985],[-123.61922974512089,50.78571483450553],[-123.63005121339742,50.792599644748805],[-123.64004007898998,50.795175346419526],[-123.67537088546673,50.80108313232313],[-123.68384109208819,50.80079835326273],[-123.68885296814953,50.799676875074745],[-123.69639181169553,50.79221672452834],[-123.7065566870538,50.79237287099875],[-123.71987186848942,50.80125513305976],[-123.72513092573405,50.813325376351195],[-123.72496040760389,50.82888815229626],[-123.72380217251602,50.835755998215056],[-123.7250815269585,50.840099357914546],[-123.72950828236213,50.84286088093973],[-123.73126570679861,50.843924728884275],[-123.7431789908926,50.84407220445857],[-123.76947251676572,50.84083657529633],[-123.78296196289496,50.835577892519815],[-123.79530284089309,50.833680937755226],[-123.80977398466005,50.8373645212937],[-123.82350806969036,50.839802845245885],[-123.82729071837649,50.83727103452928],[-123.8287116205738,50.82877045459537],[-123.82323535040875,50.82324280781766],[-123.8120387150145,50.81931252214899],[-123.80385395202184,50.80779597338126],[-123.80119101864257,50.797181974925934],[-123.81158725734059,50.795134175216205],[-123.8229020798329,50.78647630657612],[-123.83723359807054,50.77701394250327],[-123.8397707370201,50.76876743693593],[-123.84704458697526,50.76104805315853],[-123.85792917161177,50.75567634528632],[-123.8672827789193,50.74776361436658],[-123.86291100884014,50.74285665115151],[-123.84941097470323,50.74067091584557],[-123.8356425359544,50.73089602790957],[-123.82767845172582,50.72170535587902],[-123.82939779079446,50.71667514484171],[-123.83205492677985,50.713938256210234],[-123.83296495482668,50.71300100853615],[-123.82793306256426,50.708757396561445],[-123.8198990712864,50.703776021680575],[-123.81619292785277,50.7104277252443],[-123.80617190425257,50.71342796274129],[-123.7997595461881,50.717180618157116],[-123.79724250526945,50.71774192049324],[-123.79293265079616,50.71622847223529],[-123.78975247376748,50.717180089127815],[-123.78968385116542,50.72086221261204],[-123.78860684333264,50.72251041822062],[-123.77826922533401,50.72357609244091],[-123.77446285506313,50.72061649748952],[-123.76636414610958,50.72137655166868],[-123.76256333525463,50.72016091061625],[-123.75788377956117,50.71734656687376],[-123.74539923760229,50.71360018398078],[-123.73865343867912,50.708966069125196],[-123.73614994316341,50.70809196625782],[-123.7333278928767,50.70510743526609],[-123.72787482285268,50.69732737670491],[-123.72801124985124,50.69458378968261],[-123.73613656378438,50.68573534961786],[-123.73723142412575,50.680913964561256],[-123.7362798552649,50.6763280957433],[-123.73919231617703,50.670716468177986],[-123.74479598442873,50.66416931159313],[-123.74500494659488,50.65784622972762],[-123.7537980732534,50.6538632703248],[-123.75499194932107,50.64801634066056],[-123.7563393872113,50.64465108252642],[-123.75683311044243,50.63897653831131],[-123.76124948118394,50.633855917060046],[-123.75971062998345,50.62522269517928],[-123.75580910907759,50.615347367271276],[-123.75973113987445,50.6120698743134],[-123.76418347883404,50.61114873878061],[-123.76296363779075,50.60537553743377],[-123.7648597815582,50.602646643836565],[-123.76403291265174,50.600233231697906],[-123.75817809260343,50.59719004269722],[-123.7553103869626,50.5950121265633],[-123.75724309579797,50.59290634104678],[-123.75580499855187,50.590070850282636],[-123.75548153472224,50.58621056425016],[-123.75270149695064,50.58384350749534],[-123.74818273318296,50.58351183611512],[-123.74542143969023,50.581455976977026],[-123.74588812818894,50.57938601596312],[-123.74080070600412,50.57432846901252],[-123.74484313919423,50.571485538927305],[-123.74335201001276,50.55929414607575],[-123.74625650446818,50.55541876190643],[-123.7453116813932,50.54589728531356],[-123.7423306896107,50.5439814739555],[-123.7441240553631,50.53805492524022],[-123.75112222044937,50.53347518881751],[-123.76290882710308,50.528575187990434],[-123.77699438174588,50.52709654064736],[-123.78888162607286,50.53025535300785],[-123.79313972876265,50.53529177213895],[-123.80171431653658,50.54048149880398],[-123.80746966336348,50.53604954982559],[-123.81849464798293,50.53297300635219],[-123.83246617277736,50.53350042786563],[-123.83801358470306,50.52985701901745],[-123.84211029084737,50.52877329124924],[-123.85565044631424,50.52856094249571],[-123.88639389746848,50.530594558728566],[-123.89729471223659,50.52838821622651],[-123.90440718426714,50.521380393853974],[-123.91297886507759,50.52218207182656],[-123.9251250518074,50.531460746706806],[-123.93941760964799,50.527638749798584],[-123.95617090747682,50.520072852063144],[-123.98281270331545,50.51396229153911],[-123.98538514004834,50.511951038956006],[-123.9988211554812,50.50554630466454],[-124.0033138513659,50.496792922537985],[-123.99640049790014,50.473882588521704],[-123.98436823810448,50.475914516289066],[-123.97643831223976,50.47870218037213],[-123.97142612732911,50.4848598204055],[-123.96809928366982,50.490973713413794],[-123.9615071176421,50.48833767131165],[-123.96505046678476,50.48047496567375],[-123.96257970257193,50.47363337480449],[-123.94870930729077,50.457591538426726],[-123.93649544510558,50.45143023735325],[-123.9344649747217,50.44608792829451],[-123.93948647174093,50.43495207080274],[-123.95146448918575,50.42190663310702],[-123.9441927398096,50.408501836098424],[-123.92300735355663,50.398901525862456],[-123.92127659770328,50.39290508136036],[-123.92395431069343,50.38204858124162],[-123.91190251803637,50.36207878240845],[-123.90996346226015,50.35941361321869]],[[-122.72816558883092,50.30985162256573],[-122.72335577036274,50.309820029003966],[-122.72242883707172,50.311249127491216],[-122.71626488841811,50.313279600100465],[-122.71384249479563,50.31223999218739],[-122.70949211805002,50.313954694373244],[-122.70603034971377,50.31399992260965],[-122.70438134743367,50.31870682026026],[-122.70084838988537,50.32190314151398],[-122.70578291659551,50.32329889927522],[-122.71177325487389,50.32017985760619],[-122.70868352522872,50.34592336471489],[-122.70854920458726,50.35309094978595],[-122.69385142637505,50.35255612032459],[-122.68775192681133,50.337268748757865],[-122.68740321213686,50.33524575149099],[-122.68216732543333,50.33485239345093],[-122.67740001904453,50.335422329483215],[-122.68028371899578,50.344237368085416],[-122.65928215228732,50.34418433387736],[-122.6592489260374,50.3412123005459],[-122.63811028060516,50.34120608748452],[-122.64016709610833,50.32310704232252],[-122.63106206802047,50.32322103779275],[-122.63079851017915,50.31052320686119],[-122.61479199618572,50.312987703599916],[-122.61101776392972,50.30805469369448],[-122.60929822772724,50.301663015508],[-122.62688225924443,50.30267537458354],[-122.6350789229322,50.303945186186446],[-122.63965079003474,50.30370288506801],[-122.64658509244558,50.30086908857678],[-122.65250748088795,50.2990798029346],[-122.65831289347815,50.3000743944258],[-122.66601600101126,50.29866579631981],[-122.67011549233538,50.29888520095188],[-122.67782129898936,50.301109804692295],[-122.6817757209137,50.30132082621647],[-122.68484050188187,50.30152561154215],[-122.70183679759276,50.304915294095046],[-122.7087857185359,50.30522150240982],[-122.71687220027157,50.30325319078798],[-122.72152741250345,50.304371203750236],[-122.7256140116442,50.30678100127445],[-122.73217010817501,50.308790003896256],[-122.73289572278335,50.31022833911245],[-122.73561522389745,50.31074591532853],[-122.74342199745321,50.30896547226823],[-122.74773522945435,50.31187682356845],[-122.75082406750131,50.31212958788992],[-122.75573982467003,50.31111702709442],[-122.7596143724288,50.31135212459123],[-122.76136734208899,50.31489041109709],[-122.76604025227168,50.31628164956788],[-122.76917333967114,50.31594452759677],[-122.7692096049559,50.310360893938324],[-122.76816489443534,50.3090844102387],[-122.76385610507106,50.30790581250239],[-122.76120588787255,50.305474700007046],[-122.75576519474969,50.304069308092416],[-122.74579999786873,50.302959812159855],[-122.74258170951336,50.30340268975166],[-122.73848600604597,50.305353910448346],[-122.73261265765107,50.30671532101621],[-122.72603709214978,50.305972952251395],[-122.72288301876736,50.30293211842415],[-122.7327644426905,50.301658381822506],[-122.73297919268576,50.29993067945372],[-122.7371363055914,50.29923288544046],[-122.7435602485181,50.300304211341796],[-122.75464807709751,50.29994899828229],[-122.75994999106489,50.29846640626615],[-122.76244148163244,50.29688840018109],[-122.76715690629892,50.297617587812454],[-122.77115150135849,50.29612360408518],[-122.77280299989874,50.29687421232567],[-122.77852099866243,50.29634439390174],[-122.78118007537701,50.297950894953345],[-122.77794401893453,50.29962719946136],[-122.78021931689497,50.30258950091763],[-122.77470171422911,50.30531259453885],[-122.774377857531,50.30735886679225],[-122.76791658392037,50.3073962819895],[-122.76975530237087,50.31035636804466],[-122.77368415602741,50.310379636096336],[-122.77383602540601,50.315636205240004],[-122.79267259099966,50.31567188315162],[-122.79574282077387,50.31440778530998],[-122.79927103171144,50.31427414232207],[-122.79900987321983,50.30816955646221],[-122.80428119317213,50.308075323696016],[-122.80409224878176,50.29632738997889],[-122.80892822183603,50.29637188237688],[-122.81037190651045,50.302505289506314],[-122.81409009396278,50.29890171361896],[-122.82074049409802,50.29715999040268],[-122.83315868154565,50.29252830199773],[-122.83687470766891,50.288896898726954],[-122.84243110527805,50.28689040095808],[-122.84729748839133,50.2867775084613],[-122.84858288538763,50.28500330519136],[-122.85215901463768,50.284348695441444],[-122.85673380479103,50.28148780706348],[-122.85971020424569,50.27762534368616],[-122.86281357530238,50.27559122125791],[-122.85969483539462,50.27353446135635],[-122.86239026180601,50.26846455497532],[-122.86581158791145,50.264640839927736],[-122.86403678199541,50.261024387985444],[-122.86431285822857,50.25658146284917],[-122.85383438692342,50.25676572315508],[-122.85359303863939,50.24691716673151],[-122.8571129514624,50.24688965485561],[-122.85830255632811,50.24551189400252],[-122.85637139708665,50.24242478554408],[-122.86832460156157,50.24214263740336],[-122.8654883115273,50.247497417319316],[-122.86498619227724,50.25252790756944],[-122.86666198662678,50.25592689419929],[-122.86682187448609,50.26135942032983],[-122.88424982085208,50.26100015678587],[-122.88433588943023,50.26890781929993],[-122.89062580089681,50.271974428301974],[-122.89068809921456,50.276420452931674],[-122.87053963599517,50.2758800502885],[-122.86986224110075,50.28023028257675],[-122.86194917514122,50.280268928900334],[-122.86121891820616,50.28407927090644],[-122.85567039933346,50.284104239982206],[-122.85451711206422,50.28839152910904],[-122.84829260647021,50.28831864280599],[-122.84335322565343,50.29079079181035],[-122.8411302340711,50.30319900601931],[-122.82907554513949,50.3030940870434],[-122.82868754683433,50.310315552129275],[-122.83293321016289,50.31085379186015],[-122.83860278138054,50.309997143409426],[-122.85134210597127,50.30687531939299],[-122.85882448481159,50.30318212355306],[-122.86321193935579,50.30178182091439],[-122.87097397723117,50.30133566512084],[-122.87964170692662,50.29741811711625],[-122.88106812623846,50.29271313601776],[-122.890708585391,50.296093082774796],[-122.89951530303901,50.3012172473569],[-122.90517925177167,50.30529917002784],[-122.90946035234784,50.30379007645016],[-122.917073089545,50.302933650033225],[-122.94055608483798,50.30690657900099],[-122.96137511334416,50.314878042365685],[-122.98004730474338,50.31606220565117],[-122.99130228923109,50.32186596905395],[-122.99999752340436,50.331493071542276],[-122.99743554059401,50.33756675820447],[-122.9794084539746,50.34195128956078],[-122.97477322428986,50.33800589455089],[-122.95581197374777,50.34532798160824],[-122.95240154835356,50.345297213002404],[-122.94881558112958,50.340777657537956],[-122.9424066582488,50.337543592311015],[-122.93482100498412,50.34185629298241],[-122.92311872194327,50.33998814949832],[-122.92067786691757,50.339085521464334],[-122.91293544342837,50.34177998155312],[-122.90895588291826,50.3384137199455],[-122.9039269374287,50.33622506337961],[-122.89389196362706,50.33595299411341],[-122.88955485605062,50.33862650104289],[-122.8842931339416,50.33661425626532],[-122.8806975057057,50.33696886983968],[-122.87464169521004,50.33945685656569],[-122.87119046824692,50.336811229569015],[-122.86553544667895,50.33028871246683],[-122.86040830701879,50.327158459740225],[-122.8561312938628,50.32618739550239],[-122.85222239960181,50.326633886424766],[-122.8471809834018,50.3260236759122],[-122.83551579532084,50.3254002119073],[-122.83154309638982,50.322947017065154],[-122.82043454159816,50.323778895701324],[-122.81933470224793,50.3354432423322],[-122.81410099229535,50.33563314089149],[-122.81405887387993,50.331983740104576],[-122.81217835760485,50.33194685879616],[-122.81226588372363,50.328370442807255],[-122.80273544178775,50.32839484896975],[-122.80269669857809,50.326461038346785],[-122.7980349265163,50.32627128833161],[-122.79779368365467,50.32087221161153],[-122.79260798350063,50.32107825325321],[-122.79267779651681,50.31599967814304],[-122.77208299133756,50.315928600209986],[-122.76549517895482,50.31685410617334],[-122.76031323309233,50.31697567043197],[-122.75979591904624,50.3205544990751],[-122.7648152117568,50.31978259918407],[-122.7649299040848,50.322012900634235],[-122.76734365333725,50.3291943119085],[-122.77016417297621,50.33159568503575],[-122.77793811491591,50.332256723248136],[-122.77819030804322,50.329179696658066],[-122.78462320942198,50.3309193856049],[-122.78444506786568,50.33297615847872],[-122.78683150426914,50.334331933212454],[-122.78325407608173,50.33808315457758],[-122.77669516818015,50.337813485633575],[-122.76941144566445,50.332057463983766],[-122.7663288168854,50.33180182395384],[-122.76467966772577,50.333386370165485],[-122.76441720838842,50.341260196434725],[-122.76244428763846,50.34122395269562],[-122.76256357078705,50.33112803859564],[-122.75713986281428,50.330798273178594],[-122.75644644898813,50.335897852158716],[-122.75199078939374,50.338484052459584],[-122.74609230090888,50.333707404061656],[-122.744329643406,50.33626018383968],[-122.74031542863207,50.33630958237137],[-122.73972727860031,50.33159805981301],[-122.7341955458804,50.331033293161255],[-122.73374572723283,50.324645336960536],[-122.7385870486641,50.32457813592485],[-122.73947131896304,50.31028096008433],[-122.73559229574367,50.31110467688124],[-122.73054025127924,50.31019793918725],[-122.73081815432074,50.31503662952143],[-122.72569165363498,50.31707704243582],[-122.72500812959646,50.324691736042745],[-122.71777643885721,50.32463048259711],[-122.71766518135213,50.317218353555155],[-122.72508057392047,50.31707835731375],[-122.72523556367734,50.309949379575336],[-122.72816558883092,50.30985162256573]],[[-122.4855519856223,50.54180626428381],[-122.49001862801674,50.541827268213936],[-122.49030325336916,50.55386971270914],[-122.48328224127432,50.55213904680984],[-122.47672926852437,50.55105099567406],[-122.47476239882552,50.553149737515994],[-122.47246519099953,50.55207820162254],[-122.47091950033516,50.549003397705164],[-122.4678052843472,50.54863019762191],[-122.46395672308527,50.55079088951797],[-122.46488658100147,50.54227564125232],[-122.4855519856223,50.54180626428381]],[[-122.74494799535583,50.307258110871764],[-122.7439683021964,50.30403509179007],[-122.75139670040261,50.30410628593862],[-122.75771086656833,50.30544056862823],[-122.75812154396675,50.310778696491504],[-122.75153178432736,50.310482501772874],[-122.74758151080869,50.31148090366269],[-122.74553861200891,50.30988430275486],[-122.74494799535583,50.307258110871764]],[[-122.49126975021933,50.52750941837318],[-122.49203851576493,50.52514929519808],[-122.49729499054921,50.52610461813431],[-122.49658757838702,50.52780556297862],[-122.49126975021933,50.52750941837318]],[[-122.48769714683668,50.53234167657437],[-122.48410456727021,50.532880266889485],[-122.48407751657876,50.52935470619093],[-122.48727088532048,50.529431616045514],[-122.48769714683668,50.53234167657437]]]}},{"type":"Feature","properties":{"shapeName":"Numukamis 1","shapeISO":"","shapeID":"43193130B20174975072778","shapeGroup":"CAN","shapeType":"ADM3"},"geometry":{"type":"Polygon","coordinates":[[[-125.01923688154201,48.89450406374659],[-125.00122218252957,48.894656795073324],[-125.00112515699306,48.88766444667936],[-124.96914540579115,48.887643783584416],[-124.96958504776556,48.90889078422129],[-124.98346559505221,48.908664380139214],[-125.00207671310642,48.90881408572267],[-125.00128798339826,48.91568697748764],[-125.00465560247069,48.91529000071759],[-125.003700977348,48.91260819316875],[-125.00914900991474,48.91028100536837],[-125.01092211211872,48.907156304325895],[-125.00872229369985,48.904710888291774],[-125.00922351090396,48.9022555968673],[-125.01635759470226,48.89875770935638],[-125.01729897945025,48.89604179646465],[-125.01923688154201,48.89450406374659]]]}},{"type":"Feature","properties":{"shapeName":"Union Bay 4","shapeISO":"","shapeID":"43193130B20187927867705","shapeGroup":"CAN","shapeType":"ADM3"},"geometry":{"type":"Polygon","coordinates":[[[-123.4511138926217,48.66256217493157],[-123.44412588923205,48.66266809341318],[-123.44404820552614,48.66618181283902],[-123.45681237416241,48.66622421132681],[-123.45803032044414,48.665943114092954],[-123.45525662126164,48.665363999361844],[-123.4511138926217,48.66256217493157]]]}},{"type":"Feature","properties":{"shapeName":"Priest's Valley 6","shapeISO":"","shapeID":"43193130B20608754258886","shapeGroup":"CAN","shapeType":"ADM3"},"geometry":{"type":"Polygon","coordinates":[[[-119.34854178247147,50.24829113053463],[-119.34581311777619,50.24562679367381],[-119.3306621807496,50.245730045704235],[-119.33083920649345,50.248449739897744],[-119.34854178247147,50.24829113053463]]]}},{"type":"Feature","properties":{"shapeName":"Tsussie 6","shapeISO":"","shapeID":"43193130B20950269413446","shapeGroup":"CAN","shapeType":"ADM3"},"geometry":{"type":"Polygon","coordinates":[[[-123.67441356393279,48.88189627984417],[-123.6732621363936,48.8850599568979],[-123.67849380769012,48.884985123920416],[-123.67820724116767,48.88252442571974],[-123.67441356393279,48.88189627984417]]]}},{"type":"Feature","properties":{"shapeName":"Malachan 11","shapeISO":"","shapeID":"43193130B21352491137100","shapeGroup":"CAN","shapeType":"ADM3"},"geometry":{"type":"Polygon","coordinates":[[[-124.66617830751304,48.813765202978296],[-124.67023068911152,48.81063910473691],[-124.6762988557368,48.80846124916485],[-124.6717376438265,48.80427330203042],[-124.66326330056904,48.80411482866104],[-124.66406256480438,48.80908215237258],[-124.66601348380507,48.81022349988287],[-124.66617830751304,48.813765202978296]]]}},{"type":"Feature","properties":{"shapeName":"Speyum 3","shapeISO":"","shapeID":"43193130B21594140867824","shapeGroup":"CAN","shapeType":"ADM3"},"geometry":{"type":"Polygon","coordinates":[[[-121.46754956140134,49.93031106926325],[-121.46228402757403,49.929192095822714],[-121.46459991242578,49.932195399902916],[-121.47021330653412,49.936254382727014],[-121.47249539505206,49.9385701967996],[-121.47583059554438,49.944594587564076],[-121.48205338618783,49.95238498950397],[-121.48385970035228,49.95174807812064],[-121.48338882834784,49.941229683443936],[-121.48342474717332,49.932114935824615],[-121.4724816628455,49.931358854056924],[-121.46754956140134,49.93031106926325]]]}},{"type":"Feature","properties":{"shapeName":"Silverton","shapeISO":"","shapeID":"43193130B21620157215952","shapeGroup":"CAN","shapeType":"ADM3"},"geometry":{"type":"Polygon","coordinates":[[[-117.35300401331878,49.95477320207613],[-117.35683578835051,49.95743931213603],[-117.36155279222272,49.95885985311174],[-117.36410765021392,49.957328553924484],[-117.36647160093779,49.95394709242406],[-117.36676447154491,49.951126890396054],[-117.36334870423825,49.94682978202886],[-117.35610909821867,49.949685707782834],[-117.35300401331878,49.95477320207613]]]}},{"type":"Feature","properties":{"shapeName":"Saddle Rock 9","shapeISO":"","shapeID":"43193130B22529424822372","shapeGroup":"CAN","shapeType":"ADM3"},"geometry":{"type":"Polygon","coordinates":[[[-121.39401647132635,49.62649168784589],[-121.39041849230284,49.62894131308567],[-121.39305619576278,49.63331370433498],[-121.3983695054147,49.63596101966143],[-121.39861735194573,49.6299349577204],[-121.39543516604797,49.62991211639017],[-121.39401647132635,49.62649168784589]]]}},{"type":"Feature","properties":{"shapeName":"Burrard Inlet 3","shapeISO":"","shapeID":"43193130B2261776280777","shapeGroup":"CAN","shapeType":"ADM3"},"geometry":{"type":"Polygon","coordinates":[[[-122.96944301822549,49.30313896812675],[-122.96945202598411,49.31220979895807],[-122.97897113309457,49.312533788774196],[-122.98097413679058,49.31309756484721],[-122.99117527680856,49.31269686196134],[-122.99067259927082,49.30756239564897],[-122.98562321799598,49.30842589706757],[-122.97800370107835,49.30687711190472],[-122.97185619727347,49.303673585882876],[-122.96944301822549,49.30313896812675]]]}},{"type":"Feature","properties":{"shapeName":"Cole Bay 3","shapeISO":"","shapeID":"43193130B22878561156524","shapeGroup":"CAN","shapeType":"ADM3"},"geometry":{"type":"Polygon","coordinates":[[[-123.47118303722107,48.61897261876379],[-123.47141791572732,48.61587395887698],[-123.45893101376114,48.61616166798237],[-123.44371652670502,48.61579991165553],[-123.44414481981912,48.630013904799576],[-123.46574365831191,48.6300754021223],[-123.4644711012497,48.62909939480722],[-123.47118303722107,48.61897261876379]]]}},{"type":"Feature","properties":{"shapeName":"Port Hardy","shapeISO":"","shapeID":"43193130B22957393052466","shapeGroup":"CAN","shapeType":"ADM3"},"geometry":{"type":"MultiPolygon","coordinates":[[[[-127.41405009106215,50.695304251257106],[-127.41984589253232,50.69766660332759],[-127.42411741727106,50.70160880515744],[-127.42543119938534,50.70471218547902],[-127.42590087955726,50.71219209605295],[-127.42533730715444,50.71763399462087],[-127.42377730422007,50.71833936026842],[-127.42762164752556,50.71836738915778],[-127.42883921564479,50.72646278491826],[-127.4418674030789,50.72565594733992],[-127.45708464603199,50.72220839941043],[-127.46465051811907,50.721072103595326],[-127.46859829728633,50.72248198836733],[-127.4751810013987,50.7187648886032],[-127.48286418483094,50.71594210603803],[-127.48217449029997,50.712767495808016],[-127.47692528868046,50.71040479194558],[-127.47628521209353,50.70869709186912],[-127.47274959046155,50.70768879100651],[-127.47293150425816,50.70555960763941],[-127.47007329774874,50.70417238955429],[-127.47196738156984,50.70079849497594],[-127.47793139013532,50.698115290222724],[-127.48044530846308,50.700055008319225],[-127.4805395909319,50.702835106601796],[-127.48625268144151,50.70931239373712],[-127.49000130067238,50.71072799261605],[-127.49377579588854,50.71497791397754],[-127.48878810904837,50.71497500721094],[-127.48768711829268,50.720177694391225],[-127.49168278753883,50.72365559148925],[-127.49138409875542,50.72813050319013],[-127.49425008371428,50.730668406337124],[-127.49906158457179,50.731287896305346],[-127.50262019602766,50.734414703088724],[-127.50526502362962,50.73387276240535],[-127.52316365727538,50.73456050189636],[-127.52140910299525,50.71497750921585],[-127.5213338789873,50.70718825547849],[-127.52076569527195,50.7057038063506],[-127.50617035836869,50.705550523292075],[-127.4952335598872,50.70582072459153],[-127.49381329049206,50.70320611188064],[-127.4948265387276,50.690827206097794],[-127.49101858814208,50.6909507917534],[-127.48804345652051,50.68824470489304],[-127.47768089692924,50.68881559206915],[-127.47321328734364,50.688425395014534],[-127.4665226186105,50.68920038739554],[-127.46616980681031,50.68375053140141],[-127.43542460604799,50.68325006466009],[-127.4181150199917,50.68240939703912],[-127.41772333363859,50.676884897478146],[-127.39880136620215,50.67588720033508],[-127.38372527495036,50.67611828217305],[-127.38398451548927,50.67324387818133],[-127.37930114668403,50.6732271612887],[-127.37912904977703,50.66853209704659],[-127.37222335509257,50.669031215796515],[-127.37225566385202,50.665860074579456],[-127.35157634113,50.666496703680984],[-127.35159313752551,50.66827286369051],[-127.34640417542899,50.66829977800337],[-127.34550345454622,50.66232201653219],[-127.3280305422798,50.662673787294395],[-127.32886762211686,50.67106564122374],[-127.33703277849315,50.67134009628453],[-127.34023830498857,50.67271729130207],[-127.34371799079156,50.67637329820408],[-127.34888719440178,50.67792141643968],[-127.35040621794961,50.67940970443801],[-127.35411677670037,50.67974009939625],[-127.35723110593356,50.68179949660123],[-127.36952730719665,50.68685539867777],[-127.37148499440369,50.68836649236595],[-127.3774160848591,50.690445895605606],[-127.38015266813215,50.69442413828407],[-127.38579855014228,50.69445597468177],[-127.38741778247648,50.69976730118153],[-127.38897930873173,50.69842999901597],[-127.3936384024465,50.697568391090506],[-127.39754348510854,50.69809959896945],[-127.40299352520368,50.69649782089463],[-127.40288957445027,50.69525379188968],[-127.40808910184195,50.69454904098262],[-127.40810487530857,50.69206882452476],[-127.41374808808192,50.69203735509739],[-127.41405009106215,50.695304251257106]]],[[[-127.48944311740289,50.59279881113349],[-127.48323212849023,50.592430854383664],[-127.48346345474475,50.59544532824934],[-127.49105025754514,50.59795031660293],[-127.49181292499588,50.60075225584525],[-127.49835599439344,50.60063753108502],[-127.49868839552819,50.6021212839497],[-127.51540516823972,50.60146992030977],[-127.51401114533864,50.59539745451828],[-127.50880179158624,50.59433706723806],[-127.5063965936777,50.596307092202856],[-127.50373049773344,50.59622730626299],[-127.500226020856,50.593988496422575],[-127.48944311740289,50.59279881113349]]]]}},{"type":"Feature","properties":{"shapeName":"Seaichem 16","shapeISO":"","shapeID":"43193130B23074899798565","shapeGroup":"CAN","shapeType":"ADM3"},"geometry":{"type":"Polygon","coordinates":[[[-123.14245729058467,49.755817004608886],[-123.14240922245658,49.75434580358029],[-123.14131266017957,49.75315219932907],[-123.14122363959059,49.75579611842307],[-123.14245729058467,49.755817004608886]]]}},{"type":"Feature","properties":{"shapeName":"Fraser Valley C","shapeISO":"","shapeID":"43193130B23333222800138","shapeGroup":"CAN","shapeType":"ADM3"},"geometry":{"type":"Polygon","coordinates":[[[-122.5221683402897,50.123839595721726],[-122.52289461095641,50.12187019528228],[-122.52678282099664,50.11926960034316],[-122.52916460086603,50.120403185581914],[-122.5328721986599,50.12031918725808],[-122.53207277363573,50.12380251763262],[-122.55115065636726,50.12381910468009],[-122.57350084449814,50.12350607153763],[-122.63822520980408,50.12326298596483],[-122.63799775553639,50.127803962157365],[-122.65175238990098,50.13123724152057],[-122.65843649885034,50.13493091547998],[-122.65991648438194,50.1431475622341],[-122.67136651396223,50.14417131190695],[-122.69302376704987,50.14429835806962],[-122.70104478832101,50.14477697270915],[-122.70750912411317,50.145780824054135],[-122.71365185977737,50.14880608988367],[-122.71720561253416,50.15270739269559],[-122.72563947443976,50.15368275836802],[-122.73396217427843,50.15129607736688],[-122.739103178878,50.14786056073554],[-122.74240155372954,50.144198565999005],[-122.74124412099118,50.14034678767113],[-122.7435290555011,50.137876225230265],[-122.74912408900502,50.14023454016573],[-122.7622799315478,50.13323673328915],[-122.7643577487774,50.136148681830726],[-122.76862748811084,50.13810463028072],[-122.78063202549316,50.132129856895865],[-122.78828729791957,50.131137664684424],[-122.79011578357172,50.129043104079344],[-122.78935746115233,50.123101150888196],[-122.7911980245335,50.11607115846443],[-122.79311757912583,50.10558870688113],[-122.7945735780044,50.10225515428382],[-122.80073869152878,50.09641309629465],[-122.80579703700597,50.087102182421475],[-122.80284158183505,50.07836844045486],[-122.8028528141431,50.06676208829062],[-122.80061979771685,50.05735116972915],[-122.80205902474351,50.05519768391602],[-122.79717027187465,50.05142481256874],[-122.79174971548981,50.04545432659962],[-122.79184177804234,50.04110298171102],[-122.78233591573199,50.03828459378159],[-122.77335061421972,50.036589129012675],[-122.76598806630264,50.02937532551108],[-122.76478426080358,50.023270224357134],[-122.74585271350976,50.017326928014384],[-122.74060613605106,50.01678237470701],[-122.73629943685533,50.018034343810534],[-122.72762202030505,50.02249623367717],[-122.72148995126183,50.02436875876151],[-122.70746130211934,50.022689877709134],[-122.6978944508354,50.02239511621856],[-122.6945456359569,50.02278110734026],[-122.68603031073836,50.024896540372744],[-122.6810958869374,50.0246651805483],[-122.67945282741944,50.02264473476841],[-122.67917461790488,50.015329766140255],[-122.6809543264353,50.009519165359315],[-122.6868641461044,50.00263201188839],[-122.6836228348412,49.99782518920342],[-122.68349289902112,49.993359454723794],[-122.68056686811872,49.98688918111246],[-122.68030383525048,49.98123414949487],[-122.68213774087961,49.977337989411915],[-122.68689469417966,49.972934509851875],[-122.70030911349527,49.9654355513204],[-122.72366454492665,49.9542802395462],[-122.73752309475539,49.953674303751754],[-122.7525215854984,49.94976940330637],[-122.7612281166207,49.94796672189385],[-122.76548706659752,49.94337838223953],[-122.76783096297315,49.93875099584716],[-122.76852376484588,49.93563633777721],[-122.7677936723089,49.93271025335919],[-122.76740431716324,49.93121367352182],[-122.75889366861564,49.92751979621682],[-122.75592578943,49.92451150201868],[-122.75274790828112,49.91851998902761],[-122.75177915716539,49.91370472221989],[-122.74546982037438,49.907659066997745],[-122.74882844176543,49.90396538915933],[-122.74616208736903,49.89643214072122],[-122.74656861135855,49.89142215428888],[-122.73921640008776,49.89164909203918],[-122.73022586205006,49.89048713192664],[-122.71993335962121,49.89203335943086],[-122.71452618287842,49.89095075089876],[-122.70967548921945,49.88870638529141],[-122.6995285664664,49.87962654991652],[-122.69234324920137,49.87697449550437],[-122.67691478800951,49.873878829284955],[-122.66524211154741,49.872746318210396],[-122.64597411735724,49.87371995522708],[-122.6391188352093,49.872341186099774],[-122.6267570530611,49.87651756855931],[-122.61195296077808,49.87505111938104],[-122.60148860691216,49.87627491558835],[-122.59503738946665,49.878912766376224],[-122.58646198355629,49.87807286290675],[-122.57815624719784,49.87211983228471],[-122.5786722017294,49.870239825425784],[-122.59177346447275,49.863846552647885],[-122.59940249431423,49.8635278709765],[-122.6084687800635,49.861019681352566],[-122.61134113542093,49.85664272429167],[-122.61235668987148,49.85213961815654],[-122.61212974540953,49.848625249384696],[-122.60846862238361,49.842685285964194],[-122.61068228453279,49.83804930865322],[-122.61622139564581,49.83505920786993],[-122.62192662094797,49.835685448669835],[-122.626523060513,49.838543954487356],[-122.63057563362459,49.83818767072312],[-122.63447054036685,49.83548460212911],[-122.64234271050259,49.83655490899692],[-122.65176067364463,49.8369021000163],[-122.66088961576261,49.82827717947637],[-122.66484348377182,49.82377745231737],[-122.66227764141851,49.81913009683512],[-122.65418260748386,49.818927031721124],[-122.6418931129825,49.81206760732322],[-122.63734601705899,49.805729403823925],[-122.64800207998766,49.795994567196594],[-122.64783752233845,49.7909256130386],[-122.64881567484335,49.787636087679395],[-122.64737115731903,49.78398843109897],[-122.64295161838295,49.7815503882174],[-122.63877177958642,49.77528612675047],[-122.6338002068532,49.774415671104805],[-122.62601264233045,49.77607943812616],[-122.62034926166865,49.77623187461101],[-122.61497182859031,49.77786320334681],[-122.60834128458075,49.77794950074888],[-122.60251670354279,49.77677636124795],[-122.58460664538383,49.782859950864236],[-122.5515407235289,49.782261195648836],[-122.54627365202462,49.78365318396701],[-122.54184856879206,49.78082064944721],[-122.52610830298933,49.7786719957044],[-122.52061272633799,49.78053369488522],[-122.51676943172954,49.78457987006798],[-122.50994321070154,49.78404697720172],[-122.5031504840878,49.77910710672127],[-122.49554790318068,49.77909493736567],[-122.48490052305779,49.7777856427152],[-122.48047121935774,49.77230467924633],[-122.4700270958789,49.76679042644216],[-122.45382414069937,49.749777477543766],[-122.44748534753704,49.74985402891818],[-122.44382211790798,49.75574483720166],[-122.43103137604334,49.75774241635456],[-122.42221735558662,49.75426148564563],[-122.4180822338401,49.74816754355805],[-122.42247443749652,49.747202107738964],[-122.42423219332119,49.74247643378258],[-122.43066296829564,49.741080605171824],[-122.43186680019647,49.733700494299526],[-122.4256133554016,49.72548236370057],[-122.4194548443961,49.72627238345893],[-122.4170681450725,49.720364179047706],[-122.42099947764885,49.714388380573084],[-122.4241241796786,49.71333317782037],[-122.44307618006735,49.71468010960484],[-122.45146079619421,49.71563735150544],[-122.45764890654745,49.713545122199406],[-122.46778590883407,49.706278223072694],[-122.47246794151151,49.69957642909665],[-122.47508162761147,49.694502592034496],[-122.46659598252208,49.68497881891166],[-122.47037017810953,49.68134440459563],[-122.47161895334821,49.67797271439032],[-122.47530019886413,49.67662079048689],[-122.47083707376095,49.67382571075139],[-122.46221148211384,49.6674831290773],[-122.46089173326857,49.66486538940889],[-122.46170873046515,49.65825454766237],[-122.46011432610436,49.65470844644631],[-122.4559830429461,49.6519198189283],[-122.45434133870897,49.64890075807468],[-122.45569195544198,49.64353975611224],[-122.45443796601467,49.64100242299941],[-122.44575898663794,49.6359926168839],[-122.42959632307112,49.63877146393882],[-122.41236907554759,49.641298940962535],[-122.40289815217511,49.64016040895376],[-122.3984969191439,49.63400897313389],[-122.38882536647031,49.62714011472769],[-122.3809376332275,49.625636580124144],[-122.36613075335505,49.62196296477776],[-122.35688902690627,49.62140939645596],[-122.34504012497432,49.621326491687654],[-122.34199613742078,49.62714684117754],[-122.34036378542483,49.63473456320931],[-122.34450107057876,49.64109022513758],[-122.34567920902654,49.64885248117905],[-122.34945486587398,49.65298491071222],[-122.35010399807207,49.65674403794493],[-122.34866573695476,49.65926912195769],[-122.34224565059576,49.66224914203647],[-122.33335500664337,49.66371446129886],[-122.31971031488779,49.66208705341782],[-122.30780496348814,49.66232831321523],[-122.29679954637518,49.663292688688465],[-122.28823534719176,49.66200374019763],[-122.28272192835752,49.65764809062608],[-122.28082746294704,49.650344517988906],[-122.28194325519412,49.64386211894749],[-122.28550552128883,49.63808523561596],[-122.28910578516646,49.631175369882364],[-122.29298666437515,49.619793419957986],[-122.29373675155928,49.613840820587455],[-122.29274004840447,49.610817066000315],[-122.28881427702409,49.607660335287505],[-122.27883330887539,49.60359290883015],[-122.27089528126383,49.60189180114617],[-122.2600355353322,49.60025951563476],[-122.25367952400818,49.59975564910722],[-122.25221156620835,49.59475439464812],[-122.25020300888498,49.590749032376884],[-122.24491067831278,49.58744210701231],[-122.23680658812835,49.586508978792764],[-122.22090530322403,49.58739063306193],[-122.21180022902143,49.5891371393881],[-122.20204324249093,49.58947166288773],[-122.19341846115469,49.59044258683807],[-122.18584920704254,49.5943193417111],[-122.17830865015024,49.599613361963954],[-122.1747251427177,49.60082028467507],[-122.16482706445957,49.606600198964564],[-122.15814417687501,49.60844163574882],[-122.15503376955432,49.60846921850128],[-122.14734578101222,49.60311435489114],[-122.14034629385196,49.60139450793207],[-122.13102045620151,49.60167768577022],[-122.11652044284412,49.60471698208267],[-122.10849485632912,49.608024509485084],[-122.10297460489633,49.60896144212115],[-122.09399472752801,49.607801072674334],[-122.0922123009369,49.60534777331074],[-122.09095740474596,49.60078734533253],[-122.09334797734883,49.5982625644226],[-122.09430129318606,49.59550549176782],[-122.09201448120405,49.59261132530643],[-122.08778499558545,49.58884259807203],[-122.07775505570018,49.58406778859816],[-122.07376360965979,49.583371333564024],[-122.07173901370093,49.581202808728136],[-122.07061087643208,49.5766011934601],[-122.07216935356469,49.57262709049526],[-122.08001063140152,49.564220916895415],[-122.0812502975074,49.55984478098026],[-122.0785959872212,49.55311198540633],[-122.0779985185741,49.546606523054855],[-122.08048220480443,49.54222177990035],[-122.08599253833223,49.54028286817334],[-122.09331008927089,49.53845262081591],[-122.10635560068388,49.532981187525436],[-122.11228122252862,49.52998618665041],[-122.11564310209498,49.52632205680566],[-122.12105826217677,49.522683158742765],[-122.12743993324281,49.51739900628767],[-122.13102984069317,49.51264104277674],[-122.13323144916349,49.50672124663507],[-122.13447823328548,49.500507892073735],[-122.1267784598546,49.490686544088646],[-122.12701613191393,49.487328143398344],[-122.13270036625123,49.48395228482134],[-122.139392213192,49.48225219616762],[-122.13874018461483,49.476809112463364],[-122.14682149598107,49.46887667062763],[-122.14526278188735,49.46457739548311],[-122.14715349150607,49.458214226541074],[-122.1421753821898,49.448433415603176],[-122.13990006196023,49.44497853585354],[-122.14283486191341,49.439153948019474],[-122.15036864743993,49.43669196000758],[-122.15388169695733,49.43360104210607],[-122.15879140673064,49.42626267967514],[-122.1655031062932,49.422495028239744],[-122.17104577117853,49.415503268039714],[-122.17311884281632,49.40937864630122],[-122.18177675743458,49.40342578893904],[-122.18381498077689,49.3972741648299],[-122.16731009226655,49.372484924774724],[-122.15282467481452,49.365861470451456],[-122.1671052237782,49.35623936497259],[-122.1699421000683,49.35248020918134],[-122.17108451665914,49.347032037214845],[-122.16558277711947,49.34007185023702],[-122.16688162650857,49.3331656443929],[-122.16191101759003,49.32433372462902],[-122.1612365484478,49.3214433822726],[-122.15609813321588,49.319595862534804],[-122.15136993523676,49.317148519564284],[-122.1460598126784,49.31328123519037],[-122.14017637347513,49.3127224017693],[-122.13466009833114,49.31361939053381],[-122.1318158596382,49.31629897728478],[-122.1306076426196,49.319933167456334],[-122.13098125683213,49.324897009644026],[-122.12967919959596,49.3288165685917],[-122.12617020280136,49.332579822309285],[-122.12178968909593,49.335480628182516],[-122.11498502274847,49.33597281544844],[-122.1030451331028,49.33258531452593],[-122.09873963176591,49.33306717174983],[-122.09303293442622,49.33506221570243],[-122.09000333549643,49.33480114588446],[-122.0867145987802,49.33219653866313],[-122.08439651020788,49.322826064051455],[-122.0796652444436,49.31931395535704],[-122.07698908923541,49.316386911441036],[-122.06997438102212,49.31467825359974],[-122.05747331533057,49.30629488746629],[-122.04428720096247,49.302071077474935],[-122.04086234254221,49.30022021020109],[-122.03323040564683,49.29327126415151],[-122.02041247538241,49.28520934492192],[-122.01636488301942,49.28324605921721],[-122.0145307660806,49.27995641059144],[-122.00571375617773,49.27936671450913],[-122.0151873083148,49.27436602287691],[-122.01851095376611,49.26976707608431],[-122.02829301093738,49.266925658129885],[-122.03620674188188,49.262292286921664],[-122.04343902143809,49.26091280008748],[-122.05298844972282,49.2598164852072],[-122.06029877864492,49.25675150199942],[-122.06214939937273,49.25144083771668],[-122.07280113379552,49.23878096603199],[-122.06979200307809,49.234047641165475],[-122.08198931887024,49.229927851138356],[-122.09258106279916,49.22860640735605],[-122.09573118740705,49.22445991662323],[-122.10713471006682,49.21946481684571],[-122.11512937590341,49.20784317760244],[-122.12767482424395,49.19817258186897],[-122.08194518799426,49.197783056659226],[-122.07229094646083,49.19780391725599],[-122.06171428822397,49.1970576456506],[-122.06168032365231,49.19029159220977],[-122.05687085805752,49.19254171790913],[-122.04974739798098,49.19774219455009],[-122.04329060051755,49.19930150689563],[-122.03735547791929,49.199825228156826],[-122.03794546745203,49.20637652690957],[-122.02746299051348,49.20650026441165],[-122.02728868211598,49.2116563437223],[-122.0188619693703,49.21178225858474],[-122.0189617927069,49.215546438186905],[-122.0107953993932,49.2156930349579],[-122.01159258734486,49.209689708896555],[-122.00373591271095,49.20683270601682],[-122.00124650800561,49.2049641902665],[-121.9902353854381,49.20674869849098],[-121.98601407842732,49.20683164946621],[-121.97400630192037,49.20799866582226],[-121.96938986763654,49.20771060750554],[-121.96735790213151,49.2081628934438],[-121.96040121532363,49.212142206448654],[-121.94840209303666,49.215678892767144],[-121.94490492306335,49.215589675330065],[-121.9435985658507,49.22291445702921],[-121.94498085599189,49.22834324246007],[-121.94896101012468,49.23288010723985],[-121.95763460453446,49.23341700896333],[-121.96463227102512,49.23534735670598],[-121.96625894017512,49.23824905980073],[-121.96486418650456,49.240645891071196],[-121.96244258104623,49.242109797008624],[-121.94170361107194,49.24961309397166],[-121.93621470267678,49.25231200063821],[-121.93226427930404,49.25644649746783],[-121.93068592155922,49.26185519901888],[-121.92722630090935,49.26349148487407],[-121.91968493338283,49.265073569016124],[-121.91541476175895,49.2679751373542],[-121.91419340196865,49.27281351104315],[-121.91410387789112,49.27642645935431],[-121.9158574127212,49.277174767997565],[-121.91670245798026,49.27650515838494],[-121.92330502597609,49.276381082235126],[-121.93700701977505,49.28042116251912],[-121.92824111828288,49.29506762618745],[-121.92787840291142,49.309508290774076],[-121.91673266715539,49.308881785032845],[-121.90377712904248,49.30924312700453],[-121.88966086978994,49.30844881417111],[-121.88199918645634,49.30933469976624],[-121.8851180918138,49.305220008217994],[-121.88802598084722,49.303419795759204],[-121.88771188500937,49.30058269722961],[-121.88568957025537,49.29411473810607],[-121.89259297307665,49.29043504493504],[-121.88538009562666,49.29312478887849],[-121.87765029885857,49.295350212294665],[-121.8745245005432,49.29547270277669],[-121.86551659789293,49.297507901515836],[-121.86005520060971,49.296941000177696],[-121.84563387819757,49.29982929781695],[-121.8394932794728,49.298799596664],[-121.82955418066629,49.300256599283145],[-121.8225101772656,49.30239719695342],[-121.8139302021337,49.30412090719972],[-121.80852586633372,49.305762398774505],[-121.79917509807062,49.313892925558704],[-121.76387362726246,49.33399358405878],[-121.76523760840706,49.35936830053503],[-121.74563714963162,49.35907073715036],[-121.71069851861455,49.36149638426095],[-121.68960910610151,49.36063790755554],[-121.69115013986433,49.365648781858404],[-121.69807716554564,49.377561172842256],[-121.69956920140139,49.3822216425106],[-121.708394035029,49.38555890867305],[-121.71832634319016,49.39148597903452],[-121.71155082832489,49.40106199893086],[-121.69801961703757,49.407369567046544],[-121.69936039172512,49.41579829183513],[-121.6958643229415,49.42176988454082],[-121.6837943105538,49.423938460127914],[-121.67419460628706,49.4326075453579],[-121.6655790607134,49.43787301579011],[-121.65426685926431,49.44705921119825],[-121.6458095664189,49.45230784164337],[-121.64781925148134,49.457990256493915],[-121.65868306414545,49.46194418733661],[-121.6605798080352,49.468006262329666],[-121.64664289757326,49.474050108058975],[-121.63681652415387,49.48350692697501],[-121.62926664941928,49.489559047951566],[-121.62513760426481,49.496547671103315],[-121.618739938738,49.501747688174035],[-121.61010907305784,49.49953382724872],[-121.60082419146977,49.49586850911265],[-121.59315359603708,49.49012342170339],[-121.58129142652051,49.48773818099523],[-121.57219096182544,49.486497469150905],[-121.56935552679737,49.49639056148975],[-121.57107706259654,49.498206147876374],[-121.57014895892708,49.50007103145397],[-121.57198577980957,49.50637596748852],[-121.57634187446871,49.510471340117796],[-121.56528191732627,49.51223800281753],[-121.56108793493279,49.51621416245785],[-121.56182911877657,49.520590786146094],[-121.56078945246873,49.52300644326056],[-121.55465509130678,49.529091164505964],[-121.55963933029214,49.53211936327341],[-121.56044481811962,49.534186404953374],[-121.5595145716817,49.537256839331334],[-121.56145214745094,49.54283836174379],[-121.56084009294612,49.546149460430044],[-121.56279357748137,49.55807473369522],[-121.56699547637072,49.562137121116066],[-121.56410375415598,49.56404255968355],[-121.55540323764289,49.565626392913984],[-121.55055643418338,49.56740064885984],[-121.54424214296331,49.57121172394845],[-121.54065653300465,49.572051439609524],[-121.53943537206155,49.57543340430465],[-121.54087798080434,49.57798282395513],[-121.54614052082512,49.58256245055339],[-121.54606276268844,49.5870796549269],[-121.54820877775703,49.59207597324319],[-121.54852479765964,49.60035122086582],[-121.55049270121219,49.602038451349],[-121.55624305963003,49.60331161662096],[-121.56234327168784,49.60554811656897],[-121.56388952275678,49.60737334324143],[-121.56902422403738,49.6071671786894],[-121.578675750994,49.60988363383098],[-121.59377326530787,49.611083897444615],[-121.59739621695418,49.61438870449313],[-121.60028966902196,49.61555747262219],[-121.60760650124709,49.6169646256103],[-121.61032461715081,49.61944244481525],[-121.61829481072887,49.623223720997714],[-121.62561120376392,49.62428553973975],[-121.63596843389305,49.62039823296427],[-121.63829948279276,49.62049971799236],[-121.64139280569063,49.62328627118921],[-121.64595254901823,49.623868123201525],[-121.65120046547344,49.6203969182556],[-121.65859644292077,49.617642937175184],[-121.67140074401993,49.61604953304898],[-121.67784237899126,49.62006929621354],[-121.67967494042864,49.62361596758922],[-121.68056941186616,49.62868265380189],[-121.68515400103834,49.63201639171969],[-121.6847536277431,49.63548214607629],[-121.68563179206062,49.63764876463729],[-121.68696746483919,49.645691815089265],[-121.6927710968318,49.65422082392912],[-121.69413703520206,49.657274759224286],[-121.69864469136884,49.6582422057718],[-121.69874708747344,49.6611051104245],[-121.70250998196637,49.66799300435011],[-121.70067972690822,49.67093261204654],[-121.69394255614546,49.67644669593938],[-121.69008333789061,49.68429268376042],[-121.68435434581835,49.69042224754502],[-121.6840811219673,49.69280375569779],[-121.6865809503881,49.6939713230164],[-121.69246782771108,49.69454928851636],[-121.69589349004484,49.69878349573979],[-121.70143846140337,49.70158799905886],[-121.69743692894887,49.70598958693043],[-121.69947504775322,49.715581463572505],[-121.70739675574073,49.720256056741384],[-121.7174820574036,49.727708442554636],[-121.72986485266394,49.733124872125146],[-121.73379572622832,49.7356066021495],[-121.72554322836021,49.73977586974759],[-121.71875606351604,49.7426050657718],[-121.7102261993485,49.745576512683975],[-121.70898593529698,49.74872823763534],[-121.71181594956008,49.75217314836077],[-121.71140105016948,49.75908543609509],[-121.71491211393183,49.764751779296844],[-121.7133795697897,49.77074459006983],[-121.70778465683578,49.77155012456583],[-121.70479602114261,49.774331706988725],[-121.7082287896853,49.78006731381887],[-121.70523954830054,49.78284902792048],[-121.70441954654163,49.78586284472358],[-121.70544692930693,49.791573211080824],[-121.70980232902252,49.79374676022895],[-121.72026060913934,49.79219889425431],[-121.7291968803976,49.797844222587855],[-121.73194387579059,49.80320572921243],[-121.73132101448955,49.813062934248805],[-121.72970870543642,49.81608022817377],[-121.72338938592077,49.81935378166079],[-121.71827268365921,49.82111686894776],[-121.71393879027798,49.821679035545934],[-121.71268605269334,49.82363384216929],[-121.72025588057839,49.82973075848793],[-121.72138192265442,49.83133492102577],[-121.72515781744384,49.83327089378352],[-121.72828959108271,49.837091655540135],[-121.7257260965853,49.84042056228683],[-121.72651827687898,49.845995819197],[-121.72914051565371,49.84899735477721],[-121.73153456492754,49.850185719180246],[-121.74171198288268,49.851136095607174],[-121.75225366219236,49.85136484088273],[-121.75669403141369,49.8506916389652],[-121.75850511397125,49.85227930475377],[-121.75548299944,49.86442527004811],[-121.75800298891734,49.86953926979973],[-121.76079546988886,49.87189642839323],[-121.76918233716152,49.872294248953054],[-121.77283657971728,49.87097159741854],[-121.77550502946201,49.86839520205047],[-121.77563727349339,49.86665251574023],[-121.78044724556514,49.861308429777544],[-121.77800987093894,49.857011972409886],[-121.7796943939194,49.85342374173742],[-121.78520928663166,49.85136644787298],[-121.7871587686019,49.844535036256325],[-121.79027180251983,49.841811335630105],[-121.79332897267828,49.840926172049464],[-121.8001512800485,49.84244098068669],[-121.80436698262551,49.844934984156374],[-121.80898677446763,49.85008585949554],[-121.81325524679127,49.853836316014636],[-121.81701207711204,49.85526839157471],[-121.82216487377625,49.854420219035674],[-121.82882200595641,49.854289663060605],[-121.83677289332296,49.85603802858418],[-121.8441397155724,49.8589494025915],[-121.84543419702446,49.860828242018776],[-121.84329477877306,49.86335248405755],[-121.83668589548522,49.8675898350477],[-121.83514759851339,49.870401158656556],[-121.84018126945804,49.87201932272333],[-121.85806001721791,49.88038748086177],[-121.86747237967042,49.87873974969778],[-121.8708809457776,49.87591467956695],[-121.870912280534,49.8723817611408],[-121.87589890789411,49.87012855066865],[-121.88797112576958,49.87184984984759],[-121.89776721286076,49.87116452382298],[-121.90581019094012,49.873729036231715],[-121.90928596976507,49.873369886228296],[-121.91448270244918,49.87019424680436],[-121.92277461364891,49.86903164458465],[-121.92657594578512,49.86789590415586],[-121.92968148615122,49.86516755108063],[-121.93141251801865,49.86046333446894],[-121.935718997755,49.85806625967959],[-121.9411607486559,49.856629534141206],[-121.94795982072228,49.855957948215504],[-121.96033333796066,49.86042478829443],[-121.96540048096439,49.85898916287817],[-121.97259681074769,49.849797880347545],[-121.96683335285904,49.84441352768327],[-121.9652120461099,49.84093944886868],[-121.96614951222809,49.83856254218942],[-121.9686620408675,49.8365143766548],[-121.97858991941965,49.83528813453627],[-121.9876673735747,49.832276854978915],[-121.99079452338157,49.82649849764286],[-121.99200675182443,49.82020044600407],[-122.00153589318899,49.82020369502177],[-122.01189525805322,49.81891414099592],[-122.01974078121825,49.816126874326095],[-122.03254348360545,49.8162045133073],[-122.03925626180354,49.81705534039503],[-122.0468955530239,49.822430475342856],[-122.04930379730794,49.829223699438806],[-122.04298838126998,49.835547079723106],[-122.05213053497297,49.83753915646544],[-122.06147326473551,49.83556806411276],[-122.06955062567792,49.83154571257989],[-122.07619226957152,49.83661888791838],[-122.07869026144482,49.83785655561197],[-122.08741568059796,49.83933544240257],[-122.09201855966442,49.840846333535666],[-122.09670332870913,49.846223564120656],[-122.10469559548203,49.848432158690336],[-122.11245349503686,49.85716820954774],[-122.12417014790789,49.86683891106263],[-122.13069093053808,49.87355378825814],[-122.13280062731069,49.877355464777615],[-122.13527489358015,49.88395784810634],[-122.13719804759693,49.886117548154196],[-122.14642676298718,49.89126245725635],[-122.15484179008035,49.901731591903285],[-122.15930999570243,49.906818826351966],[-122.16364634621024,49.909392905981754],[-122.16943321747162,49.909536090871114],[-122.18119984011817,49.90817471016233],[-122.19071579052599,49.91060532440285],[-122.20791517265863,49.91223982621284],[-122.22649597286103,49.9200494137988],[-122.23535301282469,49.9261089539973],[-122.23738972303515,49.93682346107234],[-122.24004269210134,49.94081224492185],[-122.25210763365716,49.948726912191816],[-122.27129206828646,49.96310098255774],[-122.26833653258733,49.97042923070733],[-122.26495513842525,49.97496044287958],[-122.25669430136482,49.976790537384765],[-122.24938746514607,49.97969351208527],[-122.24961879916825,49.98461275900218],[-122.25683063433806,49.994105333325415],[-122.25808966004105,49.998920754367134],[-122.26139283859608,50.003054554617485],[-122.25799086034,50.01037337140626],[-122.26104501008739,50.016970815728016],[-122.2563121217956,50.02401780077107],[-122.25533078937892,50.03529088826483],[-122.2606158181527,50.0432882309406],[-122.27260854258613,50.04856976600175],[-122.28883609696331,50.05152526269316],[-122.28918824057631,50.05971729967862],[-122.28832833915617,50.06243601481879],[-122.28520846483029,50.06517595739351],[-122.27939229581641,50.06905430021666],[-122.27830493606471,50.07172671750101],[-122.27903545423715,50.077625428422],[-122.27817070645648,50.0801021792451],[-122.27469184154474,50.084055484890676],[-122.27117545280635,50.08583067910858],[-122.25451877181114,50.09184048280357],[-122.24458418803374,50.09391475148393],[-122.24227885227836,50.09601696192883],[-122.23887022080483,50.102437435512364],[-122.23463876136944,50.10688038461591],[-122.23052180749647,50.1090952791806],[-122.22991522864773,50.11051206972914],[-122.22944825311365,50.11170262594242],[-122.22124801837536,50.11913839688893],[-122.22601601547164,50.1262230083299],[-122.22824892199056,50.12697546112333],[-122.2361082930824,50.1251840321399],[-122.24313513099138,50.12645276112142],[-122.2508239430981,50.1243994506871],[-122.25593936456792,50.12179977039868],[-122.258440063193,50.12344431009231],[-122.35699310557544,50.12405004614543],[-122.40586657429687,50.123336168074836],[-122.51885010549441,50.12374062681314],[-122.5221683402897,50.123839595721726]],[[-122.4030118659543,49.93610532302572],[-122.40299982285218,49.93490512450677],[-122.41817865135619,49.93465908025106],[-122.4185207596523,49.944104008034266],[-122.42060620793079,49.94576950969398],[-122.41955458298426,49.94866920496199],[-122.4220758275575,49.95298396153885],[-122.40345391176267,49.9520664341071],[-122.4030118659543,49.93610532302572]],[[-122.22191665339811,49.77383259007321],[-122.22202347743756,49.774525923421734],[-122.22136450253088,49.77453608920208],[-122.2213254921761,49.7738959817824],[-122.22191665339811,49.77383259007321]],[[-122.54221234771094,50.04905744546801],[-122.54265936894252,50.054883017027436],[-122.53779918888499,50.054549201808534],[-122.53362187997004,50.04882166968478],[-122.54221234771094,50.04905744546801]],[[-122.45626233392377,49.9879761117191],[-122.459312308649,49.99007525502253],[-122.45600222357598,49.99180238084174],[-122.45626233392377,49.9879761117191]],[[-122.45626233392377,49.9879761117191],[-122.44585485647244,49.98834688883591],[-122.44581620024191,49.98440164562654],[-122.45339632688095,49.98418124938595],[-122.45626233392377,49.9879761117191]],[[-122.01200385412216,49.230917238747516],[-122.00852236237512,49.23356538475259],[-122.00785460555718,49.24626971055862],[-122.00236236877814,49.2466449443258],[-121.98107034396124,49.24611610236367],[-121.98092135876257,49.24482400022431],[-121.98825406154357,49.2440571994635],[-121.99581717109946,49.24228316168952],[-121.99738049755454,49.23699835335811],[-122.0001683712952,49.23261598833162],[-122.00638124853867,49.23268317063951],[-122.01200385412216,49.230917238747516]],[[-122.19887607565386,49.7598515406868],[-122.19906139497836,49.76544059903614],[-122.1918332056534,49.762839801003196],[-122.18275798554099,49.76248799538167],[-122.17978478856074,49.76013670359856],[-122.1741161596253,49.75795761098394],[-122.14987828207907,49.75832264727827],[-122.14803266632074,49.760000998103465],[-122.15188687962862,49.76302123145619],[-122.15191991607699,49.76527330073541],[-122.15611825356977,49.768521083228364],[-122.1570255418425,49.770833685639474],[-122.14539554342643,49.77099955985326],[-122.14570419639594,49.76624539565436],[-122.13962555789115,49.766276613275615],[-122.13930563230342,49.756882740432744],[-122.14106677208893,49.75520158421788],[-122.15067143743569,49.75155908561211],[-122.1556204133303,49.751022570263316],[-122.17946648302673,49.75119533043508],[-122.17970563960635,49.754309414370915],[-122.19867819956426,49.75435241032793],[-122.19887607565386,49.7598515406868]]]}},{"type":"Feature","properties":{"shapeName":"North Okanagan C","shapeISO":"","shapeID":"43193130B23540857417199","shapeGroup":"CAN","shapeType":"ADM3"},"geometry":{"type":"Polygon","coordinates":[[[-119.07929833717604,50.25289579375428],[-119.07920310278449,50.26346405203935],[-119.05610261818585,50.26349533247426],[-119.05584944718919,50.260004108887316],[-119.03374515045138,50.25993987748992],[-119.03349226219459,50.26700178009044],[-118.99877450744978,50.26684998743397],[-118.99863394953051,50.27967632876323],[-119.00311257177525,50.3059732663468],[-119.00263602948533,50.311357156436216],[-119.00100297999599,50.31948452355949],[-118.99684077763429,50.349603322154515],[-119.0002058644498,50.37274477852696],[-119.00026003865909,50.45482490628522],[-119.0007052008838,50.473663101674404],[-119.01151397903769,50.47330256318852],[-119.01139707831857,50.45960807389827],[-119.0416587064096,50.45932541985851],[-119.059720362344,50.45857343746835],[-119.05955509202487,50.44464727172364],[-119.07939790967058,50.444706154928916],[-119.0794287616258,50.44210643257705],[-119.10329754527476,50.44221390755042],[-119.13927125807139,50.44207908559609],[-119.14909133479848,50.44175767583116],[-119.14887637253929,50.43442717685319],[-119.15018655593036,50.42833357638461],[-119.15038265217358,50.413035156293745],[-119.17255784887658,50.41264526967878],[-119.17218500811434,50.39038891496041],[-119.17133395808222,50.36793030335696],[-119.17215488660736,50.35087762479946],[-119.17090739101303,50.35081242007477],[-119.17126040196953,50.33981399714833],[-119.2010265175109,50.340123667878515],[-119.20629573831498,50.34031161965515],[-119.22678008649824,50.34025195950814],[-119.23042347970524,50.33790348783743],[-119.23239223283264,50.340249711217396],[-119.24279685028239,50.34023894878295],[-119.23921663607165,50.33885511110345],[-119.2353912861794,50.33464309638553],[-119.23489390931213,50.32753580891209],[-119.23381820186007,50.32217949647853],[-119.23405381734561,50.31879949754395],[-119.23243218798878,50.31269100655],[-119.23215410116917,50.305979596908685],[-119.23359148759717,50.3043697032252],[-119.23119860355968,50.29961029642256],[-119.23112879800719,50.28364049944859],[-119.23315781369372,50.28316209988952],[-119.23535771617242,50.281272588501665],[-119.2473771393639,50.28045147317267],[-119.24725431601642,50.27883700101225],[-119.24049084168531,50.27831416313409],[-119.24161821154014,50.272452595720694],[-119.24311184234878,50.27015484204417],[-119.24221836631276,50.26369610052016],[-119.24537538940919,50.26372231141095],[-119.24505612061,50.25631750686562],[-119.24198790477324,50.254648723268595],[-119.25107628538824,50.254543321466436],[-119.2510627072722,50.25292529102954],[-119.24001908546968,50.25290719831396],[-119.23982634293436,50.247270150731254],[-119.2479071040157,50.24934529566013],[-119.2481919202994,50.24543163360425],[-119.23831151258882,50.24573503703585],[-119.21646694565482,50.24540630719128],[-119.21699762639928,50.253129095133765],[-119.16966460379128,50.25279873169842],[-119.16986825425197,50.245513387371325],[-119.13520970266171,50.245453629699114],[-119.13518845269061,50.25281821193517],[-119.10189241102024,50.252906549493595],[-119.10134081244554,50.24524011655631],[-119.0900877856923,50.24537679881365],[-119.09023107287362,50.252816314796426],[-119.07929833717604,50.25289579375428]],[[-119.22293843084789,50.319329399684364],[-119.21458967260779,50.319105218715436],[-119.21152142233461,50.3213092835434],[-119.20571494161997,50.321578163735786],[-119.20548397143706,50.31095533460684],[-119.20958838489064,50.30782363305659],[-119.20779230579159,50.30669010489266],[-119.20816351220948,50.30421012754845],[-119.21141781519148,50.30040619719412],[-119.21645195840618,50.300107905677955],[-119.2194795435593,50.298802017164554],[-119.22639484402802,50.29915549164864],[-119.22785661077502,50.30085696798484],[-119.22960906452683,50.30913549697914],[-119.22484522279669,50.30894585269806],[-119.22430062964122,50.310698966074185],[-119.22509623391689,50.31938720359377],[-119.22293843084789,50.319329399684364]]]}},{"type":"Feature","properties":{"shapeName":"Fountain 11","shapeISO":"","shapeID":"43193130B23730825635738","shapeGroup":"CAN","shapeType":"ADM3"},"geometry":{"type":"Polygon","coordinates":[[[-121.90596594312841,50.72031685054403],[-121.90625456071578,50.72265629234517],[-121.91436334830293,50.72274156633848],[-121.91209683245333,50.71893669628494],[-121.90599268646565,50.71841561817917],[-121.90596594312841,50.72031685054403]]]}},{"type":"Feature","properties":{"shapeName":"Whistler","shapeISO":"","shapeID":"43193130B23864801156950","shapeGroup":"CAN","shapeType":"ADM3"},"geometry":{"type":"Polygon","coordinates":[[[-123.06873633736211,50.12499318973325],[-123.10143882721471,50.10149966207634],[-123.11325743599848,50.10139097355911],[-123.15497943308594,50.10170663529323],[-123.15265975981248,50.067542865141114],[-123.1505588199275,50.039947220280595],[-123.12419663827211,50.04028404398115],[-123.11354481660993,50.040589027086746],[-123.11383691936231,50.03296148954422],[-123.09592119524011,50.03328248419359],[-123.05826712861966,50.0270162797823],[-123.05415732650353,50.027010590026926],[-122.97829712503166,50.025912014330174],[-122.97865565291028,50.0403651865451],[-122.91631570408939,50.040187834926705],[-122.86100443792647,50.04016997522718],[-122.86079488923981,50.0499618079763],[-122.86010242522443,50.1185413646953],[-122.86058272968046,50.1368401506897],[-122.91365569600532,50.13715901673222],[-122.914596345201,50.1504819019694],[-122.91296270861196,50.150473811677536],[-122.91398804683803,50.165292676320696],[-122.9073213982166,50.16490779119768],[-122.90739122966762,50.16264939131639],[-122.90457506810993,50.162544576581695],[-122.904512734924,50.160232973409315],[-122.90110159034957,50.159092216277465],[-122.8976716026994,50.161020293795076],[-122.89856588995944,50.16252419966174],[-122.8972558141514,50.16593949855644],[-122.89767328387936,50.17044380379511],[-122.90867975946588,50.17027976156307],[-122.90894603130168,50.17399546009334],[-122.922780215334,50.17399800474546],[-122.92283031479724,50.17536893528946],[-122.93025945742586,50.17535741027768],[-122.9296659007162,50.17127166627202],[-122.93426674357188,50.1710953041408],[-122.93386833795927,50.16857404555672],[-122.95204789304641,50.168202427393425],[-122.95207033965217,50.16471966459322],[-122.98190184388672,50.164746757909725],[-123.00682439613462,50.165007298430055],[-123.06873633736211,50.12499318973325]]]}},{"type":"Feature","properties":{"shapeName":"Gibsons","shapeISO":"","shapeID":"43193130B24050246720280","shapeGroup":"CAN","shapeType":"ADM3"},"geometry":{"type":"Polygon","coordinates":[[[-123.51758619376669,49.38712383893709],[-123.51412950885035,49.38766318992763],[-123.5113027930534,49.391435891127244],[-123.50480748817135,49.39229189122364],[-123.50030101052224,49.39357079412638],[-123.49978329374657,49.39551629105948],[-123.50202529692802,49.39772809668908],[-123.50651669379975,49.39772660201752],[-123.50743691299238,49.40012359777855],[-123.50409297900984,49.40197359278851],[-123.50125723433435,49.40501430865791],[-123.50167859868357,49.40519746131449],[-123.50168661512886,49.40739827408638],[-123.50347170456351,49.40973768142342],[-123.50721982290042,49.4097617483001],[-123.50731251184575,49.412171236203726],[-123.50994913177087,49.414236416966794],[-123.51372304113792,49.414216866055895],[-123.5295303231544,49.413970904042955],[-123.53722557168831,49.41048482083026],[-123.5344185104184,49.40895768981029],[-123.53426884017453,49.40649083308192],[-123.52826432335237,49.40609345005812],[-123.52750481459476,49.40431524751788],[-123.52119707545093,49.40329276350859],[-123.52160809322865,49.40041291572743],[-123.52073501659555,49.39225072168188],[-123.52388551590374,49.39218793442436],[-123.52410788277008,49.390013339473875],[-123.51938134778591,49.39044069081142],[-123.51758619376669,49.38712383893709]]]}},{"type":"Feature","properties":{"shapeName":"Cheakamus 11","shapeISO":"","shapeID":"43193130B24094521456758","shapeGroup":"CAN","shapeType":"ADM3"},"geometry":{"type":"Polygon","coordinates":[[[-123.16236240192899,49.810748700845444],[-123.19795687962889,49.81148849218593],[-123.19793339610877,49.82451686795233],[-123.2030340797584,49.824481269827665],[-123.20260180658185,49.84594214583179],[-123.21386828633172,49.84615149596324],[-123.2132883014035,49.858470849305455],[-123.22410222617846,49.85872860645261],[-123.22425151795404,49.87112017977344],[-123.24442938041182,49.871761622104074],[-123.25257867852144,49.86834099964073],[-123.25118689819517,49.865511096214625],[-123.24752078680883,49.86438589535573],[-123.24172619794248,49.865818707385266],[-123.23696562032534,49.865280301250586],[-123.23570359612556,49.86343881265156],[-123.23759139351273,49.85954081211454],[-123.24136512037794,49.85755399994765],[-123.24812251131965,49.8566937980639],[-123.24461490714523,49.853561884803845],[-123.24192229490112,49.84940329038494],[-123.23940699476489,49.84706178703327],[-123.23568660028393,49.84550378959311],[-123.2286864086901,49.84472609347696],[-123.2233676061035,49.84331619089173],[-123.2211198141393,49.84154868981876],[-123.22129018645458,49.83954200679261],[-123.22433160703824,49.83545308638539],[-123.22526051519607,49.831827107740274],[-123.22716748273686,49.829267797711246],[-123.22315830736264,49.8280614914321],[-123.22124409957105,49.82611319075486],[-123.2220291779262,49.824573595436966],[-123.22737759105642,49.82355668878469],[-123.22621481126247,49.82171519880049],[-123.21847510040804,49.81968848518455],[-123.21678540018266,49.817567899324494],[-123.21843268557983,49.813302394586955],[-123.21824229293384,49.81098241379438],[-123.21475420939588,49.80793029052679],[-123.21321419054958,49.802266204853055],[-123.20502719767369,49.798324000009636],[-123.19939919895154,49.794942898117185],[-123.19393041140476,49.79403404864712],[-123.19192981554481,49.79330929921345],[-123.18814638998244,49.78889470679007],[-123.17848270363876,49.79290630277872],[-123.16863979724344,49.79428539638634],[-123.16563348813548,49.796255945574735],[-123.16137827517139,49.79780129435031],[-123.1507669534591,49.8027018431412],[-123.14743729436292,49.805255599767754],[-123.14670396862827,49.80967935445916],[-123.1551482528872,49.809604291422644],[-123.16236240192899,49.810748700845444]]]}},{"type":"Feature","properties":{"shapeName":"Schkam 2","shapeISO":"","shapeID":"43193130B24204090725960","shapeGroup":"CAN","shapeType":"ADM3"},"geometry":{"type":"Polygon","coordinates":[[[-121.46093530382909,49.39186135922717],[-121.4567433414732,49.39166645667706],[-121.45173180170781,49.39234599840689],[-121.44773899568281,49.396168593689076],[-121.44900662870744,49.400403606575765],[-121.46118414460537,49.40052775211693],[-121.46093530382909,49.39186135922717]]]}},{"type":"Feature","properties":{"shapeName":"Lake Cowichan","shapeISO":"","shapeID":"43193130B24419868296212","shapeGroup":"CAN","shapeType":"ADM3"},"geometry":{"type":"MultiPolygon","coordinates":[[[[-124.05478777348371,48.841681666392894],[-124.05475709549835,48.830438806633005],[-124.06361716533596,48.830463780897226],[-124.06571231442885,48.82662940466268],[-124.06936968967777,48.82661169540919],[-124.06958432618954,48.8237431988311],[-124.07016538473133,48.82209574873178],[-124.07402404172292,48.822309108376906],[-124.07943125803283,48.823622256898354],[-124.09114482507826,48.82564198812363],[-124.09676757543646,48.82787349228838],[-124.1088350516353,48.82658084562503],[-124.11180874122647,48.825858327773105],[-124.11315596657825,48.818039341781656],[-124.09687014657925,48.81564318592419],[-124.09118443626564,48.815701447098725],[-124.09099496708988,48.81120714262225],[-124.08385005721775,48.811253164275925],[-124.08404082526167,48.81706747543723],[-124.07287410299837,48.816992968556924],[-124.07290889492441,48.81625858854506],[-124.05819686753472,48.81641976862818],[-124.0564565290149,48.81855120747979],[-124.04170226639604,48.81886221897772],[-124.04130998420447,48.814619310063065],[-124.03751391997919,48.81468130633815],[-124.03760601659285,48.81816715280049],[-124.03390904193107,48.8199016037239],[-124.03511379384464,48.82308199044549],[-124.03041650965046,48.823259307277354],[-124.02973323249158,48.825946356619035],[-124.02779493212732,48.827748955081056],[-124.03133830170565,48.83102799114538],[-124.0368886913098,48.830339996496875],[-124.03440409672369,48.83374675754409],[-124.03142298124403,48.83353601859266],[-124.03137155568699,48.837253818411455],[-124.04252281406352,48.83710474972478],[-124.04218566829192,48.83407327177564],[-124.0484971884753,48.8341853793362],[-124.04873488822322,48.841863552224225],[-124.05478777348371,48.841681666392894]]],[[[-124.02457972896727,48.815309066955365],[-124.02444728021587,48.81245005643903],[-124.02027185025622,48.81247494482151],[-124.02024333408886,48.81498854014172],[-124.01648621733065,48.81526206418038],[-124.01639500006146,48.81321326189217],[-124.00939354047884,48.81350864507415],[-124.01410681192428,48.816452401622314],[-124.0142626981065,48.81967539487305],[-124.01286897700112,48.82149199482576],[-124.01610371160417,48.82332159795716],[-124.02659531926852,48.82310139573917],[-124.02861268214433,48.823766691923595],[-124.02894484449764,48.81677783538516],[-124.02457972896727,48.815309066955365]]]]}},{"type":"Feature","properties":{"shapeName":"Squamish-Lillooet A","shapeISO":"","shapeID":"43193130B24707891036972","shapeGroup":"CAN","shapeType":"ADM3"},"geometry":{"type":"Polygon","coordinates":[[[-122.61146884050014,50.63567289301305],[-122.60813780620607,50.64304593340862],[-122.58893043771597,50.64235811770257],[-122.58914352965054,50.652382245554485],[-122.5825189621909,50.65636906837942],[-122.5876884449004,50.66279932938232],[-122.58617886565006,50.66975989655493],[-122.58767151907101,50.677728822424704],[-122.59262213054548,50.680443257740734],[-122.58818242335676,50.70215554234465],[-122.51326654829482,50.73170192504494],[-122.48893842125537,50.73971443789412],[-122.44898930318321,50.74391066558965],[-122.41123846449233,50.750118410396055],[-122.3915296625994,50.75452013416191],[-122.28801681322638,50.74129104993285],[-122.26248951575913,50.738696789868854],[-122.23958600301722,50.74958933964837],[-122.2293080447073,50.753868560303516],[-122.22596151545622,50.75565948296404],[-122.2110404763454,50.757632832795025],[-122.18667164911194,50.760583353864625],[-122.17212293062117,50.763977703351],[-122.16149595518773,50.757986154087526],[-122.15072112542224,50.75432854746093],[-122.14117339233876,50.74879812304739],[-122.1287881533692,50.743380206958925],[-122.1168660056912,50.744557105111454],[-122.09901664213149,50.74156410954404],[-122.09616619302399,50.74881951956238],[-122.09487600041216,50.76366373292385],[-122.09051950783439,50.76348582909158],[-122.09057079601423,50.766531802485005],[-122.09294417615742,50.76903883989038],[-122.10702674181672,50.78057845349035],[-122.11557179397393,50.78686981260739],[-122.13019330848317,50.79389912292439],[-122.13656913417536,50.79809448180892],[-122.14508224550816,50.806342317388356],[-122.14814788073122,50.81033353330559],[-122.15682258868294,50.81371135146413],[-122.16239823574996,50.81906386728994],[-122.16279431138717,50.82179308960868],[-122.16191393646788,50.83297171236473],[-122.14906263301627,50.832664815359514],[-122.14696744626403,50.85195372620296],[-122.14826420526218,50.85342100876709],[-122.15220089573232,50.85453048816511],[-122.1574591984692,50.85759391142618],[-122.15642512960022,50.86005799300961],[-122.1604999212262,50.859589305519876],[-122.17074618421728,50.86196630101979],[-122.1742071184953,50.863362002623845],[-122.19330137334893,50.85848899709037],[-122.19937776788842,50.866980337905055],[-122.20577885479736,50.866825235514504],[-122.20609253573166,50.86270344105636],[-122.21057878516984,50.861747767907595],[-122.21859141844253,50.8643795010742],[-122.22776009992916,50.861793133593864],[-122.23351737854922,50.85870632829323],[-122.24768689367285,50.84903456315917],[-122.25976017135444,50.83882130682394],[-122.27398795118641,50.83106620904472],[-122.28787653612682,50.82685429964687],[-122.29543274576463,50.827469650797006],[-122.3273306028953,50.8458922126794],[-122.34899819109172,50.855000180783755],[-122.40818241627174,50.8876262731507],[-122.4223685457628,50.89598049823078],[-122.42947248407954,50.90314419167151],[-122.43012422911077,50.90588589213148],[-122.43211431573003,50.932791951616274],[-122.43810476007017,50.93874298799533],[-122.45423149064868,50.94376669865827],[-122.47760733132525,50.94502081479254],[-122.50214236704737,50.94898949875393],[-122.52657617344364,50.95677980053745],[-122.53676667085922,50.96151593947922],[-122.58794119484926,51.00944550174255],[-122.58863446651668,51.018188082744295],[-122.5959065108824,51.022339042871096],[-122.59453738524894,51.02727853593302],[-122.57836386983351,51.03021507600811],[-122.57253352587466,51.03406023524306],[-122.58204696618687,51.04032143106859],[-122.58658826326449,51.04440619032688],[-122.58908675955946,51.04987964903911],[-122.58780082657034,51.05375284428737],[-122.58979273517241,51.056363080915574],[-122.59814911213675,51.060495700526786],[-122.60707543183176,51.06372712203841],[-122.61497582005056,51.06753477924623],[-122.61844850490886,51.08119665514801],[-122.62596318162743,51.07994829932824],[-122.6338305738482,51.0815091994104],[-122.6466549800661,51.08615451433858],[-122.66191223961935,51.092640177523876],[-122.67518651540009,51.09865077285887],[-122.68350128795966,51.10407127621023],[-122.69756179619787,51.11611165303769],[-122.7074785434849,51.1250440340662],[-122.71261092418186,51.137764398034584],[-122.71345005559529,51.147910603998454],[-122.71005185942411,51.16230210987064],[-122.71258069397756,51.16135788742515],[-122.71865779056,51.16162419166853],[-122.7209320877989,51.159645474510214],[-122.72633026261137,51.15803681983972],[-122.74303417990743,51.15911070513565],[-122.77604797341554,51.13761980004587],[-122.79092143640337,51.148785765352336],[-122.80735901917275,51.1458722327023],[-122.82251969194418,51.14478608660426],[-122.8886477756447,51.177266043835104],[-122.90525868683388,51.183901831444594],[-122.97022420732235,51.194114937120744],[-123.01870325067108,51.19862783694322],[-123.03315860610476,51.20065094084515],[-123.0548893379084,51.212514107433094],[-123.05920210568362,51.21435759819939],[-123.06047534957958,51.21654938684472],[-123.06831385063657,51.22007306100013],[-123.08002883816621,51.21228564281308],[-123.07026537193391,51.19488214784445],[-123.059123502783,51.18098073450915],[-123.0571312286829,51.173697265827116],[-123.05873377077648,51.15969211933073],[-123.05031959073902,51.14979490643905],[-123.04913761656566,51.14354145932189],[-123.05460586871597,51.14025491678568],[-123.06164803199066,51.13990483671617],[-123.06821544736928,51.14115791799118],[-123.08361771536924,51.133364288405055],[-123.08811257426369,51.13271521345742],[-123.09841727381128,51.136748565842915],[-123.10069008100024,51.13848801762784],[-123.10927238191164,51.13940149068556],[-123.12868808303321,51.13259564481338],[-123.14672119894935,51.122734879284806],[-123.152134031751,51.11323715476767],[-123.16246925727678,51.093533725156654],[-123.17087152941649,51.08165793826026],[-123.17945115838151,51.07716172880046],[-123.18232472968558,51.072265381986384],[-123.20036339814703,51.072137273900424],[-123.21659279771283,51.06638642497597],[-123.22114526141756,51.06155659841186],[-123.22568015581966,51.06052654356363],[-123.23090891309639,51.05840577602132],[-123.2351039464292,51.058088447027444],[-123.23744263434669,51.05194792928571],[-123.24111161508002,51.04847639366309],[-123.24928221087266,51.04395478479251],[-123.25261154535465,51.04149032580709],[-123.25230093213213,51.03143925660242],[-123.25422067677077,51.02972138157707],[-123.25519443654623,51.02546513686191],[-123.25324454376444,51.02254202480276],[-123.25271724355112,51.018112367630955],[-123.2498760566921,51.012078168669156],[-123.24432326809828,51.0073054940557],[-123.24237355526512,51.002633563367574],[-123.24344186614032,51.00039390213704],[-123.24901957069665,50.99884299758813],[-123.25692735596732,50.99923184538356],[-123.26268162020669,50.99804675768843],[-123.271049481849,50.99802223844611],[-123.27741659646156,50.996286559676534],[-123.28469070017067,50.99624817963575],[-123.29452643033396,50.99461293859743],[-123.29795546754931,50.98721540737812],[-123.31383998318447,50.98125773700515],[-123.32234572841686,50.98519409092049],[-123.32547588158877,50.99138719386459],[-123.33485208514891,50.992380035683325],[-123.34846854929265,50.99073230803771],[-123.3595638784696,50.99040789933753],[-123.36675497199609,50.99674641178791],[-123.37148723093861,51.00289941973829],[-123.37733246017501,51.004661166470804],[-123.38381852396955,51.004324566138074],[-123.39061829958597,50.99661500640691],[-123.3980657681731,50.994246095912324],[-123.40225953786931,50.98822981320875],[-123.41284163438193,50.987087927684286],[-123.43437241383496,50.98533407488666],[-123.45174819279453,50.98080406115541],[-123.46863616514575,50.97364439910319],[-123.50289315993332,50.95886713280672],[-123.51262669142949,50.954082724382864],[-123.51572665236621,50.94704333844874],[-123.52631957664502,50.94375910599549],[-123.53553541985039,50.939662771989],[-123.55258591686075,50.928135905623144],[-123.57743508263758,50.931330650611365],[-123.58783324036177,50.92609436092312],[-123.59394249386575,50.92185909419571],[-123.60100134210016,50.91353548786077],[-123.60157685992358,50.908380563810404],[-123.60709048711982,50.901569832551104],[-123.6171151605153,50.897011303272],[-123.62878672697104,50.895306060490384],[-123.63699652121915,50.899178267656964],[-123.64361943589714,50.89955464116014],[-123.65507689446247,50.901492428399145],[-123.66392235775471,50.89609379990902],[-123.66380040038212,50.89055288640021],[-123.66218832374639,50.8803791083278],[-123.66678941614934,50.876938832581935],[-123.68099641581524,50.88254742607344],[-123.69891293049213,50.88523167078997],[-123.70946906056508,50.88421470890868],[-123.73700070157322,50.88718537016259],[-123.7506526769566,50.886736371340426],[-123.7582174748975,50.883463992136605],[-123.74606044567429,50.87279042099506],[-123.73819219093744,50.87552389094116],[-123.72764812406199,50.87624089704287],[-123.71823179450028,50.87126952104254],[-123.71761931833363,50.85119669552555],[-123.71402467142462,50.848770202742266],[-123.71951609558384,50.848329366370706],[-123.72950828236213,50.84286088093973],[-123.7250815269585,50.840099357914546],[-123.72380217251602,50.835755998215056],[-123.72496040760389,50.82888815229626],[-123.72513092573405,50.813325376351195],[-123.71987186848942,50.80125513305976],[-123.7065566870538,50.79237287099875],[-123.69639181169553,50.79221672452834],[-123.68885296814953,50.799676875074745],[-123.68384109208819,50.80079835326273],[-123.67537088546673,50.80108313232313],[-123.64004007898998,50.795175346419526],[-123.63005121339742,50.792599644748805],[-123.61922974512089,50.78571483450553],[-123.61743104327238,50.781487631202985],[-123.61275521536169,50.77630420808523],[-123.60707809396123,50.7768000243309],[-123.59656033045044,50.78096789792404],[-123.58518349229664,50.78609722390608],[-123.5756749327282,50.79217923132175],[-123.56281667971238,50.79754875695264],[-123.54957709815793,50.80051466185543],[-123.54448549908261,50.80120349995609],[-123.53320012925232,50.80056131304604],[-123.5251066580078,50.79775280262886],[-123.52029004599441,50.79434866769209],[-123.51169307622095,50.786784295862574],[-123.50280303415622,50.779854178410105],[-123.49672976369781,50.779147425453466],[-123.4902066333176,50.77964384282626],[-123.48882257780356,50.78500912893316],[-123.46983827772186,50.79409165481664],[-123.45429726663295,50.79820876484872],[-123.43907265358435,50.79654941822313],[-123.42640257825069,50.79090219334895],[-123.42055065185029,50.78580847823301],[-123.40770636882526,50.780558982571],[-123.38197932276769,50.78969671326944],[-123.3760688308148,50.79238247236855],[-123.36996388869424,50.796198075995584],[-123.36551398591821,50.8006207744272],[-123.36072951437245,50.7915344665439],[-123.35825639949867,50.761165227071714],[-123.33818886128773,50.74965882792018],[-123.32132706289808,50.73135546672248],[-123.30767250185617,50.729689949536564],[-123.29090752664138,50.7328812517559],[-123.27476738427877,50.73269249867892],[-123.2358011320792,50.722960312735566],[-123.22008594493862,50.710914914252804],[-123.21502759280733,50.70583669616764],[-123.20005304288578,50.688478918841234],[-123.19796314581029,50.68175675294955],[-123.19822698061758,50.67502261057471],[-123.18746497871979,50.665406699928866],[-123.18069122107931,50.65663185775994],[-123.1573179071382,50.65322223317664],[-123.167124152873,50.64283131878613],[-123.16727104718757,50.636722663151794],[-123.16370945354146,50.63470040147717],[-123.1542328576933,50.63454301244145],[-123.14192057036058,50.63387513770553],[-123.13251521903533,50.63271023134293],[-123.12164906318353,50.62915576542032],[-123.1119086515299,50.62338803245924],[-123.10426485857492,50.61705398618967],[-123.09667733002381,50.60746874369496],[-123.09540678673359,50.60537297792714],[-123.08147489052674,50.59399735169983],[-123.06081737884702,50.58317118461215],[-123.0445967874128,50.5773113289654],[-123.03549737989685,50.57880311530562],[-123.03166607708657,50.584080267098116],[-123.03159649987137,50.58808659562581],[-123.03485221003756,50.59096437021488],[-123.04375860147063,50.59481960578487],[-123.042684900138,50.598986106992676],[-123.03883471315031,50.6011966494134],[-123.02844276720019,50.60308739754863],[-123.0188095694819,50.60111020908833],[-123.00420623814306,50.59110273171082],[-122.99077939114088,50.57624092960998],[-122.98985015992727,50.56918255526177],[-122.98686981353599,50.56768321248347],[-122.98114412182646,50.569410866722194],[-122.97853256004981,50.56865044248353],[-122.96822994462805,50.56147328640007],[-122.95676149316246,50.548727689670855],[-122.95129875594503,50.54720997612285],[-122.94724672872812,50.54812412212366],[-122.94089318664686,50.55289534053391],[-122.94175560898442,50.562391588360704],[-122.93493442390373,50.576546050105236],[-122.93286271111648,50.580090309936416],[-122.93138336140748,50.58477551624541],[-122.92973037837113,50.59686109312371],[-122.92793934294987,50.601178201443986],[-122.92292876234261,50.601063934504644],[-122.91339071169777,50.60201090784685],[-122.9068885984672,50.60350491198725],[-122.89696589516225,50.6091542702312],[-122.89197198273658,50.61289651078972],[-122.88871702303796,50.61415640508528],[-122.87173284699605,50.61501738039329],[-122.86490717424249,50.61701112866709],[-122.86107123896983,50.61949143093227],[-122.85852460317494,50.62350777810817],[-122.85856138370026,50.62633589483853],[-122.84873949569445,50.63027219545841],[-122.83283343294013,50.64619964998795],[-122.81638618715938,50.647398776693976],[-122.80140309460961,50.64616917994262],[-122.79244208587129,50.648451916720795],[-122.78850619655036,50.65089370652512],[-122.78056969090215,50.65330600839538],[-122.77752703569939,50.65502847468173],[-122.77860936752565,50.656941995921656],[-122.78282146919543,50.65890316813292],[-122.78456872076534,50.66177173685512],[-122.78316539284124,50.664125181715086],[-122.78015844678613,50.6654426401847],[-122.76941412840435,50.65973041858282],[-122.76695904800849,50.66141345218785],[-122.76124657541123,50.65917443987098],[-122.75789463777384,50.65899451098296],[-122.75426339306263,50.65738887595659],[-122.75151918984571,50.654120353285656],[-122.72900999803238,50.65609696800387],[-122.71676641484274,50.65204008171951],[-122.70392772356323,50.64355494052161],[-122.69414136203648,50.64703930290574],[-122.68764363456067,50.65036230490935],[-122.67811632595728,50.65209565874065],[-122.67163067694571,50.65144113463443],[-122.66951524147859,50.650412187924594],[-122.6637124592427,50.64989083665361],[-122.65921647508799,50.6511323071965],[-122.62923740522001,50.652807063987844],[-122.62478383035291,50.64679353485608],[-122.61867900202853,50.639401383605744],[-122.61146884050014,50.63567289301305]]]}},{"type":"Feature","properties":{"shapeName":"Cape Mudge 10","shapeISO":"","shapeID":"43193130B24965450086204","shapeGroup":"CAN","shapeType":"ADM3"},"geometry":{"type":"Polygon","coordinates":[[[-125.21200723105419,50.03304684377994],[-125.20118869879887,50.029320790286164],[-125.19690838529964,50.02395010466754],[-125.19816469969594,50.019375498266314],[-125.1962083901728,50.015661210839944],[-125.19642758293475,50.010088205725715],[-125.19527371244588,50.00681829865232],[-125.19785878829262,50.002272205597606],[-125.19722589550707,49.99971998988985],[-125.1930719962657,49.99676760800896],[-125.18638559752178,49.99486058982038],[-125.18011801484724,49.995401804071165],[-125.17750406392132,49.99631780963759],[-125.17795710181468,50.006471891000956],[-125.17742937308262,50.01904515625321],[-125.18832500437213,50.019255988811594],[-125.18762184422876,50.03347318240121],[-125.20872842396588,50.03333568477421],[-125.21200723105419,50.03304684377994]]]}},{"type":"Feature","properties":{"shapeName":"Tuckkwiowhum 1","shapeISO":"","shapeID":"43193130B26093054278029","shapeGroup":"CAN","shapeType":"ADM3"},"geometry":{"type":"Polygon","coordinates":[[[-121.43283062801999,49.83081228431757],[-121.43025636770878,49.830969947559694],[-121.43154139714363,49.834261598082016],[-121.42969478260144,49.83911180149309],[-121.43187210925731,49.84101890411772],[-121.43521618932228,49.84036239690852],[-121.43680880300943,49.83883699672608],[-121.43635921293418,49.83471970892147],[-121.43283062801999,49.83081228431757]]]}},{"type":"Feature","properties":{"shapeName":"Ashnola 10","shapeISO":"","shapeID":"43193130B26153660107984","shapeGroup":"CAN","shapeType":"ADM3"},"geometry":{"type":"Polygon","coordinates":[[[-120.03166632215644,49.302680249091196],[-120.04400647434449,49.302463620750245],[-120.04380874730985,49.273553388585],[-120.08935115062243,49.273136125521326],[-120.08908995368203,49.24491140574236],[-120.02224431879563,49.24455776324632],[-120.02271291485694,49.19937552735993],[-119.97894182409406,49.19916339413952],[-119.97866113755822,49.21187348635753],[-119.95057942218759,49.211941233930126],[-119.92864697448833,49.21143323957132],[-119.9285344351093,49.20865153188391],[-119.91429359933805,49.20898571290394],[-119.91430834122973,49.21080124584371],[-119.91775281155495,49.21088180534817],[-119.92402639201345,49.21292691107576],[-119.93177880312112,49.21817370688579],[-119.93552000516229,49.219409904248856],[-119.94328791147643,49.21951819077984],[-119.94763570316978,49.218965603138564],[-119.95217598872226,49.21725799797266],[-119.95616138515594,49.21843290482457],[-119.96311229806014,49.22513670832789],[-119.96780708206006,49.226896998607955],[-119.97059071354226,49.225665092590525],[-119.97633248432771,49.2265693972605],[-119.98275498623481,49.23218940270668],[-119.99223650466317,49.234714504442316],[-119.9952350974875,49.237038793953104],[-120.00161908119989,49.23833770235427],[-120.00360060276056,49.24005570907549],[-120.00466909859769,49.244746594309916],[-120.00622580917934,49.24651551037698],[-120.0107103022882,49.24869170360618],[-120.01663109639152,49.24919581124713],[-120.01919192133253,49.25142049990378],[-120.01697928464341,49.25572730038246],[-120.01764788894396,49.259226590348725],[-120.02612859736882,49.26380818604286],[-120.02646638061819,49.265517298351774],[-120.02984480484089,49.266477209225776],[-120.03145168844335,49.27064020412061],[-120.03471059553023,49.273143897853],[-120.03532248612252,49.274887200289996],[-120.03480120832609,49.2817376075533],[-120.03662441955476,49.28295389835343],[-120.03359790305399,49.28871619204845],[-120.0346676127853,49.291496305598656],[-120.03442299847704,49.29535868782914],[-120.03166632215644,49.302680249091196]]]}},{"type":"Feature","properties":{"shapeName":"Midway","shapeISO":"","shapeID":"43193130B26606175080492","shapeGroup":"CAN","shapeType":"ADM3"},"geometry":{"type":"Polygon","coordinates":[[[-118.74992589674162,49.00019082671641],[-118.75035877715754,49.007756549762014],[-118.75581121201266,49.00782102759383],[-118.75639235907417,49.015246965427174],[-118.77259157770449,49.01529509764885],[-118.77270011704182,49.017902712006745],[-118.78594780692661,49.017812977488205],[-118.78593269633087,49.01838047891027],[-118.84423276713758,49.018444132302434],[-118.8445343733802,49.01173707707728],[-118.83970798570837,49.00870190835818],[-118.83370501506789,49.0096663599493],[-118.83373498342381,49.00309487661996],[-118.85014811171226,49.003443403307934],[-118.85032752486282,49.00018766839351],[-118.74992589674162,49.00019082671641]]]}},{"type":"Feature","properties":{"shapeName":"North Okanagan B","shapeISO":"","shapeID":"43193130B2677258302798","shapeGroup":"CAN","shapeType":"ADM3"},"geometry":{"type":"MultiPolygon","coordinates":[[[[-119.76180443067874,50.23282098509893],[-119.66796207664258,50.232507457396885],[-119.58805880169315,50.23337009013992],[-119.57342841740623,50.23411964960031],[-119.53192473091529,50.235137532788684],[-119.5117832337283,50.23532493750928],[-119.48370087079823,50.23528596963894],[-119.47168098718873,50.234892680302465],[-119.47081573697336,50.231521195078535],[-119.45948306650307,50.23123764329438],[-119.45952220228291,50.23870157188159],[-119.45913874078103,50.26022073715013],[-119.45435762360509,50.26021181319162],[-119.45422824463274,50.27460718129371],[-119.44941816979693,50.274683671014635],[-119.44865634571512,50.31429726689719],[-119.40343947075307,50.31431866967983],[-119.40331907763894,50.31799017097895],[-119.3920012227068,50.317801532715265],[-119.39193391356969,50.32120948624051],[-119.38666361560655,50.321210035136225],[-119.38612236894842,50.325116012349675],[-119.38096274816375,50.325027491265054],[-119.38021311302593,50.33257288607881],[-119.36954591843164,50.33247716107093],[-119.36933025466381,50.33920887341977],[-119.35265295580585,50.33945316065439],[-119.3526959312258,50.346974933281],[-119.34184300353142,50.34690470207142],[-119.34154208730767,50.36003638770741],[-119.34190668660324,50.3623757423397],[-119.34157589177526,50.37921500831447],[-119.34173825286311,50.38909743147662],[-119.3414925419897,50.404706398106725],[-119.35219941607517,50.40510585312431],[-119.3523910023282,50.41617074051288],[-119.37496854133562,50.4160850076018],[-119.44570645483827,50.41595752102181],[-119.44636506453483,50.43085369417851],[-119.45705613746938,50.43088229712533],[-119.50641552780574,50.432343943016576],[-119.52493477464199,50.431032276980844],[-119.52443159920425,50.43993990567902],[-119.5258139088735,50.445216476112776],[-119.5818648519962,50.445701550768135],[-119.5816665672969,50.43080461306762],[-119.60610996381702,50.43100759118346],[-119.60566000170847,50.42520120314599],[-119.60639523040295,50.42438358149934],[-119.60611426517332,50.41628758356271],[-119.62860197338634,50.416447223773865],[-119.6284414587966,50.40215317303081],[-119.64448665193325,50.40210758142215],[-119.65220209915964,50.395591411273486],[-119.65279359424278,50.39285231342824],[-119.64379768542379,50.38828947090261],[-119.63931713398851,50.38179155996711],[-119.63348270882706,50.37627562205111],[-119.63579329356476,50.37340662436455],[-119.64653212573266,50.371040694321636],[-119.64867631516644,50.3683017960556],[-119.64642866745467,50.363450116965936],[-119.64895867186036,50.36234066301189],[-119.65347278989871,50.36192819586065],[-119.66017387011667,50.359942227048634],[-119.66346718796501,50.356245133409665],[-119.66422074087734,50.35340550022124],[-119.68451336267152,50.3486315564931],[-119.68118777825968,50.344881779758936],[-119.67154467312986,50.338353724636455],[-119.66614416243482,50.33318892231088],[-119.67508716965429,50.33115294627604],[-119.68442243588989,50.32972607770649],[-119.6917651563134,50.326331703359706],[-119.70763655393955,50.32214465321289],[-119.71706745798154,50.318805850294076],[-119.71893386559023,50.316094935758095],[-119.71076504565788,50.31509126213376],[-119.70598876457814,50.313261077093316],[-119.7031051862546,50.31022709020306],[-119.69848190844301,50.308935226686465],[-119.69552606014699,50.30695851626712],[-119.69034261733152,50.30779463489526],[-119.68542785411269,50.30764420312156],[-119.68195333205011,50.3050882967722],[-119.6826219185878,50.30279223112695],[-119.68771605639519,50.296119040895825],[-119.69038829304905,50.2907985598082],[-119.69699524137054,50.28721534503562],[-119.69806757626625,50.28505494341117],[-119.69299812846111,50.27836123747644],[-119.68744826470784,50.27333919852849],[-119.68403557927734,50.26923915131521],[-119.6816867601507,50.26302289129317],[-119.68867084454509,50.25899942108844],[-119.69249462993382,50.25921750538815],[-119.69742125351654,50.257962878288936],[-119.70567783042864,50.258816474067736],[-119.71092263285277,50.26007734468237],[-119.71647490157457,50.26054239566369],[-119.72493828976741,50.25995931240906],[-119.73849554215313,50.261853510138366],[-119.74190677682311,50.261926753120356],[-119.74929568802318,50.2609294218258],[-119.75185425301687,50.25954996699737],[-119.75293263952678,50.25582901458216],[-119.75257847469122,50.25186810010708],[-119.75552522591093,50.244927013604716],[-119.75750608598962,50.242277617093656],[-119.76280483606818,50.2381527480287],[-119.76180443067874,50.23282098509893]]],[[[-119.29005183687748,50.22324845095237],[-119.2970092677906,50.22317376447864],[-119.29763802247483,50.21715112545092],[-119.29685854421002,50.211132087321076],[-119.29902339754648,50.20954638221002],[-119.30748643013919,50.21030840454725],[-119.30987491611648,50.2064400713752],[-119.30867211214819,50.2043489876956],[-119.31247670074421,50.20218780870549],[-119.32200012399088,50.20283027028198],[-119.32014742887198,50.21249635911602],[-119.33097092048482,50.21246244890025],[-119.33136897725112,50.20897993190352],[-119.3532083725979,50.209074559547204],[-119.354060759472,50.19897819897263],[-119.35363474558568,50.19807629051817],[-119.35363854189875,50.181090058089254],[-119.37505260259461,50.18107570748571],[-119.37472360394848,50.17515931204534],[-119.38548865078057,50.17517617591264],[-119.3852602196569,50.18152188674332],[-119.39289945727549,50.180331313210665],[-119.40979220992887,50.1804051468684],[-119.4102831257185,50.1731795549261],[-119.42034542181332,50.17314310186521],[-119.4193311212042,50.15463426963688],[-119.41962786623422,50.15136434173787],[-119.39441434704119,50.15155961512178],[-119.36910119249677,50.151370170363386],[-119.35958885178471,50.151865056],[-119.34748127223324,50.151304241095154],[-119.32903588682784,50.151100660390995],[-119.32772858802001,50.15330630648969],[-119.32206251348805,50.15783784296841],[-119.3143554632393,50.16124707677692],[-119.31016599651218,50.16439446981357],[-119.30303739588835,50.16883808678947],[-119.30060494453014,50.16941646225977],[-119.30013672769799,50.176185278372344],[-119.29924231258488,50.17658649629639],[-119.28866916527603,50.176525683127615],[-119.2883253021632,50.1837152571411],[-119.27268184769342,50.18394713757025],[-119.27257607371185,50.187940689403035],[-119.26719005537342,50.188125730133336],[-119.26692572760632,50.18439834227408],[-119.24500609607466,50.18413043098137],[-119.2443727712111,50.18751228161102],[-119.23305803958421,50.18744341878212],[-119.2324252035766,50.180226373643016],[-119.22111550732623,50.18023837552342],[-119.22149944872473,50.18756604382156],[-119.2271350117113,50.18757103057509],[-119.22726025601935,50.194897243153555],[-119.23087430590097,50.19485713490717],[-119.23247228914205,50.20429727271875],[-119.23351270537778,50.206338014002334],[-119.2327582580713,50.209180132571305],[-119.23040230561624,50.21027835234344],[-119.23156338060218,50.21572274785472],[-119.25124624453376,50.21625789016505],[-119.25117696911235,50.21455915269992],[-119.25662453415023,50.21533495261647],[-119.26298502823134,50.21509441222324],[-119.26303242897072,50.21297586205593],[-119.26701647049954,50.21270158700093],[-119.27595833133311,50.210244028368415],[-119.27896933020213,50.20642233682969],[-119.28992215489887,50.208669041094666],[-119.27940811737469,50.21665803938971],[-119.28230811415924,50.21772289361756],[-119.28802454298743,50.22112480696235],[-119.29005183687748,50.22324845095237]]],[[[-119.4189879455746,50.25285371358071],[-119.41832840879364,50.2557701071098],[-119.41471799423101,50.25929931465714],[-119.40802520140117,50.26012100848933],[-119.39985658935514,50.26371719574039],[-119.38952051610254,50.27112729221631],[-119.389931389583,50.27288188819489],[-119.38472099227171,50.27619040634516],[-119.38572600729621,50.279165609573994],[-119.37897799064062,50.281741915468395],[-119.37206549679178,50.28560730218195],[-119.36336768617835,50.293070092160775],[-119.35815160459609,50.29635998601986],[-119.35723439839013,50.2993835912416],[-119.35892531103474,50.30148008511652],[-119.34360461188508,50.30948980772821],[-119.32940511983195,50.316431402871764],[-119.32543669410906,50.32057730203293],[-119.32590171762945,50.324058104994876],[-119.32119098152221,50.32430439371995],[-119.31894239401983,50.3268864993492],[-119.31422098832643,50.328293700330605],[-119.30776060604434,50.33475528729397],[-119.3077923026309,50.33829870617268],[-119.30634419391478,50.34122261500563],[-119.31008750720154,50.3447561036037],[-119.31247880526632,50.348279603431486],[-119.31525961176925,50.34910560456332],[-119.32362129930208,50.34530438836218],[-119.32868421934748,50.33846540282333],[-119.3284690923903,50.33692288796528],[-119.33122741736037,50.33471829534931],[-119.33578990144535,50.33317868693887],[-119.33971881881422,50.33449319864326],[-119.34449528578267,50.33305760150006],[-119.34613190250712,50.33057810148253],[-119.34919551117163,50.329471486107145],[-119.350483481878,50.327394995349785],[-119.35714328005326,50.324822892091895],[-119.35929380745137,50.32228779647528],[-119.36849671750717,50.3205616054762],[-119.37099058544094,50.31649980245031],[-119.369874100633,50.31296919691885],[-119.37067920912538,50.31050669899436],[-119.3770621913873,50.3058608898035],[-119.37639739432416,50.302635106470724],[-119.38575671795338,50.30222779765826],[-119.39137330343758,50.29855900836573],[-119.39339522478322,50.29156470418138],[-119.39197108391828,50.288643701977165],[-119.392246583596,50.283214591005965],[-119.39937531179257,50.279802206115534],[-119.39904480792339,50.27855879070475],[-119.40258509509593,50.27637978925865],[-119.41834349606688,50.2718621922785],[-119.4250012062823,50.27112020470212],[-119.42658250027084,50.26992669315581],[-119.43157731865105,50.269651798170045],[-119.43775990921706,50.27033118760354],[-119.44357338941101,50.269552092788395],[-119.4448499086195,50.26738449901249],[-119.44511291076476,50.26235990528801],[-119.44736618443616,50.25622299801636],[-119.44738359066433,50.252740813525314],[-119.45086288657494,50.24562539327191],[-119.4504311903247,50.24406879906026],[-119.44516511259059,50.239250701260545],[-119.44223502140748,50.23819670545105],[-119.43872501532115,50.23483420140483],[-119.4368754964391,50.22577048926661],[-119.44171488734003,50.22227690689387],[-119.44391350295959,50.22195219431641],[-119.45322308958772,50.21866089823395],[-119.4566035956054,50.21434410454637],[-119.46075721895667,50.21119038523621],[-119.46266473912317,50.202069189305874],[-119.46961036352789,50.19103442674743],[-119.46528481669787,50.18835509486056],[-119.47174822043257,50.18217820173503],[-119.475297387421,50.175051227425115],[-119.47431653506992,50.14995300505048],[-119.45316062831876,50.15074890489917],[-119.45381985432816,50.18452760087895],[-119.45400256809633,50.18656818408631],[-119.44796876164916,50.19488676306743],[-119.43290768899384,50.200631659487755],[-119.42012971114434,50.21702519220151],[-119.42259628661152,50.22386401073989],[-119.43016113522766,50.241746811837444],[-119.42725816846195,50.25276470067783],[-119.4189879455746,50.25285371358071]]],[[[-119.23315781369372,50.28316209988952],[-119.23112879800719,50.28364049944859],[-119.23119860355968,50.29961029642256],[-119.23359148759717,50.3043697032252],[-119.23215410116917,50.305979596908685],[-119.23243218798878,50.31269100655],[-119.23405381734561,50.31879949754395],[-119.23381820186007,50.32217949647853],[-119.23489390931213,50.32753580891209],[-119.2353912861794,50.33464309638553],[-119.23921663607165,50.33885511110345],[-119.24279685028239,50.34023894878295],[-119.24942265739244,50.34023367680604],[-119.24878431011842,50.34468206730346],[-119.25175633793036,50.34458357025338],[-119.25174998725342,50.34023917377045],[-119.27788178510423,50.340376857848824],[-119.27905217603775,50.325885019164325],[-119.28160571235333,50.322410496630056],[-119.28393546730497,50.32272206299662],[-119.28539655234151,50.31646914547255],[-119.28685402365124,50.31556321442921],[-119.28585930566209,50.31052707045914],[-119.28357961795062,50.308962004171605],[-119.28274715594199,50.30327655459061],[-119.28475322055513,50.30326698509527],[-119.2842128227572,50.30096727633521],[-119.28103222628252,50.300292998453656],[-119.27383178026957,50.301170363417015],[-119.27371378184417,50.29966709357887],[-119.28196397824814,50.297128559690094],[-119.28201900821917,50.29564602498831],[-119.28613149572642,50.29433634918129],[-119.28467540491297,50.2920803640629],[-119.28578143577529,50.28791201311377],[-119.28580751720902,50.28427797430868],[-119.28891578779856,50.280702704713796],[-119.28523767713305,50.27825342350297],[-119.28539266162664,50.27648223659484],[-119.28176889849367,50.2762418508622],[-119.2824738044616,50.28587430914805],[-119.27995098268292,50.288826098109865],[-119.27906968913851,50.29471888169253],[-119.26981597141993,50.293647478386944],[-119.2700619296517,50.289170716238324],[-119.26013852199222,50.29048049382397],[-119.25742580711481,50.29412646561771],[-119.25454577124196,50.29407643507946],[-119.25508774253899,50.29055559015357],[-119.25383528752666,50.288361927427594],[-119.25376791950268,50.28192189835426],[-119.24985552504177,50.283357669080566],[-119.24580740252911,50.281962506008306],[-119.23643531295342,50.28215520622537],[-119.23315781369372,50.28316209988952]]]]}},{"type":"Feature","properties":{"shapeName":"Pentledge 2","shapeISO":"","shapeID":"43193130B26995962418717","shapeGroup":"CAN","shapeType":"ADM3"},"geometry":{"type":"Polygon","coordinates":[[[-125.01054938744598,49.6907701870472],[-125.00338710218811,49.692748791516074],[-125.00055340590731,49.69655709754131],[-124.9999497832671,49.69895550065867],[-124.99742361469308,49.699604892480366],[-124.99492984703686,49.69578141532533],[-124.99197682531751,49.69747319746419],[-124.99218820187701,49.700185200336094],[-124.99707289234541,49.70280078915351],[-124.99929025101883,49.702545975088206],[-125.01193060969112,49.69594502445706],[-125.0151456977122,49.69462213967698],[-125.01054938744598,49.6907701870472]]]}},{"type":"Feature","properties":{"shapeName":"Matsqui 4","shapeISO":"","shapeID":"43193130B27073278057139","shapeGroup":"CAN","shapeType":"ADM3"},"geometry":{"type":"Polygon","coordinates":[[[-122.47336119316552,49.00230220331545],[-122.47336345963865,49.00822103749624],[-122.4790569479773,49.00816874961177],[-122.47943735324498,49.0022978563546],[-122.47336119316552,49.00230220331545]]]}},{"type":"Feature","properties":{"shapeName":"Sechelt (Part)","shapeISO":"","shapeID":"43193130B27086294565972","shapeGroup":"CAN","shapeType":"ADM3"},"geometry":{"type":"Polygon","coordinates":[[[-124.33939017941834,49.772543777922294],[-124.33410158614484,49.772538691248016],[-124.33059611462522,49.77345860326297],[-124.32976520389336,49.77629149469584],[-124.33954844655064,49.77540014402497],[-124.33939017941834,49.772543777922294]]]}},{"type":"Feature","properties":{"shapeName":"Duck Lake 7","shapeISO":"","shapeID":"43193130B27562066605630","shapeGroup":"CAN","shapeType":"ADM3"},"geometry":{"type":"Polygon","coordinates":[[[-119.40288223708808,50.00540458065529],[-119.40291330613718,50.00079299243865],[-119.40392824147797,49.99738874662887],[-119.39790881580863,50.00040359214153],[-119.39800991449846,50.00467479265048],[-119.39091392036448,50.0028518022123],[-119.38726869509294,50.00000198755311],[-119.38784269105868,49.99750821388494],[-119.38548071056313,49.99670200242615],[-119.38428928457223,50.00573725411722],[-119.39012138966812,50.006008570194574],[-119.39171448722489,50.0088178865465],[-119.39169780345983,50.020140004991475],[-119.39914063141904,50.02011463317713],[-119.40352704398565,50.02008280357127],[-119.40288223708808,50.00540458065529]]]}},{"type":"Feature","properties":{"shapeName":"Powell River A","shapeISO":"","shapeID":"43193130B2772485207319","shapeGroup":"CAN","shapeType":"ADM3"},"geometry":{"type":"MultiPolygon","coordinates":[[[[-124.52678495720345,49.88733315549816],[-124.53059261531709,49.898482369010786],[-124.53084769319696,49.90087520969948],[-124.53439971435999,49.91257410761595],[-124.53321289114915,49.9261214147397],[-124.53606119951509,49.93777949937725],[-124.5365149990224,49.94794459825075],[-124.53925350643637,49.9631031079317],[-124.53896530499473,49.96648538252869],[-124.53951109216328,49.97624398717081],[-124.53863520520136,49.9813253117312],[-124.5349931511055,49.98513025091995],[-124.53109643307455,49.986824531070674],[-124.50601727849943,49.9916560661698],[-124.49798208945204,49.993885720860725],[-124.49069082141081,49.99652210608007],[-124.47190163937856,50.00395786011115],[-124.4431076825795,50.0144071030267],[-124.44010834365098,50.01553359306845],[-124.42030792549603,50.01917376226015],[-124.38111825890202,50.02422835523482],[-124.35160347279768,50.025302154312556],[-124.34789519133781,50.024704605878725],[-124.33678196853856,50.025663255469546],[-124.30693419824557,50.02461864874042],[-124.28712930280834,50.025202262280935],[-124.27045492865376,50.02539239119883],[-124.2511313086937,50.02501222482931],[-124.23735694074223,50.02091537196772],[-124.2125811257341,50.00820531907607],[-124.19876607727399,50.00751654390496],[-124.17673877289994,50.018386542029894],[-124.16578636716788,50.02285703455745],[-124.15343787473766,50.02329608203292],[-124.130018256559,50.02442049948919],[-124.11365661681496,50.02465511977595],[-124.11338642756684,50.033137822657444],[-124.11009508087838,50.04096094031054],[-124.131786321246,50.048987129370296],[-124.13729006974354,50.05403483005988],[-124.14737386626356,50.058735942735844],[-124.15078475319146,50.06102401491907],[-124.1377766330332,50.07952926482652],[-124.14699244719512,50.092855899565166],[-124.15364807910518,50.09490772679519],[-124.1462171978982,50.115390471438246],[-124.13675146308236,50.118402812256974],[-124.13689850254968,50.13552882787921],[-124.11719901350111,50.13701800140786],[-124.10731000183917,50.142207930595035],[-124.09471403855413,50.13894103486849],[-124.08482678335312,50.1391407299298],[-124.07551860375727,50.144672872475],[-124.0693816759175,50.15055123456853],[-124.08086403329808,50.16252370862597],[-124.08337224089198,50.16809293638971],[-124.0906194672234,50.17382036390031],[-124.09694418405503,50.17498236203987],[-124.09679758710286,50.18045658569964],[-124.09214443806081,50.19370513024696],[-124.07325731463041,50.19650021479339],[-124.07051618829654,50.20154696023916],[-124.07749807973666,50.20962899974885],[-124.08748099270379,50.21034014750224],[-124.10192336494943,50.21031026202035],[-124.10589858325292,50.20964660100857],[-124.1191961277862,50.20970908358229],[-124.13364306361966,50.211762130021775],[-124.15425568121088,50.21909803435865],[-124.16384768738685,50.218540417163126],[-124.17262843283572,50.21910760459673],[-124.17516061308011,50.2223758311975],[-124.16795300931402,50.22825216185742],[-124.16541448615095,50.23562703992502],[-124.15993739187174,50.24127727198544],[-124.1503480897226,50.249501510078346],[-124.1442307848212,50.255747536021644],[-124.14986246220936,50.262241664139395],[-124.1690105930614,50.270015709239956],[-124.16786816709798,50.280497941789456],[-124.17049034075238,50.282520772272335],[-124.16578876054172,50.284750934653374],[-124.15817472787963,50.2922702080917],[-124.15482080603728,50.29771651250393],[-124.15484866439276,50.304731079612885],[-124.15706177829142,50.31891687870124],[-124.15917155827601,50.32167809579734],[-124.15507927219117,50.326277719088864],[-124.15953725581721,50.333386293041265],[-124.15092396845651,50.33941646204427],[-124.13670724262008,50.35262051114767],[-124.11462671555634,50.35095674645793],[-124.1029176477296,50.36140954216156],[-124.07580248481017,50.3664233960087],[-124.06396672914101,50.363418394856524],[-124.05542648055214,50.35721176769571],[-124.04944104890647,50.35028436753313],[-124.04116804298978,50.346384652659594],[-124.02979146855144,50.35023602541075],[-124.0150197998,50.36083249026484],[-123.99997707373758,50.34640351951005],[-123.98809425148734,50.345995455812314],[-123.97901928387681,50.34883949024126],[-123.97591083599046,50.34790874796463],[-123.97322994452834,50.344796437780836],[-123.96941350247043,50.343377745512996],[-123.96580407510187,50.33985572086695],[-123.9624986529609,50.339363743037474],[-123.95484687746107,50.341517164232165],[-123.94826958699834,50.344582374646244],[-123.94492856572344,50.34705654869324],[-123.94201137303992,50.34734949256154],[-123.93569944599825,50.35105800443041],[-123.9318455723634,50.35260466963658],[-123.9256981112168,50.351823354671055],[-123.92083178840528,50.355204170589936],[-123.90996346226015,50.35941361321869],[-123.91190251803637,50.36207878240845],[-123.92395431069343,50.38204858124162],[-123.92127659770328,50.39290508136036],[-123.92300735355663,50.398901525862456],[-123.9441927398096,50.408501836098424],[-123.95146448918575,50.42190663310702],[-123.93948647174093,50.43495207080274],[-123.9344649747217,50.44608792829451],[-123.93649544510558,50.45143023735325],[-123.94870930729077,50.457591538426726],[-123.96257970257193,50.47363337480449],[-123.96505046678476,50.48047496567375],[-123.9615071176421,50.48833767131165],[-123.96809928366982,50.490973713413794],[-123.97142612732911,50.4848598204055],[-123.97643831223976,50.47870218037213],[-123.98436823810448,50.475914516289066],[-123.99640049790014,50.473882588521704],[-124.0033138513659,50.496792922537985],[-123.9988211554812,50.50554630466454],[-123.98538514004834,50.511951038956006],[-123.98281270331545,50.51396229153911],[-123.95617090747682,50.520072852063144],[-123.93941760964799,50.527638749798584],[-123.9251250518074,50.531460746706806],[-123.91297886507759,50.52218207182656],[-123.90440718426714,50.521380393853974],[-123.89729471223659,50.52838821622651],[-123.88639389746848,50.530594558728566],[-123.85565044631424,50.52856094249571],[-123.84211029084737,50.52877329124924],[-123.83801358470306,50.52985701901745],[-123.83246617277736,50.53350042786563],[-123.81849464798293,50.53297300635219],[-123.80746966336348,50.53604954982559],[-123.80171431653658,50.54048149880398],[-123.79313972876265,50.53529177213895],[-123.78888162607286,50.53025535300785],[-123.77699438174588,50.52709654064736],[-123.76290882710308,50.528575187990434],[-123.75112222044937,50.53347518881751],[-123.7441240553631,50.53805492524022],[-123.7423306896107,50.5439814739555],[-123.7453116813932,50.54589728531356],[-123.74625650446818,50.55541876190643],[-123.74335201001276,50.55929414607575],[-123.74484313919423,50.571485538927305],[-123.74080070600412,50.57432846901252],[-123.74588812818894,50.57938601596312],[-123.74542143969023,50.581455976977026],[-123.74818273318296,50.58351183611512],[-123.75270149695064,50.58384350749534],[-123.75548153472224,50.58621056425016],[-123.75580499855187,50.590070850282636],[-123.75724309579797,50.59290634104678],[-123.7553103869626,50.5950121265633],[-123.75817809260343,50.59719004269722],[-123.76403291265174,50.600233231697906],[-123.7648597815582,50.602646643836565],[-123.76296363779075,50.60537553743377],[-123.76418347883404,50.61114873878061],[-123.75973113987445,50.6120698743134],[-123.75580910907759,50.615347367271276],[-123.75971062998345,50.62522269517928],[-123.76124948118394,50.633855917060046],[-123.75683311044243,50.63897653831131],[-123.7563393872113,50.64465108252642],[-123.75499194932107,50.64801634066056],[-123.7537980732534,50.6538632703248],[-123.74500494659488,50.65784622972762],[-123.74479598442873,50.66416931159313],[-123.73919231617703,50.670716468177986],[-123.7362798552649,50.6763280957433],[-123.73723142412575,50.680913964561256],[-123.73613656378438,50.68573534961786],[-123.72801124985124,50.69458378968261],[-123.72787482285268,50.69732737670491],[-123.7333278928767,50.70510743526609],[-123.73614994316341,50.70809196625782],[-123.73865343867912,50.708966069125196],[-123.74539923760229,50.71360018398078],[-123.75788377956117,50.71734656687376],[-123.76256333525463,50.72016091061625],[-123.76636414610958,50.72137655166868],[-123.77446285506313,50.72061649748952],[-123.77826922533401,50.72357609244091],[-123.78860684333264,50.72251041822062],[-123.78968385116542,50.72086221261204],[-123.78975247376748,50.717180089127815],[-123.79293265079616,50.71622847223529],[-123.79724250526945,50.71774192049324],[-123.7997595461881,50.717180618157116],[-123.80617190425257,50.71342796274129],[-123.81619292785277,50.7104277252443],[-123.8198990712864,50.703776021680575],[-123.82793306256426,50.708757396561445],[-123.83296495482668,50.71300100853615],[-123.83205492677985,50.713938256210234],[-123.84760196868183,50.7108281186232],[-123.86428154756608,50.71076968183757],[-123.87470679273297,50.71562700228919],[-123.88953567344016,50.72638391024016],[-123.9192449154315,50.742415069668624],[-123.93036489284975,50.76677550889669],[-123.94817176616236,50.775128221696434],[-123.94435988608659,50.78010855539054],[-123.95985639384209,50.787447593422364],[-123.96741240301034,50.793919612081616],[-123.97426442773927,50.80398205057779],[-123.98586810802547,50.80903772733179],[-124.00072034618256,50.806266663747536],[-124.03235191346086,50.81144322287493],[-124.03858929018595,50.83176096306595],[-124.04992099524068,50.83812745311218],[-124.06926162941362,50.84046601542485],[-124.08033270474752,50.828972369627095],[-124.09189306372583,50.80817626350217],[-124.09769380822726,50.78848994445265],[-124.1092696666093,50.78745897289373],[-124.15309152516681,50.796370922214905],[-124.17151842430982,50.79657090121002],[-124.17983994734824,50.80002925275072],[-124.19060475227549,50.800798042472024],[-124.19661258146957,50.808727049961675],[-124.20486573993148,50.81647322468684],[-124.21323632998848,50.82052333929756],[-124.22625392538119,50.82247506813257],[-124.24569961834749,50.81834504951232],[-124.26211806801095,50.82442268920067],[-124.2523187036384,50.84769557875202],[-124.26108614687615,50.85709159032466],[-124.2736371198747,50.86149332358791],[-124.2946748336982,50.863501888339236],[-124.31119844135156,50.860397286353276],[-124.32349533852349,50.85360290291646],[-124.33130095697496,50.83193211778637],[-124.32747612628094,50.81834846455196],[-124.33836525796552,50.81052245490056],[-124.36186134231507,50.79791220233162],[-124.34608078729697,50.79040477926912],[-124.35212776481403,50.78581808041912],[-124.36516031599677,50.78423755193895],[-124.37760316636128,50.7798147696635],[-124.38216357502276,50.77300833729081],[-124.3520835631234,50.75747866692642],[-124.34835663626555,50.74647294602304],[-124.36815445244139,50.73705502078978],[-124.37850346060779,50.729811465979644],[-124.38189348455002,50.72347218410809],[-124.38702100711075,50.72085200880432],[-124.40924071488897,50.72178174301626],[-124.4214777818317,50.721940471172765],[-124.42878138695217,50.72248235444295],[-124.43319551686167,50.716956496714246],[-124.43494360691719,50.712975842000276],[-124.44045005600574,50.71218813846115],[-124.46107173050996,50.70499969781357],[-124.47077813947901,50.70300059438464],[-124.47848669622867,50.6994475924278],[-124.48925856840401,50.697951551191636],[-124.49788412574429,50.69998468657744],[-124.51233001331545,50.69598341354233],[-124.52201807526697,50.69151708560574],[-124.53025383778787,50.681058315695616],[-124.53630721225706,50.68083022035673],[-124.59133108890717,50.66166644200503],[-124.59837289652789,50.66310367804439],[-124.60334244527671,50.63900061869139],[-124.58911882882808,50.63219459221439],[-124.58298831987321,50.62584168103253],[-124.56871143178452,50.604569167251995],[-124.56948329567783,50.60238753800344],[-124.57741470412864,50.597514176485255],[-124.58398370233274,50.59110747394272],[-124.58160428325752,50.584164025206164],[-124.57885625812085,50.57850897619562],[-124.58127529874615,50.57407617164811],[-124.57748170074844,50.5686052267229],[-124.57069097782333,50.566571639923225],[-124.56637096140797,50.5618681524056],[-124.56142721894781,50.55969962123291],[-124.5606792666593,50.55544436748294],[-124.5558068998784,50.55267275139518],[-124.55484486059738,50.5468103851388],[-124.54943018159237,50.540865505476],[-124.54193803099012,50.541442580758094],[-124.53638409453562,50.54045604612482],[-124.53432301308479,50.53744391214822],[-124.53490849242485,50.53400967189351],[-124.53083982106276,50.52941002492918],[-124.52433392708654,50.52751490947371],[-124.51557359310608,50.526141133071775],[-124.51259845342153,50.52345794211446],[-124.51465198173574,50.51843876778685],[-124.51335591551833,50.498701560409664],[-124.52460978167647,50.490195952337295],[-124.55010799444945,50.483447603595785],[-124.5740662879307,50.462589433575936],[-124.57506035474161,50.41961681030264],[-124.55577291079321,50.419509991796374],[-124.54176091848737,50.421916905486974],[-124.53827570951245,50.42474248809942],[-124.5343853000846,50.429372596320285],[-124.5358608167958,50.43146620162916],[-124.53475480009648,50.43339599076142],[-124.52890249011716,50.436171788991636],[-124.51596149230902,50.43706908781995],[-124.51175110824138,50.4393192872987],[-124.50356179067795,50.440881696497044],[-124.4998261216517,50.44206380036471],[-124.49415199912661,50.44257789659039],[-124.48110160529043,50.44635921068725],[-124.47990888960307,50.44787740645154],[-124.47565430469562,50.44828188692703],[-124.46976610508896,50.450542110486836],[-124.46288220356506,50.453884687922454],[-124.45473180901624,50.45457119104659],[-124.43966309553291,50.45891361323848],[-124.42972481175218,50.46011560589419],[-124.42301281655352,50.46412760323247],[-124.411730690024,50.46710710762447],[-124.40851008524061,50.46970059955454],[-124.40389220534871,50.47175279376716],[-124.40271598609858,50.47346760324011],[-124.40519211869177,50.475712104409254],[-124.40265247965588,50.47702949384911],[-124.39982291262093,50.48190178796348],[-124.39750059673341,50.48295570535437],[-124.3924873008944,50.48983321226468],[-124.38995920533097,50.490627897308805],[-124.38524891143265,50.49449748849769],[-124.37399381090296,50.49819190022362],[-124.36893299196248,50.496336097855306],[-124.37282807886815,50.49403320093833],[-124.36606989409613,50.488931701147216],[-124.36353849939132,50.485220195348624],[-124.36966660209505,50.482170893972736],[-124.3726027988009,50.48232469981479],[-124.3780982185079,50.47743969895436],[-124.38154891033969,50.47054510919536],[-124.38217791385057,50.46504340596891],[-124.38023049834197,50.46257519374426],[-124.38039228401063,50.458885106248786],[-124.38379440835241,50.4576929891289],[-124.38603460373135,50.455283295418866],[-124.39619730374373,50.45214858535648],[-124.40282300459103,50.44801268425701],[-124.40741989447021,50.44393800537084],[-124.40914739983731,50.440885911004216],[-124.41408030817753,50.43862288655168],[-124.41772678320778,50.43818279770943],[-124.4227355060038,50.43987479167277],[-124.42934240060174,50.440900210924404],[-124.43300971013525,50.44058539187746],[-124.43894530776261,50.43898319772199],[-124.44377808353482,50.43577590527113],[-124.44561980726165,50.43107598432337],[-124.44998001577213,50.42950080479181],[-124.45577180401912,50.42924019911835],[-124.46605548555,50.42714089230186],[-124.4707910926547,50.42451889819478],[-124.47769369533614,50.42333401139305],[-124.48380830704092,50.42529798529518],[-124.48833441119818,50.42505020970899],[-124.49861590932107,50.42252649865697],[-124.50791019528945,50.41727970524845],[-124.50501899241054,50.41400680999565],[-124.50524369491337,50.412205188276666],[-124.51520810779513,50.40775879361656],[-124.52179858811174,50.398210892864526],[-124.52668041194995,50.39646489881321],[-124.53061451632028,50.39668420186162],[-124.53678108758169,50.39552350307213],[-124.53836009345522,50.39649190351352],[-124.54642299022181,50.39565591134244],[-124.55279011775747,50.39800869655518],[-124.56055609485597,50.40014361451105],[-124.56713008173233,50.40019059662989],[-124.57169851764912,50.398797702248956],[-124.57723458544233,50.39893869498955],[-124.58135861039456,50.398136910034964],[-124.58573890082795,50.39827500982994],[-124.59242111383148,50.39948699542022],[-124.59911339809264,50.39931468839638],[-124.60226631743942,50.398488692780724],[-124.60869729402559,50.39854420191448],[-124.61887140739204,50.40020200667979],[-124.62736620808934,50.40050529527994],[-124.63224049769768,50.399826004892056],[-124.63600140972258,50.400313105279174],[-124.64362339937867,50.403479086379306],[-124.64658331553403,50.4031856906119],[-124.6490524936501,50.40053239704211],[-124.65644270678251,50.39737919774471],[-124.65971068045093,50.39423879275848],[-124.6666946098745,50.38958738736723],[-124.66897830629142,50.3857234851338],[-124.66892560503032,50.38383499390278],[-124.67182300053722,50.38141949433711],[-124.6740686210988,50.37528830354866],[-124.67024029776918,50.372375801483706],[-124.67303958121872,50.369169900484934],[-124.67619991044366,50.36912430197272],[-124.67897411559132,50.36445150525356],[-124.68587180408825,50.35867628929209],[-124.68627720757986,50.355423398801335],[-124.6916882855257,50.34870829480141],[-124.6965060087846,50.34540839214306],[-124.69703519157665,50.3409392137707],[-124.69839020749272,50.339516407063904],[-124.70250189601751,50.338161986352794],[-124.7039879903991,50.336494307795085],[-124.70924638310933,50.33659679755404],[-124.7213537852089,50.33020350553145],[-124.72734321177876,50.32913390566983],[-124.73026938574789,50.32732660060076],[-124.73597590547674,50.32541669000556],[-124.7342421906339,50.32256410658008],[-124.72920960072564,50.321361987736054],[-124.7213222905289,50.32115550437685],[-124.71909269111326,50.32052171244894],[-124.71500018169104,50.32233620062334],[-124.70883859120936,50.321293706568454],[-124.70690600296248,50.31988368991083],[-124.69806650670179,50.316684893040495],[-124.69331471000449,50.31735708862315],[-124.68464919993544,50.31260739041061],[-124.68151208888928,50.31249210899391],[-124.67691329337664,50.311091989734976],[-124.6750258131059,50.31538179385169],[-124.67180380437522,50.31640860194661],[-124.66882110445107,50.315876006998344],[-124.66573780876645,50.31725179772899],[-124.66379021482321,50.31422099372182],[-124.66077289251115,50.312637302366426],[-124.66136319207334,50.30984019457795],[-124.6645534055288,50.30912950963284],[-124.66462630341871,50.30719400955547],[-124.65505089119316,50.30160110638922],[-124.64766929526265,50.29890939177764],[-124.63933770139987,50.29751651140725],[-124.63430610866052,50.29493301040601],[-124.63289218828544,50.29301031061489],[-124.63391641729406,50.28847280005062],[-124.6328698971441,50.28494360321162],[-124.62883871179645,50.28240989311557],[-124.62807451406513,50.280971405114514],[-124.62414819805741,50.27865279965384],[-124.62154150755258,50.27585569554],[-124.6220559097839,50.27199040318018],[-124.6250964971325,50.27065160512752],[-124.62422990675704,50.2670042065137],[-124.62118099176391,50.26485218857731],[-124.62076200072237,50.2628426903921],[-124.61736051434373,50.26101969669067],[-124.61560871337706,50.25813849272006],[-124.60385720105845,50.25288750471867],[-124.59582527361766,50.250946294333154],[-124.59050400406281,50.24743129838603],[-124.59102170162856,50.24193670220283],[-124.59636549735376,50.234794298098215],[-124.60162710416115,50.234047992904706],[-124.60993328249111,50.23626269541795],[-124.61405681186758,50.23465760470477],[-124.61503928784425,50.23176640894614],[-124.61398037929014,50.226563795355545],[-124.6162885099712,50.22186390916964],[-124.61618221921337,50.218680798064156],[-124.6129358869998,50.216819407756766],[-124.6139129923721,50.21418031510207],[-124.61650111288337,50.211581103837275],[-124.61442891043903,50.20745380423057],[-124.61627558701471,50.20614210195732],[-124.61607540858652,50.2034831023688],[-124.61203201633495,50.20287349460453],[-124.60816551481797,50.20331360095227],[-124.60594197977856,50.20176969495634],[-124.60840941575532,50.193047902984],[-124.6123550116808,50.19163509036353],[-124.61396811431219,50.19005560764841],[-124.6120468893838,50.18707900616946],[-124.61557509261685,50.182451807124345],[-124.61888238813437,50.180013503752825],[-124.62020687780004,50.17775469306532],[-124.62520798535014,50.17448330775685],[-124.62723698042151,50.16950709271254],[-124.63066791394783,50.16823669828194],[-124.62888760773406,50.16618299475369],[-124.63152709234605,50.161020303794714],[-124.63633969357184,50.158450991544825],[-124.64406117893753,50.15535619466493],[-124.64891498393007,50.15686160258466],[-124.65259160105906,50.156719197035876],[-124.65891591365813,50.15460559651131],[-124.66058310267357,50.15021049263058],[-124.66826992497582,50.14822940163267],[-124.66674909524542,50.145957800720865],[-124.67644207926948,50.14336290146393],[-124.67013438797457,50.14271629332945],[-124.66990501244553,50.14170229921269],[-124.67631547745178,50.14056719321111],[-124.67905049426345,50.1411127060835],[-124.69078489757452,50.13970978788024],[-124.70117539800809,50.13789389200544],[-124.706770185461,50.13389049986052],[-124.71275648472079,50.13147219137308],[-124.71509798329596,50.13155479455683],[-124.72045039185844,50.1298200927148],[-124.72448599061376,50.12763819273402],[-124.72523430073622,50.124352584139814],[-124.72949761320041,50.11997168925534],[-124.72527861255405,50.118577391246596],[-124.72231539721825,50.11904451218531],[-124.7210352159087,50.116103492704276],[-124.71629848579146,50.11664189065454],[-124.713469289297,50.11419229271069],[-124.70878811262712,50.11511510839994],[-124.71051470800859,50.11687119965425],[-124.71234370061663,50.12340970127476],[-124.71033429611359,50.12395240988995],[-124.70660028760254,50.127542792961414],[-124.70223870425627,50.12922481207792],[-124.70114220354009,50.126695386882986],[-124.69678408080861,50.12653450215975],[-124.69595370871787,50.12436970692357],[-124.68957419247286,50.124032089411244],[-124.69034539605212,50.12245548751339],[-124.6960043894099,50.121455708959566],[-124.69974161145603,50.11559940786834],[-124.69833489076296,50.11417229718731],[-124.70429919781506,50.11000080129866],[-124.70788610427097,50.10429968454885],[-124.70024220848036,50.102874088563766],[-124.70098919102098,50.09870681300809],[-124.70589819939738,50.09557639568704],[-124.71067228210549,50.09340169180137],[-124.7173746950069,50.09391440485968],[-124.72110939540124,50.092843411390426],[-124.72279940724657,50.09006470096293],[-124.72531400809318,50.08842690062172],[-124.72420608339745,50.08522380214258],[-124.73213709207498,50.087263296325524],[-124.73333579470744,50.086823200251565],[-124.74499990703806,50.08574940387189],[-124.75083028530359,50.08349340293455],[-124.754254517375,50.0807889001178],[-124.75643050788793,50.080692001913306],[-124.76147271314699,50.07864679329826],[-124.7669463170037,50.07739350126757],[-124.76830718413986,50.07635669051961],[-124.77443012094918,50.07526430132667],[-124.77552311581834,50.076453605759106],[-124.77943001360248,50.07515180239983],[-124.7767361153735,50.073385801709975],[-124.78104818919043,50.07054878958902],[-124.7826977164608,50.06831139271121],[-124.78967628831928,50.066566691744995],[-124.7940059882861,50.06878420741352],[-124.7926094068121,50.07330319025588],[-124.79506309953402,50.07501939069486],[-124.80045381463268,50.076725599997275],[-124.80553400060036,50.07618870431835],[-124.8057662936666,50.07344989262288],[-124.79989839352594,50.06676890181043],[-124.79639558916774,50.064276612083454],[-124.79252540858708,50.06353600992094],[-124.79163839402796,50.06148081152054],[-124.7877994053938,50.06159479911918],[-124.7842445941036,50.06068609519793],[-124.78316841461466,50.05912950018725],[-124.7763792045423,50.058018588100744],[-124.77677919595143,50.05561169863151],[-124.77438718936541,50.054802711769334],[-124.77450540302355,50.050797784282594],[-124.77191079057228,50.05090039445023],[-124.76726489912427,50.049162911290615],[-124.76792331246942,50.046941107840375],[-124.76264147610726,50.0422895939626],[-124.75972601789948,50.04128130141392],[-124.75974700027706,50.04564359932113],[-124.75653908820297,50.045387289131625],[-124.75574040688971,50.04877119181636],[-124.75231240694762,50.04824849104358],[-124.74710148477077,50.04936080108256],[-124.7477209117298,50.05375019499779],[-124.74035230352368,50.05237728787911],[-124.7443664158255,50.04944769371792],[-124.75185969124493,50.045421494820125],[-124.75480831513417,50.04235510311334],[-124.74740489359026,50.0427183088157],[-124.74413190782704,50.03722660683528],[-124.73601189511623,50.04285361345145],[-124.73126532403035,50.04331080083424],[-124.72540150021322,50.04299320679345],[-124.72301507334151,50.04533169432048],[-124.72503471569313,50.051012907436814],[-124.7292879083554,50.05007718651711],[-124.73140339871189,50.05374308549184],[-124.7298795895501,50.056014698149795],[-124.72501648221635,50.058317702086654],[-124.72359962349289,50.06091120176725],[-124.72218392248709,50.06858620486306],[-124.72013669692753,50.068778496353545],[-124.71960109175521,50.07136769101698],[-124.71769830314196,50.07329471225112],[-124.71849738702439,50.077635593095984],[-124.72401720246918,50.08226719304561],[-124.71790219847038,50.084840701151926],[-124.71687780411436,50.0823996109275],[-124.71135178085447,50.08305759572373],[-124.70929890030503,50.081153384589086],[-124.71000109103836,50.07849868842897],[-124.70737481065278,50.0710443993713],[-124.70426452383143,50.073203502877874],[-124.69880207900707,50.06889529196113],[-124.69457041841032,50.066590902932624],[-124.68794480027215,50.072121092352084],[-124.68482290888755,50.07396548391507],[-124.68158219245196,50.07436280824981],[-124.6786675158388,50.073397192136596],[-124.67184149493183,50.07799309056312],[-124.66875281522788,50.07884770031272],[-124.66372948065346,50.082705794725584],[-124.66068380706561,50.08275849440961],[-124.65351891258689,50.07968648765192],[-124.65326840991192,50.076442185019516],[-124.65928640122286,50.07628408911197],[-124.66496102231184,50.07386430282888],[-124.66998970330515,50.07298280877569],[-124.6765054962496,50.06866169422825],[-124.6820198934814,50.06812339990615],[-124.68586289395301,50.0657549024233],[-124.69188829432254,50.0646511116445],[-124.69799291631728,50.06496729894506],[-124.70297419469811,50.066351596833755],[-124.70690131148613,50.06635589192589],[-124.70855379980534,50.06371539347754],[-124.7045801010216,50.0607787073763],[-124.70081890373702,50.05914231033292],[-124.70976751178854,50.05421589664752],[-124.7115799018712,50.05215650909659],[-124.70889009874433,50.05117951057593],[-124.7097948997125,50.04712770333164],[-124.70804888513541,50.04400579960455],[-124.71141559175781,50.04084399950466],[-124.71739959748088,50.03827341104077],[-124.71954268351588,50.03536369747549],[-124.71941170823723,50.031263395258584],[-124.71616819920169,50.02883798804428],[-124.71301770264327,50.01914339725779],[-124.71003699566961,50.01738868589125],[-124.70999397894921,50.01384529544286],[-124.70753260603779,50.01253218695296],[-124.7048815971358,50.00742640071499],[-124.70360271915588,50.00717430476715],[-124.706608112678,50.00138349923746],[-124.70641442111352,49.99904780373138],[-124.70320970873424,49.997187796376416],[-124.70087259352488,49.994666904196414],[-124.70081231577294,49.992913707062655],[-124.69488261928302,49.99293790338691],[-124.68886638012764,49.987673991750015],[-124.68698699613535,49.98180911255355],[-124.68254650037068,49.977683213065035],[-124.68029169501006,49.97659939801214],[-124.67866378329559,49.973961803264515],[-124.67991350606606,49.970183293407686],[-124.67715111093608,49.966904795315266],[-124.67871090717668,49.964057807048],[-124.68464010606748,49.9669759927009],[-124.69379030417838,49.977725896213634],[-124.6992608088618,49.981370497896805],[-124.70221450622591,49.985634599801735],[-124.70895151664133,49.989952795819804],[-124.71617510142248,49.99296640051058],[-124.71938090169803,49.9952223907541],[-124.72329428870617,50.002018692244796],[-124.72660429053444,50.00367791002471],[-124.73037418415723,50.009944393572916],[-124.72446230156484,50.00738790811183],[-124.72197398552542,50.008441898735114],[-124.72427300379259,50.01572949588825],[-124.72902840612525,50.0183486987259],[-124.73315821541354,50.022910397204825],[-124.73748408966668,50.026730099894415],[-124.74131620421296,50.026916709594246],[-124.74105818804799,50.02441009889416],[-124.73655720269169,50.02234639556686],[-124.73620228896023,50.0182775087368],[-124.7344315043589,50.01334678870691],[-124.74124948802488,50.02043228991288],[-124.74805959450265,50.025735993610525],[-124.754504517285,50.02830099687915],[-124.75919148274058,50.03199830347425],[-124.7636377968657,50.03292970287622],[-124.76430660000932,50.034789709589525],[-124.76820648610672,50.038706308736785],[-124.77067970158546,50.04023310248117],[-124.77690529688084,50.039374313943306],[-124.78060418578248,50.043508698897384],[-124.78438810492041,50.04533030503993],[-124.78570317821693,50.04879109885811],[-124.79447900168378,50.05374739147767],[-124.78990339214822,50.054302800773335],[-124.79069510179062,50.0563864030804],[-124.79506141105622,50.055500599017925],[-124.80209610332733,50.05720819504895],[-124.8055480907552,50.06127431412398],[-124.8088512005681,50.06403868669139],[-124.81212749004338,50.06313288853777],[-124.81702090711673,50.064279401454],[-124.82301259544393,50.062755498186156],[-124.82975689393704,50.06481779327831],[-124.83332702028723,50.06388780634475],[-124.8360436810957,50.06443039163212],[-124.84273550674546,50.06401880327359],[-124.84280289976172,50.06141820388283],[-124.83847589394946,50.06043401287202],[-124.83732700630733,50.05887738278916],[-124.8381143018415,50.05497928792436],[-124.83756119815035,50.051507092529015],[-124.8352420046387,50.047838302159406],[-124.82751998945696,50.0453245897793],[-124.82870108504464,50.04259869339884],[-124.82182380215296,50.03986421171215],[-124.82197560800009,50.03871058737669],[-124.81758132010278,50.03623390626841],[-124.82270088822402,50.03132319542456],[-124.82154768118703,50.02850900120255],[-124.81413879493758,50.024954086143744],[-124.8120379085238,50.024763289448245],[-124.81294567767588,50.01997229497633],[-124.80681781843928,50.01252079907634],[-124.80616269944606,50.01066930604627],[-124.80299027841053,50.00795760013238],[-124.79824969138836,50.00734810549289],[-124.79091307956902,50.00335029540625],[-124.7898389020577,49.99961598369294],[-124.78585130054776,49.99669069304037],[-124.78014722116814,49.99677899844398],[-124.78066738675753,49.99347909533644],[-124.77541500913247,49.98836049750079],[-124.7737124033383,49.984940994039704],[-124.76700889127396,49.98436849134635],[-124.76313261506003,49.98289009238858],[-124.75983739667554,49.977443888463135],[-124.76029459302767,49.97465820307249],[-124.75955447676961,49.970090798273695],[-124.75763288790421,49.96976889304319],[-124.75184989647484,49.963362788166826],[-124.74930930952146,49.962492606310825],[-124.74261649484167,49.96253960451732],[-124.73615219565113,49.96034199362847],[-124.73004869756939,49.9573213090204],[-124.72587599710799,49.95412679849047],[-124.7229964986717,49.949950989738625],[-124.71842549412213,49.947276305650256],[-124.71411909898313,49.94575671219507],[-124.71234258786438,49.942778696833706],[-124.70861409278665,49.94298660606914],[-124.704896205741,49.94109810118343],[-124.70305528472821,49.93871539379051],[-124.69966892209648,49.93673150304214],[-124.69122971255878,49.93610909465778],[-124.68379209326707,49.931853610970215],[-124.67489840749487,49.928942483092506],[-124.66846287596809,49.92615669360658],[-124.66555369429665,49.923428001718314],[-124.65529579996922,49.91884480527508],[-124.65106528722133,49.91855430074962],[-124.64984597624239,49.91669999511705],[-124.64512316222647,49.91581340767306],[-124.64489120052497,49.91935398965393],[-124.64086902025927,49.92007467998602],[-124.63547152825826,49.92011995770109],[-124.63575114516168,49.914453246594704],[-124.6210906810813,49.91447005157626],[-124.60957691242339,49.913964557011795],[-124.5994248565035,49.914362935446555],[-124.5773330672825,49.91466495577192],[-124.57685422471066,49.907974280571636],[-124.56594006255499,49.90819966308792],[-124.56608314466399,49.90410462219313],[-124.56396324241206,49.903974458351904],[-124.56389221266639,49.90029923576978],[-124.5579938411779,49.899771551274725],[-124.55796240127366,49.89574770338215],[-124.55238079916772,49.89531069514959],[-124.53327294084212,49.897359101601374],[-124.52678495720345,49.88733315549816]]],[[[-124.91427771359709,49.99410289844999],[-124.91650039166487,49.994930407513046],[-124.92338949185688,49.99449171317123],[-124.92876641385776,49.995320590739496],[-124.93429250060014,49.999483607202976],[-124.94073368488613,50.0000319009158],[-124.94374460010549,50.00306689746711],[-124.945852417113,50.00000059732972],[-124.94565890886159,49.99587459789874],[-124.94365249727156,49.99215750459939],[-124.94382609782784,49.98846730292316],[-124.94640730538626,49.98536540024202],[-124.94421629787949,49.98226198721249],[-124.93978950336076,49.98110418610256],[-124.93042858327831,49.974774997875016],[-124.93089671058985,49.97116889720419],[-124.92968279378273,49.970083593581045],[-124.9221256127766,49.969462689369855],[-124.91987921194915,49.967978595445935],[-124.91684730782694,49.96331578377092],[-124.91463392228454,49.961967103198305],[-124.91039909650051,49.96207389695193],[-124.90628849744358,49.96323889684523],[-124.90395410635482,49.965543306232725],[-124.90214268288632,49.96911660037294],[-124.90028320191809,49.97711640902608],[-124.8955477019565,49.98087339118742],[-124.89329558263029,49.98391410024959],[-124.88791318966302,49.98786060048103],[-124.89050031099573,49.99017499394232],[-124.89558228556892,49.98957109255508],[-124.9008796938192,49.99227281383731],[-124.90529569380152,49.99349621159983],[-124.90505030744406,49.99612669843776],[-124.90692658504369,49.99667080628105],[-124.91163979340281,49.994093008434696],[-124.91427771359709,49.99410289844999]]],[[[-124.65082037935306,49.8807884922458],[-124.65211680663356,49.88084119962084],[-124.65891391892505,49.876490297410996],[-124.66487921792103,49.86744510498182],[-124.66982341229618,49.86306570708505],[-124.67254979673852,49.85860931025277],[-124.67172019553112,49.856381898878745],[-124.67178709477281,49.85146980650903],[-124.67097819675784,49.846156114259024],[-124.66825550802592,49.8390093845499],[-124.66237799846282,49.838733114233925],[-124.65965991163019,49.83977990211951],[-124.65781830401039,49.84207279158969],[-124.65080811627006,49.84657190301352],[-124.64666579239744,49.847853715710606],[-124.6378616918475,49.852385499083944],[-124.63385290661476,49.85648160523412],[-124.63019680028735,49.862370705336566],[-124.63006231120524,49.86373928606504],[-124.6354195920254,49.8678281915862],[-124.63608429435872,49.87145289208697],[-124.63892867915261,49.874489300036494],[-124.64492429336974,49.87684209951032],[-124.65082037935306,49.8807884922458]]],[[[-124.79508599053149,49.942642010911094],[-124.7999949931456,49.94418581040514],[-124.80603780725785,49.942903984477816],[-124.80930287928066,49.94298799951016],[-124.81165011513829,49.94429119698749],[-124.81842760295676,49.9432229851391],[-124.82710960439528,49.940613893901535],[-124.83709401321829,49.939286505140615],[-124.84651630701582,49.93967680018174],[-124.85242129451275,49.94139859184615],[-124.85628428561684,49.94399069314562],[-124.8605194032291,49.94934710428257],[-124.86238428831513,49.94927169508907],[-124.8664972079854,49.94136158331259],[-124.8640493044959,49.938612909296246],[-124.85782599067561,49.93696790696497],[-124.8550548814762,49.93482589264202],[-124.84622070110487,49.93448120780246],[-124.83747810362313,49.934756107579986],[-124.82660479742793,49.93724849863639],[-124.8198635944785,49.93697648726335],[-124.81500071392863,49.93438149950767],[-124.80218060898036,49.93704619848694],[-124.79627490767325,49.935968096240266],[-124.78271589178557,49.93866839927398],[-124.7774338232688,49.938668400891146],[-124.77535789696424,49.941327393595714],[-124.76792220688272,49.94568689781568],[-124.76192158410315,49.949735905331806],[-124.76561390785636,49.95080409567685],[-124.772619784548,49.94878029859917],[-124.78108109156553,49.94421709152144],[-124.79021099326368,49.941935594689376],[-124.79508599053149,49.942642010911094]]],[[[-124.76102991618055,50.117717203427716],[-124.76708829525741,50.11506960593719],[-124.7696295139267,50.112692592350015],[-124.77329572073252,50.111944906196904],[-124.77925458714853,50.107823200945994],[-124.78023938974219,50.10608138977531],[-124.78548261315231,50.10189990625188],[-124.78559439634999,50.099289300416025],[-124.78278280679496,50.09813568697003],[-124.77822181002955,50.09765719405615],[-124.7727989869212,50.099998609640664],[-124.77022369986285,50.101827313782046],[-124.76453650912434,50.10350640887735],[-124.75668620246317,50.10372429794388],[-124.7585452052674,50.10598028231733],[-124.75400150498612,50.10640899096096],[-124.75045578137438,50.107739191240796],[-124.7495845133264,50.11303289730091],[-124.74821441269168,50.11532879763093],[-124.74999261116314,50.11809029686072],[-124.75745951961686,50.11835519542494],[-124.76102991618055,50.117717203427716]]],[[[-124.85983799744827,50.084946110942155],[-124.85768720898835,50.0835417909651],[-124.85460009381708,50.08399620029089],[-124.85090949327515,50.07961100401505],[-124.84228029856226,50.078048691347504],[-124.83981959960553,50.07909548837397],[-124.84433710567197,50.08609258884127],[-124.84932898167351,50.08829869632856],[-124.85447809883074,50.08550869000267],[-124.85983799744827,50.084946110942155]]],[[[-124.81189722059143,50.00731529840271],[-124.81662429501797,50.008635611742676],[-124.81827469224118,50.00725980711298],[-124.81727968967274,50.004541001870024],[-124.81438091967684,50.00246449755017],[-124.80486839350031,50.00149739505745],[-124.80447590284679,50.0044085115987],[-124.81189722059143,50.00731529840271]]],[[[-124.69761359442954,50.143999513128605],[-124.70310400168202,50.13940360062719],[-124.69813709754378,50.140654112034916],[-124.69343778803696,50.13990490045303],[-124.6885016879977,50.142854493922705],[-124.69192530134782,50.14425300127842],[-124.69761359442954,50.143999513128605]]],[[[-124.72449080354222,50.14413339357845],[-124.72475200984562,50.14127788818271],[-124.718592717241,50.140488905442005],[-124.71280141114164,50.144055093274225],[-124.71046259140002,50.14323469169196],[-124.70645411367738,50.14547069769351],[-124.71575160960933,50.144775698086725],[-124.72129769720088,50.14484690082905],[-124.72449080354222,50.14413339357845]]],[[[-124.75779149801086,50.32189608729606],[-124.75560071266203,50.3200032961159],[-124.75123979972794,50.31988938902238],[-124.7446617948481,50.31823450875604],[-124.7418533132194,50.32055310431168],[-124.74648389783093,50.323126590060696],[-124.75122948316691,50.323397200703496],[-124.75779149801086,50.32189608729606]]],[[[-124.80923450238629,50.00068281082198],[-124.81079369385083,49.999093410566914],[-124.80896149977436,49.99673771245651],[-124.80392790405183,49.99650129718157],[-124.79917089198098,49.994255297909284],[-124.7947189082826,49.995726506543505],[-124.79782260796192,49.997793010829504],[-124.8024133135345,49.997793007210156],[-124.80622559656018,50.00045918693894],[-124.80923450238629,50.00068281082198]]],[[[-124.81859600563047,50.01912770922759],[-124.81885768223603,50.01566119934527],[-124.81757421268114,50.01351349507244],[-124.81178368873323,50.00800891216234],[-124.80989662060801,50.00828239976528],[-124.81345991189369,50.01210349314333],[-124.81141969120704,50.01276430392064],[-124.81496577629066,50.017214995863945],[-124.81859600563047,50.01912770922759]]],[[[-124.73168751095484,50.12598329237879],[-124.73600289740072,50.1253794053963],[-124.73583020045619,50.1225581116006],[-124.73409979987248,50.121135290555834],[-124.72745318531719,50.12418449635744],[-124.72764880678173,50.12693470153299],[-124.73168751095484,50.12598329237879]]],[[[-124.74160038981167,50.02940338989747],[-124.7444434913607,50.03193279276709],[-124.7502438081238,50.03478690734621],[-124.75058400107929,50.03184018982266],[-124.74821778164711,50.031677791712774],[-124.74637479886601,50.02855878727533],[-124.74058059945492,50.02706198575634],[-124.74160038981167,50.02940338989747]]],[[[-124.717570885237,50.139306801612086],[-124.72169728576026,50.13728580225903],[-124.72168728808852,50.135072596979846],[-124.71790321551319,50.13411270717566],[-124.71386371280796,50.1381660039228],[-124.717570885237,50.139306801612086]]],[[[-124.70649242153395,50.125691297860676],[-124.70985979488886,50.123968007341695],[-124.71015191029143,50.1215980849241],[-124.70342610820263,50.12245270122038],[-124.70372310517384,50.12532670586521],[-124.70649242153395,50.125691297860676]]],[[[-124.82343211232617,50.0111365041125],[-124.8219656035211,50.00819119796355],[-124.81873670396091,50.00915109160043],[-124.82096341485197,50.011562298750476],[-124.82343211232617,50.0111365041125]]]]}},{"type":"Feature","properties":{"shapeName":"Lukseetsissum 9","shapeISO":"","shapeID":"43193130B28258205944360","shapeGroup":"CAN","shapeType":"ADM3"},"geometry":{"type":"Polygon","coordinates":[[[-121.61345230865818,49.35652144164161],[-121.61795445112425,49.356332101315004],[-121.61770738992011,49.34773885890811],[-121.61424508807929,49.345985791609394],[-121.60962461236716,49.348853498180375],[-121.60720757179413,49.351300099310905],[-121.61057221686197,49.35554159391394],[-121.61345230865818,49.35652144164161]]]}},{"type":"Feature","properties":{"shapeName":"Cowichan Valley H","shapeISO":"","shapeID":"43193130B28813667343022","shapeGroup":"CAN","shapeType":"ADM3"},"geometry":{"type":"MultiPolygon","coordinates":[[[[-123.83588589229451,48.97926722925245],[-123.83582393847978,48.987153557063515],[-123.84018789846337,48.99148340275512],[-123.84499166614874,48.991437119770744],[-123.84543548031749,48.99812841232574],[-123.8472413646201,49.001629684702834],[-123.84272688054673,49.00175920730003],[-123.84270699515848,49.00026620329735],[-123.83628195088126,49.000065944275],[-123.83609215263145,49.00170462473227],[-123.8325744573691,49.00251286800602],[-123.83419162520711,49.00570967627843],[-123.83040285805065,49.00695220272609],[-123.8331643016253,49.00939030488468],[-123.8369088001746,49.01086439324098],[-123.84443989483358,49.015478806163806],[-123.84602678306553,49.01346350869614],[-123.84654799121074,49.013023551643414],[-123.86385971931207,49.01254773949917],[-123.8637768504161,49.027846951533675],[-123.85715929366407,49.026630258748135],[-123.8527525127131,49.02737379243775],[-123.84757649278045,49.024676395275556],[-123.84536951917742,49.02510650137186],[-123.84365100680115,49.02301428771174],[-123.83673480783877,49.01838701017869],[-123.82839769509941,49.01473109104189],[-123.8214198890522,49.011120707090974],[-123.81795439812082,49.011458402155775],[-123.8175432013162,49.016282645070454],[-123.80097594485112,49.01597697165255],[-123.8010699877136,49.03578016715603],[-123.77653566034449,49.0355864656897],[-123.75454271262755,49.03579255530496],[-123.75140058170116,49.03731620033932],[-123.74652578207204,49.03804109292376],[-123.74765218578212,49.041937794685374],[-123.75488789866449,49.04448141213208],[-123.75537482499335,49.04587140317495],[-123.76044999732038,49.04939209739379],[-123.75678440142553,49.05039619745651],[-123.76067848761073,49.05441950631285],[-123.76704166892381,49.05738514874927],[-123.77319342996414,49.05750368350295],[-123.82264959344597,49.057184076278155],[-123.82367701700306,49.05747369638261],[-123.86445159672961,49.05733387051891],[-123.8647977615311,49.050068496048176],[-123.86738091019186,49.05009928738069],[-123.86759951184602,49.04295574293035],[-123.86478673109517,49.042762938276],[-123.86465125031467,49.03794833901005],[-123.86565309554037,49.036440788503285],[-123.87772533721062,49.037032684071576],[-123.88553364698882,49.037178492757185],[-123.88530511113296,49.024140784639535],[-123.89335130092644,49.02492622356473],[-123.89493502448511,49.02628076642327],[-123.90287704898077,49.0272163799167],[-123.907212759994,49.02969697823109],[-123.92094136705192,49.03224319005225],[-123.92708592570283,49.02949644887967],[-123.93044265461326,49.032118825565796],[-123.93518555387018,49.02951543240872],[-123.94320651018705,49.02995170607164],[-123.94331456130375,49.03118501495328],[-123.95319336436562,49.031427527006244],[-123.95278889269488,49.022874706430535],[-123.95703962854076,49.02069452531177],[-123.96596839385168,49.022390008715256],[-123.96856767956699,49.023909751119746],[-123.98329979211277,49.02702910932276],[-123.98509992237466,49.02847950237898],[-123.99303817110834,49.031663656153384],[-124.00510446960011,49.031890466606555],[-124.0115265548,49.03029073884197],[-124.01492629058757,49.030216942773755],[-124.02238161613153,49.02542605429],[-124.03055197589846,49.02631655115941],[-124.03595511499782,49.025861526213134],[-124.03552302317958,49.018240097949345],[-124.0298945946101,49.01839134613036],[-124.02970718027896,49.012345131347395],[-124.01959968666749,49.011920243988044],[-124.02061381819644,49.01080980558238],[-124.02084324791385,49.00648191053709],[-124.01927937440415,49.00538898511743],[-124.01522508162964,49.00619897178506],[-124.01409917325013,49.004822133899275],[-124.01376456062418,48.9996930708151],[-124.01036182089368,48.99958973700786],[-124.00493661472211,48.99953500903206],[-124.00453510798819,48.986159018553785],[-123.98481692286344,48.98585824545458],[-123.98467746924666,48.98996815957897],[-123.97705351842838,48.98984862859613],[-123.97688901262681,48.9951482110924],[-123.9741718976297,48.99507850773592],[-123.97431555963476,48.991608740835964],[-123.97132426406475,48.99148708008678],[-123.97109892414154,48.99519518898469],[-123.96905886375437,48.995105355458634],[-123.96939703607673,48.99186939944383],[-123.96591484276996,48.99185200591255],[-123.96569441071817,48.99501817269508],[-123.9596574455041,48.995378325876146],[-123.95955063249109,48.99050832548055],[-123.9560197340306,48.990432016571745],[-123.95603437634131,48.98708532973714],[-123.94926290469431,48.98922350754426],[-123.94322360378555,48.98862528717024],[-123.93182977732621,48.98977039328552],[-123.92775380082468,48.988148188190266],[-123.92438490617798,48.989929897474916],[-123.92115878860199,48.98997409437947],[-123.9184520068453,48.99214599285352],[-123.91360641199566,48.99339789700003],[-123.91036539779589,48.99782288965175],[-123.90560543268747,48.999236588071334],[-123.9024869730485,48.997670082729655],[-123.90403593518707,48.995610967876885],[-123.89727485331262,48.99608927447375],[-123.88936511472566,48.99368417685501],[-123.88639110124599,48.99159613903893],[-123.88482127310175,48.99257871493312],[-123.87730603632419,48.99237883229898],[-123.86906360724164,48.99267232460553],[-123.86521491475244,48.99201990953606],[-123.85409120118646,48.99321391088445],[-123.85372406442882,48.991800506205],[-123.85921894822316,48.990837079533826],[-123.85673751643824,48.98429649700121],[-123.85109520676211,48.98406470284153],[-123.84885978214366,48.981816068395986],[-123.84942740260645,48.97917953067388],[-123.83588589229451,48.97926722925245]]],[[[-123.76045459708367,48.99154563747849],[-123.7781956636628,48.99144523159954],[-123.77768211379784,48.98806989843524],[-123.77561338004969,48.98689639703895],[-123.77314699766193,48.982991192378734],[-123.76940848496196,48.98603040202776],[-123.77314049541972,48.9877950089481],[-123.77142239450454,48.988921595095704],[-123.76403979127517,48.98711850284562],[-123.76167461934054,48.98792609756567],[-123.76045459708367,48.99154563747849]]],[[[-123.78813826972849,48.99450517159352],[-123.78746090277333,48.99555429329355],[-123.78816862753834,49.00085629195247],[-123.79585428070205,49.000582634893654],[-123.79550886703466,48.99882271167946],[-123.79191139238641,48.99754520267902],[-123.78813826972849,48.99450517159352]]]]}},{"type":"Feature","properties":{"shapeName":"Scowlitz 1","shapeISO":"","shapeID":"43193130B28870439765884","shapeGroup":"CAN","shapeType":"ADM3"},"geometry":{"type":"Polygon","coordinates":[[[-121.93376671427187,49.23366690269322],[-121.95266130743843,49.23621114159421],[-121.95309336419031,49.23446905729304],[-121.94601663346603,49.23291793357222],[-121.94167924629599,49.22930258290272],[-121.92644270039837,49.22917082720509],[-121.92153639064449,49.229858529222625],[-121.92088869868512,49.231375394090506],[-121.93376671427187,49.23366690269322]]]}},{"type":"Feature","properties":{"shapeName":"Skeena-Queen Charlotte E","shapeISO":"","shapeID":"43193130B29432146532932","shapeGroup":"CAN","shapeType":"ADM3"},"geometry":{"type":"MultiPolygon","coordinates":[[[[-132.2022983162176,53.14658350387233],[-132.20689971068904,53.14448540141502],[-132.2152901948417,53.141679696482285],[-132.22419792187415,53.141320797314],[-132.22731491584094,53.13981970089401],[-132.23153249862352,53.1393426150748],[-132.24128688113294,53.14346279188157],[-132.24365660424647,53.14267239923424],[-132.24783218508819,53.14355969758634],[-132.24916460059296,53.145641896814624],[-132.26274052055598,53.14615169625426],[-132.2718483970357,53.14711589869847],[-132.27256932119712,53.14850020059494],[-132.27773740356278,53.1488520045789],[-132.28702365817296,53.1523259953462],[-132.29471241326993,53.1519539984568],[-132.30173880194636,53.15319300937261],[-132.30839139734618,53.1511222133605],[-132.31328456265845,53.15072183170687],[-132.31943488700267,53.148538507680655],[-132.33309500552602,53.14637388322905],[-132.34918381224543,53.148154194218435],[-132.3533333059228,53.14660028353297],[-132.35297181419335,53.14105300316222],[-132.35500161683902,53.139138894622064],[-132.35170819845868,53.13776169149369],[-132.35192171105717,53.1347894037038],[-132.35000539436012,53.1321489054625],[-132.3551714116277,53.131030893223816],[-132.35808747997967,53.132507798680166],[-132.36331451036165,53.133333793887125],[-132.370419419978,53.13301479672703],[-132.3767767931573,53.13125728848552],[-132.37801209302137,53.130107992385],[-132.3921107921949,53.127629899053275],[-132.3938207201606,53.126084598315906],[-132.39101821225873,53.123226202485355],[-132.38922547864112,53.1192399027329],[-132.3890073036834,53.11127710263692],[-132.3898743080359,53.10782479471387],[-132.39314680790335,53.10386839534534],[-132.40048508820854,53.10259940733789],[-132.40715581794532,53.10244840637271],[-132.4161639953389,53.0992453879242],[-132.42710429772308,53.099402101564216],[-132.43078691120124,53.09904030092302],[-132.43548857321363,53.096831399186534],[-132.44192237393634,53.09767159621294],[-132.44974179828554,53.09630150926423],[-132.45661351213843,53.09581020886838],[-132.45889428208608,53.09664189685199],[-132.46934800678014,53.09668469743098],[-132.4758529859677,53.0978482093155],[-132.4801455920788,53.0995387894262],[-132.50098722072266,53.09796499469445],[-132.503400679385,53.094472894997146],[-132.50853218323635,53.097700093718416],[-132.51106378026898,53.0968271013884],[-132.51823948604965,53.0964638940757],[-132.52047680275052,53.097805506570054],[-132.5279163994047,53.09938211382571],[-132.53229180117455,53.09860878857704],[-132.5410158000016,53.100173988931],[-132.5584636897616,53.09677580208292],[-132.56337218006448,53.098215700438686],[-132.56737111965714,53.09723720139515],[-132.57134048772062,53.09732700633911],[-132.57378791820074,53.09391460485431],[-132.5711258897092,53.091846593462826],[-132.5764195283572,53.088015501497225],[-132.57322411032297,53.08296948794662],[-132.5676647084806,53.08223609619508],[-132.56389890134625,53.078598593032154],[-132.56455861341405,53.07696649425691],[-132.5583724865292,53.0725499996343],[-132.55148720744825,53.070484883799004],[-132.55156267701227,53.06864340071016],[-132.54416269613233,53.06751968579685],[-132.53914609784414,53.06750551106362],[-132.52721408364593,53.06836429555323],[-132.52330811244565,53.06933410205416],[-132.51532329487884,53.0693028064839],[-132.50922147786628,53.07180940095118],[-132.50412282726896,53.072448902213566],[-132.50115861021655,53.07158720013495],[-132.499738586776,53.0672235069525],[-132.50482780418676,53.06801250202096],[-132.5253742054395,53.06687740359212],[-132.520769727745,53.06543320129468],[-132.5189931213225,53.0638851056608],[-132.52448020262852,53.06167049270095],[-132.52187201055432,53.05974638804835],[-132.52516229264413,53.05755879238101],[-132.5248101895525,53.054610704314605],[-132.52577849513747,53.049433693728474],[-132.53022418922586,53.04997489851031],[-132.53036481375855,53.04828860296318],[-132.53310858342417,53.045683700736966],[-132.5295833884272,53.045242191693696],[-132.52865489939907,53.0437482041945],[-132.52102181790588,53.04054089490351],[-132.52124010529556,53.03827928613991],[-132.51678121827985,53.036971799287954],[-132.5143002923726,53.034708805722694],[-132.50503781063398,53.03390269366295],[-132.50381040051676,53.030649804133745],[-132.49957900132915,53.02977808787086],[-132.49759038807127,53.0272999917155],[-132.4883271108638,53.02861458636943],[-132.48618519356506,53.027993597050724],[-132.47986279932704,53.03229329734627],[-132.4712819944444,53.03416038556737],[-132.46824541544436,53.03557039950575],[-132.45882149629705,53.03553200723401],[-132.4549042929226,53.0334070023613],[-132.45013379305,53.03535539482463],[-132.44693198881606,53.037812096053074],[-132.4429512922469,53.037780796755705],[-132.44067369879397,53.041966508608226],[-132.43791489661,53.04269859463409],[-132.43478859505916,53.037057310467524],[-132.43125548031566,53.04051379451438],[-132.4261211077873,53.04029588863676],[-132.42444159756764,53.037201113011356],[-132.4259912947372,53.03473580501036],[-132.4216713989631,53.030891914241494],[-132.41736958738028,53.02800221012305],[-132.40693969692455,53.02532891525518],[-132.40229479463903,53.0256863952671],[-132.3964897135332,53.02770880706959],[-132.39044190050967,53.026857103838914],[-132.38638630824423,53.02732570621362],[-132.37696300024768,53.03048029549511],[-132.36828839296402,53.0303877133235],[-132.3683455084058,53.03215090899959],[-132.36162598516032,53.034960801467385],[-132.357130305906,53.03453789154396],[-132.34914149327523,53.04050100927696],[-132.34655699718525,53.04104649569727],[-132.34395228601585,53.04338789999108],[-132.34388840647267,53.04539180017705],[-132.3375343091307,53.046805998202345],[-132.33405069549565,53.04570219409268],[-132.33391458880672,53.04333520029168],[-132.3357534013463,53.04181979103425],[-132.34734409394048,53.03624411433417],[-132.34624351616026,53.03426729436655],[-132.33470989151337,53.037463210686575],[-132.33095800748637,53.040237509626245],[-132.32295160306998,53.044698183486375],[-132.31651898266108,53.044498791142125],[-132.3130715046542,53.046435686664566],[-132.30789881831888,53.045868902661375],[-132.2983152968581,53.0488070059433],[-132.29533208856353,53.05091629243113],[-132.29143649824644,53.055943705298944],[-132.28854380240503,53.05708308828593],[-132.28839431843073,53.05993010276644],[-132.28515588879853,53.06227429840781],[-132.27758810549645,53.06015939490628],[-132.26537750936606,53.05944729172168],[-132.26246350981455,53.060684896892546],[-132.25670299282154,53.05785360314166],[-132.26023129107168,53.05659599995177],[-132.26476698627818,53.05685239771779],[-132.2674785892339,53.0536336881586],[-132.28385371286836,53.05381879376083],[-132.28974309866655,53.05248861449278],[-132.29101537732427,53.048146199938714],[-132.29445988535068,53.04602269950688],[-132.30514612063797,53.04238950092549],[-132.3148708981641,53.04149370748806],[-132.3267760951965,53.038831810203284],[-132.32791560929235,53.03539518762488],[-132.333839206571,53.032686405694825],[-132.34179250832233,53.031200904215204],[-132.35195860772555,53.03009719154839],[-132.3537130957912,53.02872421482457],[-132.36009689943043,53.02751788670753],[-132.3605453918446,53.026268911763005],[-132.35430900110507,53.02290208779075],[-132.35781341199123,53.020929504011754],[-132.35260550421063,53.018817401186816],[-132.3442978788739,53.021006395490495],[-132.3379155995571,53.02197780664089],[-132.33381799953938,53.02409839406468],[-132.3285850950626,53.025266291669745],[-132.32719418511334,53.02412970253823],[-132.32162850722355,53.02684569133084],[-132.3179896968788,53.02611649135611],[-132.31582227966513,53.02450289656759],[-132.31429440740095,53.0205122037131],[-132.30800198699018,53.01884019208586],[-132.30109479303178,53.01986140516],[-132.292177979721,53.02005509722247],[-132.28573920475745,53.01861378316839],[-132.2786585177092,53.019251797150275],[-132.27241161055426,53.020673187100776],[-132.2628760088055,53.01842151015282],[-132.25627171463714,53.01815229509413],[-132.25229830649937,53.01592061039022],[-132.24717300457073,53.01444369892497],[-132.24483320613018,53.01206948887998],[-132.25150738539747,53.00982350423315],[-132.24382988352642,53.0088721907904],[-132.23583497673997,53.007086201311104],[-132.235286702041,53.00934791340927],[-132.22852920364053,53.00823698985525],[-132.22850988612024,53.006448193719045],[-132.2250018777725,53.00351569710692],[-132.21912589266097,53.00031128854287],[-132.2132965970645,52.99871760117647],[-132.20939521181452,52.99658550879921],[-132.20337409351424,52.996336288142835],[-132.1991832157069,52.994762496224055],[-132.1959086888041,52.99561138808245],[-132.19033961403238,52.99529950762359],[-132.18533578064623,52.99388659304562],[-132.17947491821133,52.99301929650269],[-132.1749132975226,52.993036408292916],[-132.1625738957527,52.99437938597969],[-132.15902868103905,52.995265302989296],[-132.15097267611768,52.995621297801996],[-132.14739161478062,52.99636329163946],[-132.14384659836637,52.99834580823121],[-132.14063678615295,52.99864640611921],[-132.13486340071879,52.997599610109084],[-132.13109168861985,52.995601402740384],[-132.12616540067552,52.99594180512271],[-132.1193846999015,52.994356585720965],[-132.11547630344683,52.99105959823533],[-132.11102928210397,52.9891354951838],[-132.1018668009382,52.983534089080486],[-132.10036610324912,52.982149695212854],[-132.10252720398438,52.97945939141197],[-132.09174428829465,52.974968888370135],[-132.0888434863657,52.97289239661449],[-132.08611859221332,52.97245659378582],[-132.077904292619,52.96769691251935],[-132.07393390502585,52.967598584564186],[-132.07326819334477,52.96508199468964],[-132.07654648191237,52.96373329199803],[-132.0823164996333,52.96474729336266],[-132.0881107854859,52.966732699490244],[-132.09455679527036,52.971001012712904],[-132.10193969462574,52.97422970735522],[-132.10424898551702,52.976444398523626],[-132.10672261836632,52.98154870221818],[-132.11485649430347,52.985604902403374],[-132.12365190199918,52.98776969383418],[-132.13040058278563,52.992086393624255],[-132.13384489660814,52.99341099921803],[-132.13883909501845,52.992694612350355],[-132.13952049246703,52.99049990169545],[-132.14285448176497,52.989670993057366],[-132.14918828619236,52.989904608431054],[-132.15289099522272,52.98773550391879],[-132.15194298109103,52.984727595289534],[-132.15340028409932,52.981597095758616],[-132.15693340487186,52.97817480680848],[-132.1552366078779,52.97655120106786],[-132.15036982350125,52.9742311044011],[-132.1474530170743,52.973712703086704],[-132.1427618934994,52.97032599815437],[-132.14240809204836,52.96891459755219],[-132.13840301926228,52.96458349850292],[-132.13286240367688,52.96099599414263],[-132.12422661162194,52.96052599190233],[-132.1142416006877,52.96331460837313],[-132.112904507501,52.96079091016326],[-132.11465589994617,52.95754218865694],[-132.1205039747806,52.95558969959499],[-132.12613891688284,52.95458419368762],[-132.13096188462745,52.95460978997932],[-132.1365532785781,52.95564520003205],[-132.14080529184116,52.95752801188692],[-132.1457562965825,52.96127939272251],[-132.15327898747026,52.96916660067567],[-132.15655649675008,52.9709811011044],[-132.15769348360791,52.9729322919907],[-132.1614745830569,52.97502870213158],[-132.16658470062694,52.976606686016076],[-132.169959608096,52.97514118676177],[-132.17483219156426,52.974887688730625],[-132.17623231704076,52.97169319298691],[-132.1787729083952,52.969720696152564],[-132.18484781680107,52.969551196989315],[-132.19059582539137,52.967043103716705],[-132.1848519046307,52.963966896079],[-132.1805492961711,52.96371189672731],[-132.1691756849741,52.95932250440214],[-132.16073267606916,52.954984398780304],[-132.1571077971171,52.95259599453342],[-132.15525339027064,52.94956520704068],[-132.14852859934,52.946077403734364],[-132.14983078840547,52.94393249512427],[-132.14634931382403,52.940511603080225],[-132.14086908811854,52.939859297423304],[-132.1320166007597,52.936452610639556],[-132.13139269452688,52.9341538909015],[-132.13828160161438,52.93421228446215],[-132.14466890284663,52.93619189043159],[-132.14649142297208,52.936109299232974],[-132.15273919243862,52.94067390147908],[-132.1551668992291,52.94110971539966],[-132.15867289596673,52.94441391166972],[-132.1618967212443,52.94520149885605],[-132.16604589927886,52.944104807734355],[-132.1692885861904,52.945044794443724],[-132.17493078861264,52.95009788861239],[-132.1785146027024,52.95586601380825],[-132.18343661096026,52.9559742034874],[-132.19366599785621,52.96032658750258],[-132.19939761537046,52.961512908228705],[-132.20253490149196,52.963197795753594],[-132.20815917375407,52.96790619564242],[-132.21104620589543,52.96934180049385],[-132.21854340472262,52.966036187205006],[-132.2251303796545,52.96573289509871],[-132.22862010139477,52.96284598242349],[-132.22986090753432,52.96047470042879],[-132.22576071486768,52.957734507616294],[-132.22086970103706,52.95623620112794],[-132.2150720213328,52.95259310154682],[-132.20771390926356,52.948723490384204],[-132.20426058791884,52.94757280847768],[-132.20067492384882,52.943837102590315],[-132.20208751046326,52.94179330309111],[-132.1930870037385,52.93594268240454],[-132.18977438847438,52.93470499302882],[-132.17833250265994,52.93374091199234],[-132.17437911430514,52.932954708473524],[-132.17003079040924,52.92983849200332],[-132.1746653033269,52.927215095399156],[-132.18146668636015,52.927663793866195],[-132.1871674731538,52.92924749689456],[-132.1901453034809,52.92875189025892],[-132.19295448599448,52.93019319797912],[-132.19550148717363,52.92878749538832],[-132.19931418866864,52.92918339265212],[-132.2047065181941,52.93694530490302],[-132.2090553064901,52.93875548810008],[-132.21254371771357,52.946085907055114],[-132.2187972023775,52.94746451405575],[-132.22087829637562,52.94587658744246],[-132.22609149586955,52.94795021190466],[-132.22763831277064,52.94982870860839],[-132.23706522258234,52.95188390180025],[-132.2405278048707,52.95384360876812],[-132.24851477709495,52.95632169622908],[-132.25122839120002,52.95603401370243],[-132.2580239037255,52.959004884533314],[-132.26456419988338,52.95920140667601],[-132.26830210351937,52.958486506820506],[-132.26955160707507,52.956861500855105],[-132.27490739125068,52.95813470185178],[-132.27776178642546,52.95770599242869],[-132.2852431169233,52.959279806300245],[-132.28622718062033,52.95451009936303],[-132.2880894979617,52.95379660426771],[-132.29800557950006,52.95568650022638],[-132.30046359307335,52.95257749767641],[-132.3054783916764,52.95359009705499],[-132.3111150862794,52.95321409904968],[-132.31603668853626,52.95524068837203],[-132.32686301872852,52.95425369846199],[-132.33092389365132,52.95091820659916],[-132.3374515155766,52.95226980132587],[-132.3431546119528,52.950553708140475],[-132.34769528729655,52.950800003678545],[-132.34823071836303,52.947636898325435],[-132.357062891709,52.94733918920431],[-132.3568899985129,52.941860290367714],[-132.35526899328363,52.938675687806246],[-132.3579430943747,52.9380248921791],[-132.3610198052113,52.93540579562704],[-132.36190968451652,52.93277240365618],[-132.36429940277216,52.9321415072029],[-132.36558289458884,52.92913070161805],[-132.3629210934702,52.926428995489644],[-132.35992218651128,52.926568506448234],[-132.35422861894156,52.92353779355403],[-132.35217918062466,52.92395079663461],[-132.34812981645464,52.92154959611824],[-132.3403950831596,52.926626906280156],[-132.339096818817,52.923523606695234],[-132.34366692011403,52.92108109722555],[-132.34262610905523,52.91570748619749],[-132.33425241209696,52.91519479837962],[-132.3320744926488,52.912628398076386],[-132.32895692117515,52.91107459594028],[-132.32758110448108,52.90902939183923],[-132.32419160288345,52.907082492611266],[-132.31974059916556,52.90713520037518],[-132.3187599118803,52.904721189725606],[-132.31246140310105,52.903642988915095],[-132.3090867891624,52.90961048790179],[-132.30245839895738,52.911689797128346],[-132.29661717561933,52.91089079930535],[-132.2937852148876,52.90907360204899],[-132.28302480044877,52.91202879987412],[-132.278507996188,52.91170980669163],[-132.2751252052641,52.91393440387398],[-132.26931257902933,52.915040995516],[-132.262661288685,52.920490009557156],[-132.2601938138677,52.91762739303402],[-132.26378590975526,52.91516631081039],[-132.26361478051712,52.913175295112566],[-132.26820700394427,52.91109589061522],[-132.27344720187915,52.90701698457223],[-132.27753171478255,52.90614819815245],[-132.28276849360785,52.9063760948896],[-132.28936420742792,52.90506158869214],[-132.30214101173166,52.906260705703],[-132.3057954078039,52.904661386311275],[-132.30943940164082,52.90128170004435],[-132.31837990606556,52.90172749170677],[-132.3190876211155,52.89942309575359],[-132.32500698275905,52.899638198713134],[-132.32540278189882,52.89345999167477],[-132.32130689716203,52.89140768866059],[-132.3141027935191,52.89106441101977],[-132.31134349344467,52.88687440818057],[-132.30820400424932,52.88717211154665],[-132.3071300201982,52.88529499967144],[-132.30290750245126,52.883373690908186],[-132.30370117731263,52.882114697865745],[-132.29805700888394,52.881052200355704],[-132.29591292088784,52.87803580545937],[-132.2886116877026,52.87687079269753],[-132.28732321453217,52.875393894637696],[-132.28294689265627,52.875032089150814],[-132.28270700243365,52.873633498953254],[-132.27850509074906,52.871172502978744],[-132.27101189317438,52.87243011213119],[-132.2684583013686,52.86954749928304],[-132.26623657786,52.869883600663854],[-132.26141989452205,52.86522218833591],[-132.25326758754431,52.86676030350437],[-132.24982971945025,52.86498000426377],[-132.2454126965882,52.86642560411423],[-132.2372767051233,52.86609231163793],[-132.23434390047234,52.86501709835164],[-132.22557779191368,52.86708640457829],[-132.22743610938338,52.87079939314662],[-132.2257202059723,52.87232328575885],[-132.21999069181967,52.87404229661859],[-132.2172165074426,52.873968195787825],[-132.21408010276414,52.8758553054766],[-132.20759910259846,52.877024608633924],[-132.20365940026775,52.87842458910046],[-132.2038787152889,52.87501219359748],[-132.21299410702017,52.873545203837416],[-132.22258739918763,52.869705602060414],[-132.22370258737715,52.86760060956832],[-132.22289410540674,52.864424583308],[-132.22500140285413,52.86307159132073],[-132.2239400122673,52.861338306803766],[-132.2175922823259,52.85953530414487],[-132.20960952130656,52.859607896010154],[-132.20479031423898,52.85873909648484],[-132.20420190589732,52.85564998641024],[-132.20102098201633,52.85498209449045],[-132.1995828990608,52.852394310964925],[-132.20088969858864,52.85102139387125],[-132.19884839124896,52.84926528784442],[-132.1946420977173,52.8490759034764],[-132.1863381014885,52.85069520762141],[-132.1811980886093,52.851176610843176],[-132.1780986067215,52.846983690667464],[-132.16440451070207,52.84902180256738],[-132.16073430169024,52.84995040579207],[-132.15891750778866,52.84818998701735],[-132.15969770640166,52.84557379348111],[-132.15441770458116,52.845221981932056],[-132.15176721375803,52.84397149519623],[-132.15929529815634,52.842416312394455],[-132.16362350839887,52.844596693997694],[-132.1669140164122,52.843561405947035],[-132.1753005004115,52.84409398870363],[-132.1791011882778,52.842745307929405],[-132.18959980022453,52.84369518339856],[-132.19389760104147,52.843132696212244],[-132.19814690027158,52.84358271363043],[-132.20177030497126,52.8472742934728],[-132.20412168645362,52.84652089411692],[-132.20818870240208,52.84746230647326],[-132.21069449697552,52.84686411609036],[-132.21365990313717,52.84901179541254],[-132.21326220404273,52.85129479587746],[-132.21000281139982,52.851613794236194],[-132.20779008073487,52.85461039375253],[-132.2095329835763,52.85798860179601],[-132.21268299116244,52.85894279713147],[-132.21833819348927,52.858778990952004],[-132.22530190633051,52.860704587785264],[-132.2259174772304,52.85735619324067],[-132.228383912794,52.85735049892239],[-132.23051430349642,52.85981018978392],[-132.235193825165,52.86144800020196],[-132.23978797667624,52.86023309339408],[-132.24150791180716,52.86147790820845],[-132.24481108549287,52.8590639056617],[-132.24464338529464,52.85537369902332],[-132.24810510092726,52.85490519831413],[-132.24897342349539,52.852200602750706],[-132.2530099007858,52.84993748405499],[-132.2568867100307,52.850846210596536],[-132.25991189224513,52.848838006426135],[-132.2582814035769,52.847587585684934],[-132.2605426263509,52.84469930029349],[-132.25948080386635,52.8424532830218],[-132.26396620063724,52.84032699170429],[-132.26079647838463,52.83641319270321],[-132.26105811968796,52.833227301845795],[-132.2589620151201,52.8309043907263],[-132.25544300114964,52.830202305313136],[-132.25657430577965,52.82778249233399],[-132.25477759516792,52.82592388740952],[-132.25010761944503,52.82442140521048],[-132.25013139576834,52.82144619519869],[-132.24495599472752,52.81948219716515],[-132.24542880366408,52.81482650303182],[-132.24387790569725,52.812354112421346],[-132.24155488742687,52.81132859002629],[-132.24061887922912,52.80733230278755],[-132.2367062853345,52.80540680223261],[-132.23737399472063,52.80400110954838],[-132.23574428793967,52.80093189925493],[-132.2277130164849,52.80097889078935],[-132.22685680646975,52.79879990672362],[-132.22195951522494,52.797894099524015],[-132.21710251017308,52.798913807931136],[-132.21235328692478,52.796401502266036],[-132.20865718263354,52.797132094139705],[-132.2058127037983,52.794502999787866],[-132.1982397792484,52.79416260151367],[-132.19500998364344,52.79341070216555],[-132.19339179824595,52.79527070921864],[-132.18480371203282,52.79661370277879],[-132.1831284986955,52.794739411246155],[-132.18327079835726,52.79072319278566],[-132.19151919505035,52.78428151147852],[-132.18475858039903,52.78191020295282],[-132.18401232100283,52.783825702561074],[-132.18069710667396,52.78373740824276],[-132.1752076868605,52.78491099148324],[-132.1740545963694,52.78232889589429],[-132.17554558242338,52.77946910205532],[-132.17094418836388,52.779288191099134],[-132.16930641259552,52.775975506061826],[-132.17121567381588,52.774195197981086],[-132.16569507090836,52.773802096624244],[-132.1635521998214,52.77119729598542],[-132.1653056977529,52.77044810454872],[-132.1625885931882,52.7677749049697],[-132.15521799078627,52.76393809462407],[-132.14922788588987,52.75531450556282],[-132.14897150438068,52.75242188386901],[-132.1461289833797,52.75058179731368],[-132.14245389392775,52.751023303144024],[-132.14087259155096,52.74936700891322],[-132.14255890181437,52.74785159225711],[-132.13423177485632,52.7439720982308],[-132.1266966881295,52.74679340989003],[-132.1247875961375,52.74811368721442],[-132.1235736831296,52.75144779166437],[-132.12091720847081,52.75241758817143],[-132.12327950977573,52.74648580572691],[-132.11923240216925,52.7451370869667],[-132.11648409346876,52.745484603537236],[-132.1114358225543,52.74180870323632],[-132.1081853143613,52.7436729924845],[-132.10636138077197,52.74772909546162],[-132.10809640694416,52.750406711112696],[-132.1068815116207,52.752840608235],[-132.10235489095953,52.75695659694325],[-132.1018408063122,52.761808882658485],[-132.10319130868805,52.76356919811871],[-132.10101620859976,52.765961901940216],[-132.10553939202785,52.77083840516301],[-132.10603270326249,52.77459118324054],[-132.10264479793653,52.77714331106477],[-132.10402030580815,52.77966849678402],[-132.1012692797602,52.78089609672029],[-132.10019481022906,52.78455640148061],[-132.09789248329872,52.78660439946682],[-132.09426879878183,52.78776651002312],[-132.09197010751916,52.78709858366959],[-132.08552988846463,52.788477208059255],[-132.0839596067095,52.789760407093205],[-132.07601789703605,52.78898989010757],[-132.07379539788536,52.79113899180022],[-132.07039678469698,52.79004669336469],[-132.07347780610203,52.78837039730247],[-132.0688588057041,52.78646618447611],[-132.06163219262433,52.79090970880755],[-132.06234880821293,52.79304890309673],[-132.0671900797637,52.794293696041755],[-132.06847329808616,52.79594429824325],[-132.06507960497925,52.79697549226647],[-132.06774070503263,52.799982003557474],[-132.0635915079018,52.80323338530523],[-132.06089100429568,52.8034270837676],[-132.06116290775424,52.806446490025465],[-132.06301462124816,52.80980189757258],[-132.06298779598694,52.81306618928683],[-132.05938088398383,52.81458579091646],[-132.06233199171405,52.81659250426168],[-132.06628001586643,52.82123120266091],[-132.07099638397062,52.82285899977391],[-132.0733602090501,52.82588550035302],[-132.0788617060385,52.830633798025765],[-132.07842119614162,52.83186430402987],[-132.0853168091425,52.83690739236502],[-132.087099818949,52.83909220142665],[-132.08722048500348,52.841514805968295],[-132.0909070007226,52.84368240722118],[-132.09176292371703,52.84530319729763],[-132.08729328172458,52.84994179691963],[-132.08444788603992,52.848316808942194],[-132.08181979247468,52.84851329987298],[-132.08171930276873,52.85154118628753],[-132.0845945076689,52.85718680843595],[-132.079172100727,52.85672960435137],[-132.07633901210696,52.85359349927494],[-132.0726037029859,52.85191009880765],[-132.07276808813762,52.84924249239348],[-132.06996959965144,52.84802338602969],[-132.06741928135483,52.84531600509508],[-132.0633113857721,52.837506990909155],[-132.0570850062653,52.83404338602458],[-132.05340959215752,52.8284662012913],[-132.05324360785607,52.82676280436367],[-132.0490320992056,52.82494118373584],[-132.0502359935875,52.821184194648055],[-132.04911720510668,52.81821610740858],[-132.04570350183118,52.81666521350838],[-132.04269678912482,52.812651702145736],[-132.0370759004398,52.80994860531134],[-132.03995150838387,52.805442386333986],[-132.03537881028458,52.80415919780523],[-132.03078990406743,52.800078801762446],[-132.02648240982674,52.79863038590738],[-132.01871428169727,52.79917299539301],[-132.01788039192795,52.797686101958156],[-132.0138626078668,52.79678461110466],[-132.00148937267852,52.80086069602337],[-131.98964907974081,52.797136396208764],[-131.99181517940545,52.79346620260172],[-131.9844696158914,52.79453290641103],[-131.9818740984821,52.79281820011068],[-131.97850661189216,52.79412558931831],[-131.9745762143965,52.79326250495076],[-131.97051320546316,52.79481210873811],[-131.96673661371057,52.78967209664006],[-131.96368799643074,52.78868801374701],[-131.96313332412953,52.784448099886454],[-131.95535109013662,52.7779693964252],[-131.9526072014718,52.77446730561275],[-131.9502236891596,52.77298039584811],[-131.94905581311895,52.7669117912316],[-131.94675580410527,52.761824482693065],[-131.94407351116848,52.76117230551289],[-131.93930798203678,52.75822409371184],[-131.9387022242586,52.75582860376822],[-131.9416035081229,52.75400280657934],[-131.9493347951858,52.75328071620511],[-131.95383790874712,52.75650509660016],[-131.9553850957295,52.755278903986685],[-131.96254670350814,52.75554088590353],[-131.95738557770795,52.75156879546311],[-131.95314348553376,52.74667518975018],[-131.95372621006385,52.74566258730654],[-131.94537501209481,52.74247099978466],[-131.94051867760805,52.739227996745946],[-131.93990680711718,52.73675130910557],[-131.93568120397893,52.73339448573826],[-131.9358233819471,52.73198739701492],[-131.93297071116285,52.7296659039844],[-131.9262924002794,52.72572231112422],[-131.91928691229455,52.720642087637124],[-131.91589511457,52.716400800003974],[-131.91709060103327,52.71433859555772],[-131.92086970573052,52.7137332918651],[-131.92600938040306,52.719064095509296],[-131.92953280763786,52.721036598939634],[-131.93547111775052,52.72651980194828],[-131.94328590874898,52.73083088582351],[-131.94433637870333,52.73434019291609],[-131.9484760967283,52.73749190678588],[-131.95353589699315,52.73780669054341],[-131.95739679657723,52.73902301021357],[-131.96112259781287,52.7417630998213],[-131.96282229772135,52.7443110143484],[-131.965942909298,52.745545795771946],[-131.96602279101376,52.74799829899446],[-131.96968390237055,52.74888699334733],[-131.9719766015673,52.75273241270417],[-131.9757864032539,52.75493988460706],[-131.97882478594755,52.75861299747455],[-131.98325140545418,52.76070511031586],[-131.9864689995053,52.76438390240727],[-131.99056640575606,52.76470288393171],[-131.99393409577422,52.768835906888334],[-131.9958852106877,52.769154988974385],[-131.99721009344117,52.7720618156517],[-132.00634770103372,52.77940928759773],[-132.01432429804063,52.78335151230757],[-132.01731361676406,52.78212239456909],[-132.01576771669014,52.77957450216607],[-132.01763818605374,52.776726003851586],[-132.02462537762403,52.771064801773186],[-132.02393589163214,52.768341695247734],[-132.01708121588206,52.76127049555099],[-132.01260838059878,52.75988189990515],[-132.00901882220302,52.75690390210353],[-132.0048534150022,52.75495559817353],[-131.99948949645133,52.750654506183345],[-131.99604709502918,52.746901714692264],[-131.9873024157048,52.74147539829192],[-131.9823781063145,52.73471050784033],[-131.9807270896025,52.73004901137272],[-131.98265262140973,52.728506595214235],[-131.981966923562,52.71955830280843],[-131.98864518632917,52.72259179796994],[-131.99466028911434,52.71957109059778],[-131.9973726882308,52.7209056021387],[-131.99611571723486,52.723940607137905],[-131.99213870543255,52.7296886961939],[-131.99263511663156,52.733677906601066],[-131.99466849860198,52.73439138816813],[-131.99635340786236,52.737775306268176],[-131.99975640232992,52.7370503918137],[-132.00339121994733,52.73826390171291],[-132.00431532237462,52.743591802163586],[-132.00719778802943,52.743889491572574],[-132.0113366835596,52.75074849618498],[-132.01497290889043,52.7504622082454],[-132.01741809661567,52.75349999116993],[-132.0245978035263,52.751900685386445],[-132.03853241672445,52.76038749483498],[-132.03856978042168,52.76221480257695],[-132.0338281179234,52.76219480413024],[-132.03055720504483,52.759739500913916],[-132.02770109706955,52.75964980027299],[-132.0255056019969,52.7620495897009],[-132.02648079768971,52.763853988466636],[-132.032287721466,52.76458469739718],[-132.03577299669539,52.76737899370373],[-132.04050688853388,52.76733479683384],[-132.04195279668068,52.76393521632824],[-132.04505558290148,52.766045891901385],[-132.05181470607346,52.76300380189081],[-132.05642049695834,52.763090712747236],[-132.06261620136692,52.759125714140396],[-132.06998498692064,52.75668169189002],[-132.07291798614918,52.752518791686256],[-132.07851559564972,52.74905939597089],[-132.0823256945229,52.75035968653049],[-132.08640939407448,52.74891271433118],[-132.08852240402794,52.74656410274867],[-132.09231332017106,52.748824398852186],[-132.0956413965623,52.749606303720846],[-132.0971378073348,52.74803388604452],[-132.09990610287088,52.74230148268291],[-132.10461140715316,52.73927788585015],[-132.1082852087808,52.734790211042075],[-132.10391320250287,52.73302849587941],[-132.10539609884836,52.731014587350074],[-132.10426350189886,52.72886410437825],[-132.10158441259767,52.72750400829917],[-132.10100978889517,52.7254302979977],[-132.09409131104795,52.722994891475416],[-132.09745848314398,52.72115340312962],[-132.09266739732902,52.719713503778934],[-132.0816960050299,52.714569306179996],[-132.07446348956157,52.71552490369939],[-132.0774887995945,52.712136689763014],[-132.07455841413952,52.7105801039525],[-132.06995198738474,52.70551989157636],[-132.0693062856083,52.69970339890067],[-132.06641018882712,52.697618291838324],[-132.06222089713708,52.69851268880387],[-132.06109428933553,52.693241694763486],[-132.05454738958122,52.69243138765411],[-132.05024399602152,52.689293810422605],[-132.04459588332207,52.68396449626011],[-132.04191712020358,52.685056805095094],[-132.0377944941509,52.68475628932462],[-132.03235829617196,52.68332499647054],[-132.03113262001503,52.686549401385065],[-132.02701292807322,52.687480800468705],[-132.02488431792756,52.683983004786164],[-132.02916360641146,52.68044810615135],[-132.03026502413252,52.67794859978161],[-132.0263478021397,52.67570970018421],[-132.02414490180487,52.67569978708125],[-132.01993401279762,52.67213068895185],[-132.01753548594064,52.671945503861885],[-132.01298317702773,52.6697080961769],[-132.00851031568232,52.672824303969904],[-132.00405438137082,52.67352930304533],[-132.0022454011062,52.675947594103334],[-131.99767117283884,52.67580659558512],[-131.9967506005382,52.673805589657434],[-131.99377810106074,52.67382690545407],[-131.9918474151223,52.67566559047988],[-131.9890068030977,52.67352498516169],[-131.9909332184942,52.67226169709849],[-131.99428539954542,52.673022189452794],[-131.9995327000895,52.67208939320898],[-132.0011447850858,52.66999300372033],[-132.00082439021617,52.667107510252485],[-131.9983157112961,52.665348593247096],[-131.99542440274817,52.660493502669944],[-131.99242409728814,52.65857218572341],[-131.98916192180045,52.658456902198225],[-131.9817190037541,52.65472399626942],[-131.9779672913463,52.650430005628955],[-131.9780491875773,52.6475131925045],[-131.97262709310542,52.646922206612714],[-131.96224819732322,52.650185014978355],[-131.9591339920311,52.64832930383944],[-131.9555003972836,52.65078608896319],[-131.95364748615873,52.650291896345564],[-131.9524290926365,52.65589900460883],[-131.9557174048543,52.66013310636861],[-131.95458191189527,52.66303000832333],[-131.94932338931696,52.66555370486006],[-131.94481357938628,52.66446989436978],[-131.94409691614936,52.66196039773262],[-131.94625949766862,52.6571849856713],[-131.94561591026934,52.652237302575834],[-131.9404206047486,52.65037868937007],[-131.9380830108513,52.64772120761335],[-131.93554852022976,52.65049129914782],[-131.93047397899497,52.652890992647635],[-131.9254807844491,52.65430960611833],[-131.91795149283917,52.65447761122585],[-131.91755329977056,52.65606989348351],[-131.913852308354,52.657348796669304],[-131.9058508107793,52.65598020487882],[-131.90478901517227,52.65178020528581],[-131.9007999951568,52.653181591572746],[-131.89453760358438,52.65642878760927],[-131.89124071487592,52.656220795512056],[-131.8894353106566,52.654637110319605],[-131.88299959008893,52.6543622092888],[-131.87930448906295,52.65168329943577],[-131.88652157595928,52.646776894039164],[-131.8904729158226,52.64972929971245],[-131.89636790551103,52.65167189540466],[-131.90464898823137,52.64810569831698],[-131.91191380542404,52.647755302738766],[-131.91443349963538,52.65030180958925],[-131.92044629363102,52.64843610326536],[-131.92385519032078,52.646336787734114],[-131.92959679204242,52.644657698468066],[-131.93352521343465,52.64215959451343],[-131.93879681307743,52.64337730712041],[-131.94154728881247,52.64206849266961],[-131.94186719445355,52.63822880158228],[-131.93897558157732,52.63611529246728],[-131.93605310405934,52.636629393001],[-131.9245833958882,52.6300154120333],[-131.92657299635184,52.62838329478181],[-131.93074950209132,52.62917080223199],[-131.9347523909597,52.6309054938416],[-131.93736109723912,52.62812550066657],[-131.93683049402907,52.622858712577866],[-131.93279579789072,52.620881893776364],[-131.93259838840174,52.617244499840595],[-131.92692131345322,52.61742110750361],[-131.9239187947529,52.61893360950751],[-131.91832838496492,52.61795660708274],[-131.9140123955344,52.61215441387282],[-131.90892432542432,52.61185669957086],[-131.90763910492467,52.61074728694534],[-131.90080979092804,52.611786913543426],[-131.89904780219365,52.613097203388975],[-131.89010010769465,52.61449439698029],[-131.88539128085688,52.612108794420166],[-131.88627162010715,52.60998389987961],[-131.87938660685978,52.60953098381874],[-131.87794489636408,52.6107343871983],[-131.86588788543472,52.61590150083273],[-131.86293268635137,52.61544289054114],[-131.85982650428227,52.613350690515674],[-131.8657362874406,52.61065329049243],[-131.86866830683078,52.606481797084136],[-131.87061129964943,52.60568848380555],[-131.8856128934419,52.60445081260134],[-131.89682348571378,52.606020293589424],[-131.9002869936948,52.60946971012732],[-131.90237758289365,52.607125494416906],[-131.90799879702698,52.605934908053804],[-131.90745429939471,52.60373730980804],[-131.90259659818594,52.60265058935224],[-131.9046804012577,52.600406093668056],[-131.91073448201175,52.60106549878333],[-131.91206829137087,52.59846058751046],[-131.91242711446444,52.59475619075336],[-131.9079280024239,52.5932751024554],[-131.90637921095177,52.58770208800512],[-131.90096060267405,52.58681768476574],[-131.89517882112037,52.588946899675534],[-131.8911043881402,52.58871469207293],[-131.88920930295222,52.586394704363094],[-131.87900049689014,52.58632059114004],[-131.8817414949235,52.58443639180794],[-131.8880604134894,52.585110102788256],[-131.89534258888276,52.58201809005334],[-131.89302380253133,52.57999719760389],[-131.89405318395478,52.57813860509912],[-131.89173651114987,52.57657620357318],[-131.88799020175048,52.57798048838588],[-131.8816226981896,52.57563620789574],[-131.87093100503608,52.57784660577134],[-131.86996808777977,52.57643090093358],[-131.86261210116172,52.57611481440042],[-131.86048211384912,52.57356829772309],[-131.8636207125289,52.57257420369549],[-131.86386249662704,52.568153412768],[-131.86247869757744,52.5666224086227],[-131.85632909339054,52.56533209023594],[-131.85284381563892,52.56188980127791],[-131.84967209576274,52.56211051021133],[-131.84839239690373,52.559443015107654],[-131.84511101005913,52.56257049061319],[-131.84592970341618,52.56540189671512],[-131.83991478277116,52.57074409722178],[-131.83260748679083,52.572107002441996],[-131.8236901919177,52.57207711143753],[-131.81709211517864,52.57297149210293],[-131.81224337751263,52.574247595470744],[-131.80353589410717,52.57818560419167],[-131.79295079794488,52.581421393822],[-131.79020961718342,52.58289829898392],[-131.78481050123182,52.58273729591914],[-131.78324329500762,52.58038309513012],[-131.78683880309384,52.57746490472811],[-131.79964110170482,52.5740880848158],[-131.80441368317602,52.57160000530075],[-131.8051529104149,52.57001770798224],[-131.81216689256394,52.56820609288604],[-131.8209233067714,52.56782729042071],[-131.82536028018404,52.5684397040154],[-131.83498001578803,52.56678049233172],[-131.83866229119513,52.56553149988328],[-131.8390752976544,52.564137197069186],[-131.83597740454115,52.562574800220005],[-131.83427168597274,52.560385807290764],[-131.83422039185015,52.5570774093601],[-131.8364900114172,52.55700470860099],[-131.83983280446697,52.55486559294619],[-131.8340371073079,52.55331320466225],[-131.8343639981726,52.54761350616089],[-131.8294044142432,52.5475692977768],[-131.82802929487573,52.546380106960015],[-131.81953540585513,52.54781428840905],[-131.81642630073912,52.544857613225204],[-131.81149681434303,52.54484060841131],[-131.80707559931008,52.54374959554298],[-131.81302530213475,52.54127008314807],[-131.81490248519856,52.53928189478613],[-131.81069218561638,52.533609195973284],[-131.80723749503053,52.53192870344563],[-131.80812690525187,52.5301711880349],[-131.79538420549247,52.52967269564432],[-131.79355789888265,52.532720509756786],[-131.7911028163642,52.53398379249824],[-131.78707390710096,52.534185996861986],[-131.78062570693095,52.533411306108434],[-131.7774243107,52.53410768785025],[-131.77562117738455,52.53265639414001],[-131.77014779857825,52.53261370699368],[-131.76620108745604,52.53387560750114],[-131.75964170528547,52.53462181075977],[-131.75143121082687,52.53395958886838],[-131.74793330430165,52.532494110163746],[-131.75208000985435,52.53065260840366],[-131.7630929918636,52.529470510893596],[-131.7667717251641,52.52958160377485],[-131.77155149961047,52.531475812539135],[-131.7722021979329,52.529877791011344],[-131.7802462763043,52.52742249812996],[-131.78472519122616,52.5285220136181],[-131.78975308688217,52.526442606542965],[-131.79326090248932,52.524112587142035],[-131.78752787954954,52.52063180269167],[-131.7872464953952,52.515971787208144],[-131.782587696151,52.51153109485279],[-131.77227808853365,52.509551497804765],[-131.76969251219293,52.5077953903152],[-131.76886021836523,52.5046322925599],[-131.76069260816732,52.50459810216467],[-131.75947570721877,52.50259420081043],[-131.75519428263283,52.501758201570254],[-131.75326328398367,52.502450397314774],[-131.74771360490521,52.499962306816535],[-131.74324761681595,52.49543470113457],[-131.73754098426073,52.49629640637217],[-131.73355309480132,52.49900519447312],[-131.72937480482062,52.49862500374649],[-131.72725558773365,52.494879291169795],[-131.721930683853,52.4926190955853],[-131.71522110147694,52.48893318441162],[-131.71235151326036,52.48969090661233],[-131.7041069838248,52.48811709721925],[-131.7015774948674,52.485557805318315],[-131.69670451303637,52.48510350549974],[-131.6936738861711,52.48180929860786],[-131.67943788803754,52.479731404126376],[-131.67317028835012,52.47788558853484],[-131.670566083735,52.478421102953554],[-131.66954329848096,52.48247301473147],[-131.66657949348667,52.482162496086296],[-131.66220079583482,52.4833218040709],[-131.66103698849648,52.48037230099175],[-131.66357148859774,52.478696006063515],[-131.6602940161409,52.47537899979526],[-131.6550756874468,52.47335659741433],[-131.65338930933993,52.471523699728984],[-131.65269239161753,52.467295203465724],[-131.65014758445653,52.46657879240046],[-131.648854782132,52.46395400504014],[-131.65166520364934,52.460735289235245],[-131.65432940440306,52.45608948630112],[-131.65003701032984,52.45665348814128],[-131.64679959410415,52.45494448600429],[-131.6489807023565,52.45108339518695],[-131.64514967543448,52.44879469790628],[-131.6407687039104,52.44814668628664],[-131.63646380421994,52.448539786923504],[-131.63547187711524,52.45186249958552],[-131.6264509936062,52.45609090308018],[-131.61964722128047,52.45259169800878],[-131.6193587769348,52.448722094848364],[-131.6232181968895,52.44557028482305],[-131.62942369969724,52.443237498521384],[-131.63195779482,52.44307370438746],[-131.6316236137747,52.43966410551099],[-131.62892020791156,52.43775429466178],[-131.6273965156348,52.43047650770724],[-131.6224876085526,52.427834600964694],[-131.62003472529557,52.425389303782126],[-131.6179995156578,52.42582929140258],[-131.61359021654434,52.42339959951702],[-131.61311500710735,52.417826703179266],[-131.6106823867912,52.416009406221505],[-131.60462239537162,52.41723140357684],[-131.60500677499115,52.419255196962624],[-131.59838360204964,52.42118218847187],[-131.5955583179173,52.41792499756823],[-131.59312198264195,52.42026349317128],[-131.58684989100882,52.421425710762406],[-131.58549780875683,52.425186999892524],[-131.58280028831186,52.426604100433316],[-131.57512661377513,52.4256741015662],[-131.5714807058451,52.42925169109186],[-131.57134360767978,52.434246383544156],[-131.5664543223878,52.43465800058742],[-131.56215000192387,52.433015883989185],[-131.55788968381438,52.43338619807958],[-131.55488279913547,52.43759760064663],[-131.55128319361165,52.439985997484314],[-131.5471998130965,52.43807750232931],[-131.54921247500036,52.4308766961089],[-131.552990105222,52.426495909253084],[-131.5537037015022,52.42331558369313],[-131.55107528197587,52.42060249489831],[-131.54581541167926,52.41942178828588],[-131.5357051973889,52.41573601070888],[-131.52389759545355,52.41552091601349],[-131.5173548056935,52.41580428335342],[-131.51494530908096,52.412987202306006],[-131.5098085934734,52.40904930426309],[-131.50485707847784,52.406267797838446],[-131.50573509315083,52.397085891585775],[-131.50515310171699,52.395120496526395],[-131.50836228425848,52.393136591142245],[-131.51900479336723,52.39857570677733],[-131.52784811195954,52.401281697295104],[-131.53424670268052,52.40416710383749],[-131.53783499041063,52.40773190672625],[-131.5447231951243,52.409130489316695],[-131.54374288058924,52.40668800172974],[-131.55473671703092,52.404795197065695],[-131.55970802439356,52.406099803262755],[-131.56201480762,52.40863060940577],[-131.56637247725257,52.409731499339415],[-131.57077850072906,52.40633619088386],[-131.5758974072833,52.406385998460784],[-131.58338259068995,52.404362209943585],[-131.58358990802532,52.40240540686117],[-131.58608941218915,52.40087580858542],[-131.59054508364386,52.39990590008874],[-131.5898919052858,52.39552360787263],[-131.5846614031127,52.394072289480015],[-131.59247730029946,52.39324490040369],[-131.59203561085297,52.39145600017436],[-131.59658871574536,52.388631808160014],[-131.596134997094,52.38391199130686],[-131.59974679362978,52.382375292478834],[-131.59719210711833,52.377899006307544],[-131.59261939438238,52.37585948942975],[-131.59110209742454,52.37225059633859],[-131.58485931570914,52.370804994655224],[-131.58264480988362,52.36731860233857],[-131.57796331165326,52.365128107608705],[-131.5774207092402,52.362118798147314],[-131.57889159353223,52.360143410751796],[-131.58290250571835,52.35914788893915],[-131.58305459689234,52.35699591526581],[-131.58021647241662,52.35566279630814],[-131.58072282143522,52.353520796634925],[-131.57803781461234,52.348759706275665],[-131.5750146125677,52.34654080012182],[-131.57518078263058,52.34382189564981],[-131.56335670372167,52.34756900258517],[-131.5599613908731,52.35005140071471],[-131.55207287291185,52.349225396844375],[-131.55117187345851,52.34559369488439],[-131.54806559521765,52.34541710693423],[-131.546608104193,52.34742659492373],[-131.54221181215587,52.34909579016639],[-131.530733986476,52.34764310245426],[-131.53387630468117,52.34585709390132],[-131.5344282019553,52.343705212055205],[-131.53786089448948,52.34262418749703],[-131.53997220201555,52.33898249902505],[-131.54401409869723,52.33802259368778],[-131.5462859042586,52.334124484401144],[-131.55002418465548,52.332533695864],[-131.55302730726845,52.332693197067044],[-131.55827152269458,52.329414599267274],[-131.55688471118648,52.32651350307188],[-131.55434179798564,52.32465209126523],[-131.55035069898352,52.32442419230171],[-131.54635179611648,52.32201019045295],[-131.53654702636425,52.32018860250342],[-131.5317399079758,52.316947084800574],[-131.52788689289775,52.316813211298324],[-131.52664067375582,52.31915179784026],[-131.52238809992687,52.32024128503393],[-131.52031161727115,52.32243459924717],[-131.5174251217079,52.322487295707994],[-131.51089841394383,52.320755401558564],[-131.5069349065326,52.312701485317284],[-131.5127591003548,52.31398899569192],[-131.51318861088916,52.31068908759434],[-131.51198059225263,52.309545498794876],[-131.51541330102734,52.30360938888418],[-131.51509629554576,52.30138621288359],[-131.51141980790493,52.30093329716955],[-131.50651040167256,52.29922991200703],[-131.50541330528145,52.296924211324686],[-131.50923429389317,52.29549419260521],[-131.5083185770721,52.29305890112575],[-131.50485448633057,52.291703000234385],[-131.50264290026456,52.288880202749056],[-131.4971921998395,52.28871789237103],[-131.49525310194886,52.2873649063847],[-131.49214560600825,52.2884202054307],[-131.49017738982855,52.287048695947455],[-131.4881651094429,52.28360209437225],[-131.48316568597363,52.27834820096396],[-131.4815025106966,52.27510100222453],[-131.47544810656302,52.27798928567861],[-131.46843198053864,52.27573480461866],[-131.45917859678724,52.26959640935193],[-131.4596631029804,52.26774348530937],[-131.45367918473067,52.2637229930171],[-131.4508414914591,52.26246829657856],[-131.44631440920637,52.2590372915955],[-131.44381770778523,52.25548250085849],[-131.4427103831171,52.25132380685992],[-131.44433928268953,52.2487274979112],[-131.44034710021242,52.245393404332354],[-131.43781052324982,52.242163303383144],[-131.43921530921926,52.24130741019955],[-131.43484737959875,52.235120593001],[-131.42778679212543,52.23159709468323],[-131.4300859044384,52.22705390452872],[-131.4279863828709,52.224820703210156],[-131.42975509864047,52.221789995014255],[-131.42752558839368,52.21984018892288],[-131.42225519040534,52.21930048952122],[-131.42096720186788,52.21554199633689],[-131.41564400493317,52.21297979905145],[-131.4139133023755,52.21399530181549],[-131.41023478083324,52.213368601481285],[-131.40682020161955,52.21005728933906],[-131.4032782973667,52.20926691316238],[-131.40425250222174,52.20723169723181],[-131.39916321199524,52.207047998006935],[-131.39677870473366,52.20490169211846],[-131.3970870000259,52.20002239002691],[-131.39311178909884,52.19794439826594],[-131.39059480093061,52.19523558337476],[-131.3826436929412,52.19758978657861],[-131.37945290870346,52.19649458602895],[-131.37402499587196,52.19677520735759],[-131.37090681826766,52.19180179934833],[-131.36620281398555,52.19001730708698],[-131.36593150414478,52.18796221319385],[-131.3689837068341,52.18536579237282],[-131.36637590538732,52.18254870909961],[-131.36424740436476,52.18514649405966],[-131.3603538993749,52.18652799570017],[-131.35929360027342,52.1888779059948],[-131.3595957030018,52.19375438352482],[-131.36121282002952,52.195521904816104],[-131.36296078127344,52.200908199870526],[-131.3598523902607,52.20355159778548],[-131.36098141625635,52.20882540671271],[-131.36450871613323,52.21405229886974],[-131.36486551042248,52.2171925912649],[-131.36035958742326,52.22086990282149],[-131.36209069876347,52.22228280411289],[-131.3613627953159,52.22428520919193],[-131.3646767948944,52.23240180543301],[-131.36808742424898,52.2364608029608],[-131.3732961115003,52.24459300784367],[-131.37567920019652,52.24641598765064],[-131.37304230387542,52.248627798502056],[-131.37485992608111,52.254391603044795],[-131.3755198789044,52.25989040082896],[-131.3773510918977,52.26644469335918],[-131.37931479300806,52.269462494414086],[-131.37867818294092,52.2718038968403],[-131.3754130864739,52.27381209491118],[-131.37004368284624,52.26848980323812],[-131.3660869992938,52.2630378984177],[-131.3621938138465,52.26035620093452],[-131.35958261893143,52.25258420673775],[-131.35662361408538,52.2495407036244],[-131.35564930654502,52.24582919011327],[-131.3516566007874,52.2401437936581],[-131.35230140868484,52.237370784815674],[-131.35668588750198,52.23827239097954],[-131.36005521582135,52.23718849569109],[-131.3585523051073,52.22983528975072],[-131.35530019075796,52.22679891186687],[-131.3554368970124,52.219692090560656],[-131.35060037967438,52.216568803040325],[-131.35000099797293,52.21989859255314],[-131.35125561383325,52.22119609412036],[-131.34809348404508,52.2234163993655],[-131.34395829030137,52.22137700426126],[-131.34168168734195,52.21733079077058],[-131.3446139862457,52.21490679779395],[-131.34953689566558,52.212759114767046],[-131.34761320281103,52.209308203849055],[-131.3502303886316,52.20843801008002],[-131.34816912420925,52.20542150180965],[-131.34521640302262,52.20381650332311],[-131.34680850625438,52.20128559519608],[-131.34273640303644,52.199280403373926],[-131.34275747952037,52.20412689885367],[-131.34011219172396,52.204763601959975],[-131.34051461531539,52.1998628977645],[-131.34161429993037,52.197423206062695],[-131.33385520140874,52.195382285467154],[-131.3337171942394,52.19832611543422],[-131.3279007772288,52.19681219613293],[-131.32543698926696,52.19392961010979],[-131.32919347706007,52.19297399748659],[-131.32561768545955,52.18586000684657],[-131.32762111521254,52.18249320724546],[-131.32416362398357,52.18046660041429],[-131.32175091159266,52.18044230366805],[-131.31356689289206,52.17468569484557],[-131.3107115961038,52.17492211662012],[-131.30623819316406,52.172680397797585],[-131.3043312958826,52.170603900908105],[-131.30565678418043,52.167943503749335],[-131.30469421678183,52.164320303188205],[-131.29942390451197,52.16111441129349],[-131.29722027900266,52.15863060108986],[-131.2967510799114,52.15521249564133],[-131.29871909340747,52.15425679645713],[-131.30453131353374,52.15353190214948],[-131.30701129013596,52.15429240920018],[-131.31188881875718,52.15051119791646],[-131.3083360128098,52.14854859078551],[-131.30684469813528,52.15078888760326],[-131.30380502544355,52.15025480211671],[-131.30189348427305,52.146633001972894],[-131.28726041053505,52.146863791130286],[-131.28315318829277,52.1463310991582],[-131.27774752024663,52.142632398031296],[-131.2767204160954,52.1394237056664],[-131.27349657625436,52.13752519764545],[-131.27154869999364,52.13484770927024],[-131.27340191213153,52.132779794791276],[-131.27173670969998,52.12851280746465],[-131.26935829835526,52.12567289883117],[-131.26532090872374,52.12330449518048],[-131.26584940932028,52.121908792888306],[-131.2628497985293,52.12006009050448],[-131.25927208871886,52.12099161157612],[-131.25763320511024,52.12380300881781],[-131.2605317985381,52.12794600980062],[-131.25824639825564,52.12843020931642],[-131.25520999282085,52.12703159355414],[-131.2514964936855,52.12783200019804],[-131.2480637072523,52.127295093511506],[-131.24701058826813,52.12379009882936],[-131.2409908876002,52.12261799008831],[-131.23870230036002,52.12357939987688],[-131.2404534928543,52.12645909872152],[-131.23383757307803,52.12853559524469],[-131.23354402266702,52.1302688999427],[-131.23941198466272,52.133943290905854],[-131.24163450748878,52.13804648525642],[-131.24037570315198,52.13945500502882],[-131.2445996137569,52.144095096655306],[-131.243668383519,52.148249492313056],[-131.24010417653872,52.14890179752018],[-131.2426378992574,52.1516148992082],[-131.23461670925445,52.15432949713698],[-131.23558170402146,52.15577650299962],[-131.23242538573882,52.15785148960464],[-131.23842829485247,52.1667842122566],[-131.24242178514297,52.1705839994413],[-131.24507168259137,52.17413019302426],[-131.24653210463,52.181044810671864],[-131.25170800280702,52.186197606337466],[-131.25434362137926,52.191757695321066],[-131.2594310888094,52.19540220024207],[-131.2603402102994,52.19687769631996],[-131.2704731126498,52.20474790842634],[-131.2699923970467,52.20738409369416],[-131.2725278971811,52.21002319734775],[-131.27288270801225,52.21209400047998],[-131.2764583982122,52.213310213347505],[-131.27842118253983,52.21708579195136],[-131.28175091276924,52.21976480936994],[-131.2816841031184,52.224450391952296],[-131.28313020095572,52.22665218363072],[-131.28211281393763,52.228821305777856],[-131.28731999649645,52.2338373920359],[-131.28949221253382,52.2370319074266],[-131.2878011987549,52.238899011243184],[-131.27801431511364,52.233729091758356],[-131.27555400896765,52.230855108289404],[-131.2736301822473,52.22671920569304],[-131.27431449868718,52.22551858422762],[-131.27228598930097,52.22277981170215],[-131.26857460068408,52.22233829953843],[-131.26571078349198,52.21817530505798],[-131.26315718775376,52.21629109063654],[-131.25984381573792,52.2162113930286],[-131.25521779176992,52.21219939365326],[-131.25151368149113,52.21159549753661],[-131.2499361993755,52.20934100247319],[-131.2468167999001,52.20931960182079],[-131.2408735925125,52.20176279505932],[-131.23823678739544,52.19759550451503],[-131.23445019069388,52.195077498241595],[-131.22857869166083,52.19000020461497],[-131.2287873065627,52.18777419476285],[-131.22058578742792,52.18346881002709],[-131.21812370364574,52.17867770585918],[-131.22073619629657,52.1773960140503],[-131.21978879419262,52.174546092870116],[-131.21624041288473,52.17286839697951],[-131.21117179453162,52.16649791156557],[-131.21389020886448,52.161787998774],[-131.21860409731244,52.15804949048608],[-131.21824929242572,52.155042998782704],[-131.21134801380546,52.15416569343689],[-131.20890871064063,52.15299778804392],[-131.21044857851922,52.15132299497294],[-131.20827900133983,52.14975349790389],[-131.2092783983661,52.14452950957898],[-131.20307532265312,52.13966300431368],[-131.20529461088,52.138147602569774],[-131.2097343934479,52.14077098781096],[-131.2124874109157,52.13998200447345],[-131.21061879281763,52.1373728002091],[-131.20798119438828,52.137214697969036],[-131.20494369616884,52.13492459774018],[-131.207544205363,52.133392194067596],[-131.2054497930052,52.1312557933452],[-131.19985689074846,52.13310449179464],[-131.19817180538777,52.12827208688851],[-131.1949855082119,52.127017388840734],[-131.19537840990904,52.124906690274095],[-131.19327539650592,52.12346111430752],[-131.19358280469956,52.12138748938081],[-131.1865902092992,52.119980408120504],[-131.18366411359003,52.11872139755439],[-131.17866580040996,52.11804918649024],[-131.1778482729744,52.119890697041626],[-131.1740544048196,52.121453009116],[-131.1727534956824,52.12413909534121],[-131.16757450299428,52.12459339226574],[-131.16257720130682,52.123075214164636],[-131.16398209379335,52.12612580954128],[-131.16271591603683,52.12774089743466],[-131.15432319742294,52.12760561365175],[-131.15077589769032,52.12948701265236],[-131.1486658709556,52.13364419605529],[-131.14568999290864,52.13527210709042],[-131.14491069733498,52.13820881078137],[-131.14236321886364,52.138731493853186],[-131.1414631889051,52.14794759374849],[-131.13962198714412,52.150750388968724],[-131.14031028884315,52.15502729757725],[-131.14275558946807,52.159982099691135],[-131.142368618552,52.161485403855366],[-131.1215577032697,52.16586955826154],[-131.1169304008382,52.16574589050809],[-131.11654631733435,52.16411520371773],[-131.11303062311865,52.1639984021198],[-131.1091470033609,52.16192758458713],[-131.10667651747156,52.16350139813427],[-131.10856639283057,52.16668589896766],[-131.10440560188235,52.16803750369854],[-131.09531772634037,52.16852310303493],[-131.09001439453272,52.16644088823147],[-131.0854799956001,52.16610770883802],[-131.0809197176365,52.16742080376923],[-131.07415218097208,52.167188592123836],[-131.07049269590323,52.16489709829143],[-131.0667586979369,52.163830398739805],[-131.0604662028984,52.16370649460834],[-131.05954169792557,52.166527791417316],[-131.0538579991185,52.166923699307176],[-131.05278842608894,52.165287302509924],[-131.0451371103798,52.163289197255565],[-131.04174130497165,52.165146311847465],[-131.04065688290726,52.16922099874865],[-131.03752499456317,52.17110949057662],[-131.03436289918915,52.17040879014747],[-131.02691238651366,52.17380130525361],[-131.0246202038742,52.1764488884276],[-131.02060949370286,52.17831600723896],[-131.01921440351268,52.18013758406164],[-131.0148710878089,52.1814534972494],[-131.01556320116546,52.18349159225671],[-131.01379819917835,52.18557230182064],[-131.01421959584206,52.18777700149422],[-131.0104838990518,52.19512450042954],[-131.01219271620093,52.20086839221262],[-131.01298669455556,52.208371101763746],[-131.00977609267824,52.21183479116182],[-131.0098934965161,52.21380159833207],[-131.00709731436814,52.21477580634053],[-131.00426610412975,52.2113889948208],[-131.00052850350997,52.21422168942713],[-131.0016870980297,52.215531992013155],[-131.00673320647337,52.21770390295137],[-131.01041749560866,52.21729091552368],[-131.01313330151206,52.22068759978328],[-131.01911081872197,52.225603996771994],[-131.02050197735528,52.22917590074379],[-131.02683939881436,52.23167541454332],[-131.0325509114112,52.232000090880334],[-131.03841740004952,52.22961459868285],[-131.0398066857032,52.22734298964821],[-131.04532528954002,52.223174293306336],[-131.04560041267533,52.22213459782884],[-131.05090170353503,52.22124308223099],[-131.05835900521376,52.222587493730146],[-131.0612423987477,52.22001971267269],[-131.0663989752884,52.219469998460944],[-131.06906998390946,52.2180386009447],[-131.07368180066695,52.21897428396128],[-131.07565521472438,52.21736500798349],[-131.07875521821586,52.21725669913464],[-131.08194410344348,52.21501638833235],[-131.08575499465502,52.21732219308826],[-131.0852123970533,52.21947139357053],[-131.08950250474382,52.22383799173779],[-131.09294139176103,52.22536899025198],[-131.0969172237173,52.22523510163462],[-131.10035130541368,52.22384370322503],[-131.107084793647,52.21854419464639],[-131.11182340225028,52.217812190072316],[-131.114035291794,52.21845590146632],[-131.11829040613176,52.216517595362355],[-131.11976689212827,52.21400101353744],[-131.12334279542495,52.21347690761565],[-131.12394188836132,52.21530979730329],[-131.1238889004161,52.225535703678226],[-131.1280814788655,52.22746549625383],[-131.1298084047383,52.23021280364644],[-131.1382109930684,52.23076109895784],[-131.14073187880118,52.232918795977625],[-131.1491753936348,52.23185769646121],[-131.15774310823275,52.229147409447215],[-131.1619023114174,52.226741987314526],[-131.16737079859453,52.22777451496541],[-131.16799629355228,52.22649560452635],[-131.1733976021582,52.22555991000117],[-131.177225304459,52.22388929035017],[-131.18326879860786,52.2243877065966],[-131.18751108767154,52.22282540382284],[-131.19059690743887,52.2254217017149],[-131.18792281073954,52.227916889744165],[-131.1843148918833,52.22810921042709],[-131.18451158188253,52.23065140571174],[-131.18144960492307,52.23059018979608],[-131.17292440188623,52.232680901729395],[-131.17276097180684,52.23473459605962],[-131.16506089341004,52.236584706180615],[-131.1653250842237,52.238414796471616],[-131.15796209631876,52.24149820854916],[-131.15541588520358,52.24004409054635],[-131.15271680713974,52.241791591125484],[-131.14632337699769,52.24196250023663],[-131.14284550778208,52.244553099634736],[-131.13807399936303,52.24405469214295],[-131.13125899063616,52.24521248878034],[-131.12532430698246,52.24514840814616],[-131.12063820773238,52.24608699703392],[-131.11494881151208,52.24478669505928],[-131.10034760667727,52.24515409510454],[-131.09465738075693,52.24659539415456],[-131.0899848959682,52.24565400356986],[-131.0859896934755,52.24668659665319],[-131.08569160207895,52.25002779210092],[-131.08818649612653,52.251359406512925],[-131.08947690954565,52.25604789193758],[-131.09331399688347,52.25601660369345],[-131.0946016942684,52.25906010896729],[-131.09022557393845,52.2613587961133],[-131.08386302046253,52.26571550039014],[-131.08478059928473,52.26649019425704],[-131.08464418515777,52.273282298260156],[-131.0874353828881,52.27873559416839],[-131.08621550077052,52.28019539743563],[-131.09077390307658,52.28296548611547],[-131.091004585832,52.28819519942043],[-131.0953684007911,52.28961079005868],[-131.10942390563343,52.289494085135615],[-131.11146839383235,52.286850702856285],[-131.11958600479437,52.28364769385864],[-131.1246626080409,52.2831249920428],[-131.12836420461684,52.28018108372559],[-131.13447219702584,52.280978702516585],[-131.13630149176936,52.28550481095392],[-131.14130699150525,52.28224909207751],[-131.1461173999467,52.28075791494153],[-131.1478080018512,52.27814739313343],[-131.15130909474865,52.2750795958673],[-131.15449309401552,52.27514799133897],[-131.15492649222577,52.277432407720795],[-131.15761330900042,52.27928098523517],[-131.1506036993569,52.2841119998786],[-131.14597391193337,52.284771409309144],[-131.1455582953784,52.28802569837864],[-131.13896872075046,52.29005089652888],[-131.13489579542835,52.294062899133486],[-131.1347142248834,52.29607249990954],[-131.1376187995661,52.30464341385137],[-131.13596041051923,52.30826939685402],[-131.1399195959706,52.308512897926654],[-131.1450258976787,52.307637103871265],[-131.14667240186975,52.30498228300379],[-131.15166020749504,52.29986511152394],[-131.15179951763903,52.296066806754716],[-131.15777667986094,52.2935131957255],[-131.16539898848674,52.295539799428454],[-131.16524880746633,52.29727879945797],[-131.15889559614726,52.29902201518264],[-131.15850892228102,52.301655401590885],[-131.1544594907933,52.304354312747385],[-131.14746259236222,52.30767411028158],[-131.14468519947746,52.310287515204344],[-131.14011321897962,52.3122316045459],[-131.1371716913888,52.315127000264226],[-131.14461370330403,52.31671780172275],[-131.1532691803241,52.31697420243938],[-131.16218772454405,52.31874449947371],[-131.16886270395153,52.31839698298502],[-131.1745170884748,52.32212410154268],[-131.17311009793065,52.323948514289455],[-131.17466871372275,52.32579858958504],[-131.18209069218267,52.3212196996219],[-131.18634589397965,52.31945940817717],[-131.19430909924017,52.3175581018157],[-131.19692650663967,52.315333499235734],[-131.20749680771453,52.31541608389684],[-131.21463180193558,52.313150185681806],[-131.21925570530505,52.30881059940267],[-131.22315010407215,52.30601199442626],[-131.21831289547868,52.30168811345029],[-131.21938781192193,52.29853918958009],[-131.2181213773174,52.2928878989981],[-131.22197548887056,52.29134980699434],[-131.2261295976323,52.2940685937542],[-131.22809087703578,52.29662079949358],[-131.23402659724562,52.30178779525078],[-131.23479071437635,52.3032747015996],[-131.2402989008219,52.304869808433686],[-131.24466150234673,52.304094990144876],[-131.24621850649353,52.30271640148939],[-131.2529795065774,52.299503395922564],[-131.25618379478706,52.29964869964473],[-131.25714909531501,52.29757069492802],[-131.25470449719114,52.29563951381317],[-131.25756270900183,52.29215880899023],[-131.25517259235653,52.28896711409263],[-131.25806210779186,52.2863950051448],[-131.2602568729432,52.28717119601598],[-131.26103168836093,52.289700607273915],[-131.2669366782207,52.28991990057781],[-131.26856710094114,52.2890981102406],[-131.26501940813841,52.28511029464676],[-131.2574373943905,52.280444610507935],[-131.25335080839994,52.2770692941723],[-131.25107121764822,52.27344459550155],[-131.24443512179894,52.271781199083904],[-131.2341414974587,52.2670485015006],[-131.22987740870232,52.266212510991195],[-131.22385560295047,52.26302509563442],[-131.21959269920015,52.261576711650655],[-131.2305251947445,52.25925808867717],[-131.232351709403,52.255644909524875],[-131.23138809976675,52.25336899129609],[-131.23493461829324,52.252807797526664],[-131.23861129134528,52.2510475037609],[-131.23816711847576,52.2477376950801],[-131.2412682172355,52.245053003990435],[-131.2464533029426,52.24504449167916],[-131.2489944964995,52.250373907211475],[-131.2511427005983,52.25113299681409],[-131.25158378244265,52.254065397437955],[-131.25441559276484,52.2558541915573],[-131.25453860224317,52.25828821182721],[-131.25928358602178,52.26197549856635],[-131.26298769581808,52.263648899588155],[-131.26731179933563,52.26825048540499],[-131.27402010540456,52.27075569416485],[-131.27718300233698,52.27325811379709],[-131.28018638403984,52.27748940017828],[-131.28468901140573,52.27926399062392],[-131.2873976857811,52.28172070389366],[-131.29122722077196,52.282914200214634],[-131.29336400562661,52.28512031162557],[-131.2992048143808,52.285806794345326],[-131.30379821988672,52.293216898216386],[-131.3048132078751,52.293834997161625],[-131.30580301375346,52.30074959665025],[-131.30870141819872,52.30174509671362],[-131.31434948762814,52.30120250050132],[-131.31789190090439,52.29967570981468],[-131.32171680121542,52.295383212273066],[-131.31994870047797,52.294393306868315],[-131.32018589013887,52.2899555032882],[-131.32282068483434,52.28650460514679],[-131.32016219936324,52.284758589127044],[-131.32358600604513,52.28180468503937],[-131.32128719132822,52.27819860798402],[-131.32290989683605,52.27558658819819],[-131.32548949775332,52.28008571231675],[-131.3263158131947,52.287730907730435],[-131.3251897941499,52.29060348914427],[-131.32542839177785,52.29347609806948],[-131.3317377986884,52.2960225943767],[-131.33281982388678,52.29875280038243],[-131.33311850538703,52.303305999658456],[-131.33926011845628,52.304056593870776],[-131.34508408113754,52.3071071999278],[-131.34515940585104,52.308544304267386],[-131.33942778979687,52.311993710297365],[-131.33861461376506,52.31464420718514],[-131.34012590503042,52.32048629536666],[-131.34441618770444,52.322524299730226],[-131.35151847804153,52.32361379666679],[-131.34550992072633,52.32903009844255],[-131.34442280079685,52.33847549535929],[-131.34888608928514,52.341507611598544],[-131.35064700091684,52.34537579723025],[-131.35536669524592,52.34742091467741],[-131.36610592044076,52.34394300428018],[-131.3709396180691,52.34564349563695],[-131.36938220448752,52.34864289540345],[-131.36708850295452,52.349165589613534],[-131.36128849678897,52.34861579593784],[-131.3600448204081,52.34951309742333],[-131.352506811369,52.34915130554764],[-131.35424950574904,52.35596898972652],[-131.3560994002262,52.359538111853894],[-131.3535790016625,52.35992981282151],[-131.3532997994137,52.36407141503341],[-131.355562115495,52.36849640779826],[-131.36280920347323,52.37573420001037],[-131.3667566090542,52.37123940650967],[-131.37245629355368,52.368768404559056],[-131.3778089901527,52.362860794377106],[-131.38206249242342,52.36080559139647],[-131.3851849161765,52.35662419457338],[-131.39171829152522,52.357662400649595],[-131.39812018661374,52.35302659550631],[-131.4067387912681,52.350827604659884],[-131.4100060085542,52.35366609706489],[-131.41364151388484,52.35461750700452],[-131.4119878113702,52.35794160118522],[-131.40665059646514,52.35975880492774],[-131.40855992637208,52.36163600100009],[-131.40476449450813,52.363413406322735],[-131.40560840193194,52.36487890306071],[-131.39125379536017,52.368902314529194],[-131.38385879720792,52.37261381545734],[-131.38632640794287,52.37534248857424],[-131.39206150917857,52.388220192193266],[-131.39175702816433,52.398342101325674],[-131.3930717972627,52.3998176047773],[-131.39764470260107,52.401451089256845],[-131.39982460871295,52.4001836046593],[-131.40277128602108,52.40083449268089],[-131.40132550169054,52.40292380092479],[-131.4101054106776,52.405658285896614],[-131.4139749211237,52.40491339894113],[-131.41358709886748,52.40264610708673],[-131.41534519437616,52.3993020107107],[-131.42119541793738,52.39632259535087],[-131.42277511400175,52.39404099755394],[-131.4269147073694,52.396358202371],[-131.4293303902397,52.39458079927081],[-131.4301750224999,52.39201009637009],[-131.43706528550416,52.38927840160766],[-131.43613570016763,52.38736431260535],[-131.43843749248038,52.383800903432835],[-131.437538418471,52.382425099193355],[-131.44178560688522,52.38081858845344],[-131.44992639115023,52.39007309879363],[-131.44876819724553,52.39358668464742],[-131.4455338021733,52.397043206834155],[-131.44244109685138,52.39827658471531],[-131.43993300148784,52.40157509167101],[-131.4372579884888,52.401332906584734],[-131.43632998311173,52.40503019078242],[-131.42688151208174,52.40779598945483],[-131.42710688003294,52.410040598553685],[-131.4291879162491,52.41149899627536],[-131.4280025886896,52.4145353902513],[-131.42985369143813,52.41533428899375],[-131.42807712145196,52.42125190462116],[-131.4287142962858,52.42616688559989],[-131.42584540022787,52.428572404124026],[-131.41829519658933,52.439490398203255],[-131.41908620847948,52.442918396275466],[-131.41797019311448,52.44622400612011],[-131.41910799093338,52.449770299138414],[-131.41646010183263,52.45439330049365],[-131.41677209689811,52.456823006136716],[-131.420080082873,52.46106289903881],[-131.42387210261734,52.46390698543248],[-131.42667249281197,52.4674475910488],[-131.43042430757754,52.468196697568196],[-131.43778951841253,52.46771249572945],[-131.4384994848403,52.46402949088607],[-131.4459894962979,52.46346119045772],[-131.4467017105944,52.461935894373994],[-131.45088541211746,52.46198429386382],[-131.45354297440315,52.46557899763131],[-131.4499875941771,52.46836910445396],[-131.45514070843257,52.46995280506485],[-131.45751858995038,52.467151398066136],[-131.4617956759002,52.46466179549929],[-131.46739618355318,52.46318779321897],[-131.46812147849604,52.46167099316656],[-131.46627482796097,52.45787830216743],[-131.4690842961718,52.4559941125641],[-131.4650247031848,52.45233819989443],[-131.4690184006084,52.451148904367315],[-131.47364900082124,52.44684360987493],[-131.47472680993232,52.444006486051684],[-131.47767628106902,52.444358304584085],[-131.48087109609497,52.44857971663698],[-131.47937201861404,52.45176849881903],[-131.47490511449726,52.45663640707925],[-131.47072679663572,52.45875561296387],[-131.4730859070352,52.46224069383464],[-131.46888937979747,52.46672549544753],[-131.4687148211721,52.46991290195338],[-131.46505468335198,52.47107790329388],[-131.46450599525642,52.47389501202098],[-131.46732759389275,52.4746000071926],[-131.4710237871586,52.47249929333715],[-131.48076251739437,52.472061992481116],[-131.48487041990205,52.47124739955802],[-131.4935661835335,52.4680244024169],[-131.49673660415232,52.46784918630648],[-131.50672059759597,52.46551640063736],[-131.51198710038852,52.465691506685694],[-131.51318821671848,52.4686795051255],[-131.50229019598996,52.46893730945358],[-131.5022949012221,52.47132859066911],[-131.48655340206244,52.47526789507352],[-131.4841754025107,52.477483986867625],[-131.47925950704357,52.47780301132375],[-131.47350450919532,52.47732161074925],[-131.47449319851881,52.47971999500848],[-131.47208579492172,52.48195461028151],[-131.48187929211878,52.48480730129083],[-131.48183512152434,52.48639100433912],[-131.4776086041553,52.48746910224064],[-131.48028358988972,52.49077609194602],[-131.4778266946393,52.493704309876364],[-131.479567013302,52.49558430726612],[-131.46981050010876,52.49759528466748],[-131.47130709858158,52.50248308726533],[-131.47860331887549,52.50618750463394],[-131.48596239705003,52.506798497363086],[-131.48925379551133,52.508454885343355],[-131.49421410461215,52.50913280927399],[-131.4993666076238,52.50852040128743],[-131.50416440291636,52.511224909243815],[-131.5003914820636,52.51333699158328],[-131.50477487692402,52.5144679005601],[-131.50392371028872,52.51711120586918],[-131.51377219373012,52.516911805118426],[-131.52232850237294,52.51573970785408],[-131.52525652131646,52.513312799934546],[-131.52914179487385,52.51423709344052],[-131.5341770836239,52.51440799947411],[-131.5389036852133,52.51202249769605],[-131.54515151129502,52.50510799536371],[-131.54813261343807,52.50568189961656],[-131.54963539964314,52.50364389468433],[-131.55486919225515,52.50369231377126],[-131.55382709012542,52.50019020100447],[-131.56230280572242,52.50051919598221],[-131.56312469011792,52.49942248957679],[-131.57244452483533,52.49653989832527],[-131.57361292374847,52.49484230148495],[-131.5805368102192,52.49081600717784],[-131.58034298272892,52.49327559898593],[-131.57773079608913,52.4964700865794],[-131.57340771768813,52.498156405660964],[-131.5723216007952,52.50101188821695],[-131.56837620241436,52.502581392180716],[-131.56368559755066,52.50577729367173],[-131.5579693057203,52.50658490443147],[-131.55683170490784,52.50755328332031],[-131.54414877889954,52.511468493006284],[-131.54182689899608,52.51466580427091],[-131.54566180011068,52.5152042132037],[-131.5500759954352,52.51965059505316],[-131.54324188049935,52.522800903029406],[-131.5388300877003,52.52404710453761],[-131.53787930727836,52.52672028721513],[-131.53953530120782,52.52807759317914],[-131.54801419822743,52.52935229930973],[-131.55632010578333,52.531205202366785],[-131.55942261995688,52.532855799649475],[-131.56414062311651,52.53332010102147],[-131.5661171147599,52.534859707442344],[-131.5696648936025,52.53398239394739],[-131.57171621769982,52.536527403714416],[-131.5764229043984,52.536084511910815],[-131.57643190547586,52.53247838370867],[-131.57822161150187,52.52879680034692],[-131.58268181551028,52.524643798911875],[-131.58994390144397,52.52226400197286],[-131.59782318697305,52.52038260812105],[-131.60193248163878,52.52056209825284],[-131.6056722936856,52.51328578805013],[-131.60890560454183,52.51039038655489],[-131.61264308854243,52.51001150531599],[-131.61364970334142,52.50785811160706],[-131.61887888943932,52.50733830121313],[-131.6204374186633,52.508759601349816],[-131.61783978777794,52.511901398681125],[-131.6130703090159,52.51350078901983],[-131.60811549717283,52.51667540186328],[-131.61191290090736,52.52006358812315],[-131.61237367756212,52.52336200185683],[-131.61455640129176,52.524878796043645],[-131.61324798749195,52.527156090470285],[-131.61424669554359,52.52983220449899],[-131.61013121368202,52.53128069557042],[-131.6116630957749,52.53324318871043],[-131.6160106785055,52.53121369873338],[-131.62273328309362,52.53121800320094],[-131.62841377929175,52.53003020151971],[-131.6330019139424,52.5322661942136],[-131.6332078816248,52.53450930245929],[-131.63613419746596,52.535091801279364],[-131.64119219266385,52.53337001337248],[-131.64627110792318,52.53618709927511],[-131.64752190097354,52.53856980989143],[-131.65241369212265,52.53777650400956],[-131.65798650845025,52.53503489136579],[-131.66164689152203,52.537030202636615],[-131.66315730340042,52.53910949573695],[-131.6659777051833,52.540142083864076],[-131.67047610805977,52.5377124010632],[-131.67043169212923,52.53526699158892],[-131.67240338513903,52.53274899077428],[-131.6767466147911,52.53142879102401],[-131.67844399965787,52.533404086645426],[-131.67402400322516,52.536390691942124],[-131.67567619416533,52.54003100590647],[-131.67425651194748,52.54237520624768],[-131.6766596077246,52.54311160418865],[-131.68576850322444,52.543966113016296],[-131.6880079941733,52.54631750380387],[-131.6845704969495,52.54825578951945],[-131.68856960093092,52.549729888981574],[-131.69151090277538,52.55221801359752],[-131.6853197006626,52.55277200752707],[-131.67994680986467,52.54622058969761],[-131.6766824972731,52.548084913405766],[-131.6702547775769,52.546458497373806],[-131.65822758798998,52.54170160025764],[-131.65104392582793,52.54661080068162],[-131.65623299603408,52.548986411773846],[-131.65453060758745,52.55133499806805],[-131.65209690442842,52.55206408195222],[-131.64888429582498,52.54942081019243],[-131.64090639237853,52.54727028736683],[-131.6373087040473,52.55148588806495],[-131.63268730838305,52.54968289570348],[-131.63150940129586,52.55120248952686],[-131.63628529289744,52.55312798691331],[-131.6364410138204,52.55474310367061],[-131.63372639481994,52.55840901031557],[-131.6292978191199,52.55812130160401],[-131.6266413152306,52.55985309422211],[-131.61924030847138,52.56218460514048],[-131.62233780868706,52.5653976019724],[-131.61838129795638,52.56708671542261],[-131.62285849499756,52.57136650455259],[-131.6275715020105,52.57246738993237],[-131.627592517146,52.574300301569906],[-131.63160440390826,52.575948112201466],[-131.63659748248222,52.57577299880974],[-131.63793189650036,52.57710171306499],[-131.64357979755115,52.57602220201759],[-131.64417319711006,52.571432007685566],[-131.64662530917147,52.57073840748357],[-131.6508635944941,52.57248729216734],[-131.65291141865376,52.57630849508429],[-131.65800029561188,52.57820840087677],[-131.65845379804762,52.57936768759852],[-131.66919468247607,52.58146269580359],[-131.67489350888903,52.58075060131815],[-131.67810400341193,52.58496770503855],[-131.6822117016863,52.58646588343937],[-131.68369150919523,52.58844700132674],[-131.68903609859188,52.58629220550436],[-131.68868170918205,52.58507729055721],[-131.69226249883334,52.580868785936396],[-131.70140748628808,52.57905009616105],[-131.70807241078805,52.578709707936646],[-131.7103664769974,52.580230699810585],[-131.70564430679042,52.58145408989445],[-131.6967399103951,52.58166630085554],[-131.6920728121263,52.582582099542584],[-131.6943863108598,52.58683619404571],[-131.68933438794426,52.59042239570159],[-131.68434440110664,52.591660003721216],[-131.68071510101834,52.59121139624109],[-131.67707648249586,52.595008298826244],[-131.68040040433274,52.59766589771379],[-131.68356958040417,52.5980532984277],[-131.68342841282723,52.600834806512125],[-131.68664519809292,52.60438670332045],[-131.69100170265793,52.6041516922497],[-131.6958522093494,52.60496780292298],[-131.6996682896324,52.60694038867014],[-131.6944474114084,52.6075727010598],[-131.69463570760243,52.60942988815236],[-131.69861510338188,52.609293092055964],[-131.7011047832213,52.612060392275524],[-131.70479800331094,52.61230961230023],[-131.71024280095494,52.61603389009414],[-131.71589840671106,52.616452592149585],[-131.7214004003381,52.618906584078424],[-131.7304915980405,52.621611090787525],[-131.73521589106608,52.62223068966572],[-131.73966418566505,52.6241334079813],[-131.75373632355655,52.628895998430814],[-131.75816490201174,52.62858689915048],[-131.76077100067337,52.63124158783487],[-131.76059710047204,52.63293650272702],[-131.76358297747234,52.633892101404264],[-131.76317458934466,52.63728309442814],[-131.75839128790062,52.63736720361625],[-131.7493376833184,52.63395330284123],[-131.74133040590635,52.632593188304725],[-131.7333816189311,52.629323203297105],[-131.72394259823156,52.6265374931764],[-131.72065981103083,52.624859796195565],[-131.71483501217773,52.62503779561247],[-131.70925349294248,52.62271919731515],[-131.70357720049904,52.62148299094835],[-131.69996269448023,52.62229330190003],[-131.6942695178054,52.61912300405855],[-131.69239650514393,52.61965998131743],[-131.689822892765,52.62393541197752],[-131.69162551606337,52.628490103253824],[-131.6969213138794,52.634853404778305],[-131.70168327815514,52.63726319696224],[-131.69831531079723,52.63877000277595],[-131.70038940020666,52.640484790115835],[-131.706007794723,52.64219951357754],[-131.7104630147238,52.64587540635651],[-131.71309019970957,52.649132605403324],[-131.71356662128136,52.65348350502607],[-131.71510200819247,52.65774618979648],[-131.7181353937076,52.65967310359587],[-131.72360180762846,52.661732505710624],[-131.7240045084822,52.66604079088181],[-131.7281680909673,52.66475760011145],[-131.73129971265513,52.66564769469365],[-131.7260544064227,52.668799482588135],[-131.729705804508,52.67162788303979],[-131.7309068891001,52.679505207664825],[-131.73239428546628,52.6803255906216],[-131.7325683035682,52.684277804026344],[-131.73940241457578,52.688967695603814],[-131.73974369909655,52.691819004164685],[-131.74400239899447,52.69389690562361],[-131.7495199929764,52.6929056004672],[-131.75149770131677,52.69351661324654],[-131.756618195416,52.69845999834098],[-131.763619676076,52.69915930073415],[-131.76218580591856,52.69424720089792],[-131.76264051199962,52.69067529130571],[-131.7662328146841,52.690159796182186],[-131.77169539575118,52.69273899569172],[-131.76703118590072,52.69408919250011],[-131.76483688411332,52.69663989656897],[-131.76853930043032,52.698038502281634],[-131.76846200025574,52.7029221076307],[-131.76644940211983,52.70432780984981],[-131.76942177598656,52.70706369689921],[-131.77477209180648,52.7081162108527],[-131.77955640343552,52.71137761188901],[-131.78242658551943,52.711830507003754],[-131.7935799085473,52.71513039916251],[-131.79596297562432,52.71371619847102],[-131.80049011796325,52.71387849849551],[-131.8064028891849,52.71647199033647],[-131.80550869120648,52.71156559725726],[-131.80641880605106,52.70959309198884],[-131.8067386995891,52.70350600545185],[-131.81505538269582,52.70506269876919],[-131.81648449821083,52.70956029844007],[-131.8167390945213,52.71326898760279],[-131.82023709022357,52.713311699270385],[-131.8273211777321,52.71479719652092],[-131.82933638083836,52.7136434967051],[-131.83379471814533,52.70841950551413],[-131.83530611090234,52.70548710934983],[-131.84016431038853,52.703681194974976],[-131.84232970870997,52.70170438623651],[-131.84581978964718,52.7036883019776],[-131.84381018342356,52.70647119432234],[-131.84155878885065,52.70645269810472],[-131.83180491995103,52.71268510045584],[-131.8332257901207,52.71586960838334],[-131.83059071081558,52.71792039491541],[-131.83223559092048,52.719337498383744],[-131.82739252921021,52.72207060207276],[-131.82364721835,52.723221302804085],[-131.82485011590427,52.72488339878403],[-131.8238564000735,52.72738861060931],[-131.81948361350535,52.72894948968737],[-131.81564010345502,52.73251288730609],[-131.8087551066889,52.7364977836877],[-131.8035470221471,52.743042103120146],[-131.8060593874298,52.74502310334704],[-131.8126767807694,52.748391398534096],[-131.81540429215872,52.751825201320656],[-131.8227851138472,52.756433901139836],[-131.8259061953245,52.7599929967266],[-131.84131712659342,52.76011829979626],[-131.84600272287062,52.76197549732075],[-131.8506513827817,52.76231309810344],[-131.85839867858422,52.7606609990831],[-131.86010328489036,52.75950448985493],[-131.8638629941187,52.7598819006809],[-131.86523819621493,52.757358187338724],[-131.86888088776382,52.75524609549116],[-131.87360038634446,52.756013795476],[-131.87889238650632,52.752898999669526],[-131.88455691179198,52.751367998309654],[-131.8794066882209,52.747437190847826],[-131.87652358243605,52.74618530640589],[-131.8726694845759,52.74189839869063],[-131.87488859531027,52.73979491396498],[-131.8793243015677,52.74190838640629],[-131.88016799414157,52.743929410186794],[-131.88922602525668,52.75112730195006],[-131.88924370315874,52.75566909008859],[-131.88523811625114,52.756953692550326],[-131.88058511076017,52.761239204083736],[-131.8674232923142,52.760146797678324],[-131.86796581677547,52.76411750484968],[-131.85887398458317,52.765397890491904],[-131.85277480812397,52.76826908782121],[-131.84641918941813,52.770391208471985],[-131.84061759480053,52.769640601894274],[-131.83468867676865,52.77036699709036],[-131.83069060806613,52.76975170284542],[-131.82851289678865,52.76818510622413],[-131.82547649038727,52.768447100169986],[-131.81674839783926,52.765983194107214],[-131.8125154096167,52.762874202038],[-131.80780918395976,52.75633139197478],[-131.80059248386848,52.755898392235416],[-131.79610940847792,52.7571644997122],[-131.797794798821,52.76036189292394],[-131.79260788621332,52.76246260083417],[-131.7937067147328,52.764802602142986],[-131.79145051856395,52.765457693552015],[-131.79132747962055,52.77325809409257],[-131.78959549803403,52.774700799395696],[-131.7760241993934,52.7769524965553],[-131.77208620453354,52.781730694025065],[-131.76829609398015,52.78393260158273],[-131.7614744892723,52.78537669852963],[-131.7585649238068,52.78789040327366],[-131.75270391970665,52.78880049678271],[-131.74638159773764,52.78899130093401],[-131.7413718963347,52.788351915209255],[-131.7333799992461,52.788626697515404],[-131.72913112486972,52.787322200254565],[-131.72526847456808,52.78723959779505],[-131.71130282938617,52.78472730195891],[-131.7073519125345,52.7853397005809],[-131.7032624220357,52.784470896745184],[-131.70011968497687,52.784946605851474],[-131.69442599104852,52.78833189207586],[-131.6892022957917,52.78998829566604],[-131.68519681004332,52.790465408452874],[-131.683320211712,52.79252200908484],[-131.6697025115425,52.79589590338042],[-131.66601020837504,52.79569080309244],[-131.65767138698564,52.79737139669947],[-131.65360549183143,52.80465620094222],[-131.6572710044812,52.80879069051829],[-131.66491667574374,52.810076797943545],[-131.6705116950921,52.80765699777358],[-131.67515272274554,52.80397400166117],[-131.69556160171243,52.798314184450206],[-131.70288080434474,52.79768900176486],[-131.70708728521635,52.79661229617183],[-131.71962611098908,52.79736850907758],[-131.7298472290188,52.794050101923546],[-131.7387129195757,52.794420406451444],[-131.74481589806015,52.79615079368108],[-131.75046651145794,52.79708090401194],[-131.75624678688695,52.79720759840905],[-131.76257118896822,52.79915451154961],[-131.77338921158645,52.801735206415636],[-131.78374798838593,52.800629988884296],[-131.7913043921951,52.79928268935246],[-131.79317608817422,52.799778308981324],[-131.80470471609556,52.79796809124796],[-131.80890568252278,52.79544159202123],[-131.81355480247794,52.79645419254583],[-131.819280205453,52.80104020489824],[-131.83336659455412,52.80797040926666],[-131.83671238275352,52.80761999320642],[-131.83860969358648,52.80939168822899],[-131.83863848534492,52.81439069083622],[-131.83660848369382,52.81556420303612],[-131.8355017175255,52.819088090289085],[-131.84244439225893,52.826997788230926],[-131.8511980925996,52.833252895074104],[-131.85711759199575,52.834521913011464],[-131.8679932223711,52.83392799604195],[-131.8742822804739,52.83226450135113],[-131.87639490769445,52.83256360833094],[-131.8810472245605,52.83084170191257],[-131.88594049916065,52.83362748904795],[-131.88812340613882,52.8367663876485],[-131.88260348917518,52.83841141109085],[-131.88077208872713,52.8403355021281],[-131.87259440977573,52.84155040148013],[-131.866895713123,52.844780505619376],[-131.86806579819358,52.84630008702215],[-131.86394461435276,52.85092309711347],[-131.86449500929703,52.85433549124987],[-131.87332660101615,52.858492807964076],[-131.87951747708152,52.863360701180454],[-131.87669198030514,52.865101097870834],[-131.8666688018379,52.86026310692897],[-131.86273749434406,52.85944130450418],[-131.85871978179804,52.85754140225624],[-131.852130875073,52.86107199879452],[-131.84668590514178,52.86140949612846],[-131.84715461045363,52.863107187632814],[-131.85224867792576,52.867831301082475],[-131.852147912782,52.87038779890109],[-131.85488048095064,52.87104150498334],[-131.8571886028529,52.873143587720534],[-131.86363470146046,52.875777008618435],[-131.8700682079785,52.877095794921566],[-131.8750216033892,52.8789272998891],[-131.87524248399632,52.880936907637036],[-131.8817922027257,52.88262169807581],[-131.88637667194348,52.88005529699927],[-131.88902190371107,52.88247219771565],[-131.8869417200975,52.88405160547436],[-131.88218200504494,52.88539040852552],[-131.88339140195112,52.88746550344321],[-131.8868886195636,52.88886399372064],[-131.88911728340037,52.89195740421879],[-131.89985060634135,52.895040805937725],[-131.9072749115786,52.895120603459304],[-131.9084213050257,52.89602778397045],[-131.91348268856075,52.8949853034453],[-131.91544267711555,52.89341859422907],[-131.92132789925705,52.891366390161714],[-131.92582121556245,52.89053600010846],[-131.92864789843497,52.88792260998247],[-131.93368741603,52.88549580031946],[-131.93465862499718,52.88399610020884],[-131.93853598219633,52.88286670311763],[-131.9430060134426,52.87950979661219],[-131.94877590382814,52.87713570588582],[-131.9502378054754,52.878096999609596],[-131.95785248951535,52.87705451145813],[-131.9629486723609,52.87723249550935],[-131.9676041982723,52.87923780568238],[-131.97315840064965,52.879189399484034],[-131.98119569802495,52.87738630352503],[-131.98386291003217,52.87595360988868],[-131.9901435097486,52.877144210274906],[-131.99297998737114,52.87538099116157],[-131.99967118158796,52.876939094862955],[-131.99726137905793,52.87949129769918],[-132.00040897786394,52.88158199395239],[-131.98904859981957,52.882198684687125],[-131.98673008030065,52.88305749346163],[-131.9810680926353,52.88311020305025],[-131.97927269557636,52.88661661525548],[-131.97361421756798,52.88735290252777],[-131.96961019221885,52.888586295665505],[-131.9658345906677,52.887735989157214],[-131.96382129279078,52.8895846969834],[-131.9548345040949,52.89080658466036],[-131.9526597962912,52.89032099608052],[-131.9471951217669,52.89194170349669],[-131.94551470501503,52.89369210329358],[-131.93594729804923,52.89492689852441],[-131.933070997742,52.89726400712824],[-131.9321064894459,52.90058810038466],[-131.9289854033012,52.90349781048801],[-131.9244489042424,52.90369148275607],[-131.91748320937197,52.907837291458826],[-131.91014580552718,52.909527889365286],[-131.89780519519346,52.90739300119605],[-131.89370081408924,52.910298404403065],[-131.89362740025715,52.91210849508724],[-131.8969104273944,52.91425770291256],[-131.89969160558158,52.91758038181626],[-131.8997161990912,52.92085318617099],[-131.9053958838292,52.92145140290213],[-131.91227830433883,52.92356770193384],[-131.91713520372818,52.92369019156618],[-131.9247478012816,52.922253193268354],[-131.93700910015062,52.92292258304017],[-131.94086989177,52.92370730771443],[-131.94629930669956,52.92693599138375],[-131.9503380011775,52.928140886193916],[-131.94891558940242,52.930621802762175],[-131.94522078980123,52.93189078878192],[-131.94865121931502,52.934180893330065],[-131.96012262295739,52.933463098977455],[-131.96734229412274,52.93370530991285],[-131.967573897026,52.93816020796399],[-131.96547080429994,52.938994807372524],[-131.96075379317176,52.93856468738275],[-131.95477180177056,52.93664480671008],[-131.94972188876542,52.9370221895854],[-131.94242169765312,52.934280588357346],[-131.9385017970508,52.93397300046056],[-131.93588078755047,52.93196909469636],[-131.92776521744187,52.93079420358855],[-131.9235441989588,52.931104701329],[-131.92188899686727,52.93238639412877],[-131.9166349975537,52.93372950802259],[-131.91343638382332,52.93371810102519],[-131.90816068646652,52.936303001730444],[-131.90364680678653,52.94002020627998],[-131.90429819549158,52.94460760570606],[-131.90306129460143,52.94817241246203],[-131.90439228346676,52.95136830286793],[-131.9016706734951,52.9527198988269],[-131.90464340426965,52.955975581673],[-131.9071623207219,52.96111129455732],[-131.9121331123436,52.96682518838526],[-131.91180831810343,52.96929770314823],[-131.91481299775683,52.97033878712444],[-131.91570831094188,52.97347349943387],[-131.91809729772004,52.97488059685902],[-131.92661529224574,52.98409521125536],[-131.92938950025652,52.98545679159034],[-131.93261209902963,52.985287300652324],[-131.93483710466683,52.988001798216985],[-131.9391958805228,52.988749492035815],[-131.93884269106945,52.992543607060625],[-131.94050957281797,52.99470559608701],[-131.94423929805012,52.99696011175998],[-131.94603810715753,53.001483397113205],[-131.94785729714877,53.00277938927909],[-131.94812941123382,53.00634278725943],[-131.9498732202579,53.008322397152334],[-131.95756029829525,53.010829007168546],[-131.9621916020497,53.014005001008236],[-131.9630961817565,53.0206816962203],[-131.96014059902416,53.02500851243034],[-131.95654829776316,53.02852478586181],[-131.95767818366727,53.033029590906004],[-131.95523171867615,53.03717260553643],[-131.96544471393395,53.04121600582227],[-131.97025352066535,53.041500798427236],[-131.97587149601821,53.04008369708095],[-131.97948570101434,53.04037138881708],[-131.98222258880077,53.03916080914902],[-131.98590611083884,53.039562509171546],[-131.9890530204195,53.0417129995142],[-131.99470959950528,53.043432003041296],[-132.00160019336275,53.04243080449229],[-132.00798759363752,53.04412988694786],[-132.01162881447695,53.04350179428941],[-132.01615500728064,53.04623199899832],[-132.019930291806,53.04535611202427],[-132.0229239054631,53.04111490801554],[-132.02581472279897,53.03965790471965],[-132.03226289992085,53.03895580397467],[-132.03159789108432,53.041260092463425],[-132.0243239141677,53.045907298293024],[-132.0293883079618,53.04799379626535],[-132.03129670954843,53.051512990737116],[-132.02550648846272,53.05085499481839],[-132.02446818614266,53.052699391808474],[-132.02959969823968,53.05445540813146],[-132.02672988140284,53.05560759475032],[-132.02296621728695,53.054361395142415],[-132.0120228992425,53.053116702347765],[-132.01152320651147,53.05557630706871],[-132.01525400341615,53.05559910129782],[-132.01653898886735,53.057510404671156],[-132.01257928289155,53.05800460428705],[-132.00378250315086,53.05720698253886],[-131.99926229099717,53.05764279815028],[-131.99779310842922,53.05669141047284],[-131.9909966956502,53.05706029612165],[-131.9825977019855,53.05234329682739],[-131.97938019989763,53.052450096073485],[-131.97583629423355,53.0538614936891],[-131.96804480179892,53.051699602801854],[-131.96516961053885,53.05241029138041],[-131.96054739870618,53.049647298627676],[-131.95250340092682,53.048345598576695],[-131.94488921349563,53.04806778999115],[-131.9334847915537,53.048448097495175],[-131.92790268197092,53.047327298123136],[-131.92794869825786,53.048891011721295],[-131.92026038713306,53.04818890443399],[-131.9171617143453,53.04849939776999],[-131.91390810710482,53.050486110682506],[-131.9152467977189,53.05372621578934],[-131.90534699201098,53.05544381176305],[-131.90095827346312,53.05407519599737],[-131.89720461581823,53.05487699429025],[-131.8991116957711,53.05836489879515],[-131.89523770389704,53.05778518867879],[-131.89158647962287,53.06013089408538],[-131.88772467842702,53.06419130076788],[-131.8779726963677,53.064597208537506],[-131.87570928580075,53.06377970243264],[-131.87111811541595,53.064332296197165],[-131.8642814108283,53.0625178989923],[-131.86104157960918,53.05937749700464],[-131.85779787382145,53.062009396625896],[-131.8540224937478,53.06203651416428],[-131.84807338254404,53.05917670672582],[-131.84237751323715,53.063566090272396],[-131.84279802035925,53.0652196021429],[-131.83613849643203,53.068354303069185],[-131.8295586996332,53.06865478382782],[-131.8210564971627,53.06558419830591],[-131.81228958660816,53.06552149089471],[-131.8056453156504,53.06801670052112],[-131.79845970739402,53.06633478802187],[-131.79492479174104,53.06407881364619],[-131.78864740223267,53.061412711167826],[-131.78269179783595,53.05562609991979],[-131.77625641404055,53.05651339445688],[-131.77247499706607,53.05528859604141],[-131.76969770729903,53.0524671969407],[-131.76523612256466,53.05226500313246],[-131.75939989708698,53.04966721300877],[-131.75657059158408,53.04998480298342],[-131.7513782791812,53.05258689340332],[-131.74367530527542,53.05091198986828],[-131.74078668446919,53.04771460511012],[-131.73416109500943,53.0496031123752],[-131.72980721831712,53.04681599238171],[-131.7259676941144,53.04578058722626],[-131.7081960189592,53.044127094415956],[-131.70684411571742,53.043268301332986],[-131.70012989090932,53.04279110087084],[-131.69709320597,53.04169169661766],[-131.6916864977442,53.04136411482836],[-131.68823351688576,53.04222430774205],[-131.67925662281226,53.04278689655159],[-131.67473909519447,53.041620485320486],[-131.66482470294366,53.041267183557395],[-131.6635231096301,53.04315010413324],[-131.65653392058775,53.044753704451935],[-131.65345392511077,53.04173869992906],[-131.6558365050006,53.033636310658785],[-131.65146440732602,53.03117239977218],[-131.64606788946597,53.032713403776775],[-131.64244049620862,53.03143590588319],[-131.63920918094797,53.03177769466043],[-131.6330252022879,53.0291814068509],[-131.62622018934604,53.029601492316814],[-131.6200155940152,53.029100209277026],[-131.6182051879102,53.02778139255115],[-131.61139857796022,53.03016130291964],[-131.61079760606736,53.03156838652917],[-131.6065022975907,53.03406360187055],[-131.6080266810709,53.036332399628535],[-131.60613340964318,53.03809130473064],[-131.61150689714447,53.04355741000012],[-131.6169392978216,53.043573006161296],[-131.6209624798901,53.042036292790314],[-131.6250776925518,53.043950495442324],[-131.63046299714364,53.04440759431904],[-131.63116191749617,53.046568206450004],[-131.62441010611087,53.0498908111507],[-131.6287459873521,53.0502810976916],[-131.62874898953237,53.053005595490234],[-131.63089077476582,53.0548826989121],[-131.62841778733986,53.05737360775503],[-131.62493211173472,53.0582509013993],[-131.62825749575092,53.061882712952396],[-131.6304283002489,53.061708890185116],[-131.63374208146837,53.06492619355607],[-131.63673718396066,53.06431949885469],[-131.63981890700853,53.06662529979276],[-131.63551478460514,53.07143340275828],[-131.6375721030768,53.074066785469725],[-131.63880889746315,53.0779335056753],[-131.64383399564213,53.08244259180929],[-131.64371071475728,53.088236201197496],[-131.64123837219998,53.09249039548535],[-131.6386716975143,53.09402280281671],[-131.63856908389346,53.0969467062856],[-131.64206108352704,53.10543069520828],[-131.64520179318615,53.10888589133351],[-131.6507941852489,53.109911302462514],[-131.65292139095365,53.11123149128494],[-131.66068998392052,53.11239799199589],[-131.6624112942375,53.10931029695026],[-131.66691372359435,53.107924498581504],[-131.67344211614173,53.10815520404542],[-131.68496219303447,53.110295786308086],[-131.68862709791557,53.11009639826564],[-131.6951868780684,53.11391329845957],[-131.69733791030927,53.117003792736426],[-131.70118469121056,53.11874990383265],[-131.7047005036299,53.122860194560516],[-131.70635102826145,53.126294000818],[-131.7053597107368,53.131684607545616],[-131.70069520280646,53.130747511230105],[-131.70212300757407,53.133493296802214],[-131.70824700459767,53.13789561154468],[-131.7108377896707,53.14104739598854],[-131.70826389209972,53.14837059897924],[-131.71465389710045,53.150563907861425],[-131.71665882374097,53.14916820422983],[-131.72103069634045,53.14992301433723],[-131.7249991923595,53.1521348130412],[-131.7294884838302,53.151438399054875],[-131.7381069177135,53.15312889954879],[-131.74727269753518,53.1533041061006],[-131.75039371078552,53.15228720537696],[-131.75090070460345,53.15017228610325],[-131.75548100335618,53.148330812439205],[-131.75962060486665,53.1478208835142],[-131.76018280635378,53.145631889981615],[-131.75179150997224,53.14680538618599],[-131.75199838687055,53.143716301447945],[-131.7541299105248,53.14265099741335],[-131.76275141900865,53.142766399836894],[-131.7660951840245,53.14502659861922],[-131.76571830347936,53.14681538787187],[-131.76121171645553,53.14699199395297],[-131.75881619127185,53.14856721223707],[-131.7581913818013,53.15094699801293],[-131.75919261566546,53.15514989622666],[-131.76173599322573,53.155864795241676],[-131.76244177716455,53.15914759491791],[-131.76489289124507,53.160755587389836],[-131.76768717965868,53.160698596408395],[-131.7772723908296,53.15850669587208],[-131.78174952408668,53.15974150091867],[-131.78384419690462,53.16251590363057],[-131.78660420315217,53.16308980180195],[-131.79178127360194,53.161251198399505],[-131.79407501975817,53.161988898573746],[-131.80072989076183,53.16171551116135],[-131.79953158881273,53.16516060461588],[-131.79635337252697,53.166449596164334],[-131.7955223072745,53.168160010354484],[-131.7913663236506,53.16983919713735],[-131.7852693069317,53.17063819768557],[-131.77924532144067,53.17238849787181],[-131.77657980864836,53.176740907791256],[-131.7761719091849,53.185049706565344],[-131.77799070333367,53.18723731256168],[-131.775151504691,53.19403928331269],[-131.77297408563442,53.19694038930976],[-131.78249320229747,53.201258698619014],[-131.78657271083063,53.20758359890754],[-131.78750491798948,53.21342569742457],[-131.78688468345644,53.21540820697217],[-131.78843119824106,53.220515411066856],[-131.78850760287753,53.22446188690692],[-131.79100818494533,53.22721769931634],[-131.79579650954454,53.22893959316331],[-131.80284039112632,53.230563191227695],[-131.8068249129067,53.23443559099881],[-131.80785100612303,53.23820549577766],[-131.8075312818009,53.24270030212382],[-131.8042805815664,53.25166140381876],[-131.80271979858168,53.253693785248785],[-131.80967349412214,53.25523900691438],[-131.81961819325335,53.260317788922926],[-131.82235390385836,53.26086469524915],[-131.82413870586646,53.25880809265124],[-131.82240629928705,53.25598109568748],[-131.8213825109423,53.25202170627406],[-131.8226142921653,53.248414212885116],[-131.826476220605,53.244706999415705],[-131.8366075829853,53.23946729681857],[-131.84358941633855,53.23736659747305],[-131.85381900776395,53.236366807012935],[-131.8608659992754,53.236845386949746],[-131.86608629999927,53.23804170006479],[-131.87544970158515,53.23908418758362],[-131.8788851160878,53.23869540512681],[-131.8801092994375,53.23637248504843],[-131.88287470114454,53.23558640419354],[-131.89129618773657,53.23580430379384],[-131.89582600740232,53.23717859922475],[-131.9058124923727,53.237034804076934],[-131.9110483988107,53.23754469819249],[-131.91795327428815,53.23898599872707],[-131.92155581322353,53.24039880717766],[-131.92251528479784,53.23488990023173],[-131.92970820672002,53.231152785742026],[-131.93534219945928,53.22697560498909],[-131.94450879179348,53.22409731090498],[-131.948421492151,53.220177913395645],[-131.95456849274174,53.21696909692341],[-131.95918100209988,53.21327469690515],[-131.96276050164988,53.21239459078368],[-131.96751759539634,53.21293290373475],[-131.97535041056534,53.21507490784546],[-131.98046097793238,53.21358089805814],[-131.98368770588704,53.21389571207933],[-131.986236695669,53.21759010641231],[-131.99334369293746,53.216818102690105],[-131.98776398191822,53.21111420436171],[-131.98830859021086,53.20817751291594],[-131.9827153014844,53.204648303137304],[-131.98203460845423,53.20108631010181],[-131.98694461283733,53.19934449255668],[-131.99007828170096,53.20048960405282],[-131.99488521225723,53.198740706359864],[-131.9974003899175,53.199172209939704],[-132.0089510002596,53.198279200441846],[-132.01388541244776,53.19840308909997],[-132.01672159770456,53.19486821105752],[-132.02195852140366,53.19469449923856],[-132.0200567836741,53.19190299295047],[-132.02329321919373,53.190787894467135],[-132.02539670704488,53.18809900752174],[-132.02566760932683,53.184804800102675],[-132.03013261449243,53.18390889903634],[-132.03110951297973,53.1801746883028],[-132.03566040388236,53.17863370385623],[-132.03717110569917,53.176269486933045],[-132.0440757140658,53.16923818988066],[-132.05331420011535,53.1669680062321],[-132.0561473006537,53.16799048616953],[-132.0594607966959,53.167479288425305],[-132.05886362150812,53.16525320050206],[-132.05637259296483,53.163635297475764],[-132.07037189255922,53.15844979690884],[-132.0725034183647,53.158125101331166],[-132.08050781745695,53.15129880332108],[-132.08046248615662,53.14886059283295],[-132.0839618946413,53.14799318554891],[-132.09339650880398,53.14960829712083],[-132.09445830522603,53.15180159423175],[-132.109715301394,53.14960119236723],[-132.1149432948132,53.149477198200124],[-132.12298148394356,53.14848459395138],[-132.12866018259643,53.144781597661144],[-132.1348723126191,53.14513909120981],[-132.1338491834197,53.14792770708835],[-132.12236019612084,53.15109520477695],[-132.11633419827044,53.150841588065894],[-132.1137112999926,53.15181151044215],[-132.12027000438,53.1550458861472],[-132.12438970054586,53.156072791573365],[-132.12601970245427,53.15853089976092],[-132.13643230626303,53.16013890769456],[-132.139085678774,53.15915049686306],[-132.1442167103131,53.1598142030277],[-132.15522990443685,53.15710099041827],[-132.1609718858368,53.156670904569786],[-132.17070101448965,53.151831491904204],[-132.17528760414146,53.15168048146777],[-132.18041980154337,53.14961681283297],[-132.18230240480796,53.147574493127],[-132.1903461880113,53.14808009409615],[-132.1949498928094,53.14674989468464],[-132.20042950184683,53.14720044142815],[-132.2022983162176,53.14658350387233]]],[[[-131.92734380181008,53.01555168553896],[-131.93062541318858,53.01599319759533],[-131.93287179394335,53.014380992296125],[-131.93140509984846,53.01165651152766],[-131.92783538706922,53.00827401024192],[-131.9254993957516,53.004176607702135],[-131.9261430045814,53.00243479151022],[-131.9237123142298,53.00109169145856],[-131.92999588911673,52.99593610022626],[-131.92966851573996,52.9910979987937],[-131.9240374921442,52.98715301368957],[-131.92076577397034,52.983942795439546],[-131.91757321934304,52.98213260451777],[-131.91447079948628,52.97832428375879],[-131.90957390463407,52.97705961068448],[-131.90944278867752,52.97512838890934],[-131.906830288111,52.97214468927651],[-131.90746470603,52.97005109562282],[-131.90362387966482,52.96431860320511],[-131.90298271974203,52.962310505500014],[-131.90420202272557,52.958270004750275],[-131.90022762033823,52.95120879411838],[-131.90278329273465,52.947775006798715],[-131.8977654095855,52.944668785559465],[-131.89937808681304,52.941176704124395],[-131.89820649569032,52.93612359458898],[-131.89344479577602,52.93346170493108],[-131.88573959165765,52.925266793428335],[-131.88656079730274,52.9226220884754],[-131.8833530877004,52.92135020445765],[-131.87832299992758,52.91596960089275],[-131.87490801491677,52.91562919772814],[-131.8739897814444,52.91387169869257],[-131.8697009133528,52.91222959742481],[-131.86540609491198,52.90849388675725],[-131.86382431822443,52.90548309238292],[-131.8496298804654,52.902453792548165],[-131.84721620861566,52.90057808836506],[-131.84416201154377,52.89641518839156],[-131.84763060496647,52.8935083932854],[-131.84872500537318,52.891144196145895],[-131.84729810240776,52.887986702133475],[-131.8449996889308,52.88876999883442],[-131.84105940642291,52.8880820963475],[-131.83842499404622,52.88302760105301],[-131.83409908888376,52.8814409881546],[-131.83439961997558,52.88011079659442],[-131.82800740091173,52.87737779006289],[-131.82514598940006,52.87062989720784],[-131.82134708059618,52.86773449170468],[-131.81570442017852,52.86712199945786],[-131.81269269280796,52.86972829873007],[-131.80634888837795,52.87179488880262],[-131.80588641154276,52.873847204214904],[-131.7997142970547,52.874694612549916],[-131.7924606021485,52.87769818955],[-131.7893377039268,52.8769974980461],[-131.78205958029662,52.87963229960916],[-131.78344907479848,52.88090409950957],[-131.79403549466525,52.881868306349695],[-131.8049392148992,52.88174720502631],[-131.81969259965825,52.88026460542419],[-131.8218127963094,52.88153499366251],[-131.8207302992021,52.884322210960626],[-131.8152248036567,52.88516249159887],[-131.81285808373605,52.88466120575305],[-131.8090238867599,52.88652409936639],[-131.8052835768742,52.885686599968324],[-131.7940031246719,52.886420100665454],[-131.7892689902518,52.88609960551646],[-131.783363998391,52.88466400507266],[-131.7780315212086,52.884718195875436],[-131.77443659035148,52.8833723130154],[-131.76497901089277,52.881694589223976],[-131.76328579730566,52.88079871152602],[-131.75824420615018,52.88190529214874],[-131.75236971047852,52.88117899354267],[-131.74518800882876,52.879015593594936],[-131.74223731730518,52.87913809495854],[-131.73702951454632,52.87645350484114],[-131.73323878233415,52.87690070446642],[-131.72933320778273,52.87624408811102],[-131.7240857253046,52.8764633980626],[-131.7206767883801,52.87545370038063],[-131.71577598135218,52.875512091603106],[-131.71445220179467,52.87430998489702],[-131.70907140835334,52.87475579266623],[-131.70432098983102,52.87652889861536],[-131.70001869547312,52.87306530574997],[-131.69870517972382,52.87010999359961],[-131.69432928414398,52.86568639211836],[-131.69136450223365,52.867723089843835],[-131.69120102034339,52.87036069454632],[-131.69510191073502,52.87358230854557],[-131.6915713113087,52.87633239744162],[-131.68873951908415,52.877413405503866],[-131.68614910703812,52.88044840151468],[-131.675857101354,52.87940300460722],[-131.6707350089009,52.877792204004855],[-131.66959469998704,52.87908539667782],[-131.67235240557395,52.88113770584206],[-131.67353201982982,52.88510270372417],[-131.6663875122159,52.88809639653697],[-131.65883708455442,52.88933539431898],[-131.6581828871127,52.89443979712934],[-131.65319600474223,52.897735398103976],[-131.65255010163915,52.90106809237047],[-131.65520127961977,52.90185279427809],[-131.6511156036601,52.90508291187175],[-131.64833570423465,52.90608979689016],[-131.64417221859506,52.90608269837001],[-131.64084508545122,52.904924790302715],[-131.6309345871788,52.904380796661876],[-131.6314791877859,52.902309992064005],[-131.6293294866336,52.9009541055251],[-131.6213765965869,52.899997097001396],[-131.6225554855339,52.9025335982872],[-131.63433708692747,52.90823470026251],[-131.63899599983225,52.90927440397081],[-131.6405039898606,52.911551689485165],[-131.63720611391463,52.91384609829949],[-131.634907589854,52.91393300237297],[-131.6271772860847,52.91648659068108],[-131.6249186969561,52.91627580811093],[-131.62378108777733,52.919609894912924],[-131.62578630473456,52.92202960162607],[-131.62372379017285,52.923325595612134],[-131.61925060590175,52.923432397102225],[-131.61787899724243,52.92929881092459],[-131.6211745810577,52.92917200326256],[-131.6271465964986,52.93366249816568],[-131.63087059545256,52.937411091268274],[-131.64136828113828,52.942590902873455],[-131.64234571056272,52.943972401584375],[-131.63839939789702,52.95056079117619],[-131.63444529029786,52.95091829711257],[-131.6301962845962,52.952514795124195],[-131.6222901104512,52.953776603447075],[-131.61786990096903,52.9555112905281],[-131.61554739993204,52.958475107352356],[-131.6096890870194,52.96208410961798],[-131.60572388153446,52.96300839560541],[-131.60832418622903,52.96811270106585],[-131.6136536945841,52.974244003112375],[-131.61768188209865,52.97679040067552],[-131.6224733885625,52.97792550538397],[-131.62768380671275,52.98178510086559],[-131.63183649288612,52.982709505191856],[-131.63628452016238,52.98601929688117],[-131.6436779020438,52.987275507789036],[-131.6465735264164,52.9898006031223],[-131.66178399681036,52.99894691428098],[-131.68069751983376,52.99893550486332],[-131.68613479521014,53.000098985203486],[-131.6911970041818,53.00190921117434],[-131.69361547693765,53.00365239986638],[-131.70423632032904,53.00423780597642],[-131.71748128182176,53.00768580175851],[-131.73237921435236,53.00820709267717],[-131.74546371431174,53.009785088854464],[-131.75433499238054,53.00978650994842],[-131.7582710151746,53.010739295770996],[-131.76253550340024,53.013292891449126],[-131.76541790333783,53.01385550772799],[-131.77019367814978,53.019264595109384],[-131.77429469449154,53.020409716467164],[-131.77737030717236,53.0230273989328],[-131.77949500556133,53.02756349315732],[-131.78176889277626,53.02883250064338],[-131.79057757663483,53.03149429681737],[-131.8016221022244,53.03433699208517],[-131.8095390876291,53.03520151064915],[-131.81613930790166,53.036674209902685],[-131.83249319087955,53.038776310260225],[-131.8359413082517,53.03992558992351],[-131.84592790030575,53.03866240094115],[-131.85474791816213,53.039133806637395],[-131.8596965042728,53.03861960595899],[-131.8639738017949,53.03899280231219],[-131.8746016901486,53.03818811029728],[-131.878107701186,53.03839029654594],[-131.88324730425842,53.033149313211446],[-131.88915819270386,53.033221889266805],[-131.8940759073116,53.030251010948696],[-131.89521350716007,53.026059492209455],[-131.89902728269888,53.02533750091054],[-131.90303831758143,53.02130980588984],[-131.90795557826104,53.021027794516776],[-131.91147401247161,53.02256030736892],[-131.91635459874541,53.01841151230589],[-131.91642400998896,53.016584307050586],[-131.9217461073197,53.01567138310034],[-131.92734380181008,53.01555168553896]]],[[[-131.6900730891243,52.732686611969775],[-131.69231790034763,52.73259981350124],[-131.6992214961366,52.727811596805616],[-131.70420400735557,52.721438188205035],[-131.70508968814394,52.71900849206649],[-131.71236158780712,52.71829359695501],[-131.71465230670492,52.71607469754054],[-131.71827699542652,52.714327200469185],[-131.72140378947003,52.71081081102177],[-131.72165081719268,52.70837819694029],[-131.7267198151742,52.70890800745704],[-131.72966729078593,52.707267393891684],[-131.726705819862,52.70515950039518],[-131.71936959449073,52.697890412256285],[-131.711148197322,52.693250297840905],[-131.70860137753067,52.690601298130304],[-131.70334610332645,52.68720590394307],[-131.70021529542691,52.68420230046347],[-131.69432369950547,52.6803256010125],[-131.68998111464222,52.67852680777199],[-131.68519190007865,52.67450768802165],[-131.678652294853,52.6701496044027],[-131.67164331648664,52.669706692501116],[-131.67076941080126,52.667019206884646],[-131.66647119893767,52.66636978588765],[-131.65987518308043,52.66297439170117],[-131.65573340672185,52.65982118680618],[-131.65500880909332,52.656626708717276],[-131.64605519615358,52.651612104536916],[-131.64273001657395,52.65190260604942],[-131.6390944010895,52.64924930163683],[-131.6403706049239,52.64685670611683],[-131.64555078909942,52.646964889210636],[-131.6495258008622,52.64813561137666],[-131.6525417041353,52.65057670543285],[-131.66345439871597,52.65228290464256],[-131.66479769121062,52.64836778836247],[-131.66357427943936,52.64086929609513],[-131.6626409879477,52.63892099383724],[-131.65855187916478,52.6363231927261],[-131.65700209876027,52.6329322072537],[-131.65374019024662,52.62933600370633],[-131.6534056079135,52.62774378622498],[-131.64740958485922,52.6228957998138],[-131.6424113947909,52.61966281288241],[-131.63976658602095,52.615729099087446],[-131.6364238878328,52.612701300086435],[-131.63322559183226,52.61109900660916],[-131.63168188539524,52.607806292002905],[-131.62589041500158,52.603069401077036],[-131.62323298786754,52.59790370902663],[-131.61879171017566,52.5945227080721],[-131.6173152038643,52.590571888728675],[-131.6113733263701,52.58774340270648],[-131.61026910350617,52.58552880399539],[-131.60635220921395,52.583485095690655],[-131.60098129524962,52.58252371381747],[-131.59441900727276,52.58265899434458],[-131.59046159982182,52.580613795629766],[-131.58347261098004,52.580038489365386],[-131.57923700095503,52.58228020377957],[-131.5769287024806,52.58495628761664],[-131.57801599247927,52.588906999405836],[-131.57705751709827,52.59171560113272],[-131.57736317735316,52.59590839940708],[-131.58098810433316,52.59901319972775],[-131.58536732198613,52.60541930096612],[-131.59411638772892,52.6124933035123],[-131.59843678777983,52.61485330496656],[-131.60282719583813,52.61614220879248],[-131.60746300312613,52.61908889699406],[-131.60795021343623,52.62105570025625],[-131.61210611429397,52.625325505609965],[-131.61297749250195,52.62830921069959],[-131.61757781337,52.631832704308835],[-131.62219310857841,52.63315010430849],[-131.62387148712034,52.635028601409374],[-131.62111430671186,52.636115295820915],[-131.6171551110192,52.634440390964414],[-131.6104036202056,52.62951689692892],[-131.61042927573445,52.62846439632036],[-131.60540769885495,52.623018286405255],[-131.59989778484154,52.61982090304048],[-131.5961715232853,52.6150384017345],[-131.5867533183726,52.60738470075531],[-131.58192120353232,52.604603191619844],[-131.57739049648848,52.59963988814658],[-131.5681418993439,52.593770712083774],[-131.56194969206794,52.59242049507124],[-131.56067009728307,52.59504820313703],[-131.5523198042569,52.59492289482279],[-131.54974401706082,52.59584150743735],[-131.54630551331243,52.598675705783165],[-131.5501104917594,52.60290130947171],[-131.55342391648225,52.605014791578526],[-131.56040572315723,52.61380220335527],[-131.56425691857086,52.615491302693975],[-131.56607359994305,52.617500905734076],[-131.57105058699528,52.62047750112528],[-131.57439719206286,52.62135901378706],[-131.576739903831,52.623501100316574],[-131.57967171080776,52.62311369747141],[-131.5814469231987,52.62589940138196],[-131.58438351193408,52.62784059147595],[-131.58978428493262,52.62796450286137],[-131.59416960945535,52.62914660736996],[-131.59985841724202,52.627870501494016],[-131.60542369784062,52.63102089694199],[-131.60197639677014,52.63442468637954],[-131.60626201765353,52.63739569655177],[-131.61634121109563,52.63936818835178],[-131.61444420423175,52.64349268322068],[-131.60887550258082,52.64456798398244],[-131.60340432187442,52.64379889861564],[-131.59556848286255,52.64105729188139],[-131.590710804376,52.641397683688005],[-131.59088380366393,52.646798296285326],[-131.59597859662216,52.64995010328853],[-131.59954108147505,52.65367580375209],[-131.60240078990122,52.65502589943059],[-131.5971740850716,52.65716369973995],[-131.589833593019,52.65207210653064],[-131.58266291233264,52.65081739550929],[-131.57897440544752,52.65119478729535],[-131.5687645956402,52.64727109950877],[-131.5659170019734,52.64737789202515],[-131.56208179844307,52.64551788945645],[-131.55918869575635,52.64305400098066],[-131.5550995138896,52.64110999516501],[-131.55061038164925,52.63564099696996],[-131.54683549244913,52.63526360668074],[-131.5396335833824,52.63164039346292],[-131.5347915062897,52.62483840698857],[-131.53185228956218,52.624325697381444],[-131.52662212848224,52.61998610099497],[-131.52003549731853,52.616431285556054],[-131.51646431196258,52.61627320915113],[-131.51330630415248,52.61761761194439],[-131.5103167852447,52.6172488044295],[-131.5072218960325,52.61844800070642],[-131.50253339535547,52.61809760068102],[-131.4999772843105,52.61910449964799],[-131.49102788888803,52.62075950719838],[-131.47796450647363,52.61943209111059],[-131.47276629899218,52.62051159275223],[-131.46930597454775,52.623083798166874],[-131.46493418126195,52.6238855972241],[-131.46334590391257,52.625618898713334],[-131.46449530944386,52.62896719378063],[-131.45998010899658,52.635965708767145],[-131.45784511289318,52.64690940338852],[-131.45580478823223,52.65111510349549],[-131.45571431501267,52.6537242062984],[-131.45902362780026,52.65762080037636],[-131.4587833173364,52.65914619483044],[-131.463736909572,52.663062704232246],[-131.46174449413485,52.66576591228527],[-131.46171189680842,52.670468598029686],[-131.46427207876968,52.67312189423926],[-131.46357328857883,52.67461170168466],[-131.4595427155831,52.676340693157876],[-131.4576197825386,52.67584219646559],[-131.45265867967166,52.67865069439718],[-131.44699691936003,52.680826903152784],[-131.44403190955,52.68417948798045],[-131.43962679790943,52.68533168517579],[-131.4405769906919,52.687479410869614],[-131.445712406663,52.68909020571666],[-131.45035699895385,52.687727192295114],[-131.45461371486311,52.690282200628445],[-131.45139201229463,52.6916894090588],[-131.44655859399964,52.695493414354985],[-131.4472364771961,52.69779919972442],[-131.4422904147562,52.70096810160235],[-131.44175059990042,52.704000195849986],[-131.44318289886138,52.708987789677586],[-131.44479991533046,52.71140040404544],[-131.45049691492522,52.71557190539007],[-131.4559645211527,52.71724819888637],[-131.46070268800963,52.71775238943065],[-131.46753408168183,52.72046119762876],[-131.47145880617006,52.72280690541597],[-131.4809852984599,52.731222596730454],[-131.47944289564728,52.73354829431933],[-131.47667609686704,52.73464918451838],[-131.48096399629378,52.73660038965442],[-131.48417169000555,52.73489698869333],[-131.48816822372612,52.73848179689389],[-131.49715138607533,52.73755459797902],[-131.50133252369204,52.73474180139683],[-131.50869898926436,52.73249149696105],[-131.51245848876192,52.73271800180774],[-131.51614370721697,52.73032820112514],[-131.51992229843768,52.729583299689416],[-131.52546531247782,52.72683030824037],[-131.5273619184063,52.724541595329505],[-131.53206831372086,52.724998803227564],[-131.53432822366642,52.72311600150486],[-131.53485940889115,52.719237795835355],[-131.54081059863972,52.71409360203385],[-131.54386800987223,52.71371189461286],[-131.54388728909285,52.71150869747589],[-131.5488638014487,52.70695118492017],[-131.55165651852343,52.70153210676989],[-131.55497849651903,52.7003712868298],[-131.55461929848985,52.69577540267991],[-131.5522980879675,52.69225619946863],[-131.55067129496973,52.68540290907708],[-131.55291370148734,52.68274670514302],[-131.56118178910464,52.680957910040036],[-131.56576690964113,52.68116449654193],[-131.5644737108187,52.68358559458741],[-131.56115479634252,52.68577889268901],[-131.5618895818042,52.68947759375371],[-131.56538071532628,52.692260503409486],[-131.5661525996585,52.69530108443837],[-131.5702446798047,52.69970910016346],[-131.57409861063937,52.69957088655911],[-131.58229121012937,52.700912495670465],[-131.58340367442227,52.70297479614164],[-131.59069172362524,52.70678170291231],[-131.59267379209714,52.70576621073183],[-131.6029413905629,52.7041653913797],[-131.60893179178052,52.701084893141925],[-131.6176502036189,52.69492089256648],[-131.61986289855042,52.693811398414134],[-131.6216049997641,52.69024810531884],[-131.6317238206257,52.687227304790106],[-131.63923029118783,52.687805487736085],[-131.6405696151988,52.689637090570706],[-131.6466410019038,52.69287428940323],[-131.6425949989247,52.69426010353157],[-131.64099639691128,52.69621120800498],[-131.63433059884935,52.699550992399544],[-131.63071280687845,52.700701806158065],[-131.6274096188062,52.704363401135],[-131.63364791767572,52.70716479926905],[-131.63620581246485,52.70759350048141],[-131.64538199513635,52.705833196808136],[-131.64890079300943,52.70600691347583],[-131.65727521615395,52.7051893923584],[-131.66460089928717,52.70514238554632],[-131.6759397970326,52.70220709210809],[-131.6765860991651,52.700690407550226],[-131.68327660697366,52.69825498759597],[-131.68586090010098,52.70155059732272],[-131.6820919928178,52.705736292122864],[-131.67945790765953,52.70744249339395],[-131.67805067780878,52.71275199544444],[-131.67636741765875,52.714022406401156],[-131.67017068484952,52.71512469112289],[-131.65882341489663,52.715784091931404],[-131.64451067858948,52.71516029296525],[-131.6419799152805,52.71590950119119],[-131.63003899507927,52.716578792294385],[-131.62230247781358,52.71569869491238],[-131.61603220087952,52.71708728549023],[-131.6144465123467,52.715818292240705],[-131.61004871027228,52.71507909468383],[-131.6019816025191,52.71564310492059],[-131.59666399833603,52.71462629556166],[-131.58813760096044,52.715415284969986],[-131.58066452283236,52.71448100326358],[-131.57713349419373,52.71637520187389],[-131.57979271137873,52.72077739098038],[-131.57820900744025,52.722835397026834],[-131.57498319807792,52.7241370942158],[-131.57824708378945,52.72573789733397],[-131.58583721775037,52.72631899624534],[-131.58790980460742,52.72780301181028],[-131.59361190917988,52.72680608626937],[-131.60190779583323,52.72809070767429],[-131.60697051371952,52.72950779120754],[-131.61315359210272,52.72961459002454],[-131.6185165057042,52.726672208824894],[-131.62860292818414,52.72569380062111],[-131.63227391662144,52.726646599777965],[-131.6353598004161,52.728925309758196],[-131.64185988599596,52.727664900411234],[-131.64783930132268,52.727593702313214],[-131.65061770165636,52.728935290750165],[-131.6546568900602,52.72888120388729],[-131.66203291846313,52.73153019967278],[-131.66766007727148,52.73270659948728],[-131.67944380343178,52.733771896073485],[-131.68207961530598,52.73206710622023],[-131.68654460892333,52.731705386003554],[-131.6900730891243,52.732686611969775]]],[[[-131.11472379255764,52.15189259279134],[-131.11725029311137,52.1506052055694],[-131.12047130650612,52.14516178641936],[-131.11968097434348,52.14331459873372],[-131.12357138496455,52.13935960699718],[-131.12393729404496,52.13690711304984],[-131.12150628088165,52.13343489617383],[-131.12371389825174,52.13220860844441],[-131.1231506862886,52.12898139064547],[-131.12622351793027,52.125392400634425],[-131.12512979929403,52.124233096937004],[-131.12570049576567,52.12087759076613],[-131.13149518264208,52.11923550392856],[-131.1311426246779,52.115528301757195],[-131.13195831995247,52.11302310549413],[-131.13122610605467,52.10929449681844],[-131.13272721527622,52.10342249447479],[-131.13219309465302,52.09987199582488],[-131.12790041044016,52.099552888003025],[-131.12362059095977,52.09829108914585],[-131.11990169650304,52.095938294142954],[-131.1168388925528,52.09198328826234],[-131.11242117907753,52.0883942955672],[-131.11219691699895,52.08056539185674],[-131.11376340648246,52.077597305137786],[-131.1176162980755,52.075413994739726],[-131.11581739439927,52.07196740386103],[-131.12674418248446,52.074981097127306],[-131.12968900529282,52.073650911766435],[-131.1256308998445,52.071196907112366],[-131.12123597864635,52.067418496753426],[-131.1113970856419,52.06951919354893],[-131.11214110689696,52.06329258634459],[-131.11329078884285,52.059854495656054],[-131.11276599309028,52.05767829350034],[-131.11454360113495,52.055794088919576],[-131.1083418999317,52.051121313304535],[-131.1056490087552,52.04780710277606],[-131.10565701049777,52.04550418843084],[-131.10208649270288,52.04370689128324],[-131.10347769598616,52.039149406054456],[-131.1018025074997,52.03699450655922],[-131.09593739643694,52.03724380663191],[-131.09090098613436,52.03526409807215],[-131.08748558834804,52.039578093732096],[-131.08111240129867,52.038900112655405],[-131.082693285845,52.03462749600267],[-131.08110659311853,52.02875690252056],[-131.08174209623397,52.02546269137337],[-131.07856008475602,52.02506959344676],[-131.0768743992236,52.02298599191848],[-131.08325438788518,52.02067880141845],[-131.07916860784363,52.018683497242215],[-131.0778772281898,52.01662840203377],[-131.08003009367448,52.0130663912109],[-131.0824144126692,52.012969600356655],[-131.09526440661423,52.00603368830523],[-131.10254218855104,52.00587700561246],[-131.10472128057165,52.0041479966351],[-131.1083684939491,52.003326215116395],[-131.10897467678254,52.00166129533544],[-131.10361401497175,51.99890689851275],[-131.10356410590427,51.99659688991056],[-131.10073078281488,51.99550450626217],[-131.0934936177767,51.99647860626036],[-131.0903982812087,51.995706702638756],[-131.08838349964003,51.99153380213145],[-131.08644730670434,51.98497670929931],[-131.08922341082572,51.983336002629635],[-131.0852573051337,51.981023104678094],[-131.08594888488884,51.97990509804061],[-131.08113988383016,51.97702250613417],[-131.08050879596854,51.975639599080736],[-131.0756263132085,51.972399505516066],[-131.07566238415419,51.970042503876094],[-131.07161229349575,51.969007087163234],[-131.06616142514082,51.96476009898644],[-131.05969009795396,51.96333589986456],[-131.05877300308543,51.96209248487426],[-131.05141228227274,51.95933530003531],[-131.05326759395663,51.95720749224411],[-131.05011258357703,51.955086798104375],[-131.04915128697138,51.95280099529508],[-131.0450193057583,51.95347458881961],[-131.0377463771411,51.95260299750398],[-131.03308540402261,51.94899690184723],[-131.03040538492579,51.94923190461035],[-131.03261039417086,51.944932191582716],[-131.02981799005465,51.94299248930496],[-131.0250595161338,51.94203970026808],[-131.02350872079737,51.94378429776262],[-131.0139511932508,51.94449639795573],[-131.02180728453166,51.95029719457168],[-131.02087921376835,51.95133829625676],[-131.02518018646637,51.95406140499749],[-131.02853218323114,51.95483049112836],[-131.02967511713373,51.95723879450043],[-131.0360307792386,51.95907179919956],[-131.03648447998816,51.960394900877446],[-131.04201109015324,51.96416479496533],[-131.04204471729042,51.968077103878215],[-131.03884089483606,51.9715849108395],[-131.03448050559257,51.97466400861299],[-131.02927589637807,51.973567410871304],[-131.01961628727904,51.97274419454649],[-131.01463581102956,51.974681091787915],[-131.00860429050897,51.97589030254675],[-131.0107778026096,51.98055599241298],[-131.00963918622958,51.98342719879302],[-131.0164913845319,51.98811999651733],[-131.02331209669163,51.994333813159244],[-131.0265314030317,51.99628348692754],[-131.03082220731196,51.99711808776146],[-131.032957907178,51.99891550133113],[-131.03978581391877,52.0106851089093],[-131.0443850091673,52.012476801341315],[-131.04735270322325,52.01266760786937],[-131.0513630862732,52.01430550951331],[-131.05745737315442,52.02008919503687],[-131.05645939260336,52.023119895616645],[-131.05218830665137,52.026629196968486],[-131.04898880907888,52.02744100041582],[-131.04054780363134,52.02642690708539],[-131.03869681004966,52.02547838836836],[-131.02637668460366,52.02251750706352],[-131.01726780416095,52.01896830399376],[-131.01201570233957,52.01431118789213],[-131.00696809148312,52.01195980247306],[-131.00220861086908,52.00782388723315],[-130.99681200486347,52.00575738126412],[-130.99098010359793,52.00732110837481],[-130.989331703379,52.00858158592494],[-130.98546727761027,52.00619180100983],[-130.98201749942874,52.006285711367894],[-130.98160750408633,52.00822549843946],[-130.97746899830005,52.009220999134094],[-130.97710048888106,52.011089598947464],[-130.98703329043616,52.01491498805631],[-130.9932259170312,52.01651869318909],[-130.9945020800819,52.02029999843736],[-131.0026370010385,52.022950401779646],[-131.00471469619623,52.02542429373212],[-131.00918281304502,52.02459249485401],[-131.0138736991805,52.0271191027851],[-131.01906989374183,52.02792089740676],[-131.0319384164744,52.03362630164012],[-131.03776519645947,52.03415468711725],[-131.04298538778977,52.03545779531168],[-131.04806800362277,52.03755428473288],[-131.05413682072162,52.037646803738504],[-131.05864708767987,52.042190090828484],[-131.05820989299497,52.04537171032763],[-131.059763606408,52.04645980480742],[-131.0603249240018,52.050128601556736],[-131.06533321324187,52.0530796015021],[-131.06880468407525,52.05689500593629],[-131.069202912439,52.06042140665376],[-131.07236781166586,52.06262320511652],[-131.07350850426357,52.06960750979086],[-131.0721113999658,52.070954786481984],[-131.07334629383917,52.07431311025876],[-131.072685701103,52.076106210425394],[-131.06385270805922,52.079200998440626],[-131.05447870378762,52.072440290827664],[-131.0526196987725,52.06722201367685],[-131.0492775939161,52.06366571596509],[-131.04371721193678,52.059841696920095],[-131.04133922101428,52.056276898044814],[-131.03324288825198,52.052729200550594],[-131.02922509537913,52.053248995429854],[-131.02607819376286,52.05588380799093],[-131.02796177255016,52.05948419644317],[-131.02869859925303,52.064480411316424],[-131.02431722294492,52.068268797053],[-131.0207320122212,52.069338293527174],[-131.01066559805867,52.0673871918953],[-131.00428419844542,52.06434079401265],[-131.00180911356398,52.0625120991275],[-130.99230280105203,52.05840181256058],[-130.9859486900271,52.060145103706546],[-130.98144309310285,52.06318860063718],[-130.97998620054133,52.06784441042126],[-130.97668569618767,52.06907769394327],[-130.97361768713358,52.068985108149],[-130.96815837473594,52.066964196502255],[-130.9650628841427,52.067896992411605],[-130.96287111321138,52.07113428903019],[-130.95347640000392,52.07188338652907],[-130.94953429021857,52.075150509156096],[-130.95082110564346,52.076217286246255],[-130.9460400853481,52.07869679090475],[-130.9393710011777,52.07806020923941],[-130.93961622164298,52.080690703640734],[-130.93619019440956,52.083148911522784],[-130.93811000414743,52.08768499372942],[-130.93657877377672,52.09347439754827],[-130.94137860395506,52.096379810396],[-130.9436775917056,52.09554240912276],[-130.9470327975825,52.09848049851519],[-130.94684022484626,52.10044450159058],[-130.95045902539692,52.10241700096111],[-130.95099170053962,52.10526829206481],[-130.954750714231,52.10470149652109],[-130.95834027957832,52.10232159618523],[-130.9609921796637,52.09820419347955],[-130.96442242014507,52.0951620975069],[-130.96988079164745,52.096797087829145],[-130.9718997124739,52.0995700037267],[-130.97615070769913,52.100226584797454],[-130.96800588744512,52.10364469165411],[-130.96989049541105,52.10631081378702],[-130.973226410937,52.10610289917895],[-130.97293690765255,52.110163284295666],[-130.97839960597702,52.10946828278244],[-130.97866899166223,52.10799850079259],[-130.9853684131291,52.10558450918002],[-130.98734930910896,52.10351788936694],[-130.99262089729362,52.10155818732645],[-130.99682327534506,52.10248539614189],[-131.00083678924213,52.10436959698724],[-130.99724600468065,52.10737898256988],[-130.99723008628726,52.11122860650707],[-131.00251039645735,52.110428200053654],[-131.00356169461466,52.10555460679672],[-131.0028967140897,52.099172698047674],[-131.0016755017501,52.09573179659807],[-130.99778989636522,52.09175109070445],[-131.00174769647998,52.0901646062429],[-131.00605261504515,52.09597110049868],[-131.00811972290634,52.10005430450413],[-131.02024489586134,52.099218300361684],[-131.02176708426117,52.10061259946409],[-131.01415510928814,52.104385287070095],[-131.01712680516704,52.1084614064999],[-131.0164898724082,52.11117019520037],[-131.01770989276278,52.113918899004],[-131.02487050685332,52.117221687041784],[-131.0316429151833,52.118391003752905],[-131.0467280027156,52.11828269765071],[-131.0497024062989,52.12041621154451],[-131.0527402121353,52.125462197634036],[-131.0572280859034,52.12361210546094],[-131.06136620051296,52.124960807224994],[-131.05110951427494,52.12687500078716],[-131.0502886030758,52.13000110620456],[-131.04694870001947,52.12949270447445],[-131.045907808205,52.126561699882764],[-131.04305590771747,52.1271057032596],[-131.0365418076395,52.12426009353667],[-131.02758651224724,52.12267779015122],[-131.0223849030683,52.122965510016186],[-131.0235493995339,52.12515739663061],[-131.02934540742484,52.1256872066525],[-131.03159848708603,52.12835469635245],[-131.03832939308774,52.13175570830822],[-131.03896940089223,52.13327249937402],[-131.04362739383856,52.13545871570151],[-131.0457967900574,52.1378485028196],[-131.04948779257245,52.13929549516727],[-131.04760300757457,52.14154860020245],[-131.04734789034796,52.14487129638424],[-131.05138229247981,52.14552928912191],[-131.05118740655845,52.14767270588611],[-131.055758678194,52.14980620209077],[-131.06125638834473,52.14916960956595],[-131.07440357695125,52.1531031937187],[-131.07737110990723,52.15279840902469],[-131.08230629232054,52.149205200315755],[-131.0878666817157,52.1486923976887],[-131.0981530923523,52.15262900325588],[-131.10332200897028,52.15408309426852],[-131.11078087931494,52.15168330154552],[-131.11472379255764,52.15189259279134]]],[[[-131.3495881970001,52.42890848937213],[-131.35138298283712,52.42917769729894],[-131.35598771820003,52.42557010451235],[-131.35598929087521,52.4198149102153],[-131.35937599310375,52.41769710459476],[-131.36301860646938,52.41677990252256],[-131.3669274893083,52.420010011727314],[-131.37075351849936,52.418971801110786],[-131.36867378998485,52.41255710931743],[-131.3681103907813,52.406138211757884],[-131.36394009667163,52.400736185629256],[-131.35859141233308,52.39641090629008],[-131.35540499764937,52.39148308822321],[-131.35570140650745,52.38822170398088],[-131.35350002629235,52.383850799545826],[-131.35343041858437,52.3767481949195],[-131.35211170555033,52.36962579269698],[-131.35093640011502,52.36713060338067],[-131.3508474053984,52.36021740525621],[-131.35019639734494,52.35873770286346],[-131.35252151458198,52.355499005514325],[-131.34995599471736,52.35255660398235],[-131.3442619033192,52.353442498084576],[-131.34319489721403,52.35077489242341],[-131.33528960912756,52.342864896682826],[-131.33339607106106,52.339009496495535],[-131.33358439673276,52.33142560443767],[-131.33160260029024,52.327776789247814],[-131.32772108580366,52.32543540446959],[-131.32322089394464,52.326341189176205],[-131.3174693935239,52.32497108857796],[-131.31654408483237,52.328648408058],[-131.3138271951002,52.328585797534956],[-131.3137463915756,52.332130603098605],[-131.31000637734076,52.33387530048662],[-131.30792888605828,52.33905940460937],[-131.30817339941422,52.34148341487351],[-131.30691061747402,52.34518629393647],[-131.30846079310888,52.34814159223306],[-131.30623679881344,52.34998308432894],[-131.29835540354512,52.348067508992706],[-131.29434820199666,52.34557371235815],[-131.28567078657997,52.34641688917743],[-131.2780131931405,52.34482889147992],[-131.27327018633383,52.34653930966814],[-131.26891718829006,52.346425406800996],[-131.2668960229492,52.34420650482142],[-131.25924559651298,52.34795068978115],[-131.2633467114196,52.3491669901372],[-131.26234537996942,52.353456692813666],[-131.26440031266497,52.35454200159999],[-131.26362738806986,52.35783899717812],[-131.26050319563893,52.3596519923414],[-131.25986531901296,52.36354870535601],[-131.25586228457402,52.36654809169851],[-131.24995890167088,52.36978959985051],[-131.24470748577704,52.37197569435871],[-131.25180298123198,52.37250689796219],[-131.25964229724684,52.37011711108864],[-131.27429557545582,52.366509598959254],[-131.2774487881806,52.364982809539775],[-131.2833914974112,52.364292112403625],[-131.28378281572319,52.3676118985366],[-131.28127540341745,52.36970128461446],[-131.2829274074094,52.37098300043302],[-131.2769493010109,52.37383151095131],[-131.27618429694343,52.37722819410333],[-131.28194860132567,52.379337510379656],[-131.28774241875988,52.37998970368366],[-131.29247148295943,52.37823510584063],[-131.2949345040708,52.37501208567989],[-131.29457551900512,52.37261800245722],[-131.2912744123169,52.37043470931065],[-131.28822079276486,52.36707638942846],[-131.2933417192407,52.36498999927497],[-131.29601359481399,52.359291714637095],[-131.3050056835621,52.35906239201059],[-131.30672001670612,52.355872193433676],[-131.30880280257597,52.35499489230537],[-131.320830692438,52.35440951467978],[-131.32178360775325,52.351890110202284],[-131.32482668614313,52.35165079574423],[-131.32726751095004,52.3531135031683],[-131.32688480315164,52.35478409331826],[-131.3217962026329,52.35771649723525],[-131.3148253989443,52.35894140731115],[-131.309575400012,52.361634510720144],[-131.30644800836595,52.36504120678874],[-131.30718572387568,52.369325300739874],[-131.30534189488236,52.37004451588736],[-131.30333318635903,52.37350959279692],[-131.304916502675,52.37682369172096],[-131.30358041170356,52.38360298995836],[-131.3005032978867,52.38744830198099],[-131.29272989429856,52.392599711243435],[-131.28890520824567,52.397349407532],[-131.28270431531422,52.39851160304871],[-131.27641878303953,52.40178009846069],[-131.27198399956356,52.40304340138156],[-131.26504238841588,52.40757378981505],[-131.2648077146934,52.41191339562654],[-131.26705471140596,52.41411809682202],[-131.25420469945462,52.41764578715753],[-131.24775378545067,52.42095139130643],[-131.24848241817892,52.422224703453],[-131.24441881418923,52.42447780085185],[-131.24538579903435,52.42644599047253],[-131.24279261217288,52.43009200731478],[-131.23843167898994,52.433736592868996],[-131.23826330058623,52.436517992153384],[-131.23568861255012,52.44001868784968],[-131.23695790669427,52.44356499565985],[-131.2424610042145,52.44702160874242],[-131.2443330073089,52.44623108496322],[-131.25331259052797,52.448307603896765],[-131.25948838733143,52.44820789579779],[-131.26474141145042,52.4490610051524],[-131.26744011541285,52.44798429407066],[-131.2748340804298,52.44869650280146],[-131.27781229903155,52.447668185641994],[-131.2843531256694,52.449204901276104],[-131.29062578461344,52.44670110542421],[-131.2953735011323,52.446617097683045],[-131.30240648778016,52.4431989979684],[-131.3033722986246,52.44169651215626],[-131.30734699822185,52.44000880652553],[-131.31182691040357,52.44099999220614],[-131.31383680539844,52.437507886080105],[-131.32650170435022,52.43632429516965],[-131.33467819538598,52.43153189884214],[-131.33977590288063,52.426683884410735],[-131.3476486173553,52.42701289992131],[-131.3495881970001,52.42890848937213]]],[[[-131.80589819191155,52.84434178810698],[-131.81205040491923,52.84578739435113],[-131.81680778851612,52.84560370770747],[-131.82552418612852,52.84627729147252],[-131.83449751837708,52.84767300086124],[-131.84036210603082,52.84670460783881],[-131.84688030156585,52.842807905817295],[-131.84919102114895,52.8402343950523],[-131.8476017093729,52.83522830617884],[-131.84480627650595,52.83383829931227],[-131.8438908189673,52.83184579795812],[-131.84052011147867,52.830046993547064],[-131.84078559731023,52.828647003070834],[-131.83721317743417,52.82690660205961],[-131.83598598607057,52.82333899888363],[-131.8316337076549,52.82147328573069],[-131.82996299532365,52.818851289557564],[-131.81762927404912,52.81586329454326],[-131.8138002793008,52.814524592131356],[-131.80958219193568,52.814678386919546],[-131.8017050907362,52.81358740620829],[-131.79501599853253,52.813457802884656],[-131.78931567278056,52.81505719668637],[-131.7807001987528,52.81423400323333],[-131.77239531177867,52.814815100241546],[-131.76805900803262,52.813594592802474],[-131.76251679777693,52.813976203505284],[-131.7574986146794,52.813023493395875],[-131.7461106046908,52.80891600408114],[-131.73460012517464,52.80759150346762],[-131.72710251033024,52.810146506455816],[-131.7184497092688,52.81131580331959],[-131.71046138441972,52.81365720199682],[-131.7079419898822,52.8148834968296],[-131.69395150788523,52.8168844849396],[-131.6813198907747,52.8219546871775],[-131.6750545989988,52.82530581046311],[-131.67156778378197,52.82607629979407],[-131.66214531643794,52.830524099301755],[-131.65582380866553,52.83104401091171],[-131.65298489616495,52.83001849113034],[-131.64838920399578,52.83137149115959],[-131.64504580950222,52.83350500396266],[-131.64919638111445,52.83899679387157],[-131.65287830731023,52.8407043936213],[-131.65662129992612,52.84096219828639],[-131.6609179085318,52.8400649090474],[-131.66760007369106,52.84125559767315],[-131.6736317773847,52.84153330080772],[-131.6769257787802,52.84100919395569],[-131.68651738127076,52.84146629698736],[-131.6970053191547,52.84341470451875],[-131.70440007741365,52.84174410226986],[-131.70984181817684,52.838481197260926],[-131.71878931721105,52.83530089777089],[-131.72824820767755,52.83529950149101],[-131.73594268576443,52.83650719164001],[-131.73831461109344,52.83881729188282],[-131.74559312134076,52.83812799500549],[-131.75327311188278,52.84262559553217],[-131.758045694115,52.842037413490544],[-131.75778338660942,52.84516500119323],[-131.7470205179134,52.84241910042869],[-131.7446735129264,52.843102693396645],[-131.73675999679537,52.84242341366786],[-131.72754509250262,52.84019879161015],[-131.72487361595628,52.840708697279766],[-131.72168711796456,52.843624006285694],[-131.7212010719413,52.84559509631237],[-131.72309039448703,52.84921260941161],[-131.72671508121934,52.85301380212101],[-131.73939959281532,52.85675950894272],[-131.7460592842263,52.857531407604725],[-131.75118461155455,52.86058638812317],[-131.76045718353586,52.85991270064134],[-131.76134061181523,52.85835458690402],[-131.7679449113142,52.85568280459711],[-131.77109812141796,52.855043302326045],[-131.77451408330634,52.85293119386109],[-131.78800061354107,52.84826269575886],[-131.79366390043825,52.84765171366383],[-131.80199661276833,52.845791690061944],[-131.80589819191155,52.84434178810698]]],[[[-132.58476259590944,53.15208779727173],[-132.58683808743828,53.15051269033231],[-132.58334700269032,53.148256702722406],[-132.58860319888635,53.14758019156084],[-132.58728322042572,53.14392140222848],[-132.5834928907603,53.143233500221086],[-132.5870244990665,53.13868318458815],[-132.59241770400297,53.13606830558755],[-132.59518209331648,53.13211331173164],[-132.59499479828392,53.127685410254706],[-132.59303428082987,53.124535093372465],[-132.59071677650013,53.12295139359234],[-132.584720787291,53.122955599937534],[-132.57942837868524,53.12219080175095],[-132.57397379417725,53.119778205622936],[-132.5668058174889,53.11966860334831],[-132.55961280131686,53.117381301900856],[-132.5539774925256,53.112903597400695],[-132.5506840052031,53.11249479337123],[-132.5508199819426,53.10931450221271],[-132.54593079097904,53.105976189117186],[-132.54276839657152,53.10509319597156],[-132.5345460027743,53.1059661944843],[-132.52616292441837,53.104929402850516],[-132.51682748214085,53.106712497730406],[-132.51101459382366,53.10516149357179],[-132.50222758110365,53.10542650047997],[-132.48997120722836,53.10448500875093],[-132.47792490203108,53.10481550536296],[-132.4614120851588,53.10308790041038],[-132.45437112234663,53.102919805179376],[-132.44969759504772,53.10388121431769],[-132.44607260347325,53.10552901260936],[-132.43956020258636,53.106010381908],[-132.4268634805129,53.104440903833485],[-132.4211313830601,53.10335419268952],[-132.41307439552037,53.10294550157607],[-132.4080026895175,53.103798606557724],[-132.40313191097366,53.1037728990622],[-132.39594692086632,53.10549480399422],[-132.39317070372968,53.108158103826675],[-132.39532430018704,53.11406858309711],[-132.39506969184643,53.119242713206546],[-132.3975116073676,53.12091470976298],[-132.40062829326175,53.12644919801114],[-132.4051440951003,53.1271868888009],[-132.40861839256715,53.12881769105292],[-132.42139850720488,53.127863393293076],[-132.42673960934803,53.12903979096571],[-132.43265961124848,53.12930328917072],[-132.4364648981101,53.12838609183724],[-132.4451730979433,53.128501508907156],[-132.44808059407825,53.12737781610517],[-132.45492071488002,53.127748108427056],[-132.46017760230552,53.125792705753234],[-132.46757991827207,53.1255106976951],[-132.46832779852033,53.12421320543576],[-132.47335859691927,53.12485981201549],[-132.47776147988324,53.123703301983646],[-132.47961228480065,53.12552349887666],[-132.4830317196372,53.12635089843333],[-132.4898922082855,53.12558758978698],[-132.4915115119394,53.124731597915826],[-132.50056310496632,53.128977202271564],[-132.50557470889564,53.12916380640178],[-132.50845402014986,53.13160629463024],[-132.51565620186406,53.132718583428044],[-132.5244722735096,53.13645429835047],[-132.52715518942608,53.13633890795311],[-132.52889950732657,53.13407299345497],[-132.54962429629245,53.13928560662334],[-132.55671091177894,53.142730794551376],[-132.55859869948182,53.14634831080564],[-132.56320339465017,53.14687379309073],[-132.56700389839844,53.14923658380754],[-132.5712748906782,53.150699196691505],[-132.57634642517786,53.15012809906309],[-132.58476259590944,53.15208779727173]]],[[[-132.3789807114024,53.00534729330896],[-132.3789676134332,53.00360259449349],[-132.37215799271345,53.00084530063522],[-132.37196580523977,52.99933000588395],[-132.36765638780585,52.99865919359049],[-132.35838209921187,52.99285981207338],[-132.35717368983882,52.99114219191704],[-132.35326538933785,52.98901440289334],[-132.337713590746,52.99063660170418],[-132.33414967911565,52.98681550116209],[-132.3299102886853,52.98425610131341],[-132.32065010134906,52.97718780496205],[-132.32709429318638,52.97510270628782],[-132.32765420474374,52.97326270048695],[-132.33168537626258,52.972382501460764],[-132.33028580334704,52.968286484893376],[-132.33351659657438,52.9671086946215],[-132.33101628836985,52.96537109905596],[-132.3247470073375,52.963179308536134],[-132.31288429795273,52.96501649600693],[-132.3091335992534,52.966145883542765],[-132.29528891298386,52.968906002140855],[-132.28766398671158,52.9700895041275],[-132.28327888855316,52.968766391278834],[-132.28093520981918,52.96980179138136],[-132.27450790317806,52.968475904636506],[-132.26801210840384,52.970179292626995],[-132.25690739496042,52.97123601558775],[-132.25265649615795,52.972019288556716],[-132.24276978291917,52.972186000886666],[-132.23530480997675,52.97409870502061],[-132.22958411194236,52.97480219734858],[-132.22590390581087,52.973862305965305],[-132.21914402596343,52.97593310104921],[-132.21203871724848,52.97681889527033],[-132.2059590070019,52.9761638102166],[-132.19949799327074,52.9774868867645],[-132.19782181812425,52.976915800413835],[-132.1905289829651,52.97885699830894],[-132.19030519629493,52.981387815509855],[-132.19362982032322,52.98202439491421],[-132.20331071370623,52.98532709074214],[-132.20554920262566,52.987340997784486],[-132.21105348702636,52.98866550601863],[-132.21601849143892,52.993251506609916],[-132.2218886767355,52.99348790092736],[-132.22661410657832,52.99488358793349],[-132.23399919357414,52.99615400937104],[-132.2390485258158,52.99598310226549],[-132.25545731793648,52.99808090416638],[-132.25960241729484,52.99903089727635],[-132.26656021477834,52.99905650649034],[-132.2746423227452,53.000913699237195],[-132.28080371469827,53.001748303068354],[-132.28491891078406,53.00315538775275],[-132.28819841718834,53.0031583058678],[-132.29148529508578,53.00496841269096],[-132.2972381972983,53.00448701191442],[-132.30022041430072,53.005428401473694],[-132.30235120203528,53.003048608904514],[-132.3179727927496,53.00596389802472],[-132.32669050112915,53.00696091318892],[-132.33070890050706,53.00828399134455],[-132.33451010668927,53.008027608327005],[-132.33745171670958,53.00580020229579],[-132.34565168397202,53.005767406614375],[-132.35245480044122,53.007151691164665],[-132.35739940590392,53.00602088648637],[-132.36493820465603,53.00754619890387],[-132.3679189013939,53.00658631146234],[-132.37523942501053,53.006550701026676],[-132.3789807114024,53.00534729330896]]],[[[-131.75131479817423,52.769867093532554],[-131.75708818738735,52.76831180376759],[-131.7526809216094,52.765654199834145],[-131.7512642238212,52.7629354021491],[-131.74827591198073,52.76750139356013],[-131.7417711178468,52.7635691970158],[-131.7379401995683,52.75945749373306],[-131.7327197067986,52.75704208711214],[-131.73002028254237,52.75392159686838],[-131.7245446255371,52.75120560330252],[-131.7201033009221,52.74987828790347],[-131.7110580052704,52.745705284884366],[-131.70748620645622,52.74786440673668],[-131.68963260180084,52.750564809458496],[-131.6826674011489,52.74960630215051],[-131.67756659977758,52.75099910543728],[-131.67139398731572,52.7504010051364],[-131.66875660992568,52.751125887767095],[-131.6577863868121,52.749636201760616],[-131.65484911659829,52.750539093306],[-131.6472552203986,52.75116720332647],[-131.63982609899486,52.749139109330365],[-131.63584439872994,52.748966796262415],[-131.62889658716912,52.750262801825905],[-131.6217955156192,52.7502130060586],[-131.6171717060869,52.74920040306417],[-131.61359750968836,52.74967459170558],[-131.6096110944492,52.75187638972849],[-131.61330420864215,52.7586114848905],[-131.6136135071332,52.76329859315967],[-131.61876630195312,52.76862508810727],[-131.62309299843218,52.770049390655046],[-131.63137037948525,52.77479340341547],[-131.633812987633,52.77497279731139],[-131.64147269553618,52.77831829089137],[-131.6479812822421,52.778758394820784],[-131.65028490529528,52.77737548440317],[-131.67194228980304,52.77388620922179],[-131.67533849430836,52.77460969578659],[-131.68444348264626,52.773675399978345],[-131.6855040853518,52.770881096173596],[-131.68915377456048,52.768766095776094],[-131.6964003105566,52.767991401597136],[-131.7065877054779,52.76848698773563],[-131.71957229520166,52.771795407178175],[-131.72464550716313,52.772282510744375],[-131.74937591343576,52.7718010930238],[-131.75131479817423,52.769867093532554]]],[[[-131.43686819016682,52.56368849430422],[-131.44024998674738,52.56158640818353],[-131.4399548154748,52.55842750675438],[-131.43130068880234,52.55293150762405],[-131.42093421180058,52.55059010487073],[-131.41836990654457,52.55093051164711],[-131.41122478681933,52.55027530072815],[-131.4044452853821,52.54850790138683],[-131.39804459303556,52.54880839816808],[-131.3939926964155,52.54427799647066],[-131.3936259782107,52.54131709407512],[-131.3887000060422,52.54322410709315],[-131.38465791364106,52.542954893507925],[-131.38184019338152,52.54401019851353],[-131.37369049319798,52.54359858700322],[-131.36945061687572,52.545391693466804],[-131.36249910892622,52.54696118781342],[-131.35879618267074,52.54913030635502],[-131.35263379013804,52.55167110153298],[-131.3484231815536,52.555720101047406],[-131.35040859796675,52.55809139303951],[-131.34931081372977,52.568453892389535],[-131.35318428732205,52.56997640247464],[-131.35420617949802,52.57221389632798],[-131.3613497245369,52.57606350241204],[-131.36552159324128,52.57682541495256],[-131.367902027506,52.57961120096121],[-131.36747190106527,52.58150819873512],[-131.3712313104878,52.58196260637852],[-131.37229681239162,52.58583500356101],[-131.37634740444437,52.5840190868089],[-131.38295869811176,52.58236560451516],[-131.38335409486305,52.57958841108011],[-131.38700150277344,52.57687098619408],[-131.38947400359154,52.572945906390196],[-131.39156140500015,52.572525793618986],[-131.39482117512028,52.56976279930389],[-131.39713420783656,52.56914899848832],[-131.4001715828668,52.570445000324874],[-131.4035736815149,52.56792130427341],[-131.40958658145433,52.566414494520835],[-131.41506358513996,52.568083708313154],[-131.4180857007466,52.566132512574555],[-131.42117419633504,52.56619509672638],[-131.42429818251554,52.56879290371149],[-131.4333128039658,52.5637084930875],[-131.43686819016682,52.56368849430422]]],[[[-131.76615178338963,52.75949600575377],[-131.77003789156637,52.759755209403295],[-131.77050099489023,52.753989989736276],[-131.76786568768372,52.740237810422556],[-131.76834489244044,52.739165391924956],[-131.76662449754315,52.73350411249868],[-131.76500699994207,52.73044919275832],[-131.75765581162486,52.72686159420985],[-131.7491944199067,52.721851301900436],[-131.73738608542382,52.71257399466452],[-131.73501350005841,52.71109140055348],[-131.7315893166818,52.71152150294467],[-131.7300653226125,52.71316639859736],[-131.7313804731138,52.71836049553753],[-131.7267888291459,52.72069620201144],[-131.7256185879699,52.72332249891704],[-131.72103890307474,52.7263403844171],[-131.72378110226805,52.72996498578772],[-131.72380412132424,52.731997299206945],[-131.72777869982255,52.73442280232817],[-131.7299776843097,52.73737660568438],[-131.73588579502425,52.7413401149164],[-131.73862860088718,52.74491921287086],[-131.74237418805365,52.74722500559766],[-131.74555189979668,52.75132379294793],[-131.74993261730097,52.75382899787265],[-131.75298839744752,52.753866092554524],[-131.759669392664,52.75802759159742],[-131.7608136814448,52.76206519666265],[-131.76615178338963,52.75949600575377]]],[[[-131.3854147005467,52.46003171462303],[-131.38802507936907,52.45606820056131],[-131.3891033811023,52.452305393893866],[-131.3930259131261,52.45135398934097],[-131.3923411997664,52.44877760763272],[-131.3888944086663,52.44602320725845],[-131.38981340395353,52.44287569550001],[-131.38782840362856,52.43965129901854],[-131.38041089746866,52.43467508877629],[-131.3741719049388,52.434126786144084],[-131.3688819093966,52.43234510018843],[-131.36485881987352,52.43219129777321],[-131.35821718178005,52.43537299286059],[-131.36113207138766,52.43653659589989],[-131.3632704821707,52.44209669353885],[-131.36686840284767,52.44608019364648],[-131.36498031958791,52.44987710270618],[-131.3627979894127,52.451430911780285],[-131.36198728703246,52.45472089754892],[-131.35385152447824,52.46142029940816],[-131.35349529395867,52.46271350090723],[-131.35665422551722,52.465644501056026],[-131.3626972116595,52.467672594693006],[-131.3641650014526,52.46648339597048],[-131.36977040803293,52.46560750084842],[-131.37394490129273,52.462726307566584],[-131.379008985372,52.461383305478435],[-131.38250880568037,52.46129499521558],[-131.3854147005467,52.46003171462303]]],[[[-131.550751198872,52.76794009730781],[-131.54950121139657,52.76992828801655],[-131.5514664026823,52.771296993054115],[-131.5571274196587,52.77201189789261],[-131.56210352032238,52.771922200051165],[-131.5634321716915,52.77308859662284],[-131.56882879086868,52.774339091081586],[-131.57087549407652,52.77634580475719],[-131.575407491969,52.775266195184194],[-131.5798225030395,52.7724634134449],[-131.58651121797513,52.765466193864945],[-131.58935728072117,52.761213592898635],[-131.58997579754808,52.75890779872153],[-131.59338082212838,52.75583009586637],[-131.59325091701555,52.75389879300084],[-131.5904132170506,52.750813994316665],[-131.58464029005853,52.750660206523534],[-131.58183750671105,52.752384887172106],[-131.56893738416974,52.751766794142384],[-131.56824548297152,52.754101101520426],[-131.569589876213,52.7560692986214],[-131.56446670690178,52.757410908043695],[-131.5609952866703,52.761659298991],[-131.55623278589223,52.76282289599518],[-131.550751198872,52.76794009730781]]],[[[-131.43846660520742,52.6150911029251],[-131.44074260997695,52.61349738647744],[-131.4446266844289,52.61402860782605],[-131.4454421954219,52.61222269074305],[-131.44858259981757,52.61103350868091],[-131.4472615038036,52.60855260267712],[-131.44826508989829,52.606167007420694],[-131.44490599854146,52.60366469427648],[-131.45546061941374,52.59957009990813],[-131.46444171231073,52.59277370163129],[-131.46864577536567,52.59167989580713],[-131.4750741095801,52.593343390492116],[-131.47998000288325,52.591289701844744],[-131.4811263843575,52.589376996833025],[-131.48426547829692,52.58772919849386],[-131.48175278951032,52.58450759734599],[-131.47534458536816,52.58084740141478],[-131.47448550722555,52.57843768409856],[-131.46952110498708,52.576788392261825],[-131.46522020373027,52.5784959936148],[-131.4643754981318,52.58110380524654],[-131.45879350498194,52.58182158207181],[-131.46347089160002,52.58442220622808],[-131.46159381189742,52.587564001886314],[-131.45760700697892,52.5870085026732],[-131.4579893015489,52.589365603967565],[-131.45564860464694,52.59159878373779],[-131.44866320749895,52.59237349934698],[-131.4495334036937,52.59473769142415],[-131.44145738780435,52.59606510397753],[-131.4391581130307,52.59720869302439],[-131.4369359874414,52.60028499918012],[-131.43790050925344,52.60384409771528],[-131.44103901030982,52.61057779090717],[-131.43646040065397,52.613783703560635],[-131.43846660520742,52.6150911029251]]],[[[-131.511052098323,52.607404590358584],[-131.51190000218,52.605697000062875],[-131.50729920833908,52.603500891553374],[-131.5027602945528,52.600054313151446],[-131.49885401924195,52.59886939901772],[-131.49219350179544,52.60017819804192],[-131.48349449727036,52.598607308610575],[-131.47449069279511,52.60051288833258],[-131.47210658007376,52.6043312036707],[-131.468786299599,52.606485997568456],[-131.4698093153514,52.608947100966724],[-131.4674045055002,52.61107478880596],[-131.4707785095346,52.611722808306766],[-131.4737898234096,52.613504503701286],[-131.4799313174728,52.610552101383696],[-131.48330351355142,52.611408093432125],[-131.4867188801704,52.61069739747331],[-131.4923167837832,52.611981997735136],[-131.50012979814267,52.60909228728326],[-131.5046398029054,52.60890721075871],[-131.511052098323,52.607404590358584]]],[[[-131.71084868370707,52.67002859023806],[-131.71398089382268,52.6716208051701],[-131.7162872996572,52.675174194896506],[-131.72040830845833,52.67602448737858],[-131.71877189258865,52.67134881050083],[-131.7170120989788,52.67017520786667],[-131.71628220250878,52.66651500255554],[-131.71260438966604,52.66804608873963],[-131.7086675796329,52.66560069480799],[-131.71164879372586,52.66406680162169],[-131.7059948950642,52.66184930559151],[-131.70369269436722,52.65594880150314],[-131.69741739102378,52.64938319394749],[-131.69564488492898,52.64677980240112],[-131.6902540001236,52.64442979144698],[-131.68331869971732,52.6470603151749],[-131.68489492053237,52.648678203262804],[-131.6860778892568,52.65278850780701],[-131.68840680260917,52.65554150641953],[-131.6918403047726,52.657253385539455],[-131.69288228984013,52.660043394841196],[-131.69585301054977,52.6611813989185],[-131.70176889619643,52.665515205234236],[-131.7048956023389,52.66607348976061],[-131.70859460000895,52.669918904158195],[-131.71084868370707,52.67002859023806]]],[[[-131.54346201090948,52.87044469847236],[-131.54450319197997,52.86842660156061],[-131.5407860956606,52.867868293966715],[-131.53462199846194,52.86588578781813],[-131.52878468891964,52.86593851040096],[-131.5251459884299,52.86491879635625],[-131.52080489292607,52.86538879037023],[-131.51536469349,52.861755598731285],[-131.51344982008956,52.863602805936615],[-131.51870642105604,52.868401002754865],[-131.5144455808679,52.86900339721353],[-131.51065209659214,52.86788828636489],[-131.50810221429512,52.87029799249852],[-131.50256830503395,52.87253691119874],[-131.50177898636585,52.87456780415042],[-131.49335320164235,52.87432278889259],[-131.49470188815206,52.876829491587294],[-131.49993959687004,52.87617998789961],[-131.50674838271192,52.87724100541313],[-131.50742008321757,52.876246990801846],[-131.51522060619314,52.87520160191886],[-131.5194091037418,52.877198299517765],[-131.52166611031424,52.87692630127525],[-131.52475532069494,52.87405509697371],[-131.5302340800706,52.872948494408654],[-131.53426289370657,52.87044329420916],[-131.5401185080124,52.86943778531787],[-131.54346201090948,52.87044469847236]]],[[[-131.22259681725026,52.10410040344306],[-131.2217095039443,52.10094298882526],[-131.22570289269797,52.10164938811791],[-131.22664151413144,52.096146192725314],[-131.23196019407888,52.09771859994889],[-131.23295430251483,52.094498402134036],[-131.2278409065914,52.0923920023304],[-131.22283088898843,52.09411388924501],[-131.22168647722344,52.092804999097375],[-131.21155751305255,52.0849292036132],[-131.21021658145398,52.09026849912695],[-131.2153899021328,52.096260193615755],[-131.21641637645047,52.10019669471265],[-131.21995390001817,52.10436528688237],[-131.22259681725026,52.10410040344306]]],[[[-131.98615117892365,52.77121719935133],[-131.98726647776772,52.76995680075876],[-131.9815779018948,52.76613419740657],[-131.97963080309265,52.76239708174691],[-131.97440330342633,52.7594162006159],[-131.9743815990354,52.75585568875357],[-131.97166158403758,52.75465649434664],[-131.96549049806194,52.75349720671852],[-131.96464031243298,52.75556939703867],[-131.96582961034602,52.75803050047706],[-131.96483902640787,52.76179610071978],[-131.967577911577,52.76501050766293],[-131.9738226150392,52.76395519988843],[-131.98180167835477,52.7696263939896],[-131.98615117892365,52.77121719935133]]],[[[-131.40284998424315,52.42850260768544],[-131.4058943795551,52.42877319675472],[-131.40748379758284,52.42608851314113],[-131.40911809368694,52.41776399309775],[-131.4065759121359,52.41375060319258],[-131.40359500947446,52.41438719431718],[-131.39815849336452,52.417969097031076],[-131.39972181905424,52.41939330520332],[-131.39798558152413,52.42319740312071],[-131.40012088869366,52.425131496556595],[-131.39906289281168,52.4278417989405],[-131.40284998424315,52.42850260768544]]],[[[-132.4284629982248,53.00948601256776],[-132.43155922583458,53.006801399465786],[-132.4294444962528,53.005038206340984],[-132.4265981036188,53.00550679608178],[-132.42137428917414,53.00363111202183],[-132.41475537140616,53.00511509676215],[-132.40864780774265,53.00430758866979],[-132.40843529299968,53.005616399639095],[-132.4020863760023,53.00633139803297],[-132.40335379933194,53.00757331140969],[-132.41452488731997,53.00946179411992],[-132.41636561192675,53.00785670972377],[-132.42320138868456,53.007708603115134],[-132.4284629982248,53.00948601256776]]],[[[-131.37253729814432,52.382318306042635],[-131.37055108086878,52.38859049495992],[-131.3802648951923,52.39075108707598],[-131.3850739887666,52.389449306580985],[-131.3813734989874,52.38376821052517],[-131.37798501795723,52.38200209346248],[-131.37253729814432,52.382318306042635]]],[[[-131.2869289924478,52.32500960369619],[-131.2899190932228,52.32604778935962],[-131.29374490117618,52.324841499181],[-131.29209321793317,52.32185209808522],[-131.2900181087345,52.32089360901572],[-131.28060388688533,52.32100330647176],[-131.27272269350067,52.32183069541444],[-131.2733825219491,52.32325639865043],[-131.27728567619684,52.3241336958718],[-131.2758972822318,52.32624720053532],[-131.28185340267888,52.326446607986426],[-131.2869289924478,52.32500960369619]]],[[[-132.47402327329036,53.02913869693995],[-132.4781170085084,53.02695959570591],[-132.47383590947572,53.02516939296687],[-132.46617071290828,53.02821578864577],[-132.4617172876691,53.02635009585861],[-132.4589061058972,53.02798081008252],[-132.45743290394566,53.03149148757716],[-132.4634977059266,53.03132480752556],[-132.47402327329036,53.02913869693995]]],[[[-131.32401219389666,52.45162460460286],[-131.32491238633705,52.44497929317884],[-131.32087090024893,52.44230738479288],[-131.3158781938884,52.44334849226208],[-131.31428520936976,52.44607730611807],[-131.31724078316168,52.44744029533934],[-131.31797550969546,52.45046530572703],[-131.32143660394073,52.45247488151721],[-131.32401219389666,52.45162460460286]]],[[[-131.0613577097738,52.262045293940396],[-131.06755330502185,52.25721720098289],[-131.06434041820262,52.25433320299723],[-131.0600056137531,52.25371648977994],[-131.05717012406765,52.255159202377556],[-131.05459059932326,52.25830669771677],[-131.05777429185676,52.26121780330951],[-131.0613577097738,52.262045293940396]]],[[[-132.44734411082487,53.0330922869054],[-132.44987049314312,53.03248978869411],[-132.4476855916298,53.02958301116876],[-132.44351239623063,53.029808106117144],[-132.4417140788457,53.02768310274496],[-132.43889760230252,53.02739830347694],[-132.4359264810721,53.02291060238228],[-132.4322345981587,53.0225602953778],[-132.43239838578356,53.02479480562219],[-132.4351798755725,53.02770449829385],[-132.4437113915374,53.033472496409104],[-132.44734411082487,53.0330922869054]]],[[[-131.61220139852094,52.910863803910864],[-131.61404019575238,52.91253298887236],[-131.6189183186529,52.9078116926366],[-131.61902440690673,52.90663100825568],[-131.61122978636473,52.90386238924155],[-131.6085458840213,52.90402050621944],[-131.6064573080468,52.906638189678205],[-131.60962911569516,52.90794419109023],[-131.60908468090284,52.91025000195792],[-131.61220139852094,52.910863803910864]]],[[[-131.56509770873285,52.5828569961222],[-131.5670998918053,52.582750208902134],[-131.57414651357578,52.57704900489325],[-131.5742419840046,52.575653301460726],[-131.56803089387373,52.57496120660461],[-131.56891630166095,52.578476113990725],[-131.55731999958311,52.57910421330191],[-131.56040749983694,52.581402893766466],[-131.5633422903225,52.58084459908014],[-131.56509770873285,52.5828569961222]]],[[[-131.01431450374585,52.131241602550425],[-131.01697781229967,52.12679950893229],[-131.01314569337646,52.124140506527986],[-131.01061049593054,52.12364339321455],[-131.00573362391702,52.12500360351536],[-131.00707040031753,52.127767993931435],[-131.01033728271833,52.128621106112185],[-131.01183051380946,52.13127580643188],[-131.01431450374585,52.131241602550425]]],[[[-131.21243340440057,52.352307390304794],[-131.2143938028284,52.351569598641866],[-131.2159421109895,52.34791649530137],[-131.20447770800286,52.34738529401209],[-131.20367672511117,52.3495756995044],[-131.20580139191512,52.35272899883239],[-131.20792138415226,52.35374160037937],[-131.21243340440057,52.352307390304794]]],[[[-131.42435211002496,52.583693005449256],[-131.42499959309924,52.58205228920009],[-131.42924951221013,52.58015669795881],[-131.42507461528115,52.577266995906854],[-131.4185309196139,52.578776596413725],[-131.42004320001206,52.5834394984962],[-131.42435211002496,52.583693005449256]]],[[[-131.74331948984343,53.04648699388635],[-131.7495271893008,53.048825495969815],[-131.75203562335653,53.04836270385749],[-131.75460430644333,53.04561538377248],[-131.75301840006495,53.04434779925982],[-131.74882788617887,53.0436984029595],[-131.74357269444303,53.04436769339819],[-131.74331948984343,53.04648699388635]]],[[[-131.23994700428912,52.195251299268186],[-131.24235521019116,52.19514300964929],[-131.24196408928478,52.19230030824408],[-131.23688187161343,52.19104699615526],[-131.23334689637255,52.19114100732483],[-131.23533219745758,52.19428709695044],[-131.23994700428912,52.195251299268186]]],[[[-131.18223820144826,52.36002659781244],[-131.18442939305777,52.357972908695984],[-131.17902819521905,52.35475420656641],[-131.1753384144479,52.35528970400373],[-131.1733546147951,52.35705289441084],[-131.17621539571397,52.35908660935315],[-131.18223820144826,52.36002659781244]]],[[[-131.63038150777564,52.54248629662334],[-131.63493939794648,52.539777488902644],[-131.62926061265472,52.53899559788066],[-131.62446171493434,52.53669119260181],[-131.62111050547517,52.53637080544808],[-131.62123991861645,52.540288795053996],[-131.62883188197415,52.54073169896073],[-131.63038150777564,52.54248629662334]]],[[[-131.14956610359647,52.10163369679469],[-131.14794861101973,52.09927949494995],[-131.14928440846404,52.09761028540869],[-131.1445524828064,52.09515069477879],[-131.14120818389765,52.09115580098889],[-131.13955088048195,52.09373080431622],[-131.14386471664318,52.09663899802387],[-131.14594340696672,52.097067702179956],[-131.14751279382503,52.1011310128673],[-131.14956610359647,52.10163369679469]]],[[[-131.5095438780475,52.522117300112136],[-131.50896240640571,52.519647709657434],[-131.50037360928923,52.51819359929957],[-131.50218530572909,52.520241598562365],[-131.50513309115848,52.52126700972784],[-131.50380038969251,52.5232638013238],[-131.50759958128867,52.523678191480776],[-131.5095438780475,52.522117300112136]]],[[[-131.26763990883754,52.390295296809406],[-131.2712288211278,52.388626101755115],[-131.27123181275633,52.386954095278966],[-131.2547044953736,52.391693909205145],[-131.25579549345744,52.39348980666412],[-131.26067718559952,52.39208410809037],[-131.26367179648534,52.390282515313935],[-131.26763990883754,52.390295296809406]]],[[[-132.33996348990217,52.97463559163325],[-132.34039832373168,52.973395098030466],[-132.34500968284385,52.97128730590096],[-132.34346358967196,52.96906690041989],[-132.33582731857314,52.96898580112135],[-132.33996348990217,52.97463559163325]]],[[[-131.4218590202722,52.63324550426703],[-131.4243482999399,52.63200789537851],[-131.4255651117746,52.628358987189216],[-131.4215166793413,52.62784769472361],[-131.4218590202722,52.63324550426703]]],[[[-132.01304651609578,53.20635869224653],[-132.01505210243224,53.20679601296916],[-132.02122810275634,53.200466794927024],[-132.01915790222642,53.19944419868917],[-132.01279439611116,53.20396889201608],[-132.01304651609578,53.20635869224653]]],[[[-131.11790521207504,52.16226518760346],[-131.11956958857,52.16402550031919],[-131.12510121024013,52.16380048621179],[-131.1228210184602,52.161080194632994],[-131.11790521207504,52.16226518760346]]],[[[-131.09734589030543,52.15660819192869],[-131.0995565936924,52.1548066102178],[-131.0969429148069,52.15364869278038],[-131.09243397893948,52.1535119960891],[-131.09016580841887,52.15594448776865],[-131.09495477575456,52.15739719721303],[-131.09734589030543,52.15660819192869]]],[[[-132.42343300260433,53.023619882092795],[-132.42570730737347,53.020953809732404],[-132.42349980228525,53.01923330079615],[-132.42097562181004,53.01978159917983],[-132.4167908921383,53.02294480433465],[-132.42343300260433,53.023619882092795]]],[[[-131.43256100542516,52.604484998776606],[-131.43644521924278,52.59755340603702],[-131.43306898621586,52.59764880690933],[-131.430667208293,52.59911000269229],[-131.4334660831896,52.60190290336181],[-131.43256100542516,52.604484998776606]]],[[[-131.44088189513965,52.57802039355863],[-131.44417461188314,52.57567750761482],[-131.43999649706143,52.574828685857],[-131.43677437715124,52.576090595713914],[-131.4378751149939,52.57810009692186],[-131.44088189513965,52.57802039355863]]],[[[-131.28006229561416,52.135591115777615],[-131.28155249605305,52.13215451622329],[-131.27868898935785,52.130726000674635],[-131.27668822088464,52.13475799607847],[-131.28006229561416,52.135591115777615]]],[[[-131.02106988614497,51.93906878976665],[-131.01782678943854,51.934565389139586],[-131.0138548089859,51.93583858564789],[-131.01467630040443,51.93763171342238],[-131.0180277930403,51.93965270631561],[-131.02106988614497,51.93906878976665]]],[[[-131.268285691263,52.29449871295264],[-131.27216661489214,52.29267000736109],[-131.26982508403512,52.28961229022568],[-131.2668237892765,52.29198209192489],[-131.268285691263,52.29449871295264]]],[[[-131.2950757211195,52.33411309995218],[-131.29720198641255,52.33660689300478],[-131.29993310787822,52.33744430699976],[-131.30150110253018,52.334320998071306],[-131.29770327666105,52.33237980063676],[-131.2950757211195,52.33411309995218]]],[[[-131.27053161379928,52.29569649644275],[-131.27013469892194,52.29710649064712],[-131.27727079450491,52.29982809119758],[-131.27399961252948,52.29610520505994],[-131.27053161379928,52.29569649644275]]],[[[-131.55853449917382,52.57357540363674],[-131.5580520125035,52.569880990480456],[-131.55451671148356,52.56974999404358],[-131.5513035908271,52.57235491022117],[-131.5558962951038,52.57416220043218],[-131.55853449917382,52.57357540363674]]],[[[-131.62304238972257,52.73593379333311],[-131.628672503573,52.73888340971809],[-131.63137889492208,52.735882603357275],[-131.62932390069187,52.734966793381766],[-131.62304238972257,52.73593379333311]]],[[[-131.3429896966845,52.473648588870965],[-131.34235791498648,52.469777591133784],[-131.3382256052652,52.471009494300304],[-131.33935228606686,52.47338800248704],[-131.3429896966845,52.473648588870965]]],[[[-131.69098478191788,52.863738097240564],[-131.69094157952946,52.86206750209503],[-131.68702400907833,52.86024880219002],[-131.68355307717977,52.86274689712844],[-131.69098478191788,52.863738097240564]]],[[[-131.59888782130824,52.393239196229885],[-131.59773679926718,52.38893950576155],[-131.594625596639,52.39000618649064],[-131.59595228631616,52.393079694507776],[-131.59888782130824,52.393239196229885]]],[[[-131.5363878982013,52.519755993347076],[-131.53428301276938,52.517273588714566],[-131.5307049957023,52.518365885447054],[-131.53163389468298,52.520675999807096],[-131.5363878982013,52.519755993347076]]],[[[-131.58162130090057,52.95814750972733],[-131.57918779462105,52.955054198315004],[-131.5756911949747,52.95583040776989],[-131.57769247672536,52.958700098500564],[-131.58162130090057,52.95814750972733]]],[[[-131.37211320062985,52.4190785952029],[-131.3707131017782,52.42287549163665],[-131.37470790627455,52.4244221822421],[-131.3747691032288,52.42114799929809],[-131.37211320062985,52.4190785952029]]],[[[-132.35266380243613,52.97961319885938],[-132.35286298467798,52.977351594713404],[-132.345753403401,52.977157893789],[-132.34773269357683,52.979134712827964],[-132.35266380243613,52.97961319885938]]],[[[-131.2276104952343,52.348956210156885],[-131.22917739770793,52.347452303757],[-131.22627147897487,52.34601379538604],[-131.2213990857516,52.3469053924381],[-131.2233232001421,52.348695599822335],[-131.2276104952343,52.348956210156885]]],[[[-131.68017591812625,52.65998080432065],[-131.67610271779074,52.662780795588475],[-131.6776687161149,52.66397710175941],[-131.68154262081038,52.66299010093051],[-131.68017591812625,52.65998080432065]]],[[[-132.36227191160344,53.143621178978606],[-132.3571167802459,53.14488699193853],[-132.3549409726407,53.14916244945687],[-132.36227191160344,53.143621178978606]]],[[[-131.6219818825123,52.913462992389405],[-131.62525002186416,52.9101986956856],[-131.6220683907021,52.909486594215025],[-131.6199927061798,52.91132239761088],[-131.6219818825123,52.913462992389405]]],[[[-131.0008241062953,51.92940690645338],[-131.00237388348458,51.93053209540542],[-131.00642279252054,51.93031840055902],[-131.0038716036845,51.92695438403602],[-131.0008241062953,51.92940690645338]]],[[[-131.5534855974183,52.57689381041668],[-131.55731221348935,52.57668590565538],[-131.55629860850766,52.5744954004075],[-131.55186298933089,52.57536419763157],[-131.5534855974183,52.57689381041668]]],[[[-131.40757602496524,52.40833579855992],[-131.40622349700723,52.40969450393239],[-131.4082166172142,52.411748193551304],[-131.41095548585795,52.41046070337214],[-131.40757602496524,52.40833579855992]]],[[[-132.38346720216683,53.00484450508418],[-132.3842100259857,53.00316959866561],[-132.37947799365529,53.00280498903905],[-132.38020621406224,53.0052661089959],[-132.38346720216683,53.00484450508418]]],[[[-131.3287586988866,52.19474571168738],[-131.3306524877613,52.19712700114109],[-131.33339889542296,52.19507610324653],[-131.3287586988866,52.19474571168738]]],[[[-131.16569420765194,52.23123109519165],[-131.16883929784774,52.23148891050028],[-131.1713608199704,52.22880710251781],[-131.16779640930878,52.22870171019717],[-131.16569420765194,52.23123109519165]]],[[[-131.41864081203747,52.65901089535509],[-131.41887909640243,52.66226090818793],[-131.42176128391176,52.661959002861984],[-131.42233450751894,52.659752895433236],[-131.41864081203747,52.65901089535509]]],[[[-131.5889601938648,52.537383410670955],[-131.5898358956342,52.53922630714492],[-131.59475610591366,52.536374984432705],[-131.5910885030128,52.5359435106067],[-131.5889601938648,52.537383410670955]]],[[[-131.6263572972674,53.024256486393504],[-131.63218270405744,53.02611509432196],[-131.63189640329594,53.024106912480285],[-131.6263572972674,53.024256486393504]]]]}},{"type":"Feature","properties":{"shapeName":"Fountain  3","shapeISO":"","shapeID":"43193130B2971549998273","shapeGroup":"CAN","shapeType":"ADM3"},"geometry":{"type":"Polygon","coordinates":[[[-121.85153614167908,50.78315159150634],[-121.84709744484286,50.781655353069],[-121.84314184279417,50.777424254643634],[-121.84210136861758,50.773599374048175],[-121.84057141251499,50.77192535061749],[-121.84115655906744,50.76851321828919],[-121.83950228707948,50.765778906108],[-121.82969440921462,50.76570983573634],[-121.82752598108513,50.78219646351479],[-121.83542706026674,50.78208426239905],[-121.83453072873539,50.789070632212024],[-121.85601582240716,50.789436201513766],[-121.85153614167908,50.78315159150634]]]}},{"type":"Feature","properties":{"shapeName":"Stullawheets 8","shapeISO":"","shapeID":"43193130B29742369162018","shapeGroup":"CAN","shapeType":"ADM3"},"geometry":{"type":"Polygon","coordinates":[[[-121.42022196890744,49.4684827572627],[-121.41882110795639,49.473408563111256],[-121.4315325964187,49.47365878129818],[-121.43202722436516,49.46820740790937],[-121.42022196890744,49.4684827572627]]]}},{"type":"Feature","properties":{"shapeName":"Penelakut Island 7","shapeISO":"","shapeID":"43193130B30019066706020","shapeGroup":"CAN","shapeType":"ADM3"},"geometry":{"type":"Polygon","coordinates":[[[-123.63816280426025,48.94212024113776],[-123.63756389243758,48.938896194698664],[-123.6395964022936,48.937634386914354],[-123.63735037883276,48.9359195952689],[-123.63048069804302,48.934841511536334],[-123.62779260845124,48.94248380008577],[-123.6290826107981,48.947407294808755],[-123.6284926881331,48.954777609605756],[-123.6298664007368,48.95760460992436],[-123.6301166153812,48.964466493082355],[-123.63294048832057,48.9716558931424],[-123.63701050992243,48.9757632968837],[-123.63763540784294,48.978772683406376],[-123.63936759260062,48.9795375146318],[-123.64553171586104,48.97953890295789],[-123.65061969018687,48.98089620782735],[-123.65360908961512,48.982794599989134],[-123.6606899915867,48.98385279475953],[-123.6606728077441,48.98056000361674],[-123.66344370844855,48.9802651856214],[-123.66678808303803,48.98304389386196],[-123.66909709140485,48.980888997039536],[-123.66544979783924,48.975917090983764],[-123.65752180088045,48.96855108617117],[-123.66122189280834,48.964202988938546],[-123.65900417914159,48.96175049218621],[-123.65891140807564,48.95994319524102],[-123.66201979627681,48.957298414555005],[-123.66019491389795,48.95576170295199],[-123.65696460871045,48.94899669608227],[-123.65241550718532,48.94461439636139],[-123.65058841457761,48.94487649542365],[-123.64345998056581,48.941840096913936],[-123.64059420303875,48.94300791002608],[-123.64810064028946,48.94834398040191],[-123.64413784904015,48.95065244199069],[-123.63457277088483,48.94480549790485],[-123.63816280426025,48.94212024113776]]]}},{"type":"Feature","properties":{"shapeName":"Kaslo","shapeISO":"","shapeID":"43193130B30046860230952","shapeGroup":"CAN","shapeType":"ADM3"},"geometry":{"type":"Polygon","coordinates":[[[-116.906508012101,49.91925463801146],[-116.92091332817859,49.91814385332538],[-116.92024832582996,49.915626384139514],[-116.9203159763596,49.90515792347033],[-116.92987261262583,49.90549078964294],[-116.93203064011509,49.90429009496192],[-116.94737721540415,49.90472251368145],[-116.94746051987879,49.902008178230716],[-116.92569723109224,49.90184991901684],[-116.92586033553685,49.90402441385642],[-116.91978690127222,49.90453250689968],[-116.92007891683062,49.90130068309074],[-116.91547900137314,49.90127628174896],[-116.90795446901363,49.90010058652608],[-116.90196654968206,49.9013043605716],[-116.9017959195196,49.90265275530981],[-116.89758696051004,49.90552069231577],[-116.89669842324919,49.908867999414234],[-116.89817704095529,49.91166806203023],[-116.90380458047197,49.91332271075096],[-116.90500148482336,49.91900269628453],[-116.906508012101,49.91925463801146]]]}},{"type":"Feature","properties":{"shapeName":"Comox 1","shapeISO":"","shapeID":"43193130B30109907398837","shapeGroup":"CAN","shapeType":"ADM3"},"geometry":{"type":"Polygon","coordinates":[[[-124.95640173136786,49.68438726715246],[-124.96083336503376,49.681603981381386],[-124.9610575572205,49.67799031148348],[-124.95785150049993,49.67797831368401],[-124.95022366846807,49.67403197213339],[-124.94978792022606,49.6824609576504],[-124.95640173136786,49.68438726715246]]]}},{"type":"Feature","properties":{"shapeName":"North Okanagan D","shapeISO":"","shapeID":"43193130B30111851422734","shapeGroup":"CAN","shapeType":"ADM3"},"geometry":{"type":"Polygon","coordinates":[[[-118.67187910831058,49.812710186104894],[-118.67184398341324,49.90877897278952],[-118.67234960477245,49.959430527815506],[-118.67136857741482,50.02013170133441],[-118.6723997844049,50.09385387782267],[-118.6717583514163,50.107313132582775],[-118.66897464487562,50.13905253676611],[-118.67050567391627,50.18008407140973],[-118.66968277092576,50.19643637566513],[-118.66834808864789,50.202155121422585],[-118.66994545103437,50.20557736901358],[-118.67129994835227,50.22369671694826],[-118.69455263115302,50.223660142329976],[-118.6950626870116,50.23777681119793],[-118.73862282765677,50.23806204979571],[-118.73902090069309,50.244296042596766],[-118.75594129119935,50.244510325010374],[-118.79357556420707,50.24467919878272],[-118.79368016323849,50.24993178067826],[-118.79199710953067,50.265451098816854],[-118.79175664907173,50.27020053058007],[-118.77880951074516,50.26990555672943],[-118.77172511322998,50.268080006278325],[-118.76848861352413,50.265819101272925],[-118.75803642703725,50.26357708534006],[-118.75558607403218,50.26040866929153],[-118.75125036793389,50.25934394247386],[-118.74821982838507,50.260064631801],[-118.74300954325717,50.26314928052801],[-118.74074592553185,50.26316230307278],[-118.72809850764835,50.259006800891086],[-118.72657611036722,50.2576399003819],[-118.72014471385893,50.25640379056894],[-118.71505602010791,50.256960101159684],[-118.71061114767782,50.2562077173717],[-118.70539201657569,50.25050480313395],[-118.70390488847781,50.24968160698386],[-118.69877742230273,50.24990940190901],[-118.69140726199576,50.24852873006125],[-118.68741687995794,50.24637030192434],[-118.67771280914852,50.24443188693291],[-118.67513058152763,50.2447480996897],[-118.67433251233273,50.24679329733228],[-118.66977882399425,50.248549305898145],[-118.66364552245626,50.247224801840915],[-118.66055139541301,50.24823168736647],[-118.65668099269973,50.25082239423403],[-118.65219870588768,50.252113384991304],[-118.64844170697742,50.25202089280211],[-118.64611988861319,50.254827506564894],[-118.64326241142484,50.256570195094646],[-118.63635659923865,50.259452196340895],[-118.62942497800869,50.26154749717208],[-118.63863052772028,50.26136779079167],[-118.63891613892115,50.26786038776739],[-118.69278798660827,50.268042436743265],[-118.69287771352512,50.28894660213178],[-118.69427558887317,50.32662284512458],[-118.69482889365851,50.38179459980038],[-118.69478178018127,50.410281318545536],[-118.68545580248849,50.40995583942406],[-118.68560274577123,50.419410742205],[-118.69389750420979,50.419443438751],[-118.69344515421942,50.45033122799173],[-118.69505950393588,50.48818000506749],[-118.72034011682611,50.48821908440757],[-118.76849646452426,50.487815726485216],[-118.78981661847166,50.487977635068],[-118.84295604928266,50.48808271152452],[-118.95720399676333,50.48856763849004],[-119.00187008516889,50.48838678139342],[-119.0007052008838,50.473663101674404],[-119.00026003865909,50.45482490628522],[-119.0002058644498,50.37274477852696],[-118.99684077763429,50.349603322154515],[-119.00100297999599,50.31948452355949],[-119.00263602948533,50.311357156436216],[-119.00311257177525,50.3059732663468],[-118.99863394953051,50.27967632876323],[-118.99877450744978,50.26684998743397],[-119.03349226219459,50.26700178009044],[-119.03374515045138,50.25993987748992],[-119.05584944718919,50.260004108887316],[-119.05610261818585,50.26349533247426],[-119.07920310278449,50.26346405203935],[-119.07929833717604,50.25289579375428],[-119.0785878159562,50.248117511084544],[-119.06719733646042,50.248431428754834],[-119.06707231123913,50.252680843351214],[-119.05610636614354,50.25275947093765],[-119.05644645106841,50.24212667779621],[-119.06562158999957,50.241701138315754],[-119.06592610147335,50.236147516617606],[-119.06984042986313,50.23566236717813],[-119.0700107038203,50.230662030335296],[-119.06765181310242,50.22821403206444],[-119.06923944446709,50.2266589715553],[-119.06882897331506,50.223489594902894],[-119.08051003099787,50.223564969721586],[-119.08241549052947,50.21617600944435],[-119.10800007003382,50.216050009238685],[-119.10805500279946,50.212145218678735],[-119.11404968438382,50.212142869582934],[-119.1139851419382,50.20891388855063],[-119.14136076177587,50.21066164565655],[-119.1476489553093,50.21043520738739],[-119.14761302012361,50.19519256217001],[-119.15368054930948,50.19522147865457],[-119.15365109461231,50.20249444808649],[-119.18191762847898,50.202967355971076],[-119.18211134129592,50.1956198536808],[-119.19302837540235,50.195511568551986],[-119.19340275470424,50.20232320281111],[-119.20405975403098,50.20234047695544],[-119.20440506356468,50.1984746606495],[-119.21726409326435,50.198316441027764],[-119.21709102040656,50.19485995688731],[-119.22726025601935,50.194897243153555],[-119.2271350117113,50.18757103057509],[-119.22149944872473,50.18756604382156],[-119.22111550732623,50.18023837552342],[-119.2324252035766,50.180226373643016],[-119.23305803958421,50.18744341878212],[-119.2443727712111,50.18751228161102],[-119.24500609607466,50.18413043098137],[-119.26692572760632,50.18439834227408],[-119.26719005537342,50.188125730133336],[-119.27257607371185,50.187940689403035],[-119.27268184769342,50.18394713757025],[-119.2883253021632,50.1837152571411],[-119.28866916527603,50.176525683127615],[-119.29924231258488,50.17658649629639],[-119.30013672769799,50.176185278372344],[-119.30060494453014,50.16941646225977],[-119.30303739588835,50.16883808678947],[-119.31016599651218,50.16439446981357],[-119.3143554632393,50.16124707677692],[-119.32206251348805,50.15783784296841],[-119.32772858802001,50.15330630648969],[-119.32903588682784,50.151100660390995],[-119.27039962895977,50.15115503713946],[-119.23769950329407,50.15110882797364],[-119.23177837773125,50.15121564303716],[-119.14610802266822,50.15124756468155],[-119.14534753457615,50.148356370578135],[-119.14198173977039,50.1420283528054],[-119.14040432258078,50.12887420932345],[-119.14099606045485,50.11926973479343],[-119.14320276146724,50.116009317446505],[-119.14731237125062,50.11160937828926],[-119.14802248392914,50.10878833947424],[-119.1511582868037,50.10474233466777],[-119.15340516068052,50.103830259746665],[-119.16179223474609,50.09496540680367],[-119.1652888728296,50.093289767750484],[-119.169522005122,50.08561614950432],[-119.1729637683869,50.07709912035785],[-119.16748925534094,50.07129096188985],[-119.16787470009058,50.06835134447687],[-119.17256982262619,50.06518740000446],[-119.17768974745876,50.0597235449211],[-119.17742334063789,50.05598866130888],[-119.17338962864137,50.049743201849616],[-119.1604838215441,50.0482008618553],[-119.15057177901738,50.04890046722229],[-119.14334882476103,50.04495151117548],[-119.1383511266516,50.04571960202945],[-119.12959787149693,50.04612557726299],[-119.10546348674305,50.045315859676265],[-119.09677536946317,50.0520845534095],[-119.09212344226047,50.05212101592848],[-119.08874032337391,50.04889004202117],[-119.08221708312603,50.046096721834004],[-119.07671333287897,50.045446042863965],[-119.07235922129293,50.0460268653965],[-119.07110857580568,50.04212973961779],[-119.06430607463533,50.03705022617231],[-119.04621734682493,50.04168599845659],[-119.03041622341726,50.04078241818963],[-119.01648391325296,50.04445981113407],[-118.99780309343066,50.04765394824685],[-118.98691923413386,50.04803954202472],[-118.98203719590903,50.0453755070135],[-118.97767239211538,50.045178731882274],[-118.95823145672702,50.047630774950086],[-118.94687217708974,50.05703549270111],[-118.93888835046981,50.04997137377762],[-118.92815631760585,50.04472864738343],[-118.92330719941906,50.04284405218978],[-118.91880726607022,50.0431390870277],[-118.91697106567503,50.044432272621066],[-118.91599553993679,50.04749936357247],[-118.91290360155074,50.05247317398597],[-118.90779178690597,50.053906150965716],[-118.90108154017756,50.054862875954896],[-118.89724869543379,50.054253858393054],[-118.89054067766357,50.05128695738701],[-118.87917300307006,50.05337571419759],[-118.8688973215453,50.05279009646732],[-118.86426194775498,50.04259427057125],[-118.85908957040401,50.036530383313625],[-118.83503391003775,50.03576532912152],[-118.82878911448474,50.02705859029558],[-118.82308220792399,50.022447494156786],[-118.8145998561448,50.02583750349132],[-118.80988513038648,50.02183867851515],[-118.816558046771,50.00735589628414],[-118.82211627012717,50.00447347953009],[-118.82274210793565,49.99996711388944],[-118.81777337505852,49.99528702074608],[-118.81214323188952,49.9922876621282],[-118.80886345197216,49.98947847703783],[-118.80533442873903,49.98846605169289],[-118.79755740856253,49.987661807754996],[-118.8020953900191,49.9809882110289],[-118.8012380416043,49.97334972401771],[-118.80099273846558,49.96655056436493],[-118.80502372189432,49.96460110390228],[-118.80492416335022,49.96284889846944],[-118.80803768951777,49.95561448071881],[-118.81492120742263,49.95432044856137],[-118.81954561241152,49.95406540507706],[-118.82617885185546,49.952403666040084],[-118.82872104070172,49.953388693901765],[-118.83815457812068,49.95495340206311],[-118.84524071531226,49.95685998960439],[-118.85232835801585,49.957901917189346],[-118.85845027633296,49.956901511816014],[-118.85792439843591,49.95149577441333],[-118.86450932687016,49.941233121802036],[-118.86791152502866,49.94194879380364],[-118.87488884662949,49.9405433475246],[-118.87922511089833,49.937429969389655],[-118.89329258715958,49.93752389602743],[-118.90379048356083,49.931845767754496],[-118.91096008470586,49.92076643584811],[-118.90283103053002,49.91923950720601],[-118.90235428730944,49.91566787466395],[-118.90731570657378,49.90666466922426],[-118.91460112243443,49.902991670746644],[-118.92304814157582,49.906100546469325],[-118.9300309847185,49.910876654844856],[-118.93485997082865,49.91566296551948],[-118.94231799386533,49.913949412717706],[-118.95840967994765,49.905687247503224],[-118.96421631954227,49.903679916700646],[-118.96892890833048,49.89564700708041],[-118.97683788327643,49.89286861066557],[-118.9757122453279,49.88437879818035],[-118.97675655229723,49.878657274853374],[-119.00758753005026,49.85975014305762],[-119.01122774002008,49.85197794411809],[-119.01485892698838,49.854125545990556],[-119.02217993845511,49.852232553483276],[-119.02447310523651,49.84877557111647],[-119.02481300987684,49.845892014292396],[-119.03345261139327,49.838040705432654],[-119.04215202692272,49.82915777337374],[-119.04580751712672,49.82428688254039],[-119.05417501769958,49.815764756943054],[-119.05568075158226,49.81232225443944],[-119.0506263813311,49.81222259769079],[-118.98063084532734,49.812274689603434],[-118.86386052634084,49.81260851939217],[-118.77506721142173,49.81273175334658],[-118.70391878476488,49.81276228216851],[-118.67187910831058,49.812710186104894]],[[-118.96495632978836,50.25322024873493],[-118.95918440902504,50.25353551446559],[-118.95763253135179,50.252354104617716],[-118.94884852845036,50.25287573792718],[-118.94863963026863,50.24927688143003],[-118.95112935629682,50.24857050521213],[-118.95333670328938,50.24614516070735],[-118.95353879952742,50.241397847875305],[-118.95847696453622,50.24152920771435],[-118.96554490069802,50.23910111156269],[-118.96627913300608,50.23689943352057],[-118.9733678633441,50.237458812042235],[-118.98764805094127,50.237805330790785],[-118.9870348566792,50.2648477015863],[-118.9690807652625,50.264870686294216],[-118.96957540954956,50.26068239183693],[-118.9689467064402,50.257065610257214],[-118.96572707441312,50.25570642490707],[-118.96495632978836,50.25322024873493]]]}},{"type":"Feature","properties":{"shapeName":"Okanagan-Similkameen A","shapeISO":"","shapeID":"43193130B30193020706128","shapeGroup":"CAN","shapeType":"ADM3"},"geometry":{"type":"Polygon","coordinates":[[[-119.44505997556915,49.036787358924016],[-119.44376198977122,49.042570089865116],[-119.44769129723217,49.04676870714383],[-119.45391037828371,49.04912859519146],[-119.45631318502828,49.05119229021138],[-119.46179559359908,49.05107549079585],[-119.46139488354106,49.053495198357325],[-119.46591978506514,49.05448650337106],[-119.46557830278694,49.0575527905093],[-119.46724989859574,49.05978450972889],[-119.47116060321751,49.0610507080037],[-119.47506300547386,49.06137110104693],[-119.47642560442262,49.06315848389552],[-119.47648971477462,49.06610800705264],[-119.47980309211414,49.06830419819038],[-119.48637428124216,49.068811198020555],[-119.48986951167325,49.06780849647467],[-119.49511369445861,49.06752510940179],[-119.49310069576077,49.069699892165715],[-119.50059568046922,49.0717150989834],[-119.50565941245515,49.07027379275712],[-119.50825448639232,49.070973098308826],[-119.50963251697017,49.076313899776274],[-119.5126112713402,49.07713241854312],[-119.5158271151257,49.08041871735139],[-119.51536539597569,49.0947035721101],[-119.52617070305138,49.0943493572401],[-119.53415502175808,49.09580939663058],[-119.54285473363403,49.09548302630321],[-119.55001942102243,49.10113786659279],[-119.55713812130577,49.107593405471455],[-119.56189149320961,49.10556818677112],[-119.55704590059476,49.10227674646232],[-119.55582467303597,49.10054463480697],[-119.55252876409317,49.09036224365275],[-119.54639735028992,49.08440602076917],[-119.54608751398243,49.081185957871504],[-119.5592150738584,49.081290245156325],[-119.55973597155095,49.09043476087088],[-119.56452159908585,49.0957834544373],[-119.570103779722,49.095873338961916],[-119.57029542953423,49.09225292595878],[-119.58179441050395,49.091951736429486],[-119.59318476879847,49.09226038894978],[-119.5929828262884,49.09463034922203],[-119.60403048911722,49.094630486847514],[-119.60410999055149,49.114492815181386],[-119.60606819363029,49.11391489441403],[-119.63092098976351,49.114104489048565],[-119.63133289159504,49.11768943966882],[-119.63709707620892,49.117491016515466],[-119.63704196540395,49.121301675011956],[-119.66962147233149,49.120932794109514],[-119.67061823422965,49.09929827460703],[-119.64853627069367,49.099116927773366],[-119.64826046970447,49.08819441728178],[-119.63731867744305,49.08789948044597],[-119.63687211245121,49.073690842857005],[-119.62656114868808,49.07346994483053],[-119.62634203518711,49.05563151285557],[-119.62612343560221,49.00008080952376],[-119.53598202879718,49.0000403051455],[-119.45647657831086,49.000138417508815],[-119.44187919792549,49.00005768972282],[-119.29492322387809,49.0000476563528],[-119.29516785512172,49.0079617753189],[-119.3015092087286,49.00807357321304],[-119.30202015036915,49.04905023651379],[-119.30182071645686,49.07325407023195],[-119.30037598291428,49.08178101220349],[-119.2974573387385,49.08641247982315],[-119.2911138388328,49.08756887585783],[-119.29021626514056,49.089265814721784],[-119.29177279730716,49.09306969479735],[-119.29245024099984,49.097555245460924],[-119.28803116109076,49.10055813438109],[-119.27761390322038,49.10004621301678],[-119.27347658844138,49.101124601861585],[-119.2768024307955,49.10713942121641],[-119.27710404705049,49.110380854609105],[-119.27146116166261,49.113920060508306],[-119.2704203807718,49.115655845393036],[-119.27176611996072,49.11809326617738],[-119.27626284691854,49.12283827936269],[-119.27962036685055,49.12763090038479],[-119.28498173819075,49.133477906304904],[-119.28458359211153,49.134842296698196],[-119.275335294074,49.137751251156004],[-119.26340374646449,49.140697490222685],[-119.2632912609158,49.14659622230424],[-119.2613283209886,49.152045696312946],[-119.2570691890423,49.156409705441355],[-119.25597402890301,49.16188682125806],[-119.26125664545332,49.1595675808663],[-119.26371020278567,49.15647699029039],[-119.26753180157526,49.15424379774141],[-119.27133741146632,49.153511788589235],[-119.27722109699444,49.149014106914805],[-119.27979799758272,49.145094708852035],[-119.28596601645359,49.14471300741576],[-119.28607937975612,49.14274049685914],[-119.28859959015023,49.1411780903622],[-119.28983280008502,49.13667329657988],[-119.29607507849623,49.13058558835501],[-119.30850322216608,49.123318012557675],[-119.32126066050395,49.116911118180454],[-119.32658039875746,49.113849223195025],[-119.34226048600263,49.114023929257705],[-119.3579622400082,49.11140421729707],[-119.35609952167773,49.11355980310124],[-119.3571819152897,49.11704630702201],[-119.36671347878377,49.120323393978666],[-119.37064910639403,49.120673803877004],[-119.37766261153776,49.12429980971542],[-119.38439820491921,49.12440380999029],[-119.38980580494606,49.125397890835465],[-119.39333139060116,49.12829470706862],[-119.39577051809943,49.12912499433554],[-119.40691141576035,49.12930729322881],[-119.41507090626735,49.12709410385641],[-119.41952749673591,49.1237528952465],[-119.42461380434978,49.12237849918307],[-119.42591561072088,49.120668107624404],[-119.4304892089233,49.119735187680895],[-119.4335385179836,49.120994203788726],[-119.44251721292348,49.12098420198979],[-119.44560950770479,49.12338398803453],[-119.44884649563315,49.12380098836753],[-119.44925949736404,49.07323910120948],[-119.44911459206492,49.06667307953194],[-119.42186421651701,49.06659775156018],[-119.4215168614165,49.03639211907818],[-119.42955377780292,49.03683019037786],[-119.43701124092797,49.03632433948929],[-119.43517928779711,49.02990749876532],[-119.43907838075297,49.02384741457788],[-119.43318745268108,49.02081106564594],[-119.43229311641981,49.01480644393931],[-119.43507800868136,49.01117138745973],[-119.43769817718201,49.01029489592296],[-119.44283401498424,49.01063698934698],[-119.43910279837773,49.018625386431616],[-119.43996760621754,49.02047021087765],[-119.45908205563781,49.026025187580174],[-119.45957570893744,49.024669697769816],[-119.46553488330713,49.02360971714887],[-119.46148413010101,49.02124900209563],[-119.4596742024523,49.01669471352508],[-119.46183381153287,49.01327648671691],[-119.46444949486337,49.0127417985547],[-119.46622496335567,49.017352980143905],[-119.47400849230108,49.02247520735535],[-119.47473787220572,49.024217685769905],[-119.48022691030444,49.02368498105356],[-119.48083160220185,49.017018393180145],[-119.47780674859861,49.01511265818369],[-119.47537340705314,49.0067009576207],[-119.48392867426703,49.00582984138789],[-119.48892936865538,49.00736091247986],[-119.49014225595928,49.01018270661839],[-119.49624713930615,49.0179228151497],[-119.49368577305594,49.020855394893445],[-119.49697691547551,49.02835372149841],[-119.5015864514659,49.03619568504546],[-119.50563599885932,49.04436011335255],[-119.49706351162699,49.0393085179237],[-119.4938453953799,49.042003143088884],[-119.48850300322046,49.0382575912573],[-119.48383197518588,49.0336526073403],[-119.48009853537741,49.035233587231346],[-119.47858361400941,49.03740324036131],[-119.476076505528,49.03721870901967],[-119.4706632867449,49.040024397825974],[-119.47080023427877,49.0417763115403],[-119.46675655333078,49.044182453885014],[-119.46376792602153,49.04279096816199],[-119.46446384897446,49.04083683577962],[-119.46110306501986,49.03582158403428],[-119.4590292855599,49.03398588409986],[-119.45886363600046,49.03057702426766],[-119.45686190751171,49.02958055746483],[-119.45176105350822,49.030990329534426],[-119.44989797922207,49.03264994876683],[-119.4475186232606,49.036754585819246],[-119.44505997556915,49.036787358924016]]]}},{"type":"Feature","properties":{"shapeName":"Lax Kw'alaams 1","shapeISO":"","shapeID":"43193130B30456184745095","shapeGroup":"CAN","shapeType":"ADM3"},"geometry":{"type":"Polygon","coordinates":[[[-130.430199950478,54.559624471529446],[-130.4357048993407,54.56130170013458],[-130.43649759030717,54.563135641169616],[-130.44014546052102,54.56246732557507],[-130.43391070860505,54.55912980338565],[-130.4363819836603,54.55685390645316],[-130.43718787294375,54.55118979577348],[-130.43950328413274,54.54975140811824],[-130.44107650973035,54.546092590106475],[-130.44070797687058,54.541836993374325],[-130.44152360226826,54.53951698284591],[-130.44614298514122,54.53813120141953],[-130.4469685201851,54.53348400076407],[-130.45081412321832,54.528638896896105],[-130.44800588631205,54.523046007216244],[-130.44925689918674,54.51998399793219],[-130.44616997311928,54.513989497116846],[-130.4488961927317,54.511979896143515],[-130.44696469585188,54.510249503817896],[-130.44206729080358,54.51062261176886],[-130.43925058985258,54.50964138843839],[-130.44071118872802,54.50460820360949],[-130.44674860388665,54.50062609552756],[-130.44404290911845,54.497935789081325],[-130.44300620926143,54.49524259492723],[-130.44583381596968,54.49262919678875],[-130.44435309589338,54.4900941142968],[-130.4366872052153,54.48587128618534],[-130.43489029592814,54.48217979677757],[-130.4299036923783,54.47859070816973],[-130.4254011220405,54.473852406033735],[-130.41898057806523,54.47565400356043],[-130.41447119767355,54.475535799213574],[-130.4158682778018,54.479312797615066],[-130.4108038861209,54.47795129140868],[-130.40877319204495,54.47274440297611],[-130.4101016179815,54.469619601499076],[-130.40517707226147,54.46600069455359],[-130.40391057083866,54.46899993608417],[-130.4042658512855,54.47491944825906],[-130.39268294810117,54.47565510109975],[-130.3912378368608,54.468820644741136],[-130.4011694207569,54.467984060928664],[-130.40138791071976,54.46391430809646],[-130.39653300268498,54.46226220213571],[-130.39511777568268,54.46009449839015],[-130.38956429897448,54.46059019532065],[-130.38989370212784,54.46349838848292],[-130.38422790296408,54.463365902038916],[-130.38823961119022,54.4579353895639],[-130.38600479914876,54.456630906369234],[-130.38857770313328,54.45466120078278],[-130.3929942973402,54.454403392554184],[-130.40639510282347,54.452027784266924],[-130.41212961725344,54.45057650363947],[-130.41905880034696,54.45026179005679],[-130.4250933081356,54.44897718849923],[-130.43409790006345,54.451163306237575],[-130.43387009313201,54.45253199055879],[-130.43795280000282,54.45374110834866],[-130.44141131937204,54.456001397539985],[-130.44788189546506,54.45710080617043],[-130.45105207044855,54.45603839601532],[-130.45333930678495,54.45222718827008],[-130.45964178761625,54.44902268823761],[-130.46316148298928,54.45034719670553],[-130.46554831708866,54.44727100610118],[-130.46494620940354,54.440752303676376],[-130.46817959846598,54.43932100075445],[-130.4736672939979,54.43923558845208],[-130.4746942944872,54.4420811118221],[-130.4776480730005,54.44363639678095],[-130.48046405178232,54.441613120690725],[-130.47816846222088,54.441667305152095],[-130.4773313856259,54.427714896053935],[-130.48674180401517,54.427729429024204],[-130.48586109896206,54.4242286927988],[-130.48221212323133,54.42269189974777],[-130.477558707857,54.41544128624943],[-130.4780280326754,54.41466851751393],[-130.32864156086623,54.414366584705384],[-130.3301566891066,54.44767134677202],[-130.33170087263318,54.49270542973673],[-130.33368590995065,54.55044291936997],[-130.38073852021458,54.55067993291041],[-130.39990422896477,54.55155893261336],[-130.4306588022226,54.55223784404544],[-130.4309019504731,54.557886047668624],[-130.430199950478,54.559624471529446]]]}},{"type":"Feature","properties":{"shapeName":"Sunshine Coast F","shapeISO":"","shapeID":"43193130B30795653467218","shapeGroup":"CAN","shapeType":"ADM3"},"geometry":{"type":"MultiPolygon","coordinates":[[[[-123.51372304113792,49.414216866055895],[-123.50994913177087,49.414236416966794],[-123.50731251184575,49.412171236203726],[-123.50721982290042,49.4097617483001],[-123.50347170456351,49.40973768142342],[-123.50168661512886,49.40739827408638],[-123.5013965555284,49.410663717074605],[-123.49628245056132,49.41112836809447],[-123.48832120398131,49.41547090091764],[-123.48491469848192,49.41518888902209],[-123.48237619951432,49.41648490520815],[-123.4809254090224,49.42320149109161],[-123.47938219361835,49.42769631448776],[-123.47514911776292,49.43043929835939],[-123.47365278162329,49.43277499822645],[-123.4741752240944,49.43530010385855],[-123.47206449552425,49.439581306740855],[-123.46681479144365,49.44306630521486],[-123.4687915837285,49.44496479866179],[-123.46776990465027,49.4493684938772],[-123.47280191312471,49.45324229371523],[-123.47271220306283,49.45529318586869],[-123.4810393804378,49.464487899094514],[-123.48225110533221,49.46703719658449],[-123.48549281173118,49.46684349658702],[-123.48672849756262,49.47047241021021],[-123.48687630775729,49.47418668316457],[-123.48584760959947,49.47776290425512],[-123.48335799726017,49.478573307416305],[-123.48317830046282,49.48135340590072],[-123.47787330049681,49.48373181033536],[-123.47170129549767,49.48368619799558],[-123.47110829683176,49.48679099204594],[-123.48492638169141,49.493309594618566],[-123.49059761890955,49.49852080608913],[-123.4937683091082,49.49922719917014],[-123.49616398804368,49.50131219571893],[-123.49361071024343,49.50422900059692],[-123.49419450827564,49.50882208740294],[-123.4937772121421,49.512466592606344],[-123.49233519527512,49.51472260059628],[-123.4922785897859,49.518797296426904],[-123.48682352553408,49.51903650374747],[-123.48219128754714,49.52140359668769],[-123.4813064041866,49.525472486947066],[-123.4778514006769,49.52838218674329],[-123.47128489050584,49.52963258962541],[-123.46372740427688,49.53252378730174],[-123.46120391047273,49.531706305848694],[-123.45645970860407,49.53425279868951],[-123.4552024983869,49.53585929870026],[-123.44591229745191,49.53997811459834],[-123.44184389375428,49.540983615590534],[-123.43638329404422,49.541086093059874],[-123.43335559679889,49.54254448953573],[-123.42887741736958,49.54256160207825],[-123.42055379111903,49.54560510358948],[-123.41365579621409,49.55043321456064],[-123.4016487857054,49.552850090314],[-123.39582152317249,49.557179700204394],[-123.39624060403649,49.55935450840432],[-123.39217118723425,49.560681798892354],[-123.38153661133602,49.562434985693926],[-123.37611621031076,49.55863948698236],[-123.36868042242138,49.557503005285504],[-123.36396150553499,49.55511600349278],[-123.36221111338234,49.55572410454498],[-123.35776120910425,49.55406499117456],[-123.35084698425622,49.5558666017243],[-123.35072559229546,49.5639446952302],[-123.3456408913337,49.568628899061366],[-123.3423567864714,49.56963579627933],[-123.33874588423885,49.569376597818064],[-123.3327437961,49.571544311903324],[-123.33227528920618,49.57590809726327],[-123.32434778650652,49.579870209534235],[-123.31880710272586,49.58089278508546],[-123.3153892877673,49.580569499916834],[-123.30869919591606,49.58367280636337],[-123.29771820265756,49.582136109007024],[-123.28862041882329,49.582690106232796],[-123.28648540999819,49.58198519616662],[-123.28068828590538,49.581855600990735],[-123.27672236171028,49.58366035335873],[-123.2768936898335,49.59075742862657],[-123.28187446925315,49.59034708554236],[-123.28458255255119,49.59175984206566],[-123.28744114018755,49.59473564630696],[-123.2911056552113,49.60190303367583],[-123.29406499840314,49.610063211200774],[-123.29991385922392,49.61708859136372],[-123.30395380983344,49.621018839992836],[-123.31903660933573,49.631523802625885],[-123.3241671419905,49.63606720623544],[-123.33006494975508,49.64313955048781],[-123.3311605631038,49.64698288958304],[-123.33625422206529,49.653778158264466],[-123.34853760086256,49.66228272429229],[-123.35160869558803,49.665670981434914],[-123.35131985954372,49.66275255577168],[-123.35682187442296,49.657296978084254],[-123.35973225432019,49.655443239329514],[-123.36861616342671,49.65113800019893],[-123.37310357318586,49.64962432975734],[-123.38238830512923,49.649399558784296],[-123.39091381001744,49.64962296820408],[-123.40175635235877,49.65058464106528],[-123.42920037110055,49.655033504346434],[-123.43701669445184,49.655863378655084],[-123.44328472967895,49.65542194050301],[-123.45437322094526,49.650477328421495],[-123.45719229291119,49.647649264498824],[-123.45770143762631,49.645738032373885],[-123.45197468878543,49.640325492369584],[-123.4503403329383,49.635940289182315],[-123.44989795790282,49.63152961731798],[-123.45332214841166,49.62331867779877],[-123.45775249761584,49.61903142032684],[-123.46216332011701,49.61753301800293],[-123.47252803930792,49.61580423836314],[-123.4805187461891,49.61588148178553],[-123.50336898669883,49.620573794919835],[-123.51983389782326,49.62547023738001],[-123.52337895658025,49.62713881243304],[-123.53140196742707,49.63283334367921],[-123.53836900790247,49.634775457285855],[-123.54640079012358,49.63238748550927],[-123.56276555463629,49.63116035730311],[-123.56468048994425,49.63056911256055],[-123.57160000503832,49.62584353729772],[-123.5728868216913,49.62403632190699],[-123.56752352616564,49.618640667797045],[-123.56689989809992,49.61602909015416],[-123.5683188971133,49.61430209764206],[-123.57834446649375,49.61096682119042],[-123.57471303077416,49.60792925140301],[-123.57371497018818,49.602929250628904],[-123.57482087180041,49.600185872500646],[-123.56844657713079,49.595362734806635],[-123.56899902409846,49.59241537393221],[-123.5726255219725,49.58955337690926],[-123.57308415500113,49.587789764586574],[-123.57075456400588,49.58331180812693],[-123.57229070866369,49.58071604832776],[-123.57859799215844,49.578201952737096],[-123.58169967907503,49.57949879618428],[-123.58652077941947,49.57898627790077],[-123.58955405879811,49.57550827138276],[-123.59379236723218,49.56737479239797],[-123.59479473255266,49.55488612232334],[-123.59211356626571,49.55275978369187],[-123.59067747274844,49.549917176678676],[-123.58962578612726,49.542911184659054],[-123.59352290269673,49.531596962563185],[-123.59740154961354,49.523315384161315],[-123.59959128972149,49.520586087593166],[-123.59901922432644,49.51405842517599],[-123.59855634073962,49.4908473398104],[-123.62853872793158,49.49036920264668],[-123.62800971186573,49.47592743117374],[-123.6214730892954,49.47602287646038],[-123.57978668159481,49.47538650905719],[-123.56612388601003,49.475362155950435],[-123.56610102168507,49.4609618406346],[-123.5729069667281,49.46098392505164],[-123.57285618811112,49.45560099504259],[-123.52931573174341,49.45549841867011],[-123.52789054522717,49.42501267107007],[-123.52238288092245,49.42381930002124],[-123.51882341149874,49.42450310238476],[-123.51851590420972,49.41777959917993],[-123.513700200388,49.41784378719183],[-123.51372304113792,49.414216866055895]]],[[[-123.42389041774089,49.52701919503968],[-123.43235969354859,49.523605389441656],[-123.43521549790621,49.52165139436255],[-123.43422470574782,49.52036100991555],[-123.43771560793454,49.51827878322733],[-123.43775238820814,49.51630919096568],[-123.44243719929351,49.511963904554776],[-123.44199740744851,49.51057098415096],[-123.44555219035128,49.508156989092946],[-123.44724032278194,49.50532570301534],[-123.45091330780886,49.50228919653429],[-123.44687958866342,49.49766340017988],[-123.44490929930765,49.496519799221126],[-123.44302151268899,49.4923709990167],[-123.44268079990087,49.48690350026093],[-123.44394500291588,49.48472159352585],[-123.44760052057457,49.482666502687124],[-123.44889970952852,49.47992628606408],[-123.45334651421064,49.47407989877552],[-123.45739779557896,49.47323679918594],[-123.45932848967432,49.47172710558157],[-123.45571377928462,49.468952797746695],[-123.45699300550233,49.46553040732343],[-123.45250169462192,49.46319038974882],[-123.44902201700945,49.46302519381419],[-123.44653368374013,49.46099289495778],[-123.44645380459204,49.45837520169195],[-123.44851468607784,49.45584010042232],[-123.44773870840775,49.45394450147792],[-123.44297158925183,49.45162439286981],[-123.44074909270527,49.45155180434511],[-123.43859320742118,49.44811519810334],[-123.44130680516365,49.4460172940685],[-123.44672639615482,49.43967389825698],[-123.44637211638994,49.434179298408594],[-123.44209089479405,49.4350764869797],[-123.44033301383124,49.4343187958742],[-123.43588721239105,49.435424001879085],[-123.4329305159148,49.439582705518326],[-123.42873468992403,49.44084739425723],[-123.4245393869435,49.446944509492965],[-123.42267310942132,49.452869184570496],[-123.42333820186451,49.45651091239706],[-123.4210050083024,49.458056203212365],[-123.4195022102083,49.461264891535976],[-123.41641240012395,49.46165369129254],[-123.40951519784277,49.46851410115969],[-123.40550469260974,49.46918489704767],[-123.40372880093692,49.471556211714464],[-123.39996159096006,49.47161460075256],[-123.39969039160304,49.468675106041935],[-123.39790379781444,49.46803271198734],[-123.39905049517127,49.46479979399275],[-123.4017654961715,49.4644038919003],[-123.40301799112517,49.46227610946105],[-123.40600289357359,49.46102420234258],[-123.40720489714732,49.45781829088968],[-123.4052131112267,49.455630691902556],[-123.40304228704855,49.4567630086809],[-123.40043149613015,49.454766194932375],[-123.39611639601114,49.45346729516201],[-123.3923718013935,49.45451410425141],[-123.39020549648505,49.456186191495625],[-123.39033810174854,49.464281386730526],[-123.38939570980142,49.47081420737567],[-123.38783100061444,49.47359851112281],[-123.38569588367398,49.47416399428356],[-123.3835031214098,49.47796660447877],[-123.38084911845641,49.47921699943388],[-123.3769864983201,49.47959019436108],[-123.37198710537022,49.477636200660164],[-123.37149980245412,49.47512808642028],[-123.37526501176764,49.47286650209444],[-123.37706930489978,49.47060338349338],[-123.37664688111612,49.46780770143139],[-123.37347760113627,49.4665856944553],[-123.38212987692147,49.46098859313853],[-123.3818635048362,49.45689679896591],[-123.3774007129714,49.45433898778466],[-123.37327699345722,49.454676488238825],[-123.37294961012984,49.45700790236406],[-123.37107271725868,49.45874119444147],[-123.36772600023563,49.45965129338128],[-123.36392258994485,49.46210950328678],[-123.36480170748212,49.46340120691815],[-123.36168990718187,49.47189380418545],[-123.35819658737176,49.4756194945362],[-123.35295341335711,49.47594139465968],[-123.34513579937136,49.477224586132685],[-123.35739950474594,49.46460320520754],[-123.35819328089345,49.461919995927346],[-123.35747249168351,49.45952019803593],[-123.3615890050979,49.45450698906129],[-123.36495048037325,49.44818209921457],[-123.36764801598012,49.44732760539943],[-123.37177560520111,49.44409458789036],[-123.37474238583688,49.43891339692308],[-123.37294288909588,49.436138990432255],[-123.3729891867838,49.433108307510004],[-123.37080977823616,49.431369297908844],[-123.364903203096,49.43076829572675],[-123.36141799236313,49.431219789075726],[-123.36001648286089,49.43384170350484],[-123.35764990622903,49.43480170380187],[-123.3538950233721,49.43810580251128],[-123.35053147654047,49.438413497114674],[-123.34778800783779,49.44031898668534],[-123.34249708932543,49.44121630765197],[-123.33914530598187,49.44326860790169],[-123.33619301829613,49.44341240052708],[-123.33369420417895,49.445001796876575],[-123.3308152066986,49.45195478518646],[-123.32823817853027,49.4542463983935],[-123.32413662543846,49.45599390374484],[-123.32303170114143,49.45162580538626],[-123.32662620939597,49.44842278682995],[-123.32499941111423,49.44665539059651],[-123.3214609105165,49.44550459421156],[-123.31591928570076,49.44819059246802],[-123.31519089462546,49.45513789343752],[-123.31600848470616,49.45786099515242],[-123.31446111452884,49.45987059624748],[-123.31452260501155,49.462973895566755],[-123.31656170215994,49.47099219733295],[-123.31850499901019,49.47489029642299],[-123.3206134856891,49.47628740345591],[-123.32492350190167,49.48100730557537],[-123.32784150630711,49.48184469397888],[-123.3292514925713,49.48417051064396],[-123.3343340858963,49.48641359615352],[-123.33542821773987,49.491033705115186],[-123.33257940656354,49.490196308720115],[-123.33089030306668,49.4917301853021],[-123.32924630120327,49.495781999219155],[-123.33120492145396,49.497404203958894],[-123.33429890608144,49.49734151076149],[-123.33859869749134,49.50021699625827],[-123.34168189106381,49.50068419593067],[-123.34266240882171,49.50466620801192],[-123.34696099732393,49.5068837011556],[-123.34647920058866,49.509269301208484],[-123.35307680530006,49.51622939909415],[-123.35750061013725,49.51841980042875],[-123.35715288903286,49.5238617014178],[-123.35537329798633,49.5261974095191],[-123.35891648557757,49.53081899367758],[-123.36248491745808,49.53114090703302],[-123.36735429158139,49.52804038859517],[-123.37789848842587,49.53173050989716],[-123.37791460807519,49.5336816887437],[-123.38044189680845,49.53523829738603],[-123.38910638394177,49.531818794550524],[-123.3928089878577,49.52806460628329],[-123.39617209129625,49.52720720266248],[-123.40281938197244,49.52713030127269],[-123.40703631431425,49.52577589860057],[-123.41730141497465,49.5270704907639],[-123.42389041774089,49.52701919503968]]],[[[-123.32276858814475,49.55646189512634],[-123.32439631078049,49.553623385440844],[-123.32328579445172,49.55101858858197],[-123.32119727605345,49.55077219523148],[-123.32058130265715,49.545583797556574],[-123.31935418615731,49.54377928981238],[-123.32446370797679,49.5409137907997],[-123.32472681107525,49.53895268650632],[-123.32756689949838,49.5338624970797],[-123.32493948713521,49.529192593789205],[-123.32536790372691,49.527329704726476],[-123.32011088341126,49.52000359415196],[-123.31583439621267,49.51673220724974],[-123.3121802202714,49.515762302829216],[-123.30903031633746,49.51336959764227],[-123.3014728794647,49.51333539692088],[-123.2974814012582,49.51585479271741],[-123.29840608207499,49.51781309359479],[-123.29386469843828,49.518597909023036],[-123.29030900872843,49.522286609007246],[-123.28604039763722,49.52000360926084],[-123.28386630013075,49.52382189035471],[-123.29237361973739,49.52566340471909],[-123.29363730873575,49.52900600509905],[-123.29130301088033,49.5361355976669],[-123.29126750459206,49.539284504829794],[-123.2924568965745,49.54413819491021],[-123.2950167951196,49.54706348863821],[-123.29933418923366,49.54757481238987],[-123.30684599957999,49.550549994528666],[-123.31763382065996,49.55764540061604],[-123.32276858814475,49.55646189512634]]],[[[-123.45922920217248,49.41078659420142],[-123.4641561196405,49.410011903151116],[-123.4653768136875,49.40775729795512],[-123.46903628820259,49.40564669840227],[-123.47208949205304,49.40048961557515],[-123.47449578760116,49.40009220510101],[-123.48235419681552,49.395895092674614],[-123.48769899971008,49.39154699456119],[-123.49154557909962,49.390360591859654],[-123.49537632077414,49.387718697850865],[-123.49549281889747,49.384155302158554],[-123.4911069865152,49.385011289482925],[-123.4879966064595,49.38675169600009],[-123.48486770398746,49.38681859095276],[-123.47868159670239,49.39105420507941],[-123.47467229131337,49.39122369856668],[-123.47182668278163,49.39327599479753],[-123.4643602008089,49.39211098657824],[-123.46125778930472,49.393291608973485],[-123.456231407195,49.39084768956455],[-123.45089418183511,49.39173209903685],[-123.44619598811623,49.39344120885596],[-123.44188540735222,49.3908220939357],[-123.43901878681243,49.39068960876314],[-123.4344432841006,49.393683298062136],[-123.4321001932424,49.399881495518336],[-123.4295560101949,49.40231119490627],[-123.43221781965269,49.40405440303642],[-123.44200759029074,49.407426903174944],[-123.44870219465474,49.408426705002036],[-123.45210428531749,49.40969000644734],[-123.45524699757317,49.409624497795676],[-123.45922920217248,49.41078659420142]]],[[[-123.45998850048471,49.37116089326697],[-123.46400347498714,49.370326293448876],[-123.46637311147309,49.36889488954007],[-123.46744360633117,49.36555379987567],[-123.46954380680945,49.36334200321167],[-123.4676984032828,49.36208008430779],[-123.47091351320486,49.35837000245282],[-123.46012699067306,49.35781181161495],[-123.4603198883993,49.36386461178366],[-123.45493400995318,49.36513649580338],[-123.4560032102497,49.36774850954113],[-123.45998850048471,49.37116089326697]]],[[[-123.45230690147041,49.51710671318175],[-123.45460439521455,49.51902230880779],[-123.45834508719473,49.51706539285657],[-123.4576699964152,49.51588899261931],[-123.46811971978951,49.51073909933965],[-123.46068759573765,49.510535387466994],[-123.45531539917182,49.50937750310773],[-123.45250009842826,49.51247378631101],[-123.45230690147041,49.51710671318175]]],[[[-123.48800561974741,49.36411100097194],[-123.49179518346905,49.362970205126786],[-123.49110201327068,49.36104749712094],[-123.48622039573094,49.35913479976238],[-123.48487847881012,49.361199898561594],[-123.48800561974741,49.36411100097194]]],[[[-123.4731147899067,49.37108110560624],[-123.47699420709003,49.37182880525071],[-123.47380281024562,49.3680546881914],[-123.47143328926325,49.36954869935765],[-123.4731147899067,49.37108110560624]]],[[[-123.49992981370796,49.40573943698191],[-123.50167859868357,49.40519746131449],[-123.50125723433435,49.40501430865791],[-123.49992981370796,49.40573943698191]]]]}},{"type":"Feature","properties":{"shapeName":"Kwawkwawapilt 6","shapeISO":"","shapeID":"43193130B30996276225603","shapeGroup":"CAN","shapeType":"ADM3"},"geometry":{"type":"Polygon","coordinates":[[[-121.98482738263469,49.15916572674625],[-121.97916588632663,49.15900819678929],[-121.97642934905492,49.160362350640185],[-121.97444596564316,49.162809986556255],[-121.97401999748934,49.16552087540961],[-121.97225141061182,49.16792290345273],[-121.98709761984232,49.16763373962373],[-121.9841016634243,49.16277180366535],[-121.9850583748756,49.15962373980312],[-121.98482738263469,49.15916572674625]]]}},{"type":"Feature","properties":{"shapeName":"Strathcona C","shapeISO":"","shapeID":"43193130B31739426066903","shapeGroup":"CAN","shapeType":"ADM3"},"geometry":{"type":"MultiPolygon","coordinates":[[[[-123.83205492677985,50.713938256210234],[-123.82939779079446,50.71667514484171],[-123.82767845172582,50.72170535587902],[-123.8356425359544,50.73089602790957],[-123.84941097470323,50.74067091584557],[-123.86291100884014,50.74285665115151],[-123.8672827789193,50.74776361436658],[-123.85792917161177,50.75567634528632],[-123.84704458697526,50.76104805315853],[-123.8397707370201,50.76876743693593],[-123.83723359807054,50.77701394250327],[-123.8229020798329,50.78647630657612],[-123.81158725734059,50.795134175216205],[-123.80119101864257,50.797181974925934],[-123.80385395202184,50.80779597338126],[-123.8120387150145,50.81931252214899],[-123.82323535040875,50.82324280781766],[-123.8287116205738,50.82877045459537],[-123.82729071837649,50.83727103452928],[-123.82350806969036,50.839802845245885],[-123.80977398466005,50.8373645212937],[-123.79530284089309,50.833680937755226],[-123.78296196289496,50.835577892519815],[-123.76947251676572,50.84083657529633],[-123.7431789908926,50.84407220445857],[-123.73126570679861,50.843924728884275],[-123.72950828236213,50.84286088093973],[-123.71951609558384,50.848329366370706],[-123.71402467142462,50.848770202742266],[-123.71761931833363,50.85119669552555],[-123.71823179450028,50.87126952104254],[-123.72764812406199,50.87624089704287],[-123.73819219093744,50.87552389094116],[-123.74606044567429,50.87279042099506],[-123.7582174748975,50.883463992136605],[-123.76136420343576,50.88829598671543],[-123.75870693272861,50.90501744581514],[-123.76578886101439,50.91079016728496],[-123.77982256228341,50.90659802930942],[-123.79006579949834,50.91061690451649],[-123.8045900026486,50.91118003321622],[-123.82355681570327,50.90428795150191],[-123.83152714378814,50.904486001625],[-123.83510537918282,50.912792354386305],[-123.82724221838079,50.9240939015014],[-123.83461670014118,50.92778988573031],[-123.83829662212172,50.934415442389685],[-123.84953217559092,50.9377599654506],[-123.86498751494383,50.939969402246525],[-123.87413014370155,50.94568544696934],[-123.87485712820131,50.95070454795954],[-123.88187565261461,50.94860085451221],[-123.88855252742528,50.94431407071337],[-123.89420855066923,50.94005205465685],[-123.90979057744951,50.94418717523527],[-123.91986507144844,50.94200576509102],[-123.91648448829135,50.93694019017112],[-123.93665514805525,50.936184945896514],[-123.94344192820165,50.94634474051993],[-123.95185089820127,50.95000689470704],[-123.96363652582532,50.95216396842949],[-123.97137661023196,50.95803643766022],[-123.9827146248554,50.96265502487778],[-123.99579815671859,50.96271144263944],[-124.0022679211954,50.964740974034264],[-124.0022490163322,50.95817176584935],[-124.02769647359644,50.94437187796706],[-124.03226156377235,50.94433678113545],[-124.042167542929,50.942622639994724],[-124.04541591595466,50.94652725290106],[-124.04579153783588,50.951437783820786],[-124.05068752470461,50.95526054128982],[-124.05994498581038,50.9588920567177],[-124.06675244981287,50.97707595316157],[-124.07342559750185,50.98507374944561],[-124.0829290918725,50.9862973449833],[-124.09063140691153,50.991710284651596],[-124.08731169031867,50.99722631397376],[-124.08327980291538,51.00121133198245],[-124.08419185350655,51.00420565058732],[-124.0871476067359,51.00969932361726],[-124.09782643835811,51.01417181902541],[-124.11390114133522,51.01497609186239],[-124.13013888848438,51.02345930525329],[-124.13490355719843,51.02869948086238],[-124.13768322107136,51.03066251553149],[-124.14867400270555,51.03185230444371],[-124.15520402434375,51.036632669919705],[-124.16018590048192,51.04229113000653],[-124.16351855038616,51.048034529972696],[-124.16163231871028,51.05284098481636],[-124.1692274609338,51.055409544752884],[-124.17316800609635,51.061483745036355],[-124.16645245635314,51.06847258795866],[-124.15989144659666,51.077776445052585],[-124.16569380221797,51.08097651262233],[-124.170261275494,51.08811629502686],[-124.16952314033261,51.10081660008284],[-124.1746049580237,51.10960478643784],[-124.17482056604669,51.11822002142478],[-124.16802810741198,51.126024133155894],[-124.17562893159287,51.13212334516816],[-124.18004357665998,51.12990003193829],[-124.18413160318099,51.12978285497998],[-124.18679813261222,51.132802409346034],[-124.1853261104412,51.135293241322536],[-124.24527098414843,51.14852771734425],[-124.25676286680277,51.14315384715784],[-124.26897006612175,51.13917856412588],[-124.27772308907826,51.13840332063873],[-124.29731995628423,51.13743392124443],[-124.31991509050464,51.141017764310774],[-124.33994157814132,51.1458358502187],[-124.35088365983984,51.14692466809742],[-124.36265508541686,51.145404867084075],[-124.37597315013285,51.1426741195163],[-124.37803569678161,51.158281871962444],[-124.37604214669392,51.173173117589286],[-124.3664059298091,51.19603047224726],[-124.36896881957458,51.20008500687137],[-124.37705004201995,51.195580862962245],[-124.37918408340964,51.19327852156771],[-124.39144326987584,51.19047905938964],[-124.39701691065382,51.18851133547579],[-124.4024899536145,51.18811504508728],[-124.40864616721045,51.18133020083082],[-124.41801378918493,51.17435527233652],[-124.42499422687825,51.17165112418216],[-124.42984090984478,51.168873245891554],[-124.42318928339682,51.16353750216542],[-124.41984269589499,51.157271073524704],[-124.42227136664589,51.151817096807214],[-124.43378308313297,51.14839911072807],[-124.49840249132265,51.16654172815222],[-124.51668745902869,51.16932592444564],[-124.52453079671463,51.1698538645212],[-124.54017649909846,51.175557712508535],[-124.54480489929789,51.179542921666076],[-124.56054806304611,51.18123789903743],[-124.57017871761268,51.17961223959939],[-124.58082605386757,51.18108498739855],[-124.5940197766256,51.1874182456291],[-124.60357256492131,51.18778113694],[-124.61244702998236,51.195617599669696],[-124.62044413350812,51.19481185386208],[-124.62599429278835,51.196470131251154],[-124.63055495485787,51.20106548860202],[-124.65581761375797,51.20715008808017],[-124.67675497341878,51.2192475981866],[-124.67959191917339,51.208947291936276],[-124.68661496605618,51.204452197753916],[-124.71469104916646,51.22560461373177],[-124.73693764553022,51.23093129515692],[-124.74927939028892,51.2358122918535],[-124.76203153470222,51.238223843368544],[-124.7667985156336,51.24348754360414],[-124.77131250119676,51.26012885497103],[-124.78226459898971,51.28908924235758],[-124.79200790948158,51.299226138857236],[-124.79976342167906,51.30542415964576],[-124.80380283106537,51.30561794008411],[-124.81047264892135,51.30875818316684],[-124.82100424014496,51.30854445382347],[-124.8402982927841,51.31075290064766],[-124.84731131521255,51.3146884794161],[-124.85302696577642,51.315072792921384],[-124.86209710921945,51.31929970997663],[-124.87237369300537,51.32174084620921],[-124.87908656617314,51.32092700460999],[-124.8834072798647,51.324517928904534],[-124.88787485612484,51.33039189593777],[-124.89939257573855,51.332714703013046],[-124.90409898193788,51.33215083481669],[-124.91262876198215,51.33250617959599],[-124.92089982692181,51.330291090976964],[-124.93031073000652,51.328507373079105],[-124.9370106630622,51.3301237175394],[-124.94290368682253,51.328571799823685],[-124.96529312933072,51.32825053037272],[-124.9657120670276,51.334737671788076],[-124.9692888896745,51.338969427066864],[-124.97501406004606,51.34130828785511],[-124.98041260329511,51.34133370068037],[-124.98592688414546,51.34262607180923],[-124.9945075668532,51.3428638745335],[-125.00104207127293,51.346407503060185],[-125.0090070295007,51.349717696230144],[-125.02016693674622,51.35178593230606],[-125.0417036521282,51.352132870351554],[-125.04812863150879,51.35506014775908],[-125.05581226501727,51.35528917449642],[-125.06192941082607,51.35739127074255],[-125.06578906194282,51.35394449039142],[-125.07569885502677,51.352528514523215],[-125.08286653665816,51.355608116063785],[-125.0938315460727,51.359237930379614],[-125.11357815537028,51.36054395246412],[-125.13118588449292,51.36406932773886],[-125.14686935872541,51.3702070195802],[-125.15295549267766,51.37372218988127],[-125.16076936840743,51.37586433235816],[-125.16730833887857,51.37500158524154],[-125.17057077399754,51.376913959475544],[-125.16675180654582,51.37974629754391],[-125.16655276540376,51.383096743350706],[-125.17136607648463,51.3920368257623],[-125.17711158359873,51.39857993899672],[-125.18534597966884,51.400196023758696],[-125.19726497409654,51.39963736981665],[-125.20562657902319,51.39474249552474],[-125.21460040358701,51.392294636105156],[-125.22187827341126,51.39303558274072],[-125.228199163387,51.39468462119864],[-125.24319386310572,51.39469373133261],[-125.2510043458813,51.39374065426133],[-125.25620425241405,51.38867181853523],[-125.25790750108065,51.38290135940746],[-125.26666799254312,51.376858351167854],[-125.24645912606867,51.3630951429656],[-125.23535681972128,51.353623858782136],[-125.21630895428864,51.33520617100742],[-125.20493022107168,51.3303359787842],[-125.20366249196238,51.32318590238074],[-125.22124832611068,51.310863842549736],[-125.22161666657783,51.30662011079653],[-125.22512011000929,51.301857618781774],[-125.23355101828398,51.30065625236948],[-125.24323103073894,51.29653363379077],[-125.24691037392967,51.292322242358686],[-125.25625900235914,51.291402636668245],[-125.26175685400617,51.290232452300145],[-125.27758987106225,51.283873311403],[-125.28399866294532,51.282977361995144],[-125.28476274292757,51.28138676538455],[-125.294778745707,51.270244941330034],[-125.30777264080064,51.26167171288201],[-125.32864381145076,51.24964934165499],[-125.32243942588754,51.22555657492375],[-125.32214892895391,51.221238465241036],[-125.32371260391284,51.2189374900872],[-125.33027060794316,51.21539320026851],[-125.33151444172267,51.19974378646653],[-125.30544537314552,51.1969432952941],[-125.29862865635621,51.187505581708685],[-125.29742945823139,51.18125457720041],[-125.29398619067588,51.179268812015145],[-125.28776936494545,51.17439034629004],[-125.28264808515945,51.16881522834694],[-125.27091871257281,51.1675323450353],[-125.26233850183328,51.16470529439448],[-125.26009011456719,51.1603659145093],[-125.2648779916041,51.157331326826714],[-125.27439020327657,51.159417317511576],[-125.28547431738478,51.15378726993917],[-125.296200804886,51.15017059938727],[-125.29842866767439,51.14727367523894],[-125.29320130698576,51.140895655827954],[-125.28649762237357,51.13153460596894],[-125.285908396517,51.12539999261515],[-125.28825937245476,51.12315282779031],[-125.28680779202163,51.1191684847772],[-125.28978727080542,51.11520356496518],[-125.29041819695671,51.11160001427551],[-125.29596860502343,51.10768765411606],[-125.29669077477429,51.10346828091141],[-125.27818580729067,51.09299793079688],[-125.25305156336037,51.08283074684773],[-125.24289831004869,51.0642205074213],[-125.24561660714744,51.053609280703796],[-125.25886928766852,51.05645033084136],[-125.26110521005651,51.05525345558426],[-125.26675860342458,51.05467476449379],[-125.27431299718602,51.05095212927045],[-125.27975398570865,51.04959712037964],[-125.28356204773308,51.04756431692125],[-125.29190822635341,51.049925002651406],[-125.30049045809882,51.04869296565512],[-125.30947695234931,51.04858716254955],[-125.31417548557204,51.046425448566936],[-125.32507918239709,51.04593384527084],[-125.32778476764034,51.0427070978517],[-125.3251385581305,51.03314239399093],[-125.32190326157188,51.02594869793034],[-125.31561377129371,51.023662775850376],[-125.31528405740391,51.017559667874],[-125.31221664829819,51.01150242781335],[-125.3089683613425,51.00702760399918],[-125.29889874195575,51.00763741784582],[-125.28573017416636,51.01092999210171],[-125.27997002789319,51.01072158645476],[-125.27963658570897,51.00597798385422],[-125.276891151847,51.00450958523498],[-125.27597150352922,51.000499300057946],[-125.27403242013487,50.99730082360768],[-125.26165436624485,50.9911408165024],[-125.25479702074358,50.988225154664185],[-125.25273828543247,50.985031117882194],[-125.2547256459833,50.98047601371769],[-125.25453082585483,50.97464668815601],[-125.25232363085475,50.96923501776757],[-125.25277052319397,50.962732549172536],[-125.25476025515057,50.95996486333751],[-125.25979737666086,50.960044641283446],[-125.27197235919452,50.95680289218521],[-125.27470241637765,50.95661727070058],[-125.27838428077487,50.95852902728176],[-125.28520437756991,50.95929011348613],[-125.29712832171472,50.958585341489425],[-125.30265069450334,50.95757763456242],[-125.30825637514,50.95490574285045],[-125.31798474040525,50.95602442403265],[-125.32585486339376,50.95476453064648],[-125.3383033244583,50.95182004961583],[-125.36646850690433,50.94247463156271],[-125.37453561914157,50.94072851889174],[-125.38733297540536,50.941322055898],[-125.41156265036453,50.943824634882304],[-125.4157358547279,50.94310231276868],[-125.42056942409482,50.94029699920533],[-125.42793669910273,50.93481857084789],[-125.43178726530421,50.93339696740578],[-125.43926823580921,50.9320647153464],[-125.44311813736698,50.93064269124535],[-125.4554004936114,50.92262902683166],[-125.46451688995853,50.91782767880438],[-125.46935329694466,50.91154035099866],[-125.4714348812887,50.909952488436666],[-125.47852904728161,50.90855397948367],[-125.48640628189986,50.90870414509395],[-125.49065050973755,50.90631507009267],[-125.49704874453826,50.900673786663994],[-125.49838168920611,50.89793005304625],[-125.5031142890735,50.87899306513795],[-125.50340087527853,50.87581817165887],[-125.50066459594501,50.87007956703092],[-125.50477387022624,50.860579190494605],[-125.50472068282903,50.85773480155208],[-125.5030464638058,50.851399288092715],[-125.50390132815421,50.84535474437644],[-125.50489279256976,50.842941734308425],[-125.51113811411255,50.83714838179628],[-125.51415737910865,50.8362324319997],[-125.52086134594282,50.8372185490581],[-125.5307438845542,50.83641157234127],[-125.54395937578376,50.832934307553145],[-125.54445376281097,50.831727670811276],[-125.53886084494363,50.82500304637326],[-125.53512007799101,50.8192291152193],[-125.5304642449925,50.810726108428845],[-125.52838921916667,50.808835893076946],[-125.51888220868483,50.80519850640941],[-125.51009863814808,50.801293272903564],[-125.50345529603356,50.79516462367704],[-125.5032306807917,50.79422526765133],[-125.51328703988398,50.78803724863028],[-125.52077793215017,50.78116456466783],[-125.52313187127419,50.77988079469427],[-125.54120064648691,50.77967706553642],[-125.54991005412523,50.774109687363584],[-125.55074109204674,50.766912216488144],[-125.5466584587121,50.75303222168919],[-125.54723812485608,50.748663652722286],[-125.54901412374892,50.744205442655186],[-125.53758688000823,50.7350896769563],[-125.53736274551387,50.73173199517419],[-125.54366738090297,50.73009639337566],[-125.55276594015241,50.72509371098284],[-125.56095893052496,50.719110728833584],[-125.57028760910707,50.71487952336137],[-125.57664098882536,50.71433549195573],[-125.57570697492675,50.70952020168691],[-125.57044709695573,50.70398645493713],[-125.56712375757415,50.6969229368583],[-125.56188675651127,50.689509161502585],[-125.56161734285976,50.684548865480465],[-125.56932328939925,50.677529438798295],[-125.57532008218334,50.67539606299057],[-125.57876401760473,50.66945807963166],[-125.58545493162825,50.66741769825222],[-125.58467893195483,50.66132318443785],[-125.58278397496325,50.65690424529742],[-125.59059337528446,50.644327598290914],[-125.5888196856086,50.64201061927311],[-125.59232432990152,50.63950654240082],[-125.59760693211827,50.63412420462104],[-125.597231854109,50.62583879055332],[-125.59857650082184,50.6185517865603],[-125.605212031858,50.609363028702326],[-125.62164348037788,50.602519934023384],[-125.64348019290738,50.59768098198483],[-125.66287557014734,50.59633688002104],[-125.67822443087327,50.600956620364194],[-125.69308304931943,50.60293284977581],[-125.74043896310052,50.60512438049858],[-125.74413714972358,50.60446377910873],[-125.78009277748845,50.59326841814682],[-125.78704701632567,50.593259461112375],[-125.79891526993471,50.58791321488751],[-125.80599452563243,50.58139536315357],[-125.81431180337408,50.57466856796723],[-125.81976060953227,50.57321615576452],[-125.82782836876315,50.573690260535656],[-125.83216239103271,50.576469406248286],[-125.83585702957869,50.58027098054848],[-125.84263755108277,50.59141014030409],[-125.84625592975411,50.59830284093922],[-125.84745553403546,50.606350405089316],[-125.8499096584651,50.616585507882874],[-125.84850746903969,50.62116898165891],[-125.84979422292177,50.624317768662046],[-125.84910331860493,50.626971842011486],[-125.85109317111107,50.62749580422312],[-125.85526253660754,50.63491470749091],[-125.85631428000409,50.64000511627703],[-125.8596875651257,50.641125735756404],[-125.87427554768296,50.63398819356923],[-125.88170999931681,50.63388662644047],[-125.92669082018398,50.63391214553857],[-125.94105064577319,50.63266094399304],[-125.94536510252894,50.630824207485404],[-125.94764669243023,50.62773510252691],[-125.95494481313311,50.62573270748304],[-125.95458429802778,50.624267096501356],[-125.95891278147978,50.62245699873718],[-125.96652839772909,50.621938599409965],[-125.96945288539533,50.62055140419873],[-125.97219011151257,50.620886099788706],[-125.97518729473559,50.61931659992694],[-125.98173291656032,50.62087609777362],[-125.98590098790822,50.620606903351394],[-125.98829079588366,50.618603106666306],[-125.9929553973039,50.61923831208805],[-125.99965499214849,50.61919269775944],[-126.00229139658983,50.61836949304888],[-126.001373703879,50.6161249010561],[-125.99885290382332,50.61502969487544],[-125.99987358992348,50.612845009084495],[-126.00474950660346,50.6110831924518],[-126.03147239884701,50.612370698023255],[-126.03690990614518,50.60909079355113],[-126.04313852052844,50.60915060239682],[-126.0495348907067,50.610428100183604],[-126.0528383947752,50.61024300452219],[-126.05588629995606,50.608313204737435],[-126.0597369227417,50.6039138019923],[-126.06739758480028,50.60279290124455],[-126.07064202418198,50.6003746037553],[-126.07523630067485,50.59970671319207],[-126.08329638627511,50.60030479325394],[-126.08722530200134,50.59847900880901],[-126.09390179231532,50.59887061538204],[-126.10283700849888,50.59811299455992],[-126.10477580865381,50.593716410257564],[-126.10841109702642,50.593186612420226],[-126.11084411371355,50.5906202013049],[-126.12605172124148,50.59311970232851],[-126.12823268989071,50.58955770638535],[-126.13014010978408,50.58862349005178],[-126.13343278076417,50.58976710164271],[-126.14289591446828,50.587264803826535],[-126.14854750331087,50.58729609870007],[-126.1509397007989,50.582307092785754],[-126.1504293019566,50.579524213094565],[-126.158387186578,50.57688510013471],[-126.16977438171199,50.578035895289474],[-126.17217729344219,50.57566600468068],[-126.17849761980237,50.57391140196421],[-126.18213760171699,50.57182350736241],[-126.19039528726668,50.56909039674928],[-126.19078909453435,50.567462595425354],[-126.18937561036473,50.56367699326794],[-126.18642358672969,50.56178000665373],[-126.18685908829018,50.55777939231143],[-126.18864250934404,50.55607740427666],[-126.18859929359026,50.55276611252501],[-126.18990410027251,50.55053870045028],[-126.18634000490148,50.549221308242785],[-126.18818959687844,50.54683719990388],[-126.18620809759453,50.5433521047752],[-126.18645479201774,50.54064181333897],[-126.18404477591257,50.53701299471439],[-126.17868438866711,50.53649599131844],[-126.17589198643229,50.532227604520955],[-126.17631970957527,50.52813590561245],[-126.17268229524043,50.52311839764006],[-126.17350359244134,50.521654301100405],[-126.17709150055627,50.52181240727131],[-126.18167210357171,50.5204749844936],[-126.18428170976377,50.51573528627022],[-126.18763100261253,50.51612269245934],[-126.18732019351863,50.521592991172696],[-126.18646318810087,50.523893103653826],[-126.19057651177964,50.53162949575689],[-126.19496778966527,50.53443370024219],[-126.21078010667419,50.537925889338425],[-126.21372511396305,50.53800559533673],[-126.21671459665103,50.534479315351476],[-126.22068720818942,50.53292828716284],[-126.22498447968347,50.532338694373614],[-126.2353246934677,50.53262920010246],[-126.23872178619035,50.53077629891411],[-126.24828440459233,50.529671208616946],[-126.25284781323485,50.526676107465335],[-126.25642188438707,50.52634559652795],[-126.27252741979795,50.5277328041421],[-126.28439381327507,50.52728130499777],[-126.28502509369336,50.52387751615156],[-126.28721360232335,50.52240910328956],[-126.28433140726105,50.51877030198159],[-126.28416619578519,50.5164816049769],[-126.28184570325489,50.51488079638636],[-126.27679708556303,50.513881005015314],[-126.27697619805663,50.51053829545325],[-126.27091929486564,50.50768990983159],[-126.26191800398338,50.50821540656836],[-126.25982928645153,50.50724838936787],[-126.25482778733279,50.50687950730312],[-126.25203937892323,50.50756029827281],[-126.24723428029245,50.50722130181013],[-126.24181752204578,50.50819980420718],[-126.23965708116462,50.505827001367415],[-126.2395582810208,50.50316239909006],[-126.23348201331602,50.50165980048657],[-126.2288200072371,50.499875308256584],[-126.21944540399492,50.49958048910338],[-126.21473458069845,50.49862200023961],[-126.20808319524136,50.50113431331019],[-126.20334368225116,50.500687096377426],[-126.19446149401595,50.49659670813058],[-126.1892284884289,50.49683030890583],[-126.18739479007768,50.49541889262952],[-126.17998559420502,50.49385371565296],[-126.1794359020209,50.49245510300954],[-126.17582999326874,50.49144108749575],[-126.16855089919459,50.492181691992194],[-126.15833710612122,50.488495798189305],[-126.15550639302214,50.4856389044308],[-126.15079229069345,50.48501079249481],[-126.1459585808266,50.48567449549186],[-126.14494290489372,50.4845066028053],[-126.13984302090574,50.48562320048668],[-126.13163790430403,50.48328040056712],[-126.1258243778981,50.48544799581308],[-126.12077721976392,50.486358103390366],[-126.11687191546005,50.487970307425435],[-126.11299131347438,50.4877936990743],[-126.10486170976343,50.490226305923656],[-126.09957990208915,50.48852148841667],[-126.09724161025969,50.48572859931978],[-126.09454750747965,50.4850762937317],[-126.09303179462394,50.48817819356704],[-126.09524999963796,50.493153006442135],[-126.09328361438716,50.498762997417934],[-126.09117299130304,50.50143619406259],[-126.09081718684865,50.50401688956057],[-126.08878199190623,50.50591819502898],[-126.08095009101626,50.509860412413516],[-126.07801549859747,50.51235851164766],[-126.07411259781179,50.51432960859464],[-126.07299398224617,50.516460201036665],[-126.06933109510817,50.51773629446526],[-126.06846279364065,50.519674604657396],[-126.06514358351687,50.520419502535724],[-126.06171888256576,50.522410492780544],[-126.05903291483483,50.520678697363714],[-126.05166749227278,50.52158021546265],[-126.03964688895358,50.52402839433477],[-126.03681638178679,50.52417229592144],[-126.03373560803675,50.528752497872475],[-126.03093589258297,50.52813299609645],[-126.02797181950532,50.53017959736751],[-126.02578070518912,50.53024080718608],[-126.02143109819546,50.53228891006698],[-126.01825439711881,50.53209941504914],[-126.01055217837282,50.53380849443266],[-125.99995191950929,50.532314499509965],[-125.99731689969164,50.53283290543058],[-125.99157538427889,50.53844999413754],[-125.98840380273403,50.539629211998715],[-125.98532261409456,50.5388800969868],[-125.97707518121798,50.53993689343047],[-125.97511250896031,50.54106629608796],[-125.97517911432023,50.544599697564735],[-125.97133438795395,50.54744239344262],[-125.95631629404654,50.552907114294314],[-125.95516640657155,50.55415048684964],[-125.95077291912781,50.555242804716116],[-125.94343867726798,50.558316298825076],[-125.94133769946684,50.558585489927665],[-125.94493921013667,50.55315920515382],[-125.9428753932021,50.55063981093209],[-125.93728878295045,50.547748701362586],[-125.92853950443877,50.54737548499039],[-125.92369982366712,50.54649820109415],[-125.91942162272609,50.548090504498],[-125.91593569135375,50.54652240799251],[-125.93034487652154,50.544603999056676],[-125.93473690672667,50.54327948416001],[-125.93927240011803,50.542894896608104],[-125.94870311006285,50.54381639454978],[-125.95699107799594,50.54222979932988],[-125.959140982844,50.542553101173404],[-125.96710730666571,50.5408126990663],[-125.97150230907947,50.537290701075555],[-125.97426642164288,50.53637490098043],[-125.97681569409957,50.533133390116035],[-125.98175091340136,50.53350230125911],[-125.98546311422939,50.53216639432468],[-125.98808969814127,50.53308779584066],[-125.9927199865112,50.53268049973855],[-125.9982537966868,50.530020086573316],[-125.99698618286878,50.52895480470214],[-125.98942339274595,50.52941910200338],[-125.98891389151026,50.52583429377151],[-125.98611860343195,50.52380058969845],[-125.97816018148718,50.52223249447716],[-125.98044341975302,50.52060890314403],[-125.99273381215687,50.51996089845606],[-125.99457998149649,50.51880730408576],[-126.00477708114107,50.51936559883312],[-126.00898012222045,50.51830450356346],[-126.01217618612148,50.51952939127955],[-126.02133518861585,50.520151705703746],[-126.02892890122648,50.518780188564925],[-126.03652179231219,50.51512429934068],[-126.03707892380484,50.51252940396207],[-126.03951639508776,50.51034178844974],[-126.04359659001089,50.509159693685255],[-126.05002481821259,50.50922379634136],[-126.05727190650106,50.505664689511086],[-126.0597399004961,50.503397400735004],[-126.06523651914424,50.50279059633443],[-126.07433928157758,50.50610479792432],[-126.07740162145659,50.505885403078445],[-126.08377450099192,50.499064895097916],[-126.08609949272424,50.49840258905536],[-126.0869678986011,50.49369280261293],[-126.08584500290884,50.48900571004398],[-126.08397802047142,50.484982300718656],[-126.07979889288292,50.48325900707663],[-126.07471511685448,50.482257794878684],[-126.0689239851127,50.48197719344635],[-126.0662166957935,50.479255591809185],[-126.06167718493384,50.47740409645644],[-126.059948925338,50.47823300135788],[-126.04963508861066,50.47475219538212],[-126.04710251163989,50.47536180761002],[-126.04113780946881,50.47515668426853],[-126.03609340868803,50.47423670354869],[-126.03466958807955,50.47582039206521],[-126.02989600781625,50.476417087026945],[-126.02869717875573,50.48137049739319],[-126.02268429346437,50.481927410084324],[-126.02148869948506,50.47850498687301],[-126.01826631304478,50.478180296343574],[-126.01605589383077,50.481272311826324],[-126.01537731318699,50.48466330448869],[-126.01077749168583,50.48783790717173],[-126.00900609715525,50.49086860401055],[-126.00562188228629,50.49310319635374],[-125.99999921413837,50.49321850611004],[-125.9958439804859,50.49221870301839],[-125.99218039261903,50.493591709764],[-125.98459011893631,50.493983305738666],[-125.9797040891173,50.49275141198222],[-125.98044808460686,50.48957400555543],[-125.9910360801787,50.48484989206541],[-125.98960122033793,50.48179210113553],[-125.99153570113087,50.48028528826264],[-125.99499798994178,50.48041199893442],[-125.99948260332974,50.478865294861045],[-126.00227201081421,50.47543009795663],[-125.99951701434415,50.47496159342635],[-125.99566129750585,50.47706661293834],[-125.99337490634099,50.47546150868384],[-125.98264230138159,50.471796985641674],[-125.98093970127564,50.46938439809645],[-125.97832918528044,50.472033404405465],[-125.97663609134577,50.4702146874206],[-125.96433348535199,50.4691337068498],[-125.96142009960705,50.46758990988551],[-125.9551832148662,50.47223710134231],[-125.94705161452275,50.46977180205776],[-125.93925030225752,50.471470804475324],[-125.93208568880026,50.47116610439531],[-125.92205510660068,50.47423378161905],[-125.91522411973114,50.473857797486765],[-125.91093878911543,50.476132299307814],[-125.91236378307516,50.47732009571175],[-125.9044215151364,50.479533291534594],[-125.89383519922659,50.48690358445176],[-125.88600031820054,50.49092129600495],[-125.883932898618,50.49055950308007],[-125.87639641009386,50.49115060537078],[-125.87365030416376,50.493511906162716],[-125.86797140877323,50.49406588906381],[-125.86170109891417,50.49599290077392],[-125.85569160970678,50.496437199968604],[-125.848795123012,50.495491604873635],[-125.84705167849188,50.49746839552266],[-125.84261179190888,50.499834004761865],[-125.84113459473804,50.50436868985942],[-125.84194919578285,50.50526590793004],[-125.8394693979094,50.50859138988914],[-125.83506989203653,50.510498410924214],[-125.82925241934845,50.514165805783854],[-125.82801578500178,50.51850390478454],[-125.8264106223782,50.52098899045083],[-125.81433305692406,50.5235089778656],[-125.80817221525353,50.521252703718694],[-125.79947061645562,50.52274809800333],[-125.78927308222868,50.52641969694656],[-125.78466821186112,50.52871690046646],[-125.78148797863965,50.52838789781061],[-125.7795513056943,50.53312908801608],[-125.77828767885325,50.53395949693082],[-125.77192590864281,50.53163798740034],[-125.76854017646522,50.532142198687296],[-125.76339558249032,50.529574299451454],[-125.75387719054604,50.526301507619216],[-125.74934191727858,50.52645239335562],[-125.74383920551419,50.52524329939873],[-125.72985439337766,50.525966792979276],[-125.7241059095166,50.52759470483457],[-125.721564219592,50.52732260245963],[-125.72068358617739,50.52476049489415],[-125.72348409419673,50.52196050863517],[-125.72882618319349,50.519650403671925],[-125.73436420841416,50.51954649676875],[-125.74731598201056,50.5173261030366],[-125.7566071114428,50.51746569475149],[-125.76044459642291,50.51482950197396],[-125.76489730896475,50.515937487617556],[-125.76982529041499,50.51598310183814],[-125.77504950748646,50.51464429775129],[-125.77798229511085,50.51290959905135],[-125.78264141427243,50.511790200058435],[-125.79710069379597,50.50628140860224],[-125.80762169613357,50.505082205604836],[-125.81616058210422,50.5004151017513],[-125.81891320560331,50.493358108259294],[-125.81728588701348,50.489971300390714],[-125.81399859596021,50.488008793538874],[-125.80927720940512,50.48735788850439],[-125.80500857655777,50.48881909904091],[-125.79877539166327,50.49001258829194],[-125.7943372229414,50.491513702686895],[-125.78774461139461,50.49211329115967],[-125.7822282818409,50.49037439678099],[-125.77656270458131,50.49064348234296],[-125.77013239125016,50.494513102335844],[-125.7666992998539,50.49417129710461],[-125.76793799961648,50.49192959137105],[-125.77399958474304,50.48949990640798],[-125.77153261482755,50.48711149880213],[-125.76864369581513,50.488089909380214],[-125.76543429435522,50.485547691315816],[-125.763232321859,50.48524009738973],[-125.76212079469593,50.482855998262345],[-125.76342938469568,50.48137620135972],[-125.77843860246718,50.481766505904375],[-125.78155969663932,50.480890597020256],[-125.78249129925449,50.478529193608516],[-125.77983609691742,50.4782059095104],[-125.77727288694565,50.47585740792922],[-125.7724726923728,50.47546719147656],[-125.76980261277922,50.47343478939861],[-125.76246711262232,50.47722608800287],[-125.75753690834249,50.47749520145633],[-125.75554589530668,50.478648888817965],[-125.75557339244685,50.483506788943636],[-125.7489849042916,50.484641901819664],[-125.74295737741879,50.48475729683747],[-125.7377440888391,50.48700329602133],[-125.73096978225824,50.486893592643646],[-125.72652279244045,50.48752739594631],[-125.71885071095402,50.490190599953806],[-125.71120699495046,50.49017930157409],[-125.70676048871299,50.49105658851611],[-125.69813661992623,50.4901593016635],[-125.69800080342179,50.48803160510761],[-125.70153138628696,50.485403899952395],[-125.70841028263762,50.48442550212831],[-125.7115620037137,50.48208548406658],[-125.71847210084873,50.48137479498507],[-125.72710359413584,50.481928788362225],[-125.73182411729564,50.480917602471486],[-125.74230902091854,50.48014000284357],[-125.75210688134854,50.477696092152634],[-125.76388880738453,50.473540192862664],[-125.76898128450672,50.46881329003363],[-125.7691502996893,50.46638930259238],[-125.76420718625154,50.46549060664382],[-125.76234018793302,50.46150559702113],[-125.75716091461433,50.459675496113896],[-125.75451450821795,50.45755349596925],[-125.7548662118015,50.455106697808525],[-125.75319419901324,50.452501798066166],[-125.75029971427178,50.4514278969701],[-125.74217359295109,50.44539500739743],[-125.73954851437679,50.44458459891598],[-125.73664411086123,50.44086600788381],[-125.73108579574553,50.438756811745044],[-125.71953999261682,50.43194760478342],[-125.71663049363903,50.42714089753632],[-125.71037029579115,50.42280699492632],[-125.70364300087154,50.422117711590396],[-125.69472428425273,50.42500599289932],[-125.6877793058676,50.42445631048016],[-125.68311798492364,50.42590330032607],[-125.6667701996784,50.42843838532947],[-125.66326252453173,50.42766500261748],[-125.65702898055862,50.428743095554516],[-125.65453691069796,50.43027419050263],[-125.65009048415936,50.43460380231767],[-125.64440489135833,50.43620880596767],[-125.64210291411338,50.435838597365624],[-125.63461360845106,50.43793360607608],[-125.6278758877524,50.44445360979394],[-125.62234492316546,50.44657570351978],[-125.62041582168541,50.44937140024085],[-125.6173446846028,50.45042099994022],[-125.61352550606084,50.45627310965287],[-125.61259738754853,50.460908898106524],[-125.60923977288684,50.46415899472597],[-125.60531521444673,50.466577306202375],[-125.60598529403373,50.469043992153814],[-125.60375791692533,50.47031719818658],[-125.60011091937322,50.475508499255525],[-125.59884572012417,50.47889240259906],[-125.59704218129691,50.48020979917209],[-125.59516581380353,50.48482989883064],[-125.5893511939876,50.491670407323994],[-125.58731238142197,50.496410201722576],[-125.58369621556896,50.49835279583083],[-125.58164150157765,50.50130378587639],[-125.58244609626585,50.50544110177399],[-125.59186640537561,50.50670719197288],[-125.5943619075958,50.50566179848439],[-125.59796939660738,50.505851306740574],[-125.60327530968436,50.50486998584238],[-125.60562619435655,50.50298149905669],[-125.60853718686137,50.50309679547592],[-125.61179609279586,50.50107159354528],[-125.61809960186864,50.500021989196156],[-125.62099928833123,50.498399810922976],[-125.62474860246896,50.497865706815354],[-125.62893349261388,50.495512907960496],[-125.63115591098627,50.495417505313306],[-125.63491100145025,50.493470605541134],[-125.63844937774203,50.49446189668812],[-125.63280500469668,50.49667651067409],[-125.63430291454569,50.49872880281553],[-125.62925872046583,50.499319801364514],[-125.62203621383425,50.50157860218626],[-125.61794238028526,50.50561909286656],[-125.6105496017044,50.50504800873635],[-125.60589008603289,50.50854439494663],[-125.60030820400156,50.50838068833388],[-125.59479541694263,50.50970939787904],[-125.58993998391706,50.511949691026935],[-125.59265419296966,50.514389416236114],[-125.59788027695869,50.514993295012964],[-125.6002701161993,50.51384250051965],[-125.60419411583594,50.514877904811236],[-125.60662320591,50.51415870733855],[-125.61149947833982,50.51691879734503],[-125.60010648263427,50.51828029070933],[-125.60090649714229,50.520277106182824],[-125.59584719384047,50.51986829160494],[-125.59180409419218,50.52254010763591],[-125.58809967937242,50.52214559276611],[-125.58279638819572,50.525267503354286],[-125.57819139001948,50.525990997723355],[-125.57455718809167,50.52895910444575],[-125.57272491507162,50.53312770131998],[-125.56965280371585,50.535282488674966],[-125.56591609344257,50.54001521610263],[-125.56418218966225,50.54343609569961],[-125.55857579441744,50.54731001060579],[-125.55044059219459,50.549593006689136],[-125.54965129474897,50.55068960153617],[-125.55267958923231,50.55367339441754],[-125.55363218835856,50.55642209045313],[-125.55704710014315,50.56030450739316],[-125.56011559422542,50.56816179711862],[-125.55995168497984,50.57479439485149],[-125.56096890713737,50.578199709235726],[-125.56357739467894,50.57807861019566],[-125.56658498443608,50.57963239805619],[-125.57096849928809,50.57738498822878],[-125.57525228745243,50.57771399353346],[-125.57154837659651,50.58101529898079],[-125.56787488720666,50.58179859785187],[-125.56099178611727,50.587212101834965],[-125.55808910641844,50.590999000074426],[-125.55278592699001,50.59536140309207],[-125.55566079517588,50.60144279321288],[-125.5574452967932,50.607797591708206],[-125.55647859499376,50.61184948943055],[-125.55732349835938,50.61519489693724],[-125.55697529363339,50.61893489164716],[-125.55490648469716,50.62119369319104],[-125.55758851253196,50.62344678713267],[-125.55741609575664,50.627038702609056],[-125.55872259755718,50.628179514748425],[-125.55650071161398,50.633373498971665],[-125.55426671518642,50.635724904541426],[-125.55477810015347,50.63731429677484],[-125.54005788282733,50.64842169263879],[-125.53954270977022,50.65435068442747],[-125.53472540415264,50.65499591093815],[-125.5353301811475,50.659380998354024],[-125.53294291358658,50.66129519231364],[-125.53381318927376,50.664613612526445],[-125.53092400737646,50.66954279354989],[-125.52798249884022,50.67145969160965],[-125.52792938933392,50.6738979951844],[-125.52316810183045,50.676690897401855],[-125.51623619059859,50.677317490338304],[-125.51234307646308,50.678885597849685],[-125.50640660866152,50.679040809958664],[-125.50256530660675,50.67763799505918],[-125.49608199098499,50.678955406467544],[-125.49424081723141,50.68108170501992],[-125.48624370346351,50.68111870803701],[-125.48424859602072,50.68302288751461],[-125.47990299513292,50.683042811779146],[-125.477215197791,50.68551100568084],[-125.46977591390397,50.68779119591894],[-125.46669562243632,50.689530102956105],[-125.46735460694896,50.692367086616805],[-125.4637547932928,50.69826339443491],[-125.46353698445003,50.69980580194544],[-125.4687750202,50.704309105835826],[-125.46903951487822,50.707740092303496],[-125.47368388811383,50.711212301481545],[-125.47220700378163,50.71651458989293],[-125.47686367727138,50.720741698364215],[-125.47562412415527,50.7227370012731],[-125.4636598113127,50.72131849399616],[-125.46089447955472,50.71884039579314],[-125.45931681347452,50.7157426900707],[-125.45652970952078,50.713661906919896],[-125.45381171108944,50.713439693436804],[-125.4502258079738,50.71474719476863],[-125.44233369622019,50.71554328670164],[-125.43882768444435,50.718143894916835],[-125.4341384096465,50.71817949732141],[-125.42995018752376,50.71963358960304],[-125.42642078217987,50.719311805161496],[-125.42179771637979,50.72009079984617],[-125.41846762692224,50.71702160335503],[-125.4146205861186,50.71576970389527],[-125.42660219796795,50.71543078509244],[-125.42816121098198,50.71051439039369],[-125.43558971018187,50.70733700416493],[-125.43709259467491,50.705444200802994],[-125.44075548534398,50.703460306808196],[-125.4414065049131,50.699614910662866],[-125.44444921462588,50.69633069872641],[-125.44991021569723,50.694049097477205],[-125.45179382583099,50.68889070304291],[-125.45100232593869,50.6851208039786],[-125.45279841442922,50.68399419487277],[-125.45444530980315,50.67999359487217],[-125.45382929783418,50.677686389215395],[-125.4584954996011,50.673801098263304],[-125.46438519586603,50.67246240851427],[-125.46722529947779,50.672942385191156],[-125.46960040553365,50.67098410965894],[-125.47691141526961,50.67032609216668],[-125.48515290721859,50.66690229535329],[-125.49041691217693,50.667942001348244],[-125.49906479342762,50.66878218940159],[-125.50698231048437,50.66887338792565],[-125.50987440423009,50.66656189946829],[-125.51348788628097,50.66665449596359],[-125.51930062260051,50.66447830426356],[-125.51813568834137,50.66332471183226],[-125.51342178133643,50.663031296912614],[-125.51026688620534,50.65962739184876],[-125.51357369813998,50.65606550299146],[-125.51370359060958,50.6542738092015],[-125.51743950175789,50.65374260900714],[-125.51988081044503,50.650721801127204],[-125.51771098189187,50.64850149768218],[-125.5199018108189,50.64476720762012],[-125.52206640650547,50.643990986237874],[-125.5248912004254,50.638631688377785],[-125.52851199306552,50.634163987760076],[-125.52962660748248,50.62540648712344],[-125.53143048598326,50.62344250536672],[-125.53409048885638,50.61744799814077],[-125.53330701517505,50.61600819320069],[-125.53422001508068,50.61066310544043],[-125.53310919557157,50.60813230220906],[-125.52991359714753,50.60442360916954],[-125.53045529834374,50.59898888702351],[-125.52759608840984,50.59546109434605],[-125.52844040835258,50.59250160096798],[-125.52656940113634,50.58920600151184],[-125.527640297822,50.586799096067786],[-125.53048088393476,50.586269191514596],[-125.53295630424282,50.58315730164157],[-125.53722459709692,50.583208606089954],[-125.5380312965235,50.58191259808982],[-125.53732749012985,50.57804301092743],[-125.53924989154709,50.57412360869655],[-125.53761170446872,50.56965298420517],[-125.53971211460359,50.56721470839511],[-125.53875692032749,50.5628366969507],[-125.53634798848915,50.55981309935798],[-125.53209289383925,50.55945710433345],[-125.5261768141275,50.55788469371841],[-125.52243410243341,50.55175070070414],[-125.52342641863676,50.54763610569555],[-125.5268225044104,50.54487319091192],[-125.53001971236007,50.54077430846194],[-125.53007741825536,50.53686059886453],[-125.5289112091906,50.53457328543219],[-125.53718580130804,50.53071510116227],[-125.53865939412847,50.52635561016906],[-125.54215330691117,50.52596539298875],[-125.54600348349668,50.52383049957104],[-125.54736437957968,50.520570491941925],[-125.54436351263386,50.519332795488],[-125.54625387556527,50.51749269705857],[-125.54444237962723,50.51292669680331],[-125.54645410107044,50.5120450840719],[-125.54698159644558,50.509272204160794],[-125.55044347586055,50.507802397954805],[-125.55080607462943,50.50485289445399],[-125.54727132100032,50.50387869786994],[-125.55007290172372,50.50169399589164],[-125.55159928717745,50.49888970229005],[-125.55630248198175,50.497726092997],[-125.5598202950799,50.495992895773234],[-125.56049540707588,50.4941613041564],[-125.56624280204808,50.49172308659584],[-125.56811301419349,50.488505802694554],[-125.56881282251241,50.4847587008131],[-125.57660720035969,50.479530494822896],[-125.57491400332975,50.476149386185114],[-125.57911188420213,50.470120706543845],[-125.57805499985083,50.46806559808259],[-125.58562830807143,50.46376019396557],[-125.59001041345624,50.46016399270543],[-125.59076839051245,50.45752930515345],[-125.5942142001267,50.45430339889269],[-125.59314719261396,50.44924609360505],[-125.58943739831996,50.44939128555594],[-125.58333419462375,50.446233913075886],[-125.57850981056579,50.44794290009562],[-125.5756506145749,50.44767369432308],[-125.56775471317486,50.448593791644555],[-125.56332487594841,50.44977159576762],[-125.55736972126562,50.448543904089895],[-125.55148668282224,50.45023869520219],[-125.53954591596109,50.44849409398081],[-125.5328811944143,50.45030419874346],[-125.5298000798714,50.45014619641557],[-125.52873318799223,50.45204890385688],[-125.52521937624766,50.453267995358296],[-125.516376392362,50.45335209267467],[-125.5069044988986,50.450056398863985],[-125.50356260676054,50.450812685649524],[-125.497274106456,50.450975090217995],[-125.50044251765226,50.44828040052648],[-125.49861079964585,50.44614269592873],[-125.49463010736585,50.444366686225194],[-125.48102020452183,50.44352359580096],[-125.48282638564466,50.44141719513484],[-125.47870229239594,50.44094720207827],[-125.47478158819659,50.4427218031861],[-125.47696720372926,50.44411461024936],[-125.47492090270217,50.445659892941116],[-125.47169809431304,50.44574678975567],[-125.47095809406505,50.44396371599245],[-125.46613038654141,50.44564849677001],[-125.46224029956342,50.44507450617546],[-125.46081280427306,50.44632788839216],[-125.45201988819201,50.44739460383284],[-125.44806269907193,50.446290799244515],[-125.44459420995551,50.44789310419724],[-125.43964300308218,50.44775490117495],[-125.43609362700934,50.44913350317456],[-125.43222990472884,50.453208194850106],[-125.42646869127515,50.456251709625114],[-125.42522930822679,50.45764459919928],[-125.41758271008793,50.45796510356926],[-125.40775089163802,50.462738996712936],[-125.40450689853448,50.466034590948496],[-125.3968277919424,50.468280604315105],[-125.39702321591434,50.470767306546044],[-125.3949903115979,50.474038701889555],[-125.39242040681538,50.47534180615387],[-125.38934590471642,50.478651703674366],[-125.38661129843815,50.4803179877862],[-125.38023921275513,50.4867895960106],[-125.37597850197253,50.498255909258795],[-125.37708319313832,50.50002340676338],[-125.37374858423543,50.50385169796063],[-125.3735445847468,50.50538409533084],[-125.37610880176686,50.50925369628452],[-125.38721418032215,50.51941539980611],[-125.38825369285111,50.522416198929754],[-125.39292671518378,50.52330070229449],[-125.3981629848289,50.52694380328092],[-125.40010318097033,50.52902600122059],[-125.39925599257296,50.53150841534218],[-125.38581798434387,50.52671170038977],[-125.38180299559896,50.52653359175411],[-125.38062679590539,50.52899471531813],[-125.37785121703641,50.52990619359807],[-125.37451760824723,50.532627785970796],[-125.37265581497941,50.53632649150879],[-125.37141040211456,50.54468949035985],[-125.3747104889849,50.55026241148261],[-125.37155639078323,50.55408639619942],[-125.3680319153572,50.55557040602064],[-125.36810259376482,50.55784490660565],[-125.36359930664109,50.55727948561081],[-125.36113769072877,50.553246102141784],[-125.36122819384698,50.549115912797554],[-125.35938338257154,50.546085203833705],[-125.35403921070733,50.54195779293077],[-125.35422318863577,50.540280091503384],[-125.35198829850341,50.53704290342112],[-125.35719430244384,50.53503048741791],[-125.35811358463845,50.53307789114093],[-125.35716250477398,50.529004607564445],[-125.35333141413082,50.52547540433303],[-125.35660798362336,50.52386179810896],[-125.3578472083475,50.51927590389543],[-125.3565378811294,50.517064103733105],[-125.35715160688183,50.5146400996478],[-125.35409240996351,50.51354199881123],[-125.35289839788629,50.51168621322898],[-125.35340440970879,50.509085599115345],[-125.35106869362725,50.50751329696601],[-125.35413469699598,50.5036194903448],[-125.35499311554246,50.49851089694144],[-125.35786518298107,50.496995504283],[-125.35310811081501,50.49150659971047],[-125.35224638146745,50.48466189351231],[-125.35084660808192,50.48199998766378],[-125.34477390420254,50.4766721001091],[-125.3434548958931,50.47477361257188],[-125.33755068880201,50.47081711224815],[-125.33139570883158,50.46859390892901],[-125.33027912207187,50.46738340486813],[-125.32102570965645,50.46406068694811],[-125.31455758613042,50.46060980601938],[-125.31071351784594,50.456612097405575],[-125.31070351877378,50.455551006966715],[-125.30487471177041,50.455045398321595],[-125.30154188380158,50.4554626947751],[-125.29733949877718,50.457127599495585],[-125.29851969143535,50.45964139541834],[-125.29886080073473,50.464932284184016],[-125.29344731323553,50.469851502188675],[-125.29186608745516,50.472986191235826],[-125.2864282002397,50.47540448809112],[-125.28594710216241,50.480018904581925],[-125.28365458950668,50.480729604109314],[-125.28155120679699,50.48418900301933],[-125.27857219459159,50.48673978972811],[-125.27488300344669,50.48825939094985],[-125.27287180303203,50.49074468406002],[-125.2639438923403,50.492718595024186],[-125.26419560579754,50.495618284294586],[-125.26324230679894,50.500180099755376],[-125.25660100024439,50.50581279173972],[-125.2526397943262,50.50319650326595],[-125.24719430421099,50.50136359999681],[-125.24822579769464,50.49639589155082],[-125.2460664920667,50.49455730752593],[-125.2471350203734,50.492720000919924],[-125.24525141389827,50.491354193093834],[-125.24514849146207,50.48828790680855],[-125.24641650814469,50.48558328502208],[-125.25090648275248,50.48454369101111],[-125.25263911304694,50.48065129631254],[-125.25477398893688,50.4795845958787],[-125.25521840388916,50.47650829071046],[-125.25869680149451,50.47435490050608],[-125.25616350929852,50.469734708612904],[-125.26299131478766,50.46426010399871],[-125.26708439257695,50.462021210565815],[-125.26956821984268,50.45974249990139],[-125.26850171902117,50.45750500592607],[-125.2578138996169,50.457902411889414],[-125.25395127699366,50.456663297144146],[-125.25082799155447,50.453233799443545],[-125.24301669451438,50.450983605574926],[-125.24133767948946,50.44946969489527],[-125.23492310111402,50.448432813186386],[-125.2317167170472,50.44616409247744],[-125.22788521425652,50.44466289240356],[-125.22451529921453,50.441012697926176],[-125.22582141290964,50.43549249587319],[-125.22308227987531,50.4323790950369],[-125.22378228619526,50.42625790305283],[-125.22836668654766,50.42555010301709],[-125.22427897898925,50.42304629866945],[-125.2155857021821,50.42171891109845],[-125.2076721148197,50.422265802001434],[-125.20526580337142,50.42169048950187],[-125.20437318176525,50.41915250256248],[-125.19717890807065,50.418830595430094],[-125.19438640782674,50.41354969775192],[-125.19036158541961,50.41052180678428],[-125.18546757887297,50.40969719277465],[-125.1828839045972,50.40770329327733],[-125.17558411197035,50.40689579773774],[-125.16835331408832,50.40909049780785],[-125.16521190984807,50.41275639447504],[-125.16547439628538,50.413865795407744],[-125.16087351132126,50.416712801317246],[-125.15975631378411,50.42031320541517],[-125.15750729243706,50.422262995906436],[-125.15502489594782,50.42121189336564],[-125.15096270436909,50.422311397974504],[-125.14707491911197,50.420062599062035],[-125.1444779967788,50.41994009871698],[-125.14069970024383,50.42167340514892],[-125.13617218176822,50.422745791531064],[-125.13408310530036,50.42420558386505],[-125.12603820375158,50.42625080129966],[-125.12098690232213,50.42886129151155],[-125.11872629946653,50.42870469857439],[-125.11381009194862,50.430539088869715],[-125.11251039158738,50.432055808005785],[-125.10668481271433,50.43564200299564],[-125.10224388695838,50.44091300990786],[-125.10088349661255,50.441368810253074],[-125.09762760884115,50.44546620389853],[-125.0976999183134,50.447417396764585],[-125.1033031010403,50.454942907865565],[-125.10717999927317,50.45628449936926],[-125.11056967875614,50.460577098729004],[-125.1058523059038,50.47143809114397],[-125.10764902277523,50.47381510016261],[-125.10702529131298,50.47656098806338],[-125.10908378659694,50.48005880121519],[-125.11275620190109,50.48244718691772],[-125.11201729465643,50.48485411132323],[-125.10950490449964,50.48540250825682],[-125.10615629570341,50.48938459125982],[-125.10724489765082,50.49260330141186],[-125.10788608585085,50.50036379602643],[-125.10985498866121,50.502468796120645],[-125.10581679501216,50.50295441306445],[-125.10113312439712,50.50135790185018],[-125.09429938319084,50.50277640337891],[-125.08768820645571,50.504738903923155],[-125.08641480536754,50.50623720665593],[-125.07883189183595,50.50827949953447],[-125.07001147774575,50.50944309941715],[-125.06585101323257,50.510444306076266],[-125.06148949704044,50.5136161031165],[-125.05764731610346,50.51416009245184],[-125.04861307690398,50.512691693879056],[-125.04460809755494,50.51597310814753],[-125.0377258028453,50.51634629650544],[-125.03411078582367,50.51919749441993],[-125.02569090749803,50.522869098768965],[-125.02231770608391,50.52350428452494],[-125.01580261084955,50.526234489049486],[-125.01188120638514,50.52860440633206],[-124.99789661313454,50.53454770019906],[-124.99161158473117,50.53780340337143],[-124.99052250915422,50.5397744892462],[-124.99270658663787,50.542704105142725],[-124.9951748994311,50.54897628467742],[-124.99421849033588,50.55109699284206],[-124.9948782779174,50.556375096987814],[-124.99603780500509,50.55904409134148],[-124.99308969483933,50.56116328716482],[-124.98904208901094,50.56862609828915],[-124.98144418701602,50.5716697031693],[-124.97920111533728,50.57440559383592],[-124.9728382177197,50.576960600764885],[-124.96253418196704,50.5825663019141],[-124.9596031981805,50.58544890548556],[-124.95460827481871,50.58801529339928],[-124.94805091290607,50.58933129606678],[-124.94295629288705,50.58909199904506],[-124.94146041180306,50.587794589209935],[-124.93232119594641,50.588522299720225],[-124.92899689591944,50.59011600326596],[-124.92825562516833,50.59342870176406],[-124.92424149495699,50.59614898695213],[-124.91808312680601,50.60181730308882],[-124.91474060071894,50.606144100101986],[-124.91409108583682,50.60892559337804],[-124.91187911134297,50.611920691189994],[-124.90700219396642,50.612602906814395],[-124.90618011029336,50.61427200664995],[-124.90757450432461,50.61942058416504],[-124.90959738568333,50.621518389442656],[-124.90594170046131,50.62692189816801],[-124.90155510598098,50.631409599029915],[-124.89818008948559,50.6357363115095],[-124.89889431103765,50.6401228888648],[-124.90310450455989,50.64242010280018],[-124.90659978772632,50.64214669067295],[-124.90868830500598,50.64479288557668],[-124.91630951352697,50.6461330009108],[-124.91729659036058,50.64779940932431],[-124.91852801441864,50.65403880552511],[-124.921475380005,50.6586759982685],[-124.92287110840404,50.66584839801077],[-124.9273942997779,50.66776958505616],[-124.9291606038247,50.67151808325199],[-124.92479689873434,50.675530085012554],[-124.91866068367726,50.67814930047572],[-124.91603379349964,50.681088791328555],[-124.91207672634096,50.684022704069285],[-124.91131879441208,50.688010489494175],[-124.91311449834143,50.6917590123183],[-124.91838859205272,50.695422101822466],[-124.91568770031,50.70350729512672],[-124.91310049921799,50.70462960519232],[-124.9127629044044,50.70679300039918],[-124.90678102348126,50.71367330510705],[-124.90075658825089,50.71776510729247],[-124.89760067629504,50.72207899510717],[-124.89157588855788,50.72514530955208],[-124.88755510682095,50.725569707243416],[-124.88691821594693,50.72911459340438],[-124.88960388797656,50.73177789631028],[-124.89859458232313,50.735751393563504],[-124.90312010157916,50.73658599401947],[-124.90949231232176,50.740978292993184],[-124.91552458041558,50.746411598131516],[-124.93239519859159,50.75053899293243],[-124.9359419911516,50.752333513004515],[-124.94805858530427,50.75529730206119],[-124.95141457982767,50.76133879498288],[-124.94963909699555,50.76601869347376],[-124.95121461895643,50.76980569462353],[-124.95181838981105,50.7737707030174],[-124.9511492194557,50.77572469693916],[-124.94784238304585,50.77809169740758],[-124.94662319164651,50.78046869624908],[-124.94329538032179,50.78202539646446],[-124.94444238824333,50.78366179256041],[-124.9548487045411,50.7851870958628],[-124.96345881763322,50.78716540164076],[-124.971117819299,50.790814200854975],[-124.97342540371164,50.79340059248464],[-124.9817658156522,50.79734280782049],[-124.98110217935908,50.804503694784366],[-124.98247890716965,50.809535385507715],[-124.97993010163576,50.81199789786431],[-124.97831041231525,50.816324591795976],[-124.97104848680765,50.8222308070568],[-124.96481439637441,50.82357670109411],[-124.96083031024666,50.82678258951639],[-124.95700461732892,50.82799750684901],[-124.95524520271366,50.832093486002954],[-124.95020488762337,50.83349920646541],[-124.9468230035084,50.833456398095365],[-124.94128971635342,50.83459299143531],[-124.93120600251666,50.8339236021662],[-124.92321099723209,50.83429820807564],[-124.91600388279093,50.83518120204284],[-124.91211322348887,50.83658540413527],[-124.9104195155486,50.83924870078912],[-124.9095341016714,50.84296870940017],[-124.90665820281345,50.845596402767534],[-124.90411531207081,50.84595250564241],[-124.90016210035199,50.84966820640673],[-124.89639260064918,50.85589058456052],[-124.89670768637387,50.85909649341313],[-124.90013000533898,50.86011048584318],[-124.89950260034647,50.86490580663748],[-124.89781531433412,50.8678027055258],[-124.89530040999767,50.869228285349806],[-124.89473589189996,50.871800415541976],[-124.88937038875926,50.87549340087893],[-124.88650740601584,50.87954238276132],[-124.88283950594703,50.882722703055975],[-124.88187058350587,50.88587730238224],[-124.87897438978553,50.887047990524835],[-124.87128049059352,50.88841238840362],[-124.86896300541802,50.88982520967952],[-124.86518680968192,50.89493100648398],[-124.8595553025487,50.8964065113928],[-124.85852929961285,50.898095597680786],[-124.85414600770949,50.901277297395744],[-124.85205230457143,50.905824810731616],[-124.85244380988797,50.909245695145124],[-124.85152020010032,50.912848987774765],[-124.8533702979187,50.91431169812115],[-124.85459898370463,50.92234139592702],[-124.85651218824451,50.92710529742201],[-124.86071947823287,50.930571895288864],[-124.85907820376963,50.93119280948218],[-124.85431919568795,50.93030548809578],[-124.8472661890371,50.932602799226146],[-124.84352630540191,50.93091649679689],[-124.83620309354185,50.931427815588314],[-124.83504409918969,50.93232791206062],[-124.82991490887366,50.9311216077218],[-124.82477549601559,50.9314277988028],[-124.81987689756761,50.92949800148873],[-124.81850878465997,50.92656130538228],[-124.8115127025399,50.92085021276329],[-124.80598680685398,50.91736659230836],[-124.80127618806269,50.91623429069588],[-124.7997107056345,50.914774505264354],[-124.79867741210936,50.90971719542192],[-124.79683270518002,50.906131002485175],[-124.7905313114695,50.89909538981872],[-124.7892418901056,50.8943840880064],[-124.79264630239184,50.89047469041345],[-124.7914208922299,50.88561810040081],[-124.79569981268878,50.8855611092966],[-124.80292090464951,50.8880948112896],[-124.818652315226,50.8802417038283],[-124.8236545184887,50.87581960451285],[-124.82841209724762,50.87277739681685],[-124.83162659249261,50.87324029343715],[-124.83730600538455,50.87270050100261],[-124.83913200848248,50.871394508435394],[-124.84382981576367,50.86440449446427],[-124.84190591155536,50.860648893935966],[-124.84388990777568,50.85836870561267],[-124.84243849213703,50.855081594781396],[-124.8440213982116,50.84547959213439],[-124.8520200950555,50.840108908752875],[-124.8538164878945,50.83562840191782],[-124.85741908486133,50.83375409254543],[-124.86048431576191,50.83043139577136],[-124.86409972309428,50.82459070456303],[-124.86399710463327,50.822740706389936],[-124.86727360403206,50.821258106495854],[-124.87512820439933,50.81918021023539],[-124.87637580916291,50.81774740849254],[-124.88117899607974,50.816088207641535],[-124.88324978692418,50.81427380921],[-124.88895789716184,50.81285951157976],[-124.8903083004848,50.81153358512275],[-124.89782038876973,50.809845903068585],[-124.90165158844694,50.80802998866731],[-124.91263790332509,50.803911204337766],[-124.91695068852273,50.800728096732804],[-124.9115337963201,50.79422520451091],[-124.91149498992553,50.78873061389721],[-124.91234377913065,50.786225392044535],[-124.90983310543388,50.78244408311436],[-124.90682430376233,50.78099139977447],[-124.9054723226391,50.77813590412437],[-124.9025294962291,50.774793315031395],[-124.89995690723019,50.77397998394537],[-124.89536959752009,50.76961198977694],[-124.89217241369607,50.76875598968595],[-124.8856978083266,50.76961628264855],[-124.87895009987764,50.767260595249994],[-124.87727449241548,50.76753979029492],[-124.87036318022334,50.76531229312838],[-124.86483030778544,50.764185788509934],[-124.86109408909417,50.75863419347892],[-124.8606722903718,50.75193190213785],[-124.85428450429451,50.74814770836548],[-124.84756649811754,50.74675200398365],[-124.84250731071629,50.742101986544256],[-124.8399284157393,50.74136849815037],[-124.83868960485142,50.73907690103903],[-124.83329929340152,50.73497950148305],[-124.83219622328102,50.732820400404215],[-124.83376440577635,50.727660485035464],[-124.8323173865771,50.725057004014666],[-124.83419991128424,50.7224905921048],[-124.83298799796022,50.71280601176452],[-124.83471381222705,50.71060268683217],[-124.83737460993008,50.71092029265985],[-124.84062639111886,50.70786540826268],[-124.83971508732387,50.701925002120326],[-124.84216512470913,50.70232660462807],[-124.84793592533508,50.69707420349042],[-124.85209201066829,50.695424909076664],[-124.85943500872159,50.690972782866375],[-124.86367318538151,50.68898890771572],[-124.86356471294107,50.68658060916833],[-124.86111408487035,50.68261700439352],[-124.85770379772632,50.6815658978353],[-124.85772300428397,50.67957768856295],[-124.85975420115598,50.67760238977352],[-124.85651570100178,50.67087299462663],[-124.85362028953618,50.66812140504269],[-124.85251528623063,50.665566396137],[-124.85339119788853,50.663375901488564],[-124.8571782145916,50.6614632043075],[-124.86254929977788,50.65989369736259],[-124.86539059556513,50.657644887505654],[-124.8629777835063,50.651738700398234],[-124.86075999356687,50.64899431026414],[-124.86147419050168,50.6469861113624],[-124.86059289470091,50.64186469173275],[-124.86496790127168,50.63558960880802],[-124.86929648029313,50.63204760223371],[-124.87179790938846,50.63129698667326],[-124.87387618389529,50.62876340576876],[-124.8749376064617,50.62489660470183],[-124.86840779818608,50.61923681317843],[-124.86704872248599,50.617415305397735],[-124.86818198367811,50.61071439137629],[-124.86680750530682,50.608442796093414],[-124.86789659636845,50.60600590905113],[-124.87330292014802,50.60437240125881],[-124.87531651100468,50.599933091273904],[-124.87132859198046,50.59950159993355],[-124.86984439066138,50.597385200514694],[-124.85963329858271,50.59859290663591],[-124.85723359574091,50.59612190394908],[-124.85959599324252,50.59440151583811],[-124.85889518727824,50.591678401790745],[-124.86782011621722,50.590816704383194],[-124.86968830093976,50.58806091335313],[-124.8701053056597,50.583242801895345],[-124.87397570378288,50.58183988942886],[-124.8751852004768,50.57851159936845],[-124.87419961424402,50.57361659771217],[-124.8763581867444,50.572142495670064],[-124.87640268376886,50.56754519683411],[-124.88612109032098,50.560885613771845],[-124.89440210954469,50.559672098558636],[-124.90113499705704,50.5574930909557],[-124.9076752180285,50.55620850066668],[-124.91089548965387,50.55448230334603],[-124.91423321622936,50.553915496487626],[-124.91618740486123,50.55232748318614],[-124.92207861406565,50.550719498410984],[-124.92796480215719,50.5513676048943],[-124.93080771576065,50.55391969694748],[-124.940796382038,50.55408640298995],[-124.94380629660847,50.55346119756733],[-124.94590248845797,50.550233909541646],[-124.9440653100648,50.545002785596544],[-124.94028931449863,50.54211590524332],[-124.93656630193921,50.53801280472683],[-124.93535859577031,50.5343909895001],[-124.94247101923422,50.52545690628372],[-124.94765540701862,50.52150330525392],[-124.95033540396405,50.51671801102663],[-124.95502890867566,50.514202789744665],[-124.95780310469117,50.511350089743814],[-124.96353578096289,50.50879789126577],[-124.96538802091273,50.507219904918976],[-124.9696931087251,50.50049910227584],[-124.98266889029799,50.49786859822164],[-124.99272889802953,50.4983441970516],[-124.99691519754748,50.49626780259256],[-125.00784277666496,50.493929197889436],[-125.01400000912807,50.48919090873883],[-125.0186174154502,50.48737499737754],[-125.02411489017724,50.48439269475332],[-125.02821120762049,50.48459919241817],[-125.03882519381635,50.48391991611747],[-125.05019921273245,50.480896302465474],[-125.0522012949489,50.479628713597364],[-125.05224110723056,50.47632599321104],[-125.05049090937656,50.47462969744951],[-125.04862060994904,50.46986008830072],[-125.04506960357078,50.468519900726875],[-125.05067289251926,50.46353660869811],[-125.04780531148427,50.4581373880817],[-125.04501890133808,50.45692680978265],[-125.04457161424887,50.45375079691047],[-125.04311289265182,50.451923601656944],[-125.04784519388899,50.448610906515974],[-125.05687128663477,50.44433249777269],[-125.05716249982537,50.4409999014276],[-125.0547441160536,50.43650939856321],[-125.0544347093155,50.433284905909716],[-125.05607858872537,50.43187070752871],[-125.05758730587209,50.425421899587434],[-125.05695880932988,50.41906558631949],[-125.06365368131944,50.41533990059657],[-125.06585510450338,50.41255700820781],[-125.06555820356473,50.40963019658682],[-125.06309559065217,50.405401807059036],[-125.06132500650983,50.40483918415464],[-125.05950418678933,50.40148089407701],[-125.05709530774423,50.399149498109004],[-125.05693631451462,50.396103101898134],[-125.05505039498482,50.391890302007035],[-125.05173830238583,50.386850001044685],[-125.05440980136399,50.38225978529626],[-125.05872699475582,50.37865800157603],[-125.05810440403297,50.3769503013011],[-125.05409419445175,50.373666113210774],[-125.05413040373116,50.37223620032201],[-125.05775498948556,50.368528993427134],[-125.06400190888051,50.364109687440234],[-125.06462890708013,50.36266839473129],[-125.0692068073309,50.359268801064786],[-125.08087101301629,50.35883579348545],[-125.08847987660816,50.355666996332054],[-125.09009140838069,50.351411399243936],[-125.09273331047747,50.349457399862516],[-125.09126561450051,50.345174800925385],[-125.0857914782125,50.34341159555563],[-125.0801778885088,50.33976989832778],[-125.07879340833644,50.336682193030825],[-125.07648600018393,50.33502450803797],[-125.07630488005225,50.33283259495456],[-125.07923071943128,50.329649504942246],[-125.07972480714675,50.325522104412286],[-125.07763058777405,50.323904211170095],[-125.06945409629888,50.32134210675727],[-125.0692468916339,50.318791311997565],[-125.06075710389409,50.317755905792886],[-125.05478318393622,50.31538750497269],[-125.04887519428641,50.31876571395348],[-125.04157819605861,50.320621386432244],[-125.03758181271216,50.32370489417167],[-125.033559686286,50.3285956051842],[-125.03184111780766,50.332772799323116],[-125.03746778032419,50.33619939868645],[-125.03722928715749,50.34044929747717],[-125.04248140910978,50.3462671897892],[-125.04199391352302,50.348001904875446],[-125.04470290732858,50.35019509167295],[-125.04210248538818,50.351193497581434],[-125.03587189136688,50.34978349953619],[-125.03250640097806,50.3483578996691],[-125.02572458523406,50.347198603639754],[-125.01803670261866,50.342898885407905],[-125.00954539156233,50.341884908376606],[-125.00325620689772,50.34269528914436],[-124.9981044842131,50.34454670045285],[-124.9944106094705,50.347281201166446],[-124.99443098762085,50.35079760889581],[-124.98683409073543,50.355722498472225],[-124.98068059673456,50.36222259294597],[-124.98026251015855,50.36503539220196],[-124.97521782033706,50.36847630443233],[-124.9733699862293,50.372069595399005],[-124.9697300129098,50.375558892163575],[-124.96883080664107,50.378299094010465],[-124.97458940708277,50.38483900557537],[-124.97432730374338,50.385985507169],[-124.97711658959467,50.38979668860655],[-124.9769303808078,50.391068502246746],[-124.97914870684677,50.39640079821258],[-124.98135671330039,50.39974480349364],[-124.9800874945178,50.402033511196656],[-124.9802063021098,50.40523229951242],[-124.98187180397343,50.409359698145316],[-124.98528399511859,50.41320501450705],[-124.98581401212667,50.417144398571686],[-124.98757240527374,50.420461382517175],[-124.99176051297096,50.42299790446148],[-124.99232189414796,50.424615786440064],[-124.9960621913463,50.42717788793728],[-124.99683750840586,50.428901188137125],[-125.00172751260368,50.43201029879772],[-125.00893660148037,50.43564488944833],[-125.00985899081353,50.43779679130776],[-125.0130501053118,50.440323402180255],[-125.01292781050317,50.44441798801858],[-125.00832299774451,50.44643038897992],[-125.00173477853144,50.4455017987562],[-124.99979660508001,50.44596610547498],[-124.99079388918388,50.44289120116154],[-124.98431769294685,50.4413018128328],[-124.97972350921005,50.4395273027726],[-124.97331749953878,50.43585848482387],[-124.97041831565986,50.431842201194435],[-124.96322168894041,50.42945520920991],[-124.96193681705213,50.42423270241888],[-124.95991051946297,50.421542303262186],[-124.95856519131185,50.41451239959766],[-124.954527883962,50.40809639819736],[-124.95592799297188,50.403809508537705],[-124.95230562497242,50.40027180232659],[-124.9504828879778,50.39460910955244],[-124.95228559165015,50.39322908825496],[-124.95244201828453,50.39020550125311],[-124.94849219736942,50.38962300876752],[-124.94463279850645,50.38672899902418],[-124.94192171498315,50.386144996335815],[-124.9423168021109,50.38307158458148],[-124.93991829541856,50.38156339000875],[-124.93781128802213,50.37747020483065],[-124.94039852126096,50.376752399083095],[-124.94184269124911,50.373895392878865],[-124.94253928976741,50.36994469458363],[-124.94845931382278,50.36204739701708],[-124.95041662637657,50.35797560281583],[-124.95353410322564,50.356196812072305],[-124.95903318771558,50.35520409408641],[-124.96116050136652,50.35086028762489],[-124.9633387982741,50.34915970084873],[-124.9653368091902,50.34544679926976],[-124.96178730492899,50.337465584569024],[-124.9570285130354,50.33415569241752],[-124.94801361754827,50.329162405087146],[-124.93792361092186,50.326047685712204],[-124.92265731865821,50.32547370629617],[-124.91566199393054,50.32658741060122],[-124.91146019225727,50.325855409240056],[-124.90739751986612,50.326130300360944],[-124.89843599431285,50.32548509552111],[-124.8934012033393,50.32467619267878],[-124.88949638190915,50.32294149165912],[-124.88512979555435,50.31942370882918],[-124.87839541668758,50.319667192744284],[-124.87093998768209,50.316522609276056],[-124.86847208327977,50.317354301227624],[-124.86361398463004,50.31525500334798],[-124.85665008445777,50.313550198661666],[-124.85183651274775,50.31295209327283],[-124.84578829833043,50.3108983929822],[-124.84164080147117,50.31117039791586],[-124.83647251405755,50.31010220707809],[-124.83402590964315,50.30749591037978],[-124.8297278136536,50.30675390337673],[-124.82462509192833,50.30808410457883],[-124.82041921018052,50.31265729319823],[-124.81671808113877,50.313209898343075],[-124.80774040731792,50.31575059349659],[-124.80276308690169,50.315260690065045],[-124.80138559811265,50.321930313040724],[-124.79668360874575,50.32540250997528],[-124.79285758919563,50.32456219694575],[-124.7848991036033,50.32772400451892],[-124.7852592875867,50.33135289808872],[-124.77837971398223,50.33716079984656],[-124.77570778375724,50.33787570619709],[-124.77042060204778,50.34193188831911],[-124.76005931025172,50.345677604450685],[-124.75613547741924,50.344432795627974],[-124.75202951131322,50.34480169504659],[-124.74671209132337,50.34889200449097],[-124.74598798967509,50.351763211571814],[-124.7426687109623,50.35360330252274],[-124.73973929446612,50.35807240413343],[-124.73136800164312,50.35831460424147],[-124.72800181997029,50.362385003101195],[-124.72584691163922,50.36346880759718],[-124.72047380669211,50.369215498655485],[-124.7159483035416,50.37090029560219],[-124.71205899915293,50.37340410693961],[-124.71019320486846,50.37742600318414],[-124.70892750461435,50.37780339082027],[-124.70799598488635,50.38204469782178],[-124.70358367928533,50.38373809636033],[-124.70187348426747,50.38782840407321],[-124.69990660736856,50.39025818694901],[-124.70102560436888,50.39521578701616],[-124.70383551077734,50.39665859786681],[-124.69289209931556,50.401476694230496],[-124.68543960447778,50.40995919851806],[-124.6819454141464,50.41665590574278],[-124.67845070592786,50.416940691907556],[-124.67628068274924,50.420830191075304],[-124.67474090930973,50.42152669184732],[-124.67194710229907,50.426118310117985],[-124.67458491273572,50.42905788768954],[-124.67356277741396,50.43360539286079],[-124.66964468423932,50.43430890700486],[-124.66155749587739,50.43699638787414],[-124.65747168409455,50.433736402126435],[-124.6544420096933,50.43242190374701],[-124.64550399759084,50.42605419033265],[-124.63392338325096,50.422989294158945],[-124.62629429131685,50.422627612542406],[-124.62503580070867,50.42199810692134],[-124.61248339355474,50.41927639065416],[-124.60180631352844,50.41906418857076],[-124.59607181555549,50.420205001046284],[-124.59418959164185,50.41948441178828],[-124.5892726865234,50.4206038031691],[-124.58464068453858,50.420622293600594],[-124.57506035474161,50.41961681030264],[-124.5740662879307,50.462589433575936],[-124.55010799444945,50.483447603595785],[-124.52460978167647,50.490195952337295],[-124.51335591551833,50.498701560409664],[-124.51465198173574,50.51843876778685],[-124.51259845342153,50.52345794211446],[-124.51557359310608,50.526141133071775],[-124.52433392708654,50.52751490947371],[-124.53083982106276,50.52941002492918],[-124.53490849242485,50.53400967189351],[-124.53432301308479,50.53744391214822],[-124.53638409453562,50.54045604612482],[-124.54193803099012,50.541442580758094],[-124.54943018159237,50.540865505476],[-124.55484486059738,50.5468103851388],[-124.5558068998784,50.55267275139518],[-124.5606792666593,50.55544436748294],[-124.56142721894781,50.55969962123291],[-124.56637096140797,50.5618681524056],[-124.57069097782333,50.566571639923225],[-124.57748170074844,50.5686052267229],[-124.58127529874615,50.57407617164811],[-124.57885625812085,50.57850897619562],[-124.58160428325752,50.584164025206164],[-124.58398370233274,50.59110747394272],[-124.57741470412864,50.597514176485255],[-124.56948329567783,50.60238753800344],[-124.56871143178452,50.604569167251995],[-124.58298831987321,50.62584168103253],[-124.58911882882808,50.63219459221439],[-124.60334244527671,50.63900061869139],[-124.59837289652789,50.66310367804439],[-124.59133108890717,50.66166644200503],[-124.53630721225706,50.68083022035673],[-124.53025383778787,50.681058315695616],[-124.52201807526697,50.69151708560574],[-124.51233001331545,50.69598341354233],[-124.49788412574429,50.69998468657744],[-124.48925856840401,50.697951551191636],[-124.47848669622867,50.6994475924278],[-124.47077813947901,50.70300059438464],[-124.46107173050996,50.70499969781357],[-124.44045005600574,50.71218813846115],[-124.43494360691719,50.712975842000276],[-124.43319551686167,50.716956496714246],[-124.42878138695217,50.72248235444295],[-124.4214777818317,50.721940471172765],[-124.40924071488897,50.72178174301626],[-124.38702100711075,50.72085200880432],[-124.38189348455002,50.72347218410809],[-124.37850346060779,50.729811465979644],[-124.36815445244139,50.73705502078978],[-124.34835663626555,50.74647294602304],[-124.3520835631234,50.75747866692642],[-124.38216357502276,50.77300833729081],[-124.37760316636128,50.7798147696635],[-124.36516031599677,50.78423755193895],[-124.35212776481403,50.78581808041912],[-124.34608078729697,50.79040477926912],[-124.36186134231507,50.79791220233162],[-124.33836525796552,50.81052245490056],[-124.32747612628094,50.81834846455196],[-124.33130095697496,50.83193211778637],[-124.32349533852349,50.85360290291646],[-124.31119844135156,50.860397286353276],[-124.2946748336982,50.863501888339236],[-124.2736371198747,50.86149332358791],[-124.26108614687615,50.85709159032466],[-124.2523187036384,50.84769557875202],[-124.26211806801095,50.82442268920067],[-124.24569961834749,50.81834504951232],[-124.22625392538119,50.82247506813257],[-124.21323632998848,50.82052333929756],[-124.20486573993148,50.81647322468684],[-124.19661258146957,50.808727049961675],[-124.19060475227549,50.800798042472024],[-124.17983994734824,50.80002925275072],[-124.17151842430982,50.79657090121002],[-124.15309152516681,50.796370922214905],[-124.1092696666093,50.78745897289373],[-124.09769380822726,50.78848994445265],[-124.09189306372583,50.80817626350217],[-124.08033270474752,50.828972369627095],[-124.06926162941362,50.84046601542485],[-124.04992099524068,50.83812745311218],[-124.03858929018595,50.83176096306595],[-124.03235191346086,50.81144322287493],[-124.00072034618256,50.806266663747536],[-123.98586810802547,50.80903772733179],[-123.97426442773927,50.80398205057779],[-123.96741240301034,50.793919612081616],[-123.95985639384209,50.787447593422364],[-123.94435988608659,50.78010855539054],[-123.94817176616236,50.775128221696434],[-123.93036489284975,50.76677550889669],[-123.9192449154315,50.742415069668624],[-123.88953567344016,50.72638391024016],[-123.87470679273297,50.71562700228919],[-123.86428154756608,50.71076968183757],[-123.84760196868183,50.7108281186232],[-123.83205492677985,50.713938256210234]]],[[[-125.17750406392132,49.99631780963759],[-125.16673749240537,49.998243097296616],[-125.16171159894928,50.00005470708757],[-125.15973962067065,50.002161102536014],[-125.14755669816911,50.01032038725133],[-125.14673101486812,50.01180159150527],[-125.14850651970853,50.01533080137995],[-125.15523281638849,50.01931710121887],[-125.15829781304734,50.02263269118182],[-125.15947960262633,50.02590410448269],[-125.16402709935696,50.030793387555995],[-125.16680859469275,50.04047380109934],[-125.16997721284613,50.046028199386804],[-125.17235820646175,50.052927006943364],[-125.17438330151163,50.0618839069947],[-125.17389201183987,50.0680107941825],[-125.17658509574427,50.08149669552868],[-125.17828028081999,50.08562120222821],[-125.1799456987795,50.086867412153055],[-125.17906519740379,50.09029260818346],[-125.18112081862996,50.09368080465917],[-125.18403980816137,50.09330339743916],[-125.18558159815751,50.09062868513637],[-125.19234960398,50.088774384951236],[-125.19567368997522,50.09238190855653],[-125.19965539001282,50.09262120878023],[-125.2013959814378,50.094908491832584],[-125.20316591581548,50.102080794060846],[-125.2082498023966,50.10375560111854],[-125.2116594822127,50.101595090797005],[-125.21658720027904,50.1025891992124],[-125.2192503995039,50.106649588504304],[-125.21888441084752,50.11115299110488],[-125.22096838045434,50.11480179495021],[-125.22398368037427,50.11735259993926],[-125.22687261694735,50.11753059677785],[-125.2294159170395,50.12046019652295],[-125.23544100154281,50.12247550293963],[-125.23285139758501,50.12454058719926],[-125.23324647704472,50.12672669653829],[-125.22919340270431,50.12772220361842],[-125.22526770845853,50.1251358921053],[-125.22197180792544,50.12437958461106],[-125.21121552155687,50.12536799816505],[-125.21078959321926,50.12671680762656],[-125.21463649187554,50.12971901341352],[-125.21434570619753,50.13342190219778],[-125.22008801150056,50.13807910451911],[-125.21804831443715,50.13935089771319],[-125.21087129876172,50.13823719687145],[-125.20745100077933,50.13961580570399],[-125.20555318888904,50.13699809101636],[-125.20161909527991,50.13576899634279],[-125.20076998297685,50.13829420533149],[-125.19491457557719,50.1342222968071],[-125.19197440329336,50.13599688626714],[-125.19361339914914,50.1391044949631],[-125.19260140302092,50.14052729600149],[-125.18783451849278,50.140373500638994],[-125.18478481206134,50.143472595895666],[-125.18647499548598,50.14645340393437],[-125.18273449680632,50.15253199308251],[-125.18816899688156,50.153185690268494],[-125.19063849005327,50.15545160069171],[-125.19361030800016,50.15491748817105],[-125.19573641385409,50.15674908878456],[-125.1953397986078,50.15845669555857],[-125.19256240690702,50.16016430428985],[-125.19295021200449,50.16223508908252],[-125.19130181086422,50.16447819972735],[-125.18812378025844,50.16476310281375],[-125.1877167906411,50.162314902550605],[-125.18398620743314,50.15789699279851],[-125.17842079796245,50.15895521353317],[-125.17580839553105,50.15876149192657],[-125.17334401330156,50.160309599733246],[-125.17414360036824,50.16315508831222],[-125.17737599591702,50.16707028650037],[-125.17177250283652,50.16984609658466],[-125.16985470769876,50.171717485881736],[-125.16615950474532,50.17110219049938],[-125.16252749090599,50.16791491044933],[-125.16368119013102,50.16523019859694],[-125.16165370262168,50.164404208255334],[-125.15911141128956,50.16825669676433],[-125.1598881075142,50.171183382869465],[-125.15589491440208,50.17177019356267],[-125.1521680960539,50.17483510247196],[-125.15375340767261,50.17927578804533],[-125.15300859057098,50.18357969088347],[-125.14897001446266,50.182575701778546],[-125.14625200097024,50.18377768730205],[-125.14462011214218,50.18737810158435],[-125.14554760888878,50.189636910085085],[-125.14310939944261,50.192471110556504],[-125.14046629965243,50.191008406143496],[-125.1383787173021,50.19223469494815],[-125.1426151042144,50.19704849871367],[-125.14116769703264,50.202283891747186],[-125.14187580615399,50.20682279184911],[-125.14489750535154,50.20951030467746],[-125.14697290063633,50.21266490767534],[-125.14927818594568,50.21372880651167],[-125.15137160261652,50.21791739153645],[-125.1493019002568,50.219286112371265],[-125.15143310218524,50.22112760778809],[-125.15744538487839,50.22418249708692],[-125.1560047839866,50.22615220033796],[-125.16408329346807,50.232081201351306],[-125.17069851890292,50.23354100513311],[-125.17895419896414,50.234394091094195],[-125.18089078745585,50.2319387978753],[-125.18568401310081,50.23648909242973],[-125.18743417881028,50.240422794935284],[-125.19133360576774,50.24562110633406],[-125.19794980859375,50.24981399831143],[-125.20098659034883,50.24873020880104],[-125.20495231126606,50.24924859833373],[-125.21161961739236,50.25175809658524],[-125.21478770801261,50.25228221031959],[-125.21494660528546,50.255724495366216],[-125.21861100416075,50.258478906529874],[-125.22152191637672,50.26196680726658],[-125.22247308932506,50.26521399554483],[-125.2258774029002,50.2632869838065],[-125.23568310035742,50.26412449157445],[-125.23740899397873,50.262921003560976],[-125.24397168148614,50.26195829688188],[-125.25121929005387,50.26267179495504],[-125.25605749474843,50.26204799110324],[-125.25980030227088,50.263459392549684],[-125.25163510031085,50.26642459724176],[-125.25144528284106,50.2692531026364],[-125.24626841194804,50.2693170961351],[-125.23988198455775,50.27318100478075],[-125.23460859141518,50.272339307130906],[-125.23390690835797,50.27353990582121],[-125.23404090008175,50.2790958050452],[-125.23088169394413,50.27969681192643],[-125.2246471057643,50.27961851140345],[-125.22392370885657,50.281898604616764],[-125.22490059231542,50.28447931089932],[-125.22705829152777,50.28526538747955],[-125.22482719863001,50.28894269550391],[-125.22244590962364,50.29053501014532],[-125.22785228632706,50.297195992765985],[-125.2357623856989,50.301451607510266],[-125.2368371108055,50.304893890067156],[-125.23894829391176,50.306211301334706],[-125.24326639145626,50.30513889419836],[-125.25182289827329,50.308507098889365],[-125.25450200980869,50.30869800199287],[-125.26128392107312,50.30749590202075],[-125.26671900770096,50.307463192656066],[-125.27224080595532,50.303090795551654],[-125.27714358545934,50.30548640803245],[-125.28351539145315,50.30246559358433],[-125.28821360655584,50.303488187440436],[-125.29112170904268,50.30261231018797],[-125.29860449997321,50.30257239226601],[-125.3064497904645,50.30013279518429],[-125.309034893759,50.2978597030323],[-125.31396299589167,50.296385707353224],[-125.31154050578104,50.294193809348904],[-125.30709428805159,50.2940386010587],[-125.30086619786394,50.29619479888129],[-125.29777638398897,50.29647249158588],[-125.29627720832433,50.294505689305915],[-125.30124062305423,50.29375940523729],[-125.30309708373697,50.29148209081133],[-125.30846580776434,50.290161885362124],[-125.31112418392733,50.29024449736833],[-125.31812779364624,50.289033899315],[-125.325638681213,50.28847989246554],[-125.33191349112352,50.286437596550634],[-125.33472080259386,50.28671390085058],[-125.34170339222537,50.285682707294484],[-125.34624538336368,50.284134606098064],[-125.35188791642527,50.283831293425536],[-125.35796858595178,50.28556019496992],[-125.36265640473775,50.284386688251644],[-125.36242999230993,50.28268189301573],[-125.36591110369817,50.28182879314031],[-125.37843741035225,50.28018670916554],[-125.38104639726734,50.27932508997253],[-125.38351480564492,50.27675580293052],[-125.38162918977557,50.27527320435657],[-125.37757179297945,50.27524038777257],[-125.37721518783327,50.27343880769659],[-125.37460209896891,50.272242508806684],[-125.36887340290258,50.271639998706014],[-125.36209081756614,50.27185940323455],[-125.36237859264753,50.27027850995502],[-125.35769100555014,50.26914198587796],[-125.35537818792695,50.26663390531354],[-125.34897690657819,50.26403758679435],[-125.3451261094585,50.259924487648505],[-125.32719838107373,50.259133991506545],[-125.322559788834,50.26097980756288],[-125.32105341953384,50.259436005439625],[-125.3168528008776,50.260195093788774],[-125.31592881096213,50.25824250806554],[-125.31942030720585,50.257301102408945],[-125.31798610166136,50.254928386501525],[-125.30853010787172,50.25520608511727],[-125.30424490638646,50.25599220000201],[-125.29721140499207,50.25939748652762],[-125.2962822969239,50.26107951070823],[-125.29197801366679,50.26202800125253],[-125.288226008178,50.26481949807421],[-125.28463907860788,50.26201089860156],[-125.2806360057181,50.2622159975027],[-125.27865209891063,50.26358611427669],[-125.27464150291175,50.261271795639836],[-125.28062768997506,50.25911270980132],[-125.28176859092287,50.256859611109],[-125.28613061330869,50.25680969888574],[-125.28901401889237,50.25842619480115],[-125.30279599802552,50.254419910541266],[-125.3067258886377,50.25447690948829],[-125.3143622962187,50.25311109131443],[-125.31301859521612,50.25086221326784],[-125.30702971089674,50.25029820839998],[-125.30531891885589,50.24858629583233],[-125.3128434005351,50.247538098736406],[-125.31648518420889,50.24512689128655],[-125.31532370893973,50.24169599216853],[-125.30958062524589,50.24215180294855],[-125.30653450818305,50.23975620789088],[-125.30386471152512,50.24054669754597],[-125.30370998993092,50.23702460799211],[-125.30945548290084,50.23780939198444],[-125.31038219698063,50.23987728535369],[-125.31459758154233,50.240333103637724],[-125.31992220617776,50.24220588549899],[-125.32698969772845,50.242748513164635],[-125.33380307692619,50.24526509608246],[-125.34388481133806,50.245475906177084],[-125.34843492551971,50.24473670272799],[-125.35030728104651,50.24343930258993],[-125.35642021137336,50.24399040733263],[-125.36404671565768,50.248701696297054],[-125.36617801434403,50.24842399173309],[-125.3671359902808,50.24593160626389],[-125.37015090142648,50.2445030996668],[-125.36778049639186,50.23236319438877],[-125.36669727737099,50.22946059729146],[-125.36715651201916,50.22652820544292],[-125.36347698336198,50.222474900694515],[-125.36357690062951,50.22048529012494],[-125.36077458365898,50.219398600510694],[-125.35723719453823,50.215917790620274],[-125.35552540239424,50.21275040986235],[-125.3574935046054,50.209742488650264],[-125.35488281397748,50.20877830329537],[-125.35235888467408,50.20363119503735],[-125.34922339939533,50.19916910110459],[-125.3460632071385,50.19700290383908],[-125.3431663842088,50.19339109668413],[-125.33652810803062,50.19001720591362],[-125.33116781319185,50.185231789743085],[-125.32511430601458,50.17771629524521],[-125.32626409528974,50.17657691196278],[-125.33223569060407,50.17667369635162],[-125.33396829418032,50.171404215810455],[-125.33573650054112,50.170891505863544],[-125.33856369546103,50.17314599231422],[-125.3461761175486,50.17757099971985],[-125.34450668971722,50.17897239449187],[-125.34742357874009,50.18105459534653],[-125.3523446924542,50.18084669380923],[-125.35466699843201,50.17906361022156],[-125.3535468770816,50.176531298831456],[-125.34830979660074,50.17312891156596],[-125.34638671210021,50.17102680725836],[-125.34190240721072,50.1686710869326],[-125.33346288238707,50.16535129504702],[-125.33217808674945,50.16080660316953],[-125.33727390309369,50.154488793740846],[-125.34164419247439,50.15768481226287],[-125.3493100961219,50.15809640592142],[-125.3505514086824,50.1545900057465],[-125.34936339958915,50.14890169042116],[-125.35134669817472,50.14455360515266],[-125.3503225104297,50.13961719212626],[-125.34530249737813,50.139719792675436],[-125.34804068774882,50.13734280656393],[-125.34807589515,50.13061339522072],[-125.34272570322665,50.127942997550015],[-125.33858210687517,50.129088092648715],[-125.33951769579309,50.13076010207469],[-125.33793550187904,50.132743986703034],[-125.34436420839151,50.13629308607739],[-125.33594608789876,50.13729859322692],[-125.3362224826005,50.13920989091114],[-125.3403578976542,50.14222919530223],[-125.33557551127895,50.145204409107286],[-125.33659610613515,50.13971550457784],[-125.33383638637204,50.13793529520887],[-125.33234518987688,50.133773702579504],[-125.32998131198912,50.13262439434192],[-125.32234510525832,50.13415399220577],[-125.31359920901659,50.13183680870541],[-125.31235669853336,50.1299012861532],[-125.30673580796208,50.12705289122274],[-125.30128508946954,50.117869609471164],[-125.29789458462382,50.11481459980878],[-125.29540507870836,50.113695199465326],[-125.29019090858908,50.11288059167011],[-125.28653268140592,50.10773629801651],[-125.28419160980157,50.10701710607373],[-125.27779239942794,50.10303221020132],[-125.27245878754849,50.100860193918614],[-125.26773869308295,50.094179311197394],[-125.26438381518868,50.092733701716625],[-125.25860471938395,50.09233350581342],[-125.25532950967187,50.09344149890399],[-125.25728939079016,50.09497679628955],[-125.25893988898972,50.09918249987833],[-125.25794110248401,50.102322894679354],[-125.25549789248532,50.10299941457312],[-125.25438437806086,50.09921669765074],[-125.25231090759183,50.09647790808098],[-125.24982741005441,50.09629990403346],[-125.24579889286721,50.091459011185776],[-125.24257811231074,50.089586205763],[-125.24113351975538,50.08647570323978],[-125.23586098346833,50.08371700380548],[-125.23028028645412,50.08278990228168],[-125.22429970332789,50.0828497034907],[-125.22031769581437,50.08104659633793],[-125.21485820933009,50.081213305213936],[-125.21302769725395,50.07785781258351],[-125.21198628262921,50.067704600809215],[-125.21394471078173,50.06560678649704],[-125.21844368755406,50.064369096149754],[-125.2225883212326,50.06789690412745],[-125.22707299381064,50.064230987183414],[-125.22460199033516,50.062766908946365],[-125.22601050091764,50.061238686329574],[-125.22971210704166,50.06358720377839],[-125.23615089450733,50.06504559295012],[-125.2368489158397,50.06411560063356],[-125.23383317960375,50.060583594679436],[-125.2355740831483,50.058058499038964],[-125.23450260949487,50.05513740213925],[-125.23106069739563,50.052290402239386],[-125.22052329837811,50.05099870213985],[-125.21856609244142,50.046727488755415],[-125.21475400515111,50.04281519004998],[-125.21587878865665,50.04117450047796],[-125.22027301288585,50.042259708882426],[-125.22176519870271,50.039182008992505],[-125.21518730161127,50.03343391044444],[-125.21200723105419,50.03304684377994],[-125.20872842396588,50.03333568477421],[-125.18762184422876,50.03347318240121],[-125.18832500437213,50.019255988811594],[-125.17742937308262,50.01904515625321],[-125.17795710181468,50.006471891000956],[-125.17750406392132,49.99631780963759]]],[[[-124.92034021449425,50.30461759332107],[-124.9262439932679,50.30089471182388],[-124.93209151063728,50.29099359234966],[-124.93648959320481,50.29006638998553],[-124.9358594149363,50.287989900176456],[-124.94125461283849,50.28500339546678],[-124.9435341909838,50.28205099946949],[-124.94889810051701,50.27797778512322],[-124.95434598524139,50.27628440560039],[-124.95347900225384,50.27432040940485],[-124.9598667028568,50.271991786791006],[-124.95971588922681,50.26828740702944],[-124.95668330721888,50.26724211091168],[-124.95838452200957,50.26424409837775],[-124.95390150038989,50.26271020682245],[-124.95669450956653,50.25928070439126],[-124.95926699171741,50.25874381082095],[-124.97012610719469,50.25837070894766],[-124.9717003887869,50.2598190964275],[-124.97741701345345,50.25925370789624],[-124.98025510993786,50.25567039873832],[-124.97872399413906,50.253907201269485],[-124.98053659931176,50.25229360425576],[-124.98065948416713,50.24781159236929],[-124.97779289262253,50.24229279360834],[-124.97514350652179,50.24196088427192],[-124.97165630341448,50.239374596613494],[-124.96807568510512,50.23349970372825],[-124.96753151192014,50.2304860891021],[-124.96088760405112,50.22607389461955],[-124.95997559316939,50.22232958764643],[-124.95820598560783,50.221225903626156],[-124.95669948483972,50.21730359141889],[-124.95072131420172,50.2130238002875],[-124.94511771240249,50.20653369989736],[-124.94128920266529,50.20403421251205],[-124.94081079154815,50.20191931276627],[-124.92404987496059,50.1910980944049],[-124.91890048357374,50.189205398554556],[-124.91034711531168,50.18690809170318],[-124.8964659844007,50.18625439795136],[-124.88817750523619,50.18743220499348],[-124.88148098987254,50.18670450386832],[-124.87482949635681,50.187846692087106],[-124.8704381029428,50.18697360614985],[-124.86689609072334,50.18953149021073],[-124.8631412916259,50.189924614686966],[-124.85949140494472,50.19222180304915],[-124.85764488105227,50.19554309519146],[-124.85303088777046,50.19868489593035],[-124.84897469990646,50.19924460913193],[-124.84139141178407,50.19813230153941],[-124.8434458041156,50.19507740499721],[-124.84123199097476,50.193610394445],[-124.8418290965645,50.19056980627952],[-124.83944899761937,50.18843060029642],[-124.8395618986583,50.18662040888999],[-124.8344828148712,50.18564060511362],[-124.82888781975868,50.18735670667678],[-124.82517568053218,50.18592109631477],[-124.81824001612661,50.18474469774165],[-124.81596080310305,50.18301718566007],[-124.82101709371975,50.18079681511536],[-124.82636509250231,50.179643214770785],[-124.83887540192768,50.17891401039062],[-124.85003548184643,50.17996079701662],[-124.85607590466208,50.17927999443628],[-124.86299590492902,50.179321302641455],[-124.86783727608572,50.17665379501475],[-124.87643371917854,50.175184005992826],[-124.87738548655383,50.17300069941969],[-124.87384368951743,50.17124039786853],[-124.87516839375259,50.16931199322468],[-124.87929328002556,50.16880499885026],[-124.88102689279594,50.17053109091018],[-124.8868791043436,50.17117339516952],[-124.8908788937888,50.17066789488784],[-124.89097241602178,50.17269020770576],[-124.89572231577304,50.173476391309606],[-124.90039288784676,50.17329121037244],[-124.90067152307776,50.16829510108888],[-124.89697710710391,50.16662018568072],[-124.89256278607076,50.167923392112165],[-124.88759250258424,50.165855493365946],[-124.88163879239032,50.166500601851006],[-124.87797221175359,50.16294440646368],[-124.87762521408976,50.160169998621],[-124.87488948914041,50.15682309501219],[-124.87456770734214,50.15431940565224],[-124.86970770207661,50.15105220524415],[-124.87193261662189,50.149234901411],[-124.87222341130305,50.14700890141687],[-124.87038620491252,50.14508618419174],[-124.8700029930894,50.14245711465941],[-124.86771331751292,50.13972409301815],[-124.86624799638075,50.13623898870358],[-124.86271439031422,50.134991408961056],[-124.86150449328379,50.131935104018204],[-124.86447299438076,50.12908949550361],[-124.86115060870452,50.126786507529246],[-124.86199490966882,50.12401218875278],[-124.85441839093264,50.12308929754942],[-124.85151411259848,50.12542930358774],[-124.8472472076091,50.126162703850554],[-124.8433782973426,50.125252687111434],[-124.8406904947105,50.12301950648884],[-124.8426924842054,50.11941769290668],[-124.84676709983724,50.11839939877833],[-124.84769480703912,50.11672881058588],[-124.8452193075533,50.114538285721416],[-124.83888851027578,50.114314688737906],[-124.83667400768388,50.11273958444543],[-124.82922179512424,50.11353140074044],[-124.82401608332111,50.112021790734076],[-124.81905258935522,50.11319671177018],[-124.81631090267949,50.11246610264923],[-124.80980349434827,50.1138191036678],[-124.81008550162716,50.116845606087345],[-124.80416479685591,50.12160528575921],[-124.80542579983619,50.12276458806827],[-124.80366920655192,50.12812528985345],[-124.80164668373858,50.12904679448799],[-124.79883871142658,50.132894999531935],[-124.79903748532982,50.13413399081751],[-124.78681790623016,50.13779431114336],[-124.78100217973392,50.14286729732317],[-124.77863559363587,50.14582681118138],[-124.7736254099201,50.148123998573915],[-124.7725442802054,50.14993989299766],[-124.76576880184408,50.15222009071956],[-124.76217599537576,50.15460418794489],[-124.75640360700474,50.15639160877911],[-124.75110389450288,50.159251413691834],[-124.75126971164687,50.16151450496805],[-124.76231569514137,50.160699798553125],[-124.77162971519726,50.158499396898385],[-124.7676477220824,50.162131104607354],[-124.76513980959896,50.16132360405276],[-124.75680580894915,50.162025801465205],[-124.75138690268369,50.165066396052374],[-124.7541248226415,50.17099690474749],[-124.7547615845376,50.174279600477405],[-124.75417300021202,50.17809368589386],[-124.75610099792887,50.1828846894094],[-124.75917850976256,50.187731287091445],[-124.76264849385761,50.19064671532024],[-124.77643241942721,50.19134600592284],[-124.78043640586108,50.19393799468212],[-124.79191671271158,50.19744009952524],[-124.79196129297007,50.20086680304377],[-124.79585928590318,50.20281229206461],[-124.7984309173984,50.20185379692375],[-124.81105129286331,50.2102394923932],[-124.81778481872942,50.213687495900224],[-124.81611069478525,50.215772611998695],[-124.82027768714767,50.217344893936165],[-124.82272332035579,50.22231680130942],[-124.81974110564269,50.22461120756784],[-124.82159248947582,50.23050030624999],[-124.82345329860036,50.23959250124097],[-124.82283519341618,50.242489298324855],[-124.82476061997885,50.24369990024109],[-124.82577341132178,50.246373107124974],[-124.82402829506232,50.247650590369396],[-124.82334557835793,50.250711296997984],[-124.81821540024553,50.25266239663222],[-124.81773500958346,50.24891960016233],[-124.81484219670536,50.24773179967505],[-124.81139350232819,50.25033100470191],[-124.81174689076701,50.25414790531836],[-124.80996880278614,50.2578906934885],[-124.80558468904688,50.264416403246365],[-124.80273219486682,50.26953360902082],[-124.7961524094052,50.26993238877102],[-124.79153680992829,50.27520338607207],[-124.78986181952621,50.28296389613538],[-124.78673959834043,50.28616979596657],[-124.79682899765524,50.285654191622086],[-124.79931860635463,50.28430270114023],[-124.80470081300668,50.28484810627548],[-124.8145265834935,50.28479400102497],[-124.8205397182919,50.28236150146331],[-124.82523420415973,50.281415794729064],[-124.82747232596817,50.28269330385459],[-124.82791292023951,50.285735397349704],[-124.83557429705945,50.28602879842675],[-124.84498659714266,50.28513299578995],[-124.85487658930356,50.28569550923494],[-124.86174491420357,50.28795150038903],[-124.86360711028716,50.29033130228362],[-124.87005509941038,50.29294479558017],[-124.87451047932088,50.29697390157382],[-124.87833950760832,50.29791950820572],[-124.88358630518552,50.30030789993206],[-124.89362298812334,50.300918905156635],[-124.90231657740391,50.301999896363895],[-124.91089397916069,50.3050604974544],[-124.92034021449425,50.30461759332107]]],[[[-125.28186281604201,50.44468719174661],[-125.28783389242048,50.44293248920695],[-125.29212539447096,50.439899002248616],[-125.29890168744409,50.437902200709615],[-125.30225619599015,50.43214271221634],[-125.30514680471171,50.431635704663805],[-125.30635549822641,50.42957909918597],[-125.30274349288509,50.426826215836684],[-125.30099669409928,50.42272301113123],[-125.30143289032428,50.42042151106885],[-125.30533121140618,50.416322600183754],[-125.30913618869296,50.41554639826373],[-125.30984909769043,50.4128247854292],[-125.31481011115176,50.41003610397426],[-125.31306011051868,50.40650978878944],[-125.31464531546,50.40236680355781],[-125.31909260872044,50.39859969353687],[-125.31973721700334,50.39682380537437],[-125.32711670632594,50.39030799820051],[-125.3321083003723,50.38827420128344],[-125.33517369169509,50.38565800071267],[-125.33373539168208,50.38445451279239],[-125.33502711130689,50.3800665036409],[-125.33331210119755,50.37895849997104],[-125.33293808525225,50.37562009835257],[-125.3290421003573,50.375338095790354],[-125.32727780092416,50.37695600857802],[-125.32096638071809,50.379070991336334],[-125.31691291247508,50.37898980186018],[-125.31614069937203,50.3743995911506],[-125.3131106908344,50.37138311144397],[-125.3136122960816,50.368396511084526],[-125.3123401171083,50.366838501051504],[-125.31511647693459,50.36148489521774],[-125.31665119407806,50.3638290966471],[-125.31999921267783,50.363582698169324],[-125.32218539283906,50.36140651215215],[-125.31715671037502,50.361499089076005],[-125.31739329236736,50.35829179423264],[-125.32077529757338,50.35987979430083],[-125.32491999177626,50.36382621217652],[-125.32750379863138,50.36230799372092],[-125.3324940998914,50.36115588584157],[-125.33303058679485,50.35715949315849],[-125.32943249361588,50.35631500476257],[-125.32639838453959,50.352364198341036],[-125.32187530538852,50.34985481147502],[-125.32306221561159,50.347385197150466],[-125.32028630739053,50.34609060981223],[-125.3193513976453,50.35259489347654],[-125.31459408575125,50.35218619431488],[-125.31390929718823,50.348232598581866],[-125.31044960659163,50.34588120292803],[-125.30570770163877,50.34429460740306],[-125.30413588343802,50.341760990676725],[-125.29830198781298,50.339097701750944],[-125.29813882382723,50.33632190187354],[-125.30174389263505,50.333551813918454],[-125.30471222211055,50.33479660096506],[-125.30889841086544,50.339373988694305],[-125.31210640322485,50.34092918532983],[-125.3162764879428,50.34109730905979],[-125.31910578981092,50.34232780362071],[-125.32290229967762,50.340641598467165],[-125.32668719907015,50.341583012106604],[-125.32898499021096,50.3440453882645],[-125.33283609287142,50.344885697033945],[-125.33909211732431,50.34520040709962],[-125.3426853030292,50.34681979353724],[-125.34397730566442,50.348476095519246],[-125.35621121586261,50.351133695980806],[-125.36168689897423,50.35068081197357],[-125.36537878565119,50.35199959047753],[-125.36856862412604,50.354516201684234],[-125.37106310360724,50.354897883372026],[-125.37530291026766,50.353965008585924],[-125.38038228161994,50.35429260299882],[-125.38314572363309,50.352221800377876],[-125.38763881963503,50.35097850296038],[-125.3887711774468,50.34945309887202],[-125.3926025957762,50.34934630337843],[-125.39676942339028,50.34608630191663],[-125.39657919867813,50.34316670305955],[-125.39920758530751,50.34206010540786],[-125.40019059093355,50.33921450236696],[-125.40615479451743,50.337095304201995],[-125.40559631664642,50.33434308407885],[-125.4070442868615,50.33300209441872],[-125.40545541532884,50.331055207750715],[-125.40398392009128,50.32168670538214],[-125.40461259534277,50.31911889108244],[-125.40132860179496,50.316092402827586],[-125.40138339115862,50.31385218890124],[-125.40703589756835,50.30840030609109],[-125.40367600318153,50.30639218991784],[-125.40412490109006,50.305276986203125],[-125.40052219447082,50.3031477893964],[-125.39958069181006,50.2981289079085],[-125.39556340197852,50.294480090979086],[-125.38563498497659,50.292758197822906],[-125.38472857790903,50.29150059939106],[-125.3794864040686,50.29193068404002],[-125.37665709152168,50.290127706771166],[-125.36762510847105,50.289177702209734],[-125.35405458474582,50.29072299596925],[-125.34785510706023,50.29257448854632],[-125.34417509067573,50.29285649649775],[-125.3399789909302,50.29544999295394],[-125.34240079882426,50.29957450519133],[-125.34034318391315,50.30401520347085],[-125.33700689609073,50.3070331067939],[-125.32849939807821,50.309092490138816],[-125.32278269477423,50.3096563991247],[-125.31527220427219,50.31207331110046],[-125.3106526146094,50.311544999874144],[-125.30802579511143,50.312694293364366],[-125.30247900854434,50.31215588933412],[-125.29745789803154,50.31258889831586],[-125.29643840379063,50.315064199746104],[-125.29294148786435,50.31650970033658],[-125.28732648343454,50.31602689283399],[-125.27772688299994,50.31856349066806],[-125.27171549690512,50.32360941159647],[-125.26917149655048,50.324190513583],[-125.26650179104952,50.328010201881156],[-125.26342799347303,50.32661311180927],[-125.25955941732036,50.32739920535768],[-125.25515408112693,50.32454370057008],[-125.25781098290064,50.31983240244208],[-125.25385339874173,50.31995488672687],[-125.25090609289005,50.321189705963846],[-125.241597396641,50.3183212876088],[-125.2420452014728,50.31622490762123],[-125.23649488009762,50.314676798266525],[-125.23325369427847,50.318374007771915],[-125.23194157660639,50.32303119841968],[-125.22891368036477,50.32226209198293],[-125.22570370251576,50.32302408609513],[-125.22200090669325,50.32798889411681],[-125.21717771162703,50.327289606148085],[-125.21476162617259,50.324888403039076],[-125.21515720519876,50.32312660732878],[-125.22070169085767,50.31971991444744],[-125.22358971008211,50.31899070622331],[-125.22453560796438,50.31698400208965],[-125.22223868889421,50.314735198208666],[-125.22330130929845,50.31190809054477],[-125.22215889816007,50.309375891971406],[-125.22306442369474,50.30834190123452],[-125.22127021641667,50.30570429857576],[-125.22310230397477,50.30402370684295],[-125.22161680186727,50.302289002784235],[-125.22100079421092,50.29872138675731],[-125.21571511667453,50.29826419627047],[-125.20639119521067,50.30224629875702],[-125.20063109361617,50.30676248698305],[-125.19538661292482,50.307230998061335],[-125.1931772064165,50.31051098357235],[-125.19008118690971,50.31067759071735],[-125.18642581705433,50.31273419940144],[-125.18343108783965,50.31604550800413],[-125.18052981194253,50.31712640947887],[-125.17739899396159,50.32054030936234],[-125.17061550964563,50.32426460816317],[-125.16758831306473,50.32535550403247],[-125.16097991595454,50.32528999715959],[-125.15056170889231,50.32758719012541],[-125.13901131425288,50.33226150043725],[-125.13263880141335,50.3302747126388],[-125.12873671349433,50.33225299917712],[-125.13329730186294,50.33523669209637],[-125.1360668147654,50.34024989572521],[-125.13896550351038,50.34313820642352],[-125.1480403917153,50.34556080001793],[-125.14812069191775,50.34761020147732],[-125.14557392283655,50.34911420351488],[-125.14858480988491,50.35419430388094],[-125.15772460087597,50.36382910732865],[-125.15963179874444,50.36740099565648],[-125.15932269055887,50.373928193829634],[-125.15506119432403,50.37704720800355],[-125.15508238146788,50.38248769804254],[-125.1572629041021,50.38340200426177],[-125.1594203816208,50.386284593103106],[-125.16344449211392,50.386919796802665],[-125.16909008749018,50.38611369359754],[-125.18084029260618,50.38863741519025],[-125.18770869397402,50.39144878822809],[-125.19147001158572,50.39395110162741],[-125.19503152014151,50.39492670220524],[-125.19820767723404,50.39698039963037],[-125.204765211477,50.39879910408362],[-125.2117769153287,50.40370409103015],[-125.21773999475779,50.40996778797476],[-125.21997698567725,50.41080659402007],[-125.2277743077981,50.415603407267064],[-125.23908610641003,50.419938705016435],[-125.24487589521674,50.423927914614886],[-125.25166991899322,50.42643159463469],[-125.25696427695955,50.42999929646185],[-125.26212980302584,50.43230078540996],[-125.26533800051918,50.436977893448905],[-125.26949799020808,50.438543097040075],[-125.27483960833835,50.44184729154842],[-125.27925099626265,50.44281428714355],[-125.28186281604201,50.44468719174661]]],[[[-125.48849358133374,50.42862209605656],[-125.49199350158332,50.42742289633087],[-125.49712639665215,50.42356188807625],[-125.49384998038217,50.42232710094644],[-125.48669880148634,50.422606195976336],[-125.48245538381505,50.42169900473603],[-125.48158159576201,50.41896448622405],[-125.48337247968497,50.417685591726446],[-125.4898155159747,50.4170802997054],[-125.49276182165433,50.415244498183505],[-125.4912868175239,50.413710594741595],[-125.4926809799926,50.41128799931266],[-125.49052111669407,50.40932830432751],[-125.49240891080275,50.40801090866524],[-125.48877819338512,50.405596896761544],[-125.48940511065958,50.40414419698888],[-125.4849372027391,50.4034762093379],[-125.48566279991665,50.39987160854812],[-125.48916200693085,50.39762839591909],[-125.49737570696709,50.39699318561429],[-125.50932788056177,50.39228339856526],[-125.51549448962413,50.391565591482625],[-125.51791570165459,50.3897055904223],[-125.52431871022219,50.386579404387426],[-125.52955498768303,50.386888503847146],[-125.53593858107756,50.38654239407331],[-125.54268531802296,50.38775439973746],[-125.54633190418564,50.386720399477966],[-125.54506510951997,50.384616896801916],[-125.54524878662949,50.37937719904388],[-125.55116881403418,50.377502890319406],[-125.54863962397324,50.37547060422015],[-125.54103128589317,50.37522420045036],[-125.53992051308417,50.37417739864503],[-125.53540509891663,50.37549050014542],[-125.5326238187855,50.37241139934753],[-125.52995579037209,50.374593293043304],[-125.52703459365135,50.374926511294895],[-125.5154391992403,50.37190439793923],[-125.50932910547462,50.37074929674709],[-125.50596492021718,50.366674703812855],[-125.50178270086708,50.3655153874658],[-125.50079170903979,50.36296319745986],[-125.49765619191709,50.36111458827254],[-125.49997600019265,50.35949100383245],[-125.49586589201843,50.356728013925924],[-125.48843380714906,50.35495339340488],[-125.48944180888999,50.35297950988832],[-125.48191210327114,50.35227730752334],[-125.47703660399259,50.353685883387],[-125.47335959353993,50.352765811286005],[-125.45940060816898,50.353322690592236],[-125.46187498923142,50.35007688930385],[-125.45906919463553,50.349084288864525],[-125.4520351817528,50.348179902973826],[-125.44514010658975,50.349396206737254],[-125.44268739784737,50.35089590915531],[-125.44312991885289,50.35267609576631],[-125.44033930848376,50.35502040319469],[-125.43233581198386,50.353586204477104],[-125.43142691471749,50.35614260519989],[-125.42766292365822,50.35872189997603],[-125.4242975932655,50.35997951234546],[-125.42076268680118,50.359324308936344],[-125.41631247930458,50.36111600122578],[-125.40867369389737,50.36104191099324],[-125.39792510573548,50.363448788605275],[-125.3943504977885,50.3631099068617],[-125.38537420603421,50.36556090012426],[-125.38271089926079,50.36852041400633],[-125.38300429321804,50.37325449070728],[-125.3777885954414,50.37527690543754],[-125.37482989427963,50.378287708691104],[-125.37426440102804,50.38241930842442],[-125.37769451240408,50.38549698921781],[-125.37703479345329,50.387760093907275],[-125.38073380621327,50.39055298950866],[-125.38115341266062,50.39275760171369],[-125.38712630395817,50.39708720521478],[-125.38103922211015,50.40139550530417],[-125.37806439880183,50.399900085870996],[-125.37798369423372,50.39687929506979],[-125.3756298073956,50.39484130369821],[-125.37340759773367,50.396540292923824],[-125.37114981363919,50.393582308581834],[-125.36894708936114,50.39430290301334],[-125.36562490618513,50.39312938295214],[-125.36185838156153,50.39492389711366],[-125.35840911899193,50.39147590009475],[-125.35406548112903,50.393004001397934],[-125.3465906930354,50.402607496734134],[-125.3452232866776,50.40626909319173],[-125.34309131962726,50.408966605467675],[-125.33959970107492,50.41067281037356],[-125.33680010771333,50.41069408498409],[-125.33278288981546,50.412618208079714],[-125.33118041441298,50.41836210705912],[-125.32572938399694,50.42204219303152],[-125.3244920976539,50.42641170928866],[-125.32471921491728,50.43075980156858],[-125.3268152138009,50.432985899342604],[-125.32495658105191,50.439319295441834],[-125.32225829487975,50.441737589993714],[-125.32262390463993,50.44317039055043],[-125.32604801281244,50.445790892834566],[-125.3322338090468,50.44811381005156],[-125.33838992251565,50.451831000577855],[-125.34971220851784,50.456882683167414],[-125.35084770346802,50.45931519129853],[-125.35559417846923,50.460955897755746],[-125.36066869969376,50.46071809706341],[-125.36325779502266,50.45586150394803],[-125.36802809756448,50.45798641132386],[-125.36927969688941,50.46243140515839],[-125.37443250713049,50.46373880979163],[-125.37939759686306,50.463277407920934],[-125.38751261143955,50.46073658970765],[-125.3929244928492,50.46047169363485],[-125.3966162169233,50.45771579765892],[-125.39389107994747,50.454811893761175],[-125.39328572721003,50.45227110380002],[-125.39443552026617,50.44908939698894],[-125.39190891265915,50.44453620563389],[-125.39507538413753,50.443634693215124],[-125.39871669094313,50.445178505289505],[-125.4020613189379,50.448645004963744],[-125.40733378004353,50.450658898191875],[-125.41281569863203,50.44763100292504],[-125.41927690867314,50.44505889137031],[-125.42103160008296,50.44329569551099],[-125.42788019578954,50.44089450270536],[-125.43640379449992,50.43871118918736],[-125.44429079742358,50.4387155017771],[-125.45196790305909,50.43792501145577],[-125.45889581259512,50.43354129188442],[-125.46393507840311,50.432418998002774],[-125.46629979226141,50.429147606514164],[-125.47124120432629,50.42829738469295],[-125.47769657899207,50.43003060108026],[-125.48407900699014,50.42957060080593],[-125.48849358133374,50.42862209605656]]],[[[-124.7425038020325,50.307635499157016],[-124.7455073126634,50.30641210491684],[-124.74685699661082,50.30375738952083],[-124.75378340018909,50.30039619402263],[-124.7512617130133,50.29711628897016],[-124.75861530783556,50.29473791052769],[-124.76263188416429,50.29134969227528],[-124.77133920440424,50.291073406304896],[-124.77785530681955,50.28806828199351],[-124.78225888656358,50.287228005866915],[-124.78390920053818,50.28553748496201],[-124.78310410180862,50.28241128358587],[-124.78608411908165,50.27837229675076],[-124.7882017020045,50.26784308720006],[-124.78693620775762,50.26628778172968],[-124.7880353803127,50.26380689892929],[-124.79373288298956,50.25893469686203],[-124.79993548239256,50.25228069715661],[-124.80106149844215,50.24900790869734],[-124.8048097046608,50.24542321060454],[-124.80843540525103,50.2444775042713],[-124.81193530691789,50.240951189520565],[-124.8140634110919,50.234576386793904],[-124.81320850457818,50.232017094733784],[-124.81014800328953,50.231534303504624],[-124.8079682043599,50.232881593554886],[-124.8038855788398,50.22982379239265],[-124.80016439125978,50.229296902714225],[-124.79064760483688,50.223048805626576],[-124.78498789866761,50.221274310919355],[-124.77324660567317,50.216570090901044],[-124.77146140241149,50.21529260598117],[-124.76708272364317,50.2143612011217],[-124.7654861165153,50.21292839796159],[-124.7599256226541,50.21260800372057],[-124.7592825178616,50.20962280309458],[-124.75519540288799,50.21016118978244],[-124.75410620711719,50.21220208344493],[-124.75381171409285,50.216360791347235],[-124.75502357846874,50.21769239996452],[-124.75342389609021,50.22302319915347],[-124.75417359017187,50.22586310450433],[-124.75112959391814,50.23154850053993],[-124.74876438026793,50.23320349763701],[-124.74649370429346,50.23748319515305],[-124.74703421002322,50.239596687569566],[-124.74546839283482,50.245853292746546],[-124.74214811343681,50.24866470570579],[-124.73649691095525,50.252176808694394],[-124.73224721376616,50.25338169966386],[-124.7279747018585,50.2566743882084],[-124.72604049335592,50.25905999816085],[-124.725955809713,50.262515109091844],[-124.72950938848162,50.268021095652514],[-124.72831542715427,50.26956780385766],[-124.72933080126388,50.27202601093163],[-124.72609407645061,50.276418295890686],[-124.72392631987749,50.27665750508879],[-124.72409122302366,50.28042310539776],[-124.72783242028486,50.28375859662686],[-124.73118561489096,50.28908799748917],[-124.730407986868,50.291652991601],[-124.73126140304171,50.2943120067707],[-124.73541609504242,50.298900805278336],[-124.72973419233081,50.30019969017804],[-124.72744311677003,50.29970259367458],[-124.72407109141656,50.29620050530454],[-124.72332148726754,50.29333359164032],[-124.72048422709034,50.29093810346231],[-124.7171081949845,50.289583590727105],[-124.712363195745,50.28922328877258],[-124.70646021020718,50.28747438952042],[-124.70341470077372,50.28547759445318],[-124.70202230123087,50.282691900450814],[-124.70300559022749,50.27992470510346],[-124.69945808767682,50.27491289593928],[-124.698537386667,50.26952929574028],[-124.69856661109318,50.264439192686716],[-124.7040279927507,50.2602307004444],[-124.70862788630748,50.25938040066494],[-124.70998499370957,50.25691369671402],[-124.70911661120698,50.25385019383204],[-124.71207438511676,50.24869889369754],[-124.71408069158045,50.24754379875624],[-124.7228443997145,50.246632286837816],[-124.72732630060919,50.24493748702161],[-124.7289218101422,50.24213469932633],[-124.72772991541926,50.239435792877444],[-124.72890250554057,50.23773669728082],[-124.72700589739685,50.23609180980105],[-124.73024321002907,50.23022399608016],[-124.72925442140571,50.22764899996028],[-124.73409610274595,50.22316988971677],[-124.73949590569748,50.21320331074468],[-124.7422752813963,50.2106169015365],[-124.74306568154529,50.20769019515603],[-124.74669350477457,50.20454119519977],[-124.74638337984219,50.20143509875167],[-124.74224509705854,50.194778309088846],[-124.73907039982164,50.19338680590891],[-124.7361657111904,50.18939050806016],[-124.73064269454385,50.18738661112316],[-124.72566327950747,50.18295449836904],[-124.72569949079136,50.179644599599236],[-124.72226171696772,50.17596310526909],[-124.72458560451254,50.172825500432076],[-124.72421091915838,50.16941310184139],[-124.72813471427828,50.16678119019292],[-124.72849751609274,50.1644554998352],[-124.72045380773164,50.161121401332096],[-124.70974560427462,50.16202580106181],[-124.70331028211076,50.16491829824581],[-124.69851889607087,50.16521309124628],[-124.69591952203164,50.1677610055852],[-124.69801932070996,50.170922803279915],[-124.69583818703094,50.17338380828895],[-124.68977689737835,50.17426258883411],[-124.68845929352833,50.17582919806148],[-124.68235010511344,50.17813068584207],[-124.67669491082283,50.18143200795334],[-124.66957119521874,50.18441290577951],[-124.66809679040695,50.18750199516629],[-124.6653369882913,50.18869261143409],[-124.66350389941515,50.191596591810935],[-124.65826162210038,50.19514430459179],[-124.65536120060548,50.19919619017181],[-124.65261508739214,50.20168140209423],[-124.65304312038094,50.204311996750405],[-124.6494049822267,50.20731279444323],[-124.64816808323462,50.2161357049977],[-124.64933061156263,50.21814390043069],[-124.6506567141848,50.224088499571806],[-124.64695028807117,50.22639860707547],[-124.64365629979213,50.230105805990064],[-124.64260171279147,50.234105007917],[-124.6451974842549,50.236964795451556],[-124.64868050622523,50.24322850143494],[-124.65403440759883,50.24718210623451],[-124.65380572017894,50.25026120018881],[-124.65610470071896,50.25309820119875],[-124.65506670450142,50.25510069863147],[-124.65749051893529,50.25861850436417],[-124.65660800161292,50.26031328637187],[-124.65942101311549,50.265346405104886],[-124.66046969271873,50.26926159093601],[-124.66392650422354,50.2734672910822],[-124.66898090756759,50.27710898330865],[-124.67705791290992,50.28047300564597],[-124.68098211862333,50.28392380589484],[-124.69105459054542,50.291269899300424],[-124.69672228236783,50.29390469840003],[-124.70114769925371,50.296725999390134],[-124.71794209458159,50.30337848630196],[-124.725592095038,50.30482978609482],[-124.73159978977749,50.30667420343889],[-124.733877114249,50.30866379563799],[-124.73702539083037,50.30912101109968],[-124.7425038020325,50.307635499157016]]],[[[-125.78440700146942,50.40101518946649],[-125.7884038054612,50.39886890789492],[-125.78403190174308,50.397030299808335],[-125.78291671225281,50.394566406560266],[-125.7794192952843,50.392266286082624],[-125.76932531088059,50.39023959266416],[-125.77500419562513,50.38844941231707],[-125.77949909898959,50.38904329446626],[-125.78407820591242,50.38749380335763],[-125.78298879218958,50.385209293927],[-125.77956339776611,50.38270840547123],[-125.77528268942496,50.38144369813201],[-125.76924818452672,50.380940989986556],[-125.76265288628913,50.37859669792935],[-125.75700810765255,50.3792348028192],[-125.74624398600729,50.37797720721042],[-125.74351030719728,50.37667551131911],[-125.7390618099745,50.37733768508147],[-125.7341720908134,50.376948890779715],[-125.72709122181648,50.377853304315444],[-125.72221057925474,50.37786899850494],[-125.71840967837278,50.379045400242234],[-125.70040639525581,50.379096588335116],[-125.69446429718462,50.38171721263116],[-125.6915252932854,50.382235601894344],[-125.68853629440092,50.38484049938935],[-125.68158679823921,50.38338211169386],[-125.66941698831488,50.38333929394683],[-125.66314290318377,50.38233950102693],[-125.65753620245839,50.382217091767984],[-125.65576592142152,50.3830131982787],[-125.6438179912348,50.38422951069686],[-125.64037767864825,50.38381359604736],[-125.63740111300811,50.381892290746094],[-125.6332777877335,50.38061061023162],[-125.62679310873506,50.38085550112378],[-125.62161921890919,50.38271700028686],[-125.61876910772891,50.38563368648889],[-125.62156910860357,50.389212785768116],[-125.62168090829682,50.392511290822235],[-125.61708790061604,50.39595209675016],[-125.60777991382432,50.39481279846892],[-125.6042351933348,50.39381301359366],[-125.6014769047245,50.39174220567354],[-125.6011272029574,50.3889892063602],[-125.59792628610028,50.38550700111528],[-125.59598640981203,50.38500139888678],[-125.58942790075204,50.386758888978065],[-125.5871575239196,50.386664903292115],[-125.58018680902298,50.38966278777477],[-125.57702368880574,50.38892219926055],[-125.57243661575214,50.3915256939081],[-125.56762349006092,50.39177490337115],[-125.5669656808786,50.39366059930131],[-125.56240117987373,50.39458919812206],[-125.55865640915236,50.39717270842116],[-125.5545418970346,50.39761418559799],[-125.55185549653706,50.40001108640759],[-125.54744490668782,50.40014360316888],[-125.5438730050684,50.39808129692682],[-125.53937329874603,50.39896290635978],[-125.53338281871031,50.398265105110596],[-125.529999993761,50.39868088825133],[-125.52675010709049,50.400550889993966],[-125.51881758790793,50.399283411273096],[-125.516514394856,50.39967498722352],[-125.511131610936,50.402705700902295],[-125.50544839782968,50.40359299584491],[-125.50401899320553,50.40555839796073],[-125.49933528742146,50.40721480914089],[-125.50025022309705,50.411503105102405],[-125.50379200823966,50.41538549271411],[-125.50091749737435,50.41588820487672],[-125.50008409662416,50.417974707273466],[-125.50371378971258,50.42271731151222],[-125.50484497572104,50.42547319347471],[-125.50563229144493,50.431077388208124],[-125.5035722012332,50.432048695257336],[-125.5039267792026,50.43554939219734],[-125.50932250836698,50.43798770313646],[-125.5210482151431,50.44582939263201],[-125.52486982055163,50.446151302150035],[-125.53113669479312,50.445610100237545],[-125.53884768976974,50.4433369900815],[-125.54376730298678,50.442888383336836],[-125.5554064982964,50.443505109818695],[-125.56338629648859,50.44153111409883],[-125.57336091283535,50.44157099340045],[-125.57969940402742,50.4405497856762],[-125.58686579617007,50.438420599987566],[-125.59100600671711,50.43839069535688],[-125.59633371942452,50.43691379570377],[-125.5978916912158,50.43732829191518],[-125.60510748846113,50.43462229877423],[-125.6069052932042,50.43248600425839],[-125.61238351427,50.42811650711767],[-125.61832099979998,50.42751550702791],[-125.62131090506335,50.42784449220593],[-125.63323590398242,50.426818991633795],[-125.63738547738328,50.42519539579134],[-125.63946748284782,50.42188409450336],[-125.64158749387161,50.42051259024018],[-125.64692630870229,50.41978909698866],[-125.65463711035899,50.41596090387653],[-125.65695159350746,50.41304839372561],[-125.66124679991646,50.412796305963965],[-125.67262869479332,50.41093479084226],[-125.67711028887543,50.41177510534654],[-125.6822883968429,50.41151309596488],[-125.68561029962892,50.409762698139346],[-125.6924359921182,50.40822880144996],[-125.69661909096779,50.40925569798692],[-125.69705130164249,50.40671770949337],[-125.70202318892905,50.40776310619447],[-125.70509821308966,50.409365300838985],[-125.70765470240866,50.408297185178434],[-125.71440130499701,50.40835698594506],[-125.7129013059843,50.41017290773773],[-125.71407648195559,50.41277209668296],[-125.7189023049305,50.41298279883221],[-125.72428660556186,50.414295985946964],[-125.7278945895056,50.412934395121745],[-125.72813100909113,50.40990649905753],[-125.7299888844235,50.40870169587157],[-125.73484161794399,50.408164702442264],[-125.73805020497241,50.409106107383884],[-125.7495276843855,50.410661403888874],[-125.75450989318256,50.41066000215228],[-125.75514450245237,50.40654399226251],[-125.75735740483725,50.40415268914355],[-125.76629890389982,50.40474090451528],[-125.77249069834636,50.40349481322609],[-125.77994530608241,50.40102380552874],[-125.78440700146942,50.40101518946649]]],[[[-125.96712220440432,50.44230160931293],[-125.96861992033838,50.44011260615331],[-125.97466710068252,50.4384021051638],[-125.96921291448122,50.43520479170785],[-125.96848288501916,50.437247090474244],[-125.96188249577483,50.43395151219065],[-125.95880450461928,50.42978421111036],[-125.95367728057018,50.42682049276359],[-125.94939538717976,50.42589469224354],[-125.94486000834739,50.42340088931412],[-125.94173541036972,50.41954840700316],[-125.93840830798341,50.4178792973218],[-125.93335700707281,50.41793478228314],[-125.9291686761557,50.41691509846706],[-125.92844399591793,50.41473891088251],[-125.92497019666017,50.414358586834965],[-125.92316030695358,50.41605058388535],[-125.91851799539607,50.41452099152151],[-125.90200620321968,50.415221706751545],[-125.8998595059268,50.416966392860694],[-125.89058729457224,50.419374698211925],[-125.88354950090255,50.41872238597717],[-125.8799689937195,50.41981759406339],[-125.87398560864058,50.4191111830226],[-125.86816659916916,50.419488585552564],[-125.86394930824788,50.418693889263935],[-125.86498539670221,50.4164735879804],[-125.85613771337007,50.41403680369297],[-125.84297600357039,50.41310958979453],[-125.83761027639437,50.411927495021246],[-125.82942091380552,50.409382398683256],[-125.82323738214488,50.40834560019265],[-125.81848938993184,50.40853361008435],[-125.8018695165868,50.41002329740748],[-125.80175790908427,50.40931549150945],[-125.78895079160839,50.409606014715806],[-125.78666170278825,50.41089209176528],[-125.77776539121648,50.411851997626044],[-125.75979491851301,50.42187849676878],[-125.75431971829117,50.422656093720775],[-125.74695878419438,50.42052689600352],[-125.74192218987358,50.42229148791866],[-125.73760202406825,50.42477810280439],[-125.73429620843962,50.4255571999231],[-125.73366798414774,50.42786579614423],[-125.73611809883211,50.43250300137516],[-125.7421918143083,50.43498688984713],[-125.74328238259774,50.438020400937056],[-125.74579930252762,50.43820268546266],[-125.7512537099771,50.44139300191892],[-125.75835307819405,50.44384260078208],[-125.76207950545343,50.44709121061607],[-125.76773781196232,50.450393989452046],[-125.76967349347689,50.4526854902968],[-125.76582871114303,50.452930495784045],[-125.76474410961326,50.458272693081916],[-125.76928619691331,50.46074651496943],[-125.77390069589326,50.460636905547815],[-125.77570239210989,50.462499796195615],[-125.78286339959968,50.46541508490568],[-125.78690988313414,50.46569569964208],[-125.79203470841338,50.46943140434368],[-125.79720907707598,50.47209609921528],[-125.79573959783768,50.47632310120189],[-125.80160550325374,50.476136590761314],[-125.80167558217882,50.473508895304946],[-125.80919057668612,50.47139249503551],[-125.81664219129046,50.473461895941824],[-125.82583339222701,50.47274410719519],[-125.8334208129387,50.472811004653025],[-125.84099522252384,50.471727204332396],[-125.84267709694558,50.47018340991978],[-125.84599071031231,50.47019330994736],[-125.85619159919104,50.46847571304485],[-125.86034861105576,50.467312091098016],[-125.86356537795653,50.46526409423162],[-125.8672359020312,50.46606308444432],[-125.87288440664794,50.46509611043309],[-125.87208410403161,50.4635151991738],[-125.87856199743977,50.462059685918355],[-125.88291397768212,50.462482693258806],[-125.89106940104455,50.46148861283361],[-125.89496999816265,50.4621109145938],[-125.89929068636309,50.460645405308036],[-125.90920990609494,50.45834679853459],[-125.91482711580741,50.45503969874986],[-125.91200251497965,50.45425500655883],[-125.91186968650963,50.45115590325614],[-125.91446401325707,50.447753503082545],[-125.9178748745108,50.447091194945536],[-125.92173130068954,50.44885730295229],[-125.9252507782016,50.44630359776172],[-125.93215909901929,50.44684058444479],[-125.93403379926774,50.445038905115055],[-125.93169901169932,50.44328999899328],[-125.93336010416915,50.44145850681317],[-125.93736261788351,50.44148269308057],[-125.94685351435795,50.44369879177943],[-125.95094189690704,50.443082097575456],[-125.9597304066144,50.44418008912612],[-125.96155511321501,50.44291970394356],[-125.96712220440432,50.44230160931293]]],[[[-125.07156560012925,50.2745411009228],[-125.07486147428666,50.27612909594513],[-125.07685581436313,50.27519340827647],[-125.07978920519673,50.27099490480072],[-125.08277318913056,50.265077301140074],[-125.0852636757113,50.263925095006805],[-125.08859019857532,50.260780385370694],[-125.0880831998227,50.25685960457593],[-125.09102209272281,50.25701339562732],[-125.09412710944859,50.25009460227348],[-125.09692220208198,50.25079959133814],[-125.10081801625645,50.25006330215987],[-125.10377080277857,50.246403002320214],[-125.11002370541615,50.24316870824211],[-125.10991460463448,50.2391138969304],[-125.10821759182268,50.23653609719084],[-125.11242739132224,50.232475692740906],[-125.11105899150262,50.22879409597921],[-125.11466221603604,50.22404150646941],[-125.12463930618955,50.223589987988596],[-125.12669230069702,50.221556292674535],[-125.12378810606633,50.21959369634945],[-125.12628289106753,50.21295551393262],[-125.13079100913289,50.21064258628044],[-125.12945871213087,50.209685489400236],[-125.13143928319283,50.20318260060719],[-125.12821150543309,50.20276530861772],[-125.12795121213465,50.1991263937041],[-125.12503922418071,50.198847301401294],[-125.12317431328731,50.19693879099806],[-125.12362459617542,50.18906008587128],[-125.1249236100144,50.18550099367634],[-125.12804948076429,50.18366229436425],[-125.12751620279148,50.18206300846036],[-125.1210812969103,50.180687201615385],[-125.12250509500649,50.17613680892423],[-125.12739549447076,50.17682039356518],[-125.13196729736254,50.173489190202034],[-125.13775279189701,50.165997910388725],[-125.13979120847469,50.16493539686206],[-125.13896998689872,50.1622066059255],[-125.14117778804061,50.16148311144865],[-125.14244340657132,50.157869882171546],[-125.14541131990303,50.1556382043749],[-125.14524729029914,50.15230410219683],[-125.14936130034287,50.15006950093134],[-125.14940630716642,50.147639807064316],[-125.14653351830407,50.147558604147655],[-125.1502705820328,50.14318059820019],[-125.15336829486512,50.14331309477502],[-125.15369340789078,50.14053590518701],[-125.14955568793835,50.14034220516902],[-125.14727579233146,50.13474500583352],[-125.14498539002169,50.1336085025608],[-125.14301109661046,50.13079431257388],[-125.13757391080806,50.13281948845748],[-125.13364611517609,50.132594504700606],[-125.13073200437272,50.13092099302757],[-125.13145060772925,50.12819220447107],[-125.12815068867575,50.128233501553986],[-125.12275620022183,50.132191394491805],[-125.12368379758654,50.13481051360863],[-125.11823269691564,50.136214808638385],[-125.11803468970739,50.13809759932118],[-125.11979888339977,50.140953192917145],[-125.11853168611987,50.142397303772846],[-125.11463649692061,50.14039060522443],[-125.11088270847237,50.144433894096935],[-125.11121489084952,50.147216794969054],[-125.10773051410179,50.148179602716226],[-125.10595610155012,50.14698890681325],[-125.10224259276981,50.14819811182377],[-125.10085629926353,50.15105648550721],[-125.09783399661802,50.15459280343382],[-125.10151089946318,50.155740698509995],[-125.10075660070665,50.15995498864523],[-125.09793261143417,50.16228069705903],[-125.09901298683822,50.16743349124436],[-125.09301640939921,50.17251651004356],[-125.08876040296886,50.1738068024947],[-125.08528260849616,50.17338378456853],[-125.08169059208,50.17424831597172],[-125.07994071607547,50.17845400406924],[-125.08146447776936,50.18191629601431],[-125.0843805778805,50.18422059593566],[-125.08759348774109,50.18336329118382],[-125.08910410770511,50.18716729544376],[-125.0930110813408,50.1913160037924],[-125.09242249614532,50.194168694345855],[-125.08813290563096,50.19509158947898],[-125.09034870256197,50.19836159914617],[-125.0970248052081,50.200084902148035],[-125.09396890992547,50.201345301351076],[-125.09509750609277,50.20308860848418],[-125.0941860942279,50.20533451157601],[-125.09112400863837,50.20452701073171],[-125.08455930630117,50.19928449131176],[-125.08287458141412,50.20109469667882],[-125.0863154832182,50.20448710207799],[-125.08649211199665,50.21015979805657],[-125.08344828685898,50.207866792431496],[-125.08157568760747,50.208332489572676],[-125.08227518026648,50.21731499465857],[-125.08041770230454,50.21840881270614],[-125.07738428743913,50.217347707635085],[-125.07737899934429,50.21494650763767],[-125.07487420826665,50.21410049752773],[-125.07211941959456,50.21938580367524],[-125.07300668462057,50.222113092198846],[-125.06763080483948,50.2216232015919],[-125.06702559591987,50.218972809326814],[-125.07186980839096,50.214289993593994],[-125.07323520738936,50.21024378157197],[-125.0752724173927,50.207769907195576],[-125.07440301489618,50.20517790081991],[-125.07617929611565,50.201170198738005],[-125.07526010312415,50.196473089789066],[-125.0739318087632,50.19527389333645],[-125.06910459677121,50.19410039410589],[-125.06597540603254,50.194345300484954],[-125.06276108886676,50.19613839140053],[-125.06197867335553,50.19230299412741],[-125.05722487658224,50.18827679309667],[-125.05453611701279,50.19026640303998],[-125.04871621515741,50.19180880539428],[-125.04645040619464,50.187971989963565],[-125.0503258093277,50.185879807098765],[-125.05038768823846,50.184348803171],[-125.04663090447328,50.18400130849417],[-125.04092759329927,50.190524190363746],[-125.03915169639242,50.19684340296291],[-125.03702739088293,50.200594809019066],[-125.03680528294002,50.20294609517696],[-125.03309399006585,50.20796789474732],[-125.0334551075481,50.21085760417733],[-125.03767099510632,50.21899559531151],[-125.03854250593565,50.22264150142797],[-125.04423680005549,50.22860470458737],[-125.04300767661182,50.23066689726039],[-125.04370710391237,50.233929809342435],[-125.04237769366489,50.23861259817981],[-125.04411218923023,50.2434121947854],[-125.04793829652051,50.24625919250925],[-125.05019589316419,50.249834013410286],[-125.05266851357497,50.25155440458196],[-125.05239960336985,50.253167988707645],[-125.05515730280841,50.255602010686644],[-125.0540989121431,50.260370289958914],[-125.06150380220996,50.264862210013746],[-125.06447630835314,50.26900950406981],[-125.07156560012925,50.2745411009228]]],[[[-125.15233981205007,50.32371340355534],[-125.15821460136904,50.321293711901575],[-125.16105420558924,50.31852359465434],[-125.16109231076317,50.31659800961649],[-125.16593279374884,50.30998691523551],[-125.17411851912495,50.31145380269476],[-125.17513230171929,50.308726384064975],[-125.17987671238875,50.30619139602841],[-125.18610538615172,50.30392539610365],[-125.19383609116966,50.30281741153259],[-125.19906250755885,50.30076650701305],[-125.2033726995061,50.300747987825744],[-125.20959108640655,50.29883960949233],[-125.21100308172885,50.29722029741983],[-125.21136520267952,50.293822093784506],[-125.20674078453466,50.290969393452755],[-125.20356228735623,50.28691890399844],[-125.20034381765468,50.28529820425322],[-125.1951617045397,50.28099709244961],[-125.19363788551014,50.27685260795597],[-125.19517531178548,50.274556808883105],[-125.19453091053481,50.2727609041874],[-125.19179110525357,50.27177821106727],[-125.19201401858408,50.26687180336815],[-125.18754851650205,50.26524679784695],[-125.18709087962974,50.26141420224101],[-125.18082049029137,50.258968799745304],[-125.18120900845905,50.25644368554803],[-125.17951551529652,50.254082395991254],[-125.17608518581659,50.252347689853366],[-125.17508579531447,50.25016289884],[-125.16883561254225,50.24687020804982],[-125.16710380739991,50.24736150156156],[-125.16399238793974,50.243678497643096],[-125.1576028226845,50.24260890045393],[-125.15580301938725,50.23971070327405],[-125.15446209791544,50.233582295873944],[-125.15100817403633,50.23227919591928],[-125.1474287128193,50.23250850604516],[-125.14532239779628,50.23429158520268],[-125.14174529525896,50.23492388762756],[-125.14230151157199,50.23699190163179],[-125.13662899474207,50.240613594667714],[-125.12690009129915,50.24038719690164],[-125.12216989794824,50.23938601017294],[-125.12070979852993,50.243774006169346],[-125.11358570156548,50.24409300854079],[-125.10850641728737,50.246919992613414],[-125.10587949792888,50.247489704053955],[-125.10070690358067,50.2536181087621],[-125.09601272376082,50.26361600192303],[-125.09555581788656,50.26603429955438],[-125.0928401147362,50.26904230254568],[-125.0886043121613,50.27069290524579],[-125.08850460358383,50.27389599133052],[-125.08960542257991,50.27851750114348],[-125.09129168980286,50.281743411717045],[-125.0901890909623,50.28252809700036],[-125.09272620102634,50.28757410492529],[-125.09159499073837,50.29249611051488],[-125.0948758035148,50.294649584996506],[-125.09778241483293,50.298168792366894],[-125.10276471803891,50.30128070623415],[-125.10463968845521,50.303368601492814],[-125.10971640578704,50.30447380495729],[-125.10809211854667,50.30808269717281],[-125.10924478615023,50.311245898390965],[-125.10826131151943,50.31316140315407],[-125.11015769274756,50.31822728723554],[-125.11391219517412,50.321802108331255],[-125.12044757906946,50.32438139342256],[-125.12202878586196,50.324226090661064],[-125.12640130143035,50.32747470283456],[-125.13181861284555,50.327933296137324],[-125.13585839234237,50.327157098490495],[-125.13853260630577,50.32538109464627],[-125.1429836910638,50.32596509735065],[-125.15233981205007,50.32371340355534]]],[[[-125.00053181713155,50.32637240443981],[-125.00582088069338,50.32583119339872],[-125.00609151389962,50.32261529605018],[-125.00362828489389,50.320499004469646],[-125.00459209379018,50.31836830267133],[-125.00819449344371,50.31650830666534],[-125.00950561191624,50.31196079514883],[-125.01445969963247,50.310508108745495],[-125.02299850312292,50.305520491765236],[-125.0266938245832,50.302928504463914],[-125.02992528460534,50.30230609927657],[-125.0366373029224,50.30263789954565],[-125.0399228794124,50.30098869697802],[-125.03772649364826,50.29887659471552],[-125.03348867641606,50.298906498108366],[-125.03239779049689,50.295740506339406],[-125.03442139782389,50.29349310995392],[-125.03335951274839,50.291929288993956],[-125.0301442058039,50.291265599018615],[-125.02693451901858,50.28681499989658],[-125.02800210430965,50.28417878536954],[-125.025197186588,50.282887000620406],[-125.01420550048813,50.28089309685358],[-125.01207939641452,50.279750908631044],[-125.00892718645564,50.27590269687673],[-125.00496362067358,50.27578159630243],[-125.00381190034986,50.27371509983358],[-124.99518819487334,50.27524898644071],[-124.98923389746325,50.28189009447044],[-124.97957749598709,50.2877122106052],[-124.97720079143359,50.29232239013337],[-124.97238461045002,50.29539868563204],[-124.96958361247472,50.29999748863474],[-124.96762798380588,50.306030405101126],[-124.96653188422245,50.31214739767026],[-124.97990958167927,50.31734429453834],[-124.97961829347851,50.31810488831261],[-124.98571580333574,50.321148399330205],[-124.98781310527026,50.32561041092027],[-124.99042581624744,50.32628410785065],[-125.00053181713155,50.32637240443981]]],[[[-125.13020028463866,50.421444095219904],[-125.13407628638197,50.419987089507224],[-125.13959430480189,50.419012902149916],[-125.14150452334367,50.417071703377694],[-125.14166910638266,50.413498401141055],[-125.14022639232063,50.410259789871745],[-125.14082488313785,50.40758649362962],[-125.14623941989231,50.4031601042184],[-125.15016208504771,50.40179139486463],[-125.14659517771092,50.39949269433763],[-125.14955251997362,50.397971696259674],[-125.14546851276808,50.395402406254924],[-125.14001961210643,50.39690639836098],[-125.13468011919028,50.395195894581086],[-125.13551859865508,50.393210494069486],[-125.13451887676275,50.39003599623768],[-125.14029828850283,50.38871570690727],[-125.14011659404332,50.38779278792815],[-125.14575130199083,50.38516090889992],[-125.14453347977253,50.38185529461553],[-125.14615610412095,50.3800992928441],[-125.14586039011077,50.37572409770536],[-125.14273260654426,50.37406349035061],[-125.145087820589,50.369864905927415],[-125.14414831565162,50.36740809575288],[-125.14022001398389,50.365429902785145],[-125.13605991729995,50.36139650081324],[-125.13148420171221,50.36221829365488],[-125.12866162238176,50.361342403660466],[-125.12215812124644,50.363728002952854],[-125.11849029898843,50.362796608413944],[-125.11325690775702,50.36434040109204],[-125.10886210245835,50.36734398628065],[-125.1047450960532,50.372824412644114],[-125.09988009967388,50.37572689444927],[-125.09053760239348,50.37754989781813],[-125.08437210715944,50.380997894810406],[-125.08570898774013,50.38514810935826],[-125.09046429657415,50.38739120599339],[-125.09251970790798,50.38933378790839],[-125.09732270669363,50.38949910086393],[-125.09999991794085,50.39212240105828],[-125.1045555034832,50.39489110285702],[-125.1043630132632,50.39690920396182],[-125.10835679424007,50.39747601449849],[-125.11302380345795,50.399297600256595],[-125.11587340454275,50.40323979179229],[-125.11582371041892,50.40810630340573],[-125.11948527769812,50.408795693009125],[-125.11694899032406,50.41411220434468],[-125.1200482057577,50.41890330650736],[-125.12232998901983,50.41987029828477],[-125.12723228566497,50.42022919683952],[-125.13020028463866,50.421444095219904]]],[[[-125.07643171501725,50.29640129857437],[-125.07801489345943,50.293081489027074],[-125.07387280862694,50.28824489872903],[-125.07290749174294,50.28380991019661],[-125.06880638922783,50.28243411008018],[-125.06914149572873,50.280133996842956],[-125.06549771509529,50.277042107264926],[-125.06011158765067,50.2793963101161],[-125.06120891678206,50.28110250347287],[-125.05973768291446,50.28407049669847],[-125.06024779160249,50.286777999749205],[-125.06375370614398,50.291212909593526],[-125.06706418371579,50.29373520275064],[-125.07300580608937,50.29669760524952],[-125.07643171501725,50.29640129857437]]],[[[-125.89045159877259,50.40398609859166],[-125.89117077632747,50.40190819435493],[-125.88387541564853,50.399264905341056],[-125.8752422015322,50.39755440915248],[-125.87203329857564,50.395915102180204],[-125.87257079698013,50.39431859317638],[-125.86846398876088,50.39391700807952],[-125.86561810994354,50.394787086024785],[-125.8563157005805,50.394314309233266],[-125.85909152223904,50.39763699861374],[-125.86432929356738,50.39886749787422],[-125.86675528990244,50.39755720649174],[-125.8693599832076,50.401288704299354],[-125.87390568547872,50.40198650809432],[-125.87773001033901,50.40353750474228],[-125.87578540941115,50.40627478913346],[-125.87869489750015,50.40645571470851],[-125.88054938331472,50.404772305244485],[-125.88412059039399,50.40541170062546],[-125.89045159877259,50.40398609859166]]],[[[-125.24108262516016,50.08061080362746],[-125.2440212932168,50.08216459736942],[-125.2480638145722,50.07924359212426],[-125.24672938855362,50.075806990343644],[-125.2396712041944,50.073407200878684],[-125.23459300729336,50.06821588926326],[-125.23074858848778,50.06694839839785],[-125.2261196966646,50.069924995320875],[-125.2285459062103,50.07343138636215],[-125.2351387114217,50.0787194996436],[-125.24108262516016,50.08061080362746]]],[[[-125.04103940144643,50.26765218517412],[-125.04241809325794,50.26444350138194],[-125.03934239162302,50.26145839983529],[-125.03749318311063,50.25791919283286],[-125.03416521194904,50.256835399976026],[-125.03175600034078,50.253981298104144],[-125.02637071391244,50.2546605967262],[-125.02370131109068,50.25754890293975],[-125.02458007482076,50.26040299469925],[-125.03094698370163,50.26464570296855],[-125.03706809378465,50.2673174903982],[-125.04103940144643,50.26765218517412]]],[[[-125.01008488775477,50.17999930909905],[-125.01073069258415,50.184404403920475],[-125.01456880773425,50.192684708517454],[-125.01494121178845,50.195889194194066],[-125.01791551180723,50.194983393989766],[-125.01661901687048,50.19312619293566],[-125.01868618535647,50.1903190974668],[-125.01602568434915,50.18673149776401],[-125.01714371934341,50.18199030284816],[-125.011401583624,50.17869900259727],[-125.01008488775477,50.17999930909905]]],[[[-125.06845170744545,50.16864828664565],[-125.06979608405517,50.16637529288292],[-125.0675657915916,50.1636621982963],[-125.05726409213256,50.15953771556568],[-125.05661110132597,50.16193181147102],[-125.05931771419809,50.16624709188222],[-125.06141699934298,50.16788211278338],[-125.06509230792595,50.16737649745088],[-125.06845170744545,50.16864828664565]]],[[[-125.52513600929196,50.366718807545695],[-125.52921319905117,50.36432761258642],[-125.5259916952962,50.363525700356604],[-125.52100541052751,50.36068300159748],[-125.5174167247525,50.3625146043085],[-125.51283628786014,50.363099902502455],[-125.51659131354164,50.366859791108865],[-125.52513600929196,50.366718807545695]]],[[[-124.8297216211117,50.11015180284885],[-124.8324631761346,50.10687889358888],[-124.82931988121229,50.10477820278053],[-124.82573201074021,50.10562708855165],[-124.82165479507778,50.10875749480085],[-124.8161796148171,50.10820490780067],[-124.81233229508629,50.10965900822343],[-124.8198273785352,50.11074709715114],[-124.8297216211117,50.11015180284885]]],[[[-125.00990830912913,49.95150340610082],[-125.01091190914758,49.9488330070952],[-125.0023640216985,49.948108102327645],[-124.99599249905064,49.949082204283854],[-124.9990343964738,49.95318540718688],[-125.0024615141811,49.95383630072427],[-125.00478319253975,49.95199758841408],[-125.00990830912913,49.95150340610082]]],[[[-125.1857142974514,50.40711079670687],[-125.18948200221726,50.40822740994862],[-125.19461599974493,50.40784288778344],[-125.19340781276281,50.40210899466216],[-125.18646189127045,50.40438919636885],[-125.18549162245412,50.402544799016056],[-125.1805089924276,50.40376389116755],[-125.18136217715386,50.40549289435222],[-125.1857142974514,50.40711079670687]]],[[[-125.3611784898575,50.35914629021455],[-125.3575959990933,50.354650096523194],[-125.35338200082201,50.35587768936533],[-125.34584070435938,50.35521118808994],[-125.34890331055384,50.35885579588925],[-125.35233951335555,50.359532305436765],[-125.3611784898575,50.35914629021455]]],[[[-125.16871519264643,50.170371598943426],[-125.16894109068525,50.168199710460655],[-125.17179900342713,50.166077583600895],[-125.1697815932551,50.16266950804591],[-125.1655770051301,50.16042779488819],[-125.16420000330324,50.161837811004446],[-125.16508749136833,50.16630118910559],[-125.16402091804977,50.16782369676847],[-125.16871519264643,50.170371598943426]]],[[[-125.46889268007097,50.350116794672154],[-125.47486240113557,50.35081749637144],[-125.47548569548448,50.34847468907367],[-125.47180930923541,50.34809440876159],[-125.46610589627181,50.34515770875799],[-125.46140010124796,50.34494268908787],[-125.4598570231885,50.34636830099413],[-125.4629429108988,50.34814709527609],[-125.46854390960208,50.34882079610518],[-125.46889268007097,50.350116794672154]]],[[[-124.811043715349,50.215591703905396],[-124.81323750880735,50.21468450384363],[-124.8133624046077,50.212434210060245],[-124.8086042829601,50.20965699658795],[-124.80622081167733,50.21038620695201],[-124.8048128985041,50.21317909867986],[-124.80691561773622,50.216879198588956],[-124.811043715349,50.215591703905396]]],[[[-125.16893650019847,50.39136900455077],[-125.16701650701279,50.38841950468616],[-125.16224631707827,50.38811190478894],[-125.15662211414731,50.38944920495964],[-125.15548929363517,50.39114261303669],[-125.16441259873766,50.392434313653645],[-125.16893650019847,50.39136900455077]]],[[[-125.97326050110259,50.44854960413238],[-125.97799101527451,50.44914779678108],[-125.98086052107558,50.448400104086836],[-125.98135640664334,50.444212890600824],[-125.97920440970957,50.44336830521426],[-125.97262829297948,50.44540780353336],[-125.97326050110259,50.44854960413238]]],[[[-125.14373180051992,50.23011148846292],[-125.14613310063613,50.22798940503662],[-125.13849949342972,50.225387390488436],[-125.13459600793486,50.22743678816742],[-125.13587518517294,50.229375207071],[-125.13957049339606,50.228604706621965],[-125.14373180051992,50.23011148846292]]],[[[-125.02434769917097,50.201302607444426],[-125.02564379828014,50.20248470708742],[-125.03078168765924,50.19672949296621],[-125.02783288280489,50.19490930334191],[-125.02536840971014,50.19596889166743],[-125.02319158493582,50.19946960223182],[-125.02434769917097,50.201302607444426]]],[[[-125.33165168820553,50.455788911404284],[-125.33504870342232,50.45751929336683],[-125.33509810475184,50.454235106431895],[-125.32713970482384,50.44995250756773],[-125.32289330074317,50.450963707389754],[-125.33165168820553,50.455788911404284]]],[[[-125.0529636053996,50.2770391870162],[-125.04915762172105,50.27305000585243],[-125.0513520899151,50.27087099604156],[-125.04779171029531,50.26904509858814],[-125.04458301184432,50.269802805913336],[-125.04683519401799,50.27453970340054],[-125.04952771162162,50.27710900809777],[-125.0529636053996,50.2770391870162]]],[[[-125.26748639725642,50.316226308397574],[-125.26473780680158,50.313375096146956],[-125.26049349659452,50.31300759413952],[-125.25936867827856,50.3168614992788],[-125.26313550859209,50.31777730205366],[-125.26748639725642,50.316226308397574]]],[[[-125.46365000261822,50.438056011790636],[-125.47184270842406,50.436901007561275],[-125.46968459601521,50.435481097755655],[-125.4638466873453,50.435334406802404],[-125.45794211115617,50.436908103376986],[-125.46075849829774,50.43880088848496],[-125.46365000261822,50.438056011790636]]],[[[-125.02000460777352,50.186402491064236],[-125.02132838999042,50.18918539380234],[-125.02391551165681,50.188789507649915],[-125.02435809136094,50.18497690156397],[-125.02254860977025,50.181959009629665],[-125.01998321098333,50.18224670653659],[-125.02000460777352,50.186402491064236]]],[[[-125.22326869313517,50.309408606062505],[-125.22608202101499,50.308860301823486],[-125.22631837968224,50.30250550170879],[-125.2238104950355,50.30173499117134],[-125.22355109495209,50.30370038620963],[-125.2220679099462,50.30624688536731],[-125.22391390474353,50.30818098444197],[-125.22326869313517,50.309408606062505]]],[[[-125.22113701239306,50.276609087930325],[-125.22590800208206,50.276859791953946],[-125.22714518496176,50.27453260246948],[-125.2232922944921,50.2719348144245],[-125.21976698639803,50.27430470501258],[-125.22113701239306,50.276609087930325]]],[[[-125.18613279715498,50.13863448695112],[-125.18903720112442,50.13542288998577],[-125.18181909191074,50.13640421203521],[-125.18389447979871,50.1392797011905],[-125.18613279715498,50.13863448695112]]],[[[-125.13324871876998,50.2358639012868],[-125.13405079870202,50.23404940799519],[-125.1286113962303,50.23064131026656],[-125.12697279983443,50.23255121149306],[-125.13059320347492,50.23641649745589],[-125.13324871876998,50.2358639012868]]],[[[-124.8510569829905,50.31134559747904],[-124.85400038324858,50.31150509114262],[-124.85718998957336,50.308656707909435],[-124.84964489897422,50.308596805390124],[-124.8510569829905,50.31134559747904]]],[[[-125.22032328979714,50.280833294138034],[-125.2220332090435,50.281971191409056],[-125.22459292265144,50.277873800730994],[-125.22149450185222,50.27734830108616],[-125.21677969588372,50.28070371257041],[-125.22032328979714,50.280833294138034]]],[[[-125.31242480586984,50.24933550586134],[-125.31379319974769,50.25064859653859],[-125.32118618033581,50.25032100281605],[-125.31973620622453,50.24822749294284],[-125.31400139606248,50.248557894540056],[-125.31242480586984,50.24933550586134]]],[[[-124.7876897894628,50.317122211522396],[-124.78927320193331,50.3196514940237],[-124.79276769546408,50.317673287243004],[-124.7903078040981,50.316137998783326],[-124.7876897894628,50.317122211522396]]],[[[-125.32831907410457,50.37381419495697],[-125.3293442081359,50.371193700856374],[-125.32357900131656,50.37094018461403],[-125.32271989447632,50.37346809288297],[-125.32831907410457,50.37381419495697]]],[[[-125.03321399368227,50.18436309368277],[-125.0364317079348,50.180322606935036],[-125.03217741510059,50.17943390661408],[-125.03152549246529,50.18188350869959],[-125.03321399368227,50.18436309368277]]],[[[-125.40767091690728,50.34261409703526],[-125.40691171270603,50.34011890887213],[-125.40390739289401,50.3399123906445],[-125.40305430243097,50.34305129563894],[-125.40767091690728,50.34261409703526]]],[[[-125.20855229683325,50.408828414549376],[-125.20319621574268,50.40651120507329],[-125.20075019171708,50.408392614314266],[-125.20855229683325,50.408828414549376]]],[[[-125.50053790335207,50.44286269143495],[-125.50020808036665,50.447052802062686],[-125.50344238113001,50.44695589481503],[-125.50419788679112,50.44469999827371],[-125.50053790335207,50.44286269143495]]],[[[-124.78595271058413,50.199465402246915],[-124.78945490113635,50.19790019082704],[-124.78535029166018,50.19647030172553],[-124.78287211186137,50.19722789720778],[-124.78595271058413,50.199465402246915]]],[[[-125.22849109400198,50.31085559287267],[-125.23148969265051,50.307983007482704],[-125.22937768011968,50.30728509296278],[-125.22849109400198,50.31085559287267]]]]}}]}
