{"type":"FeatureCollection","features":[{"type":"Feature","properties":{"shapeName":"Alberni 2","shapeISO":"","shapeID":"43193130B79365173668973","shapeGroup":"CAN","shapeType":"ADM3"},"geometry":{"type":"Polygon","coordinates":[[[-124.81135598434896,49.21836313030853],[-124.81572833454125,49.215663452785165],[-124.8128641013532,49.21105167854821],[-124.80512473372607,49.21093276765094],[-124.80480431888367,49.21826894931227],[-124.81135598434896,49.21836313030853]]]}},{"type":"Feature","properties":{"shapeName":"Central Kootenay E","shapeISO":"","shapeID":"43193130B79519036396354","shapeGroup":"CAN","shapeType":"ADM3"},"geometry":{"type":"Polygon","coordinates":[[[-117.11966147646363,49.43779470372048],[-117.1176936636027,49.448239189322976],[-117.11186633096342,49.45562916326484],[-117.10088055491927,49.46434994562968],[-117.08868923072609,49.47089523235138],[-117.0794922912306,49.47374933219238],[-117.06866817329058,49.47276283354432],[-117.00405855504499,49.473411054023806],[-116.90588888682508,49.473704535583934],[-116.83545392236202,49.47385422194379],[-116.80563814050542,49.47495746412703],[-116.80639855851005,49.477573766748506],[-116.81221064290699,49.51109057686156],[-116.81248059747156,49.53058949815925],[-116.81338599115222,49.54421759112812],[-116.81945209689795,49.55652028636137],[-116.82686230575429,49.572336193371285],[-116.83227891839609,49.58165216635894],[-116.83637739667874,49.58795440281558],[-116.84789001209403,49.59906188264427],[-116.85968780260029,49.609785702053976],[-116.86597608460278,49.61361010762942],[-116.88113708539932,49.61899529606599],[-116.88928229420573,49.62164229751548],[-116.90174335909819,49.62687250587904],[-116.90820942946067,49.63721105141706],[-116.90236603831751,49.65127866329927],[-116.90268105241533,49.65203525640298],[-116.89767348828182,49.661193869891825],[-116.89195082170717,49.68162205690328],[-116.89093827620898,49.69053127027197],[-116.90651802276473,49.69083638096844],[-116.92355951164329,49.69083200142891],[-116.9467360690719,49.689928934001934],[-116.95533382952466,49.69032534139095],[-116.99834692951198,49.69004025176334],[-117.03544717343495,49.68999482589267],[-117.06230905521296,49.69019804642074],[-117.08179347273094,49.69208448288818],[-117.09027926440575,49.69439169298439],[-117.10228575350298,49.698788116472166],[-117.11270088264746,49.704026924630334],[-117.11665156352214,49.711690732317955],[-117.12311106236997,49.723269869256484],[-117.12820110969194,49.73655157451592],[-117.13991823668036,49.74475629930479],[-117.14671472224829,49.74512186342459],[-117.15798466774784,49.75176135146906],[-117.174722823559,49.75705682501754],[-117.18425925254198,49.75645334897939],[-117.17451316725692,49.74736064934077],[-117.17177769703433,49.74411431291457],[-117.16899590993559,49.73828070892948],[-117.16920511137977,49.734547902965026],[-117.16243310082459,49.726850005633665],[-117.15703130072205,49.7247322021112],[-117.1528104911367,49.72009070494028],[-117.15232069918999,49.71419019008208],[-117.15462849938343,49.706883999081384],[-117.15652618689607,49.705801592629776],[-117.15858071079506,49.70226390936268],[-117.15795069798675,49.69638330833131],[-117.15263801570842,49.68704479057377],[-117.14787339404798,49.68380330562711],[-117.14613261247871,49.68077398701198],[-117.14127871211525,49.675716605057175],[-117.14211620513876,49.668115593263046],[-117.1433347865647,49.66757441146325],[-117.14239541983362,49.663815997774726],[-117.14543499635536,49.661085707847995],[-117.14499939250858,49.65875719057869],[-117.14682190098823,49.65670491098009],[-117.14790408959874,49.6528809072421],[-117.15305171056075,49.64628108819479],[-117.1530568046545,49.63888660059386],[-117.15226640482251,49.63478628963399],[-117.14880449279549,49.63002371280334],[-117.14882399957868,49.62740600673308],[-117.14259500921851,49.62318608505811],[-117.14243650111896,49.6214869973823],[-117.13707050309763,49.61856170383483],[-117.13459005666425,49.615536659960824],[-117.12595836137346,49.61540090988486],[-117.1266909909307,49.608695202894346],[-117.1248695913241,49.605034834507286],[-117.12542010848092,49.59974808970653],[-117.1265627965153,49.59690520583689],[-117.14736625887375,49.60218126685183],[-117.1552361038622,49.60264190408619],[-117.16499280582465,49.59913819211656],[-117.17288911102496,49.594536709873886],[-117.18116969538775,49.59097189633024],[-117.20058748108573,49.57985849148527],[-117.21520640217076,49.57279800193364],[-117.21843620973362,49.5695171863457],[-117.22688418228965,49.566258800325976],[-117.23541550957758,49.560661697775735],[-117.24588007716964,49.55332859673346],[-117.24899629933985,49.54725749400771],[-117.25239901883032,49.539462403527416],[-117.25729610638851,49.52937889535247],[-117.26737380771479,49.52065668693774],[-117.27105593086519,49.518065704590896],[-117.26104583341984,49.51847455519377],[-117.2616739182568,49.511085119983484],[-117.26509147618984,49.50407774493238],[-117.26812545947251,49.500986454202426],[-117.27174818319747,49.4992328159125],[-117.27328212535753,49.49742358401235],[-117.2732875278399,49.49336811546368],[-117.27912043898687,49.493323766757676],[-117.280011579087,49.4920208720217],[-117.27976648751488,49.4865896969025],[-117.28259672060074,49.48083888933148],[-117.2828753641369,49.47286439294696],[-117.2929507821216,49.472156628828],[-117.29608741011894,49.47349406299226],[-117.29611709038711,49.47550235031248],[-117.30318827881584,49.47462288484799],[-117.30357201709418,49.476127804019505],[-117.31081086314353,49.47599819009127],[-117.31357805263936,49.47903663916299],[-117.31200537465158,49.48277626273285],[-117.30751188835781,49.48228845721452],[-117.30751283413946,49.48596999102745],[-117.31755821283573,49.48586387592061],[-117.32280546322883,49.48743895374246],[-117.32570945807346,49.48908400895068],[-117.33023570467847,49.48965581454544],[-117.33532837822732,49.49331340287139],[-117.334370789222,49.4942446861262],[-117.33957820330777,49.49570509206059],[-117.3439160082186,49.49855720601505],[-117.35039247905021,49.49877859277687],[-117.359026890466,49.50037369285861],[-117.37002649119738,49.499678704190835],[-117.37143750191777,49.49864039810696],[-117.37910961639273,49.49628760647676],[-117.38261520526815,49.492443686029546],[-117.38305221280729,49.49060260048578],[-117.38990048059426,49.48742019778164],[-117.39897388816958,49.48676249517788],[-117.40762051924803,49.48850860731494],[-117.41316151980935,49.48756999802932],[-117.42011438040407,49.4832090992111],[-117.42400279615651,49.48306810665076],[-117.42749840684002,49.48390410192725],[-117.44430198556189,49.485809707067496],[-117.44857779584693,49.485160288083094],[-117.45180960824571,49.48284740773952],[-117.45670131565069,49.48085919310196],[-117.4625498284002,49.476134652668264],[-117.46242619044118,49.47377510557389],[-117.46382921235309,49.468803198488],[-117.46334468468127,49.46676338041775],[-117.45889110243532,49.466985032758394],[-117.4585927364237,49.459555751239364],[-117.4649316625069,49.459472219848585],[-117.46737775449958,49.45658735315795],[-117.46993372231144,49.45550132977393],[-117.47004849459641,49.45126377540019],[-117.48175094519733,49.45134745628635],[-117.48273157999326,49.435922126257246],[-117.51695940988562,49.43592331793975],[-117.51842788837735,49.43346894299964],[-117.51471086136425,49.421641206192945],[-117.51501004840289,49.391973229961195],[-117.52571815989896,49.391724920738035],[-117.52617895260184,49.384602665695816],[-117.5319367015113,49.38436538919891],[-117.53111271163523,49.377544074429096],[-117.53777300752861,49.37722556176106],[-117.53754264849502,49.37038095120723],[-117.54345619718795,49.36998527118474],[-117.54328275944076,49.363096246045224],[-117.54927878293142,49.36296141735377],[-117.54934640609589,49.35617568441027],[-117.55459107731936,49.355822955309016],[-117.55493492583189,49.34870788974414],[-117.49087380395338,49.3489907350587],[-117.49121921591282,49.33745224202689],[-117.4819907757464,49.33671614459103],[-117.47088741674108,49.33645700402667],[-117.46100121585364,49.33872286504112],[-117.45143963196605,49.35267955599636],[-117.44437798451973,49.35653819156314],[-117.4328926556285,49.36109988882606],[-117.4305359428204,49.367160613329986],[-117.43020144759771,49.37500032964764],[-117.42198418576646,49.375666540278424],[-117.41439104299572,49.37995133623538],[-117.41337726176249,49.38257258374636],[-117.41969705675498,49.3884857898723],[-117.416923433955,49.39353178994107],[-117.40561315714763,49.39638443109639],[-117.40084219458771,49.397222193027034],[-117.39406426191238,49.39611442065056],[-117.39049898342344,49.39234165759553],[-117.3836998118682,49.39253027351522],[-117.37277308415322,49.395877488762345],[-117.3485522111842,49.40721381771245],[-117.33481889554967,49.41229809235612],[-117.32851122391203,49.410771667605516],[-117.319897835087,49.41014528636583],[-117.3144480191615,49.41223713235918],[-117.30649753576418,49.41805352571918],[-117.29361511546973,49.4185205616939],[-117.27593068015854,49.42071634277507],[-117.2689667392922,49.41985413511057],[-117.26222483512929,49.41569483215907],[-117.25894651157778,49.414238163182844],[-117.25017552616444,49.41152145694702],[-117.22904354588846,49.41141658929193],[-117.22963811888822,49.43629400476741],[-117.18484240820554,49.43619144207243],[-117.15672211334785,49.43770814622513],[-117.14879061611256,49.43833430445736],[-117.11966147646363,49.43779470372048]]]}},{"type":"Feature","properties":{"shapeName":"Lions Bay","shapeISO":"","shapeID":"43193130B7960574436640","shapeGroup":"CAN","shapeType":"ADM3"},"geometry":{"type":"Polygon","coordinates":[[[-123.24357837911327,49.47653797798278],[-123.24526270224358,49.47189378545444],[-123.24062578774887,49.46947401040719],[-123.24133040738306,49.46655868783177],[-123.23959481024316,49.46166940259296],[-123.24094039177417,49.45738539443534],[-123.23906369291656,49.454546892445755],[-123.24133550624474,49.450791291580394],[-123.23894031696258,49.44879471908869],[-123.22898612160027,49.448646532730834],[-123.22869694676459,49.45722120606995],[-123.23042398738637,49.47031162437923],[-123.23308699413916,49.4704837571429],[-123.23328057265567,49.47707771699323],[-123.24357837911327,49.47653797798278]]]}},{"type":"Feature","properties":{"shapeName":"Chuchuwayha 2","shapeISO":"","shapeID":"43193130B79853047157472","shapeGroup":"CAN","shapeType":"ADM3"},"geometry":{"type":"Polygon","coordinates":[[[-120.04400647434449,49.302463620750245],[-120.03166632215644,49.302680249091196],[-120.03283751046446,49.30609432031294],[-120.02906265816515,49.30535450314947],[-120.03062052465503,49.30923387921877],[-120.02997724242951,49.322385187822476],[-120.0410866459872,49.32258764828424],[-120.03954899659666,49.343696503292904],[-120.03942879718223,49.3478917613437],[-120.06684206699155,49.3482120022383],[-120.06813311480089,49.34362090480002],[-120.07342709203884,49.344917012346954],[-120.0777436981909,49.344966807410074],[-120.07892647815495,49.34606769682196],[-120.08059261906052,49.35134440299276],[-120.07849575438361,49.35399555602702],[-120.08069272793752,49.3552185603345],[-120.07841754338098,49.356917491261285],[-120.07794435600772,49.35953187410378],[-120.07800491666067,49.38948951797647],[-120.1224773154422,49.389608104617686],[-120.12270608084145,49.36629705641219],[-120.10056742363237,49.36666040135159],[-120.10076563918015,49.36058708178579],[-120.10438549790756,49.35870900260137],[-120.1116761830586,49.3583100212968],[-120.11131695479983,49.3503962232084],[-120.10065789878375,49.350127717548965],[-120.10071306114259,49.3486179441385],[-120.09023096820434,49.348592041013966],[-120.08987071408096,49.34333097188415],[-120.08150193725714,49.34339411407061],[-120.08083781340311,49.336452384642136],[-120.07046420722406,49.335928305698225],[-120.07060381098547,49.327230356984934],[-120.05968672706128,49.32659165822397],[-120.05936740744822,49.31788785578177],[-120.04549287010862,49.31786859043243],[-120.04497942727552,49.302460350701125],[-120.04400647434449,49.302463620750245]]]}},{"type":"Feature","properties":{"shapeName":"Alberni-Clayoquot B","shapeISO":"","shapeID":"43193130B79892758875534","shapeGroup":"CAN","shapeType":"ADM3"},"geometry":{"type":"Polygon","coordinates":[[[-124.80249952702636,49.283519839639105],[-124.80260599317539,49.29292974098247],[-124.80832011484112,49.29332879564496],[-124.81115881318358,49.29271468887224],[-124.81158223559348,49.29676912082355],[-124.80568677097746,49.29825047262192],[-124.8056879032434,49.30058769736935],[-124.80022420253451,49.30057120897604],[-124.80011631550454,49.30787760420234],[-124.79280587058842,49.305838329546965],[-124.77634584883712,49.29892872163764],[-124.77428433161849,49.29845102882853],[-124.7740687448694,49.31642940681062],[-124.78372888033118,49.31645137947611],[-124.78389194511998,49.32545619777684],[-124.79461905038288,49.32543830924487],[-124.79480778631688,49.32215723850688],[-124.80059060673875,49.32212358179086],[-124.80167258450246,49.32718036924033],[-124.80932973177524,49.327948500561114],[-124.8100688395877,49.330260357479155],[-124.81491935870056,49.330255199789946],[-124.81586796904996,49.333947290177655],[-124.82142169755342,49.334695115973005],[-124.82207782866855,49.33965446714677],[-124.82593905890829,49.340618015134794],[-124.82777017027865,49.34486818926123],[-124.8316124058198,49.346610784534285],[-124.8348573831353,49.346817462340475],[-124.83752951947027,49.350225582465065],[-124.84431632212343,49.35182904980779],[-124.85428657969015,49.356821477686125],[-124.86354238099554,49.35939171503301],[-124.86940806705059,49.36774539445196],[-124.86938204005676,49.37361982810185],[-124.87271494457949,49.37782683588915],[-124.89991918446334,49.37953775622175],[-124.90054631844353,49.387161463090145],[-124.90384343851171,49.38932756342365],[-124.90958615692321,49.389093219476955],[-124.91598944571673,49.392558103551245],[-124.92322292706865,49.394423234844346],[-124.92416437028007,49.39900317302723],[-124.92947107084119,49.401222413344705],[-124.92766939208424,49.40427021357974],[-124.92954694838006,49.40959690468858],[-124.94110236723725,49.41605907131796],[-124.94207447334217,49.419715169056076],[-124.94738253676745,49.42065576678092],[-124.95339618867311,49.4271789422063],[-124.95963931942192,49.42758744190583],[-124.96588025330686,49.42671767532234],[-124.96799534352377,49.42848534575127],[-124.96813235765562,49.43338667777411],[-124.97083560803519,49.433513258228686],[-124.98133465666332,49.4337084195719],[-124.98213391784572,49.42560364804147],[-125.0001390430473,49.423993819607645],[-125.00024512465662,49.40338678140043],[-125.0052154703264,49.40320078185771],[-125.00542014805451,49.3851969330197],[-124.99983850998132,49.38371948996373],[-124.99638321451084,49.385605199636146],[-124.98737431857805,49.38468089473439],[-124.98571081705656,49.382968996841505],[-124.99239290836798,49.37724369708074],[-124.99289660973685,49.372377091488595],[-124.99138938460996,49.371356001191494],[-124.97923870511971,49.3687739073396],[-124.98125810622274,49.365734604410065],[-124.98167452085276,49.36270820522283],[-124.97783850152287,49.36214379563568],[-124.97516500385855,49.3649128947894],[-124.97222950907337,49.36615759894687],[-124.96502397767361,49.361766796010805],[-124.96168442114256,49.36117719812207],[-124.95573470366453,49.361799496788954],[-124.94967600351096,49.35994519665857],[-124.95283601481144,49.35661109039756],[-124.95373209823782,49.350317590399456],[-124.95188590645402,49.34903290071712],[-124.94688368932128,49.34892610997368],[-124.94339541980617,49.34627850483138],[-124.9386773947968,49.344112288497435],[-124.93555571126532,49.34369638752316],[-124.93384938222506,49.341788002524076],[-124.93561628246674,49.33841829711148],[-124.93414449701301,49.33736580134166],[-124.92781880475769,49.34007889526844],[-124.92615940860638,49.33953199920729],[-124.92475988633011,49.335763595105966],[-124.91988711353083,49.332244306526775],[-124.91502670456079,49.3308130000606],[-124.91342645663275,49.328863015995736],[-124.90906780260174,49.329104802354664],[-124.90909449994493,49.33279681688036],[-124.89246697688029,49.33270881150868],[-124.88339173812551,49.3323368580664],[-124.88256576269595,49.322443777787],[-124.86869271945926,49.32201626226089],[-124.85845612582133,49.32212577763883],[-124.85784014625867,49.311443971726625],[-124.84469292585298,49.311533638166615],[-124.84425242447017,49.303050407735874],[-124.83543322731688,49.302935769277],[-124.83518228275884,49.29628249197243],[-124.83003456844102,49.296729286717216],[-124.82955344080158,49.28890256120976],[-124.82812427752032,49.28898465155823],[-124.82285195947146,49.283984488754854],[-124.81796771803049,49.28366588461916],[-124.80249952702636,49.283519839639105]]]}},{"type":"Feature","properties":{"shapeName":"Macoah 1","shapeISO":"","shapeID":"43193130B80077408359502","shapeGroup":"CAN","shapeType":"ADM3"},"geometry":{"type":"Polygon","coordinates":[[[-125.36968103099206,48.9976063655017],[-125.38521101080909,48.99764205862613],[-125.38490573168863,48.98931045727069],[-125.38150331169635,48.99291510449092],[-125.37442710079463,48.99530059967328],[-125.36968103099206,48.9976063655017]]]}},{"type":"Feature","properties":{"shapeName":"Cowichan Lake","shapeISO":"","shapeID":"43193130B80224864073543","shapeGroup":"CAN","shapeType":"ADM3"},"geometry":{"type":"Polygon","coordinates":[[[-124.06958432618954,48.8237431988311],[-124.06936968967777,48.82661169540919],[-124.06977492152988,48.83184391857283],[-124.07640410084895,48.83202582927044],[-124.07575380378549,48.82437839945381],[-124.06958432618954,48.8237431988311]]]}},{"type":"Feature","properties":{"shapeName":"Nanaimo C","shapeISO":"","shapeID":"43193130B80338094387440","shapeGroup":"CAN","shapeType":"ADM3"},"geometry":{"type":"Polygon","coordinates":[[[-124.01036182089368,48.99958973700786],[-124.01376456062418,48.9996930708151],[-124.01409917325013,49.004822133899275],[-124.01522508162964,49.00619897178506],[-124.01927937440415,49.00538898511743],[-124.02084324791385,49.00648191053709],[-124.02061381819644,49.01080980558238],[-124.01959968666749,49.011920243988044],[-124.02970718027896,49.012345131347395],[-124.0298945946101,49.01839134613036],[-124.03552302317958,49.018240097949345],[-124.03595511499782,49.025861526213134],[-124.03055197589846,49.02631655115941],[-124.02238161613153,49.02542605429],[-124.01492629058757,49.030216942773755],[-124.0115265548,49.03029073884197],[-124.00510446960011,49.031890466606555],[-123.99303817110834,49.031663656153384],[-123.98509992237466,49.02847950237898],[-123.98329979211277,49.02702910932276],[-123.96856767956699,49.023909751119746],[-123.96596839385168,49.022390008715256],[-123.95703962854076,49.02069452531177],[-123.95278889269488,49.022874706430535],[-123.95319336436562,49.031427527006244],[-123.94331456130375,49.03118501495328],[-123.94320651018705,49.02995170607164],[-123.93518555387018,49.02951543240872],[-123.93044265461326,49.032118825565796],[-123.92708592570283,49.02949644887967],[-123.92094136705192,49.03224319005225],[-123.907212759994,49.02969697823109],[-123.90287704898077,49.0272163799167],[-123.89493502448511,49.02628076642327],[-123.89335130092644,49.02492622356473],[-123.88530511113296,49.024140784639535],[-123.88553364698882,49.037178492757185],[-123.87772533721062,49.037032684071576],[-123.87837770393257,49.0431208261697],[-123.88395347272987,49.04294340384563],[-123.8839054147541,49.04676161305182],[-123.89230223721151,49.047334445637865],[-123.89172549328086,49.06535798117204],[-123.89239306968041,49.06939377245658],[-123.89246288484132,49.08255431061946],[-123.90931181166903,49.08267398753841],[-123.90943381431696,49.09404240870622],[-123.91265357137993,49.09412227718097],[-123.91268743068434,49.09720968646855],[-123.92009256598172,49.09780073709618],[-123.91994778400799,49.10201097188336],[-123.92437993147823,49.101129222135825],[-123.92433462130919,49.09704432182622],[-123.93314070144687,49.097227074949444],[-123.933417387914,49.10157994190951],[-123.93817588214883,49.10157605323545],[-123.93824544224277,49.10477904067379],[-123.93299022081231,49.10480471879068],[-123.932825653287,49.122292463787865],[-123.9242439757495,49.123395632111226],[-123.92382214619684,49.12484055500206],[-123.92817615097346,49.13035557318042],[-123.93320324388253,49.13047714370901],[-123.93318556876244,49.13366469991707],[-123.94975549941215,49.13304488333754],[-123.97063261955945,49.13300556582469],[-123.9753194874884,49.13078034013425],[-123.97447338795925,49.13689285855821],[-123.97886426623758,49.1369872314983],[-123.97630715789647,49.141042056310404],[-123.98047165743162,49.14105764775634],[-123.98047072225133,49.148177888328036],[-123.98634968556944,49.14833233261824],[-123.98636852630369,49.15198104667328],[-124.00129855053311,49.15236834468456],[-124.00135258951003,49.15614126840522],[-124.01386574614104,49.15626902430759],[-124.01389666783041,49.159623263753744],[-124.01891863524162,49.15970023453402],[-124.0224244451734,49.16295180719486],[-124.02185977249209,49.170302475371244],[-124.0223440716628,49.17430318591445],[-124.01971486814574,49.17432692296145],[-124.01646013958174,49.17751051173551],[-124.008150977895,49.17745529413873],[-124.00483361602925,49.18014669075941],[-123.99979568708713,49.18015770504897],[-123.99932683872426,49.1869869480471],[-124.0022336459532,49.186615652378144],[-124.00451331263423,49.18914405810675],[-124.01040378147013,49.189907080908874],[-124.01460405233,49.1919072248483],[-124.01815070972687,49.192557808093994],[-124.02239946612056,49.19461991424102],[-124.02465211240906,49.1944574192531],[-124.0273112653728,49.19614704234367],[-124.02740887372771,49.1992192787083],[-124.04029054036342,49.19960329132006],[-124.04172638608824,49.2023846634167],[-124.04765905266734,49.202891017546904],[-124.05442669463386,49.20283018959506],[-124.05464234558438,49.20455516999119],[-124.05424910400498,49.22246161402657],[-124.0574600075169,49.222619318014516],[-124.05802839602664,49.22800581860641],[-124.06474455771193,49.228127041952824],[-124.06461513290978,49.22976470320119],[-124.07012891294816,49.22967847897904],[-124.07285896000073,49.22858524691213],[-124.07300247854629,49.219733298162616],[-124.07393088241805,49.219801634193345],[-124.07403153317152,49.21179922501704],[-124.08173223385363,49.21144583233527],[-124.08195893251255,49.199205873315286],[-124.09261218693979,49.19988183694084],[-124.13526388590303,49.200188154429604],[-124.13540407447071,49.202904171532175],[-124.15842360817967,49.202967427588426],[-124.1588557740198,49.20036908131362],[-124.17769266963187,49.20038404269081],[-124.18079658169324,49.20579431270533],[-124.184491984754,49.20566569108451],[-124.18455481558561,49.21352975295367],[-124.19145736733806,49.21366995970335],[-124.1914781475385,49.21794276177125],[-124.19652853288615,49.218095513165615],[-124.19652511332264,49.22445126059405],[-124.20347410713015,49.22507301248666],[-124.20379017696864,49.23324771375481],[-124.21288180993275,49.23312059247291],[-124.21311893898383,49.223676879966],[-124.22690660668222,49.22409021305918],[-124.2266674010639,49.23144467653663],[-124.21982313881927,49.23135309804629],[-124.21969048195203,49.23872006517333],[-124.22514957102095,49.238842904281434],[-124.22495540498245,49.24697195976167],[-124.23423695674343,49.247126463398295],[-124.23442103874318,49.25285753022864],[-124.23627130020125,49.25282000755925],[-124.24285657411333,49.252680879651166],[-124.2428452097104,49.24882758420883],[-124.2499360417356,49.2488533957834],[-124.2498585998018,49.241506537946925],[-124.24043338829384,49.24129770659131],[-124.240254746832,49.23135144560852],[-124.24587543929078,49.231419735563975],[-124.24590975582913,49.226328200249995],[-124.30715310289763,49.2263440824075],[-124.3071296058527,49.22271555012982],[-124.29855196727627,49.22263912320389],[-124.29810139783848,49.219129437597786],[-124.29216658243382,49.21894825061165],[-124.29173855596189,49.211952983637055],[-124.28607855740917,49.21172462272525],[-124.28612475961121,49.208752164474845],[-124.30720703662816,49.208580114352365],[-124.30717338005417,49.21267656242194],[-124.31421491310886,49.21286526924448],[-124.31437519897231,49.21894746320956],[-124.31955049155529,49.218919624936305],[-124.3194139404279,49.22604474682809],[-124.32681236092719,49.22623435504632],[-124.3267546981451,49.23020525947416],[-124.38885986253507,49.23058284571355],[-124.38909324689783,49.23243656337963],[-124.4205973632831,49.23268330857396],[-124.42082319613783,49.236200776281],[-124.44777412467461,49.236339879816434],[-124.44701613575015,49.223114870166064],[-124.45668978784258,49.223761333134426],[-124.46564045531804,49.225109686553466],[-124.48136880791287,49.230974910692204],[-124.49286075778527,49.230745326245454],[-124.49604076022624,49.2341634732899],[-124.50229675119904,49.23507799496438],[-124.52524005760519,49.24114590303711],[-124.53410332424517,49.24112354220123],[-124.53407583785713,49.24554719962081],[-124.5315806919731,49.24556033033408],[-124.53191417968932,49.2501467950931],[-124.5293713914896,49.25010567657955],[-124.52949424620284,49.25262510111258],[-124.52298132967945,49.25282661459439],[-124.52286852853604,49.255170222931184],[-124.5210422327069,49.25697646865656],[-124.55925437256245,49.25701476881097],[-124.55952606210585,49.26229180488863],[-124.57007796842919,49.26235280148562],[-124.57004582800153,49.2727052872221],[-124.58892027389852,49.27291337435167],[-124.58897962190179,49.28117766293535],[-124.5952438887496,49.28129223431184],[-124.59549438071915,49.28380270933061],[-124.60533827493447,49.28406883726831],[-124.60307859042496,49.27546518319785],[-124.6027263644839,49.26784432570278],[-124.61715558657592,49.267974264415535],[-124.6173576461411,49.27180475751992],[-124.62041943910035,49.27357927025394],[-124.63149002049481,49.273821634016755],[-124.63158314105661,49.27187863584094],[-124.64315523050942,49.272036794002126],[-124.64292715779679,49.27756918597329],[-124.6451177305737,49.27768726740973],[-124.64507313852295,49.28124112901754],[-124.63741894333076,49.28129270211632],[-124.6375269764343,49.284841431330214],[-124.65682979467694,49.28492180622546],[-124.66221790779551,49.28142903671201],[-124.64467758928966,49.24992697247645],[-124.64685194182468,49.248291509184384],[-124.64212154577575,49.24121117244492],[-124.63344612057953,49.23622607519734],[-124.6341932868251,49.231980790505865],[-124.63339396422336,49.22466444369261],[-124.6306361723252,49.219508556622934],[-124.63961754373487,49.21961944206152],[-124.6441477140749,49.22434043649726],[-124.6480797224566,49.224548694196656],[-124.65088298662477,49.226728533329926],[-124.65070899306693,49.22914190792988],[-124.6535586757695,49.23167149775313],[-124.65594577148855,49.235684865709665],[-124.6542759896723,49.23843465297743],[-124.65463917297463,49.243127858107606],[-124.65839773051013,49.24726822396147],[-124.65763506350763,49.23408724731474],[-124.67423772812037,49.23389255022626],[-124.67392748427145,49.23125113314935],[-124.66840503979729,49.2313462127309],[-124.66828723184778,49.227623986132244],[-124.66312495880845,49.2273946825866],[-124.66307492227622,49.22402305214906],[-124.67417516296078,49.224168324458624],[-124.67414040053673,49.2274783395565],[-124.67965575761214,49.227678044843486],[-124.67979898014394,49.220886802843175],[-124.67473648184117,49.22055620168428],[-124.6774055827125,49.21532169987926],[-124.68190227856256,49.21580571519609],[-124.688122172163,49.21133309836188],[-124.69294877090007,49.205473951863006],[-124.68838579518808,49.20107621560908],[-124.6803028866338,49.20560210304683],[-124.68324924190006,49.200068517447235],[-124.68958810476656,49.19733223683357],[-124.69731781603029,49.191286968742496],[-124.69806025225856,49.18834676549561],[-124.69563256679406,49.184429033558054],[-124.6945823749816,49.18076022493563],[-124.69924484407483,49.17877244751643],[-124.6987868310308,49.175038780918214],[-124.68860960649336,49.17480051344985],[-124.68829218002791,49.171556278598246],[-124.67258653777984,49.17158401153025],[-124.67011977421888,49.173125615573205],[-124.66532313534674,49.18107207115752],[-124.65371765480491,49.1791318786501],[-124.65648974786895,49.1738613376647],[-124.64692434042655,49.173833501682225],[-124.64688147506524,49.17212175511077],[-124.64064393814081,49.171893927740854],[-124.6404688266929,49.16592831312937],[-124.63497725821554,49.16567470146289],[-124.63491188355785,49.16249543010813],[-124.62958646259972,49.16221143958592],[-124.62927253280859,49.158245223385464],[-124.61345451993797,49.15811195209946],[-124.61332215435958,49.15991116324144],[-124.59046684507561,49.15966509339522],[-124.59013603123782,49.1520929552359],[-124.59554017118008,49.152178176867025],[-124.59545983452826,49.14805533967401],[-124.5899141916458,49.14694818177287],[-124.58993343762594,49.14179815537243],[-124.58541854769399,49.141680623673786],[-124.58255508492454,49.140057554345525],[-124.58239521948093,49.14499169047384],[-124.58054268771201,49.14506639650738],[-124.58059828989833,49.14857498296367],[-124.56708763890371,49.14880351177675],[-124.56545802739925,49.14724416479523],[-124.56503055749681,49.14364392430867],[-124.55712026675444,49.14354201668913],[-124.54987176454964,49.14171343659764],[-124.54956398635595,49.137576094360774],[-124.55230227667826,49.1357688154327],[-124.55154906047912,49.131113106090275],[-124.54944852096142,49.13109531259472],[-124.54820893730837,49.12809981411948],[-124.5361357737169,49.12793870791358],[-124.53533318753564,49.12599230440769],[-124.53250811122311,49.12418643360355],[-124.52821518924051,49.124178776473435],[-124.52793921523995,49.12052127973056],[-124.5293872788639,49.1179123564067],[-124.53258139574058,49.11800681457871],[-124.53718318506174,49.113787426119515],[-124.53722436218763,49.10917721477278],[-124.53149037190768,49.10896711207364],[-124.53131378069999,49.10462021783613],[-124.52994630749188,49.10457968860831],[-124.53027522885104,49.097456797192805],[-124.53294970113264,49.09442474285725],[-124.53287179415136,49.09109891802156],[-124.5277621883095,49.09109577717953],[-124.52723887944714,49.08013248893799],[-124.52378661617064,49.07998949704671],[-124.523771283214,49.07144029803132],[-124.51654885665539,49.06855632559657],[-124.51576559226028,49.0510569343432],[-124.51185739736194,49.05094416276937],[-124.50545066261209,49.048910959962654],[-124.50576064312924,49.05328990789555],[-124.50171895088762,49.05409202391384],[-124.49550703587353,49.054128940862086],[-124.49050021284236,49.05519722580906],[-124.49045916893837,49.05632820498302],[-124.48262557329303,49.056240251671724],[-124.48139055036796,49.0545856147521],[-124.47529831283452,49.05454675490291],[-124.47513680804462,49.05864685336089],[-124.47180274257565,49.05861297393436],[-124.47154974241109,49.060515612505526],[-124.46314227334071,49.06018564010801],[-124.46107807921226,49.059169287810015],[-124.46098449147003,49.055524326225786],[-124.46317075278674,49.0555599784496],[-124.46328844898291,49.05017866001051],[-124.45812246400457,49.05003858356669],[-124.45602519475561,49.049035092631854],[-124.456439353538,49.043515145029424],[-124.46579899962978,49.04349134453129],[-124.4699341761734,49.04253472107342],[-124.47738426287694,49.043306654068],[-124.48494075462584,49.043345005924415],[-124.488406916577,49.0423033125501],[-124.4884958566124,49.03871168436921],[-124.48526240618901,49.038551636281],[-124.48697861677459,49.03589578264277],[-124.48704898571292,49.03166392129217],[-124.48820173998381,49.030900623024934],[-124.49375796923364,49.03106039138353],[-124.49390660831143,49.03429188807752],[-124.50196762938597,49.034177253306616],[-124.50164201526614,49.03081386220463],[-124.50339580080966,49.02794774844544],[-124.49798380525952,49.02785479954426],[-124.49527665054455,49.02701682678834],[-124.49530861776948,49.0244911696337],[-124.4841167020631,49.024084369818496],[-124.48271462798486,49.022209893223135],[-124.47922931292098,49.02148180543811],[-124.47212457734331,49.02151976197451],[-124.47015383537733,49.01999331681545],[-124.4630659776016,49.019932413304204],[-124.46677129159939,49.023672154405766],[-124.46662684398609,49.026076419299415],[-124.46340874445217,49.02704371446672],[-124.46458675868318,49.0293866489031],[-124.46319017890629,49.032444671461576],[-124.45779925969467,49.03237274375117],[-124.4549319104404,49.027821305944094],[-124.45481075815259,49.02379496308765],[-124.45069358733788,49.023102887486644],[-124.44397270165314,49.024503409542824],[-124.43494145692407,49.024972477365836],[-124.43042062521484,49.02321863413977],[-124.42712217379763,49.02321762234122],[-124.41809018447753,49.025613546698246],[-124.41543148503641,49.02436330614456],[-124.41312831531663,49.021227944473964],[-124.41093344601865,49.01647351173457],[-124.40498124536356,49.01520228098294],[-124.40176536392624,49.01376400598074],[-124.3996029383133,49.010905463669296],[-124.3991053971515,49.008333450757746],[-124.40025913322354,49.00334943433469],[-124.39289259828142,48.99430620432916],[-124.39286112440443,48.990767504114835],[-124.38493180811867,48.98205762265644],[-124.36457092717461,48.98218582277335],[-124.36447738124339,48.98558423474996],[-124.36617354892934,48.98812204399247],[-124.37457345776572,48.98740140767063],[-124.3781193694809,48.98886575763682],[-124.38195274711632,48.987560186078696],[-124.38381435445953,48.99092178642783],[-124.38741579409556,48.990756028347],[-124.38667875025156,48.99380657463586],[-124.37881390741369,48.994535332173136],[-124.37609070796492,48.996201035232886],[-124.37645684726988,48.99965877569321],[-124.34471505765815,48.99975763113702],[-124.34212612425019,48.997777889352705],[-124.32897408662159,48.997600013463966],[-124.32866179523826,49.000915816204405],[-124.32404118735212,49.0009410261188],[-124.32377738203469,49.00434831376564],[-124.32244058700702,49.00755635392706],[-124.31698631740339,49.00744144948171],[-124.31690787773174,49.004243965095526],[-124.31374446213098,49.00409312863175],[-124.31378862152714,48.999748360988555],[-124.30509308933215,48.999765958031595],[-124.30493891546897,48.997233903378465],[-124.29209043596937,48.99723464039583],[-124.29219590366301,49.004256295532464],[-124.29435068704187,49.00443972067529],[-124.2945646236056,49.01327260120377],[-124.28242449352898,49.013111055249695],[-124.28222173910967,49.005208272687085],[-124.27767605201332,49.00509732126669],[-124.2778237414979,49.00109705179956],[-124.28266745228754,49.00118298198097],[-124.28272621017076,48.99640937039235],[-124.27708724890968,48.99631933351001],[-124.27716466824408,48.99977028327884],[-124.24955568448152,48.9997779446107],[-124.24881523249755,48.98953554563847],[-124.24341390237058,48.98948998826184],[-124.24333196431672,48.993896825560434],[-124.2341227261719,48.99409378575096],[-124.23440148884077,48.99903432154265],[-124.23804038654136,48.99909611590835],[-124.238159295765,49.003926014539516],[-124.2332843756235,49.00388885326492],[-124.23352834092161,49.007146955694076],[-124.22683107441732,49.00698132750781],[-124.22677813808654,49.00437559669819],[-124.2045877582534,49.00444119944848],[-124.20436687783291,49.008904113930285],[-124.17293757882024,49.00891355783951],[-124.17283353422916,49.0015238079594],[-124.15649322159302,49.0016021830591],[-124.15642358856245,49.0024341785244],[-124.13633826947019,49.00220416457572],[-124.13388553839651,48.99981313002479],[-124.1163283809789,48.99976575061098],[-124.11545010542403,48.99826778984085],[-124.10254772387746,48.99816314440176],[-124.10337632482812,48.995642382556696],[-124.10243997111597,48.99202426738472],[-124.10227428363044,48.986423361950315],[-124.10108116222247,48.983489124318965],[-124.09858560261343,48.98126710932278],[-124.09271314025384,48.981335207552426],[-124.08381065576144,48.98285761450904],[-124.08074807126427,48.984737447229904],[-124.0807086634196,48.98936750189202],[-124.08330035257063,48.989395171292614],[-124.08498968002114,48.99148852907221],[-124.08491505805014,48.99392962564252],[-124.0802705910302,48.99393030618338],[-124.08032533808365,48.99966951789974],[-124.08481129305807,48.9998104897122],[-124.08466203922904,49.00469280760332],[-124.08076622396335,49.00318550715701],[-124.06985079543834,49.002979939599726],[-124.0670272467258,49.00467674329459],[-124.06356859381773,49.00456959980816],[-124.06223726043758,49.001910353223884],[-124.05741654804166,49.00162736721416],[-124.05493565540007,48.99989470080528],[-124.0546028388144,49.005934119345085],[-124.05854056125101,49.00695681603945],[-124.06388429113414,49.00624497602154],[-124.06580827428947,49.00895251439858],[-124.0619442046093,49.0100691362859],[-124.05745362140438,49.00986123260529],[-124.05570433478931,49.008521199189275],[-124.04452205074286,49.00507561888756],[-124.04071660816152,49.004881943501864],[-124.03666002920002,49.00317477880537],[-124.0365391885112,49.000465071958104],[-124.02910720160291,48.999748737721625],[-124.02784463779169,48.99748159554093],[-124.0213878778976,48.997360594453546],[-124.0213065741984,48.99535451623712],[-124.01452496788518,48.99556504263877],[-124.01338939636766,48.997154615965464],[-124.01017223266936,48.99727278860358],[-124.01036182089368,48.99958973700786]]]}},{"type":"Feature","properties":{"shapeName":"Klehkoot 2","shapeISO":"","shapeID":"43193130B80621580105703","shapeGroup":"CAN","shapeType":"ADM3"},"geometry":{"type":"Polygon","coordinates":[[[-124.88912895675861,49.29753172855773],[-124.90562697656448,49.29733572545875],[-124.90521011648902,49.290119459522536],[-124.89885529983623,49.289357097093166],[-124.89269892139752,49.28939990508164],[-124.88926560221402,49.290621787854825],[-124.88294157766383,49.29155179491551],[-124.88213320672206,49.293710905880225],[-124.88372100085641,49.29705589283612],[-124.88912895675861,49.29753172855773]]]}},{"type":"Feature","properties":{"shapeName":"Chilhil 6","shapeISO":"","shapeID":"43193130B8083288324164","shapeGroup":"CAN","shapeType":"ADM3"},"geometry":{"type":"Polygon","coordinates":[[[-121.7977026188209,50.61630163222232],[-121.79537937080438,50.61780451652807],[-121.79534738749047,50.648699881683484],[-121.79945061517267,50.64856908099467],[-121.7997217286323,50.655376604616045],[-121.81041862194846,50.65530077568415],[-121.81027861657783,50.648689745241015],[-121.80364542859373,50.64857173735144],[-121.80380131552232,50.61639451381503],[-121.7977026188209,50.61630163222232]]]}},{"type":"Feature","properties":{"shapeName":"Peters 1","shapeISO":"","shapeID":"43193130B80981976593450","shapeGroup":"CAN","shapeType":"ADM3"},"geometry":{"type":"Polygon","coordinates":[[[-121.65929876844281,49.29653712800901],[-121.65786159912518,49.295684215275365],[-121.65298498102268,49.29944940501912],[-121.64603356064572,49.30224370651638],[-121.6429888854925,49.304098952934844],[-121.64589489305612,49.305098888226475],[-121.65126090599715,49.309586603555054],[-121.65730081845483,49.30852409721453],[-121.66074550716932,49.3053438888569],[-121.66089358578353,49.30289849547123],[-121.65929876844281,49.29653712800901]]]}},{"type":"Feature","properties":{"shapeName":"Saltspring Island","shapeISO":"","shapeID":"43193130B8127695125488","shapeGroup":"CAN","shapeType":"ADM3"},"geometry":{"type":"Polygon","coordinates":[[[-123.59504461211293,48.944916398452456],[-123.59772989376899,48.939864699219505],[-123.59552479872843,48.93591819241524],[-123.59867658891926,48.9333189949007],[-123.5918981084393,48.92712938272441],[-123.59422960441559,48.92675769364854],[-123.58734721126584,48.92084719992835],[-123.58621841379477,48.9176142959851],[-123.58836010706612,48.91524578834102],[-123.59135031680201,48.91424170214581],[-123.59203592006635,48.90980249685848],[-123.58960851801366,48.90181840277634],[-123.5927279996825,48.899183604444744],[-123.59011131064366,48.895977708138695],[-123.58435221133672,48.89225479003803],[-123.57610529790058,48.88809609059443],[-123.57912110824377,48.88585008282158],[-123.57563801438603,48.88422940104807],[-123.57008709064421,48.87948109306624],[-123.57026598040936,48.87726639726068],[-123.56695701603375,48.875339491866946],[-123.54788651526542,48.86742510586934],[-123.55141948900665,48.8636936980667],[-123.55336632153995,48.86349570438659],[-123.55986919801839,48.858506692307586],[-123.56261011351108,48.85729759613192],[-123.56140840673528,48.853597508481286],[-123.56421689962727,48.8511449891352],[-123.56769678690704,48.85145259981802],[-123.5707175090743,48.84986319915219],[-123.57164639537973,48.8475104152153],[-123.56990408594751,48.8441179031008],[-123.5706556074967,48.839536291278066],[-123.56993059347896,48.83443899868796],[-123.57003120320486,48.83021910190988],[-123.57170711459796,48.82903269167582],[-123.57238038433148,48.823415597352984],[-123.57104229056077,48.82088479409826],[-123.56667330546988,48.81761480871752],[-123.56228330614125,48.817330006089456],[-123.55886649575585,48.81622189794487],[-123.55368718156288,48.813467492419996],[-123.55371869630102,48.812657194889326],[-123.54840218159688,48.8098229971226],[-123.54603130386424,48.8059748104604],[-123.53386419465362,48.800327806140245],[-123.53403968845922,48.798815302927615],[-123.52694220334229,48.79591558706939],[-123.52213678955647,48.794705007238136],[-123.52084330720871,48.79221980187788],[-123.51752868133111,48.790299896474586],[-123.51932758500027,48.78774629792447],[-123.52456989453067,48.78916200836016],[-123.53307870151401,48.790336902808534],[-123.53839219768298,48.79190500670955],[-123.54400199239646,48.79206740846638],[-123.54755859011865,48.79107900917123],[-123.55406739407393,48.78733190182656],[-123.5509337941677,48.78472980735085],[-123.54627058666584,48.78270029159412],[-123.54430270586519,48.77948870418939],[-123.54718760244188,48.77705619917191],[-123.54726368473975,48.77277359538867],[-123.55442217925939,48.77150599511332],[-123.56263320050174,48.76696848927202],[-123.56193080954858,48.76373410191871],[-123.56256920233649,48.75988880280984],[-123.55806019387528,48.75705888862044],[-123.55481279851016,48.7562470925215],[-123.55463709696583,48.75379169130828],[-123.54864399220635,48.75071690388975],[-123.54793128921736,48.74900210185489],[-123.55029669206709,48.747569415077244],[-123.54597940639326,48.74585458614775],[-123.54052788545422,48.74228130004763],[-123.53673059955995,48.7407873019295],[-123.52995248609442,48.73659160199772],[-123.52458970956201,48.73491528611351],[-123.52359060734098,48.73285019574604],[-123.51908198694264,48.72964999492931],[-123.5165029021702,48.72867299694617],[-123.51067069683414,48.72474069385093],[-123.50729200104603,48.72004080751237],[-123.50460661013012,48.71936999902916],[-123.50076489559653,48.71598611374668],[-123.49727272473447,48.71467870368819],[-123.49043769135704,48.713564900163675],[-123.48690268791331,48.713597708198186],[-123.4801199140024,48.71513728958891],[-123.47688589273712,48.71529541551108],[-123.47205188850181,48.717186703617784],[-123.46521130579595,48.71842861077807],[-123.46253810349289,48.72062619065465],[-123.45995920848996,48.720995010436106],[-123.45760589805371,48.72394740565314],[-123.45507359350988,48.72518929707744],[-123.45066980741981,48.725233508786104],[-123.44623909764488,48.72693260852947],[-123.44186501000132,48.72587008597523],[-123.43757218163088,48.72952179518287],[-123.43275839555986,48.73117669527154],[-123.42736660112651,48.731988508256414],[-123.42548860384777,48.73338990102449],[-123.42622709774312,48.73549210082152],[-123.430781698108,48.740153505933385],[-123.43293130343653,48.744894687874165],[-123.43538999774584,48.74781011403568],[-123.4420753957974,48.75163409784096],[-123.44271731266252,48.753394394422486],[-123.44825170493255,48.756153087029986],[-123.45147248800419,48.7601352002529],[-123.45400280665645,48.76158219204517],[-123.45547848632674,48.76538189510231],[-123.45778731346194,48.76645300404248],[-123.46107348690936,48.770037693006856],[-123.46110761259033,48.7724033067445],[-123.45029830110128,48.77044068897964],[-123.44950630242661,48.768743101919945],[-123.44570079438549,48.76912619459797],[-123.44358140908751,48.768127807370085],[-123.44040799719265,48.763172994596616],[-123.43039729036141,48.755781411108025],[-123.42590237903939,48.75502370021561],[-123.42243287896002,48.75668289771441],[-123.41175979428482,48.75748609831327],[-123.40930590025062,48.75860129080152],[-123.4067656864587,48.755785602432645],[-123.40262897812357,48.75569159381099],[-123.3989376116845,48.75862828918266],[-123.39719109243782,48.75616020608104],[-123.3929515178638,48.75353960581668],[-123.38930158469736,48.754649104964344],[-123.3866259964434,48.75352540014485],[-123.38381260974911,48.75566600741276],[-123.38436171326262,48.75809280468265],[-123.38159009516205,48.75884059229976],[-123.38030861218238,48.76202079758467],[-123.38177628096678,48.76535349718449],[-123.37791799008079,48.76615669326964],[-123.37587340611282,48.767549610785856],[-123.37209589298159,48.76656260369262],[-123.36884451312247,48.77032540154243],[-123.36668720262394,48.77125818796312],[-123.36659040318911,48.77476750835984],[-123.37021219288752,48.77505229278131],[-123.37548598875995,48.77763439070999],[-123.37342860278987,48.77920669393027],[-123.37723479671425,48.78042730537306],[-123.37810841188336,48.78599309031257],[-123.38505029624467,48.78762529377829],[-123.38629239545119,48.78996951378459],[-123.38922729961324,48.79102061045435],[-123.39040858792066,48.79395869279313],[-123.39300690541698,48.79540709091571],[-123.39235469772026,48.797352598025995],[-123.3980654882346,48.79798921083336],[-123.4060045941854,48.79819568955884],[-123.41658251405912,48.80110819981955],[-123.42378230894896,48.80555318638206],[-123.42503939165564,48.8108285009311],[-123.42951489810876,48.811721396047396],[-123.43641680540186,48.814484406048614],[-123.43891771321529,48.81687569788968],[-123.44261188471242,48.81871569178026],[-123.44430411465818,48.8206527012617],[-123.4478760921888,48.82238310080276],[-123.45593441526819,48.827820691613205],[-123.46669851626893,48.83209620171979],[-123.47158901732298,48.83491900038496],[-123.47270837887055,48.83953769469613],[-123.47724480775572,48.840815184449376],[-123.48380980600658,48.8417593939667],[-123.4880311057344,48.844134991727145],[-123.49417041905025,48.84608760152025],[-123.49969108564554,48.850417200059624],[-123.49731530293276,48.85269450189348],[-123.5000212083098,48.85476109358728],[-123.50165879570905,48.85765079280907],[-123.4985783142619,48.85903079820286],[-123.49590061233113,48.85721640837271],[-123.48992049686265,48.854894901018895],[-123.48834118562193,48.85634050812043],[-123.48893060515141,48.85951359289799],[-123.47817911271368,48.85438649706106],[-123.47139501000281,48.851993807658715],[-123.46637030623319,48.84964810188091],[-123.46241689302374,48.84964669704517],[-123.45683209656288,48.846943604475264],[-123.45050260527442,48.84501520409681],[-123.44438210748423,48.84491410002112],[-123.44787119346226,48.847986110663165],[-123.44839730111143,48.85028618918716],[-123.44534899916833,48.850910001726035],[-123.44364050102364,48.84892039187376],[-123.43424651561746,48.84386439279819],[-123.42502091523265,48.84074970620234],[-123.43078038384688,48.84500099607356],[-123.43653471689208,48.84687810300792],[-123.44229808045915,48.84958120162867],[-123.45080631740947,48.85449619470641],[-123.45744799606022,48.8578159893155],[-123.46833610846139,48.86013890989223],[-123.4680306017856,48.86260560762892],[-123.46949238585337,48.86438020325582],[-123.47572781898715,48.86626150210638],[-123.47614400363972,48.8640197972846],[-123.48025171479065,48.865775893067074],[-123.47692221318702,48.867101804744365],[-123.46948640028894,48.865199098921394],[-123.46352850279439,48.86224529319088],[-123.46197038783362,48.860416603969156],[-123.45539441206728,48.8612611023023],[-123.45162329678246,48.85902660160711],[-123.44329051102316,48.857016999246085],[-123.43985530061737,48.85409740177353],[-123.43638149695556,48.85278849679038],[-123.43442859505554,48.85079890063087],[-123.42788489630031,48.84735940937204],[-123.4257295022029,48.84719709698386],[-123.42351099824909,48.8445153116018],[-123.41946302560694,48.84479230841022],[-123.42531630293965,48.85095564124037],[-123.44804340917139,48.862629795906436],[-123.45221498644293,48.864027002286726],[-123.45420749176434,48.8656832931889],[-123.46336809596116,48.869864786442186],[-123.46922401818406,48.87344949686197],[-123.47171599999187,48.876092892904495],[-123.4759711144573,48.87882730411407],[-123.49392430183622,48.8875677000763],[-123.49295011396282,48.89271769603514],[-123.49890178663566,48.89154129150039],[-123.50266400851213,48.89259518732412],[-123.5060409977362,48.89476709121691],[-123.50918560471156,48.89796448879487],[-123.51597979951771,48.90337640728248],[-123.51784800087398,48.90588729325688],[-123.52332480571921,48.91024259759701],[-123.53037038646227,48.914456792907416],[-123.53772870631947,48.915906587673916],[-123.54713688694832,48.91871519357042],[-123.55891698706884,48.927357296017625],[-123.5619401793863,48.92784579711051],[-123.56652219003212,48.9310445973406],[-123.56864390851395,48.93151028487709],[-123.57327989730878,48.93559921132981],[-123.57773301992924,48.93819410243839],[-123.58474189566276,48.93975080526085],[-123.58957840511795,48.94340528573405],[-123.59211739631533,48.943348296258705],[-123.59504461211293,48.944916398452456]]]}},{"type":"Feature","properties":{"shapeName":"Nanaimo Town 1","shapeISO":"","shapeID":"43193130B81295403287390","shapeGroup":"CAN","shapeType":"ADM3"},"geometry":{"type":"Polygon","coordinates":[[[-123.92720761678336,49.146294806381164],[-123.92830239406358,49.15132560166389],[-123.92736197343547,49.15540024693425],[-123.93036367686454,49.15528069927516],[-123.93090963813327,49.14684662952015],[-123.92720761678336,49.146294806381164]]]}},{"type":"Feature","properties":{"shapeName":"Mount Waddington B","shapeISO":"","shapeID":"43193130B81556314425908","shapeGroup":"CAN","shapeType":"ADM3"},"geometry":{"type":"MultiPolygon","coordinates":[[[[-127.60298815673362,50.795276514486375],[-127.61002709671973,50.79603109369472],[-127.612397911857,50.79738120474518],[-127.61758942028527,50.79840520049705],[-127.62183329147831,50.80178350727563],[-127.62521370390795,50.8007166979353],[-127.63555628583343,50.803716095575716],[-127.63620028981902,50.8055135105252],[-127.64039329433571,50.806739690002054],[-127.64481029021763,50.80665709435678],[-127.65123688602297,50.80819669222663],[-127.65714848004824,50.810918299067524],[-127.66045681780216,50.81137829506148],[-127.66314619566397,50.81320850607563],[-127.66897200696076,50.814974486936485],[-127.67178780025736,50.814790788152266],[-127.67763369242083,50.81642289158936],[-127.68093360672634,50.81616230072478],[-127.68341099912116,50.81789130209814],[-127.68740449019326,50.81774741289436],[-127.6915205755033,50.81884549462906],[-127.7003348168187,50.81993360256987],[-127.7057092188943,50.82320359592318],[-127.71033260588263,50.823911400246004],[-127.71256100871871,50.82550080095385],[-127.71735719639241,50.825112004369885],[-127.72015399469821,50.827194192861704],[-127.72368451115041,50.82736798653424],[-127.72915410228677,50.82983748435643],[-127.7347549085038,50.829151098443546],[-127.73820808945652,50.83164480343924],[-127.7431987190561,50.8324623024056],[-127.74690408691083,50.8319995070128],[-127.75287308427195,50.83391499511545],[-127.75801321265756,50.836649493374914],[-127.76262002325926,50.83749120292509],[-127.76597100948428,50.837039785615396],[-127.77502118277734,50.83848530263534],[-127.78099531256362,50.84138929745519],[-127.78784421128337,50.84239618960831],[-127.78967950501297,50.8417396095416],[-127.79625611246199,50.84174529030121],[-127.8028474884687,50.84281209420633],[-127.80457899793576,50.842307909669614],[-127.8124644157665,50.84665030414464],[-127.82235501354727,50.84769569854602],[-127.82653330121565,50.84704480286875],[-127.82940450101732,50.84924099119527],[-127.83385230674061,50.850266402544726],[-127.83743531691118,50.84960980093853],[-127.84384071636453,50.851984005593536],[-127.8506739825475,50.852527996246074],[-127.85413730503429,50.854990498462364],[-127.85921618855834,50.852926792697495],[-127.86327831543657,50.84544829640178],[-127.86738910332049,50.845794387971075],[-127.86913808583274,50.848652806394895],[-127.86805700514212,50.85280580501991],[-127.86850370298706,50.857837502046785],[-127.87101802055395,50.86198050030418],[-127.87306660841634,50.86249458380391],[-127.8730434106793,50.86522908766871],[-127.88032082259241,50.868096103936715],[-127.88739499601684,50.868802489401176],[-127.89400100839758,50.87190439519065],[-127.89577760223213,50.87130908716831],[-127.90110789615531,50.871925804834206],[-127.9061412955423,50.87479699752722],[-127.92067090154579,50.871632391511646],[-127.9260724851425,50.87339979351603],[-127.93009050107877,50.87361629568208],[-127.93159029634005,50.875150203311634],[-127.93683340183036,50.87394809793726],[-127.95006610921241,50.873942407096834],[-127.95650919453549,50.87126638896107],[-127.96047271069304,50.871957093427085],[-127.9643524009366,50.869347887317204],[-127.97395849949004,50.86424360478829],[-127.9839476075404,50.8603568879849],[-127.98688342334846,50.86124560145055],[-127.9934863013993,50.860844011600356],[-128.0019822047115,50.85887571042462],[-128.0090279060604,50.8589354817148],[-128.0094395909166,50.8616998906536],[-128.0114844070817,50.863767893260096],[-128.017316890237,50.86610069623111],[-128.02472830312854,50.865138003080425],[-128.02793378939836,50.86609079220049],[-128.03362648957352,50.864303388298296],[-128.03987358756783,50.86456259357249],[-128.0453948039255,50.86552539306231],[-128.05208439659557,50.86782691208719],[-128.05431089533084,50.87019250145047],[-128.0543397071187,50.87574121036719],[-128.0615565132367,50.875305391401845],[-128.06179348582853,50.87267209074425],[-128.0659682046163,50.87006148544446],[-128.07734221183847,50.87053860679835],[-128.0801972864202,50.86916709865252],[-128.08880459080672,50.868668592264065],[-128.09203200933442,50.867173198315434],[-128.097040483431,50.86832819355389],[-128.09837860271438,50.866683294651004],[-128.1029997046751,50.86656648864457],[-128.10263960040191,50.86311848827024],[-128.10805041131408,50.85949100955786],[-128.1130703940324,50.859341498338544],[-128.116420998137,50.854914993151056],[-128.1197390065567,50.853025104032895],[-128.11737671074278,50.85019229165351],[-128.11809468714094,50.847534799448745],[-128.1237115925496,50.841157096721524],[-128.12841438851015,50.838790100324076],[-128.13293289361812,50.8378986100042],[-128.14008622285283,50.83822040481794],[-128.14940701557845,50.84034819835282],[-128.1478469994233,50.84246879762116],[-128.15079811192098,50.84425200080778],[-128.1526797929422,50.84228800653185],[-128.15840372687333,50.84228370287219],[-128.16623250948064,50.84055039057515],[-128.16790111326483,50.842568499101354],[-128.17356319710095,50.84371498507924],[-128.17707688076234,50.843307702092496],[-128.17906720837738,50.83758378372298],[-128.18526148097976,50.83418280071234],[-128.19281520451906,50.83502730830398],[-128.20613040918363,50.83455169517057],[-128.21146628214254,50.834013292071674],[-128.21174681363217,50.82914959784749],[-128.21649320826754,50.82456799356835],[-128.22326081203641,50.81983820293092],[-128.22700838686745,50.815572696914266],[-128.23362009278944,50.81136271330483],[-128.23751668098018,50.810102295610605],[-128.2455783061606,50.80477708914271],[-128.24903558348714,50.80337000066694],[-128.2517394079154,50.8046276082769],[-128.25706750539203,50.8051203959155],[-128.26077502077888,50.80134909580759],[-128.26609969965992,50.80119379191173],[-128.2701554001153,50.80588660692164],[-128.273719097328,50.80671828943245],[-128.28377600649438,50.80340849469836],[-128.28890352126103,50.80396109732947],[-128.29104700331737,50.803029611898616],[-128.2931829866293,50.79875420882476],[-128.3006412980744,50.795408703701355],[-128.30741929382526,50.79478350911858],[-128.31087478776885,50.79620620142402],[-128.3122780053405,50.79430779259357],[-128.31518970364885,50.79508109385971],[-128.3168904075942,50.800099993005375],[-128.3194053841015,50.80179630185861],[-128.32584790273683,50.80275050580455],[-128.3281756818838,50.8057583980099],[-128.33770271426252,50.8035024998228],[-128.3431587259333,50.80392830304727],[-128.34952590276873,50.801239401972175],[-128.35104460384252,50.802237806612744],[-128.35547391655552,50.80220790627494],[-128.3598008958021,50.80114400940966],[-128.35085639321977,50.79751510697068],[-128.35105769688934,50.793118601094484],[-128.35514932188713,50.78764680427243],[-128.36091359533523,50.78414458730111],[-128.36679878788811,50.782233309827014],[-128.37116932074733,50.78525119779544],[-128.38090518704934,50.78607729989203],[-128.38470110084083,50.78530539901018],[-128.38956760997533,50.78099708515535],[-128.40089531130448,50.77814160597642],[-128.40282557992285,50.77680279386384],[-128.4103289818853,50.775617898785406],[-128.4142021889793,50.77570048928778],[-128.42017387827576,50.78125209922388],[-128.4202950154567,50.782879906665805],[-128.42738878689084,50.7839766001444],[-128.43015239840847,50.78650881296999],[-128.4316976933775,50.78433970907892],[-128.43265728418442,50.780072798695976],[-128.43013591953286,50.77974520130714],[-128.4289727053611,50.77389460921063],[-128.42949400137485,50.771990387327236],[-128.4248354022522,50.771302503845924],[-128.4220408907505,50.76914769518721],[-128.41822571136464,50.769191786656265],[-128.4192194904545,50.766723697296],[-128.41483109946367,50.76726769106534],[-128.41288689765375,50.7695792093103],[-128.41303729490502,50.772295204380406],[-128.40635010548596,50.77299880453116],[-128.40285739701002,50.77209149965092],[-128.4052818137935,50.76663539294638],[-128.40480430650845,50.761740399913755],[-128.4020061160328,50.759901707108824],[-128.40468558235307,50.757648604658556],[-128.39811191710754,50.75188630541445],[-128.40473949382618,50.7467491998476],[-128.4091094962726,50.74189690757242],[-128.40453098920992,50.74188260713],[-128.39928789525024,50.74074039801448],[-128.39662987679964,50.738020199296145],[-128.3938939943646,50.73711580316323],[-128.38890029492896,50.73747610759313],[-128.3882159905787,50.73566599878571],[-128.38430579920708,50.73549219087399],[-128.3798405882992,50.73666429333369],[-128.37484921308427,50.740063908459945],[-128.36921910840047,50.747840084114486],[-128.3693751158423,50.75308400686624],[-128.36595141966302,50.75464779626157],[-128.36427430394073,50.760169510114224],[-128.3595846064994,50.76412739115152],[-128.35904110435746,50.76648020673606],[-128.3548430929576,50.771781110118745],[-128.35533220479044,50.774347512090245],[-128.35426951422266,50.77827119048361],[-128.3562110902858,50.78048439322989],[-128.35267720069672,50.78173340065532],[-128.3466053145517,50.77971249620792],[-128.34669861549233,50.777158899010125],[-128.3492411930492,50.774834614656584],[-128.3462331068806,50.77378351099748],[-128.34944920548784,50.77003359326806],[-128.35009670600152,50.764147283672344],[-128.34933669582182,50.75972659355656],[-128.35233899361066,50.75989600409628],[-128.35620299135283,50.75844331014181],[-128.3587578809573,50.75395140252322],[-128.36075809968793,50.75390011385738],[-128.3614683072721,50.750684201980576],[-128.365364787518,50.74775611042107],[-128.36702647979664,50.74008529887288],[-128.37165598197424,50.740380102738214],[-128.37023309353657,50.73774529437981],[-128.37163160207928,50.73273488510589],[-128.37631519298154,50.73215809256326],[-128.37865602640477,50.730830801560586],[-128.38425638587518,50.73057300799034],[-128.3840901151396,50.72821589183765],[-128.38838190900535,50.72728448611484],[-128.3858795880569,50.72459129909551],[-128.3804754153981,50.72088549385623],[-128.37792900552373,50.720493794964106],[-128.37351430682492,50.716953295629494],[-128.37309890553723,50.714154687446545],[-128.37140979388295,50.71331869408978],[-128.36791789345824,50.706446898649176],[-128.3654905057928,50.70592990155337],[-128.36325200273737,50.70172700883161],[-128.36348149195524,50.698427209889815],[-128.36512479399622,50.69519851185563],[-128.3726172032786,50.69187581308232],[-128.37614708769232,50.69247970909052],[-128.3759463816568,50.68960989315135],[-128.37408710621168,50.68566049848032],[-128.375905688926,50.68399850040535],[-128.37541999558513,50.680056304658784],[-128.37229010737693,50.677143798867796],[-128.372575085503,50.67487069611944],[-128.3659008971597,50.67130020402227],[-128.36040748886654,50.67143130549266],[-128.35989459304483,50.67370428763102],[-128.35682808754413,50.67544039440202],[-128.3554522008402,50.677826005191044],[-128.35630380274247,50.68065439860177],[-128.355455487453,50.68275368902059],[-128.35560552453222,50.68731410117192],[-128.35435821273978,50.68951869561185],[-128.34584469828596,50.688733988234944],[-128.3445522804101,50.688007601512254],[-128.3438701899903,50.683165288870356],[-128.34491449940893,50.67926868513488],[-128.34364660989104,50.672750095200456],[-128.34553749207097,50.67125040120167],[-128.3500207042798,50.670402994235026],[-128.34852410664323,50.66807440285522],[-128.34599427325296,50.66674699622468],[-128.34315810298605,50.6702476962625],[-128.34079299276146,50.67150249303534],[-128.3364026200653,50.67163919941131],[-128.3286796083184,50.6704343092369],[-128.32717659416642,50.66861839776425],[-128.3209368988224,50.66757448725987],[-128.3211925878191,50.665580606638926],[-128.31382918966221,50.66395419237126],[-128.30943837718627,50.66532139577206],[-128.3071203886265,50.66793478985097],[-128.30282219752328,50.67068780664521],[-128.30067081921803,50.67350779717251],[-128.2966738926356,50.67388798780888],[-128.29670679972202,50.675453189909966],[-128.29239400018258,50.67798980007764],[-128.2881534063125,50.67763230229209],[-128.2848827104411,50.67497610641427],[-128.28039669945525,50.67587479243985],[-128.27325158942983,50.6738523894138],[-128.27231218944348,50.67152668940563],[-128.27640319048817,50.67047280406443],[-128.27547159996277,50.66765138711598],[-128.2821628116108,50.66682960875142],[-128.2832026896386,50.6644255944397],[-128.2867748087196,50.66124669552702],[-128.282369111845,50.65797249512203],[-128.28435800750682,50.65638449891606],[-128.2832866916234,50.654336504212665],[-128.28602880998054,50.653553201809224],[-128.2898176805024,50.64994279304438],[-128.29377509832983,50.64832058844153],[-128.2983686127296,50.6495084025553],[-128.30384178954526,50.64850719715917],[-128.30988180144246,50.64848011018727],[-128.31573681022857,50.64764270144985],[-128.31541140845084,50.644754396022186],[-128.3170495059619,50.6419130941533],[-128.3204702899738,50.63916299873504],[-128.32756060100175,50.636884203175],[-128.32547700392064,50.635153789210754],[-128.32730720633575,50.63377938737518],[-128.32507607836183,50.628622395039955],[-128.32071979590162,50.62877759344512],[-128.3176512047556,50.62587218791428],[-128.3190329020361,50.623146304104935],[-128.31471018714333,50.62090889569852],[-128.3139528998917,50.61866571248626],[-128.31144651500028,50.617885301126414],[-128.30855370626387,50.61470358291634],[-128.30835321362554,50.61291189906939],[-128.3034556862994,50.608719003753635],[-128.29872899484042,50.60913210517669],[-128.2944127083786,50.60758539161253],[-128.2892650805641,50.606897502798084],[-128.28828967811123,50.60587629753755],[-128.2800312757094,50.60444069561431],[-128.27259231075286,50.605733906137615],[-128.27274451936435,50.6032073945272],[-128.2702059893214,50.60199540583091],[-128.26530030658657,50.602117805601665],[-128.26275220402528,50.59878378959706],[-128.2632275970828,50.59729259803813],[-128.2604629142254,50.59429039979137],[-128.25663549359479,50.59236768832732],[-128.25287929315164,50.593153888954745],[-128.2482236840067,50.59191769697512],[-128.2396220065558,50.590882299103754],[-128.23241202462106,50.5885152011265],[-128.22915779706446,50.591479014026966],[-128.22587811042374,50.5855755899364],[-128.22765281478715,50.582395406724785],[-128.2321578983054,50.58071621067734],[-128.235547109099,50.58081020890537],[-128.23751658668826,50.57856569977512],[-128.23741801439084,50.575975106555475],[-128.23879277471113,50.573106697168996],[-128.24428661896806,50.57122669716347],[-128.24140788913533,50.5694451094926],[-128.24063620405647,50.567308703686024],[-128.23582940477635,50.56587460073002],[-128.23374229438392,50.5622897936768],[-128.22712330028818,50.560330091554945],[-128.2255880145041,50.55849430282618],[-128.2184218175336,50.5547145042184],[-128.21513162100888,50.55129350464638],[-128.21473950292523,50.548591794411706],[-128.20927579612666,50.54779989072024],[-128.20945658782242,50.54540010538947],[-128.21130880824316,50.542714108816625],[-128.21786530493804,50.54219280356832],[-128.21931971595933,50.54042959532611],[-128.21883780931384,50.53717100599542],[-128.21427060280033,50.53611569490813],[-128.20850431067385,50.53150840950876],[-128.20703229810934,50.52924108757336],[-128.19976330801168,50.526987883810534],[-128.1962778054763,50.52694518627175],[-128.1887740150742,50.52433890821315],[-128.18496921601417,50.52501399994729],[-128.17874840080154,50.52336050598083],[-128.17597270636603,50.521479104456596],[-128.17341870547696,50.515822109917444],[-128.16772210828884,50.51333550531111],[-128.1637301867389,50.51258780428373],[-128.16183049875661,50.50840058654905],[-128.15811249486316,50.5064308996733],[-128.1537224978764,50.50588689702577],[-128.149281417265,50.50747339445983],[-128.14407809337803,50.5065719000815],[-128.14331041716912,50.50459650188049],[-128.13991369709845,50.50451820475395],[-128.13730348243794,50.50304129919806],[-128.13863999975715,50.50163989203764],[-128.13360830456782,50.49916460927666],[-128.13244378756394,50.496638109576054],[-128.13000498782074,50.495783497139875],[-128.12731320939562,50.491895389934434],[-128.12390761328376,50.491564990229186],[-128.12145520290977,50.4899812965157],[-128.11967469109908,50.487179889977426],[-128.119334513658,50.48272490048838],[-128.11634558534797,50.48128219779247],[-128.11336280386098,50.481762203360375],[-128.11345388093585,50.47833700067003],[-128.10941589164005,50.47431360372378],[-128.10896508301926,50.472034801184094],[-128.104869482312,50.47174139262725],[-128.10125567441486,50.47052659726305],[-128.0987482033474,50.47575059625108],[-128.10055662129008,50.47765329933384],[-128.09977469652003,50.479527606494074],[-128.09286531472068,50.481137005137796],[-128.08914050572668,50.47987648499049],[-128.08521757947642,50.480924699344556],[-128.0815585121932,50.47917719724923],[-128.07886868376465,50.4746511020012],[-128.0788678035768,50.471853984213375],[-128.0771085011064,50.471039295284974],[-128.07656868561222,50.46764399364517],[-128.07254929293074,50.46633510409736],[-128.06230560513296,50.466352197578175],[-128.06377690922133,50.464564907993285],[-128.06196128837084,50.458768303988386],[-128.05849820833305,50.45797499996316],[-128.0594377146577,50.45531180392473],[-128.05871328421156,50.45212299984513],[-128.05331080825655,50.45176408379059],[-128.0495437049922,50.44926878845343],[-128.0479744194695,50.44393229978946],[-128.04248877608012,50.44425559530319],[-128.0382177055688,50.44727778869618],[-128.03743780260305,50.4530728904009],[-128.0319493061075,50.456183399606324],[-128.0294118987799,50.45979659165605],[-128.02951250339373,50.462395793700956],[-128.03803379398863,50.468799000531305],[-128.045159879536,50.47181549714519],[-128.04470469657474,50.474797807762],[-128.0479502939397,50.47810768682029],[-128.057763409003,50.48362789906348],[-128.05921960179262,50.485556298623635],[-128.06808920379953,50.49178719845245],[-128.07178978312177,50.494983091294905],[-128.07655939827066,50.49624348443678],[-128.076208592411,50.49768059719392],[-128.08324601520138,50.50332900540605],[-128.08413859045984,50.49808500307716],[-128.08536327380548,50.497474096237546],[-128.08570410692488,50.49150520456276],[-128.08750947833423,50.49070050042441],[-128.09325478815893,50.49248928977513],[-128.0921217150683,50.50160999735807],[-128.09285438965625,50.50461930357219],[-128.09100547277262,50.506151794947094],[-128.09077199902157,50.50873961286521],[-128.08786950309786,50.50934630498461],[-128.0842899134855,50.50841059981158],[-128.080774716462,50.50360669802604],[-128.07763560545416,50.50188199875771],[-128.0719199006629,50.496989808367736],[-128.06658101328472,50.493197206180355],[-128.05473672386714,50.48899999988005],[-128.04948750068115,50.4899913100648],[-128.04319888815337,50.4935917091203],[-128.04153480811289,50.49701260780318],[-128.041052885257,50.504186391314654],[-128.03640028505504,50.50618029815704],[-128.0353735041406,50.50810579651162],[-128.0315613956178,50.50902718574948],[-128.02907191225577,50.510777595004264],[-128.030586981595,50.513210196120525],[-128.0304403935708,50.51834300817781],[-128.0276374839,50.52011899956768],[-128.02678869367367,50.52299019551149],[-128.0228336966403,50.52399139702661],[-128.0193897054994,50.52671449823712],[-128.02259220308812,50.53080630349187],[-128.01875409610219,50.53216780286004],[-128.01394347972936,50.53282009501029],[-128.01330040039784,50.53794008821767],[-128.00567700450085,50.53741738886016],[-128.00417279710888,50.539157788136045],[-127.99523160921474,50.54090670810019],[-127.99123189189271,50.543813607870206],[-127.98707261855448,50.540952305420944],[-127.98407751005328,50.541079091892165],[-127.98231112264232,50.54319550232369],[-127.97866920183068,50.544504286904456],[-127.97210721450169,50.54184669808157],[-127.96011770601572,50.54290059477677],[-127.95470830173629,50.543023102414956],[-127.95397261050127,50.54507540318479],[-127.94792557638092,50.5466049983266],[-127.94084871118339,50.54555960979207],[-127.93195540359712,50.54313989311731],[-127.91471678801884,50.53236009211582],[-127.91265648835173,50.53171919680984],[-127.90349951259257,50.52680419819691],[-127.89861038822619,50.52356561090738],[-127.89518018747549,50.520025003100926],[-127.89860930492827,50.51934710364156],[-127.90471059572167,50.520808299179365],[-127.91264869805492,50.525342992714805],[-127.91802289688415,50.529684013266284],[-127.92509270113757,50.537086987161224],[-127.9288451982908,50.53773358721004],[-127.93199170542958,50.53712398914712],[-127.93600689903211,50.54056071357679],[-127.9420131251259,50.54398730367674],[-127.94537261965408,50.54335209763164],[-127.94570589014887,50.54110760137295],[-127.9542595086937,50.54100498769633],[-127.96236250339092,50.542209888711234],[-127.96743201304369,50.54079849615676],[-127.97175401097148,50.53799419308512],[-127.97774858830438,50.53623108902658],[-127.98614660547868,50.53212219476073],[-127.99325640127245,50.52955720207756],[-128.0020225058869,50.528778211850785],[-128.00891220147295,50.5271374988953],[-128.01057037769246,50.526117793070355],[-128.0078120046122,50.52244328192181],[-128.00952261404848,50.516863194902996],[-128.01455312300186,50.514460604115754],[-128.01999800389953,50.51034180019993],[-128.0235051128457,50.5064408885946],[-128.02965319848587,50.50369499272526],[-128.03175499512915,50.500251287554335],[-128.02766410472978,50.49831008902236],[-128.02707129888387,50.495588403717925],[-128.02532529236322,50.494756687547316],[-128.01727418899253,50.48663009954051],[-128.01693838538912,50.484423990557175],[-128.01321642211852,50.48315080064599],[-128.0142370963113,50.48085778692443],[-128.0127122975291,50.474144110913784],[-128.0096900142563,50.469793091465526],[-128.00648520070456,50.47009791058889],[-127.9998316992086,50.468773401262666],[-127.99530151661372,50.469120906423555],[-127.9905690040539,50.46767669727147],[-127.99012691007701,50.469966910033556],[-127.98580290653555,50.47188100556755],[-127.97678590651921,50.469777511716465],[-127.97604510837729,50.470841290246845],[-127.97036981487626,50.47123299078386],[-127.9654876055291,50.474102810048954],[-127.96269899583872,50.47473510835736],[-127.96017849309368,50.47717621408342],[-127.9559244857859,50.479620200856964],[-127.95144809200292,50.480668404070975],[-127.94313150732704,50.48064699754676],[-127.93722001164198,50.47846230399481],[-127.93102181955912,50.48260530125888],[-127.92640159697693,50.48374039763123],[-127.9281741960535,50.48638370134635],[-127.93121809792301,50.487688303240866],[-127.92865810421792,50.48929338458127],[-127.91942989095081,50.4859964103733],[-127.91749731789525,50.48416200000502],[-127.90552529713105,50.48011150006611],[-127.90089999883172,50.481416095029395],[-127.89677840140769,50.47868870975324],[-127.89108461460458,50.47983100796366],[-127.88961519095629,50.48179490090558],[-127.88438108736686,50.48258110177704],[-127.88115389767745,50.48613878976793],[-127.87794051034243,50.486080405803534],[-127.87411711527376,50.48924499983642],[-127.87342190521787,50.49235119511628],[-127.8763167085863,50.49518388358278],[-127.87567052018024,50.498020996494596],[-127.87782279400257,50.5018179148348],[-127.87453239506094,50.50198448687846],[-127.87312671378649,50.500081797992586],[-127.87030828973788,50.50056741144019],[-127.86688760904718,50.50566039785234],[-127.86534909245523,50.5027492902065],[-127.86170422187824,50.50301989848338],[-127.86155399601155,50.505725903627805],[-127.8589876057608,50.50746349927148],[-127.85110909143613,50.507305393480216],[-127.84885288029731,50.50842480080182],[-127.84229430095981,50.50731678814634],[-127.83752260344654,50.5080786865303],[-127.83577461770892,50.50342870298807],[-127.83320990666233,50.50335889919894],[-127.82723230186174,50.5004563979056],[-127.82699841569776,50.49852080015713],[-127.83358091033072,50.49977420527059],[-127.83661161174531,50.499193090105976],[-127.83880129266747,50.49732589954341],[-127.84274102668914,50.49592590251305],[-127.84097089750735,50.49161768990785],[-127.84217559437448,50.49020060033664],[-127.8388861165386,50.48758580092125],[-127.8314980070547,50.485866788921676],[-127.8187373955516,50.48429869738038],[-127.81732130381411,50.4829087123214],[-127.80763741447285,50.48405940418515],[-127.80163881439643,50.48433999414779],[-127.79662949701738,50.48728239948058],[-127.79440220057202,50.490659198054956],[-127.79901359623454,50.493369510441156],[-127.78988218284694,50.49542460358925],[-127.78451240070596,50.49808498625828],[-127.77972110048393,50.49792700352575],[-127.76490299171668,50.50165551481053],[-127.76260048640567,50.50349280545676],[-127.75640001504797,50.5043443942442],[-127.75245629017782,50.50687379081935],[-127.74354299373513,50.50895459789922],[-127.73712671801192,50.51263479525337],[-127.72883888809581,50.511924104233245],[-127.72323439685077,50.51365308617828],[-127.70748820463669,50.516455907827854],[-127.6998546255308,50.520157400731996],[-127.69606660654341,50.520412402855584],[-127.68852510613861,50.52325080486854],[-127.68495450724564,50.52378490352853],[-127.67343580487764,50.52754910920315],[-127.66584459611538,50.53163367264879],[-127.66572109671151,50.54263323124718],[-127.62669989517087,50.54474921795666],[-127.62686467695363,50.54684999807043],[-127.6204964889843,50.54666330151205],[-127.62019735923766,50.54963696089749],[-127.6214568821342,50.55224518445858],[-127.62318378103289,50.579755010033004],[-127.62673310398841,50.580096683294755],[-127.64183130902296,50.579608198721616],[-127.64755341134038,50.58150099114986],[-127.67019539641251,50.5840375030014],[-127.67830110858208,50.582663103254866],[-127.68228959090798,50.58345500342834],[-127.6866186109783,50.582712998904476],[-127.69349301290414,50.58396770326992],[-127.69749788361312,50.58365299870745],[-127.70202769395405,50.585934605851335],[-127.70610890081021,50.58389368480571],[-127.71701177299754,50.58603709553271],[-127.72227300540864,50.585322085726666],[-127.73542040689861,50.58707529645472],[-127.74293308891323,50.587120902485104],[-127.74630679518744,50.588317290916834],[-127.75053730294829,50.58751680691041],[-127.75200281697389,50.58603139983729],[-127.75661030940927,50.58494759726094],[-127.76414351659095,50.58801249978814],[-127.75971198745106,50.59316380420313],[-127.7627043823544,50.59492270468187],[-127.76933989928544,50.59621591129298],[-127.77727828166894,50.59688389690757],[-127.78442399902433,50.596410998527304],[-127.7942012068429,50.59808590885341],[-127.79624931461323,50.59924090463736],[-127.8032745048579,50.600266410794575],[-127.81668419998307,50.60428829911505],[-127.81944170228552,50.604748389872945],[-127.82402428844178,50.604056201856245],[-127.82589791725042,50.60536220437635],[-127.83582628417189,50.60850120687122],[-127.83966959390953,50.61085961616687],[-127.84330381653784,50.611318199201335],[-127.85205569478394,50.61351860930983],[-127.85695879582815,50.61300880530515],[-127.86129289695678,50.61447290970043],[-127.86608648109959,50.61262140364756],[-127.8731271040317,50.618473496292914],[-127.87812019228356,50.61594829794049],[-127.88765522020125,50.62037480268934],[-127.88962478838727,50.61958429581747],[-127.89390668091923,50.620219493100784],[-127.90051347409124,50.623725896091614],[-127.90703898061814,50.62575689376433],[-127.91838248447026,50.628002799705484],[-127.92240780802936,50.62941708641852],[-127.92693651257022,50.62988989565101],[-127.93435660277488,50.62939150440459],[-127.93925261680683,50.63113610136598],[-127.94160238789709,50.63101359778124],[-127.9489064196846,50.63318410199591],[-127.94927599530294,50.63124429217545],[-127.95620849191126,50.6310279115457],[-127.9620268977567,50.63138530450148],[-127.96627079679895,50.63449010868979],[-127.97564350526577,50.635266298560865],[-127.9900294996621,50.63905191193234],[-127.99833431880226,50.642837403396555],[-128.0017258115991,50.64363070857266],[-128.00422080487328,50.64607180910658],[-128.01191230960617,50.64684799585725],[-128.00662378652248,50.65347630692999],[-127.99951000150865,50.65011369515193],[-127.98411449418185,50.64766978792066],[-127.9779563062331,50.64598779677033],[-127.97348178720904,50.64553490780743],[-127.96812512007286,50.64340139676655],[-127.96284129409646,50.64385859496329],[-127.96419938512602,50.645758493049975],[-127.95952198010075,50.64619429718229],[-127.95604240949285,50.64553339416566],[-127.95345999190994,50.64334299568467],[-127.94905740855474,50.642323298456304],[-127.9435247822178,50.63992490264664],[-127.93840139736781,50.63937521330822],[-127.93661741131329,50.640095799050016],[-127.93014848984697,50.63912019850651],[-127.92745080703033,50.63709788483468],[-127.91691198064582,50.6360482017598],[-127.91389129269935,50.637026588526744],[-127.90683699231231,50.635054108620636],[-127.90090607874555,50.63596989607607],[-127.89686280789633,50.63344900551145],[-127.89701959930093,50.631580484561844],[-127.89495330337138,50.627522883752526],[-127.88751828687442,50.62497930599224],[-127.8809118807395,50.62219920234459],[-127.87408930353017,50.622511086097326],[-127.87118229662674,50.62110679358641],[-127.86275880500693,50.62047729277851],[-127.85634849581061,50.618363796684314],[-127.84852739435469,50.61735118770119],[-127.84574408501953,50.617899492572946],[-127.83915990814265,50.61776141024159],[-127.8355998915363,50.615414305383794],[-127.8233754040731,50.61191930239628],[-127.81248891894614,50.610936496159546],[-127.80898759956987,50.60849118508743],[-127.79848459783588,50.60637771190583],[-127.7947708967024,50.606789201914026],[-127.79153839880716,50.605028913267304],[-127.78469520223504,50.60784458630134],[-127.7822875086543,50.60753979172055],[-127.77276320720907,50.607998396357196],[-127.7659029858691,50.60660269513083],[-127.7617868017014,50.60785460160215],[-127.75934101852386,50.607470308499636],[-127.76018828594601,50.63056038021946],[-127.76149519349647,50.67157737212457],[-127.76253149089348,50.6960456594566],[-127.7632456182391,50.73784608045188],[-127.76521477643978,50.7681977549801],[-127.74299916383019,50.768906690290194],[-127.65108670342279,50.771327912630404],[-127.60272062300781,50.7712230429026],[-127.60298815673362,50.795276514486375]]],[[[-127.37776527405072,50.25757587720253],[-127.38126120732302,50.26210181907935],[-127.38362523163468,50.26769664378692],[-127.38156033121433,50.27170235980909],[-127.37950581679011,50.27330200298028],[-127.37797044321292,50.27957222804565],[-127.37678099950989,50.28125648014537],[-127.37180817054896,50.28409701231393],[-127.36707590104164,50.28570675884642],[-127.36346316586419,50.28557726598863],[-127.36546337994763,50.288837705037295],[-127.36716717985055,50.294851956459496],[-127.36179130721507,50.2953288909217],[-127.36025960096198,50.298184399357595],[-127.36254041445478,50.3029384986371],[-127.36875368513182,50.3089086905279],[-127.37624419968853,50.3097395307281],[-127.42904835832721,50.33697459831732],[-127.4398279416147,50.34039737901017],[-127.43988199057635,50.34246499769094],[-127.44510202356582,50.34626430075821],[-127.44834609603129,50.34981491436704],[-127.4485214765958,50.35567259521497],[-127.45000189749119,50.358975403883804],[-127.44899281697862,50.363198196656256],[-127.44940350576027,50.36570480229469],[-127.44754608695985,50.36749640530965],[-127.44982758688579,50.36862438914834],[-127.45210642467904,50.37249540024329],[-127.45933900939517,50.3750006064169],[-127.46485390582677,50.37448079000065],[-127.4669947905924,50.37617271286758],[-127.46503468994327,50.380661794656895],[-127.46760119246866,50.38177560887778],[-127.47258892261979,50.38590580034777],[-127.48003800085448,50.38305309044348],[-127.48334090217423,50.383960291607444],[-127.48784341449085,50.38750799810411],[-127.48865550598121,50.38935378978333],[-127.49190348698424,50.39033080782371],[-127.49743469869503,50.394728694623346],[-127.49813888830366,50.398713690551254],[-127.49956390311986,50.40034160240901],[-127.49917210872488,50.40295359416264],[-127.50268171248644,50.40367420321583],[-127.505454214468,50.405462998151926],[-127.50665251735953,50.411216800059215],[-127.5120852190805,50.41615169522453],[-127.51582468420858,50.42259480024783],[-127.51787330855562,50.42371848630328],[-127.52147631194325,50.427820302837986],[-127.5244759942842,50.43007051508814],[-127.52416909440983,50.43317809041487],[-127.52733051323642,50.43562919222306],[-127.53015651155121,50.43623158703172],[-127.53099140288639,50.44018098330894],[-127.53407848855228,50.44603869840929],[-127.53758500147127,50.44654151188074],[-127.54058171881621,50.45254309694542],[-127.54446191080571,50.453725193364754],[-127.54955710765323,50.45756628742618],[-127.55048367624069,50.46138169601478],[-127.55695000633416,50.46461038368804],[-127.55845039776966,50.468603910210085],[-127.56627560048837,50.47545439102149],[-127.56638999848634,50.47773170990924],[-127.57042048527387,50.47960740099792],[-127.57459581144548,50.48461339077191],[-127.5834567902493,50.490036808082216],[-127.5873323859874,50.490525301022814],[-127.58748298991695,50.48738779506719],[-127.58501560049041,50.48600060458277],[-127.58039729521163,50.48158130605771],[-127.58286859582434,50.48046051113446],[-127.58536617523194,50.48317069640722],[-127.59094738995397,50.48467751301714],[-127.59238709255239,50.48739350480741],[-127.59807810042692,50.486148698793976],[-127.60077738457412,50.4868565968542],[-127.60624011015446,50.48612168943528],[-127.60705330365266,50.48291150891521],[-127.61005700345835,50.48286589672305],[-127.61069409590313,50.48667858763223],[-127.6122559203259,50.48865679706904],[-127.61844317697978,50.49062929553319],[-127.6208402161911,50.49260900281661],[-127.62581300786442,50.49463698789725],[-127.62640660386445,50.48925640790335],[-127.62468810123778,50.487752392947115],[-127.6207123924281,50.48684229034767],[-127.61964389943739,50.48330460444981],[-127.623446702676,50.48245008589474],[-127.6240558860999,50.48089199142413],[-127.63368559520593,50.482740605911516],[-127.63789740267303,50.4828530998614],[-127.64004408848272,50.48421890836182],[-127.65384548136309,50.48709580254258],[-127.66208831233413,50.483754593626905],[-127.66673819132433,50.484365589968284],[-127.66976569394065,50.48796181096108],[-127.67753227299345,50.48801449564474],[-127.68546652108773,50.49060510004782],[-127.69642039529194,50.48755300617983],[-127.70110089668299,50.488045794587315],[-127.705124623728,50.48531130044568],[-127.71235379219068,50.48585111469927],[-127.71978229231819,50.48381019815351],[-127.72176442001773,50.481943100409275],[-127.72613269163132,50.48141609914122],[-127.73203279207434,50.478493612267926],[-127.73975849219526,50.48059288823155],[-127.74317669086416,50.482391698845774],[-127.74673941475005,50.48147729900127],[-127.74843197967084,50.479309699206425],[-127.75426200686059,50.47624338744804],[-127.76086260570983,50.47829139983494],[-127.76770251056006,50.4818533028536],[-127.77077808707236,50.48284029918411],[-127.773446701989,50.480476099636604],[-127.78428098389305,50.47578619791859],[-127.7835322853135,50.47358440466443],[-127.78827911952098,50.47259030426978],[-127.79004668970836,50.47124159970941],[-127.79010651547081,50.468346102537026],[-127.79528939806698,50.463462510774626],[-127.80062368966642,50.463140601536765],[-127.80133887952579,50.45882099768991],[-127.80983612199961,50.457073501944286],[-127.81304248945061,50.459031808535784],[-127.8170698049188,50.459621394065444],[-127.82412578602774,50.46198559072579],[-127.82893308673026,50.46479559464738],[-127.83232791065738,50.46593638718943],[-127.8368419867621,50.468606795189636],[-127.84251868456411,50.470444001185406],[-127.85294122101755,50.46893860393908],[-127.85535270330035,50.467658188371296],[-127.85464967661181,50.46471869952632],[-127.8575538803393,50.46285010340229],[-127.86146790427664,50.45891218807069],[-127.86478608618486,50.457992100320105],[-127.86827219272317,50.458934997520885],[-127.87296190374443,50.45897908634035],[-127.87493980283027,50.456399898211465],[-127.87999789623913,50.45696098629809],[-127.88677409009722,50.45570341141347],[-127.89087161115447,50.45403429514009],[-127.8963967913858,50.458143100438],[-127.90009271415502,50.458510497059386],[-127.90725160375362,50.46023378242359],[-127.90950118315986,50.46353659490968],[-127.91181520797281,50.46339700848044],[-127.91417289723276,50.46564009740372],[-127.92079999963194,50.46544069833104],[-127.92363919032942,50.46391968790609],[-127.92840180711511,50.465078999219095],[-127.93628858900826,50.46468450136085],[-127.93725278258508,50.462481192961235],[-127.9340224046143,50.459591503738295],[-127.93521959297709,50.45517649389137],[-127.9371309887912,50.45287490355353],[-127.93665430977526,50.44901110007604],[-127.93911949918437,50.44520268548756],[-127.9399186853702,50.437124591274724],[-127.9351925014073,50.43438299232225],[-127.93267977515511,50.43469349606352],[-127.93131099211487,50.43173111165647],[-127.92760729986314,50.42980838917518],[-127.92240878634085,50.430605996096034],[-127.92071259171975,50.42780169880094],[-127.92203780030098,50.42460300610279],[-127.92967620131606,50.42425118360187],[-127.92996618996045,50.42078178812979],[-127.93277389286061,50.417974713116045],[-127.93785071478176,50.41629410755181],[-127.94086430076362,50.41687948940044],[-127.94386229814077,50.41561190575556],[-127.94412460277908,50.41205278442488],[-127.94849818821642,50.41155290087818],[-127.9513752856138,50.4087642979897],[-127.94993198611087,50.405314899552465],[-127.94702359093245,50.40130429244503],[-127.94969009826029,50.39839609996722],[-127.9571186923159,50.39842740391097],[-127.95964080966252,50.39184048975689],[-127.95994488617472,50.38888380019922],[-127.96456159844546,50.38746808878332],[-127.96596881895387,50.38936939553395],[-127.97078609809124,50.388495000250494],[-127.97120139906849,50.385467089354165],[-127.96543620700082,50.384794907318316],[-127.95977161288671,50.381336904825844],[-127.95897089938555,50.37878329378119],[-127.9607359130114,50.37454630459476],[-127.96343628708743,50.373293007999045],[-127.9613355958882,50.366438196019146],[-127.96212088860963,50.36397290358228],[-127.96645848749023,50.36036830712374],[-127.97056310322209,50.35911921218356],[-127.97087457873991,50.35639619533193],[-127.96906807426072,50.35348509425415],[-127.9725296951211,50.35077201481724],[-127.97658060920654,50.35060958904966],[-127.98519120373328,50.3542113904887],[-127.98903691698305,50.352518003350475],[-127.99378089550937,50.352180513623395],[-127.99559969641375,50.35053269290147],[-127.98988398158384,50.34964679375803],[-127.98971770708509,50.34486998770838],[-127.98688389100872,50.342668190293175],[-127.98562029239201,50.33994080036837],[-127.98289868471669,50.33908060579722],[-127.98108900560914,50.336988401562394],[-127.97549771363086,50.3349518000689],[-127.97376090530692,50.3327058942659],[-127.97514981124282,50.32894879701751],[-127.9740001077223,50.32682529999974],[-127.96989289632744,50.327094509669294],[-127.96136442261987,50.32447390143695],[-127.9586966019726,50.324422698784566],[-127.95662960493232,50.32191318568546],[-127.9515898921193,50.32182350749309],[-127.95007350467641,50.31916449874174],[-127.94298010312832,50.32048608453306],[-127.94452769783699,50.322937209679935],[-127.94209899297091,50.325325600477136],[-127.93833020717997,50.32556060379051],[-127.93200339940361,50.32443260854273],[-127.92913160912238,50.326610194720494],[-127.9209756040033,50.32637240519692],[-127.91522197455568,50.32787489526235],[-127.9130873914786,50.32972498948572],[-127.91327009871947,50.333423684862254],[-127.90874161718607,50.33600719957802],[-127.90427789933229,50.336424501782275],[-127.90372079145078,50.338659097443006],[-127.90134967854884,50.33972440049363],[-127.89626709323804,50.34011739973232],[-127.8944531242668,50.34137640214876],[-127.88842350563681,50.342569902126804],[-127.87973699522315,50.34261271417151],[-127.87445638848551,50.34421631056136],[-127.87176991625445,50.34137499664173],[-127.87106941055005,50.337140806097395],[-127.87366701501136,50.33487210272691],[-127.8736682925412,50.333010604974355],[-127.8698968249376,50.33089710272624],[-127.86659601531414,50.33025340187424],[-127.86551771687243,50.326006396971096],[-127.86296699601252,50.32451519342596],[-127.8639451054032,50.31888531179944],[-127.8609567146846,50.317498097224735],[-127.86136400356314,50.3157662859984],[-127.85780978456539,50.31287229291392],[-127.85520850331868,50.31295489586214],[-127.85065240992917,50.31144378559602],[-127.84319529825557,50.31143240756473],[-127.84059751258239,50.31021899466752],[-127.83880130419996,50.307277991373816],[-127.83308270175729,50.308552711003664],[-127.8293879932225,50.31036709538337],[-127.82518571271193,50.31042410542536],[-127.82316378411232,50.31267009602294],[-127.81680248894533,50.31545730718636],[-127.81685329802589,50.31736431046661],[-127.81465428586067,50.31995919891497],[-127.807310004415,50.323814487627374],[-127.80303790246518,50.324966713191706],[-127.79754748918921,50.32428879751321],[-127.79562450592077,50.325339807180505],[-127.78651340911675,50.3245165941419],[-127.77461692459246,50.320614301028286],[-127.77337640373325,50.31970140029289],[-127.76594140221208,50.31767050690131],[-127.76274530442423,50.31418398400066],[-127.74995629283745,50.31073741111631],[-127.74707399452718,50.30869080201175],[-127.74215059549033,50.307387714883205],[-127.73633871239612,50.303575098603375],[-127.73203210894248,50.30183610499147],[-127.72410839270337,50.301444515613625],[-127.72217417565948,50.298157395353286],[-127.71753778451134,50.2962361027829],[-127.72147139289187,50.29502980504708],[-127.72574129757234,50.296577885957504],[-127.72901230720726,50.29872708494511],[-127.73280639861301,50.29855330685642],[-127.74212220251951,50.30045319741396],[-127.74427930304138,50.3022477072601],[-127.74892349724114,50.30190310277335],[-127.75387898957433,50.302441391459666],[-127.75933427365644,50.30545929493565],[-127.7621828068185,50.306118695565274],[-127.77067059906722,50.309662090078035],[-127.77451368600661,50.312590294827025],[-127.78222308439258,50.31430789843465],[-127.7869798865284,50.31447450787967],[-127.79380991515292,50.31602979166348],[-127.79930258947225,50.318227295552525],[-127.80342759139513,50.31732579007152],[-127.80559047887157,50.314487395930065],[-127.80402379289123,50.31260029485492],[-127.80503118913717,50.30654879269336],[-127.80489888323059,50.30346259538387],[-127.80989081919286,50.30261520008104],[-127.80912418571937,50.300134191258984],[-127.81270461298814,50.297318505552845],[-127.81535020339504,50.297049300266195],[-127.81929109679433,50.294400287886894],[-127.82821849929074,50.29623610481341],[-127.83259229681975,50.295307495929606],[-127.83458977487446,50.29344889470426],[-127.84133990818874,50.290656096205254],[-127.84778870570409,50.28877748853012],[-127.85832580490636,50.2919393075363],[-127.8622858133955,50.28946829760453],[-127.86214870423971,50.288163693594186],[-127.85739958382578,50.28722659430813],[-127.85442678926358,50.281206397966436],[-127.84818791193382,50.27685549506395],[-127.84905398641288,50.27406690911141],[-127.84624679365689,50.27237491471521],[-127.84200620360835,50.27131670861794],[-127.83765270143753,50.268026812447026],[-127.83330860832646,50.26607560893428],[-127.83214158390727,50.26329420402438],[-127.82629241600353,50.26203939368807],[-127.8231902041807,50.2598489860326],[-127.82430440372094,50.25850169491326],[-127.81947799203972,50.257373713570395],[-127.81590091020936,50.25786790895073],[-127.81464652527988,50.25591250072665],[-127.8098149006734,50.25498249511832],[-127.803769104321,50.25157429785291],[-127.80052591809041,50.24888689367354],[-127.79943261061656,50.246663698975425],[-127.79529452211742,50.247817298555596],[-127.78945061686649,50.247612201442294],[-127.78598730344639,50.246424401563566],[-127.77432509760457,50.24507988980367],[-127.76945288909906,50.24634039536461],[-127.76767180791151,50.24795969535908],[-127.76458649086544,50.24797110801955],[-127.75512649345042,50.2504065026857],[-127.75203199276125,50.25284620897199],[-127.74725987672026,50.252913095197485],[-127.74026499657035,50.24901358598736],[-127.74359301221448,50.24621790612108],[-127.74423389902695,50.24316578837417],[-127.7379824878684,50.24567100616497],[-127.73452249685838,50.249284212661856],[-127.73586361723879,50.253652303814086],[-127.73554920628678,50.25601499064388],[-127.73248458232767,50.25894890499567],[-127.72940330453345,50.25975210705847],[-127.72252490351813,50.26465860203619],[-127.72044711144369,50.26307199308284],[-127.7249520891695,50.25937898909106],[-127.72830409243205,50.257850804976414],[-127.72922349351084,50.25596380345695],[-127.73263859286297,50.25361669220824],[-127.73226909370953,50.25168830100114],[-127.73478229122242,50.24739858828114],[-127.72806148270838,50.2411463013071],[-127.73482291128693,50.23898999114936],[-127.73893781724557,50.23977190331295],[-127.75065358356115,50.238998593764734],[-127.75172879712471,50.23707729957769],[-127.75579169106888,50.23829930157148],[-127.76147231224346,50.23549930723216],[-127.75882949746668,50.23252130261972],[-127.7605371969646,50.22832978787755],[-127.7642999993375,50.22815461042324],[-127.76785059377214,50.22640289735747],[-127.7713031984587,50.22677170372688],[-127.77155360214782,50.22468810601026],[-127.77453710940712,50.222595894755536],[-127.7782139170877,50.221322698009715],[-127.78299098491891,50.223090199778866],[-127.78944678970383,50.222825298229715],[-127.79453678889215,50.2189114947701],[-127.8012715977194,50.22030299481258],[-127.80134109202349,50.21532960382369],[-127.79746190949052,50.21292410682904],[-127.79310891402112,50.20883239976762],[-127.79536169924867,50.20502409425074],[-127.79865258853526,50.201775411351335],[-127.80126219003289,50.202234004933125],[-127.80351489692254,50.19959499002122],[-127.79761580324873,50.19847269055658],[-127.79641118548595,50.20066309015901],[-127.78984951910245,50.20080269484425],[-127.78866300284221,50.1984427860566],[-127.79519300327492,50.1972691953032],[-127.79694019302278,50.19526401249087],[-127.80012161094426,50.195224095898766],[-127.81127458814541,50.2002587071826],[-127.81365990667332,50.19953659868782],[-127.81611661240495,50.195424908324675],[-127.81962448971342,50.195216893897246],[-127.81886671838448,50.19297099592199],[-127.81989630560643,50.19044441022311],[-127.82318321486858,50.18721289979525],[-127.82771809223995,50.18679129131379],[-127.83024440968214,50.184837291161394],[-127.82781060262191,50.183032803303014],[-127.82981208853361,50.178537995158415],[-127.83427639114502,50.17746700508555],[-127.83656250808613,50.1710138938882],[-127.83804998504257,50.1691852920706],[-127.84628961722032,50.16895309849685],[-127.84829239307689,50.164808691870704],[-127.8519381877621,50.1616781997906],[-127.85690299667927,50.15842680066353],[-127.86391940596525,50.15770470021206],[-127.86543581530175,50.15517390801529],[-127.86939918476982,50.15383659114713],[-127.87268818004752,50.15093540138195],[-127.8843790919353,50.148450188191084],[-127.88992328639802,50.14468890612099],[-127.89363409855028,50.14401379329906],[-127.8961877876162,50.141880310158875],[-127.90331388799883,50.13875420745433],[-127.90491611497708,50.13598980238553],[-127.907931689758,50.13573060360383],[-127.90704207741375,50.13232240012511],[-127.91803750624545,50.13062760421764],[-127.91913929645379,50.12843349111919],[-127.91732659485325,50.12866092104597],[-127.90954946094688,50.124435088699215],[-127.90758662140334,50.11910084612452],[-127.90231974193021,50.11575318343528],[-127.89541128814223,50.11540504902969],[-127.89212284176077,50.11971420210344],[-127.88045387802536,50.12617980803149],[-127.86085406616786,50.14223213277298],[-127.85064198532373,50.1438629619163],[-127.84349612648698,50.13723422479109],[-127.82790885913622,50.14531256663339],[-127.82171623292567,50.145226328254154],[-127.80337943408048,50.141595909669334],[-127.7994253106361,50.14222994852455],[-127.79411785709807,50.144071685147516],[-127.78950043952622,50.14661346796945],[-127.7825107974883,50.14881392664295],[-127.77905137605956,50.14891755664702],[-127.77530289386249,50.14717741642256],[-127.77138411554213,50.146814178227295],[-127.76798617361939,50.14852893359701],[-127.76537623582954,50.1515596091389],[-127.76672519817153,50.15395940838634],[-127.76985657478835,50.15661698509639],[-127.76332423533412,50.159283130020896],[-127.75777390460671,50.16449541845506],[-127.74805885551964,50.16289651724721],[-127.74245652132045,50.1628906984684],[-127.73622438929488,50.16379543450987],[-127.73219434008253,50.1664203202046],[-127.7270895573675,50.17570540658757],[-127.7394654198806,50.18050713930752],[-127.74127511163479,50.18337521757678],[-127.73472597135944,50.18964614064702],[-127.71532485840876,50.18855152937712],[-127.7068492689771,50.188730601529656],[-127.70133929684955,50.18933738449955],[-127.70063789008016,50.20206854359395],[-127.69248491679173,50.20309494480398],[-127.69552943205352,50.21135726579503],[-127.6925831335259,50.21353735008479],[-127.68461957995022,50.21579354875822],[-127.66413763208841,50.23327886018496],[-127.66186314050216,50.23976784615093],[-127.6506770985655,50.23874976545504],[-127.64447074134202,50.23865241546394],[-127.63977654095885,50.23957567279335],[-127.6370552681885,50.241988289885434],[-127.63713423818662,50.2462122228216],[-127.63853714547761,50.250227755088005],[-127.63244379652627,50.250246474157834],[-127.62557998463696,50.25466470620561],[-127.6238156940393,50.257015865689795],[-127.61647346429793,50.258356214049016],[-127.61123783565405,50.26080432725227],[-127.60485292678503,50.26208252048519],[-127.59807943165245,50.26711466849305],[-127.5966176670225,50.273923804036166],[-127.59909156802426,50.28110664816416],[-127.59252817471688,50.283762655926225],[-127.58928641922807,50.28409358652039],[-127.58576283616873,50.282579197637084],[-127.57973849351693,50.28370837431279],[-127.56628323107286,50.288167843969134],[-127.5626496376867,50.29225269445879],[-127.55146176876791,50.293831742580245],[-127.5420890468574,50.29206463129692],[-127.52886753248981,50.285324312336336],[-127.52616174357166,50.278916555392435],[-127.52145289898804,50.27722641471049],[-127.51245720519088,50.27791741838708],[-127.50605965436124,50.276581071027756],[-127.48894605409204,50.271570333546066],[-127.48538035639558,50.26844189849767],[-127.46834567844087,50.2671483774014],[-127.4618129636924,50.26358334520849],[-127.45582960278975,50.26110092202901],[-127.44382083447667,50.25973819779543],[-127.4404418477108,50.2578379081021],[-127.42830005107804,50.2594625933139],[-127.42104082709619,50.25879552999929],[-127.41426481811864,50.25505134576912],[-127.41038573295799,50.25047505847292],[-127.40228374952532,50.25320654160794],[-127.39302976526461,50.25696604633373],[-127.38226140033649,50.260497341842346],[-127.37776527405072,50.25757587720253]]],[[[-127.83334851661907,50.89037919561113],[-127.84116360054574,50.88550130686595],[-127.84054981029128,50.88213159688233],[-127.84427622388473,50.880882601537856],[-127.83935541399532,50.87641909720554],[-127.8366843006671,50.87578110759792],[-127.83156589145766,50.876467600947734],[-127.83008999419587,50.87408629635337],[-127.82413708097792,50.87340689210176],[-127.81901739544446,50.87180759387826],[-127.81342660090621,50.87087900855746],[-127.81139100372633,50.868205709805764],[-127.8068198052493,50.86581158566505],[-127.80247290027675,50.864615290600895],[-127.79363421209715,50.863544288895866],[-127.78863570563388,50.864499892141474],[-127.78456090910993,50.864377496132725],[-127.77709481731877,50.862931897616036],[-127.77410037932025,50.86007630119576],[-127.77369142268397,50.85777059987834],[-127.77037978007239,50.85836439242617],[-127.76403591189921,50.857047092120425],[-127.75818692141227,50.85849689781976],[-127.75973811553865,50.86161589377208],[-127.75717370536546,50.862397808782205],[-127.75518749278679,50.86066740509601],[-127.74914560041437,50.8597032060161],[-127.74697289333965,50.858035414357985],[-127.7405983888244,50.85571829530868],[-127.73763299459954,50.85345520932362],[-127.7331726073364,50.852399894988],[-127.72746269093389,50.85233719754679],[-127.71852310328057,50.85041450598226],[-127.71277529124879,50.849695304523195],[-127.69722721015631,50.84587129595097],[-127.69131881025857,50.84281919159888],[-127.68340448687913,50.840373803321214],[-127.68202779726153,50.84085239334623],[-127.67398779956761,50.83838708485583],[-127.67013038860455,50.83565399610258],[-127.65521101176313,50.83198520210822],[-127.65378810702214,50.83455020003921],[-127.6574218803441,50.83753249734381],[-127.65733140290203,50.838745983402816],[-127.66133178877155,50.843333306992584],[-127.6615106936024,50.84457669972488],[-127.66552839135163,50.849631193855636],[-127.66774491622041,50.854063307868245],[-127.66820929867755,50.85772069944886],[-127.66387250436446,50.8593613958927],[-127.66165669671855,50.855873509440755],[-127.65087679541986,50.84439148806448],[-127.64386318487051,50.842303597032576],[-127.64398978867035,50.846730095413385],[-127.64909080561668,50.85017948854882],[-127.6525159764362,50.85351069360421],[-127.6547043971524,50.8544892117143],[-127.65424398934154,50.85919619168363],[-127.65798228991494,50.865085310601174],[-127.65814000443702,50.86899050830834],[-127.66405471187348,50.87132470694577],[-127.6664063895575,50.87510179008067],[-127.67079361565389,50.87524990275766],[-127.66920039092267,50.87230029228747],[-127.6725974079938,50.86581021024074],[-127.67694528298583,50.86935790031705],[-127.67274770355984,50.870055802909214],[-127.67204650630973,50.876676895921655],[-127.67337287598322,50.88052229361831],[-127.6756978938956,50.88429928727241],[-127.67991620108683,50.88695538396494],[-127.67856521862919,50.8890077041623],[-127.68052239567487,50.890685505832884],[-127.6841192008161,50.89018559794527],[-127.68702899143149,50.892358903062686],[-127.6856282021691,50.89412351248847],[-127.69577030960535,50.90010090771485],[-127.69687160725563,50.901435386952514],[-127.70498651192736,50.90524939216349],[-127.70773579363927,50.907636405053246],[-127.72414650192339,50.91557780126464],[-127.72790139677905,50.91558210127118],[-127.72967660342795,50.91256128958714],[-127.73586829045796,50.91612750513496],[-127.73629289219679,50.911446191479406],[-127.73482572040969,50.91045060271469],[-127.73433769073121,50.90701828867926],[-127.73716190819641,50.90508849566424],[-127.74145968283803,50.90712230360399],[-127.74821320819446,50.90937249487241],[-127.75741341722009,50.91051329592942],[-127.7602704157953,50.90950920703431],[-127.76242490354369,50.907140783448654],[-127.77178220906222,50.907230499647945],[-127.77372361564704,50.90368850083681],[-127.77742701066427,50.90511270488752],[-127.78239548760413,50.90332959686935],[-127.79194341697796,50.90308749869471],[-127.79671201780538,50.90074459759436],[-127.80182528382271,50.900949701782366],[-127.8072509074378,50.89737209691091],[-127.809671106459,50.8978021951165],[-127.81261760156943,50.89606039054973],[-127.81638810743299,50.895982094875755],[-127.81931787820248,50.89371759362665],[-127.82444010354787,50.891314992782526],[-127.83051149330092,50.891330593625156],[-127.83334851661907,50.89037919561113]]],[[[-128.63420789332994,50.808306300400794],[-128.6381318973345,50.80571999601694],[-128.63849251254004,50.80319480342099],[-128.6341083994941,50.801319213192826],[-128.6331029878325,50.79910308909893],[-128.63225710507945,50.792977606101786],[-128.62908598536632,50.792219902243545],[-128.62684370883733,50.79035130476104],[-128.62701839578443,50.78801419424502],[-128.62536068827785,50.7860844077281],[-128.6190515929241,50.78210661538713],[-128.61701209484934,50.78351231012177],[-128.60994768563694,50.78339830750255],[-128.60672269193228,50.78390960419764],[-128.6033743782794,50.79077860003991],[-128.60050881058262,50.79415819327809],[-128.59669650055022,50.7951522944791],[-128.5901818928545,50.79369109935624],[-128.58154701808002,50.79478489766727],[-128.57808918463624,50.7941610918927],[-128.57253379314562,50.79507538958893],[-128.57114402265094,50.79822720234882],[-128.57188839742338,50.80208818538695],[-128.57538782397805,50.80735209912973],[-128.57955627656486,50.80773659629026],[-128.58056641039028,50.80917790004783],[-128.59113430726,50.81143670896219],[-128.59246119127732,50.813833687779365],[-128.6027000949809,50.81837409898553],[-128.6045793009241,50.81618649747544],[-128.6041830937438,50.81419828909997],[-128.6070157154803,50.81007950622598],[-128.6102806197929,50.811493697132946],[-128.61341809807703,50.811630410844714],[-128.62314541703077,50.80920640176804],[-128.62570378595257,50.81053660085669],[-128.63053920159123,50.807423313774954],[-128.63420789332994,50.808306300400794]]],[[[-128.71029690534263,50.83579640480697],[-128.71081599567842,50.834466203033685],[-128.70707160228662,50.831696108526934],[-128.71401099176097,50.82538260548548],[-128.7134140885405,50.823205002553024],[-128.71500650271946,50.82032240375866],[-128.7127712114847,50.819174499340974],[-128.7117159049183,50.81534908921124],[-128.71369091198142,50.81041699315375],[-128.70964800702353,50.8097333904471],[-128.70317651516325,50.80765690773305],[-128.69959238849088,50.80883469381332],[-128.69604328703778,50.808745002684965],[-128.69253388908996,50.80081360914445],[-128.68637719524685,50.80064411462526],[-128.6819189796905,50.80503779451959],[-128.67491751119644,50.80571138896569],[-128.67237399438582,50.80401380964293],[-128.66458301413084,50.80610449289134],[-128.65797190164116,50.80591511022462],[-128.65714348473094,50.80838610071046],[-128.66792929335045,50.81451449085742],[-128.668881393107,50.81840108858784],[-128.66401349303848,50.8221111957437],[-128.66843331697405,50.82554920126616],[-128.67570408291164,50.82755739248493],[-128.67858471557182,50.829831792090566],[-128.6823404005197,50.826504886539475],[-128.693453089373,50.829628197095076],[-128.69823950996434,50.831458305758474],[-128.7037159079591,50.83464570445234],[-128.71029690534263,50.83579640480697]]],[[[-127.64519499715892,50.86789670586887],[-127.64685100322008,50.86615339299229],[-127.64731001380892,50.86260570857732],[-127.6413058057041,50.856042984960474],[-127.63834420603429,50.855225499551885],[-127.63615347660236,50.84855449937297],[-127.63292650756713,50.84375060620402],[-127.62938788619962,50.83992239148288],[-127.63126080322142,50.838567886865256],[-127.62898199404925,50.832902409251176],[-127.62151749853975,50.82938889050687],[-127.61982330872289,50.82758730273109],[-127.61534118539478,50.82891039377447],[-127.61121700684562,50.83146970356374],[-127.61019139731089,50.833480713153925],[-127.61557519214597,50.83775470325358],[-127.61305159885079,50.8414377105902],[-127.61469112683602,50.84414660230806],[-127.6135175092456,50.84727978817989],[-127.61443332065319,50.85092440493876],[-127.6167529130772,50.85313760320092],[-127.61209529915565,50.856948806862526],[-127.61218239743174,50.85878461008173],[-127.62038120895382,50.85876459675769],[-127.61893940083169,50.86044811160266],[-127.6126066979763,50.85982431213471],[-127.618815087719,50.86364829035699],[-127.6243881760013,50.86452269567315],[-127.6286023921851,50.866686091259766],[-127.63133991106268,50.864974191548995],[-127.62816418973486,50.85982851025074],[-127.63300640742499,50.86046088502273],[-127.6323328921945,50.86355570475756],[-127.63506137892003,50.8635599996668],[-127.63944169920154,50.86540151198531],[-127.64286979008685,50.86772579601146],[-127.64519499715892,50.86789670586887]]],[[[-127.66997280758048,50.518246205654194],[-127.67232590472308,50.518848597320954],[-127.67413761410428,50.51563130314015],[-127.67159398427339,50.51074630630761],[-127.67356700889077,50.49923869509633],[-127.6667426954732,50.499664502414824],[-127.66605939594625,50.50191329737138],[-127.66202401168316,50.50501530007226],[-127.65848370937735,50.50954279727403],[-127.65264258631944,50.510563996197334],[-127.64931420870269,50.512584897664304],[-127.64359241231459,50.5124012013341],[-127.63727819625296,50.50975500396793],[-127.63363899349018,50.508832099974875],[-127.62961028972357,50.5042248037969],[-127.62732431772446,50.50670719941965],[-127.61999380001039,50.50811290375782],[-127.61619521397239,50.506341207909124],[-127.61448741079785,50.506860997733476],[-127.60978120376821,50.503360303777704],[-127.60608651266507,50.5023533940371],[-127.6134173169284,50.50919529378197],[-127.61994379131798,50.511763188523894],[-127.62638019653399,50.518351491054894],[-127.63065461330599,50.520775493337794],[-127.63852128657945,50.522451791618565],[-127.64368118793156,50.52455260028016],[-127.65074178646074,50.52478749262651],[-127.65564348590804,50.52313549755942],[-127.65589199713357,50.5203511061256],[-127.65300412236822,50.51773630188045],[-127.65843709167541,50.51708830325572],[-127.6610033071056,50.52166849856081],[-127.6652667745062,50.521051795355824],[-127.66572830766154,50.51918609998301],[-127.66997280758048,50.518246205654194]]],[[[-127.59046589703887,50.85143848757742],[-127.59364379295997,50.849165503547695],[-127.59028870469682,50.84735250199395],[-127.59896741947321,50.84454389660049],[-127.59589300493344,50.84145769828858],[-127.59190109935771,50.840519103992385],[-127.59304061459513,50.83810510435216],[-127.59644521331778,50.83583489022888],[-127.59382761239407,50.83505729064206],[-127.59517039221966,50.83291380350015],[-127.58944410467983,50.831577911541714],[-127.58198119471434,50.831810105196524],[-127.58008490923066,50.82880210609993],[-127.5756023983824,50.829161005807606],[-127.5734355975655,50.83035741291583],[-127.56681509269734,50.83091419241428],[-127.56593959201756,50.829366110212106],[-127.55808729522134,50.829763515822734],[-127.55684749772406,50.833661500960076],[-127.55838299791012,50.83678201487748],[-127.56360340388667,50.83881720596375],[-127.56450369281315,50.83773901166201],[-127.56933752015173,50.83894959648659],[-127.57344259628476,50.84078120678169],[-127.57746298525863,50.84033539228694],[-127.58232428858713,50.843964303991136],[-127.57234049639723,50.844382995420695],[-127.57768828924696,50.84738950272141],[-127.58407429001134,50.84717020411521],[-127.58594198776203,50.84971950789977],[-127.59046589703887,50.85143848757742]]],[[[-127.54990869727602,50.83987958741311],[-127.5564480177949,50.83687599903724],[-127.55438379262411,50.83523961375513],[-127.54760619723072,50.833474993575905],[-127.54008288542879,50.8329308954351],[-127.535794014583,50.83517969415735],[-127.52396629521951,50.833331115607606],[-127.5202035852032,50.833759797143856],[-127.51946098452865,50.83700559965702],[-127.52831539541428,50.836811901055086],[-127.5312965993855,50.839601902127086],[-127.53489708305771,50.839781399066815],[-127.53543429496176,50.838070900028534],[-127.53878391405452,50.8381577916498],[-127.53957679435109,50.84002060361814],[-127.54441831567999,50.84105179193155],[-127.54990869727602,50.83987958741311]]],[[[-127.7957521040196,50.92138288291138],[-127.80056921426939,50.923339704758305],[-127.80611599293863,50.92114789312875],[-127.80517521194889,50.91788219805515],[-127.80747881451806,50.91628699790598],[-127.81063711874063,50.916859598024736],[-127.81222330492777,50.91543678803511],[-127.80950979465584,50.91253140318731],[-127.8112803823295,50.91057029825924],[-127.8070223073731,50.90966448493109],[-127.79619840008947,50.912934397964776],[-127.79372009338009,50.91528300098699],[-127.79433677994133,50.9177796026667],[-127.79284107938558,50.91895169818846],[-127.7957521040196,50.92138288291138]]],[[[-129.08626251100722,50.86947759651116],[-129.0863428874297,50.86714899324062],[-129.09055700199002,50.86346740314179],[-129.08780881574503,50.86070869778385],[-129.08867331849848,50.85937710272774],[-129.07890169204603,50.86119151416612],[-129.07197711011193,50.858452702317834],[-129.0717007860531,50.86349869084931],[-129.0766766949177,50.86448430388997],[-129.08070810735086,50.86991339614451],[-129.08626251100722,50.86947759651116]]],[[[-127.55540940859386,50.81764340881436],[-127.55797409573023,50.8159315072052],[-127.55918489654191,50.81167459730405],[-127.55546739646731,50.810674799225616],[-127.5488461055382,50.8100352977305],[-127.54388831089706,50.81107069219696],[-127.54733181439904,50.81445889124775],[-127.54740020807314,50.817274606114104],[-127.55313831869269,50.818533594842094],[-127.55540940859386,50.81764340881436]]],[[[-127.51461639382276,50.83438080973414],[-127.51812671291609,50.83117058959873],[-127.51767490104847,50.8270902100734],[-127.51378850801663,50.8251704028696],[-127.50780610573362,50.82576859405716],[-127.5057920974206,50.82791060692443],[-127.50728740861412,50.82951139886475],[-127.50660209045915,50.83185989112428],[-127.50847371484724,50.83332259397463],[-127.51461639382276,50.83438080973414]]],[[[-127.7774277950588,50.235604702892104],[-127.78399218707666,50.23608749728845],[-127.78373638368986,50.23400809927663],[-127.78069529501269,50.23289580046574],[-127.7771452103283,50.23023258622513],[-127.77130849021589,50.232536889902256],[-127.77069727979563,50.236739794368866],[-127.77447489258687,50.237075895977114],[-127.7774277950588,50.235604702892104]]],[[[-127.47245880676137,50.81414129081018],[-127.47728768177575,50.81366419179141],[-127.47678429339096,50.809458505386736],[-127.471958710494,50.80817249424781],[-127.46769418589332,50.80536389203354],[-127.46324162008672,50.80822800060863],[-127.46917309605489,50.811328499475636],[-127.47245880676137,50.81414129081018]]],[[[-128.04530570795401,50.484875497294475],[-128.0469690869437,50.480617097909644],[-128.04472000152012,50.478197407984126],[-128.03988670675554,50.47607100775385],[-128.0375895009901,50.4809361132473],[-128.04025290706198,50.484500899379945],[-128.04530570795401,50.484875497294475]]],[[[-127.85789849327463,50.497127996077836],[-127.8583534091684,50.49871449247408],[-127.86344318970112,50.49987100911564],[-127.86729899571756,50.49841551276393],[-127.86728129033537,50.49503441210297],[-127.86504649573412,50.49422120518656],[-127.86112858614528,50.49467690317355],[-127.85789849327463,50.497127996077836]]],[[[-127.81899949419558,50.305046310389784],[-127.82011637712887,50.30647899650567],[-127.82541019214256,50.306469096316036],[-127.82780321790146,50.30397529987269],[-127.82306949246849,50.30176919831733],[-127.81869440470605,50.300896094866815],[-127.81899949419558,50.305046310389784]]],[[[-127.45062328449374,50.37313200083878],[-127.45182069769605,50.3769518122634],[-127.45548548098922,50.37889010234009],[-127.46171799493563,50.37930459078171],[-127.45688949591722,50.375482002200684],[-127.45062328449374,50.37313200083878]]],[[[-128.9102567121468,50.82434860608933],[-128.9084033251847,50.820759600009204],[-128.90764459717673,50.816801690048145],[-128.9029462879973,50.81685300700226],[-128.9040183044009,50.8202982047611],[-128.9102567121468,50.82434860608933]]],[[[-127.84917011818487,50.47391909509602],[-127.8532925972753,50.47711640314534],[-127.85559029416744,50.47595279861481],[-127.85288441883705,50.47237239715699],[-127.850353204125,50.47043260290946],[-127.84779110067682,50.472107495056385],[-127.84917011818487,50.47391909509602]]],[[[-127.74625688904628,50.91284049112839],[-127.74742999261983,50.91094631331399],[-127.74456709855654,50.90897229068418],[-127.74039631513747,50.9075067902875],[-127.73946629935352,50.91092350012928],[-127.74377370885739,50.913101110604146],[-127.74625688904628,50.91284049112839]]],[[[-128.00363588207517,50.53323599149155],[-128.00590259289788,50.532058109060046],[-128.0006043837573,50.5303861024716],[-127.99400329774984,50.5323158971053],[-127.9987688856102,50.53380560136655],[-128.00363588207517,50.53323599149155]]],[[[-128.0348263138883,50.44564990579567],[-128.0378927807865,50.44383979214854],[-128.0351571942691,50.44257650508399],[-128.03467511018985,50.44000010060352],[-128.03134831238697,50.44015250743672],[-128.03076511850657,50.442458296707976],[-128.0348263138883,50.44564990579567]]],[[[-127.5249429012136,50.83163349520061],[-127.52878209113108,50.831511004183014],[-127.52524490654513,50.827923399940346],[-127.52241160611624,50.828175484182324],[-127.52206971601697,50.830887193100295],[-127.5249429012136,50.83163349520061]]],[[[-127.76434719968418,50.484597807980364],[-127.76588401769773,50.4872938003607],[-127.76951620675561,50.48913959798389],[-127.77115781822035,50.4872326011116],[-127.76434719968418,50.484597807980364]]],[[[-127.84661028988295,50.885942811366625],[-127.84971750779984,50.884525697077876],[-127.84713061886784,50.88271840093956],[-127.84297470632363,50.88355020267506],[-127.84661028988295,50.885942811366625]]],[[[-127.48021871706626,50.81779440338359],[-127.48421592019328,50.81930410262429],[-127.48590562108599,50.81797670535961],[-127.48424870828205,50.81609389801502],[-127.48021871706626,50.81779440338359]]],[[[-129.09192159482424,50.85689178692123],[-129.09556860331082,50.85398499193655],[-129.0905801031667,50.85343949090067],[-129.09192159482424,50.85689178692123]]],[[[-127.49097300697922,50.81977829558239],[-127.4938917898533,50.82084080384301],[-127.4959546965551,50.81937530456459],[-127.49152570463714,50.81808499722104],[-127.49097300697922,50.81977829558239]]]]}},{"type":"Feature","properties":{"shapeName":"Semiahmoo","shapeISO":"","shapeID":"43193130B816450651482","shapeGroup":"CAN","shapeType":"ADM3"},"geometry":{"type":"Polygon","coordinates":[[[-122.77926811411405,49.01656258949117],[-122.7888968156214,49.01656731316668],[-122.78876455788361,49.01586719878464],[-122.77254423721976,49.0113764852237],[-122.76001939672828,49.0054082799319],[-122.75781776077974,49.0074939787328],[-122.75772828044605,49.012380766521474],[-122.7589017716456,49.01490557854424],[-122.76257130048701,49.01658280660128],[-122.77926811411405,49.01656258949117]]]}},{"type":"Feature","properties":{"shapeName":"Rossland","shapeISO":"","shapeID":"43193130B81966263347764","shapeGroup":"CAN","shapeType":"ADM3"},"geometry":{"type":"Polygon","coordinates":[[[-117.89506908260618,49.161832697613],[-117.88204164110084,49.09651595819714],[-117.86110863970285,49.087777340477636],[-117.84218034247446,49.08007504052207],[-117.83576973071695,49.080618590933355],[-117.83259714288447,49.08228235630614],[-117.8306785789334,49.079060062106294],[-117.82458091226066,49.077226002101966],[-117.82567868571681,49.06637751646635],[-117.80833130081703,49.06683509694835],[-117.79975654251214,49.06638757476484],[-117.79979976582224,49.064263099323696],[-117.79619207350005,49.06467114365843],[-117.78958044685551,49.063273530123546],[-117.7888655788983,49.06077559528121],[-117.78217430082124,49.061009414596306],[-117.78126869143475,49.06305185822466],[-117.76977774894856,49.063776608674274],[-117.76957239785264,49.06753466006184],[-117.7775683533434,49.06703618181594],[-117.777568159644,49.068416028959746],[-117.7705721836752,49.073158006997026],[-117.76895764880773,49.075910631590695],[-117.76865729678515,49.08053270551075],[-117.77108930637475,49.08056749455174],[-117.77576920307743,49.07772240357874],[-117.78081406531562,49.07603450605913],[-117.78077874186525,49.08078296771217],[-117.77792522229221,49.08080855726848],[-117.77809357804374,49.08381517161143],[-117.78077826717448,49.08463502835461],[-117.78102613976284,49.08792813979729],[-117.78929206193764,49.08811733621196],[-117.80357033252574,49.08793674098314],[-117.80343880432376,49.0953364874964],[-117.80561732568964,49.10032936660884],[-117.80510565724937,49.10267328408372],[-117.80968519599985,49.10219699161626],[-117.81170232633934,49.10299722579946],[-117.81160581868764,49.10604251121388],[-117.81522682053156,49.10600411568115],[-117.81969585061046,49.107148515656604],[-117.81811560939552,49.11038365507984],[-117.8183173034092,49.112663788392936],[-117.82474156501848,49.1128015441826],[-117.82463750244145,49.11673557340007],[-117.8068873249265,49.116695336724575],[-117.80679339439719,49.12324026765997],[-117.8135290893064,49.1234841135394],[-117.81520155858176,49.124513987729685],[-117.82504767167588,49.1380871028788],[-117.83030418555829,49.14103793792304],[-117.83425838957486,49.14170903567365],[-117.8375327300684,49.145292868326464],[-117.8373664460083,49.15286359540141],[-117.833800250304,49.15599331891811],[-117.83318434638623,49.15881962947581],[-117.83394943347939,49.161754910831085],[-117.83767863082991,49.16470918212834],[-117.84724939193347,49.16672709792565],[-117.8497545462602,49.16941743405988],[-117.8538851523281,49.17738909084016],[-117.8572050871292,49.18093965784837],[-117.86106499114254,49.18351145843131],[-117.86692150218002,49.18609426323108],[-117.89548607164342,49.18616391768773],[-117.89506908260618,49.161832697613]]]}},{"type":"Feature","properties":{"shapeName":"Alberni-Clayoquot C","shapeISO":"","shapeID":"43193130B8209292686572","shapeGroup":"CAN","shapeType":"ADM3"},"geometry":{"type":"MultiPolygon","coordinates":[[[[-125.57378639781737,48.9743874883806],[-125.57160980573137,48.971692895669264],[-125.56835821851988,48.971161696407435],[-125.5680295185219,48.968740496190094],[-125.56587429261408,48.96562149032153],[-125.56300149762909,48.96505610849951],[-125.56044091167036,48.96227890709727],[-125.55774801416685,48.957956400148674],[-125.55513149525585,48.95624308873169],[-125.54722639364635,48.953646813080404],[-125.54264088739113,48.950230105681925],[-125.54282570835288,48.94741868648913],[-125.53519768095177,48.94382539193907],[-125.53477214286607,48.94419280332903],[-125.52165207895429,48.94426046961718],[-125.52209121026932,48.94209426124702],[-125.52159379614665,48.93492901756654],[-125.5190726860059,48.93441849343916],[-125.51853791960288,48.932233800484724],[-125.51424761918076,48.93106880426057],[-125.51588140638772,48.927992511067565],[-125.50958768407958,48.92176870647356],[-125.50626591881708,48.92329830040344],[-125.50331359188009,48.92103239581542],[-125.50084290136063,48.92160768750794],[-125.50448289970477,48.925297900960516],[-125.50358620525849,48.92730598812642],[-125.49938030232447,48.92376258345955],[-125.49701047821712,48.923057593795654],[-125.49249029524273,48.923830913661696],[-125.49033509863644,48.92088139327352],[-125.48488299400996,48.92023479907086],[-125.48392880812408,48.92215320391695],[-125.47918961029379,48.92184129393112],[-125.47583781378576,48.92642019684326],[-125.47304278294374,48.925104200512145],[-125.46935251851518,48.92667649970856],[-125.46900980902804,48.931389202021776],[-125.4656695071182,48.933971289100896],[-125.46359459614098,48.93424901182401],[-125.4610653758496,48.938091495943354],[-125.46171600326798,48.940217902742575],[-125.45847050450743,48.94251939527624],[-125.45365879933537,48.94218901163042],[-125.44675549914882,48.94288539327657],[-125.44522381252236,48.9461924965688],[-125.4459564178502,48.94974020510491],[-125.4416872968539,48.95321241002888],[-125.43506178513564,48.954909991660095],[-125.42897552177683,48.96094009833394],[-125.42521430417949,48.96369169789307],[-125.42144759244015,48.964309796236826],[-125.41819738463983,48.96378430031156],[-125.41562728913465,48.96602461071282],[-125.40685050875577,48.970480899721814],[-125.4034850842029,48.97297189192243],[-125.39540211627563,48.97654950207672],[-125.39116329549182,48.98078511286358],[-125.39320288064053,48.98227190237199],[-125.39385020082153,48.984651804105475],[-125.38566619402579,48.98848289541323],[-125.38490573168863,48.98931045727069],[-125.38521101080909,48.99764205862613],[-125.36968103099206,48.9976063655017],[-125.3713215907374,49.003605196743905],[-125.36584829245226,49.00498669594035],[-125.36175270386684,49.006896493975546],[-125.3633968069146,49.00953559125761],[-125.36077829950727,49.01545461130479],[-125.36127721479494,49.01763079750022],[-125.35793790256167,49.01931850867872],[-125.36057080798292,49.022953105992876],[-125.36344720386981,49.02474758909964],[-125.36377131001234,49.02815140979213],[-125.35676598755653,49.03392661019672],[-125.3581580916571,49.03528239720671],[-125.35597779106133,49.03867491104829],[-125.35268220215039,49.03899388386189],[-125.35155559495608,49.040654592790624],[-125.34851259495515,49.04084110133472],[-125.34257361395505,49.03791299617297],[-125.33987172188587,49.03807530075217],[-125.33584478458135,49.03655570714283],[-125.33280031126272,49.03344088869903],[-125.33196328557378,49.031344502360156],[-125.3291522956255,49.03065379365183],[-125.32580999421809,49.031441392492106],[-125.32534919072643,49.033285692138804],[-125.31618260524567,49.0341999886651],[-125.31577780827124,49.03194980674534],[-125.3122208008737,49.03077909877253],[-125.31068229527409,49.02857010077635],[-125.30759731240546,49.027272694273655],[-125.30493780519683,49.027739793227276],[-125.30115671295128,49.02438719338969],[-125.29825399804946,49.02607490210257],[-125.29065791414286,49.023652303870854],[-125.28777340762645,49.024897082602834],[-125.28042509417662,49.02423340732471],[-125.27276430187543,49.025743091104225],[-125.26975270456315,49.02567619884513],[-125.26686767884708,49.0269208946486],[-125.26381039045017,49.02676420837883],[-125.26172919715555,49.028856401242784],[-125.25726622266501,49.02912420401386],[-125.24809040670935,49.03192128453393],[-125.24180089762936,49.03201669343523],[-125.23139730594379,49.03528531075272],[-125.22869950292748,49.037057007873905],[-125.22494558125156,49.03757829859543],[-125.22118569957789,49.03458319562638],[-125.21519951604225,49.036866206578196],[-125.21405568726225,49.036070007771976],[-125.20620430461727,49.038928407832785],[-125.20225777765579,49.039435396038655],[-125.20187101016856,49.03653720384847],[-125.2069086137017,49.03565840285824],[-125.2120092947433,49.03341961459811],[-125.2197047979459,49.032965301274345],[-125.22156139767054,49.03163500672727],[-125.2274407853351,49.031233399876996],[-125.22869340223367,49.03019229281772],[-125.23579928678487,49.028182803809585],[-125.24546917548453,49.02842769479122],[-125.25272320629601,49.02725129736446],[-125.25526660039168,49.025429807528695],[-125.26497851030803,49.02390729097849],[-125.26622270438813,49.02297438547692],[-125.27176309431017,49.02267681396178],[-125.27338700516431,49.02169118228811],[-125.2823265868373,49.02095629239368],[-125.2818740002236,49.01822181043179],[-125.28480331778988,49.017696301974404],[-125.2898753907801,49.020006391261866],[-125.29342509055876,49.01927010092372],[-125.2966155942981,49.01637318781454],[-125.30031830844996,49.017449895152204],[-125.30408780300323,49.01643868494653],[-125.30560360739433,49.014627087312284],[-125.31211219260018,49.01547878780293],[-125.32292350680619,49.01321858172989],[-125.32413919894562,49.00966798602692],[-125.31859882157431,49.00668429915597],[-125.32024501276294,49.00477020448832],[-125.31331168072397,49.00121250078989],[-125.3055044823201,49.00032519858285],[-125.30267691728456,48.99893380678004],[-125.2983103774024,49.00028819295861],[-125.29638908202325,49.00281049730719],[-125.2927841868897,49.00352970539549],[-125.29597881008915,48.99953480929217],[-125.2962190930181,48.99464408840521],[-125.29553870099637,48.990582184176795],[-125.29226800652401,48.98602330077686],[-125.29423928480753,48.985480694767666],[-125.29410380695212,48.98014850687222],[-125.29217109572907,48.97735269936598],[-125.2929407085817,48.97535740234792],[-125.30111950096612,48.976112197722315],[-125.30387239410554,48.974465895550466],[-125.30644409307446,48.974810491372864],[-125.30934579504348,48.97339340104192],[-125.31879982465107,48.971853901760646],[-125.32301097850069,48.97014049595853],[-125.32043549017409,48.96884310827128],[-125.31595261345934,48.969409899744356],[-125.30928499762108,48.96586509181165],[-125.30194691418617,48.96823350088012],[-125.29510239250115,48.96677801361794],[-125.288825174887,48.96756839496098],[-125.28558618442968,48.96638200274848],[-125.27840339887597,48.96585790945507],[-125.27528051259543,48.963013787878765],[-125.26760399716221,48.96032200984363],[-125.26130678691585,48.95733259746272],[-125.25675149028616,48.95779979072967],[-125.25144180080788,48.95430468488163],[-125.2488888032327,48.95492141047696],[-125.25015800051185,48.94972449706581],[-125.2460300088928,48.948166384753044],[-125.24308609635906,48.94436518984875],[-125.23888778845927,48.94452749947602],[-125.2327242816862,48.94873180193789],[-125.22665249013379,48.94920888800387],[-125.22165820195053,48.95113159477047],[-125.2212088997356,48.952407706938224],[-125.21637648969494,48.95496700886052],[-125.21666428908075,48.95803760320187],[-125.21338109175825,48.96013400989743],[-125.21155429148291,48.95864860965587],[-125.20740578970688,48.959699609721916],[-125.20216350102385,48.96258938586053],[-125.1978148032272,48.96746728888312],[-125.19808500910295,48.971106093278394],[-125.19394680389148,48.97427930535856],[-125.19260880659269,48.97651808533552],[-125.18921610134291,48.97828270663369],[-125.18671498012655,48.97674599347016],[-125.18375430315322,48.97901619429156],[-125.19459108368743,48.98366910124447],[-125.19442029977485,48.985362498607806],[-125.19592139826206,48.99214459975899],[-125.1950582909865,48.99524651146105],[-125.19296789803302,48.998066397765186],[-125.1944830968533,49.0048570946133],[-125.1909842017854,49.00926069000683],[-125.18743931008274,49.01108229680339],[-125.1826050837672,49.00937460050886],[-125.17806788073621,49.01257199319845],[-125.18168958299897,49.013449294514736],[-125.18005240369615,49.01759950529387],[-125.17594050093166,49.01927859671002],[-125.17368279454159,49.01894390068992],[-125.16858610300501,49.01467699953959],[-125.1645268016866,49.01914330953331],[-125.16060751415527,49.02120409614205],[-125.15995489308887,49.025733095823455],[-125.15709960402306,49.0270918058875],[-125.15691350401524,49.0341659114701],[-125.15594019864261,49.03601878554755],[-125.15735409665547,49.0383317136436],[-125.16133849859246,49.041567494291975],[-125.16313989775273,49.0458529083579],[-125.16688841991798,49.0489847982827],[-125.16851531032998,49.052058189612566],[-125.16269359916804,49.05071951108764],[-125.15903200160258,49.05182179842178],[-125.15544450587758,49.051133908378986],[-125.15368559657227,49.05509748985782],[-125.14773618503862,49.05266350314257],[-125.1490420814924,49.05566149934568],[-125.15280990428425,49.061412404851595],[-125.1538706836897,49.065079799092665],[-125.15806480670253,49.06674751011897],[-125.1586780025698,49.06827430893636],[-125.16256179979057,49.06941649282142],[-125.16848209004226,49.07394690400088],[-125.1695242937245,49.07681520400712],[-125.17330330350097,49.07993850750091],[-125.17373170438881,49.08221440306643],[-125.1815112873831,49.08502719816988],[-125.18094829266053,49.08623499516444],[-125.190364620287,49.08917879992455],[-125.19566910319378,49.08959890789933],[-125.2012901007929,49.09187620433771],[-125.20216091540694,49.09328049986902],[-125.1986965010238,49.09734238784938],[-125.19277850524749,49.09488989228848],[-125.18848858798744,49.09231779054745],[-125.18073750681853,49.08927990514099],[-125.17719998064082,49.08887830176558],[-125.17002740109105,49.08554138425598],[-125.16492338858617,49.08124741114117],[-125.1627328154757,49.07778800225578],[-125.1595657032706,49.077668310709505],[-125.1529220898456,49.074822810137434],[-125.15026690304424,49.0716795047693],[-125.14802008526452,49.064955803867335],[-125.14875748170623,49.06430360152692],[-125.14658461308738,49.05960219854513],[-125.14344560348421,49.05761828487668],[-125.14245069538957,49.05483968998037],[-125.14210160459022,49.05438680038834],[-125.14145169909727,49.05388689372393],[-125.14055148069698,49.05331860174757],[-125.14142178939919,49.05386803329396],[-125.1146627950654,49.05388053208665],[-125.10576374933984,49.054105503930444],[-125.1040638593838,49.07402020610725],[-125.10618118693188,49.07536249633525],[-125.10890299131371,49.08078169644168],[-125.10741611297173,49.08384089621005],[-125.10732720764162,49.089160309948994],[-125.10971692391713,49.09326324608362],[-125.10971711052439,49.09618408410826],[-125.11455010555727,49.09771915358686],[-125.12847631629377,49.09725664086195],[-125.129410276909,49.09879456193138],[-125.13045827035423,49.10788120991632],[-125.13944009315975,49.11481408896352],[-125.14705603848508,49.11605250941579],[-125.1498896539328,49.115322877982315],[-125.15799959296308,49.116381845121985],[-125.16038939447085,49.11882323762749],[-125.16544617201748,49.119133256519476],[-125.17037165069382,49.12149728944023],[-125.17528730255819,49.12531229435662],[-125.18057077288574,49.1278326077395],[-125.18740912633687,49.1289227534312],[-125.1946121162056,49.128460642808434],[-125.19394519017551,49.13135377115206],[-125.19568599596398,49.13828478445557],[-125.20188763214807,49.14061139838998],[-125.20535417476303,49.142794331156026],[-125.21262066430273,49.14631393947595],[-125.21388324025514,49.14918649802902],[-125.20894421779364,49.15771685755042],[-125.21053095096507,49.16119551898856],[-125.22612983247923,49.17392325800441],[-125.23176685609688,49.17950369544085],[-125.22794390446911,49.18394651571419],[-125.22727625958414,49.19296498538132],[-125.23659573129363,49.196529430153156],[-125.24696638348951,49.1983997923423],[-125.25346597691605,49.19762764813637],[-125.26097761614557,49.19504848103538],[-125.27212621063842,49.19534275005733],[-125.27608443729935,49.197948959372596],[-125.2760583447579,49.20617624473975],[-125.2793411965359,49.20960653673881],[-125.28667008893112,49.21220726076232],[-125.28646847848648,49.21440915331271],[-125.28062962048776,49.220728487199956],[-125.29144798050324,49.22625758844221],[-125.2925979872081,49.230214726074905],[-125.29010302252844,49.23300147400188],[-125.29253725598312,49.237180272369685],[-125.29558042774225,49.24070285531947],[-125.30731335351707,49.246027322508965],[-125.32159742087971,49.249812265699184],[-125.32506391706237,49.25496320541622],[-125.32842238335381,49.26332327798509],[-125.33203674139384,49.26674482052557],[-125.33665030221147,49.26953182516307],[-125.34786852783402,49.270274087008275],[-125.34786834793574,49.27909569580243],[-125.3505304231869,49.28175106942524],[-125.3539624049309,49.280323325765565],[-125.35463200764838,49.285330755698325],[-125.37519462354109,49.29121525642327],[-125.38357572913621,49.2926895448629],[-125.38855787728612,49.29518330238253],[-125.38660848543151,49.3006406318261],[-125.41156475993266,49.30458709737272],[-125.4306990342345,49.307403411561374],[-125.44029300326319,49.30737621196343],[-125.45088455585375,49.30626501885269],[-125.46209447834465,49.303645186991986],[-125.46939619357369,49.30447264160821],[-125.47563169327515,49.307273108993456],[-125.48804430404614,49.30989158294825],[-125.49334863498225,49.31189773015315],[-125.50155949907952,49.31724770908775],[-125.50816609296604,49.3170518973884],[-125.51597976689372,49.318684047000325],[-125.52585273223728,49.322114011539966],[-125.53017682671309,49.325208294772075],[-125.54945345792987,49.328382837523705],[-125.55534192881427,49.33102654573057],[-125.55756519718295,49.33348489802308],[-125.55668017159354,49.33829548184893],[-125.5548344343525,49.34207196726639],[-125.54554391329982,49.349248701518505],[-125.54149797646447,49.36065341945405],[-125.54552815802946,49.366640807984666],[-125.54660344768654,49.3729702573448],[-125.54889267699112,49.37444765893813],[-125.5614188270168,49.375755613328145],[-125.5660143464904,49.377918058709874],[-125.56932219983376,49.38026094063675],[-125.57186475788463,49.38336769003258],[-125.5725009958879,49.38704451105631],[-125.57133279003284,49.39140618425175],[-125.57114978758021,49.39821575182451],[-125.57601523171697,49.40310247457413],[-125.57804647697868,49.40765983014612],[-125.58056191634752,49.41046413150636],[-125.58839647436128,49.411378547968184],[-125.59446165999874,49.41139905410765],[-125.59775874161733,49.412646569196944],[-125.59921087794429,49.41507284523557],[-125.59953509139493,49.41839921789662],[-125.59240385600994,49.42501701820427],[-125.58602674118107,49.42789303936474],[-125.57726541974716,49.43323860511223],[-125.57075029365464,49.4356929681723],[-125.55924075061829,49.437980661037855],[-125.55608788830169,49.4393248604598],[-125.5559415503441,49.44267070182371],[-125.56063423549085,49.443855354659554],[-125.56435012116089,49.44745771149487],[-125.5689678460917,49.45071524728269],[-125.58750724610601,49.457745756385265],[-125.58932118508199,49.46003489809192],[-125.58932974999493,49.463011040619485],[-125.58258339130808,49.467910126387586],[-125.57375332127847,49.472650098629224],[-125.56602392662754,49.476188324843775],[-125.56293740585639,49.481117841203236],[-125.56327119530647,49.48553806886418],[-125.5659204901623,49.490647261603286],[-125.5670341586225,49.49824974115363],[-125.58472184133782,49.496408055561616],[-125.60624372958996,49.49806236699103],[-125.6188111961205,49.49948560033538],[-125.6326561225235,49.49811355797178],[-125.63408409678297,49.4997881730498],[-125.63395368172442,49.50453383387094],[-125.63462351440134,49.511403190031146],[-125.6376525753688,49.51529421095493],[-125.64311905139141,49.518847048636246],[-125.65657982909173,49.51202349840026],[-125.68236916360254,49.51103458242966],[-125.68693233580638,49.51433802191194],[-125.69292926771733,49.514412055621456],[-125.69902862188759,49.511313515543655],[-125.70454224775028,49.512835795963305],[-125.70933974771644,49.51734678655043],[-125.71607442632131,49.5206410023012],[-125.72239672508675,49.520924127698095],[-125.736096363539,49.52346174783177],[-125.74113128369109,49.522481265016204],[-125.75613022292903,49.51369467330442],[-125.76104123828394,49.51322353060321],[-125.76627245156638,49.51579052645971],[-125.76937352155682,49.51949233236457],[-125.76854059153588,49.52233559299903],[-125.77001879725746,49.5266603203596],[-125.77435141147038,49.52957359098552],[-125.7809927944611,49.53665196653377],[-125.78460620814138,49.539842068746026],[-125.78939599987669,49.5408413442809],[-125.79947708023771,49.53963911422519],[-125.8075057181182,49.5393871481932],[-125.82609723022745,49.54154231255011],[-125.83631690563884,49.5442395610438],[-125.85251484003092,49.544150040581165],[-125.86221333946177,49.545464526610736],[-125.86633450753766,49.54545321267583],[-125.87777912526862,49.54387281011497],[-125.88432968637609,49.544662096906386],[-125.88860721156777,49.54696311431508],[-125.89207279136939,49.55131618525356],[-125.89325548708851,49.55449469898129],[-125.89781235468116,49.55763686701053],[-125.9028768196254,49.55852622343736],[-125.93668536379367,49.56680856660186],[-125.93900281752526,49.56828541909489],[-125.94329996677376,49.56899577833818],[-125.94669063813238,49.570848628523166],[-125.94935314910673,49.57377376509312],[-125.95419599188004,49.581233661610334],[-125.95805479471282,49.583063875278086],[-125.96487616951993,49.58200155311091],[-125.96722053760114,49.58457519045915],[-125.9696933407438,49.58488365174093],[-125.97656700041689,49.58014772292989],[-125.98167085897096,49.5780051912675],[-125.98705326165933,49.577499995813895],[-125.99474350776853,49.582593914076654],[-125.99884122909225,49.58068259105281],[-125.99921802136015,49.572583922380694],[-126.00223683867836,49.5710917881569],[-126.0078661745252,49.571123557897046],[-126.01170715357698,49.57026395845247],[-126.01566130412404,49.57379671192038],[-126.02564849764616,49.576731109421786],[-126.02776599989141,49.57638306722991],[-126.03111449473174,49.5712631031799],[-126.03786761366669,49.56799703062447],[-126.04356918720143,49.567839806645814],[-126.0455116521295,49.565174737244426],[-126.04638023663264,49.55894991728087],[-126.0641484204471,49.55122704441156],[-126.06787299950274,49.55183789783271],[-126.07339245553874,49.55507791583727],[-126.07812213032496,49.555455493012786],[-126.08234347212141,49.5571408012955],[-126.08536337628689,49.561509920526504],[-126.09150507410052,49.56609237440271],[-126.09428426560133,49.5691302852946],[-126.09961584482537,49.571493047866866],[-126.10585932716606,49.56953175787863],[-126.1117724226797,49.57039907391678],[-126.11367458337351,49.567428309069975],[-126.11600734408823,49.56572171136813],[-126.12253283252943,49.56539633229015],[-126.13140965540167,49.56923037491007],[-126.13994103191742,49.57002636529761],[-126.14574187787117,49.572363451687984],[-126.14477778401779,49.577170918519265],[-126.14663655388463,49.578666113894876],[-126.15704043945573,49.572210550889615],[-126.16358478313957,49.572034580524424],[-126.1688572461145,49.569812120989454],[-126.17463054797221,49.56946021016884],[-126.17886221955773,49.567962513166314],[-126.17424964411002,49.56402543249328],[-126.174482237439,49.5550136084433],[-126.17982083608176,49.55021705293105],[-126.18440545569463,49.5509628822462],[-126.18679295686267,49.554628328127265],[-126.1917014230685,49.55572472092248],[-126.1974006835597,49.55555851424651],[-126.20059096498277,49.554785405598835],[-126.20682546796618,49.551227242107096],[-126.21076674179386,49.55206615374205],[-126.21531484730478,49.55409591312373],[-126.22121505331819,49.559720821768444],[-126.23461805386422,49.55494011805085],[-126.243757393912,49.55373958006648],[-126.24906143520434,49.55499628817724],[-126.25228311852918,49.55770253095599],[-126.25583773191772,49.563291672638925],[-126.25502941888539,49.56852040018045],[-126.25699466832724,49.571717670407665],[-126.26021998399786,49.57362985243594],[-126.2644506110069,49.5729236278911],[-126.2701791976674,49.56908089911509],[-126.27623771387746,49.571947185126284],[-126.28107813271312,49.571636932298546],[-126.28390867602829,49.574179245673875],[-126.28282442534764,49.576187032471594],[-126.2837525709943,49.57852083142594],[-126.28776951920302,49.57996407250918],[-126.29540734758018,49.58506950678235],[-126.30060679641154,49.58938340572889],[-126.3087160415792,49.59208148440273],[-126.31050932949805,49.59376049118198],[-126.31219120595871,49.59770433992053],[-126.31821749483908,49.60423480681594],[-126.32198668153633,49.605139810268824],[-126.32736832538046,49.60461583682348],[-126.33092264870776,49.606081600088075],[-126.33465441628024,49.60588758696512],[-126.33500340548942,49.598091307643564],[-126.33977225387561,49.597170089106406],[-126.34662831830526,49.59876929819392],[-126.34906157565902,49.597173751945654],[-126.35465189546034,49.59529139007579],[-126.3520990395404,49.58990958803729],[-126.35284104528765,49.58227704405781],[-126.3543958830167,49.57815503472609],[-126.3652193504737,49.57612112040451],[-126.36302498456128,49.570599181100164],[-126.36380692198887,49.56933398579436],[-126.37134103832818,49.57114010494969],[-126.37692682604006,49.56925664556147],[-126.38018263256627,49.56222913235683],[-126.38318690129795,49.560725322169816],[-126.39193711842063,49.56173248621177],[-126.3986762544714,49.56162210964949],[-126.40219662345959,49.56595718495967],[-126.40399392094788,49.5700155454764],[-126.40736872878135,49.57154885666396],[-126.41267738157671,49.57200222677144],[-126.42014510104643,49.57478600291263],[-126.42710250361766,49.574906816334874],[-126.43442922042708,49.57806364904614],[-126.44302651350358,49.57626134375715],[-126.44970077211991,49.57712933095544],[-126.45852299439174,49.57714872272339],[-126.47418448953582,49.570316198398885],[-126.48585327799445,49.55867391265678],[-126.50221488526553,49.54708574932127],[-126.50653597223346,49.5403766263744],[-126.55669813363752,49.539777069334825],[-126.5589180839264,49.541483293474165],[-126.56043401433178,49.53684770840177],[-126.56525399591263,49.534429391545544],[-126.5687678031925,49.534107495111115],[-126.56881898736444,49.531689197547806],[-126.56213150648294,49.52828250586404],[-126.56297369258478,49.52639398716929],[-126.55730742140197,49.525545203239005],[-126.55536061468925,49.52217550563429],[-126.5526063195231,49.52142490061859],[-126.55014922355119,49.51530080377509],[-126.55104390041522,49.51121759497518],[-126.55276851374565,49.51153239868899],[-126.55801890332548,49.50930491132208],[-126.5582289122331,49.4940159885923],[-126.5616115024209,49.48986730895965],[-126.5611380894209,49.483542407239334],[-126.56579680529678,49.48178768623269],[-126.56785339574074,49.48011291566026],[-126.56593720883284,49.477822785682235],[-126.56761030832631,49.47611228905374],[-126.57115790145366,49.47499141124477],[-126.5693496866046,49.47079709153834],[-126.56603380921855,49.46837028770632],[-126.56724930844084,49.466974485352424],[-126.57409550336634,49.46442810796949],[-126.57133649495286,49.46189581209098],[-126.57097529499342,49.4591813110041],[-126.56662990630724,49.45635418282042],[-126.55579058132648,49.4517354978225],[-126.55185959562984,49.45169709251997],[-126.54788651281564,49.4489240999843],[-126.54987328792978,49.44421570175],[-126.55550668641757,49.44443360199637],[-126.55806610960072,49.44288690626222],[-126.55738001724357,49.44141429359901],[-126.56113109644214,49.43534999673384],[-126.5649488983332,49.43454811411514],[-126.56275690138109,49.42952778688952],[-126.5637521960507,49.42557280234299],[-126.57033240976058,49.42221169601928],[-126.57416188448694,49.42145540257873],[-126.57749699224529,49.415883902987524],[-126.57649309920035,49.414180512361135],[-126.57189369327382,49.414048110734456],[-126.57125890301866,49.409312608943324],[-126.56744480006047,49.4089437001541],[-126.5645572206508,49.406256198009935],[-126.56492199727438,49.40448308828783],[-126.55896449217657,49.40173860334774],[-126.55299770453279,49.40000248632096],[-126.54782910329241,49.39448658563684],[-126.54558720696976,49.39384570107975],[-126.5413858086429,49.39020250885358],[-126.541801115627,49.38544280506118],[-126.54492661126633,49.38470940046424],[-126.53952699577829,49.379942509306225],[-126.53261151074017,49.37772649749975],[-126.51597801367406,49.37835029403646],[-126.51314718508846,49.37925179485957],[-126.50416569812974,49.37976018647791],[-126.50011981749617,49.38128269664085],[-126.49559218030657,49.381707101241965],[-126.49229140993154,49.380537898268656],[-126.4839898113316,49.38035699937757],[-126.47911939683398,49.376715312742185],[-126.47564380741578,49.37813238363837],[-126.47544831893018,49.383050200298],[-126.47160239696744,49.38412539198097],[-126.46962648637405,49.38729771171292],[-126.47889623786733,49.3871589769617],[-126.47930545134632,49.40273374181244],[-126.47609725619219,49.402732370390474],[-126.47130231825399,49.400717495985404],[-126.47071448804142,49.403195275946594],[-126.46308340903167,49.40355044334215],[-126.46224499336937,49.4066179967957],[-126.46842449159747,49.40867029910292],[-126.4712535843565,49.41078380577863],[-126.47195731028137,49.414253199994235],[-126.47110919852229,49.416547600719475],[-126.48010230055101,49.41648210555974],[-126.4833900265477,49.416932103601866],[-126.48796221368491,49.4199912970426],[-126.49011640098776,49.4228995032936],[-126.48989691731147,49.427761797798254],[-126.48858219102586,49.43107878867757],[-126.48135551416894,49.44021510149965],[-126.47863368027727,49.441351598209],[-126.47632247559073,49.44391939494086],[-126.47696480368,49.44566980612204],[-126.46889139758255,49.443802690003686],[-126.46726630394072,49.44537638650747],[-126.46269911083509,49.445376398384376],[-126.46398391299739,49.447464298985764],[-126.46169490028424,49.45067019282626],[-126.45689480114147,49.453299312410266],[-126.45429520613435,49.456310090224775],[-126.45576869458397,49.45958151164773],[-126.45170040893427,49.461102485590935],[-126.4530882795977,49.46227469824617],[-126.45228199055195,49.465046200589654],[-126.44888632159775,49.46746300033126],[-126.44844741094523,49.46924328736082],[-126.43732671765365,49.47392750692016],[-126.43561650299225,49.475222092538644],[-126.42797910648954,49.475788987484776],[-126.42380290462775,49.476686186197306],[-126.4174209842436,49.47493300039272],[-126.4165621956456,49.47314139572628],[-126.41163581377951,49.471799805018605],[-126.40725091286455,49.474840504504165],[-126.40245351715038,49.47390479761661],[-126.40376511129988,49.470804190929066],[-126.40966399463055,49.47018040373144],[-126.41255841447165,49.467916006641],[-126.41342880824602,49.46500199679223],[-126.41328168845983,49.4601952892064],[-126.4152383225404,49.45687410038138],[-126.41826758841886,49.45543988896777],[-126.42365857578585,49.456036593863644],[-126.4277347803523,49.45356280222326],[-126.43230960026493,49.44658410449585],[-126.42869391502744,49.44501039436702],[-126.41839110840651,49.44205519191303],[-126.41544751173554,49.434801708508395],[-126.40616132160413,49.43014880515173],[-126.4036735817397,49.42812349720172],[-126.40272682355427,49.42073470164408],[-126.40331419963593,49.41746330403788],[-126.40686609441995,49.41544671558924],[-126.40805607878298,49.413548200382074],[-126.40184079145561,49.410890591349585],[-126.39438260537436,49.41136058192138],[-126.38951199870056,49.408326990631174],[-126.38055330122404,49.40645988763228],[-126.3741111947026,49.40757361111689],[-126.36264879445855,49.40560249885046],[-126.35754368228122,49.40336369997244],[-126.35071650701282,49.401641805786305],[-126.34953079609167,49.39753860314641],[-126.34440280504373,49.39603608564696],[-126.3450320118953,49.3945562874485],[-126.34332808865301,49.391683690258574],[-126.33777889160316,49.38978379162954],[-126.33758500116008,49.387764290718216],[-126.335025502189,49.38461958624281],[-126.3348435040274,49.38290490307779],[-126.33091209394607,49.37942269566874],[-126.32437720043144,49.37594339629748],[-126.32298251505875,49.374472092108306],[-126.31894748974375,49.373171801298106],[-126.3117213043746,49.37178041056601],[-126.30802268126659,49.37014679377419],[-126.3053877019666,49.37020238943191],[-126.30535439241261,49.36752060897718],[-126.30259817978627,49.36731259762089],[-126.30145901933057,49.36296740253561],[-126.2958027824935,49.36159440189387],[-126.29300669264632,49.36310270621122],[-126.28852087839748,49.35975009635374],[-126.2859624071339,49.354471989502045],[-126.28662068593651,49.35274160441283],[-126.28057341085622,49.35226729081029],[-126.27815597436562,49.35489069475966],[-126.2717042087428,49.35777038361454],[-126.26958797021605,49.36212638104931],[-126.2731710675732,49.36288720437501],[-126.27359233849556,49.36896254451912],[-126.27254019874621,49.370034312576344],[-126.27450939234221,49.37352649692528],[-126.27234920542895,49.376453184078194],[-126.27270121037988,49.37806398918622],[-126.27011931762048,49.37939710484505],[-126.26662621648278,49.3792873969494],[-126.26580609276367,49.37520129732931],[-126.26734421705089,49.37132459402831],[-126.26603079054972,49.36916981126585],[-126.26635321801712,49.366811306189014],[-126.26383059980337,49.36611349383359],[-126.26436562241541,49.36166419930967],[-126.26627932171863,49.35897390047401],[-126.26390979150887,49.358476887646844],[-126.25914628294679,49.353506398122825],[-126.26176429623293,49.348511707546],[-126.25762761436819,49.34836920279951],[-126.25498880142028,49.351472588161634],[-126.25637828155529,49.356715098464676],[-126.25341259548252,49.36024290233241],[-126.25620769461813,49.36074129357093],[-126.25510070274609,49.36430469304737],[-126.25844117947247,49.36813579707254],[-126.25782948988659,49.37095580198979],[-126.26045679891371,49.37450780186327],[-126.25854669912765,49.3766398076665],[-126.26081469442444,49.37747581309146],[-126.26027829018636,49.37996529041706],[-126.26119830377174,49.38299180755044],[-126.25935539415345,49.38516079778635],[-126.26291899958258,49.38749510401946],[-126.25875660591765,49.38946480337656],[-126.26217140861341,49.393747401376494],[-126.2603840877486,49.39514459025972],[-126.26158611402478,49.39881620167771],[-126.26021571062928,49.40139258886209],[-126.26026550192694,49.40444460088144],[-126.25696249986643,49.40606681177804],[-126.25476838646908,49.405105496293906],[-126.25268789376588,49.41052598763834],[-126.25517707845499,49.41435430030721],[-126.25164369991397,49.41588100589019],[-126.25287457625987,49.41954409558501],[-126.25095921903247,49.42197380515136],[-126.25235320441989,49.42712519548907],[-126.255908813446,49.42939679142648],[-126.25533641373951,49.43050769179145],[-126.25932430650683,49.43397559494253],[-126.26090869894801,49.43720709593682],[-126.2684302979105,49.445085891643004],[-126.27095650904386,49.44531660002348],[-126.27588698961613,49.44200530796147],[-126.28250671150994,49.44155810626558],[-126.28925411481151,49.43852310806833],[-126.29190078536514,49.43558070183633],[-126.29065029229787,49.43122400985304],[-126.29185689102091,49.42912900023431],[-126.29594191474044,49.426057000356884],[-126.30046291383343,49.427602291247986],[-126.30134618363155,49.42409730505478],[-126.30317521875422,49.421926801004034],[-126.31177879264297,49.42018359768562],[-126.31189680015885,49.424090212566966],[-126.30863242544238,49.42502160239901],[-126.30763729323256,49.42683459156846],[-126.30430390565951,49.42774610519977],[-126.30310671744883,49.43047059699088],[-126.30364398353429,49.43301139377835],[-126.30203699315027,49.437886495887945],[-126.29738731301543,49.443157491709506],[-126.29644620265128,49.44673370684582],[-126.29229739698398,49.44814790207447],[-126.29140421207772,49.45185228774527],[-126.28095238907525,49.450949290829634],[-126.27725482072026,49.45440730574205],[-126.2782876898388,49.45942479713754],[-126.27750298874321,49.46066530418779],[-126.28096200364473,49.46475139274465],[-126.28022460872683,49.467594106755605],[-126.28263039673934,49.47100649877917],[-126.28182350285171,49.47510820758356],[-126.28474060251308,49.478289888639836],[-126.28554388955423,49.482707805647415],[-126.28774182313104,49.48492669933704],[-126.2874583037257,49.486557405341884],[-126.29279989733122,49.49160339520769],[-126.29378561395609,49.495270696894764],[-126.29642458756172,49.500281107485755],[-126.29717599336202,49.503159408751],[-126.29658781042471,49.50683388593175],[-126.29803859991094,49.51109660178756],[-126.30033379458693,49.514577314616005],[-126.29444538462826,49.51311750047196],[-126.29135119547499,49.51083170599448],[-126.29087488483556,49.50696919945813],[-126.28655558939039,49.50261249434176],[-126.28789078073021,49.49970289415567],[-126.28497498542454,49.498742998097406],[-126.28285938751397,49.4957976957838],[-126.28392018760566,49.492349693276545],[-126.28224158521643,49.49074458993814],[-126.27885861220729,49.48352240485492],[-126.27528190767163,49.4812693098175],[-126.27133610793452,49.47626468753663],[-126.26816039437195,49.46310779649737],[-126.26679862034169,49.46104269805287],[-126.26527340087202,49.45547409078378],[-126.26259738033441,49.451974792661616],[-126.26244619007309,49.44972170403122],[-126.25954239585174,49.446854695051066],[-126.25988691299136,49.44417299354261],[-126.25848979921923,49.44125188800844],[-126.25069892264008,49.43700060343449],[-126.25028700949517,49.43522749339621],[-126.24711998430983,49.434620791504784],[-126.24423261108045,49.43546109789466],[-126.24318530234173,49.43812578715971],[-126.24621199006954,49.4429666885542],[-126.24399530480618,49.4450816085068],[-126.24282171138333,49.45001929044411],[-126.24120341231709,49.45083539425053],[-126.24132430006358,49.45382481304026],[-126.24648948900216,49.46017389225139],[-126.24639658110388,49.46724369321121],[-126.24727968886495,49.469945395042174],[-126.24499129371053,49.4723281869124],[-126.24110641207344,49.47416970693628],[-126.23744529569962,49.47492880878659],[-126.23150908667321,49.47445310921437],[-126.23504838897043,49.470435391141464],[-126.24047742437374,49.467182503914046],[-126.23820329802159,49.462936899598816],[-126.23418690061024,49.46221909893813],[-126.23370189474026,49.45562219015023],[-126.23163100934727,49.451964786942405],[-126.23544801030083,49.447414508224306],[-126.23654889516897,49.4440305109569],[-126.2355330028642,49.44000289007312],[-126.23011639251528,49.44039599206792],[-126.22860751257946,49.44221179632305],[-126.22590610692507,49.44214768557136],[-126.22501701111102,49.44568830538034],[-126.2212762022308,49.44813650464061],[-126.21804961400471,49.44642039629065],[-126.21498920006144,49.447075504322505],[-126.21462450728666,49.444755486727054],[-126.21962911477672,49.44483089360697],[-126.2240002128092,49.4429295922372],[-126.22628920727239,49.43951148571309],[-126.22565958310467,49.43554649617542],[-126.23323939156492,49.432975793345115],[-126.23211721736398,49.43158150671872],[-126.22742451172866,49.43042509584776],[-126.22553829263448,49.42888690942858],[-126.21996901425152,49.4293199015215],[-126.2173601925419,49.426666593891106],[-126.22162500500454,49.42659818395651],[-126.22498149564302,49.42748830487467],[-126.23105098581222,49.4277332998139],[-126.23616939700291,49.42331260391052],[-126.23791740150578,49.41894589762176],[-126.23614630491852,49.41464768984366],[-126.2303504956294,49.41276339313338],[-126.228990195371,49.407512392707304],[-126.22577422394414,49.40415270453668],[-126.22072449133778,49.4044888122305],[-126.21527411206323,49.40189250121081],[-126.21136189390322,49.40183410682418],[-126.20683337863514,49.40293919898588],[-126.20178499483582,49.40055079965483],[-126.19204480847847,49.39802000758408],[-126.1894066008578,49.39813539205821],[-126.18659830147185,49.39996549781568],[-126.18417400142785,49.399934201617874],[-126.17957059307474,49.39823789418971],[-126.17252579075797,49.398021490823716],[-126.16707851170294,49.39951550204683],[-126.16239911307208,49.399364492503814],[-126.15819891335262,49.400485295002376],[-126.15436859336218,49.39950979376428],[-126.14849661072277,49.40162330672425],[-126.15848829812099,49.403839311360834],[-126.16826541671176,49.40139819875152],[-126.17303939925833,49.40325109564082],[-126.16789551782385,49.406157993698855],[-126.16783931522367,49.40806349166979],[-126.1635232174532,49.40976549578318],[-126.15081430012746,49.40921859593797],[-126.14437289927903,49.41047190788984],[-126.14166497831033,49.415056396153766],[-126.13844001521053,49.417162792066215],[-126.12964540832203,49.42135290633771],[-126.12276667999507,49.423413692541835],[-126.12362800287795,49.425917391955515],[-126.12327709496012,49.42955339050499],[-126.11193939561831,49.43023278755478],[-126.10940570422568,49.430853796220866],[-126.10284850563747,49.43049060265257],[-126.09222032434519,49.4313123008676],[-126.08898778384666,49.43558640093912],[-126.0849677846658,49.436825502114196],[-126.08350089165755,49.43596099877425],[-126.07923271126018,49.438155703305014],[-126.076839380874,49.43804170250519],[-126.0743604029816,49.433561195766636],[-126.07563239809494,49.43235199912605],[-126.06783060587665,49.43017440893326],[-126.06377520246514,49.43110578350288],[-126.05986698953714,49.430701410178834],[-126.05279439629106,49.434317389505715],[-126.05340551997605,49.43909280599987],[-126.05221190203468,49.44288551286042],[-126.0471092070768,49.446767883396554],[-126.0434644045555,49.44769079132174],[-126.04071061570104,49.44943830110851],[-126.03864651481288,49.45436030747061],[-126.03509682038046,49.45671600334434],[-126.03171318981785,49.456530805026944],[-126.03162650622305,49.45223678436738],[-126.03653838685315,49.44769359810535],[-126.0442581949171,49.44413020553129],[-126.0403259023006,49.44347219030002],[-126.04157690895053,49.439420405771166],[-126.03873409811838,49.43850170337984],[-126.03457937758127,49.43486859457711],[-126.03353300163347,49.432313604589496],[-126.03640950394562,49.430622996148244],[-126.03978748463811,49.42582490426974],[-126.04347050409977,49.425604083511104],[-126.05087220929056,49.42199658817277],[-126.06121001010668,49.42186409964591],[-126.0683932918404,49.41981610543478],[-126.06349801436724,49.41863829677309],[-126.06537887928056,49.414629197832745],[-126.05989189568923,49.41367919289578],[-126.05870758361235,49.407190502156475],[-126.06481719618013,49.404853406564456],[-126.06702601017945,49.404800695546804],[-126.06739920509045,49.402264196352704],[-126.07376537548119,49.40069039659744],[-126.08256010584078,49.397897486282744],[-126.08280150542149,49.394747199147346],[-126.07545398975259,49.39521718854209],[-126.07225290552925,49.393435491698675],[-126.07230429300648,49.39024379738208],[-126.06800659851758,49.38604099183653],[-126.06478997993412,49.37941839806959],[-126.06434770029402,49.3769332075038],[-126.0604590993856,49.37489089338827],[-126.06201520262547,49.37211509709436],[-126.05962609513989,49.368778213993465],[-126.06118821326521,49.36499550741611],[-126.06062912103783,49.360950701358306],[-126.05946089249173,49.359516503218096],[-126.06113979310001,49.35722919888263],[-126.06086901207155,49.352084992372745],[-126.06199499019004,49.35030620042988],[-126.05929028429725,49.34784369851075],[-126.05912449627756,49.341145600443575],[-126.05562900258577,49.338582101150635],[-126.04989508482622,49.336411596541126],[-126.04905020697663,49.334870603788424],[-126.04334270931342,49.334094404677266],[-126.04175721279654,49.32954549080115],[-126.03826911255736,49.33076168836982],[-126.03555561162207,49.325292802934456],[-126.03224849719858,49.32399389443282],[-126.02877779851033,49.32400389427582],[-126.02337322464662,49.32096750413336],[-126.02016648811035,49.32098310968622],[-126.0177757910226,49.31975260854801],[-126.01368989846925,49.31926841190618],[-126.00767931745148,49.32013000544683],[-126.00496198786145,49.319331002174586],[-126.00189800115098,49.320151412886965],[-125.99440410786796,49.32702180342279],[-125.99468448794715,49.328246608138954],[-125.9900662947383,49.329499895716864],[-125.99067651360299,49.33364150196472],[-125.98960858934844,49.33442479974891],[-125.989394981552,49.33863189609363],[-125.99097209688817,49.34147890745941],[-125.9905825044642,49.345025196629734],[-125.99212958235543,49.34827669530659],[-125.98953340208166,49.350683610439454],[-125.98883721768239,49.35575800293947],[-125.98520461459316,49.3562921005034],[-125.98457781684232,49.35183719307636],[-125.98488802051347,49.34787930488401],[-125.98283651518305,49.343992591117384],[-125.97696351879704,49.345025195936614],[-125.97250289493391,49.347326707979754],[-125.97148219609713,49.350484185919164],[-125.96654100529493,49.353741410031844],[-125.96699928622849,49.35495340211274],[-125.96348649692803,49.357904300535026],[-125.95989937948265,49.35872609533189],[-125.95654741791186,49.36256289370588],[-125.95539631375698,49.36611919467798],[-125.95955599764169,49.37159100364405],[-125.95662360719558,49.37600179713917],[-125.95263019665883,49.37627520725291],[-125.95311839060072,49.37843999212344],[-125.9553531049372,49.38008348970773],[-125.95332380628604,49.38600108411541],[-125.94780951138863,49.38756349227371],[-125.94834288620697,49.39256100769607],[-125.94662190344442,49.39398239822761],[-125.94505980008694,49.39852850083024],[-125.93896119760811,49.40119458679969],[-125.93284010095438,49.402789701694104],[-125.9264466803944,49.40262729798891],[-125.92170540404382,49.40170448785177],[-125.9183855202359,49.40338930581555],[-125.91903739429192,49.405999889177444],[-125.91380622088704,49.40868740467531],[-125.91394780063212,49.41132930142072],[-125.91659022386735,49.41495100413699],[-125.910723684993,49.4199842062955],[-125.90783890633821,49.42042571142974],[-125.90611370565186,49.418984391461606],[-125.90200327405663,49.420599395271275],[-125.89840488829287,49.41851160486132],[-125.89739832636297,49.416872303487025],[-125.89595369428166,49.41063001400883],[-125.8991982096203,49.40811910856619],[-125.89903089057104,49.40576630199655],[-125.90284811055692,49.404545694125964],[-125.90439758880235,49.4006832990925],[-125.90403969571624,49.3983618144434],[-125.90841738374631,49.395211505752016],[-125.9158028919547,49.3925952127291],[-125.93172657587037,49.39127499410472],[-125.93283210571192,49.38695529729317],[-125.935248501153,49.38287208944111],[-125.93191510921764,49.3791776983386],[-125.92646971038903,49.384228005201464],[-125.92356641536806,49.379686194458564],[-125.92981830228663,49.377531383284186],[-125.93097980436671,49.37505460212565],[-125.93400142135786,49.37324159933642],[-125.93398501922188,49.37020950347136],[-125.93138480419896,49.36355559067252],[-125.93388560518345,49.36113440813057],[-125.93479787720318,49.35517409610723],[-125.93824779026875,49.34952570129329],[-125.93952931642836,49.34628129423273],[-125.94463268475876,49.34020420337778],[-125.94467730250052,49.33796249093378],[-125.94836418597903,49.335826205122714],[-125.95045160323917,49.335979994899596],[-125.95300049328546,49.33395341537317],[-125.95298391268543,49.329528407125366],[-125.94969212105705,49.32809990258416],[-125.95029908599055,49.3240095959462],[-125.94711688298406,49.32071679162617],[-125.94935021750187,49.315720706896236],[-125.95341459896609,49.31578758752087],[-125.95687568832803,49.31408849833953],[-125.95680018531758,49.311418102701545],[-125.95477729757779,49.30913940237147],[-125.9491785186253,49.30870790219738],[-125.9465104140331,49.305509101695584],[-125.94632710754495,49.303103593664204],[-125.94760390808543,49.29961568457422],[-125.95277120241441,49.30091459387097],[-125.95534699437447,49.302323095717405],[-125.96248541863731,49.30183460543764],[-125.96501052174294,49.30264210058959],[-125.97129149978934,49.30093310741764],[-125.96758749207288,49.298158714180964],[-125.96717608327891,49.296109305098916],[-125.97106461153464,49.294200889356325],[-125.97723739174113,49.29391598935398],[-125.9810191003228,49.2943403909251],[-125.98534959367852,49.29633291185425],[-125.98954371392782,49.29951739331081],[-125.99900208914013,49.30301528999447],[-126.00244141864306,49.305058995533706],[-126.00883438177607,49.304721499583685],[-126.01175717940934,49.30552619316594],[-126.01686389480372,49.3043526002079],[-126.01542298677616,49.300851894181406],[-126.01677809774769,49.299834994106654],[-126.0163861906642,49.29494709188045],[-126.01322980695504,49.29639559270362],[-126.0038804763634,49.29225819771629],[-126.00674798564498,49.29055919653588],[-126.00430379739548,49.28911930089656],[-126.00662878307774,49.2852667997878],[-126.00995961011787,49.28453329658943],[-126.00945230412175,49.28064380599098],[-126.0138956046495,49.28197260449221],[-126.01775581749462,49.28228019365426],[-126.02119120417929,49.28620108603537],[-126.02764720814449,49.286565707181936],[-126.03139988105055,49.28593329792009],[-126.03244518639828,49.28455609001985],[-126.02594270109734,49.27535570050694],[-126.02642390194401,49.272147002860486],[-126.02505999570874,49.26671360537738],[-126.02324338960301,49.265147009005766],[-126.02406847966708,49.26219029468987],[-126.01951359274993,49.26044420543774],[-126.02011588694822,49.25797610709761],[-126.01308209209544,49.25518610788878],[-126.01368729041995,49.25288029571985],[-126.00936309457636,49.24735150327012],[-126.00934229492773,49.2449489064427],[-126.01237009086319,49.24375959442923],[-126.00775698352957,49.24118320147296],[-126.00109110858374,49.24233260669528],[-125.99431509635863,49.23613580710375],[-125.99098398085358,49.23763549540078],[-125.98624940003124,49.23591369953304],[-125.98546831251437,49.23343269319116],[-125.98222509203929,49.23409209493394],[-125.9813993898066,49.231575511033135],[-125.97480608326929,49.22908319500999],[-125.97343830433904,49.22686849425338],[-125.97012949009361,49.2285192013582],[-125.96717661598838,49.22852340192709],[-125.95948169363415,49.234722999683655],[-125.95775357794935,49.235234297378156],[-125.95605808863021,49.239713497470824],[-125.9525172823168,49.24142389144422],[-125.94755722036925,49.24209900365919],[-125.94344869675622,49.241862588718654],[-125.94025520912339,49.242933588471544],[-125.93618120849446,49.245601109151224],[-125.93782230577422,49.247773086679466],[-125.94125049958387,49.248107692285025],[-125.94337489830282,49.247100794685124],[-125.9445679134433,49.25054319611051],[-125.94045540611312,49.25372480175753],[-125.93599620194044,49.25847170195547],[-125.93413431655965,49.259077003080485],[-125.92772311426093,49.257349400614686],[-125.92312731399896,49.26400760678596],[-125.91971200544168,49.263905102277384],[-125.9139227960632,49.26713658646645],[-125.91607028013063,49.27347009576241],[-125.91989190345186,49.27718009477655],[-125.91254177877057,49.27962409725168],[-125.90934891198026,49.27983908900637],[-125.90442309938771,49.27863139559527],[-125.89597361461057,49.2808674018964],[-125.89234810920577,49.27742368650765],[-125.89005361446267,49.27981919904606],[-125.88476609606224,49.27946598623305],[-125.88614530246109,49.28234720228389],[-125.88288029292971,49.283174615137874],[-125.8801531889708,49.28003991114235],[-125.87321851384047,49.27477889915559],[-125.86833659891042,49.27405399314558],[-125.86603111045133,49.27294169421557],[-125.86220701096559,49.27482730380295],[-125.86031619041883,49.27825680431413],[-125.85505390563756,49.277146009958386],[-125.85227840601318,49.27838359671525],[-125.84532801077603,49.27661189748936],[-125.84939960282121,49.273515590034854],[-125.85559619624503,49.27368651309062],[-125.86212659256738,49.2724816897103],[-125.85964869123512,49.26957339068072],[-125.8623851075903,49.26815630000545],[-125.8614315880445,49.263808208816485],[-125.86251280910483,49.26181999558772],[-125.85997900872135,49.25914680488693],[-125.86634460394902,49.25890898611721],[-125.86182817785436,49.2554665961757],[-125.85776529760454,49.254829997795504],[-125.85166861122538,49.257328105682426],[-125.84880279408276,49.259585493645446],[-125.84349651688791,49.2612545949854],[-125.83439191087155,49.261424088776614],[-125.83385780657393,49.264802294448195],[-125.83619169115036,49.270259901747565],[-125.83508258721372,49.27633269308898],[-125.83701989462337,49.28207090651173],[-125.83898848611955,49.285440604763615],[-125.83867569224171,49.28861509313243],[-125.83538082142418,49.29113449816005],[-125.83244410914502,49.29003791022012],[-125.82895208827122,49.298957708403435],[-125.82581539601486,49.297271494344635],[-125.8209972099241,49.298432206731604],[-125.82076028856777,49.30389968976407],[-125.81750309250258,49.31122160360945],[-125.81463621448174,49.3142422930755],[-125.81569571852113,49.31618640560578],[-125.81629541040571,49.322855902711055],[-125.81189779356764,49.32416051021441],[-125.81230597928231,49.326966196892585],[-125.81087851643721,49.33113920452881],[-125.80894659491096,49.33276128670568],[-125.81000140801905,49.336297582876654],[-125.80694730245166,49.34190480101734],[-125.8035681165274,49.344694799274315],[-125.79814409453621,49.345475188168834],[-125.79635011329663,49.34951289237321],[-125.79122811140505,49.35680769257658],[-125.78831380618092,49.358857083658314],[-125.78438139612311,49.35946379279673],[-125.78410869507987,49.36076701296343],[-125.77988391324595,49.3612995884547],[-125.77717358499406,49.3625799924362],[-125.77187680297398,49.360727088032405],[-125.7707707996751,49.35943111103805],[-125.77245828808584,49.35566690908315],[-125.77967699430263,49.35398199263708],[-125.7864346932133,49.35001279819567],[-125.7878911099173,49.34700910425789],[-125.78782878907234,49.34422189347722],[-125.79102989428789,49.34166981459308],[-125.79766999612622,49.339512098133376],[-125.80173771413553,49.33455579310976],[-125.80191478300742,49.332571899240385],[-125.79822199396573,49.3308087109579],[-125.79570619091758,49.33063499928281],[-125.79282708891978,49.32842030370133],[-125.79337889925449,49.32479859403566],[-125.79271489134524,49.322034201155994],[-125.79417439036179,49.31891370208658],[-125.79218050019978,49.3172160930577],[-125.79267560874374,49.314064290544],[-125.7918639782474,49.30993689411171],[-125.79320852083896,49.30717830332988],[-125.79636198281524,49.30454630276564],[-125.800375278575,49.29961859630336],[-125.80253007870681,49.29517499874939],[-125.80142919968478,49.29224260226145],[-125.8042306099058,49.28516570465603],[-125.8068282245346,49.281009803580666],[-125.80639079662319,49.275253203565725],[-125.80769998029791,49.27285480061921],[-125.80832280928709,49.26445479986816],[-125.81143131930926,49.25557200592881],[-125.81352398323115,49.25415349684375],[-125.81245472286142,49.25202010439305],[-125.81293180477864,49.24930839159704],[-125.81214638134591,49.24563959427777],[-125.808777304321,49.24295069377862],[-125.80111560518134,49.241112008891],[-125.7996091030968,49.23974478988944],[-125.79386160086631,49.239173685836775],[-125.7890414128911,49.24020770259874],[-125.78559241740392,49.239481306433454],[-125.78275161556243,49.2407288927809],[-125.77828331789844,49.240476794218935],[-125.77750108563255,49.242177306909866],[-125.7727994003172,49.24460278635776],[-125.76625642109826,49.24455290364979],[-125.76759590316207,49.24664370377083],[-125.76210130344674,49.24816188376617],[-125.75825860739891,49.24851359697214],[-125.75279098157294,49.2564450939281],[-125.74822349846636,49.25761578531689],[-125.74734549112377,49.25885909927962],[-125.74272910435022,49.257682697922164],[-125.74154699641997,49.259653791457666],[-125.73369629369542,49.26261190247059],[-125.72642150159035,49.259337584048275],[-125.72701022002904,49.257793800409075],[-125.73152078633466,49.25407949052053],[-125.73145709629702,49.252434492142584],[-125.7369293982312,49.24900361167963],[-125.73660821624081,49.24517810692241],[-125.73993251690025,49.2429136935983],[-125.73956501111662,49.240988100959676],[-125.74941648482599,49.233825802600386],[-125.75127490989757,49.23092040316528],[-125.75096870870892,49.22787829152265],[-125.75181189525208,49.22425080702497],[-125.75423698610076,49.220441090869784],[-125.75212000180503,49.21770229815657],[-125.75064788500191,49.212961100529654],[-125.751006087813,49.209991592952],[-125.75323791660728,49.2094076982664],[-125.75107591141312,49.201137294157654],[-125.7533143965704,49.19768360986846],[-125.75061739155848,49.19557010652514],[-125.74946448806912,49.191630707732756],[-125.75161219411947,49.18829520571816],[-125.74939780898339,49.186467989339796],[-125.7469099904935,49.187660009448386],[-125.74529380927179,49.184982495058435],[-125.74527560028052,49.182417493239136],[-125.74675172104784,49.17982830046516],[-125.75053208920558,49.179953603092855],[-125.75455091130188,49.17568389737204],[-125.75921289472018,49.17561690135534],[-125.75600689393288,49.17299489650519],[-125.7577646080723,49.17132430627238],[-125.76294830869621,49.16904988654985],[-125.76370311144566,49.16730518759083],[-125.76968160380821,49.16084499924165],[-125.77274590268826,49.15553559956649],[-125.7692810081437,49.151705907954415],[-125.77296619000276,49.14794599732337],[-125.77477860699537,49.1494585089614],[-125.782527188086,49.15188961104188],[-125.78428208552394,49.15040840326609],[-125.78421890508754,49.14807129345136],[-125.78166889616756,49.147107093995025],[-125.78373340091198,49.14405219370311],[-125.79267838537596,49.14532970594471],[-125.79093371848775,49.14284299682237],[-125.79063728779644,49.14026799216502],[-125.78273319854348,49.13818300355009],[-125.78276480421098,49.13680580556848],[-125.77877710131851,49.132907694090896],[-125.77359950011751,49.13327519450426],[-125.77134099376542,49.131116106745445],[-125.76635708626816,49.12925599191325],[-125.76119318368396,49.131313992266236],[-125.76113350690315,49.135679185474444],[-125.76430498379236,49.13970549509933],[-125.76653108570285,49.141253592889385],[-125.76498430368814,49.14304519751353],[-125.77006640704647,49.145127381992694],[-125.76762269502697,49.148055590248894],[-125.76315929205309,49.149162196066214],[-125.75826490905051,49.14897278794319],[-125.75831208693444,49.14735210932576],[-125.75134212271644,49.1448013015179],[-125.74297310031761,49.149697698136485],[-125.7444552781006,49.15222569953118],[-125.74327000556654,49.156321703070816],[-125.74397620101493,49.161406187008566],[-125.7432675924292,49.163986794403854],[-125.7446538064924,49.16672419211063],[-125.7472266912438,49.16760859696965],[-125.74833871248084,49.17007388958461],[-125.74306849416786,49.17079310755191],[-125.74044398916412,49.167733912289414],[-125.7392114796287,49.1623190932998],[-125.73948699939915,49.16034231173667],[-125.73491187983824,49.15822869943084],[-125.73092638550018,49.15536319099541],[-125.73530491723945,49.151912398016016],[-125.73530348515673,49.14569569361321],[-125.73269850848904,49.14344550889281],[-125.72650481242384,49.143285889649825],[-125.72201118163379,49.14613579909565],[-125.72160660576174,49.14924910168051],[-125.71900267882735,49.14902269341547],[-125.71862939218035,49.15248629224838],[-125.71569378476579,49.15597420587465],[-125.71767650025788,49.158627487122985],[-125.71474291796407,49.15940659709521],[-125.71322599462802,49.16606470521993],[-125.70548070389032,49.16591378874511],[-125.70305050700831,49.16840900864067],[-125.70358468030811,49.17015079422182],[-125.70789562255095,49.17196520052625],[-125.70679910889088,49.17371840331633],[-125.71348892183661,49.17613390450512],[-125.7110976076493,49.17830440279819],[-125.70233469374313,49.174155692760515],[-125.69908870574257,49.17452029538448],[-125.695116099112,49.18045209915189],[-125.69183322253534,49.18141910476114],[-125.68797178550467,49.18082519416434],[-125.68716008760543,49.18305700864147],[-125.68737081480742,49.1869394044213],[-125.68862621706286,49.19111089430416],[-125.68462879694023,49.19510858614379],[-125.68073750534201,49.19574808566392],[-125.68184221450016,49.192087900713176],[-125.67838509469004,49.191871407666824],[-125.67756961309676,49.19557008880668],[-125.67861478549712,49.19916189154394],[-125.68182559648545,49.19912349216106],[-125.68249290138283,49.20157311101033],[-125.67689390115643,49.20211719279224],[-125.67629009934191,49.20466791361212],[-125.67419408172562,49.206272993815524],[-125.67440368974017,49.2091385082572],[-125.66858349295627,49.2117477003231],[-125.66496109758823,49.21000439809758],[-125.6673508015066,49.2046508047531],[-125.66559248520493,49.202602798082374],[-125.66852859995667,49.20154609419735],[-125.6686387928328,49.19390519408082],[-125.6726365988958,49.192930994944014],[-125.67285929564699,49.189669587519006],[-125.67056629399167,49.189938793489226],[-125.66814479187956,49.188041715147776],[-125.66784581323513,49.18552939692391],[-125.67163190186565,49.183202291527955],[-125.66915401334089,49.17719489020596],[-125.67252399700283,49.17377109862288],[-125.67195248586538,49.169772004205754],[-125.66624349060066,49.168742288436185],[-125.66415681095215,49.171264493050124],[-125.65972020593235,49.173994682409564],[-125.65679629757847,49.171443997967344],[-125.65457858893818,49.1758946010327],[-125.65680439403053,49.180557493633195],[-125.65604868551871,49.18845619950724],[-125.6543856801858,49.190734896059745],[-125.65521950764321,49.19680629535352],[-125.65672559859873,49.20058619769889],[-125.65283679262656,49.20361690572949],[-125.64210922050754,49.20763310344115],[-125.63391470443767,49.20900749433591],[-125.63297578057787,49.21046019806023],[-125.62883168892789,49.21180470184157],[-125.62497839713781,49.21162241295418],[-125.62107670097538,49.21448219674213],[-125.61996518556653,49.216819297586966],[-125.61726448485607,49.21717820231394],[-125.61545850419094,49.21495070434294],[-125.61109179968604,49.21286429618395],[-125.60903358781209,49.21917209987606],[-125.60705108985371,49.21936151055697],[-125.60413271364365,49.224168201608116],[-125.60141750314406,49.22506551123252],[-125.60102589430672,49.22779140010694],[-125.60275289893734,49.23060419945198],[-125.60054640707313,49.2325354031723],[-125.59557079670883,49.233546603075986],[-125.59320749770941,49.23090049040285],[-125.59456919050413,49.22908031015004],[-125.59759460214356,49.22236368958803],[-125.60030719565476,49.21827199190377],[-125.59810859871456,49.215639994685894],[-125.59838880098988,49.21394240721578],[-125.60261590167153,49.21101280887883],[-125.60014399595676,49.20550960178672],[-125.6017867877744,49.20357410047289],[-125.60716808400747,49.203290694564714],[-125.61289129685134,49.20167710949062],[-125.61663188596361,49.20233789710897],[-125.61853959853487,49.200244307248596],[-125.62166190828924,49.200623199558315],[-125.63389579736405,49.19857229652446],[-125.64133270166207,49.19358049885434],[-125.64057040072636,49.19009690917504],[-125.63568578280474,49.190676497782206],[-125.63290939028983,49.19007409618908],[-125.63106371145945,49.19202379977881],[-125.62736460057204,49.19163209460094],[-125.6276278991062,49.18833231014226],[-125.63041009763266,49.187981885685126],[-125.6304917111794,49.18590108732585],[-125.63689081928034,49.181050303446845],[-125.63509579479748,49.17931840939507],[-125.63737149415333,49.17693720648675],[-125.63732349136735,49.17084720307356],[-125.6387382169361,49.170887097709084],[-125.64024492192532,49.16413210491724],[-125.64498269621535,49.15932680604395],[-125.64988058122147,49.15728020239355],[-125.64930739761236,49.15478360776505],[-125.65250770626069,49.15355728790691],[-125.66251070319272,49.152121707324554],[-125.6645746042125,49.15046400142439],[-125.66954208508803,49.149710496315315],[-125.66939809877368,49.15162039055433],[-125.67330319518501,49.15460699257867],[-125.67724851422521,49.15582039644362],[-125.68088039906743,49.15268569305992],[-125.67754099180063,49.15081148994726],[-125.67759249763255,49.1489656851989],[-125.67514769114908,49.14786191081857],[-125.67570501052177,49.14573559830178],[-125.66705738907129,49.146879197859654],[-125.66375490037984,49.143842793915],[-125.66765370738302,49.13654659224948],[-125.67423101069365,49.13748369161519],[-125.67506869784566,49.140027312140084],[-125.67772658432355,49.13948899622861],[-125.684888393954,49.14083490889911],[-125.68724287926827,49.139474796870395],[-125.69011082383203,49.136223300980184],[-125.69802048947777,49.13390610628324],[-125.696891788375,49.13207879193276],[-125.69879530508977,49.13000088575768],[-125.70317790194034,49.13070020332622],[-125.70878379854737,49.129398492937305],[-125.70827160336036,49.12627950020153],[-125.71315361124105,49.12706420959264],[-125.72377890039662,49.12185728944697],[-125.72384851125507,49.11960559348199],[-125.71935130248237,49.116338496096205],[-125.71858678784255,49.114394390104124],[-125.72147560437844,49.11105181217279],[-125.7307311773986,49.11165279294035],[-125.73590209485486,49.11024290783069],[-125.74211319531456,49.10952930035898],[-125.75675768779965,49.10944959078133],[-125.75777401400194,49.10776049005945],[-125.75190820039904,49.10454459814055],[-125.7456274095974,49.1037142939552],[-125.74252648883406,49.10215048940922],[-125.74172360994933,49.10022638889902],[-125.73559160873428,49.09986748794754],[-125.7341390996393,49.0976257977873],[-125.72832570444646,49.09704469989797],[-125.7257791231215,49.09307399971679],[-125.72704369679893,49.089157391339974],[-125.73149360684687,49.08786430305266],[-125.73793018580989,49.08508420062171],[-125.73921880990059,49.08037580203543],[-125.7332531971079,49.0782408953438],[-125.74094399498635,49.07814830050715],[-125.74649340155064,49.07594650858772],[-125.74224438210129,49.08308319598733],[-125.74297260168476,49.08511841042959],[-125.74587239209573,49.08677619753526],[-125.7468255880509,49.09089209960944],[-125.75216929482268,49.09165550573648],[-125.75822177730953,49.09433589455638],[-125.76132399801857,49.098661188079824],[-125.76474078776009,49.09850739353613],[-125.76873232016602,49.101281700275926],[-125.7732297779751,49.09837489761566],[-125.7807861865368,49.100703491981456],[-125.78487450561636,49.1066781092631],[-125.7849777070589,49.10973438412403],[-125.79353670905301,49.1120743955869],[-125.80464849687601,49.11760741466537],[-125.8076327959412,49.11998159117374],[-125.81256428152969,49.11920540359687],[-125.82349520135566,49.12027778753379],[-125.82728020161777,49.12028498871949],[-125.83100449185676,49.12264908813553],[-125.83534191056022,49.12223759951085],[-125.83512400258049,49.11962409524547],[-125.83706470778142,49.11811020894587],[-125.8301240914204,49.11223389405377],[-125.82413571336417,49.11055480002412],[-125.8238212153323,49.10669370256536],[-125.81941667356672,49.105397694465566],[-125.81857619894133,49.102656105841305],[-125.82236160822704,49.10080028979935],[-125.82464449866497,49.10260770593941],[-125.82867788765148,49.09980910591279],[-125.83558290248193,49.09836209352946],[-125.83882119730072,49.09891178852997],[-125.83307041592911,49.10259770602339],[-125.83450380583915,49.10588331173478],[-125.83747620970743,49.10728618743871],[-125.83722941641595,49.10872180381626],[-125.84303660536764,49.113220900640414],[-125.85178992132637,49.11290609930119],[-125.85608520636747,49.11373639126054],[-125.85764829872817,49.11301291296007],[-125.85558129308757,49.10973580220194],[-125.8576596914738,49.10819058969787],[-125.85710118491302,49.106351895697806],[-125.849536203514,49.10252509804772],[-125.84856611369067,49.100885789308016],[-125.85085119587185,49.09820119975489],[-125.84825202266913,49.09659179989329],[-125.84836675302887,49.09377754831401],[-125.85543494729886,49.093918663023416],[-125.8589438510979,49.095517995632285],[-125.85897070328407,49.09742353724295],[-125.8735395382385,49.09817028986419],[-125.87394290720248,49.096405186640006],[-125.87960240186857,49.09617450094778],[-125.8880635003885,49.096556184545015],[-125.8889853028395,49.09377049605845],[-125.88356058129037,49.09189190010533],[-125.88320829211628,49.08959749030875],[-125.87972468549353,49.08858630743322],[-125.87670639026776,49.0894537092131],[-125.87405249748608,49.08715360046958],[-125.86855797891323,49.08496879460112],[-125.86785681669087,49.081836994967446],[-125.86468159014768,49.08260038806215],[-125.86337460667423,49.08035578807295],[-125.86103112162117,49.08009949893182],[-125.8581918234623,49.07763270286136],[-125.85339578985172,49.07855280355423],[-125.85102318164257,49.07636090113952],[-125.84430398926095,49.076446412089474],[-125.83958350894329,49.073377194519885],[-125.83465619002911,49.071510107630715],[-125.83242139336835,49.071961506929384],[-125.82805739359546,49.0701157873632],[-125.82742017689242,49.066109497709874],[-125.82303088502773,49.06646119307072],[-125.82137509993346,49.06406291195908],[-125.81632160408742,49.063799406528666],[-125.81665140682372,49.06623908717362],[-125.81510960727908,49.06874990097967],[-125.81041168050542,49.06993629367009],[-125.80383680437527,49.06941219642735],[-125.79607170842263,49.06601119593611],[-125.7910577985729,49.065700690154856],[-125.78846458063249,49.063648395414766],[-125.78501397856282,49.06536030030104],[-125.78356211405469,49.069022005323546],[-125.78415244525698,49.0747946288515],[-125.78137491075634,49.072668917761774],[-125.77775649722847,49.07196492304522],[-125.76956500480262,49.07267790076172],[-125.76174591339141,49.07192169290004],[-125.74947999326348,49.0685348955248],[-125.73968889842614,49.064305010657094],[-125.72542459672619,49.056095802704355],[-125.72243509952668,49.05198269884915],[-125.71949770270655,49.05183598615363],[-125.71195101297263,49.045724694040835],[-125.70416609844219,49.042245405429554],[-125.7004185000988,49.042037505623064],[-125.69447912082916,49.03899110346913],[-125.69424568922071,49.0369273960867],[-125.67951390144106,49.02433308989562],[-125.67586418604074,49.02082810657329],[-125.6738333208461,49.01662819865156],[-125.67403029930823,49.01365441011503],[-125.67643287898876,49.01077319563777],[-125.6762413019178,49.00692789827661],[-125.67309722049794,49.00391419747937],[-125.67459401412692,49.00275490766199],[-125.67121410242507,48.99962170831324],[-125.6689364812429,48.995391792001186],[-125.66657389788135,48.994951696129654],[-125.66308988607761,48.997021108021414],[-125.65927698936686,48.997576510115145],[-125.65818709787725,49.000723985236135],[-125.65389780629653,49.003395795084835],[-125.65001639578391,49.00395271146621],[-125.64245138800301,49.00389290288398],[-125.63331201761014,48.99965729999981],[-125.62633390680848,48.994363498213595],[-125.61687310078173,48.98918930005133],[-125.61289469522664,48.98654460808525],[-125.61035709451663,48.98194149436443],[-125.61290529296635,48.97734990537149],[-125.61739169026836,48.97585301119652],[-125.61676281183279,48.973510198753516],[-125.60973911112401,48.9721942076427],[-125.6071856747814,48.970408296075824],[-125.60338349170092,48.96353930763691],[-125.60112749645062,48.96166509712885],[-125.59966560009005,48.957469287366564],[-125.59503059222047,48.9587508875246],[-125.58991460108693,48.96179698608727],[-125.5902823920255,48.96358200328174],[-125.5904066798195,48.96573830085562],[-125.58853121131767,48.96802129730249],[-125.58473121632143,48.969051000184926],[-125.58472671773947,48.97215439375812],[-125.58621098415682,48.97602679331574],[-125.58306189315094,48.9759171089791],[-125.58147359867142,48.97744669739394],[-125.57711321519733,48.97873139732945],[-125.57680899166692,48.9806942123509],[-125.57357466555524,48.980682402397136],[-125.57378639781737,48.9743874883806]]],[[[-126.06300981200967,49.274065408420256],[-126.06225231842207,49.27338890172497],[-126.06146391611094,49.27300859485521],[-126.06008010662067,49.27246030289331],[-126.05911432047593,49.2681092991844],[-126.06468560580257,49.26943808886173],[-126.06840198455771,49.269379705568],[-126.07315359791555,49.26736730144655],[-126.07605829161898,49.27010468861715],[-126.07795800344577,49.27586560141224],[-126.07356910624084,49.27452259837366],[-126.07148140665308,49.27958849569682],[-126.07169558640365,49.28246400614006],[-126.07369312441041,49.29032420084887],[-126.07512349571331,49.29218559488925],[-126.07618458892613,49.300498696784956],[-126.0755241906592,49.30284009779917],[-126.08131159241394,49.30872641084571],[-126.08159709668836,49.312736910154086],[-126.08055670199569,49.31544579300854],[-126.07741920242123,49.31821868718594],[-126.07618460532385,49.32094039735957],[-126.07627289071272,49.324550801080775],[-126.0749920756496,49.32575989357981],[-126.07596349615059,49.33049831036693],[-126.07957038375885,49.33350479420573],[-126.07998970727702,49.33759079214903],[-126.08265879119587,49.34039371021051],[-126.08344150945808,49.3446235985394],[-126.0810741179742,49.346695801317516],[-126.08362951655273,49.353795502441024],[-126.08454809387958,49.35479100316339],[-126.08304128593566,49.35859509651519],[-126.07998751993065,49.35971450414361],[-126.08263399761952,49.36222819515364],[-126.08160749154624,49.3658543039607],[-126.0851329186552,49.371440003684384],[-126.08886940289055,49.372785896410534],[-126.09401098527331,49.37251959794575],[-126.09650608207474,49.37552319592181],[-126.09415519522358,49.37778628857555],[-126.10255350122536,49.38211728939072],[-126.10150759468691,49.38445728658862],[-126.09928159666251,49.38477910256176],[-126.09886090285343,49.38890649055678],[-126.10291650890991,49.390240993235004],[-126.1056102059918,49.39294558832654],[-126.11680529368618,49.39640919384301],[-126.12768299317094,49.39827348946807],[-126.12960832195536,49.396692703436564],[-126.12909190203588,49.39373740862942],[-126.13682330248996,49.39589940645057],[-126.14401272005696,49.393855598506825],[-126.15185478651046,49.392924208214],[-126.15491879549697,49.38999601474307],[-126.15462069766751,49.388449295572315],[-126.16409732550319,49.38833110356041],[-126.16758181785616,49.38523210538326],[-126.17068059449183,49.383608407227435],[-126.17451779729494,49.38301880256273],[-126.18121909846379,49.378377288278955],[-126.18096068799726,49.37591489258076],[-126.18517839251284,49.37421010036423],[-126.19020029821986,49.37360339008907],[-126.19355239134087,49.374234289787694],[-126.192879721224,49.37805830062412],[-126.1905073134356,49.37979159657167],[-126.19474977629105,49.38272829744976],[-126.19847140018062,49.383943093597516],[-126.2026764171511,49.38825560346332],[-126.20420399402785,49.3907308884655],[-126.20800569907844,49.39101148594961],[-126.21368650324767,49.39390119803056],[-126.22277149130534,49.39239298987537],[-126.22242299737255,49.38978520813236],[-126.22528300004751,49.38988918413799],[-126.22850540678253,49.394096303102856],[-126.23376498675565,49.38832970361585],[-126.22988928865426,49.38444869583464],[-126.2296762006157,49.38040401175933],[-126.23294737933632,49.37736039610113],[-126.23121839741336,49.37527679966912],[-126.22533312158473,49.37626950488343],[-126.22609380779896,49.37402068829954],[-126.23232898231136,49.373657499559855],[-126.23096828893522,49.370917299968184],[-126.23257498829827,49.36877819072634],[-126.22739610424419,49.36609068671568],[-126.22638810010714,49.36317820288153],[-126.22919199420103,49.36008760451243],[-126.23323300078289,49.36025710791513],[-126.23446441479575,49.358451206885356],[-126.22871071338959,49.35542480623222],[-126.23588179241523,49.348867688917636],[-126.23464260274119,49.34520320665969],[-126.23214879225361,49.3442617972721],[-126.23579779688154,49.34204571219607],[-126.234691904491,49.34014731212761],[-126.23685978752758,49.33856210151835],[-126.23572078958337,49.334819311511],[-126.24017521920109,49.3331900017407],[-126.2394065979982,49.331191785812685],[-126.23527551610309,49.329491292763024],[-126.23184880286263,49.326296793599845],[-126.23196399567634,49.323753189175555],[-126.23501539455536,49.32356521566041],[-126.2378779063905,49.32134910402115],[-126.23765071441528,49.32000330485425],[-126.23346519384073,49.31783421456297],[-126.23596260174908,49.3159954903035],[-126.232291712481,49.314971499431714],[-126.22987989181729,49.312826696414234],[-126.22446429377084,49.311724304225606],[-126.22191900803196,49.309278997787345],[-126.22322359396819,49.30783480577651],[-126.22020310319391,49.30358778853335],[-126.21989030019559,49.301071197178196],[-126.21593290627837,49.29929238973335],[-126.21846500398566,49.29510811103082],[-126.22187868954612,49.29261709204871],[-126.22493440473062,49.29161019983356],[-126.22863550535538,49.28814509036901],[-126.23067270275706,49.283480802849326],[-126.227445687077,49.28287270746002],[-126.21692190114928,49.28293391144663],[-126.21419689463752,49.28176179132395],[-126.21427260736132,49.278974602566564],[-126.20859699400168,49.27351990311995],[-126.20543349664744,49.27282351023636],[-126.19896211289145,49.26838419611821],[-126.19537939742385,49.26729749647746],[-126.1924626000494,49.264933388856555],[-126.19007849197145,49.26575660796824],[-126.18878889698098,49.262315701189756],[-126.18428518269693,49.26415860072716],[-126.1813871215618,49.2662650042709],[-126.17479629861299,49.26758811182734],[-126.17348600945832,49.270560399515084],[-126.16884369827935,49.27406400554126],[-126.15826078121583,49.2718337029585],[-126.15103220421489,49.27511929404825],[-126.14755327594455,49.27510509489457],[-126.14710049655481,49.272718100593124],[-126.14390129750755,49.273566905188375],[-126.14056112026236,49.27286339921681],[-126.13414430610797,49.2677917003947],[-126.13254130398664,49.26510709322426],[-126.13211850711494,49.26195678633549],[-126.13664790315235,49.2575701939836],[-126.13575949566847,49.25629699272497],[-126.13194411074322,49.25570728716545],[-126.12989348334635,49.25763570551968],[-126.12631110909606,49.258024507788534],[-126.11455858921991,49.25756879857825],[-126.10854959539788,49.25596940983646],[-126.10368248683173,49.25270790515422],[-126.1009294187389,49.25182920152217],[-126.0990196908279,49.24899219938676],[-126.09613601385422,49.24968440014838],[-126.0930217002671,49.25213399276195],[-126.09071790663164,49.25158989169865],[-126.08359230643133,49.24772180529418],[-126.08060211432377,49.24949070362917],[-126.08504367968605,49.25179789993739],[-126.0814029784686,49.256887994327215],[-126.07358319069651,49.25920951057151],[-126.06742161349338,49.258540098104845],[-126.06557119127282,49.261003999036575],[-126.06089781019178,49.26169470667259],[-126.05477219269564,49.260702006116155],[-126.05528880971465,49.26492480698853],[-126.04701448761693,49.270426507728246],[-126.04943698913749,49.273628191525646],[-126.062296300705,49.27342818290105],[-126.06300981200967,49.274065408420256]]],[[[-125.90197019245868,49.1763618145772],[-125.89588569260484,49.1731857896539],[-125.89252557864825,49.173926394557895],[-125.89133721980699,49.180857999555464],[-125.89183878222566,49.18756600270151],[-125.89329999266263,49.18956279445211],[-125.89089069486002,49.19084600628223],[-125.8895836202586,49.19340669859453],[-125.88475891336238,49.19256499647708],[-125.88213999540409,49.19452040568253],[-125.88400018434587,49.19816219855803],[-125.88854310335965,49.204741989989344],[-125.88924189646832,49.20682989503527],[-125.88787390464549,49.208825209705736],[-125.89132978439972,49.21204109362559],[-125.89114770026036,49.21337699552696],[-125.88681458816387,49.21419588886353],[-125.88396872161906,49.211793299188855],[-125.8805013189097,49.21286999558898],[-125.87935898295453,49.216128497928544],[-125.87331938051665,49.21453339771675],[-125.87108990494349,49.21136739231319],[-125.8664787136957,49.20879240705314],[-125.86200279329526,49.211423000336225],[-125.85903808545189,49.21097429470775],[-125.85475559514931,49.21650600265378],[-125.8540609094173,49.21896981019456],[-125.85623608851304,49.22000380055145],[-125.85966431854968,49.21919909441215],[-125.86350870068152,49.22133548558914],[-125.85862551391766,49.22549699552592],[-125.85583387726756,49.223504495819114],[-125.84995601729355,49.22499140581267],[-125.84957330926576,49.22809479651],[-125.84585140809175,49.22909600705907],[-125.84620890474748,49.225965603134945],[-125.84184230105768,49.223598506533506],[-125.83972369848055,49.2207002873975],[-125.83999259358755,49.21364898939789],[-125.83837739228237,49.21157390117804],[-125.84100620892684,49.210007297058695],[-125.84675049431148,49.210548512488],[-125.85342980858007,49.20397008516495],[-125.85048409831083,49.20336759240872],[-125.85259539512276,49.200678692136705],[-125.85671600710666,49.200000795630764],[-125.8599158988101,49.19809518835049],[-125.86127610381764,49.19597459353898],[-125.86134528389769,49.19195970640352],[-125.85945678972385,49.18921811243863],[-125.86210590123748,49.18539130241008],[-125.86723160279243,49.1810089946301],[-125.86491319411476,49.17980691358152],[-125.8645289174416,49.176505595044354],[-125.86561698995295,49.172762806422185],[-125.86442530841245,49.171388392878484],[-125.86468331539774,49.167756699886134],[-125.8627677187226,49.165015101985446],[-125.86226547412807,49.16153719519076],[-125.85995609602205,49.160253995551344],[-125.86220860771202,49.157696108350805],[-125.87059369306992,49.159413707323736],[-125.87515817607421,49.157913996453715],[-125.87497531174002,49.15358300390436],[-125.87227468803944,49.150294499145836],[-125.86587488193842,49.150623501516044],[-125.86357810001509,49.14886310630456],[-125.85881400242297,49.149242011655886],[-125.85551050005441,49.14735351269721],[-125.85586578975543,49.143764506841194],[-125.85737011997166,49.139642796215405],[-125.85343411438559,49.13677160476678],[-125.85307951128179,49.13416100003178],[-125.84807961636935,49.13355569350365],[-125.84347500257033,49.13407421115901],[-125.83765060259654,49.1319605955944],[-125.83453729996589,49.12953519486016],[-125.82794640069038,49.129112211866946],[-125.82345739658389,49.12804401329097],[-125.81876751167204,49.1244065938471],[-125.81503559286206,49.12481249080123],[-125.81593669695754,49.12716531266282],[-125.81467891912064,49.12990409803529],[-125.80985301357472,49.1279799960013],[-125.80721009716233,49.1255786909966],[-125.80483358172657,49.12526829341912],[-125.79977748916124,49.1218914972221],[-125.7962360058647,49.12082468185403],[-125.79215509298326,49.12259791246353],[-125.79234510564584,49.125273998977896],[-125.79068349306112,49.1295879052833],[-125.79121478299916,49.13148210142499],[-125.79900960560113,49.140155493579186],[-125.80355479272805,49.14145730210783],[-125.80673829466967,49.139563111573864],[-125.81209948659742,49.139073106720986],[-125.81523251644782,49.13775430039921],[-125.81878589649385,49.13920561432229],[-125.81169551926125,49.14137610020228],[-125.8083748985699,49.143283101897865],[-125.80812869938401,49.14597059553024],[-125.80322910562285,49.149553900039756],[-125.79735690188143,49.1500111087476],[-125.79424348595629,49.1490070082799],[-125.79236291983439,49.14997970136494],[-125.79241921060876,49.15436770614302],[-125.79387369340665,49.155115388596634],[-125.7989817937133,49.15231121000134],[-125.79416330529895,49.162962785585975],[-125.79325160697007,49.167214089993706],[-125.79506108017094,49.172550591900155],[-125.79391750245314,49.17440490599035],[-125.79377920233128,49.17950929348749],[-125.79653758723151,49.183410202532784],[-125.79688512030218,49.18639679771533],[-125.79392719887768,49.18727829525139],[-125.79422980488897,49.18923240550646],[-125.79767381751822,49.191155005749415],[-125.79838457661698,49.19377419423434],[-125.79667219355447,49.19578658840935],[-125.79794859956706,49.1989397890929],[-125.79350719976394,49.19906509330054],[-125.79149020132527,49.202226793507435],[-125.79473769983916,49.20506388455757],[-125.79469019025517,49.2071076025944],[-125.80068411701075,49.20724009445083],[-125.80124329655307,49.20935930941658],[-125.79880297436453,49.20991329566792],[-125.79829762150653,49.21215640072606],[-125.80373009535354,49.21887158595057],[-125.80436131486798,49.22367830424046],[-125.80353218554484,49.2253175059788],[-125.79900838935893,49.22668759500872],[-125.79127111763344,49.22443740583464],[-125.79112869414045,49.22019321238034],[-125.78837719812861,49.21572550480534],[-125.79024172561914,49.21273040392014],[-125.7871516102075,49.20955720237341],[-125.78895738590235,49.2079834931298],[-125.78691030417278,49.20624309884602],[-125.78782538640489,49.202729590754785],[-125.78448210966793,49.20066878691215],[-125.77818428806629,49.20097350934033],[-125.7781693879169,49.196088506622196],[-125.7753757199094,49.195948900829606],[-125.77087890449612,49.19361039067959],[-125.76719311150259,49.196443106521606],[-125.76999500462513,49.20014470318215],[-125.76718059950133,49.20211150403739],[-125.76825190628693,49.20899471152589],[-125.77113239615456,49.2138555147903],[-125.7696894065555,49.21774079636666],[-125.77100971817048,49.22320689717968],[-125.77273721137986,49.22314710104857],[-125.77499660009622,49.22912019468558],[-125.78108999280823,49.23368760149904],[-125.78389349388107,49.233926902306074],[-125.78690020184021,49.23265789150214],[-125.78918341345062,49.23393399098436],[-125.7925769964649,49.23029799948343],[-125.79402619886187,49.23405931334513],[-125.79804740897272,49.23545510214539],[-125.8034414973878,49.235586086076935],[-125.80926649547648,49.23656881432487],[-125.81563997892442,49.23603609879739],[-125.81970948471928,49.23656599057543],[-125.82135890852105,49.23803719342261],[-125.83189400421769,49.23844450753825],[-125.83345200171627,49.23759709050262],[-125.83781190711143,49.2398202911284],[-125.84117451938704,49.239746198018764],[-125.84814799912806,49.24129290718371],[-125.85174901724893,49.24106930125626],[-125.85955941477951,49.24258469591426],[-125.86429469242185,49.24276410199217],[-125.86715230967434,49.241560709032576],[-125.87204889956897,49.242121790434425],[-125.87663558920062,49.24181840978581],[-125.87894289831254,49.24084428812524],[-125.88273009606185,49.241955210157855],[-125.89172269675605,49.24156778763959],[-125.89945309948338,49.23702029130472],[-125.89889079773835,49.23468600066362],[-125.89460880183799,49.23404648379445],[-125.89770621944503,49.23206120011775],[-125.89699798381076,49.22982089233951],[-125.89835780064571,49.227698784314434],[-125.89784101224451,49.2249856942687],[-125.8998345964322,49.22453989558236],[-125.90516912266835,49.226268900605],[-125.91397382430799,49.22485900208939],[-125.9180608875337,49.22335210732875],[-125.92083590675855,49.224028598107786],[-125.93064231600971,49.224491500256015],[-125.93061257339897,49.22236799487705],[-125.92846651930982,49.21788890420029],[-125.93164120638538,49.21535240566594],[-125.93093108540455,49.211042690600024],[-125.93156880583868,49.209506001498184],[-125.92981700164734,49.20451128421734],[-125.92276541333213,49.19785310516987],[-125.92090659738234,49.19215061002597],[-125.91383521058086,49.186993491992375],[-125.91919230187776,49.18425901175954],[-125.9228327070508,49.18339308407827],[-125.92350679570713,49.18016439076383],[-125.92609429535335,49.17840689809351],[-125.92236839853078,49.17527080530275],[-125.91842138263057,49.17349059333953],[-125.91663730008018,49.17348200534818],[-125.91829716611733,49.17348999989365],[-125.91864129963031,49.17938104826625],[-125.90199168762047,49.179109819995425],[-125.90197019245868,49.1763618145772]]],[[[-126.01150469157,49.21643900944993],[-126.0175854857596,49.21650739967045],[-126.02225639504778,49.21146279992671],[-126.0255431068028,49.212303094959516],[-126.02666370370308,49.208724087020485],[-126.02916550885534,49.207079100449654],[-126.03659639679816,49.20658628968626],[-126.03874060656733,49.20516638340346],[-126.03464400073928,49.20340610234868],[-126.03753292266421,49.20170700350944],[-126.03437520927308,49.20010618939428],[-126.03377370940603,49.19639330089981],[-126.03630479825274,49.19284981416143],[-126.03512779976313,49.19120058887164],[-126.0299106044989,49.189131211636884],[-126.03078709190122,49.18666170462177],[-126.01577218832166,49.18800180805816],[-126.00976769008524,49.183330408291965],[-126.01024459135625,49.18088649368732],[-126.00870220625517,49.17982120445268],[-126.00721480169312,49.17627348586224],[-126.0070696872584,49.17298500257183],[-126.00827321445988,49.16940879386594],[-126.01050610801857,49.16698339455893],[-126.01373741410004,49.16527719744841],[-126.01756571408644,49.1664022999677],[-126.02211218647473,49.16564600458038],[-126.0191482866648,49.16312230522958],[-126.01822131190444,49.15938230096618],[-126.01254598547538,49.158839707891865],[-126.00889578516761,49.160221195552886],[-126.00018088821706,49.15984240280154],[-125.99690979237285,49.15640010421511],[-125.9882133119157,49.152792493595214],[-125.98673358730278,49.15074309289193],[-125.98372460455342,49.149300385752795],[-125.97810331142999,49.15093959181321],[-125.97718780901657,49.149613707423576],[-125.97247621872638,49.15157910355154],[-125.9698662144133,49.14944279139898],[-125.96513918644878,49.15202919134584],[-125.96206059432285,49.15078579740106],[-125.96182120375806,49.1564157101223],[-125.96598230355308,49.15994349732614],[-125.96244960940912,49.16234610305327],[-125.96578639732184,49.16562470048749],[-125.9652430235795,49.16893170093333],[-125.968831103304,49.17110640985782],[-125.96623241829954,49.173557494303836],[-125.95999969848624,49.17602991069005],[-125.95574202295626,49.18034100149623],[-125.95614428628586,49.1822736932292],[-125.95893318809709,49.1827521981077],[-125.9605026878736,49.18607630418637],[-125.95301079406387,49.18633119763456],[-125.95128820611374,49.18277640001675],[-125.94809550154072,49.184018310480596],[-125.94623131958934,49.18286899723599],[-125.94249980199183,49.185906793463964],[-125.93970478598114,49.18531289487667],[-125.93174740819487,49.186307002878216],[-125.93261720172953,49.18893900866369],[-125.93514991011438,49.191617908323366],[-125.93890541681321,49.1940604048714],[-125.94396339947001,49.193472206806305],[-125.94870067934048,49.19831739379635],[-125.95257650726286,49.1999994090329],[-125.95117591208317,49.20253729156883],[-125.95245939240348,49.20748789941399],[-125.95961181887522,49.207908001338026],[-125.96311430779748,49.207259992778575],[-125.96405938208687,49.2092866017555],[-125.97111557953038,49.21059979445574],[-125.97688381736246,49.20788669350173],[-125.9835722118469,49.20972960739214],[-125.98755629342755,49.20906871057714],[-125.99444449025181,49.21147139228458],[-126.00012759627806,49.211969913908305],[-126.00265351104585,49.213834087413275],[-126.00873268553113,49.214811207215],[-126.01150469157,49.21643900944993]]],[[[-125.138970222895,49.042966004239915],[-125.13907190517469,49.03993248547329],[-125.14174968243546,49.03728200022493],[-125.14433091824831,49.036505795895785],[-125.14542931624698,49.03216629304097],[-125.15128571007178,49.02674149325752],[-125.14754170555727,49.02272658628539],[-125.14972329299071,49.019725814449934],[-125.15385219587486,49.01838989955138],[-125.16188361341996,49.013084689512],[-125.16493449814072,49.0115508000626],[-125.16685429972364,49.00757439982762],[-125.1734809191714,49.00491259610721],[-125.18010197957541,48.99966010103969],[-125.18179730445708,48.99715350759843],[-125.18439790369821,48.99595290270633],[-125.18583560040116,48.99066340868909],[-125.18096389277184,48.99026031153482],[-125.17857881498668,48.988569792420904],[-125.17467831893234,48.9900011017869],[-125.16667931412779,48.98901840238871],[-125.16560520093859,48.98602470148026],[-125.16239160155804,48.98502350108626],[-125.16100022286372,48.98857550243898],[-125.1602822187221,48.99410430004522],[-125.15874842071648,48.99655389902997],[-125.15472270686115,48.997042393116544],[-125.15691961589579,48.99950199703172],[-125.15906001825081,48.99966010611014],[-125.16038348445753,49.00306260444835],[-125.15251830544837,49.00650339225645],[-125.15198551603987,49.00939170567444],[-125.15001150402651,49.01054390789891],[-125.14502950507902,49.01073620603476],[-125.14129309115134,49.00845749193787],[-125.14303260189095,49.005636102774],[-125.14672371373682,49.003398694024774],[-125.15062168686927,49.00310099601241],[-125.15246029946063,49.00037790265933],[-125.1468503909185,48.99744969700962],[-125.1440072151224,48.999356808002794],[-125.1454096220918,49.00180350151543],[-125.1395036986332,49.00053739035504],[-125.1316162900173,48.99672480733843],[-125.13077819673234,48.99537320529997],[-125.13265809552438,48.99168601224341],[-125.12753280634749,48.99077310305864],[-125.12535200633843,48.988680894692],[-125.12618539316438,48.98477001291582],[-125.12617242462204,48.98032650184982],[-125.12047602057325,48.98035920064755],[-125.11767718076601,48.978503492116424],[-125.1183365110449,48.97635859710197],[-125.11520871417903,48.97607380430424],[-125.11000879708638,48.97330940766631],[-125.10767905704705,48.97343532002744],[-125.10879505371676,48.981804323510595],[-125.11457899746844,49.016694278634155],[-125.12010882734387,49.02615852647355],[-125.12586807881162,49.033299743113886],[-125.13185634247321,49.03811629405226],[-125.138970222895,49.042966004239915]]],[[[-126.11066528767287,49.416715609727085],[-126.1138853973685,49.41495959533676],[-126.11447601668,49.413355895735144],[-126.1177740784319,49.411908896687],[-126.11704059204826,49.41003610016938],[-126.124709903803,49.409751186575335],[-126.12400830133467,49.407862711307935],[-126.12582960874474,49.40594569860405],[-126.12205960146188,49.40393618420636],[-126.11662148927734,49.402613095270176],[-126.11521668624127,49.39883470482814],[-126.11277461449244,49.39887310091289],[-126.11102672599904,49.39694900372642],[-126.10438550120331,49.39690909554747],[-126.10062571309811,49.395662992735815],[-126.09944908386731,49.39341980095666],[-126.09559560198524,49.390759393387135],[-126.0926018029307,49.39054860790893],[-126.09002159620762,49.393875600573345],[-126.08627709878829,49.393331487711826],[-126.0849722929376,49.39439681484196],[-126.08507990423706,49.3981680952349],[-126.08704669766512,49.39966639393596],[-126.09233729812293,49.39737059956968],[-126.09198240599252,49.400331499782084],[-126.08881959004813,49.40137551189801],[-126.08558759323734,49.40078161485436],[-126.07698069030333,49.40316430272506],[-126.06819851303318,49.40666640247116],[-126.06705611160842,49.41033519805249],[-126.07732070148386,49.40976689971374],[-126.0800045156501,49.4123903051891],[-126.07666210511177,49.4134029085131],[-126.07239489839586,49.41330459746562],[-126.07367678363472,49.417251102037845],[-126.07935608752675,49.41772680498073],[-126.0845269101873,49.41962960318262],[-126.0868433077738,49.41892309030971],[-126.09637180625101,49.418705181830894],[-126.09951969985347,49.418172596954705],[-126.10601069818075,49.415905206040506],[-126.11066528767287,49.416715609727085]]],[[[-125.30138591394564,48.88001370552354],[-125.3055867974576,48.88119870014907],[-125.30508791985037,48.87715960436405],[-125.30608621960933,48.87516000444451],[-125.31682591460532,48.87469289827117],[-125.31909699541288,48.872794406245],[-125.31741217764193,48.86699789523217],[-125.3095828787962,48.863736394137035],[-125.30478739883002,48.86439868910363],[-125.29946560784971,48.866106283222294],[-125.29561061569268,48.86530159334824],[-125.29115189810548,48.865912604928226],[-125.28948818256109,48.86712459767212],[-125.29353248129122,48.872351497117464],[-125.2958222841496,48.87324160194043],[-125.29634729678705,48.877253586435096],[-125.30138591394564,48.88001370552354]]],[[[-126.05707989572946,49.32396399015849],[-126.05875467624357,49.32079509502273],[-126.05791031796713,49.31672469950193],[-126.0559464156001,49.31597270418297],[-126.05455158501827,49.31328239946399],[-126.05839449582548,49.3115990075136],[-126.0526186891382,49.30418310890911],[-126.048247190943,49.30412479916682],[-126.04434600716371,49.305150182834936],[-126.04211648686803,49.304724296504936],[-126.03893080176665,49.30689199414409],[-126.03263318320184,49.306360791039964],[-126.03365131795589,49.3100223936611],[-126.03688700821586,49.31274118743359],[-126.04131330087756,49.31421239517979],[-126.0418085928218,49.31582751566855],[-126.04521411640728,49.31685010074161],[-126.04879659095509,49.31977539187529],[-126.05131511476146,49.319776805379455],[-126.05385070363562,49.322279087589955],[-126.05707989572946,49.32396399015849]]],[[[-125.7772885182477,49.121498404391964],[-125.78145269767039,49.11923099219579],[-125.7815358051449,49.11582719088252],[-125.77644248450001,49.113215192903645],[-125.77080598779283,49.11365670594464],[-125.76267629483158,49.110405203981024],[-125.7543793918998,49.111773894064356],[-125.7509595169887,49.11411389700823],[-125.75375109364613,49.11605358800959],[-125.75264762179518,49.117383799288675],[-125.75926060188561,49.12048291008846],[-125.77215540636722,49.1223515105869],[-125.7772885182477,49.121498404391964]]],[[[-125.25890431198596,48.93833370722536],[-125.2651675106264,48.936402389211935],[-125.26478460349091,48.933387403395365],[-125.26948610012514,48.931963197470424],[-125.26497151194229,48.9296772982142],[-125.25777818125229,48.931852097879066],[-125.250647198326,48.92993941049366],[-125.24949260949745,48.92766779056566],[-125.25481441809393,48.92606120589949],[-125.2537086059148,48.92454450003042],[-125.25023361757057,48.92471109563224],[-125.24319660118907,48.92762930793649],[-125.23856639852762,48.928510901326824],[-125.24030321477491,48.93097760255688],[-125.24352651767748,48.93162559992716],[-125.25000430275558,48.93631271055689],[-125.25890431198596,48.93833370722536]]],[[[-125.94447948916232,49.14736629399453],[-125.94812860829892,49.147615484004206],[-125.94919269429057,49.1449607929662],[-125.95131809391462,49.144052190862936],[-125.94951910963978,49.14192148800384],[-125.95039967990587,49.13943340075279],[-125.94845552204762,49.13719740461139],[-125.94506538547171,49.13597120623452],[-125.94459947707932,49.134111194793284],[-125.94060550595574,49.129894103968766],[-125.93685659634005,49.13212159983832],[-125.9357047949849,49.1339772962471],[-125.93560669672621,49.1404132928578],[-125.93378040779855,49.14248409735735],[-125.93620220519345,49.14448229491714],[-125.94094778751798,49.14680090623101],[-125.94447948916232,49.14736629399453]]],[[[-125.74793039503186,49.140420404782965],[-125.74832019129717,49.136777309769464],[-125.7473578967337,49.13425361109255],[-125.74899922367574,49.1317128028906],[-125.74522479816932,49.128905702227854],[-125.73972620241722,49.12963920449045],[-125.73442500852305,49.12871339227131],[-125.73056499190302,49.131098999245296],[-125.73141092186735,49.13401150186277],[-125.73404511505883,49.138006400692355],[-125.73873969676782,49.13933519136639],[-125.73894758640324,49.140877608013675],[-125.74793039503186,49.140420404782965]]],[[[-125.20647989983792,48.95945610416432],[-125.21006882127155,48.957813999444],[-125.21378730928674,48.954152388475414],[-125.2158223885888,48.951098893966126],[-125.22027760950796,48.9505107101565],[-125.22432660653972,48.94878589350824],[-125.22716230023809,48.94622089756911],[-125.22407799347371,48.944121694253084],[-125.22180758894943,48.94527100944253],[-125.21681698411906,48.943298492158085],[-125.21172179941276,48.943584695245534],[-125.21011989092082,48.94477681329172],[-125.20679682040037,48.950211598136974],[-125.20605829529242,48.95514651563614],[-125.20382870389071,48.95852609965505],[-125.20647989983792,48.95945610416432]]],[[[-125.19183538764325,48.972286806441765],[-125.19650151708137,48.970838394558626],[-125.1958383179466,48.96757699562369],[-125.19901659091148,48.96462878858952],[-125.19910030450862,48.96126198863767],[-125.20245692240235,48.95992040262919],[-125.20283908966539,48.95621599588734],[-125.19907112057331,48.95687260451076],[-125.19754450031901,48.952943205154504],[-125.19360119582163,48.95272960900347],[-125.19246438558503,48.95671879584626],[-125.19485200399315,48.9575733068405],[-125.1914196017522,48.96184019237944],[-125.19230989953108,48.96346950290947],[-125.18871827965364,48.96785609431286],[-125.19007111125555,48.97191509660398],[-125.19183538764325,48.972286806441765]]],[[[-125.34432270261453,48.9062020834564],[-125.34922421167154,48.90624619111359],[-125.34803190392971,48.90119600538462],[-125.3416754198739,48.90210750498791],[-125.34154589105601,48.899051112999906],[-125.33582939856463,48.897907506274564],[-125.33777150352715,48.89563728638933],[-125.33844539886184,48.89283440820929],[-125.33333660750907,48.891273500265655],[-125.32869379887008,48.89294269104716],[-125.32976648965996,48.89694190279051],[-125.33217450335022,48.89881900154328],[-125.33070540561746,48.90009931148953],[-125.33437561884537,48.902724199465304],[-125.34432270261453,48.9062020834564]]],[[[-125.3279498033503,48.91363219272264],[-125.33022318038562,48.909699898214505],[-125.33408331494051,48.91019700563056],[-125.33227960380069,48.90725599205643],[-125.32776148890152,48.90839109583027],[-125.32583808168825,48.90489319832798],[-125.31564859044097,48.90647549241472],[-125.31072508407196,48.90835550014535],[-125.31253290571941,48.91290730045288],[-125.31544920615208,48.91426168415115],[-125.31882581561518,48.914382701267165],[-125.32497849776345,48.912558305704664],[-125.3279498033503,48.91363219272264]]],[[[-125.33399521642035,48.99757509742785],[-125.33838850979475,49.001794987797545],[-125.3437131968467,49.00334309637064],[-125.34691968230052,49.003502602014095],[-125.3486790948405,49.00220660863833],[-125.34939770959006,48.998324196810394],[-125.3464428083329,48.99449740953014],[-125.34182409778501,48.99397040613739],[-125.33886520164819,48.992698586373685],[-125.33257378166287,48.9934918970462],[-125.33399521642035,48.99757509742785]]],[[[-125.2534104061881,48.9176142892448],[-125.26060830094454,48.91709588556256],[-125.2604075134316,48.91085500275809],[-125.25910330268243,48.90914450990061],[-125.2537407068205,48.909474887731996],[-125.24536409890851,48.91262531112705],[-125.24332578272113,48.91619999655853],[-125.2534104061881,48.9176142892448]]],[[[-125.27422341824581,48.92593159767658],[-125.27475049580221,48.921594903014416],[-125.27588071287639,48.91976339389252],[-125.28129048494665,48.92105089134923],[-125.2830220994757,48.919172308947125],[-125.28623462378344,48.91900140066106],[-125.28929500059705,48.91667289248586],[-125.28547151539644,48.91571440057495],[-125.28004838685814,48.91715280361642],[-125.27595861297074,48.919051289923345],[-125.27313159922089,48.91905270217328],[-125.2708531995133,48.916957699103065],[-125.26721089431577,48.91578699552226],[-125.26289460485475,48.91786069722044],[-125.26629689203867,48.922174592562364],[-125.27422341824581,48.92593159767658]]],[[[-125.3526203889744,48.991285806466976],[-125.3552413095563,48.989729097213406],[-125.3559076035465,48.9870444897073],[-125.35161621672678,48.98328170037161],[-125.34896009846112,48.984676000082516],[-125.34152530222764,48.9849892980234],[-125.33848501779205,48.98922489794367],[-125.34599079266411,48.99126731247949],[-125.34735091010215,48.99229268945612],[-125.3526203889744,48.991285806466976]]],[[[-126.06395549083109,49.18771840777269],[-126.06460091795807,49.18586270215024],[-126.06794589674959,49.184760298768026],[-126.06828219432198,49.18184500325169],[-126.06445258187921,49.18209850306552],[-126.06463151491064,49.17930420033525],[-126.06012888686865,49.18070130102623],[-126.05396999343887,49.17835000964347],[-126.05410520798026,49.18161848739486],[-126.05147281266852,49.18201020220035],[-126.05699079826844,49.18848461100029],[-126.06018562591562,49.189718003401026],[-126.06395549083109,49.18771840777269]]],[[[-125.34078728519171,48.92427529888121],[-125.3437139964223,48.922362589404386],[-125.33586221022419,48.91760999196994],[-125.33333161174245,48.917211199994455],[-125.33008541483386,48.91903140627825],[-125.32555319212325,48.92021200461139],[-125.32623599493787,48.92404881111518],[-125.32924868154782,48.92395199503094],[-125.33476818964854,48.92550440652923],[-125.34078728519171,48.92427529888121]]],[[[-126.05740049067396,49.289126851855144],[-126.05673578702863,49.29119719635497],[-126.05933819406637,49.29416948684073],[-126.06480309480682,49.296162010990905],[-126.06589791204388,49.2992753019754],[-126.0697654970484,49.30042609730297],[-126.07063419228668,49.296912606927584],[-126.06700608902257,49.293374797640475],[-126.06839790463587,49.29077419148404],[-126.06603779852499,49.28812380985972],[-126.05740049067396,49.289126851855144]]],[[[-126.09575610878386,49.226166393963446],[-126.09200859435124,49.223336494124894],[-126.09251522066529,49.22055069792364],[-126.08677640871134,49.21979448556723],[-126.0853894929518,49.21860810572652],[-126.07962009596325,49.21749008644379],[-126.07742659700122,49.22064759856695],[-126.0807803900893,49.22343049968117],[-126.08389447537706,49.22489459591475],[-126.08634578621057,49.22431779491571],[-126.09428120876301,49.226723186211],[-126.09575610878386,49.226166393963446]]],[[[-125.88301770775837,49.20298169769826],[-125.88361861922101,49.20104190119119],[-125.88065380902016,49.197516999134656],[-125.87710409257302,49.19738030641079],[-125.87799669217874,49.19266189511166],[-125.87303419296244,49.19256928919537],[-125.87047380626115,49.19552169767128],[-125.8725813835862,49.198716203210296],[-125.87286750325288,49.20201180069544],[-125.87781360624564,49.2018080985869],[-125.88109368202912,49.203669602261556],[-125.88301770775837,49.20298169769826]]],[[[-125.94116910190519,49.15933680619077],[-125.93674850128869,49.15531910770717],[-125.93334029153702,49.15474940203305],[-125.93104600515856,49.15307168854929],[-125.92788150321203,49.15337650048317],[-125.92685850871058,49.1569469855876],[-125.92846729234365,49.15957030912213],[-125.92511058494118,49.16174230143201],[-125.9312396860296,49.16191889852598],[-125.93229779008395,49.15963439717884],[-125.94116910190519,49.15933680619077]]],[[[-125.28111631018263,48.926794693751646],[-125.28660521185003,48.928872605127964],[-125.29030419330846,48.92944660507504],[-125.29245340986311,48.92838700011569],[-125.2886461988056,48.92603421050662],[-125.28968210184355,48.923332497758565],[-125.28793450502482,48.922134694857114],[-125.28025859080073,48.922035012667465],[-125.28111631018263,48.926794693751646]]],[[[-125.97899310333817,49.30455061032321],[-125.9846967099311,49.30216218852115],[-125.985107898258,49.29938929356943],[-125.98127448762516,49.29834670331519],[-125.97275360635689,49.299186989618434],[-125.97247919157054,49.30170359706417],[-125.97690960716673,49.302390101330325],[-125.97899310333817,49.30455061032321]]],[[[-125.3477066079085,48.91725249383685],[-125.3488900134932,48.91569019639064],[-125.34607691631187,48.91421750309675],[-125.34004180799528,48.91242439539055],[-125.33188308163767,48.914848398021356],[-125.3395692966662,48.9174904092196],[-125.34156111066457,48.91687369539494],[-125.3477066079085,48.91725249383685]]],[[[-125.36223390005107,48.86347011261734],[-125.36564681848407,48.86411950285673],[-125.36505869403966,48.86063160300915],[-125.36301570397126,48.85832588471327],[-125.35947930196537,48.857948400716715],[-125.359770020009,48.86179239785226],[-125.353122710348,48.861956188801564],[-125.35142840253674,48.86450979432562],[-125.35935988826765,48.86469781042281],[-125.36223390005107,48.86347011261734]]],[[[-125.34922580983961,48.861738300879765],[-125.35095168993962,48.858976707717716],[-125.34781829414244,48.85640458987058],[-125.34383981510729,48.855883291753784],[-125.33762958184681,48.85399339162571],[-125.33888359750686,48.85632628671712],[-125.34288979127697,48.85772909975957],[-125.34189591188388,48.860412300763414],[-125.3451286830481,48.86245179255159],[-125.34922580983961,48.861738300879765]]],[[[-126.27045301262254,49.35746280257443],[-126.27539590856044,49.35549168599016],[-126.27859790670838,49.35288680561184],[-126.27879879480278,49.35149679572661],[-126.26840812303227,49.350891502100694],[-126.26800869199846,49.353869504992396],[-126.27045301262254,49.35746280257443]]],[[[-125.9054365142148,49.2436799042728],[-125.9104127804669,49.247684794189965],[-125.91223719269209,49.24412001597436],[-125.91012529657377,49.24094401092197],[-125.90695331295268,49.23840600122338],[-125.90370310315686,49.23990860187338],[-125.90321429617521,49.24165749094849],[-125.9054365142148,49.2436799042728]]],[[[-125.34098451717031,48.87738029405644],[-125.34611909290709,48.876943104476034],[-125.34997681037615,48.87395938677643],[-125.34505410776958,48.87252089548034],[-125.33917471812556,48.873674595940564],[-125.33630481885558,48.87501049877183],[-125.34098451717031,48.87738029405644]]],[[[-125.95755039258536,49.225837388246056],[-125.95899198708288,49.22606239431442],[-125.96258838387739,49.22257739131743],[-125.96042699741193,49.218593885377175],[-125.95648000269041,49.21781339161717],[-125.95485651673017,49.22027439495833],[-125.95755039258536,49.225837388246056]]],[[[-125.40973191132328,48.95515360878028],[-125.41382291473909,48.95217129508971],[-125.41097778685676,48.94841560596188],[-125.40689917828949,48.94966179643906],[-125.40569670638398,48.9533490871522],[-125.40973191132328,48.95515360878028]]],[[[-125.57661290751831,48.96798288349497],[-125.58190258271061,48.966954601825364],[-125.58072708896734,48.963778602890265],[-125.57760029115833,48.963821306667256],[-125.57288259230192,48.96162379208539],[-125.574431009477,48.9670328960315],[-125.57661290751831,48.96798288349497]]],[[[-125.36142419597918,48.97564939337136],[-125.36761528695862,48.97303029202147],[-125.3667701080832,48.970798492479595],[-125.36346138423733,48.96988559896163],[-125.35835811210481,48.971789789678084],[-125.35833041241051,48.97468660482306],[-125.36142419597918,48.97564939337136]]],[[[-125.3198612029713,48.9529303846213],[-125.32441670996133,48.950445093343525],[-125.32466698845738,48.94874889935242],[-125.319137011816,48.94938270757378],[-125.31635598902282,48.947162301401605],[-125.31188380473395,48.94880018399083],[-125.31270342492694,48.95059180401609],[-125.31760878471734,48.951177204022706],[-125.3198612029713,48.9529303846213]]],[[[-125.33271859893824,49.02675860630294],[-125.33885849578614,49.02696790462104],[-125.33645848737056,49.02218540347879],[-125.33317819428831,49.02137789875885],[-125.33082967917211,49.023504198259616],[-125.33271859893824,49.02675860630294]]],[[[-125.26860868872772,48.90990219918305],[-125.27279379835295,48.91189889994527],[-125.27466489483653,48.90983809731466],[-125.26942500300156,48.9086174924801],[-125.26963629315229,48.90546579107033],[-125.2637478989326,48.904716591528924],[-125.26269641651673,48.90680739471398],[-125.26774470545617,48.90802078622377],[-125.26860868872772,48.90990219918305]]],[[[-125.26868261045401,48.94195689567882],[-125.2738518984665,48.94301501012742],[-125.27277841604457,48.94012100034006],[-125.27041068724526,48.93972800284033],[-125.27069379444669,48.93690519796485],[-125.26752341465799,48.93687809437913],[-125.26460829443549,48.94004838851606],[-125.26868261045401,48.94195689567882]]],[[[-125.32705089258708,48.87692459260125],[-125.32921201019501,48.87411890004566],[-125.3246331144278,48.87216920251494],[-125.32061051903844,48.875409205954455],[-125.32231359871156,48.87657140865729],[-125.32705089258708,48.87692459260125]]],[[[-125.31651939724982,48.94095991147524],[-125.31915071278043,48.93908989290477],[-125.31396870822587,48.93717010979938],[-125.31381098270172,48.93464500400087],[-125.310465798219,48.934936898826784],[-125.30928450420126,48.93715579223389],[-125.31128118117739,48.93872670318888],[-125.31651939724982,48.94095991147524]]],[[[-125.38418110520848,48.88595118543242],[-125.38652339918872,48.88300600663416],[-125.3824326159172,48.880759993000794],[-125.37740911116916,48.880701606025724],[-125.37862988682453,48.88458109755331],[-125.38418110520848,48.88595118543242]]],[[[-126.06724361275565,49.273848907543545],[-126.0675632096108,49.276781385482955],[-126.07060639510041,49.27578729778202],[-126.07243940466459,49.272001709426796],[-126.07141630261516,49.270724203875126],[-126.06661959623183,49.27023431147638],[-126.06724361275565,49.273848907543545]]],[[[-125.32111068549895,49.03279580528632],[-125.323809489825,49.030807592413744],[-125.31632071604997,49.02806029528076],[-125.3136148785391,49.0301751925679],[-125.32111068549895,49.03279580528632]]],[[[-125.37695879423755,48.89188451421071],[-125.3819224069289,48.890414695568694],[-125.37676770743379,48.88701230336684],[-125.3747012026697,48.8877300996523],[-125.37483128724944,48.89078639394369],[-125.37695879423755,48.89188451421071]]],[[[-126.2796349942096,49.44881450622172],[-126.27961380771634,49.44994668603546],[-126.28563478322316,49.45013330338788],[-126.284156720516,49.44515000464025],[-126.27969838380265,49.44617969149166],[-126.2796349942096,49.44881450622172]]],[[[-125.93991538733367,49.21616699579807],[-125.94207131420482,49.21988129664659],[-125.9462488924656,49.22106200760363],[-125.94677729970846,49.21863661407839],[-125.94264278060561,49.21561159409038],[-125.93991538733367,49.21616699579807]]],[[[-125.90398198454481,49.172748595834925],[-125.90663251525802,49.171376990845154],[-125.90045031009245,49.169131094804925],[-125.89674649600342,49.17077029041238],[-125.90398198454481,49.172748595834925]]],[[[-126.23779701742104,49.45813160256059],[-126.23965531789898,49.455791699981816],[-126.2389116123007,49.45132110479113],[-126.23655637665594,49.452956097704316],[-126.23654630413863,49.45635561008568],[-126.23779701742104,49.45813160256059]]],[[[-125.75848771924808,49.142831602309094],[-125.76069491678899,49.14012559336303],[-125.75847620597281,49.138450683111095],[-125.75419970983627,49.139964689550155],[-125.75300981223934,49.14222489154624],[-125.75848771924808,49.142831602309094]]],[[[-125.2799276051504,48.96214789683224],[-125.2774311025917,48.9592281920979],[-125.2720023080261,48.956114883767384],[-125.27156191782318,48.95902880031749],[-125.2799276051504,48.96214789683224]]],[[[-125.94082928574007,49.12857529404706],[-125.94013468495822,49.12519139828978],[-125.93609318892423,49.12499769099651],[-125.9372761899097,49.12853110087322],[-125.94082928574007,49.12857529404706]]],[[[-126.23409368853044,49.36994890884641],[-126.23706451296559,49.36905730326968],[-126.2355861246522,49.366421102298645],[-126.23527461953334,49.363166799728866],[-126.2324114194327,49.363367597185686],[-126.23226797682881,49.36663039703323],[-126.23409368853044,49.36994890884641]]],[[[-125.88465061380079,49.18859149332967],[-125.88743959603462,49.18864700279563],[-125.88579888147672,49.18522459774944],[-125.88085281034039,49.18581569884541],[-125.881566680342,49.18867689857115],[-125.88465061380079,49.18859149332967]]],[[[-125.31578838559294,48.864934196872],[-125.31843119263219,48.86311831097061],[-125.31461501045129,48.86019869264179],[-125.3119161996278,48.86136799474838],[-125.31182239139943,48.863484302797154],[-125.31578838559294,48.864934196872]]],[[[-126.18384840401895,49.383947408917216],[-126.18537170041562,49.3809351920595],[-126.18249571111816,49.37989269498159],[-126.18018988830016,49.38406559493575],[-126.18384840401895,49.383947408917216]]],[[[-125.29324782549666,48.9096857028779],[-125.29647868436388,48.90720040670504],[-125.29437198990597,48.90650541238492],[-125.28926030273827,48.90781288567998],[-125.29324782549666,48.9096857028779]]],[[[-125.32216399353031,48.86832379565237],[-125.32555550300714,48.86732831104346],[-125.32589149961893,48.86459659686718],[-125.32154979729467,48.86507088910692],[-125.32216399353031,48.86832379565237]]],[[[-125.62266337840646,49.20761749247878],[-125.62375840016344,49.20544269367773],[-125.62232898956108,49.203369106804615],[-125.61846921428209,49.20566200261351],[-125.62008681795218,49.20767590453076],[-125.62266337840646,49.20761749247878]]],[[[-125.91100298243612,49.27313109629941],[-125.91312007799209,49.272186894451025],[-125.90766591758677,49.27014739693745],[-125.90634220599627,49.27197890421192],[-125.91100298243612,49.27313109629941]]],[[[-125.31348290164765,48.920743303544356],[-125.3146805947468,48.92217601089293],[-125.3185086052564,48.921396992972056],[-125.31487510196558,48.917215490682004],[-125.31348290164765,48.920743303544356]]],[[[-126.06743813672725,49.28774349187063],[-126.0701678919193,49.2866895980204],[-126.06965760363013,49.2827359888778],[-126.0673015317355,49.27988727512365],[-126.06743813672725,49.28774349187063]]],[[[-125.37316051128226,48.90732999275769],[-125.37672070708753,48.90526780819983],[-125.37205398146843,48.903879191560705],[-125.36996730008326,48.90563241064814],[-125.37316051128226,48.90732999275769]]],[[[-125.78340559966833,49.19545049653184],[-125.78602030315162,49.19896818410975],[-125.78869780024664,49.19922749143879],[-125.78721158709712,49.195259602473584],[-125.78340559966833,49.19545049653184]]],[[[-125.20250830695285,48.951184292285426],[-125.20368020708983,48.94831880092698],[-125.19959208053524,48.94916049763353],[-125.20250830695285,48.951184292285426]]],[[[-125.51465928052563,48.90775730195189],[-125.5159168186931,48.90642570412153],[-125.51308059342959,48.90455281559947],[-125.511254081521,48.90626619303466],[-125.51465928052563,48.90775730195189]]],[[[-125.2992634982941,49.018631992084636],[-125.30045678187513,49.02046209373569],[-125.30471800656336,49.020331090364365],[-125.305742104632,49.0187900991905],[-125.2992634982941,49.018631992084636]]],[[[-125.92448598664473,49.11226519378638],[-125.92338658117202,49.10941399369869],[-125.91900719550897,49.111377992037035],[-125.92448598664473,49.11226519378638]]],[[[-125.71786747860916,49.147592695410374],[-125.72151069334143,49.14475430329926],[-125.71757879919406,49.144072099071145],[-125.71786747860916,49.147592695410374]]],[[[-125.91265621928278,49.26292239951963],[-125.91660820130166,49.26373129690754],[-125.91668720533224,49.261318692939675],[-125.91346721184988,49.26082309026947],[-125.91265621928278,49.26292239951963]]],[[[-126.09141049204557,49.17337950657257],[-126.09279889204197,49.17007669188129],[-126.09000769530296,49.170392887941034],[-126.09141049204557,49.17337950657257]]],[[[-125.3875459972964,48.96800418655547],[-125.38922309857624,48.96650310191826],[-125.38643528021512,48.965076001940446],[-125.38499720006068,48.967273599065116],[-125.3875459972964,48.96800418655547]]]]}},{"type":"Feature","properties":{"shapeName":"Squamish-Lillooet D","shapeISO":"","shapeID":"43193130B82223142615735","shapeGroup":"CAN","shapeType":"ADM3"},"geometry":{"type":"Polygon","coordinates":[[[-123.27672236171028,49.58366035335873],[-123.27514390047565,49.58498030830897],[-123.26961511165317,49.585668205506266],[-123.26916790424723,49.58740570700641],[-123.2653584057069,49.58930268295944],[-123.26479370152514,49.59241609327832],[-123.26140181615555,49.59964679548458],[-123.25815890036733,49.60129170665314],[-123.25839548334228,49.60408890167966],[-123.25554551267888,49.60984269011376],[-123.25378121041108,49.61114159565497],[-123.24921470780924,49.61147479603868],[-123.24962859870685,49.616835591013],[-123.25073087931312,49.62082619427014],[-123.25268679414845,49.62441090813944],[-123.25100980620057,49.626716683581144],[-123.25260608086712,49.63013199150807],[-123.25926328847923,49.637402590166],[-123.25798421041797,49.641534200297485],[-123.26040789921873,49.64445241242117],[-123.26101738422983,49.64679809883087],[-123.259088670524,49.65274793452641],[-123.25989376635839,49.65424415915551],[-123.25974261456768,49.66865274270978],[-123.25701461486602,49.6687572702448],[-123.25656673948988,49.67597080810067],[-123.25103144138086,49.67579780909717],[-123.25145379712164,49.67057940025254],[-123.24287979312892,49.67061405395767],[-123.21030159873999,49.6812251354737],[-123.19615907666875,49.68388141735421],[-123.19616451333088,49.68934547128675],[-123.1999995125951,49.68935569674492],[-123.19958416072299,49.696427291444124],[-123.19444076580642,49.69656520941578],[-123.194583772638,49.70324712156883],[-123.18984218706952,49.703332463332735],[-123.18886842380479,49.71877011545958],[-123.1769154737185,49.718851157943604],[-123.17655306424288,49.726218892918105],[-123.17272370008449,49.72617928854044],[-123.16871171912992,49.730637284440014],[-123.1678275587012,49.74215344816977],[-123.16595037252124,49.74215326876982],[-123.16557377542951,49.74840773501425],[-123.15984580946483,49.74830893982142],[-123.15999172209132,49.753105326711754],[-123.1784882166292,49.76461727935077],[-123.17854758530363,49.77167940414436],[-123.18469876045395,49.77190759641451],[-123.18483983180013,49.7787827839884],[-123.19569785221645,49.79007084680524],[-123.19393041140476,49.79403404864712],[-123.19939919895154,49.794942898117185],[-123.20502719767369,49.798324000009636],[-123.21321419054958,49.802266204853055],[-123.21475420939588,49.80793029052679],[-123.21824229293384,49.81098241379438],[-123.21843268557983,49.813302394586955],[-123.21678540018266,49.817567899324494],[-123.21847510040804,49.81968848518455],[-123.22621481126247,49.82171519880049],[-123.22737759105642,49.82355668878469],[-123.2220291779262,49.824573595436966],[-123.22124409957105,49.82611319075486],[-123.22315830736264,49.8280614914321],[-123.22716748273686,49.829267797711246],[-123.22526051519607,49.831827107740274],[-123.22433160703824,49.83545308638539],[-123.22129018645458,49.83954200679261],[-123.2211198141393,49.84154868981876],[-123.2233676061035,49.84331619089173],[-123.2286864086901,49.84472609347696],[-123.23568660028393,49.84550378959311],[-123.23940699476489,49.84706178703327],[-123.24192229490112,49.84940329038494],[-123.24461490714523,49.853561884803845],[-123.24812251131965,49.8566937980639],[-123.24136512037794,49.85755399994765],[-123.23759139351273,49.85954081211454],[-123.23570359612556,49.86343881265156],[-123.23696562032534,49.865280301250586],[-123.24172619794248,49.865818707385266],[-123.24752078680883,49.86438589535573],[-123.25118689819517,49.865511096214625],[-123.25257867852144,49.86834099964073],[-123.24442938041182,49.871761622104074],[-123.22425151795404,49.87112017977344],[-123.22410222617846,49.85872860645261],[-123.2132883014035,49.858470849305455],[-123.21386828633172,49.84615149596324],[-123.20260180658185,49.84594214583179],[-123.2030340797584,49.824481269827665],[-123.19793339610877,49.82451686795233],[-123.19795687962889,49.81148849218593],[-123.16236240192899,49.810748700845444],[-123.16054126974136,49.831133866436964],[-123.18084544035383,49.86154832961151],[-123.18824711041563,49.87337222206927],[-123.17603338721672,49.87270900585856],[-123.17573221212007,49.874340937873505],[-123.16874952062524,49.87388410192711],[-123.1502352202426,49.87420956955421],[-123.15059500801442,49.85698398666859],[-123.1471255981702,49.85679270159977],[-123.14702696977781,49.84747902522171],[-123.14221234029077,49.84752042714944],[-123.14201389569496,49.8397549457266],[-123.13133927596559,49.839753275981835],[-123.13132566820843,49.82830746971],[-123.12689074638511,49.828076867698684],[-123.12672277929055,49.818344992435655],[-123.11861715865665,49.818093953295964],[-123.11749078285744,49.79231169696514],[-123.10953983341419,49.79253214936745],[-123.10909954206224,49.78657879794479],[-123.10217563781197,49.7864445079448],[-123.10145950126368,49.77873656215795],[-123.08938016334135,49.77890817468529],[-123.08920014271678,49.76380299477761],[-123.09303882644927,49.76370984983532],[-123.09324210656466,49.750032885633026],[-123.09829916350864,49.74998032323863],[-123.09860965182914,49.74271924635259],[-123.08966696378906,49.74221694780324],[-123.0900206131282,49.726700739134614],[-123.06462926941762,49.72711462725215],[-123.01640122138473,49.727453926375446],[-123.0154719864394,49.70907364604494],[-123.04717601795075,49.70911104516737],[-123.07122404351001,49.70889062027363],[-123.0911557015142,49.708916035719206],[-123.09148753043459,49.70331461440756],[-123.10895609358761,49.70259647540271],[-123.10840761484194,49.695586679011704],[-123.12794093459851,49.695672792891],[-123.13003216724506,49.69400959007459],[-123.12995175060959,49.68127237043609],[-123.1504202493429,49.68130813206379],[-123.15044744884848,49.67359376543276],[-123.15615975646509,49.673681357983206],[-123.1566662838559,49.66173400720362],[-123.1675297239489,49.6619600434856],[-123.16794257587411,49.657217730348],[-123.18053404686401,49.657276221355225],[-123.1808506259142,49.65322332555479],[-123.18915051383225,49.65309782789338],[-123.18924367687545,49.649325630238536],[-123.20134147894164,49.64905451617633],[-123.20327232929772,49.64630202963382],[-123.20256868307892,49.639489634399894],[-123.2090651380544,49.63876365148488],[-123.21776480060956,49.63874549671511],[-123.21445819099849,49.63690979100136],[-123.21140369653973,49.63204041315692],[-123.20776249418412,49.62895269657479],[-123.20625680355768,49.62315330397309],[-123.20614739303032,49.6201496961064],[-123.20969711167491,49.61847060356376],[-123.21026679400782,49.615609310315506],[-123.21422531022309,49.61233648435355],[-123.21676711868596,49.61128830660367],[-123.21612181159412,49.609284393405744],[-123.21827409249225,49.6077334106906],[-123.22057848862634,49.602987991583156],[-123.2204704773512,49.60067649542261],[-123.22285440611938,49.59805448759899],[-123.22510260783991,49.593733501675786],[-123.22473288823855,49.59171820508771],[-123.22180228968601,49.589053496600776],[-123.22781401706337,49.58185409650243],[-123.2276523940413,49.57684521471986],[-123.22943848952737,49.573828694485755],[-123.23406328741767,49.56343909517797],[-123.23414059527019,49.559652111662075],[-123.2372799166743,49.55691050248579],[-123.23626641870841,49.55289279472942],[-123.2380786042093,49.5501184834435],[-123.24390718421793,49.54902749073233],[-123.24732128568316,49.54355999610974],[-123.24793228897917,49.54148059009296],[-123.25249148442025,49.53829609868264],[-123.25795340602886,49.52844340111503],[-123.26121819348556,49.52624159713539],[-123.26112691871361,49.522310804610996],[-123.26281190021126,49.5194552071572],[-123.26155128873138,49.51618379917443],[-123.26225820008675,49.514158584985175],[-123.26127440790155,49.50826949553553],[-123.25343590463642,49.50466199544036],[-123.24948481165222,49.50156720611678],[-123.24892998953148,49.49832989334799],[-123.24707310248327,49.494440388453235],[-123.24769231117367,49.49128149306458],[-123.24987661496094,49.488866104089695],[-123.24930512106333,49.48243579763863],[-123.2444737458489,49.48149861030547],[-123.22602801965556,49.48167795262572],[-123.21546443922765,49.48201451961615],[-123.19311069667397,49.482164471197805],[-123.1617825659043,49.48215946795248],[-123.12616902646472,49.482264363874094],[-123.10280206151576,49.48219669355735],[-123.10185012086343,49.50184197675064],[-123.10230746175945,49.54778357241017],[-123.06160316023673,49.548138204828334],[-123.01205935231867,49.54820225265461],[-122.92421431520944,49.548429715581214],[-122.92479791702188,49.55398741225265],[-122.92885941952176,49.557246352677986],[-122.9343436306436,49.56070763809654],[-122.94504470846772,49.57054274501462],[-122.93068035166846,49.571771788478706],[-122.87775138554552,49.57275794531149],[-122.81608574843425,49.57235386256758],[-122.82706058994388,49.58705321422286],[-122.83228392019778,49.5901457017709],[-122.83155632482212,49.59438742285309],[-122.83557734351187,49.59965641671334],[-122.84088440369368,49.602886258879984],[-122.85208460286869,49.60804140538152],[-122.84939276423208,49.61364808359696],[-122.82772198027742,49.612804538362056],[-122.81136175932151,49.6192329267492],[-122.80907930588553,49.625756125308314],[-122.81574409667964,49.62777515997211],[-122.8209868043767,49.63197096926373],[-122.82121141636593,49.63579625870751],[-122.82563701402387,49.63917391553017],[-122.82833425343519,49.643044501146974],[-122.82580979401052,49.648391570202094],[-122.83004787260805,49.652032917685695],[-122.83122868407712,49.65808638409743],[-122.83683599370693,49.6601860387394],[-122.84186480014938,49.66115849029174],[-122.84746755773169,49.66387246466196],[-122.8538307536406,49.66595948613059],[-122.85242732924488,49.67150864496572],[-122.84565389590014,49.67650126047257],[-122.83022639766044,49.68620995490318],[-122.81528885868148,49.69630885886992],[-122.815675190313,49.69813557620064],[-122.81352702665039,49.700648005814195],[-122.81420399155344,49.71124393867104],[-122.81693432581737,49.71408077360789],[-122.82497599741835,49.71586643745492],[-122.83094935141189,49.72262234445291],[-122.83466252519078,49.72990417027029],[-122.84647374534474,49.737179610426445],[-122.85036910882499,49.74104318779514],[-122.85531083264354,49.74346152404128],[-122.85426455448926,49.75086079004911],[-122.85579436983431,49.75617960650398],[-122.87143619671143,49.770471926308765],[-122.86759044324488,49.775663228063664],[-122.88704508134752,49.79445080531916],[-122.88983007469822,49.79877214735341],[-122.88991258345293,49.80195424030627],[-122.88041031295307,49.81137379036252],[-122.87367107384665,49.81847795159148],[-122.87220760560113,49.82195657006885],[-122.87774764144584,49.82441257191891],[-122.88055075336982,49.8269945721665],[-122.8877223981237,49.827336139191715],[-122.90194464430994,49.824652597271815],[-122.90741529706195,49.82639244629169],[-122.9162375632479,49.830354570633915],[-122.92490854990463,49.83198750466525],[-122.94463508069326,49.83366977213577],[-122.9534740571608,49.83360942122666],[-122.96465418890267,49.83499511246806],[-122.97188621534343,49.839129468621586],[-122.97915355437549,49.84688014917678],[-122.98524343300613,49.85747455514751],[-122.98921405963128,49.85759998755854],[-122.996394642206,49.85433517889211],[-123.00036498085754,49.85446013718702],[-123.00248067139557,49.856107236003524],[-122.98702680289105,49.8729963810099],[-122.98534427853981,49.87734247085361],[-122.98049756427977,49.88090103641695],[-122.9738932983811,49.88279946368797],[-122.96911564324598,49.88892966675187],[-122.96449486002281,49.89970599145009],[-122.96201255236596,49.902576646345125],[-122.95456731794361,49.904467591371315],[-122.95073365673363,49.911162765488875],[-122.94369984914266,49.913134582301346],[-122.93648257668114,49.917408009361274],[-122.93004520026878,49.91715878682918],[-122.91635487997925,49.91313602691599],[-122.90605022740775,49.904373163918194],[-122.90285300679277,49.898692108749955],[-122.89656566975405,49.89481837257298],[-122.8924511528249,49.89400303597269],[-122.88732716049904,49.89531673695425],[-122.86993473162977,49.903514947560076],[-122.86087321938352,49.91598618824601],[-122.85713999193258,49.918157601819956],[-122.85061799630617,49.91861036167123],[-122.8293415268453,49.917878579162114],[-122.82367432333912,49.9193733414438],[-122.80974375413294,49.91834998036969],[-122.80056069709674,49.92060048543696],[-122.79755613314738,49.927867773363886],[-122.79521308226812,49.93089715904644],[-122.7954077974209,49.93617978479334],[-122.7881474501298,49.935356700518156],[-122.78331314439183,49.93318823616368],[-122.77582363925642,49.931309471274545],[-122.77089292711737,49.934016865160615],[-122.7677936723089,49.93271025335919],[-122.76852376484588,49.93563633777721],[-122.76783096297315,49.93875099584716],[-122.76548706659752,49.94337838223953],[-122.7612281166207,49.94796672189385],[-122.7525215854984,49.94976940330637],[-122.73752309475539,49.953674303751754],[-122.72366454492665,49.9542802395462],[-122.70030911349527,49.9654355513204],[-122.68689469417966,49.972934509851875],[-122.68213774087961,49.977337989411915],[-122.68030383525048,49.98123414949487],[-122.68056686811872,49.98688918111246],[-122.68349289902112,49.993359454723794],[-122.6836228348412,49.99782518920342],[-122.6868641461044,50.00263201188839],[-122.6809543264353,50.009519165359315],[-122.67917461790488,50.015329766140255],[-122.67945282741944,50.02264473476841],[-122.6810958869374,50.0246651805483],[-122.68603031073836,50.024896540372744],[-122.6945456359569,50.02278110734026],[-122.6978944508354,50.02239511621856],[-122.70746130211934,50.022689877709134],[-122.72148995126183,50.02436875876151],[-122.72762202030505,50.02249623367717],[-122.73629943685533,50.018034343810534],[-122.74060613605106,50.01678237470701],[-122.74585271350976,50.017326928014384],[-122.76478426080358,50.023270224357134],[-122.76598806630264,50.02937532551108],[-122.77335061421972,50.036589129012675],[-122.78233591573199,50.03828459378159],[-122.79184177804234,50.04110298171102],[-122.79463526244291,50.03708201080826],[-122.79038146585722,50.03210048513787],[-122.79149737458482,50.02999887237237],[-122.79995999387098,50.026875038531756],[-122.80117824563385,50.023473813652664],[-122.80091505417093,50.01786006700661],[-122.81243986407138,50.013179562233645],[-122.8191846418272,50.01295202449135],[-122.82195660908219,50.01520872885513],[-122.82723751741875,50.015130065089146],[-122.83440676048434,50.012469476921225],[-122.8405333849421,50.01159013812875],[-122.84343264432307,50.01186559276767],[-122.8494357467216,50.01530682045082],[-122.85416447638416,50.016384067947044],[-122.86146036085155,50.01631549125986],[-122.86947286004704,50.019554703757905],[-122.87102599010585,50.022254401004105],[-122.87011845306233,50.02450242658087],[-122.8722432068241,50.026576328561],[-122.87959324229926,50.02880367769381],[-122.88482692989514,50.0327230791329],[-122.88772940718823,50.0325929218116],[-122.88882446989903,50.030064842476385],[-122.89197978757613,50.0296327220697],[-122.89593390786304,50.033316116478574],[-122.90024812543986,50.036014943185904],[-122.9067729892784,50.03774261369606],[-122.91259468181748,50.03790626736656],[-122.91631570408939,50.040187834926705],[-122.97865565291028,50.0403651865451],[-122.97829712503166,50.025912014330174],[-123.05415732650353,50.027010590026926],[-123.05826712861966,50.0270162797823],[-123.09592119524011,50.03328248419359],[-123.11383691936231,50.03296148954422],[-123.11354481660993,50.040589027086746],[-123.12419663827211,50.04028404398115],[-123.1505588199275,50.039947220280595],[-123.15265975981248,50.067542865141114],[-123.15497943308594,50.10170663529323],[-123.11325743599848,50.10139097355911],[-123.10143882721471,50.10149966207634],[-123.06873633736211,50.12499318973325],[-123.071969445851,50.12736273756479],[-123.0740256963377,50.13038017047435],[-123.0744172512625,50.1405900330867],[-123.07549443533198,50.14709356532231],[-123.07577719071463,50.15281932926358],[-123.07761022280876,50.16059182907022],[-123.07551196216791,50.165604599408894],[-123.07230318110292,50.16784526505107],[-123.06215964958582,50.170537133302126],[-123.05596634365646,50.17331593634894],[-123.05567264982533,50.176374976937865],[-123.05252809489441,50.1803111971831],[-123.05742049238616,50.18818219062333],[-123.05864820851087,50.19253499182861],[-123.06825634367489,50.19190307615167],[-123.07145281434464,50.19108748899267],[-123.07980149613317,50.18715021172158],[-123.08525875156924,50.18564907068593],[-123.09227067188655,50.1881227097602],[-123.09565583473929,50.188474395801],[-123.10647014723878,50.18588799014798],[-123.10966843965821,50.18794114211528],[-123.11255557268834,50.19885296593854],[-123.1149651542391,50.19978633197761],[-123.1173079525883,50.20229189994379],[-123.12065945965183,50.20229234860497],[-123.12315174181735,50.198286509618136],[-123.12595324748276,50.198363386875776],[-123.12386246301243,50.20357502275813],[-123.12390560873597,50.20548658024085],[-123.13239939101622,50.21258958372373],[-123.13863849872057,50.21512443808444],[-123.14208210705468,50.21409904925337],[-123.14254622589385,50.209507524797196],[-123.15261938037986,50.20602159942297],[-123.15827651740462,50.20157330102281],[-123.16127761718731,50.200534077321514],[-123.16419602210726,50.20145640767382],[-123.17620466391013,50.21263331439312],[-123.17625760132073,50.22242014132867],[-123.17833879598037,50.22594574876332],[-123.18366437005143,50.22840860390856],[-123.1993029046241,50.226529782331255],[-123.20346808489032,50.22646846317543],[-123.20613803636066,50.22863426816082],[-123.20717734712592,50.23258386754657],[-123.21055193549365,50.23456185259386],[-123.21642765140459,50.23335449991073],[-123.22030855335241,50.234495530135696],[-123.22414144160788,50.23382984087705],[-123.22481269069823,50.22949537144046],[-123.23025527774011,50.22561386594394],[-123.23181906043226,50.22080423984259],[-123.2308088191011,50.21610915625034],[-123.232940809023,50.21608686390778],[-123.23797078991215,50.22024916022258],[-123.23942255231718,50.22322064289032],[-123.23963660608203,50.22738952839985],[-123.24109996341656,50.23140416784869],[-123.24441704796348,50.232076188294954],[-123.2474325573265,50.22992176089697],[-123.25278324725157,50.22911524440406],[-123.25635264208127,50.22721107721401],[-123.26048190267522,50.22638549869828],[-123.26315032880012,50.22844130674493],[-123.26818767725214,50.22818503543957],[-123.26644150878937,50.23181609218225],[-123.26995692646427,50.235198926791874],[-123.26700760323597,50.23711621634824],[-123.26704080008012,50.24067371838596],[-123.27203074845983,50.24478320674666],[-123.27686121532417,50.24668552092642],[-123.28120576161396,50.25053742560502],[-123.28105917759194,50.253128158818],[-123.28397768375935,50.257061465996514],[-123.2888277276259,50.25847791437833],[-123.29051980992205,50.2608442753169],[-123.29092284736709,50.2642062632563],[-123.29631663490426,50.270921877420214],[-123.30206791042065,50.27566272759945],[-123.31395037421944,50.27819185161773],[-123.31306921035141,50.27965769521052],[-123.30793008388616,50.28177314624438],[-123.30390176036167,50.28760837056376],[-123.29890093427899,50.29001722851554],[-123.2956968375282,50.29392607654007],[-123.29488788728962,50.29864989683447],[-123.29568766398283,50.30275052911149],[-123.29891486353557,50.30656095133873],[-123.30276414647915,50.30933614856377],[-123.3039128125039,50.311196694966796],[-123.30223334272063,50.31484142336448],[-123.30342654659572,50.3198089874803],[-123.29117465135215,50.32667042048253],[-123.29147652189887,50.33133628002979],[-123.2978870397144,50.333083881926335],[-123.30315740657957,50.337051918085095],[-123.30297079471947,50.346758880422776],[-123.29510806390773,50.346624563838716],[-123.2886501521861,50.34847273586656],[-123.34061132936701,50.37520102321518],[-123.37046945135481,50.39540541312121],[-123.38301125942114,50.40109140842636],[-123.40631511573496,50.41849570253109],[-123.40927092477841,50.41270473642345],[-123.41342145343049,50.41105984672727],[-123.41515139252309,50.40893882580813],[-123.41348367887785,50.40204421602008],[-123.41618479398083,50.399834025562214],[-123.4223951884876,50.38905625793413],[-123.42316065048341,50.38347211308209],[-123.42632866087956,50.37980387205391],[-123.43405996141425,50.37726816342514],[-123.43864072754317,50.37174934203722],[-123.44438540144299,50.3685624385429],[-123.44537636159662,50.36584999259261],[-123.44159654296006,50.3623661318711],[-123.43282597569645,50.35698730064555],[-123.42791465531057,50.35153040144571],[-123.42784599223732,50.34715803472181],[-123.43299972648981,50.3426840790854],[-123.43656781603653,50.34168650549525],[-123.4516919101543,50.340900158046686],[-123.45438652747778,50.33868928168042],[-123.45667038133944,50.33444294738823],[-123.45725181184457,50.33029183224266],[-123.45950176955193,50.32532232848544],[-123.4666173659042,50.31750783817832],[-123.46702988343236,50.31202001476348],[-123.46183909692918,50.30171974361576],[-123.48513713560064,50.28894996135545],[-123.4966871544049,50.283274072922055],[-123.50051182992937,50.28194600194864],[-123.5040375000619,50.27894304690403],[-123.50835479373382,50.2723622446383],[-123.51217268104718,50.27079937988825],[-123.51750934122249,50.26993424679756],[-123.5230983553452,50.27083006694802],[-123.528222120107,50.27286794614289],[-123.53329909617483,50.27270091518575],[-123.54191032301952,50.27145567460853],[-123.5471193310593,50.27021094699396],[-123.55866676196726,50.26640932626182],[-123.56756075449705,50.26305948195399],[-123.58036157099842,50.25873246982079],[-123.5841079271853,50.25445009958396],[-123.58461507281064,50.24999137399432],[-123.5987583055972,50.25027146554948],[-123.59903298264459,50.24580051011789],[-123.61510425516111,50.24629769094134],[-123.61934006143873,50.24153530051538],[-123.62054332490473,50.23428344564144],[-123.63181795460031,50.22968772354719],[-123.63280102841028,50.224887795576926],[-123.6398844392463,50.21253250310645],[-123.63634734035658,50.20781104269732],[-123.63259522656966,50.20386760000221],[-123.63408744452543,50.200589942185346],[-123.63932043643686,50.19987904255382],[-123.64603596694847,50.197020762916885],[-123.64665539578603,50.18929160845786],[-123.6478220747765,50.187004265060935],[-123.64460311843696,50.18300012815038],[-123.64421996444953,50.17775136336033],[-123.64303036793254,50.17704170456358],[-123.64195488868624,50.1730373545854],[-123.63832074054628,50.173808160545626],[-123.63505764538992,50.175640784298125],[-123.63005360555232,50.17532286573818],[-123.62043523017019,50.175934453935305],[-123.61287983100424,50.1739255173396],[-123.6095458298196,50.17436319244743],[-123.6043102247848,50.17669145517534],[-123.600429596243,50.17717172613723],[-123.58820205199012,50.176316001795264],[-123.58133111446976,50.173964057772785],[-123.58270160846557,50.168479421820386],[-123.58349649069736,50.160944304260816],[-123.58110084400732,50.15377585607041],[-123.58537524935753,50.15102629636471],[-123.58684036040137,50.145883811113],[-123.59580929589518,50.141111479998145],[-123.5963783725043,50.13903520416712],[-123.59510287402473,50.134102158972006],[-123.59726305389884,50.13046685397231],[-123.59289531305319,50.12761778352492],[-123.5902196404903,50.12492701039689],[-123.58989008354591,50.12316594454148],[-123.591570842509,50.118377299322326],[-123.59915810389273,50.11164917487422],[-123.60305866409779,50.10990004170274],[-123.60368143128929,50.10518189360461],[-123.59765713887583,50.09997587581646],[-123.60172039722637,50.097627126920834],[-123.60820132049018,50.09635268661452],[-123.61297043801659,50.097943346681554],[-123.61854279994098,50.098666406914255],[-123.6264477076088,50.09662220200466],[-123.63350404080653,50.093846559258985],[-123.6429441702313,50.08661481507458],[-123.64906195368381,50.08479580831198],[-123.64447235779059,50.08098569868521],[-123.64314087784479,50.07866328489702],[-123.64007235521366,50.077113024153334],[-123.63671310198285,50.073162747908974],[-123.63409456970385,50.07145468635237],[-123.62691210642194,50.070096382703866],[-123.62273297518871,50.06380696886962],[-123.61947637470556,50.06294800658761],[-123.61602664526961,50.0600307083636],[-123.61517449099804,50.05582628912938],[-123.62795125949337,50.05145537351545],[-123.63558221983068,50.05039442738431],[-123.63797141142588,50.04955317477599],[-123.63752971274677,50.04720585640256],[-123.63154543852511,50.04267774972205],[-123.6304323940659,50.03793947302378],[-123.63682522915778,50.03656339499098],[-123.64159935174719,50.033505924352326],[-123.64377857772928,50.030361355895174],[-123.64321619899594,50.02855730092036],[-123.63503607455606,50.02029912776636],[-123.63348906502544,50.01596405822146],[-123.6306796797777,50.012198281712614],[-123.6333281495035,50.00663711264572],[-123.63414594042918,50.00234595900383],[-123.63283395969054,49.99942983409918],[-123.63027621823873,50.000077426205316],[-123.62023213387995,50.00472442867089],[-123.6160349236178,50.0089430171467],[-123.60952813953224,50.01134870867226],[-123.60485958401891,50.01248523242861],[-123.60310134229223,50.009726102832545],[-123.60211140311645,50.00307019279416],[-123.5985724232417,49.99981133496851],[-123.60131175877784,49.99847211082094],[-123.6040074400544,49.995022402698396],[-123.60545296810805,49.991012015989995],[-123.60189527142862,49.98475852433736],[-123.60227468607992,49.97674630661372],[-123.59081427315759,49.97214457646664],[-123.58626074800554,49.97111779363812],[-123.59427738289133,49.96091967708861],[-123.59763493838351,49.95711180193353],[-123.6007371631522,49.955518906202045],[-123.60776822707186,49.95354114612597],[-123.6070960475343,49.94977601487549],[-123.60333045217023,49.946474070293995],[-123.6036235270401,49.94361981876558],[-123.60894520807518,49.940994010963394],[-123.61136634730774,49.93814007855658],[-123.62017135205262,49.930668601783104],[-123.61923717722908,49.92824089763751],[-123.61149148328786,49.92709625336429],[-123.60274330854185,49.922932097837744],[-123.59598814553637,49.92318655468703],[-123.5885567732849,49.92080627933079],[-123.58297690187611,49.924518142144436],[-123.58007331098298,49.92497761852415],[-123.5754646509581,49.92135430999748],[-123.57082757374914,49.91998819926377],[-123.56564673220944,49.91981195590398],[-123.55243559014343,49.92021030161947],[-123.54915599056524,49.9186162896191],[-123.5493481633357,49.91655201165477],[-123.55368946215646,49.91253204347441],[-123.56027953000438,49.90797165202678],[-123.56499680327963,49.90531643130618],[-123.56765568586319,49.901137157084335],[-123.56882346499295,49.89748164663074],[-123.56758322312496,49.88868157842479],[-123.57343640859573,49.88462741497378],[-123.56907755328902,49.87991974170725],[-123.57032484606829,49.87773392300274],[-123.57398205557774,49.87520011942113],[-123.57750636456541,49.867470560941335],[-123.58422203368922,49.86261200270122],[-123.58703742022823,49.861371848865154],[-123.58614442301396,49.85894029127893],[-123.58273277442667,49.857645148617806],[-123.58029714621664,49.85475811565001],[-123.57913634465612,49.84742880393509],[-123.57813555998423,49.84578422273237],[-123.56952381769243,49.846570333551576],[-123.56524621977584,49.84607934135106],[-123.56005192175718,49.84266596650866],[-123.55780756917314,49.84046084011443],[-123.55391187470471,49.83858725151789],[-123.54966143162677,49.83858557238859],[-123.54938190844084,49.84192997608388],[-123.54793604568533,49.8461841019888],[-123.5512692741601,49.854750123280546],[-123.55019135171943,49.86312010725697],[-123.55030568082748,49.87107094828265],[-123.54839866342134,49.87523764064826],[-123.54443625310786,49.877879469457746],[-123.5405061568353,49.878262608582226],[-123.53015528160235,49.87790674782171],[-123.52538136759445,49.87958428059185],[-123.52758798941936,49.884052634807226],[-123.52752811590368,49.88582146267475],[-123.52489355502637,49.88774564813513],[-123.51851521065781,49.890734902131555],[-123.5072469893898,49.89741648897629],[-123.5001349700372,49.90334538734884],[-123.48794732335358,49.91135288730947],[-123.47352122632303,49.91206329816454],[-123.45714260894691,49.910442727405965],[-123.44759349899017,49.902746484471336],[-123.42795160405485,49.900927918603784],[-123.42618932603999,49.89820007195468],[-123.4258546165419,49.89538016727367],[-123.4228639249999,49.894883744472104],[-123.4166194511198,49.87910768742285],[-123.39912048357381,49.881232227838446],[-123.37113478472018,49.866057849746284],[-123.35864043816194,49.86525955446799],[-123.35390645555579,49.8606746582952],[-123.32841734702812,49.851443426153956],[-123.32706390328333,49.84548544768329],[-123.33118582436137,49.837422658793336],[-123.33071062413444,49.829989526439576],[-123.33331084289576,49.827328437980206],[-123.32939910037764,49.82119216913372],[-123.3228599029856,49.8158758283903],[-123.31263817890876,49.80288339305136],[-123.30522437357837,49.79650951476318],[-123.3064587573943,49.7900409283522],[-123.30067823672573,49.77803450972593],[-123.29219562543726,49.77651429524353],[-123.28226179415287,49.77180006184905],[-123.2725084504696,49.770917008547606],[-123.27627460516108,49.7653201623937],[-123.28383963956121,49.75995598535285],[-123.27674357263047,49.74996983690121],[-123.28061456159985,49.7466724171634],[-123.30300648773952,49.750053245562064],[-123.32899847335617,49.749964668132286],[-123.33573019851003,49.74731371049323],[-123.3355236711439,49.734866813973326],[-123.32290023766146,49.72753275972683],[-123.3198209834707,49.72370870852218],[-123.32398626068665,49.717693409964106],[-123.32710045754868,49.7147698385492],[-123.32856123330686,49.71177414893245],[-123.33844321244032,49.70543054627602],[-123.34642009528392,49.69617527776398],[-123.34638235864514,49.69026672509699],[-123.35120682724822,49.684120386670166],[-123.35417730179465,49.681761296015594],[-123.36164342505737,49.67710583573885],[-123.36401573100721,49.674351259183915],[-123.35519453885664,49.67110623637047],[-123.35191839481733,49.66871243684274],[-123.35160869558803,49.665670981434914],[-123.34853760086256,49.66228272429229],[-123.33625422206529,49.653778158264466],[-123.3311605631038,49.64698288958304],[-123.33006494975508,49.64313955048781],[-123.3241671419905,49.63606720623544],[-123.31903660933573,49.631523802625885],[-123.30395380983344,49.621018839992836],[-123.29991385922392,49.61708859136372],[-123.29406499840314,49.610063211200774],[-123.2911056552113,49.60190303367583],[-123.28744114018755,49.59473564630696],[-123.28458255255119,49.59175984206566],[-123.28187446925315,49.59034708554236],[-123.2768936898335,49.59075742862657],[-123.27672236171028,49.58366035335873]]]}},{"type":"Feature","properties":{"shapeName":"Tsulquate 4","shapeISO":"","shapeID":"43193130B82361818138452","shapeGroup":"CAN","shapeType":"ADM3"},"geometry":{"type":"Polygon","coordinates":[[[-127.49425008371428,50.730668406337124],[-127.49653861534787,50.73310809236427],[-127.49651881025837,50.73588670100624],[-127.49458360598531,50.740152183737905],[-127.49517761086524,50.742786595204535],[-127.49813689050197,50.74284453289655],[-127.50536575846007,50.73702493738124],[-127.50262019602766,50.734414703088724],[-127.49906158457179,50.731287896305346],[-127.49425008371428,50.730668406337124]]]}},{"type":"Feature","properties":{"shapeName":"Gold River","shapeISO":"","shapeID":"43193130B82641880236527","shapeGroup":"CAN","shapeType":"ADM3"},"geometry":{"type":"Polygon","coordinates":[[[-126.09771034620385,49.67141694225142],[-126.09686523395996,49.68359500295672],[-126.10291875654463,49.68380812307366],[-126.10296988222282,49.693289720486554],[-126.10209112512482,49.693191627798036],[-126.10125057373415,49.70868341688365],[-126.08205026539625,49.73490835924492],[-126.08025366070152,49.74005284297502],[-126.07221735853454,49.74705915844919],[-126.06973691808588,49.75311151260403],[-126.05617748795136,49.75145179045767],[-126.05221779996273,49.751941787519826],[-126.04820951221832,49.75380319679461],[-126.04865070988077,49.75620440623894],[-126.05385868423798,49.759880305798724],[-126.05407788841458,49.76707155884896],[-126.0430173877645,49.76725314495918],[-126.04245125985481,49.78324453580249],[-126.04185140232036,49.793463882036214],[-126.05704039181725,49.79370792222854],[-126.05736183994505,49.78835057170177],[-126.05959582962036,49.788519295411696],[-126.05990545913849,49.78534385954781],[-126.06157282561881,49.78380990297562],[-126.05997719530932,49.78231590959309],[-126.05935687949916,49.77183919164943],[-126.05810422887323,49.771071454442215],[-126.08765860394199,49.73225907466889],[-126.10317660632981,49.709040281963006],[-126.11026309185263,49.703339203759654],[-126.11364309404723,49.69911500875468],[-126.11943910256394,49.69418229721437],[-126.12632746668513,49.69418073894991],[-126.12686405038154,49.68607742900041],[-126.13820951284987,49.686283492006645],[-126.13852012468811,49.67682796876184],[-126.1325507880901,49.67612680919865],[-126.12787299542924,49.67481370547184],[-126.12689329848838,49.67658970734988],[-126.12873518348198,49.679459496229484],[-126.12445679391696,49.67960468854116],[-126.12185860469111,49.68064728755329],[-126.11825229910195,49.67994509797909],[-126.11841627750755,49.68257709522077],[-126.12275920913932,49.68282582995321],[-126.12270867008512,49.68675597812192],[-126.11666106255021,49.68632131289427],[-126.11623829101752,49.68447410604436],[-126.11763160955782,49.68202589174357],[-126.11615680431495,49.67928140817036],[-126.11372242114763,49.6810474983668],[-126.10427630915758,49.67786010524274],[-126.09771034620385,49.67141694225142]]]}},{"type":"Feature","properties":{"shapeName":"Sechelt (Part)","shapeISO":"","shapeID":"43193130B8280932426163","shapeGroup":"CAN","shapeType":"ADM3"},"geometry":{"type":"MultiPolygon","coordinates":[[[[-123.77616059105908,50.073208011456956],[-123.77359249684594,50.07231480037917],[-123.77003519126792,50.07270500139313],[-123.76618846590134,50.07089999155916],[-123.76400426014244,50.07263165643745],[-123.75653066673816,50.072771072558766],[-123.75631181996613,50.078146939788304],[-123.75113249624715,50.078165647886195],[-123.75078206413426,50.0830748364647],[-123.73808997973569,50.083501124230224],[-123.73721706394052,50.091242504108884],[-123.73036527858802,50.09133198308506],[-123.7300956290206,50.093990280113026],[-123.72022080765203,50.094154309709296],[-123.72038653744193,50.096359575881905],[-123.71547604468749,50.096538364179885],[-123.71505598983866,50.100274392821134],[-123.72842570518534,50.10034251470074],[-123.73316923889405,50.09934694484595],[-123.73316047601081,50.101059122487506],[-123.73864445264134,50.101088915181656],[-123.73866092537254,50.09876387020126],[-123.74851950084465,50.097890796340245],[-123.74288668555126,50.0888969052728],[-123.74294071721184,50.08701689563162],[-123.75171431768193,50.084936099306674],[-123.75504210220875,50.08489769922312],[-123.76189539760345,50.08080451238568],[-123.7642882062308,50.07836909853866],[-123.76809741757825,50.076131698140266],[-123.77616059105908,50.073208011456956]]],[[[-123.73548843154319,49.486297475101516],[-123.7527412772639,49.486168350406366],[-123.75407339283325,49.48415050111377],[-123.7534382399704,49.481222353752976],[-123.75340829132283,49.470753706115396],[-123.74417160761286,49.47033568995778],[-123.74224220057664,49.4668491944152],[-123.74328789179738,49.464381608397524],[-123.73487701287753,49.46452179810286],[-123.7351304915421,49.46721114444748],[-123.73554152822621,49.47163789626872],[-123.73548843154319,49.486297475101516]]],[[[-123.88951008072,49.721768918313565],[-123.88693820751932,49.72625758391748],[-123.88990591544207,49.72850209115849],[-123.89074819054976,49.73051019626237],[-123.89455280628248,49.73211819355628],[-123.89447998037713,49.73475899053915],[-123.90422011265443,49.7340843896542],[-123.90416936243366,49.727682767630455],[-123.90400499656438,49.723363593223546],[-123.88951008072,49.721768918313565]]],[[[-123.71679288717286,49.78678079790662],[-123.71569947288727,49.786993194623825],[-123.71559503872402,49.793762368314745],[-123.72156655901635,49.7940356583201],[-123.72155766065495,49.80050810599586],[-123.7256629774024,49.80048958313901],[-123.72571149669051,49.795010054881836],[-123.72715246366312,49.79497818078231],[-123.72659233004372,49.78764581220246],[-123.71883618891275,49.78783040064908],[-123.71769370656486,49.787221943939215],[-123.71706739756569,49.78679771611919],[-123.71679288717286,49.78678079790662]]],[[[-123.9697888066102,50.20833018188894],[-123.97078699512961,50.21569942178547],[-123.99286903369972,50.21722379992673],[-123.98660956314868,50.213048972784485],[-123.98326627910015,50.21299791233326],[-123.97949100702172,50.213714596333354],[-123.9740378189465,50.21094589447327],[-123.97179048830041,50.21134179079504],[-123.9697888066102,50.20833018188894]]],[[[-123.7180133925643,49.7594302021333],[-123.71179790780106,49.75945234790788],[-123.71353121853534,49.77428683230513],[-123.71749280235028,49.77402270935397],[-123.71607551289515,49.771216999314554],[-123.71704740213966,49.76826029144195],[-123.71717080074436,49.76158509758492],[-123.7180133925643,49.7594302021333]]],[[[-123.70995572159268,49.43867238261023],[-123.71001098461119,49.43967619095244],[-123.72112032585873,49.439746353415295],[-123.72343740768675,49.439272305542914],[-123.7132309005239,49.43634979429453],[-123.71263759056654,49.438349793459146],[-123.70995572159268,49.43867238261023]]],[[[-123.75484522813227,49.51154752480027],[-123.75425881221436,49.51631542150533],[-123.76102551134443,49.51670303338222],[-123.76054367999788,49.513806350866744],[-123.75698268319091,49.511710402456785],[-123.75484522813227,49.51154752480027]]],[[[-123.72633090893171,49.77339179928015],[-123.7239797142137,49.7760237028994],[-123.72345430370427,49.77978790603832],[-123.72787135345511,49.779846129536686],[-123.72633090893171,49.77339179928015]]],[[[-124.06852787202422,49.65160841490798],[-124.06438304708136,49.650958635365804],[-124.06378057660889,49.65466259290965],[-124.06926284083139,49.654285863819226],[-124.06986079153808,49.651551314893005],[-124.06852787202422,49.65160841490798]]],[[[-123.86625280368476,49.72032657432347],[-123.8611959513527,49.72075102279354],[-123.86187583681044,49.72378612007457],[-123.86433739166036,49.72556845136949],[-123.86741436929849,49.725127860424905],[-123.86493511601577,49.7225290001227],[-123.86625280368476,49.72032657432347]]],[[[-123.86929820482034,49.92180440434374],[-123.86637696456712,49.924382565076584],[-123.87331189211503,49.92395209781788],[-123.86929820482034,49.92180440434374]]],[[[-124.0245657952602,49.60492338682893],[-124.01834726487616,49.60566077618294],[-124.01873246410292,49.60742348870162],[-124.02522781311977,49.60653513331976],[-124.0245657952602,49.60492338682893]]],[[[-124.01072961756392,49.996904298115446],[-124.01436576851908,49.99816305026179],[-124.0141860294255,49.99510681949055],[-124.01072961756392,49.996904298115446]]],[[[-123.76462075063007,49.490521665263756],[-123.76571456308429,49.492130678415705],[-123.76919873698573,49.49197703181471],[-123.76719155837057,49.489443926795346],[-123.76462075063007,49.490521665263756]]],[[[-123.98379254029751,49.64381717470572],[-123.98674191435308,49.643808442861435],[-123.98664673777341,49.64138157767006],[-123.9835971758913,49.641360598967786],[-123.98379254029751,49.64381717470572]]],[[[-123.79585829598821,49.50932630423333],[-123.79677883671073,49.511199568662704],[-123.79835257225008,49.50897966764474],[-123.79585829598821,49.50932630423333]]],[[[-124.03429924519855,49.61700319447329],[-124.03414275751715,49.61687284355791],[-124.03323023228374,49.616561555619974],[-124.03378747678772,49.61769774558966],[-124.03429924519855,49.61700319447329]]]]}},{"type":"Feature","properties":{"shapeName":"Lower Similkameen 2","shapeISO":"","shapeID":"43193130B82938148753852","shapeGroup":"CAN","shapeType":"ADM3"},"geometry":{"type":"Polygon","coordinates":[[[-119.760888021942,49.113418711091555],[-119.76061677004017,49.10224998215936],[-119.74939639795305,49.10214798643217],[-119.7476843702482,49.10213000766383],[-119.74769853796732,49.096959480452966],[-119.71462084815484,49.09695859631677],[-119.71466150044485,49.11328014550263],[-119.71702229796023,49.11326292674903],[-119.71704267509284,49.135401065978556],[-119.73866280624866,49.13502143878663],[-119.73929196797975,49.14251217285701],[-119.7560156277361,49.1421707007761],[-119.75672054828134,49.13584285205362],[-119.76058059056095,49.13551901677057],[-119.760888021942,49.113418711091555]]]}},{"type":"Feature","properties":{"shapeName":"Fraser Valley B","shapeISO":"","shapeID":"43193130B83456822336784","shapeGroup":"CAN","shapeType":"ADM3"},"geometry":{"type":"MultiPolygon","coordinates":[[[[-120.96240832745562,49.6734794959981],[-120.98507416390234,49.673268872317344],[-120.98531158626591,49.65846427490122],[-121.0071484716171,49.65851586070041],[-121.00755165319588,49.64442940288325],[-121.018691053879,49.64414976362997],[-121.01882394276163,49.63699736007451],[-121.05187804871544,49.636902824767716],[-121.05235023096496,49.63088099144175],[-121.05912829068757,49.63206071786542],[-121.06329129678555,49.62696000787047],[-121.07194257832997,49.625183287712765],[-121.08138608292366,49.625533426700784],[-121.08980717352996,49.627251966466766],[-121.09436438046264,49.625515697376244],[-121.09953255208433,49.625395049337165],[-121.10680776927907,49.6212710352528],[-121.10722656978675,49.61979245767398],[-121.11141896079316,49.61582158817492],[-121.12004056557852,49.61035503677145],[-121.12573897324985,49.61093379033767],[-121.12523908968312,49.61598796434987],[-121.12808526848643,49.62025698966678],[-121.13514804106292,49.62252487316723],[-121.14164180514263,49.61997883293386],[-121.14787677997256,49.6192535226152],[-121.15583339065245,49.61715655036333],[-121.16066197263737,49.6199507037387],[-121.16309373719989,49.623581998130824],[-121.16294267601629,49.626073816357],[-121.16879212885748,49.634369604593665],[-121.1689338673552,49.63663868786669],[-121.16570801374517,49.64142787131611],[-121.16656314149562,49.64385305314291],[-121.1707891566067,49.648364579621926],[-121.16998399641318,49.64982408686875],[-121.16631790074602,49.65100304403215],[-121.16182117041826,49.65352096225127],[-121.15604506007824,49.654884457537584],[-121.14849855130458,49.66112557507313],[-121.14426332167622,49.66182127023471],[-121.14103651333228,49.6643582641413],[-121.13784994669939,49.664866921004915],[-121.13228837456398,49.667467165702234],[-121.12992385388806,49.67304843310082],[-121.1191393971568,49.67835191638107],[-121.12254854056243,49.678669646077495],[-121.12568326395645,49.68044775866467],[-121.13149420229686,49.68695945690088],[-121.13489390645037,49.688823896857826],[-121.13437746218052,49.69361905556226],[-121.14067717256326,49.697037160785776],[-121.1444026270566,49.700159538119905],[-121.18640345156433,49.700498889612994],[-121.29428237366876,49.701530050136014],[-121.34778264855707,49.70234750883053],[-121.3780457304024,49.702665175446924],[-121.40005870379825,49.70270483691645],[-121.40919562830275,49.70315184781753],[-121.41144888814054,49.70255278193505],[-121.5105877088189,49.703101165302655],[-121.56256025792051,49.70269217914494],[-121.6916594588729,49.701755957993214],[-121.70143846140337,49.70158799905886],[-121.69589349004484,49.69878349573979],[-121.69246782771108,49.69454928851636],[-121.6865809503881,49.6939713230164],[-121.6840811219673,49.69280375569779],[-121.68435434581835,49.69042224754502],[-121.69008333789061,49.68429268376042],[-121.69394255614546,49.67644669593938],[-121.70067972690822,49.67093261204654],[-121.70250998196637,49.66799300435011],[-121.69874708747344,49.6611051104245],[-121.69864469136884,49.6582422057718],[-121.69413703520206,49.657274759224286],[-121.6927710968318,49.65422082392912],[-121.68696746483919,49.645691815089265],[-121.68563179206062,49.63764876463729],[-121.6847536277431,49.63548214607629],[-121.68515400103834,49.63201639171969],[-121.68056941186616,49.62868265380189],[-121.67967494042864,49.62361596758922],[-121.67784237899126,49.62006929621354],[-121.67140074401993,49.61604953304898],[-121.65859644292077,49.617642937175184],[-121.65120046547344,49.6203969182556],[-121.64595254901823,49.623868123201525],[-121.64139280569063,49.62328627118921],[-121.63829948279276,49.62049971799236],[-121.63596843389305,49.62039823296427],[-121.62561120376392,49.62428553973975],[-121.61829481072887,49.623223720997714],[-121.61032461715081,49.61944244481525],[-121.60760650124709,49.6169646256103],[-121.60028966902196,49.61555747262219],[-121.59739621695418,49.61438870449313],[-121.59377326530787,49.611083897444615],[-121.578675750994,49.60988363383098],[-121.56902422403738,49.6071671786894],[-121.56388952275678,49.60737334324143],[-121.56234327168784,49.60554811656897],[-121.55624305963003,49.60331161662096],[-121.55049270121219,49.602038451349],[-121.54852479765964,49.60035122086582],[-121.54820877775703,49.59207597324319],[-121.54606276268844,49.5870796549269],[-121.54614052082512,49.58256245055339],[-121.54087798080434,49.57798282395513],[-121.53943537206155,49.57543340430465],[-121.54065653300465,49.572051439609524],[-121.54424214296331,49.57121172394845],[-121.55055643418338,49.56740064885984],[-121.55540323764289,49.565626392913984],[-121.56410375415598,49.56404255968355],[-121.56699547637072,49.562137121116066],[-121.56279357748137,49.55807473369522],[-121.56084009294612,49.546149460430044],[-121.56145214745094,49.54283836174379],[-121.5595145716817,49.537256839331334],[-121.56044481811962,49.534186404953374],[-121.55963933029214,49.53211936327341],[-121.55465509130678,49.529091164505964],[-121.56078945246873,49.52300644326056],[-121.56182911877657,49.520590786146094],[-121.56108793493279,49.51621416245785],[-121.56528191732627,49.51223800281753],[-121.57634187446871,49.510471340117796],[-121.57198577980957,49.50637596748852],[-121.57014895892708,49.50007103145397],[-121.57107706259654,49.498206147876374],[-121.56935552679737,49.49639056148975],[-121.57219096182544,49.486497469150905],[-121.58129142652051,49.48773818099523],[-121.59315359603708,49.49012342170339],[-121.60082419146977,49.49586850911265],[-121.61010907305784,49.49953382724872],[-121.618739938738,49.501747688174035],[-121.62513760426481,49.496547671103315],[-121.62926664941928,49.489559047951566],[-121.63681652415387,49.48350692697501],[-121.64664289757326,49.474050108058975],[-121.6605798080352,49.468006262329666],[-121.65868306414545,49.46194418733661],[-121.64781925148134,49.457990256493915],[-121.6458095664189,49.45230784164337],[-121.65426685926431,49.44705921119825],[-121.6655790607134,49.43787301579011],[-121.67419460628706,49.4326075453579],[-121.6837943105538,49.423938460127914],[-121.6958643229415,49.42176988454082],[-121.69936039172512,49.41579829183513],[-121.69801961703757,49.407369567046544],[-121.71155082832489,49.40106199893086],[-121.71832634319016,49.39148597903452],[-121.708394035029,49.38555890867305],[-121.69956920140139,49.3822216425106],[-121.69807716554564,49.377561172842256],[-121.69115013986433,49.365648781858404],[-121.68960910610151,49.36063790755554],[-121.6272097374703,49.3624930521859],[-121.61796298345796,49.36289359360674],[-121.61842959161885,49.35990680401609],[-121.61688810345301,49.357422900757825],[-121.61345230865818,49.35652144164161],[-121.61057221686197,49.35554159391394],[-121.60720757179413,49.351300099310905],[-121.60656320774974,49.34881068979232],[-121.61590348953462,49.342263695627906],[-121.62285100344751,49.331780002703],[-121.62368390224898,49.328985690614374],[-121.62719220493496,49.32437969262627],[-121.62947041555711,49.31975830436868],[-121.63459671034927,49.31693819962672],[-121.63906072370361,49.315656704172845],[-121.64720357545971,49.31753237562236],[-121.65416014311438,49.31802485405045],[-121.66227560447126,49.31525500505966],[-121.66677349141717,49.312306814257134],[-121.67093200938992,49.30722668308043],[-121.67207029998417,49.304194487769266],[-121.66856689537858,49.29743009455438],[-121.6686392451143,49.29641594107201],[-121.65929876844281,49.29653712800901],[-121.66089358578353,49.30289849547123],[-121.66074550716932,49.3053438888569],[-121.65730081845483,49.30852409721453],[-121.65126090599715,49.309586603555054],[-121.64589489305612,49.305098888226475],[-121.6429888854925,49.304098952934844],[-121.64603356064572,49.30224370651638],[-121.65298498102268,49.29944940501912],[-121.65786159912518,49.295684215275365],[-121.64677113536041,49.29580353796876],[-121.6076991319417,49.29540724905234],[-121.5255219737028,49.2959914628401],[-121.50194626365109,49.29601774183995],[-121.50264215211432,49.267090712945354],[-121.50155314796318,49.17209954687859],[-121.49313266783811,49.17087235809603],[-121.49027663986246,49.168364607335995],[-121.49089560722267,49.16529553974189],[-121.48987261151787,49.163569663047994],[-121.48454662989329,49.16280267961789],[-121.4830317702883,49.16075573191455],[-121.4853930795234,49.15582814808191],[-121.4878283886605,49.1540998834863],[-121.49242257404259,49.153381910385235],[-121.50035060951161,49.14881713739382],[-121.49865764910753,49.146925580395596],[-121.492199631329,49.144418250305264],[-121.48581207835949,49.142840854406465],[-121.48392231960754,49.14159493515798],[-121.48201745367955,49.1375499223526],[-121.47959064737258,49.13979247681372],[-121.4720816671822,49.14139146596818],[-121.46530503661478,49.14575208743505],[-121.45838021565808,49.148437870851076],[-121.45594181028186,49.15214904165208],[-121.44896961391132,49.15335533317402],[-121.44121720501764,49.153734498666175],[-121.43143562287568,49.1566874664789],[-121.43031367245034,49.156445687754186],[-121.42364404852665,49.151194507715225],[-121.42043799637479,49.147714414610924],[-121.41127319905229,49.14470911794072],[-121.40854673438135,49.13733351447378],[-121.40966388974053,49.133241898600254],[-121.408245127646,49.12919051082094],[-121.40414612222445,49.12654021391427],[-121.40353638983083,49.12464443257778],[-121.40466177925924,49.1201116078862],[-121.40534443799794,49.11112520857434],[-121.40700865244551,49.10833194028426],[-121.40974780880704,49.10100629350886],[-121.4088838509104,49.097292825641226],[-121.40373152407142,49.09468074219202],[-121.3950971759602,49.09371008766578],[-121.39319659936585,49.0919957208763],[-121.39076157749393,49.08699679642847],[-121.39300893758806,49.07947783660768],[-121.3923100011118,49.077140882071525],[-121.39011507528876,49.075685781416645],[-121.38705422877855,49.07555160891409],[-121.38136569264391,49.07850447270714],[-121.37090917111301,49.079600267799],[-121.36368125161938,49.079626409832905],[-121.3581402327447,49.08160868767055],[-121.35576786447493,49.08334994461275],[-121.3527350418864,49.08837108186238],[-121.35075312310958,49.09464538198657],[-121.34940658073944,49.096245616948806],[-121.34561188750163,49.09760969885811],[-121.3411741665721,49.094826782284905],[-121.33809203664698,49.09382287013764],[-121.33214575876904,49.09365502335234],[-121.33148541706552,49.08987573710872],[-121.33343636514967,49.08577262584604],[-121.33145635831151,49.08239554188107],[-121.32403713923523,49.07679207724206],[-121.32038009017434,49.072504339652724],[-121.31900113258177,49.0681670467399],[-121.31621722874569,49.06677400351839],[-121.313598314288,49.06320131912191],[-121.30432080128523,49.05838417354349],[-121.30034075252433,49.05301837095059],[-121.29967238555163,49.04786378540686],[-121.30301286671627,49.044683082198226],[-121.30808351608752,49.04144923711971],[-121.30928086044699,49.039657852656276],[-121.30361852519616,49.0388149348752],[-121.2963302873582,49.03608934149614],[-121.28562948998588,49.03061793082143],[-121.29130886040774,49.02948471026275],[-121.29661403523605,49.029089899998375],[-121.29617309607539,49.02403986649011],[-121.29800640645706,49.01991252580517],[-121.29731467816477,49.01815951397589],[-121.2909077763704,49.015746934678276],[-121.28793098767581,49.015195444410246],[-121.27450838564177,49.01708795595511],[-121.26889162395788,49.01363846180198],[-121.26950506878816,49.006603475435675],[-121.27292340118173,49.00002692039672],[-121.2154082524879,49.000038550981],[-121.09038712868018,49.00007462950446],[-120.99999999181152,48.999999996028386],[-120.84840827448222,49.00007714588914],[-120.8481533277178,49.00884867240595],[-120.8465650607128,49.01111802926103],[-120.83925888202931,49.0084226399425],[-120.83232198108166,49.016460869561385],[-120.82569932184282,49.02546256745673],[-120.82753549290297,49.02976060380343],[-120.83028039971084,49.034151675716586],[-120.83239094248329,49.04225335249065],[-120.83688048182334,49.0447219920939],[-120.85221459027376,49.04440081833326],[-120.86866781686317,49.05271018868801],[-120.87317719091888,49.05812990598779],[-120.88077402532377,49.0636520114959],[-120.88725691721787,49.06949328194376],[-120.8902858355387,49.0739221994349],[-120.8950781567555,49.078160444035184],[-120.90267641500358,49.0772845782556],[-120.91215615463642,49.07851287892852],[-120.91626990026573,49.08015790045187],[-120.92176130572659,49.08405338975509],[-120.92663326953901,49.08600100981905],[-120.93498613767174,49.08702757744538],[-120.94283238983103,49.088807398061206],[-120.94882956089815,49.089152493467616],[-120.95413845630955,49.09272943199333],[-120.96311148240406,49.09483565755401],[-120.96563711681254,49.099287996053505],[-120.9655111368071,49.10377928962676],[-120.95225444053615,49.10367238430925],[-120.94421536232917,49.10418721293661],[-120.94183064042505,49.10483209045832],[-120.93519314551196,49.108653762794795],[-120.92982563622427,49.1085477907143],[-120.92599324196425,49.11114979609637],[-120.91864079242339,49.11437745374886],[-120.9143193120119,49.11710559581532],[-120.90981613551241,49.116957141799276],[-120.90418554795977,49.11410752751949],[-120.897064923059,49.11273646468326],[-120.89169428639602,49.114361536210374],[-120.88635784680805,49.117411330986506],[-120.87816635361182,49.11832060045938],[-120.87439249724036,49.1203448826747],[-120.8679607513129,49.12277131962631],[-120.86347361484441,49.12642242793749],[-120.85964226910635,49.13077321594592],[-120.85798331804395,49.133953624031044],[-120.86077950233883,49.13746443827468],[-120.86424656594455,49.139113082914456],[-120.86397478761491,49.14355257003297],[-120.87595258809253,49.15366661113168],[-120.87842877319373,49.15710451773998],[-120.88160507618548,49.1591997760014],[-120.89145842900842,49.16405801918387],[-120.89636214804288,49.16930315878243],[-120.90543305536232,49.17370736135753],[-120.90318383258085,49.175138735811665],[-120.88253487534666,49.17609107341783],[-120.88239364245025,49.1787840748042],[-120.88757829418994,49.181645808903234],[-120.8909667517146,49.1842617170719],[-120.89404010398908,49.18921452461078],[-120.89384092254708,49.19686835255214],[-120.89127772995684,49.20617473972271],[-120.89398418271423,49.2106790905204],[-120.89526576370045,49.21451493340291],[-120.87815214929454,49.20581938122472],[-120.87359959166852,49.20451293102936],[-120.86887437628434,49.20438783191482],[-120.86445241674981,49.20555097682427],[-120.85958645269346,49.20824298973016],[-120.85773385117402,49.21195883286377],[-120.84738436693256,49.21970600803885],[-120.84688510880406,49.22133975271225],[-120.84794938116238,49.22524485292754],[-120.84716868903475,49.22809577507488],[-120.84841940129002,49.234021353879086],[-120.84578139192983,49.24076239396858],[-120.84369216873324,49.242040199134195],[-120.83291917062519,49.24480742825765],[-120.82338514479117,49.24622255627944],[-120.82076573620226,49.24732318835848],[-120.81800162456798,49.2512428840609],[-120.81678834937252,49.25830473023431],[-120.82062641399652,49.269121017369066],[-120.81915228553434,49.27193365250609],[-120.81271769061719,49.27962952337313],[-120.81206601533042,49.28443158081237],[-120.81634837220687,49.28920558618053],[-120.81945439628291,49.293568049409984],[-120.82397134240215,49.29497116391786],[-120.8390625817439,49.295063609909725],[-120.8493438657344,49.29483178848771],[-120.85870282484385,49.29601883986821],[-120.86794890518077,49.30271270435953],[-120.86985963594198,49.30331934972939],[-120.90578885427549,49.30567529730385],[-120.91418464176262,49.30274673755681],[-120.91826722384873,49.29971990110911],[-120.9231005446585,49.291704492056795],[-120.92942127598687,49.28373193306254],[-120.93171395330393,49.281962504410146],[-120.9361202912462,49.2759771995736],[-120.94435313472134,49.27064323385326],[-120.9560132799545,49.27534036734761],[-120.9671615486136,49.27411055450804],[-120.98121364217134,49.271504484959564],[-120.99228543920245,49.272903781852605],[-120.99670703348497,49.275252670791296],[-120.99678869371641,49.278044245527084],[-121.00141735511079,49.27824238888775],[-121.00016352007727,49.31004790542118],[-120.99741668480357,49.31367492666054],[-121.00414331699983,49.31273551656704],[-121.0087405417335,49.30821369581981],[-121.01143577137519,49.306478729417755],[-121.02197777388002,49.3036460404672],[-121.02431892135773,49.30409599282401],[-121.02972319555333,49.30705924158284],[-121.03444322637645,49.31221233317577],[-121.03581986106491,49.31669404916853],[-121.04296356824165,49.32041020217849],[-121.04086858214292,49.32338884295089],[-121.04524265515184,49.33073445418916],[-121.04965382168284,49.33259617155263],[-121.06285406170616,49.33349142298183],[-121.07220464568228,49.32907365035724],[-121.07837476366602,49.32862070283935],[-121.08064871130883,49.329419597197955],[-121.08544669238185,49.33422001968942],[-121.09078406028486,49.3386273412225],[-121.09272361706194,49.339424568766056],[-121.09404887356555,49.34228162430093],[-121.10177332514013,49.34859631768944],[-121.09650471054908,49.349233920351615],[-121.0879445921007,49.348016041444694],[-121.07692126723099,49.34989556710033],[-121.07525148658522,49.35313048534084],[-121.09804393145116,49.35390947218956],[-121.09836491556446,49.39240389740332],[-121.09926682834453,49.44108774087693],[-121.09414590480519,49.44044013257042],[-121.09061498772809,49.4423392644078],[-121.08893349959347,49.451170964187945],[-121.08405216691486,49.45602107157643],[-121.08013211602787,49.45837641559924],[-121.0817029045587,49.4631129054635],[-121.07993367165989,49.465430393286084],[-121.0723978472638,49.46523521366402],[-121.06573188134436,49.46574270369222],[-121.06215725610285,49.46678404761974],[-121.05377626401707,49.47122850086043],[-121.05111950948789,49.47481341094101],[-121.0565439863205,49.476452331299924],[-121.06213417245017,49.482297593448784],[-121.06495566404135,49.48979923249024],[-121.06797081253383,49.49068507085152],[-121.07343908070882,49.49547796836705],[-121.07412296651597,49.50170250061386],[-121.07323495130028,49.50318990618993],[-121.07570336456824,49.50534454198523],[-121.07615302173724,49.50771222978188],[-121.08187464225738,49.51416761960915],[-121.08205783058345,49.515962961321904],[-121.0791886872574,49.51993821842023],[-121.06997168550375,49.52507528955218],[-121.06436430052247,49.52610732213056],[-121.06005317737662,49.52508453191149],[-121.05438219229133,49.5255901155408],[-121.0488136802824,49.52955548041542],[-121.0477103445302,49.53187218572273],[-121.04982929958187,49.53489944564625],[-121.05052464167608,49.53892934553681],[-121.04938698149074,49.544310719557046],[-121.04733874180681,49.5467119304569],[-121.03787072574708,49.54886740726556],[-121.0358928821635,49.55091843141058],[-121.03901366440354,49.55460593479475],[-121.03886092933307,49.55618161947669],[-121.03522850035388,49.567378177469216],[-121.04092895493524,49.568708285748365],[-121.04014622539735,49.57233987410596],[-121.04299396990575,49.576552176795374],[-121.03658316844086,49.58274805368546],[-121.03788250373894,49.58691195319967],[-121.02928466911952,49.58889489878115],[-121.02344821803366,49.59163240962236],[-121.01863764302483,49.593059486714544],[-121.01071742923676,49.59460537585819],[-121.00639372187652,49.59445650279907],[-121.00205632478529,49.597044975356646],[-120.99010799230766,49.597721621887935],[-120.99367302982627,49.60280975608299],[-120.991728680461,49.605355271419675],[-120.9851435412484,49.60954016190153],[-120.98357750211346,49.61196421824131],[-120.97669347500369,49.61093647876689],[-120.97281223601864,49.60810151568874],[-120.9703554235904,49.60827216840434],[-120.96267565611844,49.61380456855502],[-120.96319319852886,49.62063702976364],[-120.96657023734933,49.62347908923104],[-120.97063844061498,49.62844237751959],[-120.96789396276405,49.63569947547991],[-120.96274494949208,49.64050191686316],[-120.95950302272173,49.64220913110322],[-120.96031599107876,49.64648977842352],[-120.96381591562098,49.64922435682687],[-120.96393907092907,49.65083587370996],[-120.96033500421656,49.65637591012773],[-120.95931049852375,49.65903823563471],[-120.96126592735344,49.6622678688154],[-120.9594976269818,49.66681605572508],[-120.95707377497902,49.670194547211075],[-120.95868491350726,49.67353417945357],[-120.96240832745562,49.6734794959981]],[[-121.43582648381154,49.45761067621508],[-121.42742289426373,49.4575599303842],[-121.4272597970626,49.443027694208254],[-121.4303556978817,49.439535699178904],[-121.43409151395166,49.43656339856356],[-121.43623401250879,49.43293169274464],[-121.44180514896277,49.43236416859038],[-121.44179473149833,49.44089660089142],[-121.44071867662653,49.45558960291214],[-121.43835168950156,49.45762333628948],[-121.43582648381154,49.45761067621508]],[[-121.4363658088912,49.42943666431191],[-121.43414677871519,49.429866989360264],[-121.43072580625531,49.424663403114586],[-121.4368211859428,49.42472329551661],[-121.43684618017107,49.41892836733033],[-121.42677901173087,49.417571095765375],[-121.4219960851148,49.41297419883755],[-121.41933360039485,49.409348212953326],[-121.41876638400188,49.4063531060415],[-121.41987359319806,49.404994413840626],[-121.42581121655213,49.402944267085836],[-121.42952031162766,49.40042700743146],[-121.41916756274546,49.400383065257486],[-121.4123575850016,49.39951945041332],[-121.412858779106,49.39759675717097],[-121.39073400786378,49.39637868006542],[-121.39143961168934,49.38929834405931],[-121.38622407541025,49.38956633789476],[-121.36297330496592,49.389701033365526],[-121.35548581517796,49.3892149245409],[-121.35188460211617,49.381194289575426],[-121.35788728666093,49.38081461621713],[-121.36307591539025,49.37977839201503],[-121.36914152643591,49.377344143242645],[-121.37108726260601,49.374895334998484],[-121.37966928009561,49.37506825016612],[-121.37980460814788,49.369302910315255],[-121.38396187587473,49.37001179383294],[-121.38902388545513,49.36926336243501],[-121.3969675253908,49.37095541808918],[-121.40200077051423,49.3678237631615],[-121.4180560228199,49.3675725777729],[-121.44742458719189,49.366735678763064],[-121.44659018528431,49.35823942784006],[-121.45683854032488,49.35814452753954],[-121.45638878617049,49.35379103272746],[-121.46555777045997,49.35347500522154],[-121.46548453441584,49.35012381899339],[-121.4733820184916,49.35042272235869],[-121.47619030269335,49.35192204174226],[-121.4762935796212,49.353637827315204],[-121.48387031652186,49.35409246056543],[-121.48358311904538,49.36165752873939],[-121.50251337921134,49.36143404497531],[-121.5029585810957,49.35358009601457],[-121.52355809193054,49.353239858514726],[-121.57474046597994,49.3527535888433],[-121.57320059637009,49.3570897077459],[-121.5756713140545,49.359624792577314],[-121.57346430791176,49.36076559295039],[-121.56191860093237,49.36479319626698],[-121.54582721459124,49.36605649344701],[-121.53662241753831,49.36598670700075],[-121.52863810694993,49.36712469278829],[-121.51825220226087,49.371239210893215],[-121.50841111362547,49.37369170464015],[-121.5031775805719,49.374182298113176],[-121.50333301877681,49.38221031610004],[-121.4810131976544,49.38249047414905],[-121.48084137567197,49.388105501035746],[-121.4698248917863,49.38840226031094],[-121.46988615948676,49.40308068110558],[-121.45889418944404,49.40341318139717],[-121.45874059744382,49.41416427999178],[-121.44885691398753,49.41463535863749],[-121.44700426982794,49.429861847862675],[-121.43821998048907,49.43060819090119],[-121.4363658088912,49.42943666431191]],[[-121.53200641057558,49.36831389960468],[-121.53872739349883,49.36742659372604],[-121.55655618450096,49.366805603589896],[-121.56577467563628,49.3657602944329],[-121.57141101319378,49.36273833156199],[-121.57197745046483,49.37277112447469],[-121.56647307324221,49.37270771752019],[-121.56637399791111,49.37636156069547],[-121.5606695599836,49.3765638335725],[-121.56056996482256,49.38021772177924],[-121.55643404006261,49.380437187833735],[-121.52542516684255,49.3803529371089],[-121.50567808657331,49.378425471702286],[-121.50550542317303,49.37587227823472],[-121.51953559144559,49.37265200174268],[-121.53200641057558,49.36831389960468]],[[-121.60389851371893,49.3459384756031],[-121.59445539349115,49.34010970050088],[-121.59429581687026,49.338338976224726],[-121.59859439789696,49.3333491976092],[-121.6065519809914,49.33389553438756],[-121.61099305315528,49.33214514724603],[-121.6187407843445,49.33213883178148],[-121.61394089746861,49.34024269011932],[-121.60554763060314,49.347051983592465],[-121.60389851371893,49.3459384756031]],[[-121.41938223016192,49.66523127884995],[-121.4153390872657,49.66707309546755],[-121.4134893062444,49.666849499768844],[-121.40741140218675,49.6620085969501],[-121.4030758143378,49.65512970536201],[-121.41764085547884,49.65589704081125],[-121.42418596272111,49.65579442683105],[-121.42484271357503,49.66028528881864],[-121.41938223016192,49.66523127884995]],[[-121.41903345971195,49.515921913196635],[-121.42512434359774,49.516500377250566],[-121.42543277464966,49.52979907419754],[-121.42168798299063,49.52958327349441],[-121.41970640440569,49.52656489803455],[-121.41774292114498,49.52149190225757],[-121.41492799388502,49.51835860426661],[-121.41495867119987,49.51538979218338],[-121.41903345971195,49.515921913196635]],[[-121.42022196890744,49.4684827572627],[-121.43202722436516,49.46820740790937],[-121.4315325964187,49.47365878129818],[-121.41882110795639,49.473408563111256],[-121.42022196890744,49.4684827572627]],[[-121.58882619999486,49.365083950224644],[-121.5829510660584,49.35961414740674],[-121.58974780171975,49.35873179637926],[-121.59526261695947,49.35999650774121],[-121.59384091527777,49.36200067355704],[-121.59413503290267,49.36586077503226],[-121.58882619999486,49.365083950224644]],[[-121.39401647132635,49.62649168784589],[-121.39543516604797,49.62991211639017],[-121.39861735194573,49.6299349577204],[-121.3983695054147,49.63596101966143],[-121.39305619576278,49.63331370433498],[-121.39041849230284,49.62894131308567],[-121.39401647132635,49.62649168784589]],[[-121.42652612659293,49.560701746062264],[-121.42612102461557,49.562045744908225],[-121.42211187603799,49.56338817811606],[-121.42147290244426,49.56142669446108],[-121.42652612659293,49.560701746062264]]],[[[-121.39403973173945,49.385259097742576],[-121.3968885633607,49.38351944643893],[-121.3966287838589,49.38209246700689],[-121.3917275121154,49.381529063158204],[-121.39403973173945,49.385259097742576]]],[[[-121.44750220931151,49.37397370633702],[-121.44608841947598,49.37508880035199],[-121.44800009403887,49.37737181172217],[-121.45041670120894,49.37456190694268],[-121.44750220931151,49.37397370633702]]]]}},{"type":"Feature","properties":{"shapeName":"Fraser Valley G","shapeISO":"","shapeID":"43193130B8348407975780","shapeGroup":"CAN","shapeType":"ADM3"},"geometry":{"type":"Polygon","coordinates":[[[-121.96938986763654,49.20771060750554],[-121.97400630192037,49.20799866582226],[-121.98601407842732,49.20683164946621],[-121.9902353854381,49.20674869849098],[-122.00124650800561,49.2049641902665],[-122.00373591271095,49.20683270601682],[-122.01159258734486,49.209689708896555],[-122.01491221310195,49.21025649779123],[-122.01809400155182,49.209020311039794],[-122.02369009011743,49.20345448955627],[-122.03137621351439,49.20076850365189],[-122.03735547791929,49.199825228156826],[-122.04329060051755,49.19930150689563],[-122.04974739798098,49.19774219455009],[-122.05687085805752,49.19254171790913],[-122.06168032365231,49.19029159220977],[-122.06171428822397,49.1970576456506],[-122.07229094646083,49.19780391725599],[-122.08194518799426,49.197783056659226],[-122.12767482424395,49.19817258186897],[-122.15354192886902,49.198453455674674],[-122.20242933958924,49.19857482800718],[-122.20308529587354,49.17516113856299],[-122.21705320290975,49.17496005647682],[-122.21722800172708,49.175605916414085],[-122.22794305259117,49.17625666052326],[-122.24890540659663,49.17635852260449],[-122.24779491340718,49.169712995220515],[-122.24333649322688,49.162222187425165],[-122.2362040202966,49.1568642975997],[-122.23418280460584,49.15415159098073],[-122.23341888979338,49.1505341885955],[-122.22632670460752,49.151928403168434],[-122.22632288350106,49.1492704969581],[-122.22491900716497,49.146652802760585],[-122.22818758623802,49.14417890240785],[-122.23694490280546,49.143167711702525],[-122.2419038138902,49.14521859242787],[-122.24570349002191,49.14579678840138],[-122.24969641261524,49.14318968765674],[-122.24126009752929,49.13980941327469],[-122.23100161329704,49.134892892709175],[-122.22023598307533,49.13143790353988],[-122.21248607945431,49.13074430063133],[-122.20124130621966,49.13077848743676],[-122.1965882005712,49.13169000261692],[-122.181503594075,49.13823279318287],[-122.15904989376763,49.14118241545094],[-122.15387458518973,49.14338850370797],[-122.14997989778018,49.14390260685699],[-122.14968535135316,49.140563822395016],[-122.15290640276778,49.1403542172301],[-122.15944216195773,49.138298492517],[-122.15939327653025,49.135755375773854],[-122.16494041991527,49.13553723975308],[-122.16967790956936,49.13414962467813],[-122.16977051426237,49.13216984268903],[-122.17361392705642,49.13202283736696],[-122.17352136810072,49.12505416125111],[-122.18531565299017,49.124810732820414],[-122.18489953543563,49.11925032205533],[-122.17375932687813,49.11934480472829],[-122.1742576394223,49.113547329741266],[-122.16174377765236,49.11352667817696],[-122.1618496168591,49.10416808833068],[-122.18441325113977,49.10416122051797],[-122.18481093508586,49.096550895238764],[-122.16141045260393,49.096619301059626],[-122.13201710022699,49.09707647984083],[-122.12851256790702,49.09883231695621],[-122.12472816601168,49.10407427892617],[-122.12122198227371,49.10648729724417],[-122.11576510281647,49.10778288150884],[-122.11540009221824,49.11828786651093],[-122.11210687740126,49.11833923790087],[-122.1118542761359,49.12197044259085],[-122.1089406988636,49.12206962809329],[-122.10600133008236,49.12414507521502],[-122.10532003499026,49.12993947135415],[-122.10018754044381,49.1313828499886],[-122.10011079854742,49.13281485728576],[-122.09552475165448,49.132931253442145],[-122.09499679037059,49.136753091803484],[-122.09657271459514,49.13875549744977],[-122.09932260905259,49.13956159102769],[-122.10860500212587,49.13957300275987],[-122.12390480594314,49.14151830807605],[-122.12479121039297,49.14517159364657],[-122.11293698960256,49.14860680784245],[-122.0972642890432,49.150177694876724],[-122.08443401991123,49.14899924773403],[-122.06738013094638,49.14956407539777],[-122.06458068821193,49.149195738069274],[-122.06052520661392,49.15180411129861],[-122.05471779879966,49.15310158853577],[-122.05008361303976,49.15619209876283],[-122.04551801170874,49.16058710746446],[-122.04072879324575,49.16367451579627],[-122.03469311053951,49.16962639242843],[-122.03204530322361,49.17153509028607],[-122.02606371421133,49.17783440596649],[-122.02168599548607,49.181426311235214],[-122.0085154079072,49.184861509699665],[-121.99883018532175,49.184498616644404],[-121.99554783360203,49.18586570500746],[-121.98837029089432,49.19158089080863],[-121.98656241300039,49.193826905575],[-121.98157229139838,49.19658271138996],[-121.98077279794833,49.20139650581556],[-121.97570021132523,49.20565490036214],[-121.96938986763654,49.20771060750554]],[[-122.07479798349684,49.17903229200376],[-122.07188053021787,49.17482614951097],[-122.07674022446143,49.17294353133163],[-122.0812740078517,49.172675155103725],[-122.0812691911898,49.1708961915803],[-122.0837214949959,49.169146313189394],[-122.08940421978294,49.16881927932724],[-122.08948559993837,49.16336181816917],[-122.09232079404613,49.16329997754046],[-122.09242173367515,49.172395121102866],[-122.08380719809291,49.173101962238675],[-122.07479798349684,49.17903229200376]],[[-122.08258708420558,49.18264146346793],[-122.07604437532868,49.1879796667675],[-122.07283707257741,49.18810639941209],[-122.06980090328915,49.18660010252724],[-122.07752720200146,49.18052133846908],[-122.08258708420558,49.18264146346793]]]}},{"type":"Feature","properties":{"shapeName":"Ladysmith","shapeISO":"","shapeID":"43193130B83600490220604","shapeGroup":"CAN","shapeType":"ADM3"},"geometry":{"type":"Polygon","coordinates":[[[-123.77290075705852,48.936229720793],[-123.77317983203721,48.93938853015243],[-123.77035277839506,48.939480990628034],[-123.77109497730251,48.9443558770009],[-123.77756869870238,48.950511404783526],[-123.77997909390659,48.959803415378026],[-123.78279699201914,48.959757443681404],[-123.78602660377062,48.961631501619664],[-123.78695951146256,48.965968728340854],[-123.78879682493935,48.96752632216485],[-123.78803944956906,48.97190120655723],[-123.79395359551914,48.97292771323289],[-123.79879368475102,48.976555203436845],[-123.79917709674571,48.97909031470615],[-123.80403579657387,48.98127778898164],[-123.80449948655748,48.98372179445403],[-123.80754272149522,48.98680380201092],[-123.8085029108297,48.98958528638036],[-123.80746019412723,48.99530491154812],[-123.81223099396915,48.99437200447342],[-123.81758090631827,48.99723180899622],[-123.818210387052,49.00052750645422],[-123.82488900485518,49.00434008701614],[-123.82694450890463,49.00457650091116],[-123.83040285805065,49.00695220272609],[-123.83419162520711,49.00570967627843],[-123.8325744573691,49.00251286800602],[-123.83609215263145,49.00170462473227],[-123.83628195088126,49.000065944275],[-123.84270699515848,49.00026620329735],[-123.84272688054673,49.00175920730003],[-123.8472413646201,49.001629684702834],[-123.84543548031749,48.99812841232574],[-123.84499166614874,48.991437119770744],[-123.84018789846337,48.99148340275512],[-123.83582393847978,48.987153557063515],[-123.83588589229451,48.97926722925245],[-123.82802521655873,48.979396934655206],[-123.82607398865242,48.97755736759874],[-123.81109194865542,48.97406660797058],[-123.81128535811051,48.96861270856964],[-123.80002278069485,48.96831606597366],[-123.80017426880278,48.961240839864615],[-123.79500606916493,48.96124527246277],[-123.79274972162749,48.95220239982784],[-123.78851731346514,48.94652810794034],[-123.79066378800228,48.93636421712407],[-123.78332593219505,48.93627997759463],[-123.77290075705852,48.936229720793]]]}},{"type":"Feature","properties":{"shapeName":"Fraser Valley F","shapeISO":"","shapeID":"43193130B83618898091381","shapeGroup":"CAN","shapeType":"ADM3"},"geometry":{"type":"Polygon","coordinates":[[[-122.81608574843425,49.57235386256758],[-122.80778600082294,49.57229261511374],[-122.77988331532049,49.57427533957862],[-122.74742875879775,49.57388649840181],[-122.70008679967817,49.57355454367699],[-122.69817293475535,49.571283733470246],[-122.69272426355072,49.56884256171676],[-122.68987657512278,49.56288905421727],[-122.68314201127795,49.553477803088825],[-122.65910538018666,49.5410848626983],[-122.65542317464198,49.539648900040966],[-122.6477556268357,49.53908494998135],[-122.63878943457351,49.539239924282285],[-122.62986769630753,49.54040713969131],[-122.61373218960824,49.54070812213219],[-122.60814378573363,49.541702081421995],[-122.60802151202904,49.539805789618434],[-122.6053229231975,49.539239704419614],[-122.60411049870417,49.536252788143635],[-122.60229900603744,49.52446558524242],[-122.59451161262437,49.51277140783933],[-122.58854851025302,49.50129248833627],[-122.58742980054384,49.49837339552658],[-122.58168921052847,49.49057798950745],[-122.57285752367093,49.48589470451848],[-122.55856229562612,49.483055705565434],[-122.54023350484333,49.476311705089444],[-122.53295229551738,49.47252899997702],[-122.52785540454096,49.466538400289004],[-122.52683879230503,49.46234739956341],[-122.52811139363685,49.457868514746366],[-122.53224410998284,49.450639285954495],[-122.53519216501097,49.44348374503096],[-122.54260620545396,49.4318653793161],[-122.55006058930553,49.42344909177101],[-122.55549920697365,49.415942110851105],[-122.56237860444556,49.393138384155854],[-122.56314504828677,49.39143457146449],[-122.58528525898316,49.36516386115928],[-122.59110291255875,49.35860789658652],[-122.59717329755335,49.35552620154508],[-122.6032951579092,49.35312529498045],[-122.57922918528583,49.35223731140116],[-122.57539780213742,49.352431714835895],[-122.55798954173194,49.35272377314812],[-122.52086675602764,49.353124895434064],[-122.4541379309594,49.35359430730053],[-122.40996471190806,49.352950397227126],[-122.37125442133163,49.353261063225524],[-122.3737254277462,49.358580565687575],[-122.3639477142203,49.36100052158548],[-122.3605068551863,49.35342270515862],[-122.3327954246838,49.35398663128483],[-122.30099146611349,49.355822882904064],[-122.30242520195638,49.353922191564564],[-122.30166301757362,49.349035798967535],[-122.2991240945257,49.34591540398327],[-122.29666199015762,49.33637010813902],[-122.29601120631406,49.329076009348036],[-122.29441898549743,49.32395067931196],[-122.29835243355477,49.31271066888092],[-122.29266329226168,49.30243311144321],[-122.2774847686117,49.289741164701454],[-122.27313729139182,49.28311249107577],[-122.27435419954621,49.270976980060816],[-122.27436581527256,49.26400811651873],[-122.27103067692343,49.26380064104793],[-122.27055361488972,49.251820098548365],[-122.27024097346694,49.23330081549272],[-122.27041128971797,49.22082979249548],[-122.27020213607013,49.21005617556888],[-122.27024939805898,49.19541388231292],[-122.26927190844702,49.18660031098692],[-122.27025400984253,49.182967162404196],[-122.26996810465725,49.176641620885846],[-122.24890540659663,49.17635852260449],[-122.22794305259117,49.17625666052326],[-122.21722800172708,49.175605916414085],[-122.21705320290975,49.17496005647682],[-122.20308529587354,49.17516113856299],[-122.20242933958924,49.19857482800718],[-122.15354192886902,49.198453455674674],[-122.12767482424395,49.19817258186897],[-122.11512937590341,49.20784317760244],[-122.10713471006682,49.21946481684571],[-122.09573118740705,49.22445991662323],[-122.09258106279916,49.22860640735605],[-122.08198931887024,49.229927851138356],[-122.06979200307809,49.234047641165475],[-122.07280113379552,49.23878096603199],[-122.06214939937273,49.25144083771668],[-122.06029877864492,49.25675150199942],[-122.05298844972282,49.2598164852072],[-122.04343902143809,49.26091280008748],[-122.03620674188188,49.262292286921664],[-122.02829301093738,49.266925658129885],[-122.01851095376611,49.26976707608431],[-122.0151873083148,49.27436602287691],[-122.00571375617773,49.27936671450913],[-122.0145307660806,49.27995641059144],[-122.01636488301942,49.28324605921721],[-122.02041247538241,49.28520934492192],[-122.03323040564683,49.29327126415151],[-122.04086234254221,49.30022021020109],[-122.04428720096247,49.302071077474935],[-122.05747331533057,49.30629488746629],[-122.06997438102212,49.31467825359974],[-122.07698908923541,49.316386911441036],[-122.0796652444436,49.31931395535704],[-122.08439651020788,49.322826064051455],[-122.0867145987802,49.33219653866313],[-122.09000333549643,49.33480114588446],[-122.09303293442622,49.33506221570243],[-122.09873963176591,49.33306717174983],[-122.1030451331028,49.33258531452593],[-122.11498502274847,49.33597281544844],[-122.12178968909593,49.335480628182516],[-122.12617020280136,49.332579822309285],[-122.12967919959596,49.3288165685917],[-122.13098125683213,49.324897009644026],[-122.1306076426196,49.319933167456334],[-122.1318158596382,49.31629897728478],[-122.13466009833114,49.31361939053381],[-122.14017637347513,49.3127224017693],[-122.1460598126784,49.31328123519037],[-122.15136993523676,49.317148519564284],[-122.15609813321588,49.319595862534804],[-122.1612365484478,49.3214433822726],[-122.16191101759003,49.32433372462902],[-122.16688162650857,49.3331656443929],[-122.16558277711947,49.34007185023702],[-122.17108451665914,49.347032037214845],[-122.1699421000683,49.35248020918134],[-122.1671052237782,49.35623936497259],[-122.15282467481452,49.365861470451456],[-122.16731009226655,49.372484924774724],[-122.18381498077689,49.3972741648299],[-122.18177675743458,49.40342578893904],[-122.17311884281632,49.40937864630122],[-122.17104577117853,49.415503268039714],[-122.1655031062932,49.422495028239744],[-122.15879140673064,49.42626267967514],[-122.15388169695733,49.43360104210607],[-122.15036864743993,49.43669196000758],[-122.14283486191341,49.439153948019474],[-122.13990006196023,49.44497853585354],[-122.1421753821898,49.448433415603176],[-122.14715349150607,49.458214226541074],[-122.14526278188735,49.46457739548311],[-122.14682149598107,49.46887667062763],[-122.13874018461483,49.476809112463364],[-122.139392213192,49.48225219616762],[-122.13270036625123,49.48395228482134],[-122.12701613191393,49.487328143398344],[-122.1267784598546,49.490686544088646],[-122.13447823328548,49.500507892073735],[-122.13323144916349,49.50672124663507],[-122.13102984069317,49.51264104277674],[-122.12743993324281,49.51739900628767],[-122.12105826217677,49.522683158742765],[-122.11564310209498,49.52632205680566],[-122.11228122252862,49.52998618665041],[-122.10635560068388,49.532981187525436],[-122.09331008927089,49.53845262081591],[-122.08599253833223,49.54028286817334],[-122.08048220480443,49.54222177990035],[-122.0779985185741,49.546606523054855],[-122.0785959872212,49.55311198540633],[-122.0812502975074,49.55984478098026],[-122.08001063140152,49.564220916895415],[-122.07216935356469,49.57262709049526],[-122.07061087643208,49.5766011934601],[-122.07173901370093,49.581202808728136],[-122.07376360965979,49.583371333564024],[-122.07775505570018,49.58406778859816],[-122.08778499558545,49.58884259807203],[-122.09201448120405,49.59261132530643],[-122.09430129318606,49.59550549176782],[-122.09334797734883,49.5982625644226],[-122.09095740474596,49.60078734533253],[-122.0922123009369,49.60534777331074],[-122.09399472752801,49.607801072674334],[-122.10297460489633,49.60896144212115],[-122.10849485632912,49.608024509485084],[-122.11652044284412,49.60471698208267],[-122.13102045620151,49.60167768577022],[-122.14034629385196,49.60139450793207],[-122.14734578101222,49.60311435489114],[-122.15503376955432,49.60846921850128],[-122.15814417687501,49.60844163574882],[-122.16482706445957,49.606600198964564],[-122.1747251427177,49.60082028467507],[-122.17830865015024,49.599613361963954],[-122.18584920704254,49.5943193417111],[-122.19341846115469,49.59044258683807],[-122.20204324249093,49.58947166288773],[-122.21180022902143,49.5891371393881],[-122.22090530322403,49.58739063306193],[-122.23680658812835,49.586508978792764],[-122.24491067831278,49.58744210701231],[-122.25020300888498,49.590749032376884],[-122.25221156620835,49.59475439464812],[-122.25367952400818,49.59975564910722],[-122.2600355353322,49.60025951563476],[-122.27089528126383,49.60189180114617],[-122.27883330887539,49.60359290883015],[-122.28881427702409,49.607660335287505],[-122.29274004840447,49.610817066000315],[-122.29373675155928,49.613840820587455],[-122.29298666437515,49.619793419957986],[-122.28910578516646,49.631175369882364],[-122.28550552128883,49.63808523561596],[-122.28194325519412,49.64386211894749],[-122.28082746294704,49.650344517988906],[-122.28272192835752,49.65764809062608],[-122.28823534719176,49.66200374019763],[-122.29679954637518,49.663292688688465],[-122.30780496348814,49.66232831321523],[-122.31971031488779,49.66208705341782],[-122.33335500664337,49.66371446129886],[-122.34224565059576,49.66224914203647],[-122.34866573695476,49.65926912195769],[-122.35010399807207,49.65674403794493],[-122.34945486587398,49.65298491071222],[-122.34567920902654,49.64885248117905],[-122.34450107057876,49.64109022513758],[-122.34036378542483,49.63473456320931],[-122.34199613742078,49.62714684117754],[-122.34504012497432,49.621326491687654],[-122.35688902690627,49.62140939645596],[-122.36613075335505,49.62196296477776],[-122.3809376332275,49.625636580124144],[-122.38882536647031,49.62714011472769],[-122.3984969191439,49.63400897313389],[-122.40289815217511,49.64016040895376],[-122.41236907554759,49.641298940962535],[-122.42959632307112,49.63877146393882],[-122.44575898663794,49.6359926168839],[-122.45443796601467,49.64100242299941],[-122.45569195544198,49.64353975611224],[-122.45434133870897,49.64890075807468],[-122.4559830429461,49.6519198189283],[-122.46011432610436,49.65470844644631],[-122.46170873046515,49.65825454766237],[-122.46089173326857,49.66486538940889],[-122.46221148211384,49.6674831290773],[-122.47083707376095,49.67382571075139],[-122.47530019886413,49.67662079048689],[-122.47161895334821,49.67797271439032],[-122.47037017810953,49.68134440459563],[-122.46659598252208,49.68497881891166],[-122.47508162761147,49.694502592034496],[-122.47246794151151,49.69957642909665],[-122.46778590883407,49.706278223072694],[-122.45764890654745,49.713545122199406],[-122.45146079619421,49.71563735150544],[-122.44307618006735,49.71468010960484],[-122.4241241796786,49.71333317782037],[-122.42099947764885,49.714388380573084],[-122.4170681450725,49.720364179047706],[-122.4194548443961,49.72627238345893],[-122.4256133554016,49.72548236370057],[-122.43186680019647,49.733700494299526],[-122.43066296829564,49.741080605171824],[-122.42423219332119,49.74247643378258],[-122.42247443749652,49.747202107738964],[-122.4180822338401,49.74816754355805],[-122.42221735558662,49.75426148564563],[-122.43103137604334,49.75774241635456],[-122.44382211790798,49.75574483720166],[-122.44748534753704,49.74985402891818],[-122.45382414069937,49.749777477543766],[-122.4700270958789,49.76679042644216],[-122.48047121935774,49.77230467924633],[-122.48490052305779,49.7777856427152],[-122.49554790318068,49.77909493736567],[-122.5031504840878,49.77910710672127],[-122.50994321070154,49.78404697720172],[-122.51676943172954,49.78457987006798],[-122.52061272633799,49.78053369488522],[-122.52610830298933,49.7786719957044],[-122.54184856879206,49.78082064944721],[-122.54627365202462,49.78365318396701],[-122.5515407235289,49.782261195648836],[-122.58460664538383,49.782859950864236],[-122.60251670354279,49.77677636124795],[-122.60834128458075,49.77794950074888],[-122.61497182859031,49.77786320334681],[-122.62034926166865,49.77623187461101],[-122.62601264233045,49.77607943812616],[-122.6338002068532,49.774415671104805],[-122.63877177958642,49.77528612675047],[-122.64295161838295,49.7815503882174],[-122.64737115731903,49.78398843109897],[-122.64881567484335,49.787636087679395],[-122.64783752233845,49.7909256130386],[-122.64800207998766,49.795994567196594],[-122.63734601705899,49.805729403823925],[-122.6418931129825,49.81206760732322],[-122.65418260748386,49.818927031721124],[-122.66227764141851,49.81913009683512],[-122.66484348377182,49.82377745231737],[-122.66088961576261,49.82827717947637],[-122.65176067364463,49.8369021000163],[-122.64234271050259,49.83655490899692],[-122.63447054036685,49.83548460212911],[-122.63057563362459,49.83818767072312],[-122.626523060513,49.838543954487356],[-122.62192662094797,49.835685448669835],[-122.61622139564581,49.83505920786993],[-122.61068228453279,49.83804930865322],[-122.60846862238361,49.842685285964194],[-122.61212974540953,49.848625249384696],[-122.61235668987148,49.85213961815654],[-122.61134113542093,49.85664272429167],[-122.6084687800635,49.861019681352566],[-122.59940249431423,49.8635278709765],[-122.59177346447275,49.863846552647885],[-122.5786722017294,49.870239825425784],[-122.57815624719784,49.87211983228471],[-122.58646198355629,49.87807286290675],[-122.59503738946665,49.878912766376224],[-122.60148860691216,49.87627491558835],[-122.61195296077808,49.87505111938104],[-122.6267570530611,49.87651756855931],[-122.6391188352093,49.872341186099774],[-122.64597411735724,49.87371995522708],[-122.66524211154741,49.872746318210396],[-122.67691478800951,49.873878829284955],[-122.69234324920137,49.87697449550437],[-122.6995285664664,49.87962654991652],[-122.70967548921945,49.88870638529141],[-122.71452618287842,49.89095075089876],[-122.71993335962121,49.89203335943086],[-122.73022586205006,49.89048713192664],[-122.73921640008776,49.89164909203918],[-122.74656861135855,49.89142215428888],[-122.74616208736903,49.89643214072122],[-122.74882844176543,49.90396538915933],[-122.74546982037438,49.907659066997745],[-122.75177915716539,49.91370472221989],[-122.75274790828112,49.91851998902761],[-122.75592578943,49.92451150201868],[-122.75889366861564,49.92751979621682],[-122.76740431716324,49.93121367352182],[-122.7677936723089,49.93271025335919],[-122.77089292711737,49.934016865160615],[-122.77582363925642,49.931309471274545],[-122.78331314439183,49.93318823616368],[-122.7881474501298,49.935356700518156],[-122.7954077974209,49.93617978479334],[-122.79521308226812,49.93089715904644],[-122.79755613314738,49.927867773363886],[-122.80056069709674,49.92060048543696],[-122.80974375413294,49.91834998036969],[-122.82367432333912,49.9193733414438],[-122.8293415268453,49.917878579162114],[-122.85061799630617,49.91861036167123],[-122.85713999193258,49.918157601819956],[-122.86087321938352,49.91598618824601],[-122.86993473162977,49.903514947560076],[-122.88732716049904,49.89531673695425],[-122.8924511528249,49.89400303597269],[-122.89656566975405,49.89481837257298],[-122.90285300679277,49.898692108749955],[-122.90605022740775,49.904373163918194],[-122.91635487997925,49.91313602691599],[-122.93004520026878,49.91715878682918],[-122.93648257668114,49.917408009361274],[-122.94369984914266,49.913134582301346],[-122.95073365673363,49.911162765488875],[-122.95456731794361,49.904467591371315],[-122.96201255236596,49.902576646345125],[-122.96449486002281,49.89970599145009],[-122.96911564324598,49.88892966675187],[-122.9738932983811,49.88279946368797],[-122.98049756427977,49.88090103641695],[-122.98534427853981,49.87734247085361],[-122.98702680289105,49.8729963810099],[-123.00248067139557,49.856107236003524],[-123.00036498085754,49.85446013718702],[-122.996394642206,49.85433517889211],[-122.98921405963128,49.85759998755854],[-122.98524343300613,49.85747455514751],[-122.97915355437549,49.84688014917678],[-122.97188621534343,49.839129468621586],[-122.96465418890267,49.83499511246806],[-122.9534740571608,49.83360942122666],[-122.94463508069326,49.83366977213577],[-122.92490854990463,49.83198750466525],[-122.9162375632479,49.830354570633915],[-122.90741529706195,49.82639244629169],[-122.90194464430994,49.824652597271815],[-122.8877223981237,49.827336139191715],[-122.88055075336982,49.8269945721665],[-122.87774764144584,49.82441257191891],[-122.87220760560113,49.82195657006885],[-122.87367107384665,49.81847795159148],[-122.88041031295307,49.81137379036252],[-122.88991258345293,49.80195424030627],[-122.88983007469822,49.79877214735341],[-122.88704508134752,49.79445080531916],[-122.86759044324488,49.775663228063664],[-122.87143619671143,49.770471926308765],[-122.85579436983431,49.75617960650398],[-122.85426455448926,49.75086079004911],[-122.85531083264354,49.74346152404128],[-122.85036910882499,49.74104318779514],[-122.84647374534474,49.737179610426445],[-122.83466252519078,49.72990417027029],[-122.83094935141189,49.72262234445291],[-122.82497599741835,49.71586643745492],[-122.81693432581737,49.71408077360789],[-122.81420399155344,49.71124393867104],[-122.81352702665039,49.700648005814195],[-122.815675190313,49.69813557620064],[-122.81528885868148,49.69630885886992],[-122.83022639766044,49.68620995490318],[-122.84565389590014,49.67650126047257],[-122.85242732924488,49.67150864496572],[-122.8538307536406,49.66595948613059],[-122.84746755773169,49.66387246466196],[-122.84186480014938,49.66115849029174],[-122.83683599370693,49.6601860387394],[-122.83122868407712,49.65808638409743],[-122.83004787260805,49.652032917685695],[-122.82580979401052,49.648391570202094],[-122.82833425343519,49.643044501146974],[-122.82563701402387,49.63917391553017],[-122.82121141636593,49.63579625870751],[-122.8209868043767,49.63197096926373],[-122.81574409667964,49.62777515997211],[-122.80907930588553,49.625756125308314],[-122.81136175932151,49.6192329267492],[-122.82772198027742,49.612804538362056],[-122.84939276423208,49.61364808359696],[-122.85208460286869,49.60804140538152],[-122.84088440369368,49.602886258879984],[-122.83557734351187,49.59965641671334],[-122.83155632482212,49.59438742285309],[-122.83228392019778,49.5901457017709],[-122.82706058994388,49.58705321422286],[-122.81608574843425,49.57235386256758]]]}},{"type":"Feature","properties":{"shapeName":"Highlands","shapeISO":"","shapeID":"43193130B83720415904099","shapeGroup":"CAN","shapeType":"ADM3"},"geometry":{"type":"Polygon","coordinates":[[[-123.49751250470342,48.47549969825556],[-123.49721029746179,48.48967848947807],[-123.4933527309014,48.48851907332108],[-123.48817804316809,48.48846050254509],[-123.48272341720782,48.489724346816516],[-123.48133159327499,48.49614419088427],[-123.47486832363145,48.49776512483129],[-123.47079170802812,48.49509377910129],[-123.46404733499803,48.493669285368064],[-123.46380317964348,48.49460885589732],[-123.45650320654617,48.49350598382495],[-123.4568941892779,48.497702113110165],[-123.45908446257874,48.49862927367449],[-123.45813233641209,48.503792690851526],[-123.45830096727957,48.51466961192221],[-123.46345562768668,48.51439272192341],[-123.46361173994063,48.523168436564774],[-123.47248001859249,48.52279221356899],[-123.47276555463515,48.53732551615443],[-123.47773746262207,48.53729836567368],[-123.47778643560164,48.544144068420735],[-123.48856214615411,48.54402993134666],[-123.48850077386709,48.55022338239927],[-123.49333489261754,48.55021035290797],[-123.49378189108482,48.558039015987774],[-123.50372785690489,48.55852804351564],[-123.50567570354067,48.55739608590438],[-123.50510297783731,48.5541602971087],[-123.50794260164722,48.55236719586612],[-123.51630439699504,48.5511239028777],[-123.52173128950156,48.549057411785476],[-123.5370218990789,48.5469538011746],[-123.5386232004168,48.544760513249464],[-123.53780889864892,48.540742796995104],[-123.5381356056228,48.53327428842067],[-123.53481777747812,48.52700059433076],[-123.53441939617299,48.523746291516666],[-123.53583248113236,48.52046489812857],[-123.53479921379115,48.51733880238033],[-123.53550391834254,48.51482650211026],[-123.54397390767448,48.50281190699154],[-123.54791342276133,48.499069004528266],[-123.5473114967255,48.497241180704904],[-123.53360620152634,48.49877403767649],[-123.53250210703835,48.494290096555346],[-123.53129674857603,48.485945752373766],[-123.53465540986168,48.48594138132106],[-123.53432919895575,48.47872413337559],[-123.52468373797356,48.47870107330787],[-123.52437823930042,48.47486896698825],[-123.51595025456194,48.47499118273496],[-123.51062375845272,48.47555362574886],[-123.51047983465467,48.4770924408196],[-123.50329228626376,48.47745009635039],[-123.5035357161055,48.47558163254194],[-123.49751250470342,48.47549969825556]]]}},{"type":"Feature","properties":{"shapeName":"Mount Waddington C","shapeISO":"","shapeID":"43193130B83908014358153","shapeGroup":"CAN","shapeType":"ADM3"},"geometry":{"type":"MultiPolygon","coordinates":[[[[-127.12368444836251,50.58944386201565],[-127.12780198786757,50.591860697954466],[-127.13384442170604,50.59163420523512],[-127.13723899422666,50.59370360831712],[-127.13799198772024,50.598231197880196],[-127.13640249880517,50.60054410755467],[-127.1332038003835,50.60172480994602],[-127.12805569365818,50.600418812512494],[-127.11298069379089,50.599608395834316],[-127.10520368241657,50.60043589439323],[-127.09801578237848,50.60207229112752],[-127.09168761772017,50.60234710619581],[-127.0864966866508,50.603529196491166],[-127.07888579401558,50.60406050785461],[-127.08424098613683,50.60721649807122],[-127.08692471456276,50.60688319829075],[-127.09679409722796,50.60819490269022],[-127.10212581053814,50.610215889977646],[-127.10948069683384,50.6111729893012],[-127.12029329698879,50.61078989800979],[-127.12451649761739,50.61123560495997],[-127.12975558196874,50.61282220309093],[-127.13206417862142,50.61087099794295],[-127.13855360851699,50.60837579392503],[-127.14427839635412,50.60790858380109],[-127.15030029322917,50.57673815008327],[-127.17318933758656,50.57898741648643],[-127.17102147512769,50.59238171242956],[-127.16880030325022,50.613010046030745],[-127.17412020329007,50.61295890853629],[-127.17722029832797,50.6117213017608],[-127.18073409653273,50.61260428936322],[-127.18659821290949,50.610492204142716],[-127.19299049295566,50.610015103913106],[-127.19581040938917,50.61094939595672],[-127.19730330759745,50.61289768269939],[-127.20172009322175,50.61420650574901],[-127.20702288141547,50.622374403742825],[-127.2105764754118,50.624452295277294],[-127.21256239191403,50.62728079525841],[-127.21512020184929,50.62844439983409],[-127.21928429002642,50.62825490531114],[-127.2244264050249,50.631374002399106],[-127.22919421833504,50.633226903716825],[-127.23235147913329,50.63534319743255],[-127.24149137594017,50.6367502970328],[-127.2437298978422,50.63816029349358],[-127.24597239046074,50.64140469069031],[-127.2510931124204,50.642093997870695],[-127.25815889914257,50.64647198634546],[-127.2651523162387,50.64861689476503],[-127.26913529679359,50.64880199278737],[-127.2731423982501,50.65063350744456],[-127.27663468223605,50.651053692784714],[-127.27974710558972,50.654185500287056],[-127.28159100330379,50.65827728735863],[-127.29049801271805,50.65769760555959],[-127.29822928609968,50.65951060343167],[-127.30291248976759,50.65949780515613],[-127.31031621565427,50.66178220692119],[-127.31390789737006,50.66456801419499],[-127.32279318916544,50.6665861074006],[-127.32572330448237,50.667796701980265],[-127.32886762211686,50.67106564122374],[-127.3280305422798,50.662673787294395],[-127.34550345454622,50.66232201653219],[-127.34640417542899,50.66829977800337],[-127.35159313752551,50.66827286369051],[-127.35157634113,50.666496703680984],[-127.37225566385202,50.665860074579456],[-127.37222335509257,50.669031215796515],[-127.37912904977703,50.66853209704659],[-127.37930114668403,50.6732271612887],[-127.38398451548927,50.67324387818133],[-127.38372527495036,50.67611828217305],[-127.39880136620215,50.67588720033508],[-127.41772333363859,50.676884897478146],[-127.4181150199917,50.68240939703912],[-127.43542460604799,50.68325006466009],[-127.46616980681031,50.68375053140141],[-127.4665226186105,50.68920038739554],[-127.47321328734364,50.688425395014534],[-127.47768089692924,50.68881559206915],[-127.48804345652051,50.68824470489304],[-127.49101858814208,50.6909507917534],[-127.4948265387276,50.690827206097794],[-127.49381329049206,50.70320611188064],[-127.4952335598872,50.70582072459153],[-127.50617035836869,50.705550523292075],[-127.52076569527195,50.7057038063506],[-127.5213338789873,50.70718825547849],[-127.52140910299525,50.71497750921585],[-127.52316365727538,50.73456050189636],[-127.50526502362962,50.73387276240535],[-127.50262019602766,50.734414703088724],[-127.50536575846007,50.73702493738124],[-127.49813689050197,50.74284453289655],[-127.49517761086524,50.742786595204535],[-127.49778409618015,50.74423970148422],[-127.49458120257952,50.74731030405863],[-127.49411970597211,50.7519816987741],[-127.49294160831742,50.754196310516875],[-127.4939568999819,50.756116188154024],[-127.49121560900869,50.75808590663873],[-127.49114950242797,50.76052268867329],[-127.48792959848807,50.76189278537637],[-127.48551120145434,50.765646997699434],[-127.48803410460806,50.767019909231486],[-127.49990470324673,50.7674343922052],[-127.50721608721484,50.7685537977786],[-127.51346389906027,50.76873179868777],[-127.51055401633424,50.771456301536965],[-127.5123510905887,50.77338609184866],[-127.51553018772765,50.77291330136821],[-127.52217659668253,50.77576741502813],[-127.5247441190631,50.77619609595884],[-127.53076779218104,50.77541849563188],[-127.53303259257767,50.77742519099551],[-127.53845460110631,50.779543006181214],[-127.54474880563328,50.778299708434744],[-127.54731469322654,50.77931228778161],[-127.55101418739578,50.78260510148982],[-127.56300559068349,50.78381420276585],[-127.56695991961928,50.785329598422635],[-127.57293469786828,50.78388259716134],[-127.57609310796106,50.78404779678934],[-127.57988390868638,50.78957939359375],[-127.58809680225995,50.790577793680384],[-127.59446359166367,50.79021460126569],[-127.59928300441852,50.79176558842237],[-127.60298815673362,50.795276514486375],[-127.60272062300781,50.7712230429026],[-127.65108670342279,50.771327912630404],[-127.74299916383019,50.768906690290194],[-127.76521477643978,50.7681977549801],[-127.7632456182391,50.73784608045188],[-127.76253149089348,50.6960456594566],[-127.76149519349647,50.67157737212457],[-127.76018828594601,50.63056038021946],[-127.75934101852386,50.607470308499636],[-127.7555344108053,50.60428979831163],[-127.75515719925595,50.60249530152459],[-127.75144849657508,50.602231795307745],[-127.74815020503031,50.60510010929121],[-127.74083031091664,50.605084503418446],[-127.72795627458011,50.60659979434513],[-127.71866488540711,50.605302404369105],[-127.71466291305806,50.603297099893815],[-127.70696589552418,50.60362610192359],[-127.70572290346726,50.60566270558645],[-127.70096452655537,50.61016040216672],[-127.69499221344414,50.60939129328573],[-127.69383680376163,50.60824619170647],[-127.686822914543,50.607366106282186],[-127.68133229764796,50.60614408593997],[-127.67595817983224,50.60675790221881],[-127.67116149345709,50.605966099530136],[-127.660919785363,50.606262307817815],[-127.65390080486561,50.607602483683124],[-127.65126349622345,50.60738310909557],[-127.64925891513765,50.60288120718007],[-127.64942388361705,50.600571191839585],[-127.64151989507614,50.599300805148445],[-127.6384343066121,50.59795198605237],[-127.63181839089445,50.59709181385072],[-127.6237302851156,50.595395604219654],[-127.61288550341823,50.59515918895032],[-127.60401290610653,50.593667981990336],[-127.59276630115687,50.59370359543826],[-127.58494222158103,50.595938200835874],[-127.58289308587929,50.59827960484945],[-127.58023828450044,50.598714005225354],[-127.57645271031075,50.601447005322164],[-127.57196309535578,50.60090581330678],[-127.57266258646563,50.59875669513418],[-127.57080201587361,50.59629710551029],[-127.56790280039252,50.59498398808355],[-127.56925101091235,50.59335469961254],[-127.57627081173298,50.59254999358664],[-127.57996050949485,50.591543091060245],[-127.58067939125603,50.58875448779354],[-127.57854408433901,50.585535805888696],[-127.57918860991654,50.58384380582937],[-127.5735937850507,50.58293940348007],[-127.57011419462806,50.581241813402116],[-127.56640178875602,50.57788639355905],[-127.56224651170601,50.57285320043247],[-127.56022470765731,50.57295289568845],[-127.55748064843664,50.57032117188992],[-127.56492088016338,50.5591784803111],[-127.56881580945075,50.55884039065572],[-127.5761584957136,50.563913399588365],[-127.58735811708918,50.567619196844724],[-127.58982921241572,50.57001470855407],[-127.59648179614277,50.572316301133874],[-127.59680371100522,50.57434430184053],[-127.60348901750957,50.57607050497758],[-127.60579660679876,50.575388302091035],[-127.6105252002226,50.576954885109956],[-127.61587090354169,50.58057099507597],[-127.61924038223779,50.58077319492459],[-127.62318378103289,50.579755010033004],[-127.6214568821342,50.55224518445858],[-127.62019735923766,50.54963696089749],[-127.6204964889843,50.54666330151205],[-127.62686467695363,50.54684999807043],[-127.62669989517087,50.54474921795666],[-127.66572109671151,50.54263323124718],[-127.66584459611538,50.53163367264879],[-127.66110882276932,50.53341540266086],[-127.65369890688251,50.532907006901986],[-127.64510379784504,50.53690901378584],[-127.64111970255526,50.53608009125015],[-127.62797981077583,50.53618690157496],[-127.62525927981393,50.53848420058972],[-127.62045811307712,50.534712894825645],[-127.61314619370853,50.53339400903336],[-127.60852871521111,50.53513513437605],[-127.59960007984463,50.52663833442982],[-127.60459639674855,50.523740786921856],[-127.60889198844755,50.52401709994678],[-127.60737038025631,50.52102189373455],[-127.6077627024324,50.518760287673786],[-127.60472170594375,50.51856088159859],[-127.5987406026279,50.513785512315074],[-127.59273878407717,50.51210350454563],[-127.5866694127299,50.508485994134],[-127.5851553156976,50.50585130334005],[-127.58143550067241,50.5043401956662],[-127.57986309986353,50.509681001035474],[-127.58357759371688,50.51375561642552],[-127.58051958478335,50.51748700024892],[-127.57744640219619,50.51641459786046],[-127.5764271894974,50.51471979683926],[-127.57861701113866,50.51268749608284],[-127.57549871053479,50.50989740770463],[-127.57690659031852,50.50857429196015],[-127.57440400921968,50.50461360035546],[-127.56919497906796,50.50197739620602],[-127.56459609530408,50.495498707518564],[-127.56057431048828,50.4923469038389],[-127.5563402946152,50.486493396187974],[-127.55205027781152,50.48293289666215],[-127.543564802759,50.48113549000895],[-127.53837428618321,50.47849790309279],[-127.53165068130016,50.47077729248579],[-127.53050480294631,50.46774080151972],[-127.52154359301134,50.462761797600905],[-127.51883609391555,50.460542892101664],[-127.52237529680397,50.458212900142705],[-127.5186972869047,50.455989703971596],[-127.51631377719717,50.456022393601806],[-127.50532882821791,50.44691505446098],[-127.49321167151201,50.4475373258395],[-127.48486783289434,50.44737352477909],[-127.4844209344697,50.434702440327264],[-127.47086690264027,50.434341062971896],[-127.47113646500276,50.404725412706185],[-127.47304729044649,50.40216720120578],[-127.45980903443102,50.39334750208423],[-127.4513950235391,50.39284483779757],[-127.44111751965647,50.38436856061408],[-127.44176326632302,50.3772508293554],[-127.4407318039843,50.37631800610235],[-127.43733391998366,50.36925680448807],[-127.43909788941212,50.36650229776505],[-127.43740691490402,50.36450989765575],[-127.4400359004647,50.3619177964121],[-127.44153381070221,50.35871900231143],[-127.4406602854721,50.3557752050667],[-127.43718660931064,50.35147410766698],[-127.43708010158136,50.349619799802575],[-127.43395349129692,50.3455479117842],[-127.43335799224853,50.343507108548884],[-127.43568228322843,50.34210850067382],[-127.43988199057635,50.34246499769094],[-127.4398279416147,50.34039737901017],[-127.42904835832721,50.33697459831732],[-127.37624419968853,50.3097395307281],[-127.36875368513182,50.3089086905279],[-127.36254041445478,50.3029384986371],[-127.36025960096198,50.298184399357595],[-127.36179130721507,50.2953288909217],[-127.36716717985055,50.294851956459496],[-127.36546337994763,50.288837705037295],[-127.36346316586419,50.28557726598863],[-127.36707590104164,50.28570675884642],[-127.37180817054896,50.28409701231393],[-127.37678099950989,50.28125648014537],[-127.37797044321292,50.27957222804565],[-127.37950581679011,50.27330200298028],[-127.38156033121433,50.27170235980909],[-127.38362523163468,50.26769664378692],[-127.38126120732302,50.26210181907935],[-127.37776527405072,50.25757587720253],[-127.37656168424238,50.25189678275429],[-127.36500047824835,50.25036116102476],[-127.34824074577041,50.240831393339874],[-127.33392501519218,50.232004174121485],[-127.32103479671176,50.23043756992116],[-127.31309447742659,50.23080821771205],[-127.306643968176,50.232260054857925],[-127.30425962412558,50.23655471271221],[-127.29573259602283,50.234084100417476],[-127.29109781810062,50.24011000155093],[-127.29450047651905,50.260769670790864],[-127.29559692354015,50.27092349088148],[-127.2969230641487,50.27680550095755],[-127.29438581785773,50.28004485552892],[-127.28494303475239,50.27933121912962],[-127.27577861012402,50.277109148173345],[-127.26931942347808,50.278558764791164],[-127.2658340829931,50.28217319726804],[-127.26557909705753,50.28432830802706],[-127.25702800462817,50.28314785005998],[-127.25334383098809,50.28071828935715],[-127.24884692085705,50.28021119367776],[-127.24523720533436,50.277464901890696],[-127.24010797909627,50.26966317971893],[-127.23661592156903,50.26703448782097],[-127.22545510706932,50.26446365355125],[-127.21786197578503,50.27058720738434],[-127.21467810560317,50.271687071907294],[-127.20476387308608,50.273287784693345],[-127.20155737475666,50.275296000128634],[-127.19405938140115,50.27081559439445],[-127.1869523206173,50.265032260213886],[-127.17871935450798,50.26281095072961],[-127.1674981965994,50.272778188059924],[-127.16190815669198,50.28447657435571],[-127.16147741898517,50.287481411394154],[-127.15616220235434,50.29252131262766],[-127.14769383711743,50.29608175494101],[-127.14164766610443,50.30360136822467],[-127.13619370231898,50.30733636177172],[-127.1276525505572,50.31203597060692],[-127.12007001695348,50.31902310216465],[-127.11237259924731,50.324138964124025],[-127.10824294105993,50.322168077694684],[-127.1014561604662,50.3206343731657],[-127.0955990377133,50.3241728748597],[-127.09459212895075,50.32808381087438],[-127.09534610784289,50.33089032041238],[-127.09366699867715,50.33302417348062],[-127.09797435141245,50.33475084894334],[-127.09477100458757,50.34029515746388],[-127.08349538395024,50.34318651463413],[-127.07643972569039,50.34759257588141],[-127.07645763952078,50.34970578985447],[-127.0819396940956,50.355044343729006],[-127.08214114231814,50.35773783837153],[-127.08780562669227,50.36496245332688],[-127.09229309238357,50.36546948819042],[-127.09624701166531,50.36463328337182],[-127.09839628523468,50.359920153985165],[-127.09808217310277,50.3565141259716],[-127.09980532579172,50.3544333127759],[-127.10720379173254,50.35316683716778],[-127.11246384805389,50.35393784196271],[-127.11907059238624,50.35621715932026],[-127.12598657012744,50.361437062522846],[-127.13326679204528,50.36361215805705],[-127.13445395243973,50.3653461612637],[-127.13514156763968,50.36997064185465],[-127.13702368403239,50.37110278111117],[-127.14372972313699,50.37268878932945],[-127.14731269088847,50.37686208510173],[-127.14697517657277,50.38213660594501],[-127.15325747183557,50.38315516882284],[-127.1575922750062,50.384947961305514],[-127.1651880524442,50.3860473545794],[-127.17075997285237,50.38920347675147],[-127.16675776265419,50.393452446868174],[-127.16768754904118,50.39816098829112],[-127.1715910598031,50.3991758104207],[-127.17390891392341,50.40106224676718],[-127.17173762588308,50.40267786539627],[-127.16787121496691,50.403741306801386],[-127.16335983158487,50.40786458405086],[-127.1604022145911,50.41346791593572],[-127.15261626566979,50.41249930611885],[-127.14916784189045,50.4130649005035],[-127.14026537874288,50.416645491390575],[-127.1323582568628,50.42365452590118],[-127.13042769335246,50.428059565535236],[-127.12702005169837,50.43066409334936],[-127.1243668578049,50.434986564166536],[-127.12376103378672,50.43836611997169],[-127.11754207247526,50.4442816727105],[-127.11208551565186,50.44697202806356],[-127.10931327623702,50.447413129992],[-127.10254610204115,50.44517627888487],[-127.09549216024608,50.44436241383365],[-127.09524653779165,50.447407773517966],[-127.0976090122035,50.449177341229976],[-127.09189409965175,50.4533190660538],[-127.09070584461662,50.45526255793901],[-127.08619025281013,50.45839739623099],[-127.08439429260704,50.46156333638698],[-127.0855607341817,50.46421487243937],[-127.09083097912458,50.467785643741536],[-127.09056523950656,50.477145324723786],[-127.08138231301548,50.48273603369795],[-127.06851661600473,50.4861625800147],[-127.06577045159774,50.49036240816023],[-127.06185334922827,50.49301690592794],[-127.05730445533577,50.49501775058127],[-127.05406701707817,50.495596558557345],[-127.04891740145621,50.49502722705104],[-127.0310122630468,50.490483021843566],[-127.03285181674093,50.500802424319076],[-127.07722201783066,50.50108037513909],[-127.0767397711642,50.50677438674743],[-127.06101090726595,50.51092009289697],[-127.05474836403411,50.51143536873851],[-127.03005483116361,50.52048910393258],[-127.02002938530646,50.52361096107472],[-127.01526970155365,50.530413183487155],[-127.00859830403648,50.53097861164466],[-127.00168659820622,50.528813787403045],[-126.99990740534206,50.530584088923355],[-127.00202161377963,50.533248798035515],[-127.00524822120857,50.53531529839743],[-127.0098535081309,50.53603070889033],[-127.0122231943441,50.53723091100046],[-127.01152401057901,50.541855394328536],[-127.01383811967689,50.54539439575275],[-127.01082350197963,50.547523605944974],[-127.00815099709023,50.5432096872661],[-127.00492980134374,50.542510408078876],[-127.00136438596176,50.548109994448644],[-127.00085651430997,50.55012569234306],[-127.00353288084271,50.551962891744324],[-127.00215217900393,50.55424499996208],[-127.00278927775997,50.55890609367196],[-127.00044020397951,50.56315999552824],[-126.99736192710274,50.565688223566305],[-126.98880430563099,50.56737478280434],[-126.9820057118244,50.56666220665639],[-126.9748531965453,50.571142707689994],[-126.9747299063827,50.57366781123697],[-126.97629922101245,50.57660029742415],[-126.98001820864279,50.58045129409068],[-126.98907628888703,50.582398207818564],[-126.997457005646,50.585599894439],[-127.00062921441344,50.58611399527793],[-127.01180421406362,50.58574800504891],[-127.0182223905613,50.58296078853722],[-127.02374719302088,50.58295508833118],[-127.04089189738109,50.58747270456209],[-127.04318129364715,50.587554963743415],[-127.04729249384782,50.58684723560405],[-127.0472788876012,50.57851773107811],[-127.0695565748186,50.578650081889286],[-127.09126551991565,50.578245240049625],[-127.10100103335236,50.57904270463525],[-127.1012629441709,50.57198491067196],[-127.12096632545027,50.57227383784568],[-127.1244241572832,50.57306133080412],[-127.12358368934026,50.582335745120346],[-127.12368444836251,50.58944386201565]],[[-127.56542155774537,50.61919007077385],[-127.56323585223535,50.617780059184426],[-127.5742427204122,50.6120052453285],[-127.57794342930573,50.61359258185165],[-127.56868645168889,50.61706875682964],[-127.56542155774537,50.61919007077385]],[[-127.48944311740289,50.59279881113349],[-127.48240099913026,50.58811790988648],[-127.47738760902294,50.58674918705492],[-127.46320747626673,50.587065397324054],[-127.45997289251369,50.587860104081464],[-127.45129629425557,50.59142349484352],[-127.44662719923153,50.59246739854192],[-127.43594771913169,50.596254406677566],[-127.43339760523939,50.59519479023127],[-127.42974688919263,50.596197409954],[-127.42733990680837,50.59971810556976],[-127.4246060255059,50.59989750304175],[-127.42645310201765,50.60386961185065],[-127.4235732739594,50.60544049468558],[-127.41938851122107,50.60336969836311],[-127.4233166089978,50.602542308627186],[-127.42389899402731,50.599483102042086],[-127.42684470255261,50.59890201116167],[-127.42105259506712,50.595909715563415],[-127.42071561393233,50.59329629113691],[-127.41834079270294,50.59335471230346],[-127.41832370731231,50.588162788865525],[-127.4170668933099,50.58536911453746],[-127.41914209698356,50.58247369218122],[-127.42806619583698,50.5825762867542],[-127.44060969873141,50.58001130516774],[-127.45565150973081,50.57879929566108],[-127.46529881717464,50.57613030403952],[-127.4705034116176,50.57636960204509],[-127.47686062594818,50.5759309015571],[-127.4815449894957,50.57690930541491],[-127.4944809936314,50.57568311484183],[-127.5018417957533,50.57378179820352],[-127.51008970057775,50.57379739243929],[-127.5188037092552,50.57243449287417],[-127.52390859521667,50.570403494134155],[-127.5236962998648,50.568601901939545],[-127.5299788754093,50.56734999553589],[-127.53005652390644,50.56121740062252],[-127.53216608915469,50.56009229197476],[-127.53731314618764,50.55965472985704],[-127.54737612064775,50.5713556761972],[-127.5395086063305,50.57471890041324],[-127.53593642202168,50.580115198418326],[-127.53691138612282,50.58237690029417],[-127.52531309936599,50.58514408445713],[-127.51836089797428,50.59103611119969],[-127.50965280910881,50.593461487802486],[-127.50880179158624,50.59433706723806],[-127.51401114533864,50.59539745451828],[-127.51540516823972,50.60146992030977],[-127.49868839552819,50.6021212839497],[-127.49835599439344,50.60063753108502],[-127.49181292499588,50.60075225584525],[-127.49105025754514,50.59795031660293],[-127.48346345474475,50.59544532824934],[-127.48323212849023,50.592430854383664],[-127.48944311740289,50.59279881113349]]],[[[-127.42377730422007,50.71833936026842],[-127.41764740907722,50.72220719532012],[-127.41862201068123,50.724819187982774],[-127.41556810993421,50.72625339014759],[-127.41293851109597,50.72569509989084],[-127.41076509727839,50.72876849176002],[-127.41187839753115,50.73274918587615],[-127.41043671505689,50.736795406312666],[-127.40770909788968,50.73785499731717],[-127.40677231049233,50.743328199312565],[-127.40960538621229,50.74754960570672],[-127.42007741840241,50.74890540000895],[-127.42363668057818,50.74843259769276],[-127.424291000672,50.74669650327621],[-127.42891219823515,50.74625500655993],[-127.43209689176417,50.74726040298917],[-127.44109469234145,50.746949996291875],[-127.44599700036282,50.745323506467564],[-127.44730259930701,50.74357890616184],[-127.44503720598529,50.74090418508853],[-127.44667249273324,50.736906403602596],[-127.44128469870265,50.73266939636787],[-127.44770350183937,50.73270219854714],[-127.450835097261,50.73101730686944],[-127.45412259244794,50.731447392246864],[-127.45870910024237,50.73030238767667],[-127.46038780589633,50.727492384138614],[-127.45715539047546,50.72454428871072],[-127.45708464603199,50.72220839941043],[-127.4418674030789,50.72565594733992],[-127.42883921564479,50.72646278491826],[-127.42762164752556,50.71836738915778],[-127.42377730422007,50.71833936026842]]],[[[-127.39768772126912,50.7312693998043],[-127.39866717988424,50.72993349976885],[-127.40367489785265,50.72851930169871],[-127.40511639217037,50.72657811540123],[-127.4021747877218,50.72431640008629],[-127.39789999366668,50.725400296891024],[-127.39466969130402,50.7250314040741],[-127.38619222167776,50.728826900428935],[-127.38771529310515,50.73109569883251],[-127.39768772126912,50.7312693998043]]],[[[-127.38478199137896,50.71671120030645],[-127.38709371825708,50.71495230054637],[-127.38243928776853,50.71029220353022],[-127.37945058363947,50.70987350153613],[-127.3739443163964,50.71307089842688],[-127.37274140549768,50.71711851025976],[-127.37810511064909,50.71891158784349],[-127.38478199137896,50.71671120030645]]],[[[-127.50827538807317,50.770465101417756],[-127.50706408711264,50.76928869001732],[-127.49450771943937,50.76771639867224],[-127.48770920515945,50.76789718796865],[-127.48715887503762,50.769949495072574],[-127.4935564069643,50.77302720042991],[-127.50827538807317,50.770465101417756]]],[[[-127.02423400499966,50.60401919838878],[-127.02832021493779,50.603324092820344],[-127.02802031117744,50.60105248859286],[-127.02603660616388,50.599121286387124],[-127.02258591100929,50.59816280417043],[-127.01761741888079,50.59940049518259],[-127.01773129518952,50.60275731496575],[-127.0201641127888,50.60435530204583],[-127.02423400499966,50.60401919838878]]],[[[-127.40222097805474,50.711249296702235],[-127.40150340619498,50.71365908234713],[-127.40635779730232,50.714633213976704],[-127.40491088612767,50.71090749560357],[-127.40222097805474,50.711249296702235]]]]}},{"type":"Feature","properties":{"shapeName":"Burnaby","shapeISO":"","shapeID":"43193130B83912708518686","shapeGroup":"CAN","shapeType":"ADM3"},"geometry":{"type":"Polygon","coordinates":[[[-122.95742637300958,49.19012082753094],[-122.95105800464282,49.19430696773159],[-122.95995134100922,49.201367586118586],[-122.94983837803005,49.20700074566284],[-122.89736026756503,49.23528685778789],[-122.89250675301781,49.23803341956279],[-122.89257651938902,49.24578503354624],[-122.8934243168867,49.27029337852822],[-122.89431145977146,49.28977772908872],[-122.89317333507468,49.291946783751555],[-122.89943458026573,49.28873709378574],[-122.90361569534859,49.28819221479685],[-122.90919810373465,49.288844208188955],[-122.91242750068739,49.290358001247434],[-122.91814910022863,49.28910270653313],[-122.92359048782878,49.291858905028285],[-122.92916048763732,49.29247430705202],[-122.93706799344896,49.292020005442865],[-122.94296999329124,49.29083579037223],[-122.95263861013177,49.29027359047753],[-122.95958519237111,49.28821639021276],[-122.96199027773238,49.2887476935388],[-122.96632269563541,49.28808358915731],[-122.97253769733342,49.29047788625929],[-122.97383029764435,49.28989340511779],[-122.98106292353573,49.292557500674185],[-122.98456919764753,49.29455469420793],[-122.98935570608548,49.29504998605005],[-123.00015170389598,49.29076848312393],[-123.00479962316099,49.29085820417944],[-123.00917221093658,49.29247759625057],[-123.02011978807836,49.29368100107485],[-123.02308603023765,49.29349531717832],[-123.02338202096557,49.2820491977051],[-123.02356977804781,49.24096749138979],[-123.02350081242756,49.222729990873226],[-123.02371032366997,49.209247287479364],[-123.02313950743623,49.19974447006938],[-123.01754510289223,49.19827740631684],[-123.00471155975369,49.193052604227944],[-122.98715081290409,49.18298091992589],[-122.97820594558566,49.1801598913624],[-122.97294935590133,49.18072247005856],[-122.9697418315506,49.18190544388781],[-122.96518025988573,49.186491341281375],[-122.95742637300958,49.19012082753094]]]}},{"type":"Feature","properties":{"shapeName":"Courtenay","shapeISO":"","shapeID":"43193130B84818998227107","shapeGroup":"CAN","shapeType":"ADM3"},"geometry":{"type":"Polygon","coordinates":[[[-125.01054938744598,49.6907701870472],[-125.0137701860983,49.68914730061934],[-125.01594210991327,49.68955999070365],[-125.02089248934716,49.68752330213211],[-125.02680138512497,49.6874463939054],[-125.03016199318841,49.684901417298384],[-125.02664887848802,49.68299227064441],[-125.03260008041902,49.68206300247943],[-125.02826543898053,49.67867603746097],[-125.02278239602047,49.680153404281214],[-125.01134384895127,49.671390110606964],[-125.01328908898863,49.66939939385819],[-125.02045550513432,49.666320845305385],[-125.0117817153196,49.66041441827284],[-125.01181792191349,49.66316919632906],[-125.0084700401038,49.664897070866004],[-125.0051855517209,49.66660905214673],[-124.99328299829078,49.6573153052499],[-124.98615739453089,49.65722669779963],[-124.98630786508679,49.654480556911906],[-124.98181339016101,49.65476841353668],[-124.98163132791669,49.649866700434245],[-124.96721633717752,49.649631611053856],[-124.96714646904044,49.64722375643063],[-124.9631643624245,49.64746529567774],[-124.96306276799373,49.65383725146146],[-124.96232660975525,49.657424850777424],[-124.96986039037702,49.66263530240906],[-124.97217980844187,49.667911990649415],[-124.97741238803566,49.67116911090616],[-124.97926860247915,49.67352908350074],[-124.97836702319425,49.677944099556946],[-124.97628694956033,49.67986233160765],[-124.98199206007291,49.68260516965365],[-124.98397593981636,49.6845904072105],[-124.98923461702583,49.687178656209156],[-124.97448050417877,49.69443017865367],[-124.97228108697325,49.69516298050283],[-124.96871001916271,49.691289774129324],[-124.96371188619689,49.68792849226919],[-124.95612442226042,49.689364133046844],[-124.95269746640528,49.688736781918294],[-124.94847404525449,49.69098045096062],[-124.94521362170634,49.692938990381656],[-124.94554313756481,49.698950652264685],[-124.94387230965403,49.70610651439831],[-124.9399214601122,49.705833580865004],[-124.939920517016,49.70966527568523],[-124.93394169924105,49.70955792357251],[-124.93326747202791,49.72972778811199],[-124.94452889775982,49.729982573611906],[-124.94478516088427,49.73386798054257],[-124.93313970805445,49.7337717426778],[-124.93295712482438,49.73842234894628],[-124.93568490291774,49.7409335109654],[-124.94386120192267,49.740920053909],[-124.94405690223326,49.737139840179054],[-124.9554490042298,49.736939888081245],[-124.9553267945223,49.740602293991614],[-124.96592351122139,49.7407282662725],[-124.9671441734295,49.73916234873814],[-124.97797861935936,49.73383301158305],[-124.97096250371409,49.728323112583695],[-124.96909522234051,49.7245211046985],[-124.97956896315969,49.723578206756855],[-124.98729589975045,49.719613670531515],[-124.9873964967491,49.71826043601554],[-124.9931570481167,49.71619434485303],[-124.9932735239768,49.71970090447485],[-124.99981059338599,49.7253529257162],[-125.00573371308622,49.722522872454924],[-124.99949066690019,49.71705584434745],[-124.99739508311468,49.71809350136605],[-124.99464669185508,49.71593956816777],[-125.0130424840179,49.707626851155965],[-125.00906541009499,49.704662288514484],[-125.00273721569735,49.70374939781167],[-124.99929025101883,49.702545975088206],[-124.99707289234541,49.70280078915351],[-124.99218820187701,49.700185200336094],[-124.99197682531751,49.69747319746419],[-124.99492984703686,49.69578141532533],[-124.99742361469308,49.699604892480366],[-124.9999497832671,49.69895550065867],[-125.00055340590731,49.69655709754131],[-125.00338710218811,49.692748791516074],[-125.01054938744598,49.6907701870472]]]}},{"type":"Feature","properties":{"shapeName":"Yuquot 1","shapeISO":"","shapeID":"43193130B85027406099042","shapeGroup":"CAN","shapeType":"ADM3"},"geometry":{"type":"Polygon","coordinates":[[[-126.63720414168709,49.592758560678334],[-126.6293947949855,49.59371489548179],[-126.62349659391941,49.5926482063957],[-126.62077618078695,49.59139629351937],[-126.61773358191999,49.595301500442424],[-126.6135506048688,49.597356605617776],[-126.61405211043596,49.59899450459021],[-126.63715638943259,49.59882720702847],[-126.63720414168709,49.592758560678334]]]}},{"type":"Feature","properties":{"shapeName":"Gordon River 2","shapeISO":"","shapeID":"43193130B85114844446103","shapeGroup":"CAN","shapeType":"ADM3"},"geometry":{"type":"Polygon","coordinates":[[[-124.41463488685409,48.576367498772434],[-124.41119330731235,48.575597487527624],[-124.40704301915669,48.5726607986278],[-124.40186083331996,48.5667818515399],[-124.40126515415322,48.5777116500015],[-124.40159906447,48.58498437003706],[-124.4124928060607,48.584789656138526],[-124.41260039179365,48.578875509906474],[-124.41463488685409,48.576367498772434]]]}},{"type":"Feature","properties":{"shapeName":"West Kelowna","shapeISO":"","shapeID":"43193130B85172900013385","shapeGroup":"CAN","shapeType":"ADM3"},"geometry":{"type":"Polygon","coordinates":[[[-119.50671598609432,49.91822066753529],[-119.52193738950098,49.92272450068398],[-119.52155773859927,49.92571934763193],[-119.5300207276977,49.9257258576456],[-119.5297828683499,49.93378637976869],[-119.5316776825351,49.93387327532467],[-119.53229828303405,49.93981102002942],[-119.54175243026091,49.93981138940674],[-119.59848365595752,49.93829497781002],[-119.60021206030119,49.94007553662199],[-119.59991216521773,49.9423063402532],[-119.60252314672935,49.944418818654334],[-119.60733613440917,49.94250169536308],[-119.60843851409592,49.9397883233996],[-119.61280543617143,49.93811250024474],[-119.62079222334785,49.93780048571261],[-119.61770531834217,49.93515695814312],[-119.61879079063252,49.93411503258276],[-119.6267275007705,49.93076481427225],[-119.6290659547955,49.92891527407899],[-119.6254160573168,49.92659760121639],[-119.62437245602996,49.92377500534734],[-119.626909860976,49.92041289996927],[-119.62443624748809,49.91815648746401],[-119.62240918792278,49.913658339132475],[-119.62378699876277,49.91146385838603],[-119.62643667475021,49.91087586723402],[-119.63097368694555,49.91249447935727],[-119.6348021126467,49.90954867198426],[-119.63524870581458,49.906500763992646],[-119.63718686942302,49.904905768263056],[-119.63227209893074,49.90379709848097],[-119.63128627633283,49.901835678652134],[-119.62863454702851,49.90185397728202],[-119.62027947396547,49.89784874188774],[-119.61815853124116,49.895178076724676],[-119.61819913694991,49.89281140223649],[-119.6206352154863,49.88788507002102],[-119.61703364600199,49.88677471712433],[-119.62359272426947,49.88480076768811],[-119.62789543049351,49.884366945249],[-119.63326448993861,49.88281573985049],[-119.63747793908618,49.883695145757045],[-119.6388404185653,49.882713924991236],[-119.64668881799443,49.88128765951116],[-119.65306563101355,49.8824938468631],[-119.66060320580148,49.88859719781583],[-119.66101324939258,49.879818481880704],[-119.67568802941607,49.8736230713505],[-119.70775183792529,49.86119043057188],[-119.71672640303377,49.858052854403496],[-119.72590773128148,49.857979030010604],[-119.72641771598465,49.83710398981702],[-119.72615381414916,49.80598909739939],[-119.71025222178821,49.80596418525611],[-119.70627285840656,49.802235192541204],[-119.70100014594226,49.801785324661914],[-119.68719969914923,49.801562143870555],[-119.68628649924969,49.80533966753616],[-119.66439469777852,49.80525070181306],[-119.66223859262176,49.80229585263093],[-119.66451171269104,49.79879299799272],[-119.65194821494873,49.7871295115427],[-119.63605270681785,49.79016748416509],[-119.62558889133892,49.79245189807059],[-119.58977112961506,49.80147075350168],[-119.5739384139961,49.80593339642862],[-119.56454951276868,49.81000729720622],[-119.54963330618716,49.818880605404004],[-119.53234349250083,49.828541503970754],[-119.52741238112563,49.83203199799095],[-119.52218399603078,49.836866210034536],[-119.5170378300258,49.84541644772064],[-119.51545300633022,49.850935889018466],[-119.51158859200113,49.878109613654],[-119.51296111958328,49.886458976757794],[-119.5185598496523,49.90118456683195],[-119.51827449354839,49.90397710088183],[-119.51489821509159,49.90995429359105],[-119.50671598609432,49.91822066753529]],[[-119.58914295851089,49.85341416968635],[-119.58862339158038,49.835069080659544],[-119.58889511041845,49.83068137468738],[-119.59261511423738,49.83106554096979],[-119.59242500880679,49.8278100104181],[-119.5979752115606,49.827743839203436],[-119.59815330698295,49.822041795678594],[-119.60154827599986,49.82229629399773],[-119.60904903524278,49.825226390426785],[-119.60938339123821,49.831192532821916],[-119.61992068747077,49.830725892122025],[-119.62539429217973,49.83138719085839],[-119.62547713364039,49.843753721193245],[-119.62519415795224,49.84792860285804],[-119.60531509922696,49.84776547359709],[-119.6008576098467,49.84944678000233],[-119.60076152839176,49.856687002033446],[-119.58926393546072,49.85691271322969],[-119.58914295851089,49.85341416968635]],[[-119.62126458484207,49.82976525479709],[-119.61766391480911,49.8262462860996],[-119.61788791199216,49.82399310882227],[-119.62529936326072,49.82450554370834],[-119.62537388505288,49.82868360455182],[-119.62126458484207,49.82976525479709]],[[-119.53211648889499,49.89056570441288],[-119.52457789721717,49.88699669194072],[-119.52442071856004,49.88450859909496],[-119.52253469464962,49.879548105887864],[-119.52322109941343,49.87753709969553],[-119.52843098924792,49.87493929291748],[-119.52897304302375,49.87355077690812],[-119.5359806098407,49.87372689056499],[-119.54290585393181,49.873094982274246],[-119.54426870594881,49.87386595628502],[-119.55237898528091,49.87118650252964],[-119.55114525333137,49.873246305183166],[-119.54692211734405,49.8732358128661],[-119.5472602772004,49.8853470156604],[-119.54789639527417,49.887922398689064],[-119.54654147648381,49.89528486807922],[-119.53855822788842,49.89521044910816],[-119.53768748457917,49.89352099473046],[-119.53211648889499,49.89056570441288]]]}},{"type":"Feature","properties":{"shapeName":"Nanoose","shapeISO":"","shapeID":"43193130B85262830454367","shapeGroup":"CAN","shapeType":"ADM3"},"geometry":{"type":"Polygon","coordinates":[[[-124.12213306526633,49.253945674550124],[-124.12915907549703,49.25455939413485],[-124.13205215276432,49.2525132152059],[-124.13168296802579,49.24891072550677],[-124.1129278049667,49.248816076677834],[-124.11279299546712,49.25367170130588],[-124.11721574041445,49.252703627658505],[-124.12285310180187,49.25245068157485],[-124.12213306526633,49.253945674550124]]]}},{"type":"Feature","properties":{"shapeName":"Fruitvale","shapeISO":"","shapeID":"43193130B8569358759339","shapeGroup":"CAN","shapeType":"ADM3"},"geometry":{"type":"Polygon","coordinates":[[[-117.54611023405485,49.12383258282166],[-117.54486230674335,49.120270390839615],[-117.54951757836439,49.12043389130463],[-117.55758884964823,49.11610110730233],[-117.55473486887011,49.11384046993719],[-117.55767883230835,49.1107419769132],[-117.55999665669465,49.10614986384577],[-117.56145791403762,49.106729824098984],[-117.56704100735857,49.09979875818754],[-117.56235242690042,49.09720976080914],[-117.55737076133799,49.102416469947684],[-117.55266508733958,49.1010667106984],[-117.54913136485912,49.10497715197755],[-117.54528341066822,49.104263893067504],[-117.53972709627028,49.1100991922129],[-117.54227960082919,49.112747014554884],[-117.53698904921289,49.115283078323415],[-117.53841739551049,49.1180276019907],[-117.54169242311228,49.12091296552217],[-117.5400439890036,49.12171346692348],[-117.54364581638879,49.124409796018746],[-117.54611023405485,49.12383258282166]]]}},{"type":"Feature","properties":{"shapeName":"Schelowat 1","shapeISO":"","shapeID":"43193130B85754869058237","shapeGroup":"CAN","shapeType":"ADM3"},"geometry":{"type":"Polygon","coordinates":[[[-121.83885336367172,49.18392261494874],[-121.83865568986279,49.17587645913493],[-121.83388919928342,49.17217029209477],[-121.83022652509828,49.17059051999678],[-121.83041885843056,49.176036613742916],[-121.8271762815663,49.175976713630995],[-121.82722513167079,49.18388811691587],[-121.83885336367172,49.18392261494874]]]}},{"type":"Feature","properties":{"shapeName":"Central Okanagan","shapeISO":"","shapeID":"43193130B85935345909700","shapeGroup":"CAN","shapeType":"ADM3"},"geometry":{"type":"Polygon","coordinates":[[[-119.05568075158226,49.81232225443944],[-119.05417501769958,49.815764756943054],[-119.04580751712672,49.82428688254039],[-119.04215202692272,49.82915777337374],[-119.03345261139327,49.838040705432654],[-119.02481300987684,49.845892014292396],[-119.02447310523651,49.84877557111647],[-119.02217993845511,49.852232553483276],[-119.01485892698838,49.854125545990556],[-119.01122774002008,49.85197794411809],[-119.00758753005026,49.85975014305762],[-118.97675655229723,49.878657274853374],[-118.9757122453279,49.88437879818035],[-118.97683788327643,49.89286861066557],[-118.96892890833048,49.89564700708041],[-118.96421631954227,49.903679916700646],[-118.95840967994765,49.905687247503224],[-118.94231799386533,49.913949412717706],[-118.93485997082865,49.91566296551948],[-118.9300309847185,49.910876654844856],[-118.92304814157582,49.906100546469325],[-118.91460112243443,49.902991670746644],[-118.90731570657378,49.90666466922426],[-118.90235428730944,49.91566787466395],[-118.90283103053002,49.91923950720601],[-118.91096008470586,49.92076643584811],[-118.90379048356083,49.931845767754496],[-118.89329258715958,49.93752389602743],[-118.87922511089833,49.937429969389655],[-118.87488884662949,49.9405433475246],[-118.86791152502866,49.94194879380364],[-118.86450932687016,49.941233121802036],[-118.85792439843591,49.95149577441333],[-118.85845027633296,49.956901511816014],[-118.85232835801585,49.957901917189346],[-118.84524071531226,49.95685998960439],[-118.83815457812068,49.95495340206311],[-118.82872104070172,49.953388693901765],[-118.82617885185546,49.952403666040084],[-118.81954561241152,49.95406540507706],[-118.81492120742263,49.95432044856137],[-118.80803768951777,49.95561448071881],[-118.80492416335022,49.96284889846944],[-118.80502372189432,49.96460110390228],[-118.80099273846558,49.96655056436493],[-118.8012380416043,49.97334972401771],[-118.8020953900191,49.9809882110289],[-118.79755740856253,49.987661807754996],[-118.80533442873903,49.98846605169289],[-118.80886345197216,49.98947847703783],[-118.81214323188952,49.9922876621282],[-118.81777337505852,49.99528702074608],[-118.82274210793565,49.99996711388944],[-118.82211627012717,50.00447347953009],[-118.816558046771,50.00735589628414],[-118.80988513038648,50.02183867851515],[-118.8145998561448,50.02583750349132],[-118.82308220792399,50.022447494156786],[-118.82878911448474,50.02705859029558],[-118.83503391003775,50.03576532912152],[-118.85908957040401,50.036530383313625],[-118.86426194775498,50.04259427057125],[-118.8688973215453,50.05279009646732],[-118.87917300307006,50.05337571419759],[-118.89054067766357,50.05128695738701],[-118.89724869543379,50.054253858393054],[-118.90108154017756,50.054862875954896],[-118.90779178690597,50.053906150965716],[-118.91290360155074,50.05247317398597],[-118.91599553993679,50.04749936357247],[-118.91697106567503,50.044432272621066],[-118.91880726607022,50.0431390870277],[-118.92330719941906,50.04284405218978],[-118.92815631760585,50.04472864738343],[-118.93888835046981,50.04997137377762],[-118.94687217708974,50.05703549270111],[-118.95823145672702,50.047630774950086],[-118.97767239211538,50.045178731882274],[-118.98203719590903,50.0453755070135],[-118.98691923413386,50.04803954202472],[-118.99780309343066,50.04765394824685],[-119.01648391325296,50.04445981113407],[-119.03041622341726,50.04078241818963],[-119.04621734682493,50.04168599845659],[-119.06430607463533,50.03705022617231],[-119.07110857580568,50.04212973961779],[-119.07235922129293,50.0460268653965],[-119.07671333287897,50.045446042863965],[-119.08221708312603,50.046096721834004],[-119.08874032337391,50.04889004202117],[-119.09212344226047,50.05212101592848],[-119.09677536946317,50.0520845534095],[-119.10546348674305,50.045315859676265],[-119.12959787149693,50.04612557726299],[-119.1383511266516,50.04571960202945],[-119.14334882476103,50.04495151117548],[-119.15057177901738,50.04890046722229],[-119.1604838215441,50.0482008618553],[-119.17338962864137,50.049743201849616],[-119.17742334063789,50.05598866130888],[-119.17768974745876,50.0597235449211],[-119.17256982262619,50.06518740000446],[-119.16787470009058,50.06835134447687],[-119.16748925534094,50.07129096188985],[-119.1729637683869,50.07709912035785],[-119.169522005122,50.08561614950432],[-119.1652888728296,50.093289767750484],[-119.16179223474609,50.09496540680367],[-119.15340516068052,50.103830259746665],[-119.1511582868037,50.10474233466777],[-119.14802248392914,50.10878833947424],[-119.14731237125062,50.11160937828926],[-119.14320276146724,50.116009317446505],[-119.14099606045485,50.11926973479343],[-119.14040432258078,50.12887420932345],[-119.14198173977039,50.1420283528054],[-119.14534753457615,50.148356370578135],[-119.14610802266822,50.15124756468155],[-119.23177837773125,50.15121564303716],[-119.23769950329407,50.15110882797364],[-119.27039962895977,50.15115503713946],[-119.32903588682784,50.151100660390995],[-119.34748127223324,50.151304241095154],[-119.34923783662913,50.148998898563256],[-119.34812668107548,50.12844348448158],[-119.34336493278424,50.128636542602734],[-119.3433321534322,50.12126041210133],[-119.33752188934092,50.12048155900076],[-119.33757548038038,50.11337981883729],[-119.32789685319172,50.11345001048576],[-119.32791126950498,50.09269341361894],[-119.33804018427337,50.09230845031072],[-119.33918290555427,50.06669329927939],[-119.317180503977,50.066484134789185],[-119.31773480950308,50.034084985329905],[-119.30541803090858,50.033919503406175],[-119.30590080678385,50.0270297880326],[-119.28914975661932,50.0268225080233],[-119.28851089807806,50.01569692583021],[-119.30513612351123,50.01608771154875],[-119.32959652456704,50.01609469153683],[-119.32937647000111,50.012030144361404],[-119.35236166914262,50.011864877631886],[-119.3518348523567,50.0046602732638],[-119.37552530259285,50.00505412881794],[-119.3758502265732,49.99393702980371],[-119.37582554737006,49.97706786876985],[-119.36656373428201,49.977330714745115],[-119.36597242009871,49.973302039131994],[-119.36380337498723,49.973139904668365],[-119.36324203485117,49.96845826949525],[-119.36925051819428,49.968418199177925],[-119.37011761045397,49.970423997229666],[-119.3755571938162,49.9704459848832],[-119.37590956528915,49.96030592774828],[-119.36887199398811,49.960360214451896],[-119.36870465702671,49.94772109938053],[-119.37317419744747,49.94771243686056],[-119.37292637525685,49.94421464492654],[-119.37746739559111,49.94357179223344],[-119.37799210143375,49.935629014526064],[-119.37547785735424,49.93540033280448],[-119.37551758533401,49.93127040469827],[-119.38206737895236,49.93120557663774],[-119.38241291740573,49.929069890676054],[-119.3712412264293,49.929459449539884],[-119.37076198186182,49.923572862014275],[-119.37220094092059,49.92184053309721],[-119.3641806099281,49.92167113751779],[-119.3642029350876,49.92012858655867],[-119.35292415180112,49.9201047300263],[-119.35184990049056,49.91806112878942],[-119.33126149344609,49.9180834291833],[-119.33167006019963,49.90867813189563],[-119.33084210740202,49.884839770283115],[-119.3307531883949,49.87471082221587],[-119.32007735701218,49.87454665700694],[-119.31995739676296,49.85280083864473],[-119.34229700509276,49.85287964146405],[-119.34209080134866,49.83146696998134],[-119.35396729285085,49.83124579211677],[-119.35411739096465,49.824508182849016],[-119.38896611695712,49.82413719147956],[-119.39565524102309,49.822916388031125],[-119.39811761138766,49.823509849464145],[-119.40961293448724,49.82303017568067],[-119.4097614877955,49.816262104642846],[-119.4213568272251,49.81637488024456],[-119.42135908033491,49.808857529704824],[-119.4359375902829,49.80858683607877],[-119.44436785566283,49.80812833741987],[-119.44401717490823,49.793933331904995],[-119.4554419535223,49.793956521890344],[-119.45549581992864,49.78833529583079],[-119.47931584227997,49.788271308302676],[-119.50107186686128,49.7885886034626],[-119.51284482282618,49.78899453345787],[-119.51254498287547,49.781292351696244],[-119.52401964782737,49.7810250898335],[-119.54488319067615,49.780993428386026],[-119.54496629865504,49.77412142940383],[-119.58884436345481,49.7734027426801],[-119.58889258975672,49.78156789184843],[-119.58977112961506,49.80147075350168],[-119.62558889133892,49.79245189807059],[-119.63605270681785,49.79016748416509],[-119.65194821494873,49.7871295115427],[-119.66924771710725,49.78388109256105],[-119.68237811193382,49.780487294232316],[-119.69007581155483,49.77809218865007],[-119.69745585992821,49.77516161852753],[-119.69708950550267,49.76073836522146],[-119.66098669371459,49.759005153141494],[-119.58684432777392,49.759908943075075],[-119.55662402035723,49.76018602521028],[-119.55631926374578,49.7531411958391],[-119.5190210143309,49.75290327893374],[-119.51880654444186,49.743373784350545],[-119.51931462412509,49.74130271286337],[-119.51539033143317,49.72790398237754],[-119.51081529537049,49.725379659418124],[-119.50130051824547,49.73046581102085],[-119.48589747746342,49.74639297461149],[-119.4803064175384,49.74470890971958],[-119.45876379599041,49.725470078544056],[-119.45628817495896,49.718591057905776],[-119.45631400625682,49.712486209091125],[-119.4538986546869,49.702278468281385],[-119.44799597882488,49.70037324422511],[-119.44678108729428,49.69125563271637],[-119.44216699612653,49.69022157744353],[-119.43475224850128,49.6857908645976],[-119.42703348078537,49.67538799173752],[-119.42277411248467,49.67527462143361],[-119.42086901605916,49.67651118790376],[-119.41826239421968,49.6806597248043],[-119.41074543339094,49.683314430261724],[-119.40552103967065,49.68405095312454],[-119.39041040845783,49.68188751940792],[-119.38197962075034,49.67980883509474],[-119.37590573759559,49.67903282661195],[-119.37276599815208,49.67864725952842],[-119.36927073297039,49.67967362597976],[-119.36844830037738,49.68149558159293],[-119.36156730245679,49.68668193548524],[-119.34793019334036,49.692267796594756],[-119.3478463990495,49.693645319232644],[-119.34276395682002,49.6949320926161],[-119.33989836836017,49.6948853211318],[-119.33182337918988,49.698454729016625],[-119.32586646977448,49.69706527597879],[-119.32308583381395,49.698129647164464],[-119.31146319645259,49.70572224790423],[-119.29568007081207,49.715192936125646],[-119.2865881524506,49.72630979880756],[-119.2718200072352,49.730213981986545],[-119.2691172485503,49.73931872346346],[-119.262936559986,49.74478184408235],[-119.25139993480265,49.74108727074368],[-119.23881015984225,49.73899296046217],[-119.2285542908894,49.735152846391024],[-119.22018079490189,49.73924047801378],[-119.20686180363603,49.737254060144814],[-119.19977976831677,49.74213790970073],[-119.1984062245664,49.74695612634276],[-119.20205610432932,49.75325313661803],[-119.19885671173152,49.75468286271243],[-119.18535483300586,49.758227125824476],[-119.16374501976935,49.75783022452482],[-119.16401273869934,49.7638630655739],[-119.1527306627348,49.76400540363858],[-119.15237193127848,49.7700612167562],[-119.1516784891057,49.79265427719715],[-119.15385029061883,49.79951502726713],[-119.13361191244844,49.799346348737586],[-119.12205800780787,49.79555021494641],[-119.11572153002437,49.7909471890578],[-119.11034072111308,49.7923227961593],[-119.09963882454448,49.7932236467912],[-119.08553121550847,49.79909352958922],[-119.06549876814765,49.798213740397486],[-119.05842152588069,49.80734517270941],[-119.05568075158226,49.81232225443944]]]}},{"type":"Feature","properties":{"shapeName":"Central Coast E","shapeISO":"","shapeID":"43193130B8618061071204","shapeGroup":"CAN","shapeType":"ADM3"},"geometry":{"type":"Polygon","coordinates":[[[-126.76921060079846,52.2684563470212],[-126.7703918596687,52.28194458511613],[-126.77297356326517,52.30236918466415],[-126.77132878255712,52.304100693666534],[-126.77150150787976,52.30793471093672],[-126.769926212068,52.31126880702241],[-126.77055568120886,52.313915002225315],[-126.76716031335056,52.31697130531741],[-126.765412902865,52.320472007486934],[-126.76212498983496,52.32309829645244],[-126.7611109889079,52.32894180550636],[-126.75906390298871,52.33430818344525],[-126.7595719011272,52.336438795352706],[-126.75814659390258,52.33881300338558],[-126.75744888875022,52.34300869461975],[-126.7553718221556,52.347788401604916],[-126.75618399832001,52.35524128643068],[-126.7546829021343,52.36255028432339],[-126.75623099924891,52.36329801297682],[-126.75552670430851,52.36678300170485],[-126.752568384549,52.369365252668416],[-126.75356327059255,52.37440205740044],[-126.76358001196536,52.378022889289845],[-126.76661721597702,52.38060300279221],[-126.76760770300592,52.384178390122464],[-126.76673036750083,52.39435130315264],[-126.74827748622741,52.3935742071299],[-126.74564331122376,52.39676550003242],[-126.74259439640538,52.39898300680949],[-126.74136168315817,52.40313459547538],[-126.7393914057963,52.404723990830185],[-126.73939050418304,52.40741570899906],[-126.73458288524961,52.41018159266843],[-126.72975550547767,52.41570888761678],[-126.7244951002624,52.4164737034166],[-126.72401639056164,52.41917540406707],[-126.71749240365924,52.42557438397197],[-126.71173860575537,52.42908648991895],[-126.70839380650891,52.43512091168092],[-126.7031112995306,52.4377970066863],[-126.70011121425858,52.441216495527584],[-126.69667670617402,52.44253670519322],[-126.69468809192402,52.444526387648644],[-126.69515279372604,52.44648178871731],[-126.69253159668487,52.44823931455822],[-126.6890791088091,52.45234811070493],[-126.6861214248985,52.45321690013048],[-126.68601340809869,52.4556408849669],[-126.68285570097977,52.45834118550375],[-126.68291098564973,52.466111702811766],[-126.6812694146419,52.47118330354423],[-126.68194399493812,52.47817759841515],[-126.67845820389776,52.48145900760125],[-126.67681611802676,52.48440849931427],[-126.67408999324836,52.485233092881884],[-126.67425398248922,52.48740649708173],[-126.67065540236014,52.4900582987373],[-126.6700913977519,52.49265610715861],[-126.66765992265071,52.49482800431966],[-126.66405727995873,52.49537209211463],[-126.6602126164355,52.49822049392466],[-126.6603125192685,52.50072140354344],[-126.65867179126212,52.50693811056382],[-126.65566270002309,52.51035900984108],[-126.65750762404187,52.51120210159374],[-126.65704490676237,52.51771079976076],[-126.65935039368148,52.51981999646878],[-126.65868629301221,52.523221113917785],[-126.65977481771466,52.52469839612408],[-126.66660079525788,52.527240211506594],[-126.67081148186226,52.53075949474846],[-126.66634039635984,52.535095204252585],[-126.66692138007579,52.53907249359114],[-126.66500961645933,52.54056220437367],[-126.66520800488273,52.54282958997596],[-126.66090209604343,52.545301993048625],[-126.65895789974043,52.54861611281874],[-126.65208468385666,52.55258259531349],[-126.64472469477832,52.55493104558982],[-126.63175190120558,52.560845160826],[-126.61129520626326,52.56606987892489],[-126.58213452097328,52.57470474152581],[-126.56309580699894,52.58280914833622],[-126.55563205257637,52.59027594186396],[-126.55910812371975,52.60421254952028],[-126.55805018586766,52.61176526034748],[-126.55641522753663,52.61647613453974],[-126.55279928653744,52.619698780633776],[-126.56478070312286,52.621209277670815],[-126.57340033229806,52.62297173792806],[-126.58144482192472,52.62278050298053],[-126.59335842084344,52.62021392988703],[-126.5903001238897,52.61740131564525],[-126.58641502805575,52.61626025998354],[-126.58410625098323,52.613322376581394],[-126.58300231003737,52.61009112590043],[-126.58526168045519,52.600729307625855],[-126.59123898224153,52.595719979776725],[-126.59916126080671,52.591661271231324],[-126.60961384678939,52.589514049925604],[-126.61555094861185,52.58671656123165],[-126.62116893070969,52.58509876309981],[-126.62735372688842,52.579553235041224],[-126.6362049592596,52.578676563109255],[-126.64431122306055,52.579176111780846],[-126.6469805044052,52.583971252265115],[-126.64713557976937,52.587872760009404],[-126.65771996057435,52.59384451535686],[-126.66286582672116,52.59262649389335],[-126.67580268692778,52.595329925214216],[-126.68761624159244,52.59491217809789],[-126.69852365245073,52.592092445575055],[-126.7082090251692,52.58406553549239],[-126.70477765828056,52.57266516643613],[-126.71181767126618,52.57271791646462],[-126.72334982969541,52.57376670471444],[-126.7316020167475,52.5783915707883],[-126.73462164125283,52.58526768354598],[-126.73939216885749,52.58429773235705],[-126.74325339961177,52.576943270323895],[-126.74890900015856,52.57150405851429],[-126.75355485729116,52.56431265528169],[-126.75955052541306,52.56220203377045],[-126.76564968476772,52.558950635366244],[-126.7687904109734,52.55299975686202],[-126.77382687904935,52.54968591841143],[-126.78191500900935,52.54717574140022],[-126.78564220598857,52.543055840205],[-126.78326195699755,52.534571169131226],[-126.78376138663096,52.5342058436167],[-126.81786206155395,52.49516783769508],[-126.82723152756094,52.484733968556775],[-126.86828009562262,52.49365395355411],[-126.87591910291887,52.429355585677634],[-126.87917885888734,52.38101034218403],[-126.87237261171315,52.38040128725569],[-126.85568847808804,52.385386098645284],[-126.85308719335028,52.38723609202136],[-126.8451736782415,52.38735289745063],[-126.84362268340602,52.38872730344782],[-126.83445158912647,52.389027799146646],[-126.83336530189911,52.39167818756174],[-126.8303770021621,52.39120109102829],[-126.82640120056239,52.3928460849415],[-126.82240058498627,52.39348269495601],[-126.81829421274233,52.395114797812056],[-126.81340699055814,52.39553641032855],[-126.81036548604351,52.39672139620959],[-126.79994978921552,52.39894739887595],[-126.79679250043424,52.400048307839434],[-126.78361151373574,52.39728389518839],[-126.77725029568295,52.39520459293473],[-126.77401690533675,52.39281468964199],[-126.7787009949031,52.38914310784969],[-126.78073571513589,52.388723000520514],[-126.7784527079335,52.384715297438255],[-126.78279359521373,52.37754860884198],[-126.78225711417313,52.37358219183505],[-126.78596890762775,52.37252828481001],[-126.79049901340211,52.373322996320205],[-126.79537779301751,52.37507761421999],[-126.80195061729704,52.37642349998959],[-126.8052405670876,52.376307448033735],[-126.80930009800586,52.37192021395912],[-126.81761848674742,52.37094030062812],[-126.81858009251361,52.36961868883547],[-126.82415270415952,52.370431897536356],[-126.83088817566372,52.369961895585725],[-126.8413025059572,52.37002739273212],[-126.8490667975279,52.368343999564594],[-126.85309540362069,52.36585448948082],[-126.8634620811207,52.3649900026383],[-126.86866011308958,52.365344596934094],[-126.87346502236501,52.36196920265696],[-126.87694739769303,52.36164451224514],[-126.87854263714989,52.36288892125443],[-126.87722557718399,52.33072114185199],[-126.87751184710832,52.32588810267968],[-126.90299490273912,52.29285597469863],[-126.9034411641914,52.28818664288746],[-126.9015459208777,52.284101624504935],[-126.89317672016097,52.27609341246625],[-126.88481261392045,52.26517805431304],[-126.8759575067642,52.25576148161816],[-126.87153193271764,52.249932795471096],[-126.85944463449154,52.24750053339032],[-126.85463112396536,52.24212016707568],[-126.8469397087789,52.237779566944354],[-126.83939772479738,52.23751125160577],[-126.8316255695066,52.235609694906955],[-126.82299587209899,52.239436603070736],[-126.81625172678565,52.23646058296876],[-126.8147688781816,52.23034400361867],[-126.81206060166458,52.223698929654006],[-126.79859076251353,52.22392903231263],[-126.79090856512205,52.222250404456545],[-126.77770243722514,52.223154410243176],[-126.76847164301624,52.21790002072746],[-126.76396049251821,52.21177609829574],[-126.7564868080149,52.21251705907583],[-126.74611040180888,52.21425867818596],[-126.74447894815404,52.22044171750948],[-126.75537429300158,52.22389742101446],[-126.7603478364199,52.23094844458342],[-126.77130070881616,52.23249483042535],[-126.77256269758837,52.241282127772735],[-126.77102895472125,52.24588716653443],[-126.77699160356667,52.256985610295985],[-126.77583950770381,52.264620833222516],[-126.76921060079846,52.2684563470212]]]}},{"type":"Feature","properties":{"shapeName":"Slosh 1","shapeISO":"","shapeID":"43193130B86291824675233","shapeGroup":"CAN","shapeType":"ADM3"},"geometry":{"type":"MultiPolygon","coordinates":[[[[-122.22672261445003,50.73612106253612],[-122.22877722666165,50.73557079055736],[-122.2374257605724,50.73512392290964],[-122.23832490993004,50.73047154181369],[-122.23493379806847,50.72923001033285],[-122.22120369591201,50.72916590641212],[-122.21712840504438,50.72627900095342],[-122.20716231232737,50.728396795781116],[-122.20132389983424,50.72750240708048],[-122.19764870155703,50.72539030094631],[-122.19158201447023,50.725564008678035],[-122.18608392113626,50.72482490147326],[-122.18055338898317,50.722672911297295],[-122.17838289379993,50.72037281118903],[-122.17358060118363,50.71958725645579],[-122.17344769801241,50.73531321297051],[-122.22486587557378,50.73648455015815],[-122.22672261445003,50.73612106253612]]],[[[-122.28002657811105,50.706378782465],[-122.27527441784325,50.70631256432909],[-122.26937319256525,50.70834559322368],[-122.27378881442708,50.710638301132946],[-122.27513429589904,50.712489786450796],[-122.27075270070573,50.71548350228123],[-122.26314651008637,50.716389296722944],[-122.26015950587289,50.718061298594066],[-122.24704674663559,50.720491237060166],[-122.25251625611467,50.723257471701345],[-122.25300190676826,50.728043447759106],[-122.26123000018679,50.72850942266442],[-122.28029999154437,50.72871931974599],[-122.27987259000442,50.71131451098012],[-122.28002657811105,50.706378782465]]]]}},{"type":"Feature","properties":{"shapeName":"Ehatis 11","shapeISO":"","shapeID":"43193130B86587308602544","shapeGroup":"CAN","shapeType":"ADM3"},"geometry":{"type":"Polygon","coordinates":[[[-126.85991319542374,49.98257391267797],[-126.85747670197465,49.9854392174558],[-126.86445162028919,49.98514761353581],[-126.86390871166323,49.97973540973782],[-126.85931674111477,49.979886810788365],[-126.85991319542374,49.98257391267797]]]}},{"type":"Feature","properties":{"shapeName":"Greenwood","shapeISO":"","shapeID":"43193130B86699129500362","shapeGroup":"CAN","shapeType":"ADM3"},"geometry":{"type":"Polygon","coordinates":[[[-118.678484995867,49.108235971758255],[-118.68358030258617,49.10816769021112],[-118.68381109298137,49.10399058146487],[-118.68366550768305,49.084970173967086],[-118.68341219363425,49.079615919525324],[-118.67325047361052,49.0798389968123],[-118.67353658254366,49.0883023120489],[-118.67304584943193,49.10852381721944],[-118.678484995867,49.108235971758255]]]}},{"type":"Feature","properties":{"shapeName":"Fraser Valley E","shapeISO":"","shapeID":"43193130B8700150911465","shapeGroup":"CAN","shapeType":"ADM3"},"geometry":{"type":"Polygon","coordinates":[[[-121.50155314796318,49.17209954687859],[-121.50512320046782,49.175426401910684],[-121.51199966813854,49.177866264175236],[-121.51315540973562,49.180348269923776],[-121.52208191697575,49.187482125676695],[-121.52318950704198,49.188925336939064],[-121.52144854976515,49.19145726182263],[-121.51588948004148,49.194565903675496],[-121.5119599216299,49.20062389353087],[-121.51326045195569,49.20546973132242],[-121.51842717109574,49.20717516535271],[-121.53228397647099,49.20594973145808],[-121.54332049448523,49.2039760066138],[-121.54872293788121,49.20411210589648],[-121.55066187679716,49.20341320954893],[-121.55614628506484,49.197440084285475],[-121.55587255400476,49.19393965709342],[-121.55758933783501,49.19070645550051],[-121.55706417332955,49.1874782311698],[-121.55811417492563,49.18233031012835],[-121.56129647135926,49.18025527832707],[-121.56291839102526,49.17667545037446],[-121.57141182929485,49.17147861237573],[-121.57897999114641,49.163734346758886],[-121.59002341901714,49.15759343232353],[-121.59642148722203,49.16037514808208],[-121.6010691148286,49.15998322761896],[-121.60765095011963,49.16255285225216],[-121.61176307242646,49.16281029355095],[-121.61841048838924,49.166659111375836],[-121.61999328431885,49.17058370425077],[-121.62597539310687,49.168708370669506],[-121.6318284325314,49.16815996794772],[-121.6355801816398,49.169442161300175],[-121.64164155610504,49.1675204114267],[-121.64551892619559,49.16694830126529],[-121.65348123564122,49.16928390419196],[-121.65763163028736,49.17167837676829],[-121.66440001945217,49.172239729397425],[-121.66618739993702,49.17873743812017],[-121.67300618055103,49.17973495795688],[-121.676034394357,49.182388914951865],[-121.68336364992165,49.18576226536542],[-121.68979117865058,49.183639865552486],[-121.69381448044332,49.18124040818007],[-121.6954641145782,49.178156158992316],[-121.70452588228716,49.16781623100417],[-121.70630926506416,49.16124863591309],[-121.71429898991173,49.159060016342],[-121.72298597271849,49.159189044268636],[-121.72939366193214,49.16009578897228],[-121.73518607433515,49.16028150386178],[-121.74027331519432,49.15873652038731],[-121.74864339054564,49.151309631480416],[-121.74660065063539,49.14698830006406],[-121.74843630281825,49.140102209810536],[-121.75024526153074,49.138359887403645],[-121.76439765661289,49.13060457285018],[-121.76339107636774,49.12362466669388],[-121.76079444047498,49.11837125095773],[-121.76075875209175,49.11307732459873],[-121.7619375027367,49.110674141906905],[-121.77096626236504,49.10565610356381],[-121.77993741329182,49.10434598261795],[-121.78469569443831,49.10605452559208],[-121.79030699970298,49.110438826502026],[-121.79117119794086,49.09161750826206],[-121.80797225248034,49.091503694519446],[-121.81801299065404,49.09179117017521],[-121.81775424172048,49.08510630167987],[-121.83097271766525,49.08498987559304],[-121.83129286343711,49.08074634361946],[-121.83696645829934,49.08077092871299],[-121.83686367028021,49.08838886544671],[-121.85303489971997,49.088434198173765],[-121.86371331736939,49.08760268609955],[-121.87698591250229,49.0888211745189],[-121.88688911266506,49.08772314556071],[-121.89495091489768,49.0879058322842],[-121.90094557431505,49.08861848227553],[-121.89979429405986,49.08985303510596],[-121.90471222170181,49.091906576207855],[-121.90802823543757,49.09193817276138],[-121.90775809776882,49.08853283134365],[-121.91497837206184,49.088492099776374],[-121.93030513823986,49.090369792993414],[-121.9408468144597,49.08984628645803],[-121.94063989453792,49.08116161366484],[-121.94124650618969,49.07434831369921],[-121.94255632959424,49.06141510651054],[-121.89774109478648,49.05966479107515],[-121.89486945733037,49.05622893962419],[-121.89441442835223,49.05311843963893],[-121.89197033926953,49.05099781080835],[-121.8898174247851,49.04702636769862],[-121.88021599366306,49.04225276112581],[-121.87787141257387,49.0395773756085],[-121.87772361051658,49.03484848057225],[-121.87502593261499,49.03307402606116],[-121.87095693853622,49.02899832381942],[-121.86516596493605,49.024762180963826],[-121.86372427158359,49.02196047943901],[-121.86513584266112,49.018281942136966],[-121.87252016005444,49.015443528623344],[-121.87260922422311,49.01425212380651],[-121.86632934453993,49.008667101749964],[-121.86498869566296,49.00615234594719],[-121.86264211193185,49.00469627121993],[-121.8541017159718,49.002545956931534],[-121.8546272535184,49.00007867683522],[-121.75000000289525,48.9999999845552],[-121.6137577354259,49.0000801551482],[-121.49999999912606,49.00000000271052],[-121.44560253261193,49.00005503620467],[-121.27292340118173,49.00002692039672],[-121.26950506878816,49.006603475435675],[-121.26889162395788,49.01363846180198],[-121.27450838564177,49.01708795595511],[-121.28793098767581,49.015195444410246],[-121.2909077763704,49.015746934678276],[-121.29731467816477,49.01815951397589],[-121.29800640645706,49.01991252580517],[-121.29617309607539,49.02403986649011],[-121.29661403523605,49.029089899998375],[-121.29130886040774,49.02948471026275],[-121.28562948998588,49.03061793082143],[-121.2963302873582,49.03608934149614],[-121.30361852519616,49.0388149348752],[-121.30928086044699,49.039657852656276],[-121.30808351608752,49.04144923711971],[-121.30301286671627,49.044683082198226],[-121.29967238555163,49.04786378540686],[-121.30034075252433,49.05301837095059],[-121.30432080128523,49.05838417354349],[-121.313598314288,49.06320131912191],[-121.31621722874569,49.06677400351839],[-121.31900113258177,49.0681670467399],[-121.32038009017434,49.072504339652724],[-121.32403713923523,49.07679207724206],[-121.33145635831151,49.08239554188107],[-121.33343636514967,49.08577262584604],[-121.33148541706552,49.08987573710872],[-121.33214575876904,49.09365502335234],[-121.33809203664698,49.09382287013764],[-121.3411741665721,49.094826782284905],[-121.34561188750163,49.09760969885811],[-121.34940658073944,49.096245616948806],[-121.35075312310958,49.09464538198657],[-121.3527350418864,49.08837108186238],[-121.35576786447493,49.08334994461275],[-121.3581402327447,49.08160868767055],[-121.36368125161938,49.079626409832905],[-121.37090917111301,49.079600267799],[-121.38136569264391,49.07850447270714],[-121.38705422877855,49.07555160891409],[-121.39011507528876,49.075685781416645],[-121.3923100011118,49.077140882071525],[-121.39300893758806,49.07947783660768],[-121.39076157749393,49.08699679642847],[-121.39319659936585,49.0919957208763],[-121.3950971759602,49.09371008766578],[-121.40373152407142,49.09468074219202],[-121.4088838509104,49.097292825641226],[-121.40974780880704,49.10100629350886],[-121.40700865244551,49.10833194028426],[-121.40534443799794,49.11112520857434],[-121.40466177925924,49.1201116078862],[-121.40353638983083,49.12464443257778],[-121.40414612222445,49.12654021391427],[-121.408245127646,49.12919051082094],[-121.40966388974053,49.133241898600254],[-121.40854673438135,49.13733351447378],[-121.41127319905229,49.14470911794072],[-121.42043799637479,49.147714414610924],[-121.42364404852665,49.151194507715225],[-121.43031367245034,49.156445687754186],[-121.43143562287568,49.1566874664789],[-121.44121720501764,49.153734498666175],[-121.44896961391132,49.15335533317402],[-121.45594181028186,49.15214904165208],[-121.45838021565808,49.148437870851076],[-121.46530503661478,49.14575208743505],[-121.4720816671822,49.14139146596818],[-121.47959064737258,49.13979247681372],[-121.48201745367955,49.1375499223526],[-121.48392231960754,49.14159493515798],[-121.48581207835949,49.142840854406465],[-121.492199631329,49.144418250305264],[-121.49865764910753,49.146925580395596],[-121.50035060951161,49.14881713739382],[-121.49242257404259,49.153381910385235],[-121.4878283886605,49.1540998834863],[-121.4853930795234,49.15582814808191],[-121.4830317702883,49.16075573191455],[-121.48454662989329,49.16280267961789],[-121.48987261151787,49.163569663047994],[-121.49089560722267,49.16529553974189],[-121.49027663986246,49.168364607335995],[-121.49313266783811,49.17087235809603],[-121.50155314796318,49.17209954687859]]]}},{"type":"Feature","properties":{"shapeName":"Hope","shapeISO":"","shapeID":"43193130B87272033398745","shapeGroup":"CAN","shapeType":"ADM3"},"geometry":{"type":"Polygon","coordinates":[[[-121.4363658088912,49.42943666431191],[-121.43821998048907,49.43060819090119],[-121.44700426982794,49.429861847862675],[-121.44885691398753,49.41463535863749],[-121.45874059744382,49.41416427999178],[-121.45889418944404,49.40341318139717],[-121.46988615948676,49.40308068110558],[-121.4698248917863,49.38840226031094],[-121.48084137567197,49.388105501035746],[-121.4810131976544,49.38249047414905],[-121.50333301877681,49.38221031610004],[-121.5031775805719,49.374182298113176],[-121.50841111362547,49.37369170464015],[-121.51825220226087,49.371239210893215],[-121.52863810694993,49.36712469278829],[-121.53662241753831,49.36598670700075],[-121.54582721459124,49.36605649344701],[-121.56191860093237,49.36479319626698],[-121.57346430791176,49.36076559295039],[-121.5756713140545,49.359624792577314],[-121.57320059637009,49.3570897077459],[-121.57474046597994,49.3527535888433],[-121.52355809193054,49.353239858514726],[-121.5029585810957,49.35358009601457],[-121.50251337921134,49.36143404497531],[-121.48358311904538,49.36165752873939],[-121.48387031652186,49.35409246056543],[-121.4762935796212,49.353637827315204],[-121.47619030269335,49.35192204174226],[-121.4733820184916,49.35042272235869],[-121.46548453441584,49.35012381899339],[-121.46555777045997,49.35347500522154],[-121.45638878617049,49.35379103272746],[-121.45683854032488,49.35814452753954],[-121.44659018528431,49.35823942784006],[-121.44742458719189,49.366735678763064],[-121.4180560228199,49.3675725777729],[-121.40200077051423,49.3678237631615],[-121.3969675253908,49.37095541808918],[-121.38902388545513,49.36926336243501],[-121.38396187587473,49.37001179383294],[-121.37980460814788,49.369302910315255],[-121.37966928009561,49.37506825016612],[-121.37108726260601,49.374895334998484],[-121.36914152643591,49.377344143242645],[-121.36307591539025,49.37977839201503],[-121.35788728666093,49.38081461621713],[-121.35188460211617,49.381194289575426],[-121.35548581517796,49.3892149245409],[-121.36297330496592,49.389701033365526],[-121.38622407541025,49.38956633789476],[-121.39143961168934,49.38929834405931],[-121.39073400786378,49.39637868006542],[-121.412858779106,49.39759675717097],[-121.4123575850016,49.39951945041332],[-121.41916756274546,49.400383065257486],[-121.42952031162766,49.40042700743146],[-121.42581121655213,49.402944267085836],[-121.41987359319806,49.404994413840626],[-121.41876638400188,49.4063531060415],[-121.41933360039485,49.409348212953326],[-121.4219960851148,49.41297419883755],[-121.42677901173087,49.417571095765375],[-121.43684618017107,49.41892836733033],[-121.4368211859428,49.42472329551661],[-121.43072580625531,49.424663403114586],[-121.43414677871519,49.429866989360264],[-121.4363658088912,49.42943666431191]],[[-121.46093530382909,49.39186135922717],[-121.46118414460537,49.40052775211693],[-121.44900662870744,49.400403606575765],[-121.44773899568281,49.396168593689076],[-121.45173180170781,49.39234599840689],[-121.4567433414732,49.39166645667706],[-121.46093530382909,49.39186135922717]],[[-121.39403973173945,49.385259097742576],[-121.3917275121154,49.381529063158204],[-121.3966287838589,49.38209246700689],[-121.3968885633607,49.38351944643893],[-121.39403973173945,49.385259097742576]],[[-121.44750220931151,49.37397370633702],[-121.45041670120894,49.37456190694268],[-121.44800009403887,49.37737181172217],[-121.44608841947598,49.37508880035199],[-121.44750220931151,49.37397370633702]]]}},{"type":"Feature","properties":{"shapeName":"Yale Town 1","shapeISO":"","shapeID":"43193130B87275496732394","shapeGroup":"CAN","shapeType":"ADM3"},"geometry":{"type":"Polygon","coordinates":[[[-121.42652612659293,49.560701746062264],[-121.42147290244426,49.56142669446108],[-121.42211187603799,49.56338817811606],[-121.42612102461557,49.562045744908225],[-121.42652612659293,49.560701746062264]]]}},{"type":"Feature","properties":{"shapeName":"Cowichan Valley E","shapeISO":"","shapeID":"43193130B87362098970044","shapeGroup":"CAN","shapeType":"ADM3"},"geometry":{"type":"Polygon","coordinates":[[[-123.78310326347307,48.900085162617586],[-123.78729755939555,48.900110630661366],[-123.79015366454804,48.90189830070991],[-123.7900724537529,48.89597524523068],[-123.79272563628504,48.894278237879966],[-123.79950972336222,48.8945845902364],[-123.80208851606884,48.89641059619578],[-123.8023137163675,48.89943758381718],[-123.7995829826852,48.89969181752757],[-123.80009441461858,48.90482992937674],[-123.79342772463431,48.905582709957564],[-123.80122051493926,48.91020679741787],[-123.82121571535046,48.90955288441526],[-123.82166411302528,48.89489490269285],[-123.82393782774322,48.892472561815204],[-123.8265147755856,48.89208024238027],[-123.82623580114867,48.88758140261603],[-123.82151095588566,48.887514099605596],[-123.82156365929268,48.87975264449064],[-123.82606108626563,48.87934288564979],[-123.8269985210294,48.87581411190846],[-123.83048055974945,48.87699986382906],[-123.83361520504802,48.87312693998861],[-123.83729016352595,48.873470227966145],[-123.8427011171321,48.869472133366976],[-123.84760890093543,48.86860311261755],[-123.84690990248627,48.86527433649436],[-123.8480004241511,48.8635205665179],[-123.84807359434309,48.857243591070464],[-123.84299982448725,48.85718721325682],[-123.84290043072407,48.85003441585851],[-123.82684191241262,48.85000418885871],[-123.82752361298162,48.84722111198699],[-123.82384894415814,48.844977281776046],[-123.82391905331643,48.81327547275763],[-123.82411980261331,48.79165246210044],[-123.82663076117667,48.79159237951838],[-123.82667452410051,48.78451703041107],[-123.83771455390833,48.78458353073372],[-123.83769804772957,48.773732069995475],[-123.83837450704004,48.76041743725405],[-123.83800190997516,48.75804931934372],[-123.8452383006999,48.758411907466176],[-123.85015218822387,48.761523803477374],[-123.85402081456722,48.7620692077262],[-123.85891959372442,48.76084301524904],[-123.85956460184072,48.76466411104494],[-123.86275570852347,48.766532700773304],[-123.86383349341038,48.769789396351776],[-123.8724513923119,48.77027840342913],[-123.87424280797168,48.76753680319046],[-123.87731890793079,48.76560409573777],[-123.88387109629792,48.76533209851223],[-123.88982861149411,48.76674060786949],[-123.88988158327784,48.769137593207326],[-123.89279489462426,48.77042943467879],[-123.89297539147756,48.7668162272083],[-123.89290811302294,48.74727963652436],[-123.89300489142457,48.71985271769714],[-123.84701061885588,48.71983495501916],[-123.73430443449215,48.71943508311817],[-123.72608814304492,48.719613742505096],[-123.68518640182302,48.718692481297886],[-123.65771810238752,48.71919110286815],[-123.6581302202509,48.723850216484344],[-123.65193340327151,48.72097524148653],[-123.64371548551848,48.716183622118876],[-123.64359910092654,48.719103393824376],[-123.63664021748293,48.71913826300225],[-123.63721266503063,48.72250585263868],[-123.63371501920905,48.72190896842845],[-123.64057195771419,48.72985862279762],[-123.65174218593098,48.73817579671015],[-123.67131034874892,48.75050954119893],[-123.67162564919724,48.74439232077264],[-123.67786968970968,48.744977197453515],[-123.67796566746424,48.753615544303145],[-123.68157991526613,48.752991099963424],[-123.6911504249854,48.753202792152955],[-123.69112187330799,48.75156496382163],[-123.69875472041892,48.75145223693233],[-123.69842567766908,48.75902224476751],[-123.68302849372796,48.75897994050098],[-123.68750466393509,48.760865465982086],[-123.69713996661189,48.76600182290834],[-123.6984585647667,48.76960985829822],[-123.6987305172576,48.769610728683936],[-123.7062772401924,48.76993547971737],[-123.71260802839079,48.769485968633646],[-123.71330908984035,48.762214714227966],[-123.71273929247616,48.758935886843474],[-123.74169450899095,48.75950049225204],[-123.76772712553729,48.75975216347823],[-123.76765052694216,48.76317526715386],[-123.77267108773923,48.76054959320014],[-123.77664950815154,48.762133302008266],[-123.78293087281013,48.76210368415849],[-123.78272886981868,48.77263805696945],[-123.78305503325369,48.7988701863401],[-123.78366742555886,48.80315506962129],[-123.78394412677441,48.81425169497688],[-123.78323765956026,48.849786870308],[-123.78310326347307,48.900085162617586]],[[-123.82705087045468,48.76070241629014],[-123.82691236960771,48.75897528978748],[-123.83103230358566,48.75770843830611],[-123.83098382001529,48.7608027033797],[-123.82705087045468,48.76070241629014]]]}},{"type":"Feature","properties":{"shapeName":"Houpsitas 6","shapeISO":"","shapeID":"43193130B88141336004341","shapeGroup":"CAN","shapeType":"ADM3"},"geometry":{"type":"Polygon","coordinates":[[[-127.38088781652361,50.03077201468887],[-127.37757531999023,50.02970960496196],[-127.37572019462839,50.03093440283019],[-127.37454104861949,50.03283237517901],[-127.38101267133807,50.03251026477133],[-127.38088781652361,50.03077201468887]]]}},{"type":"Feature","properties":{"shapeName":"Est-Patrolas 4","shapeISO":"","shapeID":"43193130B88272427666660","shapeGroup":"CAN","shapeType":"ADM3"},"geometry":{"type":"Polygon","coordinates":[[[-123.6162175138227,48.71223435622187],[-123.60206548344308,48.71209015071515],[-123.60223036724568,48.71548135785631],[-123.61148571612289,48.71571857243514],[-123.61067029272837,48.714043495499084],[-123.6161500546641,48.71345951335123],[-123.6162175138227,48.71223435622187]]]}},{"type":"Feature","properties":{"shapeName":"Alberni-Clayoquot F","shapeISO":"","shapeID":"43193130B88299746775197","shapeGroup":"CAN","shapeType":"ADM3"},"geometry":{"type":"Polygon","coordinates":[[[-124.79997654717306,49.2744573634539],[-124.79272517264239,49.274325387867606],[-124.78633858403118,49.273396786798806],[-124.78608217104949,49.27092169402958],[-124.78290058001484,49.27068144887435],[-124.78289112076813,49.262891011392675],[-124.7836057556724,49.25841930804144],[-124.77787421845822,49.25892639861091],[-124.77626989120003,49.25719108615479],[-124.78110498652354,49.25080077112887],[-124.78065292321946,49.245362760173926],[-124.76130054941403,49.24571833365395],[-124.76222068971832,49.238251028347406],[-124.78072107037436,49.237933116450826],[-124.78311570111877,49.238267236009584],[-124.78341611506808,49.230425768678614],[-124.78346490068162,49.21543484458495],[-124.79311338228403,49.215355242410865],[-124.7930640884469,49.210869433413826],[-124.80512473372607,49.21093276765094],[-124.8128641013532,49.21105167854821],[-124.81572833454125,49.215663452785165],[-124.81135598434896,49.21836313030853],[-124.81573005967515,49.218256116004234],[-124.81678759963988,49.21622109131814],[-124.81438460664941,49.211724897832944],[-124.81161059008737,49.209078697099294],[-124.81060328769613,49.206314304180346],[-124.81247359773035,49.20117578730028],[-124.81263100005607,49.197177991361],[-124.81158069437092,49.19623230651134],[-124.81168320526481,49.191535310535336],[-124.81646191773841,49.18411940065473],[-124.81331940542886,49.17888829472903],[-124.81068540146468,49.1732170914921],[-124.80755480003438,49.169047011975074],[-124.80437340721801,49.167936209282885],[-124.80038801296563,49.1635808885269],[-124.79778949846903,49.163055388195524],[-124.79238158496462,49.15957749295588],[-124.79187921343765,49.15742549114146],[-124.79718271680423,49.153466200726356],[-124.79444410308062,49.151322688561535],[-124.79160392043921,49.15055650257033],[-124.79063620888157,49.14729789672481],[-124.78884729473032,49.14593920840909],[-124.78741959712804,49.14209389225892],[-124.79213469709819,49.14282160354969],[-124.79371839176771,49.140623766056024],[-124.7615086514981,49.11458418521043],[-124.74668164157328,49.11559702916472],[-124.7475947027975,49.119277784667574],[-124.7392368359081,49.120026484839286],[-124.74068277699162,49.12493299293045],[-124.74253826900873,49.12476499024767],[-124.74495747988693,49.136920970447555],[-124.72848457040016,49.138611382408776],[-124.72563053402433,49.12547378607235],[-124.71490678628747,49.12641003509005],[-124.71541244031884,49.12953369048103],[-124.68201437983602,49.133437348020735],[-124.67984720169132,49.12697523333587],[-124.67051112970863,49.12809337744672],[-124.66927121692909,49.12422643682065],[-124.66090740614986,49.125510517869884],[-124.65797172109828,49.11943134075242],[-124.6462563099145,49.12129844252784],[-124.64437362805135,49.115077938133076],[-124.62950783427047,49.116863659140364],[-124.62718351926632,49.108527383594954],[-124.63295715060968,49.10496036043324],[-124.6351049179924,49.10142155859261],[-124.63317198317029,49.0974777839255],[-124.62917338443066,49.09534488371384],[-124.62904539879494,49.097173644477316],[-124.62517073103079,49.09727164678325],[-124.62446457110768,49.098748833310204],[-124.62027988831332,49.09961931297132],[-124.6162900954108,49.104114349281666],[-124.60738090646376,49.103407330526736],[-124.60784761005876,49.097353455777274],[-124.60864134287328,49.09693209111781],[-124.60868890062093,49.090696624677754],[-124.61120593729915,49.09032444835082],[-124.61179452753673,49.08126138175957],[-124.60649235645444,49.08102352629974],[-124.60332076009585,49.07912796851022],[-124.60280224210199,49.07564026052355],[-124.59733161148944,49.0755956443519],[-124.59702138403145,49.079094054526585],[-124.59881601473069,49.08220054762281],[-124.59990922315825,49.086955676856725],[-124.59528209433212,49.096526573296764],[-124.5966562299088,49.10161152493932],[-124.59902101738095,49.104073180559084],[-124.598591029385,49.109000970681045],[-124.58868764917796,49.1152549389832],[-124.58431854106325,49.112715547455444],[-124.59046740248708,49.107420175336514],[-124.58862511991202,49.10598263584286],[-124.58216592158757,49.10373380015462],[-124.57732268793401,49.109209826958036],[-124.58008609486996,49.114248274817555],[-124.57792525325479,49.12015946612366],[-124.57743067464222,49.124023954235646],[-124.57877121895085,49.12634213576627],[-124.57850423243771,49.13146500292439],[-124.58089993123362,49.131789224185766],[-124.58248466092591,49.1352294015379],[-124.58255508492454,49.140057554345525],[-124.58541854769399,49.141680623673786],[-124.58993343762594,49.14179815537243],[-124.5899141916458,49.14694818177287],[-124.59545983452826,49.14805533967401],[-124.59554017118008,49.152178176867025],[-124.59013603123782,49.1520929552359],[-124.59046684507561,49.15966509339522],[-124.61332215435958,49.15991116324144],[-124.61345451993797,49.15811195209946],[-124.62927253280859,49.158245223385464],[-124.62958646259972,49.16221143958592],[-124.63491188355785,49.16249543010813],[-124.63497725821554,49.16567470146289],[-124.6404688266929,49.16592831312937],[-124.64064393814081,49.171893927740854],[-124.64688147506524,49.17212175511077],[-124.64692434042655,49.173833501682225],[-124.65648974786895,49.1738613376647],[-124.65371765480491,49.1791318786501],[-124.66532313534674,49.18107207115752],[-124.67011977421888,49.173125615573205],[-124.67258653777984,49.17158401153025],[-124.68829218002791,49.171556278598246],[-124.68860960649336,49.17480051344985],[-124.6987868310308,49.175038780918214],[-124.69924484407483,49.17877244751643],[-124.6945823749816,49.18076022493563],[-124.69563256679406,49.184429033558054],[-124.69806025225856,49.18834676549561],[-124.69731781603029,49.191286968742496],[-124.68958810476656,49.19733223683357],[-124.68324924190006,49.200068517447235],[-124.6803028866338,49.20560210304683],[-124.68838579518808,49.20107621560908],[-124.69294877090007,49.205473951863006],[-124.688122172163,49.21133309836188],[-124.68190227856256,49.21580571519609],[-124.6774055827125,49.21532169987926],[-124.67473648184117,49.22055620168428],[-124.67979898014394,49.220886802843175],[-124.67965575761214,49.227678044843486],[-124.67414040053673,49.2274783395565],[-124.67417516296078,49.224168324458624],[-124.66307492227622,49.22402305214906],[-124.66312495880845,49.2273946825866],[-124.66828723184778,49.227623986132244],[-124.66840503979729,49.2313462127309],[-124.67392748427145,49.23125113314935],[-124.67423772812037,49.23389255022626],[-124.67434791325586,49.247156873674335],[-124.67707409741814,49.249796771582865],[-124.67719766251876,49.25764016160331],[-124.6878203193623,49.25764585438939],[-124.68771813340616,49.267806924228516],[-124.69308871134487,49.26794491741676],[-124.6930827458842,49.27482243943709],[-124.69844012250098,49.27501612627295],[-124.6983546977816,49.28216950417541],[-124.70529235078334,49.2821740799274],[-124.70545371093665,49.278851080621045],[-124.71473399186253,49.27882297492497],[-124.71501556194706,49.27516096629731],[-124.74223289082593,49.27512796965195],[-124.74749300796256,49.27551340531147],[-124.74726258286579,49.289697723167485],[-124.75334548542516,49.28971030542955],[-124.75322533536739,49.30095743764291],[-124.759144451797,49.300986381653374],[-124.75912088108996,49.29403565692963],[-124.76495218547731,49.29387983475892],[-124.76504393358601,49.290425132936214],[-124.77070160592677,49.290449289956406],[-124.77159316459638,49.29239032508409],[-124.7717862032487,49.2981495201696],[-124.77428433161849,49.29845102882853],[-124.77634584883712,49.29892872163764],[-124.79280587058842,49.305838329546965],[-124.80011631550454,49.30787760420234],[-124.80022420253451,49.30057120897604],[-124.8056879032434,49.30058769736935],[-124.80568677097746,49.29825047262192],[-124.81158223559348,49.29676912082355],[-124.81115881318358,49.29271468887224],[-124.80832011484112,49.29332879564496],[-124.80260599317539,49.29292974098247],[-124.80249952702636,49.283519839639105],[-124.80245111693827,49.276425893874574],[-124.79997654717306,49.2744573634539]]]}},{"type":"Feature","properties":{"shapeName":"Cayoosh Creek 1","shapeISO":"","shapeID":"43193130B88473135406984","shapeGroup":"CAN","shapeType":"ADM3"},"geometry":{"type":"Polygon","coordinates":[[[-121.94055388918551,50.67633638932365],[-121.94018355305035,50.67420313889565],[-121.9456425880345,50.67228901355025],[-121.94585194495717,50.66764966918855],[-121.93288624046266,50.6671957740603],[-121.9327932223769,50.6658157642639],[-121.92749214152248,50.665737930884],[-121.92509938198205,50.66801236463988],[-121.9242186100226,50.671340795158876],[-121.9270025276101,50.67578756449406],[-121.92085620288529,50.67760769107346],[-121.92685562372652,50.6818052031093],[-121.93362801979058,50.67907621855412],[-121.93932433876041,50.675151660805106],[-121.94055388918551,50.67633638932365]]]}},{"type":"Feature","properties":{"shapeName":"Barnston Island 3","shapeISO":"","shapeID":"43193130B88789985231339","shapeGroup":"CAN","shapeType":"ADM3"},"geometry":{"type":"Polygon","coordinates":[[[-122.68935475756456,49.186644683186],[-122.6892647411623,49.1914539246331],[-122.70080144368255,49.191494749881585],[-122.70109421888615,49.18474150559463],[-122.69366261650134,49.18529869708651],[-122.68935475756456,49.186644683186]]]}},{"type":"Feature","properties":{"shapeName":"Cowichan Valley G","shapeISO":"","shapeID":"43193130B89342084973108","shapeGroup":"CAN","shapeType":"ADM3"},"geometry":{"type":"MultiPolygon","coordinates":[[[[-123.78332593219505,48.93627997759463],[-123.79066378800228,48.93636421712407],[-123.78851731346514,48.94652810794034],[-123.79274972162749,48.95220239982784],[-123.79500606916493,48.96124527246277],[-123.80017426880278,48.961240839864615],[-123.80002278069485,48.96831606597366],[-123.81128535811051,48.96861270856964],[-123.81109194865542,48.97406660797058],[-123.82607398865242,48.97755736759874],[-123.82802521655873,48.979396934655206],[-123.83588589229451,48.97926722925245],[-123.84942740260645,48.97917953067388],[-123.84885978214366,48.981816068395986],[-123.85109520676211,48.98406470284153],[-123.85673751643824,48.98429649700121],[-123.85921894822316,48.990837079533826],[-123.85372406442882,48.991800506205],[-123.85409120118646,48.99321391088445],[-123.86521491475244,48.99201990953606],[-123.86906360724164,48.99267232460553],[-123.87730603632419,48.99237883229898],[-123.88482127310175,48.99257871493312],[-123.88639110124599,48.99159613903893],[-123.88936511472566,48.99368417685501],[-123.89727485331262,48.99608927447375],[-123.90403593518707,48.995610967876885],[-123.9024869730485,48.997670082729655],[-123.90560543268747,48.999236588071334],[-123.91036539779589,48.99782288965175],[-123.91360641199566,48.99339789700003],[-123.9184520068453,48.99214599285352],[-123.92115878860199,48.98997409437947],[-123.92438490617798,48.989929897474916],[-123.92775380082468,48.988148188190266],[-123.93182977732621,48.98977039328552],[-123.94322360378555,48.98862528717024],[-123.94926290469431,48.98922350754426],[-123.95603437634131,48.98708532973714],[-123.9560197340306,48.990432016571745],[-123.95955063249109,48.99050832548055],[-123.9596574455041,48.995378325876146],[-123.96569441071817,48.99501817269508],[-123.96591484276996,48.99185200591255],[-123.96939703607673,48.99186939944383],[-123.96905886375437,48.995105355458634],[-123.97109892414154,48.99519518898469],[-123.97132426406475,48.99148708008678],[-123.97431555963476,48.991608740835964],[-123.9741718976297,48.99507850773592],[-123.97688901262681,48.9951482110924],[-123.97705351842838,48.98984862859613],[-123.98467746924666,48.98996815957897],[-123.98481692286344,48.98585824545458],[-124.00453510798819,48.986159018553785],[-124.00493661472211,48.99953500903206],[-124.01036182089368,48.99958973700786],[-124.01017223266936,48.99727278860358],[-124.01338939636766,48.997154615965464],[-124.01452496788518,48.99556504263877],[-124.0213065741984,48.99535451623712],[-124.0213878778976,48.997360594453546],[-124.02784463779169,48.99748159554093],[-124.02910720160291,48.999748737721625],[-124.0365391885112,49.000465071958104],[-124.03666002920002,49.00317477880537],[-124.04071660816152,49.004881943501864],[-124.04452205074286,49.00507561888756],[-124.05570433478931,49.008521199189275],[-124.05745362140438,49.00986123260529],[-124.0619442046093,49.0100691362859],[-124.06580827428947,49.00895251439858],[-124.06388429113414,49.00624497602154],[-124.05854056125101,49.00695681603945],[-124.0546028388144,49.005934119345085],[-124.05493565540007,48.99989470080528],[-124.05741654804166,49.00162736721416],[-124.06223726043758,49.001910353223884],[-124.06356859381773,49.00456959980816],[-124.0670272467258,49.00467674329459],[-124.06985079543834,49.002979939599726],[-124.08076622396335,49.00318550715701],[-124.08466203922904,49.00469280760332],[-124.08481129305807,48.9998104897122],[-124.08032533808365,48.99966951789974],[-124.0802705910302,48.99393030618338],[-124.08491505805014,48.99392962564252],[-124.08498968002114,48.99148852907221],[-124.08330035257063,48.989395171292614],[-124.0807086634196,48.98936750189202],[-124.08074807126427,48.984737447229904],[-124.08381065576144,48.98285761450904],[-124.09271314025384,48.981335207552426],[-124.09858560261343,48.98126710932278],[-124.10108116222247,48.983489124318965],[-124.10227428363044,48.986423361950315],[-124.10243997111597,48.99202426738472],[-124.10337632482812,48.995642382556696],[-124.10254772387746,48.99816314440176],[-124.11545010542403,48.99826778984085],[-124.1163283809789,48.99976575061098],[-124.13388553839651,48.99981313002479],[-124.13633826947019,49.00220416457572],[-124.15642358856245,49.0024341785244],[-124.15649322159302,49.0016021830591],[-124.17283353422916,49.0015238079594],[-124.17293757882024,49.00891355783951],[-124.20436687783291,49.008904113930285],[-124.2045877582534,49.00444119944848],[-124.22677813808654,49.00437559669819],[-124.22683107441732,49.00698132750781],[-124.23352834092161,49.007146955694076],[-124.2332843756235,49.00388885326492],[-124.238159295765,49.003926014539516],[-124.23804038654136,48.99909611590835],[-124.23440148884077,48.99903432154265],[-124.2341227261719,48.99409378575096],[-124.24333196431672,48.993896825560434],[-124.24341390237058,48.98948998826184],[-124.24881523249755,48.98953554563847],[-124.24955568448152,48.9997779446107],[-124.27716466824408,48.99977028327884],[-124.27708724890968,48.99631933351001],[-124.28272621017076,48.99640937039235],[-124.28266745228754,49.00118298198097],[-124.2778237414979,49.00109705179956],[-124.27767605201332,49.00509732126669],[-124.28222173910967,49.005208272687085],[-124.28242449352898,49.013111055249695],[-124.2945646236056,49.01327260120377],[-124.29435068704187,49.00443972067529],[-124.29219590366301,49.004256295532464],[-124.29209043596937,48.99723464039583],[-124.30493891546897,48.997233903378465],[-124.30509308933215,48.999765958031595],[-124.31378862152714,48.999748360988555],[-124.31374446213098,49.00409312863175],[-124.31690787773174,49.004243965095526],[-124.31698631740339,49.00744144948171],[-124.32244058700702,49.00755635392706],[-124.32377738203469,49.00434831376564],[-124.32404118735212,49.0009410261188],[-124.32866179523826,49.000915816204405],[-124.32897408662159,48.997600013463966],[-124.34212612425019,48.997777889352705],[-124.34471505765815,48.99975763113702],[-124.37645684726988,48.99965877569321],[-124.37609070796492,48.996201035232886],[-124.37881390741369,48.994535332173136],[-124.38667875025156,48.99380657463586],[-124.38741579409556,48.990756028347],[-124.38381435445953,48.99092178642783],[-124.38195274711632,48.987560186078696],[-124.3781193694809,48.98886575763682],[-124.37457345776572,48.98740140767063],[-124.36617354892934,48.98812204399247],[-124.36447738124339,48.98558423474996],[-124.36457092717461,48.98218582277335],[-124.35668179038909,48.97589077581419],[-124.35256707654753,48.97946860532644],[-124.3410111447482,48.9756707062763],[-124.33936605196921,48.97415934783568],[-124.33744531369325,48.969278970729455],[-124.3348529726177,48.96623455301978],[-124.33262047734256,48.96529299950081],[-124.32166213817597,48.96639380594544],[-124.31899098163207,48.96714387053575],[-124.31644940982527,48.97320381867522],[-124.31835487535653,48.977447864733975],[-124.31294852791959,48.97855875436509],[-124.31087783703263,48.979910957435706],[-124.31079685198003,48.98223723414426],[-124.30393049886035,48.982473077467006],[-124.29888355291557,48.9792733392893],[-124.2948657231639,48.973812971345076],[-124.28371752851928,48.97174271871599],[-124.27763795642856,48.96921720326763],[-124.27154864637095,48.970047777738586],[-124.26467490173663,48.967637692244416],[-124.2626519359019,48.96767650886037],[-124.25289577275996,48.96397453089352],[-124.23880805932538,48.95769095485245],[-124.23507843763662,48.9567695581084],[-124.22002515103287,48.95618953215738],[-124.21481077037527,48.954990245392786],[-124.21000117847441,48.95531680511564],[-124.21167796011844,48.95225585171276],[-124.21057960201753,48.94884192649533],[-124.21464785476718,48.946470581014424],[-124.21433684820636,48.94388351106876],[-124.21966812346844,48.93952169557155],[-124.22481473956253,48.93790399896233],[-124.22488682910385,48.93697648399864],[-124.20743114786514,48.941310260774785],[-124.2013015039404,48.94140474038368],[-124.19725537351688,48.94396217916141],[-124.19827226822518,48.954293899964824],[-124.19978370885026,48.956092555333086],[-124.20323793723418,48.956473065115475],[-124.20281894558777,48.96156161634319],[-124.19591148237285,48.961208835125326],[-124.19599272061669,48.9583535235629],[-124.188759564324,48.957825750518275],[-124.18898366640278,48.95450618128579],[-124.18132749743151,48.95442669840937],[-124.17982997761014,48.952028096828556],[-124.17951813175465,48.949023383013866],[-124.17323924690245,48.949643499748895],[-124.16929605527916,48.947072064992135],[-124.16402412520866,48.946974569214106],[-124.16227729712206,48.945992617902895],[-124.16168459440811,48.93971804288289],[-124.15602791214235,48.93915064220855],[-124.14966458902184,48.9395455062788],[-124.14984006015726,48.941863614625085],[-124.14114493694292,48.94195901286806],[-124.14208152829896,48.94685442785828],[-124.13912333024318,48.945747181565785],[-124.12958599850555,48.94591045873115],[-124.1297990699591,48.94814902515674],[-124.1187417581191,48.94862581014449],[-124.11900056647147,48.95015302027814],[-124.10624856974091,48.950351445496075],[-124.10643446586865,48.95178914464972],[-124.0994142394958,48.95241011695939],[-124.10060287330015,48.95532894679549],[-124.10053559014688,48.958652125548866],[-124.09733143241613,48.958736165366616],[-124.09594817864198,48.962459335669806],[-124.09035584906805,48.96251386000332],[-124.08851572544276,48.95943664637908],[-124.08340293461299,48.958729504746586],[-124.07780600140096,48.958849871277046],[-124.07719365235228,48.96804474914472],[-124.07145741195079,48.967393928737195],[-124.06891946297878,48.96532326611909],[-124.06986197103036,48.960204830964514],[-124.06797898264067,48.96031817725507],[-124.06821922018173,48.956211836667855],[-124.06437350412459,48.95262294896371],[-124.05527959740135,48.95308442365205],[-124.05320610869593,48.950316781743275],[-124.05083174412117,48.95039639417936],[-124.04669545037265,48.94843287600361],[-124.04475674161878,48.945795037230816],[-124.03748675526792,48.946085414290074],[-124.03661752257476,48.944138576631694],[-124.03199109796877,48.944429738266955],[-124.0318016506129,48.94709691943112],[-124.0194528152231,48.94772172093411],[-124.02082428505327,48.93672956341562],[-124.00434756100759,48.93682169405888],[-123.98619318704229,48.93716489930932],[-123.97510404098631,48.93714767585446],[-123.97500794906607,48.931061054866824],[-123.96835917725646,48.93090326727174],[-123.96815479960046,48.92018645291118],[-123.94862879589019,48.92028623900331],[-123.94207782937703,48.92082115558448],[-123.9418484970249,48.918501846170216],[-123.89868341538121,48.91873556058459],[-123.89855392446712,48.91538403536898],[-123.89278826202155,48.91544495549899],[-123.89267039344077,48.912270687295184],[-123.87628383951373,48.912451262815146],[-123.87605932862925,48.91566741714797],[-123.84991891348463,48.91617286373026],[-123.8489389011288,48.908623819431405],[-123.82121571535046,48.90955288441526],[-123.80122051493926,48.91020679741787],[-123.79342772463431,48.905582709957564],[-123.80009441461858,48.90482992937674],[-123.7995829826852,48.89969181752757],[-123.8023137163675,48.89943758381718],[-123.80208851606884,48.89641059619578],[-123.79950972336222,48.8945845902364],[-123.79272563628504,48.894278237879966],[-123.7900724537529,48.89597524523068],[-123.79015366454804,48.90189830070991],[-123.78729755939555,48.900110630661366],[-123.78310326347307,48.900085162617586],[-123.78332593219505,48.93627997759463]]],[[[-123.59722297924944,49.01756239916821],[-123.59194858348712,49.0201986035076],[-123.59485519061134,49.02419638797596],[-123.5969294147374,49.03075200517029],[-123.60174149325819,49.03379410046897],[-123.60123147909118,49.03688330038897],[-123.60441209856177,49.039735902979615],[-123.60871980337801,49.041772605631735],[-123.60859508159503,49.0448858969948],[-123.6121322991223,49.047791298794046],[-123.61979209215953,49.05733920744447],[-123.62425718821795,49.058583895645185],[-123.6238073205417,49.06200490381398],[-123.62808618602179,49.06586729179444],[-123.64206849339843,49.07475869469536],[-123.65168270454969,49.081298599696794],[-123.66104340477196,49.08909900578525],[-123.66688828865709,49.09286179646224],[-123.66974168392643,49.093159503650234],[-123.67040879335944,49.09801319116796],[-123.6676866150391,49.09929780789088],[-123.66965989326765,49.102408291477886],[-123.66870671691485,49.10380829971319],[-123.6716706889574,49.10922309825911],[-123.67806821234784,49.11317100482803],[-123.68051691634214,49.11579300439677],[-123.68493849268489,49.118537500883235],[-123.68752300138213,49.11805460923897],[-123.6900668073292,49.120602591409906],[-123.69547610170262,49.12324160542426],[-123.70039419700042,49.127970006954655],[-123.70386878704181,49.12746439480136],[-123.70171489341412,49.12538930042528],[-123.70832950903917,49.12509739411065],[-123.71461440547606,49.12739749985076],[-123.71570150069293,49.123882495301594],[-123.71061260591243,49.11890350983979],[-123.70654131059432,49.11595110135978],[-123.70852271069603,49.112691094388694],[-123.70584980831822,49.10767068538653],[-123.70162340848148,49.104395106552225],[-123.698195510641,49.099360490901475],[-123.69346937772949,49.095314297625194],[-123.67315730541729,49.08042989810829],[-123.6729134122782,49.07950409317749],[-123.6578445914865,49.07082071005553],[-123.65562149788775,49.06841381082671],[-123.65448228944611,49.06507260547863],[-123.656190498609,49.061690110467204],[-123.65547869411007,49.058563996583615],[-123.65699069481735,49.055865114154265],[-123.65362759658795,49.05314059550117],[-123.64790138304231,49.046416896742635],[-123.64393923029591,49.04474204634552],[-123.63752586205128,49.044745515340935],[-123.63076748839269,49.038694809964085],[-123.62577041063614,49.033109104373565],[-123.61859859103126,49.02618460483773],[-123.60940501359535,49.01830020748548],[-123.60993890932292,49.01608409676254],[-123.60583788839442,49.01617811185977],[-123.60114699766207,49.01282839264455],[-123.5980573194444,49.015526481915],[-123.59722297924944,49.01756239916821]]],[[[-123.70745330479001,49.019962193634555],[-123.70959861695158,49.017988304133226],[-123.70550198687616,49.01354190301335],[-123.7060940944686,49.010992601351994],[-123.70332219886822,49.00536119885052],[-123.70339220570045,49.00356100076173],[-123.69885708520833,48.99416979671547],[-123.69593360677901,48.991354082236136],[-123.69141061696315,48.98153140487597],[-123.68602490042647,48.980510210295336],[-123.67865679723414,48.98146299890329],[-123.67230507384127,48.97043529401862],[-123.6675667939675,48.970768601666464],[-123.66776148654927,48.97305299809587],[-123.66992789428595,48.97760050801423],[-123.6741742992499,48.98249699418667],[-123.66895780324343,48.98475859433902],[-123.66557050528642,48.98386850240025],[-123.66199708375613,48.98443819831375],[-123.65778548744255,48.986415000511975],[-123.65580401546222,48.98853130047653],[-123.65210700882568,48.99008939133343],[-123.65408301885428,48.99180560485008],[-123.65365260561869,48.99449879249125],[-123.65695978882104,48.997465398189476],[-123.65767682433892,49.000000502451485],[-123.66159660379299,49.0038899883506],[-123.67067048252738,49.00857709185622],[-123.6733267227374,49.01179149987136],[-123.67273648371992,49.0136658018893],[-123.67545511908453,49.01644870667718],[-123.68030430068553,49.019109089622894],[-123.68764050471634,49.021432007118214],[-123.68913670892529,49.019839686723586],[-123.68644861066922,49.01539340504192],[-123.69122110834118,49.0143749934897],[-123.6951338749487,49.011545093435885],[-123.69901748915974,49.01634330545385],[-123.7016531051281,49.018018202992074],[-123.70745330479001,49.019962193634555]]],[[[-123.73699657300139,48.937085315793844],[-123.73843741371293,48.937960496586484],[-123.74390968892514,48.945095800561965],[-123.74951511881972,48.953659600516644],[-123.75335897759044,48.95583859704493],[-123.75592099107234,48.95824130398781],[-123.76205521330087,48.96092589049785],[-123.77235199217695,48.964204403213024],[-123.77538900574427,48.96619970624191],[-123.78025931162588,48.96750720697476],[-123.78803944956906,48.97190120655723],[-123.78879682493935,48.96752632216485],[-123.78695951146256,48.965968728340854],[-123.78602660377062,48.961631501619664],[-123.78279699201914,48.959757443681404],[-123.77997909390659,48.959803415378026],[-123.77756869870238,48.950511404783526],[-123.77109497730251,48.9443558770009],[-123.77035277839506,48.939480990628034],[-123.77317983203721,48.93938853015243],[-123.77290075705852,48.936229720793],[-123.76234690546474,48.93684258234254],[-123.73673812096058,48.93610901681405],[-123.73699657300139,48.937085315793844]]],[[[-123.6304099065513,49.00613310040159],[-123.6342714815019,49.004473897836924],[-123.63470351427782,49.00295150421124],[-123.63152789129198,48.99930828915368],[-123.62712142291831,48.997901203744306],[-123.62332560808794,48.9982828924871],[-123.61907130387937,48.99474228943555],[-123.61725159876643,48.991315704623446],[-123.6143405198778,48.99475940386573],[-123.61810179657466,49.000487594286675],[-123.62300840774088,49.003672104053884],[-123.62851039066962,49.00617869876059],[-123.6304099065513,49.00613310040159]]],[[[-123.71592819641545,49.086297596502256],[-123.71242299168567,49.08257759793185],[-123.71352258201125,49.08100529607257],[-123.70772029844768,49.07737068941265],[-123.70334181149167,49.07285448748277],[-123.69635860174725,49.07082789483273],[-123.69513720328787,49.076449201842195],[-123.69907932337814,49.07927630187803],[-123.70601880545757,49.08303049052498],[-123.71031699024681,49.08276129459387],[-123.71592819641545,49.086297596502256]]],[[[-123.69663029637807,49.069719813729925],[-123.69805840848397,49.068056288004115],[-123.69671281393276,49.0658331901022],[-123.69123400081173,49.06260161298042],[-123.6841108867746,49.06525209418527],[-123.68526901348467,49.06887949605836],[-123.69076139258134,49.069961904858964],[-123.69663029637807,49.069719813729925]]],[[[-123.63816280426025,48.94212024113776],[-123.63457277088483,48.94480549790485],[-123.64413784904015,48.95065244199069],[-123.64810064028946,48.94834398040191],[-123.64059420303875,48.94300791002608],[-123.63816280426025,48.94212024113776]]],[[[-123.63265928133866,48.931078691168324],[-123.62987098400633,48.92856500636774],[-123.63078500358175,48.92646431184093],[-123.62741921113073,48.92264168826142],[-123.62432691316089,48.92309040523344],[-123.63029739916809,48.931072995250126],[-123.63265928133866,48.931078691168324]]],[[[-123.68156991602622,48.966467497002334],[-123.68217339385143,48.96568129129927],[-123.67625369913725,48.96131760937877],[-123.67502411140502,48.96335839029655],[-123.67997188268275,48.966477504427814],[-123.68156991602622,48.966467497002334]]],[[[-123.68802529734697,48.97399440805754],[-123.69220938513219,48.97120869929061],[-123.6889729884995,48.970264405265354],[-123.68594018805476,48.9723878890878],[-123.68802529734697,48.97399440805754]]]]}},{"type":"Feature","properties":{"shapeName":"Kent","shapeISO":"","shapeID":"43193130B89764891454524","shapeGroup":"CAN","shapeType":"ADM3"},"geometry":{"type":"Polygon","coordinates":[[[-121.6686392451143,49.29641594107201],[-121.66856689537858,49.29743009455438],[-121.67207029998417,49.304194487769266],[-121.67093200938992,49.30722668308043],[-121.66677349141717,49.312306814257134],[-121.66227560447126,49.31525500505966],[-121.65416014311438,49.31802485405045],[-121.64720357545971,49.31753237562236],[-121.63906072370361,49.315656704172845],[-121.63459671034927,49.31693819962672],[-121.62947041555711,49.31975830436868],[-121.62719220493496,49.32437969262627],[-121.62368390224898,49.328985690614374],[-121.62285100344751,49.331780002703],[-121.61590348953462,49.342263695627906],[-121.60656320774974,49.34881068979232],[-121.60720757179413,49.351300099310905],[-121.60962461236716,49.348853498180375],[-121.61424508807929,49.345985791609394],[-121.61770738992011,49.34773885890811],[-121.61795445112425,49.356332101315004],[-121.61345230865818,49.35652144164161],[-121.61688810345301,49.357422900757825],[-121.61842959161885,49.35990680401609],[-121.61796298345796,49.36289359360674],[-121.6272097374703,49.3624930521859],[-121.68960910610151,49.36063790755554],[-121.71069851861455,49.36149638426095],[-121.74563714963162,49.35907073715036],[-121.76523760840706,49.35936830053503],[-121.76387362726246,49.33399358405878],[-121.79917509807062,49.313892925558704],[-121.77140793831403,49.30936496250114],[-121.77072521176774,49.299213867676855],[-121.76656163011742,49.29913175377095],[-121.76622234707094,49.29417672525922],[-121.76602979440125,49.28043785438256],[-121.78862469441239,49.28068934855811],[-121.7889087703325,49.28477187195412],[-121.78366059187361,49.284831339148916],[-121.78384813492626,49.28867938511692],[-121.79507361955186,49.288866402438934],[-121.79701426010531,49.30188243746722],[-121.81377789160976,49.30200169487159],[-121.8139302021337,49.30412090719972],[-121.8225101772656,49.30239719695342],[-121.82955418066629,49.300256599283145],[-121.8394932794728,49.298799596664],[-121.84563387819757,49.29982929781695],[-121.86005520060971,49.296941000177696],[-121.86551659789293,49.297507901515836],[-121.8745245005432,49.29547270277669],[-121.87765029885857,49.295350212294665],[-121.88538009562666,49.29312478887849],[-121.89259297307665,49.29043504493504],[-121.90492675744542,49.28594454955614],[-121.90849549003119,49.28383584235242],[-121.9158574127212,49.277174767997565],[-121.91410387789112,49.27642645935431],[-121.91419340196865,49.27281351104315],[-121.91541476175895,49.2679751373542],[-121.91968493338283,49.265073569016124],[-121.92722630090935,49.26349148487407],[-121.93068592155922,49.26185519901888],[-121.93226427930404,49.25644649746783],[-121.93621470267678,49.25231200063821],[-121.94170361107194,49.24961309397166],[-121.96244258104623,49.242109797008624],[-121.96486418650456,49.240645891071196],[-121.96625894017512,49.23824905980073],[-121.96463227102512,49.23534735670598],[-121.95763460453446,49.23341700896333],[-121.94896101012468,49.23288010723985],[-121.94498085599189,49.22834324246007],[-121.9435985658507,49.22291445702921],[-121.94490492306335,49.215589675330065],[-121.9370724051702,49.21765248866897],[-121.93514918939091,49.22030290230526],[-121.93444829754753,49.22462660839406],[-121.9263905769077,49.225593397465715],[-121.91660270429459,49.223874290974535],[-121.90673261213327,49.223889091673215],[-121.89203201216472,49.22335109650994],[-121.8806382828179,49.22083730123141],[-121.86265198989236,49.22085409891564],[-121.85416878096306,49.22248620013453],[-121.84950808219254,49.2263183910082],[-121.84510449051085,49.22870430617201],[-121.83996920358031,49.22850211214531],[-121.83105349846828,49.219751105373426],[-121.82610830389002,49.216931801683856],[-121.81833147813487,49.21506179730321],[-121.80677461104908,49.214024897196694],[-121.80165889851662,49.2140371889141],[-121.79540998757894,49.21079029398517],[-121.79090279369392,49.20780109320075],[-121.78829624042821,49.20691396385822],[-121.78472480455027,49.205934109388174],[-121.77293399933346,49.20462240153517],[-121.76225289341853,49.20706198736928],[-121.75740748423335,49.207778399579034],[-121.74691786359571,49.21057537010017],[-121.7402540379387,49.21283363756578],[-121.73597376187283,49.21312194974688],[-121.73208468546807,49.21444145769432],[-121.7155103185389,49.22757515381989],[-121.71283310929311,49.23160496637651],[-121.71124305671108,49.23609642146093],[-121.71019639794861,49.24370549388743],[-121.70322250804286,49.24954479113764],[-121.69809980922935,49.25200010303639],[-121.69439300739654,49.25479440677194],[-121.6844366337375,49.26565687878316],[-121.67921424684677,49.27219241257214],[-121.6782297340675,49.27623442585632],[-121.67922249586054,49.28083609482608],[-121.67547160313742,49.289012507627646],[-121.66892330882443,49.29421669146854],[-121.6686392451143,49.29641594107201]],[[-121.67595738620354,49.31285821927041],[-121.66958308280077,49.31278540340291],[-121.67204288977895,49.31030439203012],[-121.67458759820296,49.30519720571319],[-121.67962867729919,49.30240289555831],[-121.68124908130311,49.29991189937182],[-121.68123951404138,49.29613349712128],[-121.68446649594199,49.29223120723041],[-121.68472920531914,49.289597792138686],[-121.68258790817379,49.28686620308528],[-121.68507429340036,49.282801492257],[-121.69073101332047,49.28051710639341],[-121.69767498961919,49.27843769957755],[-121.70067369703392,49.27631140040981],[-121.70197328010082,49.2739343967142],[-121.70156061038887,49.26974580385768],[-121.69912919713434,49.26602150743069],[-121.69494310065872,49.261099408191896],[-121.6962867996898,49.256004416891045],[-121.70037600678977,49.25344505994597],[-121.70569107029058,49.25374438867028],[-121.7110034956776,49.249225157265414],[-121.7171671834156,49.250270776593055],[-121.71849576104229,49.24850652316192],[-121.71766761613056,49.24598755613989],[-121.72529632439766,49.24215069074397],[-121.73307515290495,49.24840715581096],[-121.74204919166465,49.256107498953924],[-121.7432882138331,49.25819234697949],[-121.7387091372843,49.26148600454564],[-121.73678600036823,49.26413677519602],[-121.73590546863659,49.26847188274349],[-121.73440855163116,49.27056942517587],[-121.73788431689896,49.273351140042976],[-121.7357170643491,49.27536187934519],[-121.72831880903571,49.27814570363065],[-121.72364039240931,49.28144850362299],[-121.71942800497112,49.289105000343554],[-121.72030908844009,49.29265990512917],[-121.71444970084391,49.298835201476706],[-121.71008640037338,49.299946097676916],[-121.69798718521145,49.30041210383248],[-121.69561191666892,49.30296259450584],[-121.68758909922504,49.3061827024525],[-121.6809770841983,49.30809399908722],[-121.67595738620354,49.31285821927041]],[[-121.76568530964215,49.21470675781661],[-121.76557506590306,49.22233002179304],[-121.76248535393583,49.22266192176831],[-121.75279515405211,49.222373755734225],[-121.75282160314227,49.2188076898014],[-121.74665359691289,49.219149208819005],[-121.75198619608975,49.21458330007355],[-121.75422130501421,49.21361768414656],[-121.75743439201693,49.21418310082789],[-121.76267470725307,49.213321394461325],[-121.76568530964215,49.21470675781661]],[[-121.93376671427187,49.23366690269322],[-121.92088869868512,49.231375394090506],[-121.92153639064449,49.229858529222625],[-121.92644270039837,49.22917082720509],[-121.94167924629599,49.22930258290272],[-121.94601663346603,49.23291793357222],[-121.95309336419031,49.23446905729304],[-121.95266130743843,49.23621114159421],[-121.93376671427187,49.23366690269322]]]}},{"type":"Feature","properties":{"shapeName":"Spuzzum 1","shapeISO":"","shapeID":"43193130B89890714379391","shapeGroup":"CAN","shapeType":"ADM3"},"geometry":{"type":"Polygon","coordinates":[[[-121.41938223016192,49.66523127884995],[-121.42484271357503,49.66028528881864],[-121.42418596272111,49.65579442683105],[-121.41764085547884,49.65589704081125],[-121.4030758143378,49.65512970536201],[-121.40741140218675,49.6620085969501],[-121.4134893062444,49.666849499768844],[-121.4153390872657,49.66707309546755],[-121.41938223016192,49.66523127884995]]]}},{"type":"Feature","properties":{"shapeName":"Creston","shapeISO":"","shapeID":"43193130B90458548799110","shapeGroup":"CAN","shapeType":"ADM3"},"geometry":{"type":"Polygon","coordinates":[[[-116.50727474854313,49.1310274268262],[-116.51756999100766,49.131102043000496],[-116.5175874508758,49.1185950666716],[-116.52352851247772,49.118598490479414],[-116.52355210815949,49.120844203476764],[-116.52863751692136,49.12083769652173],[-116.53414775144999,49.11999335619466],[-116.53377805988295,49.11747131226066],[-116.53914488969045,49.117075293303174],[-116.53255129720222,49.113231899788325],[-116.5311990894049,49.11186508989134],[-116.5272786103272,49.104934387661054],[-116.52341601386549,49.09906967088988],[-116.52859803628814,49.09949753326743],[-116.53032700084104,49.095687644761156],[-116.53334969739194,49.093412602969266],[-116.53351317235408,49.09008528415804],[-116.52898986382374,49.09015462287823],[-116.52634927692615,49.09185382031927],[-116.5267664032601,49.095253348802714],[-116.5246623222394,49.09526400559594],[-116.52216790770936,49.09024320490618],[-116.52214608402792,49.088198299112065],[-116.51242851494901,49.088242783933914],[-116.49352021244083,49.08830798027443],[-116.49625837349632,49.09547496497449],[-116.49500334378085,49.09867000753609],[-116.49579764478543,49.106177671146305],[-116.50609134868354,49.106436858427394],[-116.50695520200615,49.10714516764434],[-116.50727474854313,49.1310274268262]]]}},{"type":"Feature","properties":{"shapeName":"Squaw-hay-one 11","shapeISO":"","shapeID":"43193130B9062920375153","shapeGroup":"CAN","shapeType":"ADM3"},"geometry":{"type":"Polygon","coordinates":[[[-123.69533034608808,48.89958854370341],[-123.68813009198269,48.89969362033354],[-123.69193156139977,48.90347575957166],[-123.70081993856392,48.90329926268764],[-123.70025108164407,48.90028090465962],[-123.69533034608808,48.89958854370341]]]}},{"type":"Feature","properties":{"shapeName":"Elhlateese 2","shapeISO":"","shapeID":"43193130B91025314501534","shapeGroup":"CAN","shapeType":"ADM3"},"geometry":{"type":"Polygon","coordinates":[[[-125.03031031436903,49.02712599920104],[-125.02943995388402,49.03015303193126],[-125.05704289972093,49.031134264904715],[-125.05798977887491,49.01868721725731],[-125.0471705161906,49.018264026402655],[-125.04272501174222,49.02027558752704],[-125.03960688989638,49.020654400466604],[-125.03487248251949,49.018921097321666],[-125.03186448753361,49.02332909396295],[-125.03031031436903,49.02712599920104]]]}},{"type":"Feature","properties":{"shapeName":"Nesikep 6","shapeISO":"","shapeID":"43193130B91325072529947","shapeGroup":"CAN","shapeType":"ADM3"},"geometry":{"type":"Polygon","coordinates":[[[-121.78490768401818,50.53058217253038],[-121.77651893970736,50.53098468920037],[-121.77730480517218,50.53525118517412],[-121.77591614917347,50.536514051657136],[-121.76933945191159,50.53660517607605],[-121.76921754463382,50.53986335554703],[-121.76707654902411,50.53981856122375],[-121.766244075808,50.54638153874022],[-121.76664240809879,50.55411853398865],[-121.79842408109275,50.55470755988989],[-121.80250463442606,50.55505053355327],[-121.80299325047146,50.542373894052666],[-121.80453543762908,50.531065241584066],[-121.78490768401818,50.53058217253038]]]}},{"type":"Feature","properties":{"shapeName":"Lakahahmen 11","shapeISO":"","shapeID":"43193130B91845847390303","shapeGroup":"CAN","shapeType":"ADM3"},"geometry":{"type":"Polygon","coordinates":[[[-122.08258708420558,49.18264146346793],[-122.07752720200146,49.18052133846908],[-122.06980090328915,49.18660010252724],[-122.07283707257741,49.18810639941209],[-122.07604437532868,49.1879796667675],[-122.08258708420558,49.18264146346793]]]}},{"type":"Feature","properties":{"shapeName":"Necait 6","shapeISO":"","shapeID":"43193130B92141548863772","shapeGroup":"CAN","shapeType":"ADM3"},"geometry":{"type":"Polygon","coordinates":[[[-122.29384023660596,50.700947590729804],[-122.29403577499492,50.706482739998464],[-122.30283473337263,50.70589205892906],[-122.30316930282716,50.70022971380631],[-122.29384023660596,50.700947590729804]]]}},{"type":"Feature","properties":{"shapeName":"New Songhees 1A","shapeISO":"","shapeID":"43193130B92511433613937","shapeGroup":"CAN","shapeType":"ADM3"},"geometry":{"type":"Polygon","coordinates":[[[-123.4266034981901,48.446552799519814],[-123.42660940366324,48.44167615815429],[-123.43165610663767,48.441952556387584],[-123.43173583616476,48.43936373480588],[-123.41235505389318,48.446591320305906],[-123.419245698444,48.448679591390814],[-123.42475053444629,48.45103194616079],[-123.4266034981901,48.446552799519814]]]}},{"type":"Feature","properties":{"shapeName":"Langley 5","shapeISO":"","shapeID":"43193130B92702532338216","shapeGroup":"CAN","shapeType":"ADM3"},"geometry":{"type":"Polygon","coordinates":[[[-122.52013102877396,49.17315686094576],[-122.51667396098802,49.17754241929677],[-122.53486658124224,49.18380441812264],[-122.53990924801698,49.1782402440291],[-122.54102832589801,49.17599114535492],[-122.53236088219727,49.17389080158916],[-122.52837398476153,49.173425100263195],[-122.52132107615306,49.171668880818125],[-122.52013102877396,49.17315686094576]]]}},{"type":"Feature","properties":{"shapeName":"Kootenay Boundary C / Christi*","shapeISO":"","shapeID":"43193130B93000956745319","shapeGroup":"CAN","shapeType":"ADM3"},"geometry":{"type":"Polygon","coordinates":[[[-118.29781012039349,49.00016294265145],[-118.22463822012213,49.000174331855824],[-118.15435030522552,49.00018239354331],[-118.06216223541817,49.00029456388379],[-118.06427760158245,49.002830787669865],[-118.06348405344076,49.010231354344214],[-118.06127873132026,49.01300846531558],[-118.05695729868336,49.015648152398825],[-118.05648288885529,49.01699085584311],[-118.05931116355313,49.02191192597128],[-118.05957998345559,49.02472515601691],[-118.05722886812865,49.026342412694405],[-118.05662004381266,49.02887462360882],[-118.05180946823926,49.03065442524168],[-118.04979907812216,49.034361996740245],[-118.04948636388472,49.040122569851476],[-118.04833117082566,49.04493711169105],[-118.0531232879524,49.04751829828201],[-118.05633530928398,49.05015810701088],[-118.05770203179898,49.05360136260909],[-118.05669007409672,49.06300717436423],[-118.05768455562941,49.070434497685206],[-118.05524732792591,49.08175099145729],[-118.05710848040563,49.08535277912435],[-118.05682489957498,49.08855122942856],[-118.05382658739791,49.091915424675086],[-118.05438381635894,49.09332029516365],[-118.05868874780771,49.0959989584179],[-118.05874953892219,49.09887120284434],[-118.05442710485478,49.10258801812438],[-118.05327412366294,49.104726547482784],[-118.05594866708643,49.1094964652434],[-118.0552504653261,49.11135324135438],[-118.05186984355898,49.114556635287],[-118.0515356998091,49.11766321520096],[-118.05486541654474,49.12718151860688],[-118.0538972285452,49.131825209354],[-118.0557880073193,49.135677119632014],[-118.0555219741846,49.142918912139685],[-118.05757789620483,49.14394717293057],[-118.05243749085042,49.1482554436741],[-118.04602292020758,49.15206235867013],[-118.08909687576208,49.15238610200587],[-118.08915133483185,49.16718624960472],[-118.09543464580857,49.16722192967103],[-118.09850510294687,49.17233105313598],[-118.09963866342467,49.17645955597891],[-118.10689739600392,49.182340656732954],[-118.10782662862889,49.1850613187223],[-118.11095723417372,49.186807358556926],[-118.1095515716912,49.189827878259734],[-118.11637872530115,49.20136956805713],[-118.11746915513501,49.2062456282624],[-118.11947004422365,49.209364260858344],[-118.12795949404273,49.218679312317356],[-118.12819693099081,49.220365647263264],[-118.13151126249123,49.223176746440544],[-118.13309351185521,49.22890020034309],[-118.13263738539692,49.23051471099886],[-118.13396791230853,49.233979629138105],[-118.13306560415342,49.24208823266094],[-118.13333564157163,49.24534160808257],[-118.1353766283001,49.25440618846711],[-118.13530287330283,49.26173513986294],[-118.13581248415508,49.26400335242261],[-118.1346491414846,49.268621414703595],[-118.14221517003452,49.27767868097594],[-118.15012008388068,49.27365071126875],[-118.14969459917235,49.271275431350084],[-118.15193537499714,49.267241341314616],[-118.16100051483963,49.26070132783367],[-118.1662920111212,49.25040462390013],[-118.17682339259002,49.24932460467786],[-118.17708426165105,49.26033361963075],[-118.18192119458439,49.26699945155286],[-118.18139435361613,49.268888720366114],[-118.17781517114307,49.27066303385594],[-118.17689180412069,49.27440325258072],[-118.17954367050127,49.27700757894326],[-118.18448835338134,49.27754813606935],[-118.18956960691675,49.28068350947601],[-118.19698914099949,49.280235051448194],[-118.19773752166721,49.28568361227533],[-118.20329911989232,49.29204137097925],[-118.20389841463104,49.29401152173758],[-118.20766397489649,49.29580218388176],[-118.20373885508828,49.30144694544736],[-118.20623854647314,49.30489180225785],[-118.20775651995542,49.31729270412605],[-118.20912871543976,49.32608455307086],[-118.21929048011121,49.32836755056111],[-118.22436611115646,49.325155567208455],[-118.23406680474768,49.32148785478299],[-118.24539247474355,49.315890826697235],[-118.2497485348392,49.31233059600608],[-118.25349014575536,49.30541141984282],[-118.25726936979218,49.296607017970054],[-118.2646706704299,49.28653789707439],[-118.27264819748612,49.280252218041944],[-118.27910249429279,49.27649054240761],[-118.28606614580045,49.27444754337822],[-118.29535718341343,49.27109815090099],[-118.30351844408867,49.265278843874306],[-118.30425922423647,49.25846526571739],[-118.30966896339689,49.24477283442123],[-118.31921173135204,49.24211429923369],[-118.31822982422534,49.23304594718233],[-118.314208542022,49.232617536781035],[-118.31337412757176,49.2172470526452],[-118.33585909504315,49.21744306420989],[-118.33582194469024,49.203290630342295],[-118.33943989017895,49.20304170489771],[-118.33991051769439,49.19945847978897],[-118.33713095466582,49.193225452445475],[-118.34604588833048,49.188430582836624],[-118.34740167785856,49.18648365935074],[-118.34844525249477,49.180580470488984],[-118.34874246532688,49.17520534866793],[-118.34539268235433,49.16849027345648],[-118.35129568834915,49.155589547029976],[-118.34968199294077,49.14373226978491],[-118.34355475477967,49.134910918856896],[-118.33544295169996,49.127435301030246],[-118.33423826021162,49.114352897889944],[-118.33170142109375,49.10349656048186],[-118.33494298810751,49.09338314356795],[-118.33276897030201,49.09016239021424],[-118.33120721326704,49.08614823841128],[-118.33780193653367,49.079614625760094],[-118.33487639551694,49.070651752057934],[-118.32846776644219,49.05568630275518],[-118.31180447974232,49.050474176612454],[-118.29739116726122,49.03786503936448],[-118.29853934560087,49.033320086903196],[-118.29892766583215,49.00604861486884],[-118.29796028445888,49.005744657303616],[-118.29781012039349,49.00016294265145]]]}},{"type":"Feature","properties":{"shapeName":"Sunshine Coast B","shapeISO":"","shapeID":"43193130B93234648410231","shapeGroup":"CAN","shapeType":"ADM3"},"geometry":{"type":"MultiPolygon","coordinates":[[[[-123.35160869558803,49.665670981434914],[-123.35191839481733,49.66871243684274],[-123.35519453885664,49.67110623637047],[-123.36401573100721,49.674351259183915],[-123.36164342505737,49.67710583573885],[-123.35417730179465,49.681761296015594],[-123.35120682724822,49.684120386670166],[-123.34638235864514,49.69026672509699],[-123.34642009528392,49.69617527776398],[-123.33844321244032,49.70543054627602],[-123.32856123330686,49.71177414893245],[-123.32710045754868,49.7147698385492],[-123.32398626068665,49.717693409964106],[-123.3198209834707,49.72370870852218],[-123.32290023766146,49.72753275972683],[-123.3355236711439,49.734866813973326],[-123.33573019851003,49.74731371049323],[-123.32899847335617,49.749964668132286],[-123.30300648773952,49.750053245562064],[-123.28061456159985,49.7466724171634],[-123.27674357263047,49.74996983690121],[-123.28383963956121,49.75995598535285],[-123.27627460516108,49.7653201623937],[-123.2725084504696,49.770917008547606],[-123.28226179415287,49.77180006184905],[-123.29219562543726,49.77651429524353],[-123.30067823672573,49.77803450972593],[-123.3064587573943,49.7900409283522],[-123.30522437357837,49.79650951476318],[-123.31263817890876,49.80288339305136],[-123.3228599029856,49.8158758283903],[-123.32939910037764,49.82119216913372],[-123.33331084289576,49.827328437980206],[-123.33071062413444,49.829989526439576],[-123.33118582436137,49.837422658793336],[-123.32706390328333,49.84548544768329],[-123.32841734702812,49.851443426153956],[-123.35390645555579,49.8606746582952],[-123.35864043816194,49.86525955446799],[-123.37113478472018,49.866057849746284],[-123.39912048357381,49.881232227838446],[-123.4166194511198,49.87910768742285],[-123.4228639249999,49.894883744472104],[-123.4258546165419,49.89538016727367],[-123.42618932603999,49.89820007195468],[-123.42795160405485,49.900927918603784],[-123.44759349899017,49.902746484471336],[-123.45714260894691,49.910442727405965],[-123.47352122632303,49.91206329816454],[-123.48794732335358,49.91135288730947],[-123.5001349700372,49.90334538734884],[-123.5072469893898,49.89741648897629],[-123.51851521065781,49.890734902131555],[-123.52489355502637,49.88774564813513],[-123.52752811590368,49.88582146267475],[-123.52758798941936,49.884052634807226],[-123.52538136759445,49.87958428059185],[-123.53015528160235,49.87790674782171],[-123.5405061568353,49.878262608582226],[-123.54443625310786,49.877879469457746],[-123.54839866342134,49.87523764064826],[-123.55030568082748,49.87107094828265],[-123.55019135171943,49.86312010725697],[-123.5512692741601,49.854750123280546],[-123.54793604568533,49.8461841019888],[-123.54938190844084,49.84192997608388],[-123.54966143162677,49.83858557238859],[-123.55391187470471,49.83858725151789],[-123.55780756917314,49.84046084011443],[-123.56005192175718,49.84266596650866],[-123.56524621977584,49.84607934135106],[-123.56952381769243,49.846570333551576],[-123.57813555998423,49.84578422273237],[-123.57913634465612,49.84742880393509],[-123.58029714621664,49.85475811565001],[-123.58273277442667,49.857645148617806],[-123.58614442301396,49.85894029127893],[-123.58703742022823,49.861371848865154],[-123.58422203368922,49.86261200270122],[-123.57750636456541,49.867470560941335],[-123.57398205557774,49.87520011942113],[-123.57032484606829,49.87773392300274],[-123.56907755328902,49.87991974170725],[-123.57343640859573,49.88462741497378],[-123.56758322312496,49.88868157842479],[-123.56882346499295,49.89748164663074],[-123.56765568586319,49.901137157084335],[-123.56499680327963,49.90531643130618],[-123.56027953000438,49.90797165202678],[-123.55368946215646,49.91253204347441],[-123.5493481633357,49.91655201165477],[-123.54915599056524,49.9186162896191],[-123.55243559014343,49.92021030161947],[-123.56564673220944,49.91981195590398],[-123.57082757374914,49.91998819926377],[-123.5754646509581,49.92135430999748],[-123.58007331098298,49.92497761852415],[-123.58297690187611,49.924518142144436],[-123.5885567732849,49.92080627933079],[-123.59598814553637,49.92318655468703],[-123.60274330854185,49.922932097837744],[-123.61149148328786,49.92709625336429],[-123.61923717722908,49.92824089763751],[-123.62017135205262,49.930668601783104],[-123.63472424136565,49.926886670498284],[-123.66021728378347,49.92997117610894],[-123.67568743882505,49.92182565541115],[-123.6824878371427,49.91203996575701],[-123.68867113406017,49.90767363798804],[-123.70238836270882,49.90483811783116],[-123.70955918340964,49.905322468077166],[-123.71519180437627,49.90030872818433],[-123.7230038567836,49.89418716316942],[-123.73348653106147,49.895510721412776],[-123.73915262088038,49.89115392341465],[-123.74186806578435,49.88515538255519],[-123.7468182183769,49.88608687392789],[-123.75896222401944,49.870365430446064],[-123.77026499001202,49.868370930191816],[-123.77515194791565,49.86126354536044],[-123.77568308123898,49.85637296803588],[-123.7732695438683,49.853686783998576],[-123.76687980861855,49.84073129241043],[-123.77173116235689,49.82554343436096],[-123.79704864626048,49.7981188348606],[-123.79756744017645,49.76991482145091],[-123.80563134583193,49.759664093557014],[-123.81847684993015,49.75316672271387],[-123.8358223510131,49.747302580592454],[-123.85724684539424,49.74572184951584],[-123.87388496199682,49.741621851489974],[-123.8854075773688,49.74263902325775],[-123.88456886899723,49.734285227032494],[-123.88037848552082,49.73418759369624],[-123.87899621428267,49.73283879631364],[-123.87293868901445,49.73016840753824],[-123.86741436929849,49.725127860424905],[-123.86433739166036,49.72556845136949],[-123.86187583681044,49.72378612007457],[-123.8611959513527,49.72075102279354],[-123.86625280368476,49.72032657432347],[-123.86615011265745,49.71757270608639],[-123.86407370266903,49.71615850007503],[-123.86369779349515,49.710621192465396],[-123.85921529007932,49.70900749735391],[-123.85856268688461,49.705828702051306],[-123.85428107728141,49.70282929676002],[-123.85259840924672,49.699441107565],[-123.84784040270475,49.695275288723266],[-123.84420918731155,49.6906878922771],[-123.84302921763472,49.68731539699302],[-123.84122478523379,49.686419590511626],[-123.83090781248275,49.68876099768144],[-123.82188199705617,49.68958991084501],[-123.81969991228551,49.690873088883315],[-123.81582409495223,49.6912875002124],[-123.81096939041998,49.69031339846712],[-123.80705581260672,49.69177179058062],[-123.80356438344953,49.694476293920566],[-123.8026625879298,49.69689319235575],[-123.79822401083348,49.7001888070173],[-123.79694639997835,49.70260859255704],[-123.7907560890757,49.7048901113962],[-123.78916709229007,49.70703221054064],[-123.78951788578787,49.7098549086777],[-123.78732281043158,49.71128198530035],[-123.78173910556075,49.71078919313387],[-123.77556709214605,49.7125581012818],[-123.77337159229404,49.715882202053336],[-123.76563741842303,49.71804700603095],[-123.75715970943625,49.72154770306495],[-123.75342437948174,49.72484619624092],[-123.75098871744491,49.72428649603989],[-123.74709179588089,49.7298793065381],[-123.74200989446817,49.73242150813371],[-123.74141669651284,49.73533119484049],[-123.73707310499681,49.73900139448339],[-123.73837870709811,49.7408813056994],[-123.73666138707833,49.74478799863961],[-123.73708978080069,49.74658389902968],[-123.73226931686825,49.75374620185314],[-123.73260449434217,49.75563330947868],[-123.72832330601368,49.75905999128907],[-123.7277645203963,49.76062939888012],[-123.72838909992998,49.767119602385044],[-123.72825609784489,49.77217550845219],[-123.72633090893171,49.77339179928015],[-123.72787135345511,49.779846129536686],[-123.72345430370427,49.77978790603832],[-123.72338162596542,49.782395604149336],[-123.7256897958537,49.784369609152314],[-123.72659233004372,49.78764581220246],[-123.72715246366312,49.79497818078231],[-123.72571149669051,49.795010054881836],[-123.7256629774024,49.80048958313901],[-123.72155766065495,49.80050810599586],[-123.72156655901635,49.7940356583201],[-123.71559503872402,49.793762368314745],[-123.71569947288727,49.786993194623825],[-123.71679288717286,49.78678079790662],[-123.71961411026834,49.78158115722788],[-123.7199070386114,49.78002234825413],[-123.71824810767387,49.77807458578776],[-123.71749280235028,49.77402270935397],[-123.71353121853534,49.77428683230513],[-123.71179790780106,49.75945234790788],[-123.7180133925643,49.7594302021333],[-123.7210706858032,49.757694089861346],[-123.720200997898,49.75523448661355],[-123.72159859692054,49.752230890580165],[-123.72526950153903,49.74700829176213],[-123.7261651794095,49.74461129549544],[-123.72529520660889,49.74128870029327],[-123.72793229874807,49.73944571254199],[-123.72726029058933,49.73719258902837],[-123.7284807970447,49.735187400099704],[-123.73439171067608,49.728755609660226],[-123.73718460467641,49.7271277952159],[-123.73948330976722,49.723245401176484],[-123.74198938568601,49.721052106190044],[-123.74615959179117,49.72064760742452],[-123.75203988736473,49.71601320082653],[-123.75884610260138,49.715689902432175],[-123.7614262945086,49.71310071077679],[-123.76441590786497,49.7126221943413],[-123.77367899936542,49.71249828477551],[-123.77626398576322,49.710178191027495],[-123.78134071929001,49.70241770039743],[-123.78629258894199,49.70241059636542],[-123.7863971070104,49.697787588734634],[-123.78764350290717,49.69419009125348],[-123.78681230006065,49.69169478690056],[-123.79078671650323,49.69060680371541],[-123.7928783950735,49.687074692121456],[-123.80057991221408,49.68234490522083],[-123.8048802751347,49.68090359638792],[-123.80852029993886,49.68055330411863],[-123.81386331909448,49.67842980241404],[-123.82276458771304,49.67606420297314],[-123.82685171699066,49.67596299722512],[-123.82513860004282,49.669769102310596],[-123.82126420803554,49.666855192336165],[-123.81908920599172,49.66281468720888],[-123.81799582162984,49.658765704966534],[-123.81912319979759,49.65737139819097],[-123.81823289230377,49.65470668942904],[-123.82042719073439,49.65418831354065],[-123.82303580439074,49.657704709931664],[-123.82559249176118,49.65972699619137],[-123.82421388941097,49.661041588293635],[-123.82991450208259,49.66370769801589],[-123.83441690897448,49.66453090993383],[-123.83564030229655,49.66235330376229],[-123.8385960897982,49.66172951047182],[-123.84034198121573,49.65938809305412],[-123.84093242297344,49.653429200897456],[-123.8378943152391,49.64913380330802],[-123.83514459903498,49.64954961187411],[-123.83016809108682,49.643612093701805],[-123.8275193027162,49.63767740053173],[-123.82498982281106,49.634699404374295],[-123.82173722445556,49.634849004892914],[-123.8169209094166,49.63093378928594],[-123.81281038615107,49.63023449485973],[-123.81125078016642,49.631306892883956],[-123.80609641787248,49.62954380002095],[-123.8083087952876,49.625903490751355],[-123.80509298581693,49.62580950385764],[-123.80069861834662,49.63048939861967],[-123.80069960041865,49.63227108735292],[-123.7931916976745,49.63380640645947],[-123.79182929875282,49.63528189951002],[-123.78671730432346,49.63511960806362],[-123.78146669023805,49.636691888527906],[-123.77139109450691,49.64071809133918],[-123.7667178186863,49.6420255007592],[-123.76153911457642,49.642140900429915],[-123.75534509722388,49.64108409682054],[-123.75149450167494,49.64116390498977],[-123.74627519385724,49.643995212298336],[-123.7395643941065,49.64636799299646],[-123.73730609172539,49.64628249323988],[-123.72869180112491,49.64916231193851],[-123.71655678807174,49.64822090105102],[-123.70302877925809,49.65162329203854],[-123.69584077952578,49.651665999525434],[-123.6934724032095,49.65273279283051],[-123.68738598613238,49.65347050133872],[-123.68510439749068,49.652684307999614],[-123.67874410125627,49.65261308811867],[-123.6761435950753,49.65092829538241],[-123.66998811624352,49.65053240527395],[-123.66885442088814,49.64878479865467],[-123.66437440999529,49.64933320822112],[-123.66093829666683,49.652365286834744],[-123.66117581664246,49.65463980289105],[-123.65923548550097,49.65859909683142],[-123.65718079797678,49.66039211187698],[-123.65083659947933,49.66364791263383],[-123.64212707923467,49.66303119986001],[-123.63882888938048,49.665144695094845],[-123.63453820130493,49.665646099425174],[-123.63002048041258,49.662423092045636],[-123.62540148677596,49.664147809042454],[-123.62382889588477,49.6658383148606],[-123.61644318916292,49.669062705075454],[-123.61252111515874,49.67027049646327],[-123.60805118228662,49.67067210153133],[-123.60353948521069,49.67240389949213],[-123.5987672144887,49.67310320485149],[-123.59839359385859,49.67440069966682],[-123.59113500352773,49.67685740020963],[-123.58651419064456,49.677744713188766],[-123.58214340902839,49.67737158734595],[-123.57457270197972,49.67827169810971],[-123.57590470357178,49.68187209008747],[-123.57016909733983,49.683349012439194],[-123.56421211648657,49.68253289819485],[-123.5624440049129,49.68068000795684],[-123.55927069723852,49.68314098578923],[-123.55533899996581,49.688394993303966],[-123.55257000680848,49.69000000782948],[-123.54814939362178,49.69641611162075],[-123.54014692051341,49.698729006407774],[-123.5355261910953,49.69846270539481],[-123.53569478328787,49.70125980525676],[-123.53287061242968,49.704177995999544],[-123.5336114973608,49.70734120143312],[-123.5312157030176,49.71007709022121],[-123.52702859724397,49.70908018751419],[-123.52497308571017,49.70623749248147],[-123.52803560770776,49.70208589752014],[-123.52828158087976,49.69921609137218],[-123.53316099649699,49.693959288188395],[-123.5382103931567,49.69162360541011],[-123.54342878525794,49.68834370572519],[-123.54291889760192,49.68612481150857],[-123.54453220654047,49.6816911831375],[-123.54794648758887,49.68090219058391],[-123.55520720632724,49.68174821033363],[-123.5539406931521,49.67890398992617],[-123.55479312295171,49.67711810281081],[-123.55788111167608,49.67560130340225],[-123.56094968720022,49.67251069371665],[-123.56601589832354,49.67067780325147],[-123.57241940324903,49.669485691637426],[-123.58079538823986,49.66889609973561],[-123.5868993959357,49.667038886114305],[-123.58783520409361,49.664227508571244],[-123.59083759377648,49.66148740191092],[-123.59886609505506,49.65971000460789],[-123.60791010819975,49.65611950655976],[-123.6116211934314,49.65599988761051],[-123.61806210548323,49.65361009093426],[-123.63120941360737,49.65352028929043],[-123.6320248117314,49.65125019999904],[-123.63836110103136,49.648579800655384],[-123.64579771104039,49.64301539660258],[-123.6528220964548,49.64109698905176],[-123.65880140431233,49.638858109197336],[-123.6678313024225,49.636810087052176],[-123.67461120827443,49.63823710177985],[-123.68081999794633,49.637570612874036],[-123.68759049822455,49.64132629934585],[-123.69284599034668,49.64084630671085],[-123.7054916909552,49.63793659714267],[-123.7077774188801,49.6370764002972],[-123.71203660691785,49.637599092832076],[-123.71854888333219,49.636802999981725],[-123.71868988450449,49.63406849232783],[-123.72370870089605,49.628864389882004],[-123.73042160094336,49.625961892532246],[-123.73131719726284,49.62472421439649],[-123.73565510948659,49.62319468692628],[-123.74945208360307,49.62090309505334],[-123.75535449305455,49.618526098940244],[-123.75961331121725,49.61814729135569],[-123.76916039632106,49.610752790854605],[-123.77009112506032,49.6083458048011],[-123.77250981694738,49.607159498119515],[-123.77892280679748,49.60664958663003],[-123.78778569675221,49.60257780966399],[-123.78772841026935,49.597406506860516],[-123.78670328417655,49.59386020294492],[-123.78447340088768,49.592796298907345],[-123.78305061296345,49.589476506193535],[-123.78496140414009,49.58791699822041],[-123.78412769591162,49.58591739210899],[-123.7858239980149,49.58389928983337],[-123.78259979277335,49.5820776954973],[-123.78396201315978,49.577346494269975],[-123.78067079450283,49.573905610887444],[-123.78065610409294,49.57216948554552],[-123.78395020819043,49.568872498854056],[-123.7805527903866,49.56561241183269],[-123.78223341773703,49.564333502010435],[-123.7759538013341,49.56165029466803],[-123.77711580723388,49.55912370395701],[-123.7681458822975,49.55673679080611],[-123.76686131029226,49.55323750316912],[-123.76345170131538,49.550122267911206],[-123.75406357528554,49.55020829240961],[-123.75320306434945,49.54611232390549],[-123.74982634024079,49.546311187202555],[-123.74976802736612,49.5438185444157],[-123.75324032892205,49.54215832565448],[-123.754335681346,49.533834668754665],[-123.75220635669417,49.52771342117725],[-123.74901912378846,49.52148811034053],[-123.74231081787242,49.521286331405804],[-123.74200670711339,49.50910913672632],[-123.74245436072985,49.50354669514042],[-123.738071889958,49.50341574221045],[-123.73819082856592,49.5007575765549],[-123.73645323661498,49.496989579648314],[-123.73547821918405,49.48718753835691],[-123.72448787269819,49.491073178422155],[-123.70755271203602,49.500191042343246],[-123.68208160825324,49.50031246558047],[-123.68106384412872,49.51188721337411],[-123.67896145004624,49.522580921294335],[-123.67483911092525,49.540211259749086],[-123.66916584920224,49.54645508380201],[-123.66363918522741,49.55186137009541],[-123.6625111042264,49.556525852792944],[-123.65819125055803,49.570258537266334],[-123.65516859278529,49.57491910333962],[-123.64477174163136,49.577016713755796],[-123.6404613688244,49.579591281863586],[-123.64010019663645,49.58205246851624],[-123.64610800259578,49.58842227800445],[-123.64620370702501,49.59080584517633],[-123.64410526037938,49.59282527753392],[-123.63958808736596,49.59515520650855],[-123.62715066531955,49.59973353126179],[-123.62121121187342,49.60138233537298],[-123.61033926524837,49.603621375589604],[-123.60257644633829,49.60598088345397],[-123.5938681839054,49.60721502256147],[-123.57834446649375,49.61096682119042],[-123.5683188971133,49.61430209764206],[-123.56689989809992,49.61602909015416],[-123.56752352616564,49.618640667797045],[-123.5728868216913,49.62403632190699],[-123.57160000503832,49.62584353729772],[-123.56468048994425,49.63056911256055],[-123.56276555463629,49.63116035730311],[-123.54640079012358,49.63238748550927],[-123.53836900790247,49.634775457285855],[-123.53140196742707,49.63283334367921],[-123.52337895658025,49.62713881243304],[-123.51983389782326,49.62547023738001],[-123.50336898669883,49.620573794919835],[-123.4805187461891,49.61588148178553],[-123.47252803930792,49.61580423836314],[-123.46216332011701,49.61753301800293],[-123.45775249761584,49.61903142032684],[-123.45332214841166,49.62331867779877],[-123.44989795790282,49.63152961731798],[-123.4503403329383,49.635940289182315],[-123.45197468878543,49.640325492369584],[-123.45770143762631,49.645738032373885],[-123.45719229291119,49.647649264498824],[-123.45437322094526,49.650477328421495],[-123.44328472967895,49.65542194050301],[-123.43701669445184,49.655863378655084],[-123.42920037110055,49.655033504346434],[-123.40175635235877,49.65058464106528],[-123.39091381001744,49.64962296820408],[-123.38238830512923,49.649399558784296],[-123.37310357318586,49.64962432975734],[-123.36861616342671,49.65113800019893],[-123.35973225432019,49.655443239329514],[-123.35682187442296,49.657296978084254],[-123.35131985954372,49.66275255577168],[-123.35160869558803,49.665670981434914]]],[[[-123.90416936243366,49.727682767630455],[-123.9135166865503,49.724794265611074],[-123.92480335784511,49.72821705399284],[-123.93936258197397,49.71926503486361],[-123.93943932582631,49.706865877923214],[-123.93557160250188,49.70011763963451],[-123.93477034904893,49.69169173518355],[-123.92890824252936,49.683625436666624],[-123.93034719117388,49.67876492826801],[-123.92726816017448,49.66976903454647],[-123.91505659462761,49.66720170691011],[-123.91000830119897,49.664877600413675],[-123.90745068255963,49.662596626323655],[-123.90677043183554,49.6584438914176],[-123.90866096969793,49.65568558364917],[-123.89516703536621,49.65128149139617],[-123.89050561764806,49.64324944177992],[-123.89341689983098,49.63493687020056],[-123.89947685715663,49.6307267283414],[-123.9007045997364,49.62102139843841],[-123.89891296000474,49.613042191722556],[-123.90945562781911,49.61252590162114],[-123.91560503355338,49.60561251377976],[-123.9186659163757,49.59686900204244],[-123.91346523486794,49.594705089900884],[-123.91300250253897,49.58682246240436],[-123.91834867776848,49.58681463266457],[-123.91792748321271,49.5796433509002],[-123.93695301986163,49.55365140098298],[-123.99026329327882,49.55155770175124],[-123.99395147489857,49.55127260276339],[-123.98938089545669,49.55002019914526],[-123.99098350630788,49.548657189994245],[-123.98703510775786,49.545479787749336],[-123.98362419315887,49.54500409876285],[-123.98303878723712,49.541240009986716],[-123.97828130807856,49.539832787834605],[-123.97804981271523,49.537180907110674],[-123.97106460254703,49.538355900648035],[-123.96674378606187,49.53792440130078],[-123.96504419771577,49.53442081043901],[-123.96185812007555,49.53399780312893],[-123.95778490376493,49.53215208873345],[-123.9631068872838,49.52730408913229],[-123.95996412026007,49.52274230422809],[-123.96254488598878,49.520409506305846],[-123.96158299816408,49.51926579194356],[-123.9646369791632,49.515805000562956],[-123.96002031845187,49.513621703542896],[-123.96580401646969,49.512610505772734],[-123.96439552100468,49.50916820531083],[-123.96229191357244,49.50895169831812],[-123.95620437659039,49.50562899675263],[-123.9508355002,49.50368640323228],[-123.9490033798212,49.506111801616505],[-123.94443821770527,49.508658304052474],[-123.94029760698886,49.50736941100666],[-123.9393535984801,49.50928501299006],[-123.94058680667246,49.511676205307396],[-123.93651931069226,49.51200658929354],[-123.93636868546723,49.50998280632099],[-123.93145780196308,49.51028328704513],[-123.92496611470375,49.513214397470705],[-123.92120199266161,49.51144550559315],[-123.91666039378411,49.511651993352324],[-123.9146399857129,49.51296370349069],[-123.90820048292802,49.50984749873508],[-123.90757709214768,49.50753180550214],[-123.91005711732578,49.503393000902136],[-123.91036108323972,49.50045769764785],[-123.91224419380637,49.49852790153182],[-123.91087738898139,49.49406731152758],[-123.90873630466176,49.490261802255866],[-123.90686350118729,49.489025609788236],[-123.90826989161566,49.485201589980505],[-123.90436648502826,49.4832432967949],[-123.90150711866721,49.48007300026903],[-123.8950162917478,49.47847790184812],[-123.88928501104161,49.47528340777903],[-123.88821598720745,49.47345610934391],[-123.88524857642331,49.47340769719116],[-123.87091839142369,49.467867515541954],[-123.86065400174816,49.46891569962096],[-123.85560538695384,49.46903400427704],[-123.85835341267057,49.47234239394957],[-123.86264888709768,49.474837605469816],[-123.86080889498638,49.4777658021536],[-123.85550908805435,49.477777203535894],[-123.85368430696415,49.476837188623435],[-123.84836406639123,49.47617864514775],[-123.84794442636053,49.48156100607755],[-123.82725618630047,49.48175758999451],[-123.82733815408402,49.496373486635726],[-123.81679656765334,49.496386546814826],[-123.81680620607605,49.49890184504897],[-123.79830618991758,49.49928880247548],[-123.79835257225008,49.50897966764474],[-123.79677883671073,49.511199568662704],[-123.79851411218395,49.512888193492934],[-123.79437330288633,49.51571378498487],[-123.7949486143664,49.517022689841525],[-123.79939468540226,49.51941250369533],[-123.80026219221364,49.52353420961117],[-123.7958433915813,49.52450120512117],[-123.79604579770863,49.52765729515873],[-123.79481499004814,49.53103830026175],[-123.78961960564509,49.532791493612756],[-123.79337541097946,49.53431259985432],[-123.79700918951153,49.53928019960115],[-123.79988767986127,49.541150192419224],[-123.7988115076325,49.54390039460546],[-123.79333149298549,49.54612359681097],[-123.7937933197536,49.54729850579682],[-123.8014190030013,49.548631593600525],[-123.79976540056353,49.55146718417248],[-123.80228449966383,49.55498500336966],[-123.80252229307604,49.55769950304831],[-123.80863861932437,49.56467390359312],[-123.80680660822925,49.566835804938826],[-123.80747279639797,49.568674500061675],[-123.81510201661878,49.5724528944648],[-123.80950281726207,49.57521870014995],[-123.81321428088256,49.57879060007648],[-123.81415620476454,49.58213900348267],[-123.81669141085891,49.58397330557405],[-123.81798847901419,49.587931192909586],[-123.81492852270394,49.59364660259803],[-123.81582691091904,49.595250189468],[-123.8199593913452,49.59822540175325],[-123.8199223085639,49.59939468805001],[-123.82757358541618,49.60327989609955],[-123.8272441976732,49.60508159397466],[-123.83134249402374,49.610880900872694],[-123.83465390499435,49.61355560984373],[-123.83876932047016,49.61854460112475],[-123.8416447967623,49.61999870727106],[-123.84292430131012,49.62508030788376],[-123.84581350832924,49.62723658759637],[-123.84547180479748,49.63065750679858],[-123.8477142851575,49.63304160050086],[-123.84812978844046,49.639488990679475],[-123.8565821904564,49.646783813520244],[-123.85695849488971,49.65005520493607],[-123.85934111576796,49.65155779688298],[-123.86197068875543,49.65853640160852],[-123.86090921327981,49.66113419312042],[-123.8632596971432,49.66484138994835],[-123.86332339752795,49.667584393650685],[-123.8616351104698,49.66937750752066],[-123.8641055024537,49.67574511208887],[-123.86713611498774,49.67935690431267],[-123.87228020654592,49.68330200297881],[-123.87588159165635,49.684731913092826],[-123.87802109863443,49.689555712863076],[-123.88407530347526,49.692369888203466],[-123.88630700185622,49.69697579645129],[-123.89026709562837,49.69968039823079],[-123.8897919088207,49.7025615858001],[-123.89120028646451,49.70824419439491],[-123.88905898334961,49.71095019910232],[-123.89074730676343,49.7122234025417],[-123.89028310608366,49.71950399796574],[-123.88951008072,49.721768918313565],[-123.90400499656438,49.723363593223546],[-123.90416936243366,49.727682767630455]]],[[[-123.98030128939938,49.50814419084384],[-123.9829631937661,49.50785221233983],[-123.97965111899862,49.50385870006694],[-123.98335628950952,49.4957948102356],[-123.9814858005407,49.49408440433435],[-123.98222138871942,49.48948989261148],[-123.98516689958055,49.48963659800705],[-123.98621479333467,49.48751311335657],[-123.97989361367178,49.484957998896114],[-123.97817849982054,49.48058289000577],[-123.97848161051289,49.471531997708034],[-123.97400069127022,49.469005487568616],[-123.97080549296132,49.46863659242993],[-123.96282751018838,49.46657150512439],[-123.95761859132982,49.46701161102153],[-123.95206081248631,49.47000669955158],[-123.95119891682175,49.471893794947796],[-123.95272681103071,49.4737793890169],[-123.95661218890099,49.47478209253763],[-123.95554791644345,49.476895602437494],[-123.95152130420762,49.481398898818256],[-123.95557249344802,49.482364588977084],[-123.95803839291418,49.48423310860013],[-123.95612369650591,49.488700891652776],[-123.95790210953365,49.4899555909419],[-123.95411979050961,49.492181610136456],[-123.9565112185271,49.49517529573662],[-123.96038600548758,49.496330293826254],[-123.96107721778844,49.49768190365747],[-123.96546229950866,49.49948928459506],[-123.9692677839279,49.50404529771101],[-123.97285018824161,49.5064535895426],[-123.9787578850937,49.509002990633114],[-123.98030128939938,49.50814419084384]]],[[[-124.01321209502976,49.507798089438054],[-124.01674518090486,49.50428600016745],[-124.01100739014157,49.50341010662097],[-124.00193301976682,49.49589599600751],[-123.99572180179872,49.49474520924777],[-123.9917094954859,49.495696592517874],[-123.99291321140515,49.49857349099576],[-123.99691748184672,49.50331609322696],[-123.9955672856534,49.50619729258332],[-123.99851321182666,49.50910409838775],[-124.00577229046316,49.50938319121739],[-124.01321209502976,49.507798089438054]]],[[[-123.97250541318685,49.53706559760317],[-123.97481020674174,49.53204518844754],[-123.970681592148,49.530163904067315],[-123.96631520709086,49.53091158484925],[-123.96897249484459,49.53591769962523],[-123.97250541318685,49.53706559760317]]],[[[-123.91973718492116,49.470889701218496],[-123.9236126123551,49.4699325933506],[-123.92035609599935,49.467844691549544],[-123.9164723120452,49.46750579619686],[-123.91585300718693,49.46913929064508],[-123.91973718492116,49.470889701218496]]],[[[-123.78311012178803,49.453931601722765],[-123.79120889915728,49.45741240594414],[-123.79116549876879,49.45386899994596],[-123.78820801161264,49.45271959544029],[-123.78311012178803,49.453931601722765]]],[[[-123.81177359421814,49.45841219496328],[-123.81372721045652,49.45729129860317],[-123.81215938222944,49.45508099405775],[-123.80858890803849,49.45450270705686],[-123.80805778295799,49.457420996043616],[-123.81177359421814,49.45841219496328]]]]}},{"type":"Feature","properties":{"shapeName":"Sliammon 1","shapeISO":"","shapeID":"43193130B93380758548517","shapeGroup":"CAN","shapeType":"ADM3"},"geometry":{"type":"Polygon","coordinates":[[[-124.57685422471066,49.907974280571636],[-124.5773330672825,49.91466495577192],[-124.5994248565035,49.914362935446555],[-124.60957691242339,49.913964557011795],[-124.6210906810813,49.91447005157626],[-124.63575114516168,49.914453246594704],[-124.63547152825826,49.92011995770109],[-124.64086902025927,49.92007467998602],[-124.64489120052497,49.91935398965393],[-124.64512316222647,49.91581340767306],[-124.64147457940496,49.91552360090817],[-124.63725738099747,49.91232770017243],[-124.63328811830306,49.910278198193275],[-124.62395548457903,49.90774739679399],[-124.62350050429168,49.90585608389499],[-124.62890372013973,49.90583330423465],[-124.63092399623129,49.9046184023851],[-124.62684362366961,49.90252630507079],[-124.62239199617652,49.901463812880095],[-124.61940739201604,49.89548780349801],[-124.61699620438333,49.894982205195],[-124.61303957588008,49.89617859707124],[-124.60769919683386,49.89595639433746],[-124.60132941072769,49.892843108885714],[-124.59961200394345,49.89139178901499],[-124.59460288799579,49.889579302817026],[-124.58775987821832,49.89579139663553],[-124.57701818359963,49.90046844660282],[-124.57685422471066,49.907974280571636]]]}},{"type":"Feature","properties":{"shapeName":"Powell River C","shapeISO":"","shapeID":"43193130B93489942578002","shapeGroup":"CAN","shapeType":"ADM3"},"geometry":{"type":"MultiPolygon","coordinates":[[[[-124.4431076825795,50.0144071030267],[-124.44435183805611,50.000027547736984],[-124.44514245572475,49.987794869305496],[-124.43861377098477,49.98747298571874],[-124.43906859861013,49.978684713298385],[-124.43368407044481,49.97849761223396],[-124.43505193690075,49.95597263757288],[-124.42891035555519,49.955876763961925],[-124.42889395644016,49.95234903532897],[-124.41585316178404,49.95228711478663],[-124.41783446473474,49.91340926242251],[-124.41980321995982,49.90360267050365],[-124.42579485438426,49.89856162718735],[-124.43256861800238,49.894206700631706],[-124.43193985062558,49.885765790303935],[-124.436954650381,49.88569106606453],[-124.43730269795124,49.87532835360827],[-124.44122279083362,49.875165725065806],[-124.44226523939238,49.85634932480815],[-124.43248985589761,49.85629174504224],[-124.43235801628114,49.84988475052434],[-124.43157100593169,49.840095199152415],[-124.40837332781437,49.84015234158329],[-124.40796703376733,49.81833277598682],[-124.4097964409491,49.802913644455344],[-124.43776986638971,49.80273388551669],[-124.43628388487853,49.79385062611459],[-124.43752401327428,49.77976768633061],[-124.43350574733843,49.77947399289321],[-124.43174070995528,49.77643029815756],[-124.43327851293368,49.77563019746385],[-124.43210871850131,49.77258210062006],[-124.42711830742117,49.771745389382005],[-124.4196764946688,49.76947089184669],[-124.4043291941227,49.76703269506917],[-124.39674379914008,49.766421713239005],[-124.3907635945337,49.769012301578876],[-124.38298921342798,49.77301010806241],[-124.37762999967568,49.77410809667953],[-124.37336138279328,49.77292610134244],[-124.3725936040047,49.77037101230091],[-124.36687079754628,49.77130250866823],[-124.3712309061354,49.77421070738634],[-124.36827641855109,49.77634989964192],[-124.3641354031301,49.773817612068996],[-124.35234121014906,49.776663191881525],[-124.34940021593111,49.7753486074639],[-124.34588280975558,49.77166560046466],[-124.33939017941834,49.772543777922294],[-124.33954844655064,49.77540014402497],[-124.32976520389336,49.77629149469584],[-124.33059611462522,49.77345860326297],[-124.3305706140002,49.77194189946541],[-124.32486178738914,49.76935270373087],[-124.32233349757904,49.76886989019736],[-124.31674668923709,49.76974289341403],[-124.31297400593874,49.76838280315064],[-124.31075758258504,49.76646440312793],[-124.31765209834943,49.76317449260635],[-124.31351098847246,49.76145970205798],[-124.31361410639921,49.75917388840577],[-124.31099519882156,49.75731391104826],[-124.30387932211538,49.75751180012955],[-124.30396520572035,49.7602448907415],[-124.3006251908003,49.76252219286392],[-124.29650338335833,49.762586305246664],[-124.2934050210808,49.7578807025995],[-124.2873807177988,49.756823895984226],[-124.28507328459108,49.755176098254005],[-124.28527511202513,49.75337448707517],[-124.28884568192501,49.74981829210978],[-124.28793190933469,49.74885689274904],[-124.28023750256327,49.749769809944574],[-124.28153818889699,49.751167008821824],[-124.27794731117143,49.75241170735179],[-124.27484070990498,49.74825448609881],[-124.27727760791043,49.745359109373936],[-124.27613660724366,49.74322131092542],[-124.26868858702038,49.74236819959276],[-124.26291528164721,49.748223091726054],[-124.25976878679147,49.749534808426276],[-124.26029889643578,49.752309191679494],[-124.26396691010044,49.75776530845093],[-124.26113421062891,49.76038589094449],[-124.268336301531,49.76073059087579],[-124.272012185373,49.76168899875304],[-124.27132990139137,49.7647894937388],[-124.27283800203794,49.76776900685309],[-124.27855069661989,49.770601702365354],[-124.28039198385552,49.77302009456291],[-124.27777589240574,49.77543119176671],[-124.2709284186607,49.774391598970695],[-124.26137870520857,49.77517910915243],[-124.25662931551251,49.776787097342314],[-124.24427220579594,49.77803609813664],[-124.2403212029084,49.77891488916223],[-124.23092191231098,49.77857450541095],[-124.22957159748599,49.779542904380854],[-124.2164103955241,49.78201959314482],[-124.21085990342186,49.78006280249052],[-124.20989321951213,49.777510599695724],[-124.20555568696533,49.7761874893499],[-124.19688828845052,49.77840929875376],[-124.19533939286255,49.77930651515196],[-124.18950841377881,49.77997019519232],[-124.1809584827606,49.77852750035275],[-124.18016432423816,49.78128900468004],[-124.17738288627942,49.78173910728536],[-124.17331181475794,49.783966501434065],[-124.17011079706182,49.78141719717225],[-124.16961591821389,49.77938059436608],[-124.16575909237162,49.778430598611735],[-124.15842407845582,49.778907692619],[-124.15568708463347,49.78067230200802],[-124.14233740414463,49.7800028840171],[-124.1370952901213,49.78162940612988],[-124.13570451753723,49.78092300185201],[-124.130280702869,49.78181310224449],[-124.12544500242461,49.783577685552075],[-124.12280329269976,49.78583370895641],[-124.12105540472666,49.79201189091722],[-124.11796231724908,49.79286930284941],[-124.11261301936456,49.79159890088132],[-124.10418799167425,49.795025509206525],[-124.10179818265335,49.79811599410009],[-124.09209859395115,49.79751500200395],[-124.08754981343566,49.799140002629066],[-124.0820939936622,49.79875980701725],[-124.07874638755814,49.79945621046127],[-124.08110538240146,49.80235880429426],[-124.09565200228387,49.81150360775487],[-124.10003858401278,49.81611240513082],[-124.10038280014865,49.81839389857722],[-124.09644460345605,49.82193019118814],[-124.09311680674224,49.822348990914115],[-124.09345301096808,49.82673409327905],[-124.09202229909951,49.8292849109362],[-124.09148551420377,49.83755529761719],[-124.0897408202888,49.83979409632603],[-124.08451249351903,49.84287329096725],[-124.08077162001027,49.84104740123715],[-124.07973918349047,49.83910479522674],[-124.07494161300595,49.83722479608616],[-124.07147008732343,49.83933409435565],[-124.06993829740601,49.83675770322559],[-124.06630409429984,49.83402180104075],[-124.06153541069821,49.83596300229473],[-124.05828068912955,49.835282210516276],[-124.05635379662594,49.8380523107442],[-124.05358912496462,49.83505430370603],[-124.04670222503921,49.83554850202781],[-124.03875748144017,49.835350598775484],[-124.03847840085673,49.83721490239808],[-124.04497052236381,49.84102460085311],[-124.04840319583532,49.84148891415877],[-124.05068660651418,49.84611759757339],[-124.05663811520164,49.85306200220488],[-124.05692830072886,49.85490208531826],[-124.05335539072084,49.85626649726295],[-124.05379748854072,49.85933849976861],[-124.05789918503305,49.85917479369405],[-124.06367018101383,49.86031839946644],[-124.0669906019159,49.86331919866073],[-124.07264602475033,49.863572702625746],[-124.07741430263829,49.866433900252304],[-124.07790072081,49.86962269980992],[-124.07655530224521,49.87164940614528],[-124.07286119735164,49.87330289255951],[-124.0685460977205,49.873909608135904],[-124.06661730961417,49.875402204902734],[-124.06506808237314,49.883367804438514],[-124.06200509354498,49.886562310283885],[-124.05704199021025,49.895178811939964],[-124.05452098600439,49.89638080909951],[-124.0536113990377,49.89872649580287],[-124.05120148586315,49.89993560418619],[-124.04996951722543,49.90864470299439],[-124.04823090642,49.91000050025636],[-124.04464278734903,49.91614029372286],[-124.04005829724606,49.92050831175293],[-124.0391082127197,49.9236201934784],[-124.03997263112358,49.92898337863057],[-124.06294401062154,49.93324614638018],[-124.06024381808382,49.96298168854784],[-124.06940256763565,49.964667523390204],[-124.06924413842479,49.984121232428144],[-124.06756337851677,50.00061694109471],[-124.07934918447096,50.00023674568775],[-124.08710890668176,50.00906455195961],[-124.09329605983206,50.012418163514475],[-124.0966391981542,50.016439831816015],[-124.10505247535103,50.014737833346736],[-124.11330328533201,50.01751367124955],[-124.1147739689491,50.022020397605296],[-124.11365661681496,50.02465511977595],[-124.130018256559,50.02442049948919],[-124.15343787473766,50.02329608203292],[-124.16578636716788,50.02285703455745],[-124.17673877289994,50.018386542029894],[-124.19876607727399,50.00751654390496],[-124.2125811257341,50.00820531907607],[-124.23735694074223,50.02091537196772],[-124.2511313086937,50.02501222482931],[-124.27045492865376,50.02539239119883],[-124.28712930280834,50.025202262280935],[-124.30693419824557,50.02461864874042],[-124.33678196853856,50.025663255469546],[-124.34789519133781,50.024704605878725],[-124.35160347279768,50.025302154312556],[-124.38111825890202,50.02422835523482],[-124.42030792549603,50.01917376226015],[-124.44010834365098,50.01553359306845],[-124.4431076825795,50.0144071030267]]],[[[-124.0834430931978,49.815566893379035],[-124.08491412119349,49.81115470565281],[-124.07947318193861,49.80956949905084],[-124.07954191791302,49.81394900513124],[-124.0834430931978,49.815566893379035]]],[[[-124.05300751398188,49.83134570356332],[-124.05131150698783,49.82876219690346],[-124.04883309046623,49.83056519411947],[-124.05300751398188,49.83134570356332]]]]}},{"type":"Feature","properties":{"shapeName":"Esquimalt","shapeISO":"","shapeID":"43193130B93614945094540","shapeGroup":"CAN","shapeType":"ADM3"},"geometry":{"type":"Polygon","coordinates":[[[-123.42475053444629,48.45103194616079],[-123.419245698444,48.448679591390814],[-123.41235505389318,48.446591320305906],[-123.43173583616476,48.43936373480588],[-123.4313099113649,48.43720139507218],[-123.42288849943434,48.43573019271565],[-123.42025019531616,48.43380460558223],[-123.4260919984417,48.432478693798636],[-123.43006531483843,48.43061159635515],[-123.43398889763827,48.432567003216974],[-123.43869510487836,48.43267519705236],[-123.43940869217269,48.430809511766014],[-123.43592151319943,48.427800193430265],[-123.43077029072397,48.427793096341176],[-123.42438170105176,48.42518108542622],[-123.41968688526863,48.42452309891208],[-123.41592251713298,48.42203500393214],[-123.41447420932998,48.420034008572294],[-123.41189962398921,48.4209526047809],[-123.40988010732163,48.41683950855755],[-123.40337147677882,48.41947989432144],[-123.39714080218866,48.41931328923619],[-123.39636820522544,48.42078170688845],[-123.39766478401096,48.4243037038003],[-123.39425401400004,48.423704192235],[-123.39413523844155,48.42861539966679],[-123.39416656713844,48.43548690262395],[-123.3922615337712,48.44233819193685],[-123.39867059481962,48.44388659777535],[-123.39877938857013,48.445604208249044],[-123.40490348234509,48.447283396884316],[-123.40775180221361,48.4466794996021],[-123.40974561332966,48.449029406928624],[-123.41364391549618,48.44951939683894],[-123.41888160234392,48.45167701150373],[-123.42355747089007,48.45181411051796],[-123.42475053444629,48.45103194616079]]]}},{"type":"Feature","properties":{"shapeName":"North Saanich","shapeISO":"","shapeID":"43193130B93676435249027","shapeGroup":"CAN","shapeType":"ADM3"},"geometry":{"type":"Polygon","coordinates":[[[-123.4511138926217,48.66256217493157],[-123.44666829808409,48.65728299962667],[-123.44587390261346,48.65349038594396],[-123.45236200793994,48.65016340715072],[-123.45614820164532,48.64981590776639],[-123.46066961079632,48.648403090766536],[-123.46261559326734,48.6459577010316],[-123.4664794973262,48.64528551237847],[-123.46862179320532,48.64353939429909],[-123.47393141451406,48.6410170917354],[-123.47797639310589,48.63647530645698],[-123.47986349733448,48.62803828915031],[-123.47755451678833,48.62639190566749],[-123.47518831009215,48.62877749906915],[-123.47293170726121,48.62824630403524],[-123.46735090856515,48.63086110280867],[-123.46574365831191,48.6300754021223],[-123.44414481981912,48.630013904799576],[-123.44371652670502,48.61579991165553],[-123.45893101376114,48.61616166798237],[-123.47141791572732,48.61587395887698],[-123.47118303722107,48.61897261876379],[-123.4747342807531,48.615167693580176],[-123.47824198466934,48.61267249831633],[-123.47520929805758,48.61227030066409],[-123.46643038676991,48.61230041182727],[-123.45919523948743,48.61190975874835],[-123.44819970400691,48.61204017415688],[-123.4437961981506,48.61154819644696],[-123.42417533701692,48.61217877462803],[-123.40443268491812,48.61188409818944],[-123.39846918637214,48.61214359544595],[-123.40387619204023,48.61916260355019],[-123.40734121268511,48.62487229708925],[-123.40939629910102,48.62576390640702],[-123.41028720586185,48.62831599403838],[-123.40835229147025,48.63243341106478],[-123.40514338447,48.635407219285824],[-123.4170941591908,48.63538806601878],[-123.4179993604,48.63840304547117],[-123.41662099648968,48.643145487737094],[-123.41689662899599,48.64582081384918],[-123.41678799710873,48.66615387315852],[-123.41758255990074,48.669022335883135],[-123.41407181303835,48.66920586429425],[-123.41531918592341,48.67265879142865],[-123.42085760153547,48.67234969132763],[-123.42047560949055,48.67524799630391],[-123.41831570722766,48.67708238301155],[-123.42315550692794,48.67740710956348],[-123.41400802070325,48.6818478044615],[-123.41323789336006,48.67903501438057],[-123.4098969074322,48.6740815994589],[-123.40698920090615,48.675728001849585],[-123.40265791631384,48.674295207197886],[-123.39624691056054,48.675927397168195],[-123.40302249780899,48.68061019225544],[-123.40540571535311,48.68308400544507],[-123.40090099525072,48.68550228950765],[-123.40210500164973,48.68832218551578],[-123.40781388604532,48.687043290453374],[-123.41516298993771,48.68994871085372],[-123.41954351408,48.69058109311051],[-123.4232105871537,48.69211489786543],[-123.42626308803507,48.69488360506904],[-123.43198552016351,48.69638330545766],[-123.43919649787271,48.699045103477744],[-123.44708270138787,48.69940120863157],[-123.45023352338941,48.697626604714436],[-123.45403340096087,48.69715228914945],[-123.46442749132133,48.69684190865961],[-123.47616890628152,48.69543469750396],[-123.48341181914141,48.692624798753194],[-123.48520347887403,48.68945019411627],[-123.48345609818259,48.688683992751116],[-123.4791268876835,48.68916109483115],[-123.47529989333088,48.6883051990184],[-123.47320130934743,48.68627990644325],[-123.47397079097769,48.68140059084906],[-123.47676558960775,48.67952780712688],[-123.48293958520111,48.680041896709014],[-123.48654727985348,48.67660809605856],[-123.48259179585393,48.674968893027184],[-123.48234221857108,48.6716419028064],[-123.47689649659986,48.66897440764013],[-123.47430738537955,48.66935320761149],[-123.46914711393018,48.665056398054894],[-123.46269161495331,48.666225607325835],[-123.45803032044414,48.665943114092954],[-123.45681237416241,48.66622421132681],[-123.44404820552614,48.66618181283902],[-123.44412588923205,48.66266809341318],[-123.4511138926217,48.66256217493157]]]}},{"type":"Feature","properties":{"shapeName":"Saanich","shapeISO":"","shapeID":"43193130B94110401384027","shapeGroup":"CAN","shapeType":"ADM3"},"geometry":{"type":"Polygon","coordinates":[[[-123.42132886346417,48.46359414637536],[-123.41754618847418,48.46362049888893],[-123.41128189049505,48.459945988295885],[-123.41724199785973,48.456217395501305],[-123.42010189223863,48.458554597677384],[-123.42326010225409,48.45432460264196],[-123.41437150782176,48.45066869470046],[-123.40418479829522,48.44864349971648],[-123.40329650101305,48.44744999555725],[-123.39557410744729,48.445669688820956],[-123.39157330000502,48.44286991429108],[-123.38462981466434,48.44945018399486],[-123.37962471412393,48.446959297858314],[-123.34809267795823,48.45047751944475],[-123.34814408756372,48.448442508303785],[-123.33247528168206,48.448143817323846],[-123.33254220073061,48.43897979835055],[-123.32811768951997,48.43877081008157],[-123.32919280132151,48.433643996812705],[-123.32235531477704,48.433541951658064],[-123.32173447586017,48.44988499029108],[-123.32102086650261,48.45764516994842],[-123.32060571233187,48.46713039506669],[-123.31246423344257,48.463403139242374],[-123.29870733464475,48.455911832982544],[-123.29552508355445,48.45808740301816],[-123.29073070496293,48.45936920754532],[-123.2885703948788,48.457682910114],[-123.2870788953835,48.454627994506566],[-123.28172069259934,48.45182520171587],[-123.28054859272478,48.450154597451665],[-123.27206241514918,48.45131669321347],[-123.2717461134222,48.45014889675742],[-123.26586505166883,48.450820624320414],[-123.26560685971921,48.45119690183121],[-123.26517311981306,48.45537290467456],[-123.26874560918004,48.45578730781705],[-123.27496169805502,48.462142086545654],[-123.27574049565247,48.463876803154456],[-123.28085587623026,48.46656289622773],[-123.28525871121334,48.4675954075828],[-123.2877372111362,48.470684498262685],[-123.29886051015293,48.47546989499234],[-123.30283091273259,48.4766819034781],[-123.30320820860439,48.478489185298585],[-123.30136541325223,48.48039340218752],[-123.30278399070487,48.48691201068346],[-123.30040060692507,48.48900558868943],[-123.30365419715893,48.4920007023993],[-123.30503771422266,48.494759398130945],[-123.31081900908308,48.49510400629256],[-123.31309821636876,48.496059700445784],[-123.3167560062032,48.49425088737934],[-123.32303561405578,48.49402729520318],[-123.32832240631443,48.49519090450628],[-123.33404639200072,48.497260298298336],[-123.33949491063582,48.500205607767555],[-123.3461444021417,48.50473740422651],[-123.3487222785101,48.5054936991713],[-123.3548802156621,48.5088847035738],[-123.3612200900667,48.51321001308417],[-123.36466999824303,48.514738195155104],[-123.36632060783012,48.51820608469181],[-123.36626839492564,48.522451714153235],[-123.36503770498852,48.52623440483056],[-123.36562778547082,48.53119780191327],[-123.36651410238979,48.532077903918236],[-123.36426650063954,48.537770512017076],[-123.36254899201992,48.54026709952467],[-123.36239090368507,48.54652080889335],[-123.36562048529902,48.548876490077824],[-123.36535248506402,48.55034443908706],[-123.37630606152302,48.55069093140451],[-123.39668475510442,48.5504678085357],[-123.40076971602195,48.550676874278636],[-123.4298309417859,48.5504854120816],[-123.42982970650269,48.5544846427774],[-123.44416920121061,48.55449119759147],[-123.44418306859679,48.55810615518549],[-123.45167679465796,48.55802822669123],[-123.45837528930164,48.5588964357581],[-123.45776218134185,48.551218544684104],[-123.46056877151224,48.55116144232873],[-123.46336213549877,48.55347904346919],[-123.46616664317602,48.55375339786619],[-123.4714412532264,48.55726613699505],[-123.47165737284051,48.55119596411089],[-123.47459937502485,48.54875902217675],[-123.46990336152052,48.546522092518956],[-123.46961720278264,48.5439974051677],[-123.47778643560164,48.544144068420735],[-123.47773746262207,48.53729836567368],[-123.47276555463515,48.53732551615443],[-123.47248001859249,48.52279221356899],[-123.46361173994063,48.523168436564774],[-123.46345562768668,48.51439272192341],[-123.45830096727957,48.51466961192221],[-123.45813233641209,48.503792690851526],[-123.45908446257874,48.49862927367449],[-123.4568941892779,48.497702113110165],[-123.45650320654617,48.49350598382495],[-123.45648093498671,48.480617860730625],[-123.45739329411862,48.47202470017832],[-123.45515680234665,48.4699824006997],[-123.45455638817113,48.466440406348205],[-123.45226178812355,48.46543600577014],[-123.44901268132989,48.468335657735516],[-123.4442819016432,48.4663746147192],[-123.4433502474998,48.46879402616923],[-123.4371867837664,48.46612200829716],[-123.4278594110863,48.47072533857989],[-123.42461333371192,48.46979244561754],[-123.41893454458192,48.46941375494015],[-123.42132886346417,48.46359414637536]]]}},{"type":"Feature","properties":{"shapeName":"Whonnock 1","shapeISO":"","shapeID":"43193130B94299926959509","shapeGroup":"CAN","shapeType":"ADM3"},"geometry":{"type":"Polygon","coordinates":[[[-122.46608860427784,49.17735258147714],[-122.46626001963632,49.17277984157527],[-122.45506504786543,49.17359194765942],[-122.455229624074,49.17778249740204],[-122.46608860427784,49.17735258147714]]]}},{"type":"Feature","properties":{"shapeName":"Comox","shapeISO":"","shapeID":"43193130B94357955227424","shapeGroup":"CAN","shapeType":"ADM3"},"geometry":{"type":"Polygon","coordinates":[[[-124.89133059885476,49.72690425116094],[-124.89895721238499,49.72641292812716],[-124.91138918422685,49.72656874950446],[-124.91344679269382,49.72498049916151],[-124.90886702422578,49.71832350262005],[-124.90893148127651,49.71502289917436],[-124.91445340277888,49.7149547921797],[-124.91665619233015,49.71177888980216],[-124.92005893348718,49.71187650701055],[-124.92014039696646,49.703132253536516],[-124.92301468672768,49.70304079332131],[-124.92885859559736,49.700982425893166],[-124.93327144920126,49.70097258622714],[-124.9345342909218,49.69484019171772],[-124.92583785024867,49.69466189656653],[-124.92565335903424,49.697331248905556],[-124.92124035917264,49.69738043996166],[-124.9216354256437,49.688009689185996],[-124.92372534941433,49.6858010492539],[-124.92708595620347,49.68467697575347],[-124.93023641840762,49.684839423295855],[-124.93069679436991,49.68820521310009],[-124.94048879514708,49.689964950265264],[-124.94289465604292,49.69096968378942],[-124.94847404525449,49.69098045096062],[-124.95269746640528,49.688736781918294],[-124.95810058320725,49.685867357150514],[-124.95640173136786,49.68438726715246],[-124.94978792022606,49.6824609576504],[-124.95022366846807,49.67403197213339],[-124.94567147949894,49.67219170116551],[-124.94162219455767,49.6728711137007],[-124.9368151009293,49.6715394062073],[-124.93257909379845,49.67269019565333],[-124.92954170938833,49.67092418743165],[-124.92332369744949,49.669615287439925],[-124.9165626999833,49.66972639973248],[-124.9123721181059,49.66851010389726],[-124.90922560357362,49.6694361484246],[-124.90860264451774,49.68201599062472],[-124.90641473752211,49.68198058084874],[-124.9019794357574,49.6783176154266],[-124.90207558234069,49.674744990774435],[-124.89751978136255,49.67452813396883],[-124.8974212433989,49.681871100561246],[-124.8939094971304,49.68419749419815],[-124.89803835522154,49.68795194504055],[-124.89822526325601,49.69265832245031],[-124.90928105267733,49.692559211826115],[-124.91013791493813,49.69693903356015],[-124.90947884167804,49.7045444556884],[-124.90371895403572,49.70476043623296],[-124.89006849980736,49.702392287825866],[-124.88846660020907,49.70484520979871],[-124.88555090548303,49.70679896216329],[-124.87966210072695,49.70247429692255],[-124.87676768232086,49.701754538345526],[-124.8675174129078,49.69586051202015],[-124.86911645005226,49.693598513199625],[-124.8729611776038,49.691189673850715],[-124.87551848500098,49.69211000441555],[-124.877140534213,49.689637552288275],[-124.87658342528906,49.68795404660465],[-124.88319624115239,49.686013514924156],[-124.87936097923921,49.68420150758521],[-124.87512709833861,49.6885757866895],[-124.86521631281552,49.693710096888815],[-124.86202720502065,49.69736038861289],[-124.85975742009754,49.701093197984974],[-124.86134041968437,49.70480214054719],[-124.86540300871265,49.701171047051275],[-124.87109220310693,49.70488529885782],[-124.86808168004146,49.70629430765349],[-124.86233190112024,49.706921399873714],[-124.86442448466826,49.7078367997413],[-124.87268309028772,49.706516601868344],[-124.87903549836467,49.70975950464956],[-124.88654351177355,49.719163594041625],[-124.88555770251243,49.72235520712566],[-124.89133059885476,49.72690425116094]]]}},{"type":"Feature","properties":{"shapeName":"Ittatsoo 1","shapeISO":"","shapeID":"43193130B94823288566396","shapeGroup":"CAN","shapeType":"ADM3"},"geometry":{"type":"Polygon","coordinates":[[[-125.52159379614665,48.93492901756654],[-125.52209121026932,48.94209426124702],[-125.52165207895429,48.94426046961718],[-125.53477214286607,48.94419280332903],[-125.53519768095177,48.94382539193907],[-125.53324509931527,48.941133684852254],[-125.5284167038985,48.93747058631389],[-125.52159379614665,48.93492901756654]]]}},{"type":"Feature","properties":{"shapeName":"Mission 1","shapeISO":"","shapeID":"43193130B95000363291297","shapeGroup":"CAN","shapeType":"ADM3"},"geometry":{"type":"Polygon","coordinates":[[[-123.0872070787527,49.31243971848518],[-123.085934107996,49.314042092649494],[-123.08580077873823,49.318391506884716],[-123.09157750408451,49.319051493465146],[-123.0917763612272,49.31329240211702],[-123.09007990128323,49.31481339077942],[-123.0872070787527,49.31243971848518]]]}},{"type":"Feature","properties":{"shapeName":"Stawamus 24","shapeISO":"","shapeID":"43193130B95007972695894","shapeGroup":"CAN","shapeType":"ADM3"},"geometry":{"type":"Polygon","coordinates":[[[-123.15366331572623,49.69241308723923],[-123.15405891774962,49.68908429662105],[-123.15131168875686,49.68866559677302],[-123.14581367555827,49.68971659520491],[-123.14479859774572,49.692490012607095],[-123.15366331572623,49.69241308723923]]]}},{"type":"Feature","properties":{"shapeName":"Tahsis","shapeISO":"","shapeID":"43193130B95255044108690","shapeGroup":"CAN","shapeType":"ADM3"},"geometry":{"type":"MultiPolygon","coordinates":[[[[-126.65149404779179,49.917660271870524],[-126.64875771511936,49.91762340417423],[-126.64814144940995,49.925213041285744],[-126.64947526780881,49.925287298525234],[-126.64915188910932,49.9314800717476],[-126.63803512003133,49.93090424936776],[-126.63761186225375,49.937589454103154],[-126.64863779025491,49.93775315537839],[-126.64817643416477,49.94492039849738],[-126.65982117366494,49.94509988643729],[-126.66082439520616,49.92659864936453],[-126.66663072923116,49.926997439424575],[-126.66682514475492,49.9158629760794],[-126.66892763754726,49.915990209528466],[-126.66891570191217,49.91049250623437],[-126.67190846790302,49.910743579843874],[-126.67163925794917,49.88969930375128],[-126.66728852808335,49.88977698625161],[-126.66775999255262,49.89404081018851],[-126.66918518804779,49.898001509109356],[-126.6682675090144,49.900878488588596],[-126.66574809740399,49.9017102022111],[-126.66319249900911,49.905319095151484],[-126.66466801685411,49.90875859916457],[-126.6631629084118,49.90994210712788],[-126.66159889994452,49.91403959851642],[-126.66360900019022,49.91598790314522],[-126.66314639550659,49.919810507294834],[-126.6586894087176,49.92033169645088],[-126.65880370051156,49.92371709059473],[-126.65385550576896,49.922636087274576],[-126.65189709560106,49.92137281166001],[-126.65149404779179,49.917660271870524]]],[[[-126.64280920870283,49.91016618760177],[-126.6290813695966,49.910195637694436],[-126.6284229521494,49.917073696372235],[-126.64482211075082,49.917323646369574],[-126.6451819947668,49.91373341813445],[-126.64866119818454,49.91425459108475],[-126.64838658402418,49.91217100545679],[-126.6440415893273,49.912155289910004],[-126.64280920870283,49.91016618760177]]],[[[-126.64565121521657,49.91142330066328],[-126.6487898979223,49.911316499925555],[-126.64698048919107,49.90844529565101],[-126.64419380072441,49.90929839486142],[-126.64565121521657,49.91142330066328]]]]}},{"type":"Feature","properties":{"shapeName":"Skwali 3","shapeISO":"","shapeID":"43193130B95302560466471","shapeGroup":"CAN","shapeType":"ADM3"},"geometry":{"type":"Polygon","coordinates":[[[-121.97299658730431,49.180649097211464],[-121.96407067175852,49.17974824029336],[-121.95954419249487,49.18217680771334],[-121.95837528500124,49.18388999892588],[-121.95940683446716,49.18682252322306],[-121.9539102618664,49.18843241584847],[-121.95320521110946,49.19081540520627],[-121.95521490300189,49.19246401895489],[-121.95918358052513,49.19325087989814],[-121.96787815415372,49.19002243492876],[-121.9732632009452,49.18718393720733],[-121.97299658730431,49.180649097211464]]]}},{"type":"Feature","properties":{"shapeName":"Skeena-Queen Charlotte A","shapeISO":"","shapeID":"43193130B95482261790988","shapeGroup":"CAN","shapeType":"ADM3"},"geometry":{"type":"MultiPolygon","coordinates":[[[[-130.09331375605464,54.16475016472762],[-130.0644913731628,54.15337348816395],[-130.06280581875663,54.15442234527057],[-130.04333546970105,54.15836207520673],[-130.02593297092318,54.15581831329111],[-130.00229702311805,54.15824407261116],[-129.98628891066292,54.16360481728728],[-129.9640008819713,54.179591175133226],[-129.94656255067218,54.1904513428506],[-129.89098142182695,54.21367434341503],[-129.8555692647101,54.223768493399334],[-129.7926231251738,54.21847753821207],[-129.73892787982095,54.21547169774742],[-129.67731513819305,54.19598527029678],[-129.64268758653867,54.1824005972894],[-129.62641463027984,54.17861012438318],[-129.59178530006696,54.19320759568831],[-129.5705445788556,54.20516122406778],[-129.5671726878952,54.21006315429158],[-129.56673794339738,54.21274153573571],[-129.56439650505126,54.216632185665645],[-129.55810333518235,54.22000986768861],[-129.54407793399173,54.2199589614507],[-129.53062196113552,54.22644161937312],[-129.52173252326435,54.23578433305408],[-129.51559143856878,54.2416409481186],[-129.5050570801795,54.23806571891484],[-129.49286343991358,54.23514351108662],[-129.48318675885466,54.244788439815764],[-129.48060135364415,54.24575829149699],[-129.46783794532377,54.24710515304992],[-129.4491438176335,54.24706217685915],[-129.43436691276978,54.25380633941792],[-129.42503304177887,54.261657362633926],[-129.4212759365228,54.266518956821876],[-129.41883650318482,54.267758351438935],[-129.41160328247773,54.264949680264984],[-129.40217463393716,54.26921103220219],[-129.40176897593162,54.27075735117693],[-129.39804551152434,54.274733676554625],[-129.39353652975623,54.277817666387655],[-129.38366031135678,54.2828153093701],[-129.38000933794865,54.288082946474674],[-129.37210092992763,54.29197543383235],[-129.37175947899274,54.30362232957288],[-129.37113563547834,54.30825591751246],[-129.37111700501734,54.35650354223167],[-129.38549338312026,54.35121557895126],[-129.39252694697703,54.35077083539926],[-129.3992122833847,54.35134715170518],[-129.4093451441124,54.355305980984234],[-129.4181648374822,54.359772519099316],[-129.43068351872853,54.364834137043644],[-129.43869608442176,54.366242750910295],[-129.44643544287126,54.36574971385183],[-129.45487538131025,54.36454739144982],[-129.46605223486705,54.36541597971012],[-129.47565954300288,54.36822736445485],[-129.48599969384793,54.374357442498386],[-129.49673669391916,54.38485507389555],[-129.50609475649554,54.397483383850705],[-129.51014822369254,54.40676826677803],[-129.51385901379444,54.424818080212916],[-129.51754012528622,54.43175628899138],[-129.5208132883925,54.435260837794374],[-129.52504985613314,54.43854707495988],[-129.56514829581,54.46069963774669],[-129.58119778692705,54.46779747398733],[-129.59839312019886,54.473269133505696],[-129.6536962240795,54.4872116439592],[-129.65819373163097,54.486833985909584],[-129.67599809068741,54.48194240653483],[-129.69228744495194,54.52726280818977],[-129.68425915363812,54.531275050389965],[-129.67322624789662,54.53948002698887],[-129.66313736938517,54.549382652079906],[-129.65861922921684,54.556878102431845],[-129.65606990760517,54.56850635659267],[-129.65605784277415,54.57553171485005],[-129.6582241913679,54.58094121337853],[-129.66299910482996,54.5862140314006],[-129.66938292301015,54.59026101716099],[-129.67836756716588,54.59329853345332],[-129.68717344998922,54.59476258292929],[-129.6728477500039,54.61298746739587],[-129.6624644587575,54.62091851731514],[-129.64604773187367,54.62912796185512],[-129.62524684535077,54.63448696391881],[-129.60978368175154,54.63694859309446],[-129.59260966157356,54.63880029435686],[-129.58375208729657,54.63865261414846],[-129.57583805388393,54.63762711986413],[-129.56844848910714,54.63560485664819],[-129.5630208205744,54.63215667713075],[-129.55734847138962,54.6277123966742],[-129.55368920115626,54.622915329110135],[-129.54942760421338,54.61260576043953],[-129.5460142391132,54.60256766823777],[-129.54153613288236,54.59832538901981],[-129.53749228217913,54.59739059916778],[-129.5330984838513,54.59745793430086],[-129.51829894390715,54.599758657528874],[-129.50121758087226,54.60328375168032],[-129.49372156725616,54.605654318010636],[-129.48064835400297,54.613007022798755],[-129.4745858876554,54.61867419091886],[-129.47006640139162,54.62737988360271],[-129.4670225064174,54.635978962175464],[-129.46393839228415,54.66028769316152],[-129.47428513871847,54.664438696975566],[-129.47831028093606,54.66489856001702],[-129.4856969753387,54.66203805869489],[-129.48805818335342,54.65991696504596],[-129.49329734384642,54.659583939376375],[-129.5003582309834,54.658286519829204],[-129.51300488917278,54.6584412807925],[-129.5222277476032,54.661831618002594],[-129.53091494525142,54.667368044138016],[-129.54225204799812,54.671862416020886],[-129.552375997209,54.67702489381553],[-129.5669734864328,54.680302491752514],[-129.5829913332363,54.681596189638725],[-129.63136546081066,54.686411471764536],[-129.6651538845631,54.68931468424921],[-129.684340013871,54.695412126600615],[-129.68962229711968,54.705796663642396],[-129.68978198304072,54.71366418703374],[-129.69224943347814,54.72324943224455],[-129.69671989084424,54.73104106129512],[-129.70113971004767,54.73643290647934],[-129.70747373095438,54.74050794062941],[-129.71431910907936,54.74365948727865],[-129.72374678749998,54.742863901578026],[-129.74332897999048,54.732267147502625],[-129.7538583218761,54.72357650879043],[-129.7638913920304,54.72283921372569],[-129.77435935241766,54.72744465534412],[-129.77949847392802,54.733314059492216],[-129.7953537057746,54.74578763391283],[-129.79949898906523,54.74519101872979],[-129.8092016494783,54.740621690937196],[-129.81690080306524,54.735144900503165],[-129.82368447406614,54.73164286368246],[-129.85308486693845,54.727680717231735],[-129.8698332845998,54.72509528361078],[-129.89874112128135,54.71638291009318],[-129.91927647846396,54.711076712655874],[-129.94083686914368,54.7102722662213],[-129.95521980532507,54.71249120283367],[-129.96543313129484,54.71527772319883],[-129.9737551617641,54.71637125342272],[-129.97110636315665,54.71270559552938],[-129.95960172968208,54.7068830155508],[-129.95993678478257,54.70257279400399],[-129.9655992831625,54.69892546554386],[-129.98338877324232,54.69914161126103],[-130.00232405700632,54.70177934812148],[-130.03160344616427,54.69985640621474],[-130.04993133340304,54.700962343278796],[-130.05882546974863,54.703200426963626],[-130.07441020596565,54.71020824990864],[-130.08083827623236,54.7146782686009],[-130.09709668267973,54.71835877327118],[-130.11203198141408,54.71913198897915],[-130.1218031839086,54.72143236433989],[-130.12817700063576,54.723401244016486],[-130.1305159607067,54.726992083775926],[-130.13988538381423,54.73072440294924],[-130.14488713373527,54.731604612352925],[-130.1564476413549,54.73217271906934],[-130.1700288348783,54.73193368665438],[-130.1818076916,54.73213257923334],[-130.20391076479137,54.731763449362035],[-130.20987572029458,54.729919144334104],[-130.21741362902316,54.72611239540129],[-130.21473368646755,54.722613401244715],[-130.20768300618926,54.7204016066222],[-130.19924939124084,54.721375708108354],[-130.19490719511577,54.72263189542775],[-130.18675091018284,54.72192970007646],[-130.17966509807823,54.720129498885626],[-130.17548400422731,54.71839058607641],[-130.16620100764933,54.71786929982795],[-130.1594190985969,54.71684670602819],[-130.1553659928658,54.717343799673706],[-130.14339767701634,54.71517469720464],[-130.13922942234552,54.71217529898939],[-130.13500059540988,54.71082231291651],[-130.13065890244727,54.707627802150206],[-130.12339420390975,54.703677108070764],[-130.1192224030491,54.69696620674179],[-130.1172821112518,54.695852507162876],[-130.11326580923887,54.696500494909415],[-130.11039289183117,54.69530411198651],[-130.10901869663985,54.691595502495225],[-130.10650027984133,54.69081080296501],[-130.1026953137469,54.6923630883586],[-130.09215501556872,54.69278330285207],[-130.0829120110091,54.69002600338467],[-130.07648899397972,54.68234528610226],[-130.07661868418205,54.678469992647194],[-130.07214239108967,54.67398940467084],[-130.07135598711417,54.671227905319235],[-130.06316100108603,54.66321100058291],[-130.06259769818683,54.65887570396718],[-130.05723649307743,54.653593295320356],[-130.04372238619638,54.64766149024028],[-130.04016529316758,54.643062705892056],[-130.02844059204165,54.638975212061574],[-130.02519678633652,54.63881429490699],[-130.0186907718112,54.63698129684474],[-130.01406489375003,54.632284307965556],[-130.0018363994728,54.626418002424835],[-129.9980823769774,54.62551499922712],[-129.99421678651277,54.621968689478955],[-129.99208100890382,54.61694560131698],[-129.98380618799882,54.61290510171445],[-129.97863940080484,54.61179698348067],[-129.97388308299753,54.609821696594835],[-129.9646592939649,54.60804428936383],[-129.96058828890352,54.60805849756141],[-129.9541569971086,54.60582681134058],[-129.94887940308575,54.6025695936265],[-129.94507281090756,54.60258098906253],[-129.9423808930443,54.60409491250113],[-129.9412105922234,54.6070515954415],[-129.93781551984364,54.61023180548507],[-129.93298090283554,54.61206760766421],[-129.92715740706458,54.612660096273196],[-129.92342039249965,54.613803794526824],[-129.91734390261914,54.61349040290068],[-129.9141250141795,54.61567090080416],[-129.90655829474562,54.62292721406751],[-129.9071298076868,54.62427031021177],[-129.90094411714216,54.6254225060134],[-129.9022218244778,54.622878802164536],[-129.8955763940743,54.62146320712374],[-129.89553712024238,54.61898219381684],[-129.90132078753692,54.613735404990436],[-129.9069132749664,54.611734399904265],[-129.9119837165159,54.60792179902175],[-129.91717722039297,54.60537529916757],[-129.92114559876734,54.6042487059233],[-129.93477498937037,54.60252691154702],[-129.93877609936573,54.5980463074254],[-129.94582628918198,54.59577180682954],[-129.95255728832308,54.59699520972282],[-129.95562170570236,54.59893068612372],[-129.95984818105333,54.59959870340649],[-129.9628299149025,54.59808329645115],[-129.96961349021052,54.60209959699309],[-129.9719164976797,54.601290700224986],[-129.9761900800819,54.602667904172684],[-129.98121450598444,54.60301250451713],[-129.9843759973113,54.605737004172816],[-129.99074797736054,54.60675529585596],[-129.99194741604387,54.60830060544576],[-129.99637357727104,54.60828209375263],[-130.00340851671046,54.61284380046883],[-130.00726789746088,54.61737709126598],[-130.01250501076618,54.62058580640623],[-130.01780281491753,54.62254700539426],[-130.02442170340902,54.620323803530454],[-130.03216299008616,54.62381741173712],[-130.03877250034537,54.62485848522182],[-130.04365262067785,54.62672129616887],[-130.04805679683827,54.63238110690621],[-130.0513301068269,54.632569100960254],[-130.05772032387807,54.63523670211293],[-130.0601718998315,54.63890830264673],[-130.06477759974888,54.6396503095001],[-130.06525789614406,54.642062913661576],[-130.06820507838205,54.64388880100505],[-130.06797779211587,54.646452305287575],[-130.07214819818253,54.64889628975832],[-130.073494421288,54.654150198122494],[-130.07669408649997,54.65783459704267],[-130.07723520418728,54.66019310906336],[-130.08316278699155,54.667932289601595],[-130.08711671666828,54.67143719496935],[-130.0895471058758,54.67528968917298],[-130.09014880021167,54.67925609914299],[-130.0934711941806,54.68518510365226],[-130.09920202372854,54.68421670297079],[-130.09990740643542,54.6804894944138],[-130.10243688890125,54.679388602358344],[-130.10384112559944,54.67628380172204],[-130.09764970080926,54.67040751077458],[-130.09770309841716,54.668943405353474],[-130.09492768857956,54.66430340448573],[-130.0971749979051,54.6631597139776],[-130.10086519273887,54.66433040087797],[-130.10137019740458,54.66754340362296],[-130.1030911962017,54.66925388788741],[-130.10772420868207,54.667368310011845],[-130.110442512238,54.67098429507385],[-130.11024161364583,54.673871192570736],[-130.11295488609446,54.676622792344034],[-130.1153279006595,54.67611579809624],[-130.1192440114739,54.67747298816022],[-130.12338689813782,54.68039121110317],[-130.12457431139137,54.682950494377366],[-130.1284121114098,54.684272201851776],[-130.13203791520962,54.69028660524349],[-130.13318559561586,54.6935836855631],[-130.13522390921423,54.69488539756302],[-130.13980140031134,54.695435207819386],[-130.13965828802023,54.69756719596259],[-130.14145989420075,54.700371496038294],[-130.14619879525455,54.703356608039215],[-130.14948350147012,54.703135887430996],[-130.1545238968903,54.704688294395396],[-130.1561567961902,54.707495399827685],[-130.15946330490362,54.70914318452055],[-130.16263101157318,54.707540909522685],[-130.16909978717368,54.707451200313756],[-130.17311328401962,54.70886829837126],[-130.19123700502126,54.71395838409817],[-130.1936625832828,54.71300849032303],[-130.1966497865488,54.71005890057963],[-130.20329167886106,54.71057740328816],[-130.20764888680515,54.708825592282246],[-130.21188168775623,54.710779597306214],[-130.2204639176646,54.70863469541806],[-130.21934261734117,54.70647140240186],[-130.2242151884447,54.70386081140839],[-130.2262898128605,54.70367710803253],[-130.23084599958605,54.70653400041872],[-130.23252007963535,54.70957329223229],[-130.228678096861,54.71132930967807],[-130.22080622183714,54.709737106232254],[-130.21706399071348,54.711221091408454],[-130.21782889630148,54.71293871340604],[-130.22327062509436,54.71420619905113],[-130.2282884130608,54.71641948887773],[-130.2372984990568,54.71459359670002],[-130.24123637603168,54.712324896659396],[-130.2404035186941,54.70945649486973],[-130.24688980488796,54.70739568804679],[-130.25067710371283,54.70891959971201],[-130.26809688818386,54.70653690418925],[-130.29078868841034,54.70120180460816],[-130.2949579930689,54.6985955008334],[-130.3032383152613,54.696916302406116],[-130.30650040548122,54.69944288336044],[-130.31826398314823,54.69563879771905],[-130.3195155869273,54.69451090958753],[-130.33521707466087,54.69454499747832],[-130.3441789913275,54.695282791460244],[-130.3496380779763,54.694664697214606],[-130.36263290427053,54.686125083986646],[-130.3693532976752,54.680674704003],[-130.3693341887565,54.67413179969181],[-130.37621879342137,54.66584721484487],[-130.37706597510294,54.657425898137134],[-130.3802033862492,54.655303806526895],[-130.37959034720828,54.652535866775054],[-130.38523983795582,54.6471921193065],[-130.38769330042913,54.6435612075723],[-130.38764659814672,54.639023704589036],[-130.3894921072688,54.63858930995739],[-130.39278861264285,54.633949187257905],[-130.39245359225316,54.63137280283402],[-130.3847339264451,54.62625849881342],[-130.37888969115932,54.624303011083],[-130.37153490660813,54.61790550170037],[-130.36352697939577,54.6151025921748],[-130.36091751408378,54.61630039592877],[-130.3573927011427,54.613661293993246],[-130.3559326051574,54.60938159055903],[-130.34973219999287,54.60493799929336],[-130.34543927853258,54.603889793873314],[-130.33957530784136,54.60070099971746],[-130.3344324892237,54.59683000528036],[-130.32908800172277,54.59473219944638],[-130.32573410277834,54.59206320525126],[-130.31891081859212,54.58921760541779],[-130.31691852207638,54.58743170435448],[-130.3096258093332,54.5844379853871],[-130.30480650222816,54.581784714114654],[-130.29681311889368,54.57614480205284],[-130.2915737930917,54.57341459042961],[-130.29367648870826,54.567972705091115],[-130.2995634177586,54.56776619814367],[-130.3041921168087,54.56598169240275],[-130.30299709184797,54.562973701226305],[-130.29663809487408,54.55991448932453],[-130.29463610951245,54.55829088908387],[-130.29066602702966,54.552015899570634],[-130.2868424881046,54.550385101054765],[-130.28278411769912,54.54522379665354],[-130.2766372004535,54.541945293385886],[-130.27517441167572,54.540153593568775],[-130.27191489705353,54.539756297596234],[-130.2700746041672,54.53776240370491],[-130.26253980182045,54.53600770259354],[-130.259149306,54.53428160897654],[-130.2619064183817,54.52949910447],[-130.26205590124022,54.5273128901733],[-130.2589558989315,54.52247349417318],[-130.25535719191623,54.52054370304662],[-130.24502080854072,54.518959996152134],[-130.2395739140621,54.518729202137074],[-130.2350113226239,54.51700449612579],[-130.2314096082897,54.51748159464661],[-130.22926131388652,54.516389305083536],[-130.23042231914798,54.51390540609327],[-130.23496198064615,54.514856805328236],[-130.24513298472056,54.51152560059375],[-130.2421561055534,54.50753918281121],[-130.23690500317292,54.50400719525426],[-130.23395461111522,54.50550259943832],[-130.2290103012903,54.50593839162599],[-130.23143990836317,54.501483505650505],[-130.2329454991971,54.50071300781286],[-130.22980829695908,54.49756260655636],[-130.22972579416347,54.49587499762741],[-130.2269898196181,54.49317040146173],[-130.21513207072533,54.48484159533901],[-130.21101798697646,54.48405539379222],[-130.20207429087608,54.48068430174242],[-130.1958668958942,54.48008049269543],[-130.19320432390595,54.47606280038355],[-130.19202950081421,54.47018790197709],[-130.18619999009874,54.46445690922665],[-130.1763018174944,54.46041929505164],[-130.16836560314474,54.455876002000316],[-130.16763850027291,54.45466118582524],[-130.1598077916887,54.449415796295945],[-130.15052622471995,54.44457920094052],[-130.1462337995696,54.438282788204866],[-130.14132010865475,54.43405139019842],[-130.12924549442903,54.42664271382263],[-130.12612311184046,54.423579208376125],[-130.11974441246704,54.42020528676842],[-130.11060891680603,54.41732873092586],[-130.10332158770842,54.406138389702576],[-130.10090139654454,54.40153099273368],[-130.09823900695994,54.39925368663306],[-130.09552579761714,54.394569511629406],[-130.08804770427548,54.387895704891505],[-130.08302368303305,54.38482220488891],[-130.07292401812714,54.37248290119089],[-130.06797247994825,54.3691645029601],[-130.0632214158711,54.363967489854716],[-130.05564888307958,54.359773200352365],[-130.0529108033105,54.356786695614204],[-130.05389120981454,54.355437897452],[-130.0526194012177,54.34961579538254],[-130.0534395207798,54.34860320341848],[-130.05188350775416,54.344912995215516],[-130.0492459089375,54.34286929674943],[-130.04954132205697,54.34052929587619],[-130.04338850091085,54.335118711997296],[-130.0362980030575,54.33268048668868],[-130.0337127228431,54.329475998115605],[-130.02980388241087,54.326975094528166],[-130.02202171486272,54.32313119186677],[-130.01828819855126,54.322057307672836],[-130.01372188398688,54.31889559336735],[-130.00902398378565,54.316635294318736],[-130.00071310809747,54.31438508866571],[-129.9934111127514,54.3131332097848],[-129.98948242362778,54.31595170316816],[-129.98221278954622,54.31859930865393],[-129.98238939177935,54.323388913929904],[-129.9854888978445,54.32379481123145],[-129.98454181188953,54.325978190489295],[-129.98527941346583,54.329225400849104],[-129.98098739301057,54.329799306389496],[-129.98227311062303,54.32501679504569],[-129.9771223031236,54.3243389035254],[-129.97718618332803,54.31731040597064],[-129.9783294177384,54.314910597185765],[-129.9840108925744,54.312167608248096],[-129.98344479352997,54.31033889479786],[-129.9833195843908,54.30242170350797],[-129.98830551474143,54.30269519245822],[-129.995357103888,54.300714088006856],[-129.99845830720392,54.3043728941233],[-130.00630659559707,54.307993187010304],[-130.01146831433638,54.309747894229034],[-130.02990030571883,54.31784308587412],[-130.03645632311984,54.32120139723895],[-130.04132858621745,54.32296599955487],[-130.04749640126988,54.32786521422687],[-130.05569668486012,54.332206189411416],[-130.0615300004954,54.33724218665762],[-130.0630548031719,54.339637811257155],[-130.06933369335445,54.3415960004644],[-130.07302448540523,54.34443019747926],[-130.07580931372175,54.348054803980915],[-130.07609840460384,54.351988502787606],[-130.07501830984756,54.35546778971696],[-130.07581929120803,54.35840030585325],[-130.07923910789341,54.360328691051],[-130.08216459104585,54.36387069755899],[-130.08269769745294,54.3660141143856],[-130.09085288644965,54.371126991272476],[-130.09425469859025,54.3763808880245],[-130.097992082855,54.37796470534666],[-130.10066520505765,54.38112210969502],[-130.10789610621208,54.38668220940022],[-130.11087449846252,54.3908879061493],[-130.11414339819308,54.3938959012067],[-130.1185897162402,54.396496492476565],[-130.12430027870508,54.39862850292531],[-130.13104979967378,54.403759893174325],[-130.13724311577297,54.40656850385645],[-130.14020521373806,54.4066752988261],[-130.14576449733573,54.411017692609434],[-130.14838568799337,54.414364588515994],[-130.1520129696553,54.41564209616347],[-130.15354911996442,54.418259796008016],[-130.1652403777353,54.42453910041992],[-130.17125149797423,54.43208459941099],[-130.17317758698908,54.43696399983394],[-130.17843141120238,54.43943780351715],[-130.17853041294924,54.44181909740055],[-130.18346502584362,54.44561740342946],[-130.18962360364506,54.44897290391105],[-130.194993801898,54.45063640051196],[-130.19827500483044,54.453138689759676],[-130.2021027128491,54.454322206859906],[-130.20356619186697,54.45636600074381],[-130.2069562018059,54.456746195485934],[-130.20981127882678,54.459368198490466],[-130.21902699454742,54.464273207287356],[-130.22417499999946,54.46871529746592],[-130.23001968648396,54.47119910634816],[-130.23704088200756,54.47577510420779],[-130.24190328999563,54.48144061020182],[-130.2428507135944,54.48413659043099],[-130.2470375993014,54.48576589158675],[-130.25622898356204,54.490568298899184],[-130.2612352140467,54.493671699384194],[-130.26468961905775,54.494543304645084],[-130.2668313954388,54.49635351045757],[-130.2691595886141,54.50173979778646],[-130.27302159716876,54.50429771498093],[-130.27580149182526,54.50827699588787],[-130.27951930533075,54.5120568123852],[-130.27916549361325,54.51410060405851],[-130.28658038206382,54.51800430379727],[-130.29136908834772,54.52383080967704],[-130.29053610817095,54.52584460649868],[-130.29657172289717,54.5285933014993],[-130.29578459601052,54.53159410489388],[-130.30122220003167,54.5329201030737],[-130.30580390669365,54.53755298800868],[-130.30546301803693,54.54090989447423],[-130.3079899922848,54.54159209047892],[-130.3091725194709,54.54472529682275],[-130.3133655024113,54.545336291314484],[-130.31255268098454,54.54698980104077],[-130.31787078158447,54.552216698375005],[-130.3210244849094,54.553638000609865],[-130.32376087598058,54.55647510109989],[-130.3291895842112,54.5584105983477],[-130.32988859466613,54.55996721233903],[-130.33464318254164,54.56250370125902],[-130.33626969829348,54.56120059666345],[-130.34071739719505,54.56243680929766],[-130.3437919221585,54.56515279487641],[-130.34523589624362,54.568102307268546],[-130.35264669058517,54.573269293069785],[-130.35919351656844,54.575711891436995],[-130.36342091308953,54.57856738828562],[-130.37548699876822,54.58036330178791],[-130.3748767100081,54.58340828804064],[-130.36774741413905,54.58396510874846],[-130.37149570829465,54.58776921012918],[-130.37456888742676,54.589361509769645],[-130.37069259096523,54.59055638969552],[-130.3670198905911,54.58906101155169],[-130.36146590237408,54.58541068531604],[-130.3590029930057,54.58484531478223],[-130.3547988888645,54.58175619670858],[-130.3524968020043,54.57903168466414],[-130.34872379627677,54.5767642891035],[-130.33941580040354,54.57552810692072],[-130.34089499560167,54.58192001299483],[-130.34913260770702,54.58633080439827],[-130.35843498097256,54.59383060089248],[-130.35976349516534,54.5974381918908],[-130.36322498528665,54.597741502214696],[-130.36692760923322,54.602004187966095],[-130.37322331544246,54.603676198640684],[-130.37913769909804,54.610116512451],[-130.3842787874161,54.61190099897823],[-130.38462060255648,54.613819394443915],[-130.3885523163716,54.61739699284073],[-130.3946171989732,54.620859299935866],[-130.39855730188816,54.61961880717039],[-130.40169509017562,54.62078670777494],[-130.40551701973823,54.62517319985685],[-130.4127032012951,54.62743628533188],[-130.42260750171351,54.633341103951146],[-130.42545220336484,54.63406309819384],[-130.4312826936435,54.63730178735996],[-130.43437911488545,54.636753504280804],[-130.43682790870943,54.6345487970071],[-130.4430730181757,54.63195820098261],[-130.4413027878643,54.62965089071956],[-130.43769138315528,54.628300790634185],[-130.43774019070707,54.62442691087267],[-130.45058590449568,54.627158609233014],[-130.45388840813322,54.62506070395833],[-130.45493347731502,54.620904902289084],[-130.45712052629318,54.62015000228838],[-130.45567830928934,54.61579050486519],[-130.45621100148534,54.61288089789963],[-130.45311129708264,54.611498013946495],[-130.4388881993704,54.608675185785486],[-130.4353864747107,54.60335149990658],[-130.4373037987055,54.598852404548275],[-130.4358167047004,54.59663210581527],[-130.432586679285,54.59676879999761],[-130.42776211212848,54.59563078931994],[-130.4235328913615,54.59194209592716],[-130.4160309118885,54.58803839488525],[-130.41238219590124,54.584163100180156],[-130.4025529957067,54.57729419093596],[-130.39664261186607,54.574575298321655],[-130.39600359415957,54.572676915700214],[-130.39260101553828,54.57218690326654],[-130.39323022265756,54.56977010563539],[-130.3895730898027,54.56821200077574],[-130.38947731357587,54.56678490730065],[-130.3842046836379,54.56137999833155],[-130.38167172237524,54.56058249685693],[-130.38306637779766,54.5565662011619],[-130.38833939792852,54.55603920658625],[-130.39229219650213,54.558132785482854],[-130.39373338599685,54.56004841015699],[-130.4005180842539,54.558990195225945],[-130.40499851597332,54.56205799963359],[-130.4105769933358,54.56192979142158],[-130.417284109108,54.56355910685222],[-130.42217881340665,54.56151529530653],[-130.42708627288584,54.56211349566834],[-130.430199950478,54.559624471529446],[-130.4309019504731,54.557886047668624],[-130.4306588022226,54.55223784404544],[-130.39990422896477,54.55155893261336],[-130.38073852021458,54.55067993291041],[-130.33368590995065,54.55044291936997],[-130.33170087263318,54.49270542973673],[-130.3301566891066,54.44767134677202],[-130.32864156086623,54.414366584705384],[-130.4780280326754,54.41466851751393],[-130.477558707857,54.41544128624943],[-130.48182608107646,54.412413403801715],[-130.48731269020394,54.40647729695571],[-130.48726120867875,54.40415018712653],[-130.4868236301253,54.404687739111786],[-130.4491302188707,54.40463408641112],[-130.44808681053013,54.37839924381822],[-130.40097208098751,54.37789979917799],[-130.40091092461088,54.33016253925024],[-130.39661649560068,54.32779828718184],[-130.39145388547144,54.32835230149926],[-130.38941117664493,54.33390389791967],[-130.38465291245438,54.333734387339575],[-130.38550570432804,54.33118079910185],[-130.38311469700824,54.32599530274367],[-130.3783940160944,54.325995194342504],[-130.37815080957233,54.32326500496546],[-130.37247151209073,54.31940260690146],[-130.3691283939611,54.32109311021262],[-130.3632636760289,54.32739810017441],[-130.36158859262238,54.331623703961746],[-130.36434739317124,54.33224901165237],[-130.36405140169168,54.33818360735223],[-130.36158239004985,54.33744731081993],[-130.36309229218517,54.333816997651404],[-130.36293109226574,54.3322191146581],[-130.36025070951817,54.33118928919958],[-130.36134147650793,54.330206593481826],[-130.35983229345683,54.323625408756236],[-130.35591969105707,54.32293319026789],[-130.34963479856074,54.32773991152364],[-130.34845181677747,54.330116893617905],[-130.34574238716732,54.331414404053135],[-130.35042970470266,54.334643097635386],[-130.34558757658627,54.335631494749066],[-130.34276620912675,54.33167218585328],[-130.33773710569227,54.32976941144475],[-130.33559048003852,54.331895694109875],[-130.3320796948341,54.330353287316925],[-130.32977091895094,54.330702306331744],[-130.32495079067058,54.333909614071096],[-130.31978207953466,54.3391078917615],[-130.31481971446746,54.33544060632117],[-130.30712841807906,54.33742029867153],[-130.2990313136492,54.34252319435458],[-130.2931424188215,54.347063606780246],[-130.2892117908297,54.346817201732264],[-130.28605048784806,54.35003310703549],[-130.28489650278198,54.35394679599654],[-130.28119408411607,54.36010649710576],[-130.2777145991926,54.3620221144169],[-130.27428770940193,54.368691584976915],[-130.27125971160908,54.38079459834516],[-130.26730819875564,54.38244519777699],[-130.26418520936582,54.3855328918332],[-130.26327670862926,54.389039290592095],[-130.26085390828723,54.38993659728677],[-130.26189399806952,54.399201013271075],[-130.26923028989017,54.399834790570985],[-130.27910898670345,54.40296520000412],[-130.28592930235453,54.408187799195055],[-130.2930055014125,54.410816891381884],[-130.29368098767716,54.414143803181574],[-130.29653890048874,54.41385329060132],[-130.30036160624587,54.4158784819634],[-130.3054228040711,54.419904808194666],[-130.30881748692204,54.424371093631144],[-130.31176751970474,54.42601179763999],[-130.31395480701124,54.429861388602184],[-130.32005069841102,54.43289498536214],[-130.3257389921682,54.437174689449726],[-130.32300242797834,54.43794100151962],[-130.31466452540107,54.43420380157007],[-130.31032900464587,54.43314558904945],[-130.30216569219687,54.426609891842645],[-130.29711871091695,54.42439810739161],[-130.28771030442599,54.41590700940238],[-130.27574208624395,54.40914060886063],[-130.27023410602385,54.406914584391615],[-130.26455851406504,54.40618389104875],[-130.26179439425056,54.40351640822286],[-130.25312579277545,54.39862710947765],[-130.2509316984509,54.39939619625783],[-130.24562787429787,54.39923519963977],[-130.24601569639822,54.397333915054695],[-130.24905209958186,54.394337398987396],[-130.24777599848326,54.38675491003078],[-130.245406719135,54.38357635251475],[-130.2361574331478,54.382648440705466],[-130.23629057880765,54.33954901858703],[-130.23976668570447,54.33716959878483],[-130.2428474061956,54.336833509521206],[-130.247434903042,54.33189580434089],[-130.25140007319393,54.326685994733694],[-130.25663696557402,54.32719085644555],[-130.25536722103854,54.324182202841165],[-130.2519705016229,54.324190806589954],[-130.24193461407052,54.32646100194583],[-130.23645232655502,54.32974874600793],[-130.23669611948063,54.31727163543231],[-130.25114196075432,54.31865624840869],[-130.25357047527964,54.31983189707731],[-130.2495002276304,54.31578650233608],[-130.24936247699014,54.310690700819265],[-130.24665789586152,54.30868829132747],[-130.2466289834219,54.30568599646378],[-130.24484479151982,54.3026126142629],[-130.24273168082064,54.30187910070614],[-130.24383401545163,54.28896149184531],[-130.2386962886657,54.287269602318766],[-130.23874498861136,54.28372760035689],[-130.23732111476642,54.279769704148954],[-130.23478798278873,54.2762547048987],[-130.23584142430084,54.27501279876036],[-130.2316074262069,54.267918798663906],[-130.22777789085032,54.26877618831702],[-130.22620778954192,54.26709279919632],[-130.21708768362387,54.26819229989582],[-130.21355142164066,54.26643049935538],[-130.21068737676873,54.26722380215718],[-130.20567509977937,54.266456197769905],[-130.20406570327796,54.26501628234899],[-130.19607488894155,54.26687490840571],[-130.19126329195825,54.26941280787224],[-130.18881960453453,54.26826780797984],[-130.1859113203746,54.26906960286816],[-130.18088758266563,54.272264103787],[-130.17626571077216,54.272822409123144],[-130.17450991328073,54.274807691694875],[-130.16770299238772,54.27409138859519],[-130.163747177619,54.275388798560265],[-130.15746338361947,54.280805101692394],[-130.15150099489392,54.28408080886792],[-130.14740668987997,54.282600999751985],[-130.15463750408168,54.2764740958082],[-130.1597855137961,54.27329669892668],[-130.1653322119209,54.27176849404833],[-130.17601732116293,54.270029502667555],[-130.18161778782198,54.26770089142696],[-130.18733852398472,54.266924698156174],[-130.1898465924556,54.26334999447317],[-130.19370549050004,54.263033804355075],[-130.1997428971108,54.263639091528326],[-130.2035785906955,54.26300669880568],[-130.20308599569393,54.261376006399004],[-130.19961099232017,54.26073659988875],[-130.19478262936366,54.25609829359887],[-130.19466602325636,54.25431982058632],[-130.19460277305814,54.25335506297425],[-130.19448769590355,54.251599664295966],[-130.19176574712006,54.24942898829045],[-130.1886619506839,54.24859872197772],[-130.18857591164755,54.24856809919626],[-130.18269441443692,54.24896829858932],[-130.17706687607833,54.24866349297351],[-130.1759311993787,54.24697579035946],[-130.16655596417436,54.24954889998154],[-130.10173743288703,54.253523600992494],[-129.9994025981326,54.25994184912133],[-129.95823945333615,54.26138362029143],[-129.95837873924725,54.244393668447216],[-129.9659590380569,54.24437004842458],[-129.96644927007702,54.23060777450821],[-129.97652668044523,54.230310022716544],[-129.97582512820645,54.22447701710692],[-129.97684944965442,54.219354551141656],[-129.97139065777372,54.21919224897337],[-129.9710654862365,54.21165862145071],[-129.968322553481,54.21145336653627],[-129.9639351527541,54.20771798329216],[-129.94984539677677,54.20737353697909],[-129.94982830065217,54.20259118309368],[-129.94420828328825,54.196362288821504],[-129.96500178996536,54.19591300034652],[-129.97938919447392,54.19233965937387],[-129.9846271038819,54.189786576185405],[-129.98842838756607,54.186944914049725],[-129.99419201444988,54.179432437308684],[-130.00111719610317,54.175946625175165],[-130.01228981334063,54.17199825817267],[-130.0176617896045,54.16830540895692],[-130.02196973159556,54.16681327394476],[-130.02990874159778,54.16575586877614],[-130.03463698611245,54.16622336393341],[-130.04104768388652,54.16826279212016],[-130.04907330386519,54.168056272691025],[-130.05471458636643,54.16857055618394],[-130.0622069790387,54.17041148740996],[-130.0674802222908,54.17095496092773],[-130.0779897544647,54.1698071957269],[-130.09178782456726,54.16556007555794],[-130.09331375605464,54.16475016472762]]],[[[-130.8950840069732,54.634805107606134],[-130.89744160463076,54.63015798688218],[-130.90283968928676,54.62932619799371],[-130.91152680422738,54.62692498491308],[-130.91338468540712,54.62459359924934],[-130.9243293168944,54.620151495128226],[-130.9288771151669,54.61967429516027],[-130.92805911556704,54.6171521042028],[-130.932774591718,54.61660941436761],[-130.93268780409184,54.61449020775038],[-130.93819411324677,54.6088019067722],[-130.9395449002251,54.60494228560661],[-130.93619568031505,54.60386280526708],[-130.93533538856374,54.600092901962775],[-130.94023300645594,54.59501698328751],[-130.94523541416265,54.59568209394808],[-130.94892739010277,54.59295331262524],[-130.94505208066658,54.59056209513195],[-130.94136348581605,54.59109760742931],[-130.9358664832447,54.59071730158305],[-130.93861029747703,54.58756411043999],[-130.937654500513,54.58469428572705],[-130.94476717860113,54.583626197664294],[-130.94863250642763,54.5803020820408],[-130.95074730658956,54.57627728745655],[-130.94877249627655,54.57414239564569],[-130.94566220669958,54.573158183715556],[-130.9428406888507,54.57044369465842],[-130.9460260868987,54.56844269544531],[-130.94827810543543,54.569314294624114],[-130.95150560009046,54.5682105117699],[-130.95133289152147,54.56621810148801],[-130.9481935942157,54.564605912724375],[-130.95240680641766,54.563126091889536],[-130.96027298754717,54.55748910366853],[-130.96223321331723,54.554832904020856],[-130.96321959294397,54.55086080068711],[-130.9668705816296,54.553786105539324],[-130.97007509272822,54.55261970268325],[-130.96694131343133,54.55078250553571],[-130.9695171193055,54.54969870656024],[-130.97315489016208,54.5462236031434],[-130.97061691274715,54.54460998843101],[-130.9740725122245,54.541560694253405],[-130.9711245921913,54.54006249731585],[-130.97230311923778,54.53788629613074],[-130.97541140519343,54.53820389941841],[-130.9760519842335,54.535183089735085],[-130.96829590458503,54.5284780105751],[-130.96872338554758,54.526150803730516],[-130.97339269917532,54.52616498540518],[-130.973229611839,54.5240913962037],[-130.97733321231487,54.52201060537372],[-130.97597950168478,54.51928179711997],[-130.96903779190325,54.52240650933733],[-130.9667451151203,54.52067328941665],[-130.9682455218783,54.51525560478682],[-130.9669062074749,54.51341688897146],[-130.97679781386174,54.50901330457294],[-130.9773959094188,54.50732129469953],[-130.98286359454755,54.505740412692155],[-130.97784100116618,54.50344888968834],[-130.97434360545347,54.502976093949655],[-130.97148861379753,54.50401149213995],[-130.97196129599135,54.50611641355408],[-130.96635969500912,54.505569498355],[-130.96516681042482,54.50005209553102],[-130.96200320313562,54.498485485649596],[-130.96127029994645,54.49607008682214],[-130.9634605836581,54.49438100276035],[-130.96457108746756,54.490497096305255],[-130.96372228596414,54.489252398117536],[-130.9570405085979,54.484803089284235],[-130.95535890715368,54.4802641891055],[-130.95619850711242,54.47911769636935],[-130.9517640038068,54.47383250516721],[-130.952308486854,54.47231430018835],[-130.94770971017644,54.468118502108396],[-130.93596169442307,54.46640091049267],[-130.9325985062522,54.4680187882603],[-130.93228001405134,54.47042430848125],[-130.93399078477728,54.472384009089886],[-130.93241911696896,54.474063203562196],[-130.9273066989675,54.47461999088275],[-130.92374160660356,54.47264610894774],[-130.92051350723335,54.47655409042198],[-130.91662001396242,54.47745140502727],[-130.91781239945814,54.479203205689046],[-130.91161712139268,54.48340879433989],[-130.9089071979841,54.48720011424093],[-130.90602637324736,54.487677194203286],[-130.9026458908618,54.49199110115968],[-130.90376548231913,54.49313330104339],[-130.89840601021504,54.498098095441996],[-130.89532048888893,54.50354859832504],[-130.89251861303902,54.50575900581335],[-130.88919198976248,54.50425640924239],[-130.89002060693284,54.50179821126234],[-130.8875535040128,54.498546784704835],[-130.88822787370626,54.49673939834608],[-130.88490018418346,54.49491220776794],[-130.87943700699114,54.49733479080338],[-130.87953708476832,54.49414170679679],[-130.87445670004846,54.49446358359204],[-130.87161589027232,54.49855249733172],[-130.86748969212903,54.50257160693408],[-130.86189721501205,54.502846400661845],[-130.85887198088426,54.504259295286815],[-130.85928949489568,54.50730851235146],[-130.85754170649054,54.51003159385432],[-130.85270830462576,54.50900050444845],[-130.84788320221523,54.50957729673343],[-130.8455803159537,54.51159109425898],[-130.84707278960428,54.515936396472],[-130.83920308846655,54.51718819372022],[-130.83750919937748,54.520405491698504],[-130.83365300535343,54.5233308899782],[-130.83365097903373,54.524616897294536],[-130.82640839506445,54.52786411640008],[-130.82339810578515,54.53106429952769],[-130.8176511163955,54.53566310241983],[-130.81368001983537,54.53708020496943],[-130.808555693706,54.53756159154968],[-130.80329400475281,54.54059648325563],[-130.79047839435606,54.54554140185081],[-130.78593829761414,54.54565389401786],[-130.78441290496215,54.54718638240021],[-130.77400391364483,54.55318229275745],[-130.77476350204415,54.55533711350652],[-130.7725027077367,54.55781519039878],[-130.7702287213893,54.55780379749726],[-130.76756551075235,54.56058389303702],[-130.76860859238346,54.56178311214535],[-130.76019029899064,54.56816071021379],[-130.75884600698072,54.56997800719861],[-130.75864620002295,54.573998494720875],[-130.7566369799831,54.576878291910674],[-130.75813729589873,54.578689900117425],[-130.75452629581244,54.58504329344221],[-130.75415127509015,54.593255297700104],[-130.75527000044622,54.59618630213791],[-130.75302439266244,54.59728011244991],[-130.75330257923073,54.60085339179947],[-130.75227470519638,54.60470590765279],[-130.7553730967686,54.60653030247914],[-130.75763708417585,54.61413840866029],[-130.7603402012532,54.617540893177704],[-130.76358201447363,54.61945359187364],[-130.76823668614358,54.62002329074066],[-130.7685830047791,54.62372188503885],[-130.77192742145735,54.62439270552726],[-130.7745347899234,54.62662880095918],[-130.78168031292356,54.62247009048482],[-130.78762051097812,54.623703402441876],[-130.78984768705752,54.62223219621355],[-130.79106039926728,54.61809770568409],[-130.79535499022379,54.61714348872072],[-130.80195398448208,54.61120308990099],[-130.8060774983183,54.613011909570496],[-130.81333699223887,54.61400030174277],[-130.82107610958082,54.609388708383186],[-130.82264550720046,54.607424693787884],[-130.82805581070653,54.60411489224909],[-130.83077670129936,54.60369760261024],[-130.83335160348955,54.598939292659566],[-130.83748439705303,54.597573513658766],[-130.8404273954999,54.6013846078582],[-130.8372497085586,54.606457685330994],[-130.83760598946054,54.61059500710949],[-130.84015349620634,54.61177001443203],[-130.84574810408088,54.612574706261434],[-130.85032391184825,54.609961209833784],[-130.85536979084895,54.6089314928861],[-130.85828880415272,54.60738478730014],[-130.86475591253722,54.59980809428906],[-130.86636747401369,54.596115096159984],[-130.86679521455417,54.59159610700551],[-130.86891860176752,54.59132969244907],[-130.8727677105452,54.593256690942205],[-130.8727485955432,54.59553110840395],[-130.86993169112492,54.598558998475426],[-130.87187542778594,54.60180050066809],[-130.87505160120952,54.60085339968248],[-130.87454159400016,54.59850629557206],[-130.87733449384675,54.59760909474284],[-130.87959411406877,54.59425649928578],[-130.88303640828497,54.59435619422147],[-130.883982214374,54.59169860866156],[-130.8895119971979,54.58911368539372],[-130.88735761636295,54.5870884046868],[-130.8948098994053,54.58457191124404],[-130.8980728252015,54.58618410405598],[-130.89877761041888,54.58936430927509],[-130.89284759363386,54.593322186775204],[-130.8863103815849,54.594223700382656],[-130.88579520955363,54.59779991034818],[-130.8824846262802,54.59920990050547],[-130.88061481442776,54.601279296638516],[-130.87987131974137,54.607303705831775],[-130.87635541033472,54.60732218740639],[-130.8779033255469,54.6039097980224],[-130.87557481784685,54.60244429967958],[-130.87089700927513,54.60542088425542],[-130.86378428463632,54.606994596363194],[-130.8544486169841,54.611804191708416],[-130.85089800163422,54.61476080019792],[-130.8523706154183,54.61721899061711],[-130.84934330406762,54.621850486073235],[-130.85171240245234,54.623512611383894],[-130.8517423024477,54.62655901024502],[-130.85344428797018,54.6299215026666],[-130.85838807294024,54.62759009827494],[-130.86084230139477,54.6283705993109],[-130.86212358941611,54.625258696973],[-130.86427220223882,54.62379600198101],[-130.8697895715042,54.62382879656039],[-130.87372279885946,54.62178079887789],[-130.87298259801017,54.61714489925166],[-130.87397428288,54.615809001903735],[-130.8730014883674,54.61112200099728],[-130.8797759835964,54.611952303329275],[-130.87996387968587,54.61806209779502],[-130.8843119920751,54.619638693611925],[-130.88705749811535,54.625079204689676],[-130.886205122477,54.629451496626515],[-130.888402398069,54.63202510360247],[-130.89308028811845,54.63068351106824],[-130.8950840069732,54.634805107606134]]],[[[-130.4507148085714,54.30541689362841],[-130.45883691237063,54.30736799393745],[-130.46003461619458,54.309970090299295],[-130.46373391232734,54.31111078886454],[-130.46793091380928,54.307212806143326],[-130.47372180483555,54.308373508009765],[-130.4734067814916,54.305196100578414],[-130.47037919758392,54.302599792961],[-130.4670278813756,54.30211839964054],[-130.46665209109676,54.29717070902213],[-130.46912800029918,54.2955043896736],[-130.46582941663314,54.2926145988392],[-130.46275457246932,54.29128579644731],[-130.459039907892,54.28748318387915],[-130.4580086107157,54.28306530702221],[-130.45254798597327,54.28285169855434],[-130.44701110356968,54.28179489479842],[-130.44557439752984,54.27933249578174],[-130.43498669759154,54.27215020672471],[-130.4364627146639,54.269589409015246],[-130.4330720960187,54.269207704927],[-130.43206331124122,54.26711558606977],[-130.4293386983672,54.26651880452754],[-130.42499902185375,54.26222059854491],[-130.42072408173058,54.261605295420935],[-130.41581170820604,54.25533599720036],[-130.41313389503236,54.25511520914198],[-130.4116093820866,54.25230099095659],[-130.40828719941874,54.24891560559294],[-130.40250761164148,54.250089208192996],[-130.39765941500903,54.249650497381786],[-130.3912220946116,54.245806604702445],[-130.3874108999452,54.24477119887341],[-130.38452289832676,54.24195549283902],[-130.39173609581508,54.24012829667876],[-130.38544381150498,54.23508648687533],[-130.37981701398576,54.23569040123914],[-130.37894431399747,54.23801039596413],[-130.38127591538245,54.23936769673266],[-130.38339860354344,54.2436673821959],[-130.38504598236133,54.25069590157027],[-130.38484618890556,54.253411794780476],[-130.3874738018465,54.25535871398381],[-130.38816770643035,54.25815590868671],[-130.39038970500366,54.26030499493764],[-130.39045200332524,54.2671810875927],[-130.38725530111927,54.26573408396448],[-130.3866470906646,54.26180469369878],[-130.3828920964227,54.25786529899195],[-130.38307329812994,54.2568755105389],[-130.3782163021989,54.25258009432343],[-130.37144639401356,54.25627018860049],[-130.36776072609604,54.25433470432259],[-130.36361650620623,54.255290390782875],[-130.3675250897806,54.260233799294795],[-130.36565729167185,54.262214903197005],[-130.36594419662825,54.26576260741207],[-130.37073001065576,54.266129985553505],[-130.37148600902012,54.27176560807173],[-130.37369882018055,54.273161406721435],[-130.3721072989458,54.27799649087182],[-130.37707330131036,54.278128987961736],[-130.38518110203216,54.279429286087506],[-130.38579831595123,54.28136340107165],[-130.3837502098081,54.28305960563783],[-130.37832319841658,54.28290578569495],[-130.37251770504005,54.28572288455396],[-130.37618457821512,54.288367599535846],[-130.38266509596852,54.285057786734406],[-130.3861811959792,54.28593509568095],[-130.38868458187486,54.292710098332144],[-130.3850781136647,54.29421690124229],[-130.38497971658762,54.299512103821584],[-130.38757221116546,54.301243909410644],[-130.38850448950447,54.307021892970674],[-130.3940235993911,54.3065719009592],[-130.39975195216266,54.31034541286043],[-130.40025018757777,54.30600924815032],[-130.4225116531281,54.30536553417689],[-130.428785153385,54.304903597742815],[-130.4507148085714,54.30541689362841]]],[[[-130.77687558867845,54.399263705045406],[-130.77527470083203,54.39719290621193],[-130.7789428831282,54.39294160745381],[-130.7775816123978,54.39101180594297],[-130.78465431618628,54.388587798422336],[-130.78469921285517,54.39071700609613],[-130.78855331041402,54.390453486176284],[-130.79219118156752,54.38699270642504],[-130.78926410344295,54.38378250017687],[-130.78587029530874,54.38255628777107],[-130.78574652048752,54.38078739443297],[-130.78954448800258,54.38027330446255],[-130.7905200171304,54.37796609149821],[-130.78369809168677,54.376161612511986],[-130.78179810258473,54.37141608607681],[-130.7772868941562,54.37176221470609],[-130.77305332544202,54.37033230379476],[-130.77575828903662,54.36697549020872],[-130.77332147173792,54.36403589495211],[-130.77396050408169,54.36205770126005],[-130.76692570659904,54.3581340083544],[-130.76208840315573,54.356910605436774],[-130.758796509156,54.35477418727149],[-130.75738291322966,54.35847150419545],[-130.75444940115906,54.35786618406485],[-130.74992029856546,54.3614024915469],[-130.7377890956291,54.359897097517106],[-130.73379141902393,54.35774229341023],[-130.73103490027881,54.35993989169135],[-130.726610619335,54.360146400084396],[-130.72799940933288,54.362392288748595],[-130.7169697088287,54.36476928404826],[-130.71343829237375,54.36351601422872],[-130.71137350684205,54.364938804313795],[-130.70817150154494,54.36937099414193],[-130.709634885162,54.371974398018814],[-130.7007753913887,54.37851718953785],[-130.70136149598747,54.38116061370469],[-130.7073612154149,54.3851212992474],[-130.7035066990964,54.38906781183394],[-130.70234031405158,54.39287750900482],[-130.7101028056941,54.3980445844384],[-130.71563079169474,54.39802890712117],[-130.71213409229586,54.402077889592434],[-130.71561212664602,54.40271170066125],[-130.7179178783938,54.40519549478435],[-130.71729508792345,54.407236397445615],[-130.72142120403956,54.408642090939274],[-130.71966519656618,54.411984690806634],[-130.7211556113945,54.412565788936654],[-130.73263710533968,54.41116149290434],[-130.73392311213306,54.40875178909835],[-130.73871468572486,54.40727200642369],[-130.7377980109051,54.405612794092654],[-130.751365614849,54.405111501176656],[-130.7585729083126,54.40288550608927],[-130.76334981963626,54.40433390213867],[-130.76463498366044,54.401951194429664],[-130.7675871260061,54.401827299886385],[-130.77131628132628,54.398239703158474],[-130.77466508946438,54.40017799906924],[-130.77687558867845,54.399263705045406]]],[[[-130.78621620391115,54.46921091315111],[-130.78833559750424,54.46507208627865],[-130.79275639047725,54.464881298551546],[-130.79754298579607,54.46003609875176],[-130.80149988683215,54.458116295068166],[-130.7994166082137,54.455989985244805],[-130.79628308959838,54.45593009637554],[-130.7942220034667,54.454315091995284],[-130.79736171553844,54.453100198882176],[-130.80000092540678,54.45524509970833],[-130.80587357792754,54.45162479314218],[-130.80928998017663,54.450368594710156],[-130.80796058290872,54.44853710463676],[-130.81367879076518,54.44809270808007],[-130.81409062151,54.44697189506681],[-130.81975630697613,54.44640078849073],[-130.81814878238913,54.44107709089085],[-130.8230858893151,54.43835971125299],[-130.8250137947937,54.43351309046516],[-130.8360650142954,54.43133120550498],[-130.83637360365404,54.42860379882743],[-130.8333517179209,54.42515300243844],[-130.82560329563907,54.42632080850249],[-130.82067730282577,54.42889439973799],[-130.81771058914603,54.43465669337927],[-130.81443481492963,54.433447602127224],[-130.81219871997115,54.43485610213479],[-130.8121032763156,54.43795800189701],[-130.8077268798823,54.44287869299932],[-130.80256498420908,54.443683398354615],[-130.7973046828981,54.44158689173116],[-130.79235150116125,54.43620340535908],[-130.79779397632822,54.434424600007034],[-130.7983741032804,54.4318268058036],[-130.7920718802488,54.43085119530046],[-130.79014800814926,54.4256200967672],[-130.78589451594556,54.42492939738803],[-130.77619189968135,54.424784113573224],[-130.77126599362433,54.42677941219225],[-130.76539671812654,54.42651590276836],[-130.76722037073282,54.42409759676376],[-130.76325030125656,54.42280729956543],[-130.76742129508784,54.41874689499802],[-130.76478761394753,54.41593549016666],[-130.7658767959591,54.41400568826408],[-130.76081582445528,54.4131440010375],[-130.75881699400003,54.41507950294715],[-130.75357280782205,54.41604519860526],[-130.7500015069264,54.41541419724386],[-130.74058847784997,54.416233192349004],[-130.7308371869531,54.41960849513459],[-130.7295884817807,54.42361769147304],[-130.73312538372426,54.42274040126048],[-130.73753371631253,54.42489659755607],[-130.73059891815458,54.42712690491546],[-130.73479601261383,54.43232529788726],[-130.73964139915464,54.436821487244686],[-130.74230128680597,54.43807769109711],[-130.7434111103749,54.442071204999074],[-130.75000939830537,54.444878285834385],[-130.75102120154907,54.44766829261254],[-130.75372688666485,54.44741339063912],[-130.75665808568866,54.44890740059547],[-130.7556753765897,54.45297629522526],[-130.7613797131955,54.46221379458154],[-130.76464929260263,54.464314503741164],[-130.76261027877305,54.467886392766985],[-130.76388461361952,54.47131019249224],[-130.76866782149128,54.47165340433908],[-130.77309891198678,54.47100399294695],[-130.77446983093773,54.472359802179945],[-130.78072400516686,54.47169190833219],[-130.7834280836677,54.46928780136451],[-130.78621620391115,54.46921091315111]]],[[[-130.80861989789463,54.49217630700638],[-130.81163250519177,54.489784993561344],[-130.8097858194838,54.48783530703453],[-130.82101369372,54.483020013982],[-130.82176669210418,54.48190199526765],[-130.82038739767623,54.47764510960989],[-130.82308378041446,54.47819769666121],[-130.82898921163252,54.47771339238825],[-130.8338607910901,54.47586770784524],[-130.8310412048118,54.47184851005354],[-130.83527317617987,54.470875795141104],[-130.83739587820727,54.47278569275742],[-130.8410765051744,54.471218991493416],[-130.84181037700588,54.46904139690189],[-130.83993099908975,54.46601351511196],[-130.83104137833172,54.46631120054354],[-130.824384197925,54.467913407261385],[-130.8204153742268,54.46645359879065],[-130.83454219681101,54.46594379279525],[-130.84133990158116,54.464707614070676],[-130.84606959782244,54.462514285605884],[-130.84931382550172,54.45744839770807],[-130.85619829010201,54.45415130474643],[-130.85670778593246,54.452121794431164],[-130.85494051511233,54.447447599314565],[-130.85550681826416,54.44428440381596],[-130.8586028925071,54.441494397925766],[-130.85568549272077,54.43799791506471],[-130.8503963999939,54.43836679481005],[-130.8489525098919,54.440887692952224],[-130.84826419764673,54.446812392070434],[-130.84316558604715,54.44491389675962],[-130.84262719785434,54.44735779519507],[-130.83784811534503,54.45014500451299],[-130.83468089668915,54.44763978455486],[-130.8314950024192,54.447095790424264],[-130.82856879884056,54.448604004148905],[-130.824147295951,54.4490754120864],[-130.81934230447274,54.45062211182773],[-130.81900059223062,54.452668712044414],[-130.8132723929215,54.45215169151075],[-130.8093876823911,54.45469960246777],[-130.80804890251528,54.45998769670347],[-130.80603860848893,54.46200438954908],[-130.79991282205248,54.463776106028256],[-130.7959779105104,54.46658609486289],[-130.79599780941726,54.47054970687442],[-130.79262299543873,54.472442399312705],[-130.78883021615397,54.47319869882541],[-130.78853670237135,54.47887558401032],[-130.78938207579222,54.48021999955661],[-130.7867688881056,54.483287809028596],[-130.78430889675266,54.48455530347054],[-130.78595027855593,54.488612893168444],[-130.79156219507112,54.490542686159195],[-130.79044750226004,54.49184440130991],[-130.78976949604407,54.49684338506016],[-130.79827320672985,54.493589090392106],[-130.80073808333987,54.49520699860303],[-130.8038128913483,54.49349791060016],[-130.80861989789463,54.49217630700638]]],[[[-131.08643389541524,54.625977906166405],[-131.09270990958586,54.62266089072216],[-131.08956629639135,54.621770815565945],[-131.08418697798936,54.62323909540927],[-131.07980399312115,54.62202000953738],[-131.08467671270878,54.61887960454831],[-131.08706117835277,54.61917159982817],[-131.09197199362083,54.61612950823942],[-131.0930068909009,54.6142595079081],[-131.08963720501785,54.609895690644684],[-131.09377218159773,54.608062791192935],[-131.0915910865979,54.606319504109706],[-131.0949319051682,54.604401102520264],[-131.09642999189006,54.59862311246354],[-131.09362950019067,54.596261798001464],[-131.0970380010516,54.59510670148452],[-131.10016759975994,54.592732584673875],[-131.09866979531353,54.59099649942849],[-131.10035250415115,54.58759690256617],[-131.09723249985882,54.58530529209213],[-131.09853131606715,54.58289979358775],[-131.09653460160877,54.58169499410921],[-131.09072681841386,54.58341250504074],[-131.08992880881118,54.58926039724288],[-131.08766590075476,54.59286790222515],[-131.08303630233917,54.5861697826079],[-131.07938392284942,54.58523549981883],[-131.08140161682994,54.582324496124194],[-131.07680020586062,54.58072218741591],[-131.07166148685465,54.58402918894087],[-131.07241709683714,54.58521129042291],[-131.07056007646528,54.588578200564434],[-131.07236818120518,54.59094659434359],[-131.06757798608734,54.59140660925475],[-131.0606657793296,54.59770019256645],[-131.0560649846804,54.599459093784986],[-131.05331989687673,54.606140107757156],[-131.04633931230853,54.608072697941545],[-131.04562820117258,54.60963080570923],[-131.04716559223496,54.61464831146914],[-131.05184219730668,54.61707661319777],[-131.0538418994722,54.62020701016373],[-131.05115662283663,54.62102589743307],[-131.05098709806308,54.623186395254955],[-131.0546184049878,54.62362788585899],[-131.05718917507036,54.6220655942656],[-131.06012057246886,54.624307297080094],[-131.0646989101598,54.62167678551639],[-131.06888119120782,54.621685295822324],[-131.06950919468758,54.623679194992995],[-131.07272987277454,54.62518889683879],[-131.07783742376674,54.62479580208098],[-131.0823613005623,54.62629980171533],[-131.08643389541524,54.625977906166405]]],[[[-130.43873279779217,54.655594311418454],[-130.4423056198444,54.654536092757034],[-130.4349183890662,54.64989609995333],[-130.4351862088961,54.6464679848916],[-130.43030150759276,54.64286760366965],[-130.41827481182725,54.63923440614158],[-130.41620488976628,54.637263305980106],[-130.41034648826525,54.636774788782716],[-130.40453679313853,54.63497319149077],[-130.39939987781594,54.63200370156571],[-130.39524679885713,54.63064929024676],[-130.39370261784163,54.63487349438036],[-130.39098381600888,54.63959619290987],[-130.3899680078713,54.64348999388559],[-130.3919886002795,54.6450039010229],[-130.39322379711993,54.655316602435626],[-130.394937887334,54.65867628990128],[-130.39242160904342,54.66404420052366],[-130.3913972130287,54.668541787601264],[-130.39446989451727,54.66992611142579],[-130.4000497801762,54.66762319192406],[-130.4049656923392,54.66310849088638],[-130.4097997180887,54.66216279358725],[-130.41353621700057,54.65902669550471],[-130.41791658816285,54.65973170250969],[-130.42344709140855,54.65823768941087],[-130.42693200180895,54.655527405031684],[-130.43095660758152,54.65713249127002],[-130.43491059685573,54.65712249434487],[-130.43873279779217,54.655594311418454]]],[[[-130.47996851599237,54.5672848028395],[-130.4832753022648,54.56592328612909],[-130.4848173147241,54.560672203329034],[-130.48412798343583,54.5591710968576],[-130.4865116229871,54.554153601873075],[-130.4895838173112,54.55485290790665],[-130.49092837278613,54.55100749572333],[-130.49094140514418,54.5470881127877],[-130.4856737875571,54.54087999193062],[-130.48642059706654,54.5384616997116],[-130.48533991409587,54.53549929496123],[-130.48747359432363,54.5338286911716],[-130.48262578664261,54.52796519748799],[-130.48017870947706,54.52656520734548],[-130.47493078362942,54.5254528989742],[-130.46966247919028,54.52205620347131],[-130.4651735823504,54.5217956000918],[-130.4611888935128,54.52445170920558],[-130.4623792049613,54.52749239492394],[-130.46022579840647,54.53253409343291],[-130.45501912531276,54.541737301792665],[-130.4593035257702,54.54696130227957],[-130.4673962781271,54.55143899420915],[-130.47022731143986,54.5544967920329],[-130.4732284100386,54.55928639434134],[-130.47521302347894,54.559837601301524],[-130.47570280920527,54.56312178503699],[-130.47996851599237,54.5672848028395]]],[[[-130.96754818380913,54.49010690590708],[-130.96880150782204,54.48987048741688],[-130.97305429124512,54.48456960784621],[-130.9716801229201,54.4829302978783],[-130.96751980813113,54.482134209608525],[-130.97100248521613,54.479758600636444],[-130.96784199838737,54.47533360519235],[-130.96778321514887,54.47283549634881],[-130.97126659242426,54.47276149214452],[-130.971209793926,54.47062231091666],[-130.97357628847055,54.46844469127641],[-130.97284010141726,54.46568738557511],[-130.96618420575533,54.45913601005568],[-130.95754029971056,54.457774485944284],[-130.95352608733,54.459332600360575],[-130.95189377776967,54.46492259449028],[-130.95333960983913,54.4699870894609],[-130.9590473924783,54.47088289786604],[-130.9576208820102,54.47268600372936],[-130.95852770355356,54.478432694537474],[-130.96278931942834,54.48168129344294],[-130.95994440310054,54.48512500128495],[-130.9641070815881,54.48597379865089],[-130.96754818380913,54.49010690590708]]],[[[-130.79178257882108,54.41930519725276],[-130.79440490976103,54.419669806408834],[-130.79826928388866,54.41639410498856],[-130.79754857640165,54.415425594118325],[-130.80420462848957,54.41187510127263],[-130.80176939115717,54.41014890916436],[-130.7948996934958,54.410180303117116],[-130.79085650351428,54.41290899104089],[-130.78606839654788,54.41440020929115],[-130.78862552146992,54.41618760240263],[-130.7861979975773,54.418120204002534],[-130.7802665063997,54.41285070680292],[-130.7749127125991,54.413737893069516],[-130.7731927954046,54.41568630218081],[-130.77636080459143,54.416960887993525],[-130.777173795557,54.42042890978494],[-130.7820969966572,54.42129910622344],[-130.79178257882108,54.41930519725276]]],[[[-130.4949740749822,54.3320039963811],[-130.50074310449062,54.33328999726741],[-130.50287891614445,54.33701149832413],[-130.50803069218546,54.33949109001118],[-130.50966561191092,54.33837309387159],[-130.51019510217958,54.33352219552002],[-130.51184010878546,54.32975370111921],[-130.51198151948782,54.325221898941386],[-130.5134416004992,54.32016881439188],[-130.50941319438238,54.32014739664914],[-130.50271831130905,54.32420500948723],[-130.50082301605454,54.32788660705635],[-130.4949740749822,54.3320039963811]]],[[[-130.44739398679198,54.64810300364021],[-130.45410908220228,54.64386030538713],[-130.4545391126203,54.642031593662885],[-130.44878817375948,54.64193899550428],[-130.44800160957615,54.640294089944994],[-130.45223690443882,54.63611830768638],[-130.45228759436776,54.63448178975247],[-130.44755947901882,54.633135999562015],[-130.43737921927786,54.6357195017436],[-130.4332797867763,54.63901368997761],[-130.4385141010552,54.64325641095111],[-130.44368128984567,54.644813105537644],[-130.44519709555343,54.647759795777574],[-130.44739398679198,54.64810300364021]]],[[[-130.77007419766102,54.505267611384575],[-130.7721423934517,54.50131829388135],[-130.77542249359993,54.49790020431411],[-130.77536280063842,54.49262491072656],[-130.76985092760327,54.48941619955518],[-130.76703159935587,54.493141888728665],[-130.76155592170738,54.495406399149275],[-130.76232588708217,54.49825340065278],[-130.76186778282832,54.505163601254374],[-130.77007419766102,54.505267611384575]]],[[[-130.81623838494778,54.38952779362163],[-130.81652971402775,54.38705108982756],[-130.81853039769283,54.384971812887265],[-130.81434491193681,54.38395629298257],[-130.81250997971887,54.380774591673706],[-130.80774967639445,54.380019800770825],[-130.80722929785486,54.38290380632723],[-130.80389410819635,54.38377119621611],[-130.80000608346668,54.38323570751952],[-130.79782649160606,54.3851839927431],[-130.79826519193378,54.38851091221892],[-130.80400638949075,54.391248298789996],[-130.80292070161627,54.39457238500125],[-130.80920659977434,54.39321940581205],[-130.8108739931193,54.39117278603148],[-130.81623838494778,54.38952779362163]]],[[[-130.98693750870484,54.46169108976843],[-130.9907944897998,54.4600987989836],[-130.9922061092189,54.4539006995669],[-130.98890099042376,54.453504695164085],[-130.986206302565,54.450736108287394],[-130.98148852260996,54.45048110497885],[-130.97701550031832,54.45467110809448],[-130.97975790013174,54.45585751015222],[-130.9803618044962,54.45780730251629],[-130.98420907635042,54.46080949659272],[-130.98693750870484,54.46169108976843]]],[[[-130.70171880514943,54.42365468928807],[-130.7078723238811,54.41964840047329],[-130.70281459605212,54.41399430281972],[-130.69972751663494,54.41277949946569],[-130.69516868464277,54.412501692155224],[-130.69243427544762,54.41345740008099],[-130.6915215862519,54.41709199813623],[-130.6961546066703,54.41841078935644],[-130.69512688789857,54.42079919830567],[-130.69933469140176,54.42414610544511],[-130.70171880514943,54.42365468928807]]],[[[-130.48674180401517,54.427729429024204],[-130.4773313856259,54.427714896053935],[-130.47816846222088,54.441667305152095],[-130.48046405178232,54.441613120690725],[-130.48376777272247,54.43881539512385],[-130.48644888779393,54.4323921907297],[-130.48932409802174,54.42918350783449],[-130.48674180401517,54.427729429024204]]],[[[-130.8323496973757,54.50076281083403],[-130.83647300496216,54.50110459522247],[-130.83960169671414,54.50023870221154],[-130.84293508566526,54.49743729565477],[-130.84302140810112,54.49492929048233],[-130.83467600519893,54.49270038193793],[-130.8289157108595,54.49613129051609],[-130.82887227556145,54.4989540973102],[-130.8323496973757,54.50076281083403]]],[[[-130.40752820531662,54.21311530556679],[-130.404892675509,54.21045769551102],[-130.4014580054928,54.210470490806465],[-130.39472830230275,54.20648700440073],[-130.39056788433606,54.20673199095379],[-130.38878360632248,54.20889249093859],[-130.39523097390503,54.21363509565523],[-130.3987622887356,54.2137746896299],[-130.40348199180883,54.21276630192522],[-130.40752820531662,54.21311530556679]]],[[[-130.4011694207569,54.467984060928664],[-130.3912378368608,54.468820644741136],[-130.39268294810117,54.47565510109975],[-130.4042658512855,54.47491944825906],[-130.40391057083866,54.46899993608417],[-130.40152350689118,54.471076592796244],[-130.39732818779552,54.4702077986714],[-130.4011694207569,54.467984060928664]]],[[[-130.45371859928395,54.60032791269079],[-130.4559105051426,54.60235031045274],[-130.46119329505316,54.59720028652184],[-130.46284802246728,54.596784503816764],[-130.4653028235349,54.59137099706301],[-130.45996261915073,54.59053649483237],[-130.45943578838921,54.59226829999655],[-130.45320499296386,54.59892359025412],[-130.45371859928395,54.60032791269079]]],[[[-130.41350138808585,54.21245159083992],[-130.41785252086993,54.2109718052914],[-130.4184748182243,54.20853789997392],[-130.41706131224436,54.20446459356158],[-130.41203658192532,54.20412710338608],[-130.41022260887317,54.20581189678902],[-130.4104708953086,54.20902639906873],[-130.40801468206956,54.211644105936664],[-130.41099240799676,54.213083908967675],[-130.41350138808585,54.21245159083992]]],[[[-130.7368198802995,54.45651119982068],[-130.7400069063712,54.45450591059549],[-130.7398360806066,54.45085849781298],[-130.74178629463336,54.44848439393536],[-130.73641990515486,54.44702461282317],[-130.73497301569472,54.44928340284969],[-130.732006500553,54.449928506073675],[-130.73323170743961,54.454441804280854],[-130.7368198802995,54.45651119982068]]],[[[-130.86578158447142,54.450462601976554],[-130.87038879265594,54.451389811970635],[-130.87061449761507,54.4492463092682],[-130.86880169946247,54.446362314693765],[-130.86374230389612,54.44121811180106],[-130.8621202012157,54.442887207433174],[-130.8623059938276,54.44902419202522],[-130.86578158447142,54.450462601976554]]],[[[-130.85856950405838,54.4727756844861],[-130.8620123820278,54.47243529197319],[-130.86154558278534,54.46997999044173],[-130.86526100881224,54.46887049712032],[-130.85666927582793,54.46694499413208],[-130.85400070619383,54.469673797716034],[-130.85570819356636,54.47264890120534],[-130.85856950405838,54.4727756844861]]],[[[-130.84745530877038,54.48950299147097],[-130.85043449532944,54.488765293695465],[-130.8450405916293,54.48558499837231],[-130.83799289406232,54.48437160133887],[-130.83945740725193,54.48948171114545],[-130.8445055049483,54.49049290672708],[-130.84745530877038,54.48950299147097]]],[[[-130.8918631167727,54.43773300548071],[-130.8936055823406,54.43971980028253],[-130.89811329782913,54.440125700664936],[-130.89830800752244,54.43567219349235],[-130.89581868608403,54.433887693210345],[-130.88922029447326,54.434538497266466],[-130.88837310314094,54.43594558505708],[-130.8918631167727,54.43773300548071]]],[[[-130.83135740266513,54.38769061051183],[-130.8341541004175,54.385454593812426],[-130.83218950978818,54.383534691952384],[-130.83269378616268,54.38104519540052],[-130.8305531958928,54.379622406571684],[-130.82692281042068,54.381133503989396],[-130.82741117940216,54.38345359836377],[-130.82480701426758,54.38409588980291],[-130.8280195001421,54.38671639871526],[-130.83135740266513,54.38769061051183]]],[[[-130.8675223801252,54.43923560528674],[-130.86823782221418,54.437678902740494],[-130.86537709322752,54.434441694033445],[-130.86010929886268,54.433552991172796],[-130.85607441897812,54.43504410680073],[-130.85823951571552,54.43787830135358],[-130.8640661929501,54.439890695583706],[-130.8675223801252,54.43923560528674]]],[[[-130.46111140161997,54.490243605236444],[-130.45994838838752,54.49361049756631],[-130.46257428425977,54.49834170214736],[-130.46563568665735,54.49930300565327],[-130.4676646934831,54.49562859036531],[-130.46111140161997,54.490243605236444]]],[[[-130.8061882098824,54.40617249234382],[-130.8093598814296,54.405406296557395],[-130.80829318315045,54.40358050071027],[-130.8011476061643,54.40226588173671],[-130.79577569677284,54.40453039678531],[-130.7992335190075,54.40573819324677],[-130.8061882098824,54.40617249234382]]],[[[-130.75891900464592,54.48580858945455],[-130.76025158328324,54.48158299496458],[-130.7548383842638,54.48101469710222],[-130.75335548061716,54.48383179976402],[-130.75552787452125,54.486640400146314],[-130.75891900464592,54.48580858945455]]],[[[-130.7142937794479,54.43354300213879],[-130.71883108121517,54.432140195703255],[-130.71904230640135,54.430932403139806],[-130.71291011053071,54.42993118907686],[-130.70754952634334,54.43337920396812],[-130.7142937794479,54.43354300213879]]],[[[-130.83310980169864,54.397264108078716],[-130.83668869227495,54.39394709457558],[-130.82918909400266,54.39086941538089],[-130.82857318614407,54.39366510970997],[-130.83310980169864,54.397264108078716]]],[[[-130.8070837889879,54.415337302365565],[-130.81368729165655,54.41167850080131],[-130.81146720073426,54.41059760023806],[-130.80624210800406,54.41339900420827],[-130.80189188468972,54.41432760196675],[-130.8021809053677,54.415995292227],[-130.8070837889879,54.415337302365565]]],[[[-130.8482217014406,54.42020671162171],[-130.85082649820038,54.41954589434886],[-130.85099788352343,54.41681989171857],[-130.84818248762485,54.415236196815655],[-130.84475551369647,54.416844093179584],[-130.8442996266459,54.420059999457145],[-130.8482217014406,54.42020671162171]]],[[[-130.82300118871177,54.52008650965085],[-130.82537559996376,54.518925807701606],[-130.82296518432057,54.51649040569921],[-130.8187385105715,54.517013103161844],[-130.81735171249292,54.51952389501696],[-130.82300118871177,54.52008650965085]]],[[[-130.60814521032165,54.29543028548766],[-130.6179701120072,54.29635889356203],[-130.6166939979532,54.293984704462915],[-130.61242829630467,54.29375540691974],[-130.60814521032165,54.29543028548766]]],[[[-130.72992780575643,54.452205792763415],[-130.7341125076347,54.44756998517261],[-130.73179380450324,54.445940685481226],[-130.72824519530317,54.44776230855085],[-130.72992780575643,54.452205792763415]]],[[[-130.9700263002246,54.4527085883319],[-130.97213090640471,54.451884007447944],[-130.97153491523167,54.44943859782508],[-130.96749702282105,54.44951409846942],[-130.96694389521608,54.4517971036582],[-130.9700263002246,54.4527085883319]]],[[[-130.9243079026679,54.40680199140507],[-130.92147751887322,54.40260489484287],[-130.91732841626148,54.40446779840439],[-130.91984019858205,54.40646878655877],[-130.9243079026679,54.40680199140507]]],[[[-130.8167432001572,54.41631580119196],[-130.8208897946216,54.414572501372625],[-130.81750859788602,54.41270818744515],[-130.8149158983918,54.4146808053647],[-130.8167432001572,54.41631580119196]]],[[[-130.45743589959426,54.325110811473714],[-130.45945699234102,54.32491571374071],[-130.46232699439207,54.32128538984871],[-130.4542522949081,54.32380059024386],[-130.45743589959426,54.325110811473714]]],[[[-130.74611069407803,54.464548011291804],[-130.74834212115607,54.46223230561141],[-130.74398379321642,54.46133358742257],[-130.7428410855691,54.46455090968047],[-130.74611069407803,54.464548011291804]]],[[[-130.81724560967336,54.51433840023853],[-130.81888570061244,54.51440391315358],[-130.822573172572,54.5114813949366],[-130.81919840486074,54.51066960414025],[-130.81724560967336,54.51433840023853]]],[[[-130.98041147996182,54.50071010291159],[-130.9820416049955,54.498949792210794],[-130.97569530300393,54.498639287644664],[-130.9751855961861,54.49995959126403],[-130.98041147996182,54.50071010291159]]],[[[-130.7755358895354,54.358655206205256],[-130.7781658035908,54.35754578312532],[-130.7774075113523,54.35456490900072],[-130.7747468953159,54.35463041151428],[-130.7755358895354,54.358655206205256]]],[[[-130.9355562846328,54.62043060241307],[-130.93772360630578,54.62005459249773],[-130.93911149357584,54.61734431290421],[-130.93546441393167,54.61719620245289],[-130.9355562846328,54.62043060241307]]]]}},{"type":"Feature","properties":{"shapeName":"Kootenay Boundary E / West Bo*","shapeISO":"","shapeID":"43193130B95651081318383","shapeGroup":"CAN","shapeType":"ADM3"},"geometry":{"type":"Polygon","coordinates":[[[-119.29492322387809,49.0000476563528],[-119.25000000110226,49.000000006470664],[-119.18539071066063,49.000061957839655],[-119.08340303242318,49.00007186412509],[-119.0084817408408,49.00001059924032],[-118.96408924747426,49.00019442903281],[-118.94675034657843,49.0001361140889],[-118.85032752486282,49.00018766839351],[-118.85014811171226,49.003443403307934],[-118.83373498342381,49.00309487661996],[-118.83370501506789,49.0096663599493],[-118.83970798570837,49.00870190835818],[-118.8445343733802,49.01173707707728],[-118.84423276713758,49.018444132302434],[-118.78593269633087,49.01838047891027],[-118.78594780692661,49.017812977488205],[-118.77270011704182,49.017902712006745],[-118.77259157770449,49.01529509764885],[-118.75639235907417,49.015246965427174],[-118.75581121201266,49.00782102759383],[-118.75035877715754,49.007756549762014],[-118.74992589674162,49.00019082671641],[-118.68033373339912,49.00017011254834],[-118.61173799148243,49.00018635216588],[-118.59107831311084,49.000074866241356],[-118.59927618481387,49.005017430001615],[-118.60754792530811,49.01063638128021],[-118.61141633145273,49.01569218529618],[-118.62110292923252,49.02005086311141],[-118.62111189548567,49.0228920579514],[-118.6186813296246,49.02560677697197],[-118.614456394331,49.02835700380954],[-118.61191326078435,49.034166078314826],[-118.60360108947924,49.03451486106758],[-118.60359236729221,49.041360182463585],[-118.6250104958821,49.04148465685024],[-118.62515906172848,49.03796762434941],[-118.63114926612455,49.038053091646084],[-118.63101355864538,49.05871914303979],[-118.63068552037547,49.07106331115755],[-118.61429742660167,49.07122698088841],[-118.61444862942844,49.07823370296571],[-118.6307119912396,49.078148557168014],[-118.63134713052496,49.101067125934],[-118.63134438424986,49.12574948405697],[-118.62269960798757,49.12585024743916],[-118.6227290550188,49.12856453696793],[-118.59117173643914,49.12894008275908],[-118.59140259462698,49.13630160092433],[-118.56865808520712,49.13645587772213],[-118.56837338625947,49.14362623985239],[-118.56328454882976,49.14388375764206],[-118.56360583314712,49.16703280999863],[-118.56463612408332,49.17554423885774],[-118.59220781906046,49.175687339940275],[-118.5822961140992,49.18357232641548],[-118.58261318996408,49.18737546965197],[-118.59348744885331,49.18704107069336],[-118.6002106972646,49.183776606093865],[-118.60298660178725,49.19329324800598],[-118.61527223887768,49.20563442563324],[-118.61696004671494,49.209746570646544],[-118.62177266258801,49.214742768852204],[-118.62242298103642,49.218295386911436],[-118.62015751485052,49.222413927467564],[-118.61744287707005,49.22522405974505],[-118.61372661198426,49.22688722166752],[-118.61109248000177,49.231113170051685],[-118.60390220593565,49.233503654898016],[-118.59965379196761,49.23632934139782],[-118.5961162131124,49.24441751318939],[-118.59596812394628,49.24906733119574],[-118.59282109130952,49.25157048510403],[-118.59189950884242,49.25443101697083],[-118.59491047165675,49.260172829663865],[-118.5937235784164,49.2629669956739],[-118.58754918759726,49.26880144954693],[-118.58903092351309,49.27455879582647],[-118.5874735148443,49.28703474852049],[-118.58750787453724,49.29163164216479],[-118.58636111890917,49.2938380603265],[-118.58925456198548,49.29616020734448],[-118.59224961026123,49.29701259772855],[-118.59440953997274,49.299549127940935],[-118.59334451949331,49.301875859935485],[-118.59833553288607,49.302432500282244],[-118.60897789197261,49.30968962488685],[-118.60909875949612,49.31181434381491],[-118.61113726331563,49.31611479157634],[-118.61323749351817,49.31694084023896],[-118.61294907516947,49.319761215208025],[-118.61523355156693,49.32312593042059],[-118.61731155679439,49.33202388539012],[-118.61405732250714,49.334702371682624],[-118.6154634776581,49.34034051643039],[-118.63189772149991,49.3452577590831],[-118.63477575207529,49.34657677141321],[-118.63969844167434,49.352195920998895],[-118.64158909324895,49.35805154365672],[-118.64133466794966,49.36701966582676],[-118.65591571578052,49.37472040005819],[-118.66894335314682,49.37414382992343],[-118.68026604760482,49.36802711100465],[-118.68900777655959,49.36527892436865],[-118.69955730833081,49.37177705674773],[-118.70220397162186,49.372021782457566],[-118.70597155505068,49.374586858012535],[-118.71016327036094,49.374561609327245],[-118.71594698548537,49.3768394655794],[-118.709451702306,49.38342994118734],[-118.71048914976394,49.386782215212385],[-118.71713597386947,49.40060870892358],[-118.71409838512457,49.40538752366941],[-118.70497998733518,49.416196473975404],[-118.71277128540164,49.42636098680162],[-118.70845036303291,49.432041576159435],[-118.71188912683765,49.43418028292154],[-118.71393340113435,49.438160117677484],[-118.71239730445672,49.44890014570654],[-118.71084905090324,49.45020435812612],[-118.70580522462855,49.45143350602935],[-118.70408762717616,49.453788304614186],[-118.69640711949356,49.45555211912122],[-118.68831702736344,49.45671696076247],[-118.68740575934976,49.45798070439357],[-118.68981031193985,49.4631431319781],[-118.68628342713295,49.4690222872121],[-118.67967833764801,49.47105518182907],[-118.68466837793885,49.47288092178439],[-118.68502177176997,49.47535186572768],[-118.68739703795963,49.47852070271042],[-118.6923235723415,49.47863868382915],[-118.69576096373005,49.482068985605814],[-118.69971131204132,49.48463155444278],[-118.69896309611633,49.486134620898085],[-118.7017605371994,49.49089660071253],[-118.6958530753534,49.499464928241444],[-118.6918338522397,49.504627531547456],[-118.69296382530776,49.50758820421818],[-118.69211827520813,49.51155060742741],[-118.6926718542211,49.514964989937525],[-118.68703365182121,49.51325844639834],[-118.68254766604801,49.51353300735018],[-118.67397070760104,49.517563094225885],[-118.67061848089304,49.51722395022407],[-118.66592669428243,49.519138310058196],[-118.66606642746444,49.52731888919644],[-118.66021461625789,49.53013795734216],[-118.6548357502415,49.530089174094336],[-118.6541623771662,49.53528747257834],[-118.65692968996406,49.53805725594284],[-118.65855934001924,49.54273225279418],[-118.65311849433706,49.54356440420865],[-118.64798642652895,49.54646346607043],[-118.64481813326752,49.552236350161316],[-118.64468206812572,49.55399123242533],[-118.64034572716,49.558380871213885],[-118.63680412577563,49.560681597554165],[-118.62887774647528,49.56178876944965],[-118.62278555061161,49.55846885292193],[-118.62009698149329,49.56267137989019],[-118.622313812807,49.56789089374749],[-118.61810018283725,49.577679206470044],[-118.61229266236631,49.57911616824043],[-118.61101792672176,49.581483654722895],[-118.60998971092373,49.58649680535764],[-118.60567669016383,49.589301797242946],[-118.60842571116608,49.59465378864235],[-118.60324426571577,49.59425489710746],[-118.60135932100464,49.592185641186056],[-118.59583462640822,49.59000447684978],[-118.5941850685628,49.586994712930135],[-118.58948369021837,49.587611916746695],[-118.58638271929162,49.591215712596544],[-118.58643029388891,49.59520404611172],[-118.58814602319978,49.59871082649036],[-118.58852978118072,49.601887805589556],[-118.58356450890653,49.60602239501221],[-118.5878406778797,49.61264838871435],[-118.59406398854465,49.616273613200846],[-118.5936815075964,49.617670034614285],[-118.58869923895627,49.62080619749349],[-118.59090504452934,49.62731769489477],[-118.57887115628351,49.63317458469905],[-118.57928849118979,49.63636123090382],[-118.5810783044351,49.63829636537764],[-118.58217183820034,49.6419494432222],[-118.57965008879019,49.647590849637176],[-118.58587330136487,49.65141734618382],[-118.58575350110593,49.65636149302708],[-118.5764765070908,49.659924253614754],[-118.57234395505323,49.662279725783456],[-118.56799548897808,49.66238926145761],[-118.56579045391919,49.66432874877658],[-118.56966885753984,49.66926866987932],[-118.57275845047666,49.67082823398927],[-118.57586080021028,49.67657081409848],[-118.5756512991172,49.67850872168224],[-118.56886272939282,49.67990353040322],[-118.56283724684957,49.68208620948403],[-118.55725193181952,49.68587235305449],[-118.57062567580365,49.69485091264763],[-118.57242883026215,49.69808296722463],[-118.56869155105002,49.70422083607211],[-118.56022378543301,49.707688573767655],[-118.55587834056085,49.71407384314344],[-118.5452807637303,49.719600340692146],[-118.53973526518048,49.729868853754844],[-118.5371275481032,49.73380007203743],[-118.53168036259746,49.73812011540529],[-118.52746826018262,49.73876284958781],[-118.52181548717508,49.73794773264194],[-118.50962803194038,49.7385902937323],[-118.50541555403385,49.73923210602477],[-118.50371958047747,49.75026002692245],[-118.50096791815345,49.75495252396314],[-118.49803363066879,49.756810948186285],[-118.49675425718226,49.75977876240243],[-118.49684613183466,49.764082982427205],[-118.49802316653883,49.76995096451356],[-118.49705823764164,49.7736941985273],[-118.50359672384776,49.77570870669961],[-118.50874003525422,49.77538348540008],[-118.51003112410817,49.77659924724779],[-118.51199038181568,49.78166480346579],[-118.5108224463283,49.78575599367265],[-118.51232701834246,49.79080857652618],[-118.51277335508713,49.79530026878306],[-118.5102058118517,49.799940162498935],[-118.50801688302695,49.80576992643909],[-118.51023783038335,49.80960585602681],[-118.51021317089373,49.81255700557591],[-118.55439816461211,49.81265875343093],[-118.59782074391318,49.812552422126764],[-118.67187910831058,49.812710186104894],[-118.70391878476488,49.81276228216851],[-118.77506721142173,49.81273175334658],[-118.86386052634084,49.81260851939217],[-118.98063084532734,49.812274689603434],[-119.0506263813311,49.81222259769079],[-119.05568075158226,49.81232225443944],[-119.05842152588069,49.80734517270941],[-119.06549876814765,49.798213740397486],[-119.08553121550847,49.79909352958922],[-119.09963882454448,49.7932236467912],[-119.11034072111308,49.7923227961593],[-119.11572153002437,49.7909471890578],[-119.12205800780787,49.79555021494641],[-119.13361191244844,49.799346348737586],[-119.15385029061883,49.79951502726713],[-119.1516784891057,49.79265427719715],[-119.15237193127848,49.7700612167562],[-119.1527306627348,49.76400540363858],[-119.16401273869934,49.7638630655739],[-119.16374501976935,49.75783022452482],[-119.18535483300586,49.758227125824476],[-119.19885671173152,49.75468286271243],[-119.20205610432932,49.75325313661803],[-119.1984062245664,49.74695612634276],[-119.19977976831677,49.74213790970073],[-119.20686180363603,49.737254060144814],[-119.22018079490189,49.73924047801378],[-119.2285542908894,49.735152846391024],[-119.23881015984225,49.73899296046217],[-119.25139993480265,49.74108727074368],[-119.262936559986,49.74478184408235],[-119.2691172485503,49.73931872346346],[-119.2718200072352,49.730213981986545],[-119.2865881524506,49.72630979880756],[-119.29568007081207,49.715192936125646],[-119.31146319645259,49.70572224790423],[-119.32308583381395,49.698129647164464],[-119.32586646977448,49.69706527597879],[-119.33182337918988,49.698454729016625],[-119.33989836836017,49.6948853211318],[-119.34276395682002,49.6949320926161],[-119.3478463990495,49.693645319232644],[-119.34793019334036,49.692267796594756],[-119.36156730245679,49.68668193548524],[-119.36844830037738,49.68149558159293],[-119.36927073297039,49.67967362597976],[-119.37276599815208,49.67864725952842],[-119.37590573759559,49.67903282661195],[-119.37192342696932,49.672004561506895],[-119.37180837365823,49.66301335258247],[-119.37218643080985,49.65904242276553],[-119.3736729261107,49.65583119531851],[-119.37282873473102,49.65404615887264],[-119.36710885300577,49.650806636987475],[-119.35962282073301,49.645298971598784],[-119.35035563850903,49.63608688058345],[-119.34986239614673,49.63424236435704],[-119.35210657719061,49.626471766959035],[-119.35518629948973,49.62088929135587],[-119.3586455999194,49.617886196698564],[-119.35813095250109,49.61622047857442],[-119.35087092790259,49.609333305435094],[-119.34985776086693,49.606652446130546],[-119.35357091111915,49.6030638025289],[-119.36316744828973,49.59705389453695],[-119.36140592325751,49.59379664825791],[-119.35464488696326,49.594221377219334],[-119.34978943485704,49.59385665773527],[-119.34810427370184,49.59290597444862],[-119.34830840473408,49.587531215222214],[-119.34636141025872,49.58196459393244],[-119.34151135979697,49.57593133370843],[-119.33683726442516,49.570976236039286],[-119.3359338811787,49.56799774468585],[-119.33844828626268,49.5629212446866],[-119.33925339144936,49.55842355793514],[-119.33842210261892,49.55679495655442],[-119.33338870107309,49.55603981468081],[-119.33205029644593,49.54792208027681],[-119.32788264540122,49.53913383615054],[-119.32257603230269,49.53516574941351],[-119.32178017397823,49.53046033575965],[-119.31454105855447,49.53165057032935],[-119.31122133401236,49.530772887547684],[-119.30868288661102,49.52597470888259],[-119.30340028640589,49.52344612461299],[-119.3020749189556,49.52174946368834],[-119.30400304520978,49.51194216428667],[-119.30531370235725,49.50924476811772],[-119.30989495007427,49.505040201420435],[-119.30263163222595,49.50501046881973],[-119.30079731602976,49.50364479640971],[-119.30044050883548,49.473739828243495],[-119.30052606450623,49.41890170878665],[-119.30035751783447,49.38570747223305],[-119.2929474138955,49.38254856728493],[-119.28679369622479,49.38385938415983],[-119.2829952429299,49.3873578010984],[-119.27694901246801,49.38650848490612],[-119.26959828376837,49.38368527985339],[-119.26206870596361,49.382274871760885],[-119.25138760356091,49.368769041209426],[-119.251907494521,49.36611860936571],[-119.2572934146415,49.360570020890634],[-119.25831213970632,49.358587368214955],[-119.26043704322065,49.35031447243784],[-119.25694404351316,49.34639225127867],[-119.25033405721597,49.34392383459759],[-119.2363936069357,49.34141023181133],[-119.2315489592169,49.341594869173456],[-119.22622531931931,49.34291533301525],[-119.22224399663641,49.34301789629778],[-119.21314289614479,49.34603018653675],[-119.20689783650721,49.344032664924924],[-119.20259313548156,49.341948284787094],[-119.20201487362681,49.339316382667484],[-119.20813379056209,49.326740172777264],[-119.20577689398145,49.323929636263834],[-119.18687274022582,49.31676429022603],[-119.17737997364421,49.312289168187895],[-119.1750375596625,49.310027880432884],[-119.17553225981787,49.30845489926393],[-119.18681645614497,49.29824745001106],[-119.18935542188038,49.29675711423578],[-119.20281321740907,49.29119226683391],[-119.21335095276088,49.285699923708464],[-119.22057974455076,49.276099629519],[-119.22268233838604,49.26964807929425],[-119.22512079308413,49.265109221624265],[-119.22866686348185,49.26305112841658],[-119.2329052071384,49.25532241095733],[-119.23084414274885,49.24694120676043],[-119.23738440014556,49.23894486269479],[-119.22844704962128,49.23313412045908],[-119.21997849700686,49.228980381585814],[-119.21291230835641,49.222443651143294],[-119.19593948487038,49.21598963658895],[-119.18692210485956,49.21696540910305],[-119.18047355088764,49.21831507778093],[-119.17913883182051,49.2161580746329],[-119.17624291062472,49.21525213606583],[-119.18090776918304,49.21056327669661],[-119.1815604580511,49.207530199693586],[-119.18097923817491,49.2044377658293],[-119.18910883565589,49.198334262952386],[-119.19723521354814,49.199220290424094],[-119.21139568867251,49.197482879715594],[-119.21789840059117,49.193742673138914],[-119.22078899322766,49.18488752186645],[-119.2289270840108,49.183030943340384],[-119.23567305417438,49.179643057121375],[-119.24235217385565,49.16948219589425],[-119.25436304515983,49.16567133523537],[-119.25597402890301,49.16188682125806],[-119.2570691890423,49.156409705441355],[-119.2613283209886,49.152045696312946],[-119.2632912609158,49.14659622230424],[-119.26340374646449,49.140697490222685],[-119.275335294074,49.137751251156004],[-119.28458359211153,49.134842296698196],[-119.28498173819075,49.133477906304904],[-119.27962036685055,49.12763090038479],[-119.27626284691854,49.12283827936269],[-119.27176611996072,49.11809326617738],[-119.2704203807718,49.115655845393036],[-119.27146116166261,49.113920060508306],[-119.27710404705049,49.110380854609105],[-119.2768024307955,49.10713942121641],[-119.27347658844138,49.101124601861585],[-119.27761390322038,49.10004621301678],[-119.28803116109076,49.10055813438109],[-119.29245024099984,49.097555245460924],[-119.29177279730716,49.09306969479735],[-119.29021626514056,49.089265814721784],[-119.2911138388328,49.08756887585783],[-119.2974573387385,49.08641247982315],[-119.30037598291428,49.08178101220349],[-119.30182071645686,49.07325407023195],[-119.30202015036915,49.04905023651379],[-119.3015092087286,49.00807357321304],[-119.29516785512172,49.0079617753189],[-119.29492322387809,49.0000476563528]],[[-118.678484995867,49.108235971758255],[-118.67304584943193,49.10852381721944],[-118.67353658254366,49.0883023120489],[-118.67325047361052,49.0798389968123],[-118.68341219363425,49.079615919525324],[-118.68366550768305,49.084970173967086],[-118.68381109298137,49.10399058146487],[-118.68358030258617,49.10816769021112],[-118.678484995867,49.108235971758255]]]}},{"type":"Feature","properties":{"shapeName":"Chilliwack","shapeISO":"","shapeID":"43193130B95710397533315","shapeGroup":"CAN","shapeType":"ADM3"},"geometry":{"type":"Polygon","coordinates":[[[-121.79030699970298,49.110438826502026],[-121.7878306036932,49.12223688502766],[-121.79038097608934,49.15137868741518],[-121.78526979255616,49.151301996543495],[-121.78547045494197,49.15755093255231],[-121.79036848778786,49.15739323601558],[-121.79039232736429,49.16120751369156],[-121.78617947072513,49.16144488118723],[-121.78578710775761,49.1750651891957],[-121.78130128303101,49.17499408391601],[-121.78063183586953,49.178722929785906],[-121.78183385525848,49.180288539251045],[-121.78143531284532,49.18381256294244],[-121.78238830854256,49.187608507765376],[-121.7879139074039,49.18746874163284],[-121.78834967356394,49.200313627534705],[-121.79362889772675,49.203448644813385],[-121.7940357747211,49.20546821649364],[-121.78923278915502,49.20594344037641],[-121.78829624042821,49.20691396385822],[-121.79090279369392,49.20780109320075],[-121.79540998757894,49.21079029398517],[-121.80165889851662,49.2140371889141],[-121.80677461104908,49.214024897196694],[-121.81833147813487,49.21506179730321],[-121.82610830389002,49.216931801683856],[-121.83105349846828,49.219751105373426],[-121.83996920358031,49.22850211214531],[-121.84510449051085,49.22870430617201],[-121.84950808219254,49.2263183910082],[-121.85416878096306,49.22248620013453],[-121.86265198989236,49.22085409891564],[-121.8806382828179,49.22083730123141],[-121.89203201216472,49.22335109650994],[-121.90673261213327,49.223889091673215],[-121.91660270429459,49.223874290974535],[-121.9263905769077,49.225593397465715],[-121.93444829754753,49.22462660839406],[-121.93514918939091,49.22030290230526],[-121.9370724051702,49.21765248866897],[-121.94490492306335,49.215589675330065],[-121.94840209303666,49.215678892767144],[-121.96040121532363,49.212142206448654],[-121.96735790213151,49.2081628934438],[-121.96938986763654,49.20771060750554],[-121.97570021132523,49.20565490036214],[-121.98077279794833,49.20139650581556],[-121.98157229139838,49.19658271138996],[-121.98656241300039,49.193826905575],[-121.98837029089432,49.19158089080863],[-121.99554783360203,49.18586570500746],[-121.99883018532175,49.184498616644404],[-122.0085154079072,49.184861509699665],[-122.02168599548607,49.181426311235214],[-122.02606371421133,49.17783440596649],[-122.03204530322361,49.17153509028607],[-122.03469311053951,49.16962639242843],[-122.04072879324575,49.16367451579627],[-122.04551801170874,49.16058710746446],[-122.05008361303976,49.15619209876283],[-122.05471779879966,49.15310158853577],[-122.06052520661392,49.15180411129861],[-122.06458068821193,49.149195738069274],[-122.06738013094638,49.14956407539777],[-122.08443401991123,49.14899924773403],[-122.0972642890432,49.150177694876724],[-122.11293698960256,49.14860680784245],[-122.12479121039297,49.14517159364657],[-122.12390480594314,49.14151830807605],[-122.10860500212587,49.13957300275987],[-122.09932260905259,49.13956159102769],[-122.09657271459514,49.13875549744977],[-122.09499679037059,49.136753091803484],[-122.09552475165448,49.132931253442145],[-122.0989714159584,49.12699439531166],[-122.0971354955073,49.124141712430635],[-122.08012302770643,49.106025463425766],[-122.0804725035275,49.08818050901153],[-122.08034969513422,49.06035788864815],[-122.07495606095092,49.060362370216524],[-122.07262749505048,49.05794199998515],[-122.07290804980701,49.056154921965984],[-122.07256046379307,49.045517629488806],[-122.02865142662273,49.04566296693756],[-122.02901475949263,49.065442609515465],[-122.02895790998257,49.089317997609996],[-122.00692776481496,49.08916030229324],[-122.00740054021492,49.079904776202525],[-121.99778251999523,49.0798857231233],[-121.99629200883457,49.078221331043075],[-121.98508827670643,49.07829234814461],[-121.98501571448311,49.0820361264387],[-121.98136433876688,49.08211614303151],[-121.98114948406997,49.085701765795406],[-121.97945535967794,49.089159341601096],[-121.97242669895964,49.089185687044996],[-121.97317039272149,49.09304676742112],[-121.96822580742851,49.09276906741029],[-121.95294580090406,49.09264987538291],[-121.94126520811126,49.09305511525462],[-121.9408468144597,49.08984628645803],[-121.93030513823986,49.090369792993414],[-121.91497837206184,49.088492099776374],[-121.90775809776882,49.08853283134365],[-121.90802823543757,49.09193817276138],[-121.90471222170181,49.091906576207855],[-121.89979429405986,49.08985303510596],[-121.90094557431505,49.08861848227553],[-121.89495091489768,49.0879058322842],[-121.88688911266506,49.08772314556071],[-121.87698591250229,49.0888211745189],[-121.86371331736939,49.08760268609955],[-121.85303489971997,49.088434198173765],[-121.83686367028021,49.08838886544671],[-121.83696645829934,49.08077092871299],[-121.83129286343711,49.08074634361946],[-121.83097271766525,49.08498987559304],[-121.81775424172048,49.08510630167987],[-121.81801299065404,49.09179117017521],[-121.80797225248034,49.091503694519446],[-121.79117119794086,49.09161750826206],[-121.79030699970298,49.110438826502026]],[[-121.92951644451215,49.11401338786907],[-121.92956844024191,49.10888383945284],[-121.94067412973733,49.1088936059559],[-121.95838083605679,49.10147690477565],[-121.96019036587491,49.10344892515108],[-121.95501597735611,49.104591750459846],[-121.94775746749244,49.10807595701856],[-121.94348269138966,49.111291484404084],[-121.96199207771772,49.11128161334989],[-121.96232333406846,49.11840336746842],[-121.92945861879909,49.118489606526495],[-121.92951644451215,49.11401338786907]],[[-121.9406022774613,49.132386669091126],[-121.9453456022685,49.13514753884752],[-121.95240231982872,49.13525424297835],[-121.95310997569555,49.138101000193785],[-121.94809599512845,49.138098706840346],[-121.94617350735486,49.13978269419201],[-121.94178680273124,49.140444087694206],[-121.9411018428907,49.14189539280043],[-121.93726404426522,49.14205656789797],[-121.93475711632709,49.137657911733996],[-121.93523139833385,49.13532512199102],[-121.9320481319866,49.13481336289534],[-121.93497629070744,49.13188981485105],[-121.9406022774613,49.132386669091126]],[[-121.97299658730431,49.180649097211464],[-121.9732632009452,49.18718393720733],[-121.96787815415372,49.19002243492876],[-121.95918358052513,49.19325087989814],[-121.95521490300189,49.19246401895489],[-121.95320521110946,49.19081540520627],[-121.9539102618664,49.18843241584847],[-121.95940683446716,49.18682252322306],[-121.95837528500124,49.18388999892588],[-121.95954419249487,49.18217680771334],[-121.96407067175852,49.17974824029336],[-121.96397179383864,49.17850409661889],[-121.96942970539929,49.1781093968178],[-121.96947956391112,49.17197078783611],[-121.98841057414779,49.171663723870736],[-121.98709761984232,49.16763373962373],[-121.97225141061182,49.16792290345273],[-121.97401999748934,49.16552087540961],[-121.97444596564316,49.162809986556255],[-121.97642934905492,49.160362350640185],[-121.97916588632663,49.15900819678929],[-121.97332098886406,49.1582034827595],[-121.9707318373149,49.158626692935336],[-121.96769273542269,49.15720698128806],[-121.9701748032943,49.152530490608825],[-121.97564969380588,49.15530923545462],[-121.97745370313919,49.15375019874814],[-121.97431540797761,49.15048529962195],[-121.9767555001412,49.1494997891868],[-121.98131258358053,49.14981450611721],[-121.98182099899368,49.147330707970205],[-121.98598719084717,49.14731079308444],[-121.98658300126431,49.14949828572536],[-121.98228908016208,49.1518710969452],[-121.98228868212189,49.15407289582557],[-121.98568228708774,49.155095502352836],[-121.98482738263469,49.15916572674625],[-121.9850583748756,49.15962373980312],[-121.9905264937067,49.158042206131924],[-121.993446602822,49.15918439970755],[-121.99226068042341,49.16170799919831],[-121.99885627197564,49.16151090394593],[-122.0001048587364,49.15950362819282],[-122.00753574090206,49.15914089513649],[-122.00626155494709,49.165147145797235],[-122.00672204787274,49.16777406573489],[-122.00960762703986,49.1702811681108],[-122.00703079181635,49.174170930118684],[-122.00213006585048,49.178405979476864],[-121.9963579394333,49.179797800245154],[-121.98727848696844,49.179062736659965],[-121.97931902263443,49.17947080499421],[-121.97299658730431,49.180649097211464]],[[-121.83885336367172,49.18392261494874],[-121.82722513167079,49.18388811691587],[-121.8271762815663,49.175976713630995],[-121.83041885843056,49.176036613742916],[-121.83022652509828,49.17059051999678],[-121.83388919928342,49.17217029209477],[-121.83865568986279,49.17587645913493],[-121.83885336367172,49.18392261494874]],[[-121.99115055035855,49.151354202901466],[-121.98585695824023,49.1507445461665],[-121.98735073333143,49.149264682918144],[-121.98697904112855,49.148167657731925],[-121.99375229425372,49.14785048806595],[-121.99569155103,49.14954928909368],[-121.99475357115757,49.15187203349789],[-121.99115055035855,49.151354202901466]],[[-121.93541853364687,49.18340501188706],[-121.93035061038417,49.186324179489965],[-121.92834618038108,49.184561143871555],[-121.93360132755237,49.18182974624118],[-121.93541853364687,49.18340501188706]]]}},{"type":"Feature","properties":{"shapeName":"Clakamucus 2","shapeISO":"","shapeID":"43193130B95822942987880","shapeGroup":"CAN","shapeType":"ADM3"},"geometry":{"type":"Polygon","coordinates":[[[-125.57378639781737,48.9743874883806],[-125.57357466555524,48.980682402397136],[-125.57680899166692,48.9806942123509],[-125.57711321519733,48.97873139732945],[-125.57439561363192,48.97801779175052],[-125.57378639781737,48.9743874883806]]]}},{"type":"Feature","properties":{"shapeName":"Cowichan","shapeISO":"","shapeID":"43193130B95846293859973","shapeGroup":"CAN","shapeType":"ADM3"},"geometry":{"type":"MultiPolygon","coordinates":[[[[-123.68494038366599,48.78051660519646],[-123.68470526540102,48.77248462223076],[-123.68488392759757,48.769651900261884],[-123.6984585647667,48.76960985829822],[-123.69713996661189,48.76600182290834],[-123.68441409328804,48.76582569747472],[-123.68423880601152,48.7624632215888],[-123.67107807956712,48.76265030205323],[-123.67126299026727,48.75873450642855],[-123.68302849372796,48.75897994050098],[-123.69842567766908,48.75902224476751],[-123.69875472041892,48.75145223693233],[-123.69112187330799,48.75156496382163],[-123.6911504249854,48.753202792152955],[-123.68157991526613,48.752991099963424],[-123.67796566746424,48.753615544303145],[-123.67786968970968,48.744977197453515],[-123.67162564919724,48.74439232077264],[-123.67131034874892,48.75050954119893],[-123.67142124019965,48.755402427469974],[-123.65023496998762,48.75532987779192],[-123.65039918624032,48.75911433890313],[-123.64446366545592,48.75937228322068],[-123.64437686333576,48.759835836824266],[-123.6442944704449,48.760243218536246],[-123.64375318472972,48.76618944678222],[-123.6321859081628,48.76606268916039],[-123.62876311286485,48.7668022402862],[-123.62919695780121,48.76980148145387],[-123.61581301866136,48.770036416991026],[-123.61577327824668,48.766745524527366],[-123.6096471137135,48.7667506176153],[-123.61032776230981,48.75827115863677],[-123.60531050379139,48.75559759943505],[-123.60160929551454,48.755843947910584],[-123.60239743846812,48.76322578194891],[-123.59894350185375,48.763163657012846],[-123.59973756558075,48.76655412895709],[-123.60245538985474,48.76657599825689],[-123.60303939728044,48.77371640592653],[-123.61734332581774,48.773896739437106],[-123.62922280988461,48.77374254436585],[-123.62949420517367,48.77723609648738],[-123.6384684628142,48.77712546888442],[-123.63848459517608,48.77009671078854],[-123.64067939855845,48.769761478716],[-123.64054828274003,48.777161437006654],[-123.64355714084846,48.777243017034436],[-123.64376346410174,48.78035822008348],[-123.66103321534328,48.780668567885726],[-123.68494038366599,48.78051660519646]]],[[[-123.76765052694216,48.76317526715386],[-123.76772712553729,48.75975216347823],[-123.74169450899095,48.75950049225204],[-123.71273929247616,48.758935886843474],[-123.71330908984035,48.762214714227966],[-123.71260802839079,48.769485968633646],[-123.7062772401924,48.76993547971737],[-123.6987305172576,48.769610728683936],[-123.6987428747836,48.77193820765712],[-123.69875568896771,48.776800698894796],[-123.71254303783832,48.776555977482],[-123.71242657034283,48.77854473637772],[-123.71504249393446,48.78018921981889],[-123.71899449596181,48.78025662603676],[-123.71844564184825,48.77752809953464],[-123.7544121847684,48.77699695650453],[-123.75391201280807,48.771671288808214],[-123.75796625253435,48.76992769039261],[-123.76780574142384,48.77000797207001],[-123.76765052694216,48.76317526715386]]],[[[-123.59685386733642,48.766667408251195],[-123.59737089633374,48.765292214337634],[-123.59210029262955,48.76148669614157],[-123.59030381390066,48.75688080523387],[-123.58525920819922,48.75247149291567],[-123.58260171897851,48.75312379985314],[-123.57724209032173,48.74618789715383],[-123.56984401161485,48.742769808890394],[-123.57076830246753,48.74502290477854],[-123.56941098540764,48.74651400173873],[-123.56951238573325,48.749392289946094],[-123.57186068840086,48.7538700895257],[-123.57391501284872,48.75501089716523],[-123.57780119903835,48.75927350438178],[-123.58011100820492,48.76495749239497],[-123.58061211273278,48.76824750542437],[-123.57596590036106,48.77259699762636],[-123.57250618428873,48.773599475966584],[-123.58841070317959,48.77348245040336],[-123.58829357801594,48.76684224292749],[-123.59685386733642,48.766667408251195]]]]}},{"type":"Feature","properties":{"shapeName":"Sunshine Coast E","shapeISO":"","shapeID":"43193130B96060118847958","shapeGroup":"CAN","shapeType":"ADM3"},"geometry":{"type":"Polygon","coordinates":[[[-123.57285618811112,49.45560099504259],[-123.57285636729722,49.453901292801476],[-123.56742382797562,49.453780951053],[-123.56773406543543,49.45033252398295],[-123.57598186305013,49.45021105854404],[-123.57600724286732,49.448211424092605],[-123.56696486007078,49.44825071088318],[-123.56694428684438,49.440802244233005],[-123.5636194856815,49.44050829936242],[-123.56311482197125,49.43361501885569],[-123.5574523196192,49.433628243072846],[-123.55728127078281,49.431261275972886],[-123.56496404636316,49.43068463084415],[-123.56371323555722,49.42450531450972],[-123.56411779547456,49.41304320738432],[-123.56281891078274,49.41069430735802],[-123.56259118500505,49.40594357220429],[-123.56908086661514,49.40571851328129],[-123.56997146026619,49.40211112194271],[-123.56492468363025,49.39996549863665],[-123.56047857881212,49.3968022983582],[-123.5578483033177,49.39103138491526],[-123.55554499571384,49.38958588760321],[-123.55157129817525,49.38912730974516],[-123.54353949266991,49.38548698797502],[-123.53799477881469,49.38382209901364],[-123.53302159463203,49.38379928925457],[-123.52797970493516,49.38515370194759],[-123.51758619376669,49.38712383893709],[-123.51938134778591,49.39044069081142],[-123.52410788277008,49.390013339473875],[-123.52388551590374,49.39218793442436],[-123.52073501659555,49.39225072168188],[-123.52160809322865,49.40041291572743],[-123.52119707545093,49.40329276350859],[-123.52750481459476,49.40431524751788],[-123.52826432335237,49.40609345005812],[-123.53426884017453,49.40649083308192],[-123.5344185104184,49.40895768981029],[-123.53722557168831,49.41048482083026],[-123.5295303231544,49.413970904042955],[-123.51372304113792,49.414216866055895],[-123.513700200388,49.41784378719183],[-123.51851590420972,49.41777959917993],[-123.51882341149874,49.42450310238476],[-123.52238288092245,49.42381930002124],[-123.52789054522717,49.42501267107007],[-123.52931573174341,49.45549841867011],[-123.57285618811112,49.45560099504259]]]}},{"type":"Feature","properties":{"shapeName":"Penticton 1","shapeISO":"","shapeID":"43193130B96208670855266","shapeGroup":"CAN","shapeType":"ADM3"},"geometry":{"type":"Polygon","coordinates":[[[-119.61366609729109,49.501305090687076],[-119.61270987929669,49.5028104919467],[-119.61412970908347,49.50613459109372],[-119.6164846129412,49.50864445325265],[-119.62021499872543,49.50853174697197],[-119.62030625077789,49.49030169024446],[-119.63081660625261,49.49028970368767],[-119.63051459000145,49.50353278564374],[-119.63142509522463,49.50838667963947],[-119.63140012323555,49.513797776125735],[-119.62607130159897,49.51373940154763],[-119.62594433316416,49.51661474102931],[-119.62874233653989,49.52136916591468],[-119.62696325719315,49.522702331990686],[-119.62256206498944,49.52278775072687],[-119.62070543782814,49.52496744049229],[-119.61742202272819,49.526223790594834],[-119.61853158608395,49.53135020400153],[-119.63059346189935,49.53975868752183],[-119.63141040446192,49.54164322111756],[-119.63524306513021,49.5457229372468],[-119.64043583179524,49.549928008403846],[-119.64233643752925,49.54952996155602],[-119.64703295631479,49.552110271562654],[-119.64845756529805,49.553954052350726],[-119.64771534841792,49.55679122520697],[-119.664617757627,49.55126588287476],[-119.6641480663614,49.56175141256729],[-119.66712648883738,49.56176280804211],[-119.67229768778137,49.558961392602434],[-119.67497508125395,49.558873095915224],[-119.68287630697593,49.56146089985747],[-119.68548660165038,49.559610811061525],[-119.6881785914196,49.556020394128105],[-119.69255390266673,49.554354095105204],[-119.69197760386045,49.55014838596049],[-119.69401980342856,49.54858889939815],[-119.69738208320925,49.54913149859514],[-119.70291590912989,49.54794090825528],[-119.70801800194307,49.54992618530445],[-119.71073380857614,49.55001590411229],[-119.71320177882025,49.552908492348905],[-119.71417080467705,49.558383196957536],[-119.71295190303928,49.56061488580388],[-119.71391049157096,49.56666491484423],[-119.71609879339124,49.568224393233734],[-119.7175113131184,49.57299549285363],[-119.72071718702864,49.57391839992099],[-119.7229859827951,49.58062079081299],[-119.72943270252036,49.582591890062304],[-119.73368968085609,49.583013395660174],[-119.73498913847104,49.58554801995996],[-119.74906545159416,49.5857591969763],[-119.74866455396025,49.59824122412748],[-119.76145525558832,49.5979603744254],[-119.76344708560956,49.59850636307951],[-119.76350696821125,49.59517568201992],[-119.75797089873025,49.594889609886444],[-119.75790898464822,49.58754308064247],[-119.7592311416537,49.58379477647667],[-119.7532285150445,49.58358153582752],[-119.75371723528629,49.565959926477476],[-119.77604940169373,49.565834767427006],[-119.77731728238993,49.514912020364285],[-119.76689835528755,49.51479464732171],[-119.76785331633066,49.50076995407346],[-119.74897643115129,49.50060235068608],[-119.74993692418946,49.478960452023934],[-119.73883859316634,49.47894938392791],[-119.73894673612206,49.47147061194387],[-119.73952359796051,49.43175057963438],[-119.72023955528343,49.431490003496805],[-119.72071472786473,49.39524691670386],[-119.69870347874073,49.39510884339696],[-119.69915226239155,49.36073790977869],[-119.6909617233452,49.360960199687725],[-119.69081668114154,49.36518428060266],[-119.6863425363253,49.365104865495276],[-119.6797476048336,49.366354194661426],[-119.67979140176504,49.38072790833494],[-119.62366274454581,49.380733278359216],[-119.60552165755209,49.380978644522074],[-119.60517010149341,49.392064389748455],[-119.60594148063691,49.39312512558209],[-119.6058954554196,49.42316189253668],[-119.60694888866067,49.42668259755713],[-119.61246377524357,49.43347978061119],[-119.61468523184988,49.439424721972],[-119.61298369182431,49.44209947229573],[-119.61272907446553,49.445144242161504],[-119.60877731293921,49.447833189696475],[-119.60711577684863,49.45107319344464],[-119.5974481015812,49.45242848596071],[-119.59407345737347,49.45247355768355],[-119.59160377772493,49.454713550507805],[-119.59693087743818,49.45716415078622],[-119.60022007862331,49.45709780352328],[-119.60066248215053,49.45260234656591],[-119.6050018935383,49.45197952364055],[-119.60816108779541,49.45461890107181],[-119.60425144421583,49.471766159847306],[-119.60316137710537,49.47474859809265],[-119.5988143716325,49.47521831131709],[-119.60020857933813,49.45781109054799],[-119.59624205501713,49.458660441985614],[-119.59482641038197,49.467146907266525],[-119.59838920957647,49.47966139878493],[-119.60040161560971,49.48171230128122],[-119.61287561411652,49.48905120059808],[-119.61601480991546,49.49173300041586],[-119.61705571235984,49.49520950644508],[-119.61581368979645,49.498583497482564],[-119.61366609729109,49.501305090687076]],[[-119.63402750638866,49.506104781580646],[-119.6340150861683,49.50078188978663],[-119.64861575478118,49.50131314929649],[-119.64860125980628,49.517108649049824],[-119.63693018105747,49.51744466576394],[-119.63655688429435,49.50807913991381],[-119.63402750638866,49.506104781580646]]]}},{"type":"Feature","properties":{"shapeName":"Oclucje 7","shapeISO":"","shapeID":"43193130B96239326387532","shapeGroup":"CAN","shapeType":"ADM3"},"geometry":{"type":"Polygon","coordinates":[[[-126.9433176066376,49.988867487883134],[-126.9379294718608,49.98708568934398],[-126.93802157735118,49.99091137754472],[-126.9435794878636,49.99121758635808],[-126.9433176066376,49.988867487883134]]]}},{"type":"Feature","properties":{"shapeName":"Hope Island 1","shapeISO":"","shapeID":"43193130B96443614091047","shapeGroup":"CAN","shapeType":"ADM3"},"geometry":{"type":"Polygon","coordinates":[[[-127.97919518973228,50.91988460940307],[-127.98353722064692,50.921046704941254],[-127.98477899596186,50.91885350758691],[-127.98885158227642,50.91676699370218],[-127.99372382486784,50.91707890415504],[-127.99623368771074,50.91550939967384],[-127.99689148898763,50.91335599733046],[-127.99416938721788,50.91225370057608],[-127.99044749101526,50.90870460328574],[-127.9868693816089,50.90653409341847],[-127.97993899599066,50.904046015165946],[-127.97524552410806,50.904688301356956],[-127.97234699343947,50.90263881247946],[-127.96947490478523,50.903305385393885],[-127.96593220873005,50.901359896608064],[-127.95751928914731,50.90113201075947],[-127.95581100593881,50.89992858796126],[-127.9464301946782,50.89905408830743],[-127.94259989633768,50.89988158789345],[-127.9402048042678,50.90331388460789],[-127.93966330407828,50.907697589952136],[-127.93590221169524,50.908643290596245],[-127.93574160064236,50.910692702498125],[-127.93916020650259,50.914842908998104],[-127.93986381419154,50.91768128961835],[-127.94234959996867,50.92039298832157],[-127.93756219376215,50.922562107358104],[-127.9356900177195,50.92232000426462],[-127.93536251156841,50.91540970098991],[-127.93064450440069,50.91332608506162],[-127.9280680989306,50.910981890718844],[-127.93286882150753,50.90875010537667],[-127.93281858664382,50.90475660077679],[-127.93086507895764,50.901888293248675],[-127.92928640584881,50.895057812032135],[-127.92218259977572,50.89665571295609],[-127.91510300731116,50.8971840862427],[-127.9115167938212,50.89606178943161],[-127.90563600464502,50.89639368841212],[-127.904002508475,50.89872648744706],[-127.90088291446368,50.90078309834086],[-127.90074848631876,50.903516206558145],[-127.89876498671555,50.90378389310499],[-127.89544858704785,50.89846590410354],[-127.88811519037172,50.89764980016884],[-127.8901649090239,50.89577989077087],[-127.8838354021685,50.889946283122214],[-127.87802370193893,50.88855059244627],[-127.87373840736626,50.88886960837714],[-127.86838030876878,50.89046330545459],[-127.86924380304664,50.89241439646309],[-127.86444278475372,50.89218800068556],[-127.85654019713527,50.896184305837956],[-127.85655447976255,50.8984331954791],[-127.85453939288149,50.900643506297655],[-127.85206220679441,50.90071759737562],[-127.84729601060866,50.89851290283821],[-127.84065279684881,50.89858129531867],[-127.84004958000611,50.9005182026829],[-127.83483007804081,50.90229129823306],[-127.83246229445169,50.90481359763796],[-127.835770382626,50.907877094363286],[-127.84116779664473,50.9116171137393],[-127.84607769948971,50.91388720993717],[-127.84681979821745,50.91780670906605],[-127.8451196076725,50.921531000268146],[-127.84591089435571,50.92350781586157],[-127.84389681338439,50.92895679787799],[-127.84118911027007,50.931996095680475],[-127.84213788419473,50.93506240696875],[-127.85355760434373,50.93368229169711],[-127.85752199622604,50.9350338889089],[-127.86448618416138,50.935435506471386],[-127.86649669139597,50.933529913945534],[-127.87346221526738,50.93446139355858],[-127.8780768172335,50.937239994076926],[-127.88258960840216,50.93719298954236],[-127.88605760112279,50.9392396130108],[-127.89395299621981,50.939953091226066],[-127.89473309344812,50.94185870718282],[-127.89929992387364,50.94256649922139],[-127.89984569693236,50.94480259698713],[-127.90428041132303,50.943215995075604],[-127.90354677838064,50.9411138977795],[-127.90542110450882,50.93708478446302],[-127.91037460544139,50.93643959255755],[-127.91892579401708,50.94083471335491],[-127.92611469866884,50.94141439167318],[-127.92470677738885,50.93581579370256],[-127.92169940123206,50.93415229000211],[-127.92494670547501,50.93034259601204],[-127.92961259340916,50.92674221177401],[-127.93444971072073,50.92613969282471],[-127.93692489783913,50.924309594691586],[-127.94221868360088,50.92236980656698],[-127.95461060303204,50.92427968577218],[-127.96183348213535,50.92072919378468],[-127.96383449913623,50.92162929595112],[-127.9689252935019,50.92039729312721],[-127.9702021130935,50.919283593268155],[-127.97574761054938,50.91814560873452],[-127.97919518973228,50.91988460940307]]]}},{"type":"Feature","properties":{"shapeName":"Peachland","shapeISO":"","shapeID":"43193130B96641819366513","shapeGroup":"CAN","shapeType":"ADM3"},"geometry":{"type":"Polygon","coordinates":[[[-119.70627285840656,49.802235192541204],[-119.7205550933809,49.80239280557534],[-119.72104113756578,49.79517555683434],[-119.72915441958831,49.79516840440128],[-119.72966965982447,49.79755967832643],[-119.73835278926602,49.801513808136455],[-119.73747778079304,49.79870944986309],[-119.73452123006344,49.7978306872597],[-119.7336861912479,49.79517407435246],[-119.73665920508614,49.79517766581465],[-119.73671007952292,49.792039502181346],[-119.73462209430775,49.792109387184986],[-119.7346888098433,49.78818523004456],[-119.73660020386843,49.78559845796992],[-119.74516439791023,49.78461495186882],[-119.74398018455541,49.78208661539404],[-119.74771780044374,49.780806893928464],[-119.74849938578325,49.77380668492973],[-119.76545524299728,49.77356132730087],[-119.76567052900579,49.76653512007149],[-119.78214437559242,49.76632671950699],[-119.78240544313034,49.7629539701833],[-119.78742772823746,49.76270475230968],[-119.7878298258858,49.759078930889444],[-119.80116380236313,49.75891915319301],[-119.79902061974802,49.74893093666963],[-119.77636565416908,49.74889097519271],[-119.7759628520397,49.745171690621504],[-119.76690583316363,49.74579979585139],[-119.76774208039491,49.74001051452594],[-119.76565150601394,49.7393609194973],[-119.75980157137282,49.74011839977383],[-119.75795785658724,49.74216165768567],[-119.75807045063377,49.74478821309677],[-119.75637618691712,49.750316616891624],[-119.75032103390059,49.75593216159697],[-119.74372936132792,49.76449788709683],[-119.73704562797039,49.769448664664665],[-119.73241214955227,49.77348802926804],[-119.72826027673672,49.7799105891089],[-119.71900528606389,49.779557537893325],[-119.71465072459635,49.77982584873916],[-119.70977054564094,49.78177836380343],[-119.703232109473,49.78820149818543],[-119.69797454277531,49.792619265014714],[-119.68713593014388,49.79462548257235],[-119.68124781909374,49.79471512091926],[-119.66635011468345,49.79774718037286],[-119.66451171269104,49.79879299799272],[-119.66223859262176,49.80229585263093],[-119.66439469777852,49.80525070181306],[-119.68628649924969,49.80533966753616],[-119.68719969914923,49.801562143870555],[-119.70100014594226,49.801785324661914],[-119.70627285840656,49.802235192541204]]]}},{"type":"Feature","properties":{"shapeName":"Mount Waddington D","shapeISO":"","shapeID":"43193130B97009454807116","shapeGroup":"CAN","shapeType":"ADM3"},"geometry":{"type":"Polygon","coordinates":[[[-126.10997569783677,50.453806865017725],[-126.11480997453172,50.45426779507719],[-126.1186872081939,50.45350870682412],[-126.11957889587785,50.455995385740245],[-126.12365619863454,50.45731990762166],[-126.13045971352858,50.45759620713798],[-126.13949071488965,50.45923120688168],[-126.14533561834577,50.45929389890772],[-126.14965080156392,50.458544688913385],[-126.15415019705084,50.455884291720444],[-126.15960980340913,50.45504690262492],[-126.16140111175014,50.45596259777732],[-126.17227140378425,50.45703650771516],[-126.17044478721346,50.458369496606096],[-126.17064539521243,50.46092880812083],[-126.17475812632962,50.46259370392563],[-126.18085700183143,50.46334430438972],[-126.184465200036,50.46240571000648],[-126.1881442989812,50.46357498596973],[-126.19271710447643,50.46370320965502],[-126.19788971777018,50.461057000661924],[-126.20362689020843,50.4641275948414],[-126.2063046947293,50.463428315977076],[-126.21306719884558,50.466325203781196],[-126.21732651202421,50.46698459941775],[-126.22167020037328,50.46909379573867],[-126.2295296117002,50.467041598206954],[-126.23525338684047,50.470379892297295],[-126.23932530884564,50.471366909128065],[-126.24245759069038,50.47034428977638],[-126.25302908957904,50.4732296885045],[-126.25749018449815,50.47263439072899],[-126.26014331362487,50.470132090786926],[-126.26676459241818,50.469946896830535],[-126.271519291004,50.469140793029005],[-126.27699321028037,50.46559028926471],[-126.28337281450536,50.46813250380165],[-126.28911589403305,50.46851850720384],[-126.29071839019352,50.47179409448179],[-126.29299510332275,50.47215299261828],[-126.30178209230756,50.47626049209413],[-126.3126049011434,50.47805778833367],[-126.31588709348324,50.480067398224556],[-126.32418780298123,50.480115798970836],[-126.32711540481102,50.4789779024613],[-126.33309779242762,50.47885389991888],[-126.34138360057345,50.479681400603546],[-126.35111778833019,50.482062694838966],[-126.35972892403227,50.48339150033807],[-126.36550089294924,50.48276770279158],[-126.37005798832855,50.48143179946449],[-126.37257490972594,50.482054088733484],[-126.382896387448,50.482781903449784],[-126.39830742199103,50.48349689778032],[-126.40279567559351,50.48315649789558],[-126.40815738292208,50.48179209181843],[-126.40999051124885,50.48025818776],[-126.41337470482402,50.48023400069362],[-126.41570960529785,50.478254392910785],[-126.42594389178655,50.479029090545325],[-126.42899129582749,50.47718050401423],[-126.43449520105683,50.47705938419813],[-126.43947369861331,50.47961590586988],[-126.44676529491724,50.47875001416316],[-126.45646100499644,50.48012289156944],[-126.46041508810664,50.482341809651615],[-126.46607891308041,50.482401590099585],[-126.46935077899639,50.480026095131635],[-126.47438571058171,50.4807751930289],[-126.49070141438986,50.48224359154455],[-126.50183412734852,50.48446110324498],[-126.50496739380031,50.485465088666885],[-126.51280261165937,50.485299897497214],[-126.51722348432752,50.48459350071416],[-126.52346250621143,50.48739778331235],[-126.53450031235708,50.488522890767925],[-126.5392873068354,50.48866959424481],[-126.54573250303868,50.486691412704765],[-126.55211111607014,50.48795889479891],[-126.5587050031058,50.48834058960706],[-126.56413090679004,50.48808568558365],[-126.56686398327601,50.48894299636808],[-126.57083640965578,50.48602200864075],[-126.57253382366848,50.48370910228775],[-126.57777728273885,50.4826223946371],[-126.5803836112288,50.48123810100936],[-126.5882204183625,50.480725406401746],[-126.592674203003,50.48184340793473],[-126.59639908700089,50.48482570898498],[-126.59979872453088,50.485381104298],[-126.60368340337318,50.484076504827115],[-126.60736089272537,50.48467469149475],[-126.61084102349082,50.48750739965748],[-126.6167595071664,50.49375400031089],[-126.61674407829263,50.49631759890823],[-126.62211718582773,50.49516829888619],[-126.62835720100723,50.49615811236515],[-126.62963989483441,50.49756949566603],[-126.63407821819636,50.49733589797986],[-126.64063350612633,50.498530788702844],[-126.64457898023224,50.501417694494336],[-126.65395629159111,50.504269014702544],[-126.66148050681346,50.50985330167208],[-126.66916230131562,50.5111321991748],[-126.67598510788554,50.51408320231714],[-126.68468219918414,50.51536359788436],[-126.68823390747134,50.51685469232257],[-126.6944613780614,50.51788729371663],[-126.70070940702905,50.51824468433657],[-126.71088921405182,50.520982106905166],[-126.71462938625308,50.52386180580541],[-126.71896079519937,50.52358688881132],[-126.72133269770136,50.52532450355695],[-126.72645609568606,50.52498409581713],[-126.73019830455638,50.52579451013392],[-126.73278979102997,50.52797639573749],[-126.74002520474691,50.53037469452558],[-126.75333089775803,50.53398789938366],[-126.76197638212719,50.53527829622911],[-126.77052540015471,50.53773648574519],[-126.77591050002371,50.537901708144034],[-126.78440699292936,50.53936861047534],[-126.78473272122258,50.54116450190879],[-126.78002631712148,50.54252319252119],[-126.78467527554844,50.54388899773798],[-126.78553629659982,50.54211450219619],[-126.78956938108094,50.5418766026578],[-126.79220920444212,50.54279100755193],[-126.80267060749073,50.543626999912874],[-126.8110160139179,50.543550094933494],[-126.8199178197978,50.54211589530406],[-126.81852099556025,50.5445640985802],[-126.81466110434171,50.546865589527165],[-126.81551448643009,50.54821289919152],[-126.82257812143202,50.55025240042311],[-126.83129758292431,50.550045899082505],[-126.83497780189603,50.54737119452374],[-126.83898950432035,50.54702369421507],[-126.84410720392057,50.54529189859362],[-126.84739898366486,50.54029010634393],[-126.84638627363442,50.539290294337256],[-126.84817869021423,50.53649881181632],[-126.85840650104474,50.535320986786346],[-126.8603400991359,50.531578194944785],[-126.86351999128875,50.53115091392002],[-126.86553268375741,50.52816579779995],[-126.87021888795638,50.52936779381827],[-126.87251550829771,50.534455094296035],[-126.87059699433702,50.53788319432743],[-126.88250318389444,50.53989839474273],[-126.88186660484521,50.5418124987866],[-126.87843587761301,50.54311709389682],[-126.86391481041888,50.544605409281324],[-126.86084350989914,50.54542148544105],[-126.85847261026065,50.54820160546132],[-126.85448722020797,50.55077220326814],[-126.85518969682846,50.55209960577195],[-126.86187659617188,50.55190730190006],[-126.863958109853,50.55395109565066],[-126.87202559541366,50.556033299210775],[-126.87563909372359,50.556053195306184],[-126.88132661327353,50.55733499959431],[-126.89081360521403,50.55798440429932],[-126.89815509221725,50.559583800075046],[-126.90739352573273,50.56108070354719],[-126.9121307944852,50.56060779517371],[-126.91584280273926,50.55840890870061],[-126.92188040216465,50.560126488421844],[-126.92890901040013,50.55954970895114],[-126.93147211219387,50.56039559186553],[-126.93887278079178,50.559690596326234],[-126.94359179696023,50.56027738710652],[-126.95125889879738,50.55766968713222],[-126.95379820347969,50.56030450345159],[-126.95924181231226,50.559509788366455],[-126.96813721305703,50.56014210026375],[-126.97120130345331,50.561796997290536],[-126.97345269594216,50.56526220116799],[-126.9820057118244,50.56666220665639],[-126.98880430563099,50.56737478280434],[-126.99736192710274,50.565688223566305],[-127.00044020397951,50.56315999552824],[-127.00278927775997,50.55890609367196],[-127.00215217900393,50.55424499996208],[-127.00353288084271,50.551962891744324],[-127.00085651430997,50.55012569234306],[-127.00136438596176,50.548109994448644],[-127.00492980134374,50.542510408078876],[-127.00815099709023,50.5432096872661],[-127.01082350197963,50.547523605944974],[-127.01383811967689,50.54539439575275],[-127.01152401057901,50.541855394328536],[-127.0122231943441,50.53723091100046],[-127.0098535081309,50.53603070889033],[-127.00524822120857,50.53531529839743],[-127.00202161377963,50.533248798035515],[-126.99990740534206,50.530584088923355],[-127.00168659820622,50.528813787403045],[-127.00859830403648,50.53097861164466],[-127.01526970155365,50.530413183487155],[-127.02002938530646,50.52361096107472],[-127.03005483116361,50.52048910393258],[-127.05474836403411,50.51143536873851],[-127.06101090726595,50.51092009289697],[-127.0767397711642,50.50677438674743],[-127.07722201783066,50.50108037513909],[-127.03285181674093,50.500802424319076],[-127.0310122630468,50.490483021843566],[-127.04891740145621,50.49502722705104],[-127.05406701707817,50.495596558557345],[-127.05730445533577,50.49501775058127],[-127.06185334922827,50.49301690592794],[-127.06577045159774,50.49036240816023],[-127.06851661600473,50.4861625800147],[-127.08138231301548,50.48273603369795],[-127.09056523950656,50.477145324723786],[-127.09083097912458,50.467785643741536],[-127.0855607341817,50.46421487243937],[-127.08439429260704,50.46156333638698],[-127.08619025281013,50.45839739623099],[-127.09070584461662,50.45526255793901],[-127.09189409965175,50.4533190660538],[-127.0976090122035,50.449177341229976],[-127.09524653779165,50.447407773517966],[-127.09549216024608,50.44436241383365],[-127.10254610204115,50.44517627888487],[-127.10931327623702,50.447413129992],[-127.11208551565186,50.44697202806356],[-127.11754207247526,50.4442816727105],[-127.12376103378672,50.43836611997169],[-127.1243668578049,50.434986564166536],[-127.12702005169837,50.43066409334936],[-127.13042769335246,50.428059565535236],[-127.1323582568628,50.42365452590118],[-127.14026537874288,50.416645491390575],[-127.14916784189045,50.4130649005035],[-127.15261626566979,50.41249930611885],[-127.1604022145911,50.41346791593572],[-127.16335983158487,50.40786458405086],[-127.16787121496691,50.403741306801386],[-127.17173762588308,50.40267786539627],[-127.17390891392341,50.40106224676718],[-127.1715910598031,50.3991758104207],[-127.16768754904118,50.39816098829112],[-127.16675776265419,50.393452446868174],[-127.17075997285237,50.38920347675147],[-127.1651880524442,50.3860473545794],[-127.1575922750062,50.384947961305514],[-127.15325747183557,50.38315516882284],[-127.14697517657277,50.38213660594501],[-127.14731269088847,50.37686208510173],[-127.14372972313699,50.37268878932945],[-127.13702368403239,50.37110278111117],[-127.13514156763968,50.36997064185465],[-127.13445395243973,50.3653461612637],[-127.13326679204528,50.36361215805705],[-127.12598657012744,50.361437062522846],[-127.11907059238624,50.35621715932026],[-127.11246384805389,50.35393784196271],[-127.10720379173254,50.35316683716778],[-127.09980532579172,50.3544333127759],[-127.09808217310277,50.3565141259716],[-127.09839628523468,50.359920153985165],[-127.09624701166531,50.36463328337182],[-127.09229309238357,50.36546948819042],[-127.08780562669227,50.36496245332688],[-127.08214114231814,50.35773783837153],[-127.0819396940956,50.355044343729006],[-127.07645763952078,50.34970578985447],[-127.07643972569039,50.34759257588141],[-127.08349538395024,50.34318651463413],[-127.09477100458757,50.34029515746388],[-127.07855983146978,50.33560873108799],[-127.07541091502756,50.33529671992054],[-127.07114540756092,50.33633879318754],[-127.06695502522895,50.33598022359404],[-127.0666813564551,50.332426139597224],[-127.06752243774115,50.329437580320715],[-127.06491092462424,50.32671738354727],[-127.0586086268904,50.326826123165446],[-127.05379096742266,50.32625773571057],[-127.04682367535358,50.323153696927896],[-127.04816439073649,50.313102593666216],[-127.0444581447071,50.31012938782661],[-127.04394016405939,50.30676471378825],[-127.04124485950767,50.304993389613166],[-127.03514168787206,50.30337833500528],[-127.02960958652457,50.29998314696669],[-127.024547013567,50.288305351619194],[-127.02130615542015,50.28729841389443],[-127.01063875341116,50.281358825007715],[-127.0063839338301,50.281664920739594],[-126.99975391132472,50.28053153375472],[-126.99842100918521,50.27794815431027],[-126.99881761109724,50.250086333714854],[-126.9869165057781,50.24535436824488],[-126.97657524053119,50.24413917410135],[-126.97280761441031,50.24027074023593],[-126.97201739356377,50.23465243862546],[-126.97294027294237,50.2311137171659],[-126.9884981049191,50.22492353693446],[-126.98958666596029,50.22156158368043],[-126.99247160130957,50.19743257698967],[-126.98903890940537,50.19599781311327],[-126.99052376205601,50.181643132416355],[-126.9406098387791,50.182578794465655],[-126.93184335981483,50.18441046847375],[-126.92764966053771,50.190259256684676],[-126.91818033254337,50.194140796780474],[-126.90366665965313,50.190153980547024],[-126.9002831725275,50.18301669698152],[-126.88597766835969,50.173518042344675],[-126.88720445054845,50.166608678877324],[-126.88500000744979,50.16423310144344],[-126.87831250364474,50.16246594038496],[-126.87190888376735,50.1594984113262],[-126.84295620141722,50.14023633313647],[-126.83962438778394,50.13875926904779],[-126.82008147740254,50.143365021732514],[-126.81616116163386,50.15675203633017],[-126.82193470441251,50.16974318594881],[-126.82080174514593,50.171094848236166],[-126.81387372759379,50.17398359690597],[-126.80789852538746,50.17458825049911],[-126.80873360611629,50.17087529837639],[-126.80469106276898,50.16963003884391],[-126.79978262639203,50.17254697106231],[-126.79618303572498,50.17654239405891],[-126.78814220840941,50.17886219895572],[-126.78117438709954,50.178577224418795],[-126.77991926236781,50.175049264263244],[-126.78142530868065,50.17262660475356],[-126.78516060776815,50.16987104173071],[-126.78846952115771,50.1687447295351],[-126.78940659378527,50.16691212421146],[-126.7813475973313,50.15673855929529],[-126.7716779986791,50.151993778276406],[-126.76646184272124,50.14773940561298],[-126.76556624060629,50.14443650827597],[-126.76644664546512,50.14180433737561],[-126.76952333537005,50.138213224691526],[-126.77244355071504,50.13623648966903],[-126.77883755739873,50.13971620170143],[-126.7825675903086,50.14097320657708],[-126.78646621791351,50.13943028325026],[-126.79100593541327,50.12479455858083],[-126.77343647385096,50.118177887023165],[-126.75641232502613,50.11212221861286],[-126.7471131471855,50.103447513121495],[-126.73442934508024,50.10639680255567],[-126.72302220229744,50.11039125037573],[-126.71414360545268,50.114806296074896],[-126.70296352646726,50.11470722843286],[-126.68793405635617,50.109824466892235],[-126.68303069393643,50.10736498281627],[-126.679757310784,50.10289856737695],[-126.67859232829846,50.09856314046032],[-126.67403736739398,50.097061708793525],[-126.66883266968229,50.09681537860001],[-126.66734234110692,50.095848100999476],[-126.66708916196997,50.09202211295232],[-126.66538544443553,50.09068236089],[-126.65386582887555,50.09380319197077],[-126.65037374514812,50.094162485904995],[-126.647056442792,50.093361670550024],[-126.64701800055819,50.09109493196294],[-126.65159566929168,50.07364136515224],[-126.65485743238438,50.070987091707714],[-126.66267976707344,50.068538202698115],[-126.66874811733763,50.06960159100168],[-126.6743807214795,50.07319727948576],[-126.67767877102163,50.073261097437296],[-126.68095582234449,50.068546083682435],[-126.68292964761642,50.06439038613912],[-126.68822000221729,50.06239173928991],[-126.69542462203002,50.061822377591675],[-126.69788588268686,50.0596639617091],[-126.69469371742697,50.05439185266925],[-126.69893733777607,50.04906523564543],[-126.69711586561495,50.046860251395344],[-126.69146682279168,50.04405839620212],[-126.68913100370926,50.0420554362942],[-126.69006163976098,50.03977132766384],[-126.69349992942118,50.0356755385339],[-126.69320557506472,50.03255048029893],[-126.68330645996957,50.0300457658637],[-126.67853597163321,50.02799440190328],[-126.67475479140965,50.02427874726923],[-126.67204318401402,50.017953231695515],[-126.66599080619059,50.01735950713203],[-126.65903491439464,50.018345515838256],[-126.64727569759772,50.02274649359644],[-126.6411108223728,50.02442166731713],[-126.63470840311226,50.02509879266563],[-126.62791535081206,50.028197386761555],[-126.62023009402503,50.0243685944058],[-126.61331988752755,50.02151223946934],[-126.60787173464108,50.02140705278446],[-126.59930994463978,50.0233761432879],[-126.59090008965022,50.02864166381436],[-126.5587448115167,50.02947015231478],[-126.55954905413171,50.02641936095569],[-126.56303683145715,50.02276957113896],[-126.56236061200028,50.02084658505199],[-126.55165039511756,50.01783048295811],[-126.54721612122928,50.013550196418116],[-126.54878627456692,50.010563696774256],[-126.557575212648,49.99858749803914],[-126.56776953632392,49.99921029066404],[-126.5722635820982,49.995460784798155],[-126.57156922055381,49.9902448841583],[-126.56822205570394,49.987744858716816],[-126.56296639047476,49.986809776878154],[-126.55592119494537,49.981584389043846],[-126.55240224448745,49.980694475280934],[-126.54266854340892,49.980243771511134],[-126.53361597928946,49.97258410289629],[-126.53366837924763,49.971294437106],[-126.52208013732862,49.97111587018689],[-126.51767646609215,49.967487689885445],[-126.51205382084618,49.96061896916039],[-126.50577899843422,49.96098995488628],[-126.49897304588721,49.96229524820439],[-126.49398552107778,49.96388654215602],[-126.48720624464792,49.95787781732691],[-126.48171775493726,49.95503656006031],[-126.47590492611529,49.949602726510726],[-126.47803435418767,49.94678016334593],[-126.4813283114159,49.94549834403119],[-126.47982715805033,49.94300332761486],[-126.4707026543865,49.93374356724303],[-126.46951983859769,49.92904110437915],[-126.47142116685232,49.92612623338125],[-126.47613800553808,49.921571141269766],[-126.47719928799756,49.91970800203499],[-126.47050597330373,49.91797485201266],[-126.46625271850166,49.91179871175286],[-126.46598813267494,49.90882214809159],[-126.45997661904799,49.90691307097506],[-126.45309209031292,49.90752249963346],[-126.44818056036657,49.91099069380734],[-126.43588691994798,49.914987476280785],[-126.4316682485725,49.917092900858485],[-126.41844627359461,49.914690822825385],[-126.41607213236793,49.91111193686886],[-126.4118294261984,49.909887112826794],[-126.40705301030947,49.90958353200075],[-126.40107828359292,49.90784645013303],[-126.39404168474523,49.90842864074274],[-126.38882947662805,49.906754994558234],[-126.37619786189015,49.90825890502572],[-126.374312476827,49.90999789368704],[-126.37439111981251,49.9127878429683],[-126.37229030703159,49.91474751381971],[-126.36188464239393,49.91773561109166],[-126.35610053193619,49.918005025117985],[-126.34875755560878,49.920063812568294],[-126.3426587940765,49.924359617206854],[-126.34213928353039,49.92756426004043],[-126.34347040390963,49.931548237276104],[-126.34969198520547,49.936858467248626],[-126.35176084123678,49.93741913112126],[-126.35594969181679,49.940701069077086],[-126.35662089549031,49.942622930301695],[-126.3524619391287,49.94779637215302],[-126.34843448585974,49.950553850514886],[-126.34479100004765,49.95161639604577],[-126.33426431206745,49.95237670163168],[-126.32602606692781,49.95378312240285],[-126.32350197935838,49.95890632915226],[-126.31160219739098,49.963466374131805],[-126.30675557067987,49.970205134939356],[-126.28183465546022,49.98850392609837],[-126.26314101739037,50.00011460339707],[-126.2437715916973,50.00547792162753],[-126.23835988169076,50.01106258928711],[-126.22629216036135,50.01623011620435],[-126.22647700389709,50.02213985413185],[-126.23777430907043,50.02504691034301],[-126.22669355400708,50.035621711052976],[-126.23812360325837,50.0451515447348],[-126.23407362356544,50.051813295762685],[-126.235222979444,50.060730504348065],[-126.24179948227244,50.05992640281297],[-126.24487259010061,50.05793342178007],[-126.2531021783553,50.06493117162928],[-126.25422616676829,50.06899605654185],[-126.2427519787127,50.07463777456932],[-126.24396211822695,50.0769875459333],[-126.23786090803347,50.083264316265016],[-126.22575842633792,50.08053476580158],[-126.23562731537214,50.09426270295531],[-126.24171267402906,50.100319677522464],[-126.21795178356872,50.10999999586432],[-126.22572837843055,50.12317255501993],[-126.16034493060639,50.12143450023283],[-126.16765934925317,50.131315983797734],[-126.14917130758724,50.14422279774982],[-126.12945008094432,50.1419505263079],[-126.11700104219341,50.15798126181264],[-126.10080977560946,50.15950739740808],[-126.09514740111571,50.16931825028237],[-126.09324273856228,50.17809779054228],[-126.07915850321848,50.17851190463005],[-126.04457971359142,50.18055970964035],[-126.04410947807364,50.19462351778056],[-126.03876273967884,50.203097595160976],[-126.04458086648265,50.21275152348255],[-126.04238706487196,50.221234022597024],[-126.028627296483,50.230484561953],[-126.03362650113382,50.23902910126314],[-126.03347484003316,50.24116570945873],[-126.02951084901166,50.24561309274678],[-126.02452946101859,50.248111126731025],[-126.02359735717552,50.25069674756669],[-126.02723451259524,50.25529544092362],[-126.02770807337862,50.25922315876886],[-126.02096752207255,50.26512851048157],[-126.01394419067381,50.268507070781254],[-126.01029725377903,50.271930532685566],[-126.00903447028533,50.275869671370465],[-126.00342035805126,50.279227729317405],[-125.99957900541482,50.279357349343066],[-125.99540286433475,50.282189611056005],[-125.9957012567474,50.286417863045735],[-125.99993570076046,50.290262046615794],[-126.01070237632443,50.29459815650313],[-126.00931473694696,50.30408420700716],[-126.01259183051003,50.30547726009311],[-126.02177683673655,50.303709290922114],[-126.0300322235314,50.303701925272094],[-126.04016987205875,50.30785844302583],[-126.0423236343866,50.31267295632565],[-126.03706463295052,50.31754899477733],[-126.03721853431921,50.32276893165252],[-126.04212659978839,50.324866164039896],[-126.05169248522513,50.326374507073645],[-126.0553787926638,50.33111549874623],[-126.05484599887204,50.3395863744266],[-126.04714772393316,50.34339987021204],[-126.0389169386901,50.344747834996916],[-126.02798673569053,50.34203906106598],[-126.01896588844698,50.342372509076526],[-126.00863209886505,50.34353491565226],[-125.99985095128443,50.33952890324404],[-125.99486138892095,50.34038787807555],[-125.9923747289525,50.34813765340007],[-125.99403723814126,50.35624903537153],[-126.00063268383687,50.36350752585258],[-126.00918209895168,50.36395482318082],[-126.01458371893432,50.36717867420935],[-126.0208036475052,50.36684111725147],[-126.02586911601226,50.371929773504995],[-126.02974469107589,50.38291266482014],[-126.0377584045143,50.39064332004634],[-126.04691789105532,50.39498717753841],[-126.05398050937744,50.40308528157606],[-126.05601051920587,50.40462226366165],[-126.08117717958348,50.396402485552485],[-126.0904495465375,50.396067880179935],[-126.111077978326,50.397592790501065],[-126.1128186873333,50.40614923105194],[-126.10997569783677,50.453806865017725]]]}},{"type":"Feature","properties":{"shapeName":"Delta","shapeISO":"","shapeID":"43193130B97464514276511","shapeGroup":"CAN","shapeType":"ADM3"},"geometry":{"type":"MultiPolygon","coordinates":[[[[-123.09666093214051,49.01772224061362],[-123.09546566590697,49.016057520875556],[-123.09256171915504,49.008843400983906],[-123.09239681122943,49.005826615952586],[-123.09075828260299,49.00193286105037],[-123.08835959100125,49.00200837503138],[-123.03518321033022,49.00206825887531],[-123.03562337286485,49.00688482810723],[-123.03971771556895,49.0176264953772],[-123.0424202784371,49.02032357263137],[-123.04887285148489,49.02280329694895],[-123.0565254901285,49.02745255585362],[-123.05599238539024,49.0297580832293],[-123.05132108042636,49.0368548011088],[-123.05057199945198,49.04055199784538],[-123.04606080066642,49.04480898826326],[-123.04596699881967,49.046968092685944],[-123.03934420315895,49.04681710421455],[-123.0397283051281,49.048859384062474],[-123.03555578233086,49.05068669966526],[-123.02905759630603,49.05504190837109],[-123.02637527928758,49.05423299923181],[-123.01749460059784,49.06057639847727],[-123.00807711475908,49.06336640386568],[-123.00056199119317,49.06365409760225],[-122.99468879989848,49.06542731121211],[-122.98416119285633,49.06717050591825],[-122.97572589256278,49.06801500880681],[-122.96799128914255,49.06980240537494],[-122.95928090804387,49.07084350437472],[-122.94595768552388,49.07360929420902],[-122.93977979594666,49.07554060989199],[-122.92694538957694,49.07886040646528],[-122.91769520145567,49.08219158655513],[-122.91368228894143,49.082674394030875],[-122.90864038884729,49.084631312580925],[-122.90548961362585,49.085096997179164],[-122.90301131052087,49.08414140129154],[-122.90076258395982,49.08531779956818],[-122.89879848577534,49.08894099671792],[-122.89039221334254,49.09144119011879],[-122.88920504927007,49.0930840489509],[-122.89035326674063,49.101647068190125],[-122.89031908410738,49.155980201670566],[-122.89011005913436,49.17714305290915],[-122.92332576808057,49.17721025688314],[-122.92011988903042,49.18337459978266],[-122.91615198265995,49.189346302630426],[-122.91219619899509,49.194062607023454],[-122.91997239976985,49.194688723411126],[-122.9233080942015,49.191478303671],[-122.92941559174331,49.187231311266295],[-122.932674683762,49.18610049807709],[-122.93815961514814,49.181601404956844],[-122.94975389125396,49.177169297535244],[-122.95690884107307,49.17517188016976],[-122.9602861988586,49.17325560873414],[-122.96612240550019,49.167756689199464],[-122.97363730602355,49.16604479015582],[-122.98223059619052,49.163597608106116],[-122.98739759204625,49.15911890970085],[-122.9886408183702,49.1557378000473],[-123.00407340187,49.15243078639095],[-123.01698529726217,49.15031520581239],[-123.03439229388599,49.14668419524542],[-123.04173009783938,49.14399089010306],[-123.04583861613571,49.1411324941085],[-123.05260260910165,49.134452398017395],[-123.05634561468024,49.13204769821837],[-123.06450338233493,49.12781019521171],[-123.07077191001018,49.12396511005523],[-123.07501460318612,49.121969804012345],[-123.08583662663172,49.11811065431847],[-123.08684925079204,49.1105315500995],[-123.09073282855596,49.10342420780043],[-123.0966464286011,49.09013644269701],[-123.10238559950544,49.08746836585099],[-123.10935835357006,49.08644448511141],[-123.12111598870247,49.08684639786357],[-123.1267567867946,49.08867267583292],[-123.14529237260099,49.10891509124646],[-123.15688778823292,49.11079729950032],[-123.1876856959863,49.11824790932762],[-123.19099539003894,49.11887090753853],[-123.19025921658285,49.11462800329954],[-123.18710141517127,49.109542108189736],[-123.1868538766114,49.105736692886126],[-123.18334029495283,49.1039892022853],[-123.18837071001597,49.101308788766204],[-123.18514450431705,49.09569169801093],[-123.18038890663661,49.09475169800164],[-123.18112272133314,49.09317090537421],[-123.1792025966305,49.08897228937492],[-123.1787050141406,49.08362150020322],[-123.17080408693468,49.080206298686754],[-123.16889151545715,49.077266692748054],[-123.16503131891757,49.077560099621884],[-123.16348831621718,49.075178804014605],[-123.15541638400008,49.072662205385],[-123.15044618459204,49.0723901941922],[-123.14466797814809,49.07282889254264],[-123.13968818796944,49.07397820476342],[-123.13326300695562,49.07784488236666],[-123.13010878636956,49.08100530669499],[-123.13017689065875,49.086484205103815],[-123.12212238882321,49.085790602700435],[-123.12805820597552,49.077473190872915],[-123.13234800442565,49.07355520120371],[-123.13534082058386,49.07174360259268],[-123.14955838124332,49.06873000137962],[-123.15533399199238,49.06810191629609],[-123.15828481223932,49.06610090587328],[-123.15778690463516,49.064472991723775],[-123.15414129906331,49.06303890721208],[-123.14925029652376,49.06212739226886],[-123.14401370826172,49.059237589293765],[-123.13551581498322,49.05545209742201],[-123.12917298556614,49.05317480552508],[-123.1248203272832,49.05455710481362],[-123.12473317334559,49.05662317008417],[-123.10994730333957,49.056393603919986],[-123.10736262769903,49.05545504564081],[-123.09963587547931,49.056047833301896],[-123.09949616574175,49.0528840529894],[-123.09081838472727,49.052897297759735],[-123.09081738389773,49.053899305567214],[-123.07970240245398,49.05388139923056],[-123.07970191116834,49.0375163919515],[-123.09095919510584,49.032110242986],[-123.09082881962298,49.024723190691546],[-123.10049684216365,49.02464066027221],[-123.09964963135205,49.02231092476551],[-123.09302326450022,49.01771786713632],[-123.09666093214051,49.01772224061362]],[[-123.13055820504651,49.06397231074764],[-123.13047119006049,49.06998417922533],[-123.1193999986407,49.06956662628056],[-123.11958424031616,49.06364656134947],[-123.13055820504651,49.06397231074764]]],[[[-123.12398139126654,49.05125490391499],[-123.12381650339178,49.05080490751014],[-123.15272699434219,49.030485714673816],[-123.15865848957269,49.02440579278689],[-123.16381829076863,49.025253210057755],[-123.16681160380747,49.024682108349815],[-123.17185297999893,49.01870179176396],[-123.1687118860961,49.01616960333465],[-123.16016921705042,49.01366290520091],[-123.15754560172846,49.01418850400936],[-123.15225649366543,49.0197272064924],[-123.15623008905342,49.0218008920996],[-123.15664630635328,49.02365239561789],[-123.15016839379223,49.03025498882261],[-123.12311400552238,49.04957441162026],[-123.12180207885412,49.04989060022332],[-123.12398139126654,49.05125490391499]]],[[[-123.10214959786606,49.026653082107444],[-123.12156736958615,49.013030346993396],[-123.12314204380176,49.01371568858108],[-123.1284315810576,49.01065244514709],[-123.13297859138785,49.007265398525234],[-123.1310206064623,49.005972196512985],[-123.12670259302553,49.007264012596494],[-123.1230331160772,49.01077610185306],[-123.10944789809122,49.02058601212385],[-123.10390399882736,49.023255868713534],[-123.10214959786606,49.026653082107444]]]]}},{"type":"Feature","properties":{"shapeName":"Waiwakum 14","shapeISO":"","shapeID":"43193130B9756217679681","shapeGroup":"CAN","shapeType":"ADM3"},"geometry":{"type":"Polygon","coordinates":[[[-123.15858109816496,49.76702024497878],[-123.15785477511551,49.769550012807585],[-123.16055025438513,49.76966265266675],[-123.1607537711165,49.771846933364344],[-123.16420381502515,49.770917688114835],[-123.15939127805858,49.76859291875118],[-123.15858109816496,49.76702024497878]]]}},{"type":"Feature","properties":{"shapeName":"Boothroyd 13","shapeISO":"","shapeID":"43193130B97570979574136","shapeGroup":"CAN","shapeType":"ADM3"},"geometry":{"type":"Polygon","coordinates":[[[-121.49561768188036,49.99429894226131],[-121.49516404538454,49.98655904371152],[-121.49805774761958,49.98468549293661],[-121.48425638104914,49.98455552079609],[-121.48468123266768,49.99408297423017],[-121.49561768188036,49.99429894226131]]]}},{"type":"Feature","properties":{"shapeName":"Mission","shapeISO":"","shapeID":"43193130B97596804825182","shapeGroup":"CAN","shapeType":"ADM3"},"geometry":{"type":"Polygon","coordinates":[[[-122.24969641261524,49.14318968765674],[-122.24570349002191,49.14579678840138],[-122.2419038138902,49.14521859242787],[-122.23694490280546,49.143167711702525],[-122.22818758623802,49.14417890240785],[-122.22491900716497,49.146652802760585],[-122.22632288350106,49.1492704969581],[-122.22632670460752,49.151928403168434],[-122.23341888979338,49.1505341885955],[-122.23418280460584,49.15415159098073],[-122.2362040202966,49.1568642975997],[-122.24333649322688,49.162222187425165],[-122.24779491340718,49.169712995220515],[-122.24890540659663,49.17635852260449],[-122.26996810465725,49.176641620885846],[-122.27025400984253,49.182967162404196],[-122.26927190844702,49.18660031098692],[-122.27024939805898,49.19541388231292],[-122.27020213607013,49.21005617556888],[-122.27041128971797,49.22082979249548],[-122.27024097346694,49.23330081549272],[-122.27055361488972,49.251820098548365],[-122.27103067692343,49.26380064104793],[-122.27436581527256,49.26400811651873],[-122.27435419954621,49.270976980060816],[-122.27313729139182,49.28311249107577],[-122.2774847686117,49.289741164701454],[-122.29266329226168,49.30243311144321],[-122.29835243355477,49.31271066888092],[-122.29441898549743,49.32395067931196],[-122.29601120631406,49.329076009348036],[-122.29666199015762,49.33637010813902],[-122.2991240945257,49.34591540398327],[-122.30166301757362,49.349035798967535],[-122.30242520195638,49.353922191564564],[-122.30099146611349,49.355822882904064],[-122.3327954246838,49.35398663128483],[-122.3605068551863,49.35342270515862],[-122.3639477142203,49.36100052158548],[-122.3737254277462,49.358580565687575],[-122.37125442133163,49.353261063225524],[-122.40996471190806,49.352950397227126],[-122.4098687072658,49.332735504951884],[-122.40863989920057,49.29336209284062],[-122.40914346738589,49.26426971658532],[-122.42428563199483,49.26407878610514],[-122.42412537462208,49.243550416661044],[-122.42441711964067,49.2356203684974],[-122.42449880811736,49.22037700830965],[-122.42397877426262,49.21918753398863],[-122.42431050790144,49.198317183545804],[-122.42378878618527,49.19110275930056],[-122.42517548357728,49.17996215002964],[-122.42192390883473,49.17669163722856],[-122.42249739989438,49.17352489535844],[-122.42580430076274,49.16883060493626],[-122.41830331346647,49.16550079053438],[-122.41260519955671,49.15999480857956],[-122.40125619417948,49.15305741319991],[-122.39506920760431,49.14833670877779],[-122.38857130591055,49.14046170152839],[-122.38723035149889,49.138006610124386],[-122.37276200935246,49.128212766963145],[-122.35988229942903,49.119185485843126],[-122.35587130815118,49.11614913376715],[-122.3436062860275,49.10954178152809],[-122.33841694764273,49.10905098724649],[-122.32793965206874,49.111226701230635],[-122.31811517881712,49.117552716917984],[-122.31546989840874,49.11980502082079],[-122.31189790714971,49.120479099489906],[-122.30713509583278,49.122431195069694],[-122.29915420287195,49.126775091748655],[-122.28923510833378,49.131266991254435],[-122.27115829868644,49.139813691997034],[-122.26451211039556,49.143557996695286],[-122.25957041196881,49.1451936013674],[-122.25590619528137,49.14504771135083],[-122.24969641261524,49.14318968765674]]]}},{"type":"Feature","properties":{"shapeName":"Chopaka 7 & 8","shapeISO":"","shapeID":"43193130B97797236784261","shapeGroup":"CAN","shapeType":"ADM3"},"geometry":{"type":"Polygon","coordinates":[[[-119.73687969137191,49.00008374847254],[-119.70270561377774,49.00004959229839],[-119.70337218102692,49.00190775651059],[-119.70101339679722,49.00648214213161],[-119.70103160637149,49.0093095298168],[-119.70629168342049,49.01242640997032],[-119.70786061207522,49.015833570789646],[-119.7010965312341,49.01614531855307],[-119.69865075177212,49.01743301107087],[-119.6972818676991,49.02065849461173],[-119.7006244363985,49.02397692641791],[-119.70050624019905,49.02755915080005],[-119.69895289699808,49.03091263896197],[-119.70093540305668,49.03137031640807],[-119.70391674140035,49.02928755539443],[-119.70703313028201,49.029203384484546],[-119.71136194245662,49.03101753415556],[-119.71015427867763,49.03467815521169],[-119.70718031229937,49.037321084569136],[-119.71112603409556,49.040373439185935],[-119.70778238477388,49.04600601287532],[-119.70828077169837,49.04908897212778],[-119.70973630717467,49.05016261562358],[-119.71386756329903,49.049569826450956],[-119.71793301643805,49.05674384907751],[-119.71651669739312,49.05861002249162],[-119.71107839401498,49.0609934843536],[-119.70769546069154,49.06568734663889],[-119.70751520603163,49.06788402962308],[-119.71212603548129,49.06828080245348],[-119.71529449050067,49.069354030428705],[-119.71668718048741,49.07274781486464],[-119.71092573594234,49.07821684036204],[-119.71080924285312,49.07959735805902],[-119.72975434674913,49.080593025929026],[-119.73214262468237,49.059011874720866],[-119.7349518757401,49.05910317589787],[-119.73687969137191,49.00008374847254]]]}},{"type":"Feature","properties":{"shapeName":"Coquitlam 1","shapeISO":"","shapeID":"43193130B98354556834582","shapeGroup":"CAN","shapeType":"ADM3"},"geometry":{"type":"Polygon","coordinates":[[[-122.80417637078068,49.22971012588849],[-122.80214498227966,49.23189484009103],[-122.80494981054584,49.23016919255804],[-122.80417637078068,49.22971012588849]]]}},{"type":"Feature","properties":{"shapeName":"Okanagan-Similkameen C","shapeISO":"","shapeID":"43193130B98438314889412","shapeGroup":"CAN","shapeType":"ADM3"},"geometry":{"type":"Polygon","coordinates":[[[-119.53718898597322,49.20457736152277],[-119.53730188016783,49.24085739516707],[-119.44882186138585,49.2407573648558],[-119.44868916358669,49.19447539412],[-119.44965955519116,49.16924267697781],[-119.44884649563315,49.12380098836753],[-119.44560950770479,49.12338398803453],[-119.44251721292348,49.12098420198979],[-119.4335385179836,49.120994203788726],[-119.4304892089233,49.119735187680895],[-119.42591561072088,49.120668107624404],[-119.42461380434978,49.12237849918307],[-119.41952749673591,49.1237528952465],[-119.41507090626735,49.12709410385641],[-119.40691141576035,49.12930729322881],[-119.39577051809943,49.12912499433554],[-119.39333139060116,49.12829470706862],[-119.38980580494606,49.125397890835465],[-119.38439820491921,49.12440380999029],[-119.37766261153776,49.12429980971542],[-119.37064910639403,49.120673803877004],[-119.36671347878377,49.120323393978666],[-119.3571819152897,49.11704630702201],[-119.35609952167773,49.11355980310124],[-119.3579622400082,49.11140421729707],[-119.34226048600263,49.114023929257705],[-119.32658039875746,49.113849223195025],[-119.32126066050395,49.116911118180454],[-119.30850322216608,49.123318012557675],[-119.29607507849623,49.13058558835501],[-119.28983280008502,49.13667329657988],[-119.28859959015023,49.1411780903622],[-119.28607937975612,49.14274049685914],[-119.28596601645359,49.14471300741576],[-119.27979799758272,49.145094708852035],[-119.27722109699444,49.149014106914805],[-119.27133741146632,49.153511788589235],[-119.26753180157526,49.15424379774141],[-119.26371020278567,49.15647699029039],[-119.26125664545332,49.1595675808663],[-119.25597402890301,49.16188682125806],[-119.25436304515983,49.16567133523537],[-119.24235217385565,49.16948219589425],[-119.23567305417438,49.179643057121375],[-119.2289270840108,49.183030943340384],[-119.22078899322766,49.18488752186645],[-119.21789840059117,49.193742673138914],[-119.21139568867251,49.197482879715594],[-119.19723521354814,49.199220290424094],[-119.18910883565589,49.198334262952386],[-119.18097923817491,49.2044377658293],[-119.1815604580511,49.207530199693586],[-119.18090776918304,49.21056327669661],[-119.17624291062472,49.21525213606583],[-119.17913883182051,49.2161580746329],[-119.18047355088764,49.21831507778093],[-119.18692210485956,49.21696540910305],[-119.19593948487038,49.21598963658895],[-119.21291230835641,49.222443651143294],[-119.21997849700686,49.228980381585814],[-119.22844704962128,49.23313412045908],[-119.23738440014556,49.23894486269479],[-119.23084414274885,49.24694120676043],[-119.2329052071384,49.25532241095733],[-119.22866686348185,49.26305112841658],[-119.22512079308413,49.265109221624265],[-119.22268233838604,49.26964807929425],[-119.22057974455076,49.276099629519],[-119.21335095276088,49.285699923708464],[-119.20281321740907,49.29119226683391],[-119.18935542188038,49.29675711423578],[-119.18681645614497,49.29824745001106],[-119.17553225981787,49.30845489926393],[-119.1750375596625,49.310027880432884],[-119.17737997364421,49.312289168187895],[-119.18687274022582,49.31676429022603],[-119.20577689398145,49.323929636263834],[-119.20813379056209,49.326740172777264],[-119.20201487362681,49.339316382667484],[-119.20259313548156,49.341948284787094],[-119.20689783650721,49.344032664924924],[-119.2208127931114,49.3202055011811],[-119.22061789705492,49.31374101125127],[-119.21926099903068,49.30678661089644],[-119.21778288767356,49.30512311219852],[-119.21836241080563,49.29413680787773],[-119.2202829974889,49.28763240344866],[-119.22612569483016,49.2778038984503],[-119.225597613788,49.276446704479596],[-119.22790727934672,49.272776497129314],[-119.2287731219567,49.26607560090854],[-119.23318678551914,49.2602861925056],[-119.23682939322502,49.2578593071645],[-119.23787869773611,49.25582410044206],[-119.24315669778028,49.25492968779682],[-119.24995471698739,49.256012107473666],[-119.25336148496339,49.25417349954935],[-119.25697798098115,49.25424609942619],[-119.26157080561143,49.256980600062995],[-119.26628669125957,49.25822961196833],[-119.26972980610235,49.257792406228134],[-119.2738919035015,49.2553355903262],[-119.28176439570969,49.25465911064624],[-119.28527668064243,49.25273639522214],[-119.29171888943176,49.25150159540566],[-119.30112221834614,49.24860760689529],[-119.30720689622841,49.24972709959236],[-119.31383067795649,49.249440798433355],[-119.31766678483936,49.24857349216527],[-119.3232588038507,49.249720006583686],[-119.32876790698933,49.25001330905499],[-119.33629491444714,49.252534197056974],[-119.34426330604319,49.254495288222074],[-119.34803808121951,49.25641659949246],[-119.35162560244089,49.25471470912173],[-119.3548397957019,49.25439710516209],[-119.36049070575459,49.251807809194105],[-119.36571668495468,49.25077390462812],[-119.36848260965976,49.249376691483434],[-119.37704551958271,49.247699000765],[-119.38202538726668,49.24722760911184],[-119.38523811280591,49.24774600090243],[-119.39203278654969,49.25103309516259],[-119.39422358243174,49.250573096227185],[-119.39928408762631,49.251782205686865],[-119.4111971129891,49.25369349744003],[-119.42285739576326,49.25322348828214],[-119.42593501377799,49.25462640237983],[-119.44232949546053,49.25821109918664],[-119.4471593040543,49.25803730449079],[-119.45576388455723,49.25887049255977],[-119.45642720724206,49.25950428561255],[-119.46398529953271,49.25978297081744],[-119.47949226750035,49.25942951379487],[-119.47999314504227,49.262883929264454],[-119.50080229493392,49.26275446206027],[-119.50376856238884,49.262945301736444],[-119.50391109427511,49.26988997768199],[-119.51490912350887,49.269852144882954],[-119.51490839173502,49.277420607644245],[-119.51900274022503,49.277152801035484],[-119.5210895551574,49.274189416929524],[-119.52538991787644,49.27354560678829],[-119.55416698981908,49.27382153364764],[-119.55395263229717,49.282303849410816],[-119.58043918668037,49.28244230010339],[-119.58063566947992,49.283984579748704],[-119.61389685343478,49.284810868749936],[-119.61401264006207,49.29898589224889],[-119.67044889309429,49.29946142714553],[-119.67004963527583,49.277596790291696],[-119.67554793552526,49.27773406504776],[-119.67624121442013,49.22213543850643],[-119.67638449084777,49.19649254271158],[-119.67647830452007,49.182431507835034],[-119.6709473306301,49.18243929224709],[-119.67039635701609,49.135060048456445],[-119.66962147233149,49.120932794109514],[-119.63704196540395,49.121301675011956],[-119.63709707620892,49.117491016515466],[-119.63133289159504,49.11768943966882],[-119.63092098976351,49.114104489048565],[-119.60606819363029,49.11391489441403],[-119.60410999055149,49.114492815181386],[-119.60403048911722,49.094630486847514],[-119.5929828262884,49.09463034922203],[-119.59318476879847,49.09226038894978],[-119.58179441050395,49.091951736429486],[-119.57029542953423,49.09225292595878],[-119.570103779722,49.095873338961916],[-119.56452159908585,49.0957834544373],[-119.55973597155095,49.09043476087088],[-119.5592150738584,49.081290245156325],[-119.54608751398243,49.081185957871504],[-119.54639735028992,49.08440602076917],[-119.55252876409317,49.09036224365275],[-119.55582467303597,49.10054463480697],[-119.55704590059476,49.10227674646232],[-119.56189149320961,49.10556818677112],[-119.55713812130577,49.107593405471455],[-119.55001942102243,49.10113786659279],[-119.54285473363403,49.09548302630321],[-119.53415502175808,49.09580939663058],[-119.52617070305138,49.0943493572401],[-119.52646795629356,49.10947149089346],[-119.53737904957607,49.10989823013437],[-119.53744850268001,49.124873333034664],[-119.54869291844497,49.12497986773254],[-119.54869425541385,49.13158475904089],[-119.5600172938001,49.13177271904134],[-119.55941689862442,49.15369952373466],[-119.55370255118002,49.154108441645405],[-119.53655219644429,49.15397319473868],[-119.5370716440791,49.15768154304999],[-119.53703632089767,49.175944872520155],[-119.54012465628132,49.175551980579876],[-119.53903466031454,49.17090889267662],[-119.54451319428716,49.16998770821684],[-119.54839400599641,49.17318088126682],[-119.55070383925438,49.16938905173908],[-119.55298961517595,49.16807790249014],[-119.55674478983049,49.17088011889651],[-119.56290152556967,49.17256399171976],[-119.56494971313948,49.17097662785685],[-119.56996061122119,49.1744086033907],[-119.57496197918756,49.17482146304937],[-119.57631293750224,49.17579392619648],[-119.57443520471286,49.17988535498338],[-119.56650139905923,49.17879601259853],[-119.56385007296643,49.18067757872217],[-119.55352265234761,49.189790265552126],[-119.55238189994405,49.1912295017258],[-119.55537417570574,49.19552710043283],[-119.55165124598939,49.19529630753988],[-119.5525752193784,49.19844699714865],[-119.55141531608723,49.20203460001523],[-119.5472938132292,49.204131344015],[-119.54486760159011,49.20273831452618],[-119.53910326912604,49.204769228773316],[-119.53718898597322,49.20457736152277]]]}},{"type":"Feature","properties":{"shapeName":"Paqulh","shapeISO":"","shapeID":"43193130B99351626137714","shapeGroup":"CAN","shapeType":"ADM3"},"geometry":{"type":"Polygon","coordinates":[[[-122.53207277363573,50.12380251763262],[-122.5328721986599,50.12031918725808],[-122.52916460086603,50.120403185581914],[-122.52678282099664,50.11926960034316],[-122.52289461095641,50.12187019528228],[-122.5221683402897,50.123839595721726],[-122.53207277363573,50.12380251763262]]]}}]}
