{"type":"FeatureCollection","crs":{"type":"name","properties":{"name":"EPSG:4326"}},"features":[{"type":"Feature","id":805,"geometry":{"type":"MultiPolygon","coordinates":[[[[-87.5380935897473,19.2827952967656],[-87.5311815380975,19.2775334731913],[-87.5134125739311,19.2782043611424],[-87.5145035621896,19.2751166351247],[-87.5135956336316,19.2721107168362],[-87.5109865160148,19.2699899283925],[-87.5057065872891,19.2749736402214],[-87.5005336122364,19.2712859377958],[-87.4957735294248,19.2686059077365],[-87.5091475256378,19.2543259947489],[-87.511939538379,19.2508951153173],[-87.5197145911554,19.2531930971837],[-87.5266955425652,19.2536587958168],[-87.5281675726753,19.2551957012207],[-87.5315015591496,19.2550607525517],[-87.5348895238324,19.253336092087],[-87.5421445643202,19.2518771381195],[-87.5432665656994,19.2508659449075],[-87.5473705130387,19.2498562607579],[-87.5517275943529,19.2474833446807],[-87.5539325377564,19.2455223154026],[-87.555473634001,19.2417254802468],[-87.5555576207875,19.2387076603303],[-87.5629806339491,19.2291834711403],[-87.571945583322,19.2104354995987],[-87.5716326030621,19.2035267997221],[-87.5736385597717,19.193989368015],[-87.5763095372553,19.1828069027164],[-87.5862575148724,19.1637290211775],[-87.5915605768591,19.1564925885622],[-87.5915986307722,19.1436662650861],[-87.5866925358318,19.1295221389356],[-87.5840835836904,19.1193268954199],[-87.5824665477929,19.1097882891983],[-87.5848235386753,19.0933423239891],[-87.5904766302922,19.0759104796849],[-87.5964435394378,19.0663720416364],[-87.6014255749303,19.0555174781492],[-87.6146845721353,19.0318360857668],[-87.6163485472476,19.025585365872],[-87.6328885572611,19.0078234433972],[-87.6385116402999,19.0012458280326],[-87.6424865070466,18.9953250190345],[-87.6441575229513,18.9890754718556],[-87.6441726099779,18.984801707333],[-87.6428605072066,18.9811829037681],[-87.6438755558122,18.9736172311503],[-87.6491776123569,18.96539491944],[-87.6534805463901,18.9578294131969],[-87.6578066136842,18.9459889688159],[-87.6597976506411,18.9400695016063],[-87.6604846319602,18.9328327344432],[-87.6668315766159,18.9042164139564],[-87.6678385789872,18.8982969458474],[-87.6685336056414,18.8881003614426],[-87.670196576211,18.8811928342819],[-87.6751866579379,18.8663925726592],[-87.67752051466,18.8588262291472],[-87.6788715104119,18.8489607292543],[-87.679214664725,18.8436960548291],[-87.6812135806422,18.8364604612813],[-87.6855396488357,18.8246200169003],[-87.6875456064445,18.8144237670433],[-87.6895596102877,18.8025824853934],[-87.6885906618296,18.7943600046106],[-87.6899485302005,18.7835054411233],[-87.6969065156231,18.7710071849337],[-87.7038805953132,18.7558773469621],[-87.7121585615683,18.7443659762089],[-87.7240675702621,18.7305515936811],[-87.7349855017794,18.7170656147863],[-87.7369916266622,18.7094991031012],[-87.7403485791236,18.689437185178],[-87.7433776306731,18.6673996527718],[-87.7496796487967,18.6552292965948],[-87.7549895852011,18.6443747331075],[-87.759315651596,18.6315465651219],[-87.7623215707839,18.620036367984],[-87.7706295447177,18.5960248983304],[-87.7742996447128,18.5822106830766],[-87.7783045191382,18.5680685678102],[-87.7796476350303,18.5595160097561],[-87.7786865664319,18.549320429894],[-87.7787016525592,18.543397778185],[-87.7793955073967,18.5338605128524],[-87.7820666521542,18.5210341893764],[-87.7817766378815,18.5098497131938],[-87.7811355903352,18.5012984951295],[-87.7838055623768,18.490774177986],[-87.7917635075798,18.4763019836496],[-87.7931136651635,18.466433465632],[-87.7921525956657,18.4572241012114],[-87.7941666004082,18.4453838250035],[-87.7922365833516,18.4302536515848],[-87.7948916347411,18.4230172189695],[-87.8001786042591,18.419399421746],[-87.8058246541844,18.4069009991818],[-87.8141096621312,18.3920988930495],[-87.8167645462468,18.3855212776849],[-87.8200985318218,18.3746670487454],[-87.8260575620068,18.3671013761277],[-87.8320085459576,18.3601946871352],[-87.8396456328396,18.3444068700811],[-87.8439485668728,18.3374991756465],[-87.8486025350789,18.3259869667252],[-87.8522645879403,18.3144744232561],[-87.8569026309516,18.305925048802],[-87.862197646704,18.3006603761755],[-87.8651505913267,18.3055951379054],[-87.8578335245974,18.3259869667252],[-87.8495025837772,18.3549310199506],[-87.8441846011384,18.3680892670061],[-87.8391876458931,18.3851913667882],[-87.8358685800709,18.3940738366383],[-87.8341905233739,18.4022953110798],[-87.8325045868172,18.4147933990961],[-87.8315966591584,18.4331695477365],[-87.8357545856056,18.4305815515974],[-87.8453366101963,18.4253200625709],[-87.8529435230251,18.4180834626817],[-87.8588945060766,18.411833580955],[-87.8691256253473,18.4085440191912],[-87.8783566148658,18.4101897218782],[-87.8902285750887,18.4082159519047],[-87.9037705448747,18.400321540207],[-87.9202725009751,18.3960457639009],[-87.9281845151032,18.3953877839191],[-87.9350965667531,18.4006494402195],[-87.9340815190469,18.4082141082945],[-87.9228135587987,18.4276197216728],[-87.9188306458176,18.4368292551661],[-87.9178166026541,18.4447238341377],[-87.9280165406308,18.4532762249179],[-87.9546885961018,18.4641296156893],[-87.9652325265598,18.4670894338304],[-87.9718165118225,18.4697203456175],[-87.9734496419874,18.4769557718914],[-87.9691465397809,18.4825485127038],[-87.93940754792,18.5022823633404],[-87.9291685496888,18.5085320777932],[-87.9242096492559,18.5128086922674],[-87.924514582382,18.5213600776056],[-87.9281085745511,18.5312267511137],[-87.931716649204,18.5381342782744],[-87.9386065730349,18.5489885072139],[-87.9452056462235,18.547344648137],[-87.9541315344427,18.5401082164211],[-87.9620586346982,18.5351742919601],[-87.9693376484137,18.528266933872],[-87.9782486168801,18.5259637539241],[-87.9871525445542,18.5249758630457],[-87.9994045402873,18.5075440187415],[-88.0096586246458,18.4960316434456],[-88.022895662205,18.4795858464097],[-88.0258945388019,18.4693942901145],[-88.0546265300903,18.4826204296891],[-88.0709536390991,18.4851971950945],[-88.0735706365756,18.4868501058477],[-88.0747065531648,18.4903161910394],[-88.0708315992989,18.504954010819],[-88.0717165600711,18.5093350635624],[-88.0785525047942,18.5174924999789],[-88.0789645588673,18.5214063459262],[-88.0759276283573,18.5293958078703],[-88.0586086049032,18.5415039696325],[-88.0498736562442,18.545028895667],[-88.045669627851,18.5511602584392],[-88.0442046394325,18.5651506598751],[-88.0454555550298,18.5759700211996],[-88.0417475683955,18.5809617801621],[-88.0409695603968,18.5841633306732],[-88.0434725643074,18.592020023905],[-88.03521756314,18.6084180453565],[-88.0331115262759,18.6182612492573],[-88.020179590016,18.6267668689958],[-88.0137635792258,18.6351574888271],[-88.0091625837862,18.6493207255711],[-88.0039515548204,18.6703681880415],[-88.0014115033381,18.6900841008007],[-88.0025324992754,18.6949280031249],[-88.009101563886,18.70469325469],[-88.0093996252924,18.7143497098713],[-88.0003966220065,18.7272580092498],[-87.9970856033179,18.7298899273783],[-87.9928135151316,18.7272580092498],[-87.9895175825703,18.7249561710905],[-87.9849085417957,18.7223232466206],[-87.9819646497488,18.7147595857863],[-87.9816665892417,18.704563167756],[-87.975753659204,18.6973277405828],[-87.966857609591,18.6963396833298],[-87.9457476190573,18.6963416942139],[-87.9338756588346,18.697655642394],[-87.9256136168749,18.7048914032158],[-87.9179996641531,18.7147595857863],[-87.9110415105573,18.7249561710905],[-87.9037624986404,18.7348235145936],[-87.8994595646072,18.7400860090621],[-87.8935085806564,18.7437039735596],[-87.886253541068,18.7450199317245],[-87.8789825753855,18.7506114998209],[-87.8736956058675,18.7555462615508],[-87.8627855533106,18.7644258823486],[-87.8558426549146,18.7693603086314],[-87.8423236511156,18.7713342467781],[-87.8344195168472,18.7677156122857],[-87.8278355315845,18.7627818559979],[-87.819930559148,18.7614679087171],[-87.8130265528331,18.7545593761143],[-87.8084336054265,18.746007822603],[-87.8045276384397,18.7298919382624],[-87.8002625910457,18.7229830711119],[-87.7926716043111,18.7242990301762],[-87.7857365848755,18.7275899319299],[-87.7712025315715,18.736799465423],[-87.7622675907767,18.7466658025847],[-87.7500305147964,18.7585079233021],[-87.7410885332092,18.7719944058172],[-87.7347945622192,18.7831755293273],[-87.729164605662,18.7900842292038],[-87.7238615427759,18.7986356136427],[-87.716560570314,18.8147516670558],[-87.7132415035925,18.8226464142007],[-87.7019725379023,18.8420521957523],[-87.6983185312752,18.8502746756358],[-87.6946566447883,18.8624450318128],[-87.6903386237285,18.8729703552977],[-87.6860195972266,18.8841524842498],[-87.6820065101923,18.9012565958153],[-87.6823275357871,18.9061903521031],[-87.68859854079,18.9045444812429],[-87.6915895393257,18.89467898135],[-87.7005385617052,18.8802069551869],[-87.7124556166333,18.8657327490671],[-87.7306676479935,18.8400782576056],[-87.734977622819,18.8321848522492],[-87.7392886039859,18.8236322941951],[-87.7469025567076,18.8134358761648],[-87.7558286131,18.804226343571],[-87.759147510749,18.7969897436818],[-87.7641215000072,18.7890963383254],[-87.7710645656771,18.782845616632],[-87.7756885271038,18.7798858002895],[-87.7829516138259,18.7765979139626],[-87.7882305362102,18.7765979139626],[-87.7908475336867,18.782845616632],[-87.7974165991967,18.7913981755854],[-87.803337576368,18.7960020200772],[-87.8118896308018,18.8019224936282],[-87.8349685313726,18.8025804727107],[-87.8478396141069,18.8012646818196],[-87.8603745833203,18.7979756227768],[-87.8722455372018,18.7969877318984],[-87.8861085343813,18.7946860619123],[-87.8989715708813,18.793370102848],[-87.907218524915,18.7904102847069],[-87.9164736549352,18.7831736848178],[-87.9300005376946,18.7795557203203],[-87.9432065621331,18.7746219649318],[-87.9521106570811,18.7752799440142],[-87.9550625962618,18.77988395578],[-87.9524005040799,18.788764414746],[-87.9391785544467,18.7979736118927],[-87.9276276207181,18.8032364409091],[-87.9167326560872,18.8068542381326],[-87.9051976475533,18.8061982699343],[-87.8982616226757,18.8091579199021],[-87.8988875840947,18.8196825733921],[-87.9041364988004,18.8285640378002],[-87.9060826101243,18.8390883549437],[-87.9063716180557,18.8525746701849],[-87.907997539255,18.8614549609777],[-87.9083095140728,18.8680325763424],[-87.9092715881133,18.8755990880275],[-87.9125135406673,18.8940169787007],[-87.9157865063422,18.9022384522428],[-87.9220585167871,18.900594593166],[-87.9253846243009,18.890399348751],[-87.9310375468453,18.8739532171673],[-87.9366835967705,18.8607969818952],[-87.9426494995747,18.8512587111207],[-87.9542086477109,18.8443508503116],[-87.9717335313773,18.8295487441792],[-87.9793315589043,18.8239583496981],[-87.9912035191271,18.8239583496981],[-88.006378619078,18.8203383734173],[-88.0172725791662,18.8163926761811],[-88.0204545172621,18.8150138527072],[-88.0253606122025,18.8168744681822],[-88.0274656427252,18.8203574840107],[-88.0317536570057,18.8524923597346],[-88.028037624137,18.8561902883512],[-88.0227355675923,18.8640846991496],[-88.0147854995511,18.8752673317221],[-88.0068746599376,18.8749390962623],[-88.0036005206475,18.8680307318328],[-87.9989926543875,18.8640846991496],[-87.9927216493846,18.8667166172781],[-87.9854505164282,18.8716503726666],[-87.9794995315781,18.8778990816774],[-87.9732055605881,18.8884244051622],[-87.9715425909178,18.8933591668921],[-87.9682156461351,18.9022384522428],[-87.9625925630963,18.9088172403235],[-87.9559785701549,18.9150667866029],[-87.945739572823,18.9193425638083],[-87.938156633222,18.9209874292265],[-87.9292525373747,18.9193425638083],[-87.9226605049783,18.9206593610407],[-87.9173505703725,18.9308549400035],[-87.9192805874291,18.9466430934041],[-87.9142985510373,18.9581553023254],[-87.9136276639855,18.9630870459305],[-87.9123616613616,18.9699917231396],[-87.8985675630425,18.9769262389548],[-87.8868786643189,18.9825929076366],[-87.8743745400529,18.9854977412278],[-87.8617245718315,18.9906502638986],[-87.8490595156841,18.9974137889153],[-87.8508916334421,18.9930193245822],[-87.8588175600823,18.9867716219129],[-87.8647615032407,18.9847976837661],[-87.870040592899,18.9828239128933],[-87.8736956058675,18.9749293339217],[-87.8733905045681,18.9657199686017],[-87.8697815926463,18.9614450313632],[-87.8651655110795,18.9601290722989],[-87.8595736084353,18.9558534641661],[-87.8572766311116,18.9509197078783],[-87.8520205074404,18.9456570461358],[-87.8414765760831,18.9423671489249],[-87.8372195749234,18.933486858132],[-87.8395535998187,18.9246074046081],[-87.8418735431295,18.9196726428782],[-87.8494876640244,18.9101350429979],[-87.85214254814,18.9035565903644],[-87.8495175044292,18.899608714071],[-87.8445735219505,18.8986228340766],[-87.8353276117798,18.904214402173],[-87.8280566460973,18.9104631111837],[-87.8247375802751,18.9176987047315],[-87.8233946316569,18.9242771582643],[-87.8217316619866,18.9308567836137],[-87.8177105278186,18.9505906342504],[-87.8133925067588,18.9621030113449],[-87.8094176409114,18.9686816312523],[-87.8047785915587,18.9746012657359],[-87.8024445675627,18.9847976837661],[-87.8004456507462,18.9917052100275],[-87.7948225677073,18.9966399717574],[-87.7898785861278,18.9966399717574],[-87.7842635493233,18.9999278571849],[-87.7809525297354,19.0032177543959],[-87.777297516767,19.0120982133619],[-87.7756275072036,19.0213075777825],[-87.7732845970065,19.030846015831],[-87.7696376311717,19.0384116902474],[-87.7636715601943,19.0492657510136],[-87.7596816064209,19.0588043572354],[-87.7540516498637,19.0683416216685],[-87.7474366523796,19.0755782215577],[-87.7269596622586,19.0861038795904],[-87.7223206138053,19.0939982921875],[-87.714370545764,19.1051807565867],[-87.6981656447287,19.1219564654186],[-87.6898875103003,19.1344548888821],[-87.6793055250299,19.1423482951378],[-87.6651156341791,19.1469543177876],[-87.6535645331766,19.1512307649879],[-87.6456295530614,19.158136447639],[-87.6373515850076,19.168662776566],[-87.6314006010568,19.175898371013],[-87.6283945163938,19.1880687271901],[-87.6290436101744,19.1961002657147],[-87.625907604952,19.2019608929809],[-87.6176685289794,19.2024899587446],[-87.6159205670805,19.2052127362788],[-87.617523523192,19.2093803861959],[-87.6063615102755,19.2342090922758],[-87.5995555723318,19.2471742198144],[-87.5892865673212,19.2520260010991],[-87.5805125584078,19.2663280419056],[-87.5816575257742,19.2693398282705],[-87.584571579215,19.2689379985898],[-87.6126935351785,19.2435254103694],[-87.6247326299069,19.234799848834],[-87.6428145743331,19.2261904608212],[-87.6457215860823,19.2260194700225],[-87.6473696359998,19.2283472922937],[-87.6162186275876,19.2484212800181],[-87.5907896096527,19.2722788576832],[-87.5580445322294,19.2985133767909],[-87.5531615696507,19.3034360687196],[-87.5492556026639,19.2992412619747],[-87.5433505533853,19.2883880375779],[-87.5380935897473,19.2827952967656]]],[[[-87.4892505640622,19.5173115597807],[-87.4955445350522,19.5061272517713],[-87.4998545098777,19.4992215691202],[-87.499877644038,19.4916550583343],[-87.4946136414064,19.4880372602115],[-87.4899975589402,19.4870512129432],[-87.4873656417109,19.4847493747839],[-87.484756523195,19.4752109367354],[-87.4854435036148,19.4673173632058],[-87.488761563995,19.4600809305905],[-87.4943776071408,19.4561330551964],[-87.5066376491082,19.4466024961084],[-87.5081095110451,19.445984581823],[-87.5125356593931,19.4449697013907],[-87.5193325438618,19.4419087967536],[-87.5275955921628,19.4405410376388],[-87.5306776182774,19.4390400070907],[-87.5345225635654,19.4386871293076],[-87.539459505252,19.4364044017418],[-87.5424726316066,19.4342992030458],[-87.5456165157896,19.4334023388469],[-87.5475386538857,19.4332254808713],[-87.554710545755,19.4337853915826],[-87.557144650805,19.4323443745932],[-87.5602875286465,19.4314456676835],[-87.5658036589117,19.428498758411],[-87.568466590161,19.4264467006548],[-87.5816035466663,19.4288117377715],[-87.5946736160945,19.4305327110159],[-87.6255795367662,19.4266029389745],[-87.6441955768643,19.3983586077636],[-87.6536636069898,19.3888439738703],[-87.6670075973227,19.3812895319863],[-87.6757276262289,19.3738777513572],[-87.6772915211867,19.3748887763959],[-87.6812285012942,19.3821243699438],[-87.6805495671088,19.3890330698204],[-87.6795425647375,19.3933086788525],[-87.6752245436777,19.4058069350421],[-87.6689525341321,19.4081089395759],[-87.6603696320528,19.4117287485829],[-87.6491246386911,19.4219251666132],[-87.6425245600603,19.4232409584035],[-87.6365816232433,19.4252128838676],[-87.6329346574085,19.4324483110408],[-87.6339036049674,19.4390269309482],[-87.6309206535653,19.4462647053519],[-87.6140596170576,19.4587627933683],[-87.6084286550583,19.4669854396264],[-87.6037906120471,19.4761949722202],[-87.5974956347158,19.4854053429822],[-87.589233592756,19.491325145639],[-87.5786586491773,19.4985617464275],[-87.57504252829,19.5019564173548],[-87.5726166376477,19.5030792560029],[-87.5649646310129,19.5037831688582],[-87.5575565367048,19.5068921836274],[-87.5477295943452,19.5114350082191],[-87.5467525987534,19.5123697581579],[-87.5437696482506,19.5101970005912],[-87.5322566011612,19.5118029730288],[-87.5161665318599,19.5167047098545],[-87.5029985622338,19.5201894029187],[-87.4880985550043,19.5277059581635],[-87.48593149824,19.5248752224136],[-87.4892505640622,19.5173115597807]]],[[[-87.6679916319083,19.445318891054],[-87.6990665315951,19.4309635411346],[-87.7116395547216,19.4338693792685],[-87.7149356536574,19.4406369269527],[-87.7080765747741,19.4456047135867],[-87.7021255917226,19.4515255225849],[-87.7004626220523,19.4564589434256],[-87.6997905613853,19.4607347197316],[-87.6964725010051,19.4669854396264],[-87.6902006578341,19.468957366889],[-87.6743315357717,19.4827734248537],[-87.6697005353514,19.4886930611359],[-87.6604465780471,19.4939548838109],[-87.6578906013701,19.4983057616017],[-87.6550065547087,19.5009856252864],[-87.6520385230593,19.5037432713349],[-87.644973584863,19.505444294019],[-87.6405335231036,19.5090340962466],[-87.633499598028,19.5210762082005],[-87.6159286142141,19.5379682578289],[-87.6082836483716,19.544252840796],[-87.5979995554351,19.5493357946113],[-87.583434658083,19.5499677895819],[-87.5766295583074,19.5507506602149],[-87.5675425691342,19.5563164105739],[-87.5615005576046,19.5631200021864],[-87.558715586555,19.5521735720528],[-87.5570755837711,19.5488856866252],[-87.561393604831,19.5383591904243],[-87.5656965388641,19.5330977013979],[-87.571983637235,19.5265199187593],[-87.5809095245549,19.5199412988519],[-87.5901566092401,19.5146776307681],[-87.5994035239534,19.5090869017392],[-87.6066666106755,19.5054692717895],[-87.6238475009613,19.4932969047284],[-87.631454581064,19.4863913902505],[-87.6367495968164,19.4801416748984],[-87.6466826546807,19.4676434187089],[-87.6617206269054,19.4499643094054],[-87.6679916319083,19.445318891054]]],[[[-86.7387926208827,20.5700294815754],[-86.7695235280883,20.5153945611102],[-86.7684855125963,20.5087039576216],[-86.7710725032933,20.5030222010138],[-86.78886460162,20.4758767370218],[-86.7938535097317,20.4716309683945],[-86.8079835551969,20.4535869097082],[-86.8146285603597,20.4420244088994],[-86.8286585247711,20.4370759010321],[-86.8371886195591,20.4278584903771],[-86.8437955717083,20.4174449814008],[-86.8669125252928,20.3908763596563],[-86.8776546051758,20.3715984850821],[-86.884673611398,20.354528572036],[-86.8899615863581,20.3477598498372],[-86.895217541856,20.3425972682494],[-86.9040225638902,20.3411973232979],[-86.9099886348675,20.3365104983608],[-86.9257655557358,20.3104521663345],[-86.9449235686677,20.2945838833396],[-86.9497755172263,20.2857342693211],[-86.955444534038,20.2831077156486],[-86.9622196261348,20.2754498418368],[-86.969116590758,20.272393297113],[-86.973121631558,20.2678905382178],[-86.9805446456189,20.2634655643843],[-86.9842755991396,20.2603359290599],[-86.9920345594473,20.2616626170362],[-86.9928435796674,20.268346346107],[-86.9985125955798,20.275370045891],[-86.9956966123088,20.2805926419369],[-86.9999546189105,20.2857453327809],[-87.0131145423023,20.2950110244393],[-87.0139616173348,20.3003154282145],[-87.0123365343036,20.3165955989078],[-87.015624587005,20.3214975030074],[-87.021781598442,20.338412351349],[-87.0191805261603,20.3447881300682],[-87.0221785645891,20.3515208101373],[-87.0233845527549,20.3618900616771],[-87.0214386096041,20.3813789927464],[-87.0155335603255,20.4030758853439],[-87.015846539686,20.4099753635722],[-87.0136035423695,20.4119933909823],[-87.0093155280891,20.4176409499699],[-87.0078046067972,20.4293261605739],[-87.0030215570991,20.4354198048802],[-86.9930955400271,20.4423164349556],[-86.9883116530603,20.4481810848892],[-86.9775466071901,20.4690751580921],[-86.9708405812278,20.4739748831344],[-86.9583285789008,20.4959755352428],[-86.9566495158624,20.5046699163836],[-86.9363096552663,20.5368282608156],[-86.9303585031424,20.550247351734],[-86.927146558267,20.5510505056764],[-86.9085005122888,20.5557101737855],[-86.8946075074305,20.5645745402829],[-86.8902286328451,20.5642426158041],[-86.8741456052355,20.5539821606482],[-86.8501666559663,20.5472077394457],[-86.82258550102,20.5568901778395],[-86.8157576034306,20.5569552222058],[-86.8054966437551,20.5573981221257],[-86.7853086633641,20.5644296999707],[-86.7728196270241,20.5749940828107],[-86.7688905258771,20.5758178573083],[-86.7695005612019,20.5712363088086],[-86.7733916084359,20.5625987567273],[-86.7609485049695,20.5688204761841],[-86.7585526220059,20.5792438759042],[-86.7471465276901,20.5860905504386],[-86.7415846327246,20.5930780390203],[-86.7383876067026,20.5941480730752],[-86.7349625944481,20.5853334957443],[-86.7350995540012,20.580049711625],[-86.7387926208827,20.5700294815754]]],[[[-87.3302005993781,21.4276368135882],[-87.3341756316001,21.41941416733],[-87.333221603794,21.4092175820259],[-87.3286135693607,21.4052700411795],[-87.3217005113694,21.4023100557645],[-87.3134616026708,21.4006661966877],[-87.303916626551,21.3947453876896],[-87.2983555688544,21.3907007848134],[-87.301963642608,21.3875097941417],[-87.3056025631078,21.382906285097],[-87.309577596229,21.3756695179339],[-87.3112415722407,21.3704058498502],[-87.313911543383,21.3605393436159],[-87.3165585476388,21.3565914682217],[-87.3188855317418,21.3516577119339],[-87.3221965522291,21.3467232856511],[-87.3268205118571,21.3431054884276],[-87.3317646616098,21.3440933802054],[-87.3357316493961,21.3404754148086],[-87.3373946181671,21.3358697267066],[-87.3377376061056,21.3322510913148],[-87.3397365220229,21.3256731423018],[-87.3390956417504,21.3200825796474],[-87.3377915852134,21.314491011551],[-87.3361735429746,21.3049524062286],[-87.3368526453333,21.2983729481531],[-87.3381885522599,21.2914670982281],[-87.3415066117407,21.2839005856436],[-87.3461376139597,21.2799547211335],[-87.3550495887675,21.2783108620567],[-87.3616406139232,21.2783108620567],[-87.3665926426363,21.2773229711783],[-87.3735276620719,21.2714021621801],[-87.3768385143859,21.267456464944],[-87.3775095687116,21.2628507768419],[-87.3759005790484,21.2519962133546],[-87.3736036017248,21.2480506833924],[-87.3696595808249,21.2417999625982],[-87.3643955781934,21.2388401453564],[-87.3564686452117,21.2441028070989],[-87.3442456508161,21.2510105006342],[-87.3366546640814,21.2546281296845],[-87.3287426499533,21.2536424178633],[-87.3261186116845,21.2477226152066],[-87.3297804981714,21.2371961181064],[-87.3340916457128,21.2293025445768],[-87.3370745971149,21.2233819037519],[-87.3374256312878,21.2158163984081],[-87.3371195236471,21.2092376103275],[-87.3354795208631,21.2049618331221],[-87.3295595509325,21.2006882358734],[-87.31999965506,21.1997001768218],[-87.3127516553646,21.1983832132148],[-87.3071595854465,21.1937797041701],[-87.3032226053389,21.1868738542451],[-87.3009335069758,21.1799653216423],[-87.2983165086,21.1740455189856],[-87.2891006070074,21.1668089190964],[-87.2864685216049,21.164507248211],[-87.2841566254279,21.1658232072753],[-87.2838215173491,21.1700998217494],[-87.285110653234,21.1796374216298],[-87.2831035229092,21.1875318333275],[-87.2768175981536,21.1947674268753],[-87.270553633943,21.1944376832525],[-87.2615965653292,21.2118715393401],[-87.2483826619303,21.2217380446751],[-87.2378236444456,21.2240418946178],[-87.2289125069066,21.2253558418986],[-87.2216645081105,21.2240418946178],[-87.2127535387448,21.2273296127715],[-87.2011715927947,21.2395001362224],[-87.1972046050085,21.2428889390733],[-87.1919476431692,21.2385142571273],[-87.1860125853125,21.2391720680366],[-87.1813735368592,21.2444337243369],[-87.1790465527562,21.2510125124176],[-87.1777195302321,21.2539723296593],[-87.1753766209343,21.2664725976323],[-87.1727066488927,21.2779849738275],[-87.1706845988152,21.2917991890814],[-87.1693495300567,21.2964028654],[-87.1686625487376,21.3052823180246],[-87.1673276472531,21.3108750588369],[-87.165985536803,21.3200845914308],[-87.1600035397315,21.334556953041],[-87.155021504239,21.3473849528534],[-87.1539915358807,21.3592253972344],[-87.1516575109853,21.370409873417],[-87.1437146519096,21.3796172260542],[-87.1380845280785,21.3858681141222],[-87.1288456587001,21.3901437231543],[-87.1242146573805,21.3934334530915],[-87.1199115560734,21.400012241172],[-87.1172405785898,21.4098775728917],[-87.1185375943345,21.4171143409541],[-87.1195065418934,21.4236917881456],[-87.1181795193693,21.4269816853566],[-87.1145405997688,21.4315863671172],[-87.1076045748912,21.4361922233924],[-87.1006856488236,21.4329024943547],[-87.0957565869969,21.4282986498628],[-87.0898366170662,21.4217198608829],[-87.0865636513914,21.4154704818773],[-87.0826115842572,21.4118515110384],[-87.075370625354,21.4082338819881],[-87.0704266428752,21.407247667446],[-87.0674515713329,21.4111957110133],[-87.0674286044465,21.417444420024],[-87.0687256201912,21.4240218672155],[-87.0670695240393,21.427969576235],[-87.0640865717378,21.4335624852206],[-87.0591275031317,21.436850035201],[-87.0538556206403,21.4358643233799],[-87.0502475468867,21.4306004880222],[-87.044685651022,21.4161304727432],[-87.0433805890429,21.4105375637576],[-87.0453795049601,21.4029720584138],[-87.0434116021636,21.3993542611902],[-87.0371476379531,21.4006702202545],[-87.0341715591701,21.4029720584138],[-87.0279086013009,21.4026441584012],[-87.0209965487517,21.398368213922],[-87.0177155368425,21.3931057203528],[-87.0154346528869,21.384225932281],[-87.0131375091887,21.3806071287161],[-87.0095296018096,21.3727135560858],[-87.0022886438059,21.3687658470662],[-86.9947055360316,21.3681090406997],[-86.9874575372355,21.366135102553],[-86.9825365207438,21.3592274090178],[-86.9749755416879,21.3503469500517],[-86.9674145617326,21.3427832883182],[-86.9634856287587,21.3332450184429],[-86.9615326448157,21.3263371558351],[-86.9579316118543,21.3167988850606],[-86.9460985437128,21.304958274305],[-86.9332735620252,21.2931161526884],[-86.9266966175548,21.2875264300008],[-86.9224245293685,21.2825925064391],[-86.9194715847458,21.2776580801563],[-86.915527563846,21.2730540683906],[-86.910262554873,21.2691065266449],[-86.9016955797871,21.2658186412174],[-86.8964235300219,21.2651606621349],[-86.892791652113,21.2681203121028],[-86.8884815091143,21.2746982620152],[-86.8884585431272,21.2832506527955],[-86.8907466351491,21.28818424091],[-86.8917236289423,21.2931181653711],[-86.8890536578,21.3046303742924],[-86.8873975616481,21.3072602797382],[-86.8830946276149,21.311209162373],[-86.8751906606204,21.3079182588206],[-86.870613639308,21.2973947789459],[-86.8679966409322,21.2901581799561],[-86.8538206625935,21.2878565090707],[-86.8182215470867,21.3001026367273],[-86.8211976249704,21.2877612897518],[-86.8204655498452,21.278323770026],[-86.8191455681134,21.2725493104024],[-86.8151246012193,21.2671706424113],[-86.8096386459068,21.2521053451856],[-86.8037265540372,21.2439229309985],[-86.8024595459713,21.2363111573341],[-86.8098066185805,21.1900779201599],[-86.8080905079705,21.1810772650038],[-86.7989505460308,21.1560447113944],[-86.7954485868827,21.1497591220859],[-86.790168658157,21.1454962537492],[-86.7704165359943,21.1424923472441],[-86.7496716603188,21.1396924564418],[-86.7428516407905,21.1383776709928],[-86.7371975446309,21.1391595352844],[-86.7365415773319,21.13615562788],[-86.743308622295,21.1259463027797],[-86.8028565130176,21.1306369831103],[-86.8087845300819,21.1322808421872],[-86.8170316522889,21.1316228631047],[-86.8236386026393,21.1266884359226],[-86.8312606033941,21.1148488297098],[-86.8349375760083,21.0967578336072],[-86.8395845043214,21.0862323419491],[-86.844238638902,21.0743922339145],[-86.8459316162511,21.0599200395782],[-86.8472745639699,21.0520252933327],[-86.8529125676608,21.0421579489303],[-86.8562465541351,21.0296596927407],[-86.8605955883157,21.0069648521463],[-86.860305574043,20.9944657577885],[-86.8603285400301,20.9875589024215],[-86.8606876213366,20.9763745926134],[-86.8623586372413,20.9704549581299],[-86.8672945725864,20.9724287281034],[-86.8761976620924,20.9730868753591],[-86.8904185669633,20.9586125019654],[-86.8963925169011,20.9471001257702],[-86.9033585485581,20.932628936876],[-86.9043575037957,20.9273664433068],[-86.9070586571313,20.9079604926827],[-86.9083935577165,20.9020398518578],[-86.9084016048502,20.899080034616],[-86.900489590722,20.900065913711],[-86.8951875350767,20.908290405378],[-86.8925395235801,20.9115781226323],[-86.8869395738022,20.9105924108111],[-86.8836666090268,20.9020398518578],[-86.8930125975533,20.8635580323773],[-86.8989945946248,20.8471118998943],[-86.9079436179036,20.8332975173666],[-86.920181532052,20.8201414502678],[-86.9228365834416,20.8148796257942],[-86.9278025255661,20.8059971559441],[-86.935745552815,20.7971165288048],[-86.9483266221758,20.7813285435775],[-86.9509885461844,20.7721190118829],[-86.9526746500151,20.7609365465844],[-86.9503635920061,20.754429004595],[-86.9606165027494,20.7423676138743],[-86.9658045657281,20.7303084022111],[-86.9683156167723,20.7179590090011],[-86.9708555009806,20.7143413799508],[-86.9747235822275,20.711148378395],[-86.9765396048189,20.7198219708073],[-86.9781566416157,20.729360241582],[-86.9840856650214,20.7326482951827],[-86.9962845189154,20.7316624151883],[-87.0078505387713,20.7244268207413],[-87.0187605922275,20.7142302363364],[-87.0230715733944,20.7060067510108],[-87.0366215903141,20.6958101648073],[-87.039283515222,20.685941983136],[-87.0439376498027,20.6744294387676],[-87.046600581052,20.6648920070605],[-87.0479586166967,20.6527238299408],[-87.0420376404247,20.6484480536348],[-87.0367045707593,20.6494409744215],[-87.053695526927,20.6337408313743],[-87.1103516602009,20.5828536259941],[-87.1270215889751,20.5694383895701],[-87.1347805492829,20.5615669447587],[-87.143585571317,20.5606137551208],[-87.1527935939492,20.5532343267029],[-87.1635435527927,20.5424407831157],[-87.1836316221016,20.5288657884254],[-87.1871875612569,20.5229681126883],[-87.1958155562429,20.5190222481783],[-87.2115326308262,20.5044281822149],[-87.2169956201517,20.5004114061615],[-87.2354046264223,20.4851840016404],[-87.2371975148534,20.4815474301698],[-87.2334285092183,20.4759486540073],[-87.2364505199755,20.4718787370142],[-87.2444835693612,20.4722819057854],[-87.2531965565758,20.4646583977669],[-87.2710035746552,20.4436696088654],[-87.2820355006378,20.4200078315962],[-87.296798547415,20.4037767791751],[-87.3022466160884,20.3896443882779],[-87.308647539852,20.3867937019678],[-87.3159406342529,20.377068347926],[-87.3168866158246,20.3676658639885],[-87.3238065482336,20.3634470849151],[-87.3324736025747,20.3470847710454],[-87.3470006150863,20.3296960096632],[-87.3483125496844,20.3255882069303],[-87.3455046126477,20.3207035689146],[-87.3493275991893,20.3132007598073],[-87.3527226046645,20.3031605809961],[-87.3604886057645,20.2936720993879],[-87.3639446320391,20.2916750270809],[-87.3630905162143,20.2866024667305],[-87.3660966017767,20.2827585259852],[-87.3736416556379,20.2831464395566],[-87.3731236542332,20.2737131106716],[-87.3768765682989,20.2694252645643],[-87.3846965476076,20.2679793867393],[-87.3881985067557,20.2639175159806],[-87.4192806163073,20.2245768862144],[-87.4262386008307,20.2072548446354],[-87.4345705479923,20.1940967657532],[-87.4387965360312,20.1792473858582],[-87.4420396622006,20.1740056792188],[-87.4539795158419,20.1734906950396],[-87.4609225806126,20.1682290387392],[-87.4698635567577,20.1544128126013],[-87.4764785551412,20.1461913390591],[-87.4854126577679,20.1369809691964],[-87.4893875254139,20.1310611656403],[-87.4926985441025,20.1267843829929],[-87.5002895308372,20.1234946539552],[-87.5085445320045,20.1211928157958],[-87.5194165306484,20.1231665857694],[-87.528320627395,20.1221788630641],[-87.5329516278154,20.1169170385905],[-87.5422205039731,20.1057345750906],[-87.5458605971888,20.1024450133268],[-87.5501476051278,20.1008008188028],[-87.5557556020394,20.1011290542625],[-87.5633315008481,20.1037608042178],[-87.5702515996316,20.1057325633072],[-87.580459584742,20.1083646478103],[-87.588050572376,20.107376422384],[-87.5972976552625,20.1021147660836],[-87.6042475935516,20.0925763280351],[-87.6122206275799,20.0721846655899],[-87.6138835972502,20.06955274926],[-87.617530563085,20.0613302693765],[-87.6258085311388,20.0511328459042],[-87.6304475786928,20.044226157811],[-87.6341015862192,20.0327139488897],[-87.6394046482059,20.0251501189829],[-87.6463545873942,20.0165977282027],[-87.6526336386315,20.0106760810364],[-87.6549606227345,20.0047552729375],[-87.6622465081698,19.9935739812543],[-87.6705165972631,19.9866656168248],[-87.6744765433577,19.9840336986963],[-87.6804275273085,19.979430023277],[-87.6834106459845,19.9735093806535],[-87.6834255657373,19.9698914170553],[-87.6801375130358,19.9669315989142],[-87.6781696102393,19.9626558226082],[-87.680496593443,19.9570630817959],[-87.685783562961,19.9524594045779],[-87.696342581345,19.9504854673305],[-87.7059026453907,19.951143446413],[-87.7207416309215,19.9517995818853],[-87.7322996054424,19.9452217992467],[-87.7418895080943,19.936011429384],[-87.7488325737642,19.928446761309],[-87.7541425092693,19.9189093287026],[-87.7554856260608,19.911014749731],[-87.7429506568473,19.910684837935],[-87.732383592229,19.9156195996649],[-87.7198486230155,19.918251516894],[-87.7076415547139,19.9212113350351],[-87.698409558854,19.9198973877543],[-87.6970976233566,19.9172654696258],[-87.7014156453158,19.9077270315773],[-87.7083585428124,19.9008193380421],[-87.7166286310065,19.8919388790761],[-87.7196196304416,19.8847022791869],[-87.7127075769931,19.8794406228865],[-87.7070995809809,19.8804265028809],[-87.6958765481641,19.8840444673783],[-87.65591465144,19.9073989642908],[-87.6489715848707,19.9136466669602],[-87.6407085365697,19.9189115077599],[-87.6301426446673,19.9241731640603],[-87.6199115271952,19.9284487730924],[-87.6146235522351,19.932397654828],[-87.6112976119952,19.9406191292695],[-87.606338543389,19.9465397700944],[-87.601051573871,19.9501573991447],[-87.5967635595906,19.9501573991447],[-87.5908276635658,19.9491715200497],[-87.5838856042372,19.9557493017889],[-87.572990638707,19.9613408698853],[-87.5657116258908,19.968905369787],[-87.5551375195809,19.9758132305961],[-87.5429225732182,19.9807478250522],[-87.5350115654314,19.9807478250522],[-87.5280985056415,19.9754849960358],[-87.5261455225977,19.9692356170302],[-87.5242005857884,19.9580531517316],[-87.5143205006905,19.9537772081517],[-87.507064622934,19.9537772081517],[-87.499488555952,19.9508173900106],[-87.4968876518436,19.9379892229243],[-87.4956055558517,19.9271349930855],[-87.4913326285979,19.9218733367851],[-87.4877315956366,19.914636569622],[-87.4831316074377,19.9070729078884],[-87.4818575576801,19.8922708017561],[-87.4815596653463,19.8814165728166],[-87.4835735010162,19.8708900757165],[-87.4885486638897,19.860366764015],[-87.4892346388675,19.8524720168701],[-87.4907145470387,19.8499391743534],[-87.4907455601594,19.8605877112539],[-87.4918746032303,19.8714680915792],[-87.4974056532483,19.8996465420543],[-87.5003666441053,19.9177033414361],[-87.5065075621742,19.9059069854191],[-87.512710504686,19.8954388264407],[-87.5194016108956,19.8850043632608],[-87.5282366397091,19.8719931346754],[-87.5365146077629,19.8602896507468],[-87.5427705248398,19.8489194312868],[-87.5509036525814,19.8390168829229],[-87.5599596286339,19.830081439407],[-87.5700226070576,19.820746848888],[-87.580421530829,19.8137092347934],[-87.5889965530484,19.8042879757095],[-87.5999225316995,19.7968233886885],[-87.6080625329595,19.7869091059705],[-87.6191635259759,19.7767475573539],[-87.6298065311465,19.7660913078676],[-87.6407925242556,19.7577147687217],[-87.6493375387963,19.7487342313997],[-87.6598895172874,19.7394286422181],[-87.6703715896771,19.7310172336585],[-87.6823345765794,19.7226976926444],[-87.6962815614449,19.7140470662192],[-87.7093816376524,19.7107702442514],[-87.7241056241752,19.7125651453652],[-87.737937608234,19.712965296911],[-87.7394106437861,19.712797156064],[-87.7458415752285,19.7166268479507],[-87.75441760289,19.7156409679563],[-87.7587126579627,19.7136670298096],[-87.7642745538275,19.7118862111798],[-87.7845686497234,19.7112644406015],[-87.7982256203161,19.7071046696448],[-87.8092495000643,19.6978049494389],[-87.8177795948524,19.6888195485834],[-87.8283845461099,19.6785932910476],[-87.836563606725,19.667309909225],[-87.8391576391137,19.6619682888056],[-87.8703616202925,19.647882836224],[-87.8749926216121,19.6419623626729],[-87.876983658569,19.6367007072719],[-87.8780215058878,19.6222283447623],[-87.8783876279866,19.6084141313071],[-87.8820575598085,19.5959138633342],[-87.8843766649511,19.591968166098],[-87.8880305052036,19.5821006544217],[-87.8946605897144,19.570260378214],[-87.8996275381803,19.5636817574072],[-87.9065776446425,19.5551302038958],[-87.9138645364192,19.5442761431295],[-87.9178466112321,19.5367104687132],[-87.9224925323045,19.5261861515697],[-87.9258345641138,19.5113840463367],[-87.9258496520397,19.5061212173204],[-87.9189225115646,19.5071081018575],[-87.9093326089127,19.515001842661],[-87.9073486118489,19.5169754462599],[-87.905059514385,19.5123719372152],[-87.9103855432582,19.4946100138411],[-87.9143676180711,19.485399307632],[-87.9199985800704,19.4784937931541],[-87.9243085548958,19.4712571932649],[-87.9230195862849,19.4594149052737],[-87.9147645851175,19.4630337079393],[-87.9084925737732,19.4673093169715],[-87.9018856234227,19.4702711459967],[-87.8936465465508,19.4689553551056],[-87.8946455026878,19.4663234369771],[-87.8973005540773,19.4610607761339],[-87.8996275381803,19.452837289909],[-87.8999866185875,19.4442869109122],[-87.8989025038474,19.4435638883628],[-87.9009396409516,19.4379572332398],[-87.9067835039555,19.4242779666549],[-87.9144286379712,19.4133955736469],[-87.9207385350553,19.4001913946172],[-87.9220355508,19.3966086340812],[-87.9265056202382,19.3962646407007],[-87.9337695442291,19.39429053528],[-87.9367446166707,19.3900150944211],[-87.9413905386424,19.3808063999954],[-87.9440536371656,19.3735687937649],[-87.9487076053717,19.3597545794104],[-87.9520335438129,19.3512043667881],[-87.9543685741504,19.342322566933],[-87.9500966541373,19.3360741942687],[-87.9446105297521,19.3356182182063],[-87.9464565609215,19.3247126919372],[-87.9492876321185,19.3117413608751],[-87.9558486513941,19.2867609427634],[-87.95825157515,19.2696090538148],[-87.9668346436039,19.2535158000142],[-87.9741136564201,19.243977530139],[-87.9803925403834,19.2390436056779],[-87.9893185958765,19.2324649857705],[-88.0002286493327,19.2222697422549],[-88.0068515257773,19.2137171833014],[-88.0095065780661,19.2074674679494],[-88.0042415690931,19.2041789116275],[-87.9953235589351,19.2097714860653],[-87.9916836338925,19.2133891151156],[-87.9834365116856,19.2147052423531],[-87.9755176249384,19.21634910143],[-87.9669265093509,19.2235857004198],[-87.9609755262995,19.2268755967315],[-87.9507526214363,19.2275335767133],[-87.9461216201166,19.2337809448348],[-87.9390945676601,19.2455094056346],[-87.9234546072443,19.254087781426],[-87.9126585482534,19.2607076406451],[-87.9062276159117,19.2664432099862],[-87.8929215131173,19.269634033384],[-87.8843456518304,19.2712797351717],[-87.8793946303579,19.2729239296957],[-87.8714755754374,19.2765417269192],[-87.8681715966418,19.2771995378284],[-87.8622286598248,19.2791734768745],[-87.8615565991577,19.2847640377302],[-87.8579106378656,19.2913416530949],[-87.8522795076931,19.29890816478],[-87.8486405889919,19.302198061991],[-87.8354265183191,19.3114074264117],[-87.8288266078616,19.3130524591037],[-87.8266446313446,19.3137553647184],[-87.8204495659946,19.3118863675618],[-87.8090285528254,19.3053280318632],[-87.8003155638122,19.295314339885],[-87.7932125717028,19.2835771610572],[-87.7960436428997,19.2706219242625],[-87.8007505847716,19.2591284895882],[-87.8045045042794,19.2471264433307],[-87.8084106394394,19.2328770398436],[-87.813636588158,19.2209559622479],[-87.8217846356524,19.2096745913094],[-87.8307725510124,19.2006890231799],[-87.8512036073606,19.1824159710203],[-87.8611225836403,19.1739477351999],[-87.8711396291905,19.1641140856966],[-87.8803176450432,19.1519759162556],[-87.888824605671,19.1425083888511],[-87.8996966052141,19.1345417247209],[-87.91133152483,19.1225386721221],[-87.9289935362227,19.10091788825],[-87.9336775112081,19.0894133910152],[-87.9369045440095,19.077825242441],[-87.935195642365,19.0659598202895],[-87.9428255202815,19.0546175958254],[-87.9506916006368,19.0396854036585],[-87.9529956187528,19.0307999156836],[-87.9569475177137,19.032159795838],[-87.9681475854427,19.034789702183],[-87.9704745686464,19.0288700659009],[-87.9698335211001,19.0226193460061],[-87.9652405727942,19.0140701397252],[-87.9580535938982,19.0043317086415],[-87.958640663236,19.000289788443],[-87.9555435500947,18.9897225547522],[-87.9574055055596,18.9890714491881],[-87.961692514398,18.9887433810023],[-87.9702685420596,18.9887413692189],[-87.9729155472147,18.9844676046962],[-87.974578516885,18.9795338493078],[-87.9736025276345,18.975915213916],[-87.9726406208679,18.9667056813222],[-87.9766315800833,18.9555213733128],[-87.985267622203,18.9338137518033],[-87.9902265244345,18.9305248609336],[-87.9948426060014,18.9292089018694],[-88.0014415101176,18.926907230984],[-88.0083616098004,18.9285509227869],[-88.0136185716397,18.9351297108675],[-88.0192106415578,18.9387475080911],[-88.0218586530544,18.9361154226887],[-88.0218816190414,18.9282211791642],[-88.0235516304034,18.9206575174305],[-88.0252156046164,18.9180257665759],[-88.0311506633724,18.9167086347957],[-88.0370716396444,18.9213154956137],[-88.0419995278559,18.9262490837283],[-88.0492555737857,18.9285509227869],[-88.0594716051305,18.929536801882],[-88.0677105129298,18.9315107400287],[-88.0759355073178,18.9371016372308],[-88.0848235097971,18.9403913671679],[-88.0891185648699,18.9374313808536],[-88.087501528073,18.9288791582466],[-88.0838926161513,18.9216433956262],[-88.0806126087848,18.9157229229746],[-88.0743945783471,18.9005927486565],[-88.0714495126848,18.8920411960444],[-88.0731275702811,18.8821726789261],[-88.0787355662933,18.8811867989317],[-88.0866165673007,18.8920411960444],[-88.0908816137954,18.9012505613643],[-88.0941465332359,18.9104589203429],[-88.099731563261,18.9173666138782],[-88.1083065845812,18.9173666138782],[-88.1099776013851,18.9094732076225],[-88.1070256631039,18.9042113849475],[-88.1080556305629,18.8920411960444],[-88.1047975846408,18.8782271489638],[-88.1025235751029,18.8673727518511],[-88.0976106057448,18.8565181883637],[-88.099624609588,18.8446770730885],[-88.1026226489161,18.8331646968933],[-88.1049575119795,18.8256000288183],[-88.1043245097683,18.8167205761937],[-88.0987396479164,18.7892943177786],[-88.1061705409377,18.779931733163],[-88.1124645119277,18.7755759927379],[-88.1133575198336,18.7671436308739],[-88.1123045845889,18.7586239286514],[-88.1138686477199,18.7519864670019],[-88.1213075869755,18.7366774238241],[-88.1225125696993,18.7195293911685],[-88.1283415129504,18.718141347845],[-88.1350096522736,18.7192514466969],[-88.1400146537532,18.7214713107525],[-88.1427915785684,18.7256401342848],[-88.1433405930939,18.7317507092279],[-88.1416776243229,18.7373052288533],[-88.1400146537532,18.7425839839638],[-88.1344455498222,18.7520253590831],[-88.1327815747099,18.7575832322804],[-88.1322325601845,18.768415333401],[-88.1305695896148,18.7739700203002],[-88.1302795771408,18.7809119123549],[-88.1336216089501,18.7711924245908],[-88.1422276442903,18.7517464100688],[-88.1477816611947,18.743137022056],[-88.1516725402555,18.7398030355817],[-88.1611176043939,18.7364734090207],[-88.1683345909686,18.7367483353675],[-88.1877896580662,18.7395292828502],[-88.1936186013174,18.7384151604314],[-88.1980586630768,18.7359165146355],[-88.2011266067075,18.7317507092279],[-88.205840590271,18.7223063159838],[-88.2127836550416,18.7145285796303],[-88.2319485423913,18.7048052373718],[-88.2402806559275,18.6989736123424],[-88.2438966104402,18.6956399613152],[-88.2530665791593,18.6834176378138],[-88.2569576263933,18.6734200392035],[-88.2530665791593,18.670365170816],[-88.2477876567749,18.6723102748993],[-88.2394565477814,18.6781427389963],[-88.2333375911569,18.686195232624],[-88.2261965451344,18.6919339873637],[-88.2204435406368,18.6867972208152],[-88.2161786623154,18.6802197736237],[-88.2130046022805,18.6758420735529],[-88.2022175958653,18.6624598620331],[-88.1937106352376,18.6551702893774],[-88.1868896102673,18.6513115961533],[-88.1934055330389,18.6303905333965],[-88.1993025378818,18.6235941507495],[-88.205825502345,18.6089980721034],[-88.2158276272432,18.6018092486979],[-88.2183076651665,18.5979436828547],[-88.2170185283824,18.5885021395621],[-88.2477115489488,18.5407529520871],[-88.2541966267729,18.5277626777055],[-88.2565915051938,18.5142466920312],[-88.2794575038607,18.4861242333467],[-88.2830965907351,18.4845734127329],[-88.3011396439794,18.4857792336248],[-88.3055035979127,18.4837803177076],[-88.3179545803396,18.4878822532634],[-88.3284525779241,18.4887031769101],[-88.3411716131794,18.4869672848124],[-88.3546676509912,18.484432429613],[-88.3677826469516,18.4836773876014],[-88.3760755347581,18.4834995241837],[-88.3823926399083,18.4852204956294],[-88.39072458707,18.4952677161322],[-88.3952635553687,18.4950667176549],[-88.3851856580916,18.5098408278919],[-88.3732756439558,18.5239849540424],[-88.3676376402648,18.5331943193624],[-88.3623275365865,18.5460226537226],[-88.3560335655965,18.5562190717528],[-88.3467635158236,18.5670724634235],[-88.3262635597155,18.5854915277119],[-88.3133695109941,18.5986484329788],[-88.3047566030348,18.6108189573291],[-88.2974546242315,18.6269350098429],[-88.2938006167051,18.6354872333492],[-88.2947695651633,18.6437088741653],[-88.3033375456911,18.6443678595891],[-88.3079685479101,18.6404189769543],[-88.3155746216714,18.6318694361256],[-88.3228685542404,18.6190414363133],[-88.3271865761995,18.6091730855695],[-88.3347936563022,18.6019373247478],[-88.343719543622,18.593057033955],[-88.3536455615933,18.5822026368423],[-88.3648835150622,18.5716771451841],[-88.3731455570218,18.5650986925507],[-88.3767925228566,18.5595069571804],[-88.3847355492062,18.5489804600802],[-88.3926775701137,18.539773107443],[-88.404914646094,18.5292467776167],[-88.4138485814468,18.5167485223265],[-88.4184036431136,18.5095999318914],[-88.4208605459774,18.5071442017436],[-88.4241335116522,18.4989545803896],[-88.4325715743187,18.4800666320695],[-88.4417185770507,18.4783808627867],[-88.4447325415735,18.4792576100507],[-88.4473795467287,18.4802225349421],[-88.4527895623884,18.4888062742902],[-88.4722136172646,18.4934609133905],[-88.4756015828467,18.4925918769137],[-88.4948955498897,18.4743640876326],[-88.5048674998352,18.4686714339396],[-88.5129315623417,18.4609788588873],[-88.5184175167549,18.4484236063644],[-88.5251235427173,18.4188864502495],[-88.530349659609,18.4077038167778],[-88.5347825133023,18.4011074271661],[-88.5378415716312,18.3896679733983],[-88.5434955014162,18.3799367521794],[-88.5454786603119,18.3861681942068],[-88.5490956175686,18.3894580914179],[-88.559654636852,18.3871540733019],[-88.5639575708852,18.3799176406866],[-88.5709155563079,18.3690632435739],[-88.5861285428979,18.3552500346614],[-88.5930935691129,18.3417638875934],[-88.598716653051,18.3341992204178],[-88.6046825558552,18.3246609496431],[-88.6096495043211,18.3190693824461],[-88.6146236608532,18.3095309443976],[-88.6166225767705,18.3009793908863],[-88.6192855080197,18.2920989319202],[-88.6265945276153,18.2763107803183],[-88.6305695607366,18.2690753531451],[-88.6348646158094,18.2647994086659],[-88.6398315642753,18.2585488560449],[-88.6438215180486,18.249339490725],[-88.64748357091,18.2368410681608],[-88.6541066164272,18.2259870055959],[-88.6600725192313,18.2177643593378],[-88.6670075377676,18.2125006921532],[-88.6779095449895,18.2052650977062],[-88.6838605280409,18.2019763741104],[-88.6904755264244,18.1944108678673],[-88.6957705421767,18.1891490451923],[-88.7004085842887,18.1809245544247],[-88.6987915483912,18.170070157312],[-88.6928715766619,18.1661244600758],[-88.6605985677696,18.1493596474298],[-88.664611654804,18.1371101662012],[-88.6802216093398,18.1148126281004],[-88.6859585186706,18.1029681601525],[-88.6919705234209,18.0738998880694],[-88.6990886016576,18.062077884287],[-88.7144085419206,18.0570039821481],[-88.7269825695899,18.0505614836256],[-88.7409136292605,18.0454657900142],[-88.7557526147913,18.032412483949],[-88.7615126591818,18.0144405104213],[-88.7647095170306,18.008740145941],[-88.7739485527835,18.0003634386218],[-88.7788615221415,17.9919309085846],[-88.7795335828085,17.9781567599266],[-88.7974475536616,17.9671395873222],[-88.8045805543491,17.9539102614494],[-88.8104326308612,17.9470957736511],[-88.8239285013992,17.9426768351678],[-88.8345715056704,17.9363833659996],[-88.8474275022774,17.9262120948124],[-88.8491746251088,17.9209514448534],[-88.848861644849,17.9106448886507],[-88.8448636448413,17.8995045008321],[-88.8437346026697,17.8965368046299],[-88.8431705011177,17.8652486693906],[-88.8524775975631,17.8723972589264],[-88.8602446050045,17.8818185180102],[-88.8706586167017,17.8927451666561],[-88.8803325070396,17.9048104136697],[-88.8970565830948,17.9105319014262],[-88.9166105567318,17.9197343923284],[-88.9415896339544,17.9558692798435],[-88.9478145388099,17.956634045325],[-88.9622726506623,17.951986447017],[-88.9673006190283,17.9529662907618],[-88.9715725399407,17.9566930534417],[-88.9749226188837,17.9574219431682],[-88.9804915564401,17.9533552115738],[-88.9836045947762,17.9543112520627],[-88.9979475403467,17.978137816607],[-89.0219345349508,17.9990945869457],[-89.0281376456358,18.0023823050993],[-89.0387035384375,18.0018163581385],[-89.0685426095537,17.9905691848201],[-89.0852816062611,17.9861862875672],[-89.0961155518912,17.9787408111396],[-89.1157375871199,17.9725573137691],[-89.1275025936697,17.9667934139849],[-89.1345215998919,17.9599277970303],[-89.143051527406,17.9548093038064],[-89.1428295738257,17.9267460223111],[-89.1455686129011,17.9263720212518],[-89.1455535249752,17.9276819449659],[-89.1662595076701,17.9294939448897],[-89.1937025303475,17.9199382398579],[-89.2279355639751,17.9074312674391],[-89.2517626321397,17.8869343285565],[-89.2826304988984,17.8657195643065],[-89.3040925299463,17.8454600005786],[-89.3312525791432,17.8336535883425],[-89.3596645475808,17.8330125398969],[-89.378936554978,17.8355604712388],[-89.4143145568713,17.8545263709953],[-89.4280695949358,17.871188420809],[-89.4407505771774,17.8992525413717],[-89.4625775558095,17.9241171223074],[-89.4870146592991,17.9509675430177],[-89.5112075141154,17.9755791572524],[-89.5328065047164,17.9981947064206],[-89.5585935976164,18.0158516879051],[-89.6024016150425,18.0248441286537],[-89.6386486516139,18.0300967323784],[-89.6944736359495,18.0197273117661],[-89.7335965038755,18.008839051581],[-89.7987676458102,17.9974465370281],[-89.8495866223248,17.9852904297096],[-89.9058685872654,17.9793086008114],[-89.9887166594463,17.977237936082],[-90.0647735461622,17.9781037871601],[-90.1890716376459,18.0052953512995],[-90.2295305815711,18.0217091288732],[-90.2466655389834,18.0240111352058],[-90.2615125707485,18.0226950088676],[-90.2727275582302,18.0207224116101],[-90.2799916503943,18.0171044471126],[-90.2882466515617,18.0141426180874],[-90.3090436618355,18.0046041791396],[-90.3219375441823,17.9950669147064],[-90.3348315929036,17.9832244594413],[-90.3447495637413,17.9736861877674],[-90.3523556384019,17.9657924469639],[-90.3612895728555,17.9569121561711],[-90.367568624992,17.9500046299098],[-90.3712155908268,17.9450707063481],[-90.3781735762495,17.9332304301403],[-90.3854596289587,17.9223763675753],[-90.3930735825797,17.9118498713745],[-90.4003525953959,17.9036282296591],[-90.407302533685,17.8954039070647],[-90.4149245344396,17.884550515394],[-90.4251866650325,17.8690924419627],[-90.4337995738912,17.8569220857857],[-90.4467085432646,17.8404761223752],[-90.4582826102542,17.8299518043324],[-90.477104508766,17.8190953954362],[-90.4820635782715,17.8154777663859],[-90.4824446201231,17.8132959562435],[-90.4848405030867,17.8109079522403],[-90.5063176211613,17.8050012248267],[-90.5320586130146,17.7912812225504],[-90.547309654417,17.7852405528093],[-90.5839615369953,17.7768259597503],[-90.6776355076725,17.7772589698257],[-90.7130666514048,17.7776420225613],[-90.7614895758832,17.7906852697095],[-90.7968595306428,17.7997467783912],[-90.8128275592445,17.8088159969607],[-90.8217626682126,17.8252711820195],[-90.828239531629,17.8306039162378],[-90.8374326363071,17.8437599842359],[-90.8390345860773,17.8582321776729],[-90.8459015439211,17.8786240073921],[-90.8478545269648,17.8878342099808],[-90.8510585928797,17.9171066659399],[-90.8497005572349,17.930592813008],[-90.8496326638164,17.9532863118139],[-90.8492435757304,17.9736791478744],[-90.8498385231293,17.9937429094078],[-90.8511276599135,18.0036114274255],[-90.8583446455889,18.0177535408932],[-90.8593216411808,18.0213713390161],[-90.8648835370456,18.0365011769878],[-90.8717726227083,18.0486717004387],[-90.8875575907102,18.0624855793461],[-90.9099126287647,18.0835335436382],[-90.9250335832332,18.1003094206433],[-90.9486925096516,18.1259637439317],[-90.9861985098533,18.154908131705],[-91.0046155632576,18.1706941060482],[-91.0135116119713,18.1739840032592],[-91.0299916066273,18.1752977823668],[-91.046485515594,18.1736540905639],[-91.0567095940725,18.1729959442075],[-91.0679165344205,18.1733240123933],[-91.0843965290765,18.176283996909],[-91.0982206341749,18.1835205967981],[-91.1051325185509,18.1881242731168],[-91.1238786446837,18.2042423383133],[-91.1274875584041,18.2114787700293],[-91.1333996493743,18.218384451781],[-91.1360245258112,18.2220030880721],[-91.1396336059062,18.2275946552692],[-91.1399006532925,18.2483143850009],[-91.1402126281102,18.2552232521514],[-91.1371845811035,18.2759449927673],[-91.1322025456109,18.2887711489694],[-91.1315155651911,18.2956788434039],[-91.1341325626676,18.30455930237],[-91.140357634797,18.3164014221879],[-91.1469345792674,18.3226491248573],[-91.1508866464015,18.3242928166602],[-91.1611025095731,18.3272536402433],[-91.1726455643413,18.3249509639159],[-91.1888125787375,18.3213331666923],[-91.2039875123138,18.3203452758138],[-91.2119065663349,18.3190311612591],[-91.2198185795638,18.3183733485512],[-91.2306976198992,18.3203452758138],[-91.2376095051745,18.3236351730249],[-91.2428666342877,18.3288976665941],[-91.2464825870018,18.3341594901684],[-91.2540206000706,18.3486315172308],[-91.2582856483639,18.355539210766],[-91.2599256511479,18.3591578461577],[-91.2657165413852,18.3649475618805],[-91.2210696633343,18.3906020533421],[-91.1902155418138,18.4355612398594],[-91.1528015764316,18.5008824183889],[-91.0972136318036,18.5857523733734],[-91.0957105885728,18.6273049873353],[-91.0927886579702,18.6755641299807],[-91.0932845306565,18.7147178437535],[-91.0983126671958,18.7533445026467],[-91.1342465571329,18.7818198400137],[-91.1439365399393,18.7855216240238],[-91.1637265478419,18.7903811160957],[-91.1709215738715,18.7913482200444],[-91.1771925788744,18.7890462137119],[-91.1824795483924,18.784440693783],[-91.188110511291,18.7768758584342],[-91.1930546601444,18.7778619048031],[-91.2019426626238,18.7818086083806],[-91.2078705124142,18.7834526347314],[-91.2118306257827,18.7831245674449],[-91.2184295307982,18.7814808756419],[-91.2269896332649,18.7857544728907],[-91.2411575635707,18.7893722701142],[-91.2464215671016,18.7936490518623],[-91.2500226000629,18.8015426262912],[-91.2539676273041,18.8054903353108],[-91.2621996615851,18.8110810643397],[-91.268455578662,18.8120687879443],[-91.2753905980976,18.81075282888],[-91.2836375521313,18.8094372052628],[-91.2938616297104,18.8091071261929],[-91.2997896476741,18.81075282888],[-91.3034056012874,18.8150265943019],[-91.3033755927094,18.8248951114203],[-91.2977295427841,18.8373933667106],[-91.2944185240956,18.8426572020683],[-91.2858195286483,18.8492348174329],[-91.2828365781455,18.8551552900846],[-91.2782055759266,18.8617330727232],[-91.2748865101043,18.8676535462742],[-91.2712405497115,18.8752192197912],[-91.2675855367431,18.8837716105714],[-91.2668915164303,18.8942950904461],[-91.2662206275799,18.8998876639845],[-91.2635726169826,18.9028476493996],[-91.2602615982941,18.9071234248063],[-91.2559665432213,18.9107412220298],[-91.2516706499805,18.9127149929026],[-91.2467196276087,18.9146897692175],[-91.2368236173161,18.9150178374033],[-91.2315596146844,18.9110709665519],[-91.225967543867,18.9081113156847],[-91.2187046253181,18.9107412220298],[-91.2137455558127,18.9150178374033],[-91.2038195378414,18.927517099035],[-91.1960605784329,18.9327676909762],[-91.1859815066412,18.937383437096],[-91.1800305235898,18.9423173597584],[-91.1730805853007,18.9511998314072],[-91.1624986000303,18.9600802903731],[-91.1552355133082,18.9650137103145],[-91.1423565507142,18.9712635929405],[-91.1344296177326,18.9742232429084],[-91.1284865127423,18.9761983537711],[-91.1258545946138,18.9761983537711],[-91.1225665419124,18.971921572023],[-91.1222686486792,18.9613960812642],[-91.1275785850836,18.9515277314197],[-91.1289215337018,18.9426471051798],[-91.1322406004234,18.9360694898152],[-91.1375426560687,18.927517099035],[-91.1405256083701,18.9219253627653],[-91.1405485743572,18.9140317901351],[-91.1362835269632,18.9061393902207],[-91.1339795088472,18.904165452074],[-91.1382906572879,18.8965987722156],[-91.1439206138452,18.8893631777685],[-91.1478805599398,18.8870613396092],[-91.16043061618,18.8808107869883],[-91.1703415462254,18.8742331734223],[-91.1746446484318,18.8702873080129],[-91.1753086619651,18.8663387608252],[-91.1713715145837,18.8614068490469],[-91.1618116187112,18.8597611463599],[-91.1505966321288,18.8607488699644],[-91.1420216099093,18.8630508762969],[-91.1340945087545,18.8660106926394],[-91.1175766283587,18.8775229015607],[-91.1126256050875,18.8781810488164],[-91.106361640877,18.8775229015607],[-91.0948185870081,18.8804848987591],[-91.0766446086617,18.8910093840759],[-91.0743176245587,18.8992328694014],[-91.0686876689007,18.9054814111383],[-91.064392613828,18.9084410611061],[-91.0600965533133,18.9120588583297],[-91.0548015366616,18.918967557307],[-91.0488505536101,18.9235714017988],[-91.0429076167931,18.9268609626633],[-91.0356366511105,18.9317957252925],[-91.0293656461076,18.9334397516433],[-91.0250855107877,18.9331116843568],[-91.0188215465771,18.9308090071301],[-91.012908618338,18.9242313926647],[-91.0106275662092,18.914362874647],[-91.0053865295646,18.9041674629581],[-90.9968185490368,18.9015357130028],[-90.9902265166404,18.9002207602799],[-90.9780276627464,18.9005486611918],[-90.9664836034355,18.9028515047931],[-90.9569015788447,18.9091012192459],[-90.9525905976779,18.9156786664374],[-90.9512555289195,18.9232453462957],[-90.9522095567256,18.932783616171],[-90.9548265551014,18.941335168783],[-90.9633786113338,18.9488998368581],[-90.9686506601998,18.9479137895898],[-90.9742816230984,18.939689466096],[-90.9789126244181,18.9364014133945],[-90.9831996323571,18.9357436006867],[-90.9868236322048,18.936729480681],[-90.9930725075901,18.9423210487774],[-90.9966815876851,18.9479117778063],[-90.9976426571828,18.9564634976923],[-90.9926686679246,18.9666599157226],[-90.993957637435,18.9775139782875],[-90.9932706570152,18.9857377981609],[-90.9955515400715,18.9959338807441],[-91.000144654752,19.0018538506747],[-91.0093766506119,19.0028395633952],[-91.0248645644481,19.0048135006426],[-91.0479585520455,19.0025116633826],[-91.0627896586158,19.0038256097641],[-91.0749965596435,19.0018518388913],[-91.0865406189544,19.0021815843127],[-91.0977245933153,19.0094181833026],[-91.1062855339502,19.0136941277818],[-91.112541618301,19.0182978041004],[-91.1200786259278,19.0264912817473],[-91.1106875408972,19.0311199367358],[-91.1015095250445,19.0373245573825],[-91.0964435027654,19.0485827941607],[-91.0855785449139,19.0531795969609],[-91.0667415575768,19.0662748123328],[-91.0534515481504,19.0729345690751],[-91.0506055572006,19.0751262690621],[-91.0494156624029,19.0659910006842],[-91.0481186457588,19.0580964208132],[-91.0451735800966,19.0518488863171],[-91.0418855273952,19.0485578163901],[-91.0329815988217,19.0478998364084],[-91.0161515763342,19.0521767863297],[-90.9647066392999,19.0561244953493],[-90.9564516381325,19.0597421243996],[-90.9475405023923,19.0610582507377],[-90.9386446200531,19.0580984325966],[-90.9334106242009,19.0456000100325],[-90.9341125252728,19.0301421038751],[-90.9334795239608,19.0225765976319],[-90.9321895490085,19.0130379923095],[-90.9292376098278,19.0071175187585],[-90.9226536245651,19.0048156796999],[-90.9127425281451,19.0104062423542],[-90.9051436615507,19.0166557886338],[-90.8942336089938,19.0238925566962],[-90.8840026578963,19.0278400984419],[-90.8767476183079,19.0278400984419],[-90.8642046028601,19.0340878011112],[-90.8592296081599,19.0429704391345],[-90.855903500646,19.0515218235734],[-90.8506165320273,19.0567843180419],[-90.8456576297958,19.0604021152654],[-90.8393856202501,19.0613901743171],[-90.8318095532682,19.0584285125659],[-90.8219145484176,19.0600743834261],[-90.8156356653536,19.0646780597447],[-90.8096996011556,19.0650081388146],[-90.8008045569847,19.0627061333814],[-90.7945405936734,19.0627061333814],[-90.7819975782256,19.0682978678524],[-90.7701105309762,19.0719166714173],[-90.7628556577624,19.0729023832384],[-90.7575836088964,19.0725746513991],[-90.7493435283811,19.0712585241616],[-90.7397685436833,19.0752042213978],[-90.738731535432,19.0896764148347],[-90.7400285511766,19.0972419210779],[-90.7416685539606,19.1011887919292],[-90.7476046181586,19.0995449328524],[-90.7535475549756,19.0969121765557],[-90.7621076574424,19.1034906300886],[-90.7647325338793,19.1080963181906],[-90.766029549624,19.115333086253],[-90.7570956151704,19.1248705179601],[-90.7541275826218,19.1245424497743],[-90.7498325284484,19.1288173888115],[-90.7452085670217,19.1298052796899],[-90.7389375620189,19.1330928296704],[-90.7313236092971,19.143290421316],[-90.7299806606789,19.1511829876048],[-90.7352295762839,19.1603933592662],[-90.7378316540076,19.1702607027693],[-90.7335285527005,19.1774973026584],[-90.7269205951093,19.1811152680552],[-90.7156985677346,19.1850607971181],[-90.7127305360854,19.1853910443613],[-90.7005385548104,19.1834171062145],[-90.6965786087158,19.1817732471377],[-90.6906665168462,19.1751944590571],[-90.6797945182024,19.172564552712],[-90.6685485193986,19.1834171062145],[-90.6529695779836,19.2110473794331],[-90.6506425938805,19.2169671820898],[-90.6486515569238,19.2209137165948],[-90.6453326592747,19.2281493110419],[-90.6439816626236,19.2399917672063],[-90.6462635529206,19.2472271943795],[-90.6469035950249,19.2541338815734],[-90.6369556174078,19.2735396640243],[-90.633315524192,19.2778154412297],[-90.6267166191766,19.2791313993946],[-90.6188046059478,19.2784734203121],[-90.6112285389659,19.2755137703443],[-90.6049655810967,19.2768295612353],[-90.6006626470635,19.2814342429959],[-90.5986476368789,19.2929456137491],[-90.5996095436455,19.3028141317668],[-90.6028895510119,19.3084056989639],[-90.604843540397,19.3169580897441],[-90.5998685447975,19.3258375432681],[-90.5959015579105,19.3294563459337],[-90.5929105602741,19.3366919403808],[-90.5922316260886,19.3429428284488],[-90.5944895431579,19.3610324836623],[-90.5944595345798,19.3715559644363],[-90.5917895643369,19.3810944015854],[-90.5894776672605,19.3833964079179],[-90.5851896529801,19.3830685079054],[-90.5802535512603,19.3807663342989],[-90.5759735832142,19.37649089344],[-90.5720366031067,19.3712278962504],[-90.5674366149078,19.3666223754223],[-90.5654675375968,19.3620185309305],[-90.5654985507175,19.352480092882],[-90.5648725910972,19.340309736705],[-90.5642245018593,19.3373500867372],[-90.5622636389558,19.3311005395583],[-90.5662455455954,19.3232057933128],[-90.5626376400151,19.3169580897441],[-90.5537335441677,19.3159722106491],[-90.5445176416758,19.3107075371232],[-90.5412295889743,19.3070899080728],[-90.5369715823726,19.298210287275],[-90.5426105906062,19.2883417701566],[-90.5482175811764,19.286369842894],[-90.5551455598197,19.2853821201887],[-90.5617525110695,19.2820933956937],[-90.5673755950077,19.2768295612353],[-90.5677266291806,19.2692660667756],[-90.564773517284,19.2636733259633],[-90.5588456665942,19.2610434196181],[-90.5515896206644,19.2617015668739],[-90.5380625697318,19.2640032377593],[-90.5202485117593,19.2663052440918],[-90.5106735279609,19.270911770362],[-90.5030825421256,19.2735418430817],[-90.4931945780673,19.2715697494444],[-90.4823376655508,19.2656492758934],[-90.4770815427789,19.2587415823582],[-90.4721526482261,19.2518350606396],[-90.4655765419238,19.2462434943419],[-90.4603195800845,19.2403238580596],[-90.4507595169381,19.2380208462851],[-90.4451446474075,19.2419675489633],[-90.4408266263477,19.2541377378664],[-90.4421236420924,19.2603874523191],[-90.443756604084,19.2653193640974],[-90.4493485067281,19.2699258903676],[-90.4569165283751,19.2751875457687],[-90.465797657336,19.2827520456704],[-90.4746776126817,19.2906456200993],[-90.47762251107,19.2985403672442],[-90.4775846244308,19.3100515698241],[-90.4762346350204,19.3205778987511],[-90.4738996037837,19.3304444049854],[-90.4699245706624,19.3366939521642],[-90.4659495366417,19.3409697275709],[-90.4550475312186,19.3482063283594],[-90.4510726653712,19.3547839428247],[-90.4503786432597,19.3659662399501],[-90.4529875936025,19.376492568877],[-90.4519725458962,19.3843861433059],[-90.447669611863,19.390637031374],[-90.4486315186297,19.3982005249343],[-90.4545216499541,19.4143164101743],[-90.4528506340495,19.4228691373009],[-90.4436035511629,19.4271447454337],[-90.4360125644283,19.4274746572297],[-90.4284366647203,19.4258289536434],[-90.4218525121836,19.4231990481975],[-90.4182436002619,19.4176063073853],[-90.4136585309165,19.4064248484281],[-90.40245863226,19.4021484012278],[-90.3968585152083,19.400174463081],[-90.3932496032865,19.3945827277108],[-90.3889696352404,19.3919529904382],[-90.3761136404321,19.3909667749967],[-90.3681865392773,19.3949128067807],[-90.3619235814081,19.3952425513028],[-90.3398365952826,19.3926106340735],[-90.3213806497971,19.3909667749967],[-90.3128056275776,19.3912970222398],[-90.3015745476272,19.397544556736],[-90.2959516318623,19.403794272088],[-90.2959365448356,19.4087288656447],[-90.3011775805808,19.420240069124],[-90.3034665107708,19.4258309663261],[-90.3074036590516,19.4324085807914],[-90.3126755406436,19.4353694043746],[-90.3146436116133,19.4383312333998],[-90.3205645878854,19.4435928888008],[-90.3268126260019,19.4475387542102],[-90.3376925036061,19.449512525083],[-90.3488996121274,19.451157222328],[-90.3548205883994,19.4547750186522],[-90.3587646092992,19.458063072253],[-90.3603975712908,19.4643126194319],[-90.3600386581575,19.4735229892946],[-90.3557285160582,19.4824036164338],[-90.3497775321074,19.4870091363626],[-90.34152253094,19.4902971890641],[-90.3375315717246,19.5018095661586],[-90.3328935287133,19.5103617887656],[-90.3233106668537,19.5152955450534],[-90.3104555102136,19.5159536923091],[-90.2999115788563,19.5116777478298],[-90.2933346343858,19.5064150860874],[-90.2887346461869,19.4998376388959],[-90.2785415808293,19.4916129799551],[-90.2706376138348,19.4893111417958],[-90.2643885702763,19.4817474800622],[-90.2601315691166,19.4728671892694],[-90.2558665208232,19.4649724421246],[-90.2456746299802,19.4567509685824],[-90.2358015856746,19.4501723477757],[-90.2305446238353,19.4426070097058],[-90.2269516380077,19.4330685716573],[-90.223350604147,19.4222150127127],[-90.2220616346367,19.4136626219325],[-90.2234116249465,19.4031383038896],[-90.2260665090621,19.3978744694313],[-90.2310336239026,19.3903098013563],[-90.2360076131608,19.3807725369231],[-90.2366865482456,19.3735357688607],[-90.233123568298,19.3524862964055],[-90.2315135722935,19.3413018193236],[-90.2321925055796,19.3343942930622],[-90.2348556050021,19.3248558550138],[-90.2392046391827,19.3051218371032],[-90.2385716378707,19.2962415463103],[-90.232978560712,19.2913077900225],[-90.2277145580804,19.2883478046076],[-90.2244265053789,19.2837432901208],[-90.2221446159812,19.2755194702474],[-90.2198716118854,19.264337340396],[-90.2165905990768,19.2580876259432],[-90.2119825637443,19.2561148614118],[-90.1978146334386,19.2531550432707],[-90.1819835652893,19.2534827760094],[-90.176055548225,19.2508511933279],[-90.1688075494288,19.2495372460471],[-90.1513285977366,19.2488790987914],[-90.1450656398674,19.2495372460471],[-90.1447216473861,19.254140923265],[-90.1423876215914,19.2623654140327],[-90.1357645778729,19.2712450339312],[-90.1248625706511,19.2804552374193],[-90.0981216181182,19.2906516554496],[-90.0885545141795,19.292295680901],[-90.0773395266978,19.2929536608828],[-90.0674515644381,19.291639546328],[-90.0463796269182,19.2817711955843],[-90.0239635680642,19.2804574155773],[-90.0068286106518,19.2748656811063],[-90.0015565608865,19.2745376138199],[-89.9936375068654,19.2771675192657],[-89.9876865229147,19.2821012746542],[-89.9863506150888,19.2867069627562],[-89.9879835779797,19.2929556717669],[-89.991584610941,19.30052117801],[-89.9961926462736,19.3034809961511],[-90.0064085103444,19.3051260279439],[-90.0149686119119,19.30907172518],[-90.0172496631414,19.319598054107],[-90.0149235181058,19.32518761042],[-90.0086365870088,19.3314373248727],[-89.9967575859937,19.3353860402336],[-89.9766235838113,19.342949533794],[-89.9644086374486,19.3468974100875],[-89.9462665103911,19.3505162127531],[-89.9320836603326,19.3518323399906],[-89.9212036136558,19.3498584009445],[-89.9109875832104,19.3482133691517],[-89.8984836271177,19.340319962896],[-89.8849795430714,19.33604418659],[-89.8744356117141,19.3334131066296],[-89.8635636130703,19.3288094312103],[-89.8500675752584,19.3209160249546],[-89.8349075623341,19.3179552013715],[-89.8124995497144,19.3153234523155],[-89.8022766457506,19.3156533632122],[-89.7768555067762,19.3242059221656],[-89.763000555831,19.3271657403067],[-89.7517855692486,19.3284816975723],[-89.7428895196356,19.3251936448709],[-89.7287296355642,19.3202588840403],[-89.7013776422643,19.3149972277399],[-89.6901705337431,19.3140115159188],[-89.6759715903166,19.3212469421927],[-89.6667176339116,19.3271677511908],[-89.6564945617746,19.3288116102677],[-89.6492465629785,19.3261815366487],[-89.6397015868587,19.3189449367595],[-89.6222536491865,19.3110516977777],[-89.60643750079,19.3064468478438],[-89.5896306115635,19.3028288842457],[-89.5589825184284,19.2985532752135],[-89.546447549215,19.3005272133603],[-89.5352245163983,19.3031591305894],[-89.5266575413124,19.3031591305894],[-89.5203786573491,19.307762806908],[-89.5101545788707,19.3064486923533],[-89.5048905762391,19.3041448433099],[-89.4936755896567,19.3041448433099],[-89.4907075580074,19.3064486923533],[-89.4834215052982,19.3156593976631],[-89.4757995054428,19.3281574856795],[-89.4744565559253,19.3360510601084],[-89.4711306165847,19.3452595863609],[-89.4664996161643,19.3521671126222],[-89.4585646360491,19.3580877543465],[-89.4479975696321,19.3630215097349],[-89.4446945971779,19.3643374687992],[-89.4370875170752,19.373217759592],[-89.4278335606703,19.3788094949623],[-89.4205706421214,19.3834153512375],[-89.4156035263816,19.3890060802664],[-89.4079895727605,19.4005182891877],[-89.4059906568433,19.4064401036279],[-89.4082945058867,19.4084120299913],[-89.4109115042625,19.4163062744151],[-89.4095536358915,19.4288036924365],[-89.4075545518011,19.4353843241273],[-89.4022526634296,19.4442637767519],[-89.3936695940765,19.4465667894258],[-89.3890686004355,19.4426197504012],[-89.3814925325543,19.4383441422684],[-89.3735805193255,19.4396601004333],[-89.3702694997376,19.4426197504012],[-89.358085564697,19.437358262274],[-89.3485186289315,19.4399880004459],[-89.3389585648858,19.4393320331469],[-89.3290706017269,19.4380160740826],[-89.3195185848148,19.4334123968647],[-89.3106305823355,19.4304517423541],[-89.2977675458355,19.4294636833024],[-89.2888646236034,19.4304517423541],[-89.2667466252565,19.4396621122168],[-89.2618026427777,19.4370303622615],[-89.2555316386741,19.4406479922111],[-89.2426295428191,19.453146246602],[-89.2376475073266,19.4672903736518],[-89.2376174996479,19.4768289798736],[-89.2346196293923,19.4873543033585],[-89.2276685156894,19.4945909032476],[-89.2161256299938,19.4959066941387],[-89.2035906607803,19.498208532298],[-89.194015509708,19.5024844758779],[-89.1857455887879,19.5120229148257],[-89.1817625094322,19.5195882528956],[-89.1748196110362,19.5268248527848],[-89.1517026565523,19.5383363908118],[-89.1408006511291,19.5459008907136],[-89.1305546121056,19.5521504378925],[-89.1236185881273,19.5570853668962],[-89.118324577817,19.5630050031784],[-89.1169665421721,19.5771491293289],[-89.1143116580565,19.5817528047482],[-89.1103436648282,19.5857015201091],[-89.1047286280237,19.5876736137463],[-89.1014325281886,19.5870176464473],[-89.087943531169,19.5784649202199],[-89.079360629989,19.5817528047482],[-89.0763936037818,19.5820827174435],[-89.0724105244261,19.5899772964152],[-89.0723956037741,19.5955690317854],[-89.0717086233543,19.6051074698339],[-89.0690455248311,19.6116850851986],[-89.0630955472217,19.6179356369202],[-89.0508805990603,19.6222114141255],[-89.0495525710942,19.6254991322792],[-89.0518415012842,19.6307621285694],[-89.0623775527818,19.6370116757483],[-89.0692976515653,19.6373395757608],[-89.076881598407,19.6396435929775],[-89.0818096538924,19.64490625472],[-89.0867305022109,19.6534576400581],[-89.0916515178033,19.6613502081456],[-89.0936125479807,19.666614042604],[-89.0909496167314,19.6748363552137],[-89.0876315572505,19.6820721169347],[-89.0830005550316,19.6876636841318],[-89.078689574764,19.6942423049385],[-89.0743635065705,19.7090425656619],[-89.0674206090738,19.71562219281],[-89.0601575223517,19.7185818427779],[-89.0522305893701,19.7208846872786],[-89.0492325500421,19.7323962253056],[-89.045585583308,19.7389748461123],[-89.0396426455916,19.7416065960676],[-89.0234905509481,19.7409484488119],[-89.016891646832,19.7419344960802],[-89.0023805613138,19.7432506224183],[-88.9977565998871,19.7452243932912],[-88.9897996592268,19.7590384403718],[-88.9838565551359,19.7613402776317],[-88.9812165898737,19.7636441275745],[-88.9805445292066,19.7669331866173],[-88.9775696240389,19.7698928365852],[-88.9739305371645,19.7731829010701],[-88.9660106449753,19.7754847392294],[-88.9587405165615,19.7804183282433],[-88.9570845876835,19.7827213391186],[-88.9547495582455,19.7929167508075],[-88.9490815468758,19.8139673977772],[-88.9444426665958,19.8198892131168],[-88.9411395259683,19.8228488630846],[-88.9338985679645,19.8185732540525],[-88.9309615494359,19.8083766687483],[-88.9283375102679,19.8041008924423],[-88.9177776528164,19.8060749978629],[-88.9032436013111,19.8146273886431],[-88.8962856149891,19.8251507012439],[-88.8949585915657,19.828441603897],[-88.8840565861425,19.8343610711066],[-88.8800815521219,19.8425837182641],[-88.875106558321,19.8521231626539],[-88.8760755058798,19.8583717043907],[-88.8783726495781,19.8629777270405],[-88.8747176366096,19.8708711332962],[-88.8730466207049,19.8781075650122],[-88.8773036218646,19.8883039830424],[-88.8782725703228,19.8938938739032],[-88.8723145455798,19.9031044119391],[-88.8699875623761,19.9090240482213],[-88.8722686127063,19.9175764390015],[-88.8814776416798,19.9248120334486],[-88.8860705899857,19.9336926587892],[-88.8857265966051,19.9396143059555],[-88.8764805191606,19.9422440441274],[-88.8698886549374,19.9425741240966],[-88.8580096539224,19.9448757940827],[-88.8408435170147,19.9507966030808],[-88.8319245014146,19.9557301911954],[-88.8193895331004,19.9586900093365],[-88.8055265350216,19.9626377183561],[-88.7969355867079,19.9695464182327],[-88.7900005681716,19.9741502618252],[-88.7810976459396,19.9741502618252],[-88.771186547721,19.9790850226557],[-88.7649006238647,19.9856626380204],[-88.7579726461207,19.9882943879757],[-88.7424845650106,19.9843465116822],[-88.7315976457147,19.9859925498164],[-88.727302590642,19.9899382470525],[-88.7249445943175,20.0050682531974],[-88.7213055074432,20.0096742758472],[-88.7153706168605,20.0090162967647],[-88.711753657805,20.0057262322799],[-88.7078165113229,19.9991486169152],[-88.7022246077794,19.9942151969738],[-88.6936415393255,19.9988208850758],[-88.6923145159021,20.0017807032169],[-88.683410588228,20.0011227232351],[-88.669891584429,20.0007946559487],[-88.6606595876698,20.0017807032169],[-88.6520845663496,20.0017807032169],[-88.644485531582,20.0070443704014],[-88.6395185840154,20.0136229912081],[-88.6421436286255,20.0188846466092],[-88.6497265691258,20.0192125466218],[-88.6490476349404,20.023818402897],[-88.6457446615868,20.0271072937666],[-88.6378175613314,20.0317128136954],[-88.6269225949018,20.0369744699959],[-88.6173405712104,20.0435530908026],[-88.6090626040559,20.0540787488353],[-88.6050565569145,20.0695368231659],[-88.5938186043451,20.0803912202787],[-88.5845715205592,20.0836809493164],[-88.5773166482447,20.084008849329],[-88.5667415355933,20.0928914873523],[-88.5545046277863,20.1060475553505],[-88.5462266606319,20.1159152343007],[-88.5343245263558,20.1280852550306],[-88.5280375952588,20.1336761522327],[-88.5187836388538,20.1412416575765],[-88.5062255363794,20.1501221174418],[-88.4943465362636,20.154069992836],[-88.4906846497767,20.1649243899487],[-88.4834056369605,20.173145696217],[-88.473487498849,20.1830142133354],[-88.4628905938258,20.1968284276898],[-88.4357905599863,20.2188662946438],[-88.4255596088888,20.222155857307],[-88.3975526528326,20.2145903510639],[-88.3771135502501,20.2139345510387],[-88.3629146059243,20.2191960400652],[-88.3487015800139,20.2310386626042],[-88.3328326261247,20.2464967360356],[-88.322250639955,20.2557071067976],[-88.3113405882975,20.2645865603216],[-88.3020935036122,20.26985039478],[-88.2925265678468,20.2705073693197],[-88.2842866537061,20.26985039478],[-88.2737276353221,20.2728110510892],[-88.2671205158991,20.2760989356174],[-88.2509385817501,20.2846503218549],[-88.2370836308049,20.2876111454381],[-88.2100375760733,20.2905731417371],[-88.1958615986338,20.2889292826603],[-88.1770624988352,20.2899151626547],[-88.1602405216827,20.2938630389481],[-88.1496655781039,20.2991245270753],[-88.1384355035956,20.3063611269645],[-88.1242526526378,20.3086651450805],[-88.1130374987815,20.309978924188],[-88.0965425843727,20.3112950514255],[-88.08467062415,20.3119528623348],[-88.07180758765,20.3135989013683],[-88.0579526367048,20.3162306513236],[-88.044776619945,20.3129407541126],[-88.0335765540147,20.3086651450805],[-88.0203936637366,20.3057051587661],[-88.0032506600899,20.3053774269268],[-87.9910435917883,20.3060352387353],[-87.9831235323251,20.3093229559897],[-87.9533466529256,20.3425453000256],[-87.9477155227531,20.3510956799217],[-87.9417645388024,20.3573452271006],[-87.9338146389344,20.3681996242133],[-87.9271845544236,20.381685937656],[-87.9228665315651,20.3922112620402],[-87.9198455271493,20.4086555500137],[-87.9158475271416,20.4218136288959],[-87.9082335744199,20.4320100469262],[-87.8973386079903,20.4382579168694],[-87.893699521116,20.4412207531353],[-87.8995975314009,20.4530598557278],[-87.9075085391877,20.4547037139053],[-87.9147335719967,20.4635841728713],[-87.9110946523962,20.4675320500641],[-87.9026865983078,20.4707040974162],[-87.8982775487698,20.4740377484434],[-87.8963465262711,20.4769316831507],[-87.8929285539096,20.478714513564],[-87.8810725188816,20.473452690889],[-87.8757476636237,20.4675092513509],[-87.8724056309151,20.46511437293],[-87.8533936310112,20.4665461700698],[-87.8504026333748,20.4744407490414],[-87.8460765651813,20.4892408442896],[-87.8430636061005,20.5027271577322],[-87.8420566037292,20.5099625849054],[-87.844024507425,20.5145665957718],[-87.85457665319,20.5132506376069],[-87.8615185452446,20.5070027667643],[-87.8700786468121,20.5109487994476],[-87.8717045689107,20.5191711111579],[-87.8673935877438,20.5277228319432],[-87.8584826201767,20.5310123928077],[-87.8541795179704,20.5343014518506],[-87.8548276072083,20.5385770608827],[-87.858451607056,20.5402229308436],[-87.8561175821607,20.5494314579955],[-87.8505015390148,20.5514053961422],[-87.8432615855537,20.5481175107146],[-87.8376465487492,20.5507475843336],[-87.8346555511127,20.5592989696718],[-87.8326495944032,20.5685095077077],[-87.8293226487212,20.5787059248386],[-87.8243486603624,20.5875852110887],[-87.8160856120613,20.5938360991567],[-87.8131026597599,20.5984396082014],[-87.8094635728855,20.6030456308512],[-87.8051685187122,20.6050192335508],[-87.8025285543493,20.6076501462373],[-87.8025055883622,20.6132418807083],[-87.8001866513928,20.6175176579137],[-87.7962265371249,20.6188336160786],[-87.7886425911826,20.6175176579137],[-87.7823796333134,20.6188336160786],[-87.7817005309547,20.625412068712],[-87.7823405730589,20.6316619513381],[-87.7747344992977,20.6392264512398],[-87.7694545696726,20.639556531209],[-87.7632145786898,20.6319900186245],[-87.7586055379152,20.6293601131787],[-87.7503666301159,20.6280439868406],[-87.7430956644333,20.6342937012933],[-87.7381365949279,20.6382405721448],[-87.736129631877,20.646461878413],[-87.7357866439384,20.6517257128714],[-87.7351145832714,20.655014603741],[-87.7307816415595,20.6711304898802],[-87.7297595530609,20.6833008451579],[-87.7313765898577,20.6938265040899],[-87.7362895592157,20.7033649421384],[-87.7419126422546,20.6984311858506],[-87.7472155369674,20.6892204814401],[-87.7518535790794,20.6826428660755],[-87.755157557875,20.6796822097662],[-87.7614136431251,20.6826428660755],[-87.7617115363583,20.69185239777],[-87.7570726551788,20.7000748776535],[-87.7484744987991,20.7096146565912],[-87.7418365344285,20.724744662736],[-87.7375185133687,20.7336251217021],[-87.7302395005524,20.7421766743141],[-87.7212985253067,20.7543470295918],[-87.7163466638674,20.7579646604408],[-87.7107316270629,20.7612535513104],[-87.7097165793566,20.7698051039225],[-87.7136455123305,20.7786855619892],[-87.7208635043472,20.7892118918154],[-87.7244645373085,20.7980916798872],[-87.7148665866237,20.8105897679035],[-87.7118836361209,20.8155236923645],[-87.71088451271,20.8191424950302],[-87.710861546723,20.8263779213041],[-87.7072065337545,20.835918371136],[-87.69995166144,20.8372324856907],[-87.6930386034488,20.8332854466661],[-87.6874386527716,20.8293399176032],[-87.6798785118838,20.8221041558821],[-87.671630552408,20.8237481831322],[-87.6650085132322,20.8326276357568],[-87.6498106136689,20.8441398437788],[-87.6395726217791,20.8480878882455],[-87.6273655525782,20.8517066909111],[-87.6138385034441,20.854996252675],[-87.6029505778069,20.8569683472115],[-87.5937045012617,20.8602580771486],[-87.5910496171461,20.8665086288702],[-87.5887145859094,20.875388249668],[-87.5837476383428,20.882952917743],[-87.5771405189197,20.8869006258632],[-87.5708695139169,20.8888743967361],[-87.5655895860905,20.8888743967361],[-87.5619736333765,20.885914578595],[-87.5553745601878,20.8865727258507],[-87.5497585170419,20.8911762348954],[-87.5434725931856,20.8980851029452],[-87.5408175408967,20.9043326383406],[-87.550338544688,20.9165028263444],[-87.5506436459875,20.9247244671605],[-87.5499645454274,20.9322911470189],[-87.5525666231511,20.9438035232141],[-87.55353557071,20.950709037692],[-87.5564875089913,20.9572878257726],[-87.5650405706658,20.96419518476],[-87.5676495219079,20.9727477437135],[-87.5669705877224,20.9786675463702],[-87.5659635862505,20.9852451608356],[-87.5702286336445,20.9928096607373],[-87.5685576177398,21.0000454233577],[-87.5662235928445,21.0076119350428],[-87.5662075003758,21.0135314022525],[-87.5681536099011,21.0253718457341],[-87.5704346611307,21.034912295566],[-87.5717165889494,21.0457656872367],[-87.5733415047067,21.0536584225982],[-87.5792465557839,21.0638568524118],[-87.5868226227658,21.0678025487487],[-87.5930785398427,21.0701045550812],[-87.5999755053653,21.078984845874],[-87.6029205710275,21.0858923721353],[-87.6071926592138,21.090496383901],[-87.6137925696713,21.0891804248368],[-87.6203846011684,21.0898382366453],[-87.6266326401841,21.0960891247134],[-87.6295696578134,21.1072714218387],[-87.6305386071709,21.1115470308708],[-87.6400835832907,21.1200987516561],[-87.6483005296457,21.1266772051889],[-87.6604846319602,21.1335828869408],[-87.6638256592267,21.1372375635627],[-87.6581576478571,21.1404914186441],[-87.6578136553758,21.1444372840535],[-87.6581266347364,21.1503579248784],[-87.6604155649263,21.1556217602361],[-87.6656725267657,21.1615413956189],[-87.6732485937476,21.1654880991965],[-87.6834714986107,21.1654880991965],[-87.6851046287755,21.1704218536856],[-87.6890416088831,21.1756835099861],[-87.6919935471644,21.1809461717285],[-87.6932986091435,21.1858799280163],[-87.6945956248882,21.1931156897373],[-87.6932605561297,21.1980504505679],[-87.6886215076764,21.2059440249968],[-87.6826785708593,21.2092337540346],[-87.6688236199141,21.2121945776177],[-87.6575925399637,21.2174562339181],[-87.6549376558481,21.2243637601794],[-87.6532595991512,21.2332442191454],[-87.653572579411,21.2388359536164],[-87.6562046648134,21.2417967771996],[-87.6614685001711,21.2437707162456],[-87.6680756186948,21.2417967771996],[-87.6733625882129,21.2368623509168],[-87.6763455396149,21.2325864073369],[-87.6796495184105,21.2296265891958],[-87.6832656392978,21.2316003600686],[-87.6862256238135,21.2355463918526],[-87.6822505906921,21.2421250126592],[-87.6812435892202,21.2480444798689],[-87.6825406040656,21.2539641161511],[-87.6838535459044,21.2575830860906],[-87.6864475773937,21.2710694013318],[-87.6854395686811,21.2769890358154],[-87.6827925644253,21.280606833039],[-87.678825576639,21.2848826102443],[-87.6755145579505,21.288173511998],[-87.6738586290724,21.2914610628778],[-87.6731795267137,21.2983687573123],[-87.6761245932753,21.3052752772323],[-87.6747895227182,21.310209200794],[-87.6744386567186,21.3167878207014],[-87.6770556550944,21.3243533269446],[-87.6776886564063,21.3348778122613],[-87.6760025516764,21.3457320421001],[-87.6763155328355,21.3529676356479],[-87.6719896319159,21.3641521118305],[-87.6637265854135,21.3713877062777],[-87.6561275506459,21.3753335707877],[-87.6482235836514,21.373689544437],[-87.6409915100501,21.365468239068],[-87.6363985626435,21.3572454237374],[-87.6311496470386,21.3486940392986],[-87.6262205852118,21.3427733966749],[-87.6239316550218,21.3381675421984],[-87.6213076167531,21.3319188331877],[-87.6124575000136,21.3141569089142],[-87.6088566352255,21.3052772890157],[-87.6022946096085,21.2950808709854],[-87.6000135592783,21.2871872983552],[-87.5993656382136,21.2825826147959],[-87.5977246290883,21.2789649857456],[-87.5895155607944,21.2681104213589],[-87.5875476570986,21.2644927923085],[-87.5846025923357,21.257585097874],[-87.5789875546319,21.2605447478419],[-87.5769886387147,21.2677805095629],[-87.5772935718408,21.276333067617],[-87.5795746230704,21.2842264738727],[-87.5844875924284,21.2960670864269],[-87.585449499195,21.3039614981247],[-87.5850905860617,21.3158027797745],[-87.5844036056419,21.3230395478369],[-87.5824055269935,21.3299448950409],[-87.5810625792746,21.3371818303772],[-87.5823666349123,21.3437594448425],[-87.5869595832182,21.35033806475],[-87.5935435675815,21.3559296328463],[-87.5984726303076,21.3605334773382],[-87.6056976631166,21.3694157799143],[-87.6116105931543,21.3782964061543],[-87.6145556579173,21.3848741878935],[-87.6152035789819,21.3894778651114],[-87.6204605408213,21.3957284177324],[-87.6319885076634,21.4000041940384],[-87.6402205428437,21.4019759531278],[-87.6468045281064,21.4078967621259],[-87.6447445913897,21.43388049359],[-87.6440735361647,21.4371712289691],[-87.6394276150923,21.4480244533659],[-87.6346516061867,21.4554421020714],[-87.6262205852118,21.4529592150957],[-87.6166766154334,21.4467084943016],[-87.6028515039937,21.4391451680152],[-87.5933075342153,21.4325665472084],[-87.58574655426,21.4256608645573],[-87.5765226046345,21.4230289473281],[-87.5600355691861,21.4223711346202],[-87.5405805011891,21.4223711346202],[-87.5283736001615,21.4256608645573],[-87.5201266461278,21.4266467436523],[-87.5108946502679,21.4256608645573],[-87.4878236286575,21.4236877645787],[-87.4660496236912,21.4263188436398],[-87.4551615316793,21.4289505935951],[-87.4449386268161,21.4296085726775],[-87.4320755912156,21.4299384853729],[-87.4096605378035,21.4279645472261],[-87.3984455512212,21.429280672665],[-87.3859255026598,21.4269786672318],[-87.3773496422721,21.4266487563351],[-87.3681106056199,21.4286226935825],[-87.3584975679084,21.4460547060599],[-87.3308565657779,21.5558227687059],[-87.3120046595873,21.446056716944],[-87.315978520892,21.441780773364],[-87.3209305487058,21.4394779288634],[-87.3302005993781,21.4276368135882]]],[[[-87.5134276609577,21.3503400774327],[-87.5173946478447,21.3470490057071],[-87.5200426593412,21.3457352265995],[-87.5233305438695,21.3480380711002],[-87.5263066226525,21.3454051466302],[-87.5289615067681,21.3381695530825],[-87.5273204976428,21.3355376358533],[-87.5256955818855,21.3289591832198],[-87.5267025842568,21.3236975269194],[-87.5290225266683,21.3200797296958],[-87.5333256288746,21.3144868207103],[-87.5386125983927,21.3092253325831],[-87.5429155324259,21.3042914090213],[-87.5465624982606,21.297712789114],[-87.5495456169367,21.2914630737619],[-87.551223507259,21.2829106829817],[-87.5502475180085,21.2786367511852],[-87.5469665060994,21.2737029948973],[-87.5430226515741,21.2687685677153],[-87.5400695396775,21.2631766659704],[-87.5371246421885,21.2565980451637],[-87.5358276273431,21.249034550704],[-87.5325466154339,21.2427850044245],[-87.5283045331277,21.2283128100881],[-87.5260085621454,21.2240358601669],[-87.5207445604131,21.2197602511347],[-87.5148316303754,21.2131826357701],[-87.5082476451127,21.210551556709],[-87.4970475782831,21.2072616603974],[-87.4884715497222,21.2059478803904],[-87.4792405602037,21.2072616603974],[-87.4719776407555,21.2089078658054],[-87.4643556409001,21.2223940128735],[-87.4663235436965,21.2266676101221],[-87.4705966391236,21.2309443918703],[-87.4781955039193,21.2260097983136],[-87.4841156429225,21.2306164918577],[-87.4906845402593,21.2381801535913],[-87.4923175031502,21.2437728953029],[-87.4982225533282,21.2533101597361],[-87.5031435689205,21.262190785976],[-87.5070795426867,21.270084360405],[-87.5083846046657,21.2740332421405],[-87.5100246083489,21.2779787712034],[-87.5106656558953,21.2825826147959],[-87.5060425344354,21.2862004120195],[-87.4974596332555,21.2891632482853],[-87.4898686456215,21.2908072737367],[-87.481941545366,21.2957410300245],[-87.4782945786318,21.3023186453892],[-87.4766235618279,21.3082392862141],[-87.4729236232266,21.3345537676423],[-87.4732436442787,21.3381695530825],[-87.4781646589718,21.3463930393074],[-87.4821165588321,21.3467212738677],[-87.487380562363,21.3509978892412],[-87.4883495099219,21.3572474364201],[-87.4916305218311,21.3621811909093],[-87.4949185754319,21.3651421817663],[-87.499206588813,21.3661282299339],[-87.5044865166394,21.3654702499521],[-87.5081256044131,21.361193468204],[-87.5134276609577,21.3503400774327]]]]},"properties":{"FID":805,"OBJECTID":810,"ECO_NAME":"Yucatán moist forests","BIOME_NUM":1,"BIOME_NAME":"Tropical & Subtropical Moist Broadleaf Forests","REALM":"Neotropic","ECO_BIOME_":"NO01","NNH":2,"ECO_ID":519,"SHAPE_LENG":27.741104614,"NNH_NAME":"Nature Could Reach Half Protected","COLOR":"#6C9400","COLOR_BIO":"#38A700","COLOR_NNH":"#7BC141","LICENSE":"CC-BY 4.0","Shape__Area":5.9686495112115381,"Shape__Length":27.741104616408165}},{"type":"Feature","id":806,"geometry":{"type":"Polygon","coordinates":[[[103.67803959675,28.1791877439193],[103.704360617149,28.1564635656411],[103.7541655496,28.122112013059],[103.806411628794,28.0947290048397],[103.832488567793,28.0832815048377],[103.889785582239,28.0630304918637],[103.952270658764,28.0453673068558],[103.999458593739,28.0217591741466],[104.041404654801,28.0022209584305],[104.060035613753,27.9830968067723],[104.06587964493,27.9561030557115],[104.045799621855,27.9293899300013],[104.008224556418,27.878420079623],[103.965782621771,27.8178878188678],[103.924018615866,27.7345152072111],[103.906883659353,27.6988436719979],[103.878272535149,27.6096724593166],[103.846305632999,27.552217865662],[103.849891578933,27.5136725099784],[103.863860523444,27.4713983816301],[103.890357562751,27.4415417071841],[103.953399532762,27.3939499316441],[103.990127524066,27.3693438491394],[104.019264528635,27.3395351193503],[104.032844553234,27.3131042962264],[104.04666161664,27.2775227822506],[104.053321541556,27.2185234033324],[104.042655570398,27.1307851614062],[104.035346550803,27.1142319079762],[104.005935626228,27.0548665760317],[104.009864559202,27.0025368463984],[104.033943587726,26.9676773486308],[104.052482513657,26.9484160701456],[104.076743597339,26.9066450243484],[104.101310619589,26.8534152451175],[104.115013523056,26.822301619724],[104.133850676767,26.7915249478181],[104.153221590704,26.7401462278661],[104.167266643041,26.6952572810987],[104.180793525801,26.670943391924],[104.217651604038,26.6435325559827],[104.276992629107,26.6495552887456],[104.317657599619,26.6818588089369],[104.340179605804,26.7153275807033],[104.372764590414,26.763144494323],[104.397788594168,26.8036104790404],[104.427551559257,26.8649747269022],[104.465141545346,26.929050017944],[104.498069516095,26.9721671986574],[104.529067637961,26.9876083405525],[104.544792590606,26.9861453639174],[104.566276583098,26.9620125226598],[104.569259533601,26.9460991449596],[104.57777353592,26.9166984456768],[104.586303631607,26.8872870183812],[104.605796586244,26.8354511496509],[104.628234604743,26.7699531140451],[104.639427630781,26.7383364078989],[104.664321547601,26.679782107958],[104.670692632759,26.6295372928118],[104.692657578185,26.5845774354004],[104.712219598955,26.5302888528483],[104.733833676583,26.5013439632534],[104.760505563881,26.4817718826663],[104.789962588603,26.4553809579649],[104.853599674186,26.4302181501475],[104.909019645241,26.4252704804484],[104.953979669926,26.4198447059684],[105.073905593968,26.374978725188],[105.134971614948,26.3718299801695],[105.193672597013,26.3615665068888],[105.215263542279,26.3505558705571],[105.242500535671,26.3282137413711],[105.253524582693,26.3146873613327],[105.267341646999,26.2966394472527],[105.315299543739,26.1874713601152],[105.375030663235,26.0463437479656],[105.417228515584,26.0036117990454],[105.445808626667,25.9536170997494],[105.485641610072,25.9244943449381],[105.517356551863,25.8813392775857],[105.572463542658,25.8200320260572],[105.604659605556,25.7720984370932],[105.654647600407,25.7242114500984],[105.71099863328,25.6807465878848],[105.773818649711,25.620929304344],[105.779563606176,25.5680368131485],[105.761245628383,25.499095155617],[105.758155555135,25.4691995899892],[105.80875358441,25.4161579003668],[105.850532678241,25.3676072352857],[105.907371536667,25.3026805101974],[105.94876053607,25.2170845154381],[106.008827601812,25.1678718468083],[106.017478563685,25.1401322726863],[106.089340642756,25.0766700341948],[106.11899564873,25.0415518716216],[106.156799541266,24.9717351440617],[106.168563542374,24.9576647794061],[106.22282362541,24.9494183271941],[106.238487558154,24.9662894217195],[106.309753516212,24.8402084989231],[106.341880681149,24.7438211387346],[106.320464582974,24.7009844169973],[106.229423534968,24.66885490483],[106.197296539104,24.6367253935621],[106.218711630937,24.5724675446415],[106.28297467704,24.4600179428738],[106.341880681149,24.3582768942633],[106.411498589288,24.2565351738592],[106.475761635391,24.1333763498387],[106.494178519723,24.0549820855549],[106.467460533177,24.0583450733665],[106.44781452562,24.0587908232379],[106.40683758029,24.016013108718],[106.379897641063,23.9705863790582],[106.370689616633,23.9477693295909],[106.36107657982,23.9111442692927],[106.366065656105,23.8903214421808],[106.393318575592,23.8644287373963],[106.437553566844,23.8496893283998],[106.500854538906,23.8368650158079],[106.552146589394,23.8151340937634],[106.596465567432,23.7706122736376],[106.592178558594,23.7316153018048],[106.522209616281,23.6777469886327],[106.474555647225,23.6464467835922],[106.437866548003,23.6172241159003],[106.381675609742,23.5814189729073],[106.311691580402,23.5434628647195],[106.23638152129,23.5054338350035],[106.197349680044,23.4782783129938],[106.139190670813,23.4443490397764],[106.089568630788,23.4055607772082],[106.037620612102,23.3759104647962],[105.996841648024,23.3483906651971],[105.950920552941,23.316168450014],[105.885864579087,23.3104008621102],[105.822212573751,23.304521963318],[105.768920601005,23.3088766974017],[105.742332534119,23.3133145792045],[105.694671523372,23.3175065368972],[105.639160524738,23.3330526197826],[105.541770522092,23.3708717666188],[105.49932054121,23.3866089581369],[105.452880605655,23.4038268959945],[105.390159663038,23.4394561873532],[105.314697556447,23.4724106458347],[105.252418673783,23.4917835706553],[105.146293554304,23.5124313834017],[105.050712532557,23.5240389780164],[105.012054525096,23.5254087489147],[104.955512552662,23.5193509803635],[104.90485367076,23.4785822406779],[104.828010561638,23.4531046080912],[104.771102636178,23.4606062435833],[104.69632767818,23.4557611676438],[104.650131656751,23.4401282480203],[104.629768661095,23.4230471033412],[104.643234523954,23.3932306618656],[104.682861648047,23.3480796958214],[104.725097555208,23.3030350125558],[104.74378953406,23.2734497454095],[104.741722556551,23.2477699407302],[104.706306668918,23.2091980982137],[104.675086594371,23.2172925020474],[104.625633533361,23.2316218687543],[104.560645620199,23.2452510107256],[104.513992618165,23.2479109238501],[104.483596651764,23.2419762014406],[104.452072648634,23.2358116473897],[104.430763672306,23.2675621285894],[104.37944764859,23.2418063842573],[104.371688521008,23.2414402630578],[104.324905599314,23.2509057777795],[104.260085658826,23.2571006749562],[104.184951620421,23.2627041446806],[104.10738364424,23.2634112420353],[104.014587594442,23.2538806829472],[103.911567634339,23.2484299315961],[103.834350524157,23.2490057684016],[103.739257665209,23.2533236221875],[103.644348536856,23.2600222710111],[103.557716539287,23.250897898819],[103.465362550341,23.2788435004272],[103.41571754343,23.3345065447413],[103.393897604691,23.3985193068206],[103.343681622709,23.486607745651],[103.291778532353,23.5396499379943],[103.250358518931,23.5792559388106],[103.213050668154,23.5424748065671],[103.20693958959,23.4772622589462],[103.19858551461,23.4073836733179],[103.181770579149,23.3765153029389],[103.133262660643,23.3142704524195],[103.069480569273,23.2700867575978],[103.034446559861,23.2709817772873],[102.974059642139,23.2847141848118],[102.959045642243,23.2864361625989],[102.908904593572,23.296021371689],[102.815948617335,23.3247089391663],[102.725768558672,23.3512537549569],[102.663185581949,23.3719335871654],[102.561126523171,23.3958535274184],[102.494300625973,23.4050208143591],[102.491752527357,23.4072148606774],[102.457382533277,23.4060777722714],[102.375694517288,23.4215571362529],[102.288909632274,23.4436089166182],[102.239280550557,23.4577771841697],[102.137596665554,23.4858597444317],[102.057678572009,23.5214930593572],[101.974182578763,23.5824028411183],[101.89279161694,23.6546191388622],[101.801002567714,23.7486733132229],[101.742126572184,23.8250247396001],[101.708717646702,23.8751532139497],[101.658965518844,23.9760579182384],[101.619903670818,24.1071564159359],[101.604530589615,24.1267315119497],[101.594871619929,24.189058339271],[101.574294550553,24.217342902553],[101.503860579602,24.2749800549856],[101.443183647607,24.3329323658361],[101.357780604192,24.4010287910459],[101.287719627958,24.449598400346],[101.24468961943,24.4925124026253],[101.216339676335,24.533754383558],[101.167442669743,24.6031211713051],[101.091323590411,24.682551270225],[101.002403667196,24.7770537080622],[100.956611652706,24.8264822940227],[100.888671633989,24.8795917088903],[100.842086525373,24.8846092837915],[100.820510668033,24.8728358946609],[100.818946604902,24.8280500461727],[100.785842613446,24.8053781706661],[100.765190609859,24.8050521151631],[100.726089534305,24.8008425550399],[100.681831577066,24.8113479297632],[100.616767556078,24.8340669108593],[100.552299657004,24.884313403241],[100.490707588385,24.9480584470397],[100.431671664616,25.0115223618675],[100.387519653809,25.0381650796547],[100.322097558755,25.0473385701189],[100.288116652761,24.9871263304159],[100.328163541714,24.8530408577494],[100.352363606395,24.793171941432],[100.382545664551,24.7124488476363],[100.39954366241,24.6603672220697],[100.435203631443,24.5808600089823],[100.463264566607,24.5102094498063],[100.468437541659,24.4598040373265],[100.46808667476,24.4230879494494],[100.444763527315,24.3675335324466],[100.429153572779,24.3465645250329],[100.341911539886,24.3539271891885],[100.260894578222,24.4507606337963],[100.215637665746,24.5162174309897],[100.18360856918,24.5636159197389],[100.144500621007,24.6085707490409],[100.12359665706,24.6333017221968],[100.0703276512,24.6733695662525],[99.9749295227793,24.7308519867299],[99.953849539025,24.7578393687919],[99.8970795785598,24.8137887401583],[99.8580705369258,24.8563748433244],[99.7872615603728,24.9416727775767],[99.7200546222231,25.008737390818],[99.6330415819036,25.082168898376],[99.5545955175691,25.1717317127484],[99.5183716151579,25.2074260475741],[99.4444195916909,25.3016044407923],[99.3822935955731,25.3986229586827],[99.3543315669483,25.490314610431],[99.3269886253249,25.5727196136193],[99.3099825821305,25.64809622616],[99.2925336390163,25.6932471913049],[99.2730946643873,25.7313441153387],[99.2571335093041,25.7961551687261],[99.2211226742721,25.8690257592315],[99.1910475670916,25.9238482683829],[99.1569895469301,26.0127091816834],[99.1469036034187,26.0763333592972],[99.1518935178716,26.1603253934022],[99.1921995761496,26.210585295575],[99.165069533732,26.2745343559758],[99.164688660953,26.2994490606257],[99.2309566583232,26.2491234431924],[99.29677555225,26.2656577533027],[99.3519516091795,26.2895577438948],[99.3776545480191,26.3144223248305],[99.4262466196858,26.330855883892],[99.4366835982695,26.3260109761257],[99.481155629229,26.3004190136267],[99.5126576709148,26.2777610542293],[99.5689696444336,26.2574552230801],[99.5968855729109,26.2507624414336],[99.6141506172572,26.2552061904134],[99.6335755103016,26.2663197559521],[99.6543505600304,26.2996512318189],[99.6751026428727,26.3351905019402],[99.7011105148384,26.3685070580543],[99.7406005112047,26.3862922828626],[99.790580626195,26.3974898351878],[99.8870166019347,26.3889810300506],[99.9343646324219,26.4026794072289],[99.9993056063687,26.4166708150062],[100.006866585425,26.4167527900093],[100.029868539102,26.4103220258409],[100.050239581891,26.4061064321662],[100.08601354359,26.3954319102545],[100.049018673973,26.3793306102195],[100.078918598615,26.3329005663081],[100.115379541633,26.3066677226373],[100.143859572561,26.2892675632475],[100.179778542746,26.2742502097794],[100.200576559361,26.2590110718036],[100.246421545718,26.2464826406614],[100.281303674025,26.253863073622],[100.31906867358,26.3037120962363],[100.35478262262,26.3870052482936],[100.364639572658,26.4385207596254],[100.393150616708,26.5172484556518],[100.436744560413,26.5963866975881],[100.481422618859,26.655548182003],[100.506072621554,26.6791789470508],[100.519737639281,26.6922855613296],[100.576980673719,26.7028440769926],[100.605659523169,26.6813899249051],[100.722839534617,26.6450466626734],[100.78801755007,26.6451385293197],[100.823142586162,26.6442205427439],[100.865440518665,26.6437625557974],[100.868278630654,26.6437347280753],[100.908897669192,26.6319821258745],[100.950385576034,26.6002415354185],[100.983566512585,26.586043261987],[100.989189595623,26.5814523263638],[100.998947640022,26.5777906080502],[101.077705511001,26.5501068584448],[101.142570546194,26.5531737957342],[101.150543580222,26.5554796583596],[101.17961855765,26.5639083321039],[101.22358666879,26.5884292542067],[101.23689260521,26.6102522101714],[101.244644523826,26.622989517852],[101.253509560318,26.6502342229311],[101.260887646947,26.7131357134425],[101.275665612578,26.7786907453817],[101.27166761257,26.8142269973781],[101.269523521793,26.8263054869087],[101.261817535151,26.8695676752081],[101.248321664613,26.9195363912915],[101.246940662981,26.9246612544134],[101.234825627701,26.9732119185952],[101.19946254556,27.0362233791057],[101.162216552852,27.0835303375551],[101.14258563322,27.1295282113579],[101.125137528274,27.1823648789361],[101.118225642999,27.2245499923883],[101.137222555876,27.250115131708],[101.148338635919,27.2587037327911],[101.146774572788,27.2617876034152],[101.195564625707,27.2978748808212],[101.237693580095,27.29670007305],[101.256904566692,27.3053074501788],[101.280418654597,27.315868144899],[101.331451536659,27.3590652888321],[101.363952533583,27.4237145730692],[101.387718582746,27.4728972340202],[101.394073573637,27.4860519602298],[101.427673605952,27.526220218988],[101.474525594681,27.5515660892037],[101.511505546344,27.5718761111936],[101.549812519632,27.6215269852822],[101.578163637242,27.6683350529204],[101.58310661338,27.6709128228686],[101.583015585801,27.6731569938003],[101.641136541119,27.7333093872185],[101.659278667277,27.784049069609],[101.657646542554,27.8244233567526],[101.653579642786,27.8623860021124],[101.644279587133,27.9044851169946],[101.639556551893,27.9581747267823],[101.65932460015,28.0316218240879],[101.664596649016,28.0883093059298],[101.702995657124,28.1406663605641],[101.738517659363,28.201898846055],[101.757461598574,28.2348913584495],[101.815330594431,28.3092552678164],[101.831870602646,28.3398859266942],[101.861061587223,28.3715378377011],[101.915817542945,28.3985175080766],[101.921317579842,28.3876691463141],[101.928558538746,28.3317992354464],[101.908447670723,28.2624451883948],[101.901054664341,28.1918972238778],[101.884002521,28.1093415132003],[101.873496642656,28.0543999805747],[101.85134863663,27.9737950738836],[101.850753521958,27.9241830918762],[101.832610557631,27.870989354775],[101.829063671052,27.8324439999906],[101.830108559163,27.8055090888734],[101.86021451219,27.7447689570218],[101.887000560328,27.7040526891803],[101.911155527606,27.6654012188912],[101.932784526785,27.6265717170112],[101.948699580821,27.605306829047],[101.982604547162,27.5742069497909],[101.993308573132,27.5570456737189],[102.014472542774,27.5294648542197],[102.020400559838,27.5051761100895],[102.017852630295,27.4374808427667],[102.009292526929,27.396320668664],[102.008346546256,27.3535174745518],[102.000373512228,27.2966918586424],[101.996261517755,27.2716499179094],[101.988944619199,27.1969292735672],[101.990898607685,27.1431647286693],[102.00212851402,27.1103299645563],[102.036270520968,27.0680110769497],[102.075981630948,27.0800593924271],[102.125152556645,27.1086322936455],[102.160110626404,27.1136538921135],[102.197807565267,27.1121739839423],[102.23027754907,27.1170509102714],[102.283317562356,27.1078790961434],[102.318672597363,27.1017924944281],[102.346298511567,27.1018283683845],[102.355781628719,27.1183836326986],[102.354263666635,27.1633096279371],[102.319633665961,27.2212243875954],[102.295616662779,27.2620065379714],[102.273551638997,27.3187288883276],[102.258369664628,27.3940486700101],[102.257034594971,27.4322401415693],[102.257118581757,27.5021051492333],[102.270538511743,27.55058993178],[102.275718527588,27.6186771380395],[102.288833525347,27.6762038159534],[102.298179513874,27.7695347986921],[102.297469566567,27.8620257480899],[102.314773671168,27.9448583968975],[102.327201519435,28.0227871298222],[102.329719610372,28.0953320002716],[102.323249618675,28.1354384009615],[102.32670564495,28.1809645398816],[102.327628659635,28.2986488083959],[102.328956522126,28.3327093421624],[102.311401630781,28.3989696278461],[102.300926599183,28.4794794842908],[102.293121538728,28.5557182579913],[102.308982613657,28.6092710746005],[102.323280631796,28.6355151499043],[102.367881576973,28.7394096782141],[102.381660588266,28.7815200238301],[102.401771622662,28.860536895961],[102.414451598562,28.9343388828332],[102.423103566776,28.9782863752161],[102.429626532139,28.9982014410437],[102.436920631082,29.0204745049945],[102.472640614573,29.0194356522336],[102.534156576265,29.0096279868422],[102.576187628656,28.9729574963914],[102.590560581006,28.9244552777889],[102.577773653232,28.8505424818501],[102.550392656796,28.7570810767303],[102.541007608015,28.6586310980468],[102.555969639687,28.5920747627401],[102.600685584772,28.5465756133739],[102.632568669209,28.5043554641334],[102.682891603964,28.4412808037661],[102.722106673085,28.4065933040378],[102.749030518943,28.3593530653917],[102.76313055673,28.3153799252434],[102.769721582785,28.2684000277391],[102.778312531098,28.1581235189853],[102.766029522245,28.0662442812487],[102.770797651291,27.9964461615612],[102.779952533882,27.9474671808658],[102.77468065229,27.8744512491259],[102.782447658832,27.7891010112028],[102.817451659666,27.7221849245947],[102.851508674386,27.6846174026711],[102.919204611704,27.6230030380598],[102.958442646811,27.5813498412222],[103.009017541926,27.4999002049306],[103.032768671337,27.4680816630384],[103.068527546009,27.4577900265885],[103.123977523844,27.4674665987046],[103.155586519203,27.5135487938418],[103.222534624373,27.5674901958159],[103.262084634299,27.6052707869173],[103.329864559302,27.6365924497818],[103.356765606448,27.675498897656],[103.410758642098,27.7487984728713],[103.423591670919,27.8365249813428],[103.441795656045,27.9156655696104],[103.46225755824,28.0064286731448],[103.527366673034,28.0581076317619],[103.582298648564,28.1110914859834],[103.647941523583,28.1513427269853],[103.66301754972,28.1641291520388],[103.67803959675,28.1791877439193]]]},"properties":{"FID":806,"OBJECTID":811,"ECO_NAME":"Yunnan Plateau subtropical evergreen forests","BIOME_NUM":1,"BIOME_NAME":"Tropical & Subtropical Moist Broadleaf Forests","REALM":"Palearctic","ECO_BIOME_":"PA01","NNH":4,"ECO_ID":643,"SHAPE_LENG":29.7124087047,"NNH_NAME":"Nature Imperiled","COLOR":"#5AA500","COLOR_BIO":"#38A700","COLOR_NNH":"#EE1E23","LICENSE":"CC-BY 4.0","Shape__Area":21.52938439263562,"Shape__Length":29.712408699565824}}]}