{"type":"FeatureCollection","features":[{"type":"Feature","geometry":null,"properties":{"GEOID":"13147","STATE":"13","COUNTY":"147","COUNTYNS":"01687995","BASENAME":"Hart","NAME":"Hart County","LSADC":"06","FUNCSTAT":"A","COUNTYCC":"H1","AREALAND":601973877,"AREAWATER":63518171}},{"type":"Feature","geometry":null,"properties":{"GEOID":"51133","STATE":"51","COUNTY":"133","COUNTYNS":"01480152","BASENAME":"Northumberland","NAME":"Northumberland County","LSADC":"06","FUNCSTAT":"A","COUNTYCC":"H1","AREALAND":495808166,"AREAWATER":243884093}},{"type":"Feature","geometry":null,"properties":{"GEOID":"37033","STATE":"37","COUNTY":"033","COUNTYNS":"01008542","BASENAME":"Caswell","NAME":"Caswell County","LSADC":"06","FUNCSTAT":"A","COUNTYCC":"H1","AREALAND":1102042925,"AREAWATER":8293624}},{"type":"Feature","geometry":null,"properties":{"GEOID":"13103","STATE":"13","COUNTY":"103","COUNTYNS":"00350219","BASENAME":"Effingham","NAME":"Effingham County","LSADC":"06","FUNCSTAT":"A","COUNTYCC":"H1","AREALAND":1240312864,"AREAWATER":10401162}},{"type":"Feature","geometry":null,"properties":{"GEOID":"51011","STATE":"51","COUNTY":"011","COUNTYNS":"01497238","BASENAME":"Appomattox","NAME":"Appomattox County","LSADC":"06","FUNCSTAT":"A","COUNTYCC":"H1","AREALAND":865635288,"AREAWATER":3206454}},{"type":"Feature","geometry":null,"properties":{"GEOID":"12045","STATE":"12","COUNTY":"045","COUNTYNS":"00306917","BASENAME":"Gulf","NAME":"Gulf County","LSADC":"06","FUNCSTAT":"A","COUNTYCC":"H1","AREALAND":1433472630,"AREAWATER":624401023}},{"type":"Feature","geometry":null,"properties":{"GEOID":"13249","STATE":"13","COUNTY":"249","COUNTYNS":"00344129","BASENAME":"Schley","NAME":"Schley County","LSADC":"06","FUNCSTAT":"A","COUNTYCC":"H1","AREALAND":432291199,"AREAWATER":2369649}},{"type":"Feature","geometry":null,"properties":{"GEOID":"51081","STATE":"51","COUNTY":"081","COUNTYNS":"01501122","BASENAME":"Greensville","NAME":"Greensville County","LSADC":"06","FUNCSTAT":"A","COUNTYCC":"H1","AREALAND":765023835,"AREAWATER":4132839}},{"type":"Feature","geometry":null,"properties":{"GEOID":"12105","STATE":"12","COUNTY":"105","COUNTYNS":"00295747","BASENAME":"Polk","NAME":"Polk County","LSADC":"06","FUNCSTAT":"A","COUNTYCC":"H1","AREALAND":4658821696,"AREAWATER":548862853}},{"type":"Feature","geometry":null,"properties":{"GEOID":"13301","STATE":"13","COUNTY":"301","COUNTYNS":"00347777","BASENAME":"Warren","NAME":"Warren County","LSADC":"06","FUNCSTAT":"A","COUNTYCC":"H1","AREALAND":736510933,"AREAWATER":6007155}},{"type":"Feature","geometry":null,"properties":{"GEOID":"13165","STATE":"13","COUNTY":"165","COUNTYNS":"00342985","BASENAME":"Jenkins","NAME":"Jenkins County","LSADC":"06","FUNCSTAT":"A","COUNTYCC":"H1","AREALAND":899705950,"AREAWATER":13195933}},{"type":"Feature","geometry":null,"properties":{"GEOID":"13149","STATE":"13","COUNTY":"149","COUNTYNS":"00347067","BASENAME":"Heard","NAME":"Heard County","LSADC":"06","FUNCSTAT":"A","COUNTYCC":"H1","AREALAND":766567351,"AREAWATER":13263789}},{"type":"Feature","geometry":null,"properties":{"GEOID":"13295","STATE":"13","COUNTY":"295","COUNTYNS":"00354216","BASENAME":"Walker","NAME":"Walker County","LSADC":"06","FUNCSTAT":"A","COUNTYCC":"H1","AREALAND":1155874768,"AREAWATER":1672677}},{"type":"Feature","geometry":null,"properties":{"GEOID":"51173","STATE":"51","COUNTY":"173","COUNTYNS":"01500545","BASENAME":"Smyth","NAME":"Smyth County","LSADC":"06","FUNCSTAT":"A","COUNTYCC":"H1","AREALAND":1169221970,"AREAWATER":3289170}},{"type":"Feature","geometry":null,"properties":{"GEOID":"51191","STATE":"51","COUNTY":"191","COUNTYNS":"01498359","BASENAME":"Washington","NAME":"Washington County","LSADC":"06","FUNCSTAT":"A","COUNTYCC":"H1","AREALAND":1453483675,"AREAWATER":12984241}},{"type":"Feature","geometry":null,"properties":{"GEOID":"37081","STATE":"37","COUNTY":"081","COUNTYNS":"01008558","BASENAME":"Guilford","NAME":"Guilford County","LSADC":"06","FUNCSTAT":"A","COUNTYCC":"H1","AREALAND":1673142078,"AREAWATER":30239393}},{"type":"Feature","geometry":null,"properties":{"GEOID":"13245","STATE":"13","COUNTY":"245","COUNTYNS":"00358024","BASENAME":"Richmond","NAME":"Richmond County","LSADC":"06","FUNCSTAT":"C","COUNTYCC":"H6","AREALAND":840095291,"AREAWATER":10936549}},{"type":"Feature","geometry":null,"properties":{"GEOID":"51077","STATE":"51","COUNTY":"077","COUNTYNS":"01501196","BASENAME":"Grayson","NAME":"Grayson County","LSADC":"06","FUNCSTAT":"A","COUNTYCC":"H1","AREALAND":1144218744,"AREAWATER":9792930}},{"type":"Feature","geometry":null,"properties":{"GEOID":"51143","STATE":"51","COUNTY":"143","COUNTYNS":"01480157","BASENAME":"Pittsylvania","NAME":"Pittsylvania County","LSADC":"06","FUNCSTAT":"A","COUNTYCC":"H1","AREALAND":2509705678,"AREAWATER":23903853}},{"type":"Feature","geometry":null,"properties":{"GEOID":"12029","STATE":"12","COUNTY":"029","COUNTYNS":"00295725","BASENAME":"Dixie","NAME":"Dixie County","LSADC":"06","FUNCSTAT":"A","COUNTYCC":"H1","AREALAND":1826030977,"AREAWATER":876346181}},{"type":"Feature","geometry":null,"properties":{"GEOID":"13219","STATE":"13","COUNTY":"219","COUNTYNS":"00356774","BASENAME":"Oconee","NAME":"Oconee County","LSADC":"06","FUNCSTAT":"A","COUNTYCC":"H1","AREALAND":477493481,"AREAWATER":5214514}},{"type":"Feature","geometry":null,"properties":{"GEOID":"12079","STATE":"12","COUNTY":"079","COUNTYNS":"00295731","BASENAME":"Madison","NAME":"Madison County","LSADC":"06","FUNCSTAT":"A","COUNTYCC":"H1","AREALAND":1804001478,"AREAWATER":49634047}},{"type":"Feature","geometry":null,"properties":{"GEOID":"13027","STATE":"13","COUNTY":"027","COUNTYNS":"00345518","BASENAME":"Brooks","NAME":"Brooks County","LSADC":"06","FUNCSTAT":"A","COUNTYCC":"H1","AREALAND":1277341887,"AREAWATER":11955148}},{"type":"Feature","geometry":null,"properties":{"GEOID":"13271","STATE":"13","COUNTY":"271","COUNTYNS":"00356958","BASENAME":"Telfair","NAME":"Telfair County","LSADC":"06","FUNCSTAT":"A","COUNTYCC":"H1","AREALAND":1132621092,"AREAWATER":17356396}},{"type":"Feature","geometry":null,"properties":{"GEOID":"13133","STATE":"13","COUNTY":"133","COUNTYNS":"00348672","BASENAME":"Greene","NAME":"Greene County","LSADC":"06","FUNCSTAT":"A","COUNTYCC":"H1","AREALAND":1003664487,"AREAWATER":48417224}},{"type":"Feature","geometry":null,"properties":{"GEOID":"54003","STATE":"54","COUNTY":"003","COUNTYNS":"01550008","BASENAME":"Berkeley","NAME":"Berkeley County","LSADC":"06","FUNCSTAT":"A","COUNTYCC":"H1","AREALAND":831725075,"AREAWATER":1057614}},{"type":"Feature","geometry":null,"properties":{"GEOID":"45021","STATE":"45","COUNTY":"021","COUNTYNS":"01247987","BASENAME":"Cherokee","NAME":"Cherokee County","LSADC":"06","FUNCSTAT":"A","COUNTYCC":"H1","AREALAND":1017779530,"AREAWATER":11794019}},{"type":"Feature","geometry":null,"properties":{"GEOID":"37199","STATE":"37","COUNTY":"199","COUNTYNS":"01008598","BASENAME":"Yancey","NAME":"Yancey County","LSADC":"06","FUNCSTAT":"A","COUNTYCC":"H1","AREALAND":809634337,"AREAWATER":1500227}},{"type":"Feature","geometry":null,"properties":{"GEOID":"51075","STATE":"51","COUNTY":"075","COUNTYNS":"01674271","BASENAME":"Goochland","NAME":"Goochland County","LSADC":"06","FUNCSTAT":"A","COUNTYCC":"H1","AREALAND":732976919,"AREAWATER":21963396}},{"type":"Feature","geometry":null,"properties":{"GEOID":"13113","STATE":"13","COUNTY":"113","COUNTYNS":"01687740","BASENAME":"Fayette","NAME":"Fayette County","LSADC":"06","FUNCSTAT":"A","COUNTYCC":"H1","AREALAND":504269617,"AREAWATER":12765779}},{"type":"Feature","geometry":null,"properties":{"GEOID":"13141","STATE":"13","COUNTY":"141","COUNTYNS":"00348209","BASENAME":"Hancock","NAME":"Hancock County","LSADC":"06","FUNCSTAT":"A","COUNTYCC":"H1","AREALAND":1220057411,"AREAWATER":17479617}},{"type":"Feature","geometry":null,"properties":{"GEOID":"51137","STATE":"51","COUNTY":"137","COUNTYNS":"01494761","BASENAME":"Orange","NAME":"Orange County","LSADC":"06","FUNCSTAT":"A","COUNTYCC":"H1","AREALAND":881782627,"AREAWATER":7234075}},{"type":"Feature","geometry":null,"properties":{"GEOID":"13277","STATE":"13","COUNTY":"277","COUNTYNS":"00344090","BASENAME":"Tift","NAME":"Tift County","LSADC":"06","FUNCSTAT":"A","COUNTYCC":"H1","AREALAND":675702336,"AREAWATER":20458291}},{"type":"Feature","geometry":null,"properties":{"GEOID":"24025","STATE":"24","COUNTY":"025","COUNTYNS":"01698178","BASENAME":"Harford","NAME":"Harford County","LSADC":"06","FUNCSTAT":"A","COUNTYCC":"H1","AREALAND":1132156989,"AREAWATER":231880722}},{"type":"Feature","geometry":null,"properties":{"GEOID":"45037","STATE":"45","COUNTY":"037","COUNTYNS":"01247999","BASENAME":"Edgefield","NAME":"Edgefield County","LSADC":"06","FUNCSTAT":"A","COUNTYCC":"H1","AREALAND":1296776318,"AREAWATER":16307327}},{"type":"Feature","geometry":null,"properties":{"GEOID":"51001","STATE":"51","COUNTY":"001","COUNTYNS":"01480091","BASENAME":"Accomack","NAME":"Accomack County","LSADC":"06","FUNCSTAT":"A","COUNTYCC":"H1","AREALAND":1163694069,"AREAWATER":2229291902}},{"type":"Feature","geometry":null,"properties":{"GEOID":"54057","STATE":"54","COUNTY":"057","COUNTYNS":"01717890","BASENAME":"Mineral","NAME":"Mineral County","LSADC":"06","FUNCSTAT":"A","COUNTYCC":"H1","AREALAND":849209723,"AREAWATER":3466313}},{"type":"Feature","geometry":null,"properties":{"GEOID":"51125","STATE":"51","COUNTY":"125","COUNTYNS":"01500936","BASENAME":"Nelson","NAME":"Nelson County","LSADC":"06","FUNCSTAT":"A","COUNTYCC":"H1","AREALAND":1219224525,"AREAWATER":8983981}},{"type":"Feature","geometry":null,"properties":{"GEOID":"12097","STATE":"12","COUNTY":"097","COUNTYNS":"00295748","BASENAME":"Osceola","NAME":"Osceola County","LSADC":"06","FUNCSTAT":"A","COUNTYCC":"H1","AREALAND":3437796772,"AREAWATER":462598731}},{"type":"Feature","geometry":null,"properties":{"GEOID":"10005","STATE":"10","COUNTY":"005","COUNTYNS":"00217269","BASENAME":"Sussex","NAME":"Sussex County","LSADC":"06","FUNCSTAT":"A","COUNTYCC":"H1","AREALAND":2424704523,"AREAWATER":674015034}},{"type":"Feature","geometry":null,"properties":{"GEOID":"13159","STATE":"13","COUNTY":"159","COUNTYNS":"00346144","BASENAME":"Jasper","NAME":"Jasper County","LSADC":"06","FUNCSTAT":"A","COUNTYCC":"H1","AREALAND":954167639,"AREAWATER":13100773}},{"type":"Feature","geometry":null,"properties":{"GEOID":"51147","STATE":"51","COUNTY":"147","COUNTYNS":"01492359","BASENAME":"Prince Edward","NAME":"Prince Edward County","LSADC":"06","FUNCSTAT":"A","COUNTYCC":"H1","AREALAND":906356792,"AREAWATER":10079283}},{"type":"Feature","geometry":null,"properties":{"GEOID":"13237","STATE":"13","COUNTY":"237","COUNTYNS":"00347246","BASENAME":"Putnam","NAME":"Putnam County","LSADC":"06","FUNCSTAT":"A","COUNTYCC":"H1","AREALAND":892721732,"AREAWATER":41451855}},{"type":"Feature","geometry":null,"properties":{"GEOID":"51640","STATE":"51","COUNTY":"640","COUNTYNS":"01498426","BASENAME":"Galax","NAME":"Galax city","LSADC":"25","FUNCSTAT":"F","COUNTYCC":"C7","AREALAND":21332082,"AREAWATER":105290}},{"type":"Feature","geometry":null,"properties":{"GEOID":"13211","STATE":"13","COUNTY":"211","COUNTYNS":"00346008","BASENAME":"Morgan","NAME":"Morgan County","LSADC":"06","FUNCSTAT":"A","COUNTYCC":"H1","AREALAND":899791068,"AREAWATER":18672324}},{"type":"Feature","geometry":null,"properties":{"GEOID":"51650","STATE":"51","COUNTY":"650","COUNTYNS":"01498554","BASENAME":"Hampton","NAME":"Hampton city","LSADC":"25","FUNCSTAT":"F","COUNTYCC":"C7","AREALAND":133290515,"AREAWATER":219660064}},{"type":"Feature","geometry":null,"properties":{"GEOID":"51069","STATE":"51","COUNTY":"069","COUNTYNS":"01480124","BASENAME":"Frederick","NAME":"Frederick County","LSADC":"06","FUNCSTAT":"A","COUNTYCC":"H1","AREALAND":1070014052,"AREAWATER":5860137}},{"type":"Feature","geometry":null,"properties":{"GEOID":"54041","STATE":"54","COUNTY":"041","COUNTYNS":"01550027","BASENAME":"Lewis","NAME":"Lewis County","LSADC":"06","FUNCSTAT":"A","COUNTYCC":"H1","AREALAND":1002149955,"AREAWATER":7030172}},{"type":"Feature","geometry":null,"properties":{"GEOID":"13231","STATE":"13","COUNTY":"231","COUNTYNS":"00346482","BASENAME":"Pike","NAME":"Pike County","LSADC":"06","FUNCSTAT":"A","COUNTYCC":"H1","AREALAND":559693451,"AREAWATER":8563009}},{"type":"Feature","geometry":null,"properties":{"GEOID":"13259","STATE":"13","COUNTY":"259","COUNTYNS":"00347360","BASENAME":"Stewart","NAME":"Stewart County","LSADC":"06","FUNCSTAT":"A","COUNTYCC":"H1","AREALAND":1188198298,"AREAWATER":12553229}},{"type":"Feature","geometry":null,"properties":{"GEOID":"13285","STATE":"13","COUNTY":"285","COUNTYNS":"01673298","BASENAME":"Troup","NAME":"Troup County","LSADC":"06","FUNCSTAT":"A","COUNTYCC":"H1","AREALAND":1072316376,"AREAWATER":82719609}},{"type":"Feature","geometry":null,"properties":{"GEOID":"54081","STATE":"54","COUNTY":"081","COUNTYNS":"01550047","BASENAME":"Raleigh","NAME":"Raleigh County","LSADC":"06","FUNCSTAT":"A","COUNTYCC":"H1","AREALAND":1566864996,"AREAWATER":10389173}},{"type":"Feature","geometry":null,"properties":{"GEOID":"37053","STATE":"37","COUNTY":"053","COUNTYNS":"01026125","BASENAME":"Currituck","NAME":"Currituck County","LSADC":"06","FUNCSTAT":"A","COUNTYCC":"H1","AREALAND":678344358,"AREAWATER":685095451}},{"type":"Feature","geometry":null,"properties":{"GEOID":"37057","STATE":"37","COUNTY":"057","COUNTYNS":"01008548","BASENAME":"Davidson","NAME":"Davidson County","LSADC":"06","FUNCSTAT":"A","COUNTYCC":"H1","AREALAND":1432233654,"AREAWATER":37603332}},{"type":"Feature","geometry":null,"properties":{"GEOID":"51181","STATE":"51","COUNTY":"181","COUNTYNS":"01480174","BASENAME":"Surry","NAME":"Surry County","LSADC":"06","FUNCSTAT":"A","COUNTYCC":"H1","AREALAND":722475736,"AREAWATER":81216899}},{"type":"Feature","geometry":null,"properties":{"GEOID":"51025","STATE":"51","COUNTY":"025","COUNTYNS":"01493961","BASENAME":"Brunswick","NAME":"Brunswick County","LSADC":"06","FUNCSTAT":"A","COUNTYCC":"H1","AREALAND":1466843020,"AREAWATER":8366367}},{"type":"Feature","geometry":null,"properties":{"GEOID":"51149","STATE":"51","COUNTY":"149","COUNTYNS":"01480160","BASENAME":"Prince George","NAME":"Prince George County","LSADC":"06","FUNCSTAT":"A","COUNTYCC":"H1","AREALAND":687232231,"AREAWATER":42745196}},{"type":"Feature","geometry":null,"properties":{"GEOID":"13075","STATE":"13","COUNTY":"075","COUNTYNS":"00343878","BASENAME":"Cook","NAME":"Cook County","LSADC":"06","FUNCSTAT":"A","COUNTYCC":"H1","AREALAND":591733048,"AREAWATER":12259817}},{"type":"Feature","geometry":null,"properties":{"GEOID":"13125","STATE":"13","COUNTY":"125","COUNTYNS":"00345642","BASENAME":"Glascock","NAME":"Glascock County","LSADC":"06","FUNCSTAT":"A","COUNTYCC":"H1","AREALAND":372299251,"AREAWATER":1832723}},{"type":"Feature","geometry":null,"properties":{"GEOID":"12075","STATE":"12","COUNTY":"075","COUNTYNS":"00295724","BASENAME":"Levy","NAME":"Levy County","LSADC":"06","FUNCSTAT":"A","COUNTYCC":"H1","AREALAND":2896278500,"AREAWATER":1224276903}},{"type":"Feature","geometry":null,"properties":{"GEOID":"13315","STATE":"13","COUNTY":"315","COUNTYNS":"00345499","BASENAME":"Wilcox","NAME":"Wilcox County","LSADC":"06","FUNCSTAT":"A","COUNTYCC":"H1","AREALAND":978525373,"AREAWATER":11147627}},{"type":"Feature","geometry":null,"properties":{"GEOID":"45043","STATE":"45","COUNTY":"043","COUNTYNS":"01248002","BASENAME":"Georgetown","NAME":"Georgetown County","LSADC":"06","FUNCSTAT":"A","COUNTYCC":"H1","AREALAND":2107191678,"AREAWATER":550669490}},{"type":"Feature","geometry":null,"properties":{"GEOID":"37187","STATE":"37","COUNTY":"187","COUNTYNS":"01026331","BASENAME":"Washington","NAME":"Washington County","LSADC":"06","FUNCSTAT":"A","COUNTYCC":"H1","AREALAND":897456197,"AREAWATER":195282196}},{"type":"Feature","geometry":null,"properties":{"GEOID":"13043","STATE":"13","COUNTY":"043","COUNTYNS":"00342852","BASENAME":"Candler","NAME":"Candler County","LSADC":"06","FUNCSTAT":"A","COUNTYCC":"H1","AREALAND":629531117,"AREAWATER":15007921}},{"type":"Feature","geometry":null,"properties":{"GEOID":"13215","STATE":"13","COUNTY":"215","COUNTYNS":"00357428","BASENAME":"Muscogee","NAME":"Muscogee County","LSADC":"06","FUNCSTAT":"C","COUNTYCC":"H6","AREALAND":560731675,"AREAWATER":11683932}},{"type":"Feature","geometry":null,"properties":{"GEOID":"51079","STATE":"51","COUNTY":"079","COUNTYNS":"01480129","BASENAME":"Greene","NAME":"Greene County","LSADC":"06","FUNCSTAT":"A","COUNTYCC":"H1","AREALAND":403900813,"AREAWATER":1680200}},{"type":"Feature","geometry":null,"properties":{"GEOID":"37193","STATE":"37","COUNTY":"193","COUNTYNS":"01008595","BASENAME":"Wilkes","NAME":"Wilkes County","LSADC":"06","FUNCSTAT":"A","COUNTYCC":"H1","AREALAND":1952016290,"AREAWATER":6854043}},{"type":"Feature","geometry":null,"properties":{"GEOID":"13087","STATE":"13","COUNTY":"087","COUNTYNS":"00352234","BASENAME":"Decatur","NAME":"Decatur County","LSADC":"06","FUNCSTAT":"A","COUNTYCC":"H1","AREALAND":1546842840,"AREAWATER":67154651}},{"type":"Feature","geometry":null,"properties":{"GEOID":"51193","STATE":"51","COUNTY":"193","COUNTYNS":"01480179","BASENAME":"Westmoreland","NAME":"Westmoreland County","LSADC":"06","FUNCSTAT":"A","COUNTYCC":"H1","AREALAND":593954105,"AREAWATER":61106478}},{"type":"Feature","geometry":null,"properties":{"GEOID":"37197","STATE":"37","COUNTY":"197","COUNTYNS":"01008597","BASENAME":"Yadkin","NAME":"Yadkin County","LSADC":"06","FUNCSTAT":"A","COUNTYCC":"H1","AREALAND":867502528,"AREAWATER":7171703}},{"type":"Feature","geometry":null,"properties":{"GEOID":"37023","STATE":"37","COUNTY":"023","COUNTYNS":"01008539","BASENAME":"Burke","NAME":"Burke County","LSADC":"06","FUNCSTAT":"A","COUNTYCC":"H1","AREALAND":1311213751,"AREAWATER":20719897}},{"type":"Feature","geometry":null,"properties":{"GEOID":"37191","STATE":"37","COUNTY":"191","COUNTYNS":"01026128","BASENAME":"Wayne","NAME":"Wayne County","LSADC":"06","FUNCSTAT":"A","COUNTYCC":"H1","AREALAND":1434651112,"AREAWATER":9842324}},{"type":"Feature","geometry":null,"properties":{"GEOID":"37059","STATE":"37","COUNTY":"059","COUNTYNS":"01008549","BASENAME":"Davie","NAME":"Davie County","LSADC":"06","FUNCSTAT":"A","COUNTYCC":"H1","AREALAND":682979970,"AREAWATER":7508991}},{"type":"Feature","geometry":null,"properties":{"GEOID":"37111","STATE":"37","COUNTY":"111","COUNTYNS":"01025836","BASENAME":"McDowell","NAME":"McDowell County","LSADC":"06","FUNCSTAT":"A","COUNTYCC":"H1","AREALAND":1139476658,"AREAWATER":13977732}},{"type":"Feature","geometry":null,"properties":{"GEOID":"12121","STATE":"12","COUNTY":"121","COUNTYNS":"00295729","BASENAME":"Suwannee","NAME":"Suwannee County","LSADC":"06","FUNCSTAT":"A","COUNTYCC":"H1","AREALAND":1783430065,"AREAWATER":9505392}},{"type":"Feature","geometry":null,"properties":{"GEOID":"37009","STATE":"37","COUNTY":"009","COUNTYNS":"01008535","BASENAME":"Ashe","NAME":"Ashe County","LSADC":"06","FUNCSTAT":"A","COUNTYCC":"H1","AREALAND":1104023388,"AREAWATER":8058410}},{"type":"Feature","geometry":null,"properties":{"GEOID":"51683","STATE":"51","COUNTY":"683","COUNTYNS":"01498430","BASENAME":"Manassas","NAME":"Manassas city","LSADC":"25","FUNCSTAT":"F","COUNTYCC":"C7","AREALAND":25493247,"AREAWATER":146287}},{"type":"Feature","geometry":null,"properties":{"GEOID":"24023","STATE":"24","COUNTY":"023","COUNTYNS":"01711058","BASENAME":"Garrett","NAME":"Garrett County","LSADC":"06","FUNCSTAT":"A","COUNTYCC":"H1","AREALAND":1681102441,"AREAWATER":22498418}},{"type":"Feature","geometry":null,"properties":{"GEOID":"37161","STATE":"37","COUNTY":"161","COUNTYNS":"01008584","BASENAME":"Rutherford","NAME":"Rutherford County","LSADC":"06","FUNCSTAT":"A","COUNTYCC":"H1","AREALAND":1464475285,"AREAWATER":4693781}},{"type":"Feature","geometry":null,"properties":{"GEOID":"13097","STATE":"13","COUNTY":"097","COUNTYNS":"01686467","BASENAME":"Douglas","NAME":"Douglas County","LSADC":"06","FUNCSTAT":"A","COUNTYCC":"H1","AREALAND":518350027,"AREAWATER":2379713}},{"type":"Feature","geometry":null,"properties":{"GEOID":"51017","STATE":"51","COUNTY":"017","COUNTYNS":"01673638","BASENAME":"Bath","NAME":"Bath County","LSADC":"06","FUNCSTAT":"A","COUNTYCC":"H1","AREALAND":1370626020,"AREAWATER":14039989}},{"type":"Feature","geometry":null,"properties":{"GEOID":"37141","STATE":"37","COUNTY":"141","COUNTYNS":"01026129","BASENAME":"Pender","NAME":"Pender County","LSADC":"06","FUNCSTAT":"A","COUNTYCC":"H1","AREALAND":2256656743,"AREAWATER":162822097}},{"type":"Feature","geometry":null,"properties":{"GEOID":"51520","STATE":"51","COUNTY":"520","COUNTYNS":"01498416","BASENAME":"Bristol","NAME":"Bristol city","LSADC":"25","FUNCSTAT":"F","COUNTYCC":"C7","AREALAND":33342734,"AREAWATER":315904}},{"type":"Feature","geometry":null,"properties":{"GEOID":"13161","STATE":"13","COUNTY":"161","COUNTYNS":"01687999","BASENAME":"Jeff Davis","NAME":"Jeff Davis County","LSADC":"06","FUNCSTAT":"A","COUNTYCC":"H1","AREALAND":857075899,"AREAWATER":11600965}},{"type":"Feature","geometry":null,"properties":{"GEOID":"13023","STATE":"13","COUNTY":"023","COUNTYNS":"00347451","BASENAME":"Bleckley","NAME":"Bleckley County","LSADC":"06","FUNCSTAT":"A","COUNTYCC":"H1","AREALAND":559122129,"AREAWATER":8425411}},{"type":"Feature","geometry":null,"properties":{"GEOID":"13033","STATE":"13","COUNTY":"033","COUNTYNS":"00347944","BASENAME":"Burke","NAME":"Burke County","LSADC":"06","FUNCSTAT":"A","COUNTYCC":"H1","AREALAND":2142029075,"AREAWATER":20565641}},{"type":"Feature","geometry":null,"properties":{"GEOID":"37185","STATE":"37","COUNTY":"185","COUNTYNS":"01008593","BASENAME":"Warren","NAME":"Warren County","LSADC":"06","FUNCSTAT":"A","COUNTYCC":"H1","AREALAND":1112119296,"AREAWATER":38613737}},{"type":"Feature","geometry":null,"properties":{"GEOID":"13197","STATE":"13","COUNTY":"197","COUNTYNS":"00344107","BASENAME":"Marion","NAME":"Marion County","LSADC":"06","FUNCSTAT":"A","COUNTYCC":"H1","AREALAND":947213845,"AREAWATER":3785944}},{"type":"Feature","geometry":null,"properties":{"GEOID":"51061","STATE":"51","COUNTY":"061","COUNTYNS":"01480120","BASENAME":"Fauquier","NAME":"Fauquier County","LSADC":"06","FUNCSTAT":"A","COUNTYCC":"H1","AREALAND":1678296520,"AREAWATER":9665074}},{"type":"Feature","geometry":null,"properties":{"GEOID":"51750","STATE":"51","COUNTY":"750","COUNTYNS":"01498438","BASENAME":"Radford","NAME":"Radford city","LSADC":"25","FUNCSTAT":"F","COUNTYCC":"C7","AREALAND":25061733,"AREAWATER":858277}},{"type":"Feature","geometry":null,"properties":{"GEOID":"12037","STATE":"12","COUNTY":"037","COUNTYNS":"00306911","BASENAME":"Franklin","NAME":"Franklin County","LSADC":"06","FUNCSTAT":"A","COUNTYCC":"H1","AREALAND":1411549431,"AREAWATER":2270390072}},{"type":"Feature","geometry":null,"properties":{"GEOID":"54077","STATE":"54","COUNTY":"077","COUNTYNS":"01558642","BASENAME":"Preston","NAME":"Preston County","LSADC":"06","FUNCSTAT":"A","COUNTYCC":"H1","AREALAND":1680420303,"AREAWATER":6668160}},{"type":"Feature","geometry":null,"properties":{"GEOID":"51037","STATE":"51","COUNTY":"037","COUNTYNS":"01492442","BASENAME":"Charlotte","NAME":"Charlotte County","LSADC":"06","FUNCSTAT":"A","COUNTYCC":"H1","AREALAND":1231010112,"AREAWATER":5809377}},{"type":"Feature","geometry":null,"properties":{"GEOID":"45071","STATE":"45","COUNTY":"071","COUNTYNS":"01248013","BASENAME":"Newberry","NAME":"Newberry County","LSADC":"06","FUNCSTAT":"A","COUNTYCC":"H1","AREALAND":1632569396,"AREAWATER":44077690}},{"type":"Feature","geometry":null,"properties":{"GEOID":"51093","STATE":"51","COUNTY":"093","COUNTYNS":"01702378","BASENAME":"Isle of Wight","NAME":"Isle of Wight County","LSADC":"06","FUNCSTAT":"A","COUNTYCC":"H1","AREALAND":817622002,"AREAWATER":122098650}},{"type":"Feature","geometry":null,"properties":{"GEOID":"51111","STATE":"51","COUNTY":"111","COUNTYNS":"01492239","BASENAME":"Lunenburg","NAME":"Lunenburg County","LSADC":"06","FUNCSTAT":"A","COUNTYCC":"H1","AREALAND":1118099346,"AREAWATER":1743629}},{"type":"Feature","geometry":null,"properties":{"GEOID":"13139","STATE":"13","COUNTY":"139","COUNTYNS":"01686953","BASENAME":"Hall","NAME":"Hall County","LSADC":"06","FUNCSTAT":"A","COUNTYCC":"H1","AREALAND":1016590885,"AREAWATER":93546827}},{"type":"Feature","geometry":null,"properties":{"GEOID":"13283","STATE":"13","COUNTY":"283","COUNTYNS":"00347505","BASENAME":"Treutlen","NAME":"Treutlen County","LSADC":"06","FUNCSTAT":"A","COUNTYCC":"H1","AREALAND":516524090,"AREAWATER":7810905}},{"type":"Feature","geometry":null,"properties":{"GEOID":"13037","STATE":"13","COUNTY":"037","COUNTYNS":"00344074","BASENAME":"Calhoun","NAME":"Calhoun County","LSADC":"06","FUNCSTAT":"A","COUNTYCC":"H1","AREALAND":726191508,"AREAWATER":8271470}},{"type":"Feature","geometry":null,"properties":{"GEOID":"13055","STATE":"13","COUNTY":"055","COUNTYNS":"00352213","BASENAME":"Chattooga","NAME":"Chattooga County","LSADC":"06","FUNCSTAT":"A","COUNTYCC":"H1","AREALAND":811512388,"AREAWATER":570806}},{"type":"Feature","geometry":null,"properties":{"GEOID":"45033","STATE":"45","COUNTY":"033","COUNTYNS":"01247993","BASENAME":"Dillon","NAME":"Dillon County","LSADC":"06","FUNCSTAT":"A","COUNTYCC":"H1","AREALAND":1049143231,"AREAWATER":4515866}},{"type":"Feature","geometry":null,"properties":{"GEOID":"37103","STATE":"37","COUNTY":"103","COUNTYNS":"01026338","BASENAME":"Jones","NAME":"Jones County","LSADC":"06","FUNCSTAT":"A","COUNTYCC":"H1","AREALAND":1220836962,"AREAWATER":6031824}},{"type":"Feature","geometry":null,"properties":{"GEOID":"12005","STATE":"12","COUNTY":"005","COUNTYNS":"00295738","BASENAME":"Bay","NAME":"Bay County","LSADC":"06","FUNCSTAT":"A","COUNTYCC":"H1","AREALAND":1964820623,"AREAWATER":1833968624}},{"type":"Feature","geometry":null,"properties":{"GEOID":"51590","STATE":"51","COUNTY":"590","COUNTYNS":"01498421","BASENAME":"Danville","NAME":"Danville city","LSADC":"25","FUNCSTAT":"F","COUNTYCC":"C7","AREALAND":110858280,"AREAWATER":2327666}},{"type":"Feature","geometry":null,"properties":{"GEOID":"13011","STATE":"13","COUNTY":"011","COUNTYNS":"00349230","BASENAME":"Banks","NAME":"Banks County","LSADC":"06","FUNCSTAT":"A","COUNTYCC":"H1","AREALAND":602036883,"AREAWATER":4635946}},{"type":"Feature","geometry":null,"properties":{"GEOID":"13305","STATE":"13","COUNTY":"305","COUNTYNS":"00350608","BASENAME":"Wayne","NAME":"Wayne County","LSADC":"06","FUNCSTAT":"A","COUNTYCC":"H1","AREALAND":1662287081,"AREAWATER":17768152}},{"type":"Feature","geometry":null,"properties":{"GEOID":"37099","STATE":"37","COUNTY":"099","COUNTYNS":"01008566","BASENAME":"Jackson","NAME":"Jackson County","LSADC":"06","FUNCSTAT":"A","COUNTYCC":"H1","AREALAND":1272044511,"AREAWATER":9746823}},{"type":"Feature","geometry":null,"properties":{"GEOID":"45039","STATE":"45","COUNTY":"039","COUNTYNS":"01248000","BASENAME":"Fairfield","NAME":"Fairfield County","LSADC":"06","FUNCSTAT":"A","COUNTYCC":"H1","AREALAND":1777524078,"AREAWATER":61046512}},{"type":"Feature","geometry":null,"properties":{"GEOID":"51810","STATE":"51","COUNTY":"810","COUNTYNS":"01498559","BASENAME":"Virginia Beach","NAME":"Virginia Beach city","LSADC":"25","FUNCSTAT":"F","COUNTYCC":"C7","AREALAND":633821973,"AREAWATER":654694043}},{"type":"Feature","geometry":null,"properties":{"GEOID":"51103","STATE":"51","COUNTY":"103","COUNTYNS":"01480139","BASENAME":"Lancaster","NAME":"Lancaster County","LSADC":"06","FUNCSTAT":"A","COUNTYCC":"H1","AREALAND":345309187,"AREAWATER":254066426}},{"type":"Feature","geometry":null,"properties":{"GEOID":"51159","STATE":"51","COUNTY":"159","COUNTYNS":"01480164","BASENAME":"Richmond","NAME":"Richmond County","LSADC":"06","FUNCSTAT":"A","COUNTYCC":"H1","AREALAND":495925425,"AREAWATER":64458630}},{"type":"Feature","geometry":null,"properties":{"GEOID":"51047","STATE":"51","COUNTY":"047","COUNTYNS":"01497831","BASENAME":"Culpeper","NAME":"Culpeper County","LSADC":"06","FUNCSTAT":"A","COUNTYCC":"H1","AREALAND":982038284,"AREAWATER":9006330}},{"type":"Feature","geometry":null,"properties":{"GEOID":"54069","STATE":"54","COUNTY":"069","COUNTYNS":"01717163","BASENAME":"Ohio","NAME":"Ohio County","LSADC":"06","FUNCSTAT":"A","COUNTYCC":"H1","AREALAND":274628996,"AREAWATER":8267512}},{"type":"Feature","geometry":null,"properties":{"GEOID":"54065","STATE":"54","COUNTY":"065","COUNTYNS":"01557950","BASENAME":"Morgan","NAME":"Morgan County","LSADC":"06","FUNCSTAT":"A","COUNTYCC":"H1","AREALAND":593355934,"AREAWATER":1401571}},{"type":"Feature","geometry":null,"properties":{"GEOID":"51165","STATE":"51","COUNTY":"165","COUNTYNS":"01488970","BASENAME":"Rockingham","NAME":"Rockingham County","LSADC":"06","FUNCSTAT":"A","COUNTYCC":"H1","AREALAND":2200961571,"AREAWATER":10639219}},{"type":"Feature","geometry":null,"properties":{"GEOID":"13253","STATE":"13","COUNTY":"253","COUNTYNS":"00351263","BASENAME":"Seminole","NAME":"Seminole County","LSADC":"06","FUNCSTAT":"A","COUNTYCC":"H1","AREALAND":615253332,"AREAWATER":49223633}},{"type":"Feature","geometry":null,"properties":{"GEOID":"13127","STATE":"13","COUNTY":"127","COUNTYNS":"01671513","BASENAME":"Glynn","NAME":"Glynn County","LSADC":"06","FUNCSTAT":"A","COUNTYCC":"H1","AREALAND":1086814724,"AREAWATER":429147364}},{"type":"Feature","geometry":null,"properties":{"GEOID":"37123","STATE":"37","COUNTY":"123","COUNTYNS":"01008572","BASENAME":"Montgomery","NAME":"Montgomery County","LSADC":"06","FUNCSTAT":"A","COUNTYCC":"H1","AREALAND":1273075061,"AREAWATER":25887300}},{"type":"Feature","geometry":null,"properties":{"GEOID":"13187","STATE":"13","COUNTY":"187","COUNTYNS":"00357196","BASENAME":"Lumpkin","NAME":"Lumpkin County","LSADC":"06","FUNCSTAT":"A","COUNTYCC":"H1","AREALAND":728907046,"AREAWATER":3280373}},{"type":"Feature","geometry":null,"properties":{"GEOID":"37089","STATE":"37","COUNTY":"089","COUNTYNS":"01008562","BASENAME":"Henderson","NAME":"Henderson County","LSADC":"06","FUNCSTAT":"A","COUNTYCC":"H1","AREALAND":965938346,"AREAWATER":5545995}},{"type":"Feature","geometry":null,"properties":{"GEOID":"12061","STATE":"12","COUNTY":"061","COUNTYNS":"00307624","BASENAME":"Indian River","NAME":"Indian River County","LSADC":"06","FUNCSTAT":"A","COUNTYCC":"H1","AREALAND":1301610495,"AREAWATER":295444079}},{"type":"Feature","geometry":null,"properties":{"GEOID":"37145","STATE":"37","COUNTY":"145","COUNTYNS":"01008577","BASENAME":"Person","NAME":"Person County","LSADC":"06","FUNCSTAT":"A","COUNTYCC":"H1","AREALAND":1016189173,"AREAWATER":31171095}},{"type":"Feature","geometry":null,"properties":{"GEOID":"45081","STATE":"45","COUNTY":"081","COUNTYNS":"01248016","BASENAME":"Saluda","NAME":"Saluda County","LSADC":"06","FUNCSTAT":"A","COUNTYCC":"H1","AREALAND":1173861081,"AREAWATER":22935871}},{"type":"Feature","geometry":null,"properties":{"GEOID":"51540","STATE":"51","COUNTY":"540","COUNTYNS":"01789068","BASENAME":"Charlottesville","NAME":"Charlottesville city","LSADC":"25","FUNCSTAT":"F","COUNTYCC":"C7","AREALAND":26535237,"AREAWATER":46121}},{"type":"Feature","geometry":null,"properties":{"GEOID":"37115","STATE":"37","COUNTY":"115","COUNTYNS":"01025834","BASENAME":"Madison","NAME":"Madison County","LSADC":"06","FUNCSTAT":"A","COUNTYCC":"H1","AREALAND":1164506134,"AREAWATER":4832355}},{"type":"Feature","geometry":null,"properties":{"GEOID":"12099","STATE":"12","COUNTY":"099","COUNTYNS":"00295761","BASENAME":"Palm Beach","NAME":"Palm Beach County","LSADC":"06","FUNCSTAT":"A","COUNTYCC":"H1","AREALAND":5087565117,"AREAWATER":1084895790}},{"type":"Feature","geometry":null,"properties":{"GEOID":"13181","STATE":"13","COUNTY":"181","COUNTYNS":"01688000","BASENAME":"Lincoln","NAME":"Lincoln County","LSADC":"06","FUNCSTAT":"A","COUNTYCC":"H1","AREALAND":544884776,"AREAWATER":121513312}},{"type":"Feature","geometry":null,"properties":{"GEOID":"51183","STATE":"51","COUNTY":"183","COUNTYNS":"01690257","BASENAME":"Sussex","NAME":"Sussex County","LSADC":"06","FUNCSTAT":"A","COUNTYCC":"H1","AREALAND":1269725163,"AREAWATER":6739208}},{"type":"Feature","geometry":null,"properties":{"GEOID":"24013","STATE":"24","COUNTY":"013","COUNTYNS":"01696228","BASENAME":"Carroll","NAME":"Carroll County","LSADC":"06","FUNCSTAT":"A","COUNTYCC":"H1","AREALAND":1159317318,"AREAWATER":13111616}},{"type":"Feature","geometry":null,"properties":{"GEOID":"54029","STATE":"54","COUNTY":"029","COUNTYNS":"01560574","BASENAME":"Hancock","NAME":"Hancock County","LSADC":"06","FUNCSTAT":"A","COUNTYCC":"H1","AREALAND":213958963,"AREAWATER":13877481}},{"type":"Feature","geometry":null,"properties":{"GEOID":"51141","STATE":"51","COUNTY":"141","COUNTYNS":"01497999","BASENAME":"Patrick","NAME":"Patrick County","LSADC":"06","FUNCSTAT":"A","COUNTYCC":"H1","AREALAND":1250852600,"AREAWATER":7141128}},{"type":"Feature","geometry":null,"properties":{"GEOID":"12063","STATE":"12","COUNTY":"063","COUNTYNS":"00295734","BASENAME":"Jackson","NAME":"Jackson County","LSADC":"06","FUNCSTAT":"A","COUNTYCC":"H1","AREALAND":2378456453,"AREAWATER":93852389}},{"type":"Feature","geometry":null,"properties":{"GEOID":"51115","STATE":"51","COUNTY":"115","COUNTYNS":"01480145","BASENAME":"Mathews","NAME":"Mathews County","LSADC":"06","FUNCSTAT":"A","COUNTYCC":"H1","AREALAND":222510315,"AREAWATER":430069413}},{"type":"Feature","geometry":null,"properties":{"GEOID":"13009","STATE":"13","COUNTY":"009","COUNTYNS":"00345255","BASENAME":"Baldwin","NAME":"Baldwin County","LSADC":"06","FUNCSTAT":"A","COUNTYCC":"H1","AREALAND":670028052,"AREAWATER":24803187}},{"type":"Feature","geometry":null,"properties":{"GEOID":"37175","STATE":"37","COUNTY":"175","COUNTYNS":"01008589","BASENAME":"Transylvania","NAME":"Transylvania County","LSADC":"06","FUNCSTAT":"A","COUNTYCC":"H1","AREALAND":979960829,"AREAWATER":5073763}},{"type":"Feature","geometry":null,"properties":{"GEOID":"37171","STATE":"37","COUNTY":"171","COUNTYNS":"01008587","BASENAME":"Surry","NAME":"Surry County","LSADC":"06","FUNCSTAT":"A","COUNTYCC":"H1","AREALAND":1379542818,"AREAWATER":10391699}},{"type":"Feature","geometry":null,"properties":{"GEOID":"54037","STATE":"54","COUNTY":"037","COUNTYNS":"01550025","BASENAME":"Jefferson","NAME":"Jefferson County","LSADC":"06","FUNCSTAT":"A","COUNTYCC":"H1","AREALAND":542054921,"AREAWATER":6150169}},{"type":"Feature","geometry":null,"properties":{"GEOID":"51153","STATE":"51","COUNTY":"153","COUNTYNS":"01480161","BASENAME":"Prince William","NAME":"Prince William County","LSADC":"06","FUNCSTAT":"A","COUNTYCC":"H1","AREALAND":868329511,"AREAWATER":30896235}},{"type":"Feature","geometry":null,"properties":{"GEOID":"54055","STATE":"54","COUNTY":"055","COUNTYNS":"01557645","BASENAME":"Mercer","NAME":"Mercer County","LSADC":"06","FUNCSTAT":"A","COUNTYCC":"H1","AREALAND":1085238569,"AREAWATER":4309945}},{"type":"Feature","geometry":null,"properties":{"GEOID":"51107","STATE":"51","COUNTY":"107","COUNTYNS":"01480141","BASENAME":"Loudoun","NAME":"Loudoun County","LSADC":"06","FUNCSTAT":"A","COUNTYCC":"H1","AREALAND":1335776877,"AREAWATER":14472730}},{"type":"Feature","geometry":null,"properties":{"GEOID":"13005","STATE":"13","COUNTY":"005","COUNTYNS":"00344784","BASENAME":"Bacon","NAME":"Bacon County","LSADC":"06","FUNCSTAT":"A","COUNTYCC":"H1","AREALAND":735776100,"AREAWATER":4500419}},{"type":"Feature","geometry":null,"properties":{"GEOID":"10001","STATE":"10","COUNTY":"001","COUNTYNS":"00217271","BASENAME":"Kent","NAME":"Kent County","LSADC":"06","FUNCSTAT":"A","COUNTYCC":"H1","AREALAND":1517891100,"AREAWATER":549776927}},{"type":"Feature","geometry":null,"properties":{"GEOID":"13157","STATE":"13","COUNTY":"157","COUNTYNS":"00349570","BASENAME":"Jackson","NAME":"Jackson County","LSADC":"06","FUNCSTAT":"A","COUNTYCC":"H1","AREALAND":879818525,"AREAWATER":8784732}},{"type":"Feature","geometry":null,"properties":{"GEOID":"45031","STATE":"45","COUNTY":"031","COUNTYNS":"01247992","BASENAME":"Darlington","NAME":"Darlington County","LSADC":"06","FUNCSTAT":"A","COUNTYCC":"H1","AREALAND":1452033247,"AREAWATER":14552324}},{"type":"Feature","geometry":null,"properties":{"GEOID":"13143","STATE":"13","COUNTY":"143","COUNTYNS":"00350637","BASENAME":"Haralson","NAME":"Haralson County","LSADC":"06","FUNCSTAT":"A","COUNTYCC":"H1","AREALAND":730804585,"AREAWATER":2616530}},{"type":"Feature","geometry":null,"properties":{"GEOID":"45013","STATE":"45","COUNTY":"013","COUNTYNS":"01247984","BASENAME":"Beaufort","NAME":"Beaufort County","LSADC":"06","FUNCSTAT":"A","COUNTYCC":"H1","AREALAND":1491801125,"AREAWATER":900133214}},{"type":"Feature","geometry":null,"properties":{"GEOID":"54039","STATE":"54","COUNTY":"039","COUNTYNS":"01550026","BASENAME":"Kanawha","NAME":"Kanawha County","LSADC":"06","FUNCSTAT":"A","COUNTYCC":"H1","AREALAND":2335490840,"AREAWATER":24050221}},{"type":"Feature","geometry":null,"properties":{"GEOID":"45065","STATE":"45","COUNTY":"065","COUNTYNS":"01248012","BASENAME":"McCormick","NAME":"McCormick County","LSADC":"06","FUNCSTAT":"A","COUNTYCC":"H1","AREALAND":929486816,"AREAWATER":90011519}},{"type":"Feature","geometry":null,"properties":{"GEOID":"45087","STATE":"45","COUNTY":"087","COUNTYNS":"01248017","BASENAME":"Union","NAME":"Union County","LSADC":"06","FUNCSTAT":"A","COUNTYCC":"H1","AREALAND":1330228664,"AREAWATER":4488752}},{"type":"Feature","geometry":null,"properties":{"GEOID":"51600","STATE":"51","COUNTY":"600","COUNTYNS":"01789070","BASENAME":"Fairfax","NAME":"Fairfax city","LSADC":"25","FUNCSTAT":"F","COUNTYCC":"C7","AREALAND":16163920,"AREAWATER":84155}},{"type":"Feature","geometry":null,"properties":{"GEOID":"13059","STATE":"13","COUNTY":"059","COUNTYNS":"01672699","BASENAME":"Clarke","NAME":"Clarke County","LSADC":"06","FUNCSTAT":"C","COUNTYCC":"H6","AREALAND":308985550,"AREAWATER":4776725}},{"type":"Feature","geometry":null,"properties":{"GEOID":"13077","STATE":"13","COUNTY":"077","COUNTYNS":"00326666","BASENAME":"Coweta","NAME":"Coweta County","LSADC":"06","FUNCSTAT":"A","COUNTYCC":"H1","AREALAND":1142225845,"AREAWATER":12624271}},{"type":"Feature","geometry":null,"properties":{"GEOID":"13105","STATE":"13","COUNTY":"105","COUNTYNS":"00347828","BASENAME":"Elbert","NAME":"Elbert County","LSADC":"06","FUNCSTAT":"A","COUNTYCC":"H1","AREALAND":909358460,"AREAWATER":59857009}},{"type":"Feature","geometry":null,"properties":{"GEOID":"37017","STATE":"37","COUNTY":"017","COUNTYNS":"01026336","BASENAME":"Bladen","NAME":"Bladen County","LSADC":"06","FUNCSTAT":"A","COUNTYCC":"H1","AREALAND":2266251835,"AREAWATER":33022255}},{"type":"Feature","geometry":null,"properties":{"GEOID":"51003","STATE":"51","COUNTY":"003","COUNTYNS":"01675170","BASENAME":"Albemarle","NAME":"Albemarle County","LSADC":"06","FUNCSTAT":"A","COUNTYCC":"H1","AREALAND":1866026952,"AREAWATER":14209443}},{"type":"Feature","geometry":null,"properties":{"GEOID":"51043","STATE":"51","COUNTY":"043","COUNTYNS":"01690562","BASENAME":"Clarke","NAME":"Clarke County","LSADC":"06","FUNCSTAT":"A","COUNTYCC":"H1","AREALAND":455729717,"AREAWATER":5685739}},{"type":"Feature","geometry":null,"properties":{"GEOID":"45073","STATE":"45","COUNTY":"073","COUNTYNS":"01244832","BASENAME":"Oconee","NAME":"Oconee County","LSADC":"06","FUNCSTAT":"A","COUNTYCC":"H1","AREALAND":1622877217,"AREAWATER":121629984}},{"type":"Feature","geometry":null,"properties":{"GEOID":"24037","STATE":"24","COUNTY":"037","COUNTYNS":"01697853","BASENAME":"St. Mary's","NAME":"St. Mary's County","LSADC":"06","FUNCSTAT":"A","COUNTYCC":"H1","AREALAND":928740403,"AREAWATER":1050662104}},{"type":"Feature","geometry":null,"properties":{"GEOID":"12041","STATE":"12","COUNTY":"041","COUNTYNS":"00303633","BASENAME":"Gilchrist","NAME":"Gilchrist County","LSADC":"06","FUNCSTAT":"A","COUNTYCC":"H1","AREALAND":905705561,"AREAWATER":14362143}},{"type":"Feature","geometry":null,"properties":{"GEOID":"12086","STATE":"12","COUNTY":"086","COUNTYNS":"00295755","BASENAME":"Miami-Dade","NAME":"Miami-Dade County","LSADC":"06","FUNCSTAT":"A","COUNTYCC":"H1","AREALAND":4920961268,"AREAWATER":1267351713}},{"type":"Feature","geometry":null,"properties":{"GEOID":"51595","STATE":"51","COUNTY":"595","COUNTYNS":"01498422","BASENAME":"Emporia","NAME":"Emporia city","LSADC":"25","FUNCSTAT":"F","COUNTYCC":"C7","AREALAND":17168110,"AREAWATER":124635}},{"type":"Feature","geometry":null,"properties":{"GEOID":"13145","STATE":"13","COUNTY":"145","COUNTYNS":"00326700","BASENAME":"Harris","NAME":"Harris County","LSADC":"06","FUNCSTAT":"A","COUNTYCC":"H1","AREALAND":1201301842,"AREAWATER":23649848}},{"type":"Feature","geometry":null,"properties":{"GEOID":"13251","STATE":"13","COUNTY":"251","COUNTYNS":"00350204","BASENAME":"Screven","NAME":"Screven County","LSADC":"06","FUNCSTAT":"A","COUNTYCC":"H1","AREALAND":1672668618,"AREAWATER":26023810}},{"type":"Feature","geometry":null,"properties":{"GEOID":"13297","STATE":"13","COUNTY":"297","COUNTYNS":"00351264","BASENAME":"Walton","NAME":"Walton County","LSADC":"06","FUNCSTAT":"A","COUNTYCC":"H1","AREALAND":846461081,"AREAWATER":8234176}},{"type":"Feature","geometry":null,"properties":{"GEOID":"51157","STATE":"51","COUNTY":"157","COUNTYNS":"01673976","BASENAME":"Rappahannock","NAME":"Rappahannock County","LSADC":"06","FUNCSTAT":"A","COUNTYCC":"H1","AREALAND":689901412,"AREAWATER":2141898}},{"type":"Feature","geometry":null,"properties":{"GEOID":"51009","STATE":"51","COUNTY":"009","COUNTYNS":"01480095","BASENAME":"Amherst","NAME":"Amherst County","LSADC":"06","FUNCSTAT":"A","COUNTYCC":"H1","AREALAND":1227554630,"AREAWATER":12898686}},{"type":"Feature","geometry":null,"properties":{"GEOID":"54093","STATE":"54","COUNTY":"093","COUNTYNS":"01689423","BASENAME":"Tucker","NAME":"Tucker County","LSADC":"06","FUNCSTAT":"A","COUNTYCC":"H1","AREALAND":1085313657,"AREAWATER":5310176}},{"type":"Feature","geometry":null,"properties":{"GEOID":"13151","STATE":"13","COUNTY":"151","COUNTYNS":"01671894","BASENAME":"Henry","NAME":"Henry County","LSADC":"06","FUNCSTAT":"A","COUNTYCC":"H1","AREALAND":825498267,"AREAWATER":20227375}},{"type":"Feature","geometry":null,"properties":{"GEOID":"13003","STATE":"13","COUNTY":"003","COUNTYNS":"00345784","BASENAME":"Atkinson","NAME":"Atkinson County","LSADC":"06","FUNCSTAT":"A","COUNTYCC":"H1","AREALAND":887642148,"AREAWATER":4696298}},{"type":"Feature","geometry":null,"properties":{"GEOID":"12031","STATE":"12","COUNTY":"031","COUNTYNS":"00293656","BASENAME":"Duval","NAME":"Duval County","LSADC":"06","FUNCSTAT":"C","COUNTYCC":"H6","AREALAND":1975380731,"AREAWATER":403428451}},{"type":"Feature","geometry":null,"properties":{"GEOID":"37129","STATE":"37","COUNTY":"129","COUNTYNS":"01026329","BASENAME":"New Hanover","NAME":"New Hanover County","LSADC":"06","FUNCSTAT":"A","COUNTYCC":"H1","AREALAND":498098112,"AREAWATER":353686027}},{"type":"Feature","geometry":null,"properties":{"GEOID":"37063","STATE":"37","COUNTY":"063","COUNTYNS":"01008550","BASENAME":"Durham","NAME":"Durham County","LSADC":"06","FUNCSTAT":"A","COUNTYCC":"H1","AREALAND":744793969,"AREAWATER":26666533}},{"type":"Feature","geometry":null,"properties":{"GEOID":"51089","STATE":"51","COUNTY":"089","COUNTYNS":"01502770","BASENAME":"Henry","NAME":"Henry County","LSADC":"06","FUNCSTAT":"A","COUNTYCC":"H1","AREALAND":990284607,"AREAWATER":5269786}},{"type":"Feature","geometry":null,"properties":{"GEOID":"51510","STATE":"51","COUNTY":"510","COUNTYNS":"01498415","BASENAME":"Alexandria","NAME":"Alexandria city","LSADC":"25","FUNCSTAT":"F","COUNTYCC":"C7","AREALAND":38682329,"AREAWATER":1069027}},{"type":"Feature","geometry":null,"properties":{"GEOID":"12011","STATE":"12","COUNTY":"011","COUNTYNS":"00295753","BASENAME":"Broward","NAME":"Broward County","LSADC":"06","FUNCSTAT":"A","COUNTYCC":"H1","AREALAND":3115709822,"AREAWATER":273103328}},{"type":"Feature","geometry":null,"properties":{"GEOID":"13279","STATE":"13","COUNTY":"279","COUNTYNS":"00345220","BASENAME":"Toombs","NAME":"Toombs County","LSADC":"06","FUNCSTAT":"A","COUNTYCC":"H1","AREALAND":942794612,"AREAWATER":18070371}},{"type":"Feature","geometry":null,"properties":{"GEOID":"13155","STATE":"13","COUNTY":"155","COUNTYNS":"00352302","BASENAME":"Irwin","NAME":"Irwin County","LSADC":"06","FUNCSTAT":"A","COUNTYCC":"H1","AREALAND":917795231,"AREAWATER":21756146}},{"type":"Feature","geometry":null,"properties":{"GEOID":"54087","STATE":"54","COUNTY":"087","COUNTYNS":"01550050","BASENAME":"Roane","NAME":"Roane County","LSADC":"06","FUNCSTAT":"A","COUNTYCC":"H1","AREALAND":1252422379,"AREAWATER":404682}},{"type":"Feature","geometry":null,"properties":{"GEOID":"37007","STATE":"37","COUNTY":"007","COUNTYNS":"01008534","BASENAME":"Anson","NAME":"Anson County","LSADC":"06","FUNCSTAT":"A","COUNTYCC":"H1","AREALAND":1376493243,"AREAWATER":14588101}},{"type":"Feature","geometry":null,"properties":{"GEOID":"12067","STATE":"12","COUNTY":"067","COUNTYNS":"00295732","BASENAME":"Lafayette","NAME":"Lafayette County","LSADC":"06","FUNCSTAT":"A","COUNTYCC":"H1","AREALAND":1407256261,"AREAWATER":11817996}},{"type":"Feature","geometry":null,"properties":{"GEOID":"37035","STATE":"37","COUNTY":"035","COUNTYNS":"01008543","BASENAME":"Catawba","NAME":"Catawba County","LSADC":"06","FUNCSTAT":"A","COUNTYCC":"H1","AREALAND":1039633855,"AREAWATER":37795258}},{"type":"Feature","geometry":null,"properties":{"GEOID":"51678","STATE":"51","COUNTY":"678","COUNTYNS":"01789071","BASENAME":"Lexington","NAME":"Lexington city","LSADC":"25","FUNCSTAT":"F","COUNTYCC":"C7","AREALAND":6473004,"AREAWATER":67783}},{"type":"Feature","geometry":null,"properties":{"GEOID":"51740","STATE":"51","COUNTY":"740","COUNTYNS":"01498556","BASENAME":"Portsmouth","NAME":"Portsmouth city","LSADC":"25","FUNCSTAT":"F","COUNTYCC":"C7","AREALAND":86250124,"AREAWATER":34656354}},{"type":"Feature","geometry":null,"properties":{"GEOID":"54023","STATE":"54","COUNTY":"023","COUNTYNS":"01697238","BASENAME":"Grant","NAME":"Grant County","LSADC":"06","FUNCSTAT":"A","COUNTYCC":"H1","AREALAND":1236389406,"AREAWATER":7544475}},{"type":"Feature","geometry":null,"properties":{"GEOID":"51171","STATE":"51","COUNTY":"171","COUNTYNS":"01673918","BASENAME":"Shenandoah","NAME":"Shenandoah County","LSADC":"06","FUNCSTAT":"A","COUNTYCC":"H1","AREALAND":1315922149,"AREAWATER":9714041}},{"type":"Feature","geometry":null,"properties":{"GEOID":"54101","STATE":"54","COUNTY":"101","COUNTYNS":"01550057","BASENAME":"Webster","NAME":"Webster County","LSADC":"06","FUNCSTAT":"A","COUNTYCC":"H1","AREALAND":1433479246,"AREAWATER":7146770}},{"type":"Feature","geometry":null,"properties":{"GEOID":"13069","STATE":"13","COUNTY":"069","COUNTYNS":"00347456","BASENAME":"Coffee","NAME":"Coffee County","LSADC":"06","FUNCSTAT":"A","COUNTYCC":"H1","AREALAND":1533953529,"AREAWATER":26902591}},{"type":"Feature","geometry":null,"properties":{"GEOID":"13299","STATE":"13","COUNTY":"299","COUNTYNS":"00357722","BASENAME":"Ware","NAME":"Ware County","LSADC":"06","FUNCSTAT":"A","COUNTYCC":"H1","AREALAND":2329333048,"AREAWATER":22342876}},{"type":"Feature","geometry":null,"properties":{"GEOID":"45045","STATE":"45","COUNTY":"045","COUNTYNS":"01245489","BASENAME":"Greenville","NAME":"Greenville County","LSADC":"06","FUNCSTAT":"A","COUNTYCC":"H1","AREALAND":2035579821,"AREAWATER":24951815}},{"type":"Feature","geometry":null,"properties":{"GEOID":"51036","STATE":"51","COUNTY":"036","COUNTYNS":"01480109","BASENAME":"Charles City","NAME":"Charles City County","LSADC":"06","FUNCSTAT":"A","COUNTYCC":"H1","AREALAND":473711541,"AREAWATER":55274654}},{"type":"Feature","geometry":null,"properties":{"GEOID":"37055","STATE":"37","COUNTY":"055","COUNTYNS":"01026133","BASENAME":"Dare","NAME":"Dare County","LSADC":"06","FUNCSTAT":"A","COUNTYCC":"H1","AREALAND":992558966,"AREAWATER":3000512861}},{"type":"Feature","geometry":null,"properties":{"GEOID":"37047","STATE":"37","COUNTY":"047","COUNTYNS":"01026339","BASENAME":"Columbus","NAME":"Columbus County","LSADC":"06","FUNCSTAT":"A","COUNTYCC":"H1","AREALAND":2429792464,"AREAWATER":43712412}},{"type":"Feature","geometry":null,"properties":{"GEOID":"45047","STATE":"45","COUNTY":"047","COUNTYNS":"01248003","BASENAME":"Greenwood","NAME":"Greenwood County","LSADC":"06","FUNCSTAT":"A","COUNTYCC":"H1","AREALAND":1180014539,"AREAWATER":21254607}},{"type":"Feature","geometry":null,"properties":{"GEOID":"54051","STATE":"54","COUNTY":"051","COUNTYNS":"01717539","BASENAME":"Marshall","NAME":"Marshall County","LSADC":"06","FUNCSTAT":"A","COUNTYCC":"H1","AREALAND":790972989,"AREAWATER":17384487}},{"type":"Feature","geometry":null,"properties":{"GEOID":"54035","STATE":"54","COUNTY":"035","COUNTYNS":"01559963","BASENAME":"Jackson","NAME":"Jackson County","LSADC":"06","FUNCSTAT":"A","COUNTYCC":"H1","AREALAND":1202688178,"AREAWATER":18825849}},{"type":"Feature","geometry":null,"properties":{"GEOID":"24005","STATE":"24","COUNTY":"005","COUNTYNS":"01695314","BASENAME":"Baltimore","NAME":"Baltimore County","LSADC":"06","FUNCSTAT":"A","COUNTYCC":"H1","AREALAND":1549741602,"AREAWATER":215956817}},{"type":"Feature","geometry":null,"properties":{"GEOID":"13115","STATE":"13","COUNTY":"115","COUNTYNS":"00353665","BASENAME":"Floyd","NAME":"Floyd County","LSADC":"06","FUNCSTAT":"A","COUNTYCC":"H1","AREALAND":1320459240,"AREAWATER":22359370}},{"type":"Feature","geometry":null,"properties":{"GEOID":"24011","STATE":"24","COUNTY":"011","COUNTYNS":"00595737","BASENAME":"Caroline","NAME":"Caroline County","LSADC":"06","FUNCSTAT":"A","COUNTYCC":"H1","AREALAND":827350278,"AREAWATER":16777055}},{"type":"Feature","geometry":null,"properties":{"GEOID":"51059","STATE":"51","COUNTY":"059","COUNTYNS":"01480119","BASENAME":"Fairfax","NAME":"Fairfax County","LSADC":"06","FUNCSTAT":"A","COUNTYCC":"H1","AREALAND":1012740183,"AREAWATER":40014052}},{"type":"Feature","geometry":null,"properties":{"GEOID":"37075","STATE":"37","COUNTY":"075","COUNTYNS":"01008555","BASENAME":"Graham","NAME":"Graham County","LSADC":"06","FUNCSTAT":"A","COUNTYCC":"H1","AREALAND":756197347,"AREAWATER":25053251}},{"type":"Feature","geometry":null,"properties":{"GEOID":"54045","STATE":"54","COUNTY":"045","COUNTYNS":"01550029","BASENAME":"Logan","NAME":"Logan County","LSADC":"06","FUNCSTAT":"A","COUNTYCC":"H1","AREALAND":1173052363,"AREAWATER":4650787}},{"type":"Feature","geometry":null,"properties":{"GEOID":"54073","STATE":"54","COUNTY":"073","COUNTYNS":"01678557","BASENAME":"Pleasants","NAME":"Pleasants County","LSADC":"06","FUNCSTAT":"A","COUNTYCC":"H1","AREALAND":337007577,"AREAWATER":11468017}},{"type":"Feature","geometry":null,"properties":{"GEOID":"51071","STATE":"51","COUNTY":"071","COUNTYNS":"01494551","BASENAME":"Giles","NAME":"Giles County","LSADC":"06","FUNCSTAT":"A","COUNTYCC":"H1","AREALAND":925207267,"AREAWATER":11232367}},{"type":"Feature","geometry":null,"properties":{"GEOID":"54019","STATE":"54","COUNTY":"019","COUNTYNS":"01560095","BASENAME":"Fayette","NAME":"Fayette County","LSADC":"06","FUNCSTAT":"A","COUNTYCC":"H1","AREALAND":1714459762,"AREAWATER":17468301}},{"type":"Feature","geometry":null,"properties":{"GEOID":"13061","STATE":"13","COUNTY":"061","COUNTYNS":"00344805","BASENAME":"Clay","NAME":"Clay County","LSADC":"06","FUNCSTAT":"A","COUNTYCC":"H1","AREALAND":506093890,"AREAWATER":56546962}},{"type":"Feature","geometry":null,"properties":{"GEOID":"51113","STATE":"51","COUNTY":"113","COUNTYNS":"01494590","BASENAME":"Madison","NAME":"Madison County","LSADC":"06","FUNCSTAT":"A","COUNTYCC":"H1","AREALAND":830449696,"AREAWATER":3206145}},{"type":"Feature","geometry":null,"properties":{"GEOID":"13015","STATE":"13","COUNTY":"015","COUNTYNS":"00351604","BASENAME":"Bartow","NAME":"Bartow County","LSADC":"06","FUNCSTAT":"A","COUNTYCC":"H1","AREALAND":1188576949,"AREAWATER":27366007}},{"type":"Feature","geometry":null,"properties":{"GEOID":"12069","STATE":"12","COUNTY":"069","COUNTYNS":"00308551","BASENAME":"Lake","NAME":"Lake County","LSADC":"06","FUNCSTAT":"A","COUNTYCC":"H1","AREALAND":2470940238,"AREAWATER":525057820}},{"type":"Feature","geometry":null,"properties":{"GEOID":"24009","STATE":"24","COUNTY":"009","COUNTYNS":"01676636","BASENAME":"Calvert","NAME":"Calvert County","LSADC":"06","FUNCSTAT":"A","COUNTYCC":"H1","AREALAND":552158500,"AREAWATER":341580755}},{"type":"Feature","geometry":null,"properties":{"GEOID":"37083","STATE":"37","COUNTY":"083","COUNTYNS":"01008559","BASENAME":"Halifax","NAME":"Halifax County","LSADC":"06","FUNCSTAT":"A","COUNTYCC":"H1","AREALAND":1874473634,"AREAWATER":16918950}},{"type":"Feature","geometry":null,"properties":{"GEOID":"13235","STATE":"13","COUNTY":"235","COUNTYNS":"00347593","BASENAME":"Pulaski","NAME":"Pulaski County","LSADC":"06","FUNCSTAT":"A","COUNTYCC":"H1","AREALAND":645583951,"AREAWATER":5046602}},{"type":"Feature","geometry":null,"properties":{"GEOID":"37015","STATE":"37","COUNTY":"015","COUNTYNS":"01026334","BASENAME":"Bertie","NAME":"Bertie County","LSADC":"06","FUNCSTAT":"A","COUNTYCC":"H1","AREALAND":1810858556,"AREAWATER":109120745}},{"type":"Feature","geometry":null,"properties":{"GEOID":"37167","STATE":"37","COUNTY":"167","COUNTYNS":"01025844","BASENAME":"Stanly","NAME":"Stanly County","LSADC":"06","FUNCSTAT":"A","COUNTYCC":"H1","AREALAND":1023256925,"AREAWATER":25180141}},{"type":"Feature","geometry":null,"properties":{"GEOID":"37079","STATE":"37","COUNTY":"079","COUNTYNS":"01008557","BASENAME":"Greene","NAME":"Greene County","LSADC":"06","FUNCSTAT":"A","COUNTYCC":"H1","AREALAND":690842902,"AREAWATER":1225570}},{"type":"Feature","geometry":null,"properties":{"GEOID":"24039","STATE":"24","COUNTY":"039","COUNTYNS":"00596907","BASENAME":"Somerset","NAME":"Somerset County","LSADC":"06","FUNCSTAT":"A","COUNTYCC":"H1","AREALAND":828145286,"AREAWATER":752652865}},{"type":"Feature","geometry":null,"properties":{"GEOID":"13017","STATE":"13","COUNTY":"017","COUNTYNS":"00351606","BASENAME":"Ben Hill","NAME":"Ben Hill County","LSADC":"06","FUNCSTAT":"A","COUNTYCC":"H1","AREALAND":647804327,"AREAWATER":9812172}},{"type":"Feature","geometry":null,"properties":{"GEOID":"12003","STATE":"12","COUNTY":"003","COUNTYNS":"00306920","BASENAME":"Baker","NAME":"Baker County","LSADC":"06","FUNCSTAT":"A","COUNTYCC":"H1","AREALAND":1515738942,"AREAWATER":9686120}},{"type":"Feature","geometry":null,"properties":{"GEOID":"13173","STATE":"13","COUNTY":"173","COUNTYNS":"00348102","BASENAME":"Lanier","NAME":"Lanier County","LSADC":"06","FUNCSTAT":"A","COUNTYCC":"H1","AREALAND":509028464,"AREAWATER":8421164}},{"type":"Feature","geometry":null,"properties":{"GEOID":"37173","STATE":"37","COUNTY":"173","COUNTYNS":"01008588","BASENAME":"Swain","NAME":"Swain County","LSADC":"06","FUNCSTAT":"A","COUNTYCC":"H1","AREALAND":1366800393,"AREAWATER":32419217}},{"type":"Feature","geometry":null,"properties":{"GEOID":"13239","STATE":"13","COUNTY":"239","COUNTYNS":"00350547","BASENAME":"Quitman","NAME":"Quitman County","LSADC":"06","FUNCSTAT":"C","COUNTYCC":"H6","AREALAND":391714540,"AREAWATER":24146823}},{"type":"Feature","geometry":null,"properties":{"GEOID":"12101","STATE":"12","COUNTY":"101","COUNTYNS":"00295739","BASENAME":"Pasco","NAME":"Pasco County","LSADC":"06","FUNCSTAT":"A","COUNTYCC":"H1","AREALAND":1933956388,"AREAWATER":694061987}},{"type":"Feature","geometry":null,"properties":{"GEOID":"12119","STATE":"12","COUNTY":"119","COUNTYNS":"00295740","BASENAME":"Sumter","NAME":"Sumter County","LSADC":"06","FUNCSTAT":"A","COUNTYCC":"H1","AREALAND":1442975459,"AREAWATER":58773797}},{"type":"Feature","geometry":null,"properties":{"GEOID":"37011","STATE":"37","COUNTY":"011","COUNTYNS":"01008536","BASENAME":"Avery","NAME":"Avery County","LSADC":"06","FUNCSTAT":"A","COUNTYCC":"H1","AREALAND":640602136,"AREAWATER":445285}},{"type":"Feature","geometry":null,"properties":{"GEOID":"54107","STATE":"54","COUNTY":"107","COUNTYNS":"01560558","BASENAME":"Wood","NAME":"Wood County","LSADC":"06","FUNCSTAT":"A","COUNTYCC":"H1","AREALAND":949229776,"AREAWATER":26590779}},{"type":"Feature","geometry":null,"properties":{"GEOID":"45063","STATE":"45","COUNTY":"063","COUNTYNS":"01244251","BASENAME":"Lexington","NAME":"Lexington County","LSADC":"06","FUNCSTAT":"A","COUNTYCC":"H1","AREALAND":1809233849,"AREAWATER":151628075}},{"type":"Feature","geometry":null,"properties":{"GEOID":"24003","STATE":"24","COUNTY":"003","COUNTYNS":"01710958","BASENAME":"Anne Arundel","NAME":"Anne Arundel County","LSADC":"06","FUNCSTAT":"A","COUNTYCC":"H1","AREALAND":1074347703,"AREAWATER":448050687}},{"type":"Feature","geometry":null,"properties":{"GEOID":"12039","STATE":"12","COUNTY":"039","COUNTYNS":"00306918","BASENAME":"Gadsden","NAME":"Gadsden County","LSADC":"06","FUNCSTAT":"A","COUNTYCC":"H1","AREALAND":1337405270,"AREAWATER":31475264}},{"type":"Feature","geometry":null,"properties":{"GEOID":"13137","STATE":"13","COUNTY":"137","COUNTYNS":"00351383","BASENAME":"Habersham","NAME":"Habersham County","LSADC":"06","FUNCSTAT":"A","COUNTYCC":"H1","AREALAND":717082296,"AREAWATER":5671538}},{"type":"Feature","geometry":null,"properties":{"GEOID":"13319","STATE":"13","COUNTY":"319","COUNTYNS":"00346824","BASENAME":"Wilkinson","NAME":"Wilkinson County","LSADC":"06","FUNCSTAT":"A","COUNTYCC":"H1","AREALAND":1163481398,"AREAWATER":7063256}},{"type":"Feature","geometry":null,"properties":{"GEOID":"54061","STATE":"54","COUNTY":"061","COUNTYNS":"01550037","BASENAME":"Monongalia","NAME":"Monongalia County","LSADC":"06","FUNCSTAT":"A","COUNTYCC":"H1","AREALAND":932638138,"AREAWATER":14986266}},{"type":"Feature","geometry":null,"properties":{"GEOID":"12027","STATE":"12","COUNTY":"027","COUNTYNS":"00294452","BASENAME":"DeSoto","NAME":"DeSoto County","LSADC":"06","FUNCSTAT":"A","COUNTYCC":"H1","AREALAND":1649031803,"AREAWATER":6243547}},{"type":"Feature","geometry":null,"properties":{"GEOID":"51760","STATE":"51","COUNTY":"760","COUNTYNS":"01789073","BASENAME":"Richmond","NAME":"Richmond city","LSADC":"25","FUNCSTAT":"F","COUNTYCC":"C7","AREALAND":155205053,"AREAWATER":6849166}},{"type":"Feature","geometry":null,"properties":{"GEOID":"37169","STATE":"37","COUNTY":"169","COUNTYNS":"01008586","BASENAME":"Stokes","NAME":"Stokes County","LSADC":"06","FUNCSTAT":"A","COUNTYCC":"H1","AREALAND":1163741689,"AREAWATER":17577066}},{"type":"Feature","geometry":null,"properties":{"GEOID":"12043","STATE":"12","COUNTY":"043","COUNTYNS":"00295743","BASENAME":"Glades","NAME":"Glades County","LSADC":"06","FUNCSTAT":"A","COUNTYCC":"H1","AREALAND":2089658733,"AREAWATER":467294505}},{"type":"Feature","geometry":null,"properties":{"GEOID":"13199","STATE":"13","COUNTY":"199","COUNTYNS":"00346892","BASENAME":"Meriwether","NAME":"Meriwether County","LSADC":"06","FUNCSTAT":"A","COUNTYCC":"H1","AREALAND":1297342094,"AREAWATER":10832500}},{"type":"Feature","geometry":null,"properties":{"GEOID":"13121","STATE":"13","COUNTY":"121","COUNTYNS":"01694833","BASENAME":"Fulton","NAME":"Fulton County","LSADC":"06","FUNCSTAT":"A","COUNTYCC":"H1","AREALAND":1364561001,"AREAWATER":20568425}},{"type":"Feature","geometry":null,"properties":{"GEOID":"45029","STATE":"45","COUNTY":"029","COUNTYNS":"01247991","BASENAME":"Colleton","NAME":"Colleton County","LSADC":"06","FUNCSTAT":"A","COUNTYCC":"H1","AREALAND":2736349175,"AREAWATER":196855170}},{"type":"Feature","geometry":null,"properties":{"GEOID":"13119","STATE":"13","COUNTY":"119","COUNTYNS":"00349324","BASENAME":"Franklin","NAME":"Franklin County","LSADC":"06","FUNCSTAT":"A","COUNTYCC":"H1","AREALAND":677413791,"AREAWATER":12753302}},{"type":"Feature","geometry":null,"properties":{"GEOID":"12051","STATE":"12","COUNTY":"051","COUNTYNS":"00307626","BASENAME":"Hendry","NAME":"Hendry County","LSADC":"06","FUNCSTAT":"A","COUNTYCC":"H1","AREALAND":2993907700,"AREAWATER":86567285}},{"type":"Feature","geometry":null,"properties":{"GEOID":"13265","STATE":"13","COUNTY":"265","COUNTYNS":"00347654","BASENAME":"Taliaferro","NAME":"Taliaferro County","LSADC":"06","FUNCSTAT":"A","COUNTYCC":"H1","AREALAND":504029144,"AREAWATER":1917633}},{"type":"Feature","geometry":null,"properties":{"GEOID":"37065","STATE":"37","COUNTY":"065","COUNTYNS":"01008551","BASENAME":"Edgecombe","NAME":"Edgecombe County","LSADC":"06","FUNCSTAT":"A","COUNTYCC":"H1","AREALAND":1309073938,"AREAWATER":3706113}},{"type":"Feature","geometry":null,"properties":{"GEOID":"13213","STATE":"13","COUNTY":"213","COUNTYNS":"01688005","BASENAME":"Murray","NAME":"Murray County","LSADC":"06","FUNCSTAT":"A","COUNTYCC":"H1","AREALAND":892235585,"AREAWATER":5719192}},{"type":"Feature","geometry":null,"properties":{"GEOID":"12021","STATE":"12","COUNTY":"021","COUNTYNS":"00295754","BASENAME":"Collier","NAME":"Collier County","LSADC":"06","FUNCSTAT":"A","COUNTYCC":"H1","AREALAND":5172271811,"AREAWATER":1574750459}},{"type":"Feature","geometry":null,"properties":{"GEOID":"54085","STATE":"54","COUNTY":"085","COUNTYNS":"01689049","BASENAME":"Ritchie","NAME":"Ritchie County","LSADC":"06","FUNCSTAT":"A","COUNTYCC":"H1","AREALAND":1170648853,"AREAWATER":4424606}},{"type":"Feature","geometry":null,"properties":{"GEOID":"37133","STATE":"37","COUNTY":"133","COUNTYNS":"01026341","BASENAME":"Onslow","NAME":"Onslow County","LSADC":"06","FUNCSTAT":"A","COUNTYCC":"H1","AREALAND":1973875657,"AREAWATER":370564647}},{"type":"Feature","geometry":null,"properties":{"GEOID":"51179","STATE":"51","COUNTY":"179","COUNTYNS":"01480173","BASENAME":"Stafford","NAME":"Stafford County","LSADC":"06","FUNCSTAT":"A","COUNTYCC":"H1","AREALAND":695382261,"AREAWATER":29942920}},{"type":"Feature","geometry":null,"properties":{"GEOID":"13025","STATE":"13","COUNTY":"025","COUNTYNS":"00351605","BASENAME":"Brantley","NAME":"Brantley County","LSADC":"06","FUNCSTAT":"A","COUNTYCC":"H1","AREALAND":1147989333,"AREAWATER":10274470}},{"type":"Feature","geometry":null,"properties":{"GEOID":"13171","STATE":"13","COUNTY":"171","COUNTYNS":"00326713","BASENAME":"Lamar","NAME":"Lamar County","LSADC":"06","FUNCSTAT":"A","COUNTYCC":"H1","AREALAND":475264410,"AREAWATER":6044329}},{"type":"Feature","geometry":null,"properties":{"GEOID":"37001","STATE":"37","COUNTY":"001","COUNTYNS":"01008531","BASENAME":"Alamance","NAME":"Alamance County","LSADC":"06","FUNCSTAT":"A","COUNTYCC":"H1","AREALAND":1096773671,"AREAWATER":27902888}},{"type":"Feature","geometry":null,"properties":{"GEOID":"54031","STATE":"54","COUNTY":"031","COUNTYNS":"01718557","BASENAME":"Hardy","NAME":"Hardy County","LSADC":"06","FUNCSTAT":"A","COUNTYCC":"H1","AREALAND":1508190142,"AREAWATER":5624068}},{"type":"Feature","geometry":null,"properties":{"GEOID":"45059","STATE":"45","COUNTY":"059","COUNTYNS":"01248009","BASENAME":"Laurens","NAME":"Laurens County","LSADC":"06","FUNCSTAT":"A","COUNTYCC":"H1","AREALAND":1846335714,"AREAWATER":26052629}},{"type":"Feature","geometry":null,"properties":{"GEOID":"13083","STATE":"13","COUNTY":"083","COUNTYNS":"00347465","BASENAME":"Dade","NAME":"Dade County","LSADC":"06","FUNCSTAT":"A","COUNTYCC":"H1","AREALAND":450855120,"AREAWATER":488462}},{"type":"Feature","geometry":null,"properties":{"GEOID":"51187","STATE":"51","COUNTY":"187","COUNTYNS":"01674058","BASENAME":"Warren","NAME":"Warren County","LSADC":"06","FUNCSTAT":"A","COUNTYCC":"H1","AREALAND":555738467,"AREAWATER":8583335}},{"type":"Feature","geometry":null,"properties":{"GEOID":"51197","STATE":"51","COUNTY":"197","COUNTYNS":"01501379","BASENAME":"Wythe","NAME":"Wythe County","LSADC":"06","FUNCSTAT":"A","COUNTYCC":"H1","AREALAND":1196450509,"AREAWATER":7232494}},{"type":"Feature","geometry":null,"properties":{"GEOID":"13303","STATE":"13","COUNTY":"303","COUNTYNS":"00348428","BASENAME":"Washington","NAME":"Washington County","LSADC":"06","FUNCSTAT":"A","COUNTYCC":"H1","AREALAND":1757373983,"AREAWATER":15098977}},{"type":"Feature","geometry":null,"properties":{"GEOID":"12087","STATE":"12","COUNTY":"087","COUNTYNS":"00295759","BASENAME":"Monroe","NAME":"Monroe County","LSADC":"06","FUNCSTAT":"A","COUNTYCC":"H1","AREALAND":2546069740,"AREAWATER":11153840985}},{"type":"Feature","geometry":null,"properties":{"GEOID":"51710","STATE":"51","COUNTY":"710","COUNTYNS":"01498557","BASENAME":"Norfolk","NAME":"Norfolk city","LSADC":"25","FUNCSTAT":"F","COUNTYCC":"C7","AREALAND":137981440,"AREAWATER":111701529}},{"type":"Feature","geometry":null,"properties":{"GEOID":"51155","STATE":"51","COUNTY":"155","COUNTYNS":"01501465","BASENAME":"Pulaski","NAME":"Pulaski County","LSADC":"06","FUNCSTAT":"A","COUNTYCC":"H1","AREALAND":828380601,"AREAWATER":24874327}},{"type":"Feature","geometry":null,"properties":{"GEOID":"37179","STATE":"37","COUNTY":"179","COUNTYNS":"01008590","BASENAME":"Union","NAME":"Union County","LSADC":"06","FUNCSTAT":"A","COUNTYCC":"H1","AREALAND":1638797832,"AREAWATER":17872557}},{"type":"Feature","geometry":null,"properties":{"GEOID":"12091","STATE":"12","COUNTY":"091","COUNTYNS":"00306915","BASENAME":"Okaloosa","NAME":"Okaloosa County","LSADC":"06","FUNCSTAT":"A","COUNTYCC":"H1","AREALAND":2408112945,"AREAWATER":820796944}},{"type":"Feature","geometry":null,"properties":{"GEOID":"37121","STATE":"37","COUNTY":"121","COUNTYNS":"01008571","BASENAME":"Mitchell","NAME":"Mitchell County","LSADC":"06","FUNCSTAT":"A","COUNTYCC":"H1","AREALAND":573036225,"AREAWATER":1632150}},{"type":"Feature","geometry":null,"properties":{"GEOID":"54025","STATE":"54","COUNTY":"025","COUNTYNS":"01557518","BASENAME":"Greenbrier","NAME":"Greenbrier County","LSADC":"06","FUNCSTAT":"A","COUNTYCC":"H1","AREALAND":2641319242,"AREAWATER":12136552}},{"type":"Feature","geometry":null,"properties":{"GEOID":"51051","STATE":"51","COUNTY":"051","COUNTYNS":"01497376","BASENAME":"Dickenson","NAME":"Dickenson County","LSADC":"06","FUNCSTAT":"A","COUNTYCC":"H1","AREALAND":855841895,"AREAWATER":8100224}},{"type":"Feature","geometry":null,"properties":{"GEOID":"51007","STATE":"51","COUNTY":"007","COUNTYNS":"01497770","BASENAME":"Amelia","NAME":"Amelia County","LSADC":"06","FUNCSTAT":"A","COUNTYCC":"H1","AREALAND":926821222,"AREAWATER":8201743}},{"type":"Feature","geometry":null,"properties":{"GEOID":"13243","STATE":"13","COUNTY":"243","COUNTYNS":"00352242","BASENAME":"Randolph","NAME":"Randolph County","LSADC":"06","FUNCSTAT":"A","COUNTYCC":"H1","AREALAND":1109126231,"AREAWATER":6830041}},{"type":"Feature","geometry":null,"properties":{"GEOID":"13153","STATE":"13","COUNTY":"153","COUNTYNS":"01671693","BASENAME":"Houston","NAME":"Houston County","LSADC":"06","FUNCSTAT":"A","COUNTYCC":"H1","AREALAND":974257707,"AREAWATER":9687605}},{"type":"Feature","geometry":null,"properties":{"GEOID":"12127","STATE":"12","COUNTY":"127","COUNTYNS":"00306921","BASENAME":"Volusia","NAME":"Volusia County","LSADC":"06","FUNCSTAT":"A","COUNTYCC":"H1","AREALAND":2852233408,"AREAWATER":857845308}},{"type":"Feature","geometry":null,"properties":{"GEOID":"45003","STATE":"45","COUNTY":"003","COUNTYNS":"01247979","BASENAME":"Aiken","NAME":"Aiken County","LSADC":"06","FUNCSTAT":"A","COUNTYCC":"H1","AREALAND":2773039742,"AREAWATER":24554954}},{"type":"Feature","geometry":null,"properties":{"GEOID":"51550","STATE":"51","COUNTY":"550","COUNTYNS":"01498558","BASENAME":"Chesapeake","NAME":"Chesapeake city","LSADC":"25","FUNCSTAT":"F","COUNTYCC":"C7","AREALAND":876598076,"AREAWATER":32349701}},{"type":"Feature","geometry":null,"properties":{"GEOID":"37093","STATE":"37","COUNTY":"093","COUNTYNS":"01008563","BASENAME":"Hoke","NAME":"Hoke County","LSADC":"06","FUNCSTAT":"A","COUNTYCC":"H1","AREALAND":1010491633,"AREAWATER":3949309}},{"type":"Feature","geometry":null,"properties":{"GEOID":"45035","STATE":"45","COUNTY":"035","COUNTYNS":"01247998","BASENAME":"Dorchester","NAME":"Dorchester County","LSADC":"06","FUNCSTAT":"A","COUNTYCC":"H1","AREALAND":1472186601,"AREAWATER":6777027}},{"type":"Feature","geometry":null,"properties":{"GEOID":"45015","STATE":"45","COUNTY":"015","COUNTYNS":"01247985","BASENAME":"Berkeley","NAME":"Berkeley County","LSADC":"06","FUNCSTAT":"A","COUNTYCC":"H1","AREALAND":2858327174,"AREAWATER":339064179}},{"type":"Feature","geometry":null,"properties":{"GEOID":"51029","STATE":"51","COUNTY":"029","COUNTYNS":"01501502","BASENAME":"Buckingham","NAME":"Buckingham County","LSADC":"06","FUNCSTAT":"A","COUNTYCC":"H1","AREALAND":1501196300,"AREAWATER":9897973}},{"type":"Feature","geometry":null,"properties":{"GEOID":"13269","STATE":"13","COUNTY":"269","COUNTYNS":"00344156","BASENAME":"Taylor","NAME":"Taylor County","LSADC":"06","FUNCSTAT":"A","COUNTYCC":"H1","AREALAND":975613070,"AREAWATER":7801539}},{"type":"Feature","geometry":null,"properties":{"GEOID":"51830","STATE":"51","COUNTY":"830","COUNTYNS":"01789076","BASENAME":"Williamsburg","NAME":"Williamsburg city","LSADC":"25","FUNCSTAT":"F","COUNTYCC":"C7","AREALAND":23149769,"AREAWATER":416905}},{"type":"Feature","geometry":null,"properties":{"GEOID":"54071","STATE":"54","COUNTY":"071","COUNTYNS":"01550042","BASENAME":"Pendleton","NAME":"Pendleton County","LSADC":"06","FUNCSTAT":"A","COUNTYCC":"H1","AREALAND":1802760290,"AREAWATER":5428396}},{"type":"Feature","geometry":null,"properties":{"GEOID":"51139","STATE":"51","COUNTY":"139","COUNTYNS":"01500440","BASENAME":"Page","NAME":"Page County","LSADC":"06","FUNCSTAT":"A","COUNTYCC":"H1","AREALAND":802941007,"AREAWATER":8378551}},{"type":"Feature","geometry":null,"properties":{"GEOID":"54089","STATE":"54","COUNTY":"089","COUNTYNS":"01557805","BASENAME":"Summers","NAME":"Summers County","LSADC":"06","FUNCSTAT":"A","COUNTYCC":"H1","AREALAND":933933873,"AREAWATER":18466636}},{"type":"Feature","geometry":null,"properties":{"GEOID":"37119","STATE":"37","COUNTY":"119","COUNTYNS":"01008570","BASENAME":"Mecklenburg","NAME":"Mecklenburg County","LSADC":"06","FUNCSTAT":"A","COUNTYCC":"H1","AREALAND":1356199394,"AREAWATER":58103860}},{"type":"Feature","geometry":null,"properties":{"GEOID":"13209","STATE":"13","COUNTY":"209","COUNTYNS":"00352276","BASENAME":"Montgomery","NAME":"Montgomery County","LSADC":"06","FUNCSTAT":"A","COUNTYCC":"H1","AREALAND":624563055,"AREAWATER":9191488}},{"type":"Feature","geometry":null,"properties":{"GEOID":"54053","STATE":"54","COUNTY":"053","COUNTYNS":"01560254","BASENAME":"Mason","NAME":"Mason County","LSADC":"06","FUNCSTAT":"A","COUNTYCC":"H1","AREALAND":1115683482,"AREAWATER":36124378}},{"type":"Feature","geometry":null,"properties":{"GEOID":"54021","STATE":"54","COUNTY":"021","COUNTYNS":"01689673","BASENAME":"Gilmer","NAME":"Gilmer County","LSADC":"06","FUNCSTAT":"A","COUNTYCC":"H1","AREALAND":876717614,"AREAWATER":4082113}},{"type":"Feature","geometry":null,"properties":{"GEOID":"51109","STATE":"51","COUNTY":"109","COUNTYNS":"01494707","BASENAME":"Louisa","NAME":"Louisa County","LSADC":"06","FUNCSTAT":"A","COUNTYCC":"H1","AREALAND":1282219141,"AREAWATER":37801547}},{"type":"Feature","geometry":null,"properties":{"GEOID":"51091","STATE":"51","COUNTY":"091","COUNTYNS":"01673774","BASENAME":"Highland","NAME":"Highland County","LSADC":"06","FUNCSTAT":"A","COUNTYCC":"H1","AREALAND":1075266882,"AREAWATER":1791756}},{"type":"Feature","geometry":null,"properties":{"GEOID":"51177","STATE":"51","COUNTY":"177","COUNTYNS":"01480172","BASENAME":"Spotsylvania","NAME":"Spotsylvania County","LSADC":"06","FUNCSTAT":"A","COUNTYCC":"H1","AREALAND":1041025686,"AREAWATER":32952876}},{"type":"Feature","geometry":null,"properties":{"GEOID":"13029","STATE":"13","COUNTY":"029","COUNTYNS":"00350496","BASENAME":"Bryan","NAME":"Bryan County","LSADC":"06","FUNCSTAT":"A","COUNTYCC":"H1","AREALAND":1133284261,"AREAWATER":43751219}},{"type":"Feature","geometry":null,"properties":{"GEOID":"51053","STATE":"51","COUNTY":"053","COUNTYNS":"01690739","BASENAME":"Dinwiddie","NAME":"Dinwiddie County","LSADC":"06","FUNCSTAT":"A","COUNTYCC":"H1","AREALAND":1304919895,"AREAWATER":8971935}},{"type":"Feature","geometry":null,"properties":{"GEOID":"12111","STATE":"12","COUNTY":"111","COUNTYNS":"00308372","BASENAME":"St. Lucie","NAME":"St. Lucie County","LSADC":"06","FUNCSTAT":"A","COUNTYCC":"H1","AREALAND":1481099209,"AREAWATER":300812756}},{"type":"Feature","geometry":null,"properties":{"GEOID":"54007","STATE":"54","COUNTY":"007","COUNTYNS":"01550010","BASENAME":"Braxton","NAME":"Braxton County","LSADC":"06","FUNCSTAT":"A","COUNTYCC":"H1","AREALAND":1322802061,"AREAWATER":14339287}},{"type":"Feature","geometry":null,"properties":{"GEOID":"12071","STATE":"12","COUNTY":"071","COUNTYNS":"00295758","BASENAME":"Lee","NAME":"Lee County","LSADC":"06","FUNCSTAT":"A","COUNTYCC":"H1","AREALAND":2023299085,"AREAWATER":1900088925}},{"type":"Feature","geometry":null,"properties":{"GEOID":"24033","STATE":"24","COUNTY":"033","COUNTYNS":"01714670","BASENAME":"Prince George's","NAME":"Prince George's County","LSADC":"06","FUNCSTAT":"A","COUNTYCC":"H1","AREALAND":1249956727,"AREAWATER":42052004}},{"type":"Feature","geometry":null,"properties":{"GEOID":"51169","STATE":"51","COUNTY":"169","COUNTYNS":"01498172","BASENAME":"Scott","NAME":"Scott County","LSADC":"06","FUNCSTAT":"A","COUNTYCC":"H1","AREALAND":1387786254,"AREAWATER":8105327}},{"type":"Feature","geometry":null,"properties":{"GEOID":"13289","STATE":"13","COUNTY":"289","COUNTYNS":"00345456","BASENAME":"Twiggs","NAME":"Twiggs County","LSADC":"06","FUNCSTAT":"A","COUNTYCC":"H1","AREALAND":930478085,"AREAWATER":8740235}},{"type":"Feature","geometry":null,"properties":{"GEOID":"45055","STATE":"45","COUNTY":"055","COUNTYNS":"01248007","BASENAME":"Kershaw","NAME":"Kershaw County","LSADC":"06","FUNCSTAT":"A","COUNTYCC":"H1","AREALAND":1881957707,"AREAWATER":35307484}},{"type":"Feature","geometry":null,"properties":{"GEOID":"37073","STATE":"37","COUNTY":"073","COUNTYNS":"01026126","BASENAME":"Gates","NAME":"Gates County","LSADC":"06","FUNCSTAT":"A","COUNTYCC":"H1","AREALAND":882181693,"AREAWATER":13292008}},{"type":"Feature","geometry":null,"properties":{"GEOID":"12019","STATE":"12","COUNTY":"019","COUNTYNS":"00295726","BASENAME":"Clay","NAME":"Clay County","LSADC":"06","FUNCSTAT":"A","COUNTYCC":"H1","AREALAND":1565901862,"AREAWATER":100868789}},{"type":"Feature","geometry":null,"properties":{"GEOID":"37183","STATE":"37","COUNTY":"183","COUNTYNS":"01008592","BASENAME":"Wake","NAME":"Wake County","LSADC":"06","FUNCSTAT":"A","COUNTYCC":"H1","AREALAND":2162102647,"AREAWATER":57548720}},{"type":"Feature","geometry":null,"properties":{"GEOID":"51041","STATE":"51","COUNTY":"041","COUNTYNS":"01480111","BASENAME":"Chesterfield","NAME":"Chesterfield County","LSADC":"06","FUNCSTAT":"A","COUNTYCC":"H1","AREALAND":1096885411,"AREAWATER":34956374}},{"type":"Feature","geometry":null,"properties":{"GEOID":"13053","STATE":"13","COUNTY":"053","COUNTYNS":"00351012","BASENAME":"Chattahoochee","NAME":"Chattahoochee County","LSADC":"06","FUNCSTAT":"C","COUNTYCC":"H6","AREALAND":644225815,"AREAWATER":6277090}},{"type":"Feature","geometry":null,"properties":{"GEOID":"51145","STATE":"51","COUNTY":"145","COUNTYNS":"01674225","BASENAME":"Powhatan","NAME":"Powhatan County","LSADC":"06","FUNCSTAT":"A","COUNTYCC":"H1","AREALAND":673921301,"AREAWATER":5444149}},{"type":"Feature","geometry":null,"properties":{"GEOID":"54011","STATE":"54","COUNTY":"011","COUNTYNS":"01550012","BASENAME":"Cabell","NAME":"Cabell County","LSADC":"06","FUNCSTAT":"A","COUNTYCC":"H1","AREALAND":727850606,"AREAWATER":18109394}},{"type":"Feature","geometry":null,"properties":{"GEOID":"51045","STATE":"51","COUNTY":"045","COUNTYNS":"01673664","BASENAME":"Craig","NAME":"Craig County","LSADC":"06","FUNCSTAT":"A","COUNTYCC":"H1","AREALAND":849770352,"AREAWATER":2793174}},{"type":"Feature","geometry":null,"properties":{"GEOID":"24029","STATE":"24","COUNTY":"029","COUNTYNS":"00593907","BASENAME":"Kent","NAME":"Kent County","LSADC":"06","FUNCSTAT":"A","COUNTYCC":"H1","AREALAND":717264485,"AREAWATER":353554237}},{"type":"Feature","geometry":null,"properties":{"GEOID":"45049","STATE":"45","COUNTY":"049","COUNTYNS":"01248004","BASENAME":"Hampton","NAME":"Hampton County","LSADC":"06","FUNCSTAT":"A","COUNTYCC":"H1","AREALAND":1450327695,"AREAWATER":7072733}},{"type":"Feature","geometry":null,"properties":{"GEOID":"51005","STATE":"51","COUNTY":"005","COUNTYNS":"01673675","BASENAME":"Alleghany","NAME":"Alleghany County","LSADC":"06","FUNCSTAT":"A","COUNTYCC":"H1","AREALAND":1156616569,"AREAWATER":8162739}},{"type":"Feature","geometry":null,"properties":{"GEOID":"37043","STATE":"37","COUNTY":"043","COUNTYNS":"01008546","BASENAME":"Clay","NAME":"Clay County","LSADC":"06","FUNCSTAT":"A","COUNTYCC":"H1","AREALAND":556856995,"AREAWATER":15039030}},{"type":"Feature","geometry":null,"properties":{"GEOID":"54059","STATE":"54","COUNTY":"059","COUNTYNS":"01550036","BASENAME":"Mingo","NAME":"Mingo County","LSADC":"06","FUNCSTAT":"A","COUNTYCC":"H1","AREALAND":1095877996,"AREAWATER":2156358}},{"type":"Feature","geometry":null,"properties":{"GEOID":"51065","STATE":"51","COUNTY":"065","COUNTYNS":"01494061","BASENAME":"Fluvanna","NAME":"Fluvanna County","LSADC":"06","FUNCSTAT":"A","COUNTYCC":"H1","AREALAND":741127029,"AREAWATER":10770093}},{"type":"Feature","geometry":null,"properties":{"GEOID":"54083","STATE":"54","COUNTY":"083","COUNTYNS":"01550048","BASENAME":"Randolph","NAME":"Randolph County","LSADC":"06","FUNCSTAT":"A","COUNTYCC":"H1","AREALAND":2692810831,"AREAWATER":667359}},{"type":"Feature","geometry":null,"properties":{"GEOID":"54049","STATE":"54","COUNTY":"049","COUNTYNS":"01718173","BASENAME":"Marion","NAME":"Marion County","LSADC":"06","FUNCSTAT":"A","COUNTYCC":"H1","AREALAND":799749333,"AREAWATER":7079302}},{"type":"Feature","geometry":null,"properties":{"GEOID":"37107","STATE":"37","COUNTY":"107","COUNTYNS":"01008568","BASENAME":"Lenoir","NAME":"Lenoir County","LSADC":"06","FUNCSTAT":"A","COUNTYCC":"H1","AREALAND":1033630033,"AREAWATER":5900296}},{"type":"Feature","geometry":null,"properties":{"GEOID":"13071","STATE":"13","COUNTY":"071","COUNTYNS":"00343936","BASENAME":"Colquitt","NAME":"Colquitt County","LSADC":"06","FUNCSTAT":"A","COUNTYCC":"H1","AREALAND":1416897842,"AREAWATER":24790676}},{"type":"Feature","geometry":null,"properties":{"GEOID":"51800","STATE":"51","COUNTY":"800","COUNTYNS":"01498560","BASENAME":"Suffolk","NAME":"Suffolk city","LSADC":"25","FUNCSTAT":"F","COUNTYCC":"C7","AREALAND":1033846612,"AREAWATER":77018050}},{"type":"Feature","geometry":null,"properties":{"GEOID":"13195","STATE":"13","COUNTY":"195","COUNTYNS":"01688004","BASENAME":"Madison","NAME":"Madison County","LSADC":"06","FUNCSTAT":"A","COUNTYCC":"H1","AREALAND":731214542,"AREAWATER":8448218}},{"type":"Feature","geometry":null,"properties":{"GEOID":"13067","STATE":"13","COUNTY":"067","COUNTYNS":"01686112","BASENAME":"Cobb","NAME":"Cobb County","LSADC":"06","FUNCSTAT":"A","COUNTYCC":"H1","AREALAND":879818453,"AREAWATER":12011364}},{"type":"Feature","geometry":null,"properties":{"GEOID":"13191","STATE":"13","COUNTY":"191","COUNTYNS":"00356886","BASENAME":"McIntosh","NAME":"McIntosh County","LSADC":"06","FUNCSTAT":"A","COUNTYCC":"H1","AREALAND":1117184385,"AREAWATER":369178543}},{"type":"Feature","geometry":null,"properties":{"GEOID":"13207","STATE":"13","COUNTY":"207","COUNTYNS":"00343073","BASENAME":"Monroe","NAME":"Monroe County","LSADC":"06","FUNCSTAT":"A","COUNTYCC":"H1","AREALAND":1025872446,"AREAWATER":5643846}},{"type":"Feature","geometry":null,"properties":{"GEOID":"13117","STATE":"13","COUNTY":"117","COUNTYNS":"01673358","BASENAME":"Forsyth","NAME":"Forsyth County","LSADC":"06","FUNCSTAT":"A","COUNTYCC":"H1","AREALAND":581754362,"AREAWATER":58405070}},{"type":"Feature","geometry":null,"properties":{"GEOID":"11001","STATE":"11","COUNTY":"001","COUNTYNS":"01702382","BASENAME":"District of Columbia","NAME":"District of Columbia","LSADC":"00","FUNCSTAT":"F","COUNTYCC":"H6","AREALAND":158318974,"AREAWATER":18707004}},{"type":"Feature","geometry":null,"properties":{"GEOID":"37127","STATE":"37","COUNTY":"127","COUNTYNS":"01008574","BASENAME":"Nash","NAME":"Nash County","LSADC":"06","FUNCSTAT":"A","COUNTYCC":"H1","AREALAND":1399745021,"AREAWATER":6172712}},{"type":"Feature","geometry":null,"properties":{"GEOID":"51199","STATE":"51","COUNTY":"199","COUNTYNS":"01480182","BASENAME":"York","NAME":"York County","LSADC":"06","FUNCSTAT":"A","COUNTYCC":"H1","AREALAND":271178808,"AREAWATER":285632249}},{"type":"Feature","geometry":null,"properties":{"GEOID":"37041","STATE":"37","COUNTY":"041","COUNTYNS":"01025822","BASENAME":"Chowan","NAME":"Chowan County","LSADC":"06","FUNCSTAT":"A","COUNTYCC":"H1","AREALAND":447179937,"AREAWATER":157966156}},{"type":"Feature","geometry":null,"properties":{"GEOID":"37021","STATE":"37","COUNTY":"021","COUNTYNS":"01008538","BASENAME":"Buncombe","NAME":"Buncombe County","LSADC":"06","FUNCSTAT":"A","COUNTYCC":"H1","AREALAND":1700312984,"AREAWATER":8930121}},{"type":"Feature","geometry":null,"properties":{"GEOID":"51730","STATE":"51","COUNTY":"730","COUNTYNS":"01498435","BASENAME":"Petersburg","NAME":"Petersburg city","LSADC":"25","FUNCSTAT":"F","COUNTYCC":"C7","AREALAND":58845734,"AREAWATER":577679}},{"type":"Feature","geometry":null,"properties":{"GEOID":"13175","STATE":"13","COUNTY":"175","COUNTYNS":"00346568","BASENAME":"Laurens","NAME":"Laurens County","LSADC":"06","FUNCSTAT":"A","COUNTYCC":"H1","AREALAND":2090990043,"AREAWATER":28838456}},{"type":"Feature","geometry":null,"properties":{"GEOID":"13307","STATE":"13","COUNTY":"307","COUNTYNS":"00352287","BASENAME":"Webster","NAME":"Webster County","LSADC":"06","FUNCSTAT":"C","COUNTYCC":"H6","AREALAND":543010089,"AREAWATER":2338844}},{"type":"Feature","geometry":null,"properties":{"GEOID":"13169","STATE":"13","COUNTY":"169","COUNTYNS":"00345367","BASENAME":"Jones","NAME":"Jones County","LSADC":"06","FUNCSTAT":"A","COUNTYCC":"H1","AREALAND":1020304148,"AREAWATER":3820256}},{"type":"Feature","geometry":null,"properties":{"GEOID":"13135","STATE":"13","COUNTY":"135","COUNTYNS":"01688166","BASENAME":"Gwinnett","NAME":"Gwinnett County","LSADC":"06","FUNCSTAT":"A","COUNTYCC":"H1","AREALAND":1116677223,"AREAWATER":15668815}},{"type":"Feature","geometry":null,"properties":{"GEOID":"51700","STATE":"51","COUNTY":"700","COUNTYNS":"01498555","BASENAME":"Newport News","NAME":"Newport News city","LSADC":"25","FUNCSTAT":"F","COUNTYCC":"C7","AREALAND":178698604,"AREAWATER":131131008}},{"type":"Feature","geometry":null,"properties":{"GEOID":"12109","STATE":"12","COUNTY":"109","COUNTYNS":"00308371","BASENAME":"St. Johns","NAME":"St. Johns County","LSADC":"06","FUNCSTAT":"A","COUNTYCC":"H1","AREALAND":1555701129,"AREAWATER":572055461}},{"type":"Feature","geometry":null,"properties":{"GEOID":"37025","STATE":"37","COUNTY":"025","COUNTYNS":"01008540","BASENAME":"Cabarrus","NAME":"Cabarrus County","LSADC":"06","FUNCSTAT":"A","COUNTYCC":"H1","AREALAND":935634445,"AREAWATER":6974978}},{"type":"Feature","geometry":null,"properties":{"GEOID":"45053","STATE":"45","COUNTY":"053","COUNTYNS":"01248006","BASENAME":"Jasper","NAME":"Jasper County","LSADC":"06","FUNCSTAT":"A","COUNTYCC":"H1","AREALAND":1696871802,"AREAWATER":120082783}},{"type":"Feature","geometry":null,"properties":{"GEOID":"12085","STATE":"12","COUNTY":"085","COUNTYNS":"00308550","BASENAME":"Martin","NAME":"Martin County","LSADC":"06","FUNCSTAT":"A","COUNTYCC":"H1","AREALAND":1408630867,"AREAWATER":541951989}},{"type":"Feature","geometry":null,"properties":{"GEOID":"13179","STATE":"13","COUNTY":"179","COUNTYNS":"00357095","BASENAME":"Liberty","NAME":"Liberty County","LSADC":"06","FUNCSTAT":"A","COUNTYCC":"H1","AREALAND":1337631993,"AREAWATER":222884807}},{"type":"Feature","geometry":null,"properties":{"GEOID":"13247","STATE":"13","COUNTY":"247","COUNTYNS":"00357592","BASENAME":"Rockdale","NAME":"Rockdale County","LSADC":"06","FUNCSTAT":"A","COUNTYCC":"H1","AREALAND":336232424,"AREAWATER":5895768}},{"type":"Feature","geometry":null,"properties":{"GEOID":"12083","STATE":"12","COUNTY":"083","COUNTYNS":"00306922","BASENAME":"Marion","NAME":"Marion County","LSADC":"06","FUNCSTAT":"A","COUNTYCC":"H1","AREALAND":4114048431,"AREAWATER":192244417}},{"type":"Feature","geometry":null,"properties":{"GEOID":"51135","STATE":"51","COUNTY":"135","COUNTYNS":"01493928","BASENAME":"Nottoway","NAME":"Nottoway County","LSADC":"06","FUNCSTAT":"A","COUNTYCC":"H1","AREALAND":807821656,"AREAWATER":4286013}},{"type":"Feature","geometry":null,"properties":{"GEOID":"51690","STATE":"51","COUNTY":"690","COUNTYNS":"01789072","BASENAME":"Martinsville","NAME":"Martinsville city","LSADC":"25","FUNCSTAT":"F","COUNTYCC":"C7","AREALAND":28374651,"AREAWATER":135578}},{"type":"Feature","geometry":null,"properties":{"GEOID":"37101","STATE":"37","COUNTY":"101","COUNTYNS":"01026327","BASENAME":"Johnston","NAME":"Johnston County","LSADC":"06","FUNCSTAT":"A","COUNTYCC":"H1","AREALAND":2051398400,"AREAWATER":9322189}},{"type":"Feature","geometry":null,"properties":{"GEOID":"45019","STATE":"45","COUNTY":"019","COUNTYNS":"01252740","BASENAME":"Charleston","NAME":"Charleston County","LSADC":"06","FUNCSTAT":"A","COUNTYCC":"H1","AREALAND":2378283563,"AREAWATER":1161968684}},{"type":"Feature","geometry":null,"properties":{"GEOID":"13085","STATE":"13","COUNTY":"085","COUNTYNS":"00351312","BASENAME":"Dawson","NAME":"Dawson County","LSADC":"06","FUNCSTAT":"A","COUNTYCC":"H1","AREALAND":546042251,"AREAWATER":9272653}},{"type":"Feature","geometry":null,"properties":{"GEOID":"13167","STATE":"13","COUNTY":"167","COUNTYNS":"00346664","BASENAME":"Johnson","NAME":"Johnson County","LSADC":"06","FUNCSTAT":"A","COUNTYCC":"H1","AREALAND":784815225,"AREAWATER":9256633}},{"type":"Feature","geometry":null,"properties":{"GEOID":"51117","STATE":"51","COUNTY":"117","COUNTYNS":"01500747","BASENAME":"Mecklenburg","NAME":"Mecklenburg County","LSADC":"06","FUNCSTAT":"A","COUNTYCC":"H1","AREALAND":1619544357,"AREAWATER":139655796}},{"type":"Feature","geometry":null,"properties":{"GEOID":"13101","STATE":"13","COUNTY":"101","COUNTYNS":"00348092","BASENAME":"Echols","NAME":"Echols County","LSADC":"06","FUNCSTAT":"C","COUNTYCC":"H6","AREALAND":1088849463,"AREAWATER":809587}},{"type":"Feature","geometry":null,"properties":{"GEOID":"12065","STATE":"12","COUNTY":"065","COUNTYNS":"00295733","BASENAME":"Jefferson","NAME":"Jefferson County","LSADC":"06","FUNCSTAT":"A","COUNTYCC":"H1","AREALAND":1549018600,"AREAWATER":193063919}},{"type":"Feature","geometry":null,"properties":{"GEOID":"12089","STATE":"12","COUNTY":"089","COUNTYNS":"00295730","BASENAME":"Nassau","NAME":"Nassau County","LSADC":"06","FUNCSTAT":"A","COUNTYCC":"H1","AREALAND":1680196672,"AREAWATER":199929043}},{"type":"Feature","geometry":null,"properties":{"GEOID":"12133","STATE":"12","COUNTY":"133","COUNTYNS":"00295762","BASENAME":"Washington","NAME":"Washington County","LSADC":"06","FUNCSTAT":"A","COUNTYCC":"H1","AREALAND":1514306475,"AREAWATER":81007654}},{"type":"Feature","geometry":null,"properties":{"GEOID":"13007","STATE":"13","COUNTY":"007","COUNTYNS":"00342832","BASENAME":"Baker","NAME":"Baker County","LSADC":"06","FUNCSTAT":"A","COUNTYCC":"H1","AREALAND":885669539,"AREAWATER":18594488}},{"type":"Feature","geometry":null,"properties":{"GEOID":"13275","STATE":"13","COUNTY":"275","COUNTYNS":"00343835","BASENAME":"Thomas","NAME":"Thomas County","LSADC":"06","FUNCSTAT":"A","COUNTYCC":"H1","AREALAND":1410603556,"AREAWATER":19634754}},{"type":"Feature","geometry":null,"properties":{"GEOID":"13057","STATE":"13","COUNTY":"057","COUNTYNS":"01685718","BASENAME":"Cherokee","NAME":"Cherokee County","LSADC":"06","FUNCSTAT":"A","COUNTYCC":"H1","AREALAND":1090267455,"AREAWATER":34411288}},{"type":"Feature","geometry":null,"properties":{"GEOID":"13201","STATE":"13","COUNTY":"201","COUNTYNS":"00344088","BASENAME":"Miller","NAME":"Miller County","LSADC":"06","FUNCSTAT":"A","COUNTYCC":"H1","AREALAND":731471760,"AREAWATER":3211332}},{"type":"Feature","geometry":null,"properties":{"GEOID":"45005","STATE":"45","COUNTY":"005","COUNTYNS":"01247980","BASENAME":"Allendale","NAME":"Allendale County","LSADC":"06","FUNCSTAT":"A","COUNTYCC":"H1","AREALAND":1056971531,"AREAWATER":11183482}},{"type":"Feature","geometry":null,"properties":{"GEOID":"51670","STATE":"51","COUNTY":"670","COUNTYNS":"01498428","BASENAME":"Hopewell","NAME":"Hopewell city","LSADC":"25","FUNCSTAT":"F","COUNTYCC":"C7","AREALAND":26817674,"AREAWATER":1228127}},{"type":"Feature","geometry":null,"properties":{"GEOID":"24045","STATE":"24","COUNTY":"045","COUNTYNS":"01668606","BASENAME":"Wicomico","NAME":"Wicomico County","LSADC":"06","FUNCSTAT":"A","COUNTYCC":"H1","AREALAND":969751216,"AREAWATER":66780618}},{"type":"Feature","geometry":null,"properties":{"GEOID":"37097","STATE":"37","COUNTY":"097","COUNTYNS":"01008565","BASENAME":"Iredell","NAME":"Iredell County","LSADC":"06","FUNCSTAT":"A","COUNTYCC":"H1","AREALAND":1487907564,"AREAWATER":59330630}},{"type":"Feature","geometry":null,"properties":{"GEOID":"51083","STATE":"51","COUNTY":"083","COUNTYNS":"01496705","BASENAME":"Halifax","NAME":"Halifax County","LSADC":"06","FUNCSTAT":"A","COUNTYCC":"H1","AREALAND":2117913710,"AREAWATER":30524197}},{"type":"Feature","geometry":null,"properties":{"GEOID":"37091","STATE":"37","COUNTY":"091","COUNTYNS":"01026127","BASENAME":"Hertford","NAME":"Hertford County","LSADC":"06","FUNCSTAT":"A","COUNTYCC":"H1","AREALAND":914689344,"AREAWATER":18737418}},{"type":"Feature","geometry":null,"properties":{"GEOID":"37181","STATE":"37","COUNTY":"181","COUNTYNS":"01008591","BASENAME":"Vance","NAME":"Vance County","LSADC":"06","FUNCSTAT":"A","COUNTYCC":"H1","AREALAND":653738017,"AREAWATER":42154104}},{"type":"Feature","geometry":null,"properties":{"GEOID":"45011","STATE":"45","COUNTY":"011","COUNTYNS":"01247983","BASENAME":"Barnwell","NAME":"Barnwell County","LSADC":"06","FUNCSTAT":"A","COUNTYCC":"H1","AREALAND":1420300162,"AREAWATER":23002898}},{"type":"Feature","geometry":null,"properties":{"GEOID":"45017","STATE":"45","COUNTY":"017","COUNTYNS":"01247986","BASENAME":"Calhoun","NAME":"Calhoun County","LSADC":"06","FUNCSTAT":"A","COUNTYCC":"H1","AREALAND":987164241,"AREAWATER":29365855}},{"type":"Feature","geometry":null,"properties":{"GEOID":"45007","STATE":"45","COUNTY":"007","COUNTYNS":"01247981","BASENAME":"Anderson","NAME":"Anderson County","LSADC":"06","FUNCSTAT":"A","COUNTYCC":"H1","AREALAND":1848878471,"AREAWATER":108542754}},{"type":"Feature","geometry":null,"properties":{"GEOID":"54027","STATE":"54","COUNTY":"027","COUNTYNS":"01718644","BASENAME":"Hampshire","NAME":"Hampshire County","LSADC":"06","FUNCSTAT":"A","COUNTYCC":"H1","AREALAND":1658634385,"AREAWATER":10902103}},{"type":"Feature","geometry":null,"properties":{"GEOID":"37125","STATE":"37","COUNTY":"125","COUNTYNS":"01008573","BASENAME":"Moore","NAME":"Moore County","LSADC":"06","FUNCSTAT":"A","COUNTYCC":"H1","AREALAND":1806846432,"AREAWATER":20853338}},{"type":"Feature","geometry":null,"properties":{"GEOID":"12117","STATE":"12","COUNTY":"117","COUNTYNS":"00303665","BASENAME":"Seminole","NAME":"Seminole County","LSADC":"06","FUNCSTAT":"A","COUNTYCC":"H1","AREALAND":801317561,"AREAWATER":93106501}},{"type":"Feature","geometry":null,"properties":{"GEOID":"13123","STATE":"13","COUNTY":"123","COUNTYNS":"00351260","BASENAME":"Gilmer","NAME":"Gilmer County","LSADC":"06","FUNCSTAT":"A","COUNTYCC":"H1","AREALAND":1103804467,"AREAWATER":12337138}},{"type":"Feature","geometry":null,"properties":{"GEOID":"54099","STATE":"54","COUNTY":"099","COUNTYNS":"01550056","BASENAME":"Wayne","NAME":"Wayne County","LSADC":"06","FUNCSTAT":"A","COUNTYCC":"H1","AREALAND":1310547872,"AREAWATER":15816941}},{"type":"Feature","geometry":null,"properties":{"GEOID":"12049","STATE":"12","COUNTY":"049","COUNTYNS":"00295746","BASENAME":"Hardee","NAME":"Hardee County","LSADC":"06","FUNCSTAT":"A","COUNTYCC":"H1","AREALAND":1651297000,"AREAWATER":1472455}},{"type":"Feature","geometry":null,"properties":{"GEOID":"51775","STATE":"51","COUNTY":"775","COUNTYNS":"01789074","BASENAME":"Salem","NAME":"Salem city","LSADC":"25","FUNCSTAT":"F","COUNTYCC":"C7","AREALAND":37597961,"AREAWATER":275157}},{"type":"Feature","geometry":null,"properties":{"GEOID":"51121","STATE":"51","COUNTY":"121","COUNTYNS":"01674630","BASENAME":"Montgomery","NAME":"Montgomery County","LSADC":"06","FUNCSTAT":"A","COUNTYCC":"H1","AREALAND":1001932814,"AREAWATER":6278535}},{"type":"Feature","geometry":null,"properties":{"GEOID":"13281","STATE":"13","COUNTY":"281","COUNTYNS":"00351252","BASENAME":"Towns","NAME":"Towns County","LSADC":"06","FUNCSTAT":"A","COUNTYCC":"H1","AREALAND":431481647,"AREAWATER":13450641}},{"type":"Feature","geometry":null,"properties":{"GEOID":"37131","STATE":"37","COUNTY":"131","COUNTYNS":"01008575","BASENAME":"Northampton","NAME":"Northampton County","LSADC":"06","FUNCSTAT":"A","COUNTYCC":"H1","AREALAND":1390086992,"AREAWATER":35836941}},{"type":"Feature","geometry":null,"properties":{"GEOID":"37013","STATE":"37","COUNTY":"013","COUNTYNS":"01026333","BASENAME":"Beaufort","NAME":"Beaufort County","LSADC":"06","FUNCSTAT":"A","COUNTYCC":"H1","AREALAND":2156705879,"AREAWATER":337058742}},{"type":"Feature","geometry":null,"properties":{"GEOID":"51735","STATE":"51","COUNTY":"735","COUNTYNS":"01498436","BASENAME":"Poquoson","NAME":"Poquoson city","LSADC":"25","FUNCSTAT":"F","COUNTYCC":"C7","AREALAND":39773691,"AREAWATER":163429842}},{"type":"Feature","geometry":null,"properties":{"GEOID":"54075","STATE":"54","COUNTY":"075","COUNTYNS":"01550044","BASENAME":"Pocahontas","NAME":"Pocahontas County","LSADC":"06","FUNCSTAT":"A","COUNTYCC":"H1","AREALAND":2435206749,"AREAWATER":4094090}},{"type":"Feature","geometry":null,"properties":{"GEOID":"51095","STATE":"51","COUNTY":"095","COUNTYNS":"01480135","BASENAME":"James City","NAME":"James City County","LSADC":"06","FUNCSTAT":"A","COUNTYCC":"H1","AREALAND":368550689,"AREAWATER":95239461}},{"type":"Feature","geometry":null,"properties":{"GEOID":"37003","STATE":"37","COUNTY":"003","COUNTYNS":"01008532","BASENAME":"Alexander","NAME":"Alexander County","LSADC":"06","FUNCSTAT":"A","COUNTYCC":"H1","AREALAND":673368511,"AREAWATER":9435655}},{"type":"Feature","geometry":null,"properties":{"GEOID":"37159","STATE":"37","COUNTY":"159","COUNTYNS":"01008583","BASENAME":"Rowan","NAME":"Rowan County","LSADC":"06","FUNCSTAT":"A","COUNTYCC":"H1","AREALAND":1325074214,"AREAWATER":31956467}},{"type":"Feature","geometry":null,"properties":{"GEOID":"51101","STATE":"51","COUNTY":"101","COUNTYNS":"01480138","BASENAME":"King William","NAME":"King William County","LSADC":"06","FUNCSTAT":"A","COUNTYCC":"H1","AREALAND":709424830,"AREAWATER":31090172}},{"type":"Feature","geometry":null,"properties":{"GEOID":"51099","STATE":"51","COUNTY":"099","COUNTYNS":"01480137","BASENAME":"King George","NAME":"King George County","LSADC":"06","FUNCSTAT":"A","COUNTYCC":"H1","AREALAND":465269714,"AREAWATER":21051474}},{"type":"Feature","geometry":null,"properties":{"GEOID":"13293","STATE":"13","COUNTY":"293","COUNTYNS":"00346759","BASENAME":"Upson","NAME":"Upson County","LSADC":"06","FUNCSTAT":"A","COUNTYCC":"H1","AREALAND":837774867,"AREAWATER":10585406}},{"type":"Feature","geometry":null,"properties":{"GEOID":"13013","STATE":"13","COUNTY":"013","COUNTYNS":"00356976","BASENAME":"Barrow","NAME":"Barrow County","LSADC":"06","FUNCSTAT":"A","COUNTYCC":"H1","AREALAND":417261512,"AREAWATER":4725592}},{"type":"Feature","geometry":null,"properties":{"GEOID":"13183","STATE":"13","COUNTY":"183","COUNTYNS":"00326719","BASENAME":"Long","NAME":"Long County","LSADC":"06","FUNCSTAT":"A","COUNTYCC":"H1","AREALAND":1037028637,"AREAWATER":8862019}},{"type":"Feature","geometry":null,"properties":{"GEOID":"13255","STATE":"13","COUNTY":"255","COUNTYNS":"00353055","BASENAME":"Spalding","NAME":"Spalding County","LSADC":"06","FUNCSTAT":"A","COUNTYCC":"H1","AREALAND":507577983,"AREAWATER":9359195}},{"type":"Feature","geometry":null,"properties":{"GEOID":"13035","STATE":"13","COUNTY":"035","COUNTYNS":"00352295","BASENAME":"Butts","NAME":"Butts County","LSADC":"06","FUNCSTAT":"A","COUNTYCC":"H1","AREALAND":475741700,"AREAWATER":11282736}},{"type":"Feature","geometry":null,"properties":{"GEOID":"12001","STATE":"12","COUNTY":"001","COUNTYNS":"00308548","BASENAME":"Alachua","NAME":"Alachua County","LSADC":"06","FUNCSTAT":"A","COUNTYCC":"H1","AREALAND":2267977893,"AREAWATER":241207824}},{"type":"Feature","geometry":null,"properties":{"GEOID":"13241","STATE":"13","COUNTY":"241","COUNTYNS":"00351489","BASENAME":"Rabun","NAME":"Rabun County","LSADC":"06","FUNCSTAT":"A","COUNTYCC":"H1","AREALAND":958651633,"AREAWATER":17846198}},{"type":"Feature","geometry":null,"properties":{"GEOID":"54097","STATE":"54","COUNTY":"097","COUNTYNS":"01696800","BASENAME":"Upshur","NAME":"Upshur County","LSADC":"06","FUNCSTAT":"A","COUNTYCC":"H1","AREALAND":918506896,"AREAWATER":302703}},{"type":"Feature","geometry":null,"properties":{"GEOID":"13193","STATE":"13","COUNTY":"193","COUNTYNS":"00346957","BASENAME":"Macon","NAME":"Macon County","LSADC":"06","FUNCSTAT":"A","COUNTYCC":"H1","AREALAND":1037709924,"AREAWATER":13841916}},{"type":"Feature","geometry":null,"properties":{"GEOID":"24047","STATE":"24","COUNTY":"047","COUNTYNS":"01668802","BASENAME":"Worcester","NAME":"Worcester County","LSADC":"06","FUNCSTAT":"A","COUNTYCC":"H1","AREALAND":1212887607,"AREAWATER":586799920}},{"type":"Feature","geometry":null,"properties":{"GEOID":"12053","STATE":"12","COUNTY":"053","COUNTYNS":"00295751","BASENAME":"Hernando","NAME":"Hernando County","LSADC":"06","FUNCSTAT":"A","COUNTYCC":"H1","AREALAND":1225059912,"AREAWATER":627836036}},{"type":"Feature","geometry":null,"properties":{"GEOID":"12129","STATE":"12","COUNTY":"129","COUNTYNS":"00306912","BASENAME":"Wakulla","NAME":"Wakulla County","LSADC":"06","FUNCSTAT":"A","COUNTYCC":"H1","AREALAND":1570620428,"AREAWATER":804106505}},{"type":"Feature","geometry":null,"properties":{"GEOID":"12131","STATE":"12","COUNTY":"131","COUNTYNS":"00295727","BASENAME":"Walton","NAME":"Walton County","LSADC":"06","FUNCSTAT":"A","COUNTYCC":"H1","AREALAND":2689380799,"AREAWATER":961074369}},{"type":"Feature","geometry":null,"properties":{"GEOID":"12107","STATE":"12","COUNTY":"107","COUNTYNS":"00306910","BASENAME":"Putnam","NAME":"Putnam County","LSADC":"06","FUNCSTAT":"A","COUNTYCC":"H1","AREALAND":1886565313,"AREAWATER":255149987}},{"type":"Feature","geometry":null,"properties":{"GEOID":"51163","STATE":"51","COUNTY":"163","COUNTYNS":"01480166","BASENAME":"Rockbridge","NAME":"Rockbridge County","LSADC":"06","FUNCSTAT":"A","COUNTYCC":"H1","AREALAND":1545053246,"AREAWATER":8821790}},{"type":"Feature","geometry":null,"properties":{"GEOID":"37045","STATE":"37","COUNTY":"045","COUNTYNS":"01008547","BASENAME":"Cleveland","NAME":"Cleveland County","LSADC":"06","FUNCSTAT":"A","COUNTYCC":"H1","AREALAND":1202438191,"AREAWATER":10140131}},{"type":"Feature","geometry":null,"properties":{"GEOID":"24021","STATE":"24","COUNTY":"021","COUNTYNS":"01711211","BASENAME":"Frederick","NAME":"Frederick County","LSADC":"06","FUNCSTAT":"A","COUNTYCC":"H1","AREALAND":1711096000,"AREAWATER":17539712}},{"type":"Feature","geometry":null,"properties":{"GEOID":"13081","STATE":"13","COUNTY":"081","COUNTYNS":"00351607","BASENAME":"Crisp","NAME":"Crisp County","LSADC":"06","FUNCSTAT":"A","COUNTYCC":"H1","AREALAND":706242195,"AREAWATER":21403837}},{"type":"Feature","geometry":null,"properties":{"GEOID":"37151","STATE":"37","COUNTY":"151","COUNTYNS":"01008580","BASENAME":"Randolph","NAME":"Randolph County","LSADC":"06","FUNCSTAT":"A","COUNTYCC":"H1","AREALAND":2026335277,"AREAWATER":19610655}},{"type":"Feature","geometry":null,"properties":{"GEOID":"24015","STATE":"24","COUNTY":"015","COUNTYNS":"00596115","BASENAME":"Cecil","NAME":"Cecil County","LSADC":"06","FUNCSTAT":"A","COUNTYCC":"H1","AREALAND":896912522,"AREAWATER":185281257}},{"type":"Feature","geometry":null,"properties":{"GEOID":"13177","STATE":"13","COUNTY":"177","COUNTYNS":"00343390","BASENAME":"Lee","NAME":"Lee County","LSADC":"06","FUNCSTAT":"A","COUNTYCC":"H1","AREALAND":921808920,"AREAWATER":15232856}},{"type":"Feature","geometry":null,"properties":{"GEOID":"45025","STATE":"45","COUNTY":"025","COUNTYNS":"01247989","BASENAME":"Chesterfield","NAME":"Chesterfield County","LSADC":"06","FUNCSTAT":"A","COUNTYCC":"H1","AREALAND":2069364004,"AREAWATER":17265240}},{"type":"Feature","geometry":null,"properties":{"GEOID":"51085","STATE":"51","COUNTY":"085","COUNTYNS":"01480132","BASENAME":"Hanover","NAME":"Hanover County","LSADC":"06","FUNCSTAT":"A","COUNTYCC":"H1","AREALAND":1211105198,"AREAWATER":12701747}},{"type":"Feature","geometry":null,"properties":{"GEOID":"45067","STATE":"45","COUNTY":"067","COUNTYNS":"01248010","BASENAME":"Marion","NAME":"Marion County","LSADC":"06","FUNCSTAT":"A","COUNTYCC":"H1","AREALAND":1267466478,"AREAWATER":12418895}},{"type":"Feature","geometry":null,"properties":{"GEOID":"13093","STATE":"13","COUNTY":"093","COUNTYNS":"00351608","BASENAME":"Dooly","NAME":"Dooly County","LSADC":"06","FUNCSTAT":"A","COUNTYCC":"H1","AREALAND":1016910349,"AREAWATER":12140184}},{"type":"Feature","geometry":null,"properties":{"GEOID":"13321","STATE":"13","COUNTY":"321","COUNTYNS":"00343365","BASENAME":"Worth","NAME":"Worth County","LSADC":"06","FUNCSTAT":"A","COUNTYCC":"H1","AREALAND":1478106955,"AREAWATER":10502443}},{"type":"Feature","geometry":null,"properties":{"GEOID":"13229","STATE":"13","COUNTY":"229","COUNTYNS":"00349086","BASENAME":"Pierce","NAME":"Pierce County","LSADC":"06","FUNCSTAT":"A","COUNTYCC":"H1","AREALAND":881797517,"AREAWATER":7163620}},{"type":"Feature","geometry":null,"properties":{"GEOID":"12035","STATE":"12","COUNTY":"035","COUNTYNS":"00308547","BASENAME":"Flagler","NAME":"Flagler County","LSADC":"06","FUNCSTAT":"A","COUNTYCC":"H1","AREALAND":1259156621,"AREAWATER":219207691}},{"type":"Feature","geometry":null,"properties":{"GEOID":"37195","STATE":"37","COUNTY":"195","COUNTYNS":"01008596","BASENAME":"Wilson","NAME":"Wilson County","LSADC":"06","FUNCSTAT":"A","COUNTYCC":"H1","AREALAND":952012855,"AREAWATER":14332562}},{"type":"Feature","geometry":null,"properties":{"GEOID":"51119","STATE":"51","COUNTY":"119","COUNTYNS":"01480147","BASENAME":"Middlesex","NAME":"Middlesex County","LSADC":"06","FUNCSTAT":"A","COUNTYCC":"H1","AREALAND":337548260,"AREAWATER":208316462}},{"type":"Feature","geometry":null,"properties":{"GEOID":"54091","STATE":"54","COUNTY":"091","COUNTYNS":"01689856","BASENAME":"Taylor","NAME":"Taylor County","LSADC":"06","FUNCSTAT":"A","COUNTYCC":"H1","AREALAND":447475052,"AREAWATER":7532834}},{"type":"Feature","geometry":null,"properties":{"GEOID":"37155","STATE":"37","COUNTY":"155","COUNTYNS":"01026130","BASENAME":"Robeson","NAME":"Robeson County","LSADC":"06","FUNCSTAT":"A","COUNTYCC":"H1","AREALAND":2453568513,"AREAWATER":4988531}},{"type":"Feature","geometry":null,"properties":{"GEOID":"37109","STATE":"37","COUNTY":"109","COUNTYNS":"01008569","BASENAME":"Lincoln","NAME":"Lincoln County","LSADC":"06","FUNCSTAT":"A","COUNTYCC":"H1","AREALAND":766279438,"AREAWATER":23310640}},{"type":"Feature","geometry":null,"properties":{"GEOID":"12095","STATE":"12","COUNTY":"095","COUNTYNS":"00295750","BASENAME":"Orange","NAME":"Orange County","LSADC":"06","FUNCSTAT":"A","COUNTYCC":"H1","AREALAND":2338872527,"AREAWATER":260013244}},{"type":"Feature","geometry":null,"properties":{"GEOID":"13045","STATE":"13","COUNTY":"045","COUNTYNS":"00326650","BASENAME":"Carroll","NAME":"Carroll County","LSADC":"06","FUNCSTAT":"A","COUNTYCC":"H1","AREALAND":1292704613,"AREAWATER":11882833}},{"type":"Feature","geometry":null,"properties":{"GEOID":"51167","STATE":"51","COUNTY":"167","COUNTYNS":"01497573","BASENAME":"Russell","NAME":"Russell County","LSADC":"06","FUNCSTAT":"A","COUNTYCC":"H1","AREALAND":1226421358,"AREAWATER":7558480}},{"type":"Feature","geometry":null,"properties":{"GEOID":"37027","STATE":"37","COUNTY":"027","COUNTYNS":"01008541","BASENAME":"Caldwell","NAME":"Caldwell County","LSADC":"06","FUNCSTAT":"A","COUNTYCC":"H1","AREALAND":1222176576,"AREAWATER":7060446}},{"type":"Feature","geometry":null,"properties":{"GEOID":"54017","STATE":"54","COUNTY":"017","COUNTYNS":"01689476","BASENAME":"Doddridge","NAME":"Doddridge County","LSADC":"06","FUNCSTAT":"A","COUNTYCC":"H1","AREALAND":828078406,"AREAWATER":1950540}},{"type":"Feature","geometry":null,"properties":{"GEOID":"54105","STATE":"54","COUNTY":"105","COUNTYNS":"01678877","BASENAME":"Wirt","NAME":"Wirt County","LSADC":"06","FUNCSTAT":"A","COUNTYCC":"H1","AREALAND":602201081,"AREAWATER":5839708}},{"type":"Feature","geometry":null,"properties":{"GEOID":"54095","STATE":"54","COUNTY":"095","COUNTYNS":"01678706","BASENAME":"Tyler","NAME":"Tyler County","LSADC":"06","FUNCSTAT":"A","COUNTYCC":"H1","AREALAND":663818556,"AREAWATER":11382162}},{"type":"Feature","geometry":null,"properties":{"GEOID":"37147","STATE":"37","COUNTY":"147","COUNTYNS":"01008578","BASENAME":"Pitt","NAME":"Pitt County","LSADC":"06","FUNCSTAT":"A","COUNTYCC":"H1","AREALAND":1689620184,"AREAWATER":8247778}},{"type":"Feature","geometry":null,"properties":{"GEOID":"13001","STATE":"13","COUNTY":"001","COUNTYNS":"00349113","BASENAME":"Appling","NAME":"Appling County","LSADC":"06","FUNCSTAT":"A","COUNTYCC":"H1","AREALAND":1316393789,"AREAWATER":10357487}},{"type":"Feature","geometry":null,"properties":{"GEOID":"37163","STATE":"37","COUNTY":"163","COUNTYNS":"01026131","BASENAME":"Sampson","NAME":"Sampson County","LSADC":"06","FUNCSTAT":"A","COUNTYCC":"H1","AREALAND":2449955930,"AREAWATER":4914431}},{"type":"Feature","geometry":null,"properties":{"GEOID":"12103","STATE":"12","COUNTY":"103","COUNTYNS":"00295745","BASENAME":"Pinellas","NAME":"Pinellas County","LSADC":"06","FUNCSTAT":"A","COUNTYCC":"H1","AREALAND":709225904,"AREAWATER":1518811236}},{"type":"Feature","geometry":null,"properties":{"GEOID":"51630","STATE":"51","COUNTY":"630","COUNTYNS":"01498425","BASENAME":"Fredericksburg","NAME":"Fredericksburg city","LSADC":"25","FUNCSTAT":"F","COUNTYCC":"C7","AREALAND":27066492,"AREAWATER":178344}},{"type":"Feature","geometry":null,"properties":{"GEOID":"51840","STATE":"51","COUNTY":"840","COUNTYNS":"01789077","BASENAME":"Winchester","NAME":"Winchester city","LSADC":"25","FUNCSTAT":"F","COUNTYCC":"C7","AREALAND":23809506,"AREAWATER":54462}},{"type":"Feature","geometry":null,"properties":{"GEOID":"37061","STATE":"37","COUNTY":"061","COUNTYNS":"01026132","BASENAME":"Duplin","NAME":"Duplin County","LSADC":"06","FUNCSTAT":"A","COUNTYCC":"H1","AREALAND":2110115793,"AREAWATER":14237878}},{"type":"Feature","geometry":null,"properties":{"GEOID":"37087","STATE":"37","COUNTY":"087","COUNTYNS":"01008561","BASENAME":"Haywood","NAME":"Haywood County","LSADC":"06","FUNCSTAT":"A","COUNTYCC":"H1","AREALAND":1433713876,"AREAWATER":2438478}},{"type":"Feature","geometry":null,"properties":{"GEOID":"45069","STATE":"45","COUNTY":"069","COUNTYNS":"01248011","BASENAME":"Marlboro","NAME":"Marlboro County","LSADC":"06","FUNCSTAT":"A","COUNTYCC":"H1","AREALAND":1242867256,"AREAWATER":14489018}},{"type":"Feature","geometry":null,"properties":{"GEOID":"37031","STATE":"37","COUNTY":"031","COUNTYNS":"01026337","BASENAME":"Carteret","NAME":"Carteret County","LSADC":"06","FUNCSTAT":"A","COUNTYCC":"H1","AREALAND":1314733529,"AREAWATER":2131017125}},{"type":"Feature","geometry":null,"properties":{"GEOID":"37189","STATE":"37","COUNTY":"189","COUNTYNS":"01008594","BASENAME":"Watauga","NAME":"Watauga County","LSADC":"06","FUNCSTAT":"A","COUNTYCC":"H1","AREALAND":809214844,"AREAWATER":2271721}},{"type":"Feature","geometry":null,"properties":{"GEOID":"51770","STATE":"51","COUNTY":"770","COUNTYNS":"01498439","BASENAME":"Roanoke","NAME":"Roanoke city","LSADC":"25","FUNCSTAT":"F","COUNTYCC":"C7","AREALAND":110129877,"AREAWATER":855754}},{"type":"Feature","geometry":null,"properties":{"GEOID":"13021","STATE":"13","COUNTY":"021","COUNTYNS":"01672039","BASENAME":"Bibb","NAME":"Bibb County","LSADC":"06","FUNCSTAT":"C","COUNTYCC":"H6","AREALAND":645898848,"AREAWATER":14304452}},{"type":"Feature","geometry":null,"properties":{"GEOID":"51175","STATE":"51","COUNTY":"175","COUNTYNS":"01480171","BASENAME":"Southampton","NAME":"Southampton County","LSADC":"06","FUNCSTAT":"A","COUNTYCC":"H1","AREALAND":1552048322,"AREAWATER":8090239}},{"type":"Feature","geometry":null,"properties":{"GEOID":"24041","STATE":"24","COUNTY":"041","COUNTYNS":"00592947","BASENAME":"Talbot","NAME":"Talbot County","LSADC":"06","FUNCSTAT":"A","COUNTYCC":"H1","AREALAND":695556060,"AREAWATER":539369003}},{"type":"Feature","geometry":null,"properties":{"GEOID":"13257","STATE":"13","COUNTY":"257","COUNTYNS":"00350028","BASENAME":"Stephens","NAME":"Stephens County","LSADC":"06","FUNCSTAT":"A","COUNTYCC":"H1","AREALAND":463250382,"AREAWATER":13039197}},{"type":"Feature","geometry":null,"properties":{"GEOID":"51057","STATE":"51","COUNTY":"057","COUNTYNS":"01480118","BASENAME":"Essex","NAME":"Essex County","LSADC":"06","FUNCSTAT":"A","COUNTYCC":"H1","AREALAND":666532187,"AREAWATER":74795384}},{"type":"Feature","geometry":null,"properties":{"GEOID":"45089","STATE":"45","COUNTY":"089","COUNTYNS":"01248018","BASENAME":"Williamsburg","NAME":"Williamsburg County","LSADC":"06","FUNCSTAT":"A","COUNTYCC":"H1","AREALAND":2419477842,"AREAWATER":7461200}},{"type":"Feature","geometry":null,"properties":{"GEOID":"51027","STATE":"51","COUNTY":"027","COUNTYNS":"01497431","BASENAME":"Buchanan","NAME":"Buchanan County","LSADC":"06","FUNCSTAT":"A","COUNTYCC":"H1","AREALAND":1302403773,"AREAWATER":2787537}},{"type":"Feature","geometry":null,"properties":{"GEOID":"12023","STATE":"12","COUNTY":"023","COUNTYNS":"00306909","BASENAME":"Columbia","NAME":"Columbia County","LSADC":"06","FUNCSTAT":"A","COUNTYCC":"H1","AREALAND":2065197079,"AREAWATER":10207203}},{"type":"Feature","geometry":null,"properties":{"GEOID":"12059","STATE":"12","COUNTY":"059","COUNTYNS":"00295735","BASENAME":"Holmes","NAME":"Holmes County","LSADC":"06","FUNCSTAT":"A","COUNTYCC":"H1","AREALAND":1240237023,"AREAWATER":26389419}},{"type":"Feature","geometry":null,"properties":{"GEOID":"45009","STATE":"45","COUNTY":"009","COUNTYNS":"01247982","BASENAME":"Bamberg","NAME":"Bamberg County","LSADC":"06","FUNCSTAT":"A","COUNTYCC":"H1","AREALAND":1018815082,"AREAWATER":5686290}},{"type":"Feature","geometry":null,"properties":{"GEOID":"13019","STATE":"13","COUNTY":"019","COUNTYNS":"00326638","BASENAME":"Berrien","NAME":"Berrien County","LSADC":"06","FUNCSTAT":"A","COUNTYCC":"H1","AREALAND":1174239562,"AREAWATER":11671125}},{"type":"Feature","geometry":null,"properties":{"GEOID":"51019","STATE":"51","COUNTY":"019","COUNTYNS":"01674818","BASENAME":"Bedford","NAME":"Bedford County","LSADC":"06","FUNCSTAT":"A","COUNTYCC":"H1","AREALAND":1968687989,"AREAWATER":42062330}},{"type":"Feature","geometry":null,"properties":{"GEOID":"37067","STATE":"37","COUNTY":"067","COUNTYNS":"01008552","BASENAME":"Forsyth","NAME":"Forsyth County","LSADC":"06","FUNCSTAT":"A","COUNTYCC":"H1","AREALAND":1056841316,"AREAWATER":11637418}},{"type":"Feature","geometry":null,"properties":{"GEOID":"13099","STATE":"13","COUNTY":"099","COUNTYNS":"00345041","BASENAME":"Early","NAME":"Early County","LSADC":"06","FUNCSTAT":"A","COUNTYCC":"H1","AREALAND":1327626624,"AREAWATER":9702712}},{"type":"Feature","geometry":null,"properties":{"GEOID":"45057","STATE":"45","COUNTY":"057","COUNTYNS":"01248008","BASENAME":"Lancaster","NAME":"Lancaster County","LSADC":"06","FUNCSTAT":"A","COUNTYCC":"H1","AREALAND":1422349842,"AREAWATER":15704469}},{"type":"Feature","geometry":null,"properties":{"GEOID":"37135","STATE":"37","COUNTY":"135","COUNTYNS":"01008576","BASENAME":"Orange","NAME":"Orange County","LSADC":"06","FUNCSTAT":"A","COUNTYCC":"H1","AREALAND":1029758983,"AREAWATER":8741985}},{"type":"Feature","geometry":null,"properties":{"GEOID":"51097","STATE":"51","COUNTY":"097","COUNTYNS":"01480136","BASENAME":"King and Queen","NAME":"King and Queen County","LSADC":"06","FUNCSTAT":"A","COUNTYCC":"H1","AREALAND":816196628,"AREAWATER":28929271}},{"type":"Feature","geometry":null,"properties":{"GEOID":"12123","STATE":"12","COUNTY":"123","COUNTYNS":"00295728","BASENAME":"Taylor","NAME":"Taylor County","LSADC":"06","FUNCSTAT":"A","COUNTYCC":"H1","AREALAND":2702230190,"AREAWATER":1213570942}},{"type":"Feature","geometry":null,"properties":{"GEOID":"13051","STATE":"13","COUNTY":"051","COUNTYNS":"01694477","BASENAME":"Chatham","NAME":"Chatham County","LSADC":"06","FUNCSTAT":"A","COUNTYCC":"H1","AREALAND":1120936692,"AREAWATER":510688902}},{"type":"Feature","geometry":null,"properties":{"GEOID":"12125","STATE":"12","COUNTY":"125","COUNTYNS":"00306913","BASENAME":"Union","NAME":"Union County","LSADC":"06","FUNCSTAT":"A","COUNTYCC":"H1","AREALAND":631672854,"AREAWATER":15181110}},{"type":"Feature","geometry":null,"properties":{"GEOID":"13109","STATE":"13","COUNTY":"109","COUNTYNS":"00345923","BASENAME":"Evans","NAME":"Evans County","LSADC":"06","FUNCSTAT":"A","COUNTYCC":"H1","AREALAND":473690225,"AREAWATER":10299803}},{"type":"Feature","geometry":null,"properties":{"GEOID":"51820","STATE":"51","COUNTY":"820","COUNTYNS":"01498443","BASENAME":"Waynesboro","NAME":"Waynesboro city","LSADC":"25","FUNCSTAT":"F","COUNTYCC":"C7","AREALAND":38771589,"AREAWATER":364644}},{"type":"Feature","geometry":null,"properties":{"GEOID":"13107","STATE":"13","COUNTY":"107","COUNTYNS":"00347508","BASENAME":"Emanuel","NAME":"Emanuel County","LSADC":"06","FUNCSTAT":"A","COUNTYCC":"H1","AREALAND":1762679428,"AREAWATER":24889122}},{"type":"Feature","geometry":null,"properties":{"GEOID":"45083","STATE":"45","COUNTY":"083","COUNTYNS":"01248592","BASENAME":"Spartanburg","NAME":"Spartanburg County","LSADC":"06","FUNCSTAT":"A","COUNTYCC":"H1","AREALAND":2093768350,"AREAWATER":29435440}},{"type":"Feature","geometry":null,"properties":{"GEOID":"24031","STATE":"24","COUNTY":"031","COUNTYNS":"01712500","BASENAME":"Montgomery","NAME":"Montgomery County","LSADC":"06","FUNCSTAT":"A","COUNTYCC":"H1","AREALAND":1277205692,"AREAWATER":35632833}},{"type":"Feature","geometry":null,"properties":{"GEOID":"51185","STATE":"51","COUNTY":"185","COUNTYNS":"01497748","BASENAME":"Tazewell","NAME":"Tazewell County","LSADC":"06","FUNCSTAT":"A","COUNTYCC":"H1","AREALAND":1343663005,"AREAWATER":2920222}},{"type":"Feature","geometry":null,"properties":{"GEOID":"37149","STATE":"37","COUNTY":"149","COUNTYNS":"01008579","BASENAME":"Polk","NAME":"Polk County","LSADC":"06","FUNCSTAT":"A","COUNTYCC":"H1","AREALAND":615606313,"AREAWATER":1964035}},{"type":"Feature","geometry":null,"properties":{"GEOID":"37165","STATE":"37","COUNTY":"165","COUNTYNS":"01008585","BASENAME":"Scotland","NAME":"Scotland County","LSADC":"06","FUNCSTAT":"A","COUNTYCC":"H1","AREALAND":826574614,"AREAWATER":3837412}},{"type":"Feature","geometry":null,"properties":{"GEOID":"37085","STATE":"37","COUNTY":"085","COUNTYNS":"01008560","BASENAME":"Harnett","NAME":"Harnett County","LSADC":"06","FUNCSTAT":"A","COUNTYCC":"H1","AREALAND":1541364092,"AREAWATER":16297287}},{"type":"Feature","geometry":null,"properties":{"GEOID":"37105","STATE":"37","COUNTY":"105","COUNTYNS":"01008567","BASENAME":"Lee","NAME":"Lee County","LSADC":"06","FUNCSTAT":"A","COUNTYCC":"H1","AREALAND":660642551,"AREAWATER":10690235}},{"type":"Feature","geometry":null,"properties":{"GEOID":"13091","STATE":"13","COUNTY":"091","COUNTYNS":"00348116","BASENAME":"Dodge","NAME":"Dodge County","LSADC":"06","FUNCSTAT":"A","COUNTYCC":"H1","AREALAND":1284554872,"AREAWATER":18512260}},{"type":"Feature","geometry":null,"properties":{"GEOID":"51063","STATE":"51","COUNTY":"063","COUNTYNS":"01494354","BASENAME":"Floyd","NAME":"Floyd County","LSADC":"06","FUNCSTAT":"A","COUNTYCC":"H1","AREALAND":986585624,"AREAWATER":2190748}},{"type":"Feature","geometry":null,"properties":{"GEOID":"54005","STATE":"54","COUNTY":"005","COUNTYNS":"01550009","BASENAME":"Boone","NAME":"Boone County","LSADC":"06","FUNCSTAT":"A","COUNTYCC":"H1","AREALAND":1301131776,"AREAWATER":4307460}},{"type":"Feature","geometry":null,"properties":{"GEOID":"12057","STATE":"12","COUNTY":"057","COUNTYNS":"00295757","BASENAME":"Hillsborough","NAME":"Hillsborough County","LSADC":"06","FUNCSTAT":"A","COUNTYCC":"H1","AREALAND":2647365504,"AREAWATER":795220965}},{"type":"Feature","geometry":null,"properties":{"GEOID":"12015","STATE":"12","COUNTY":"015","COUNTYNS":"00295742","BASENAME":"Charlotte","NAME":"Charlotte County","LSADC":"06","FUNCSTAT":"A","COUNTYCC":"H1","AREALAND":1764171383,"AREAWATER":689158023}},{"type":"Feature","geometry":null,"properties":{"GEOID":"13217","STATE":"13","COUNTY":"217","COUNTYNS":"01673547","BASENAME":"Newton","NAME":"Newton County","LSADC":"06","FUNCSTAT":"A","COUNTYCC":"H1","AREALAND":709175827,"AREAWATER":13946234}},{"type":"Feature","geometry":null,"properties":{"GEOID":"51680","STATE":"51","COUNTY":"680","COUNTYNS":"01498429","BASENAME":"Lynchburg","NAME":"Lynchburg city","LSADC":"25","FUNCSTAT":"F","COUNTYCC":"C7","AREALAND":126695087,"AREAWATER":1427120}},{"type":"Feature","geometry":null,"properties":{"GEOID":"13039","STATE":"13","COUNTY":"039","COUNTYNS":"01671316","BASENAME":"Camden","NAME":"Camden County","LSADC":"06","FUNCSTAT":"A","COUNTYCC":"H1","AREALAND":1632398666,"AREAWATER":392732537}},{"type":"Feature","geometry":null,"properties":{"GEOID":"13225","STATE":"13","COUNTY":"225","COUNTYNS":"00343153","BASENAME":"Peach","NAME":"Peach County","LSADC":"06","FUNCSTAT":"A","COUNTYCC":"H1","AREALAND":389233737,"AREAWATER":2678499}},{"type":"Feature","geometry":null,"properties":{"GEOID":"13311","STATE":"13","COUNTY":"311","COUNTYNS":"00326781","BASENAME":"White","NAME":"White County","LSADC":"06","FUNCSTAT":"A","COUNTYCC":"H1","AREALAND":623600288,"AREAWATER":3841613}},{"type":"Feature","geometry":null,"properties":{"GEOID":"13163","STATE":"13","COUNTY":"163","COUNTYNS":"00345714","BASENAME":"Jefferson","NAME":"Jefferson County","LSADC":"06","FUNCSTAT":"A","COUNTYCC":"H1","AREALAND":1363771344,"AREAWATER":8059597}},{"type":"Feature","geometry":null,"properties":{"GEOID":"37039","STATE":"37","COUNTY":"039","COUNTYNS":"01008545","BASENAME":"Cherokee","NAME":"Cherokee County","LSADC":"06","FUNCSTAT":"A","COUNTYCC":"H1","AREALAND":1179842067,"AREAWATER":28813678}},{"type":"Feature","geometry":null,"properties":{"GEOID":"45079","STATE":"45","COUNTY":"079","COUNTYNS":"01249299","BASENAME":"Richland","NAME":"Richland County","LSADC":"06","FUNCSTAT":"A","COUNTYCC":"H1","AREALAND":1961406638,"AREAWATER":37974727}},{"type":"Feature","geometry":null,"properties":{"GEOID":"54009","STATE":"54","COUNTY":"009","COUNTYNS":"01558262","BASENAME":"Brooke","NAME":"Brooke County","LSADC":"06","FUNCSTAT":"A","COUNTYCC":"H1","AREALAND":230602300,"AREAWATER":8740199}},{"type":"Feature","geometry":null,"properties":{"GEOID":"54013","STATE":"54","COUNTY":"013","COUNTYNS":"01696945","BASENAME":"Calhoun","NAME":"Calhoun County","LSADC":"06","FUNCSTAT":"A","COUNTYCC":"H1","AREALAND":723286832,"AREAWATER":3670131}},{"type":"Feature","geometry":null,"properties":{"GEOID":"51021","STATE":"51","COUNTY":"021","COUNTYNS":"01494613","BASENAME":"Bland","NAME":"Bland County","LSADC":"06","FUNCSTAT":"A","COUNTYCC":"H1","AREALAND":926296537,"AREAWATER":2561891}},{"type":"Feature","geometry":null,"properties":{"GEOID":"54043","STATE":"54","COUNTY":"043","COUNTYNS":"01550028","BASENAME":"Lincoln","NAME":"Lincoln County","LSADC":"06","FUNCSTAT":"A","COUNTYCC":"H1","AREALAND":1132065723,"AREAWATER":4053586}},{"type":"Feature","geometry":null,"properties":{"GEOID":"13131","STATE":"13","COUNTY":"131","COUNTYNS":"00351261","BASENAME":"Grady","NAME":"Grady County","LSADC":"06","FUNCSTAT":"A","COUNTYCC":"H1","AREALAND":1177056242,"AREAWATER":15021841}},{"type":"Feature","geometry":null,"properties":{"GEOID":"37071","STATE":"37","COUNTY":"071","COUNTYNS":"01008554","BASENAME":"Gaston","NAME":"Gaston County","LSADC":"06","FUNCSTAT":"A","COUNTYCC":"H1","AREALAND":921388795,"AREAWATER":20549902}},{"type":"Feature","geometry":null,"properties":{"GEOID":"13095","STATE":"13","COUNTY":"095","COUNTYNS":"00351259","BASENAME":"Dougherty","NAME":"Dougherty County","LSADC":"06","FUNCSTAT":"A","COUNTYCC":"H1","AREALAND":851186984,"AREAWATER":15349233}},{"type":"Feature","geometry":null,"properties":{"GEOID":"13047","STATE":"13","COUNTY":"047","COUNTYNS":"00353230","BASENAME":"Catoosa","NAME":"Catoosa County","LSADC":"06","FUNCSTAT":"A","COUNTYCC":"H1","AREALAND":419998910,"AREAWATER":771160}},{"type":"Feature","geometry":null,"properties":{"GEOID":"45077","STATE":"45","COUNTY":"077","COUNTYNS":"01248015","BASENAME":"Pickens","NAME":"Pickens County","LSADC":"06","FUNCSTAT":"A","COUNTYCC":"H1","AREALAND":1287095183,"AREAWATER":40932910}},{"type":"Feature","geometry":null,"properties":{"GEOID":"13261","STATE":"13","COUNTY":"261","COUNTYNS":"00343504","BASENAME":"Sumter","NAME":"Sumter County","LSADC":"06","FUNCSTAT":"A","COUNTYCC":"H1","AREALAND":1250646308,"AREAWATER":25211442}},{"type":"Feature","geometry":null,"properties":{"GEOID":"37005","STATE":"37","COUNTY":"005","COUNTYNS":"01008533","BASENAME":"Alleghany","NAME":"Alleghany County","LSADC":"06","FUNCSTAT":"A","COUNTYCC":"H1","AREALAND":608220275,"AREAWATER":3687225}},{"type":"Feature","geometry":null,"properties":{"GEOID":"13267","STATE":"13","COUNTY":"267","COUNTYNS":"00347445","BASENAME":"Tattnall","NAME":"Tattnall County","LSADC":"06","FUNCSTAT":"A","COUNTYCC":"H1","AREALAND":1245369508,"AREAWATER":19447407}},{"type":"Feature","geometry":null,"properties":{"GEOID":"37117","STATE":"37","COUNTY":"117","COUNTYNS":"01026328","BASENAME":"Martin","NAME":"Martin County","LSADC":"06","FUNCSTAT":"A","COUNTYCC":"H1","AREALAND":1182102522,"AREAWATER":746610}},{"type":"Feature","geometry":null,"properties":{"GEOID":"13317","STATE":"13","COUNTY":"317","COUNTYNS":"00351265","BASENAME":"Wilkes","NAME":"Wilkes County","LSADC":"06","FUNCSTAT":"A","COUNTYCC":"H1","AREALAND":1216008873,"AREAWATER":11889476}},{"type":"Feature","geometry":null,"properties":{"GEOID":"13223","STATE":"13","COUNTY":"223","COUNTYNS":"00349912","BASENAME":"Paulding","NAME":"Paulding County","LSADC":"06","FUNCSTAT":"A","COUNTYCC":"H1","AREALAND":809077311,"AREAWATER":5207830}},{"type":"Feature","geometry":null,"properties":{"GEOID":"13079","STATE":"13","COUNTY":"079","COUNTYNS":"00342918","BASENAME":"Crawford","NAME":"Crawford County","LSADC":"06","FUNCSTAT":"A","COUNTYCC":"H1","AREALAND":841524097,"AREAWATER":3986929}},{"type":"Feature","geometry":null,"properties":{"GEOID":"12007","STATE":"12","COUNTY":"007","COUNTYNS":"00303634","BASENAME":"Bradford","NAME":"Bradford County","LSADC":"06","FUNCSTAT":"A","COUNTYCC":"H1","AREALAND":761368534,"AREAWATER":16898785}},{"type":"Feature","geometry":null,"properties":{"GEOID":"51610","STATE":"51","COUNTY":"610","COUNTYNS":"01498423","BASENAME":"Falls Church","NAME":"Falls Church city","LSADC":"25","FUNCSTAT":"F","COUNTYCC":"C7","AREALAND":5300254,"AREAWATER":32}},{"type":"Feature","geometry":null,"properties":{"GEOID":"12081","STATE":"12","COUNTY":"081","COUNTYNS":"00295744","BASENAME":"Manatee","NAME":"Manatee County","LSADC":"06","FUNCSTAT":"A","COUNTYCC":"H1","AREALAND":1923758340,"AREAWATER":585648568}},{"type":"Feature","geometry":null,"properties":{"GEOID":"12013","STATE":"12","COUNTY":"013","COUNTYNS":"00306919","BASENAME":"Calhoun","NAME":"Calhoun County","LSADC":"06","FUNCSTAT":"A","COUNTYCC":"H1","AREALAND":1469394584,"AREAWATER":18070424}},{"type":"Feature","geometry":null,"properties":{"GEOID":"13065","STATE":"13","COUNTY":"065","COUNTYNS":"00351285","BASENAME":"Clinch","NAME":"Clinch County","LSADC":"06","FUNCSTAT":"A","COUNTYCC":"H1","AREALAND":2110841398,"AREAWATER":23291048}},{"type":"Feature","geometry":null,"properties":{"GEOID":"13185","STATE":"13","COUNTY":"185","COUNTYNS":"00326720","BASENAME":"Lowndes","NAME":"Lowndes County","LSADC":"06","FUNCSTAT":"A","COUNTYCC":"H1","AREALAND":1287872475,"AREAWATER":34511667}},{"type":"Feature","geometry":null,"properties":{"GEOID":"37051","STATE":"37","COUNTY":"051","COUNTYNS":"01026124","BASENAME":"Cumberland","NAME":"Cumberland County","LSADC":"06","FUNCSTAT":"A","COUNTYCC":"H1","AREALAND":1690140238,"AREAWATER":15309330}},{"type":"Feature","geometry":null,"properties":{"GEOID":"24001","STATE":"24","COUNTY":"001","COUNTYNS":"01713506","BASENAME":"Allegany","NAME":"Allegany County","LSADC":"06","FUNCSTAT":"A","COUNTYCC":"H1","AREALAND":1093489844,"AREAWATER":14710959}},{"type":"Feature","geometry":null,"properties":{"GEOID":"37153","STATE":"37","COUNTY":"153","COUNTYNS":"01008581","BASENAME":"Richmond","NAME":"Richmond County","LSADC":"06","FUNCSTAT":"A","COUNTYCC":"H1","AREALAND":1226849519,"AREAWATER":15575097}},{"type":"Feature","geometry":null,"properties":{"GEOID":"54103","STATE":"54","COUNTY":"103","COUNTYNS":"01717836","BASENAME":"Wetzel","NAME":"Wetzel County","LSADC":"06","FUNCSTAT":"A","COUNTYCC":"H1","AREALAND":927402613,"AREAWATER":8435782}},{"type":"Feature","geometry":null,"properties":{"GEOID":"13089","STATE":"13","COUNTY":"089","COUNTYNS":"01687424","BASENAME":"DeKalb","NAME":"DeKalb County","LSADC":"06","FUNCSTAT":"A","COUNTYCC":"H1","AREALAND":693206794,"AREAWATER":8848780}},{"type":"Feature","geometry":null,"properties":{"GEOID":"13227","STATE":"13","COUNTY":"227","COUNTYNS":"01673011","BASENAME":"Pickens","NAME":"Pickens County","LSADC":"06","FUNCSTAT":"A","COUNTYCC":"H1","AREALAND":601019215,"AREAWATER":1690670}},{"type":"Feature","geometry":null,"properties":{"GEOID":"37077","STATE":"37","COUNTY":"077","COUNTYNS":"01008556","BASENAME":"Granville","NAME":"Granville County","LSADC":"06","FUNCSTAT":"A","COUNTYCC":"H1","AREALAND":1377850199,"AREAWATER":14503653}},{"type":"Feature","geometry":null,"properties":{"GEOID":"51195","STATE":"51","COUNTY":"195","COUNTYNS":"01496656","BASENAME":"Wise","NAME":"Wise County","LSADC":"06","FUNCSTAT":"A","COUNTYCC":"H1","AREALAND":1044913736,"AREAWATER":5238463}},{"type":"Feature","geometry":null,"properties":{"GEOID":"24017","STATE":"24","COUNTY":"017","COUNTYNS":"01676992","BASENAME":"Charles","NAME":"Charles County","LSADC":"06","FUNCSTAT":"A","COUNTYCC":"H1","AREALAND":1185745257,"AREAWATER":479451414}},{"type":"Feature","geometry":null,"properties":{"GEOID":"13287","STATE":"13","COUNTY":"287","COUNTYNS":"00343238","BASENAME":"Turner","NAME":"Turner County","LSADC":"06","FUNCSTAT":"A","COUNTYCC":"H1","AREALAND":739289383,"AREAWATER":11756469}},{"type":"Feature","geometry":null,"properties":{"GEOID":"51049","STATE":"51","COUNTY":"049","COUNTYNS":"01494109","BASENAME":"Cumberland","NAME":"Cumberland County","LSADC":"06","FUNCSTAT":"A","COUNTYCC":"H1","AREALAND":770459813,"AREAWATER":5917838}},{"type":"Feature","geometry":null,"properties":{"GEOID":"45085","STATE":"45","COUNTY":"085","COUNTYNS":"01244717","BASENAME":"Sumter","NAME":"Sumter County","LSADC":"06","FUNCSTAT":"A","COUNTYCC":"H1","AREALAND":1722545832,"AREAWATER":44045852}},{"type":"Feature","geometry":null,"properties":{"GEOID":"54109","STATE":"54","COUNTY":"109","COUNTYNS":"01550061","BASENAME":"Wyoming","NAME":"Wyoming County","LSADC":"06","FUNCSTAT":"A","COUNTYCC":"H1","AREALAND":1293620941,"AREAWATER":6083275}},{"type":"Feature","geometry":null,"properties":{"GEOID":"45075","STATE":"45","COUNTY":"075","COUNTYNS":"01248014","BASENAME":"Orangeburg","NAME":"Orangeburg County","LSADC":"06","FUNCSTAT":"A","COUNTYCC":"H1","AREALAND":2865509321,"AREAWATER":55697625}},{"type":"Feature","geometry":null,"properties":{"GEOID":"12113","STATE":"12","COUNTY":"113","COUNTYNS":"00306914","BASENAME":"Santa Rosa","NAME":"Santa Rosa County","LSADC":"06","FUNCSTAT":"A","COUNTYCC":"H1","AREALAND":2622108130,"AREAWATER":543293107}},{"type":"Feature","geometry":null,"properties":{"GEOID":"37069","STATE":"37","COUNTY":"069","COUNTYNS":"01008553","BASENAME":"Franklin","NAME":"Franklin County","LSADC":"06","FUNCSTAT":"A","COUNTYCC":"H1","AREALAND":1273978406,"AREAWATER":6957242}},{"type":"Feature","geometry":null,"properties":{"GEOID":"24510","STATE":"24","COUNTY":"510","COUNTYNS":"01702381","BASENAME":"Baltimore","NAME":"Baltimore city","LSADC":"25","FUNCSTAT":"F","COUNTYCC":"C7","AREALAND":209649337,"AREAWATER":28758745}},{"type":"Feature","geometry":null,"properties":{"GEOID":"37177","STATE":"37","COUNTY":"177","COUNTYNS":"01026332","BASENAME":"Tyrrell","NAME":"Tyrrell County","LSADC":"06","FUNCSTAT":"A","COUNTYCC":"H1","AREALAND":1012106560,"AREAWATER":534571802}},{"type":"Feature","geometry":null,"properties":{"GEOID":"37113","STATE":"37","COUNTY":"113","COUNTYNS":"01025833","BASENAME":"Macon","NAME":"Macon County","LSADC":"06","FUNCSTAT":"A","COUNTYCC":"H1","AREALAND":1335234662,"AREAWATER":10570986}},{"type":"Feature","geometry":null,"properties":{"GEOID":"54063","STATE":"54","COUNTY":"063","COUNTYNS":"01557702","BASENAME":"Monroe","NAME":"Monroe County","LSADC":"06","FUNCSTAT":"A","COUNTYCC":"H1","AREALAND":1224426873,"AREAWATER":2297475}},{"type":"Feature","geometry":null,"properties":{"GEOID":"45061","STATE":"45","COUNTY":"061","COUNTYNS":"01245652","BASENAME":"Lee","NAME":"Lee County","LSADC":"06","FUNCSTAT":"A","COUNTYCC":"H1","AREALAND":1062378299,"AREAWATER":2709092}},{"type":"Feature","geometry":null,"properties":{"GEOID":"45027","STATE":"45","COUNTY":"027","COUNTYNS":"01247990","BASENAME":"Clarendon","NAME":"Clarendon County","LSADC":"06","FUNCSTAT":"A","COUNTYCC":"H1","AREALAND":1572660715,"AREAWATER":229093477}},{"type":"Feature","geometry":null,"properties":{"GEOID":"51161","STATE":"51","COUNTY":"161","COUNTYNS":"01480165","BASENAME":"Roanoke","NAME":"Roanoke County","LSADC":"06","FUNCSTAT":"A","COUNTYCC":"H1","AREALAND":648919632,"AREAWATER":1752264}},{"type":"Feature","geometry":null,"properties":{"GEOID":"51015","STATE":"51","COUNTY":"015","COUNTYNS":"01480098","BASENAME":"Augusta","NAME":"Augusta County","LSADC":"06","FUNCSTAT":"A","COUNTYCC":"H1","AREALAND":2504708898,"AREAWATER":9537134}},{"type":"Feature","geometry":null,"properties":{"GEOID":"45041","STATE":"45","COUNTY":"041","COUNTYNS":"01248001","BASENAME":"Florence","NAME":"Florence County","LSADC":"06","FUNCSTAT":"A","COUNTYCC":"H1","AREALAND":2073168543,"AREAWATER":9897836}},{"type":"Feature","geometry":null,"properties":{"GEOID":"37143","STATE":"37","COUNTY":"143","COUNTYNS":"01025841","BASENAME":"Perquimans","NAME":"Perquimans County","LSADC":"06","FUNCSTAT":"A","COUNTYCC":"H1","AREALAND":640182876,"AREAWATER":211746284}},{"type":"Feature","geometry":null,"properties":{"GEOID":"12047","STATE":"12","COUNTY":"047","COUNTYNS":"00295736","BASENAME":"Hamilton","NAME":"Hamilton County","LSADC":"06","FUNCSTAT":"A","COUNTYCC":"H1","AREALAND":1332018567,"AREAWATER":12330814}},{"type":"Feature","geometry":null,"properties":{"GEOID":"51685","STATE":"51","COUNTY":"685","COUNTYNS":"01498431","BASENAME":"Manassas Park","NAME":"Manassas Park city","LSADC":"25","FUNCSTAT":"F","COUNTYCC":"C7","AREALAND":7835186,"AREAWATER":1609}},{"type":"Feature","geometry":null,"properties":{"GEOID":"51013","STATE":"51","COUNTY":"013","COUNTYNS":"01480097","BASENAME":"Arlington","NAME":"Arlington County","LSADC":"06","FUNCSTAT":"A","COUNTYCC":"H1","AREALAND":67332999,"AREAWATER":273562}},{"type":"Feature","geometry":null,"properties":{"GEOID":"51035","STATE":"51","COUNTY":"035","COUNTYNS":"01480108","BASENAME":"Carroll","NAME":"Carroll County","LSADC":"06","FUNCSTAT":"A","COUNTYCC":"H1","AREALAND":1229575915,"AREAWATER":7586189}},{"type":"Feature","geometry":null,"properties":{"GEOID":"24035","STATE":"24","COUNTY":"035","COUNTYNS":"00596089","BASENAME":"Queen Anne's","NAME":"Queen Anne's County","LSADC":"06","FUNCSTAT":"A","COUNTYCC":"H1","AREALAND":962618581,"AREAWATER":360075327}},{"type":"Feature","geometry":null,"properties":{"GEOID":"13031","STATE":"13","COUNTY":"031","COUNTYNS":"00350302","BASENAME":"Bulloch","NAME":"Bulloch County","LSADC":"06","FUNCSTAT":"A","COUNTYCC":"H1","AREALAND":1750755439,"AREAWATER":32807574}},{"type":"Feature","geometry":null,"properties":{"GEOID":"13309","STATE":"13","COUNTY":"309","COUNTYNS":"00351278","BASENAME":"Wheeler","NAME":"Wheeler County","LSADC":"06","FUNCSTAT":"A","COUNTYCC":"H1","AREALAND":765322114,"AREAWATER":12369298}},{"type":"Feature","geometry":null,"properties":{"GEOID":"37049","STATE":"37","COUNTY":"049","COUNTYNS":"01026123","BASENAME":"Craven","NAME":"Craven County","LSADC":"06","FUNCSTAT":"A","COUNTYCC":"H1","AREALAND":1829935078,"AREAWATER":172857151}},{"type":"Feature","geometry":null,"properties":{"GEOID":"51570","STATE":"51","COUNTY":"570","COUNTYNS":"01498420","BASENAME":"Colonial Heights","NAME":"Colonial Heights city","LSADC":"25","FUNCSTAT":"F","COUNTYCC":"C7","AREALAND":19475359,"AREAWATER":709878}},{"type":"Feature","geometry":null,"properties":{"GEOID":"51023","STATE":"51","COUNTY":"023","COUNTYNS":"01674418","BASENAME":"Botetourt","NAME":"Botetourt County","LSADC":"06","FUNCSTAT":"A","COUNTYCC":"H1","AREALAND":1401898962,"AREAWATER":12126228}},{"type":"Feature","geometry":null,"properties":{"GEOID":"13189","STATE":"13","COUNTY":"189","COUNTYNS":"00348794","BASENAME":"McDuffie","NAME":"McDuffie County","LSADC":"06","FUNCSTAT":"A","COUNTYCC":"H1","AREALAND":666608430,"AREAWATER":23095606}},{"type":"Feature","geometry":null,"properties":{"GEOID":"45023","STATE":"45","COUNTY":"023","COUNTYNS":"01247988","BASENAME":"Chester","NAME":"Chester County","LSADC":"06","FUNCSTAT":"A","COUNTYCC":"H1","AREALAND":1504432526,"AREAWATER":14514705}},{"type":"Feature","geometry":null,"properties":{"GEOID":"45001","STATE":"45","COUNTY":"001","COUNTYNS":"01245666","BASENAME":"Abbeville","NAME":"Abbeville County","LSADC":"06","FUNCSTAT":"A","COUNTYCC":"H1","AREALAND":1272188723,"AREAWATER":53216404}},{"type":"Feature","geometry":null,"properties":{"GEOID":"12115","STATE":"12","COUNTY":"115","COUNTYNS":"00295741","BASENAME":"Sarasota","NAME":"Sarasota County","LSADC":"06","FUNCSTAT":"A","COUNTYCC":"H1","AREALAND":1440271311,"AREAWATER":1086396800}},{"type":"Feature","geometry":null,"properties":{"GEOID":"45051","STATE":"45","COUNTY":"051","COUNTYNS":"01248005","BASENAME":"Horry","NAME":"Horry County","LSADC":"06","FUNCSTAT":"A","COUNTYCC":"H1","AREALAND":2934634272,"AREAWATER":315090181}},{"type":"Feature","geometry":null,"properties":{"GEOID":"51720","STATE":"51","COUNTY":"720","COUNTYNS":"01498434","BASENAME":"Norton","NAME":"Norton city","LSADC":"25","FUNCSTAT":"F","COUNTYCC":"C7","AREALAND":19366551,"AREAWATER":88961}},{"type":"Feature","geometry":null,"properties":{"GEOID":"51790","STATE":"51","COUNTY":"790","COUNTYNS":"01789075","BASENAME":"Staunton","NAME":"Staunton city","LSADC":"25","FUNCSTAT":"F","COUNTYCC":"C7","AREALAND":51593820,"AREAWATER":147694}},{"type":"Feature","geometry":null,"properties":{"GEOID":"37037","STATE":"37","COUNTY":"037","COUNTYNS":"01008544","BASENAME":"Chatham","NAME":"Chatham County","LSADC":"06","FUNCSTAT":"A","COUNTYCC":"H1","AREALAND":1765010720,"AREAWATER":70580585}},{"type":"Feature","geometry":null,"properties":{"GEOID":"37019","STATE":"37","COUNTY":"019","COUNTYNS":"01026340","BASENAME":"Brunswick","NAME":"Brunswick County","LSADC":"06","FUNCSTAT":"A","COUNTYCC":"H1","AREALAND":2200173994,"AREAWATER":518086807}},{"type":"Feature","geometry":null,"properties":{"GEOID":"12009","STATE":"12","COUNTY":"009","COUNTYNS":"00295749","BASENAME":"Brevard","NAME":"Brevard County","LSADC":"06","FUNCSTAT":"A","COUNTYCC":"H1","AREALAND":2628767922,"AREAWATER":1403935652}},{"type":"Feature","geometry":null,"properties":{"GEOID":"13049","STATE":"13","COUNTY":"049","COUNTYNS":"00357747","BASENAME":"Charlton","NAME":"Charlton County","LSADC":"06","FUNCSTAT":"A","COUNTYCC":"H1","AREALAND":2020432406,"AREAWATER":5946468}},{"type":"Feature","geometry":null,"properties":{"GEOID":"13233","STATE":"13","COUNTY":"233","COUNTYNS":"00343585","BASENAME":"Polk","NAME":"Polk County","LSADC":"06","FUNCSTAT":"A","COUNTYCC":"H1","AREALAND":803776462,"AREAWATER":4663878}},{"type":"Feature","geometry":null,"properties":{"GEOID":"37157","STATE":"37","COUNTY":"157","COUNTYNS":"01008582","BASENAME":"Rockingham","NAME":"Rockingham County","LSADC":"06","FUNCSTAT":"A","COUNTYCC":"H1","AREALAND":1465031812,"AREAWATER":18409682}},{"type":"Feature","geometry":null,"properties":{"GEOID":"13221","STATE":"13","COUNTY":"221","COUNTYNS":"00351262","BASENAME":"Oglethorpe","NAME":"Oglethorpe County","LSADC":"06","FUNCSTAT":"A","COUNTYCC":"H1","AREALAND":1137165325,"AREAWATER":7708031}},{"type":"Feature","geometry":null,"properties":{"GEOID":"13129","STATE":"13","COUNTY":"129","COUNTYNS":"00356672","BASENAME":"Gordon","NAME":"Gordon County","LSADC":"06","FUNCSTAT":"A","COUNTYCC":"H1","AREALAND":923219313,"AREAWATER":5732776}},{"type":"Feature","geometry":null,"properties":{"GEOID":"12055","STATE":"12","COUNTY":"055","COUNTYNS":"00295756","BASENAME":"Highlands","NAME":"Highlands County","LSADC":"06","FUNCSTAT":"A","COUNTYCC":"H1","AREALAND":2635753185,"AREAWATER":230641246}},{"type":"Feature","geometry":null,"properties":{"GEOID":"51580","STATE":"51","COUNTY":"580","COUNTYNS":"01789069","BASENAME":"Covington","NAME":"Covington city","LSADC":"25","FUNCSTAT":"F","COUNTYCC":"C7","AREALAND":14163840,"AREAWATER":521494}},{"type":"Feature","geometry":null,"properties":{"GEOID":"51131","STATE":"51","COUNTY":"131","COUNTYNS":"01480151","BASENAME":"Northampton","NAME":"Northampton County","LSADC":"06","FUNCSTAT":"A","COUNTYCC":"H1","AREALAND":548338657,"AREAWATER":1511361562}},{"type":"Feature","geometry":null,"properties":{"GEOID":"51620","STATE":"51","COUNTY":"620","COUNTYNS":"01498424","BASENAME":"Franklin","NAME":"Franklin city","LSADC":"25","FUNCSTAT":"F","COUNTYCC":"C7","AREALAND":21438217,"AREAWATER":227442}},{"type":"Feature","geometry":null,"properties":{"GEOID":"51660","STATE":"51","COUNTY":"660","COUNTYNS":"01498563","BASENAME":"Harrisonburg","NAME":"Harrisonburg city","LSADC":"25","FUNCSTAT":"F","COUNTYCC":"C7","AREALAND":44898873,"AREAWATER":131080}},{"type":"Feature","geometry":null,"properties":{"GEOID":"54001","STATE":"54","COUNTY":"001","COUNTYNS":"01696996","BASENAME":"Barbour","NAME":"Barbour County","LSADC":"06","FUNCSTAT":"A","COUNTYCC":"H1","AREALAND":883338356,"AREAWATER":4639586}},{"type":"Feature","geometry":null,"properties":{"GEOID":"51530","STATE":"51","COUNTY":"530","COUNTYNS":"01498417","BASENAME":"Buena Vista","NAME":"Buena Vista city","LSADC":"25","FUNCSTAT":"F","COUNTYCC":"C7","AREALAND":16674746,"AREAWATER":219580}},{"type":"Feature","geometry":null,"properties":{"GEOID":"51067","STATE":"51","COUNTY":"067","COUNTYNS":"01494434","BASENAME":"Franklin","NAME":"Franklin County","LSADC":"06","FUNCSTAT":"A","COUNTYCC":"H1","AREALAND":1788673577,"AREAWATER":54402654}},{"type":"Feature","geometry":null,"properties":{"GEOID":"12017","STATE":"12","COUNTY":"017","COUNTYNS":"00295752","BASENAME":"Citrus","NAME":"Citrus County","LSADC":"06","FUNCSTAT":"A","COUNTYCC":"H1","AREALAND":1507454380,"AREAWATER":980854520}},{"type":"Feature","geometry":null,"properties":{"GEOID":"37095","STATE":"37","COUNTY":"095","COUNTYNS":"01008564","BASENAME":"Hyde","NAME":"Hyde County","LSADC":"06","FUNCSTAT":"A","COUNTYCC":"H1","AREALAND":1585958019,"AREAWATER":2192938315}},{"type":"Feature","geometry":null,"properties":{"GEOID":"51127","STATE":"51","COUNTY":"127","COUNTYNS":"01480150","BASENAME":"New Kent","NAME":"New Kent County","LSADC":"06","FUNCSTAT":"A","COUNTYCC":"H1","AREALAND":543978925,"AREAWATER":35605783}},{"type":"Feature","geometry":null,"properties":{"GEOID":"13263","STATE":"13","COUNTY":"263","COUNTYNS":"00326757","BASENAME":"Talbot","NAME":"Talbot County","LSADC":"06","FUNCSTAT":"A","COUNTYCC":"H1","AREALAND":1013662780,"AREAWATER":8766848}},{"type":"Feature","geometry":null,"properties":{"GEOID":"54015","STATE":"54","COUNTY":"015","COUNTYNS":"01550014","BASENAME":"Clay","NAME":"Clay County","LSADC":"06","FUNCSTAT":"A","COUNTYCC":"H1","AREALAND":885657493,"AREAWATER":4822201}},{"type":"Feature","geometry":null,"properties":{"GEOID":"24027","STATE":"24","COUNTY":"027","COUNTYNS":"01709077","BASENAME":"Howard","NAME":"Howard County","LSADC":"06","FUNCSTAT":"A","COUNTYCC":"H1","AREALAND":649957174,"AREAWATER":6336171}},{"type":"Feature","geometry":null,"properties":{"GEOID":"13273","STATE":"13","COUNTY":"273","COUNTYNS":"00352238","BASENAME":"Terrell","NAME":"Terrell County","LSADC":"06","FUNCSTAT":"A","COUNTYCC":"H1","AREALAND":869695797,"AREAWATER":4951325}},{"type":"Feature","geometry":null,"properties":{"GEOID":"13063","STATE":"13","COUNTY":"063","COUNTYNS":"01672399","BASENAME":"Clayton","NAME":"Clayton County","LSADC":"06","FUNCSTAT":"A","COUNTYCC":"H1","AREALAND":366989162,"AREAWATER":6914194}},{"type":"Feature","geometry":null,"properties":{"GEOID":"13073","STATE":"13","COUNTY":"073","COUNTYNS":"00348865","BASENAME":"Columbia","NAME":"Columbia County","LSADC":"06","FUNCSTAT":"A","COUNTYCC":"H1","AREALAND":751608334,"AREAWATER":45336113}},{"type":"Feature","geometry":null,"properties":{"GEOID":"51033","STATE":"51","COUNTY":"033","COUNTYNS":"01480107","BASENAME":"Caroline","NAME":"Caroline County","LSADC":"06","FUNCSTAT":"A","COUNTYCC":"H1","AREALAND":1365870118,"AREAWATER":24919389}},{"type":"Feature","geometry":null,"properties":{"GEOID":"13111","STATE":"13","COUNTY":"111","COUNTYNS":"00351094","BASENAME":"Fannin","NAME":"Fannin County","LSADC":"06","FUNCSTAT":"A","COUNTYCC":"H1","AREALAND":1002731542,"AREAWATER":13339556}},{"type":"Feature","geometry":null,"properties":{"GEOID":"24019","STATE":"24","COUNTY":"019","COUNTYNS":"00596495","BASENAME":"Dorchester","NAME":"Dorchester County","LSADC":"06","FUNCSTAT":"A","COUNTYCC":"H1","AREALAND":1400573743,"AREAWATER":1145353068}},{"type":"Feature","geometry":null,"properties":{"GEOID":"51105","STATE":"51","COUNTY":"105","COUNTYNS":"01496538","BASENAME":"Lee","NAME":"Lee County","LSADC":"06","FUNCSTAT":"A","COUNTYCC":"H1","AREALAND":1127622849,"AREAWATER":4896599}},{"type":"Feature","geometry":null,"properties":{"GEOID":"12073","STATE":"12","COUNTY":"073","COUNTYNS":"00306916","BASENAME":"Leon","NAME":"Leon County","LSADC":"06","FUNCSTAT":"A","COUNTYCC":"H1","AREALAND":1731219884,"AREAWATER":86414549}},{"type":"Feature","geometry":null,"properties":{"GEOID":"37137","STATE":"37","COUNTY":"137","COUNTYNS":"01023355","BASENAME":"Pamlico","NAME":"Pamlico County","LSADC":"06","FUNCSTAT":"A","COUNTYCC":"H1","AREALAND":871565234,"AREAWATER":583042075}},{"type":"Feature","geometry":null,"properties":{"GEOID":"51087","STATE":"51","COUNTY":"087","COUNTYNS":"01480133","BASENAME":"Henrico","NAME":"Henrico County","LSADC":"06","FUNCSTAT":"A","COUNTYCC":"H1","AREALAND":605188387,"AREAWATER":28877892}},{"type":"Feature","geometry":null,"properties":{"GEOID":"54047","STATE":"54","COUNTY":"047","COUNTYNS":"01689162","BASENAME":"McDowell","NAME":"McDowell County","LSADC":"06","FUNCSTAT":"A","COUNTYCC":"H1","AREALAND":1381651957,"AREAWATER":3728166}},{"type":"Feature","geometry":null,"properties":{"GEOID":"54033","STATE":"54","COUNTY":"033","COUNTYNS":"01718426","BASENAME":"Harrison","NAME":"Harrison County","LSADC":"06","FUNCSTAT":"A","COUNTYCC":"H1","AREALAND":1077461965,"AREAWATER":1313215}},{"type":"Feature","geometry":null,"properties":{"GEOID":"54079","STATE":"54","COUNTY":"079","COUNTYNS":"01550046","BASENAME":"Putnam","NAME":"Putnam County","LSADC":"06","FUNCSTAT":"A","COUNTYCC":"H1","AREALAND":895304354,"AREAWATER":12224898}},{"type":"Feature","geometry":null,"properties":{"GEOID":"12077","STATE":"12","COUNTY":"077","COUNTYNS":"00308549","BASENAME":"Liberty","NAME":"Liberty County","LSADC":"06","FUNCSTAT":"A","COUNTYCC":"H1","AREALAND":2164099102,"AREAWATER":19582446}},{"type":"Feature","geometry":null,"properties":{"GEOID":"24043","STATE":"24","COUNTY":"043","COUNTYNS":"01714220","BASENAME":"Washington","NAME":"Washington County","LSADC":"06","FUNCSTAT":"A","COUNTYCC":"H1","AREALAND":1185668180,"AREAWATER":24811078}},{"type":"Feature","geometry":null,"properties":{"GEOID":"12033","STATE":"12","COUNTY":"033","COUNTYNS":"00295737","BASENAME":"Escambia","NAME":"Escambia County","LSADC":"06","FUNCSTAT":"A","COUNTYCC":"H1","AREALAND":1701619321,"AREAWATER":1213957230}},{"type":"Feature","geometry":null,"properties":{"GEOID":"12093","STATE":"12","COUNTY":"093","COUNTYNS":"00295760","BASENAME":"Okeechobee","NAME":"Okeechobee County","LSADC":"06","FUNCSTAT":"A","COUNTYCC":"H1","AREALAND":1992482218,"AREAWATER":317885012}},{"type":"Feature","geometry":null,"properties":{"GEOID":"13291","STATE":"13","COUNTY":"291","COUNTYNS":"00353193","BASENAME":"Union","NAME":"Union County","LSADC":"06","FUNCSTAT":"A","COUNTYCC":"H1","AREALAND":838100493,"AREAWATER":18088330}},{"type":"Feature","geometry":null,"properties":{"GEOID":"10003","STATE":"10","COUNTY":"003","COUNTYNS":"00217270","BASENAME":"New Castle","NAME":"New Castle County","LSADC":"06","FUNCSTAT":"A","COUNTYCC":"H1","AREALAND":1104210679,"AREAWATER":175313040}},{"type":"Feature","geometry":null,"properties":{"GEOID":"51073","STATE":"51","COUNTY":"073","COUNTYNS":"01480126","BASENAME":"Gloucester","NAME":"Gloucester County","LSADC":"06","FUNCSTAT":"A","COUNTYCC":"H1","AREALAND":564137385,"AREAWATER":181734808}},{"type":"Feature","geometry":null,"properties":{"GEOID":"37029","STATE":"37","COUNTY":"029","COUNTYNS":"01026335","BASENAME":"Camden","NAME":"Camden County","LSADC":"06","FUNCSTAT":"A","COUNTYCC":"H1","AREALAND":622442460,"AREAWATER":181119127}},{"type":"Feature","geometry":null,"properties":{"GEOID":"13313","STATE":"13","COUNTY":"313","COUNTYNS":"00353513","BASENAME":"Whitfield","NAME":"Whitfield County","LSADC":"06","FUNCSTAT":"A","COUNTYCC":"H1","AREALAND":752249549,"AREAWATER":1578157}},{"type":"Feature","geometry":null,"properties":{"GEOID":"37139","STATE":"37","COUNTY":"139","COUNTYNS":"01026330","BASENAME":"Pasquotank","NAME":"Pasquotank County","LSADC":"06","FUNCSTAT":"A","COUNTYCC":"H1","AREALAND":587610266,"AREAWATER":161751354}},{"type":"Feature","geometry":null,"properties":{"GEOID":"45091","STATE":"45","COUNTY":"091","COUNTYNS":"01248019","BASENAME":"York","NAME":"York County","LSADC":"06","FUNCSTAT":"A","COUNTYCC":"H1","AREALAND":1762764310,"AREAWATER":38995338}},{"type":"Feature","geometry":null,"properties":{"GEOID":"51031","STATE":"51","COUNTY":"031","COUNTYNS":"01674917","BASENAME":"Campbell","NAME":"Campbell County","LSADC":"06","FUNCSTAT":"A","COUNTYCC":"H1","AREALAND":1303430806,"AREAWATER":8887975}},{"type":"Feature","geometry":null,"properties":{"GEOID":"54067","STATE":"54","COUNTY":"067","COUNTYNS":"01550040","BASENAME":"Nicholas","NAME":"Nicholas County","LSADC":"06","FUNCSTAT":"A","COUNTYCC":"H1","AREALAND":1675317970,"AREAWATER":19369539}},{"type":"Feature","geometry":null,"properties":{"GEOID":"13205","STATE":"13","COUNTY":"205","COUNTYNS":"00343645","BASENAME":"Mitchell","NAME":"Mitchell County","LSADC":"06","FUNCSTAT":"A","COUNTYCC":"H1","AREALAND":1326483042,"AREAWATER":4314212}}]}