location_id,department_code,department_name,municipality_code,municipality_name,settlement_code,settlement_name,dane_type,longitude,latitude,note
gb:COL:ADM2:7082276B10918286355,41,HUILA,41001,NEIVA,41001000,NEIVA,CM,-75.277327,2.935432,
gb:COL:ADM2:7082276B10918286355,41,HUILA,41001,NEIVA,41001001,CAGUÁN,CP,-75.232752,2.864079,
gb:COL:ADM2:7082276B10918286355,41,HUILA,41001,NEIVA,41001002,CHAPINERO,CP,-75.513309,3.187583,
gb:COL:ADM2:7082276B10918286355,41,HUILA,41001,NEIVA,41001003,FORTALECILLAS,CP,-75.251185,3.03629,
gb:COL:ADM2:7082276B10918286355,41,HUILA,41001,NEIVA,41001004,GUACIRCO,CP,-75.276178,3.10181,
gb:COL:ADM2:7082276B10918286355,41,HUILA,41001,NEIVA,41001007,PALACIOS,CP,-75.063715,2.939458,
gb:COL:ADM2:7082276B10918286355,41,HUILA,41001,NEIVA,41001008,PEÑAS BLANCAS,CP,-75.350571,3.074418,
gb:COL:ADM2:7082276B10918286355,41,HUILA,41001,NEIVA,41001011,SAN LUIS,CP,-75.485141,3.082642,
gb:COL:ADM2:7082276B10918286355,41,HUILA,41001,NEIVA,41001012,VEGALARGA,CP,-75.041323,2.947613,
gb:COL:ADM2:7082276B10918286355,41,HUILA,41001,NEIVA,41001013,EL TRIUNFO,CP,-75.204826,2.865848,
gb:COL:ADM2:7082276B10918286355,41,HUILA,41001,NEIVA,41001014,SAN FRANCISCO,CP,-75.389841,3.070874,
gb:COL:ADM2:7082276B10918286355,41,HUILA,41001,NEIVA,41001016,EL COLEGIO,CP,-75.004371,2.9004,
gb:COL:ADM2:7082276B10918286355,41,HUILA,41001,NEIVA,41001017,SAN ANTONIO DE ANACONIA,CP,-75.100491,2.927636,
gb:COL:ADM2:7082276B10918286355,41,HUILA,41001,NEIVA,41001018,AIPECITO,CP,-75.558251,3.124891,
gb:COL:ADM2:7082276B10918286355,41,HUILA,41001,NEIVA,41001022,EL VENADO,CP,-75.274943,2.986438,
gb:COL:ADM2:7082276B10918286355,41,HUILA,41001,NEIVA,41001024,PIEDRA MARCADA,CP,-74.972237,2.933229,
gb:COL:ADM2:7082276B10918286355,41,HUILA,41001,NEIVA,41001029,CEDRALITO,CP,-74.979479,2.930543,
gb:COL:ADM2:7082276B10918286355,41,HUILA,41001,NEIVA,41001030,LA MATA,CP,-75.253664,3.021279,
gb:COL:ADM2:7082276B10918286355,41,HUILA,41001,NEIVA,41001031,PRADERA,CP,-75.601474,3.090764,
gb:COL:ADM2:7082276B10918286355,41,HUILA,41001,NEIVA,41001032,CEDRAL,CP,-75.000392,2.93393,
gb:COL:ADM2:7082276B10918286355,41,HUILA,41001,NEIVA,41001033,LA JULIA,CP,-75.525878,3.105862,
gb:COL:ADM2:7082276B10918286355,41,HUILA,41001,NEIVA,41001034,SAN JORGE,CP,-75.265553,3.05801,
gb:COL:ADM2:7082276B10918286355,41,HUILA,41001,NEIVA,41001036,MOSCOVIA,CP,-75.225112,2.898827,
gb:COL:ADM2:7082276B12261061715125,23,CÓRDOBA,23162,CERETÉ,23162000,CERETÉ,CM,-75.796093,8.888532,
gb:COL:ADM2:7082276B12261061715125,23,CÓRDOBA,23162,CERETÉ,23162001,MARTÍNEZ,CP,-75.764621,8.87412,
gb:COL:ADM2:7082276B12261061715125,23,CÓRDOBA,23162,CERETÉ,23162002,MATEO GÓMEZ,CP,-75.829265,8.84616,
gb:COL:ADM2:7082276B12261061715125,23,CÓRDOBA,23162,CERETÉ,23162003,RABOLARGO,CP,-75.742672,8.95372,
gb:COL:ADM2:7082276B12261061715125,23,CÓRDOBA,23162,CERETÉ,23162004,SEVERA,CP,-75.883771,8.89142,
gb:COL:ADM2:7082276B12261061715125,23,CÓRDOBA,23162,CERETÉ,23162005,CUERO CURTIDO,CP,-75.960836,8.931399,
gb:COL:ADM2:7082276B12261061715125,23,CÓRDOBA,23162,CERETÉ,23162006,RETIRO DE LOS INDIOS,CP,-75.81639,8.856211,
gb:COL:ADM2:7082276B12261061715125,23,CÓRDOBA,23162,CERETÉ,23162010,EL CHORRILLO,CP,-75.873711,8.907196,
gb:COL:ADM2:7082276B12261061715125,23,CÓRDOBA,23162,CERETÉ,23162012,SAN ANTONIO,CP,-75.761227,8.903008,
gb:COL:ADM2:7082276B12261061715125,23,CÓRDOBA,23162,CERETÉ,23162013,EL CEDRO,CP,-75.752223,8.935747,
gb:COL:ADM2:7082276B12261061715125,23,CÓRDOBA,23162,CERETÉ,23162014,ZARZALITO,CP,-75.760901,8.957004,
gb:COL:ADM2:7082276B12261061715125,23,CÓRDOBA,23162,CERETÉ,23162016,MANGUELITO,CP,-75.789186,8.925362,
gb:COL:ADM2:7082276B12261061715125,23,CÓRDOBA,23162,CERETÉ,23162018,EL QUEMADO,CP,-75.815664,8.869847,
gb:COL:ADM2:7082276B12261061715125,23,CÓRDOBA,23162,CERETÉ,23162023,LA ESMERALDA,CP,-75.835145,8.867712,
gb:COL:ADM2:7082276B12261061715125,23,CÓRDOBA,23162,CERETÉ,23162025,BUENAVISTA DEL RETIRO,CP,-75.819732,8.86193,
gb:COL:ADM2:7082276B12261061715125,23,CÓRDOBA,23162,CERETÉ,23162026,BUENAVISTA EL QUEMADO,CP,-75.817637,8.872756,
gb:COL:ADM2:7082276B12261061715125,23,CÓRDOBA,23162,CERETÉ,23162027,EL CARMEN,CP,-75.741227,8.962718,
gb:COL:ADM2:7082276B12261061715125,23,CÓRDOBA,23162,CERETÉ,23162032,RUSIA,CP,-75.811819,8.91402,
gb:COL:ADM2:7082276B12261061715125,23,CÓRDOBA,23162,CERETÉ,23162033,CAROLINA,CP,-75.742061,8.840916,
gb:COL:ADM2:7082276B12261061715125,23,CÓRDOBA,23162,CERETÉ,23162034,EL LÍBANO,CP,-75.785941,8.913034,
gb:COL:ADM2:7082276B12261061715125,23,CÓRDOBA,23162,CERETÉ,23162035,ZAPAL,CP,-75.766537,8.928082,
gb:COL:ADM2:7082276B12408702465478,86,PUTUMAYO,86320,ORITO,86320000,ORITO,CM,-76.873276,0.663593,
gb:COL:ADM2:7082276B12408702465478,86,PUTUMAYO,86320,ORITO,86320001,TESALIA,CP,-76.699202,0.63687,
gb:COL:ADM2:7082276B12408702465478,86,PUTUMAYO,86320,ORITO,86320003,SAN JUAN VIDES,CP,-76.699433,0.743243,
gb:COL:ADM2:7082276B12408702465478,86,PUTUMAYO,86320,ORITO,86320004,LUCITANIA,CP,-77.100016,0.472273,
gb:COL:ADM2:7082276B12408702465478,86,PUTUMAYO,86320,ORITO,86320008,BUENOS AIRES,CP,-76.750664,0.665464,
gb:COL:ADM2:7082276B12408702465478,86,PUTUMAYO,86320,ORITO,86320009,SAN VICENTE DE LUZÓN,CP,-76.850874,0.530231,
gb:COL:ADM2:7082276B12408702465478,86,PUTUMAYO,86320,ORITO,86320010,SIBERIA,CP,-77.042245,0.535044,
gb:COL:ADM2:7082276B12408702465478,86,PUTUMAYO,86320,ORITO,86320011,SIMÓN BOLÍVAR,CP,-76.737181,0.572899,
gb:COL:ADM2:7082276B12408702465478,86,PUTUMAYO,86320,ORITO,86320013,EL ACHIOTE,CP,-77.003375,0.604106,
gb:COL:ADM2:7082276B12408702465478,86,PUTUMAYO,86320,ORITO,86320014,EL LÍBANO,CP,-77.0239,0.635846,
gb:COL:ADM2:7082276B12408702465478,86,PUTUMAYO,86320,ORITO,86320015,EL PARAÍSO,CP,-76.726391,0.668018,
gb:COL:ADM2:7082276B12408702465478,86,PUTUMAYO,86320,ORITO,86320016,EL YARUMO,CP,-76.824534,0.647588,
gb:COL:ADM2:7082276B12408702465478,86,PUTUMAYO,86320,ORITO,86320017,MONSERRATE,CP,-76.905152,0.698101,
gb:COL:ADM2:7082276B12408702465478,86,PUTUMAYO,86320,ORITO,86320018,PEÑAROL,CP,-76.717161,0.7511,
gb:COL:ADM2:7082276B12408702465478,86,PUTUMAYO,86320,ORITO,86320019,PORTUGAL,CP,-76.768296,0.789836,
gb:COL:ADM2:7082276B12408702465478,86,PUTUMAYO,86320,ORITO,86320020,SAN ANDRÉS,CP,-76.779415,0.660079,
gb:COL:ADM2:7082276B12408702465478,86,PUTUMAYO,86320,ORITO,86320021,RESGUARDO AGUA BLANCA,CP,-76.7411240291,0.554849189595,
gb:COL:ADM2:7082276B12408702465478,86,PUTUMAYO,86320,ORITO,86320022,DELICIAS,CP,-77.0707423976,0.538520545206,
gb:COL:ADM2:7082276B1259376417396,66,RISARALDA,66170,DOSQUEBRADAS,66170000,DOSQUEBRADAS,CM,-75.675371,4.833131,
gb:COL:ADM2:7082276B1259376417396,66,RISARALDA,66170,DOSQUEBRADAS,66170001,ALTO DEL TORO,CP,-75.638263,4.802722,
gb:COL:ADM2:7082276B1259376417396,66,RISARALDA,66170,DOSQUEBRADAS,66170006,LA UNIÓN,CP,-75.693502,4.853037,
gb:COL:ADM2:7082276B1259376417396,66,RISARALDA,66170,DOSQUEBRADAS,66170008,AGUAZUL,CP,-75.65274,4.870648,
gb:COL:ADM2:7082276B1259376417396,66,RISARALDA,66170,DOSQUEBRADAS,66170009,BUENA VISTA,CP,-75.650188,4.828389,
gb:COL:ADM2:7082276B1259376417396,66,RISARALDA,66170,DOSQUEBRADAS,66170010,COMUNEROS,CP,-75.653214,4.810618,
gb:COL:ADM2:7082276B1259376417396,66,RISARALDA,66170,DOSQUEBRADAS,66170011,EL ESTANQUILLO,CP,-75.701667,4.835958,
gb:COL:ADM2:7082276B1259376417396,66,RISARALDA,66170,DOSQUEBRADAS,66170014,LA ESMERALDA,CP,-75.686732,4.838965,
gb:COL:ADM2:7082276B1259376417396,66,RISARALDA,66170,DOSQUEBRADAS,66170017,LA PLAYITA,CP,-75.658363,4.81209,
gb:COL:ADM2:7082276B1259376417396,66,RISARALDA,66170,DOSQUEBRADAS,66170020,NARANJALES,CP,-75.663266,4.816742,
gb:COL:ADM2:7082276B1259376417396,66,RISARALDA,66170,DOSQUEBRADAS,66170021,SANTANA BAJA,CP,-75.689022,4.853531,
gb:COL:ADM2:7082276B1259376417396,66,RISARALDA,66170,DOSQUEBRADAS,66170022,VILLA CAROLA,CP,-75.655124,4.862422,
gb:COL:ADM2:7082276B1259376417396,66,RISARALDA,66170,DOSQUEBRADAS,66170024,EL COFRE,CP,-75.661503,4.86417,
gb:COL:ADM2:7082276B1259376417396,66,RISARALDA,66170,DOSQUEBRADAS,66170026,LA DIVISA PARTE ALTA,CP,-75.655502,4.825738,
gb:COL:ADM2:7082276B12628358742837,23,CÓRDOBA,23419,LOS CÓRDOBAS,23419000,LOS CÓRDOBAS,CM,-76.35518,8.892098,
gb:COL:ADM2:7082276B12628358742837,23,CÓRDOBA,23419,LOS CÓRDOBAS,23419002,EL EBANO,CP,-76.197963,8.84769,
gb:COL:ADM2:7082276B12628358742837,23,CÓRDOBA,23419,LOS CÓRDOBAS,23419004,PUERTO REY,CP,-76.41523,8.887253,
gb:COL:ADM2:7082276B12628358742837,23,CÓRDOBA,23419,LOS CÓRDOBAS,23419005,SANTA ROSA LA CAÑA,CP,-76.343579,8.789913,
gb:COL:ADM2:7082276B12628358742837,23,CÓRDOBA,23419,LOS CÓRDOBAS,23419010,BUENAVISTA,CP,-76.293927,8.874497,
gb:COL:ADM2:7082276B12628358742837,23,CÓRDOBA,23419,LOS CÓRDOBAS,23419011,LA SALADA,CP,-76.287516,8.861703,
gb:COL:ADM2:7082276B12628358742837,23,CÓRDOBA,23419,LOS CÓRDOBAS,23419012,MORINDÓ SANTANA,CP,-76.156584,8.880248,
gb:COL:ADM2:7082276B12628358742837,23,CÓRDOBA,23419,LOS CÓRDOBAS,23419013,JALISCO,CP,-76.266014,8.842836,
gb:COL:ADM2:7082276B12628358742837,23,CÓRDOBA,23419,LOS CÓRDOBAS,23419019,EL GUÁIMARO,CP,-76.363309,8.861261,
gb:COL:ADM2:7082276B12628358742837,23,CÓRDOBA,23419,LOS CÓRDOBAS,23419020,LA APONDERANCIA,CP,-76.152011,8.813624,
gb:COL:ADM2:7082276B12628358742837,23,CÓRDOBA,23419,LOS CÓRDOBAS,23419025,LOS ESQUIMALES,CP,-76.23205,8.838201,
gb:COL:ADM2:7082276B12628358742837,23,CÓRDOBA,23419,LOS CÓRDOBAS,23419026,MINUTO DE DIOS,CP,-76.413212,8.879916,
gb:COL:ADM2:7082276B12628358742837,23,CÓRDOBA,23419,LOS CÓRDOBAS,23419030,NUEVO NARIÑO,CP,-76.297562,8.814211,
gb:COL:ADM2:7082276B12666092596275,41,HUILA,41530,PALESTINA,41530000,PALESTINA,CM,-76.133251,1.723725,
gb:COL:ADM2:7082276B13648445071260,23,CÓRDOBA,23672,SAN ANTERO,23672000,SAN ANTERO,CM,-75.76112,9.376434,
gb:COL:ADM2:7082276B13648445071260,23,CÓRDOBA,23672,SAN ANTERO,23672001,EL PORVENIR,CP,-75.708657,9.405957,
gb:COL:ADM2:7082276B13648445071260,23,CÓRDOBA,23672,SAN ANTERO,23672003,NUEVO AGRADO,CP,-75.806718,9.308466,
gb:COL:ADM2:7082276B13648445071260,23,CÓRDOBA,23672,SAN ANTERO,23672004,SANTA ROSA DEL BÁLSAMO,CP,-75.716428,9.320514,
gb:COL:ADM2:7082276B13648445071260,23,CÓRDOBA,23672,SAN ANTERO,23672005,TIJERETAS,CP,-75.787849,9.292122,
gb:COL:ADM2:7082276B13648445071260,23,CÓRDOBA,23672,SAN ANTERO,23672006,BIJAITO,CP,-75.730241,9.404612,
gb:COL:ADM2:7082276B13648445071260,23,CÓRDOBA,23672,SAN ANTERO,23672009,CALAO,CP,-75.734302,9.417565,
gb:COL:ADM2:7082276B13648445071260,23,CÓRDOBA,23672,SAN ANTERO,23672011,CISPATA,CP,-75.774928,9.396618,
gb:COL:ADM2:7082276B13648445071260,23,CÓRDOBA,23672,SAN ANTERO,23672012,EL NARANJO,CP,-75.781737,9.327753,
gb:COL:ADM2:7082276B13648445071260,23,CÓRDOBA,23672,SAN ANTERO,23672013,EL PROGRESO,CP,-75.789274,9.346684,
gb:COL:ADM2:7082276B13648445071260,23,CÓRDOBA,23672,SAN ANTERO,23672015,GRAU,CP,-75.72078,9.410778,
gb:COL:ADM2:7082276B13648445071260,23,CÓRDOBA,23672,SAN ANTERO,23672016,LA BONGUITA,CP,-75.765703,9.393717,
gb:COL:ADM2:7082276B13648445071260,23,CÓRDOBA,23672,SAN ANTERO,23672017,LA PARRILLA,CP,-75.719286,9.406063,
gb:COL:ADM2:7082276B13648445071260,23,CÓRDOBA,23672,SAN ANTERO,23672019,LAS NUBES,CP,-75.79271,9.344825,
gb:COL:ADM2:7082276B13648445071260,23,CÓRDOBA,23672,SAN ANTERO,23672020,LETICIA,CP,-75.806311,9.330139,
gb:COL:ADM2:7082276B13648445071260,23,CÓRDOBA,23672,SAN ANTERO,23672021,PLAYA BLANCA,CP,-75.763206,9.404168,
gb:COL:ADM2:7082276B13648445071260,23,CÓRDOBA,23672,SAN ANTERO,23672022,PUNTA BOLÍVAR,CP,-75.724477,9.414047,
gb:COL:ADM2:7082276B13648445071260,23,CÓRDOBA,23672,SAN ANTERO,23672023,SAN JOSE,CP,-75.782333,9.341002,
gb:COL:ADM2:7082276B13648445071260,23,CÓRDOBA,23672,SAN ANTERO,23672024,SANTA CRUZ,CP,-75.77471,9.31922,
gb:COL:ADM2:7082276B13648445071260,23,CÓRDOBA,23672,SAN ANTERO,23672025,BERNARDO ESCOBAR,CP,-75.748972,9.38956,
gb:COL:ADM2:7082276B13648445071260,23,CÓRDOBA,23672,SAN ANTERO,23672026,MIRIAM PARDO,CP,-75.744239,9.380607,
gb:COL:ADM2:7082276B13648445071260,23,CÓRDOBA,23672,SAN ANTERO,23672027,SAN MARTÍN 1,CP,-75.749318,9.373375,
gb:COL:ADM2:7082276B13648445071260,23,CÓRDOBA,23672,SAN ANTERO,23672028,SAN MARTÍN 2,CP,-75.751163,9.374752,
gb:COL:ADM2:7082276B13648445071260,23,CÓRDOBA,23672,SAN ANTERO,23672029,NARANJO 1,CP,-75.783391,9.333029,
gb:COL:ADM2:7082276B1381167873192,76,VALLE DEL CAUCA,76243,EL ÁGUILA,76243000,EL ÁGUILA,CM,-76.042779,4.906062,
gb:COL:ADM2:7082276B1381167873192,76,VALLE DEL CAUCA,76243,EL ÁGUILA,76243002,LA ESPARTA,CP,-75.988643,4.911537,
gb:COL:ADM2:7082276B1381167873192,76,VALLE DEL CAUCA,76243,EL ÁGUILA,76243005,LA MARÍA - QUEBRADAGRANDE,CP,-76.082144,4.868406,
gb:COL:ADM2:7082276B1381167873192,76,VALLE DEL CAUCA,76243,EL ÁGUILA,76243006,SAN JOSÉ,CP,-76.047181,4.950242,
gb:COL:ADM2:7082276B1381167873192,76,VALLE DEL CAUCA,76243,EL ÁGUILA,76243008,CAÑAVERAL - VILLANUEVA,CP,-76.03813,4.970034,
gb:COL:ADM2:7082276B1381167873192,76,VALLE DEL CAUCA,76243,EL ÁGUILA,76243030,LA QUIEBRA DE SAN PABLO,CP,-76.060696,4.859774,
gb:COL:ADM2:7082276B1381167873192,76,VALLE DEL CAUCA,76243,EL ÁGUILA,76243031,EL GUAYABO,CP,-76.047887,4.93133,
gb:COL:ADM2:7082276B15347498266609,19,CAUCA,19585,PURACÉ,19585000,COCONUCO,CM,-76.496698,2.341507,
gb:COL:ADM2:7082276B15347498266609,19,CAUCA,19585,PURACÉ,19585004,PURACÉ,CP,-76.455368,2.381061,
gb:COL:ADM2:7082276B15347498266609,19,CAUCA,19585,PURACÉ,19585007,SANTA LETICIA,CP,-76.16999,2.239744,
gb:COL:ADM2:7082276B15347498266609,19,CAUCA,19585,PURACÉ,19585008,JUAN TAMA,CP,-76.165553,2.241316,
gb:COL:ADM2:7082276B15347498266609,19,CAUCA,19585,PURACÉ,19585009,PALETARÁ,CP,-76.494933,2.203316,
gb:COL:ADM2:7082276B15347498266609,19,CAUCA,19585,PURACÉ,19585010,CHAPÍO,CP,-76.444379,2.381448,
gb:COL:ADM2:7082276B15347498266609,19,CAUCA,19585,PURACÉ,19585011,SAN BARTOLO,CP,-76.501849,2.323129,
gb:COL:ADM2:7082276B15347498266609,19,CAUCA,19585,PURACÉ,19585012,SAN PEDRILLO,CP,-76.499688,2.333706,
gb:COL:ADM2:7082276B15347498266609,19,CAUCA,19585,PURACÉ,19585013,BELÉN,CP,-76.499145,2.342403,
gb:COL:ADM2:7082276B15347498266609,19,CAUCA,19585,PURACÉ,19585014,SAN JOSÉ PISANRABO,CP,-76.486443,2.320448,
gb:COL:ADM2:7082276B15347498266609,19,CAUCA,19585,PURACÉ,19585015,HISPALA,CP,-76.4788921751,2.36896821676,
gb:COL:ADM2:7082276B15347498266609,19,CAUCA,19585,PURACÉ,19585016,20 DE JULIO,CP,-76.4865067416,2.38941722787,
gb:COL:ADM2:7082276B15762794727081,23,CÓRDOBA,23807,TIERRALTA,23807000,TIERRALTA,CM,-76.059797,8.170612,
gb:COL:ADM2:7082276B15762794727081,23,CÓRDOBA,23807,TIERRALTA,23807002,CARAMELO,CP,-75.902457,8.262982,
gb:COL:ADM2:7082276B15762794727081,23,CÓRDOBA,23807,TIERRALTA,23807004,MANTAGORDAL,CP,-75.821096,8.222783,
gb:COL:ADM2:7082276B15762794727081,23,CÓRDOBA,23807,TIERRALTA,23807005,NUEVA GRANADA,CP,-75.924824,8.1489,
gb:COL:ADM2:7082276B15762794727081,23,CÓRDOBA,23807,TIERRALTA,23807006,EL SAIZA,CP,-76.412791,7.744249,
gb:COL:ADM2:7082276B15762794727081,23,CÓRDOBA,23807,TIERRALTA,23807007,SANTA FE RALITO,CP,-75.877483,8.160141,
gb:COL:ADM2:7082276B15762794727081,23,CÓRDOBA,23807,TIERRALTA,23807008,SEVERINERA,CP,-75.789993,8.248466,
gb:COL:ADM2:7082276B15762794727081,23,CÓRDOBA,23807,TIERRALTA,23807010,VOLADOR,CP,-76.054771,8.303855,
gb:COL:ADM2:7082276B15762794727081,23,CÓRDOBA,23807,TIERRALTA,23807017,FRASQUILLO NUEVO,CP,-76.193634,8.000122,
gb:COL:ADM2:7082276B15762794727081,23,CÓRDOBA,23807,TIERRALTA,23807019,CARRIZOLA,CP,-76.094631,8.153276,
gb:COL:ADM2:7082276B15762794727081,23,CÓRDOBA,23807,TIERRALTA,23807020,EL ÁGUILA - BATATA,CP,-76.33621,8.035986,
gb:COL:ADM2:7082276B15762794727081,23,CÓRDOBA,23807,TIERRALTA,23807026,LOS MORALES,CP,-76.039047,8.234918,
gb:COL:ADM2:7082276B15762794727081,23,CÓRDOBA,23807,TIERRALTA,23807027,SANTA MARTA,CP,-75.912689,8.113136,
gb:COL:ADM2:7082276B15762794727081,23,CÓRDOBA,23807,TIERRALTA,23807028,VILLA PROVIDENCIA,CP,-76.166155,8.088832,
gb:COL:ADM2:7082276B15762794727081,23,CÓRDOBA,23807,TIERRALTA,23807029,CRUCITO,CP,-76.235545,7.88837,
gb:COL:ADM2:7082276B15762794727081,23,CÓRDOBA,23807,TIERRALTA,23807032,PUEBLO CEDRO,CP,-75.911416,8.106148,
gb:COL:ADM2:7082276B15762794727081,23,CÓRDOBA,23807,TIERRALTA,23807040,CAMPO BELLO,CP,-76.149015,8.051593,
gb:COL:ADM2:7082276B15762794727081,23,CÓRDOBA,23807,TIERRALTA,23807041,LAS DELICIAS,CP,-76.105323,8.122919,
gb:COL:ADM2:7082276B15762794727081,23,CÓRDOBA,23807,TIERRALTA,23807042,SAN RAFAEL,CP,-76.08796,8.116484,
gb:COL:ADM2:7082276B15762794727081,23,CÓRDOBA,23807,TIERRALTA,23807043,EL ROSARIO,CP,-76.062961,8.135867,
gb:COL:ADM2:7082276B15762794727081,23,CÓRDOBA,23807,TIERRALTA,23807044,VIRGILIO VARGAS,CP,-76.05804,8.149109,
gb:COL:ADM2:7082276B15762794727081,23,CÓRDOBA,23807,TIERRALTA,23807045,NUEVA ESPERANZA,CP,-76.025536,8.229697,
gb:COL:ADM2:7082276B15762794727081,23,CÓRDOBA,23807,TIERRALTA,23807046,NEJONDO,CP,-76.175963,7.717134,
gb:COL:ADM2:7082276B15762794727081,23,CÓRDOBA,23807,TIERRALTA,23807047,KOREDO,CP,-76.169208,7.708784,
gb:COL:ADM2:7082276B15762794727081,23,CÓRDOBA,23807,TIERRALTA,23807048,SANTA ANA,CP,-76.1805809451,8.01468220204,
gb:COL:ADM2:7082276B15762794727081,23,CÓRDOBA,23807,TIERRALTA,23807049,SALTILLO PALMIRA,CP,-76.020479076,8.11396959586,
gb:COL:ADM2:7082276B15762794727081,23,CÓRDOBA,23807,TIERRALTA,23807050,EL POLLO,CP,-76.1133523406,8.08602420127,
gb:COL:ADM2:7082276B15762794727081,23,CÓRDOBA,23807,TIERRALTA,23807051,SAMBUDÓ,CP,-76.2195461081,7.74049222719,
gb:COL:ADM2:7082276B15762794727081,23,CÓRDOBA,23807,TIERRALTA,23807052,BEGUIDÓ,CP,-76.2458736865,7.74358908606,
gb:COL:ADM2:7082276B16171151514761,76,VALLE DEL CAUCA,76403,LA VICTORIA,76403000,LA VICTORIA,CM,-76.036529,4.523603,
gb:COL:ADM2:7082276B16171151514761,76,VALLE DEL CAUCA,76403,LA VICTORIA,76403003,HOLGUÍN,CP,-75.987329,4.506222,
gb:COL:ADM2:7082276B16171151514761,76,VALLE DEL CAUCA,76403,LA VICTORIA,76403004,MIRAVALLES,CP,-75.917123,4.517547,
gb:COL:ADM2:7082276B16171151514761,76,VALLE DEL CAUCA,76403,LA VICTORIA,76403005,RIVERALTA,CP,-75.885374,4.509852,
gb:COL:ADM2:7082276B16171151514761,76,VALLE DEL CAUCA,76403,LA VICTORIA,76403006,SAN JOSÉ,CP,-76.005388,4.507534,
gb:COL:ADM2:7082276B16171151514761,76,VALLE DEL CAUCA,76403,LA VICTORIA,76403007,SAN PEDRO,CP,-76.046261,4.510099,
gb:COL:ADM2:7082276B16171151514761,76,VALLE DEL CAUCA,76403,LA VICTORIA,76403009,TAGUALES,CP,-75.91586,4.458524,
gb:COL:ADM2:7082276B16460113853729,76,VALLE DEL CAUCA,76036,ANDALUCÍA,76036000,ANDALUCÍA,CM,-76.167925,4.171713,
gb:COL:ADM2:7082276B16460113853729,76,VALLE DEL CAUCA,76036,ANDALUCÍA,76036002,CAMPOALEGRE,CP,-76.207259,4.178379,
gb:COL:ADM2:7082276B16460113853729,76,VALLE DEL CAUCA,76036,ANDALUCÍA,76036003,EL SALTO,CP,-76.23644,4.165131,
gb:COL:ADM2:7082276B16460113853729,76,VALLE DEL CAUCA,76036,ANDALUCÍA,76036006,TAMBORAL,CP,-76.186061,4.168151,
gb:COL:ADM2:7082276B16460113853729,76,VALLE DEL CAUCA,76036,ANDALUCÍA,76036007,ZANJÓN DE PIEDRA,CP,-76.219096,4.16647,
gb:COL:ADM2:7082276B16460113853729,76,VALLE DEL CAUCA,76036,ANDALUCÍA,76036009,MONTE HERMOSO,CP,-76.196345,4.171183,
gb:COL:ADM2:7082276B16460113853729,76,VALLE DEL CAUCA,76036,ANDALUCÍA,76036010,MADRE VIEJA,CP,-76.214336,4.189569,
gb:COL:ADM2:7082276B16460113853729,76,VALLE DEL CAUCA,76036,ANDALUCÍA,76036011,LA PAZ,CP,-76.175722,4.176868,
gb:COL:ADM2:7082276B17294841242383,19,CAUCA,19780,SUÁREZ,19780000,SUÁREZ,CM,-76.69357,2.959785,
gb:COL:ADM2:7082276B17294841242383,19,CAUCA,19780,SUÁREZ,19780007,LA TOMA,CP,-76.68693,2.906869,
gb:COL:ADM2:7082276B17294841242383,19,CAUCA,19780,SUÁREZ,19780008,LA BETULIA,CP,-76.733143,2.981145,
gb:COL:ADM2:7082276B17294841242383,19,CAUCA,19780,SUÁREZ,19780011,ALTAMIRA,CP,-76.785265,2.987591,
gb:COL:ADM2:7082276B17294841242383,19,CAUCA,19780,SUÁREZ,19780012,MATECAÑA,CP,-76.8246102062,2.8551601379,
gb:COL:ADM2:7082276B17294841242383,19,CAUCA,19780,SUÁREZ,19780013,PLAYA RICA,CP,-76.72558649,2.97686498057,
gb:COL:ADM2:7082276B17617494286143,41,HUILA,41801,TERUEL,41801000,TERUEL,CM,-75.567034,2.740968,
gb:COL:ADM2:7082276B17720170478465,23,CÓRDOBA,23580,PUERTO LIBERTADOR,23580000,PUERTO LIBERTADOR,CM,-75.671761,7.888859,
gb:COL:ADM2:7082276B17720170478465,23,CÓRDOBA,23580,PUERTO LIBERTADOR,23580001,LA RICA,CP,-75.779637,7.781621,
gb:COL:ADM2:7082276B17720170478465,23,CÓRDOBA,23580,PUERTO LIBERTADOR,23580002,PICA PICA VIEJO,CP,-75.675402,8.013839,
gb:COL:ADM2:7082276B17720170478465,23,CÓRDOBA,23580,PUERTO LIBERTADOR,23580003,VILLANUEVA,CP,-75.741723,7.835042,
gb:COL:ADM2:7082276B17720170478465,23,CÓRDOBA,23580,PUERTO LIBERTADOR,23580004,JUAN JOSÉ,CP,-75.853922,7.732787,
gb:COL:ADM2:7082276B17720170478465,23,CÓRDOBA,23580,PUERTO LIBERTADOR,23580006,BUENOS AIRES,CP,-75.639775,7.889027,
gb:COL:ADM2:7082276B17720170478465,23,CÓRDOBA,23580,PUERTO LIBERTADOR,23580009,SANTA FÉ DE LAS CLARAS,CP,-75.687002,7.735934,
gb:COL:ADM2:7082276B17720170478465,23,CÓRDOBA,23580,PUERTO LIBERTADOR,23580010,SAN JUAN,CP,-75.726599,7.730978,
gb:COL:ADM2:7082276B17720170478465,23,CÓRDOBA,23580,PUERTO LIBERTADOR,23580011,PUERTO BELÉN,CP,-75.822682,7.839356,
gb:COL:ADM2:7082276B17720170478465,23,CÓRDOBA,23580,PUERTO LIBERTADOR,23580012,EL BRILLANTE,CP,-75.818134,7.868522,
gb:COL:ADM2:7082276B17720170478465,23,CÓRDOBA,23580,PUERTO LIBERTADOR,23580014,PUERTO CAREPA,CP,-75.806618,7.919334,
gb:COL:ADM2:7082276B17720170478465,23,CÓRDOBA,23580,PUERTO LIBERTADOR,23580015,TORNO ROJO,CP,-75.553009,7.969677,
gb:COL:ADM2:7082276B17720170478465,23,CÓRDOBA,23580,PUERTO LIBERTADOR,23580016,CENTRO AMÉRICA,CP,-75.595322,7.927807,
gb:COL:ADM2:7082276B17720170478465,23,CÓRDOBA,23580,PUERTO LIBERTADOR,23580017,COROSALITO,CP,-75.670105,7.812628,
gb:COL:ADM2:7082276B17720170478465,23,CÓRDOBA,23580,PUERTO LIBERTADOR,23580018,NUEVA ESPERANZA,CP,-75.69239,7.966853,
gb:COL:ADM2:7082276B17720170478465,23,CÓRDOBA,23580,PUERTO LIBERTADOR,23580019,SIETE DE AGOSTO,CP,-75.66015,7.890235,
gb:COL:ADM2:7082276B17720170478465,23,CÓRDOBA,23580,PUERTO LIBERTADOR,23580020,VILLA ESPERANZA,CP,-75.654912,7.889928,
gb:COL:ADM2:7082276B17720170478465,23,CÓRDOBA,23580,PUERTO LIBERTADOR,23580021,MONGARADO,CP,-75.8417197194,7.79435852032,
gb:COL:ADM2:7082276B1809548619611,76,VALLE DEL CAUCA,76233,DAGUA,76233000,DAGUA,CM,-76.68886,3.657318,
gb:COL:ADM2:7082276B1809548619611,76,VALLE DEL CAUCA,76233,DAGUA,76233001,ATUNCELA,CP,-76.675596,3.73684,
gb:COL:ADM2:7082276B1809548619611,76,VALLE DEL CAUCA,76233,DAGUA,76233002,BORRERO AYERBE,CP,-76.646492,3.57229,
gb:COL:ADM2:7082276B1809548619611,76,VALLE DEL CAUCA,76233,DAGUA,76233004,CISNEROS,CP,-76.759371,3.780991,
gb:COL:ADM2:7082276B1809548619611,76,VALLE DEL CAUCA,76233,DAGUA,76233005,EL CARMEN,CP,-76.651965,3.552709,
gb:COL:ADM2:7082276B1809548619611,76,VALLE DEL CAUCA,76233,DAGUA,76233007,EL LIMONAR,CP,-76.710276,3.609395,
gb:COL:ADM2:7082276B1809548619611,76,VALLE DEL CAUCA,76233,DAGUA,76233008,EL NARANJO,CP,-76.716933,3.780526,
gb:COL:ADM2:7082276B1809548619611,76,VALLE DEL CAUCA,76233,DAGUA,76233009,EL PALMAR,CP,-76.64699,3.600896,
gb:COL:ADM2:7082276B1809548619611,76,VALLE DEL CAUCA,76233,DAGUA,76233010,EL PIÑAL,CP,-76.661034,3.687946,
gb:COL:ADM2:7082276B1809548619611,76,VALLE DEL CAUCA,76233,DAGUA,76233011,EL QUEREMAL,CP,-76.712945,3.525796,
gb:COL:ADM2:7082276B1809548619611,76,VALLE DEL CAUCA,76233,DAGUA,76233012,EL SALADO,CP,-76.714594,3.56069,
gb:COL:ADM2:7082276B1809548619611,76,VALLE DEL CAUCA,76233,DAGUA,76233017,LOBO GUERRERO,CP,-76.665945,3.762049,
gb:COL:ADM2:7082276B1809548619611,76,VALLE DEL CAUCA,76233,DAGUA,76233019,SAN BERNARDO,CP,-76.651172,3.489221,
gb:COL:ADM2:7082276B1809548619611,76,VALLE DEL CAUCA,76233,DAGUA,76233020,SAN VICENTE,CP,-76.676145,3.654779,
gb:COL:ADM2:7082276B1809548619611,76,VALLE DEL CAUCA,76233,DAGUA,76233021,SANTA MARÍA,CP,-76.715584,3.63391,
gb:COL:ADM2:7082276B1809548619611,76,VALLE DEL CAUCA,76233,DAGUA,76233023,TOCOTÁ,CP,-76.647608,3.50727,
gb:COL:ADM2:7082276B1809548619611,76,VALLE DEL CAUCA,76233,DAGUA,76233025,ZABALETAS,CP,-76.620333,3.811706,
gb:COL:ADM2:7082276B1809548619611,76,VALLE DEL CAUCA,76233,DAGUA,76233027,JUNTAS,CP,-76.759917,3.77668,
gb:COL:ADM2:7082276B1809548619611,76,VALLE DEL CAUCA,76233,DAGUA,76233033,PUEBLO NUEVO,CP,-76.628324,3.58126,
gb:COL:ADM2:7082276B1809548619611,76,VALLE DEL CAUCA,76233,DAGUA,76233035,EL CHILCAL,CP,-76.712498,3.58082,
gb:COL:ADM2:7082276B1809548619611,76,VALLE DEL CAUCA,76233,DAGUA,76233036,KILÓMETRO 26,CP,-76.611666,3.561613,
gb:COL:ADM2:7082276B1809548619611,76,VALLE DEL CAUCA,76233,DAGUA,76233039,LA VIRGEN,CP,-76.638919,3.590121,
gb:COL:ADM2:7082276B1809548619611,76,VALLE DEL CAUCA,76233,DAGUA,76233041,LAS CAMELIAS,CP,-76.714826,3.544096,
gb:COL:ADM2:7082276B1809548619611,76,VALLE DEL CAUCA,76233,DAGUA,76233044,VERGEL,CP,-76.620628,3.576734,
gb:COL:ADM2:7082276B1809548619611,76,VALLE DEL CAUCA,76233,DAGUA,76233045,EL GALPÓN,CP,-76.653037,3.561953,
gb:COL:ADM2:7082276B1809548619611,76,VALLE DEL CAUCA,76233,DAGUA,76233046,EL RODEO,CP,-76.708674,3.59311,
gb:COL:ADM2:7082276B1809548619611,76,VALLE DEL CAUCA,76233,DAGUA,76233047,KATANGA,CP,-76.798981,3.852897,
gb:COL:ADM2:7082276B1809548619611,76,VALLE DEL CAUCA,76233,DAGUA,76233048,EL CEDRO,CP,-76.764372,3.787013,
gb:COL:ADM2:7082276B1809548619611,76,VALLE DEL CAUCA,76233,DAGUA,76233049,LA DELFINA,CP,-76.780959485,3.818336508,
gb:COL:ADM2:7082276B1809548619611,76,VALLE DEL CAUCA,76233,DAGUA,76233050,EL EDEN,CP,-76.779377,3.814339,
gb:COL:ADM2:7082276B1809548619611,76,VALLE DEL CAUCA,76233,DAGUA,76233051,PLAYA LARGA,CP,-76.779068,3.811075,
gb:COL:ADM2:7082276B19709317443254,76,VALLE DEL CAUCA,76100,BOLÍVAR,76100000,BOLÍVAR,CM,-76.183583,4.337846,
gb:COL:ADM2:7082276B19709317443254,76,VALLE DEL CAUCA,76100,BOLÍVAR,76100001,BETANIA,CP,-76.309315,4.43713,
gb:COL:ADM2:7082276B19709317443254,76,VALLE DEL CAUCA,76100,BOLÍVAR,76100002,CERRO AZUL,CP,-76.282449,4.277151,
gb:COL:ADM2:7082276B19709317443254,76,VALLE DEL CAUCA,76100,BOLÍVAR,76100006,LA HERRADURA,CP,-76.214267,4.277012,
gb:COL:ADM2:7082276B19709317443254,76,VALLE DEL CAUCA,76100,BOLÍVAR,76100007,LA TULIA,CP,-76.244051,4.384175,
gb:COL:ADM2:7082276B19709317443254,76,VALLE DEL CAUCA,76100,BOLÍVAR,76100008,NARANJAL,CP,-76.354341,4.357377,
gb:COL:ADM2:7082276B19709317443254,76,VALLE DEL CAUCA,76100,BOLÍVAR,76100009,PRIMAVERA,CP,-76.265206,4.353131,
gb:COL:ADM2:7082276B19709317443254,76,VALLE DEL CAUCA,76100,BOLÍVAR,76100010,RICAURTE,CP,-76.207478,4.308607,
gb:COL:ADM2:7082276B19709317443254,76,VALLE DEL CAUCA,76100,BOLÍVAR,76100012,AGUAS LINDAS,CP,-76.324816,4.412444,
gb:COL:ADM2:7082276B19709317443254,76,VALLE DEL CAUCA,76100,BOLÍVAR,76100014,SAN FERNANDO,CP,-76.167354,4.339451,
gb:COL:ADM2:7082276B2042357516453,41,HUILA,41518,PAICOL,41518000,PAICOL,CM,-75.773158,2.449651,
gb:COL:ADM2:7082276B2042357516453,41,HUILA,41518,PAICOL,41518001,LA REFORMA,CP,-75.699493,2.449071,
gb:COL:ADM2:7082276B2042357516453,41,HUILA,41518,PAICOL,41518002,LAS LAJITAS,CP,-75.748544,2.446941,
gb:COL:ADM2:7082276B21026196123050,41,HUILA,41799,TELLO,41799000,TELLO,CM,-75.138773,3.067538,
gb:COL:ADM2:7082276B21026196123050,41,HUILA,41799,TELLO,41799001,ANACLETO GARCÍA,CP,-75.041738,2.9497,
gb:COL:ADM2:7082276B21026196123050,41,HUILA,41799,TELLO,41799002,SIERRA DEL GRAMAL,CP,-75.074292,2.998549,
gb:COL:ADM2:7082276B21026196123050,41,HUILA,41799,TELLO,41799003,SAN ANDRÉS TELLO,CP,-75.0156,3.048243,
gb:COL:ADM2:7082276B21026196123050,41,HUILA,41799,TELLO,41799004,SIERRA DE LA CAÑADA,CP,-75.077717,3.015327,
gb:COL:ADM2:7082276B22050163903058,41,HUILA,41026,ALTAMIRA,41026000,ALTAMIRA,CM,-75.788471,2.063841,
gb:COL:ADM2:7082276B22050163903058,41,HUILA,41026,ALTAMIRA,41026004,LLANO DE LA VIRGEN,CP,-75.713784,2.159415,
gb:COL:ADM2:7082276B22050163903058,41,HUILA,41026,ALTAMIRA,41026005,PUENTE,CP,-75.777626,2.025263,
gb:COL:ADM2:7082276B22277763183107,63,QUINDÍO,63548,PIJAO,63548000,PIJAO,CM,-75.703329,4.335036,
gb:COL:ADM2:7082276B22277763183107,63,QUINDÍO,63548,PIJAO,63548002,LA MARIELA,CP,-75.748491,4.301626,
gb:COL:ADM2:7082276B22377249652696,19,CAUCA,19807,TIMBÍO,19807000,TIMBÍO,CM,-76.684476,2.349686,
gb:COL:ADM2:7082276B22377249652696,19,CAUCA,19807,TIMBÍO,19807007,CRUCES,CP,-76.688706,2.316906,
gb:COL:ADM2:7082276B22377249652696,19,CAUCA,19807,TIMBÍO,19807009,ALTO SAN JOSÉ,CP,-76.750313,2.345094,
gb:COL:ADM2:7082276B22377249652696,19,CAUCA,19807,TIMBÍO,19807016,LAS HUACAS,CP,-76.698191,2.345331,
gb:COL:ADM2:7082276B22377249652696,19,CAUCA,19807,TIMBÍO,19807017,SAN PEDRITO,CP,-76.717327,2.363351,
gb:COL:ADM2:7082276B22807037286061,66,RISARALDA,66572,PUEBLO RICO,66572000,PUEBLO RICO,CM,-76.030801,5.222043,
gb:COL:ADM2:7082276B22807037286061,66,RISARALDA,66572,PUEBLO RICO,66572001,SANTA CECILIA,CP,-76.146471,5.341066,
gb:COL:ADM2:7082276B22807037286061,66,RISARALDA,66572,PUEBLO RICO,66572002,VILLA CLARET,CP,-75.995741,5.315971,
gb:COL:ADM2:7082276B22807037286061,66,RISARALDA,66572,PUEBLO RICO,66572012,LA PUNTA,CP,-76.0929019602,5.41214529707,
gb:COL:ADM2:7082276B22807037286061,66,RISARALDA,66572,PUEBLO RICO,66572013,KEMBERDE,CP,-76.1100812949,5.38652011148,
gb:COL:ADM2:7082276B22807037286061,66,RISARALDA,66572,PUEBLO RICO,66572014,SANTA TERESA,CP,-76.1082006157,5.38497916786,
gb:COL:ADM2:7082276B22807037286061,66,RISARALDA,66572,PUEBLO RICO,66572015,DOCABÚ,CP,-76.1046900144,5.37279452351,
gb:COL:ADM2:7082276B22807037286061,66,RISARALDA,66572,PUEBLO RICO,66572016,LUMADÉ,CP,-76.1289558366,5.41003994733,
gb:COL:ADM2:7082276B22807037286061,66,RISARALDA,66572,PUEBLO RICO,66572017,GUAYABAL,CP,-76.1223755356,5.39947002092,
gb:COL:ADM2:7082276B22807037286061,66,RISARALDA,66572,PUEBLO RICO,66572018,BAJO BARAKIRURA,CP,-76.0946240794,5.38255067706,
gb:COL:ADM2:7082276B22807037286061,66,RISARALDA,66572,PUEBLO RICO,66572019,ALTO BARAKIRURA,CP,-76.0960995924,5.37388812385,
gb:COL:ADM2:7082276B22807037286061,66,RISARALDA,66572,PUEBLO RICO,66572020,SANTA MARTA,CP,-76.1109481541,5.35341325612,
gb:COL:ADM2:7082276B22807037286061,66,RISARALDA,66572,PUEBLO RICO,66572021,KUNDUMI,CP,-76.0824596791,5.36078350531,
gb:COL:ADM2:7082276B2298083414171,19,CAUCA,19533,PIAMONTE,19533000,PIAMONTE,CM,-76.327588,1.11754,
gb:COL:ADM2:7082276B2298083414171,19,CAUCA,19533,PIAMONTE,19533002,EL REMANSO,CP,-76.207813,1.026335,
gb:COL:ADM2:7082276B2298083414171,19,CAUCA,19533,PIAMONTE,19533003,MIRAFLOR,CP,-76.438646,1.030306,
gb:COL:ADM2:7082276B2298083414171,19,CAUCA,19533,PIAMONTE,19533004,YAPURÁ,CP,-76.144697,1.019025,
gb:COL:ADM2:7082276B2298083414171,19,CAUCA,19533,PIAMONTE,19533005,LAS PALMERAS 1,CP,-76.38965,1.047741,
gb:COL:ADM2:7082276B2298083414171,19,CAUCA,19533,PIAMONTE,19533006,LAS PALMERAS 2,CP,-76.386295,1.043496,
gb:COL:ADM2:7082276B2298083414171,19,CAUCA,19533,PIAMONTE,19533007,NÁPOLES,CP,-76.477609,1.049265,
gb:COL:ADM2:7082276B24911475844532,86,PUTUMAYO,86755,SAN FRANCISCO,86755000,SAN FRANCISCO,CM,-76.879283,1.174194,
gb:COL:ADM2:7082276B24911475844532,86,PUTUMAYO,86755,SAN FRANCISCO,86755001,SAN ANTONIO,CP,-76.919601,1.146966,
gb:COL:ADM2:7082276B24911475844532,86,PUTUMAYO,86755,SAN FRANCISCO,86755003,SAN SILVESTRE,CP,-76.933389,1.15696,
gb:COL:ADM2:7082276B24911475844532,86,PUTUMAYO,86755,SAN FRANCISCO,86755004,MINCHOY,CP,-76.818727,1.201652,
gb:COL:ADM2:7082276B25468013916959,86,PUTUMAYO,86757,SAN MIGUEL,86757000,LA DORADA,CM,-76.91217,0.34346,
gb:COL:ADM2:7082276B25468013916959,86,PUTUMAYO,86757,SAN MIGUEL,86757001,PUERTO COLÓN,CP,-76.927725,0.277694,
gb:COL:ADM2:7082276B25468013916959,86,PUTUMAYO,86757,SAN MIGUEL,86757004,AGUA BLANCA,CP,-76.938906,0.374987,
gb:COL:ADM2:7082276B25468013916959,86,PUTUMAYO,86757,SAN MIGUEL,86757013,EL CHIGUACO,CP,-76.863463,0.318731,
gb:COL:ADM2:7082276B25468013916959,86,PUTUMAYO,86757,SAN MIGUEL,86757015,EL MAIZAL,CP,-76.9464,0.344267,
gb:COL:ADM2:7082276B25468013916959,86,PUTUMAYO,86757,SAN MIGUEL,86757018,JORDÁN ORTIZ,CP,-76.981585,0.346994,
gb:COL:ADM2:7082276B25468013916959,86,PUTUMAYO,86757,SAN MIGUEL,86757019,LA CABAÑA,CP,-76.999387,0.319337,
gb:COL:ADM2:7082276B25468013916959,86,PUTUMAYO,86757,SAN MIGUEL,86757025,LA GUISITA,CP,-77.009341,0.351457,
gb:COL:ADM2:7082276B25468013916959,86,PUTUMAYO,86757,SAN MIGUEL,86757028,MESAS DEL SABALITO,CP,-76.945472,0.299465,
gb:COL:ADM2:7082276B25468013916959,86,PUTUMAYO,86757,SAN MIGUEL,86757032,NUEVA RISARALDA,CP,-76.904888,0.326634,
gb:COL:ADM2:7082276B25468013916959,86,PUTUMAYO,86757,SAN MIGUEL,86757043,SAN LUIS DE LA FRONTERA,CP,-76.87783,0.252912,
gb:COL:ADM2:7082276B25468013916959,86,PUTUMAYO,86757,SAN MIGUEL,86757049,EL PARAÍSO,CP,-76.923841,0.283316,
gb:COL:ADM2:7082276B25468013916959,86,PUTUMAYO,86757,SAN MIGUEL,86757050,LA INVASIÓN,CP,-76.920993,0.277276,
gb:COL:ADM2:7082276B25468013916959,86,PUTUMAYO,86757,SAN MIGUEL,86757051,LOS UVOS,CP,-76.927397,0.371082,
gb:COL:ADM2:7082276B27401481263527,76,VALLE DEL CAUCA,76890,YOTOCO,76890000,YOTOCO,CM,-76.382698,3.861241,
gb:COL:ADM2:7082276B27401481263527,76,VALLE DEL CAUCA,76890,YOTOCO,76890001,EL CANEY,CP,-76.427199,3.932866,
gb:COL:ADM2:7082276B27401481263527,76,VALLE DEL CAUCA,76890,YOTOCO,76890003,JIGUALES,CP,-76.44046,3.902504,
gb:COL:ADM2:7082276B27401481263527,76,VALLE DEL CAUCA,76890,YOTOCO,76890004,RAYITO,CP,-76.36973,3.9984,
gb:COL:ADM2:7082276B27401481263527,76,VALLE DEL CAUCA,76890,YOTOCO,76890005,LAS DELICIAS,CP,-76.40281,3.949868,
gb:COL:ADM2:7082276B27401481263527,76,VALLE DEL CAUCA,76890,YOTOCO,76890006,MEDIACANOA,CP,-76.373851,3.898439,
gb:COL:ADM2:7082276B27401481263527,76,VALLE DEL CAUCA,76890,YOTOCO,76890007,MIRAVALLE,CP,-76.382781,3.976606,
gb:COL:ADM2:7082276B27401481263527,76,VALLE DEL CAUCA,76890,YOTOCO,76890008,PUENTETIERRA,CP,-76.458701,3.873556,
gb:COL:ADM2:7082276B27401481263527,76,VALLE DEL CAUCA,76890,YOTOCO,76890009,SAN ANTONIO DE PIEDRAS,CP,-76.323327,4.055776,
gb:COL:ADM2:7082276B27401481263527,76,VALLE DEL CAUCA,76890,YOTOCO,76890011,CAMPOALEGRE,CP,-76.363294,3.996661,
gb:COL:ADM2:7082276B27401481263527,76,VALLE DEL CAUCA,76890,YOTOCO,76890013,LOS PLANES,CP,-76.378096,3.916484,
gb:COL:ADM2:7082276B27401481263527,76,VALLE DEL CAUCA,76890,YOTOCO,76890014,PUNTA BRAVA,CP,-76.351366,3.891741,
gb:COL:ADM2:7082276B27593936754080,41,HUILA,41483,NÁTAGA,41483000,NÁTAGA,CM,-75.808756,2.5451,
gb:COL:ADM2:7082276B27593936754080,41,HUILA,41483,NÁTAGA,41483001,PATIO BONITO,CP,-75.758857,2.630779,
gb:COL:ADM2:7082276B27593936754080,41,HUILA,41483,NÁTAGA,41483002,LLANO BUCO,CP,-75.754436,2.674181,
gb:COL:ADM2:7082276B27593936754080,41,HUILA,41483,NÁTAGA,41483003,YARUMAL,CP,-75.757872,2.651822,
gb:COL:ADM2:7082276B28031700236172,63,QUINDÍO,63594,QUIMBAYA,63594000,QUIMBAYA,CM,-75.765074,4.624387,
gb:COL:ADM2:7082276B28031700236172,63,QUINDÍO,63594,QUIMBAYA,63594002,EL LAUREL,CP,-75.798513,4.582116,
gb:COL:ADM2:7082276B28031700236172,63,QUINDÍO,63594,QUIMBAYA,63594003,LA ESPAÑOLA,CP,-75.701566,4.61476,
gb:COL:ADM2:7082276B28031700236172,63,QUINDÍO,63594,QUIMBAYA,63594005,PUEBLO RICO,CP,-75.752773,4.580714,
gb:COL:ADM2:7082276B28031700236172,63,QUINDÍO,63594,QUIMBAYA,63594006,PUERTO ALEJANDRÍA,CP,-75.85128,4.624257,
gb:COL:ADM2:7082276B28031700236172,63,QUINDÍO,63594,QUIMBAYA,63594007,EL NARANJAL,CP,-75.704658,4.614461,
gb:COL:ADM2:7082276B28031700236172,63,QUINDÍO,63594,QUIMBAYA,63594009,CONDOMINIO CAMPESTRE INCAS PANACA,CP,-75.824328,4.609319,
gb:COL:ADM2:7082276B28574289150765,76,VALLE DEL CAUCA,76130,CANDELARIA,76130000,CANDELARIA,CM,-76.346519,3.408354,
gb:COL:ADM2:7082276B28574289150765,76,VALLE DEL CAUCA,76130,CANDELARIA,76130001,BUCHITOLO,CP,-76.378536,3.380865,
gb:COL:ADM2:7082276B28574289150765,76,VALLE DEL CAUCA,76130,CANDELARIA,76130002,EL ARENAL,CP,-76.35589,3.387314,
gb:COL:ADM2:7082276B28574289150765,76,VALLE DEL CAUCA,76130,CANDELARIA,76130003,EL CABUYAL,CP,-76.34922,3.325002,
gb:COL:ADM2:7082276B28574289150765,76,VALLE DEL CAUCA,76130,CANDELARIA,76130004,EL CARMELO,CP,-76.41644,3.402607,
gb:COL:ADM2:7082276B28574289150765,76,VALLE DEL CAUCA,76130,CANDELARIA,76130005,EL LAURO,CP,-76.34243,3.44654,
gb:COL:ADM2:7082276B28574289150765,76,VALLE DEL CAUCA,76130,CANDELARIA,76130006,EL TIPLE,CP,-76.426477,3.350085,
gb:COL:ADM2:7082276B28574289150765,76,VALLE DEL CAUCA,76130,CANDELARIA,76130007,JUANCHITO,CP,-76.472648,3.447948,
gb:COL:ADM2:7082276B28574289150765,76,VALLE DEL CAUCA,76130,CANDELARIA,76130008,VILLA GORGONA,CP,-76.389828,3.400511,
gb:COL:ADM2:7082276B28574289150765,76,VALLE DEL CAUCA,76130,CANDELARIA,76130009,LA REGINA,CP,-76.327484,3.377346,
gb:COL:ADM2:7082276B28574289150765,76,VALLE DEL CAUCA,76130,CANDELARIA,76130011,MADRE VIEJA,CP,-76.299381,3.465965,
gb:COL:ADM2:7082276B28574289150765,76,VALLE DEL CAUCA,76130,CANDELARIA,76130012,SAN JOAQUÍN,CP,-76.413738,3.384224,
gb:COL:ADM2:7082276B28574289150765,76,VALLE DEL CAUCA,76130,CANDELARIA,76130014,EL OTOÑO,CP,-76.317574,3.402811,
gb:COL:ADM2:7082276B28574289150765,76,VALLE DEL CAUCA,76130,CANDELARIA,76130015,EL GUALÍ,CP,-76.376946,3.434349,
gb:COL:ADM2:7082276B28574289150765,76,VALLE DEL CAUCA,76130,CANDELARIA,76130016,EL POBLADO CAMPESTRE,CP,-76.453927,3.405213,
gb:COL:ADM2:7082276B28574289150765,76,VALLE DEL CAUCA,76130,CANDELARIA,76130017,BRISAS DEL FRAILE,CP,-76.346857,3.380182,
gb:COL:ADM2:7082276B28574289150765,76,VALLE DEL CAUCA,76130,CANDELARIA,76130018,CANTALOMOTA,CP,-76.424317,3.39777,
gb:COL:ADM2:7082276B28574289150765,76,VALLE DEL CAUCA,76130,CANDELARIA,76130019,CAUCASECO,CP,-76.45987,3.442331,
gb:COL:ADM2:7082276B28574289150765,76,VALLE DEL CAUCA,76130,CANDELARIA,76130020,DOMINGO LARGO,CP,-76.459485,3.424329,
gb:COL:ADM2:7082276B28574289150765,76,VALLE DEL CAUCA,76130,CANDELARIA,76130021,LA ALBANIA,CP,-76.345334,3.318567,
gb:COL:ADM2:7082276B28574289150765,76,VALLE DEL CAUCA,76130,CANDELARIA,76130022,LA GLORIA,CP,-76.416297,3.393098,
gb:COL:ADM2:7082276B28574289150765,76,VALLE DEL CAUCA,76130,CANDELARIA,76130023,TRES TUSAS,CP,-76.34569,3.331306,
gb:COL:ADM2:7082276B28574289150765,76,VALLE DEL CAUCA,76130,CANDELARIA,76130027,EL SILENCIO,CP,-76.456225,3.450304,
gb:COL:ADM2:7082276B28574289150765,76,VALLE DEL CAUCA,76130,CANDELARIA,76130038,PATIO BONITO,CP,-76.412922,3.381516,
gb:COL:ADM2:7082276B28574289150765,76,VALLE DEL CAUCA,76130,CANDELARIA,76130039,SAN ANDRESITO,CP,-76.459346,3.454775,
gb:COL:ADM2:7082276B28574289150765,76,VALLE DEL CAUCA,76130,CANDELARIA,76130045,MIRADOR DEL FRAYLE,CP,-76.351741,3.382362,
gb:COL:ADM2:7082276B29582947964512,41,HUILA,41770,SUAZA,41770000,SUAZA,CM,-75.79525,1.976051,
gb:COL:ADM2:7082276B29582947964512,41,HUILA,41770,SUAZA,41770001,GALLARDO,CP,-75.877329,1.875907,
gb:COL:ADM2:7082276B29582947964512,41,HUILA,41770,SUAZA,41770002,GUAYABAL,CP,-75.804437,1.906636,
gb:COL:ADM2:7082276B29582947964512,41,HUILA,41770,SUAZA,41770011,CRUCE ACEVEDO,CP,-75.825762,1.874813,
gb:COL:ADM2:7082276B29582947964512,41,HUILA,41770,SUAZA,41770012,SAN JOSE,CP,-75.801783,1.923907,
gb:COL:ADM2:7082276B30491480162439,23,CÓRDOBA,23001,MONTERÍA,23001000,MONTERÍA,CM,-75.873096,8.759789,
gb:COL:ADM2:7082276B30491480162439,23,CÓRDOBA,23001,MONTERÍA,23001001,BUENOS AIRES,CP,-75.756517,8.46802,
gb:COL:ADM2:7082276B30491480162439,23,CÓRDOBA,23001,MONTERÍA,23001002,PALOTAL,CP,-75.897964,8.856338,
gb:COL:ADM2:7082276B30491480162439,23,CÓRDOBA,23001,MONTERÍA,23001003,EL CERRITO,CP,-75.787381,8.715953,
gb:COL:ADM2:7082276B30491480162439,23,CÓRDOBA,23001,MONTERÍA,23001004,EL SABANAL,CP,-75.80678,8.778804,
gb:COL:ADM2:7082276B30491480162439,23,CÓRDOBA,23001,MONTERÍA,23001005,GUASIMAL,CP,-76.077224,8.367149,
gb:COL:ADM2:7082276B30491480162439,23,CÓRDOBA,23001,MONTERÍA,23001006,JARAQUIEL,CP,-75.944711,8.696763,
gb:COL:ADM2:7082276B30491480162439,23,CÓRDOBA,23001,MONTERÍA,23001007,LA MANTA,CP,-75.724552,8.401467,
gb:COL:ADM2:7082276B30491480162439,23,CÓRDOBA,23001,MONTERÍA,23001008,LAS PALOMAS,CP,-75.995657,8.445604,
gb:COL:ADM2:7082276B30491480162439,23,CÓRDOBA,23001,MONTERÍA,23001009,LETICIA - EL TRONCO,CP,-76.03049,8.679658,
gb:COL:ADM2:7082276B30491480162439,23,CÓRDOBA,23001,MONTERÍA,23001010,LOMA VERDE,CP,-76.173624,8.497626,
gb:COL:ADM2:7082276B30491480162439,23,CÓRDOBA,23001,MONTERÍA,23001011,LOS GARZONES,CP,-75.843558,8.826025,
gb:COL:ADM2:7082276B30491480162439,23,CÓRDOBA,23001,MONTERÍA,23001012,NUEVO PARAÍSO,CP,-76.046619,8.742665,
gb:COL:ADM2:7082276B30491480162439,23,CÓRDOBA,23001,MONTERÍA,23001013,NUEVA LUCÍA,CP,-75.825648,8.417985,
gb:COL:ADM2:7082276B30491480162439,23,CÓRDOBA,23001,MONTERÍA,23001014,PATIO BONITO,CP,-75.74402,8.608426,
gb:COL:ADM2:7082276B30491480162439,23,CÓRDOBA,23001,MONTERÍA,23001015,SAN ISIDRO,CP,-75.893362,8.57885,
gb:COL:ADM2:7082276B30491480162439,23,CÓRDOBA,23001,MONTERÍA,23001016,PUEBLO BUHO,CP,-76.169257,8.609111,
gb:COL:ADM2:7082276B30491480162439,23,CÓRDOBA,23001,MONTERÍA,23001017,SAN ANTERITO,CP,-75.859425,8.562375,
gb:COL:ADM2:7082276B30491480162439,23,CÓRDOBA,23001,MONTERÍA,23001018,SANTA CLARA,CP,-76.061318,8.908072,
gb:COL:ADM2:7082276B30491480162439,23,CÓRDOBA,23001,MONTERÍA,23001019,SANTA ISABEL,CP,-75.954943,8.545665,
gb:COL:ADM2:7082276B30491480162439,23,CÓRDOBA,23001,MONTERÍA,23001020,SANTA LUCÍA,CP,-76.037675,8.845111,
gb:COL:ADM2:7082276B30491480162439,23,CÓRDOBA,23001,MONTERÍA,23001021,TRES PALMAS,CP,-75.95043,8.490705,
gb:COL:ADM2:7082276B30491480162439,23,CÓRDOBA,23001,MONTERÍA,23001022,TRES PIEDRAS,CP,-75.950819,8.43997,
gb:COL:ADM2:7082276B30491480162439,23,CÓRDOBA,23001,MONTERÍA,23001028,EL BARSAL,CP,-76.143076,8.59075,
gb:COL:ADM2:7082276B30491480162439,23,CÓRDOBA,23001,MONTERÍA,23001029,NUEVA ESPERANZA,CP,-75.685361,8.333971,
gb:COL:ADM2:7082276B30491480162439,23,CÓRDOBA,23001,MONTERÍA,23001030,EL COCUELO,CP,-76.122794,8.62957,
gb:COL:ADM2:7082276B30491480162439,23,CÓRDOBA,23001,MONTERÍA,23001031,MARTINICA,CP,-76.013192,8.703066,
gb:COL:ADM2:7082276B30491480162439,23,CÓRDOBA,23001,MONTERÍA,23001032,GUATEQUE,CP,-75.869301,8.635687,
gb:COL:ADM2:7082276B30491480162439,23,CÓRDOBA,23001,MONTERÍA,23001033,TENERIFE,CP,-76.108707,8.667352,
gb:COL:ADM2:7082276B30491480162439,23,CÓRDOBA,23001,MONTERÍA,23001034,LA VICTORIA,CP,-75.790425,8.577492,
gb:COL:ADM2:7082276B30491480162439,23,CÓRDOBA,23001,MONTERÍA,23001035,MORINDÓ CENTRAL,CP,-76.167826,8.907531,
gb:COL:ADM2:7082276B30491480162439,23,CÓRDOBA,23001,MONTERÍA,23001036,BOCA DE LA CEIBA,CP,-75.858767,8.82717,
gb:COL:ADM2:7082276B30491480162439,23,CÓRDOBA,23001,MONTERÍA,23001037,BROQUELITO,CP,-76.021509,8.500463,
gb:COL:ADM2:7082276B30491480162439,23,CÓRDOBA,23001,MONTERÍA,23001038,EL LIMÓN,CP,-75.971107,8.494842,
gb:COL:ADM2:7082276B30491480162439,23,CÓRDOBA,23001,MONTERÍA,23001039,EL QUINCE,CP,-75.783449,8.653964,
gb:COL:ADM2:7082276B30491480162439,23,CÓRDOBA,23001,MONTERÍA,23001040,EL VIDRIAL,CP,-75.898385,8.811851,
gb:COL:ADM2:7082276B30491480162439,23,CÓRDOBA,23001,MONTERÍA,23001041,ENSENADA DE LA HAMACA,CP,-75.860582,8.420319,
gb:COL:ADM2:7082276B30491480162439,23,CÓRDOBA,23001,MONTERÍA,23001042,GALILEA,CP,-75.898634,8.590312,
gb:COL:ADM2:7082276B30491480162439,23,CÓRDOBA,23001,MONTERÍA,23001043,LA ESPERANZA,CP,-75.892507,8.526884,
gb:COL:ADM2:7082276B30491480162439,23,CÓRDOBA,23001,MONTERÍA,23001044,LA FLORIDA,CP,-75.919624,8.553884,
gb:COL:ADM2:7082276B30491480162439,23,CÓRDOBA,23001,MONTERÍA,23001045,MAQUENCAL,CP,-75.701008,8.425784,
gb:COL:ADM2:7082276B30491480162439,23,CÓRDOBA,23001,MONTERÍA,23001046,MARACAYO,CP,-75.890822,8.409369,
gb:COL:ADM2:7082276B30491480162439,23,CÓRDOBA,23001,MONTERÍA,23001047,MATAMOROS,CP,-76.12779,8.404742,
gb:COL:ADM2:7082276B30491480162439,23,CÓRDOBA,23001,MONTERÍA,23001048,MOCHILAS,CP,-75.839947,8.59161,
gb:COL:ADM2:7082276B30491480162439,23,CÓRDOBA,23001,MONTERÍA,23001049,NUEVOS HORIZONTES,CP,-76.092039,8.435557,
gb:COL:ADM2:7082276B30491480162439,23,CÓRDOBA,23001,MONTERÍA,23001050,PALMITO PICAO,CP,-75.944502,8.561079,
gb:COL:ADM2:7082276B30491480162439,23,CÓRDOBA,23001,MONTERÍA,23001051,PEREIRA,CP,-76.075995,8.517224,
gb:COL:ADM2:7082276B30491480162439,23,CÓRDOBA,23001,MONTERÍA,23001052,VILLAVICENCIO,CP,-76.124707,8.456973,
gb:COL:ADM2:7082276B30491480162439,23,CÓRDOBA,23001,MONTERÍA,23001053,YA LA LLEVA,CP,-75.940398,8.485655,
gb:COL:ADM2:7082276B30491480162439,23,CÓRDOBA,23001,MONTERÍA,23001054,AGUA VIVAS,CP,-76.115548,8.843305,
gb:COL:ADM2:7082276B30491480162439,23,CÓRDOBA,23001,MONTERÍA,23001055,ARENAL,CP,-75.859419,8.845978,
gb:COL:ADM2:7082276B30491480162439,23,CÓRDOBA,23001,MONTERÍA,23001059,CALLE BARRIDA,CP,-75.799488,8.541629,
gb:COL:ADM2:7082276B30491480162439,23,CÓRDOBA,23001,MONTERÍA,23001062,EL TAPAO,CP,-75.828859,8.781808,
gb:COL:ADM2:7082276B30491480162439,23,CÓRDOBA,23001,MONTERÍA,23001063,LA LUCHA,CP,-76.08161,8.806439,
gb:COL:ADM2:7082276B30491480162439,23,CÓRDOBA,23001,MONTERÍA,23001064,LA POZA,CP,-75.843782,8.500332,
gb:COL:ADM2:7082276B30491480162439,23,CÓRDOBA,23001,MONTERÍA,23001065,LOS CEDROS,CP,-75.987175,8.815853,
gb:COL:ADM2:7082276B30491480162439,23,CÓRDOBA,23001,MONTERÍA,23001066,LOS PANTANOS,CP,-76.046994,8.81262,
gb:COL:ADM2:7082276B30491480162439,23,CÓRDOBA,23001,MONTERÍA,23001068,EL DOCE,CP,-75.802807,8.674064,
gb:COL:ADM2:7082276B30491480162439,23,CÓRDOBA,23001,MONTERÍA,23001069,PUEBLO SECO,CP,-75.903935,8.670975,
gb:COL:ADM2:7082276B30491480162439,23,CÓRDOBA,23001,MONTERÍA,23001070,SAN FRANCISCO,CP,-76.194623,8.441044,
gb:COL:ADM2:7082276B30491480162439,23,CÓRDOBA,23001,MONTERÍA,23001072,EL FLORAL,CP,-75.917942,8.806967,
gb:COL:ADM2:7082276B30491480162439,23,CÓRDOBA,23001,MONTERÍA,23001073,MEDELLÍN - SAPO,CP,-75.90908400000001,8.668036,
gb:COL:ADM2:7082276B30491480162439,23,CÓRDOBA,23001,MONTERÍA,23001074,SAN JERÓNIMO (GOLERO),CP,-75.709435,8.302035,
gb:COL:ADM2:7082276B30491480162439,23,CÓRDOBA,23001,MONTERÍA,23001075,BESITO VOLAO,CP,-75.817947,8.754965,
gb:COL:ADM2:7082276B30491480162439,23,CÓRDOBA,23001,MONTERÍA,23001076,COREA,CP,-75.906451,8.482016,
gb:COL:ADM2:7082276B30491480162439,23,CÓRDOBA,23001,MONTERÍA,23001077,EL BICHO,CP,-75.949961,8.388699,
gb:COL:ADM2:7082276B30491480162439,23,CÓRDOBA,23001,MONTERÍA,23001078,EL PORVENIR,CP,-75.781743,8.424624,
gb:COL:ADM2:7082276B30491480162439,23,CÓRDOBA,23001,MONTERÍA,23001079,SANTA FE,CP,-75.901729,8.534844,
gb:COL:ADM2:7082276B30849628494153,19,CAUCA,19290,FLORENCIA,19290000,FLORENCIA,CM,-77.072547,1.682535,
gb:COL:ADM2:7082276B30849628494153,19,CAUCA,19290,FLORENCIA,19290001,EL ROSARIO,CP,-77.07133,1.717598,
gb:COL:ADM2:7082276B30849628494153,19,CAUCA,19290,FLORENCIA,19290002,MARSELLA,CP,-77.05954,1.718694,
gb:COL:ADM2:7082276B31327332190978,41,HUILA,41524,PALERMO,41524000,PALERMO,CM,-75.435296,2.889649,
gb:COL:ADM2:7082276B31327332190978,41,HUILA,41524,PALERMO,41524001,BETANIA,CP,-75.398657,2.749917,
gb:COL:ADM2:7082276B31327332190978,41,HUILA,41524,PALERMO,41524004,OSPINA PÉREZ,CP,-75.547881,2.878149,
gb:COL:ADM2:7082276B31327332190978,41,HUILA,41524,PALERMO,41524005,SAN JUAN,CP,-75.523017,2.825056,
gb:COL:ADM2:7082276B31327332190978,41,HUILA,41524,PALERMO,41524006,EL JUNCAL,CP,-75.326764,2.827455,
gb:COL:ADM2:7082276B31327332190978,41,HUILA,41524,PALERMO,41524009,AMBORCO,CP,-75.310279,2.958346,
gb:COL:ADM2:7082276B31723879079802,41,HUILA,41016,AIPE,41016000,AIPE,CM,-75.239017,3.223996,
gb:COL:ADM2:7082276B31723879079802,41,HUILA,41016,AIPE,41016001,PRAGA,CP,-75.492368,3.269079,
gb:COL:ADM2:7082276B31723879079802,41,HUILA,41016,AIPE,41016002,SANTA RITA,CP,-75.56646,3.242773,
gb:COL:ADM2:7082276B31723879079802,41,HUILA,41016,AIPE,41016003,EL PATA,CP,-75.195044,3.373124,
gb:COL:ADM2:7082276B31723879079802,41,HUILA,41016,AIPE,41016004,CRUCE DE GUACIRCO,CP,-75.28844,3.105185,
gb:COL:ADM2:7082276B31723879079802,41,HUILA,41016,AIPE,41016005,LA CEJA - MESITAS,CP,-75.522361,3.311841,
gb:COL:ADM2:7082276B32366816455434,76,VALLE DEL CAUCA,76670,SAN PEDRO,76670000,SAN PEDRO,CM,-76.228692,3.995073,
gb:COL:ADM2:7082276B32366816455434,76,VALLE DEL CAUCA,76670,SAN PEDRO,76670002,BUENOS AIRES,CP,-76.17379,3.929601,
gb:COL:ADM2:7082276B32366816455434,76,VALLE DEL CAUCA,76670,SAN PEDRO,76670007,PRESIDENTE,CP,-76.262888,3.961738,
gb:COL:ADM2:7082276B32366816455434,76,VALLE DEL CAUCA,76670,SAN PEDRO,76670008,SAN JOSÉ,CP,-76.26862,4.033514,
gb:COL:ADM2:7082276B32366816455434,76,VALLE DEL CAUCA,76670,SAN PEDRO,76670009,TODOS LOS SANTOS,CP,-76.234773,3.981157,
gb:COL:ADM2:7082276B32366816455434,76,VALLE DEL CAUCA,76670,SAN PEDRO,76670010,GUAYABAL,CP,-76.231936,4.005266,
gb:COL:ADM2:7082276B32366816455434,76,VALLE DEL CAUCA,76670,SAN PEDRO,76670011,MONTE GRANDE,CP,-76.238197,3.991306,
gb:COL:ADM2:7082276B32711967571175,76,VALLE DEL CAUCA,76377,LA CUMBRE,76377000,LA CUMBRE,CM,-76.56805,3.649268,
gb:COL:ADM2:7082276B32711967571175,76,VALLE DEL CAUCA,76377,LA CUMBRE,76377001,BITACO,CP,-76.59903,3.60997,
gb:COL:ADM2:7082276B32711967571175,76,VALLE DEL CAUCA,76377,LA CUMBRE,76377002,LA MARÍA,CP,-76.629484,3.713267,
gb:COL:ADM2:7082276B32711967571175,76,VALLE DEL CAUCA,76377,LA CUMBRE,76377003,LOMITAS,CP,-76.641406,3.636184,
gb:COL:ADM2:7082276B32711967571175,76,VALLE DEL CAUCA,76377,LA CUMBRE,76377004,PAVAS,CP,-76.585671,3.676006,
gb:COL:ADM2:7082276B32711967571175,76,VALLE DEL CAUCA,76377,LA CUMBRE,76377005,PUENTE PALO,CP,-76.609689,3.645535,
gb:COL:ADM2:7082276B32711967571175,76,VALLE DEL CAUCA,76377,LA CUMBRE,76377008,ARBOLEDAS,CP,-76.576234,3.659639,
gb:COL:ADM2:7082276B32711967571175,76,VALLE DEL CAUCA,76377,LA CUMBRE,76377009,JIGUALES,CP,-76.611598,3.673453,
gb:COL:ADM2:7082276B32711967571175,76,VALLE DEL CAUCA,76377,LA CUMBRE,76377010,PAVITAS,CP,-76.557126,3.659474,
gb:COL:ADM2:7082276B32711967571175,76,VALLE DEL CAUCA,76377,LA CUMBRE,76377011,TRES ESQUINAS,CP,-76.581919,3.668287,
gb:COL:ADM2:7082276B32711967571175,76,VALLE DEL CAUCA,76377,LA CUMBRE,76377012,LA VENTURA,CP,-76.58101,3.63697,
gb:COL:ADM2:7082276B3276683190429,23,CÓRDOBA,23574,PUERTO ESCONDIDO,23574000,PUERTO ESCONDIDO,CM,-76.260411,9.005372,
gb:COL:ADM2:7082276B3276683190429,23,CÓRDOBA,23574,PUERTO ESCONDIDO,23574001,CRISTO REY,CP,-76.22755,9.073777,
gb:COL:ADM2:7082276B3276683190429,23,CÓRDOBA,23574,PUERTO ESCONDIDO,23574002,EL PANTANO,CP,-76.091788,8.96159,
gb:COL:ADM2:7082276B3276683190429,23,CÓRDOBA,23574,PUERTO ESCONDIDO,23574003,SAN JOSÉ DE CANALETE,CP,-76.260797,8.97131,
gb:COL:ADM2:7082276B3276683190429,23,CÓRDOBA,23574,PUERTO ESCONDIDO,23574004,VILLA ESTER,CP,-76.125826,9.064017,
gb:COL:ADM2:7082276B3276683190429,23,CÓRDOBA,23574,PUERTO ESCONDIDO,23574005,ARIZAL,CP,-76.278593,8.923022,
gb:COL:ADM2:7082276B3276683190429,23,CÓRDOBA,23574,PUERTO ESCONDIDO,23574006,SAN LUIS,CP,-76.154917,9.037228,
gb:COL:ADM2:7082276B3276683190429,23,CÓRDOBA,23574,PUERTO ESCONDIDO,23574009,LAS MUJERES,CP,-76.181969,8.928691,
gb:COL:ADM2:7082276B3276683190429,23,CÓRDOBA,23574,PUERTO ESCONDIDO,23574011,EL SILENCIO,CP,-76.175006,8.982498,
gb:COL:ADM2:7082276B3276683190429,23,CÓRDOBA,23574,PUERTO ESCONDIDO,23574012,SAN MIGUEL,CP,-76.305408,8.961294,
gb:COL:ADM2:7082276B3276683190429,23,CÓRDOBA,23574,PUERTO ESCONDIDO,23574014,SANTA ISABEL,CP,-76.133615,9.014516,
gb:COL:ADM2:7082276B33285563238152,76,VALLE DEL CAUCA,76563,PRADERA,76563000,PRADERA,CM,-76.241799,3.419793,
gb:COL:ADM2:7082276B33285563238152,76,VALLE DEL CAUCA,76563,PRADERA,76563011,LA GRANJA,CP,-76.238304,3.399113,
gb:COL:ADM2:7082276B33285563238152,76,VALLE DEL CAUCA,76563,PRADERA,76563013,LA TUPIA,CP,-76.310275,3.40313,
gb:COL:ADM2:7082276B33285563238152,76,VALLE DEL CAUCA,76563,PRADERA,76563014,LOMITAS,CP,-76.203714,3.408383,
gb:COL:ADM2:7082276B33285563238152,76,VALLE DEL CAUCA,76563,PRADERA,76563018,POTRERITO,CP,-76.188068,3.420507,
gb:COL:ADM2:7082276B33285563238152,76,VALLE DEL CAUCA,76563,PRADERA,76563024,EL RECREO,CP,-76.202168,3.39918,
gb:COL:ADM2:7082276B33285563238152,76,VALLE DEL CAUCA,76563,PRADERA,76563025,LA FERIA,CP,-76.154154,3.425314,
gb:COL:ADM2:7082276B33285563238152,76,VALLE DEL CAUCA,76563,PRADERA,76563028,LA CRUZ,CP,-76.298209,3.403936,
gb:COL:ADM2:7082276B333930671770,19,CAUCA,19318,GUAPI,19318000,GUAPI,CM,-77.88797,2.571337,
gb:COL:ADM2:7082276B333930671770,19,CAUCA,19318,GUAPI,19318002,BENJAMÍN HERRERA (SAN VICENTE),CP,-77.757729,2.321675,
gb:COL:ADM2:7082276B333930671770,19,CAUCA,19318,GUAPI,19318003,CALLELARGA,CP,-77.612324,2.515635,
gb:COL:ADM2:7082276B333930671770,19,CAUCA,19318,GUAPI,19318005,EL CARMELO,CP,-77.759925,2.636679,
gb:COL:ADM2:7082276B333930671770,19,CAUCA,19318,GUAPI,19318008,LIMONES,CP,-77.800574,2.611987,
gb:COL:ADM2:7082276B333930671770,19,CAUCA,19318,GUAPI,19318011,EL ROSARIO,CP,-77.774134,2.359282,
gb:COL:ADM2:7082276B333930671770,19,CAUCA,19318,GUAPI,19318012,SAN AGUSTÍN,CP,-77.600466,2.518755,
gb:COL:ADM2:7082276B333930671770,19,CAUCA,19318,GUAPI,19318013,SAN ANTONIO DE GUAJUÍ,CP,-77.690673,2.573514,
gb:COL:ADM2:7082276B333930671770,19,CAUCA,19318,GUAPI,19318015,URIBE URIBE (EL NARANJO),CP,-77.750613,2.40691,
gb:COL:ADM2:7082276B333930671770,19,CAUCA,19318,GUAPI,19318024,QUIROGA,CP,-77.823186,2.613209,
gb:COL:ADM2:7082276B333930671770,19,CAUCA,19318,GUAPI,19318025,CHUARE,CP,-77.650013,2.495378,
gb:COL:ADM2:7082276B333930671770,19,CAUCA,19318,GUAPI,19318026,SAN JOSÉ DE GUARE,CP,-77.750301,2.616014,
gb:COL:ADM2:7082276B333930671770,19,CAUCA,19318,GUAPI,19318027,BELÉN,CP,-77.596754,2.507254,
gb:COL:ADM2:7082276B333930671770,19,CAUCA,19318,GUAPI,19318028,CAIMITO,CP,-77.75086,2.465352,
gb:COL:ADM2:7082276B333930671770,19,CAUCA,19318,GUAPI,19318029,SANTA ANA,CP,-77.667215,2.485823,
gb:COL:ADM2:7082276B33539636068872,19,CAUCA,19418,LÓPEZ DE MICAY,19418000,LÓPEZ,CM,-77.247803,2.846788,
gb:COL:ADM2:7082276B33539636068872,19,CAUCA,19418,LÓPEZ DE MICAY,19418009,NOANAMITO,CP,-77.53738,3.078042,
gb:COL:ADM2:7082276B33539636068872,19,CAUCA,19418,LÓPEZ DE MICAY,19418010,PLAYA GRANDE,CP,-77.229528,2.916331,
gb:COL:ADM2:7082276B33539636068872,19,CAUCA,19418,LÓPEZ DE MICAY,19418012,SAN ANTONIO DE CHUARE,CP,-77.256689,2.874389,
gb:COL:ADM2:7082276B33539636068872,19,CAUCA,19418,LÓPEZ DE MICAY,19418018,TAPARAL,CP,-77.350164,2.93973,
gb:COL:ADM2:7082276B33539636068872,19,CAUCA,19418,LÓPEZ DE MICAY,19418019,ZARAGOZA,CP,-77.405714,2.979861,
gb:COL:ADM2:7082276B33539636068872,19,CAUCA,19418,LÓPEZ DE MICAY,19418024,BETANIA,CP,-77.452633,3.238878,
gb:COL:ADM2:7082276B33539636068872,19,CAUCA,19418,LÓPEZ DE MICAY,19418032,SAN ANTONIO DE GURUMENDY,CP,-77.253441,2.820335,
gb:COL:ADM2:7082276B33539636068872,19,CAUCA,19418,LÓPEZ DE MICAY,19418035,SANTA CRUZ DE SIGUI,CP,-77.178596,2.84158,
gb:COL:ADM2:7082276B33539636068872,19,CAUCA,19418,LÓPEZ DE MICAY,19418036,CABECITAS,CP,-77.187765,2.862095,
gb:COL:ADM2:7082276B33539636068872,19,CAUCA,19418,LÓPEZ DE MICAY,19418038,ISLA DE GALLO,CP,-77.303119,2.913812,
gb:COL:ADM2:7082276B33539636068872,19,CAUCA,19418,LÓPEZ DE MICAY,19418039,JUAN COBO,CP,-77.547502,3.064642,
gb:COL:ADM2:7082276B33539636068872,19,CAUCA,19418,LÓPEZ DE MICAY,19418040,SINAÍ,CP,-76.9262832978,3.14039266424,
gb:COL:ADM2:7082276B33539636068872,19,CAUCA,19418,LÓPEZ DE MICAY,19418041,GUADUALITO,CP,-77.3408395407,3.00857593205,
gb:COL:ADM2:7082276B33539636068872,19,CAUCA,19418,LÓPEZ DE MICAY,19418042,BELEN DE IGUANA,CP,-77.4046899591,3.00468079462,
gb:COL:ADM2:7082276B33798425293322,76,VALLE DEL CAUCA,76616,RIOFRÍO,76616000,RIOFRÍO,CM,-76.288313,4.156908,
gb:COL:ADM2:7082276B33798425293322,76,VALLE DEL CAUCA,76616,RIOFRÍO,76616002,FENICIA,CP,-76.388759,4.070386,
gb:COL:ADM2:7082276B33798425293322,76,VALLE DEL CAUCA,76616,RIOFRÍO,76616003,PALMA - LA CUCHILLA,CP,-76.35245,4.112416,
gb:COL:ADM2:7082276B33798425293322,76,VALLE DEL CAUCA,76616,RIOFRÍO,76616005,LA ZULIA,CP,-76.416186,4.093721,
gb:COL:ADM2:7082276B33798425293322,76,VALLE DEL CAUCA,76616,RIOFRÍO,76616006,MADRIGAL,CP,-76.259004,4.179607,
gb:COL:ADM2:7082276B33798425293322,76,VALLE DEL CAUCA,76616,RIOFRÍO,76616007,PORTUGAL DE PIEDRAS,CP,-76.358561,4.051941,
gb:COL:ADM2:7082276B33798425293322,76,VALLE DEL CAUCA,76616,RIOFRÍO,76616009,SALÓNICA,CP,-76.370154,4.128264,
gb:COL:ADM2:7082276B33798425293322,76,VALLE DEL CAUCA,76616,RIOFRÍO,76616010,EL JAGUAL,CP,-76.27704,4.141466,
gb:COL:ADM2:7082276B33798425293322,76,VALLE DEL CAUCA,76616,RIOFRÍO,76616013,PUERTO FENICIA,CP,-76.369195,4.08128,
gb:COL:ADM2:7082276B33798425293322,76,VALLE DEL CAUCA,76616,RIOFRÍO,76616014,LOS ALPES,CP,-76.398451,4.097703,
gb:COL:ADM2:7082276B33798425293322,76,VALLE DEL CAUCA,76616,RIOFRÍO,76616015,LA SULTANA,CP,-76.298087,4.116535,
gb:COL:ADM2:7082276B33798425293322,76,VALLE DEL CAUCA,76616,RIOFRÍO,76616016,LAS BRISAS,CP,-76.389164,4.121256,
gb:COL:ADM2:7082276B33798425293322,76,VALLE DEL CAUCA,76616,RIOFRÍO,76616017,LOS ESTRECHOS,CP,-76.313356,4.095869,
gb:COL:ADM2:7082276B344609225912,19,CAUCA,19256,EL TAMBO,19256000,EL TAMBO,CM,-76.810911,2.451409,
gb:COL:ADM2:7082276B344609225912,19,CAUCA,19256,EL TAMBO,19256001,ALTO DEL REY,CP,-76.854346,2.438775,
gb:COL:ADM2:7082276B344609225912,19,CAUCA,19256,EL TAMBO,19256004,CUATRO ESQUINAS,CP,-76.840051,2.402862,
gb:COL:ADM2:7082276B344609225912,19,CAUCA,19256,EL TAMBO,19256005,CHAPA,CP,-76.881958,2.471349,
gb:COL:ADM2:7082276B344609225912,19,CAUCA,19256,EL TAMBO,19256007,EL PLACER,CP,-76.780678,2.41664,
gb:COL:ADM2:7082276B344609225912,19,CAUCA,19256,EL TAMBO,19256009,EL ZARZAL,CP,-76.731888,2.453749,
gb:COL:ADM2:7082276B344609225912,19,CAUCA,19256,EL TAMBO,19256012,HUISITÓ,CP,-77.064582,2.507811,
gb:COL:ADM2:7082276B344609225912,19,CAUCA,19256,EL TAMBO,19256013,LA ALIANZA,CP,-76.897923,2.263736,
gb:COL:ADM2:7082276B344609225912,19,CAUCA,19256,EL TAMBO,19256014,LA PAZ,CP,-76.961541,2.431099,
gb:COL:ADM2:7082276B344609225912,19,CAUCA,19256,EL TAMBO,19256015,LOS ANAYES,CP,-76.797945,2.524573,
gb:COL:ADM2:7082276B344609225912,19,CAUCA,19256,EL TAMBO,19256016,LOS ANDES,CP,-77.071416,2.436598,
gb:COL:ADM2:7082276B344609225912,19,CAUCA,19256,EL TAMBO,19256019,PANDIGUANDO,CP,-76.895732,2.439305,
gb:COL:ADM2:7082276B344609225912,19,CAUCA,19256,EL TAMBO,19256020,PIAGUA,CP,-76.772584,2.435992,
gb:COL:ADM2:7082276B344609225912,19,CAUCA,19256,EL TAMBO,19256022,QUILCACÉ,CP,-76.865319,2.321604,
gb:COL:ADM2:7082276B344609225912,19,CAUCA,19256,EL TAMBO,19256025,SAN JOAQUÍN,CP,-76.748565,2.39618,
gb:COL:ADM2:7082276B344609225912,19,CAUCA,19256,EL TAMBO,19256027,SEGUENGUE,CP,-76.786652,2.585866,
gb:COL:ADM2:7082276B344609225912,19,CAUCA,19256,EL TAMBO,19256028,URIBE,CP,-76.854124,2.552701,
gb:COL:ADM2:7082276B344609225912,19,CAUCA,19256,EL TAMBO,19256029,FONDAS,CP,-76.918788,2.488817,
gb:COL:ADM2:7082276B344609225912,19,CAUCA,19256,EL TAMBO,19256031,BUENA VISTA,CP,-76.976467,2.41424,
gb:COL:ADM2:7082276B344609225912,19,CAUCA,19256,EL TAMBO,19256032,LAS BOTAS,CP,-76.852242,2.482158,
gb:COL:ADM2:7082276B344609225912,19,CAUCA,19256,EL TAMBO,19256033,CABUYAL,CP,-76.901502,2.326939,
gb:COL:ADM2:7082276B344609225912,19,CAUCA,19256,EL TAMBO,19256034,EL CRUCERO DEL PUEBLO,CP,-76.869418,2.349194,
gb:COL:ADM2:7082276B344609225912,19,CAUCA,19256,EL TAMBO,19256036,PLAYA RICA,CP,-77.016577,2.594927,
gb:COL:ADM2:7082276B344609225912,19,CAUCA,19256,EL TAMBO,19256058,AIRES DE OCCIDENTE,CP,-76.890235,2.469826,
gb:COL:ADM2:7082276B344609225912,19,CAUCA,19256,EL TAMBO,19256059,EL CRUCERO DE PANDIGUANDO,CP,-76.880706,2.458365,
gb:COL:ADM2:7082276B344609225912,19,CAUCA,19256,EL TAMBO,19256060,EL RECUERDO,CP,-76.842554,2.639981,
gb:COL:ADM2:7082276B344609225912,19,CAUCA,19256,EL TAMBO,19256061,LA CHICUEÑA,CP,-76.892121,2.478583,
gb:COL:ADM2:7082276B344609225912,19,CAUCA,19256,EL TAMBO,19256062,PUENTE DEL RÍO TIMBÍO,CP,-76.848156,2.357035,
gb:COL:ADM2:7082276B344609225912,19,CAUCA,19256,EL TAMBO,19256063,LA VENTA,CP,-76.842237,2.434978,
gb:COL:ADM2:7082276B344609225912,19,CAUCA,19256,EL TAMBO,19256064,ZARZALITO,CP,-76.834433,2.43907,
gb:COL:ADM2:7082276B344609225912,19,CAUCA,19256,EL TAMBO,19256065,SAN ROQUE CAÑAVERAL,CP,-76.845755,2.436785,
gb:COL:ADM2:7082276B344609225912,19,CAUCA,19256,EL TAMBO,19256066,LOMA DE ASTUDILLO,CP,-76.7652236654,2.40791261624,
gb:COL:ADM2:7082276B34643153596427,76,VALLE DEL CAUCA,76364,JAMUNDÍ,76364000,JAMUNDÍ,CM,-76.538472,3.258751,
gb:COL:ADM2:7082276B34643153596427,76,VALLE DEL CAUCA,76364,JAMUNDÍ,76364001,AMPUDIA,CP,-76.631843,3.187629,
gb:COL:ADM2:7082276B34643153596427,76,VALLE DEL CAUCA,76364,JAMUNDÍ,76364002,BOCAS DEL PALO,CP,-76.466489,3.267827,
gb:COL:ADM2:7082276B34643153596427,76,VALLE DEL CAUCA,76364,JAMUNDÍ,76364003,GUACHINTE,CP,-76.592727,3.1704,
gb:COL:ADM2:7082276B34643153596427,76,VALLE DEL CAUCA,76364,JAMUNDÍ,76364004,LA LIBERIA,CP,-76.691249,3.141653,
gb:COL:ADM2:7082276B34643153596427,76,VALLE DEL CAUCA,76364,JAMUNDÍ,76364005,PASO DE LA BOLSA,CP,-76.503369,3.200801,
gb:COL:ADM2:7082276B34643153596427,76,VALLE DEL CAUCA,76364,JAMUNDÍ,76364006,POTRERITO,CP,-76.582585,3.228726,
gb:COL:ADM2:7082276B34643153596427,76,VALLE DEL CAUCA,76364,JAMUNDÍ,76364008,PUENTE VÉLEZ,CP,-76.62894,3.222545,
gb:COL:ADM2:7082276B34643153596427,76,VALLE DEL CAUCA,76364,JAMUNDÍ,76364009,QUINAMAYO,CP,-76.556877,3.128475,
gb:COL:ADM2:7082276B34643153596427,76,VALLE DEL CAUCA,76364,JAMUNDÍ,76364010,ROBLES,CP,-76.593053,3.127994,
gb:COL:ADM2:7082276B34643153596427,76,VALLE DEL CAUCA,76364,JAMUNDÍ,76364011,SAN ANTONIO,CP,-76.654735,3.210155,
gb:COL:ADM2:7082276B34643153596427,76,VALLE DEL CAUCA,76364,JAMUNDÍ,76364012,SAN VICENTE,CP,-76.62567,3.268739,
gb:COL:ADM2:7082276B34643153596427,76,VALLE DEL CAUCA,76364,JAMUNDÍ,76364013,TIMBA,CP,-76.624173,3.123151,
gb:COL:ADM2:7082276B34643153596427,76,VALLE DEL CAUCA,76364,JAMUNDÍ,76364014,VILLA COLOMBIA,CP,-76.673408,3.185883,
gb:COL:ADM2:7082276B34643153596427,76,VALLE DEL CAUCA,76364,JAMUNDÍ,76364015,VILLAPAZ,CP,-76.543092,3.133891,
gb:COL:ADM2:7082276B34643153596427,76,VALLE DEL CAUCA,76364,JAMUNDÍ,76364016,LA ESTRELLA,CP,-76.616794,3.271353,
gb:COL:ADM2:7082276B34643153596427,76,VALLE DEL CAUCA,76364,JAMUNDÍ,76364018,LA MESETA,CP,-76.723739,3.178697,
gb:COL:ADM2:7082276B34643153596427,76,VALLE DEL CAUCA,76364,JAMUNDÍ,76364019,LA VENTURA,CP,-76.511453,3.161813,
gb:COL:ADM2:7082276B34643153596427,76,VALLE DEL CAUCA,76364,JAMUNDÍ,76364021,SAN ISIDRO,CP,-76.518112,3.236251,
gb:COL:ADM2:7082276B34643153596427,76,VALLE DEL CAUCA,76364,JAMUNDÍ,76364022,EL GUAVAL,CP,-76.514642,3.252043,
gb:COL:ADM2:7082276B34643153596427,76,VALLE DEL CAUCA,76364,JAMUNDÍ,76364023,EL TRIUNFO,CP,-76.515694,3.234105,
gb:COL:ADM2:7082276B34643153596427,76,VALLE DEL CAUCA,76364,JAMUNDÍ,76364024,CASCARILLAL,CP,-76.630903,3.206605,
gb:COL:ADM2:7082276B34643153596427,76,VALLE DEL CAUCA,76364,JAMUNDÍ,76364026,GATO DE MONTE,CP,-76.591321,3.220082,
gb:COL:ADM2:7082276B34643153596427,76,VALLE DEL CAUCA,76364,JAMUNDÍ,76364032,PUEBLO NUEVO,CP,-76.627888,3.267446,
gb:COL:ADM2:7082276B34643153596427,76,VALLE DEL CAUCA,76364,JAMUNDÍ,76364036,CONDOMINIO,CP,-76.539693,3.231962,
gb:COL:ADM2:7082276B34877429512170,23,CÓRDOBA,23660,SAHAGÚN,23660000,SAHAGÚN,CM,-75.445834,8.943048,
gb:COL:ADM2:7082276B34877429512170,23,CÓRDOBA,23660,SAHAGÚN,23660001,ARENAS DEL NORTE,CP,-75.499392,8.987398,
gb:COL:ADM2:7082276B34877429512170,23,CÓRDOBA,23660,SAHAGÚN,23660002,BAJO GRANDE,CP,-75.528052,8.74161,
gb:COL:ADM2:7082276B34877429512170,23,CÓRDOBA,23660,SAHAGÚN,23660003,CATALINA,CP,-75.377175,8.860235,
gb:COL:ADM2:7082276B34877429512170,23,CÓRDOBA,23660,SAHAGÚN,23660004,COLOMBOY,CP,-75.495461,8.737168,
gb:COL:ADM2:7082276B34877429512170,23,CÓRDOBA,23660,SAHAGÚN,23660005,EL CRUCERO,CP,-75.39936,8.630251,
gb:COL:ADM2:7082276B34877429512170,23,CÓRDOBA,23660,SAHAGÚN,23660006,EL VIAJANO,CP,-75.482992,8.633207,
gb:COL:ADM2:7082276B34877429512170,23,CÓRDOBA,23660,SAHAGÚN,23660007,LLANADAS,CP,-75.346915,8.938052,
gb:COL:ADM2:7082276B34877429512170,23,CÓRDOBA,23660,SAHAGÚN,23660008,LA YE,CP,-75.505709,8.816503,
gb:COL:ADM2:7082276B34877429512170,23,CÓRDOBA,23660,SAHAGÚN,23660009,MORROCOY,CP,-75.439721,8.750528,
gb:COL:ADM2:7082276B34877429512170,23,CÓRDOBA,23660,SAHAGÚN,23660010,RODANIA,CP,-75.343872,8.73545,
gb:COL:ADM2:7082276B34877429512170,23,CÓRDOBA,23660,SAHAGÚN,23660011,SALITRAL,CP,-75.521727,8.824654,
gb:COL:ADM2:7082276B34877429512170,23,CÓRDOBA,23660,SAHAGÚN,23660012,SAN ANTONIO,CP,-75.453755,8.652544,
gb:COL:ADM2:7082276B34877429512170,23,CÓRDOBA,23660,SAHAGÚN,23660013,SANTIAGO ABAJO,CP,-75.392469,8.588224,
gb:COL:ADM2:7082276B34877429512170,23,CÓRDOBA,23660,SAHAGÚN,23660014,SABANETA,CP,-75.316893,8.913305,
gb:COL:ADM2:7082276B34877429512170,23,CÓRDOBA,23660,SAHAGÚN,23660015,AGUAS VIVAS,CP,-75.358338,8.69846,
gb:COL:ADM2:7082276B34877429512170,23,CÓRDOBA,23660,SAHAGÚN,23660016,LAS BOCAS,CP,-75.364465,8.645602,
gb:COL:ADM2:7082276B34877429512170,23,CÓRDOBA,23660,SAHAGÚN,23660017,PISA FLORES,CP,-75.373945,8.8113,
gb:COL:ADM2:7082276B34877429512170,23,CÓRDOBA,23660,SAHAGÚN,23660020,EL ROBLE,CP,-75.497211,8.866349,
gb:COL:ADM2:7082276B34877429512170,23,CÓRDOBA,23660,SAHAGÚN,23660022,EL OLIVO,CP,-75.468484,8.713442,
gb:COL:ADM2:7082276B34877429512170,23,CÓRDOBA,23660,SAHAGÚN,23660023,BRUSELAS,CP,-75.495087,8.718607,
gb:COL:ADM2:7082276B34877429512170,23,CÓRDOBA,23660,SAHAGÚN,23660024,LOS BARRILES,CP,-75.479227,8.675465,
gb:COL:ADM2:7082276B34877429512170,23,CÓRDOBA,23660,SAHAGÚN,23660025,EL REMOLINO,CP,-75.381937,8.746321,
gb:COL:ADM2:7082276B34877429512170,23,CÓRDOBA,23660,SAHAGÚN,23660028,GUAIMARITO,CP,-75.485974,8.831661,
gb:COL:ADM2:7082276B34877429512170,23,CÓRDOBA,23660,SAHAGÚN,23660029,TREMENTINO,CP,-75.459521,8.810718,
gb:COL:ADM2:7082276B34877429512170,23,CÓRDOBA,23660,SAHAGÚN,23660030,GUAIMARO,CP,-75.479946,8.8385,
gb:COL:ADM2:7082276B34877429512170,23,CÓRDOBA,23660,SAHAGÚN,23660031,LA BALSA,CP,-75.503294,8.801098,
gb:COL:ADM2:7082276B34877429512170,23,CÓRDOBA,23660,SAHAGÚN,23660032,LAS AGUADITAS,CP,-75.515024,8.769234,
gb:COL:ADM2:7082276B34877429512170,23,CÓRDOBA,23660,SAHAGÚN,23660034,SAN ANDRESITO,CP,-75.491952,8.639745,
gb:COL:ADM2:7082276B34877429512170,23,CÓRDOBA,23660,SAHAGÚN,23660037,DIVIDIVI,CP,-75.38139,8.966353,
gb:COL:ADM2:7082276B34877429512170,23,CÓRDOBA,23660,SAHAGÚN,23660040,SALGUERITO,CP,-75.368217,8.896538,
gb:COL:ADM2:7082276B34877429512170,23,CÓRDOBA,23660,SAHAGÚN,23660047,KILÓMETRO 32,CP,-75.500477,8.694566,
gb:COL:ADM2:7082276B34877429512170,23,CÓRDOBA,23660,SAHAGÚN,23660048,KILÓMETRO 34,CP,-75.493259,8.682859,
gb:COL:ADM2:7082276B34877429512170,23,CÓRDOBA,23660,SAHAGÚN,23660054,LA MÚSICA,CP,-75.501876,8.84176,
gb:COL:ADM2:7082276B34877429512170,23,CÓRDOBA,23660,SAHAGÚN,23660061,SAN FRANCISCO,CP,-75.436837,8.699854,
gb:COL:ADM2:7082276B34877429512170,23,CÓRDOBA,23660,SAHAGÚN,23660064,LA QUEBRADA,CP,-75.320721,8.593983,
gb:COL:ADM2:7082276B34877429512170,23,CÓRDOBA,23660,SAHAGÚN,23660066,LOS CHIBOLOS,CP,-75.396826,8.707109,
gb:COL:ADM2:7082276B34877429512170,23,CÓRDOBA,23660,SAHAGÚN,23660067,NUEVA ESPERANZA,CP,-75.452609,8.967673,
gb:COL:ADM2:7082276B34877429512170,23,CÓRDOBA,23660,SAHAGÚN,23660068,SABANA DE LA FUENTE,CP,-75.41612,8.959592,
gb:COL:ADM2:7082276B34877429512170,23,CÓRDOBA,23660,SAHAGÚN,23660071,ESCOBALITO,CP,-75.3605470144,8.89304323086,
gb:COL:ADM2:7082276B35662466924312,23,CÓRDOBA,23586,PURÍSIMA DE LA CONCEPCIÓN,23586000,PURÍSIMA DE LA CONCEPCIÓN,CM,-75.724987,9.239295,
gb:COL:ADM2:7082276B35662466924312,23,CÓRDOBA,23586,PURÍSIMA DE LA CONCEPCIÓN,23586001,ASERRADERO,CP,-75.68519,9.351033,
gb:COL:ADM2:7082276B35662466924312,23,CÓRDOBA,23586,PURÍSIMA DE LA CONCEPCIÓN,23586002,EL HUESO,CP,-75.668862,9.334032,
gb:COL:ADM2:7082276B35662466924312,23,CÓRDOBA,23586,PURÍSIMA DE LA CONCEPCIÓN,23586003,LOS CORRALES,CP,-75.757075,9.238033,
gb:COL:ADM2:7082276B35662466924312,23,CÓRDOBA,23586,PURÍSIMA DE LA CONCEPCIÓN,23586004,SAN PEDRO DE ARROYO HONDO,CP,-75.766,9.278453,
gb:COL:ADM2:7082276B35662466924312,23,CÓRDOBA,23586,PURÍSIMA DE LA CONCEPCIÓN,23586005,ARENAL,CP,-75.727883,9.303918,
gb:COL:ADM2:7082276B35662466924312,23,CÓRDOBA,23586,PURÍSIMA DE LA CONCEPCIÓN,23586006,COMEJEN,CP,-75.709018,9.261894,
gb:COL:ADM2:7082276B35662466924312,23,CÓRDOBA,23586,PURÍSIMA DE LA CONCEPCIÓN,23586007,CERROPETRONA,CP,-75.702427,9.367631,
gb:COL:ADM2:7082276B36183297139579,23,CÓRDOBA,23675,SAN BERNARDO DEL VIENTO,23675000,SAN BERNARDO DEL VIENTO,CM,-75.955107,9.35247,
gb:COL:ADM2:7082276B36183297139579,23,CÓRDOBA,23675,SAN BERNARDO DEL VIENTO,23675001,JOSÉ MANUEL DE ALTAMIRA,CP,-75.984543,9.295003,
gb:COL:ADM2:7082276B36183297139579,23,CÓRDOBA,23675,SAN BERNARDO DEL VIENTO,23675003,PASO NUEVO,CP,-76.08745,9.326151,
gb:COL:ADM2:7082276B36183297139579,23,CÓRDOBA,23675,SAN BERNARDO DEL VIENTO,23675005,PLAYAS DEL VIENTO,CP,-76.044123,9.340917,
gb:COL:ADM2:7082276B36183297139579,23,CÓRDOBA,23675,SAN BERNARDO DEL VIENTO,23675007,TREMENTINO,CP,-75.934354,9.314998,
gb:COL:ADM2:7082276B36183297139579,23,CÓRDOBA,23675,SAN BERNARDO DEL VIENTO,23675009,SAN BLAS DE JUNÍN,CP,-76.025254,9.227673,
gb:COL:ADM2:7082276B36183297139579,23,CÓRDOBA,23675,SAN BERNARDO DEL VIENTO,23675012,CHIQUÍ,CP,-75.979944,9.332388,
gb:COL:ADM2:7082276B36183297139579,23,CÓRDOBA,23675,SAN BERNARDO DEL VIENTO,23675013,PAJONAL,CP,-75.981266,9.309209,
gb:COL:ADM2:7082276B36183297139579,23,CÓRDOBA,23675,SAN BERNARDO DEL VIENTO,23675014,SAN JOSÉ DE LAS CAÑAS,CP,-75.958846,9.28988,
gb:COL:ADM2:7082276B36183297139579,23,CÓRDOBA,23675,SAN BERNARDO DEL VIENTO,23675015,MIRAMAR,CP,-76.063671,9.334473,
gb:COL:ADM2:7082276B36183297139579,23,CÓRDOBA,23675,SAN BERNARDO DEL VIENTO,23675018,CAMINO REAL,CP,-75.991101,9.356287,
gb:COL:ADM2:7082276B36183297139579,23,CÓRDOBA,23675,SAN BERNARDO DEL VIENTO,23675019,EL CASTILLO,CP,-76.025492,9.317442,
gb:COL:ADM2:7082276B36183297139579,23,CÓRDOBA,23675,SAN BERNARDO DEL VIENTO,23675021,TINAJONES,CP,-75.926854,9.399029,
gb:COL:ADM2:7082276B36183297139579,23,CÓRDOBA,23675,SAN BERNARDO DEL VIENTO,23675023,EL DARIÉN,CP,-75.987704,9.344508,
gb:COL:ADM2:7082276B36183297139579,23,CÓRDOBA,23675,SAN BERNARDO DEL VIENTO,23675024,SANTA INÉS DE MONTERO,CP,-75.95051,9.324207,
gb:COL:ADM2:7082276B36252942932690,76,VALLE DEL CAUCA,76020,ALCALÁ,76020000,ALCALÁ,CM,-75.779792,4.674994,
gb:COL:ADM2:7082276B36252942932690,76,VALLE DEL CAUCA,76020,ALCALÁ,76020006,LA FLORESTA,CP,-75.764088,4.679836,
gb:COL:ADM2:7082276B36252942932690,76,VALLE DEL CAUCA,76020,ALCALÁ,76020007,LA POLONIA,CP,-75.744639,4.668412,
gb:COL:ADM2:7082276B37156056726077,76,VALLE DEL CAUCA,76845,ULLOA,76845000,ULLOA,CM,-75.737808,4.703623,
gb:COL:ADM2:7082276B37156056726077,76,VALLE DEL CAUCA,76845,ULLOA,76845002,MOCTEZUMA,CP,-75.766253,4.711021,
gb:COL:ADM2:7082276B37156056726077,76,VALLE DEL CAUCA,76845,ULLOA,76845005,DINAMARCA,CP,-75.794117,4.708077,
gb:COL:ADM2:7082276B37195114642514,63,QUINDÍO,63690,SALENTO,63690000,SALENTO,CM,-75.570844,4.637157,
gb:COL:ADM2:7082276B37195114642514,63,QUINDÍO,63690,SALENTO,63690001,BOQUÍA,CP,-75.585783,4.642267,
gb:COL:ADM2:7082276B37195114642514,63,QUINDÍO,63690,SALENTO,63690005,LA EXPLANACIÓN,CP,-75.586319,4.646572,
gb:COL:ADM2:7082276B37195114642514,63,QUINDÍO,63690,SALENTO,63690007,CONDOMINIO LAS COLINAS,CP,-75.630534,4.608896,
gb:COL:ADM2:7082276B37195114642514,63,QUINDÍO,63690,SALENTO,63690009,SAN JUAN DE CAROLINA,CP,-75.635586,4.57813,
gb:COL:ADM2:7082276B37195114642514,63,QUINDÍO,63690,SALENTO,63690010,SAN ANTONIO,CP,-75.612123,4.627883,
gb:COL:ADM2:7082276B37195114642514,63,QUINDÍO,63690,SALENTO,63690011,LOS PINOS,CP,-75.617336,4.618723,
gb:COL:ADM2:7082276B37195114642514,63,QUINDÍO,63690,SALENTO,63690012,CONDOMINIO LA PRADERA BOSQUE RESIDENCIAL,CP,-75.63786,4.578433,
gb:COL:ADM2:7082276B37195114642514,63,QUINDÍO,63690,SALENTO,63690013,CONDOMINIO CAMPESTRE SAUSALITO,CP,-75.620275,4.622202,
gb:COL:ADM2:7082276B37197913893650,23,CÓRDOBA,23300,COTORRA,23300000,COTORRA,CM,-75.799216,9.037163,
gb:COL:ADM2:7082276B37197913893650,23,CÓRDOBA,23300,COTORRA,23300003,LOS CEDROS,CP,-75.7918,9.029618,
gb:COL:ADM2:7082276B37197913893650,23,CÓRDOBA,23300,COTORRA,23300006,PASO DE LAS FLORES,CP,-75.816939,9.028041,
gb:COL:ADM2:7082276B37197913893650,23,CÓRDOBA,23300,COTORRA,23300007,VILLA NUEVA,CP,-75.800372,9.023078,
gb:COL:ADM2:7082276B37197913893650,23,CÓRDOBA,23300,COTORRA,23300008,ABROJAL,CP,-75.827467,9.040428,
gb:COL:ADM2:7082276B37197913893650,23,CÓRDOBA,23300,COTORRA,23300010,EL BINDE,CP,-75.794072,9.006327,
gb:COL:ADM2:7082276B37197913893650,23,CÓRDOBA,23300,COTORRA,23300011,CAIMÁN,CP,-75.812864,9.01428,
gb:COL:ADM2:7082276B37197913893650,23,CÓRDOBA,23300,COTORRA,23300015,LAS AREPAS,CP,-75.726838,9.077746,
gb:COL:ADM2:7082276B37197913893650,23,CÓRDOBA,23300,COTORRA,23300016,TREMENTINO,CP,-75.735554,9.090637,
gb:COL:ADM2:7082276B37197913893650,23,CÓRDOBA,23300,COTORRA,23300020,MORALITO,CP,-75.796877,9.084041,
gb:COL:ADM2:7082276B37197913893650,23,CÓRDOBA,23300,COTORRA,23300021,SAN JOSÉ,CP,-75.745013,9.035853,
gb:COL:ADM2:7082276B37197913893650,23,CÓRDOBA,23300,COTORRA,23300026,PUEBLO NUEVO,CP,-75.739638,9.05929,
gb:COL:ADM2:7082276B37197913893650,23,CÓRDOBA,23300,COTORRA,23300027,SAN PABLO,CP,-75.759828,9.085132,
gb:COL:ADM2:7082276B37421860048311,76,VALLE DEL CAUCA,76892,YUMBO,76892000,YUMBO,CM,-76.499893,3.540097,
gb:COL:ADM2:7082276B37421860048311,76,VALLE DEL CAUCA,76892,YUMBO,76892002,DAPA LA VEGA,CP,-76.569155,3.558581,
gb:COL:ADM2:7082276B37421860048311,76,VALLE DEL CAUCA,76892,YUMBO,76892004,MONTAÑITAS,CP,-76.526804,3.661014,
gb:COL:ADM2:7082276B37421860048311,76,VALLE DEL CAUCA,76892,YUMBO,76892005,MULALÓ,CP,-76.482149,3.636392,
gb:COL:ADM2:7082276B37421860048311,76,VALLE DEL CAUCA,76892,YUMBO,76892008,SAN MARCOS,CP,-76.45812,3.654551,
gb:COL:ADM2:7082276B37421860048311,76,VALLE DEL CAUCA,76892,YUMBO,76892009,SANTA INÉS,CP,-76.538643,3.626241,
gb:COL:ADM2:7082276B37421860048311,76,VALLE DEL CAUCA,76892,YUMBO,76892013,DAPA EL RINCÓN,CP,-76.567587,3.564319,
gb:COL:ADM2:7082276B37421860048311,76,VALLE DEL CAUCA,76892,YUMBO,76892014,EL PEDREGAL,CP,-76.544927,3.504563,
gb:COL:ADM2:7082276B37421860048311,76,VALLE DEL CAUCA,76892,YUMBO,76892015,MIRAVALLE NORTE,CP,-76.473911,3.693333,
gb:COL:ADM2:7082276B37421860048311,76,VALLE DEL CAUCA,76892,YUMBO,76892017,ARROYOHONDO,CP,-76.519563,3.512139,
gb:COL:ADM2:7082276B37421860048311,76,VALLE DEL CAUCA,76892,YUMBO,76892018,EL CHOCHO,CP,-76.519996,3.62349,
gb:COL:ADM2:7082276B37421860048311,76,VALLE DEL CAUCA,76892,YUMBO,76892019,MANGA VIEJA,CP,-76.471081,3.663074,
gb:COL:ADM2:7082276B37421860048311,76,VALLE DEL CAUCA,76892,YUMBO,76892020,MIRAVALLE DAPA,CP,-76.553944,3.559652,
gb:COL:ADM2:7082276B37421860048311,76,VALLE DEL CAUCA,76892,YUMBO,76892021,PILAS DE DAPA,CP,-76.52866,3.529623,
gb:COL:ADM2:7082276B37489805673697,63,QUINDÍO,63470,MONTENEGRO,63470000,MONTENEGRO,CM,-75.749827,4.565057,
gb:COL:ADM2:7082276B37489805673697,63,QUINDÍO,63470,MONTENEGRO,63470001,EL CUZCO,CP,-75.852391,4.540849,
gb:COL:ADM2:7082276B37489805673697,63,QUINDÍO,63470,MONTENEGRO,63470003,PUEBLO TAPADO,CP,-75.785706,4.51268,
gb:COL:ADM2:7082276B37489805673697,63,QUINDÍO,63470,MONTENEGRO,63470004,ONCE CASAS,CP,-75.809472,4.513399,
gb:COL:ADM2:7082276B37489805673697,63,QUINDÍO,63470,MONTENEGRO,63470007,EL CASTILLO,CP,-75.775607,4.556002,
gb:COL:ADM2:7082276B37489805673697,63,QUINDÍO,63470,MONTENEGRO,63470008,EL GIGANTE,CP,-75.815166,4.56472,
gb:COL:ADM2:7082276B37489805673697,63,QUINDÍO,63470,MONTENEGRO,63470009,BARAYA,CP,-75.767377,4.55079,
gb:COL:ADM2:7082276B37489805673697,63,QUINDÍO,63470,MONTENEGRO,63470010,LA MONTAÑA,CP,-75.859515,4.49396,
gb:COL:ADM2:7082276B37489805673697,63,QUINDÍO,63470,MONTENEGRO,63470013,CALLE LARGA,CP,-75.819289,4.545803,
gb:COL:ADM2:7082276B37489805673697,63,QUINDÍO,63470,MONTENEGRO,63470014,CONDOMINIO LA HACIENDA,CP,-75.779978,4.520691,
gb:COL:ADM2:7082276B37489805673697,63,QUINDÍO,63470,MONTENEGRO,63470015,CONDOMINIO VILLA ANTAWARA,CP,-75.784897,4.510787,
gb:COL:ADM2:7082276B37596185991621,63,QUINDÍO,63001,ARMENIA,63001000,ARMENIA,CM,-75.680786,4.53598,
gb:COL:ADM2:7082276B37596185991621,63,QUINDÍO,63001,ARMENIA,63001001,EL CAIMO,CP,-75.713629,4.473223,
gb:COL:ADM2:7082276B37596185991621,63,QUINDÍO,63001,ARMENIA,63001002,MURILLO,CP,-75.742047,4.48911,
gb:COL:ADM2:7082276B37596185991621,63,QUINDÍO,63001,ARMENIA,63001008,CASERIO SANTA HELENA,CP,-75.727042,4.497627,
gb:COL:ADM2:7082276B37596185991621,63,QUINDÍO,63001,ARMENIA,63001009,CONDOMINIO EL EDEN,CP,-75.764032,4.467791,
gb:COL:ADM2:7082276B37596185991621,63,QUINDÍO,63001,ARMENIA,63001010,"CONDOMINIOS LAS VEGAS, IRAKA Y LAGOS DE IRAKA",CP,-75.758263,4.471116,
gb:COL:ADM2:7082276B37596185991621,63,QUINDÍO,63001,ARMENIA,63001011,CONDOMINIO PALO DE AGUA,CP,-75.737927,4.495693,
gb:COL:ADM2:7082276B37596185991621,63,QUINDÍO,63001,ARMENIA,63001012,CONDOMINIO PONTEVEDRA,CP,-75.729726,4.469137,
gb:COL:ADM2:7082276B37596185991621,63,QUINDÍO,63001,ARMENIA,63001013,CONDOMINIO SENIORS CLUB,CP,-75.754797,4.469586,
gb:COL:ADM2:7082276B37596185991621,63,QUINDÍO,63001,ARMENIA,63001015,NUEVO HORIZONTE - SAPERA,CP,-75.704776,4.486469,
gb:COL:ADM2:7082276B37596185991621,63,QUINDÍO,63001,ARMENIA,63001016,SECTOR CENEXPO,CP,-75.761039,4.474684,
gb:COL:ADM2:7082276B37596185991621,63,QUINDÍO,63001,ARMENIA,63001017,CONDOMINIO PORTOFINO,CP,-75.731878,4.465578,
gb:COL:ADM2:7082276B37596185991621,63,QUINDÍO,63001,ARMENIA,63001018,CONDOMINIO ANANDA,CP,-75.729807,4.466969,
gb:COL:ADM2:7082276B37596185991621,63,QUINDÍO,63001,ARMENIA,63001019,CONDOMINIO LINDARAJA,CP,-75.715409,4.471205,
gb:COL:ADM2:7082276B37830397780712,76,VALLE DEL CAUCA,76823,TORO,76823000,TORO,CM,-76.076859,4.608085,
gb:COL:ADM2:7082276B37830397780712,76,VALLE DEL CAUCA,76823,TORO,76823001,BOHÍO,CP,-76.060521,4.617131,
gb:COL:ADM2:7082276B37830397780712,76,VALLE DEL CAUCA,76823,TORO,76823006,SAN ANTONIO,CP,-76.062034,4.594128,
gb:COL:ADM2:7082276B37830397780712,76,VALLE DEL CAUCA,76823,TORO,76823007,SAN FRANCISCO,CP,-76.035196,4.682726,
gb:COL:ADM2:7082276B37830397780712,76,VALLE DEL CAUCA,76823,TORO,76823008,LA QUIEBRA,CP,-76.111157,4.628131,
gb:COL:ADM2:7082276B37877063835041,63,QUINDÍO,63212,CÓRDOBA,63212000,CÓRDOBA,CM,-75.687866,4.392485,
gb:COL:ADM2:7082276B3788770543565,19,CAUCA,19212,CORINTO,19212000,CORINTO,CM,-76.261866,3.173854,
gb:COL:ADM2:7082276B3788770543565,19,CAUCA,19212,CORINTO,19212001,EL JAGUAL,CP,-76.297326,3.138164,
gb:COL:ADM2:7082276B3788770543565,19,CAUCA,19212,CORINTO,19212003,LOS ANDES,CP,-76.225881,3.112148,
gb:COL:ADM2:7082276B3788770543565,19,CAUCA,19212,CORINTO,19212004,MEDIA NARANJA,CP,-76.212966,3.179683,
gb:COL:ADM2:7082276B3788770543565,19,CAUCA,19212,CORINTO,19212005,RIONEGRO,CP,-76.20802,3.188938,
gb:COL:ADM2:7082276B3788770543565,19,CAUCA,19212,CORINTO,19212008,SAN RAFAEL,CP,-76.269778,3.161825,
gb:COL:ADM2:7082276B3788770543565,19,CAUCA,19212,CORINTO,19212009,EL BARRANCO,CP,-76.278428,3.22405,
gb:COL:ADM2:7082276B3788770543565,19,CAUCA,19212,CORINTO,19212010,QUEBRADITAS,CP,-76.203559,3.166516,
gb:COL:ADM2:7082276B3788770543565,19,CAUCA,19212,CORINTO,19212011,EL PEDREGAL,CP,-76.214595,3.193694,
gb:COL:ADM2:7082276B3788770543565,19,CAUCA,19212,CORINTO,19212012,LA LAGUNA,CP,-76.210358,3.172366,
gb:COL:ADM2:7082276B3788770543565,19,CAUCA,19212,CORINTO,19212013,LA MARIA,CP,-76.287198,3.147892,
gb:COL:ADM2:7082276B3788770543565,19,CAUCA,19212,CORINTO,19212014,LA CAPILLA,CP,-76.246555,3.117588,
gb:COL:ADM2:7082276B3788770543565,19,CAUCA,19212,CORINTO,19212015,LA CIMA,CP,-76.242243,3.139406,
gb:COL:ADM2:7082276B3788770543565,19,CAUCA,19212,CORINTO,19212016,LA ESTHER,CP,-76.231389,3.102873,
gb:COL:ADM2:7082276B3788770543565,19,CAUCA,19212,CORINTO,19212017,EL BOQUERÓN,CP,-76.224298,3.069613,
gb:COL:ADM2:7082276B3788770543565,19,CAUCA,19212,CORINTO,19212018,CHICHARRONAL,CP,-76.224157,3.163598,
gb:COL:ADM2:7082276B3788770543565,19,CAUCA,19212,CORINTO,19212019,EL PARAÍSO,CP,-76.217383,3.188049,
gb:COL:ADM2:7082276B3788770543565,19,CAUCA,19212,CORINTO,19212020,LAS CRUCES,CP,-76.197383,3.158651,
gb:COL:ADM2:7082276B3788770543565,19,CAUCA,19212,CORINTO,19212021,COMUNIDAD QUEBRADITAS,CP,-76.20386,3.171617,
gb:COL:ADM2:7082276B3788770543565,19,CAUCA,19212,CORINTO,19212022,ALTAMIRA,CP,-76.204224,3.161536,
gb:COL:ADM2:7082276B3788770543565,19,CAUCA,19212,CORINTO,19212023,YARUMALES,CP,-76.182299,3.157556,
gb:COL:ADM2:7082276B3788770543565,19,CAUCA,19212,CORINTO,19212024,EL CRUCERO,CP,-76.204551,3.182667,
gb:COL:ADM2:7082276B3788770543565,19,CAUCA,19212,CORINTO,19212025,SAN PEDRO,CP,-76.197521,3.179362,
gb:COL:ADM2:7082276B3788770543565,19,CAUCA,19212,CORINTO,19212026,EL PALMAR,CP,-76.16096,3.170445,
gb:COL:ADM2:7082276B38703124782657,86,PUTUMAYO,86885,VILLAGARZÓN,86885000,VILLAGARZÓN,CM,-76.61721,1.028821,
gb:COL:ADM2:7082276B38703124782657,86,PUTUMAYO,86885,VILLAGARZÓN,86885001,PUERTO UMBRÍA,CP,-76.579581,0.858752,
gb:COL:ADM2:7082276B38703124782657,86,PUTUMAYO,86885,VILLAGARZÓN,86885002,LA CASTELLANA,CP,-76.703145,0.931022,
gb:COL:ADM2:7082276B38703124782657,86,PUTUMAYO,86885,VILLAGARZÓN,86885004,ALBANIA,CP,-76.610228,0.810221,
gb:COL:ADM2:7082276B38703124782657,86,PUTUMAYO,86885,VILLAGARZÓN,86885007,KOFANIA,CP,-76.689904,0.937031,
gb:COL:ADM2:7082276B38703124782657,86,PUTUMAYO,86885,VILLAGARZÓN,86885008,NARANJITO,CP,-76.568088,0.814597,
gb:COL:ADM2:7082276B38703124782657,86,PUTUMAYO,86885,VILLAGARZÓN,86885009,PORVENIR,CP,-76.612334,1.006426,
gb:COL:ADM2:7082276B38703124782657,86,PUTUMAYO,86885,VILLAGARZÓN,86885011,SANTA ROSA DE JUANAMBÚ,CP,-76.512477,0.826692,
gb:COL:ADM2:7082276B38703124782657,86,PUTUMAYO,86885,VILLAGARZÓN,86885013,CANANGUCHO,CP,-76.597896,0.962268,
gb:COL:ADM2:7082276B38703124782657,86,PUTUMAYO,86885,VILLAGARZÓN,86885014,RÍO BLANCO,CP,-76.538495,0.837995,
gb:COL:ADM2:7082276B38703124782657,86,PUTUMAYO,86885,VILLAGARZÓN,86885015,ALPARRUMIYACO,CP,-76.795865,0.802272,
gb:COL:ADM2:7082276B38814266492224,76,VALLE DEL CAUCA,76250,EL DOVIO,76250000,EL DOVIO,CM,-76.237084,4.510452,
gb:COL:ADM2:7082276B38814266492224,76,VALLE DEL CAUCA,76250,EL DOVIO,76250003,BITACO,CP,-76.350499,4.495229,
gb:COL:ADM2:7082276B38814266492224,76,VALLE DEL CAUCA,76250,EL DOVIO,76250007,LITUANIA,CP,-76.352239,4.513029,
gb:COL:ADM2:7082276B38814266492224,76,VALLE DEL CAUCA,76250,EL DOVIO,76250013,LA PRADERA,CP,-76.292504,4.599468,
gb:COL:ADM2:7082276B38814266492224,76,VALLE DEL CAUCA,76250,EL DOVIO,76250015,MATECAÑA,CP,-76.222888,4.500466,
gb:COL:ADM2:7082276B38814266492224,76,VALLE DEL CAUCA,76250,EL DOVIO,76250016,CAJAMARCA,CP,-76.216381605,4.485716817,
gb:COL:ADM2:7082276B40300003971845,41,HUILA,41020,ALGECIRAS,41020000,ALGECIRAS,CM,-75.315389,2.521674,
gb:COL:ADM2:7082276B40300003971845,41,HUILA,41020,ALGECIRAS,41020001,EL PARAÍSO VIEJO,CP,-75.209182,2.612,
gb:COL:ADM2:7082276B40300003971845,41,HUILA,41020,ALGECIRAS,41020002,LA ARCADIA,CP,-75.396708,2.443924,
gb:COL:ADM2:7082276B40300003971845,41,HUILA,41020,ALGECIRAS,41020003,EL TORO,CP,-75.405515,2.419901,
gb:COL:ADM2:7082276B40300003971845,41,HUILA,41020,ALGECIRAS,41020006,EL PARAÍSO NUEVO,CP,-75.21478,2.606644,
gb:COL:ADM2:7082276B40499260653390,19,CAUCA,19473,MORALES,19473000,MORALES,CM,-76.629106,2.754684,
gb:COL:ADM2:7082276B40499260653390,19,CAUCA,19473,MORALES,19473002,CARPINTERO,CP,-76.608429,2.788729,
gb:COL:ADM2:7082276B40499260653390,19,CAUCA,19473,MORALES,19473009,SAN ISIDRO,CP,-76.6623,2.748809,
gb:COL:ADM2:7082276B40499260653390,19,CAUCA,19473,MORALES,19473011,SAN ROQUE,CP,-76.684949,2.76714,
gb:COL:ADM2:7082276B40499260653390,19,CAUCA,19473,MORALES,19473012,SANTA ROSA,CP,-76.662525,2.799469,
gb:COL:ADM2:7082276B40499260653390,19,CAUCA,19473,MORALES,19473014,LA ESTACIÓN,CP,-76.623715,2.768233,
gb:COL:ADM2:7082276B40499260653390,19,CAUCA,19473,MORALES,19473017,EL ROSARIO,CP,-76.658186,2.732558,
gb:COL:ADM2:7082276B40499260653390,19,CAUCA,19473,MORALES,19473018,SAN JOSÉ,CP,-76.728949,2.784146,
gb:COL:ADM2:7082276B40499260653390,19,CAUCA,19473,MORALES,19473019,EL OSO,CP,-76.723723,2.755692,
gb:COL:ADM2:7082276B40499260653390,19,CAUCA,19473,MORALES,19473020,EL PLAYÓN,CP,-76.721756,2.737039,
gb:COL:ADM2:7082276B40499260653390,19,CAUCA,19473,MORALES,19473021,CRUCERO DE PAN DE AZÚCAR,CP,-76.67723,2.759951,
gb:COL:ADM2:7082276B40499260653390,19,CAUCA,19473,MORALES,19473022,TERRITORIO ZAANANN,CP,-76.600701,2.719591,
gb:COL:ADM2:7082276B40499260653390,19,CAUCA,19473,MORALES,19473023,LOMITAS,CP,-76.7543045956,2.79964846124,
gb:COL:ADM2:7082276B40499260653390,19,CAUCA,19473,MORALES,19473024,MUSE UKWE,CP,-76.656702455,2.79639207435,
gb:COL:ADM2:7082276B40499260653390,19,CAUCA,19473,MORALES,19473025,CHIMBORAZO,CP,-76.7864150882,2.7421018878,
gb:COL:ADM2:7082276B40499260653390,19,CAUCA,19473,MORALES,19473026,CAMPO ALEGRE,CP,-76.5789280884,2.71672563938,
gb:COL:ADM2:7082276B40499260653390,19,CAUCA,19473,MORALES,19473027,AGUANEGRA,CP,-76.7800300149,2.75599922717,
gb:COL:ADM2:7082276B40499260653390,19,CAUCA,19473,MORALES,19473028,EL MESÓN,CP,-76.7537240039,2.77516567378,
gb:COL:ADM2:7082276B42477107224042,63,QUINDÍO,63111,BUENAVISTA,63111000,BUENAVISTA,CM,-75.739572,4.360029,
gb:COL:ADM2:7082276B42477107224042,63,QUINDÍO,63111,BUENAVISTA,63111001,RÍO VERDE,CP,-75.731998,4.403835,
gb:COL:ADM2:7082276B42533804398270,86,PUTUMAYO,86568,PUERTO ASÍS,86568000,PUERTO ASÍS,CM,-76.496887,0.505627,
gb:COL:ADM2:7082276B42533804398270,86,PUTUMAYO,86568,PUERTO ASÍS,86568006,PIÑUÑA BLANCO,CP,-76.185858,0.446509,
gb:COL:ADM2:7082276B42533804398270,86,PUTUMAYO,86568,PUERTO ASÍS,86568019,SANTANA,CP,-76.566857,0.59505,
gb:COL:ADM2:7082276B42533804398270,86,PUTUMAYO,86568,PUERTO ASÍS,86568020,PUERTO VEGA,CP,-76.526456,0.483711,
gb:COL:ADM2:7082276B42533804398270,86,PUTUMAYO,86568,PUERTO ASÍS,86568021,TETEYE,CP,-76.552136,0.253649,
gb:COL:ADM2:7082276B42533804398270,86,PUTUMAYO,86568,PUERTO ASÍS,86568023,CAÑA BRAVA,CP,-76.642937,0.556124,
gb:COL:ADM2:7082276B42533804398270,86,PUTUMAYO,86568,PUERTO ASÍS,86568026,LA CARMELITA,CP,-76.542603,0.397808,
gb:COL:ADM2:7082276B42533804398270,86,PUTUMAYO,86568,PUERTO ASÍS,86568027,LA LIBERTAD,CP,-76.588078,0.370934,
gb:COL:ADM2:7082276B42533804398270,86,PUTUMAYO,86568,PUERTO ASÍS,86568029,CAMPO ALEGRE,CP,-76.579842,0.413681,
gb:COL:ADM2:7082276B42533804398270,86,PUTUMAYO,86568,PUERTO ASÍS,86568031,SINAÍ (ACHAPOS),CP,-76.369834,0.485605,
gb:COL:ADM2:7082276B42533804398270,86,PUTUMAYO,86568,PUERTO ASÍS,86568032,BRISAS DEL HONG KONG,CP,-76.510066,0.482583,
gb:COL:ADM2:7082276B42533804398270,86,PUTUMAYO,86568,PUERTO ASÍS,86568033,LA CABAÑA,CP,-76.522532,0.373889,
gb:COL:ADM2:7082276B42533804398270,86,PUTUMAYO,86568,PUERTO ASÍS,86568034,PLANADAS,CP,-76.594116,0.577209,
gb:COL:ADM2:7082276B42533804398270,86,PUTUMAYO,86568,PUERTO ASÍS,86568035,EL MUELLE,CP,-76.478297,0.472706,
gb:COL:ADM2:7082276B42533804398270,86,PUTUMAYO,86568,PUERTO ASÍS,86568036,BUENAVISTA,CP,-76.258956675,0.426220722636,
gb:COL:ADM2:7082276B42533804398270,86,PUTUMAYO,86568,PUERTO ASÍS,86568037,MONAIDE JITAMA,CP,-76.1382971965,0.379524188944,
gb:COL:ADM2:7082276B42533804398270,86,PUTUMAYO,86568,PUERTO ASÍS,86568038,KIWNAS EXAB,CP,-76.5459627259,0.356692765337,
gb:COL:ADM2:7082276B42793488331490,19,CAUCA,19355,INZÁ,19355000,INZÁ,CM,-76.063503,2.549183,
gb:COL:ADM2:7082276B42793488331490,19,CAUCA,19355,INZÁ,19355001,CALDERAS,CP,-76.045226,2.635424,
gb:COL:ADM2:7082276B42793488331490,19,CAUCA,19355,INZÁ,19355002,PEDREGAL,CP,-76.000639,2.517466,
gb:COL:ADM2:7082276B42793488331490,19,CAUCA,19355,INZÁ,19355003,PUERTO VALENCIA,CP,-75.965826,2.501198,
gb:COL:ADM2:7082276B42793488331490,19,CAUCA,19355,INZÁ,19355004,SAN ANDRÉS,CP,-76.046353,2.582774,
gb:COL:ADM2:7082276B42793488331490,19,CAUCA,19355,INZÁ,19355008,TUMBICHUCUE,CP,-76.069569,2.629438,
gb:COL:ADM2:7082276B42793488331490,19,CAUCA,19355,INZÁ,19355009,TURMINÁ,CP,-76.048906,2.497959,
gb:COL:ADM2:7082276B42793488331490,19,CAUCA,19355,INZÁ,19355010,SANTA TERESA,CP,-76.053932,2.460779,
gb:COL:ADM2:7082276B42793488331490,19,CAUCA,19355,INZÁ,19355011,GUANACAS,CP,-76.080075,2.528631,
gb:COL:ADM2:7082276B42793488331490,19,CAUCA,19355,INZÁ,19355014,SAN MIGUEL,CP,-76.039051,2.470051,
gb:COL:ADM2:7082276B42793488331490,19,CAUCA,19355,INZÁ,19355015,SEGOVIA,CP,-76.013923,2.553963,
gb:COL:ADM2:7082276B42793488331490,19,CAUCA,19355,INZÁ,19355016,LA MILAGROSA,CP,-76.085928,2.533034,
gb:COL:ADM2:7082276B42793488331490,19,CAUCA,19355,INZÁ,19355017,YAQUIVÁ,CP,-76.073988,2.551801,
gb:COL:ADM2:7082276B42793488331490,19,CAUCA,19355,INZÁ,19355018,EL CABUYO,CP,-76.095524,2.524769,
gb:COL:ADM2:7082276B42793488331490,19,CAUCA,19355,INZÁ,19355019,YARUMAL,CP,-76.064155,2.45351,
gb:COL:ADM2:7082276B42793488331490,19,CAUCA,19355,INZÁ,19355020,LOMITAS,CP,-76.064342,2.577866,
gb:COL:ADM2:7082276B42793488331490,19,CAUCA,19355,INZÁ,19355021,EL RINCÓN,CP,-76.057645,2.479491,
gb:COL:ADM2:7082276B42793488331490,19,CAUCA,19355,INZÁ,19355022,LA PALMA,CP,-76.058397,2.521631,
gb:COL:ADM2:7082276B42793488331490,19,CAUCA,19355,INZÁ,19355023,EL GUAYABAL,CP,-76.063055,2.553097,
gb:COL:ADM2:7082276B42793488331490,19,CAUCA,19355,INZÁ,19355024,EL MESÓN,CP,-76.046699,2.59874,
gb:COL:ADM2:7082276B42793488331490,19,CAUCA,19355,INZÁ,19355025,EL LLANITO,CP,-76.031354,2.557915,
gb:COL:ADM2:7082276B42793488331490,19,CAUCA,19355,INZÁ,19355026,EL HATO,CP,-76.0395,2.555649,
gb:COL:ADM2:7082276B42793488331490,19,CAUCA,19355,INZÁ,19355027,SAN FRANCISCO,CP,-76.052393,2.553309,
gb:COL:ADM2:7082276B42793488331490,19,CAUCA,19355,INZÁ,19355028,BRISAS DEL RIO ULLUCOS,CP,-76.046578,2.554534,
gb:COL:ADM2:7082276B42793488331490,19,CAUCA,19355,INZÁ,19355029,EL PICACHO,CP,-76.03997,2.583726,
gb:COL:ADM2:7082276B42793488331490,19,CAUCA,19355,INZÁ,19355030,POTRERITO,CP,-76.02951,2.584023,
gb:COL:ADM2:7082276B42793488331490,19,CAUCA,19355,INZÁ,19355031,CEDRALIA,CP,-76.026786,2.563812,
gb:COL:ADM2:7082276B42793488331490,19,CAUCA,19355,INZÁ,19355032,CAPICISGO,CP,-76.019357,2.562157,
gb:COL:ADM2:7082276B42793488331490,19,CAUCA,19355,INZÁ,19355033,QUIGUANAS,CP,-76.002842,2.555179,
gb:COL:ADM2:7082276B42793488331490,19,CAUCA,19355,INZÁ,19355034,PUEBLO NUEVO,CP,-76.068161,2.62399,
gb:COL:ADM2:7082276B42793488331490,19,CAUCA,19355,INZÁ,19355035,ALTO DE LA CRUZ,CP,-76.0448998638,2.53720159125,
gb:COL:ADM2:7082276B42793488331490,19,CAUCA,19355,INZÁ,19355036,VIBORA,CP,-76.027936483,2.54830596013,
gb:COL:ADM2:7082276B42793488331490,19,CAUCA,19355,INZÁ,19355037,SAN ANTONIO,CP,-76.0141613222,2.45315457697,
gb:COL:ADM2:7082276B43348198009946,76,VALLE DEL CAUCA,76863,VERSALLES,76863000,VERSALLES,CM,-76.199203,4.575019,
gb:COL:ADM2:7082276B43348198009946,76,VALLE DEL CAUCA,76863,VERSALLES,76863001,CAMPOALEGRE,CP,-76.153889,4.618694,
gb:COL:ADM2:7082276B43348198009946,76,VALLE DEL CAUCA,76863,VERSALLES,76863002,EL BALSAL,CP,-76.22993,4.666971,
gb:COL:ADM2:7082276B43348198009946,76,VALLE DEL CAUCA,76863,VERSALLES,76863007,LA FLORIDA,CP,-76.137708,4.649199,
gb:COL:ADM2:7082276B43348198009946,76,VALLE DEL CAUCA,76863,VERSALLES,76863012,PUERTO NUEVO,CP,-76.27302,4.587026,
gb:COL:ADM2:7082276B43348198009946,76,VALLE DEL CAUCA,76863,VERSALLES,76863014,MURRAPAL,CP,-76.158687,4.654727,
gb:COL:ADM2:7082276B43348198009946,76,VALLE DEL CAUCA,76863,VERSALLES,76863017,LA PLAYA,CP,-76.166006,4.552824,
gb:COL:ADM2:7082276B43348198009946,76,VALLE DEL CAUCA,76863,VERSALLES,76863019,LA CABAÑA,CP,-76.200267,4.535087,
gb:COL:ADM2:7082276B43653558961889,19,CAUCA,19450,MERCADERES,19450000,MERCADERES,CM,-77.164319,1.789193,
gb:COL:ADM2:7082276B43653558961889,19,CAUCA,19450,MERCADERES,19450002,ARBOLEDAS,CP,-77.20115,1.702114,
gb:COL:ADM2:7082276B43653558961889,19,CAUCA,19450,MERCADERES,19450003,EL PILÓN,CP,-77.157166,1.937457,
gb:COL:ADM2:7082276B43653558961889,19,CAUCA,19450,MERCADERES,19450004,ESMERALDAS,CP,-77.048865,1.746144,
gb:COL:ADM2:7082276B43653558961889,19,CAUCA,19450,MERCADERES,19450006,SAN JOAQUÍN,CP,-77.079027,1.774975,
gb:COL:ADM2:7082276B43653558961889,19,CAUCA,19450,MERCADERES,19450007,SAN JUANITO,CP,-77.27104,1.734573,
gb:COL:ADM2:7082276B43653558961889,19,CAUCA,19450,MERCADERES,19450010,CURACAS,CP,-77.122968,1.77136,
gb:COL:ADM2:7082276B43653558961889,19,CAUCA,19450,MERCADERES,19450012,LA DESPENSA,CP,-77.244826,1.728113,
gb:COL:ADM2:7082276B43653558961889,19,CAUCA,19450,MERCADERES,19450014,SOMBRERILLOS,CP,-77.148309,1.704442,
gb:COL:ADM2:7082276B43653558961889,19,CAUCA,19450,MERCADERES,19450015,EL BADO,CP,-77.300473,1.780883,
gb:COL:ADM2:7082276B43653558961889,19,CAUCA,19450,MERCADERES,19450016,TABLONCITO,CP,-77.165398,1.710995,
gb:COL:ADM2:7082276B43653558961889,19,CAUCA,19450,MERCADERES,19450019,MOJARRAS,CP,-77.197064,1.888243,
gb:COL:ADM2:7082276B43653558961889,19,CAUCA,19450,MERCADERES,19450020,LOS LLANOS,CP,-77.0715,1.788421,
gb:COL:ADM2:7082276B43653558961889,19,CAUCA,19450,MERCADERES,19450023,BUENOS AIRES,CP,-77.259679,1.755892,
gb:COL:ADM2:7082276B43653558961889,19,CAUCA,19450,MERCADERES,19450024,EL CANGREJO,CP,-77.190086,1.894825,
gb:COL:ADM2:7082276B43653558961889,19,CAUCA,19450,MERCADERES,19450025,EL COCAL,CP,-77.254339,1.849774,
gb:COL:ADM2:7082276B43653558961889,19,CAUCA,19450,MERCADERES,19450026,ESPERANZAS DE MAYO,CP,-77.320488,1.694097,
gb:COL:ADM2:7082276B43653558961889,19,CAUCA,19450,MERCADERES,19450027,PUEBLO NUEVO,CP,-77.257583,1.762754,
gb:COL:ADM2:7082276B45851614752586,23,CÓRDOBA,23678,SAN CARLOS,23678000,SAN CARLOS,CM,-75.698799,8.799282,
gb:COL:ADM2:7082276B45851614752586,23,CÓRDOBA,23678,SAN CARLOS,23678001,EL CAMPANO,CP,-75.79203,8.770838,
gb:COL:ADM2:7082276B45851614752586,23,CÓRDOBA,23678,SAN CARLOS,23678002,CARRIZAL,CP,-75.751561,8.68254,
gb:COL:ADM2:7082276B45851614752586,23,CÓRDOBA,23678,SAN CARLOS,23678003,GUACHARACAL,CP,-75.67213,8.55337,
gb:COL:ADM2:7082276B45851614752586,23,CÓRDOBA,23678,SAN CARLOS,23678004,SANTA ROSA,CP,-75.627722,8.750176,
gb:COL:ADM2:7082276B45851614752586,23,CÓRDOBA,23678,SAN CARLOS,23678005,REMEDIO POBRE,CP,-75.707176,8.799506,
gb:COL:ADM2:7082276B45851614752586,23,CÓRDOBA,23678,SAN CARLOS,23678006,CABUYA,CP,-75.716156,8.821235,
gb:COL:ADM2:7082276B45851614752586,23,CÓRDOBA,23678,SAN CARLOS,23678008,CALLEMAR,CP,-75.664512,8.663383,
gb:COL:ADM2:7082276B45851614752586,23,CÓRDOBA,23678,SAN CARLOS,23678009,CIENAGUITA,CP,-75.735492,8.637156,
gb:COL:ADM2:7082276B45851614752586,23,CÓRDOBA,23678,SAN CARLOS,23678010,EL HATO,CP,-75.731053,8.789044,
gb:COL:ADM2:7082276B45851614752586,23,CÓRDOBA,23678,SAN CARLOS,23678011,SAN MIGUEL,CP,-75.652251,8.719458,
gb:COL:ADM2:7082276B45851614752586,23,CÓRDOBA,23678,SAN CARLOS,23678012,EL CHARCO,CP,-75.674179,8.533131,
gb:COL:ADM2:7082276B45851614752586,23,CÓRDOBA,23678,SAN CARLOS,23678016,CALLE LARGA,CP,-75.758334,8.757598,
gb:COL:ADM2:7082276B45851614752586,23,CÓRDOBA,23678,SAN CARLOS,23678018,LAS TINAS,CP,-75.781146,8.752082,
gb:COL:ADM2:7082276B45851614752586,23,CÓRDOBA,23678,SAN CARLOS,23678019,LOS CAÑOS,CP,-75.763075,8.670743,
gb:COL:ADM2:7082276B46133695651434,19,CAUCA,19532,PATÍA,19532000,EL BORDO,CM,-76.981075,2.115875,
gb:COL:ADM2:7082276B46133695651434,19,CAUCA,19532,PATÍA,19532001,BRISAS,CP,-77.061537,2.280897,
gb:COL:ADM2:7082276B46133695651434,19,CAUCA,19532,PATÍA,19532003,DON ALONSO,CP,-77.038831,2.281308,
gb:COL:ADM2:7082276B46133695651434,19,CAUCA,19532,PATÍA,19532004,GALÍNDEZ,CP,-77.157214,1.94412,
gb:COL:ADM2:7082276B46133695651434,19,CAUCA,19532,PATÍA,19532005,LA FONDA,CP,-77.059779,2.152143,
gb:COL:ADM2:7082276B46133695651434,19,CAUCA,19532,PATÍA,19532006,LA MESA,CP,-77.119667,2.255426,
gb:COL:ADM2:7082276B46133695651434,19,CAUCA,19532,PATÍA,19532008,PATÍA,CP,-77.053275,2.0692,
gb:COL:ADM2:7082276B46133695651434,19,CAUCA,19532,PATÍA,19532009,PIEDRASENTADA,CP,-76.899972,2.171426,
gb:COL:ADM2:7082276B46133695651434,19,CAUCA,19532,PATÍA,19532010,PAN DE AZÚCAR,CP,-77.133502,2.149559,
gb:COL:ADM2:7082276B46133695651434,19,CAUCA,19532,PATÍA,19532012,SAJANDÍ,CP,-77.047215,2.174102,
gb:COL:ADM2:7082276B46133695651434,19,CAUCA,19532,PATÍA,19532013,EL ESTRECHO,CP,-77.119846,1.966404,
gb:COL:ADM2:7082276B46133695651434,19,CAUCA,19532,PATÍA,19532014,EL HOYO,CP,-77.00676,2.207254,
gb:COL:ADM2:7082276B46133695651434,19,CAUCA,19532,PATÍA,19532025,SANTA CRUZ,CP,-77.11611,2.171869,
gb:COL:ADM2:7082276B46133695651434,19,CAUCA,19532,PATÍA,19532032,PALO MOCHO,CP,-76.963183,2.13421,
gb:COL:ADM2:7082276B4639527364844,86,PUTUMAYO,86573,PUERTO LEGUÍZAMO,86573000,PUERTO LEGUÍZAMO,CM,-74.781842,-0.192318,
gb:COL:ADM2:7082276B4639527364844,86,PUTUMAYO,86573,PUERTO LEGUÍZAMO,86573001,LA TAGUA,CP,-74.665255,-0.057978,
gb:COL:ADM2:7082276B4639527364844,86,PUTUMAYO,86573,PUERTO LEGUÍZAMO,86573002,PUERTO OSPINA,CP,-75.850578,0.133695,
gb:COL:ADM2:7082276B4639527364844,86,PUTUMAYO,86573,PUERTO LEGUÍZAMO,86573003,SENSELLA,CP,-75.02538,0.330687,
gb:COL:ADM2:7082276B4639527364844,86,PUTUMAYO,86573,PUERTO LEGUÍZAMO,86573005,EL MECAYA,CP,-75.174296,0.474108,
gb:COL:ADM2:7082276B4639527364844,86,PUTUMAYO,86573,PUERTO LEGUÍZAMO,86573009,PIÑUÑA NEGRO,CP,-76.012971,0.306966,
gb:COL:ADM2:7082276B4639527364844,86,PUTUMAYO,86573,PUERTO LEGUÍZAMO,86573010,NUEVA APAYA,CP,-75.195453,-0.037982,
gb:COL:ADM2:7082276B4639527364844,86,PUTUMAYO,86573,PUERTO LEGUÍZAMO,86573011,PUERTO NARIÑO,CP,-74.611367,-0.345979,
gb:COL:ADM2:7082276B4639527364844,86,PUTUMAYO,86573,PUERTO LEGUÍZAMO,86573012,PUERTO PUNTALES,CP,-74.4186218215,-0.495247195641,
gb:COL:ADM2:7082276B46612550724020,76,VALLE DEL CAUCA,76248,EL CERRITO,76248000,EL CERRITO,CM,-76.311972,3.684229,
gb:COL:ADM2:7082276B46612550724020,76,VALLE DEL CAUCA,76248,EL CERRITO,76248003,EL CASTILLO,CP,-76.193332,3.664291,
gb:COL:ADM2:7082276B46612550724020,76,VALLE DEL CAUCA,76248,EL CERRITO,76248005,EL PLACER,CP,-76.271506,3.61301,
gb:COL:ADM2:7082276B46612550724020,76,VALLE DEL CAUCA,76248,EL CERRITO,76248006,EL POMO,CP,-76.185308,3.638885,
gb:COL:ADM2:7082276B46612550724020,76,VALLE DEL CAUCA,76248,EL CERRITO,76248008,SAN ANTONIO,CP,-76.351812,3.686361,
gb:COL:ADM2:7082276B46612550724020,76,VALLE DEL CAUCA,76248,EL CERRITO,76248009,SANTA ELENA,CP,-76.238684,3.654404,
gb:COL:ADM2:7082276B46612550724020,76,VALLE DEL CAUCA,76248,EL CERRITO,76248010,SANTA LUISA,CP,-76.089549,3.622159,
gb:COL:ADM2:7082276B46612550724020,76,VALLE DEL CAUCA,76248,EL CERRITO,76248011,TENERIFE,CP,-76.075721,3.727088,
gb:COL:ADM2:7082276B46612550724020,76,VALLE DEL CAUCA,76248,EL CERRITO,76248014,CAMPOALEGRE,CP,-76.244789,3.644105,
gb:COL:ADM2:7082276B46612550724020,76,VALLE DEL CAUCA,76248,EL CERRITO,76248018,LA HONDA,CP,-76.195698,3.657814,
gb:COL:ADM2:7082276B47350774570245,19,CAUCA,19050,ARGELIA,19050000,ARGELIA,CM,-77.24905,2.257427,
gb:COL:ADM2:7082276B47350774570245,19,CAUCA,19050,ARGELIA,19050001,EL MANGO,CP,-77.235424,2.329391,
gb:COL:ADM2:7082276B47350774570245,19,CAUCA,19050,ARGELIA,19050002,LA BELLEZA,CP,-77.235774,2.370584,
gb:COL:ADM2:7082276B47350774570245,19,CAUCA,19050,ARGELIA,19050005,EL DIVISO,CP,-77.257873,2.309075,
gb:COL:ADM2:7082276B47350774570245,19,CAUCA,19050,ARGELIA,19050006,EL PLATEADO,CP,-77.238441,2.463875,
gb:COL:ADM2:7082276B47350774570245,19,CAUCA,19050,ARGELIA,19050007,SINAÍ,CP,-77.217391,2.383727,
gb:COL:ADM2:7082276B47350774570245,19,CAUCA,19050,ARGELIA,19050016,PUERTO RICO,CP,-77.215875,2.424742,
gb:COL:ADM2:7082276B47350774570245,19,CAUCA,19050,ARGELIA,19050017,SAN JUAN GUADUA,CP,-77.28065,2.23513,
gb:COL:ADM2:7082276B47374862925181,19,CAUCA,19300,GUACHENÉ,19300000,GUACHENÉ,CM,-76.392189,3.134153,
gb:COL:ADM2:7082276B47374862925181,19,CAUCA,19300,GUACHENÉ,19300004,BARRAGAN,CP,-76.426852,3.173074,
gb:COL:ADM2:7082276B47374862925181,19,CAUCA,19300,GUACHENÉ,19300005,CAMPOALEGRE,CP,-76.383097,3.138548,
gb:COL:ADM2:7082276B47374862925181,19,CAUCA,19300,GUACHENÉ,19300006,CAPONERA 1,CP,-76.424956,3.184341,
gb:COL:ADM2:7082276B47374862925181,19,CAUCA,19300,GUACHENÉ,19300007,CAPONERA SECTOR PALO BLANCO,CP,-76.429011,3.179929,
gb:COL:ADM2:7082276B47374862925181,19,CAUCA,19300,GUACHENÉ,19300008,CIÉNAGA HONDA,CP,-76.411106,3.092961,
gb:COL:ADM2:7082276B47374862925181,19,CAUCA,19300,GUACHENÉ,19300009,GUABAL,CP,-76.408451,3.186549,
gb:COL:ADM2:7082276B47374862925181,19,CAUCA,19300,GUACHENÉ,19300010,GUABAL 1,CP,-76.412442,3.185125,
gb:COL:ADM2:7082276B47374862925181,19,CAUCA,19300,GUACHENÉ,19300011,GUABAL 2,CP,-76.412971,3.178522,
gb:COL:ADM2:7082276B47374862925181,19,CAUCA,19300,GUACHENÉ,19300012,LA CABAÑA,CP,-76.384835,3.160487,
gb:COL:ADM2:7082276B47374862925181,19,CAUCA,19300,GUACHENÉ,19300013,LA CABAÑITA,CP,-76.39045,3.167326,
gb:COL:ADM2:7082276B47374862925181,19,CAUCA,19300,GUACHENÉ,19300014,LA DOMINGA,CP,-76.403782,3.101399,
gb:COL:ADM2:7082276B47374862925181,19,CAUCA,19300,GUACHENÉ,19300015,LLANO DE TAULA ALTO,CP,-76.367557,3.136035,
gb:COL:ADM2:7082276B47374862925181,19,CAUCA,19300,GUACHENÉ,19300016,LLANO DE TAULA BAJO,CP,-76.37236,3.151134,
gb:COL:ADM2:7082276B47374862925181,19,CAUCA,19300,GUACHENÉ,19300017,MINGO,CP,-76.424809,3.202437,
gb:COL:ADM2:7082276B47374862925181,19,CAUCA,19300,GUACHENÉ,19300018,OBANDO,CP,-76.380514,3.187819,
gb:COL:ADM2:7082276B47374862925181,19,CAUCA,19300,GUACHENÉ,19300019,OBANDO SECTOR LA ESPERANZA,CP,-76.382699,3.176635,
gb:COL:ADM2:7082276B47374862925181,19,CAUCA,19300,GUACHENÉ,19300020,SABANETA,CP,-76.401414,3.147366,
gb:COL:ADM2:7082276B47374862925181,19,CAUCA,19300,GUACHENÉ,19300021,SAN ANTONIO,CP,-76.389481,3.14897,
gb:COL:ADM2:7082276B47374862925181,19,CAUCA,19300,GUACHENÉ,19300022,SAN JACINTO,CP,-76.409419,3.108657,
gb:COL:ADM2:7082276B47374862925181,19,CAUCA,19300,GUACHENÉ,19300023,SAN JOSÉ,CP,-76.387566,3.139856,
gb:COL:ADM2:7082276B47769001538338,19,CAUCA,19785,SUCRE,19785000,SUCRE,CM,-76.926279,2.038237,
gb:COL:ADM2:7082276B47769001538338,19,CAUCA,19785,SUCRE,19785001,EL PARAÍSO,CP,-76.89785,2.078023,
gb:COL:ADM2:7082276B47769001538338,19,CAUCA,19785,SUCRE,19785008,LA CEJA,CP,-76.940219,2.05222,
gb:COL:ADM2:7082276B47892047719845,19,CAUCA,19110,BUENOS AIRES,19110000,BUENOS AIRES,CM,-76.642238,3.015382,
gb:COL:ADM2:7082276B47892047719845,19,CAUCA,19110,BUENOS AIRES,19110006,EL PORVENIR,CP,-76.711043,3.08783,
gb:COL:ADM2:7082276B47892047719845,19,CAUCA,19110,BUENOS AIRES,19110007,HONDURAS,CP,-76.675847,2.98972,
gb:COL:ADM2:7082276B47892047719845,19,CAUCA,19110,BUENOS AIRES,19110008,LA BALSA,CP,-76.600407,3.08922,
gb:COL:ADM2:7082276B47892047719845,19,CAUCA,19110,BUENOS AIRES,19110012,TIMBA,CP,-76.627364,3.114198,
gb:COL:ADM2:7082276B47892047719845,19,CAUCA,19110,BUENOS AIRES,19110013,EL CERAL,CP,-76.746461,3.092437,
gb:COL:ADM2:7082276B47892047719845,19,CAUCA,19110,BUENOS AIRES,19110016,SAN FRANCISCO,CP,-76.657581,3.055212,
gb:COL:ADM2:7082276B47892047719845,19,CAUCA,19110,BUENOS AIRES,19110025,PALOBLANCO,CP,-76.652931,2.995842,
gb:COL:ADM2:7082276B47892047719845,19,CAUCA,19110,BUENOS AIRES,19110029,LA ESPERANZA,CP,-76.739769,3.068589,
gb:COL:ADM2:7082276B47892047719845,19,CAUCA,19110,BUENOS AIRES,19110030,MUNCHIQUE,CP,-76.668278,2.9772980000000002,
gb:COL:ADM2:7082276B47892047719845,19,CAUCA,19110,BUENOS AIRES,19110031,LAS DELICIAS,CP,-76.5905634746,2.92475567929,
gb:COL:ADM2:7082276B48600116890158,23,CÓRDOBA,23068,AYAPEL,23068000,AYAPEL,CM,-75.146048,8.313838,
gb:COL:ADM2:7082276B48600116890158,23,CÓRDOBA,23068,AYAPEL,23068001,ALFONSO LÓPEZ,CP,-74.899477,8.394134,
gb:COL:ADM2:7082276B48600116890158,23,CÓRDOBA,23068,AYAPEL,23068003,CECILIA,CP,-75.03233,8.46159,
gb:COL:ADM2:7082276B48600116890158,23,CÓRDOBA,23068,AYAPEL,23068004,EL CEDRO,CP,-75.127491,8.284519,
gb:COL:ADM2:7082276B48600116890158,23,CÓRDOBA,23068,AYAPEL,23068006,NARIÑO,CP,-74.986661,8.298901,
gb:COL:ADM2:7082276B48600116890158,23,CÓRDOBA,23068,AYAPEL,23068007,PALOTAL,CP,-75.232854,8.241127,
gb:COL:ADM2:7082276B48600116890158,23,CÓRDOBA,23068,AYAPEL,23068009,SINCELEJITO,CP,-75.001234,8.410917,
gb:COL:ADM2:7082276B48600116890158,23,CÓRDOBA,23068,AYAPEL,23068012,MARRALÚ,CP,-75.237841,8.312099,
gb:COL:ADM2:7082276B48600116890158,23,CÓRDOBA,23068,AYAPEL,23068014,PUEBLO NUEVO - POPALES,CP,-74.95968,8.241339,
gb:COL:ADM2:7082276B48600116890158,23,CÓRDOBA,23068,AYAPEL,23068015,LAS DELICIAS,CP,-75.19861,8.267724,
gb:COL:ADM2:7082276B48757885087630,66,RISARALDA,66440,MARSELLA,66440000,MARSELLA,CM,-75.73879,4.935771,
gb:COL:ADM2:7082276B48757885087630,66,RISARALDA,66440,MARSELLA,66440001,ALTO CAUCA,CP,-75.742942,4.992913,
gb:COL:ADM2:7082276B48757885087630,66,RISARALDA,66440,MARSELLA,66440002,BELTRÁN,CP,-75.793,4.959932,
gb:COL:ADM2:7082276B48757885087630,66,RISARALDA,66440,MARSELLA,66440003,LA ARGENTINA,CP,-75.79048,4.915428,
gb:COL:ADM2:7082276B48757885087630,66,RISARALDA,66440,MARSELLA,66440008,PLAN DE VIVIENDA EL RAYO,CP,-75.730695,4.917005,
gb:COL:ADM2:7082276B48757885087630,66,RISARALDA,66440,MARSELLA,66440009,ESTACIÓN PEREIRA,CP,-75.81421,4.907253,
gb:COL:ADM2:7082276B48757885087630,66,RISARALDA,66440,MARSELLA,66440013,PLAN DE VIVIENDA TACURRUMBI,CP,-75.717329,4.972563,
gb:COL:ADM2:7082276B48757885087630,66,RISARALDA,66440,MARSELLA,66440015,JEDACA DE,CP,-75.7487616402,4.99309966999,
gb:COL:ADM2:7082276B48843599795866,23,CÓRDOBA,23466,MONTELÍBANO,23466000,MONTELÍBANO,CM,-75.416818,7.973777,
gb:COL:ADM2:7082276B48843599795866,23,CÓRDOBA,23466,MONTELÍBANO,23466001,EL ANCLAR,CP,-75.490966,8.05844,
gb:COL:ADM2:7082276B48843599795866,23,CÓRDOBA,23466,MONTELÍBANO,23466005,SAN FRANCISCO DEL RAYO,CP,-75.759856,8.12144,
gb:COL:ADM2:7082276B48843599795866,23,CÓRDOBA,23466,MONTELÍBANO,23466006,TIERRADENTRO,CP,-75.876333,7.812416,
gb:COL:ADM2:7082276B48843599795866,23,CÓRDOBA,23466,MONTELÍBANO,23466008,PICA PICA NUEVO,CP,-75.679331,8.029819,
gb:COL:ADM2:7082276B48843599795866,23,CÓRDOBA,23466,MONTELÍBANO,23466021,PUERTO ANCHICA,CP,-75.850732,7.870349,
gb:COL:ADM2:7082276B48843599795866,23,CÓRDOBA,23466,MONTELÍBANO,23466023,CÓRDOBA,CP,-75.573785,8.051356,
gb:COL:ADM2:7082276B48843599795866,23,CÓRDOBA,23466,MONTELÍBANO,23466028,EL PALMAR,CP,-75.799992,7.949778,
gb:COL:ADM2:7082276B48843599795866,23,CÓRDOBA,23466,MONTELÍBANO,23466031,LAS MARGARITAS,CP,-75.59246,8.079971,
gb:COL:ADM2:7082276B48843599795866,23,CÓRDOBA,23466,MONTELÍBANO,23466033,PUERTO NUEVO,CP,-75.834439,7.914544,
gb:COL:ADM2:7082276B48843599795866,23,CÓRDOBA,23466,MONTELÍBANO,23466037,VILLA CARMINIA,CP,-75.556411,7.997637,
gb:COL:ADM2:7082276B48843599795866,23,CÓRDOBA,23466,MONTELÍBANO,23466038,SAN MATEO,CP,-75.8591447059,7.85423099263,
gb:COL:ADM2:7082276B49685507148696,19,CAUCA,19517,PÁEZ,19517000,BELALCÁZAR,CM,-75.970685,2.645724,
gb:COL:ADM2:7082276B49685507148696,19,CAUCA,19517,PÁEZ,19517002,AVIRAMA,CP,-75.9773,2.658314,
gb:COL:ADM2:7082276B49685507148696,19,CAUCA,19517,PÁEZ,19517003,COHETANDO,CP,-75.982301,2.584071,
gb:COL:ADM2:7082276B49685507148696,19,CAUCA,19517,PÁEZ,19517004,CHINAS,CP,-76.043495,2.693527,
gb:COL:ADM2:7082276B49685507148696,19,CAUCA,19517,PÁEZ,19517007,ITAIBE,CP,-75.848422,2.479601,
gb:COL:ADM2:7082276B49685507148696,19,CAUCA,19517,PÁEZ,19517009,LAME,CP,-76.085938,2.696547,
gb:COL:ADM2:7082276B49685507148696,19,CAUCA,19517,PÁEZ,19517011,MOSOCO,CP,-76.148001,2.71993,
gb:COL:ADM2:7082276B49685507148696,19,CAUCA,19517,PÁEZ,19517012,RICAURTE,CP,-75.957179,2.526247,
gb:COL:ADM2:7082276B49685507148696,19,CAUCA,19517,PÁEZ,19517013,RIOCHIQUITO,CP,-75.780661,2.668919,
gb:COL:ADM2:7082276B49685507148696,19,CAUCA,19517,PÁEZ,19517014,SAN LUIS (POTRERILLO),CP,-75.924951,2.567951,
gb:COL:ADM2:7082276B49685507148696,19,CAUCA,19517,PÁEZ,19517015,TALAGA,CP,-76.022256,2.713758,
gb:COL:ADM2:7082276B49685507148696,19,CAUCA,19517,PÁEZ,19517016,TÓEZ,CP,-76.049933,2.777559,
gb:COL:ADM2:7082276B49685507148696,19,CAUCA,19517,PÁEZ,19517017,LA MESA DE TOGOIMA,CP,-75.984407,2.577541,
gb:COL:ADM2:7082276B49685507148696,19,CAUCA,19517,PÁEZ,19517024,EL CABUYO,CP,-76.112581,2.722219,
gb:COL:ADM2:7082276B49685507148696,19,CAUCA,19517,PÁEZ,19517025,LA CEJA,CP,-75.872183,2.578999,
gb:COL:ADM2:7082276B49685507148696,19,CAUCA,19517,PÁEZ,19517027,TARAVIRA,CP,-76.050509,2.72733,
gb:COL:ADM2:7082276B49685507148696,19,CAUCA,19517,PÁEZ,19517029,MINUTO DE DIOS,CP,-75.973975,2.632798,
gb:COL:ADM2:7082276B49685507148696,19,CAUCA,19517,PÁEZ,19517030,COQUIYÓ,CP,-75.987388,2.620433,
gb:COL:ADM2:7082276B49685507148696,19,CAUCA,19517,PÁEZ,19517031,CHACHUCUE,CP,-76.047136,2.752325,
gb:COL:ADM2:7082276B49685507148696,19,CAUCA,19517,PÁEZ,19517032,EL RODEO,CP,-75.975429,2.672203,
gb:COL:ADM2:7082276B49685507148696,19,CAUCA,19517,PÁEZ,19517033,GUADUALEJO,CP,-75.969405,2.569238,
gb:COL:ADM2:7082276B49685507148696,19,CAUCA,19517,PÁEZ,19517034,GUAPIO,CP,-75.978088,2.677974,
gb:COL:ADM2:7082276B49685507148696,19,CAUCA,19517,PÁEZ,19517035,GUAQUIYÓ,CP,-76.014424,2.675672,
gb:COL:ADM2:7082276B49685507148696,19,CAUCA,19517,PÁEZ,19517037,LA MARÍA,CP,-75.980641,2.688387,
gb:COL:ADM2:7082276B49685507148696,19,CAUCA,19517,PÁEZ,19517039,MESA DE CALOTO,CP,-76.060991,2.791102,
gb:COL:ADM2:7082276B49685507148696,19,CAUCA,19517,PÁEZ,19517040,MESA DE TÁLAGA,CP,-76.027599,2.724529,
gb:COL:ADM2:7082276B49685507148696,19,CAUCA,19517,PÁEZ,19517043,VICANENGA,CP,-76.017358,2.693375,
gb:COL:ADM2:7082276B49685507148696,19,CAUCA,19517,PÁEZ,19517044,LA MESA DE AVIRAMA,CP,-75.980074,2.662106,
gb:COL:ADM2:7082276B49685507148696,19,CAUCA,19517,PÁEZ,19517045,LA MESA DE BELALCÁZAR,CP,-75.968409,2.647676,
gb:COL:ADM2:7082276B49685507148696,19,CAUCA,19517,PÁEZ,19517046,SANTA ROSA,CP,-76.005601,2.584937,
gb:COL:ADM2:7082276B49685507148696,19,CAUCA,19517,PÁEZ,19517047,EL CUARTEL,CP,-76.112432,2.710801,
gb:COL:ADM2:7082276B49685507148696,19,CAUCA,19517,PÁEZ,19517048,MONTECRUZ,CP,-76.067842,2.723927,
gb:COL:ADM2:7082276B49685507148696,19,CAUCA,19517,PÁEZ,19517049,HUILA VIEJO,CP,-76.057504,2.772866,
gb:COL:ADM2:7082276B49685507148696,19,CAUCA,19517,PÁEZ,19517050,LA MURALLA,CP,-76.011875,2.651058,
gb:COL:ADM2:7082276B49685507148696,19,CAUCA,19517,PÁEZ,19517051,SECTOR SINAI,CP,-76.014334,2.653622,
gb:COL:ADM2:7082276B49685507148696,19,CAUCA,19517,PÁEZ,19517052,LA CRUZ DE TOGOIMA,CP,-75.995399,2.600109,
gb:COL:ADM2:7082276B49685507148696,19,CAUCA,19517,PÁEZ,19517053,TOGOIMA CENTRO,CP,-76.001266,2.617405,
gb:COL:ADM2:7082276B49685507148696,19,CAUCA,19517,PÁEZ,19517054,CHUMAL,CP,-75.996325,2.628804,
gb:COL:ADM2:7082276B49685507148696,19,CAUCA,19517,PÁEZ,19517055,CHICAQUIU,CP,-75.993319,2.657356,
gb:COL:ADM2:7082276B49685507148696,19,CAUCA,19517,PÁEZ,19517056,TRES ESQUINAS,CP,-75.981698,2.659165,
gb:COL:ADM2:7082276B49685507148696,19,CAUCA,19517,PÁEZ,19517057,ALTO AVIRAMA,CP,-75.981206,2.655586,
gb:COL:ADM2:7082276B49685507148696,19,CAUCA,19517,PÁEZ,19517058,MESA DE COHETANDO,CP,-75.964416,2.565889,
gb:COL:ADM2:7082276B49685507148696,19,CAUCA,19517,PÁEZ,19517059,CALOTO COHETANDO,CP,-75.958932,2.581999,
gb:COL:ADM2:7082276B49685507148696,19,CAUCA,19517,PÁEZ,19517060,LAS DELICIAS COHETANDO,CP,-75.961594,2.573894,
gb:COL:ADM2:7082276B49685507148696,19,CAUCA,19517,PÁEZ,19517061,LA FLORIDA,CP,-75.966497,2.609868,
gb:COL:ADM2:7082276B49685507148696,19,CAUCA,19517,PÁEZ,19517062,GUALCAN,CP,-75.97646399999999,2.62883,
gb:COL:ADM2:7082276B49685507148696,19,CAUCA,19517,PÁEZ,19517063,EL CARMEN DEL SALADO,CP,-75.953629,2.654403,
gb:COL:ADM2:7082276B49685507148696,19,CAUCA,19517,PÁEZ,19517064,POTRERO DEL BARRO,CP,-75.959276,2.654734,
gb:COL:ADM2:7082276B49685507148696,19,CAUCA,19517,PÁEZ,19517065,EL CARMEN,CP,-75.960042,2.65014,
gb:COL:ADM2:7082276B49685507148696,19,CAUCA,19517,PÁEZ,19517066,UKWE KIWE,CP,-75.810758,2.680091,
gb:COL:ADM2:7082276B49685507148696,19,CAUCA,19517,PÁEZ,19517067,MESA DE TOGOIMA UNO,CP,-75.997448,2.592407,
gb:COL:ADM2:7082276B49685507148696,19,CAUCA,19517,PÁEZ,19517068,VILLA ITAIBE,CP,-75.869051,2.494209,
gb:COL:ADM2:7082276B49685507148696,19,CAUCA,19517,PÁEZ,19517070,BELLO HORIZONTE,CP,-75.874933,2.465728,
gb:COL:ADM2:7082276B49685507148696,19,CAUCA,19517,PÁEZ,19517071,VITONCO CENTRO,CP,-76.0824928059,2.72116369254,
gb:COL:ADM2:7082276B49685507148696,19,CAUCA,19517,PÁEZ,19517072,LA TROJA,CP,-76.1141923063,2.73450873632,
gb:COL:ADM2:7082276B49685507148696,19,CAUCA,19517,PÁEZ,19517073,BOTATIERRA,CP,-76.1550582389,2.73783420111,
gb:COL:ADM2:7082276B49685507148696,19,CAUCA,19517,PÁEZ,19517074,EL HATO,CP,-75.8737203903,2.48057929406,
gb:COL:ADM2:7082276B49685507148696,19,CAUCA,19517,PÁEZ,19517075,SUIN,CP,-76.053463261,2.70641610336,
gb:COL:ADM2:7082276B49685507148696,19,CAUCA,19517,PÁEZ,19517076,LA ESMERALDA,CP,-75.8251845187,2.48192189949,
gb:COL:ADM2:7082276B49685507148696,19,CAUCA,19517,PÁEZ,19517077,EL CANELO,CP,-75.8754171013,2.61961832526,
gb:COL:ADM2:7082276B49685507148696,19,CAUCA,19517,PÁEZ,19517079,EL RECUERDO,CP,-75.9658314191,2.5921161398,
gb:COL:ADM2:7082276B49685507148696,19,CAUCA,19517,PÁEZ,19517080,AGUA BENDITA,CP,-75.987470133,2.6375523028,
gb:COL:ADM2:7082276B49685507148696,19,CAUCA,19517,PÁEZ,19517081,AGUACATICO,CP,-75.9975678378,2.66531499168,
gb:COL:ADM2:7082276B49686436836196,76,VALLE DEL CAUCA,76520,PALMIRA,76520000,PALMIRA,CM,-76.298846,3.531544,
gb:COL:ADM2:7082276B49686436836196,76,VALLE DEL CAUCA,76520,PALMIRA,76520001,AGUACLARA,CP,-76.236908,3.502798,
gb:COL:ADM2:7082276B49686436836196,76,VALLE DEL CAUCA,76520,PALMIRA,76520002,AMAIME,CP,-76.273603,3.606396,
gb:COL:ADM2:7082276B49686436836196,76,VALLE DEL CAUCA,76520,PALMIRA,76520004,BARRANCAS,CP,-76.242119,3.542338,
gb:COL:ADM2:7082276B49686436836196,76,VALLE DEL CAUCA,76520,PALMIRA,76520005,BOLO ALIZAL,CP,-76.345555,3.463862,
gb:COL:ADM2:7082276B49686436836196,76,VALLE DEL CAUCA,76520,PALMIRA,76520006,BOLO LA ITALIA,CP,-76.325965,3.466811,
gb:COL:ADM2:7082276B49686436836196,76,VALLE DEL CAUCA,76520,PALMIRA,76520007,BOLO SAN ISIDRO,CP,-76.334085,3.463918,
gb:COL:ADM2:7082276B49686436836196,76,VALLE DEL CAUCA,76520,PALMIRA,76520008,BOYACÁ,CP,-76.249218,3.604112,
gb:COL:ADM2:7082276B49686436836196,76,VALLE DEL CAUCA,76520,PALMIRA,76520009,CALUCE - PLAN DE VIVIENDA LOS GUAYABOS,CP,-76.188105,3.540404,
gb:COL:ADM2:7082276B49686436836196,76,VALLE DEL CAUCA,76520,PALMIRA,76520010,CAUCASECO,CP,-76.472645,3.489157,
gb:COL:ADM2:7082276B49686436836196,76,VALLE DEL CAUCA,76520,PALMIRA,76520011,COMBIA,CP,-76.034133,3.687787,
gb:COL:ADM2:7082276B49686436836196,76,VALLE DEL CAUCA,76520,PALMIRA,76520013,CHONTADURO,CP,-76.207505,3.491982,
gb:COL:ADM2:7082276B49686436836196,76,VALLE DEL CAUCA,76520,PALMIRA,76520014,GUANABANAL,CP,-76.42449,3.483788,
gb:COL:ADM2:7082276B49686436836196,76,VALLE DEL CAUCA,76520,PALMIRA,76520015,GUAYABAL,CP,-76.266828,3.545067,
gb:COL:ADM2:7082276B49686436836196,76,VALLE DEL CAUCA,76520,PALMIRA,76520016,JUANCHITO,CP,-76.468095,3.457011,
gb:COL:ADM2:7082276B49686436836196,76,VALLE DEL CAUCA,76520,PALMIRA,76520017,LA ACEQUIA,CP,-76.397181,3.635658,
gb:COL:ADM2:7082276B49686436836196,76,VALLE DEL CAUCA,76520,PALMIRA,76520018,LA HERRADURA,CP,-76.354281,3.538167,
gb:COL:ADM2:7082276B49686436836196,76,VALLE DEL CAUCA,76520,PALMIRA,76520019,LA QUISQUINA,CP,-76.185144,3.572768,
gb:COL:ADM2:7082276B49686436836196,76,VALLE DEL CAUCA,76520,PALMIRA,76520020,LA TORRE,CP,-76.415513,3.619503,
gb:COL:ADM2:7082276B49686436836196,76,VALLE DEL CAUCA,76520,PALMIRA,76520022,MATAPALO,CP,-76.425436,3.585291,
gb:COL:ADM2:7082276B49686436836196,76,VALLE DEL CAUCA,76520,PALMIRA,76520023,OBANDO,CP,-76.399626,3.572007,
gb:COL:ADM2:7082276B49686436836196,76,VALLE DEL CAUCA,76520,PALMIRA,76520024,PALMASECA,CP,-76.434682,3.51014,
gb:COL:ADM2:7082276B49686436836196,76,VALLE DEL CAUCA,76520,PALMIRA,76520025,POTRERILLO,CP,-76.200733,3.555033,
gb:COL:ADM2:7082276B49686436836196,76,VALLE DEL CAUCA,76520,PALMIRA,76520026,ROZO,CP,-76.386321,3.612587,
gb:COL:ADM2:7082276B49686436836196,76,VALLE DEL CAUCA,76520,PALMIRA,76520027,TABLONES,CP,-76.199143,3.599426,
gb:COL:ADM2:7082276B49686436836196,76,VALLE DEL CAUCA,76520,PALMIRA,76520028,TENJO,CP,-76.170714,3.520515,
gb:COL:ADM2:7082276B49686436836196,76,VALLE DEL CAUCA,76520,PALMIRA,76520029,TIENDA NUEVA,CP,-76.22067,3.572648,
gb:COL:ADM2:7082276B49686436836196,76,VALLE DEL CAUCA,76520,PALMIRA,76520032,LA BUITRERA,CP,-76.209105,3.4842,
gb:COL:ADM2:7082276B49686436836196,76,VALLE DEL CAUCA,76520,PALMIRA,76520033,LA PAMPA,CP,-76.259998,3.584178,
gb:COL:ADM2:7082276B49686436836196,76,VALLE DEL CAUCA,76520,PALMIRA,76520035,LA BOLSA,CP,-76.236257,3.556286,
gb:COL:ADM2:7082276B49686436836196,76,VALLE DEL CAUCA,76520,PALMIRA,76520038,LA DOLORES,CP,-76.476147,3.49768,
gb:COL:ADM2:7082276B49686436836196,76,VALLE DEL CAUCA,76520,PALMIRA,76520039,LA CASCADA,CP,-76.2284,3.564569,
gb:COL:ADM2:7082276B49686436836196,76,VALLE DEL CAUCA,76520,PALMIRA,76520041,BOLO BARRIO NUEVO,CP,-76.394737,3.477075,
gb:COL:ADM2:7082276B49686436836196,76,VALLE DEL CAUCA,76520,PALMIRA,76520043,BOLOMADRE VIEJA,CP,-76.297822,3.473366,
gb:COL:ADM2:7082276B49686436836196,76,VALLE DEL CAUCA,76520,PALMIRA,76520044,LA UNIÓN,CP,-76.418175,3.505477,
gb:COL:ADM2:7082276B49686436836196,76,VALLE DEL CAUCA,76520,PALMIRA,76520045,PILES,CP,-76.478914,3.545993,
gb:COL:ADM2:7082276B49686436836196,76,VALLE DEL CAUCA,76520,PALMIRA,76520047,SAN ANTONIO DE LAS PALMAS,CP,-76.420631,3.594873,
gb:COL:ADM2:7082276B49686436836196,76,VALLE DEL CAUCA,76520,PALMIRA,76520048,TRES TUSAS,CP,-76.218311,3.5612,
gb:COL:ADM2:7082276B49686436836196,76,VALLE DEL CAUCA,76520,PALMIRA,76520049,BOLO ITALIA 1,CP,-76.317619,3.468017,
gb:COL:ADM2:7082276B49686436836196,76,VALLE DEL CAUCA,76520,PALMIRA,76520050,BOLO ITALIA 2,CP,-76.316772,3.477946,
gb:COL:ADM2:7082276B49686436836196,76,VALLE DEL CAUCA,76520,PALMIRA,76520051,CONDOMINIO CAMPESTRE LA GONZALEZ,CP,-76.220297,3.483669,
gb:COL:ADM2:7082276B49686436836196,76,VALLE DEL CAUCA,76520,PALMIRA,76520052,LA BUITRERA 1,CP,-76.206694,3.47845,
gb:COL:ADM2:7082276B49686436836196,76,VALLE DEL CAUCA,76520,PALMIRA,76520053,PUEBLO NUEVO,CP,-76.231612,3.499566,
gb:COL:ADM2:7082276B50002192579952,41,HUILA,41378,LA ARGENTINA,41378000,LA ARGENTINA,CM,-75.979763,2.198496,
gb:COL:ADM2:7082276B50002192579952,41,HUILA,41378,LA ARGENTINA,41378001,BUENOS AIRES,CP,-76.022904,2.116894,
gb:COL:ADM2:7082276B50002192579952,41,HUILA,41378,LA ARGENTINA,41378002,EL PENSIL,CP,-76.058148,2.179162,
gb:COL:ADM2:7082276B51071963604741,19,CAUCA,19548,PIENDAMÓ - TUNÍA,19548000,PIENDAMÓ,CM,-76.528615,2.64228,
gb:COL:ADM2:7082276B51071963604741,19,CAUCA,19548,PIENDAMÓ - TUNÍA,19548001,TUNÍA,CP,-76.533865,2.675811,
gb:COL:ADM2:7082276B51071963604741,19,CAUCA,19548,PIENDAMÓ - TUNÍA,19548003,SANTA HELENA,CP,-76.618831,2.714849,
gb:COL:ADM2:7082276B51071963604741,19,CAUCA,19548,PIENDAMÓ - TUNÍA,19548005,CORRALES,CP,-76.58725,2.697031,
gb:COL:ADM2:7082276B51071963604741,19,CAUCA,19548,PIENDAMÓ - TUNÍA,19548007,EL CARMEN,CP,-76.606794,2.682541,
gb:COL:ADM2:7082276B51071963604741,19,CAUCA,19548,PIENDAMÓ - TUNÍA,19548012,LOMA CORTA,CP,-76.619654,2.706032,
gb:COL:ADM2:7082276B51071963604741,19,CAUCA,19548,PIENDAMÓ - TUNÍA,19548018,SAN MIGUEL,CP,-76.637876,2.720061,
gb:COL:ADM2:7082276B51071963604741,19,CAUCA,19548,PIENDAMÓ - TUNÍA,19548025,ALTO PIENDAMO,CP,-76.552997,2.649098,
gb:COL:ADM2:7082276B51071963604741,19,CAUCA,19548,PIENDAMÓ - TUNÍA,19548026,VILLA MERCEDES,CP,-76.563522,2.673701,
gb:COL:ADM2:7082276B51071963604741,19,CAUCA,19548,PIENDAMÓ - TUNÍA,19548027,LOS ARADOS,CP,-76.5356829064,2.71898923932,
gb:COL:ADM2:7082276B51071963604741,19,CAUCA,19548,PIENDAMÓ - TUNÍA,19548028,EL MANGO,CP,-76.5537101917,2.75519606387,
gb:COL:ADM2:7082276B51151260265899,76,VALLE DEL CAUCA,76828,TRUJILLO,76828000,TRUJILLO,CM,-76.318818,4.212037,
gb:COL:ADM2:7082276B51151260265899,76,VALLE DEL CAUCA,76828,TRUJILLO,76828002,ANDINÁPOLIS,CP,-76.386034,4.167017,
gb:COL:ADM2:7082276B51151260265899,76,VALLE DEL CAUCA,76828,TRUJILLO,76828003,CRISTALES,CP,-76.381341,4.299927,
gb:COL:ADM2:7082276B51151260265899,76,VALLE DEL CAUCA,76828,TRUJILLO,76828004,DOSQUEBRADAS,CP,-76.364977,4.300849,
gb:COL:ADM2:7082276B51151260265899,76,VALLE DEL CAUCA,76828,TRUJILLO,76828006,HUASANÓ,CP,-76.244043,4.245063,
gb:COL:ADM2:7082276B51151260265899,76,VALLE DEL CAUCA,76828,TRUJILLO,76828007,ROBLEDO,CP,-76.226535,4.253559,
gb:COL:ADM2:7082276B51151260265899,76,VALLE DEL CAUCA,76828,TRUJILLO,76828008,SAN ISIDRO,CP,-76.305807,4.286316,
gb:COL:ADM2:7082276B51151260265899,76,VALLE DEL CAUCA,76828,TRUJILLO,76828010,VENECIA,CP,-76.391394,4.194256,
gb:COL:ADM2:7082276B51151260265899,76,VALLE DEL CAUCA,76828,TRUJILLO,76828013,LA SONORA,CP,-76.388928,4.230407,
gb:COL:ADM2:7082276B512677824118,41,HUILA,41885,YAGUARÁ,41885000,YAGUARÁ,CM,-75.518023,2.664694,
gb:COL:ADM2:7082276B51677864129735,76,VALLE DEL CAUCA,76869,VIJES,76869000,VIJES,CM,-76.441804,3.698686,
gb:COL:ADM2:7082276B51677864129735,76,VALLE DEL CAUCA,76869,VIJES,76869001,CACHIMBAL,CP,-76.467403,3.779698,
gb:COL:ADM2:7082276B51677864129735,76,VALLE DEL CAUCA,76869,VIJES,76869003,EL PORVENIR,CP,-76.468941,3.807864,
gb:COL:ADM2:7082276B51677864129735,76,VALLE DEL CAUCA,76869,VIJES,76869004,LA FRESNEDA,CP,-76.474363,3.759632,
gb:COL:ADM2:7082276B51677864129735,76,VALLE DEL CAUCA,76869,VIJES,76869007,LA RIVERA,CP,-76.484046,3.746859,
gb:COL:ADM2:7082276B51677864129735,76,VALLE DEL CAUCA,76869,VIJES,76869008,EL TAMBOR,CP,-76.486193,3.763349,
gb:COL:ADM2:7082276B51677864129735,76,VALLE DEL CAUCA,76869,VIJES,76869010,VIDAL,CP,-76.409182,3.730763,
gb:COL:ADM2:7082276B51677864129735,76,VALLE DEL CAUCA,76869,VIJES,76869011,WASIRUMA,CP,-76.463741,3.759905,
gb:COL:ADM2:7082276B51797720548410,63,QUINDÍO,63401,LA TEBAIDA,63401000,LA TEBAIDA,CM,-75.786887,4.453755,
gb:COL:ADM2:7082276B51797720548410,63,QUINDÍO,63401,LA TEBAIDA,63401003,LA SILVIA,CP,-75.818144,4.447541,
gb:COL:ADM2:7082276B51797720548410,63,QUINDÍO,63401,LA TEBAIDA,63401004,FUNDACIÓN AMANECER,CP,-75.824536,4.442965,
gb:COL:ADM2:7082276B51797720548410,63,QUINDÍO,63401,LA TEBAIDA,63401005,CONDOMINIO LA ESTACIÓN,CP,-75.753862,4.480329,
gb:COL:ADM2:7082276B51797720548410,63,QUINDÍO,63401,LA TEBAIDA,63401006,CONDOMINIO MORACAWA,CP,-75.815593,4.447131,
gb:COL:ADM2:7082276B51797720548410,63,QUINDÍO,63401,LA TEBAIDA,63401007,MURILLO,CP,-75.746801,4.486396,
gb:COL:ADM2:7082276B53054479905694,76,VALLE DEL CAUCA,76736,SEVILLA,76736000,SEVILLA,CM,-75.931629,4.270714,
gb:COL:ADM2:7082276B53054479905694,76,VALLE DEL CAUCA,76736,SEVILLA,76736004,COROZAL,CP,-75.918349,4.398577,
gb:COL:ADM2:7082276B53054479905694,76,VALLE DEL CAUCA,76736,SEVILLA,76736005,CUMBARCO,CP,-75.832704,4.195353,
gb:COL:ADM2:7082276B53054479905694,76,VALLE DEL CAUCA,76736,SEVILLA,76736008,LA CUCHILLA,CP,-75.93091,4.358697,
gb:COL:ADM2:7082276B53054479905694,76,VALLE DEL CAUCA,76736,SEVILLA,76736014,SAN ANTONIO,CP,-75.940121,4.215609,
gb:COL:ADM2:7082276B53054479905694,76,VALLE DEL CAUCA,76736,SEVILLA,76736018,QUEBRADANUEVA,CP,-75.949544,4.372214,
gb:COL:ADM2:7082276B53054479905694,76,VALLE DEL CAUCA,76736,SEVILLA,76736030,BUENOS AIRES,CP,-75.891958908,4.408366711,
gb:COL:ADM2:7082276B53441696517759,19,CAUCA,19392,LA SIERRA,19392000,LA SIERRA,CM,-76.763278,2.179383,
gb:COL:ADM2:7082276B53441696517759,19,CAUCA,19392,LA SIERRA,19392001,LA DEPRESIÓN,CP,-76.847907,2.189166,
gb:COL:ADM2:7082276B53441696517759,19,CAUCA,19392,LA SIERRA,19392005,LA CUCHILLA,CP,-76.754277,2.188647,
gb:COL:ADM2:7082276B53441696517759,19,CAUCA,19392,LA SIERRA,19392006,LA CUCHILLA ALTA,CP,-76.747854,2.19612,
gb:COL:ADM2:7082276B53441696517759,19,CAUCA,19392,LA SIERRA,19392007,FRONTINO ALTO,CP,-76.753126,2.206481,
gb:COL:ADM2:7082276B53441696517759,19,CAUCA,19392,LA SIERRA,19392008,EL PARAISO,CP,-76.7485804728,2.17176056725,
gb:COL:ADM2:7082276B53441696517759,19,CAUCA,19392,LA SIERRA,19392009,FRONTINO,CP,-76.7620811094,2.19391285735,
gb:COL:ADM2:7082276B53441696517759,19,CAUCA,19392,LA SIERRA,19392010,DELICIAS,CP,-76.7479307042,2.19174255545,
gb:COL:ADM2:7082276B53672126014760,19,CAUCA,19100,BOLÍVAR,19100000,BOLÍVAR,CM,-76.966215,1.837538,
gb:COL:ADM2:7082276B53672126014760,19,CAUCA,19100,BOLÍVAR,19100001,CAPELLANÍAS,CP,-77.09418,1.923688,
gb:COL:ADM2:7082276B53672126014760,19,CAUCA,19100,BOLÍVAR,19100005,EL CARMEN,CP,-76.881171,1.817687,
gb:COL:ADM2:7082276B53672126014760,19,CAUCA,19100,BOLÍVAR,19100006,EL RODEO,CP,-76.993378,1.877928,
gb:COL:ADM2:7082276B53672126014760,19,CAUCA,19100,BOLÍVAR,19100007,GUACHICONO,CP,-77.001808,2.045384,
gb:COL:ADM2:7082276B53672126014760,19,CAUCA,19100,BOLÍVAR,19100013,LERMA,CP,-76.955378,1.975257,
gb:COL:ADM2:7082276B53672126014760,19,CAUCA,19100,BOLÍVAR,19100015,LOS MILAGROS,CP,-76.892403,1.75174,
gb:COL:ADM2:7082276B53672126014760,19,CAUCA,19100,BOLÍVAR,19100018,MELCHOR,CP,-76.927309,1.948102,
gb:COL:ADM2:7082276B53672126014760,19,CAUCA,19100,BOLÍVAR,19100020,SAN JUAN,CP,-76.850435,1.734727,
gb:COL:ADM2:7082276B53672126014760,19,CAUCA,19100,BOLÍVAR,19100021,SAN LORENZO,CP,-76.992043,1.776501,
gb:COL:ADM2:7082276B53672126014760,19,CAUCA,19100,BOLÍVAR,19100041,LA CARBONERA,CP,-77.054396,1.925072,
gb:COL:ADM2:7082276B53672126014760,19,CAUCA,19100,BOLÍVAR,19100042,EL MORRO,CP,-76.921851,1.850389,
gb:COL:ADM2:7082276B53672126014760,19,CAUCA,19100,BOLÍVAR,19100049,CIMARRONAS,CP,-76.825337,1.741478,
gb:COL:ADM2:7082276B53955243236004,41,HUILA,41503,OPORAPA,41503000,OPORAPA,CM,-75.995165,2.025088,
gb:COL:ADM2:7082276B53955243236004,41,HUILA,41503,OPORAPA,41503001,SAN ROQUE,CP,-76.005616,2.060234,
gb:COL:ADM2:7082276B53955243236004,41,HUILA,41503,OPORAPA,41503002,EL CARMEN,CP,-76.036659,2.01955,
gb:COL:ADM2:7082276B53955243236004,41,HUILA,41503,OPORAPA,41503003,SAN CIRO,CP,-76.005449,2.01192,
gb:COL:ADM2:7082276B53955243236004,41,HUILA,41503,OPORAPA,41503004,PARAGUAY,CP,-75.978046,2.049894,
gb:COL:ADM2:7082276B54028982815343,63,QUINDÍO,63302,GÉNOVA,63302000,GÉNOVA,CM,-75.790402,4.206641,
gb:COL:ADM2:7082276B54316712133185,76,VALLE DEL CAUCA,76834,TULUÁ,76834000,TULUÁ,CM,-76.197731,4.085399,
gb:COL:ADM2:7082276B54316712133185,76,VALLE DEL CAUCA,76834,TULUÁ,76834001,AGUACLARA,CP,-76.193579,4.110667,
gb:COL:ADM2:7082276B54316712133185,76,VALLE DEL CAUCA,76834,TULUÁ,76834003,BARRAGÁN,CP,-75.885306,4.032604,
gb:COL:ADM2:7082276B54316712133185,76,VALLE DEL CAUCA,76834,TULUÁ,76834004,BOCAS DE TULUÁ,CP,-76.232025,4.156006,
gb:COL:ADM2:7082276B54316712133185,76,VALLE DEL CAUCA,76834,TULUÁ,76834005,EL PICACHO,CP,-76.149012,4.04976,
gb:COL:ADM2:7082276B54316712133185,76,VALLE DEL CAUCA,76834,TULUÁ,76834007,PUERTO FRAZADAS,CP,-75.997748,4.052871,
gb:COL:ADM2:7082276B54316712133185,76,VALLE DEL CAUCA,76834,TULUÁ,76834009,LA IBERIA,CP,-76.10866,4.063466,
gb:COL:ADM2:7082276B54316712133185,76,VALLE DEL CAUCA,76834,TULUÁ,76834010,LA MARINA,CP,-76.112847,4.045193,
gb:COL:ADM2:7082276B54316712133185,76,VALLE DEL CAUCA,76834,TULUÁ,76834011,LA MORALIA,CP,-76.088996,4.038531,
gb:COL:ADM2:7082276B54316712133185,76,VALLE DEL CAUCA,76834,TULUÁ,76834012,LA PALMERA,CP,-76.24347,4.124944,
gb:COL:ADM2:7082276B54316712133185,76,VALLE DEL CAUCA,76834,TULUÁ,76834015,MONTELORO,CP,-76.060332,3.964727,
gb:COL:ADM2:7082276B54316712133185,76,VALLE DEL CAUCA,76834,TULUÁ,76834016,NARIÑO,CP,-76.230592,4.093328,
gb:COL:ADM2:7082276B54316712133185,76,VALLE DEL CAUCA,76834,TULUÁ,76834021,SANTA LUCÍA,CP,-75.939105,3.93113,
gb:COL:ADM2:7082276B54316712133185,76,VALLE DEL CAUCA,76834,TULUÁ,76834023,TRES ESQUINAS,CP,-76.219166,4.118982,
gb:COL:ADM2:7082276B54316712133185,76,VALLE DEL CAUCA,76834,TULUÁ,76834025,CAMPOALEGRE,CP,-76.216537,4.069141,
gb:COL:ADM2:7082276B54316712133185,76,VALLE DEL CAUCA,76834,TULUÁ,76834026,LA RIVERA,CP,-76.176712,4.07076,
gb:COL:ADM2:7082276B54316712133185,76,VALLE DEL CAUCA,76834,TULUÁ,76834029,CIENEGUETA,CP,-76.181472,4.060237,
gb:COL:ADM2:7082276B54316712133185,76,VALLE DEL CAUCA,76834,TULUÁ,76834030,GATO NEGRO,CP,-76.218804,4.12761,
gb:COL:ADM2:7082276B54316712133185,76,VALLE DEL CAUCA,76834,TULUÁ,76834032,PALOMESTIZO,CP,-76.231511,4.085093,
gb:COL:ADM2:7082276B54316712133185,76,VALLE DEL CAUCA,76834,TULUÁ,76834033,LA COLINA,CP,-76.170326,4.095735,
gb:COL:ADM2:7082276B54316712133185,76,VALLE DEL CAUCA,76834,TULUÁ,76834034,EL CAIRO,CP,-76.214171,4.104238,
gb:COL:ADM2:7082276B54402931041417,19,CAUCA,19698,SANTANDER DE QUILICHAO,19698000,SANTANDER DE QUILICHAO,CM,-76.485141,3.015008,
gb:COL:ADM2:7082276B54402931041417,19,CAUCA,19698,SANTANDER DE QUILICHAO,19698001,EL PALMAR,CP,-76.527023,3.000691,
gb:COL:ADM2:7082276B54402931041417,19,CAUCA,19698,SANTANDER DE QUILICHAO,19698002,EL TURCO,CP,-76.501285,2.891226,
gb:COL:ADM2:7082276B54402931041417,19,CAUCA,19698,SANTANDER DE QUILICHAO,19698004,LA ARROBLEDA,CP,-76.436831,3.10379,
gb:COL:ADM2:7082276B54402931041417,19,CAUCA,19698,SANTANDER DE QUILICHAO,19698007,MONDOMO,CP,-76.552243,2.890521,
gb:COL:ADM2:7082276B54402931041417,19,CAUCA,19698,SANTANDER DE QUILICHAO,19698008,PARAMILLO 1,CP,-76.400637,2.928337,
gb:COL:ADM2:7082276B54402931041417,19,CAUCA,19698,SANTANDER DE QUILICHAO,19698009,SAN RAFAEL,CP,-76.4566,3.080719,
gb:COL:ADM2:7082276B54402931041417,19,CAUCA,19698,SANTANDER DE QUILICHAO,19698010,TRES QUEBRADAS,CP,-76.487566,2.890105,
gb:COL:ADM2:7082276B54402931041417,19,CAUCA,19698,SANTANDER DE QUILICHAO,19698013,SAN ANTONIO,CP,-76.5186,3.027136,
gb:COL:ADM2:7082276B54402931041417,19,CAUCA,19698,SANTANDER DE QUILICHAO,19698014,SAN PEDRO,CP,-76.455398,2.976867,
gb:COL:ADM2:7082276B54402931041417,19,CAUCA,19698,SANTANDER DE QUILICHAO,19698017,DOMINGUILLO,CP,-76.491357,2.967409,
gb:COL:ADM2:7082276B54402931041417,19,CAUCA,19698,SANTANDER DE QUILICHAO,19698018,EL CRUCERO,CP,-76.420443,3.082044,
gb:COL:ADM2:7082276B54402931041417,19,CAUCA,19698,SANTANDER DE QUILICHAO,19698020,QUINAMAYO,CP,-76.51751,2.974997,
gb:COL:ADM2:7082276B54402931041417,19,CAUCA,19698,SANTANDER DE QUILICHAO,19698022,LLANO DE ALEGRÍAS,CP,-76.505631,2.985609,
gb:COL:ADM2:7082276B54402931041417,19,CAUCA,19698,SANTANDER DE QUILICHAO,19698023,CABECERA DOMINGUILLO,CP,-76.480706,2.949763,
gb:COL:ADM2:7082276B54402931041417,19,CAUCA,19698,SANTANDER DE QUILICHAO,19698024,CAMBALACHE,CP,-76.462911,2.991999,
gb:COL:ADM2:7082276B54402931041417,19,CAUCA,19698,SANTANDER DE QUILICHAO,19698025,EL BROCHE,CP,-76.412223,2.963684,
gb:COL:ADM2:7082276B54402931041417,19,CAUCA,19698,SANTANDER DE QUILICHAO,19698026,EL LLANITO,CP,-76.547079,2.901979,
gb:COL:ADM2:7082276B54402931041417,19,CAUCA,19698,SANTANDER DE QUILICHAO,19698027,EL TAJO,CP,-76.495246,2.989186,
gb:COL:ADM2:7082276B54402931041417,19,CAUCA,19698,SANTANDER DE QUILICHAO,19698028,LA AGUSTINA,CP,-76.548061,2.915874,
gb:COL:ADM2:7082276B54402931041417,19,CAUCA,19698,SANTANDER DE QUILICHAO,19698029,LA CAPILLA,CP,-76.496577,2.976006,
gb:COL:ADM2:7082276B54402931041417,19,CAUCA,19698,SANTANDER DE QUILICHAO,19698030,LA CHAPA,CP,-76.558694,2.91158,
gb:COL:ADM2:7082276B54402931041417,19,CAUCA,19698,SANTANDER DE QUILICHAO,19698031,LA PALOMERA,CP,-76.425695,2.955515,
gb:COL:ADM2:7082276B54402931041417,19,CAUCA,19698,SANTANDER DE QUILICHAO,19698032,LA QUEBRADA,CP,-76.429838,3.072726,
gb:COL:ADM2:7082276B54402931041417,19,CAUCA,19698,SANTANDER DE QUILICHAO,19698033,LOMITAS ABAJO,CP,-76.556754,3.081072,
gb:COL:ADM2:7082276B54402931041417,19,CAUCA,19698,SANTANDER DE QUILICHAO,19698034,LOMITAS ARRIBA,CP,-76.562551,3.058297,
gb:COL:ADM2:7082276B54402931041417,19,CAUCA,19698,SANTANDER DE QUILICHAO,19698035,LOURDES,CP,-76.471527,2.995769,
gb:COL:ADM2:7082276B54402931041417,19,CAUCA,19698,SANTANDER DE QUILICHAO,19698036,MANDIVA,CP,-76.529976,2.948313,
gb:COL:ADM2:7082276B54402931041417,19,CAUCA,19698,SANTANDER DE QUILICHAO,19698037,SAN JOSÉ,CP,-76.502544,3.026063,
gb:COL:ADM2:7082276B54402931041417,19,CAUCA,19698,SANTANDER DE QUILICHAO,19698042,VILACHÍ,CP,-76.463034,2.950679,
gb:COL:ADM2:7082276B54402931041417,19,CAUCA,19698,SANTANDER DE QUILICHAO,19698043,BELLAVISTA,CP,-76.546719,2.907543,
gb:COL:ADM2:7082276B54402931041417,19,CAUCA,19698,SANTANDER DE QUILICHAO,19698044,PARAMILLO 2,CP,-76.399218,2.90322,
gb:COL:ADM2:7082276B54402931041417,19,CAUCA,19698,SANTANDER DE QUILICHAO,19698045,TERRITORIO NASA KIWE LA MARÍA,CP,-76.466309,3.006821,
gb:COL:ADM2:7082276B54402931041417,19,CAUCA,19698,SANTANDER DE QUILICHAO,19698046,TERRITORIO NASA KIWE TEKH KSXAW,CP,-76.503219,3.012974,
gb:COL:ADM2:7082276B54402931041417,19,CAUCA,19698,SANTANDER DE QUILICHAO,19698047,CACHIRINVAL,CP,-76.5382931242,2.92667914467,
gb:COL:ADM2:7082276B54436910707179,19,CAUCA,19130,CAJIBÍO,19130000,CAJIBÍO,CM,-76.570682,2.623371,
gb:COL:ADM2:7082276B54436910707179,19,CAUCA,19130,CAJIBÍO,19130004,EL CARMELO,CP,-76.702703,2.664607,
gb:COL:ADM2:7082276B54436910707179,19,CAUCA,19130,CAJIBÍO,19130005,EL ROSARIO,CP,-76.742749,2.607096,
gb:COL:ADM2:7082276B54436910707179,19,CAUCA,19130,CAJIBÍO,19130006,LA CAPILLA,CP,-76.625853,2.584348,
gb:COL:ADM2:7082276B54436910707179,19,CAUCA,19130,CAJIBÍO,19130007,LA PEDREGOSA,CP,-76.64044,2.670063,
gb:COL:ADM2:7082276B54436910707179,19,CAUCA,19130,CAJIBÍO,19130008,LA VENTA,CP,-76.549882,2.588967,
gb:COL:ADM2:7082276B54436910707179,19,CAUCA,19130,CAJIBÍO,19130009,SANTA TERESA DE CASAS BAJAS,CP,-76.733023,2.638318,
gb:COL:ADM2:7082276B54436910707179,19,CAUCA,19130,CAJIBÍO,19130010,ORTEGA,CP,-76.818285,2.693845,
gb:COL:ADM2:7082276B54436910707179,19,CAUCA,19130,CAJIBÍO,19130017,EL CAIRO,CP,-76.528395,2.601007,
gb:COL:ADM2:7082276B54436910707179,19,CAUCA,19130,CAJIBÍO,19130018,EL COFRE,CP,-76.557455,2.568829,
gb:COL:ADM2:7082276B54436910707179,19,CAUCA,19130,CAJIBÍO,19130019,ISLA DEL PONTÓN,CP,-76.54363,2.584567,
gb:COL:ADM2:7082276B54436910707179,19,CAUCA,19130,CAJIBÍO,19130020,LA LAGUNA DINDE,CP,-76.778377,2.696533,
gb:COL:ADM2:7082276B54436910707179,19,CAUCA,19130,CAJIBÍO,19130021,RESGUARDO INDÍGENA DEL GUAYABAL CXAYUGE FXIW CXAB,CP,-76.733783,2.617592,
gb:COL:ADM2:7082276B54436910707179,19,CAUCA,19130,CAJIBÍO,19130022,URBANIZACIÓN LAS MARGARITAS,CP,-76.56788,2.562164,
gb:COL:ADM2:7082276B54436910707179,19,CAUCA,19130,CAJIBÍO,19130023,LAS MARGARITAS,CP,-76.563994,2.568199,
gb:COL:ADM2:7082276B54920381077672,19,CAUCA,19809,TIMBIQUÍ,19809000,TIMBIQUÍ,CM,-77.667541,2.777312,
gb:COL:ADM2:7082276B54920381077672,19,CAUCA,19809,TIMBIQUÍ,19809001,BUBUEY,CP,-77.642831,2.79639,
gb:COL:ADM2:7082276B54920381077672,19,CAUCA,19809,TIMBIQUÍ,19809002,CAMARONES,CP,-77.585549,2.819339,
gb:COL:ADM2:7082276B54920381077672,19,CAUCA,19809,TIMBIQUÍ,19809003,COTEJE,CP,-77.591819,2.640116,
gb:COL:ADM2:7082276B54920381077672,19,CAUCA,19809,TIMBIQUÍ,19809006,SAN BERNARDO,CP,-77.384936,2.712107,
gb:COL:ADM2:7082276B54920381077672,19,CAUCA,19809,TIMBIQUÍ,19809007,SAN JOSÉ,CP,-77.588402,2.614739,
gb:COL:ADM2:7082276B54920381077672,19,CAUCA,19809,TIMBIQUÍ,19809008,SANTA MARÍA,CP,-77.580161,2.587812,
gb:COL:ADM2:7082276B54920381077672,19,CAUCA,19809,TIMBIQUÍ,19809009,SANTA ROSA DE SAIJA,CP,-77.469422,2.703058,
gb:COL:ADM2:7082276B54920381077672,19,CAUCA,19809,TIMBIQUÍ,19809010,CHETE,CP,-77.623938,2.65982,
gb:COL:ADM2:7082276B54920381077672,19,CAUCA,19809,TIMBIQUÍ,19809011,BOCA DE PATÍA,CP,-77.466712,2.789689,
gb:COL:ADM2:7082276B54920381077672,19,CAUCA,19809,TIMBIQUÍ,19809012,EL CHARCO,CP,-77.660852,2.702696,
gb:COL:ADM2:7082276B54920381077672,19,CAUCA,19809,TIMBIQUÍ,19809013,EL REALITO,CP,-77.531451,2.613508,
gb:COL:ADM2:7082276B54920381077672,19,CAUCA,19809,TIMBIQUÍ,19809018,CUPI,CP,-77.520456,2.837503,
gb:COL:ADM2:7082276B54920381077672,19,CAUCA,19809,TIMBIQUÍ,19809020,SAN MIGUEL,CP,-77.676352,2.737756,
gb:COL:ADM2:7082276B54920381077672,19,CAUCA,19809,TIMBIQUÍ,19809021,COROZAL,CP,-77.704115,2.786002,
gb:COL:ADM2:7082276B54920381077672,19,CAUCA,19809,TIMBIQUÍ,19809022,CABECITAL,CP,-77.40189,2.762326,
gb:COL:ADM2:7082276B54920381077672,19,CAUCA,19809,TIMBIQUÍ,19809023,PUERTO SAIJA,CP,-77.622075,2.870906,
gb:COL:ADM2:7082276B54920381077672,19,CAUCA,19809,TIMBIQUÍ,19809024,ANGOSTURA,CP,-77.476267,2.744632,
gb:COL:ADM2:7082276B54920381077672,19,CAUCA,19809,TIMBIQUÍ,19809025,GUANGUI,CP,-77.373299,2.749257,
gb:COL:ADM2:7082276B54920381077672,19,CAUCA,19809,TIMBIQUÍ,19809026,LOS BRASOS,CP,-77.631041,2.880279,
gb:COL:ADM2:7082276B54920381077672,19,CAUCA,19809,TIMBIQUÍ,19809027,PIZARE,CP,-77.473125,2.766262,
gb:COL:ADM2:7082276B54920381077672,19,CAUCA,19809,TIMBIQUÍ,19809028,CALLE SANTA ROSA,CP,-77.591525,2.828593,
gb:COL:ADM2:7082276B54920381077672,19,CAUCA,19809,TIMBIQUÍ,19809029,SAN FRANCISCO,CP,-77.3766002897,2.74945904715,
gb:COL:ADM2:7082276B55620946871412,41,HUILA,41306,GIGANTE,41306000,GIGANTE,CM,-75.547681,2.384031,
gb:COL:ADM2:7082276B55620946871412,41,HUILA,41306,GIGANTE,41306001,LA CHIQUITA,CP,-75.508001,2.279663,
gb:COL:ADM2:7082276B55620946871412,41,HUILA,41306,GIGANTE,41306002,LA GRAN VÍA,CP,-75.485874,2.378294,
gb:COL:ADM2:7082276B55620946871412,41,HUILA,41306,GIGANTE,41306003,POTRERILLOS,CP,-75.486635,2.466016,
gb:COL:ADM2:7082276B55620946871412,41,HUILA,41306,GIGANTE,41306004,RIOLORO,CP,-75.610486,2.322571,
gb:COL:ADM2:7082276B55620946871412,41,HUILA,41306,GIGANTE,41306006,EL MESÓN,CP,-75.477037,2.477116,
gb:COL:ADM2:7082276B55620946871412,41,HUILA,41306,GIGANTE,41306007,PUEBLO NUEVO,CP,-75.529219,2.401864,
gb:COL:ADM2:7082276B55620946871412,41,HUILA,41306,GIGANTE,41306009,VUELTAS ARRIBA,CP,-75.46562,2.429432,
gb:COL:ADM2:7082276B55620946871412,41,HUILA,41306,GIGANTE,41306010,SILVANIA,CP,-75.507932,2.298627,
gb:COL:ADM2:7082276B55620946871412,41,HUILA,41306,GIGANTE,41306011,TRES ESQUINAS,CP,-75.502428,2.313628,
gb:COL:ADM2:7082276B55620946871412,41,HUILA,41306,GIGANTE,41306012,EL JARDÍN,CP,-75.506684,2.313075,
gb:COL:ADM2:7082276B55620946871412,41,HUILA,41306,GIGANTE,41306013,LA GRAN VÍA EL PORVENIR,CP,-75.486025,2.374996,
gb:COL:ADM2:7082276B55620946871412,41,HUILA,41306,GIGANTE,41306014,EL RECREO,CP,-75.520564,2.409797,
gb:COL:ADM2:7082276B55620946871412,41,HUILA,41306,GIGANTE,41306015,LA BODEGA,CP,-75.481529,2.362593,
gb:COL:ADM2:7082276B55620946871412,41,HUILA,41306,GIGANTE,41306016,LA VEGA,CP,-75.505079,2.26707,
gb:COL:ADM2:7082276B55716898367144,76,VALLE DEL CAUCA,76895,ZARZAL,76895000,ZARZAL,CM,-76.070795,4.392658,
gb:COL:ADM2:7082276B55716898367144,76,VALLE DEL CAUCA,76895,ZARZAL,76895002,LA PAILA,CP,-76.071922,4.319017,
gb:COL:ADM2:7082276B55716898367144,76,VALLE DEL CAUCA,76895,ZARZAL,76895003,LIMONES,CP,-76.046971,4.387834,
gb:COL:ADM2:7082276B55716898367144,76,VALLE DEL CAUCA,76895,ZARZAL,76895004,QUEBRADANUEVA,CP,-75.951422,4.372327,
gb:COL:ADM2:7082276B55716898367144,76,VALLE DEL CAUCA,76895,ZARZAL,76895005,VALLEJUELO,CP,-75.995235,4.369371,
gb:COL:ADM2:7082276B55716898367144,76,VALLE DEL CAUCA,76895,ZARZAL,76895008,ESTACIÓN CAICEDONIA,CP,-75.881228,4.410603,
gb:COL:ADM2:7082276B5619967708975,23,CÓRDOBA,23182,CHINÚ,23182000,CHINÚ,CM,-75.399633,9.105473,
gb:COL:ADM2:7082276B5619967708975,23,CÓRDOBA,23182,CHINÚ,23182001,AGUAS VIVAS,CP,-75.49781,9.050492,
gb:COL:ADM2:7082276B5619967708975,23,CÓRDOBA,23182,CHINÚ,23182002,CACAOTAL,CP,-75.437333,9.120547,
gb:COL:ADM2:7082276B5619967708975,23,CÓRDOBA,23182,CHINÚ,23182003,CARBONERO,CP,-75.235463,8.961976,
gb:COL:ADM2:7082276B5619967708975,23,CÓRDOBA,23182,CHINÚ,23182005,HEREDIA,CP,-75.375634,9.047653,
gb:COL:ADM2:7082276B5619967708975,23,CÓRDOBA,23182,CHINÚ,23182006,LOS ÁNGELES,CP,-75.365433,8.99085,
gb:COL:ADM2:7082276B5619967708975,23,CÓRDOBA,23182,CHINÚ,23182007,NUEVO ORIENTE,CP,-75.318795,9.094671,
gb:COL:ADM2:7082276B5619967708975,23,CÓRDOBA,23182,CHINÚ,23182008,SAN MATEO,CP,-75.45258,9.09949,
gb:COL:ADM2:7082276B5619967708975,23,CÓRDOBA,23182,CHINÚ,23182009,SAN RAFAEL,CP,-75.359224,9.099831,
gb:COL:ADM2:7082276B5619967708975,23,CÓRDOBA,23182,CHINÚ,23182011,SANTA FE,CP,-75.238538,9.032427,
gb:COL:ADM2:7082276B5619967708975,23,CÓRDOBA,23182,CHINÚ,23182012,SANTA ROSA,CP,-75.33855,9.005174,
gb:COL:ADM2:7082276B5619967708975,23,CÓRDOBA,23182,CHINÚ,23182013,FLECHAS SEVILLA,CP,-75.527193,9.026544,
gb:COL:ADM2:7082276B5619967708975,23,CÓRDOBA,23182,CHINÚ,23182014,TIERRA GRATA,CP,-75.43727,9.056526,
gb:COL:ADM2:7082276B5619967708975,23,CÓRDOBA,23182,CHINÚ,23182015,FLECHAS SABANAS,CP,-75.21085,8.985028,
gb:COL:ADM2:7082276B5619967708975,23,CÓRDOBA,23182,CHINÚ,23182016,GARBADO,CP,-75.243767,8.925367,
gb:COL:ADM2:7082276B5619967708975,23,CÓRDOBA,23182,CHINÚ,23182017,LA PANAMÁ,CP,-75.292289,8.964392,
gb:COL:ADM2:7082276B5619967708975,23,CÓRDOBA,23182,CHINÚ,23182018,LA PILONA,CP,-75.267263,8.999869,
gb:COL:ADM2:7082276B5619967708975,23,CÓRDOBA,23182,CHINÚ,23182019,RETIRO DE LOS PÉREZ,CP,-75.513518,9.012548,
gb:COL:ADM2:7082276B5619967708975,23,CÓRDOBA,23182,CHINÚ,23182020,ANDALUCÍA,CP,-75.375006,8.977346,
gb:COL:ADM2:7082276B5619967708975,23,CÓRDOBA,23182,CHINÚ,23182021,LOS ALGARROBOS,CP,-75.43954,9.095782,
gb:COL:ADM2:7082276B5619967708975,23,CÓRDOBA,23182,CHINÚ,23182022,EL TIGRE,CP,-75.482131,9.063765,
gb:COL:ADM2:7082276B5619967708975,23,CÓRDOBA,23182,CHINÚ,23182024,VILLA FÁTIMA,CP,-75.466867,9.041016,
gb:COL:ADM2:7082276B5619967708975,23,CÓRDOBA,23182,CHINÚ,23182027,EL DESEO,CP,-75.234444,9.051924,
gb:COL:ADM2:7082276B5619967708975,23,CÓRDOBA,23182,CHINÚ,23182031,PARAÍSO,CP,-75.287423,8.935174,
gb:COL:ADM2:7082276B5619967708975,23,CÓRDOBA,23182,CHINÚ,23182033,LAS JARABAS,CP,-75.248678,9.07112,
gb:COL:ADM2:7082276B5619967708975,23,CÓRDOBA,23182,CHINÚ,23182035,PAJONAL,CP,-75.447221,9.106797,
gb:COL:ADM2:7082276B5619967708975,23,CÓRDOBA,23182,CHINÚ,23182036,PISA BONITO,CP,-75.215099,8.920298,
gb:COL:ADM2:7082276B5619967708975,23,CÓRDOBA,23182,CHINÚ,23182041,LOMAS DE PIEDRA,CP,-75.367507,9.038595,
gb:COL:ADM2:7082276B5619967708975,23,CÓRDOBA,23182,CHINÚ,23182043,BAJO DE PIEDRA,CP,-75.422772,9.091458,
gb:COL:ADM2:7082276B5619967708975,23,CÓRDOBA,23182,CHINÚ,23182054,BAJO PALMITAL,CP,-75.490131,9.081342,
gb:COL:ADM2:7082276B5619967708975,23,CÓRDOBA,23182,CHINÚ,23182055,LAS LOMAS,CP,-75.4567931813,9.089457394,
gb:COL:ADM2:7082276B5619967708975,23,CÓRDOBA,23182,CHINÚ,23182056,EL PITAL,CP,-75.4632587421,9.05068178704,
gb:COL:ADM2:7082276B56423369756647,19,CAUCA,19137,CALDONO,19137000,CALDONO,CM,-76.484319,2.798059,
gb:COL:ADM2:7082276B56423369756647,19,CAUCA,19137,CALDONO,19137001,CERRO ALTO,CP,-76.492703,2.835218,
gb:COL:ADM2:7082276B56423369756647,19,CAUCA,19137,CALDONO,19137002,EL PITAL,CP,-76.546703,2.864061,
gb:COL:ADM2:7082276B56423369756647,19,CAUCA,19137,CALDONO,19137004,PESCADOR,CP,-76.552742,2.799207,
gb:COL:ADM2:7082276B56423369756647,19,CAUCA,19137,CALDONO,19137007,PUEBLO NUEVO,CP,-76.445181,2.739387,
gb:COL:ADM2:7082276B56423369756647,19,CAUCA,19137,CALDONO,19137008,SIBERIA,CP,-76.515808,2.784182,
gb:COL:ADM2:7082276B56423369756647,19,CAUCA,19137,CALDONO,19137011,ANDALUCÍA,CP,-76.445058,2.78432,
gb:COL:ADM2:7082276B56423369756647,19,CAUCA,19137,CALDONO,19137013,CRUCERO DE PESCADOR,CP,-76.547409,2.805912,
gb:COL:ADM2:7082276B56423369756647,19,CAUCA,19137,CALDONO,19137014,EL TABLÓN,CP,-76.55472,2.873759,
gb:COL:ADM2:7082276B56423369756647,19,CAUCA,19137,CALDONO,19137015,PLAN DE ZUÑIGA,CP,-76.4448970643,2.83801106851,
gb:COL:ADM2:7082276B56423369756647,19,CAUCA,19137,CALDONO,19137016,NARCIZO,CP,-76.4590091525,2.84208593528,
gb:COL:ADM2:7082276B56423369756647,19,CAUCA,19137,CALDONO,19137017,CARRIZAL,CP,-76.465299129,2.83780659573,
gb:COL:ADM2:7082276B56423369756647,19,CAUCA,19137,CALDONO,19137018,CHINDACO,CP,-76.4828813175,2.80835808872,
gb:COL:ADM2:7082276B56557214099866,66,RISARALDA,66001,PEREIRA,66001000,PEREIRA,CM,-75.719711,4.804985,
gb:COL:ADM2:7082276B56557214099866,66,RISARALDA,66001,PEREIRA,66001001,ALTAGRACIA,CP,-75.714229,4.740144,
gb:COL:ADM2:7082276B56557214099866,66,RISARALDA,66001,PEREIRA,66001002,ARABIA,CP,-75.71671,4.719496,
gb:COL:ADM2:7082276B56557214099866,66,RISARALDA,66001,PEREIRA,66001003,BETULIA,CP,-75.762275,4.724267,
gb:COL:ADM2:7082276B56557214099866,66,RISARALDA,66001,PEREIRA,66001004,CAIMALITO,CP,-75.876682,4.886578,
gb:COL:ADM2:7082276B56557214099866,66,RISARALDA,66001,PEREIRA,66001005,EL PLACER (COMBIA),CP,-75.753244,4.819968,
gb:COL:ADM2:7082276B56557214099866,66,RISARALDA,66001,PEREIRA,66001006,LA CONVENCIÓN,CP,-75.733276,4.884885,
gb:COL:ADM2:7082276B56557214099866,66,RISARALDA,66001,PEREIRA,66001007,EL ROCÍO,CP,-75.70075,4.791033,
gb:COL:ADM2:7082276B56557214099866,66,RISARALDA,66001,PEREIRA,66001009,LA BELLA,CP,-75.638308,4.764842,
gb:COL:ADM2:7082276B56557214099866,66,RISARALDA,66001,PEREIRA,66001010,LA FLORIDA,CP,-75.616114,4.759565,
gb:COL:ADM2:7082276B56557214099866,66,RISARALDA,66001,PEREIRA,66001013,LA SELVA,CP,-75.760987,4.742868,
gb:COL:ADM2:7082276B56557214099866,66,RISARALDA,66001,PEREIRA,66001015,MORELIA,CP,-75.760374,4.773861,
gb:COL:ADM2:7082276B56557214099866,66,RISARALDA,66001,PEREIRA,66001016,MUNDO NUEVO,CP,-75.682372,4.786718,
gb:COL:ADM2:7082276B56557214099866,66,RISARALDA,66001,PEREIRA,66001018,PUERTO CALDAS,CP,-75.903827,4.762218,
gb:COL:ADM2:7082276B56557214099866,66,RISARALDA,66001,PEREIRA,66001020,SAN JOSÉ,CP,-75.647094,4.791598,
gb:COL:ADM2:7082276B56557214099866,66,RISARALDA,66001,PEREIRA,66001021,TRIBUNAS CORCEGA,CP,-75.687502,4.765213,
gb:COL:ADM2:7082276B56557214099866,66,RISARALDA,66001,PEREIRA,66001025,NUEVA SIRIA,CP,-75.75919,4.780026,
gb:COL:ADM2:7082276B56557214099866,66,RISARALDA,66001,PEREIRA,66001026,SAN VICENTE,CP,-75.736495,4.873986,
gb:COL:ADM2:7082276B56557214099866,66,RISARALDA,66001,PEREIRA,66001028,YARUMAL,CP,-75.674191,4.718659,
gb:COL:ADM2:7082276B56557214099866,66,RISARALDA,66001,PEREIRA,66001029,LA BANANERA,CP,-75.635143,4.774293,
gb:COL:ADM2:7082276B56557214099866,66,RISARALDA,66001,PEREIRA,66001030,ALTO ALEGRÍAS,CP,-75.680863,4.73145,
gb:COL:ADM2:7082276B56557214099866,66,RISARALDA,66001,PEREIRA,66001031,ALEGRÍAS,CP,-75.674468,4.753837,
gb:COL:ADM2:7082276B56557214099866,66,RISARALDA,66001,PEREIRA,66001032,PÉREZ ALTO,CP,-75.688585,4.723065,
gb:COL:ADM2:7082276B56557214099866,66,RISARALDA,66001,PEREIRA,66001035,HUERTAS,CP,-75.695459,4.777678,
gb:COL:ADM2:7082276B56557214099866,66,RISARALDA,66001,PEREIRA,66001036,PITAL DE COMBIA,CP,-75.736629,4.855319,
gb:COL:ADM2:7082276B56557214099866,66,RISARALDA,66001,PEREIRA,66001037,EL CHOCHO,CP,-75.662106,4.79065,
gb:COL:ADM2:7082276B56557214099866,66,RISARALDA,66001,PEREIRA,66001039,BARRIO EL BOSQUE,CP,-75.685446,4.787346,
gb:COL:ADM2:7082276B56557214099866,66,RISARALDA,66001,PEREIRA,66001040,LA CABAÑITA,CP,-75.720673,4.731002,
gb:COL:ADM2:7082276B56557214099866,66,RISARALDA,66001,PEREIRA,66001041,BELMONTE BAJO,CP,-75.773941,4.812191,
gb:COL:ADM2:7082276B56557214099866,66,RISARALDA,66001,PEREIRA,66001043,BETANIA,CP,-75.742517,4.870524,
gb:COL:ADM2:7082276B56557214099866,66,RISARALDA,66001,PEREIRA,66001044,BRISAS DE CONDINA (LA GRAMÍNEA),CP,-75.679464,4.742511,
gb:COL:ADM2:7082276B56557214099866,66,RISARALDA,66001,PEREIRA,66001045,CALLE LARGA,CP,-75.752711,4.765338,
gb:COL:ADM2:7082276B56557214099866,66,RISARALDA,66001,PEREIRA,66001046,CARACOL LA CURVA,CP,-75.691399,4.783499,
gb:COL:ADM2:7082276B56557214099866,66,RISARALDA,66001,PEREIRA,66001047,CESTILLAL,CP,-75.756713,4.729041,
gb:COL:ADM2:7082276B56557214099866,66,RISARALDA,66001,PEREIRA,66001048,EL CONTENTO,CP,-75.776836,4.749353,
gb:COL:ADM2:7082276B56557214099866,66,RISARALDA,66001,PEREIRA,66001049,EL CRUCERO DE COMBIA,CP,-75.766924,4.839224,
gb:COL:ADM2:7082276B56557214099866,66,RISARALDA,66001,PEREIRA,66001050,EL JAZMÍN,CP,-75.727855,4.730099,
gb:COL:ADM2:7082276B56557214099866,66,RISARALDA,66001,PEREIRA,66001051,EL MANZANO,CP,-75.607577,4.71003,
gb:COL:ADM2:7082276B56557214099866,66,RISARALDA,66001,PEREIRA,66001052,EL PORVENIR,CP,-75.647453,4.784037,
gb:COL:ADM2:7082276B56557214099866,66,RISARALDA,66001,PEREIRA,66001053,ESPERANZA GALICIA,CP,-75.814914,4.799834,
gb:COL:ADM2:7082276B56557214099866,66,RISARALDA,66001,PEREIRA,66001054,ESTACIÓN AZUFRAL,CP,-75.893003,4.883119,
gb:COL:ADM2:7082276B56557214099866,66,RISARALDA,66001,PEREIRA,66001055,ESTRELLA MORRÓN,CP,-75.653565,4.762247,
gb:COL:ADM2:7082276B56557214099866,66,RISARALDA,66001,PEREIRA,66001056,CONDINA GUACARY,CP,-75.666111,4.747499,
gb:COL:ADM2:7082276B56557214099866,66,RISARALDA,66001,PEREIRA,66001057,LAGUNETA,CP,-75.63794,4.731501,
gb:COL:ADM2:7082276B56557214099866,66,RISARALDA,66001,PEREIRA,66001058,LA ESTRELLA,CP,-75.782508,4.738947,
gb:COL:ADM2:7082276B56557214099866,66,RISARALDA,66001,PEREIRA,66001059,NUEVO SOL,CP,-75.749808,4.786936,
gb:COL:ADM2:7082276B56557214099866,66,RISARALDA,66001,PEREIRA,66001060,PLAN DE VIVIENDA LA UNIÓN,CP,-75.730343,4.844966,
gb:COL:ADM2:7082276B56557214099866,66,RISARALDA,66001,PEREIRA,66001061,PLAN DE VIVIENDA YARUMAL,CP,-75.679165,4.717794,
gb:COL:ADM2:7082276B56557214099866,66,RISARALDA,66001,PEREIRA,66001062,PUEBLO NUEVO,CP,-75.788156,4.874929,
gb:COL:ADM2:7082276B56557214099866,66,RISARALDA,66001,PEREIRA,66001063,SAN CARLOS,CP,-75.714253,4.713516,
gb:COL:ADM2:7082276B56557214099866,66,RISARALDA,66001,PEREIRA,66001064,YARUMITO,CP,-75.684495,4.767847,
gb:COL:ADM2:7082276B56557214099866,66,RISARALDA,66001,PEREIRA,66001065,PÉNJAMO,CP,-75.747809,4.867643,
gb:COL:ADM2:7082276B56557214099866,66,RISARALDA,66001,PEREIRA,66001066,ALTO ERAZO,CP,-75.732688,4.841068,
gb:COL:ADM2:7082276B56557214099866,66,RISARALDA,66001,PEREIRA,66001067,CANCELES,CP,-75.674701,4.79796,
gb:COL:ADM2:7082276B56557214099866,66,RISARALDA,66001,PEREIRA,66001069,EL CONGOLO,CP,-75.734435,4.78531,
gb:COL:ADM2:7082276B56557214099866,66,RISARALDA,66001,PEREIRA,66001070,EL JARDÍN,CP,-75.791991,4.731718,
gb:COL:ADM2:7082276B56557214099866,66,RISARALDA,66001,PEREIRA,66001071,ESTACIÓN VILLEGAS,CP,-75.827332,4.799544,
gb:COL:ADM2:7082276B56557214099866,66,RISARALDA,66001,PEREIRA,66001072,GALICIA ALTA,CP,-75.802597,4.807445,
gb:COL:ADM2:7082276B56557214099866,66,RISARALDA,66001,PEREIRA,66001073,GILIPINAS,CP,-75.740882,4.738274,
gb:COL:ADM2:7082276B56557214099866,66,RISARALDA,66001,PEREIRA,66001074,HERIBERTO HERRERA,CP,-75.700986,4.784199,
gb:COL:ADM2:7082276B56557214099866,66,RISARALDA,66001,PEREIRA,66001075,LA CARBONERA,CP,-75.858061,4.878853,
gb:COL:ADM2:7082276B56557214099866,66,RISARALDA,66001,PEREIRA,66001077,LA RENTA,CP,-75.742748,4.83852,
gb:COL:ADM2:7082276B56557214099866,66,RISARALDA,66001,PEREIRA,66001078,LA SUIZA,CP,-75.585052,4.731827,
gb:COL:ADM2:7082276B56557214099866,66,RISARALDA,66001,PEREIRA,66001079,LA YE,CP,-75.682118,4.759188,
gb:COL:ADM2:7082276B56557214099866,66,RISARALDA,66001,PEREIRA,66001080,LIBARE,CP,-75.658484,4.799534,
gb:COL:ADM2:7082276B56557214099866,66,RISARALDA,66001,PEREIRA,66001081,PÉREZ BAJO,CP,-75.704342,4.722645,
gb:COL:ADM2:7082276B56557214099866,66,RISARALDA,66001,PEREIRA,66001082,SAN MARINO,CP,-75.785784,4.845325,
gb:COL:ADM2:7082276B56557214099866,66,RISARALDA,66001,PEREIRA,66001083,TRIBUNAS CONSOTA,CP,-75.677879,4.765312,
gb:COL:ADM2:7082276B56557214099866,66,RISARALDA,66001,PEREIRA,66001084,EL JORDÁN,CP,-75.722331,4.837033,
gb:COL:ADM2:7082276B56557214099866,66,RISARALDA,66001,PEREIRA,66001085,SANTANDER,CP,-75.772763,4.851287,
gb:COL:ADM2:7082276B56557214099866,66,RISARALDA,66001,PEREIRA,66001089,CONDOMINIO ANDALUZ,CP,-75.832781,4.812457,
gb:COL:ADM2:7082276B56557214099866,66,RISARALDA,66001,PEREIRA,66001090,CONDOMINIO EL PARAÍSO,CP,-75.778506,4.820438,
gb:COL:ADM2:7082276B56557214099866,66,RISARALDA,66001,PEREIRA,66001091,CONDOMINIO MACONDO,CP,-75.828632,4.804037,
gb:COL:ADM2:7082276B56557214099866,66,RISARALDA,66001,PEREIRA,66001092,CONDOMINIO MARACAY,CP,-75.850321,4.811411,
gb:COL:ADM2:7082276B56557214099866,66,RISARALDA,66001,PEREIRA,66001093,CONDOMINIO PALMAR,CP,-75.848593,4.814538,
gb:COL:ADM2:7082276B56557214099866,66,RISARALDA,66001,PEREIRA,66001094,GAITAN LA PLAYA,CP,-75.654426,4.798943,
gb:COL:ADM2:7082276B56868740164332,86,PUTUMAYO,86001,MOCOA,86001000,MOCOA,CM,-76.654238,1.151172,
gb:COL:ADM2:7082276B56868740164332,86,PUTUMAYO,86001,MOCOA,86001002,EL PEPINO,CP,-76.656146,1.084048,
gb:COL:ADM2:7082276B56868740164332,86,PUTUMAYO,86001,MOCOA,86001003,PUEBLO VIEJO,CP,-76.649479,1.198903,
gb:COL:ADM2:7082276B56868740164332,86,PUTUMAYO,86001,MOCOA,86001004,PUERTO LIMÓN,CP,-76.538534,1.025621,
gb:COL:ADM2:7082276B56868740164332,86,PUTUMAYO,86001,MOCOA,86001006,SAN ANTONIO,CP,-76.675991,1.18434,
gb:COL:ADM2:7082276B56868740164332,86,PUTUMAYO,86001,MOCOA,86001009,YUNGUILLO,CP,-76.588064,1.383916,
gb:COL:ADM2:7082276B56868740164332,86,PUTUMAYO,86001,MOCOA,86001014,LA TEBAIDA,CP,-76.696112,1.085049,
gb:COL:ADM2:7082276B56868740164332,86,PUTUMAYO,86001,MOCOA,86001016,ALTO AFAN,CP,-76.643782,1.198257,
gb:COL:ADM2:7082276B56868740164332,86,PUTUMAYO,86001,MOCOA,86001017,BRISAS DEL SOL,CP,-76.66276,1.080541,
gb:COL:ADM2:7082276B56868740164332,86,PUTUMAYO,86001,MOCOA,86001018,PLANADAS,CP,-76.651908,1.099967,
gb:COL:ADM2:7082276B56868740164332,86,PUTUMAYO,86001,MOCOA,86001019,RUMIYACO,CP,-76.655287,1.121691,
gb:COL:ADM2:7082276B56868740164332,86,PUTUMAYO,86001,MOCOA,86001020,SAN ANTONIO 2,CP,-76.663566,1.174388,
gb:COL:ADM2:7082276B56868740164332,86,PUTUMAYO,86001,MOCOA,86001021,LA RESERVA,CP,-76.648554,1.178311,
gb:COL:ADM2:7082276B56868740164332,86,PUTUMAYO,86001,MOCOA,86001022,SAN JOSÉ DEL PEPINO,CP,-76.632906,1.10299,
gb:COL:ADM2:7082276B56868740164332,86,PUTUMAYO,86001,MOCOA,86001023,NUEVA ESPERANZA,CP,-76.6388019017,1.19486232766,
gb:COL:ADM2:7082276B56868740164332,86,PUTUMAYO,86001,MOCOA,86001024,15 DE MAYO,CP,-76.6440869941,1.20234055369,
gb:COL:ADM2:7082276B59383263331081,19,CAUCA,19743,SILVIA,19743000,SILVIA,CM,-76.379753,2.611927,
gb:COL:ADM2:7082276B59383263331081,19,CAUCA,19743,SILVIA,19743002,PITAYO,CP,-76.324761,2.713395,
gb:COL:ADM2:7082276B59383263331081,19,CAUCA,19743,SILVIA,19743003,QUICHAYÁ,CP,-76.382403,2.718621,
gb:COL:ADM2:7082276B59383263331081,19,CAUCA,19743,SILVIA,19743004,PUEBLITO,CP,-76.303542,2.628519,
gb:COL:ADM2:7082276B59383263331081,19,CAUCA,19743,SILVIA,19743005,USENDA,CP,-76.468184,2.626895,
gb:COL:ADM2:7082276B59383263331081,19,CAUCA,19743,SILVIA,19743008,CAMPANA,CP,-76.291834,2.626241,
gb:COL:ADM2:7082276B59383263331081,19,CAUCA,19743,SILVIA,19743010,PUENTE REAL,CP,-76.326934,2.631561,
gb:COL:ADM2:7082276B59383263331081,19,CAUCA,19743,SILVIA,19743011,MENDEZ,CP,-76.305988,2.685534,
gb:COL:ADM2:7082276B59383263331081,19,CAUCA,19743,SILVIA,19743023,TENGO,CP,-76.376554,2.626162,
gb:COL:ADM2:7082276B59383263331081,19,CAUCA,19743,SILVIA,19743024,LOS BUJIOS,CP,-76.357413,2.637091,
gb:COL:ADM2:7082276B59383263331081,19,CAUCA,19743,SILVIA,19743025,LAS TAPIAS,CP,-76.354661,2.624492,
gb:COL:ADM2:7082276B59383263331081,19,CAUCA,19743,SILVIA,19743026,DELICIAS,CP,-76.345645,2.627361,
gb:COL:ADM2:7082276B59383263331081,19,CAUCA,19743,SILVIA,19743027,BUENAVISTA,CP,-76.341979,2.700097,
gb:COL:ADM2:7082276B59383263331081,19,CAUCA,19743,SILVIA,19743028,BUENAVISTA PITAYÓ,CP,-76.332973,2.693446,
gb:COL:ADM2:7082276B59383263331081,19,CAUCA,19743,SILVIA,19743029,OVEJERAS,CP,-76.340596,2.738775,
gb:COL:ADM2:7082276B59383263331081,19,CAUCA,19743,SILVIA,19743030,LA OVEJERA 1,CP,-76.331399,2.735081,
gb:COL:ADM2:7082276B59383263331081,19,CAUCA,19743,SILVIA,19743031,MARIPOSAS,CP,-76.329373,2.765671,
gb:COL:ADM2:7082276B59383263331081,19,CAUCA,19743,SILVIA,19743032,PEÑA DEL CORAZÓN,CP,-76.313177,2.631671,
gb:COL:ADM2:7082276B59383263331081,19,CAUCA,19743,SILVIA,19743033,LA ESPERANZA,CP,-76.314363,2.708173,
gb:COL:ADM2:7082276B59383263331081,19,CAUCA,19743,SILVIA,19743034,SANTA LUCIA,CP,-76.295417,2.551778,
gb:COL:ADM2:7082276B59383263331081,19,CAUCA,19743,SILVIA,19743035,TUMBURAO,CP,-76.4834767983,2.71120810434,
gb:COL:ADM2:7082276B59907465773306,63,QUINDÍO,63272,FILANDIA,63272000,FILANDIA,CM,-75.658387,4.674338,
gb:COL:ADM2:7082276B59907465773306,63,QUINDÍO,63272,FILANDIA,63272002,LA INDIA,CP,-75.706525,4.70628,
gb:COL:ADM2:7082276B59987699383018,41,HUILA,41396,LA PLATA,41396000,LA PLATA,CM,-75.891254,2.389263,
gb:COL:ADM2:7082276B59987699383018,41,HUILA,41396,LA PLATA,41396001,BELÉN,CP,-76.048186,2.201556,
gb:COL:ADM2:7082276B59987699383018,41,HUILA,41396,LA PLATA,41396002,MONSERRATE,CP,-75.991697,2.470131,
gb:COL:ADM2:7082276B59987699383018,41,HUILA,41396,LA PLATA,41396004,SAN ANDRÉS,CP,-75.827016,2.393833,
gb:COL:ADM2:7082276B59987699383018,41,HUILA,41396,LA PLATA,41396005,VILLA LOSADA,CP,-75.968011,2.28123,
gb:COL:ADM2:7082276B59987699383018,41,HUILA,41396,LA PLATA,41396006,SAN VICENTE,CP,-76.011165,2.316568,
gb:COL:ADM2:7082276B59987699383018,41,HUILA,41396,LA PLATA,41396009,GALLEGO,CP,-75.970048,2.262675,
gb:COL:ADM2:7082276B59987699383018,41,HUILA,41396,LA PLATA,41396013,ESTACIÓN TALAGA,CP,-76.097834,2.19776,
gb:COL:ADM2:7082276B59987699383018,41,HUILA,41396,LA PLATA,41396014,POTRERITO,CP,-75.847577,2.340221,
gb:COL:ADM2:7082276B59987699383018,41,HUILA,41396,LA PLATA,41396015,FIW PAEZ,CP,-75.836978,2.352265,
gb:COL:ADM2:7082276B60306197316687,19,CAUCA,19513,PADILLA,19513000,PADILLA,CM,-76.313265,3.220984,
gb:COL:ADM2:7082276B60306197316687,19,CAUCA,19513,PADILLA,19513001,YARUMALES,CP,-76.362411,3.216127,
gb:COL:ADM2:7082276B60306197316687,19,CAUCA,19513,PADILLA,19513003,LA PAILA,CP,-76.314487,3.195128,
gb:COL:ADM2:7082276B60306197316687,19,CAUCA,19513,PADILLA,19513004,EL CHAMIZO,CP,-76.359367,3.205751,
gb:COL:ADM2:7082276B60306197316687,19,CAUCA,19513,PADILLA,19513007,LOS ROBLES,CP,-76.356791,3.227842,
gb:COL:ADM2:7082276B60306197316687,19,CAUCA,19513,PADILLA,19513008,CUERNAVACA,CP,-76.3318,3.220727,
gb:COL:ADM2:7082276B60614758896668,41,HUILA,41349,HOBO,41349000,HOBO,CM,-75.447697,2.580812,
gb:COL:ADM2:7082276B6069538576370,86,PUTUMAYO,86760,SANTIAGO,86760000,SANTIAGO,CM,-77.002641,1.147076,
gb:COL:ADM2:7082276B6069538576370,86,PUTUMAYO,86760,SANTIAGO,86760001,SAN ANDRÉS,CP,-76.990845,1.129939,
gb:COL:ADM2:7082276B6069538576370,86,PUTUMAYO,86760,SANTIAGO,86760003,PLAN JANSAJOY,CP,-77.0195794654,1.13311325686,
gb:COL:ADM2:7082276B60713931967074,41,HUILA,41551,PITALITO,41551000,PITALITO,CM,-76.049441,1.852631,
gb:COL:ADM2:7082276B60713931967074,41,HUILA,41551,PITALITO,41551001,BRUSELAS,CP,-76.17451,1.776305,
gb:COL:ADM2:7082276B60713931967074,41,HUILA,41551,PITALITO,41551002,GUACACAYO,CP,-76.026864,1.949624,
gb:COL:ADM2:7082276B60713931967074,41,HUILA,41551,PITALITO,41551003,LA LAGUNA,CP,-76.083654,1.960795,
gb:COL:ADM2:7082276B60713931967074,41,HUILA,41551,PITALITO,41551005,REGUEROS,CP,-76.023625,1.905802,
gb:COL:ADM2:7082276B60713931967074,41,HUILA,41551,PITALITO,41551006,CHILLURCO (VILLAS DEL NORTE),CP,-76.143585,1.891239,
gb:COL:ADM2:7082276B60713931967074,41,HUILA,41551,PITALITO,41551008,CRIOLLO,CP,-76.155506,1.856642,
gb:COL:ADM2:7082276B60713931967074,41,HUILA,41551,PITALITO,41551009,CHARGUAYACO,CP,-76.04644,1.782049,
gb:COL:ADM2:7082276B60713931967074,41,HUILA,41551,PITALITO,41551010,PALMARITO,CP,-76.071835,1.790705,
gb:COL:ADM2:7082276B60713931967074,41,HUILA,41551,PITALITO,41551015,LOS ARRAYANES,CP,-76.134989,1.985438,
gb:COL:ADM2:7082276B61077651934720,41,HUILA,41797,TESALIA,41797000,TESALIA,CM,-75.730271,2.486364,
gb:COL:ADM2:7082276B61077651934720,41,HUILA,41797,TESALIA,41797001,PACARNÍ,CP,-75.698365,2.608426,
gb:COL:ADM2:7082276B61573549340712,19,CAUCA,19845,VILLA RICA,19845000,VILLA RICA,CM,-76.458025,3.17762,
gb:COL:ADM2:7082276B61573549340712,19,CAUCA,19845,VILLA RICA,19845005,JUAN IGNACIO,CP,-76.443439,3.221396,
gb:COL:ADM2:7082276B61573549340712,19,CAUCA,19845,VILLA RICA,19845006,PRIMAVERA,CP,-76.441117,3.19993,
gb:COL:ADM2:7082276B61798378462298,76,VALLE DEL CAUCA,76001,SANTIAGO DE CALI,76001000,"SANTIAGO DE CALI, DISTRITO ESPECIAL, DEPORTIVO, CULTURAL, TURÍSTICO, EMPRESARIAL Y DE SERVICIOS",CM,-76.52133,3.413686,
gb:COL:ADM2:7082276B61798378462298,76,VALLE DEL CAUCA,76001,SANTIAGO DE CALI,76001001,EL SALADITO,CP,-76.605469,3.482036,
gb:COL:ADM2:7082276B61798378462298,76,VALLE DEL CAUCA,76001,SANTIAGO DE CALI,76001002,FELIDIA,CP,-76.630584,3.468481,
gb:COL:ADM2:7082276B61798378462298,76,VALLE DEL CAUCA,76001,SANTIAGO DE CALI,76001003,GOLONDRINAS,CP,-76.550246,3.49817,
gb:COL:ADM2:7082276B61798378462298,76,VALLE DEL CAUCA,76001,SANTIAGO DE CALI,76001004,EL HORMIGUERO,CP,-76.478032,3.311214,
gb:COL:ADM2:7082276B61798378462298,76,VALLE DEL CAUCA,76001,SANTIAGO DE CALI,76001005,LA BUITRERA,CP,-76.561512,3.364863,
gb:COL:ADM2:7082276B61798378462298,76,VALLE DEL CAUCA,76001,SANTIAGO DE CALI,76001006,LA CASTILLA,CP,-76.576681,3.494367,
gb:COL:ADM2:7082276B61798378462298,76,VALLE DEL CAUCA,76001,SANTIAGO DE CALI,76001007,LA ELVIRA,CP,-76.606214,3.518742,
gb:COL:ADM2:7082276B61798378462298,76,VALLE DEL CAUCA,76001,SANTIAGO DE CALI,76001008,LA LEONERA,CP,-76.636083,3.455074,
gb:COL:ADM2:7082276B61798378462298,76,VALLE DEL CAUCA,76001,SANTIAGO DE CALI,76001009,LA PAZ,CP,-76.569857,3.518814,
gb:COL:ADM2:7082276B61798378462298,76,VALLE DEL CAUCA,76001,SANTIAGO DE CALI,76001010,LOS ANDES,CP,-76.583985,3.410971,
gb:COL:ADM2:7082276B61798378462298,76,VALLE DEL CAUCA,76001,SANTIAGO DE CALI,76001012,NAVARRO,CP,-76.466751,3.387588,
gb:COL:ADM2:7082276B61798378462298,76,VALLE DEL CAUCA,76001,SANTIAGO DE CALI,76001013,PANCE,CP,-76.633654,3.328525,
gb:COL:ADM2:7082276B61798378462298,76,VALLE DEL CAUCA,76001,SANTIAGO DE CALI,76001014,PICHINDE,CP,-76.615261,3.438145,
gb:COL:ADM2:7082276B61798378462298,76,VALLE DEL CAUCA,76001,SANTIAGO DE CALI,76001016,MONTEBELLO,CP,-76.549606,3.485934,
gb:COL:ADM2:7082276B61798378462298,76,VALLE DEL CAUCA,76001,SANTIAGO DE CALI,76001019,CASCAJAL II,CP,-76.503978,3.315859,
gb:COL:ADM2:7082276B61798378462298,76,VALLE DEL CAUCA,76001,SANTIAGO DE CALI,76001020,VILLACARMELO,CP,-76.61611,3.378732,
gb:COL:ADM2:7082276B61798378462298,76,VALLE DEL CAUCA,76001,SANTIAGO DE CALI,76001022,BRISAS DE MONTEBELLO,CP,-76.544934,3.485607,
gb:COL:ADM2:7082276B61798378462298,76,VALLE DEL CAUCA,76001,SANTIAGO DE CALI,76001023,CAMPO ALEGRE,CP,-76.554817,3.471496,
gb:COL:ADM2:7082276B61798378462298,76,VALLE DEL CAUCA,76001,SANTIAGO DE CALI,76001024,CASCAJAL I,CP,-76.509991,3.316548,
gb:COL:ADM2:7082276B61798378462298,76,VALLE DEL CAUCA,76001,SANTIAGO DE CALI,76001025,CRUCERO ALTO DE LOS MANGOS,CP,-76.577741,3.399866,
gb:COL:ADM2:7082276B61798378462298,76,VALLE DEL CAUCA,76001,SANTIAGO DE CALI,76001026,EL FILO,CP,-76.547759,3.499398,
gb:COL:ADM2:7082276B61798378462298,76,VALLE DEL CAUCA,76001,SANTIAGO DE CALI,76001027,EL PORTENTO,CP,-76.561675,3.37042,
gb:COL:ADM2:7082276B61798378462298,76,VALLE DEL CAUCA,76001,SANTIAGO DE CALI,76001028,LA FRAGUA,CP,-76.550234,3.501173,
gb:COL:ADM2:7082276B61798378462298,76,VALLE DEL CAUCA,76001,SANTIAGO DE CALI,76001029,LA VORÁGINE,CP,-76.592022,3.343263,
gb:COL:ADM2:7082276B61798378462298,76,VALLE DEL CAUCA,76001,SANTIAGO DE CALI,76001030,LAS PALMAS,CP,-76.564409,3.370527,
gb:COL:ADM2:7082276B61798378462298,76,VALLE DEL CAUCA,76001,SANTIAGO DE CALI,76001031,LOS CERROS,CP,-76.5651,3.368366,
gb:COL:ADM2:7082276B61798378462298,76,VALLE DEL CAUCA,76001,SANTIAGO DE CALI,76001032,MONTAÑITAS,CP,-76.577709,3.45998,
gb:COL:ADM2:7082276B61798378462298,76,VALLE DEL CAUCA,76001,SANTIAGO DE CALI,76001034,PIZAMOS,CP,-76.488289,3.314721,
gb:COL:ADM2:7082276B61798378462298,76,VALLE DEL CAUCA,76001,SANTIAGO DE CALI,76001035,PUEBLO NUEVO,CP,-76.577761,3.381276,
gb:COL:ADM2:7082276B61798378462298,76,VALLE DEL CAUCA,76001,SANTIAGO DE CALI,76001036,SAN FRANCISCO,CP,-76.618347,3.327177,
gb:COL:ADM2:7082276B61798378462298,76,VALLE DEL CAUCA,76001,SANTIAGO DE CALI,76001037,SAN ISIDRO,CP,-76.548651,3.501864,
gb:COL:ADM2:7082276B61798378462298,76,VALLE DEL CAUCA,76001,SANTIAGO DE CALI,76001038,VILLA FLAMENCO,CP,-76.499711,3.316983,
gb:COL:ADM2:7082276B61798378462298,76,VALLE DEL CAUCA,76001,SANTIAGO DE CALI,76001041,CASCAJAL III,CP,-76.493138,3.316958,
gb:COL:ADM2:7082276B61798378462298,76,VALLE DEL CAUCA,76001,SANTIAGO DE CALI,76001042,EL ESTERO,CP,-76.483211,3.360878,
gb:COL:ADM2:7082276B61798378462298,76,VALLE DEL CAUCA,76001,SANTIAGO DE CALI,76001043,LA LUISA,CP,-76.569084,3.400451,
gb:COL:ADM2:7082276B61798378462298,76,VALLE DEL CAUCA,76001,SANTIAGO DE CALI,76001044,LA SIRENA,CP,-76.57513,3.406092,
gb:COL:ADM2:7082276B61798378462298,76,VALLE DEL CAUCA,76001,SANTIAGO DE CALI,76001045,LAS PALMAS - LA CASTILLA,CP,-76.556255,3.477582,
gb:COL:ADM2:7082276B61798378462298,76,VALLE DEL CAUCA,76001,SANTIAGO DE CALI,76001046,SILOE,CP,-76.635921,3.33273,
gb:COL:ADM2:7082276B61798378462298,76,VALLE DEL CAUCA,76001,SANTIAGO DE CALI,76001048,LOS LIMONES,CP,-76.560173,3.470365,
gb:COL:ADM2:7082276B61798378462298,76,VALLE DEL CAUCA,76001,SANTIAGO DE CALI,76001050,CAUCA VIEJO,CP,-76.484153,3.307003,
gb:COL:ADM2:7082276B61798378462298,76,VALLE DEL CAUCA,76001,SANTIAGO DE CALI,76001051,CONDOMINIO MARAÑON,CP,-76.510083,3.329293,
gb:COL:ADM2:7082276B61798378462298,76,VALLE DEL CAUCA,76001,SANTIAGO DE CALI,76001052,CHORRO DE PLATA,CP,-76.594287,3.345355,
gb:COL:ADM2:7082276B61798378462298,76,VALLE DEL CAUCA,76001,SANTIAGO DE CALI,76001053,PARCELACIÓN CANTACLARO 1,CP,-76.584482,3.389109,
gb:COL:ADM2:7082276B61798378462298,76,VALLE DEL CAUCA,76001,SANTIAGO DE CALI,76001054,PARCELACIÓN CANTACLARO 2,CP,-76.584248,3.393861,
gb:COL:ADM2:7082276B61798378462298,76,VALLE DEL CAUCA,76001,SANTIAGO DE CALI,76001055,PARCELACIÓN LA TRINIDAD,CP,-76.56983,3.395669,
gb:COL:ADM2:7082276B61798378462298,76,VALLE DEL CAUCA,76001,SANTIAGO DE CALI,76001056,PIAMONTE,CP,-76.553308,3.478001,
gb:COL:ADM2:7082276B61798378462298,76,VALLE DEL CAUCA,76001,SANTIAGO DE CALI,76001057,CALLEJON TABARES,CP,-76.571883,3.38144,
gb:COL:ADM2:7082276B61798378462298,76,VALLE DEL CAUCA,76001,SANTIAGO DE CALI,76001058,DUQUELANDIA,CP,-76.56821,3.375671,
gb:COL:ADM2:7082276B61798378462298,76,VALLE DEL CAUCA,76001,SANTIAGO DE CALI,76001059,LA COLINA,CP,-76.572187,3.383659,
gb:COL:ADM2:7082276B61798378462298,76,VALLE DEL CAUCA,76001,SANTIAGO DE CALI,76001060,LOS GIRASOLES,CP,-76.56618,3.379073,
gb:COL:ADM2:7082276B61798378462298,76,VALLE DEL CAUCA,76001,SANTIAGO DE CALI,76001061,PILAS DEL CABUYAL,CP,-76.571784,3.447316,
gb:COL:ADM2:7082276B61798378462298,76,VALLE DEL CAUCA,76001,SANTIAGO DE CALI,76001062,VILLA DEL ROSARIO,CP,-76.563594,3.50917,
gb:COL:ADM2:7082276B62857285064431,76,VALLE DEL CAUCA,76622,ROLDANILLO,76622000,ROLDANILLO,CM,-76.152277,4.413601,
gb:COL:ADM2:7082276B62857285064431,76,VALLE DEL CAUCA,76622,ROLDANILLO,76622002,EL RETIRO,CP,-76.236283444,4.395849194,
gb:COL:ADM2:7082276B62857285064431,76,VALLE DEL CAUCA,76622,ROLDANILLO,76622003,HIGUERONCITO,CP,-76.101759,4.495029,
gb:COL:ADM2:7082276B62857285064431,76,VALLE DEL CAUCA,76622,ROLDANILLO,76622007,MORELIA,CP,-76.116891,4.478041,
gb:COL:ADM2:7082276B62857285064431,76,VALLE DEL CAUCA,76622,ROLDANILLO,76622009,SANTA RITA,CP,-76.139337,4.447315,
gb:COL:ADM2:7082276B62857285064431,76,VALLE DEL CAUCA,76622,ROLDANILLO,76622020,PALMAR GUAYABAL,CP,-76.112046,4.406535,
gb:COL:ADM2:7082276B62857285064431,76,VALLE DEL CAUCA,76622,ROLDANILLO,76622022,TIERRA BLANCA,CP,-76.129922,4.410151,
gb:COL:ADM2:7082276B63113141901274,41,HUILA,41013,AGRADO,41013000,AGRADO,CM,-75.772022,2.25987,
gb:COL:ADM2:7082276B63113141901274,41,HUILA,41013,AGRADO,41013001,LA CAÑADA,CP,-75.672451,2.182869,
gb:COL:ADM2:7082276B63113141901274,41,HUILA,41013,AGRADO,41013003,SAN JOSÉ DE BELÉN,CP,-75.733301,2.229451,
gb:COL:ADM2:7082276B64022238164064,23,CÓRDOBA,23815,TUCHÍN,23815000,TUCHÍN,CM,-75.553962,9.186625,
gb:COL:ADM2:7082276B64022238164064,23,CÓRDOBA,23815,TUCHÍN,23815001,BARBACOAS,CP,-75.593458,9.252265,
gb:COL:ADM2:7082276B64022238164064,23,CÓRDOBA,23815,TUCHÍN,23815002,CRUZ CHIQUITA,CP,-75.501621,9.21305,
gb:COL:ADM2:7082276B64022238164064,23,CÓRDOBA,23815,TUCHÍN,23815004,FLECHAS,CP,-75.524587,9.258519,
gb:COL:ADM2:7082276B64022238164064,23,CÓRDOBA,23815,TUCHÍN,23815006,MOLINA,CP,-75.57429,9.24431,
gb:COL:ADM2:7082276B64022238164064,23,CÓRDOBA,23815,TUCHÍN,23815007,NUEVA ESTRELLA,CP,-75.559028,9.172822,
gb:COL:ADM2:7082276B64022238164064,23,CÓRDOBA,23815,TUCHÍN,23815009,SAN JUAN DE LA CRUZ,CP,-75.492725,9.240263,
gb:COL:ADM2:7082276B64022238164064,23,CÓRDOBA,23815,TUCHÍN,23815010,VIDALES,CP,-75.530651,9.232183,
gb:COL:ADM2:7082276B64022238164064,23,CÓRDOBA,23815,TUCHÍN,23815012,ANDES,CP,-75.514394,9.230518,
gb:COL:ADM2:7082276B64022238164064,23,CÓRDOBA,23815,TUCHÍN,23815013,BELÉN,CP,-75.498834,9.22266,
gb:COL:ADM2:7082276B64022238164064,23,CÓRDOBA,23815,TUCHÍN,23815014,BELLA VISTA,CP,-75.541194,9.207592,
gb:COL:ADM2:7082276B64022238164064,23,CÓRDOBA,23815,TUCHÍN,23815015,BOMBA,CP,-75.5073,9.272664,
gb:COL:ADM2:7082276B64022238164064,23,CÓRDOBA,23815,TUCHÍN,23815016,CARRETAL,CP,-75.531349,9.203039,
gb:COL:ADM2:7082276B64022238164064,23,CÓRDOBA,23815,TUCHÍN,23815017,EL CARIÑITO,CP,-75.526336,9.217414,
gb:COL:ADM2:7082276B64022238164064,23,CÓRDOBA,23815,TUCHÍN,23815018,EL CARMEN,CP,-75.510924,9.241045,
gb:COL:ADM2:7082276B64022238164064,23,CÓRDOBA,23815,TUCHÍN,23815019,EL CHUZO,CP,-75.533345,9.24023,
gb:COL:ADM2:7082276B64022238164064,23,CÓRDOBA,23815,TUCHÍN,23815020,EL PORVENIR,CP,-75.542471,9.198354,
gb:COL:ADM2:7082276B64022238164064,23,CÓRDOBA,23815,TUCHÍN,23815021,EL ROBLE,CP,-75.530185,9.20847,
gb:COL:ADM2:7082276B64022238164064,23,CÓRDOBA,23815,TUCHÍN,23815022,GUAYACANES,CP,-75.512642,9.220178,
gb:COL:ADM2:7082276B64022238164064,23,CÓRDOBA,23815,TUCHÍN,23815023,LOVERAN,CP,-75.552002,9.221921,
gb:COL:ADM2:7082276B64022238164064,23,CÓRDOBA,23815,TUCHÍN,23815024,NUEVA ESPERANZA,CP,-75.524601,9.212065,
gb:COL:ADM2:7082276B64022238164064,23,CÓRDOBA,23815,TUCHÍN,23815025,NUEVA VIDA,CP,-75.548893,9.195654,
gb:COL:ADM2:7082276B64022238164064,23,CÓRDOBA,23815,TUCHÍN,23815026,SABANA NUEVA,CP,-75.56315,9.229507,
gb:COL:ADM2:7082276B64022238164064,23,CÓRDOBA,23815,TUCHÍN,23815027,SABANAL,CP,-75.574843,9.258519,
gb:COL:ADM2:7082276B64022238164064,23,CÓRDOBA,23815,TUCHÍN,23815028,SANTA CLARA,CP,-75.52595,9.246589,
gb:COL:ADM2:7082276B64022238164064,23,CÓRDOBA,23815,TUCHÍN,23815029,SANTANDER,CP,-75.568265,9.222749,
gb:COL:ADM2:7082276B64022238164064,23,CÓRDOBA,23815,TUCHÍN,23815030,TOLIMA,CP,-75.485975,9.249382,
gb:COL:ADM2:7082276B64022238164064,23,CÓRDOBA,23815,TUCHÍN,23815031,VILLANUEVA,CP,-75.541165,9.211845,
gb:COL:ADM2:7082276B64022238164064,23,CÓRDOBA,23815,TUCHÍN,23815032,EL BARZAL,CP,-75.574294,9.264067,
gb:COL:ADM2:7082276B64022238164064,23,CÓRDOBA,23815,TUCHÍN,23815033,LA GRANJA,CP,-75.561712,9.261228,
gb:COL:ADM2:7082276B64022238164064,23,CÓRDOBA,23815,TUCHÍN,23815034,SAN MARTIN,CP,-75.556501,9.259111,
gb:COL:ADM2:7082276B64022238164064,23,CÓRDOBA,23815,TUCHÍN,23815035,SANTA CRUZ,CP,-75.498285,9.276362,
gb:COL:ADM2:7082276B64022238164064,23,CÓRDOBA,23815,TUCHÍN,23815036,SITIO NUEVO,CP,-75.548846,9.245905,
gb:COL:ADM2:7082276B64022238164064,23,CÓRDOBA,23815,TUCHÍN,23815037,CENTRO ALEGRE,CP,-75.556203,9.245209,
gb:COL:ADM2:7082276B64022238164064,23,CÓRDOBA,23815,TUCHÍN,23815038,MAJAGUAL,CP,-75.549439,9.240585,
gb:COL:ADM2:7082276B64022238164064,23,CÓRDOBA,23815,TUCHÍN,23815039,PISA BONITO,CP,-75.546559,9.198984,
gb:COL:ADM2:7082276B64022238164064,23,CÓRDOBA,23815,TUCHÍN,23815040,VIDALITO,CP,-75.526588,9.225947,
gb:COL:ADM2:7082276B64022238164064,23,CÓRDOBA,23815,TUCHÍN,23815041,COMUNIDAD MATA DE CAÑA,CP,-75.534919,9.217989,
gb:COL:ADM2:7082276B64022238164064,23,CÓRDOBA,23815,TUCHÍN,23815042,LA LAGUNA,CP,-75.5197871568,9.23371923899,
gb:COL:ADM2:7082276B64022238164064,23,CÓRDOBA,23815,TUCHÍN,23815043,EL MANQUITO,CP,-75.5652620918,9.21789109902,
gb:COL:ADM2:7082276B64224569928745,19,CAUCA,19455,MIRANDA,19455000,MIRANDA,CM,-76.228722,3.254651,
gb:COL:ADM2:7082276B64224569928745,19,CAUCA,19455,MIRANDA,19455001,CARAQUEÑO,CP,-76.20938,3.207143,
gb:COL:ADM2:7082276B64224569928745,19,CAUCA,19455,MIRANDA,19455004,MONTERREDONDO,CP,-76.203178,3.216686,
gb:COL:ADM2:7082276B64224569928745,19,CAUCA,19455,MIRANDA,19455005,ORTIGAL,CP,-76.346308,3.280155,
gb:COL:ADM2:7082276B64224569928745,19,CAUCA,19455,MIRANDA,19455007,SANTA ANA,CP,-76.284848,3.264924,
gb:COL:ADM2:7082276B64224569928745,19,CAUCA,19455,MIRANDA,19455008,TIERRADURA,CP,-76.303198,3.238709,
gb:COL:ADM2:7082276B64224569928745,19,CAUCA,19455,MIRANDA,19455009,TULIPÁN,CP,-76.356731,3.257538,
gb:COL:ADM2:7082276B64224569928745,19,CAUCA,19455,MIRANDA,19455010,GUATEMALA,CP,-76.229729,3.23127,
gb:COL:ADM2:7082276B64224569928745,19,CAUCA,19455,MIRANDA,19455011,SAN ANDRÉS,CP,-76.281115,3.277191,
gb:COL:ADM2:7082276B64224569928745,19,CAUCA,19455,MIRANDA,19455013,LA LINDOSA,CP,-76.299847,3.283481,
gb:COL:ADM2:7082276B64224569928745,19,CAUCA,19455,MIRANDA,19455014,LAS PALMAS,CP,-76.229638,3.237419,
gb:COL:ADM2:7082276B64224569928745,19,CAUCA,19455,MIRANDA,19455015,LA UNIÓN,CP,-76.215856,3.201524,
gb:COL:ADM2:7082276B64224569928745,19,CAUCA,19455,MIRANDA,19455016,EL CRUCERO,CP,-76.211427,3.211965,
gb:COL:ADM2:7082276B64224569928745,19,CAUCA,19455,MIRANDA,19455017,LAS CAÑAS,CP,-76.212182,3.224832,
gb:COL:ADM2:7082276B64224569928745,19,CAUCA,19455,MIRANDA,19455018,EL CABILDO,CP,-76.202382,3.195963,
gb:COL:ADM2:7082276B64224569928745,19,CAUCA,19455,MIRANDA,19455019,LA CILIA,CP,-76.1902735833,3.19199099904,
gb:COL:ADM2:7082276B64224569928745,19,CAUCA,19455,MIRANDA,19455020,POTRERITO,CP,-76.2110582603,3.197092912,
gb:COL:ADM2:7082276B64224569928745,19,CAUCA,19455,MIRANDA,19455021,CAPARROSAL,CP,-76.1998426926,3.20493493886,
gb:COL:ADM2:7082276B64224569928745,19,CAUCA,19455,MIRANDA,19455022,PROGRESO,CP,-76.2273921211,3.22491128252,
gb:COL:ADM2:7082276B64224569928745,19,CAUCA,19455,MIRANDA,19455023,LA TORTURA,CP,-76.217227349,3.24805783934,
gb:COL:ADM2:7082276B64544196905368,86,PUTUMAYO,86569,PUERTO CAICEDO,86569000,PUERTO CAICEDO,CM,-76.606118,0.687784,
gb:COL:ADM2:7082276B64544196905368,86,PUTUMAYO,86569,PUERTO CAICEDO,86569001,SAN PEDRO,CP,-76.582492,0.633804,
gb:COL:ADM2:7082276B64544196905368,86,PUTUMAYO,86569,PUERTO CAICEDO,86569002,VILLA FLOR,CP,-76.586611,0.75577,
gb:COL:ADM2:7082276B64544196905368,86,PUTUMAYO,86569,PUERTO CAICEDO,86569003,EL CEDRAL,CP,-76.525625,0.647701,
gb:COL:ADM2:7082276B64544196905368,86,PUTUMAYO,86569,PUERTO CAICEDO,86569004,EL VENADO,CP,-76.558603,0.658666,
gb:COL:ADM2:7082276B64544196905368,86,PUTUMAYO,86569,PUERTO CAICEDO,86569005,LAS VEGAS,CP,-76.698813,0.728065,
gb:COL:ADM2:7082276B64544196905368,86,PUTUMAYO,86569,PUERTO CAICEDO,86569006,SAN ANDRÉS,CP,-76.708568,0.76552,
gb:COL:ADM2:7082276B64544196905368,86,PUTUMAYO,86569,PUERTO CAICEDO,86569007,DAMASCO,CP,-76.70508,0.773294,
gb:COL:ADM2:7082276B64544196905368,86,PUTUMAYO,86569,PUERTO CAICEDO,86569008,CAMPOBELLO,CP,-76.5932819883,0.732965367846,
gb:COL:ADM2:7082276B64894766259605,76,VALLE DEL CAUCA,76113,BUGALAGRANDE,76113000,BUGALAGRANDE,CM,-76.15682,4.208358,
gb:COL:ADM2:7082276B64894766259605,76,VALLE DEL CAUCA,76113,BUGALAGRANDE,76113001,CEILÁN,CP,-76.04147,4.111998,
gb:COL:ADM2:7082276B64894766259605,76,VALLE DEL CAUCA,76113,BUGALAGRANDE,76113004,EL OVERO (SECTOR POBLADO),CP,-76.133572,4.243284,
gb:COL:ADM2:7082276B64894766259605,76,VALLE DEL CAUCA,76113,BUGALAGRANDE,76113008,GALICIA,CP,-76.057285,4.173147,
gb:COL:ADM2:7082276B64894766259605,76,VALLE DEL CAUCA,76113,BUGALAGRANDE,76113010,MESTIZAL,CP,-76.16219,4.229005,
gb:COL:ADM2:7082276B64894766259605,76,VALLE DEL CAUCA,76113,BUGALAGRANDE,76113011,PAILA ARRIBA,CP,-76.038947,4.238456,
gb:COL:ADM2:7082276B64894766259605,76,VALLE DEL CAUCA,76113,BUGALAGRANDE,76113013,URÍBE URÍBE,CP,-76.116458,4.256744,
gb:COL:ADM2:7082276B64894766259605,76,VALLE DEL CAUCA,76113,BUGALAGRANDE,76113016,EL OVERO (SECTOR LA MARÍA),CP,-76.12685,4.244278,
gb:COL:ADM2:7082276B65287171655445,19,CAUCA,19701,SANTA ROSA,19701000,SANTA ROSA,CM,-76.573252,1.700916,
gb:COL:ADM2:7082276B65287171655445,19,CAUCA,19701,SANTA ROSA,19701001,DESCANSE,CP,-76.621252,1.486249,
gb:COL:ADM2:7082276B65287171655445,19,CAUCA,19701,SANTA ROSA,19701002,EL CARMELO,CP,-76.595066,1.725462,
gb:COL:ADM2:7082276B65287171655445,19,CAUCA,19701,SANTA ROSA,19701006,SAN JUAN DE VILLALOBOS,CP,-76.324244,1.53131,
gb:COL:ADM2:7082276B65356767722018,76,VALLE DEL CAUCA,76147,CARTAGO,76147000,CARTAGO,CM,-75.924374,4.742192,
gb:COL:ADM2:7082276B65356767722018,76,VALLE DEL CAUCA,76147,CARTAGO,76147005,MODÍN,CP,-75.889613,4.681104,
gb:COL:ADM2:7082276B65356767722018,76,VALLE DEL CAUCA,76147,CARTAGO,76147006,PIEDRA DE MOLER,CP,-75.858039,4.710135,
gb:COL:ADM2:7082276B65356767722018,76,VALLE DEL CAUCA,76147,CARTAGO,76147012,GUANABANO,CP,-75.967969,4.763636,
gb:COL:ADM2:7082276B65356767722018,76,VALLE DEL CAUCA,76147,CARTAGO,76147013,GUAYABITO,CP,-75.989994,4.722115,
gb:COL:ADM2:7082276B65356767722018,76,VALLE DEL CAUCA,76147,CARTAGO,76147014,ZANJÓN CAUCA,CP,-75.997417,4.720816,
gb:COL:ADM2:7082276B65922719732159,41,HUILA,41872,VILLAVIEJA,41872000,VILLAVIEJA,CM,-75.217174,3.218822,
gb:COL:ADM2:7082276B65922719732159,41,HUILA,41872,VILLAVIEJA,41872001,POTOSÍ,CP,-75.17053,3.387605,
gb:COL:ADM2:7082276B65922719732159,41,HUILA,41872,VILLAVIEJA,41872002,SAN ALFONSO,CP,-75.112315,3.369357,
gb:COL:ADM2:7082276B65922719732159,41,HUILA,41872,VILLAVIEJA,41872003,HATO NUEVO,CP,-75.261387,3.142421,
gb:COL:ADM2:7082276B65922719732159,41,HUILA,41872,VILLAVIEJA,41872004,POLONIA,CP,-75.217232,3.185782,
gb:COL:ADM2:7082276B65922719732159,41,HUILA,41872,VILLAVIEJA,41872005,LA VICTORIA,CP,-75.172439,3.351431,
gb:COL:ADM2:7082276B66968724645536,76,VALLE DEL CAUCA,76122,CAICEDONIA,76122000,CAICEDONIA,CM,-75.830594,4.334808,
gb:COL:ADM2:7082276B66968724645536,76,VALLE DEL CAUCA,76122,CAICEDONIA,76122006,SAMARIA,CP,-75.876109,4.26991,
gb:COL:ADM2:7082276B66968724645536,76,VALLE DEL CAUCA,76122,CAICEDONIA,76122009,BARRAGÁN,CP,-75.793739,4.336783,
gb:COL:ADM2:7082276B66968724645536,76,VALLE DEL CAUCA,76122,CAICEDONIA,76122010,LAS DELICIAS,CP,-75.825155,4.317988,
gb:COL:ADM2:7082276B66968724645536,76,VALLE DEL CAUCA,76122,CAICEDONIA,76122011,VILLA AURES,CP,-75.83167,4.237518,
gb:COL:ADM2:7082276B67113151062555,23,CÓRDOBA,23855,VALENCIA,23855000,VALENCIA,CM,-76.150756,8.255016,
gb:COL:ADM2:7082276B67113151062555,23,CÓRDOBA,23855,VALENCIA,23855001,RÍO NUEVO,CP,-76.067129,8.251225,
gb:COL:ADM2:7082276B67113151062555,23,CÓRDOBA,23855,VALENCIA,23855003,VILLANUEVA,CP,-76.118989,8.342223,
gb:COL:ADM2:7082276B67113151062555,23,CÓRDOBA,23855,VALENCIA,23855006,MATA DE MAÍZ,CP,-76.294748,8.261216,
gb:COL:ADM2:7082276B67113151062555,23,CÓRDOBA,23855,VALENCIA,23855009,EL REPOSO,CP,-76.170456,8.176329,
gb:COL:ADM2:7082276B67113151062555,23,CÓRDOBA,23855,VALENCIA,23855014,MIELES ABAJO,CP,-76.300079,8.127666,
gb:COL:ADM2:7082276B67113151062555,23,CÓRDOBA,23855,VALENCIA,23855015,SANTO DOMINGO,CP,-76.290787,8.160854,
gb:COL:ADM2:7082276B67113151062555,23,CÓRDOBA,23855,VALENCIA,23855016,MANZANARES,CP,-76.076787,8.19584,
gb:COL:ADM2:7082276B67113151062555,23,CÓRDOBA,23855,VALENCIA,23855017,SAN RAFAEL,CP,-76.246671,8.159711,
gb:COL:ADM2:7082276B67113151062555,23,CÓRDOBA,23855,VALENCIA,23855019,GUADUAL CENTRAL,CP,-76.34534,8.108959,
gb:COL:ADM2:7082276B67113151062555,23,CÓRDOBA,23855,VALENCIA,23855020,JERICÓ,CP,-76.170262,8.197662,
gb:COL:ADM2:7082276B67113151062555,23,CÓRDOBA,23855,VALENCIA,23855021,LA LIBERTAD,CP,-76.098605,8.348094,
gb:COL:ADM2:7082276B67113151062555,23,CÓRDOBA,23855,VALENCIA,23855023,LAS NUBES,CP,-76.187706,8.347587,
gb:COL:ADM2:7082276B67113151062555,23,CÓRDOBA,23855,VALENCIA,23855024,CALLEJAS,CP,-76.14415,8.147668,
gb:COL:ADM2:7082276B67782051899776,23,CÓRDOBA,23168,CHIMÁ,23168000,CHIMÁ,CM,-75.626886,9.149698,
gb:COL:ADM2:7082276B67782051899776,23,CÓRDOBA,23168,CHIMÁ,23168001,ARACHE,CP,-75.642048,9.07526,
gb:COL:ADM2:7082276B67782051899776,23,CÓRDOBA,23168,CHIMÁ,23168002,CAMPO BELLO,CP,-75.589481,9.163223,
gb:COL:ADM2:7082276B67782051899776,23,CÓRDOBA,23168,CHIMÁ,23168003,CAROLINA,CP,-75.718931,9.018349,
gb:COL:ADM2:7082276B67782051899776,23,CÓRDOBA,23168,CHIMÁ,23168004,COROZALITO,CP,-75.628631,9.048231,
gb:COL:ADM2:7082276B67782051899776,23,CÓRDOBA,23168,CHIMÁ,23168005,PUNTA VERDE,CP,-75.723115,8.996441,
gb:COL:ADM2:7082276B67782051899776,23,CÓRDOBA,23168,CHIMÁ,23168006,SITIO VIEJO,CP,-75.626404,9.10212,
gb:COL:ADM2:7082276B67782051899776,23,CÓRDOBA,23168,CHIMÁ,23168008,SABANACOSTA,CP,-75.609329,9.215401,
gb:COL:ADM2:7082276B67782051899776,23,CÓRDOBA,23168,CHIMÁ,23168017,PIMENTAL SECTOR BURRO MUERTO,CP,-75.710169,9.081612,
gb:COL:ADM2:7082276B6796098252529,66,RISARALDA,66383,LA CELIA,66383000,LA CELIA,CM,-76.0032,5.002787,
gb:COL:ADM2:7082276B6796098252529,66,RISARALDA,66383,LA CELIA,66383001,PATIO BONITO,CP,-75.979909,4.996091,
gb:COL:ADM2:7082276B6986127045268,41,HUILA,41006,ACEVEDO,41006000,ACEVEDO,CM,-75.888706,1.805173,
gb:COL:ADM2:7082276B6986127045268,41,HUILA,41006,ACEVEDO,41006001,SAN ADOLFO,CP,-76.025438,1.712036,
gb:COL:ADM2:7082276B6986127045268,41,HUILA,41006,ACEVEDO,41006003,PUEBLO VIEJO,CP,-75.876803,1.825371,
gb:COL:ADM2:7082276B6986127045268,41,HUILA,41006,ACEVEDO,41006005,SAN MARCOS,CP,-75.964512,1.741689,
gb:COL:ADM2:7082276B6986127045268,41,HUILA,41006,ACEVEDO,41006011,EL CARMEN,CP,-75.941324,1.822235,
gb:COL:ADM2:7082276B70785210683383,76,VALLE DEL CAUCA,76497,OBANDO,76497000,OBANDO,CM,-75.974709,4.575712,
gb:COL:ADM2:7082276B70785210683383,76,VALLE DEL CAUCA,76497,OBANDO,76497001,CRUCES,CP,-75.921395,4.643733,
gb:COL:ADM2:7082276B70785210683383,76,VALLE DEL CAUCA,76497,OBANDO,76497002,EL CHUZO,CP,-75.924411,4.561077,
gb:COL:ADM2:7082276B70785210683383,76,VALLE DEL CAUCA,76497,OBANDO,76497003,JUAN DÍAZ,CP,-76.021438,4.650234,
gb:COL:ADM2:7082276B70785210683383,76,VALLE DEL CAUCA,76497,OBANDO,76497005,PUERTO MOLINA,CP,-76.028548,4.622293,
gb:COL:ADM2:7082276B70785210683383,76,VALLE DEL CAUCA,76497,OBANDO,76497006,PUERTO SAMARIA,CP,-75.876588,4.553102,
gb:COL:ADM2:7082276B70785210683383,76,VALLE DEL CAUCA,76497,OBANDO,76497007,SAN ISIDRO,CP,-75.898543,4.561911,
gb:COL:ADM2:7082276B70785210683383,76,VALLE DEL CAUCA,76497,OBANDO,76497008,VILLA RODAS,CP,-75.883517,4.61458,
gb:COL:ADM2:7082276B70920947673933,19,CAUCA,19622,ROSAS,19622000,ROSAS,CM,-76.740336,2.260941,
gb:COL:ADM2:7082276B70920947673933,19,CAUCA,19622,ROSAS,19622002,PÁRRAGA,CP,-76.787435,2.231486,
gb:COL:ADM2:7082276B70920947673933,19,CAUCA,19622,ROSAS,19622007,CEFIRO,CP,-76.739499,2.264575,
gb:COL:ADM2:7082276B70920947673933,19,CAUCA,19622,ROSAS,19622011,SAUCE,CP,-76.696042,2.248521,
gb:COL:ADM2:7082276B70920947673933,19,CAUCA,19622,ROSAS,19622012,CHONTADURO,CP,-76.741986927,2.23715468748,
gb:COL:ADM2:7082276B71281345129005,66,RISARALDA,66400,LA VIRGINIA,66400000,LA VIRGINIA,CM,-75.880394,4.896624,
gb:COL:ADM2:7082276B71281345129005,66,RISARALDA,66400,LA VIRGINIA,66400001,LA PALMA,CP,-75.827184,4.920348,
gb:COL:ADM2:7082276B71793235558462,41,HUILA,41660,SALADOBLANCO,41660000,SALADOBLANCO,CM,-76.044747,1.9934,
gb:COL:ADM2:7082276B71793235558462,41,HUILA,41660,SALADOBLANCO,41660001,LA CABAÑA,CP,-76.13188,1.9989,
gb:COL:ADM2:7082276B71793235558462,41,HUILA,41660,SALADOBLANCO,41660007,MORELIA,CP,-76.186311,2.066391,
gb:COL:ADM2:7082276B7209337263297,66,RISARALDA,66075,BALBOA,66075000,BALBOA,CM,-75.958663,4.949096,
gb:COL:ADM2:7082276B7209337263297,66,RISARALDA,66075,BALBOA,66075004,TAMBORES,CP,-75.974081,4.88385,
gb:COL:ADM2:7082276B7209337263297,66,RISARALDA,66075,BALBOA,66075005,SAN ANTONIO,CP,-75.971262,4.917239,
gb:COL:ADM2:7082276B7209337263297,66,RISARALDA,66075,BALBOA,66075009,TRES ESQUINAS,CP,-75.961615,4.962044,
gb:COL:ADM2:7082276B7280150646528,66,RISARALDA,66318,GUÁTICA,66318000,GUÁTICA,CM,-75.799005,5.315367,
gb:COL:ADM2:7082276B7280150646528,66,RISARALDA,66318,GUÁTICA,66318002,SAN CLEMENTE,CP,-75.786602,5.318086,
gb:COL:ADM2:7082276B7280150646528,66,RISARALDA,66318,GUÁTICA,66318003,SANTA ANA,CP,-75.819743,5.308402,
gb:COL:ADM2:7082276B7280150646528,66,RISARALDA,66318,GUÁTICA,66318006,TRAVESÍAS,CP,-75.832006,5.28415,
gb:COL:ADM2:7082276B72857503251060,76,VALLE DEL CAUCA,76275,FLORIDA,76275000,FLORIDA,CM,-76.234199,3.324118,
gb:COL:ADM2:7082276B72857503251060,76,VALLE DEL CAUCA,76275,FLORIDA,76275004,CHOCOCITO,CP,-76.299881,3.287121,
gb:COL:ADM2:7082276B72857503251060,76,VALLE DEL CAUCA,76275,FLORIDA,76275006,LA DIANA,CP,-76.178831,3.3229,
gb:COL:ADM2:7082276B72857503251060,76,VALLE DEL CAUCA,76275,FLORIDA,76275007,LA RIVERA,CP,-76.156551,3.30161,
gb:COL:ADM2:7082276B72857503251060,76,VALLE DEL CAUCA,76275,FLORIDA,76275010,REMOLINO,CP,-76.291645,3.305194,
gb:COL:ADM2:7082276B72857503251060,76,VALLE DEL CAUCA,76275,FLORIDA,76275011,SAN ANTONIO DE LOS CABALLEROS,CP,-76.297667,3.353914,
gb:COL:ADM2:7082276B72857503251060,76,VALLE DEL CAUCA,76275,FLORIDA,76275012,SAN FRANCISCO (EL LLANITO),CP,-76.223119,3.284195,
gb:COL:ADM2:7082276B72857503251060,76,VALLE DEL CAUCA,76275,FLORIDA,76275014,TARRAGONA,CP,-76.334294,3.284563,
gb:COL:ADM2:7082276B72857503251060,76,VALLE DEL CAUCA,76275,FLORIDA,76275015,EL PEDREGAL,CP,-76.217438,3.313479,
gb:COL:ADM2:7082276B72857503251060,76,VALLE DEL CAUCA,76275,FLORIDA,76275019,LAS GUACAS,CP,-76.16694,3.29672,
gb:COL:ADM2:7082276B72857503251060,76,VALLE DEL CAUCA,76275,FLORIDA,76275021,LOS CALEÑOS,CP,-76.151349,3.345933,
gb:COL:ADM2:7082276B72857503251060,76,VALLE DEL CAUCA,76275,FLORIDA,76275024,EL INGENIO,CP,-76.31891,3.283077,
gb:COL:ADM2:7082276B72857503251060,76,VALLE DEL CAUCA,76275,FLORIDA,76275025,EL TAMBORAL,CP,-76.220116,3.273066,
gb:COL:ADM2:7082276B72857503251060,76,VALLE DEL CAUCA,76275,FLORIDA,76275028,SIMÓN BOLÍVAR,CP,-76.217121,3.283084,
gb:COL:ADM2:7082276B72857503251060,76,VALLE DEL CAUCA,76275,FLORIDA,76275029,SAN JUAN PÁEZ,CP,-76.166485,3.315408,
gb:COL:ADM2:7082276B74381710029853,41,HUILA,41319,GUADALUPE,41319000,GUADALUPE,CM,-75.757185,2.02426,
gb:COL:ADM2:7082276B74381710029853,41,HUILA,41319,GUADALUPE,41319001,RESINA,CP,-75.692758,1.924067,
gb:COL:ADM2:7082276B74381710029853,41,HUILA,41319,GUADALUPE,41319002,MIRAFLORES,CP,-75.673257,2.04915,
gb:COL:ADM2:7082276B74381710029853,41,HUILA,41319,GUADALUPE,41319003,LOS CAUCHOS,CP,-75.735326,2.031027,
gb:COL:ADM2:7082276B74381710029853,41,HUILA,41319,GUADALUPE,41319004,POTRERILLOS,CP,-75.705782,2.046858,
gb:COL:ADM2:7082276B74381710029853,41,HUILA,41319,GUADALUPE,41319005,CACHIMBAL,CP,-75.750203,1.986172,
gb:COL:ADM2:7082276B74381710029853,41,HUILA,41319,GUADALUPE,41319006,SAN JOSÉ,CP,-75.678813,2.055729,
gb:COL:ADM2:7082276B74381710029853,41,HUILA,41319,GUADALUPE,41319007,SARTENEJAL,CP,-75.740386,2.00299,
gb:COL:ADM2:7082276B74568314469162,41,HUILA,41676,SANTA MARÍA,41676000,SANTA MARÍA,CM,-75.586223,2.939603,
gb:COL:ADM2:7082276B74568314469162,41,HUILA,41676,SANTA MARÍA,41676001,SAN JOAQUÍN,CP,-75.634205,2.908876,
gb:COL:ADM2:7082276B7472768394533,41,HUILA,41548,PITAL,41548000,PITAL,CM,-75.804544,2.266618,
gb:COL:ADM2:7082276B7472768394533,41,HUILA,41548,PITAL,41548001,EL SOCORRO,CP,-75.834615,2.313934,
gb:COL:ADM2:7082276B7472768394533,41,HUILA,41548,PITAL,41548002,MINAS,CP,-75.877674,2.230383,
gb:COL:ADM2:7082276B75435633270321,76,VALLE DEL CAUCA,76041,ANSERMANUEVO,76041000,ANSERMANUEVO,CM,-75.992003,4.794984,
gb:COL:ADM2:7082276B75435633270321,76,VALLE DEL CAUCA,76041,ANSERMANUEVO,76041001,ANACARO,CP,-75.970622,4.786396,
gb:COL:ADM2:7082276B75435633270321,76,VALLE DEL CAUCA,76041,ANSERMANUEVO,76041003,EL BILLAR,CP,-76.090019,4.819256,
gb:COL:ADM2:7082276B75435633270321,76,VALLE DEL CAUCA,76041,ANSERMANUEVO,76041006,EL VERGEL,CP,-75.998614,4.861248,
gb:COL:ADM2:7082276B75435633270321,76,VALLE DEL CAUCA,76041,ANSERMANUEVO,76041013,GRAMALOTE,CP,-75.988307,4.786376,
gb:COL:ADM2:7082276B75435633270321,76,VALLE DEL CAUCA,76041,ANSERMANUEVO,76041021,SALAZAR,CP,-75.998866,4.790861,
gb:COL:ADM2:7082276B75993550725955,76,VALLE DEL CAUCA,76054,ARGELIA,76054000,ARGELIA,CM,-76.119905,4.726945,
gb:COL:ADM2:7082276B75993550725955,76,VALLE DEL CAUCA,76054,ARGELIA,76054004,EL RAIZAL,CP,-76.147302,4.733854,
gb:COL:ADM2:7082276B75993550725955,76,VALLE DEL CAUCA,76054,ARGELIA,76054005,LA AURORA,CP,-76.154297,4.725512,
gb:COL:ADM2:7082276B75993550725955,76,VALLE DEL CAUCA,76054,ARGELIA,76054012,VANA CHAMI,CP,-76.1307138715,4.69185678479,
gb:COL:ADM2:7082276B76225783159695,41,HUILA,41359,ISNOS,41359000,SAN JOSÉ DE ISNOS,CM,-76.217637,1.929467,
gb:COL:ADM2:7082276B76225783159695,41,HUILA,41359,ISNOS,41359003,EL SALTO DE BORDONES,CP,-76.166068,2.004844,
gb:COL:ADM2:7082276B76225783159695,41,HUILA,41359,ISNOS,41359006,BAJO JUNÍN,CP,-76.274387,1.938274,
gb:COL:ADM2:7082276B76225783159695,41,HUILA,41359,ISNOS,41359007,BUENOS AIRES,CP,-76.181696,2.016263,
gb:COL:ADM2:7082276B76225783159695,41,HUILA,41359,ISNOS,41359008,CIÉNAGA GRANDE,CP,-76.158086,1.95922,
gb:COL:ADM2:7082276B76767712756641,23,CÓRDOBA,23570,PUEBLO NUEVO,23570000,PUEBLO NUEVO,CM,-75.508035,8.504099,
gb:COL:ADM2:7082276B76767712756641,23,CÓRDOBA,23570,PUEBLO NUEVO,23570002,SAN JOSÉ DE CINTURA,CP,-75.268963,8.433911,
gb:COL:ADM2:7082276B76767712756641,23,CÓRDOBA,23570,PUEBLO NUEVO,23570003,CORCOVAO,CP,-75.404798,8.559209,
gb:COL:ADM2:7082276B76767712756641,23,CÓRDOBA,23570,PUEBLO NUEVO,23570004,EL VARAL,CP,-75.497457,8.550675,
gb:COL:ADM2:7082276B76767712756641,23,CÓRDOBA,23570,PUEBLO NUEVO,23570005,EL POBLADO,CP,-75.401925,8.445129,
gb:COL:ADM2:7082276B76767712756641,23,CÓRDOBA,23570,PUEBLO NUEVO,23570006,LA GRANJITA,CP,-75.524145,8.452819,
gb:COL:ADM2:7082276B76767712756641,23,CÓRDOBA,23570,PUEBLO NUEVO,23570007,LOS LIMONES,CP,-75.368946,8.500537,
gb:COL:ADM2:7082276B76767712756641,23,CÓRDOBA,23570,PUEBLO NUEVO,23570008,PUERTO SANTO,CP,-75.316416,8.413792,
gb:COL:ADM2:7082276B76767712756641,23,CÓRDOBA,23570,PUEBLO NUEVO,23570009,LA MAGDALENA,CP,-75.491071,8.600711,
gb:COL:ADM2:7082276B76767712756641,23,CÓRDOBA,23570,PUEBLO NUEVO,23570011,PALMIRA,CP,-75.451211,8.549479,
gb:COL:ADM2:7082276B76767712756641,23,CÓRDOBA,23570,PUEBLO NUEVO,23570013,NEIVA,CP,-75.540575,8.550375,
gb:COL:ADM2:7082276B76767712756641,23,CÓRDOBA,23570,PUEBLO NUEVO,23570014,ARROYO DE ARENAS,CP,-75.570729,8.541283,
gb:COL:ADM2:7082276B76767712756641,23,CÓRDOBA,23570,PUEBLO NUEVO,23570016,EL CONTENTO,CP,-75.567673,8.594101,
gb:COL:ADM2:7082276B76767712756641,23,CÓRDOBA,23570,PUEBLO NUEVO,23570017,PRIMAVERA,CP,-75.32722,8.537079,
gb:COL:ADM2:7082276B76767712756641,23,CÓRDOBA,23570,PUEBLO NUEVO,23570018,BETANIA,CP,-75.377552,8.555317,
gb:COL:ADM2:7082276B76767712756641,23,CÓRDOBA,23570,PUEBLO NUEVO,23570020,EL CAMPANO,CP,-75.496576,8.589434,
gb:COL:ADM2:7082276B76767712756641,23,CÓRDOBA,23570,PUEBLO NUEVO,23570021,PUEBLO REGAO,CP,-75.634632,8.56885,
gb:COL:ADM2:7082276B76767712756641,23,CÓRDOBA,23570,PUEBLO NUEVO,23570024,NUEVA ESPERANZA,CP,-75.242076,8.361153,
gb:COL:ADM2:7082276B76767712756641,23,CÓRDOBA,23570,PUEBLO NUEVO,23570026,CAFÉ PISAO,CP,-75.302301,8.445835,
gb:COL:ADM2:7082276B76767712756641,23,CÓRDOBA,23570,PUEBLO NUEVO,23570028,LOMA DE PIEDRA,CP,-75.457108,8.419507,
gb:COL:ADM2:7082276B76767712756641,23,CÓRDOBA,23570,PUEBLO NUEVO,23570029,APARTADA DE BETULIA,CP,-75.438484,8.459547,
gb:COL:ADM2:7082276B76767712756641,23,CÓRDOBA,23570,PUEBLO NUEVO,23570030,EL CORRAL,CP,-75.33171,8.415649,
gb:COL:ADM2:7082276B76767712756641,23,CÓRDOBA,23570,PUEBLO NUEVO,23570031,EL CHIPAL,CP,-75.29741,8.316857,
gb:COL:ADM2:7082276B76767712756641,23,CÓRDOBA,23570,PUEBLO NUEVO,23570032,EL DESEO,CP,-75.289823,8.338675,
gb:COL:ADM2:7082276B76767712756641,23,CÓRDOBA,23570,PUEBLO NUEVO,23570033,EL TOCHE,CP,-75.507196,8.579879,
gb:COL:ADM2:7082276B76767712756641,23,CÓRDOBA,23570,PUEBLO NUEVO,23570034,VILLA ESPERANZA,CP,-75.370751,8.53944,
gb:COL:ADM2:7082276B76767712756641,23,CÓRDOBA,23570,PUEBLO NUEVO,23570035,VENECIA,CP,-75.529403,8.50668,
gb:COL:ADM2:7082276B76767712756641,23,CÓRDOBA,23570,PUEBLO NUEVO,23570037,APARTADA DE LOS LIMONES,CP,-75.383657,8.525339,
gb:COL:ADM2:7082276B77383139939829,23,CÓRDOBA,23670,SAN ANDRÉS DE SOTAVENTO,23670000,SAN ANDRÉS DE SOTAVENTO,CM,-75.50879,9.145448,
gb:COL:ADM2:7082276B77383139939829,23,CÓRDOBA,23670,SAN ANDRÉS DE SOTAVENTO,23670002,CALLE LARGA,CP,-75.490958,9.196674,
gb:COL:ADM2:7082276B77383139939829,23,CÓRDOBA,23670,SAN ANDRÉS DE SOTAVENTO,23670003,EL BANCO,CP,-75.572489,9.057946,
gb:COL:ADM2:7082276B77383139939829,23,CÓRDOBA,23670,SAN ANDRÉS DE SOTAVENTO,23670005,LOS CARRETOS,CP,-75.481698,9.227765,
gb:COL:ADM2:7082276B77383139939829,23,CÓRDOBA,23670,SAN ANDRÉS DE SOTAVENTO,23670009,PUEBLECITO SUR,CP,-75.512824,9.05439,
gb:COL:ADM2:7082276B77383139939829,23,CÓRDOBA,23670,SAN ANDRÉS DE SOTAVENTO,23670013,PLAZA BONITA,CP,-75.466725,9.17711,
gb:COL:ADM2:7082276B77383139939829,23,CÓRDOBA,23670,SAN ANDRÉS DE SOTAVENTO,23670014,LAS CASITAS,CP,-75.579387,9.099668,
gb:COL:ADM2:7082276B77383139939829,23,CÓRDOBA,23670,SAN ANDRÉS DE SOTAVENTO,23670015,LOS CASTILLOS,CP,-75.559478,9.13511,
gb:COL:ADM2:7082276B77383139939829,23,CÓRDOBA,23670,SAN ANDRÉS DE SOTAVENTO,23670021,EL CONTENTO,CP,-75.486728,9.212561,
gb:COL:ADM2:7082276B77383139939829,23,CÓRDOBA,23670,SAN ANDRÉS DE SOTAVENTO,23670023,JEJÉN,CP,-75.496638,9.167831,
gb:COL:ADM2:7082276B77383139939829,23,CÓRDOBA,23670,SAN ANDRÉS DE SOTAVENTO,23670025,CRUZ DE GUAYABO,CP,-75.533001,9.107118,
gb:COL:ADM2:7082276B77383139939829,23,CÓRDOBA,23670,SAN ANDRÉS DE SOTAVENTO,23670026,EL HOYAL,CP,-75.564324,9.030875,
gb:COL:ADM2:7082276B77383139939829,23,CÓRDOBA,23670,SAN ANDRÉS DE SOTAVENTO,23670028,BERLIN,CP,-75.550684,9.061981,
gb:COL:ADM2:7082276B77383139939829,23,CÓRDOBA,23670,SAN ANDRÉS DE SOTAVENTO,23670029,GARDENIA,CP,-75.505847,9.185774,
gb:COL:ADM2:7082276B77383139939829,23,CÓRDOBA,23670,SAN ANDRÉS DE SOTAVENTO,23670030,PATIO BONITO NORTE,CP,-75.511002,9.173996,
gb:COL:ADM2:7082276B77383139939829,23,CÓRDOBA,23670,SAN ANDRÉS DE SOTAVENTO,23670031,PATIO BONITO SUR,CP,-75.54242,9.088774,
gb:COL:ADM2:7082276B77383139939829,23,CÓRDOBA,23670,SAN ANDRÉS DE SOTAVENTO,23670032,SAN GREGORIO,CP,-75.560582,9.068039,
gb:COL:ADM2:7082276B77383139939829,23,CÓRDOBA,23670,SAN ANDRÉS DE SOTAVENTO,23670033,GUAYABO SUR,CP,-75.537797,9.100369,
gb:COL:ADM2:7082276B77383139939829,23,CÓRDOBA,23670,SAN ANDRÉS DE SOTAVENTO,23670034,PEINE,CP,-75.508873,9.073111,
gb:COL:ADM2:7082276B77383139939829,23,CÓRDOBA,23670,SAN ANDRÉS DE SOTAVENTO,23670035,SANTA FE,CP,-75.531532,9.068369,
gb:COL:ADM2:7082276B77383139939829,23,CÓRDOBA,23670,SAN ANDRÉS DE SOTAVENTO,23670036,ARROYO DEL MEDIO,CP,-75.524612,9.069753,
gb:COL:ADM2:7082276B77383139939829,23,CÓRDOBA,23670,SAN ANDRÉS DE SOTAVENTO,23670037,NUEVA UNIÓN,CP,-75.503235,9.203823,
gb:COL:ADM2:7082276B77383139939829,23,CÓRDOBA,23670,SAN ANDRÉS DE SOTAVENTO,23670038,EL MAMON,CP,-75.498459,9.20638,
gb:COL:ADM2:7082276B77383139939829,23,CÓRDOBA,23670,SAN ANDRÉS DE SOTAVENTO,23670039,VIDA NUEVA,CP,-75.476326,9.163694,
gb:COL:ADM2:7082276B77383139939829,23,CÓRDOBA,23670,SAN ANDRÉS DE SOTAVENTO,23670040,COMUNIDAD CALIFORNIA,CP,-75.483442,9.158941,
gb:COL:ADM2:7082276B77383139939829,23,CÓRDOBA,23670,SAN ANDRÉS DE SOTAVENTO,23670041,COSTA RICA,CP,-75.470821,9.220915,
gb:COL:ADM2:7082276B77383139939829,23,CÓRDOBA,23670,SAN ANDRÉS DE SOTAVENTO,23670042,ALTA RIVERA ROMA,CP,-75.465306,9.228223,
gb:COL:ADM2:7082276B77383139939829,23,CÓRDOBA,23670,SAN ANDRÉS DE SOTAVENTO,23670043,LOS ANDES,CP,-75.478458,9.240948,
gb:COL:ADM2:7082276B77686816472796,76,VALLE DEL CAUCA,76400,LA UNIÓN,76400000,LA UNIÓN,CM,-76.099661,4.533869,
gb:COL:ADM2:7082276B77686816472796,76,VALLE DEL CAUCA,76400,LA UNIÓN,76400005,QUEBRADA GRANDE,CP,-76.166551,4.550803,
gb:COL:ADM2:7082276B77686816472796,76,VALLE DEL CAUCA,76400,LA UNIÓN,76400006,SAN LUIS,CP,-76.086788,4.552544,
gb:COL:ADM2:7082276B77686816472796,76,VALLE DEL CAUCA,76400,LA UNIÓN,76400008,SABANAZO,CP,-76.150893,4.543959,
gb:COL:ADM2:7082276B77686816472796,76,VALLE DEL CAUCA,76400,LA UNIÓN,76400009,CAMPO ALEGRE,CP,-76.106849,4.527752,
gb:COL:ADM2:7082276B77686816472796,76,VALLE DEL CAUCA,76400,LA UNIÓN,76400010,EL GUASIMO,CP,-76.100687,4.521867,
gb:COL:ADM2:7082276B77686816472796,76,VALLE DEL CAUCA,76400,LA UNIÓN,76400011,EL LUCERO,CP,-76.104248,4.522717,
gb:COL:ADM2:7082276B77686816472796,76,VALLE DEL CAUCA,76400,LA UNIÓN,76400012,LA CAMPESINA,CP,-76.104665,4.544194,
gb:COL:ADM2:7082276B77686816472796,76,VALLE DEL CAUCA,76400,LA UNIÓN,76400013,PÁJARO DE ORO,CP,-76.117498,4.530587,
gb:COL:ADM2:7082276B78082705771395,41,HUILA,41206,COLOMBIA,41206000,COLOMBIA,CM,-74.802815,3.376745,
gb:COL:ADM2:7082276B78082705771395,41,HUILA,41206,COLOMBIA,41206002,SANTANA,CP,-74.705106,3.588123,
gb:COL:ADM2:7082276B78082705771395,41,HUILA,41206,COLOMBIA,41206005,SAN MARCOS,CP,-74.717373,3.52968,
gb:COL:ADM2:7082276B79425124325602,41,HUILA,41132,CAMPOALEGRE,41132000,CAMPOALEGRE,CM,-75.325748,2.686767,
gb:COL:ADM2:7082276B79425124325602,41,HUILA,41132,CAMPOALEGRE,41132001,LA VEGA,CP,-75.340225,2.645593,
gb:COL:ADM2:7082276B79425124325602,41,HUILA,41132,CAMPOALEGRE,41132002,OTAS,CP,-75.336328,2.604524,
gb:COL:ADM2:7082276B79425124325602,41,HUILA,41132,CAMPOALEGRE,41132003,BAJO PIRAVANTE,CP,-75.30058,2.720461,
gb:COL:ADM2:7082276B79425124325602,41,HUILA,41132,CAMPOALEGRE,41132004,RÍO NEIVA,CP,-75.349782,2.618036,
gb:COL:ADM2:7082276B79425124325602,41,HUILA,41132,CAMPOALEGRE,41132005,LA ESPERANZA,CP,-75.336353,2.678416,
gb:COL:ADM2:7082276B79425124325602,41,HUILA,41132,CAMPOALEGRE,41132006,LOS ROSALES,CP,-75.416796,2.599943,
gb:COL:ADM2:7082276B80590541322952,23,CÓRDOBA,23555,PLANETA RICA,23555000,PLANETA RICA,CM,-75.583241,8.4082,
gb:COL:ADM2:7082276B80590541322952,23,CÓRDOBA,23555,PLANETA RICA,23555001,ARENOSO,CP,-75.737418,8.218807,
gb:COL:ADM2:7082276B80590541322952,23,CÓRDOBA,23555,PLANETA RICA,23555002,CAMPO BELLO,CP,-75.670352,8.095848,
gb:COL:ADM2:7082276B80590541322952,23,CÓRDOBA,23555,PLANETA RICA,23555003,CAROLINA,CP,-75.617957,8.511074,
gb:COL:ADM2:7082276B80590541322952,23,CÓRDOBA,23555,PLANETA RICA,23555004,SANTANA (CENTRO ALEGRE),CP,-75.631763,8.17702,
gb:COL:ADM2:7082276B80590541322952,23,CÓRDOBA,23555,PLANETA RICA,23555005,EL ALMENDRO,CP,-75.645964,8.345372,
gb:COL:ADM2:7082276B80590541322952,23,CÓRDOBA,23555,PLANETA RICA,23555006,MARAÑONAL,CP,-75.612667,8.307752,
gb:COL:ADM2:7082276B80590541322952,23,CÓRDOBA,23555,PLANETA RICA,23555007,PLAZA BONITA,CP,-75.520468,8.2951,
gb:COL:ADM2:7082276B80590541322952,23,CÓRDOBA,23555,PLANETA RICA,23555008,PROVIDENCIA,CP,-75.434687,8.387186,
gb:COL:ADM2:7082276B80590541322952,23,CÓRDOBA,23555,PLANETA RICA,23555010,MEDIO RANCHO,CP,-75.625195,8.334864,
gb:COL:ADM2:7082276B80590541322952,23,CÓRDOBA,23555,PLANETA RICA,23555011,PAMPLONA,CP,-75.54673,8.373511,
gb:COL:ADM2:7082276B80590541322952,23,CÓRDOBA,23555,PLANETA RICA,23555012,EL REPARO,CP,-75.564103,8.386876,
gb:COL:ADM2:7082276B80590541322952,23,CÓRDOBA,23555,PLANETA RICA,23555013,LOS CERROS,CP,-75.65786,8.512156,
gb:COL:ADM2:7082276B80590541322952,23,CÓRDOBA,23555,PLANETA RICA,23555015,LAS PELONAS,CP,-75.529181,8.445291,
gb:COL:ADM2:7082276B80590541322952,23,CÓRDOBA,23555,PLANETA RICA,23555019,NUEVO PARAÍSO,CP,-75.630708,8.223553,
gb:COL:ADM2:7082276B80590541322952,23,CÓRDOBA,23555,PLANETA RICA,23555020,SANTA ROSA,CP,-75.628749,8.24855,
gb:COL:ADM2:7082276B80590541322952,23,CÓRDOBA,23555,PLANETA RICA,23555022,PLANETICA,CP,-75.604393,8.399379,
gb:COL:ADM2:7082276B80590541322952,23,CÓRDOBA,23555,PLANETA RICA,23555024,ARROYO ARENA,CP,-75.470074,8.342312,
gb:COL:ADM2:7082276B80590541322952,23,CÓRDOBA,23555,PLANETA RICA,23555030,EL GUAYABO,CP,-75.663392,8.299378,
gb:COL:ADM2:7082276B80590541322952,23,CÓRDOBA,23555,PLANETA RICA,23555035,LOMA DE PIEDRA,CP,-75.456535,8.418108,
gb:COL:ADM2:7082276B80590541322952,23,CÓRDOBA,23555,PLANETA RICA,23555039,MARIMBA,CP,-75.621969,8.140951,
gb:COL:ADM2:7082276B80590541322952,23,CÓRDOBA,23555,PLANETA RICA,23555044,PUNTA VERDE,CP,-75.613845,8.345924,
gb:COL:ADM2:7082276B80590541322952,23,CÓRDOBA,23555,PLANETA RICA,23555047,SANTA ANA,CP,-75.6376,8.177909,
gb:COL:ADM2:7082276B81179954496146,66,RISARALDA,66594,QUINCHÍA,66594000,QUINCHÍA,CM,-75.730431,5.340456,
gb:COL:ADM2:7082276B81179954496146,66,RISARALDA,66594,QUINCHÍA,66594001,BATERO,CP,-75.702218,5.368471,
gb:COL:ADM2:7082276B81179954496146,66,RISARALDA,66594,QUINCHÍA,66594002,IRRA,CP,-75.666815,5.270148,
gb:COL:ADM2:7082276B81179954496146,66,RISARALDA,66594,QUINCHÍA,66594006,NARANJAL,CP,-75.709042,5.323581,
gb:COL:ADM2:7082276B81179954496146,66,RISARALDA,66594,QUINCHÍA,66594007,SANTA ELENA,CP,-75.725895,5.279078,
gb:COL:ADM2:7082276B81179954496146,66,RISARALDA,66594,QUINCHÍA,66594012,MORETA,CP,-75.693755,5.360801,
gb:COL:ADM2:7082276B81179954496146,66,RISARALDA,66594,QUINCHÍA,66594014,SAN JOSÉ,CP,-75.734696,5.31721,
gb:COL:ADM2:7082276B81179954496146,66,RISARALDA,66594,QUINCHÍA,66594019,VILLA RICA,CP,-75.731071,5.280181,
gb:COL:ADM2:7082276B81203589950086,23,CÓRDOBA,23686,SAN PELAYO,23686000,SAN PELAYO,CM,-75.835615,8.958436,
gb:COL:ADM2:7082276B81203589950086,23,CÓRDOBA,23686,SAN PELAYO,23686001,BUENOS AIRES,CP,-76.050879,9.020296,
gb:COL:ADM2:7082276B81203589950086,23,CÓRDOBA,23686,SAN PELAYO,23686002,CARRILLO,CP,-75.834613,8.983298,
gb:COL:ADM2:7082276B81203589950086,23,CÓRDOBA,23686,SAN PELAYO,23686003,LA MADERA,CP,-75.863193,8.972817,
gb:COL:ADM2:7082276B81203589950086,23,CÓRDOBA,23686,SAN PELAYO,23686004,LAS GUAMAS,CP,-75.739456,9.014017,
gb:COL:ADM2:7082276B81203589950086,23,CÓRDOBA,23686,SAN PELAYO,23686005,SABANA NUEVA,CP,-75.8484,9.032395,
gb:COL:ADM2:7082276B81203589950086,23,CÓRDOBA,23686,SAN PELAYO,23686006,SAN ISIDRO,CP,-75.779738,8.97807,
gb:COL:ADM2:7082276B81203589950086,23,CÓRDOBA,23686,SAN PELAYO,23686007,VALPARAÍSO,CP,-75.87229,8.929466,
gb:COL:ADM2:7082276B81203589950086,23,CÓRDOBA,23686,SAN PELAYO,23686008,PUERTO NUEVO,CP,-75.793068,8.978399,
gb:COL:ADM2:7082276B81203589950086,23,CÓRDOBA,23686,SAN PELAYO,23686009,PELAYITO,CP,-75.82284,8.934918,
gb:COL:ADM2:7082276B81203589950086,23,CÓRDOBA,23686,SAN PELAYO,23686011,LAS LAURAS,CP,-75.760981,8.986487,
gb:COL:ADM2:7082276B81203589950086,23,CÓRDOBA,23686,SAN PELAYO,23686012,EL BONGO,CP,-75.857053,8.93586,
gb:COL:ADM2:7082276B81203589950086,23,CÓRDOBA,23686,SAN PELAYO,23686018,EL CHIQUI,CP,-75.747654,9.011247,
gb:COL:ADM2:7082276B81203589950086,23,CÓRDOBA,23686,SAN PELAYO,23686020,RETIRO,CP,-75.764035,9.001324,
gb:COL:ADM2:7082276B81203589950086,23,CÓRDOBA,23686,SAN PELAYO,23686021,EL OBLIGADO,CP,-75.846041,8.913312,
gb:COL:ADM2:7082276B81203589950086,23,CÓRDOBA,23686,SAN PELAYO,23686022,BONGAS MELLAS,CP,-75.934846,8.993796,
gb:COL:ADM2:7082276B81203589950086,23,CÓRDOBA,23686,SAN PELAYO,23686025,COROCITO,CP,-75.797907,8.953195,
gb:COL:ADM2:7082276B81203589950086,23,CÓRDOBA,23686,SAN PELAYO,23686027,EL BÁLSAMO,CP,-76.035846,9.003751,
gb:COL:ADM2:7082276B81203589950086,23,CÓRDOBA,23686,SAN PELAYO,23686029,EL COROZO,CP,-75.745676,8.993571,
gb:COL:ADM2:7082276B81203589950086,23,CÓRDOBA,23686,SAN PELAYO,23686034,MORROCOY,CP,-76.049863,8.95987,
gb:COL:ADM2:7082276B81203589950086,23,CÓRDOBA,23686,SAN PELAYO,23686036,PROVIDENCIA,CP,-75.766618,8.972947,
gb:COL:ADM2:7082276B81769369413646,41,HUILA,41791,TARQUI,41791000,TARQUI,CM,-75.823976,2.111325,
gb:COL:ADM2:7082276B81769369413646,41,HUILA,41791,TARQUI,41791001,EL VERGEL,CP,-75.904306,2.072029,
gb:COL:ADM2:7082276B81769369413646,41,HUILA,41791,TARQUI,41791002,MAITO,CP,-75.908572,2.0474,
gb:COL:ADM2:7082276B81769369413646,41,HUILA,41791,TARQUI,41791003,QUITURO,CP,-75.944302,2.074088,
gb:COL:ADM2:7082276B82326475607220,76,VALLE DEL CAUCA,76109,BUENAVENTURA,76109000,"BUENAVENTURA, DISTRITO ESPECIAL, INDUSTRIAL, PORTUARIO, BIODIVERSO Y ECOTURÍSTICO",CM,-77.01074,3.875708,
gb:COL:ADM2:7082276B82326475607220,76,VALLE DEL CAUCA,76109,BUENAVENTURA,76109001,AGUACLARA,CP,-76.948145,3.673047,
gb:COL:ADM2:7082276B82326475607220,76,VALLE DEL CAUCA,76109,BUENAVENTURA,76109002,BARCO,CP,-77.132336,3.380725,
gb:COL:ADM2:7082276B82326475607220,76,VALLE DEL CAUCA,76109,BUENAVENTURA,76109003,LA BOCANA,CP,-77.182005,3.833227,
gb:COL:ADM2:7082276B82326475607220,76,VALLE DEL CAUCA,76109,BUENAVENTURA,76109006,BAJO CALIMA,CP,-76.975193,3.998362,
gb:COL:ADM2:7082276B82326475607220,76,VALLE DEL CAUCA,76109,BUENAVENTURA,76109009,CÓRDOBA,CP,-76.927765,3.875417,
gb:COL:ADM2:7082276B82326475607220,76,VALLE DEL CAUCA,76109,BUENAVENTURA,76109012,PITAL,CP,-77.229857,3.573532,
gb:COL:ADM2:7082276B82326475607220,76,VALLE DEL CAUCA,76109,BUENAVENTURA,76109017,TRIANA,CP,-76.805953,3.857997,
gb:COL:ADM2:7082276B82326475607220,76,VALLE DEL CAUCA,76109,BUENAVENTURA,76109018,CONCEPCIÓN,CP,-77.134309,3.166362,
gb:COL:ADM2:7082276B82326475607220,76,VALLE DEL CAUCA,76109,BUENAVENTURA,76109019,LA PLATA,CP,-77.228891,4.036812,
gb:COL:ADM2:7082276B82326475607220,76,VALLE DEL CAUCA,76109,BUENAVENTURA,76109021,LADRILLEROS,CP,-77.364255,3.939476,
gb:COL:ADM2:7082276B82326475607220,76,VALLE DEL CAUCA,76109,BUENAVENTURA,76109022,LLANO BAJO,CP,-76.9567,3.699426,
gb:COL:ADM2:7082276B82326475607220,76,VALLE DEL CAUCA,76109,BUENAVENTURA,76109024,BOCAS DE MAYORQUIN,CP,-77.195896,3.604408,
gb:COL:ADM2:7082276B82326475607220,76,VALLE DEL CAUCA,76109,BUENAVENTURA,76109028,PUERTO MERIZALDE,CP,-77.418875,3.253251,
gb:COL:ADM2:7082276B82326475607220,76,VALLE DEL CAUCA,76109,BUENAVENTURA,76109030,PUNTA SOLDADO,CP,-77.170084,3.770633,
gb:COL:ADM2:7082276B82326475607220,76,VALLE DEL CAUCA,76109,BUENAVENTURA,76109031,SAN ANTONIO (YURUMANGUÍ),CP,-77.259173,3.261042,
gb:COL:ADM2:7082276B82326475607220,76,VALLE DEL CAUCA,76109,BUENAVENTURA,76109032,SAN FRANCISCO DE NAYA,CP,-77.286115,3.138829,
gb:COL:ADM2:7082276B82326475607220,76,VALLE DEL CAUCA,76109,BUENAVENTURA,76109033,SAN FRANCISCO JAVIER,CP,-77.024979,3.663519,
gb:COL:ADM2:7082276B82326475607220,76,VALLE DEL CAUCA,76109,BUENAVENTURA,76109034,SAN ISIDRO,CP,-77.063285,4.04876,
gb:COL:ADM2:7082276B82326475607220,76,VALLE DEL CAUCA,76109,BUENAVENTURA,76109036,SAN LORENZO,CP,-77.183736,3.150752,
gb:COL:ADM2:7082276B82326475607220,76,VALLE DEL CAUCA,76109,BUENAVENTURA,76109037,SAN PEDRO,CP,-77.442749,3.249546,
gb:COL:ADM2:7082276B82326475607220,76,VALLE DEL CAUCA,76109,BUENAVENTURA,76109038,SILVA,CP,-77.208256,3.479919,
gb:COL:ADM2:7082276B82326475607220,76,VALLE DEL CAUCA,76109,BUENAVENTURA,76109039,TAPARAL,CP,-77.089974,3.77411,
gb:COL:ADM2:7082276B82326475607220,76,VALLE DEL CAUCA,76109,BUENAVENTURA,76109040,VENERAL,CP,-77.329715,3.318817,
gb:COL:ADM2:7082276B82326475607220,76,VALLE DEL CAUCA,76109,BUENAVENTURA,76109041,SAN JOSÉ,CP,-77.207023,3.279549,
gb:COL:ADM2:7082276B82326475607220,76,VALLE DEL CAUCA,76109,BUENAVENTURA,76109042,SABALETAS,CP,-76.96587,3.742373,
gb:COL:ADM2:7082276B82326475607220,76,VALLE DEL CAUCA,76109,BUENAVENTURA,76109043,ZACARÍAS,CP,-77.002585,3.81786,
gb:COL:ADM2:7082276B82326475607220,76,VALLE DEL CAUCA,76109,BUENAVENTURA,76109044,CABECERA RÍO SAN JUAN,CP,-77.272317,4.225864,
gb:COL:ADM2:7082276B82326475607220,76,VALLE DEL CAUCA,76109,BUENAVENTURA,76109045,LA BARRA,CP,-77.377819,3.962234,
gb:COL:ADM2:7082276B82326475607220,76,VALLE DEL CAUCA,76109,BUENAVENTURA,76109046,JUANCHACO,CP,-77.356389,3.929799,
gb:COL:ADM2:7082276B82326475607220,76,VALLE DEL CAUCA,76109,BUENAVENTURA,76109047,PIANGUITA,CP,-77.197932,3.839801,
gb:COL:ADM2:7082276B82326475607220,76,VALLE DEL CAUCA,76109,BUENAVENTURA,76109053,CHAMUSCADO,CP,-77.423491,3.342133,
gb:COL:ADM2:7082276B82326475607220,76,VALLE DEL CAUCA,76109,BUENAVENTURA,76109058,EL BARRANCO,CP,-77.356589,3.366571,
gb:COL:ADM2:7082276B82326475607220,76,VALLE DEL CAUCA,76109,BUENAVENTURA,76109061,GUAIMIA,CP,-76.960537,3.727941,
gb:COL:ADM2:7082276B82326475607220,76,VALLE DEL CAUCA,76109,BUENAVENTURA,76109062,JUNTAS,CP,-77.110206,3.249901,
gb:COL:ADM2:7082276B82326475607220,76,VALLE DEL CAUCA,76109,BUENAVENTURA,76109064,BARTOLA,CP,-77.267343,3.134249,
gb:COL:ADM2:7082276B82326475607220,76,VALLE DEL CAUCA,76109,BUENAVENTURA,76109065,LA BREA,CP,-76.964994,3.925249,
gb:COL:ADM2:7082276B82326475607220,76,VALLE DEL CAUCA,76109,BUENAVENTURA,76109069,PAPAYAL,CP,-77.183191,3.630888,
gb:COL:ADM2:7082276B82326475607220,76,VALLE DEL CAUCA,76109,BUENAVENTURA,76109071,SAN CIPRIANO,CP,-76.89873,3.839896,
gb:COL:ADM2:7082276B82326475607220,76,VALLE DEL CAUCA,76109,BUENAVENTURA,76109074,SAN JOSÉ DE NAYA,CP,-77.412527,3.279549,
gb:COL:ADM2:7082276B82326475607220,76,VALLE DEL CAUCA,76109,BUENAVENTURA,76109076,SAN MARCOS,CP,-76.96037,3.712883,
gb:COL:ADM2:7082276B82326475607220,76,VALLE DEL CAUCA,76109,BUENAVENTURA,76109077,SANTA CRUZ,CP,-77.395721,3.3318,
gb:COL:ADM2:7082276B82326475607220,76,VALLE DEL CAUCA,76109,BUENAVENTURA,76109078,ZARAGOZA,CP,-76.855551,3.860532,
gb:COL:ADM2:7082276B82326475607220,76,VALLE DEL CAUCA,76109,BUENAVENTURA,76109079,AGUAMANSA,CP,-77.387299,3.212061,
gb:COL:ADM2:7082276B82326475607220,76,VALLE DEL CAUCA,76109,BUENAVENTURA,76109080,CASCAJITA,CP,-77.136664,3.170746,
gb:COL:ADM2:7082276B82326475607220,76,VALLE DEL CAUCA,76109,BUENAVENTURA,76109081,PUNTA BONITA,CP,-77.296672,3.562172,
gb:COL:ADM2:7082276B82326475607220,76,VALLE DEL CAUCA,76109,BUENAVENTURA,76109082,HORIZONTE,CP,-77.148476,3.714495,
gb:COL:ADM2:7082276B82326475607220,76,VALLE DEL CAUCA,76109,BUENAVENTURA,76109083,BENDICIONES,CP,-76.817709,3.866916,
gb:COL:ADM2:7082276B82326475607220,76,VALLE DEL CAUCA,76109,BUENAVENTURA,76109084,EL CACAO,CP,-77.153616,3.641643,
gb:COL:ADM2:7082276B82326475607220,76,VALLE DEL CAUCA,76109,BUENAVENTURA,76109085,CALLE LARGA - AEROPUERTO,CP,-76.984015,3.821397,
gb:COL:ADM2:7082276B82326475607220,76,VALLE DEL CAUCA,76109,BUENAVENTURA,76109086,CAMINO VIEJO - KM 40,CP,-76.828781,3.865343,
gb:COL:ADM2:7082276B82326475607220,76,VALLE DEL CAUCA,76109,BUENAVENTURA,76109087,CAMPO HERMOSO,CP,-77.032706,3.819274,
gb:COL:ADM2:7082276B82326475607220,76,VALLE DEL CAUCA,76109,BUENAVENTURA,76109088,EL CRUCERO,CP,-76.97951,3.936147,
gb:COL:ADM2:7082276B82326475607220,76,VALLE DEL CAUCA,76109,BUENAVENTURA,76109089,EL ENCANTO,CP,-77.326607,3.449538,
gb:COL:ADM2:7082276B82326475607220,76,VALLE DEL CAUCA,76109,BUENAVENTURA,76109090,EL LLANO,CP,-77.006234,3.731817,
gb:COL:ADM2:7082276B82326475607220,76,VALLE DEL CAUCA,76109,BUENAVENTURA,76109091,EL SALTO,CP,-76.793381,3.838518,
gb:COL:ADM2:7082276B82326475607220,76,VALLE DEL CAUCA,76109,BUENAVENTURA,76109092,GUADUALITO,CP,-77.081531,3.693513,
gb:COL:ADM2:7082276B82326475607220,76,VALLE DEL CAUCA,76109,BUENAVENTURA,76109093,JOAQUINCITO RESGUARDO INDÍGENA,CP,-77.406156,3.298513,
gb:COL:ADM2:7082276B82326475607220,76,VALLE DEL CAUCA,76109,BUENAVENTURA,76109095,LA BALASTRERA,CP,-76.995166,3.816727,
gb:COL:ADM2:7082276B82326475607220,76,VALLE DEL CAUCA,76109,BUENAVENTURA,76109096,LA COMBA,CP,-77.160874,3.644014,
gb:COL:ADM2:7082276B82326475607220,76,VALLE DEL CAUCA,76109,BUENAVENTURA,76109097,LA CONTRA,CP,-77.146588,3.775286,
gb:COL:ADM2:7082276B82326475607220,76,VALLE DEL CAUCA,76109,BUENAVENTURA,76109098,LA FRAGUA,CP,-77.228575,3.492727,
gb:COL:ADM2:7082276B82326475607220,76,VALLE DEL CAUCA,76109,BUENAVENTURA,76109099,PRIMAVERA,CP,-77.402921,3.216627,
gb:COL:ADM2:7082276B82326475607220,76,VALLE DEL CAUCA,76109,BUENAVENTURA,76109100,LA VUELTA,CP,-77.452448,3.242794,
gb:COL:ADM2:7082276B82326475607220,76,VALLE DEL CAUCA,76109,BUENAVENTURA,76109102,EL LIMONES,CP,-76.964707,3.735222,
gb:COL:ADM2:7082276B82326475607220,76,VALLE DEL CAUCA,76109,BUENAVENTURA,76109104,PAPAYAL 2,CP,-77.180264,3.633456,
gb:COL:ADM2:7082276B82326475607220,76,VALLE DEL CAUCA,76109,BUENAVENTURA,76109106,SAGRADA FAMILIA,CP,-77.365768,3.154227,
gb:COL:ADM2:7082276B82326475607220,76,VALLE DEL CAUCA,76109,BUENAVENTURA,76109107,SAN ANTONIO,CP,-77.295137,3.160051,
gb:COL:ADM2:7082276B82326475607220,76,VALLE DEL CAUCA,76109,BUENAVENTURA,76109108,SAN ANTOÑITO (YURUMANGUÍ),CP,-77.155286,3.263862,
gb:COL:ADM2:7082276B82326475607220,76,VALLE DEL CAUCA,76109,BUENAVENTURA,76109109,SAN ISIDRO (CAJAMBRE),CP,-77.16991,3.434393,
gb:COL:ADM2:7082276B82326475607220,76,VALLE DEL CAUCA,76109,BUENAVENTURA,76109110,SANTA MARÍA,CP,-77.36005,3.146204,
gb:COL:ADM2:7082276B82326475607220,76,VALLE DEL CAUCA,76109,BUENAVENTURA,76109111,SECADERO,CP,-77.164455,3.644345,
gb:COL:ADM2:7082276B82326475607220,76,VALLE DEL CAUCA,76109,BUENAVENTURA,76109112,UMANE,CP,-77.166718,3.743366,
gb:COL:ADM2:7082276B82326475607220,76,VALLE DEL CAUCA,76109,BUENAVENTURA,76109113,VILLA ESTELA,CP,-76.956872,3.896934,
gb:COL:ADM2:7082276B82326475607220,76,VALLE DEL CAUCA,76109,BUENAVENTURA,76109115,ALTO ZARAGOZA,CP,-76.855831,3.870079,
gb:COL:ADM2:7082276B82326475607220,76,VALLE DEL CAUCA,76109,BUENAVENTURA,76109116,BARRIO BUENOS AIRES,CP,-77.003516,3.831538,
gb:COL:ADM2:7082276B82326475607220,76,VALLE DEL CAUCA,76109,BUENAVENTURA,76109118,BRISAS,CP,-76.99353,3.957281,
gb:COL:ADM2:7082276B82326475607220,76,VALLE DEL CAUCA,76109,BUENAVENTURA,76109121,EL PALITO,CP,-76.839661,3.862581,
gb:COL:ADM2:7082276B82326475607220,76,VALLE DEL CAUCA,76109,BUENAVENTURA,76109122,JUAQUINCITO,CP,-77.404342,3.289669,
gb:COL:ADM2:7082276B82326475607220,76,VALLE DEL CAUCA,76109,BUENAVENTURA,76109123,LA BOCANA (VISTA HERMOSA),CP,-77.191567,3.83735,
gb:COL:ADM2:7082276B82326475607220,76,VALLE DEL CAUCA,76109,BUENAVENTURA,76109124,LA CAUCANA,CP,-76.9612,3.884593,
gb:COL:ADM2:7082276B82326475607220,76,VALLE DEL CAUCA,76109,BUENAVENTURA,76109125,LA LAGUNA,CP,-76.83411,3.861204,
gb:COL:ADM2:7082276B82326475607220,76,VALLE DEL CAUCA,76109,BUENAVENTURA,76109127,SAN ANTONIO 1,CP,-77.004834,3.847254,
gb:COL:ADM2:7082276B82326475607220,76,VALLE DEL CAUCA,76109,BUENAVENTURA,76109128,SAN ANTONIO 2,CP,-77.005276,3.842735,
gb:COL:ADM2:7082276B82326475607220,76,VALLE DEL CAUCA,76109,BUENAVENTURA,76109129,ZARAGOZA ALTO 1,CP,-76.8579,3.873969,
gb:COL:ADM2:7082276B82326475607220,76,VALLE DEL CAUCA,76109,BUENAVENTURA,76109130,ZARAGOZA PUENTE SAN MARTÍN 1,CP,-76.850839,3.856595,
gb:COL:ADM2:7082276B82326475607220,76,VALLE DEL CAUCA,76109,BUENAVENTURA,76109131,ZARAGOZA PUENTE SAN MARTÍN 2,CP,-76.852285,3.85798,
gb:COL:ADM2:7082276B82326475607220,76,VALLE DEL CAUCA,76109,BUENAVENTURA,76109132,NASA KIWE,CP,-76.7842902476,3.82015397296,
gb:COL:ADM2:7082276B82326475607220,76,VALLE DEL CAUCA,76109,BUENAVENTURA,76109133,LA PLAYA,CP,-76.928802525,3.13807512159,
gb:COL:ADM2:7082276B82675854286902,23,CÓRDOBA,23090,CANALETE,23090000,CANALETE,CM,-76.241476,8.786939,
gb:COL:ADM2:7082276B82675854286902,23,CÓRDOBA,23090,CANALETE,23090001,EL LIMÓN,CP,-76.260257,8.690877,
gb:COL:ADM2:7082276B82675854286902,23,CÓRDOBA,23090,CANALETE,23090002,POPAYÁN,CP,-76.209333,8.669747,
gb:COL:ADM2:7082276B82675854286902,23,CÓRDOBA,23090,CANALETE,23090007,CADILLO,CP,-76.30584,8.684669,
gb:COL:ADM2:7082276B82675854286902,23,CÓRDOBA,23090,CANALETE,23090013,EL GUINEO,CP,-76.182768,8.758094,
gb:COL:ADM2:7082276B82675854286902,23,CÓRDOBA,23090,CANALETE,23090020,TIERRADENTRO,CP,-76.273247,8.71329,
gb:COL:ADM2:7082276B82675854286902,23,CÓRDOBA,23090,CANALETE,23090021,QUEBRADA DE URANGO,CP,-76.153886,8.79361,
gb:COL:ADM2:7082276B82675854286902,23,CÓRDOBA,23090,CANALETE,23090022,BUENOS AIRES - LAS PAVAS,CP,-76.128214,8.749046,
gb:COL:ADM2:7082276B82675854286902,23,CÓRDOBA,23090,CANALETE,23090023,EL TOMATE,CP,-76.160434,8.722604,
gb:COL:ADM2:7082276B82824229693572,41,HUILA,41615,RIVERA,41615000,RIVERA,CM,-75.258753,2.777586,
gb:COL:ADM2:7082276B82824229693572,41,HUILA,41615,RIVERA,41615001,LA ULLOA,CP,-75.229228,2.811333,
gb:COL:ADM2:7082276B82824229693572,41,HUILA,41615,RIVERA,41615002,RIVERITA,CP,-75.287809,2.75997,
gb:COL:ADM2:7082276B82824229693572,41,HUILA,41615,RIVERA,41615006,RÍO FRÍO,CP,-75.29612,2.821074,
gb:COL:ADM2:7082276B82824229693572,41,HUILA,41615,RIVERA,41615007,EL GUADUAL,CP,-75.238547,2.793632,
gb:COL:ADM2:7082276B83235998403741,66,RISARALDA,66682,SANTA ROSA DE CABAL,66682000,SANTA ROSA DE CABAL,CM,-75.623268,4.876271,
gb:COL:ADM2:7082276B83235998403741,66,RISARALDA,66682,SANTA ROSA DE CABAL,66682003,EL ESPAÑOL,CP,-75.697836,4.931709,
gb:COL:ADM2:7082276B83235998403741,66,RISARALDA,66682,SANTA ROSA DE CABAL,66682006,GUACAS,CP,-75.612065,4.895392,
gb:COL:ADM2:7082276B83235998403741,66,RISARALDA,66682,SANTA ROSA DE CABAL,66682008,LA CAPILLA,CP,-75.643043,4.957063,
gb:COL:ADM2:7082276B83235998403741,66,RISARALDA,66682,SANTA ROSA DE CABAL,66682009,LA ESTRELLA,CP,-75.673091,4.928753,
gb:COL:ADM2:7082276B83235998403741,66,RISARALDA,66682,SANTA ROSA DE CABAL,66682010,LAS MANGAS,CP,-75.641697,4.788381,
gb:COL:ADM2:7082276B83235998403741,66,RISARALDA,66682,SANTA ROSA DE CABAL,66682012,SANTA BÁRBARA,CP,-75.590374,4.91454,
gb:COL:ADM2:7082276B83235998403741,66,RISARALDA,66682,SANTA ROSA DE CABAL,66682016,GUAIMARAL,CP,-75.664684,4.903747,
gb:COL:ADM2:7082276B83235998403741,66,RISARALDA,66682,SANTA ROSA DE CABAL,66682017,EL LEMBO,CP,-75.631392,4.920394,
gb:COL:ADM2:7082276B83235998403741,66,RISARALDA,66682,SANTA ROSA DE CABAL,66682019,BAJO SAMARIA,CP,-75.614619,4.846434,
gb:COL:ADM2:7082276B83235998403741,66,RISARALDA,66682,SANTA ROSA DE CABAL,66682020,LA FLORIDA,CP,-75.686275,4.9135,
gb:COL:ADM2:7082276B83235998403741,66,RISARALDA,66682,SANTA ROSA DE CABAL,66682022,EL JAZMÍN,CP,-75.626597,4.915347,
gb:COL:ADM2:7082276B83235998403741,66,RISARALDA,66682,SANTA ROSA DE CABAL,66682024,LA LEONA,CP,-75.589382,4.85991,
gb:COL:ADM2:7082276B83235998403741,66,RISARALDA,66682,SANTA ROSA DE CABAL,66682025,SAN JUANITO,CP,-75.647092,4.946625,
gb:COL:ADM2:7082276B83850714200687,19,CAUCA,19693,SAN SEBASTIÁN,19693000,SAN SEBASTIÁN,CM,-76.769467,1.838451,
gb:COL:ADM2:7082276B83850714200687,19,CAUCA,19693,SAN SEBASTIÁN,19693001,EL ROSAL,CP,-76.827311,1.784661,
gb:COL:ADM2:7082276B83850714200687,19,CAUCA,19693,SAN SEBASTIÁN,19693002,MARMATO,CP,-76.743586,1.894633,
gb:COL:ADM2:7082276B83850714200687,19,CAUCA,19693,SAN SEBASTIÁN,19693004,SANTIAGO,CP,-76.783735,1.814489,
gb:COL:ADM2:7082276B83850714200687,19,CAUCA,19693,SAN SEBASTIÁN,19693005,VALENCIA,CP,-76.671276,1.899313,
gb:COL:ADM2:7082276B83850714200687,19,CAUCA,19693,SAN SEBASTIÁN,19693006,VENECIA,CP,-76.747316,1.867783,
gb:COL:ADM2:7082276B83850714200687,19,CAUCA,19693,SAN SEBASTIÁN,19693007,SANTANDER,CP,-76.751534,1.880907,
gb:COL:ADM2:7082276B83850714200687,19,CAUCA,19693,SAN SEBASTIÁN,19693008,FLORIDA,CP,-76.742098,1.930321,
gb:COL:ADM2:7082276B84035448775523,19,CAUCA,19364,JAMBALÓ,19364000,JAMBALÓ,CM,-76.323877,2.777834,
gb:COL:ADM2:7082276B84035448775523,19,CAUCA,19364,JAMBALÓ,19364007,CARRIZAL,CP,-76.3402441751,2.924264106,
gb:COL:ADM2:7082276B84035448775523,19,CAUCA,19364,JAMBALÓ,19364008,VOLADERO,CP,-76.3320766653,2.92782136058,
gb:COL:ADM2:7082276B84035448775523,19,CAUCA,19364,JAMBALÓ,19364009,VITOYO,CP,-76.3171097668,2.95763504885,
gb:COL:ADM2:7082276B84035448775523,19,CAUCA,19364,JAMBALÓ,19364010,LA ESPERANZA,CP,-76.3124920447,2.96881537093,
gb:COL:ADM2:7082276B84090204325710,23,CÓRDOBA,23350,LA APARTADA,23350000,LA APARTADA,CM,-75.336031,8.050125,
gb:COL:ADM2:7082276B84090204325710,23,CÓRDOBA,23350,LA APARTADA,23350003,LA BALSA,CP,-75.384341,8.025202,
gb:COL:ADM2:7082276B84090204325710,23,CÓRDOBA,23350,LA APARTADA,23350007,SITIO NUEVO,CP,-75.295399,8.111504,
gb:COL:ADM2:7082276B84090204325710,23,CÓRDOBA,23350,LA APARTADA,23350015,CAMPO ALEGRE,CP,-75.245919,8.008057,
gb:COL:ADM2:7082276B84090204325710,23,CÓRDOBA,23350,LA APARTADA,23350017,PUERTO CÓRDOBA,CP,-75.355401,8.066026,
gb:COL:ADM2:7082276B84273930819596,23,CÓRDOBA,23500,MOÑITOS,23500000,MOÑITOS,CM,-76.1291,9.245223,
gb:COL:ADM2:7082276B84273930819596,23,CÓRDOBA,23500,MOÑITOS,23500001,RÍO CEDRO,CP,-76.176503,9.152156,
gb:COL:ADM2:7082276B84273930819596,23,CÓRDOBA,23500,MOÑITOS,23500002,SANTANDER DE LA CRUZ,CP,-76.174195,9.189251,
gb:COL:ADM2:7082276B84273930819596,23,CÓRDOBA,23500,MOÑITOS,23500003,LA UNIÓN,CP,-76.120489,9.160364,
gb:COL:ADM2:7082276B84273930819596,23,CÓRDOBA,23500,MOÑITOS,23500004,BAJO DEL LIMÓN,CP,-76.132004,9.191851,
gb:COL:ADM2:7082276B84273930819596,23,CÓRDOBA,23500,MOÑITOS,23500005,BELLA COHITA,CP,-76.082422,9.249038,
gb:COL:ADM2:7082276B84273930819596,23,CÓRDOBA,23500,MOÑITOS,23500006,BROQUELES,CP,-76.166448,9.216464,
gb:COL:ADM2:7082276B84273930819596,23,CÓRDOBA,23500,MOÑITOS,23500010,LA RADA,CP,-76.108176,9.295217,
gb:COL:ADM2:7082276B84273930819596,23,CÓRDOBA,23500,MOÑITOS,23500011,LAS MUJERES,CP,-76.137077,9.100121,
gb:COL:ADM2:7082276B84273930819596,23,CÓRDOBA,23500,MOÑITOS,23500016,NARANJAL,CP,-76.102988,9.19335,
gb:COL:ADM2:7082276B84273930819596,23,CÓRDOBA,23500,MOÑITOS,23500023,PERPETUO SOCORRO,CP,-76.070262,9.183859,
gb:COL:ADM2:7082276B84273930819596,23,CÓRDOBA,23500,MOÑITOS,23500024,PUEBLITO,CP,-76.107883,9.256455,
gb:COL:ADM2:7082276B84273930819596,23,CÓRDOBA,23500,MOÑITOS,23500029,SAN ANTERITO,CP,-76.102914,9.15717,
gb:COL:ADM2:7082276B84511387855625,41,HUILA,41298,GARZÓN,41298000,GARZÓN,CM,-75.627057,2.196493,
gb:COL:ADM2:7082276B84511387855625,41,HUILA,41298,GARZÓN,41298001,EL RECREO,CP,-75.577729,2.102191,
gb:COL:ADM2:7082276B84511387855625,41,HUILA,41298,GARZÓN,41298002,LA JAGUA,CP,-75.678351,2.167806,
gb:COL:ADM2:7082276B84511387855625,41,HUILA,41298,GARZÓN,41298003,SAN ANTONIO DEL PESCADO,CP,-75.683007,2.072206,
gb:COL:ADM2:7082276B84511387855625,41,HUILA,41298,GARZÓN,41298004,ZULUAGA,CP,-75.526584,2.251491,
gb:COL:ADM2:7082276B84511387855625,41,HUILA,41298,GARZÓN,41298005,EL PARAÍSO,CP,-75.606286,2.120338,
gb:COL:ADM2:7082276B84511387855625,41,HUILA,41298,GARZÓN,41298007,PROVIDENCIA,CP,-75.57877,2.159769,
gb:COL:ADM2:7082276B84511387855625,41,HUILA,41298,GARZÓN,41298008,EL MESÓN,CP,-75.567192,2.169813,
gb:COL:ADM2:7082276B84511387855625,41,HUILA,41298,GARZÓN,41298012,PLAZUELA,CP,-75.614969,2.245726,
gb:COL:ADM2:7082276B84511387855625,41,HUILA,41298,GARZÓN,41298013,CAGUANCITO,CP,-75.627891,2.105698,
gb:COL:ADM2:7082276B84511387855625,41,HUILA,41298,GARZÓN,41298014,EL DESCANSO,CP,-75.61789,2.061935,
gb:COL:ADM2:7082276B84511387855625,41,HUILA,41298,GARZÓN,41298015,MAJO,CP,-75.615629,2.240934,
gb:COL:ADM2:7082276B84511387855625,41,HUILA,41298,GARZÓN,41298016,SAN GERARDO,CP,-75.53395,2.225917,
gb:COL:ADM2:7082276B84511387855625,41,HUILA,41298,GARZÓN,41298017,SANTA MARTA,CP,-75.541568,2.195791,
gb:COL:ADM2:7082276B84511387855625,41,HUILA,41298,GARZÓN,41298019,JAGUALITO,CP,-75.622418,2.252246,
gb:COL:ADM2:7082276B84511387855625,41,HUILA,41298,GARZÓN,41298020,LA CABAÑA,CP,-75.579059,2.177041,
gb:COL:ADM2:7082276B84511387855625,41,HUILA,41298,GARZÓN,41298021,SAN LUIS,CP,-75.6417,2.060892,
gb:COL:ADM2:7082276B85477944676343,86,PUTUMAYO,86571,PUERTO GUZMÁN,86571000,PUERTO GUZMÁN,CM,-76.407663,0.962854,
gb:COL:ADM2:7082276B85477944676343,86,PUTUMAYO,86571,PUERTO GUZMÁN,86571001,EL CEDRO,CP,-76.221894,0.978568,
gb:COL:ADM2:7082276B85477944676343,86,PUTUMAYO,86571,PUERTO GUZMÁN,86571002,SANTA LUCÍA,CP,-76.439729,0.96201,
gb:COL:ADM2:7082276B85477944676343,86,PUTUMAYO,86571,PUERTO GUZMÁN,86571003,JOSÉ MARÍA,CP,-75.891392,0.929923,
gb:COL:ADM2:7082276B85477944676343,86,PUTUMAYO,86571,PUERTO GUZMÁN,86571004,MAYOYOGUE,CP,-75.424015,0.734468,
gb:COL:ADM2:7082276B85477944676343,86,PUTUMAYO,86571,PUERTO GUZMÁN,86571005,EL GALLINAZO,CP,-75.661151,0.857972,
gb:COL:ADM2:7082276B85477944676343,86,PUTUMAYO,86571,PUERTO GUZMÁN,86571006,SAN ROQUE,CP,-75.986343,1.037831,
gb:COL:ADM2:7082276B85477944676343,86,PUTUMAYO,86571,PUERTO GUZMÁN,86571007,EL JUANO,CP,-76.466293,0.987837,
gb:COL:ADM2:7082276B85477944676343,86,PUTUMAYO,86571,PUERTO GUZMÁN,86571008,PUERTO ROSARIO,CP,-76.266658,0.966299,
gb:COL:ADM2:7082276B85477944676343,86,PUTUMAYO,86571,PUERTO GUZMÁN,86571009,GALILEA,CP,-76.148456,0.924129,
gb:COL:ADM2:7082276B85477944676343,86,PUTUMAYO,86571,PUERTO GUZMÁN,86571010,EL RECREO,CP,-75.995241,0.979199,
gb:COL:ADM2:7082276B85477944676343,86,PUTUMAYO,86571,PUERTO GUZMÁN,86571011,EL BOMBÓN,CP,-76.333304,0.941629,
gb:COL:ADM2:7082276B85477944676343,86,PUTUMAYO,86571,PUERTO GUZMÁN,86571012,EL MUELLE,CP,-76.465712,0.99492,
gb:COL:ADM2:7082276B85477944676343,86,PUTUMAYO,86571,PUERTO GUZMÁN,86571013,LA PATRIA,CP,-76.489343,1.003859,
gb:COL:ADM2:7082276B85477944676343,86,PUTUMAYO,86571,PUERTO GUZMÁN,86571014,LOS GUADUALES,CP,-75.976174,0.974168,
gb:COL:ADM2:7082276B85477944676343,86,PUTUMAYO,86571,PUERTO GUZMÁN,86571015,LA CIUDADELA,CP,-76.416355,0.950437,
gb:COL:ADM2:7082276B86132048215988,63,QUINDÍO,63190,CIRCASIA,63190000,CIRCASIA,CM,-75.636533,4.617759,
gb:COL:ADM2:7082276B86132048215988,63,QUINDÍO,63190,CIRCASIA,63190001,LA POLA,CP,-75.683433,4.571437,
gb:COL:ADM2:7082276B86132048215988,63,QUINDÍO,63190,CIRCASIA,63190002,LA SIRIA,CP,-75.705789,4.587715,
gb:COL:ADM2:7082276B86132048215988,63,QUINDÍO,63190,CIRCASIA,63190003,PIAMONTE,CP,-75.698724,4.561981,
gb:COL:ADM2:7082276B86132048215988,63,QUINDÍO,63190,CIRCASIA,63190004,SANTA RITA,CP,-75.718087,4.555057,
gb:COL:ADM2:7082276B86132048215988,63,QUINDÍO,63190,CIRCASIA,63190006,VILLARAZO - SAN LUIS,CP,-75.702267,4.567818,
gb:COL:ADM2:7082276B86132048215988,63,QUINDÍO,63190,CIRCASIA,63190007,LA JULIA,CP,-75.706352,4.57466,
gb:COL:ADM2:7082276B86132048215988,63,QUINDÍO,63190,CIRCASIA,63190008,LA FRONTERA,CP,-75.732891,4.579172,
gb:COL:ADM2:7082276B86132048215988,63,QUINDÍO,63190,CIRCASIA,63190009,EL TRIUNFO,CP,-75.664707,4.615375,
gb:COL:ADM2:7082276B86132048215988,63,QUINDÍO,63190,CIRCASIA,63190010,EL PLANAZO,CP,-75.674845,4.559084,
gb:COL:ADM2:7082276B86132048215988,63,QUINDÍO,63190,CIRCASIA,63190011,LA 18 GUAYABAL,CP,-75.659745,4.590161,
gb:COL:ADM2:7082276B86132048215988,63,QUINDÍO,63190,CIRCASIA,63190012,URBANIZACIÓN EL CANEY,CP,-75.661352,4.601328,
gb:COL:ADM2:7082276B86132048215988,63,QUINDÍO,63190,CIRCASIA,63190013,CONDOMINIO BOSQUES DE TOSCANA,CP,-75.645694,4.597167,
gb:COL:ADM2:7082276B86132048215988,63,QUINDÍO,63190,CIRCASIA,63190014,CONDOMINIO LA ALDEA,CP,-75.6196,4.6327,
gb:COL:ADM2:7082276B86132048215988,63,QUINDÍO,63190,CIRCASIA,63190016,CONDOMINIO LOS ABEDULES Y YARUMOS I,CP,-75.619686,4.62954,
gb:COL:ADM2:7082276B86132048215988,63,QUINDÍO,63190,CIRCASIA,63190017,CONDOMINIO LOS ROBLES,CP,-75.624081,4.632859,
gb:COL:ADM2:7082276B86132048215988,63,QUINDÍO,63190,CIRCASIA,63190018,CONDOMINIO LOS ROSALES,CP,-75.645706,4.583695,
gb:COL:ADM2:7082276B86132048215988,63,QUINDÍO,63190,CIRCASIA,63190020,CONDOMINIO QUINTAS DEL BOSQUE,CP,-75.641376,4.598275,
gb:COL:ADM2:7082276B86132048215988,63,QUINDÍO,63190,CIRCASIA,63190022,VILLA LIGIA,CP,-75.623432,4.627047,
gb:COL:ADM2:7082276B86132048215988,63,QUINDÍO,63190,CIRCASIA,63190024,LA CABAÑA,CP,-75.721807,4.58365,
gb:COL:ADM2:7082276B86132048215988,63,QUINDÍO,63190,CIRCASIA,63190028,CONDOMINIO MONTERREY,CP,-75.648647,4.584329,
gb:COL:ADM2:7082276B86132048215988,63,QUINDÍO,63190,CIRCASIA,63190030,CONDOMINIO ANGELES DEL BOSQUE,CP,-75.616854,4.634799,
gb:COL:ADM2:7082276B86132048215988,63,QUINDÍO,63190,CIRCASIA,63190031,CONDOMINIO CEDRO NEGRO,CP,-75.643299,4.61031,
gb:COL:ADM2:7082276B86132048215988,63,QUINDÍO,63190,CIRCASIA,63190032,CONDOMINIO RESERVAS DEL BOSQUE,CP,-75.643613,4.589886,
gb:COL:ADM2:7082276B86132048215988,63,QUINDÍO,63190,CIRCASIA,63190033,EL CONGAL,CP,-75.650399,4.591644,
gb:COL:ADM2:7082276B86132048215988,63,QUINDÍO,63190,CIRCASIA,63190034,LA CRISTALINA,CP,-75.661244,4.58182,
gb:COL:ADM2:7082276B86132048215988,63,QUINDÍO,63190,CIRCASIA,63190035,HACIENDA HORIZONTES,CP,-75.64172,4.602771,
gb:COL:ADM2:7082276B86132048215988,63,QUINDÍO,63190,CIRCASIA,63190036,SAMARKANDA CAMPESTRE,CP,-75.642809,4.591589,
gb:COL:ADM2:7082276B86170920101397,19,CAUCA,19760,SOTARÁ PAISPAMBA,19760000,PAISPAMBA,CM,-76.613365,2.253156,
gb:COL:ADM2:7082276B86170920101397,19,CAUCA,19760,SOTARÁ,19760001,CHAPA,CP,-76.6326,2.192834,
gb:COL:ADM2:7082276B86170920101397,19,CAUCA,19760,SOTARÁ,19760007,RÍO BLANCO,CP,-76.669554,2.087232,
gb:COL:ADM2:7082276B86170920101397,19,CAUCA,19760,SOTARÁ,19760009,ASENTAMIENTO INDIGENA SACHACOCO,CP,-76.647195,2.36234,
gb:COL:ADM2:7082276B86170920101397,19,CAUCA,19760,SOTARÁ,19760012,LAS VEGAS,CP,-76.619792,2.178967,
gb:COL:ADM2:7082276B86170920101397,19,CAUCA,19760,SOTARÁ,19760013,LA CATANA,CP,-76.602342,2.285678,
gb:COL:ADM2:7082276B86237155674580,76,VALLE DEL CAUCA,76306,GINEBRA,76306000,GINEBRA,CM,-76.268068,3.724181,
gb:COL:ADM2:7082276B86237155674580,76,VALLE DEL CAUCA,76306,GINEBRA,76306001,COSTA RICA,CP,-76.234108,3.751778,
gb:COL:ADM2:7082276B86237155674580,76,VALLE DEL CAUCA,76306,GINEBRA,76306002,LA FLORESTA,CP,-76.241926,3.727892,
gb:COL:ADM2:7082276B86237155674580,76,VALLE DEL CAUCA,76306,GINEBRA,76306005,SABALETAS,CP,-76.320338,3.712253,
gb:COL:ADM2:7082276B86237155674580,76,VALLE DEL CAUCA,76306,GINEBRA,76306008,VILLA VANEGAS,CP,-76.253906,3.719879,
gb:COL:ADM2:7082276B86437588749871,19,CAUCA,19001,POPAYÁN,19001000,POPAYÁN,CM,-76.599377,2.459641,
gb:COL:ADM2:7082276B86437588749871,19,CAUCA,19001,POPAYÁN,19001001,CAJETE,CP,-76.67068,2.477784,
gb:COL:ADM2:7082276B86437588749871,19,CAUCA,19001,POPAYÁN,19001002,CALIBÍO,CP,-76.56646,2.533111,
gb:COL:ADM2:7082276B86437588749871,19,CAUCA,19001,POPAYÁN,19001007,JULUMITO,CP,-76.645762,2.476938,
gb:COL:ADM2:7082276B86437588749871,19,CAUCA,19001,POPAYÁN,19001008,LA REJOYA,CP,-76.603349,2.528008,
gb:COL:ADM2:7082276B86437588749871,19,CAUCA,19001,POPAYÁN,19001013,PUEBLILLO,CP,-76.58272,2.446449,
gb:COL:ADM2:7082276B86437588749871,19,CAUCA,19001,POPAYÁN,19001014,PUELENJE,CP,-76.625414,2.43466,
gb:COL:ADM2:7082276B86437588749871,19,CAUCA,19001,POPAYÁN,19001019,SANTA ROSA,CP,-76.643239,2.514407,
gb:COL:ADM2:7082276B86437588749871,19,CAUCA,19001,POPAYÁN,19001025,POBLAZÓN,CP,-76.548446,2.395608,
gb:COL:ADM2:7082276B86437588749871,19,CAUCA,19001,POPAYÁN,19001026,SAMUEL SILVERIO,CP,-76.622154,2.429159,
gb:COL:ADM2:7082276B86437588749871,19,CAUCA,19001,POPAYÁN,19001027,CRUCERO DE PUELENJE,CP,-76.625746,2.428155,
gb:COL:ADM2:7082276B86437588749871,19,CAUCA,19001,POPAYÁN,19001028,EL SALVADOR,CP,-76.621395,2.424814,
gb:COL:ADM2:7082276B86437588749871,19,CAUCA,19001,POPAYÁN,19001029,EL TÚNEL,CP,-76.619542,2.425168,
gb:COL:ADM2:7082276B86437588749871,19,CAUCA,19001,POPAYÁN,19001030,JULUMITO ALTO,CP,-76.650316,2.48642,
gb:COL:ADM2:7082276B86437588749871,19,CAUCA,19001,POPAYÁN,19001031,LA CABUYERA,CP,-76.551932,2.525909,
gb:COL:ADM2:7082276B86437588749871,19,CAUCA,19001,POPAYÁN,19001032,LA PLAYA,CP,-76.638744,2.438324,
gb:COL:ADM2:7082276B86437588749871,19,CAUCA,19001,POPAYÁN,19001033,LAME,CP,-76.548073,2.473128,
gb:COL:ADM2:7082276B86437588749871,19,CAUCA,19001,POPAYÁN,19001034,RÍO BLANCO,CP,-76.552993,2.505069,
gb:COL:ADM2:7082276B86437588749871,19,CAUCA,19001,POPAYÁN,19001035,VEREDA DE TORRES,CP,-76.636306,2.444991,
gb:COL:ADM2:7082276B86437588749871,19,CAUCA,19001,POPAYÁN,19001037,LA ESPERANZA (JARDÍNES DE PAZ),CP,-76.575237,2.50268,
gb:COL:ADM2:7082276B86437588749871,19,CAUCA,19001,POPAYÁN,19001038,LA FORTALEZA,CP,-76.540924,2.513476,
gb:COL:ADM2:7082276B86437588749871,19,CAUCA,19001,POPAYÁN,19001039,PARCELACIÓN ATARDECERES DE LA PRADERA,CP,-76.582918,2.509841,
gb:COL:ADM2:7082276B86437588749871,19,CAUCA,19001,POPAYÁN,19001040,LOS LLANOS,CP,-76.538872,2.461647,
gb:COL:ADM2:7082276B86437588749871,19,CAUCA,19001,POPAYÁN,19001041,LAS PALMAS,CP,-76.618827,2.419403,
gb:COL:ADM2:7082276B86437588749871,19,CAUCA,19001,POPAYÁN,19001042,PUEBLO KOKONUCO,CP,-76.580774,2.436119,
gb:COL:ADM2:7082276B86437588749871,19,CAUCA,19001,POPAYÁN,19001043,LA LAJA,CP,-76.6471570209,2.50034594156,
gb:COL:ADM2:7082276B86437588749871,19,CAUCA,19001,POPAYÁN,19001044,VILLANUEVA,CP,-76.6175472594,2.53533929604,
gb:COL:ADM2:7082276B86469624898936,19,CAUCA,19573,PUERTO TEJADA,19573000,PUERTO TEJADA,CM,-76.417673,3.233254,
gb:COL:ADM2:7082276B86469624898936,19,CAUCA,19573,PUERTO TEJADA,19573001,BOCAS DEL PALO,CP,-76.456855,3.259862,
gb:COL:ADM2:7082276B86469624898936,19,CAUCA,19573,PUERTO TEJADA,19573002,LAS BRISAS,CP,-76.391267,3.217964,
gb:COL:ADM2:7082276B86469624898936,19,CAUCA,19573,PUERTO TEJADA,19573003,SAN CARLOS,CP,-76.442254,3.242919,
gb:COL:ADM2:7082276B86469624898936,19,CAUCA,19573,PUERTO TEJADA,19573004,ZANJÓN RICO,CP,-76.368001,3.261828,
gb:COL:ADM2:7082276B86469624898936,19,CAUCA,19573,PUERTO TEJADA,19573005,PERICO NEGRO,CP,-76.431773,3.212214,
gb:COL:ADM2:7082276B86469624898936,19,CAUCA,19573,PUERTO TEJADA,19573006,VUELTA LARGA,CP,-76.433964,3.23828,
gb:COL:ADM2:7082276B86469624898936,19,CAUCA,19573,PUERTO TEJADA,19573008,LOS BANCOS,CP,-76.412891,3.214113,
gb:COL:ADM2:7082276B86469624898936,19,CAUCA,19573,PUERTO TEJADA,19573009,GUENGUE,CP,-76.385612,3.223049,
gb:COL:ADM2:7082276B86469624898936,19,CAUCA,19573,PUERTO TEJADA,19573010,CIUDAD SUR,CP,-76.448465,3.275344,
gb:COL:ADM2:7082276B87047054998240,86,PUTUMAYO,86749,SIBUNDOY,86749000,SIBUNDOY,CM,-76.917814,1.20026,
gb:COL:ADM2:7082276B87047054998240,86,PUTUMAYO,86749,SIBUNDOY,86749008,SAGRADO CORAZÓN DE JESÚS,CP,-76.926656,1.186625,
gb:COL:ADM2:7082276B87047054998240,86,PUTUMAYO,86749,SIBUNDOY,86749009,LAS COCHAS,CP,-76.930305,1.176554,
gb:COL:ADM2:7082276B87047054998240,86,PUTUMAYO,86749,SIBUNDOY,86749010,VILLA FLOR,CP,-76.919648,1.209698,
gb:COL:ADM2:7082276B87448620862857,66,RISARALDA,66456,MISTRATÓ,66456000,MISTRATÓ,CM,-75.882886,5.297039,
gb:COL:ADM2:7082276B87448620862857,66,RISARALDA,66456,MISTRATÓ,66456002,PUERTO DE ORO,CP,-76.02569,5.459371,
gb:COL:ADM2:7082276B87448620862857,66,RISARALDA,66456,MISTRATÓ,66456003,SAN ANTONIO DEL CHAMI,CP,-75.904326,5.416268,
gb:COL:ADM2:7082276B87448620862857,66,RISARALDA,66456,MISTRATÓ,66456005,ALTO PUEBLO RICO,CP,-75.89,5.279849,
gb:COL:ADM2:7082276B87448620862857,66,RISARALDA,66456,MISTRATÓ,66456008,MAMPAY,CP,-75.882188,5.357929,
gb:COL:ADM2:7082276B87448620862857,66,RISARALDA,66456,MISTRATÓ,66456010,PINAR DEL RÍO,CP,-75.864273,5.272515,
gb:COL:ADM2:7082276B87448620862857,66,RISARALDA,66456,MISTRATÓ,66456011,QUEBRADA ARRIBA,CP,-75.889331,5.289177,
gb:COL:ADM2:7082276B87448620862857,66,RISARALDA,66456,MISTRATÓ,66456012,RÍO MISTRATO,CP,-76.000254,5.382916,
gb:COL:ADM2:7082276B87448620862857,66,RISARALDA,66456,MISTRATÓ,66456013,CHATA ALTO,CP,-76.0366104315,5.39093220834,
gb:COL:ADM2:7082276B8755035279913,41,HUILA,41807,TIMANÁ,41807000,TIMANÁ,CM,-75.932167,1.974539,
gb:COL:ADM2:7082276B8755035279913,41,HUILA,41807,TIMANÁ,41807001,NARANJAL,CP,-75.850905,2.015803,
gb:COL:ADM2:7082276B8755035279913,41,HUILA,41807,TIMANÁ,41807004,SAN ANTONIO,CP,-75.886305,1.960924,
gb:COL:ADM2:7082276B8755035279913,41,HUILA,41807,TIMANÁ,41807005,MONTAÑITA,CP,-75.899782,1.954562,
gb:COL:ADM2:7082276B8755035279913,41,HUILA,41807,TIMANÁ,41807006,QUINCHE,CP,-75.909552,1.960894,
gb:COL:ADM2:7082276B8755035279913,41,HUILA,41807,TIMANÁ,41807007,COSANZA,CP,-75.889437,1.979856,
gb:COL:ADM2:7082276B8755035279913,41,HUILA,41807,TIMANÁ,41807009,SAN ISIDRO,CP,-75.893147,1.959253,
gb:COL:ADM2:7082276B8755035279913,41,HUILA,41807,TIMANÁ,41807010,AGUAS CLARAS,CP,-75.904374,1.945672,
gb:COL:ADM2:7082276B8755035279913,41,HUILA,41807,TIMANÁ,41807011,ALTO NARANJAL,CP,-75.844863,2.002337,
gb:COL:ADM2:7082276B8755035279913,41,HUILA,41807,TIMANÁ,41807013,PANTANOS,CP,-75.967657,1.904826,
gb:COL:ADM2:7082276B8755035279913,41,HUILA,41807,TIMANÁ,41807014,SANTA BÁRBARA,CP,-75.969387,1.882909,
gb:COL:ADM2:7082276B89105760254188,76,VALLE DEL CAUCA,76111,GUADALAJARA DE BUGA,76111000,GUADALAJARA DE BUGA,CM,-76.298979,3.900736,
gb:COL:ADM2:7082276B89105760254188,76,VALLE DEL CAUCA,76111,GUADALAJARA DE BUGA,76111001,LA CAMPIÑA,CP,-76.2825,3.945246,
gb:COL:ADM2:7082276B89105760254188,76,VALLE DEL CAUCA,76111,GUADALAJARA DE BUGA,76111002,EL PLACER,CP,-76.098682,3.879641,
gb:COL:ADM2:7082276B89105760254188,76,VALLE DEL CAUCA,76111,GUADALAJARA DE BUGA,76111005,EL VÍNCULO,CP,-76.306321,3.816388,
gb:COL:ADM2:7082276B89105760254188,76,VALLE DEL CAUCA,76111,GUADALAJARA DE BUGA,76111006,LA HABANA,CP,-76.192305,3.880678,
gb:COL:ADM2:7082276B89105760254188,76,VALLE DEL CAUCA,76111,GUADALAJARA DE BUGA,76111007,LA MARÍA,CP,-76.212376,3.900693,
gb:COL:ADM2:7082276B89105760254188,76,VALLE DEL CAUCA,76111,GUADALAJARA DE BUGA,76111012,QUEBRADASECA,CP,-76.294874,3.863994,
gb:COL:ADM2:7082276B89105760254188,76,VALLE DEL CAUCA,76111,GUADALAJARA DE BUGA,76111014,ZANJÓN HONDO,CP,-76.296041,3.84717,
gb:COL:ADM2:7082276B89105760254188,76,VALLE DEL CAUCA,76111,GUADALAJARA DE BUGA,76111016,EL PORVENIR,CP,-76.342839,3.891501,
gb:COL:ADM2:7082276B89105760254188,76,VALLE DEL CAUCA,76111,GUADALAJARA DE BUGA,76111018,PUEBLO NUEVO,CP,-76.259239,3.959212,
gb:COL:ADM2:7082276B89105760254188,76,VALLE DEL CAUCA,76111,GUADALAJARA DE BUGA,76111020,LA MAGDALENA,CP,-76.203459,3.881251,
gb:COL:ADM2:7082276B89105760254188,76,VALLE DEL CAUCA,76111,GUADALAJARA DE BUGA,76111021,EL MANANTIAL,CP,-76.291935,3.864047,
gb:COL:ADM2:7082276B89105760254188,76,VALLE DEL CAUCA,76111,GUADALAJARA DE BUGA,76111022,ALASKA,CP,-76.181711,3.891957,
gb:COL:ADM2:7082276B89105760254188,76,VALLE DEL CAUCA,76111,GUADALAJARA DE BUGA,76111024,LA PALOMERA,CP,-76.338485,3.897794,
gb:COL:ADM2:7082276B89105760254188,76,VALLE DEL CAUCA,76111,GUADALAJARA DE BUGA,76111025,LA UNIDAD,CP,-76.295718,3.853398,
gb:COL:ADM2:7082276B89105760254188,76,VALLE DEL CAUCA,76111,GUADALAJARA DE BUGA,76111026,PUERTO BERTIN,CP,-76.349481,3.888974,
gb:COL:ADM2:7082276B89105760254188,76,VALLE DEL CAUCA,76111,GUADALAJARA DE BUGA,76111027,SAN ANTONIO,CP,-76.271919,3.957742,
gb:COL:ADM2:7082276B89105760254188,76,VALLE DEL CAUCA,76111,GUADALAJARA DE BUGA,76111029,GUADUALEJO,CP,-76.266565,3.888014,
gb:COL:ADM2:7082276B89105760254188,76,VALLE DEL CAUCA,76111,GUADALAJARA DE BUGA,76111030,LA GRANJITA,CP,-76.274337,3.888336,
gb:COL:ADM2:7082276B89105760254188,76,VALLE DEL CAUCA,76111,GUADALAJARA DE BUGA,76111031,PARCELACIÓN MONTEARROYO,CP,-76.221102,3.886829,
gb:COL:ADM2:7082276B89105760254188,76,VALLE DEL CAUCA,76111,GUADALAJARA DE BUGA,76111032,CONJUNTO CAMPESTRE KYCUN,CP,-76.21968,3.890059,
gb:COL:ADM2:7082276B89146120642235,23,CÓRDOBA,23682,SAN JOSÉ DE URÉ,23682000,SAN JOSÉ DE URÉ,CM,-75.533476,7.787303,
gb:COL:ADM2:7082276B89146120642235,23,CÓRDOBA,23682,SAN JOSÉ DE URÉ,23682002,BOCAS DE URÉ,CP,-75.512928,7.943545,
gb:COL:ADM2:7082276B89146120642235,23,CÓRDOBA,23682,SAN JOSÉ DE URÉ,23682003,BRAZO IZQUIERDO,CP,-75.630719,7.711296,
gb:COL:ADM2:7082276B89146120642235,23,CÓRDOBA,23682,SAN JOSÉ DE URÉ,23682004,PUEBLO FLECHAS,CP,-75.558148,7.883598,
gb:COL:ADM2:7082276B89146120642235,23,CÓRDOBA,23682,SAN JOSÉ DE URÉ,23682005,LA DORADA,CP,-75.524669,7.83898,
gb:COL:ADM2:7082276B89146120642235,23,CÓRDOBA,23682,SAN JOSÉ DE URÉ,23682006,VERSALLES,CP,-75.58041,7.725095,
gb:COL:ADM2:7082276B89146120642235,23,CÓRDOBA,23682,SAN JOSÉ DE URÉ,23682007,VIERA ABAJO,CP,-75.55063,7.842442,
gb:COL:ADM2:7082276B89146120642235,23,CÓRDOBA,23682,SAN JOSÉ DE URÉ,23682009,PUERTO COLOMBIA,CP,-75.512229,7.886937,
gb:COL:ADM2:7082276B89146120642235,23,CÓRDOBA,23682,SAN JOSÉ DE URÉ,23682010,BELLO HORIZONTE,CP,-75.5249643003,7.83224259229,
gb:COL:ADM2:7082276B89331867807141,19,CAUCA,19397,LA VEGA,19397000,LA VEGA,CM,-76.778771,2.001803,
gb:COL:ADM2:7082276B89331867807141,19,CAUCA,19397,LA VEGA,19397001,ALTAMIRA,CP,-76.813413,2.079682,
gb:COL:ADM2:7082276B89331867807141,19,CAUCA,19397,LA VEGA,19397002,ARBELA,CP,-76.771938,2.14385,
gb:COL:ADM2:7082276B89331867807141,19,CAUCA,19397,LA VEGA,19397004,EL PALMAR,CP,-76.862005,2.07018,
gb:COL:ADM2:7082276B89331867807141,19,CAUCA,19397,LA VEGA,19397005,GUACHICONO,CP,-76.673429,2.029615,
gb:COL:ADM2:7082276B89331867807141,19,CAUCA,19397,LA VEGA,19397006,LOS UVOS,CP,-76.883514,2.104593,
gb:COL:ADM2:7082276B89331867807141,19,CAUCA,19397,LA VEGA,19397007,PANCITARÁ,CP,-76.760334,1.980033,
gb:COL:ADM2:7082276B89331867807141,19,CAUCA,19397,LA VEGA,19397009,SAN MIGUEL,CP,-76.775231,2.118266,
gb:COL:ADM2:7082276B89331867807141,19,CAUCA,19397,LA VEGA,19397010,SANTA BÁRBARA,CP,-76.821439,2.063557,
gb:COL:ADM2:7082276B89331867807141,19,CAUCA,19397,LA VEGA,19397011,SANTA JUANA,CP,-76.805805,2.130015,
gb:COL:ADM2:7082276B89331867807141,19,CAUCA,19397,LA VEGA,19397012,ALBANIA,CP,-76.799487,2.097808,
gb:COL:ADM2:7082276B89331867807141,19,CAUCA,19397,LA VEGA,19397018,BARBILLAS,CP,-76.681142,2.009455,
gb:COL:ADM2:7082276B89331867807141,19,CAUCA,19397,LA VEGA,19397019,SANTA RITA,CP,-76.848154,2.070289,
gb:COL:ADM2:7082276B89331867807141,19,CAUCA,19397,LA VEGA,19397020,EL GUAYABO,CP,-76.826051,2.062177,
gb:COL:ADM2:7082276B89331867807141,19,CAUCA,19397,LA VEGA,19397021,ALTO DE LAS PALMAS,CP,-76.6631419387,2.03287576257,
gb:COL:ADM2:7082276B90066028966732,63,QUINDÍO,63130,CALARCÁ,63130000,CALARCÁ,CM,-75.646085,4.520982,
gb:COL:ADM2:7082276B90066028966732,63,QUINDÍO,63130,CALARCÁ,63130001,BARCELONA,CP,-75.718322,4.427116,
gb:COL:ADM2:7082276B90066028966732,63,QUINDÍO,63130,CALARCÁ,63130003,LA BELLA,CP,-75.675255,4.499012,
gb:COL:ADM2:7082276B90066028966732,63,QUINDÍO,63130,CALARCÁ,63130004,LA VIRGINIA,CP,-75.642924,4.491251,
gb:COL:ADM2:7082276B90066028966732,63,QUINDÍO,63130,CALARCÁ,63130005,QUEBRADANEGRA,CP,-75.668977,4.444947,
gb:COL:ADM2:7082276B90066028966732,63,QUINDÍO,63130,CALARCÁ,63130008,LA PRADERA,CP,-75.630694,4.540945,
gb:COL:ADM2:7082276B90066028966732,63,QUINDÍO,63130,CALARCÁ,63130010,LA MARÍA,CP,-75.663622,4.529874,
gb:COL:ADM2:7082276B90066028966732,63,QUINDÍO,63130,CALARCÁ,63130013,BARRAGÁN,CP,-75.790344,4.340167,
gb:COL:ADM2:7082276B90066028966732,63,QUINDÍO,63130,CALARCÁ,63130015,CONDOMINIO LOS ALMENDROS,CP,-75.788569,4.345266,
gb:COL:ADM2:7082276B90066028966732,63,QUINDÍO,63130,CALARCÁ,63130016,CONDOMINIO VALLE DEL SOL,CP,-75.787697,4.345929,
gb:COL:ADM2:7082276B90066028966732,63,QUINDÍO,63130,CALARCÁ,63130018,CONDOMINIO AGUA BONITA,CP,-75.71043,4.44866,
gb:COL:ADM2:7082276B90066028966732,63,QUINDÍO,63130,CALARCÁ,63130019,CONDOMINIO LA MICAELA,CP,-75.690124,4.491148,
gb:COL:ADM2:7082276B90066028966732,63,QUINDÍO,63130,CALARCÁ,63130020,CONDOMINIO CAMPESTRE EL BOSQUE,CP,-75.69814,4.479466,
gb:COL:ADM2:7082276B90107957997642,23,CÓRDOBA,23189,CIÉNAGA DE ORO,23189000,CIÉNAGA DE ORO,CM,-75.620807,8.875794,
gb:COL:ADM2:7082276B90107957997642,23,CÓRDOBA,23189,CIÉNAGA DE ORO,23189001,BERÁSTEGUI,CP,-75.708113,8.877004,
gb:COL:ADM2:7082276B90107957997642,23,CÓRDOBA,23189,CIÉNAGA DE ORO,23189003,LAGUNETA,CP,-75.536197,8.681156,
gb:COL:ADM2:7082276B90107957997642,23,CÓRDOBA,23189,CIÉNAGA DE ORO,23189004,LOS MIMBRES,CP,-75.653633,8.95277,
gb:COL:ADM2:7082276B90107957997642,23,CÓRDOBA,23189,CIÉNAGA DE ORO,23189005,PUNTA DE YÁÑEZ,CP,-75.609573,9.016455,
gb:COL:ADM2:7082276B90107957997642,23,CÓRDOBA,23189,CIÉNAGA DE ORO,23189007,PUERTO DE LA CRUZ,CP,-75.606311,9.012826,
gb:COL:ADM2:7082276B90107957997642,23,CÓRDOBA,23189,CIÉNAGA DE ORO,23189008,MALAGANA,CP,-75.682497,8.883047,
gb:COL:ADM2:7082276B90107957997642,23,CÓRDOBA,23189,CIÉNAGA DE ORO,23189013,SUÁREZ,CP,-75.649747,8.877134,
gb:COL:ADM2:7082276B90107957997642,23,CÓRDOBA,23189,CIÉNAGA DE ORO,23189016,EL SALADO,CP,-75.586761,8.925468,
gb:COL:ADM2:7082276B90107957997642,23,CÓRDOBA,23189,CIÉNAGA DE ORO,23189018,LAS PIEDRAS,CP,-75.548632,8.768434,
gb:COL:ADM2:7082276B90107957997642,23,CÓRDOBA,23189,CIÉNAGA DE ORO,23189019,PIJIGUAYAL,CP,-75.540306,8.796109,
gb:COL:ADM2:7082276B90107957997642,23,CÓRDOBA,23189,CIÉNAGA DE ORO,23189021,SANTIAGO POBRE,CP,-75.545953,8.624473,
gb:COL:ADM2:7082276B90107957997642,23,CÓRDOBA,23189,CIÉNAGA DE ORO,23189023,SAN ANTONIO DEL TÁCHIRA,CP,-75.561053,8.80747,
gb:COL:ADM2:7082276B90107957997642,23,CÓRDOBA,23189,CIÉNAGA DE ORO,23189024,ROSA VIEJA,CP,-75.636115,8.842736,
gb:COL:ADM2:7082276B90107957997642,23,CÓRDOBA,23189,CIÉNAGA DE ORO,23189025,LAS PALMITAS,CP,-75.65047,8.826876,
gb:COL:ADM2:7082276B90107957997642,23,CÓRDOBA,23189,CIÉNAGA DE ORO,23189028,LAS BALSAS,CP,-75.668208,8.913904,
gb:COL:ADM2:7082276B90107957997642,23,CÓRDOBA,23189,CIÉNAGA DE ORO,23189029,EGIPTO,CP,-75.566768,8.922783,
gb:COL:ADM2:7082276B90107957997642,23,CÓRDOBA,23189,CIÉNAGA DE ORO,23189030,BARRO PRIETO,CP,-75.576089,8.834041,
gb:COL:ADM2:7082276B90107957997642,23,CÓRDOBA,23189,CIÉNAGA DE ORO,23189034,LA DRAGA,CP,-75.700146,8.945161,
gb:COL:ADM2:7082276B90107957997642,23,CÓRDOBA,23189,CIÉNAGA DE ORO,23189038,MAYORIA,CP,-75.566812,8.838272,
gb:COL:ADM2:7082276B90107957997642,23,CÓRDOBA,23189,CIÉNAGA DE ORO,23189044,LA ESPERANZA,CP,-75.705665,8.889975,
gb:COL:ADM2:7082276B90107957997642,23,CÓRDOBA,23189,CIÉNAGA DE ORO,23189045,SANTIAGUITO,CP,-75.538871,8.631199,
gb:COL:ADM2:7082276B90107957997642,23,CÓRDOBA,23189,CIÉNAGA DE ORO,23189046,EL LLANO,CP,-75.589646,8.794541,
gb:COL:ADM2:7082276B90578297769705,23,CÓRDOBA,23417,LORICA,23417000,SANTA CRUZ DE LORICA,CM,-75.816084,9.240789,
gb:COL:ADM2:7082276B90578297769705,23,CÓRDOBA,23417,LORICA,23417002,EL CARITO,CP,-75.80636,9.05634,
gb:COL:ADM2:7082276B90578297769705,23,CÓRDOBA,23417,LORICA,23417003,LA DOCTRINA,CP,-75.890702,9.292274,
gb:COL:ADM2:7082276B90578297769705,23,CÓRDOBA,23417,LORICA,23417004,LAS FLORES,CP,-76.098107,9.116039,
gb:COL:ADM2:7082276B90578297769705,23,CÓRDOBA,23417,LORICA,23417005,LOS GÓMEZ,CP,-75.84372,9.054661,
gb:COL:ADM2:7082276B90578297769705,23,CÓRDOBA,23417,LORICA,23417006,LOS MONOS,CP,-75.79236,9.124742,
gb:COL:ADM2:7082276B90578297769705,23,CÓRDOBA,23417,LORICA,23417007,NARIÑO,CP,-75.838622,9.167263,
gb:COL:ADM2:7082276B90578297769705,23,CÓRDOBA,23417,LORICA,23417008,PALO DE AGUA,CP,-75.842637,9.159138,
gb:COL:ADM2:7082276B90578297769705,23,CÓRDOBA,23417,LORICA,23417009,SAN SEBASTIÁN,CP,-75.790537,9.225269,
gb:COL:ADM2:7082276B90578297769705,23,CÓRDOBA,23417,LORICA,23417010,TIERRALTA,CP,-75.811787,9.095798,
gb:COL:ADM2:7082276B90578297769705,23,CÓRDOBA,23417,LORICA,23417012,EL LAZO,CP,-76.030411,9.139377,
gb:COL:ADM2:7082276B90578297769705,23,CÓRDOBA,23417,LORICA,23417014,CAMPO ALEGRE,CP,-75.975662,9.144426,
gb:COL:ADM2:7082276B90578297769705,23,CÓRDOBA,23417,LORICA,23417017,EL CAMPANO DE LOS INDIOS,CP,-75.953137,9.183897,
gb:COL:ADM2:7082276B90578297769705,23,CÓRDOBA,23417,LORICA,23417018,COTOCA ARRIBA,CP,-75.838649,9.138005,
gb:COL:ADM2:7082276B90578297769705,23,CÓRDOBA,23417,LORICA,23417019,EL RODEO,CP,-76.046637,9.153904,
gb:COL:ADM2:7082276B90578297769705,23,CÓRDOBA,23417,LORICA,23417021,REMOLINO,CP,-75.976542,9.06325,
gb:COL:ADM2:7082276B90578297769705,23,CÓRDOBA,23417,LORICA,23417022,VILLA CONCEPCIÓN,CP,-76.036669,9.081602,
gb:COL:ADM2:7082276B90578297769705,23,CÓRDOBA,23417,LORICA,23417023,MATA DE CAÑA,CP,-75.827047,9.073364,
gb:COL:ADM2:7082276B90578297769705,23,CÓRDOBA,23417,LORICA,23417024,CASTILLERAL,CP,-75.876483,9.122073,
gb:COL:ADM2:7082276B90578297769705,23,CÓRDOBA,23417,LORICA,23417025,COTOCA ABAJO,CP,-75.852634,9.217665,
gb:COL:ADM2:7082276B90578297769705,23,CÓRDOBA,23417,LORICA,23417027,SAN NICOLÁS DE BARÍ,CP,-75.881575,9.247852,
gb:COL:ADM2:7082276B90578297769705,23,CÓRDOBA,23417,LORICA,23417029,LA SUBIDA,CP,-75.796114,9.105125,
gb:COL:ADM2:7082276B90578297769705,23,CÓRDOBA,23417,LORICA,23417030,EL PLAYÓN,CP,-75.81989,9.190299,
gb:COL:ADM2:7082276B90578297769705,23,CÓRDOBA,23417,LORICA,23417031,LA PEINADA,CP,-75.784415,9.16026,
gb:COL:ADM2:7082276B90578297769705,23,CÓRDOBA,23417,LORICA,23417034,SANTA LUCÍA,CP,-75.891597,9.284386,
gb:COL:ADM2:7082276B90578297769705,23,CÓRDOBA,23417,LORICA,23417036,LA PALMA,CP,-75.817095,9.191196,
gb:COL:ADM2:7082276B90578297769705,23,CÓRDOBA,23417,LORICA,23417037,LOS MORALES,CP,-75.807872,9.070069,
gb:COL:ADM2:7082276B90578297769705,23,CÓRDOBA,23417,LORICA,23417039,EL GUANABANO,CP,-75.969352,9.146385,
gb:COL:ADM2:7082276B90578297769705,23,CÓRDOBA,23417,LORICA,23417042,JUAN DE DIOS GARI,CP,-75.783127,9.238424,
gb:COL:ADM2:7082276B90578297769705,23,CÓRDOBA,23417,LORICA,23417043,PUEBLO CHIQUITO,CP,-75.896997,9.306157,
gb:COL:ADM2:7082276B90578297769705,23,CÓRDOBA,23417,LORICA,23417044,CAÑO VIEJO,CP,-75.8674836424,9.24348646104,
gb:COL:ADM2:7082276B90942286802218,19,CAUCA,19022,ALMAGUER,19022000,ALMAGUER,CM,-76.85607,1.913429,
gb:COL:ADM2:7082276B90942286802218,19,CAUCA,19022,ALMAGUER,19022001,CAQUIONA,CP,-76.783242,1.904977,
gb:COL:ADM2:7082276B90942286802218,19,CAUCA,19022,ALMAGUER,19022003,TABLÓN,CP,-76.880426,1.927748,
gb:COL:ADM2:7082276B90942286802218,19,CAUCA,19022,ALMAGUER,19022004,LLACUANAS,CP,-76.898667,1.932533,
gb:COL:ADM2:7082276B90942286802218,19,CAUCA,19022,ALMAGUER,19022011,HATO HUMUS,CP,-76.775706,1.881573,
gb:COL:ADM2:7082276B90942286802218,19,CAUCA,19022,ALMAGUER,19022013,SAN JORGE HERRADURA,CP,-76.878734,1.870433,
gb:COL:ADM2:7082276B90942286802218,19,CAUCA,19022,ALMAGUER,19022014,LA HONDA,CP,-76.840929,1.868091,
gb:COL:ADM2:7082276B90942286802218,19,CAUCA,19022,ALMAGUER,19022019,POTRERO,CP,-76.786918,1.884846,
gb:COL:ADM2:7082276B90942286802218,19,CAUCA,19022,ALMAGUER,19022020,DOMINGUILLO,CP,-76.790031,1.919492,
gb:COL:ADM2:7082276B90998600886333,76,VALLE DEL CAUCA,76246,EL CAIRO,76246000,EL CAIRO,CM,-76.221611,4.760874,
gb:COL:ADM2:7082276B90998600886333,76,VALLE DEL CAUCA,76246,EL CAIRO,76246001,ALBÁN,CP,-76.173174,4.782525,
gb:COL:ADM2:7082276B91777379467178,76,VALLE DEL CAUCA,76318,GUACARÍ,76318000,GUACARÍ,CM,-76.330911,3.761815,
gb:COL:ADM2:7082276B91777379467178,76,VALLE DEL CAUCA,76318,GUACARÍ,76318003,GUABAS,CP,-76.367339,3.764038,
gb:COL:ADM2:7082276B91777379467178,76,VALLE DEL CAUCA,76318,GUACARÍ,76318004,GUABITAS,CP,-76.311442,3.761034,
gb:COL:ADM2:7082276B91777379467178,76,VALLE DEL CAUCA,76318,GUACARÍ,76318006,PICHICHÍ,CP,-76.277136,3.773714,
gb:COL:ADM2:7082276B91777379467178,76,VALLE DEL CAUCA,76318,GUACARÍ,76318007,SANTA ROSA DE TAPIAS,CP,-76.241519,3.82032,
gb:COL:ADM2:7082276B91777379467178,76,VALLE DEL CAUCA,76318,GUACARÍ,76318008,SONSO,CP,-76.306518,3.799719,
gb:COL:ADM2:7082276B91777379467178,76,VALLE DEL CAUCA,76318,GUACARÍ,76318009,ALTO DE GUACAS,CP,-76.248109,3.829445,
gb:COL:ADM2:7082276B91777379467178,76,VALLE DEL CAUCA,76318,GUACARÍ,76318010,PUENTE ROJO,CP,-76.22846,3.767924,
gb:COL:ADM2:7082276B91777379467178,76,VALLE DEL CAUCA,76318,GUACARÍ,76318011,CANANGUÁ,CP,-76.354044,3.784873,
gb:COL:ADM2:7082276B91777379467178,76,VALLE DEL CAUCA,76318,GUACARÍ,76318012,EL PLACER,CP,-76.282449,3.771654,
gb:COL:ADM2:7082276B91777379467178,76,VALLE DEL CAUCA,76318,GUACARÍ,76318013,EL TRIUNFO,CP,-76.321508,3.710307,
gb:COL:ADM2:7082276B91777379467178,76,VALLE DEL CAUCA,76318,GUACARÍ,76318014,GUACAS,CP,-76.329427,3.792664,
gb:COL:ADM2:7082276B91973001860083,41,HUILA,41078,BARAYA,41078000,BARAYA,CM,-75.054843,3.152204,
gb:COL:ADM2:7082276B92483962355634,66,RISARALDA,66088,BELÉN DE UMBRÍA,66088000,BELÉN DE UMBRÍA,CM,-75.868334,5.200793,
gb:COL:ADM2:7082276B92483962355634,66,RISARALDA,66088,BELÉN DE UMBRÍA,66088002,COLUMBIA,CP,-75.820943,5.217245,
gb:COL:ADM2:7082276B92483962355634,66,RISARALDA,66088,BELÉN DE UMBRÍA,66088004,PUENTE UMBRÍA,CP,-75.845384,5.250836,
gb:COL:ADM2:7082276B92483962355634,66,RISARALDA,66088,BELÉN DE UMBRÍA,66088005,TAPARCAL,CP,-75.863518,5.167545,
gb:COL:ADM2:7082276B92483962355634,66,RISARALDA,66088,BELÉN DE UMBRÍA,66088010,EL AGUACATE,CP,-75.849721,5.162018,
gb:COL:ADM2:7082276B92483962355634,66,RISARALDA,66088,BELÉN DE UMBRÍA,66088011,EL CONGO,CP,-75.849439,5.233829,
gb:COL:ADM2:7082276B92483962355634,66,RISARALDA,66088,BELÉN DE UMBRÍA,66088012,LA FLORIDA,CP,-75.881284,5.140558,
gb:COL:ADM2:7082276B93831290188836,41,HUILA,41357,ÍQUIRA,41357000,ÍQUIRA,CM,-75.634497,2.649359,
gb:COL:ADM2:7082276B93831290188836,41,HUILA,41357,ÍQUIRA,41357003,RÍO NEGRO,CP,-75.750757,2.689539,
gb:COL:ADM2:7082276B93831290188836,41,HUILA,41357,ÍQUIRA,41357004,VALENCIA LA PAZ,CP,-75.615195,2.690961,
gb:COL:ADM2:7082276B93831290188836,41,HUILA,41357,ÍQUIRA,41357005,SAN LUIS,CP,-75.699225,2.638611,
gb:COL:ADM2:7082276B93831290188836,41,HUILA,41357,ÍQUIRA,41357006,SAN MIGUEL,CP,-75.753968,2.678155,
gb:COL:ADM2:7082276B93831290188836,41,HUILA,41357,ÍQUIRA,41357007,HUILA,CP,-75.751118,2.686112,
gb:COL:ADM2:7082276B94395141643556,76,VALLE DEL CAUCA,76126,CALIMA,76126000,DARIÉN,CM,-76.484132,3.933664,
gb:COL:ADM2:7082276B94395141643556,76,VALLE DEL CAUCA,76126,CALIMA,76126007,LA GAVIOTA,CP,-76.434889,3.97738,
gb:COL:ADM2:7082276B94395141643556,76,VALLE DEL CAUCA,76126,CALIMA,76126018,LA PLAYA,CP,-76.456035,3.964023,
gb:COL:ADM2:7082276B94822224819710,66,RISARALDA,66045,APÍA,66045000,APÍA,CM,-75.942356,5.106526,
gb:COL:ADM2:7082276B94822224819710,66,RISARALDA,66045,APÍA,66045004,JORDANIA,CP,-75.962977,5.144967,
gb:COL:ADM2:7082276B94822224819710,66,RISARALDA,66045,APÍA,66045009,LA MARÍA,CP,-75.947847,5.120565,
gb:COL:ADM2:7082276B94855321058702,19,CAUCA,19824,TOTORÓ,19824000,TOTORÓ,CM,-76.403628,2.510252,
gb:COL:ADM2:7082276B94855321058702,19,CAUCA,19824,TOTORÓ,19824002,GABRIEL LÓPEZ,CP,-76.289022,2.510973,
gb:COL:ADM2:7082276B94855321058702,19,CAUCA,19824,TOTORÓ,19824004,PANIQUITÁ,CP,-76.469841,2.528814,
gb:COL:ADM2:7082276B94855321058702,19,CAUCA,19824,TOTORÓ,19824005,POLINDARÁ,CP,-76.404395,2.488297,
gb:COL:ADM2:7082276B94855321058702,19,CAUCA,19824,TOTORÓ,19824007,JEBALÁ,CP,-76.470447,2.582948,
gb:COL:ADM2:7082276B94855321058702,19,CAUCA,19824,TOTORÓ,19824009,BAJO PALACÉ,CP,-76.527998,2.515477,
gb:COL:ADM2:7082276B94855321058702,19,CAUCA,19824,TOTORÓ,19824010,EL PORVENIR,CP,-76.515216,2.513149,
gb:COL:ADM2:7082276B94855321058702,19,CAUCA,19824,TOTORÓ,19824011,ALTO BUENAVISTA,CP,-76.528028,2.581482,
gb:COL:ADM2:7082276B94855321058702,19,CAUCA,19824,TOTORÓ,19824012,BUENAVISTA TATAWALA,CP,-76.5035,2.562346,
gb:COL:ADM2:7082276B94855321058702,19,CAUCA,19824,TOTORÓ,19824013,HATOVIEJO,CP,-76.466077,2.562159,
gb:COL:ADM2:7082276B94855321058702,19,CAUCA,19824,TOTORÓ,19824014,BETANIA,CP,-76.374457,2.511053,
gb:COL:ADM2:7082276B94855321058702,19,CAUCA,19824,TOTORÓ,19824015,PEDRAGAL,CP,-76.366601,2.521172,
gb:COL:ADM2:7082276B94855321058702,19,CAUCA,19824,TOTORÓ,19824016,GALLINAZO,CP,-76.361074,2.526002,
gb:COL:ADM2:7082276B94855321058702,19,CAUCA,19824,TOTORÓ,19824017,SAN PEDRO DEL BOSQUE,CP,-76.318102,2.519929,
gb:COL:ADM2:7082276B96393406171347,23,CÓRDOBA,23079,BUENAVISTA,23079000,BUENAVISTA,CM,-75.480897,8.221187,
gb:COL:ADM2:7082276B96393406171347,23,CÓRDOBA,23079,BUENAVISTA,23079001,TIERRA SANTA,CP,-75.31272,8.244772,
gb:COL:ADM2:7082276B96393406171347,23,CÓRDOBA,23079,BUENAVISTA,23079002,VILLA FÁTIMA,CP,-75.392262,8.095992,
gb:COL:ADM2:7082276B96393406171347,23,CÓRDOBA,23079,BUENAVISTA,23079003,BELÉN,CP,-75.413755,8.28227,
gb:COL:ADM2:7082276B96393406171347,23,CÓRDOBA,23079,BUENAVISTA,23079004,NUEVA ESTACIÓN,CP,-75.491589,8.237517,
gb:COL:ADM2:7082276B96393406171347,23,CÓRDOBA,23079,BUENAVISTA,23079005,PUERTO CÓRDOBA,CP,-75.35827,8.065596,
gb:COL:ADM2:7082276B96393406171347,23,CÓRDOBA,23079,BUENAVISTA,23079010,MEJOR ESQUINA,CP,-75.548737,8.170108,
gb:COL:ADM2:7082276B96393406171347,23,CÓRDOBA,23079,BUENAVISTA,23079012,EL VIAJANO,CP,-75.546103,8.09143,
gb:COL:ADM2:7082276B96393406171347,23,CÓRDOBA,23079,BUENAVISTA,23079014,VERACRUZ,CP,-75.477565,8.174544,
gb:COL:ADM2:7082276B96393406171347,23,CÓRDOBA,23079,BUENAVISTA,23079015,SANTA CLARA,CP,-75.312342,8.23943,
gb:COL:ADM2:7082276B96393406171347,23,CÓRDOBA,23079,BUENAVISTA,23079016,SANTA FE DEL ARCIAL 1,CP,-75.342392,8.306024,
gb:COL:ADM2:7082276B96393406171347,23,CÓRDOBA,23079,BUENAVISTA,23079017,COYONPO,CP,-75.299729,8.277865,
gb:COL:ADM2:7082276B96393406171347,23,CÓRDOBA,23079,BUENAVISTA,23079019,LAS MARÍAS,CP,-75.362138,8.24234,
gb:COL:ADM2:7082276B96393406171347,23,CÓRDOBA,23079,BUENAVISTA,23079020,SANTA FE DE ARCIAL 2,CP,-75.330425,8.3097,
gb:COL:ADM2:7082276B97277797661378,23,CÓRDOBA,23464,MOMIL,23464000,MOMIL,CM,-75.67796,9.240707,
gb:COL:ADM2:7082276B97277797661378,23,CÓRDOBA,23464,MOMIL,23464001,SABANETA,CP,-75.630876,9.292535,
gb:COL:ADM2:7082276B97277797661378,23,CÓRDOBA,23464,MOMIL,23464002,SACANA,CP,-75.639041,9.320257,
gb:COL:ADM2:7082276B97277797661378,23,CÓRDOBA,23464,MOMIL,23464003,TREMENTINO,CP,-75.617587,9.244327,
gb:COL:ADM2:7082276B97277797661378,23,CÓRDOBA,23464,MOMIL,23464005,PUEBLECITO,CP,-75.680185,9.26376,
gb:COL:ADM2:7082276B97277797661378,23,CÓRDOBA,23464,MOMIL,23464006,GUAYMARAL,CP,-75.586169,9.272262,
gb:COL:ADM2:7082276B97277797661378,23,CÓRDOBA,23464,MOMIL,23464007,BETULIA,CP,-75.6819,9.29366,
gb:COL:ADM2:7082276B97476971281230,86,PUTUMAYO,86865,VALLE DEL GUAMUEZ,86865000,LA HORMIGA,CM,-76.906751,0.423506,
gb:COL:ADM2:7082276B97476971281230,86,PUTUMAYO,86865,VALLE DEL GUAMUEZ,86865003,EL TIGRE,CP,-76.841028,0.47584,
gb:COL:ADM2:7082276B97476971281230,86,PUTUMAYO,86865,VALLE DEL GUAMUEZ,86865004,EL PLACER,CP,-76.980981,0.469443,
gb:COL:ADM2:7082276B97476971281230,86,PUTUMAYO,86865,VALLE DEL GUAMUEZ,86865005,SAN ANTONIO,CP,-76.896488,0.484389,
gb:COL:ADM2:7082276B97476971281230,86,PUTUMAYO,86865,VALLE DEL GUAMUEZ,86865008,JORDÁN DE GUISIA,CP,-77.027515,0.351396,
gb:COL:ADM2:7082276B97476971281230,86,PUTUMAYO,86865,VALLE DEL GUAMUEZ,86865010,BRISAS DEL PALMAR,CP,-77.001828,0.488219,
gb:COL:ADM2:7082276B97476971281230,86,PUTUMAYO,86865,VALLE DEL GUAMUEZ,86865011,EL CAIRO,CP,-76.879902,0.394666,
gb:COL:ADM2:7082276B97476971281230,86,PUTUMAYO,86865,VALLE DEL GUAMUEZ,86865012,EL VENADO,CP,-76.818387,0.379683,
gb:COL:ADM2:7082276B97476971281230,86,PUTUMAYO,86865,VALLE DEL GUAMUEZ,86865014,LA CONCORDIA,CP,-76.894134,0.456913,
gb:COL:ADM2:7082276B97476971281230,86,PUTUMAYO,86865,VALLE DEL GUAMUEZ,86865015,LA ESMERALDA,CP,-76.993158,0.439699,
gb:COL:ADM2:7082276B97476971281230,86,PUTUMAYO,86865,VALLE DEL GUAMUEZ,86865016,LORO UNO,CP,-76.900002,0.380728,
gb:COL:ADM2:7082276B97476971281230,86,PUTUMAYO,86865,VALLE DEL GUAMUEZ,86865018,NUEVA PALESTINA,CP,-76.840559,0.373409,
gb:COL:ADM2:7082276B97476971281230,86,PUTUMAYO,86865,VALLE DEL GUAMUEZ,86865019,SAN ANDRÉS,CP,-76.973828,0.378417,
gb:COL:ADM2:7082276B97476971281230,86,PUTUMAYO,86865,VALLE DEL GUAMUEZ,86865021,VILLADUARTE,CP,-76.882137,0.45098,
gb:COL:ADM2:7082276B97476971281230,86,PUTUMAYO,86865,VALLE DEL GUAMUEZ,86865022,LA ISLA,CP,-76.910056,0.466443,
gb:COL:ADM2:7082276B97721102897015,76,VALLE DEL CAUCA,76606,RESTREPO,76606000,RESTREPO,CM,-76.523329,3.821351,
gb:COL:ADM2:7082276B97721102897015,76,VALLE DEL CAUCA,76606,RESTREPO,76606008,SAN SALVADOR,CP,-76.595871,3.792917,
gb:COL:ADM2:7082276B97721102897015,76,VALLE DEL CAUCA,76606,RESTREPO,76606016,BARRIO LA INDEPENDENCIA,CP,-76.521939,3.839251,
gb:COL:ADM2:7082276B97741553625130,41,HUILA,41668,SAN AGUSTÍN,41668000,SAN AGUSTÍN,CM,-76.27036,1.881081,
gb:COL:ADM2:7082276B97741553625130,41,HUILA,41668,SAN AGUSTÍN,41668001,ALTO DEL OBISPO,CP,-76.250282,1.848595,
gb:COL:ADM2:7082276B97741553625130,41,HUILA,41668,SAN AGUSTÍN,41668002,OBANDO,CP,-76.298322,1.940205,
gb:COL:ADM2:7082276B97741553625130,41,HUILA,41668,SAN AGUSTÍN,41668003,VILLA FÁTIMA,CP,-76.393194,1.899886,
gb:COL:ADM2:7082276B97741553625130,41,HUILA,41668,SAN AGUSTÍN,41668004,PUERTO QUINCHANA,CP,-76.42404,1.920199,
gb:COL:ADM2:7082276B97741553625130,41,HUILA,41668,SAN AGUSTÍN,41668006,EL PALMAR,CP,-76.293253,1.957702,
gb:COL:ADM2:7082276B97741553625130,41,HUILA,41668,SAN AGUSTÍN,41668007,PRADERA,CP,-76.356191,1.914074,
gb:COL:ADM2:7082276B97741553625130,41,HUILA,41668,SAN AGUSTÍN,41668008,LOS CAUCHOS,CP,-76.228216,1.831227,
gb:COL:ADM2:7082276B97741553625130,41,HUILA,41668,SAN AGUSTÍN,41668009,EL ROSARIO,CP,-76.303956,1.821652,
gb:COL:ADM2:7082276B98035381809124,19,CAUCA,19142,CALOTO,19142000,CALOTO,CM,-76.408941,3.034531,
gb:COL:ADM2:7082276B98035381809124,19,CAUCA,19142,CALOTO,19142004,EL PALO,CP,-76.353545,3.065004,
gb:COL:ADM2:7082276B98035381809124,19,CAUCA,19142,CALOTO,19142007,HUASANÓ,CP,-76.309941,3.12009,
gb:COL:ADM2:7082276B98035381809124,19,CAUCA,19142,CALOTO,19142011,QUINTERO,CP,-76.436189,3.14786,
gb:COL:ADM2:7082276B98035381809124,19,CAUCA,19142,CALOTO,19142015,LA ARROBLEDA,CP,-76.428156,3.098148,
gb:COL:ADM2:7082276B98035381809124,19,CAUCA,19142,CALOTO,19142030,CRUCERO DE GUALÍ,CP,-76.418139,3.081106,
gb:COL:ADM2:7082276B98035381809124,19,CAUCA,19142,CALOTO,19142031,HUELLAS,CP,-76.376,2.989593,
gb:COL:ADM2:7082276B98035381809124,19,CAUCA,19142,CALOTO,19142032,ALTO EL PALO,CP,-76.352903,3.072468,
gb:COL:ADM2:7082276B98035381809124,19,CAUCA,19142,CALOTO,19142034,BODEGA ARRIBA,CP,-76.411686,3.080359,
gb:COL:ADM2:7082276B98035381809124,19,CAUCA,19142,CALOTO,19142038,EL NILO,CP,-76.368445,3.062648,
gb:COL:ADM2:7082276B98035381809124,19,CAUCA,19142,CALOTO,19142039,EL GUÁSIMO,CP,-76.410113,3.06638,
gb:COL:ADM2:7082276B98035381809124,19,CAUCA,19142,CALOTO,19142045,TOEZ,CP,-76.376157,3.049302,
gb:COL:ADM2:7082276B98035381809124,19,CAUCA,19142,CALOTO,19142047,EL CREDO,CP,-76.299197,3.03365,
gb:COL:ADM2:7082276B98035381809124,19,CAUCA,19142,CALOTO,19142050,LÓPEZ ADENTRO,CP,-76.347791,3.10863,
gb:COL:ADM2:7082276B98035381809124,19,CAUCA,19142,CALOTO,19142051,MORALES,CP,-76.409806,3.012763,
gb:COL:ADM2:7082276B98035381809124,19,CAUCA,19142,CALOTO,19142054,EL TIERRERO,CP,-76.291391,3.020609,
gb:COL:ADM2:7082276B98035381809124,19,CAUCA,19142,CALOTO,19142056,PÍLAMO,CP,-76.343773,3.093849,
gb:COL:ADM2:7082276B98035381809124,19,CAUCA,19142,CALOTO,19142079,LOMA PELADA,CP,-76.3334959762,2.99098505171,
gb:COL:ADM2:7082276B98035381809124,19,CAUCA,19142,CALOTO,19142080,EL PAJARITO,CP,-76.306875938,3.03466551511,
gb:COL:ADM2:7082276B98035381809124,19,CAUCA,19142,CALOTO,19142081,CARPINTERO,CP,-76.3069261527,3.00563517408,
gb:COL:ADM2:7082276B98056345530252,19,CAUCA,19821,TORIBÍO,19821000,TORIBÍO,CM,-76.270284,2.953017,
gb:COL:ADM2:7082276B98056345530252,19,CAUCA,19821,TORIBÍO,19821001,LA CRUZ,CP,-76.24928,3.004059,
gb:COL:ADM2:7082276B98056345530252,19,CAUCA,19821,TORIBÍO,19821002,LA DESPENSA,CP,-76.279847,3.014101,
gb:COL:ADM2:7082276B98056345530252,19,CAUCA,19821,TORIBÍO,19821004,NATALA,CP,-76.287538,3.006074,
gb:COL:ADM2:7082276B98056345530252,19,CAUCA,19821,TORIBÍO,19821005,SAN FRANCISCO,CP,-76.288628,2.924506,
gb:COL:ADM2:7082276B98056345530252,19,CAUCA,19821,TORIBÍO,19821006,SANTO DOMINGO,CP,-76.159078,3.011811,
gb:COL:ADM2:7082276B98056345530252,19,CAUCA,19821,TORIBÍO,19821007,TACUEYO,CP,-76.241955,3.021111,
gb:COL:ADM2:7082276B98056345530252,19,CAUCA,19821,TORIBÍO,19821008,EL TABLAZO,CP,-76.234641,2.937315,
gb:COL:ADM2:7082276B98056345530252,19,CAUCA,19821,TORIBÍO,19821009,CALOTO NUEVO,CP,-76.285192,2.935943,
gb:COL:ADM2:7082276B98056345530252,19,CAUCA,19821,TORIBÍO,19821010,EL HUILA,CP,-76.23407,3.022701,
gb:COL:ADM2:7082276B98056345530252,19,CAUCA,19821,TORIBÍO,19821011,LA ESPERANZA,CP,-76.22521,3.062293,
gb:COL:ADM2:7082276B98056345530252,19,CAUCA,19821,TORIBÍO,19821012,NARANJO CENTRO,CP,-76.300876,2.949939,
gb:COL:ADM2:7082276B98056345530252,19,CAUCA,19821,TORIBÍO,19821013,LA PILA,CP,-76.297866,2.994739,
gb:COL:ADM2:7082276B98056345530252,19,CAUCA,19821,TORIBÍO,19821014,LA PRIMICIA,CP,-76.287826,2.897317,
gb:COL:ADM2:7082276B98056345530252,19,CAUCA,19821,TORIBÍO,19821015,EL FLAYO,CP,-76.28423,2.917335,
gb:COL:ADM2:7082276B98056345530252,19,CAUCA,19821,TORIBÍO,19821016,SECTOR PIEDRA MULA,CP,-76.288782,2.912103,
gb:COL:ADM2:7082276B98056345530252,19,CAUCA,19821,TORIBÍO,19821017,SAN JULIAN,CP,-76.269419,2.986799,
gb:COL:ADM2:7082276B98056345530252,19,CAUCA,19821,TORIBÍO,19821018,DAMIAN,CP,-76.282165,3.034162,
gb:COL:ADM2:7082276B98056345530252,19,CAUCA,19821,TORIBÍO,19821019,LA MARIA TACUEYO,CP,-76.277591,3.043795,
gb:COL:ADM2:7082276B98056345530252,19,CAUCA,19821,TORIBÍO,19821020,EL TRAPICHE,CP,-76.266132,3.038852,
gb:COL:ADM2:7082276B98056345530252,19,CAUCA,19821,TORIBÍO,19821021,LOMA LINDA,CP,-76.266151,2.964221,
gb:COL:ADM2:7082276B98056345530252,19,CAUCA,19821,TORIBÍO,19821022,VICHIQUI,CP,-76.265581,2.972627,
gb:COL:ADM2:7082276B98056345530252,19,CAUCA,19821,TORIBÍO,19821023,LA BODEGA,CP,-76.258136,2.945356,
gb:COL:ADM2:7082276B98056345530252,19,CAUCA,19821,TORIBÍO,19821024,BELÉN,CP,-76.259896,2.990183,
gb:COL:ADM2:7082276B98056345530252,19,CAUCA,19821,TORIBÍO,19821025,BUENAVISTA,CP,-76.259108,3.015778,
gb:COL:ADM2:7082276B98056345530252,19,CAUCA,19821,TORIBÍO,19821026,LA SUSANA,CP,-76.256621,3.037226,
gb:COL:ADM2:7082276B98056345530252,19,CAUCA,19821,TORIBÍO,19821027,EL CONGO,CP,-76.252225,2.990874,
gb:COL:ADM2:7082276B98056345530252,19,CAUCA,19821,TORIBÍO,19821028,EL SESTEADERO,CP,-76.242545,2.944417,
gb:COL:ADM2:7082276B98056345530252,19,CAUCA,19821,TORIBÍO,19821029,SAN DIEGO,CP,-76.244903,3.007073,
gb:COL:ADM2:7082276B98056345530252,19,CAUCA,19821,TORIBÍO,19821030,LA CAPILLA,CP,-76.246638,3.047538,
gb:COL:ADM2:7082276B98056345530252,19,CAUCA,19821,TORIBÍO,19821031,LA ALBANIA,CP,-76.238988,3.000712,
gb:COL:ADM2:7082276B98056345530252,19,CAUCA,19821,TORIBÍO,19821032,CHIMICUETO,CP,-76.233631,3.012502,
gb:COL:ADM2:7082276B98056345530252,19,CAUCA,19821,TORIBÍO,19821033,GALLINAZAS,CP,-76.23757,3.027619,
gb:COL:ADM2:7082276B98056345530252,19,CAUCA,19821,TORIBÍO,19821034,SOTO,CP,-76.233678,3.038453,
gb:COL:ADM2:7082276B98056345530252,19,CAUCA,19821,TORIBÍO,19821035,GARGANTILLAS,CP,-76.23845,3.048218,
gb:COL:ADM2:7082276B98056345530252,19,CAUCA,19821,TORIBÍO,19821036,TRIUNFO,CP,-76.232502,3.048451,
gb:COL:ADM2:7082276B98056345530252,19,CAUCA,19821,TORIBÍO,19821037,ASOMADERO,CP,-76.223972,3.019539,
gb:COL:ADM2:7082276B98056345530252,19,CAUCA,19821,TORIBÍO,19821038,PUENTE QUEMADO,CP,-76.219617,2.91679,
gb:COL:ADM2:7082276B98056345530252,19,CAUCA,19821,TORIBÍO,19821039,LA PLAYA,CP,-76.222955,3.046489,
gb:COL:ADM2:7082276B98056345530252,19,CAUCA,19821,TORIBÍO,19821040,LA TOLDA,CP,-76.210486,3.013761,
gb:COL:ADM2:7082276B98056345530252,19,CAUCA,19821,TORIBÍO,19821041,LA CALERA,CP,-76.205542,3.00803,
gb:COL:ADM2:7082276B98098551259160,86,PUTUMAYO,86219,COLÓN,86219000,COLÓN,CM,-76.972566,1.190133,
gb:COL:ADM2:7082276B98098551259160,86,PUTUMAYO,86219,COLÓN,86219001,SAN PEDRO,CP,-76.94321,1.210954,
gb:COL:ADM2:7082276B98098551259160,86,PUTUMAYO,86219,COLÓN,86219002,LAS PALMAS,CP,-76.958424,1.197855,
gb:COL:ADM2:7082276B98098551259160,86,PUTUMAYO,86219,COLÓN,86219003,MICHUACAN,CP,-76.962477,1.197252,
gb:COL:ADM2:7082276B98120491021397,19,CAUCA,19075,BALBOA,19075000,BALBOA,CM,-77.215773,2.040998,
gb:COL:ADM2:7082276B98120491021397,19,CAUCA,19075,BALBOA,19075001,LA PLANADA,CP,-77.220659,2.11019,
gb:COL:ADM2:7082276B98120491021397,19,CAUCA,19075,BALBOA,19075002,OLAYA,CP,-77.136236,2.041879,
gb:COL:ADM2:7082276B98120491021397,19,CAUCA,19075,BALBOA,19075003,SAN ALFONSO,CP,-77.191397,2.157996,
gb:COL:ADM2:7082276B98120491021397,19,CAUCA,19075,BALBOA,19075005,LA BERMEJA,CP,-77.248733,2.076717,
gb:COL:ADM2:7082276B98120491021397,19,CAUCA,19075,BALBOA,19075006,PURETO,CP,-77.27709,2.038537,
gb:COL:ADM2:7082276B98120491021397,19,CAUCA,19075,BALBOA,19075008,LA LOMITA,CP,-77.190245,1.993876,
gb:COL:ADM2:7082276B98120491021397,19,CAUCA,19075,BALBOA,19075009,EL VIJAL,CP,-77.113418,2.074342,
gb:COL:ADM2:7082276B98120491021397,19,CAUCA,19075,BALBOA,19075011,PARAÍSO,CP,-77.20637,2.085538,
gb:COL:ADM2:7082276B98315935443,41,HUILA,41244,ELÍAS,41244000,ELÍAS,CM,-75.938301,2.012854,
gb:COL:ADM2:7082276B98315935443,41,HUILA,41244,ELÍAS,41244001,EL VISO,CP,-75.906767,2.017252,
gb:COL:ADM2:7082276B98315935443,41,HUILA,41244,ELÍAS,41244002,ORITOGUAZ,CP,-76.012499,1.986866,
gb:COL:ADM2:7082276B9908924507903,66,RISARALDA,66687,SANTUARIO,66687000,SANTUARIO,CM,-75.964628,5.074911,
gb:COL:ADM2:7082276B9908924507903,66,RISARALDA,66687,SANTUARIO,66687002,LA MARINA,CP,-75.951021,5.055873,
gb:COL:ADM2:7082276B9908924507903,66,RISARALDA,66687,SANTUARIO,66687003,PERALONSO,CP,-75.924874,4.991393,
gb:COL:ADM2:7082276B9908924507903,66,RISARALDA,66687,SANTUARIO,66687014,PLAYA RICA,CP,-75.906307,4.994894,
gb:COL:ADM2:7082276B9908924507903,66,RISARALDA,66687,SANTUARIO,66687015,EL ROSAL,CP,-75.949301,5.064996,
