{"type":"FeatureCollection","crs":{"type":"name","properties":{"name":"EPSG:4326"}},"features":[{"type":"Feature","id":10,"geometry":{"type":"MultiPolygon","coordinates":[[[[-153.530839945307,59.3926011822988],[-153.528376309219,59.3914284555588],[-153.52789448844,59.3911920930407],[-153.528776306981,59.3899284556338],[-153.526058122284,59.3883284555938],[-153.524321812901,59.3877669297001],[-153.520858121705,59.3866466388314],[-153.519503578128,59.3855557297132],[-153.521058121935,59.3848011850267],[-153.523621758138,59.3847284568529],[-153.526094484573,59.3841466368578],[-153.527194483139,59.3824830016893],[-153.528403573966,59.3810466377922],[-153.531718057742,59.3802667708948],[-153.532421755659,59.3801011832231],[-153.535621753041,59.3768193637227],[-153.538621751992,59.3747466368479],[-153.54108538808,59.3737648190912],[-153.543867205207,59.3724830009897],[-153.546412657118,59.3703011818541],[-153.549758112647,59.3692466350242],[-153.553139929564,59.369328452646],[-153.553685384573,59.3693466351392],[-153.557830839222,59.3689739066206],[-153.561203563993,59.3689648162733],[-153.565230837833,59.3685920868554],[-153.570067200241,59.3686920869703],[-153.572785384938,59.370164814055],[-153.573839930868,59.3729648136753],[-153.572758113896,59.3746375409898],[-153.571885386601,59.3759011765981],[-153.568158117603,59.3812557229733],[-153.564430847705,59.3867739045921],[-153.561076305427,59.3875375414245],[-153.559549032662,59.3898466326161],[-153.554539941965,59.3922193607349],[-153.544530852717,59.3921375440125],[-153.539258124863,59.3925102716318],[-153.536003580901,59.3927648184417],[-153.530839945307,59.3926011822988]]],[[[-153.423085417958,59.4149102883791],[-153.421876320836,59.4082648335553],[-153.419858139641,59.4084375627434],[-153.414830869149,59.410810289963],[-153.410821777803,59.4127193815942],[-153.404967233551,59.4126284727259],[-153.399012688285,59.4129284739699],[-153.392267233346,59.4109739297032],[-153.385939958662,59.4091375680444],[-153.382185413226,59.4061739322812],[-153.383503591817,59.4025466589013],[-153.384130862649,59.4008284780519],[-153.382403587855,59.3960284788313],[-153.375612676684,59.3912921156387],[-153.371767222379,59.3894739337751],[-153.367285402399,59.3869193897181],[-153.360449034995,59.383028481879],[-153.347149034101,59.3783648486589],[-153.344658121575,59.3751193950441],[-153.34395154223,59.3722970823445],[-153.342894481795,59.3680739415592],[-153.338876295605,59.3595921241773],[-153.338421751263,59.3586284889137],[-153.339158110758,59.3552375789512],[-153.347058106347,59.3486830320963],[-153.357739919961,59.3414193958885],[-153.369794463244,59.3359375756586],[-153.382539915185,59.3334193920913],[-153.395712638627,59.3293648454114],[-153.40573990857,59.3243466625685],[-153.411767178413,59.3219193887688],[-153.413912636159,59.3234557509822],[-153.416212637004,59.3272830227933],[-153.422149000676,59.3275466599504],[-153.435148999427,59.3272102928208],[-153.45373990887,59.3254739258811],[-153.467494451408,59.3241648331406],[-153.489667177099,59.3225193759685],[-153.514512628555,59.320173917992],[-153.517994444688,59.3206102807399],[-153.522612629769,59.3218466444072],[-153.530503541305,59.3251920972376],[-153.541785361006,59.3296193661409],[-153.547330816364,59.3324011841674],[-153.546021726322,59.3341830028434],[-153.545498840699,59.3349099518329],[-153.54362172896,59.3375193662258],[-153.542294456424,59.3396466387814],[-153.541121730583,59.342692093965],[-153.538294462619,59.3486648208249],[-153.538967193281,59.354401183368],[-153.53893992134,59.354455729948],[-153.537976286976,59.3563466390862],[-153.534712649969,59.3557920937302],[-153.53385810157,59.3518375480645],[-153.532776280101,59.3466284580369],[-153.532249003988,59.3422193671302],[-153.530749003164,59.3394739140899],[-153.52870354823,59.3379920957587],[-153.526030821565,59.33910118737],[-153.524358094251,59.3401284595608],[-153.524412640831,59.3426011868953],[-153.523867187621,59.3433466421339],[-153.525230825142,59.3452284600255],[-153.526939915645,59.3468284600654],[-153.525394463084,59.3478102769228],[-153.526176282409,59.3484920961334],[-153.526549010029,59.3496920948144],[-153.527339919701,59.3510102770027],[-153.527594467411,59.3528375492136],[-153.528530830733,59.3549557314219],[-153.528785379342,59.3568466396608],[-153.531285376819,59.3579920935603],[-153.534330832902,59.3595193663257],[-153.538958105632,59.3604739103428],[-153.540612651353,59.3598375482643],[-153.541949015135,59.3595102741799],[-153.542067195944,59.3594830022388],[-153.544694469974,59.3617011818641],[-153.544984425791,59.3621237616024],[-153.54618538225,59.3638739088539],[-153.547785383189,59.3657557267454],[-153.547758107651,59.3658011829783],[-153.546030837353,59.3684102727159],[-153.542685385422,59.3694557282993],[-153.540864094602,59.3690146513052],[-153.539194474445,59.3686102738451],[-153.535367202634,59.3682830015593],[-153.531212656739,59.3678466379121],[-153.528867203259,59.3689466391761],[-153.527112659222,59.3717011852615],[-153.523130843414,59.3745920946495],[-153.52036720878,59.3765466398156],[-153.518121752717,59.3771375501578],[-153.514776299886,59.3782466408699],[-153.512285390958,59.3776193691386],[-153.510049026142,59.3771648238975],[-153.509158118153,59.377401187315],[-153.508067209934,59.3799830051116],[-153.508003574805,59.3829102767879],[-153.50993084893,59.3845011855813],[-153.512858122404,59.3850648221838],[-153.513794486626,59.3873011852016],[-153.515703577358,59.3868920943947],[-153.516939941925,59.3870011848568],[-153.515730850199,59.3885466401154],[-153.514285396854,59.389873912651],[-153.509912671832,59.3901830042423],[-153.502858126202,59.3918193692685],[-153.490858126801,59.3924466436977],[-153.476394494011,59.3942830089538],[-153.466103586911,59.3976466469753],[-153.461021770738,59.4028375572075],[-153.448039956279,59.4070102873949],[-153.434158141685,59.4106830143097],[-153.43016723463,59.4141375603002],[-153.423085417958,59.4149102883791]]],[[[-150.804946586716,62.9119815303234],[-150.789749692594,62.8797462389978],[-150.804260611738,62.8789102283245],[-150.807342637852,62.8752790204105],[-150.792983598914,62.8704146657043],[-150.792068631362,62.8669886471084],[-150.801055706755,62.8668096100755],[-150.810607723667,62.8643486827456],[-150.812179665759,62.8616212116497],[-150.807571631326,62.8579211039758],[-150.805312707915,62.85611229035],[-150.818450670762,62.8500240096004],[-150.815490686246,62.8486428397953],[-150.799484602832,62.8499247694126],[-150.78952070002,62.8487306828748],[-150.783096641197,62.8459618051932],[-150.759185586246,62.8444616119139],[-150.755142658807,62.8460375766729],[-150.756072715184,62.8490057773948],[-150.768462676811,62.852266839643],[-150.770400572828,62.8545559380062],[-150.765807625422,62.8586382602476],[-150.75474569176,62.8615414157038],[-150.736251693261,62.8621212760761],[-150.722411662069,62.8565662528304],[-150.691116653311,62.8506798096255],[-150.679748612908,62.8465067961518],[-150.677352562671,62.8430697131968],[-150.678939591789,62.8398884450957],[-150.69108564019,62.8342613375907],[-150.690231691639,62.8287827594169],[-150.69096360039,62.8273028503463],[-150.698181592407,62.8126382082867],[-150.698135658634,62.7782016607781],[-150.684631574587,62.7626101477402],[-150.671966686613,62.7531796688068],[-150.626693680769,62.7360168836723],[-150.614789648024,62.7329377938441],[-150.614707850187,62.7329166363937],[-150.610412671907,62.7318056481122],[-150.59104963783,62.7309887480324],[-150.583465691888,62.7299356446144],[-150.558364573966,62.7264333509185],[-150.524368580046,62.7170679145527],[-150.509826648681,62.7062416806091],[-150.501983701587,62.6888500701747],[-150.482192687343,62.672507035971],[-150.480392589946,62.6672458832909],[-150.482513713837,62.6633858491776],[-150.490615662083,62.6586554376984],[-150.488738618692,62.6554473482166],[-150.480697691245,62.6583536890715],[-150.476272717412,62.6574075402258],[-150.474838573042,62.6555724061417],[-150.477889586036,62.6537684533515],[-150.471535239959,62.6509578462277],[-150.481960265654,62.6432086579533],[-150.487670322128,62.6389642284165],[-150.668888182244,62.5045667053892],[-150.852340241609,62.4064485891311],[-150.957190474061,62.4301576329684],[-150.980473320188,62.4871021563395],[-151.064516178579,62.4946377493327],[-151.126616783238,62.5001620148652],[-151.164699870303,62.503549761912],[-151.171654976996,62.5033741081286],[-151.17066964199,62.5072509406784],[-151.1740116738,62.5170703413232],[-151.171981578387,62.5220835572105],[-151.18072457328,62.533966078172],[-151.183044683865,62.5469746240797],[-151.183502670812,62.5501718173755],[-151.211395633302,62.5751056326189],[-151.212814688847,62.5814963310909],[-151.220168635874,62.5876684286551],[-151.246276587994,62.5998191706183],[-151.261993661678,62.6139944780628],[-151.308318597325,62.6457880430838],[-151.325820682279,62.6554393010829],[-151.347350605846,62.6672918152651],[-151.368636617086,62.6766731768257],[-151.370086685752,62.6819224269785],[-151.364089601654,62.6889840134016],[-151.35461469801,62.6944421409921],[-151.332198639156,62.7042124233647],[-151.323760577389,62.7032895750539],[-151.315856610394,62.697803116121],[-151.320831605094,62.6959874289767],[-151.329284586614,62.6957700016843],[-151.344238572952,62.6866716136041],[-151.33183268613,62.6855115583118],[-151.309448644939,62.6909480608044],[-151.303497661888,62.6893417529196],[-151.303024587015,62.6863738894435],[-151.31048565409,62.6859316586192],[-151.311981657428,62.6841119479081],[-151.309203558997,62.6802324677543],[-151.32344072361,62.6788854955692],[-151.331420631157,62.6734260270895],[-151.329940722087,62.6720530716919],[-151.31155367726,62.6765851673716],[-151.299133707954,62.6770163320381],[-151.283706646744,62.6817775875656],[-151.27975457961,62.6792594966285],[-151.297210564416,62.6688030729035],[-151.28532368444,62.6674140241379],[-151.277374621841,62.6685356900701],[-151.2688906281,62.67330817813],[-151.265365702065,62.6787745201281],[-151.256912719646,62.6803545093532],[-151.257812601071,62.6901618383982],[-151.260269673007,62.692450935862],[-151.267715652156,62.6931491488142],[-151.280654629208,62.6902117939392],[-151.289092690975,62.6906850369849],[-151.305404712058,62.7009775107036],[-151.303375621188,62.7057617340168],[-151.30134569215,62.7064554197818],[-151.297393625016,62.7078017210726],[-151.285980658081,62.706871498321],[-151.28407260067,62.696148192685],[-151.271667720189,62.6949802593315],[-151.257202565746,62.7017935726153],[-151.249252666777,62.701774294748],[-151.241760585682,62.7054105316707],[-151.236236577356,62.711326814381],[-151.22726458809,62.7147260106969],[-151.222808600237,62.7124338960076],[-151.216979656986,62.7007904274363],[-151.219482660896,62.6989703803788],[-151.240341698311,62.6983372108936],[-151.245834694416,62.6956102434181],[-151.24960370095,62.6655146838556],[-151.254608703329,62.6621035850125],[-151.266113703285,62.6582772457983],[-151.273010667908,62.6559844602147],[-151.271056679422,62.6525596152341],[-151.26412970712,62.651861235008],[-151.247711569633,62.6566144443012],[-151.237792593353,62.6569654775748],[-151.235732656637,62.6552411525572],[-151.249832694423,62.6488239681516],[-151.249557599903,62.6461501407165],[-151.238601615372,62.6500220773571],[-151.223983575282,62.6481220679791],[-151.218978572903,62.6522162918484],[-151.207580693894,62.6524144403742],[-151.204559687679,62.6558283891689],[-151.207473572947,62.6617686442076],[-151.214385626396,62.6652058953359],[-151.211364620181,62.668161857184],[-151.201461569096,62.6667697902936],[-151.18174766812,62.6550840760693],[-151.177780681233,62.6557593221351],[-151.180129625882,62.6655716810883],[-151.192413640177,62.6772374456517],[-151.193359621749,62.6792675428629],[-151.198226658234,62.689566722826],[-151.20368964666,62.6898109723985],[-151.218124625251,62.6864236768113],[-151.229522672433,62.6885027241215],[-151.222015671586,62.6939620253273],[-151.206085697797,62.6964301607234],[-151.194183562621,62.6948052449661],[-151.187759671971,62.6922791068953],[-151.187438644578,62.6776803455716],[-151.175659723717,62.6669298849063],[-151.168746665726,62.6637176036845],[-151.155364622379,62.6620846416929],[-151.156783677924,62.6675630543915],[-151.15277059089,62.671198117699],[-151.146316692561,62.6718659884247],[-151.142776680399,62.6771003179254],[-151.145660557988,62.6834935309018],[-151.157012672297,62.6892277593537],[-151.149535679128,62.6908028859445],[-151.146072612061,62.6899940329983],[-151.140624709763,62.6887240068075],[-151.134765591559,62.6820935859503],[-151.127837613815,62.6800225848745],[-151.123336699429,62.682059722878],[-151.132095621316,62.6959989960569],[-151.131988667643,62.7035256093195],[-151.116134632607,62.7000544960183],[-151.096526678963,62.6822045622908],[-151.088073698342,62.6835434873421],[-151.085021679007,62.687865700142],[-151.094314694767,62.6979333712281],[-151.130370625404,62.712413779972],[-151.13577259393,62.7179040942985],[-151.130767591551,62.7201700567028],[-151.122802604656,62.7210592101145],[-151.116714661153,62.7239814761642],[-151.114791683989,62.7249085153158],[-151.110824697102,62.7244424812356],[-151.108428645965,62.7182782617325],[-151.102508676035,62.7148368197635],[-151.094573695919,62.7132160948469],[-151.091674563131,62.7084167854064],[-151.081725579172,62.7086105749182],[-151.07926968175,62.7070047697543],[-151.08186371324,62.6994893881248],[-151.077926565858,62.6976512359159],[-151.060439568831,62.7032935977214],[-151.049041688923,62.7021104091681],[-151.041641641748,62.6991194106324],[-151.025756593592,62.6976931461219],[-151.027145643257,62.7038573647256],[-151.037032600974,62.7068557404002],[-151.055877633646,62.7089766961177],[-151.060684654773,62.7197120697563],[-151.066604625603,62.7220164233194],[-151.079452575076,62.7270743993641],[-151.083358709337,62.7318777323715],[-151.081817613092,62.7350667112598],[-151.075851709389,62.7352727378466],[-151.061004675825,62.7306606798466],[-151.05551167972,62.7315536877525],[-151.054473665128,62.7345136731676],[-151.061843704623,62.7397860583799],[-151.065673563784,62.749609480793],[-151.073043604179,62.7553356621112],[-151.097457572609,62.7542748479059],[-151.100982666817,62.7506354255845],[-151.096572611837,62.7462904149707],[-151.104049605005,62.7456304241048],[-151.106567695942,62.7435852389677],[-151.100234665597,62.7337587993292],[-151.104736586324,62.7319506547989],[-151.128936649207,62.7441121256741],[-151.137878630794,62.7459621786117],[-151.147369627806,62.7446993622858],[-151.151336614693,62.7441771691411],[-151.158264593336,62.7467061571635],[-151.158676647409,62.7530924966215],[-151.170059606665,62.7579109175549],[-151.164047602815,62.7615461490356],[-151.158065606642,62.7622141870352],[-151.138778680392,62.7530344939468],[-151.130340617725,62.7509557820837],[-151.120391633767,62.7511544333305],[-151.106902636747,62.7549876451637],[-151.118240670371,62.7625487923929],[-151.111755591647,62.763442135746],[-151.099349703926,62.7608940371302],[-151.060577701999,62.7575709477411],[-151.04919457457,62.7534277728735],[-151.043289691666,62.7493005241],[-151.03749058792,62.7390149230004],[-151.038589623312,62.7324078035773],[-151.035903558802,62.7284517128763],[-151.034225669379,62.7260025207997],[-151.026351709164,62.7211842680396],[-151.004104630224,62.7142567921173],[-150.982284692385,62.7118919222744],[-150.94430561821,62.6973639052201],[-150.934326626573,62.6991462329124],[-150.925918571585,62.6977382408272],[-150.921905651824,62.6995465517321],[-150.927718669881,62.7066426721217],[-151.007217667661,62.7350248019531],[-151.015090622434,62.7400722163597],[-151.017944661417,62.7476103967025],[-151.012847625118,62.7539779610141],[-151.000839710784,62.7578078201748],[-150.989913564859,62.7561668110495],[-151.00096158421,62.7509636610442],[-150.991561613877,62.7484195859952],[-150.973144561372,62.7488004587742],[-150.954757682921,62.7469002821224],[-150.951705665384,62.7509906505981],[-150.954086627696,62.7557928108895],[-150.958038695729,62.7574028068941],[-150.972473674321,62.7576928211668],[-150.974395644244,62.7613480014092],[-150.966811698301,62.7670203699942],[-150.968780607439,62.7683973489586],[-150.978256683799,62.7679784222664],[-150.989288609781,62.7634610790656],[-151.017745673824,62.7592419636458],[-151.031173650943,62.7595170581658],[-151.048538607271,62.7625449369993],[-151.058441658356,62.766684255574],[-151.058898638961,62.7685123488658],[-151.046417649755,62.7707474672219],[-151.038467582613,62.7698093637112],[-151.02743565663,62.7741005642897],[-151.03138755739,62.7763935171471],[-151.061279603071,62.7758178476157],[-151.066711579276,62.7788007999171],[-151.064666562312,62.7815319591327],[-151.053161562356,62.7849118775811],[-151.014358714583,62.7818028619126],[-151.008361631384,62.7831498340976],[-151.006805613588,62.7858809933132],[-151.008270602906,62.7883950606836],[-151.016677651552,62.7918472315645],[-151.040634640276,62.7896572079139],[-151.055053692774,62.7908482772262],[-151.059493587259,62.7940565339819],[-151.057433649643,62.7976956208562],[-151.041519601049,62.796043380098],[-151.028259598402,62.7973405640159],[-151.019058614763,62.7982414508823],[-151.028945573379,62.8023836203079],[-151.015884723801,62.8080378837414],[-151.022811696103,62.8110248587103],[-151.040283606104,62.8106352679034],[-151.046310696981,62.8076910413085],[-151.064315696312,62.8036507956477],[-151.069793605391,62.8038988997145],[-151.073745671625,62.8066488349758],[-151.067184654148,62.811185456044],[-151.068603709693,62.8168925258694],[-151.07899458813,62.8219424547805],[-151.087966577396,62.8217446417019],[-151.096511591936,62.8174415412942],[-151.096587699762,62.8126532953134],[-151.092193570877,62.806709854876],[-151.079345622303,62.7989126733812],[-151.075942568794,62.7932014118157],[-151.085021679007,62.786387931258],[-151.095519676592,62.7834591262377],[-151.108886633811,62.7855069931533],[-151.116683648032,62.8015407352168],[-151.123611625776,62.8061229537114],[-151.129089703027,62.8056840782577],[-151.141158637261,62.7986496486624],[-151.156600618224,62.7986945760939],[-151.163665723694,62.7914162350713],[-151.174667641998,62.7882540775637],[-151.190612703713,62.7885243103487],[-151.205520589903,62.7915273786857],[-151.239883709566,62.7936634232285],[-151.24882468661,62.796875536277],[-151.250305601123,62.798927593134],[-151.245773673616,62.8021128839025],[-151.236282676604,62.8043718073131],[-151.222839613357,62.80365783644],[-151.201476657022,62.7974476840634],[-151.187469657699,62.7976847246704],[-151.18397557841,62.8015067048706],[-151.185912636259,62.8065271297233],[-151.192367707304,62.8088269560992],[-151.224273588655,62.8093612190451],[-151.239181642119,62.8135002021726],[-151.243652716999,62.8162472865831],[-151.237106618376,62.8221608884143],[-151.231628709297,62.8216906625941],[-151.213256583325,62.8141223072987],[-151.209731658189,62.8170782691469],[-151.214172558117,62.8216485860135],[-151.237045597576,62.827405946827],[-151.239517589265,62.8303741466496],[-151.22750866859,62.8330861961711],[-151.213058602972,62.8312240716336],[-151.195220571772,62.8204625466093],[-151.16816663808,62.810449357352],[-151.162963656248,62.8085181666801],[-151.135955655429,62.8141412497189],[-151.13232461389,62.8221794962868],[-151.127136719084,62.8248727688633],[-151.120483666788,62.8240255256575],[-151.12055960734,62.8161250786096],[-151.117233667999,62.8147323417243],[-151.113418561318,62.8215996359145],[-151.098342701554,62.8288479701578],[-151.099807690872,62.8313620384274],[-151.119109705948,62.841913513298],[-151.125594617398,62.8426155807445],[-151.140075695237,62.8412915763452],[-151.142059692301,62.8424363764377],[-151.130523679224,62.846735789625],[-151.123458571955,62.85195788295],[-151.124923561273,62.8549299381662],[-151.155853622447,62.8566160419968],[-151.165374626238,62.853678855295],[-151.172744665734,62.854040953827],[-151.175399718023,62.8516529489245],[-151.169494666945,62.8445689001347],[-151.177017592988,62.8411653439056],[-151.1865085891,62.8407343474123],[-151.214919721168,62.8433174818164],[-151.219894714969,62.8451527831745],[-151.211364620181,62.8492349381419],[-151.191940565305,62.8457665057197],[-151.185928562353,62.8475746511493],[-151.188888714143,62.8496349224138],[-151.204849701952,62.8515000632773],[-151.208282594066,62.8567528351753],[-151.206252665028,62.8603962801643],[-151.200271674298,62.8594692419121],[-151.193328608628,62.8551210458996],[-151.172805685634,62.8591723550202],[-151.173278593232,62.8609950829568],[-151.189208567921,62.8660545680639],[-151.188690565617,62.8676486379743],[-151.173690648205,62.8678357221409],[-151.167251669629,62.8639443403591],[-151.158233580216,62.8655166169983],[-151.147613709205,62.863830514067],[-151.134811692605,62.8617962260151],[-151.115264590688,62.86629848129],[-151.116851620706,62.861060294597],[-151.112396639194,62.8578522051153],[-151.099883631424,62.8594124119533],[-151.086913642151,62.8589123484262],[-151.110961657554,62.8532901026562],[-151.113983669211,62.8512449184183],[-151.109039686732,62.8478116908569],[-151.097610627329,62.8450376159932],[-151.092681564602,62.8406897554279],[-151.091262676331,62.8349823501554],[-151.084304690909,62.8335931332166],[-151.072311696328,62.8342340125897],[-151.063857709366,62.8326092650057],[-151.053954658281,62.8282448083513],[-151.045455575714,62.8286687649516],[-151.040374632783,62.8345771687015],[-151.034377716858,62.8350123569348],[-151.030425649724,62.8329490684448],[-151.03150959719,62.8281608215647],[-151.040634640276,62.8190746705596],[-151.038192656266,62.8166284957086],[-151.037200573648,62.8156404375562],[-151.020706664681,62.8174034873811],[-150.999175568398,62.8230225468531],[-150.987686660911,62.8234347690994],[-150.977249682327,62.821111473116],[-150.938796696011,62.8241396873967],[-150.926727592704,62.8284208281588],[-150.922592633143,62.8354743674482],[-150.90705861916,62.8388234409491],[-150.900146566611,62.8351422756955],[-150.890411657272,62.823697625645],[-150.900543700931,62.8162161070877],[-150.913070623011,62.8133101007806],[-150.959060616954,62.8080378837414],[-150.960113720372,62.8083999822734],[-150.983337625831,62.8163463621949],[-151.004272602898,62.8168844796351],[-151.008315697611,62.8137063969327],[-151.006866634388,62.8107380298363],[-151.001907564882,62.809349987412],[-150.988433655789,62.8097541616253],[-150.978668570598,62.7987676666945],[-150.980254595173,62.7937584743742],[-150.99885571372,62.7847098736618],[-150.995406560964,62.7830998776573],[-150.982452665058,62.7830469039915],[-150.988494675689,62.7798797183743],[-151.001968584782,62.7783345976636],[-151.014007681309,62.7735934581716],[-151.021575701158,62.7674631017408],[-151.021148559159,62.7631289882123],[-151.015182656354,62.763335182073],[-150.991592626998,62.7737344421908],[-150.986480671845,62.7745087620698],[-150.969619636237,62.7770645723722],[-150.964935661252,62.7870792697925],[-150.947051697178,62.7849541223349],[-150.944595631583,62.7831188209769],[-150.948150564397,62.7794839249432],[-150.958145649402,62.7781597523708],[-150.961685661564,62.7747525080219],[-150.9463657222,62.7692134108703],[-150.948501597671,62.7616990346827],[-150.945602633055,62.7575789939755],[-150.925720591232,62.755670602916],[-150.923705581947,62.7570288058348],[-150.927078626877,62.7622901266881],[-150.92254670027,62.765460163156],[-150.916107721694,62.7638352473988],[-150.908767688978,62.7571897386156],[-150.903747599572,62.7594478229587],[-150.905044616216,62.7685762187176],[-150.886871644211,62.7803499432953],[-150.891265604924,62.7844768566217],[-150.892211587395,62.7840919602758],[-150.906844712713,62.7781637750383],[-150.916854716572,62.7756983223198],[-150.922317705897,62.7759506172272],[-150.932647564434,62.7826120512053],[-150.932021603015,62.7887650390754],[-150.941390559327,62.7940525113144],[-150.961913648696,62.7891199277425],[-150.970367636557,62.789841274855],[-150.969283689091,62.7941703602739],[-150.964217666812,62.7984815078154],[-150.953201666923,62.8016287446709],[-150.927276608129,62.8017427391362],[-150.907277408925,62.8052643871418],[-150.906588251247,62.8053857407594],[-150.900756601936,62.8064126334364],[-150.893798615614,62.8056949744436],[-150.881469674786,62.7990266669472],[-150.862396654082,62.7831987841966],[-150.857986599102,62.7811390147538],[-150.844161655836,62.7746685212353],[-150.810561624419,62.7635519375719],[-150.792465598409,62.7509137046038],[-150.788604557954,62.7456453429583],[-150.783416663148,62.7344419243554],[-150.789703593346,62.7214783049798],[-150.815170665194,62.6967501817755],[-150.815582719267,62.6794195912412],[-150.809280701143,62.6727700597905],[-150.800002605136,62.6665639309807],[-150.793044618814,62.6672116838722],[-150.78764365573,62.6651287811684],[-150.773620564837,62.669839913881],[-150.770934667601,62.678038421436],[-150.759307626945,62.6859584808992],[-150.754989605886,62.6993903143116],[-150.732177585427,62.7165950078534],[-150.726760697148,62.7247933481345],[-150.725433673725,62.7268192536057],[-150.726699676349,62.7352650270594],[-150.72410564486,62.739355060088],[-150.724944673658,62.7448331373395],[-150.739974598749,62.759745046197],[-150.764022615052,62.7728794881979],[-150.788467596602,62.791031337826],[-150.832183581007,62.8179416048213],[-150.843414660958,62.8287140269309],[-150.845123562602,62.8333301093971],[-150.856109723885,62.862754444662],[-150.867294702788,62.8755800981431],[-150.856811624057,62.875759135176],[-150.835952588441,62.8701816486642],[-150.827422660028,62.8717349837825],[-150.831359640135,62.8742639709056],[-150.844787617255,62.8768390599747],[-150.86114456487,62.8826182140594],[-150.863571629127,62.8860514416208],[-150.857498605376,62.8889854429239],[-150.849990599087,62.8898625256351],[-150.834548619024,62.8875053665794],[-150.82250969067,62.8892672427891],[-150.818954590582,62.8910715310264],[-150.812774614057,62.8985678029618],[-150.815673578673,62.9029133162966],[-150.820175666674,62.9029359477358],[-150.821899656244,62.9021921382566],[-150.834823712644,62.8966268888199],[-150.848388650216,62.8941889292757],[-150.854308620147,62.8976370756906],[-150.856216676658,62.9015212503055],[-150.854141652915,62.9047021820601],[-150.847595721565,62.9069532256109],[-150.835525613716,62.9096275557671],[-150.817977595889,62.9109096517591],[-150.809371561448,62.9151966596982],[-150.804946586716,62.9119815303234]]],[[[-150.450958699384,63.0848170443712],[-150.447982619702,63.0838829653267],[-150.432311646166,63.0855843243571],[-150.428237705606,63.0871483865888],[-150.426559648909,63.0916955692952],[-150.421996709181,63.0925733220013],[-150.391921602,63.0889144536392],[-150.383972707574,63.0865683589427],[-150.382079570816,63.0831352986552],[-150.388320569039,63.0781676801943],[-150.410888675372,63.0799459852191],[-150.414977702959,63.0781529277155],[-150.430648677395,63.076451568685],[-150.445419602233,63.0713245274051],[-150.448104661301,63.0667842182172],[-150.445159594739,63.0644803682744],[-150.436630672667,63.064186163161],[-150.425506713664,63.0656972517268],[-150.407638675684,63.0728503693491],[-150.400115583268,63.0721067262445],[-150.398269720271,63.0677615465582],[-150.405700612393,63.0582090278244],[-150.409911680679,63.0528028675583],[-150.420989706809,63.0519784239651],[-150.428329572252,63.0575109830455],[-150.435302644701,63.0593881937102],[-150.445846576059,63.0596969831293],[-150.449432689267,63.0579002384054],[-150.448486707695,63.0560687933402],[-150.438003628964,63.0543937529694],[-150.437530722265,63.0532497910451],[-150.451721620356,63.0501665922145],[-150.46299762594,63.044093232117],[-150.461089570327,63.0413432968557],[-150.447463612855,63.0430642701],[-150.435241623902,63.0473026633873],[-150.426696609361,63.047237451747],[-150.4227447104,63.0453833752426],[-150.441009715426,63.0409620877302],[-150.446655597178,63.0375861928486],[-150.458328570707,63.0342548899513],[-150.46638458608,63.0336339584405],[-150.476119662692,63.0284606470413],[-150.480636671345,63.028723839034],[-150.485992706998,63.0335499707546],[-150.495941690956,63.0363612622625],[-150.502502709333,63.03526591499],[-150.507812644838,63.0310167927908],[-150.50869760561,63.0302957811255],[-150.501006706894,63.0204384956401],[-150.49113466893,63.0155741418332],[-150.477065645163,63.0161541703787],[-150.46810857565,63.0135789140357],[-150.439681685661,63.0222533446162],[-150.429656594776,63.0217192498436],[-150.417770721142,63.0172944441833],[-150.4097596332,63.0170042617373],[-150.402633674205,63.0194571419336],[-150.403549648098,63.0217423840039],[-150.413940693808,63.025931491745],[-150.418792642367,63.0303028219178],[-150.415206696432,63.0320957112481],[-150.399291642395,63.0278656996424],[-150.391784642447,63.0273505481893],[-150.387679687867,63.0295977363465],[-150.389037557138,63.0332557674398],[-150.402465700632,63.0367850506896],[-150.400848663835,63.0397373253174],[-150.393783558365,63.0408202673415],[-150.384261716405,63.0400585190854],[-150.380340660593,63.0372881332408],[-150.37745661573,63.0316266599424],[-150.376617587831,63.0299636902722],[-150.37933366002,63.0245126025746],[-150.377471703656,63.0208503824393],[-150.368987709016,63.0196402034327],[-150.363891679058,63.0211932022046],[-150.36177072334,63.0241426259815],[-150.365112586976,63.0287275271537],[-150.363830659158,63.0355601192042],[-150.374938692067,63.0470505348543],[-150.36918669481,63.0529326199445],[-150.360595580122,63.0540009767637],[-150.352584660354,63.0530246529654],[-150.334258633629,63.0462566007616],[-150.311843581116,63.0538177488901],[-150.305297649767,63.0539899133039],[-150.304351668195,63.0523874608127],[-150.319747716284,63.0449944544306],[-150.317840665215,63.0422403292279],[-150.296966708946,63.0486754506116],[-150.293563656338,63.0461347291345],[-150.292770560413,63.0408854780824],[-150.300903689054,63.0373342333882],[-150.301986630179,63.0368609912418],[-150.325683612309,63.0347819439316],[-150.336654684766,63.036701063903],[-150.354842577423,63.0471113883799],[-150.359863672271,63.0471532967873],[-150.344268638387,63.0223983522022],[-150.340743713252,63.02259750617],[-150.335479709721,63.0284797576348],[-150.330413688341,63.0295784575798],[-150.315994634944,63.0260345891251],[-150.308242715429,63.0312149413165],[-150.300811655134,63.0288686793461],[-150.297942697298,63.0251945548849],[-150.277938614775,63.0350530139855],[-150.268386597863,63.0351980206722],[-150.265472712596,63.0328898126148],[-150.275283563386,63.0268206442574],[-150.269363592556,63.0242604758403],[-150.262389681938,63.0239096089414],[-150.2528225771,63.0234284878345],[-150.245208624378,63.025183491425],[-150.241561657644,63.0283427980817],[-150.244354675828,63.0333858543738],[-150.260909604694,63.0456195767821],[-150.254653687618,63.0508078070347],[-150.233108676124,63.0494727382763],[-150.206954623857,63.0385132320001],[-150.204254645036,63.0314167770626],[-150.192947625433,63.0258394587241],[-150.194335668756,63.0174161494358],[-150.186340674183,63.0166572511313],[-150.176666616571,63.0195303998082],[-150.165481636768,63.0114420313247],[-150.124679705804,63.0032096606973],[-150.12272672276,63.0028135318191],[-150.075759565951,62.9882018643247],[-150.015365607437,62.9622576940374],[-149.999999567026,62.9480429917907],[-149.99815370403,62.9463340901462],[-149.993885863342,62.9345483524246],[-150.001155139198,62.9326459517494],[-150.174092030223,62.8591379721398],[-150.181262047905,62.8544370098602],[-150.32113990908,62.7623905917525],[-150.393096695756,62.7091615373751],[-150.393885976756,62.7085776768184],[-150.403383885958,62.70155172783],[-150.416839659323,62.7080387607803],[-150.419677604038,62.7117130516161],[-150.441161594732,62.7223753355534],[-150.443954612915,62.7278686680047],[-150.44691459833,62.7281204601911],[-150.468154675798,62.7321598667845],[-150.491012565278,62.7395262118653],[-150.491969282057,62.7398345300396],[-150.508010626089,62.7450041281381],[-150.519897673339,62.7466872138439],[-150.552841570182,62.7587796176853],[-150.585693601279,62.7587796176853],[-150.590560636864,62.7622327949076],[-150.592254619655,62.7715982303741],[-150.602554637786,62.7766836986938],[-150.611175592879,62.7879141077499],[-150.613876577142,62.7972835667832],[-150.611312720606,62.8078050348745],[-150.609878577135,62.8136804128209],[-150.595794632716,62.8336541531168],[-150.58917259444,62.8377131739239],[-150.588241699894,62.8511607643579],[-150.562301721347,62.8660384746959],[-150.543197688423,62.8697818316663],[-150.53016667835,62.8708265534028],[-150.508743706657,62.8690797642198],[-150.50468468585,62.8708728208241],[-150.505477613601,62.8768078786807],[-150.514026806392,62.8767872041662],[-150.514031516142,62.8767871933744],[-150.528976615378,62.8767510496213],[-150.535034720276,62.874740902071],[-150.5628505677,62.8731728153732],[-150.571075562087,62.8727109721337],[-150.574951689569,62.8763850956956],[-150.569122579044,62.8868373285799],[-150.566055639956,62.8888664203491],[-150.553558558281,62.8890085770842],[-150.542709692898,62.8841442241767],[-150.525207608844,62.8847054757771],[-150.521133669183,62.8867263531387],[-150.527923681033,62.8927046611912],[-150.518356576195,62.8951459743073],[-150.513183601142,62.9001251598483],[-150.503326650205,62.8959479546344],[-150.497329566107,62.8954477229341],[-150.491760630349,62.8976870321309],[-150.503616663578,62.9016510017923],[-150.50357056433,62.9030202699695],[-150.484084651386,62.902417275437],[-150.479385587575,62.9080862922486],[-150.484863664826,62.9088116620287],[-150.496459692361,62.906388454064],[-150.503921597604,62.9073532107821],[-150.506790722714,62.9112524724237],[-150.50444060535,62.9214958278702],[-150.501800640987,62.9229531064008],[-150.500350572321,62.9237460341522],[-150.491790637128,62.925509251251],[-150.487808563215,62.9247952812773],[-150.486404593797,62.9220490341357],[-150.49652071316,62.9189319722328],[-150.495071649037,62.9175508024276],[-150.467666682072,62.9141557960532],[-150.459136586384,62.9147737094392],[-150.451995707636,62.9185958569133],[-150.460204607756,62.9268672868959],[-150.456619668163,62.9291210131243],[-150.451583652663,62.9297662524107],[-150.428237705606,62.9250242738512],[-150.421142593356,62.9272481605742],[-150.423034723773,62.9302274238566],[-150.434951611428,62.9330584959529],[-150.44310697041,62.933445735932],[-150.443458744725,62.9334624390404],[-150.457931603661,62.9341496523846],[-150.466400679448,62.9353516169836],[-150.474807559921,62.9386086565643],[-150.478607579576,62.9441098679761],[-150.474349572974,62.9513732901453],[-150.460052561177,62.9590187587088],[-150.467330566752,62.9617727166376],[-150.495162676616,62.9722792649762],[-150.505691688221,62.972359060922],[-150.513290722089,62.969901989885],[-150.535812560102,62.9712072200372],[-150.559524629258,62.9663549360315],[-150.5675357172,62.9668660639178],[-150.570861655641,62.9723630835895],[-150.568191685398,62.9773603751812],[-150.55856355976,62.9804844778764],[-150.554580646779,62.9793173808925],[-150.561767625675,62.9745795949724],[-150.55880764116,62.9727370846488],[-150.536071561254,62.9782763490743],[-150.511031631405,62.9774133479477],[-150.48413058336,62.9721991335832],[-150.482208613437,62.9701309833583],[-150.469787637789,62.9668469542236],[-150.466033719181,62.9685023785819],[-150.466613578654,62.9713822344027],[-150.476562562612,62.973740398001],[-150.479934602999,62.9776383187535],[-150.442916598322,62.9753083174249],[-150.414718701807,62.9782793671991],[-150.410796642351,62.9759684755647],[-150.420455612037,62.9723972821089],[-150.430053561822,62.9706461348113],[-150.448089573375,62.971012088737],[-150.451827566789,62.9644279362004],[-150.447433605177,62.9614337531652],[-150.435928605221,62.9606585942188],[-150.419738623938,62.9648669798273],[-150.410491708326,62.97094704527],[-150.40603655864,62.9695440821937],[-150.407226621611,62.9645389134402],[-150.402221620132,62.9640428716812],[-150.394622586263,62.9664880401909],[-150.392486709894,62.969891260973],[-150.397216617753,62.9769982766492],[-150.392074654921,62.9806065176767],[-150.390960699776,62.9805454977766],[-150.378066651055,62.9798095672578],[-150.312621589115,62.9735610264203],[-150.277313659698,62.9666372377184],[-150.249832584906,62.964793890126],[-150.241439617844,62.9617536060441],[-150.231963707859,62.9491232520365],[-150.226394603928,62.9504423956001],[-150.22418161429,62.9552115309874],[-150.228729635165,62.9657438952646],[-150.238021644583,62.9713021030097],[-150.264770645149,62.9804234570769],[-150.266189700694,62.9809045790831],[-150.33601363722,62.990406975002],[-150.365127674902,62.9897359197769],[-150.372085660325,62.9916168185614],[-150.373901682916,62.9964193142999],[-150.364044564705,63.0047777482945],[-150.35748270906,63.005636724955],[-150.348525638647,63.0037365483031],[-150.336364671392,62.9942831015839],[-150.325576658636,63.0003484154471],[-150.31394961798,63.0023013975915],[-150.307678612978,63.0084057708097],[-150.294860672082,63.0030492324362],[-150.286849584141,63.002523519345],[-150.27510067006,63.0072078288783],[-150.276000718758,63.0097257534408],[-150.287002637062,63.0107329221867],[-150.289672609104,63.0189651246408],[-150.302688699424,63.0199912367063],[-150.309127677101,63.0221012980365],[-150.314437611706,63.0150779328004],[-150.324828658316,63.0188122389937],[-150.328399683598,63.0172483431366],[-150.325179691589,63.0101528954398],[-150.331283561187,63.0081497868832],[-150.335525642594,63.0147989828868],[-150.345641593785,63.0130600735636],[-150.352950614279,63.0185951471484],[-150.36033657897,63.0097639737285],[-150.364913601182,63.0082037668904],[-150.370178610155,63.0146323511022],[-150.375655680165,63.0158180550592],[-150.398269720271,63.0150889971595],[-150.401870585959,63.0130640971304],[-150.390151678657,63.0045338341692],[-150.384979709946,62.9953702353482],[-150.386520638916,62.9916971172282],[-150.387740707767,62.9887820592447],[-150.395751629334,62.9893008988175],[-150.400634590114,62.9927609477596],[-150.410110667373,63.007428607944],[-150.41654964505,63.009759951061],[-150.430557648916,63.0112400274054],[-150.483337654709,63.0089058352361],[-150.48797569772,63.0057466958534],[-150.488159597387,63.0002763302884],[-150.484863664826,62.9943213227709],[-150.476028636013,62.9887860819122],[-150.480087655921,62.9874469886876],[-150.506606656672,62.9894650160977],[-150.513870581562,62.996816447721],[-150.508315559216,62.997686322366],[-150.502410676312,62.9946799013564],[-150.497390586906,62.9946421828905],[-150.496246624082,62.9987394248846],[-150.506149675167,63.0026876357259],[-150.504806559275,63.0035077221037],[-150.494354660939,63.0098979169554],[-150.511199604978,63.0161773036397],[-150.520324647165,63.0135061588822],[-150.532852574687,63.0142811496554],[-150.539474613862,63.0115910615783],[-150.538604571943,63.0074825879511],[-150.525741703617,63.0016873395991],[-150.522033716982,62.9927689948933],[-150.526641585041,62.990292981436],[-150.540222615082,62.9892509432765],[-150.536514628447,62.9946991801231],[-150.538406591591,62.9983572103171],[-150.544952690214,62.9977201854383],[-150.550567559745,62.9947940630956],[-150.556091568971,62.9946071462029],[-150.558029633161,62.9969004354068],[-150.549239699053,63.0043615015821],[-150.55111657427,63.0082527169894],[-150.558135579593,63.0085276442355],[-150.565734614361,63.006528560145],[-150.574432681823,63.0013445198338],[-150.596023627089,63.0010355631408],[-150.605483610081,62.9996693130884],[-150.615676675438,62.9982013056458],[-150.61984264812,62.993211056645],[-150.614456604788,62.9892968752507],[-150.6064146719,62.9894730632313],[-150.589752622086,62.9930132435664],[-150.579727697575,62.9927150157854],[-150.574294715928,62.9899419472631],[-150.576339564719,62.988817095033],[-150.588378660347,62.9891258853514],[-150.601562723341,62.9844258160986],[-150.611541714079,62.9860887857689],[-150.625594646276,62.9857230000165],[-150.643325723803,62.9796794803238],[-150.669280622103,62.9837195569121],[-150.668212599832,62.9862188727029],[-150.644149664675,62.9856118546035],[-150.633544713418,62.9882819948182],[-150.628936678085,62.9914451568686],[-150.630874574102,62.9932802909527],[-150.658965684219,62.9934589934379],[-150.661926675975,62.9953023410303],[-150.658355649793,62.9973314327995],[-150.635757703056,62.9978732392586],[-150.63198869742,63.00651397494],[-150.622054633215,63.0028017983644],[-150.603973694231,63.0035955642839],[-150.593353655047,63.0062618473065],[-150.581527627698,63.0148450839336],[-150.585449688053,63.0178362497432],[-150.603423674263,63.0209222994246],[-150.606872658846,63.0232222930744],[-150.604293715283,63.0252595992512],[-150.583679598335,63.0260345891251],[-150.581130660651,63.0271557532355],[-150.586532630077,63.0312949036369],[-150.607635579818,63.03075276263],[-150.611617653732,63.0321458349624],[-150.602950599391,63.0361927859684],[-150.605865657374,63.0391762400915],[-150.61489866744,63.0396912242707],[-150.625488698045,63.0381652150527],[-150.634139660817,63.0345720610518],[-150.638748701591,63.0274226333479],[-150.642043627811,63.0223115163635],[-150.650192681647,63.0184843389811],[-150.661331560403,63.0153642589535],[-150.670898665241,63.0147379629867],[-150.675323639075,63.0179582904428],[-150.672714687833,63.020907212398],[-150.655029709553,63.0246723626395],[-150.649902668273,63.0285136207071],[-150.65637165273,63.0306087622846],[-150.671005618015,63.0281895769874],[-150.675918587373,63.0320957112481],[-150.668304632852,63.0347859665991],[-150.652755700016,63.0335499707546],[-150.633972692686,63.0405000781162],[-150.619323641273,63.0426864136471],[-150.614196598194,63.0462986791408],[-150.615508701865,63.0522345751656],[-150.62091067129,63.0566028872136],[-150.629440597905,63.0568846870787],[-150.637389659605,63.0599030097162],[-150.635345648982,63.06148618434],[-150.615203599666,63.0622680477323],[-150.605590562854,63.0640262358222],[-150.594375577171,63.0689705528488],[-150.58378571294,63.069809414373],[-150.569000705618,63.0758678538185],[-150.56002771091,63.0735256154149],[-150.560623663751,63.0707946225738],[-150.570831648861,63.066075276353],[-150.606216690648,63.0601541319077],[-150.601363569373,63.0548787303692],[-150.600677594395,63.0443872690573],[-150.571990697812,63.0305127047976],[-150.569579559649,63.0270754536693],[-150.575912590893,63.0177713744494],[-150.572509705558,63.0145550696608],[-150.56246969492,63.0142620390619],[-150.535293719629,63.0163521498319],[-150.529403589204,63.0188771151868],[-150.515930685553,63.0246495639263],[-150.52062958119,63.0340299191455],[-150.51489267096,63.0401453558235],[-150.515762712879,63.0440295304385],[-150.526779719109,63.0452464138909],[-150.53016667835,63.0491485263834],[-150.526519711615,63.052768501765],[-150.519012711667,63.0520327394194],[-150.515930685553,63.0540616621161],[-150.522064562829,63.0657353056399],[-150.514358576187,63.0704653816721],[-150.505966614568,63.066075276353],[-150.503341569957,63.0690203420152],[-150.504150591976,63.0747238918942],[-150.49905372385,63.0767419193042],[-150.494552642191,63.0760249312057],[-150.491744704255,63.0700734436346],[-150.493713613393,63.0666164119179],[-150.498489622298,63.0645412200013],[-150.498535722446,63.0606040726199],[-150.494186688265,63.0608521766866],[-150.486389674044,63.0650181511668],[-150.480377670193,63.0654263489469],[-150.48234557299,63.0609170528797],[-150.506027635367,63.0496596542697],[-150.506713610345,63.0441894559787],[-150.50134265404,63.0398213112046],[-150.471496707607,63.0455285492033],[-150.466598658901,63.0559769266939],[-150.456344573643,63.0611460472524],[-150.470825653281,63.0783547643609],[-150.472564562604,63.0856641194036],[-150.460006628303,63.0990196759174],[-150.453903596873,63.1007979809421],[-150.447372585277,63.100522550975],[-150.441909595951,63.0984287520853],[-150.440032719834,63.0947665310506],[-150.443740707368,63.0897764493237],[-150.444961615286,63.0892044670126],[-150.450393590592,63.0866372578033],[-150.450958699384,63.0848170443712]]],[[[-147.584692258041,64.1647816308677],[-147.350435784884,64.1097255336065],[-147.134650703967,64.0778871508714],[-146.89442070715,64.0822293466071],[-146.672572815183,64.0732314802487],[-146.603362031932,63.9943914966703],[-146.522388067755,63.9206687220839],[-146.320025595904,63.9060572470444],[-146.160538536424,63.8732837573396],[-146.090969813106,63.8360259889083],[-146.101187826557,63.7551086640337],[-146.128030278375,63.6952664009237],[-146.088360657718,63.6609079442463],[-146.035218887042,63.6642676522304],[-145.981438065314,63.6676486696504],[-145.975327207984,63.7110829477199],[-145.971512739821,63.7381015857197],[-145.926941308594,63.7898907931257],[-145.918540407714,63.831618745209],[-145.828318533274,63.8462833099269],[-145.741064917112,63.8138808409281],[-145.645570872398,63.817916188881],[-145.577393795088,63.8562382923633],[-145.354011932205,63.816515734014],[-145.173898766015,63.7640784724436],[-145.002991648446,63.7481812780436],[-144.866593930665,63.7457854166637],[-144.846429025079,63.7402718611575],[-144.73359220042,63.7093358087006],[-144.678696812908,63.7019579576937],[-144.612036887392,63.6929678326994],[-144.558969792822,63.6771626407433],[-144.375639465689,63.6733636607044],[-144.145374805203,63.665657683955],[-144.081822162363,63.5543219420041],[-144.003810912144,63.4687719205877],[-143.628511048346,63.3703396315688],[-143.353849508748,63.3209109008175],[-143.330115496133,63.3124662227381],[-143.170255953649,63.2553697454175],[-143.008019335724,63.2452102220741],[-142.791834866786,63.2436060365894],[-142.710785507945,63.2230550331633],[-142.705663723202,63.2217541809108],[-142.578722982879,63.1894155799651],[-142.575853363142,63.0688639409182],[-142.397029835558,62.9605332566045],[-142.241196137891,62.8920746950911],[-142.19164163965,62.8142986598553],[-142.187498091564,62.8104360743654],[-142.112806767818,62.7406413118471],[-141.895289757217,62.7034794606087],[-141.738364400397,62.6527024572526],[-141.767404122602,62.5621626976504],[-141.629487699897,62.5355846662994],[-141.625680391237,62.5367399596814],[-141.616882190561,62.4862282617249],[-141.618361141853,62.4283991337131],[-141.585525160058,62.3641740650811],[-141.56738990472,62.318166224092],[-141.560318225206,62.3208649951235],[-141.421024029435,62.306915597377],[-141.299299229276,62.2909974406794],[-141.165887954066,62.2770550315645],[-141.062424535564,62.2565191880102],[-141.002159929237,62.2117812311189],[-141.002159929237,62.2117947047619],[-141.001380612725,62.2112161600978],[-140.989748311935,62.1655255747455],[-140.974170756375,62.1631824720935],[-140.958684833638,62.1596868522665],[-140.942538580991,62.1555490022847],[-140.927674447718,62.150853149953],[-140.909682315886,62.1440739353639],[-140.883803836578,62.1357876530778],[-140.86642410259,62.1278077608196],[-140.849457126845,62.1195726148843],[-140.831804554736,62.1106885181607],[-140.815127172381,62.1017348256018],[-140.798680990435,62.0934547738188],[-140.779618659973,62.084674636925],[-140.762023687643,62.0773816801205],[-140.749712297085,62.072722458075],[-140.733502599965,62.0651129938696],[-140.714217564989,62.0570326374463],[-140.695769159419,62.0500312660301],[-140.67845034191,62.0434227517587],[-140.662002015081,62.0365062763436],[-140.649077384014,62.0298151710334],[-140.638311957731,62.0236573304215],[-140.626846130445,62.0184705112052],[-140.615725543899,62.0127935551785],[-140.60408349176,62.0069307857272],[-140.566268018654,61.9835417899217],[-140.537936348883,61.9693880446226],[-140.520121855639,61.9609485466382],[-140.508715086832,61.9541434459633],[-140.497297946143,61.9489361527813],[-140.496338910013,61.9490090491284],[-140.493592672764,61.9464313736091],[-140.483291482816,61.9416155903872],[-140.465574616375,61.9333971421644],[-140.453362683641,61.9271027745734],[-140.430817599952,61.9189802552347],[-140.410950387051,61.9115985182571],[-140.3899992042,61.9038246130156],[-140.369673854165,61.8964586186704],[-140.349290784742,61.8888681751262],[-140.325287827171,61.8806043228313],[-140.303415419286,61.8744909438021],[-140.283479723011,61.8666392184252],[-140.26437075011,61.8566394452542],[-140.249669267323,61.8433734899946],[-140.23631827217,61.8313911541785],[-140.223543694786,61.8196022391521],[-140.206603026908,61.8085394466382],[-140.192399326068,61.7984580968637],[-140.177993721133,61.7876908161783],[-140.165513721181,61.7800145035665],[-140.154173834055,61.771343049742],[-140.145984162339,61.7649920230635],[-140.141874078026,61.757676405142],[-140.142518997154,61.7532580377283],[-140.152734348611,61.7500516560592],[-140.166838462125,61.7500315975802],[-140.181610101025,61.7506640637956],[-140.202242942758,61.7481311907019],[-140.216487513288,61.7421065019136],[-140.218825171444,61.7352864527077],[-140.21389578766,61.7268792898474],[-140.204952806027,61.7196606197419],[-140.188859753675,61.71613973616],[-140.173572530748,61.7153248847357],[-140.156021664768,61.7151226119191],[-140.136701974417,61.71709117212],[-140.123976832765,61.7200128041476],[-140.10563723527,61.7253687282843],[-140.088056435356,61.7299803743948],[-140.070577185089,61.7299860680027],[-140.055280545361,61.7291479412245],[-140.041646915773,61.725683071017],[-140.031264120443,61.72337748898],[-140.021890395925,61.721231396312],[-140.009911830067,61.7167297058113],[-139.992264875124,61.7077757236707],[-139.979175689706,61.7010540297197],[-139.956899434062,61.6894082193139],[-139.939619823396,61.6799537302805],[-139.92338209171,61.6706692113151],[-139.907927847592,61.6606426590316],[-139.892270632783,61.649947969823],[-139.879830970123,61.6420202220556],[-139.874649194305,61.6356941722483],[-139.873155483339,61.6315908679243],[-139.781875659034,61.591278910993],[-139.780795183851,61.5907971171932],[-139.66087284001,61.5487777559887],[-139.655225301706,61.549347046629],[-139.654755818726,61.5493779509317],[-139.637116990057,61.5518604332125],[-139.626828267411,61.5495243551649],[-139.612151533067,61.5470036283148],[-139.597047295196,61.5429029392193],[-139.580134446947,61.5375356584439],[-139.561584105922,61.5313527690151],[-139.543914588787,61.5248831271546],[-139.527682035398,61.5201497820868],[-139.508011280296,61.5133326547783],[-139.48544584495,61.5064734733721],[-139.468354983096,61.5001911908708],[-139.453204966136,61.4940082879522],[-139.439604901045,61.4881850868723],[-139.424940391186,61.480136020561],[-139.411595836978,61.4733937977856],[-139.397645707184,61.4662170846508],[-139.385022690745,61.4603290856189],[-139.369074959841,61.4528178291795],[-139.35640222888,61.4448781743883],[-139.338698991665,61.4360937980904],[-139.327757184946,61.4310175289359],[-139.31521464434,61.4253524151819],[-139.297952461637,61.4199778094284],[-139.282718752868,61.4149404098721],[-139.265590982838,61.4100093083829],[-139.250776297888,61.4047118761522],[-139.239974505719,61.400081319997],[-139.233182491079,61.3942932851071],[-139.230844012741,61.390486167103],[-139.229295247977,61.3907807823073],[-139.229295114878,61.3907808128843],[-139.228181708319,61.3902929027953],[-139.227083761107,61.3897979806923],[-139.225966336377,61.3893112037491],[-139.224852826397,61.3888232406001],[-139.223738881144,61.3883328267985],[-139.222638975208,61.3878384622753],[-139.221525665777,61.3873505333005],[-139.220414509322,61.386861999082],[-139.2193148498,61.3863675689082],[-139.218203079109,61.3858765498629],[-139.217101385321,61.3853826970539],[-139.215988268344,61.384894720415],[-139.214872174611,61.3843944536412],[-139.213774691449,61.3838994209216],[-139.21266160415,61.3834113543506],[-139.211566176838,61.3829157442663],[-139.210448127979,61.382416035072],[-139.209352865243,61.3819204681552],[-139.208240063928,61.3814323269404],[-139.207139754196,61.3809250562464],[-139.206026898023,61.3804369330181],[-139.204927741222,61.3799423832344],[-139.2038140208,61.3794414653514],[-139.20272437523,61.3789416680236],[-139.201598583208,61.3784441495779],[-139.200503074058,61.3779381127538],[-139.199404109712,61.3774435162053],[-139.198290586242,61.3769425506582],[-139.197191567936,61.3764479729956],[-139.196081613875,61.3759434326433],[-139.194976264343,61.375440173825],[-139.193881455765,61.3749444162519],[-139.192756937183,61.3744334268612],[-139.191666300559,61.3739364992701],[-139.190568561989,61.3734285316015],[-139.189451390869,61.3729286056707],[-139.188353729641,61.3724206200156],[-139.187263117299,61.3719236933238],[-139.186155413342,61.3714184497018],[-139.185044009573,61.3709064431779],[-139.183944527218,61.370398977331],[-139.182846014332,61.3699042782599],[-139.18174863639,61.3693961379215],[-139.180628605426,61.3688839920027],[-139.179531305725,61.3683758327785],[-139.178434601376,61.3678701682737],[-139.177337335849,61.3673620899885],[-139.176236062045,61.3668550549169],[-139.175140855966,61.3663464010656],[-139.174043755015,61.365838195976],[-139.172928096554,61.3653248323752],[-139.171829649319,61.3648196687927],[-139.170730552773,61.364312030276],[-139.169630440892,61.36379164297],[-139.168533491927,61.3632834900411],[-139.167438608705,61.3627746734125],[-139.166333359897,61.3622583951089],[-139.165238425413,61.3617495955675],[-139.164137218158,61.3612321850174],[-139.163039913961,61.3607214834098],[-139.161942661924,61.3602028785601],[-139.160850083664,61.359693510647],[-139.159742877931,61.3591777089841],[-139.158643300248,61.3586571921757],[-139.157548729091,61.3581483899363],[-139.156447849189,61.3576308157096],[-139.155353357172,61.3571219963831],[-139.154263290718,61.3565961537895],[-139.153164511633,61.3560779950035],[-139.152072120432,61.3555685911176],[-139.150976784851,61.3550468961973],[-139.149875548817,61.3545268614256],[-139.148772838795,61.3540098160003],[-139.147689641364,61.3534847162467],[-139.146602969851,61.3529710558696],[-139.145493394405,61.3524429119109],[-139.144386751647,61.3519269798463],[-139.143291701151,61.3514052201749],[-139.142212797083,61.350878924323],[-139.141102402354,61.350364138894],[-139.140011564282,61.3498412011106],[-139.138935207094,61.3493246566077],[-139.137833289375,61.3487917192625],[-139.136738944846,61.3482723463918],[-139.135648268653,61.3477493708368],[-139.13455552222,61.3472269816399],[-139.133453855411,61.3466940676772],[-139.132365280933,61.3461705102609],[-139.131270590166,61.3456485869128],[-139.130169641915,61.3451180507575],[-139.129087262867,61.3445927594483],[-139.127990666436,61.344071463827],[-139.126909884583,61.3435431561917],[-139.125808884173,61.3430125579832],[-139.124730626717,61.3424861173405],[-139.123627351021,61.3419536764211],[-139.12254521479,61.3414283302533],[-139.12144446439,61.3408977572258],[-139.120367802332,61.3403682202173],[-139.119267265072,61.3398375914318],[-139.118182499223,61.3393103360033],[-139.117082044701,61.338779688332],[-139.115994945111,61.3382426347898],[-139.114896552734,61.3377114133511],[-139.113818241319,61.3371824402175],[-139.112729284629,61.3366459145773],[-139.11163033737,61.3361121993186],[-139.110549733583,61.3355734190781],[-139.10947006689,61.3350474083113],[-139.108369263431,61.3345142200553],[-139.107282493892,61.333977093668],[-139.106199943073,61.3334388710072],[-139.105105930394,61.332906355444],[-139.104016843303,61.3323673161987],[-139.102936396897,61.3318285098779],[-139.101849966403,61.331291300753],[-139.100756072435,61.330758847243],[-139.099671111433,61.3302186586642],[-139.098584805045,61.3296814225596],[-139.097504480048,61.3291425101188],[-139.09640590241,61.3285983537311],[-139.095321701335,61.3280605339665],[-139.094236948976,61.3275203013209],[-139.093152829739,61.3269824626706],[-139.092074824094,61.3264429117111],[-139.090988762322,61.32590571068],[-139.089905860767,61.3253545126007],[-139.088819929396,61.3248171946578],[-139.087737405557,61.3242763513726],[-139.086643080813,61.323730938632],[-139.08555727265,61.3231935937094],[-139.084474583335,61.3226423497647],[-139.082350766874,61.3213320510334],[-139.076327375808,61.3227087871808],[-139.067736930215,61.3227578380039],[-139.05809573563,61.320572748034],[-139.039351139244,61.3164013623331],[-139.019437491647,61.3095506075745],[-139.007580873858,61.3061085576638],[-139.000073745307,61.3028853164043],[-138.96811194501,61.2935305343067],[-138.944823773998,61.2864000058556],[-138.921505042224,61.2790447206374],[-138.895565336171,61.2706900188294],[-138.871684643232,61.2628975947483],[-138.855239321937,61.2581185119598],[-138.834781580905,61.2505886467487],[-138.819470848801,61.2445895166929],[-138.800217060769,61.2360612214483],[-138.790298875892,61.2325109048545],[-138.7695460637,61.2236026928101],[-138.754457150277,61.2164496291471],[-138.740705240954,61.210809544425],[-138.722958943301,61.2024259860705],[-138.706085834294,61.1916916799271],[-138.697004664634,61.1876170846608],[-138.666843322361,61.1748894347996],[-138.648795964062,61.1651357440194],[-138.644606537961,61.1614840090798],[-138.640302931235,61.1594268836438],[-138.628544002304,61.1539095186095],[-138.617171421224,61.148123621408],[-138.606400427238,61.142772432202],[-138.598295218949,61.1386390986156],[-138.588776503033,61.1325346093848],[-138.582231581622,61.129001969865],[-138.576108775,61.1252117519209],[-138.568251918991,61.1180953832954],[-138.561402994353,61.111150063025],[-138.556773771892,61.1056764733906],[-138.547879654023,61.0960915997476],[-138.541382302251,61.0886734357305],[-138.536208837967,61.0848327019677],[-138.5252389733,61.0744526702546],[-138.517349679644,61.0670975891824],[-138.510987994201,61.0601205911924],[-138.507889382789,61.0550191068464],[-138.504395548116,61.0501758088665],[-138.501812750958,61.043215662373],[-138.501706818915,61.042766504071],[-138.500137295999,61.0401048597515],[-138.496932755242,61.0324986933601],[-138.494995377235,61.0261925878177],[-138.495133486121,61.0227507105769],[-138.494751499982,61.0191126633188],[-138.495830731403,61.0163249844106],[-138.49592189478,61.0160630056033],[-138.497786386333,61.0138919513525],[-138.505229861769,61.0093686150696],[-138.50839288982,61.0087321756494],[-138.512438241831,61.0078220671347],[-138.515550469878,61.0069577008373],[-138.521299421131,61.005264563409],[-138.524046124229,61.004894115571],[-138.532900409326,61.0023400103833],[-138.536530165735,61.0016822210577],[-138.536875631305,61.0011960637474],[-138.541333067967,61.0000297788513],[-138.546310602352,60.999069702205],[-138.552564600276,60.9975723309983],[-138.558782707156,60.995858263648],[-138.568922307818,60.9927690051855],[-138.582412709579,60.987900212325],[-138.596724803007,60.9825063520865],[-138.612474209117,60.975215916981],[-138.620865810109,60.9687881799306],[-138.627611326202,60.9633677186454],[-138.636858829072,60.954604494402],[-138.644699585418,60.9459072875913],[-138.64932314125,60.9376290857138],[-138.651000970418,60.9288386111131],[-138.648928113142,60.9220853581528],[-138.646257659963,60.9128429706266],[-138.644917706987,60.9071891847332],[-138.642684339611,60.9018165835685],[-138.641845879184,60.9002662593804],[-138.641310290637,60.8979990927839],[-138.640946677647,60.8925256740207],[-138.638762921372,60.8853267017659],[-138.635086310285,60.8777392556622],[-138.628542556194,60.8680383200125],[-138.622452076602,60.8562482133844],[-138.618715551781,60.8463835102908],[-138.615952127589,60.8366894778372],[-138.611997188919,60.8279718726039],[-138.609007569943,60.8208335946947],[-138.606641060636,60.8152269917323],[-138.60090612172,60.8068479389813],[-138.591732242749,60.7998113258321],[-138.583724218798,60.795677563269],[-138.567658629042,60.7892591099201],[-138.55271953368,60.7846072883957],[-138.551466768177,60.7842142334002],[-138.539550883267,60.7814429392403],[-138.529766817884,60.7796969594472],[-138.51663134616,60.7797514520679],[-138.504028774908,60.7799910710311],[-138.492342935678,60.7801869433728],[-138.468658304837,60.7812732128885],[-138.447355817117,60.7824499146319],[-138.427474383236,60.7837702560925],[-138.407092345335,60.784897069744],[-138.385772751611,60.7860687226935],[-138.364002877231,60.78520042456],[-138.349941012068,60.7832215086657],[-138.345457568812,60.7820847736934],[-138.343096102003,60.7799306572741],[-138.338258080346,60.7792815266212],[-138.329343799677,60.777244813997],[-138.315825805816,60.7713443071941],[-138.310484954317,60.7663652556521],[-138.311222247309,60.7592331228104],[-138.31234842424,60.7559612399193],[-138.315035858418,60.7533090124011],[-138.318740763975,60.7510407279473],[-138.325679111802,60.7465462077413],[-138.330106491321,60.7412675632475],[-138.328886881125,60.7358483322348],[-138.319839544859,60.7310712117671],[-138.311006143818,60.7292638190701],[-138.297748601717,60.7306732509698],[-138.282822026715,60.7330835536631],[-138.266787798118,60.73669598733],[-138.248459237104,60.7406514152307],[-138.226545327305,60.7452618760348],[-138.204818966622,60.7487093614479],[-138.181057727932,60.7492897847958],[-138.159259899924,60.7481658876457],[-138.135819872989,60.7459721560902],[-138.114978366958,60.7427297799554],[-138.102706335229,60.7401723131018],[-138.089113158046,60.7358504213599],[-138.083215806065,60.7345611379862],[-138.075895346193,60.7310596716666],[-138.070848162013,60.7271984189719],[-138.069798518287,60.7245160425813],[-138.069335996059,60.72453224117],[-138.06211670722,60.7214795041758],[-138.054091928,60.716865595371],[-138.047558740943,60.7126379309958],[-138.037127162788,60.7033514101395],[-138.02792369882,60.6953577447642],[-138.019365760122,60.6882607808104],[-138.011001881632,60.6797708632348],[-138.006212917092,60.6727030705903],[-138.003449742911,60.6664462685805],[-138.001511594185,60.6573993100302],[-138.003127602157,60.6497662269299],[-138.009350963776,60.6395985161586],[-138.016176245237,60.6301047447382],[-138.021776126667,60.6236277707051],[-138.031251393637,60.6135303968104],[-138.037553543961,60.6038238547872],[-138.041445293565,60.5937890107543],[-138.042705492864,60.5845636779714],[-138.042830602051,60.5786163443689],[-138.043060034393,60.5710548643905],[-138.041029324744,60.5595016823568],[-138.040527489552,60.5485405321199],[-138.04433867519,60.5359914120741],[-138.055236079681,60.5239949389153],[-138.062943758847,60.5187812155807],[-138.074666226565,60.5106183211786],[-138.087753662801,60.5023725263711],[-138.096648594557,60.4941332840239],[-138.101301964714,60.4856492426185],[-138.103624308315,60.4770537743123],[-138.104716863193,60.4671624018234],[-138.108068628364,60.4569258488489],[-138.111478573377,60.4448548362817],[-138.113876083215,60.4402653800433],[-138.1132517073,60.4401827952998],[-138.107144531795,60.4377592626799],[-138.096956341662,60.4334975571666],[-138.087828025943,60.4298700013995],[-138.082576709148,60.4292359370889],[-138.082185852995,60.4291712506528],[-138.079242212758,60.4287238757063],[-138.075108032909,60.4289456737039],[-138.072810512395,60.4290635802201],[-138.068736344307,60.4295063308525],[-138.06297070973,60.4307284906274],[-138.057818159181,60.4326075080301],[-138.048006543967,60.4365561343582],[-138.037000753182,60.4414703942434],[-138.031158359671,60.4445263732936],[-138.020553974087,60.4512604769895],[-138.013592255578,60.4577937090125],[-138.006547266143,60.4638787863769],[-137.996398165043,60.4728763002012],[-137.988097561054,60.4817642523184],[-137.977205393314,60.4960550758811],[-137.971054383953,60.5064450370089],[-137.96746632641,60.5157728367471],[-137.965165859717,60.5245770808676],[-137.963136487359,60.5390984402409],[-137.959563461984,60.5507142789409],[-137.954814960642,60.5655901609572],[-137.949157905713,60.5805169257156],[-137.945345023054,60.5932941695903],[-137.942043636105,60.6062767376814],[-137.939621464159,60.6189786732272],[-137.935305952208,60.6315501396273],[-137.931257536206,60.6388338019385],[-137.926175907992,60.6434465596111],[-137.919801716576,60.648582048223],[-137.911131516406,60.6517680305702],[-137.899321837833,60.6532901349319],[-137.888046665022,60.6529533882883],[-137.874942472617,60.6483656731373],[-137.867066925098,60.64418822061],[-137.857677178259,60.6350574236612],[-137.851606136614,60.6239375026137],[-137.847581251374,60.6136212876924],[-137.844056587042,60.6035070443147],[-137.842099718927,60.5919483593294],[-137.838576213821,60.5795551520487],[-137.835331649636,60.56623170403],[-137.832323332855,60.5563281718078],[-137.827928212917,60.5442060696544],[-137.821425195416,60.5308105067995],[-137.817078630774,60.5189178675656],[-137.814036335808,60.5064952011926],[-137.810941945814,60.493853004013],[-137.80644535357,60.4833344173495],[-137.802353720648,60.4748579626249],[-137.801269916174,60.467364437219],[-137.802750874753,60.4611301173611],[-137.807665310006,60.4512727680239],[-137.814562245851,60.4420023756092],[-137.825698709928,60.4309187988636],[-137.834780576562,60.4210855279748],[-137.844529705981,60.4123626347279],[-137.859682115137,60.4006122619464],[-137.865202582833,60.3959844037573],[-137.873853331566,60.388680062435],[-137.88580691066,60.3816679270333],[-137.896883994301,60.3749244811799],[-137.91448712618,60.3662330498154],[-137.933697233241,60.3542655519137],[-137.946956918427,60.3469464805956],[-137.958971030888,60.34038068592],[-137.965853284402,60.333623876141],[-137.968629677717,60.3270722565794],[-137.970243723369,60.3194431008185],[-137.970640967407,60.3125569253619],[-137.970973876643,60.3066597001851],[-137.971025251314,60.305687443121],[-137.972063324363,60.2996901719639],[-137.97296158341,60.2949635214494],[-137.976306604566,60.2935188981787],[-137.985042076631,60.286887903554],[-137.989685367186,60.2804753947237],[-137.996018516242,60.2712328030515],[-138.000544679993,60.2643535406834],[-138.003507316609,60.2587140378226],[-138.004382042197,60.2572804933002],[-138.007950239112,60.2514001403043],[-138.004179162338,60.2445080661943],[-137.995160954215,60.241089340201],[-137.989686905027,60.2370468336445],[-137.989503070111,60.2317974872643],[-137.998398402964,60.2237783117197],[-138.008121596834,60.2175491458764],[-138.016689205043,60.2102382898652],[-138.024001911859,60.1991080859694],[-138.02784875022,60.1890767286082],[-138.027863720334,60.1783287536691],[-138.025772346017,60.1706701388159],[-138.021209354128,60.1622189325577],[-138.016431828966,60.1569854106482],[-138.009752555136,60.1493471465536],[-138.003937019878,60.1414275916101],[-138.000366811179,60.1310969983278],[-137.998493366875,60.1243333060373],[-137.996936205142,60.1148184985749],[-137.996934813891,60.1061297597806],[-137.996687733252,60.1036103198604],[-137.996122324086,60.0979488510587],[-137.994614411026,60.0886591097302],[-137.992662519759,60.079393144678],[-137.989915000077,60.0710954257134],[-137.988874825313,60.0679282553847],[-137.987290032809,60.0604627123843],[-137.983154718915,60.0494886910503],[-137.978022959792,60.0403853531016],[-137.972669811862,60.0301504368932],[-137.96560839631,60.0204783173206],[-137.949921809644,60.0000161911943],[-137.935555650773,59.9825495701066],[-137.931469472238,59.9775693098758],[-137.916042600785,59.9588205190518],[-137.913666199835,59.9504803880595],[-137.911164903737,59.941693667229],[-137.912824481165,59.9330579704491],[-137.916731907751,59.9242637357829],[-137.925752222087,59.9157960413543],[-137.933948034374,59.9092224522544],[-137.944032952659,59.9045811060333],[-137.937540849331,59.8816746072973],[-137.937111251283,59.8818412013105],[-137.917681292358,59.8857837895903],[-137.883957244431,59.8958184627519],[-137.84956484734,59.9116245180571],[-137.832766100575,59.9201967811566],[-137.821534185154,59.9322689556478],[-137.810424165643,59.9431873008533],[-137.803605224402,59.9514939725688],[-137.793139185125,59.9582227576742],[-137.769650861898,59.9626494186358],[-137.756741877236,59.9640268697443],[-137.740586401141,59.9651759362205],[-137.701966525834,59.9573749011308],[-137.699022195818,59.9566544263607],[-137.689997183423,59.9538332620954],[-137.681717163117,59.9502549154321],[-137.672074071861,59.9467864632247],[-137.663899036611,59.9436652734337],[-137.656511275075,59.9400275948976],[-137.648820209085,59.9352675543542],[-137.640409269073,59.9312445181201],[-137.629664443559,59.9253030912647],[-137.619201090558,59.9186617472419],[-137.612628186741,59.9128989931941],[-137.608844780262,59.9090161243947],[-137.602692001035,59.9048374415947],[-137.597046975438,59.9008526499299],[-137.587281002616,59.8950741901218],[-137.577456474936,59.8890757624366],[-137.56411727799,59.8819362218792],[-137.553660962184,59.8752853837136],[-137.546095089916,59.8691316566007],[-137.533983579079,59.859596001954],[-137.52166430956,59.8475522424421],[-137.517895871397,59.8436680912095],[-137.515897647958,59.8412734052435],[-137.510814837135,59.8324043173055],[-137.498932217248,59.8254087959792],[-137.488694360256,59.8159769725593],[-137.485490583024,59.8072156701671],[-137.480163564897,59.799072111189],[-137.471096993931,59.7888728863746],[-137.460522168163,59.7780875221215],[-137.453739573922,59.7695705358516],[-137.446018755661,59.7574399593867],[-137.436265653037,59.747979172401],[-137.429322113425,59.7387882980416],[-137.426439055118,59.7364583191961],[-137.423828230588,59.7334092172616],[-137.419467972869,59.7288748193175],[-137.415660496035,59.7247604191581],[-137.399415894428,59.7095208090382],[-137.393112027298,59.7009730497665],[-137.385941116589,59.6943275580704],[-137.378599105364,59.6869988109464],[-137.369016228216,59.6798245448669],[-137.362915001726,59.6737857097428],[-137.355788208159,59.6655222162773],[-137.345492874596,59.6572463067717],[-137.337170256102,59.6513702642264],[-137.327362826333,59.646732044948],[-137.318542714575,59.6424907747295],[-137.310670535916,59.6400234181463],[-137.305299950133,59.6385455307517],[-137.301495289076,59.637881703378],[-137.296173146174,59.6366261400843],[-137.291368127837,59.6355585818631],[-137.287516584223,59.6346716497769],[-137.284041090324,59.6335223144034],[-137.273545109919,59.6314615359212],[-137.221832211787,59.6299463320576],[-137.221572909362,59.6311216092749],[-137.223036206156,59.6436606191423],[-137.225554210758,59.6495010944],[-137.21778814131,59.6426383696651],[-137.200805263752,59.6313824360506],[-137.183595624838,59.6192244914172],[-137.17220870137,59.6137806090879],[-137.153196702366,59.6033430216632],[-137.130983609706,59.5979562660689],[-137.118728074241,59.5960110819459],[-137.109147843798,59.595737518072],[-137.100373356445,59.5967831382313],[-137.089599388401,59.597746313042],[-137.07193100801,59.6012432377852],[-137.071366808431,59.6008220358083],[-137.06245116439,59.5977204593318],[-137.048848868081,59.5940105913158],[-137.039077954384,59.5893470372361],[-137.028167418891,59.585463133317],[-137.014784343123,59.5808049320021],[-137.002974780562,59.5751333916927],[-136.99501201769,59.5703670334119],[-136.987487858678,59.5655551766301],[-136.979649510716,59.561235800292],[-136.967852216706,59.5555615512247],[-136.954499325783,59.5508948153435],[-136.94520837037,59.544372989422],[-136.94520829123,59.5443729291674],[-136.930130355831,59.5382091179565],[-136.915633394166,59.5343088823491],[-136.904346362894,59.5306646360642],[-136.890226042698,59.5265150814059],[-136.881344515337,59.5234025475896],[-136.873674938647,59.5215867669158],[-136.866013443266,59.5197787959547],[-136.859724151448,59.5181152857919],[-136.853955498747,59.5166394380597],[-136.851075131212,59.5158991008629],[-136.817518475897,59.5097490061118],[-136.822923049759,59.5059604051486],[-136.827848633008,59.4982983351001],[-136.824767785905,59.4911429790653],[-136.824187709695,59.484974492279],[-136.824384836591,59.4801314281229],[-136.825776937656,59.4784350864102],[-136.828830858158,59.4667560127798],[-136.829484390992,59.4563715743887],[-136.8284300591,59.4481657616407],[-136.826581121322,59.4367972409999],[-136.825453500978,59.4302024629733],[-136.825314480179,59.4239996220849],[-136.825395179944,59.4092938522296],[-136.8247517411,59.4028998298633],[-136.825899149226,59.3927163108091],[-136.82980220241,59.386489868113],[-136.835205072056,59.3808579366445],[-136.840419602982,59.3764653572904],[-136.852813600767,59.3752193771726],[-136.857665550225,59.3770313761971],[-136.854354697911,59.3829406181151],[-136.856902629253,59.3889978839453],[-136.863830606997,59.3943770546574],[-136.865310683341,59.3944650650108],[-136.867935559778,59.3946209678834],[-136.863723654223,59.3780913522342],[-136.865737658066,59.3701870497925],[-136.860916553556,59.3663070669177],[-136.862019733024,59.3634851742015],[-136.866457370211,59.3611798934374],[-136.875264997582,59.3579592512185],[-136.878661546293,59.3605656312989],[-136.894454561429,59.3698402055611],[-136.906967569198,59.371709036343],[-136.911590690658,59.37008797508],[-136.911422549811,59.3648197816077],[-136.902763004809,59.3508061713678],[-136.90434248142,59.3504807417929],[-136.920056333733,59.3485529325719],[-136.935380428864,59.3487127079252],[-136.952755830817,59.3480570562882],[-136.953043086869,59.3480567586126],[-136.95063761983,59.3496824001227],[-136.953140623741,59.3532224131839],[-136.941345608613,59.3658948446714],[-136.936523667733,59.3710762023049],[-136.937744575652,59.3749132686325],[-136.942840605609,59.3778554852425],[-136.949737571132,59.3786403667596],[-136.972839604964,59.3705382512393],[-136.987426631034,59.3693059444138],[-136.995712645322,59.3702440470252],[-137.008987567722,59.3757373776779],[-137.027389701374,59.3777403180613],[-137.030868693635,59.3793925588196],[-137.061920628234,59.3816355561361],[-137.06866470721,59.3837984220596],[-137.072860687571,59.3888528772586],[-137.072738646871,59.3948231390767],[-137.070770575901,59.3983750546651],[-137.058471641853,59.4020143088134],[-137.047424628843,59.4030632213906],[-137.043990563114,59.4016403086534],[-137.057845682232,59.3967690822274],[-137.059707637697,59.394564138824],[-137.061096687362,59.3929239678669],[-137.048263657642,59.3874147102208],[-137.043548668636,59.3885818072047],[-137.04197656017,59.3962421964203],[-137.023742568265,59.3884907787265],[-137.01217654661,59.3803884959324],[-137.005462642587,59.3805133865836],[-137.004913628061,59.3844434931727],[-137.009994570093,59.391744969255],[-137.00735460573,59.394182090631],[-136.997436634893,59.391955020308],[-136.991058677116,59.3849507656653],[-136.982452641776,59.3824214430952],[-136.977294585577,59.3836116733401],[-136.974792588008,59.3890208508316],[-136.974899708954,59.3917679361414],[-136.979019582388,59.3943048031242],[-136.976806591851,59.3967149349463],[-136.963409627852,59.3971962242264],[-136.959457560718,59.3999272161681],[-136.963882702725,59.401758157613],[-136.994216642884,59.3993322678699],[-136.995910625675,59.4021321586723],[-136.989303674425,59.405005474623],[-137.021880611901,59.4058022586673],[-137.030898701314,59.4080766045517],[-137.023696635391,59.4146565662476],[-137.002029583199,59.4144277400482],[-136.991989570762,59.4181737805956],[-136.991149704695,59.4251020937867],[-136.981017660137,59.43068243025],[-136.966995573787,59.4348634908575],[-136.961364611787,59.4381446709399],[-136.962707560406,59.4403685567635],[-136.969039585309,59.4404947892032],[-136.996353692869,59.4307892148504],[-137.018127697835,59.427112074063],[-137.033325597398,59.4206229726721],[-137.034698552796,59.4200359042337],[-137.03593454864,59.4128557979568],[-137.041763659165,59.4127756665638],[-137.051116690283,59.4166368751917],[-137.064346686151,59.4152406165613],[-137.071990645652,59.4173578859577],[-137.075317591334,59.4247510596138],[-137.083358686055,59.4266160332034],[-137.096191547602,59.4254680477123],[-137.106887693712,59.4292521421727],[-137.115341681573,59.4352265948315],[-137.177993558056,59.458920224289],[-137.202010561238,59.4658785442595],[-137.216659612651,59.466915720684],[-137.221114595062,59.4687396231351],[-137.222869596854,59.4642806180561],[-137.212356678618,59.4593431736486],[-137.215209711259,59.4510229617404],[-137.221008646832,59.434081292018],[-137.218261562421,59.4317053569167],[-137.20754965839,59.427928304148],[-137.202056661386,59.4275432396288],[-137.194183706613,59.4286610501674],[-137.189941626105,59.4321023239631],[-137.189376686385,59.435806623377],[-137.204254563997,59.4444086351505],[-137.207031656086,59.4511419852145],[-137.203185703557,59.4543351549435],[-137.187789656367,59.4540260300773],[-137.170944545055,59.4489750948248],[-137.165115601804,59.4426348564135],[-137.177276569958,59.4318733313892],[-137.175674621087,59.4285200670475],[-137.171615601179,59.4285081636209],[-137.158431704559,59.4365693761758],[-137.154693712045,59.4337884277938],[-137.158447630654,59.4286721136272],[-137.161361683195,59.4247051267403],[-137.155563584892,59.4206568357444],[-137.150680624111,59.4232171723347],[-137.141723554598,59.4234731553619],[-137.138442709963,59.420665050152],[-137.140899612827,59.4173196647708],[-137.152511567355,59.4125585756178],[-137.153869603,59.4104225319743],[-137.150741644012,59.4062292333925],[-137.147933706975,59.4056912832262],[-137.143951632162,59.4082013270297],[-137.139800578334,59.4077403228576],[-137.129226640197,59.4023422088259],[-137.126693628608,59.4075304399779],[-137.122146614075,59.4073163662574],[-137.118652701161,59.4056693217818],[-137.120529577278,59.4016672991066],[-137.118835593588,59.3978560469191],[-137.113143611688,59.3986231587318],[-137.100234643214,59.4080375451966],[-137.093749563591,59.4093043859887],[-137.093200549066,59.4045132900563],[-137.105407618267,59.3960551122537],[-137.106582593312,59.3930079537541],[-137.086212556864,59.3924959876997],[-137.082977645102,59.3852327328044],[-137.079513571694,59.3774772942418],[-137.083312585907,59.3740633454471],[-137.106490560291,59.377404370915],[-137.115737643178,59.3764473249841],[-137.121810666929,59.3774962366621],[-137.127364683833,59.3804104573767],[-137.124633691891,59.3823946208151],[-137.103759568349,59.3837484656192],[-137.101409618259,59.3854805023234],[-137.131652698113,59.3967040378611],[-137.145721554606,59.3993862469778],[-137.160385693945,59.3962960073549],[-137.172149695052,59.3901498930032],[-137.186645694443,59.3884406550123],[-137.223205712174,59.3974631043388],[-137.222793657201,59.3997820413082],[-137.212692625764,59.4010220598203],[-137.197280653379,59.4004882995954],[-137.180496561967,59.3977299826526],[-137.172073588126,59.398417132145],[-137.162856679292,59.4016711536009],[-137.160293660924,59.4066303912796],[-137.167724553046,59.4098995006615],[-137.178542572582,59.4120665583251],[-137.192245644221,59.410860401986],[-137.208007645337,59.4065574688522],[-137.233581669958,59.4060775213606],[-137.281936701917,59.4153546110265],[-137.319625593646,59.4167126466714],[-137.322906605555,59.4151526071072],[-137.314514644835,59.4117155241522],[-137.293701707568,59.4091934087489],[-137.285415694179,59.4041434798378],[-137.281494640165,59.3983901416917],[-137.282806574764,59.39395695435],[-137.295272645116,59.3806394499507],[-137.287582583669,59.3762453219641],[-137.281936701917,59.3793125947005],[-137.27609267074,59.3920307917876],[-137.268890604817,59.3983980206522],[-137.26551856533,59.3995000741692],[-137.259445707953,59.3963908912267],[-137.268569578323,59.3841796311851],[-137.266967627654,59.3787593902337],[-137.25915569458,59.3801095469181],[-137.248855677348,59.3919087519874],[-137.248611595948,59.3902037048372],[-137.24739068803,59.3819024362485],[-137.261825665722,59.3714691448852],[-137.298538569999,59.3685200565554],[-137.300521559822,59.3672651182906],[-137.302123676866,59.3641897984205],[-137.296554572935,59.3612837921134],[-137.287658692395,59.3617758103055],[-137.281844667997,59.3598027103269],[-137.282806574764,59.3558476250679],[-137.279510643102,59.3530433752516],[-137.267623595852,59.3520935382862],[-137.256606589622,59.3595898093223],[-137.240737635733,59.3632180000108],[-137.234374597709,59.3693059444138],[-137.228851593926,59.3686880301286],[-137.225021566592,59.3654569737604],[-137.201873600786,59.3623627105707],[-137.19099456135,59.3576745438452],[-137.188369684014,59.3536876081966],[-137.192703631168,59.3486294648779],[-137.199447710144,59.3443610648113],[-137.209380600734,59.3424380894463],[-137.214446623013,59.3451461136023],[-137.211669698198,59.3533335567982],[-137.21678165425,59.35626655176],[-137.230254557002,59.3582805556032],[-137.232543655365,59.3542525488161],[-137.22366369912,59.3483134673926],[-137.227874599233,59.3448683382033],[-137.245605676761,59.3436662054311],[-137.267074581327,59.3282505440274],[-137.263641689213,59.3247675281989],[-137.251510560564,59.3311726428033],[-137.24113460278,59.3331217713527],[-137.237838671118,59.3323858399346],[-137.235717546328,59.3308946992311],[-137.239654693709,59.3260876781039],[-137.25196854841,59.3205901548118],[-137.246948626278,59.3181111232298],[-137.242462630746,59.3189191389072],[-137.239593673809,59.3194342912596],[-137.225723634938,59.3133081247702],[-137.221343587636,59.3137810323688],[-137.214263562413,59.3164630733123],[-137.208679706004,59.3241155826681],[-137.194595594311,59.3276405087026],[-137.196243644229,59.3312227674168],[-137.193496558919,59.3352739083642],[-137.189941626105,59.3354678651499],[-137.184341677227,59.338757092366],[-137.176528568738,59.3465272843068],[-137.173690624922,59.3544855658562],[-137.169631604115,59.3565456698469],[-137.15978957293,59.356850602973],[-137.152740559929,59.3618207368376],[-137.150024655913,59.3661008721576],[-137.154464550399,59.3787134573602],[-137.151565584884,59.382085495949],[-137.140548578654,59.3810744709102],[-137.130706549268,59.3726553515633],[-137.117767572216,59.3667000103972],[-137.115524574899,59.3667839971838],[-137.103484642003,59.3672379605635],[-137.09905966727,59.3654110408869],[-137.093841596612,59.3510064054213],[-137.077712636129,59.3360368293363],[-137.076476641184,59.3322027793349],[-137.099136613264,59.3353428072248],[-137.100402615888,59.3327517938603],[-137.093734643839,59.3287507757278],[-137.097473643594,59.3251074980127],[-137.089813589825,59.3227654259837],[-137.089111688753,59.3193583498081],[-137.067458550871,59.3145551849739],[-137.051147703404,59.3138229416755],[-137.021992362557,59.317072823552],[-137.022325562275,59.3164218420944],[-137.029283444276,59.3099823949716],[-137.031529609904,59.3082475856576],[-137.051833678382,59.3062158615728],[-137.072692546724,59.300734599822],[-137.079284578221,59.3031757447649],[-137.06970255363,59.3089629468826],[-137.070236649302,59.3113658706385],[-137.084777575225,59.3049035906283],[-137.090896699123,59.3041136801023],[-137.115646615599,59.3087458550372],[-137.12930257985,59.309615058788],[-137.137023654418,59.3121829379922],[-137.138503562589,59.3171492155639],[-137.130813669315,59.3212394167657],[-137.110809586793,59.3243864872467],[-137.113830592108,59.3281246479342],[-137.120422623605,59.3313676059303],[-137.121826593023,59.3320535809081],[-137.127059583433,59.3313096032556],[-137.13026465479,59.3272356626957],[-137.136779573019,59.3261944627043],[-137.148223553075,59.3110528903786],[-137.148895613742,59.3282924533341],[-137.141509648152,59.3424652462742],[-137.148223553075,59.3487553609712],[-137.156707547715,59.3485223439311],[-137.173004649945,59.3438951989044],[-137.180023655267,59.3358189002221],[-137.180557582766,59.3249624913259],[-137.169555663563,59.3131669743764],[-137.17092861986,59.3089589233157],[-137.185668698851,59.3075857997449],[-137.259887602431,59.3006387114075],[-137.300628680769,59.2852989896567],[-137.318481631722,59.2826979182744],[-137.319335580273,59.27621971217],[-137.312911688723,59.2712985293037],[-137.301086667716,59.2705776858116],[-137.28877264664,59.271722485904],[-137.243575581348,59.2850091435572],[-137.182983640682,59.2936124971191],[-137.172592594972,59.2932614629462],[-137.166305664775,59.2910791500827],[-137.162444625219,59.2876192684146],[-137.163848593738,59.2836398762793],[-137.174865599967,59.286939998782],[-137.18348655506,59.2873902749413],[-137.222076669103,59.284563059138],[-137.220184705959,59.2822400977024],[-137.205734640341,59.2779066541688],[-137.206542656019,59.2753387740652],[-137.22000164536,59.2732215055681],[-137.225936703216,59.2694523308604],[-137.227737638781,59.2652224883273],[-137.224716634365,59.2614873439658],[-137.209045659929,59.2688686159939],[-137.204131685129,59.2681254756102],[-137.1842655694,59.2588820808434],[-137.178893606755,59.2589461188683],[-137.177291657884,59.2620170797245],[-137.185607678951,59.2695975057204],[-137.180892690845,59.2728404637165],[-137.173766564575,59.2709325753781],[-137.164901696256,59.2649894712872],[-137.150680624111,59.2591070507498],[-137.151702546235,59.2553799544214],[-137.158798664826,59.2549938835609],[-137.170135692108,59.2578169094229],[-137.177001643611,59.2498708640492],[-137.190521653751,59.2459147742475],[-137.19123864185,59.2428934325859],[-137.186630607417,59.2401624406442],[-137.177490643678,59.2392853588323],[-137.156585675189,59.2271119863291],[-137.148663244213,59.2271368022217],[-137.153884741288,59.2240764335806],[-137.162035108134,59.2226149750011],[-137.166545675842,59.2209357662726],[-137.177935595851,59.2162714513664],[-137.184253306245,59.2139132463993],[-137.196315932634,59.2109088047976],[-137.20324545991,59.209984181225],[-137.205818913112,59.2094329660586],[-137.209258560034,59.2105743226469],[-137.235092592149,59.2191345932869],[-137.274856675795,59.2249719182195],[-137.30410767393,59.2362021600017],[-137.318343665828,59.2462017703954],[-137.331405688122,59.250751802154],[-137.34364360227,59.257645917725],[-137.370651603089,59.2852921170376],[-137.378906604256,59.2903391959971],[-137.382186610723,59.2922232801803],[-137.402496632713,59.3039388339101],[-137.416091577065,59.306616852186],[-137.469940610571,59.3311238599782],[-137.492507712361,59.3438490978576],[-137.501144591749,59.3463443909809],[-137.525268547705,59.3640300392549],[-137.546432686419,59.3763673617644],[-137.551101572579,59.3811546023031],[-137.558059558902,59.3800636140446],[-137.593002707109,59.3934458246652],[-137.62600661931,59.4021023191668],[-137.632903583933,59.4067562873728],[-137.643066641612,59.4098465269957],[-137.669738696184,59.4041582332159],[-137.684341647449,59.4069854490193],[-137.69433555794,59.4073203889249],[-137.695052546038,59.4045204981226],[-137.65310665315,59.392263977001],[-137.636352570315,59.3858856837774],[-137.635314554823,59.3851868008302],[-137.616775628892,59.3727770577151],[-137.617385664217,59.3653917630195],[-137.623321560242,59.3475884330598],[-137.631942682609,59.3337666742926],[-137.641326558674,59.3233442809139],[-137.649093565216,59.3199071970595],[-137.65567067696,59.3130900283821],[-137.667327557121,59.3089668022761],[-137.680648580567,59.3102559390604],[-137.690841645925,59.3156312525803],[-137.713531624785,59.3365860111356],[-137.718124573091,59.3370057768951],[-137.720001615582,59.3352848054495],[-137.702514618555,59.3135671259222],[-137.703826554951,59.309356057636],[-137.708450682753,59.307937002091],[-137.729034625647,59.3115489312382],[-137.730091279589,59.3114864787181],[-137.769055287671,59.3319032358457],[-137.77338495675,59.3334249040361],[-137.840750895937,59.3701904789075],[-137.942397317882,59.4235073799617],[-138.116158700164,59.5153519623233],[-138.175798296554,59.5461030089468],[-138.36155984641,59.641033381985],[-138.455995306338,59.6897596972523],[-138.534131919353,59.7293613255648],[-138.616402508969,59.7739295731913],[-138.65348839987,59.8105807120303],[-138.665099357949,59.8293637301521],[-138.674048189672,59.8636575372656],[-138.689497027965,59.9068520830572],[-139.047239627107,59.9963109349018],[-139.1893628706,60.0884416977262],[-139.124323137603,60.2100124098449],[-139.080547085679,60.2898967257534],[-139.066816664757,60.3277948681387],[-139.06798977191,60.352769646602],[-139.089730188098,60.352354666135],[-139.08973262616,60.3523804380069],[-139.090358499445,60.3589943401167],[-139.107113045431,60.3585216096846],[-139.123876681763,60.3580397889052],[-139.140640319895,60.3575579690251],[-139.157403956228,60.3570761482457],[-139.174167595258,60.3566034178135],[-139.190922139445,60.3561215970341],[-139.207685775778,60.3556488666019],[-139.224449414809,60.3551670467219],[-139.241213051141,60.3546852259425],[-139.257976688373,60.3542124964096],[-139.274740324706,60.3537306747309],[-139.291494871591,60.3532488530522],[-139.308258510622,60.3527761244187],[-139.325022146954,60.3522943018406],[-139.341785783287,60.3518124828598],[-139.358549422318,60.351339753327],[-139.375313058651,60.3508579316483],[-139.392076695883,60.3503761108689],[-139.408831241868,60.3499033804367],[-139.415913625114,60.3497000751984],[-139.426667696557,60.358970713128],[-139.471798640095,60.397326962969],[-139.510161258036,60.4266585439567],[-139.553041829817,60.453744837954],[-139.611710430892,60.5011247521057],[-139.701963993843,60.5597977571608],[-139.792222833117,60.6184621880795],[-139.891513419808,60.6748808940381],[-139.990907306227,60.7017145837611],[-140.10485485117,60.7188057019217],[-140.215953817814,60.7387496341883],[-140.335598619181,60.7643835743426],[-140.421063356988,60.7843277422316],[-140.458100003712,60.7985686462261],[-140.494522945877,60.8068282950898],[-140.504025943443,60.8070766707518],[-140.51597697116,60.8092102889237],[-140.530200841096,60.8125579729721],[-140.544666724889,60.8152023242279],[-140.56196878623,60.8178713906522],[-140.58013681736,60.8202395466178],[-140.600295158794,60.8229249977905],[-140.639928260681,60.8244336635827],[-140.662704684174,60.8248529266213],[-140.674666709701,60.8253578437895],[-140.685302251398,60.8262022190572],[-140.69853191002,60.827765075298],[-140.716778667801,60.8303403963922],[-140.737087499988,60.8334562073381],[-140.755232160436,60.8371828953744],[-140.775952150072,60.8400405397392],[-140.791167233881,60.8419193026338],[-140.807967918684,60.8427536108905],[-140.824030620717,60.8443205428588],[-140.845905231941,60.8477729385703],[-140.861692072331,60.8514365850305],[-140.879638410684,60.8574539317536],[-140.903255525822,60.8619204209907],[-140.924886311954,60.8630724129616],[-140.939483898763,60.8629046039644],[-140.952895053164,60.8619051558983],[-140.962523865884,60.8609447087314],[-140.975386822344,60.8597526834396],[-140.984478236182,60.8586077025835],[-140.992875502003,60.8582166899483],[-141.001923490277,60.8600301377807],[-141.001940774347,60.8600295190471],[-141.001940774347,60.860032180141],[-141.001946080347,60.8600332431397],[-141.234534844408,60.8516991421018],[-141.490991243251,60.9288433307552],[-141.704047433043,60.9947960491984],[-141.732940485715,61.0022212333233],[-141.991795830613,61.0784304184291],[-142.181179048374,61.12135312075],[-142.20199223925,61.1260485099309],[-142.323411492946,61.1516570928006],[-142.429236994292,61.1399384615908],[-142.604786101997,61.1359044005677],[-142.739848941675,61.1459295822845],[-142.761689154731,61.2173169263351],[-142.724779484186,61.2788098357054],[-142.655179861961,61.3025198094417],[-142.641500879562,61.3543558652311],[-142.743453687038,61.3710151640187],[-142.748356527332,61.4104231323217],[-142.962194744192,61.4176687488138],[-143.080764234282,61.3980079752879],[-143.232820462794,61.4132877131575],[-143.371169453108,61.3678606300641],[-143.445500066875,61.3465601199536],[-143.537224946774,61.3597087793368],[-143.623726397855,61.4144623680439],[-143.754550088816,61.514802698286],[-143.917884129649,61.5348461630201],[-144.059077629729,61.5567528890347],[-144.208938576254,61.6022315401535],[-144.246643042442,61.6632171383603],[-144.423387790714,61.7247583161434],[-144.599558556582,61.7991083777495],[-144.595197520949,61.9008799007868],[-144.757680848992,61.8963694787685],[-144.891820128096,61.9590391708211],[-144.911514847432,62.0534232668703],[-144.885202537867,62.0943883672294],[-144.813381236755,62.2056482001044],[-144.650346691746,62.2572630613413],[-144.643993193731,62.3224386801011],[-144.567530526612,62.4070685205958],[-144.399690935388,62.4896909411841],[-144.127048408857,62.5666148768751],[-144.116977892316,62.5694400449222],[-143.988441090084,62.5453977617973],[-143.852807525347,62.5341254533271],[-143.602501675412,62.5274589543673],[-143.496592714282,62.5506569971228],[-143.584948391155,62.7021738986066],[-143.589277493661,62.705451010156],[-143.599247447112,62.7129952528287],[-143.611878411759,62.7086912108308],[-143.629675674892,62.7112412537809],[-143.714500468622,62.7213637187606],[-143.861402877641,62.7408789783822],[-143.961000176317,62.6780310119217],[-144.060970996714,62.6569596868401],[-144.241049828587,62.6350770914347],[-144.35873067518,62.6586394711347],[-144.519138098145,62.7143684789222],[-144.527476205662,62.8007779068749],[-144.571481795149,62.8774768249955],[-144.740989502863,62.8547328940079],[-144.996276253346,62.8359497625715],[-145.276073599917,62.793606864865],[-145.633848195138,62.7753067691921],[-145.699523813573,62.7369930213109],[-145.986578671069,62.7351893949747],[-146.354445806329,62.7204638130546],[-146.63556058865,62.717331298101],[-146.934104020884,62.7006809115949],[-147.198150058378,62.6702818551236],[-147.327565010817,62.6053349717316],[-147.353451092994,62.5922960997852],[-147.382572699371,62.5244755721899],[-147.33182630444,62.4721976390099],[-147.188965994585,62.4186431910305],[-146.998639881725,62.3590204911029],[-146.990018745868,62.2311057544271],[-146.995566311936,62.2079539826902],[-147.014764408551,62.1242085939515],[-147.035879357946,61.9390282498539],[-147.136422824354,61.9054389086788],[-147.259811110394,61.8614102138104],[-147.410434172099,61.8512279897799],[-147.655672089595,61.8121643979687],[-147.850518955885,61.8119207590358],[-148.167741054306,61.8057302613425],[-148.657225608875,61.795003784697],[-148.706849897205,61.7815662459855],[-148.730639975355,61.8257385499941],[-148.791629121387,61.8252267080462],[-148.880987455107,61.8244300454103],[-149.046497125042,61.7888790319418],[-149.265851240143,61.7378268962943],[-149.342646820095,61.719834116951],[-149.376087327968,61.7119782169212],[-149.58229004435,61.7248554923871],[-149.616513843739,61.7425162222459],[-149.685750587719,61.778162747313],[-149.713697217253,61.8638917886752],[-149.706321161293,62.0049806364473],[-149.766548388198,62.1476633436884],[-149.783029274981,62.2074480987508],[-149.796703659147,62.2568621525663],[-149.628243084251,62.3396926969605],[-149.621444361568,62.3430230438784],[-149.660564981189,62.4207936786854],[-149.809457235563,62.517796844249],[-150.003597965873,62.5225019227256],[-150.036573165419,62.5794053362873],[-150.084037531307,62.6726246034427],[-150.036050136804,62.7178528922972],[-149.943999563829,62.7899055413077],[-149.756008053229,62.8973175996276],[-149.831061652673,62.9771601303358],[-149.92607502774,62.9522947319164],[-149.933996477555,62.9502216552053],[-149.934264658987,62.9511062418596],[-149.926666630561,62.9619678479379],[-149.934203639087,62.97094704527],[-149.952514576986,62.9850626728041],[-149.973083599229,62.9946384947708],[-149.999999567026,63.0018673829734],[-150.00228866539,63.002481609139],[-150.035049668907,63.0194764207003],[-150.059738563684,63.0281749917825],[-150.066879610606,63.0360028518502],[-150.064712721115,63.0393980245992],[-150.066528577332,63.0432924254052],[-150.058120688719,63.0505027057353],[-150.053069587092,63.0598341108556],[-150.051483563416,63.0627479961232],[-150.053644166645,63.0686722711085],[-150.063003651297,63.0943355327587],[-150.058639697364,63.1214288621523],[-150.063125691098,63.1326441841818],[-150.091522574307,63.1498083102054],[-150.113006565001,63.1541263312652],[-150.141372602364,63.1623856914466],[-150.144271566979,63.166615702153],[-150.147033571142,63.170648067954],[-150.144012565827,63.1811083479719],[-150.148483640707,63.1829746615514],[-150.161331590181,63.1780831509167],[-150.169784570801,63.1808984650921],[-150.179092675387,63.1869148270577],[-150.16818262193,63.193652034314],[-150.178573666741,63.1983101915621],[-150.166442706266,63.1984243542007],[-150.148452627587,63.1941482424475],[-150.128188705744,63.1955441638322],[-150.122497562013,63.1982262056749],[-150.115646696638,63.1935978870329],[-150.099441628328,63.1945750489994],[-150.086059584083,63.1996873386998],[-150.08094762893,63.1907408308247],[-150.075958720818,63.1893217752798],[-150.059554664916,63.1941712093339],[-150.055023575578,63.1975392252551],[-150.051696630795,63.2000194295531],[-150.043319589827,63.1958259636973],[-150.044631692599,63.1896848792538],[-150.039764657013,63.1859876206323],[-150.027541662618,63.1881395912692],[-150.025924625821,63.1901728729798],[-150.033264657638,63.194812088707],[-150.032134610024,63.1970810701353],[-150.01744063118,63.1978372857622],[-149.999999567026,63.192144966617],[-149.993606688598,63.1900577057986],[-149.98924256829,63.1865906151648],[-149.997482648805,63.1834896466299],[-149.999999567026,63.1837446242151],[-150.005020661874,63.1842517294338],[-150.015899702209,63.1884716821225],[-150.023116687885,63.1855836136929],[-150.02685568764,63.1817495627922],[-150.019180714119,63.1736893583773],[-150.013137697147,63.1733951532638],[-150.001846602738,63.1771482337041],[-149.999999567026,63.1766682862125],[-149.99636869366,63.1757264945821],[-149.964629612267,63.1840455337744],[-149.957153625439,63.1821384836042],[-149.954757574303,63.180811125633],[-149.942443719602,63.1739979787238],[-149.926971564586,63.1708579508338],[-149.92163061596,63.1762711518922],[-149.924865695895,63.1817805759129],[-149.936630702445,63.1882958295889],[-149.958007573091,63.1946888752914],[-149.973632613754,63.195315003085],[-149.995895618788,63.2042194343795],[-149.999999567026,63.2046806067247],[-150.029556671903,63.2079954817062],[-150.108337677042,63.2092588016524],[-150.124221718857,63.2151138971886],[-150.117400693887,63.2202912312554],[-150.10714761497,63.223381302705],[-150.105682625653,63.2242932539306],[-150.094116604897,63.2314574341133],[-150.088516656019,63.2323117181114],[-150.087188627153,63.2284246944441],[-150.092468723153,63.2236904275712],[-150.088073587926,63.2204550130884],[-150.067001651305,63.2172769312854],[-150.027557587812,63.2175520249061],[-150.018585599446,63.2149497790091],[-150.011947635075,63.2162471302009],[-149.999999567026,63.216403872141],[-149.992736647578,63.2164990896613],[-149.974822676725,63.2206380736882],[-149.96726957573,63.2201002907958],[-149.966400708326,63.2173540436543],[-149.972686632182,63.2133178215603],[-149.973876695153,63.2096815846375],[-149.967803671402,63.209845702817],[-149.957992653338,63.2138400147049],[-149.943832601094,63.2141419306056],[-149.920806675088,63.2097808266239],[-149.910659710777,63.2135049066262],[-149.888824685011,63.2215042602135],[-149.885681638996,63.2235184313306],[-149.890624615134,63.2256284908622],[-149.911117697724,63.2206151068018],[-149.924331601122,63.2193980551762],[-149.960861611174,63.2264135396532],[-149.978561675581,63.2263795102063],[-149.999999567026,63.221973143346],[-150.019821594391,63.2206610396753],[-150.026779579814,63.2230150142316],[-150.053863687559,63.2274026050462],[-150.060928626655,63.2274745220316],[-150.068725640876,63.2234491970229],[-150.073730643255,63.2244114392366],[-150.075622606398,63.226940427259],[-150.071914619764,63.2303206811546],[-150.071655618612,63.235561885073],[-150.066024655713,63.2368739878443],[-150.062637697372,63.2348948534148],[-150.055709718729,63.2308395207273],[-150.031997649572,63.2296834881025],[-150.01550256699,63.2258605015609],[-150.005660703978,63.2303166566884],[-150.007095685617,63.2319269890394],[-150.028259656158,63.233516868109],[-150.039687711019,63.2375150362899],[-150.040588597885,63.2398041337538],[-150.012786662974,63.2395099286404],[-150.00303666571,63.242142182216],[-150.005920710572,63.2451372034192],[-150.014495566417,63.2454572235721],[-150.030822675426,63.2428940379295],[-150.035766657006,63.2452253810466],[-150.03540070308,63.2525154573225],[-150.042983642681,63.2525955878162],[-150.057922709266,63.2472772706296],[-150.059539577889,63.2452443243661],[-150.066665704159,63.244405295568],[-150.066268569839,63.2523774914281],[-150.072814669361,63.2531295162142],[-150.077880690741,63.2513096373299],[-150.08517462331,63.2486961589007],[-150.095611600995,63.2421882823634],[-150.108306663921,63.2411742400992],[-150.12060559797,63.2378778048169],[-150.122466716166,63.2413150559451],[-150.102950628269,63.2579937018479],[-150.088943629845,63.2751794529694],[-150.05067470957,63.2709142383015],[-150.033172624617,63.2664010859414],[-150.016509569361,63.2655431138237],[-150.005355602679,63.26587906097],[-149.999999567026,63.267568182026],[-149.995574593193,63.2689656133724],[-149.99392670965,63.2714563793085],[-149.996749568238,63.2753625135692],[-149.999999567026,63.2758887302807],[-150.007308586622,63.2770715842863],[-150.015197633864,63.2769378092325],[-150.024032662677,63.2767926343726],[-150.115127688892,63.2888902353961],[-150.142455710762,63.289615269729],[-150.154144610385,63.2890421147019],[-150.171005646893,63.2857852432944],[-150.18467669907,63.2859111393876],[-150.189727634323,63.2864142210395],[-150.194640601882,63.289653323642],[-150.188812664972,63.2955245107476],[-150.175445708652,63.2995027301669],[-150.160705628762,63.3005028590198],[-150.156570669201,63.3020587077432],[-150.139892693293,63.3009868300782],[-150.118026654407,63.3025128392961],[-150.108352596795,63.3031837272472],[-150.09603857482,63.3062548562767],[-150.064483560368,63.3088991787541],[-150.042449716082,63.3132322877399],[-150.041213720237,63.3177796377202],[-150.048721558353,63.3196796479974],[-150.062881609699,63.3205076124364],[-150.06829866705,63.3239829165784],[-150.071456632817,63.3317650110465],[-150.068481560376,63.3406273648611],[-150.059158704211,63.3441787768292],[-150.058425622744,63.3487299831023],[-150.062393615973,63.3508241183384],[-150.067962719904,63.3511070909196],[-150.089507564123,63.3465369422262],[-150.092285661654,63.3417795411929],[-150.09884668093,63.3425265360709],[-150.104064583414,63.3396165070962],[-150.101608685093,63.3377703086529],[-150.089523656591,63.3358240309543],[-150.098861599783,63.3318147993136],[-150.095901615267,63.329960890083],[-150.081756650949,63.3286789622643],[-150.079620606406,63.3204506152038],[-150.083770653893,63.3186684547854],[-150.110122687412,63.3296480770971],[-150.117812580686,63.3278969297995],[-150.126388609247,63.3184096218067],[-150.141052581312,63.3194625561521],[-150.144698708978,63.3172192242878],[-150.134384609262,63.3102801812854],[-150.137023567284,63.3080251141677],[-150.148757560713,63.3065448696501],[-150.151748560148,63.3077131402493],[-150.153045574993,63.3122831207695],[-150.159042659091,63.314163349559],[-150.16514569142,63.3139953759859],[-150.170974633772,63.3083530141803],[-150.177429704817,63.311604186584],[-150.181991640002,63.3114201196429],[-150.181716712756,63.3063998629634],[-150.185348591564,63.3046106617527],[-150.197280566245,63.3099672010256],[-150.203018650091,63.3063738788515],[-150.206558663152,63.2995945959139],[-150.208007559102,63.2968433197635],[-150.215957626243,63.2891643226754],[-150.248351670393,63.2666642779341],[-150.245910691825,63.2645890860176],[-150.235183699868,63.266546259902],[-150.229827664215,63.273336608098],[-150.221008560597,63.2780407000183],[-150.204650605741,63.2813098094002],[-150.194503642329,63.2816719079323],[-150.192230637334,63.2759537728484],[-150.196548659293,63.2700633069761],[-150.202316581745,63.265787027949],[-150.216735634242,63.2602209412435],[-150.264755558122,63.2501695298999],[-150.258300654352,63.2471473509695],[-150.236068662439,63.2464910482233],[-150.251083667777,63.2386481020283],[-150.253768558672,63.2350237667335],[-150.24787859642,63.2308658402864],[-150.232314574758,63.2284476613306],[-150.216094585796,63.2292104141293],[-150.211990639356,63.230541794768],[-150.211913693362,63.2323648590511],[-150.219909693378,63.2342606775883],[-150.224655694605,63.2416010457517],[-150.211913693362,63.2549336371777],[-150.199142689883,63.2575509701012],[-150.194686702929,63.2552316967854],[-150.194396688656,63.2506684207111],[-150.198623683037,63.246602360011],[-150.212554572735,63.240578119085],[-150.209716628919,63.2362178532713],[-150.186065579663,63.2444353032467],[-150.185348591564,63.2492153348199],[-150.184295657219,63.2502414468853],[-150.178451626941,63.2559905950899],[-150.167648695331,63.2599919468709],[-150.144683621052,63.263872097919],[-150.139983719973,63.2670191666013],[-150.145889609218,63.2704944716426],[-150.158569585118,63.2701625489625],[-150.17187468337,63.2670992979943],[-150.17738360467,63.2682891927921],[-150.174667699755,63.272367492366],[-150.156722715781,63.2769835739329],[-150.114654614919,63.2777166553994],[-150.109634692787,63.2767547477335],[-150.108230556995,63.2744584422034],[-150.114700715066,63.2660881056816],[-150.123000642765,63.2620681451289],[-150.136321667111,63.2587757334134],[-150.152038572622,63.2580159978401],[-150.156707628754,63.2557808785847],[-150.154266651085,63.2537055202936],[-150.140090672746,63.2504395954111],[-150.13775664875,63.24989862712],[-150.136398613105,63.2464684167841],[-150.140502560445,63.2451372034192],[-150.164047660571,63.2501536047051],[-150.168716716703,63.2476893247026],[-150.153854597012,63.2409371985929],[-150.170745640299,63.2365390470395],[-150.18432667034,63.2382632047832],[-150.189086585877,63.2337456943084],[-150.186202708288,63.2303019051089],[-150.178756560067,63.2274934653512],[-150.121597679689,63.2278557311571],[-150.119140608652,63.2262345026202],[-150.136520652906,63.2223012106324],[-150.132812667171,63.2151980512491],[-150.139022651374,63.2120657341464],[-150.147125605063,63.2119178766088],[-150.152587588047,63.2137939145576],[-150.156234722055,63.2115477318424],[-150.151458713149,63.2055734473568],[-150.147582585668,63.2054356478369],[-150.134307663268,63.2049515104039],[-150.132888606824,63.2028873819472],[-150.141128688238,63.1997743427118],[-150.174758560059,63.2042035091847],[-150.181915700349,63.2026744818419],[-150.190353593943,63.1947731966258],[-150.195480637022,63.1929999224085],[-150.203796658089,63.1992332080462],[-150.195922697874,63.2057675723157],[-150.180526650684,63.2108686303831],[-150.181457713403,63.2126997409004],[-150.183929703293,63.2136380107856],[-150.192077584413,63.2125738448071],[-150.202392688672,63.2078816554141],[-150.212035565889,63.2070578818158],[-150.214935704119,63.2098227368299],[-150.211746557957,63.213439694986],[-150.204009558195,63.2167889357609],[-150.186675614988,63.22004731713],[-150.168197708957,63.2153128829832],[-150.162597591905,63.2159416925551],[-150.160491723214,63.2177469880331],[-150.164367683422,63.2214323432281],[-150.166839673312,63.2216150683807],[-150.199645604261,63.2240414617441],[-150.237228716832,63.220058046042],[-150.24720770757,63.2231103999251],[-150.267440617191,63.2228353063044],[-150.272369679017,63.2258415591407],[-150.261825580386,63.2357799823603],[-150.271652690919,63.2427071219362],[-150.307144686378,63.240735028299],[-150.33341960573,63.2414141297583],[-150.355026642565,63.2452403007993],[-150.36924771561,63.2437602235555],[-150.392074654921,63.2447561615676],[-150.395004632658,63.2448812203921],[-150.399108580896,63.2433173254343],[-150.403457615077,63.2353749681803],[-150.406509634412,63.2349401153941],[-150.411361582071,63.2404532284338],[-150.417877673915,63.2420974220585],[-150.422729621575,63.2473803680097],[-150.41851771602,63.2516754230824],[-150.399581654869,63.2572270927562],[-150.382461618109,63.255265728031],[-150.366988624925,63.2496698009206],[-150.362319569692,63.2525955878162],[-150.373046561649,63.2627120426267],[-150.370422690655,63.2652001267845],[-150.364318653783,63.2660621215697],[-150.353240626753,63.2646009876455],[-150.343322656815,63.2592789832385],[-150.333770639903,63.24506511916],[-150.328704616725,63.2454773414062],[-150.321899686022,63.2511185286972],[-150.308318655082,63.2451222836665],[-150.303848585644,63.2468613611629],[-150.309509556221,63.2569409347764],[-150.297912689619,63.2559297415644],[-150.284103672446,63.2473724890492],[-150.27941869112,63.2502986122912],[-150.284652686972,63.2580927756611],[-150.302215623652,63.2618921253214],[-150.320388595657,63.2631889728929],[-150.327010634833,63.2621060308687],[-150.332992631005,63.2644331831449],[-150.337280646185,63.2708533847759],[-150.328597663951,63.2853691647552],[-150.328918691345,63.2899310999404],[-150.343368588789,63.3085169641866],[-150.362655684112,63.3205265548567],[-150.374542564088,63.3279200639598],[-150.394607665611,63.3467726410446],[-150.423171684226,63.3567984028241],[-150.433410680658,63.3545973148143],[-150.435699611748,63.3475479672649],[-150.431701610841,63.3322461321533],[-150.421462614408,63.3212245996356],[-150.406066566319,63.3126723770286],[-150.378600577655,63.3019676801644],[-150.368987709016,63.2888972761884],[-150.371566652579,63.2875471186047],[-150.382369585088,63.2856239750665],[-150.432769634011,63.2766367306007],[-150.490051559632,63.2611100928565],[-150.515441686385,63.2585578042993],[-150.53430163791,63.2548156191456],[-150.54100062308,63.2512145861842],[-150.55781555944,63.2474563076625],[-150.594848651144,63.2442861048199],[-150.630248613583,63.2447442599397],[-150.638091559778,63.2436571270748],[-150.679015699615,63.2379809021969],[-150.719268616054,63.2272765407798],[-150.747085637992,63.2267494867994],[-150.757675670396,63.2279475960048],[-150.769348643925,63.2259605817155],[-150.814681664227,63.2125196984254],[-150.829781868638,63.2092076077449],[-150.830851328926,63.2089730321798],[-150.840072628249,63.2069504263212],[-150.85284463717,63.2008584592505],[-150.870345715782,63.1866705792839],[-150.885253601073,63.1745702955827],[-150.903014686279,63.169636874742],[-150.915267688353,63.1628547418529],[-150.934249680578,63.1472060643085],[-150.937744598934,63.1494991853392],[-150.924758683566,63.1679086943308],[-150.886550616817,63.1841484638805],[-150.859374643325,63.202258404202],[-150.865585632971,63.2095107620121],[-150.870818623381,63.2100634646572],[-150.877502687899,63.2053062317972],[-150.906799618008,63.2054433604228],[-150.927078626877,63.2021132302414],[-150.932205669956,63.1982602360212],[-150.923202667569,63.1941170620528],[-150.915115639975,63.1938537018869],[-150.912002600739,63.1981720592931],[-150.907440665554,63.1988320501591],[-150.902953666379,63.1963070848042],[-150.895324624832,63.1983251122142],[-150.89184563257,63.1958001477587],[-150.901550703302,63.1908290093514],[-150.915710587374,63.1897526053985],[-150.907317620312,63.1812805123858],[-150.913909651809,63.1792584623083],[-150.937866639634,63.1928128373426],[-150.948303618217,63.2010643176642],[-150.953796614322,63.2113676893674],[-150.956100632438,63.2156868840425],[-150.976470667987,63.234459831556],[-150.986144558325,63.2572919689493],[-150.984496675681,63.2645780216585],[-150.990951580351,63.271215483308],[-151.004043609425,63.274912572857],[-151.012679652444,63.273348509726],[-151.022918649776,63.2674624019683],[-151.027541603962,63.2633760570594],[-151.028671653374,63.2565397768893],[-151.023315615923,63.2448971455868],[-150.996337622783,63.2287753931699],[-150.995284688438,63.2281532880439],[-150.988448576441,63.2153588158567],[-150.974990591642,63.2057333737962],[-150.974059697997,63.2016254028901],[-150.979720666775,63.1961771660434],[-150.99447667276,63.1905391623525],[-151.026794609084,63.1897455637069],[-151.063079699568,63.1944340649802],[-151.086120714399,63.2061375489088],[-151.098266594628,63.2054933159638],[-151.099807690872,63.2034482989998],[-151.093322613048,63.1977261412485],[-151.086303606826,63.1949679915796],[-151.084823697755,63.1929120793291],[-151.087356710244,63.1922366650901],[-151.103500589581,63.1927441057559],[-151.112060692947,63.1950521474387],[-151.128707654834,63.1962422086111],[-151.150283680348,63.2061035176633],[-151.15786762629,63.2058974910764],[-151.164657638139,63.1883647293488],[-151.157668639596,63.1821926308853],[-151.146560605787,63.1830735689901],[-151.132751587716,63.1737651298569],[-151.128463574334,63.177320398118],[-151.136367708603,63.1891958791865],[-151.130294684852,63.1910036873703],[-151.127303687215,63.1873458253496],[-151.100768593096,63.1729029677978],[-151.106841616847,63.1715561628866],[-151.114913557415,63.1722661110922],[-151.116454653659,63.1699880770881],[-151.106918562841,63.1660856300479],[-151.082046605666,63.1764920991311],[-151.063964662139,63.1767780889377],[-151.058318612214,63.176866266565],[-151.047775686299,63.1729522533439],[-151.046325616734,63.1693017666632],[-151.049972582569,63.1624767181261],[-151.065185570058,63.1577424521525],[-151.0808406184,63.155972360636],[-151.117645722972,63.1574564614466],[-151.152664642659,63.1785294044086],[-151.166778594756,63.180166389967],[-151.177383714187,63.179739247968],[-151.183471657691,63.1779314388849],[-151.186050602154,63.1724640914447],[-151.184554599715,63.1708659970682],[-151.176483664589,63.1713008507537],[-151.166869622335,63.1735554151504],[-151.16487171186,63.1719531299331],[-151.171996665414,63.1669586891922],[-151.188674641322,63.1640365904163],[-151.190093696867,63.1643876236899],[-151.1942135703,63.1654174247744],[-151.202102616642,63.1813945059517],[-151.206619625295,63.1830046701295],[-151.218734659677,63.1830316587841],[-151.223770675176,63.1848666255943],[-151.213012670099,63.1992025303725],[-151.21649166326,63.2042264751718],[-151.21952859377,63.2035475409863],[-151.224563602928,63.2049285426182],[-151.240737659016,63.2035974974266],[-151.243316602579,63.1985884723802],[-151.253982574636,63.1926869412494],[-151.254012582315,63.1888108137681],[-151.247527670865,63.1812722979782],[-151.235473656384,63.1762330979791],[-151.22941571876,63.1764473389736],[-151.219863701848,63.1727772389784],[-151.215377708115,63.1679779286385],[-151.215972654614,63.1595465722166],[-151.222030592238,63.1591045113641],[-151.234100700087,63.161641378347],[-151.241638713156,63.1655325919556],[-151.250213568102,63.1660056668281],[-151.273315601933,63.1767673600257],[-151.276351695175,63.1751801627344],[-151.27589471367,63.1715290060588],[-151.274917718978,63.1674248914456],[-151.261428721958,63.1534933299533],[-151.262481657203,63.1484801131667],[-151.27160669939,63.1437114813998],[-151.27561961915,63.1446309761387],[-151.272064687235,63.1475869379868],[-151.276580687749,63.1498762027246],[-151.289260663649,63.1412398251579],[-151.295822688366,63.1410217278705],[-151.301330605123,63.1458208709365],[-151.306365614282,63.1469688564276],[-151.309936639564,63.1417316751767],[-151.305404712058,63.1403545289384],[-151.302932722167,63.1339681885811],[-151.295410634293,63.1296231779673],[-151.284774669016,63.135757557965],[-151.274673637578,63.1380196658749],[-151.272170633668,63.1364175488309],[-151.276748662221,63.1316413726513],[-151.295471654193,63.1223287426774],[-151.296508663344,63.1186816086694],[-151.293487658029,63.1182206053967],[-151.266723570436,63.1268341842502],[-151.237960566927,63.1297339870339],[-151.202712651967,63.128284252916],[-151.192092612784,63.1319043973701],[-151.186477575979,63.1375885012084],[-151.176406720394,63.1366503976977],[-151.165252586438,63.141635618589],[-151.158935647662,63.1429748790874],[-151.154632713629,63.143886830313],[-151.144088614998,63.1415786222557],[-151.14262362568,63.137924446556],[-151.149719577896,63.1345254184134],[-151.15476967498,63.1343115119668],[-151.17298857896,63.1279789843427],[-151.221999579117,63.1148784054141],[-151.224044596081,63.1116934491934],[-151.21905568707,63.1080350835523],[-151.210479659409,63.1093812166699],[-151.206985579221,63.1066379876531],[-151.225204651374,63.0984748522327],[-151.234771588038,63.0973568744203],[-151.236770672129,63.0989558060656],[-151.228164635889,63.1041819229574],[-151.229141630582,63.1069171048406],[-151.235656716984,63.1089842496235],[-151.229522672433,63.1183156547438],[-151.23352067334,63.1206047531069],[-151.261382621811,63.1195055504409],[-151.271819600394,63.1190938309156],[-151.284957563241,63.1150165376831],[-151.313690559072,63.1114183546734],[-151.346832604441,63.1262888569452],[-151.35990870832,63.129501305441],[-151.370971647424,63.1347582672803],[-151.390106694368,63.1375196014485],[-151.415267658576,63.1466637551283],[-151.428848688616,63.1562513114489],[-151.461089678945,63.1681306470118],[-151.468139698288,63.1690498072029],[-151.479247563924,63.1670049584122],[-151.481780574614,63.1651815577827],[-151.48733559696,63.1617635863205],[-151.440521662145,63.1336932631336],[-151.407790666306,63.1259108332184],[-151.390182634021,63.1233858687629],[-151.357498575599,63.1135393121896],[-151.338882703674,63.1110066360475],[-151.323303595884,63.1052801201815],[-151.314376702223,63.0927863902797],[-151.35427858359,63.063836301704],[-151.373443638213,63.0536046806116],[-151.400634699632,63.0456583006901],[-151.397628614069,63.0438302082975],[-151.387069594786,63.0445022689646],[-151.382552587032,63.0428993137524],[-151.383071594778,63.0387990554321],[-151.374542672706,63.0369640877225],[-151.372573596294,63.0321728254156],[-151.37559460161,63.0296698206058],[-151.394653708902,63.0351628167107],[-151.409683634892,63.0433884819929],[-151.413162627153,63.0504606291548],[-151.410018574797,63.0594301030169],[-151.407562678275,63.0664103853311],[-151.413558587859,63.0766765403901],[-151.440154702777,63.0960788019952],[-151.476333678656,63.1173084859979],[-151.488921620636,63.1234696882756],[-151.507552579588,63.125984091093],[-151.536270656566,63.1355664502315],[-151.55795262941,63.1394464331065],[-151.573577670073,63.1403585516059],[-151.58314561218,63.1348836606525],[-151.573562582147,63.1285011765881],[-151.566482724198,63.1276162149164],[-151.540817671998,63.1243970610756],[-151.515624688329,63.1191476427496],[-151.499008571388,63.1125323098183],[-151.48695371784,63.1013550417019],[-151.483947632277,63.0883614164463],[-151.495544666153,63.0762837641844],[-151.500076592761,63.0758297999054],[-151.502090596604,63.0787939761611],[-151.497039662251,63.0908753156434],[-151.501556670004,63.0901926942375],[-151.511642614415,63.0838140655667],[-151.523208634271,63.0872365642161],[-151.525222638114,63.0806250866785],[-151.533767652655,63.0806291102453],[-151.547866684999,63.0849620510579],[-151.558929623204,63.0813150852231],[-151.549865600917,63.0785797351667],[-151.538299580161,63.0778937601889],[-151.514160705352,63.079480789307],[-151.511138693696,63.0765169475991],[-151.519195713611,63.0749258949142],[-151.5216677053,63.0749599261597],[-151.535278574846,63.0751585774065],[-151.543838677313,63.0737926619019],[-151.545852681156,63.0717404368717],[-151.538802661813,63.0692305603421],[-151.541320586376,63.0678644766643],[-151.537795660341,63.0660372224399],[-151.498077676843,63.0699016146679],[-151.494048663715,63.0680745277173],[-151.499587592693,63.0651133686871],[-151.515182626577,63.0619282460917],[-151.55187960476,63.0623941119987],[-151.562438623144,63.0607992030208],[-151.557906695637,63.0578348603905],[-151.546859682628,63.0605702104469],[-151.536804584064,63.0594260803494],[-151.525237557867,63.0541806846909],[-151.507140692789,63.0534896807043],[-151.498107683623,63.0505218172281],[-151.494094595689,63.0464175344417],[-151.508163621254,63.0389021519129],[-151.505752650364,63.0387722322528],[-151.4910886783,63.0379821535536],[-151.484054585051,63.0404853256373],[-151.482528575833,63.0455013923754],[-151.487045583587,63.050971757041],[-151.485534662295,63.0543937529694],[-151.48251365608,63.0548477172484],[-151.470962723251,63.0505067293022],[-151.458907702428,63.0507275092672],[-151.441299671043,63.0566407738527],[-151.432754655603,63.0529867672256],[-151.43681367641,63.0459213254089],[-151.459960636774,63.0318055297015],[-151.490112689949,63.0231616077221],[-151.512222641162,63.0129110442094],[-151.518737559391,63.0113168061258],[-151.533798665776,63.0129190904437],[-151.54348764314,63.0098328725891],[-151.562408616365,63.0038015908708],[-151.570434624059,63.0028896396452],[-151.587997560739,63.00630778018],[-151.594528572336,63.0090427947892],[-151.606643606717,63.0416413582622],[-151.604141609148,63.0496216003566],[-151.607192622142,63.0680855920764],[-151.613250558866,63.0756088526664],[-151.624847591843,63.0842640062789],[-151.625350674394,63.0872283498085],[-151.638961711214,63.093378655001],[-151.658080664791,63.0954186429561],[-151.664108593837,63.0890333089401],[-151.662566660323,63.0842452311326],[-151.648956628046,63.072628751216],[-151.638366595642,63.0676163725976],[-151.629302574254,63.0587308846227],[-151.62667870326,63.0343809533184],[-151.625167612895,63.0204304494058],[-151.627670616805,63.0140482998892],[-151.660766562027,63.0055948156483],[-151.665252723934,62.9973813892398],[-151.667144687078,62.9723020636894],[-151.675124593725,62.9634058468025],[-151.681152691843,62.9633976332942],[-151.684661691784,62.9656760018461],[-151.671172694764,62.9768604780287],[-151.673187704049,62.9789093503863],[-151.677703706361,62.9793636501124],[-151.685226632403,62.9775323714219],[-151.69619770486,62.9668050440176],[-151.70878564684,62.9645648966527],[-151.714217623045,62.963596787262],[-151.718719711046,62.9613117115663],[-151.715698705731,62.9592626719348],[-151.709182613886,62.9597248497221],[-151.702651603189,62.9563134163312],[-151.690627594588,62.9558674991858],[-151.679626681726,62.9590687151492],[-151.673065664249,62.9479020077715],[-151.680999638023,62.9317083392685],[-151.677993719734,62.9310253824155],[-151.669494638067,62.933767605091],[-151.658477631837,62.933546657852],[-151.649963630417,62.9299035483102],[-151.647949625675,62.9264852396022],[-151.658431698964,62.9196380632461],[-151.670883686833,62.9073154923162],[-151.672424615803,62.9146139502736],[-151.663970627942,62.9271601511201],[-151.670974714411,62.9276110972744],[-151.677688619334,62.9246011563184],[-151.695937698266,62.9164177357899],[-151.693420612771,62.9116306634244],[-151.703384683756,62.9036422069224],[-151.701873594291,62.9011361848871],[-151.686370594327,62.902288193945],[-151.662841585771,62.8940967280816],[-151.64581257569,62.886128387615],[-151.613311578766,62.8797573033569],[-151.598312665897,62.8797613260244],[-151.59532166826,62.8831831546789],[-151.586334591068,62.8856933666556],[-151.579330672772,62.8856933666556],[-151.57632458721,62.8804511572951],[-151.573333588674,62.8802221629226],[-151.554336675797,62.8895725122617],[-151.553344594078,62.8941317638698],[-151.556838674265,62.8984608501881],[-151.560516653221,62.8979348007505],[-151.566345595573,62.8970957728517],[-151.568847594041,62.8989190044086],[-151.548339591699,62.9041642318938],[-151.547347677253,62.9057593081456],[-151.533843593207,62.9064424331718],[-151.522827593319,62.9151017767257],[-151.519890450684,62.9188057667728],[-151.519740059756,62.9189954230004],[-151.512817588561,62.9277252590135],[-151.507278659582,62.9454219707474],[-151.492263654244,62.9467841981323],[-151.476745566355,62.9417597497127],[-151.472228557702,62.9440377828175],[-151.46720863557,62.9513313799393],[-151.442138698942,62.9581485504153],[-151.429122608621,62.9522094680925],[-151.433166709676,62.9449190572687],[-151.422927712344,62.9431747825902],[-151.411651705862,62.9412487891004],[-151.404128611646,62.9421530286394],[-151.401092686578,62.9505874022868],[-151.395553590326,62.9539985020293],[-151.372985651267,62.9592167390613],[-151.361480651311,62.9571494270045],[-151.358962558575,62.9589684668213],[-151.36645463967,62.9617158875782],[-151.367950642108,62.9639969388077],[-151.363418713703,62.9678648518815],[-151.351379618974,62.9689910441015],[-151.338867616647,62.9662359125574],[-151.328338605043,62.9659919993314],[-151.314849608922,62.9607236376858],[-151.311874702855,62.9572974509167],[-151.315429635669,62.9513773128128],[-151.313461564699,62.9470401811595],[-151.286956646432,62.9417488526275],[-151.282485571552,62.9367247396551],[-151.289031670175,62.9328603483265],[-151.295043674026,62.9324176156805],[-151.305511664831,62.9388188748912],[-151.314025667151,62.9376938562865],[-151.318054681179,62.9356486720486],[-151.315109614617,62.9274352447408],[-151.320648711769,62.9237961578664],[-151.326644623151,62.923578227853],[-151.342071682562,62.93773978916],[-151.348602694159,62.9329594221397],[-151.356613614826,62.9331994799721],[-151.357009576431,62.9500722508338],[-151.366134451344,62.948988002994],[-151.36647294537,62.9489477817148],[-151.374053672639,62.9480470153575],[-151.378082685767,62.9437169235972],[-151.373123617161,62.9364157838614],[-151.379638702664,62.9330053550132],[-151.37815862632,62.9307232983416],[-151.363189721129,62.9218081381351],[-151.35972564772,62.9170167067556],[-151.350707558307,62.9165476545507],[-151.350219563682,62.915177550004],[-151.363296673902,62.9049353672734],[-151.36880458976,62.9026650449559],[-151.376312596049,62.9035850424158],[-151.36476166322,62.9104094200587],[-151.366256659317,62.9117823763556],[-151.388275582952,62.9090745176749],[-151.394805589107,62.903607338408],[-151.391342689314,62.8983577519088],[-151.396377699371,62.8883324928503],[-151.39089962212,62.886501382333],[-151.384399623644,62.8869513230452],[-151.379424628943,62.8816992220415],[-151.385452557989,62.8757779112217],[-151.400405706158,62.8821791704324],[-151.408401706174,62.8840144717905],[-151.420898620575,62.883114254919],[-151.427886613676,62.8856325140293],[-151.426376697826,62.8876805491181],[-151.413375695432,62.8908586309211],[-151.415862605974,62.8926858860449],[-151.427352687077,62.8929256084301],[-151.450378613083,62.8861055889018],[-151.452865690899,62.8874741861848],[-151.452377697173,62.8904844625879],[-151.451339681681,62.8968248700717],[-151.446334680201,62.8995558611142],[-151.439834680826,62.8984120673631],[-151.410827596816,62.9006619372987],[-151.411300670789,62.9056793449259],[-151.401779667897,62.9109136753259],[-151.411254570642,62.9177647079749],[-151.41271955996,62.9252909857904],[-151.421218641627,62.9282632091798],[-151.418685630937,62.9335044130983],[-151.425689717406,62.9355645170888],[-151.44520563713,62.9369498777347],[-151.449188718285,62.9447049826489],[-151.466247566972,62.936052678988],[-151.487777658712,62.9294532721509],[-151.479751651018,62.9362895523211],[-151.485763654869,62.9385707708245],[-151.494277657188,62.9383498235856],[-151.496795580851,62.9370906935807],[-151.504791580867,62.9331076142251],[-151.503509653048,62.9200189369245],[-151.49281266787,62.9132666426415],[-151.500823587638,62.909852359299],[-151.520828677402,62.908261473888],[-151.528838590828,62.9025621148498],[-151.527343594731,62.8995979376948],[-151.523345594723,62.8980040359576],[-151.51484668033,62.8982288376907],[-151.501342596284,62.8998190531069],[-151.482330594581,62.9045953965604],[-151.477828674754,62.902768142336],[-151.480346599316,62.8988960384215],[-151.477340681028,62.8959278376996],[-151.479858603792,62.8934218165637],[-151.496841680999,62.8961687337002],[-151.508346681854,62.8941196940687],[-151.51985168181,62.88933664527],[-151.527343594731,62.8895656387433],[-151.529342678822,62.8938987468297],[-151.541351598597,62.8913925584199],[-151.544875685564,62.8874555783124],[-151.54583759413,62.8863753189659],[-151.53684967877,62.8781662497727],[-151.541351598597,62.8747477746901],[-151.553832587804,62.8788530629186],[-151.560333591722,62.8783992668128],[-151.568832674288,62.8736108535581],[-151.573821583299,62.8692774100245],[-151.572799662075,62.8549109948466],[-151.580291574097,62.8512638608386],[-151.582778652813,62.8467017592788],[-151.579788659719,62.8416845198248],[-151.558807583403,62.8282339121654],[-151.563796658789,62.8188833955523],[-151.556320671961,62.8172842957337],[-151.548827586324,62.8122680626211],[-151.530883607792,62.8118100756745],[-151.521407698706,62.8097541616253],[-151.509445717246,62.8111202453031],[-151.502456717803,62.815221175417],[-151.503448633148,62.8165904426948],[-151.507949714807,62.8170482623675],[-151.516921704073,62.8145422412315],[-151.525894698781,62.817052285035],[-151.503448633148,62.8254828041881],[-151.49346964241,62.8259329121742],[-151.488479559784,62.823880854418],[-151.484512571998,62.8131614059741],[-151.489501649182,62.8083729918202],[-151.500472721639,62.8079230520073],[-151.502975558275,62.8056420007778],[-151.50198364383,62.8045007206318],[-151.486022656021,62.8031279334074],[-151.487029658392,62.7987946562484],[-151.50248756365,62.7976614232361],[-151.498504650669,62.7921873695515],[-151.501998563583,62.7892233605697],[-151.511459721089,62.7892262114206],[-151.51794463074,62.7937935101624],[-151.532882691883,62.7997243771783],[-151.553314586399,62.8026927442748],[-151.555816584867,62.7976726548692],[-151.550323587863,62.7953956272065],[-151.546340674882,62.795132603387],[-151.539855597058,62.7947084777142],[-151.530395613167,62.7910573210386],[-151.525909619433,62.7860409197527],[-151.537368685616,62.7805708896349],[-151.551315669582,62.7844468498423],[-151.556808666587,62.7922022893043],[-151.562286575665,62.791519331552],[-151.564773654381,62.7874140433235],[-151.574233638272,62.785586956373],[-151.561279574193,62.7805708896349],[-151.555297577121,62.7757826436541],[-151.570739557185,62.7709952358415],[-151.581680622862,62.7627819767069],[-151.590652612128,62.769622280444],[-151.616531570775,62.7607218727163],[-151.628967633449,62.7620879545955],[-151.618041654799,62.7684732886115],[-151.619033569244,62.7716661237926],[-151.629974634921,62.7712735148609],[-151.636962627124,62.7689244029389],[-151.641433702004,62.7691492055714],[-151.638473716589,62.7748525881765],[-151.654922699023,62.7800857449612],[-151.658920699031,62.7846451647426],[-151.650466712069,62.7869302404383],[-151.635497637806,62.7819208790454],[-151.618560661645,62.7812459684267],[-151.589187622811,62.785586956373],[-151.577239722935,62.7926564208572],[-151.571258564931,62.7992707483464],[-151.579254564946,62.812039237321],[-151.586730719947,62.8104453337852],[-151.590713632928,62.8067938416625],[-151.594680619815,62.7917443023577],[-151.608123683961,62.7899173826811],[-151.620498557662,62.7901111721929],[-151.622070667927,62.7901383299201],[-151.631545570672,62.7919583760782],[-151.655990721295,62.8010678276182],[-151.668990718247,62.8097241548459],[-151.66799964197,62.8110932548499],[-151.658019644891,62.8108721412364],[-151.644546573066,62.8042650218134],[-151.638549657141,62.8031279334074],[-151.606170700018,62.810665945577],[-151.603179702381,62.8140882769525],[-151.606185619771,62.8165944662617],[-151.622131687827,62.8145383849385],[-151.623657697045,62.8227476214057],[-151.633117680936,62.820233553136],[-151.637634687791,62.8261619047482],[-151.6486206809,62.8309421053939],[-151.655105592349,62.8311670753004],[-151.664550655588,62.8234076122715],[-151.671050654064,62.8252279938769],[-151.672546655604,62.8296368752416],[-151.673065664249,62.8311560109412],[-151.680084669572,62.8368513473119],[-151.668609676395,62.8375452003507],[-151.666625680231,62.840052395102],[-151.679122594632,62.8468848198786],[-151.672637684082,62.8487159312953],[-151.660140600608,62.8425654579296],[-151.655639687122,62.8421124999919],[-151.657668610718,62.8503219028336],[-151.653182616085,62.8519198290369],[-151.638702710961,62.849646992215],[-151.632202711586,62.8453207567476],[-151.627685704731,62.8380222978908],[-151.618697622098,62.8332390818182],[-151.609710713079,62.8325561240659],[-151.603225635255,62.8339292467374],[-151.598739639723,62.8371224173657],[-151.598739639723,62.8407693832006],[-151.608733719286,62.8453277984392],[-151.607253642042,62.8494329175952],[-151.591781655199,62.8546821686472],[-151.589294575584,62.8617516340307],[-151.593292577391,62.8679086445683],[-151.595367601134,62.8691855442775],[-151.600295656619,62.8722377299873],[-151.612274569616,62.8651655828255],[-151.621764561186,62.8637916219858],[-151.629760561201,62.86629848129],[-151.633270566583,62.8719978403281],[-151.631774565044,62.8745078850309],[-151.622787656025,62.8763349719814],[-151.624297571875,62.8795242863168],[-151.666793652905,62.8840642600576],[-151.680282649924,62.8813171747479],[-151.693252639198,62.876288871834],[-151.691741717906,62.8740079878784],[-151.682739720961,62.8724209587603],[-151.662765646118,62.8776819441665],[-151.661758643746,62.8742599482381],[-151.672729717103,62.8678697533865],[-151.686691620822,62.8646653511251],[-151.701202707239,62.8698956588576],[-151.705200707247,62.861590031255],[-151.706146688819,62.8596303419667],[-151.712615674174,62.856432981397],[-151.727599667291,62.8561892354449],[-151.742111590977,62.8605034011111],[-151.750640681222,62.865508570764],[-151.743163688054,62.8684846486477],[-151.71369962164,62.8703417441762],[-151.706725711023,62.8739969244186],[-151.700790653166,62.8849455336095],[-151.705840582077,62.8945166611151],[-151.714858670591,62.8981559161626],[-151.720855588315,62.897465917618],[-151.727310659359,62.8897067900364],[-151.732833663143,62.8949441376619],[-151.730865592173,62.8999638916204],[-151.719390598997,62.90522135708],[-151.721404601941,62.9065872716853],[-151.735900601332,62.905431408133],[-151.746917606662,62.9067852529371],[-151.744979710645,62.9120385266567],[-151.743972709173,62.9147696858724],[-151.725921609694,62.9086356422212],[-151.72042861359,62.9118326673438],[-151.731475626599,62.9172918012757],[-151.750015557972,62.9206909975915],[-151.752044648841,62.9245631024053],[-151.748550568654,62.9268481763024],[-151.74005165516,62.9280003526342],[-151.730529645027,62.9266423169894],[-151.709960621885,62.9186840354399],[-151.701507641265,62.9271303107153],[-151.689010557791,62.9301053840563],[-151.692031564005,62.9355725642225],[-151.686065660302,62.9440146486572],[-151.689086665617,62.9465210061396],[-151.716155687235,62.9508282982874],[-151.726196704214,62.9553753128205],[-151.73921162002,62.9539944793618],[-151.749343664578,62.9511481520656],[-151.754216972036,62.9497793218583],[-151.755052754281,62.94954456463],[-151.770202701993,62.9452892011358],[-151.802291643944,62.9484322480499],[-151.82237267336,62.954555562789],[-151.855483704709,62.9579126834237],[-151.867996713378,62.957202399771],[-151.869476622448,62.9553753128205],[-151.855911684876,62.9512973495931],[-151.841857579963,62.9492712759487],[-151.808212621116,62.9388456971712],[-151.776611671991,62.9315975302019],[-151.772079577211,62.9286403947385],[-151.777068654395,62.926127164637],[-151.784072571792,62.9258861013626],[-151.787582578073,62.9199656278115],[-151.788406687119,62.9039893848023],[-151.784393599185,62.9021730267638],[-151.77839668326,62.9028670479759],[-151.774413602106,62.9062930665718],[-151.776977625917,62.9133588438356],[-151.772018724584,62.9195200461133],[-151.76136767318,62.8999261740537],[-151.75085458677,62.8974310491037],[-151.745315657791,62.8915105746534],[-151.760223711255,62.8803180522364],[-151.764236631016,62.8825913917794],[-151.757293565346,62.8898965559814],[-151.76631165386,62.8912547597994],[-151.771346663917,62.8962639530191],[-151.780319658625,62.8928307245583],[-151.783294563793,62.8891757115899],[-151.777206620289,62.8782431957669],[-151.780700699578,62.8777811861529],[-151.792724708179,62.8823203208262],[-151.803176605616,62.8770598390404],[-151.819640675077,62.874751798257],[-151.822128591961,62.8720129273548],[-151.8181156722,62.8708796943425],[-151.797134594986,62.8713720470824],[-151.798095663584,62.866580448429],[-151.814559565771,62.8635896180665],[-151.830535640607,62.8640175982336],[-151.844940612419,62.8560090238974],[-151.853317654286,62.8452746557008],[-151.859298644117,62.8443514737416],[-151.863830571624,62.8477619016905],[-151.858886590044,62.8525610447564],[-151.857482620626,62.8612284363433],[-151.847656683709,62.8662864105895],[-151.840057649841,62.8667335022494],[-151.83508265604,62.8690254496648],[-151.837097665325,62.8708456639962],[-151.845611666745,62.8724249823271],[-151.86810265981,62.8742027837316],[-151.873626669935,62.8762441116764],[-151.872680688363,62.8805770533884],[-151.85780364802,62.8922398007263],[-151.836257631085,62.8879472610573],[-151.840209698219,62.8826943218855],[-151.838180607349,62.8795091992902],[-151.828689610337,62.8790699865907],[-151.817199697408,62.8806841743352],[-151.806243711978,62.884125448131],[-151.823776641878,62.8891115071904],[-151.817306651081,62.8916285926854],[-151.798782644903,62.8882416334447],[-151.79429665027,62.8903015701614],[-151.8003386609,62.8950779127156],[-151.832198610278,62.8956118411136],[-151.837341577652,62.8956998505677],[-151.843383590081,62.899793068995],[-151.838424687849,62.9039050625686],[-151.82743869474,62.9062050580171],[-151.816436609162,62.9059953424112],[-151.804900596086,62.9035084318687],[-151.798446697757,62.908078245115],[-151.796493713814,62.9149227396927],[-151.801009716125,62.9162846307312],[-151.837005632304,62.9128016149027],[-151.843017636155,62.9143846222526],[-151.859191691343,62.9298572799896],[-151.876785641144,62.9371175158607],[-151.885314563216,62.9380098537718],[-151.896880583972,62.9420879851724],[-151.913574653248,62.9564126583176],[-151.927657591325,62.9602544191062],[-151.944122666228,62.9551964430615],[-151.948013714361,62.9467501668868],[-151.941924596343,62.9399286391954],[-151.932845654303,62.935618497096],[-151.9012146984,62.9272602312747],[-151.887100579028,62.9193098277864],[-151.878478617594,62.9079293830346],[-151.893325651158,62.8946698822094],[-151.944640667633,62.8808632113681],[-151.958053724999,62.8746720023111],[-151.95977771457,62.8731416349785],[-151.969405672034,62.8646044993982],[-151.974258626035,62.8550140931259],[-152.000060637788,62.8444507148287],[-152.017883581962,62.8348180638026],[-152.025222609236,62.825444750275],[-152.030181677842,62.8236057598979],[-152.042129577718,62.8226565938268],[-152.049560638013,62.8194366018178],[-152.052505703675,62.8169185099813],[-152.045959605052,62.8126083678819],[-152.030547631768,62.8151673626837],[-152.02554363573,62.8145003310255],[-152.02301062504,62.8122263205883],[-152.025939597335,62.8081143270146],[-152.032379581353,62.8055850044445],[-152.047820723248,62.8043907497334],[-152.052895179369,62.8047794960769],[-152.053551079219,62.8048297429983],[-152.067779711065,62.8059197770761],[-152.073745613869,62.8052148587788],[-152.084731606978,62.8012815667909],[-152.10104362896,62.7982754812285],[-152.123458682372,62.7979626691419],[-152.129882572123,62.7945145209284],[-152.125350644617,62.7927093954223],[-152.082549629562,62.794922552334],[-152.08003271224,62.7937894865956],[-152.100311721109,62.7855069931533],[-152.104247694875,62.7825280644187],[-152.105102648868,62.7754545763677],[-152.113006615863,62.7715482739338],[-152.121917585228,62.769004367058],[-152.125945592015,62.7714983183927],[-152.123031707647,62.7753866829491],[-152.125060631243,62.7772017000984],[-152.129043712397,62.777415773819],[-152.135940677021,62.7732846687525],[-152.138839641636,62.7689393226917],[-152.134292627103,62.7655361028089],[-152.137710598565,62.7616450555749],[-152.143157662696,62.7600278506049],[-152.142089641324,62.7563808847701],[-152.133483605984,62.7493464569735],[-152.134994695449,62.747926562361],[-152.13641358372,62.7465993716637],[-152.145904579832,62.7481555558343],[-152.153793627974,62.7447033849533],[-152.15615866509,62.738310004703],[-152.151550629758,62.7319426076652],[-152.153320721274,62.7209862867878],[-152.144637571766,62.709617743664],[-152.14508063896,62.706424573935],[-152.15093958989,62.701156381362],[-152.168411667165,62.7056425432688],[-152.17333972265,62.7033423814458],[-152.162765617239,62.6965443215632],[-152.168182672792,62.6944691314453],[-152.178726604149,62.6996692633259],[-152.181625568765,62.6960102267906],[-152.180435674866,62.6866639019176],[-152.176391573812,62.6828035332565],[-152.170883657954,62.6810025967924],[-152.160980606869,62.6819567927718],[-152.14668258873,62.6868047177636],[-152.137252611619,62.6872969041289],[-152.142089641324,62.6806634660462],[-152.150482608386,62.678351234422],[-152.152908666302,62.6756041491122],[-152.146423587578,62.6742623741093],[-152.140823637801,62.6665287270192],[-152.129440677645,62.6683978914496],[-152.121459598282,62.6666058402873],[-152.120422589131,62.66409881281],[-152.131240607768,62.6592696629646],[-152.181200389986,62.6486058600725],[-152.18178650874,62.648480753584],[-152.194457593043,62.6457761396572],[-152.203399574631,62.6464208762225],[-152.20790065719,62.6482251653591],[-152.190673665857,62.6540054930591],[-152.194183672139,62.6562712890887],[-152.222915663427,62.6543172997037],[-152.229324634324,62.6526893667209],[-152.24314857125,62.6496603142721],[-152.255630565898,62.6527951458793],[-152.262069711748,62.652761282807],[-152.276306709987,62.6450098669119],[-152.279189581234,62.6428699669755],[-152.285140565185,62.6428429774215],[-152.298171575258,62.6482481313462],[-152.318954671221,62.6463179470157],[-152.323654572301,62.6364836266181],[-152.33006270503,62.6350836816666],[-152.34111072438,62.6404967145518],[-152.356002682678,62.6408707147118],[-152.368331625304,62.6382956274413],[-152.371734677014,62.6357666394189],[-152.368530611099,62.6278003107358],[-152.357971591815,62.621929960899],[-152.400192580123,62.6077762785525],[-152.420211582399,62.5978495923848],[-152.423461581187,62.5900755441511],[-152.428802697986,62.5866193497033],[-152.465576621264,62.5752171116804],[-152.47805761137,62.5625936302919],[-152.481307610158,62.5557261688277],[-152.485275603386,62.5559290118145],[-152.486572618232,62.5499887567757],[-152.479110712989,62.5484399488446],[-152.473220581664,62.5500767671292],[-152.466934656909,62.5546770898758],[-152.466552609615,62.5581031102704],[-152.45927460404,62.5631654444298],[-152.448516598962,62.5673384579036],[-152.42878761006,62.5692845683282],[-152.422424572036,62.5713746799975],[-152.409072702743,62.5716836366905],[-152.394653651145,62.569028585301],[-152.380309700133,62.5691127393615],[-152.364776691591,62.5614453102529],[-152.355834710004,62.5603543210951],[-152.346343712992,62.5565269764389],[-152.344802616747,62.5544831330902],[-152.349166570681,62.5510380030015],[-152.367767690127,62.5440917528322],[-152.373580708183,62.5397231053371],[-152.372054698066,62.5381365780407],[-152.360168657158,62.537289334835],[-152.342941666724,62.5401194005899],[-152.336150649433,62.5449495567767],[-152.332382648341,62.5518129937747],[-152.328933661959,62.5527428819785],[-152.324966675072,62.5518510476878],[-152.320846634365,62.5457128131958],[-152.313888648942,62.5439276346527],[-152.289672659965,62.5440496753523],[-152.282333632691,62.5475097251937],[-152.273559624677,62.5473987488533],[-152.270950674334,62.5468797411072],[-152.267043701006,62.5489547648506],[-152.265167663057,62.5530711183375],[-152.268447670424,62.5662825063326],[-152.261581717123,62.5685975879084],[-152.25306671026,62.5645313590351],[-152.243255692196,62.5680026396102],[-152.238296622691,62.5671133198239],[-152.240157572714,62.5623145131044],[-152.248519694828,62.5597622227484],[-152.255294618752,62.5535752054315],[-152.253753689781,62.5515258303528],[-152.231918664914,62.5477538056936],[-152.227401657161,62.5445797465581],[-152.23178069902,62.5415964597089],[-152.237228601319,62.5417986309021],[-152.247711679151,62.5463116159883],[-152.2627405988,62.5336923254405],[-152.259689586705,62.530285081991],[-152.243911660395,62.5312731401434],[-152.238921576869,62.5297018689462],[-152.241088635432,62.517757321743],[-152.242431583151,62.5102950810532],[-152.240783701407,62.5027729931791],[-152.236266692754,62.4991446352168],[-152.231353725194,62.5005368693811],[-152.221252692857,62.5122183918654],[-152.228759692806,62.5165174696056],[-152.224914579344,62.52132348619],[-152.213043624564,62.5209235019182],[-152.203201594278,62.5225640083224],[-152.194290624912,62.5216907810048],[-152.192718682821,62.5173645464367],[-152.197051623633,62.5116422196128],[-152.181213682865,62.5098870496477],[-152.171417584554,62.514034415356],[-152.169616648989,62.522483540583],[-152.15978970573,62.5250316400982],[-152.144973686187,62.5253216543709],[-152.134490606556,62.5196606837936],[-152.129058631251,62.5196834834061],[-152.123245614094,62.5249516768785],[-152.11196860127,62.5246700451865],[-152.107421585837,62.524554877106],[-152.094695677963,62.5307620122571],[-152.075942678312,62.5322001792949],[-152.105941677666,62.5512519103474],[-152.094055635859,62.5501528740559],[-152.08651762279,62.5433397280461],[-152.074233607595,62.5477157517806],[-152.061401585115,62.5486729658847],[-152.057479692933,62.5505119553625],[-152.058013620432,62.553247138145],[-152.062499615065,62.5552839398021],[-152.084274626373,62.5565772683264],[-152.090286629324,62.5602054590148],[-152.090362568977,62.5652215248535],[-152.066100648026,62.5632571420036],[-152.068160583844,62.5682654970551],[-152.065337558881,62.5762621679647],[-152.062499615065,62.5789279482663],[-152.054122573198,62.5867905077758],[-152.046264706351,62.5897855298784],[-152.032866067815,62.5886539507193],[-152.032768065993,62.5886456742585],[-152.025436682957,62.5880265036203],[-152.022933679046,62.5862113191971],[-152.008087651824,62.5855742943183],[-152.002120575404,62.5839943059925],[-151.984496617925,62.5630625143236],[-151.976089569278,62.5626316842049],[-151.962600572259,62.5528620727266],[-151.958145589847,62.553101963285],[-151.95080555803,62.5585951266638],[-151.932525633251,62.5602391539139],[-151.92466759913,62.5639095893561],[-151.921264713795,62.5687085642489],[-151.91993668493,62.5810262743431],[-151.937270628137,62.5828080993144],[-151.940780634419,62.5866763469359],[-151.95030163821,62.5955497651096],[-151.951629667075,62.5957289703158],[-151.955261713158,62.5962178031092],[-151.975265628406,62.6093941544167],[-151.987197602188,62.6132355806576],[-151.998199687765,62.6204991701007],[-152.027084564701,62.62976117274],[-152.042114657965,62.6392907272853],[-152.035720606821,62.6422778686288],[-152.026809638354,62.6432198284324],[-152.007949685929,62.6421368864083],[-151.995971611101,62.6369297119367],[-151.957290635854,62.6358992408573],[-151.94703671877,62.6477871271742],[-151.944930681905,62.6564122731079],[-151.961624583008,62.6630306232647],[-151.968078648611,62.6634700032381],[-151.970031631654,62.6607267742213],[-151.966949606439,62.6529783746523],[-151.97975162214,62.6467828065813],[-151.982650586755,62.6410767430972],[-151.99008164705,62.6405956210911],[-151.998077647965,62.6446781106064],[-151.992187683914,62.6492589891111],[-151.991271710021,62.6549623708168],[-151.998794636064,62.660184632315],[-152.014236616127,62.6642438203961],[-151.991561724294,62.6741212219169],[-151.984618657725,62.6743683214409],[-151.961212696209,62.6685048442233],[-151.947234699122,62.6623865575936],[-151.944320646581,62.6671820116406],[-151.933441607144,62.6708591533273],[-151.938491704229,62.6772335911573],[-151.955383585684,62.6778702796897],[-151.956405675082,62.680377307167],[-151.948074566088,62.6881558807893],[-151.942642589884,62.6909059842238],[-151.935211697762,62.6918370451436],[-151.91374161958,62.6836806150684],[-151.91023261964,62.6798127019946],[-151.91217068383,62.6763861797784],[-151.905624585206,62.6679640441054],[-151.893157677585,62.6629737942053],[-151.889724618197,62.6668608178725],[-151.896819563172,62.6800713676995],[-151.913879586374,62.69462603976],[-151.908981704942,62.7003403185509],[-151.901107576553,62.7001872647305],[-151.898544559084,62.7001384819055],[-151.888076568279,62.6960561596641],[-151.875655592631,62.6969940950015],[-151.864639592743,62.6876677188902],[-151.860183605789,62.6888197279482],[-151.844955699446,62.7066386476555],[-151.846999710069,62.7114227027956],[-151.861007713935,62.7214293548809],[-151.858062649172,62.7239424168092],[-151.848617585033,62.7246483414478],[-151.84172062041,62.7312749060122],[-151.834762634088,62.7319724480701],[-151.832748631144,62.7280974942041],[-151.844085658426,62.7189531732504],[-151.842574568062,62.7166751392463],[-151.825195698323,62.7183042458443],[-151.802291643944,62.7149249982901],[-151.796859667739,62.717671243633],[-151.807723621048,62.7202542116626],[-151.818771640399,62.7228782499313],[-151.820281722623,62.7244733270824],[-151.814330572298,62.7263087957144],[-151.794906684696,62.7231454645916],[-151.78346270464,62.7208831903071],[-151.781448700797,62.7172402471397],[-151.783386596814,62.7108497159417],[-151.771911603638,62.7058487380289],[-151.764953619114,62.7058603051091],[-151.760970706133,62.703354451247],[-151.769866586674,62.6976431896815],[-151.786743717449,62.6962472682969],[-151.811462619904,62.6834367018424],[-151.850051561231,62.6692258558886],[-151.87301663461,62.6511130656156],[-151.882522718649,62.6436127710126],[-151.888961697225,62.6431398643134],[-151.89695769724,62.6479130232674],[-151.904800644334,62.6410499208172],[-151.906707695404,62.633748444735],[-151.91355855898,62.6275753408294],[-151.911453695731,62.617313543885],[-151.92318769006,62.6045152163043],[-151.923568562839,62.5953898377708],[-151.915130669245,62.5929029281277],[-151.906204612853,62.5922385782478],[-151.878616584388,62.6041641821313],[-151.870834658093,62.6171796006581],[-151.835754716707,62.6277433144025],[-151.825927606174,62.6357435052586],[-151.80517074973,62.6478461496801],[-151.793365587552,62.6547293537767],[-151.753295565338,62.6723502940309],[-151.718932611151,62.6763796417072],[-151.704192699433,62.6781074875706],[-151.687316575899,62.677439449571],[-151.671417614331,62.6726590825507],[-151.663467713564,62.6726671296843],[-151.622720937122,62.6779766362129],[-151.594985721114,62.6815906715723],[-151.583572586006,62.6854698162791],[-151.577133608329,62.6941372069666],[-151.571166699184,62.696190102891],[-151.556274571814,62.7158059363949],[-151.541869600901,62.7244693026163],[-151.520263568609,62.7353909231526],[-151.50527715092,62.7429554356449],[-151.505114533709,62.7430375176673],[-151.49359168221,62.7488537678871],[-151.48414561263,62.750448676865],[-151.471694631102,62.7561408269377],[-151.429290583094,62.7795979194085],[-151.404922713912,62.7715903514136],[-151.376540584081,62.772010451721],[-151.364105695022,62.7688013567972],[-151.361144704165,62.7665162820009],[-151.365127617146,62.7651550609573],[-151.379058675018,62.7658572965771],[-151.380065677389,62.7640333950252],[-151.374618613258,62.7599249213981],[-151.360183634667,62.7596768173313],[-151.353729569064,62.7569299001948],[-151.353378703065,62.7548697962042],[-151.352767662298,62.7512266848637],[-151.356796675426,62.7432501308889],[-151.364303676274,62.7364178742855],[-151.39324957221,62.717301099766],[-151.419692633308,62.6931531723811],[-151.424209640163,62.6806135087065],[-151.422256657119,62.6712629929928],[-151.415847686222,62.6628178913327],[-151.420333680855,62.6568923878735],[-151.418365609885,62.6555232878695],[-151.408935633673,62.6552833982103],[-151.392639705058,62.6455590487112],[-151.381744572254,62.6390588829611],[-151.369857692279,62.6372157026426],[-151.363998574075,62.6203310292536],[-151.333953641847,62.5961106821623],[-151.29762261759,62.5570422960652],[-151.288833689823,62.5444805045717],[-151.285583691034,62.5338752178671],[-151.28866571625,62.5061601196938],[-151.287772223609,62.4981189683158],[-151.293061116777,62.4966764017946],[-151.40523941107,62.465997896286],[-151.412607811102,62.387374991063],[-151.542158702362,62.3786284339551],[-151.71643999531,62.4077098397374],[-151.90602592026,62.4622855722214],[-152.081862079871,62.4176547128947],[-152.136495717004,62.3636122199281],[-152.119990208581,62.3223495743734],[-152.109648463706,62.2964505392611],[-152.001884640064,62.2161234133649],[-151.999956658173,62.2025457207085],[-151.993037137654,62.1536260044366],[-152.01151652217,62.0850557003603],[-152.083952455042,62.0016999887635],[-152.036328967608,61.9430535901511],[-151.963364761275,61.9371187454338],[-151.804089628833,61.924024004904],[-151.74110425136,61.8709870726953],[-151.643516012954,61.7640325921305],[-151.589244548997,61.6871722340114],[-151.594982988074,61.6007503837233],[-151.676919145902,61.5487119148231],[-151.782633625941,61.5162457522397],[-151.884026688181,61.4849708703095],[-151.887026101673,61.4810558156734],[-151.885574569811,61.4811269538459],[-151.88397262094,61.4812070852389],[-151.881591656829,61.4823550698306],[-151.873504629235,61.4855673510525],[-151.866805644965,61.483984177328],[-151.860061565089,61.4785218579974],[-151.851928604621,61.4762560619677],[-151.822784560159,61.4742568106034],[-151.817031723835,61.471986823733],[-151.812194695928,61.464917527422],[-151.811660601156,61.4585281689399],[-151.806854584571,61.4548810358312],[-151.79483057687,61.4534348216598],[-151.791061571235,61.4489719620864],[-151.784835660937,61.4462436519231],[-151.777328660989,61.4453705927787],[-151.775695698098,61.4355283952193],[-151.770889683312,61.428688090583],[-151.779403684732,61.4204557208549],[-151.781768721849,61.4181706469578],[-151.788925693966,61.4192995209562],[-151.800353580653,61.4165413721867],[-151.81370561812,61.4187994574291],[-151.824630590429,61.4130744497261],[-151.834152599663,61.4128261783855],[-151.8441926112,61.4155456023477],[-151.853774634891,61.4210045681064],[-151.856689692875,61.4273909075644],[-151.863891592423,61.4321711073108],[-151.893920598557,61.4302749533265],[-151.908706611321,61.4311522033116],[-151.91473305019,61.4342043791289],[-151.894626534887,61.3591484756217],[-151.885891667167,61.3532210314255],[-151.878799644988,61.3533750151449],[-151.868362667303,61.3561370193081],[-151.85551471783,61.3547940706899],[-151.829879673308,61.3607841139957],[-151.815139594317,61.3619513782535],[-151.803268638637,61.3647132151428],[-151.751388682442,61.3631944139911],[-151.731841581424,61.3588800810509],[-151.727065571619,61.3559199283621],[-151.737991718443,61.3527120061542],[-151.740356589185,61.349281627645],[-151.733901685414,61.3484047140064],[-151.716583667402,61.3502237538232],[-151.712737714874,61.3447495328647],[-151.719329579097,61.3319550606776],[-151.722625678033,61.3257896675591],[-151.756316569754,61.3182134342027],[-151.762466707672,61.3136362438177],[-151.780059652031,61.3165774540863],[-151.810439693237,61.3128733228456],[-151.82568910237,61.3123678193194],[-151.761920073652,61.2690944200715],[-151.791962032722,61.2054465848921],[-151.97840343587,61.1682684109584],[-152.057158011733,61.1056004051346],[-152.118247921404,61.0356134188243],[-152.188261845108,60.9156050251518],[-152.277014364022,60.8916692901057],[-152.374496477031,60.854289151823],[-152.407292651235,60.748756390595],[-152.406707665626,60.748760006769],[-152.406158651101,60.7487640312351],[-152.399978673677,60.7449217659268],[-152.400604634196,60.7330422621907],[-152.406631725973,60.7314062829736],[-152.411117719707,60.7249820568765],[-152.407745681118,60.7206637003695],[-152.415222674287,60.7213848793088],[-152.415781868239,60.7214394690563],[-152.423959755238,60.6951243572034],[-152.423370721781,60.6951458339132],[-152.421050611197,60.6952298206997],[-152.400497681423,60.6937616468825],[-152.392043693562,60.6913007195526],[-152.381622641072,60.6847395339024],[-152.374404649055,60.6758770119146],[-152.378066702816,60.6733438330515],[-152.388336713269,60.6739659381776],[-152.404311615389,60.679120138084],[-152.413757684969,60.6840862483817],[-152.42631562017,60.685696578934],[-152.426867505331,60.6857676892275],[-152.465736947902,60.5606921347343],[-152.484917578783,60.4367383037298],[-152.529443188652,60.3072290393887],[-152.525079041365,60.2532094611478],[-152.528231426839,60.2513467331652],[-152.534031422712,60.247074005561],[-152.536694515839,60.2445978320244],[-152.539867782672,60.2416467328105],[-152.545140506929,60.2350740052612],[-152.547476868263,60.2316467312118],[-152.549258684241,60.2276285486187],[-152.550758683267,60.2268921864253],[-152.553313227324,60.2256376402649],[-152.556776861863,60.2242194579617],[-152.559658680004,60.224801276158],[-152.562531406,60.2245285477543],[-152.564831407743,60.2236740020536],[-152.564840497191,60.2228103651063],[-152.565422313589,60.222528548154],[-152.572322316122,60.222255818851],[-152.579240495752,60.2211285456459],[-152.582113221748,60.221428544192],[-152.586704131291,60.2217285436374],[-152.599367768308,60.2206194520261],[-152.613176858325,60.2189467220136],[-152.621804129357,60.2186830839572],[-152.624676857151,60.2186921743045],[-152.627204534861,60.2197064728755],[-152.627531400654,60.2198376291034],[-152.627513220858,60.2208649021935],[-152.636040496272,60.2244649000352],[-152.6361041323,60.2244558087886],[-152.638976859195,60.224755808234],[-152.640695041843,60.2259012630329],[-152.642158680379,60.2283830807147],[-152.659967772295,60.2310012590009],[-152.677776864211,60.2336285303325],[-152.68032231882,60.2328830732952],[-152.683195044815,60.2326012554436],[-152.68777686491,60.2349103457359],[-152.690631411111,60.2366285265853],[-152.693495046759,60.2375012529805],[-152.693613230266,60.2376012539947],[-152.695213231206,60.2389376168776],[-152.696931413854,60.2400830707771],[-152.69865868595,60.2406648889735],[-152.700958684995,60.2400921611244],[-152.702695049237,60.2392467057709],[-152.704413230086,60.2386739788211],[-152.706140503981,60.2395376157684],[-152.70843141178,60.2398285239673],[-152.711885955972,60.2395557955635],[-152.712276866084,60.2397194317065],[-152.726422321433,60.2388467026133],[-152.727440500579,60.2375739748591],[-152.729185955168,60.2364285209595],[-152.732640500259,60.2352921556085],[-152.733131407788,60.2345103380817],[-152.733176863122,60.2344648836475],[-152.733222317556,60.2344376108072],[-152.733285952685,60.2344012467202],[-152.734685954293,60.2339467005798],[-152.734767771915,60.2339194286388],[-152.734858679884,60.233901247045],[-152.734949589652,60.233901247045],[-152.735031408173,60.2339648839722],[-152.736222311111,60.2272921572073],[-152.736176856677,60.2272830659608],[-152.736067768912,60.227292156308],[-152.735867766884,60.2272467009745],[-152.735740494828,60.2272103377869],[-152.735585948133,60.2271285201651],[-152.735704130741,60.2270921560782],[-152.735785948363,60.2270648841371],[-152.736267764646,60.2270557928906],[-152.736740494178,60.2261285199153],[-152.737464169636,60.2255330131381],[-152.73848594607,60.2246921560182],[-152.739640492115,60.224128520315],[-152.740785947813,60.2235557915666],[-152.74251321901,60.2241376097629],[-152.744240492005,60.2247012463655],[-152.748249584251,60.2250012449116],[-152.750549584196,60.226155790957],[-152.750904818203,60.2262676459351],[-152.755140494638,60.227601244302],[-152.756267766944,60.2287376078544],[-152.75799503904,60.2296103342496],[-152.757413221743,60.2301830620987],[-152.756831402647,60.2310376077994],[-152.756831406244,60.2316194259957],[-152.758567767788,60.2316194259957],[-152.762604132874,60.2301921524459],[-152.766640492565,60.2287557894482],[-152.772520833869,60.2274462416508],[-152.772967766349,60.2273466956935],[-152.778149585335,60.2270648778419],[-152.782749581628,60.2267830581916],[-152.786904128423,60.226528512281],[-152.787340491171,60.2265012394407],[-152.797695037896,60.228810327035],[-152.806609133305,60.2311511903752],[-152.810885948328,60.2322739633728],[-152.817263067936,60.2334060614406],[-152.820667768103,60.2340103240173],[-152.829285949687,60.2357375961132],[-152.833313222627,60.2357375943146],[-152.835604132225,60.2357375952139],[-152.837322313974,60.2360285034127],[-152.837395042147,60.2361830492084],[-152.852495043312,60.2402466817391],[-152.862875174849,60.2430466687688],[-152.867595045375,60.2443194064155],[-152.868320102191,60.2441961003698],[-152.868931409157,60.2440921342447],[-152.872958682097,60.2449557693933],[-152.876976864691,60.2458284966878],[-152.877921065605,60.2462221416386],[-152.880422320334,60.2472648596856],[-152.880995048183,60.2484012223386],[-152.880995048183,60.2495557683841],[-152.880413230886,60.2509830401352],[-152.883858687428,60.2518466770825],[-152.888467778565,60.253283039181],[-152.890167781418,60.2570103108772],[-152.889567783426,60.2621739482692],[-152.891876876417,60.264464855169],[-152.895653243902,60.2644629333178],[-152.908231421043,60.2644557630231],[-152.924931420449,60.264437577832],[-152.930449599369,60.2619193960633],[-152.935067779954,60.2576103043721],[-152.936231412749,60.2544648508722],[-152.935076865805,60.2524557591261],[-152.933922320659,60.2510193961283],[-152.934504137956,60.2493012143796],[-152.935658683102,60.2475830317316],[-152.935667773449,60.2464375769327],[-152.933376862053,60.2447103057361],[-152.925331404721,60.2412739440373],[-152.923040495123,60.2395466710421],[-152.918440496132,60.2375375810946],[-152.913258676247,60.2358103098979],[-152.909813222402,60.2349557641972],[-152.90636776586,60.232946675149],[-152.903495037166,60.2320830382017],[-152.901767764171,60.2303648573524],[-152.900640489167,60.226928493855],[-152.900538853186,60.2268268668665],[-152.898340485625,60.2246284939099],[-152.895476849977,60.2231921309121],[-152.889740483836,60.2223284957635],[-152.886849577146,60.2217466775672],[-152.88584645535,60.2216232851865],[-152.884558666649,60.2214648606149],[-152.884227611815,60.221049740753],[-152.88341321185,60.2200284967178],[-152.881695029202,60.2188830428182],[-152.87767684571,60.2177284976721],[-152.873976497917,60.2174169383411],[-152.870767753729,60.2171466821737],[-152.866767756327,60.2162921355737],[-152.862740481588,60.2151375922261],[-152.858149570246,60.212264864432],[-152.855021885552,60.2106955897297],[-152.852985932854,60.2096739571874],[-152.850122298106,60.2082466836376],[-152.849549567558,60.2073830493883],[-152.847258660659,60.2076648672399],[-152.847256475306,60.2079403880385],[-152.847249569412,60.2088103220388],[-152.846667752115,60.2099557759383],[-152.845504116622,60.2108194119863],[-152.842058661878,60.2105285046868],[-152.838622295682,60.20937396044],[-152.835758660034,60.2079375974422],[-152.835185931286,60.2065012326458],[-152.834049565035,60.2045012339448],[-152.834013924903,60.2044293916032],[-152.833476839884,60.2033466878994],[-152.820276838206,60.2007557806548],[-152.809376835572,60.1993012378619],[-152.801904108788,60.1987194223635],[-152.798440474248,60.1992830571674],[-152.794995020404,60.1995648768176],[-152.790231380774,60.1978921504025],[-152.789267747309,60.1975466956235],[-152.784095017771,60.1961103326258],[-152.777213200429,60.1961012431779],[-152.768013199749,60.195510336433],[-152.76673395191,60.1953478972877],[-152.765722290152,60.1952194264354],[-152.765108064885,60.1948099552153],[-152.764004108403,60.1940739716366],[-152.761149562202,60.1917739725908],[-152.757713197806,60.1903285192458],[-152.753122287364,60.1894557928506],[-152.75099461461,60.1893065818334],[-152.749104103871,60.189173974999],[-152.746231378775,60.1891648846517],[-152.744504104881,60.1891648846517],[-152.743949561323,60.1888739755536],[-152.743367741328,60.188583068254],[-152.744522285575,60.186864885606],[-152.744954894553,60.1858036550147],[-152.745104104671,60.1854376129555],[-152.743404102717,60.1845739760083],[-152.742398254176,60.1843205407604],[-152.741095010626,60.1839921587112],[-152.74054046617,60.1837103408596],[-152.73939501227,60.1828467048117],[-152.739643653232,60.1827223861293],[-152.740558646864,60.1822648866153],[-152.742267739165,60.1817103412593],[-152.74285864501,60.1805557952138],[-152.74000409881,60.1791194322161],[-152.737695007618,60.1782557970674],[-152.736567734413,60.1768194331704],[-152.734276823017,60.1748012510769],[-152.73026773257,60.1736557971773],[-152.726822278725,60.1733557986312],[-152.720540457576,60.170764889588],[-152.717598080887,60.1699243975929],[-152.707367728738,60.1670012556035],[-152.699904091401,60.1652739853062],[-152.688422275068,60.1658194412143],[-152.683249549127,60.1666648956685],[-152.679804092585,60.1669376240721],[-152.677504094438,60.166646714974],[-152.675795003037,60.1660739880242],[-152.676940454239,60.164646716273],[-152.678104089732,60.1635103518213],[-152.680422273069,60.1629376248715],[-152.682713180869,60.1620830791708],[-152.683876817261,60.1615103513217],[-152.683313179759,60.160073988324],[-152.681604089257,60.1577739883789],[-152.678176815208,60.1563285341346],[-152.6764859054,60.1546103523859],[-152.674194994903,60.1528830820886],[-152.674204084351,60.1517376263904],[-152.675940445895,60.1508830806897],[-152.677685897786,60.1488739898428],[-152.678797088415,60.1473663411837],[-152.680004079325,60.1457285354436],[-152.68404953206,60.142592169593],[-152.687513166599,60.1403103521411],[-152.687522257846,60.138873988244],[-152.686394983741,60.1377194439972],[-152.683531346295,60.1359830806547],[-152.676104073045,60.1331103546592],[-152.669813160649,60.1310830831179],[-152.666394977846,60.1296376297728],[-152.664122250741,60.1282103571223],[-152.66241315934,60.1261921741296],[-152.661849520939,60.1247649023784],[-152.660731338081,60.1230376311818],[-152.658440429382,60.1215921760381],[-152.649876791681,60.1195649062955],[-152.640140427239,60.1178194526057],[-152.63499497234,60.1158012714116],[-152.630467697027,60.1120649093681],[-152.624758603727,60.1097558199752],[-152.620031330881,60.108755818826],[-152.617894967079,60.1083012762829],[-152.612749511281,60.1071376389909],[-152.608767692775,60.1051194586961],[-152.605095884068,60.1044013248613],[-152.601331329177,60.1036649141046],[-152.599067690621,60.102519460205],[-152.596804052965,60.1010740059606],[-152.594540415308,60.0979012787211],[-152.591731324441,60.0944649161231],[-152.588340409982,60.090719462833],[-152.58437677307,60.0872740089884],[-152.582113135413,60.0855467359931],[-152.578694954409,60.0843830996004],[-152.575294953199,60.0823649193056],[-152.573594951246,60.0800831018537],[-152.572713130007,60.0789012838672],[-152.570785856782,60.0763376476644],[-152.569140401408,60.0717467399202],[-152.570322214898,60.0683012860756],[-152.573231304081,60.0654467398752],[-152.574985848118,60.0614467388759],[-152.574485845745,60.0571467402299],[-152.573976751226,60.0519740133901],[-152.575176748108,60.0482649223883],[-152.578076746944,60.044819466745],[-152.583276742128,60.0408376482389],[-152.590194921758,60.0359831033376],[-152.593105815881,60.0343608900431],[-152.59479491895,60.0334194653361],[-152.598840372585,60.0305558287885],[-152.601167642673,60.0279831013391],[-152.603476733864,60.0251285560381],[-152.604640367559,60.0236921912417],[-152.604894914369,60.023692192141],[-152.603759256784,60.0223143183512],[-152.598976725995,60.0165103753536],[-152.598449454379,60.0165103762529],[-152.599040362922,60.0153649196554],[-152.604213087064,60.0119376483039],[-152.611667629557,60.0085194646016],[-152.618585810986,60.0048194639472],[-152.628340350727,59.9996830993956],[-152.638922166924,59.993964914849],[-152.649503980424,59.9882558233476],[-152.664458518046,59.9781558216339],[-152.679422146915,59.9680558199202],[-152.68482213963,59.9548740034326],[-152.690231223592,59.941692184247],[-152.693694852735,59.9327740032177],[-152.695985759635,59.9310649118163],[-152.695903940215,59.9285467309469],[-152.700358483757,59.9250558208695],[-152.700849392186,59.9203103664303],[-152.706458478176,59.9152830923409],[-152.729267564147,59.9083921810544],[-152.741071534724,59.9052957765789],[-152.745103924806,59.9042376333601],[-152.76901301294,59.90081944696],[-152.793603917587,59.8967194440472],[-152.803185732635,59.8915194416689],[-152.806958456068,59.8880285333902],[-152.807085730822,59.8880285333902],[-152.809358455229,59.8852012600302],[-152.808676637817,59.8849467150189],[-152.809699977272,59.8832127537656],[-152.811176634394,59.8807103506023],[-152.808067541384,59.8785830798453],[-152.808031178196,59.8785376254111],[-152.808012995703,59.878492170977],[-152.808085722978,59.8784558059907],[-152.808222088079,59.8784376252962],[-152.81007663313,59.8783285348341],[-152.82979481308,59.8768103479193],[-152.830176631946,59.8768285313117],[-152.83062208684,59.8769921665553],[-152.832894813944,59.8786648929705],[-152.833831177267,59.8786376210294],[-152.844049358891,59.8783830733202],[-152.852922084587,59.87650125363],[-152.861103901624,59.8750103440522],[-152.868840264666,59.8759194327357],[-152.875185720944,59.8774739783415],[-152.878949359425,59.8795194305773],[-152.880685923317,59.8806617440443],[-152.882694813615,59.8819830675646],[-152.882731178601,59.8819739772173],[-152.882767541789,59.881973976318],[-152.897957492244,59.8818334689395],[-152.900440268603,59.8818103365778],[-152.915667539126,59.8791739713018],[-152.920440266405,59.8777466977519],[-152.935449356003,59.8765376060257],[-152.950458445601,59.8766648735851],[-152.950585720355,59.8767012385713],[-152.950685717772,59.8767557851514],[-152.950685718671,59.8768648747143],[-152.95063117299,59.8769285107422],[-152.946931174134,59.8786557837375],[-152.948640266435,59.881001239016],[-152.971722085306,59.8838921439074],[-152.986494813285,59.8840557782516],[-153.00254026722,59.886728503118],[-153.009058449088,59.886510320395],[-153.012012993605,59.8864103193808],[-153.013212996782,59.8863830456411],[-153.020003902558,59.8862284998455],[-153.035612993745,59.8848466789311],[-153.047003902108,59.8824284945794],[-153.04877662684,59.8818830413693],[-153.051012990757,59.8811921309122],[-153.05986753396,59.8784557664205],[-153.068858438666,59.8738648568777],[-153.079212983592,59.8711012186464],[-153.093458436358,59.8698830347743],[-153.108594797112,59.8673375765679],[-153.123276614424,59.8649739387963],[-153.124212976847,59.86444666718],[-153.129531158236,59.8614648489237],[-153.130358430197,59.8612466662007],[-153.135322063762,59.8599648480993],[-153.141358428449,59.8586830281993],[-153.145294791621,59.8585739359385],[-153.145385701389,59.858555755244],[-153.145494790952,59.858555755244],[-153.14555842698,59.8585830280844],[-153.145576608574,59.8586284834178],[-153.145558427879,59.8586739360534],[-153.14535842675,59.8589012091235],[-153.145294791621,59.8589921188913],[-153.144776610352,59.8598284820988],[-153.138176610862,59.8615648472399],[-153.13237661319,59.8629466663556],[-153.128849339925,59.8643284827733],[-153.122476614404,59.8665193940548],[-153.123522068189,59.8670284849766],[-153.127603885911,59.8659375749592],[-153.128667523088,59.865710301889],[-153.133631157552,59.864664847205],[-153.142522065741,59.8637284820838],[-153.152085701894,59.8624012077496],[-153.15409479364,59.863010297887],[-153.154694794329,59.8631921156237],[-153.155549339131,59.8632739341448],[-153.157212976098,59.8634193877946],[-153.160385703338,59.8634739343746],[-153.165658429393,59.8628466608448],[-153.168258429683,59.8625375683541],[-153.173931157097,59.8616739314069],[-153.174331154859,59.8617739324211],[-153.193167518966,59.8613193826834],[-153.197603880914,59.8601921103776],[-153.202631154104,59.8612648370027],[-153.203076608998,59.8614466529407],[-153.204685700285,59.8621193818041],[-153.212931154249,59.8627739263757],[-153.212976609583,59.8627557429832],[-153.213040244711,59.8627557429832],[-153.21598570068,59.8629466519665],[-153.217694792081,59.8636193790311],[-153.220994791376,59.8647011969028],[-153.222803881994,59.8633830147144],[-153.22584933358,59.8613193781868],[-153.225885696767,59.8604193780519],[-153.225958424042,59.858346651177],[-153.228640240155,59.8533557420739],[-153.234312964871,59.8510466499829],[-153.236640235858,59.849783012576],[-153.240885689723,59.8474739213844],[-153.249367504407,59.8411466475998],[-153.256958409303,59.836492102029],[-153.270340224222,59.8314739182867],[-153.27554931335,59.8297375531456],[-153.278822038906,59.8280648258311],[-153.280749312131,59.826046644637],[-153.282085673215,59.8229557359185],[-153.282393727888,59.8227563778046],[-153.285822035259,59.8205375533655],[-153.285112943208,59.8189284629782],[-153.285431123348,59.8167557350891],[-153.284067484926,59.8153830081194],[-153.282694757957,59.81446482729],[-153.28108566667,59.8123557372276],[-153.278558391856,59.8109284636777],[-153.271185665186,59.8114102835578],[-153.267785664876,59.8110375568378],[-153.267758393835,59.8110648287789],[-153.267185665086,59.8113193746894],[-153.266612939935,59.8109102838825],[-153.262540210762,59.8106284669303],[-153.257767485281,59.810810284667],[-153.254022031991,59.8134557411896],[-153.249276576653,59.8150193771426],[-153.243485671127,59.8185830153939],[-153.240175948361,59.8201616934075],[-153.23658567399,59.8218739252415],[-153.217503858816,59.8247193819939],[-153.206904051681,59.8245267876812],[-153.201012949988,59.8244193852465],[-153.19737658716,59.8248284760534],[-153.191112947604,59.8243830229582],[-153.182331129878,59.8223921146044],[-153.17458567379,59.8184012084491],[-153.159094761614,59.8138375744446],[-153.151585671641,59.8135648478395],[-153.14873112634,59.8119648477995],[-153.147003849748,59.8089375760084],[-153.14439476001,59.80761939382],[-153.140749304137,59.8088921215742],[-153.135431126345,59.8101012150991],[-153.126558398851,59.8124012150441],[-153.118149307844,59.8136830349442],[-153.11361294668,59.8156284897631],[-153.107603859331,59.8205739462307],[-153.101585681634,59.8247103096331],[-153.096031135928,59.8266648547993],[-153.094440228034,59.8274739460658],[-153.08795841295,59.8301103113419],[-153.088994777287,59.8324103112869],[-153.088540232046,59.8333739474498],[-153.081831141194,59.8339557674448],[-153.072267505041,59.8326012220688],[-153.066112958646,59.8316830421388],[-153.059849322688,59.8312921329256],[-153.051094778701,59.8323284981617],[-153.042912958966,59.8332557720363],[-153.032203869813,59.8331012280393],[-153.021967508394,59.8341375941747],[-153.009103868449,59.8306466876945],[-153.003985684592,59.8267466877095],[-153.002394774,59.8247830521962],[-153.001391394997,59.8234081299813],[-152.998640225866,59.819637599096],[-152.99760386063,59.8159739634277],[-152.994194769973,59.8142012359983],[-152.993103858157,59.811983053675],[-152.992149311442,59.8100285103076],[-152.99361294638,59.8072285088886],[-152.99416748724,59.8019012362531],[-152.994949302968,59.7957830557435],[-152.994485661984,59.7912648743745],[-152.996076568978,59.788119419076],[-152.998785657932,59.7846830555786],[-152.998994747609,59.7810739646918],[-153.002394746121,59.7791830555536],[-153.004622016093,59.7752285089886],[-153.005149608767,59.7745831410991],[-153.013240192281,59.764683055079],[-153.019585637767,59.7516103272549],[-153.021752461607,59.7439691187799],[-153.022640175204,59.7408376011744],[-153.024259301126,59.7393416419033],[-153.028985626985,59.7349739638774],[-153.030453531905,59.7279017132935],[-153.031340165416,59.7236285090485],[-153.037221978012,59.7143921469801],[-153.038853279855,59.7123753723257],[-153.041067429618,59.709637600395],[-153.045149243743,59.7053285087038],[-153.046940150967,59.7005194173373],[-153.047676218183,59.6984186711848],[-153.048749237987,59.6953557808447],[-153.05134923378,59.691701236423],[-153.051421961954,59.6916194179018],[-153.051585598996,59.6915648731205],[-153.051812872966,59.6915648731205],[-153.05200378105,59.6916103266553],[-153.057585601394,59.6943739621886],[-153.059250068436,59.6942597213092],[-153.066985599606,59.6937285061657],[-153.075821961215,59.6886739592359],[-153.088149230203,59.6842012314017],[-153.100149227805,59.6803375919064],[-153.108967406021,59.678319409813],[-153.115194678791,59.6775648642272],[-153.121767406341,59.678010316423],[-153.126531045072,59.6803557699029],[-153.129376500025,59.6820194059709],[-153.131185590642,59.6825284968926],[-153.130949225426,59.6813739508472],[-153.141558312666,59.6739648582916],[-153.146276488869,59.6669103126608],[-153.143929085659,59.6637684888248],[-153.143321942554,59.6629557687937],[-153.147258303028,59.6587739509571],[-153.155049209953,59.6543466766578],[-153.16792193395,59.6516284928607],[-153.185858293425,59.6447103087338],[-153.202667378796,59.6381375802852],[-153.21417646707,59.6342739416891],[-153.218940104003,59.6355193948043],[-153.226276466586,59.6343012127309],[-153.237131011187,59.6330648481643],[-153.240058283763,59.6324375737351],[-153.240449192077,59.6326012107773],[-153.245603740021,59.6348284816492],[-153.251049238432,59.637326836964],[-153.25343101373,59.6384193900429],[-153.258221925302,59.641601205831],[-153.26276738131,59.6434284798405],[-153.267494659551,59.6541921137751],[-153.270831028329,59.6607739307723],[-153.275194666601,59.6673012020889],[-153.286549215374,59.6702557457061],[-153.301712849868,59.6687193798955],[-153.310976483878,59.666683015309],[-153.314021939061,59.6663375596307],[-153.315149209568,59.6649011957336],[-153.315103753336,59.6624921062258],[-153.314767389803,59.6620921057661],[-153.313449207615,59.6610648326759],[-153.313376479441,59.6610375607349],[-153.31329466092,59.661028468589],[-153.31320375385,59.6610466519815],[-153.313131025676,59.6610830160684],[-153.312612845307,59.6615830148443],[-153.310340119101,59.6644466513919],[-153.310212846146,59.664501197972],[-153.310094665336,59.6645011970726],[-153.31000375467,59.6644557426385],[-153.308649206596,59.6605011978721],[-153.303449202419,59.6508921090836],[-153.30194010765,59.6472739269502],[-153.303149195779,59.643210289923],[-153.298231011252,59.6363466550741],[-153.298067370613,59.6325012007699],[-153.299254385781,59.6317978122193],[-153.300767371017,59.6309012007299],[-153.302776459166,59.6276830199554],[-153.303167370178,59.6275557470002],[-153.308858278287,59.6257102922962],[-153.318012821834,59.6247739271751],[-153.329749182279,59.6221557416942],[-153.333585545337,59.6216830148593],[-153.342958271607,59.6213102863407],[-153.34363100137,59.6216102857861],[-153.351385547805,59.6250102851965],[-153.358994639691,59.628992101904],[-153.366498390388,59.6336406912649],[-153.366640099261,59.633728463298],[-153.374121914595,59.6353648256263],[-153.381612828369,59.6380375495933],[-153.392049190018,59.6388557321064],[-153.392277712247,59.6388263476579],[-153.403003734735,59.637446639251],[-153.409431007735,59.6363284572925],[-153.410621916069,59.6368193657212],[-153.414921917413,59.6386011825986],[-153.41812192019,59.6421466365581],[-153.418140100885,59.6434011809198],[-153.414567377682,59.6474284547594],[-153.416858288179,59.6492557269703],[-153.415531015644,59.6509193639375],[-153.414160441651,59.6513034850678],[-153.404921925706,59.6538920918466],[-153.393867385372,59.6588466377622],[-153.384912845651,59.6671920954389],[-153.384140124767,59.6777375484492],[-153.382176492851,59.6850284583967],[-153.378258313071,59.6889375478296],[-153.367203770038,59.6935648223587],[-153.369312866396,59.6998011863757],[-153.370713368927,59.7010160157766],[-153.377803778621,59.7071648200005],[-153.37596742056,59.7145739098581],[-153.375421963753,59.7145920923512],[-153.368131057402,59.7149375480295],[-153.365045414214,59.7156967997676],[-153.360112875609,59.7169102765881],[-153.35075833363,59.7229557307224],[-153.341449244287,59.7213830053215],[-153.334840152651,59.720655735274],[-153.334740151637,59.720655735274],[-153.33464015332,59.7206739159685],[-153.334594697088,59.720719371302],[-153.334576517292,59.7207830082293],[-153.335594700035,59.7251284613095],[-153.338921974869,59.7282648235628],[-153.341649247215,59.7287830048319],[-153.343721976788,59.731810279321],[-153.344885614979,59.734210276683],[-153.346703796843,59.7342648223637],[-153.349985612746,59.7336830041673],[-153.353185614624,59.7353920937701],[-153.361499568151,59.7318894682244],[-153.36265834011,59.7314011831182],[-153.37480379406,59.7315920921014],[-153.37500379429,59.7317648176922],[-153.38316743423,59.7387193623088],[-153.392303801579,59.7439648146246],[-153.397112892946,59.7474466316568],[-153.402385621699,59.7503557217392],[-153.408403803892,59.7506648124312],[-153.410949262099,59.7535920832081],[-153.415958351896,59.7553920825786],[-153.41504926771,59.7643466285941],[-153.419694723832,59.7683738988364],[-153.426558364077,59.7743375344497],[-153.436985638976,59.7803738964382],[-153.437225984591,59.7807149121635],[-153.440003824917,59.7846557125911],[-153.454994738316,59.792101164737],[-153.460267467969,59.7959829831282],[-153.462131105166,59.7989011626586],[-153.46449474024,59.7971647993161],[-153.456349283692,59.7919920742748],[-153.451058372446,59.7866193481045],[-153.448594732761,59.7826738936853],[-153.446085643138,59.7814829853515],[-153.446245607349,59.7812424994419],[-153.448649273945,59.7776284389014],[-153.449149270922,59.7737284398157],[-153.452712904677,59.7689557134355],[-153.453049269108,59.7685011672951],[-153.458567448029,59.7644648031082],[-153.455040169368,59.7560557130008],[-153.449640163163,59.743810260735],[-153.449867429938,59.7352738976723],[-153.445358335319,59.7288648080645],[-153.444096965103,59.7242358571991],[-153.442240146565,59.71741935402],[-153.441740142394,59.7093648090388],[-153.441580930016,59.7068033860675],[-153.441240138222,59.7013193562034],[-153.444021948154,59.6899557188814],[-153.454176483858,59.6781739013045],[-153.458021933665,59.6691557192611],[-153.461867382574,59.6601466293635],[-153.462140108279,59.655682992776],[-153.464576468829,59.6517102646171],[-153.476121916693,59.6427284457612],[-153.476531008399,59.6425920806601],[-153.485358277862,59.6396557168379],[-153.504976457697,59.6358466239226],[-153.509367364312,59.6345648040225],[-153.510067366915,59.6346920760785],[-153.511360881599,59.6349327445506],[-153.513585547135,59.6353466224487],[-153.512831003348,59.6371284402254],[-153.512612823323,59.6406829854315],[-153.512667369004,59.6407829864457],[-153.512758276973,59.640855712821],[-153.512967369349,59.6408648040675],[-153.513149186186,59.640819348734],[-153.517049186171,59.6393466198507],[-153.519367365012,59.6355466208799],[-153.52160372803,59.6337102574225],[-153.522158273386,59.6332466209349],[-153.524985546746,59.634155711417],[-153.528121906301,59.631264802029],[-153.531298058159,59.6298138871012],[-153.533176453231,59.6289557099381],[-153.539367359216,59.6272102544497],[-153.54014555877,59.6275408254488],[-153.545467359931,59.6298011616943],[-153.54554918025,59.6298102538402],[-153.545630997872,59.6298193450868],[-153.5456946339,59.6297920722464],[-153.545740087435,59.6297466169129],[-153.547503722719,59.6272284351442],[-153.548126434887,59.6263853953698],[-153.549712811097,59.6242375256414],[-153.554912809878,59.6232375262908],[-153.556388227734,59.625261920901],[-153.557576448894,59.6268920689139],[-153.560476454025,59.6318102507425],[-153.563885548279,59.6389011595609],[-153.573367368609,59.6446466106526],[-153.581612826171,59.6498738822739],[-153.585258282044,59.6511102468405],[-153.591403737193,59.6529193356589],[-153.593376465751,59.6537556979671],[-153.594585555679,59.6542738801355],[-153.595667375349,59.657301152826],[-153.596831012641,59.6590193336754],[-153.597476471362,59.6631920611648],[-153.596567382679,59.6696284236129],[-153.59901284077,59.6731647872252],[-153.604249203638,59.6749738769429],[-153.60304011461,59.67721024086],[-153.602749206411,59.6797375129759],[-153.599394664132,59.6823920589464],[-153.590149215314,59.6904556969729],[-153.589103763328,59.6958556959837],[-153.593003764212,59.6983556943599],[-153.596485581245,59.6964375132807],[-153.600740126356,59.6935011485592],[-153.605749214355,59.6884920578622],[-153.611240118637,59.6847920581071],[-153.618731029713,59.6851556917818],[-153.624394664982,59.6851193285942],[-153.626385572436,59.6836829646971],[-153.626576479621,59.6813920550993],[-153.624658297642,59.6810011467855],[-153.617258298132,59.6791466017343],[-153.620612843108,59.6770647827136],[-153.619558295379,59.6749556926512],[-153.623785564952,59.6711556918817],[-153.626421926631,59.6667102377873],[-153.626740098677,59.6539375121066],[-153.623412822044,59.6455284219991],[-153.623653824165,59.6454313383856],[-153.628467365377,59.6434920574126],[-153.63185827444,59.6439375123064],[-153.634231002559,59.6438375112922],[-153.634650482334,59.6438225303855],[-153.635249184402,59.6438011463059],[-153.635904762295,59.643588160765],[-153.640649184312,59.6420466022689],[-153.644585546586,59.6414556919267],[-153.651512816563,59.6393193272252],[-153.651912817922,59.6393556913122],[-153.652140090992,59.6395556906427],[-153.65210927842,59.6397522212881],[-153.651731000185,59.642164782179],[-153.65331282043,59.6427193266356],[-153.663012818087,59.6407829612647],[-153.673621906226,59.639346595569],[-153.683340089074,59.6400284120816],[-153.689567360945,59.640392047555],[-153.69252190816,59.6406647750593],[-153.696421905447,59.6380556844223],[-153.700330994879,59.6360829558638],[-153.70518554068,59.6347920456165],[-153.706858267095,59.6343284082295],[-153.702212810972,59.6333193203304],[-153.695649175569,59.6330738647671],[-153.696940084018,59.6303193213797],[-153.702758262384,59.6272465933557],[-153.697976442958,59.6255556844473],[-153.695794622923,59.6243011391863],[-153.689703717053,59.62457386759],[-153.682221895424,59.6237556868755],[-153.674394625312,59.6218556882894],[-153.666521897168,59.6243738709574],[-153.651440082094,59.6278375099931],[-153.646467942741,59.6284287386954],[-153.638821903108,59.6293375108175],[-153.635412810653,59.6277011493886],[-153.629330993331,59.6297375130758],[-153.627985538302,59.6299193308125],[-153.621876449039,59.6302920602304],[-153.620149177842,59.6302829680845],[-153.615885540585,59.6302647882894],[-153.613221904267,59.6292647880396],[-153.610758264582,59.6283466072102],[-153.609267354105,59.6216375172577],[-153.603558259906,59.6181829730658],[-153.601012805297,59.6155011551542],[-153.592851785981,59.6111846503514],[-153.592212803278,59.6108466122814],[-153.583149164103,59.6092829772277],[-153.576912800985,59.6085102500481],[-153.567958254969,59.607128432731],[-153.562512798827,59.6058284348345],[-153.560039814286,59.605807039963],[-153.558312801195,59.6057920707475],[-153.555440070703,59.6026011628135],[-153.553185523393,59.5970466180071],[-153.555167335104,59.5878557085741],[-153.565103691682,59.5773102537652],[-153.565258235679,59.5771557088689],[-153.57286732127,59.5670829808949],[-153.577858223178,59.5559920728759],[-153.578830949689,59.555401163433],[-153.58543094738,59.5514738897083],[-153.587376402199,59.5515466169828],[-153.602830945791,59.5520829771477],[-153.618176403418,59.5525738846771],[-153.627212765257,59.5527557006151],[-153.632440428983,59.5546573179809],[-153.635285495429,59.5556920626386],[-153.64326164381,59.5555582030487],[-153.650967311192,59.5554284236829],[-153.667730946626,59.5536738769479],[-153.695767307815,59.5512647811448],[-153.719330942969,59.5502647772977],[-153.736167303878,59.5470102297384],[-153.747958210003,59.544528410258],[-153.761012755334,59.543419316848],[-153.771103658607,59.5360102251918],[-153.773294562694,59.5281465882945],[-153.773430925996,59.5281193145548],[-153.771294561295,59.5236647710124],[-153.766267286306,59.5223465897234],[-153.75988546774,59.5192284090639],[-153.755121826311,59.5134647745797],[-153.750142427631,59.5105612872736],[-153.747249097268,59.5088738668355],[-153.737159917096,59.5065215065623],[-153.7338763682,59.5057556879747],[-153.728721820256,59.5017193246871],[-153.723285452661,59.4954920537153],[-153.722627457391,59.493500666023],[-153.721585449809,59.4903466006152],[-153.717259716163,59.4881390851507],[-153.712821811877,59.4858738745797],[-153.706439989714,59.4779920578872],[-153.701303619766,59.4693193324213],[-153.699439982569,59.4662920597308],[-153.699130890978,59.4641647871753],[-153.699049070658,59.4636011505727],[-153.710539977338,59.4588284223938],[-153.717074041234,59.4572753031128],[-153.728549064088,59.454546600845],[-153.737658152302,59.449146600935],[-153.739739968625,59.446901144872],[-153.739912695115,59.4443193279747],[-153.738862250992,59.4437384441739],[-153.734685419896,59.4414284185867],[-153.726176326976,59.4385011487091],[-153.727567233741,59.4353466030634],[-153.72773996203,59.4352829670353],[-153.733921778567,59.4330647829134],[-153.735821778053,59.4323647839077],[-153.747221774965,59.4296556913571],[-153.757021777233,59.4302193270603],[-153.771049049074,59.4287011410449],[-153.790267225752,59.4237011388965],[-153.807139949849,59.4194647726812],[-153.816212676674,59.4186556814146],[-153.823403583808,59.418037498232],[-153.841658129719,59.4201465855965],[-153.842128439176,59.4202377004096],[-153.86222176862,59.4241284023039],[-153.877539947111,59.4209193082795],[-153.887921763079,59.4182556692638],[-153.896594491243,59.4184920326812],[-153.911285396204,59.4137374851969],[-153.914137035796,59.4120158959169],[-153.925330845142,59.4052556651169],[-153.93463084144,59.3963011200007],[-153.945558105222,59.3860647540852],[-153.95064901444,59.3846374814347],[-153.951121742175,59.3847011165633],[-153.952212652192,59.3865920257015],[-153.954739927006,59.3925374797209],[-153.959912657443,59.3968556608601],[-153.971967201625,59.3975556580672],[-153.97506720159,59.3964920217894],[-153.980030838752,59.3970374749995],[-153.990021746406,59.3967829281896],[-153.997267200121,59.3953283817995],[-153.997385382729,59.3952738361187],[-153.997494473191,59.3951647456565],[-153.997467200351,59.3950647464409],[-153.997321744903,59.3949647454267],[-153.992821745127,59.3925738366133],[-153.98199446887,59.3912829308626],[-153.98213992162,59.3886920209201],[-153.982149013766,59.3885829295586],[-153.993258105177,59.3859647458764],[-153.998530829434,59.3847283831084],[-154.00723082774,59.382528382379],[-154.011903553106,59.3776283812448],[-154.018576276274,59.3752738347197],[-154.025721736169,59.3815192881847],[-154.035985374026,59.3863647409401],[-154.044585376714,59.3883011018145],[-154.052176284308,59.3871374636231],[-154.062476279057,59.3827556455566],[-154.074576276774,59.3747374628637],[-154.087821724793,59.3679647332859],[-154.101012631628,59.3660192766683],[-154.106921724258,59.3685465478849],[-154.113830816239,59.3699647292889],[-154.121739906671,59.3718465471804],[-154.132021726122,59.3735829069257],[-154.134444838758,59.3740938900211],[-154.136203543958,59.3744647245674],[-154.139012636624,59.3779919969332],[-154.145067182904,59.3803101775727],[-154.148558093881,59.3811010872454],[-154.148685365937,59.3811010872454],[-154.148812639791,59.3810647240578],[-154.148794456399,59.3809738142901],[-154.14873082127,59.3809192686094],[-154.143521730344,59.3785010869557],[-154.138949000596,59.3761647247223],[-154.138530815844,59.3703738173978],[-154.132712630284,59.3644101817845],[-154.12589444807,59.3619465456966],[-154.129494444113,59.3589283642527],[-154.126148988585,59.3563920008902],[-154.119243074808,59.3571782017127],[-154.118003534735,59.3573192747648],[-154.116118821027,59.3549186991387],[-154.112958078153,59.3508920035632],[-154.106221710863,59.3440101871205],[-154.103312618982,59.3427374602657],[-154.103176253881,59.3427101883246],[-154.103039890578,59.3427192777725],[-154.10294898171,59.3427920041477],[-154.102921709769,59.3428647323216],[-154.102439892587,59.3449647338355],[-154.102345815407,59.3449533493177],[-154.094191740656,59.3439662228629],[-154.09320352872,59.3438465527763],[-154.083066937189,59.3454666868382],[-154.081030802829,59.3457920093938],[-154.072030804178,59.3479283731959],[-154.065294439587,59.348101102384],[-154.064897402393,59.3480037651617],[-154.060103532052,59.3468283764285],[-154.048848986991,59.3496829226289],[-154.04558107101,59.3506715626426],[-154.033639899861,59.3542829243175],[-154.017348992162,59.3534920191414],[-154.015662653609,59.3534135380044],[-154.007003539382,59.3530102019593],[-153.995921720811,59.3539647486743],[-153.991112059274,59.3544217787422],[-153.986639904308,59.354846569014],[-153.981012632227,59.3577556599957],[-153.981994451782,59.3608465687142],[-153.986358088255,59.3601192950695],[-153.989949000246,59.3644465665558],[-153.989821729989,59.3674829313922],[-153.98664900185,59.3706374761387],[-153.986612639562,59.370701113066],[-153.986539912287,59.3707192946598],[-153.986458094665,59.370701113066],[-153.986403548985,59.3706738393263],[-153.979103546891,59.3656283872403],[-153.975976272287,59.3626647505778],[-153.971530814595,59.3602374785768],[-153.962812637393,59.3612829359588],[-153.962376271048,59.3618647532558],[-153.957976271388,59.3605738439078],[-153.951476271113,59.3608011187767],[-153.944439909774,59.3621193018644],[-153.943812636244,59.3599920293088],[-153.950085358952,59.3560011195561],[-153.960030813072,59.3543738439778],[-153.969421720936,59.3530374810949],[-153.981848990039,59.3486283883894],[-154.00016716838,59.3422374758788],[-154.011194436774,59.3360102022091],[-154.019167157838,59.3292374744299],[-154.033267156054,59.3247556553493],[-154.054776244128,59.3207920139403],[-154.077967147166,59.313364739791],[-154.096458051997,59.3067283726164],[-154.112494372417,59.3000843009498],[-154.10460509315,59.3062172690118],[-154.087209960072,59.3116532274146],[-154.326300821626,59.3975203102142],[-154.562901193335,59.411329161012],[-154.79344397456,59.4198033701295],[-154.802304560307,59.4222970282853],[-154.721274983853,59.4473913203532],[-154.647643298,59.4933813044037],[-154.629496925243,59.5809603996028],[-154.475697826793,59.6206081910153],[-154.303406436758,59.6741152519174],[-154.231311576268,59.7066225593837],[-154.238510547624,59.7691996851174],[-154.278733047192,59.7867240121035],[-154.324859211983,59.8067859066443],[-154.520084299851,59.8858881891886],[-154.57974131431,60.0191854960139],[-154.515317323735,60.0907656619058],[-154.440643725627,60.1161913532484],[-154.351673533906,60.146380122145],[-154.212198936831,60.2189253532225],[-154.137048421048,60.2960317271825],[-154.201427244971,60.3243386008458],[-154.455115376773,60.3115974431675],[-154.610240661377,60.2878239620063],[-154.832283140554,60.302251636304],[-154.924259532052,60.3263628956312],[-155.048120426217,60.3586787392325],[-155.156431322747,60.4103891426449],[-155.179185357618,60.4852639766513],[-155.079127096139,60.5643782183801],[-154.921210098267,60.6045367230914],[-154.854520568869,60.6921191367888],[-154.820328822217,60.7569331390532],[-154.491943494097,60.8421943261073],[-154.185493699075,60.882274792148],[-154.169499509195,60.8843448282513],[-154.021630194977,60.8782849103204],[-153.825025809693,60.9005025220738],[-153.797322166185,60.9541707270974],[-153.808186401881,60.9681116586262],[-153.840769418774,61.0098446361211],[-153.807202370893,61.0899820518303],[-153.839135336227,61.1697699478249],[-153.943062195164,61.1964676330749],[-154.015904263671,61.1223216240438],[-154.123371649182,61.0858006647689],[-154.283054820224,61.1174472940575],[-154.358601065587,61.1662548073136],[-154.441802929262,61.2197896959378],[-154.445344274219,61.2362621120069],[-154.446974688431,61.2438630506393],[-154.463044189338,61.3184057218467],[-154.444318557855,61.384911168116],[-154.354341273831,61.4548935139246],[-154.415359335765,61.5069900106805],[-154.497450027697,61.556517681246],[-154.523937256299,61.5724544548093],[-154.554398202315,61.6601374612749],[-154.567302273081,61.743451051325],[-154.61147468321,61.7911005498506],[-154.686322758788,61.8004595326813],[-154.853222085431,61.7236808078231],[-154.985668656084,61.6458646079653],[-155.109038901724,61.6025195480387],[-155.194087514227,61.6320523946024],[-155.123038308971,61.7540759774245],[-155.175748452729,61.8562878579983],[-155.302307364293,61.9597430728846],[-155.318640141729,62.0481743143931],[-155.146195179864,62.1284001874188],[-154.854530161937,62.18819921742],[-154.768035980976,62.2057724819146],[-154.57956260463,62.2568104748236],[-154.554276708403,62.2636251649694],[-154.295269003062,62.3783412318624],[-154.198350502374,62.4077974202148],[-154.081057022563,62.4432835386045],[-153.87248666193,62.4840284309674],[-153.769283664609,62.4885022307934],[-153.721389304073,62.4905539998672],[-153.69685884466,62.4915980597028],[-153.637376084639,62.4893349481494],[-153.598982152304,62.4878612300118],[-153.460559889727,62.5407479160835],[-153.359511738176,62.5815116366527],[-153.322935554232,62.6615717142632],[-153.218473160708,62.7180700677795],[-153.063032016215,62.7816534710309],[-153.023306089005,62.7921678155923],[-152.820392445155,62.8455940571201],[-152.805177309185,62.860671315329],[-152.704963729393,62.9595486203726],[-152.696539119685,62.9678257727413],[-152.552618262723,63.0094413887091],[-152.486475841287,63.0156229417454],[-152.421068303559,63.021702484682],[-152.261566884604,63.0792316690064],[-152.089074729915,63.1317365128298],[-151.957027265796,63.1854459751517],[-151.822708804867,63.267873477579],[-151.545656547112,63.2964953243998],[-151.333303027313,63.330805062104],[-151.36631149458,63.3719201289109],[-151.388930687801,63.4000183229873],[-151.360347594566,63.4530705670531],[-151.259849621263,63.4974459856438],[-151.220073843733,63.5113457210282],[-151.22007371423,63.5113457659943],[-150.993407794334,63.5901026612089],[-150.861039491679,63.6767661836125],[-150.601872821274,63.8103692158667],[-150.527453814042,63.9007744099112],[-150.490068751971,63.9459660019295],[-150.31840945763,64.0302559022881],[-150.224170628172,63.9822352292725],[-150.309520992,63.9336402276145],[-150.34595660921,63.8754383396077],[-150.334691828065,63.8181095647047],[-150.276482176211,63.7668655946715],[-150.136280402618,63.7954622218041],[-150.108472930581,63.8071817649266],[-150.032763880948,63.839021505638],[-150.031304447642,63.8939545486635],[-150.026724231938,63.8990020530024],[-149.970953341823,63.9602945322669],[-149.674373042382,63.9960679112052],[-149.52682893111,64.0294118390852],[-149.371784836401,64.0581827710181],[-149.360796588692,64.0602137432697],[-149.286013669895,64.0113990822019],[-149.258282991867,63.9437409586783],[-149.131767412336,63.9241826925772],[-149.0995334619,63.9415557598904],[-149.032787385829,63.9774451189971],[-149.116233353387,64.0890324759681],[-149.113416451008,64.1518070127835],[-148.977328576652,64.2027957732064],[-148.666358017409,64.2184040244263],[-148.555779883235,64.2191519779814],[-148.362049596312,64.1915149760354],[-148.205116620436,64.1791692619519],[-148.141797786938,64.1687634817494],[-148.096404396046,64.1612806933494],[-147.946379009384,64.20615877181],[-147.795727172071,64.2221350885636],[-147.584692258041,64.1647816308677]]]]},"properties":{"FID":10,"OBJECTID":10,"ECO_NAME":"Alaska-St. Elias Range tundra","BIOME_NUM":11,"BIOME_NAME":"Tundra","REALM":"Nearctic","ECO_BIOME_":"NE11","NNH":2,"ECO_ID":405,"SHAPE_LENG":98.4007274691,"NNH_NAME":"Nature Could Reach Half Protected","COLOR":"#61D2F2","COLOR_BIO":"#9ED7C2","COLOR_NNH":"#7BC141","LICENSE":"CC-BY 4.0","Shape__Area":28.388010195414608,"Shape__Length":98.400727472919939}},{"type":"Feature","id":176,"geometry":{"type":"MultiPolygon","coordinates":[[[[-151.891792387109,60.4524521686327],[-151.899535787347,60.4390484417323],[-151.906795512403,60.4413299588106],[-151.916731412125,60.4414067923896],[-151.941026248263,60.4365427470502],[-151.985582553792,60.4014839667117],[-151.986532287335,60.3979841992115],[-151.977336902876,60.3860732920488],[-151.960859655649,60.374635304176],[-151.965431066091,60.3714567987923],[-151.991186206978,60.3640402121861],[-152.074426504979,60.3445337884037],[-152.082006609917,60.3445423211712],[-152.086653306205,60.3467808461592],[-152.088789810301,60.3516229498393],[-152.080448815061,60.3655069362961],[-152.076024909622,60.3664560816829],[-152.054963264843,60.3656964962963],[-152.041285209645,60.3675242523424],[-152.028978491964,60.370453650016],[-152.019650497972,60.3746220868399],[-151.976453756036,60.4270350370374],[-151.966953835951,60.4410633242131],[-151.961894817592,60.4679867500885],[-151.97089602763,60.4791691272535],[-151.978339744084,60.4949615146622],[-151.951606135415,60.5166483285576],[-151.931438576829,60.518240301249],[-151.848696357551,60.49616463489],[-151.838157654852,60.4929626194294],[-151.835838313188,60.4906899022172],[-151.891792387109,60.4524521686327]]],[[[-150.117222834966,60.9172925301262],[-150.11201374314,60.9163198054147],[-150.105513741966,60.9167470778154],[-150.099641015221,60.916628897006],[-150.090968287956,60.9150107171709],[-150.085186468281,60.914019809067],[-150.079341014376,60.9136107191594],[-150.070513742215,60.9137016298264],[-150.070313741086,60.9136834473333],[-150.068050467655,60.9141945482399],[-150.056622833677,60.9167743587497],[-150.047113745003,60.9189289059443],[-150.039886473782,60.9207743624469],[-150.028022838583,60.9219470900862],[-150.017850113192,60.9237380000088],[-150.007786475565,60.9243743656845],[-150.002204658818,60.9245380027267],[-150.001268294596,60.9242925498613],[-149.987095570904,60.9275289140282],[-149.971941024958,60.9288834621021],[-149.952677392048,60.9303925568711],[-149.945506928302,60.931343222112],[-149.93106830296,60.9332561970159],[-149.920795576555,60.9354834705858],[-149.912186488016,60.9378471083574],[-149.906637486631,60.941084320585],[-149.905139675655,60.9419579732819],[-149.905431896865,60.9415258499381],[-149.938411323224,60.9022202721479],[-150.043920239827,60.6736405886423],[-150.050135289912,60.6600732930481],[-150.15982926371,60.5509927270328],[-150.171391876934,60.4933332453331],[-150.097868707775,60.4398946399257],[-150.362608992211,60.3511414123464],[-150.531234858002,60.3318864309141],[-150.708796970404,60.2965361488243],[-150.718816304729,60.2336182951482],[-150.712618232046,60.1110004969754],[-150.777043945721,59.9553594556744],[-150.798022092945,59.9334296980222],[-150.822707199777,59.9420450737212],[-150.897286153233,59.9462108791288],[-151.069789377678,59.8826853085802],[-151.132515970735,59.8551544473199],[-151.174565514987,59.8428122603776],[-151.225498292612,59.8390687855961],[-151.258988328848,59.8421733442245],[-151.3048053328,59.8419056502256],[-151.345811967448,59.8415265850839],[-151.405881168181,59.8439181539997],[-151.466236422573,59.8426733349065],[-151.497610017688,59.8420642951312],[-151.52408447322,59.8425602559511],[-151.553057348818,59.8418929580936],[-151.665806318707,59.815032972194],[-151.825135224311,59.7720016101862],[-151.868868029636,59.7749994318783],[-151.868867508029,59.7750014166821],[-151.867731143577,59.7784286898322],[-151.864994780884,59.7805650536343],[-151.863549328439,59.781701418086],[-151.861067510757,59.7822650537893],[-151.858958424292,59.7873195989204],[-151.858749332815,59.7878196012936],[-151.85735842605,59.7911468734295],[-151.852685700685,59.7954650545687],[-151.851849336578,59.7962286923004],[-151.85084024688,59.7971468731297],[-151.845549341929,59.8019832373366],[-151.833358440739,59.8141286939841],[-151.831712989863,59.8196105097173],[-151.825912993989,59.8266650571467],[-151.821667541923,59.8318377848859],[-151.821322088943,59.8323741486481],[-151.817376638121,59.8384832388105],[-151.816258457062,59.8402105118057],[-151.814567550852,59.8428286936893],[-151.813622097182,59.8442923304268],[-151.811831190857,59.8500196026226],[-151.809649378916,59.8571196026876],[-151.809343142672,59.8581133175756],[-151.807267564047,59.864846875383],[-151.80708574631,59.8654196023328],[-151.803040298971,59.8785741468794],[-151.792613033964,59.8888105118957],[-151.777876676367,59.8974923331048],[-151.770048506933,59.9053140499036],[-151.76779486614,59.9075650610787],[-151.757713053215,59.9176377899521],[-151.751876696852,59.9283923353381],[-151.749203971086,59.9322377878437],[-151.748285791156,59.9335741516259],[-151.742767615833,59.9446286982559],[-151.741749436687,59.9471196071842],[-151.739294893644,59.9531832429124],[-151.735831265401,59.9617377893675],[-151.732358541414,59.9702832436768],[-151.728894911371,59.9788377892326],[-151.725194917911,59.9891377893775],[-151.721504014798,59.9994286982758],[-151.721358561149,60.0013468802544],[-151.719985835978,60.0047559709114],[-151.718849475123,60.0077559698622],[-151.718031294409,60.0094741516108],[-151.7159131131,60.0117923349484],[-151.71327675322,60.0160559722054],[-151.710485846644,60.0208559696273],[-151.708167666904,60.0245923343688],[-151.706658578431,60.0266559708964],[-151.705413124416,60.0285468800345],[-151.703804035828,60.0312832436268],[-151.702922218186,60.0322559719356],[-151.702304036802,60.0328014251457],[-151.701413127913,60.0330832438967],[-151.699885854249,60.0331741536643],[-151.699667673324,60.0332650616334],[-151.699476764341,60.0333377898072],[-151.699031311246,60.0341650626676],[-151.698913128638,60.0346559719956],[-151.697813129173,60.035510516797],[-151.696258585365,60.0362286991952],[-151.694622223037,60.037346882053],[-151.693167678446,60.0378923361624],[-151.692240403672,60.038119610132],[-151.686122224961,60.0418287002344],[-151.682440407699,60.0435014293475],[-151.678185864386,60.046228700794],[-151.675131319755,60.0485923376663],[-151.672313141238,60.0511014290877],[-151.669322231736,60.0528741583158],[-151.665622233779,60.05543779272],[-151.665185870132,60.0557923396448],[-151.664249507709,60.0565377948834],[-151.663594962238,60.0567650670542],[-151.66321314517,60.0567650661549],[-151.662885870187,60.0565923396648],[-151.662404053005,60.0566014309114],[-151.661967687559,60.056755976707],[-151.661458600234,60.0571377946736],[-151.660931326819,60.0578559761724],[-151.659940416917,60.0586559761924],[-151.65815859914,60.059646886095],[-151.65641314635,60.0606650679386],[-151.654713146195,60.0619650694325],[-151.653604056382,60.0631377952731],[-151.650567696042,60.066092340689],[-151.648413150646,60.0679650682334],[-151.646749516377,60.0690923423378],[-151.645731335433,60.0701832496573],[-151.644794971211,60.0707287055654],[-151.64391315267,60.0712377973865],[-151.639394973999,60.0748741602144],[-151.637022248578,60.0765741612686],[-151.634276794638,60.0786377968969],[-151.631458615223,60.0808014344387],[-151.628704070936,60.0828923438067],[-151.626113162792,60.0852377990852],[-151.624749527968,60.0865559803743],[-151.623822255892,60.0880377978062],[-151.620222257151,60.0915014350433],[-151.619549530986,60.092565071321],[-151.618067712655,60.094010527364],[-151.616149531576,60.095274162073],[-151.611376806994,60.0975741629173],[-151.606904080959,60.0995650730697],[-151.60246771901,60.1015468928749],[-151.59769499263,60.1037105286181],[-151.590076814893,60.1073378028973],[-151.577822274079,60.11298325927],[-151.562531369327,60.1217014418681],[-151.557276825765,60.1239378048858],[-151.547395010371,60.1277014442663],[-151.545604102247,60.1284014450707],[-151.534976833414,60.1354469003542],[-151.530667746219,60.1378559907614],[-151.517913204831,60.1450105383058],[-151.504849575448,60.1546105394449],[-151.496795032265,60.161110540619],[-151.48874049178,60.1676196321404],[-151.479695041393,60.1738923611436],[-151.470640500659,60.1801559980009],[-151.465313228922,60.183837817961],[-151.461576868678,60.1864196357577],[-151.45504959826,60.1909287267794],[-151.452522327044,60.1926741822678],[-151.444867786119,60.1979650917157],[-151.431167790161,60.2074014567119],[-151.421685977026,60.2130014577511],[-151.41412234497,60.2206469128248],[-151.410422348812,60.2243923679135],[-151.406549624366,60.2283014600444],[-151.400440541398,60.2388287332595],[-151.400340538585,60.2389923694024],[-151.400267814008,60.2391196423577],[-151.399285997151,60.241546915258],[-151.398313269742,60.243974187259],[-151.39576781873,60.2488105505665],[-151.392567823146,60.2553560070741],[-151.390540554303,60.2613650971216],[-151.387940559409,60.2670650946785],[-151.385831472944,60.2750741879235],[-151.383904206914,60.2860105510462],[-151.381976941782,60.2969560054154],[-151.382004214623,60.2979560038665],[-151.382231493988,60.3061196402093],[-151.382313315207,60.3092378217681],[-151.382367859989,60.3112923679485],[-151.382476954048,60.3152832759025],[-151.382540591875,60.3177378216432],[-151.382313322402,60.3223287302868],[-151.38325877877,60.3263469119805],[-151.383040601443,60.3306469124251],[-151.382831510866,60.3349469110711],[-151.381967879314,60.3406650920205],[-151.38180424497,60.3438287289127],[-151.382240610416,60.3466923663597],[-151.381958795262,60.3524196367569],[-151.381631528372,60.3587287280484],[-151.380031529232,60.3609287278786],[-151.379813349207,60.3612378185705],[-151.379158803736,60.3621378187054],[-151.377986075197,60.3642741816083],[-151.377304259584,60.3655287268693],[-151.375395168852,60.3673469096322],[-151.374531532804,60.3678378189603],[-151.373458807978,60.3684560012435],[-151.371149716786,60.3702378199195],[-151.369386082402,60.371419637906],[-151.366895174373,60.3726560015733],[-151.360886084325,60.3738196388653],[-151.35693153866,60.3744378211486],[-151.356049719219,60.3744923668293],[-151.355440629082,60.3746923670591],[-151.35366790435,60.3752923668493],[-151.349640629611,60.3759560053654],[-151.343758813418,60.3769287327748],[-151.342086085205,60.3772741866545],[-151.335276996036,60.3785650969018],[-151.332395177895,60.3792832793],[-151.330222452704,60.3798650983956],[-151.327167906274,60.380692371256],[-151.325649724755,60.3812469157127],[-151.324113361642,60.3819196436767],[-151.322331544765,60.3827196436966],[-151.32071336493,60.3834832814284],[-151.319986090386,60.3838196449607],[-151.318404274638,60.3846287371265],[-151.317131545984,60.385356009872],[-151.316477002312,60.3860105553429],[-151.316285793854,60.3862074448178],[-151.315558818784,60.3869560090126],[-151.315040638415,60.3871832820828],[-151.31371336498,60.3876014641363],[-151.311831548887,60.3878469188003],[-151.311122455937,60.3879014662797],[-151.310077002152,60.387692373904],[-151.309795314702,60.387625657698],[-151.309386092594,60.3875287377611],[-151.308686093588,60.3873560103717],[-151.307813366294,60.3873560103717],[-151.306867910825,60.3873923753579],[-151.306113366139,60.3872560102567],[-151.301986093983,60.3876469203691],[-151.29896791164,60.3879287382208],[-151.298177003766,60.3888105567618],[-151.297322458065,60.3898923764321],[-151.29693155065,60.3910560119255],[-151.29673155132,60.3925741943436],[-151.296504279149,60.39432873928],[-151.296604281962,60.3956651021628],[-151.296404281732,60.3969923737991],[-151.296186102607,60.4004378294424],[-151.2962042842,60.4007560113808],[-151.296295193069,60.4015105560674],[-151.296095194638,60.4022014656252],[-151.295613375657,60.4038651016932],[-151.294904289002,60.4063741931146],[-151.294813378335,60.4068014664146],[-151.294313381357,60.4092378296622],[-151.293695200873,60.4121832829322],[-151.293622472699,60.4129651022577],[-151.293440655862,60.4135923739889],[-151.293186112649,60.4144196468493],[-151.293122475722,60.4152196468693],[-151.293113387173,60.4161105557576],[-151.29269520422,60.4167105564471],[-151.292195202746,60.4172469202093],[-151.292113386923,60.4178651015932],[-151.292022478055,60.4187832842213],[-151.291640660988,60.4202287366669],[-151.291104298125,60.421728736592],[-151.290840662766,60.4227287377411],[-151.290667936276,60.4231560101418],[-151.290631570391,60.4232469199095],[-151.290422483411,60.4239832839015],[-151.29034066399,60.4245196467643],[-151.290331571845,60.4245923740389],[-151.290222481382,60.4249014647309],[-151.289722481707,60.4263196470341],[-151.289695210665,60.426419647149],[-151.288686121867,60.4300378283831],[-151.288067939584,60.4310651023727],[-151.287931576281,60.4315560108013],[-151.287922486833,60.4324832819779],[-151.287767941038,60.4330105562922],[-151.287377032724,60.4335378288078],[-151.286849761108,60.4346196466794],[-151.286513399374,60.4356196469292],[-151.286295216651,60.4362378283132],[-151.286167944595,60.4365741909462],[-151.285540672864,60.43819237258],[-151.285477037735,60.4383651017681],[-151.285440671849,60.4385469186055],[-151.285367943676,60.438928736572],[-151.28523158397,60.4396741927099],[-151.284958854667,60.4411741917356],[-151.284549768357,60.4426287381258],[-151.284313406738,60.4468014638165],[-151.283995226598,60.4522014628273],[-151.284058867123,60.4577560103317],[-151.284013413588,60.4599560083632],[-151.283940689012,60.4630196451405],[-151.283867961737,60.4640832814184],[-151.283495236816,60.4654832812285],[-151.283504327163,60.4662923715957],[-151.283604328177,60.4672378279635],[-151.283586146583,60.4681196447059],[-151.283531602701,60.4714832809287],[-151.283495241312,60.4718196435617],[-151.283258876096,60.4724741908313],[-151.283104332999,60.4732832811985],[-151.282967966998,60.4737469176862],[-151.282604334223,60.4773832823127],[-151.282222518055,60.4808560080983],[-151.281949793248,60.4814741903816],[-151.281731611425,60.4821378270991],[-151.281677064845,60.4835287347634],[-151.281458885719,60.486083280619],[-151.281267976736,60.4871650975912],[-151.281286161027,60.4877105526],[-151.281304342621,60.4881741899869],[-151.281531616591,60.4894650984356],[-151.281631615806,60.4907560068843],[-151.281422527028,60.492837825905],[-151.281604346563,60.4949105518805],[-151.281804348592,60.4959923706514],[-151.281667985289,60.4968469163522],[-151.281667986189,60.4976014601393],[-151.281697377832,60.4977361219246],[-151.282058896301,60.4993923700619],[-151.281449802566,60.4996287343786],[-151.281286168222,60.5009378253204],[-151.281158897965,60.5021287336542],[-151.281113442631,60.5025923701418],[-151.280867987967,60.5036741889127],[-151.280886168662,60.5037923706215],[-151.281077079444,60.5049287341738],[-151.280995265419,60.5078741883432],[-151.281067993593,60.5109105513809],[-151.281013448812,60.5126378243762],[-151.280804359134,60.5132105522252],[-151.280595267657,60.513846915203],[-151.280367994587,60.5145287344136],[-151.279649815786,60.5163469153779],[-151.279422543615,60.5180014610986],[-151.279158908257,60.5190832789702],[-151.278831635971,60.5201105502617],[-151.277477090595,60.5225741890476],[-151.277133250099,60.5229880903282],[-151.276004366208,60.5243469146784],[-151.275622549141,60.5249196434269],[-151.274695277965,60.5263287335843],[-151.274322550345,60.5272014608788],[-151.274213458984,60.5277560062348],[-151.273640732034,60.5288469153529],[-151.272595279149,60.5305741883482],[-151.272022552199,60.5315378254104],[-151.271604371045,60.5322741876037],[-151.270795280678,60.534065096627],[-151.270077100977,60.5357014607538],[-151.269022557745,60.5378014595698],[-151.267913467932,60.5394923693774],[-151.266513469021,60.5415287330646],[-151.265540743411,60.542665096617],[-151.264477105334,60.5433923702618],[-151.266822563311,60.5467378239915],[-151.268395292309,60.5489832782557],[-151.26919529143,60.5491014608638],[-151.271195292828,60.5497560054354],[-151.273804384365,60.5507832758276],[-151.275740747038,60.5515196398196],[-151.276713474447,60.5518741849457],[-151.278168020837,60.5523469126799],[-151.280113474757,60.553046912585],[-151.280291294108,60.5531113885798],[-151.283222566868,60.5541741848908],[-151.286349840573,60.5556014557426],[-151.288558934347,60.5565378208638],[-151.291431659444,60.5574469104466],[-151.294368024165,60.558301455248],[-151.296804389211,60.558737817996],[-151.29797711685,60.5590105463996],[-151.299458935182,60.5597105454054],[-151.30314984369,60.5613287270392],[-151.306604392379,60.5632287247259],[-151.309825835894,60.565173238854],[-151.310640756566,60.5656650888728],[-151.314449848582,60.5677378148483],[-151.318358939813,60.5702014509363],[-151.3205316704,60.5719014492925],[-151.32107712361,60.5724469052006],[-151.321158943031,60.5725196315758],[-151.322795307158,60.5734650861449],[-151.323968033898,60.574128721963],[-151.325658944605,60.5760196311011],[-151.327568037135,60.5780559929897],[-151.329113492394,60.5793014488029],[-151.330431674582,60.5805378115708],[-151.332222586303,60.5829923573115],[-151.33411349724,60.585555992615],[-151.335231680098,60.5872105392351],[-151.335504406703,60.5880741743837],[-151.335586226123,60.5883378106415],[-151.336268045334,60.5893650837317],[-151.337786226853,60.5914105368668],[-151.339095319593,60.5942559918206],[-151.339340776056,60.5961741737991],[-151.339595321966,60.5969923536143],[-151.340104415586,60.5983014463547],[-151.340995325374,60.6006468989353],[-151.341477141657,60.6022832630622],[-151.341549869831,60.6027378092026],[-151.341704417425,60.6035559899171],[-151.341931691394,60.6047923535843],[-151.342704418574,60.6070923544287],[-151.343186239353,60.6089287169868],[-151.343622603001,60.6097832617882],[-151.343658966188,60.6108287173715],[-151.344495334792,60.6134287158626],[-151.345077152089,60.6161650785556],[-151.345513518434,60.6187287156578],[-151.345231699683,60.619137807364],[-151.345013518759,60.6194650787505],[-151.344595335806,60.6198650792101],[-151.344268062621,60.6201196251207],[-151.344440793608,60.62061053265],[-151.345068065339,60.6217105330147],[-151.345531701827,60.6229559879285],[-151.345713521362,60.6239378065845],[-151.345477157944,60.6244378071592],[-151.345886247852,60.6248923506016],[-151.346622615441,60.6258832596048],[-151.347031706248,60.6267559868994],[-151.348295342756,60.6286378056902],[-151.349240799124,60.6308650783607],[-151.350586255052,60.6331105317257],[-151.351177166293,60.6344105323203],[-151.350449892648,60.6344196226675],[-151.350177165144,60.6346650782309],[-151.350431711055,60.6350741690378],[-151.351077166178,60.6360468946485],[-151.352377166773,60.6378287142238],[-151.354022623046,60.6401559852106],[-151.354713534402,60.6420014399146],[-151.355713534652,60.6435923478086],[-151.356949899218,60.6452378031821],[-151.3575680833,60.645919620594],[-151.3578589906,60.6464287124152],[-151.358704446853,60.6473923467794],[-151.359222628122,60.6481468932646],[-151.359595354842,60.6487014377212],[-151.360331719733,60.6508468927699],[-151.361540812359,60.6524014392751],[-151.362422631799,60.6535287106815],[-151.363640813872,60.6547832550432],[-151.365422634347,60.6566923448759],[-151.367277180298,60.6581105271791],[-151.368622636226,60.6592650732246],[-151.37004081763,60.6602832541689],[-151.371222635616,60.6614923449958],[-151.373131730845,60.6626832533295],[-151.375086274212,60.6639559801844],[-151.37620445707,60.6649832532746],[-151.377440821637,60.6658377989753],[-151.380331731025,60.6680559786006],[-151.384413553243,60.6713832516358],[-151.387859008886,60.6745014322953],[-151.390613555871,60.6779650668344],[-151.391304465429,60.6791196128799],[-151.392622649416,60.6802014316508],[-151.393231739553,60.6809196131497],[-151.393449923175,60.6811741581609],[-151.393877194677,60.6817923404442],[-151.394859015131,60.6831468840215],[-151.394886287072,60.6831468849209],[-151.394931742406,60.6831377945736],[-151.39509537765,60.683074156747],[-151.395431742081,60.6830196119656],[-151.400604468022,60.6825287017382],[-151.400568104834,60.682392339335],[-151.400331741417,60.6819196107015],[-151.400866913577,60.681872563568],[-151.401159013378,60.6818468843263],[-151.401440832129,60.6825559745786],[-151.401677196445,60.6831287024277],[-151.401676054306,60.6831287168169],[-151.40097719744,60.6831377936743],[-151.400849922686,60.6828287029823],[-151.396595380273,60.6832014297023],[-151.395386289446,60.6834923388005],[-151.395122651389,60.6835014309463],[-151.396013560278,60.6848287025826],[-151.396922654357,60.6865832484182],[-151.397886293218,60.6885468848309],[-151.398395382341,60.6893923392851],[-151.399277200882,60.6905468844312],[-151.400659019998,60.6918468832271],[-151.402059020707,60.6931377916758],[-151.404477205059,60.6950014279736],[-151.404995387227,60.6959923369768],[-151.40581356974,60.6974741553081],[-151.406922662251,60.6999105185557],[-151.407322662711,60.7014287000745],[-151.407531755986,60.7028105191902],[-151.408377212239,60.7049468811937],[-151.408949939188,60.7064468811187],[-151.409340849301,60.7077196088729],[-151.410295396016,60.711028699415],[-151.410668125434,60.7134287003743],[-151.41058630961,60.7146286990553],[-151.410431764714,60.7168650629723],[-151.410213582891,60.7177196068744],[-151.409740857854,60.7196196081584],[-151.409622675246,60.7201196069344],[-151.409295402061,60.7205559705816],[-151.407777221442,60.7212014257053],[-151.404959040227,60.7222832435769],[-151.404540858174,60.7224468806191],[-151.401186314996,60.7232832456253],[-151.396731769655,60.7246377910013],[-151.394013590355,60.7258923371617],[-151.390859044709,60.7277014277787],[-151.388968138269,60.7284468830173],[-151.387168136201,60.7289832458802],[-151.384822682721,60.7299468838416],[-151.381695409915,60.7309650665846],[-151.379886319298,60.731174158061],[-151.377186319793,60.7319014299071],[-151.376677228871,60.7321832477587],[-151.374731775851,60.7326105219581],[-151.370540866768,60.7335741590203],[-151.366649958928,60.7343014317657],[-151.362940867927,60.7350650685981],[-151.359059051334,60.7357650703018],[-151.357522688221,60.7359468871392],[-151.356377233423,60.7361287057752],[-151.354713598254,60.7362923428174],[-151.352795413577,60.73642870612],[-151.35069541656,60.7366105256553],[-151.348431778903,60.7367196170168],[-151.3442954164,60.7372923430672],[-151.338222689426,60.7377196181659],[-151.333268144409,60.7381832546535],[-151.32992269068,60.7386468920405],[-151.325877236146,60.738901437951],[-151.322140873203,60.7392014382958],[-151.319295418249,60.739610530002],[-151.314240873118,60.7400741682883],[-151.309259055261,60.7407287137592],[-151.305540873912,60.7413196223028],[-151.303704511354,60.7415923498071],[-151.300813601966,60.7421741689028],[-151.295704512054,60.7433105342538],[-151.293131786403,60.7440559885931],[-151.290586330894,60.744674169977],[-151.288431787297,60.7452741706665],[-151.285004515046,60.7461741708014],[-151.279659059918,60.7476741716258],[-151.276668152213,60.7487741728898],[-151.275295427042,60.7494559903018],[-151.275168153188,60.7495105359825],[-151.27053179011,60.7512923555578],[-151.269895428032,60.7516650822778],[-151.266304521436,60.7538105373265],[-151.263531794657,60.7560469012436],[-151.261404522101,60.7577741733395],[-151.260077253163,60.760610537946],[-151.259368161112,60.7629014457452],[-151.259840890645,60.7649196287379],[-151.261168164979,60.7670196275539],[-151.261468166223,60.7675014474339],[-151.261340895066,60.7698014455803],[-151.258313624174,60.7714832641414],[-151.25292271641,60.7739923573615],[-151.249731807577,60.7746014483982],[-151.245813625099,60.7753378123902],[-151.236368171554,60.7772196320804],[-151.226777264359,60.7780741786805],[-151.225186353767,60.7782196332295],[-151.212204540207,60.7803469075837],[-151.203422720682,60.7805014551781],[-151.190559085234,60.7803287286879],[-151.181749994666,60.7807923669742],[-151.163568177829,60.7816923707064],[-151.149759086912,60.7822014643262],[-151.141868178074,60.7824832839764],[-151.137113632388,60.7826560095672],[-151.132486362356,60.7827014658001],[-151.124268180332,60.7831196496522],[-151.106104545089,60.7837560162272],[-151.104222726298,60.7839832883981],[-151.095495454252,60.7850378370266],[-151.08781363599,60.7860742013634],[-151.079631819853,60.7859560196546],[-151.073150000272,60.7867196573864],[-151.066250002236,60.7871832947733],[-151.06257727622,60.7874287503366],[-151.053668184639,60.7895923878784],[-151.037031823959,60.7936469345584],[-151.025659099888,60.7975014819079],[-151.024377282685,60.7994923920603],[-151.024822740277,60.801792391106],[-151.023782174308,60.8025830372774],[-151.022968195226,60.803201483062],[-151.021722741212,60.8043287553678],[-151.018095471429,60.8062833023326],[-151.012040926048,60.8093469382107],[-151.004240929675,60.8123742118005],[-150.999761466818,60.813396358755],[-150.998304566003,60.8137287571765],[-150.994086385878,60.815674213794],[-150.98633184304,60.8175651238315],[-150.981468207792,60.820646943102],[-150.975386391369,60.8239923986304],[-150.971168211244,60.8259378516506],[-150.959822760012,60.8292105808037],[-150.94782276331,60.8333287653103],[-150.940177310035,60.8361924018579],[-150.93461367668,60.8382833130245],[-150.921404588251,60.8432378598394],[-150.914450043635,60.8465196793398],[-150.908995499842,60.848001497671],[-150.895531868201,60.8531651368616],[-150.88698641659,60.8581924109511],[-150.88626823689,60.860192409652],[-150.883795509555,60.8618651369666],[-150.878968239293,60.8637924101916],[-150.870559150984,60.8668196846808],[-150.863313699068,60.8698560504164],[-150.857840972783,60.872637868443],[-150.852995519128,60.8748560507662],[-150.845759157559,60.8778924147032],[-150.836131887177,60.8811833263495],[-150.825313707562,60.8850196903065],[-150.816904620152,60.8877469653502],[-150.808440987062,60.8913378746432],[-150.800450080807,60.8955924206538],[-150.797459171304,60.8971833312458],[-150.78705917644,60.9033196951478],[-150.770613728341,60.9113651515805],[-150.753031913992,60.9191015191199],[-150.740904646132,60.9243378837863],[-150.721595560587,60.9314651593896],[-150.7058319299,60.9377924340736],[-150.700886477929,60.9411560702965],[-150.695322842775,60.9450742536739],[-150.687859210834,60.9504015272088],[-150.684659211653,60.9540651637764],[-150.681495579258,60.9568833449904],[-150.67845921622,60.9582651650054],[-150.67428648963,60.9590560746781],[-150.666541037139,60.9603560752727],[-150.65639558279,60.9621833492822],[-150.639641040402,60.9659106245757],[-150.619286500172,60.9704197191948],[-150.603095594386,60.9744379026871],[-150.591013779163,60.9785197222075],[-150.582495596794,60.982092450806],[-150.574086507586,60.9842379076534],[-150.565041057199,60.9869469984053],[-150.549441059058,60.9906742727995],[-150.530731972403,60.9963560950578],[-150.515077430379,60.9994470055749],[-150.511122887411,61.005147006729],[-150.50195016227,61.0079560993945],[-150.475868349844,61.0127742838062],[-150.454686533157,61.0165651978257],[-150.43189562968,61.0239379271936],[-150.416486544119,61.03060156541],[-150.401877457678,61.0362288401889],[-150.39453200295,61.0379924781704],[-150.388450185628,61.0381833871537],[-150.383168369225,61.0383470259945],[-150.377195640566,61.0391470260145],[-150.372059277813,61.0385379358771],[-150.365459275625,61.0364379379605],[-150.363432003184,61.0357924828369],[-150.353722908885,61.031819757376],[-150.341731995335,61.0242015787399],[-150.329531985812,61.0120924897766],[-150.318859251753,60.9994379476033],[-150.310359243784,60.9895470400639],[-150.297859236614,60.9772470430167],[-150.286395593782,60.9667015909058],[-150.273768312757,60.9561106843606],[-150.262122852188,60.9478379602537],[-150.244095573952,60.9385834183901],[-150.236686482295,60.9358561460444],[-150.22985011579,60.9334197836961],[-150.217204661266,60.9300016035912],[-150.199286475291,60.9264743339234],[-150.187677383305,60.9248016111055],[-150.175950112308,60.9245561582402],[-150.166059201171,60.9232016137635],[-150.155631927172,60.9215470689421],[-150.134659198363,60.9193834367962],[-150.117222834966,60.9172925301262]]],[[[-150.216541160346,61.1287288637461],[-150.227504793611,61.1250470446854],[-150.230586611083,61.1244470439959],[-150.237259336949,61.1224652250901],[-150.240832063749,61.1225834067989],[-150.245404794396,61.1227379498965],[-150.260495703414,61.123437948003],[-150.265350247416,61.1234197664091],[-150.276559338942,61.123928854633],[-150.27883613458,61.1249171556023],[-150.279868430384,61.1253652176308],[-150.281470247054,61.1269907197459],[-150.281713885088,61.1272379442757],[-150.281464627191,61.1273245867603],[-150.280013885832,61.1278288537187],[-150.273859340336,61.1277106729093],[-150.267195704818,61.1280379478931],[-150.261786613661,61.1291924939385],[-150.258150250833,61.1299834036112],[-150.252250253047,61.1320288594443],[-150.251559345288,61.1322652219625],[-150.24669570914,61.1352561323646],[-150.244196619079,61.1381709052631],[-150.242868440926,61.1397197680529],[-150.238222990199,61.1466834057147],[-150.233268450578,61.1546652243207],[-150.230422999222,61.1601652243457],[-150.223886641156,61.1679652243157],[-150.217095033009,61.1706429682984],[-150.216277552867,61.1709652259644],[-150.208459373102,61.172019771895],[-150.199023009904,61.1729197738285],[-150.189713919662,61.1741288655547],[-150.186868464708,61.1742288656696],[-150.182713920611,61.174592503841],[-150.178077555735,61.1750197771411],[-150.172368466931,61.1757652323796],[-150.16894119468,61.1760561423771],[-150.16691392134,61.1759834151026],[-150.165513920631,61.1758379596542],[-150.164313921051,61.1755925058895],[-150.162686647271,61.1750561430266],[-150.16115028236,61.1743470527743],[-150.159386645277,61.1733197796842],[-150.158277554565,61.1717834165715],[-150.158295736159,61.1716834155573],[-150.157886643554,61.1702379622122],[-150.157904825148,61.1691106899065],[-150.158123006971,61.1678106902112],[-150.158141186766,61.1665015992695],[-150.158468459052,61.1656106885825],[-150.1589048218,61.1644288705959],[-150.159950275585,61.1625925080378],[-150.161623000201,61.1604470538885],[-150.1634866347,61.1585925070386],[-150.165786636444,61.1565925083377],[-150.16626949594,61.1561341211928],[-150.167941179142,61.1545470516052],[-150.169504815994,61.1533925073584],[-150.170286631723,61.1528834164366],[-150.172386631438,61.1511834162817],[-150.173568449424,61.1502743240009],[-150.175077539697,61.1493288712305],[-150.176732083619,61.1484288701963],[-150.17838662844,61.1473834146129],[-150.180041174161,61.1463834152624],[-150.181941172747,61.1453379587798],[-150.185250263289,61.143628869177],[-150.187441170074,61.1425652319999],[-150.189832078887,61.1413834140134],[-150.203186618268,61.1350561402288],[-150.206815805405,61.1333370357756],[-150.207012427781,61.133243889394],[-150.216541160346,61.1287288637461]]],[[[-149.831061652673,62.9771601303358],[-149.756008053229,62.8973175996276],[-149.943999563829,62.7899055413077],[-150.036050136804,62.7178528922972],[-150.084037531307,62.6726246034427],[-150.036573165419,62.5794053362873],[-150.003597965873,62.5225019227256],[-149.809457235563,62.517796844249],[-149.660564981189,62.4207936786854],[-149.621444361568,62.3430230438784],[-149.628243084251,62.3396926969605],[-149.796703659147,62.2568621525663],[-149.783029274981,62.2074480987508],[-149.766548388198,62.1476633436884],[-149.706321161293,62.0049806364473],[-149.713697217253,61.8638917886752],[-149.685750587719,61.778162747313],[-149.616513843739,61.7425162222459],[-149.58229004435,61.7248554923871],[-149.376087327968,61.7119782169212],[-149.342646820095,61.719834116951],[-149.265851240143,61.7378268962943],[-149.046497125042,61.7888790319418],[-148.880987455107,61.8244300454103],[-148.791629121387,61.8252267080462],[-148.730639975355,61.8257385499941],[-148.706849897205,61.7815662459855],[-148.727188422308,61.7266033418708],[-148.773218016099,61.7006568441381],[-148.830468376414,61.6683095287618],[-148.9174140746,61.625754552031],[-148.915504421792,61.5788013949685],[-148.775876060432,61.5383117841616],[-148.65890066993,61.5053437576084],[-148.71784064503,61.4552962366321],[-148.867436379685,61.4800907405952],[-149.083642889208,61.5092411828344],[-149.105332185232,61.5090059615559],[-149.249019615063,61.5073635359984],[-149.28757641462,61.5068973904023],[-149.316833544333,61.4967231469557],[-149.319856640571,61.4955531208799],[-149.26605985228,61.4934655372048],[-149.261651596844,61.4894963056101],[-149.260090963727,61.4793570727708],[-149.265743259444,61.4748601981397],[-149.417323143149,61.4462528250079],[-149.470276855692,61.4288218512475],[-149.715883746138,61.159639948325],[-149.803427344197,61.0567262026522],[-149.804386570983,61.057483482177],[-149.805786570794,61.058719844945],[-149.807841117873,61.0600016630464],[-149.81173202841,61.0620380258343],[-149.81478657574,61.0637834804234],[-149.817698403359,61.0651109157362],[-149.819832029624,61.0660834785697],[-149.823522940831,61.0679198420272],[-149.825404759622,61.0692016601286],[-149.826259307121,61.0698834766412],[-149.827477488295,61.0707471126892],[-149.827591906341,61.0708992878719],[-149.829241127176,61.0730925670684],[-149.830259309919,61.0751016570159],[-149.830750220147,61.0758289306607],[-149.831759311643,61.0763198399887],[-149.833041129744,61.0766834763614],[-149.835677492322,61.0768743844453],[-149.839877492652,61.0772834743529],[-149.840918651275,61.0773593186777],[-149.849241130374,61.0779652908656],[-149.851250220321,61.0779562014176],[-149.853650220381,61.0781289261091],[-149.855213858133,61.07841074486],[-149.856432040206,61.0786834723644],[-149.859968405617,61.0804380173007],[-149.861995678058,61.0813561972308],[-149.86213204226,61.081392562217],[-149.87158658885,61.0843107408481],[-149.872404771363,61.0845652867586],[-149.876750225343,61.0861652867986],[-149.880368410174,61.0874925584349],[-149.883713863904,61.0888107397239],[-149.885268410409,61.0893652850799],[-149.887004774651,61.0901380122595],[-149.892750231138,61.0926652825768],[-149.898932048575,61.0952107362865],[-149.903213870124,61.0968652811079],[-149.903241141166,61.0968834627017],[-149.906541144059,61.0981016429765],[-149.908141144098,61.0986470988846],[-149.913268415605,61.1002107339383],[-149.914022961191,61.1005016421371],[-149.914995692197,61.101010733059],[-149.915695691203,61.1014107344179],[-149.919613876379,61.1026834603734],[-149.921432057344,61.1032925514102],[-149.922495691823,61.1037289141581],[-149.925941146567,61.1047016406682],[-149.927486601825,61.1051289121696],[-149.931086604163,61.1063470951424],[-149.934050239927,61.1071652749575],[-149.936259331903,61.107828911675],[-149.93786842229,61.1082925472633],[-149.937959330259,61.1083198201036],[-149.939532059257,61.1089834568211],[-149.940532058608,61.1094198195691],[-149.943095696609,61.1102380011828],[-149.946150243039,61.1112289101861],[-149.948504786866,61.1118743644104],[-149.95080478861,61.1126016371559],[-149.95163206237,61.1128379987747],[-149.953595698782,61.1133107274082],[-149.960132064043,61.1153379980502],[-149.97102297543,61.119819814433],[-149.978622978767,61.122947086339],[-149.979522978902,61.123347085],[-149.993222980256,61.1272470840857],[-150.002222984303,61.1302743540782],[-150.004522984248,61.1310470803585],[-150.0125138959,61.1342470777405],[-150.013141167631,61.13447435171],[-150.013695712087,61.1347107151275],[-150.014741167671,61.1353288974107],[-150.015177532217,61.1356198047103],[-150.015641167806,61.1358743524195],[-150.016295715075,61.1361470790245],[-150.019668443444,61.1371925328092],[-150.021359352352,61.1376925315851],[-150.022959350594,61.1381470768262],[-150.025750260766,61.1394288949276],[-150.026741169769,61.1397198031265],[-150.026841170783,61.1397470768662],[-150.027522989095,61.1400288938185],[-150.028804806297,61.1403925301911],[-150.031177536214,61.1413561663541],[-150.032386627041,61.1415107112504],[-150.034032080616,61.142001619679],[-150.035268446082,61.1424016192394],[-150.036404807836,61.1427925293518],[-150.037859354226,61.1435016196041],[-150.039332083109,61.1442925283775],[-150.040932084948,61.1448288921397],[-150.044541175835,61.1459561644455],[-150.04555935588,61.1463470727593],[-150.047468449309,61.1468470724345],[-150.048632083904,61.1470925261992],[-150.05046844826,61.1476016180203],[-150.051632085552,61.1478107076981],[-150.057550269429,61.1492834347827],[-150.062441176619,61.150547070391],[-150.064413905178,61.1509107058644],[-150.064668451987,61.1508834330241],[-150.065668452237,61.1510834332539],[-150.069786633147,61.1526107042207],[-150.072477544103,61.1537197949327],[-150.074532090284,61.1549379761068],[-150.074959361785,61.1554288863341],[-150.075241182335,61.1557107032864],[-150.075477545752,61.1562743398889],[-150.075032091758,61.1569652494468],[-150.074486636749,61.1576197940183],[-150.073223000241,61.1581743402737],[-150.07239572828,61.1587288856296],[-150.071759367101,61.1594107039409],[-150.07115936821,61.1604288857845],[-150.070759367751,61.1614743413678],[-150.070595731608,61.1624561591245],[-150.070150276714,61.163392522447],[-150.068523004733,61.1650834322547],[-150.068023006856,61.1661379781852],[-150.066568462265,61.166919795712],[-150.065113916774,61.1674288866338],[-150.064332098348,61.1679379766563],[-150.06384118902,61.1685016141582],[-150.062633412102,61.1690548752823],[-150.061023011403,61.1697925226069],[-150.05903210215,61.1705107059044],[-150.057768465642,61.17103797842],[-150.057277556314,61.1714561595742],[-150.056541192322,61.1719197960618],[-150.054923011588,61.172510706404],[-150.054286647711,61.1727652523146],[-150.053668466327,61.1729561612979],[-150.053095740276,61.1732652519898],[-150.051959374925,61.1735107048552],[-150.049550282719,61.1730107069786],[-150.048695738817,61.172728889127],[-150.04848664914,61.1728834340233],[-150.048768465192,61.1736743436961],[-150.049168466551,61.1740834336036],[-150.049323014146,61.1743652523546],[-150.049359377333,61.1748834336236],[-150.04919574119,61.1750197978255],[-150.049095740176,61.1754834343131],[-150.049102386166,61.175945379176],[-150.049113922669,61.1767470708207],[-150.047859378308,61.1772925249301],[-150.047641195585,61.1775016164065],[-150.047204834635,61.1800743429566],[-150.047113926666,61.1815925253748],[-150.046895745742,61.1819107073134],[-150.04658665505,61.1820652522097],[-150.04575938219,61.1817743431115],[-150.045659380276,61.1818288887922],[-150.045741198797,61.1822925252799],[-150.045713926856,61.1825197965514],[-150.045386653671,61.1826925248402],[-150.044768473186,61.1828016153024],[-150.043895745892,61.1823107068737],[-150.043532110419,61.1821834330191],[-150.042995744858,61.1818016168512],[-150.042777563933,61.1818107080978],[-150.042641199732,61.1819107073134],[-150.043177562594,61.1826016159719],[-150.044441200001,61.1832107061093],[-150.044459383394,61.1835470714403],[-150.04378665543,61.1837379804235],[-150.043159383699,61.1838197980453],[-150.04209574832,61.1846288893119],[-150.040795746826,61.1849925256845],[-150.040113930314,61.1850925257995],[-150.039532112117,61.1850743442057],[-150.0392957487,61.18491979841],[-150.039150292352,61.1847107069336],[-150.039095746671,61.1840925273483],[-150.038759383139,61.1841379808832],[-150.038513929374,61.1844470715752],[-150.03846847494,61.1846652542981],[-150.038495747781,61.185101617046],[-150.038686655864,61.1855925272733],[-150.038186658887,61.185837981038],[-150.037341201735,61.1859288899064],[-150.036659385222,61.1858925258194],[-150.036132111807,61.1864834361617],[-150.035104837818,61.1861652542232],[-150.034941201675,61.1861925261642],[-150.034913930633,61.1862743446853],[-150.034986657009,61.1863834351475],[-150.035477567236,61.1868652541282],[-150.035477567236,61.1869925261842],[-150.0357230219,61.1874834364115],[-150.036113931113,61.1878288902911],[-150.036095751318,61.1880652537085],[-150.036095750419,61.1881561616776],[-150.035477568135,61.1882925258794],[-150.034195750034,61.1885197989496],[-150.033150297148,61.1897198003286],[-150.032150296899,61.1907743462591],[-150.03203211519,61.1908288910406],[-150.031895751887,61.1910470728642],[-150.031586662095,61.191274345035],[-150.030668481265,61.1922561627918],[-150.029404843858,61.1928016178005],[-150.029304843744,61.1928470722347],[-150.02708666232,61.1943016186249],[-150.025641211673,61.1989016176156],[-150.024368486616,61.2006834362916],[-150.022304850988,61.20242889178],[-150.020723033441,61.2032925269286],[-150.019804851713,61.2038016187498],[-150.0191230352,61.2040743471534],[-150.018550307351,61.2042016201087],[-150.018504852917,61.2042016201087],[-150.017604851882,61.2042288920498],[-150.016541215605,61.2040107093268],[-150.016123032652,61.2040834384],[-150.015550306601,61.2039016188647],[-150.0146957618,61.2039925286323],[-150.01466848806,61.2041288928342],[-150.013359397118,61.2040925278479],[-150.011632125922,61.2038925294167],[-150.010304851588,61.2038016196491],[-150.007204850723,61.2030561671085],[-150.003950304963,61.2022743486823],[-150.000823032157,61.2013107134188],[-149.999677578258,61.2010652587547],[-149.998795759717,61.2009834402336],[-149.998313940736,61.2010016227268],[-149.996986669099,61.2008470760318],[-149.995268484653,61.2003561676031],[-149.993513940616,61.1999834417825],[-149.98850484902,61.1994470789196],[-149.986013940991,61.1993470788047],[-149.984768485177,61.1991470785749],[-149.983077577168,61.1992834427767],[-149.981632122025,61.1992379883425],[-149.978613940581,61.1993016270685],[-149.976659395415,61.1993016261692],[-149.97201394109,61.1994925360518],[-149.968750303184,61.1997925372958],[-149.967577578243,61.2001470824219],[-149.966595757788,61.2003652642456],[-149.96501394204,61.2004289002736],[-149.964350304423,61.2006198101562],[-149.963595758837,61.2006561742431],[-149.960950305013,61.2005925373158],[-149.959823031807,61.2007379918649],[-149.95958666839,61.2008379919798],[-149.957550305602,61.2011107203835],[-149.955886668635,61.2011743564115],[-149.955468486581,61.2011379932239],[-149.954632124273,61.2012379933388],[-149.954304851088,61.2011470853698],[-149.954141214046,61.2008834482126],[-149.953804851413,61.2009470851399],[-149.953432122894,61.2013561759468],[-149.951286669644,61.2022107216475],[-149.950404852002,61.2021561768661],[-149.946641216219,61.203119813029],[-149.943623034775,61.2040016306707],[-149.943623033876,61.2041743580602],[-149.940341217073,61.2050925415876],[-149.938132126896,61.2057561774057],[-149.938141219042,61.2060107233163],[-149.936723037638,61.2065107229915],[-149.930395763853,61.2068107251349],[-149.929795764063,61.206837997076],[-149.929686672702,61.2067925417425],[-149.929668492007,61.2066743600337],[-149.92977758157,61.2065834520647],[-149.930832126601,61.2058470880727],[-149.929755622824,61.2061691272035],[-149.928704854945,61.2064834510505],[-149.928277581645,61.2067198171659],[-149.928285463303,61.2069089346996],[-149.928286672892,61.2069379971909],[-149.927895763679,61.2072198150425],[-149.927795765362,61.2073834520847],[-149.92780485481,61.2080743607432],[-149.927423037743,61.2081834521047],[-149.927268491947,61.2082652706258],[-149.927213948065,61.2083470882476],[-149.927223036614,61.2084379980153],[-149.927550311598,61.2089925433712],[-149.927568493191,61.2090561793992],[-149.927268493746,61.2091470873683],[-149.927150311138,61.2090925443854],[-149.927068492617,61.2087925431414],[-149.926968493401,61.2087198158669],[-149.926768492272,61.2087107246203],[-149.926568492942,61.2087561799538],[-149.92645940158,61.2087925431414],[-149.923277584893,61.2105743618174],[-149.922050310673,61.2112743617225],[-149.920686675849,61.2118289070784],[-149.919468495575,61.2122107259443],[-149.918513949759,61.2127470888071],[-149.916995770938,61.2140379981552],[-149.916613951173,61.2142561790795],[-149.916613952072,61.2143743625868],[-149.91642304129,61.214483453049],[-149.914068498362,61.2159652722796],[-149.912468499222,61.2170561795991],[-149.91075940782,61.218128908922],[-149.90749577531,61.2203289087522],[-149.906913956214,61.2209380006882],[-149.905968503444,61.2212289088871],[-149.905823047995,61.2218925447052],[-149.905595774925,61.2222016362965],[-149.904186684768,61.2226925447252],[-149.900659414201,61.2249834561217],[-149.89940486894,61.2260380011529],[-149.89440486859,61.2260107283125],[-149.893586686976,61.225838000923],[-149.893777597758,61.2259016378504],[-149.894186686766,61.2260289108057],[-149.898023050723,61.2265834561616],[-149.897932142754,61.2268834547077],[-149.897823052292,61.2272834560667],[-149.895623051563,61.2271743638059],[-149.895259416089,61.2272652735736],[-149.895213960756,61.2273834561816],[-149.895877598372,61.2276743652798],[-149.896059417008,61.2282016377954],[-149.896677598392,61.2284561828067],[-149.897404872037,61.2287470910055],[-149.897350326356,61.2288289104259],[-149.897141233981,61.228856182367],[-149.894550325837,61.2282834554172],[-149.894295779027,61.2283107282576],[-149.894150326277,61.2284016380252],[-149.894150326277,61.228610727703],[-149.894395780041,61.2288380016725],[-149.895932144952,61.2291925467986],[-149.896186689964,61.2293470925943],[-149.895641234955,61.2300470933987],[-149.894086692047,61.2317016373208],[-149.893032146117,61.2323834547327],[-149.893386691243,61.2324834557469],[-149.893232147246,61.2327198200637],[-149.89227760143,61.2328470921196],[-149.891750328915,61.2348198197789],[-149.89173214822,61.2354016379753],[-149.89078669455,61.2365561831214],[-149.889650331897,61.238374364985],[-149.889413969379,61.2386289099962],[-149.888132152177,61.2401925477479],[-149.88715033532,61.2405652753672],[-149.886213969299,61.2410380022021],[-149.885441243019,61.2412652761716],[-149.884904881055,61.2415925466588],[-149.883086699192,61.2430380018024],[-149.881332155155,61.2451470927642],[-149.881277610373,61.2451834568511],[-149.881250336634,61.2452016393443],[-149.881223064693,61.245219820938],[-149.880641244698,61.2456380020922],[-149.880659430788,61.2460834578853],[-149.879841248275,61.2480289109056],[-149.879850340421,61.249428911615],[-149.879859432567,61.2496652759318],[-149.87942306802,61.2500652745928],[-149.879295796864,61.2508107298314],[-149.879486705847,61.2524016386248],[-149.87993216164,61.2537834559418],[-149.880532164128,61.2555198201836],[-149.879577619212,61.2572198203385],[-149.878132164967,61.2585289112803],[-149.876450348205,61.2597289108606],[-149.871241259077,61.2624834578453],[-149.869413985967,61.263465275602],[-149.865986713716,61.2654743673482],[-149.86319580804,61.266965276926],[-149.858368535979,61.2693470953922],[-149.85625035467,61.2704289141631],[-149.855004900656,61.2715470961217],[-149.854041267191,61.2724834594442],[-149.853659448325,61.2731834602486],[-149.852595811148,61.273792550386],[-149.852023085997,61.2742561877729],[-149.851977631562,61.2745834600587],[-149.851350358932,61.2751289141681],[-149.850677631867,61.2757380052049],[-149.849623087735,61.2772107331888],[-149.848859450903,61.2782561878728],[-149.84780490767,61.2794561883525],[-149.847277635155,61.2804107332688],[-149.846132181255,61.2821198237709],[-149.845704908854,61.2828652781101],[-149.844786728025,61.2835925508556],[-149.844641274375,61.2840380048501],[-149.844404911857,61.2845470966712],[-149.843586730243,61.285183462347],[-149.842623093181,61.2859289157869],[-149.834477643828,61.2929380069835],[-149.834023098587,61.2932925521096],[-149.833968554705,61.2933380074431],[-149.834095825862,61.2935289164264],[-149.83438673496,61.2936834613228],[-149.834977646201,61.2948743696565],[-149.834886737333,61.295256187623],[-149.834214011168,61.295965279674],[-149.833895829229,61.2963198239008],[-149.833277646046,61.2967380068536],[-149.832595827735,61.2973289153972],[-149.831704919746,61.2984107350674],[-149.831014011987,61.299310734303],[-149.830059468869,61.3002743713652],[-149.828586739986,61.3013198260492],[-149.82780492156,61.3017380081026],[-149.826932196963,61.3022198270834],[-149.826004923988,61.3027289171059],[-149.8251140151,61.30357437156],[-149.82345038083,61.3049925538633],[-149.822804928405,61.3056925537684],[-149.822023109979,61.3062561912703],[-149.821214017813,61.3068198269735],[-149.820841291992,61.3074834618923],[-149.820468562574,61.3080470993942],[-149.819886746176,61.3086834632713],[-149.818877658277,61.3092925552073],[-149.81758674803,61.3100925552273],[-149.816514021405,61.310710735712],[-149.815995839237,61.311138009012],[-149.815768566166,61.3115198278778],[-149.81529584113,61.3119561906258],[-149.81449584111,61.3123470998389],[-149.814414022589,61.3131834639457],[-149.813723113031,61.3137925540831],[-149.811995842734,61.3148743719548],[-149.808586752976,61.316510736981],[-149.804295844677,61.3180289202985],[-149.797759481215,61.3201561937534],[-149.79019584736,61.3225198297264],[-149.789245624586,61.3228831288534],[-149.785368575299,61.324365286229],[-149.781268577783,61.3262652857144],[-149.779004941925,61.3269925593592],[-149.778123125182,61.3272471043704],[-149.776686762184,61.3276289232363],[-149.774495850903,61.3278471059592],[-149.77395948804,61.3279016507407],[-149.770504942049,61.3278652866537],[-149.766904943308,61.3277834699313],[-149.761595851367,61.3275107442255],[-149.758650398097,61.3274561994441],[-149.756023124967,61.3275471083124],[-149.751895852811,61.3278380192093],[-149.747986759781,61.3279925650049],[-149.744377670693,61.3281652923944],[-149.742304942019,61.3280289290919],[-149.741132215279,61.3276107470384],[-149.739423124777,61.3273925661141],[-149.738550395684,61.3275289294166],[-149.738295850673,61.3276743839657],[-149.738223125197,61.3279016570359],[-149.738241305892,61.3281107467137],[-149.738314034065,61.3282834750024],[-149.737995853026,61.3285107471733],[-149.73724130744,61.3287743834311],[-149.736059488555,61.3290834750224],[-149.733804942144,61.3292289313702],[-149.731459488664,61.3296562037709],[-149.728159491168,61.3306107495865],[-149.72495040074,61.3319834765563],[-149.722686763983,61.3328925679377],[-149.721077676294,61.3341380228515],[-149.719314039211,61.3358562046002],[-149.71776858755,61.3380562053297],[-149.717014042864,61.340574386199],[-149.716477680001,61.3433925683124],[-149.715859500416,61.3442198411728],[-149.715850409169,61.345428932899],[-149.715095867181,61.3476016589894],[-149.714504960436,61.350219840873],[-149.714268597018,61.3518380216075],[-149.713895869399,61.3530834774206],[-149.713523146276,61.3553289316849],[-149.713214053786,61.3568652956969],[-149.713217177131,61.3568991066085],[-149.713423147061,61.3591289306557],[-149.714004966156,61.3612562041106],[-149.714568602759,61.3630834763214],[-149.715614061939,61.3649743845602],[-149.716950424822,61.3667198391493],[-149.718450425647,61.3685289297663],[-149.720904973186,61.3704834758318],[-149.722041337638,61.3718652931488],[-149.72195042787,61.3720198380452],[-149.72175042764,61.3723743840706],[-149.720959519766,61.3727652932837],[-149.719559519956,61.3732743851048],[-149.717241339316,61.3739471121696],[-149.716377704168,61.3744652943379],[-149.716095885417,61.3747471121895],[-149.71516861424,61.3753107487921],[-149.71396861376,61.3757652949325],[-149.712614069284,61.3764925667786],[-149.711714070048,61.3771198403085],[-149.71062316093,61.378138022152],[-149.709050432831,61.3791925671833],[-149.707386800361,61.3801471129989],[-149.704968616908,61.3813562047251],[-149.70293225502,61.3823743865688],[-149.700832255304,61.3830198407931],[-149.699404980855,61.3834107500061],[-149.698523164113,61.3835289326142],[-149.69653225486,61.383547114208],[-149.694459527985,61.3836016598888],[-149.692550438152,61.3837471153371],[-149.68838680101,61.3841652982899],[-149.686177711732,61.3844289354471],[-149.683768620425,61.3847562077328],[-149.681750439231,61.3851652994391],[-149.679595892936,61.3856834807081],[-149.677514075714,61.3862380269634],[-149.675286803043,61.3868834811877],[-149.673595895934,61.3873471176754],[-149.671759531577,61.3879198464238],[-149.671377713611,61.3881107554071],[-149.670441352087,61.3884925733736],[-149.669668623108,61.3886834832562],[-149.668723170338,61.3887834815725],[-149.667468624178,61.3888198465587],[-149.665923169818,61.3887471201835],[-149.663614078627,61.3886471191693],[-149.6615504412,61.3885653006482],[-149.659614077628,61.3885562120996],[-149.658204985672,61.3884653032312],[-149.65437771476,61.3881562116399],[-149.651232258562,61.3877925761665],[-149.648341350973,61.3874834863739],[-149.644938235411,61.3873505530856],[-149.644850441794,61.3873471230713],[-149.641650439916,61.3874380319397],[-149.639314077683,61.3877016699961],[-149.635514077812,61.3883289426266],[-149.633277715694,61.3887562150273],[-149.630468623928,61.3892380349075],[-149.628741350933,61.3895289431063],[-149.627341352022,61.3896471257144],[-149.625577715839,61.3902925799387],[-149.622141352342,61.3912925810878],[-149.619177718377,61.3922198549624],[-149.615814082154,61.3933562176154],[-149.615334766886,61.3935588411676],[-149.612932265811,61.3945743996888],[-149.610286811087,61.3958198546027],[-149.608232265806,61.3965653098412],[-149.604359538662,61.3977562199736],[-149.600641357313,61.3989925836409],[-149.597341359816,61.4000562199187],[-149.593041359371,61.4012925853846],[-149.587923179111,61.4029107679177],[-149.584450452426,61.4041471306856],[-149.58106863371,61.4053107679776],[-149.577968636443,61.4065744053846],[-149.575532273196,61.4077016776903],[-149.572741364822,61.4086198612177],[-149.570241367345,61.4092289513551],[-149.568805003448,61.4094016787445],[-149.566423184982,61.4096834983948],[-149.561714092831,61.4101744068234],[-149.558768638662,61.4102289543029],[-149.555623184263,61.4100289531737],[-149.554050456164,61.4097289546276],[-149.55134136721,61.4089744090418],[-149.549605002069,61.4084744102659],[-149.548941366251,61.4083016828764],[-149.548650457153,61.4083471373106],[-149.544705002734,61.4089380467535],[-149.541805002998,61.409292592779],[-149.53996864044,61.4096653203983],[-149.538659548599,61.4097744117598],[-149.535568641679,61.4106925943878],[-149.533505004253,61.4116016857693],[-149.531323186016,61.4122198671532],[-149.529323187315,61.4127744134085],[-149.528341368659,61.4131016856943],[-149.528005005127,61.4133380500111],[-149.526532279841,61.4148198683423],[-149.525205007305,61.4159835038357],[-149.5249322807,61.4161653215724],[-149.523568644078,61.4167198678277],[-149.519023191667,61.4186380498062],[-149.517077736848,61.4196289597088],[-149.516568646826,61.4200107776753],[-149.516023193615,61.4207471416673],[-149.512395922034,61.4227289596738],[-149.508341378052,61.4240653252546],[-149.507814107335,61.4241380516298],[-149.506114106281,61.4249107797088],[-149.505441379216,61.4252107800535],[-149.505041377857,61.4252107800535],[-149.503177744257,61.4264471437207],[-149.501732289114,61.4272016902059],[-149.500323198956,61.4278653251247],[-149.49842320037,61.4283016896713],[-149.496195925901,61.428574418075],[-149.490532289733,61.4286835094364],[-149.488595925262,61.4289562369408],[-149.487605017158,61.4291744178652],[-149.485723200166,61.4296562368459],[-149.482505016693,61.4281289640805],[-149.481441380415,61.4284107828314],[-149.480523198687,61.4283653301959],[-149.480205014949,61.4284471469184],[-149.476668654035,61.4300653285521],[-149.474850472172,61.4314198748274],[-149.47465047374,61.431428966074],[-149.473495927695,61.4317198751722],[-149.470832292276,61.4322198748474],[-149.470023201909,61.4326289665536],[-149.469723203363,61.4329289668984],[-149.465241385182,61.4337744222518],[-149.460195932196,61.4349744227315],[-149.459077749339,61.4352835143228],[-149.455668658682,61.4360562424017],[-149.453886841804,61.4365289701359],[-149.452641385991,61.4369289696962],[-149.452150476663,61.4374198790243],[-149.45141411357,61.4378107882374],[-149.450468661699,61.4381744246101],[-149.449541387825,61.4383471519995],[-149.448541386676,61.438456243361],[-149.448232296883,61.4385653338231],[-149.446914114695,61.4388380613275],[-149.445123205671,61.4396016981599],[-149.443732298007,61.4400289705606],[-149.44160502725,61.4404653342079],[-149.440550482219,61.4409016978551],[-149.439632298692,61.4413198808079],[-149.438886844352,61.4414107896762],[-149.437277754864,61.4422380616373],[-149.435659573231,61.4433926076828],[-149.434595939651,61.4443471543977],[-149.433841394065,61.4455562452246],[-149.432868666656,61.4472562453795],[-149.431550486266,61.4485926091617],[-149.429377759276,61.4493653363413],[-149.427868669903,61.4505380630812],[-149.427214125332,61.4519744269783],[-149.426432308704,61.4532289731387],[-149.424723217303,61.4545289728339],[-149.422477764837,61.455747154008],[-149.419877766346,61.4566107918546],[-149.418432310303,61.4573471558466],[-149.417568674255,61.4577653379001],[-149.416177764792,61.4584926097462],[-149.413314130942,61.460101701932],[-149.410123222109,61.4615471561764],[-149.407923224078,61.4621835209528],[-149.406595950643,61.4625380660789],[-149.405632315379,61.4627380672081],[-149.403468678737,61.4635744304157],[-149.39968686136,61.464156248612],[-149.396014136243,61.4650471583997],[-149.393341408679,61.4660380683023],[-149.396414142998,61.4758107941329],[-149.404432331087,61.4861926110003],[-149.40716869378,61.4859471563362],[-149.409750514275,61.4858653369158],[-149.412750514125,61.48628351807],[-149.416114151247,61.4865471552271],[-149.420159603083,61.4863835172856],[-149.422323239726,61.4861835170557],[-149.4252505141,61.4866107876578],[-149.428768697018,61.4871198785796],[-149.432423242339,61.4878198775853],[-149.436750514724,61.488592604765],[-149.438750516123,61.4888926051097],[-149.439786878661,61.4889380586445],[-149.440914151867,61.4889380586445],[-149.442241422604,61.4886926039806],[-149.442932333061,61.4885289669383],[-149.443514153056,61.4886289670532],[-149.444141423888,61.4889380577452],[-149.445241426051,61.4890744219471],[-149.446068698012,61.489574420723],[-149.447632334864,61.4901107853845],[-149.449305063078,61.4910653294015],[-149.450968699146,61.4919198751022],[-149.451923244962,61.4925835118196],[-149.452059610063,61.4930380570607],[-149.452168701424,61.4935289663887],[-149.452741426576,61.4941107845851],[-149.453532338946,61.494892602112],[-149.453595975874,61.495165328717],[-149.453341429064,61.4954107842804],[-149.469950523198,61.4987835081524],[-149.476705069383,61.5001562342229],[-149.47685961428,61.5001471438757],[-149.478768705911,61.5002289605981],[-149.485900435856,61.5002376345593],[-149.486250523043,61.5002380509454],[-149.489095977098,61.5002289587995],[-149.492086886601,61.5002107772057],[-149.494605066571,61.5001289577853],[-149.495150523378,61.5001562306256],[-149.495450522823,61.5001380490318],[-149.495623250213,61.499992595382],[-149.495932340005,61.4998471399336],[-149.497368704802,61.499901684715],[-149.498486885861,61.4998562311802],[-149.500468703868,61.4997107757318],[-149.501850522084,61.4998016846001],[-149.502732342424,61.4998289574405],[-149.503877796323,61.4997380476728],[-149.50488688692,61.4996835019921],[-149.505368705901,61.499656230051],[-149.505668705346,61.4998016837008],[-149.506141433081,61.4998562302808],[-149.506623250263,61.4998016846001],[-149.507050520865,61.4996925932386],[-149.507641431207,61.4996380475579],[-149.508105067695,61.4995744106306],[-149.508350522359,61.4993925919946],[-149.511677793595,61.4992835006331],[-149.513932339106,61.4992562277927],[-149.517477795764,61.4990562275629],[-149.520572873739,61.4987564700351],[-149.5212323403,61.4986925911902],[-149.521955351159,61.4986972307926],[-149.524068704007,61.4987107718846],[-149.525693584691,61.4985369796979],[-149.527723249328,61.4983198617722],[-149.531505066705,61.4981925879176],[-149.535841430338,61.4976834969958],[-149.539686883743,61.4970562225667],[-149.543877791027,61.496201676866],[-149.546186882219,61.4954562216274],[-149.547614156668,61.4958471308404],[-149.547705063738,61.4958744036808],[-149.547777791012,61.4959016774205],[-149.548659611352,61.4963653139081],[-149.548741427175,61.4963925867485],[-149.548832337842,61.4963925867485],[-149.548877793176,61.4963562217623],[-149.548968702044,61.4959107668685],[-149.54924142775,61.4952016766161],[-149.549295971632,61.4950562229664],[-149.550232336753,61.4945198592042],[-149.550768699616,61.4944107669434],[-149.55421415436,61.4940925859042],[-149.559095973001,61.494019856831],[-149.562605064672,61.4937653118197],[-149.565123244642,61.4938107662539],[-149.566523243553,61.4936471292117],[-149.567986882089,61.4931653111303],[-149.570650516608,61.492638036816],[-149.573441425881,61.4920471282724],[-149.576986878042,61.491810764855],[-149.580805062204,61.4916016733786],[-149.584977788794,61.4916289444203],[-149.587605061924,61.4915380346526],[-149.590005061085,61.4915380337533],[-149.591359605561,61.4917471252297],[-149.591714150687,61.491965306154],[-149.592014151932,61.4922743977453],[-149.598468697772,61.4929653064038],[-149.606311993803,61.4938254198073],[-149.607505063208,61.4939562118098],[-149.607932334709,61.4939289398687],[-149.608541428444,61.4938834863339],[-149.612477788019,61.4940107583898],[-149.614386882349,61.4940653040706],[-149.614923245212,61.4944834834261],[-149.615168698077,61.494738030236],[-149.615541426596,61.4948653031913],[-149.615886881374,61.4945198493116],[-149.616068699111,61.4942016655745],[-149.61744142698,61.4937289387396],[-149.621150517083,61.492710756896],[-149.623186878072,61.4924107565512],[-149.624214151162,61.4920471201785],[-149.624377789104,61.4919925753971],[-149.625223241759,61.4915743906457],[-149.627323242374,61.4909653014076],[-149.627395969648,61.4909471189144],[-149.627459605676,61.4909289373206],[-149.627495970662,61.490901663581],[-149.627968696598,61.4905380281076],[-149.628814150153,61.490219846169],[-149.629977785646,61.4897743921745],[-149.631550512846,61.4892925740931],[-149.633332332421,61.4888380270534],[-149.635086877357,61.4884743897813],[-149.635932330912,61.4883562080726],[-149.637277785941,61.4881834806831],[-149.639468693625,61.4878834812377],[-149.643495966566,61.4870471162315],[-149.646805058007,61.486356207573],[-149.649232328209,61.4855743882475],[-149.650795965961,61.4849016611828],[-149.652741418981,61.4843380236809],[-149.655623236223,61.483165296941],[-149.657950508109,61.4824198408031],[-149.660168688634,61.4819289323744],[-149.661232325811,61.4816925680576],[-149.664532326006,61.4807743854296],[-149.668559598047,61.4794925682275],[-149.671605051432,61.4780652937783],[-149.673686866855,61.476838022257],[-149.674305050038,61.476474384985],[-149.676768685227,61.4747289303959],[-149.679741410438,61.4728380212578],[-149.682277772002,61.4717834744279],[-149.684232318966,61.4712834747526],[-149.68625050106,61.4709471103209],[-149.687195952931,61.4711107473631],[-149.689186862184,61.4708925646402],[-149.691232317118,61.4706289283824],[-149.69282322681,61.4704380193991],[-149.694077772971,61.4702925639507],[-149.695305046291,61.4701743813427],[-149.695377771767,61.4702016550823],[-149.696077772571,61.4699471091718],[-149.696177772686,61.4699107459842],[-149.696241407815,61.4698925625917],[-149.697132316703,61.4695834727991],[-149.697714134899,61.4693107452947],[-149.699305042793,61.4690016537034],[-149.70088686124,61.468701654258],[-149.703386859616,61.468028926294],[-149.705550498057,61.4674380168511],[-149.70903231419,61.4664289253546],[-149.709359587375,61.4663471068336],[-149.71195049462,61.4657016526093],[-149.712723223598,61.465538015567],[-149.713214131127,61.4653198337434],[-149.714441404447,61.4651925607881],[-149.714514130822,61.4652380161216],[-149.714741402993,61.4641925614376],[-149.715014131397,61.4629652881176],[-149.714850494355,61.4629743793642],[-149.714686857313,61.4629834706107],[-149.714532312416,61.4629107442355],[-149.714532313316,61.4627380159467],[-149.714614130937,61.4626107429914],[-149.714968676064,61.4624107418623],[-149.715341400985,61.4616561971758],[-149.716277766106,61.4604107431613],[-149.717059582734,61.4589471064239],[-149.717805036173,61.4583107416474],[-149.718432308804,61.4577834700312],[-149.719577761804,61.4571471061541],[-149.721297104578,61.4563441671497],[-149.721368671727,61.4563107429465],[-149.721497550871,61.4562701259656],[-149.722868670753,61.4558380152123],[-149.725050488989,61.4555107420272],[-149.727477761889,61.4553380146377],[-149.729941397977,61.4553289233912],[-149.73305048739,61.4552561952173],[-149.735295941654,61.4547834683824],[-149.737623215339,61.4541561939532],[-149.741095941125,61.4530471041406],[-149.744686848619,61.4516652841256],[-149.74499594021,61.4515380111703],[-149.747795938931,61.4504107379652],[-149.749605030448,61.4496834652198],[-149.75205957439,61.449019827603],[-149.753868665906,61.4484561918998],[-149.755077754934,61.447974372919],[-149.755332299946,61.4478743728041],[-149.7566050277,61.4475561908656],[-149.758468662199,61.4464561922995],[-149.761450481355,61.4446652823769],[-149.761941389783,61.4439016446452],[-149.763568659966,61.442328918345],[-149.764914113196,61.4409561913752],[-149.766286841065,61.4397652821421],[-149.767368657138,61.4388016450799],[-149.768423202169,61.4380834617824],[-149.76950502094,61.4376107358468],[-149.769786838792,61.4373380083425],[-149.770150474265,61.4369834632163],[-149.770059566296,61.4370016439108],[-149.770014110962,61.4369743719698],[-149.77002320041,61.436919826289],[-149.770041383803,61.436883462202],[-149.770914111097,61.4360834630814],[-149.771359564192,61.4354743720447],[-149.772550474325,61.4346925527192],[-149.773472196685,61.4334128759036],[-149.773486835849,61.433392553024],[-149.774605016908,61.4316380080876],[-149.775250471132,61.4302652811179],[-149.776050470253,61.4286652810779],[-149.776641376099,61.4277107361616],[-149.776786830648,61.4268289167212],[-149.776623192706,61.4258198270235],[-149.776750466561,61.4249561900762],[-149.778614101959,61.4229016429965],[-149.779823192786,61.4218198260242],[-149.780923191352,61.4208652802085],[-149.781941371397,61.4200561898413],[-149.783141370977,61.4190198246053],[-149.783950460445,61.4182834624119],[-149.785432278777,61.4173652797839],[-149.787495915304,61.4163834620272],[-149.789723187075,61.4154470969061],[-149.791850457832,61.4145652792643],[-149.793332277063,61.4139561882276],[-149.794532273945,61.4131016434262],[-149.795586819876,61.4123380056944],[-149.796886817772,61.4113834598788],[-149.798086818252,61.410447095657],[-149.799114092242,61.409674370276],[-149.800214089908,61.408783459589],[-149.800886816973,61.4083470959418],[-149.801486817662,61.4076834592243],[-149.80229590713,61.4068380047702],[-149.803159544078,61.40623800498],[-149.803514088304,61.405628913044],[-149.803868633431,61.4047470954022],[-149.804859540635,61.4032470945778],[-149.805950448854,61.4023107330539],[-149.807150448434,61.4012561871234],[-149.808614085172,61.4001743683525],[-149.809541357248,61.3994652763015],[-149.810641356713,61.3987834588896],[-149.812232264607,61.3979561851299],[-149.813268627145,61.3974380029615],[-149.813977719196,61.3971561860092],[-149.814632262869,61.3972107307907],[-149.816814081105,61.3965743678129],[-149.82048680712,61.3955652754172],[-149.825886806131,61.3944380022121],[-149.832359533566,61.3933016368611],[-149.836568623343,61.3926289097964],[-149.841714080041,61.3921289083225],[-149.84383226135,61.3919652712803],[-149.845732259936,61.3920198169611],[-149.847304987135,61.3920743617425],[-149.850068623568,61.3921652706108],[-149.85101758909,61.3921387181274],[-149.853641350368,61.3920652713952],[-149.857932258667,61.3916652691369],[-149.861477711727,61.3911470869685],[-149.864795894415,61.3903198141082],[-149.868159529738,61.3892289040907],[-149.871741347785,61.3880470861042],[-149.874950437313,61.3865107211929],[-149.877086800216,61.3852925391195],[-149.878768618777,61.3850289028616],[-149.879604981984,61.3845652672733],[-149.880704979651,61.3837289022671],[-149.881532251612,61.3829016294067],[-149.882468614935,61.3823289033563],[-149.883077705971,61.3816107209581],[-149.884014070193,61.3809925386748],[-149.884959523863,61.3801289026268],[-149.885750431737,61.3789652671334],[-149.886932249724,61.3772834476731],[-149.8878595209,61.3762016298014],[-149.887904974435,61.3762107201487],[-149.888214066026,61.3755561746778],[-149.888932246626,61.3742925390695],[-149.888859519351,61.3742925399688],[-149.888841337757,61.3742652662291],[-149.888859519351,61.3742198108956],[-149.88897770106,61.3737743560018],[-149.88932315494,61.3728379926793],[-149.890168606696,61.3710379933088],[-149.889659515774,61.3689652646353],[-149.888868605202,61.3676561745929],[-149.888750421695,61.3665925392144],[-149.889023149199,61.3649016303061],[-149.890004966956,61.3632016292518],[-149.890214055734,61.3612016296515],[-149.890259510168,61.3598743571159],[-149.890404963818,61.3597652657544],[-149.89111405407,61.3584016291319],[-149.892459506401,61.3572652646803],[-149.894568597363,61.3560925379404],[-149.895932232187,61.3546016292618],[-149.896941322784,61.3538016292418],[-149.897241322229,61.3534016296815],[-149.897795866686,61.35286526502],[-149.899323140351,61.3513834466888],[-149.901777683393,61.3492652662791],[-149.902741318657,61.3491016283375],[-149.903486773895,61.3488561736735],[-149.903250408679,61.3484016293318],[-149.908550406676,61.3422107188496],[-149.909186767855,61.3413379915551],[-149.912541311033,61.3380652642006],[-149.913468583109,61.3371652640657],[-149.91375040096,61.3369379909955],[-149.914595857213,61.3361834463091],[-149.915250400885,61.3349289001487],[-149.916414033681,61.3315834446203],[-149.916423125827,61.3306834471834],[-149.915941305946,61.3293107193143],[-149.916423122229,61.3280652644005],[-149.917595848969,61.3262289000438],[-149.9182231216,61.3251561734187],[-149.919132211183,61.3246198096566],[-149.919759483813,61.3243652628466],[-149.919823118942,61.3243561733987],[-149.919886755869,61.3243470821522],[-149.920277665082,61.3242834461242],[-149.920404938037,61.3241107178354],[-149.92014130178,61.3240834458944],[-149.919714029379,61.3240652643005],[-149.919395845642,61.3241198099813],[-149.918895845067,61.3242925355721],[-149.918332211163,61.3242561732838],[-149.918350393656,61.3239289009981],[-149.918395846291,61.3231379913253],[-149.918359482204,61.3219470820922],[-149.918177662669,61.3198379920298],[-149.917714025282,61.31846526506],[-149.917041297318,61.3170743546978],[-149.915541295594,61.3154016282826],[-149.914223111607,61.313828901083],[-149.913314022024,61.312901629007],[-149.912050386416,61.3119470840907],[-149.91155947529,61.31151981169],[-149.911204929264,61.3110743567962],[-149.911068564163,61.310510721093],[-149.910523110053,61.3095016295966],[-149.909977654145,61.3088107200388],[-149.90965038096,61.3080016305709],[-149.909704925742,61.3074925387497],[-149.910014016434,61.3065379929341],[-149.910441287036,61.3053925399338],[-149.911532196154,61.3038470846753],[-149.912123104697,61.3027561746578],[-149.912750376429,61.3014652671084],[-149.913541284303,61.3005470853797],[-149.914114013051,61.2996379930989],[-149.915250373906,61.2981561747677],[-149.916286737343,61.2967925399438],[-149.917459463184,61.2952652671784],[-149.917595827385,61.294537994433],[-149.917432189444,61.2917016307258],[-149.917704913351,61.290419811725],[-149.918432186096,61.2896470854447],[-149.918459458937,61.2895652669236],[-149.918759459282,61.2887834493967],[-149.921332183134,61.2834925390495],[-149.921513999072,61.2822743578754],[-149.920823091313,61.2805652655746],[-149.920868543948,61.2801470853198],[-149.92149581478,61.2791834482576],[-149.922395814016,61.2771743574107],[-149.922195813786,61.2762198115951],[-149.922259447116,61.2725198118399],[-149.92190490109,61.2703198129091],[-149.92219580839,61.2697379929141],[-149.921695807815,61.2679561760368],[-149.921886716799,61.2674379938684],[-149.921932171233,61.267319813059],[-149.922123078417,61.2667470861092],[-149.924032167351,61.2633925393343],[-149.924513986331,61.2630743573957],[-149.925168530004,61.2627743588496],[-149.925668530578,61.2621470853198],[-149.926223075934,61.261601630311],[-149.928368529184,61.260410721078],[-149.932423074965,61.259274355727],[-149.932859437713,61.2591470827717],[-149.933077617738,61.2590379932089],[-149.935150346411,61.2585289022871],[-149.936477617148,61.2582652651299],[-149.937423072617,61.2578470830765],[-149.937977617973,61.2576289012529],[-149.938168526057,61.257428901023],[-149.941168525907,61.2566198097564],[-149.945177616354,61.255528899739],[-149.946913979696,61.2549652631365],[-149.949086705787,61.2540743551475],[-149.951550342774,61.2535652642256],[-149.95522306879,61.2528470809281],[-149.959286704018,61.2515834444205],[-149.959859430968,61.2513288976106],[-149.959959431083,61.250947079644],[-149.96082306803,61.2502288990445],[-149.961395794081,61.2497834441507],[-149.96294124844,61.2491470793743],[-149.969604883059,61.2465561703311],[-149.969704883174,61.2465107149976],[-149.970477610353,61.2462834419273],[-149.971632153701,61.2455743507757],[-149.973123063279,61.2449288956521],[-149.974913973201,61.244201623806],[-149.976359424748,61.243337987758],[-149.977568517373,61.2424470779703],[-149.980886695565,61.2403016229216],[-149.981372212558,61.2398919691391],[-149.98146851466,61.2398107135936],[-149.982913968905,61.2388743493718],[-149.984068513151,61.2381016221922],[-149.985123058183,61.2376107128642],[-149.985904875709,61.2375198039958],[-149.986823058337,61.2374925311555],[-149.988613964663,61.2377107120798],[-149.989632148305,61.2379652579903],[-149.992113967785,61.2389743467887],[-149.993950332142,61.239465257016],[-149.996477605157,61.2401925288622],[-150.000159423319,61.2407379829716],[-150.002250333586,61.2413561652549],[-150.004577604573,61.2420016176806],[-150.007168515415,61.2421288924345],[-150.014659424693,61.2433834349976],[-150.021986696928,61.244756161068],[-150.026686697833,61.2455379776956],[-150.035723063269,61.2470197951275],[-150.038759427206,61.2475197948028],[-150.041195791353,61.2479470681027],[-150.043341247301,61.2483379764165],[-150.047659429339,61.2491197921448],[-150.050123065427,61.2493107020273],[-150.050641246696,61.2494743381702],[-150.050923066346,61.2495197926044],[-150.07482306773,61.2534925162666],[-150.099604887655,61.2554561490821],[-150.110653999682,61.2562950861494],[-150.116132159671,61.2567106907458],[-150.132659432587,61.2579197779754],[-150.143381659036,61.2580381053743],[-150.145850343019,61.2580652316252],[-150.166568525017,61.2588834096417],[-150.187295799162,61.2597106789048],[-150.204913979397,61.2595470391646],[-150.227886704208,61.2565106716302],[-150.244832157378,61.2556924882178],[-150.254323068055,61.2545015771861],[-150.266150337368,61.2512379392795],[-150.268695791078,61.2513470288424],[-150.268777609599,61.2513561209882],[-150.268923065047,61.2513561209882],[-150.273595792212,61.2515561203188],[-150.274723063618,61.2519288461394],[-150.281232156039,61.254056118695],[-150.284841246926,61.256174300004],[-150.286002274385,61.25617653392],[-150.294441248964,61.2561924788998],[-150.303668521585,61.2562106595943],[-150.303659429439,61.2558742969613],[-150.308002990346,61.2549410542863],[-150.309286703319,61.2546652043358],[-150.312250338183,61.254028841358],[-150.334595788565,61.2513015636163],[-150.362423060975,61.2497106512257],[-150.378432151722,61.2494106481829],[-150.394432152122,61.2491106460395],[-150.409732149019,61.2473288246656],[-150.42502305467,61.2455560954375],[-150.437959545097,61.2448278010622],[-150.439468801744,61.2447427521763],[-150.44890487536,61.2442106368115],[-150.468832146786,61.244628816167],[-150.484413966931,61.2472651769464],[-150.495750332312,61.2512469927545],[-150.503341242604,61.2544833551228],[-150.515695795225,61.2604924433716],[-150.528604888705,61.2671378945982],[-150.530532162829,61.2713015317403],[-150.532332165797,61.2757469849354],[-150.534632169339,61.2796924393546],[-150.539241264972,61.2847560730344],[-150.544523083174,61.2860651639762],[-150.544632173636,61.2860924359172],[-150.544732176449,61.2861106184104],[-150.548968540865,61.2897469821376],[-150.551750359791,61.2936015258898],[-150.570195814685,61.292474250886],[-150.584404904263,61.2916106112408],[-150.584304904148,61.2911651572463],[-150.585968539317,61.2896378853802],[-150.58859091384,61.2893245220091],[-150.588859447805,61.2892924288026],[-150.593104899871,61.2867287925998],[-150.592423080661,61.2846015209435],[-150.590608513172,61.2831796846947],[-150.589986717413,61.2826924302115],[-150.589504899332,61.2823106113457],[-150.591868531707,61.279483338885],[-150.596195804093,61.2787015195595],[-150.59972307466,61.2777833378308],[-150.6060161841,61.2777439772028],[-150.606986711767,61.277737881598],[-150.614495802639,61.2790651532343],[-150.617550350868,61.2811287879633],[-150.619350354735,61.2839651516705],[-150.621186716394,61.2834287879083],[-150.625950350628,61.2833287868941],[-150.628477627241,61.2844106047656],[-150.631177627645,61.2865742414082],[-150.633950355325,61.2891469679582],[-150.634386720771,61.2894287858099],[-150.636459449444,61.2907378758524],[-150.642613996739,61.2943378745933],[-150.646241271018,61.2966924193198],[-150.64696854826,61.3012287822825],[-150.648441277143,61.3055015098868],[-150.647141281945,61.3116015088027],[-150.649386737108,61.3150287819528],[-150.653114013301,61.3179105982956],[-150.653104922954,61.319556053669],[-150.646641288565,61.3232924184105],[-150.642295839981,61.3285560541187],[-150.637614023368,61.3322560547732],[-150.638677663244,61.3357196920102],[-150.640377665197,61.3398833273537],[-150.646786753906,61.3354560539538],[-150.651923112162,61.3320378711509],[-150.65261402172,61.32935605234],[-150.656286739641,61.3199651426772],[-150.660841283299,61.3147651438964],[-150.666177643583,61.3103196871039],[-150.667695823304,61.3075469621227],[-150.666159458392,61.3040651432918],[-150.663241272567,61.3000651440912],[-150.662641269179,61.2953560537389],[-150.664186722639,61.2936651448306],[-150.664413993911,61.290683325675],[-150.664595809849,61.288219689587],[-150.665123080566,61.2871469638613],[-150.667695807116,61.2819105991949],[-150.671277617968,61.2736560539838],[-150.679923067895,61.2658924154027],[-150.69052306209,61.2593015062596],[-150.697264045599,61.2566406956117],[-150.711313964168,61.2510924118853],[-150.726002799789,61.2499759413367],[-150.727459417318,61.2498651367667],[-150.733877599971,61.2496833172314],[-150.73611396209,61.2484015000293],[-150.737296791813,61.2473543780022],[-150.738650324553,61.2461560439663],[-150.745468504968,61.2438469518754],[-150.758386686097,61.2409560406888],[-150.774577590084,61.2378287660848],[-150.790768496769,61.2347105818279],[-150.800295768835,61.2327378532694],[-150.809406956066,61.2309245879994],[-150.811486676069,61.2305105796996],[-150.827313947281,61.2283923947932],[-150.830241219856,61.2290105761772],[-150.834950312907,61.2296014838215],[-150.839104854306,61.22789239242],[-150.842432126441,61.224210575158],[-150.844122911243,61.2232602129885],[-150.848868486192,61.2205923912259],[-150.87014120905,61.2147742056651],[-150.895932112377,61.208919657816],[-150.915565821705,61.2074485153368],[-150.917768476334,61.2072832900918],[-150.926486655335,61.2062741976961],[-150.926795746926,61.2063560171165],[-150.94767756237,61.2036287411735],[-150.947450289299,61.2031469212934],[-150.950522107209,61.1995507392753],[-150.951177560996,61.1987832848208],[-150.960141192862,61.1940378303816],[-150.971613917049,61.1916651013634],[-150.971704827716,61.1916469188703],[-150.971795735685,61.1916287372765],[-150.990104824578,61.18891055258],[-151.012641182145,61.1832560031621],[-151.024932088845,61.1783923661148],[-151.031735560847,61.1737747943713],[-151.034950265742,61.171592364596],[-151.035739512568,61.1709355510349],[-151.047813895795,61.1608832727449],[-151.05686843563,61.1542378170217],[-151.064161396931,61.1488981957951],[-151.065932067611,61.1476014507464],[-151.072459337129,61.1435650865595],[-151.072795699762,61.1416741801194],[-151.078522964763,61.133383269922],[-151.086795686172,61.1247559961923],[-151.095068407581,61.1161196303167],[-151.099768403989,61.110565084611],[-151.111304758808,61.0997741751381],[-151.111541124024,61.099728720704],[-151.117150210014,61.0941741749982],[-151.119959299982,61.0913923560724],[-151.119750209405,61.091119628568],[-151.120059298298,61.0899014482932],[-151.121713838623,61.0835741754079],[-151.127377470294,61.0769014459451],[-151.12875928941,61.0760559923902],[-151.130286561276,61.0746469013335],[-151.132732012173,61.072510536632],[-151.133977467086,61.0705832643063],[-151.135150192927,61.0695741737092],[-151.135932011353,61.0688287193699],[-151.137404736639,61.067101447274],[-151.139904735915,61.0649923554129],[-151.141404734941,61.0638014452805],[-151.142168370874,61.063328716647],[-151.142613824868,61.0627832643362],[-151.144950187101,61.061183263397],[-151.145686551093,61.0606378092875],[-151.148977458243,61.0580923537792],[-151.153532000102,61.0547832632371],[-151.154359272962,61.054174171301],[-151.158013815585,61.0515832622578],[-151.160995633841,61.04929235266],[-151.162386543304,61.0487014432171],[-151.16337260766,61.0480214073621],[-151.163968358153,61.0476105340989],[-151.16663199537,61.0464105336193],[-151.168341084973,61.0462287149833],[-151.171368357664,61.0454650790502],[-151.174577448091,61.04481053268],[-151.176759265428,61.044474170047],[-151.179713810844,61.0440287133545],[-151.181859264993,61.0437287130097],[-151.184731991888,61.0433196222028],[-151.187322900931,61.0430741657402],[-151.190341082375,61.0427378031072],[-151.191431992392,61.0431832571017],[-151.191531991608,61.043210529942],[-151.191613810129,61.0432196202893],[-151.1922683556,61.0431196201744],[-151.199822900906,61.0420923461849],[-151.205377444813,61.0417923458401],[-151.207968353856,61.0417378010587],[-151.211895625782,61.0411196169768],[-151.214240944364,61.0411041027722],[-151.218750171183,61.0410741616433],[-151.219668352912,61.0408650710662],[-151.23095926206,61.0406196146036],[-151.23235926277,61.0407468857602],[-151.237550171203,61.0402559773315],[-151.239513806717,61.0403014317657],[-151.243095624763,61.0402014307515],[-151.252404716804,61.0399741558826],[-151.279550166407,61.0369196067545],[-151.282359259073,61.0366832424377],[-151.293650164623,61.0357196053756],[-151.303941071723,61.0329741478387],[-151.307822889215,61.031010511426],[-151.30935739163,61.0295413033885],[-151.312104705368,61.0269105112112],[-151.312677432318,61.0263650571018],[-151.319495610934,61.021983238136],[-151.325359242835,61.0182105093076],[-151.330941059582,61.0151286909364],[-151.337995606112,61.0132559615934],[-151.340913785643,61.0115741439316],[-151.344650146787,61.0108559624328],[-151.349031965753,61.0100105070793],[-151.362268327022,61.0094105036919],[-151.3794683288,61.0107286840816],[-151.39666832968,61.0120468617733],[-151.414913783444,61.0127650405742],[-151.425141058113,61.0131104935545],[-151.444713782615,61.0131468540441],[-151.459731965258,61.0125741243964],[-151.467877420906,61.012428668948],[-151.474631965293,61.0115195766672],[-151.480322871603,61.0109013952832],[-151.4907683227,61.0068195739642],[-151.492904688301,61.0065559377064],[-151.498377410989,61.0030650294276],[-151.508577411019,61.001737754194],[-151.516677406837,60.9994468436969],[-151.523277407227,60.9974013878638],[-151.529259222635,60.9951741151933],[-151.538250130939,60.9918377491129],[-151.548486487861,60.9870741121806],[-151.561713758783,60.9812013818383],[-151.573722845833,60.9758741083035],[-151.58267738915,60.9731104709715],[-151.591641021916,60.9700377420482],[-151.594041021976,60.9689286522355],[-151.59765920231,60.9669559227777],[-151.603104653957,60.9635741040617],[-151.610886471433,60.9605013760377],[-151.616250104559,60.9591195578214],[-151.621031923085,60.9574559208541],[-151.625295556745,60.954055919645],[-151.628941008121,60.9512286471844],[-151.631913735131,60.950401374324],[-151.634968278863,60.9481377357679],[-151.637368277124,60.9467286447112],[-151.639241003769,60.944446829058],[-151.641086456675,60.9421831914012],[-151.651322816295,60.9368286441267],[-151.65911372232,60.9331831891529],[-151.663277357664,60.9320740966423],[-151.66625917592,60.9309650068296],[-151.670504627986,60.9281377325703],[-151.67295008338,60.9258650045664],[-151.679540988026,60.9224922779963],[-151.68610462343,60.9202650044265],[-151.689095531134,60.9188559115711],[-151.692668257034,60.9177468208591],[-151.712913705903,60.9091468190705],[-151.72181370264,60.9053922718359],[-151.720840974331,60.9042559091829],[-151.726922788056,60.8991559069196],[-151.736040963919,60.8915104518459],[-151.755150051034,60.8830831774467],[-151.765931864764,60.8777377214188],[-151.773104587607,60.8740740830526],[-151.783295492793,60.8687104463301],[-151.791722762695,60.8630649908567],[-151.79777730358,60.8576649900473],[-151.800286392303,60.8536740802946],[-151.798513658578,60.8462013544091],[-151.796750018798,60.8387377188707],[-151.792077285338,60.8305195368472],[-151.787413644024,60.8223104487682],[-151.777753758829,60.8109609397956],[-151.77733181671,60.8104649960628],[-151.776045350013,60.8093602176],[-151.769404540187,60.8036559068946],[-151.761486354911,60.7968468177265],[-151.751840894841,60.7887286394152],[-151.744549981297,60.7806377312464],[-151.741790864857,60.7772268221602],[-151.738704521996,60.7734104600248],[-151.732859061796,60.7661922800497],[-151.721659051624,60.7537559179013],[-151.716122685713,60.7461104646263],[-151.71250441095,60.7411083032057],[-151.710586316206,60.738455921004],[-151.703822675176,60.7323741045813],[-151.702859037215,60.7277831950385],[-151.703577216016,60.7243468333397],[-151.704286306268,60.7214922871394],[-151.705577211119,60.718055923642],[-151.708659026793,60.7143559229875],[-151.710468118309,60.7126559228327],[-151.712877206018,60.710955923577],[-151.716404478384,60.7104195589156],[-151.722231751594,60.7104741027977],[-151.737377207192,60.7114741012488],[-151.744340843055,60.7124013724255],[-151.749513571694,60.7141740989555],[-151.751954339821,60.7165025030881],[-151.75345902971,60.7179377338394],[-151.760322668157,60.721446823712],[-151.771886305708,60.7244104576765],[-151.784059033398,60.7268195471844],[-151.787695934919,60.7272660120169],[-151.791613579603,60.7277468192603],[-151.79744994316,60.7280831809941],[-151.803831762626,60.7290013609241],[-151.806495398044,60.7300195427678],[-151.80844994411,60.730764997107],[-151.811304493008,60.7322195416986],[-151.81570823115,60.7356903069622],[-151.817568129865,60.7371559042217],[-151.822622680392,60.7423559030026],[-151.831204502386,60.7473013549736],[-151.838140866308,60.7493649906019],[-151.845622685239,60.7525922617236],[-151.85198632311,60.7540740791555],[-151.85727723076,60.7535468057405],[-151.860204504234,60.7532831685834],[-151.862613593742,60.7515922587758],[-151.864977229715,60.7504558952235],[-151.864214581238,60.7496735587878],[-151.862168136151,60.747574077082],[-151.85756813626,60.7452468060953],[-151.853068133787,60.7409013530151],[-151.849659040432,60.7382922632774],[-151.847986311319,60.7356922629876],[-151.848449946008,60.7344740809141],[-151.848640855891,60.7339740803396],[-151.857495399993,60.7314740801647],[-151.870495394247,60.7272831692829],[-151.878731757864,60.7256286226628],[-151.882240847737,60.725374075853],[-151.885131758024,60.7259740756431],[-151.886868123165,60.7265558929402],[-151.888049940253,60.725992257237],[-151.888668120737,60.7248558936846],[-151.894595392264,60.7226195288682],[-151.899877208666,60.7215104372569],[-151.902240846438,60.7209558919009],[-151.904013572069,60.7206831643966],[-151.906331753608,60.7209922541892],[-151.909859026873,60.7201558900823],[-151.916940841746,60.7179195261652],[-151.919977203885,60.7148013428078],[-151.92654083659,60.7102558876991],[-151.937768107912,60.7066286143191],[-151.945413561187,60.7046740682537],[-151.949513558704,60.7041377035922],[-151.951868105229,60.7032922482387],[-151.954849921687,60.7013104302322],[-151.957222648906,60.7004740661253],[-151.961931739258,60.6990740663152],[-151.975568095591,60.6925922458356],[-151.986840820447,60.6863649712665],[-151.992777182321,60.6832558800549],[-151.998649907267,60.6818649687933],[-152.001549907003,60.6821740603846],[-152.00386809034,60.6830558780264],[-152.005604453683,60.6830649683736],[-152.007377180213,60.6825013317711],[-152.008004451045,60.6810740591206],[-152.008077178319,60.6787831504221],[-152.007549904005,60.6770558783262],[-152.014040810335,60.6742376944141],[-152.021731718044,60.6711467847963],[-152.027031715142,60.6688922383861],[-152.031768078334,60.6666286016287],[-152.037086257924,60.6643740561179],[-152.041804437725,60.6626831463102],[-152.044713529606,60.6624286003997],[-152.046336003704,60.6629694256985],[-152.046458985094,60.6630104167974],[-152.051822620018,60.6623467800799],[-152.055313525599,60.6590558711316],[-152.052480927353,60.656755515055],[-152.052458980298,60.6567376895928],[-152.049595341951,60.6552922353484],[-152.047331704295,60.6532740550537],[-152.047404429771,60.6506831460104],[-152.048649881986,60.6481195098076],[-152.052222607887,60.645564963952],[-152.055768062746,60.6438649628978],[-152.061640787692,60.6424740534349],[-152.064040785054,60.6396285993804],[-152.069368055891,60.6367922338745],[-152.071722602416,60.6356649606694],[-152.074095326938,60.6345285962178],[-152.074204414702,60.6308104157681],[-152.077849866078,60.6253922333649],[-152.08030441092,60.6213922341643],[-152.082740768771,60.6173922340644],[-152.086977131389,60.6116831416637],[-152.09238621715,60.6057104148039],[-152.09659530423,60.6008649602498],[-152.099049847273,60.5965740501524],[-152.100286209141,60.5937195048513],[-152.101504390315,60.5917285955983],[-152.106213479768,60.5900376866899],[-152.109722567842,60.5891922313365],[-152.116486204375,60.588474048039],[-152.134977108307,60.5799922270597],[-152.134977108307,60.5799104103372],[-152.136186198234,60.5784740446415],[-152.140286196651,60.5770740448314],[-152.148458922441,60.5759831348139],[-152.151358923975,60.576001314609],[-152.153713469601,60.5762467710717],[-152.154249831564,60.5763013149538],[-152.159477104984,60.5766194968923],[-152.163540742012,60.5769376779315],[-152.169395286263,60.5755376772221],[-152.174631649131,60.5749922222133],[-152.186922555831,60.5716285832925],[-152.195104372868,60.5696740372271],[-152.205704369761,60.5645740349638],[-152.220958907727,60.5583558516413],[-152.236831628877,60.5504194856708],[-152.25034071765,60.5439013029028],[-152.26152253094,60.5382376649363],[-152.265640712749,60.5356740287335],[-152.266813436791,60.5345376651812],[-152.268613434362,60.5322558450313],[-152.271577071025,60.5294013006296],[-152.273931615751,60.5285558461754],[-152.276267977985,60.5277103908219],[-152.279186160213,60.5265831167175],[-152.282122521337,60.5257376622633],[-152.286258882042,60.5223194803598],[-152.290995241637,60.5180467518562],[-152.30216796458,60.5109376596453],[-152.309240690006,60.5063831141894],[-152.315167957935,60.4998285682339],[-152.318804317165,60.4932467503373],[-152.320004315846,60.4906740219886],[-152.320640677925,60.4881012963378],[-152.320104312364,60.4860831142444],[-152.321913402082,60.483228568044],[-152.328422489107,60.4772467490383],[-152.331386123071,60.47352856679],[-152.333249754872,60.4678103849413],[-152.333395204925,60.4606467488484],[-152.332977016576,60.4526103872596],[-152.330286101123,60.4431376608744],[-152.326288018377,60.4356486176896],[-152.325840641632,60.4348103883888],[-152.317931545804,60.4255922097128],[-152.312249724445,60.4204013003798],[-152.305976992744,60.4163649397902],[-152.301976994443,60.4143285761029],[-152.295086081358,60.4122922142143],[-152.289913356316,60.4105376692781],[-152.278967900148,60.4087649436473],[-152.269213351415,60.405837671971],[-152.261195168722,60.4023558558382],[-152.252031530331,60.3982922224082],[-152.246876983286,60.3965467687185],[-152.24060972396,60.3957303929433],[-152.239967892204,60.3956467685836],[-152.235358800168,60.3947558605946],[-152.234222436616,60.3938922254459],[-152.240067888722,60.3913467699375],[-152.251140613349,60.3873922242718],[-152.259276975052,60.3851467664102],[-152.273295153848,60.3789194918411],[-152.279095150621,60.3772285820335],[-152.287858784955,60.372974036023],[-152.294840600613,60.3707194887135],[-152.300649693129,60.3696103989008],[-152.304731508153,60.3676194887485],[-152.307640598235,60.3664922137447],[-152.30825877872,60.3647740328954],[-152.308276961213,60.3636194877492],[-152.30940423172,60.3628649412641],[-152.309440595807,60.3628194877292],[-152.3094587783,60.3627740341944],[-152.309458779199,60.3627285779615],[-152.309422414213,60.3625922137597],[-152.309431502762,60.3625376689783],[-152.309467867748,60.3625103961379],[-152.309549686269,60.3624831250962],[-152.309613323196,60.3624922154435],[-152.309786050586,60.3625376689783],[-152.311449685754,60.3622467598801],[-152.312995140114,60.3619740332751],[-152.312940595332,60.3619285788409],[-152.313540594223,60.360783124042],[-152.314722413109,60.3596376692431],[-152.315876958255,60.3590740317412],[-152.325131501917,60.3588376683238],[-152.339013320109,60.3580467559531],[-152.352313318305,60.3561013002349],[-152.3627587721,60.3541467523708],[-152.366231496986,60.3533012979166],[-152.371495129996,60.3501740233126],[-152.376767856951,60.3456194778567],[-152.377413306679,60.3418922061604],[-152.377467852359,60.339319478711],[-152.379840576881,60.3364558430628],[-152.383376935997,60.3321740242119],[-152.386358751555,60.3278922062603],[-152.385331474868,60.3210012967725],[-152.386004200134,60.3158467506271],[-152.38842237819,60.3104103866301],[-152.389604192579,60.3075922072147],[-152.390222373963,60.3061194783313],[-152.392031462782,60.3021103869849],[-152.39553145871,60.299546750782],[-152.399031460034,60.297274022778],[-152.4037041854,60.2938558408744],[-152.407804182917,60.290428566825],[-152.411304179744,60.2878649324207],[-152.42114963195,60.2853376567076],[-152.434967814113,60.2853921996903],[-152.444185994588,60.2857194710768],[-152.451113268163,60.2848831069699],[-152.456313266044,60.2840467419636],[-152.462704174958,60.2812103791557],[-152.468495079584,60.2789376502524],[-152.472540535917,60.2780921948989],[-152.481813262072,60.2746831033426],[-152.495740529302,60.2684285550338],[-152.507922341943,60.2624649176219],[-152.518824706195,60.2568514834093],[-152.519522337286,60.2564921889634],[-152.525079041365,60.2532094611478],[-152.529443188652,60.3072290393887],[-152.484917578783,60.4367383037298],[-152.465736947902,60.5606921347343],[-152.426867505331,60.6857676892275],[-152.42631562017,60.685696578934],[-152.413757684969,60.6840862483817],[-152.404311615389,60.679120138084],[-152.388336713269,60.6739659381776],[-152.378066702816,60.6733438330515],[-152.374404649055,60.6758770119146],[-152.381622641072,60.6847395339024],[-152.392043693562,60.6913007195526],[-152.400497681423,60.6937616468825],[-152.421050611197,60.6952298206997],[-152.423370721781,60.6951458339132],[-152.423959755238,60.6951243572034],[-152.415781868239,60.7214394690563],[-152.415222674287,60.7213848793088],[-152.407745681118,60.7206637003695],[-152.411117719707,60.7249820568765],[-152.406631725973,60.7314062829736],[-152.400604634196,60.7330422621907],[-152.399978673677,60.7449217659268],[-152.406158651101,60.7487640312351],[-152.406707665626,60.748760006769],[-152.407292651235,60.748756390595],[-152.374496477031,60.854289151823],[-152.277014364022,60.8916692901057],[-152.188261845108,60.9156050251518],[-152.118247921404,61.0356134188243],[-152.057158011733,61.1056004051346],[-151.97840343587,61.1682684109584],[-151.791962032722,61.2054465848921],[-151.761920073652,61.2690944200715],[-151.82568910237,61.3123678193194],[-151.810439693237,61.3128733228456],[-151.780059652031,61.3165774540863],[-151.762466707672,61.3136362438177],[-151.756316569754,61.3182134342027],[-151.722625678033,61.3257896675591],[-151.719329579097,61.3319550606776],[-151.712737714874,61.3447495328647],[-151.716583667402,61.3502237538232],[-151.733901685414,61.3484047140064],[-151.740356589185,61.349281627645],[-151.737991718443,61.3527120061542],[-151.727065571619,61.3559199283621],[-151.731841581424,61.3588800810509],[-151.751388682442,61.3631944139911],[-151.803268638637,61.3647132151428],[-151.815139594317,61.3619513782535],[-151.829879673308,61.3607841139957],[-151.85551471783,61.3547940706899],[-151.868362667303,61.3561370193081],[-151.878799644988,61.3533750151449],[-151.885891667167,61.3532210314255],[-151.894626534887,61.3591484756217],[-151.91473305019,61.4342043791289],[-151.908706611321,61.4311522033116],[-151.893920598557,61.4302749533265],[-151.863891592423,61.4321711073108],[-151.856689692875,61.4273909075644],[-151.853774634891,61.4210045681064],[-151.8441926112,61.4155456023477],[-151.834152599663,61.4128261783855],[-151.824630590429,61.4130744497261],[-151.81370561812,61.4187994574291],[-151.800353580653,61.4165413721867],[-151.788925693966,61.4192995209562],[-151.781768721849,61.4181706469578],[-151.779403684732,61.4204557208549],[-151.770889683312,61.428688090583],[-151.775695698098,61.4355283952193],[-151.777328660989,61.4453705927787],[-151.784835660937,61.4462436519231],[-151.791061571235,61.4489719620864],[-151.79483057687,61.4534348216598],[-151.806854584571,61.4548810358312],[-151.811660601156,61.4585281689399],[-151.812194695928,61.464917527422],[-151.817031723835,61.471986823733],[-151.822784560159,61.4742568106034],[-151.851928604621,61.4762560619677],[-151.860061565089,61.4785218579974],[-151.866805644965,61.483984177328],[-151.873504629235,61.4855673510525],[-151.881591656829,61.4823550698306],[-151.88397262094,61.4812070852389],[-151.885574569811,61.4811269538459],[-151.887026101673,61.4810558156734],[-151.884026688181,61.4849708703095],[-151.782633625941,61.5162457522397],[-151.676919145902,61.5487119148231],[-151.594982988074,61.6007503837233],[-151.589244548997,61.6871722340114],[-151.643516012954,61.7640325921305],[-151.74110425136,61.8709870726953],[-151.804089628833,61.924024004904],[-151.963364761275,61.9371187454338],[-152.036328967608,61.9430535901511],[-152.083952455042,62.0016999887635],[-152.01151652217,62.0850557003603],[-151.993037137654,62.1536260044366],[-151.999956658173,62.2025457207085],[-152.001884640064,62.2161234133649],[-152.109648463706,62.2964505392611],[-152.119990208581,62.3223495743734],[-152.136495717004,62.3636122199281],[-152.081862079871,62.4176547128947],[-151.90602592026,62.4622855722214],[-151.71643999531,62.4077098397374],[-151.542158702362,62.3786284339551],[-151.412607811102,62.387374991063],[-151.40523941107,62.465997896286],[-151.293061116777,62.4966764017946],[-151.287772223609,62.4981189683158],[-151.287582606952,62.4964124696598],[-151.286834605732,62.4897334341507],[-151.278991658638,62.4831028460196],[-151.271133625416,62.479890732971],[-151.26028459186,62.4794139699788],[-151.240020670917,62.483472990786],[-151.217315604132,62.4847889489509],[-151.211913634706,62.4829499603724],[-151.17721557334,62.4974623867798],[-151.172225658887,62.5010977864338],[-151.172103618187,62.50160891432],[-151.171654976996,62.5033741081286],[-151.164699870303,62.503549761912],[-151.126616783238,62.5001620148652],[-151.064516178579,62.4946377493327],[-150.980473320188,62.4871021563395],[-150.957190474061,62.4301576329684],[-150.852340241609,62.4064485891311],[-150.668888182244,62.5045667053892],[-150.487670322128,62.6389642284165],[-150.481960265654,62.6432086579533],[-150.471535239959,62.6509578462277],[-150.470550558761,62.6505223090574],[-150.469909679388,62.6504073100494],[-150.461196691274,62.6488511249795],[-150.446319650931,62.6487369641396],[-150.44084157368,62.6493811970846],[-150.403442695324,62.6543293704042],[-150.369628589288,62.6693371667769],[-150.367843578918,62.6770773519383],[-150.38267569183,62.691569829584],[-150.40196261898,62.7008665343631],[-150.403383885958,62.70155172783],[-150.393885976756,62.7085776768184],[-150.393096695756,62.7091615373751],[-150.32113990908,62.7623905917525],[-150.181262047905,62.8544370098602],[-150.174092030223,62.8591379721398],[-150.001155139198,62.9326459517494],[-149.993885863342,62.9345483524246],[-149.993759575144,62.9341996079256],[-149.994048583076,62.9327726734202],[-149.998489651176,62.9105314607584],[-149.988693721038,62.9063202251983],[-149.966766662252,62.9047102291938],[-149.955734568995,62.90504617634],[-149.953643619158,62.9068464410105],[-149.958389620385,62.9116874933832],[-149.951705723141,62.915036734158],[-149.931197719899,62.9241584236724],[-149.92788670121,62.9300524103905],[-149.933517664109,62.9486422982035],[-149.933996477555,62.9502216552053],[-149.92607502774,62.9522947319164],[-149.831061652673,62.9771601303358]]]]},"properties":{"FID":176,"OBJECTID":177,"ECO_NAME":"Cook Inlet taiga","BIOME_NUM":6,"BIOME_NAME":"Boreal Forests/Taiga","REALM":"Nearctic","ECO_BIOME_":"NE06","NNH":2,"ECO_ID":371,"SHAPE_LENG":23.7138031949,"NNH_NAME":"Nature Could Reach Half Protected","COLOR":"#9D83C4","COLOR_BIO":"#7AB6F5","COLOR_NNH":"#7BC141","LICENSE":"CC-BY 4.0","Shape__Area":4.7171738409606405,"Shape__Length":23.713803196194217}}]}