location_id,country,location_name,atlas_parent_id,source_feature_id,source_name,normalized_name_match,source_match_count,atlas_geometry_type,atlas_polygon_parts,atlas_vertex_count,atlas_closed_ring_count,source_geometry_type,source_polygon_parts,source_vertex_count,source_closed_ring_count,zambia_2022_name_match_count,zambia_2022_province_field,zambia_2022_prov_code,zambia_2022_dist_code,parent_review_status,semantic_classification,classification_basis,boundary_evidence_status,assessment_note
gb:MOZ:ADM2:85939544B11916103118899,MOZ,Lago Niassa,framework:province:niassa:ccaf40c6a080,85939544B11916103118899,Lago Niassa,true,1,Polygon,1,150,3,Polygon,1,3197,3,,,,,atlas_parent_only_no_redistributable_row_level_INE_confirmation,insufficient-evidence,"The source labels ADM2 as districts, but 159-versus-161 completeness, current parent membership, and license chain are unresolved.",insufficient-evidence,"Exact stable-ID/normalized-name join only. INE reports 161 districts; the 2019 geoBoundaries/OCHA source has 159. Roster, vintage and license remain unresolved."
gb:MOZ:ADM2:85939544B12924931865401,MOZ,Ancuabe,framework:province:cabo-delgado:6fb56db3485a,85939544B12924931865401,Ancuabe,true,1,Polygon,1,125,1,Polygon,1,3414,1,,,,,atlas_parent_only_no_redistributable_row_level_INE_confirmation,insufficient-evidence,"The source labels ADM2 as districts, but 159-versus-161 completeness, current parent membership, and license chain are unresolved.",insufficient-evidence,"Exact stable-ID/normalized-name join only. INE reports 161 districts; the 2019 geoBoundaries/OCHA source has 159. Roster, vintage and license remain unresolved."
gb:MOZ:ADM2:85939544B1529593178446,MOZ,Ngauma,framework:province:niassa:ccaf40c6a080,85939544B1529593178446,Ngauma,true,1,Polygon,1,80,1,Polygon,1,1733,1,,,,,atlas_parent_only_no_redistributable_row_level_INE_confirmation,insufficient-evidence,"The source labels ADM2 as districts, but 159-versus-161 completeness, current parent membership, and license chain are unresolved.",insufficient-evidence,"Exact stable-ID/normalized-name join only. INE reports 161 districts; the 2019 geoBoundaries/OCHA source has 159. Roster, vintage and license remain unresolved."
gb:MOZ:ADM2:85939544B1665883546251,MOZ,Erati,framework:province:nampula:ef47173f58c0,85939544B1665883546251,Erati,true,1,Polygon,1,150,1,Polygon,1,3508,1,,,,,atlas_parent_only_no_redistributable_row_level_INE_confirmation,insufficient-evidence,"The source labels ADM2 as districts, but 159-versus-161 completeness, current parent membership, and license chain are unresolved.",insufficient-evidence,"Exact stable-ID/normalized-name join only. INE reports 161 districts; the 2019 geoBoundaries/OCHA source has 159. Roster, vintage and license remain unresolved."
gb:MOZ:ADM2:85939544B16952446601864,MOZ,Majune,framework:province:niassa:ccaf40c6a080,85939544B16952446601864,Majune,true,1,Polygon,1,213,1,Polygon,1,4958,1,,,,,atlas_parent_only_no_redistributable_row_level_INE_confirmation,insufficient-evidence,"The source labels ADM2 as districts, but 159-versus-161 completeness, current parent membership, and license chain are unresolved.",insufficient-evidence,"Exact stable-ID/normalized-name join only. INE reports 161 districts; the 2019 geoBoundaries/OCHA source has 159. Roster, vintage and license remain unresolved."
gb:MOZ:ADM2:85939544B172449318268,MOZ,Lugela,framework:province:zambezia:50b5e3b5fddb,85939544B172449318268,Lugela,true,1,Polygon,1,148,1,Polygon,1,4705,1,,,,,atlas_parent_only_no_redistributable_row_level_INE_confirmation,insufficient-evidence,"The source labels ADM2 as districts, but 159-versus-161 completeness, current parent membership, and license chain are unresolved.",insufficient-evidence,"Exact stable-ID/normalized-name join only. INE reports 161 districts; the 2019 geoBoundaries/OCHA source has 159. Roster, vintage and license remain unresolved."
gb:MOZ:ADM2:85939544B17350721147016,MOZ,Dondo,framework:province:sofala:8f4ddef300af,85939544B17350721147016,Dondo,true,1,Polygon,1,93,1,Polygon,1,7962,1,,,,,atlas_parent_only_no_redistributable_row_level_INE_confirmation,insufficient-evidence,"The source labels ADM2 as districts, but 159-versus-161 completeness, current parent membership, and license chain are unresolved.",insufficient-evidence,"Exact stable-ID/normalized-name join only. INE reports 161 districts; the 2019 geoBoundaries/OCHA source has 159. Roster, vintage and license remain unresolved."
gb:MOZ:ADM2:85939544B17838134976629,MOZ,Nangade,framework:province:cabo-delgado:6fb56db3485a,85939544B17838134976629,Nangade,true,1,Polygon,1,54,1,Polygon,1,1196,1,,,,,atlas_parent_only_no_redistributable_row_level_INE_confirmation,insufficient-evidence,"The source labels ADM2 as districts, but 159-versus-161 completeness, current parent membership, and license chain are unresolved.",insufficient-evidence,"Exact stable-ID/normalized-name join only. INE reports 161 districts; the 2019 geoBoundaries/OCHA source has 159. Roster, vintage and license remain unresolved."
gb:MOZ:ADM2:85939544B19130781251351,MOZ,Govuro,framework:province:inhambane:5602ec2e3c47,85939544B19130781251351,Govuro,true,1,Polygon,1,126,1,MultiPolygon,2,3834,2,,,,,atlas_parent_only_no_redistributable_row_level_INE_confirmation,insufficient-evidence,"The source labels ADM2 as districts, but 159-versus-161 completeness, current parent membership, and license chain are unresolved.",insufficient-evidence,"Exact stable-ID/normalized-name join only. INE reports 161 districts; the 2019 geoBoundaries/OCHA source has 159. Roster, vintage and license remain unresolved."
gb:MOZ:ADM2:85939544B19302565001464,MOZ,Cidade De Inhambane,framework:province:inhambane:5602ec2e3c47,85939544B19302565001464,Cidade De Inhambane,true,1,Polygon,1,26,1,Polygon,1,690,1,,,,,atlas_parent_only_no_redistributable_row_level_INE_confirmation,insufficient-evidence,"The source labels ADM2 as districts, but 159-versus-161 completeness, current parent membership, and license chain are unresolved.",insufficient-evidence,"Exact stable-ID/normalized-name join only. INE reports 161 districts; the 2019 geoBoundaries/OCHA source has 159. Roster, vintage and license remain unresolved."
gb:MOZ:ADM2:85939544B20117006553770,MOZ,Gondola,framework:province:manica:63592fec6972,85939544B20117006553770,Gondola,true,1,Polygon,1,69,1,Polygon,1,1747,1,,,,,atlas_parent_only_no_redistributable_row_level_INE_confirmation,insufficient-evidence,"The source labels ADM2 as districts, but 159-versus-161 completeness, current parent membership, and license chain are unresolved.",insufficient-evidence,"Exact stable-ID/normalized-name join only. INE reports 161 districts; the 2019 geoBoundaries/OCHA source has 159. Roster, vintage and license remain unresolved."
gb:MOZ:ADM2:85939544B2234925194697,MOZ,Muembe,framework:province:niassa:ccaf40c6a080,85939544B2234925194697,Muembe,true,1,Polygon,1,163,1,Polygon,1,4232,1,,,,,atlas_parent_only_no_redistributable_row_level_INE_confirmation,insufficient-evidence,"The source labels ADM2 as districts, but 159-versus-161 completeness, current parent membership, and license chain are unresolved.",insufficient-evidence,"Exact stable-ID/normalized-name join only. INE reports 161 districts; the 2019 geoBoundaries/OCHA source has 159. Roster, vintage and license remain unresolved."
gb:MOZ:ADM2:85939544B22682737370097,MOZ,Balama,framework:province:cabo-delgado:6fb56db3485a,85939544B22682737370097,Balama,true,1,Polygon,1,126,1,Polygon,1,3364,1,,,,,atlas_parent_only_no_redistributable_row_level_INE_confirmation,insufficient-evidence,"The source labels ADM2 as districts, but 159-versus-161 completeness, current parent membership, and license chain are unresolved.",insufficient-evidence,"Exact stable-ID/normalized-name join only. INE reports 161 districts; the 2019 geoBoundaries/OCHA source has 159. Roster, vintage and license remain unresolved."
gb:MOZ:ADM2:85939544B2345621089228,MOZ,Macomia,framework:province:cabo-delgado:6fb56db3485a,85939544B2345621089228,Macomia,true,1,Polygon,1,110,1,MultiPolygon,10,3692,10,,,,,atlas_parent_only_no_redistributable_row_level_INE_confirmation,insufficient-evidence,"The source labels ADM2 as districts, but 159-versus-161 completeness, current parent membership, and license chain are unresolved.",insufficient-evidence,"Exact stable-ID/normalized-name join only. INE reports 161 districts; the 2019 geoBoundaries/OCHA source has 159. Roster, vintage and license remain unresolved."
gb:MOZ:ADM2:85939544B24654814708458,MOZ,Milange,framework:province:zambezia:50b5e3b5fddb,85939544B24654814708458,Milange,true,1,Polygon,1,194,2,Polygon,1,4427,1,,,,,atlas_parent_only_no_redistributable_row_level_INE_confirmation,insufficient-evidence,"The source labels ADM2 as districts, but 159-versus-161 completeness, current parent membership, and license chain are unresolved.",insufficient-evidence,"Exact stable-ID/normalized-name join only. INE reports 161 districts; the 2019 geoBoundaries/OCHA source has 159. Roster, vintage and license remain unresolved."
gb:MOZ:ADM2:85939544B24800488676804,MOZ,Mossurize,framework:province:manica:63592fec6972,85939544B24800488676804,Mossurize,true,1,Polygon,1,150,2,Polygon,1,2439,1,,,,,atlas_parent_only_no_redistributable_row_level_INE_confirmation,insufficient-evidence,"The source labels ADM2 as districts, but 159-versus-161 completeness, current parent membership, and license chain are unresolved.",insufficient-evidence,"Exact stable-ID/normalized-name join only. INE reports 161 districts; the 2019 geoBoundaries/OCHA source has 159. Roster, vintage and license remain unresolved."
gb:MOZ:ADM2:85939544B24973508625893,MOZ,Nicoadala,framework:province:zambezia:50b5e3b5fddb,85939544B24973508625893,Nicoadala,true,1,Polygon,1,98,1,Polygon,1,3102,1,,,,,atlas_parent_only_no_redistributable_row_level_INE_confirmation,insufficient-evidence,"The source labels ADM2 as districts, but 159-versus-161 completeness, current parent membership, and license chain are unresolved.",insufficient-evidence,"Exact stable-ID/normalized-name join only. INE reports 161 districts; the 2019 geoBoundaries/OCHA source has 159. Roster, vintage and license remain unresolved."
gb:MOZ:ADM2:85939544B25886081823580,MOZ,Chibabava,framework:province:sofala:8f4ddef300af,85939544B25886081823580,Chibabava,true,1,Polygon,1,131,1,Polygon,1,5471,1,,,,,atlas_parent_only_no_redistributable_row_level_INE_confirmation,insufficient-evidence,"The source labels ADM2 as districts, but 159-versus-161 completeness, current parent membership, and license chain are unresolved.",insufficient-evidence,"Exact stable-ID/normalized-name join only. INE reports 161 districts; the 2019 geoBoundaries/OCHA source has 159. Roster, vintage and license remain unresolved."
gb:MOZ:ADM2:85939544B26201267157646,MOZ,Moma,framework:province:nampula:ef47173f58c0,85939544B26201267157646,Moma,true,1,Polygon,1,121,1,Polygon,1,3023,1,,,,,atlas_parent_only_no_redistributable_row_level_INE_confirmation,insufficient-evidence,"The source labels ADM2 as districts, but 159-versus-161 completeness, current parent membership, and license chain are unresolved.",insufficient-evidence,"Exact stable-ID/normalized-name join only. INE reports 161 districts; the 2019 geoBoundaries/OCHA source has 159. Roster, vintage and license remain unresolved."
gb:MOZ:ADM2:85939544B26264863650897,MOZ,Larde,framework:province:nampula:ef47173f58c0,85939544B26264863650897,Larde,true,1,Polygon,1,63,1,Polygon,1,1479,1,,,,,atlas_parent_only_no_redistributable_row_level_INE_confirmation,insufficient-evidence,"The source labels ADM2 as districts, but 159-versus-161 completeness, current parent membership, and license chain are unresolved.",insufficient-evidence,"Exact stable-ID/normalized-name join only. INE reports 161 districts; the 2019 geoBoundaries/OCHA source has 159. Roster, vintage and license remain unresolved."
gb:MOZ:ADM2:85939544B26352047498043,MOZ,Maganja Da Costa,framework:province:zambezia:50b5e3b5fddb,85939544B26352047498043,Maganja Da Costa,true,1,Polygon,1,94,1,MultiPolygon,2,4031,2,,,,,atlas_parent_only_no_redistributable_row_level_INE_confirmation,insufficient-evidence,"The source labels ADM2 as districts, but 159-versus-161 completeness, current parent membership, and license chain are unresolved.",insufficient-evidence,"Exact stable-ID/normalized-name join only. INE reports 161 districts; the 2019 geoBoundaries/OCHA source has 159. Roster, vintage and license remain unresolved."
gb:MOZ:ADM2:85939544B26392807278532,MOZ,Mecanhelas,framework:province:niassa:ccaf40c6a080,85939544B26392807278532,Mecanhelas,true,1,Polygon,1,83,1,Polygon,1,2147,1,,,,,atlas_parent_only_no_redistributable_row_level_INE_confirmation,insufficient-evidence,"The source labels ADM2 as districts, but 159-versus-161 completeness, current parent membership, and license chain are unresolved.",insufficient-evidence,"Exact stable-ID/normalized-name join only. INE reports 161 districts; the 2019 geoBoundaries/OCHA source has 159. Roster, vintage and license remain unresolved."
gb:MOZ:ADM2:85939544B26738067837562,MOZ,Marrupa,framework:province:niassa:ccaf40c6a080,85939544B26738067837562,Marrupa,true,1,Polygon,1,249,1,Polygon,1,5482,1,,,,,atlas_parent_only_no_redistributable_row_level_INE_confirmation,insufficient-evidence,"The source labels ADM2 as districts, but 159-versus-161 completeness, current parent membership, and license chain are unresolved.",insufficient-evidence,"Exact stable-ID/normalized-name join only. INE reports 161 districts; the 2019 geoBoundaries/OCHA source has 159. Roster, vintage and license remain unresolved."
gb:MOZ:ADM2:85939544B26812417695120,MOZ,Chiure,framework:province:cabo-delgado:6fb56db3485a,85939544B26812417695120,Chiure,true,1,Polygon,1,145,1,Polygon,1,3584,1,,,,,atlas_parent_only_no_redistributable_row_level_INE_confirmation,insufficient-evidence,"The source labels ADM2 as districts, but 159-versus-161 completeness, current parent membership, and license chain are unresolved.",insufficient-evidence,"Exact stable-ID/normalized-name join only. INE reports 161 districts; the 2019 geoBoundaries/OCHA source has 159. Roster, vintage and license remain unresolved."
gb:MOZ:ADM2:85939544B27352268742856,MOZ,Metarica,framework:province:niassa:ccaf40c6a080,85939544B27352268742856,Metarica,true,1,Polygon,1,127,1,Polygon,1,4927,1,,,,,atlas_parent_only_no_redistributable_row_level_INE_confirmation,insufficient-evidence,"The source labels ADM2 as districts, but 159-versus-161 completeness, current parent membership, and license chain are unresolved.",insufficient-evidence,"Exact stable-ID/normalized-name join only. INE reports 161 districts; the 2019 geoBoundaries/OCHA source has 159. Roster, vintage and license remain unresolved."
gb:MOZ:ADM2:85939544B28759712944697,MOZ,Mueda,framework:province:cabo-delgado:6fb56db3485a,85939544B28759712944697,Mueda,true,1,Polygon,1,145,1,Polygon,1,3089,1,,,,,atlas_parent_only_no_redistributable_row_level_INE_confirmation,insufficient-evidence,"The source labels ADM2 as districts, but 159-versus-161 completeness, current parent membership, and license chain are unresolved.",insufficient-evidence,"Exact stable-ID/normalized-name join only. INE reports 161 districts; the 2019 geoBoundaries/OCHA source has 159. Roster, vintage and license remain unresolved."
gb:MOZ:ADM2:85939544B28799715012212,MOZ,Angoche,framework:province:nampula:ef47173f58c0,85939544B28799715012212,Angoche,true,1,MultiPolygon,3,142,3,MultiPolygon,3,4162,3,,,,,atlas_parent_only_no_redistributable_row_level_INE_confirmation,insufficient-evidence,"The source labels ADM2 as districts, but 159-versus-161 completeness, current parent membership, and license chain are unresolved.",insufficient-evidence,"Exact stable-ID/normalized-name join only. INE reports 161 districts; the 2019 geoBoundaries/OCHA source has 159. Roster, vintage and license remain unresolved."
gb:MOZ:ADM2:85939544B28801965730987,MOZ,Palma,framework:province:cabo-delgado:6fb56db3485a,85939544B28801965730987,Palma,true,1,MultiPolygon,5,123,5,MultiPolygon,9,4995,9,,,,,atlas_parent_only_no_redistributable_row_level_INE_confirmation,insufficient-evidence,"The source labels ADM2 as districts, but 159-versus-161 completeness, current parent membership, and license chain are unresolved.",insufficient-evidence,"Exact stable-ID/normalized-name join only. INE reports 161 districts; the 2019 geoBoundaries/OCHA source has 159. Roster, vintage and license remain unresolved."
gb:MOZ:ADM2:85939544B29216683074298,MOZ,Meluco,framework:province:cabo-delgado:6fb56db3485a,85939544B29216683074298,Meluco,true,1,Polygon,1,135,1,Polygon,1,3629,1,,,,,atlas_parent_only_no_redistributable_row_level_INE_confirmation,insufficient-evidence,"The source labels ADM2 as districts, but 159-versus-161 completeness, current parent membership, and license chain are unresolved.",insufficient-evidence,"Exact stable-ID/normalized-name join only. INE reports 161 districts; the 2019 geoBoundaries/OCHA source has 159. Roster, vintage and license remain unresolved."
gb:MOZ:ADM2:85939544B30642509050116,MOZ,Monapo,framework:province:nampula:ef47173f58c0,85939544B30642509050116,Monapo,true,1,Polygon,1,122,1,Polygon,1,3244,1,,,,,atlas_parent_only_no_redistributable_row_level_INE_confirmation,insufficient-evidence,"The source labels ADM2 as districts, but 159-versus-161 completeness, current parent membership, and license chain are unresolved.",insufficient-evidence,"Exact stable-ID/normalized-name join only. INE reports 161 districts; the 2019 geoBoundaries/OCHA source has 159. Roster, vintage and license remain unresolved."
gb:MOZ:ADM2:85939544B32350532447413,MOZ,Mogovolas,framework:province:nampula:ef47173f58c0,85939544B32350532447413,Mogovolas,true,1,Polygon,1,139,1,Polygon,1,3758,1,,,,,atlas_parent_only_no_redistributable_row_level_INE_confirmation,insufficient-evidence,"The source labels ADM2 as districts, but 159-versus-161 completeness, current parent membership, and license chain are unresolved.",insufficient-evidence,"Exact stable-ID/normalized-name join only. INE reports 161 districts; the 2019 geoBoundaries/OCHA source has 159. Roster, vintage and license remain unresolved."
gb:MOZ:ADM2:85939544B32725727804377,MOZ,Manica,framework:province:manica:63592fec6972,85939544B32725727804377,Manica,true,1,Polygon,1,147,2,Polygon,1,3083,1,,,,,atlas_parent_only_no_redistributable_row_level_INE_confirmation,insufficient-evidence,"The source labels ADM2 as districts, but 159-versus-161 completeness, current parent membership, and license chain are unresolved.",insufficient-evidence,"Exact stable-ID/normalized-name join only. INE reports 161 districts; the 2019 geoBoundaries/OCHA source has 159. Roster, vintage and license remain unresolved."
gb:MOZ:ADM2:85939544B33000714085001,MOZ,Maua,framework:province:niassa:ccaf40c6a080,85939544B33000714085001,Maua,true,1,Polygon,1,179,1,Polygon,1,6470,1,,,,,atlas_parent_only_no_redistributable_row_level_INE_confirmation,insufficient-evidence,"The source labels ADM2 as districts, but 159-versus-161 completeness, current parent membership, and license chain are unresolved.",insufficient-evidence,"Exact stable-ID/normalized-name join only. INE reports 161 districts; the 2019 geoBoundaries/OCHA source has 159. Roster, vintage and license remain unresolved."
gb:MOZ:ADM2:85939544B33364168787730,MOZ,Pebane,framework:province:zambezia:50b5e3b5fddb,85939544B33364168787730,Pebane,true,1,MultiPolygon,2,167,2,MultiPolygon,3,6470,3,,,,,atlas_parent_only_no_redistributable_row_level_INE_confirmation,insufficient-evidence,"The source labels ADM2 as districts, but 159-versus-161 completeness, current parent membership, and license chain are unresolved.",insufficient-evidence,"Exact stable-ID/normalized-name join only. INE reports 161 districts; the 2019 geoBoundaries/OCHA source has 159. Roster, vintage and license remain unresolved."
gb:MOZ:ADM2:85939544B35031207172791,MOZ,Quissanga,framework:province:cabo-delgado:6fb56db3485a,85939544B35031207172791,Quissanga,true,1,MultiPolygon,2,93,2,MultiPolygon,7,3634,7,,,,,atlas_parent_only_no_redistributable_row_level_INE_confirmation,insufficient-evidence,"The source labels ADM2 as districts, but 159-versus-161 completeness, current parent membership, and license chain are unresolved.",insufficient-evidence,"Exact stable-ID/normalized-name join only. INE reports 161 districts; the 2019 geoBoundaries/OCHA source has 159. Roster, vintage and license remain unresolved."
gb:MOZ:ADM2:85939544B35135302322965,MOZ,Cidade De Chimoio,framework:province:manica:63592fec6972,85939544B35135302322965,Cidade De Chimoio,true,1,Polygon,1,20,1,Polygon,1,623,1,,,,,atlas_parent_only_no_redistributable_row_level_INE_confirmation,insufficient-evidence,"The source labels ADM2 as districts, but 159-versus-161 completeness, current parent membership, and license chain are unresolved.",insufficient-evidence,"Exact stable-ID/normalized-name join only. INE reports 161 districts; the 2019 geoBoundaries/OCHA source has 159. Roster, vintage and license remain unresolved."
gb:MOZ:ADM2:85939544B35485552295049,MOZ,Maringue,framework:province:sofala:8f4ddef300af,85939544B35485552295049,Maringue,true,1,Polygon,1,108,1,Polygon,1,3260,1,,,,,atlas_parent_only_no_redistributable_row_level_INE_confirmation,insufficient-evidence,"The source labels ADM2 as districts, but 159-versus-161 completeness, current parent membership, and license chain are unresolved.",insufficient-evidence,"Exact stable-ID/normalized-name join only. INE reports 161 districts; the 2019 geoBoundaries/OCHA source has 159. Roster, vintage and license remain unresolved."
gb:MOZ:ADM2:85939544B358257057392,MOZ,Mocuba,framework:province:zambezia:50b5e3b5fddb,85939544B358257057392,Mocuba,true,1,Polygon,1,203,1,Polygon,1,6570,1,,,,,atlas_parent_only_no_redistributable_row_level_INE_confirmation,insufficient-evidence,"The source labels ADM2 as districts, but 159-versus-161 completeness, current parent membership, and license chain are unresolved.",insufficient-evidence,"Exact stable-ID/normalized-name join only. INE reports 161 districts; the 2019 geoBoundaries/OCHA source has 159. Roster, vintage and license remain unresolved."
gb:MOZ:ADM2:85939544B36345946298130,MOZ,Mecuburi,framework:province:nampula:ef47173f58c0,85939544B36345946298130,Mecuburi,true,1,Polygon,1,136,1,Polygon,1,2996,1,,,,,atlas_parent_only_no_redistributable_row_level_INE_confirmation,insufficient-evidence,"The source labels ADM2 as districts, but 159-versus-161 completeness, current parent membership, and license chain are unresolved.",insufficient-evidence,"Exact stable-ID/normalized-name join only. INE reports 161 districts; the 2019 geoBoundaries/OCHA source has 159. Roster, vintage and license remain unresolved."
gb:MOZ:ADM2:85939544B3686787806290,MOZ,Ile,framework:province:zambezia:50b5e3b5fddb,85939544B3686787806290,Ile,true,1,Polygon,1,93,1,Polygon,1,3433,1,,,,,atlas_parent_only_no_redistributable_row_level_INE_confirmation,insufficient-evidence,"The source labels ADM2 as districts, but 159-versus-161 completeness, current parent membership, and license chain are unresolved.",insufficient-evidence,"Exact stable-ID/normalized-name join only. INE reports 161 districts; the 2019 geoBoundaries/OCHA source has 159. Roster, vintage and license remain unresolved."
gb:MOZ:ADM2:85939544B37446089230364,MOZ,Ilha De Moçambique,framework:province:nampula:ef47173f58c0,85939544B37446089230364,Ilha De Moçambique,true,1,Polygon,1,27,1,MultiPolygon,4,871,4,,,,,atlas_parent_only_no_redistributable_row_level_INE_confirmation,insufficient-evidence,"The source labels ADM2 as districts, but 159-versus-161 completeness, current parent membership, and license chain are unresolved.",insufficient-evidence,"Exact stable-ID/normalized-name join only. INE reports 161 districts; the 2019 geoBoundaries/OCHA source has 159. Roster, vintage and license remain unresolved."
gb:MOZ:ADM2:85939544B37735984540105,MOZ,Maxixe,framework:province:inhambane:5602ec2e3c47,85939544B37735984540105,Maxixe,true,1,Polygon,1,31,1,Polygon,1,703,1,,,,,atlas_parent_only_no_redistributable_row_level_INE_confirmation,insufficient-evidence,"The source labels ADM2 as districts, but 159-versus-161 completeness, current parent membership, and license chain are unresolved.",insufficient-evidence,"Exact stable-ID/normalized-name join only. INE reports 161 districts; the 2019 geoBoundaries/OCHA source has 159. Roster, vintage and license remain unresolved."
gb:MOZ:ADM2:85939544B38416709222197,MOZ,Mocubela,framework:province:zambezia:50b5e3b5fddb,85939544B38416709222197,Mocubela,true,1,Polygon,1,148,1,Polygon,1,5705,1,,,,,atlas_parent_only_no_redistributable_row_level_INE_confirmation,insufficient-evidence,"The source labels ADM2 as districts, but 159-versus-161 completeness, current parent membership, and license chain are unresolved.",insufficient-evidence,"Exact stable-ID/normalized-name join only. INE reports 161 districts; the 2019 geoBoundaries/OCHA source has 159. Roster, vintage and license remain unresolved."
gb:MOZ:ADM2:85939544B40669081557189,MOZ,Cidade De Quelimane,framework:province:zambezia:50b5e3b5fddb,85939544B40669081557189,Cidade De Quelimane,true,1,Polygon,1,19,1,Polygon,1,542,1,,,,,atlas_parent_only_no_redistributable_row_level_INE_confirmation,insufficient-evidence,"The source labels ADM2 as districts, but 159-versus-161 completeness, current parent membership, and license chain are unresolved.",insufficient-evidence,"Exact stable-ID/normalized-name join only. INE reports 161 districts; the 2019 geoBoundaries/OCHA source has 159. Roster, vintage and license remain unresolved."
gb:MOZ:ADM2:85939544B41216917110496,MOZ,Cheringoma,framework:province:sofala:8f4ddef300af,85939544B41216917110496,Cheringoma,true,1,Polygon,1,109,1,Polygon,1,3724,1,,,,,atlas_parent_only_no_redistributable_row_level_INE_confirmation,insufficient-evidence,"The source labels ADM2 as districts, but 159-versus-161 completeness, current parent membership, and license chain are unresolved.",insufficient-evidence,"Exact stable-ID/normalized-name join only. INE reports 161 districts; the 2019 geoBoundaries/OCHA source has 159. Roster, vintage and license remain unresolved."
gb:MOZ:ADM2:85939544B42929876675904,MOZ,Zavala,framework:province:inhambane:5602ec2e3c47,85939544B42929876675904,Zavala,true,1,Polygon,1,43,1,Polygon,1,1193,1,,,,,atlas_parent_only_no_redistributable_row_level_INE_confirmation,insufficient-evidence,"The source labels ADM2 as districts, but 159-versus-161 completeness, current parent membership, and license chain are unresolved.",insufficient-evidence,"Exact stable-ID/normalized-name join only. INE reports 161 districts; the 2019 geoBoundaries/OCHA source has 159. Roster, vintage and license remain unresolved."
gb:MOZ:ADM2:85939544B43724113746926,MOZ,Metuge,framework:province:cabo-delgado:6fb56db3485a,85939544B43724113746926,Metuge,true,1,Polygon,1,78,1,MultiPolygon,2,3316,2,,,,,atlas_parent_only_no_redistributable_row_level_INE_confirmation,insufficient-evidence,"The source labels ADM2 as districts, but 159-versus-161 completeness, current parent membership, and license chain are unresolved.",insufficient-evidence,"Exact stable-ID/normalized-name join only. INE reports 161 districts; the 2019 geoBoundaries/OCHA source has 159. Roster, vintage and license remain unresolved."
gb:MOZ:ADM2:85939544B45831091528789,MOZ,Funhalouro,framework:province:inhambane:5602ec2e3c47,85939544B45831091528789,Funhalouro,true,1,Polygon,1,97,1,Polygon,1,2367,1,,,,,atlas_parent_only_no_redistributable_row_level_INE_confirmation,insufficient-evidence,"The source labels ADM2 as districts, but 159-versus-161 completeness, current parent membership, and license chain are unresolved.",insufficient-evidence,"Exact stable-ID/normalized-name join only. INE reports 161 districts; the 2019 geoBoundaries/OCHA source has 159. Roster, vintage and license remain unresolved."
gb:MOZ:ADM2:85939544B48412147332355,MOZ,Nhamatanda,framework:province:sofala:8f4ddef300af,85939544B48412147332355,Nhamatanda,true,1,Polygon,1,76,1,Polygon,1,9329,1,,,,,atlas_parent_only_no_redistributable_row_level_INE_confirmation,insufficient-evidence,"The source labels ADM2 as districts, but 159-versus-161 completeness, current parent membership, and license chain are unresolved.",insufficient-evidence,"Exact stable-ID/normalized-name join only. INE reports 161 districts; the 2019 geoBoundaries/OCHA source has 159. Roster, vintage and license remain unresolved."
gb:MOZ:ADM2:85939544B48761792497071,MOZ,Mandimba,framework:province:niassa:ccaf40c6a080,85939544B48761792497071,Mandimba,true,1,Polygon,1,102,1,Polygon,1,2331,1,,,,,atlas_parent_only_no_redistributable_row_level_INE_confirmation,insufficient-evidence,"The source labels ADM2 as districts, but 159-versus-161 completeness, current parent membership, and license chain are unresolved.",insufficient-evidence,"Exact stable-ID/normalized-name join only. INE reports 161 districts; the 2019 geoBoundaries/OCHA source has 159. Roster, vintage and license remain unresolved."
gb:MOZ:ADM2:85939544B49635827229265,MOZ,Ilha Risunodo,framework:province:niassa:ccaf40c6a080,85939544B49635827229265,Ilha Risunodo,true,1,Polygon,1,5,1,Polygon,1,65,1,,,,,atlas_parent_only_no_redistributable_row_level_INE_confirmation,insufficient-evidence,"The source labels ADM2 as districts, but 159-versus-161 completeness, current parent membership, and license chain are unresolved.",insufficient-evidence,"Exact stable-ID/normalized-name join only. INE reports 161 districts; the 2019 geoBoundaries/OCHA source has 159. Roster, vintage and license remain unresolved."
gb:MOZ:ADM2:85939544B50332228011696,MOZ,Mopeia,framework:province:zambezia:50b5e3b5fddb,85939544B50332228011696,Mopeia,true,1,Polygon,1,146,1,Polygon,1,3828,1,,,,,atlas_parent_only_no_redistributable_row_level_INE_confirmation,insufficient-evidence,"The source labels ADM2 as districts, but 159-versus-161 completeness, current parent membership, and license chain are unresolved.",insufficient-evidence,"Exact stable-ID/normalized-name join only. INE reports 161 districts; the 2019 geoBoundaries/OCHA source has 159. Roster, vintage and license remain unresolved."
gb:MOZ:ADM2:85939544B50673994435668,MOZ,Muanza,framework:province:sofala:8f4ddef300af,85939544B50673994435668,Muanza,true,1,Polygon,1,134,1,Polygon,1,5905,1,,,,,atlas_parent_only_no_redistributable_row_level_INE_confirmation,insufficient-evidence,"The source labels ADM2 as districts, but 159-versus-161 completeness, current parent membership, and license chain are unresolved.",insufficient-evidence,"Exact stable-ID/normalized-name join only. INE reports 161 districts; the 2019 geoBoundaries/OCHA source has 159. Roster, vintage and license remain unresolved."
gb:MOZ:ADM2:85939544B52550879093260,MOZ,Gurue,framework:province:zambezia:50b5e3b5fddb,85939544B52550879093260,Gurue,true,1,Polygon,1,109,1,Polygon,1,4232,1,,,,,atlas_parent_only_no_redistributable_row_level_INE_confirmation,insufficient-evidence,"The source labels ADM2 as districts, but 159-versus-161 completeness, current parent membership, and license chain are unresolved.",insufficient-evidence,"Exact stable-ID/normalized-name join only. INE reports 161 districts; the 2019 geoBoundaries/OCHA source has 159. Roster, vintage and license remain unresolved."
gb:MOZ:ADM2:85939544B52795804394919,MOZ,Lago,framework:province:niassa:ccaf40c6a080,85939544B52795804394919,Lago,true,1,MultiPolygon,3,151,3,Polygon,1,4351,1,,,,,atlas_parent_only_no_redistributable_row_level_INE_confirmation,insufficient-evidence,"The source labels ADM2 as districts, but 159-versus-161 completeness, current parent membership, and license chain are unresolved.",insufficient-evidence,"Exact stable-ID/normalized-name join only. INE reports 161 districts; the 2019 geoBoundaries/OCHA source has 159. Roster, vintage and license remain unresolved."
gb:MOZ:ADM2:85939544B53018455745149,MOZ,Murrupula,framework:province:nampula:ef47173f58c0,85939544B53018455745149,Murrupula,true,1,Polygon,1,103,1,Polygon,1,2777,1,,,,,atlas_parent_only_no_redistributable_row_level_INE_confirmation,insufficient-evidence,"The source labels ADM2 as districts, but 159-versus-161 completeness, current parent membership, and license chain are unresolved.",insufficient-evidence,"Exact stable-ID/normalized-name join only. INE reports 161 districts; the 2019 geoBoundaries/OCHA source has 159. Roster, vintage and license remain unresolved."
gb:MOZ:ADM2:85939544B5310870224650,MOZ,Gile,framework:province:zambezia:50b5e3b5fddb,85939544B5310870224650,Gile,true,1,Polygon,1,175,1,Polygon,1,4746,1,,,,,atlas_parent_only_no_redistributable_row_level_INE_confirmation,insufficient-evidence,"The source labels ADM2 as districts, but 159-versus-161 completeness, current parent membership, and license chain are unresolved.",insufficient-evidence,"Exact stable-ID/normalized-name join only. INE reports 161 districts; the 2019 geoBoundaries/OCHA source has 159. Roster, vintage and license remain unresolved."
gb:MOZ:ADM2:85939544B53859921366962,MOZ,Ilha Licom,framework:province:niassa:ccaf40c6a080,85939544B53859921366962,Ilha Licom,true,1,Polygon,1,23,1,Polygon,1,90,1,,,,,atlas_parent_only_no_redistributable_row_level_INE_confirmation,insufficient-evidence,"The source labels ADM2 as districts, but 159-versus-161 completeness, current parent membership, and license chain are unresolved.",insufficient-evidence,"Exact stable-ID/normalized-name join only. INE reports 161 districts; the 2019 geoBoundaries/OCHA source has 159. Roster, vintage and license remain unresolved."
gb:MOZ:ADM2:85939544B54372279750556,MOZ,Mulevala,framework:province:zambezia:50b5e3b5fddb,85939544B54372279750556,Mulevala,true,1,Polygon,1,88,1,Polygon,1,2627,1,,,,,atlas_parent_only_no_redistributable_row_level_INE_confirmation,insufficient-evidence,"The source labels ADM2 as districts, but 159-versus-161 completeness, current parent membership, and license chain are unresolved.",insufficient-evidence,"Exact stable-ID/normalized-name join only. INE reports 161 districts; the 2019 geoBoundaries/OCHA source has 159. Roster, vintage and license remain unresolved."
gb:MOZ:ADM2:85939544B54758933622764,MOZ,Mocimboa Da Praia,framework:province:cabo-delgado:6fb56db3485a,85939544B54758933622764,Mocimboa Da Praia,true,1,Polygon,1,83,1,MultiPolygon,5,3083,5,,,,,atlas_parent_only_no_redistributable_row_level_INE_confirmation,insufficient-evidence,"The source labels ADM2 as districts, but 159-versus-161 completeness, current parent membership, and license chain are unresolved.",insufficient-evidence,"Exact stable-ID/normalized-name join only. INE reports 161 districts; the 2019 geoBoundaries/OCHA source has 159. Roster, vintage and license remain unresolved."
gb:MOZ:ADM2:85939544B55280380491119,MOZ,Alto Molocue,framework:province:zambezia:50b5e3b5fddb,85939544B55280380491119,Alto Molocue,true,1,Polygon,1,160,1,Polygon,1,5479,1,,,,,atlas_parent_only_no_redistributable_row_level_INE_confirmation,insufficient-evidence,"The source labels ADM2 as districts, but 159-versus-161 completeness, current parent membership, and license chain are unresolved.",insufficient-evidence,"Exact stable-ID/normalized-name join only. INE reports 161 districts; the 2019 geoBoundaries/OCHA source has 159. Roster, vintage and license remain unresolved."
gb:MOZ:ADM2:85939544B55402666252817,MOZ,Nipepe,framework:province:niassa:ccaf40c6a080,85939544B55402666252817,Nipepe,true,1,Polygon,1,133,1,Polygon,1,4005,1,,,,,atlas_parent_only_no_redistributable_row_level_INE_confirmation,insufficient-evidence,"The source labels ADM2 as districts, but 159-versus-161 completeness, current parent membership, and license chain are unresolved.",insufficient-evidence,"Exact stable-ID/normalized-name join only. INE reports 161 districts; the 2019 geoBoundaries/OCHA source has 159. Roster, vintage and license remain unresolved."
gb:MOZ:ADM2:85939544B56224707964526,MOZ,Molumbo,framework:province:zambezia:50b5e3b5fddb,85939544B56224707964526,Molumbo,true,1,Polygon,1,92,1,Polygon,1,3189,1,,,,,atlas_parent_only_no_redistributable_row_level_INE_confirmation,insufficient-evidence,"The source labels ADM2 as districts, but 159-versus-161 completeness, current parent membership, and license chain are unresolved.",insufficient-evidence,"Exact stable-ID/normalized-name join only. INE reports 161 districts; the 2019 geoBoundaries/OCHA source has 159. Roster, vintage and license remain unresolved."
gb:MOZ:ADM2:85939544B58572468312701,MOZ,Cidade De Pemba,framework:province:cabo-delgado:6fb56db3485a,85939544B58572468312701,Cidade De Pemba,true,1,Polygon,1,18,1,Polygon,1,561,1,,,,,atlas_parent_only_no_redistributable_row_level_INE_confirmation,insufficient-evidence,"The source labels ADM2 as districts, but 159-versus-161 completeness, current parent membership, and license chain are unresolved.",insufficient-evidence,"Exact stable-ID/normalized-name join only. INE reports 161 districts; the 2019 geoBoundaries/OCHA source has 159. Roster, vintage and license remain unresolved."
gb:MOZ:ADM2:85939544B58581363474884,MOZ,Inhassoro,framework:province:inhambane:5602ec2e3c47,85939544B58581363474884,Inhassoro,true,1,MultiPolygon,2,83,2,MultiPolygon,3,1686,3,,,,,atlas_parent_only_no_redistributable_row_level_INE_confirmation,insufficient-evidence,"The source labels ADM2 as districts, but 159-versus-161 completeness, current parent membership, and license chain are unresolved.",insufficient-evidence,"Exact stable-ID/normalized-name join only. INE reports 161 districts; the 2019 geoBoundaries/OCHA source has 159. Roster, vintage and license remain unresolved."
gb:MOZ:ADM2:85939544B61462515035200,MOZ,Morrumbala,framework:province:zambezia:50b5e3b5fddb,85939544B61462515035200,Morrumbala,true,1,MultiPolygon,4,251,4,Polygon,1,4802,1,,,,,atlas_parent_only_no_redistributable_row_level_INE_confirmation,insufficient-evidence,"The source labels ADM2 as districts, but 159-versus-161 completeness, current parent membership, and license chain are unresolved.",insufficient-evidence,"Exact stable-ID/normalized-name join only. INE reports 161 districts; the 2019 geoBoundaries/OCHA source has 159. Roster, vintage and license remain unresolved."
gb:MOZ:ADM2:85939544B62365198391986,MOZ,Cidade De Lichinga,framework:province:niassa:ccaf40c6a080,85939544B62365198391986,Cidade De Lichinga,true,1,Polygon,1,25,1,Polygon,1,386,1,,,,,atlas_parent_only_no_redistributable_row_level_INE_confirmation,insufficient-evidence,"The source labels ADM2 as districts, but 159-versus-161 completeness, current parent membership, and license chain are unresolved.",insufficient-evidence,"Exact stable-ID/normalized-name join only. INE reports 161 districts; the 2019 geoBoundaries/OCHA source has 159. Roster, vintage and license remain unresolved."
gb:MOZ:ADM2:85939544B62807674730552,MOZ,Liúpo,framework:province:nampula:ef47173f58c0,85939544B62807674730552,Liúpo,true,1,Polygon,1,86,1,Polygon,1,2208,1,,,,,atlas_parent_only_no_redistributable_row_level_INE_confirmation,insufficient-evidence,"The source labels ADM2 as districts, but 159-versus-161 completeness, current parent membership, and license chain are unresolved.",insufficient-evidence,"Exact stable-ID/normalized-name join only. INE reports 161 districts; the 2019 geoBoundaries/OCHA source has 159. Roster, vintage and license remain unresolved."
gb:MOZ:ADM2:85939544B63223307878319,MOZ,Jangamo,framework:province:inhambane:5602ec2e3c47,85939544B63223307878319,Jangamo,true,1,Polygon,1,37,1,Polygon,1,910,1,,,,,atlas_parent_only_no_redistributable_row_level_INE_confirmation,insufficient-evidence,"The source labels ADM2 as districts, but 159-versus-161 completeness, current parent membership, and license chain are unresolved.",insufficient-evidence,"Exact stable-ID/normalized-name join only. INE reports 161 districts; the 2019 geoBoundaries/OCHA source has 159. Roster, vintage and license remain unresolved."
gb:MOZ:ADM2:85939544B64189871111735,MOZ,Namarroi,framework:province:zambezia:50b5e3b5fddb,85939544B64189871111735,Namarroi,true,1,Polygon,1,101,1,Polygon,1,3099,1,,,,,atlas_parent_only_no_redistributable_row_level_INE_confirmation,insufficient-evidence,"The source labels ADM2 as districts, but 159-versus-161 completeness, current parent membership, and license chain are unresolved.",insufficient-evidence,"Exact stable-ID/normalized-name join only. INE reports 161 districts; the 2019 geoBoundaries/OCHA source has 159. Roster, vintage and license remain unresolved."
gb:MOZ:ADM2:85939544B64339198961844,MOZ,Mossuril,framework:province:nampula:ef47173f58c0,85939544B64339198961844,Mossuril,true,1,Polygon,1,133,1,MultiPolygon,3,4427,3,,,,,atlas_parent_only_no_redistributable_row_level_INE_confirmation,insufficient-evidence,"The source labels ADM2 as districts, but 159-versus-161 completeness, current parent membership, and license chain are unresolved.",insufficient-evidence,"Exact stable-ID/normalized-name join only. INE reports 161 districts; the 2019 geoBoundaries/OCHA source has 159. Roster, vintage and license remain unresolved."
gb:MOZ:ADM2:85939544B65123265698186,MOZ,Maquival,framework:province:zambezia:50b5e3b5fddb,85939544B65123265698186,Maquival,true,1,Polygon,1,33,1,Polygon,1,1724,1,,,,,atlas_parent_only_no_redistributable_row_level_INE_confirmation,insufficient-evidence,"The source labels ADM2 as districts, but 159-versus-161 completeness, current parent membership, and license chain are unresolved.",insufficient-evidence,"Exact stable-ID/normalized-name join only. INE reports 161 districts; the 2019 geoBoundaries/OCHA source has 159. Roster, vintage and license remain unresolved."
gb:MOZ:ADM2:85939544B65323255513357,MOZ,Mabote,framework:province:inhambane:5602ec2e3c47,85939544B65323255513357,Mabote,true,1,Polygon,1,148,1,Polygon,1,2963,1,,,,,atlas_parent_only_no_redistributable_row_level_INE_confirmation,insufficient-evidence,"The source labels ADM2 as districts, but 159-versus-161 completeness, current parent membership, and license chain are unresolved.",insufficient-evidence,"Exact stable-ID/normalized-name join only. INE reports 161 districts; the 2019 geoBoundaries/OCHA source has 159. Roster, vintage and license remain unresolved."
gb:MOZ:ADM2:85939544B66501899539367,MOZ,Machanga,framework:province:sofala:8f4ddef300af,85939544B66501899539367,Machanga,true,1,MultiPolygon,3,141,3,MultiPolygon,5,6563,5,,,,,atlas_parent_only_no_redistributable_row_level_INE_confirmation,insufficient-evidence,"The source labels ADM2 as districts, but 159-versus-161 completeness, current parent membership, and license chain are unresolved.",insufficient-evidence,"Exact stable-ID/normalized-name join only. INE reports 161 districts; the 2019 geoBoundaries/OCHA source has 159. Roster, vintage and license remain unresolved."
gb:MOZ:ADM2:85939544B68242516881190,MOZ,Namuno,framework:province:cabo-delgado:6fb56db3485a,85939544B68242516881190,Namuno,true,1,Polygon,1,106,1,Polygon,1,2794,1,,,,,atlas_parent_only_no_redistributable_row_level_INE_confirmation,insufficient-evidence,"The source labels ADM2 as districts, but 159-versus-161 completeness, current parent membership, and license chain are unresolved.",insufficient-evidence,"Exact stable-ID/normalized-name join only. INE reports 161 districts; the 2019 geoBoundaries/OCHA source has 159. Roster, vintage and license remain unresolved."
gb:MOZ:ADM2:85939544B68369930448432,MOZ,Ribaue,framework:province:nampula:ef47173f58c0,85939544B68369930448432,Ribaue,true,1,Polygon,1,150,1,Polygon,1,7341,1,,,,,atlas_parent_only_no_redistributable_row_level_INE_confirmation,insufficient-evidence,"The source labels ADM2 as districts, but 159-versus-161 completeness, current parent membership, and license chain are unresolved.",insufficient-evidence,"Exact stable-ID/normalized-name join only. INE reports 161 districts; the 2019 geoBoundaries/OCHA source has 159. Roster, vintage and license remain unresolved."
gb:MOZ:ADM2:85939544B68532442394498,MOZ,Mogincual,framework:province:nampula:ef47173f58c0,85939544B68532442394498,Mogincual,true,1,Polygon,1,105,1,Polygon,1,2478,1,,,,,atlas_parent_only_no_redistributable_row_level_INE_confirmation,insufficient-evidence,"The source labels ADM2 as districts, but 159-versus-161 completeness, current parent membership, and license chain are unresolved.",insufficient-evidence,"Exact stable-ID/normalized-name join only. INE reports 161 districts; the 2019 geoBoundaries/OCHA source has 159. Roster, vintage and license remain unresolved."
gb:MOZ:ADM2:85939544B69199020344442,MOZ,Mavago,framework:province:niassa:ccaf40c6a080,85939544B69199020344442,Mavago,true,1,Polygon,1,173,1,Polygon,1,3320,1,,,,,atlas_parent_only_no_redistributable_row_level_INE_confirmation,insufficient-evidence,"The source labels ADM2 as districts, but 159-versus-161 completeness, current parent membership, and license chain are unresolved.",insufficient-evidence,"Exact stable-ID/normalized-name join only. INE reports 161 districts; the 2019 geoBoundaries/OCHA source has 159. Roster, vintage and license remain unresolved."
gb:MOZ:ADM2:85939544B69817996790019,MOZ,Inharrime,framework:province:inhambane:5602ec2e3c47,85939544B69817996790019,Inharrime,true,1,Polygon,1,98,1,Polygon,1,2486,1,,,,,atlas_parent_only_no_redistributable_row_level_INE_confirmation,insufficient-evidence,"The source labels ADM2 as districts, but 159-versus-161 completeness, current parent membership, and license chain are unresolved.",insufficient-evidence,"Exact stable-ID/normalized-name join only. INE reports 161 districts; the 2019 geoBoundaries/OCHA source has 159. Roster, vintage and license remain unresolved."
gb:MOZ:ADM2:85939544B70195584825603,MOZ,Vilankulo,framework:province:inhambane:5602ec2e3c47,85939544B70195584825603,Vilankulo,true,1,MultiPolygon,2,74,2,MultiPolygon,5,1698,5,,,,,atlas_parent_only_no_redistributable_row_level_INE_confirmation,insufficient-evidence,"The source labels ADM2 as districts, but 159-versus-161 completeness, current parent membership, and license chain are unresolved.",insufficient-evidence,"Exact stable-ID/normalized-name join only. INE reports 161 districts; the 2019 geoBoundaries/OCHA source has 159. Roster, vintage and license remain unresolved."
gb:MOZ:ADM2:85939544B70859422468328,MOZ,Cidade De Nampula,framework:province:nampula:ef47173f58c0,85939544B70859422468328,Cidade De Nampula,true,1,Polygon,1,28,1,Polygon,1,911,1,,,,,atlas_parent_only_no_redistributable_row_level_INE_confirmation,insufficient-evidence,"The source labels ADM2 as districts, but 159-versus-161 completeness, current parent membership, and license chain are unresolved.",insufficient-evidence,"Exact stable-ID/normalized-name join only. INE reports 161 districts; the 2019 geoBoundaries/OCHA source has 159. Roster, vintage and license remain unresolved."
gb:MOZ:ADM2:85939544B7087427782291,MOZ,Muecate,framework:province:nampula:ef47173f58c0,85939544B7087427782291,Muecate,true,1,Polygon,1,108,1,Polygon,1,2649,1,,,,,atlas_parent_only_no_redistributable_row_level_INE_confirmation,insufficient-evidence,"The source labels ADM2 as districts, but 159-versus-161 completeness, current parent membership, and license chain are unresolved.",insufficient-evidence,"Exact stable-ID/normalized-name join only. INE reports 161 districts; the 2019 geoBoundaries/OCHA source has 159. Roster, vintage and license remain unresolved."
gb:MOZ:ADM2:85939544B71036498933536,MOZ,Macossa,framework:province:manica:63592fec6972,85939544B71036498933536,Macossa,true,1,Polygon,1,158,1,Polygon,1,4272,1,,,,,atlas_parent_only_no_redistributable_row_level_INE_confirmation,insufficient-evidence,"The source labels ADM2 as districts, but 159-versus-161 completeness, current parent membership, and license chain are unresolved.",insufficient-evidence,"Exact stable-ID/normalized-name join only. INE reports 161 districts; the 2019 geoBoundaries/OCHA source has 159. Roster, vintage and license remain unresolved."
gb:MOZ:ADM2:85939544B71313946873981,MOZ,Caia,framework:province:sofala:8f4ddef300af,85939544B71313946873981,Caia,true,1,Polygon,1,95,1,Polygon,1,2322,1,,,,,atlas_parent_only_no_redistributable_row_level_INE_confirmation,insufficient-evidence,"The source labels ADM2 as districts, but 159-versus-161 completeness, current parent membership, and license chain are unresolved.",insufficient-evidence,"Exact stable-ID/normalized-name join only. INE reports 161 districts; the 2019 geoBoundaries/OCHA source has 159. Roster, vintage and license remain unresolved."
gb:MOZ:ADM2:85939544B71599092008043,MOZ,Lalaua,framework:province:nampula:ef47173f58c0,85939544B71599092008043,Lalaua,true,1,Polygon,1,116,1,Polygon,1,5689,1,,,,,atlas_parent_only_no_redistributable_row_level_INE_confirmation,insufficient-evidence,"The source labels ADM2 as districts, but 159-versus-161 completeness, current parent membership, and license chain are unresolved.",insufficient-evidence,"Exact stable-ID/normalized-name join only. INE reports 161 districts; the 2019 geoBoundaries/OCHA source has 159. Roster, vintage and license remain unresolved."
gb:MOZ:ADM2:85939544B72257349680566,MOZ,Derre,framework:province:zambezia:50b5e3b5fddb,85939544B72257349680566,Derre,true,1,Polygon,1,98,1,Polygon,1,3602,1,,,,,atlas_parent_only_no_redistributable_row_level_INE_confirmation,insufficient-evidence,"The source labels ADM2 as districts, but 159-versus-161 completeness, current parent membership, and license chain are unresolved.",insufficient-evidence,"Exact stable-ID/normalized-name join only. INE reports 161 districts; the 2019 geoBoundaries/OCHA source has 159. Roster, vintage and license remain unresolved."
gb:MOZ:ADM2:85939544B72266919853878,MOZ,Ibo,framework:province:cabo-delgado:6fb56db3485a,85939544B72266919853878,Ibo,true,1,MultiPolygon,3,26,3,MultiPolygon,5,1114,5,,,,,atlas_parent_only_no_redistributable_row_level_INE_confirmation,insufficient-evidence,"The source labels ADM2 as districts, but 159-versus-161 completeness, current parent membership, and license chain are unresolved.",insufficient-evidence,"Exact stable-ID/normalized-name join only. INE reports 161 districts; the 2019 geoBoundaries/OCHA source has 159. Roster, vintage and license remain unresolved."
gb:MOZ:ADM2:85939544B72355494669336,MOZ,Vanduzi,framework:province:manica:63592fec6972,85939544B72355494669336,Vanduzi,true,1,Polygon,1,105,1,Polygon,1,2476,1,,,,,atlas_parent_only_no_redistributable_row_level_INE_confirmation,insufficient-evidence,"The source labels ADM2 as districts, but 159-versus-161 completeness, current parent membership, and license chain are unresolved.",insufficient-evidence,"Exact stable-ID/normalized-name join only. INE reports 161 districts; the 2019 geoBoundaries/OCHA source has 159. Roster, vintage and license remain unresolved."
gb:MOZ:ADM2:85939544B73793826279493,MOZ,Mecufi,framework:province:cabo-delgado:6fb56db3485a,85939544B73793826279493,Mecufi,true,1,Polygon,1,55,1,Polygon,1,1416,1,,,,,atlas_parent_only_no_redistributable_row_level_INE_confirmation,insufficient-evidence,"The source labels ADM2 as districts, but 159-versus-161 completeness, current parent membership, and license chain are unresolved.",insufficient-evidence,"Exact stable-ID/normalized-name join only. INE reports 161 districts; the 2019 geoBoundaries/OCHA source has 159. Roster, vintage and license remain unresolved."
gb:MOZ:ADM2:85939544B74614871029564,MOZ,Panda,framework:province:inhambane:5602ec2e3c47,85939544B74614871029564,Panda,true,1,Polygon,1,94,1,Polygon,1,4394,1,,,,,atlas_parent_only_no_redistributable_row_level_INE_confirmation,insufficient-evidence,"The source labels ADM2 as districts, but 159-versus-161 completeness, current parent membership, and license chain are unresolved.",insufficient-evidence,"Exact stable-ID/normalized-name join only. INE reports 161 districts; the 2019 geoBoundaries/OCHA source has 159. Roster, vintage and license remain unresolved."
gb:MOZ:ADM2:85939544B74766547400417,MOZ,Montepuez,framework:province:cabo-delgado:6fb56db3485a,85939544B74766547400417,Montepuez,true,1,Polygon,1,231,1,Polygon,1,5985,1,,,,,atlas_parent_only_no_redistributable_row_level_INE_confirmation,insufficient-evidence,"The source labels ADM2 as districts, but 159-versus-161 completeness, current parent membership, and license chain are unresolved.",insufficient-evidence,"Exact stable-ID/normalized-name join only. INE reports 161 districts; the 2019 geoBoundaries/OCHA source has 159. Roster, vintage and license remain unresolved."
gb:MOZ:ADM2:85939544B74893021327700,MOZ,Namacurra,framework:province:zambezia:50b5e3b5fddb,85939544B74893021327700,Namacurra,true,1,Polygon,1,81,1,Polygon,1,2962,1,,,,,atlas_parent_only_no_redistributable_row_level_INE_confirmation,insufficient-evidence,"The source labels ADM2 as districts, but 159-versus-161 completeness, current parent membership, and license chain are unresolved.",insufficient-evidence,"Exact stable-ID/normalized-name join only. INE reports 161 districts; the 2019 geoBoundaries/OCHA source has 159. Roster, vintage and license remain unresolved."
gb:MOZ:ADM2:85939544B76219123027909,MOZ,Memba,framework:province:nampula:ef47173f58c0,85939544B76219123027909,Memba,true,1,Polygon,1,152,1,Polygon,1,4247,1,,,,,atlas_parent_only_no_redistributable_row_level_INE_confirmation,insufficient-evidence,"The source labels ADM2 as districts, but 159-versus-161 completeness, current parent membership, and license chain are unresolved.",insufficient-evidence,"Exact stable-ID/normalized-name join only. INE reports 161 districts; the 2019 geoBoundaries/OCHA source has 159. Roster, vintage and license remain unresolved."
gb:MOZ:ADM2:85939544B78261911608408,MOZ,Nacala-A-Velha,framework:province:nampula:ef47173f58c0,85939544B78261911608408,Nacala-A-Velha,true,1,Polygon,1,71,1,Polygon,1,1932,1,,,,,atlas_parent_only_no_redistributable_row_level_INE_confirmation,insufficient-evidence,"The source labels ADM2 as districts, but 159-versus-161 completeness, current parent membership, and license chain are unresolved.",insufficient-evidence,"Exact stable-ID/normalized-name join only. INE reports 161 districts; the 2019 geoBoundaries/OCHA source has 159. Roster, vintage and license remain unresolved."
gb:MOZ:ADM2:85939544B78683919401949,MOZ,Cidade Da Beira,framework:province:sofala:8f4ddef300af,85939544B78683919401949,Cidade Da Beira,true,1,MultiPolygon,2,43,2,MultiPolygon,4,3101,4,,,,,atlas_parent_only_no_redistributable_row_level_INE_confirmation,insufficient-evidence,"The source labels ADM2 as districts, but 159-versus-161 completeness, current parent membership, and license chain are unresolved.",insufficient-evidence,"Exact stable-ID/normalized-name join only. INE reports 161 districts; the 2019 geoBoundaries/OCHA source has 159. Roster, vintage and license remain unresolved."
gb:MOZ:ADM2:85939544B78941967379031,MOZ,Barue,framework:province:manica:63592fec6972,85939544B78941967379031,Barue,true,1,Polygon,1,276,2,Polygon,1,4412,1,,,,,atlas_parent_only_no_redistributable_row_level_INE_confirmation,insufficient-evidence,"The source labels ADM2 as districts, but 159-versus-161 completeness, current parent membership, and license chain are unresolved.",insufficient-evidence,"Exact stable-ID/normalized-name join only. INE reports 161 districts; the 2019 geoBoundaries/OCHA source has 159. Roster, vintage and license remain unresolved."
gb:MOZ:ADM2:85939544B80156310814638,MOZ,Nacaroa,framework:province:nampula:ef47173f58c0,85939544B80156310814638,Nacaroa,true,1,Polygon,1,100,1,Polygon,1,2179,1,,,,,atlas_parent_only_no_redistributable_row_level_INE_confirmation,insufficient-evidence,"The source labels ADM2 as districts, but 159-versus-161 completeness, current parent membership, and license chain are unresolved.",insufficient-evidence,"Exact stable-ID/normalized-name join only. INE reports 161 districts; the 2019 geoBoundaries/OCHA source has 159. Roster, vintage and license remain unresolved."
gb:MOZ:ADM2:85939544B80247740523844,MOZ,Malema,framework:province:nampula:ef47173f58c0,85939544B80247740523844,Malema,true,1,Polygon,1,128,1,Polygon,1,10291,1,,,,,atlas_parent_only_no_redistributable_row_level_INE_confirmation,insufficient-evidence,"The source labels ADM2 as districts, but 159-versus-161 completeness, current parent membership, and license chain are unresolved.",insufficient-evidence,"Exact stable-ID/normalized-name join only. INE reports 161 districts; the 2019 geoBoundaries/OCHA source has 159. Roster, vintage and license remain unresolved."
gb:MOZ:ADM2:85939544B80255250880532,MOZ,Nacala,framework:province:nampula:ef47173f58c0,85939544B80255250880532,Nacala,true,1,Polygon,1,30,1,Polygon,1,871,1,,,,,atlas_parent_only_no_redistributable_row_level_INE_confirmation,insufficient-evidence,"The source labels ADM2 as districts, but 159-versus-161 completeness, current parent membership, and license chain are unresolved.",insufficient-evidence,"Exact stable-ID/normalized-name join only. INE reports 161 districts; the 2019 geoBoundaries/OCHA source has 159. Roster, vintage and license remain unresolved."
gb:MOZ:ADM2:85939544B81104327117882,MOZ,Sussundenga,framework:province:manica:63592fec6972,85939544B81104327117882,Sussundenga,true,1,Polygon,1,185,1,Polygon,1,4873,1,,,,,atlas_parent_only_no_redistributable_row_level_INE_confirmation,insufficient-evidence,"The source labels ADM2 as districts, but 159-versus-161 completeness, current parent membership, and license chain are unresolved.",insufficient-evidence,"Exact stable-ID/normalized-name join only. INE reports 161 districts; the 2019 geoBoundaries/OCHA source has 159. Roster, vintage and license remain unresolved."
gb:MOZ:ADM2:85939544B82585183947830,MOZ,Chinde,framework:province:zambezia:50b5e3b5fddb,85939544B82585183947830,Chinde,true,1,Polygon,1,137,1,MultiPolygon,4,5722,4,,,,,atlas_parent_only_no_redistributable_row_level_INE_confirmation,insufficient-evidence,"The source labels ADM2 as districts, but 159-versus-161 completeness, current parent membership, and license chain are unresolved.",insufficient-evidence,"Exact stable-ID/normalized-name join only. INE reports 161 districts; the 2019 geoBoundaries/OCHA source has 159. Roster, vintage and license remain unresolved."
gb:MOZ:ADM2:85939544B829507062217,MOZ,Macate,framework:province:manica:63592fec6972,85939544B829507062217,Macate,true,1,Polygon,1,76,1,Polygon,1,2065,1,,,,,atlas_parent_only_no_redistributable_row_level_INE_confirmation,insufficient-evidence,"The source labels ADM2 as districts, but 159-versus-161 completeness, current parent membership, and license chain are unresolved.",insufficient-evidence,"Exact stable-ID/normalized-name join only. INE reports 161 districts; the 2019 geoBoundaries/OCHA source has 159. Roster, vintage and license remain unresolved."
gb:MOZ:ADM2:85939544B83504353793512,MOZ,Luabo,framework:province:zambezia:50b5e3b5fddb,85939544B83504353793512,Luabo,true,1,Polygon,1,65,1,Polygon,1,2088,1,,,,,atlas_parent_only_no_redistributable_row_level_INE_confirmation,insufficient-evidence,"The source labels ADM2 as districts, but 159-versus-161 completeness, current parent membership, and license chain are unresolved.",insufficient-evidence,"Exact stable-ID/normalized-name join only. INE reports 161 districts; the 2019 geoBoundaries/OCHA source has 159. Roster, vintage and license remain unresolved."
gb:MOZ:ADM2:85939544B84282844658581,MOZ,Marromeu,framework:province:sofala:8f4ddef300af,85939544B84282844658581,Marromeu,true,1,Polygon,1,92,1,Polygon,1,2729,1,,,,,atlas_parent_only_no_redistributable_row_level_INE_confirmation,insufficient-evidence,"The source labels ADM2 as districts, but 159-versus-161 completeness, current parent membership, and license chain are unresolved.",insufficient-evidence,"Exact stable-ID/normalized-name join only. INE reports 161 districts; the 2019 geoBoundaries/OCHA source has 159. Roster, vintage and license remain unresolved."
gb:MOZ:ADM2:85939544B84793619782311,MOZ,Meconta,framework:province:nampula:ef47173f58c0,85939544B84793619782311,Meconta,true,1,Polygon,1,126,1,Polygon,1,3569,1,,,,,atlas_parent_only_no_redistributable_row_level_INE_confirmation,insufficient-evidence,"The source labels ADM2 as districts, but 159-versus-161 completeness, current parent membership, and license chain are unresolved.",insufficient-evidence,"Exact stable-ID/normalized-name join only. INE reports 161 districts; the 2019 geoBoundaries/OCHA source has 159. Roster, vintage and license remain unresolved."
gb:MOZ:ADM2:85939544B84899286441367,MOZ,Inhassunge,framework:province:zambezia:50b5e3b5fddb,85939544B84899286441367,Inhassunge,true,1,MultiPolygon,2,52,2,MultiPolygon,7,2316,7,,,,,atlas_parent_only_no_redistributable_row_level_INE_confirmation,insufficient-evidence,"The source labels ADM2 as districts, but 159-versus-161 completeness, current parent membership, and license chain are unresolved.",insufficient-evidence,"Exact stable-ID/normalized-name join only. INE reports 161 districts; the 2019 geoBoundaries/OCHA source has 159. Roster, vintage and license remain unresolved."
gb:MOZ:ADM2:85939544B85400452133709,MOZ,Morrumbene,framework:province:inhambane:5602ec2e3c47,85939544B85400452133709,Morrumbene,true,1,Polygon,1,65,1,Polygon,1,1783,1,,,,,atlas_parent_only_no_redistributable_row_level_INE_confirmation,insufficient-evidence,"The source labels ADM2 as districts, but 159-versus-161 completeness, current parent membership, and license chain are unresolved.",insufficient-evidence,"Exact stable-ID/normalized-name join only. INE reports 161 districts; the 2019 geoBoundaries/OCHA source has 159. Roster, vintage and license remain unresolved."
gb:MOZ:ADM2:85939544B86118750013731,MOZ,Tambara,framework:province:manica:63592fec6972,85939544B86118750013731,Tambara,true,1,Polygon,1,78,1,Polygon,1,1469,1,,,,,atlas_parent_only_no_redistributable_row_level_INE_confirmation,insufficient-evidence,"The source labels ADM2 as districts, but 159-versus-161 completeness, current parent membership, and license chain are unresolved.",insufficient-evidence,"Exact stable-ID/normalized-name join only. INE reports 161 districts; the 2019 geoBoundaries/OCHA source has 159. Roster, vintage and license remain unresolved."
gb:MOZ:ADM2:85939544B86182788788384,MOZ,Rapale,framework:province:nampula:ef47173f58c0,85939544B86182788788384,Rapale,true,1,Polygon,1,141,2,Polygon,1,3905,2,,,,,atlas_parent_only_no_redistributable_row_level_INE_confirmation,insufficient-evidence,"The source labels ADM2 as districts, but 159-versus-161 completeness, current parent membership, and license chain are unresolved.",insufficient-evidence,"Exact stable-ID/normalized-name join only. INE reports 161 districts; the 2019 geoBoundaries/OCHA source has 159. Roster, vintage and license remain unresolved."
gb:MOZ:ADM2:85939544B86319968156717,MOZ,Guro,framework:province:manica:63592fec6972,85939544B86319968156717,Guro,true,1,Polygon,1,119,1,Polygon,1,3239,1,,,,,atlas_parent_only_no_redistributable_row_level_INE_confirmation,insufficient-evidence,"The source labels ADM2 as districts, but 159-versus-161 completeness, current parent membership, and license chain are unresolved.",insufficient-evidence,"Exact stable-ID/normalized-name join only. INE reports 161 districts; the 2019 geoBoundaries/OCHA source has 159. Roster, vintage and license remain unresolved."
gb:MOZ:ADM2:85939544B86519405521682,MOZ,Mecula,framework:province:niassa:ccaf40c6a080,85939544B86519405521682,Mecula,true,1,Polygon,1,202,1,Polygon,1,2216,1,,,,,atlas_parent_only_no_redistributable_row_level_INE_confirmation,insufficient-evidence,"The source labels ADM2 as districts, but 159-versus-161 completeness, current parent membership, and license chain are unresolved.",insufficient-evidence,"Exact stable-ID/normalized-name join only. INE reports 161 districts; the 2019 geoBoundaries/OCHA source has 159. Roster, vintage and license remain unresolved."
gb:MOZ:ADM2:85939544B88211826741163,MOZ,Machaze,framework:province:manica:63592fec6972,85939544B88211826741163,Machaze,true,1,Polygon,1,191,1,Polygon,1,3307,1,,,,,atlas_parent_only_no_redistributable_row_level_INE_confirmation,insufficient-evidence,"The source labels ADM2 as districts, but 159-versus-161 completeness, current parent membership, and license chain are unresolved.",insufficient-evidence,"Exact stable-ID/normalized-name join only. INE reports 161 districts; the 2019 geoBoundaries/OCHA source has 159. Roster, vintage and license remain unresolved."
gb:MOZ:ADM2:85939544B92418523619922,MOZ,Chimbonila,framework:province:niassa:ccaf40c6a080,85939544B92418523619922,Chimbonila,true,1,Polygon,1,137,2,Polygon,1,2900,2,,,,,atlas_parent_only_no_redistributable_row_level_INE_confirmation,insufficient-evidence,"The source labels ADM2 as districts, but 159-versus-161 completeness, current parent membership, and license chain are unresolved.",insufficient-evidence,"Exact stable-ID/normalized-name join only. INE reports 161 districts; the 2019 geoBoundaries/OCHA source has 159. Roster, vintage and license remain unresolved."
gb:MOZ:ADM2:85939544B92892346973749,MOZ,Muidumbe,framework:province:cabo-delgado:6fb56db3485a,85939544B92892346973749,Muidumbe,true,1,Polygon,1,80,1,Polygon,1,1896,1,,,,,atlas_parent_only_no_redistributable_row_level_INE_confirmation,insufficient-evidence,"The source labels ADM2 as districts, but 159-versus-161 completeness, current parent membership, and license chain are unresolved.",insufficient-evidence,"Exact stable-ID/normalized-name join only. INE reports 161 districts; the 2019 geoBoundaries/OCHA source has 159. Roster, vintage and license remain unresolved."
gb:MOZ:ADM2:85939544B94652077383293,MOZ,Gorongosa,framework:province:sofala:8f4ddef300af,85939544B94652077383293,Gorongosa,true,1,Polygon,1,140,1,Polygon,1,8536,1,,,,,atlas_parent_only_no_redistributable_row_level_INE_confirmation,insufficient-evidence,"The source labels ADM2 as districts, but 159-versus-161 completeness, current parent membership, and license chain are unresolved.",insufficient-evidence,"Exact stable-ID/normalized-name join only. INE reports 161 districts; the 2019 geoBoundaries/OCHA source has 159. Roster, vintage and license remain unresolved."
gb:MOZ:ADM2:85939544B95923837460414,MOZ,Cuamba,framework:province:niassa:ccaf40c6a080,85939544B95923837460414,Cuamba,true,1,Polygon,1,109,1,Polygon,1,4269,1,,,,,atlas_parent_only_no_redistributable_row_level_INE_confirmation,insufficient-evidence,"The source labels ADM2 as districts, but 159-versus-161 completeness, current parent membership, and license chain are unresolved.",insufficient-evidence,"Exact stable-ID/normalized-name join only. INE reports 161 districts; the 2019 geoBoundaries/OCHA source has 159. Roster, vintage and license remain unresolved."
gb:MOZ:ADM2:85939544B96403406066950,MOZ,Massinga,framework:province:inhambane:5602ec2e3c47,85939544B96403406066950,Massinga,true,1,Polygon,1,89,1,Polygon,1,1917,1,,,,,atlas_parent_only_no_redistributable_row_level_INE_confirmation,insufficient-evidence,"The source labels ADM2 as districts, but 159-versus-161 completeness, current parent membership, and license chain are unresolved.",insufficient-evidence,"Exact stable-ID/normalized-name join only. INE reports 161 districts; the 2019 geoBoundaries/OCHA source has 159. Roster, vintage and license remain unresolved."
gb:MOZ:ADM2:85939544B96550484342715,MOZ,Chemba,framework:province:sofala:8f4ddef300af,85939544B96550484342715,Chemba,true,1,Polygon,1,90,1,Polygon,1,1979,1,,,,,atlas_parent_only_no_redistributable_row_level_INE_confirmation,insufficient-evidence,"The source labels ADM2 as districts, but 159-versus-161 completeness, current parent membership, and license chain are unresolved.",insufficient-evidence,"Exact stable-ID/normalized-name join only. INE reports 161 districts; the 2019 geoBoundaries/OCHA source has 159. Roster, vintage and license remain unresolved."
gb:MOZ:ADM2:85939544B98429522964184,MOZ,Buzi,framework:province:sofala:8f4ddef300af,85939544B98429522964184,Buzi,true,1,MultiPolygon,2,124,2,MultiPolygon,12,20592,12,,,,,atlas_parent_only_no_redistributable_row_level_INE_confirmation,insufficient-evidence,"The source labels ADM2 as districts, but 159-versus-161 completeness, current parent membership, and license chain are unresolved.",insufficient-evidence,"Exact stable-ID/normalized-name join only. INE reports 161 districts; the 2019 geoBoundaries/OCHA source has 159. Roster, vintage and license remain unresolved."
gb:MOZ:ADM2:85939544B99370318353636,MOZ,Sanga,framework:province:niassa:ccaf40c6a080,85939544B99370318353636,Sanga,true,1,Polygon,1,337,1,Polygon,1,6071,1,,,,,atlas_parent_only_no_redistributable_row_level_INE_confirmation,insufficient-evidence,"The source labels ADM2 as districts, but 159-versus-161 completeness, current parent membership, and license chain are unresolved.",insufficient-evidence,"Exact stable-ID/normalized-name join only. INE reports 161 districts; the 2019 geoBoundaries/OCHA source has 159. Roster, vintage and license remain unresolved."
gb:MOZ:ADM2:85939544B9969435799517,MOZ,Homoine,framework:province:inhambane:5602ec2e3c47,85939544B9969435799517,Homoine,true,1,Polygon,1,36,1,Polygon,1,781,1,,,,,atlas_parent_only_no_redistributable_row_level_INE_confirmation,insufficient-evidence,"The source labels ADM2 as districts, but 159-versus-161 completeness, current parent membership, and license chain are unresolved.",insufficient-evidence,"Exact stable-ID/normalized-name join only. INE reports 161 districts; the 2019 geoBoundaries/OCHA source has 159. Roster, vintage and license remain unresolved."
gb:ZMB:ADM2:96606910B1018737914833,ZMB,Kitwe,framework:province:copperbelt:26986cf324ab,96606910B1018737914833,Kitwe,true,1,Polygon,1,52,1,Polygon,1,2677,1,1,Copperbelt,102,102004,matches_2022_PROVINCE,justified,"Unique name crosswalk to a 2022 official DISTRICT feature; its PROVINCE field matches the Atlas parent and the official census reports the national 10-province/116-district tier. This justifies administrative tier/parent only, not boundary accuracy.",insufficient-evidence,Exact stable-ID/name join; province and code fields are not authoritative proof of geometry or legal parentage.
gb:ZMB:ADM2:96606910B10415646720486,ZMB,Chembe,framework:province:luapula:2d464155a8d1,96606910B10415646720486,Chembe,true,1,Polygon,1,124,2,Polygon,1,3713,1,1,Luapula,104,104001,matches_2022_PROVINCE,justified,"Unique name crosswalk to a 2022 official DISTRICT feature; its PROVINCE field matches the Atlas parent and the official census reports the national 10-province/116-district tier. This justifies administrative tier/parent only, not boundary accuracy.",insufficient-evidence,Exact stable-ID/name join; province and code fields are not authoritative proof of geometry or legal parentage.
gb:ZMB:ADM2:96606910B10449137451116,ZMB,Mpulungu,framework:province:northern:77d68f89a0c5,96606910B10449137451116,Mpulungu,true,1,Polygon,1,156,1,Polygon,1,8619,1,1,Northern,107,107007,matches_2022_PROVINCE,justified,"Unique name crosswalk to a 2022 official DISTRICT feature; its PROVINCE field matches the Atlas parent and the official census reports the national 10-province/116-district tier. This justifies administrative tier/parent only, not boundary accuracy.",insufficient-evidence,Exact stable-ID/name join; province and code fields are not authoritative proof of geometry or legal parentage.
gb:ZMB:ADM2:96606910B10621059217070,ZMB,Lusaka,framework:province:lusaka:0a81a8111ef8,96606910B10621059217070,Lusaka,true,1,Polygon,1,32,1,Polygon,1,626,1,1,Lusaka,105,105006,matches_2022_PROVINCE,justified,"Unique name crosswalk to a 2022 official DISTRICT feature; its PROVINCE field matches the Atlas parent and the official census reports the national 10-province/116-district tier. This justifies administrative tier/parent only, not boundary accuracy.",insufficient-evidence,Exact stable-ID/name join; province and code fields are not authoritative proof of geometry or legal parentage.
gb:ZMB:ADM2:96606910B11966717412590,ZMB,Sioma,framework:province:western:de70495d8b70,96606910B11966717412590,Sioma,true,1,Polygon,1,121,1,Polygon,1,2555,1,1,Western,110,110016,matches_2022_PROVINCE,justified,"Unique name crosswalk to a 2022 official DISTRICT feature; its PROVINCE field matches the Atlas parent and the official census reports the national 10-province/116-district tier. This justifies administrative tier/parent only, not boundary accuracy.",insufficient-evidence,Exact stable-ID/name join; province and code fields are not authoritative proof of geometry or legal parentage.
gb:ZMB:ADM2:96606910B11970238956391,ZMB,Lupososhi,framework:province:northern:77d68f89a0c5,96606910B11970238956391,Lupososhi,true,1,Polygon,1,131,1,Polygon,1,10405,1,1,Northern,107,107012,matches_2022_PROVINCE,justified,"Unique name crosswalk to a 2022 official DISTRICT feature; its PROVINCE field matches the Atlas parent and the official census reports the national 10-province/116-district tier. This justifies administrative tier/parent only, not boundary accuracy.",insufficient-evidence,Exact stable-ID/name join; province and code fields are not authoritative proof of geometry or legal parentage.
gb:ZMB:ADM2:96606910B12959301642296,ZMB,Livingstone,framework:province:southern:1552f5341d14,96606910B12959301642296,Livingstone,true,1,MultiPolygon,2,85,3,Polygon,1,1159,1,1,Southern,109,109006,matches_2022_PROVINCE,justified,"Unique name crosswalk to a 2022 official DISTRICT feature; its PROVINCE field matches the Atlas parent and the official census reports the national 10-province/116-district tier. This justifies administrative tier/parent only, not boundary accuracy.",insufficient-evidence,Exact stable-ID/name join; province and code fields are not authoritative proof of geometry or legal parentage.
gb:ZMB:ADM2:96606910B13624449135340,ZMB,Mitete,framework:province:western:de70495d8b70,96606910B13624449135340,Mitete,true,1,Polygon,1,142,1,Polygon,1,9561,1,1,Western,110,110006,matches_2022_PROVINCE,justified,"Unique name crosswalk to a 2022 official DISTRICT feature; its PROVINCE field matches the Atlas parent and the official census reports the national 10-province/116-district tier. This justifies administrative tier/parent only, not boundary accuracy.",insufficient-evidence,Exact stable-ID/name join; province and code fields are not authoritative proof of geometry or legal parentage.
gb:ZMB:ADM2:96606910B14962040673296,ZMB,Shiwang'Andu,framework:province:muchinga:9fae5443c064,96606910B14962040673296,Shiwang'Andu,true,1,Polygon,1,189,1,MultiPolygon,3,11018,3,1,Muchinga,106,106007,matches_2022_PROVINCE,justified,"Unique name crosswalk to a 2022 official DISTRICT feature; its PROVINCE field matches the Atlas parent and the official census reports the national 10-province/116-district tier. This justifies administrative tier/parent only, not boundary accuracy.",insufficient-evidence,Exact stable-ID/name join; province and code fields are not authoritative proof of geometry or legal parentage.
gb:ZMB:ADM2:96606910B15136159078795,ZMB,Manyinga,framework:province:north-western:93234868d6e4,96606910B15136159078795,Manyinga,true,1,Polygon,1,131,1,Polygon,1,5492,1,1,North-Western,108,108005,matches_2022_PROVINCE,justified,"Unique name crosswalk to a 2022 official DISTRICT feature; its PROVINCE field matches the Atlas parent and the official census reports the national 10-province/116-district tier. This justifies administrative tier/parent only, not boundary accuracy.",insufficient-evidence,Exact stable-ID/name join; province and code fields are not authoritative proof of geometry or legal parentage.
gb:ZMB:ADM2:96606910B16035329871790,ZMB,Luano,framework:province:central:9884d4ad9664,96606910B16035329871790,Luano,true,1,Polygon,1,183,1,Polygon,1,6664,1,1,Central,101,101007,matches_2022_PROVINCE,justified,"Unique name crosswalk to a 2022 official DISTRICT feature; its PROVINCE field matches the Atlas parent and the official census reports the national 10-province/116-district tier. This justifies administrative tier/parent only, not boundary accuracy.",insufficient-evidence,Exact stable-ID/name join; province and code fields are not authoritative proof of geometry or legal parentage.
gb:ZMB:ADM2:96606910B16407097160512,ZMB,Sesheke,framework:province:western:de70495d8b70,96606910B16407097160512,Sesheke,true,1,Polygon,1,108,1,Polygon,1,4278,1,1,Western,110,110013,matches_2022_PROVINCE,justified,"Unique name crosswalk to a 2022 official DISTRICT feature; its PROVINCE field matches the Atlas parent and the official census reports the national 10-province/116-district tier. This justifies administrative tier/parent only, not boundary accuracy.",insufficient-evidence,Exact stable-ID/name join; province and code fields are not authoritative proof of geometry or legal parentage.
gb:ZMB:ADM2:96606910B17560798529879,ZMB,Chama,framework:province:muchinga:9fae5443c064,96606910B17560798529879,Chama,true,1,Polygon,1,353,1,Polygon,1,9876,1,1,Eastern,103,106001,current_official_sources_support_Eastern_but_codes_conflict,correction-needed,"ZamStats 2022 and 2023–2047 Eastern Province rosters and current Eastern Province Administration list Chama in Eastern; Chama District Council's 2025 plan says it returned there in 2021. Atlas still assigns Muchinga. 2022 OSG/GRID3 PROV_CODE/DIST_CODE conflict with the PROVINCE name, so the current ADM1 linework/date still needs engineering confirmation.",insufficient-evidence,Sourced current-parent correction candidate (Eastern); preserve ID/geometry pending current licensed ADM1 linework and code reconciliation. #413 independently documents the cross-packet handoff.
gb:ZMB:ADM2:96606910B19262681040951,ZMB,Shangombo,framework:province:western:de70495d8b70,96606910B19262681040951,Shangombo,true,1,Polygon,1,135,1,Polygon,1,5072,1,1,Western,110,110014,matches_2022_PROVINCE,justified,"Unique name crosswalk to a 2022 official DISTRICT feature; its PROVINCE field matches the Atlas parent and the official census reports the national 10-province/116-district tier. This justifies administrative tier/parent only, not boundary accuracy.",insufficient-evidence,Exact stable-ID/name join; province and code fields are not authoritative proof of geometry or legal parentage.
gb:ZMB:ADM2:96606910B20600796740117,ZMB,Sinazongwe,framework:province:southern:1552f5341d14,96606910B20600796740117,Sinazongwe,true,1,Polygon,1,105,4,Polygon,1,1281,1,1,Southern,109,109012,matches_2022_PROVINCE,justified,"Unique name crosswalk to a 2022 official DISTRICT feature; its PROVINCE field matches the Atlas parent and the official census reports the national 10-province/116-district tier. This justifies administrative tier/parent only, not boundary accuracy.",insufficient-evidence,Exact stable-ID/name join; province and code fields are not authoritative proof of geometry or legal parentage.
gb:ZMB:ADM2:96606910B20946814397752,ZMB,Kalulushi,framework:province:copperbelt:26986cf324ab,96606910B20946814397752,Kalulushi,true,1,Polygon,1,51,1,Polygon,1,2005,1,1,Copperbelt,102,102003,matches_2022_PROVINCE,justified,"Unique name crosswalk to a 2022 official DISTRICT feature; its PROVINCE field matches the Atlas parent and the official census reports the national 10-province/116-district tier. This justifies administrative tier/parent only, not boundary accuracy.",insufficient-evidence,Exact stable-ID/name join; province and code fields are not authoritative proof of geometry or legal parentage.
gb:ZMB:ADM2:96606910B23171864038647,ZMB,Mungwi,framework:province:northern:77d68f89a0c5,96606910B23171864038647,Mungwi,true,1,Polygon,1,152,1,Polygon,1,20657,1,1,Northern,107,107008,matches_2022_PROVINCE,justified,"Unique name crosswalk to a 2022 official DISTRICT feature; its PROVINCE field matches the Atlas parent and the official census reports the national 10-province/116-district tier. This justifies administrative tier/parent only, not boundary accuracy.",insufficient-evidence,Exact stable-ID/name join; province and code fields are not authoritative proof of geometry or legal parentage.
gb:ZMB:ADM2:96606910B25287686140667,ZMB,Chipili,framework:province:luapula:2d464155a8d1,96606910B25287686140667,Chipili,true,1,Polygon,1,117,1,Polygon,1,10883,1,1,Luapula,104,104003,matches_2022_PROVINCE,justified,"Unique name crosswalk to a 2022 official DISTRICT feature; its PROVINCE field matches the Atlas parent and the official census reports the national 10-province/116-district tier. This justifies administrative tier/parent only, not boundary accuracy.",insufficient-evidence,Exact stable-ID/name join; province and code fields are not authoritative proof of geometry or legal parentage.
gb:ZMB:ADM2:96606910B26185337086625,ZMB,Mwinilunga,framework:province:north-western:93234868d6e4,96606910B26185337086625,Mwinilunga,true,1,Polygon,1,375,3,Polygon,1,19643,2,1,North-Western,108,108007,matches_2022_PROVINCE,justified,"Unique name crosswalk to a 2022 official DISTRICT feature; its PROVINCE field matches the Atlas parent and the official census reports the national 10-province/116-district tier. This justifies administrative tier/parent only, not boundary accuracy.",insufficient-evidence,Exact stable-ID/name join; province and code fields are not authoritative proof of geometry or legal parentage.
gb:ZMB:ADM2:96606910B27526943690880,ZMB,Lunte,framework:province:northern:77d68f89a0c5,96606910B27526943690880,Lunte,true,1,Polygon,1,261,1,Polygon,1,32150,1,1,Northern,107,107011,matches_2022_PROVINCE,justified,"Unique name crosswalk to a 2022 official DISTRICT feature; its PROVINCE field matches the Atlas parent and the official census reports the national 10-province/116-district tier. This justifies administrative tier/parent only, not boundary accuracy.",insufficient-evidence,Exact stable-ID/name join; province and code fields are not authoritative proof of geometry or legal parentage.
gb:ZMB:ADM2:96606910B27641216908272,ZMB,Lufwanyama,framework:province:copperbelt:26986cf324ab,96606910B27641216908272,Lufwanyama,true,1,Polygon,1,171,1,Polygon,1,6890,1,1,Copperbelt,102,102006,matches_2022_PROVINCE,justified,"Unique name crosswalk to a 2022 official DISTRICT feature; its PROVINCE field matches the Atlas parent and the official census reports the national 10-province/116-district tier. This justifies administrative tier/parent only, not boundary accuracy.",insufficient-evidence,Exact stable-ID/name join; province and code fields are not authoritative proof of geometry or legal parentage.
gb:ZMB:ADM2:96606910B28047609597150,ZMB,Luwingu,framework:province:northern:77d68f89a0c5,96606910B28047609597150,Luwingu,true,1,Polygon,1,148,1,MultiPolygon,2,18513,2,1,Northern,107,107004,matches_2022_PROVINCE,justified,"Unique name crosswalk to a 2022 official DISTRICT feature; its PROVINCE field matches the Atlas parent and the official census reports the national 10-province/116-district tier. This justifies administrative tier/parent only, not boundary accuracy.",insufficient-evidence,Exact stable-ID/name join; province and code fields are not authoritative proof of geometry or legal parentage.
gb:ZMB:ADM2:96606910B30237809157373,ZMB,Kalumbila,framework:province:north-western:93234868d6e4,96606910B30237809157373,Kalumbila,true,1,Polygon,1,252,1,MultiPolygon,2,16231,2,1,North-Western,108,108010,matches_2022_PROVINCE,justified,"Unique name crosswalk to a 2022 official DISTRICT feature; its PROVINCE field matches the Atlas parent and the official census reports the national 10-province/116-district tier. This justifies administrative tier/parent only, not boundary accuracy.",insufficient-evidence,Exact stable-ID/name join; province and code fields are not authoritative proof of geometry or legal parentage.
gb:ZMB:ADM2:96606910B3196683578902,ZMB,Mulobezi,framework:province:western:de70495d8b70,96606910B3196683578902,Mulobezi,true,1,Polygon,1,148,1,Polygon,1,7890,1,1,Western,110,110008,matches_2022_PROVINCE,justified,"Unique name crosswalk to a 2022 official DISTRICT feature; its PROVINCE field matches the Atlas parent and the official census reports the national 10-province/116-district tier. This justifies administrative tier/parent only, not boundary accuracy.",insufficient-evidence,Exact stable-ID/name join; province and code fields are not authoritative proof of geometry or legal parentage.
gb:ZMB:ADM2:96606910B32160654105939,ZMB,Ikelenge,framework:province:north-western:93234868d6e4,96606910B32160654105939,Ikelenge,true,1,Polygon,1,145,1,Polygon,1,4154,1,1,North-Western,108,108002,matches_2022_PROVINCE,justified,"Unique name crosswalk to a 2022 official DISTRICT feature; its PROVINCE field matches the Atlas parent and the official census reports the national 10-province/116-district tier. This justifies administrative tier/parent only, not boundary accuracy.",insufficient-evidence,Exact stable-ID/name join; province and code fields are not authoritative proof of geometry or legal parentage.
gb:ZMB:ADM2:96606910B32717004733154,ZMB,Chongwe,framework:province:lusaka:0a81a8111ef8,96606910B32717004733154,Chongwe,true,1,Polygon,1,72,1,Polygon,1,800,1,1,Lusaka,105,105003,matches_2022_PROVINCE,justified,"Unique name crosswalk to a 2022 official DISTRICT feature; its PROVINCE field matches the Atlas parent and the official census reports the national 10-province/116-district tier. This justifies administrative tier/parent only, not boundary accuracy.",insufficient-evidence,Exact stable-ID/name join; province and code fields are not authoritative proof of geometry or legal parentage.
gb:ZMB:ADM2:96606910B35256638811207,ZMB,Chirundu,framework:province:lusaka:0a81a8111ef8,96606910B35256638811207,Chirundu,true,1,Polygon,1,72,1,Polygon,1,2109,1,1,Southern,109,105002,2021_official_transfer_and_2022_PROVINCE_support_Southern_codes_conflict,correction-needed,"Chirundu Town Council reports the district moved from Lusaka to Southern in 2021 and current Southern official listings place it there; the 2022 layer PROVINCE also says Southern. Atlas still assigns Lusaka. The 2022 PROV_CODE/DIST_CODE disagree with its PROVINCE field, so retain the parent handoff and resolve code/linework vintage before engineering changes.",insufficient-evidence,Sourced current-parent correction candidate (Southern); preserve ID/geometry pending current licensed ADM1 linework and code reconciliation.
gb:ZMB:ADM2:96606910B37180348733704,ZMB,Mufulira,framework:province:copperbelt:26986cf324ab,96606910B37180348733704,Mufulira,true,1,Polygon,1,117,1,Polygon,1,3962,1,1,Copperbelt,102,102009,matches_2022_PROVINCE,justified,"Unique name crosswalk to a 2022 official DISTRICT feature; its PROVINCE field matches the Atlas parent and the official census reports the national 10-province/116-district tier. This justifies administrative tier/parent only, not boundary accuracy.",insufficient-evidence,Exact stable-ID/name join; province and code fields are not authoritative proof of geometry or legal parentage.
gb:ZMB:ADM2:96606910B37258058096160,ZMB,Nchelenge,framework:province:luapula:2d464155a8d1,96606910B37258058096160,Nchelenge,true,1,MultiPolygon,2,120,4,Polygon,1,1853,1,1,Luapula,104,104010,matches_2022_PROVINCE,justified,"Unique name crosswalk to a 2022 official DISTRICT feature; its PROVINCE field matches the Atlas parent and the official census reports the national 10-province/116-district tier. This justifies administrative tier/parent only, not boundary accuracy.",insufficient-evidence,Exact stable-ID/name join; province and code fields are not authoritative proof of geometry or legal parentage.
gb:ZMB:ADM2:96606910B37920738728221,ZMB,Mumbwa,framework:province:central:9884d4ad9664,96606910B37920738728221,Mumbwa,true,1,Polygon,1,157,1,Polygon,1,1991,1,1,Central,101,101009,matches_2022_PROVINCE,justified,"Unique name crosswalk to a 2022 official DISTRICT feature; its PROVINCE field matches the Atlas parent and the official census reports the national 10-province/116-district tier. This justifies administrative tier/parent only, not boundary accuracy.",insufficient-evidence,Exact stable-ID/name join; province and code fields are not authoritative proof of geometry or legal parentage.
gb:ZMB:ADM2:96606910B39507061952782,ZMB,Milengi,framework:province:luapula:2d464155a8d1,96606910B39507061952782,Milengi,true,1,Polygon,1,180,1,Polygon,1,5045,1,1,Luapula,104,104007,matches_2022_PROVINCE,justified,"Unique name crosswalk to a 2022 official DISTRICT feature; its PROVINCE field matches the Atlas parent and the official census reports the national 10-province/116-district tier. This justifies administrative tier/parent only, not boundary accuracy.",insufficient-evidence,Exact stable-ID/name join; province and code fields are not authoritative proof of geometry or legal parentage.
gb:ZMB:ADM2:96606910B40420728980339,ZMB,Chililabombwe,framework:province:copperbelt:26986cf324ab,96606910B40420728980339,Chililabombwe,true,1,Polygon,1,111,1,Polygon,1,3186,1,1,Copperbelt,102,102001,matches_2022_PROVINCE,justified,"Unique name crosswalk to a 2022 official DISTRICT feature; its PROVINCE field matches the Atlas parent and the official census reports the national 10-province/116-district tier. This justifies administrative tier/parent only, not boundary accuracy.",insufficient-evidence,Exact stable-ID/name join; province and code fields are not authoritative proof of geometry or legal parentage.
gb:ZMB:ADM2:96606910B40769326482894,ZMB,Kapiri Mposhi,framework:province:central:9884d4ad9664,96606910B40769326482894,Kapiri Mposhi,true,1,Polygon,1,186,1,Polygon,1,13363,1,1,Central,101,101006,matches_2022_PROVINCE,justified,"Unique name crosswalk to a 2022 official DISTRICT feature; its PROVINCE field matches the Atlas parent and the official census reports the national 10-province/116-district tier. This justifies administrative tier/parent only, not boundary accuracy.",insufficient-evidence,Exact stable-ID/name join; province and code fields are not authoritative proof of geometry or legal parentage.
gb:ZMB:ADM2:96606910B4218134786212,ZMB,Lunga,framework:province:luapula:2d464155a8d1,96606910B4218134786212,Lunga,true,1,Polygon,1,37,1,Polygon,1,1081,1,1,Luapula,104,104005,matches_2022_PROVINCE,justified,"Unique name crosswalk to a 2022 official DISTRICT feature; its PROVINCE field matches the Atlas parent and the official census reports the national 10-province/116-district tier. This justifies administrative tier/parent only, not boundary accuracy.",insufficient-evidence,Exact stable-ID/name join; province and code fields are not authoritative proof of geometry or legal parentage.
gb:ZMB:ADM2:96606910B42234900410364,ZMB,Nkeyema,framework:province:western:de70495d8b70,96606910B42234900410364,Nkeyema,true,1,Polygon,1,68,1,Polygon,1,2166,1,1,Western,110,110011,matches_2022_PROVINCE,justified,"Unique name crosswalk to a 2022 official DISTRICT feature; its PROVINCE field matches the Atlas parent and the official census reports the national 10-province/116-district tier. This justifies administrative tier/parent only, not boundary accuracy.",insufficient-evidence,Exact stable-ID/name join; province and code fields are not authoritative proof of geometry or legal parentage.
gb:ZMB:ADM2:96606910B43712843056023,ZMB,Mpongwe,framework:province:copperbelt:26986cf324ab,96606910B43712843056023,Mpongwe,true,1,Polygon,1,201,1,Polygon,1,16458,1,1,Copperbelt,102,102008,matches_2022_PROVINCE,justified,"Unique name crosswalk to a 2022 official DISTRICT feature; its PROVINCE field matches the Atlas parent and the official census reports the national 10-province/116-district tier. This justifies administrative tier/parent only, not boundary accuracy.",insufficient-evidence,Exact stable-ID/name join; province and code fields are not authoritative proof of geometry or legal parentage.
gb:ZMB:ADM2:96606910B45059584224762,ZMB,Kalomo,framework:province:southern:1552f5341d14,96606910B45059584224762,Kalomo,true,1,Polygon,1,144,1,Polygon,1,9651,1,1,Southern,109,109004,matches_2022_PROVINCE,justified,"Unique name crosswalk to a 2022 official DISTRICT feature; its PROVINCE field matches the Atlas parent and the official census reports the national 10-province/116-district tier. This justifies administrative tier/parent only, not boundary accuracy.",insufficient-evidence,Exact stable-ID/name join; province and code fields are not authoritative proof of geometry or legal parentage.
gb:ZMB:ADM2:96606910B45616226024157,ZMB,Kaoma,framework:province:western:de70495d8b70,96606910B45616226024157,Kaoma,true,1,Polygon,1,151,1,MultiPolygon,2,10964,2,1,Western,110,110002,matches_2022_PROVINCE,justified,"Unique name crosswalk to a 2022 official DISTRICT feature; its PROVINCE field matches the Atlas parent and the official census reports the national 10-province/116-district tier. This justifies administrative tier/parent only, not boundary accuracy.",insufficient-evidence,Exact stable-ID/name join; province and code fields are not authoritative proof of geometry or legal parentage.
gb:ZMB:ADM2:96606910B46264133370016,ZMB,Mushindano,framework:province:north-western:93234868d6e4,96606910B46264133370016,Mushindano,true,1,MultiPolygon,2,341,3,Polygon,1,10035,1,1,North-Western,108,108011,matches_2022_PROVINCE,justified,"Unique name crosswalk to a 2022 official DISTRICT feature; its PROVINCE field matches the Atlas parent and the official census reports the national 10-province/116-district tier. This justifies administrative tier/parent only, not boundary accuracy.",insufficient-evidence,Exact stable-ID/name join; province and code fields are not authoritative proof of geometry or legal parentage.
gb:ZMB:ADM2:96606910B46360514720663,ZMB,Nsama,framework:province:northern:77d68f89a0c5,96606910B46360514720663,Nsama,true,1,Polygon,1,137,1,Polygon,1,6176,1,1,Northern,107,107009,matches_2022_PROVINCE,justified,"Unique name crosswalk to a 2022 official DISTRICT feature; its PROVINCE field matches the Atlas parent and the official census reports the national 10-province/116-district tier. This justifies administrative tier/parent only, not boundary accuracy.",insufficient-evidence,Exact stable-ID/name join; province and code fields are not authoritative proof of geometry or legal parentage.
gb:ZMB:ADM2:96606910B48291631033153,ZMB,Mansa,framework:province:luapula:2d464155a8d1,96606910B48291631033153,Mansa,true,1,MultiPolygon,2,200,2,Polygon,1,8680,1,1,Luapula,104,104006,matches_2022_PROVINCE,justified,"Unique name crosswalk to a 2022 official DISTRICT feature; its PROVINCE field matches the Atlas parent and the official census reports the national 10-province/116-district tier. This justifies administrative tier/parent only, not boundary accuracy.",insufficient-evidence,Exact stable-ID/name join; province and code fields are not authoritative proof of geometry or legal parentage.
gb:ZMB:ADM2:96606910B48730551364911,ZMB,Luangwa,framework:province:lusaka:0a81a8111ef8,96606910B48730551364911,Luangwa,true,1,Polygon,1,193,1,Polygon,1,2160,1,1,Lusaka,105,105005,matches_2022_PROVINCE,justified,"Unique name crosswalk to a 2022 official DISTRICT feature; its PROVINCE field matches the Atlas parent and the official census reports the national 10-province/116-district tier. This justifies administrative tier/parent only, not boundary accuracy.",insufficient-evidence,Exact stable-ID/name join; province and code fields are not authoritative proof of geometry or legal parentage.
gb:ZMB:ADM2:96606910B48739682467937,ZMB,Limulunga,framework:province:western:de70495d8b70,96606910B48739682467937,Limulunga,true,1,Polygon,1,74,1,Polygon,1,2624,1,1,Western,110,110003,matches_2022_PROVINCE,justified,"Unique name crosswalk to a 2022 official DISTRICT feature; its PROVINCE field matches the Atlas parent and the official census reports the national 10-province/116-district tier. This justifies administrative tier/parent only, not boundary accuracy.",insufficient-evidence,Exact stable-ID/name join; province and code fields are not authoritative proof of geometry or legal parentage.
gb:ZMB:ADM2:96606910B49131847475849,ZMB,Kasama,framework:province:northern:77d68f89a0c5,96606910B49131847475849,Kasama,true,1,Polygon,1,267,1,Polygon,1,44966,2,1,Northern,107,107003,matches_2022_PROVINCE,justified,"Unique name crosswalk to a 2022 official DISTRICT feature; its PROVINCE field matches the Atlas parent and the official census reports the national 10-province/116-district tier. This justifies administrative tier/parent only, not boundary accuracy.",insufficient-evidence,Exact stable-ID/name join; province and code fields are not authoritative proof of geometry or legal parentage.
gb:ZMB:ADM2:96606910B49575738019753,ZMB,Chinsali,framework:province:muchinga:9fae5443c064,96606910B49575738019753,Chinsali,true,1,Polygon,1,152,1,Polygon,1,9478,3,1,Muchinga,106,106002,matches_2022_PROVINCE,justified,"Unique name crosswalk to a 2022 official DISTRICT feature; its PROVINCE field matches the Atlas parent and the official census reports the national 10-province/116-district tier. This justifies administrative tier/parent only, not boundary accuracy.",insufficient-evidence,Exact stable-ID/name join; province and code fields are not authoritative proof of geometry or legal parentage.
gb:ZMB:ADM2:96606910B50694573542024,ZMB,Nalolo,framework:province:western:de70495d8b70,96606910B50694573542024,Nalolo,true,1,Polygon,1,86,1,Polygon,1,4545,1,1,Western,110,110010,matches_2022_PROVINCE,justified,"Unique name crosswalk to a 2022 official DISTRICT feature; its PROVINCE field matches the Atlas parent and the official census reports the national 10-province/116-district tier. This justifies administrative tier/parent only, not boundary accuracy.",insufficient-evidence,Exact stable-ID/name join; province and code fields are not authoritative proof of geometry or legal parentage.
gb:ZMB:ADM2:96606910B51649803270254,ZMB,Samfya,framework:province:luapula:2d464155a8d1,96606910B51649803270254,Samfya,true,1,Polygon,1,114,1,Polygon,1,2242,1,1,Luapula,104,104011,matches_2022_PROVINCE,justified,"Unique name crosswalk to a 2022 official DISTRICT feature; its PROVINCE field matches the Atlas parent and the official census reports the national 10-province/116-district tier. This justifies administrative tier/parent only, not boundary accuracy.",insufficient-evidence,Exact stable-ID/name join; province and code fields are not authoritative proof of geometry or legal parentage.
gb:ZMB:ADM2:96606910B52944150437375,ZMB,Chavuma,framework:province:north-western:93234868d6e4,96606910B52944150437375,Chavuma,true,1,Polygon,1,59,1,Polygon,1,695,1,1,North-Western,108,108001,matches_2022_PROVINCE,justified,"Unique name crosswalk to a 2022 official DISTRICT feature; its PROVINCE field matches the Atlas parent and the official census reports the national 10-province/116-district tier. This justifies administrative tier/parent only, not boundary accuracy.",insufficient-evidence,Exact stable-ID/name join; province and code fields are not authoritative proof of geometry or legal parentage.
gb:ZMB:ADM2:96606910B53104033004120,ZMB,Chibombo,framework:province:central:9884d4ad9664,96606910B53104033004120,Chibombo,true,1,Polygon,1,118,1,Polygon,1,11142,1,1,Central,101,101001,matches_2022_PROVINCE,justified,"Unique name crosswalk to a 2022 official DISTRICT feature; its PROVINCE field matches the Atlas parent and the official census reports the national 10-province/116-district tier. This justifies administrative tier/parent only, not boundary accuracy.",insufficient-evidence,Exact stable-ID/name join; province and code fields are not authoritative proof of geometry or legal parentage.
gb:ZMB:ADM2:96606910B5408602862486,ZMB,Sikongo,framework:province:western:de70495d8b70,96606910B5408602862486,Sikongo,true,1,Polygon,1,79,1,Polygon,1,8966,1,1,Western,110,110015,matches_2022_PROVINCE,justified,"Unique name crosswalk to a 2022 official DISTRICT feature; its PROVINCE field matches the Atlas parent and the official census reports the national 10-province/116-district tier. This justifies administrative tier/parent only, not boundary accuracy.",insufficient-evidence,Exact stable-ID/name join; province and code fields are not authoritative proof of geometry or legal parentage.
gb:ZMB:ADM2:96606910B54328368707661,ZMB,Namwala,framework:province:southern:1552f5341d14,96606910B54328368707661,Namwala,true,1,Polygon,1,93,1,Polygon,1,4438,1,1,Southern,109,109009,matches_2022_PROVINCE,justified,"Unique name crosswalk to a 2022 official DISTRICT feature; its PROVINCE field matches the Atlas parent and the official census reports the national 10-province/116-district tier. This justifies administrative tier/parent only, not boundary accuracy.",insufficient-evidence,Exact stable-ID/name join; province and code fields are not authoritative proof of geometry or legal parentage.
gb:ZMB:ADM2:96606910B54849868159577,ZMB,Mufumbwe,framework:province:north-western:93234868d6e4,96606910B54849868159577,Mufumbwe,true,1,Polygon,1,279,1,Polygon,1,16568,1,1,North-Western,108,108006,matches_2022_PROVINCE,justified,"Unique name crosswalk to a 2022 official DISTRICT feature; its PROVINCE field matches the Atlas parent and the official census reports the national 10-province/116-district tier. This justifies administrative tier/parent only, not boundary accuracy.",insufficient-evidence,Exact stable-ID/name join; province and code fields are not authoritative proof of geometry or legal parentage.
gb:ZMB:ADM2:96606910B5671768599011,ZMB,Mporokoso,framework:province:northern:77d68f89a0c5,96606910B5671768599011,Mporokoso,true,1,Polygon,1,137,1,Polygon,1,8742,1,1,Northern,107,107006,matches_2022_PROVINCE,justified,"Unique name crosswalk to a 2022 official DISTRICT feature; its PROVINCE field matches the Atlas parent and the official census reports the national 10-province/116-district tier. This justifies administrative tier/parent only, not boundary accuracy.",insufficient-evidence,Exact stable-ID/name join; province and code fields are not authoritative proof of geometry or legal parentage.
gb:ZMB:ADM2:96606910B60229531220552,ZMB,Senga Hill,framework:province:northern:77d68f89a0c5,96606910B60229531220552,Senga Hill,true,1,Polygon,1,175,1,Polygon,1,21400,1,1,Northern,107,107010,matches_2022_PROVINCE,justified,"Unique name crosswalk to a 2022 official DISTRICT feature; its PROVINCE field matches the Atlas parent and the official census reports the national 10-province/116-district tier. This justifies administrative tier/parent only, not boundary accuracy.",insufficient-evidence,Exact stable-ID/name join; province and code fields are not authoritative proof of geometry or legal parentage.
gb:ZMB:ADM2:96606910B6098711564137,ZMB,Chikankanta,framework:province:southern:1552f5341d14,96606910B6098711564137,Chikankanta,true,1,Polygon,1,82,1,Polygon,1,1832,1,1,Southern,109,109001,matches_2022_PROVINCE,justified,"Unique name crosswalk to a 2022 official DISTRICT feature; its PROVINCE field matches the Atlas parent and the official census reports the national 10-province/116-district tier. This justifies administrative tier/parent only, not boundary accuracy.",insufficient-evidence,Exact stable-ID/name join; province and code fields are not authoritative proof of geometry or legal parentage.
gb:ZMB:ADM2:96606910B62371668778538,ZMB,Chitambo,framework:province:central:9884d4ad9664,96606910B62371668778538,Chitambo,true,1,Polygon,1,244,1,Polygon,1,11796,1,1,Central,101,101003,matches_2022_PROVINCE,justified,"Unique name crosswalk to a 2022 official DISTRICT feature; its PROVINCE field matches the Atlas parent and the official census reports the national 10-province/116-district tier. This justifies administrative tier/parent only, not boundary accuracy.",insufficient-evidence,Exact stable-ID/name join; province and code fields are not authoritative proof of geometry or legal parentage.
gb:ZMB:ADM2:96606910B65361757033996,ZMB,Mwense,framework:province:luapula:2d464155a8d1,96606910B65361757033996,Mwense,true,1,Polygon,1,170,3,Polygon,1,3835,1,1,Luapula,104,104009,matches_2022_PROVINCE,justified,"Unique name crosswalk to a 2022 official DISTRICT feature; its PROVINCE field matches the Atlas parent and the official census reports the national 10-province/116-district tier. This justifies administrative tier/parent only, not boundary accuracy.",insufficient-evidence,Exact stable-ID/name join; province and code fields are not authoritative proof of geometry or legal parentage.
gb:ZMB:ADM2:96606910B66911286782898,ZMB,Lukulu,framework:province:western:de70495d8b70,96606910B66911286782898,Lukulu,true,1,Polygon,1,210,1,Polygon,1,10498,2,1,Western,110,110005,matches_2022_PROVINCE,justified,"Unique name crosswalk to a 2022 official DISTRICT feature; its PROVINCE field matches the Atlas parent and the official census reports the national 10-province/116-district tier. This justifies administrative tier/parent only, not boundary accuracy.",insufficient-evidence,Exact stable-ID/name join; province and code fields are not authoritative proof of geometry or legal parentage.
gb:ZMB:ADM2:96606910B67741623521388,ZMB,Mwandi,framework:province:western:de70495d8b70,96606910B67741623521388,Mwandi,true,1,Polygon,1,102,1,Polygon,1,3855,1,1,Western,110,110009,matches_2022_PROVINCE,justified,"Unique name crosswalk to a 2022 official DISTRICT feature; its PROVINCE field matches the Atlas parent and the official census reports the national 10-province/116-district tier. This justifies administrative tier/parent only, not boundary accuracy.",insufficient-evidence,Exact stable-ID/name join; province and code fields are not authoritative proof of geometry or legal parentage.
gb:ZMB:ADM2:96606910B6838055437947,ZMB,Chilubi,framework:province:northern:77d68f89a0c5,96606910B6838055437947,Chilubi,true,1,Polygon,1,78,1,Polygon,1,5593,1,1,Northern,107,107001,matches_2022_PROVINCE,justified,"Unique name crosswalk to a 2022 official DISTRICT feature; its PROVINCE field matches the Atlas parent and the official census reports the national 10-province/116-district tier. This justifies administrative tier/parent only, not boundary accuracy.",insufficient-evidence,Exact stable-ID/name join; province and code fields are not authoritative proof of geometry or legal parentage.
gb:ZMB:ADM2:96606910B68487362337591,ZMB,Kawambwa,framework:province:luapula:2d464155a8d1,96606910B68487362337591,Kawambwa,true,1,Polygon,1,144,1,Polygon,1,8761,1,1,Luapula,104,104004,matches_2022_PROVINCE,justified,"Unique name crosswalk to a 2022 official DISTRICT feature; its PROVINCE field matches the Atlas parent and the official census reports the national 10-province/116-district tier. This justifies administrative tier/parent only, not boundary accuracy.",insufficient-evidence,Exact stable-ID/name join; province and code fields are not authoritative proof of geometry or legal parentage.
gb:ZMB:ADM2:96606910B70191271227661,ZMB,Kafue,framework:province:lusaka:0a81a8111ef8,96606910B70191271227661,Kafue,true,1,Polygon,1,153,1,Polygon,1,1996,1,1,Lusaka,105,105004,matches_2022_PROVINCE,justified,"Unique name crosswalk to a 2022 official DISTRICT feature; its PROVINCE field matches the Atlas parent and the official census reports the national 10-province/116-district tier. This justifies administrative tier/parent only, not boundary accuracy.",insufficient-evidence,Exact stable-ID/name join; province and code fields are not authoritative proof of geometry or legal parentage.
gb:ZMB:ADM2:96606910B70334566672203,ZMB,Kalabo,framework:province:western:de70495d8b70,96606910B70334566672203,Kalabo,true,1,Polygon,1,165,1,Polygon,1,12323,1,1,Western,110,110001,matches_2022_PROVINCE,justified,"Unique name crosswalk to a 2022 official DISTRICT feature; its PROVINCE field matches the Atlas parent and the official census reports the national 10-province/116-district tier. This justifies administrative tier/parent only, not boundary accuracy.",insufficient-evidence,Exact stable-ID/name join; province and code fields are not authoritative proof of geometry or legal parentage.
gb:ZMB:ADM2:96606910B70902538429016,ZMB,Ngabwe,framework:province:central:9884d4ad9664,96606910B70902538429016,Ngabwe,true,1,Polygon,1,126,1,Polygon,1,5088,1,1,Central,101,101010,matches_2022_PROVINCE,justified,"Unique name crosswalk to a 2022 official DISTRICT feature; its PROVINCE field matches the Atlas parent and the official census reports the national 10-province/116-district tier. This justifies administrative tier/parent only, not boundary accuracy.",insufficient-evidence,Exact stable-ID/name join; province and code fields are not authoritative proof of geometry or legal parentage.
gb:ZMB:ADM2:96606910B72559103883158,ZMB,Kabwe,framework:province:central:9884d4ad9664,96606910B72559103883158,Kabwe,true,1,Polygon,1,53,1,Polygon,1,2111,1,1,Central,101,101005,matches_2022_PROVINCE,justified,"Unique name crosswalk to a 2022 official DISTRICT feature; its PROVINCE field matches the Atlas parent and the official census reports the national 10-province/116-district tier. This justifies administrative tier/parent only, not boundary accuracy.",insufficient-evidence,Exact stable-ID/name join; province and code fields are not authoritative proof of geometry or legal parentage.
gb:ZMB:ADM2:96606910B73975181244202,ZMB,Choma,framework:province:southern:1552f5341d14,96606910B73975181244202,Choma,true,1,Polygon,1,114,1,Polygon,1,5359,1,1,Southern,109,109002,matches_2022_PROVINCE,justified,"Unique name crosswalk to a 2022 official DISTRICT feature; its PROVINCE field matches the Atlas parent and the official census reports the national 10-province/116-district tier. This justifies administrative tier/parent only, not boundary accuracy.",insufficient-evidence,Exact stable-ID/name join; province and code fields are not authoritative proof of geometry or legal parentage.
gb:ZMB:ADM2:96606910B74743827741249,ZMB,Mafinga,framework:province:muchinga:9fae5443c064,96606910B74743827741249,Mafinga,true,1,Polygon,1,192,1,Polygon,1,5399,1,1,Muchinga,106,106004,matches_2022_PROVINCE,justified,"Unique name crosswalk to a 2022 official DISTRICT feature; its PROVINCE field matches the Atlas parent and the official census reports the national 10-province/116-district tier. This justifies administrative tier/parent only, not boundary accuracy.",insufficient-evidence,Exact stable-ID/name join; province and code fields are not authoritative proof of geometry or legal parentage.
gb:ZMB:ADM2:96606910B75049689384444,ZMB,Kasempa,framework:province:north-western:93234868d6e4,96606910B75049689384444,Kasempa,true,1,Polygon,1,236,1,Polygon,1,10366,1,1,North-Western,108,108004,matches_2022_PROVINCE,justified,"Unique name crosswalk to a 2022 official DISTRICT feature; its PROVINCE field matches the Atlas parent and the official census reports the national 10-province/116-district tier. This justifies administrative tier/parent only, not boundary accuracy.",insufficient-evidence,Exact stable-ID/name join; province and code fields are not authoritative proof of geometry or legal parentage.
gb:ZMB:ADM2:96606910B75415616642530,ZMB,Luanshya,framework:province:copperbelt:26986cf324ab,96606910B75415616642530,Luanshya,true,1,Polygon,1,40,1,Polygon,1,4191,1,1,Copperbelt,102,102005,matches_2022_PROVINCE,justified,"Unique name crosswalk to a 2022 official DISTRICT feature; its PROVINCE field matches the Atlas parent and the official census reports the national 10-province/116-district tier. This justifies administrative tier/parent only, not boundary accuracy.",insufficient-evidence,Exact stable-ID/name join; province and code fields are not authoritative proof of geometry or legal parentage.
gb:ZMB:ADM2:96606910B75659295397669,ZMB,Luampa,framework:province:western:de70495d8b70,96606910B75659295397669,Luampa,true,1,Polygon,1,108,1,Polygon,1,1146,1,1,Western,110,110004,matches_2022_PROVINCE,justified,"Unique name crosswalk to a 2022 official DISTRICT feature; its PROVINCE field matches the Atlas parent and the official census reports the national 10-province/116-district tier. This justifies administrative tier/parent only, not boundary accuracy.",insufficient-evidence,Exact stable-ID/name join; province and code fields are not authoritative proof of geometry or legal parentage.
gb:ZMB:ADM2:96606910B75728228725802,ZMB,Mbala,framework:province:northern:77d68f89a0c5,96606910B75728228725802,Mbala,true,1,Polygon,1,160,1,Polygon,1,10353,1,1,Northern,107,107005,matches_2022_PROVINCE,justified,"Unique name crosswalk to a 2022 official DISTRICT feature; its PROVINCE field matches the Atlas parent and the official census reports the national 10-province/116-district tier. This justifies administrative tier/parent only, not boundary accuracy.",insufficient-evidence,Exact stable-ID/name join; province and code fields are not authoritative proof of geometry or legal parentage.
gb:ZMB:ADM2:96606910B76461295717926,ZMB,Mkushi,framework:province:central:9884d4ad9664,96606910B76461295717926,Mkushi,true,1,Polygon,1,204,1,Polygon,1,11216,1,1,Central,101,101008,matches_2022_PROVINCE,justified,"Unique name crosswalk to a 2022 official DISTRICT feature; its PROVINCE field matches the Atlas parent and the official census reports the national 10-province/116-district tier. This justifies administrative tier/parent only, not boundary accuracy.",insufficient-evidence,Exact stable-ID/name join; province and code fields are not authoritative proof of geometry or legal parentage.
gb:ZMB:ADM2:96606910B76619304368438,ZMB,Zambezi,framework:province:north-western:93234868d6e4,96606910B76619304368438,Zambezi,true,1,Polygon,1,176,1,Polygon,1,10529,1,1,North-Western,108,108009,matches_2022_PROVINCE,justified,"Unique name crosswalk to a 2022 official DISTRICT feature; its PROVINCE field matches the Atlas parent and the official census reports the national 10-province/116-district tier. This justifies administrative tier/parent only, not boundary accuracy.",insufficient-evidence,Exact stable-ID/name join; province and code fields are not authoritative proof of geometry or legal parentage.
gb:ZMB:ADM2:96606910B76631115886164,ZMB,Ndola,framework:province:copperbelt:26986cf324ab,96606910B76631115886164,Ndola,true,1,Polygon,1,87,2,Polygon,1,2306,1,1,Copperbelt,102,102010,matches_2022_PROVINCE,justified,"Unique name crosswalk to a 2022 official DISTRICT feature; its PROVINCE field matches the Atlas parent and the official census reports the national 10-province/116-district tier. This justifies administrative tier/parent only, not boundary accuracy.",insufficient-evidence,Exact stable-ID/name join; province and code fields are not authoritative proof of geometry or legal parentage.
gb:ZMB:ADM2:96606910B77122166525946,ZMB,Serenje,framework:province:central:9884d4ad9664,96606910B77122166525946,Serenje,true,1,Polygon,1,146,1,Polygon,1,12322,1,1,Central,101,101011,matches_2022_PROVINCE,justified,"Unique name crosswalk to a 2022 official DISTRICT feature; its PROVINCE field matches the Atlas parent and the official census reports the national 10-province/116-district tier. This justifies administrative tier/parent only, not boundary accuracy.",insufficient-evidence,Exact stable-ID/name join; province and code fields are not authoritative proof of geometry or legal parentage.
gb:ZMB:ADM2:96606910B77888556336058,ZMB,Nakonde,framework:province:muchinga:9fae5443c064,96606910B77888556336058,Nakonde,true,1,Polygon,1,170,1,Polygon,1,9889,1,1,Muchinga,106,106006,matches_2022_PROVINCE,justified,"Unique name crosswalk to a 2022 official DISTRICT feature; its PROVINCE field matches the Atlas parent and the official census reports the national 10-province/116-district tier. This justifies administrative tier/parent only, not boundary accuracy.",insufficient-evidence,Exact stable-ID/name join; province and code fields are not authoritative proof of geometry or legal parentage.
gb:ZMB:ADM2:96606910B78484131600253,ZMB,Siavonga,framework:province:southern:1552f5341d14,96606910B78484131600253,Siavonga,true,1,Polygon,1,68,1,Polygon,1,1590,1,1,Southern,109,109011,matches_2022_PROVINCE,justified,"Unique name crosswalk to a 2022 official DISTRICT feature; its PROVINCE field matches the Atlas parent and the official census reports the national 10-province/116-district tier. This justifies administrative tier/parent only, not boundary accuracy.",insufficient-evidence,Exact stable-ID/name join; province and code fields are not authoritative proof of geometry or legal parentage.
gb:ZMB:ADM2:96606910B81629947645825,ZMB,Chilanga,framework:province:lusaka:0a81a8111ef8,96606910B81629947645825,Chilanga,true,1,Polygon,1,62,1,Polygon,1,6504,1,1,Lusaka,105,105001,matches_2022_PROVINCE,justified,"Unique name crosswalk to a 2022 official DISTRICT feature; its PROVINCE field matches the Atlas parent and the official census reports the national 10-province/116-district tier. This justifies administrative tier/parent only, not boundary accuracy.",insufficient-evidence,Exact stable-ID/name join; province and code fields are not authoritative proof of geometry or legal parentage.
gb:ZMB:ADM2:96606910B8169685936662,ZMB,Mazabuka,framework:province:southern:1552f5341d14,96606910B8169685936662,Mazabuka,true,1,Polygon,1,102,1,Polygon,1,2190,1,1,Southern,109,109007,matches_2022_PROVINCE,justified,"Unique name crosswalk to a 2022 official DISTRICT feature; its PROVINCE field matches the Atlas parent and the official census reports the national 10-province/116-district tier. This justifies administrative tier/parent only, not boundary accuracy.",insufficient-evidence,Exact stable-ID/name join; province and code fields are not authoritative proof of geometry or legal parentage.
gb:ZMB:ADM2:96606910B82152127957425,ZMB,Chiengi,framework:province:luapula:2d464155a8d1,96606910B82152127957425,Chiengi,true,1,Polygon,1,59,1,Polygon,1,1744,1,1,Luapula,104,104002,matches_2022_PROVINCE,justified,"Unique name crosswalk to a 2022 official DISTRICT feature; its PROVINCE field matches the Atlas parent and the official census reports the national 10-province/116-district tier. This justifies administrative tier/parent only, not boundary accuracy.",insufficient-evidence,Exact stable-ID/name join; province and code fields are not authoritative proof of geometry or legal parentage.
gb:ZMB:ADM2:96606910B82726316050571,ZMB,Chisamba,framework:province:central:9884d4ad9664,96606910B82726316050571,Chisamba,true,1,Polygon,1,98,1,Polygon,1,3030,1,1,Central,101,101002,matches_2022_PROVINCE,justified,"Unique name crosswalk to a 2022 official DISTRICT feature; its PROVINCE field matches the Atlas parent and the official census reports the national 10-province/116-district tier. This justifies administrative tier/parent only, not boundary accuracy.",insufficient-evidence,Exact stable-ID/name join; province and code fields are not authoritative proof of geometry or legal parentage.
gb:ZMB:ADM2:96606910B8342530541372,ZMB,Mongu,framework:province:western:de70495d8b70,96606910B8342530541372,Mongu,true,1,Polygon,1,54,1,Polygon,1,566,1,1,Western,110,110007,matches_2022_PROVINCE,justified,"Unique name crosswalk to a 2022 official DISTRICT feature; its PROVINCE field matches the Atlas parent and the official census reports the national 10-province/116-district tier. This justifies administrative tier/parent only, not boundary accuracy.",insufficient-evidence,Exact stable-ID/name join; province and code fields are not authoritative proof of geometry or legal parentage.
gb:ZMB:ADM2:96606910B83885559265483,ZMB,Rufunsa,framework:province:lusaka:0a81a8111ef8,96606910B83885559265483,Rufunsa,true,1,Polygon,1,109,1,Polygon,1,2749,1,1,Lusaka,105,105007,matches_2022_PROVINCE,justified,"Unique name crosswalk to a 2022 official DISTRICT feature; its PROVINCE field matches the Atlas parent and the official census reports the national 10-province/116-district tier. This justifies administrative tier/parent only, not boundary accuracy.",insufficient-evidence,Exact stable-ID/name join; province and code fields are not authoritative proof of geometry or legal parentage.
gb:ZMB:ADM2:96606910B84216604788069,ZMB,Senanga,framework:province:western:de70495d8b70,96606910B84216604788069,Senanga,true,1,Polygon,1,132,1,Polygon,1,7072,1,1,Western,110,110012,matches_2022_PROVINCE,justified,"Unique name crosswalk to a 2022 official DISTRICT feature; its PROVINCE field matches the Atlas parent and the official census reports the national 10-province/116-district tier. This justifies administrative tier/parent only, not boundary accuracy.",insufficient-evidence,Exact stable-ID/name join; province and code fields are not authoritative proof of geometry or legal parentage.
gb:ZMB:ADM2:96606910B85168359517007,ZMB,Solwezi,framework:province:north-western:93234868d6e4,96606910B85168359517007,Solwezi,true,1,Polygon,1,147,1,Polygon,1,4246,1,1,North-Western,108,108008,matches_2022_PROVINCE,justified,"Unique name crosswalk to a 2022 official DISTRICT feature; its PROVINCE field matches the Atlas parent and the official census reports the national 10-province/116-district tier. This justifies administrative tier/parent only, not boundary accuracy.",insufficient-evidence,Exact stable-ID/name join; province and code fields are not authoritative proof of geometry or legal parentage.
gb:ZMB:ADM2:96606910B87020590647468,ZMB,Masaiti,framework:province:copperbelt:26986cf324ab,96606910B87020590647468,Masaiti,true,1,Polygon,1,159,1,Polygon,1,13575,1,1,Copperbelt,102,102007,matches_2022_PROVINCE,justified,"Unique name crosswalk to a 2022 official DISTRICT feature; its PROVINCE field matches the Atlas parent and the official census reports the national 10-province/116-district tier. This justifies administrative tier/parent only, not boundary accuracy.",insufficient-evidence,Exact stable-ID/name join; province and code fields are not authoritative proof of geometry or legal parentage.
gb:ZMB:ADM2:96606910B87508974482320,ZMB,Monze,framework:province:southern:1552f5341d14,96606910B87508974482320,Monze,true,1,Polygon,1,63,1,Polygon,1,3298,1,1,Southern,109,109008,matches_2022_PROVINCE,justified,"Unique name crosswalk to a 2022 official DISTRICT feature; its PROVINCE field matches the Atlas parent and the official census reports the national 10-province/116-district tier. This justifies administrative tier/parent only, not boundary accuracy.",insufficient-evidence,Exact stable-ID/name join; province and code fields are not authoritative proof of geometry or legal parentage.
gb:ZMB:ADM2:96606910B87532559916375,ZMB,Mpika,framework:province:muchinga:9fae5443c064,96606910B87532559916375,Mpika,true,1,Polygon,1,274,1,Polygon,1,14812,1,1,Muchinga,106,106005,matches_2022_PROVINCE,justified,"Unique name crosswalk to a 2022 official DISTRICT feature; its PROVINCE field matches the Atlas parent and the official census reports the national 10-province/116-district tier. This justifies administrative tier/parent only, not boundary accuracy.",insufficient-evidence,Exact stable-ID/name join; province and code fields are not authoritative proof of geometry or legal parentage.
gb:ZMB:ADM2:96606910B88567375078856,ZMB,Chingola,framework:province:copperbelt:26986cf324ab,96606910B88567375078856,Chingola,true,1,Polygon,1,102,1,Polygon,1,3688,1,1,Copperbelt,102,102002,matches_2022_PROVINCE,justified,"Unique name crosswalk to a 2022 official DISTRICT feature; its PROVINCE field matches the Atlas parent and the official census reports the national 10-province/116-district tier. This justifies administrative tier/parent only, not boundary accuracy.",insufficient-evidence,Exact stable-ID/name join; province and code fields are not authoritative proof of geometry or legal parentage.
gb:ZMB:ADM2:96606910B88888220258727,ZMB,Kanchibiya,framework:province:muchinga:9fae5443c064,96606910B88888220258727,Kanchibiya,true,1,Polygon,1,149,1,Polygon,1,10278,1,1,Muchinga,106,106008,matches_2022_PROVINCE,justified,"Unique name crosswalk to a 2022 official DISTRICT feature; its PROVINCE field matches the Atlas parent and the official census reports the national 10-province/116-district tier. This justifies administrative tier/parent only, not boundary accuracy.",insufficient-evidence,Exact stable-ID/name join; province and code fields are not authoritative proof of geometry or legal parentage.
gb:ZMB:ADM2:96606910B89551378676560,ZMB,Pemba,framework:province:southern:1552f5341d14,96606910B89551378676560,Pemba,true,1,Polygon,1,54,1,Polygon,1,2088,1,1,Southern,109,109010,matches_2022_PROVINCE,justified,"Unique name crosswalk to a 2022 official DISTRICT feature; its PROVINCE field matches the Atlas parent and the official census reports the national 10-province/116-district tier. This justifies administrative tier/parent only, not boundary accuracy.",insufficient-evidence,Exact stable-ID/name join; province and code fields are not authoritative proof of geometry or legal parentage.
gb:ZMB:ADM2:96606910B91372429992286,ZMB,Kaputa,framework:province:northern:77d68f89a0c5,96606910B91372429992286,Kaputa,true,1,Polygon,1,133,1,Polygon,1,4829,1,1,Northern,107,107002,matches_2022_PROVINCE,justified,"Unique name crosswalk to a 2022 official DISTRICT feature; its PROVINCE field matches the Atlas parent and the official census reports the national 10-province/116-district tier. This justifies administrative tier/parent only, not boundary accuracy.",insufficient-evidence,Exact stable-ID/name join; province and code fields are not authoritative proof of geometry or legal parentage.
gb:ZMB:ADM2:96606910B92394332931396,ZMB,Chifunabuli,framework:province:luapula:2d464155a8d1,96606910B92394332931396,Chifunabuli,true,1,Polygon,1,59,1,Polygon,1,2985,1,1,Luapula,104,104012,matches_2022_PROVINCE,justified,"Unique name crosswalk to a 2022 official DISTRICT feature; its PROVINCE field matches the Atlas parent and the official census reports the national 10-province/116-district tier. This justifies administrative tier/parent only, not boundary accuracy.",insufficient-evidence,Exact stable-ID/name join; province and code fields are not authoritative proof of geometry or legal parentage.
gb:ZMB:ADM2:96606910B95554535134500,ZMB,Isoka,framework:province:muchinga:9fae5443c064,96606910B95554535134500,Isoka,true,1,Polygon,1,183,1,Polygon,1,6630,1,1,Muchinga,106,106003,matches_2022_PROVINCE,justified,"Unique name crosswalk to a 2022 official DISTRICT feature; its PROVINCE field matches the Atlas parent and the official census reports the national 10-province/116-district tier. This justifies administrative tier/parent only, not boundary accuracy.",insufficient-evidence,Exact stable-ID/name join; province and code fields are not authoritative proof of geometry or legal parentage.
gb:ZMB:ADM2:96606910B95953051402599,ZMB,Kazungula,framework:province:southern:1552f5341d14,96606910B95953051402599,Kazungula,true,1,MultiPolygon,2,373,2,Polygon,1,15286,1,1,Southern,109,109005,matches_2022_PROVINCE,justified,"Unique name crosswalk to a 2022 official DISTRICT feature; its PROVINCE field matches the Atlas parent and the official census reports the national 10-province/116-district tier. This justifies administrative tier/parent only, not boundary accuracy.",insufficient-evidence,Exact stable-ID/name join; province and code fields are not authoritative proof of geometry or legal parentage.
gb:ZMB:ADM2:96606910B97208010005617,ZMB,Mwansabombwe,framework:province:luapula:2d464155a8d1,96606910B97208010005617,Mwansabombwe,true,1,Polygon,1,59,1,Polygon,1,2003,1,1,Luapula,104,104008,matches_2022_PROVINCE,justified,"Unique name crosswalk to a 2022 official DISTRICT feature; its PROVINCE field matches the Atlas parent and the official census reports the national 10-province/116-district tier. This justifies administrative tier/parent only, not boundary accuracy.",insufficient-evidence,Exact stable-ID/name join; province and code fields are not authoritative proof of geometry or legal parentage.
gb:ZMB:ADM2:96606910B97598096149790,ZMB,Shibuyunji,framework:province:central:9884d4ad9664,96606910B97598096149790,Shibuyunji,true,1,Polygon,1,72,1,Polygon,1,5523,1,1,Central,101,101012,matches_2022_PROVINCE,justified,"Unique name crosswalk to a 2022 official DISTRICT feature; its PROVINCE field matches the Atlas parent and the official census reports the national 10-province/116-district tier. This justifies administrative tier/parent only, not boundary accuracy.",insufficient-evidence,Exact stable-ID/name join; province and code fields are not authoritative proof of geometry or legal parentage.
gb:ZMB:ADM2:96606910B97886687400536,ZMB,Lavushimanda,framework:province:muchinga:9fae5443c064,96606910B97886687400536,Lavushimanda,true,1,Polygon,1,266,1,Polygon,1,7973,1,1,Muchinga,106,106009,matches_2022_PROVINCE,justified,"Unique name crosswalk to a 2022 official DISTRICT feature; its PROVINCE field matches the Atlas parent and the official census reports the national 10-province/116-district tier. This justifies administrative tier/parent only, not boundary accuracy.",insufficient-evidence,Exact stable-ID/name join; province and code fields are not authoritative proof of geometry or legal parentage.
gb:ZMB:ADM2:96606910B98197380388075,ZMB,Zimba,framework:province:southern:1552f5341d14,96606910B98197380388075,Zimba,true,1,Polygon,1,170,1,Polygon,1,3582,1,1,Southern,109,109013,matches_2022_PROVINCE,justified,"Unique name crosswalk to a 2022 official DISTRICT feature; its PROVINCE field matches the Atlas parent and the official census reports the national 10-province/116-district tier. This justifies administrative tier/parent only, not boundary accuracy.",insufficient-evidence,Exact stable-ID/name join; province and code fields are not authoritative proof of geometry or legal parentage.
gb:ZMB:ADM2:96606910B99117639697542,ZMB,Itezhi-Tezhi,framework:province:central:9884d4ad9664,96606910B99117639697542,Itezhi-Tezhi,true,1,Polygon,1,157,1,Polygon,1,2520,1,1,Southern,109,101004,insufficient-evidence,insufficient-evidence,"Itezhi-Tezhi has contradictory current province narratives and 2022 province/code values, with historical transfer to Central in 2012 but later official Southern listings. Current legal parent is unresolved.",insufficient-evidence,Exact ID/name join; current parent conflicts across dated narratives and 2022 PROVINCE/PROV_CODE/DIST_CODE fields. Preserve as unresolved.
gb:ZMB:ADM2:96606910B9917173826335,ZMB,Kabompo,framework:province:north-western:93234868d6e4,96606910B9917173826335,Kabompo,true,1,Polygon,1,121,1,Polygon,1,4472,1,1,North-Western,108,108003,matches_2022_PROVINCE,justified,"Unique name crosswalk to a 2022 official DISTRICT feature; its PROVINCE field matches the Atlas parent and the official census reports the national 10-province/116-district tier. This justifies administrative tier/parent only, not boundary accuracy.",insufficient-evidence,Exact stable-ID/name join; province and code fields are not authoritative proof of geometry or legal parentage.
gb:ZMB:ADM2:96606910B99334137269025,ZMB,Gwembe,framework:province:southern:1552f5341d14,96606910B99334137269025,Gwembe,true,1,MultiPolygon,2,59,3,Polygon,1,988,1,1,Southern,109,109003,matches_2022_PROVINCE,justified,"Unique name crosswalk to a 2022 official DISTRICT feature; its PROVINCE field matches the Atlas parent and the official census reports the national 10-province/116-district tier. This justifies administrative tier/parent only, not boundary accuracy.",insufficient-evidence,Exact stable-ID/name join; province and code fields are not authoritative proof of geometry or legal parentage.
