ADM0_PCODE,ADM0_EN,ADM1_PCODE,ADM1_EN,ADM2_PCODE,ADM2_EN,ADM2_TYPE,ADM3_PCODE,ADM3_EN,ADM3_TYPE,T_TL_2009,T_TL_2010,T_TL_2011,T_TL_2012,T_TL_2013,T_TL_2014,T_TL_2015,T_TL_2016,T_TL_2017,T_TL
MG,Madagascar,MG11,Analamanga,MG11101001A,1er Arrondissement,District,MG11101001,1er Arrondissement,Commune,243750,250478,257368,264423,271620,278984,286516,294252,302197,310355
MG,Madagascar,MG11,Analamanga,MG11101002A,2e Arrondissement,District,MG11101002,2e Arrondissement,Commune,187752,192934,198241,203675,209219,214892,220693,226652,232771,239056
MG,Madagascar,MG11,Analamanga,MG11101003A,3e Arrondissement,District,MG11101003,3e Arrondissement,Commune,131203,134824,138533,142330,146204,150168,154223,158387,162663,167055
MG,Madagascar,MG11,Analamanga,MG11101004A,4e Arrondissement,District,MG11101004,4e Arrondissement,Commune,250137,257041,264111,271351,278737,286294,294024,301962,310115,318488
MG,Madagascar,MG11,Analamanga,MG11101005A,5e Arrondissement,District,MG11101005,5e Arrondissement,Commune,306581,315043,323709,332582,341635,350897,360371,370101,380093,390355
MG,Madagascar,MG11,Analamanga,MG11101006A,6e Arrondissement,District,MG11101006,6e Arrondissement,Commune,127602,131124,134731,138424,142192,146047,149990,154040,158198,162470
MG,Madagascar,MG11,Analamanga,MG11102,Antananarivo Avaradrano,District,MG11102010,Alasora,Commune,40676,41799,42948,44126,45327,46556,47813,49104,50429,51791
MG,Madagascar,MG11,Analamanga,MG11102,Antananarivo Avaradrano,District,MG11102039,Ankadikely Ilafy,Commune,75338,77417,79547,81727,83952,86228,88556,90947,93403,95924
MG,Madagascar,MG11,Analamanga,MG11102,Antananarivo Avaradrano,District,MG11102050,Ambohimanambola,Commune,13260,13626,14001,14385,14776,15177,15586,16007,16439,16883
MG,Madagascar,MG11,Analamanga,MG11102,Antananarivo Avaradrano,District,MG11102079,Sabotsy Namehana,Commune,56565,58126,59725,61362,63033,64741,66489,68285,70128,72022
MG,Madagascar,MG11,Analamanga,MG11102,Antananarivo Avaradrano,District,MG11102099,Ambohimangakely,Commune,64975,66768,68605,70486,72404,74367,76375,78437,80555,82730
MG,Madagascar,MG11,Analamanga,MG11102,Antananarivo Avaradrano,District,MG11102210,Manandriana,Commune,5287,5433,5582,5735,5892,6051,6215,6382,6555,6732
MG,Madagascar,MG11,Analamanga,MG11102,Antananarivo Avaradrano,District,MG11102230,Ambohimalaza Miray,Commune,11599,11919,12247,12583,12925,13276,13634,14002,14380,14768
MG,Madagascar,MG11,Analamanga,MG11102,Antananarivo Avaradrano,District,MG11102279,Fiaferana,Commune,6226,6398,6574,6754,6938,7126,7318,7516,7719,7927
MG,Madagascar,MG11,Analamanga,MG11102,Antananarivo Avaradrano,District,MG11102319,Ambohimanga Rova,Commune,16270,16719,17179,17650,18130,18622,19125,19641,20171,20716
MG,Madagascar,MG11,Analamanga,MG11102,Antananarivo Avaradrano,District,MG11102350,Viliahazo,Commune,2969,3051,3135,3221,3308,3398,3490,3584,3681,3780
MG,Madagascar,MG11,Analamanga,MG11102,Antananarivo Avaradrano,District,MG11102379,Talata Volonondry,Commune,22567,23190,23828,24481,25147,25829,26526,27243,27978,28734
MG,Madagascar,MG11,Analamanga,MG11102,Antananarivo Avaradrano,District,MG11102390,Anjeva Gara,Commune,6737,6923,7113,7308,7507,7711,7919,8133,8352,8578
MG,Madagascar,MG11,Analamanga,MG11102,Antananarivo Avaradrano,District,MG11102410,Masindray,Commune,11025,11329,11641,11960,12286,12619,12959,13309,13669,14038
MG,Madagascar,MG11,Analamanga,MG11102,Antananarivo Avaradrano,District,MG11102430,Ankadinandriana,Commune,14518,14919,15329,15749,16178,16617,17065,17526,17999,18485
MG,Madagascar,MG11,Analamanga,MG11103,Ambohidratrimo,District,MG11103010,Ambohidratrimo,Commune,19278,19810,20355,20913,21482,22065,22660,23272,23900,24546
MG,Madagascar,MG11,Analamanga,MG11103,Ambohidratrimo,District,MG11103030,Anosiala,Commune,24224,24893,25577,26278,26994,27726,28474,29243,30032,30843
MG,Madagascar,MG11,Analamanga,MG11103,Ambohidratrimo,District,MG11103050,Talatamaty,Commune,49242,50601,51993,53418,54872,56360,57882,59444,61049,62698
MG,Madagascar,MG11,Analamanga,MG11103,Ambohidratrimo,District,MG11103070,Antehiroka,Commune,59069,60699,62369,64079,65823,67607,69433,71307,73233,75210
MG,Madagascar,MG11,Analamanga,MG11103,Ambohidratrimo,District,MG11103090,Iarinarivo,Commune,6577,6759,6944,7135,7329,7528,7731,7940,8154,8374
MG,Madagascar,MG11,Analamanga,MG11103,Ambohidratrimo,District,MG11103111,Ivato Firaisana,Commune,20271,20830,21403,21990,22589,23201,23828,24471,25132,25810
MG,Madagascar,MG11,Analamanga,MG11103,Ambohidratrimo,District,MG11103112,Ivato Aeroport,Commune,22019,22627,23249,23886,24537,25202,25882,26581,27299,28036
MG,Madagascar,MG11,Analamanga,MG11103,Ambohidratrimo,District,MG11103130,Ambohitrimanjaka,Commune,32745,33649,34574,35522,36489,37478,38490,39529,40597,41693
MG,Madagascar,MG11,Analamanga,MG11103,Ambohidratrimo,District,MG11103150,Mahitsy,Commune,37250,38278,39331,40409,41509,42635,43786,44968,46182,47429
MG,Madagascar,MG11,Analamanga,MG11103,Ambohidratrimo,District,MG11103171,Merimandroso,Commune,13110,13472,13842,14222,14609,15005,15410,15826,16254,16692
MG,Madagascar,MG11,Analamanga,MG11103,Ambohidratrimo,District,MG11103172,Ambatolampy,Commune,11914,12243,12580,12924,13276,13636,14004,14382,14771,15170
MG,Madagascar,MG11,Analamanga,MG11103,Ambohidratrimo,District,MG11103190,Ampangabe,Commune,10137,10417,10703,10997,11296,11602,11916,12237,12568,12907
MG,Madagascar,MG11,Analamanga,MG11103,Ambohidratrimo,District,MG11103210,Ampanotokana,Commune,16199,16646,17104,17573,18051,18541,19041,19555,20083,20625
MG,Madagascar,MG11,Analamanga,MG11103,Ambohidratrimo,District,MG11103230,Mananjara,Commune,3258,3348,3440,3534,3631,3729,3830,3933,4039,4148
MG,Madagascar,MG11,Analamanga,MG11103,Ambohidratrimo,District,MG11103251,Manjakavaradrano,Commune,2478,2546,2616,2688,2761,2836,2913,2991,3072,3155
MG,Madagascar,MG11,Analamanga,MG11103,Ambohidratrimo,District,MG11103252,Antsahafilo,Commune,1858,1909,1962,2016,2070,2127,2184,2243,2304,2366
MG,Madagascar,MG11,Analamanga,MG11103,Ambohidratrimo,District,MG11103270,Ambohimanjaka,Commune,5105,5246,5390,5538,5689,5843,6001,6163,6329,6500
MG,Madagascar,MG11,Analamanga,MG11103,Ambohidratrimo,District,MG11103290,Fiadanana,Commune,6063,6230,6402,6577,6756,6939,7127,7319,7517,7720
MG,Madagascar,MG11,Analamanga,MG11103,Ambohidratrimo,District,MG11103310,Mahabo,Commune,6322,6496,6675,6858,7045,7236,7431,7632,7838,8050
MG,Madagascar,MG11,Analamanga,MG11103,Ambohidratrimo,District,MG11103330,Mahereza,Commune,3514,3611,3710,3812,3916,4022,4131,4242,4357,4474
MG,Madagascar,MG11,Analamanga,MG11103,Ambohidratrimo,District,MG11103350,Antanetibe,Commune,8459,8692,8932,9176,9426,9682,9943,10212,10487,10770
MG,Madagascar,MG11,Analamanga,MG11103,Ambohidratrimo,District,MG11103370,Ambohipihaonana,Commune,4145,4259,4377,4497,4619,4744,4872,5004,5139,5278
MG,Madagascar,MG11,Analamanga,MG11103,Ambohidratrimo,District,MG11103390,Ambato,Commune,8644,8883,9127,9377,9632,9893,10161,10435,10717,11006
MG,Madagascar,MG11,Analamanga,MG11103,Ambohidratrimo,District,MG11103410,Anjanadoria,Commune,5786,5946,6109,6277,6448,6622,6801,6985,7173,7367
MG,Madagascar,MG11,Analamanga,MG11103,Ambohidratrimo,District,MG11103430,Avaratsena,Commune,5380,5528,5681,5836,5995,6158,6324,6495,6670,6850
MG,Madagascar,MG11,Analamanga,MG11104,Ankazobe,District,MG11104010,Ankazobe,Commune,18587,19100,19625,20163,20712,21274,21848,22438,23044,23666
MG,Madagascar,MG11,Analamanga,MG11104,Ankazobe,District,MG11104030,Talata Angavo,Commune,11774,12099,12432,12773,13120,13476,13840,14213,14597,14991
MG,Madagascar,MG11,Analamanga,MG11104,Ankazobe,District,MG11104050,Ambohitromby,Commune,8506,8741,8981,9227,9479,9736,9998,10268,10546,10830
MG,Madagascar,MG11,Analamanga,MG11104,Ankazobe,District,MG11104071,Antotohazo,Commune,7053,7248,7447,7651,7859,8073,8290,8514,8744,8980
MG,Madagascar,MG11,Analamanga,MG11104,Ankazobe,District,MG11104072,Marondry,Commune,10110,10389,10675,10967,11266,11571,11884,12205,12534,12873
MG,Madagascar,MG11,Analamanga,MG11104,Ankazobe,District,MG11104090,Fihaonana,Commune,17727,18216,18717,19230,19754,20289,20837,21400,21978,22571
MG,Madagascar,MG11,Analamanga,MG11104,Ankazobe,District,MG11104110,Mahavelona,Commune,13654,14031,14417,14812,15215,15628,16050,16483,16928,17385
MG,Madagascar,MG11,Analamanga,MG11104,Ankazobe,District,MG11104130,Fiadanana,Commune,10693,10988,11290,11600,11916,12239,12569,12908,13257,13615
MG,Madagascar,MG11,Analamanga,MG11104,Ankazobe,District,MG11104150,Tsaramasoandro,Commune,10428,10716,11011,11312,11620,11935,12258,12589,12928,13277
MG,Madagascar,MG11,Analamanga,MG11104,Ankazobe,District,MG11104170,Ambolotarakely,Commune,5501,5653,5808,5968,6130,6296,6466,6641,6820,7004
MG,Madagascar,MG11,Analamanga,MG11104,Ankazobe,District,MG11104190,Antakavana,Commune,5276,5422,5571,5723,5879,6039,6202,6369,6541,6718
MG,Madagascar,MG11,Analamanga,MG11104,Ankazobe,District,MG11104210,Kiangara,Commune,12562,12909,13264,13627,13998,14378,14766,15165,15574,15995
MG,Madagascar,MG11,Analamanga,MG11104,Ankazobe,District,MG11104230,Miantso,Commune,13600,13975,14360,14753,15155,15566,15986,16418,16861,17316
MG,Madagascar,MG11,Analamanga,MG11106,Manjakandriana,District,MG11106011,Manjakandriana,Commune,19166,19695,20237,20791,21357,21936,22529,23137,23762,24403
MG,Madagascar,MG11,Analamanga,MG11106,Manjakandriana,District,MG11106012,Ambatolaona,Commune,5715,5873,6034,6200,6368,6541,6718,6899,7085,7277
MG,Madagascar,MG11,Analamanga,MG11106,Manjakandriana,District,MG11106030,Sambaina,Commune,7928,8147,8371,8600,8834,9074,9319,9571,9829,10094
MG,Madagascar,MG11,Analamanga,MG11106,Manjakandriana,District,MG11106050,Ambohibary,Commune,5592,5746,5904,6066,6231,6400,6573,6751,6933,7120
MG,Madagascar,MG11,Analamanga,MG11106,Manjakandriana,District,MG11106070,Ambatomanga,Commune,4627,4755,4885,5019,5156,5296,5439,5586,5736,5891
MG,Madagascar,MG11,Analamanga,MG11106,Manjakandriana,District,MG11106090,Alarobia,Commune,13793,14174,14564,14963,15370,15787,16213,16651,17100,17562
MG,Madagascar,MG11,Analamanga,MG11106,Manjakandriana,District,MG11106110,Mantasoa,Commune,10337,10622,10914,11214,11519,11831,12151,12479,12816,13162
MG,Madagascar,MG11,Analamanga,MG11106,Manjakandriana,District,MG11106130,Ranovao,Commune,4281,4399,4520,4644,4770,4900,5032,5168,5308,5451
MG,Madagascar,MG11,Analamanga,MG11106,Manjakandriana,District,MG11106150,Miadanandriana,Commune,10667,10961,11263,11572,11887,12209,12539,12877,13225,13582
MG,Madagascar,MG11,Analamanga,MG11106,Manjakandriana,District,MG11106170,Nandihizana,Commune,5771,5930,6093,6260,6431,6605,6784,6967,7155,7348
MG,Madagascar,MG11,Analamanga,MG11106,Manjakandriana,District,MG11106190,Anjepy,Commune,7856,8073,8295,8522,8754,8992,9234,9484,9740,10003
MG,Madagascar,MG11,Analamanga,MG11106,Manjakandriana,District,MG11106210,Ambanitsena,Commune,6786,6973,7165,7362,7562,7767,7977,8192,8413,8640
MG,Madagascar,MG11,Analamanga,MG11106,Manjakandriana,District,MG11106230,Ambohitrandriamanitra,Commune,9331,9589,9852,10122,10398,10680,10968,11264,11568,11881
MG,Madagascar,MG11,Analamanga,MG11106,Manjakandriana,District,MG11106251,Ambatomena,Commune,6420,6597,6779,6964,7154,7348,7546,7750,7959,8174
MG,Madagascar,MG11,Analamanga,MG11106,Manjakandriana,District,MG11106252,Ambohibao Sud,Commune,3679,3781,3885,3991,4100,4211,4324,4441,4561,4684
MG,Madagascar,MG11,Analamanga,MG11106,Manjakandriana,District,MG11106271,Ambohitseheno,Commune,5917,6080,6248,6419,6594,6772,6955,7143,7336,7534
MG,Madagascar,MG11,Analamanga,MG11106,Manjakandriana,District,MG11106272,Antsahalalina,Commune,3643,3744,3847,3952,4060,4170,4282,4398,4517,4638
MG,Madagascar,MG11,Analamanga,MG11115,Andramasina,District,MG11115031,Sabotsy Ambohitromby,Commune,17159,17633,18118,18614,19121,19639,20170,20714,21273,21848
MG,Madagascar,MG11,Analamanga,MG11115,Andramasina,District,MG11115032,Andohariana,Commune,4759,4890,5025,5163,5303,5447,5594,5745,5900,6059
MG,Madagascar,MG11,Analamanga,MG11115,Andramasina,District,MG11115050,Mandrosoa,Commune,8068,8291,8519,8752,8990,9234,9484,9740,10003,10273
MG,Madagascar,MG11,Analamanga,MG11117,Antananarivo Atsimondrano,District,MG11117470,Ambatofahavalo,Commune,5598,5753,5911,6073,6238,6407,6580,6758,6940,7128
MG,Madagascar,MG12,Vakinankaratra,MG12108,Antsirabe I,District,MG12108001,Antsenakely Andraikiba,Commune,44216,45436,46686,47966,49272,50607,51974,53377,54818,56298
MG,Madagascar,MG12,Vakinankaratra,MG12108,Antsirabe I,District,MG12108002,Ampatana Mandriankeniheny,Commune,16454,16908,17373,17849,18335,18832,19341,19863,20399,20950
MG,Madagascar,MG12,Vakinankaratra,MG12114,Antanifotsy,District,MG12114050,Ampitatafika,Commune,29348,30158,30988,31837,32704,33590,34497,35429,36385,37367
MG,Madagascar,MG12,Vakinankaratra,MG12114,Antanifotsy,District,MG12114079,Ambatomiady,Commune,24994,25684,26390,27114,27852,28607,29379,30172,30987,31824
MG,Madagascar,MG12,Vakinankaratra,MG12114,Antanifotsy,District,MG12114090,Andranofito,Commune,14559,14961,15372,15794,16224,16664,17113,17575,18050,18537
MG,Madagascar,MG21,Haute Matsiatra,MG21205,Ambalavao,District,MG21205290,Fenoarivo,Commune,6704,6889,7079,7273,7471,7673,7880,8093,8311,8536
MG,Madagascar,MG21,Haute Matsiatra,MG21208,Ambohimahasoa,District,MG21208010,Ambohimahasoa,Commune,8660,8899,9144,9394,9650,9912,10179,10454,10736,11026
MG,Madagascar,MG21,Haute Matsiatra,MG21208,Ambohimahasoa,District,MG21208030,Ampitana,Commune,10369,10655,10948,11248,11555,11868,12188,12517,12855,13202
MG,Madagascar,MG22,Amoron I Mania,MG22223,Manandriana,District,MG22223090,Ambohipo,Commune,4699,4829,4962,5098,5236,5378,5523,5673,5826,5983
MG,Madagascar,MG22,Amoron I Mania,MG22223,Manandriana,District,MG22223110,Anjoman'ankona,Commune,6345,6520,6699,6883,7070,7262,7458,7660,7866,8079
MG,Madagascar,MG22,Amoron I Mania,MG22223,Manandriana,District,MG22223130,Vinany Andakatanikely,Commune,4613,4740,4871,5004,5140,5280,5422,5569,5719,5874
MG,Madagascar,MG23,Vatovavy Fitovinany,MG23211,Ikongo,District,MG23211111,Ankarimbelo,Commune,14434,14832,15240,15658,16084,16520,16966,17425,17895,18378
MG,Madagascar,MG23,Vatovavy Fitovinany,MG23211,Ikongo,District,MG23211112,Antodinga,Commune,15646,16078,16520,16973,17435,17908,18391,18888,19398,19921
MG,Madagascar,MG23,Vatovavy Fitovinany,MG23211,Ikongo,District,MG23211113,Kalafotsy,Commune,12269,12608,12954,13310,13672,14042,14422,14811,15211,15622
MG,Madagascar,MG25,Atsimo Atsinanana,MG25222,Befotaka,District,MG25222012,Antondabe,Commune,6571,6752,6938,7128,7322,7521,7724,7932,8147,8367
MG,Madagascar,MG25,Atsimo Atsinanana,MG25222,Befotaka,District,MG25222031,Marovitsika Sud,Commune,8642,8881,9125,9375,9630,9891,10158,10433,10714,11003
MG,Madagascar,MG25,Atsimo Atsinanana,MG25222,Befotaka,District,MG25222032,Antaninarenina,Commune,4762,4893,5028,5166,5306,5450,5598,5749,5904,6063
MG,Madagascar,MG11,Analamanga,MG11106,Manjakandriana,District,MG11106290,Ambohitrony,Commune,2787,2864,2943,3023,3106,3190,3276,3364,3455,3549
MG,Madagascar,MG11,Analamanga,MG11106,Manjakandriana,District,MG11106310,Merikanjaka,Commune,8898,9144,9395,9653,9915,10184,10459,10742,11032,11329
MG,Madagascar,MG11,Analamanga,MG11106,Manjakandriana,District,MG11106330,Anjoma Betoho,Commune,3707,3809,3914,4021,4131,4243,4357,4475,4596,4720
MG,Madagascar,MG11,Analamanga,MG11106,Manjakandriana,District,MG11106351,Ankazondandy,Commune,14837,15247,15666,16095,16533,16982,17440,17911,18395,18891
MG,Madagascar,MG11,Analamanga,MG11106,Manjakandriana,District,MG11106352,Soavinandriana,Commune,4350,4470,4593,4719,4847,4979,5113,5251,5393,5539
MG,Madagascar,MG11,Analamanga,MG11106,Manjakandriana,District,MG11106371,Ambohitrolomahitsy,Commune,12852,13207,13570,13942,14321,14710,15107,15515,15934,16364
MG,Madagascar,MG11,Analamanga,MG11106,Manjakandriana,District,MG11106372,Ampaneva,Commune,3709,3811,3916,4024,4133,4245,4360,4477,4598,4722
MG,Madagascar,MG11,Analamanga,MG11106,Manjakandriana,District,MG11106390,Sadabe,Commune,13323,13691,14067,14453,14846,15249,15661,16083,16518,16964
MG,Madagascar,MG11,Analamanga,MG11107,Anjozorobe,District,MG11107019,Anjozorobe,Commune,19929,20479,21042,21619,22208,22810,23426,24058,24708,25375
MG,Madagascar,MG11,Analamanga,MG11107,Anjozorobe,District,MG11107070,Mangamila,Commune,11367,11681,12002,12331,12667,13010,13361,13722,14093,14473
MG,Madagascar,MG11,Analamanga,MG11107,Anjozorobe,District,MG11107099,Ambongamarina,Commune,10506,10796,11093,11397,11707,12025,12349,12683,13025,13377
MG,Madagascar,MG11,Analamanga,MG11107,Anjozorobe,District,MG11107110,Tsarasaotra,Commune,4749,4880,5014,5152,5292,5435,5582,5733,5888,6047
MG,Madagascar,MG11,Analamanga,MG11107,Anjozorobe,District,MG11107130,Ambohimanarina Marovazaha,Commune,6814,7002,7195,7392,7593,7799,8010,8226,8448,8676
MG,Madagascar,MG11,Analamanga,MG11107,Anjozorobe,District,MG11107150,Betatao,Commune,6641,6824,7012,7204,7400,7601,7806,8017,8233,8456
MG,Madagascar,MG11,Analamanga,MG11107,Anjozorobe,District,MG11107170,Alakamisy,Commune,3740,3843,3949,4057,4168,4281,4396,4515,4637,4762
MG,Madagascar,MG11,Analamanga,MG11107,Anjozorobe,District,MG11107190,Analaroa,Commune,8854,9098,9349,9605,9866,10134,10407,10688,10977,11273
MG,Madagascar,MG11,Analamanga,MG11107,Anjozorobe,District,MG11107211,Antanetibe,Commune,13743,14122,14511,14909,15314,15730,16154,16590,17038,17498
MG,Madagascar,MG11,Analamanga,MG11107,Anjozorobe,District,MG11107212,Belanitra,Commune,2792,2869,2948,3029,3111,3196,3282,3370,3461,3555
MG,Madagascar,MG11,Analamanga,MG11107,Anjozorobe,District,MG11107230,Ambatomanoina,Commune,16666,17126,17597,18079,18572,19075,19590,20119,20662,21220
MG,Madagascar,MG11,Analamanga,MG11107,Anjozorobe,District,MG11107250,Amparatanjona,Commune,7727,7940,8159,8382,8610,8844,9083,9328,9580,9838
MG,Madagascar,MG11,Analamanga,MG11107,Anjozorobe,District,MG11107270,Amboasary Nord,Commune,6510,6690,6874,7062,7254,7451,7652,7859,8071,8289
MG,Madagascar,MG11,Analamanga,MG11107,Anjozorobe,District,MG11107290,Androvakely,Commune,7839,8055,8277,8504,8735,8972,9214,9463,9719,9981
MG,Madagascar,MG11,Analamanga,MG11107,Anjozorobe,District,MG11107310,Ambohibary Vohilena,Commune,19243,19774,20318,20875,21443,22025,22619,23230,23857,24501
MG,Madagascar,MG11,Analamanga,MG11107,Anjozorobe,District,MG11107330,Ambohimirary,Commune,6295,6469,6647,6829,7015,7205,7399,7599,7804,8015
MG,Madagascar,MG11,Analamanga,MG11107,Anjozorobe,District,MG11107350,Marotsipoy,Commune,6546,6727,6912,7101,7294,7492,7695,7902,8116,8335
MG,Madagascar,MG11,Analamanga,MG11107,Anjozorobe,District,MG11107370,Beronono,Commune,10075,10353,10638,10929,11227,11531,11843,12162,12491,12828
MG,Madagascar,MG11,Analamanga,MG11115,Andramasina,District,MG11115010,Andramasina,Commune,15472,15899,16336,16784,17241,17708,18187,18678,19182,19700
MG,Madagascar,MG11,Analamanga,MG11115,Andramasina,District,MG11115071,Alatsinainy Bakaro,Commune,28831,29627,30442,31276,32127,32999,33889,34804,35744,36709
MG,Madagascar,MG11,Analamanga,MG11115,Andramasina,District,MG11115072,Antotohazo,Commune,4739,4870,5004,5141,5281,5424,5570,5721,5875,6034
MG,Madagascar,MG11,Analamanga,MG11115,Andramasina,District,MG11115091,Ambohimiadana,Commune,24051,24715,25395,26091,26801,27528,28271,29034,29818,30623
MG,Madagascar,MG11,Analamanga,MG11115,Andramasina,District,MG11115092,Tankafatra,Commune,10103,10382,10667,10960,11258,11563,11876,12196,12526,12864
MG,Madagascar,MG11,Analamanga,MG11115,Andramasina,District,MG11115110,Alarobia Vatosola,Commune,14015,14402,14798,15204,15617,16041,16474,16919,17376,17845
MG,Madagascar,MG11,Analamanga,MG11115,Andramasina,District,MG11115130,Fitsinjovana Bakaro,Commune,16318,16768,17230,17702,18184,18677,19181,19699,20231,20777
MG,Madagascar,MG11,Analamanga,MG11115,Andramasina,District,MG11115150,Sabotsy Manjakavahoaka,Commune,9815,10086,10363,10647,10937,11234,11537,11849,12168,12497
MG,Madagascar,MG11,Analamanga,MG11115,Andramasina,District,MG11115170,Anosibe Trimoloharano,Commune,9977,10252,10534,10823,11118,11419,11727,12044,12369,12703
MG,Madagascar,MG11,Analamanga,MG11117,Antananarivo Atsimondrano,District,MG11117011,Ampitatafika,Commune,52382,53828,55308,56825,58371,59954,61573,63235,64942,66696
MG,Madagascar,MG11,Analamanga,MG11117,Antananarivo Atsimondrano,District,MG11117012,Anosizato Andrefana,Commune,19054,19580,20118,20670,21233,21808,22397,23002,23623,24261
MG,Madagascar,MG11,Analamanga,MG11117,Antananarivo Atsimondrano,District,MG11117030,Andranonahoatra,Commune,49535,50902,52302,53736,55199,56695,58226,59798,61413,63071
MG,Madagascar,MG11,Analamanga,MG11117,Antananarivo Atsimondrano,District,MG11117050,Ambohidrapeto,Commune,24733,25416,26115,26831,27561,28308,29072,29857,30663,31491
MG,Madagascar,MG11,Analamanga,MG11117,Antananarivo Atsimondrano,District,MG11117070,Bemasoandro,Commune,48173,49503,50864,52259,53681,55136,56625,58154,59724,61336
MG,Madagascar,MG11,Analamanga,MG11117,Antananarivo Atsimondrano,District,MG11117090,Fiombonana,Commune,8992,9240,9494,9755,10020,10292,10570,10855,11148,11449
MG,Madagascar,MG11,Analamanga,MG11117,Antananarivo Atsimondrano,District,MG11117110,Itaosy,Commune,15730,16164,16609,17064,17529,18004,18490,18989,19502,20028
MG,Madagascar,MG11,Analamanga,MG11117,Antananarivo Atsimondrano,District,MG11117130,Ambavahaditokana,Commune,30899,31752,32625,33520,34432,35365,36320,37301,38308,39342
MG,Madagascar,MG11,Analamanga,MG11117,Antananarivo Atsimondrano,District,MG11117150,Tanjombato,Commune,50128,51512,52928,54379,55860,57374,58923,60514,62148,63826
MG,Madagascar,MG11,Analamanga,MG11117,Antananarivo Atsimondrano,District,MG11117170,Andoharanofotsy,Commune,49181,50538,51929,53352,54804,56290,57810,59371,60974,62620
MG,Madagascar,MG11,Analamanga,MG11117,Antananarivo Atsimondrano,District,MG11117190,Ankaraobato,Commune,33431,34354,35299,36266,37253,38263,39297,40357,41447,42566
MG,Madagascar,MG11,Analamanga,MG11117,Antananarivo Atsimondrano,District,MG11117210,Soalandy,Commune,9617,9882,10154,10433,10717,11007,11304,11610,11923,12245
MG,Madagascar,MG11,Analamanga,MG11117,Antananarivo Atsimondrano,District,MG11117230,Antanetikely,Commune,12083,12416,12758,13108,13465,13830,14203,14586,14980,15385
MG,Madagascar,MG11,Analamanga,MG11117,Antananarivo Atsimondrano,District,MG11117250,Alatsinainy Ambazaha,Commune,5125,5266,5411,5560,5711,5866,6024,6187,6354,6525
MG,Madagascar,MG11,Analamanga,MG11117,Antananarivo Atsimondrano,District,MG11117270,Ampanefy,Commune,12902,13258,13623,13996,14377,14767,15166,15575,15996,16428
MG,Madagascar,MG11,Analamanga,MG11117,Antananarivo Atsimondrano,District,MG11117290,Ankadimanga,Commune,8101,8325,8554,8788,9027,9272,9522,9779,10043,10315
MG,Madagascar,MG11,Analamanga,MG11117,Antananarivo Atsimondrano,District,MG11117311,Fenoarivo,Commune,25505,26209,26930,27668,28421,29192,29980,30789,31621,32474
MG,Madagascar,MG11,Analamanga,MG11117,Antananarivo Atsimondrano,District,MG11117312,Alakamisy Fenoarivo,Commune,15810,16246,16693,17151,17618,18095,18584,19086,19601,20130
MG,Madagascar,MG11,Analamanga,MG11117,Antananarivo Atsimondrano,District,MG11117330,Soavina,Commune,14149,14540,14939,15349,15767,16194,16631,17081,17542,18015
MG,Madagascar,MG11,Analamanga,MG11117,Antananarivo Atsimondrano,District,MG11117350,Ambohijanaka,Commune,13781,14161,14551,14950,15357,15773,16199,16636,17085,17547
MG,Madagascar,MG11,Analamanga,MG11117,Antananarivo Atsimondrano,District,MG11117370,Ampahitrosy,Commune,4529,4654,4782,4913,5047,5184,5324,5467,5615,5767
MG,Madagascar,MG11,Analamanga,MG11117,Antananarivo Atsimondrano,District,MG11117390,Bongatsara,Commune,17805,18296,18800,19315,19841,20379,20929,21494,22074,22670
MG,Madagascar,MG11,Analamanga,MG11117,Antananarivo Atsimondrano,District,MG11117410,Androhibe,Commune,11140,11447,11762,12085,12414,12750,13095,13448,13811,14184
MG,Madagascar,MG11,Analamanga,MG11117,Antananarivo Atsimondrano,District,MG11117430,Tsiafahy,Commune,13626,14002,14387,14782,15184,15596,16017,16449,16893,17349
MG,Madagascar,MG11,Analamanga,MG11117,Antananarivo Atsimondrano,District,MG11117450,Ambalavao,Commune,9726,9994,10269,10551,10838,11132,11432,11741,12058,12384
MG,Madagascar,MG12,Vakinankaratra,MG12108,Antsirabe I,District,MG12108003,Soamalaza Mahatsinjo,Commune,33643,34572,35523,36496,37490,38506,39546,40613,41710,42836
MG,Madagascar,MG12,Vakinankaratra,MG12108,Antsirabe I,District,MG12108004,Antsirabe Afovoany Atsinanana,Commune,44695,45929,47192,48486,49805,51156,52537,53955,55412,56908
MG,Madagascar,MG12,Vakinankaratra,MG12108,Antsirabe I,District,MG12108005,Manodidina Ny Gara Ambilombe,Commune,27402,28158,28933,29726,30535,31363,32210,33079,33972,34890
MG,Madagascar,MG12,Vakinankaratra,MG12108,Antsirabe I,District,MG12108006,Mahazoarivo Avarabohitra,Commune,62512,64237,66004,67814,69659,71548,73480,75464,77501,79594
MG,Madagascar,MG12,Vakinankaratra,MG12109,Betafo,District,MG12109010,Betafo,Commune,25716,26426,27153,27897,28656,29433,30228,31044,31882,32743
MG,Madagascar,MG12,Vakinankaratra,MG12109,Betafo,District,MG12109030,Andranomafana,Commune,4602,4729,4859,4992,5128,5267,5409,5555,5705,5860
MG,Madagascar,MG12,Vakinankaratra,MG12109,Betafo,District,MG12109050,Mandritsara,Commune,13821,14202,14593,14993,15401,15819,16246,16685,17135,17598
MG,Madagascar,MG12,Vakinankaratra,MG12109,Betafo,District,MG12109070,Alakamisy Anativato,Commune,8466,8700,8939,9184,9434,9690,9951,10220,10496,10779
MG,Madagascar,MG12,Vakinankaratra,MG12109,Betafo,District,MG12109090,Antsoso,Commune,6633,6816,7004,7196,7391,7592,7797,8007,8223,8445
MG,Madagascar,MG12,Vakinankaratra,MG12109,Betafo,District,MG12109110,Tritriva,Commune,8489,8723,8963,9209,9460,9716,9978,10248,10524,10809
MG,Madagascar,MG12,Vakinankaratra,MG12109,Betafo,District,MG12109130,Soavina,Commune,13204,13568,13942,14324,14714,15113,15521,15940,16370,16812
MG,Madagascar,MG12,Vakinankaratra,MG12109,Betafo,District,MG12109150,Manohisoa,Commune,11135,11442,11757,12079,12408,12745,13089,13442,13805,14178
MG,Madagascar,MG12,Vakinankaratra,MG12109,Betafo,District,MG12109170,Ambatonikolahy,Commune,16851,17316,17792,18280,18778,19287,19808,20342,20892,21456
MG,Madagascar,MG12,Vakinankaratra,MG12109,Betafo,District,MG12109190,Antohobe,Commune,12823,13177,13539,13911,14289,14677,15073,15480,15898,16327
MG,Madagascar,MG12,Vakinankaratra,MG12109,Betafo,District,MG12109211,Mahaiza,Commune,18961,19484,20020,20569,21129,21702,22288,22889,23507,24142
MG,Madagascar,MG12,Vakinankaratra,MG12109,Betafo,District,MG12109212,Anosiarivo Manapa,Commune,12174,12510,12854,13206,13566,13934,14310,14696,15093,15501
MG,Madagascar,MG12,Vakinankaratra,MG12109,Betafo,District,MG12109230,Alakamisy Marososona,Commune,9789,10059,10336,10619,10908,11204,11506,11817,12136,12464
MG,Madagascar,MG12,Vakinankaratra,MG12109,Betafo,District,MG12109250,Ambohimanambola,Commune,22807,23436,24081,24741,25415,26104,26809,27532,28276,29039
MG,Madagascar,MG12,Vakinankaratra,MG12109,Betafo,District,MG12109270,Ambohimasina,Commune,17370,17849,18340,18843,19356,19881,20418,20969,21535,22116
MG,Madagascar,MG12,Vakinankaratra,MG12109,Betafo,District,MG12109290,Inanantonana,Commune,14245,14638,15041,15453,15874,16304,16744,17196,17661,18137
MG,Madagascar,MG12,Vakinankaratra,MG12109,Betafo,District,MG12109390,Alarobia Bemaha,Commune,13017,13376,13744,14121,14505,14899,15301,15714,16138,16574
MG,Madagascar,MG12,Vakinankaratra,MG12109,Betafo,District,MG12109490,Andrembesoa,Commune,14425,14823,15231,15648,16074,16510,16956,17414,17884,18367
MG,Madagascar,MG12,Vakinankaratra,MG12110,Ambatolampy,District,MG12110010,Ambatolampy,Commune,28905,29703,30520,31356,32210,33083,33976,34894,35836,36803
MG,Madagascar,MG12,Vakinankaratra,MG12110,Ambatolampy,District,MG12110030,Morarano,Commune,9503,9765,10034,10309,10590,10877,11170,11472,11782,12100
MG,Madagascar,MG12,Vakinankaratra,MG12110,Ambatolampy,District,MG12110050,Ambohipihaonana,Commune,15033,15448,15873,16308,16752,17206,17671,18148,18638,19141
MG,Madagascar,MG12,Vakinankaratra,MG12110,Ambatolampy,District,MG12110070,Manjakatompo,Commune,7907,8125,8349,8578,8811,9050,9294,9545,9803,10068
MG,Madagascar,MG12,Vakinankaratra,MG12110,Ambatolampy,District,MG12110090,Ambatondrakalavao,Commune,12080,12413,12755,13105,13461,13826,14199,14583,14977,15381
MG,Madagascar,MG12,Vakinankaratra,MG12110,Ambatolampy,District,MG12110110,Andriambilany,Commune,6513,6693,6877,7065,7258,7454,7656,7862,8075,8293
MG,Madagascar,MG12,Vakinankaratra,MG12110,Ambatolampy,District,MG12110130,Belambo Firaisana,Commune,16089,16533,16988,17454,17929,18415,18912,19422,19947,20485
MG,Madagascar,MG12,Vakinankaratra,MG12110,Ambatolampy,District,MG12110150,Andravola Vohipeno,Commune,6737,6923,7113,7308,7507,7711,7919,8133,8352,8578
MG,Madagascar,MG12,Vakinankaratra,MG12110,Ambatolampy,District,MG12110170,Tsiafajavona Ankaratra,Commune,15856,16294,16742,17201,17669,18148,18638,19141,19658,20189
MG,Madagascar,MG12,Vakinankaratra,MG12110,Ambatolampy,District,MG12110190,Ambodifarihy Fenomanana,Commune,10201,10483,10771,11066,11367,11676,11991,12315,12647,12988
MG,Madagascar,MG12,Vakinankaratra,MG12110,Ambatolampy,District,MG12110210,Sabotsy Namatoana,Commune,9152,9405,9663,9928,10198,10475,10758,11048,11346,11653
MG,Madagascar,MG12,Vakinankaratra,MG12110,Ambatolampy,District,MG12110230,Antanimasaka,Commune,7452,7658,7868,8084,8304,8529,8759,8996,9239,9488
MG,Madagascar,MG12,Vakinankaratra,MG12110,Ambatolampy,District,MG12110250,Behenjy,Commune,19370,19905,20452,21013,21585,22170,22769,23383,24015,24663
MG,Madagascar,MG12,Vakinankaratra,MG12110,Ambatolampy,District,MG12110270,Antsampandrano,Commune,16088,16532,16987,17452,17927,18414,18911,19421,19946,20484
MG,Madagascar,MG12,Vakinankaratra,MG12110,Ambatolampy,District,MG12110291,Antanamalaza,Commune,15095,15512,15938,16375,16821,17277,17743,18223,18714,19220
MG,Madagascar,MG12,Vakinankaratra,MG12110,Ambatolampy,District,MG12110292,Antakasina,Commune,12297,12636,12984,13340,13703,14075,14455,14845,15246,15657
MG,Madagascar,MG12,Vakinankaratra,MG12110,Ambatolampy,District,MG12110310,Tsinjoarivo,Commune,21959,22565,23186,23821,24470,25133,25812,26509,27224,27959
MG,Madagascar,MG12,Vakinankaratra,MG12110,Ambatolampy,District,MG12110330,Andranovelona,Commune,15662,16094,16537,16990,17453,17926,18410,18907,19417,19942
MG,Madagascar,MG12,Vakinankaratra,MG12114,Antanifotsy,District,MG12114010,Antanifotsy,Commune,63137,64880,66664,68492,70356,72263,74215,76218,78276,80389
MG,Madagascar,MG12,Vakinankaratra,MG12114,Antanifotsy,District,MG12114030,Ambatolahy,Commune,10767,11064,11369,11680,11998,12323,12656,12998,13349,13709
MG,Madagascar,MG12,Vakinankaratra,MG12114,Antanifotsy,District,MG12114110,Ambohimandroso,Commune,26297,27023,27766,28527,29304,30098,30911,31745,32603,33483
MG,Madagascar,MG12,Vakinankaratra,MG12114,Antanifotsy,District,MG12114150,Ambatotsipihina,Commune,19249,19780,20324,20882,21450,22031,22626,23237,23865,24509
MG,Madagascar,MG12,Vakinankaratra,MG12114,Antanifotsy,District,MG12114171,Ambohitompoina,Commune,33551,34477,35425,36396,37387,38401,39438,40502,41596,42719
MG,Madagascar,MG12,Vakinankaratra,MG12114,Antanifotsy,District,MG12114172,Belanitra,Commune,14191,14583,14984,15395,15814,16242,16681,17131,17594,18069
MG,Madagascar,MG12,Vakinankaratra,MG12114,Antanifotsy,District,MG12114199,Antsahalava,Commune,26090,26810,27548,28303,29073,29861,30668,31496,32346,33219
MG,Madagascar,MG12,Vakinankaratra,MG12114,Antanifotsy,District,MG12114230,Ambodiriana,Commune,12427,12770,13121,13481,13848,14223,14607,15002,15407,15823
MG,Madagascar,MG12,Vakinankaratra,MG12114,Antanifotsy,District,MG12114290,Antsampandrano,Commune,20994,21573,22167,22775,23394,24029,24677,25344,26028,26731
MG,Madagascar,MG12,Vakinankaratra,MG12116,Faratsiho,District,MG12116010,Faratsiho,Commune,34745,35704,36686,37692,38718,39767,40841,41944,43076,44239
MG,Madagascar,MG12,Vakinankaratra,MG12116,Faratsiho,District,MG12116030,Antsampanimahazo,Commune,16250,16699,17158,17628,18108,18599,19101,19617,20146,20690
MG,Madagascar,MG12,Vakinankaratra,MG12116,Faratsiho,District,MG12116050,Faravohitra,Commune,9406,9666,9931,10204,10481,10766,11056,11355,11661,11976
MG,Madagascar,MG12,Vakinankaratra,MG12116,Faratsiho,District,MG12116070,Ramainandro,Commune,19018,19543,20080,20631,21192,21767,22355,22958,23578,24215
MG,Madagascar,MG12,Vakinankaratra,MG12116,Faratsiho,District,MG12116090,Andranomiady,Commune,6721,6906,7096,7291,7489,7693,7900,8114,8333,8558
MG,Madagascar,MG12,Vakinankaratra,MG12116,Faratsiho,District,MG12116110,Vinaninony Atsimo,Commune,31375,32241,33128,34036,34962,35910,36880,37876,38898,39948
MG,Madagascar,MG12,Vakinankaratra,MG12116,Faratsiho,District,MG12116130,Ambohiborona,Commune,22122,22733,23358,23998,24651,25320,26003,26705,27426,28167
MG,Madagascar,MG12,Vakinankaratra,MG12116,Faratsiho,District,MG12116150,Miandrarivo,Commune,35469,36448,37451,38477,39524,40596,41692,42818,43974,45161
MG,Madagascar,MG12,Vakinankaratra,MG12116,Faratsiho,District,MG12116170,Valabetokana,Commune,10449,10737,11033,11335,11644,11959,12282,12614,12954,13304
MG,Madagascar,MG12,Vakinankaratra,MG12118,Antsirabe II,District,MG12118010,Ambano,Commune,37449,38483,39541,40625,41731,42862,44020,45208,46429,47682
MG,Madagascar,MG12,Vakinankaratra,MG12118,Antsirabe II,District,MG12118030,Belazao,Commune,14766,15174,15591,16018,16454,16900,17357,17825,18307,18801
MG,Madagascar,MG12,Vakinankaratra,MG12118,Antsirabe II,District,MG12118050,Alakamisy,Commune,20595,21163,21746,22342,22950,23572,24208,24862,25533,26223
MG,Madagascar,MG12,Vakinankaratra,MG12118,Antsirabe II,District,MG12118070,Antanimandry,Commune,12693,13043,13402,13770,14144,14528,14920,15323,15737,16161
MG,Madagascar,MG12,Vakinankaratra,MG12118,Antsirabe II,District,MG12118090,Vinaninkarena,Commune,13653,14030,14416,14811,15214,15627,16048,16482,16927,17384
MG,Madagascar,MG12,Vakinankaratra,MG12118,Antsirabe II,District,MG12118110,Andranomanelatra,Commune,30120,30951,31803,32674,33564,34474,35405,36360,37342,38350
MG,Madagascar,MG12,Vakinankaratra,MG12118,Antsirabe II,District,MG12118130,Ambohidranandriana,Commune,14487,14887,15296,15716,16143,16581,17029,17489,17961,18446
MG,Madagascar,MG12,Vakinankaratra,MG12118,Antsirabe II,District,MG12118150,Ambohimiarivo,Commune,12582,12929,13285,13649,14021,14401,14790,15189,15599,16020
MG,Madagascar,MG12,Vakinankaratra,MG12118,Antsirabe II,District,MG12118170,Ambohitsimanova,Commune,20653,21223,21807,22405,23014,23638,24277,24932,25605,26296
MG,Madagascar,MG12,Vakinankaratra,MG12118,Antsirabe II,District,MG12118190,Mangarano,Commune,11605,11925,12253,12589,12932,13283,13641,14009,14388,14776
MG,Madagascar,MG12,Vakinankaratra,MG12118,Antsirabe II,District,MG12118210,Manandona,Commune,15155,15573,16002,16440,16888,17346,17814,18295,18789,19296
MG,Madagascar,MG12,Vakinankaratra,MG12118,Antsirabe II,District,MG12118230,Antsoatany,Commune,11065,11370,11683,12003,12330,12664,13006,13358,13718,14089
MG,Madagascar,MG12,Vakinankaratra,MG12118,Antsirabe II,District,MG12118250,Alatsinainy Ibity,Commune,10515,10805,11102,11407,11717,12035,12360,12694,13036,13388
MG,Madagascar,MG12,Vakinankaratra,MG12118,Antsirabe II,District,MG12118270,Sahanivotry Manandona,Commune,9819,10090,10368,10652,10942,11238,11542,11853,12173,12502
MG,Madagascar,MG12,Vakinankaratra,MG12118,Antsirabe II,District,MG12118290,Soanindrariny,Commune,23169,23808,24463,25134,25818,26518,27234,27969,28724,29500
MG,Madagascar,MG12,Vakinankaratra,MG12118,Antsirabe II,District,MG12118310,Ambatomena,Commune,22636,23261,23901,24556,25224,25908,26608,27326,28064,28821
MG,Madagascar,MG12,Vakinankaratra,MG12118,Antsirabe II,District,MG12118331,Ambohibary,Commune,42143,43306,44497,45717,46962,48235,49537,50875,52248,53659
MG,Madagascar,MG12,Vakinankaratra,MG12118,Antsirabe II,District,MG12118332,Mandrosohasina,Commune,22054,22663,23286,23924,24576,25242,25923,26623,27342,28080
MG,Madagascar,MG12,Vakinankaratra,MG12118,Antsirabe II,District,MG12118350,Tsarahonenana Sahanivotry,Commune,19441,19978,20527,21090,21664,22251,22852,23469,24103,24753
MG,Madagascar,MG12,Vakinankaratra,MG12118,Antsirabe II,District,MG12118370,Antanambao,Commune,25470,26173,26893,27630,28382,29152,29939,30747,31577,32430
MG,Madagascar,MG12,Vakinankaratra,MG12120,Mandoto,District,MG12120010,Mandoto,Commune,23712,24366,25037,25723,26423,27140,27872,28625,29398,30191
MG,Madagascar,MG12,Vakinankaratra,MG12120,Mandoto,District,MG12120030,Betsohana,Commune,9438,9698,9965,10238,10517,10802,11094,11393,11701,12017
MG,Madagascar,MG12,Vakinankaratra,MG12120,Mandoto,District,MG12120050,Antanambao Ambary,Commune,13923,14307,14701,15104,15515,15936,16366,16808,17261,17728
MG,Madagascar,MG12,Vakinankaratra,MG12120,Mandoto,District,MG12120070,Anjoma Ramartina,Commune,15923,16362,16813,17273,17744,18225,18717,19222,19741,20274
MG,Madagascar,MG12,Vakinankaratra,MG12120,Mandoto,District,MG12120090,Ankazomiriotra,Commune,28229,29008,29806,30623,31457,32310,33182,34078,34998,35943
MG,Madagascar,MG12,Vakinankaratra,MG12120,Mandoto,District,MG12120110,Fidirana,Commune,22093,22703,23327,23967,24619,25287,25969,26670,27390,28130
MG,Madagascar,MG12,Vakinankaratra,MG12120,Mandoto,District,MG12120130,Vasiana,Commune,11969,12299,12638,12984,13338,13699,14069,14449,14839,15240
MG,Madagascar,MG12,Vakinankaratra,MG12120,Mandoto,District,MG12120150,Vinany,Commune,15182,15601,16030,16470,16918,17377,17846,18328,18822,19331
MG,Madagascar,MG13,Itasy,MG13105,Arivonimamo,District,MG13105010,Arivonimamo I,Commune,17683,18171,18671,19183,19705,20239,20786,21347,21923,22515
MG,Madagascar,MG13,Itasy,MG13105,Arivonimamo,District,MG13105030,Arivonimamo II,Commune,12796,13149,13511,13881,14259,14646,15041,15447,15864,16293
MG,Madagascar,MG13,Itasy,MG13105,Arivonimamo,District,MG13105050,Ambohitrambo,Commune,13440,13811,14191,14580,14977,15383,15798,16225,16663,17113
MG,Madagascar,MG13,Itasy,MG13105,Arivonimamo,District,MG13105070,Ampahimanga,Commune,16322,16772,17234,17706,18188,18681,19186,19704,20236,20782
MG,Madagascar,MG13,Itasy,MG13105,Arivonimamo,District,MG13105090,Amboanana,Commune,19180,19709,20252,20807,21373,21952,22545,23154,23779,24421
MG,Madagascar,MG13,Itasy,MG13105,Arivonimamo,District,MG13105110,Morafeno,Commune,8778,9020,9268,9522,9782,10047,10318,10597,10883,11177
MG,Madagascar,MG13,Itasy,MG13105,Arivonimamo,District,MG13105130,Imerintsiatosika,Commune,46381,47661,48972,50315,51684,53085,54519,55991,57502,59055
MG,Madagascar,MG13,Itasy,MG13105,Arivonimamo,District,MG13105150,Morarano,Commune,13467,13839,14219,14609,15007,15414,15830,16257,16696,17147
MG,Madagascar,MG13,Itasy,MG13105,Arivonimamo,District,MG13105170,Ambatomirahavavy,Commune,12682,13032,13391,13758,14132,14515,14907,15310,15723,16147
MG,Madagascar,MG13,Itasy,MG13105,Arivonimamo,District,MG13105190,Ambatomanga,Commune,13266,13632,14007,14391,14783,15184,15594,16015,16447,16891
MG,Madagascar,MG13,Itasy,MG13105,Arivonimamo,District,MG13105211,Manalalondo,Commune,14148,14538,14938,15348,15766,16193,16630,17079,17540,18014
MG,Madagascar,MG13,Itasy,MG13105,Arivonimamo,District,MG13105212,Antenimbe,Commune,5765,5924,6087,6254,6424,6598,6776,6959,7147,7340
MG,Madagascar,MG13,Itasy,MG13105,Arivonimamo,District,MG13105213,Alakamisikely,Commune,5755,5914,6077,6243,6413,6587,6765,6947,7135,7328
MG,Madagascar,MG13,Itasy,MG13105,Arivonimamo,District,MG13105214,Mahatsinjo Est,Commune,5446,5596,5750,5908,6069,6233,6402,6574,6752,6934
MG,Madagascar,MG13,Itasy,MG13105,Arivonimamo,District,MG13105215,Marofangady,Commune,3866,3973,4082,4194,4308,4425,4544,4667,4793,4922
MG,Madagascar,MG13,Itasy,MG13105,Arivonimamo,District,MG13105216,Rambolamasoandro Andranomiely,Commune,8742,8983,9230,9483,9742,10006,10276,10553,10838,11131
MG,Madagascar,MG13,Itasy,MG13105,Arivonimamo,District,MG13105230,Ambohimandry,Commune,23798,24455,25128,25816,26519,27238,27973,28729,29504,30301
MG,Madagascar,MG13,Itasy,MG13105,Arivonimamo,District,MG13105250,Antambolo,Commune,5617,5772,5931,6093,6259,6429,6603,6781,6964,7152
MG,Madagascar,MG13,Itasy,MG13105,Arivonimamo,District,MG13105270,Ambohimasina,Commune,6609,6791,6978,7170,7365,7564,7769,7978,8194,8415
MG,Madagascar,MG13,Itasy,MG13105,Arivonimamo,District,MG13105291,Ambohipandrano,Commune,9536,9799,10069,10345,10626,10914,11209,11512,11823,12142
MG,Madagascar,MG13,Itasy,MG13105,Arivonimamo,District,MG13105292,Miandrandra,Commune,8715,8956,9202,9454,9711,9975,10244,10521,10805,11096
MG,Madagascar,MG13,Itasy,MG13105,Arivonimamo,District,MG13105310,Miantsoarivo,Commune,20720,21292,21878,22477,23089,23715,24355,25013,25688,26382
MG,Madagascar,MG13,Itasy,MG13112,Miarinarivo,District,MG13112010,Miarinarivo I,Commune,14360,14756,15162,15578,16002,16436,16879,17335,17803,18284
MG,Madagascar,MG13,Itasy,MG13112,Miarinarivo,District,MG13112030,Miarinarivo II,Commune,11954,12284,12622,12968,13321,13682,14051,14431,14820,15220
MG,Madagascar,MG13,Itasy,MG13112,Miarinarivo,District,MG13112050,Ambatomanjaka,Commune,16870,17336,17812,18301,18799,19309,19830,20365,20915,21480
MG,Madagascar,MG13,Itasy,MG13112,Miarinarivo,District,MG13112071,Manazary,Commune,18055,18553,19064,19586,20119,20665,21223,21796,22384,22989
MG,Madagascar,MG13,Itasy,MG13112,Miarinarivo,District,MG13112072,Antoby Est,Commune,11320,11632,11952,12280,12614,12956,13306,13665,14034,14413
MG,Madagascar,MG13,Itasy,MG13112,Miarinarivo,District,MG13112090,Soamahamanina,Commune,9592,9857,10128,10406,10689,10979,11275,11579,11892,12213
MG,Madagascar,MG13,Itasy,MG13112,Miarinarivo,District,MG13112111,Analavory,Commune,44013,45228,46472,47746,49045,50375,51735,53132,54566,56040
MG,Madagascar,MG13,Itasy,MG13112,Miarinarivo,District,MG13112112,Alatsinainikely,Commune,14285,14679,15083,15497,15918,16350,16791,17245,17710,18188
MG,Madagascar,MG13,Itasy,MG13112,Miarinarivo,District,MG13112130,Mandiavato,Commune,22861,23492,24138,24800,25475,26166,26872,27598,28343,29108
MG,Madagascar,MG13,Itasy,MG13112,Miarinarivo,District,MG13112151,Anosibe Ifanja,Commune,12366,12707,13057,13415,13780,14154,14536,14928,15331,15745
MG,Madagascar,MG13,Itasy,MG13112,Miarinarivo,District,MG13112152,Sarobaratra Ifanja,Commune,16295,16745,17205,17677,18158,18650,19154,19671,20202,20748
MG,Madagascar,MG13,Itasy,MG13112,Miarinarivo,District,MG13112170,Zoma Bealoka,Commune,7626,7836,8052,8273,8498,8728,8964,9206,9455,9710
MG,Madagascar,MG13,Itasy,MG13112,Miarinarivo,District,MG13112190,Soavimbazaha,Commune,10286,10570,10861,11158,11462,11773,12091,12417,12752,13097
MG,Madagascar,MG13,Itasy,MG13112,Miarinarivo,District,MG13112210,Andolofotsy,Commune,21159,21743,22341,22954,23578,24218,24871,25543,26233,26941
MG,Madagascar,MG13,Itasy,MG13113,Soavinandriana,District,MG13113011,Soavinandriana,Commune,35500,36480,37483,38511,39559,40632,41729,42855,44012,45200
MG,Madagascar,MG13,Itasy,MG13113,Soavinandriana,District,MG13113012,Dondona,Commune,6424,6601,6783,6969,7159,7353,7551,7755,7964,8179
MG,Madagascar,MG13,Itasy,MG13113,Soavinandriana,District,MG13113030,Ampary,Commune,8419,8651,8889,9133,9382,9636,9896,10163,10438,10720
MG,Madagascar,MG13,Itasy,MG13113,Soavinandriana,District,MG13113050,Mananasy,Commune,19896,20445,21008,21583,22171,22772,23387,24018,24667,25333
MG,Madagascar,MG13,Itasy,MG13113,Soavinandriana,District,MG13113071,Masindray,Commune,4107,4220,4336,4455,4577,4701,4828,4958,5092,5229
MG,Madagascar,MG13,Itasy,MG13113,Soavinandriana,District,MG13113072,Amparibohitra,Commune,3621,3721,3823,3928,4035,4144,4256,4371,4489,4610
MG,Madagascar,MG13,Itasy,MG13113,Soavinandriana,District,MG13113090,Ampefy,Commune,17332,17810,18300,18802,19314,19837,20373,20923,21488,22068
MG,Madagascar,MG13,Itasy,MG13113,Soavinandriana,District,MG13113110,Antanetibe,Commune,8895,9141,9392,9649,9912,10181,10456,10738,11028,11326
MG,Madagascar,MG13,Itasy,MG13113,Soavinandriana,District,MG13113131,Amparaky,Commune,7575,7784,7998,8217,8441,8670,8904,9144,9391,9645
MG,Madagascar,MG13,Itasy,MG13113,Soavinandriana,District,MG13113132,Amberomanga,Commune,5435,5585,5739,5896,6056,6221,6389,6561,6738,6920
MG,Madagascar,MG13,Itasy,MG13113,Soavinandriana,District,MG13113150,Ankaranana,Commune,8757,8999,9246,9500,9758,10023,10293,10571,10857,11150
MG,Madagascar,MG13,Itasy,MG13113,Soavinandriana,District,MG13113170,Mahavelona,Commune,15149,15567,15995,16434,16881,17339,17807,18288,18781,19289
MG,Madagascar,MG13,Itasy,MG13113,Soavinandriana,District,MG13113190,Ankisabe,Commune,17087,17559,18042,18536,19041,19557,20085,20627,21184,21756
MG,Madagascar,MG13,Itasy,MG13113,Soavinandriana,District,MG13113210,Ambatoasana Centre,Commune,9304,9561,9824,10093,10368,10649,10936,11232,11535,11846
MG,Madagascar,MG13,Itasy,MG13113,Soavinandriana,District,MG13113230,Tamponala,Commune,12214,12551,12896,13250,13611,13980,14357,14745,15143,15552
MG,Madagascar,MG14,Bongolava,MG14111,Tsiroanomandidy,District,MG14111010,Tsiroanomandidy Ville,Commune,27713,28478,29261,30063,30882,31719,32575,33455,34358,35286
MG,Madagascar,MG14,Bongolava,MG14111,Tsiroanomandidy,District,MG14111030,Tsiroanomandidy Fihaonana,Commune,32372,33265,34181,35117,36073,37051,38052,39079,40134,41218
MG,Madagascar,MG14,Bongolava,MG14111,Tsiroanomandidy,District,MG14111051,Ambatolampy,Commune,10660,10954,11256,11564,11879,12201,12530,12869,13216,13573
MG,Madagascar,MG14,Bongolava,MG14111,Tsiroanomandidy,District,MG14111052,Maritampona,Commune,6619,6802,6989,7180,7376,7576,7780,7990,8206,8428
MG,Madagascar,MG14,Bongolava,MG14111,Tsiroanomandidy,District,MG14111070,Bevato,Commune,12563,12910,13265,13628,13999,14379,14767,15166,15575,15996
MG,Madagascar,MG14,Bongolava,MG14111,Tsiroanomandidy,District,MG14111090,Ankadinondry Sakay,Commune,34105,35046,36010,36997,38004,39035,40089,41171,42283,43424
MG,Madagascar,MG14,Bongolava,MG14111,Tsiroanomandidy,District,MG14111110,Ankerana Avaratra,Commune,10223,10505,10794,11090,11392,11701,12017,12341,12674,13016
MG,Madagascar,MG14,Bongolava,MG14111,Tsiroanomandidy,District,MG14111130,Miandrarivo,Commune,16455,16909,17374,17851,18336,18834,19342,19864,20401,20951
MG,Madagascar,MG14,Bongolava,MG14111,Tsiroanomandidy,District,MG14111150,Tsinjoarivo Imanga,Commune,15317,15740,16173,16616,17068,17531,18004,18490,18990,19502
MG,Madagascar,MG14,Bongolava,MG14111,Tsiroanomandidy,District,MG14111170,Soanierana,Commune,6446,6624,6806,6993,7183,7378,7577,7782,7992,8207
MG,Madagascar,MG14,Bongolava,MG14111,Tsiroanomandidy,District,MG14111190,Anosy,Commune,10265,10548,10838,11136,11439,11749,12066,12392,12726,13070
MG,Madagascar,MG14,Bongolava,MG14111,Tsiroanomandidy,District,MG14111210,Ambararatabe,Commune,10367,10653,10946,11246,11552,11866,12186,12515,12853,13200
MG,Madagascar,MG14,Bongolava,MG14111,Tsiroanomandidy,District,MG14111230,Belobaka,Commune,24546,25223,25917,26628,27353,28094,28853,29632,30432,31253
MG,Madagascar,MG14,Bongolava,MG14111,Tsiroanomandidy,District,MG14111250,Ambalanirana,Commune,22593,23217,23855,24509,25176,25859,26557,27274,28010,28767
MG,Madagascar,MG14,Bongolava,MG14111,Tsiroanomandidy,District,MG14111270,Mahasolo,Commune,32434,33329,34246,35185,36142,37122,38125,39154,40211,41297
MG,Madagascar,MG14,Bongolava,MG14111,Tsiroanomandidy,District,MG14111290,Bemahatazana,Commune,16921,17388,17866,18356,18856,19367,19890,20427,20978,21545
MG,Madagascar,MG14,Bongolava,MG14111,Tsiroanomandidy,District,MG14111310,Fierenana,Commune,14963,15376,15799,16232,16674,17126,17588,18063,18551,19052
MG,Madagascar,MG14,Bongolava,MG14111,Tsiroanomandidy,District,MG14111330,Maroharona,Commune,9263,9519,9780,10049,10322,10602,10888,11182,11484,11794
MG,Madagascar,MG14,Bongolava,MG14119,Fenoarivobe,District,MG14119010,Fenoarivo Centre,Commune,27773,28540,29325,30128,30949,31788,32646,33527,34432,35362
MG,Madagascar,MG14,Bongolava,MG14119,Fenoarivobe,District,MG14119031,Firavahana,Commune,33444,34367,35312,36280,37268,38278,39312,40373,41463,42583
MG,Madagascar,MG14,Bongolava,MG14119,Fenoarivobe,District,MG14119032,Morarano Maritampona,Commune,10456,10745,11040,11343,11652,11967,12291,12622,12963,13313
MG,Madagascar,MG14,Bongolava,MG14119,Fenoarivobe,District,MG14119051,Kiranomena,Commune,17985,18481,18990,19510,20041,20585,21141,21711,22297,22899
MG,Madagascar,MG14,Bongolava,MG14119,Fenoarivobe,District,MG14119052,Tsinjoarivo 22,Commune,7594,7804,8018,8238,8462,8692,8926,9167,9415,9669
MG,Madagascar,MG14,Bongolava,MG14119,Fenoarivobe,District,MG14119053,Mahajeby,Commune,4737,4868,5002,5139,5279,5422,5568,5718,5873,6031
MG,Madagascar,MG14,Bongolava,MG14119,Fenoarivobe,District,MG14119071,Ambohitromby,Commune,17701,18190,18690,19202,19725,20260,20807,21368,21945,22538
MG,Madagascar,MG14,Bongolava,MG14119,Fenoarivobe,District,MG14119072,Ambatomainty Atsimo,Commune,5526,5679,5835,5995,6158,6325,6496,6671,6851,7036
MG,Madagascar,MG21,Haute Matsiatra,MG21201,Fianarantsoa I,District,MG21201001,Tanana Ambony,Commune,38280,39337,40419,41527,42657,43813,44996,46211,47459,48740
MG,Madagascar,MG21,Haute Matsiatra,MG21201,Fianarantsoa I,District,MG21201002,Tanana Ambany,Commune,80673,82900,85180,87515,89897,92334,94827,97387,100017,102717
MG,Madagascar,MG21,Haute Matsiatra,MG21201,Fianarantsoa I,District,MG21201003,Andrainjato Avaratra,Commune,20621,21190,21773,22370,22979,23602,24239,24893,25566,26256
MG,Madagascar,MG21,Haute Matsiatra,MG21201,Fianarantsoa I,District,MG21201004,Andrainjato Sud,Commune,9601,9866,10137,10415,10699,10989,11286,11590,11903,12225
MG,Madagascar,MG21,Haute Matsiatra,MG21201,Fianarantsoa I,District,MG21201005,Manolafaka,Commune,17004,17473,17954,18446,18948,19462,19987,20527,21081,21650
MG,Madagascar,MG21,Haute Matsiatra,MG21201,Fianarantsoa I,District,MG21201006,Lalazana,Commune,9755,10024,10300,10582,10870,11165,11467,11776,12094,12421
MG,Madagascar,MG21,Haute Matsiatra,MG21201,Fianarantsoa I,District,MG21201007,Vatosola,Commune,6758,6945,7136,7331,7531,7735,7944,8158,8378,8605
MG,Madagascar,MG21,Haute Matsiatra,MG21205,Ambalavao,District,MG21205010,Ambalavao,Commune,27749,28515,29299,30102,30922,31760,32618,33498,34403,35332
MG,Madagascar,MG21,Haute Matsiatra,MG21205,Ambalavao,District,MG21205030,Manamisoa,Commune,5552,5705,5862,6023,6187,6355,6526,6702,6883,7069
MG,Madagascar,MG21,Haute Matsiatra,MG21205,Ambalavao,District,MG21205050,Iarintsena,Commune,21397,21988,22592,23212,23843,24490,25151,25830,26528,27244
MG,Madagascar,MG21,Haute Matsiatra,MG21205,Ambalavao,District,MG21205071,Ambohimandroso,Commune,10425,10713,11007,11309,11617,11932,12254,12585,12925,13274
MG,Madagascar,MG21,Haute Matsiatra,MG21205,Ambalavao,District,MG21205072,Andrainjato,Commune,7859,8076,8298,8526,8758,8995,9238,9487,9743,10006
MG,Madagascar,MG21,Haute Matsiatra,MG21205,Ambalavao,District,MG21205090,Anjoma,Commune,17114,17586,18070,18565,19071,19588,20117,20660,21218,21790
MG,Madagascar,MG21,Haute Matsiatra,MG21205,Ambalavao,District,MG21205110,Kirano,Commune,5762,5921,6084,6251,6421,6595,6773,6956,7144,7336
MG,Madagascar,MG21,Haute Matsiatra,MG21205,Ambalavao,District,MG21205130,Sendrisoa,Commune,13465,13837,14217,14607,15005,15411,15827,16255,16694,17144
MG,Madagascar,MG21,Haute Matsiatra,MG21205,Ambalavao,District,MG21205150,Besoa,Commune,6372,6548,6728,6912,7101,7293,7490,7692,7900,8113
MG,Madagascar,MG21,Haute Matsiatra,MG21205,Ambalavao,District,MG21205170,Mahazony,Commune,11593,11913,12241,12576,12919,13269,13627,13995,14373,14761
MG,Madagascar,MG21,Haute Matsiatra,MG21205,Ambalavao,District,MG21205190,Ambinanindovoka,Commune,8518,8753,8994,9240,9492,9749,10013,10283,10560,10846
MG,Madagascar,MG21,Haute Matsiatra,MG21205,Ambalavao,District,MG21205211,Ankaramena,Commune,8342,8572,8808,9049,9296,9548,9806,10070,10342,10621
MG,Madagascar,MG21,Haute Matsiatra,MG21205,Ambalavao,District,MG21205212,Ambinaniroa,Commune,16225,16673,17131,17601,18080,18570,19072,19587,20115,20659
MG,Madagascar,MG21,Haute Matsiatra,MG21205,Ambalavao,District,MG21205230,Ambohimahamasina,Commune,13456,13827,14208,14597,14995,15401,15817,16244,16682,17133
MG,Madagascar,MG21,Haute Matsiatra,MG21205,Ambalavao,District,MG21205250,Miarinarivo,Commune,7375,7579,7787,8000,8218,8441,8669,8903,9143,9390
MG,Madagascar,MG21,Haute Matsiatra,MG21205,Ambalavao,District,MG21205270,Vohitsaoka,Commune,13117,13479,13850,14229,14617,15013,15418,15835,16262,16701
MG,Madagascar,MG21,Haute Matsiatra,MG21208,Ambohimahasoa,District,MG21208050,Ankerana,Commune,6766,6953,7144,7340,7540,7744,7953,8168,8388,8615
MG,Madagascar,MG21,Haute Matsiatra,MG21208,Ambohimahasoa,District,MG21208071,Manandroy,Commune,10972,11275,11585,11903,12227,12558,12897,13245,13603,13970
MG,Madagascar,MG21,Haute Matsiatra,MG21208,Ambohimahasoa,District,MG21208072,Ambalakindresy,Commune,13986,14372,14767,15172,15585,16008,16440,16884,17340,17808
MG,Madagascar,MG21,Haute Matsiatra,MG21208,Ambohimahasoa,District,MG21208090,Ankafina Tsarafidy,Commune,11288,11600,11919,12245,12579,12920,13269,13627,13995,14372
MG,Madagascar,MG21,Haute Matsiatra,MG21208,Ambohimahasoa,District,MG21208110,Sahave,Commune,12681,13031,13389,13756,14131,14514,14906,15308,15722,16146
MG,Madagascar,MG21,Haute Matsiatra,MG21208,Ambohimahasoa,District,MG21208130,Morafeno,Commune,10603,10896,11195,11502,11815,12136,12463,12800,13145,13500
MG,Madagascar,MG21,Haute Matsiatra,MG21208,Ambohimahasoa,District,MG21208150,Ikalalao,Commune,10461,10750,11045,11348,11657,11973,12296,12628,12969,13320
MG,Madagascar,MG21,Haute Matsiatra,MG21208,Ambohimahasoa,District,MG21208170,Vohiposa,Commune,15814,16250,16697,17155,17622,18100,18589,19090,19606,20135
MG,Madagascar,MG21,Haute Matsiatra,MG21208,Ambohimahasoa,District,MG21208190,Ambatosoa,Commune,12356,12697,13046,13404,13769,14142,14524,14916,15319,15732
MG,Madagascar,MG21,Haute Matsiatra,MG21208,Ambohimahasoa,District,MG21208211,Isaka,Commune,8451,8684,8923,9168,9417,9673,9934,10202,10477,10760
MG,Madagascar,MG21,Haute Matsiatra,MG21208,Ambohimahasoa,District,MG21208212,Vohitrarivo,Commune,8836,9080,9330,9585,9846,10113,10386,10667,10955,11250
MG,Madagascar,MG21,Haute Matsiatra,MG21208,Ambohimahasoa,District,MG21208230,Ambohinamboarina,Commune,10376,10662,10956,11256,11562,11876,12196,12526,12864,13211
MG,Madagascar,MG21,Haute Matsiatra,MG21208,Ambohimahasoa,District,MG21208251,Sahatona,Commune,10955,11257,11567,11884,12208,12539,12877,13225,13582,13948
MG,Madagascar,MG21,Haute Matsiatra,MG21208,Ambohimahasoa,District,MG21208252,Camp Robin,Commune,12272,12611,12958,13313,13675,14046,14425,14815,15215,15625
MG,Madagascar,MG21,Haute Matsiatra,MG21208,Ambohimahasoa,District,MG21208270,Befeta,Commune,14199,14591,14992,15403,15822,16251,16690,17141,17604,18079
MG,Madagascar,MG21,Haute Matsiatra,MG21208,Ambohimahasoa,District,MG21208290,Fiadanana,Commune,17055,17526,18008,18501,19005,19520,20047,20589,21144,21715
MG,Madagascar,MG21,Haute Matsiatra,MG21219,Ikalamavony,District,MG21219010,Ikalamavony,Commune,19469,20006,20557,21120,21695,22283,22885,23503,24137,24789
MG,Madagascar,MG21,Haute Matsiatra,MG21219,Ikalamavony,District,MG21219030,Mangidy,Commune,16451,16905,17370,17846,18332,18829,19337,19859,20396,20946
MG,Madagascar,MG21,Haute Matsiatra,MG21219,Ikalamavony,District,MG21219050,Solila,Commune,14305,14700,15104,15518,15941,16373,16815,17269,17735,18214
MG,Madagascar,MG21,Haute Matsiatra,MG21219,Ikalamavony,District,MG21219070,Ambatomainty,Commune,8769,9011,9259,9513,9772,10037,10308,10586,10872,11165
MG,Madagascar,MG21,Haute Matsiatra,MG21219,Ikalamavony,District,MG21219090,Fitampito,Commune,8101,8325,8554,8788,9027,9272,9522,9779,10043,10315
MG,Madagascar,MG21,Haute Matsiatra,MG21219,Ikalamavony,District,MG21219110,Tanamarina Sakay,Commune,7666,7878,8094,8316,8543,8774,9011,9254,9504,9761
MG,Madagascar,MG21,Haute Matsiatra,MG21219,Ikalamavony,District,MG21219130,Tsitondroina,Commune,6137,6306,6480,6657,6839,7024,7214,7409,7609,7814
MG,Madagascar,MG21,Haute Matsiatra,MG21219,Ikalamavony,District,MG21219150,Tanamarina Bekisopa,Commune,4895,5030,5168,5310,5455,5603,5754,5909,6069,6233
MG,Madagascar,MG21,Haute Matsiatra,MG21220,Lalangina,District,MG21220011,Andrainjato Centre,Commune,7619,7829,8045,8265,8490,8720,8956,9198,9446,9701
MG,Madagascar,MG21,Haute Matsiatra,MG21220,Lalangina,District,MG21220012,Andrainjato Est,Commune,6761,6948,7139,7334,7534,7738,7947,8162,8382,8608
MG,Madagascar,MG21,Haute Matsiatra,MG21220,Lalangina,District,MG21220030,Ambalakely,Commune,13200,13564,13937,14320,14709,15108,15516,15935,16365,16807
MG,Madagascar,MG21,Haute Matsiatra,MG21220,Lalangina,District,MG21220070,Ivoamba,Commune,12583,12930,13286,13650,14022,14402,14791,15190,15600,16021
MG,Madagascar,MG21,Haute Matsiatra,MG21220,Lalangina,District,MG21220090,Taindambo,Commune,9574,9838,10109,10386,10669,10958,11254,11558,11870,12190
MG,Madagascar,MG21,Haute Matsiatra,MG21220,Lalangina,District,MG21220111,Mahatsinjony,Commune,14501,14901,15311,15731,16159,16597,17045,17505,17978,18463
MG,Madagascar,MG21,Haute Matsiatra,MG21220,Lalangina,District,MG21220112,Sahambavy,Commune,17333,17811,18301,18803,19315,19838,20374,20924,21489,22069
MG,Madagascar,MG21,Haute Matsiatra,MG21220,Lalangina,District,MG21220210,Ambalamahasoa,Commune,8773,9015,9263,9517,9776,10041,10312,10591,10877,11170
MG,Madagascar,MG21,Haute Matsiatra,MG21220,Lalangina,District,MG21220250,Alakamisy Ambohimaha,Commune,24392,25065,25755,26461,27181,27918,28672,29446,30241,31057
MG,Madagascar,MG21,Haute Matsiatra,MG21220,Lalangina,District,MG21220330,Androy,Commune,12247,12585,12931,13286,13647,14017,14396,14784,15184,15594
MG,Madagascar,MG21,Haute Matsiatra,MG21220,Lalangina,District,MG21220350,Alatsinainy Ialamarina,Commune,20115,20670,21239,21821,22415,23023,23644,24283,24938,25611
MG,Madagascar,MG21,Haute Matsiatra,MG21220,Lalangina,District,MG21220430,Fandrandava,Commune,9806,10077,10354,10638,10927,11223,11526,11838,12157,12486
MG,Madagascar,MG21,Haute Matsiatra,MG21220,Lalangina,District,MG21220630,Ialananindro,Commune,5869,6031,6197,6367,6540,6717,6899,7085,7276,7473
MG,Madagascar,MG21,Haute Matsiatra,MG21224,Vohibato,District,MG21224010,Mahasoabe,Commune,20871,21447,22037,22641,23257,23888,24533,25195,25875,26574
MG,Madagascar,MG21,Haute Matsiatra,MG21224,Vohibato,District,MG21224030,Vinanitelo,Commune,12784,13137,13498,13868,14246,14632,15027,15433,15849,16277
MG,Madagascar,MG21,Haute Matsiatra,MG21224,Vohibato,District,MG21224050,Alakamisy Itenina,Commune,17023,17493,17974,18467,18969,19484,20010,20550,21105,21675
MG,Madagascar,MG21,Haute Matsiatra,MG21224,Vohibato,District,MG21224070,Talata Ampano,Commune,18896,19418,19952,20499,21057,21627,22211,22811,23427,24059
MG,Madagascar,MG21,Haute Matsiatra,MG21224,Vohibato,District,MG21224090,Ihazoara,Commune,8589,8826,9069,9317,9571,9831,10096,10369,10648,10936
MG,Madagascar,MG21,Haute Matsiatra,MG21224,Vohibato,District,MG21224110,Ankaromalaza Mifanasoa,Commune,5939,6103,6271,6443,6618,6797,6981,7169,7363,7562
MG,Madagascar,MG21,Haute Matsiatra,MG21224,Vohibato,District,MG21224130,Vohimarina,Commune,18460,18969,19491,20026,20571,21128,21699,22285,22886,23504
MG,Madagascar,MG21,Haute Matsiatra,MG21224,Vohibato,District,MG21224150,Maneva,Commune,6731,6917,7107,7302,7501,7704,7912,8126,8345,8570
MG,Madagascar,MG21,Haute Matsiatra,MG21224,Vohibato,District,MG21224170,Vohitrafeno,Commune,11013,11317,11628,11947,12272,12605,12945,13295,13654,14022
MG,Madagascar,MG21,Haute Matsiatra,MG21224,Vohibato,District,MG21224190,Andranovorivato,Commune,21967,22573,23194,23830,24479,25142,25821,26518,27234,27970
MG,Madagascar,MG21,Haute Matsiatra,MG21224,Vohibato,District,MG21224210,Vohibato Ouest,Commune,4051,4163,4277,4395,4514,4637,4762,4890,5022,5158
MG,Madagascar,MG21,Haute Matsiatra,MG21224,Vohibato,District,MG21224230,Andranomiditra,Commune,15755,16190,16635,17091,17556,18032,18519,19019,19533,20060
MG,Madagascar,MG21,Haute Matsiatra,MG21224,Vohibato,District,MG21224250,Soaindrana,Commune,6154,6324,6498,6676,6858,7044,7234,7429,7630,7836
MG,Madagascar,MG21,Haute Matsiatra,MG21224,Vohibato,District,MG21224270,Mahaditra,Commune,20242,20801,21373,21959,22556,23168,23793,24436,25096,25773
MG,Madagascar,MG21,Haute Matsiatra,MG21225,Isandra,District,MG21225010,Isorana,Commune,11884,12212,12548,12892,13243,13602,13969,14346,14734,15131
MG,Madagascar,MG21,Haute Matsiatra,MG21225,Isandra,District,MG21225030,Anjoma Itsara,Commune,6679,6863,7052,7245,7443,7644,7851,8063,8280,8504
MG,Madagascar,MG21,Haute Matsiatra,MG21225,Isandra,District,MG21225050,Andoharanomaitso,Commune,21215,21801,22400,23014,23641,24282,24937,25610,26302,27012
MG,Madagascar,MG21,Haute Matsiatra,MG21225,Isandra,District,MG21225070,Ambondrona,Commune,14106,14495,14894,15302,15719,16145,16581,17029,17488,17961
MG,Madagascar,MG21,Haute Matsiatra,MG21225,Isandra,District,MG21225090,Ambalamidera II,Commune,5558,5711,5869,6029,6193,6361,6533,6710,6891,7077
MG,Madagascar,MG21,Haute Matsiatra,MG21225,Isandra,District,MG21225110,Ankarinarivo Manirisoa,Commune,9834,10105,10383,10668,10958,11256,11559,11871,12192,12521
MG,Madagascar,MG21,Haute Matsiatra,MG21225,Isandra,District,MG21225130,Soatanana,Commune,8810,9053,9302,9557,9817,10083,10356,10635,10922,11217
MG,Madagascar,MG21,Haute Matsiatra,MG21225,Isandra,District,MG21225150,Nasandratrony,Commune,9509,9771,10040,10315,10596,10884,11177,11479,11789,12107
MG,Madagascar,MG21,Haute Matsiatra,MG21225,Isandra,District,MG21225170,Mahazoarivo,Commune,10186,10467,10755,11050,11351,11658,11973,12296,12628,12969
MG,Madagascar,MG21,Haute Matsiatra,MG21225,Isandra,District,MG21225190,Fanjakana,Commune,15671,16104,16546,17000,17463,17936,18421,18918,19429,19953
MG,Madagascar,MG21,Haute Matsiatra,MG21225,Isandra,District,MG21225210,Iavonomby Vohibola,Commune,10821,11120,11426,11739,12058,12385,12720,13063,13416,13778
MG,Madagascar,MG22,Amoron I Mania,MG22202,Ambatofinandrahana,District,MG22202010,Ambatofinandrahana,Commune,26273,26998,27741,28501,29277,30071,30883,31716,32573,33452
MG,Madagascar,MG22,Amoron I Mania,MG22202,Ambatofinandrahana,District,MG22202030,Itremo,Commune,8810,9053,9302,9557,9817,10083,10356,10635,10922,11217
MG,Madagascar,MG22,Amoron I Mania,MG22202,Ambatofinandrahana,District,MG22202050,Fenoarivo,Commune,16271,16720,17180,17651,18131,18623,19126,19642,20172,20717
MG,Madagascar,MG22,Amoron I Mania,MG22202,Ambatofinandrahana,District,MG22202070,Soavina,Commune,26822,27562,28320,29097,29889,30699,31528,32379,33253,34151
MG,Madagascar,MG22,Amoron I Mania,MG22202,Ambatofinandrahana,District,MG22202090,Ambondromisotra,Commune,13346,13714,14092,14478,14872,15275,15688,16111,16546,16993
MG,Madagascar,MG22,Amoron I Mania,MG22202,Ambatofinandrahana,District,MG22202110,Ambatomifanongoa,Commune,20321,20882,21456,22044,22644,23258,23886,24531,25194,25874
MG,Madagascar,MG22,Amoron I Mania,MG22202,Ambatofinandrahana,District,MG22202130,Amborompotsy,Commune,16203,16650,17108,17577,18056,18545,19046,19560,20088,20631
MG,Madagascar,MG22,Amoron I Mania,MG22202,Ambatofinandrahana,District,MG22202150,Mandrosonoro,Commune,12951,13308,13675,14049,14432,14823,15223,15634,16056,16490
MG,Madagascar,MG22,Amoron I Mania,MG22202,Ambatofinandrahana,District,MG22202170,Mangataboahangy,Commune,8243,8471,8704,8942,9185,9435,9689,9951,10220,10495
MG,Madagascar,MG22,Amoron I Mania,MG22203,Ambositra,District,MG22203010,Ambositra I,Commune,35155,36125,37119,38137,39175,40237,41323,42439,43584,44761
MG,Madagascar,MG22,Amoron I Mania,MG22203,Ambositra,District,MG22203030,Ambositra II,Commune,14396,14793,15200,15617,16042,16477,16922,17379,17848,18330
MG,Madagascar,MG22,Amoron I Mania,MG22203,Ambositra,District,MG22203050,Ankazoambo,Commune,5855,6017,6182,6352,6524,6701,6882,7068,7259,7455
MG,Madagascar,MG22,Amoron I Mania,MG22203,Ambositra,District,MG22203070,Ivony Miaramiasa,Commune,4834,4967,5104,5244,5387,5533,5682,5836,5993,6155
MG,Madagascar,MG22,Amoron I Mania,MG22203,Ambositra,District,MG22203090,Andina,Commune,14503,14903,15313,15733,16161,16599,17048,17508,17981,18466
MG,Madagascar,MG22,Amoron I Mania,MG22203,Ambositra,District,MG22203110,Imerina Imady,Commune,4759,4890,5025,5163,5303,5447,5594,5745,5900,6059
MG,Madagascar,MG22,Amoron I Mania,MG22203,Ambositra,District,MG22203130,Ivato,Commune,17179,17653,18139,18636,19143,19662,20193,20738,21298,21873
MG,Madagascar,MG22,Amoron I Mania,MG22203,Ambositra,District,MG22203150,Tsarasaotra,Commune,21522,22116,22724,23347,23983,24633,25298,25981,26683,27403
MG,Madagascar,MG22,Amoron I Mania,MG22203,Ambositra,District,MG22203170,Marosoa,Commune,8747,8988,9236,9489,9747,10011,10282,10559,10844,11137
MG,Madagascar,MG22,Amoron I Mania,MG22203,Ambositra,District,MG22203190,Fahizay,Commune,4843,4977,5114,5254,5397,5543,5693,5846,6004,6166
MG,Madagascar,MG22,Amoron I Mania,MG22203,Ambositra,District,MG22203210,Alakamisy Ambohijato,Commune,10363,10649,10942,11242,11548,11861,12181,12510,12848,13195
MG,Madagascar,MG22,Amoron I Mania,MG22203,Ambositra,District,MG22203230,Kianjandrakefina,Commune,11688,12011,12341,12679,13024,13378,13739,14110,14491,14882
MG,Madagascar,MG22,Amoron I Mania,MG22203,Ambositra,District,MG22203250,Ambalamanakana,Commune,8693,8933,9179,9430,9687,9950,10218,10494,10777,11068
MG,Madagascar,MG22,Amoron I Mania,MG22203,Ambositra,District,MG22203290,Ilaka Centre,Commune,13933,14318,14711,15115,15526,15947,16378,16820,17274,17740
MG,Madagascar,MG22,Amoron I Mania,MG22203,Ambositra,District,MG22203310,Ihadilanana,Commune,6923,7114,7310,7510,7715,7924,8138,8357,8583,8815
MG,Madagascar,MG22,Amoron I Mania,MG22203,Ambositra,District,MG22203390,Ambatofitorahana,Commune,8739,8980,9227,9480,9738,10002,10272,10550,10834,11127
MG,Madagascar,MG22,Amoron I Mania,MG22203,Ambositra,District,MG22203410,Antoetra,Commune,12404,12746,13097,13456,13822,14197,14580,14974,15378,15793
MG,Madagascar,MG22,Amoron I Mania,MG22203,Ambositra,District,MG22203430,Mahazina Ambohipierenana,Commune,5357,5505,5656,5811,5970,6131,6297,6467,6642,6821
MG,Madagascar,MG22,Amoron I Mania,MG22203,Ambositra,District,MG22203450,Sahatsiho Ambohimanjaka,Commune,8445,8678,8917,9161,9411,9666,9927,10195,10470,10753
MG,Madagascar,MG22,Amoron I Mania,MG22203,Ambositra,District,MG22203491,Ambohimitombo I,Commune,9588,9853,10124,10401,10684,10974,11270,11575,11887,12208
MG,Madagascar,MG22,Amoron I Mania,MG22203,Ambositra,District,MG22203492,Ambohimitombo II,Commune,5708,5866,6027,6192,6361,6533,6709,6891,7077,7268
MG,Madagascar,MG22,Amoron I Mania,MG22203,Ambositra,District,MG22203551,Ambinanindrano,Commune,13343,13711,14088,14475,14869,15272,15684,16108,16542,16989
MG,Madagascar,MG22,Amoron I Mania,MG22203,Ambositra,District,MG22203552,Vohidahy,Commune,4863,4997,5135,5275,5419,5566,5716,5871,6029,6192
MG,Madagascar,MG22,Amoron I Mania,MG22204,Fandriana,District,MG22204010,Fandriana,Commune,27449,28207,28982,29777,30587,31417,32265,33136,34031,34950
MG,Madagascar,MG22,Amoron I Mania,MG22204,Fandriana,District,MG22204030,Milamaina,Commune,2463,2531,2601,2672,2745,2819,2895,2973,3054,3136
MG,Madagascar,MG22,Amoron I Mania,MG22204,Fandriana,District,MG22204050,Sahamadio Fisakana,Commune,15068,15484,15910,16346,16791,17246,17712,18190,18681,19185
MG,Madagascar,MG22,Amoron I Mania,MG22204,Fandriana,District,MG22204070,Fiadanana,Commune,15255,15676,16107,16549,16999,17460,17932,18416,18913,19423
MG,Madagascar,MG22,Amoron I Mania,MG22204,Fandriana,District,MG22204090,Tsarazaza,Commune,19639,20181,20736,21305,21884,22478,23085,23708,24348,25005
MG,Madagascar,MG22,Amoron I Mania,MG22204,Fandriana,District,MG22204110,Tatamalaza,Commune,4689,4818,4951,5087,5225,5367,5512,5661,5813,5970
MG,Madagascar,MG22,Amoron I Mania,MG22204,Fandriana,District,MG22204130,Ankarinoro,Commune,6572,6753,6939,7129,7323,7522,7725,7934,8148,8368
MG,Madagascar,MG22,Amoron I Mania,MG22204,Fandriana,District,MG22204150,Sandrandahy,Commune,23600,24251,24918,25602,26298,27011,27741,28490,29259,30049
MG,Madagascar,MG22,Amoron I Mania,MG22204,Fandriana,District,MG22204170,Mahazoarivo,Commune,19854,20402,20963,21538,22124,22724,23337,23968,24615,25279
MG,Madagascar,MG22,Amoron I Mania,MG22204,Fandriana,District,MG22204191,Miarinavaratra,Commune,23760,24416,25087,25775,26477,27195,27929,28683,29457,30252
MG,Madagascar,MG22,Amoron I Mania,MG22204,Fandriana,District,MG22204192,Betsimisotra,Commune,8314,8543,8778,9019,9265,9516,9773,10037,10308,10586
MG,Madagascar,MG22,Amoron I Mania,MG22204,Fandriana,District,MG22204210,Alakamisy Ambohimahazo,Commune,11752,12076,12409,12749,13096,13451,13814,14187,14570,14963
MG,Madagascar,MG22,Amoron I Mania,MG22204,Fandriana,District,MG22204230,Imito,Commune,15117,15534,15962,16399,16845,17302,17769,18249,18742,19248
MG,Madagascar,MG22,Amoron I Mania,MG22223,Manandriana,District,MG22223010,Ambovombe Centre,Commune,16744,17206,17679,18164,18658,19164,19682,20213,20759,21319
MG,Madagascar,MG22,Amoron I Mania,MG22223,Manandriana,District,MG22223030,Ambohimahazo,Commune,10453,10742,11037,11340,11648,11964,12287,12619,12959,13309
MG,Madagascar,MG22,Amoron I Mania,MG22223,Manandriana,District,MG22223050,Anjoma Nandihizana,Commune,12708,13059,13418,13786,14161,14545,14938,15341,15755,16181
MG,Madagascar,MG22,Amoron I Mania,MG22223,Manandriana,District,MG22223070,Ambohimilanja,Commune,5847,6008,6174,6343,6516,6692,6873,7058,7249,7445
MG,Madagascar,MG22,Amoron I Mania,MG22223,Manandriana,District,MG22223150,Talata Vohimena,Commune,15061,15477,15902,16338,16783,17238,17703,18181,18672,19176
MG,Madagascar,MG22,Amoron I Mania,MG22223,Manandriana,District,MG22223171,Ambatomarina,Commune,12961,13319,13685,14060,14443,14835,15235,15646,16069,16503
MG,Madagascar,MG22,Amoron I Mania,MG22223,Manandriana,District,MG22223172,Andakatany,Commune,2332,2396,2462,2530,2599,2669,2741,2815,2891,2969
MG,Madagascar,MG23,Vatovavy Fitovinany,MG23206,Ifanadiana,District,MG23206011,Ifanadiana,Commune,13355,13724,14101,14488,14882,15285,15698,16122,16557,17004
MG,Madagascar,MG23,Vatovavy Fitovinany,MG23206,Ifanadiana,District,MG23206012,Antaretra,Commune,7535,7743,7956,8174,8397,8624,8857,9096,9342,9594
MG,Madagascar,MG23,Vatovavy Fitovinany,MG23206,Ifanadiana,District,MG23206030,Tsaratanana,Commune,19080,19607,20146,20698,21262,21838,22428,23033,23655,24294
MG,Madagascar,MG23,Vatovavy Fitovinany,MG23206,Ifanadiana,District,MG23206051,Ranomafana,Commune,8073,8296,8524,8758,8996,9240,9489,9746,10009,10279
MG,Madagascar,MG23,Vatovavy Fitovinany,MG23206,Ifanadiana,District,MG23206052,Kelilalina,Commune,9275,9531,9793,10062,10335,10616,10902,11197,11499,11809
MG,Madagascar,MG23,Vatovavy Fitovinany,MG23206,Ifanadiana,District,MG23206071,Androrangavola,Commune,14176,14567,14968,15378,15797,16225,16663,17113,17575,18050
MG,Madagascar,MG23,Vatovavy Fitovinany,MG23206,Ifanadiana,District,MG23206072,Marotoko,Commune,9571,9835,10106,10383,10665,10954,11250,11554,11866,12186
MG,Madagascar,MG23,Vatovavy Fitovinany,MG23206,Ifanadiana,District,MG23206090,Ambohimiera,Commune,14734,15141,15557,15984,16419,16864,17319,17787,18267,18760
MG,Madagascar,MG23,Vatovavy Fitovinany,MG23206,Ifanadiana,District,MG23206110,Antsindra,Commune,5299,5445,5595,5748,5905,6065,6229,6397,6570,6747
MG,Madagascar,MG23,Vatovavy Fitovinany,MG23206,Ifanadiana,District,MG23206130,Ambohimanga Du Sud,Commune,13471,13843,14224,14613,15011,15418,15835,16262,16701,17152
MG,Madagascar,MG23,Vatovavy Fitovinany,MG23206,Ifanadiana,District,MG23206150,Analampasina,Commune,5889,6052,6218,6388,6562,6740,6922,7109,7301,7498
MG,Madagascar,MG23,Vatovavy Fitovinany,MG23206,Ifanadiana,District,MG23206170,Fasintsara,Commune,14830,15239,15659,16088,16526,16974,17432,17903,18386,18882
MG,Madagascar,MG23,Vatovavy Fitovinany,MG23206,Ifanadiana,District,MG23206190,Maroharatra,Commune,12802,13155,13517,13888,14266,14653,15048,15454,15872,16300
MG,Madagascar,MG23,Vatovavy Fitovinany,MG23207,Nosy-Varika,District,MG23207010,Nosy Varika,Commune,25496,26200,26920,27658,28411,29181,29969,30778,31609,32463
MG,Madagascar,MG23,Vatovavy Fitovinany,MG23207,Nosy-Varika,District,MG23207031,Ambahy,Commune,8651,8890,9134,9385,9640,9902,10169,10443,10725,11015
MG,Madagascar,MG23,Vatovavy Fitovinany,MG23207,Nosy-Varika,District,MG23207032,Andara,Commune,6104,6272,6445,6622,6802,6986,7175,7369,7568,7772
MG,Madagascar,MG23,Vatovavy Fitovinany,MG23207,Nosy-Varika,District,MG23207051,Fiadanana,Commune,12556,12903,13257,13621,13992,14371,14759,15157,15567,15987
MG,Madagascar,MG23,Vatovavy Fitovinany,MG23207,Nosy-Varika,District,MG23207052,Ambodirian'i Sahafary,Commune,16498,16953,17420,17897,18384,18883,19393,19916,20454,21006
MG,Madagascar,MG23,Vatovavy Fitovinany,MG23207,Nosy-Varika,District,MG23207070,Sahavato,Commune,26981,27726,28488,29269,30066,30881,31715,32571,33451,34354
MG,Madagascar,MG23,Vatovavy Fitovinany,MG23207,Nosy-Varika,District,MG23207090,Vohilava,Commune,11883,12211,12547,12891,13242,13601,13968,14345,14732,15130
MG,Madagascar,MG23,Vatovavy Fitovinany,MG23207,Nosy-Varika,District,MG23207111,Vohitrandriana,Commune,18770,19288,19819,20362,20916,21483,22063,22659,23271,23899
MG,Madagascar,MG23,Vatovavy Fitovinany,MG23207,Nosy-Varika,District,MG23207112,Vohidroa,Commune,8643,8882,9126,9376,9631,9892,10159,10434,10715,11005
MG,Madagascar,MG23,Vatovavy Fitovinany,MG23207,Nosy-Varika,District,MG23207113,Ambakobe,Commune,3975,4085,4197,4312,4429,4550,4672,4799,4928,5061
MG,Madagascar,MG23,Vatovavy Fitovinany,MG23207,Nosy-Varika,District,MG23207130,Soavina,Commune,28859,29656,30471,31307,32159,33031,33922,34838,35779,36745
MG,Madagascar,MG23,Vatovavy Fitovinany,MG23207,Nosy-Varika,District,MG23207151,Ambodilafa,Commune,11041,11346,11658,11977,12303,12637,12978,13329,13688,14058
MG,Madagascar,MG23,Vatovavy Fitovinany,MG23207,Nosy-Varika,District,MG23207152,Androrangavola,Commune,9271,9527,9789,10057,10331,10611,10898,11192,11494,11804
MG,Madagascar,MG23,Vatovavy Fitovinany,MG23207,Nosy-Varika,District,MG23207171,Ampasinambo,Commune,10736,11032,11336,11647,11964,12288,12620,12960,13310,13670
MG,Madagascar,MG23,Vatovavy Fitovinany,MG23207,Nosy-Varika,District,MG23207172,Antanambao,Commune,9070,9320,9577,9839,10107,10381,10661,10949,11245,11548
MG,Madagascar,MG23,Vatovavy Fitovinany,MG23207,Nosy-Varika,District,MG23207173,Angodongodona,Commune,10154,10434,10721,11015,11315,11622,11936,12258,12589,12929
MG,Madagascar,MG23,Vatovavy Fitovinany,MG23207,Nosy-Varika,District,MG23207191,Befody,Commune,7704,7917,8134,8357,8585,8818,9056,9300,9551,9809
MG,Madagascar,MG23,Vatovavy Fitovinany,MG23207,Nosy-Varika,District,MG23207192,Ambodiara,Commune,5371,5519,5671,5827,5985,6147,6313,6484,6659,6839
MG,Madagascar,MG23,Vatovavy Fitovinany,MG23209,Mananjary,District,MG23209010,Mananjary,Commune,30108,30939,31790,32661,33550,34460,35391,36346,37327,38335
MG,Madagascar,MG23,Vatovavy Fitovinany,MG23209,Mananjary,District,MG23209031,Tsaravary,Commune,7412,7617,7826,8041,8259,8483,8712,8948,9189,9437
MG,Madagascar,MG23,Vatovavy Fitovinany,MG23209,Mananjary,District,MG23209032,Ankatafana,Commune,10595,10887,11187,11494,11806,12127,12454,12790,13135,13490
MG,Madagascar,MG23,Vatovavy Fitovinany,MG23209,Mananjary,District,MG23209050,Mahatsara Sud,Commune,7275,7476,7681,7892,8107,8327,8551,8782,9019,9263
MG,Madagascar,MG23,Vatovavy Fitovinany,MG23209,Mananjary,District,MG23209070,Tsiatosika,Commune,19350,19884,20431,20991,21562,22147,22745,23359,23990,24637
MG,Madagascar,MG23,Vatovavy Fitovinany,MG23209,Mananjary,District,MG23209090,Mahatsara Iefaka,Commune,5642,5798,5957,6121,6287,6458,6632,6811,6995,7184
MG,Madagascar,MG23,Vatovavy Fitovinany,MG23209,Mananjary,District,MG23209110,Marokarima,Commune,11126,11433,11748,12070,12398,12734,13078,13431,13794,14166
MG,Madagascar,MG23,Vatovavy Fitovinany,MG23209,Mananjary,District,MG23209130,Morafeno,Commune,13127,13489,13860,14240,14628,15025,15430,15847,16275,16714
MG,Madagascar,MG23,Vatovavy Fitovinany,MG23209,Mananjary,District,MG23209150,Antsenavolo,Commune,15041,15456,15881,16317,16761,17215,17680,18157,18648,19151
MG,Madagascar,MG23,Vatovavy Fitovinany,MG23209,Mananjary,District,MG23209170,Marosangy,Commune,6640,6823,7011,7203,7399,7600,7805,8016,8232,8454
MG,Madagascar,MG23,Vatovavy Fitovinany,MG23209,Mananjary,District,MG23209190,Ambohimiarina II,Commune,4168,4283,4401,4521,4645,4770,4899,5032,5167,5307
MG,Madagascar,MG23,Vatovavy Fitovinany,MG23209,Mananjary,District,MG23209210,Andranambolava,Commune,6548,6729,6914,7103,7297,7495,7697,7905,8118,8337
MG,Madagascar,MG23,Vatovavy Fitovinany,MG23209,Mananjary,District,MG23209230,Vohilava,Commune,22489,23110,23745,24396,25060,25740,26435,27148,27881,28634
MG,Madagascar,MG23,Vatovavy Fitovinany,MG23209,Mananjary,District,MG23209251,Mahela,Commune,11594,11914,12242,12577,12920,13270,13628,13996,14374,14762
MG,Madagascar,MG23,Vatovavy Fitovinany,MG23209,Mananjary,District,MG23209252,Ambohitsara Est,Commune,8915,9161,9413,9671,9934,10204,10479,10762,11053,11351
MG,Madagascar,MG23,Vatovavy Fitovinany,MG23209,Mananjary,District,MG23209270,Mahavoky Nord,Commune,4690,4819,4952,5088,5226,5368,5513,5662,5815,5972
MG,Madagascar,MG23,Vatovavy Fitovinany,MG23209,Mananjary,District,MG23209290,Andonabe,Commune,8455,8688,8927,9172,9422,9677,9938,10207,10482,10765
MG,Madagascar,MG23,Vatovavy Fitovinany,MG23209,Mananjary,District,MG23209310,Ambohinihaonana,Commune,21674,22272,22885,23512,24152,24807,25477,26165,26871,27596
MG,Madagascar,MG23,Vatovavy Fitovinany,MG23209,Mananjary,District,MG23209331,Marofototra,Commune,8472,8706,8945,9191,9441,9697,9958,10227,10503,10787
MG,Madagascar,MG23,Vatovavy Fitovinany,MG23209,Mananjary,District,MG23209332,Andranomavo,Commune,9116,9368,9625,9889,10158,10434,10715,11005,11302,11607
MG,Madagascar,MG23,Vatovavy Fitovinany,MG23209,Mananjary,District,MG23209350,Vatohandrina,Commune,3992,4102,4215,4331,4448,4569,4692,4819,4949,5083
MG,Madagascar,MG23,Vatovavy Fitovinany,MG23209,Mananjary,District,MG23209370,Ambalahosy Nord,Commune,4897,5032,5171,5312,5457,5605,5756,5912,6071,6235
MG,Madagascar,MG23,Vatovavy Fitovinany,MG23209,Mananjary,District,MG23209391,Ambodinonoka,Commune,11923,12252,12589,12934,13286,13646,14015,14393,14782,15181
MG,Madagascar,MG23,Vatovavy Fitovinany,MG23209,Mananjary,District,MG23209392,Antaretra,Commune,6479,6658,6841,7028,7220,7416,7616,7821,8033,8249
MG,Madagascar,MG23,Vatovavy Fitovinany,MG23209,Mananjary,District,MG23209410,Kianjavato,Commune,7191,7389,7593,7801,8013,8230,8453,8681,8915,9156
MG,Madagascar,MG23,Vatovavy Fitovinany,MG23209,Mananjary,District,MG23209430,Sandrohy,Commune,6413,6590,6771,6957,7146,7340,7538,7742,7951,8165
MG,Madagascar,MG23,Vatovavy Fitovinany,MG23209,Mananjary,District,MG23209450,Anosimparihy,Commune,9078,9329,9585,9848,10116,10390,10671,10959,11255,11559
MG,Madagascar,MG23,Vatovavy Fitovinany,MG23209,Mananjary,District,MG23209470,Manakana Nord,Commune,4473,4596,4723,4852,4984,5120,5258,5400,5546,5695
MG,Madagascar,MG23,Vatovavy Fitovinany,MG23209,Mananjary,District,MG23209490,Namorona,Commune,17347,17826,18316,18818,19330,19855,20391,20941,21506,22087
MG,Madagascar,MG23,Vatovavy Fitovinany,MG23210,Manakara Atsimo,District,MG23210010,Manakara,Commune,31604,32476,33370,34284,35218,36172,37149,38152,39182,40240
MG,Madagascar,MG23,Vatovavy Fitovinany,MG23210,Manakara Atsimo,District,MG23210031,Tataho,Commune,4758,4889,5024,5162,5302,5446,5593,5744,5899,6058
MG,Madagascar,MG23,Vatovavy Fitovinany,MG23210,Manakara Atsimo,District,MG23210032,Mangatsiotra,Commune,3799,3904,4011,4121,4233,4348,4466,4586,4710,4837
MG,Madagascar,MG23,Vatovavy Fitovinany,MG23210,Manakara Atsimo,District,MG23210051,Marofarihy,Commune,5764,5923,6086,6253,6423,6597,6775,6958,7146,7339
MG,Madagascar,MG23,Vatovavy Fitovinany,MG23210,Manakara Atsimo,District,MG23210052,Anosiala,Commune,7374,7578,7786,7999,8217,8440,8668,8902,9142,9389
MG,Madagascar,MG23,Vatovavy Fitovinany,MG23210,Manakara Atsimo,District,MG23210070,Ambila,Commune,11987,12318,12657,13004,13358,13720,14090,14471,14861,15262
MG,Madagascar,MG23,Vatovavy Fitovinany,MG23210,Manakara Atsimo,District,MG23210090,Sorombo,Commune,15151,15569,15997,16436,16883,17341,17809,18290,18784,19291
MG,Madagascar,MG23,Vatovavy Fitovinany,MG23210,Manakara Atsimo,District,MG23210110,Mizilo Gara,Commune,9961,10236,10517,10806,11100,11401,11709,12025,12349,12683
MG,Madagascar,MG23,Vatovavy Fitovinany,MG23210,Manakara Atsimo,District,MG23210130,Ambohitsara M,Commune,5756,5915,6078,6244,6414,6588,6766,6949,7136,7329
MG,Madagascar,MG23,Vatovavy Fitovinany,MG23210,Manakara Atsimo,District,MG23210151,Sahasinaka,Commune,12112,12446,12789,13139,13497,13863,14237,14621,15016,15422
MG,Madagascar,MG23,Vatovavy Fitovinany,MG23210,Manakara Atsimo,District,MG23210152,Sahanambohitra,Commune,2605,2677,2751,2826,2903,2982,3062,3145,3230,3317
MG,Madagascar,MG23,Vatovavy Fitovinany,MG23210,Manakara Atsimo,District,MG23210153,Ambahatrazo,Commune,4820,4953,5089,5229,5371,5517,5666,5819,5976,6137
MG,Madagascar,MG23,Vatovavy Fitovinany,MG23210,Manakara Atsimo,District,MG23210171,Amboanjo,Commune,11448,11764,12088,12419,12757,13103,13457,13820,14193,14576
MG,Madagascar,MG23,Vatovavy Fitovinany,MG23210,Manakara Atsimo,District,MG23210172,Anorombato,Commune,10071,10349,10634,10925,11222,11527,11838,12158,12486,12823
MG,Madagascar,MG23,Vatovavy Fitovinany,MG23210,Manakara Atsimo,District,MG23210190,Vohimasy,Commune,8556,8792,9034,9282,9534,9793,10057,10329,10608,10894
MG,Madagascar,MG23,Vatovavy Fitovinany,MG23210,Manakara Atsimo,District,MG23210211,Lokomby,Commune,10461,10750,11045,11348,11657,11973,12296,12628,12969,13320
MG,Madagascar,MG23,Vatovavy Fitovinany,MG23210,Manakara Atsimo,District,MG23210212,Vatana,Commune,6691,6876,7065,7258,7456,7658,7865,8077,8295,8519
MG,Madagascar,MG23,Vatovavy Fitovinany,MG23210,Manakara Atsimo,District,MG23210213,Sakoana,Commune,5903,6066,6233,6404,6578,6756,6939,7126,7318,7516
MG,Madagascar,MG23,Vatovavy Fitovinany,MG23210,Manakara Atsimo,District,MG23210231,Ambahive,Commune,10686,10981,11283,11592,11908,12231,12561,12900,13248,13606
MG,Madagascar,MG23,Vatovavy Fitovinany,MG23210,Manakara Atsimo,District,MG23210232,Ambandrika,Commune,5457,5608,5762,5920,6081,6246,6414,6588,6765,6948
MG,Madagascar,MG23,Vatovavy Fitovinany,MG23210,Manakara Atsimo,District,MG23210233,Ambalaroka,Commune,9626,9892,10164,10442,10727,11017,11315,11620,11934,12256
MG,Madagascar,MG23,Vatovavy Fitovinany,MG23210,Manakara Atsimo,District,MG23210250,Vohimanitra,Commune,5344,5491,5643,5797,5955,6116,6282,6451,6625,6804
MG,Madagascar,MG23,Vatovavy Fitovinany,MG23210,Manakara Atsimo,District,MG23210271,Mitanty,Commune,5582,5736,5894,6055,6220,6389,6561,6739,6920,7107
MG,Madagascar,MG23,Vatovavy Fitovinany,MG23210,Manakara Atsimo,District,MG23210272,Analavory,Commune,3752,3856,3962,4070,4181,4294,4410,4529,4652,4777
MG,Madagascar,MG23,Vatovavy Fitovinany,MG23210,Manakara Atsimo,District,MG23210291,Bekatra,Commune,10431,10719,11014,11316,11624,11939,12261,12592,12932,13281
MG,Madagascar,MG23,Vatovavy Fitovinany,MG23210,Manakara Atsimo,District,MG23210292,Vinanitelo,Commune,7921,8140,8364,8593,8827,9066,9311,9562,9820,10085
MG,Madagascar,MG23,Vatovavy Fitovinany,MG23210,Manakara Atsimo,District,MG23210311,Ampasimanjeva,Commune,10570,10862,11161,11466,11779,12098,12425,12760,13104,13458
MG,Madagascar,MG23,Vatovavy Fitovinany,MG23210,Manakara Atsimo,District,MG23210312,Ambotaka,Commune,6682,6866,7055,7249,7446,7648,7854,8066,8284,8508
MG,Madagascar,MG23,Vatovavy Fitovinany,MG23210,Manakara Atsimo,District,MG23210313,Nihaonana,Commune,2566,2637,2709,2784,2859,2937,3016,3098,3181,3267
MG,Madagascar,MG23,Vatovavy Fitovinany,MG23210,Manakara Atsimo,District,MG23210330,Mavorano,Commune,3922,4030,4141,4255,4370,4489,4610,4735,4862,4994
MG,Madagascar,MG23,Vatovavy Fitovinany,MG23210,Manakara Atsimo,District,MG23210351,Vohimasina Nord,Commune,8887,9132,9383,9641,9903,10172,10446,10728,11018,11315
MG,Madagascar,MG23,Vatovavy Fitovinany,MG23210,Manakara Atsimo,District,MG23210352,Vohimasina Sud,Commune,7490,7697,7908,8125,8346,8573,8804,9042,9286,9537
MG,Madagascar,MG23,Vatovavy Fitovinany,MG23210,Manakara Atsimo,District,MG23210353,Betampona,Commune,2771,2847,2926,3006,3088,3172,3257,3345,3435,3528
MG,Madagascar,MG23,Vatovavy Fitovinany,MG23210,Manakara Atsimo,District,MG23210370,Vohilava,Commune,5714,5872,6033,6199,6367,6540,6717,6898,7084,7275
MG,Madagascar,MG23,Vatovavy Fitovinany,MG23210,Manakara Atsimo,District,MG23210390,Fenomby,Commune,7630,7841,8056,8277,8502,8733,8969,9211,9460,9715
MG,Madagascar,MG23,Vatovavy Fitovinany,MG23210,Manakara Atsimo,District,MG23210410,Ambalavero,Commune,8408,8640,8878,9121,9369,9623,9883,10150,10424,10706
MG,Madagascar,MG23,Vatovavy Fitovinany,MG23210,Manakara Atsimo,District,MG23210430,Amborondra,Commune,6451,6629,6811,6998,7189,7383,7583,7788,7998,8214
MG,Madagascar,MG23,Vatovavy Fitovinany,MG23210,Manakara Atsimo,District,MG23210451,Mahabako,Commune,11496,11813,12138,12471,12810,13158,13513,13878,14253,14637
MG,Madagascar,MG23,Vatovavy Fitovinany,MG23210,Manakara Atsimo,District,MG23210452,Onilahy,Commune,3735,3838,3944,4052,4162,4275,4390,4509,4631,4756
MG,Madagascar,MG23,Vatovavy Fitovinany,MG23210,Manakara Atsimo,District,MG23210471,Mahamaibe,Commune,5789,5949,6112,6280,6451,6626,6805,6988,7177,7371
MG,Madagascar,MG23,Vatovavy Fitovinany,MG23210,Manakara Atsimo,District,MG23210472,Kianjanomby,Commune,6805,6993,7185,7382,7583,7789,7999,8215,8437,8664
MG,Madagascar,MG23,Vatovavy Fitovinany,MG23210,Manakara Atsimo,District,MG23210490,Ampasimpotsy Sud,Commune,6514,6694,6878,7066,7259,7456,7657,7864,8076,8294
MG,Madagascar,MG23,Vatovavy Fitovinany,MG23210,Manakara Atsimo,District,MG23210510,Anteza,Commune,8825,9069,9318,9573,9834,10101,10373,10653,10941,11236
MG,Madagascar,MG23,Vatovavy Fitovinany,MG23210,Manakara Atsimo,District,MG23210531,Saharefo,Commune,6208,6379,6555,6735,6918,7105,7297,7494,7697,7904
MG,Madagascar,MG23,Vatovavy Fitovinany,MG23210,Manakara Atsimo,District,MG23210532,Ampasimboraka,Commune,2701,2776,2852,2930,3010,3091,3175,3261,3349,3439
MG,Madagascar,MG23,Vatovavy Fitovinany,MG23211,Ikongo,District,MG23211011,Ikongo,Commune,26843,27584,28343,29120,29912,30723,31553,32405,33279,34178
MG,Madagascar,MG23,Vatovavy Fitovinany,MG23211,Ikongo,District,MG23211012,Ambolomadinika,Commune,11136,11443,11758,12080,12409,12746,13090,13443,13806,14179
MG,Madagascar,MG23,Vatovavy Fitovinany,MG23211,Ikongo,District,MG23211031,Ambatofotsy,Commune,9538,9801,10071,10347,10629,10917,11211,11514,11825,12144
MG,Madagascar,MG23,Vatovavy Fitovinany,MG23211,Ikongo,District,MG23211032,Belemoka,Commune,9206,9460,9720,9987,10259,10537,10821,11113,11413,11722
MG,Madagascar,MG23,Vatovavy Fitovinany,MG23211,Ikongo,District,MG23211033,Maromiandra,Commune,10396,10683,10977,11278,11585,11899,12220,12550,12889,13237
MG,Madagascar,MG23,Vatovavy Fitovinany,MG23211,Ikongo,District,MG23211051,Manampatrana,Commune,8981,9229,9483,9743,10008,10279,10557,10842,11134,11435
MG,Madagascar,MG23,Vatovavy Fitovinany,MG23211,Ikongo,District,MG23211052,Ambinanitromby,Commune,6386,6562,6743,6928,7116,7309,7506,7709,7917,8131
MG,Madagascar,MG23,Vatovavy Fitovinany,MG23211,Ikongo,District,MG23211071,Ifanirea,Commune,16280,16729,17190,17661,18141,18633,19136,19653,20184,20729
MG,Madagascar,MG23,Vatovavy Fitovinany,MG23211,Ikongo,District,MG23211072,Tanakambana,Commune,6028,6194,6365,6539,6717,6899,7086,7277,7473,7675
MG,Madagascar,MG23,Vatovavy Fitovinany,MG23211,Ikongo,District,MG23211073,Sahalanona,Commune,9799,10069,10346,10630,10919,11215,11518,11829,12149,12477
MG,Madagascar,MG23,Vatovavy Fitovinany,MG23211,Ikongo,District,MG23211091,Tolongoina,Commune,13670,14047,14434,14829,15233,15646,16068,16502,16948,17405
MG,Madagascar,MG23,Vatovavy Fitovinany,MG23211,Ikongo,District,MG23211092,Ambohimisafy,Commune,7988,8208,8434,8665,8901,9143,9390,9643,9903,10171
MG,Madagascar,MG23,Vatovavy Fitovinany,MG23212,Vohipeno,District,MG23212010,Vohipeno,Commune,11551,11870,12196,12531,12872,13221,13578,13944,14321,14707
MG,Madagascar,MG23,Vatovavy Fitovinany,MG23212,Vohipeno,District,MG23212031,Vohitrindry,Commune,12101,12435,12777,13127,13485,13850,14224,14608,15003,15408
MG,Madagascar,MG23,Vatovavy Fitovinany,MG23212,Vohipeno,District,MG23212032,Vohindava,Commune,8531,8766,9008,9255,9506,9764,10028,10299,10577,10862
MG,Madagascar,MG23,Vatovavy Fitovinany,MG23212,Vohipeno,District,MG23212051,Ivato,Commune,2899,2979,3061,3145,3230,3318,3408,3500,3594,3691
MG,Madagascar,MG23,Vatovavy Fitovinany,MG23212,Vohipeno,District,MG23212052,Savana,Commune,3432,3527,3624,3723,3824,3928,4034,4143,4255,4370
MG,Madagascar,MG23,Vatovavy Fitovinany,MG23212,Vohipeno,District,MG23212053,Anoloka,Commune,2893,2973,3055,3138,3224,3311,3401,3492,3587,3684
MG,Madagascar,MG23,Vatovavy Fitovinany,MG23212,Vohipeno,District,MG23212070,Mahabo,Commune,5536,5689,5845,6006,6169,6336,6507,6683,6863,7049
MG,Madagascar,MG23,Vatovavy Fitovinany,MG23212,Vohipeno,District,MG23212090,Ankarimbary,Commune,8118,8342,8572,8806,9046,9291,9542,9800,10065,10336
MG,Madagascar,MG23,Vatovavy Fitovinany,MG23212,Vohipeno,District,MG23212110,Lanivo,Commune,6509,6689,6873,7061,7253,7450,7651,7858,8070,8288
MG,Madagascar,MG23,Vatovavy Fitovinany,MG23212,Vohipeno,District,MG23212130,Nato,Commune,9075,9325,9582,9845,10113,10387,10667,10955,11251,11555
MG,Madagascar,MG23,Vatovavy Fitovinany,MG23212,Vohipeno,District,MG23212150,Mahasoabe,Commune,6607,6789,6976,7167,7362,7562,7766,7976,8191,8412
MG,Madagascar,MG23,Vatovavy Fitovinany,MG23212,Vohipeno,District,MG23212171,Onjatsy,Commune,1723,1771,1819,1869,1920,1972,2025,2080,2136,2194
MG,Madagascar,MG23,Vatovavy Fitovinany,MG23212,Vohipeno,District,MG23212172,Vohilany,Commune,745,766,787,808,830,853,876,899,924,949
MG,Madagascar,MG23,Vatovavy Fitovinany,MG23212,Vohipeno,District,MG23212190,Andemaka,Commune,11883,12211,12547,12891,13242,13601,13968,14345,14732,15130
MG,Madagascar,MG23,Vatovavy Fitovinany,MG23212,Vohipeno,District,MG23212211,Ifatsy,Commune,8092,8315,8544,8778,9017,9262,9512,9769,10032,10303
MG,Madagascar,MG23,Vatovavy Fitovinany,MG23212,Vohipeno,District,MG23212212,Antananabo,Commune,3860,3967,4076,4187,4301,4418,4537,4660,4786,4915
MG,Madagascar,MG23,Vatovavy Fitovinany,MG23212,Vohipeno,District,MG23212230,Ilakatra,Commune,16629,17088,17558,18039,18530,19033,19547,20074,20616,21173
MG,Madagascar,MG23,Vatovavy Fitovinany,MG23212,Vohipeno,District,MG23212250,Sahalava,Commune,7127,7324,7525,7731,7942,8157,8377,8604,8836,9074
MG,Madagascar,MG23,Vatovavy Fitovinany,MG23212,Vohipeno,District,MG23212270,Mahazoarivo,Commune,18922,19444,19979,20527,21086,21657,22242,22842,23459,24092
MG,Madagascar,MG24,Ihorombe,MG24216,Ihosy,District,MG24216010,Ihosy,Commune,26489,27220,27969,28736,29518,30318,31137,31977,32841,33727
MG,Madagascar,MG24,Ihorombe,MG24216,Ihosy,District,MG24216031,Ankily,Commune,5540,5693,5850,6010,6173,6341,6512,6688,6868,7054
MG,Madagascar,MG24,Ihorombe,MG24216,Ihosy,District,MG24216032,Ambia,Commune,6331,6506,6685,6868,7055,7246,7442,7643,7849,8061
MG,Madagascar,MG24,Ihorombe,MG24216,Ihosy,District,MG24216033,Tolohomiady,Commune,2558,2629,2701,2775,2850,2928,3007,3088,3171,3257
MG,Madagascar,MG24,Ihorombe,MG24216,Ihosy,District,MG24216050,Irina,Commune,3753,3857,3963,4071,4182,4295,4411,4531,4653,4779
MG,Madagascar,MG24,Ihorombe,MG24216,Ihosy,District,MG24216070,Sahambano,Commune,5802,5962,6126,6294,6465,6641,6820,7004,7193,7387
MG,Madagascar,MG24,Ihorombe,MG24216,Ihosy,District,MG24216090,Analaliry,Commune,6984,7177,7374,7576,7783,7994,8209,8431,8659,8892
MG,Madagascar,MG24,Ihorombe,MG24216,Ihosy,District,MG24216110,Mahasoa,Commune,12808,13162,13524,13894,14272,14659,15055,15462,15879,16308
MG,Madagascar,MG24,Ihorombe,MG24216,Ihosy,District,MG24216131,Ambatolahy,Commune,11759,12084,12416,12756,13103,13459,13822,14195,14579,14972
MG,Madagascar,MG24,Ihorombe,MG24216,Ihosy,District,MG24216132,Soamatasy,Commune,6909,7100,7295,7495,7699,7908,8121,8340,8566,8797
MG,Madagascar,MG24,Ihorombe,MG24216,Ihosy,District,MG24216151,Zazafotsy,Commune,8438,8671,8909,9154,9403,9658,9918,10186,10461,10744
MG,Madagascar,MG24,Ihorombe,MG24216,Ihosy,District,MG24216152,Antsoha,Commune,3944,4053,4164,4278,4395,4514,4636,4761,4890,5022
MG,Madagascar,MG24,Ihorombe,MG24216,Ihosy,District,MG24216170,Sakalalina,Commune,9360,9618,9883,10154,10430,10713,11002,11299,11604,11918
MG,Madagascar,MG24,Ihorombe,MG24216,Ihosy,District,MG24216191,Satrokala,Commune,11462,11778,12102,12434,12773,13119,13473,13837,14210,14594
MG,Madagascar,MG24,Ihorombe,MG24216,Ihosy,District,MG24216192,Andiolava,Commune,7645,7856,8072,8293,8519,8750,8986,9229,9478,9734
MG,Madagascar,MG24,Ihorombe,MG24216,Ihosy,District,MG24216210,Analavoka,Commune,7373,7576,7785,7998,8216,8439,8667,8901,9141,9388
MG,Madagascar,MG24,Ihorombe,MG24216,Ihosy,District,MG24216231,Ranohira,Commune,36187,37186,38209,39256,40325,41418,42536,43685,44864,46075
MG,Madagascar,MG24,Ihorombe,MG24216,Ihosy,District,MG24216232,Ilakaka,Commune,17196,17671,18157,18654,19162,19682,20213,20759,21319,21895
MG,Madagascar,MG24,Ihorombe,MG24216,Ihosy,District,MG24216250,Menamaty Iloto,Commune,4686,4815,4948,5083,5222,5363,5508,5657,5810,5966
MG,Madagascar,MG24,Ihorombe,MG24218,Ivohibe,District,MG24218010,Ivohibe,Commune,18781,19299,19830,20374,20928,21496,22076,22672,23284,23913
MG,Madagascar,MG24,Ihorombe,MG24218,Ivohibe,District,MG24218030,Antambohobe,Commune,13347,13715,14093,14479,14873,15276,15689,16112,16547,16994
MG,Madagascar,MG24,Ihorombe,MG24218,Ivohibe,District,MG24218050,Maropaika,Commune,15013,15427,15852,16286,16730,17183,17647,18124,18613,19115
MG,Madagascar,MG24,Ihorombe,MG24218,Ivohibe,District,MG24218070,Ivongo,Commune,9039,9288,9544,9806,10073,10346,10625,10912,11206,11509
MG,Madagascar,MG24,Ihorombe,MG24221,Iakora,District,MG24221010,Iakora,Commune,18347,18853,19372,19903,20445,20999,21566,22148,22746,23360
MG,Madagascar,MG24,Ihorombe,MG24221,Iakora,District,MG24221030,Ranotsara Nord,Commune,17729,18218,18719,19233,19756,20292,20840,21402,21980,22574
MG,Madagascar,MG24,Ihorombe,MG24221,Iakora,District,MG24221050,Begogo,Commune,12313,12653,13001,13357,13721,14093,14473,14864,15265,15678
MG,Madagascar,MG25,Atsimo Atsinanana,MG25213,Farafangana,District,MG25213010,Farafangana,Commune,26557,27290,28041,28809,29593,30396,31216,32059,32925,33814
MG,Madagascar,MG25,Atsimo Atsinanana,MG25213,Farafangana,District,MG25213030,Vohimasy,Commune,5675,5832,5992,6156,6324,6495,6671,6851,7036,7226
MG,Madagascar,MG25,Atsimo Atsinanana,MG25213,Farafangana,District,MG25213050,Anosivelo,Commune,14561,14963,15374,15796,16226,16666,17116,17578,18052,18540
MG,Madagascar,MG25,Atsimo Atsinanana,MG25213,Farafangana,District,MG25213070,Anosy Tsararafa,Commune,16193,16640,17098,17566,18044,18534,19034,19548,20076,20618
MG,Madagascar,MG25,Atsimo Atsinanana,MG25213,Farafangana,District,MG25213090,Vohitromby,Commune,8557,8793,9035,9283,9535,9794,10058,10330,10609,10895
MG,Madagascar,MG25,Atsimo Atsinanana,MG25213,Farafangana,District,MG25213110,Ivandrika,Commune,9229,9484,9745,10012,10284,10563,10848,11141,11442,11751
MG,Madagascar,MG25,Atsimo Atsinanana,MG25213,Farafangana,District,MG25213130,Manambotra Atsimo,Commune,4672,4801,4933,5068,5206,5347,5492,5640,5792,5949
MG,Madagascar,MG25,Atsimo Atsinanana,MG25213,Farafangana,District,MG25213150,Mahavelo,Commune,7486,7693,7904,8121,8342,8568,8799,9037,9281,9532
MG,Madagascar,MG25,Atsimo Atsinanana,MG25213,Farafangana,District,MG25213170,Mahafasa Centre,Commune,12866,13221,13585,13957,14337,14726,15123,15532,15951,16382
MG,Madagascar,MG25,Atsimo Atsinanana,MG25213,Farafangana,District,MG25213190,Amporoforo,Commune,8912,9158,9410,9668,9931,10200,10476,10758,11049,11347
MG,Madagascar,MG25,Atsimo Atsinanana,MG25213,Farafangana,District,MG25213210,Iabohazo,Commune,8075,8298,8526,8760,8998,9242,9492,9748,10011,10282
MG,Madagascar,MG25,Atsimo Atsinanana,MG25213,Farafangana,District,MG25213230,Tangainony,Commune,14553,14955,15366,15787,16217,16657,17106,17568,18043,18530
MG,Madagascar,MG25,Atsimo Atsinanana,MG25213,Farafangana,District,MG25213250,Beretra Bevoay,Commune,7593,7803,8017,8237,8461,8691,8925,9166,9414,9668
MG,Madagascar,MG25,Atsimo Atsinanana,MG25213,Farafangana,District,MG25213270,Ambohigogo,Commune,11744,12068,12400,12740,13087,13442,13805,14177,14560,14953
MG,Madagascar,MG25,Atsimo Atsinanana,MG25213,Farafangana,District,MG25213290,Maheriraty,Commune,6542,6723,6907,7097,7290,7488,7690,7897,8111,8330
MG,Madagascar,MG25,Atsimo Atsinanana,MG25213,Farafangana,District,MG25213310,Mahabo Mananivo,Commune,6466,6644,6827,7014,7205,7401,7600,7806,8016,8233
MG,Madagascar,MG25,Atsimo Atsinanana,MG25213,Farafangana,District,MG25213330,Ambohimandroso,Commune,10362,10648,10941,11241,11547,11860,12180,12509,12847,13193
MG,Madagascar,MG25,Atsimo Atsinanana,MG25213,Farafangana,District,MG25213350,Ankarana Miraihina,Commune,11383,11697,12019,12348,12685,13028,13380,13741,14112,14493
MG,Madagascar,MG25,Atsimo Atsinanana,MG25213,Farafangana,District,MG25213370,Evato,Commune,14571,14973,15385,15807,16237,16677,17128,17590,18065,18553
MG,Madagascar,MG25,Atsimo Atsinanana,MG25213,Farafangana,District,MG25213390,Etrotroka Atsimo,Commune,17151,17624,18109,18606,19112,19630,20160,20704,21263,21838
MG,Madagascar,MG25,Atsimo Atsinanana,MG25213,Farafangana,District,MG25213410,Ambalavato Nord,Commune,12851,13206,13569,13941,14320,14709,15106,15514,15932,16363
MG,Madagascar,MG25,Atsimo Atsinanana,MG25213,Farafangana,District,MG25213430,Efatsy,Commune,6160,6330,6504,6682,6864,7050,7241,7436,7637,7843
MG,Madagascar,MG25,Atsimo Atsinanana,MG25213,Farafangana,District,MG25213450,Tovona,Commune,9789,10059,10336,10619,10908,11204,11506,11817,12136,12464
MG,Madagascar,MG25,Atsimo Atsinanana,MG25213,Farafangana,District,MG25213471,Ambalatany,Commune,10027,10304,10587,10877,11173,11476,11786,12104,12431,12767
MG,Madagascar,MG25,Atsimo Atsinanana,MG25213,Farafangana,District,MG25213472,Namohora Iaborano,Commune,6910,7101,7296,7496,7700,7909,8122,8342,8567,8798
MG,Madagascar,MG25,Atsimo Atsinanana,MG25213,Farafangana,District,MG25213490,Sahamadio,Commune,10139,10419,10705,10999,11298,11605,11918,12240,12570,12910
MG,Madagascar,MG25,Atsimo Atsinanana,MG25213,Farafangana,District,MG25213510,Fenoarivo,Commune,10229,10511,10800,11097,11399,11708,12024,12348,12682,13024
MG,Madagascar,MG25,Atsimo Atsinanana,MG25213,Farafangana,District,MG25213530,Antseranambe,Commune,4724,4854,4988,5125,5264,5407,5553,5703,5857,6015
MG,Madagascar,MG25,Atsimo Atsinanana,MG25213,Farafangana,District,MG25213551,Ihorombe,Commune,7337,7540,7747,7959,8176,8398,8624,8857,9096,9342
MG,Madagascar,MG25,Atsimo Atsinanana,MG25213,Farafangana,District,MG25213552,Ambalavato Antevato,Commune,3646,3747,3850,3955,4063,4173,4286,4401,4520,4642
MG,Madagascar,MG25,Atsimo Atsinanana,MG25213,Farafangana,District,MG25213570,Vohilengo,Commune,12612,12960,13317,13682,14054,14435,14825,15225,15636,16058
MG,Madagascar,MG25,Atsimo Atsinanana,MG25213,Farafangana,District,MG25213590,Marovandrika,Commune,10573,10865,11164,11470,11782,12101,12428,12764,13108,13462
MG,Madagascar,MG25,Atsimo Atsinanana,MG25214,Vangaindrano,District,MG25214010,Vangaindrano,Commune,30387,31226,32085,32964,33861,34779,35718,36683,37673,38690
MG,Madagascar,MG25,Atsimo Atsinanana,MG25214,Vangaindrano,District,MG25214031,Ampasimalemy,Commune,15512,15940,16379,16828,17286,17754,18234,18726,19231,19751
MG,Madagascar,MG25,Atsimo Atsinanana,MG25214,Vangaindrano,District,MG25214032,Tsianofana,Commune,8819,9062,9312,9567,9827,10094,10366,10646,10934,11229
MG,Madagascar,MG25,Atsimo Atsinanana,MG25214,Vangaindrano,District,MG25214033,Bekaraoky,Commune,3812,3917,4025,4135,4248,4363,4481,4602,4726,4854
MG,Madagascar,MG25,Atsimo Atsinanana,MG25214,Vangaindrano,District,MG25214050,Tsiately,Commune,11535,11853,12179,12513,12854,13202,13559,13925,14301,14687
MG,Madagascar,MG25,Atsimo Atsinanana,MG25214,Vangaindrano,District,MG25214070,Soamanova,Commune,11960,12290,12628,12974,13327,13689,14058,14438,14828,15228
MG,Madagascar,MG25,Atsimo Atsinanana,MG25214,Vangaindrano,District,MG25214091,Lopary,Commune,15364,15788,16222,16667,17121,17585,18060,18547,19048,19562
MG,Madagascar,MG25,Atsimo Atsinanana,MG25214,Vangaindrano,District,MG25214092,Bema,Commune,6733,6919,7109,7304,7503,7706,7914,8128,8347,8573
MG,Madagascar,MG25,Atsimo Atsinanana,MG25214,Vangaindrano,District,MG25214111,Vohitrambo,Commune,17286,17763,18252,18752,19262,19785,20319,20867,21431,22009
MG,Madagascar,MG25,Atsimo Atsinanana,MG25214,Vangaindrano,District,MG25214112,Anilobe,Commune,9613,9878,10150,10428,10712,11003,11300,11605,11918,12240
MG,Madagascar,MG25,Atsimo Atsinanana,MG25214,Vangaindrano,District,MG25214131,Lohafary,Commune,8553,8789,9031,9278,9531,9789,10054,10325,10604,10890
MG,Madagascar,MG25,Atsimo Atsinanana,MG25214,Vangaindrano,District,MG25214132,Ampataka,Commune,9254,9509,9771,10039,10312,10592,10878,11171,11473,11783
MG,Madagascar,MG25,Atsimo Atsinanana,MG25214,Vangaindrano,District,MG25214151,Matanga,Commune,17387,17867,18358,18862,19375,19900,20438,20989,21556,22138
MG,Madagascar,MG25,Atsimo Atsinanana,MG25214,Vangaindrano,District,MG25214152,Masianaka,Commune,18059,18557,19068,19591,20124,20669,21227,21801,22389,22994
MG,Madagascar,MG25,Atsimo Atsinanana,MG25214,Vangaindrano,District,MG25214171,Vohipaho,Commune,14079,14468,14866,15273,15689,16114,16549,16996,17455,17926
MG,Madagascar,MG25,Atsimo Atsinanana,MG25214,Vangaindrano,District,MG25214172,Marokibo,Commune,5834,5995,6160,6329,6501,6677,6858,7043,7233,7428
MG,Madagascar,MG25,Atsimo Atsinanana,MG25214,Vangaindrano,District,MG25214190,Ranomena,Commune,15889,16328,16777,17237,17706,18186,18677,19181,19699,20231
MG,Madagascar,MG25,Atsimo Atsinanana,MG25214,Vangaindrano,District,MG25214211,Ambongo,Commune,10624,10917,11218,11525,11839,12160,12488,12825,13171,13527
MG,Madagascar,MG25,Atsimo Atsinanana,MG25214,Vangaindrano,District,MG25214212,Ambatolava,Commune,4754,4885,5020,5157,5298,5441,5588,5739,5894,6053
MG,Madagascar,MG25,Atsimo Atsinanana,MG25214,Vangaindrano,District,MG25214230,Iara,Commune,12529,12875,13229,13592,13962,14340,14727,15125,15533,15953
MG,Madagascar,MG25,Atsimo Atsinanana,MG25214,Vangaindrano,District,MG25214251,Bevata,Commune,9602,9867,10138,10416,10700,10990,11287,11591,11904,12226
MG,Madagascar,MG25,Atsimo Atsinanana,MG25214,Vangaindrano,District,MG25214252,Karimbary,Commune,5809,5969,6134,6302,6473,6649,6828,7013,7202,7396
MG,Madagascar,MG25,Atsimo Atsinanana,MG25214,Vangaindrano,District,MG25214270,Manambondro,Commune,9496,9758,10027,10301,10582,10869,11162,11463,11773,12091
MG,Madagascar,MG25,Atsimo Atsinanana,MG25214,Vangaindrano,District,MG25214290,Fenoambany,Commune,8440,8673,8912,9156,9405,9660,9921,10189,10464,10746
MG,Madagascar,MG25,Atsimo Atsinanana,MG25214,Vangaindrano,District,MG25214311,Isahara,Commune,6399,6576,6756,6942,7131,7324,7522,7725,7933,8148
MG,Madagascar,MG25,Atsimo Atsinanana,MG25214,Vangaindrano,District,MG25214312,Vohimalaza,Commune,10376,10662,10956,11256,11562,11876,12196,12526,12864,13211
MG,Madagascar,MG25,Atsimo Atsinanana,MG25214,Vangaindrano,District,MG25214313,Vatanato,Commune,7511,7718,7931,8148,8370,8597,8829,9067,9312,9563
MG,Madagascar,MG25,Atsimo Atsinanana,MG25214,Vangaindrano,District,MG25214331,Amparihy Est,Commune,6272,6445,6622,6804,6989,7179,7372,7571,7776,7986
MG,Madagascar,MG25,Atsimo Atsinanana,MG25214,Vangaindrano,District,MG25214332,Sandravinany,Commune,4501,4625,4752,4883,5016,5152,5291,5434,5580,5731
MG,Madagascar,MG25,Atsimo Atsinanana,MG25215,Midongy-Atsimo,District,MG25215011,Nosifeno,Commune,11104,11410,11724,12046,12374,12709,13052,13405,13767,14138
MG,Madagascar,MG25,Atsimo Atsinanana,MG25215,Midongy-Atsimo,District,MG25215012,Ankazovelo,Commune,5623,5778,5937,6100,6266,6436,6610,6788,6971,7160
MG,Madagascar,MG25,Atsimo Atsinanana,MG25215,Midongy-Atsimo,District,MG25215031,Andranolalina,Commune,7316,7518,7725,7936,8152,8374,8600,8832,9070,9315
MG,Madagascar,MG25,Atsimo Atsinanana,MG25215,Midongy-Atsimo,District,MG25215032,Maliorano,Commune,6227,6399,6575,6755,6939,7127,7320,7517,7720,7929
MG,Madagascar,MG25,Atsimo Atsinanana,MG25215,Midongy-Atsimo,District,MG25215051,Ivondro,Commune,6522,6702,6886,7075,7268,7465,7666,7873,8086,8304
MG,Madagascar,MG25,Atsimo Atsinanana,MG25215,Midongy-Atsimo,District,MG25215052,Soakibany,Commune,7189,7387,7591,7799,8011,8228,8450,8678,8913,9153
MG,Madagascar,MG25,Atsimo Atsinanana,MG25217,Vondrozo,District,MG25217011,Vondrozo,Commune,5693,5850,6011,6176,6344,6516,6692,6873,7058,7249
MG,Madagascar,MG25,Atsimo Atsinanana,MG25217,Vondrozo,District,MG25217012,Manambidala,Commune,10495,10785,11081,11385,11695,12012,12336,12669,13011,13363
MG,Madagascar,MG25,Atsimo Atsinanana,MG25217,Vondrozo,District,MG25217013,Anandravy,Commune,2974,3056,3140,3226,3314,3404,3496,3590,3687,3787
MG,Madagascar,MG25,Atsimo Atsinanana,MG25217,Vondrozo,District,MG25217030,Mahatsinjo,Commune,14699,15105,15520,15946,16380,16824,17278,17744,18224,18716
MG,Madagascar,MG25,Atsimo Atsinanana,MG25217,Vondrozo,District,MG25217051,Mahazoarivo,Commune,7600,7810,8025,8245,8469,8699,8933,9175,9422,9677
MG,Madagascar,MG25,Atsimo Atsinanana,MG25217,Vondrozo,District,MG25217052,Iamonta,Commune,2942,3023,3106,3192,3278,3367,3458,3552,3647,3746
MG,Madagascar,MG25,Atsimo Atsinanana,MG25217,Vondrozo,District,MG25217071,Vohimary,Commune,5825,5986,6150,6319,6491,6667,6847,7032,7222,7417
MG,Madagascar,MG25,Atsimo Atsinanana,MG25217,Vondrozo,District,MG25217072,Antokonala,Commune,4838,4972,5108,5248,5391,5537,5687,5840,5998,6160
MG,Madagascar,MG25,Atsimo Atsinanana,MG25217,Vondrozo,District,MG25217090,Ambohimana,Commune,6694,6879,7068,7262,7459,7662,7868,8081,8299,8523
MG,Madagascar,MG25,Atsimo Atsinanana,MG25217,Vondrozo,District,MG25217111,Karianga,Commune,12496,12841,13194,13556,13925,14302,14688,15085,15492,15911
MG,Madagascar,MG25,Atsimo Atsinanana,MG25217,Vondrozo,District,MG25217112,Manato,Commune,9574,9838,10109,10386,10669,10958,11254,11558,11870,12190
MG,Madagascar,MG25,Atsimo Atsinanana,MG25217,Vondrozo,District,MG25217130,Ivato,Commune,7583,7792,8007,8226,8450,8679,8913,9154,9401,9655
MG,Madagascar,MG25,Atsimo Atsinanana,MG25217,Vondrozo,District,MG25217150,Mahavelo,Commune,9597,9862,10133,10411,10694,10984,11281,11585,11898,12219
MG,Madagascar,MG25,Atsimo Atsinanana,MG25217,Vondrozo,District,MG25217170,Andakana,Commune,5737,5895,6058,6224,6393,6566,6744,6926,7113,7305
MG,Madagascar,MG25,Atsimo Atsinanana,MG25217,Vondrozo,District,MG25217191,Moroteza,Commune,10441,10729,11024,11327,11635,11950,12273,12604,12945,13294
MG,Madagascar,MG25,Atsimo Atsinanana,MG25217,Vondrozo,District,MG25217192,Vohiboreka,Commune,5673,5830,5990,6154,6322,6493,6668,6848,7033,7223
MG,Madagascar,MG25,Atsimo Atsinanana,MG25222,Befotaka,District,MG25222011,Befotaka Sud,Commune,7501,7708,7920,8137,8359,8585,8817,9055,9300,9551
MG,Madagascar,MG25,Atsimo Atsinanana,MG25222,Befotaka,District,MG25222051,Ranotsara Sud,Commune,7937,8156,8380,8610,8845,9084,9330,9581,9840,10106
MG,Madagascar,MG25,Atsimo Atsinanana,MG25222,Befotaka,District,MG25222052,Beharena,Commune,7450,7656,7866,8082,8302,8527,8757,8994,9236,9486
MG,Madagascar,MG25,Atsimo Atsinanana,MG25222,Befotaka,District,MG25222053,Bekofafa Sud,Commune,8451,8684,8923,9168,9417,9673,9934,10202,10477,10760
MG,Madagascar,MG31,Atsinanana,MG31301,Toamasina I,District,MG31301001,Ambodimanga,Commune,22788,23417,24061,24721,25394,26082,26786,27509,28252,29015
MG,Madagascar,MG31,Atsinanana,MG31301,Toamasina I,District,MG31301002,Anjoma,Commune,34614,35569,36548,37550,38572,39617,40687,41786,42914,44072
MG,Madagascar,MG31,Atsinanana,MG31301,Toamasina I,District,MG31301003,Morarano,Commune,69693,71617,73587,75604,77662,79767,81921,84133,86404,88737
MG,Madagascar,MG31,Atsinanana,MG31301,Toamasina I,District,MG31301004,Tanambao V,Commune,45851,47116,48413,49740,51094,52479,53896,55351,56845,58380
MG,Madagascar,MG31,Atsinanana,MG31301,Toamasina I,District,MG31301005,Ankirihiry,Commune,90715,93219,95783,98409,101087,103828,106631,109510,112467,115503
MG,Madagascar,MG31,Atsinanana,MG31306,Brickaville,District,MG31306010,Brickaville,Commune,20310,20871,21445,22033,22632,23246,23873,24518,25180,25860
MG,Madagascar,MG31,Atsinanana,MG31306,Brickaville,District,MG31306030,Vohitranivona,Commune,8024,8245,8472,8705,8941,9184,9432,9686,9948,10217
MG,Madagascar,MG31,Atsinanana,MG31306,Brickaville,District,MG31306050,Anivorano Est,Commune,9459,9720,9987,10261,10541,10826,11119,11419,11727,12044
MG,Madagascar,MG31,Atsinanana,MG31306,Brickaville,District,MG31306070,Mahatsara,Commune,21300,21888,22490,23106,23735,24379,25037,25713,26407,27120
MG,Madagascar,MG31,Atsinanana,MG31306,Brickaville,District,MG31306090,Andovoranto,Commune,11511,11829,12154,12487,12827,13175,13531,13896,14271,14656
MG,Madagascar,MG31,Atsinanana,MG31306,Brickaville,District,MG31306110,Ambinaninony,Commune,9626,9892,10164,10442,10727,11017,11315,11620,11934,12256
MG,Madagascar,MG31,Atsinanana,MG31306,Brickaville,District,MG31306130,Fetraomby,Commune,15217,15637,16067,16508,16957,17417,17887,18370,18866,19375
MG,Madagascar,MG31,Atsinanana,MG31306,Brickaville,District,MG31306150,Vohipeno Razanaka,Commune,6342,6517,6696,6880,7067,7259,7455,7656,7863,8075
MG,Madagascar,MG31,Atsinanana,MG31306,Brickaville,District,MG31306171,Ranomafana Est,Commune,13165,13528,13900,14282,14670,15068,15475,15893,16322,16762
MG,Madagascar,MG31,Atsinanana,MG31306,Brickaville,District,MG31306172,Ampasimbe,Commune,8329,8559,8794,9035,9281,9533,9790,10055,10326,10605
MG,Madagascar,MG31,Atsinanana,MG31306,Brickaville,District,MG31306190,Fanasana,Commune,5631,5786,5946,6109,6275,6445,6619,6798,6981,7170
MG,Madagascar,MG31,Atsinanana,MG31306,Brickaville,District,MG31306210,Ambalarondra,Commune,10654,10948,11249,11558,11872,12194,12523,12861,13209,13565
MG,Madagascar,MG31,Atsinanana,MG31306,Brickaville,District,MG31306230,Maroseranana,Commune,9354,9612,9877,10147,10424,10706,10995,11292,11597,11910
MG,Madagascar,MG31,Atsinanana,MG31306,Brickaville,District,MG31306251,Lohariandava,Commune,12448,12792,13143,13504,13871,14247,14632,15027,15433,15849
MG,Madagascar,MG31,Atsinanana,MG31306,Brickaville,District,MG31306252,Andekaleka,Commune,5527,5680,5836,5996,6159,6326,6497,6672,6852,7037
MG,Madagascar,MG31,Atsinanana,MG31306,Brickaville,District,MG31306270,Ambohimanana,Commune,6825,7013,7206,7404,7605,7812,8022,8239,8462,8690
MG,Madagascar,MG31,Atsinanana,MG31306,Brickaville,District,MG31306290,Anjahamana,Commune,6795,6983,7175,7371,7572,7777,7987,8203,8424,8652
MG,Madagascar,MG31,Atsinanana,MG31307,Vatomandry,District,MG31307010,Vatomandry,Commune,11659,11981,12310,12648,12992,13344,13705,14075,14455,14845
MG,Madagascar,MG31,Atsinanana,MG31307,Vatomandry,District,MG31307030,Ambodivoananto,Commune,3679,3781,3885,3991,4100,4211,4324,4441,4561,4684
MG,Madagascar,MG31,Atsinanana,MG31307,Vatomandry,District,MG31307051,Maintinandry,Commune,4719,4849,4983,5119,5259,5401,5547,5697,5851,6008
MG,Madagascar,MG31,Atsinanana,MG31307,Vatomandry,District,MG31307052,Tanambao Vahatrakaka,Commune,3780,3884,3991,4101,4212,4326,4443,4563,4686,4813
MG,Madagascar,MG31,Atsinanana,MG31307,Vatomandry,District,MG31307053,Tsarasambo,Commune,6616,6799,6986,7177,7372,7572,7777,7987,8202,8424
MG,Madagascar,MG31,Atsinanana,MG31307,Vatomandry,District,MG31307070,Sahamatevina,Commune,8311,8540,8775,9016,9261,9512,9769,10033,10304,10582
MG,Madagascar,MG31,Atsinanana,MG31307,Vatomandry,District,MG31307091,Antanambao Mahatsara,Commune,11282,11593,11912,12239,12572,12913,13261,13619,13987,14365
MG,Madagascar,MG31,Atsinanana,MG31307,Vatomandry,District,MG31307092,Iamborano,Commune,4807,4940,5076,5215,5357,5502,5650,5803,5960,6121
MG,Madagascar,MG31,Atsinanana,MG31307,Vatomandry,District,MG31307110,Ambalavolo,Commune,8581,8818,9060,9309,9562,9821,10087,10359,10639,10926
MG,Madagascar,MG31,Atsinanana,MG31307,Vatomandry,District,MG31307131,Amboditavolo,Commune,7425,7630,7840,8055,8274,8498,8728,8963,9205,9454
MG,Madagascar,MG31,Atsinanana,MG31307,Vatomandry,District,MG31307132,Niherenana,Commune,4732,4863,4996,5133,5273,5416,5562,5712,5867,6025
MG,Madagascar,MG31,Atsinanana,MG31307,Vatomandry,District,MG31307151,Ilaka Est,Commune,9771,10041,10317,10600,10888,11183,11485,11795,12114,12441
MG,Madagascar,MG31,Atsinanana,MG31307,Vatomandry,District,MG31307152,Niarovana Caroline,Commune,8559,8795,9037,9285,9538,9796,10061,10332,10611,10898
MG,Madagascar,MG31,Atsinanana,MG31307,Vatomandry,District,MG31307171,Tsivangiana,Commune,10211,10493,10781,11077,11379,11687,12003,12327,12659,13001
MG,Madagascar,MG31,Atsinanana,MG31307,Vatomandry,District,MG31307172,Ampasimazava,Commune,2731,2806,2884,2963,3043,3126,3210,3297,3386,3477
MG,Madagascar,MG31,Atsinanana,MG31307,Vatomandry,District,MG31307190,Ampasimadinika,Commune,8493,8727,8967,9213,9464,9721,9983,10253,10529,10814
MG,Madagascar,MG31,Atsinanana,MG31307,Vatomandry,District,MG31307210,Ifasina I,Commune,9414,9674,9940,10212,10490,10775,11066,11364,11671,11986
MG,Madagascar,MG31,Atsinanana,MG31307,Vatomandry,District,MG31307230,Ambalabe,Commune,3820,3925,4033,4144,4257,4372,4490,4611,4736,4864
MG,Madagascar,MG31,Atsinanana,MG31307,Vatomandry,District,MG31307250,Ifasina II,Commune,5710,5868,6029,6194,6363,6535,6712,6893,7079,7270
MG,Madagascar,MG31,Atsinanana,MG31308,Mahanoro,District,MG31308011,Mahanoro,Commune,25469,26172,26892,27629,28381,29151,29938,30746,31576,32428
MG,Madagascar,MG31,Atsinanana,MG31308,Mahanoro,District,MG31308012,Betsizaraina,Commune,22923,23556,24204,24867,25544,26237,26945,27672,28419,29187
MG,Madagascar,MG31,Atsinanana,MG31308,Mahanoro,District,MG31308030,Tsaravinany,Commune,17934,18429,18936,19455,19985,20526,21081,21650,22234,22835
MG,Madagascar,MG31,Atsinanana,MG31308,Mahanoro,District,MG31308050,Ambodiharina,Commune,20952,21530,22123,22729,23348,23981,24628,25293,25976,26677
MG,Madagascar,MG31,Atsinanana,MG31308,Mahanoro,District,MG31308070,Manjakandriana,Commune,14466,14865,15274,15693,16120,16557,17004,17463,17935,18419
MG,Madagascar,MG31,Atsinanana,MG31308,Mahanoro,District,MG31308090,Masomeloka,Commune,37302,38332,39386,40466,41567,42694,43847,45031,46246,47495
MG,Madagascar,MG31,Atsinanana,MG31308,Mahanoro,District,MG31308110,Ambinanidilana,Commune,17407,17887,18379,18883,19397,19923,20461,21014,21581,22164
MG,Madagascar,MG31,Atsinanana,MG31308,Mahanoro,District,MG31308130,Ambodibonara,Commune,18326,18832,19350,19880,20421,20975,21541,22123,22720,23334
MG,Madagascar,MG31,Atsinanana,MG31308,Mahanoro,District,MG31308150,Ankazotsifantatra,Commune,10525,10815,11113,11418,11728,12046,12372,12706,13049,13401
MG,Madagascar,MG31,Atsinanana,MG31308,Mahanoro,District,MG31308170,Ambinanindrano,Commune,23980,24642,25320,26014,26722,27446,28187,28948,29730,30533
MG,Madagascar,MG31,Atsinanana,MG31308,Mahanoro,District,MG31308190,Befotaka,Commune,19627,20169,20723,21292,21871,22464,23071,23693,24333,24990
MG,Madagascar,MG31,Atsinanana,MG31309,Marolambo,District,MG31309010,Marolambo,Commune,19543,20082,20635,21200,21778,22368,22972,23592,24229,24883
MG,Madagascar,MG31,Atsinanana,MG31309,Marolambo,District,MG31309031,Betampona,Commune,12172,12508,12852,13204,13564,13931,14308,14694,15091,15498
MG,Madagascar,MG31,Atsinanana,MG31309,Marolambo,District,MG31309032,Tanambao Rabemanana,Commune,2851,2930,3010,3093,3177,3263,3351,3442,3535,3630
MG,Madagascar,MG31,Atsinanana,MG31309,Marolambo,District,MG31309050,Andonabe Sud,Commune,18302,18807,19324,19854,20395,20948,21513,22094,22690,23303
MG,Madagascar,MG31,Atsinanana,MG31309,Marolambo,District,MG31309071,Ambalapaiso II,Commune,3723,3826,3931,4039,4149,4261,4376,4494,4616,4740
MG,Madagascar,MG31,Atsinanana,MG31309,Marolambo,District,MG31309072,Ambodivoangy,Commune,7665,7877,8093,8315,8541,8773,9010,9253,9503,9759
MG,Madagascar,MG31,Atsinanana,MG31309,Marolambo,District,MG31309090,Ambohimilanja,Commune,13741,14120,14509,14906,15312,15727,16152,16588,17036,17496
MG,Madagascar,MG31,Atsinanana,MG31309,Marolambo,District,MG31309110,Ambatofisaka II,Commune,10934,11236,11545,11861,12184,12515,12852,13199,13556,13922
MG,Madagascar,MG31,Atsinanana,MG31309,Marolambo,District,MG31309131,Androrangavola,Commune,7453,7659,7869,8085,8305,8530,8761,8997,9240,9490
MG,Madagascar,MG31,Atsinanana,MG31309,Marolambo,District,MG31309132,Anosiarivo I,Commune,6522,6702,6886,7075,7268,7465,7666,7873,8086,8304
MG,Madagascar,MG31,Atsinanana,MG31309,Marolambo,District,MG31309150,Amboasary,Commune,9891,10164,10444,10730,11022,11321,11626,11940,12263,12594
MG,Madagascar,MG31,Atsinanana,MG31309,Marolambo,District,MG31309170,Lohavanana,Commune,6459,6637,6820,7007,7198,7393,7592,7797,8008,8224
MG,Madagascar,MG31,Atsinanana,MG31309,Marolambo,District,MG31309191,Ambodinonoka,Commune,11944,12274,12611,12957,13310,13671,14040,14419,14808,15208
MG,Madagascar,MG31,Atsinanana,MG31309,Marolambo,District,MG31309192,Sahakevo,Commune,12363,12704,13054,13412,13777,14150,14532,14924,15327,15741
MG,Madagascar,MG31,Atsinanana,MG31310,Toamasina II,District,MG31310010,Toamasina Suburbaine,Commune,18959,19482,20018,20567,21127,21700,22285,22887,23505,24140
MG,Madagascar,MG31,Atsinanana,MG31310,Toamasina II,District,MG31310030,Antetezambaro,Commune,14783,15191,15609,16037,16473,16920,17377,17846,18328,18823
MG,Madagascar,MG31,Atsinanana,MG31310,Toamasina II,District,MG31310050,Fanandrana,Commune,15027,15442,15867,16301,16745,17199,17664,18140,18630,19133
MG,Madagascar,MG31,Atsinanana,MG31310,Toamasina II,District,MG31310070,Ambodiriana,Commune,9423,9683,9949,10222,10500,10785,11076,11375,11682,11998
MG,Madagascar,MG31,Atsinanana,MG31310,Toamasina II,District,MG31310091,Ampasimadinika Manambolo,Commune,9400,9659,9925,10197,10475,10759,11049,11348,11654,11969
MG,Madagascar,MG31,Atsinanana,MG31310,Toamasina II,District,MG31310092,Amboditandroroho,Commune,10774,11071,11376,11688,12006,12331,12664,13006,13357,13718
MG,Madagascar,MG31,Atsinanana,MG31310,Toamasina II,District,MG31310110,Mahavelona (Foulpointe),Commune,16457,16911,17376,17853,18339,18836,19344,19867,20403,20954
MG,Madagascar,MG31,Atsinanana,MG31310,Toamasina II,District,MG31310130,Sahambala,Commune,15241,15662,16092,16534,16984,17444,17915,18399,18895,19406
MG,Madagascar,MG31,Atsinanana,MG31310,Toamasina II,District,MG31310150,Ambodilazana,Commune,17009,17478,17959,18452,18954,19468,19993,20533,21087,21657
MG,Madagascar,MG31,Atsinanana,MG31310,Toamasina II,District,MG31310170,Ampasimbe Onibe,Commune,22874,23505,24152,24814,25489,26180,26887,27613,28359,29124
MG,Madagascar,MG31,Atsinanana,MG31310,Toamasina II,District,MG31310191,Mangabe,Commune,11400,11715,12037,12367,12703,13048,13400,13762,14133,14515
MG,Madagascar,MG31,Atsinanana,MG31310,Toamasina II,District,MG31310192,Amporoforo,Commune,6183,6354,6528,6707,6890,7077,7268,7464,7666,7873
MG,Madagascar,MG31,Atsinanana,MG31310,Toamasina II,District,MG31310193,Antenina,Commune,9241,9496,9757,10025,10298,10577,10862,11156,11457,11766
MG,Madagascar,MG31,Atsinanana,MG31310,Toamasina II,District,MG31310211,Andondabe,Commune,15159,15577,16006,16445,16892,17350,17819,18300,18794,19301
MG,Madagascar,MG31,Atsinanana,MG31310,Toamasina II,District,MG31310212,Ampisokina,Commune,6160,6330,6504,6682,6864,7050,7241,7436,7637,7843
MG,Madagascar,MG31,Atsinanana,MG31310,Toamasina II,District,MG31310230,Andranobolaha,Commune,9586,9851,10122,10399,10682,10972,11268,11572,11885,12205
MG,Madagascar,MG31,Atsinanana,MG31310,Toamasina II,District,MG31310250,Fito,Commune,14420,14818,15226,15643,16069,16504,16950,17408,17878,18360
MG,Madagascar,MG31,Atsinanana,MG31311,Antanambao Manampontsy,District,MG31311010,Antanambao Manampontsy,Commune,11695,12018,12348,12687,13032,13386,13747,14118,14499,14891
MG,Madagascar,MG31,Atsinanana,MG31311,Antanambao Manampontsy,District,MG31311030,Mahela,Commune,10933,11235,11544,11860,12183,12513,12851,13198,13555,13920
MG,Madagascar,MG31,Atsinanana,MG31311,Antanambao Manampontsy,District,MG31311050,Saivaza,Commune,8570,8807,9049,9297,9550,9809,10074,10346,10625,10912
MG,Madagascar,MG31,Atsinanana,MG31311,Antanambao Manampontsy,District,MG31311070,Antanandehibe,Commune,8607,8845,9088,9337,9591,9851,10117,10390,10671,10959
MG,Madagascar,MG31,Atsinanana,MG31311,Antanambao Manampontsy,District,MG31311090,Manakana,Commune,6910,7101,7296,7496,7700,7909,8122,8342,8567,8798
MG,Madagascar,MG32,Analanjirofo,MG32302,Sainte Marie,District,MG32302019,Sainte Marie,Commune,25483,26186,26907,27644,28397,29167,29954,30763,31593,32446
MG,Madagascar,MG32,Analanjirofo,MG32303,Maroantsetra,District,MG32303010,Maroantsetra,Commune,27979,28751,29542,30352,31178,32023,32888,33776,34688,35624
MG,Madagascar,MG32,Analanjirofo,MG32303,Maroantsetra,District,MG32303031,Anjanazana,Commune,13236,13601,13975,14359,14749,15149,15558,15978,16410,16853
MG,Madagascar,MG32,Analanjirofo,MG32303,Maroantsetra,District,MG32303032,Manambolo,Commune,14269,14663,15066,15479,15900,16332,16773,17225,17690,18168
MG,Madagascar,MG32,Analanjirofo,MG32303,Maroantsetra,District,MG32303051,Andranofotsy,Commune,8619,8857,9101,9350,9604,9865,10131,10405,10686,10974
MG,Madagascar,MG32,Analanjirofo,MG32303,Maroantsetra,District,MG32303052,Antakotako,Commune,15646,16078,16520,16973,17435,17908,18391,18888,19398,19921
MG,Madagascar,MG32,Analanjirofo,MG32303,Maroantsetra,District,MG32303070,Ankofa,Commune,9782,10052,10328,10612,10900,11196,11498,11809,12128,12455
MG,Madagascar,MG32,Analanjirofo,MG32303,Maroantsetra,District,MG32303090,Ambinanitelo,Commune,25699,26408,27135,27879,28637,29414,30208,31024,31861,32721
MG,Madagascar,MG32,Analanjirofo,MG32303,Maroantsetra,District,MG32303111,Anjahana,Commune,13806,14187,14577,14977,15385,15802,16228,16666,17116,17579
MG,Madagascar,MG32,Analanjirofo,MG32303,Maroantsetra,District,MG32303112,Ambanizana,Commune,4978,5115,5256,5400,5547,5698,5851,6009,6172,6338
MG,Madagascar,MG32,Analanjirofo,MG32303,Maroantsetra,District,MG32303113,Mahalevona,Commune,14141,14531,14931,15340,15758,16185,16622,17071,17532,18005
MG,Madagascar,MG32,Analanjirofo,MG32303,Maroantsetra,District,MG32303131,Voloina,Commune,12997,13356,13723,14099,14483,14876,15277,15690,16113,16548
MG,Madagascar,MG32,Analanjirofo,MG32303,Maroantsetra,District,MG32303132,Ankofabe,Commune,7464,7670,7881,8097,8317,8543,8774,9010,9254,9504
MG,Madagascar,MG32,Analanjirofo,MG32303,Maroantsetra,District,MG32303133,Antsirabe Sahatany,Commune,6414,6591,6772,6958,7147,7341,7539,7743,7952,8167
MG,Madagascar,MG32,Analanjirofo,MG32303,Maroantsetra,District,MG32303151,Rantabe,Commune,7912,8130,8354,8583,8817,9056,9300,9551,9809,10074
MG,Madagascar,MG32,Analanjirofo,MG32303,Maroantsetra,District,MG32303152,Morafeno,Commune,3601,3700,3802,3906,4013,4122,4233,4347,4464,4585
MG,Madagascar,MG32,Analanjirofo,MG32303,Maroantsetra,District,MG32303153,Androndrono,Commune,10170,10451,10738,11033,11333,11640,11954,12277,12609,12949
MG,Madagascar,MG32,Analanjirofo,MG32303,Maroantsetra,District,MG32303154,Ambodimanga Rantabe,Commune,8511,8746,8986,9233,9484,9741,10004,10274,10552,10837
MG,Madagascar,MG32,Analanjirofo,MG32303,Maroantsetra,District,MG32303155,Anandrivola,Commune,6894,7084,7279,7479,7682,7891,8104,8322,8547,8778
MG,Madagascar,MG32,Analanjirofo,MG32304,Mananara-Avaratra,District,MG32304011,Mananara Avaratra,Commune,26671,27407,28161,28933,29721,30526,31350,32197,33066,33959
MG,Madagascar,MG32,Analanjirofo,MG32304,Mananara-Avaratra,District,MG32304012,Ambodivoanio,Commune,11788,12113,12447,12788,13136,13492,13856,14230,14615,15009
MG,Madagascar,MG32,Analanjirofo,MG32304,Mananara-Avaratra,District,MG32304013,Imorona,Commune,5407,5556,5709,5866,6025,6189,6356,6527,6703,6884
MG,Madagascar,MG32,Analanjirofo,MG32304,Mananara-Avaratra,District,MG32304031,Antanambaobe,Commune,9424,9684,9950,10223,10502,10786,11077,11377,11684,11999
MG,Madagascar,MG32,Analanjirofo,MG32304,Mananara-Avaratra,District,MG32304032,Antanananivo,Commune,6677,6861,7050,7243,7440,7642,7848,8060,8278,8502
MG,Madagascar,MG32,Analanjirofo,MG32304,Mananara-Avaratra,District,MG32304050,Manambolosy,Commune,11999,12330,12669,13017,13371,13733,14104,14485,14876,15278
MG,Madagascar,MG32,Analanjirofo,MG32304,Mananara-Avaratra,District,MG32304070,Ambodiampana,Commune,10607,10900,11200,11507,11820,12140,12468,12805,13150,13505
MG,Madagascar,MG32,Analanjirofo,MG32304,Mananara-Avaratra,District,MG32304091,Sandrakatsy,Commune,17172,17646,18131,18628,19135,19654,20185,20730,21290,21864
MG,Madagascar,MG32,Analanjirofo,MG32304,Mananara-Avaratra,District,MG32304092,Tanibe,Commune,10975,11278,11588,11906,12230,12561,12901,13249,13607,13974
MG,Madagascar,MG32,Analanjirofo,MG32304,Mananara-Avaratra,District,MG32304093,Ambatoharanana,Commune,10127,10407,10693,10986,11285,11591,11904,12225,12555,12894
MG,Madagascar,MG32,Analanjirofo,MG32318,Soanierana Ivongo,District,MG32318012,Fotsialanana,Commune,16105,16549,17005,17471,17946,18433,18931,19442,19967,20506
MG,Madagascar,MG32,Analanjirofo,MG32318,Soanierana Ivongo,District,MG32318030,Antanifotsy,Commune,13317,13685,14061,14446,14840,15242,15653,16076,16510,16956
MG,Madagascar,MG32,Analanjirofo,MG32318,Soanierana Ivongo,District,MG32318050,Ambodiampana,Commune,7034,7228,7427,7631,7838,8051,8268,8491,8721,8956
MG,Madagascar,MG41,Boeny,MG41405,Ambato Boeni,District,MG41405052,Andranofasika,Commune,10051,10328,10613,10903,11200,11504,11814,12133,12461,12797
MG,Madagascar,MG41,Boeny,MG41405,Ambato Boeni,District,MG41405070,Madirovalo,Commune,29444,30257,31089,31941,32811,33700,34610,35544,36504,37490
MG,Madagascar,MG41,Boeny,MG41405,Ambato Boeni,District,MG41405090,Anjiajia,Commune,19254,19785,20330,20887,21455,22037,22632,23243,23871,24515
MG,Madagascar,MG42,Sofia,MG42409,Port-Berge (Boriziny-Vaovao),District,MG42409091,Andranomeva,Commune,11890,12218,12554,12898,13249,13609,13976,14353,14741,15139
MG,Madagascar,MG42,Sofia,MG42409,Port-Berge (Boriziny-Vaovao),District,MG42409092,Amparihy,Commune,10481,10770,11067,11370,11679,11996,12320,12653,12994,13345
MG,Madagascar,MG42,Sofia,MG42409,Port-Berge (Boriziny-Vaovao),District,MG42409111,Leanja,Commune,18009,18506,19015,19536,20068,20612,21169,21740,22327,22930
MG,Madagascar,MG42,Sofia,MG42409,Port-Berge (Boriziny-Vaovao),District,MG42409150,Marovato,Commune,21181,21766,22364,22977,23603,24243,24897,25569,26260,26969
MG,Madagascar,MG42,Sofia,MG42409,Port-Berge (Boriziny-Vaovao),District,MG42409171,Ambodimahabibo,Commune,11754,12078,12411,12751,13098,13453,13816,14189,14572,14966
MG,Madagascar,MG42,Sofia,MG42409,Port-Berge (Boriziny-Vaovao),District,MG42409172,Ambodivongo,Commune,11415,11730,12053,12383,12720,13065,13418,13780,14152,14534
MG,Madagascar,MG44,Melaky,MG44402,Besalampy,District,MG44402011,Besalampy,Commune,10903,11204,11512,11828,12150,12479,12816,13162,13517,13882
MG,Madagascar,MG44,Melaky,MG44402,Besalampy,District,MG44402012,Ampako,Commune,2980,3062,3146,3233,3321,3411,3503,3597,3695,3794
MG,Madagascar,MG44,Melaky,MG44402,Besalampy,District,MG44402030,Marovoay Sud,Commune,9215,9469,9730,9997,10269,10547,10832,11124,11425,11733
MG,Madagascar,MG51,Atsimo Andrefana,MG51503,Beroroha,District,MG51503091,Mandronarivo,Commune,2789,2866,2945,3026,3108,3192,3278,3367,3458,3551
MG,Madagascar,MG51,Atsimo Andrefana,MG51503,Beroroha,District,MG51503092,Tanamary,Commune,2603,2675,2748,2824,2901,2979,3060,3142,3227,3314
MG,Madagascar,MG51,Atsimo Andrefana,MG51503,Beroroha,District,MG51503093,Sakena,Commune,2241,2303,2366,2431,2497,2565,2634,2705,2778,2853
MG,Madagascar,MG51,Atsimo Andrefana,MG51504,Morombe,District,MG51504130,Antanimieva,Commune,12293,12632,12980,13336,13699,14070,14450,14840,15241,15652
MG,Madagascar,MG51,Atsimo Andrefana,MG51504,Morombe,District,MG51504150,Basibasy,Commune,9429,9689,9956,10229,10507,10792,11083,11383,11690,12006
MG,Madagascar,MG51,Atsimo Andrefana,MG51505,Ankazoabo,District,MG51505011,Ankazoabo Sud,Commune,27716,28481,29264,30067,30885,31722,32579,33458,34362,35289
MG,Madagascar,MG32,Analanjirofo,MG32304,Mananara-Avaratra,District,MG32304110,Antanambe,Commune,14726,15132,15549,15975,16410,16855,17310,17777,18257,18750
MG,Madagascar,MG32,Analanjirofo,MG32304,Mananara-Avaratra,District,MG32304130,Saromaona,Commune,8964,9211,9465,9724,9989,10260,10537,10821,11113,11413
MG,Madagascar,MG32,Analanjirofo,MG32304,Mananara-Avaratra,District,MG32304151,Vanono,Commune,12836,13190,13553,13925,14304,14691,15088,15495,15914,16343
MG,Madagascar,MG32,Analanjirofo,MG32304,Mananara-Avaratra,District,MG32304152,Andasibe I,Commune,5759,5918,6081,6247,6417,6591,6769,6952,7140,7333
MG,Madagascar,MG32,Analanjirofo,MG32305,Fenerive Est,District,MG32305010,Fenerive Est,Commune,42765,43945,45154,46392,47655,48947,50268,51625,53019,54451
MG,Madagascar,MG32,Analanjirofo,MG32305,Fenerive Est,District,MG32305030,Ambodimanga II,Commune,32299,33190,34103,35038,35992,36968,37966,38991,40044,41125
MG,Madagascar,MG32,Analanjirofo,MG32305,Fenerive Est,District,MG32305050,Mahambo,Commune,35369,36345,37345,38369,39413,40482,41575,42697,43850,45034
MG,Madagascar,MG32,Analanjirofo,MG32305,Fenerive Est,District,MG32305070,Ampasina Maningory,Commune,30246,31081,31936,32811,33704,34618,35553,36513,37498,38511
MG,Madagascar,MG32,Analanjirofo,MG32305,Fenerive Est,District,MG32305090,Ambatoharanana,Commune,13696,14074,14461,14858,15262,15676,16099,16534,16980,17438
MG,Madagascar,MG32,Analanjirofo,MG32305,Fenerive Est,District,MG32305110,Vohilengo,Commune,25246,25943,26656,27387,28133,28895,29675,30477,31299,32145
MG,Madagascar,MG32,Analanjirofo,MG32305,Fenerive Est,District,MG32305130,Saranambana,Commune,38812,39883,40980,42104,43250,44422,45622,46853,48118,49418
MG,Madagascar,MG32,Analanjirofo,MG32305,Fenerive Est,District,MG32305150,Ampasimbe Manantsatrana,Commune,22361,22978,23610,24257,24918,25593,26284,26994,27723,28471
MG,Madagascar,MG32,Analanjirofo,MG32305,Fenerive Est,District,MG32305170,Miorimivalana,Commune,18742,19259,19789,20332,20885,21451,22030,22625,23236,23863
MG,Madagascar,MG32,Analanjirofo,MG32305,Fenerive Est,District,MG32305190,Vohipeno,Commune,15320,15743,16176,16619,17072,17535,18008,18494,18993,19506
MG,Madagascar,MG32,Analanjirofo,MG32305,Fenerive Est,District,MG32305210,Antsiatsiaka,Commune,14792,15200,15618,16047,16483,16930,17387,17857,18339,18834
MG,Madagascar,MG32,Analanjirofo,MG32305,Fenerive Est,District,MG32305238,Mahanoro,Commune,6389,6565,6746,6931,7120,7313,7510,7713,7921,8135
MG,Madagascar,MG32,Analanjirofo,MG32315,Vavatenina,District,MG32315010,Vavatenina,Commune,37235,38263,39315,40393,41492,42617,43768,44950,46163,47410
MG,Madagascar,MG32,Analanjirofo,MG32315,Vavatenina,District,MG32315030,Maromitety,Commune,16998,17467,17948,18440,18942,19455,19980,20520,21074,21643
MG,Madagascar,MG32,Analanjirofo,MG32315,Vavatenina,District,MG32315050,Ambohibe,Commune,17588,18073,18571,19080,19599,20130,20674,21232,21805,22394
MG,Madagascar,MG32,Analanjirofo,MG32315,Vavatenina,District,MG32315070,Ampasimazava,Commune,6881,7071,7265,7465,7668,7876,8088,8307,8531,8761
MG,Madagascar,MG32,Analanjirofo,MG32315,Vavatenina,District,MG32315091,Anjahambe,Commune,12421,12764,13115,13474,13841,14216,14600,14994,15399,15815
MG,Madagascar,MG32,Analanjirofo,MG32315,Vavatenina,District,MG32315092,Ambatoharanana,Commune,10963,11266,11575,11893,12216,12548,12886,13234,13592,13959
MG,Madagascar,MG32,Analanjirofo,MG32315,Vavatenina,District,MG32315110,Andasibe,Commune,22019,22627,23249,23886,24537,25202,25882,26581,27299,28036
MG,Madagascar,MG32,Analanjirofo,MG32315,Vavatenina,District,MG32315130,Miarinarivo,Commune,21394,21984,22589,23208,23840,24487,25148,25827,26524,27240
MG,Madagascar,MG32,Analanjirofo,MG32315,Vavatenina,District,MG32315150,Sahatavy,Commune,10965,11268,11578,11895,12219,12550,12889,13237,13594,13961
MG,Madagascar,MG32,Analanjirofo,MG32315,Vavatenina,District,MG32315170,Ambodimangavalo,Commune,9817,10088,10365,10650,10939,11236,11539,11851,12171,12500
MG,Madagascar,MG32,Analanjirofo,MG32318,Soanierana Ivongo,District,MG32318011,Soanierana Ivongo,Commune,23475,24123,24786,25466,26159,26868,27594,28339,29104,29890
MG,Madagascar,MG32,Analanjirofo,MG32318,Soanierana Ivongo,District,MG32318070,Andapafito,Commune,18300,18805,19322,19852,20392,20945,21511,22092,22688,23301
MG,Madagascar,MG32,Analanjirofo,MG32318,Soanierana Ivongo,District,MG32318090,Ambahoabe,Commune,20148,20704,21274,21857,22452,23060,23683,24322,24979,25654
MG,Madagascar,MG32,Analanjirofo,MG32318,Soanierana Ivongo,District,MG32318110,Manompana,Commune,14636,15040,15454,15877,16309,16752,17204,17668,18145,18635
MG,Madagascar,MG32,Analanjirofo,MG32318,Soanierana Ivongo,District,MG32318130,Antenina,Commune,17587,18072,18570,19079,19598,20129,20673,21231,21804,22393
MG,Madagascar,MG33,Alaotra Mangoro,MG33312,Amparafaravola,District,MG33312011,Amparafaravola,Commune,30037,30866,31715,32584,33471,34379,35307,36260,37239,38245
MG,Madagascar,MG33,Alaotra Mangoro,MG33312,Amparafaravola,District,MG33312012,Bedidy,Commune,5013,5151,5293,5438,5586,5738,5893,6052,6215,6383
MG,Madagascar,MG33,Alaotra Mangoro,MG33312,Amparafaravola,District,MG33312013,Ambohimandroso,Commune,8015,8236,8463,8695,8931,9174,9421,9676,9937,10205
MG,Madagascar,MG33,Alaotra Mangoro,MG33312,Amparafaravola,District,MG33312014,Sahamamy,Commune,10415,10702,10997,11298,11606,11920,12242,12573,12912,13261
MG,Madagascar,MG33,Alaotra Mangoro,MG33312,Amparafaravola,District,MG33312031,Ambatomainty,Commune,14514,14915,15325,15745,16174,16612,17061,17521,17994,18480
MG,Madagascar,MG33,Alaotra Mangoro,MG33312,Amparafaravola,District,MG33312032,Ampasikely,Commune,4488,4612,4739,4869,5001,5137,5275,5418,5564,5714
MG,Madagascar,MG33,Alaotra Mangoro,MG33312,Amparafaravola,District,MG33312033,Andrebakely Sud,Commune,7080,7275,7476,7680,7890,8103,8322,8547,8778,9015
MG,Madagascar,MG33,Alaotra Mangoro,MG33312,Amparafaravola,District,MG33312051,Ambohitrarivo,Commune,15848,16285,16733,17192,17660,18139,18629,19132,19648,20179
MG,Madagascar,MG33,Alaotra Mangoro,MG33312,Amparafaravola,District,MG33312052,Anororo,Commune,9647,9913,10186,10465,10750,11041,11340,11646,11960,12283
MG,Madagascar,MG33,Alaotra Mangoro,MG33312,Amparafaravola,District,MG33312071,Morarano Chrome,Commune,39034,40111,41215,42345,43497,44676,45883,47121,48394,49700
MG,Madagascar,MG33,Alaotra Mangoro,MG33312,Amparafaravola,District,MG33312072,Ranomainty,Commune,7989,8209,8435,8667,8902,9144,9391,9644,9905,10172
MG,Madagascar,MG33,Alaotra Mangoro,MG33312,Amparafaravola,District,MG33312090,Ambohijanahary,Commune,26215,26939,27680,28438,29212,30004,30814,31646,32501,33378
MG,Madagascar,MG33,Alaotra Mangoro,MG33312,Amparafaravola,District,MG33312111,Tanambe,Commune,15713,16147,16591,17046,17510,17984,18470,18969,19481,20007
MG,Madagascar,MG33,Alaotra Mangoro,MG33312,Amparafaravola,District,MG33312112,Beanana,Commune,11500,11817,12142,12475,12815,13162,13518,13883,14257,14642
MG,Madagascar,MG33,Alaotra Mangoro,MG33312,Amparafaravola,District,MG33312113,Vohitsara,Commune,6611,6793,6980,7172,7367,7567,7771,7981,8196,8417
MG,Madagascar,MG33,Alaotra Mangoro,MG33312,Amparafaravola,District,MG33312131,Amboavory,Commune,12672,13022,13380,13747,14121,14504,14895,15297,15710,16135
MG,Madagascar,MG33,Alaotra Mangoro,MG33312,Amparafaravola,District,MG33312132,Andilana Nord,Commune,7112,7308,7509,7715,7925,8140,8360,8586,8817,9055
MG,Madagascar,MG33,Alaotra Mangoro,MG33312,Amparafaravola,District,MG33312133,Ambodimanga,Commune,5515,5667,5823,5983,6146,6312,6483,6658,6837,7022
MG,Madagascar,MG33,Alaotra Mangoro,MG33312,Amparafaravola,District,MG33312151,Vohimena,Commune,10023,10300,10583,10873,11169,11472,11782,12100,12426,12762
MG,Madagascar,MG33,Alaotra Mangoro,MG33312,Amparafaravola,District,MG33312152,Andrebakely Nord,Commune,9457,9718,9985,10259,10538,10824,11116,11416,11725,12041
MG,Madagascar,MG33,Alaotra Mangoro,MG33313,Ambatondrazaka,District,MG33313010,Ambatondrazaka,Commune,64710,66496,68325,70198,72109,74064,76063,78117,80226,82392
MG,Madagascar,MG33,Alaotra Mangoro,MG33313,Ambatondrazaka,District,MG33313031,Feramanga Nord,Commune,13620,13996,14381,14775,15177,15589,16010,16442,16886,17342
MG,Madagascar,MG33,Alaotra Mangoro,MG33313,Ambatondrazaka,District,MG33313032,Ambatondrazaka Suburbaine,Commune,10393,10680,10974,11274,11581,11895,12216,12546,12885,13233
MG,Madagascar,MG33,Alaotra Mangoro,MG33313,Ambatondrazaka,District,MG33313033,Ambandrika,Commune,4897,5032,5171,5312,5457,5605,5756,5912,6071,6235
MG,Madagascar,MG33,Alaotra Mangoro,MG33313,Ambatondrazaka,District,MG33313050,Ampitatsimo,Commune,22436,23055,23689,24339,25001,25679,26372,27084,27816,28567
MG,Madagascar,MG33,Alaotra Mangoro,MG33313,Ambatondrazaka,District,MG33313070,Ambohitsilaozana,Commune,14504,14904,15314,15734,16162,16601,17049,17509,17982,18467
MG,Madagascar,MG33,Alaotra Mangoro,MG33313,Ambatondrazaka,District,MG33313090,Ilafy,Commune,14866,15276,15697,16127,16566,17015,17474,17946,18431,18928
MG,Madagascar,MG33,Alaotra Mangoro,MG33313,Ambatondrazaka,District,MG33313111,Manakambahiny Andrefana,Commune,20663,21233,21817,22415,23026,23650,24288,24944,25618,26309
MG,Madagascar,MG33,Alaotra Mangoro,MG33313,Ambatondrazaka,District,MG33313112,Antsangasanga,Commune,6182,6353,6527,6706,6889,7076,7267,7463,7664,7871
MG,Madagascar,MG33,Alaotra Mangoro,MG33313,Ambatondrazaka,District,MG33313130,Ambatosoratra,Commune,20881,21457,22048,22652,23268,23899,24545,25207,25888,26587
MG,Madagascar,MG33,Alaotra Mangoro,MG33313,Ambatondrazaka,District,MG33313151,Andilanatoby,Commune,18231,18734,19250,19777,20315,20866,21430,22008,22602,23213
MG,Madagascar,MG33,Alaotra Mangoro,MG33313,Ambatondrazaka,District,MG33313152,Bejofo,Commune,14320,14715,15120,15534,15957,16390,16832,17287,17754,18233
MG,Madagascar,MG33,Alaotra Mangoro,MG33313,Ambatondrazaka,District,MG33313170,Didy,Commune,21528,22122,22731,23354,23989,24640,25305,25988,26690,27411
MG,Madagascar,MG33,Alaotra Mangoro,MG33313,Ambatondrazaka,District,MG33313191,Imerimandroso,Commune,12882,13238,13602,13975,14355,14744,15142,15551,15971,16402
MG,Madagascar,MG33,Alaotra Mangoro,MG33313,Ambatondrazaka,District,MG33313192,Amparihintsokatra,Commune,10045,10322,10606,10897,11194,11497,11807,12126,12454,12790
MG,Madagascar,MG33,Alaotra Mangoro,MG33313,Ambatondrazaka,District,MG33313193,Antanandava,Commune,7783,7998,8218,8443,8673,8908,9149,9396,9649,9910
MG,Madagascar,MG33,Alaotra Mangoro,MG33313,Ambatondrazaka,District,MG33313194,Andromba,Commune,4280,4398,4519,4643,4769,4899,5031,5167,5306,5450
MG,Madagascar,MG33,Alaotra Mangoro,MG33313,Ambatondrazaka,District,MG33313210,Manakambahiny Antsinanana,Commune,9040,9290,9545,9807,10074,10347,10626,10913,11208,11510
MG,Madagascar,MG33,Alaotra Mangoro,MG33313,Ambatondrazaka,District,MG33313231,Soalazaina,Commune,9647,9913,10186,10465,10750,11041,11340,11646,11960,12283
MG,Madagascar,MG33,Alaotra Mangoro,MG33313,Ambatondrazaka,District,MG33313232,Tanambao Besakay,Commune,10695,10990,11292,11602,11918,12241,12571,12911,13259,13617
MG,Madagascar,MG33,Alaotra Mangoro,MG33314,Moramanga,District,MG33314010,Moramanga,Commune,37260,38288,39342,40420,41520,42646,43797,44980,46194,47441
MG,Madagascar,MG33,Alaotra Mangoro,MG33314,Moramanga,District,MG33314030,Ambohibary,Commune,24915,25603,26307,27028,27764,28516,29286,30077,30889,31723
MG,Madagascar,MG33,Alaotra Mangoro,MG33314,Moramanga,District,MG33314050,Ampasimpotsy Gara,Commune,7068,7263,7463,7667,7876,8090,8308,8532,8763,8999
MG,Madagascar,MG33,Alaotra Mangoro,MG33314,Moramanga,District,MG33314070,Andasibe,Commune,10878,11178,11486,11801,12122,12450,12787,13132,13486,13850
MG,Madagascar,MG33,Alaotra Mangoro,MG33314,Moramanga,District,MG33314091,Anosibe Ifody,Commune,7133,7330,7531,7738,7949,8164,8384,8611,8843,9082
MG,Madagascar,MG33,Alaotra Mangoro,MG33314,Moramanga,District,MG33314092,Vodiriana,Commune,6357,6532,6712,6896,7084,7276,7472,7674,7881,8094
MG,Madagascar,MG33,Alaotra Mangoro,MG33314,Moramanga,District,MG33314110,Morarano Gara,Commune,12376,12718,13067,13426,13791,14165,14547,14940,15344,15758
MG,Madagascar,MG33,Alaotra Mangoro,MG33314,Moramanga,District,MG33314130,Belavabary,Commune,7114,7310,7511,7717,7927,8142,8362,8588,8820,9058
MG,Madagascar,MG33,Alaotra Mangoro,MG33314,Moramanga,District,MG33314150,Sabotsy Anjiro,Commune,13398,13768,14147,14534,14930,15335,15749,16174,16611,17059
MG,Madagascar,MG33,Alaotra Mangoro,MG33314,Moramanga,District,MG33314170,Ambohidronono,Commune,9886,10159,10438,10724,11016,11315,11621,11934,12256,12587
MG,Madagascar,MG33,Alaotra Mangoro,MG33314,Moramanga,District,MG33314190,Beforona,Commune,17049,17520,18001,18495,18998,19513,20040,20581,21137,21708
MG,Madagascar,MG33,Alaotra Mangoro,MG33314,Moramanga,District,MG33314210,Ambatovola,Commune,5894,6057,6223,6394,6568,6746,6928,7115,7307,7505
MG,Madagascar,MG33,Alaotra Mangoro,MG33314,Moramanga,District,MG33314230,Lakato,Commune,14454,14853,15261,15680,16107,16543,16990,17449,17920,18404
MG,Madagascar,MG33,Alaotra Mangoro,MG33314,Moramanga,District,MG33314250,Amboasary,Commune,13409,13779,14158,14546,14942,15347,15762,16187,16624,17073
MG,Madagascar,MG33,Alaotra Mangoro,MG33314,Moramanga,District,MG33314270,Fierenana,Commune,11677,11999,12329,12667,13012,13365,13726,14096,14477,14868
MG,Madagascar,MG33,Alaotra Mangoro,MG33314,Moramanga,District,MG33314291,Mandialaza,Commune,11730,12054,12385,12725,13071,13426,13788,14160,14543,14935
MG,Madagascar,MG33,Alaotra Mangoro,MG33314,Moramanga,District,MG33314292,Antaniditra,Commune,5570,5724,5881,6042,6207,6375,6547,6724,6906,7092
MG,Madagascar,MG33,Alaotra Mangoro,MG33314,Moramanga,District,MG33314293,Ampasipotsy Mandialaza,Commune,7148,7345,7547,7754,7965,8181,8402,8629,8862,9101
MG,Madagascar,MG33,Alaotra Mangoro,MG33314,Moramanga,District,MG33314310,Antanandava,Commune,10177,10458,10746,11040,11341,11648,11963,12286,12617,12958
MG,Madagascar,MG33,Alaotra Mangoro,MG33314,Moramanga,District,MG33314330,Mangarivotra,Commune,12038,12370,12711,13059,13414,13778,14150,14532,14924,15327
MG,Madagascar,MG33,Alaotra Mangoro,MG33314,Moramanga,District,MG33314350,Andaingo,Commune,18590,19103,19629,20167,20716,21277,21852,22442,23048,23670
MG,Madagascar,MG33,Alaotra Mangoro,MG33316,Andilamena,District,MG33316011,Andilamena,Commune,20507,21073,21653,22246,22852,23471,24105,24756,25424,26111
MG,Madagascar,MG33,Alaotra Mangoro,MG33316,Andilamena,District,MG33316012,Bemaitso,Commune,6322,6496,6675,6858,7045,7236,7431,7632,7838,8050
MG,Madagascar,MG33,Alaotra Mangoro,MG33316,Andilamena,District,MG33316031,Antanimenabaka,Commune,15041,15456,15881,16317,16761,17215,17680,18157,18648,19151
MG,Madagascar,MG33,Alaotra Mangoro,MG33316,Andilamena,District,MG33316032,Tanananifololahy,Commune,3843,3949,4058,4169,4282,4399,4517,4639,4764,4893
MG,Madagascar,MG33,Alaotra Mangoro,MG33316,Andilamena,District,MG33316051,Maroadabo,Commune,2923,3004,3086,3171,3257,3346,3436,3529,3624,3722
MG,Madagascar,MG33,Alaotra Mangoro,MG33316,Andilamena,District,MG33316052,Marovato,Commune,3724,3827,3932,4040,4150,4262,4377,4496,4617,4742
MG,Madagascar,MG33,Alaotra Mangoro,MG33316,Andilamena,District,MG33316071,Miarinarivo,Commune,10615,10908,11208,11515,11829,12149,12477,12814,13160,13516
MG,Madagascar,MG33,Alaotra Mangoro,MG33316,Andilamena,District,MG33316072,Maitsokely,Commune,4726,4856,4990,5127,5266,5409,5555,5705,5859,6017
MG,Madagascar,MG33,Alaotra Mangoro,MG33317,Anosibe-An'ala,District,MG33317011,Anosibe An'ala,Commune,24524,25201,25894,26604,27328,28069,28827,29605,30404,31225
MG,Madagascar,MG33,Alaotra Mangoro,MG33317,Anosibe-An'ala,District,MG33317012,Ampasimaneva,Commune,4733,4864,4997,5134,5274,5417,5563,5714,5868,6026
MG,Madagascar,MG33,Alaotra Mangoro,MG33317,Anosibe-An'ala,District,MG33317031,Ampandroantraka,Commune,7590,7799,8014,8234,8458,8687,8922,9163,9410,9664
MG,Madagascar,MG33,Alaotra Mangoro,MG33317,Anosibe-An'ala,District,MG33317032,Tratramarina,Commune,4617,4744,4875,5009,5145,5284,5427,5574,5724,5879
MG,Madagascar,MG33,Alaotra Mangoro,MG33317,Anosibe-An'ala,District,MG33317051,Antandrokomby,Commune,9324,9581,9845,10115,10390,10672,10960,11256,11560,11872
MG,Madagascar,MG33,Alaotra Mangoro,MG33317,Anosibe-An'ala,District,MG33317052,Ambalaomby,Commune,3737,3840,3946,4054,4164,4277,4393,4511,4633,4758
MG,Madagascar,MG33,Alaotra Mangoro,MG33317,Anosibe-An'ala,District,MG33317053,Niarovana Marosampanana,Commune,5649,5805,5965,6128,6295,6466,6640,6819,7004,7193
MG,Madagascar,MG33,Alaotra Mangoro,MG33317,Anosibe-An'ala,District,MG33317054,Tsaravinany,Commune,2804,2881,2961,3042,3125,3209,3296,3385,3476,3570
MG,Madagascar,MG33,Alaotra Mangoro,MG33317,Anosibe-An'ala,District,MG33317071,Longozabe,Commune,16040,16483,16936,17400,17874,18359,18854,19363,19886,20423
MG,Madagascar,MG33,Alaotra Mangoro,MG33317,Anosibe-An'ala,District,MG33317072,Ambatoharanana,Commune,6612,6794,6981,7173,7368,7568,7772,7982,8197,8419
MG,Madagascar,MG41,Boeny,MG41401,Mahajanga I,District,MG41401001,Mahajanga,Commune,99958,102717,105542,108436,111387,114407,117496,120668,123926,127272
MG,Madagascar,MG41,Boeny,MG41401,Mahajanga I,District,MG41401002,Mahabibo,Commune,111830,114917,118078,121314,124616,127995,131451,135000,138645,142388
MG,Madagascar,MG41,Boeny,MG41403,Soalala,District,MG41403010,Soalala,Commune,15586,16016,16457,16908,17368,17839,18321,18815,19323,19845
MG,Madagascar,MG41,Boeny,MG41403,Soalala,District,MG41403030,Ambohipaky,Commune,10493,10783,11079,11383,11693,12010,12334,12667,13009,13360
MG,Madagascar,MG41,Boeny,MG41403,Soalala,District,MG41403050,Andranomavo,Commune,19995,20547,21112,21691,22281,22885,23503,24138,24789,25459
MG,Madagascar,MG41,Boeny,MG41405,Ambato Boeni,District,MG41405019,Ambato Ambarimay,Commune,44925,46165,47435,48735,50062,51419,52807,54233,55697,57201
MG,Madagascar,MG41,Boeny,MG41405,Ambato Boeni,District,MG41405051,Ankijabe,Commune,13227,13592,13966,14349,14739,15139,15548,15967,16399,16841
MG,Madagascar,MG41,Boeny,MG41405,Ambato Boeni,District,MG41405111,Tsaramandroso,Commune,12611,12959,13316,13681,14053,14434,14824,15224,15635,16057
MG,Madagascar,MG41,Boeny,MG41405,Ambato Boeni,District,MG41405112,Ambondromamy,Commune,6967,7159,7356,7558,7764,7974,8189,8410,8638,8871
MG,Madagascar,MG41,Boeny,MG41405,Ambato Boeni,District,MG41405130,Ankirihitra,Commune,9748,10017,10293,10575,10863,11157,11458,11768,12085,12412
MG,Madagascar,MG41,Boeny,MG41405,Ambato Boeni,District,MG41405150,Andranomamy,Commune,15120,15537,15965,16402,16849,17306,17773,18253,18745,19252
MG,Madagascar,MG41,Boeny,MG41405,Ambato Boeni,District,MG41405170,Manerinerina,Commune,17889,18383,18888,19406,19934,20475,21028,21595,22178,22777
MG,Madagascar,MG41,Boeny,MG41405,Ambato Boeni,District,MG41405190,Sitampiky,Commune,23505,24154,24818,25498,26193,26903,27629,28375,29141,29928
MG,Madagascar,MG41,Boeny,MG41406,Marovoay,District,MG41406010,Marovoay Ville,Commune,34593,35548,36526,37527,38548,39593,40662,41760,42888,44046
MG,Madagascar,MG41,Boeny,MG41406,Marovoay,District,MG41406031,Marovoay Banlieue,Commune,10435,10723,11018,11320,11628,11943,12266,12597,12937,13286
MG,Madagascar,MG41,Boeny,MG41406,Marovoay,District,MG41406032,Antanambao Andranolava,Commune,5959,6123,6292,6464,6640,6820,7005,7194,7388,7587
MG,Madagascar,MG41,Boeny,MG41406,Marovoay,District,MG41406033,Anosinalainolona,Commune,10455,10744,11039,11342,11650,11966,12289,12621,12962,13312
MG,Madagascar,MG41,Boeny,MG41406,Marovoay,District,MG41406051,Ambolomoty,Commune,13997,14383,14779,15184,15597,16020,16453,16897,17353,17822
MG,Madagascar,MG41,Boeny,MG41406,Marovoay,District,MG41406052,Marovoay,Commune,7257,7457,7662,7872,8087,8306,8530,8761,8997,9240
MG,Madagascar,MG41,Boeny,MG41406,Marovoay,District,MG41406070,Tsararano,Commune,9462,9723,9991,10264,10544,10830,11122,11422,11731,12048
MG,Madagascar,MG41,Boeny,MG41406,Marovoay,District,MG41406090,Ankazomborona,Commune,23873,24532,25207,25898,26603,27324,28062,28819,29597,30396
MG,Madagascar,MG41,Boeny,MG41406,Marovoay,District,MG41406111,Manaratsandry,Commune,28658,29449,30259,31089,31935,32801,33686,34596,35530,36489
MG,Madagascar,MG41,Boeny,MG41406,Marovoay,District,MG41406112,Antanimasaka,Commune,8419,8651,8889,9133,9382,9636,9896,10163,10438,10720
MG,Madagascar,MG41,Boeny,MG41406,Marovoay,District,MG41406130,Bemaharivo,Commune,10610,10903,11203,11510,11823,12144,12472,12808,13154,13509
MG,Madagascar,MG41,Boeny,MG41406,Marovoay,District,MG41406158,Ankaraobato,Commune,11701,12024,12355,12693,13039,13392,13754,14125,14507,14898
MG,Madagascar,MG41,Boeny,MG41407,Mitsinjo,District,MG41407011,Mitsinjo,Commune,8933,9180,9432,9691,9954,10224,10500,10784,11075,11374
MG,Madagascar,MG41,Boeny,MG41407,Mitsinjo,District,MG41407012,Antseza,Commune,7715,7928,8146,8369,8597,8830,9069,9313,9565,9823
MG,Madagascar,MG41,Boeny,MG41407,Mitsinjo,District,MG41407030,Antongomena Bevary,Commune,10130,10410,10696,10989,11288,11594,11907,12229,12559,12898
MG,Madagascar,MG41,Boeny,MG41407,Mitsinjo,District,MG41407050,Matsakabanja,Commune,10717,11013,11316,11626,11942,12266,12597,12937,13287,13645
MG,Madagascar,MG41,Boeny,MG41407,Mitsinjo,District,MG41407070,Katsepy,Commune,10027,10304,10587,10877,11173,11476,11786,12104,12431,12767
MG,Madagascar,MG41,Boeny,MG41407,Mitsinjo,District,MG41407091,Bekipay,Commune,4953,5090,5230,5373,5519,5669,5822,5979,6141,6306
MG,Madagascar,MG41,Boeny,MG41407,Mitsinjo,District,MG41407092,Ambarimaninga,Commune,4716,4846,4979,5116,5255,5398,5543,5693,5847,6005
MG,Madagascar,MG41,Boeny,MG41415,Mahajanga II,District,MG41415011,Belobaka,Commune,12164,12500,12844,13196,13555,13922,14298,14684,15081,15488
MG,Madagascar,MG41,Boeny,MG41415,Mahajanga II,District,MG41415012,Boanamary,Commune,5023,5162,5304,5449,5597,5749,5904,6064,6227,6396
MG,Madagascar,MG41,Boeny,MG41415,Mahajanga II,District,MG41415031,Ambalakida,Commune,7216,7415,7619,7828,8041,8259,8482,8711,8946,9188
MG,Madagascar,MG41,Boeny,MG41415,Mahajanga II,District,MG41415032,Betsako,Commune,10070,10348,10633,10924,11221,11526,11837,12156,12485,12822
MG,Madagascar,MG41,Boeny,MG41415,Mahajanga II,District,MG41415050,Mariarano,Commune,7434,7639,7849,8064,8284,8509,8738,8974,9217,9465
MG,Madagascar,MG41,Boeny,MG41415,Mahajanga II,District,MG41415071,Bekobay,Commune,8051,8273,8501,8734,8972,9215,9464,9719,9981,10251
MG,Madagascar,MG41,Boeny,MG41415,Mahajanga II,District,MG41415072,Andranoboka,Commune,5590,5744,5902,6064,6229,6398,6571,6748,6930,7117
MG,Madagascar,MG41,Boeny,MG41415,Mahajanga II,District,MG41415091,Mahajamba Usine,Commune,12474,12818,13171,13532,13900,14277,14663,15058,15465,15883
MG,Madagascar,MG41,Boeny,MG41415,Mahajanga II,District,MG41415092,Ambalabe Befanjava,Commune,6396,6573,6753,6938,7127,7321,7518,7721,7930,8144
MG,Madagascar,MG42,Sofia,MG42409,Port-Berge (Boriziny-Vaovao),District,MG42409010,Port Berge,Commune,17480,17962,18457,18962,19479,20007,20547,21102,21671,22256
MG,Madagascar,MG42,Sofia,MG42409,Port-Berge (Boriziny-Vaovao),District,MG42409031,Ambanjabe,Commune,9766,10036,10312,10594,10883,11178,11479,11789,12108,12435
MG,Madagascar,MG42,Sofia,MG42409,Port-Berge (Boriziny-Vaovao),District,MG42409032,Tsaratanana I,Commune,6450,6628,6810,6997,7187,7382,7582,7786,7997,8212
MG,Madagascar,MG42,Sofia,MG42409,Port-Berge (Boriziny-Vaovao),District,MG42409050,Tsarahasina,Commune,11296,11608,11927,12254,12588,12929,13278,13636,14005,14383
MG,Madagascar,MG42,Sofia,MG42409,Port-Berge (Boriziny-Vaovao),District,MG42409070,Tsiningia,Commune,15300,15722,16155,16598,17049,17512,17984,18470,18969,19481
MG,Madagascar,MG42,Sofia,MG42409,Port-Berge (Boriziny-Vaovao),District,MG42409112,Ambodisakoana,Commune,13500,13873,14254,14645,15044,15451,15869,16297,16737,17189
MG,Madagascar,MG42,Sofia,MG42409,Port-Berge (Boriziny-Vaovao),District,MG42409131,Tsinjomitondraka,Commune,9387,9646,9911,10183,10460,10744,11034,11332,11638,11952
MG,Madagascar,MG42,Sofia,MG42409,Port-Berge (Boriziny-Vaovao),District,MG42409132,Maevaranohely,Commune,5134,5276,5421,5569,5721,5876,6035,6198,6365,6537
MG,Madagascar,MG42,Sofia,MG42409,Port-Berge (Boriziny-Vaovao),District,MG42409190,Port Berge II,Commune,8477,8711,8951,9196,9446,9702,9964,10233,10510,10793
MG,Madagascar,MG42,Sofia,MG42410,Mandritsara,District,MG42410010,Mandritsara,Commune,22932,23565,24213,24877,25554,26247,26955,27683,28431,29198
MG,Madagascar,MG42,Sofia,MG42410,Mandritsara,District,MG42410030,Antanandava,Commune,11627,11948,12277,12613,12956,13308,13667,14036,14415,14804
MG,Madagascar,MG42,Sofia,MG42410,Mandritsara,District,MG42410050,Antsoha,Commune,11406,11721,12043,12373,12710,13055,13407,13769,14141,14523
MG,Madagascar,MG42,Sofia,MG42410,Mandritsara,District,MG42410070,Tsaratanana,Commune,6612,6794,6981,7173,7368,7568,7772,7982,8197,8419
MG,Madagascar,MG42,Sofia,MG42410,Mandritsara,District,MG42410090,Kalandy,Commune,16869,17335,17811,18300,18798,19307,19829,20364,20914,21479
MG,Madagascar,MG42,Sofia,MG42410,Mandritsara,District,MG42410111,Antsirabe Centre,Commune,9655,9921,10194,10474,10759,11051,11349,11655,11970,12293
MG,Madagascar,MG42,Sofia,MG42410,Mandritsara,District,MG42410112,Antsiatsiaka,Commune,4302,4421,4542,4667,4794,4924,5057,5193,5334,5478
MG,Madagascar,MG42,Sofia,MG42410,Mandritsara,District,MG42410130,Amboaboa,Commune,7327,7529,7736,7948,8165,8386,8613,8845,9084,9329
MG,Madagascar,MG42,Sofia,MG42410,Mandritsara,District,MG42410150,Manampaneva,Commune,4197,4313,4431,4553,4677,4804,4933,5067,5203,5344
MG,Madagascar,MG42,Sofia,MG42410,Mandritsara,District,MG42410171,Ambarikorano,Commune,6595,6777,6963,7154,7349,7548,7752,7961,8176,8397
MG,Madagascar,MG42,Sofia,MG42410,Mandritsara,District,MG42410172,Andratamarina,Commune,2683,2757,2833,2911,2990,3071,3154,3239,3326,3416
MG,Madagascar,MG42,Sofia,MG42410,Mandritsara,District,MG42410191,Ambaripaika,Commune,4781,4913,5048,5186,5328,5472,5620,5772,5927,6087
MG,Madagascar,MG42,Sofia,MG42410,Mandritsara,District,MG42410192,Ambodiamontana Kianga,Commune,5743,5902,6064,6230,6400,6573,6751,6933,7120,7312
MG,Madagascar,MG42,Sofia,MG42410,Mandritsara,District,MG42410211,Ambalakirajy,Commune,14705,15111,15527,15952,16386,16831,17285,17752,18231,18723
MG,Madagascar,MG42,Sofia,MG42410,Mandritsara,District,MG42410212,Tsarajomoka,Commune,8084,8307,8536,8770,9008,9253,9502,9759,10022,10293
MG,Madagascar,MG42,Sofia,MG42410,Mandritsara,District,MG42410231,Antsatramidola,Commune,9576,9840,10111,10388,10671,10960,11256,11560,11872,12193
MG,Madagascar,MG42,Sofia,MG42410,Mandritsara,District,MG42410232,Ankiakabe-Fonoko,Commune,5804,5964,6128,6296,6468,6643,6822,7007,7196,7390
MG,Madagascar,MG42,Sofia,MG42410,Mandritsara,District,MG42410250,Marotandrano,Commune,14921,15333,15755,16186,16627,17078,17539,18012,18499,18998
MG,Madagascar,MG42,Sofia,MG42410,Mandritsara,District,MG42410270,Ambilombe,Commune,7642,7853,8069,8290,8516,8747,8983,9225,9474,9730
MG,Madagascar,MG42,Sofia,MG42410,Mandritsara,District,MG42410290,Andohajango,Commune,8424,8657,8895,9138,9387,9642,9902,10169,10444,10726
MG,Madagascar,MG42,Sofia,MG42410,Mandritsara,District,MG42410310,Anjiabe,Commune,7570,7779,7993,8212,8436,8664,8898,9138,9385,9639
MG,Madagascar,MG42,Sofia,MG42410,Mandritsara,District,MG42410330,Ambohisoa,Commune,6900,7090,7285,7485,7689,7897,8111,8330,8554,8785
MG,Madagascar,MG42,Sofia,MG42410,Mandritsara,District,MG42410350,Ampatakamaroreny,Commune,4896,5031,5170,5311,5456,5604,5755,5910,6070,6234
MG,Madagascar,MG42,Sofia,MG42410,Mandritsara,District,MG42410371,Ankiabe-Salohy,Commune,16652,17112,17582,18064,18556,19059,19574,20102,20645,21202
MG,Madagascar,MG42,Sofia,MG42410,Mandritsara,District,MG42410372,Pont Sofia,Commune,6478,6657,6840,7027,7219,7414,7615,7820,8031,8248
MG,Madagascar,MG42,Sofia,MG42410,Mandritsara,District,MG42410391,Ambodiadabo,Commune,5793,5953,6117,6284,6455,6630,6809,6993,7182,7376
MG,Madagascar,MG42,Sofia,MG42410,Mandritsara,District,MG42410392,Amborondolo,Commune,2053,2110,2168,2227,2288,2350,2413,2478,2545,2614
MG,Madagascar,MG42,Sofia,MG42410,Mandritsara,District,MG42410410,Antanambaon'amberina,Commune,9581,9845,10116,10394,10676,10966,11262,11566,11878,12199
MG,Madagascar,MG42,Sofia,MG42411,Analalava,District,MG42411011,Analalava,Commune,8881,9126,9377,9634,9896,10165,10439,10721,11010,11308
MG,Madagascar,MG42,Sofia,MG42411,Analalava,District,MG42411012,Ambarijeby Sud,Commune,6326,6501,6679,6863,7049,7240,7436,7637,7843,8055
MG,Madagascar,MG42,Sofia,MG42411,Analalava,District,MG42411030,Ambolobozo,Commune,11877,12205,12541,12884,13235,13594,13961,14338,14725,15122
MG,Madagascar,MG42,Sofia,MG42411,Analalava,District,MG42411050,Befotaka Nord,Commune,12346,12687,13036,13393,13758,14131,14512,14904,15306,15720
MG,Madagascar,MG42,Sofia,MG42411,Analalava,District,MG42411070,Ambaliha,Commune,9040,9290,9545,9807,10074,10347,10626,10913,11208,11510
MG,Madagascar,MG42,Sofia,MG42411,Analalava,District,MG42411090,Maromandia,Commune,24419,25093,25783,26490,27211,27949,28703,29478,30274,31092
MG,Madagascar,MG42,Sofia,MG42411,Analalava,District,MG42411110,Marovatolena,Commune,10077,10355,10640,10932,11229,11534,11845,12165,12493,12831
MG,Madagascar,MG42,Sofia,MG42411,Analalava,District,MG42411131,Andribavontsona,Commune,3345,3437,3532,3629,3727,3829,3932,4038,4147,4259
MG,Madagascar,MG42,Sofia,MG42411,Analalava,District,MG42411132,Angoaka Sud,Commune,6742,6928,7119,7314,7513,7717,7925,8139,8359,8584
MG,Madagascar,MG42,Sofia,MG42411,Analalava,District,MG42411150,Marovantaza,Commune,8352,8583,8819,9060,9307,9559,9817,10082,10355,10634
MG,Madagascar,MG42,Sofia,MG42411,Analalava,District,MG42411170,Ankaramy,Commune,15504,15932,16370,16819,17277,17745,18224,18716,19222,19741
MG,Madagascar,MG42,Sofia,MG42411,Analalava,District,MG42411190,Antonibe,Commune,19354,19888,20435,20995,21567,22152,22750,23364,23995,24643
MG,Madagascar,MG42,Sofia,MG42411,Analalava,District,MG42411210,Mahadrodroka,Commune,6448,6626,6808,6995,7185,7380,7579,7784,7994,8210
MG,Madagascar,MG42,Sofia,MG42412,Befandriana Nord,District,MG42412010,Befandriana Nord,Commune,15858,16296,16744,17203,17671,18150,18640,19144,19660,20191
MG,Madagascar,MG42,Sofia,MG42412,Befandriana Nord,District,MG42412030,Morafeno,Commune,27286,28039,28810,29600,30406,31230,32073,32939,33829,34742
MG,Madagascar,MG42,Sofia,MG42412,Befandriana Nord,District,MG42412050,Ambodimotso Sud,Commune,11975,12306,12644,12991,13344,13706,14076,14456,14846,15247
MG,Madagascar,MG42,Sofia,MG42412,Befandriana Nord,District,MG42412070,Tsiamalao,Commune,19324,19857,20404,20963,21533,22117,22714,23328,23958,24604
MG,Madagascar,MG42,Sofia,MG42412,Befandriana Nord,District,MG42412090,Maroamalona,Commune,10112,10391,10677,10970,11268,11574,11886,12207,12537,12875
MG,Madagascar,MG42,Sofia,MG42412,Befandriana Nord,District,MG42412110,Tsarahonenana,Commune,25461,26164,26883,27620,28372,29141,29928,30736,31566,32418
MG,Madagascar,MG42,Sofia,MG42412,Befandriana Nord,District,MG42412130,Antsakanalabe,Commune,15837,16274,16722,17180,17648,18126,18616,19118,19634,20165
MG,Madagascar,MG42,Sofia,MG42412,Befandriana Nord,District,MG42412150,Ambararata,Commune,9891,10164,10444,10730,11022,11321,11626,11940,12263,12594
MG,Madagascar,MG42,Sofia,MG42412,Befandriana Nord,District,MG42412170,Ambolidibe Est,Commune,17652,18139,18638,19149,19670,20204,20749,21309,21885,22475
MG,Madagascar,MG42,Sofia,MG42412,Befandriana Nord,District,MG42412190,Ankarongana,Commune,16307,16757,17218,17690,18172,18664,19168,19686,20217,20763
MG,Madagascar,MG42,Sofia,MG42412,Befandriana Nord,District,MG42412210,Antsakabary,Commune,19455,19992,20542,21105,21679,22267,22868,23486,24120,24771
MG,Madagascar,MG42,Sofia,MG42412,Befandriana Nord,District,MG42412230,Matsondakana,Commune,42264,43430,44625,45848,47096,48373,49679,51021,52398,53813
MG,Madagascar,MG42,Sofia,MG42413,Antsohihy,District,MG42413010,Antsohihy,Commune,17637,18124,18622,19133,19654,20186,20731,21291,21866,22456
MG,Madagascar,MG42,Sofia,MG42413,Antsohihy,District,MG42413030,Ankerika,Commune,8268,8496,8730,8969,9213,9463,9719,9981,10251,10527
MG,Madagascar,MG42,Sofia,MG42413,Antsohihy,District,MG42413051,Ampandriankilandy,Commune,13299,13666,14042,14427,14820,15221,15632,16054,16488,16933
MG,Madagascar,MG42,Sofia,MG42413,Antsohihy,District,MG42413052,Anjalazala,Commune,7567,7776,7990,8209,8432,8661,8895,9135,9381,9635
MG,Madagascar,MG42,Sofia,MG42413,Antsohihy,District,MG42413070,Anahidrano,Commune,11633,11954,12283,12620,12963,13315,13674,14043,14422,14812
MG,Madagascar,MG42,Sofia,MG42413,Antsohihy,District,MG42413090,Ambodimandresy,Commune,9410,9670,9936,10208,10486,10770,11061,11360,11666,11981
MG,Madagascar,MG42,Sofia,MG42413,Antsohihy,District,MG42413110,Anjiamangirana,Commune,10159,10439,10727,11021,11321,11627,11941,12264,12595,12935
MG,Madagascar,MG42,Sofia,MG42413,Antsohihy,District,MG42413130,Ambodimanary,Commune,10027,10304,10587,10877,11173,11476,11786,12104,12431,12767
MG,Madagascar,MG42,Sofia,MG42413,Antsohihy,District,MG42413150,Antsahabe,Commune,14460,14859,15268,15686,16113,16550,16997,17456,17927,18411
MG,Madagascar,MG42,Sofia,MG42413,Antsohihy,District,MG42413171,Ambodimadiro,Commune,7462,7668,7879,8095,8315,8541,8771,9008,9251,9501
MG,Madagascar,MG42,Sofia,MG42413,Antsohihy,District,MG42413172,Andreba,Commune,9955,10230,10511,10799,11093,11394,11702,12018,12342,12675
MG,Madagascar,MG42,Sofia,MG42413,Antsohihy,District,MG42413190,Maroala,Commune,12049,12382,12722,13071,13427,13791,14163,14545,14938,15341
MG,Madagascar,MG42,Sofia,MG42414,Bealanana,District,MG42414010,Bealanana,Commune,18603,19116,19642,20181,20730,21292,21867,22457,23064,23686
MG,Madagascar,MG42,Sofia,MG42414,Bealanana,District,MG42414031,Beandrarezona,Commune,8595,8832,9075,9324,9578,9837,10103,10376,10656,10944
MG,Madagascar,MG42,Sofia,MG42414,Bealanana,District,MG42414032,Antananivo Haut,Commune,2063,2120,2178,2238,2299,2361,2425,2490,2558,2627
MG,Madagascar,MG42,Sofia,MG42414,Bealanana,District,MG42414050,Antsamaka,Commune,7948,8167,8392,8622,8857,9097,9342,9595,9854,10120
MG,Madagascar,MG42,Sofia,MG42414,Bealanana,District,MG42414071,Ambatosia,Commune,12796,13149,13511,13881,14259,14646,15041,15447,15864,16293
MG,Madagascar,MG42,Sofia,MG42414,Bealanana,District,MG42414072,Ambodiampana,Commune,5402,5551,5704,5860,6020,6183,6350,6521,6697,6878
MG,Madagascar,MG42,Sofia,MG42414,Bealanana,District,MG42414090,Ambatoriha Est,Commune,12737,13089,13449,13817,14193,14578,14972,15376,15791,16217
MG,Madagascar,MG42,Sofia,MG42414,Bealanana,District,MG42414110,Ambovonomby,Commune,7364,7567,7775,7989,8206,8428,8656,8890,9130,9376
MG,Madagascar,MG42,Sofia,MG42414,Bealanana,District,MG42414131,Analila,Commune,7505,7712,7924,8142,8363,8590,8822,9060,9305,9556
MG,Madagascar,MG42,Sofia,MG42414,Bealanana,District,MG42414132,Anjozoromadosy,Commune,6013,6179,6349,6523,6701,6882,7068,7259,7455,7656
MG,Madagascar,MG42,Sofia,MG42414,Bealanana,District,MG42414151,Mangindrano,Commune,8488,8722,8962,9208,9459,9715,9977,10247,10523,10807
MG,Madagascar,MG42,Sofia,MG42414,Bealanana,District,MG42414152,Ambararatabe Nord,Commune,4196,4312,4430,4552,4676,4803,4932,5065,5202,5343
MG,Madagascar,MG42,Sofia,MG42414,Bealanana,District,MG42414171,Ambodisikidy,Commune,7188,7386,7590,7798,8010,8227,8449,8677,8912,9152
MG,Madagascar,MG42,Sofia,MG42414,Bealanana,District,MG42414172,Ambararata Sofia,Commune,3144,3231,3320,3411,3503,3598,3696,3795,3898,4003
MG,Madagascar,MG42,Sofia,MG42414,Bealanana,District,MG42414190,Marotolana,Commune,8133,8357,8587,8823,9063,9309,9560,9818,10083,10355
MG,Madagascar,MG42,Sofia,MG42414,Bealanana,District,MG42414211,Ambodiadabo M,Commune,7851,8068,8290,8517,8749,8986,9228,9478,9734,9996
MG,Madagascar,MG42,Sofia,MG42414,Bealanana,District,MG42414212,Ankazotokana,Commune,3978,4088,4200,4315,4433,4553,4676,4802,4932,5065
MG,Madagascar,MG42,Sofia,MG42414,Bealanana,District,MG42414213,Ambalaromba,Commune,5271,5416,5565,5718,5874,6033,6196,6363,6535,6711
MG,Madagascar,MG42,Sofia,MG42423,Mampikony,District,MG42423010,Mampikony I,Commune,13413,13783,14162,14551,14947,15352,15766,16192,16629,17078
MG,Madagascar,MG42,Sofia,MG42423,Mampikony,District,MG42423030,Mampikony II,Commune,18440,18949,19470,20004,20548,21106,21675,22261,22862,23479
MG,Madagascar,MG42,Sofia,MG42423,Mampikony,District,MG42423051,Ambohitoaka,Commune,23978,24640,25318,26012,26720,27444,28185,28946,29727,30530
MG,Madagascar,MG42,Sofia,MG42423,Mampikony,District,MG42423052,Ankiririky,Commune,3802,3907,4014,4124,4237,4352,4469,4590,4714,4841
MG,Madagascar,MG42,Sofia,MG42423,Mampikony,District,MG42423071,Bekoratsaka,Commune,18924,19446,19981,20529,21088,21659,22244,22845,23462,24095
MG,Madagascar,MG42,Sofia,MG42423,Mampikony,District,MG42423072,Malakialina,Commune,11431,11746,12070,12400,12738,13083,13437,13799,14172,14555
MG,Madagascar,MG42,Sofia,MG42423,Mampikony,District,MG42423073,Betaramahamay,Commune,8065,8288,8516,8749,8987,9231,9480,9736,9999,10269
MG,Madagascar,MG42,Sofia,MG42423,Mampikony,District,MG42423090,Komajia,Commune,4973,5110,5251,5395,5542,5692,5846,6003,6165,6332
MG,Madagascar,MG42,Sofia,MG42423,Mampikony,District,MG42423111,Ampasimatera,Commune,14448,14847,15255,15673,16100,16536,16983,17441,17912,18396
MG,Madagascar,MG42,Sofia,MG42423,Mampikony,District,MG42423112,Ambodihazoambo,Commune,10931,11233,11542,11858,12181,12511,12849,13196,13552,13918
MG,Madagascar,MG43,Betsiboka,MG43404,Maevatanana,District,MG43404010,Maevatanana I,Commune,16123,16568,17024,17490,17966,18454,18952,19463,19989,20529
MG,Madagascar,MG43,Betsiboka,MG43404,Maevatanana,District,MG43404031,Maevatanana II,Commune,13570,13945,14328,14721,15122,15532,15951,16382,16824,17278
MG,Madagascar,MG43,Betsiboka,MG43404,Maevatanana,District,MG43404032,Beratsimanina,Commune,5108,5249,5393,5541,5692,5846,6004,6166,6333,6504
MG,Madagascar,MG43,Betsiboka,MG43404,Maevatanana,District,MG43404050,Bemokotra,Commune,7412,7617,7826,8041,8259,8483,8712,8948,9189,9437
MG,Madagascar,MG43,Betsiboka,MG43404,Maevatanana,District,MG43404070,Mahazoma,Commune,13610,13986,14370,14764,15166,15577,15998,16430,16873,17329
MG,Madagascar,MG43,Betsiboka,MG43404,Maevatanana,District,MG43404091,Antsiafabositra,Commune,10148,10428,10715,11009,11308,11615,11928,12251,12581,12921
MG,Madagascar,MG43,Betsiboka,MG43404,Maevatanana,District,MG43404092,Antanimbary,Commune,4640,4768,4899,5034,5171,5311,5454,5601,5753,5908
MG,Madagascar,MG43,Betsiboka,MG43404,Maevatanana,District,MG43404111,Tsararano,Commune,12365,12706,13056,13414,13779,14152,14534,14927,15330,15744
MG,Madagascar,MG43,Betsiboka,MG43404,Maevatanana,District,MG43404112,Ambalajia,Commune,5125,5266,5411,5560,5711,5866,6024,6187,6354,6525
MG,Madagascar,MG43,Betsiboka,MG43404,Maevatanana,District,MG43404131,Ambalanjanakomby,Commune,10250,10533,10823,11119,11422,11732,12048,12374,12708,13051
MG,Madagascar,MG43,Betsiboka,MG43404,Maevatanana,District,MG43404132,Marokoro,Commune,2469,2537,2607,2678,2751,2826,2902,2981,3061,3144
MG,Madagascar,MG43,Betsiboka,MG43404,Maevatanana,District,MG43404150,Maria,Commune,7164,7362,7564,7772,7983,8200,8421,8648,8882,9122
MG,Madagascar,MG43,Betsiboka,MG43404,Maevatanana,District,MG43404171,Andriba,Commune,8350,8580,8816,9058,9305,9557,9815,10080,10352,10632
MG,Madagascar,MG43,Betsiboka,MG43404,Maevatanana,District,MG43404172,Mahatsinjo,Commune,9487,9749,10017,10292,10572,10858,11152,11453,11762,12079
MG,Madagascar,MG43,Betsiboka,MG43404,Maevatanana,District,MG43404173,Morafeno,Commune,5639,5795,5954,6117,6284,6454,6628,6807,6991,7180
MG,Madagascar,MG43,Betsiboka,MG43404,Maevatanana,District,MG43404191,Mangabe,Commune,8913,9159,9411,9669,9932,10201,10477,10760,11050,11349
MG,Madagascar,MG43,Betsiboka,MG43404,Maevatanana,District,MG43404192,Madiromirafy,Commune,4577,4703,4833,4965,5100,5239,5380,5525,5674,5828
MG,Madagascar,MG43,Betsiboka,MG43408,Tsaratanana,District,MG43408010,Tsaratanana,Commune,16596,17054,17523,18004,18494,18995,19508,20034,20575,21131
MG,Madagascar,MG43,Betsiboka,MG43408,Tsaratanana,District,MG43408030,Bekapaika,Commune,9542,9805,10075,10351,10633,10921,11216,11519,11830,12149
MG,Madagascar,MG43,Betsiboka,MG43408,Tsaratanana,District,MG43408050,Tsararova,Commune,8224,8451,8683,8921,9164,9413,9667,9928,10196,10471
MG,Madagascar,MG43,Betsiboka,MG43408,Tsaratanana,District,MG43408070,Betrandraka,Commune,10001,10277,10560,10849,11144,11447,11756,12073,12399,12734
MG,Madagascar,MG43,Betsiboka,MG43408,Tsaratanana,District,MG43408090,Keliloha,Commune,7043,7237,7436,7640,7848,8061,8279,8502,8732,8968
MG,Madagascar,MG43,Betsiboka,MG43408,Tsaratanana,District,MG43408110,Sarobaratra,Commune,11256,11567,11885,12211,12543,12883,13231,13588,13955,14332
MG,Madagascar,MG43,Betsiboka,MG43408,Tsaratanana,District,MG43408130,Ampandrana,Commune,2777,2854,2932,3013,3095,3178,3264,3352,3443,3536
MG,Madagascar,MG43,Betsiboka,MG43408,Tsaratanana,District,MG43408150,Andriamena,Commune,14506,14906,15316,15736,16165,16603,17051,17511,17984,18470
MG,Madagascar,MG43,Betsiboka,MG43408,Tsaratanana,District,MG43408170,Ambakireny,Commune,12903,13259,13624,13997,14378,14768,15167,15576,15997,16429
MG,Madagascar,MG43,Betsiboka,MG43408,Tsaratanana,District,MG43408190,Brieville,Commune,9485,9747,10015,10289,10569,10856,11149,11450,11759,12077
MG,Madagascar,MG43,Betsiboka,MG43408,Tsaratanana,District,MG43408210,Sakoamadinika,Commune,6760,6947,7138,7333,7533,7737,7946,8161,8381,8607
MG,Madagascar,MG43,Betsiboka,MG43408,Tsaratanana,District,MG43408230,Manakana,Commune,7856,8073,8295,8522,8754,8992,9234,9484,9740,10003
MG,Madagascar,MG43,Betsiboka,MG43416,Kandreho,District,MG43416011,Kandreho,Commune,4839,4973,5109,5249,5392,5538,5688,5842,5999,6161
MG,Madagascar,MG43,Betsiboka,MG43416,Kandreho,District,MG43416012,Ambaliha,Commune,2822,2900,2980,3061,3145,3230,3317,3407,3499,3593
MG,Madagascar,MG43,Betsiboka,MG43416,Kandreho,District,MG43416013,Behazomaty,Commune,2684,2758,2834,2912,2991,3072,3155,3240,3328,3417
MG,Madagascar,MG43,Betsiboka,MG43416,Kandreho,District,MG43416030,Antanimbaribe,Commune,2116,2174,2234,2295,2358,2422,2487,2554,2623,2694
MG,Madagascar,MG43,Betsiboka,MG43416,Kandreho,District,MG43416051,Betaimboay,Commune,3664,3765,3869,3975,4083,4194,4307,4423,4543,4665
MG,Madagascar,MG43,Betsiboka,MG43416,Kandreho,District,MG43416052,Andasibe,Commune,3736,3839,3945,4053,4163,4276,4391,4510,4632,4757
MG,Madagascar,MG44,Melaky,MG44402,Besalampy,District,MG44402050,Soanenga,Commune,7408,7612,7822,8036,8255,8479,8708,8943,9184,9432
MG,Madagascar,MG44,Melaky,MG44402,Besalampy,District,MG44402071,Bekodoka,Commune,8650,8889,9133,9384,9639,9900,10168,10442,10724,11014
MG,Madagascar,MG44,Melaky,MG44402,Besalampy,District,MG44402072,Ambolodia Sud,Commune,8666,8905,9150,9401,9657,9919,10186,10461,10744,11034
MG,Madagascar,MG44,Melaky,MG44402,Besalampy,District,MG44402090,Ankasakasa Tsibiray,Commune,8257,8485,8718,8957,9201,9451,9706,9968,10237,10513
MG,Madagascar,MG44,Melaky,MG44402,Besalampy,District,MG44402110,Mahabe,Commune,12263,12601,12948,13303,13665,14036,14415,14804,15203,15614
MG,Madagascar,MG44,Melaky,MG44417,Ambatomainty,District,MG44417011,Ambatomainty,Commune,7548,7756,7970,8188,8411,8639,8872,9112,9358,9611
MG,Madagascar,MG44,Melaky,MG44417,Ambatomainty,District,MG44417012,Bemarivo,Commune,4987,5125,5266,5410,5557,5708,5862,6020,6183,6350
MG,Madagascar,MG44,Melaky,MG44417,Ambatomainty,District,MG44417031,Sarodrano,Commune,8535,8771,9012,9259,9511,9769,10032,10303,10582,10867
MG,Madagascar,MG44,Melaky,MG44417,Ambatomainty,District,MG44417032,Marotsialeha,Commune,7171,7369,7572,7779,7991,8208,8429,8657,8890,9130
MG,Madagascar,MG44,Melaky,MG44420,Antsalova,District,MG44420010,Antsalova,Commune,19208,19738,20281,20837,21404,21985,22578,23188,23814,24457
MG,Madagascar,MG44,Melaky,MG44420,Antsalova,District,MG44420030,Soahany,Commune,5752,5911,6073,6240,6410,6583,6761,6944,7131,7324
MG,Madagascar,MG44,Melaky,MG44420,Antsalova,District,MG44420050,Masoarivo,Commune,13330,13698,14075,14461,14854,15257,15669,16092,16526,16972
MG,Madagascar,MG44,Melaky,MG44420,Antsalova,District,MG44420070,Trangahy,Commune,7666,7878,8094,8316,8543,8774,9011,9254,9504,9761
MG,Madagascar,MG44,Melaky,MG44420,Antsalova,District,MG44420090,Bekopaka,Commune,10047,10324,10608,10899,11196,11499,11810,12129,12456,12792
MG,Madagascar,MG44,Melaky,MG44421,Maintirano,District,MG44421010,Maintirano,Commune,15774,16209,16655,17112,17578,18054,18542,19042,19556,20084
MG,Madagascar,MG44,Melaky,MG44421,Maintirano,District,MG44421030,Mafaijijo,Commune,4689,4818,4951,5087,5225,5367,5512,5661,5813,5970
MG,Madagascar,MG44,Melaky,MG44421,Maintirano,District,MG44421050,Andabotoka,Commune,6179,6350,6524,6703,6885,7072,7263,7459,7661,7867
MG,Madagascar,MG44,Melaky,MG44421,Maintirano,District,MG44421070,Betanatanana,Commune,8858,9102,9353,9609,9871,10138,10412,10693,10982,11278
MG,Madagascar,MG44,Melaky,MG44421,Maintirano,District,MG44421090,Andrea,Commune,5934,6098,6266,6437,6612,6792,6975,7163,7357,7555
MG,Madagascar,MG44,Melaky,MG44421,Maintirano,District,MG44421110,Ankisatra,Commune,3597,3696,3798,3902,4008,4117,4228,4342,4459,4580
MG,Madagascar,MG44,Melaky,MG44421,Maintirano,District,MG44421130,Marohazo,Commune,6333,6508,6687,6870,7057,7248,7444,7645,7852,8064
MG,Madagascar,MG44,Melaky,MG44421,Maintirano,District,MG44421150,Antsondrodava,Commune,4173,4288,4406,4527,4650,4776,4905,5038,5174,5313
MG,Madagascar,MG44,Melaky,MG44421,Maintirano,District,MG44421170,Belitsaky,Commune,2686,2760,2836,2914,2993,3074,3157,3243,3330,3420
MG,Madagascar,MG44,Melaky,MG44421,Maintirano,District,MG44421191,Tambohorano,Commune,4887,5022,5160,5301,5446,5593,5744,5900,6059,6222
MG,Madagascar,MG44,Melaky,MG44421,Maintirano,District,MG44421192,Veromanga,Commune,5439,5589,5743,5900,6061,6225,6393,6566,6743,6925
MG,Madagascar,MG44,Melaky,MG44421,Maintirano,District,MG44421193,Maromavo,Commune,1863,1914,1967,2021,2076,2132,2190,2249,2310,2372
MG,Madagascar,MG44,Melaky,MG44421,Maintirano,District,MG44421194,Andranovao,Commune,6751,6937,7128,7324,7523,7727,7935,8150,8370,8596
MG,Madagascar,MG44,Melaky,MG44421,Maintirano,District,MG44421210,Antsaidoha Bebao,Commune,6377,6553,6733,6918,7106,7299,7496,7698,7906,8120
MG,Madagascar,MG44,Melaky,MG44421,Maintirano,District,MG44421231,Berevo/ranobe,Commune,6791,6978,7170,7367,7567,7773,7982,8198,8419,8647
MG,Madagascar,MG44,Melaky,MG44421,Maintirano,District,MG44421232,Bebaboky Sud,Commune,7294,7495,7701,7913,8128,8348,8574,8805,9043,9287
MG,Madagascar,MG44,Melaky,MG44421,Maintirano,District,MG44421233,Bemokotra Sud,Commune,4707,4837,4970,5106,5245,5387,5533,5682,5836,5993
MG,Madagascar,MG44,Melaky,MG44422,Morafenobe,District,MG44422010,Morafenobe,Commune,9596,9861,10132,10410,10693,10983,11280,11584,11897,12218
MG,Madagascar,MG44,Melaky,MG44422,Morafenobe,District,MG44422030,Andramy,Commune,6066,6233,6405,6580,6760,6943,7130,7323,7521,7724
MG,Madagascar,MG44,Melaky,MG44422,Morafenobe,District,MG44422050,Beravina,Commune,7410,7615,7824,8038,8257,8481,8710,8945,9187,9435
MG,Madagascar,MG51,Atsimo Andrefana,MG51501,Toliary-I,District,MG51501001,Tanambao I,Commune,19418,19954,20503,21065,21638,22225,22825,23441,24074,24724
MG,Madagascar,MG51,Atsimo Andrefana,MG51501,Toliary-I,District,MG51501002,Tanambao II Tsf Nord,Commune,21213,21798,22398,23012,23638,24279,24935,25608,26299,27010
MG,Madagascar,MG51,Atsimo Andrefana,MG51501,Toliary-I,District,MG51501003,Mahavatse I,Commune,15903,16342,16791,17252,17721,18202,18693,19198,19716,20249
MG,Madagascar,MG51,Atsimo Andrefana,MG51501,Toliary-I,District,MG51501004,Mahavatse II,Commune,33003,33914,34847,35802,36776,37774,38793,39841,40916,42021
MG,Madagascar,MG51,Atsimo Andrefana,MG51501,Toliary-I,District,MG51501005,Betania,Commune,30424,31264,32124,33004,33903,34822,35762,36727,37719,38737
MG,Madagascar,MG51,Atsimo Andrefana,MG51501,Toliary-I,District,MG51501006,Besakoa,Commune,30469,31310,32171,33053,33953,34873,35815,36782,37775,38795
MG,Madagascar,MG51,Atsimo Andrefana,MG51503,Beroroha,District,MG51503011,Beroroha,Commune,9422,9682,9948,10221,10499,10784,11075,11374,11681,11997
MG,Madagascar,MG51,Atsimo Andrefana,MG51503,Beroroha,District,MG51503012,Bemavo,Commune,5363,5511,5663,5818,5976,6138,6304,6474,6649,6828
MG,Madagascar,MG51,Atsimo Andrefana,MG51503,Beroroha,District,MG51503030,Fanjakana,Commune,5334,5481,5632,5786,5944,6105,6270,6439,6613,6792
MG,Madagascar,MG51,Atsimo Andrefana,MG51503,Beroroha,District,MG51503050,Behisatsy,Commune,8560,8796,9038,9286,9539,9797,10062,10334,10613,10899
MG,Madagascar,MG51,Atsimo Andrefana,MG51503,Beroroha,District,MG51503070,Marerano,Commune,7565,7774,7988,8207,8430,8659,8892,9132,9379,9632
MG,Madagascar,MG51,Atsimo Andrefana,MG51504,Morombe,District,MG51504010,Cu Morombe,Commune,17308,17786,18275,18776,19287,19810,20345,20894,21458,22037
MG,Madagascar,MG51,Atsimo Andrefana,MG51504,Morombe,District,MG51504030,Befandefa,Commune,9920,10194,10474,10761,11054,11354,11660,11975,12299,12631
MG,Madagascar,MG51,Atsimo Andrefana,MG51504,Morombe,District,MG51504050,Ambahikily,Commune,28798,29593,30407,31240,32091,32961,33851,34765,35703,36667
MG,Madagascar,MG51,Atsimo Andrefana,MG51504,Morombe,District,MG51504070,Antongo Vaovao,Commune,8633,8871,9115,9365,9620,9881,10148,10422,10703,10992
MG,Madagascar,MG51,Atsimo Andrefana,MG51504,Morombe,District,MG51504090,Nosy Ambositra,Commune,9567,9831,10101,10378,10661,10950,11246,11549,11861,12181
MG,Madagascar,MG51,Atsimo Andrefana,MG51504,Morombe,District,MG51504110,Befandriana Sud,Commune,16532,16988,17456,17934,18422,18922,19433,19957,20496,21049
MG,Madagascar,MG51,Atsimo Andrefana,MG51505,Ankazoabo,District,MG51505012,Fotivolo,Commune,4983,5121,5261,5406,5553,5703,5857,6015,6178,6345
MG,Madagascar,MG51,Atsimo Andrefana,MG51505,Ankazoabo,District,MG51505030,Tandrano,Commune,11368,11682,12003,12332,12668,13011,13363,13723,14094,14474
MG,Madagascar,MG51,Atsimo Andrefana,MG51505,Ankazoabo,District,MG51505050,Andranomafana,Commune,2928,3009,3092,3176,3263,3351,3442,3535,3630,3728
MG,Madagascar,MG51,Atsimo Andrefana,MG51505,Ankazoabo,District,MG51505071,Berenty,Commune,13368,13737,14115,14502,14896,15300,15713,16138,16573,17021
MG,Madagascar,MG51,Atsimo Andrefana,MG51505,Ankazoabo,District,MG51505072,Ilemby,Commune,2570,2641,2714,2788,2864,2941,3021,3102,3186,3272
MG,Madagascar,MG51,Atsimo Andrefana,MG51506,Betioky Atsimo,District,MG51506011,Betioky Atsimo,Commune,15616,16047,16488,16940,17402,17873,18356,18851,19360,19883
MG,Madagascar,MG51,Atsimo Andrefana,MG51506,Betioky Atsimo,District,MG51506012,Sakamasay,Commune,6329,6504,6683,6866,7053,7244,7439,7640,7847,8058
MG,Madagascar,MG51,Atsimo Andrefana,MG51506,Betioky Atsimo,District,MG51506013,Ambatry Mitsinjo,Commune,3033,3117,3202,3290,3380,3471,3565,3661,3760,3862
MG,Madagascar,MG51,Atsimo Andrefana,MG51506,Betioky Atsimo,District,MG51506014,Ankazomanga Ouest,Commune,5473,5624,5779,5937,6099,6264,6433,6607,6785,6969
MG,Madagascar,MG51,Atsimo Andrefana,MG51506,Betioky Atsimo,District,MG51506015,Maroarivo Ankazomanga,Commune,5869,6031,6197,6367,6540,6717,6899,7085,7276,7473
MG,Madagascar,MG51,Atsimo Andrefana,MG51506,Betioky Atsimo,District,MG51506030,Beantake,Commune,7086,7282,7482,7687,7896,8110,8329,8554,8785,9022
MG,Madagascar,MG51,Atsimo Andrefana,MG51506,Betioky Atsimo,District,MG51506050,Masiaboay,Commune,10348,10634,10926,11226,11531,11844,12164,12492,12829,13176
MG,Madagascar,MG51,Atsimo Andrefana,MG51506,Betioky Atsimo,District,MG51506070,Antohabato,Commune,7914,8132,8356,8585,8819,9058,9303,9554,9812,10077
MG,Madagascar,MG51,Atsimo Andrefana,MG51506,Betioky Atsimo,District,MG51506090,Tameantsoa,Commune,6682,6866,7055,7249,7446,7648,7854,8066,8284,8508
MG,Madagascar,MG51,Atsimo Andrefana,MG51506,Betioky Atsimo,District,MG51506111,Tongobory,Commune,7041,7235,7434,7638,7846,8059,8276,8500,8729,8965
MG,Madagascar,MG51,Atsimo Andrefana,MG51506,Betioky Atsimo,District,MG51506112,Besely,Commune,4255,4372,4493,4616,4742,4870,5002,5137,5275,5418
MG,Madagascar,MG51,Atsimo Andrefana,MG51506,Betioky Atsimo,District,MG51506113,Vatolatsaka,Commune,5077,5217,5361,5508,5657,5811,5968,6129,6294,6464
MG,Madagascar,MG51,Atsimo Andrefana,MG51506,Betioky Atsimo,District,MG51506130,Ankazombalala,Commune,13932,14317,14710,15114,15525,15946,16376,16819,17273,17739
MG,Madagascar,MG51,Atsimo Andrefana,MG51506,Betioky Atsimo,District,MG51506150,Bezaha,Commune,15653,16085,16527,16981,17443,17916,18399,18896,19406,19930
MG,Madagascar,MG51,Atsimo Andrefana,MG51506,Betioky Atsimo,District,MG51506170,Manalobe,Commune,4635,4763,4894,5028,5165,5305,5448,5595,5746,5902
MG,Madagascar,MG51,Atsimo Andrefana,MG51506,Betioky Atsimo,District,MG51506191,Andranomangatsiaka,Commune,6337,6512,6691,6874,7062,7253,7449,7650,7856,8069
MG,Madagascar,MG51,Atsimo Andrefana,MG51507,Ampanihy Ouest,District,MG51507030,Ankiliabo,Commune,10981,11284,11594,11912,12237,12568,12908,13256,13614,13982
MG,Madagascar,MG51,Atsimo Andrefana,MG51507,Ampanihy Ouest,District,MG51507050,Amborompotsy,Commune,14630,15034,15447,15871,16303,16745,17197,17661,18138,18628
MG,Madagascar,MG51,Atsimo Andrefana,MG51507,Ampanihy Ouest,District,MG51507070,Ankilizato,Commune,7810,8026,8246,8472,8703,8939,9180,9428,9683,9944
MG,Madagascar,MG51,Atsimo Andrefana,MG51506,Betioky Atsimo,District,MG51506192,Ankilivalo,Commune,5075,5215,5359,5505,5655,5809,5965,6126,6292,6462
MG,Madagascar,MG51,Atsimo Andrefana,MG51506,Betioky Atsimo,District,MG51506210,Soamanonga,Commune,9844,10116,10394,10679,10970,11267,11571,11884,12204,12534
MG,Madagascar,MG51,Atsimo Andrefana,MG51506,Betioky Atsimo,District,MG51506230,Fenoandala,Commune,5179,5322,5468,5618,5771,5928,6088,6252,6421,6594
MG,Madagascar,MG51,Atsimo Andrefana,MG51506,Betioky Atsimo,District,MG51506251,Soaserana,Commune,3758,3862,3968,4077,4188,4301,4417,4537,4659,4785
MG,Madagascar,MG51,Atsimo Andrefana,MG51506,Betioky Atsimo,District,MG51506252,Marosavoa,Commune,2945,3026,3110,3195,3282,3371,3462,3555,3651,3750
MG,Madagascar,MG51,Atsimo Andrefana,MG51506,Betioky Atsimo,District,MG51506270,Salobe,Commune,5505,5657,5813,5972,6134,6301,6471,6646,6825,7009
MG,Madagascar,MG51,Atsimo Andrefana,MG51506,Betioky Atsimo,District,MG51506290,Tanambao Haut,Commune,5528,5681,5837,5997,6160,6327,6498,6673,6854,7039
MG,Madagascar,MG51,Atsimo Andrefana,MG51506,Betioky Atsimo,District,MG51506311,Belamoty,Commune,9352,9610,9874,10145,10421,10704,10993,11290,11594,11907
MG,Madagascar,MG51,Atsimo Andrefana,MG51506,Betioky Atsimo,District,MG51506312,Antsavoa,Commune,1742,1790,1839,1890,1941,1994,2048,2103,2160,2218
MG,Madagascar,MG51,Atsimo Andrefana,MG51506,Betioky Atsimo,District,MG51506313,Montifeno,Commune,2606,2678,2752,2827,2904,2983,3063,3146,3231,3318
MG,Madagascar,MG51,Atsimo Andrefana,MG51506,Betioky Atsimo,District,MG51506330,Lazarivo,Commune,20290,20850,21424,22011,22610,23223,23850,24494,25155,25834
MG,Madagascar,MG51,Atsimo Andrefana,MG51507,Ampanihy Ouest,District,MG51507010,Ampanihy Ouest,Commune,26292,27018,27761,28522,29298,30093,30905,31739,32596,33476
MG,Madagascar,MG51,Atsimo Andrefana,MG51507,Ampanihy Ouest,District,MG51507090,Maniry,Commune,8933,9180,9432,9691,9954,10224,10500,10784,11075,11374
MG,Madagascar,MG51,Atsimo Andrefana,MG51507,Ampanihy Ouest,District,MG51507110,Antaly,Commune,12028,12360,12700,13048,13403,13767,14138,14520,14912,15315
MG,Madagascar,MG51,Atsimo Andrefana,MG51507,Ampanihy Ouest,District,MG51507130,Ankilimivory,Commune,9224,9479,9739,10006,10279,10557,10842,11135,11436,11744
MG,Madagascar,MG51,Atsimo Andrefana,MG51507,Ampanihy Ouest,District,MG51507150,Ejeda,Commune,35304,36278,37276,38298,39341,40407,41498,42619,43769,44951
MG,Madagascar,MG51,Atsimo Andrefana,MG51507,Ampanihy Ouest,District,MG51507170,Belafike Haut,Commune,9917,10191,10471,10758,11051,11351,11657,11972,12295,12627
MG,Madagascar,MG51,Atsimo Andrefana,MG51507,Ampanihy Ouest,District,MG51507190,Beahitse,Commune,18900,19422,19956,20503,21061,21632,22216,22816,23432,24064
MG,Madagascar,MG51,Atsimo Andrefana,MG51507,Ampanihy Ouest,District,MG51507210,Gogogogo,Commune,15723,16157,16601,17056,17521,17996,18482,18981,19493,20019
MG,Madagascar,MG51,Atsimo Andrefana,MG51507,Ampanihy Ouest,District,MG51507230,Androka,Commune,26977,27722,28484,29265,30061,30877,31710,32566,33446,34349
MG,Madagascar,MG51,Atsimo Andrefana,MG51507,Ampanihy Ouest,District,MG51507250,Vohitany,Commune,10326,10611,10903,11202,11507,11819,12138,12465,12802,13148
MG,Madagascar,MG51,Atsimo Andrefana,MG51507,Ampanihy Ouest,District,MG51507270,Beroy Atsimo,Commune,8039,8261,8488,8721,8958,9201,9449,9705,9967,10236
MG,Madagascar,MG51,Atsimo Andrefana,MG51507,Ampanihy Ouest,District,MG51507290,Fotadrevo,Commune,38933,40008,41108,42235,43385,44561,45764,46999,48268,49572
MG,Madagascar,MG51,Atsimo Andrefana,MG51507,Ampanihy Ouest,District,MG51507310,Itampolo,Commune,43727,44934,46170,47436,48727,50048,51399,52787,54212,55676
MG,Madagascar,MG51,Atsimo Andrefana,MG51512,Sakaraha,District,MG51512011,Sakaraha,Commune,31239,32101,32984,33888,34811,35755,36720,37711,38730,39775
MG,Madagascar,MG51,Atsimo Andrefana,MG51512,Sakaraha,District,MG51512012,Miary Taheza,Commune,8368,8599,8835,9078,9325,9578,9836,10102,10374,10655
MG,Madagascar,MG51,Atsimo Andrefana,MG51512,Sakaraha,District,MG51512030,Miary Lamatihy,Commune,6988,7181,7378,7581,7787,7998,8214,8436,8664,8897
MG,Madagascar,MG51,Atsimo Andrefana,MG51512,Sakaraha,District,MG51512050,Mahaboboka,Commune,8438,8671,8909,9154,9403,9658,9918,10186,10461,10744
MG,Madagascar,MG51,Atsimo Andrefana,MG51512,Sakaraha,District,MG51512070,Amboronabo,Commune,6693,6878,7067,7261,7458,7660,7867,8080,8298,8522
MG,Madagascar,MG51,Atsimo Andrefana,MG51512,Sakaraha,District,MG51512090,Bereketa,Commune,8093,8316,8545,8779,9018,9263,9513,9770,10034,10304
MG,Madagascar,MG51,Atsimo Andrefana,MG51512,Sakaraha,District,MG51512111,Andamasiny Vineta,Commune,5814,5974,6139,6307,6479,6654,6834,7019,7208,7403
MG,Madagascar,MG51,Atsimo Andrefana,MG51512,Sakaraha,District,MG51512112,Mihavatsy,Commune,2863,2942,3023,3106,3190,3277,3365,3456,3549,3645
MG,Madagascar,MG51,Atsimo Andrefana,MG51512,Sakaraha,District,MG51512130,Andranolava,Commune,9145,9397,9656,9921,10191,10467,10750,11040,11338,11644
MG,Madagascar,MG51,Atsimo Andrefana,MG51512,Sakaraha,District,MG51512150,Ambinany,Commune,13098,13460,13830,14209,14596,14991,15396,15812,16239,16677
MG,Madagascar,MG51,Atsimo Andrefana,MG51512,Sakaraha,District,MG51512171,Mikoboka,Commune,4372,4493,4616,4743,4872,5004,5139,5278,5420,5567
MG,Madagascar,MG51,Atsimo Andrefana,MG51512,Sakaraha,District,MG51512172,Mitsinjo,Commune,3438,3533,3630,3730,3831,3935,4041,4150,4262,4377
MG,Madagascar,MG51,Atsimo Andrefana,MG51520,Toliary-II,District,MG51520010,Mitsinjo Betanimena,Commune,17097,17569,18052,18547,19052,19568,20097,20639,21197,21769
MG,Madagascar,MG51,Atsimo Andrefana,MG51520,Toliary-II,District,MG51520030,Belalanda,Commune,15183,15602,16031,16471,16919,17378,17847,18329,18824,19332
MG,Madagascar,MG51,Atsimo Andrefana,MG51520,Toliary-II,District,MG51520050,Betsinjaka,Commune,10572,10864,11163,11469,11781,12100,12427,12762,13107,13461
MG,Madagascar,MG51,Atsimo Andrefana,MG51520,Toliary-II,District,MG51520071,Miary Ambohibola,Commune,6578,6760,6945,7136,7330,7529,7732,7941,8155,8375
MG,Madagascar,MG51,Atsimo Andrefana,MG51520,Toliary-II,District,MG51520072,Behompy,Commune,5611,5766,5924,6087,6253,6422,6595,6774,6956,7144
MG,Madagascar,MG51,Atsimo Andrefana,MG51520,Toliary-II,District,MG51520090,Maromiandra,Commune,9382,9641,9906,10178,10455,10738,11028,11326,11632,11946
MG,Madagascar,MG51,Atsimo Andrefana,MG51520,Toliary-II,District,MG51520111,Ambohimahavelona,Commune,10268,10551,10842,11139,11442,11752,12070,12395,12730,13074
MG,Madagascar,MG51,Atsimo Andrefana,MG51520,Toliary-II,District,MG51520112,Andranohinaly,Commune,6626,6809,6996,7188,7384,7584,7789,7999,8215,8437
MG,Madagascar,MG51,Atsimo Andrefana,MG51520,Toliary-II,District,MG51520131,Saint Augustin,Commune,11978,12309,12647,12994,13348,13709,14080,14460,14850,15251
MG,Madagascar,MG51,Atsimo Andrefana,MG51520,Toliary-II,District,MG51520132,Anakao,Commune,6468,6647,6829,7017,7208,7403,7603,7808,8019,8235
MG,Madagascar,MG51,Atsimo Andrefana,MG51520,Toliary-II,District,MG51520133,Soalara Sud,Commune,7123,7320,7521,7727,7937,8153,8373,8599,8831,9069
MG,Madagascar,MG51,Atsimo Andrefana,MG51520,Toliary-II,District,MG51520150,Ambolofoty,Commune,4717,4847,4981,5117,5256,5399,5545,5694,5848,6006
MG,Madagascar,MG51,Atsimo Andrefana,MG51520,Toliary-II,District,MG51520170,Ankilimalinike,Commune,7658,7869,8086,8307,8534,8765,9002,9245,9494,9751
MG,Madagascar,MG51,Atsimo Andrefana,MG51520,Toliary-II,District,MG51520191,Antanimena Onilahy,Commune,3485,3581,3680,3781,3883,3989,4096,4207,4321,4437
MG,Madagascar,MG51,Atsimo Andrefana,MG51520,Toliary-II,District,MG51520192,Manorofify,Commune,7977,8197,8423,8654,8889,9130,9377,9630,9890,10157
MG,Madagascar,MG51,Atsimo Andrefana,MG51520,Toliary-II,District,MG51520210,Marofoty,Commune,9743,10012,10287,10569,10857,11151,11452,11762,12079,12405
MG,Madagascar,MG51,Atsimo Andrefana,MG51520,Toliary-II,District,MG51520230,Tsianisiha,Commune,10983,11286,11597,11914,12239,12571,12910,13259,13617,13984
MG,Madagascar,MG51,Atsimo Andrefana,MG51520,Toliary-II,District,MG51520250,Manombo Sud,Commune,14111,14500,14899,15308,15724,16151,16587,17035,17495,17967
MG,Madagascar,MG51,Atsimo Andrefana,MG51520,Toliary-II,District,MG51520270,Andranovory,Commune,15190,15609,16039,16478,16927,17386,17855,18337,18832,19341
MG,Madagascar,MG51,Atsimo Andrefana,MG51520,Toliary-II,District,MG51520290,Milenaka,Commune,13855,14237,14629,15030,15439,15858,16286,16726,17177,17641
MG,Madagascar,MG51,Atsimo Andrefana,MG51520,Toliary-II,District,MG51520310,Ankililoaka,Commune,26820,27560,28318,29095,29887,30697,31526,32377,33251,34149
MG,Madagascar,MG51,Atsimo Andrefana,MG51520,Toliary-II,District,MG51520330,Analamisampy,Commune,20043,20596,21163,21743,22335,22940,23560,24196,24849,25520
MG,Madagascar,MG51,Atsimo Andrefana,MG51520,Toliary-II,District,MG51520358,Beheloka,Commune,12242,12580,12926,13280,13642,14012,14390,14778,15177,15587
MG,Madagascar,MG51,Atsimo Andrefana,MG51521,Benenitra,District,MG51521010,Benenitra,Commune,10876,11176,11484,11798,12120,12448,12784,13129,13484,13848
MG,Madagascar,MG51,Atsimo Andrefana,MG51521,Benenitra,District,MG51521031,Ianapera,Commune,12514,12859,13213,13575,13945,14323,14710,15107,15515,15933
MG,Madagascar,MG51,Atsimo Andrefana,MG51521,Benenitra,District,MG51521032,Ambalavato,Commune,7442,7647,7858,8073,8293,8518,8748,8984,9226,9476
MG,Madagascar,MG51,Atsimo Andrefana,MG51521,Benenitra,District,MG51521050,Ehara,Commune,6333,6508,6687,6870,7057,7248,7444,7645,7852,8064
MG,Madagascar,MG52,Androy,MG52513,Beloha,District,MG52513010,Beloha,Commune,28005,28778,29570,30380,31207,32053,32919,33807,34720,35657
MG,Madagascar,MG52,Androy,MG52513,Beloha,District,MG52513030,Tranovaho,Commune,18417,18925,19446,19979,20523,21079,21648,22233,22833,23450
MG,Madagascar,MG52,Androy,MG52513,Beloha,District,MG52513050,Kopoky,Commune,13792,14173,14563,14962,15369,15786,16212,16650,17099,17561
MG,Madagascar,MG52,Androy,MG52513,Beloha,District,MG52513070,Marolinta,Commune,14611,15014,15427,15850,16282,16723,17175,17638,18114,18604
MG,Madagascar,MG52,Androy,MG52513,Beloha,District,MG52513091,Tranoroa,Commune,25677,26386,27111,27855,28613,29389,30182,30997,31834,32693
MG,Madagascar,MG52,Androy,MG52513,Beloha,District,MG52513092,Behabobo,Commune,4477,4601,4727,4857,4989,5124,5262,5405,5550,5700
MG,Madagascar,MG52,Androy,MG52514,Tsihombe,District,MG52514011,Tsihombe,Commune,30664,31510,32377,33265,34170,35096,36044,37017,38017,39043
MG,Madagascar,MG52,Androy,MG52514,Tsihombe,District,MG52514012,Nikoly,Commune,12857,13212,13575,13947,14327,14715,15113,15521,15940,16370
MG,Madagascar,MG52,Androy,MG52514,Tsihombe,District,MG52514031,Betanty (Faux Cap),Commune,12593,12941,13297,13661,14033,14413,14802,15202,15613,16034
MG,Madagascar,MG52,Androy,MG52514,Tsihombe,District,MG52514032,Anjampaly,Commune,11050,11355,11667,11987,12313,12647,12989,13339,13700,14069
MG,Madagascar,MG52,Androy,MG52514,Tsihombe,District,MG52514050,Marovato,Commune,12657,13006,13364,13730,14104,14487,14878,15279,15692,16116
MG,Madagascar,MG52,Androy,MG52514,Tsihombe,District,MG52514071,Antaritarika,Commune,14764,15171,15589,16016,16452,16898,17354,17823,18304,18798
MG,Madagascar,MG52,Androy,MG52514,Tsihombe,District,MG52514072,Imongy,Commune,11148,11456,11771,12093,12423,12759,13104,13458,13821,14194
MG,Madagascar,MG52,Androy,MG52516,Ambovombe-Androy,District,MG52516011,Ambovombe,Commune,61737,63441,65186,66973,68796,70661,72569,74528,76540,78607
MG,Madagascar,MG52,Androy,MG52516,Ambovombe-Androy,District,MG52516012,Tsimananada,Commune,6672,6856,7045,7238,7435,7636,7843,8054,8272,8495
MG,Madagascar,MG52,Androy,MG52516,Ambovombe-Androy,District,MG52516013,Erada,Commune,11122,11429,11743,12065,12394,12730,13073,13426,13789,14161
MG,Madagascar,MG52,Androy,MG52516,Ambovombe-Androy,District,MG52516014,Anjeky Ankilikira,Commune,15050,15465,15891,16326,16771,17225,17691,18168,18659,19162
MG,Madagascar,MG52,Androy,MG52516,Ambovombe-Androy,District,MG52516031,Ambanisarika,Commune,9742,10011,10286,10568,10856,11150,11451,11760,12078,12404
MG,Madagascar,MG52,Androy,MG52516,Ambovombe-Androy,District,MG52516032,Analamary,Commune,9201,9455,9715,9981,10253,10531,10815,11107,11407,11715
MG,Madagascar,MG52,Androy,MG52516,Ambovombe-Androy,District,MG52516033,Ambohimalaza,Commune,8010,8231,8457,8689,8926,9168,9415,9670,9931,10199
MG,Madagascar,MG52,Androy,MG52516,Ambovombe-Androy,District,MG52516050,Ambonaivo,Commune,9436,9696,9963,10236,10515,10800,11092,11391,11699,12014
MG,Madagascar,MG52,Androy,MG52516,Ambovombe-Androy,District,MG52516071,Maroalomainty,Commune,14292,14686,15090,15504,15926,16358,16800,17253,17719,18197
MG,Madagascar,MG52,Androy,MG52516,Ambovombe-Androy,District,MG52516072,Maroalopoty,Commune,22072,22681,23305,23944,24596,25263,25945,26645,27364,28103
MG,Madagascar,MG52,Androy,MG52516,Ambovombe-Androy,District,MG52516091,Ambondro,Commune,16417,16870,17334,17809,18294,18790,19297,19818,20353,20903
MG,Madagascar,MG52,Androy,MG52516,Ambovombe-Androy,District,MG52516092,Ambazoa,Commune,13230,13595,13969,14352,14743,15142,15551,15971,16402,16845
MG,Madagascar,MG52,Androy,MG52516,Ambovombe-Androy,District,MG52516111,Sihanamaro,Commune,23061,23697,24349,25017,25698,26394,27107,27839,28591,29362
MG,Madagascar,MG52,Androy,MG52516,Ambovombe-Androy,District,MG52516112,Marovato Befeno,Commune,9976,10251,10533,10822,11117,11418,11726,12043,12368,12702
MG,Madagascar,MG52,Androy,MG52516,Ambovombe-Androy,District,MG52516130,Antanimora Atsimo,Commune,24214,24882,25567,26268,26983,27714,28462,29231,30020,30831
MG,Madagascar,MG52,Androy,MG52516,Ambovombe-Androy,District,MG52516151,Andalatanosy,Commune,27168,27918,28686,29472,30274,31095,31935,32797,33682,34592
MG,Madagascar,MG52,Androy,MG52516,Ambovombe-Androy,District,MG52516152,Ampamata,Commune,6843,7032,7225,7423,7625,7832,8044,8261,8484,8713
MG,Madagascar,MG52,Androy,MG52516,Ambovombe-Androy,District,MG52516170,Jafaro,Commune,31531,32401,33293,34205,35136,36089,37063,38064,39092,40147
MG,Madagascar,MG52,Androy,MG52516,Ambovombe-Androy,District,MG52516190,Imanombo,Commune,15889,16328,16777,17237,17706,18186,18677,19181,19699,20231
MG,Madagascar,MG52,Androy,MG52518,Bekily,District,MG52518010,Morafeno Bekily,Commune,11426,11741,12064,12395,12732,13078,13431,13793,14166,14548
MG,Madagascar,MG52,Androy,MG52518,Bekily,District,MG52518031,Ankaranabo Nord,Commune,5675,5832,5992,6156,6324,6495,6671,6851,7036,7226
MG,Madagascar,MG52,Androy,MG52518,Bekily,District,MG52518032,Besakoa,Commune,2904,2984,3066,3150,3236,3324,3414,3506,3600,3698
MG,Madagascar,MG52,Androy,MG52518,Bekily,District,MG52518050,Anja Nord,Commune,2877,2956,3038,3121,3206,3293,3382,3473,3567,3663
MG,Madagascar,MG52,Androy,MG52518,Bekily,District,MG52518070,Antsakoamaro,Commune,4885,5020,5158,5299,5444,5591,5742,5897,6056,6220
MG,Madagascar,MG52,Androy,MG52518,Bekily,District,MG52518091,Ambatosola,Commune,6735,6921,7111,7306,7505,7709,7917,8130,8350,8575
MG,Madagascar,MG52,Androy,MG52518,Bekily,District,MG52518092,Tsirandrany,Commune,3932,4041,4152,4265,4382,4500,4622,4747,4875,5006
MG,Madagascar,MG52,Androy,MG52518,Bekily,District,MG52518110,Tsikolaky,Commune,3713,3815,3920,4028,4138,4250,4364,4482,4603,4728
MG,Madagascar,MG52,Androy,MG52518,Bekily,District,MG52518130,Manakompy,Commune,5444,5594,5748,5906,6066,6231,6399,6572,6749,6932
MG,Madagascar,MG52,Androy,MG52518,Bekily,District,MG52518151,Ambahita,Commune,15178,15597,16026,16465,16913,17372,17841,18323,18817,19325
MG,Madagascar,MG52,Androy,MG52518,Bekily,District,MG52518152,Maroviro,Commune,7624,7834,8050,8271,8496,8726,8962,9204,9452,9707
MG,Madagascar,MG52,Androy,MG52518,Bekily,District,MG52518170,Belindo Mahasoa,Commune,12463,12807,13159,13520,13888,14265,14650,15045,15451,15869
MG,Madagascar,MG52,Androy,MG52518,Bekily,District,MG52518190,Beteza,Commune,9547,9810,10080,10357,10639,10927,11222,11525,11836,12156
MG,Madagascar,MG52,Androy,MG52518,Bekily,District,MG52518210,Tanandava,Commune,12631,12980,13337,13702,14075,14457,14847,15248,15660,16082
MG,Madagascar,MG52,Androy,MG52518,Bekily,District,MG52518230,Bekitro,Commune,21322,21910,22513,23130,23760,24404,25063,25740,26435,27148
MG,Madagascar,MG52,Androy,MG52518,Bekily,District,MG52518251,Beraketa,Commune,16009,16451,16903,17367,17839,18323,18818,19326,19848,20384
MG,Madagascar,MG52,Androy,MG52518,Bekily,District,MG52518252,Vohimanga,Commune,5788,5948,6111,6279,6450,6625,6804,6987,7176,7370
MG,Madagascar,MG52,Androy,MG52518,Bekily,District,MG52518270,Bevitiky,Commune,6548,6729,6914,7103,7297,7495,7697,7905,8118,8337
MG,Madagascar,MG52,Androy,MG52518,Bekily,District,MG52518290,Anivorano Mitsinjo,Commune,3448,3543,3641,3740,3842,3946,4053,4162,4275,4390
MG,Madagascar,MG53,Anosy,MG53515,Taolagnaro,District,MG53515010,Fort-Dauphin,Commune,61008,62692,64416,66182,67984,69827,71712,73648,75637,77679
MG,Madagascar,MG53,Anosy,MG53515,Taolagnaro,District,MG53515031,Ampasy Nahampoana,Commune,4534,4659,4787,4919,5052,5189,5329,5473,5621,5773
MG,Madagascar,MG53,Anosy,MG53515,Taolagnaro,District,MG53515032,Mandromondromotra,Commune,3515,3612,3711,3813,3917,4023,4132,4243,4358,4475
MG,Madagascar,MG53,Anosy,MG53515,Taolagnaro,District,MG53515033,Soanierana,Commune,6678,6862,7051,7244,7442,7643,7850,8062,8279,8503
MG,Madagascar,MG53,Anosy,MG53515,Taolagnaro,District,MG53515051,Ifarantsa,Commune,9091,9342,9599,9862,10130,10405,10686,10975,11271,11575
MG,Madagascar,MG53,Anosy,MG53515,Taolagnaro,District,MG53515052,Isaka-Ivondro,Commune,7626,7836,8052,8273,8498,8728,8964,9206,9455,9710
MG,Madagascar,MG53,Anosy,MG53515,Taolagnaro,District,MG53515053,Mandiso,Commune,5661,5817,5977,6141,6308,6479,6654,6834,7018,7208
MG,Madagascar,MG53,Anosy,MG53515,Taolagnaro,District,MG53515071,Manambaro,Commune,14200,14592,14993,15404,15824,16253,16691,17142,17605,18080
MG,Madagascar,MG53,Anosy,MG53515,Taolagnaro,District,MG53515072,Sarisambo,Commune,6796,6984,7176,7372,7573,7778,7988,8204,8426,8653
MG,Madagascar,MG53,Anosy,MG53515,Taolagnaro,District,MG53515090,Ankaramena,Commune,11954,12284,12622,12968,13321,13682,14051,14431,14820,15220
MG,Madagascar,MG53,Anosy,MG53515,Taolagnaro,District,MG53515111,Ranopiso,Commune,10727,11023,11326,11637,11954,12278,12609,12950,13299,13658
MG,Madagascar,MG53,Anosy,MG53515,Taolagnaro,District,MG53515112,Ambatoabo,Commune,6520,6700,6884,7073,7265,7462,7664,7871,8083,8302
MG,Madagascar,MG53,Anosy,MG53515,Taolagnaro,District,MG53515113,Ankariera,Commune,3847,3953,4062,4173,4287,4403,4522,4644,4769,4898
MG,Madagascar,MG53,Anosy,MG53515,Taolagnaro,District,MG53515114,Analapatsy,Commune,9158,9411,9670,9935,10205,10482,10765,11055,11354,11660
MG,Madagascar,MG53,Anosy,MG53515,Taolagnaro,District,MG53515115,Andranobory,Commune,8256,8484,8717,8956,9200,9449,9705,9967,10236,10512
MG,Madagascar,MG53,Anosy,MG53515,Taolagnaro,District,MG53515131,Mahatalaky,Commune,20397,20960,21537,22127,22729,23345,23976,24623,25288,25971
MG,Madagascar,MG53,Anosy,MG53515,Taolagnaro,District,MG53515132,Iaboakoho,Commune,3483,3579,3678,3778,3881,3986,4094,4205,4318,4435
MG,Madagascar,MG53,Anosy,MG53515,Taolagnaro,District,MG53515151,Enaniliha,Commune,4555,4681,4809,4941,5076,5213,5354,5499,5647,5800
MG,Madagascar,MG53,Anosy,MG53515,Taolagnaro,District,MG53515152,Fenoevo-Efita,Commune,3578,3677,3778,3881,3987,4095,4206,4319,4436,4556
MG,Madagascar,MG53,Anosy,MG53515,Taolagnaro,District,MG53515170,Enakara-Haut,Commune,5464,5615,5769,5927,6089,6254,6423,6596,6774,6957
MG,Madagascar,MG53,Anosy,MG53515,Taolagnaro,District,MG53515191,Ranomafana,Commune,9050,9300,9556,9818,10085,10358,10638,10925,11220,11523
MG,Madagascar,MG53,Anosy,MG53515,Taolagnaro,District,MG53515192,Emagnobo,Commune,7004,7197,7395,7598,7805,8016,8233,8455,8683,8918
MG,Madagascar,MG53,Anosy,MG53515,Taolagnaro,District,MG53515210,Bevoay,Commune,8570,8807,9049,9297,9550,9809,10074,10346,10625,10912
MG,Madagascar,MG53,Anosy,MG53515,Taolagnaro,District,MG53515230,Ampasimena,Commune,12515,12860,13214,13576,13946,14324,14711,15108,15516,15935
MG,Madagascar,MG53,Anosy,MG53515,Taolagnaro,District,MG53515251,Manantenina,Commune,9454,9715,9982,10256,10535,10821,11113,11413,11721,12037
MG,Madagascar,MG53,Anosy,MG53515,Taolagnaro,District,MG53515252,Analamary,Commune,2405,2471,2539,2609,2680,2753,2827,2903,2982,3062
MG,Madagascar,MG53,Anosy,MG53515,Taolagnaro,District,MG53515253,Soavary,Commune,4938,5074,5214,5357,5503,5652,5804,5961,6122,6287
MG,Madagascar,MG53,Anosy,MG53517,Betroka,District,MG53517010,Betroka,Commune,29427,30239,31071,31923,32792,33681,34590,35524,36483,37468
MG,Madagascar,MG53,Anosy,MG53517,Betroka,District,MG53517030,Tsaraitso,Commune,5438,5588,5742,5899,6060,6224,6392,6565,6742,6924
MG,Madagascar,MG53,Anosy,MG53517,Betroka,District,MG53517050,Naninora,Commune,2699,2773,2850,2928,3008,3089,3173,3258,3346,3437
MG,Madagascar,MG53,Anosy,MG53517,Betroka,District,MG53517070,Ambalasoa,Commune,6092,6260,6432,6609,6789,6973,7161,7354,7553,7757
MG,Madagascar,MG53,Anosy,MG53517,Betroka,District,MG53517090,Ivahona,Commune,4913,5049,5187,5330,5475,5623,5775,5931,6091,6255
MG,Madagascar,MG53,Anosy,MG53517,Betroka,District,MG53517110,Analamary,Commune,7537,7745,7958,8176,8399,8626,8859,9099,9344,9597
MG,Madagascar,MG53,Anosy,MG53517,Betroka,District,MG53517130,Ianabinda,Commune,9857,10129,10408,10693,10984,11282,11586,11899,12221,12550
MG,Madagascar,MG53,Anosy,MG53517,Betroka,District,MG53517150,Benato Toby,Commune,8847,9091,9341,9597,9859,10126,10399,10680,10968,11264
MG,Madagascar,MG53,Anosy,MG53517,Betroka,District,MG53517170,Mahabo,Commune,13735,14114,14502,14900,15305,15720,16145,16581,17028,17488
MG,Madagascar,MG53,Anosy,MG53517,Betroka,District,MG53517190,Beampombo I,Commune,7575,7784,7998,8217,8441,8670,8904,9144,9391,9645
MG,Madagascar,MG53,Anosy,MG53517,Betroka,District,MG53517210,Jangany,Commune,13235,13600,13974,14357,14748,15148,15557,15977,16408,16852
MG,Madagascar,MG53,Anosy,MG53517,Betroka,District,MG53517230,Mahasoa Est,Commune,7527,7735,7948,8165,8388,8615,8848,9087,9332,9584
MG,Madagascar,MG53,Anosy,MG53517,Betroka,District,MG53517250,Bekorobo,Commune,8712,8952,9199,9451,9708,9971,10241,10517,10801,11093
MG,Madagascar,MG53,Anosy,MG53517,Betroka,District,MG53517270,Iaborotra,Commune,4385,4506,4630,4757,4886,5019,5154,5294,5436,5583
MG,Madagascar,MG53,Anosy,MG53517,Betroka,District,MG53517291,Isoanala,Commune,18293,18798,19315,19844,20385,20937,21503,22083,22679,23292
MG,Madagascar,MG53,Anosy,MG53517,Betroka,District,MG53517292,Beampombo II,Commune,5628,5783,5942,6105,6271,6442,6615,6794,6977,7166
MG,Madagascar,MG53,Anosy,MG53517,Betroka,District,MG53517293,Nanarena Besakoa,Commune,3395,3489,3585,3683,3783,3886,3991,4098,4209,4323
MG,Madagascar,MG53,Anosy,MG53517,Betroka,District,MG53517310,Ianakafy,Commune,10328,10613,10905,11204,11509,11821,12140,12468,12804,13150
MG,Madagascar,MG53,Anosy,MG53517,Betroka,District,MG53517331,Andriandampy,Commune,4177,4292,4410,4531,4655,4781,4910,5042,5179,5318
MG,Madagascar,MG53,Anosy,MG53517,Betroka,District,MG53517332,Sakamahily,Commune,4717,4847,4981,5117,5256,5399,5545,5694,5848,6006
MG,Madagascar,MG53,Anosy,MG53517,Betroka,District,MG53517350,Ambatomivary,Commune,6672,6856,7045,7238,7435,7636,7843,8054,8272,8495
MG,Madagascar,MG53,Anosy,MG53519,Amboasary-Atsimo,District,MG53519010,Amboasary Atsimo,Commune,28386,29169,29972,30793,31632,32489,33366,34267,35192,36143
MG,Madagascar,MG53,Anosy,MG53519,Amboasary-Atsimo,District,MG53519030,Behara,Commune,17318,17796,18285,18787,19298,19821,20356,20906,21471,22050
MG,Madagascar,MG53,Anosy,MG53519,Amboasary-Atsimo,District,MG53519050,Tanandava Sud,Commune,14484,14884,15293,15712,16140,16578,17025,17485,17957,18442
MG,Madagascar,MG53,Anosy,MG53519,Amboasary-Atsimo,District,MG53519070,Sampona,Commune,13185,13549,13922,14303,14693,15091,15498,15917,16347,16788
MG,Madagascar,MG53,Anosy,MG53519,Amboasary-Atsimo,District,MG53519090,Ifotaka,Commune,19939,20489,21053,21630,22219,22821,23437,24070,24720,25387
MG,Madagascar,MG53,Anosy,MG53519,Amboasary-Atsimo,District,MG53519110,Tranomaro,Commune,14441,14840,15248,15666,16092,16528,16975,17433,17904,18387
MG,Madagascar,MG53,Anosy,MG53519,Amboasary-Atsimo,District,MG53519130,Maromby,Commune,8539,8775,9016,9263,9515,9773,10037,10308,10586,10872
MG,Madagascar,MG53,Anosy,MG53519,Amboasary-Atsimo,District,MG53519150,Elonty,Commune,10086,10364,10649,10941,11239,11544,11856,12176,12504,12842
MG,Madagascar,MG53,Anosy,MG53519,Amboasary-Atsimo,District,MG53519170,Esira,Commune,9440,9701,9967,10241,10519,10805,11096,11396,11704,12020
MG,Madagascar,MG53,Anosy,MG53519,Amboasary-Atsimo,District,MG53519190,Mahaly,Commune,13691,14069,14456,14852,15256,15670,16093,16528,16974,17432
MG,Madagascar,MG53,Anosy,MG53519,Amboasary-Atsimo,District,MG53519210,Manevy,Commune,8313,8542,8777,9018,9263,9515,9772,10035,10306,10585
MG,Madagascar,MG53,Anosy,MG53519,Amboasary-Atsimo,District,MG53519230,Tsivory,Commune,13248,13614,13988,14372,14763,15163,15572,15993,16425,16868
MG,Madagascar,MG53,Anosy,MG53519,Amboasary-Atsimo,District,MG53519250,Marotsiraka,Commune,10968,11271,11581,11898,12222,12553,12892,13240,13598,13965
MG,Madagascar,MG53,Anosy,MG53519,Amboasary-Atsimo,District,MG53519270,Tomboarivo,Commune,2641,2714,2789,2865,2943,3023,3104,3188,3274,3363
MG,Madagascar,MG53,Anosy,MG53519,Amboasary-Atsimo,District,MG53519291,Ebelo,Commune,10065,10343,10627,10919,11216,11520,11831,12150,12478,12815
MG,Madagascar,MG53,Anosy,MG53519,Amboasary-Atsimo,District,MG53519292,Ranobe,Commune,5968,6133,6301,6474,6650,6831,7015,7204,7399,7599
MG,Madagascar,MG54,Menabe,MG54502,Manja,District,MG54502010,Manja,Commune,13642,14019,14404,14799,15202,15614,16036,16468,16913,17370
MG,Madagascar,MG54,Menabe,MG54502,Manja,District,MG54502030,Beharona,Commune,14890,15301,15722,16153,16592,17042,17502,17975,18460,18959
MG,Madagascar,MG54,Menabe,MG54502,Manja,District,MG54502050,Anontsibe Centre,Commune,6775,6962,7153,7350,7550,7754,7964,8179,8400,8626
MG,Madagascar,MG54,Menabe,MG54502,Manja,District,MG54502070,Soaserana,Commune,6420,6597,6779,6964,7154,7348,7546,7750,7959,8174
MG,Madagascar,MG54,Menabe,MG54502,Manja,District,MG54502090,Ankiliabo,Commune,18697,19213,19742,20283,20835,21400,21977,22571,23180,23806
MG,Madagascar,MG54,Menabe,MG54502,Manja,District,MG54502110,Andranopasy,Commune,11739,12063,12395,12735,13081,13436,13799,14171,14554,14947
MG,Madagascar,MG54,Menabe,MG54508,Morondava,District,MG54508010,Morondava,Commune,41672,42822,44000,45206,46437,47696,48983,50306,51664,53059
MG,Madagascar,MG54,Menabe,MG54508,Morondava,District,MG54508059,Bemanonga,Commune,33990,34928,35889,36873,37876,38903,39954,41032,42140,43278
MG,Madagascar,MG54,Menabe,MG54508,Morondava,District,MG54508079,Analaiva,Commune,18214,18717,19232,19759,20297,20847,21410,21988,22581,23191
MG,Madagascar,MG54,Menabe,MG54508,Morondava,District,MG54508159,Befasy,Commune,13162,13525,13897,14278,14667,15065,15471,15889,16318,16759
MG,Madagascar,MG54,Menabe,MG54508,Morondava,District,MG54508179,Belo Sur Mer,Commune,8608,8846,9089,9338,9592,9852,10118,10391,10672,10960
MG,Madagascar,MG54,Menabe,MG54509,Mahabo,District,MG54509010,Mahabo,Commune,14879,15290,15710,16141,16580,17030,17490,17962,18447,18945
MG,Madagascar,MG54,Menabe,MG54509,Mahabo,District,MG54509030,Ankilivalo,Commune,14962,15375,15798,16231,16673,17125,17587,18062,18550,19050
MG,Madagascar,MG54,Menabe,MG54509,Mahabo,District,MG54509051,Analamitsivalana,Commune,7431,7636,7846,8061,8281,8505,8735,8971,9213,9462
MG,Madagascar,MG54,Menabe,MG54509,Mahabo,District,MG54509052,Befotaka,Commune,13058,13418,13788,14165,14551,14946,15349,15763,16189,16626
MG,Madagascar,MG54,Menabe,MG54509,Mahabo,District,MG54509070,Ampanihy,Commune,16232,16680,17139,17609,18088,18578,19080,19595,20124,20667
MG,Madagascar,MG54,Menabe,MG54509,Mahabo,District,MG54509091,Ankilizato,Commune,20442,21006,21584,22176,22779,23397,24029,24677,25344,26028
MG,Madagascar,MG54,Menabe,MG54509,Mahabo,District,MG54509092,Ambia,Commune,8170,8395,8626,8863,9104,9351,9603,9863,10129,10402
MG,Madagascar,MG54,Menabe,MG54509,Mahabo,District,MG54509110,Mandabe,Commune,12662,13011,13369,13736,14110,14492,14884,15285,15698,16122
MG,Madagascar,MG54,Menabe,MG54509,Mahabo,District,MG54509130,Malaimbandy,Commune,19208,19738,20281,20837,21404,21985,22578,23188,23814,24457
MG,Madagascar,MG54,Menabe,MG54509,Mahabo,District,MG54509150,Beronono,Commune,4720,4850,4984,5120,5260,5402,5548,5698,5852,6010
MG,Madagascar,MG54,Menabe,MG54509,Mahabo,District,MG54509170,Mazavasoa,Commune,4102,4215,4331,4450,4571,4695,4822,4952,5086,5223
MG,Madagascar,MG54,Menabe,MG54510,Belo Sur Tsiribihina,District,MG54510011,Belo Sur Tsiribihina,Commune,29980,30807,31655,32523,33408,34314,35240,36191,37169,38172
MG,Madagascar,MG54,Menabe,MG54510,Belo Sur Tsiribihina,District,MG54510012,Andimaky Manambolo,Commune,8527,8762,9003,9250,9502,9760,10023,10294,10572,10857
MG,Madagascar,MG54,Menabe,MG54510,Belo Sur Tsiribihina,District,MG54510013,Bemarivo Ankirondro,Commune,6773,6960,7151,7347,7547,7752,7961,8176,8397,8624
MG,Madagascar,MG54,Menabe,MG54510,Belo Sur Tsiribihina,District,MG54510031,Tsimafana,Commune,10621,10914,11214,11522,11835,12156,12484,12822,13168,13523
MG,Madagascar,MG54,Menabe,MG54510,Belo Sur Tsiribihina,District,MG54510032,Beroboka Nord,Commune,3862,3969,4078,4190,4304,4420,4540,4662,4788,4917
MG,Madagascar,MG54,Menabe,MG54510,Belo Sur Tsiribihina,District,MG54510050,Tsaraotana,Commune,7912,8130,8354,8583,8817,9056,9300,9551,9809,10074
MG,Madagascar,MG54,Menabe,MG54510,Belo Sur Tsiribihina,District,MG54510070,Masoarivo,Commune,9065,9315,9571,9834,10101,10375,10655,10943,11239,11542
MG,Madagascar,MG54,Menabe,MG54510,Belo Sur Tsiribihina,District,MG54510090,Aboalimena,Commune,5682,5839,5999,6164,6332,6503,6679,6859,7044,7235
MG,Madagascar,MG54,Menabe,MG54510,Belo Sur Tsiribihina,District,MG54510111,Ankalalobe,Commune,10405,10692,10986,11287,11595,11909,12231,12561,12900,13248
MG,Madagascar,MG54,Menabe,MG54510,Belo Sur Tsiribihina,District,MG54510112,Ambiky,Commune,5589,5743,5901,6063,6228,6397,6570,6747,6929,7116
MG,Madagascar,MG54,Menabe,MG54510,Belo Sur Tsiribihina,District,MG54510131,Berevo,Commune,4667,4796,4928,5063,5201,5342,5486,5634,5786,5942
MG,Madagascar,MG54,Menabe,MG54510,Belo Sur Tsiribihina,District,MG54510132,Antsoha,Commune,6653,6837,7025,7217,7414,7615,7820,8031,8248,8471
MG,Madagascar,MG54,Menabe,MG54510,Belo Sur Tsiribihina,District,MG54510151,Belinta,Commune,4681,4810,4943,5078,5216,5358,5502,5651,5803,5960
MG,Madagascar,MG54,Menabe,MG54510,Belo Sur Tsiribihina,District,MG54510152,Ankiroroky,Commune,4745,4876,5010,5147,5288,5431,5578,5728,5883,6042
MG,Madagascar,MG54,Menabe,MG54511,Miandrivazo,District,MG54511011,Miandrivazo,Commune,18003,18500,19009,19530,20061,20605,21162,21733,22320,22922
MG,Madagascar,MG54,Menabe,MG54511,Miandrivazo,District,MG54511012,Dabolava,Commune,10406,10693,10987,11289,11596,11910,12232,12562,12901,13249
MG,Madagascar,MG54,Menabe,MG54511,Miandrivazo,District,MG54511031,Bemahatazana,Commune,5443,5593,5747,5905,6065,6230,6398,6571,6748,6930
MG,Madagascar,MG54,Menabe,MG54511,Miandrivazo,District,MG54511032,Ampanihy,Commune,3715,3818,3923,4030,4140,4252,4367,4485,4606,4730
MG,Madagascar,MG54,Menabe,MG54511,Miandrivazo,District,MG54511033,Anosimena,Commune,4763,4894,5029,5167,5308,5451,5599,5750,5905,6065
MG,Madagascar,MG54,Menabe,MG54511,Miandrivazo,District,MG54511050,Manandaza,Commune,5516,5668,5824,5984,6147,6313,6484,6659,6839,7023
MG,Madagascar,MG54,Menabe,MG54511,Miandrivazo,District,MG54511071,Ankotrofotsy,Commune,10668,10962,11264,11573,11888,12210,12540,12878,13226,13583
MG,Madagascar,MG54,Menabe,MG54511,Miandrivazo,District,MG54511072,Isalo,Commune,10296,10580,10871,11169,11473,11784,12102,12429,12765,13109
MG,Madagascar,MG54,Menabe,MG54511,Miandrivazo,District,MG54511091,Ambatolahy,Commune,11509,11827,12152,12485,12825,13173,13528,13894,14269,14654
MG,Madagascar,MG54,Menabe,MG54511,Miandrivazo,District,MG54511092,Manambina,Commune,9438,9698,9965,10238,10517,10802,11094,11393,11701,12017
MG,Madagascar,MG54,Menabe,MG54511,Miandrivazo,District,MG54511110,Itondy,Commune,5008,5146,5288,5433,5581,5732,5887,6046,6209,6376
MG,Madagascar,MG54,Menabe,MG54511,Miandrivazo,District,MG54511130,Ankavandra,Commune,12741,13093,13453,13822,14198,14583,14976,15381,15796,16223
MG,Madagascar,MG54,Menabe,MG54511,Miandrivazo,District,MG54511150,Soaloka,Commune,9603,9868,10139,10417,10701,10991,11288,11593,11906,12227
MG,Madagascar,MG54,Menabe,MG54511,Miandrivazo,District,MG54511170,Betsipolitra,Commune,3625,3725,3828,3932,4039,4149,4261,4376,4494,4616
MG,Madagascar,MG54,Menabe,MG54511,Miandrivazo,District,MG54511210,Ankondromena,Commune,4815,4948,5084,5223,5366,5511,5660,5813,5970,6131
MG,Madagascar,MG71,Diana,MG71713,Antsiranana II,District,MG71713010,Ramena,Commune,4430,4552,4677,4806,4937,5070,5207,5348,5492,5641
MG,Madagascar,MG71,Diana,MG71713,Antsiranana II,District,MG71713031,Sakaramy,Commune,1892,1944,1998,2052,2108,2165,2224,2284,2346,2409
MG,Madagascar,MG71,Diana,MG71713,Antsiranana II,District,MG71713032,Antanamitarana,Commune,3531,3628,3728,3830,3935,4041,4151,4263,4378,4496
MG,Madagascar,MG71,Diana,MG71713,Antsiranana II,District,MG71713033,Joffre Ville,Commune,3532,3629,3729,3832,3936,4043,4152,4264,4379,4497
MG,Madagascar,MG71,Diana,MG71713,Antsiranana II,District,MG71713050,Antsahampano,Commune,2984,3066,3151,3237,3325,3415,3508,3602,3700,3799
MG,Madagascar,MG71,Diana,MG71713,Antsiranana II,District,MG71713070,Mahavanona,Commune,12677,13027,13385,13752,14126,14509,14901,15304,15717,16141
MG,Madagascar,MG71,Diana,MG71713,Antsiranana II,District,MG71713090,Mangaoka,Commune,6169,6339,6514,6692,6874,7061,7251,7447,7648,7855
MG,Madagascar,MG71,Diana,MG71713,Antsiranana II,District,MG71713110,Andrafiabe,Commune,5478,5629,5784,5943,6104,6270,6439,6613,6792,6975
MG,Madagascar,MG71,Diana,MG71713,Antsiranana II,District,MG71713130,Anketrakabe,Commune,3372,3465,3560,3658,3758,3859,3964,4071,4181,4293
MG,Madagascar,MG71,Diana,MG71713,Antsiranana II,District,MG71713151,Sadjoavato,Commune,6705,6890,7080,7274,7472,7674,7881,8094,8313,8537
MG,Madagascar,MG71,Diana,MG71713,Antsiranana II,District,MG71713152,Antsalaka,Commune,4508,4632,4760,4890,5023,5160,5299,5442,5589,5740
MG,Madagascar,MG71,Diana,MG71713,Antsiranana II,District,MG71713170,Andranovondronina,Commune,2131,2190,2250,2312,2375,2439,2505,2573,2642,2713
MG,Madagascar,MG71,Diana,MG71713,Antsiranana II,District,MG71713191,Andranofanjava,Commune,5376,5524,5676,5832,5991,6153,6319,6490,6665,6845
MG,Madagascar,MG71,Diana,MG71713,Antsiranana II,District,MG71713192,Mahalina,Commune,1945,1999,2054,2110,2167,2226,2286,2348,2411,2476
MG,Madagascar,MG71,Diana,MG71713,Antsiranana II,District,MG71713210,Ankarongana,Commune,3740,3843,3949,4057,4168,4281,4396,4515,4637,4762
MG,Madagascar,MG71,Diana,MG71713,Antsiranana II,District,MG71713231,Anivorano Nord,Commune,17625,18111,18610,19120,19640,20173,20717,21277,21851,22441
MG,Madagascar,MG71,Diana,MG71713,Antsiranana II,District,MG71713232,Antsoha,Commune,3841,3947,4056,4167,4280,4396,4515,4637,4762,4891
MG,Madagascar,MG71,Diana,MG71713,Antsiranana II,District,MG71713251,Bobasakoa,Commune,1862,1913,1966,2020,2075,2131,2189,2248,2308,2371
MG,Madagascar,MG71,Diana,MG71713,Antsiranana II,District,MG71713252,Ambondrona,Commune,2789,2866,2945,3026,3108,3192,3278,3367,3458,3551
MG,Madagascar,MG71,Diana,MG71713,Antsiranana II,District,MG71713253,Bobakilandy,Commune,2370,2435,2502,2571,2641,2713,2786,2861,2938,3018
MG,Madagascar,MG71,Diana,MG71713,Antsiranana II,District,MG71713254,Mosorolava,Commune,4235,4352,4472,4594,4719,4847,4978,5112,5250,5392
MG,Madagascar,MG71,Diana,MG71715,Antsiranana I,District,MG71715009,Diego Suarez,Commune,110406,113453,116574,119770,123030,126365,129777,133281,136879,140575
MG,Madagascar,MG71,Diana,MG71717,Ambilobe,District,MG71717010,Ambilobe,Commune,43545,44747,45978,47238,48524,49839,51185,52567,53986,55444
MG,Madagascar,MG71,Diana,MG71717,Ambilobe,District,MG71717030,Mantaly,Commune,15370,15794,16229,16674,17127,17592,18067,18554,19055,19570
MG,Madagascar,MG71,Diana,MG71717,Ambilobe,District,MG71717050,Ampondralava,Commune,6355,6530,6710,6894,7082,7274,7470,7672,7879,8092
MG,Madagascar,MG71,Diana,MG71717,Ambilobe,District,MG71717070,Tanambao Marivorahona,Commune,12227,12564,12910,13264,13625,13994,14372,14760,15159,15568
MG,Madagascar,MG71,Diana,MG71717,Ambilobe,District,MG71717090,Ambakirano,Commune,19848,20396,20957,21531,22117,22717,23330,23960,24607,25272
MG,Madagascar,MG71,Diana,MG71717,Ambilobe,District,MG71717110,Ambatoben'anjavy,Commune,3973,4083,4195,4310,4427,4547,4670,4796,4926,5059
MG,Madagascar,MG71,Diana,MG71717,Ambilobe,District,MG71717130,Antsaravibe,Commune,11375,11689,12010,12340,12676,13019,13371,13732,14103,14483
MG,Madagascar,MG71,Diana,MG71717,Ambilobe,District,MG71717150,Antsohimbondrona,Commune,24208,24876,25560,26261,26976,27707,28455,29224,30013,30823
MG,Madagascar,MG71,Diana,MG71717,Ambilobe,District,MG71717171,Anjiabe Ambony,Commune,5298,5444,5594,5747,5904,6064,6228,6396,6568,6746
MG,Madagascar,MG71,Diana,MG71717,Ambilobe,District,MG71717172,Ambodibonara,Commune,4357,4477,4600,4727,4855,4987,5121,5260,5402,5548
MG,Madagascar,MG71,Diana,MG71717,Ambilobe,District,MG71717190,Beramanja,Commune,17590,18075,18573,19082,19601,20133,20676,21234,21808,22397
MG,Madagascar,MG71,Diana,MG71717,Ambilobe,District,MG71717210,Betsiaka,Commune,12380,12722,13072,13430,13796,14170,14552,14945,15348,15763
MG,Madagascar,MG71,Diana,MG71717,Ambilobe,District,MG71717231,Ambarakaraka,Commune,9303,9560,9823,10092,10367,10648,10935,11230,11534,11845
MG,Madagascar,MG71,Diana,MG71717,Ambilobe,District,MG71717232,Anaborano Ifasy,Commune,16418,16871,17335,17810,18295,18791,19299,19820,20355,20904
MG,Madagascar,MG71,Diana,MG71717,Ambilobe,District,MG71717233,Manambato,Commune,5237,5382,5530,5681,5836,5994,6156,6322,6493,6668
MG,Madagascar,MG71,Diana,MG71718,Nosy-Be,District,MG71718001,Hell-Ville,Commune,36626,37637,38672,39732,40814,41920,43052,44214,45408,46634
MG,Madagascar,MG71,Diana,MG71718,Nosy-Be,District,MG71718002,Ampangorina,Commune,3938,4047,4158,4272,4388,4507,4629,4754,4882,5014
MG,Madagascar,MG71,Diana,MG71718,Nosy-Be,District,MG71718003,Ambatozavavy,Commune,4315,4434,4556,4681,4808,4939,5072,5209,5350,5494
MG,Madagascar,MG71,Diana,MG71718,Nosy-Be,District,MG71718004,Bemanondrobe,Commune,6379,6555,6735,6920,7108,7301,7498,7701,7909,8122
MG,Madagascar,MG71,Diana,MG71718,Nosy-Be,District,MG71718005,Dzamandzar,Commune,18826,19346,19878,20423,20979,21547,22129,22727,23340,23970
MG,Madagascar,MG71,Diana,MG71719,Ambanja,District,MG71719010,Ambanja,Commune,37189,38215,39267,40343,41441,42565,43714,44894,46106,47351
MG,Madagascar,MG71,Diana,MG71719,Ambanja,District,MG71719030,Benavony,Commune,2564,2635,2707,2781,2857,2935,3014,3095,3179,3265
MG,Madagascar,MG71,Diana,MG71719,Ambanja,District,MG71719050,Ambohimena,Commune,4575,4701,4831,4963,5098,5236,5378,5523,5672,5825
MG,Madagascar,MG71,Diana,MG71719,Ambanja,District,MG71719070,Antsatsaka,Commune,4702,4832,4965,5101,5240,5382,5527,5676,5829,5987
MG,Madagascar,MG71,Diana,MG71719,Ambanja,District,MG71719091,Antranokarany,Commune,9564,9828,10098,10375,10658,10946,11242,11546,11857,12177
MG,Madagascar,MG71,Diana,MG71719,Ambanja,District,MG71719092,Djangoa,Commune,5268,5413,5562,5715,5870,6029,6192,6359,6531,6707
MG,Madagascar,MG71,Diana,MG71719,Ambanja,District,MG71719110,Antsakoamanondro,Commune,6995,7188,7386,7588,7795,8006,8222,8444,8672,8906
MG,Madagascar,MG71,Diana,MG71719,Ambanja,District,MG71719130,Ambalahonko,Commune,4386,4507,4631,4758,4887,5020,5156,5295,5438,5584
MG,Madagascar,MG71,Diana,MG71719,Ambanja,District,MG71719150,Ankingameloka,Commune,5727,5885,6047,6213,6382,6555,6732,6914,7100,7292
MG,Madagascar,MG71,Diana,MG71719,Ambanja,District,MG71719171,Bemaneviky Haut Sambirano,Commune,11010,11314,11625,11944,12269,12602,12942,13291,13650,14019
MG,Madagascar,MG71,Diana,MG71719,Ambanja,District,MG71719172,Ambodimanga Ramena,Commune,10418,10706,11000,11302,11609,11924,12246,12576,12916,13265
MG,Madagascar,MG71,Diana,MG71719,Ambanja,District,MG71719173,Maevatanana,Commune,7167,7365,7567,7775,7986,8203,8424,8652,8886,9125
MG,Madagascar,MG71,Diana,MG71719,Ambanja,District,MG71719190,Antafiambotry,Commune,5732,5890,6052,6218,6387,6561,6738,6920,7106,7298
MG,Madagascar,MG71,Diana,MG71719,Ambanja,District,MG71719210,Maherivaratra,Commune,5169,5312,5458,5607,5760,5916,6076,6240,6408,6581
MG,Madagascar,MG71,Diana,MG71719,Ambanja,District,MG71719231,Marovato,Commune,8623,8861,9105,9354,9609,9869,10136,10410,10691,10979
MG,Madagascar,MG71,Diana,MG71719,Ambanja,District,MG71719232,Ambohitrandriana,Commune,5358,5506,5657,5812,5971,6133,6298,6468,6643,6822
MG,Madagascar,MG71,Diana,MG71719,Ambanja,District,MG71719233,Ambohimarina,Commune,7509,7716,7929,8146,8368,8594,8826,9065,9310,9561
MG,Madagascar,MG71,Diana,MG71719,Ambanja,District,MG71719250,Ambaliha,Commune,2581,2652,2725,2800,2876,2954,3034,3116,3200,3286
MG,Madagascar,MG71,Diana,MG71719,Ambanja,District,MG71719270,Marotolana,Commune,11734,12058,12390,12729,13076,13430,13793,14165,14548,14940
MG,Madagascar,MG71,Diana,MG71719,Ambanja,District,MG71719290,Bemaneviky Ouest,Commune,6830,7019,7212,7409,7611,7817,8028,8245,8468,8696
MG,Madagascar,MG71,Diana,MG71719,Ambanja,District,MG71719310,Anorontsangana,Commune,8423,8655,8894,9137,9386,9641,9901,10168,10443,10725
MG,Madagascar,MG71,Diana,MG71719,Ambanja,District,MG71719330,Antsirabe,Commune,7622,7832,8048,8268,8493,8724,8959,9201,9450,9705
MG,Madagascar,MG71,Diana,MG71719,Ambanja,District,MG71719350,Ankatafa,Commune,3658,3759,3862,3968,4076,4187,4300,4416,4535,4658
MG,Madagascar,MG72,Sava,MG72710,Antalaha,District,MG72710010,Antalaha Ambonivohitra,Commune,34994,35960,36949,37962,38995,40052,41134,42244,43385,44556
MG,Madagascar,MG72,Sava,MG72710,Antalaha,District,MG72710030,Ampahana,Commune,19424,19960,20509,21071,21645,22232,22832,23448,24081,24732
MG,Madagascar,MG72,Sava,MG72710,Antalaha,District,MG72710050,Ampohibe,Commune,21245,21831,22432,23047,23674,24316,24972,25647,26339,27050
MG,Madagascar,MG72,Sava,MG72710,Antalaha,District,MG72710070,Antombana,Commune,16225,16673,17131,17601,18080,18570,19072,19587,20115,20659
MG,Madagascar,MG72,Sava,MG72710,Antalaha,District,MG72710090,Antsahanoro,Commune,12446,12790,13141,13502,13869,14245,14630,15025,15430,15847
MG,Madagascar,MG72,Sava,MG72710,Antalaha,District,MG72710110,Antananambo,Commune,13423,13793,14173,14561,14958,15363,15778,16204,16642,17091
MG,Madagascar,MG72,Sava,MG72710,Antalaha,District,MG72710130,Marofinaritra,Commune,13297,13664,14040,14425,14817,15219,15630,16052,16485,16930
MG,Madagascar,MG72,Sava,MG72710,Antalaha,District,MG72710151,Sarahandrano,Commune,5574,5728,5885,6047,6211,6380,6552,6729,6911,7097
MG,Madagascar,MG72,Sava,MG72710,Antalaha,District,MG72710152,Andampy,Commune,5811,5971,6136,6304,6475,6651,6831,7015,7204,7399
MG,Madagascar,MG72,Sava,MG72710,Antalaha,District,MG72710170,Ambalabe,Commune,13342,13710,14087,14474,14867,15271,15683,16106,16541,16988
MG,Madagascar,MG72,Sava,MG72710,Antalaha,District,MG72710190,Ambinanifaho,Commune,10451,10739,11035,11337,11646,11962,12285,12616,12957,13307
MG,Madagascar,MG72,Sava,MG72710,Antalaha,District,MG72710210,Ambohitralanana,Commune,13236,13601,13975,14359,14749,15149,15558,15978,16410,16853
MG,Madagascar,MG72,Sava,MG72710,Antalaha,District,MG72710230,Lanjarivo,Commune,14813,15222,15641,16069,16507,16954,17412,17882,18365,18861
MG,Madagascar,MG72,Sava,MG72710,Antalaha,District,MG72710250,Antsambalahy,Commune,8597,8834,9077,9326,9580,9840,10105,10378,10658,10946
MG,Madagascar,MG72,Sava,MG72710,Antalaha,District,MG72710271,Vinanivao,Commune,8678,8918,9163,9414,9670,9932,10201,10476,10759,11049
MG,Madagascar,MG72,Sava,MG72710,Antalaha,District,MG72710272,Ampanavoana,Commune,10647,10941,11242,11550,11864,12186,12515,12853,13200,13556
MG,Madagascar,MG72,Sava,MG72711,Sambava,District,MG72711010,Sambava Cu,Commune,41672,42822,44000,45206,46437,47696,48983,50306,51664,53059
MG,Madagascar,MG72,Sava,MG72711,Sambava,District,MG72711059,Ambohimalaza,Commune,8208,8435,8667,8904,9146,9394,9648,9909,10176,10451
MG,Madagascar,MG72,Sava,MG72711,Sambava,District,MG72711079,Farahalana,Commune,21232,21818,22418,23033,23660,24301,24957,25631,26323,27034
MG,Madagascar,MG72,Sava,MG72711,Sambava,District,MG72711090,Nosiarina,Commune,4959,5096,5236,5380,5526,5676,5829,5986,6148,6314
MG,Madagascar,MG72,Sava,MG72711,Sambava,District,MG72711130,Ambodivoara,Commune,9703,9971,10245,10526,10812,11106,11405,11713,12030,12354
MG,Madagascar,MG72,Sava,MG72711,Sambava,District,MG72711150,Anjinjaomby,Commune,5942,6106,6274,6446,6621,6801,6985,7173,7367,7566
MG,Madagascar,MG72,Sava,MG72711,Sambava,District,MG72711170,Morafeno,Commune,10482,10771,11068,11371,11680,11997,12321,12654,12995,13346
MG,Madagascar,MG72,Sava,MG72711,Sambava,District,MG72711190,Analamaho,Commune,4789,4921,5057,5195,5337,5481,5629,5781,5937,6098
MG,Madagascar,MG72,Sava,MG72711,Sambava,District,MG72711210,Ambohimitsinjo,Commune,6327,6502,6680,6864,7050,7242,7437,7638,7844,8056
MG,Madagascar,MG72,Sava,MG72711,Sambava,District,MG72711230,Anjangoveratra,Commune,16539,16995,17463,17942,18430,18930,19441,19966,20505,21058
MG,Madagascar,MG72,Sava,MG72711,Sambava,District,MG72711250,Andratamarina,Commune,6885,7075,7270,7469,7672,7880,8093,8311,8536,8766
MG,Madagascar,MG72,Sava,MG72711,Sambava,District,MG72711270,Marogaona,Commune,6813,7001,7194,7391,7592,7798,8008,8225,8447,8675
MG,Madagascar,MG72,Sava,MG72711,Sambava,District,MG72711290,Marojala,Commune,14847,15257,15676,16106,16545,16993,17452,17923,18407,18904
MG,Madagascar,MG72,Sava,MG72711,Sambava,District,MG72711310,Antsambaharo,Commune,3593,3692,3794,3898,4004,4112,4223,4337,4455,4575
MG,Madagascar,MG72,Sava,MG72711,Sambava,District,MG72711330,Andrahanjo,Commune,8367,8598,8834,9077,9324,9576,9835,10101,10373,10653
MG,Madagascar,MG72,Sava,MG72711,Sambava,District,MG72711350,Bemanevika,Commune,10447,10735,11031,11333,11641,11957,12280,12611,12952,13302
MG,Madagascar,MG72,Sava,MG72711,Sambava,District,MG72711371,Amboangibe,Commune,12940,13297,13663,14037,14420,14810,15210,15621,16043,16476
MG,Madagascar,MG72,Sava,MG72711,Sambava,District,MG72711372,Andrembona,Commune,4930,5066,5205,5348,5494,5643,5795,5951,6112,6277
MG,Madagascar,MG72,Sava,MG72711,Sambava,District,MG72711390,Antindra,Commune,16706,17167,17639,18123,18616,19121,19637,20167,20712,21271
MG,Madagascar,MG72,Sava,MG72711,Sambava,District,MG72711410,Ambodiampana,Commune,11530,11848,12174,12508,12848,13197,13553,13919,14295,14681
MG,Madagascar,MG72,Sava,MG72711,Sambava,District,MG72711430,Maroambihy,Commune,11941,12271,12608,12954,13306,13667,14036,14415,14804,15204
MG,Madagascar,MG72,Sava,MG72711,Sambava,District,MG72711450,Ambatoafo,Commune,10453,10742,11037,11340,11648,11964,12287,12619,12959,13309
MG,Madagascar,MG72,Sava,MG72711,Sambava,District,MG72711470,Anjialava,Commune,7716,7929,8147,8370,8598,8831,9070,9315,9566,9824
MG,Madagascar,MG72,Sava,MG72711,Sambava,District,MG72711490,Tanambao Daoud,Commune,9106,9357,9615,9878,10147,10422,10704,10993,11289,11594
MG,Madagascar,MG72,Sava,MG72711,Sambava,District,MG72711510,Antsahavaribe,Commune,13390,13760,14138,14526,14921,15326,15739,16164,16601,17049
MG,Madagascar,MG72,Sava,MG72711,Sambava,District,MG72711530,Bevonotra,Commune,12653,13002,13360,13726,14100,14482,14873,15275,15687,16110
MG,Madagascar,MG72,Sava,MG72712,Andapa,District,MG72712010,Andapa,Commune,21952,22558,23178,23814,24462,25125,25804,26500,27216,27950
MG,Madagascar,MG72,Sava,MG72712,Andapa,District,MG72712030,Tanandava,Commune,8065,8288,8516,8749,8987,9231,9480,9736,9999,10269
MG,Madagascar,MG72,Sava,MG72712,Andapa,District,MG72712050,Ankiakabe Nord,Commune,7478,7684,7896,8112,8333,8559,8790,9027,9271,9521
MG,Madagascar,MG72,Sava,MG72712,Andapa,District,MG72712070,Belaoka Marovato,Commune,5662,5818,5978,6142,6309,6480,6655,6835,7020,7209
MG,Madagascar,MG72,Sava,MG72712,Andapa,District,MG72712090,Ambodimanga I,Commune,9326,9583,9847,10117,10392,10674,10962,11258,11562,11874
MG,Madagascar,MG72,Sava,MG72712,Andapa,District,MG72712110,Marovato,Commune,4787,4919,5054,5193,5334,5479,5627,5779,5935,6095
MG,Madagascar,MG72,Sava,MG72712,Andapa,District,MG72712130,Andrakata,Commune,6750,6936,7127,7322,7522,7726,7934,8149,8369,8594
MG,Madagascar,MG72,Sava,MG72712,Andapa,District,MG72712150,Bealampona,Commune,13425,13796,14175,14564,14960,15366,15780,16206,16644,17093
MG,Madagascar,MG72,Sava,MG72712,Andapa,District,MG72712170,Matsohely,Commune,5841,6002,6167,6336,6509,6685,6866,7051,7242,7437
MG,Madagascar,MG72,Sava,MG72712,Andapa,District,MG72712190,Andranomena,Commune,5862,6024,6189,6359,6532,6709,6890,7077,7268,7464
MG,Madagascar,MG72,Sava,MG72712,Andapa,District,MG72712210,Ambalamanasy II,Commune,14515,14916,15326,15746,16175,16613,17062,17522,17995,18481
MG,Madagascar,MG72,Sava,MG72712,Andapa,District,MG72712230,Ambodiangezoka,Commune,26294,27020,27763,28524,29300,30095,30907,31742,32599,33479
MG,Madagascar,MG72,Sava,MG72712,Andapa,District,MG72712250,Betsakotsako Andranotsara,Commune,7472,7678,7889,8106,8326,8552,8783,9020,9264,9514
MG,Madagascar,MG72,Sava,MG72712,Andapa,District,MG72712270,Belaoka Lokoho,Commune,5828,5989,6154,6322,6494,6670,6851,7035,7225,7421
MG,Madagascar,MG72,Sava,MG72712,Andapa,District,MG72712290,Anoviara,Commune,12033,12365,12705,13054,13409,13772,14144,14526,14918,15321
MG,Madagascar,MG72,Sava,MG72712,Andapa,District,MG72712310,Doany,Commune,15569,15999,16439,16889,17349,17820,18301,18795,19302,19823
MG,Madagascar,MG72,Sava,MG72712,Andapa,District,MG72712330,Anjialavabe,Commune,6621,6804,6991,7183,7378,7578,7783,7993,8209,8430
MG,Madagascar,MG72,Sava,MG72712,Andapa,District,MG72712350,Antsahamena,Commune,4793,4925,5061,5199,5341,5486,5634,5786,5942,6103
MG,Madagascar,MG72,Sava,MG72716,Vohemar,District,MG72716010,Vohemar,Commune,18352,18859,19377,19908,20450,21005,21572,22154,22752,23367
MG,Madagascar,MG72,Sava,MG72716,Vohemar,District,MG72716030,Ampondra,Commune,11330,11643,11963,12291,12625,12968,13318,13677,14047,14426
MG,Madagascar,MG72,Sava,MG72716,Vohemar,District,MG72716050,Fanambana,Commune,19334,19868,20414,20974,21545,22129,22726,23340,23970,24617
MG,Madagascar,MG72,Sava,MG72716,Vohemar,District,MG72716070,Milanoa,Commune,16266,16715,17175,17646,18126,18617,19120,19636,20166,20711
MG,Madagascar,MG72,Sava,MG72716,Vohemar,District,MG72716090,Bobakindro,Commune,8935,9182,9434,9693,9957,10227,10503,10786,11077,11377
MG,Madagascar,MG72,Sava,MG72716,Vohemar,District,MG72716110,Daraina,Commune,13123,13485,13856,14236,14623,15020,15425,15842,16270,16709
MG,Madagascar,MG72,Sava,MG72716,Vohemar,District,MG72716130,Ambalasatrana,Commune,5271,5416,5565,5718,5874,6033,6196,6363,6535,6711
MG,Madagascar,MG72,Sava,MG72716,Vohemar,District,MG72716150,Tsarabaria,Commune,20934,21512,22104,22709,23328,23960,24607,25271,25954,26654
MG,Madagascar,MG72,Sava,MG72716,Vohemar,District,MG72716170,Nosibe,Commune,8921,9167,9419,9678,9941,10211,10486,10769,11060,11359
MG,Madagascar,MG72,Sava,MG72716,Vohemar,District,MG72716190,Andravory,Commune,4616,4743,4874,5007,5144,5283,5426,5572,5723,5877
MG,Madagascar,MG72,Sava,MG72716,Vohemar,District,MG72716210,Andrafainkona,Commune,6855,7044,7238,7436,7639,7846,8058,8275,8499,8728
MG,Madagascar,MG72,Sava,MG72716,Vohemar,District,MG72716231,Ampanefena,Commune,19962,20513,21077,21655,22244,22848,23464,24098,24748,25417
MG,Madagascar,MG72,Sava,MG72716,Vohemar,District,MG72716232,Ambodisambalahy,Commune,12649,12998,13356,13722,14095,14477,14868,15270,15682,16105
MG,Madagascar,MG72,Sava,MG72716,Vohemar,District,MG72716250,Ambinanin'andravory,Commune,11276,11587,11906,12232,12565,12906,13254,13612,13980,14357
MG,Madagascar,MG72,Sava,MG72716,Vohemar,District,MG72716270,Amboriala,Commune,9800,10070,10347,10631,10921,11217,11519,11830,12150,12478
MG,Madagascar,MG72,Sava,MG72716,Vohemar,District,MG72716290,Maromokotra Loky,Commune,4690,4819,4952,5088,5226,5368,5513,5662,5815,5972
MG,Madagascar,MG72,Sava,MG72716,Vohemar,District,MG72716310,Antsirabe Nord,Commune,40146,41254,42389,43551,44736,45949,47190,48464,49772,51116
MG,Madagascar,MG72,Sava,MG72716,Vohemar,District,MG72716330,Ampisikinana,Commune,4767,4899,5033,5171,5312,5456,5603,5755,5910,6070
MG,Madagascar,MG72,Sava,MG72716,Vohemar,District,MG72716350,Belambo,Commune,7632,7843,8058,8279,8505,8735,8971,9213,9462,9717
