location_id,atlas_name,classification,classification_scope,atlas_parent_id,atlas_parent_name,source_id,source_name,source_role,source_year,source_license,source_shape_id,source_polygon_component_count,largest_source_component_area_fraction,source_area_fraction_of_expected_parent_reference,parent_geometry_containment_fraction,best_adm1_name,best_adm1_by_area_fraction,igvsb_2016_same_name_match,igvsb_2016_name_match_iou_comparative_only,material_igvsb_boundary_conflict_hits,boundary_status,rationale,uncertainty
atlas:physical:432b44d2e7bdcbd1a570,Raúl Leoni · Pantepui forests & shrublands,insufficient-evidence,municipal role and adjacent province suitability; not complete boundary approval,framework:province:bolivar:f57910bb18ad,Bolívar,resolve:490,Pantepui forests & shrublands,"ecoregion fragment (RESOLVE 2017), not a source municipality",2017,CC-BY 4.0,gb:VEN:ADM2:92452058B20928146308063,,,,,,,,,[],open: physical fragments do not provide municipal legal boundaries,Atlas location is a RESOLVE 2017 ecological ecoregion fragment derived from a single source municipality. This supports a named physical description but does not establish that the fragment is itself a municipality or suitable as a peer in the municipal district tier. Engineering must resolve the intended tier/provenance and attribute inheritance.,The four fragments may be a deliberate physical subdivision of the very large Raúl Leoni source municipality; they must not inherit municipality-level facts by assumption. Their union/coverage and relation to the old source municipality are separately computed in physical-subdivision-summary.json.
atlas:physical:5f7ea253b110fb6890e9,Raúl Leoni · Llanos,insufficient-evidence,municipal role and adjacent province suitability; not complete boundary approval,framework:province:bolivar:f57910bb18ad,Bolívar,resolve:572,Llanos,"ecoregion fragment (RESOLVE 2017), not a source municipality",2017,CC-BY 4.0,gb:VEN:ADM2:92452058B20928146308063,,,,,,,,,[],open: physical fragments do not provide municipal legal boundaries,Atlas location is a RESOLVE 2017 ecological ecoregion fragment derived from a single source municipality. This supports a named physical description but does not establish that the fragment is itself a municipality or suitable as a peer in the municipal district tier. Engineering must resolve the intended tier/provenance and attribute inheritance.,The four fragments may be a deliberate physical subdivision of the very large Raúl Leoni source municipality; they must not inherit municipality-level facts by assumption. Their union/coverage and relation to the old source municipality are separately computed in physical-subdivision-summary.json.
atlas:physical:736a88b00fc9541855f2,Raúl Leoni · Guianan Highlands moist forests,insufficient-evidence,municipal role and adjacent province suitability; not complete boundary approval,framework:province:bolivar:f57910bb18ad,Bolívar,resolve:464,Guianan Highlands moist forests,"ecoregion fragment (RESOLVE 2017), not a source municipality",2017,CC-BY 4.0,gb:VEN:ADM2:92452058B20928146308063,,,,,,,,,[],open: physical fragments do not provide municipal legal boundaries,Atlas location is a RESOLVE 2017 ecological ecoregion fragment derived from a single source municipality. This supports a named physical description but does not establish that the fragment is itself a municipality or suitable as a peer in the municipal district tier. Engineering must resolve the intended tier/provenance and attribute inheritance.,The four fragments may be a deliberate physical subdivision of the very large Raúl Leoni source municipality; they must not inherit municipality-level facts by assumption. Their union/coverage and relation to the old source municipality are separately computed in physical-subdivision-summary.json.
atlas:physical:cc53a89e1f220c7c9194,Raúl Leoni · Guianan piedmont moist forests,insufficient-evidence,municipal role and adjacent province suitability; not complete boundary approval,framework:province:bolivar:f57910bb18ad,Bolívar,resolve:466,Guianan piedmont moist forests,"ecoregion fragment (RESOLVE 2017), not a source municipality",2017,CC-BY 4.0,gb:VEN:ADM2:92452058B20928146308063,,,,,,,,,[],open: physical fragments do not provide municipal legal boundaries,Atlas location is a RESOLVE 2017 ecological ecoregion fragment derived from a single source municipality. This supports a named physical description but does not establish that the fragment is itself a municipality or suitable as a peer in the municipal district tier. Engineering must resolve the intended tier/provenance and attribute inheritance.,The four fragments may be a deliberate physical subdivision of the very large Raúl Leoni source municipality; they must not inherit municipality-level facts by assumption. Their union/coverage and relation to the old source municipality are separately computed in physical-subdivision-summary.json.
gb:VEN:ADM2:92452058B10612874136761,Santa Ana,justified,municipal role and adjacent province suitability; not complete boundary approval,framework:province:anzoategui:48326e5e1b4d,Anzoátegui,gb:VEN:ADM2,Santa Ana,municipality (2015 geoBoundaries ADM2 / Municipios source collection),2015,Open Data Commons Open Database License 1.0,92452058B10612874136761,1,1.0,0.01708428,1.0,Anzoátegui,1.0,Municipio Santa Ana,0.95222668,[],open: same-name IGVSB feature is only a different-vintage comparison; no surveyed/legal edge proof or complete regional coverage certificate,"At the role/parent level only: the source is a named Municipio in the 2015 ADM2 collection, a same-name 2016 IGVSB municipality exists, and independent 2020 ADM1 overlay places at least 98% of the source polygon in the issue-declared province. Boundary equivalence/completeness remains separately open.","2015/2016/2020 source vintages differ. The 2016 file itself identifies overlap/no-jurisdiction zones. This row is provisional semantic evidence only; legal boundary, current delimitation and local-source completeness remain unresolved."
gb:VEN:ADM2:92452058B10882972052933,Bolívar,justified,municipal role and adjacent province suitability; not complete boundary approval,framework:province:monagas:04643c18e61c,Monagas,gb:VEN:ADM2,Bolívar,municipality (2015 geoBoundaries ADM2 / Municipios source collection),2015,Open Data Commons Open Database License 1.0,92452058B10882972052933,1,1.0,0.0098012,0.99417398,Monagas,0.99417398,Municipio Bolí­var,0.92194778,[],open: same-name IGVSB feature is only a different-vintage comparison; no surveyed/legal edge proof or complete regional coverage certificate,"At the role/parent level only: the source is a named Municipio in the 2015 ADM2 collection, a same-name 2016 IGVSB municipality exists, and independent 2020 ADM1 overlay places at least 98% of the source polygon in the issue-declared province. Boundary equivalence/completeness remains separately open.","2015/2016/2020 source vintages differ. The 2016 file itself identifies overlap/no-jurisdiction zones. This row is provisional semantic evidence only; legal boundary, current delimitation and local-source completeness remain unresolved."
gb:VEN:ADM2:92452058B11643433355356,San Diego,justified,municipal role and adjacent province suitability; not complete boundary approval,framework:province:carabobo:baf5d863629a,Carabobo,gb:VEN:ADM2,San Diego,municipality (2015 geoBoundaries ADM2 / Municipios source collection),2015,Open Data Commons Open Database License 1.0,92452058B11643433355356,1,1.0,0.02330414,1.0,Carabobo,1.0,Municipio San Diego,0.90516557,[],open: same-name IGVSB feature is only a different-vintage comparison; no surveyed/legal edge proof or complete regional coverage certificate,"At the role/parent level only: the source is a named Municipio in the 2015 ADM2 collection, a same-name 2016 IGVSB municipality exists, and independent 2020 ADM1 overlay places at least 98% of the source polygon in the issue-declared province. Boundary equivalence/completeness remains separately open.","2015/2016/2020 source vintages differ. The 2016 file itself identifies overlap/no-jurisdiction zones. This row is provisional semantic evidence only; legal boundary, current delimitation and local-source completeness remain unresolved."
gb:VEN:ADM2:92452058B11824178609180,Miranda,insufficient-evidence,municipal role and adjacent province suitability; not complete boundary approval,framework:province:carabobo:baf5d863629a,Carabobo,gb:VEN:ADM2,Miranda,municipality (2015 geoBoundaries ADM2 / Municipios source collection),2015,Open Data Commons Open Database License 1.0,92452058B11824178609180,1,1.0,0.03641881,0.95117466,Carabobo,0.95117466,Municipio Miranda,0.9201284,[],open: same-name IGVSB feature is only a different-vintage comparison; no surveyed/legal edge proof or complete regional coverage certificate,"A same-name IGVSB municipality is present in the 2016 comparator, but only 0.951175 of the 2015 source geometry overlaps its declared 2020 ADM1 parent in the WGS84 diagnostic; this misses the explicit 0.98 screen. The result is unresolved cross-vintage parent evidence, not proof that either edge is wrong.","2015/2016/2020 source vintages differ. The 2016 file itself identifies overlap/no-jurisdiction zones. This row is provisional semantic evidence only; legal boundary, current delimitation and local-source completeness remain unresolved."
gb:VEN:ADM2:92452058B11954780234519,Agua Blanca,justified,municipal role and adjacent province suitability; not complete boundary approval,framework:province:portuguesa:d3e888b3586b,Portuguesa,gb:VEN:ADM2,Agua Blanca,municipality (2015 geoBoundaries ADM2 / Municipios source collection),2015,Open Data Commons Open Database License 1.0,92452058B11954780234519,1,1.0,0.01300602,1.0,Portuguesa,1.0,Municipio Agua Blanca,0.87709535,[],open: same-name IGVSB feature is only a different-vintage comparison; no surveyed/legal edge proof or complete regional coverage certificate,"At the role/parent level only: the source is a named Municipio in the 2015 ADM2 collection, a same-name 2016 IGVSB municipality exists, and independent 2020 ADM1 overlay places at least 98% of the source polygon in the issue-declared province. Boundary equivalence/completeness remains separately open.","2015/2016/2020 source vintages differ. The 2016 file itself identifies overlap/no-jurisdiction zones. This row is provisional semantic evidence only; legal boundary, current delimitation and local-source completeness remain unresolved."
gb:VEN:ADM2:92452058B12167323137967,San Felipe,justified,municipal role and adjacent province suitability; not complete boundary approval,framework:province:yaracuy:00e5a5072b16,Yaracuy,gb:VEN:ADM2,San Felipe,municipality (2015 geoBoundaries ADM2 / Municipios source collection),2015,Open Data Commons Open Database License 1.0,92452058B12167323137967,1,1.0,0.06521583,1.0,Yaracuy,1.0,Municipio San Felipe,0.67424097,[],open: same-name IGVSB feature is only a different-vintage comparison; no surveyed/legal edge proof or complete regional coverage certificate,"At the role/parent level only: the source is a named Municipio in the 2015 ADM2 collection, a same-name 2016 IGVSB municipality exists, and independent 2020 ADM1 overlay places at least 98% of the source polygon in the issue-declared province. Boundary equivalence/completeness remains separately open.","2015/2016/2020 source vintages differ. The 2016 file itself identifies overlap/no-jurisdiction zones. This row is provisional semantic evidence only; legal boundary, current delimitation and local-source completeness remain unresolved."
gb:VEN:ADM2:92452058B12581966052082,Autónomo Atures,justified,municipal role and adjacent province suitability; not complete boundary approval,framework:province:amazonas:dda057aedb0e,Amazonas,gb:VEN:ADM2,Autónomo Atures,municipality (2015 geoBoundaries ADM2 / Municipios source collection),2015,Open Data Commons Open Database License 1.0,92452058B12581966052082,1,1.0,0.02208052,0.98702339,Amazonas,0.98702339,Municipio Autónomo Atures,0.96262287,[],open: same-name IGVSB feature is only a different-vintage comparison; no surveyed/legal edge proof or complete regional coverage certificate,"At the role/parent level only: the source is a named Municipio in the 2015 ADM2 collection, a same-name 2016 IGVSB municipality exists, and independent 2020 ADM1 overlay places at least 98% of the source polygon in the issue-declared province. Boundary equivalence/completeness remains separately open.","2015/2016/2020 source vintages differ. The 2016 file itself identifies overlap/no-jurisdiction zones. This row is provisional semantic evidence only; legal boundary, current delimitation and local-source completeness remain unresolved."
gb:VEN:ADM2:92452058B12753025075780,José Ángel Lamas,justified,municipal role and adjacent province suitability; not complete boundary approval,framework:province:aragua:209b97f0e40e,Aragua,gb:VEN:ADM2,José Ángel Lamas,municipality (2015 geoBoundaries ADM2 / Municipios source collection),2015,Open Data Commons Open Database License 1.0,92452058B12753025075780,1,1.0,0.00381745,1.0,Aragua,1.0,Municipio José Ángel Lamas,0.79642109,[],open: same-name IGVSB feature is only a different-vintage comparison; no surveyed/legal edge proof or complete regional coverage certificate,"At the role/parent level only: the source is a named Municipio in the 2015 ADM2 collection, a same-name 2016 IGVSB municipality exists, and independent 2020 ADM1 overlay places at least 98% of the source polygon in the issue-declared province. Boundary equivalence/completeness remains separately open.","2015/2016/2020 source vintages differ. The 2016 file itself identifies overlap/no-jurisdiction zones. This row is provisional semantic evidence only; legal boundary, current delimitation and local-source completeness remain unresolved."
gb:VEN:ADM2:92452058B12777305429441,Sucre,justified,municipal role and adjacent province suitability; not complete boundary approval,framework:province:miranda:c08c2666c7c4,Miranda,gb:VEN:ADM2,Sucre,municipality (2015 geoBoundaries ADM2 / Municipios source collection),2015,Open Data Commons Open Database License 1.0,92452058B12777305429441,1,1.0,0.01957463,0.99999589,Miranda,0.99999589,Municipio Sucre,0.90191514,[],open: same-name IGVSB feature is only a different-vintage comparison; no surveyed/legal edge proof or complete regional coverage certificate,"At the role/parent level only: the source is a named Municipio in the 2015 ADM2 collection, a same-name 2016 IGVSB municipality exists, and independent 2020 ADM1 overlay places at least 98% of the source polygon in the issue-declared province. Boundary equivalence/completeness remains separately open.","2015/2016/2020 source vintages differ. The 2016 file itself identifies overlap/no-jurisdiction zones. This row is provisional semantic evidence only; legal boundary, current delimitation and local-source completeness remain unresolved."
gb:VEN:ADM2:92452058B1316533147896,San Juan de Capistrano,justified,municipal role and adjacent province suitability; not complete boundary approval,framework:province:anzoategui:48326e5e1b4d,Anzoátegui,gb:VEN:ADM2,San Juan de Capistrano,municipality (2015 geoBoundaries ADM2 / Municipios source collection),2015,Open Data Commons Open Database License 1.0,92452058B1316533147896,1,1.0,0.00239806,0.98914978,Anzoátegui,0.98914978,Municipio San Juan de Capistrano,0.90740169,[],open: same-name IGVSB feature is only a different-vintage comparison; no surveyed/legal edge proof or complete regional coverage certificate,"At the role/parent level only: the source is a named Municipio in the 2015 ADM2 collection, a same-name 2016 IGVSB municipality exists, and independent 2020 ADM1 overlay places at least 98% of the source polygon in the issue-declared province. Boundary equivalence/completeness remains separately open.","2015/2016/2020 source vintages differ. The 2016 file itself identifies overlap/no-jurisdiction zones. This row is provisional semantic evidence only; legal boundary, current delimitation and local-source completeness remain unresolved."
gb:VEN:ADM2:92452058B13345815126611,Libertador,insufficient-evidence,municipal role and adjacent province suitability; not complete boundary approval,framework:province:distrito-capital:3098dfb83d58,Distrito Capital,gb:VEN:ADM2,Libertador,municipality (2015 geoBoundaries ADM2 / Municipios source collection),2015,Open Data Commons Open Database License 1.0,92452058B13345815126611,1,1.0,0.96677857,0.95493388,Distrito Capital,0.95493388,Municipio Libertador,0.0,[],open: same-name IGVSB feature is only a different-vintage comparison; no surveyed/legal edge proof or complete regional coverage certificate,"A same-name IGVSB municipality is present in the 2016 comparator, but only 0.954934 of the 2015 source geometry overlaps its declared 2020 ADM1 parent in the WGS84 diagnostic; this misses the explicit 0.98 screen. The result is unresolved cross-vintage parent evidence, not proof that either edge is wrong.","2015/2016/2020 source vintages differ. The 2016 file itself identifies overlap/no-jurisdiction zones. This row is provisional semantic evidence only; legal boundary, current delimitation and local-source completeness remain unresolved."
gb:VEN:ADM2:92452058B13672560993609,Valdez,insufficient-evidence,municipal role and adjacent province suitability; not complete boundary approval,framework:province:sucre:a672348dc911,Sucre,gb:VEN:ADM2,Valdez,municipality (2015 geoBoundaries ADM2 / Municipios source collection),2015,Open Data Commons Open Database License 1.0,92452058B13672560993609,1,1.0,0.04837335,0.96490694,Sucre,0.96490694,Municipio Valdéz,0.91236118,[],open: same-name IGVSB feature is only a different-vintage comparison; no surveyed/legal edge proof or complete regional coverage certificate,"A same-name IGVSB municipality is present in the 2016 comparator, but only 0.964907 of the 2015 source geometry overlaps its declared 2020 ADM1 parent in the WGS84 diagnostic; this misses the explicit 0.98 screen. The result is unresolved cross-vintage parent evidence, not proof that either edge is wrong.","2015/2016/2020 source vintages differ. The 2016 file itself identifies overlap/no-jurisdiction zones. This row is provisional semantic evidence only; legal boundary, current delimitation and local-source completeness remain unresolved."
gb:VEN:ADM2:92452058B13726471401889,Bejuma,justified,municipal role and adjacent province suitability; not complete boundary approval,framework:province:carabobo:baf5d863629a,Carabobo,gb:VEN:ADM2,Bejuma,municipality (2015 geoBoundaries ADM2 / Municipios source collection),2015,Open Data Commons Open Database License 1.0,92452058B13726471401889,1,1.0,0.11207267,0.98470411,Carabobo,0.98470411,Municipio Bejuma,0.93889206,[],open: same-name IGVSB feature is only a different-vintage comparison; no surveyed/legal edge proof or complete regional coverage certificate,"At the role/parent level only: the source is a named Municipio in the 2015 ADM2 collection, a same-name 2016 IGVSB municipality exists, and independent 2020 ADM1 overlay places at least 98% of the source polygon in the issue-declared province. Boundary equivalence/completeness remains separately open.","2015/2016/2020 source vintages differ. The 2016 file itself identifies overlap/no-jurisdiction zones. This row is provisional semantic evidence only; legal boundary, current delimitation and local-source completeness remain unresolved."
gb:VEN:ADM2:92452058B14540922264670,Sucre,justified,municipal role and adjacent province suitability; not complete boundary approval,framework:province:portuguesa:d3e888b3586b,Portuguesa,gb:VEN:ADM2,Sucre,municipality (2015 geoBoundaries ADM2 / Municipios source collection),2015,Open Data Commons Open Database License 1.0,92452058B14540922264670,1,1.0,0.02592859,0.98563277,Portuguesa,0.98563277,Municipio Sucre,0.93835473,"[{""name"":""Zona de Sobreposición de Lí­mite entre Municipios"",""source_fraction"":0.00195336,""record_index"":177}]",open: 2016 IGVSB source has explicit overlapping or unassigned municipal-boundary zone polygons intersecting this unit,"At the role/parent level only: the source is a named Municipio in the 2015 ADM2 collection, a same-name 2016 IGVSB municipality exists, and independent 2020 ADM1 overlay places at least 98% of the source polygon in the issue-declared province. Boundary equivalence/completeness remains separately open.","2015/2016/2020 source vintages differ. The 2016 file itself identifies overlap/no-jurisdiction zones. This row is provisional semantic evidence only; legal boundary, current delimitation and local-source completeness remain unresolved."
gb:VEN:ADM2:92452058B15677212765732,Arismendi,justified,municipal role and adjacent province suitability; not complete boundary approval,framework:province:sucre:a672348dc911,Sucre,gb:VEN:ADM2,Arismendi,municipality (2015 geoBoundaries ADM2 / Municipios source collection),2015,Open Data Commons Open Database License 1.0,92452058B15677212765732,1,1.0,0.06226242,0.99608417,Sucre,0.99608417,Municipio Arismendi,0.86878595,[],open: same-name IGVSB feature is only a different-vintage comparison; no surveyed/legal edge proof or complete regional coverage certificate,"At the role/parent level only: the source is a named Municipio in the 2015 ADM2 collection, a same-name 2016 IGVSB municipality exists, and independent 2020 ADM1 overlay places at least 98% of the source polygon in the issue-declared province. Boundary equivalence/completeness remains separately open.","2015/2016/2020 source vintages differ. The 2016 file itself identifies overlap/no-jurisdiction zones. This row is provisional semantic evidence only; legal boundary, current delimitation and local-source completeness remain unresolved."
gb:VEN:ADM2:92452058B16204644970009,Bolívar,justified,municipal role and adjacent province suitability; not complete boundary approval,framework:province:sucre:a672348dc911,Sucre,gb:VEN:ADM2,Bolívar,municipality (2015 geoBoundaries ADM2 / Municipios source collection),2015,Open Data Commons Open Database License 1.0,92452058B16204644970009,1,1.0,0.01766745,0.99982033,Sucre,0.99982033,Municipio Bolí­var,0.90372388,[],open: same-name IGVSB feature is only a different-vintage comparison; no surveyed/legal edge proof or complete regional coverage certificate,"At the role/parent level only: the source is a named Municipio in the 2015 ADM2 collection, a same-name 2016 IGVSB municipality exists, and independent 2020 ADM1 overlay places at least 98% of the source polygon in the issue-declared province. Boundary equivalence/completeness remains separately open.","2015/2016/2020 source vintages differ. The 2016 file itself identifies overlap/no-jurisdiction zones. This row is provisional semantic evidence only; legal boundary, current delimitation and local-source completeness remain unresolved."
gb:VEN:ADM2:92452058B17363739467274,Francisco de Miranda,justified,municipal role and adjacent province suitability; not complete boundary approval,framework:province:guarico:768a8658d27d,Guárico,gb:VEN:ADM2,Francisco de Miranda,municipality (2015 geoBoundaries ADM2 / Municipios source collection),2015,Open Data Commons Open Database License 1.0,92452058B17363739467274,1,1.0,0.21453336,0.99795802,Guárico,0.99795802,Municipio Francisco de Miranda,0.98829696,[],open: same-name IGVSB feature is only a different-vintage comparison; no surveyed/legal edge proof or complete regional coverage certificate,"At the role/parent level only: the source is a named Municipio in the 2015 ADM2 collection, a same-name 2016 IGVSB municipality exists, and independent 2020 ADM1 overlay places at least 98% of the source polygon in the issue-declared province. Boundary equivalence/completeness remains separately open.","2015/2016/2020 source vintages differ. The 2016 file itself identifies overlap/no-jurisdiction zones. This row is provisional semantic evidence only; legal boundary, current delimitation and local-source completeness remain unresolved."
gb:VEN:ADM2:92452058B17559996625330,José Antonio Páez,justified,municipal role and adjacent province suitability; not complete boundary approval,framework:province:yaracuy:00e5a5072b16,Yaracuy,gb:VEN:ADM2,José Antonio Páez,municipality (2015 geoBoundaries ADM2 / Municipios source collection),2015,Open Data Commons Open Database License 1.0,92452058B17559996625330,1,1.0,0.01876775,0.99049035,Yaracuy,0.99049035,Municipio José Antonio Páez,0.85669772,[],open: same-name IGVSB feature is only a different-vintage comparison; no surveyed/legal edge proof or complete regional coverage certificate,"At the role/parent level only: the source is a named Municipio in the 2015 ADM2 collection, a same-name 2016 IGVSB municipality exists, and independent 2020 ADM1 overlay places at least 98% of the source polygon in the issue-declared province. Boundary equivalence/completeness remains separately open.","2015/2016/2020 source vintages differ. The 2016 file itself identifies overlap/no-jurisdiction zones. This row is provisional semantic evidence only; legal boundary, current delimitation and local-source completeness remain unresolved."
gb:VEN:ADM2:92452058B18446749128605,Camatagua,justified,municipal role and adjacent province suitability; not complete boundary approval,framework:province:aragua:209b97f0e40e,Aragua,gb:VEN:ADM2,Camatagua,municipality (2015 geoBoundaries ADM2 / Municipios source collection),2015,Open Data Commons Open Database License 1.0,92452058B18446749128605,1,1.0,0.12371863,0.9828374,Aragua,0.9828374,Municipio Camatagua,0.9458803,[],open: same-name IGVSB feature is only a different-vintage comparison; no surveyed/legal edge proof or complete regional coverage certificate,"At the role/parent level only: the source is a named Municipio in the 2015 ADM2 collection, a same-name 2016 IGVSB municipality exists, and independent 2020 ADM1 overlay places at least 98% of the source polygon in the issue-declared province. Boundary equivalence/completeness remains separately open.","2015/2016/2020 source vintages differ. The 2016 file itself identifies overlap/no-jurisdiction zones. This row is provisional semantic evidence only; legal boundary, current delimitation and local-source completeness remain unresolved."
gb:VEN:ADM2:92452058B18977618770055,Andrés Eloy Blanco,insufficient-evidence,municipal role and adjacent province suitability; not complete boundary approval,framework:province:sucre:a672348dc911,Sucre,gb:VEN:ADM2,Andrés Eloy Blanco,municipality (2015 geoBoundaries ADM2 / Municipios source collection),2015,Open Data Commons Open Database License 1.0,92452058B18977618770055,1,1.0,0.05608677,0.97469589,Sucre,0.97469589,Municipio Andrés Eloy Blanco,0.9123736,[],open: same-name IGVSB feature is only a different-vintage comparison; no surveyed/legal edge proof or complete regional coverage certificate,"A same-name IGVSB municipality is present in the 2016 comparator, but only 0.974696 of the 2015 source geometry overlaps its declared 2020 ADM1 parent in the WGS84 diagnostic; this misses the explicit 0.98 screen. The result is unresolved cross-vintage parent evidence, not proof that either edge is wrong.","2015/2016/2020 source vintages differ. The 2016 file itself identifies overlap/no-jurisdiction zones. This row is provisional semantic evidence only; legal boundary, current delimitation and local-source completeness remain unresolved."
gb:VEN:ADM2:92452058B19007337502862,Cristóbal Rojas,justified,municipal role and adjacent province suitability; not complete boundary approval,framework:province:miranda:c08c2666c7c4,Miranda,gb:VEN:ADM2,Cristóbal Rojas,municipality (2015 geoBoundaries ADM2 / Municipios source collection),2015,Open Data Commons Open Database License 1.0,92452058B19007337502862,1,1.0,0.01866763,1.0,Miranda,1.0,Municipio Cristóbal Rojas,0.89436503,[],open: same-name IGVSB feature is only a different-vintage comparison; no surveyed/legal edge proof or complete regional coverage certificate,"At the role/parent level only: the source is a named Municipio in the 2015 ADM2 collection, a same-name 2016 IGVSB municipality exists, and independent 2020 ADM1 overlay places at least 98% of the source polygon in the issue-declared province. Boundary equivalence/completeness remains separately open.","2015/2016/2020 source vintages differ. The 2016 file itself identifies overlap/no-jurisdiction zones. This row is provisional semantic evidence only; legal boundary, current delimitation and local-source completeness remain unresolved."
gb:VEN:ADM2:92452058B19178625121823,Caroní,insufficient-evidence,municipal role and adjacent province suitability; not complete boundary approval,framework:province:bolivar:f57910bb18ad,Bolívar,gb:VEN:ADM2,Caroní,municipality (2015 geoBoundaries ADM2 / Municipios source collection),2015,Open Data Commons Open Database License 1.0,92452058B19178625121823,1,1.0,0.00724493,0.97426259,Bolívar,0.97426259,Municipio Caroní­,0.83897273,[],open: same-name IGVSB feature is only a different-vintage comparison; no surveyed/legal edge proof or complete regional coverage certificate,"A same-name IGVSB municipality is present in the 2016 comparator, but only 0.974263 of the 2015 source geometry overlaps its declared 2020 ADM1 parent in the WGS84 diagnostic; this misses the explicit 0.98 screen. The result is unresolved cross-vintage parent evidence, not proof that either edge is wrong.","2015/2016/2020 source vintages differ. The 2016 file itself identifies overlap/no-jurisdiction zones. This row is provisional semantic evidence only; legal boundary, current delimitation and local-source completeness remain unresolved."
gb:VEN:ADM2:92452058B1963066211404,Autónomo Maroa,justified,municipal role and adjacent province suitability; not complete boundary approval,framework:province:amazonas:dda057aedb0e,Amazonas,gb:VEN:ADM2,Autónomo Maroa,municipality (2015 geoBoundaries ADM2 / Municipios source collection),2015,Open Data Commons Open Database License 1.0,92452058B1963066211404,1,1.0,0.07657864,0.99141766,Amazonas,0.99141766,Municipio Autónomo Maroa,0.8800946,[],open: same-name IGVSB feature is only a different-vintage comparison; no surveyed/legal edge proof or complete regional coverage certificate,"At the role/parent level only: the source is a named Municipio in the 2015 ADM2 collection, a same-name 2016 IGVSB municipality exists, and independent 2020 ADM1 overlay places at least 98% of the source polygon in the issue-declared province. Boundary equivalence/completeness remains separately open.","2015/2016/2020 source vintages differ. The 2016 file itself identifies overlap/no-jurisdiction zones. This row is provisional semantic evidence only; legal boundary, current delimitation and local-source completeness remain unresolved."
gb:VEN:ADM2:92452058B20734367983151,Aguasay,justified,municipal role and adjacent province suitability; not complete boundary approval,framework:province:monagas:04643c18e61c,Monagas,gb:VEN:ADM2,Aguasay,municipality (2015 geoBoundaries ADM2 / Municipios source collection),2015,Open Data Commons Open Database License 1.0,92452058B20734367983151,1,1.0,0.08450675,0.98578543,Monagas,0.98578543,Municipio Aguasay,0.97122551,[],open: same-name IGVSB feature is only a different-vintage comparison; no surveyed/legal edge proof or complete regional coverage certificate,"At the role/parent level only: the source is a named Municipio in the 2015 ADM2 collection, a same-name 2016 IGVSB municipality exists, and independent 2020 ADM1 overlay places at least 98% of the source polygon in the issue-declared province. Boundary equivalence/completeness remains separately open.","2015/2016/2020 source vintages differ. The 2016 file itself identifies overlap/no-jurisdiction zones. This row is provisional semantic evidence only; legal boundary, current delimitation and local-source completeness remain unresolved."
gb:VEN:ADM2:92452058B20804490373380,Biruaca,justified,municipal role and adjacent province suitability; not complete boundary approval,framework:province:apure:d0edbe4c689c,Apure,gb:VEN:ADM2,Biruaca,municipality (2015 geoBoundaries ADM2 / Municipios source collection),2015,Open Data Commons Open Database License 1.0,92452058B20804490373380,1,1.0,0.01413784,0.9993457,Apure,0.9993457,Municipio Biruaca,0.88788953,[],open: same-name IGVSB feature is only a different-vintage comparison; no surveyed/legal edge proof or complete regional coverage certificate,"At the role/parent level only: the source is a named Municipio in the 2015 ADM2 collection, a same-name 2016 IGVSB municipality exists, and independent 2020 ADM1 overlay places at least 98% of the source polygon in the issue-declared province. Boundary equivalence/completeness remains separately open.","2015/2016/2020 source vintages differ. The 2016 file itself identifies overlap/no-jurisdiction zones. This row is provisional semantic evidence only; legal boundary, current delimitation and local-source completeness remain unresolved."
gb:VEN:ADM2:92452058B21405103946028,Diego Bautista Urbanejo,insufficient-evidence,municipal role and adjacent province suitability; not complete boundary approval,framework:province:anzoategui:48326e5e1b4d,Anzoátegui,gb:VEN:ADM2,Diego Bautista Urbanejo,municipality (2015 geoBoundaries ADM2 / Municipios source collection),2015,Open Data Commons Open Database License 1.0,92452058B21405103946028,1,1.0,0.00022134,0.88846171,Anzoátegui,0.88846171,,,[],open: no exact same-name 2016 IGVSB municipality crosswalk established,No exact normalized municipality-name match was established in the 2016 IGVSB comparator; parent overlap alone does not complete the source-unit crosswalk. Retain as unresolved pending a primary unit crosswalk and current source.,"2015/2016/2020 source vintages differ. The 2016 file itself identifies overlap/no-jurisdiction zones. This row is provisional semantic evidence only; legal boundary, current delimitation and local-source completeness remain unresolved."
gb:VEN:ADM2:92452058B21426676418020,Rómulo Gallegos,justified,municipal role and adjacent province suitability; not complete boundary approval,framework:province:cojedes:0ffcf4d05528,Cojedes,gb:VEN:ADM2,Rómulo Gallegos,municipality (2015 geoBoundaries ADM2 / Municipios source collection),2015,Open Data Commons Open Database License 1.0,92452058B21426676418020,1,1.0,0.06698738,1.0,Cojedes,1.0,Municipio Rómulo Gallegos,0.91254142,[],open: same-name IGVSB feature is only a different-vintage comparison; no surveyed/legal edge proof or complete regional coverage certificate,"At the role/parent level only: the source is a named Municipio in the 2015 ADM2 collection, a same-name 2016 IGVSB municipality exists, and independent 2020 ADM1 overlay places at least 98% of the source polygon in the issue-declared province. Boundary equivalence/completeness remains separately open.","2015/2016/2020 source vintages differ. The 2016 file itself identifies overlap/no-jurisdiction zones. This row is provisional semantic evidence only; legal boundary, current delimitation and local-source completeness remain unresolved."
gb:VEN:ADM2:92452058B23928909517794,El Socorro,justified,municipal role and adjacent province suitability; not complete boundary approval,framework:province:guarico:768a8658d27d,Guárico,gb:VEN:ADM2,El Socorro,municipality (2015 geoBoundaries ADM2 / Municipios source collection),2015,Open Data Commons Open Database License 1.0,92452058B23928909517794,1,1.0,0.04086599,1.0,Guárico,1.0,Municipio El Socorro,0.84603691,[],open: same-name IGVSB feature is only a different-vintage comparison; no surveyed/legal edge proof or complete regional coverage certificate,"At the role/parent level only: the source is a named Municipio in the 2015 ADM2 collection, a same-name 2016 IGVSB municipality exists, and independent 2020 ADM1 overlay places at least 98% of the source polygon in the issue-declared province. Boundary equivalence/completeness remains separately open.","2015/2016/2020 source vintages differ. The 2016 file itself identifies overlap/no-jurisdiction zones. This row is provisional semantic evidence only; legal boundary, current delimitation and local-source completeness remain unresolved."
gb:VEN:ADM2:92452058B23947748286776,Urdaneta,justified,municipal role and adjacent province suitability; not complete boundary approval,framework:province:miranda:c08c2666c7c4,Miranda,gb:VEN:ADM2,Urdaneta,municipality (2015 geoBoundaries ADM2 / Municipios source collection),2015,Open Data Commons Open Database License 1.0,92452058B23947748286776,1,1.0,0.0350185,0.98050156,Miranda,0.98050156,Municipio Urdaneta,0.88051084,[],open: same-name IGVSB feature is only a different-vintage comparison; no surveyed/legal edge proof or complete regional coverage certificate,"At the role/parent level only: the source is a named Municipio in the 2015 ADM2 collection, a same-name 2016 IGVSB municipality exists, and independent 2020 ADM1 overlay places at least 98% of the source polygon in the issue-declared province. Boundary equivalence/completeness remains separately open.","2015/2016/2020 source vintages differ. The 2016 file itself identifies overlap/no-jurisdiction zones. This row is provisional semantic evidence only; legal boundary, current delimitation and local-source completeness remain unresolved."
gb:VEN:ADM2:92452058B25382681816620,José Félix Ribas,justified,municipal role and adjacent province suitability; not complete boundary approval,framework:province:aragua:209b97f0e40e,Aragua,gb:VEN:ADM2,José Félix Ribas,municipality (2015 geoBoundaries ADM2 / Municipios source collection),2015,Open Data Commons Open Database License 1.0,92452058B25382681816620,1,1.0,0.05457502,1.0,Aragua,1.0,Municipio José Félix Ribas,0.93038258,[],open: same-name IGVSB feature is only a different-vintage comparison; no surveyed/legal edge proof or complete regional coverage certificate,"At the role/parent level only: the source is a named Municipio in the 2015 ADM2 collection, a same-name 2016 IGVSB municipality exists, and independent 2020 ADM1 overlay places at least 98% of the source polygon in the issue-declared province. Boundary equivalence/completeness remains separately open.","2015/2016/2020 source vintages differ. The 2016 file itself identifies overlap/no-jurisdiction zones. This row is provisional semantic evidence only; legal boundary, current delimitation and local-source completeness remain unresolved."
gb:VEN:ADM2:92452058B25550874950140,Caripe,justified,municipal role and adjacent province suitability; not complete boundary approval,framework:province:monagas:04643c18e61c,Monagas,gb:VEN:ADM2,Caripe,municipality (2015 geoBoundaries ADM2 / Municipios source collection),2015,Open Data Commons Open Database License 1.0,92452058B25550874950140,1,1.0,0.02318784,0.9962744,Monagas,0.9962744,Municipio Caripe,0.92065647,"[{""name"":""Zona de Sobreposición de Lí­mite entre Municipios"",""source_fraction"":0.0004687,""record_index"":155}]",open: 2016 IGVSB source has explicit overlapping or unassigned municipal-boundary zone polygons intersecting this unit,"At the role/parent level only: the source is a named Municipio in the 2015 ADM2 collection, a same-name 2016 IGVSB municipality exists, and independent 2020 ADM1 overlay places at least 98% of the source polygon in the issue-declared province. Boundary equivalence/completeness remains separately open.","2015/2016/2020 source vintages differ. The 2016 file itself identifies overlap/no-jurisdiction zones. This row is provisional semantic evidence only; legal boundary, current delimitation and local-source completeness remain unresolved."
gb:VEN:ADM2:92452058B25675040918260,Zona en Reclamación,correction-needed,municipal role and adjacent province suitability; not complete boundary approval,framework:province:zona-en-reclamacion:d630ab02654a,,gb:VEN:ADM2,Zona en Reclamación,municipality (2015 geoBoundaries ADM2 / Municipios source collection),2015,Open Data Commons Open Database License 1.0,92452058B25675040918260,1,1.0,,,Bolívar,0.00584999,,,[],open: no exact same-name 2016 IGVSB municipality crosswalk established,"The 2015 ADM2 feature is explicitly named Zona en Reclamación, not a municipality. The 2016 IGVSB extract separates a Guayana Esequiba claim polygon, and the ICJ has ordered status-quo measures pending merits; no municipal identity or independent Venezuelan territorial status is established.","2015/2016/2020 source vintages differ. The 2016 file itself identifies overlap/no-jurisdiction zones. This row is provisional semantic evidence only; legal boundary, current delimitation and local-source completeness remain unresolved."
gb:VEN:ADM2:92452058B25759098564616,Brión,justified,municipal role and adjacent province suitability; not complete boundary approval,framework:province:miranda:c08c2666c7c4,Miranda,gb:VEN:ADM2,Brión,municipality (2015 geoBoundaries ADM2 / Municipios source collection),2015,Open Data Commons Open Database License 1.0,92452058B25759098564616,1,1.0,0.06454866,0.9871474,Miranda,0.9871474,Municipio Brión,0.92829772,[],open: same-name IGVSB feature is only a different-vintage comparison; no surveyed/legal edge proof or complete regional coverage certificate,"At the role/parent level only: the source is a named Municipio in the 2015 ADM2 collection, a same-name 2016 IGVSB municipality exists, and independent 2020 ADM1 overlay places at least 98% of the source polygon in the issue-declared province. Boundary equivalence/completeness remains separately open.","2015/2016/2020 source vintages differ. The 2016 file itself identifies overlap/no-jurisdiction zones. This row is provisional semantic evidence only; legal boundary, current delimitation and local-source completeness remain unresolved."
gb:VEN:ADM2:92452058B25789635219154,Bermúdez,justified,municipal role and adjacent province suitability; not complete boundary approval,framework:province:sucre:a672348dc911,Sucre,gb:VEN:ADM2,Bermúdez,municipality (2015 geoBoundaries ADM2 / Municipios source collection),2015,Open Data Commons Open Database License 1.0,92452058B25789635219154,1,1.0,0.01617583,0.99513672,Sucre,0.99513672,Municipio Bermúdez,0.29076299,[],open: same-name IGVSB feature is only a different-vintage comparison; no surveyed/legal edge proof or complete regional coverage certificate,"At the role/parent level only: the source is a named Municipio in the 2015 ADM2 collection, a same-name 2016 IGVSB municipality exists, and independent 2020 ADM1 overlay places at least 98% of the source polygon in the issue-declared province. Boundary equivalence/completeness remains separately open.","2015/2016/2020 source vintages differ. The 2016 file itself identifies overlap/no-jurisdiction zones. This row is provisional semantic evidence only; legal boundary, current delimitation and local-source completeness remain unresolved."
gb:VEN:ADM2:92452058B2608246233639,Anzoátegui,justified,municipal role and adjacent province suitability; not complete boundary approval,framework:province:cojedes:0ffcf4d05528,Cojedes,gb:VEN:ADM2,Anzoátegui,municipality (2015 geoBoundaries ADM2 / Municipios source collection),2015,Open Data Commons Open Database License 1.0,92452058B2608246233639,1,1.0,0.05538112,0.98113068,Cojedes,0.98113068,Municipio Anzoátegui,0.94467881,[],open: same-name IGVSB feature is only a different-vintage comparison; no surveyed/legal edge proof or complete regional coverage certificate,"At the role/parent level only: the source is a named Municipio in the 2015 ADM2 collection, a same-name 2016 IGVSB municipality exists, and independent 2020 ADM1 overlay places at least 98% of the source polygon in the issue-declared province. Boundary equivalence/completeness remains separately open.","2015/2016/2020 source vintages differ. The 2016 file itself identifies overlap/no-jurisdiction zones. This row is provisional semantic evidence only; legal boundary, current delimitation and local-source completeness remain unresolved."
gb:VEN:ADM2:92452058B26508954861758,Uracoa,justified,municipal role and adjacent province suitability; not complete boundary approval,framework:province:monagas:04643c18e61c,Monagas,gb:VEN:ADM2,Uracoa,municipality (2015 geoBoundaries ADM2 / Municipios source collection),2015,Open Data Commons Open Database License 1.0,92452058B26508954861758,1,1.0,0.06603819,0.99834928,Monagas,0.99834928,Municipio Uracoa,0.89071804,[],open: same-name IGVSB feature is only a different-vintage comparison; no surveyed/legal edge proof or complete regional coverage certificate,"At the role/parent level only: the source is a named Municipio in the 2015 ADM2 collection, a same-name 2016 IGVSB municipality exists, and independent 2020 ADM1 overlay places at least 98% of the source polygon in the issue-declared province. Boundary equivalence/completeness remains separately open.","2015/2016/2020 source vintages differ. The 2016 file itself identifies overlap/no-jurisdiction zones. This row is provisional semantic evidence only; legal boundary, current delimitation and local-source completeness remain unresolved."
gb:VEN:ADM2:92452058B26692301480200,Cocorote,justified,municipal role and adjacent province suitability; not complete boundary approval,framework:province:yaracuy:00e5a5072b16,Yaracuy,gb:VEN:ADM2,Cocorote,municipality (2015 geoBoundaries ADM2 / Municipios source collection),2015,Open Data Commons Open Database License 1.0,92452058B26692301480200,1,1.0,0.01278043,1.0,Yaracuy,1.0,Municipio Cocorote,0.63343316,[],open: same-name IGVSB feature is only a different-vintage comparison; no surveyed/legal edge proof or complete regional coverage certificate,"At the role/parent level only: the source is a named Municipio in the 2015 ADM2 collection, a same-name 2016 IGVSB municipality exists, and independent 2020 ADM1 overlay places at least 98% of the source polygon in the issue-declared province. Boundary equivalence/completeness remains separately open.","2015/2016/2020 source vintages differ. The 2016 file itself identifies overlap/no-jurisdiction zones. This row is provisional semantic evidence only; legal boundary, current delimitation and local-source completeness remain unresolved."
gb:VEN:ADM2:92452058B28042998253075,Plaza,justified,municipal role and adjacent province suitability; not complete boundary approval,framework:province:miranda:c08c2666c7c4,Miranda,gb:VEN:ADM2,Plaza,municipality (2015 geoBoundaries ADM2 / Municipios source collection),2015,Open Data Commons Open Database License 1.0,92452058B28042998253075,1,1.0,0.02266871,1.0,Miranda,1.0,Municipio Plaza,0.89189714,[],open: same-name IGVSB feature is only a different-vintage comparison; no surveyed/legal edge proof or complete regional coverage certificate,"At the role/parent level only: the source is a named Municipio in the 2015 ADM2 collection, a same-name 2016 IGVSB municipality exists, and independent 2020 ADM1 overlay places at least 98% of the source polygon in the issue-declared province. Boundary equivalence/completeness remains separately open.","2015/2016/2020 source vintages differ. The 2016 file itself identifies overlap/no-jurisdiction zones. This row is provisional semantic evidence only; legal boundary, current delimitation and local-source completeness remain unresolved."
gb:VEN:ADM2:92452058B28830683582357,Pedernales,insufficient-evidence,municipal role and adjacent province suitability; not complete boundary approval,framework:province:delta-amacuro:c5e3a392c190,Delta Amacuro,gb:VEN:ADM2,Pedernales,municipality (2015 geoBoundaries ADM2 / Municipios source collection),2015,Open Data Commons Open Database License 1.0,92452058B28830683582357,1,1.0,0.05951084,0.90893116,Delta Amacuro,0.90893116,Municipio Pedernales,0.60848407,[],open: same-name IGVSB feature is only a different-vintage comparison; no surveyed/legal edge proof or complete regional coverage certificate,"A same-name IGVSB municipality is present in the 2016 comparator, but only 0.908931 of the 2015 source geometry overlaps its declared 2020 ADM1 parent in the WGS84 diagnostic; this misses the explicit 0.98 screen. The result is unresolved cross-vintage parent evidence, not proof that either edge is wrong.","2015/2016/2020 source vintages differ. The 2016 file itself identifies overlap/no-jurisdiction zones. This row is provisional semantic evidence only; legal boundary, current delimitation and local-source completeness remain unresolved."
gb:VEN:ADM2:92452058B2929237041778,Pedro María Freites,justified,municipal role and adjacent province suitability; not complete boundary approval,framework:province:anzoategui:48326e5e1b4d,Anzoátegui,gb:VEN:ADM2,Pedro María Freites,municipality (2015 geoBoundaries ADM2 / Municipios source collection),2015,Open Data Commons Open Database License 1.0,92452058B2929237041778,1,1.0,0.16904438,0.99805561,Anzoátegui,0.99805561,Municipio Pedro Marí­a Fréites,0.97287162,"[{""name"":""Zona de Sobreposición de Lí­mite entre Municipios"",""source_fraction"":0.00073102,""record_index"":148},{""name"":""Zona de Sobreposición de Lí­mite entre Municipios"",""source_fraction"":0.00618637,""record_index"":150}]",open: 2016 IGVSB source has explicit overlapping or unassigned municipal-boundary zone polygons intersecting this unit,"At the role/parent level only: the source is a named Municipio in the 2015 ADM2 collection, a same-name 2016 IGVSB municipality exists, and independent 2020 ADM1 overlay places at least 98% of the source polygon in the issue-declared province. Boundary equivalence/completeness remains separately open.","2015/2016/2020 source vintages differ. The 2016 file itself identifies overlap/no-jurisdiction zones. This row is provisional semantic evidence only; legal boundary, current delimitation and local-source completeness remain unresolved."
gb:VEN:ADM2:92452058B30205634756293,Girardot,justified,municipal role and adjacent province suitability; not complete boundary approval,framework:province:cojedes:0ffcf4d05528,Cojedes,gb:VEN:ADM2,Girardot,municipality (2015 geoBoundaries ADM2 / Municipios source collection),2015,Open Data Commons Open Database License 1.0,92452058B30205634756293,1,1.0,0.22856397,0.98687937,Cojedes,0.98687937,Municipio Girardot,0.96462436,"[{""name"":""Zona de Sobreposición de Lí­mite entre Municipios"",""source_fraction"":0.0002017,""record_index"":198},{""name"":""Zona de Sobreposición de Lí­mite entre Municipios"",""source_fraction"":0.00226327,""record_index"":262},{""name"":""Zona de Sobreposición de Lí­mite entre Municipios"",""source_fraction"":0.00534556,""record_index"":265}]",open: 2016 IGVSB source has explicit overlapping or unassigned municipal-boundary zone polygons intersecting this unit,"At the role/parent level only: the source is a named Municipio in the 2015 ADM2 collection, a same-name 2016 IGVSB municipality exists, and independent 2020 ADM1 overlay places at least 98% of the source polygon in the issue-declared province. Boundary equivalence/completeness remains separately open.","2015/2016/2020 source vintages differ. The 2016 file itself identifies overlap/no-jurisdiction zones. This row is provisional semantic evidence only; legal boundary, current delimitation and local-source completeness remain unresolved."
gb:VEN:ADM2:92452058B30911467500490,San Joaquín,justified,municipal role and adjacent province suitability; not complete boundary approval,framework:province:carabobo:baf5d863629a,Carabobo,gb:VEN:ADM2,San Joaquín,municipality (2015 geoBoundaries ADM2 / Municipios source collection),2015,Open Data Commons Open Database License 1.0,92452058B30911467500490,2,0.99980554,0.02756341,0.9801681,Carabobo,0.9801681,Municipio San Joaquí­n,0.88946386,[],open: same-name IGVSB feature is only a different-vintage comparison; no surveyed/legal edge proof or complete regional coverage certificate,"At the role/parent level only: the source is a named Municipio in the 2015 ADM2 collection, a same-name 2016 IGVSB municipality exists, and independent 2020 ADM1 overlay places at least 98% of the source polygon in the issue-declared province. Boundary equivalence/completeness remains separately open.","2015/2016/2020 source vintages differ. The 2016 file itself identifies overlap/no-jurisdiction zones. This row is provisional semantic evidence only; legal boundary, current delimitation and local-source completeness remain unresolved."
gb:VEN:ADM2:92452058B32391304036894,Cruz Salmerón Acosta,insufficient-evidence,municipal role and adjacent province suitability; not complete boundary approval,framework:province:sucre:a672348dc911,Sucre,gb:VEN:ADM2,Cruz Salmerón Acosta,municipality (2015 geoBoundaries ADM2 / Municipios source collection),2015,Open Data Commons Open Database License 1.0,92452058B32391304036894,1,1.0,0.0476431,0.94170574,Sucre,0.94170574,Municipio Cruz Salmerón Acosta,0.90904252,[],open: same-name IGVSB feature is only a different-vintage comparison; no surveyed/legal edge proof or complete regional coverage certificate,"A same-name IGVSB municipality is present in the 2016 comparator, but only 0.941706 of the 2015 source geometry overlaps its declared 2020 ADM1 parent in the WGS84 diagnostic; this misses the explicit 0.98 screen. The result is unresolved cross-vintage parent evidence, not proof that either edge is wrong.","2015/2016/2020 source vintages differ. The 2016 file itself identifies overlap/no-jurisdiction zones. This row is provisional semantic evidence only; legal boundary, current delimitation and local-source completeness remain unresolved."
gb:VEN:ADM2:92452058B33294183212252,San José de Guaribe,justified,municipal role and adjacent province suitability; not complete boundary approval,framework:province:guarico:768a8658d27d,Guárico,gb:VEN:ADM2,San José de Guaribe,municipality (2015 geoBoundaries ADM2 / Municipios source collection),2015,Open Data Commons Open Database License 1.0,92452058B33294183212252,1,1.0,0.01771303,0.99951026,Guárico,0.99951026,Municipio San José de Guaribe,0.94832301,"[{""name"":""Zona de Sobreposición de Lí­mite entre Municipios"",""source_fraction"":0.01138142,""record_index"":63}]",open: 2016 IGVSB source has explicit overlapping or unassigned municipal-boundary zone polygons intersecting this unit,"At the role/parent level only: the source is a named Municipio in the 2015 ADM2 collection, a same-name 2016 IGVSB municipality exists, and independent 2020 ADM1 overlay places at least 98% of the source polygon in the issue-declared province. Boundary equivalence/completeness remains separately open.","2015/2016/2020 source vintages differ. The 2016 file itself identifies overlap/no-jurisdiction zones. This row is provisional semantic evidence only; legal boundary, current delimitation and local-source completeness remain unresolved."
gb:VEN:ADM2:92452058B33473960581249,Guanare,justified,municipal role and adjacent province suitability; not complete boundary approval,framework:province:portuguesa:d3e888b3586b,Portuguesa,gb:VEN:ADM2,Guanare,municipality (2015 geoBoundaries ADM2 / Municipios source collection),2015,Open Data Commons Open Database License 1.0,92452058B33473960581249,1,1.0,0.13252963,0.99985433,Portuguesa,0.99985433,Municipio Guanare,0.96288989,"[{""name"":""Zona de Sobreposición de Lí­mite entre Municipios"",""source_fraction"":0.00431596,""record_index"":67}]",open: 2016 IGVSB source has explicit overlapping or unassigned municipal-boundary zone polygons intersecting this unit,"At the role/parent level only: the source is a named Municipio in the 2015 ADM2 collection, a same-name 2016 IGVSB municipality exists, and independent 2020 ADM1 overlay places at least 98% of the source polygon in the issue-declared province. Boundary equivalence/completeness remains separately open.","2015/2016/2020 source vintages differ. The 2016 file itself identifies overlap/no-jurisdiction zones. This row is provisional semantic evidence only; legal boundary, current delimitation and local-source completeness remain unresolved."
gb:VEN:ADM2:92452058B33564894721572,Pedro Camejo,justified,municipal role and adjacent province suitability; not complete boundary approval,framework:province:apure:d0edbe4c689c,Apure,gb:VEN:ADM2,Pedro Camejo,municipality (2015 geoBoundaries ADM2 / Municipios source collection),2015,Open Data Commons Open Database License 1.0,92452058B33564894721572,1,1.0,0.28424901,0.99024425,Apure,0.99024425,Municipio Pedro Camejo,0.97725784,[],open: same-name IGVSB feature is only a different-vintage comparison; no surveyed/legal edge proof or complete regional coverage certificate,"At the role/parent level only: the source is a named Municipio in the 2015 ADM2 collection, a same-name 2016 IGVSB municipality exists, and independent 2020 ADM1 overlay places at least 98% of the source polygon in the issue-declared province. Boundary equivalence/completeness remains separately open.","2015/2016/2020 source vintages differ. The 2016 file itself identifies overlap/no-jurisdiction zones. This row is provisional semantic evidence only; legal boundary, current delimitation and local-source completeness remain unresolved."
gb:VEN:ADM2:92452058B340100748175,Simón Bolívar,justified,municipal role and adjacent province suitability; not complete boundary approval,framework:province:anzoategui:48326e5e1b4d,Anzoátegui,gb:VEN:ADM2,Simón Bolívar,municipality (2015 geoBoundaries ADM2 / Municipios source collection),2015,Open Data Commons Open Database License 1.0,92452058B340100748175,1,1.0,0.03607862,0.99934271,Anzoátegui,0.99934271,Municipio Simón Bolí­var,0.95979704,[],open: same-name IGVSB feature is only a different-vintage comparison; no surveyed/legal edge proof or complete regional coverage certificate,"At the role/parent level only: the source is a named Municipio in the 2015 ADM2 collection, a same-name 2016 IGVSB municipality exists, and independent 2020 ADM1 overlay places at least 98% of the source polygon in the issue-declared province. Boundary equivalence/completeness remains separately open.","2015/2016/2020 source vintages differ. The 2016 file itself identifies overlap/no-jurisdiction zones. This row is provisional semantic evidence only; legal boundary, current delimitation and local-source completeness remain unresolved."
gb:VEN:ADM2:92452058B34439964520942,San Gerónimo de Guayabal,justified,municipal role and adjacent province suitability; not complete boundary approval,framework:province:guarico:768a8658d27d,Guárico,gb:VEN:ADM2,San Gerónimo de Guayabal,municipality (2015 geoBoundaries ADM2 / Municipios source collection),2015,Open Data Commons Open Database License 1.0,92452058B34439964520942,1,1.0,0.06137728,0.98936098,Guárico,0.98936098,Municipio San Gerónimo de Guayabal,0.96693516,[],open: same-name IGVSB feature is only a different-vintage comparison; no surveyed/legal edge proof or complete regional coverage certificate,"At the role/parent level only: the source is a named Municipio in the 2015 ADM2 collection, a same-name 2016 IGVSB municipality exists, and independent 2020 ADM1 overlay places at least 98% of the source polygon in the issue-declared province. Boundary equivalence/completeness remains separately open.","2015/2016/2020 source vintages differ. The 2016 file itself identifies overlap/no-jurisdiction zones. This row is provisional semantic evidence only; legal boundary, current delimitation and local-source completeness remain unresolved."
gb:VEN:ADM2:92452058B34599827545063,Lander,insufficient-evidence,municipal role and adjacent province suitability; not complete boundary approval,framework:province:miranda:c08c2666c7c4,Miranda,gb:VEN:ADM2,Lander,municipality (2015 geoBoundaries ADM2 / Municipios source collection),2015,Open Data Commons Open Database License 1.0,92452058B34599827545063,1,1.0,0.0558924,0.96581115,Miranda,0.96581115,,,[],open: no exact same-name 2016 IGVSB municipality crosswalk established,No exact normalized municipality-name match was established in the 2016 IGVSB comparator; parent overlap alone does not complete the source-unit crosswalk. Retain as unresolved pending a primary unit crosswalk and current source.,"2015/2016/2020 source vintages differ. The 2016 file itself identifies overlap/no-jurisdiction zones. This row is provisional semantic evidence only; legal boundary, current delimitation and local-source completeness remain unresolved."
gb:VEN:ADM2:92452058B35086054619694,Los Salias,justified,municipal role and adjacent province suitability; not complete boundary approval,framework:province:miranda:c08c2666c7c4,Miranda,gb:VEN:ADM2,Los Salias,municipality (2015 geoBoundaries ADM2 / Municipios source collection),2015,Open Data Commons Open Database License 1.0,92452058B35086054619694,1,1.0,0.00628292,0.99999519,Miranda,0.99999519,Municipio Los Salias,0.86176393,[],open: same-name IGVSB feature is only a different-vintage comparison; no surveyed/legal edge proof or complete regional coverage certificate,"At the role/parent level only: the source is a named Municipio in the 2015 ADM2 collection, a same-name 2016 IGVSB municipality exists, and independent 2020 ADM1 overlay places at least 98% of the source polygon in the issue-declared province. Boundary equivalence/completeness remains separately open.","2015/2016/2020 source vintages differ. The 2016 file itself identifies overlap/no-jurisdiction zones. This row is provisional semantic evidence only; legal boundary, current delimitation and local-source completeness remain unresolved."
gb:VEN:ADM2:92452058B35318903418648,Autónomo Río Negro,justified,municipal role and adjacent province suitability; not complete boundary approval,framework:province:amazonas:dda057aedb0e,Amazonas,gb:VEN:ADM2,Autónomo Río Negro,municipality (2015 geoBoundaries ADM2 / Municipios source collection),2015,Open Data Commons Open Database License 1.0,92452058B35318903418648,1,1.0,0.21454762,0.99185054,Amazonas,0.99185054,Municipio Autónomo Rí­o Negro,0.94093232,[],open: same-name IGVSB feature is only a different-vintage comparison; no surveyed/legal edge proof or complete regional coverage certificate,"At the role/parent level only: the source is a named Municipio in the 2015 ADM2 collection, a same-name 2016 IGVSB municipality exists, and independent 2020 ADM1 overlay places at least 98% of the source polygon in the issue-declared province. Boundary equivalence/completeness remains separately open.","2015/2016/2020 source vintages differ. The 2016 file itself identifies overlap/no-jurisdiction zones. This row is provisional semantic evidence only; legal boundary, current delimitation and local-source completeness remain unresolved."
gb:VEN:ADM2:92452058B35367180068237,Píritu,justified,municipal role and adjacent province suitability; not complete boundary approval,framework:province:anzoategui:48326e5e1b4d,Anzoátegui,gb:VEN:ADM2,Píritu,municipality (2015 geoBoundaries ADM2 / Municipios source collection),2015,Open Data Commons Open Database License 1.0,92452058B35367180068237,1,1.0,0.00433236,1.0,Anzoátegui,1.0,Municipio Pí­ritu,0.8953655,[],open: same-name IGVSB feature is only a different-vintage comparison; no surveyed/legal edge proof or complete regional coverage certificate,"At the role/parent level only: the source is a named Municipio in the 2015 ADM2 collection, a same-name 2016 IGVSB municipality exists, and independent 2020 ADM1 overlay places at least 98% of the source polygon in the issue-declared province. Boundary equivalence/completeness remains separately open.","2015/2016/2020 source vintages differ. The 2016 file itself identifies overlap/no-jurisdiction zones. This row is provisional semantic evidence only; legal boundary, current delimitation and local-source completeness remain unresolved."
gb:VEN:ADM2:92452058B35610022203869,Independencia,justified,municipal role and adjacent province suitability; not complete boundary approval,framework:province:yaracuy:00e5a5072b16,Yaracuy,gb:VEN:ADM2,Independencia,municipality (2015 geoBoundaries ADM2 / Municipios source collection),2015,Open Data Commons Open Database License 1.0,92452058B35610022203869,1,1.0,0.01370298,1.0,Yaracuy,1.0,Municipio Independencia,0.49553749,[],open: same-name IGVSB feature is only a different-vintage comparison; no surveyed/legal edge proof or complete regional coverage certificate,"At the role/parent level only: the source is a named Municipio in the 2015 ADM2 collection, a same-name 2016 IGVSB municipality exists, and independent 2020 ADM1 overlay places at least 98% of the source polygon in the issue-declared province. Boundary equivalence/completeness remains separately open.","2015/2016/2020 source vintages differ. The 2016 file itself identifies overlap/no-jurisdiction zones. This row is provisional semantic evidence only; legal boundary, current delimitation and local-source completeness remain unresolved."
gb:VEN:ADM2:92452058B35839392546530,Carrizal,justified,municipal role and adjacent province suitability; not complete boundary approval,framework:province:miranda:c08c2666c7c4,Miranda,gb:VEN:ADM2,Carrizal,municipality (2015 geoBoundaries ADM2 / Municipios source collection),2015,Open Data Commons Open Database License 1.0,92452058B35839392546530,1,1.0,0.00434432,1.0,Miranda,1.0,Municipio Carrizal,0.70699113,[],open: same-name IGVSB feature is only a different-vintage comparison; no surveyed/legal edge proof or complete regional coverage certificate,"At the role/parent level only: the source is a named Municipio in the 2015 ADM2 collection, a same-name 2016 IGVSB municipality exists, and independent 2020 ADM1 overlay places at least 98% of the source polygon in the issue-declared province. Boundary equivalence/completeness remains separately open.","2015/2016/2020 source vintages differ. The 2016 file itself identifies overlap/no-jurisdiction zones. This row is provisional semantic evidence only; legal boundary, current delimitation and local-source completeness remain unresolved."
gb:VEN:ADM2:92452058B35881959392947,Veroes,justified,municipal role and adjacent province suitability; not complete boundary approval,framework:province:yaracuy:00e5a5072b16,Yaracuy,gb:VEN:ADM2,Veroes,municipality (2015 geoBoundaries ADM2 / Municipios source collection),2015,Open Data Commons Open Database License 1.0,92452058B35881959392947,1,1.0,0.16174183,0.99543536,Yaracuy,0.99543536,Municipio Veroes,0.84846779,"[{""name"":""Zona de Sobreposición de Lí­mite entre Municipios"",""source_fraction"":0.0003973,""record_index"":348}]",open: 2016 IGVSB source has explicit overlapping or unassigned municipal-boundary zone polygons intersecting this unit,"At the role/parent level only: the source is a named Municipio in the 2015 ADM2 collection, a same-name 2016 IGVSB municipality exists, and independent 2020 ADM1 overlay places at least 98% of the source polygon in the issue-declared province. Boundary equivalence/completeness remains separately open.","2015/2016/2020 source vintages differ. The 2016 file itself identifies overlap/no-jurisdiction zones. This row is provisional semantic evidence only; legal boundary, current delimitation and local-source completeness remain unresolved."
gb:VEN:ADM2:92452058B36515365287716,Cajigal,justified,municipal role and adjacent province suitability; not complete boundary approval,framework:province:sucre:a672348dc911,Sucre,gb:VEN:ADM2,Cajigal,municipality (2015 geoBoundaries ADM2 / Municipios source collection),2015,Open Data Commons Open Database License 1.0,92452058B36515365287716,1,1.0,0.02982431,0.98963537,Sucre,0.98963537,Municipio Cajigal,0.94841029,[],open: same-name IGVSB feature is only a different-vintage comparison; no surveyed/legal edge proof or complete regional coverage certificate,"At the role/parent level only: the source is a named Municipio in the 2015 ADM2 collection, a same-name 2016 IGVSB municipality exists, and independent 2020 ADM1 overlay places at least 98% of the source polygon in the issue-declared province. Boundary equivalence/completeness remains separately open.","2015/2016/2020 source vintages differ. The 2016 file itself identifies overlap/no-jurisdiction zones. This row is provisional semantic evidence only; legal boundary, current delimitation and local-source completeness remain unresolved."
gb:VEN:ADM2:92452058B36519834610261,Mariño,insufficient-evidence,municipal role and adjacent province suitability; not complete boundary approval,framework:province:sucre:a672348dc911,Sucre,gb:VEN:ADM2,Mariño,municipality (2015 geoBoundaries ADM2 / Municipios source collection),2015,Open Data Commons Open Database License 1.0,92452058B36519834610261,1,1.0,0.03598207,0.97075942,Sucre,0.97075942,Municipio Mariño,0.9330219,[],open: same-name IGVSB feature is only a different-vintage comparison; no surveyed/legal edge proof or complete regional coverage certificate,"A same-name IGVSB municipality is present in the 2016 comparator, but only 0.970759 of the 2015 source geometry overlaps its declared 2020 ADM1 parent in the WGS84 diagnostic; this misses the explicit 0.98 screen. The result is unresolved cross-vintage parent evidence, not proof that either edge is wrong.","2015/2016/2020 source vintages differ. The 2016 file itself identifies overlap/no-jurisdiction zones. This row is provisional semantic evidence only; legal boundary, current delimitation and local-source completeness remain unresolved."
gb:VEN:ADM2:92452058B36691786068251,Benítez,justified,municipal role and adjacent province suitability; not complete boundary approval,framework:province:sucre:a672348dc911,Sucre,gb:VEN:ADM2,Benítez,municipality (2015 geoBoundaries ADM2 / Municipios source collection),2015,Open Data Commons Open Database License 1.0,92452058B36691786068251,1,1.0,0.24587285,0.98107226,Sucre,0.98107226,Municipio Bení­tez,0.95881225,[],open: same-name IGVSB feature is only a different-vintage comparison; no surveyed/legal edge proof or complete regional coverage certificate,"At the role/parent level only: the source is a named Municipio in the 2015 ADM2 collection, a same-name 2016 IGVSB municipality exists, and independent 2020 ADM1 overlay places at least 98% of the source polygon in the issue-declared province. Boundary equivalence/completeness remains separately open.","2015/2016/2020 source vintages differ. The 2016 file itself identifies overlap/no-jurisdiction zones. This row is provisional semantic evidence only; legal boundary, current delimitation and local-source completeness remain unresolved."
gb:VEN:ADM2:92452058B37394705502377,Ospino,justified,municipal role and adjacent province suitability; not complete boundary approval,framework:province:portuguesa:d3e888b3586b,Portuguesa,gb:VEN:ADM2,Ospino,municipality (2015 geoBoundaries ADM2 / Municipios source collection),2015,Open Data Commons Open Database License 1.0,92452058B37394705502377,1,1.0,0.10514598,0.99784729,Portuguesa,0.99784729,Municipio Ospino,0.95005542,"[{""name"":""Zona de Sobreposición de Lí­mite entre Municipios"",""source_fraction"":0.00016387,""record_index"":65},{""name"":""Zona de Sobreposición de Lí­mite entre Municipios"",""source_fraction"":0.00017176,""record_index"":67},{""name"":""Zona de Sobreposición de Lí­mite entre Municipios"",""source_fraction"":0.00526853,""record_index"":69}]",open: 2016 IGVSB source has explicit overlapping or unassigned municipal-boundary zone polygons intersecting this unit,"At the role/parent level only: the source is a named Municipio in the 2015 ADM2 collection, a same-name 2016 IGVSB municipality exists, and independent 2020 ADM1 overlay places at least 98% of the source polygon in the issue-declared province. Boundary equivalence/completeness remains separately open.","2015/2016/2020 source vintages differ. The 2016 file itself identifies overlap/no-jurisdiction zones. This row is provisional semantic evidence only; legal boundary, current delimitation and local-source completeness remain unresolved."
gb:VEN:ADM2:92452058B38139614361819,Juan José Mora,justified,municipal role and adjacent province suitability; not complete boundary approval,framework:province:carabobo:baf5d863629a,Carabobo,gb:VEN:ADM2,Juan José Mora,municipality (2015 geoBoundaries ADM2 / Municipios source collection),2015,Open Data Commons Open Database License 1.0,92452058B38139614361819,1,1.0,0.10903042,0.99119328,Carabobo,0.99119328,Municipio Juan José Mora,0.94667467,"[{""name"":""Zona de Sobreposición de Lí­mite entre Municipios"",""source_fraction"":0.00011557,""record_index"":348}]",open: 2016 IGVSB source has explicit overlapping or unassigned municipal-boundary zone polygons intersecting this unit,"At the role/parent level only: the source is a named Municipio in the 2015 ADM2 collection, a same-name 2016 IGVSB municipality exists, and independent 2020 ADM1 overlay places at least 98% of the source polygon in the issue-declared province. Boundary equivalence/completeness remains separately open.","2015/2016/2020 source vintages differ. The 2016 file itself identifies overlap/no-jurisdiction zones. This row is provisional semantic evidence only; legal boundary, current delimitation and local-source completeness remain unresolved."
gb:VEN:ADM2:92452058B3851867727254,Santa Rosalía,justified,municipal role and adjacent province suitability; not complete boundary approval,framework:province:portuguesa:d3e888b3586b,Portuguesa,gb:VEN:ADM2,Santa Rosalía,municipality (2015 geoBoundaries ADM2 / Municipios source collection),2015,Open Data Commons Open Database License 1.0,92452058B3851867727254,1,1.0,0.06826002,0.99892575,Portuguesa,0.99892575,Municipio Santa Rosalí­a,0.91334474,"[{""name"":""Zona de Sobreposición de Lí­mite entre Municipios"",""source_fraction"":0.03679689,""record_index"":262},{""name"":""Zona de Sobreposición de Lí­mite entre Municipios"",""source_fraction"":0.00113701,""record_index"":312}]",open: 2016 IGVSB source has explicit overlapping or unassigned municipal-boundary zone polygons intersecting this unit,"At the role/parent level only: the source is a named Municipio in the 2015 ADM2 collection, a same-name 2016 IGVSB municipality exists, and independent 2020 ADM1 overlay places at least 98% of the source polygon in the issue-declared province. Boundary equivalence/completeness remains separately open.","2015/2016/2020 source vintages differ. The 2016 file itself identifies overlap/no-jurisdiction zones. This row is provisional semantic evidence only; legal boundary, current delimitation and local-source completeness remain unresolved."
gb:VEN:ADM2:92452058B38768688631563,Anaco,justified,municipal role and adjacent province suitability; not complete boundary approval,framework:province:anzoategui:48326e5e1b4d,Anzoátegui,gb:VEN:ADM2,Anaco,municipality (2015 geoBoundaries ADM2 / Municipios source collection),2015,Open Data Commons Open Database License 1.0,92452058B38768688631563,1,1.0,0.01745723,1.0,Anzoátegui,1.0,Municipio Anaco,0.95412234,[],open: same-name IGVSB feature is only a different-vintage comparison; no surveyed/legal edge proof or complete regional coverage certificate,"At the role/parent level only: the source is a named Municipio in the 2015 ADM2 collection, a same-name 2016 IGVSB municipality exists, and independent 2020 ADM1 overlay places at least 98% of the source polygon in the issue-declared province. Boundary equivalence/completeness remains separately open.","2015/2016/2020 source vintages differ. The 2016 file itself identifies overlap/no-jurisdiction zones. This row is provisional semantic evidence only; legal boundary, current delimitation and local-source completeness remain unresolved."
gb:VEN:ADM2:92452058B38977236110472,Acevedo,justified,municipal role and adjacent province suitability; not complete boundary approval,framework:province:miranda:c08c2666c7c4,Miranda,gb:VEN:ADM2,Acevedo,municipality (2015 geoBoundaries ADM2 / Municipios source collection),2015,Open Data Commons Open Database License 1.0,92452058B38977236110472,1,1.0,0.2287936,0.99239364,Miranda,0.99239364,Municipio Acevedo,0.96809641,[],open: same-name IGVSB feature is only a different-vintage comparison; no surveyed/legal edge proof or complete regional coverage certificate,"At the role/parent level only: the source is a named Municipio in the 2015 ADM2 collection, a same-name 2016 IGVSB municipality exists, and independent 2020 ADM1 overlay places at least 98% of the source polygon in the issue-declared province. Boundary equivalence/completeness remains separately open.","2015/2016/2020 source vintages differ. The 2016 file itself identifies overlap/no-jurisdiction zones. This row is provisional semantic evidence only; legal boundary, current delimitation and local-source completeness remain unresolved."
gb:VEN:ADM2:92452058B39139174954008,San José de Guanipa,justified,municipal role and adjacent province suitability; not complete boundary approval,framework:province:anzoategui:48326e5e1b4d,Anzoátegui,gb:VEN:ADM2,San José de Guanipa,municipality (2015 geoBoundaries ADM2 / Municipios source collection),2015,Open Data Commons Open Database License 1.0,92452058B39139174954008,1,1.0,0.02149701,1.0,Anzoátegui,1.0,Municipio San José de Guanipa,0.95514795,[],open: same-name IGVSB feature is only a different-vintage comparison; no surveyed/legal edge proof or complete regional coverage certificate,"At the role/parent level only: the source is a named Municipio in the 2015 ADM2 collection, a same-name 2016 IGVSB municipality exists, and independent 2020 ADM1 overlay places at least 98% of the source polygon in the issue-declared province. Boundary equivalence/completeness remains separately open.","2015/2016/2020 source vintages differ. The 2016 file itself identifies overlap/no-jurisdiction zones. This row is provisional semantic evidence only; legal boundary, current delimitation and local-source completeness remain unresolved."
gb:VEN:ADM2:92452058B4017095457162,San Rafael de Onoto,justified,municipal role and adjacent province suitability; not complete boundary approval,framework:province:portuguesa:d3e888b3586b,Portuguesa,gb:VEN:ADM2,San Rafael de Onoto,municipality (2015 geoBoundaries ADM2 / Municipios source collection),2015,Open Data Commons Open Database License 1.0,92452058B4017095457162,1,1.0,0.01263911,0.99504519,Portuguesa,0.99504519,Municipio San Rafael de Onoto,0.88964618,"[{""name"":""Zona de Sobreposición de Lí­mite entre Municipios"",""source_fraction"":0.00268521,""record_index"":76}]",open: 2016 IGVSB source has explicit overlapping or unassigned municipal-boundary zone polygons intersecting this unit,"At the role/parent level only: the source is a named Municipio in the 2015 ADM2 collection, a same-name 2016 IGVSB municipality exists, and independent 2020 ADM1 overlay places at least 98% of the source polygon in the issue-declared province. Boundary equivalence/completeness remains separately open.","2015/2016/2020 source vintages differ. The 2016 file itself identifies overlap/no-jurisdiction zones. This row is provisional semantic evidence only; legal boundary, current delimitation and local-source completeness remain unresolved."
gb:VEN:ADM2:92452058B40300597364264,Carlos Arvelo,insufficient-evidence,municipal role and adjacent province suitability; not complete boundary approval,framework:province:carabobo:baf5d863629a,Carabobo,gb:VEN:ADM2,Carlos Arvelo,municipality (2015 geoBoundaries ADM2 / Municipios source collection),2015,Open Data Commons Open Database License 1.0,92452058B40300597364264,6,0.99687673,0.17598798,0.97981507,Carabobo,0.97981507,Municipio Carlos Arvelo,0.93954855,"[{""name"":""Zona de Sobreposición de Lí­mite entre Municipios"",""source_fraction"":0.00062378,""record_index"":192},{""name"":""Zona sin Jurisdicción Territorial entre los Municipios Zamora-Carlos Arvelo"",""source_fraction"":0.00238354,""record_index"":361}]",open: 2016 IGVSB source has explicit overlapping or unassigned municipal-boundary zone polygons intersecting this unit,"A same-name IGVSB municipality is present in the 2016 comparator, but only 0.979815 of the 2015 source geometry overlaps its declared 2020 ADM1 parent in the WGS84 diagnostic; this misses the explicit 0.98 screen. The result is unresolved cross-vintage parent evidence, not proof that either edge is wrong.","2015/2016/2020 source vintages differ. The 2016 file itself identifies overlap/no-jurisdiction zones. This row is provisional semantic evidence only; legal boundary, current delimitation and local-source completeness remain unresolved."
gb:VEN:ADM2:92452058B40538109508806,Santos Michelena,justified,municipal role and adjacent province suitability; not complete boundary approval,framework:province:aragua:209b97f0e40e,Aragua,gb:VEN:ADM2,Santos Michelena,municipality (2015 geoBoundaries ADM2 / Municipios source collection),2015,Open Data Commons Open Database License 1.0,92452058B40538109508806,1,1.0,0.02993205,0.99684001,Aragua,0.99684001,Municipio Santos Michelena,0.918313,[],open: same-name IGVSB feature is only a different-vintage comparison; no surveyed/legal edge proof or complete regional coverage certificate,"At the role/parent level only: the source is a named Municipio in the 2015 ADM2 collection, a same-name 2016 IGVSB municipality exists, and independent 2020 ADM1 overlay places at least 98% of the source polygon in the issue-declared province. Boundary equivalence/completeness remains separately open.","2015/2016/2020 source vintages differ. The 2016 file itself identifies overlap/no-jurisdiction zones. This row is provisional semantic evidence only; legal boundary, current delimitation and local-source completeness remain unresolved."
gb:VEN:ADM2:92452058B41252647262147,Monseñor José Vicente de Unda,insufficient-evidence,municipal role and adjacent province suitability; not complete boundary approval,framework:province:portuguesa:d3e888b3586b,Portuguesa,gb:VEN:ADM2,Monseñor José Vicente de Unda,municipality (2015 geoBoundaries ADM2 / Municipios source collection),2015,Open Data Commons Open Database License 1.0,92452058B41252647262147,1,1.0,0.0143903,0.97945588,Portuguesa,0.97945588,Municipio Monseñor José Vicente de Unda,0.93716469,[],open: same-name IGVSB feature is only a different-vintage comparison; no surveyed/legal edge proof or complete regional coverage certificate,"A same-name IGVSB municipality is present in the 2016 comparator, but only 0.979456 of the 2015 source geometry overlaps its declared 2020 ADM1 parent in the WGS84 diagnostic; this misses the explicit 0.98 screen. The result is unresolved cross-vintage parent evidence, not proof that either edge is wrong.","2015/2016/2020 source vintages differ. The 2016 file itself identifies overlap/no-jurisdiction zones. This row is provisional semantic evidence only; legal boundary, current delimitation and local-source completeness remain unresolved."
gb:VEN:ADM2:92452058B41395444182143,Montes,justified,municipal role and adjacent province suitability; not complete boundary approval,framework:province:sucre:a672348dc911,Sucre,gb:VEN:ADM2,Montes,municipality (2015 geoBoundaries ADM2 / Municipios source collection),2015,Open Data Commons Open Database License 1.0,92452058B41395444182143,1,1.0,0.08700498,0.98706742,Sucre,0.98706742,Municipio Montes,0.95111457,"[{""name"":""Zona de Sobreposición de Lí­mite entre Municipios"",""source_fraction"":0.00991077,""record_index"":154}]",open: 2016 IGVSB source has explicit overlapping or unassigned municipal-boundary zone polygons intersecting this unit,"At the role/parent level only: the source is a named Municipio in the 2015 ADM2 collection, a same-name 2016 IGVSB municipality exists, and independent 2020 ADM1 overlay places at least 98% of the source polygon in the issue-declared province. Boundary equivalence/completeness remains separately open.","2015/2016/2020 source vintages differ. The 2016 file itself identifies overlap/no-jurisdiction zones. This row is provisional semantic evidence only; legal boundary, current delimitation and local-source completeness remain unresolved."
gb:VEN:ADM2:92452058B41510746407735,Heres,justified,municipal role and adjacent province suitability; not complete boundary approval,framework:province:bolivar:f57910bb18ad,Bolívar,gb:VEN:ADM2,Heres,municipality (2015 geoBoundaries ADM2 / Municipios source collection),2015,Open Data Commons Open Database License 1.0,92452058B41510746407735,1,1.0,0.02792539,0.98703473,Bolívar,0.98703473,Municipio Heres,0.86449273,[],open: same-name IGVSB feature is only a different-vintage comparison; no surveyed/legal edge proof or complete regional coverage certificate,"At the role/parent level only: the source is a named Municipio in the 2015 ADM2 collection, a same-name 2016 IGVSB municipality exists, and independent 2020 ADM1 overlay places at least 98% of the source polygon in the issue-declared province. Boundary equivalence/completeness remains separately open.","2015/2016/2020 source vintages differ. The 2016 file itself identifies overlap/no-jurisdiction zones. This row is provisional semantic evidence only; legal boundary, current delimitation and local-source completeness remain unresolved."
gb:VEN:ADM2:92452058B42172892239758,Autónomo Manapiare,justified,municipal role and adjacent province suitability; not complete boundary approval,framework:province:amazonas:dda057aedb0e,Amazonas,gb:VEN:ADM2,Autónomo Manapiare,municipality (2015 geoBoundaries ADM2 / Municipios source collection),2015,Open Data Commons Open Database License 1.0,92452058B42172892239758,1,1.0,0.17858677,0.98787918,Amazonas,0.98787918,Municipio Autónomo Manapiare,0.9313069,[],open: same-name IGVSB feature is only a different-vintage comparison; no surveyed/legal edge proof or complete regional coverage certificate,"At the role/parent level only: the source is a named Municipio in the 2015 ADM2 collection, a same-name 2016 IGVSB municipality exists, and independent 2020 ADM1 overlay places at least 98% of the source polygon in the issue-declared province. Boundary equivalence/completeness remains separately open.","2015/2016/2020 source vintages differ. The 2016 file itself identifies overlap/no-jurisdiction zones. This row is provisional semantic evidence only; legal boundary, current delimitation and local-source completeness remain unresolved."
gb:VEN:ADM2:92452058B422414995593,Valencia,justified,municipal role and adjacent province suitability; not complete boundary approval,framework:province:carabobo:baf5d863629a,Carabobo,gb:VEN:ADM2,Valencia,municipality (2015 geoBoundaries ADM2 / Municipios source collection),2015,Open Data Commons Open Database License 1.0,92452058B422414995593,1,1.0,0.16014632,0.98302208,Carabobo,0.98302208,Municipio Valencia,0.19113882,[],open: same-name IGVSB feature is only a different-vintage comparison; no surveyed/legal edge proof or complete regional coverage certificate,"At the role/parent level only: the source is a named Municipio in the 2015 ADM2 collection, a same-name 2016 IGVSB municipality exists, and independent 2020 ADM1 overlay places at least 98% of the source polygon in the issue-declared province. Boundary equivalence/completeness remains separately open.","2015/2016/2020 source vintages differ. The 2016 file itself identifies overlap/no-jurisdiction zones. This row is provisional semantic evidence only; legal boundary, current delimitation and local-source completeness remain unresolved."
gb:VEN:ADM2:92452058B42383806432363,Papelón,justified,municipal role and adjacent province suitability; not complete boundary approval,framework:province:portuguesa:d3e888b3586b,Portuguesa,gb:VEN:ADM2,Papelón,municipality (2015 geoBoundaries ADM2 / Municipios source collection),2015,Open Data Commons Open Database License 1.0,92452058B42383806432363,1,1.0,0.14464062,0.99494064,Portuguesa,0.99494064,Municipio Papelón,0.94288039,"[{""name"":""Zona de Sobreposición de Lí­mite entre Municipios"",""source_fraction"":0.00053871,""record_index"":99},{""name"":""Zona de Sobreposición de Lí­mite entre Municipios"",""source_fraction"":0.000687,""record_index"":122},{""name"":""Zona de Sobreposición de Lí­mite entre Municipios"",""source_fraction"":0.00823499,""record_index"":198},{""name"":""Zona de Sobreposición de Lí­mite entre Municipios"",""source_fraction"":0.00216475,""record_index"":312}]",open: 2016 IGVSB source has explicit overlapping or unassigned municipal-boundary zone polygons intersecting this unit,"At the role/parent level only: the source is a named Municipio in the 2015 ADM2 collection, a same-name 2016 IGVSB municipality exists, and independent 2020 ADM1 overlay places at least 98% of the source polygon in the issue-declared province. Boundary equivalence/completeness remains separately open.","2015/2016/2020 source vintages differ. The 2016 file itself identifies overlap/no-jurisdiction zones. This row is provisional semantic evidence only; legal boundary, current delimitation and local-source completeness remain unresolved."
gb:VEN:ADM2:92452058B4239970506529,José Gregorio Monagas,justified,municipal role and adjacent province suitability; not complete boundary approval,framework:province:anzoategui:48326e5e1b4d,Anzoátegui,gb:VEN:ADM2,José Gregorio Monagas,municipality (2015 geoBoundaries ADM2 / Municipios source collection),2015,Open Data Commons Open Database License 1.0,92452058B4239970506529,1,1.0,0.20577871,0.99580739,Anzoátegui,0.99580739,Municipio José Gregorio Monagas,0.98308735,[],open: same-name IGVSB feature is only a different-vintage comparison; no surveyed/legal edge proof or complete regional coverage certificate,"At the role/parent level only: the source is a named Municipio in the 2015 ADM2 collection, a same-name 2016 IGVSB municipality exists, and independent 2020 ADM1 overlay places at least 98% of the source polygon in the issue-declared province. Boundary equivalence/completeness remains separately open.","2015/2016/2020 source vintages differ. The 2016 file itself identifies overlap/no-jurisdiction zones. This row is provisional semantic evidence only; legal boundary, current delimitation and local-source completeness remain unresolved."
gb:VEN:ADM2:92452058B44788675020047,Nirgua,justified,municipal role and adjacent province suitability; not complete boundary approval,framework:province:yaracuy:00e5a5072b16,Yaracuy,gb:VEN:ADM2,Nirgua,municipality (2015 geoBoundaries ADM2 / Municipios source collection),2015,Open Data Commons Open Database License 1.0,92452058B44788675020047,1,1.0,0.31359876,0.98573536,Yaracuy,0.98573536,Municipio Nirgua,0.86544899,"[{""name"":""Zona de Sobreposición de Lí­mite entre Municipios"",""source_fraction"":0.10459998,""record_index"":81}]",open: 2016 IGVSB source has explicit overlapping or unassigned municipal-boundary zone polygons intersecting this unit,"At the role/parent level only: the source is a named Municipio in the 2015 ADM2 collection, a same-name 2016 IGVSB municipality exists, and independent 2020 ADM1 overlay places at least 98% of the source polygon in the issue-declared province. Boundary equivalence/completeness remains separately open.","2015/2016/2020 source vintages differ. The 2016 file itself identifies overlap/no-jurisdiction zones. This row is provisional semantic evidence only; legal boundary, current delimitation and local-source completeness remain unresolved."
gb:VEN:ADM2:92452058B4495474982112,José Tadeo Monagas,justified,municipal role and adjacent province suitability; not complete boundary approval,framework:province:guarico:768a8658d27d,Guárico,gb:VEN:ADM2,José Tadeo Monagas,municipality (2015 geoBoundaries ADM2 / Municipios source collection),2015,Open Data Commons Open Database License 1.0,92452058B4495474982112,1,1.0,0.0523713,0.99474419,Guárico,0.99474419,Municipio José Tadeo Monagas,0.96841138,"[{""name"":""Zona de Sobreposición de Lí­mite entre Municipios"",""source_fraction"":0.00044627,""record_index"":101}]",open: 2016 IGVSB source has explicit overlapping or unassigned municipal-boundary zone polygons intersecting this unit,"At the role/parent level only: the source is a named Municipio in the 2015 ADM2 collection, a same-name 2016 IGVSB municipality exists, and independent 2020 ADM1 overlay places at least 98% of the source polygon in the issue-declared province. Boundary equivalence/completeness remains separately open.","2015/2016/2020 source vintages differ. The 2016 file itself identifies overlap/no-jurisdiction zones. This row is provisional semantic evidence only; legal boundary, current delimitation and local-source completeness remain unresolved."
gb:VEN:ADM2:92452058B45156381863749,Diego Ibarra,insufficient-evidence,municipal role and adjacent province suitability; not complete boundary approval,framework:province:carabobo:baf5d863629a,Carabobo,gb:VEN:ADM2,Diego Ibarra,municipality (2015 geoBoundaries ADM2 / Municipios source collection),2015,Open Data Commons Open Database License 1.0,92452058B45156381863749,1,1.0,0.01591832,0.9545906,Carabobo,0.9545906,Municipio Diego Ibarra,0.86285283,[],open: same-name IGVSB feature is only a different-vintage comparison; no surveyed/legal edge proof or complete regional coverage certificate,"A same-name IGVSB municipality is present in the 2016 comparator, but only 0.954591 of the 2015 source geometry overlaps its declared 2020 ADM1 parent in the WGS84 diagnostic; this misses the explicit 0.98 screen. The result is unresolved cross-vintage parent evidence, not proof that either edge is wrong.","2015/2016/2020 source vintages differ. The 2016 file itself identifies overlap/no-jurisdiction zones. This row is provisional semantic evidence only; legal boundary, current delimitation and local-source completeness remain unresolved."
gb:VEN:ADM2:92452058B45353491303676,Arístides Bastidas,justified,municipal role and adjacent province suitability; not complete boundary approval,framework:province:yaracuy:00e5a5072b16,Yaracuy,gb:VEN:ADM2,Arístides Bastidas,municipality (2015 geoBoundaries ADM2 / Municipios source collection),2015,Open Data Commons Open Database License 1.0,92452058B45353491303676,1,1.0,0.01055186,1.0,Yaracuy,1.0,Municipio Arí­stides Bastidas,0.71330451,[],open: same-name IGVSB feature is only a different-vintage comparison; no surveyed/legal edge proof or complete regional coverage certificate,"At the role/parent level only: the source is a named Municipio in the 2015 ADM2 collection, a same-name 2016 IGVSB municipality exists, and independent 2020 ADM1 overlay places at least 98% of the source polygon in the issue-declared province. Boundary equivalence/completeness remains separately open.","2015/2016/2020 source vintages differ. The 2016 file itself identifies overlap/no-jurisdiction zones. This row is provisional semantic evidence only; legal boundary, current delimitation and local-source completeness remain unresolved."
gb:VEN:ADM2:92452058B45585815377737,Cedeño,insufficient-evidence,municipal role and adjacent province suitability; not complete boundary approval,framework:province:bolivar:f57910bb18ad,Bolívar,gb:VEN:ADM2,Cedeño,municipality (2015 geoBoundaries ADM2 / Municipios source collection),2015,Open Data Commons Open Database License 1.0,92452058B45585815377737,1,1.0,0.19252942,0.96916981,Bolívar,0.96916981,Municipio Cedeño,0.9499279,[],open: same-name IGVSB feature is only a different-vintage comparison; no surveyed/legal edge proof or complete regional coverage certificate,"A same-name IGVSB municipality is present in the 2016 comparator, but only 0.969170 of the 2015 source geometry overlaps its declared 2020 ADM1 parent in the WGS84 diagnostic; this misses the explicit 0.98 screen. The result is unresolved cross-vintage parent evidence, not proof that either edge is wrong.","2015/2016/2020 source vintages differ. The 2016 file itself identifies overlap/no-jurisdiction zones. This row is provisional semantic evidence only; legal boundary, current delimitation and local-source completeness remain unresolved."
gb:VEN:ADM2:92452058B46129601263202,Bolívar,justified,municipal role and adjacent province suitability; not complete boundary approval,framework:province:yaracuy:00e5a5072b16,Yaracuy,gb:VEN:ADM2,Bolívar,municipality (2015 geoBoundaries ADM2 / Municipios source collection),2015,Open Data Commons Open Database License 1.0,92452058B46129601263202,1,1.0,0.13781101,0.98635661,Yaracuy,0.98635661,Municipio Bolí­var,0.92152166,"[{""name"":""Zona de Sobreposición de Lí­mite entre Municipios"",""source_fraction"":0.00030791,""record_index"":181},{""name"":""Zona de Sobreposición de Lí­mite entre Municipios"",""source_fraction"":0.0056224,""record_index"":183}]",open: 2016 IGVSB source has explicit overlapping or unassigned municipal-boundary zone polygons intersecting this unit,"At the role/parent level only: the source is a named Municipio in the 2015 ADM2 collection, a same-name 2016 IGVSB municipality exists, and independent 2020 ADM1 overlay places at least 98% of the source polygon in the issue-declared province. Boundary equivalence/completeness remains separately open.","2015/2016/2020 source vintages differ. The 2016 file itself identifies overlap/no-jurisdiction zones. This row is provisional semantic evidence only; legal boundary, current delimitation and local-source completeness remain unresolved."
gb:VEN:ADM2:92452058B46678467131598,Esteller,justified,municipal role and adjacent province suitability; not complete boundary approval,framework:province:portuguesa:d3e888b3586b,Portuguesa,gb:VEN:ADM2,Esteller,municipality (2015 geoBoundaries ADM2 / Municipios source collection),2015,Open Data Commons Open Database License 1.0,92452058B46678467131598,1,1.0,0.05086818,1.0,Portuguesa,1.0,Municipio Esteller,0.94432897,[],open: same-name IGVSB feature is only a different-vintage comparison; no surveyed/legal edge proof or complete regional coverage certificate,"At the role/parent level only: the source is a named Municipio in the 2015 ADM2 collection, a same-name 2016 IGVSB municipality exists, and independent 2020 ADM1 overlay places at least 98% of the source polygon in the issue-declared province. Boundary equivalence/completeness remains separately open.","2015/2016/2020 source vintages differ. The 2016 file itself identifies overlap/no-jurisdiction zones. This row is provisional semantic evidence only; legal boundary, current delimitation and local-source completeness remain unresolved."
gb:VEN:ADM2:92452058B46833609539382,San Genaro de Boconoito,insufficient-evidence,municipal role and adjacent province suitability; not complete boundary approval,framework:province:portuguesa:d3e888b3586b,Portuguesa,gb:VEN:ADM2,San Genaro de Boconoito,municipality (2015 geoBoundaries ADM2 / Municipios source collection),2015,Open Data Commons Open Database License 1.0,92452058B46833609539382,1,1.0,0.06705933,0.97859239,Portuguesa,0.97859239,Municipio San Genaro de Boconoí­to,0.93868439,[],open: same-name IGVSB feature is only a different-vintage comparison; no surveyed/legal edge proof or complete regional coverage certificate,"A same-name IGVSB municipality is present in the 2016 comparator, but only 0.978592 of the 2015 source geometry overlaps its declared 2020 ADM1 parent in the WGS84 diagnostic; this misses the explicit 0.98 screen. The result is unresolved cross-vintage parent evidence, not proof that either edge is wrong.","2015/2016/2020 source vintages differ. The 2016 file itself identifies overlap/no-jurisdiction zones. This row is provisional semantic evidence only; legal boundary, current delimitation and local-source completeness remain unresolved."
gb:VEN:ADM2:92452058B47549156675396,Piar,justified,municipal role and adjacent province suitability; not complete boundary approval,framework:province:bolivar:f57910bb18ad,Bolívar,gb:VEN:ADM2,Piar,municipality (2015 geoBoundaries ADM2 / Municipios source collection),2015,Open Data Commons Open Database License 1.0,92452058B47549156675396,1,1.0,0.05676461,0.99473274,Bolívar,0.99473274,Municipio Piar,0.79074862,[],open: same-name IGVSB feature is only a different-vintage comparison; no surveyed/legal edge proof or complete regional coverage certificate,"At the role/parent level only: the source is a named Municipio in the 2015 ADM2 collection, a same-name 2016 IGVSB municipality exists, and independent 2020 ADM1 overlay places at least 98% of the source polygon in the issue-declared province. Boundary equivalence/completeness remains separately open.","2015/2016/2020 source vintages differ. The 2016 file itself identifies overlap/no-jurisdiction zones. This row is provisional semantic evidence only; legal boundary, current delimitation and local-source completeness remain unresolved."
gb:VEN:ADM2:92452058B48463153943022,Vargas,insufficient-evidence,municipal role and adjacent province suitability; not complete boundary approval,framework:province:la-guaira:43a5fcf8c87e,La Guaira,gb:VEN:ADM2,Vargas,municipality (2015 geoBoundaries ADM2 / Municipios source collection),2015,Open Data Commons Open Database License 1.0,92452058B48463153943022,1,1.0,0.96191582,0.96123177,La Guaira,0.96123177,Municipio Vargas,0.92337394,[],open: same-name IGVSB feature is only a different-vintage comparison; no surveyed/legal edge proof or complete regional coverage certificate,"A same-name IGVSB municipality is present in the 2016 comparator, but only 0.961232 of the 2015 source geometry overlaps its declared 2020 ADM1 parent in the WGS84 diagnostic; this misses the explicit 0.98 screen. The result is unresolved cross-vintage parent evidence, not proof that either edge is wrong.","2015/2016/2020 source vintages differ. The 2016 file itself identifies overlap/no-jurisdiction zones. This row is provisional semantic evidence only; legal boundary, current delimitation and local-source completeness remain unresolved."
gb:VEN:ADM2:92452058B49597531088827,Zamora,justified,municipal role and adjacent province suitability; not complete boundary approval,framework:province:miranda:c08c2666c7c4,Miranda,gb:VEN:ADM2,Zamora,municipality (2015 geoBoundaries ADM2 / Municipios source collection),2015,Open Data Commons Open Database License 1.0,92452058B49597531088827,1,1.0,0.04986753,0.99973743,Miranda,0.99973743,Municipio Zamora,0.91408204,[],open: same-name IGVSB feature is only a different-vintage comparison; no surveyed/legal edge proof or complete regional coverage certificate,"At the role/parent level only: the source is a named Municipio in the 2015 ADM2 collection, a same-name 2016 IGVSB municipality exists, and independent 2020 ADM1 overlay places at least 98% of the source polygon in the issue-declared province. Boundary equivalence/completeness remains separately open.","2015/2016/2020 source vintages differ. The 2016 file itself identifies overlap/no-jurisdiction zones. This row is provisional semantic evidence only; legal boundary, current delimitation and local-source completeness remain unresolved."
gb:VEN:ADM2:92452058B49980742384962,Cedeño,justified,municipal role and adjacent province suitability; not complete boundary approval,framework:province:monagas:04643c18e61c,Monagas,gb:VEN:ADM2,Cedeño,municipality (2015 geoBoundaries ADM2 / Municipios source collection),2015,Open Data Commons Open Database License 1.0,92452058B49980742384962,1,1.0,0.07431244,0.9909103,Monagas,0.9909103,Municipio Cedeño,0.947654,"[{""name"":""Zona de Sobreposición de Lí­mite entre Municipios"",""source_fraction"":0.00064885,""record_index"":148},{""name"":""Zona de Sobreposición de Lí­mite entre Municipios"",""source_fraction"":0.00010718,""record_index"":150},{""name"":""Zona sin Jurisdicción Territorial entre los Municipios Marí­a Fréites-Cedeño"",""source_fraction"":0.00694084,""record_index"":279}]",open: 2016 IGVSB source has explicit overlapping or unassigned municipal-boundary zone polygons intersecting this unit,"At the role/parent level only: the source is a named Municipio in the 2015 ADM2 collection, a same-name 2016 IGVSB municipality exists, and independent 2020 ADM1 overlay places at least 98% of the source polygon in the issue-declared province. Boundary equivalence/completeness remains separately open.","2015/2016/2020 source vintages differ. The 2016 file itself identifies overlap/no-jurisdiction zones. This row is provisional semantic evidence only; legal boundary, current delimitation and local-source completeness remain unresolved."
gb:VEN:ADM2:92452058B49984819466798,Puerto Cabello,justified,municipal role and adjacent province suitability; not complete boundary approval,framework:province:carabobo:baf5d863629a,Carabobo,gb:VEN:ADM2,Puerto Cabello,municipality (2015 geoBoundaries ADM2 / Municipios source collection),2015,Open Data Commons Open Database License 1.0,92452058B49984819466798,1,1.0,0.09772331,0.99581723,Carabobo,0.99581723,Municipio Puerto Cabello,0.92879294,[],open: same-name IGVSB feature is only a different-vintage comparison; no surveyed/legal edge proof or complete regional coverage certificate,"At the role/parent level only: the source is a named Municipio in the 2015 ADM2 collection, a same-name 2016 IGVSB municipality exists, and independent 2020 ADM1 overlay places at least 98% of the source polygon in the issue-declared province. Boundary equivalence/completeness remains separately open.","2015/2016/2020 source vintages differ. The 2016 file itself identifies overlap/no-jurisdiction zones. This row is provisional semantic evidence only; legal boundary, current delimitation and local-source completeness remain unresolved."
gb:VEN:ADM2:92452058B50002149731912,Páez,justified,municipal role and adjacent province suitability; not complete boundary approval,framework:province:portuguesa:d3e888b3586b,Portuguesa,gb:VEN:ADM2,Páez,municipality (2015 geoBoundaries ADM2 / Municipios source collection),2015,Open Data Commons Open Database License 1.0,92452058B50002149731912,1,1.0,0.02817359,0.99947108,Portuguesa,0.99947108,Municipio Paéz,0.91063026,[],open: same-name IGVSB feature is only a different-vintage comparison; no surveyed/legal edge proof or complete regional coverage certificate,"At the role/parent level only: the source is a named Municipio in the 2015 ADM2 collection, a same-name 2016 IGVSB municipality exists, and independent 2020 ADM1 overlay places at least 98% of the source polygon in the issue-declared province. Boundary equivalence/completeness remains separately open.","2015/2016/2020 source vintages differ. The 2016 file itself identifies overlap/no-jurisdiction zones. This row is provisional semantic evidence only; legal boundary, current delimitation and local-source completeness remain unresolved."
gb:VEN:ADM2:92452058B50148622636911,Ribero,justified,municipal role and adjacent province suitability; not complete boundary approval,framework:province:sucre:a672348dc911,Sucre,gb:VEN:ADM2,Ribero,municipality (2015 geoBoundaries ADM2 / Municipios source collection),2015,Open Data Commons Open Database License 1.0,92452058B50148622636911,1,1.0,0.12081607,0.98797585,Sucre,0.98797585,Municipio Ribero,0.94432249,"[{""name"":""Zona de Sobreposición de Lí­mite entre Municipios"",""source_fraction"":0.00923054,""record_index"":154},{""name"":""Zona de Sobreposición de Lí­mite entre Municipios"",""source_fraction"":0.00964309,""record_index"":155}]",open: 2016 IGVSB source has explicit overlapping or unassigned municipal-boundary zone polygons intersecting this unit,"At the role/parent level only: the source is a named Municipio in the 2015 ADM2 collection, a same-name 2016 IGVSB municipality exists, and independent 2020 ADM1 overlay places at least 98% of the source polygon in the issue-declared province. Boundary equivalence/completeness remains separately open.","2015/2016/2020 source vintages differ. The 2016 file itself identifies overlap/no-jurisdiction zones. This row is provisional semantic evidence only; legal boundary, current delimitation and local-source completeness remain unresolved."
gb:VEN:ADM2:92452058B50204709100098,Libertad,justified,municipal role and adjacent province suitability; not complete boundary approval,framework:province:anzoategui:48326e5e1b4d,Anzoátegui,gb:VEN:ADM2,Libertad,municipality (2015 geoBoundaries ADM2 / Municipios source collection),2015,Open Data Commons Open Database License 1.0,92452058B50204709100098,1,1.0,0.04579075,1.0,Anzoátegui,1.0,Municipio Libertad,0.96246403,"[{""name"":""Zona de Sobreposición de Lí­mite entre Municipios"",""source_fraction"":0.01517043,""record_index"":277}]",open: 2016 IGVSB source has explicit overlapping or unassigned municipal-boundary zone polygons intersecting this unit,"At the role/parent level only: the source is a named Municipio in the 2015 ADM2 collection, a same-name 2016 IGVSB municipality exists, and independent 2020 ADM1 overlay places at least 98% of the source polygon in the issue-declared province. Boundary equivalence/completeness remains separately open.","2015/2016/2020 source vintages differ. The 2016 file itself identifies overlap/no-jurisdiction zones. This row is provisional semantic evidence only; legal boundary, current delimitation and local-source completeness remain unresolved."
gb:VEN:ADM2:92452058B50271348468988,Sir Arthur Mac Gregor,insufficient-evidence,municipal role and adjacent province suitability; not complete boundary approval,framework:province:anzoategui:48326e5e1b4d,Anzoátegui,gb:VEN:ADM2,Sir Arthur Mac Gregor,municipality (2015 geoBoundaries ADM2 / Municipios source collection),2015,Open Data Commons Open Database License 1.0,92452058B50271348468988,1,1.0,0.02795236,0.96556348,Anzoátegui,0.96556348,,,[],open: no exact same-name 2016 IGVSB municipality crosswalk established,No exact normalized municipality-name match was established in the 2016 IGVSB comparator; parent overlap alone does not complete the source-unit crosswalk. Retain as unresolved pending a primary unit crosswalk and current source.,"2015/2016/2020 source vintages differ. The 2016 file itself identifies overlap/no-jurisdiction zones. This row is provisional semantic evidence only; legal boundary, current delimitation and local-source completeness remain unresolved."
gb:VEN:ADM2:92452058B50415523485502,Sucre,insufficient-evidence,municipal role and adjacent province suitability; not complete boundary approval,framework:province:sucre:a672348dc911,Sucre,gb:VEN:ADM2,Sucre,municipality (2015 geoBoundaries ADM2 / Municipios source collection),2015,Open Data Commons Open Database License 1.0,92452058B50415523485502,1,1.0,0.13064845,0.9772819,Sucre,0.9772819,Municipio Sucre,0.95254206,[],open: same-name IGVSB feature is only a different-vintage comparison; no surveyed/legal edge proof or complete regional coverage certificate,"A same-name IGVSB municipality is present in the 2016 comparator, but only 0.977282 of the 2015 source geometry overlaps its declared 2020 ADM1 parent in the WGS84 diagnostic; this misses the explicit 0.98 screen. The result is unresolved cross-vintage parent evidence, not proof that either edge is wrong.","2015/2016/2020 source vintages differ. The 2016 file itself identifies overlap/no-jurisdiction zones. This row is provisional semantic evidence only; legal boundary, current delimitation and local-source completeness remain unresolved."
gb:VEN:ADM2:92452058B50688374743402,Santa María de Ipire,justified,municipal role and adjacent province suitability; not complete boundary approval,framework:province:guarico:768a8658d27d,Guárico,gb:VEN:ADM2,Santa María de Ipire,municipality (2015 geoBoundaries ADM2 / Municipios source collection),2015,Open Data Commons Open Database License 1.0,92452058B50688374743402,1,1.0,0.06888726,0.98874225,Guárico,0.98874225,Municipio Santa Marí­a de Ipire,0.88851201,[],open: same-name IGVSB feature is only a different-vintage comparison; no surveyed/legal edge proof or complete regional coverage certificate,"At the role/parent level only: the source is a named Municipio in the 2015 ADM2 collection, a same-name 2016 IGVSB municipality exists, and independent 2020 ADM1 overlay places at least 98% of the source polygon in the issue-declared province. Boundary equivalence/completeness remains separately open.","2015/2016/2020 source vintages differ. The 2016 file itself identifies overlap/no-jurisdiction zones. This row is provisional semantic evidence only; legal boundary, current delimitation and local-source completeness remain unresolved."
gb:VEN:ADM2:92452058B50868019184012,Falcón,justified,municipal role and adjacent province suitability; not complete boundary approval,framework:province:cojedes:0ffcf4d05528,Cojedes,gb:VEN:ADM2,Falcón,municipality (2015 geoBoundaries ADM2 / Municipios source collection),2015,Open Data Commons Open Database License 1.0,92452058B50868019184012,1,1.0,0.04829597,0.99621039,Cojedes,0.99621039,Municipio Falcón,0.0,[],open: same-name IGVSB feature is only a different-vintage comparison; no surveyed/legal edge proof or complete regional coverage certificate,"At the role/parent level only: the source is a named Municipio in the 2015 ADM2 collection, a same-name 2016 IGVSB municipality exists, and independent 2020 ADM1 overlay places at least 98% of the source polygon in the issue-declared province. Boundary equivalence/completeness remains separately open.","2015/2016/2020 source vintages differ. The 2016 file itself identifies overlap/no-jurisdiction zones. This row is provisional semantic evidence only; legal boundary, current delimitation and local-source completeness remain unresolved."
gb:VEN:ADM2:92452058B52538048181152,San Sebastián,justified,municipal role and adjacent province suitability; not complete boundary approval,framework:province:aragua:209b97f0e40e,Aragua,gb:VEN:ADM2,San Sebastián,municipality (2015 geoBoundaries ADM2 / Municipios source collection),2015,Open Data Commons Open Database License 1.0,92452058B52538048181152,1,1.0,0.06986983,0.98056674,Aragua,0.98056674,Municipio San Sebastián,0.9432859,[],open: same-name IGVSB feature is only a different-vintage comparison; no surveyed/legal edge proof or complete regional coverage certificate,"At the role/parent level only: the source is a named Municipio in the 2015 ADM2 collection, a same-name 2016 IGVSB municipality exists, and independent 2020 ADM1 overlay places at least 98% of the source polygon in the issue-declared province. Boundary equivalence/completeness remains separately open.","2015/2016/2020 source vintages differ. The 2016 file itself identifies overlap/no-jurisdiction zones. This row is provisional semantic evidence only; legal boundary, current delimitation and local-source completeness remain unresolved."
gb:VEN:ADM2:92452058B53950788580310,Tinaco,justified,municipal role and adjacent province suitability; not complete boundary approval,framework:province:cojedes:0ffcf4d05528,Cojedes,gb:VEN:ADM2,Tinaco,municipality (2015 geoBoundaries ADM2 / Municipios source collection),2015,Open Data Commons Open Database License 1.0,92452058B53950788580310,1,1.0,0.07800804,1.0,Cojedes,1.0,Municipio Tinaco,0.92944958,[],open: same-name IGVSB feature is only a different-vintage comparison; no surveyed/legal edge proof or complete regional coverage certificate,"At the role/parent level only: the source is a named Municipio in the 2015 ADM2 collection, a same-name 2016 IGVSB municipality exists, and independent 2020 ADM1 overlay places at least 98% of the source polygon in the issue-declared province. Boundary equivalence/completeness remains separately open.","2015/2016/2020 source vintages differ. The 2016 file itself identifies overlap/no-jurisdiction zones. This row is provisional semantic evidence only; legal boundary, current delimitation and local-source completeness remain unresolved."
gb:VEN:ADM2:92452058B54674524555313,Padre Pedro Chien,justified,municipal role and adjacent province suitability; not complete boundary approval,framework:province:bolivar:f57910bb18ad,Bolívar,gb:VEN:ADM2,Padre Pedro Chien,municipality (2015 geoBoundaries ADM2 / Municipios source collection),2015,Open Data Commons Open Database License 1.0,92452058B54674524555313,1,1.0,0.01377339,0.99541124,Bolívar,0.99541124,Municipio Padre Pedro Chien,0.80966157,[],open: same-name IGVSB feature is only a different-vintage comparison; no surveyed/legal edge proof or complete regional coverage certificate,"At the role/parent level only: the source is a named Municipio in the 2015 ADM2 collection, a same-name 2016 IGVSB municipality exists, and independent 2020 ADM1 overlay places at least 98% of the source polygon in the issue-declared province. Boundary equivalence/completeness remains separately open.","2015/2016/2020 source vintages differ. The 2016 file itself identifies overlap/no-jurisdiction zones. This row is provisional semantic evidence only; legal boundary, current delimitation and local-source completeness remain unresolved."
gb:VEN:ADM2:92452058B55780217800828,Juan Antonio Sotillo,justified,municipal role and adjacent province suitability; not complete boundary approval,framework:province:anzoategui:48326e5e1b4d,Anzoátegui,gb:VEN:ADM2,Juan Antonio Sotillo,municipality (2015 geoBoundaries ADM2 / Municipios source collection),2015,Open Data Commons Open Database License 1.0,92452058B55780217800828,1,1.0,0.00490309,0.99861876,Anzoátegui,0.99861876,Municipio Juan Antonio Sotillo,0.89577052,[],open: same-name IGVSB feature is only a different-vintage comparison; no surveyed/legal edge proof or complete regional coverage certificate,"At the role/parent level only: the source is a named Municipio in the 2015 ADM2 collection, a same-name 2016 IGVSB municipality exists, and independent 2020 ADM1 overlay places at least 98% of the source polygon in the issue-declared province. Boundary equivalence/completeness remains separately open.","2015/2016/2020 source vintages differ. The 2016 file itself identifies overlap/no-jurisdiction zones. This row is provisional semantic evidence only; legal boundary, current delimitation and local-source completeness remain unresolved."
gb:VEN:ADM2:92452058B56896825974617,San Carlos,insufficient-evidence,municipal role and adjacent province suitability; not complete boundary approval,framework:province:cojedes:0ffcf4d05528,Cojedes,gb:VEN:ADM2,San Carlos,municipality (2015 geoBoundaries ADM2 / Municipios source collection),2015,Open Data Commons Open Database License 1.0,92452058B56896825974617,1,1.0,0.09954609,0.99875165,Cojedes,0.99875165,,,[],open: no exact same-name 2016 IGVSB municipality crosswalk established,No exact normalized municipality-name match was established in the 2016 IGVSB comparator; parent overlap alone does not complete the source-unit crosswalk. Retain as unresolved pending a primary unit crosswalk and current source.,"2015/2016/2020 source vintages differ. The 2016 file itself identifies overlap/no-jurisdiction zones. This row is provisional semantic evidence only; legal boundary, current delimitation and local-source completeness remain unresolved."
gb:VEN:ADM2:92452058B57031672069031,Maturín,justified,municipal role and adjacent province suitability; not complete boundary approval,framework:province:monagas:04643c18e61c,Monagas,gb:VEN:ADM2,Maturín,municipality (2015 geoBoundaries ADM2 / Municipios source collection),2015,Open Data Commons Open Database License 1.0,92452058B57031672069031,1,1.0,0.45710837,0.99712189,Monagas,0.99712189,Municipio Maturí­n,0.97434184,[],open: same-name IGVSB feature is only a different-vintage comparison; no surveyed/legal edge proof or complete regional coverage certificate,"At the role/parent level only: the source is a named Municipio in the 2015 ADM2 collection, a same-name 2016 IGVSB municipality exists, and independent 2020 ADM1 overlay places at least 98% of the source polygon in the issue-declared province. Boundary equivalence/completeness remains separately open.","2015/2016/2020 source vintages differ. The 2016 file itself identifies overlap/no-jurisdiction zones. This row is provisional semantic evidence only; legal boundary, current delimitation and local-source completeness remain unresolved."
gb:VEN:ADM2:92452058B57596479619194,Achaguas,justified,municipal role and adjacent province suitability; not complete boundary approval,framework:province:apure:d0edbe4c689c,Apure,gb:VEN:ADM2,Achaguas,municipality (2015 geoBoundaries ADM2 / Municipios source collection),2015,Open Data Commons Open Database License 1.0,92452058B57596479619194,1,1.0,0.18933308,0.99995358,Apure,0.99995358,Municipio Achaguas,0.98963938,[],open: same-name IGVSB feature is only a different-vintage comparison; no surveyed/legal edge proof or complete regional coverage certificate,"At the role/parent level only: the source is a named Municipio in the 2015 ADM2 collection, a same-name 2016 IGVSB municipality exists, and independent 2020 ADM1 overlay places at least 98% of the source polygon in the issue-declared province. Boundary equivalence/completeness remains separately open.","2015/2016/2020 source vintages differ. The 2016 file itself identifies overlap/no-jurisdiction zones. This row is provisional semantic evidence only; legal boundary, current delimitation and local-source completeness remain unresolved."
gb:VEN:ADM2:92452058B58412499983511,Zamora,insufficient-evidence,municipal role and adjacent province suitability; not complete boundary approval,framework:province:aragua:209b97f0e40e,Aragua,gb:VEN:ADM2,Zamora,municipality (2015 geoBoundaries ADM2 / Municipios source collection),2015,Open Data Commons Open Database License 1.0,92452058B58412499983511,4,0.99917747,0.09083698,0.96893465,Aragua,0.96893465,Municipio Zamora,0.90447709,"[{""name"":""Zona de Sobreposición de Lí­mite entre Municipios"",""source_fraction"":0.01322405,""record_index"":192},{""name"":""Zona sin Jurisdicción Territorial entre los Municipios Zamora-Carlos Arvelo"",""source_fraction"":0.00172713,""record_index"":361}]",open: 2016 IGVSB source has explicit overlapping or unassigned municipal-boundary zone polygons intersecting this unit,"A same-name IGVSB municipality is present in the 2016 comparator, but only 0.968935 of the 2015 source geometry overlaps its declared 2020 ADM1 parent in the WGS84 diagnostic; this misses the explicit 0.98 screen. The result is unresolved cross-vintage parent evidence, not proof that either edge is wrong.","2015/2016/2020 source vintages differ. The 2016 file itself identifies overlap/no-jurisdiction zones. This row is provisional semantic evidence only; legal boundary, current delimitation and local-source completeness remain unresolved."
gb:VEN:ADM2:92452058B59483171465423,EL Hatillo,justified,municipal role and adjacent province suitability; not complete boundary approval,framework:province:miranda:c08c2666c7c4,Miranda,gb:VEN:ADM2,EL Hatillo,municipality (2015 geoBoundaries ADM2 / Municipios source collection),2015,Open Data Commons Open Database License 1.0,92452058B59483171465423,1,1.0,0.0125957,1.0,Miranda,1.0,Municipio El Hatillo,0.88183659,[],open: same-name IGVSB feature is only a different-vintage comparison; no surveyed/legal edge proof or complete regional coverage certificate,"At the role/parent level only: the source is a named Municipio in the 2015 ADM2 collection, a same-name 2016 IGVSB municipality exists, and independent 2020 ADM1 overlay places at least 98% of the source polygon in the issue-declared province. Boundary equivalence/completeness remains separately open.","2015/2016/2020 source vintages differ. The 2016 file itself identifies overlap/no-jurisdiction zones. This row is provisional semantic evidence only; legal boundary, current delimitation and local-source completeness remain unresolved."
gb:VEN:ADM2:92452058B59962143626105,Acosta,justified,municipal role and adjacent province suitability; not complete boundary approval,framework:province:monagas:04643c18e61c,Monagas,gb:VEN:ADM2,Acosta,municipality (2015 geoBoundaries ADM2 / Municipios source collection),2015,Open Data Commons Open Database License 1.0,92452058B59962143626105,1,1.0,0.01577863,0.99613788,Monagas,0.99613788,Municipio Acosta,0.90288322,[],open: same-name IGVSB feature is only a different-vintage comparison; no surveyed/legal edge proof or complete regional coverage certificate,"At the role/parent level only: the source is a named Municipio in the 2015 ADM2 collection, a same-name 2016 IGVSB municipality exists, and independent 2020 ADM1 overlay places at least 98% of the source polygon in the issue-declared province. Boundary equivalence/completeness remains separately open.","2015/2016/2020 source vintages differ. The 2016 file itself identifies overlap/no-jurisdiction zones. This row is provisional semantic evidence only; legal boundary, current delimitation and local-source completeness remain unresolved."
gb:VEN:ADM2:92452058B60789568646042,Mario Briceño Iragorry,insufficient-evidence,municipal role and adjacent province suitability; not complete boundary approval,framework:province:aragua:209b97f0e40e,Aragua,gb:VEN:ADM2,Mario Briceño Iragorry,municipality (2015 geoBoundaries ADM2 / Municipios source collection),2015,Open Data Commons Open Database License 1.0,92452058B60789568646042,1,1.0,0.06297465,0.97169904,Aragua,0.97169904,Municipio Mario Briceño Iragorry,0.12960873,[],open: same-name IGVSB feature is only a different-vintage comparison; no surveyed/legal edge proof or complete regional coverage certificate,"A same-name IGVSB municipality is present in the 2016 comparator, but only 0.971699 of the 2015 source geometry overlaps its declared 2020 ADM1 parent in the WGS84 diagnostic; this misses the explicit 0.98 screen. The result is unresolved cross-vintage parent evidence, not proof that either edge is wrong.","2015/2016/2020 source vintages differ. The 2016 file itself identifies overlap/no-jurisdiction zones. This row is provisional semantic evidence only; legal boundary, current delimitation and local-source completeness remain unresolved."
gb:VEN:ADM2:92452058B61290497369270,Independencia,justified,municipal role and adjacent province suitability; not complete boundary approval,framework:province:anzoategui:48326e5e1b4d,Anzoátegui,gb:VEN:ADM2,Independencia,municipality (2015 geoBoundaries ADM2 / Municipios source collection),2015,Open Data Commons Open Database License 1.0,92452058B61290497369270,1,1.0,0.14535799,0.99376273,Anzoátegui,0.99376273,Municipio Independencia,0.96423832,"[{""name"":""Zona de Sobreposición de Lí­mite entre Municipios"",""source_fraction"":0.00976053,""record_index"":141}]",open: 2016 IGVSB source has explicit overlapping or unassigned municipal-boundary zone polygons intersecting this unit,"At the role/parent level only: the source is a named Municipio in the 2015 ADM2 collection, a same-name 2016 IGVSB municipality exists, and independent 2020 ADM1 overlay places at least 98% of the source polygon in the issue-declared province. Boundary equivalence/completeness remains separately open.","2015/2016/2020 source vintages differ. The 2016 file itself identifies overlap/no-jurisdiction zones. This row is provisional semantic evidence only; legal boundary, current delimitation and local-source completeness remain unresolved."
gb:VEN:ADM2:92452058B62434885375481,Punceres,justified,municipal role and adjacent province suitability; not complete boundary approval,framework:province:monagas:04643c18e61c,Monagas,gb:VEN:ADM2,Punceres,municipality (2015 geoBoundaries ADM2 / Municipios source collection),2015,Open Data Commons Open Database License 1.0,92452058B62434885375481,1,1.0,0.02217927,0.99958588,Monagas,0.99958588,Municipio Punceres,0.94346471,[],open: same-name IGVSB feature is only a different-vintage comparison; no surveyed/legal edge proof or complete regional coverage certificate,"At the role/parent level only: the source is a named Municipio in the 2015 ADM2 collection, a same-name 2016 IGVSB municipality exists, and independent 2020 ADM1 overlay places at least 98% of the source polygon in the issue-declared province. Boundary equivalence/completeness remains separately open.","2015/2016/2020 source vintages differ. The 2016 file itself identifies overlap/no-jurisdiction zones. This row is provisional semantic evidence only; legal boundary, current delimitation and local-source completeness remain unresolved."
gb:VEN:ADM2:92452058B62779861524453,Girardot,justified,municipal role and adjacent province suitability; not complete boundary approval,framework:province:aragua:209b97f0e40e,Aragua,gb:VEN:ADM2,Girardot,municipality (2015 geoBoundaries ADM2 / Municipios source collection),2015,Open Data Commons Open Database License 1.0,92452058B62779861524453,1,1.0,0.04063413,0.98852568,Aragua,0.98852568,Municipio Girardot,0.87744086,[],open: same-name IGVSB feature is only a different-vintage comparison; no surveyed/legal edge proof or complete regional coverage certificate,"At the role/parent level only: the source is a named Municipio in the 2015 ADM2 collection, a same-name 2016 IGVSB municipality exists, and independent 2020 ADM1 overlay places at least 98% of the source polygon in the issue-declared province. Boundary equivalence/completeness remains separately open.","2015/2016/2020 source vintages differ. The 2016 file itself identifies overlap/no-jurisdiction zones. This row is provisional semantic evidence only; legal boundary, current delimitation and local-source completeness remain unresolved."
gb:VEN:ADM2:92452058B62931079063514,Francisco del Carmen Carvajal,insufficient-evidence,municipal role and adjacent province suitability; not complete boundary approval,framework:province:anzoategui:48326e5e1b4d,Anzoátegui,gb:VEN:ADM2,Francisco del Carmen Carvajal,municipality (2015 geoBoundaries ADM2 / Municipios source collection),2015,Open Data Commons Open Database License 1.0,92452058B62931079063514,1,1.0,0.00374542,0.95768916,Anzoátegui,0.95768916,Municipio Francisco del Carmen Carvajal,0.91002262,"[{""name"":""Zona de Sobreposición de Lí­mite entre Municipios"",""source_fraction"":0.0092187,""record_index"":63}]",open: 2016 IGVSB source has explicit overlapping or unassigned municipal-boundary zone polygons intersecting this unit,"A same-name IGVSB municipality is present in the 2016 comparator, but only 0.957689 of the 2015 source geometry overlaps its declared 2020 ADM1 parent in the WGS84 diagnostic; this misses the explicit 0.98 screen. The result is unresolved cross-vintage parent evidence, not proof that either edge is wrong.","2015/2016/2020 source vintages differ. The 2016 file itself identifies overlap/no-jurisdiction zones. This row is provisional semantic evidence only; legal boundary, current delimitation and local-source completeness remain unresolved."
gb:VEN:ADM2:92452058B63445948802308,Sucre,insufficient-evidence,municipal role and adjacent province suitability; not complete boundary approval,framework:province:bolivar:f57910bb18ad,Bolívar,gb:VEN:ADM2,Sucre,municipality (2015 geoBoundaries ADM2 / Municipios source collection),2015,Open Data Commons Open Database License 1.0,92452058B63445948802308,1,1.0,0.19114955,0.96336178,Bolívar,0.96336178,Municipio Sucre,0.92599949,[],open: same-name IGVSB feature is only a different-vintage comparison; no surveyed/legal edge proof or complete regional coverage certificate,"A same-name IGVSB municipality is present in the 2016 comparator, but only 0.963362 of the 2015 source geometry overlaps its declared 2020 ADM1 parent in the WGS84 diagnostic; this misses the explicit 0.98 screen. The result is unresolved cross-vintage parent evidence, not proof that either edge is wrong.","2015/2016/2020 source vintages differ. The 2016 file itself identifies overlap/no-jurisdiction zones. This row is provisional semantic evidence only; legal boundary, current delimitation and local-source completeness remain unresolved."
gb:VEN:ADM2:92452058B63771518802825,Urachiche,justified,municipal role and adjacent province suitability; not complete boundary approval,framework:province:yaracuy:00e5a5072b16,Yaracuy,gb:VEN:ADM2,Urachiche,municipality (2015 geoBoundaries ADM2 / Municipios source collection),2015,Open Data Commons Open Database License 1.0,92452058B63771518802825,1,1.0,0.03172671,0.99105531,Yaracuy,0.99105531,Municipio Urachiche,0.81531191,"[{""name"":""Zona de Sobreposición de Lí­mite entre Municipios"",""source_fraction"":0.00035091,""record_index"":180},{""name"":""Zona de Sobreposición de Lí­mite entre Municipios"",""source_fraction"":0.00693294,""record_index"":181}]",open: 2016 IGVSB source has explicit overlapping or unassigned municipal-boundary zone polygons intersecting this unit,"At the role/parent level only: the source is a named Municipio in the 2015 ADM2 collection, a same-name 2016 IGVSB municipality exists, and independent 2020 ADM1 overlay places at least 98% of the source polygon in the issue-declared province. Boundary equivalence/completeness remains separately open.","2015/2016/2020 source vintages differ. The 2016 file itself identifies overlap/no-jurisdiction zones. This row is provisional semantic evidence only; legal boundary, current delimitation and local-source completeness remain unresolved."
gb:VEN:ADM2:92452058B64111630674136,Los Guayos,justified,municipal role and adjacent province suitability; not complete boundary approval,framework:province:carabobo:baf5d863629a,Carabobo,gb:VEN:ADM2,Los Guayos,municipality (2015 geoBoundaries ADM2 / Municipios source collection),2015,Open Data Commons Open Database License 1.0,92452058B64111630674136,1,1.0,0.0138606,0.99949197,Carabobo,0.99949197,Municipio Los Guayos,0.84459553,[],open: same-name IGVSB feature is only a different-vintage comparison; no surveyed/legal edge proof or complete regional coverage certificate,"At the role/parent level only: the source is a named Municipio in the 2015 ADM2 collection, a same-name 2016 IGVSB municipality exists, and independent 2020 ADM1 overlay places at least 98% of the source polygon in the issue-declared province. Boundary equivalence/completeness remains separately open.","2015/2016/2020 source vintages differ. The 2016 file itself identifies overlap/no-jurisdiction zones. This row is provisional semantic evidence only; legal boundary, current delimitation and local-source completeness remain unresolved."
gb:VEN:ADM2:92452058B64371118688426,La Trinidad,justified,municipal role and adjacent province suitability; not complete boundary approval,framework:province:yaracuy:00e5a5072b16,Yaracuy,gb:VEN:ADM2,La Trinidad,municipality (2015 geoBoundaries ADM2 / Municipios source collection),2015,Open Data Commons Open Database License 1.0,92452058B64371118688426,1,1.0,0.00811008,1.0,Yaracuy,1.0,Municipio La Trinidad,0.82131376,[],open: same-name IGVSB feature is only a different-vintage comparison; no surveyed/legal edge proof or complete regional coverage certificate,"At the role/parent level only: the source is a named Municipio in the 2015 ADM2 collection, a same-name 2016 IGVSB municipality exists, and independent 2020 ADM1 overlay places at least 98% of the source polygon in the issue-declared province. Boundary equivalence/completeness remains separately open.","2015/2016/2020 source vintages differ. The 2016 file itself identifies overlap/no-jurisdiction zones. This row is provisional semantic evidence only; legal boundary, current delimitation and local-source completeness remain unresolved."
gb:VEN:ADM2:92452058B64727210967891,Santa Bárbara,justified,municipal role and adjacent province suitability; not complete boundary approval,framework:province:monagas:04643c18e61c,Monagas,gb:VEN:ADM2,Santa Bárbara,municipality (2015 geoBoundaries ADM2 / Municipios source collection),2015,Open Data Commons Open Database License 1.0,92452058B64727210967891,1,1.0,0.01201607,1.0,Monagas,1.0,Municipio Santa Bárbara,0.94840765,[],open: same-name IGVSB feature is only a different-vintage comparison; no surveyed/legal edge proof or complete regional coverage certificate,"At the role/parent level only: the source is a named Municipio in the 2015 ADM2 collection, a same-name 2016 IGVSB municipality exists, and independent 2020 ADM1 overlay places at least 98% of the source polygon in the issue-declared province. Boundary equivalence/completeness remains separately open.","2015/2016/2020 source vintages differ. The 2016 file itself identifies overlap/no-jurisdiction zones. This row is provisional semantic evidence only; legal boundary, current delimitation and local-source completeness remain unresolved."
gb:VEN:ADM2:92452058B64772493971985,Libertador,justified,municipal role and adjacent province suitability; not complete boundary approval,framework:province:monagas:04643c18e61c,Monagas,gb:VEN:ADM2,Libertador,municipality (2015 geoBoundaries ADM2 / Municipios source collection),2015,Open Data Commons Open Database License 1.0,92452058B64772493971985,1,1.0,0.11655868,0.98541398,Monagas,0.98541398,Municipio Libertador,0.90384991,"[{""name"":""Zona de Sobreposición de Lí­mite entre Municipios"",""source_fraction"":0.0538721,""record_index"":141}]",open: 2016 IGVSB source has explicit overlapping or unassigned municipal-boundary zone polygons intersecting this unit,"At the role/parent level only: the source is a named Municipio in the 2015 ADM2 collection, a same-name 2016 IGVSB municipality exists, and independent 2020 ADM1 overlay places at least 98% of the source polygon in the issue-declared province. Boundary equivalence/completeness remains separately open.","2015/2016/2020 source vintages differ. The 2016 file itself identifies overlap/no-jurisdiction zones. This row is provisional semantic evidence only; legal boundary, current delimitation and local-source completeness remain unresolved."
gb:VEN:ADM2:92452058B64948290230997,Pao de San Juan Bautista,justified,municipal role and adjacent province suitability; not complete boundary approval,framework:province:cojedes:0ffcf4d05528,Cojedes,gb:VEN:ADM2,Pao de San Juan Bautista,municipality (2015 geoBoundaries ADM2 / Municipios source collection),2015,Open Data Commons Open Database License 1.0,92452058B64948290230997,1,1.0,0.33729146,0.99668443,Cojedes,0.99668443,Municipio Pao de San Juan Bautista,0.97065872,[],open: same-name IGVSB feature is only a different-vintage comparison; no surveyed/legal edge proof or complete regional coverage certificate,"At the role/parent level only: the source is a named Municipio in the 2015 ADM2 collection, a same-name 2016 IGVSB municipality exists, and independent 2020 ADM1 overlay places at least 98% of the source polygon in the issue-declared province. Boundary equivalence/completeness remains separately open.","2015/2016/2020 source vintages differ. The 2016 file itself identifies overlap/no-jurisdiction zones. This row is provisional semantic evidence only; legal boundary, current delimitation and local-source completeness remain unresolved."
gb:VEN:ADM2:92452058B65625562328801,El Callao,justified,municipal role and adjacent province suitability; not complete boundary approval,framework:province:bolivar:f57910bb18ad,Bolívar,gb:VEN:ADM2,El Callao,municipality (2015 geoBoundaries ADM2 / Municipios source collection),2015,Open Data Commons Open Database License 1.0,92452058B65625562328801,1,1.0,0.00916778,1.0,Bolívar,1.0,Municipio El Callao,0.69495445,[],open: same-name IGVSB feature is only a different-vintage comparison; no surveyed/legal edge proof or complete regional coverage certificate,"At the role/parent level only: the source is a named Municipio in the 2015 ADM2 collection, a same-name 2016 IGVSB municipality exists, and independent 2020 ADM1 overlay places at least 98% of the source polygon in the issue-declared province. Boundary equivalence/completeness remains separately open.","2015/2016/2020 source vintages differ. The 2016 file itself identifies overlap/no-jurisdiction zones. This row is provisional semantic evidence only; legal boundary, current delimitation and local-source completeness remain unresolved."
gb:VEN:ADM2:92452058B65922817978550,Autónomo Alto Orinoco,justified,municipal role and adjacent province suitability; not complete boundary approval,framework:province:amazonas:dda057aedb0e,Amazonas,gb:VEN:ADM2,Autónomo Alto Orinoco,municipality (2015 geoBoundaries ADM2 / Municipios source collection),2015,Open Data Commons Open Database License 1.0,92452058B65922817978550,1,1.0,0.27095888,0.99120988,Amazonas,0.99120988,Municipio Autónomo Alto Orinoco,0.9767688,[],open: same-name IGVSB feature is only a different-vintage comparison; no surveyed/legal edge proof or complete regional coverage certificate,"At the role/parent level only: the source is a named Municipio in the 2015 ADM2 collection, a same-name 2016 IGVSB municipality exists, and independent 2020 ADM1 overlay places at least 98% of the source polygon in the issue-declared province. Boundary equivalence/completeness remains separately open.","2015/2016/2020 source vintages differ. The 2016 file itself identifies overlap/no-jurisdiction zones. This row is provisional semantic evidence only; legal boundary, current delimitation and local-source completeness remain unresolved."
gb:VEN:ADM2:92452058B67436429291477,Las Mercedes,justified,municipal role and adjacent province suitability; not complete boundary approval,framework:province:guarico:768a8658d27d,Guárico,gb:VEN:ADM2,Las Mercedes,municipality (2015 geoBoundaries ADM2 / Municipios source collection),2015,Open Data Commons Open Database License 1.0,92452058B67436429291477,1,1.0,0.12271515,0.99714249,Guárico,0.99714249,Municipio Las Mercedes,0.97744347,[],open: same-name IGVSB feature is only a different-vintage comparison; no surveyed/legal edge proof or complete regional coverage certificate,"At the role/parent level only: the source is a named Municipio in the 2015 ADM2 collection, a same-name 2016 IGVSB municipality exists, and independent 2020 ADM1 overlay places at least 98% of the source polygon in the issue-declared province. Boundary equivalence/completeness remains separately open.","2015/2016/2020 source vintages differ. The 2016 file itself identifies overlap/no-jurisdiction zones. This row is provisional semantic evidence only; legal boundary, current delimitation and local-source completeness remain unresolved."
gb:VEN:ADM2:92452058B68065976769542,Páez,justified,municipal role and adjacent province suitability; not complete boundary approval,framework:province:apure:d0edbe4c689c,Apure,gb:VEN:ADM2,Páez,municipality (2015 geoBoundaries ADM2 / Municipios source collection),2015,Open Data Commons Open Database License 1.0,92452058B68065976769542,1,1.0,0.16304262,0.98655838,Apure,0.98655838,Municipio Paéz,0.97466734,[],open: same-name IGVSB feature is only a different-vintage comparison; no surveyed/legal edge proof or complete regional coverage certificate,"At the role/parent level only: the source is a named Municipio in the 2015 ADM2 collection, a same-name 2016 IGVSB municipality exists, and independent 2020 ADM1 overlay places at least 98% of the source polygon in the issue-declared province. Boundary equivalence/completeness remains separately open.","2015/2016/2020 source vintages differ. The 2016 file itself identifies overlap/no-jurisdiction zones. This row is provisional semantic evidence only; legal boundary, current delimitation and local-source completeness remain unresolved."
gb:VEN:ADM2:92452058B68095023694670,Bolívar,justified,municipal role and adjacent province suitability; not complete boundary approval,framework:province:aragua:209b97f0e40e,Aragua,gb:VEN:ADM2,Bolívar,municipality (2015 geoBoundaries ADM2 / Municipios source collection),2015,Open Data Commons Open Database License 1.0,92452058B68095023694670,1,1.0,0.00816861,1.0,Aragua,1.0,Municipio Bolí­var,0.86492958,[],open: same-name IGVSB feature is only a different-vintage comparison; no surveyed/legal edge proof or complete regional coverage certificate,"At the role/parent level only: the source is a named Municipio in the 2015 ADM2 collection, a same-name 2016 IGVSB municipality exists, and independent 2020 ADM1 overlay places at least 98% of the source polygon in the issue-declared province. Boundary equivalence/completeness remains separately open.","2015/2016/2020 source vintages differ. The 2016 file itself identifies overlap/no-jurisdiction zones. This row is provisional semantic evidence only; legal boundary, current delimitation and local-source completeness remain unresolved."
gb:VEN:ADM2:92452058B69461621653352,Andrés Bello,justified,municipal role and adjacent province suitability; not complete boundary approval,framework:province:miranda:c08c2666c7c4,Miranda,gb:VEN:ADM2,Andrés Bello,municipality (2015 geoBoundaries ADM2 / Municipios source collection),2015,Open Data Commons Open Database License 1.0,92452058B69461621653352,1,1.0,0.0140655,1.0,Miranda,1.0,Municipio Andrés Bello,0.89129253,[],open: same-name IGVSB feature is only a different-vintage comparison; no surveyed/legal edge proof or complete regional coverage certificate,"At the role/parent level only: the source is a named Municipio in the 2015 ADM2 collection, a same-name 2016 IGVSB municipality exists, and independent 2020 ADM1 overlay places at least 98% of the source polygon in the issue-declared province. Boundary equivalence/completeness remains separately open.","2015/2016/2020 source vintages differ. The 2016 file itself identifies overlap/no-jurisdiction zones. This row is provisional semantic evidence only; legal boundary, current delimitation and local-source completeness remain unresolved."
gb:VEN:ADM2:92452058B69792739078610,Montalbán,justified,municipal role and adjacent province suitability; not complete boundary approval,framework:province:carabobo:baf5d863629a,Carabobo,gb:VEN:ADM2,Montalbán,municipality (2015 geoBoundaries ADM2 / Municipios source collection),2015,Open Data Commons Open Database License 1.0,92452058B69792739078610,1,1.0,0.0275093,0.99935299,Carabobo,0.99935299,Municipio Montalbán,0.92435615,[],open: same-name IGVSB feature is only a different-vintage comparison; no surveyed/legal edge proof or complete regional coverage certificate,"At the role/parent level only: the source is a named Municipio in the 2015 ADM2 collection, a same-name 2016 IGVSB municipality exists, and independent 2020 ADM1 overlay places at least 98% of the source polygon in the issue-declared province. Boundary equivalence/completeness remains separately open.","2015/2016/2020 source vintages differ. The 2016 file itself identifies overlap/no-jurisdiction zones. This row is provisional semantic evidence only; legal boundary, current delimitation and local-source completeness remain unresolved."
gb:VEN:ADM2:92452058B70146576395550,Sotillo,justified,municipal role and adjacent province suitability; not complete boundary approval,framework:province:monagas:04643c18e61c,Monagas,gb:VEN:ADM2,Sotillo,municipality (2015 geoBoundaries ADM2 / Municipios source collection),2015,Open Data Commons Open Database License 1.0,92452058B70146576395550,1,1.0,0.05258626,0.98306728,Monagas,0.98306728,Municipio Sotillo,0.86283856,[],open: same-name IGVSB feature is only a different-vintage comparison; no surveyed/legal edge proof or complete regional coverage certificate,"At the role/parent level only: the source is a named Municipio in the 2015 ADM2 collection, a same-name 2016 IGVSB municipality exists, and independent 2020 ADM1 overlay places at least 98% of the source polygon in the issue-declared province. Boundary equivalence/completeness remains separately open.","2015/2016/2020 source vintages differ. The 2016 file itself identifies overlap/no-jurisdiction zones. This row is provisional semantic evidence only; legal boundary, current delimitation and local-source completeness remain unresolved."
gb:VEN:ADM2:92452058B71126113854602,José Félix Ribas,justified,municipal role and adjacent province suitability; not complete boundary approval,framework:province:guarico:768a8658d27d,Guárico,gb:VEN:ADM2,José Félix Ribas,municipality (2015 geoBoundaries ADM2 / Municipios source collection),2015,Open Data Commons Open Database License 1.0,92452058B71126113854602,1,1.0,0.03472997,0.98421082,Guárico,0.98421082,Municipio José Félix Ribas,0.94098082,"[{""name"":""Zona de Sobreposición de Lí­mites entre Municipios"",""source_fraction"":0.01531326,""record_index"":344}]",open: 2016 IGVSB source has explicit overlapping or unassigned municipal-boundary zone polygons intersecting this unit,"At the role/parent level only: the source is a named Municipio in the 2015 ADM2 collection, a same-name 2016 IGVSB municipality exists, and independent 2020 ADM1 overlay places at least 98% of the source polygon in the issue-declared province. Boundary equivalence/completeness remains separately open.","2015/2016/2020 source vintages differ. The 2016 file itself identifies overlap/no-jurisdiction zones. This row is provisional semantic evidence only; legal boundary, current delimitation and local-source completeness remain unresolved."
gb:VEN:ADM2:92452058B71261275194510,Libertador,justified,municipal role and adjacent province suitability; not complete boundary approval,framework:province:carabobo:baf5d863629a,Carabobo,gb:VEN:ADM2,Libertador,municipality (2015 geoBoundaries ADM2 / Municipios source collection),2015,Open Data Commons Open Database License 1.0,92452058B71261275194510,1,1.0,0.10825594,0.98596933,Carabobo,0.98596933,Municipio Libertador,0.94103598,[],open: same-name IGVSB feature is only a different-vintage comparison; no surveyed/legal edge proof or complete regional coverage certificate,"At the role/parent level only: the source is a named Municipio in the 2015 ADM2 collection, a same-name 2016 IGVSB municipality exists, and independent 2020 ADM1 overlay places at least 98% of the source polygon in the issue-declared province. Boundary equivalence/completeness remains separately open.","2015/2016/2020 source vintages differ. The 2016 file itself identifies overlap/no-jurisdiction zones. This row is provisional semantic evidence only; legal boundary, current delimitation and local-source completeness remain unresolved."
gb:VEN:ADM2:92452058B7204279738521,Simón Bolívar,justified,municipal role and adjacent province suitability; not complete boundary approval,framework:province:miranda:c08c2666c7c4,Miranda,gb:VEN:ADM2,Simón Bolívar,municipality (2015 geoBoundaries ADM2 / Municipios source collection),2015,Open Data Commons Open Database License 1.0,92452058B7204279738521,1,1.0,0.01806682,1.0,Miranda,1.0,Municipio Simón Bolí­var,0.88050235,[],open: same-name IGVSB feature is only a different-vintage comparison; no surveyed/legal edge proof or complete regional coverage certificate,"At the role/parent level only: the source is a named Municipio in the 2015 ADM2 collection, a same-name 2016 IGVSB municipality exists, and independent 2020 ADM1 overlay places at least 98% of the source polygon in the issue-declared province. Boundary equivalence/completeness remains separately open.","2015/2016/2020 source vintages differ. The 2016 file itself identifies overlap/no-jurisdiction zones. This row is provisional semantic evidence only; legal boundary, current delimitation and local-source completeness remain unresolved."
gb:VEN:ADM2:92452058B7239791888120,Sifontes,insufficient-evidence,municipal role and adjacent province suitability; not complete boundary approval,framework:province:bolivar:f57910bb18ad,Bolívar,gb:VEN:ADM2,Sifontes,municipality (2015 geoBoundaries ADM2 / Municipios source collection),2015,Open Data Commons Open Database License 1.0,92452058B7239791888120,1,1.0,0.10257211,0.9775613,Bolívar,0.9775613,Municipio Sifontes,0.87664298,[],open: same-name IGVSB feature is only a different-vintage comparison; no surveyed/legal edge proof or complete regional coverage certificate,"A same-name IGVSB municipality is present in the 2016 comparator, but only 0.977561 of the 2015 source geometry overlaps its declared 2020 ADM1 parent in the WGS84 diagnostic; this misses the explicit 0.98 screen. The result is unresolved cross-vintage parent evidence, not proof that either edge is wrong.","2015/2016/2020 source vintages differ. The 2016 file itself identifies overlap/no-jurisdiction zones. This row is provisional semantic evidence only; legal boundary, current delimitation and local-source completeness remain unresolved."
gb:VEN:ADM2:92452058B72828901186947,Páez,justified,municipal role and adjacent province suitability; not complete boundary approval,framework:province:miranda:c08c2666c7c4,Miranda,gb:VEN:ADM2,Páez,municipality (2015 geoBoundaries ADM2 / Municipios source collection),2015,Open Data Commons Open Database License 1.0,92452058B72828901186947,1,1.0,0.11827506,0.99345848,Miranda,0.99345848,Municipio Páez,0.95261198,[],open: same-name IGVSB feature is only a different-vintage comparison; no surveyed/legal edge proof or complete regional coverage certificate,"At the role/parent level only: the source is a named Municipio in the 2015 ADM2 collection, a same-name 2016 IGVSB municipality exists, and independent 2020 ADM1 overlay places at least 98% of the source polygon in the issue-declared province. Boundary equivalence/completeness remains separately open.","2015/2016/2020 source vintages differ. The 2016 file itself identifies overlap/no-jurisdiction zones. This row is provisional semantic evidence only; legal boundary, current delimitation and local-source completeness remain unresolved."
gb:VEN:ADM2:92452058B73017007286704,Sucre,justified,municipal role and adjacent province suitability; not complete boundary approval,framework:province:yaracuy:00e5a5072b16,Yaracuy,gb:VEN:ADM2,Sucre,municipality (2015 geoBoundaries ADM2 / Municipios source collection),2015,Open Data Commons Open Database License 1.0,92452058B73017007286704,1,1.0,0.02384471,1.0,Yaracuy,1.0,Municipio Sucre,0.84693283,[],open: same-name IGVSB feature is only a different-vintage comparison; no surveyed/legal edge proof or complete regional coverage certificate,"At the role/parent level only: the source is a named Municipio in the 2015 ADM2 collection, a same-name 2016 IGVSB municipality exists, and independent 2020 ADM1 overlay places at least 98% of the source polygon in the issue-declared province. Boundary equivalence/completeness remains separately open.","2015/2016/2020 source vintages differ. The 2016 file itself identifies overlap/no-jurisdiction zones. This row is provisional semantic evidence only; legal boundary, current delimitation and local-source completeness remain unresolved."
gb:VEN:ADM2:92452058B73572326911249,Roscio,justified,municipal role and adjacent province suitability; not complete boundary approval,framework:province:bolivar:f57910bb18ad,Bolívar,gb:VEN:ADM2,Roscio,municipality (2015 geoBoundaries ADM2 / Municipios source collection),2015,Open Data Commons Open Database License 1.0,92452058B73572326911249,1,1.0,0.02674699,0.99933606,Bolívar,0.99933606,Municipio Roscio,0.74408906,[],open: same-name IGVSB feature is only a different-vintage comparison; no surveyed/legal edge proof or complete regional coverage certificate,"At the role/parent level only: the source is a named Municipio in the 2015 ADM2 collection, a same-name 2016 IGVSB municipality exists, and independent 2020 ADM1 overlay places at least 98% of the source polygon in the issue-declared province. Boundary equivalence/completeness remains separately open.","2015/2016/2020 source vintages differ. The 2016 file itself identifies overlap/no-jurisdiction zones. This row is provisional semantic evidence only; legal boundary, current delimitation and local-source completeness remain unresolved."
gb:VEN:ADM2:92452058B73629823948973,Gran Sabana,justified,municipal role and adjacent province suitability; not complete boundary approval,framework:province:bolivar:f57910bb18ad,Bolívar,gb:VEN:ADM2,Gran Sabana,municipality (2015 geoBoundaries ADM2 / Municipios source collection),2015,Open Data Commons Open Database License 1.0,92452058B73629823948973,1,1.0,0.13689322,0.99661304,Bolívar,0.99661304,Municipio Gran Sabana,0.96126707,[],open: same-name IGVSB feature is only a different-vintage comparison; no surveyed/legal edge proof or complete regional coverage certificate,"At the role/parent level only: the source is a named Municipio in the 2015 ADM2 collection, a same-name 2016 IGVSB municipality exists, and independent 2020 ADM1 overlay places at least 98% of the source polygon in the issue-declared province. Boundary equivalence/completeness remains separately open.","2015/2016/2020 source vintages differ. The 2016 file itself identifies overlap/no-jurisdiction zones. This row is provisional semantic evidence only; legal boundary, current delimitation and local-source completeness remain unresolved."
gb:VEN:ADM2:92452058B74293045430698,Antonio Díaz,justified,municipal role and adjacent province suitability; not complete boundary approval,framework:province:delta-amacuro:c5e3a392c190,Delta Amacuro,gb:VEN:ADM2,Antonio Díaz,municipality (2015 geoBoundaries ADM2 / Municipios source collection),2015,Open Data Commons Open Database License 1.0,92452058B74293045430698,1,1.0,0.55617842,0.99039712,Delta Amacuro,0.99039712,Municipio Antonio Dí­az,0.94488553,[],open: same-name IGVSB feature is only a different-vintage comparison; no surveyed/legal edge proof or complete regional coverage certificate,"At the role/parent level only: the source is a named Municipio in the 2015 ADM2 collection, a same-name 2016 IGVSB municipality exists, and independent 2020 ADM1 overlay places at least 98% of the source polygon in the issue-declared province. Boundary equivalence/completeness remains separately open.","2015/2016/2020 source vintages differ. The 2016 file itself identifies overlap/no-jurisdiction zones. This row is provisional semantic evidence only; legal boundary, current delimitation and local-source completeness remain unresolved."
gb:VEN:ADM2:92452058B74376664002472,Simón Rodríguez,justified,municipal role and adjacent province suitability; not complete boundary approval,framework:province:anzoategui:48326e5e1b4d,Anzoátegui,gb:VEN:ADM2,Simón Rodríguez,municipality (2015 geoBoundaries ADM2 / Municipios source collection),2015,Open Data Commons Open Database License 1.0,92452058B74376664002472,1,1.0,0.01427479,1.0,Anzoátegui,1.0,Municipio Simón Rodrí­guez,0.94193774,[],open: same-name IGVSB feature is only a different-vintage comparison; no surveyed/legal edge proof or complete regional coverage certificate,"At the role/parent level only: the source is a named Municipio in the 2015 ADM2 collection, a same-name 2016 IGVSB municipality exists, and independent 2020 ADM1 overlay places at least 98% of the source polygon in the issue-declared province. Boundary equivalence/completeness remains separately open.","2015/2016/2020 source vintages differ. The 2016 file itself identifies overlap/no-jurisdiction zones. This row is provisional semantic evidence only; legal boundary, current delimitation and local-source completeness remain unresolved."
gb:VEN:ADM2:92452058B74442038912920,Libertador,justified,municipal role and adjacent province suitability; not complete boundary approval,framework:province:sucre:a672348dc911,Sucre,gb:VEN:ADM2,Libertador,municipality (2015 geoBoundaries ADM2 / Municipios source collection),2015,Open Data Commons Open Database License 1.0,92452058B74442038912920,1,1.0,0.01931988,1.0,Sucre,1.0,Municipio Libertador,0.91038057,[],open: same-name IGVSB feature is only a different-vintage comparison; no surveyed/legal edge proof or complete regional coverage certificate,"At the role/parent level only: the source is a named Municipio in the 2015 ADM2 collection, a same-name 2016 IGVSB municipality exists, and independent 2020 ADM1 overlay places at least 98% of the source polygon in the issue-declared province. Boundary equivalence/completeness remains separately open.","2015/2016/2020 source vintages differ. The 2016 file itself identifies overlap/no-jurisdiction zones. This row is provisional semantic evidence only; legal boundary, current delimitation and local-source completeness remain unresolved."
gb:VEN:ADM2:92452058B74462864631262,Guanarito,justified,municipal role and adjacent province suitability; not complete boundary approval,framework:province:portuguesa:d3e888b3586b,Portuguesa,gb:VEN:ADM2,Guanarito,municipality (2015 geoBoundaries ADM2 / Municipios source collection),2015,Open Data Commons Open Database License 1.0,92452058B74462864631262,1,1.0,0.19934498,0.98540657,Portuguesa,0.98540657,Municipio Guanarito,0.96814943,"[{""name"":""Zona de Sobreposición de Lí­mite entre Municipios"",""source_fraction"":0.00488144,""record_index"":99},{""name"":""Zona de Sobreposición de Lí­mite entre Municipios"",""source_fraction"":0.00333393,""record_index"":198}]",open: 2016 IGVSB source has explicit overlapping or unassigned municipal-boundary zone polygons intersecting this unit,"At the role/parent level only: the source is a named Municipio in the 2015 ADM2 collection, a same-name 2016 IGVSB municipality exists, and independent 2020 ADM1 overlay places at least 98% of the source polygon in the issue-declared province. Boundary equivalence/completeness remains separately open.","2015/2016/2020 source vintages differ. The 2016 file itself identifies overlap/no-jurisdiction zones. This row is provisional semantic evidence only; legal boundary, current delimitation and local-source completeness remain unresolved."
gb:VEN:ADM2:92452058B74472117393048,Paz Castillo,justified,municipal role and adjacent province suitability; not complete boundary approval,framework:province:miranda:c08c2666c7c4,Miranda,gb:VEN:ADM2,Paz Castillo,municipality (2015 geoBoundaries ADM2 / Municipios source collection),2015,Open Data Commons Open Database License 1.0,92452058B74472117393048,1,1.0,0.0484067,1.0,Miranda,1.0,Municipio Paz Castillo,0.92636315,[],open: same-name IGVSB feature is only a different-vintage comparison; no surveyed/legal edge proof or complete regional coverage certificate,"At the role/parent level only: the source is a named Municipio in the 2015 ADM2 collection, a same-name 2016 IGVSB municipality exists, and independent 2020 ADM1 overlay places at least 98% of the source polygon in the issue-declared province. Boundary equivalence/completeness remains separately open.","2015/2016/2020 source vintages differ. The 2016 file itself identifies overlap/no-jurisdiction zones. This row is provisional semantic evidence only; legal boundary, current delimitation and local-source completeness remain unresolved."
gb:VEN:ADM2:92452058B74873434476019,Tovar,justified,municipal role and adjacent province suitability; not complete boundary approval,framework:province:aragua:209b97f0e40e,Aragua,gb:VEN:ADM2,Tovar,municipality (2015 geoBoundaries ADM2 / Municipios source collection),2015,Open Data Commons Open Database License 1.0,92452058B74873434476019,1,1.0,0.03971987,0.99714877,Aragua,0.99714877,Municipio Tovar,0.88405414,[],open: same-name IGVSB feature is only a different-vintage comparison; no surveyed/legal edge proof or complete regional coverage certificate,"At the role/parent level only: the source is a named Municipio in the 2015 ADM2 collection, a same-name 2016 IGVSB municipality exists, and independent 2020 ADM1 overlay places at least 98% of the source polygon in the issue-declared province. Boundary equivalence/completeness remains separately open.","2015/2016/2020 source vintages differ. The 2016 file itself identifies overlap/no-jurisdiction zones. This row is provisional semantic evidence only; legal boundary, current delimitation and local-source completeness remain unresolved."
gb:VEN:ADM2:92452058B74978111878407,Piar,justified,municipal role and adjacent province suitability; not complete boundary approval,framework:province:monagas:04643c18e61c,Monagas,gb:VEN:ADM2,Piar,municipality (2015 geoBoundaries ADM2 / Municipios source collection),2015,Open Data Commons Open Database License 1.0,92452058B74978111878407,1,1.0,0.03729834,1.0,Monagas,1.0,Municipio Piar,0.95246627,[],open: same-name IGVSB feature is only a different-vintage comparison; no surveyed/legal edge proof or complete regional coverage certificate,"At the role/parent level only: the source is a named Municipio in the 2015 ADM2 collection, a same-name 2016 IGVSB municipality exists, and independent 2020 ADM1 overlay places at least 98% of the source polygon in the issue-declared province. Boundary equivalence/completeness remains separately open.","2015/2016/2020 source vintages differ. The 2016 file itself identifies overlap/no-jurisdiction zones. This row is provisional semantic evidence only; legal boundary, current delimitation and local-source completeness remain unresolved."
gb:VEN:ADM2:92452058B76566791733610,Bruzual,justified,municipal role and adjacent province suitability; not complete boundary approval,framework:province:yaracuy:00e5a5072b16,Yaracuy,gb:VEN:ADM2,Bruzual,municipality (2015 geoBoundaries ADM2 / Municipios source collection),2015,Open Data Commons Open Database License 1.0,92452058B76566791733610,1,1.0,0.05983584,1.0,Yaracuy,1.0,Municipio Bruzual,0.85366256,[],open: same-name IGVSB feature is only a different-vintage comparison; no surveyed/legal edge proof or complete regional coverage certificate,"At the role/parent level only: the source is a named Municipio in the 2015 ADM2 collection, a same-name 2016 IGVSB municipality exists, and independent 2020 ADM1 overlay places at least 98% of the source polygon in the issue-declared province. Boundary equivalence/completeness remains separately open.","2015/2016/2020 source vintages differ. The 2016 file itself identifies overlap/no-jurisdiction zones. This row is provisional semantic evidence only; legal boundary, current delimitation and local-source completeness remain unresolved."
gb:VEN:ADM2:92452058B76694277740413,Muñoz,justified,municipal role and adjacent province suitability; not complete boundary approval,framework:province:apure:d0edbe4c689c,Apure,gb:VEN:ADM2,Muñoz,municipality (2015 geoBoundaries ADM2 / Municipios source collection),2015,Open Data Commons Open Database License 1.0,92452058B76694277740413,1,1.0,0.10578669,0.99973892,Apure,0.99973892,Municipio Muñoz,0.98556605,[],open: same-name IGVSB feature is only a different-vintage comparison; no surveyed/legal edge proof or complete regional coverage certificate,"At the role/parent level only: the source is a named Municipio in the 2015 ADM2 collection, a same-name 2016 IGVSB municipality exists, and independent 2020 ADM1 overlay places at least 98% of the source polygon in the issue-declared province. Boundary equivalence/completeness remains separately open.","2015/2016/2020 source vintages differ. The 2016 file itself identifies overlap/no-jurisdiction zones. This row is provisional semantic evidence only; legal boundary, current delimitation and local-source completeness remain unresolved."
gb:VEN:ADM2:92452058B76847227335777,Guacara,justified,municipal role and adjacent province suitability; not complete boundary approval,framework:province:carabobo:baf5d863629a,Carabobo,gb:VEN:ADM2,Guacara,municipality (2015 geoBoundaries ADM2 / Municipios source collection),2015,Open Data Commons Open Database License 1.0,92452058B76847227335777,1,1.0,0.03649257,0.99963443,Carabobo,0.99963443,Municipio Guacara,0.90829569,[],open: same-name IGVSB feature is only a different-vintage comparison; no surveyed/legal edge proof or complete regional coverage certificate,"At the role/parent level only: the source is a named Municipio in the 2015 ADM2 collection, a same-name 2016 IGVSB municipality exists, and independent 2020 ADM1 overlay places at least 98% of the source polygon in the issue-declared province. Boundary equivalence/completeness remains separately open.","2015/2016/2020 source vintages differ. The 2016 file itself identifies overlap/no-jurisdiction zones. This row is provisional semantic evidence only; legal boundary, current delimitation and local-source completeness remain unresolved."
gb:VEN:ADM2:92452058B76868797395121,Fernando de Peñalver,justified,municipal role and adjacent province suitability; not complete boundary approval,framework:province:anzoategui:48326e5e1b4d,Anzoátegui,gb:VEN:ADM2,Fernando de Peñalver,municipality (2015 geoBoundaries ADM2 / Municipios source collection),2015,Open Data Commons Open Database License 1.0,92452058B76868797395121,2,0.69323985,0.01591655,1.0,Anzoátegui,1.0,Municipio Fernando de Peñalver,0.91325272,[],open: same-name IGVSB feature is only a different-vintage comparison; no surveyed/legal edge proof or complete regional coverage certificate,"At the role/parent level only: the source is a named Municipio in the 2015 ADM2 collection, a same-name 2016 IGVSB municipality exists, and independent 2020 ADM1 overlay places at least 98% of the source polygon in the issue-declared province. Boundary equivalence/completeness remains separately open.","2015/2016/2020 source vintages differ. The 2016 file itself identifies overlap/no-jurisdiction zones. This row is provisional semantic evidence only; legal boundary, current delimitation and local-source completeness remain unresolved."
gb:VEN:ADM2:92452058B7770981704076,San Casimiro,justified,municipal role and adjacent province suitability; not complete boundary approval,framework:province:aragua:209b97f0e40e,Aragua,gb:VEN:ADM2,San Casimiro,municipality (2015 geoBoundaries ADM2 / Municipios source collection),2015,Open Data Commons Open Database License 1.0,92452058B7770981704076,1,1.0,0.07155467,0.99980981,Aragua,0.99980981,Municipio San Casimiro,0.92467357,[],open: same-name IGVSB feature is only a different-vintage comparison; no surveyed/legal edge proof or complete regional coverage certificate,"At the role/parent level only: the source is a named Municipio in the 2015 ADM2 collection, a same-name 2016 IGVSB municipality exists, and independent 2020 ADM1 overlay places at least 98% of the source polygon in the issue-declared province. Boundary equivalence/completeness remains separately open.","2015/2016/2020 source vintages differ. The 2016 file itself identifies overlap/no-jurisdiction zones. This row is provisional semantic evidence only; legal boundary, current delimitation and local-source completeness remain unresolved."
gb:VEN:ADM2:92452058B78447057272703,Juan Germán Roscio,justified,municipal role and adjacent province suitability; not complete boundary approval,framework:province:guarico:768a8658d27d,Guárico,gb:VEN:ADM2,Juan Germán Roscio,municipality (2015 geoBoundaries ADM2 / Municipios source collection),2015,Open Data Commons Open Database License 1.0,92452058B78447057272703,1,1.0,0.02811805,0.99835123,Guárico,0.99835123,Municipio Juan Germán Roscio,0.96640273,[],open: same-name IGVSB feature is only a different-vintage comparison; no surveyed/legal edge proof or complete regional coverage certificate,"At the role/parent level only: the source is a named Municipio in the 2015 ADM2 collection, a same-name 2016 IGVSB municipality exists, and independent 2020 ADM1 overlay places at least 98% of the source polygon in the issue-declared province. Boundary equivalence/completeness remains separately open.","2015/2016/2020 source vintages differ. The 2016 file itself identifies overlap/no-jurisdiction zones. This row is provisional semantic evidence only; legal boundary, current delimitation and local-source completeness remain unresolved."
gb:VEN:ADM2:92452058B78508752034039,Sucre,justified,municipal role and adjacent province suitability; not complete boundary approval,framework:province:aragua:209b97f0e40e,Aragua,gb:VEN:ADM2,Sucre,municipality (2015 geoBoundaries ADM2 / Municipios source collection),2015,Open Data Commons Open Database License 1.0,92452058B78508752034039,1,1.0,0.00914409,1.0,Aragua,1.0,Municipio Sucre,0.81977414,[],open: same-name IGVSB feature is only a different-vintage comparison; no surveyed/legal edge proof or complete regional coverage certificate,"At the role/parent level only: the source is a named Municipio in the 2015 ADM2 collection, a same-name 2016 IGVSB municipality exists, and independent 2020 ADM1 overlay places at least 98% of the source polygon in the issue-declared province. Boundary equivalence/completeness remains separately open.","2015/2016/2020 source vintages differ. The 2016 file itself identifies overlap/no-jurisdiction zones. This row is provisional semantic evidence only; legal boundary, current delimitation and local-source completeness remain unresolved."
gb:VEN:ADM2:92452058B78980927741565,Julián Mellado,justified,municipal role and adjacent province suitability; not complete boundary approval,framework:province:guarico:768a8658d27d,Guárico,gb:VEN:ADM2,Julián Mellado,municipality (2015 geoBoundaries ADM2 / Municipios source collection),2015,Open Data Commons Open Database License 1.0,92452058B78980927741565,1,1.0,0.0322099,0.99729315,Guárico,0.99729315,Municipio Julián Mellado,0.96293274,"[{""name"":""Zona de Sobreposición de Lí­mite entre Municipios"",""source_fraction"":0.00032363,""record_index"":101}]",open: 2016 IGVSB source has explicit overlapping or unassigned municipal-boundary zone polygons intersecting this unit,"At the role/parent level only: the source is a named Municipio in the 2015 ADM2 collection, a same-name 2016 IGVSB municipality exists, and independent 2020 ADM1 overlay places at least 98% of the source polygon in the issue-declared province. Boundary equivalence/completeness remains separately open.","2015/2016/2020 source vintages differ. The 2016 file itself identifies overlap/no-jurisdiction zones. This row is provisional semantic evidence only; legal boundary, current delimitation and local-source completeness remain unresolved."
gb:VEN:ADM2:92452058B79162136428337,Francisco Linares Alcántara,justified,municipal role and adjacent province suitability; not complete boundary approval,framework:province:aragua:209b97f0e40e,Aragua,gb:VEN:ADM2,Francisco Linares Alcántara,municipality (2015 geoBoundaries ADM2 / Municipios source collection),2015,Open Data Commons Open Database License 1.0,92452058B79162136428337,1,1.0,0.00341825,1.0,Aragua,1.0,Municipio Francisco Linares Alcántara,0.65187186,[],open: same-name IGVSB feature is only a different-vintage comparison; no surveyed/legal edge proof or complete regional coverage certificate,"At the role/parent level only: the source is a named Municipio in the 2015 ADM2 collection, a same-name 2016 IGVSB municipality exists, and independent 2020 ADM1 overlay places at least 98% of the source polygon in the issue-declared province. Boundary equivalence/completeness remains separately open.","2015/2016/2020 source vintages differ. The 2016 file itself identifies overlap/no-jurisdiction zones. This row is provisional semantic evidence only; legal boundary, current delimitation and local-source completeness remain unresolved."
gb:VEN:ADM2:92452058B80404447780707,Tucupita,justified,municipal role and adjacent province suitability; not complete boundary approval,framework:province:delta-amacuro:c5e3a392c190,Delta Amacuro,gb:VEN:ADM2,Tucupita,municipality (2015 geoBoundaries ADM2 / Municipios source collection),2015,Open Data Commons Open Database License 1.0,92452058B80404447780707,1,1.0,0.29956917,0.98361725,Delta Amacuro,0.98361725,Municipio Tucupita,0.84141524,[],open: same-name IGVSB feature is only a different-vintage comparison; no surveyed/legal edge proof or complete regional coverage certificate,"At the role/parent level only: the source is a named Municipio in the 2015 ADM2 collection, a same-name 2016 IGVSB municipality exists, and independent 2020 ADM1 overlay places at least 98% of the source polygon in the issue-declared province. Boundary equivalence/completeness remains separately open.","2015/2016/2020 source vintages differ. The 2016 file itself identifies overlap/no-jurisdiction zones. This row is provisional semantic evidence only; legal boundary, current delimitation and local-source completeness remain unresolved."
gb:VEN:ADM2:92452058B80910187087135,Lima Blanco,justified,municipal role and adjacent province suitability; not complete boundary approval,framework:province:cojedes:0ffcf4d05528,Cojedes,gb:VEN:ADM2,Lima Blanco,municipality (2015 geoBoundaries ADM2 / Municipios source collection),2015,Open Data Commons Open Database License 1.0,92452058B80910187087135,1,1.0,0.01161956,0.99986373,Cojedes,0.99986373,Municipio Lima Blanco,0.85593024,[],open: same-name IGVSB feature is only a different-vintage comparison; no surveyed/legal edge proof or complete regional coverage certificate,"At the role/parent level only: the source is a named Municipio in the 2015 ADM2 collection, a same-name 2016 IGVSB municipality exists, and independent 2020 ADM1 overlay places at least 98% of the source polygon in the issue-declared province. Boundary equivalence/completeness remains separately open.","2015/2016/2020 source vintages differ. The 2016 file itself identifies overlap/no-jurisdiction zones. This row is provisional semantic evidence only; legal boundary, current delimitation and local-source completeness remain unresolved."
gb:VEN:ADM2:92452058B80975086584779,Pedro Gual,justified,municipal role and adjacent province suitability; not complete boundary approval,framework:province:miranda:c08c2666c7c4,Miranda,gb:VEN:ADM2,Pedro Gual,municipality (2015 geoBoundaries ADM2 / Municipios source collection),2015,Open Data Commons Open Database License 1.0,92452058B80975086584779,1,1.0,0.1128063,0.98576062,Miranda,0.98576062,Municipio Pedro Gual,0.95658117,"[{""name"":""Zona de Sobreposición de Lí­mite entre Municipios"",""source_fraction"":0.0009149,""record_index"":63}]",open: 2016 IGVSB source has explicit overlapping or unassigned municipal-boundary zone polygons intersecting this unit,"At the role/parent level only: the source is a named Municipio in the 2015 ADM2 collection, a same-name 2016 IGVSB municipality exists, and independent 2020 ADM1 overlay places at least 98% of the source polygon in the issue-declared province. Boundary equivalence/completeness remains separately open.","2015/2016/2020 source vintages differ. The 2016 file itself identifies overlap/no-jurisdiction zones. This row is provisional semantic evidence only; legal boundary, current delimitation and local-source completeness remain unresolved."
gb:VEN:ADM2:92452058B80982982494496,Ricaurte,justified,municipal role and adjacent province suitability; not complete boundary approval,framework:province:cojedes:0ffcf4d05528,Cojedes,gb:VEN:ADM2,Ricaurte,municipality (2015 geoBoundaries ADM2 / Municipios source collection),2015,Open Data Commons Open Database License 1.0,92452058B80982982494496,1,1.0,0.0673975,0.98407409,Cojedes,0.98407409,Municipio Ricaurte,0.93550822,"[{""name"":""Zona de Sobreposición de Lí­mite entre Municipios"",""source_fraction"":0.00727778,""record_index"":265}]",open: 2016 IGVSB source has explicit overlapping or unassigned municipal-boundary zone polygons intersecting this unit,"At the role/parent level only: the source is a named Municipio in the 2015 ADM2 collection, a same-name 2016 IGVSB municipality exists, and independent 2020 ADM1 overlay places at least 98% of the source polygon in the issue-declared province. Boundary equivalence/completeness remains separately open.","2015/2016/2020 source vintages differ. The 2016 file itself identifies overlap/no-jurisdiction zones. This row is provisional semantic evidence only; legal boundary, current delimitation and local-source completeness remain unresolved."
gb:VEN:ADM2:92452058B81521575667263,Naguanagua,justified,municipal role and adjacent province suitability; not complete boundary approval,framework:province:carabobo:baf5d863629a,Carabobo,gb:VEN:ADM2,Naguanagua,municipality (2015 geoBoundaries ADM2 / Municipios source collection),2015,Open Data Commons Open Database License 1.0,92452058B81521575667263,1,1.0,0.0407147,1.0,Carabobo,1.0,Municipio Naguanagua,0.9135814,[],open: same-name IGVSB feature is only a different-vintage comparison; no surveyed/legal edge proof or complete regional coverage certificate,"At the role/parent level only: the source is a named Municipio in the 2015 ADM2 collection, a same-name 2016 IGVSB municipality exists, and independent 2020 ADM1 overlay places at least 98% of the source polygon in the issue-declared province. Boundary equivalence/completeness remains separately open.","2015/2016/2020 source vintages differ. The 2016 file itself identifies overlap/no-jurisdiction zones. This row is provisional semantic evidence only; legal boundary, current delimitation and local-source completeness remain unresolved."
gb:VEN:ADM2:92452058B81602658617496,Manuel Ezequiel Bruzual,justified,municipal role and adjacent province suitability; not complete boundary approval,framework:province:anzoategui:48326e5e1b4d,Anzoátegui,gb:VEN:ADM2,Manuel Ezequiel Bruzual,municipality (2015 geoBoundaries ADM2 / Municipios source collection),2015,Open Data Commons Open Database License 1.0,92452058B81602658617496,1,1.0,0.0351672,0.99910465,Anzoátegui,0.99910465,Municipio Manuel Ezequiel Bruzual,0.96836643,[],open: same-name IGVSB feature is only a different-vintage comparison; no surveyed/legal edge proof or complete regional coverage certificate,"At the role/parent level only: the source is a named Municipio in the 2015 ADM2 collection, a same-name 2016 IGVSB municipality exists, and independent 2020 ADM1 overlay places at least 98% of the source polygon in the issue-declared province. Boundary equivalence/completeness remains separately open.","2015/2016/2020 source vintages differ. The 2016 file itself identifies overlap/no-jurisdiction zones. This row is provisional semantic evidence only; legal boundary, current delimitation and local-source completeness remain unresolved."
gb:VEN:ADM2:92452058B82042298353727,Independencia,justified,municipal role and adjacent province suitability; not complete boundary approval,framework:province:miranda:c08c2666c7c4,Miranda,gb:VEN:ADM2,Independencia,municipality (2015 geoBoundaries ADM2 / Municipios source collection),2015,Open Data Commons Open Database License 1.0,92452058B82042298353727,1,1.0,0.03784166,1.0,Miranda,1.0,Municipio Independencia,0.91842454,[],open: same-name IGVSB feature is only a different-vintage comparison; no surveyed/legal edge proof or complete regional coverage certificate,"At the role/parent level only: the source is a named Municipio in the 2015 ADM2 collection, a same-name 2016 IGVSB municipality exists, and independent 2020 ADM1 overlay places at least 98% of the source polygon in the issue-declared province. Boundary equivalence/completeness remains separately open.","2015/2016/2020 source vintages differ. The 2016 file itself identifies overlap/no-jurisdiction zones. This row is provisional semantic evidence only; legal boundary, current delimitation and local-source completeness remain unresolved."
gb:VEN:ADM2:92452058B83118913216781,Zaraza,insufficient-evidence,municipal role and adjacent province suitability; not complete boundary approval,framework:province:guarico:768a8658d27d,Guárico,gb:VEN:ADM2,Zaraza,municipality (2015 geoBoundaries ADM2 / Municipios source collection),2015,Open Data Commons Open Database License 1.0,92452058B83118913216781,1,1.0,0.04695021,0.99788609,Guárico,0.99788609,,,[],open: no exact same-name 2016 IGVSB municipality crosswalk established,No exact normalized municipality-name match was established in the 2016 IGVSB comparator; parent overlap alone does not complete the source-unit crosswalk. Retain as unresolved pending a primary unit crosswalk and current source.,"2015/2016/2020 source vintages differ. The 2016 file itself identifies overlap/no-jurisdiction zones. This row is provisional semantic evidence only; legal boundary, current delimitation and local-source completeness remain unresolved."
gb:VEN:ADM2:92452058B83392643498369,Aragua,justified,municipal role and adjacent province suitability; not complete boundary approval,framework:province:anzoategui:48326e5e1b4d,Anzoátegui,gb:VEN:ADM2,Aragua,municipality (2015 geoBoundaries ADM2 / Municipios source collection),2015,Open Data Commons Open Database License 1.0,92452058B83392643498369,1,1.0,0.06799314,1.0,Anzoátegui,1.0,Municipio Aragua,0.96443664,[],open: same-name IGVSB feature is only a different-vintage comparison; no surveyed/legal edge proof or complete regional coverage certificate,"At the role/parent level only: the source is a named Municipio in the 2015 ADM2 collection, a same-name 2016 IGVSB municipality exists, and independent 2020 ADM1 overlay places at least 98% of the source polygon in the issue-declared province. Boundary equivalence/completeness remains separately open.","2015/2016/2020 source vintages differ. The 2016 file itself identifies overlap/no-jurisdiction zones. This row is provisional semantic evidence only; legal boundary, current delimitation and local-source completeness remain unresolved."
gb:VEN:ADM2:92452058B8376465303279,Guaicaipuro,insufficient-evidence,municipal role and adjacent province suitability; not complete boundary approval,framework:province:miranda:c08c2666c7c4,Miranda,gb:VEN:ADM2,Guaicaipuro,municipality (2015 geoBoundaries ADM2 / Municipios source collection),2015,Open Data Commons Open Database License 1.0,92452058B8376465303279,1,1.0,0.08537729,0.97926557,Miranda,0.97926557,,,[],open: no exact same-name 2016 IGVSB municipality crosswalk established,No exact normalized municipality-name match was established in the 2016 IGVSB comparator; parent overlap alone does not complete the source-unit crosswalk. Retain as unresolved pending a primary unit crosswalk and current source.,"2015/2016/2020 source vintages differ. The 2016 file itself identifies overlap/no-jurisdiction zones. This row is provisional semantic evidence only; legal boundary, current delimitation and local-source completeness remain unresolved."
gb:VEN:ADM2:92452058B84020445528897,Peña,insufficient-evidence,municipal role and adjacent province suitability; not complete boundary approval,framework:province:yaracuy:00e5a5072b16,Yaracuy,gb:VEN:ADM2,Peña,municipality (2015 geoBoundaries ADM2 / Municipios source collection),2015,Open Data Commons Open Database License 1.0,92452058B84020445528897,1,1.0,0.06620665,0.93386533,Yaracuy,0.93386533,Municipio Peña,0.89756223,"[{""name"":""Zona sin Jurisdicción Territorial entre Municipios"",""source_fraction"":0.0117517,""record_index"":78},{""name"":""Zona de Sobreposición de Lí­mite entre Municipios"",""source_fraction"":0.00425427,""record_index"":82},{""name"":""Zona de Sobreposición de Lí­mite entre Municipios"",""source_fraction"":0.00802074,""record_index"":85},{""name"":""Zona de Sobreposición de Lí­mite entre Municipios"",""source_fraction"":0.00293121,""record_index"":158},{""name"":""Zona de Sobreposición de Lí­mite entre Municipios"",""source_fraction"":0.00310266,""record_index"":163},{""name"":""Zona de Sobreposición de Lí­mite entre Municipios"",""source_fraction"":0.00017357,""record_index"":164},{""name"":""Zona de Sobreposición de Lí­mite entre Municipios"",""source_fraction"":0.0072977,""record_index"":166}]",open: 2016 IGVSB source has explicit overlapping or unassigned municipal-boundary zone polygons intersecting this unit,"A same-name IGVSB municipality is present in the 2016 comparator, but only 0.933865 of the 2015 source geometry overlaps its declared 2020 ADM1 parent in the WGS84 diagnostic; this misses the explicit 0.98 screen. The result is unresolved cross-vintage parent evidence, not proof that either edge is wrong.","2015/2016/2020 source vintages differ. The 2016 file itself identifies overlap/no-jurisdiction zones. This row is provisional semantic evidence only; legal boundary, current delimitation and local-source completeness remain unresolved."
gb:VEN:ADM2:92452058B84571882758287,Autónomo Autana,justified,municipal role and adjacent province suitability; not complete boundary approval,framework:province:amazonas:dda057aedb0e,Amazonas,gb:VEN:ADM2,Autónomo Autana,municipality (2015 geoBoundaries ADM2 / Municipios source collection),2015,Open Data Commons Open Database License 1.0,92452058B84571882758287,1,1.0,0.08265826,0.9939986,Amazonas,0.9939986,Municipio Autónomo Autana,0.96767686,[],open: same-name IGVSB feature is only a different-vintage comparison; no surveyed/legal edge proof or complete regional coverage certificate,"At the role/parent level only: the source is a named Municipio in the 2015 ADM2 collection, a same-name 2016 IGVSB municipality exists, and independent 2020 ADM1 overlay places at least 98% of the source polygon in the issue-declared province. Boundary equivalence/completeness remains separately open.","2015/2016/2020 source vintages differ. The 2016 file itself identifies overlap/no-jurisdiction zones. This row is provisional semantic evidence only; legal boundary, current delimitation and local-source completeness remain unresolved."
gb:VEN:ADM2:92452058B8554820713404,Casacoima,insufficient-evidence,municipal role and adjacent province suitability; not complete boundary approval,framework:province:delta-amacuro:c5e3a392c190,Delta Amacuro,gb:VEN:ADM2,Casacoima,municipality (2015 geoBoundaries ADM2 / Municipios source collection),2015,Open Data Commons Open Database License 1.0,92452058B8554820713404,1,1.0,0.06653338,0.97621839,Delta Amacuro,0.97621839,Municipio Casacoima,0.93773396,[],open: same-name IGVSB feature is only a different-vintage comparison; no surveyed/legal edge proof or complete regional coverage certificate,"A same-name IGVSB municipality is present in the 2016 comparator, but only 0.976218 of the 2015 source geometry overlaps its declared 2020 ADM1 parent in the WGS84 diagnostic; this misses the explicit 0.98 screen. The result is unresolved cross-vintage parent evidence, not proof that either edge is wrong.","2015/2016/2020 source vintages differ. The 2016 file itself identifies overlap/no-jurisdiction zones. This row is provisional semantic evidence only; legal boundary, current delimitation and local-source completeness remain unresolved."
gb:VEN:ADM2:92452058B86432153938912,Ortíz,justified,municipal role and adjacent province suitability; not complete boundary approval,framework:province:guarico:768a8658d27d,Guárico,gb:VEN:ADM2,Ortíz,municipality (2015 geoBoundaries ADM2 / Municipios source collection),2015,Open Data Commons Open Database License 1.0,92452058B86432153938912,1,1.0,0.06310471,0.99483538,Guárico,0.99483538,Municipio Ortí­z,0.97799711,[],open: same-name IGVSB feature is only a different-vintage comparison; no surveyed/legal edge proof or complete regional coverage certificate,"At the role/parent level only: the source is a named Municipio in the 2015 ADM2 collection, a same-name 2016 IGVSB municipality exists, and independent 2020 ADM1 overlay places at least 98% of the source polygon in the issue-declared province. Boundary equivalence/completeness remains separately open.","2015/2016/2020 source vintages differ. The 2016 file itself identifies overlap/no-jurisdiction zones. This row is provisional semantic evidence only; legal boundary, current delimitation and local-source completeness remain unresolved."
gb:VEN:ADM2:92452058B88295948802008,Ezequiel Zamora,justified,municipal role and adjacent province suitability; not complete boundary approval,framework:province:monagas:04643c18e61c,Monagas,gb:VEN:ADM2,Ezequiel Zamora,municipality (2015 geoBoundaries ADM2 / Municipios source collection),2015,Open Data Commons Open Database License 1.0,92452058B88295948802008,1,1.0,0.01417063,1.0,Monagas,1.0,Municipio Ezequiel Zamora,0.940059,[],open: same-name IGVSB feature is only a different-vintage comparison; no surveyed/legal edge proof or complete regional coverage certificate,"At the role/parent level only: the source is a named Municipio in the 2015 ADM2 collection, a same-name 2016 IGVSB municipality exists, and independent 2020 ADM1 overlay places at least 98% of the source polygon in the issue-declared province. Boundary equivalence/completeness remains separately open.","2015/2016/2020 source vintages differ. The 2016 file itself identifies overlap/no-jurisdiction zones. This row is provisional semantic evidence only; legal boundary, current delimitation and local-source completeness remain unresolved."
gb:VEN:ADM2:92452058B88324768545293,Leonardo Infante,justified,municipal role and adjacent province suitability; not complete boundary approval,framework:province:guarico:768a8658d27d,Guárico,gb:VEN:ADM2,Leonardo Infante,municipality (2015 geoBoundaries ADM2 / Municipios source collection),2015,Open Data Commons Open Database License 1.0,92452058B88324768545293,1,1.0,0.15508418,0.9997734,Guárico,0.9997734,Municipio Leonardo Infante,0.97471075,[],open: same-name IGVSB feature is only a different-vintage comparison; no surveyed/legal edge proof or complete regional coverage certificate,"At the role/parent level only: the source is a named Municipio in the 2015 ADM2 collection, a same-name 2016 IGVSB municipality exists, and independent 2020 ADM1 overlay places at least 98% of the source polygon in the issue-declared province. Boundary equivalence/completeness remains separately open.","2015/2016/2020 source vintages differ. The 2016 file itself identifies overlap/no-jurisdiction zones. This row is provisional semantic evidence only; legal boundary, current delimitation and local-source completeness remain unresolved."
gb:VEN:ADM2:92452058B8931930020089,Juan Manuel Cajigal,justified,municipal role and adjacent province suitability; not complete boundary approval,framework:province:anzoategui:48326e5e1b4d,Anzoátegui,gb:VEN:ADM2,Juan Manuel Cajigal,municipality (2015 geoBoundaries ADM2 / Municipios source collection),2015,Open Data Commons Open Database License 1.0,92452058B8931930020089,1,1.0,0.04087779,0.98877775,Anzoátegui,0.98877775,Municipio Juan Manuel Cajigal,0.93991246,"[{""name"":""Zona de Sobreposición de Lí­mites entre Municipios"",""source_fraction"":0.0213253,""record_index"":344}]",open: 2016 IGVSB source has explicit overlapping or unassigned municipal-boundary zone polygons intersecting this unit,"At the role/parent level only: the source is a named Municipio in the 2015 ADM2 collection, a same-name 2016 IGVSB municipality exists, and independent 2020 ADM1 overlay places at least 98% of the source polygon in the issue-declared province. Boundary equivalence/completeness remains separately open.","2015/2016/2020 source vintages differ. The 2016 file itself identifies overlap/no-jurisdiction zones. This row is provisional semantic evidence only; legal boundary, current delimitation and local-source completeness remain unresolved."
gb:VEN:ADM2:92452058B89555253536357,Rómulo Gallegos,justified,municipal role and adjacent province suitability; not complete boundary approval,framework:province:apure:d0edbe4c689c,Apure,gb:VEN:ADM2,Rómulo Gallegos,municipality (2015 geoBoundaries ADM2 / Municipios source collection),2015,Open Data Commons Open Database License 1.0,92452058B89555253536357,1,1.0,0.16146698,0.99260039,Apure,0.99260039,Municipio Rómulo Gallegos,0.9823116,[],open: same-name IGVSB feature is only a different-vintage comparison; no surveyed/legal edge proof or complete regional coverage certificate,"At the role/parent level only: the source is a named Municipio in the 2015 ADM2 collection, a same-name 2016 IGVSB municipality exists, and independent 2020 ADM1 overlay places at least 98% of the source polygon in the issue-declared province. Boundary equivalence/completeness remains separately open.","2015/2016/2020 source vintages differ. The 2016 file itself identifies overlap/no-jurisdiction zones. This row is provisional semantic evidence only; legal boundary, current delimitation and local-source completeness remain unresolved."
gb:VEN:ADM2:92452058B89590794968656,Buroz,justified,municipal role and adjacent province suitability; not complete boundary approval,framework:province:miranda:c08c2666c7c4,Miranda,gb:VEN:ADM2,Buroz,municipality (2015 geoBoundaries ADM2 / Municipios source collection),2015,Open Data Commons Open Database License 1.0,92452058B89590794968656,1,1.0,0.02452278,1.0,Miranda,1.0,Municipio Buroz,0.90262456,[],open: same-name IGVSB feature is only a different-vintage comparison; no surveyed/legal edge proof or complete regional coverage certificate,"At the role/parent level only: the source is a named Municipio in the 2015 ADM2 collection, a same-name 2016 IGVSB municipality exists, and independent 2020 ADM1 overlay places at least 98% of the source polygon in the issue-declared province. Boundary equivalence/completeness remains separately open.","2015/2016/2020 source vintages differ. The 2016 file itself identifies overlap/no-jurisdiction zones. This row is provisional semantic evidence only; legal boundary, current delimitation and local-source completeness remain unresolved."
gb:VEN:ADM2:92452058B8973005468773,Araure,justified,municipal role and adjacent province suitability; not complete boundary approval,framework:province:portuguesa:d3e888b3586b,Portuguesa,gb:VEN:ADM2,Araure,municipality (2015 geoBoundaries ADM2 / Municipios source collection),2015,Open Data Commons Open Database License 1.0,92452058B8973005468773,1,1.0,0.0437642,0.99291386,Portuguesa,0.99291386,Municipio Araure,0.93458661,"[{""name"":""Zona de Sobreposición de Lí­mite entre Municipios"",""source_fraction"":0.00056192,""record_index"":65},{""name"":""Zona de Sobreposición de Lí­mite entre Municipios"",""source_fraction"":0.0031127,""record_index"":74}]",open: 2016 IGVSB source has explicit overlapping or unassigned municipal-boundary zone polygons intersecting this unit,"At the role/parent level only: the source is a named Municipio in the 2015 ADM2 collection, a same-name 2016 IGVSB municipality exists, and independent 2020 ADM1 overlay places at least 98% of the source polygon in the issue-declared province. Boundary equivalence/completeness remains separately open.","2015/2016/2020 source vintages differ. The 2016 file itself identifies overlap/no-jurisdiction zones. This row is provisional semantic evidence only; legal boundary, current delimitation and local-source completeness remain unresolved."
gb:VEN:ADM2:92452058B90473537969965,Libertador,justified,municipal role and adjacent province suitability; not complete boundary approval,framework:province:aragua:209b97f0e40e,Aragua,gb:VEN:ADM2,Libertador,municipality (2015 geoBoundaries ADM2 / Municipios source collection),2015,Open Data Commons Open Database License 1.0,92452058B90473537969965,1,1.0,0.00751749,0.98098351,Aragua,0.98098351,Municipio Libertador,0.55910068,[],open: same-name IGVSB feature is only a different-vintage comparison; no surveyed/legal edge proof or complete regional coverage certificate,"At the role/parent level only: the source is a named Municipio in the 2015 ADM2 collection, a same-name 2016 IGVSB municipality exists, and independent 2020 ADM1 overlay places at least 98% of the source polygon in the issue-declared province. Boundary equivalence/completeness remains separately open.","2015/2016/2020 source vintages differ. The 2016 file itself identifies overlap/no-jurisdiction zones. This row is provisional semantic evidence only; legal boundary, current delimitation and local-source completeness remain unresolved."
gb:VEN:ADM2:92452058B9202349267506,Mejía,justified,municipal role and adjacent province suitability; not complete boundary approval,framework:province:sucre:a672348dc911,Sucre,gb:VEN:ADM2,Mejía,municipality (2015 geoBoundaries ADM2 / Municipios source collection),2015,Open Data Commons Open Database License 1.0,92452058B9202349267506,1,1.0,0.02496771,0.99928578,Sucre,0.99928578,Municipio Mejí­a,0.94203729,[],open: same-name IGVSB feature is only a different-vintage comparison; no surveyed/legal edge proof or complete regional coverage certificate,"At the role/parent level only: the source is a named Municipio in the 2015 ADM2 collection, a same-name 2016 IGVSB municipality exists, and independent 2020 ADM1 overlay places at least 98% of the source polygon in the issue-declared province. Boundary equivalence/completeness remains separately open.","2015/2016/2020 source vintages differ. The 2016 file itself identifies overlap/no-jurisdiction zones. This row is provisional semantic evidence only; legal boundary, current delimitation and local-source completeness remain unresolved."
gb:VEN:ADM2:92452058B92725802185650,San Fernando,justified,municipal role and adjacent province suitability; not complete boundary approval,framework:province:apure:d0edbe4c689c,Apure,gb:VEN:ADM2,San Fernando,municipality (2015 geoBoundaries ADM2 / Municipios source collection),2015,Open Data Commons Open Database License 1.0,92452058B92725802185650,1,1.0,0.07599623,0.99627814,Apure,0.99627814,Municipio San Fernando,0.95101965,[],open: same-name IGVSB feature is only a different-vintage comparison; no surveyed/legal edge proof or complete regional coverage certificate,"At the role/parent level only: the source is a named Municipio in the 2015 ADM2 collection, a same-name 2016 IGVSB municipality exists, and independent 2020 ADM1 overlay places at least 98% of the source polygon in the issue-declared province. Boundary equivalence/completeness remains separately open.","2015/2016/2020 source vintages differ. The 2016 file itself identifies overlap/no-jurisdiction zones. This row is provisional semantic evidence only; legal boundary, current delimitation and local-source completeness remain unresolved."
gb:VEN:ADM2:92452058B9282611745030,Francisco de Miranda,justified,municipal role and adjacent province suitability; not complete boundary approval,framework:province:anzoategui:48326e5e1b4d,Anzoátegui,gb:VEN:ADM2,Francisco de Miranda,municipality (2015 geoBoundaries ADM2 / Municipios source collection),2015,Open Data Commons Open Database License 1.0,92452058B9282611745030,1,1.0,0.10927701,0.99783035,Anzoátegui,0.99783035,Municipio Francisco de Miranda,0.97474097,[],open: same-name IGVSB feature is only a different-vintage comparison; no surveyed/legal edge proof or complete regional coverage certificate,"At the role/parent level only: the source is a named Municipio in the 2015 ADM2 collection, a same-name 2016 IGVSB municipality exists, and independent 2020 ADM1 overlay places at least 98% of the source polygon in the issue-declared province. Boundary equivalence/completeness remains separately open.","2015/2016/2020 source vintages differ. The 2016 file itself identifies overlap/no-jurisdiction zones. This row is provisional semantic evidence only; legal boundary, current delimitation and local-source completeness remain unresolved."
gb:VEN:ADM2:92452058B92934117405956,Chacao,justified,municipal role and adjacent province suitability; not complete boundary approval,framework:province:miranda:c08c2666c7c4,Miranda,gb:VEN:ADM2,Chacao,municipality (2015 geoBoundaries ADM2 / Municipios source collection),2015,Open Data Commons Open Database License 1.0,92452058B92934117405956,1,1.0,0.0016118,0.98822463,Miranda,0.98822463,Municipio Chacao,0.77176013,[],open: same-name IGVSB feature is only a different-vintage comparison; no surveyed/legal edge proof or complete regional coverage certificate,"At the role/parent level only: the source is a named Municipio in the 2015 ADM2 collection, a same-name 2016 IGVSB municipality exists, and independent 2020 ADM1 overlay places at least 98% of the source polygon in the issue-declared province. Boundary equivalence/completeness remains separately open.","2015/2016/2020 source vintages differ. The 2016 file itself identifies overlap/no-jurisdiction zones. This row is provisional semantic evidence only; legal boundary, current delimitation and local-source completeness remain unresolved."
gb:VEN:ADM2:92452058B94128330205113,Guanta,insufficient-evidence,municipal role and adjacent province suitability; not complete boundary approval,framework:province:anzoategui:48326e5e1b4d,Anzoátegui,gb:VEN:ADM2,Guanta,municipality (2015 geoBoundaries ADM2 / Municipios source collection),2015,Open Data Commons Open Database License 1.0,92452058B94128330205113,1,1.0,0.00151325,0.97513139,Anzoátegui,0.97513139,Municipio Guanta,0.78501226,[],open: same-name IGVSB feature is only a different-vintage comparison; no surveyed/legal edge proof or complete regional coverage certificate,"A same-name IGVSB municipality is present in the 2016 comparator, but only 0.975131 of the 2015 source geometry overlaps its declared 2020 ADM1 parent in the WGS84 diagnostic; this misses the explicit 0.98 screen. The result is unresolved cross-vintage parent evidence, not proof that either edge is wrong.","2015/2016/2020 source vintages differ. The 2016 file itself identifies overlap/no-jurisdiction zones. This row is provisional semantic evidence only; legal boundary, current delimitation and local-source completeness remain unresolved."
gb:VEN:ADM2:92452058B96252003881726,Autónomo Atabapo,justified,municipal role and adjacent province suitability; not complete boundary approval,framework:province:amazonas:dda057aedb0e,Amazonas,gb:VEN:ADM2,Autónomo Atabapo,municipality (2015 geoBoundaries ADM2 / Municipios source collection),2015,Open Data Commons Open Database License 1.0,92452058B96252003881726,1,1.0,0.1403321,0.99341669,Amazonas,0.99341669,Municipio Autónomo Atabapo,0.95965091,[],open: same-name IGVSB feature is only a different-vintage comparison; no surveyed/legal edge proof or complete regional coverage certificate,"At the role/parent level only: the source is a named Municipio in the 2015 ADM2 collection, a same-name 2016 IGVSB municipality exists, and independent 2020 ADM1 overlay places at least 98% of the source polygon in the issue-declared province. Boundary equivalence/completeness remains separately open.","2015/2016/2020 source vintages differ. The 2016 file itself identifies overlap/no-jurisdiction zones. This row is provisional semantic evidence only; legal boundary, current delimitation and local-source completeness remain unresolved."
gb:VEN:ADM2:92452058B96430954073814,Camaguán,insufficient-evidence,municipal role and adjacent province suitability; not complete boundary approval,framework:province:guarico:768a8658d27d,Guárico,gb:VEN:ADM2,Camaguán,municipality (2015 geoBoundaries ADM2 / Municipios source collection),2015,Open Data Commons Open Database License 1.0,92452058B96430954073814,1,1.0,0.0211694,0.97052468,Guárico,0.97052468,Municipio Camaguán,0.93770856,[],open: same-name IGVSB feature is only a different-vintage comparison; no surveyed/legal edge proof or complete regional coverage certificate,"A same-name IGVSB municipality is present in the 2016 comparator, but only 0.970525 of the 2015 source geometry overlaps its declared 2020 ADM1 parent in the WGS84 diagnostic; this misses the explicit 0.98 screen. The result is unresolved cross-vintage parent evidence, not proof that either edge is wrong.","2015/2016/2020 source vintages differ. The 2016 file itself identifies overlap/no-jurisdiction zones. This row is provisional semantic evidence only; legal boundary, current delimitation and local-source completeness remain unresolved."
gb:VEN:ADM2:92452058B96684435366560,Chaguaramas,justified,municipal role and adjacent province suitability; not complete boundary approval,framework:province:guarico:768a8658d27d,Guárico,gb:VEN:ADM2,Chaguaramas,municipality (2015 geoBoundaries ADM2 / Municipios source collection),2015,Open Data Commons Open Database License 1.0,92452058B96684435366560,1,1.0,0.03531568,1.0,Guárico,1.0,Municipio Chaguaramas,0.96635164,[],open: same-name IGVSB feature is only a different-vintage comparison; no surveyed/legal edge proof or complete regional coverage certificate,"At the role/parent level only: the source is a named Municipio in the 2015 ADM2 collection, a same-name 2016 IGVSB municipality exists, and independent 2020 ADM1 overlay places at least 98% of the source polygon in the issue-declared province. Boundary equivalence/completeness remains separately open.","2015/2016/2020 source vintages differ. The 2016 file itself identifies overlap/no-jurisdiction zones. This row is provisional semantic evidence only; legal boundary, current delimitation and local-source completeness remain unresolved."
gb:VEN:ADM2:92452058B96786834235834,Manuel Monge,justified,municipal role and adjacent province suitability; not complete boundary approval,framework:province:yaracuy:00e5a5072b16,Yaracuy,gb:VEN:ADM2,Manuel Monge,municipality (2015 geoBoundaries ADM2 / Municipios source collection),2015,Open Data Commons Open Database License 1.0,92452058B96786834235834,1,1.0,0.06720098,0.99703183,Yaracuy,0.99703183,Municipio Manuel Monge,0.9226378,[],open: same-name IGVSB feature is only a different-vintage comparison; no surveyed/legal edge proof or complete regional coverage certificate,"At the role/parent level only: the source is a named Municipio in the 2015 ADM2 collection, a same-name 2016 IGVSB municipality exists, and independent 2020 ADM1 overlay places at least 98% of the source polygon in the issue-declared province. Boundary equivalence/completeness remains separately open.","2015/2016/2020 source vintages differ. The 2016 file itself identifies overlap/no-jurisdiction zones. This row is provisional semantic evidence only; legal boundary, current delimitation and local-source completeness remain unresolved."
gb:VEN:ADM2:92452058B98233245594574,Urdaneta,justified,municipal role and adjacent province suitability; not complete boundary approval,framework:province:aragua:209b97f0e40e,Aragua,gb:VEN:ADM2,Urdaneta,municipality (2015 geoBoundaries ADM2 / Municipios source collection),2015,Open Data Commons Open Database License 1.0,92452058B98233245594574,1,1.0,0.27610969,0.98593888,Aragua,0.98593888,Municipio Urdaneta,0.79564697,"[{""name"":""Zona de Sobreposición de Lí­mite entre Municipios"",""source_fraction"":0.17498335,""record_index"":101}]",open: 2016 IGVSB source has explicit overlapping or unassigned municipal-boundary zone polygons intersecting this unit,"At the role/parent level only: the source is a named Municipio in the 2015 ADM2 collection, a same-name 2016 IGVSB municipality exists, and independent 2020 ADM1 overlay places at least 98% of the source polygon in the issue-declared province. Boundary equivalence/completeness remains separately open.","2015/2016/2020 source vintages differ. The 2016 file itself identifies overlap/no-jurisdiction zones. This row is provisional semantic evidence only; legal boundary, current delimitation and local-source completeness remain unresolved."
gb:VEN:ADM2:92452058B98714042459160,José Rafael Revenga,justified,municipal role and adjacent province suitability; not complete boundary approval,framework:province:aragua:209b97f0e40e,Aragua,gb:VEN:ADM2,José Rafael Revenga,municipality (2015 geoBoundaries ADM2 / Municipios source collection),2015,Open Data Commons Open Database License 1.0,92452058B98714042459160,1,1.0,0.02479143,1.0,Aragua,1.0,Municipio José Rafael Revenga,0.92936497,[],open: same-name IGVSB feature is only a different-vintage comparison; no surveyed/legal edge proof or complete regional coverage certificate,"At the role/parent level only: the source is a named Municipio in the 2015 ADM2 collection, a same-name 2016 IGVSB municipality exists, and independent 2020 ADM1 overlay places at least 98% of the source polygon in the issue-declared province. Boundary equivalence/completeness remains separately open.","2015/2016/2020 source vintages differ. The 2016 file itself identifies overlap/no-jurisdiction zones. This row is provisional semantic evidence only; legal boundary, current delimitation and local-source completeness remain unresolved."
gb:VEN:ADM2:92452058B98840878188065,Santiago Mariño,justified,municipal role and adjacent province suitability; not complete boundary approval,framework:province:aragua:209b97f0e40e,Aragua,gb:VEN:ADM2,Santiago Mariño,municipality (2015 geoBoundaries ADM2 / Municipios source collection),2015,Open Data Commons Open Database License 1.0,92452058B98840878188065,1,1.0,0.07117097,0.99972383,Aragua,0.99972383,Municipio Santiago Mariño,0.94653383,[],open: same-name IGVSB feature is only a different-vintage comparison; no surveyed/legal edge proof or complete regional coverage certificate,"At the role/parent level only: the source is a named Municipio in the 2015 ADM2 collection, a same-name 2016 IGVSB municipality exists, and independent 2020 ADM1 overlay places at least 98% of the source polygon in the issue-declared province. Boundary equivalence/completeness remains separately open.","2015/2016/2020 source vintages differ. The 2016 file itself identifies overlap/no-jurisdiction zones. This row is provisional semantic evidence only; legal boundary, current delimitation and local-source completeness remain unresolved."
gb:VEN:ADM2:92452058B98875483329913,Andrés Mata,insufficient-evidence,municipal role and adjacent province suitability; not complete boundary approval,framework:province:sucre:a672348dc911,Sucre,gb:VEN:ADM2,Andrés Mata,municipality (2015 geoBoundaries ADM2 / Municipios source collection),2015,Open Data Commons Open Database License 1.0,92452058B98875483329913,1,1.0,0.03727726,1.0,Sucre,1.0,,,[],open: no exact same-name 2016 IGVSB municipality crosswalk established,No exact normalized municipality-name match was established in the 2016 IGVSB comparator; parent overlap alone does not complete the source-unit crosswalk. Retain as unresolved pending a primary unit crosswalk and current source.,"2015/2016/2020 source vintages differ. The 2016 file itself identifies overlap/no-jurisdiction zones. This row is provisional semantic evidence only; legal boundary, current delimitation and local-source completeness remain unresolved."
gb:VEN:ADM2:92452058B98941669377363,Baruta,justified,municipal role and adjacent province suitability; not complete boundary approval,framework:province:miranda:c08c2666c7c4,Miranda,gb:VEN:ADM2,Baruta,municipality (2015 geoBoundaries ADM2 / Municipios source collection),2015,Open Data Commons Open Database License 1.0,92452058B98941669377363,1,1.0,0.01060957,0.9990843,Miranda,0.9990843,Municipio Baruta,0.85093849,[],open: same-name IGVSB feature is only a different-vintage comparison; no surveyed/legal edge proof or complete regional coverage certificate,"At the role/parent level only: the source is a named Municipio in the 2015 ADM2 collection, a same-name 2016 IGVSB municipality exists, and independent 2020 ADM1 overlay places at least 98% of the source polygon in the issue-declared province. Boundary equivalence/completeness remains separately open.","2015/2016/2020 source vintages differ. The 2016 file itself identifies overlap/no-jurisdiction zones. This row is provisional semantic evidence only; legal boundary, current delimitation and local-source completeness remain unresolved."
gb:VEN:ADM2:92452058B99464633299903,Turén,justified,municipal role and adjacent province suitability; not complete boundary approval,framework:province:portuguesa:d3e888b3586b,Portuguesa,gb:VEN:ADM2,Turén,municipality (2015 geoBoundaries ADM2 / Municipios source collection),2015,Open Data Commons Open Database License 1.0,92452058B99464633299903,1,1.0,0.08768378,0.99846424,Portuguesa,0.99846424,Municipio Turén,0.83154103,"[{""name"":""Zona de Sobreposición de Lí­mite entre Municipios"",""source_fraction"":0.00091908,""record_index"":262},{""name"":""Zona de Sobreposición de Lí­mite entre Municipios"",""source_fraction"":0.13446692,""record_index"":265}]",open: 2016 IGVSB source has explicit overlapping or unassigned municipal-boundary zone polygons intersecting this unit,"At the role/parent level only: the source is a named Municipio in the 2015 ADM2 collection, a same-name 2016 IGVSB municipality exists, and independent 2020 ADM1 overlay places at least 98% of the source polygon in the issue-declared province. Boundary equivalence/completeness remains separately open.","2015/2016/2020 source vintages differ. The 2016 file itself identifies overlap/no-jurisdiction zones. This row is provisional semantic evidence only; legal boundary, current delimitation and local-source completeness remain unresolved."
