subject_id,parent_id,parent_name,source_collection,territorial_role_finding,roster_comparison_basis,inherited_parent_county_dzs_2021_roster_match,overall_assessment,boundary_verification
atlas:city:HRV-1589,framework:province:grad-zagreb:99f12226102e,Grad Zagreb,Natural Earth 10m Admin 1; local extraction version unpinned,"Croatian law recognizes Grad Zagreb as a distinct territorial and administrative unit; the existing Atlas record names Grad Zagreb, but Natural Earth source lineage and identity remain unverified",not applicable: separate city/county-equivalent unit,not applicable,insufficient-evidence,insufficient-evidence: source vintage/hash and official comparison unavailable
gb:HRV:ADM2:41942358B1083046839063,framework:province:istria:61523eaa054e,Istria,geoBoundaries HRV ADM2 (2021 represented),DZS 2021 local-government name/type match conditional on existing Atlas parent county alias; parent relationship unverified,conditional on the existing framework province parent alias; geoBoundaries feature has no independently inspected county-parent field,yes,insufficient-evidence,insufficient-evidence: official DGU geometry was not lawfully retrieved
gb:HRV:ADM2:41942358B11577968549196,framework:province:krapina-zagorje:7138c72f82cd,Krapina-Zagorje,geoBoundaries HRV ADM2 (2021 represented),DZS 2021 local-government name/type match conditional on existing Atlas parent county alias; parent relationship unverified,conditional on the existing framework province parent alias; geoBoundaries feature has no independently inspected county-parent field,yes,insufficient-evidence,insufficient-evidence: official DGU geometry was not lawfully retrieved
gb:HRV:ADM2:41942358B11687207448714,framework:province:zadar-county:b0ded7687297,Zadar County,geoBoundaries HRV ADM2 (2021 represented),DZS 2021 local-government name/type match conditional on existing Atlas parent county alias; parent relationship unverified,conditional on the existing framework province parent alias; geoBoundaries feature has no independently inspected county-parent field,yes,insufficient-evidence,insufficient-evidence: official DGU geometry was not lawfully retrieved
gb:HRV:ADM2:41942358B11875886420831,framework:province:istria:61523eaa054e,Istria,geoBoundaries HRV ADM2 (2021 represented),DZS 2021 local-government name/type match conditional on existing Atlas parent county alias; parent relationship unverified,conditional on the existing framework province parent alias; geoBoundaries feature has no independently inspected county-parent field,yes,insufficient-evidence,insufficient-evidence: official DGU geometry was not lawfully retrieved
gb:HRV:ADM2:41942358B12091913273541,framework:province:krapina-zagorje:7138c72f82cd,Krapina-Zagorje,geoBoundaries HRV ADM2 (2021 represented),DZS 2021 local-government name/type match conditional on existing Atlas parent county alias; parent relationship unverified,conditional on the existing framework province parent alias; geoBoundaries feature has no independently inspected county-parent field,yes,insufficient-evidence,insufficient-evidence: official DGU geometry was not lawfully retrieved
gb:HRV:ADM2:41942358B12961385975585,framework:province:istria:61523eaa054e,Istria,geoBoundaries HRV ADM2 (2021 represented),DZS 2021 local-government name/type match conditional on existing Atlas parent county alias; parent relationship unverified,conditional on the existing framework province parent alias; geoBoundaries feature has no independently inspected county-parent field,yes,insufficient-evidence,insufficient-evidence: official DGU geometry was not lawfully retrieved
gb:HRV:ADM2:41942358B1484132319361,framework:province:krapina-zagorje:7138c72f82cd,Krapina-Zagorje,geoBoundaries HRV ADM2 (2021 represented),DZS 2021 local-government name/type match conditional on existing Atlas parent county alias; parent relationship unverified,conditional on the existing framework province parent alias; geoBoundaries feature has no independently inspected county-parent field,yes,insufficient-evidence,insufficient-evidence: official DGU geometry was not lawfully retrieved
gb:HRV:ADM2:41942358B14914879185307,framework:province:primorje-gorski-kotar:c1121e5b9a0c,Primorje-Gorski Kotar,geoBoundaries HRV ADM2 (2021 represented),DZS 2021 local-government name/type match conditional on existing Atlas parent county alias; parent relationship unverified,conditional on the existing framework province parent alias; geoBoundaries feature has no independently inspected county-parent field,yes,insufficient-evidence,insufficient-evidence: official DGU geometry was not lawfully retrieved
gb:HRV:ADM2:41942358B16061485605575,framework:province:zadar-county:b0ded7687297,Zadar County,geoBoundaries HRV ADM2 (2021 represented),DZS 2021 local-government name/type match conditional on existing Atlas parent county alias; parent relationship unverified,conditional on the existing framework province parent alias; geoBoundaries feature has no independently inspected county-parent field,yes,insufficient-evidence,insufficient-evidence: official DGU geometry was not lawfully retrieved
gb:HRV:ADM2:41942358B16456685047732,framework:province:primorje-gorski-kotar:c1121e5b9a0c,Primorje-Gorski Kotar,geoBoundaries HRV ADM2 (2021 represented),island-labeled feature has no normalized DZS 2021 town/municipality name match within the inherited parent county; legal host/identity unresolved,conditional on the existing framework province parent alias; geoBoundaries feature has no independently inspected county-parent field,no,correction-needed,insufficient-evidence: official DGU geometry was not lawfully retrieved
gb:HRV:ADM2:41942358B16590455349788,framework:province:primorje-gorski-kotar:c1121e5b9a0c,Primorje-Gorski Kotar,geoBoundaries HRV ADM2 (2021 represented),DZS 2021 local-government name/type match conditional on existing Atlas parent county alias; parent relationship unverified,conditional on the existing framework province parent alias; geoBoundaries feature has no independently inspected county-parent field,yes,insufficient-evidence,insufficient-evidence: official DGU geometry was not lawfully retrieved
gb:HRV:ADM2:41942358B17087088866920,framework:province:primorje-gorski-kotar:c1121e5b9a0c,Primorje-Gorski Kotar,geoBoundaries HRV ADM2 (2021 represented),DZS 2021 local-government name/type match conditional on existing Atlas parent county alias; parent relationship unverified,conditional on the existing framework province parent alias; geoBoundaries feature has no independently inspected county-parent field,yes,insufficient-evidence,insufficient-evidence: official DGU geometry was not lawfully retrieved
gb:HRV:ADM2:41942358B17187424143828,framework:province:krapina-zagorje:7138c72f82cd,Krapina-Zagorje,geoBoundaries HRV ADM2 (2021 represented),DZS 2021 local-government name/type match conditional on existing Atlas parent county alias; parent relationship unverified,conditional on the existing framework province parent alias; geoBoundaries feature has no independently inspected county-parent field,yes,insufficient-evidence,insufficient-evidence: official DGU geometry was not lawfully retrieved
gb:HRV:ADM2:41942358B17333803192546,framework:province:zadar-county:b0ded7687297,Zadar County,geoBoundaries HRV ADM2 (2021 represented),DZS 2021 local-government name/type match conditional on existing Atlas parent county alias; parent relationship unverified,conditional on the existing framework province parent alias; geoBoundaries feature has no independently inspected county-parent field,yes,insufficient-evidence,insufficient-evidence: official DGU geometry was not lawfully retrieved
gb:HRV:ADM2:41942358B18437886938892,framework:province:lika-senj:32b38f791575,Lika-Senj,geoBoundaries HRV ADM2 (2021 represented),DZS 2021 local-government name/type match conditional on existing Atlas parent county alias; parent relationship unverified,conditional on the existing framework province parent alias; geoBoundaries feature has no independently inspected county-parent field,yes,insufficient-evidence,insufficient-evidence: official DGU geometry was not lawfully retrieved
gb:HRV:ADM2:41942358B18509388785322,framework:province:sibenik-knin:f84c699baa17,Šibenik-Knin,geoBoundaries HRV ADM2 (2021 represented),island-labeled feature has no normalized DZS 2021 town/municipality name match within the inherited parent county; legal host/identity unresolved,conditional on the existing framework province parent alias; geoBoundaries feature has no independently inspected county-parent field,no,correction-needed,insufficient-evidence: official DGU geometry was not lawfully retrieved
gb:HRV:ADM2:41942358B18856261551372,framework:province:krapina-zagorje:7138c72f82cd,Krapina-Zagorje,geoBoundaries HRV ADM2 (2021 represented),DZS 2021 local-government name/type match conditional on existing Atlas parent county alias; parent relationship unverified,conditional on the existing framework province parent alias; geoBoundaries feature has no independently inspected county-parent field,yes,insufficient-evidence,insufficient-evidence: official DGU geometry was not lawfully retrieved
gb:HRV:ADM2:41942358B19079753676718,framework:province:lika-senj:32b38f791575,Lika-Senj,geoBoundaries HRV ADM2 (2021 represented),DZS 2021 local-government name/type match conditional on existing Atlas parent county alias; parent relationship unverified,conditional on the existing framework province parent alias; geoBoundaries feature has no independently inspected county-parent field,yes,insufficient-evidence,insufficient-evidence: official DGU geometry was not lawfully retrieved
gb:HRV:ADM2:41942358B19390085170765,framework:province:sibenik-knin:f84c699baa17,Šibenik-Knin,geoBoundaries HRV ADM2 (2021 represented),island-labeled feature has no normalized DZS 2021 town/municipality name match within the inherited parent county; legal host/identity unresolved,conditional on the existing framework province parent alias; geoBoundaries feature has no independently inspected county-parent field,no,correction-needed,insufficient-evidence: official DGU geometry was not lawfully retrieved
gb:HRV:ADM2:41942358B21153558344658,framework:province:karlovac:3570a573a59a,Karlovac,geoBoundaries HRV ADM2 (2021 represented),DZS 2021 local-government name/type match conditional on existing Atlas parent county alias; parent relationship unverified,conditional on the existing framework province parent alias; geoBoundaries feature has no independently inspected county-parent field,yes,insufficient-evidence,insufficient-evidence: official DGU geometry was not lawfully retrieved
gb:HRV:ADM2:41942358B21672924283440,framework:province:krapina-zagorje:7138c72f82cd,Krapina-Zagorje,geoBoundaries HRV ADM2 (2021 represented),DZS 2021 local-government name/type match conditional on existing Atlas parent county alias; parent relationship unverified,conditional on the existing framework province parent alias; geoBoundaries feature has no independently inspected county-parent field,yes,insufficient-evidence,insufficient-evidence: official DGU geometry was not lawfully retrieved
gb:HRV:ADM2:41942358B22173332197812,framework:province:krapina-zagorje:7138c72f82cd,Krapina-Zagorje,geoBoundaries HRV ADM2 (2021 represented),DZS 2021 local-government name/type match conditional on existing Atlas parent county alias; parent relationship unverified,conditional on the existing framework province parent alias; geoBoundaries feature has no independently inspected county-parent field,yes,insufficient-evidence,insufficient-evidence: official DGU geometry was not lawfully retrieved
gb:HRV:ADM2:41942358B22825608568168,framework:province:primorje-gorski-kotar:c1121e5b9a0c,Primorje-Gorski Kotar,geoBoundaries HRV ADM2 (2021 represented),DZS 2021 local-government name/type match conditional on existing Atlas parent county alias; parent relationship unverified,conditional on the existing framework province parent alias; geoBoundaries feature has no independently inspected county-parent field,yes,insufficient-evidence,insufficient-evidence: official DGU geometry was not lawfully retrieved
gb:HRV:ADM2:41942358B23081288637883,framework:province:primorje-gorski-kotar:c1121e5b9a0c,Primorje-Gorski Kotar,geoBoundaries HRV ADM2 (2021 represented),island-labeled feature has no normalized DZS 2021 town/municipality name match within the inherited parent county; legal host/identity unresolved,conditional on the existing framework province parent alias; geoBoundaries feature has no independently inspected county-parent field,no,correction-needed,insufficient-evidence: official DGU geometry was not lawfully retrieved
gb:HRV:ADM2:41942358B23713088644074,framework:province:lika-senj:32b38f791575,Lika-Senj,geoBoundaries HRV ADM2 (2021 represented),DZS 2021 local-government name/type match conditional on existing Atlas parent county alias; parent relationship unverified,conditional on the existing framework province parent alias; geoBoundaries feature has no independently inspected county-parent field,yes,insufficient-evidence,insufficient-evidence: official DGU geometry was not lawfully retrieved
gb:HRV:ADM2:41942358B23722142725163,framework:province:zadar-county:b0ded7687297,Zadar County,geoBoundaries HRV ADM2 (2021 represented),DZS 2021 local-government name/type match conditional on existing Atlas parent county alias; parent relationship unverified,conditional on the existing framework province parent alias; geoBoundaries feature has no independently inspected county-parent field,yes,insufficient-evidence,insufficient-evidence: official DGU geometry was not lawfully retrieved
gb:HRV:ADM2:41942358B24073410923734,framework:province:sibenik-knin:f84c699baa17,Šibenik-Knin,geoBoundaries HRV ADM2 (2021 represented),DZS 2021 local-government name/type match conditional on existing Atlas parent county alias; parent relationship unverified,conditional on the existing framework province parent alias; geoBoundaries feature has no independently inspected county-parent field,yes,insufficient-evidence,insufficient-evidence: official DGU geometry was not lawfully retrieved
gb:HRV:ADM2:41942358B24722251168103,framework:province:sibenik-knin:f84c699baa17,Šibenik-Knin,geoBoundaries HRV ADM2 (2021 represented),DZS 2021 local-government name/type match conditional on existing Atlas parent county alias; parent relationship unverified,conditional on the existing framework province parent alias; geoBoundaries feature has no independently inspected county-parent field,yes,insufficient-evidence,insufficient-evidence: official DGU geometry was not lawfully retrieved
gb:HRV:ADM2:41942358B25315941129808,framework:province:karlovac:3570a573a59a,Karlovac,geoBoundaries HRV ADM2 (2021 represented),DZS 2021 local-government name/type match conditional on existing Atlas parent county alias; parent relationship unverified,conditional on the existing framework province parent alias; geoBoundaries feature has no independently inspected county-parent field,yes,insufficient-evidence,insufficient-evidence: official DGU geometry was not lawfully retrieved
gb:HRV:ADM2:41942358B26362140952560,framework:province:istria:61523eaa054e,Istria,geoBoundaries HRV ADM2 (2021 represented),DZS 2021 local-government name/type match conditional on existing Atlas parent county alias; parent relationship unverified,conditional on the existing framework province parent alias; geoBoundaries feature has no independently inspected county-parent field,yes,insufficient-evidence,insufficient-evidence: official DGU geometry was not lawfully retrieved
gb:HRV:ADM2:41942358B26503200948525,framework:province:zadar-county:b0ded7687297,Zadar County,geoBoundaries HRV ADM2 (2021 represented),DZS 2021 local-government name/type match conditional on existing Atlas parent county alias; parent relationship unverified,conditional on the existing framework province parent alias; geoBoundaries feature has no independently inspected county-parent field,yes,insufficient-evidence,insufficient-evidence: official DGU geometry was not lawfully retrieved
gb:HRV:ADM2:41942358B26721827783031,framework:province:istria:61523eaa054e,Istria,geoBoundaries HRV ADM2 (2021 represented),DZS 2021 local-government name/type match conditional on existing Atlas parent county alias; parent relationship unverified,conditional on the existing framework province parent alias; geoBoundaries feature has no independently inspected county-parent field,yes,insufficient-evidence,insufficient-evidence: official DGU geometry was not lawfully retrieved
gb:HRV:ADM2:41942358B26972445831709,framework:province:istria:61523eaa054e,Istria,geoBoundaries HRV ADM2 (2021 represented),DZS 2021 local-government name/type match conditional on existing Atlas parent county alias; parent relationship unverified,conditional on the existing framework province parent alias; geoBoundaries feature has no independently inspected county-parent field,yes,insufficient-evidence,insufficient-evidence: official DGU geometry was not lawfully retrieved
gb:HRV:ADM2:41942358B27131449987537,framework:province:zadar-county:b0ded7687297,Zadar County,geoBoundaries HRV ADM2 (2021 represented),DZS 2021 local-government name/type match conditional on existing Atlas parent county alias; parent relationship unverified,conditional on the existing framework province parent alias; geoBoundaries feature has no independently inspected county-parent field,yes,insufficient-evidence,insufficient-evidence: official DGU geometry was not lawfully retrieved
gb:HRV:ADM2:41942358B27785188555823,framework:province:istria:61523eaa054e,Istria,geoBoundaries HRV ADM2 (2021 represented),DZS 2021 local-government name/type match conditional on existing Atlas parent county alias; parent relationship unverified,conditional on the existing framework province parent alias; geoBoundaries feature has no independently inspected county-parent field,yes,insufficient-evidence,insufficient-evidence: official DGU geometry was not lawfully retrieved
gb:HRV:ADM2:41942358B28058180655743,framework:province:karlovac:3570a573a59a,Karlovac,geoBoundaries HRV ADM2 (2021 represented),DZS 2021 local-government name/type match conditional on existing Atlas parent county alias; parent relationship unverified,conditional on the existing framework province parent alias; geoBoundaries feature has no independently inspected county-parent field,yes,insufficient-evidence,insufficient-evidence: official DGU geometry was not lawfully retrieved
gb:HRV:ADM2:41942358B28076069343861,framework:province:zadar-county:b0ded7687297,Zadar County,geoBoundaries HRV ADM2 (2021 represented),DZS 2021 local-government name/type match conditional on existing Atlas parent county alias; parent relationship unverified,conditional on the existing framework province parent alias; geoBoundaries feature has no independently inspected county-parent field,yes,insufficient-evidence,insufficient-evidence: official DGU geometry was not lawfully retrieved
gb:HRV:ADM2:41942358B28112698356135,framework:province:lika-senj:32b38f791575,Lika-Senj,geoBoundaries HRV ADM2 (2021 represented),DZS 2021 local-government name/type match conditional on existing Atlas parent county alias; parent relationship unverified,conditional on the existing framework province parent alias; geoBoundaries feature has no independently inspected county-parent field,yes,insufficient-evidence,insufficient-evidence: official DGU geometry was not lawfully retrieved
gb:HRV:ADM2:41942358B28219359193917,framework:province:sibenik-knin:f84c699baa17,Šibenik-Knin,geoBoundaries HRV ADM2 (2021 represented),island-labeled feature has no normalized DZS 2021 town/municipality name match within the inherited parent county; legal host/identity unresolved,conditional on the existing framework province parent alias; geoBoundaries feature has no independently inspected county-parent field,no,correction-needed,insufficient-evidence: official DGU geometry was not lawfully retrieved
gb:HRV:ADM2:41942358B29212836137116,framework:province:zadar-county:b0ded7687297,Zadar County,geoBoundaries HRV ADM2 (2021 represented),DZS 2021 local-government name/type match conditional on existing Atlas parent county alias; parent relationship unverified,conditional on the existing framework province parent alias; geoBoundaries feature has no independently inspected county-parent field,yes,insufficient-evidence,insufficient-evidence: official DGU geometry was not lawfully retrieved
gb:HRV:ADM2:41942358B3075374378428,framework:province:krapina-zagorje:7138c72f82cd,Krapina-Zagorje,geoBoundaries HRV ADM2 (2021 represented),DZS 2021 local-government name/type match conditional on existing Atlas parent county alias; parent relationship unverified,conditional on the existing framework province parent alias; geoBoundaries feature has no independently inspected county-parent field,yes,insufficient-evidence,insufficient-evidence: official DGU geometry was not lawfully retrieved
gb:HRV:ADM2:41942358B31177094298422,framework:province:krapina-zagorje:7138c72f82cd,Krapina-Zagorje,geoBoundaries HRV ADM2 (2021 represented),DZS 2021 local-government name/type match conditional on existing Atlas parent county alias; parent relationship unverified,conditional on the existing framework province parent alias; geoBoundaries feature has no independently inspected county-parent field,yes,insufficient-evidence,insufficient-evidence: official DGU geometry was not lawfully retrieved
gb:HRV:ADM2:41942358B32081341063434,framework:province:istria:61523eaa054e,Istria,geoBoundaries HRV ADM2 (2021 represented),DZS 2021 local-government name/type match conditional on existing Atlas parent county alias; parent relationship unverified,conditional on the existing framework province parent alias; geoBoundaries feature has no independently inspected county-parent field,yes,insufficient-evidence,insufficient-evidence: official DGU geometry was not lawfully retrieved
gb:HRV:ADM2:41942358B32667290541658,framework:province:karlovac:3570a573a59a,Karlovac,geoBoundaries HRV ADM2 (2021 represented),DZS 2021 local-government name/type match conditional on existing Atlas parent county alias; parent relationship unverified,conditional on the existing framework province parent alias; geoBoundaries feature has no independently inspected county-parent field,yes,insufficient-evidence,insufficient-evidence: official DGU geometry was not lawfully retrieved
gb:HRV:ADM2:41942358B33538839459147,framework:province:karlovac:3570a573a59a,Karlovac,geoBoundaries HRV ADM2 (2021 represented),DZS 2021 local-government name/type match conditional on existing Atlas parent county alias; parent relationship unverified,conditional on the existing framework province parent alias; geoBoundaries feature has no independently inspected county-parent field,yes,insufficient-evidence,insufficient-evidence: official DGU geometry was not lawfully retrieved
gb:HRV:ADM2:41942358B33816063922018,framework:province:karlovac:3570a573a59a,Karlovac,geoBoundaries HRV ADM2 (2021 represented),DZS 2021 local-government name/type match conditional on existing Atlas parent county alias; parent relationship unverified,conditional on the existing framework province parent alias; geoBoundaries feature has no independently inspected county-parent field,yes,insufficient-evidence,insufficient-evidence: official DGU geometry was not lawfully retrieved
gb:HRV:ADM2:41942358B34140987939107,framework:province:krapina-zagorje:7138c72f82cd,Krapina-Zagorje,geoBoundaries HRV ADM2 (2021 represented),DZS 2021 local-government name/type match conditional on existing Atlas parent county alias; parent relationship unverified,conditional on the existing framework province parent alias; geoBoundaries feature has no independently inspected county-parent field,yes,insufficient-evidence,insufficient-evidence: official DGU geometry was not lawfully retrieved
gb:HRV:ADM2:41942358B34182532474510,framework:province:istria:61523eaa054e,Istria,geoBoundaries HRV ADM2 (2021 represented),DZS 2021 local-government name/type match conditional on existing Atlas parent county alias; parent relationship unverified,conditional on the existing framework province parent alias; geoBoundaries feature has no independently inspected county-parent field,yes,insufficient-evidence,insufficient-evidence: official DGU geometry was not lawfully retrieved
gb:HRV:ADM2:41942358B34203868969139,framework:province:primorje-gorski-kotar:c1121e5b9a0c,Primorje-Gorski Kotar,geoBoundaries HRV ADM2 (2021 represented),DZS 2021 local-government name/type match conditional on existing Atlas parent county alias; parent relationship unverified,conditional on the existing framework province parent alias; geoBoundaries feature has no independently inspected county-parent field,yes,insufficient-evidence,insufficient-evidence: official DGU geometry was not lawfully retrieved
gb:HRV:ADM2:41942358B34627954975511,framework:province:karlovac:3570a573a59a,Karlovac,geoBoundaries HRV ADM2 (2021 represented),DZS 2021 local-government name/type match conditional on existing Atlas parent county alias; parent relationship unverified,conditional on the existing framework province parent alias; geoBoundaries feature has no independently inspected county-parent field,yes,insufficient-evidence,insufficient-evidence: official DGU geometry was not lawfully retrieved
gb:HRV:ADM2:41942358B35560680928281,framework:province:karlovac:3570a573a59a,Karlovac,geoBoundaries HRV ADM2 (2021 represented),DZS 2021 local-government name/type match conditional on existing Atlas parent county alias; parent relationship unverified,conditional on the existing framework province parent alias; geoBoundaries feature has no independently inspected county-parent field,yes,insufficient-evidence,insufficient-evidence: official DGU geometry was not lawfully retrieved
gb:HRV:ADM2:41942358B35649310284257,framework:province:sibenik-knin:f84c699baa17,Šibenik-Knin,geoBoundaries HRV ADM2 (2021 represented),island-labeled feature has no normalized DZS 2021 town/municipality name match within the inherited parent county; legal host/identity unresolved,conditional on the existing framework province parent alias; geoBoundaries feature has no independently inspected county-parent field,no,correction-needed,insufficient-evidence: official DGU geometry was not lawfully retrieved
gb:HRV:ADM2:41942358B35782586004968,framework:province:istria:61523eaa054e,Istria,geoBoundaries HRV ADM2 (2021 represented),DZS 2021 local-government name/type match conditional on existing Atlas parent county alias; parent relationship unverified,conditional on the existing framework province parent alias; geoBoundaries feature has no independently inspected county-parent field,yes,insufficient-evidence,insufficient-evidence: official DGU geometry was not lawfully retrieved
gb:HRV:ADM2:41942358B35810574170279,framework:province:primorje-gorski-kotar:c1121e5b9a0c,Primorje-Gorski Kotar,geoBoundaries HRV ADM2 (2021 represented),DZS 2021 local-government name/type match conditional on existing Atlas parent county alias; parent relationship unverified,conditional on the existing framework province parent alias; geoBoundaries feature has no independently inspected county-parent field,yes,insufficient-evidence,insufficient-evidence: official DGU geometry was not lawfully retrieved
gb:HRV:ADM2:41942358B36014567941090,framework:province:istria:61523eaa054e,Istria,geoBoundaries HRV ADM2 (2021 represented),DZS 2021 local-government name/type match conditional on existing Atlas parent county alias; parent relationship unverified,conditional on the existing framework province parent alias; geoBoundaries feature has no independently inspected county-parent field,yes,insufficient-evidence,insufficient-evidence: official DGU geometry was not lawfully retrieved
gb:HRV:ADM2:41942358B3609022368687,framework:province:istria:61523eaa054e,Istria,geoBoundaries HRV ADM2 (2021 represented),DZS 2021 local-government name/type match conditional on existing Atlas parent county alias; parent relationship unverified,conditional on the existing framework province parent alias; geoBoundaries feature has no independently inspected county-parent field,yes,insufficient-evidence,insufficient-evidence: official DGU geometry was not lawfully retrieved
gb:HRV:ADM2:41942358B36294050215639,framework:province:karlovac:3570a573a59a,Karlovac,geoBoundaries HRV ADM2 (2021 represented),DZS 2021 local-government name/type match conditional on existing Atlas parent county alias; parent relationship unverified,conditional on the existing framework province parent alias; geoBoundaries feature has no independently inspected county-parent field,yes,insufficient-evidence,insufficient-evidence: official DGU geometry was not lawfully retrieved
gb:HRV:ADM2:41942358B36331075965296,framework:province:krapina-zagorje:7138c72f82cd,Krapina-Zagorje,geoBoundaries HRV ADM2 (2021 represented),DZS 2021 local-government name/type match conditional on existing Atlas parent county alias; parent relationship unverified,conditional on the existing framework province parent alias; geoBoundaries feature has no independently inspected county-parent field,yes,insufficient-evidence,insufficient-evidence: official DGU geometry was not lawfully retrieved
gb:HRV:ADM2:41942358B36932740896564,framework:province:primorje-gorski-kotar:c1121e5b9a0c,Primorje-Gorski Kotar,geoBoundaries HRV ADM2 (2021 represented),DZS 2021 local-government name/type match conditional on existing Atlas parent county alias; parent relationship unverified,conditional on the existing framework province parent alias; geoBoundaries feature has no independently inspected county-parent field,yes,insufficient-evidence,insufficient-evidence: official DGU geometry was not lawfully retrieved
gb:HRV:ADM2:41942358B37296056589464,framework:province:sibenik-knin:f84c699baa17,Šibenik-Knin,geoBoundaries HRV ADM2 (2021 represented),DZS 2021 local-government name/type match conditional on existing Atlas parent county alias; parent relationship unverified,conditional on the existing framework province parent alias; geoBoundaries feature has no independently inspected county-parent field,yes,insufficient-evidence,insufficient-evidence: official DGU geometry was not lawfully retrieved
gb:HRV:ADM2:41942358B37329292620196,framework:province:lika-senj:32b38f791575,Lika-Senj,geoBoundaries HRV ADM2 (2021 represented),DZS 2021 local-government name/type match conditional on existing Atlas parent county alias; parent relationship unverified,conditional on the existing framework province parent alias; geoBoundaries feature has no independently inspected county-parent field,yes,insufficient-evidence,insufficient-evidence: official DGU geometry was not lawfully retrieved
gb:HRV:ADM2:41942358B37400713872492,framework:province:lika-senj:32b38f791575,Lika-Senj,geoBoundaries HRV ADM2 (2021 represented),DZS 2021 local-government name/type match conditional on existing Atlas parent county alias; parent relationship unverified,conditional on the existing framework province parent alias; geoBoundaries feature has no independently inspected county-parent field,yes,insufficient-evidence,insufficient-evidence: official DGU geometry was not lawfully retrieved
gb:HRV:ADM2:41942358B37540360196284,framework:province:krapina-zagorje:7138c72f82cd,Krapina-Zagorje,geoBoundaries HRV ADM2 (2021 represented),DZS 2021 local-government name/type match conditional on existing Atlas parent county alias; parent relationship unverified,conditional on the existing framework province parent alias; geoBoundaries feature has no independently inspected county-parent field,yes,insufficient-evidence,insufficient-evidence: official DGU geometry was not lawfully retrieved
gb:HRV:ADM2:41942358B37606323031941,framework:province:primorje-gorski-kotar:c1121e5b9a0c,Primorje-Gorski Kotar,geoBoundaries HRV ADM2 (2021 represented),island-labeled feature has no normalized DZS 2021 town/municipality name match within the inherited parent county; legal host/identity unresolved,conditional on the existing framework province parent alias; geoBoundaries feature has no independently inspected county-parent field,no,correction-needed,insufficient-evidence: official DGU geometry was not lawfully retrieved
gb:HRV:ADM2:41942358B37663074839207,framework:province:lika-senj:32b38f791575,Lika-Senj,geoBoundaries HRV ADM2 (2021 represented),DZS 2021 local-government name/type match conditional on existing Atlas parent county alias; parent relationship unverified,conditional on the existing framework province parent alias; geoBoundaries feature has no independently inspected county-parent field,yes,insufficient-evidence,insufficient-evidence: official DGU geometry was not lawfully retrieved
gb:HRV:ADM2:41942358B37924728027747,framework:province:istria:61523eaa054e,Istria,geoBoundaries HRV ADM2 (2021 represented),DZS 2021 local-government name/type match conditional on existing Atlas parent county alias; parent relationship unverified,conditional on the existing framework province parent alias; geoBoundaries feature has no independently inspected county-parent field,yes,insufficient-evidence,insufficient-evidence: official DGU geometry was not lawfully retrieved
gb:HRV:ADM2:41942358B38005833033203,framework:province:karlovac:3570a573a59a,Karlovac,geoBoundaries HRV ADM2 (2021 represented),DZS 2021 local-government name/type match conditional on existing Atlas parent county alias; parent relationship unverified,conditional on the existing framework province parent alias; geoBoundaries feature has no independently inspected county-parent field,yes,insufficient-evidence,insufficient-evidence: official DGU geometry was not lawfully retrieved
gb:HRV:ADM2:41942358B38745704960780,framework:province:istria:61523eaa054e,Istria,geoBoundaries HRV ADM2 (2021 represented),DZS 2021 local-government name/type match conditional on existing Atlas parent county alias; parent relationship unverified,conditional on the existing framework province parent alias; geoBoundaries feature has no independently inspected county-parent field,yes,insufficient-evidence,insufficient-evidence: official DGU geometry was not lawfully retrieved
gb:HRV:ADM2:41942358B38972340019198,framework:province:primorje-gorski-kotar:c1121e5b9a0c,Primorje-Gorski Kotar,geoBoundaries HRV ADM2 (2021 represented),DZS 2021 local-government name/type match conditional on existing Atlas parent county alias; parent relationship unverified,conditional on the existing framework province parent alias; geoBoundaries feature has no independently inspected county-parent field,yes,insufficient-evidence,insufficient-evidence: official DGU geometry was not lawfully retrieved
gb:HRV:ADM2:41942358B4044939312269,framework:province:istria:61523eaa054e,Istria,geoBoundaries HRV ADM2 (2021 represented),DZS 2021 local-government name/type match conditional on existing Atlas parent county alias; parent relationship unverified,conditional on the existing framework province parent alias; geoBoundaries feature has no independently inspected county-parent field,yes,insufficient-evidence,insufficient-evidence: official DGU geometry was not lawfully retrieved
gb:HRV:ADM2:41942358B40584791004020,framework:province:istria:61523eaa054e,Istria,geoBoundaries HRV ADM2 (2021 represented),DZS 2021 local-government name/type match conditional on existing Atlas parent county alias; parent relationship unverified,conditional on the existing framework province parent alias; geoBoundaries feature has no independently inspected county-parent field,yes,insufficient-evidence,insufficient-evidence: official DGU geometry was not lawfully retrieved
gb:HRV:ADM2:41942358B4088713136666,framework:province:zadar-county:b0ded7687297,Zadar County,geoBoundaries HRV ADM2 (2021 represented),DZS 2021 local-government name/type match conditional on existing Atlas parent county alias; parent relationship unverified,conditional on the existing framework province parent alias; geoBoundaries feature has no independently inspected county-parent field,yes,insufficient-evidence,insufficient-evidence: official DGU geometry was not lawfully retrieved
gb:HRV:ADM2:41942358B40908600410241,framework:province:krapina-zagorje:7138c72f82cd,Krapina-Zagorje,geoBoundaries HRV ADM2 (2021 represented),DZS 2021 local-government name/type match conditional on existing Atlas parent county alias; parent relationship unverified,conditional on the existing framework province parent alias; geoBoundaries feature has no independently inspected county-parent field,yes,insufficient-evidence,insufficient-evidence: official DGU geometry was not lawfully retrieved
gb:HRV:ADM2:41942358B41124787035973,framework:province:sibenik-knin:f84c699baa17,Šibenik-Knin,geoBoundaries HRV ADM2 (2021 represented),DZS 2021 local-government name/type match conditional on existing Atlas parent county alias; parent relationship unverified,conditional on the existing framework province parent alias; geoBoundaries feature has no independently inspected county-parent field,yes,insufficient-evidence,insufficient-evidence: official DGU geometry was not lawfully retrieved
gb:HRV:ADM2:41942358B42627450656332,framework:province:istria:61523eaa054e,Istria,geoBoundaries HRV ADM2 (2021 represented),DZS 2021 local-government name/type match conditional on existing Atlas parent county alias; parent relationship unverified,conditional on the existing framework province parent alias; geoBoundaries feature has no independently inspected county-parent field,yes,insufficient-evidence,insufficient-evidence: official DGU geometry was not lawfully retrieved
gb:HRV:ADM2:41942358B43003846347774,framework:province:primorje-gorski-kotar:c1121e5b9a0c,Primorje-Gorski Kotar,geoBoundaries HRV ADM2 (2021 represented),island-labeled feature has no normalized DZS 2021 town/municipality name match within the inherited parent county; legal host/identity unresolved,conditional on the existing framework province parent alias; geoBoundaries feature has no independently inspected county-parent field,no,correction-needed,insufficient-evidence: official DGU geometry was not lawfully retrieved
gb:HRV:ADM2:41942358B43166278652034,framework:province:primorje-gorski-kotar:c1121e5b9a0c,Primorje-Gorski Kotar,geoBoundaries HRV ADM2 (2021 represented),DZS 2021 local-government name/type match conditional on existing Atlas parent county alias; parent relationship unverified,conditional on the existing framework province parent alias; geoBoundaries feature has no independently inspected county-parent field,yes,insufficient-evidence,insufficient-evidence: official DGU geometry was not lawfully retrieved
gb:HRV:ADM2:41942358B43833873401555,framework:province:lika-senj:32b38f791575,Lika-Senj,geoBoundaries HRV ADM2 (2021 represented),DZS 2021 local-government name/type match conditional on existing Atlas parent county alias; parent relationship unverified,conditional on the existing framework province parent alias; geoBoundaries feature has no independently inspected county-parent field,yes,insufficient-evidence,insufficient-evidence: official DGU geometry was not lawfully retrieved
gb:HRV:ADM2:41942358B43892763772063,framework:province:sibenik-knin:f84c699baa17,Šibenik-Knin,geoBoundaries HRV ADM2 (2021 represented),DZS 2021 local-government name/type match conditional on existing Atlas parent county alias; parent relationship unverified,conditional on the existing framework province parent alias; geoBoundaries feature has no independently inspected county-parent field,yes,insufficient-evidence,insufficient-evidence: official DGU geometry was not lawfully retrieved
gb:HRV:ADM2:41942358B44165772001796,framework:province:sibenik-knin:f84c699baa17,Šibenik-Knin,geoBoundaries HRV ADM2 (2021 represented),DZS 2021 local-government name/type match conditional on existing Atlas parent county alias; parent relationship unverified,conditional on the existing framework province parent alias; geoBoundaries feature has no independently inspected county-parent field,yes,insufficient-evidence,insufficient-evidence: official DGU geometry was not lawfully retrieved
gb:HRV:ADM2:41942358B4499165766860,framework:province:zadar-county:b0ded7687297,Zadar County,geoBoundaries HRV ADM2 (2021 represented),DZS 2021 local-government name/type match conditional on existing Atlas parent county alias; parent relationship unverified,conditional on the existing framework province parent alias; geoBoundaries feature has no independently inspected county-parent field,yes,insufficient-evidence,insufficient-evidence: official DGU geometry was not lawfully retrieved
gb:HRV:ADM2:41942358B45168798602767,framework:province:istria:61523eaa054e,Istria,geoBoundaries HRV ADM2 (2021 represented),DZS 2021 local-government name/type match conditional on existing Atlas parent county alias; parent relationship unverified,conditional on the existing framework province parent alias; geoBoundaries feature has no independently inspected county-parent field,yes,insufficient-evidence,insufficient-evidence: official DGU geometry was not lawfully retrieved
gb:HRV:ADM2:41942358B45790635822188,framework:province:primorje-gorski-kotar:c1121e5b9a0c,Primorje-Gorski Kotar,geoBoundaries HRV ADM2 (2021 represented),"island-labeled feature normalizes to DZS 2021 local-government name 'Krk'; name correspondence does not establish that the feature is the municipality extent or verify legal host, identity, parent, or boundary",conditional on the existing framework province parent alias; geoBoundaries feature has no independently inspected county-parent field,candidate,correction-needed,insufficient-evidence: official DGU geometry was not lawfully retrieved
gb:HRV:ADM2:41942358B45908620030529,framework:province:primorje-gorski-kotar:c1121e5b9a0c,Primorje-Gorski Kotar,geoBoundaries HRV ADM2 (2021 represented),DZS 2021 local-government name/type match conditional on existing Atlas parent county alias; parent relationship unverified,conditional on the existing framework province parent alias; geoBoundaries feature has no independently inspected county-parent field,yes,insufficient-evidence,insufficient-evidence: official DGU geometry was not lawfully retrieved
gb:HRV:ADM2:41942358B46096847751345,framework:province:krapina-zagorje:7138c72f82cd,Krapina-Zagorje,geoBoundaries HRV ADM2 (2021 represented),DZS 2021 local-government name/type match conditional on existing Atlas parent county alias; parent relationship unverified,conditional on the existing framework province parent alias; geoBoundaries feature has no independently inspected county-parent field,yes,insufficient-evidence,insufficient-evidence: official DGU geometry was not lawfully retrieved
gb:HRV:ADM2:41942358B464961087858,framework:province:lika-senj:32b38f791575,Lika-Senj,geoBoundaries HRV ADM2 (2021 represented),DZS 2021 local-government name/type match conditional on existing Atlas parent county alias; parent relationship unverified,conditional on the existing framework province parent alias; geoBoundaries feature has no independently inspected county-parent field,yes,insufficient-evidence,insufficient-evidence: official DGU geometry was not lawfully retrieved
gb:HRV:ADM2:41942358B46601787133135,framework:province:karlovac:3570a573a59a,Karlovac,geoBoundaries HRV ADM2 (2021 represented),DZS 2021 local-government name/type match conditional on existing Atlas parent county alias; parent relationship unverified,conditional on the existing framework province parent alias; geoBoundaries feature has no independently inspected county-parent field,yes,insufficient-evidence,insufficient-evidence: official DGU geometry was not lawfully retrieved
gb:HRV:ADM2:41942358B46644525673604,framework:province:sibenik-knin:f84c699baa17,Šibenik-Knin,geoBoundaries HRV ADM2 (2021 represented),DZS 2021 local-government name/type match conditional on existing Atlas parent county alias; parent relationship unverified,conditional on the existing framework province parent alias; geoBoundaries feature has no independently inspected county-parent field,yes,insufficient-evidence,insufficient-evidence: official DGU geometry was not lawfully retrieved
gb:HRV:ADM2:41942358B47625090696764,framework:province:lika-senj:32b38f791575,Lika-Senj,geoBoundaries HRV ADM2 (2021 represented),DZS 2021 local-government name/type match conditional on existing Atlas parent county alias; parent relationship unverified,conditional on the existing framework province parent alias; geoBoundaries feature has no independently inspected county-parent field,yes,insufficient-evidence,insufficient-evidence: official DGU geometry was not lawfully retrieved
gb:HRV:ADM2:41942358B47754940543673,framework:province:zadar-county:b0ded7687297,Zadar County,geoBoundaries HRV ADM2 (2021 represented),DZS 2021 local-government name/type match conditional on existing Atlas parent county alias; parent relationship unverified,conditional on the existing framework province parent alias; geoBoundaries feature has no independently inspected county-parent field,yes,insufficient-evidence,insufficient-evidence: official DGU geometry was not lawfully retrieved
gb:HRV:ADM2:41942358B47782710704848,framework:province:primorje-gorski-kotar:c1121e5b9a0c,Primorje-Gorski Kotar,geoBoundaries HRV ADM2 (2021 represented),DZS 2021 local-government name/type match conditional on existing Atlas parent county alias; parent relationship unverified,conditional on the existing framework province parent alias; geoBoundaries feature has no independently inspected county-parent field,yes,insufficient-evidence,insufficient-evidence: official DGU geometry was not lawfully retrieved
gb:HRV:ADM2:41942358B47856715850966,framework:province:zadar-county:b0ded7687297,Zadar County,geoBoundaries HRV ADM2 (2021 represented),DZS 2021 local-government name/type match conditional on existing Atlas parent county alias; parent relationship unverified,conditional on the existing framework province parent alias; geoBoundaries feature has no independently inspected county-parent field,yes,insufficient-evidence,insufficient-evidence: official DGU geometry was not lawfully retrieved
gb:HRV:ADM2:41942358B47909655537025,framework:province:karlovac:3570a573a59a,Karlovac,geoBoundaries HRV ADM2 (2021 represented),DZS 2021 local-government name/type match conditional on existing Atlas parent county alias; parent relationship unverified,conditional on the existing framework province parent alias; geoBoundaries feature has no independently inspected county-parent field,yes,insufficient-evidence,insufficient-evidence: official DGU geometry was not lawfully retrieved
gb:HRV:ADM2:41942358B48192613940111,framework:province:zadar-county:b0ded7687297,Zadar County,geoBoundaries HRV ADM2 (2021 represented),DZS 2021 local-government name/type match conditional on existing Atlas parent county alias; parent relationship unverified,conditional on the existing framework province parent alias; geoBoundaries feature has no independently inspected county-parent field,yes,insufficient-evidence,insufficient-evidence: official DGU geometry was not lawfully retrieved
gb:HRV:ADM2:41942358B4835385905305,framework:province:istria:61523eaa054e,Istria,geoBoundaries HRV ADM2 (2021 represented),DZS 2021 local-government name/type match conditional on existing Atlas parent county alias; parent relationship unverified,conditional on the existing framework province parent alias; geoBoundaries feature has no independently inspected county-parent field,yes,insufficient-evidence,insufficient-evidence: official DGU geometry was not lawfully retrieved
gb:HRV:ADM2:41942358B48584796905591,framework:province:sibenik-knin:f84c699baa17,Šibenik-Knin,geoBoundaries HRV ADM2 (2021 represented),DZS 2021 local-government name/type match conditional on existing Atlas parent county alias; parent relationship unverified,conditional on the existing framework province parent alias; geoBoundaries feature has no independently inspected county-parent field,yes,insufficient-evidence,insufficient-evidence: official DGU geometry was not lawfully retrieved
gb:HRV:ADM2:41942358B48972691086636,framework:province:zadar-county:b0ded7687297,Zadar County,geoBoundaries HRV ADM2 (2021 represented),DZS 2021 local-government name/type match conditional on existing Atlas parent county alias; parent relationship unverified,conditional on the existing framework province parent alias; geoBoundaries feature has no independently inspected county-parent field,yes,insufficient-evidence,insufficient-evidence: official DGU geometry was not lawfully retrieved
gb:HRV:ADM2:41942358B49071142298261,framework:province:primorje-gorski-kotar:c1121e5b9a0c,Primorje-Gorski Kotar,geoBoundaries HRV ADM2 (2021 represented),DZS 2021 local-government name/type match conditional on existing Atlas parent county alias; parent relationship unverified,conditional on the existing framework province parent alias; geoBoundaries feature has no independently inspected county-parent field,yes,insufficient-evidence,insufficient-evidence: official DGU geometry was not lawfully retrieved
gb:HRV:ADM2:41942358B4975861556846,framework:province:sibenik-knin:f84c699baa17,Šibenik-Knin,geoBoundaries HRV ADM2 (2021 represented),DZS 2021 local-government name/type match conditional on existing Atlas parent county alias; parent relationship unverified,conditional on the existing framework province parent alias; geoBoundaries feature has no independently inspected county-parent field,yes,insufficient-evidence,insufficient-evidence: official DGU geometry was not lawfully retrieved
gb:HRV:ADM2:41942358B4982254885732,framework:province:istria:61523eaa054e,Istria,geoBoundaries HRV ADM2 (2021 represented),DZS 2021 local-government name/type match conditional on existing Atlas parent county alias; parent relationship unverified,conditional on the existing framework province parent alias; geoBoundaries feature has no independently inspected county-parent field,yes,insufficient-evidence,insufficient-evidence: official DGU geometry was not lawfully retrieved
gb:HRV:ADM2:41942358B50201848606001,framework:province:zadar-county:b0ded7687297,Zadar County,geoBoundaries HRV ADM2 (2021 represented),DZS 2021 local-government name/type match conditional on existing Atlas parent county alias; parent relationship unverified,conditional on the existing framework province parent alias; geoBoundaries feature has no independently inspected county-parent field,yes,insufficient-evidence,insufficient-evidence: official DGU geometry was not lawfully retrieved
gb:HRV:ADM2:41942358B50291981536642,framework:province:krapina-zagorje:7138c72f82cd,Krapina-Zagorje,geoBoundaries HRV ADM2 (2021 represented),DZS 2021 local-government name/type match conditional on existing Atlas parent county alias; parent relationship unverified,conditional on the existing framework province parent alias; geoBoundaries feature has no independently inspected county-parent field,yes,insufficient-evidence,insufficient-evidence: official DGU geometry was not lawfully retrieved
gb:HRV:ADM2:41942358B5140071635244,framework:province:lika-senj:32b38f791575,Lika-Senj,geoBoundaries HRV ADM2 (2021 represented),DZS 2021 local-government name/type match conditional on existing Atlas parent county alias; parent relationship unverified,conditional on the existing framework province parent alias; geoBoundaries feature has no independently inspected county-parent field,yes,insufficient-evidence,insufficient-evidence: official DGU geometry was not lawfully retrieved
gb:HRV:ADM2:41942358B51534731539958,framework:province:zadar-county:b0ded7687297,Zadar County,geoBoundaries HRV ADM2 (2021 represented),DZS 2021 local-government name/type match conditional on existing Atlas parent county alias; parent relationship unverified,conditional on the existing framework province parent alias; geoBoundaries feature has no independently inspected county-parent field,yes,insufficient-evidence,insufficient-evidence: official DGU geometry was not lawfully retrieved
gb:HRV:ADM2:41942358B52907632095617,framework:province:primorje-gorski-kotar:c1121e5b9a0c,Primorje-Gorski Kotar,geoBoundaries HRV ADM2 (2021 represented),DZS 2021 local-government name/type match conditional on existing Atlas parent county alias; parent relationship unverified,conditional on the existing framework province parent alias; geoBoundaries feature has no independently inspected county-parent field,yes,insufficient-evidence,insufficient-evidence: official DGU geometry was not lawfully retrieved
gb:HRV:ADM2:41942358B53944082586664,framework:province:istria:61523eaa054e,Istria,geoBoundaries HRV ADM2 (2021 represented),DZS 2021 local-government name/type match conditional on existing Atlas parent county alias; parent relationship unverified,conditional on the existing framework province parent alias; geoBoundaries feature has no independently inspected county-parent field,yes,insufficient-evidence,insufficient-evidence: official DGU geometry was not lawfully retrieved
gb:HRV:ADM2:41942358B55122966384569,framework:province:krapina-zagorje:7138c72f82cd,Krapina-Zagorje,geoBoundaries HRV ADM2 (2021 represented),DZS 2021 local-government name/type match conditional on existing Atlas parent county alias; parent relationship unverified,conditional on the existing framework province parent alias; geoBoundaries feature has no independently inspected county-parent field,yes,insufficient-evidence,insufficient-evidence: official DGU geometry was not lawfully retrieved
gb:HRV:ADM2:41942358B56064565121242,framework:province:sibenik-knin:f84c699baa17,Šibenik-Knin,geoBoundaries HRV ADM2 (2021 represented),DZS 2021 local-government name/type match conditional on existing Atlas parent county alias; parent relationship unverified,conditional on the existing framework province parent alias; geoBoundaries feature has no independently inspected county-parent field,yes,insufficient-evidence,insufficient-evidence: official DGU geometry was not lawfully retrieved
gb:HRV:ADM2:41942358B56130242537338,framework:province:krapina-zagorje:7138c72f82cd,Krapina-Zagorje,geoBoundaries HRV ADM2 (2021 represented),DZS 2021 local-government name/type match conditional on existing Atlas parent county alias; parent relationship unverified,conditional on the existing framework province parent alias; geoBoundaries feature has no independently inspected county-parent field,yes,insufficient-evidence,insufficient-evidence: official DGU geometry was not lawfully retrieved
gb:HRV:ADM2:41942358B56822315108776,framework:province:primorje-gorski-kotar:c1121e5b9a0c,Primorje-Gorski Kotar,geoBoundaries HRV ADM2 (2021 represented),island-labeled feature has no normalized DZS 2021 town/municipality name match within the inherited parent county; legal host/identity unresolved,conditional on the existing framework province parent alias; geoBoundaries feature has no independently inspected county-parent field,no,correction-needed,insufficient-evidence: official DGU geometry was not lawfully retrieved
gb:HRV:ADM2:41942358B57078948587956,framework:province:istria:61523eaa054e,Istria,geoBoundaries HRV ADM2 (2021 represented),DZS 2021 local-government name/type match conditional on existing Atlas parent county alias; parent relationship unverified,conditional on the existing framework province parent alias; geoBoundaries feature has no independently inspected county-parent field,yes,insufficient-evidence,insufficient-evidence: official DGU geometry was not lawfully retrieved
gb:HRV:ADM2:41942358B57349305695919,framework:province:istria:61523eaa054e,Istria,geoBoundaries HRV ADM2 (2021 represented),DZS 2021 local-government name/type match conditional on existing Atlas parent county alias; parent relationship unverified,conditional on the existing framework province parent alias; geoBoundaries feature has no independently inspected county-parent field,yes,insufficient-evidence,insufficient-evidence: official DGU geometry was not lawfully retrieved
gb:HRV:ADM2:41942358B5836347330991,framework:province:primorje-gorski-kotar:c1121e5b9a0c,Primorje-Gorski Kotar,geoBoundaries HRV ADM2 (2021 represented),DZS 2021 local-government name/type match conditional on existing Atlas parent county alias; parent relationship unverified,conditional on the existing framework province parent alias; geoBoundaries feature has no independently inspected county-parent field,yes,insufficient-evidence,insufficient-evidence: official DGU geometry was not lawfully retrieved
gb:HRV:ADM2:41942358B58381248159279,framework:province:istria:61523eaa054e,Istria,geoBoundaries HRV ADM2 (2021 represented),DZS 2021 local-government name/type match conditional on existing Atlas parent county alias; parent relationship unverified,conditional on the existing framework province parent alias; geoBoundaries feature has no independently inspected county-parent field,yes,insufficient-evidence,insufficient-evidence: official DGU geometry was not lawfully retrieved
gb:HRV:ADM2:41942358B58556709967524,framework:province:sibenik-knin:f84c699baa17,Šibenik-Knin,geoBoundaries HRV ADM2 (2021 represented),DZS 2021 local-government name/type match conditional on existing Atlas parent county alias; parent relationship unverified,conditional on the existing framework province parent alias; geoBoundaries feature has no independently inspected county-parent field,yes,insufficient-evidence,insufficient-evidence: official DGU geometry was not lawfully retrieved
gb:HRV:ADM2:41942358B58725433500450,framework:province:istria:61523eaa054e,Istria,geoBoundaries HRV ADM2 (2021 represented),DZS 2021 local-government name/type match conditional on existing Atlas parent county alias; parent relationship unverified,conditional on the existing framework province parent alias; geoBoundaries feature has no independently inspected county-parent field,yes,insufficient-evidence,insufficient-evidence: official DGU geometry was not lawfully retrieved
gb:HRV:ADM2:41942358B5873204091997,framework:province:krapina-zagorje:7138c72f82cd,Krapina-Zagorje,geoBoundaries HRV ADM2 (2021 represented),DZS 2021 local-government name/type match conditional on existing Atlas parent county alias; parent relationship unverified,conditional on the existing framework province parent alias; geoBoundaries feature has no independently inspected county-parent field,yes,insufficient-evidence,insufficient-evidence: official DGU geometry was not lawfully retrieved
gb:HRV:ADM2:41942358B58981584171637,framework:province:istria:61523eaa054e,Istria,geoBoundaries HRV ADM2 (2021 represented),DZS 2021 local-government name/type match conditional on existing Atlas parent county alias; parent relationship unverified,conditional on the existing framework province parent alias; geoBoundaries feature has no independently inspected county-parent field,yes,insufficient-evidence,insufficient-evidence: official DGU geometry was not lawfully retrieved
gb:HRV:ADM2:41942358B59928403334518,framework:province:istria:61523eaa054e,Istria,geoBoundaries HRV ADM2 (2021 represented),DZS 2021 local-government name/type match conditional on existing Atlas parent county alias; parent relationship unverified,conditional on the existing framework province parent alias; geoBoundaries feature has no independently inspected county-parent field,yes,insufficient-evidence,insufficient-evidence: official DGU geometry was not lawfully retrieved
gb:HRV:ADM2:41942358B60551938195766,framework:province:krapina-zagorje:7138c72f82cd,Krapina-Zagorje,geoBoundaries HRV ADM2 (2021 represented),DZS 2021 local-government name/type match conditional on existing Atlas parent county alias; parent relationship unverified,conditional on the existing framework province parent alias; geoBoundaries feature has no independently inspected county-parent field,yes,insufficient-evidence,insufficient-evidence: official DGU geometry was not lawfully retrieved
gb:HRV:ADM2:41942358B6089837574629,framework:province:primorje-gorski-kotar:c1121e5b9a0c,Primorje-Gorski Kotar,geoBoundaries HRV ADM2 (2021 represented),DZS 2021 local-government name/type match conditional on existing Atlas parent county alias; parent relationship unverified,conditional on the existing framework province parent alias; geoBoundaries feature has no independently inspected county-parent field,yes,insufficient-evidence,insufficient-evidence: official DGU geometry was not lawfully retrieved
gb:HRV:ADM2:41942358B6176778623677,framework:province:zadar-county:b0ded7687297,Zadar County,geoBoundaries HRV ADM2 (2021 represented),DZS 2021 local-government name/type match conditional on existing Atlas parent county alias; parent relationship unverified,conditional on the existing framework province parent alias; geoBoundaries feature has no independently inspected county-parent field,yes,insufficient-evidence,insufficient-evidence: official DGU geometry was not lawfully retrieved
gb:HRV:ADM2:41942358B62293063163489,framework:province:zadar-county:b0ded7687297,Zadar County,geoBoundaries HRV ADM2 (2021 represented),DZS 2021 local-government name/type match conditional on existing Atlas parent county alias; parent relationship unverified,conditional on the existing framework province parent alias; geoBoundaries feature has no independently inspected county-parent field,yes,insufficient-evidence,insufficient-evidence: official DGU geometry was not lawfully retrieved
gb:HRV:ADM2:41942358B64929327524461,framework:province:istria:61523eaa054e,Istria,geoBoundaries HRV ADM2 (2021 represented),DZS 2021 local-government name/type match conditional on existing Atlas parent county alias; parent relationship unverified,conditional on the existing framework province parent alias; geoBoundaries feature has no independently inspected county-parent field,yes,insufficient-evidence,insufficient-evidence: official DGU geometry was not lawfully retrieved
gb:HRV:ADM2:41942358B65119240177861,framework:province:primorje-gorski-kotar:c1121e5b9a0c,Primorje-Gorski Kotar,geoBoundaries HRV ADM2 (2021 represented),DZS 2021 local-government name/type match conditional on existing Atlas parent county alias; parent relationship unverified,conditional on the existing framework province parent alias; geoBoundaries feature has no independently inspected county-parent field,yes,insufficient-evidence,insufficient-evidence: official DGU geometry was not lawfully retrieved
gb:HRV:ADM2:41942358B65936081062166,framework:province:zadar-county:b0ded7687297,Zadar County,geoBoundaries HRV ADM2 (2021 represented),DZS 2021 local-government name/type match conditional on existing Atlas parent county alias; parent relationship unverified,conditional on the existing framework province parent alias; geoBoundaries feature has no independently inspected county-parent field,yes,insufficient-evidence,insufficient-evidence: official DGU geometry was not lawfully retrieved
gb:HRV:ADM2:41942358B65976264535285,framework:province:karlovac:3570a573a59a,Karlovac,geoBoundaries HRV ADM2 (2021 represented),DZS 2021 local-government name/type match conditional on existing Atlas parent county alias; parent relationship unverified,conditional on the existing framework province parent alias; geoBoundaries feature has no independently inspected county-parent field,yes,insufficient-evidence,insufficient-evidence: official DGU geometry was not lawfully retrieved
gb:HRV:ADM2:41942358B66323588033278,framework:province:krapina-zagorje:7138c72f82cd,Krapina-Zagorje,geoBoundaries HRV ADM2 (2021 represented),DZS 2021 local-government name/type match conditional on existing Atlas parent county alias; parent relationship unverified,conditional on the existing framework province parent alias; geoBoundaries feature has no independently inspected county-parent field,yes,insufficient-evidence,insufficient-evidence: official DGU geometry was not lawfully retrieved
gb:HRV:ADM2:41942358B66479585284218,framework:province:primorje-gorski-kotar:c1121e5b9a0c,Primorje-Gorski Kotar,geoBoundaries HRV ADM2 (2021 represented),DZS 2021 local-government name/type match conditional on existing Atlas parent county alias; parent relationship unverified,conditional on the existing framework province parent alias; geoBoundaries feature has no independently inspected county-parent field,yes,insufficient-evidence,insufficient-evidence: official DGU geometry was not lawfully retrieved
gb:HRV:ADM2:41942358B67510256757416,framework:province:primorje-gorski-kotar:c1121e5b9a0c,Primorje-Gorski Kotar,geoBoundaries HRV ADM2 (2021 represented),island-labeled feature has no normalized DZS 2021 town/municipality name match within the inherited parent county; legal host/identity unresolved,conditional on the existing framework province parent alias; geoBoundaries feature has no independently inspected county-parent field,no,correction-needed,insufficient-evidence: official DGU geometry was not lawfully retrieved
gb:HRV:ADM2:41942358B6783725556911,framework:province:sibenik-knin:f84c699baa17,Šibenik-Knin,geoBoundaries HRV ADM2 (2021 represented),DZS 2021 local-government name/type match conditional on existing Atlas parent county alias; parent relationship unverified,conditional on the existing framework province parent alias; geoBoundaries feature has no independently inspected county-parent field,yes,insufficient-evidence,insufficient-evidence: official DGU geometry was not lawfully retrieved
gb:HRV:ADM2:41942358B67958087170818,framework:province:zadar-county:b0ded7687297,Zadar County,geoBoundaries HRV ADM2 (2021 represented),DZS 2021 local-government name/type match conditional on existing Atlas parent county alias; parent relationship unverified,conditional on the existing framework province parent alias; geoBoundaries feature has no independently inspected county-parent field,yes,insufficient-evidence,insufficient-evidence: official DGU geometry was not lawfully retrieved
gb:HRV:ADM2:41942358B68392687471832,framework:province:karlovac:3570a573a59a,Karlovac,geoBoundaries HRV ADM2 (2021 represented),DZS 2021 local-government name/type match conditional on existing Atlas parent county alias; parent relationship unverified,conditional on the existing framework province parent alias; geoBoundaries feature has no independently inspected county-parent field,yes,insufficient-evidence,insufficient-evidence: official DGU geometry was not lawfully retrieved
gb:HRV:ADM2:41942358B68906359196574,framework:province:zadar-county:b0ded7687297,Zadar County,geoBoundaries HRV ADM2 (2021 represented),DZS 2021 local-government name/type match conditional on existing Atlas parent county alias; parent relationship unverified,conditional on the existing framework province parent alias; geoBoundaries feature has no independently inspected county-parent field,yes,insufficient-evidence,insufficient-evidence: official DGU geometry was not lawfully retrieved
gb:HRV:ADM2:41942358B69296662731202,framework:province:primorje-gorski-kotar:c1121e5b9a0c,Primorje-Gorski Kotar,geoBoundaries HRV ADM2 (2021 represented),DZS 2021 local-government name/type match conditional on existing Atlas parent county alias; parent relationship unverified,conditional on the existing framework province parent alias; geoBoundaries feature has no independently inspected county-parent field,yes,insufficient-evidence,insufficient-evidence: official DGU geometry was not lawfully retrieved
gb:HRV:ADM2:41942358B69700869537663,framework:province:karlovac:3570a573a59a,Karlovac,geoBoundaries HRV ADM2 (2021 represented),DZS 2021 local-government name/type match conditional on existing Atlas parent county alias; parent relationship unverified,conditional on the existing framework province parent alias; geoBoundaries feature has no independently inspected county-parent field,yes,insufficient-evidence,insufficient-evidence: official DGU geometry was not lawfully retrieved
gb:HRV:ADM2:41942358B69896257239961,framework:province:karlovac:3570a573a59a,Karlovac,geoBoundaries HRV ADM2 (2021 represented),DZS 2021 local-government name/type match conditional on existing Atlas parent county alias; parent relationship unverified,conditional on the existing framework province parent alias; geoBoundaries feature has no independently inspected county-parent field,yes,insufficient-evidence,insufficient-evidence: official DGU geometry was not lawfully retrieved
gb:HRV:ADM2:41942358B70013854828466,framework:province:krapina-zagorje:7138c72f82cd,Krapina-Zagorje,geoBoundaries HRV ADM2 (2021 represented),DZS 2021 local-government name/type match conditional on existing Atlas parent county alias; parent relationship unverified,conditional on the existing framework province parent alias; geoBoundaries feature has no independently inspected county-parent field,yes,insufficient-evidence,insufficient-evidence: official DGU geometry was not lawfully retrieved
gb:HRV:ADM2:41942358B70187141193283,framework:province:sibenik-knin:f84c699baa17,Šibenik-Knin,geoBoundaries HRV ADM2 (2021 represented),DZS 2021 local-government name/type match conditional on existing Atlas parent county alias; parent relationship unverified,conditional on the existing framework province parent alias; geoBoundaries feature has no independently inspected county-parent field,yes,insufficient-evidence,insufficient-evidence: official DGU geometry was not lawfully retrieved
gb:HRV:ADM2:41942358B70320563062881,framework:province:zadar-county:b0ded7687297,Zadar County,geoBoundaries HRV ADM2 (2021 represented),DZS 2021 local-government name/type match conditional on existing Atlas parent county alias; parent relationship unverified,conditional on the existing framework province parent alias; geoBoundaries feature has no independently inspected county-parent field,yes,insufficient-evidence,insufficient-evidence: official DGU geometry was not lawfully retrieved
gb:HRV:ADM2:41942358B70775371213679,framework:province:zadar-county:b0ded7687297,Zadar County,geoBoundaries HRV ADM2 (2021 represented),DZS 2021 local-government name/type match conditional on existing Atlas parent county alias; parent relationship unverified,conditional on the existing framework province parent alias; geoBoundaries feature has no independently inspected county-parent field,yes,insufficient-evidence,insufficient-evidence: official DGU geometry was not lawfully retrieved
gb:HRV:ADM2:41942358B7221791742916,framework:province:karlovac:3570a573a59a,Karlovac,geoBoundaries HRV ADM2 (2021 represented),DZS 2021 local-government name/type match conditional on existing Atlas parent county alias; parent relationship unverified,conditional on the existing framework province parent alias; geoBoundaries feature has no independently inspected county-parent field,yes,insufficient-evidence,insufficient-evidence: official DGU geometry was not lawfully retrieved
gb:HRV:ADM2:41942358B72798442770714,framework:province:krapina-zagorje:7138c72f82cd,Krapina-Zagorje,geoBoundaries HRV ADM2 (2021 represented),DZS 2021 local-government name/type match conditional on existing Atlas parent county alias; parent relationship unverified,conditional on the existing framework province parent alias; geoBoundaries feature has no independently inspected county-parent field,yes,insufficient-evidence,insufficient-evidence: official DGU geometry was not lawfully retrieved
gb:HRV:ADM2:41942358B7323629852254,framework:province:primorje-gorski-kotar:c1121e5b9a0c,Primorje-Gorski Kotar,geoBoundaries HRV ADM2 (2021 represented),DZS 2021 local-government name/type match conditional on existing Atlas parent county alias; parent relationship unverified,conditional on the existing framework province parent alias; geoBoundaries feature has no independently inspected county-parent field,yes,insufficient-evidence,insufficient-evidence: official DGU geometry was not lawfully retrieved
gb:HRV:ADM2:41942358B73267213731269,framework:province:krapina-zagorje:7138c72f82cd,Krapina-Zagorje,geoBoundaries HRV ADM2 (2021 represented),DZS 2021 local-government name/type match conditional on existing Atlas parent county alias; parent relationship unverified,conditional on the existing framework province parent alias; geoBoundaries feature has no independently inspected county-parent field,yes,insufficient-evidence,insufficient-evidence: official DGU geometry was not lawfully retrieved
gb:HRV:ADM2:41942358B73644152682265,framework:province:sibenik-knin:f84c699baa17,Šibenik-Knin,geoBoundaries HRV ADM2 (2021 represented),island-labeled feature has no normalized DZS 2021 town/municipality name match within the inherited parent county; legal host/identity unresolved,conditional on the existing framework province parent alias; geoBoundaries feature has no independently inspected county-parent field,no,correction-needed,insufficient-evidence: official DGU geometry was not lawfully retrieved
gb:HRV:ADM2:41942358B73938341041035,framework:province:karlovac:3570a573a59a,Karlovac,geoBoundaries HRV ADM2 (2021 represented),DZS 2021 local-government name/type match conditional on existing Atlas parent county alias; parent relationship unverified,conditional on the existing framework province parent alias; geoBoundaries feature has no independently inspected county-parent field,yes,insufficient-evidence,insufficient-evidence: official DGU geometry was not lawfully retrieved
gb:HRV:ADM2:41942358B74400327987198,framework:province:zadar-county:b0ded7687297,Zadar County,geoBoundaries HRV ADM2 (2021 represented),DZS 2021 local-government name/type match conditional on existing Atlas parent county alias; parent relationship unverified,conditional on the existing framework province parent alias; geoBoundaries feature has no independently inspected county-parent field,yes,insufficient-evidence,insufficient-evidence: official DGU geometry was not lawfully retrieved
gb:HRV:ADM2:41942358B74429209593321,framework:province:istria:61523eaa054e,Istria,geoBoundaries HRV ADM2 (2021 represented),DZS 2021 local-government name/type match conditional on existing Atlas parent county alias; parent relationship unverified,conditional on the existing framework province parent alias; geoBoundaries feature has no independently inspected county-parent field,yes,insufficient-evidence,insufficient-evidence: official DGU geometry was not lawfully retrieved
gb:HRV:ADM2:41942358B74696294231319,framework:province:primorje-gorski-kotar:c1121e5b9a0c,Primorje-Gorski Kotar,geoBoundaries HRV ADM2 (2021 represented),DZS 2021 local-government name/type match conditional on existing Atlas parent county alias; parent relationship unverified,conditional on the existing framework province parent alias; geoBoundaries feature has no independently inspected county-parent field,yes,insufficient-evidence,insufficient-evidence: official DGU geometry was not lawfully retrieved
gb:HRV:ADM2:41942358B7537413290566,framework:province:sibenik-knin:f84c699baa17,Šibenik-Knin,geoBoundaries HRV ADM2 (2021 represented),island-labeled feature has no normalized DZS 2021 town/municipality name match within the inherited parent county; legal host/identity unresolved,conditional on the existing framework province parent alias; geoBoundaries feature has no independently inspected county-parent field,no,correction-needed,insufficient-evidence: official DGU geometry was not lawfully retrieved
gb:HRV:ADM2:41942358B75991316092026,framework:province:krapina-zagorje:7138c72f82cd,Krapina-Zagorje,geoBoundaries HRV ADM2 (2021 represented),DZS 2021 local-government name/type match conditional on existing Atlas parent county alias; parent relationship unverified,conditional on the existing framework province parent alias; geoBoundaries feature has no independently inspected county-parent field,yes,insufficient-evidence,insufficient-evidence: official DGU geometry was not lawfully retrieved
gb:HRV:ADM2:41942358B76587563718344,framework:province:istria:61523eaa054e,Istria,geoBoundaries HRV ADM2 (2021 represented),DZS 2021 local-government name/type match conditional on existing Atlas parent county alias; parent relationship unverified,conditional on the existing framework province parent alias; geoBoundaries feature has no independently inspected county-parent field,yes,insufficient-evidence,insufficient-evidence: official DGU geometry was not lawfully retrieved
gb:HRV:ADM2:41942358B76706993584634,framework:province:sibenik-knin:f84c699baa17,Šibenik-Knin,geoBoundaries HRV ADM2 (2021 represented),DZS 2021 local-government name/type match conditional on existing Atlas parent county alias; parent relationship unverified,conditional on the existing framework province parent alias; geoBoundaries feature has no independently inspected county-parent field,yes,insufficient-evidence,insufficient-evidence: official DGU geometry was not lawfully retrieved
gb:HRV:ADM2:41942358B76735856838344,framework:province:zadar-county:b0ded7687297,Zadar County,geoBoundaries HRV ADM2 (2021 represented),DZS 2021 local-government name/type match conditional on existing Atlas parent county alias; parent relationship unverified,conditional on the existing framework province parent alias; geoBoundaries feature has no independently inspected county-parent field,yes,insufficient-evidence,insufficient-evidence: official DGU geometry was not lawfully retrieved
gb:HRV:ADM2:41942358B76805174440442,framework:province:krapina-zagorje:7138c72f82cd,Krapina-Zagorje,geoBoundaries HRV ADM2 (2021 represented),DZS 2021 local-government name/type match conditional on existing Atlas parent county alias; parent relationship unverified,conditional on the existing framework province parent alias; geoBoundaries feature has no independently inspected county-parent field,yes,insufficient-evidence,insufficient-evidence: official DGU geometry was not lawfully retrieved
gb:HRV:ADM2:41942358B78092292850209,framework:province:sibenik-knin:f84c699baa17,Šibenik-Knin,geoBoundaries HRV ADM2 (2021 represented),island-labeled feature has no normalized DZS 2021 town/municipality name match within the inherited parent county; legal host/identity unresolved,conditional on the existing framework province parent alias; geoBoundaries feature has no independently inspected county-parent field,no,correction-needed,insufficient-evidence: official DGU geometry was not lawfully retrieved
gb:HRV:ADM2:41942358B78317909042404,framework:province:sibenik-knin:f84c699baa17,Šibenik-Knin,geoBoundaries HRV ADM2 (2021 represented),DZS 2021 local-government name/type match conditional on existing Atlas parent county alias; parent relationship unverified,conditional on the existing framework province parent alias; geoBoundaries feature has no independently inspected county-parent field,yes,insufficient-evidence,insufficient-evidence: official DGU geometry was not lawfully retrieved
gb:HRV:ADM2:41942358B78751219662143,framework:province:istria:61523eaa054e,Istria,geoBoundaries HRV ADM2 (2021 represented),DZS 2021 local-government name/type match conditional on existing Atlas parent county alias; parent relationship unverified,conditional on the existing framework province parent alias; geoBoundaries feature has no independently inspected county-parent field,yes,insufficient-evidence,insufficient-evidence: official DGU geometry was not lawfully retrieved
gb:HRV:ADM2:41942358B79231692090815,framework:province:primorje-gorski-kotar:c1121e5b9a0c,Primorje-Gorski Kotar,geoBoundaries HRV ADM2 (2021 represented),"island-labeled feature normalizes to DZS 2021 local-government name 'Cres'; name correspondence does not establish that the feature is the municipality extent or verify legal host, identity, parent, or boundary",conditional on the existing framework province parent alias; geoBoundaries feature has no independently inspected county-parent field,candidate,correction-needed,insufficient-evidence: official DGU geometry was not lawfully retrieved
gb:HRV:ADM2:41942358B79571007398516,framework:province:zadar-county:b0ded7687297,Zadar County,geoBoundaries HRV ADM2 (2021 represented),DZS 2021 local-government name/type match conditional on existing Atlas parent county alias; parent relationship unverified,conditional on the existing framework province parent alias; geoBoundaries feature has no independently inspected county-parent field,yes,insufficient-evidence,insufficient-evidence: official DGU geometry was not lawfully retrieved
gb:HRV:ADM2:41942358B80055452851488,framework:province:sibenik-knin:f84c699baa17,Šibenik-Knin,geoBoundaries HRV ADM2 (2021 represented),island-labeled feature has no normalized DZS 2021 town/municipality name match within the inherited parent county; legal host/identity unresolved,conditional on the existing framework province parent alias; geoBoundaries feature has no independently inspected county-parent field,no,correction-needed,insufficient-evidence: official DGU geometry was not lawfully retrieved
gb:HRV:ADM2:41942358B80526349762919,framework:province:primorje-gorski-kotar:c1121e5b9a0c,Primorje-Gorski Kotar,geoBoundaries HRV ADM2 (2021 represented),island-labeled feature has no normalized DZS 2021 town/municipality name match within the inherited parent county; legal host/identity unresolved,conditional on the existing framework province parent alias; geoBoundaries feature has no independently inspected county-parent field,no,correction-needed,insufficient-evidence: official DGU geometry was not lawfully retrieved
gb:HRV:ADM2:41942358B80658296313095,framework:province:krapina-zagorje:7138c72f82cd,Krapina-Zagorje,geoBoundaries HRV ADM2 (2021 represented),DZS 2021 local-government name/type match conditional on existing Atlas parent county alias; parent relationship unverified,conditional on the existing framework province parent alias; geoBoundaries feature has no independently inspected county-parent field,yes,insufficient-evidence,insufficient-evidence: official DGU geometry was not lawfully retrieved
gb:HRV:ADM2:41942358B80674025677747,framework:province:zadar-county:b0ded7687297,Zadar County,geoBoundaries HRV ADM2 (2021 represented),DZS 2021 local-government name/type match conditional on existing Atlas parent county alias; parent relationship unverified,conditional on the existing framework province parent alias; geoBoundaries feature has no independently inspected county-parent field,yes,insufficient-evidence,insufficient-evidence: official DGU geometry was not lawfully retrieved
gb:HRV:ADM2:41942358B81198498025036,framework:province:primorje-gorski-kotar:c1121e5b9a0c,Primorje-Gorski Kotar,geoBoundaries HRV ADM2 (2021 represented),DZS 2021 local-government name/type match conditional on existing Atlas parent county alias; parent relationship unverified,conditional on the existing framework province parent alias; geoBoundaries feature has no independently inspected county-parent field,yes,insufficient-evidence,insufficient-evidence: official DGU geometry was not lawfully retrieved
gb:HRV:ADM2:41942358B81794964480735,framework:province:istria:61523eaa054e,Istria,geoBoundaries HRV ADM2 (2021 represented),DZS 2021 local-government name/type match conditional on existing Atlas parent county alias; parent relationship unverified,conditional on the existing framework province parent alias; geoBoundaries feature has no independently inspected county-parent field,yes,insufficient-evidence,insufficient-evidence: official DGU geometry was not lawfully retrieved
gb:HRV:ADM2:41942358B81809823510355,framework:province:istria:61523eaa054e,Istria,geoBoundaries HRV ADM2 (2021 represented),DZS 2021 local-government name/type match conditional on existing Atlas parent county alias; parent relationship unverified,conditional on the existing framework province parent alias; geoBoundaries feature has no independently inspected county-parent field,yes,insufficient-evidence,insufficient-evidence: official DGU geometry was not lawfully retrieved
gb:HRV:ADM2:41942358B83133172786331,framework:province:lika-senj:32b38f791575,Lika-Senj,geoBoundaries HRV ADM2 (2021 represented),DZS 2021 local-government name/type match conditional on existing Atlas parent county alias; parent relationship unverified,conditional on the existing framework province parent alias; geoBoundaries feature has no independently inspected county-parent field,yes,insufficient-evidence,insufficient-evidence: official DGU geometry was not lawfully retrieved
gb:HRV:ADM2:41942358B83553979787526,framework:province:krapina-zagorje:7138c72f82cd,Krapina-Zagorje,geoBoundaries HRV ADM2 (2021 represented),DZS 2021 local-government name/type match conditional on existing Atlas parent county alias; parent relationship unverified,conditional on the existing framework province parent alias; geoBoundaries feature has no independently inspected county-parent field,yes,insufficient-evidence,insufficient-evidence: official DGU geometry was not lawfully retrieved
gb:HRV:ADM2:41942358B8425747882948,framework:province:primorje-gorski-kotar:c1121e5b9a0c,Primorje-Gorski Kotar,geoBoundaries HRV ADM2 (2021 represented),DZS 2021 local-government name/type match conditional on existing Atlas parent county alias; parent relationship unverified,conditional on the existing framework province parent alias; geoBoundaries feature has no independently inspected county-parent field,yes,insufficient-evidence,insufficient-evidence: official DGU geometry was not lawfully retrieved
gb:HRV:ADM2:41942358B84832969321941,framework:province:krapina-zagorje:7138c72f82cd,Krapina-Zagorje,geoBoundaries HRV ADM2 (2021 represented),DZS 2021 local-government name/type match conditional on existing Atlas parent county alias; parent relationship unverified,conditional on the existing framework province parent alias; geoBoundaries feature has no independently inspected county-parent field,yes,insufficient-evidence,insufficient-evidence: official DGU geometry was not lawfully retrieved
gb:HRV:ADM2:41942358B8491979951643,framework:province:zadar-county:b0ded7687297,Zadar County,geoBoundaries HRV ADM2 (2021 represented),DZS 2021 local-government name/type match conditional on existing Atlas parent county alias; parent relationship unverified,conditional on the existing framework province parent alias; geoBoundaries feature has no independently inspected county-parent field,yes,insufficient-evidence,insufficient-evidence: official DGU geometry was not lawfully retrieved
gb:HRV:ADM2:41942358B85318372077998,framework:province:primorje-gorski-kotar:c1121e5b9a0c,Primorje-Gorski Kotar,geoBoundaries HRV ADM2 (2021 represented),DZS 2021 local-government name/type match conditional on existing Atlas parent county alias; parent relationship unverified,conditional on the existing framework province parent alias; geoBoundaries feature has no independently inspected county-parent field,yes,insufficient-evidence,insufficient-evidence: official DGU geometry was not lawfully retrieved
gb:HRV:ADM2:41942358B85532853756282,framework:province:karlovac:3570a573a59a,Karlovac,geoBoundaries HRV ADM2 (2021 represented),DZS 2021 local-government name/type match conditional on existing Atlas parent county alias; parent relationship unverified,conditional on the existing framework province parent alias; geoBoundaries feature has no independently inspected county-parent field,yes,insufficient-evidence,insufficient-evidence: official DGU geometry was not lawfully retrieved
gb:HRV:ADM2:41942358B85658124226290,framework:province:karlovac:3570a573a59a,Karlovac,geoBoundaries HRV ADM2 (2021 represented),DZS 2021 local-government name/type match conditional on existing Atlas parent county alias; parent relationship unverified,conditional on the existing framework province parent alias; geoBoundaries feature has no independently inspected county-parent field,yes,insufficient-evidence,insufficient-evidence: official DGU geometry was not lawfully retrieved
gb:HRV:ADM2:41942358B86068104638384,framework:province:sibenik-knin:f84c699baa17,Šibenik-Knin,geoBoundaries HRV ADM2 (2021 represented),probable Murter-Kornati name candidate conditional on existing Atlas parent county alias; source-local ID lineage and parent relationship unverified,conditional on the existing framework province parent alias; geoBoundaries feature has no independently inspected county-parent field,candidate,insufficient-evidence,insufficient-evidence: official DGU geometry was not lawfully retrieved
gb:HRV:ADM2:41942358B86279798675617,framework:province:zadar-county:b0ded7687297,Zadar County,geoBoundaries HRV ADM2 (2021 represented),DZS 2021 local-government name/type match conditional on existing Atlas parent county alias; parent relationship unverified,conditional on the existing framework province parent alias; geoBoundaries feature has no independently inspected county-parent field,yes,insufficient-evidence,insufficient-evidence: official DGU geometry was not lawfully retrieved
gb:HRV:ADM2:41942358B86558751833149,framework:province:primorje-gorski-kotar:c1121e5b9a0c,Primorje-Gorski Kotar,geoBoundaries HRV ADM2 (2021 represented),DZS 2021 local-government name/type match conditional on existing Atlas parent county alias; parent relationship unverified,conditional on the existing framework province parent alias; geoBoundaries feature has no independently inspected county-parent field,yes,insufficient-evidence,insufficient-evidence: official DGU geometry was not lawfully retrieved
gb:HRV:ADM2:41942358B87051997362213,framework:province:sibenik-knin:f84c699baa17,Šibenik-Knin,geoBoundaries HRV ADM2 (2021 represented),island-labeled feature has no normalized DZS 2021 town/municipality name match within the inherited parent county; legal host/identity unresolved,conditional on the existing framework province parent alias; geoBoundaries feature has no independently inspected county-parent field,no,correction-needed,insufficient-evidence: official DGU geometry was not lawfully retrieved
gb:HRV:ADM2:41942358B87319392238871,framework:province:krapina-zagorje:7138c72f82cd,Krapina-Zagorje,geoBoundaries HRV ADM2 (2021 represented),DZS 2021 local-government name/type match conditional on existing Atlas parent county alias; parent relationship unverified,conditional on the existing framework province parent alias; geoBoundaries feature has no independently inspected county-parent field,yes,insufficient-evidence,insufficient-evidence: official DGU geometry was not lawfully retrieved
gb:HRV:ADM2:41942358B87488536302426,framework:province:zadar-county:b0ded7687297,Zadar County,geoBoundaries HRV ADM2 (2021 represented),DZS 2021 local-government name/type match conditional on existing Atlas parent county alias; parent relationship unverified,conditional on the existing framework province parent alias; geoBoundaries feature has no independently inspected county-parent field,yes,insufficient-evidence,insufficient-evidence: official DGU geometry was not lawfully retrieved
gb:HRV:ADM2:41942358B87973836998774,framework:province:primorje-gorski-kotar:c1121e5b9a0c,Primorje-Gorski Kotar,geoBoundaries HRV ADM2 (2021 represented),DZS 2021 local-government name/type match conditional on existing Atlas parent county alias; parent relationship unverified,conditional on the existing framework province parent alias; geoBoundaries feature has no independently inspected county-parent field,yes,insufficient-evidence,insufficient-evidence: official DGU geometry was not lawfully retrieved
gb:HRV:ADM2:41942358B8809011880235,framework:province:krapina-zagorje:7138c72f82cd,Krapina-Zagorje,geoBoundaries HRV ADM2 (2021 represented),DZS 2021 local-government name/type match conditional on existing Atlas parent county alias; parent relationship unverified,conditional on the existing framework province parent alias; geoBoundaries feature has no independently inspected county-parent field,yes,insufficient-evidence,insufficient-evidence: official DGU geometry was not lawfully retrieved
gb:HRV:ADM2:41942358B88270027549865,framework:province:krapina-zagorje:7138c72f82cd,Krapina-Zagorje,geoBoundaries HRV ADM2 (2021 represented),DZS 2021 local-government name/type match conditional on existing Atlas parent county alias; parent relationship unverified,conditional on the existing framework province parent alias; geoBoundaries feature has no independently inspected county-parent field,yes,insufficient-evidence,insufficient-evidence: official DGU geometry was not lawfully retrieved
gb:HRV:ADM2:41942358B88781090794064,framework:province:karlovac:3570a573a59a,Karlovac,geoBoundaries HRV ADM2 (2021 represented),DZS 2021 local-government name/type match conditional on existing Atlas parent county alias; parent relationship unverified,conditional on the existing framework province parent alias; geoBoundaries feature has no independently inspected county-parent field,yes,insufficient-evidence,insufficient-evidence: official DGU geometry was not lawfully retrieved
gb:HRV:ADM2:41942358B89257435553809,framework:province:istria:61523eaa054e,Istria,geoBoundaries HRV ADM2 (2021 represented),DZS 2021 local-government name/type match conditional on existing Atlas parent county alias; parent relationship unverified,conditional on the existing framework province parent alias; geoBoundaries feature has no independently inspected county-parent field,yes,insufficient-evidence,insufficient-evidence: official DGU geometry was not lawfully retrieved
gb:HRV:ADM2:41942358B89352184046612,framework:province:sibenik-knin:f84c699baa17,Šibenik-Knin,geoBoundaries HRV ADM2 (2021 represented),DZS 2021 local-government name/type match conditional on existing Atlas parent county alias; parent relationship unverified,conditional on the existing framework province parent alias; geoBoundaries feature has no independently inspected county-parent field,yes,insufficient-evidence,insufficient-evidence: official DGU geometry was not lawfully retrieved
gb:HRV:ADM2:41942358B89866323388486,framework:province:karlovac:3570a573a59a,Karlovac,geoBoundaries HRV ADM2 (2021 represented),DZS 2021 local-government name/type match conditional on existing Atlas parent county alias; parent relationship unverified,conditional on the existing framework province parent alias; geoBoundaries feature has no independently inspected county-parent field,yes,insufficient-evidence,insufficient-evidence: official DGU geometry was not lawfully retrieved
gb:HRV:ADM2:41942358B90591399791280,framework:province:sibenik-knin:f84c699baa17,Šibenik-Knin,geoBoundaries HRV ADM2 (2021 represented),DZS 2021 local-government name/type match conditional on existing Atlas parent county alias; parent relationship unverified,conditional on the existing framework province parent alias; geoBoundaries feature has no independently inspected county-parent field,yes,insufficient-evidence,insufficient-evidence: official DGU geometry was not lawfully retrieved
gb:HRV:ADM2:41942358B91057379265139,framework:province:zadar-county:b0ded7687297,Zadar County,geoBoundaries HRV ADM2 (2021 represented),DZS 2021 local-government name/type match conditional on existing Atlas parent county alias; parent relationship unverified,conditional on the existing framework province parent alias; geoBoundaries feature has no independently inspected county-parent field,yes,insufficient-evidence,insufficient-evidence: official DGU geometry was not lawfully retrieved
gb:HRV:ADM2:41942358B91488879937129,framework:province:istria:61523eaa054e,Istria,geoBoundaries HRV ADM2 (2021 represented),DZS 2021 local-government name/type match conditional on existing Atlas parent county alias; parent relationship unverified,conditional on the existing framework province parent alias; geoBoundaries feature has no independently inspected county-parent field,yes,insufficient-evidence,insufficient-evidence: official DGU geometry was not lawfully retrieved
gb:HRV:ADM2:41942358B91515281449110,framework:province:primorje-gorski-kotar:c1121e5b9a0c,Primorje-Gorski Kotar,geoBoundaries HRV ADM2 (2021 represented),DZS 2021 local-government name/type match conditional on existing Atlas parent county alias; parent relationship unverified,conditional on the existing framework province parent alias; geoBoundaries feature has no independently inspected county-parent field,yes,insufficient-evidence,insufficient-evidence: official DGU geometry was not lawfully retrieved
gb:HRV:ADM2:41942358B93187405092894,framework:province:krapina-zagorje:7138c72f82cd,Krapina-Zagorje,geoBoundaries HRV ADM2 (2021 represented),DZS 2021 local-government name/type match conditional on existing Atlas parent county alias; parent relationship unverified,conditional on the existing framework province parent alias; geoBoundaries feature has no independently inspected county-parent field,yes,insufficient-evidence,insufficient-evidence: official DGU geometry was not lawfully retrieved
gb:HRV:ADM2:41942358B94439026462620,framework:province:istria:61523eaa054e,Istria,geoBoundaries HRV ADM2 (2021 represented),DZS 2021 local-government name/type match conditional on existing Atlas parent county alias; parent relationship unverified,conditional on the existing framework province parent alias; geoBoundaries feature has no independently inspected county-parent field,yes,insufficient-evidence,insufficient-evidence: official DGU geometry was not lawfully retrieved
gb:HRV:ADM2:41942358B9507377140986,framework:province:istria:61523eaa054e,Istria,geoBoundaries HRV ADM2 (2021 represented),DZS 2021 local-government name/type match conditional on existing Atlas parent county alias; parent relationship unverified,conditional on the existing framework province parent alias; geoBoundaries feature has no independently inspected county-parent field,yes,insufficient-evidence,insufficient-evidence: official DGU geometry was not lawfully retrieved
gb:HRV:ADM2:41942358B95509150368472,framework:province:primorje-gorski-kotar:c1121e5b9a0c,Primorje-Gorski Kotar,geoBoundaries HRV ADM2 (2021 represented),DZS 2021 local-government name/type match conditional on existing Atlas parent county alias; parent relationship unverified,conditional on the existing framework province parent alias; geoBoundaries feature has no independently inspected county-parent field,yes,insufficient-evidence,insufficient-evidence: official DGU geometry was not lawfully retrieved
gb:HRV:ADM2:41942358B96072525636377,framework:province:istria:61523eaa054e,Istria,geoBoundaries HRV ADM2 (2021 represented),DZS 2021 local-government name/type match conditional on existing Atlas parent county alias; parent relationship unverified,conditional on the existing framework province parent alias; geoBoundaries feature has no independently inspected county-parent field,yes,insufficient-evidence,insufficient-evidence: official DGU geometry was not lawfully retrieved
gb:HRV:ADM2:41942358B96307253127715,framework:province:primorje-gorski-kotar:c1121e5b9a0c,Primorje-Gorski Kotar,geoBoundaries HRV ADM2 (2021 represented),DZS 2021 local-government name/type match conditional on existing Atlas parent county alias; parent relationship unverified,conditional on the existing framework province parent alias; geoBoundaries feature has no independently inspected county-parent field,yes,insufficient-evidence,insufficient-evidence: official DGU geometry was not lawfully retrieved
gb:HRV:ADM2:41942358B96367063316445,framework:province:istria:61523eaa054e,Istria,geoBoundaries HRV ADM2 (2021 represented),DZS 2021 local-government name/type match conditional on existing Atlas parent county alias; parent relationship unverified,conditional on the existing framework province parent alias; geoBoundaries feature has no independently inspected county-parent field,yes,insufficient-evidence,insufficient-evidence: official DGU geometry was not lawfully retrieved
gb:HRV:ADM2:41942358B97038735531165,framework:province:primorje-gorski-kotar:c1121e5b9a0c,Primorje-Gorski Kotar,geoBoundaries HRV ADM2 (2021 represented),island-labeled feature has no normalized DZS 2021 town/municipality name match within the inherited parent county; legal host/identity unresolved,conditional on the existing framework province parent alias; geoBoundaries feature has no independently inspected county-parent field,no,correction-needed,insufficient-evidence: official DGU geometry was not lawfully retrieved
gb:HRV:ADM2:41942358B97525485535649,framework:province:istria:61523eaa054e,Istria,geoBoundaries HRV ADM2 (2021 represented),DZS 2021 local-government name/type match conditional on existing Atlas parent county alias; parent relationship unverified,conditional on the existing framework province parent alias; geoBoundaries feature has no independently inspected county-parent field,yes,insufficient-evidence,insufficient-evidence: official DGU geometry was not lawfully retrieved
gb:HRV:ADM2:41942358B97852125593877,framework:province:primorje-gorski-kotar:c1121e5b9a0c,Primorje-Gorski Kotar,geoBoundaries HRV ADM2 (2021 represented),DZS 2021 local-government name/type match conditional on existing Atlas parent county alias; parent relationship unverified,conditional on the existing framework province parent alias; geoBoundaries feature has no independently inspected county-parent field,yes,insufficient-evidence,insufficient-evidence: official DGU geometry was not lawfully retrieved
gb:HRV:ADM2:41942358B98625568219702,framework:province:istria:61523eaa054e,Istria,geoBoundaries HRV ADM2 (2021 represented),DZS 2021 local-government name/type match conditional on existing Atlas parent county alias; parent relationship unverified,conditional on the existing framework province parent alias; geoBoundaries feature has no independently inspected county-parent field,yes,insufficient-evidence,insufficient-evidence: official DGU geometry was not lawfully retrieved
gb:HRV:ADM2:41942358B99312599796624,framework:province:zadar-county:b0ded7687297,Zadar County,geoBoundaries HRV ADM2 (2021 represented),DZS 2021 local-government name/type match conditional on existing Atlas parent county alias; parent relationship unverified,conditional on the existing framework province parent alias; geoBoundaries feature has no independently inspected county-parent field,yes,insufficient-evidence,insufficient-evidence: official DGU geometry was not lawfully retrieved
