2026-10-04T03:17:05.1847515Z Current runner version: '2.337.0'
2026-10-04T03:17:05.1926299Z ##[group]Runner Image Provisioner
2026-10-04T03:17:05.1927790Z Hosted Compute Agent
2026-10-04T03:17:05.1928729Z Version: 20260901.588
2026-10-04T03:17:05.1929756Z Commit: f88ec8081b781fac6c440065ac7ff9e710ce3d0b
2026-10-04T03:17:05.1931025Z Build Date: 2026-09-01T19:56:44Z
2026-10-04T03:17:05.1932096Z Worker ID: {f9eb8b88-0af4-436e-bd65-10ee1fa9bf3f}
2026-10-04T03:17:05.1933257Z Azure Region: centralus
2026-10-04T03:17:05.1943482Z ##[endgroup]
2026-10-04T03:17:05.1945969Z ##[group]Operating System
2026-10-04T03:17:05.1947042Z Ubuntu
2026-10-04T03:17:05.1947868Z 24.04.5
2026-10-04T03:17:05.1948696Z LTS
2026-10-04T03:17:05.1949614Z ##[endgroup]
2026-10-04T03:17:05.1950462Z ##[group]Runner Image
2026-10-04T03:17:05.1951448Z Image: ubuntu-24.04
2026-10-04T03:17:05.1952348Z Version: 20260927.320.1
2026-10-04T03:17:05.1954807Z Included Software: https://github.com/actions/runner-images/blob/ubuntu24/20260927.320/images/ubuntu/Ubuntu2404-Readme.md
2026-10-04T03:17:05.1957580Z Image Release: https://github.com/actions/runner-images/releases/tag/ubuntu24%2F20260927.320
2026-10-04T03:17:05.1959244Z ##[endgroup]
2026-10-04T03:17:05.1961336Z ##[group]GITHUB_TOKEN Permissions
2026-10-04T03:17:05.1965071Z Contents: read
2026-10-04T03:17:05.1966028Z Metadata: read
2026-10-04T03:17:05.1966914Z PullRequests: read
2026-10-04T03:17:05.1967913Z ##[endgroup]
2026-10-04T03:17:05.1971085Z Secret source: Actions
2026-10-04T03:17:05.1972674Z Cache mode: write
2026-10-04T03:17:05.1974502Z Prepare workflow directory
2026-10-04T03:17:05.2814567Z Prepare all required actions
2026-10-04T03:17:05.2938203Z Getting action download info
2026-10-04T03:17:05.6348708Z Download action repository 'actions/checkout@d23441a48e516b6c34aea4fa41551a30e30af803' (SHA:d23441a48e516b6c34aea4fa41551a30e30af803)
2026-10-04T03:17:05.7252549Z Download action repository 'actions/setup-node@249970729cb0ef3589644e2896645e5dc5ba9c38' (SHA:249970729cb0ef3589644e2896645e5dc5ba9c38)
2026-10-04T03:17:05.8291807Z Download action repository 'actions/setup-python@a26af69be951a213d495a4c3e4e4022e16d87065' (SHA:a26af69be951a213d495a4c3e4e4022e16d87065)
2026-10-04T03:17:06.0209817Z Complete job name: regression (0)
2026-10-04T03:17:06.1147074Z ##[group]Run actions/checkout@d23441a48e516b6c34aea4fa41551a30e30af803
2026-10-04T03:17:06.1148056Z with:
2026-10-04T03:17:06.1148523Z   ref: d50b44f1eaf58f225d3e629813ca772a1a7df0f1
2026-10-04T03:17:06.1149128Z   persist-credentials: false
2026-10-04T03:17:06.1149647Z   repository: ChengshuLi/WorldAtlas
2026-10-04T03:17:06.1153638Z   token: ***
2026-10-04T03:17:06.1154472Z   ssh-strict: true
2026-10-04T03:17:06.1155150Z   ssh-user: git
2026-10-04T03:17:06.1155805Z   clean: true
2026-10-04T03:17:06.1156498Z   sparse-checkout-cone-mode: true
2026-10-04T03:17:06.1157339Z   fetch-depth: 1
2026-10-04T03:17:06.1158157Z   fetch-tags: false
2026-10-04T03:17:06.1158848Z   show-progress: true
2026-10-04T03:17:06.1159545Z   lfs: false
2026-10-04T03:17:06.1160207Z   submodules: false
2026-10-04T03:17:06.1160933Z   set-safe-directory: true
2026-10-04T03:17:06.1161712Z   allow-unsafe-pr-checkout: false
2026-10-04T03:17:06.1162880Z ##[endgroup]
2026-10-04T03:17:06.4104051Z Syncing repository: ChengshuLi/WorldAtlas
2026-10-04T03:17:06.4157722Z ##[group]Getting Git version info
2026-10-04T03:17:06.4159506Z Working directory is '/home/runner/work/WorldAtlas/WorldAtlas'
2026-10-04T03:17:06.4162751Z [command]/usr/bin/git version
2026-10-04T03:17:06.4164552Z git version 2.55.0
2026-10-04T03:17:06.4321068Z ##[endgroup]
2026-10-04T03:17:06.4328808Z Temporarily overriding HOME='/home/runner/work/_temp/1efb635e-7af8-498c-b38f-c8d9a1f453c4' before making global git config changes
2026-10-04T03:17:06.4330569Z Adding repository directory to the temporary git global config as a safe directory
2026-10-04T03:17:06.4332068Z [command]/usr/bin/git config --global --add safe.directory /home/runner/work/WorldAtlas/WorldAtlas
2026-10-04T03:17:06.4336278Z Deleting the contents of '/home/runner/work/WorldAtlas/WorldAtlas'
2026-10-04T03:17:06.4341245Z ##[group]Determining repository object format
2026-10-04T03:17:06.4342769Z ##[endgroup]
2026-10-04T03:17:06.4343768Z ##[group]Initializing the repository
2026-10-04T03:17:06.4345634Z [command]/usr/bin/git init /home/runner/work/WorldAtlas/WorldAtlas
2026-10-04T03:17:06.4347096Z hint: Using 'master' as the name for the initial branch. This default branch name
2026-10-04T03:17:06.4348668Z hint: will change to "main" in Git 3.0. To configure the initial branch name
2026-10-04T03:17:06.4350159Z hint: to use in all of your new repositories, which will suppress this warning,
2026-10-04T03:17:06.4351320Z hint: call:
2026-10-04T03:17:06.4351970Z hint:
2026-10-04T03:17:06.4353156Z hint: 	git config --global init.defaultBranch <name>
2026-10-04T03:17:06.4354770Z hint:
2026-10-04T03:17:06.4458569Z hint: Names commonly chosen instead of 'master' are 'main', 'trunk' and
2026-10-04T03:17:06.4460102Z hint: 'development'. The just-created branch can be renamed via this command:
2026-10-04T03:17:06.4461294Z hint:
2026-10-04T03:17:06.4461942Z hint: 	git branch -m <name>
2026-10-04T03:17:06.4462665Z hint:
2026-10-04T03:17:06.4463763Z hint: Disable this message with "git config set advice.defaultBranchName false"
2026-10-04T03:17:06.4476024Z Initialized empty Git repository in /home/runner/work/WorldAtlas/WorldAtlas/.git/
2026-10-04T03:17:06.4478470Z [command]/usr/bin/git remote add origin https://github.com/ChengshuLi/WorldAtlas
2026-10-04T03:17:06.4480061Z ##[endgroup]
2026-10-04T03:17:06.4480792Z ##[group]Disabling automatic garbage collection
2026-10-04T03:17:06.4481444Z [command]/usr/bin/git config --local gc.auto 0
2026-10-04T03:17:06.4482832Z ##[endgroup]
2026-10-04T03:17:06.4483634Z ##[group]Setting up auth
2026-10-04T03:17:06.4484393Z Removing SSH command configuration
2026-10-04T03:17:06.4485228Z [command]/usr/bin/git config --local --name-only --get-regexp core\.sshCommand
2026-10-04T03:17:06.4487304Z [command]/usr/bin/git submodule foreach --recursive sh -c "git config --local --name-only --get-regexp 'core\.sshCommand' && git config --local --unset-all 'core.sshCommand' || :"
2026-10-04T03:17:06.4489170Z Removing HTTP extra header
2026-10-04T03:17:06.4490477Z [command]/usr/bin/git config --local --name-only --get-regexp http\.https\:\/\/github\.com\/\.extraheader
2026-10-04T03:17:06.4492830Z [command]/usr/bin/git submodule foreach --recursive sh -c "git config --local --name-only --get-regexp 'http\.https\:\/\/github\.com\/\.extraheader' && git config --local --unset-all 'http.https://github.com/.extraheader' || :"
2026-10-04T03:17:06.4610466Z Removing includeIf entries pointing to credentials config files
2026-10-04T03:17:06.4612698Z [command]/usr/bin/git config --local --name-only --get-regexp ^includeIf\.gitdir:
2026-10-04T03:17:06.4617824Z [command]/usr/bin/git submodule foreach --recursive git config --local --show-origin --name-only --get-regexp remote.origin.url
2026-10-04T03:17:06.4754668Z [command]/usr/bin/git config --file /home/runner/work/_temp/git-credentials-92c1f09e-3ad0-4a34-ac1d-3106c90eb692.config http.https://github.com/.extraheader AUTHORIZATION: basic ***
2026-10-04T03:17:06.4803620Z [command]/usr/bin/git config --local includeIf.gitdir:/home/runner/work/WorldAtlas/WorldAtlas/.git.path /home/runner/work/_temp/git-credentials-92c1f09e-3ad0-4a34-ac1d-3106c90eb692.config
2026-10-04T03:17:06.4844855Z [command]/usr/bin/git config --local includeIf.gitdir:/home/runner/work/WorldAtlas/WorldAtlas/.git/worktrees/*.path /home/runner/work/_temp/git-credentials-92c1f09e-3ad0-4a34-ac1d-3106c90eb692.config
2026-10-04T03:17:06.4886237Z [command]/usr/bin/git config --local includeIf.gitdir:/github/workspace/.git.path /github/runner_temp/git-credentials-92c1f09e-3ad0-4a34-ac1d-3106c90eb692.config
2026-10-04T03:17:06.5105442Z [command]/usr/bin/git config --local includeIf.gitdir:/github/workspace/.git/worktrees/*.path /github/runner_temp/git-credentials-92c1f09e-3ad0-4a34-ac1d-3106c90eb692.config
2026-10-04T03:17:06.5109989Z ##[endgroup]
2026-10-04T03:17:06.5111268Z ##[group]Fetching the repository
2026-10-04T03:17:06.5113736Z [command]/usr/bin/git -c protocol.version=2 fetch --no-tags --prune --no-recurse-submodules --depth=1 origin d50b44f1eaf58f225d3e629813ca772a1a7df0f1
2026-10-04T03:17:34.7686955Z From https://github.com/ChengshuLi/WorldAtlas
2026-10-04T03:17:34.7688108Z  * branch            d50b44f1eaf58f225d3e629813ca772a1a7df0f1 -> FETCH_HEAD
2026-10-04T03:17:34.7691822Z [command]/usr/bin/git rev-parse --verify --quiet d50b44f1eaf58f225d3e629813ca772a1a7df0f1^{object}
2026-10-04T03:17:34.7727542Z d50b44f1eaf58f225d3e629813ca772a1a7df0f1
2026-10-04T03:17:34.7754619Z ##[endgroup]
2026-10-04T03:17:34.7755549Z ##[group]Determining the checkout info
2026-10-04T03:17:34.7756591Z ##[endgroup]
2026-10-04T03:17:34.7757423Z [command]/usr/bin/git sparse-checkout disable
2026-10-04T03:17:34.7805013Z [command]/usr/bin/git config --local --unset-all extensions.worktreeConfig
2026-10-04T03:17:34.7842586Z ##[group]Checking out the ref
2026-10-04T03:17:34.7847955Z [command]/usr/bin/git checkout --progress --force d50b44f1eaf58f225d3e629813ca772a1a7df0f1
2026-10-04T03:17:36.4880345Z Updating files:  45% (2969/6565)
2026-10-04T03:17:36.5043518Z Updating files:  46% (3020/6565)
2026-10-04T03:17:36.5177393Z Updating files:  47% (3086/6565)
2026-10-04T03:17:36.5308917Z Updating files:  48% (3152/6565)
2026-10-04T03:17:36.5443816Z Updating files:  49% (3217/6565)
2026-10-04T03:17:36.5575342Z Updating files:  50% (3283/6565)
2026-10-04T03:17:36.5683324Z Updating files:  51% (3349/6565)
2026-10-04T03:17:36.5839163Z Updating files:  52% (3414/6565)
2026-10-04T03:17:36.6517241Z Updating files:  53% (3480/6565)
2026-10-04T03:17:36.7058457Z Updating files:  54% (3546/6565)
2026-10-04T03:17:36.7430661Z Updating files:  55% (3611/6565)
2026-10-04T03:17:36.7924924Z Updating files:  56% (3677/6565)
2026-10-04T03:17:36.7993706Z Updating files:  57% (3743/6565)
2026-10-04T03:17:36.8345004Z Updating files:  57% (3751/6565)
2026-10-04T03:17:36.9087259Z Updating files:  58% (3808/6565)
2026-10-04T03:17:37.0159500Z Updating files:  59% (3874/6565)
2026-10-04T03:17:37.1175242Z Updating files:  60% (3939/6565)
2026-10-04T03:17:37.1948012Z Updating files:  61% (4005/6565)
2026-10-04T03:17:37.2442358Z Updating files:  62% (4071/6565)
2026-10-04T03:17:37.2874517Z Updating files:  63% (4136/6565)
2026-10-04T03:17:37.3211253Z Updating files:  64% (4202/6565)
2026-10-04T03:17:37.3465359Z Updating files:  65% (4268/6565)
2026-10-04T03:17:37.3761983Z Updating files:  66% (4333/6565)
2026-10-04T03:17:37.5186580Z Updating files:  67% (4399/6565)
2026-10-04T03:17:37.6825326Z Updating files:  68% (4465/6565)
2026-10-04T03:17:37.6889867Z Updating files:  69% (4530/6565)
2026-10-04T03:17:37.7285046Z Updating files:  70% (4596/6565)
2026-10-04T03:17:37.7455295Z Updating files:  71% (4662/6565)
2026-10-04T03:17:37.7985719Z Updating files:  72% (4727/6565)
2026-10-04T03:17:37.8036381Z Updating files:  72% (4786/6565)
2026-10-04T03:17:37.9545172Z Updating files:  73% (4793/6565)
2026-10-04T03:17:38.0884412Z Updating files:  74% (4859/6565)
2026-10-04T03:17:38.1560680Z Updating files:  75% (4924/6565)
2026-10-04T03:17:38.1872346Z Updating files:  76% (4990/6565)
2026-10-04T03:17:38.2883734Z Updating files:  77% (5056/6565)
2026-10-04T03:17:38.7226595Z Updating files:  78% (5121/6565)
2026-10-04T03:17:38.8279288Z Updating files:  79% (5187/6565)
2026-10-04T03:17:38.9746354Z Updating files:  79% (5242/6565)
2026-10-04T03:17:39.2582690Z Updating files:  80% (5252/6565)
2026-10-04T03:17:39.9988580Z Updating files:  81% (5318/6565)
2026-10-04T03:17:40.0015198Z Updating files:  81% (5380/6565)
2026-10-04T03:17:40.1091325Z Updating files:  82% (5384/6565)
2026-10-04T03:17:40.4679328Z Updating files:  83% (5449/6565)
2026-10-04T03:17:40.7984464Z Updating files:  84% (5515/6565)
2026-10-04T03:17:41.1058957Z Updating files:  84% (5527/6565)
2026-10-04T03:17:41.5970127Z Updating files:  85% (5581/6565)
2026-10-04T03:17:41.6054826Z Updating files:  86% (5646/6565)
2026-10-04T03:17:41.8165696Z Updating files:  87% (5712/6565)
2026-10-04T03:17:41.9635349Z Updating files:  87% (5739/6565)
2026-10-04T03:17:41.9684921Z Updating files:  88% (5778/6565)
2026-10-04T03:17:41.9784925Z Updating files:  89% (5843/6565)
2026-10-04T03:17:42.0549557Z Updating files:  90% (5909/6565)
2026-10-04T03:17:42.0606119Z Updating files:  91% (5975/6565)
2026-10-04T03:17:42.0684880Z Updating files:  92% (6040/6565)
2026-10-04T03:17:42.0724737Z Updating files:  93% (6106/6565)
2026-10-04T03:17:42.0778774Z Updating files:  94% (6172/6565)
2026-10-04T03:17:42.0833173Z Updating files:  95% (6237/6565)
2026-10-04T03:17:42.0886363Z Updating files:  96% (6303/6565)
2026-10-04T03:17:42.0931200Z Updating files:  97% (6369/6565)
2026-10-04T03:17:42.0978121Z Updating files:  98% (6434/6565)
2026-10-04T03:17:42.1044701Z Updating files:  99% (6500/6565)
2026-10-04T03:17:42.1045343Z Updating files: 100% (6565/6565)
2026-10-04T03:17:42.1045799Z Updating files: 100% (6565/6565), done.
2026-10-04T03:17:42.4596070Z Note: switching to 'd50b44f1eaf58f225d3e629813ca772a1a7df0f1'.
2026-10-04T03:17:42.4614649Z 
2026-10-04T03:17:42.4635003Z You are in 'detached HEAD' state. You can look around, make experimental
2026-10-04T03:17:42.4635936Z changes and commit them, and you can discard any commits you make in this
2026-10-04T03:17:42.4636658Z state without impacting any branches by switching back to a branch.
2026-10-04T03:17:42.4637089Z 
2026-10-04T03:17:42.4637367Z If you want to create a new branch to retain commits you create, you may
2026-10-04T03:17:42.4638054Z do so (now or later) by using -c with the switch command. Example:
2026-10-04T03:17:42.4638512Z 
2026-10-04T03:17:42.4638685Z   git switch -c <new-branch-name>
2026-10-04T03:17:42.4638946Z 
2026-10-04T03:17:42.4639103Z Or undo this operation with:
2026-10-04T03:17:42.4639357Z 
2026-10-04T03:17:42.4639482Z   git switch -
2026-10-04T03:17:42.4639650Z 
2026-10-04T03:17:42.4639968Z Turn off this advice by setting config variable advice.detachedHead to false
2026-10-04T03:17:42.4640450Z 
2026-10-04T03:17:42.4640842Z HEAD is now at d50b44f Partition independent migration cases without changing their bodies
2026-10-04T03:17:42.4835647Z ##[endgroup]
2026-10-04T03:17:42.4894884Z [command]/usr/bin/git log -1 --format=%H
2026-10-04T03:17:42.4932118Z d50b44f1eaf58f225d3e629813ca772a1a7df0f1
2026-10-04T03:17:42.4946427Z ##[group]Removing auth
2026-10-04T03:17:42.4947078Z Removing SSH command configuration
2026-10-04T03:17:42.4948217Z [command]/usr/bin/git config --local --name-only --get-regexp core\.sshCommand
2026-10-04T03:17:42.4987508Z [command]/usr/bin/git submodule foreach --recursive sh -c "git config --local --name-only --get-regexp 'core\.sshCommand' && git config --local --unset-all 'core.sshCommand' || :"
2026-10-04T03:17:42.5254566Z Removing HTTP extra header
2026-10-04T03:17:42.5259262Z [command]/usr/bin/git config --local --name-only --get-regexp http\.https\:\/\/github\.com\/\.extraheader
2026-10-04T03:17:42.5300425Z [command]/usr/bin/git submodule foreach --recursive sh -c "git config --local --name-only --get-regexp 'http\.https\:\/\/github\.com\/\.extraheader' && git config --local --unset-all 'http.https://github.com/.extraheader' || :"
2026-10-04T03:17:42.5569011Z Removing includeIf entries pointing to credentials config files
2026-10-04T03:17:42.5572835Z [command]/usr/bin/git config --local --name-only --get-regexp ^includeIf\.gitdir:
2026-10-04T03:17:42.5606806Z includeif.gitdir:/home/runner/work/WorldAtlas/WorldAtlas/.git.path
2026-10-04T03:17:42.5607982Z includeif.gitdir:/home/runner/work/WorldAtlas/WorldAtlas/.git/worktrees/*.path
2026-10-04T03:17:42.5609052Z includeif.gitdir:/github/workspace/.git.path
2026-10-04T03:17:42.5609817Z includeif.gitdir:/github/workspace/.git/worktrees/*.path
2026-10-04T03:17:42.5621519Z [command]/usr/bin/git config --local --get-all includeif.gitdir:/home/runner/work/WorldAtlas/WorldAtlas/.git.path
2026-10-04T03:17:42.5658575Z /home/runner/work/_temp/git-credentials-92c1f09e-3ad0-4a34-ac1d-3106c90eb692.config
2026-10-04T03:17:42.5670466Z [command]/usr/bin/git config --local --unset includeif.gitdir:/home/runner/work/WorldAtlas/WorldAtlas/.git.path /home/runner/work/_temp/git-credentials-92c1f09e-3ad0-4a34-ac1d-3106c90eb692.config
2026-10-04T03:17:42.7048843Z [command]/usr/bin/git config --local --get-all includeif.gitdir:/home/runner/work/WorldAtlas/WorldAtlas/.git/worktrees/*.path
2026-10-04T03:17:42.7078159Z /home/runner/work/_temp/git-credentials-92c1f09e-3ad0-4a34-ac1d-3106c90eb692.config
2026-10-04T03:17:42.7118751Z [command]/usr/bin/git config --local --unset includeif.gitdir:/home/runner/work/WorldAtlas/WorldAtlas/.git/worktrees/*.path /home/runner/work/_temp/git-credentials-92c1f09e-3ad0-4a34-ac1d-3106c90eb692.config
2026-10-04T03:17:43.0013784Z [command]/usr/bin/git config --local --get-all includeif.gitdir:/github/workspace/.git.path
2026-10-04T03:17:43.0055123Z /github/runner_temp/git-credentials-92c1f09e-3ad0-4a34-ac1d-3106c90eb692.config
2026-10-04T03:17:43.0065055Z [command]/usr/bin/git config --local --unset includeif.gitdir:/github/workspace/.git.path /github/runner_temp/git-credentials-92c1f09e-3ad0-4a34-ac1d-3106c90eb692.config
2026-10-04T03:17:43.2085584Z [command]/usr/bin/git config --local --get-all includeif.gitdir:/github/workspace/.git/worktrees/*.path
2026-10-04T03:17:43.2109873Z /github/runner_temp/git-credentials-92c1f09e-3ad0-4a34-ac1d-3106c90eb692.config
2026-10-04T03:17:43.2164767Z [command]/usr/bin/git config --local --unset includeif.gitdir:/github/workspace/.git/worktrees/*.path /github/runner_temp/git-credentials-92c1f09e-3ad0-4a34-ac1d-3106c90eb692.config
2026-10-04T03:17:43.6015866Z [command]/usr/bin/git submodule foreach --recursive git config --local --show-origin --name-only --get-regexp remote.origin.url
2026-10-04T03:17:43.6274779Z Removing credentials config '/home/runner/work/_temp/git-credentials-92c1f09e-3ad0-4a34-ac1d-3106c90eb692.config'
2026-10-04T03:17:43.7583715Z ##[endgroup]
2026-10-04T03:17:44.4129238Z ##[group]Run actions/setup-node@249970729cb0ef3589644e2896645e5dc5ba9c38
2026-10-04T03:17:44.4129632Z with:
2026-10-04T03:17:44.4129843Z   node-version: 24
2026-10-04T03:17:44.4130073Z   check-latest: false
2026-10-04T03:17:44.4132371Z   token: ***
2026-10-04T03:17:44.4132605Z   package-manager-cache: true
2026-10-04T03:17:44.4132867Z ##[endgroup]
2026-10-04T03:17:45.2289004Z Found in cache @ /opt/hostedtoolcache/node/24.21.0/x64
2026-10-04T03:17:45.2290479Z ##[group]Environment details
2026-10-04T03:17:45.7980501Z node: v24.21.0
2026-10-04T03:17:45.7994846Z npm: 11.19.0
2026-10-04T03:17:45.8080739Z yarn: 1.22.22
2026-10-04T03:17:45.8081674Z ##[endgroup]
2026-10-04T03:17:45.8215635Z ##[group]Run actions/setup-python@a26af69be951a213d495a4c3e4e4022e16d87065
2026-10-04T03:17:45.8216063Z with:
2026-10-04T03:17:45.8216287Z   python-version: 3.12
2026-10-04T03:17:45.8216542Z   check-latest: false
2026-10-04T03:17:45.8218833Z   token: ***
2026-10-04T03:17:45.8219059Z   update-environment: true
2026-10-04T03:17:45.8219317Z   allow-prereleases: false
2026-10-04T03:17:45.8219555Z   freethreaded: false
2026-10-04T03:17:45.8219780Z ##[endgroup]
2026-10-04T03:17:45.9618346Z ##[group]Installed versions
2026-10-04T03:17:45.9706221Z (node:2205) [DEP0040] DeprecationWarning: The `punycode` module is deprecated. Please use a userland alternative instead.
2026-10-04T03:17:45.9720418Z (Use `node --trace-deprecation ...` to show where the warning was created)
2026-10-04T03:17:45.9720983Z Successfully set up CPython (3.12.14)
2026-10-04T03:17:45.9721920Z ##[endgroup]
2026-10-04T03:17:45.9958144Z ##[group]Run npm ci --no-audit --no-fund
2026-10-04T03:17:45.9958790Z [36;1mnpm ci --no-audit --no-fund[0m
2026-10-04T03:17:46.0300030Z shell: /usr/bin/bash -e {0}
2026-10-04T03:17:46.0300344Z env:
2026-10-04T03:17:46.0300680Z   pythonLocation: /opt/hostedtoolcache/Python/3.12.14/x64
2026-10-04T03:17:46.0301181Z   PKG_CONFIG_PATH: /opt/hostedtoolcache/Python/3.12.14/x64/lib/pkgconfig
2026-10-04T03:17:46.0301621Z   Python_ROOT_DIR: /opt/hostedtoolcache/Python/3.12.14/x64
2026-10-04T03:17:46.0302004Z   Python2_ROOT_DIR: /opt/hostedtoolcache/Python/3.12.14/x64
2026-10-04T03:17:46.0302393Z   Python3_ROOT_DIR: /opt/hostedtoolcache/Python/3.12.14/x64
2026-10-04T03:17:46.0303033Z   LD_LIBRARY_PATH: /opt/hostedtoolcache/Python/3.12.14/x64/lib
2026-10-04T03:17:46.0303365Z ##[endgroup]
2026-10-04T03:17:48.8031333Z npm warn deprecated geographiclib@1.48.0: This package has been split into geographic-geodesic + geographiclib-dms; use one or both of these instead of geographiclib.  WARNING: there's a potential buffer overrun on this package.  SWITCH TO THE NEW PACKAGES NOW.
2026-10-04T03:17:49.1979925Z npm warn deprecated @esbuild-kit/esm-loader@2.6.5: Merged into tsx: https://tsx.hirok.io
2026-10-04T03:17:49.2550421Z npm warn deprecated @esbuild-kit/core-utils@3.3.2: Merged into tsx: https://tsx.hirok.io
2026-10-04T03:18:00.9637337Z 
2026-10-04T03:18:00.9638275Z added 322 packages in 15s
2026-10-04T03:18:00.9653904Z npm warn install-scripts 7 packages have install scripts not yet covered by allowScripts:
2026-10-04T03:18:00.9655625Z npm warn install-scripts   esbuild@0.18.20 (postinstall: node install.js)
2026-10-04T03:18:00.9661983Z npm warn install-scripts   better-sqlite3@13.0.3 (install: node-gyp rebuild)
2026-10-04T03:18:00.9663584Z npm warn install-scripts   esbuild@0.25.12 (postinstall: node install.js)
2026-10-04T03:18:00.9666823Z npm warn install-scripts   esbuild@0.28.2 (postinstall: node install.js)
2026-10-04T03:18:00.9668283Z npm warn install-scripts   msgpackr-extract@3.0.4 (install: node-gyp-build-optional-packages)
2026-10-04T03:18:00.9669747Z npm warn install-scripts   workerd@1.20261001.1 (postinstall: node install.js)
2026-10-04T03:18:00.9670982Z npm warn install-scripts   esbuild@0.28.1 (postinstall: node install.js)
2026-10-04T03:18:00.9676771Z npm warn install-scripts
2026-10-04T03:18:00.9677997Z npm warn install-scripts Run `npm install-scripts ls` to review, or `npm install-scripts approve <pkg>` to allow.
2026-10-04T03:18:01.1111970Z ##[group]Run python -m pip install -r requirements.txt
2026-10-04T03:18:01.1112559Z [36;1mpython -m pip install -r requirements.txt[0m
2026-10-04T03:18:01.2070316Z shell: /usr/bin/bash -e {0}
2026-10-04T03:18:01.2070638Z env:
2026-10-04T03:18:01.2070941Z   pythonLocation: /opt/hostedtoolcache/Python/3.12.14/x64
2026-10-04T03:18:01.2071405Z   PKG_CONFIG_PATH: /opt/hostedtoolcache/Python/3.12.14/x64/lib/pkgconfig
2026-10-04T03:18:01.2071835Z   Python_ROOT_DIR: /opt/hostedtoolcache/Python/3.12.14/x64
2026-10-04T03:18:01.2072217Z   Python2_ROOT_DIR: /opt/hostedtoolcache/Python/3.12.14/x64
2026-10-04T03:18:01.2072604Z   Python3_ROOT_DIR: /opt/hostedtoolcache/Python/3.12.14/x64
2026-10-04T03:18:01.2072977Z   LD_LIBRARY_PATH: /opt/hostedtoolcache/Python/3.12.14/x64/lib
2026-10-04T03:18:01.2073304Z ##[endgroup]
2026-10-04T03:18:02.2336246Z Collecting numpy==2.3.5 (from -r requirements.txt (line 2))
2026-10-04T03:18:02.3060039Z   Downloading numpy-2.3.5-cp312-cp312-manylinux_2_27_x86_64.manylinux_2_28_x86_64.whl.metadata (62 kB)
2026-10-04T03:18:02.4205848Z Collecting shapely==2.1.2 (from -r requirements.txt (line 3))
2026-10-04T03:18:02.4297871Z   Downloading shapely-2.1.2-cp312-cp312-manylinux2014_x86_64.manylinux_2_17_x86_64.whl.metadata (6.8 kB)
2026-10-04T03:18:02.4999133Z Collecting pyproj==3.7.2 (from -r requirements.txt (line 4))
2026-10-04T03:18:02.5099098Z   Downloading pyproj-3.7.2-cp312-cp312-manylinux_2_28_x86_64.whl.metadata (31 kB)
2026-10-04T03:18:02.6036413Z Collecting rasterio==1.4.3 (from -r requirements.txt (line 5))
2026-10-04T03:18:02.6215375Z   Downloading rasterio-1.4.3-cp312-cp312-manylinux_2_17_x86_64.manylinux2014_x86_64.whl.metadata (9.1 kB)
2026-10-04T03:18:02.7458035Z Collecting scipy==1.17.0 (from -r requirements.txt (line 6))
2026-10-04T03:18:02.7558346Z   Downloading scipy-1.17.0-cp312-cp312-manylinux_2_27_x86_64.manylinux_2_28_x86_64.whl.metadata (62 kB)
2026-10-04T03:18:02.8157703Z Collecting certifi (from pyproj==3.7.2->-r requirements.txt (line 4))
2026-10-04T03:18:02.8255033Z   Downloading certifi-2026.7.22-py3-none-any.whl.metadata (2.5 kB)
2026-10-04T03:18:02.8655521Z Collecting affine (from rasterio==1.4.3->-r requirements.txt (line 5))
2026-10-04T03:18:02.8754903Z   Downloading affine-3.0.1-py3-none-any.whl.metadata (4.5 kB)
2026-10-04T03:18:02.9036051Z Collecting attrs (from rasterio==1.4.3->-r requirements.txt (line 5))
2026-10-04T03:18:02.9134563Z   Downloading attrs-26.1.0-py3-none-any.whl.metadata (8.8 kB)
2026-10-04T03:18:02.9470824Z Collecting click>=4.0 (from rasterio==1.4.3->-r requirements.txt (line 5))
2026-10-04T03:18:02.9568842Z   Downloading click-8.5.0-py3-none-any.whl.metadata (2.6 kB)
2026-10-04T03:18:02.9795910Z Collecting cligj>=0.5 (from rasterio==1.4.3->-r requirements.txt (line 5))
2026-10-04T03:18:02.9894976Z   Downloading cligj-0.7.2-py3-none-any.whl.metadata (5.0 kB)
2026-10-04T03:18:03.0134901Z Collecting click-plugins (from rasterio==1.4.3->-r requirements.txt (line 5))
2026-10-04T03:18:03.0231481Z   Downloading click_plugins-1.1.1.2-py2.py3-none-any.whl.metadata (6.5 kB)
2026-10-04T03:18:03.0573847Z Collecting pyparsing (from rasterio==1.4.3->-r requirements.txt (line 5))
2026-10-04T03:18:03.0672897Z   Downloading pyparsing-3.3.3-py3-none-any.whl.metadata (5.9 kB)
2026-10-04T03:18:03.0854435Z Downloading numpy-2.3.5-cp312-cp312-manylinux_2_27_x86_64.manylinux_2_28_x86_64.whl (16.6 MB)
2026-10-04T03:18:04.5066689Z    ━━━━━━━━━━━━━━━━━━━━━━━━━━━━━━━━━━━━━━━━ 16.6/16.6 MB 11.8 MB/s  0:00:01
2026-10-04T03:18:04.5149192Z Downloading shapely-2.1.2-cp312-cp312-manylinux2014_x86_64.manylinux_2_17_x86_64.whl (3.1 MB)
2026-10-04T03:18:04.7126006Z    ━━━━━━━━━━━━━━━━━━━━━━━━━━━━━━━━━━━━━━━━ 3.1/3.1 MB 15.6 MB/s  0:00:00
2026-10-04T03:18:04.7215370Z Downloading pyproj-3.7.2-cp312-cp312-manylinux_2_28_x86_64.whl (9.6 MB)
2026-10-04T03:18:05.3563079Z    ━━━━━━━━━━━━━━━━━━━━━━━━━━━━━━━━━━━━━━━━ 9.6/9.6 MB 15.0 MB/s  0:00:00
2026-10-04T03:18:05.3655694Z Downloading rasterio-1.4.3-cp312-cp312-manylinux_2_17_x86_64.manylinux2014_x86_64.whl (22.3 MB)
2026-10-04T03:18:06.1326195Z    ━━━━━━━━━━━━━━━━━━━━━━━━━━━━━━━━━━━━━━━━ 22.3/22.3 MB 29.1 MB/s  0:00:00
2026-10-04T03:18:06.1427733Z Downloading scipy-1.17.0-cp312-cp312-manylinux_2_27_x86_64.manylinux_2_28_x86_64.whl (35.0 MB)
2026-10-04T03:18:07.3308257Z    ━━━━━━━━━━━━━━━━━━━━━━━━━━━━━━━━━━━━━━━━ 35.0/35.0 MB 29.4 MB/s  0:00:01
2026-10-04T03:18:07.3428046Z Downloading click-8.5.0-py3-none-any.whl (125 kB)
2026-10-04T03:18:07.3555462Z Downloading cligj-0.7.2-py3-none-any.whl (7.1 kB)
2026-10-04T03:18:07.3725642Z Downloading affine-3.0.1-py3-none-any.whl (10 kB)
2026-10-04T03:18:07.3885670Z Downloading attrs-26.1.0-py3-none-any.whl (67 kB)
2026-10-04T03:18:07.4024564Z Downloading certifi-2026.7.22-py3-none-any.whl (136 kB)
2026-10-04T03:18:07.4156225Z Downloading click_plugins-1.1.1.2-py2.py3-none-any.whl (11 kB)
2026-10-04T03:18:07.4268666Z Downloading pyparsing-3.3.3-py3-none-any.whl (126 kB)
2026-10-04T03:18:07.6328849Z Installing collected packages: pyparsing, numpy, click, certifi, attrs, shapely, scipy, pyproj, cligj, click-plugins, affine, rasterio
2026-10-04T03:18:15.1399202Z 
2026-10-04T03:18:15.1417956Z Successfully installed affine-3.0.1 attrs-26.1.0 certifi-2026.7.22 click-8.5.0 click-plugins-1.1.1.2 cligj-0.7.2 numpy-2.3.5 pyparsing-3.3.3 pyproj-3.7.2 rasterio-1.4.3 scipy-1.17.0 shapely-2.1.2
2026-10-04T03:18:15.2181257Z ##[group]Run if node --input-type=module -e "import {integrationNeedsBrowser} from './scripts/run-integration-tests.mjs'; process.exit(integrationNeedsBrowser(process.env.INTEGRATION_PROFILE, Number(process.env.INTEGRATION_SHARD)) ? 0 : 1)"; then
2026-10-04T03:18:15.2182945Z [36;1mif node --input-type=module -e "import {integrationNeedsBrowser} from './scripts/run-integration-tests.mjs'; process.exit(integrationNeedsBrowser(process.env.INTEGRATION_PROFILE, Number(process.env.INTEGRATION_SHARD)) ? 0 : 1)"; then[0m
2026-10-04T03:18:15.2183925Z [36;1m  npx playwright install --with-deps chromium[0m
2026-10-04T03:18:15.2184584Z [36;1mfi[0m
2026-10-04T03:18:15.2261938Z shell: /usr/bin/bash -e {0}
2026-10-04T03:18:15.2262208Z env:
2026-10-04T03:18:15.2262490Z   pythonLocation: /opt/hostedtoolcache/Python/3.12.14/x64
2026-10-04T03:18:15.2262962Z   PKG_CONFIG_PATH: /opt/hostedtoolcache/Python/3.12.14/x64/lib/pkgconfig
2026-10-04T03:18:15.2263630Z   Python_ROOT_DIR: /opt/hostedtoolcache/Python/3.12.14/x64
2026-10-04T03:18:15.2264015Z   Python2_ROOT_DIR: /opt/hostedtoolcache/Python/3.12.14/x64
2026-10-04T03:18:15.2264696Z   Python3_ROOT_DIR: /opt/hostedtoolcache/Python/3.12.14/x64
2026-10-04T03:18:15.2265087Z   LD_LIBRARY_PATH: /opt/hostedtoolcache/Python/3.12.14/x64/lib
2026-10-04T03:18:15.2265428Z   INTEGRATION_PROFILE: full
2026-10-04T03:18:15.2265667Z   INTEGRATION_SHARD: 0
2026-10-04T03:18:15.2265904Z ##[endgroup]
2026-10-04T03:18:16.0715254Z Installing dependencies...
2026-10-04T03:18:16.0872156Z Switching to root user to install dependencies...
2026-10-04T03:18:16.2596761Z Get:1 file:/etc/apt/apt-mirrors.txt Mirrorlist [144 B]
2026-10-04T03:18:16.2916212Z Get:3 https://packages.microsoft.com/ubuntu/24.04/prod noble InRelease [3600 B]
2026-10-04T03:18:16.3187345Z Hit:2 http://azure.archive.ubuntu.com/ubuntu noble InRelease
2026-10-04T03:18:16.3205641Z Get:4 http://azure.archive.ubuntu.com/ubuntu noble-updates InRelease [126 kB]
2026-10-04T03:18:16.3237432Z Get:5 http://azure.archive.ubuntu.com/ubuntu noble-backports InRelease [126 kB]
2026-10-04T03:18:16.3285801Z Get:6 http://azure.archive.ubuntu.com/ubuntu noble-security InRelease [126 kB]
2026-10-04T03:18:16.4495790Z Get:7 https://packages.microsoft.com/ubuntu/24.04/prod noble/main arm64 Packages [458 kB]
2026-10-04T03:18:16.4705267Z Get:8 https://packages.microsoft.com/ubuntu/24.04/prod noble/main amd64 Packages [511 kB]
2026-10-04T03:18:16.4828716Z Get:9 https://packages.microsoft.com/ubuntu/24.04/prod noble/main armhf Packages [12.6 kB]
2026-10-04T03:18:16.5906999Z Get:10 http://azure.archive.ubuntu.com/ubuntu noble-updates/main amd64 Packages [1364 kB]
2026-10-04T03:18:16.5996006Z Get:11 http://azure.archive.ubuntu.com/ubuntu noble-updates/main Translation-en [304 kB]
2026-10-04T03:18:16.6058832Z Get:12 http://azure.archive.ubuntu.com/ubuntu noble-updates/main amd64 Components [181 kB]
2026-10-04T03:18:16.6105877Z Get:13 http://azure.archive.ubuntu.com/ubuntu noble-updates/universe amd64 Packages [1699 kB]
2026-10-04T03:18:16.6306278Z Get:14 http://azure.archive.ubuntu.com/ubuntu noble-updates/universe Translation-en [341 kB]
2026-10-04T03:18:16.6363667Z Get:15 http://azure.archive.ubuntu.com/ubuntu noble-updates/universe amd64 Components [388 kB]
2026-10-04T03:18:16.6459389Z Get:16 http://azure.archive.ubuntu.com/ubuntu noble-updates/restricted amd64 Packages [1720 kB]
2026-10-04T03:18:16.6645455Z Get:17 http://azure.archive.ubuntu.com/ubuntu noble-updates/restricted Translation-en [394 kB]
2026-10-04T03:18:16.6647383Z Get:18 http://azure.archive.ubuntu.com/ubuntu noble-updates/multiverse amd64 Components [940 B]
2026-10-04T03:18:16.6665400Z Get:19 http://azure.archive.ubuntu.com/ubuntu noble-backports/main amd64 Components [5736 B]
2026-10-04T03:18:16.7157920Z Get:20 http://azure.archive.ubuntu.com/ubuntu noble-backports/universe amd64 Components [12.6 kB]
2026-10-04T03:18:16.8477125Z Get:21 http://azure.archive.ubuntu.com/ubuntu noble-security/main amd64 Packages [1069 kB]
2026-10-04T03:18:16.8569753Z Get:22 http://azure.archive.ubuntu.com/ubuntu noble-security/main Translation-en [221 kB]
2026-10-04T03:18:16.8625298Z Get:23 http://azure.archive.ubuntu.com/ubuntu noble-security/main amd64 Components [46.5 kB]
2026-10-04T03:18:16.8646955Z Get:24 http://azure.archive.ubuntu.com/ubuntu noble-security/universe amd64 Packages [1216 kB]
2026-10-04T03:18:16.8713452Z Get:25 http://azure.archive.ubuntu.com/ubuntu noble-security/universe Translation-en [244 kB]
2026-10-04T03:18:16.8715571Z Get:26 http://azure.archive.ubuntu.com/ubuntu noble-security/universe amd64 Components [76.3 kB]
2026-10-04T03:18:16.8716894Z Get:27 http://azure.archive.ubuntu.com/ubuntu noble-security/restricted amd64 Packages [1566 kB]
2026-10-04T03:18:16.8926648Z Get:28 http://azure.archive.ubuntu.com/ubuntu noble-security/restricted Translation-en [361 kB]
2026-10-04T03:18:21.3205541Z Fetched 12.6 MB in 2s (7358 kB/s)
2026-10-04T03:18:22.1408163Z Reading package lists...
2026-10-04T03:18:22.1687158Z Reading package lists...
2026-10-04T03:18:22.3591966Z Building dependency tree...
2026-10-04T03:18:22.3600540Z Reading state information...
2026-10-04T03:18:22.5148733Z libasound2t64 is already the newest version (1.2.11-1ubuntu0.3).
2026-10-04T03:18:22.5149817Z libasound2t64 set to manually installed.
2026-10-04T03:18:22.5151032Z libatk-bridge2.0-0t64 is already the newest version (2.52.0-1build1).
2026-10-04T03:18:22.5152063Z libatk-bridge2.0-0t64 set to manually installed.
2026-10-04T03:18:22.5152992Z libatk1.0-0t64 is already the newest version (2.52.0-1build1).
2026-10-04T03:18:22.5153869Z libatk1.0-0t64 set to manually installed.
2026-10-04T03:18:22.5155053Z libatspi2.0-0t64 is already the newest version (2.52.0-1build1).
2026-10-04T03:18:22.5155998Z libatspi2.0-0t64 set to manually installed.
2026-10-04T03:18:22.5156990Z libcairo2 is already the newest version (1.18.0-3build1).
2026-10-04T03:18:22.5157901Z libcairo2 set to manually installed.
2026-10-04T03:18:22.5158820Z libcups2t64 is already the newest version (2.4.7-1.2ubuntu7.14).
2026-10-04T03:18:22.5159766Z libcups2t64 set to manually installed.
2026-10-04T03:18:22.5160567Z libdbus-1-3 is already the newest version (1.14.10-4ubuntu4.1).
2026-10-04T03:18:22.5161319Z libdbus-1-3 set to manually installed.
2026-10-04T03:18:22.5161902Z libdrm2 is already the newest version (2.4.125-1ubuntu0.1~24.04.2).
2026-10-04T03:18:22.5162472Z libdrm2 set to manually installed.
2026-10-04T03:18:22.5163342Z libglib2.0-0t64 is already the newest version (2.80.0-6ubuntu3.9).
2026-10-04T03:18:22.5164004Z libglib2.0-0t64 set to manually installed.
2026-10-04T03:18:22.5167916Z libnspr4 is already the newest version (2:4.35-1.1build1).
2026-10-04T03:18:22.5168744Z libnspr4 set to manually installed.
2026-10-04T03:18:22.5169737Z libnss3 is already the newest version (2:3.98-1ubuntu0.2).
2026-10-04T03:18:22.5170558Z libnss3 set to manually installed.
2026-10-04T03:18:22.5171384Z libpango-1.0-0 is already the newest version (1.52.1+ds-1build1).
2026-10-04T03:18:22.5172108Z libpango-1.0-0 set to manually installed.
2026-10-04T03:18:22.5172763Z libx11-6 is already the newest version (2:1.8.7-1build1).
2026-10-04T03:18:22.5173356Z libx11-6 set to manually installed.
2026-10-04T03:18:22.5173868Z libxcb1 is already the newest version (1.15-1ubuntu2).
2026-10-04T03:18:22.5174667Z libxcb1 set to manually installed.
2026-10-04T03:18:22.5175254Z libxcomposite1 is already the newest version (1:0.4.5-1build3).
2026-10-04T03:18:22.5175840Z libxcomposite1 set to manually installed.
2026-10-04T03:18:22.5176424Z libxdamage1 is already the newest version (1:1.1.6-1build1).
2026-10-04T03:18:22.5176970Z libxdamage1 set to manually installed.
2026-10-04T03:18:22.5177515Z libxext6 is already the newest version (2:1.3.4-1build2).
2026-10-04T03:18:22.5178087Z libxext6 set to manually installed.
2026-10-04T03:18:22.5178706Z libxfixes3 is already the newest version (1:6.0.0-2build1).
2026-10-04T03:18:22.5179379Z libxfixes3 set to manually installed.
2026-10-04T03:18:22.5180016Z libxkbcommon0 is already the newest version (1.6.0-1build1).
2026-10-04T03:18:22.5181028Z libxkbcommon0 set to manually installed.
2026-10-04T03:18:22.5181678Z libxrandr2 is already the newest version (2:1.5.2-2build1).
2026-10-04T03:18:22.5182281Z libxrandr2 set to manually installed.
2026-10-04T03:18:22.5182911Z xvfb is already the newest version (2:21.1.12-1ubuntu1.8).
2026-10-04T03:18:22.5183773Z fonts-noto-color-emoji is already the newest version (2.047-0ubuntu0.24.04.1).
2026-10-04T03:18:22.5184613Z libfontconfig1 is already the newest version (2.15.0-1.1ubuntu2).
2026-10-04T03:18:22.5185054Z libfontconfig1 set to manually installed.
2026-10-04T03:18:22.5185521Z libfreetype6 is already the newest version (2.13.2+dfsg-1ubuntu0.1).
2026-10-04T03:18:22.5185956Z libfreetype6 set to manually installed.
2026-10-04T03:18:22.5186390Z fonts-liberation is already the newest version (1:2.1.5-3).
2026-10-04T03:18:22.5186814Z fonts-liberation set to manually installed.
2026-10-04T03:18:22.5187222Z The following additional packages will be installed:
2026-10-04T03:18:22.5187912Z   libgl1-mesa-dri libglx-mesa0 mesa-libgallium xfonts-encodings xfonts-utils
2026-10-04T03:18:22.5188341Z Recommended packages:
2026-10-04T03:18:22.5188640Z   fonts-ipafont-mincho fonts-tlwg-loma
2026-10-04T03:18:22.5395603Z The following NEW packages will be installed:
2026-10-04T03:18:22.5405312Z   fonts-freefont-ttf fonts-ipafont-gothic fonts-tlwg-loma-otf fonts-unifont
2026-10-04T03:18:22.5407058Z   fonts-wqy-zenhei xfonts-cyrillic xfonts-encodings xfonts-scalable
2026-10-04T03:18:22.5407957Z   xfonts-utils
2026-10-04T03:18:22.5410382Z The following packages will be upgraded:
2026-10-04T03:18:22.5411004Z   libgbm1 libgl1-mesa-dri libglx-mesa0 mesa-libgallium
2026-10-04T03:18:22.5597530Z 4 upgraded, 9 newly installed, 0 to remove and 21 not upgraded.
2026-10-04T03:18:22.5598659Z Need to get 32.1 MB of archives.
2026-10-04T03:18:22.5599946Z After this operation, 79.5 MB of additional disk space will be used.
2026-10-04T03:18:22.5600982Z Get:1 file:/etc/apt/apt-mirrors.txt Mirrorlist [144 B]
2026-10-04T03:18:22.6045091Z Get:2 http://azure.archive.ubuntu.com/ubuntu noble/universe amd64 fonts-ipafont-gothic all 00303-21ubuntu1 [3513 kB]
2026-10-04T03:18:22.6631305Z Get:3 http://azure.archive.ubuntu.com/ubuntu noble/main amd64 fonts-freefont-ttf all 20211204+svn4273-2 [5641 kB]
2026-10-04T03:18:22.7397409Z Get:4 http://azure.archive.ubuntu.com/ubuntu noble/universe amd64 fonts-tlwg-loma-otf all 1:0.7.3-1 [107 kB]
2026-10-04T03:18:22.7696743Z Get:5 http://azure.archive.ubuntu.com/ubuntu noble/universe amd64 fonts-unifont all 1:15.1.01-1build1 [2993 kB]
2026-10-04T03:18:22.8224420Z Get:6 http://azure.archive.ubuntu.com/ubuntu noble/universe amd64 fonts-wqy-zenhei all 0.9.45-8 [7472 kB]
2026-10-04T03:18:22.9413775Z Get:7 http://azure.archive.ubuntu.com/ubuntu noble-updates/main amd64 libgl1-mesa-dri amd64 25.2.8-0ubuntu0.24.04.4 [38.0 kB]
2026-10-04T03:18:23.0098833Z Get:8 http://azure.archive.ubuntu.com/ubuntu noble-updates/main amd64 libglx-mesa0 amd64 25.2.8-0ubuntu0.24.04.4 [110 kB]
2026-10-04T03:18:23.0939228Z Get:9 http://azure.archive.ubuntu.com/ubuntu noble-updates/main amd64 libgbm1 amd64 25.2.8-0ubuntu0.24.04.4 [34.2 kB]
2026-10-04T03:18:23.1263223Z Get:10 http://azure.archive.ubuntu.com/ubuntu noble-updates/main amd64 mesa-libgallium amd64 25.2.8-0ubuntu0.24.04.4 [10.8 MB]
2026-10-04T03:18:23.3609656Z Get:11 http://azure.archive.ubuntu.com/ubuntu noble/main amd64 xfonts-encodings all 1:1.0.5-0ubuntu2 [578 kB]
2026-10-04T03:18:23.3927715Z Get:12 http://azure.archive.ubuntu.com/ubuntu noble/main amd64 xfonts-utils amd64 1:7.7+6build3 [94.4 kB]
2026-10-04T03:18:23.4212235Z Get:13 http://azure.archive.ubuntu.com/ubuntu noble/universe amd64 xfonts-cyrillic all 1:1.0.5+nmu1 [384 kB]
2026-10-04T03:18:23.4518184Z Get:14 http://azure.archive.ubuntu.com/ubuntu noble/main amd64 xfonts-scalable all 1:1.0.3-1.3 [304 kB]
2026-10-04T03:18:23.7176523Z Fetched 32.1 MB in 1s (35.4 MB/s)
2026-10-04T03:18:23.7407320Z Selecting previously unselected package fonts-ipafont-gothic.
2026-10-04T03:18:23.7684767Z (Reading database ... 
2026-10-04T03:18:23.7685750Z (Reading database ... 5%
2026-10-04T03:18:23.7686320Z (Reading database ... 10%
2026-10-04T03:18:23.7688086Z (Reading database ... 15%
2026-10-04T03:18:23.7688972Z (Reading database ... 20%
2026-10-04T03:18:23.7690145Z (Reading database ... 25%
2026-10-04T03:18:23.7691054Z (Reading database ... 30%
2026-10-04T03:18:23.7694513Z (Reading database ... 35%
2026-10-04T03:18:23.7695089Z (Reading database ... 40%
2026-10-04T03:18:23.7695680Z (Reading database ... 45%
2026-10-04T03:18:23.7696225Z (Reading database ... 50%
2026-10-04T03:18:23.7730149Z (Reading database ... 55%
2026-10-04T03:18:23.8559112Z (Reading database ... 60%
2026-10-04T03:18:24.0201242Z (Reading database ... 65%
2026-10-04T03:18:24.2027219Z (Reading database ... 70%
2026-10-04T03:18:24.3696394Z (Reading database ... 75%
2026-10-04T03:18:24.5074029Z (Reading database ... 80%
2026-10-04T03:18:24.6726761Z (Reading database ... 85%
2026-10-04T03:18:24.7630568Z (Reading database ... 90%
2026-10-04T03:18:24.8582096Z (Reading database ... 95%
2026-10-04T03:18:24.8582917Z (Reading database ... 100%
2026-10-04T03:18:24.8583842Z (Reading database ... 202296 files and directories currently installed.)
2026-10-04T03:18:24.8630521Z Preparing to unpack .../00-fonts-ipafont-gothic_00303-21ubuntu1_all.deb ...
2026-10-04T03:18:24.8735680Z Unpacking fonts-ipafont-gothic (00303-21ubuntu1) ...
2026-10-04T03:18:25.1172671Z Selecting previously unselected package fonts-freefont-ttf.
2026-10-04T03:18:25.1307319Z Preparing to unpack .../01-fonts-freefont-ttf_20211204+svn4273-2_all.deb ...
2026-10-04T03:18:25.1315408Z Unpacking fonts-freefont-ttf (20211204+svn4273-2) ...
2026-10-04T03:18:25.2196602Z Selecting previously unselected package fonts-tlwg-loma-otf.
2026-10-04T03:18:25.2330579Z Preparing to unpack .../02-fonts-tlwg-loma-otf_1%3a0.7.3-1_all.deb ...
2026-10-04T03:18:25.2337327Z Unpacking fonts-tlwg-loma-otf (1:0.7.3-1) ...
2026-10-04T03:18:25.2556094Z Selecting previously unselected package fonts-unifont.
2026-10-04T03:18:25.2685647Z Preparing to unpack .../03-fonts-unifont_1%3a15.1.01-1build1_all.deb ...
2026-10-04T03:18:25.2691672Z Unpacking fonts-unifont (1:15.1.01-1build1) ...
2026-10-04T03:18:25.3879591Z Selecting previously unselected package fonts-wqy-zenhei.
2026-10-04T03:18:25.4013457Z Preparing to unpack .../04-fonts-wqy-zenhei_0.9.45-8_all.deb ...
2026-10-04T03:18:25.4118994Z Unpacking fonts-wqy-zenhei (0.9.45-8) ...
2026-10-04T03:18:25.9078283Z Preparing to unpack .../05-libgl1-mesa-dri_25.2.8-0ubuntu0.24.04.4_amd64.deb ...
2026-10-04T03:18:25.9225982Z Unpacking libgl1-mesa-dri:amd64 (25.2.8-0ubuntu0.24.04.4) over (25.2.8-0ubuntu0.24.04.2) ...
2026-10-04T03:18:25.9720381Z Preparing to unpack .../06-libglx-mesa0_25.2.8-0ubuntu0.24.04.4_amd64.deb ...
2026-10-04T03:18:25.9747482Z Unpacking libglx-mesa0:amd64 (25.2.8-0ubuntu0.24.04.4) over (25.2.8-0ubuntu0.24.04.2) ...
2026-10-04T03:18:26.0114341Z Preparing to unpack .../07-libgbm1_25.2.8-0ubuntu0.24.04.4_amd64.deb ...
2026-10-04T03:18:26.0132142Z Unpacking libgbm1:amd64 (25.2.8-0ubuntu0.24.04.4) over (25.2.8-0ubuntu0.24.04.2) ...
2026-10-04T03:18:26.0497532Z Preparing to unpack .../08-mesa-libgallium_25.2.8-0ubuntu0.24.04.4_amd64.deb ...
2026-10-04T03:18:26.0517638Z Unpacking mesa-libgallium:amd64 (25.2.8-0ubuntu0.24.04.4) over (25.2.8-0ubuntu0.24.04.2) ...
2026-10-04T03:18:26.2407638Z Selecting previously unselected package xfonts-encodings.
2026-10-04T03:18:26.2545023Z Preparing to unpack .../09-xfonts-encodings_1%3a1.0.5-0ubuntu2_all.deb ...
2026-10-04T03:18:26.2565421Z Unpacking xfonts-encodings (1:1.0.5-0ubuntu2) ...
2026-10-04T03:18:26.2844763Z Selecting previously unselected package xfonts-utils.
2026-10-04T03:18:26.2975484Z Preparing to unpack .../10-xfonts-utils_1%3a7.7+6build3_amd64.deb ...
2026-10-04T03:18:26.2982162Z Unpacking xfonts-utils (1:7.7+6build3) ...
2026-10-04T03:18:26.3318248Z Selecting previously unselected package xfonts-cyrillic.
2026-10-04T03:18:26.3451577Z Preparing to unpack .../11-xfonts-cyrillic_1%3a1.0.5+nmu1_all.deb ...
2026-10-04T03:18:26.3465344Z Unpacking xfonts-cyrillic (1:1.0.5+nmu1) ...
2026-10-04T03:18:26.3823028Z Selecting previously unselected package xfonts-scalable.
2026-10-04T03:18:26.3956159Z Preparing to unpack .../12-xfonts-scalable_1%3a1.0.3-1.3_all.deb ...
2026-10-04T03:18:26.3962043Z Unpacking xfonts-scalable (1:1.0.3-1.3) ...
2026-10-04T03:18:26.4419696Z Setting up mesa-libgallium:amd64 (25.2.8-0ubuntu0.24.04.4) ...
2026-10-04T03:18:26.4439072Z Setting up libgbm1:amd64 (25.2.8-0ubuntu0.24.04.4) ...
2026-10-04T03:18:26.4456567Z Setting up libgl1-mesa-dri:amd64 (25.2.8-0ubuntu0.24.04.4) ...
2026-10-04T03:18:26.4537744Z Setting up fonts-wqy-zenhei (0.9.45-8) ...
2026-10-04T03:18:26.4650445Z Setting up fonts-freefont-ttf (20211204+svn4273-2) ...
2026-10-04T03:18:26.4666429Z Setting up fonts-tlwg-loma-otf (1:0.7.3-1) ...
2026-10-04T03:18:26.4678328Z Setting up xfonts-encodings (1:1.0.5-0ubuntu2) ...
2026-10-04T03:18:26.4693156Z Setting up fonts-ipafont-gothic (00303-21ubuntu1) ...
2026-10-04T03:18:26.4925491Z update-alternatives: using /usr/share/fonts/opentype/ipafont-gothic/ipag.ttf to provide /usr/share/fonts/truetype/fonts-japanese-gothic.ttf (fonts-japanese-gothic.ttf) in auto mode
2026-10-04T03:18:26.4941504Z Setting up fonts-unifont (1:15.1.01-1build1) ...
2026-10-04T03:18:26.4957627Z Setting up libglx-mesa0:amd64 (25.2.8-0ubuntu0.24.04.4) ...
2026-10-04T03:18:26.4972774Z Setting up xfonts-utils (1:7.7+6build3) ...
2026-10-04T03:18:26.5013757Z Setting up xfonts-cyrillic (1:1.0.5+nmu1) ...
2026-10-04T03:18:26.5323970Z Setting up xfonts-scalable (1:1.0.3-1.3) ...
2026-10-04T03:18:26.5630163Z Processing triggers for libc-bin (2.39-0ubuntu8.9) ...
2026-10-04T03:18:26.5922417Z Processing triggers for man-db (2.12.0-4build2) ...
2026-10-04T03:18:26.5940254Z Not building database; man-db/auto-update is not 'true'.
2026-10-04T03:18:26.5952456Z Processing triggers for fontconfig (2.15.0-1.1ubuntu2) ...
2026-10-04T03:18:27.2939776Z 
2026-10-04T03:18:27.2940801Z Running kernel seems to be up-to-date.
2026-10-04T03:18:27.2941508Z 
2026-10-04T03:18:27.2941933Z No services need to be restarted.
2026-10-04T03:18:27.2942451Z 
2026-10-04T03:18:27.2942840Z No containers need to be restarted.
2026-10-04T03:18:27.2943288Z 
2026-10-04T03:18:27.2943721Z No user sessions are running outdated binaries.
2026-10-04T03:18:27.2944492Z 
2026-10-04T03:18:27.2945110Z No VM guests are running outdated hypervisor (qemu) binaries on this host.
2026-10-04T03:18:28.2475229Z Downloading Chrome for Testing 153.0.8010.12 (playwright chromium v1243) from https://cdn.playwright.dev/builds/cft/153.0.8010.12/linux64/chrome-linux64.zip
2026-10-04T03:18:28.7492567Z |                                                                                |   0% of 186.8 MiB
2026-10-04T03:18:29.2175333Z |■■■■■■■■                                                                        |  10% of 186.8 MiB
2026-10-04T03:18:29.3153646Z |■■■■■■■■■■■■■■■■                                                                |  20% of 186.8 MiB
2026-10-04T03:18:29.4474991Z |■■■■■■■■■■■■■■■■■■■■■■■■                                                        |  30% of 186.8 MiB
2026-10-04T03:18:29.5325631Z |■■■■■■■■■■■■■■■■■■■■■■■■■■■■■■■■                                                |  40% of 186.8 MiB
2026-10-04T03:18:29.6449442Z |■■■■■■■■■■■■■■■■■■■■■■■■■■■■■■■■■■■■■■■■                                        |  50% of 186.8 MiB
2026-10-04T03:18:29.7182572Z |■■■■■■■■■■■■■■■■■■■■■■■■■■■■■■■■■■■■■■■■■■■■■■■■                                |  60% of 186.8 MiB
2026-10-04T03:18:29.8542317Z |■■■■■■■■■■■■■■■■■■■■■■■■■■■■■■■■■■■■■■■■■■■■■■■■■■■■■■■■                        |  70% of 186.8 MiB
2026-10-04T03:18:30.0225817Z |■■■■■■■■■■■■■■■■■■■■■■■■■■■■■■■■■■■■■■■■■■■■■■■■■■■■■■■■■■■■■■■■                |  80% of 186.8 MiB
2026-10-04T03:18:30.1375031Z |■■■■■■■■■■■■■■■■■■■■■■■■■■■■■■■■■■■■■■■■■■■■■■■■■■■■■■■■■■■■■■■■■■■■■■■■        |  90% of 186.8 MiB
2026-10-04T03:18:30.2656500Z |■■■■■■■■■■■■■■■■■■■■■■■■■■■■■■■■■■■■■■■■■■■■■■■■■■■■■■■■■■■■■■■■■■■■■■■■■■■■■■■■| 100% of 186.8 MiB
2026-10-04T03:18:34.2314924Z Chrome for Testing 153.0.8010.12 (playwright chromium v1243) downloaded to /home/runner/.cache/ms-playwright/chromium-1243
2026-10-04T03:18:34.2320646Z Downloading FFmpeg (playwright ffmpeg v1011) from https://cdn.playwright.dev/dbazure/download/playwright/builds/ffmpeg/1011/ffmpeg-linux.zip
2026-10-04T03:18:34.6443831Z |                                                                                |   0% of 2.3 MiB
2026-10-04T03:18:34.6756200Z |■■■■■■■■                                                                        |  10% of 2.3 MiB
2026-10-04T03:18:34.6896661Z |■■■■■■■■■■■■■■■■                                                                |  20% of 2.3 MiB
2026-10-04T03:18:34.6979701Z |■■■■■■■■■■■■■■■■■■■■■■■■                                                        |  30% of 2.3 MiB
2026-10-04T03:18:34.7071544Z |■■■■■■■■■■■■■■■■■■■■■■■■■■■■■■■■                                                |  40% of 2.3 MiB
2026-10-04T03:18:34.7177158Z |■■■■■■■■■■■■■■■■■■■■■■■■■■■■■■■■■■■■■■■■                                        |  50% of 2.3 MiB
2026-10-04T03:18:34.7203284Z |■■■■■■■■■■■■■■■■■■■■■■■■■■■■■■■■■■■■■■■■■■■■■■■■                                |  60% of 2.3 MiB
2026-10-04T03:18:34.7220080Z |■■■■■■■■■■■■■■■■■■■■■■■■■■■■■■■■■■■■■■■■■■■■■■■■■■■■■■■■                        |  70% of 2.3 MiB
2026-10-04T03:18:34.7324722Z |■■■■■■■■■■■■■■■■■■■■■■■■■■■■■■■■■■■■■■■■■■■■■■■■■■■■■■■■■■■■■■■■                |  80% of 2.3 MiB
2026-10-04T03:18:34.7329781Z |■■■■■■■■■■■■■■■■■■■■■■■■■■■■■■■■■■■■■■■■■■■■■■■■■■■■■■■■■■■■■■■■■■■■■■■■        |  90% of 2.3 MiB
2026-10-04T03:18:34.7399625Z |■■■■■■■■■■■■■■■■■■■■■■■■■■■■■■■■■■■■■■■■■■■■■■■■■■■■■■■■■■■■■■■■■■■■■■■■■■■■■■■■| 100% of 2.3 MiB
2026-10-04T03:18:34.8083440Z FFmpeg (playwright ffmpeg v1011) downloaded to /home/runner/.cache/ms-playwright/ffmpeg-1011
2026-10-04T03:18:34.8088592Z Downloading Chrome Headless Shell 153.0.8010.12 (playwright chromium-headless-shell v1243) from https://cdn.playwright.dev/builds/cft/153.0.8010.12/linux64/chrome-headless-shell-linux64.zip
2026-10-04T03:18:35.2844076Z |                                                                                |   0% of 114.3 MiB
2026-10-04T03:18:35.5853825Z |■■■■■■■■                                                                        |  10% of 114.3 MiB
2026-10-04T03:18:35.6855675Z |■■■■■■■■■■■■■■■■                                                                |  20% of 114.3 MiB
2026-10-04T03:18:35.7526381Z |■■■■■■■■■■■■■■■■■■■■■■■■                                                        |  30% of 114.3 MiB
2026-10-04T03:18:35.8368982Z |■■■■■■■■■■■■■■■■■■■■■■■■■■■■■■■■                                                |  40% of 114.3 MiB
2026-10-04T03:18:35.9254372Z |■■■■■■■■■■■■■■■■■■■■■■■■■■■■■■■■■■■■■■■■                                        |  50% of 114.3 MiB
2026-10-04T03:18:35.9857761Z |■■■■■■■■■■■■■■■■■■■■■■■■■■■■■■■■■■■■■■■■■■■■■■■■                                |  60% of 114.3 MiB
2026-10-04T03:18:36.0756282Z |■■■■■■■■■■■■■■■■■■■■■■■■■■■■■■■■■■■■■■■■■■■■■■■■■■■■■■■■                        |  70% of 114.3 MiB
2026-10-04T03:18:36.1366119Z |■■■■■■■■■■■■■■■■■■■■■■■■■■■■■■■■■■■■■■■■■■■■■■■■■■■■■■■■■■■■■■■■                |  80% of 114.3 MiB
2026-10-04T03:18:36.1875108Z |■■■■■■■■■■■■■■■■■■■■■■■■■■■■■■■■■■■■■■■■■■■■■■■■■■■■■■■■■■■■■■■■■■■■■■■■        |  90% of 114.3 MiB
2026-10-04T03:18:36.3087962Z |■■■■■■■■■■■■■■■■■■■■■■■■■■■■■■■■■■■■■■■■■■■■■■■■■■■■■■■■■■■■■■■■■■■■■■■■■■■■■■■■| 100% of 114.3 MiB
2026-10-04T03:18:39.1785328Z Chrome Headless Shell 153.0.8010.12 (playwright chromium-headless-shell v1243) downloaded to /home/runner/.cache/ms-playwright/chromium_headless_shell-1243
2026-10-04T03:18:39.2160597Z ##[group]Run npm run build:hosted
2026-10-04T03:18:39.2161180Z [36;1mnpm run build:hosted[0m
2026-10-04T03:18:39.2248389Z shell: /usr/bin/bash -e {0}
2026-10-04T03:18:39.2248959Z env:
2026-10-04T03:18:39.2249368Z   pythonLocation: /opt/hostedtoolcache/Python/3.12.14/x64
2026-10-04T03:18:39.2249990Z   PKG_CONFIG_PATH: /opt/hostedtoolcache/Python/3.12.14/x64/lib/pkgconfig
2026-10-04T03:18:39.2250605Z   Python_ROOT_DIR: /opt/hostedtoolcache/Python/3.12.14/x64
2026-10-04T03:18:39.2251124Z   Python2_ROOT_DIR: /opt/hostedtoolcache/Python/3.12.14/x64
2026-10-04T03:18:39.2251763Z   Python3_ROOT_DIR: /opt/hostedtoolcache/Python/3.12.14/x64
2026-10-04T03:18:39.2265677Z   LD_LIBRARY_PATH: /opt/hostedtoolcache/Python/3.12.14/x64/lib
2026-10-04T03:18:39.2266251Z ##[endgroup]
2026-10-04T03:18:39.3346087Z 
2026-10-04T03:18:39.3346984Z > world-atlas@0.1.0 build:hosted
2026-10-04T03:18:39.3347785Z > node scripts/build-hosted.mjs
2026-10-04T03:18:39.3348190Z 
2026-10-04T03:19:44.9351334Z [36mvite v7.3.6 [32mbuilding client environment for production...[36m[39m
2026-10-04T03:19:44.9827381Z transforming...
2026-10-04T03:19:46.1660454Z [32m✓[39m 40 modules transformed.
2026-10-04T03:19:46.3042271Z rendering chunks...
2026-10-04T03:19:46.3129978Z computing gzip size...
2026-10-04T03:19:46.3269046Z [2mdist/[22m[32mindex.html                           [39m[1m[2m  0.46 kB[22m[1m[22m[2m │ gzip:   0.30 kB[22m
2026-10-04T03:19:46.3271836Z [2mdist/[22m[2massets/[22m[32mpixel-gpu-worker-DOOaZKfq.js  [39m[1m[2m  2.33 kB[22m[1m[22m
2026-10-04T03:19:46.3273554Z [2mdist/[22m[2massets/[22m[32mpixel-worker-DTOGFbAn.js      [39m[1m[2m  2.59 kB[22m[1m[22m
2026-10-04T03:19:46.3276460Z [2mdist/[22m[2massets/[22m[35mindex-bXIaIiI7.css            [39m[1m[2m 31.40 kB[22m[1m[22m[2m │ gzip:  10.62 kB[22m
2026-10-04T03:19:46.3278179Z [2mdist/[22m[2massets/[22m[36mindex-BHcfV7ll.js             [39m[1m[2m354.34 kB[22m[1m[22m[2m │ gzip: 107.80 kB[22m
2026-10-04T03:19:46.3295119Z [32m✓ built in 1.37s[39m
2026-10-04T03:20:05.8860237Z Static atlas ready: 49625 polygons and 4 dated records.
2026-10-04T03:20:14.5556636Z Deployment: 262127864 file bytes; tar 262574080 bytes; gzip 186388974 bytes.
2026-10-04T03:20:14.5557996Z Package reserve: 4194304 bytes; asset reserve: 1048576 bytes (1 MiB = 1048576 bytes).
2026-10-04T03:20:14.5559757Z Categories:
2026-10-04T03:20:14.5560341Z   hosting-config: 95 bytes (1 files)
2026-10-04T03:20:14.5561056Z   review-and-reference: 105380903 bytes (82 files)
2026-10-04T03:20:14.5561713Z   application: 391126 bytes (5 files)
2026-10-04T03:20:14.5562350Z   prepared-evidence: 2442574 bytes (89 files)
2026-10-04T03:20:14.5563088Z   geography: 39967574 bytes (88 files)
2026-10-04T03:20:14.5563730Z   ownership: 112363748 bytes (238 files)
2026-10-04T03:20:14.5564601Z   migration-transport: 1198772 bytes (42 files)
2026-10-04T03:20:14.5565242Z   worker: 383072 bytes (2 files)
2026-10-04T03:20:14.5565752Z Largest files:
2026-10-04T03:20:14.5566316Z   dist/client/pixel-audit.json: 14261738 bytes
2026-10-04T03:20:14.5567185Z   dist/client/geographic-migration-archive.json.gz: 10765139 bytes
2026-10-04T03:20:14.5567997Z   dist/client/atlas-geography.json: 10525834 bytes
2026-10-04T03:20:14.5568696Z   dist/client/granularity-audit.json: 10364271 bytes
2026-10-04T03:20:14.5569520Z   dist/client/ownership-history/candidate-recovery.json: 8663175 bytes
2026-10-04T03:20:14.5570709Z   dist/client/global-semantic-closure.json.gz: 8647580 bytes
2026-10-04T03:20:14.5571420Z   dist/client/world-review.json: 7716794 bytes
2026-10-04T03:20:14.5572063Z   dist/client/semantic-report.json: 6091596 bytes
2026-10-04T03:20:14.5572881Z   dist/client/ownership-history/location-identity-map.json.gz: 5087769 bytes
2026-10-04T03:20:14.5573804Z   dist/client/geographic-migration-review.json.gz: 3674892 bytes
2026-10-04T03:20:14.5575238Z Hosted atlas ready: Worker API, persistent database declarations, media storage and fixed map assets.
2026-10-04T03:20:14.8191017Z ##[group]Run node scripts/run-integration-tests.mjs
2026-10-04T03:20:14.8191719Z [36;1mnode scripts/run-integration-tests.mjs[0m
2026-10-04T03:20:14.8304958Z shell: /usr/bin/bash -e {0}
2026-10-04T03:20:14.8305242Z env:
2026-10-04T03:20:14.8305532Z   pythonLocation: /opt/hostedtoolcache/Python/3.12.14/x64
2026-10-04T03:20:14.8306011Z   PKG_CONFIG_PATH: /opt/hostedtoolcache/Python/3.12.14/x64/lib/pkgconfig
2026-10-04T03:20:14.8306461Z   Python_ROOT_DIR: /opt/hostedtoolcache/Python/3.12.14/x64
2026-10-04T03:20:14.8306861Z   Python2_ROOT_DIR: /opt/hostedtoolcache/Python/3.12.14/x64
2026-10-04T03:20:14.8307263Z   Python3_ROOT_DIR: /opt/hostedtoolcache/Python/3.12.14/x64
2026-10-04T03:20:14.8307651Z   LD_LIBRARY_PATH: /opt/hostedtoolcache/Python/3.12.14/x64/lib
2026-10-04T03:20:14.8307987Z   INTEGRATION_PROFILE: full
2026-10-04T03:20:14.8308231Z   INTEGRATION_SHARD: 0
2026-10-04T03:20:14.8308455Z ##[endgroup]
2026-10-04T03:20:14.8765670Z {"profile":"full","shard":0,"files":["test/compact-ownership.test.mjs","test/prepared-parity.test.mjs","test/attributes.test.mjs","test/category-presentation.test.mjs","test/content-backend.test.mjs","test/credential-envelope.test.mjs","test/environment-classification-db.test.mjs","test/evidence-suppression.test.mjs","test/geographic-archive.test.mjs","test/geographic-release-manifest.test.mjs","test/geography-worker-lane.test.mjs","test/hosted-migration-transport.test.mjs","test/hosted-temporal-geography.test.mjs","test/integration-proof.test.mjs","test/macro-reference-split.test.mjs","test/map-color-neighbors.test.mjs","test/merge-integration-client.test.mjs","test/migration-hashes.test.mjs","test/neon-verification.test.mjs","test/ownership-delivery.test.mjs","test/pixel-grid.test.mjs","test/postgres-adapter.test.mjs","test/prepared-evidence.test.mjs","test/reference-context.test.mjs","test/research-catalog.test.mjs","test/semantic-followup.test.mjs","test/storage-checkpoint.test.mjs","test/supplement-source-hints.test.mjs","test/trusted-workflow-checkouts.test.mjs","test/typed-observations.test.mjs","test/worker-result.test.mjs"]}
2026-10-04T03:24:19.2385578Z TAP version 13
2026-10-04T03:24:19.2386620Z # Subtest: attributes resolve independently with direct evidence ahead of spatial derivations and examples
2026-10-04T03:24:19.2387926Z ok 1 - attributes resolve independently with direct evidence ahead of spatial derivations and examples
2026-10-04T03:24:19.2388647Z   ---
2026-10-04T03:24:19.2389036Z   duration_ms: 3.461271
2026-10-04T03:24:19.2389361Z   type: 'test'
2026-10-04T03:24:19.2389657Z   ...
2026-10-04T03:24:19.2390520Z # Subtest: field evidence does not erase an independently supported attribute and examples do not mask modern reference
2026-10-04T03:24:19.2391773Z ok 2 - field evidence does not erase an independently supported attribute and examples do not mask modern reference
2026-10-04T03:24:19.2392511Z   ---
2026-10-04T03:24:19.2392795Z   duration_ms: 0.345218
2026-10-04T03:24:19.2393131Z   type: 'test'
2026-10-04T03:24:19.2393434Z   ...
2026-10-04T03:24:19.2394445Z # Subtest: typed imports reject overlapping field records and preserve stable category IDs
2026-10-04T03:24:19.2395456Z ok 3 - typed imports reject overlapping field records and preserve stable category IDs
2026-10-04T03:24:19.2396061Z   ---
2026-10-04T03:24:19.2396348Z   duration_ms: 26.731193
2026-10-04T03:24:19.2396682Z   type: 'test'
2026-10-04T03:24:19.2396965Z   ...
2026-10-04T03:24:19.2397703Z # Subtest: no-year-zero resolution, exclusive interval ends and opt-in examples remain deterministic
2026-10-04T03:24:19.2399317Z ok 4 - no-year-zero resolution, exclusive interval ends and opt-in examples remain deterministic
2026-10-04T03:24:19.2400023Z   ---
2026-10-04T03:24:19.2400324Z   duration_ms: 0.962637
2026-10-04T03:24:19.2400668Z   type: 'test'
2026-10-04T03:24:19.2400972Z   ...
2026-10-04T03:24:19.2401618Z # Subtest: compact references preserve supported dates and field provenance
2026-10-04T03:24:19.2402935Z ok 5 - compact references preserve supported dates and field provenance
2026-10-04T03:24:19.2403515Z   ---
2026-10-04T03:24:19.2403805Z   duration_ms: 1.864902
2026-10-04T03:24:19.2408005Z   type: 'test'
2026-10-04T03:24:19.2408424Z   ...
2026-10-04T03:24:19.2409060Z # Subtest: reference territories resolve to their political owner without changing geographic identity
2026-10-04T03:24:19.2409877Z ok 6 - reference territories resolve to their political owner without changing geographic identity
2026-10-04T03:24:19.2410358Z   ---
2026-10-04T03:24:19.2410565Z   duration_ms: 0.356485
2026-10-04T03:24:19.2410798Z   type: 'test'
2026-10-04T03:24:19.2410996Z   ...
2026-10-04T03:24:19.2411505Z # Subtest: map and legend presentation keys preserve source identities and distinguish concurrent names
2026-10-04T03:24:19.2412266Z ok 7 - map and legend presentation keys preserve source identities and distinguish concurrent names
2026-10-04T03:24:19.2412697Z   ---
2026-10-04T03:24:19.2412891Z   duration_ms: 2.125133
2026-10-04T03:24:19.2413107Z   type: 'test'
2026-10-04T03:24:19.2413319Z   ...
2026-10-04T03:24:19.2413854Z # Subtest: shared named modes distinguish display groups; fixed classifications and hierarchy use stable IDs
2026-10-04T03:24:19.2416204Z ok 8 - shared named modes distinguish display groups; fixed classifications and hierarchy use stable IDs
2026-10-04T03:24:19.2417294Z   ---
2026-10-04T03:24:19.2417677Z   duration_ms: 1.125171
2026-10-04T03:24:19.2418049Z   type: 'test'
2026-10-04T03:24:19.2418536Z   ...
2026-10-04T03:24:19.2419356Z # {"baselineRuns":28809329,"boundaryAndGapCells":115237316,"legacyBytes":463046592,"compactBytes":232571960}
2026-10-04T03:24:19.2420621Z # Subtest: every published canonical run survives compact packing, including its boundary cells and gaps
2026-10-04T03:24:19.2421866Z ok 9 - every published canonical run survives compact packing, including its boundary cells and gaps
2026-10-04T03:24:19.2422498Z   ---
2026-10-04T03:24:19.2422788Z   duration_ms: 59281.580924
2026-10-04T03:24:19.2423136Z   type: 'test'
2026-10-04T03:24:19.2423413Z   ...
2026-10-04T03:24:19.2425488Z # Subtest: compact full coordinate range, split high owner bits, seam cells and owner capacity are exact
2026-10-04T03:24:19.2426657Z ok 10 - compact full coordinate range, split high owner bits, seam cells and owner capacity are exact
2026-10-04T03:24:19.2427341Z   ---
2026-10-04T03:24:19.2427616Z   duration_ms: 101.85463
2026-10-04T03:24:19.2427934Z   type: 'test'
2026-10-04T03:24:19.2428229Z   ...
2026-10-04T03:24:19.2428862Z # Subtest: v1 and v2 asset loaders preserve gzip/raw words, split row chunks and reject ambiguous manifests
2026-10-04T03:24:19.2429625Z ok 11 - v1 and v2 asset loaders preserve gzip/raw words, split row chunks and reject ambiguous manifests
2026-10-04T03:24:19.2430064Z   ---
2026-10-04T03:24:19.2430262Z   duration_ms: 124.812844
2026-10-04T03:24:19.2430494Z   type: 'test'
2026-10-04T03:24:19.2430682Z   ...
2026-10-04T03:24:19.2431259Z # Subtest: shuffled and row-local varint transports reconstruct every packed bit across chunk and empty-row boundaries
2026-10-04T03:24:19.2432182Z ok 12 - shuffled and row-local varint transports reconstruct every packed bit across chunk and empty-row boundaries
2026-10-04T03:24:19.2432708Z   ---
2026-10-04T03:24:19.2432914Z   duration_ms: 355.272817
2026-10-04T03:24:19.2433144Z   type: 'test'
2026-10-04T03:24:19.2433335Z   ...
2026-10-04T03:24:19.2434448Z # {"results":[{"version":1,"mismatches":0,"error":0},{"version":2,"mismatches":0,"error":0}],"high":{"pixel":[193,71,29,255],"error":0,"size":262144,"maxTextureSize":8192,"navigationOwnershipUploads":0}}
2026-10-04T03:24:19.2436488Z # Subtest: real WebGL framebuffer agrees for legacy/compact holes, odd runs, maximum coordinates and high IDs
2026-10-04T03:24:19.2437786Z ok 13 - real WebGL framebuffer agrees for legacy/compact holes, odd runs, maximum coordinates and high IDs
2026-10-04T03:24:19.2438538Z   ---
2026-10-04T03:24:19.2438834Z   duration_ms: 3214.296563
2026-10-04T03:24:19.2439189Z   type: 'test'
2026-10-04T03:24:19.2439481Z   ...
2026-10-04T03:24:19.2440482Z # Subtest: backend cutover is explicit and cannot expose credentials or silently return D1
2026-10-04T03:24:19.2441579Z ok 14 - backend cutover is explicit and cannot expose credentials or silently return D1
2026-10-04T03:24:19.2442233Z   ---
2026-10-04T03:24:19.2442524Z   duration_ms: 1.751962
2026-10-04T03:24:19.2442860Z   type: 'test'
2026-10-04T03:24:19.2443146Z   ...
2026-10-04T03:24:19.2443934Z # Subtest: transfer maintenance blocks every API mutation before touching a database or object bucket
2026-10-04T03:24:19.2445463Z ok 15 - transfer maintenance blocks every API mutation before touching a database or object bucket
2026-10-04T03:24:19.2446177Z   ---
2026-10-04T03:24:19.2446463Z   duration_ms: 51.086446
2026-10-04T03:24:19.2446799Z   type: 'test'
2026-10-04T03:24:19.2447083Z   ...
2026-10-04T03:24:19.2447940Z # Subtest: PostgreSQL diagnostics and raw export routes use the selected backend and retain honest quota status
2026-10-04T03:24:19.2449297Z ok 16 - PostgreSQL diagnostics and raw export routes use the selected backend and retain honest quota status
2026-10-04T03:24:19.2450004Z   ---
2026-10-04T03:24:19.2450268Z   duration_ms: 4230.655489
2026-10-04T03:24:19.2450583Z   type: 'test'
2026-10-04T03:24:19.2450870Z   ...
2026-10-04T03:24:19.2451755Z # Subtest: standard envelope roundtrip uses fresh randomness, authenticated context and no plaintext fields
2026-10-04T03:24:19.2453085Z ok 17 - standard envelope roundtrip uses fresh randomness, authenticated context and no plaintext fields
2026-10-04T03:24:19.2453827Z   ---
2026-10-04T03:24:19.2454531Z   duration_ms: 20.658929
2026-10-04T03:24:19.2454879Z   type: 'test'
2026-10-04T03:24:19.2455163Z   ...
2026-10-04T03:24:19.2455913Z # Subtest: tampered ciphertext, authentication tag, IV, wrapped key and recipient are rejected
2026-10-04T03:24:19.2457062Z ok 18 - tampered ciphertext, authentication tag, IV, wrapped key and recipient are rejected
2026-10-04T03:24:19.2457743Z   ---
2026-10-04T03:24:19.2458019Z   duration_ms: 24.039598
2026-10-04T03:24:19.2458344Z   type: 'test'
2026-10-04T03:24:19.2458592Z   ...
2026-10-04T03:24:19.2459079Z # Subtest: malformed or oversized envelopes, unapproved algorithms and invalid intervals fail closed
2026-10-04T03:24:19.2459809Z ok 19 - malformed or oversized envelopes, unapproved algorithms and invalid intervals fail closed
2026-10-04T03:24:19.2460235Z   ---
2026-10-04T03:24:19.2460427Z   duration_ms: 4.302384
2026-10-04T03:24:19.2460645Z   type: 'test'
2026-10-04T03:24:19.2460842Z   ...
2026-10-04T03:24:19.2461319Z # Subtest: owner credentials, other endpoints, missing TLS and non-RSA keys cannot be transported
2026-10-04T03:24:19.2462030Z ok 20 - owner credentials, other endpoints, missing TLS and non-RSA keys cannot be transported
2026-10-04T03:24:19.2462465Z   ---
2026-10-04T03:24:19.2462654Z   duration_ms: 1.874827
2026-10-04T03:24:19.2462869Z   type: 'test'
2026-10-04T03:24:19.2463059Z   ...
2026-10-04T03:24:19.2463680Z # Subtest: private delivery writes owner-only outside-Git file and refuses wrong digest, unsafe permissions, symlinks and overwrite
2026-10-04T03:24:19.2465355Z ok 21 - private delivery writes owner-only outside-Git file and refuses wrong digest, unsafe permissions, symlinks and overwrite
2026-10-04T03:24:19.2466215Z   ---
2026-10-04T03:24:19.2466523Z   duration_ms: 22.887818
2026-10-04T03:24:19.2466866Z   type: 'test'
2026-10-04T03:24:19.2467184Z   ...
2026-10-04T03:24:19.2468165Z # Subtest: CLI encryption/decryption returns metadata only and failures never print plaintext or key material
2026-10-04T03:24:19.2469774Z ok 22 - CLI encryption/decryption returns metadata only and failures never print plaintext or key material
2026-10-04T03:24:19.2470493Z   ---
2026-10-04T03:24:19.2470797Z   duration_ms: 191.263025
2026-10-04T03:24:19.2471157Z   type: 'test'
2026-10-04T03:24:19.2471448Z   ...
2026-10-04T03:24:19.2472167Z # Subtest: fixed environmental database guards reproduce exactly from the shared registry
2026-10-04T03:24:19.2473438Z ok 23 - fixed environmental database guards reproduce exactly from the shared registry
2026-10-04T03:24:19.2474094Z   ---
2026-10-04T03:24:19.2475675Z   duration_ms: 3.824716
2026-10-04T03:24:19.2475923Z   type: 'test'
2026-10-04T03:24:19.2476130Z   ...
2026-10-04T03:24:19.2476664Z # Subtest: all fixed IDs, display labels, explicit legacy aliases and null pass raw local and hosted SQL
2026-10-04T03:24:19.2477456Z ok 24 - all fixed IDs, display labels, explicit legacy aliases and null pass raw local and hosted SQL
2026-10-04T03:24:19.2478242Z   ---
2026-10-04T03:24:19.2478548Z   duration_ms: 474.658617
2026-10-04T03:24:19.2478901Z   type: 'test'
2026-10-04T03:24:19.2479203Z   ...
2026-10-04T03:24:19.2480057Z # Subtest: unlisted environmental values reject every local import and raw snapshot/history/typed insertion
2026-10-04T03:24:19.2481212Z ok 25 - unlisted environmental values reject every local import and raw snapshot/history/typed insertion
2026-10-04T03:24:19.2481749Z   ---
2026-10-04T03:24:19.2481958Z   duration_ms: 41.540222
2026-10-04T03:24:19.2482195Z   type: 'test'
2026-10-04T03:24:19.2482405Z   ...
2026-10-04T03:24:19.2482965Z # Subtest: adding local guards preserves existing unrecognized evidence byte for byte and blocks changed values
2026-10-04T03:24:19.2483820Z ok 26 - adding local guards preserves existing unrecognized evidence byte for byte and blocks changed values
2026-10-04T03:24:19.2484593Z   ---
2026-10-04T03:24:19.2484796Z   duration_ms: 9.879393
2026-10-04T03:24:19.2485027Z   type: 'test'
2026-10-04T03:24:19.2485231Z   ...
2026-10-04T03:24:19.2485771Z # Subtest: hosted migration retains old claim bytes, permits exact retries and still rejects stable-ID collisions
2026-10-04T03:24:19.2486615Z ok 27 - hosted migration retains old claim bytes, permits exact retries and still rejects stable-ID collisions
2026-10-04T03:24:19.2487092Z   ---
2026-10-04T03:24:19.2487289Z   duration_ms: 30.455138
2026-10-04T03:24:19.2487515Z   type: 'test'
2026-10-04T03:24:19.2487711Z   ...
2026-10-04T03:24:19.2488294Z # Subtest: unverified withdrawals suppress every attribute source and modern owner fallback without modifying content
2026-10-04T03:24:19.2489182Z ok 28 - unverified withdrawals suppress every attribute source and modern owner fallback without modifying content
2026-10-04T03:24:19.2489681Z   ---
2026-10-04T03:24:19.2489875Z   duration_ms: 3.071175
2026-10-04T03:24:19.2490111Z   type: 'test'
2026-10-04T03:24:19.2490326Z   ...
2026-10-04T03:24:19.2490873Z # Subtest: a reference correction retains exact claim bytes, original coordinates and the complete original chain
2026-10-04T03:24:19.2491714Z ok 29 - a reference correction retains exact claim bytes, original coordinates and the complete original chain
2026-10-04T03:24:19.2492199Z   ---
2026-10-04T03:24:19.2492392Z   duration_ms: 12.051537
2026-10-04T03:24:19.2492617Z   type: 'test'
2026-10-04T03:24:19.2492812Z   ...
2026-10-04T03:24:19.2493382Z # Subtest: all receipted predecessor identities restore without overwriting active geography or transferring evidence
2026-10-04T03:24:19.2494606Z ok 30 - all receipted predecessor identities restore without overwriting active geography or transferring evidence
2026-10-04T03:24:19.2495207Z   ---
2026-10-04T03:24:19.2495403Z   duration_ms: 849.885476
2026-10-04T03:24:19.2495643Z   type: 'test'
2026-10-04T03:24:19.2495868Z   ...
2026-10-04T03:24:19.2496447Z # Subtest: legacy index remains unchanged; verified extension resolves new release
2026-10-04T03:24:19.2497063Z ok 31 - legacy index remains unchanged; verified extension resolves new release
2026-10-04T03:24:19.2497668Z   ---
2026-10-04T03:24:19.2497868Z   duration_ms: 5.631073
2026-10-04T03:24:19.2498099Z   type: 'test'
2026-10-04T03:24:19.2498306Z   ...
2026-10-04T03:24:19.2498711Z # Subtest: pointer rejects traversal, wrong digest and changed predecessor bytes
2026-10-04T03:24:19.2499303Z ok 32 - pointer rejects traversal, wrong digest and changed predecessor bytes
2026-10-04T03:24:19.2499675Z   ---
2026-10-04T03:24:19.2499871Z   duration_ms: 3.653991
2026-10-04T03:24:19.2500092Z   type: 'test'
2026-10-04T03:24:19.2500293Z   ...
2026-10-04T03:24:19.2500800Z # Subtest: extension rejects altered predecessor release or batch metadata
2026-10-04T03:24:19.2501356Z ok 33 - extension rejects altered predecessor release or batch metadata
2026-10-04T03:24:19.2501711Z   ---
2026-10-04T03:24:19.2501902Z   duration_ms: 2.320598
2026-10-04T03:24:19.2502117Z   type: 'test'
2026-10-04T03:24:19.2502316Z   ...
2026-10-04T03:24:19.2502788Z # Subtest: extension rejects duplicate identities, decreasing versions and repeated batch paths
2026-10-04T03:24:19.2503515Z ok 34 - extension rejects duplicate identities, decreasing versions and repeated batch paths
2026-10-04T03:24:19.2503945Z   ---
2026-10-04T03:24:19.2504313Z   duration_ms: 3.309254
2026-10-04T03:24:19.2504555Z   type: 'test'
2026-10-04T03:24:19.2504759Z   ...
2026-10-04T03:24:19.2505062Z # Subtest: manifest pointers cannot load symbolic links
2026-10-04T03:24:19.2505490Z ok 35 - manifest pointers cannot load symbolic links
2026-10-04T03:24:19.2505792Z   ---
2026-10-04T03:24:19.2506001Z   duration_ms: 1.263499
2026-10-04T03:24:19.2506237Z   type: 'test'
2026-10-04T03:24:19.2506435Z   ...
2026-10-04T03:24:19.2506937Z # Subtest: compressed transport retains exact JSON bytes and rejects transport or payload tampering
2026-10-04T03:24:19.2507694Z ok 36 - compressed transport retains exact JSON bytes and rejects transport or payload tampering
2026-10-04T03:24:19.2508137Z   ---
2026-10-04T03:24:19.2508335Z   duration_ms: 0.547653
2026-10-04T03:24:19.2508562Z   type: 'test'
2026-10-04T03:24:19.2508763Z   ...
2026-10-04T03:24:19.2509121Z # Subtest: geography has its own branch and exactly one matching type
2026-10-04T03:24:19.2509631Z ok 37 - geography has its own branch and exactly one matching type
2026-10-04T03:24:19.2509968Z   ---
2026-10-04T03:24:19.2510162Z   duration_ms: 2.6743
2026-10-04T03:24:19.2510388Z   type: 'test'
2026-10-04T03:24:19.2510583Z   ...
2026-10-04T03:24:19.2511051Z # Subtest: declared geography ownership is finite, safe and limited to source evidence namespaces
2026-10-04T03:24:19.2511770Z ok 38 - declared geography ownership is finite, safe and limited to source evidence namespaces
2026-10-04T03:24:19.2512201Z   ---
2026-10-04T03:24:19.2512398Z   duration_ms: 0.611569
2026-10-04T03:24:19.2512623Z   type: 'test'
2026-10-04T03:24:19.2512814Z   ...
2026-10-04T03:24:19.2513278Z # Subtest: geography cannot edit core, history, another packet or an undeclared proposal directory
2026-10-04T03:24:19.2513995Z ok 39 - geography cannot edit core, history, another packet or an undeclared proposal directory
2026-10-04T03:24:19.2514749Z   ---
2026-10-04T03:24:19.2514948Z   duration_ms: 0.612591
2026-10-04T03:24:19.2515173Z   type: 'test'
2026-10-04T03:24:19.2515367Z   ...
2026-10-04T03:24:19.2515841Z # Subtest: engineering consumes but preserves geography evidence while existing lanes still work
2026-10-04T03:24:19.2516590Z ok 40 - engineering consumes but preserves geography evidence while existing lanes still work
2026-10-04T03:24:19.2517022Z   ---
2026-10-04T03:24:19.2517214Z   duration_ms: 0.406551
2026-10-04T03:24:19.2517443Z   type: 'test'
2026-10-04T03:24:19.2517636Z   ...
2026-10-04T03:24:19.2518148Z # Subtest: geography claims retain exact ownership through renewal and rotation, without content approval
2026-10-04T03:24:19.2518933Z ok 41 - geography claims retain exact ownership through renewal and rotation, without content approval
2026-10-04T03:24:19.2519386Z   ---
2026-10-04T03:24:19.2519581Z   duration_ms: 1.959054
2026-10-04T03:24:19.2519799Z   type: 'test'
2026-10-04T03:24:19.2520162Z   ...
2026-10-04T03:24:19.2520565Z # Subtest: claims and PRs refuse issue ownership expansion and incompatible modes
2026-10-04T03:24:19.2521159Z ok 42 - claims and PRs refuse issue ownership expansion and incompatible modes
2026-10-04T03:24:19.2521534Z   ---
2026-10-04T03:24:19.2521729Z   duration_ms: 0.969637
2026-10-04T03:24:19.2521947Z   type: 'test'
2026-10-04T03:24:19.2522140Z   ...
2026-10-04T03:24:19.2522623Z # Subtest: actual linked GitHub issue supplies geography ownership, not a PR-controlled declaration
2026-10-04T03:24:19.2523471Z ok 43 - actual linked GitHub issue supplies geography ownership, not a PR-controlled declaration
2026-10-04T03:24:19.2523916Z   ---
2026-10-04T03:24:19.2524111Z   duration_ms: 2.423773
2026-10-04T03:24:19.2524580Z   type: 'test'
2026-10-04T03:24:19.2524773Z   ...
2026-10-04T03:24:19.2525281Z # Subtest: real geography Git scope checks renamed source paths, symlinks and issue-backed CLI ownership
2026-10-04T03:24:19.2526049Z ok 44 - real geography Git scope checks renamed source paths, symlinks and issue-backed CLI ownership
2026-10-04T03:24:19.2526512Z   ---
2026-10-04T03:24:19.2526706Z   duration_ms: 242.446242
2026-10-04T03:24:19.2526934Z   type: 'test'
2026-10-04T03:24:19.2527130Z   ...
2026-10-04T03:24:19.2527658Z # Subtest: transport compiler changes exactly the pinned 21 guards and preserves all other raw SQL and metadata
2026-10-04T03:24:19.2528477Z ok 45 - transport compiler changes exactly the pinned 21 guards and preserves all other raw SQL and metadata
2026-10-04T03:24:19.2528959Z   ---
2026-10-04T03:24:19.2529159Z   duration_ms: 20.834923
2026-10-04T03:24:19.2529383Z   type: 'test'
2026-10-04T03:24:19.2529573Z   ...
2026-10-04T03:24:19.2530127Z # Subtest: raw and derivative guards have identical original schemas and preserve all 21 conditions and error messages
2026-10-04T03:24:19.2531002Z ok 46 - raw and derivative guards have identical original schemas and preserve all 21 conditions and error messages
2026-10-04T03:24:19.2531502Z   ---
2026-10-04T03:24:19.2531695Z   duration_ms: 20.691877
2026-10-04T03:24:19.2531918Z   type: 'test'
2026-10-04T03:24:19.2532111Z   ...
2026-10-04T03:24:19.2532679Z # Subtest: native workerd D1 reproduces CASE-block truncation and applies the derivative over populated retained claims
2026-10-04T03:24:19.2533561Z ok 47 - native workerd D1 reproduces CASE-block truncation and applies the derivative over populated retained claims
2026-10-04T03:24:19.2534058Z   ---
2026-10-04T03:24:19.2534525Z   duration_ms: 2009.158091
2026-10-04T03:24:19.2534768Z   type: 'test'
2026-10-04T03:24:19.2534963Z   ...
2026-10-04T03:24:19.2535457Z # Subtest: dated parent bridge preserves stable identity, source support and effective complete chains
2026-10-04T03:24:19.2536217Z ok 48 - dated parent bridge preserves stable identity, source support and effective complete chains
2026-10-04T03:24:19.2536662Z   ---
2026-10-04T03:24:19.2536855Z   duration_ms: 4.520694
2026-10-04T03:24:19.2537078Z   type: 'test'
2026-10-04T03:24:19.2537273Z   ...
2026-10-04T03:24:19.2537872Z # Subtest: explicit unknown membership keeps the reference chain and original uncertainty rather than adopting a weaker claim
2026-10-04T03:24:19.2538810Z ok 49 - explicit unknown membership keeps the reference chain and original uncertainty rather than adopting a weaker claim
2026-10-04T03:24:19.2539335Z   ---
2026-10-04T03:24:19.2539528Z   duration_ms: 0.543036
2026-10-04T03:24:19.2539748Z   type: 'test'
2026-10-04T03:24:19.2539940Z   ...
2026-10-04T03:24:19.2540559Z # Subtest: existence exclusions survive adaptation, including sourced unknown and BC/AD reference exclusions without year zero
2026-10-04T03:24:19.2541501Z ok 50 - existence exclusions survive adaptation, including sourced unknown and BC/AD reference exclusions without year zero
2026-10-04T03:24:19.2542030Z   ---
2026-10-04T03:24:19.2542222Z   duration_ms: 0.754064
2026-10-04T03:24:19.2542448Z   type: 'test'
2026-10-04T03:24:19.2542646Z   ...
2026-10-04T03:24:19.2543214Z # Subtest: bridge rejects wrong release, unsupported source/year, examples, withdrawn winners and unvetted footprints
2026-10-04T03:24:19.2544432Z ok 51 - bridge rejects wrong release, unsupported source/year, examples, withdrawn winners and unvetted footprints
2026-10-04T03:24:19.2544960Z   ---
2026-10-04T03:24:19.2545152Z   duration_ms: 1.895719
2026-10-04T03:24:19.2545374Z   type: 'test'
2026-10-04T03:24:19.2545569Z   ...
2026-10-04T03:24:19.2546141Z # Subtest: joined-source snapshots hydrate exact JSON text metadata without requiring a duplicate source dictionary
2026-10-04T03:24:19.2547138Z ok 52 - joined-source snapshots hydrate exact JSON text metadata without requiring a duplicate source dictionary
2026-10-04T03:24:19.2547653Z   ---
2026-10-04T03:24:19.2547846Z   duration_ms: 0.939672
2026-10-04T03:24:19.2548061Z   type: 'test'
2026-10-04T03:24:19.2548260Z   ...
2026-10-04T03:24:19.2548940Z # Subtest: shared temporal parent/existence resolution matches direct/derived/reference/example precedence independently of language and IDs
2026-10-04T03:24:19.2550029Z ok 53 - shared temporal parent/existence resolution matches direct/derived/reference/example precedence independently of language and IDs
2026-10-04T03:24:19.2550617Z   ---
2026-10-04T03:24:19.2550807Z   duration_ms: 1.09741
2026-10-04T03:24:19.2551027Z   type: 'test'
2026-10-04T03:24:19.2551227Z   ...
2026-10-04T03:24:19.2551843Z # Subtest: complete hosted snapshot authority removes withdrawn legacy IDs and overridden fields without reviving excluded entities
2026-10-04T03:24:19.2552835Z ok 54 - complete hosted snapshot authority removes withdrawn legacy IDs and overridden fields without reviving excluded entities
2026-10-04T03:24:19.2553372Z   ---
2026-10-04T03:24:19.2553562Z   duration_ms: 1.004569
2026-10-04T03:24:19.2553785Z   type: 'test'
2026-10-04T03:24:19.2553976Z   ...
2026-10-04T03:24:19.2554915Z # Subtest: bounded production pages hydrate source-deduplicated winners and generate histories/exclusions without a full reference registry
2026-10-04T03:24:19.2555993Z ok 55 - bounded production pages hydrate source-deduplicated winners and generate histories/exclusions without a full reference registry
2026-10-04T03:24:19.2556579Z   ---
2026-10-04T03:24:19.2556771Z   duration_ms: 1.061856
2026-10-04T03:24:19.2556994Z   type: 'test'
2026-10-04T03:24:19.2557184Z   ...
2026-10-04T03:24:19.2557839Z # Subtest: bounded withdrawals remain authoritative independently of selected-year claims; malformed stream/context cannot become history
2026-10-04T03:24:19.2558874Z ok 56 - bounded withdrawals remain authoritative independently of selected-year claims; malformed stream/context cannot become history
2026-10-04T03:24:19.2559443Z   ---
2026-10-04T03:24:19.2559640Z   duration_ms: 1.812163
2026-10-04T03:24:19.2559856Z   type: 'test'
2026-10-04T03:24:19.2560048Z   ...
2026-10-04T03:24:19.2560604Z # Subtest: source IDs are ordinary stable identities even when their spelling matches JavaScript object properties
2026-10-04T03:24:19.2561458Z ok 57 - source IDs are ordinary stable identities even when their spelling matches JavaScript object properties
2026-10-04T03:24:19.2561958Z   ---
2026-10-04T03:24:19.2562163Z   duration_ms: 0.785441
2026-10-04T03:24:19.2562387Z   type: 'test'
2026-10-04T03:24:19.2562602Z   ...
2026-10-04T03:24:19.2563067Z # Subtest: successful full and focused workflows prove exact tree and pinned current attempt
2026-10-04T03:24:19.2563760Z ok 58 - successful full and focused workflows prove exact tree and pinned current attempt
2026-10-04T03:24:19.2564377Z   ---
2026-10-04T03:24:19.2564577Z   duration_ms: 3.68621
2026-10-04T03:24:19.2564811Z   type: 'test'
2026-10-04T03:24:19.2565012Z   ...
2026-10-04T03:24:19.2565459Z # Subtest: head metadata without explicit reviewed-head checkout never proves tested tree
2026-10-04T03:24:19.2566124Z ok 59 - head metadata without explicit reviewed-head checkout never proves tested tree
2026-10-04T03:24:19.2566538Z   ---
2026-10-04T03:24:19.2566733Z   duration_ms: 0.576006
2026-10-04T03:24:19.2566949Z   type: 'test'
2026-10-04T03:24:19.2567348Z   ...
2026-10-04T03:24:19.2587552Z # Subtest: different complete tree or modified approved workflow/runner always falls back
2026-10-04T03:24:19.2588534Z ok 60 - different complete tree or modified approved workflow/runner always falls back
2026-10-04T03:24:19.2589093Z   ---
2026-10-04T03:24:19.2589302Z   duration_ms: 0.64562
2026-10-04T03:24:19.2589533Z   type: 'test'
2026-10-04T03:24:19.2589739Z   ...
2026-10-04T03:24:19.2590256Z # Subtest: wrong head/event/repository/PR/path and incomplete or failed run cannot prove coverage
2026-10-04T03:24:19.2591221Z ok 61 - wrong head/event/repository/PR/path and incomplete or failed run cannot prove coverage
2026-10-04T03:24:19.2591677Z   ---
2026-10-04T03:24:19.2591885Z   duration_ms: 2.377283
2026-10-04T03:24:19.2592116Z   type: 'test'
2026-10-04T03:24:19.2592310Z   ...
2026-10-04T03:24:19.2592831Z # Subtest: missing/extra shard and skipped or incomplete required steps never count as successful coverage
2026-10-04T03:24:19.2593625Z ok 62 - missing/extra shard and skipped or incomplete required steps never count as successful coverage
2026-10-04T03:24:19.2594100Z   ---
2026-10-04T03:24:19.2594587Z   duration_ms: 2.054057
2026-10-04T03:24:19.2594818Z   type: 'test'
2026-10-04T03:24:19.2595016Z   ...
2026-10-04T03:24:19.2595324Z # Subtest: final pinned run reread rejects revoked proof
2026-10-04T03:24:19.2595752Z ok 63 - final pinned run reread rejects revoked proof
2026-10-04T03:24:19.2596047Z   ---
2026-10-04T03:24:19.2596243Z   duration_ms: 1.671292
2026-10-04T03:24:19.2596465Z   type: 'test'
2026-10-04T03:24:19.2596669Z   ...
2026-10-04T03:24:19.2597265Z # Subtest: explicit coordination allowlist defaults full for unknown/application/data/schema/import/deploy/rename impact
2026-10-04T03:24:19.2598179Z ok 64 - explicit coordination allowlist defaults full for unknown/application/data/schema/import/deploy/rename impact
2026-10-04T03:24:19.2598686Z   ---
2026-10-04T03:24:19.2598882Z   duration_ms: 0.788935
2026-10-04T03:24:19.2599144Z   type: 'test'
2026-10-04T03:24:19.2599347Z   ...
2026-10-04T03:24:19.2599834Z # Subtest: final proof pins attempt and refuses a later successful rerun or missing/invalid attempt
2026-10-04T03:24:19.2600561Z ok 65 - final proof pins attempt and refuses a later successful rerun or missing/invalid attempt
2026-10-04T03:24:19.2601003Z   ---
2026-10-04T03:24:19.2601211Z   duration_ms: 0.70549
2026-10-04T03:24:19.2601447Z   type: 'test'
2026-10-04T03:24:19.2601643Z   ...
2026-10-04T03:24:19.2602092Z # Subtest: focused proof accepts complete controls without installing Node dependencies
2026-10-04T03:24:19.2602763Z ok 66 - focused proof accepts complete controls without installing Node dependencies
2026-10-04T03:24:19.2603172Z   ---
2026-10-04T03:24:19.2603372Z   duration_ms: 0.468334
2026-10-04T03:24:19.2603595Z   type: 'test'
2026-10-04T03:24:19.2603785Z   ...
2026-10-04T03:24:19.2604489Z # Subtest: full proof refuses missing, failed, cancelled or skipped Node installation in any shard
2026-10-04T03:24:19.2605242Z ok 67 - full proof refuses missing, failed, cancelled or skipped Node installation in any shard
2026-10-04T03:24:19.2605700Z   ---
2026-10-04T03:24:19.2605896Z   duration_ms: 1.492863
2026-10-04T03:24:19.2606123Z   type: 'test'
2026-10-04T03:24:19.2606320Z   ...
2026-10-04T03:24:19.2606784Z # Subtest: large source collections retain a bounded reference to the exact archived receipt
2026-10-04T03:24:19.2607464Z ok 68 - large source collections retain a bounded reference to the exact archived receipt
2026-10-04T03:24:19.2607877Z   ---
2026-10-04T03:24:19.2608067Z   duration_ms: 3.721313
2026-10-04T03:24:19.2608290Z   type: 'test'
2026-10-04T03:24:19.2608485Z   ...
2026-10-04T03:24:19.2608992Z # Subtest: same-tier reference split preserves exact archived originals and disjoint descendant members
2026-10-04T03:24:19.2609758Z ok 69 - same-tier reference split preserves exact archived originals and disjoint descendant members
2026-10-04T03:24:19.2610204Z   ---
2026-10-04T03:24:19.2610393Z   duration_ms: 3.607512
2026-10-04T03:24:19.2610610Z   type: 'test'
2026-10-04T03:24:19.2610949Z   ...
2026-10-04T03:24:19.2611407Z # Subtest: split successors require unique explicit new-group deltas and a complete crosswalk
2026-10-04T03:24:19.2612095Z ok 70 - split successors require unique explicit new-group deltas and a complete crosswalk
2026-10-04T03:24:19.2612512Z   ---
2026-10-04T03:24:19.2612699Z   duration_ms: 4.77786
2026-10-04T03:24:19.2612915Z   type: 'test'
2026-10-04T03:24:19.2613109Z   ...
2026-10-04T03:24:19.2613766Z # Subtest: split endpoints cannot change tier, containing parent, registry identity or source/history proof
2026-10-04T03:24:19.2614874Z ok 71 - split endpoints cannot change tier, containing parent, registry identity or source/history proof
2026-10-04T03:24:19.2615354Z   ---
2026-10-04T03:24:19.2615555Z   duration_ms: 4.792703
2026-10-04T03:24:19.2615783Z   type: 'test'
2026-10-04T03:24:19.2615987Z   ...
2026-10-04T03:24:19.2616429Z # Subtest: a same-count swap of unrelated territory fails exact split-member conservation
2026-10-04T03:24:19.2617094Z ok 72 - a same-count swap of unrelated territory fails exact split-member conservation
2026-10-04T03:24:19.2617497Z   ---
2026-10-04T03:24:19.2617691Z   duration_ms: 1.805393
2026-10-04T03:24:19.2617915Z   type: 'test'
2026-10-04T03:24:19.2618114Z   ...
2026-10-04T03:24:19.2618557Z # Subtest: explicit local-group retirement retains every descendant and exact full archive
2026-10-04T03:24:19.2619255Z ok 73 - explicit local-group retirement retains every descendant and exact full archive
2026-10-04T03:24:19.2619668Z   ---
2026-10-04T03:24:19.2619867Z   duration_ms: 3.00084
2026-10-04T03:24:19.2620087Z   type: 'test'
2026-10-04T03:24:19.2620286Z   ...
2026-10-04T03:24:19.2620816Z # Subtest: preparation emits every split pair and retains new identities, predecessor and original baseline
2026-10-04T03:24:19.2621626Z ok 74 - preparation emits every split pair and retains new identities, predecessor and original baseline
2026-10-04T03:24:19.2622105Z   ---
2026-10-04T03:24:19.2622309Z   duration_ms: 42.02562
2026-10-04T03:24:19.2622542Z   type: 'test'
2026-10-04T03:24:19.2622732Z   ...
2026-10-04T03:24:19.2623256Z # Subtest: explicit reference creation can extract a location while retaining its original populated groups
2026-10-04T03:24:19.2624051Z ok 75 - explicit reference creation can extract a location while retaining its original populated groups
2026-10-04T03:24:19.2624740Z   ---
2026-10-04T03:24:19.2624936Z   duration_ms: 5.622771
2026-10-04T03:24:19.2625161Z   type: 'test'
2026-10-04T03:24:19.2625358Z   ...
2026-10-04T03:24:19.2625838Z # Subtest: sourced creations and explicit local-group retirements can share a conserving receipt
2026-10-04T03:24:19.2626556Z ok 76 - sourced creations and explicit local-group retirements can share a conserving receipt
2026-10-04T03:24:19.2626980Z   ---
2026-10-04T03:24:19.2627175Z   duration_ms: 1.593275
2026-10-04T03:24:19.2627400Z   type: 'test'
2026-10-04T03:24:19.2627594Z   ...
2026-10-04T03:24:19.2628144Z # Subtest: release creation crosswalks retain source relationship evidence without null-old retirement collisions
2026-10-04T03:24:19.2629003Z ok 77 - release creation crosswalks retain source relationship evidence without null-old retirement collisions
2026-10-04T03:24:19.2629495Z   ---
2026-10-04T03:24:19.2629695Z   duration_ms: 11.030358
2026-10-04T03:24:19.2629926Z   type: 'test'
2026-10-04T03:24:19.2630120Z   ...
2026-10-04T03:24:19.2630554Z # Subtest: raster presentation graph includes true horizontal and vertical shared cells
2026-10-04T03:24:19.2631214Z ok 78 - raster presentation graph includes true horizontal and vertical shared cells
2026-10-04T03:24:19.2631616Z   ---
2026-10-04T03:24:19.2631814Z   duration_ms: 2.5285
2026-10-04T03:24:19.2632032Z   type: 'test'
2026-10-04T03:24:19.2632224Z   ...
2026-10-04T03:24:19.2632610Z # Subtest: ocean gaps and diagonal corners do not become territorial adjacency
2026-10-04T03:24:19.2633182Z ok 79 - ocean gaps and diagonal corners do not become territorial adjacency
2026-10-04T03:24:19.2633565Z   ---
2026-10-04T03:24:19.2633917Z   duration_ms: 0.808345
2026-10-04T03:24:19.2634257Z   type: 'test'
2026-10-04T03:24:19.2634454Z   ...
2026-10-04T03:24:19.2634845Z # Subtest: date-line screen wrap is included and same-owner contact is ignored
2026-10-04T03:24:19.2635410Z ok 80 - date-line screen wrap is included and same-owner contact is ignored
2026-10-04T03:24:19.2635772Z   ---
2026-10-04T03:24:19.2635968Z   duration_ms: 0.316535
2026-10-04T03:24:19.2636189Z   type: 'test'
2026-10-04T03:24:19.2636381Z   ...
2026-10-04T03:24:19.2636918Z # Subtest: malformed packed rows fail closed instead of emitting an incomplete graph
2026-10-04T03:24:19.2637547Z ok 81 - malformed packed rows fail closed instead of emitting an incomplete graph
2026-10-04T03:24:19.2637933Z   ---
2026-10-04T03:24:19.2638128Z   duration_ms: 0.699081
2026-10-04T03:24:19.2638345Z   type: 'test'
2026-10-04T03:24:19.2638538Z   ...
2026-10-04T03:24:19.2638994Z # Subtest: client discovers later pages and polls latched ID when the run leaves recent results
2026-10-04T03:24:19.2639696Z ok 82 - client discovers later pages and polls latched ID when the run leaves recent results
2026-10-04T03:24:19.2640109Z   ---
2026-10-04T03:24:19.2640317Z   duration_ms: 396.87982
2026-10-04T03:24:19.2640541Z   type: 'test'
2026-10-04T03:24:19.2640739Z   ...
2026-10-04T03:24:19.2641129Z # Subtest: cancelled pending request is retried without changing authored head
2026-10-04T03:24:19.2641702Z ok 83 - cancelled pending request is retried without changing authored head
2026-10-04T03:24:19.2642068Z   ---
2026-10-04T03:24:19.2642273Z   duration_ms: 448.045778
2026-10-04T03:24:19.2642512Z   type: 'test'
2026-10-04T03:24:19.2642704Z   ...
2026-10-04T03:24:19.2643127Z # Subtest: main advance retries unchanged head but failed integration ends without retry
2026-10-04T03:24:19.2643766Z ok 84 - main advance retries unchanged head but failed integration ends without retry
2026-10-04T03:24:19.2644264Z   ---
2026-10-04T03:24:19.2644458Z   duration_ms: 724.633541
2026-10-04T03:24:19.2644681Z   type: 'test'
2026-10-04T03:24:19.2644876Z   ...
2026-10-04T03:24:19.2645269Z # Subtest: frozen migration SQL and snapshots retain their published identities
2026-10-04T03:24:19.2645849Z ok 85 - frozen migration SQL and snapshots retain their published identities
2026-10-04T03:24:19.2646214Z   ---
2026-10-04T03:24:19.2646401Z   duration_ms: 11.907005
2026-10-04T03:24:19.2646622Z   type: 'test'
2026-10-04T03:24:19.2646809Z   ...
2026-10-04T03:24:19.2647412Z # Subtest: Neon metadata verification authenticates read-only requests, follows pagination, and omits secret response fields
2026-10-04T03:24:19.2648362Z ok 86 - Neon metadata verification authenticates read-only requests, follows pagination, and omits secret response fields
2026-10-04T03:24:19.2648884Z   ---
2026-10-04T03:24:19.2649077Z   duration_ms: 50.734389
2026-10-04T03:24:19.2649300Z   type: 'test'
2026-10-04T03:24:19.2649492Z   ...
2026-10-04T03:24:19.2649978Z # Subtest: Neon verifier rejects wrong project configuration and absent credentials without requests
2026-10-04T03:24:19.2650716Z ok 87 - Neon verifier rejects wrong project configuration and absent credentials without requests
2026-10-04T03:24:19.2651150Z   ---
2026-10-04T03:24:19.2651341Z   duration_ms: 4.572983
2026-10-04T03:24:19.2651561Z   type: 'test'
2026-10-04T03:24:19.2651752Z   ...
2026-10-04T03:24:19.2652340Z # Subtest: Neon metadata failures never retain raw HTTP/network bodies, mismatched projects, or repeated pagination cursors
2026-10-04T03:24:19.2653243Z ok 88 - Neon metadata failures never retain raw HTTP/network bodies, mismatched projects, or repeated pagination cursors
2026-10-04T03:24:19.2653752Z   ---
2026-10-04T03:24:19.2653943Z   duration_ms: 8.862399
2026-10-04T03:24:19.2654263Z   type: 'test'
2026-10-04T03:24:19.2654461Z   ...
2026-10-04T03:24:19.2655123Z # Subtest: PostgreSQL schema splitter retains command bytes while respecting nested comments, quoted identifiers, strings and dollar bodies
2026-10-04T03:24:19.2656181Z ok 89 - PostgreSQL schema splitter retains command bytes while respecting nested comments, quoted identifiers, strings and dollar bodies
2026-10-04T03:24:19.2656952Z   ---
2026-10-04T03:24:19.2657143Z   duration_ms: 1.325292
2026-10-04T03:24:19.2657359Z   type: 'test'
2026-10-04T03:24:19.2657555Z   ...
2026-10-04T03:24:19.2658138Z # Subtest: isolated Neon verifier applies the exact schema atomically on real PostgreSQL and exercises actual hosted services
2026-10-04T03:24:19.2659051Z ok 90 - isolated Neon verifier applies the exact schema atomically on real PostgreSQL and exercises actual hosted services
2026-10-04T03:24:19.2659685Z   ---
2026-10-04T03:24:19.2659884Z   duration_ms: 4895.029565
2026-10-04T03:24:19.2660112Z   type: 'test'
2026-10-04T03:24:19.2660310Z   ...
2026-10-04T03:24:19.2660832Z # Subtest: private owner connection failures remain sanitized and cleanup still deletes the validation branch
2026-10-04T03:24:19.2661647Z ok 91 - private owner connection failures remain sanitized and cleanup still deletes the validation branch
2026-10-04T03:24:19.2662116Z   ---
2026-10-04T03:24:19.2662308Z   duration_ms: 16.763628
2026-10-04T03:24:19.2662534Z   type: 'test'
2026-10-04T03:24:19.2662724Z   ...
2026-10-04T03:24:19.2663218Z # Subtest: isolated SQL verifier refuses production IDs and production hosts before any SQL connection
2026-10-04T03:24:19.2663974Z ok 92 - isolated SQL verifier refuses production IDs and production hosts before any SQL connection
2026-10-04T03:24:19.2664535Z   ---
2026-10-04T03:24:19.2664736Z   duration_ms: 30.674197
2026-10-04T03:24:19.2664964Z   type: 'test'
2026-10-04T03:24:19.2665166Z   ...
2026-10-04T03:24:19.2665581Z # Subtest: SQL driver errors are sanitized and clean up only the newly created branch
2026-10-04T03:24:19.2666192Z ok 93 - SQL driver errors are sanitized and clean up only the newly created branch
2026-10-04T03:24:19.2666572Z   ---
2026-10-04T03:24:19.2666769Z   duration_ms: 9.57078
2026-10-04T03:24:19.2666993Z   type: 'test'
2026-10-04T03:24:19.2667184Z   ...
2026-10-04T03:24:19.2667662Z # Subtest: cleanup failures retain the exact validation branch ID and fail the verification receipt
2026-10-04T03:24:19.2668411Z ok 94 - cleanup failures retain the exact validation branch ID and fail the verification receipt
2026-10-04T03:24:19.2668839Z   ---
2026-10-04T03:24:19.2669036Z   duration_ms: 4.513642
2026-10-04T03:24:19.2669256Z   type: 'test'
2026-10-04T03:24:19.2669448Z   ...
2026-10-04T03:24:19.2669957Z # Subtest: ambiguous creation persists its unique name without guessing a deletion target or SQL connection
2026-10-04T03:24:19.2670748Z ok 95 - ambiguous creation persists its unique name without guessing a deletion target or SQL connection
2026-10-04T03:24:19.2671203Z   ---
2026-10-04T03:24:19.2671398Z   duration_ms: 3.433639
2026-10-04T03:24:19.2671614Z   type: 'test'
2026-10-04T03:24:19.2671808Z   ...
2026-10-04T03:24:19.2672251Z # Subtest: read-only metadata helper does not accept a project mismatch supplied by the API
2026-10-04T03:24:19.2672914Z ok 96 - read-only metadata helper does not accept a project mismatch supplied by the API
2026-10-04T03:24:19.2673324Z   ---
2026-10-04T03:24:19.2673517Z   duration_ms: 0.840783
2026-10-04T03:24:19.2673733Z   type: 'test'
2026-10-04T03:24:19.2673923Z   ...
2026-10-04T03:24:19.2674532Z # Subtest: hosted omission accounts for all prior bytes and preserves every current/source file exactly
2026-10-04T03:24:19.2675282Z ok 97 - hosted omission accounts for all prior bytes and preserves every current/source file exactly
2026-10-04T03:24:19.2675716Z   ---
2026-10-04T03:24:19.2675913Z   duration_ms: 44.517877
2026-10-04T03:24:19.2676138Z   type: 'test'
2026-10-04T03:24:19.2676328Z   ...
2026-10-04T03:24:19.2676733Z # Subtest: portable static export retains the full tree without a delivery manifest
2026-10-04T03:24:19.2677339Z ok 98 - portable static export retains the full tree without a delivery manifest
2026-10-04T03:24:19.2677717Z   ---
2026-10-04T03:24:19.2677912Z   duration_ms: 18.417121
2026-10-04T03:24:19.2678131Z   type: 'test'
2026-10-04T03:24:19.2678318Z   ...
2026-10-04T03:24:19.2678809Z # Subtest: existing pinned archive tampering fails before packaging
2026-10-04T03:24:19.2679302Z ok 99 - existing pinned archive tampering fails before packaging
2026-10-04T03:24:19.2679628Z   ---
2026-10-04T03:24:19.2679822Z   duration_ms: 8.734814
2026-10-04T03:24:19.2680037Z   type: 'test'
2026-10-04T03:24:19.2680228Z   ...
2026-10-04T03:24:19.2680720Z # Subtest: verification rejects unlisted excluded files, altered retained bytes and deployed tampering
2026-10-04T03:24:19.2681603Z ok 100 - verification rejects unlisted excluded files, altered retained bytes and deployed tampering
2026-10-04T03:24:19.2682067Z   ---
2026-10-04T03:24:19.2682256Z   duration_ms: 23.44095
2026-10-04T03:24:19.2682472Z   type: 'test'
2026-10-04T03:24:19.2682662Z   ...
2026-10-04T03:24:19.2682985Z # Subtest: symbolic links cannot silently omit archive content
2026-10-04T03:24:19.2683440Z ok 101 - symbolic links cannot silently omit archive content
2026-10-04T03:24:19.2683758Z   ---
2026-10-04T03:24:19.2683944Z   duration_ms: 8.030075
2026-10-04T03:24:19.2684269Z   type: 'test'
2026-10-04T03:24:19.2684461Z   ...
2026-10-04T03:24:19.2684869Z # Subtest: pixel ownership is exclusive and adjacent locations tile without a seam
2026-10-04T03:24:19.2685472Z ok 102 - pixel ownership is exclusive and adjacent locations tile without a seam
2026-10-04T03:24:19.2685853Z   ---
2026-10-04T03:24:19.2686041Z   duration_ms: 2.295129
2026-10-04T03:24:19.2686253Z   type: 'test'
2026-10-04T03:24:19.2686445Z   ...
2026-10-04T03:24:19.2686850Z # Subtest: holes, water and defensive overlap handling have one integer ID per cell
2026-10-04T03:24:19.2687447Z ok 103 - holes, water and defensive overlap handling have one integer ID per cell
2026-10-04T03:24:19.2687823Z   ---
2026-10-04T03:24:19.2688011Z   duration_ms: 0.387453
2026-10-04T03:24:19.2688226Z   type: 'test'
2026-10-04T03:24:19.2688417Z   ...
2026-10-04T03:24:19.2688830Z # Subtest: panning and lower-detail views sample the same canonical geographic cells
2026-10-04T03:24:19.2689446Z ok 104 - panning and lower-detail views sample the same canonical geographic cells
2026-10-04T03:24:19.2689838Z   ---
2026-10-04T03:24:19.2690029Z   duration_ms: 1.799895
2026-10-04T03:24:19.2690244Z   type: 'test'
2026-10-04T03:24:19.2690434Z   ...
2026-10-04T03:24:19.2690840Z # Subtest: province borders are stronger and local borders disappear at distant zoom
2026-10-04T03:24:19.2691440Z ok 105 - province borders are stronger and local borders disappear at distant zoom
2026-10-04T03:24:19.2691822Z   ---
2026-10-04T03:24:19.2692011Z   duration_ms: 0.27335
2026-10-04T03:24:19.2692230Z   type: 'test'
2026-10-04T03:24:19.2692425Z   ...
2026-10-04T03:24:19.2692829Z # Subtest: Canvas fallback samples near screen resolution without four-pixel blocks
2026-10-04T03:24:19.2693438Z ok 106 - Canvas fallback samples near screen resolution without four-pixel blocks
2026-10-04T03:24:19.2693821Z   ---
2026-10-04T03:24:19.2694014Z   duration_ms: 0.410818
2026-10-04T03:24:19.2694332Z   type: 'test'
2026-10-04T03:24:19.2694524Z   ...
2026-10-04T03:24:19.2694920Z # Subtest: fixed non-power-of-two grid projects the entire world consistently
2026-10-04T03:24:19.2695490Z ok 107 - fixed non-power-of-two grid projects the entire world consistently
2026-10-04T03:24:19.2695873Z   ---
2026-10-04T03:24:19.2696064Z   duration_ms: 0.444729
2026-10-04T03:24:19.2696297Z   type: 'test'
2026-10-04T03:24:19.2696487Z   ...
2026-10-04T03:24:19.2696981Z # Subtest: placeholder translation preserves quoted values, dollar bodies and nested comments exactly
2026-10-04T03:24:19.2697739Z ok 108 - placeholder translation preserves quoted values, dollar bodies and nested comments exactly
2026-10-04T03:24:19.2698198Z   ---
2026-10-04T03:24:19.2698387Z   duration_ms: 3.875533
2026-10-04T03:24:19.2698603Z   type: 'test'
2026-10-04T03:24:19.2698792Z   ...
2026-10-04T03:24:19.2699265Z # Subtest: only reviewed inserts and index hints are adapted; SQLite metadata needs an explicit query
2026-10-04T03:24:19.2699989Z ok 109 - only reviewed inserts and index hints are adapted; SQLite metadata needs an explicit query
2026-10-04T03:24:19.2700590Z   ---
2026-10-04T03:24:19.2700780Z   duration_ms: 0.965251
2026-10-04T03:24:19.2700995Z   type: 'test'
2026-10-04T03:24:19.2701186Z   ...
2026-10-04T03:24:19.2701646Z # Subtest: injected driver returns D1 results with safe numeric dates and unchanged text evidence
2026-10-04T03:24:19.2702366Z ok 110 - injected driver returns D1 results with safe numeric dates and unchanged text evidence
2026-10-04T03:24:19.2702797Z   ---
2026-10-04T03:24:19.2702989Z   duration_ms: 3.220389
2026-10-04T03:24:19.2703324Z   type: 'test'
2026-10-04T03:24:19.2703520Z   ...
2026-10-04T03:24:19.2703955Z # Subtest: batches remain ordered, atomic and ingestion-locked before identity allocation
2026-10-04T03:24:19.2704746Z ok 111 - batches remain ordered, atomic and ingestion-locked before identity allocation
2026-10-04T03:24:19.2705158Z   ---
2026-10-04T03:24:19.2705352Z   duration_ms: 1.174965
2026-10-04T03:24:19.2705568Z   type: 'test'
2026-10-04T03:24:19.2705765Z   ...
2026-10-04T03:24:19.2706238Z # Subtest: publication and guarded imports share a lock before fresh ReadCommitted guard snapshots
2026-10-04T03:24:19.2706967Z ok 112 - publication and guarded imports share a lock before fresh ReadCommitted guard snapshots
2026-10-04T03:24:19.2707398Z   ---
2026-10-04T03:24:19.2707587Z   duration_ms: 1.927286
2026-10-04T03:24:19.2707804Z   type: 'test'
2026-10-04T03:24:19.2707994Z   ...
2026-10-04T03:24:19.2708477Z # Subtest: driver failures preserve SQLSTATE while removing credentials, payloads and server details
2026-10-04T03:24:19.2709230Z ok 113 - driver failures preserve SQLSTATE while removing credentials, payloads and server details
2026-10-04T03:24:19.2709667Z   ---
2026-10-04T03:24:19.2709855Z   duration_ms: 1.833806
2026-10-04T03:24:19.2710069Z   type: 'test'
2026-10-04T03:24:19.2710256Z   ...
2026-10-04T03:24:19.2710764Z # Subtest: bounded timeouts cancel network work and preserve uncertain commit status for idempotent retries
2026-10-04T03:24:19.2711556Z ok 114 - bounded timeouts cancel network work and preserve uncertain commit status for idempotent retries
2026-10-04T03:24:19.2712020Z   ---
2026-10-04T03:24:19.2712213Z   duration_ms: 100.842705
2026-10-04T03:24:19.2712440Z   type: 'test'
2026-10-04T03:24:19.2712629Z   ...
2026-10-04T03:24:19.2713108Z # Subtest: Neon HTTP wrapper submits lazy ordered queries as one transaction without exposing its URL
2026-10-04T03:24:19.2713833Z ok 115 - Neon HTTP wrapper submits lazy ordered queries as one transaction without exposing its URL
2026-10-04T03:24:19.2714371Z   ---
2026-10-04T03:24:19.2714565Z   duration_ms: 2.918665
2026-10-04T03:24:19.2714780Z   type: 'test'
2026-10-04T03:24:19.2714976Z   ...
2026-10-04T03:24:19.2715596Z # Subtest: actual PostgreSQL parses translated placeholders, idempotence and rollback without touching immutable evidence text
2026-10-04T03:24:19.2716559Z ok 116 - actual PostgreSQL parses translated placeholders, idempotence and rollback without touching immutable evidence text
2026-10-04T03:24:19.2717104Z   ---
2026-10-04T03:24:19.2717296Z   duration_ms: 4130.275223
2026-10-04T03:24:19.2717523Z   type: 'test'
2026-10-04T03:24:19.2717718Z   ...
2026-10-04T03:24:19.2718239Z # Subtest: browser/server adapters agree, use only matching source intervals, and preserve complete provenance
2026-10-04T03:24:19.2719043Z ok 117 - browser/server adapters agree, use only matching source intervals, and preserve complete provenance
2026-10-04T03:24:19.2719555Z   ---
2026-10-04T03:24:19.2719745Z   duration_ms: 40.928507
2026-10-04T03:24:19.2719967Z   type: 'test'
2026-10-04T03:24:19.2720167Z   ...
2026-10-04T03:24:19.2720695Z # Subtest: source bounds, producer byte hashes, current identity and geography proof failures block publication
2026-10-04T03:24:19.2721510Z ok 118 - source bounds, producer byte hashes, current identity and geography proof failures block publication
2026-10-04T03:24:19.2721978Z   ---
2026-10-04T03:24:19.2722168Z   duration_ms: 11.089555
2026-10-04T03:24:19.2722392Z   type: 'test'
2026-10-04T03:24:19.2722718Z   ...
2026-10-04T03:24:19.2723224Z # Subtest: prepared producers reject free-form environmental text even when hashes and source dates match
2026-10-04T03:24:19.2724009Z ok 119 - prepared producers reject free-form environmental text even when hashes and source dates match
2026-10-04T03:24:19.2724593Z   ---
2026-10-04T03:24:19.2724787Z   duration_ms: 14.21337
2026-10-04T03:24:19.2725010Z   type: 'test'
2026-10-04T03:24:19.2725201Z   ...
2026-10-04T03:24:19.2725740Z # Subtest: both runtime paths reject stale manifests and tampered prepared assets
2026-10-04T03:24:19.2726357Z ok 120 - both runtime paths reject stale manifests and tampered prepared assets
2026-10-04T03:24:19.2726734Z   ---
2026-10-04T03:24:19.2726927Z   duration_ms: 9.708159
2026-10-04T03:24:19.2727149Z   type: 'test'
2026-10-04T03:24:19.2727342Z   ...
2026-10-04T03:24:19.2727978Z # Subtest: duplicate input identities are rejected and hosted duplicates retain imported evidence without dropping prepared metadata
2026-10-04T03:24:19.2728984Z ok 121 - duplicate input identities are rejected and hosted duplicates retain imported evidence without dropping prepared metadata
2026-10-04T03:24:19.2729535Z   ---
2026-10-04T03:24:19.2729730Z   duration_ms: 6.889013
2026-10-04T03:24:19.2729946Z   type: 'test'
2026-10-04T03:24:19.2730135Z   ...
2026-10-04T03:24:19.2730616Z # Subtest: bounded persistent batches import through actual hosted schema/service and are idempotent
2026-10-04T03:24:19.2731359Z ok 122 - bounded persistent batches import through actual hosted schema/service and are idempotent
2026-10-04T03:24:19.2731797Z   ---
2026-10-04T03:24:19.2731991Z   duration_ms: 49.343003
2026-10-04T03:24:19.2732213Z   type: 'test'
2026-10-04T03:24:19.2732405Z   ...
2026-10-04T03:24:19.2732975Z # Subtest: prepared reference attestations retain direct historical name priority and aliases do not become preferred
2026-10-04T03:24:19.2733867Z ok 123 - prepared reference attestations retain direct historical name priority and aliases do not become preferred
2026-10-04T03:24:19.2734618Z   ---
2026-10-04T03:24:19.2734815Z   duration_ms: 6.296683
2026-10-04T03:24:19.2735033Z   type: 'test'
2026-10-04T03:24:19.2735226Z   ...
2026-10-04T03:24:19.2735743Z # Subtest: retirement pages prevent every prepared fallback from resurrecting withdrawn names or attributes
2026-10-04T03:24:19.2736537Z ok 124 - retirement pages prevent every prepared fallback from resurrecting withdrawn names or attributes
2026-10-04T03:24:19.2737005Z   ---
2026-10-04T03:24:19.2737203Z   duration_ms: 119.936022
2026-10-04T03:24:19.2737436Z   type: 'test'
2026-10-04T03:24:19.2737629Z   ...
2026-10-04T03:24:19.2738113Z # Subtest: hosted duplicate enrichment keeps prepared provenance while preserving the imported claim
2026-10-04T03:24:19.2738856Z ok 125 - hosted duplicate enrichment keeps prepared provenance while preserving the imported claim
2026-10-04T03:24:19.2739304Z   ---
2026-10-04T03:24:19.2739494Z   duration_ms: 20.467109
2026-10-04T03:24:19.2739718Z   type: 'test'
2026-10-04T03:24:19.2739919Z   ...
2026-10-04T03:24:19.2740456Z # Subtest: completed real name and census products import persistently and resolve identically without gap filling
2026-10-04T03:24:19.2741297Z ok 126 - completed real name and census products import persistently and resolve identically without gap filling
2026-10-04T03:24:19.2741786Z   ---
2026-10-04T03:24:19.2741985Z   duration_ms: 20291.367338
2026-10-04T03:24:19.2742218Z   type: 'test'
2026-10-04T03:24:19.2742414Z   ...
2026-10-04T03:24:19.2742837Z # Subtest: public manifest byte pin protects source provenance as well as record parts
2026-10-04T03:24:19.2743476Z ok 127 - public manifest byte pin protects source provenance as well as record parts
2026-10-04T03:24:19.2743874Z   ---
2026-10-04T03:24:19.2744069Z   duration_ms: 8.973915
2026-10-04T03:24:19.2744402Z   type: 'test'
2026-10-04T03:24:19.2744595Z   ...
2026-10-04T03:24:19.2745002Z # Subtest: record APIs reject pages whose ingestion revision changed during the read
2026-10-04T03:24:19.2745611Z ok 128 - record APIs reject pages whose ingestion revision changed during the read
2026-10-04T03:24:19.2746139Z   ---
2026-10-04T03:24:19.2746331Z   duration_ms: 76.560454
2026-10-04T03:24:19.2746551Z   type: 'test'
2026-10-04T03:24:19.2746741Z   ...
2026-10-04T03:24:19.2747222Z # Subtest: client retries complete map reads for mixed revisions, caps retries and obeys cancellation
2026-10-04T03:24:19.2747961Z ok 129 - client retries complete map reads for mixed revisions, caps retries and obeys cancellation
2026-10-04T03:24:19.2748398Z   ---
2026-10-04T03:24:19.2748700Z   duration_ms: 20.637571
2026-10-04T03:24:19.2748924Z   type: 'test'
2026-10-04T03:24:19.2749114Z   ...
2026-10-04T03:24:19.2749668Z # Subtest: reference migrations revalidate immutable claims only when every corresponding footprint stays identical
2026-10-04T03:24:19.2750535Z ok 130 - reference migrations revalidate immutable claims only when every corresponding footprint stays identical
2026-10-04T03:24:19.2751022Z   ---
2026-10-04T03:24:19.2751208Z   duration_ms: 10.738967
2026-10-04T03:24:19.2751434Z   type: 'test'
2026-10-04T03:24:19.2751624Z   ...
2026-10-04T03:24:19.2752126Z # Subtest: chained reference revalidation preserves original evidence and pins the prior receipt archive
2026-10-04T03:24:19.2752905Z ok 131 - chained reference revalidation preserves original evidence and pins the prior receipt archive
2026-10-04T03:24:19.2753360Z   ---
2026-10-04T03:24:19.2753552Z   duration_ms: 15.542635
2026-10-04T03:24:19.2753771Z   type: 'test'
2026-10-04T03:24:19.2753962Z   ...
2026-10-04T03:24:19.2754549Z # Subtest: ownership codecs preserve identity, dated labels, competing evidence and the BC/AD edge
2026-10-04T03:24:19.2755276Z ok 132 - ownership codecs preserve identity, dated labels, competing evidence and the BC/AD edge
2026-10-04T03:24:19.2755705Z   ---
2026-10-04T03:24:19.2755898Z   duration_ms: 3.638137
2026-10-04T03:24:19.2756115Z   type: 'test'
2026-10-04T03:24:19.2756306Z   ...
2026-10-04T03:24:19.2756737Z # Subtest: actual environmental tables decode exactly at all normal-period boundaries
2026-10-04T03:24:19.2757381Z ok 133 - actual environmental tables decode exactly at all normal-period boundaries
2026-10-04T03:24:19.2757773Z   ---
2026-10-04T03:24:19.2757971Z   duration_ms: 19878.155566
2026-10-04T03:24:19.2758200Z   type: 'test'
2026-10-04T03:24:19.2758395Z   ...
2026-10-04T03:24:19.2758864Z # Subtest: reference codecs preserve supported precision and do not bridge unsupported intervals
2026-10-04T03:24:19.2759581Z ok 134 - reference codecs preserve supported precision and do not bridge unsupported intervals
2026-10-04T03:24:19.2760011Z   ---
2026-10-04T03:24:19.2760203Z   duration_ms: 2.613908
2026-10-04T03:24:19.2760420Z   type: 'test'
2026-10-04T03:24:19.2760612Z   ...
2026-10-04T03:24:19.2761070Z # Subtest: actual prepared historical records match independent compact-table interpretation
2026-10-04T03:24:19.2761758Z ok 135 - actual prepared historical records match independent compact-table interpretation
2026-10-04T03:24:19.2762176Z   ---
2026-10-04T03:24:19.2762373Z   duration_ms: 20546.537338
2026-10-04T03:24:19.2762600Z   type: 'test'
2026-10-04T03:24:19.2762792Z   ...
2026-10-04T03:24:19.2763299Z # Subtest: static and server exports resolve every active location identically, with examples on and off
2026-10-04T03:24:19.2764053Z ok 136 - static and server exports resolve every active location identically, with examples on and off
2026-10-04T03:24:19.2764609Z   ---
2026-10-04T03:24:19.2764806Z   duration_ms: 159649.253222
2026-10-04T03:24:19.2765040Z   type: 'test'
2026-10-04T03:24:19.2765241Z   ...
2026-10-04T03:24:19.2765691Z # Subtest: environmental context can be displayed without inventing historical field evidence
2026-10-04T03:24:19.2766377Z ok 137 - environmental context can be displayed without inventing historical field evidence
2026-10-04T03:24:19.2766792Z   ---
2026-10-04T03:24:19.2766983Z   duration_ms: 2.491744
2026-10-04T03:24:19.2767204Z   type: 'test'
2026-10-04T03:24:19.2767400Z   ...
2026-10-04T03:24:19.2767879Z # Subtest: modern supported records and historical reference context share a category and map color
2026-10-04T03:24:19.2768775Z ok 138 - modern supported records and historical reference context share a category and map color
2026-10-04T03:24:19.2769224Z   ---
2026-10-04T03:24:19.2769419Z   duration_ms: 0.788194
2026-10-04T03:24:19.2769638Z   type: 'test'
2026-10-04T03:24:19.2769832Z   ...
2026-10-04T03:24:19.2770315Z # Subtest: dated historical observations override modern context until their exclusive interval end
2026-10-04T03:24:19.2771172Z ok 139 - dated historical observations override modern context until their exclusive interval end
2026-10-04T03:24:19.2771632Z   ---
2026-10-04T03:24:19.2771823Z   duration_ms: 0.34602
2026-10-04T03:24:19.2772041Z   type: 'test'
2026-10-04T03:24:19.2772238Z   ...
2026-10-04T03:24:19.2772699Z # Subtest: explicit dated uncertainty and unmapped source text cannot be replaced by a baseline
2026-10-04T03:24:19.2773400Z ok 140 - explicit dated uncertainty and unmapped source text cannot be replaced by a baseline
2026-10-04T03:24:19.2773832Z   ---
2026-10-04T03:24:19.2774025Z   duration_ms: 0.475966
2026-10-04T03:24:19.2774390Z   type: 'test'
2026-10-04T03:24:19.2774589Z   ...
2026-10-04T03:24:19.2775011Z # Subtest: only supported environmental references can supply presentation context
2026-10-04T03:24:19.2775636Z ok 141 - only supported environmental references can supply presentation context
2026-10-04T03:24:19.2776020Z   ---
2026-10-04T03:24:19.2776211Z   duration_ms: 0.282885
2026-10-04T03:24:19.2776435Z   type: 'test'
2026-10-04T03:24:19.2776634Z   ...
2026-10-04T03:24:19.2777094Z # Subtest: invalidated geography cannot retain environmental context or restore a dated field
2026-10-04T03:24:19.2777790Z ok 142 - invalidated geography cannot retain environmental context or restore a dated field
2026-10-04T03:24:19.2778215Z   ---
2026-10-04T03:24:19.2778405Z   duration_ms: 0.34604
2026-10-04T03:24:19.2778628Z   type: 'test'
2026-10-04T03:24:19.2778820Z   ...
2026-10-04T03:24:19.2779244Z # Subtest: reference source dates and environmental caveats survive display unchanged
2026-10-04T03:24:19.2779871Z ok 143 - reference source dates and environmental caveats survive display unchanged
2026-10-04T03:24:19.2780264Z   ---
2026-10-04T03:24:19.2780456Z   duration_ms: 1.134655
2026-10-04T03:24:19.2780679Z   type: 'test'
2026-10-04T03:24:19.2780877Z   ...
2026-10-04T03:24:19.2781434Z # Subtest: an evidence outage leaves historical fields unknown while immutable reference context remains available
2026-10-04T03:24:19.2782290Z ok 144 - an evidence outage leaves historical fields unknown while immutable reference context remains available
2026-10-04T03:24:19.2782781Z   ---
2026-10-04T03:24:19.2782978Z   duration_ms: 0.25289
2026-10-04T03:24:19.2783208Z   type: 'test'
2026-10-04T03:24:19.2783406Z   ...
2026-10-04T03:24:19.2783937Z # Subtest: missing baselines remain unknown and non-environmental fields never acquire environmental context
2026-10-04T03:24:19.2784869Z ok 145 - missing baselines remain unknown and non-environmental fields never acquire environmental context
2026-10-04T03:24:19.2785353Z   ---
2026-10-04T03:24:19.2785551Z   duration_ms: 1.49011
2026-10-04T03:24:19.2785773Z   type: 'test'
2026-10-04T03:24:19.2785971Z   ...
2026-10-04T03:24:19.2786487Z # Subtest: baseline selection is deterministic and keeps the chosen source interval rather than extending it
2026-10-04T03:24:19.2787282Z ok 146 - baseline selection is deterministic and keeps the chosen source interval rather than extending it
2026-10-04T03:24:19.2787742Z   ---
2026-10-04T03:24:19.2787943Z   duration_ms: 3.658798
2026-10-04T03:24:19.2788165Z   type: 'test'
2026-10-04T03:24:19.2788362Z   ...
2026-10-04T03:24:19.2788871Z # Subtest: compact and legacy context decoding preserve original supported intervals and source metadata
2026-10-04T03:24:19.2789650Z ok 147 - compact and legacy context decoding preserve original supported intervals and source metadata
2026-10-04T03:24:19.2790112Z   ---
2026-10-04T03:24:19.2790312Z   duration_ms: 0.785871
2026-10-04T03:24:19.2790676Z   type: 'test'
2026-10-04T03:24:19.2790875Z   ...
2026-10-04T03:24:19.2791364Z # Subtest: discovery preserves identity/source metadata and pages every result with bounded filters
2026-10-04T03:24:19.2792117Z ok 148 - discovery preserves identity/source metadata and pages every result with bounded filters
2026-10-04T03:24:19.2792569Z   ---
2026-10-04T03:24:19.2792765Z   duration_ms: 216.35158
2026-10-04T03:24:19.2792991Z   type: 'test'
2026-10-04T03:24:19.2793191Z   ...
2026-10-04T03:24:19.2793876Z # Subtest: relationship pages exhaust both directions beyond profile truncation with date/example/withdrawal filtering
2026-10-04T03:24:19.2794901Z ok 149 - relationship pages exhaust both directions beyond profile truncation with date/example/withdrawal filtering
2026-10-04T03:24:19.2795422Z   ---
2026-10-04T03:24:19.2795622Z   duration_ms: 117.39553
2026-10-04T03:24:19.2795848Z   type: 'test'
2026-10-04T03:24:19.2796044Z   ...
2026-10-04T03:24:19.2796624Z # Subtest: media link pages preserve every active link and omit withdrawn, pending and unsupported-year links
2026-10-04T03:24:19.2797447Z ok 150 - media link pages preserve every active link and omit withdrawn, pending and unsupported-year links
2026-10-04T03:24:19.2797913Z   ---
2026-10-04T03:24:19.2798105Z   duration_ms: 119.75798
2026-10-04T03:24:19.2798329Z   type: 'test'
2026-10-04T03:24:19.2798522Z   ...
2026-10-04T03:24:19.2799066Z # Subtest: capacity reports measured bytes and declared budgets without claiming a managed quota or prepared assets
2026-10-04T03:24:19.2799920Z ok 151 - capacity reports measured bytes and declared budgets without claiming a managed quota or prepared assets
2026-10-04T03:24:19.2800408Z   ---
2026-10-04T03:24:19.2800599Z   duration_ms: 37.265953
2026-10-04T03:24:19.2800823Z   type: 'test'
2026-10-04T03:24:19.2801019Z   ...
2026-10-04T03:24:19.2801495Z # Subtest: catalog and graph reads reject revision changes instead of publishing inconsistent pages
2026-10-04T03:24:19.2802234Z ok 152 - catalog and graph reads reject revision changes instead of publishing inconsistent pages
2026-10-04T03:24:19.2802675Z   ---
2026-10-04T03:24:19.2802871Z   duration_ms: 34.256921
2026-10-04T03:24:19.2803094Z   type: 'test'
2026-10-04T03:24:19.2803291Z   ...
2026-10-04T03:24:19.2803723Z # Subtest: six schema variants partition all IDs and preserve explicit semantic openness
2026-10-04T03:24:19.2804883Z ok 153 - six schema variants partition all IDs and preserve explicit semantic openness
2026-10-04T03:24:19.2805304Z   ---
2026-10-04T03:24:19.2805506Z   duration_ms: 9.546096
2026-10-04T03:24:19.2805730Z   type: 'test'
2026-10-04T03:24:19.2805926Z   ...
2026-10-04T03:24:19.2806401Z # Subtest: raw hashing preserves float lexemes, signed zero, exponent precision and Unicode policy
2026-10-04T03:24:19.2807125Z ok 154 - raw hashing preserves float lexemes, signed zero, exponent precision and Unicode policy
2026-10-04T03:24:19.2807560Z   ---
2026-10-04T03:24:19.2807755Z   duration_ms: 1.187664
2026-10-04T03:24:19.2807973Z   type: 'test'
2026-10-04T03:24:19.2808173Z   ...
2026-10-04T03:24:19.2808576Z # Subtest: duplicate reports, stale polygons and incomplete parent chains fail
2026-10-04T03:24:19.2809165Z ok 155 - duplicate reports, stale polygons and incomplete parent chains fail
2026-10-04T03:24:19.2809535Z   ---
2026-10-04T03:24:19.2809726Z   duration_ms: 3.571387
2026-10-04T03:24:19.2809947Z   type: 'test'
2026-10-04T03:24:19.2810139Z   ...
2026-10-04T03:24:19.2810573Z # Subtest: parent membership cannot overlap, omit a child or claim unsupported approval
2026-10-04T03:24:19.2811222Z ok 156 - parent membership cannot overlap, omit a child or claim unsupported approval
2026-10-04T03:24:19.2811623Z   ---
2026-10-04T03:24:19.2811819Z   duration_ms: 6.253278
2026-10-04T03:24:19.2812035Z   type: 'test'
2026-10-04T03:24:19.2812230Z   ...
2026-10-04T03:24:19.2812638Z # Subtest: owner labels and source policy identities are exhaustively crosswalked
2026-10-04T03:24:19.2813235Z ok 157 - owner labels and source policy identities are exhaustively crosswalked
2026-10-04T03:24:19.2813775Z   ---
2026-10-04T03:24:19.2813970Z   duration_ms: 5.240065
2026-10-04T03:24:19.2814313Z   type: 'test'
2026-10-04T03:24:19.2814510Z   ...
2026-10-04T03:24:19.2814931Z # Subtest: removed/new IDs require archival receipts and migration is never inferred
2026-10-04T03:24:19.2815552Z ok 158 - removed/new IDs require archival receipts and migration is never inferred
2026-10-04T03:24:19.2815937Z   ---
2026-10-04T03:24:19.2816127Z   duration_ms: 9.974219
2026-10-04T03:24:19.2816347Z   type: 'test'
2026-10-04T03:24:19.2816659Z   ...
2026-10-04T03:24:19.2817084Z # Subtest: fresh-clone reader verifies every file pin without Python or cache access
2026-10-04T03:24:19.2817703Z ok 159 - fresh-clone reader verifies every file pin without Python or cache access
2026-10-04T03:24:19.2818087Z   ---
2026-10-04T03:24:19.2818274Z   duration_ms: 60.99307
2026-10-04T03:24:19.2818490Z   type: 'test'
2026-10-04T03:24:19.2818683Z   ...
2026-10-04T03:24:19.2819156Z # Subtest: changed source bytes or missing continent ledger reject the read-only snapshot
2026-10-04T03:24:19.2819817Z ok 160 - changed source bytes or missing continent ledger reject the read-only snapshot
2026-10-04T03:24:19.2820230Z   ---
2026-10-04T03:24:19.2820433Z   duration_ms: 36.234763
2026-10-04T03:24:19.2820662Z   type: 'test'
2026-10-04T03:24:19.2820857Z   ...
2026-10-04T03:24:19.2821265Z # Subtest: a renamed complete ledger cannot leak into website deployment assets
2026-10-04T03:24:19.2821862Z ok 161 - a renamed complete ledger cannot leak into website deployment assets
2026-10-04T03:24:19.2822237Z   ---
2026-10-04T03:24:19.2822428Z   duration_ms: 31.10245
2026-10-04T03:24:19.2822645Z   type: 'test'
2026-10-04T03:24:19.2822837Z   ...
2026-10-04T03:24:19.2823293Z # Subtest: source-parent measurements require current footprint context and actual members
2026-10-04T03:24:19.2823978Z ok 162 - source-parent measurements require current footprint context and actual members
2026-10-04T03:24:19.2824513Z   ---
2026-10-04T03:24:19.2824704Z   duration_ms: 51.640975
2026-10-04T03:24:19.2824931Z   type: 'test'
2026-10-04T03:24:19.2825146Z   ...
2026-10-04T03:24:19.2825690Z # Subtest: checkpoint packing deterministically preserves all fourteen exported tables and every original byte
2026-10-04T03:24:19.2826549Z ok 163 - checkpoint packing deterministically preserves all fourteen exported tables and every original byte
2026-10-04T03:24:19.2827048Z   ---
2026-10-04T03:24:19.2827254Z   duration_ms: 344.754722
2026-10-04T03:24:19.2827490Z   type: 'test'
2026-10-04T03:24:19.2827695Z   ...
2026-10-04T03:24:19.2828296Z # Subtest: checkpoint rejects compressed tampering, original hashes and unsafe paths without publishing partial output
2026-10-04T03:24:19.2829196Z ok 164 - checkpoint rejects compressed tampering, original hashes and unsafe paths without publishing partial output
2026-10-04T03:24:19.2829713Z   ---
2026-10-04T03:24:19.2829907Z   duration_ms: 150.650866
2026-10-04T03:24:19.2830155Z   type: 'test'
2026-10-04T03:24:19.2830356Z   ...
2026-10-04T03:24:19.2830780Z # Subtest: a recomputed gzip hash cannot bypass the independent decompression bound
2026-10-04T03:24:19.2831636Z ok 165 - a recomputed gzip hash cannot bypass the independent decompression bound
2026-10-04T03:24:19.2832396Z   ---
2026-10-04T03:24:19.2832732Z   duration_ms: 167.389069
2026-10-04T03:24:19.2833127Z   type: 'test'
2026-10-04T03:24:19.2833473Z   ...
2026-10-04T03:24:19.2834413Z # Subtest: symlinked checkpoint parts and changed source exports are rejected without replacing evidence
2026-10-04T03:24:19.2835513Z ok 166 - symlinked checkpoint parts and changed source exports are rejected without replacing evidence
2026-10-04T03:24:19.2836123Z   ---
2026-10-04T03:24:19.2836488Z   duration_ms: 137.682817
2026-10-04T03:24:19.2836903Z   type: 'test'
2026-10-04T03:24:19.2849946Z   ...
2026-10-04T03:24:19.2850806Z # Subtest: existing destinations are immutable and ordinary restore validates source hashes before any database call
2026-10-04T03:24:19.2851728Z ok 167 - existing destinations are immutable and ordinary restore validates source hashes before any database call
2026-10-04T03:24:19.2852489Z   ---
2026-10-04T03:24:19.2852707Z   duration_ms: 136.212718
2026-10-04T03:24:19.2852951Z   type: 'test'
2026-10-04T03:24:19.2853169Z   ...
2026-10-04T03:24:19.2853621Z # Subtest: verified existing destinations reject checkpoint identity-summary tampering
2026-10-04T03:24:19.2854452Z ok 168 - verified existing destinations reject checkpoint identity-summary tampering
2026-10-04T03:24:19.2854864Z   ---
2026-10-04T03:24:19.2855226Z   duration_ms: 193.029972
2026-10-04T03:24:19.2855462Z   type: 'test'
2026-10-04T03:24:19.2855669Z   ...
2026-10-04T03:24:19.2856074Z # Subtest: stale body, state, candidate bytes and active worker/PR prevent writes
2026-10-04T03:24:19.2856673Z ok 169 - stale body, state, candidate bytes and active worker/PR prevent writes
2026-10-04T03:24:19.2857056Z   ---
2026-10-04T03:24:19.2857255Z   duration_ms: 4.006962
2026-10-04T03:24:19.2857483Z   type: 'test'
2026-10-04T03:24:19.2857689Z   ...
2026-10-04T03:24:19.2858043Z # Subtest: unrelated scope and original prose cannot be overwritten
2026-10-04T03:24:19.2858559Z ok 170 - unrelated scope and original prose cannot be overwritten
2026-10-04T03:24:19.2858894Z   ---
2026-10-04T03:24:19.2859090Z   duration_ms: 0.763628
2026-10-04T03:24:19.2859311Z   type: 'test'
2026-10-04T03:24:19.2859512Z   ...
2026-10-04T03:24:19.2859969Z # Subtest: read-only preflight issues no writes and checks the complete batch before applying
2026-10-04T03:24:19.2860671Z ok 171 - read-only preflight issues no writes and checks the complete batch before applying
2026-10-04T03:24:19.2860766Z   ---
2026-10-04T03:24:19.2860865Z   duration_ms: 7.98526
2026-10-04T03:24:19.2860957Z   type: 'test'
2026-10-04T03:24:19.2861045Z   ...
2026-10-04T03:24:19.2861340Z # Subtest: bounded application reads back each correction and is idempotent
2026-10-04T03:24:19.2861610Z ok 172 - bounded application reads back each correction and is idempotent
2026-10-04T03:24:19.2861696Z   ---
2026-10-04T03:24:19.2861797Z   duration_ms: 6.822713
2026-10-04T03:24:19.2861887Z   type: 'test'
2026-10-04T03:24:19.2861967Z   ...
2026-10-04T03:24:19.2862291Z # Subtest: failed readback retains partial receipt and stops before remaining writes
2026-10-04T03:24:19.2862598Z ok 173 - failed readback retains partial receipt and stops before remaining writes
2026-10-04T03:24:19.2862678Z   ---
2026-10-04T03:24:19.2862778Z   duration_ms: 3.958278
2026-10-04T03:24:19.2862863Z   type: 'test'
2026-10-04T03:24:19.2862948Z   ...
2026-10-04T03:24:19.2863211Z # Subtest: unexpected issue scope cannot expand the mutation targets
2026-10-04T03:24:19.2863452Z ok 174 - unexpected issue scope cannot expand the mutation targets
2026-10-04T03:24:19.2863539Z   ---
2026-10-04T03:24:19.2863636Z   duration_ms: 0.440462
2026-10-04T03:24:19.2863721Z   type: 'test'
2026-10-04T03:24:19.2863807Z   ...
2026-10-04T03:24:19.2864220Z # Subtest: fresh body recheck prevents overwriting an edit after batch preflight
2026-10-04T03:24:19.2864518Z ok 175 - fresh body recheck prevents overwriting an edit after batch preflight
2026-10-04T03:24:19.2864604Z   ---
2026-10-04T03:24:19.2864696Z   duration_ms: 2.223932
2026-10-04T03:24:19.2864785Z   type: 'test'
2026-10-04T03:24:19.2864869Z   ...
2026-10-04T03:24:19.2865211Z # Subtest: scope property serialization order does not imply changed release or ownership
2026-10-04T03:24:19.2865538Z ok 176 - scope property serialization order does not imply changed release or ownership
2026-10-04T03:24:19.2865622Z   ---
2026-10-04T03:24:19.2865717Z   duration_ms: 0.373
2026-10-04T03:24:19.2865809Z   type: 'test'
2026-10-04T03:24:19.2865894Z   ...
2026-10-04T03:24:19.2866204Z # Subtest: a wrong hash label is rejected even when source scope is otherwise unchanged
2026-10-04T03:24:19.2866503Z ok 177 - a wrong hash label is rejected even when source scope is otherwise unchanged
2026-10-04T03:24:19.2866582Z   ---
2026-10-04T03:24:19.2866679Z   duration_ms: 0.745951
2026-10-04T03:24:19.2866768Z   type: 'test'
2026-10-04T03:24:19.2867001Z   ...
2026-10-04T03:24:19.2867357Z # Subtest: issue-claims.yml: actual sparse declarations include trusted module dependencies
2026-10-04T03:24:19.2867696Z ok 178 - issue-claims.yml: actual sparse declarations include trusted module dependencies
2026-10-04T03:24:19.2867775Z   ---
2026-10-04T03:24:19.2867874Z   duration_ms: 96.958137
2026-10-04T03:24:19.2867965Z   type: 'test'
2026-10-04T03:24:19.2868044Z   ...
2026-10-04T03:24:19.2868505Z # Subtest: worker-merge.yml: actual sparse declarations include trusted module dependencies
2026-10-04T03:24:19.2868835Z ok 179 - worker-merge.yml: actual sparse declarations include trusted module dependencies
2026-10-04T03:24:19.2868916Z   ---
2026-10-04T03:24:19.2869018Z   duration_ms: 334.155233
2026-10-04T03:24:19.2869103Z   type: 'test'
2026-10-04T03:24:19.2869191Z   ...
2026-10-04T03:24:19.2869549Z # Subtest: handoff-scope.yml: actual sparse declarations include trusted module dependencies
2026-10-04T03:24:19.2869879Z ok 180 - handoff-scope.yml: actual sparse declarations include trusted module dependencies
2026-10-04T03:24:19.2869972Z   ---
2026-10-04T03:24:19.2870071Z   duration_ms: 266.143867
2026-10-04T03:24:19.2870157Z   type: 'test'
2026-10-04T03:24:19.2870240Z   ...
2026-10-04T03:24:19.2870642Z # Subtest: queue-readiness-audit.yml: actual sparse declarations include trusted module dependencies
2026-10-04T03:24:19.2871015Z ok 181 - queue-readiness-audit.yml: actual sparse declarations include trusted module dependencies
2026-10-04T03:24:19.2871101Z   ---
2026-10-04T03:24:19.2871197Z   duration_ms: 82.7327
2026-10-04T03:24:19.2871288Z   type: 'test'
2026-10-04T03:24:19.2871373Z   ...
2026-10-04T03:24:19.2871691Z # Subtest: negative control: old scripts-only tree cannot load relocated regional gate
2026-10-04T03:24:19.2871999Z ok 182 - negative control: old scripts-only tree cannot load relocated regional gate
2026-10-04T03:24:19.2872082Z   ---
2026-10-04T03:24:19.2872176Z   duration_ms: 64.886991
2026-10-04T03:24:19.2872266Z   type: 'test'
2026-10-04T03:24:19.2872355Z   ...
2026-10-04T03:24:19.2872700Z # Subtest: sparse candidate still detects changes and rename sources outside the working tree
2026-10-04T03:24:19.2873033Z ok 183 - sparse candidate still detects changes and rename sources outside the working tree
2026-10-04T03:24:19.2873118Z   ---
2026-10-04T03:24:19.2873210Z   duration_ms: 115.75827
2026-10-04T03:24:19.2873301Z   type: 'test'
2026-10-04T03:24:19.2873380Z   ...
2026-10-04T03:24:19.2873746Z # Subtest: registration is additive, versioned, immutable and JSON-only; conflicts fail closed
2026-10-04T03:24:19.2874088Z ok 184 - registration is additive, versioned, immutable and JSON-only; conflicts fail closed
2026-10-04T03:24:19.2874396Z   ---
2026-10-04T03:24:19.2874546Z   duration_ms: 9.275099
2026-10-04T03:24:19.2874638Z   type: 'test'
2026-10-04T03:24:19.2874717Z   ...
2026-10-04T03:24:19.2875113Z # Subtest: serialization hooks/getters cannot replace module identity or metadata, and never execute
2026-10-04T03:24:19.2875493Z ok 185 - serialization hooks/getters cannot replace module identity or metadata, and never execute
2026-10-04T03:24:19.2875574Z   ---
2026-10-04T03:24:19.2875671Z   duration_ms: 3.540892
2026-10-04T03:24:19.2875756Z   type: 'test'
2026-10-04T03:24:19.2875843Z   ...
2026-10-04T03:24:19.2876185Z # Subtest: false and literal zero remain sourced; absent, unknown and unresolved are distinct
2026-10-04T03:24:19.2876508Z ok 186 - false and literal zero remain sourced; absent, unknown and unresolved are distinct
2026-10-04T03:24:19.2876594Z   ---
2026-10-04T03:24:19.2876694Z   duration_ms: 1.303639
2026-10-04T03:24:19.2876780Z   type: 'test'
2026-10-04T03:24:19.2876866Z   ...
2026-10-04T03:24:19.2877233Z # Subtest: no year zero, interval extrapolation, lifetime overflow or modern-reference promotion
2026-10-04T03:24:19.2877577Z ok 187 - no year zero, interval extrapolation, lifetime overflow or modern-reference promotion
2026-10-04T03:24:19.2877663Z   ---
2026-10-04T03:24:19.2877754Z   duration_ms: 1.119713
2026-10-04T03:24:19.2877985Z   type: 'test'
2026-10-04T03:24:19.2878069Z   ...
2026-10-04T03:24:19.2878496Z # Subtest: numeric measurement rejects incompatible units, PPP, cohort, household weighting and uncertainty
2026-10-04T03:24:19.2878911Z ok 188 - numeric measurement rejects incompatible units, PPP, cohort, household weighting and uncertainty
2026-10-04T03:24:19.2878995Z   ---
2026-10-04T03:24:19.2879089Z   duration_ms: 13.079105
2026-10-04T03:24:19.2879180Z   type: 'test'
2026-10-04T03:24:19.2879267Z   ...
2026-10-04T03:24:19.2879760Z # Subtest: entity government, controlled identities and feature links preserve the existing graph
2026-10-04T03:24:19.2880122Z ok 189 - entity government, controlled identities and feature links preserve the existing graph
2026-10-04T03:24:19.2880208Z   ---
2026-10-04T03:24:19.2880301Z   duration_ms: 0.89858
2026-10-04T03:24:19.2880395Z   type: 'test'
2026-10-04T03:24:19.2880479Z   ...
2026-10-04T03:24:19.2880957Z # Subtest: direct/derived/reference/estimate/example precedence, explicit unknown and retirements are deterministic
2026-10-04T03:24:19.2881422Z ok 190 - direct/derived/reference/estimate/example precedence, explicit unknown and retirements are deterministic
2026-10-04T03:24:19.2881505Z   ---
2026-10-04T03:24:19.2881602Z   duration_ms: 6.339467
2026-10-04T03:24:19.2881697Z   type: 'test'
2026-10-04T03:24:19.2881776Z   ...
2026-10-04T03:24:19.2882160Z # Subtest: directly quoted estimates retain estimate labels and the preserved method-based priority
2026-10-04T03:24:19.2882529Z ok 191 - directly quoted estimates retain estimate labels and the preserved method-based priority
2026-10-04T03:24:19.2882608Z   ---
2026-10-04T03:24:19.2882704Z   duration_ms: 0.350397
2026-10-04T03:24:19.2882790Z   type: 'test'
2026-10-04T03:24:19.2882874Z   ...
2026-10-04T03:24:19.2883317Z # Subtest: shared pure snapshot seam round-trips all retained source, unit and derivation metadata without mutation
2026-10-04T03:24:19.2883738Z ok 192 - shared pure snapshot seam round-trips all retained source, unit and derivation metadata without mutation
2026-10-04T03:24:19.2883828Z   ---
2026-10-04T03:24:19.2883923Z   duration_ms: 4.503848
2026-10-04T03:24:19.2884007Z   type: 'test'
2026-10-04T03:24:19.2884093Z   ...
2026-10-04T03:24:19.2884523Z # Subtest: existing eight attributes, legacy values and precedence stay unchanged
2026-10-04T03:24:19.2884820Z ok 193 - existing eight attributes, legacy values and precedence stay unchanged
2026-10-04T03:24:19.2884907Z   ---
2026-10-04T03:24:19.2885003Z   duration_ms: 5.01084
2026-10-04T03:24:19.2885088Z   type: 'test'
2026-10-04T03:24:19.2885177Z   ...
2026-10-04T03:24:19.2885577Z # Subtest: retained synthetic transport fixture matches date-pinned expected results and original bytes
2026-10-04T03:24:19.2885966Z ok 194 - retained synthetic transport fixture matches date-pinned expected results and original bytes
2026-10-04T03:24:19.2886050Z   ---
2026-10-04T03:24:19.2886139Z   duration_ms: 9.302459
2026-10-04T03:24:19.2886229Z   type: 'test'
2026-10-04T03:24:19.2886319Z   ...
2026-10-04T03:24:19.2886598Z # Subtest: results are bound to the bot, request and issue, including denial
2026-10-04T03:24:19.2886865Z ok 195 - results are bound to the bot, request and issue, including denial
2026-10-04T03:24:19.2886950Z   ---
2026-10-04T03:24:19.2887040Z   duration_ms: 1.540826
2026-10-04T03:24:19.2887131Z   type: 'test'
2026-10-04T03:24:19.2887210Z   ...
2026-10-04T03:24:19.2887575Z # Subtest: latest matching response wins, unrelated or malformed comments cannot confer ownership
2026-10-04T03:24:19.2887927Z ok 196 - latest matching response wins, unrelated or malformed comments cannot confer ownership
2026-10-04T03:24:19.2888007Z   ---
2026-10-04T03:24:19.2888105Z   duration_ms: 0.271698
2026-10-04T03:24:19.2888196Z   type: 'test'
2026-10-04T03:24:19.2888275Z   ...
2026-10-04T03:24:19.2888640Z # Subtest: positive confirmations require current exact canonical ownership, not stale success
2026-10-04T03:24:19.2888984Z ok 197 - positive confirmations require current exact canonical ownership, not stale success
2026-10-04T03:24:19.2889216Z   ---
2026-10-04T03:24:19.2889313Z   duration_ms: 1.298311
2026-10-04T03:24:19.2889404Z   type: 'test'
2026-10-04T03:24:19.2889484Z   ...
2026-10-04T03:24:19.2889818Z # Subtest: bootstrap fallback requires exact request and releases require inactive state
2026-10-04T03:24:19.2890131Z ok 198 - bootstrap fallback requires exact request and releases require inactive state
2026-10-04T03:24:19.2890217Z   ---
2026-10-04T03:24:19.2890310Z   duration_ms: 0.434343
2026-10-04T03:24:19.2890396Z   type: 'test'
2026-10-04T03:24:19.2890593Z   ...
2026-10-04T03:24:19.2890943Z # Subtest: merge responses retain exact PR binding and embedded HTML cannot break the marker
2026-10-04T03:24:19.2891271Z ok 199 - merge responses retain exact PR binding and embedded HTML cannot break the marker
2026-10-04T03:24:19.2891357Z   ---
2026-10-04T03:24:19.2891455Z   duration_ms: 0.490848
2026-10-04T03:24:19.2891538Z   type: 'test'
2026-10-04T03:24:19.2891622Z   ...
2026-10-04T03:24:19.2891711Z 1..199
2026-10-04T03:24:19.2891803Z # tests 199
2026-10-04T03:24:19.2891893Z # suites 0
2026-10-04T03:24:19.2891978Z # pass 199
2026-10-04T03:24:19.2892066Z # fail 0
2026-10-04T03:24:19.2892159Z # cancelled 0
2026-10-04T03:24:19.2892244Z # skipped 0
2026-10-04T03:24:19.2892330Z # todo 0
2026-10-04T03:24:19.2892443Z # duration_ms 244307.758104
2026-10-04T03:24:19.2986287Z Post job cleanup.
2026-10-04T03:24:19.6271405Z (node:3919) [DEP0040] DeprecationWarning: The `punycode` module is deprecated. Please use a userland alternative instead.
2026-10-04T03:24:19.6272480Z (Use `node --trace-deprecation ...` to show where the warning was created)
2026-10-04T03:24:19.6539673Z Post job cleanup.
2026-10-04T03:24:19.8692233Z Post job cleanup.
2026-10-04T03:24:19.9788811Z [command]/usr/bin/git version
2026-10-04T03:24:19.9886218Z git version 2.55.0
2026-10-04T03:24:19.9933938Z Temporarily overriding HOME='/home/runner/work/_temp/4470702d-7613-445d-af93-c26ab498ea58' before making global git config changes
2026-10-04T03:24:19.9937595Z Adding repository directory to the temporary git global config as a safe directory
2026-10-04T03:24:19.9940938Z [command]/usr/bin/git config --global --add safe.directory /home/runner/work/WorldAtlas/WorldAtlas
2026-10-04T03:24:20.0047957Z Removing SSH command configuration
2026-10-04T03:24:20.0049885Z [command]/usr/bin/git config --local --name-only --get-regexp core\.sshCommand
2026-10-04T03:24:20.0073718Z [command]/usr/bin/git submodule foreach --recursive sh -c "git config --local --name-only --get-regexp 'core\.sshCommand' && git config --local --unset-all 'core.sshCommand' || :"
2026-10-04T03:24:20.0526273Z Removing HTTP extra header
2026-10-04T03:24:20.0527431Z [command]/usr/bin/git config --local --name-only --get-regexp http\.https\:\/\/github\.com\/\.extraheader
2026-10-04T03:24:20.0608680Z [command]/usr/bin/git submodule foreach --recursive sh -c "git config --local --name-only --get-regexp 'http\.https\:\/\/github\.com\/\.extraheader' && git config --local --unset-all 'http.https://github.com/.extraheader' || :"
2026-10-04T03:24:20.1158164Z Removing includeIf entries pointing to credentials config files
2026-10-04T03:24:20.1195093Z [command]/usr/bin/git config --local --name-only --get-regexp ^includeIf\.gitdir:
2026-10-04T03:24:20.1266103Z [command]/usr/bin/git submodule foreach --recursive git config --local --show-origin --name-only --get-regexp remote.origin.url
2026-10-04T03:24:20.1995992Z Cleaning up orphan processes
2026-10-04T03:24:20.2440655Z ##[warning]Node.js 20 is deprecated. The following actions target Node.js 20 but are being forced to run on Node.js 24: actions/setup-python@a26af69be951a213d495a4c3e4e4022e16d87065. For more information see: https://github.blog/changelog/2025-09-19-deprecation-of-node-20-on-github-actions-runners/
