npm warn tarball tarball data for webworkify@https://registry.npmjs.org/webworkify/-/webworkify-1.5.0.tgz (sha512-AMcUeyXAhbACL8S2hqqdqOLqvJ8ylmIbNwUIqQujRSouf4+eUFaXbG6F1Rbu+srlJMmxQWsiU7mOJi0nMBfM1g==) seems to be corrupted. Trying again.
npm warn tarball tarball data for youch-core@https://registry.npmjs.org/youch-core/-/youch-core-0.3.3.tgz (sha512-ho7XuGjLaJ2hWHoK8yFnsUGy2Y5uDpqSTq1FkHLK4/oqKtyUU1AFbOOxY4IpC9f0fTLjwYbslUz0Po5BpD1wrA==) seems to be corrupted. Trying again.
npm warn tarball tarball data for zstddec@https://registry.npmjs.org/zstddec/-/zstddec-0.2.0.tgz (sha512-oyPnDa1X5c13+Y7mA/FDMNJrn4S8UNBe0KCqtDmor40Re7ALrPN6npFwyYVRRh+PqozZQdeg23QtbcamZnG5rA==) seems to be corrupted. Trying again.
npm warn tarball tarball data for zod@https://registry.npmjs.org/zod/-/zod-4.6.5.tgz (sha512-v5l/aFXZQeai4awLbOpSoHecE9UiMrnfx75tEXLjNonXVARxQ5mOeipTjROUchszUNCqnE+hqAMujRsRHsut2Q==) seems to be corrupted. Trying again.
npm warn tarball tarball data for wrangler@https://registry.npmjs.org/wrangler/-/wrangler-4.146.0.tgz (sha512-c27eHUH0Isr8HTmgZ6cLtLr/0cxtiBoLren6ywBeTW8ZIzj/dINVNBcqsbZc+iETnI5jrzO7E7Z8mLgLZ/l9iw==) seems to be corrupted. Trying again.
npm warn tarball tarball data for youch@https://registry.npmjs.org/youch/-/youch-4.1.0-beta.10.tgz (sha512-rLfVLB4FgQneDr0dv1oddCVZmKjcJ6yX6mS4pU82Mq/Dt9a3cLZQ62pDBL4AUO+uVrCvtWz3ZFUL2HFAFJ/BXQ==) seems to be corrupted. Trying again.
npm warn tarball tarball data for y18n@https://registry.npmjs.org/y18n/-/y18n-5.0.8.tgz (sha512-0pfFzegeDWJHJIAmTLRP2DwHjdF5s7jo9tuztdQxAhINCdvS+3nGINqPd00AphqJR/0LhANUS6/+7SCb98YOfA==) seems to be corrupted. Trying again.
npm warn tarball tarball data for yargs-parser@https://registry.npmjs.org/yargs-parser/-/yargs-parser-22.0.0.tgz (sha512-rwu/ClNdSMpkSrUb+d6BRsSkLUq1fmfsY6TOpYzTwvwkg1/NRG85KBy3kq++A8LKQwX6lsu+aWad+2khvuXrqw==) seems to be corrupted. Trying again.
npm warn tarball tarball data for wkt-parser@https://registry.npmjs.org/wkt-parser/-/wkt-parser-1.5.6.tgz (sha512-cqHU3lzGt/gt2OqIORP0uVy5yeOX43WABmgFkmJsmcqH3HhQo9PiJG6ftytwGKmpQUbegeX7+pQc2BuNCRfcrw==) seems to be corrupted. Trying again.
npm warn tarball tarball data for ws@https://registry.npmjs.org/ws/-/ws-8.21.0.tgz (sha512-Vsp28b7DRcimFQvrqu2Wek3z1iYxDCWqHYB8Qsnk/S4RfaCQzPGPyBNuVjJV3cd6UiKtUtp6sNM77gWvzcCH+g==) seems to be corrupted. Trying again.
npm warn tarball tarball data for wkx@https://registry.npmjs.org/wkx/-/wkx-0.4.8.tgz (sha512-ikPXMM9IR/gy/LwiOSqWlSL3X/J5uk9EO2hHNRXS41eTLXaUFEVw9fn/593jW/tE5tedNg8YjT5HkCa4FqQZyQ==) seems to be corrupted. Trying again.
npm warn tarball tarball data for workerd@https://registry.npmjs.org/workerd/-/workerd-1.20261001.1.tgz (sha512-d/SIYHFO0PT/wiFZg8in4NpRIxYuFwslX1HdylOtWkBIIUmSpkGFhK820cV84XACFylwJ48xuRoWW/8DWDPsPQ==) seems to be corrupted. Trying again.
npm warn tarball tarball data for yargs@https://registry.npmjs.org/yargs/-/yargs-18.2.0.tgz (sha512-9OpKOLeaoNFecEp7P6iYbzze/5CqWoH7N3SMs/6y1XF4nMvFMspEGZzJ6uFi9MmQwXhyzqYoSEKO3tvA3Z/o2w==) seems to be corrupted. Trying again.
npm warn tarball tarball data for xml-utils@https://registry.npmjs.org/xml-utils/-/xml-utils-1.10.2.tgz (sha512-RqM+2o1RYs6T8+3DzDSoTRAUfrvaejbVHcp3+thnAtDKo8LskR+HomLajEy5UjTz24rpka7AxVBRR3g2wTUkJA==) seems to be corrupted. Trying again.
npm warn tarball tarball data for zarrita@https://registry.npmjs.org/zarrita/-/zarrita-0.7.5.tgz (sha512-ZriOSEne+Wf2iuM0yjDZvUKpHNlug3dO7qJ6mAxXoOgsYV18DPOkAkwB9e0rf21bHcKcOffFuwoZwn5g6pvUeA==) seems to be corrupted. Trying again.
npm warn tarball tarball data for vite@https://registry.npmjs.org/vite/-/vite-7.3.6.tgz (sha512-4XP60spRGjSZFf1qYH+dJIkK2znL3zQfl9KkOV9MkkRR/3Dls0dxaBsQPTloEc5BLXWPL9vsOxopxyKoMmDueg==) seems to be corrupted. Trying again.
npm warn tarball tarball data for unzipit@https://registry.npmjs.org/unzipit/-/unzipit-2.0.0.tgz (sha512-DVeVIWUZCAQPNzm5sB0hpsG1GygTTdBnzNtYYEpInkttx5evkyqRgZi6rTczoySqp8hO5jHVKzrH0f23X8FZLg==) seems to be corrupted. Trying again.
npm warn tarball tarball data for unenv@https://registry.npmjs.org/unenv/-/unenv-2.0.0-rc.24.tgz (sha512-i7qRCmY42zmCwnYlh9H2SvLEypEFGye5iRmEMKjcGi7zk9UquigRjFtTLz0TYqr0ZGLZhaMHl/foy1bZR+Cwlw==) seems to be corrupted. Trying again.
npm warn tarball tarball data for util-deprecate@https://registry.npmjs.org/util-deprecate/-/util-deprecate-1.0.2.tgz (sha512-EPD5q1uXyFxJpCrLnCc1nHnq3gOa6DZBocAIiI2TaSCA7VCJ1UJDMagCzIkXNsUYfD1daK//LTEQ8xiIbrHtcw==) seems to be corrupted. Trying again.
npm warn tarball tarball data for wrap-ansi@https://registry.npmjs.org/wrap-ansi/-/wrap-ansi-9.0.2.tgz (sha512-42AtmgqjV+X1VpdOfyTGOYRi0/zsoLqtXQckTmqTeybT+BDIbM/Guxo7x3pE2vtpr1ok6xRqM9OpBe+Jyoqyww==) seems to be corrupted. Trying again.
npm warn tarball tarball data for undici-types@https://registry.npmjs.org/undici-types/-/undici-types-8.9.0.tgz (sha512-KTDyRTYX8sWmKXAikPHHSyc63CRPETMctyjKFupcC6OBLXT3xsN0e9aF7m+mIXutFWpUXuedtowG7iLOzp0kQg==) seems to be corrupted. Trying again.
npm warn tarball tarball data for web-worker@https://registry.npmjs.org/web-worker/-/web-worker-1.5.0.tgz (sha512-RiMReJrTAiA+mBjGONMnjVDP2u3p9R1vkcGz6gDIrOMT3oGuYwX2WRMYI9ipkphSuE5XKEhydbhNEJh4NY9mlw==) seems to be corrupted. Trying again.
npm warn tarball tarball data for undici@https://registry.npmjs.org/undici/-/undici-7.29.1.tgz (sha512-RYONW2MeafgYlkVOKYKkA/Ag7BmXqgIWCa8t1m0JcxrQg9pI9lEqRhAOruOBCbAohOa/gkCF+iPi9hrgvTzu6Q==) seems to be corrupted. Trying again.
npm warn tarball tarball data for token-types@https://registry.npmjs.org/token-types/-/token-types-4.2.1.tgz (sha512-6udB24Q737UD/SDsKAHI9FCRP7Bqc9D/MQUV02ORQg5iskjtLJlZJNdN4kKtcdtwCeWIwIHDGaUsTsCCAa8sFQ==) seems to be corrupted. Trying again.
npm warn tarball tarball data for typedarray@https://registry.npmjs.org/typedarray/-/typedarray-0.0.6.tgz (sha512-/aCDEGatGvZ2BIk+HmLf4ifCJFwvKFNb9/JeZPMulfgFracn9QFcAf5GO8B/mweUjSoblS5In0cWhqpfs/5PQA==) seems to be corrupted. Trying again.
npm warn tarball tarball data for through@https://registry.npmjs.org/through/-/through-2.3.8.tgz (sha512-w89qg7PI8wAdvX60bMDP+bFoD5Dvhm9oLheFp5O4a2QF0cSBGsBX4qZmadPMvVqlLJBBci+WqGGOAPvcDeNSVg==) seems to be corrupted. Trying again.
npm warn tarball tarball data for tsx@https://registry.npmjs.org/tsx/-/tsx-4.23.15.tgz (sha512-Yiex1Ovn8z2xPpOWckIiysV1SSyRMY9BkLF++q0yKiDxCqRhosKfMg3janKkiLBwZ5c/YryloKwGZcrEmtwxKw==) seems to be corrupted. Trying again.
npm warn tarball tarball data for tinyqueue@https://registry.npmjs.org/tinyqueue/-/tinyqueue-2.0.3.tgz (sha512-ppJZNDuKGgxzkHihX8v9v9G5f+18gzaTfrukGrq6ueg0lmH4nqVnA2IPG0AEH3jKEk2GRJCUhDoqpoiw3PHLBA==) seems to be corrupted. Trying again.
npm warn tarball tarball data for tslib@https://registry.npmjs.org/tslib/-/tslib-2.8.1.tgz (sha512-oJFu94HQb+KVduSUQL7wnpmqnfmLsOA/nAh6b6EH0wCEoK0/mPeXU6c3wKDV83MkOuHPRHtSXKKU99IBazS/2w==) seems to be corrupted. Trying again.
npm warn tarball tarball data for tsscmp@https://registry.npmjs.org/tsscmp/-/tsscmp-1.0.6.tgz (sha512-LxhtAkPDTkVCMQjt2h6eBVY28KCjikZqZfMcC15YBeNjkgUpdCfBu5HoiOTDu86v6smE8yOjyEktJ8hlbANHQA==) seems to be corrupted. Trying again.
npm warn tarball tarball data for tinyglobby@https://registry.npmjs.org/tinyglobby/-/tinyglobby-0.2.17.tgz (sha512-wXR/dYpcqKmfWpEdZjiKJOwCNFndD0DMnrW/cYjVGttEkBfVgcLFHoNrlj47mjOVic9yyNu65alsgF4NQyTa2g==) seems to be corrupted. Trying again.
npm warn tarball tarball data for string_decoder@https://registry.npmjs.org/string_decoder/-/string_decoder-1.3.0.tgz (sha512-hkRX8U1WjJFd8LsDJ2yQ/wWWxaopEsABU1XfkM8A+j0+85JAGppt16cr1Whg6KIbb4okU6Mql6BOj+uup/wKeA==) seems to be corrupted. Trying again.
npm warn tarball tarball data for sync-rpc@https://registry.npmjs.org/sync-rpc/-/sync-rpc-1.3.7.tgz (sha512-YHciI7TUxL8EPqz/bg01sZfwuzQA0odao1wf1Ywdtw7j5vl30aQ6s+bLRTvgPPgzr94cg+WMm6Bxi/P7BJOxgw==) seems to be corrupted. Trying again.
npm warn tarball tarball data for strip-ansi@https://registry.npmjs.org/strip-ansi/-/strip-ansi-7.2.0.tgz (sha512-yDPMNjp4WyfYBkHnjIRLfca1i6KMyGCtsVgoKe/z1+6vukgaENdgGBZt+ZmKPc4gavvEZ5OgHfHdrazhgNyG7w==) seems to be corrupted. Trying again.
npm warn tarball tarball data for then-request@https://registry.npmjs.org/then-request/-/then-request-6.0.2.tgz (sha512-3ZBiG7JvP3wbDzA9iNY5zJQcHL4jn/0BWtXIkagfz7QgOL/LqjCEOBQuJNZfu0XYnv5JhKh+cDxCPM4ILrqruA==) seems to be corrupted. Trying again.
npm warn tarball tarball data for stream-combiner@https://registry.npmjs.org/stream-combiner/-/stream-combiner-0.2.2.tgz (sha512-6yHMqgLYDzQDcAkL+tjJDC5nSNuNIx0vZtRZeiPh7Saef7VHX9H5Ijn9l2VIol2zaNYlYEX6KyuT/237A58qEQ==) seems to be corrupted. Trying again.
npm warn tarball tarball data for string-width@https://registry.npmjs.org/string-width/-/string-width-8.3.0.tgz (sha512-ZbmZM0JCihQN91dWnxoipT2KOEyHqEyfRXUyjuRhW8b/xnqPDoq4gWEVApTVa9db2wN8mmoikgFBbjh71+cGeQ==) seems to be corrupted. Trying again.
npm warn tarball tarball data for sync-request@https://registry.npmjs.org/sync-request/-/sync-request-6.1.0.tgz (sha512-8fjNkrNlNCrVc/av+Jn+xxqfCjYaBoHqCsDz6mt030UMxJGr+GSfCV1dQt2gRtlL63+VPidwDVLr7V2OcTSdRw==) seems to be corrupted. Trying again.
npm warn tarball tarball data for source-map@https://registry.npmjs.org/source-map/-/source-map-0.6.1.tgz (sha512-UjgapumWlbMhkBgzT7Ykc5YXUT46F0iKu8SGXq0bcwP5dz/h0Plj6enJqjz1Zbq2l5WaqYnrVbwWOWMyF3F47g==) seems to be corrupted. Trying again.
npm warn tarball tarball data for split@https://registry.npmjs.org/split/-/split-1.0.1.tgz (sha512-mTyOoPbrivtXnwnIxZRFYRrPNtEFKlpB2fvjSnCQUiAA6qAZzqwna5envK4uk6OIeP17CsdF3rSBGYVBsU0Tkg==) seems to be corrupted. Trying again.
npm warn tarball tarball data for splaytree@https://registry.npmjs.org/splaytree/-/splaytree-3.2.3.tgz (sha512-7OXrNWzy6CK+r7Ch9OLPBDTKfB6XlWHjX4P0RU5B3IgFuWPeYN0XtRtlexGRjgbQxpfaUve6jTAwBGWuGntz/w==) seems to be corrupted. Trying again.
npm warn tarball tarball data for source-map-support@https://registry.npmjs.org/source-map-support/-/source-map-support-0.5.21.tgz (sha512-uBHU3L3czsIyYXKX88fdrGovxdSCoTGDRZ6SYXtSRxLZUzHg5P/66Ht6uoUlHu9EZod+inXhKo3qQgwXUT/y1w==) seems to be corrupted. Trying again.
npm warn tarball tarball data for side-channel-weakmap@https://registry.npmjs.org/side-channel-weakmap/-/side-channel-weakmap-1.0.2.tgz (sha512-WPS/HvHQTYnHisLo9McqBHOJk2FkHO/tlpvldyrnem4aeQp4hai3gythswg6p01oSoTl58rcpiFAjF2br2Ak2A==) seems to be corrupted. Trying again.
npm warn tarball tarball data for slice-source@https://registry.npmjs.org/slice-source/-/slice-source-0.4.1.tgz (sha512-YiuPbxpCj4hD9Qs06hGAz/OZhQ0eDuALN0lRWJez0eD/RevzKqGdUx1IOMUnXgpr+sXZLq3g8ERwbAH0bCb8vg==) seems to be corrupted. Trying again.
npm warn tarball tarball data for simplify-js@https://registry.npmjs.org/simplify-js/-/simplify-js-1.2.4.tgz (sha512-vITfSlwt7h/oyrU42R83mtzFpwYk3+mkH9bOHqq/Qw6n8rtR7aE3NZQ5fbcyCUVVmuMJR6ynsAhOfK2qoah8Jg==) seems to be corrupted. Trying again.
npm warn tarball tarball data for sharp@https://registry.npmjs.org/sharp/-/sharp-0.35.4.tgz (sha512-n++8XWcj+jCOr2IOl7h8LbKnGBDY4aPbmprMONBNFdn0ImXqpGVv5zliDs0V9HbmbCQLpbuo2ej9rAoOQTvMDA==) seems to be corrupted. Trying again.
npm warn tarball tarball data for semver@https://registry.npmjs.org/semver/-/semver-7.8.5.tgz (sha512-Y7/KDsb8LjooZpwaqGyulO6DQlksgCncchHGk+sZIY4SBvUocMBEFH5Ur1fI4dV+Jvl0w6cjvucaIi40puRioA==) seems to be corrupted. Trying again.
npm warn tarball tarball data for supports-color@https://registry.npmjs.org/supports-color/-/supports-color-7.2.0.tgz (sha512-qpCAvRl9stuOHveKsn7HncJRvv501qIacKzQlO/+Lwxc9+0q2wLyv4Dfvt80/DPn2pqOBsJdDiogXGR9+OvwRw==) seems to be corrupted. Trying again.
npm warn tarball tarball data for signal-exit@https://registry.npmjs.org/signal-exit/-/signal-exit-4.1.0.tgz (sha512-bzyZ1e88w9O1iNJbKnOlvYTrWPDl46O1bG0D3XInv+9tkPrxrN8jUUTiFlDkkmKWgn1M6CfIA13SuGqOa9Korw==) seems to be corrupted. Trying again.
npm warn tarball tarball data for source-map-js@https://registry.npmjs.org/source-map-js/-/source-map-js-1.2.2.tgz (sha512-KGj/8Y43x35aZVDtt+J4mK1hoLGHULMYfSkODJNQjNDC3oW1PqPoxMwo0pLUsWM/UEGzON/NxeHywEfNXNP3Vw==) seems to be corrupted. Trying again.
npm warn tarball tarball data for safe-buffer@https://registry.npmjs.org/safe-buffer/-/safe-buffer-5.2.1.tgz (sha512-rp3So07KcdmmKbGvgaNxQSJr7bGVSVk5S9Eq1F+ppbRo70+YeaDxkw5Dd8NPN+GD6bjnYm2VuPuCXmpuYvmCXQ==) seems to be corrupted. Trying again.
npm warn tarball tarball data for rollup@https://registry.npmjs.org/rollup/-/rollup-4.63.5.tgz (sha512-KRWwmNLlPw5M7HcdYfm15oBv9n9LPtjzpzCIxS/phwqvPyxHSoKX6Y2YU3pxSPfy0CLquVgsx/j/hBi6OvH1Nw==) seems to be corrupted. Trying again.
npm warn tarball tarball data for robust-predicates@https://registry.npmjs.org/robust-predicates/-/robust-predicates-3.0.3.tgz (sha512-NS3levdsRIUOmiJ8FZWCP7LG3QpJyrs/TE0Zpf1yvZu8cAJJ6QMW92H1c7kWpdIHo8RvmLxN/o2JXTKHp74lUA==) seems to be corrupted. Trying again.
npm warn tarball tarball data for side-channel-list@https://registry.npmjs.org/side-channel-list/-/side-channel-list-1.0.1.tgz (sha512-mjn/0bi/oUURjc5Xl7IaWi/OJJJumuoJFQJfDDyO46+hBWsfaVM65TBHq2eoZBhzl9EchxOijpkbRC8SVBQU0w==) seems to be corrupted. Trying again.
npm warn tarball tarball data for side-channel@https://registry.npmjs.org/side-channel/-/side-channel-1.1.1.tgz (sha512-6x6dK6zJdpTzF4sQeNYxwtvBzf6Eg4GtlesS94HOvTudUeyK2WXAaIfmDgsyslYrRBeFIlsi54AYsFGUuhmvrQ==) seems to be corrupted. Trying again.
npm warn tarball tarball data for strtok3@https://registry.npmjs.org/strtok3/-/strtok3-6.3.0.tgz (sha512-fZtbhtvI9I48xDSywd/somNqgUHl2L2cstmXCCif0itOf96jeW18MBSyrLuNicYQVkvpOxkZtkzujiTJ9LW5Jw==) seems to be corrupted. Trying again.
npm warn tarball tarball data for side-channel-map@https://registry.npmjs.org/side-channel-map/-/side-channel-map-1.0.1.tgz (sha512-VCjCNfgMsby3tTdo02nbjtM/ewra6jPHmpThenkTYh8pG9ucZ/1P8So4u4FGBek/BjpOVsDCMoLA/iuBKIFXRA==) seems to be corrupted. Trying again.
npm warn tarball tarball data for safer-buffer@https://registry.npmjs.org/safer-buffer/-/safer-buffer-2.1.2.tgz (sha512-YZo3K82SD7Riyi0E1EQPojLz7kpepnSQI9IyPbHHg1XXXevb5dJI7tpyN2ADxGcQbHG7vcyRHk0cbwqcQriUtg==) seems to be corrupted. Trying again.
npm warn tarball tarball data for run-async@https://registry.npmjs.org/run-async/-/run-async-4.0.6.tgz (sha512-IoDlSLTs3Yq593mb3ZoKWKXMNu3UpObxhgA/Xuid5p4bbfi2jdY1Hj0m1K+0/tEuQTxIGMhQDqGjKb7RuxGpAQ==) seems to be corrupted. Trying again.
npm warn tarball tarball data for reproject@https://registry.npmjs.org/reproject/-/reproject-1.2.5.tgz (sha512-cTH78fi1uuv5gzW/GVepO4LbCvOUhO0X2BEyyvrKkYb4KPRmDPs7cZnIxemHPUIch/CoSI8MPLmXRHZFSHjbKw==) seems to be corrupted. Trying again.
npm warn tarball tarball data for readable-web-to-node-stream@https://registry.npmjs.org/readable-web-to-node-stream/-/readable-web-to-node-stream-3.0.4.tgz (sha512-9nX56alTf5bwXQ3ZDipHJhusu9NTQJ/CVPtb/XHAJCXihZeitfJvIRS4GqQ/mfIoOE3IelHMrpayVrosdHBuLw==) seems to be corrupted. Trying again.
npm warn tarball tarball data for rw@https://registry.npmjs.org/rw/-/rw-1.3.3.tgz (sha512-PdhdWy89SiZogBLaw42zdeqtRJ//zFd2PgQavcICDUgJT5oW10QCRKbJ6bg4r0/UY2M6BWd5tkxuGFRvCkgfHQ==) seems to be corrupted. Trying again.
npm warn tarball tarball data for quick-lru@https://registry.npmjs.org/quick-lru/-/quick-lru-6.1.2.tgz (sha512-AAFUA5O1d83pIHEhJwWCq/RQcRukCkn/NSm2QsTEMle5f2hP0ChI2+3Xb051PZCkLryI/Ir1MVKviT2FIloaTQ==) seems to be corrupted. Trying again.
npm warn tarball tarball data for rbush@https://registry.npmjs.org/rbush/-/rbush-3.0.1.tgz (sha512-XRaVO0YecOpEuIvbhbpTrZgoiI6xBlz6hnlr6EHhd+0x9ase6EmeN+hdwwUaJvLcsFFQ8iWVF1GAK1yB0BWi0w==) seems to be corrupted. Trying again.
npm warn tarball tarball data for resolve-pkg-maps@https://registry.npmjs.org/resolve-pkg-maps/-/resolve-pkg-maps-1.0.0.tgz (sha512-seS2Tj26TBVOC2NIc2rOe2y2ZO7efxITtLZcGSOnHHNOQ7CkiUBfw0Iw2ck6xkIhPwLhKNLS8BO+hEpngQlqzw==) seems to be corrupted. Trying again.
npm warn tarball tarball data for queue@https://registry.npmjs.org/queue/-/queue-6.0.1.tgz (sha512-AJBQabRCCNr9ANq8v77RJEv73DPbn55cdTb+Giq4X0AVnNVZvMHlYp7XlQiN+1npCZj1DuSmaA2hYVUUDgxFDg==) seems to be corrupted. Trying again.
npm warn tarball tarball data for resolve-protobuf-schema@https://registry.npmjs.org/resolve-protobuf-schema/-/resolve-protobuf-schema-2.1.0.tgz (sha512-kI5ffTiZWmJaS/huM8wZfEMer1eRd7oJQhDuxeCLe3t7N7mX3z94CN0xPxBQxFYQTSNz9T0i+v6inKqSdK8xrQ==) seems to be corrupted. Trying again.
npm warn tarball tarball data for readable-stream@https://registry.npmjs.org/readable-stream/-/readable-stream-4.7.0.tgz (sha512-oIGGmcpTLwPga8Bn6/Z75SVaH1z5dUut2ibSyAMVhmUggWpmDn2dapB0n7f8nwaSiRtepAsfJyfXIO5DCVAODg==) seems to be corrupted. Trying again.
npm warn tarball tarball data for process@https://registry.npmjs.org/process/-/process-0.11.10.tgz (sha512-cdGef/drWFoydD1JsMzuFf8100nZl+GT+yacc2bEced5f9Rjk4z+WtFUTBu9PhOi9j/jfmBPu0mMEY4wIdAF8A==) seems to be corrupted. Trying again.
npm warn tarball tarball data for rtree-sql.js@https://registry.npmjs.org/rtree-sql.js/-/rtree-sql.js-1.7.0.tgz (sha512-hue7klBnBrM6pvUPSnXNNgA0yN9FIjmhb8QveVY9q5h/3b//Cd8jaafUE0Ty89fuiamaLEHRw8eQq8mTn6Df5Q==) seems to be corrupted. Trying again.
npm warn tarball tarball data for quickselect@https://registry.npmjs.org/quickselect/-/quickselect-2.0.0.tgz (sha512-RKJ22hX8mHe3Y6wH/N3wCM6BWtjaxIyyUIkpHOvfFnxdI4yD4tBXEBKSbriGujF6jnSVkJrffuo6vxACiSSxIw==) seems to be corrupted. Trying again.
npm warn tarball tarball data for reference-spec-reader@https://registry.npmjs.org/reference-spec-reader/-/reference-spec-reader-0.2.0.tgz (sha512-q0mfCi5yZSSHXpCyxjgQeaORq3tvDsxDyzaadA/5+AbAUwRyRuuTh0aRQuE/vAOt/qzzxidJ5iDeu1cLHaNBlQ==) seems to be corrupted. Trying again.
npm warn tarball tarball data for polygon-clipping@https://registry.npmjs.org/polygon-clipping/-/polygon-clipping-0.15.7.tgz (sha512-nhfdr83ECBg6xtqOAJab1tbksbBAOMUltN60bU+llHVOL0e5Onm1WpAXXWXVB39L8AJFssoIhEVuy/S90MmotA==) seems to be corrupted. Trying again.
npm warn tarball tarball data for qs@https://registry.npmjs.org/qs/-/qs-6.16.0.tgz (sha512-h6fhOIaRrID2CbEY2fqs+7t+UXZo+MLAnU5gRIq85uFtdiUPCdsApMlHhXogKVM4HM2DVbIjGNTTYH2OcmP1vA==) seems to be corrupted. Trying again.
npm warn tarball tarball data for proj4@https://registry.npmjs.org/proj4/-/proj4-2.8.0.tgz (sha512-baC+YcD4xsSqJ+CpCZljj2gcQDhlKb+J+Zjv/2KSBwWNjk4M0pafgQsE+mWurd84tflMIsP+7j7mtIpFDHzQfQ==) seems to be corrupted. Trying again.
npm warn tarball tarball data for process-nextick-args@https://registry.npmjs.org/process-nextick-args/-/process-nextick-args-2.0.1.tgz (sha512-3ouUOpQhtgrbOa17J7+uxOTpITYWaGP7/AhoR3+A+/1e9skrzelGi/dXzEYyvbxubEF6Wn2ypscTKiKJFFn1ag==) seems to be corrupted. Trying again.
npm warn tarball tarball data for postcss@https://registry.npmjs.org/postcss/-/postcss-8.5.28.tgz (sha512-RRuzqDtt5Y9h3quz5hWhK+TPnsmVs6WwSU6LkJMeY4HstUEDuYTG8UJSdawMRzmzAtV+KEoG8N3Qg2qLy5vM/A==) seems to be corrupted. Trying again.
npm warn tarball tarball data for picomatch@https://registry.npmjs.org/picomatch/-/picomatch-4.0.7.tgz (sha512-qcJu88Q2IWqJsDD529JKMdwGm/dvInW4HvQnRwiH9JtihJvzGOscDtHE3x1pBKeUOTysQ8kVmLnJ2kJu7yhcGA==) seems to be corrupted. Trying again.
npm warn tarball tarball data for protocol-buffers-schema@https://registry.npmjs.org/protocol-buffers-schema/-/protocol-buffers-schema-3.6.1.tgz (sha512-VG2K63Igkiv9p76tk1lilczEK1cT+kCjKtkdhw1dQZV3k3IXJbd3o6Ho8b9zJZaHSnT2hKe4I+ObmX9w6m5SmQ==) seems to be corrupted. Trying again.
npm warn tarball tarball data for playwright-core@https://registry.npmjs.org/playwright-core/-/playwright-core-1.63.0.tgz (sha512-rYCsBF/M5HjUch52bbtVONEFjv6Xu8sm8h72dNlR5bzIE1fvC/bxgspzkjSfU+MweEMmPM8KJebG6nnyxo5mCg==) seems to be corrupted. Trying again.
npm warn tarball tarball data for pathe@https://registry.npmjs.org/pathe/-/pathe-2.0.3.tgz (sha512-WUjGcAqP1gQacoQe+OBJsFA7Ld4DyXuUIjZ5cc75cLHvJ7dtNsTugphxIADwspS+AraAUePCKrSVtPLFj/F88w==) seems to be corrupted. Trying again.
npm warn tarball tarball data for promise@https://registry.npmjs.org/promise/-/promise-8.3.0.tgz (sha512-rZPNPKTOYVNEEKFaq1HqTgOwZD+4/YHS5ukLzQCypkj+OkYx7iv0mA91lJlpPPZ8vMau3IIGj5Qlwrx+8iiSmg==) seems to be corrupted. Trying again.
npm warn tarball tarball data for pbf@https://registry.npmjs.org/pbf/-/pbf-5.1.2.tgz (sha512-mnvGdvOrIvJOBGUEdGkrVXjN8E/VkIJCkf2eS1DH2yv82ORUlLttmDt0rWY38yYZmVwciZwBUvHM20qxBZf40w==) seems to be corrupted. Trying again.
npm warn tarball tarball data for playwright@https://registry.npmjs.org/playwright/-/playwright-1.63.0.tgz (sha512-+7ziBLidS4NaNCdt57SUDT+wYmmd5fmiQejUic/kb+YsYSCPyOOE9sebzMjNmQrsnNpDJqd4WHvV/8lfKfUDUg==) seems to be corrupted. Trying again.
npm warn tarball tarball data for picocolors@https://registry.npmjs.org/picocolors/-/picocolors-1.1.1.tgz (sha512-xceH2snhtb5M9liqDsmEw56le376mTZkEX/jEb/RxNFyegNul7eNslCXP9FDj/Lcu0X8KEyMceP2ntpaHrDEVA==) seems to be corrupted. Trying again.
npm warn tarball tarball data for parse-cache-control@https://registry.npmjs.org/parse-cache-control/-/parse-cache-control-1.0.1.tgz (sha512-60zvsJReQPX5/QP0Kzfd/VrpjScIQ7SHBW6bFCYfEP+fp0Eppr1SHhIO5nd1PjZtvclzSzES9D/p5nFJurwfWg==) seems to be corrupted. Trying again.
npm warn tarball tarball data for peek-readable@https://registry.npmjs.org/peek-readable/-/peek-readable-4.1.0.tgz (sha512-ZI3LnwUv5nOGbQzD9c2iDG6toheuXSZP5esSHBjopsXH4dg19soufvpUGA3uohi5anFtGb2lhAVdHzH6R/Evvg==) seems to be corrupted. Trying again.
npm warn tarball tarball data for pako@https://registry.npmjs.org/pako/-/pako-2.2.0.tgz (sha512-zJq6RP/5q+TO2OpFV3FHzlPnFjmkb7Nc99a5SNjJE+uu/PkpChs+NIZSSzbBoD+6kjiISXjfYdwj1ZRQ81dz/w==) seems to be corrupted. Trying again.
npm warn tarball tarball data for pause-stream@https://registry.npmjs.org/pause-stream/-/pause-stream-0.0.11.tgz (sha512-e3FBlXLmN/D1S+zHzanP4E/4Z60oFAa3O051qt1pxa7DEJWKAyil6upYVXCWadEnuoqa4Pkc9oUx9zsxYeRv8A==) seems to be corrupted. Trying again.
npm warn tarball tarball data for path-to-regexp@https://registry.npmjs.org/path-to-regexp/-/path-to-regexp-6.3.0.tgz (sha512-Yhpw4T9C6hPpgPeA28us07OJeqZ5EzQTkbfwuhsUg0c237RomFoETJgmp2sa3F/41gfLE6G5cqcYwznmeEeOlQ==) seems to be corrupted. Trying again.
npm warn tarball tarball data for parse-headers@https://registry.npmjs.org/parse-headers/-/parse-headers-2.0.6.tgz (sha512-Tz11t3uKztEW5FEVZnj1ox8GKblWn+PvHY9TmJV5Mll2uHEwRdR/5Li1OlXoECjLYkApdhWy44ocONwXLiKO5A==) seems to be corrupted. Trying again.
npm warn tarball tarball data for nanoid@https://registry.npmjs.org/nanoid/-/nanoid-3.3.19.tgz (sha512-Y2tUNy4ouw6tq5oDSKeQYGOyhkUBhNOcGV/02KC+6kd9eDGqdZd++mjMiIDilrBYvjEnCYvVtsuHCuP+okSfug==) seems to be corrupted. Trying again.
npm warn tarball tarball data for msgpackr@https://registry.npmjs.org/msgpackr/-/msgpackr-1.12.1.tgz (sha512-4EUH9tQHnMmEgzW/MdAP0KIfa1T9AF+htl0ffe2n5vb2EKn9y2co8ccpgWko6S52Jy1PQZKwRnx5/KkYjtd9MQ==) seems to be corrupted. Trying again.
npm warn tarball tarball data for object-inspect@https://registry.npmjs.org/object-inspect/-/object-inspect-1.13.4.tgz (sha512-W67iLl4J2EXEGTbfeHCffrjDfitvLANg0UlX3wFUUSTx92KXRFegMHUVgSqE+wvhAbi4WqjGg9czysTV2Epbew==) seems to be corrupted. Trying again.
npm warn tarball tarball data for opn@https://registry.npmjs.org/opn/-/opn-5.5.0.tgz (sha512-PqHpggC9bLV0VeWcdKhkpxY+3JTzetLSqTCWL/z/tFIbI6G8JCjondXklT1JinczLz2Xib62sSp0T/gKT4KksA==) seems to be corrupted. Trying again.
npm warn tarball tarball data for ol@https://registry.npmjs.org/ol/-/ol-10.10.0.tgz (sha512-tLPKn6zl+6uWdPufYlqG/lQzuVUTVmfwahQqVr5+wZNyZecyAtIhMTyOtKpu7ooNDLY2sEjKZNXw9HL+sOjC1A==) seems to be corrupted. Trying again.
npm warn tarball tarball data for msgpackr-extract@https://registry.npmjs.org/msgpackr-extract/-/msgpackr-extract-3.0.4.tgz (sha512-4kmO/MdyUIkLIvTPr8VHLil4AtoKIoniWPIEk5+CDy0xnWC84azhSFmuJ7PxZdsYtiP5kEeQsORAVIeMgxT+Hw==) seems to be corrupted. Trying again.
npm warn tarball tarball data for mproj@https://registry.npmjs.org/mproj/-/mproj-0.0.40.tgz (sha512-Fda92o5LkFUr0Tbz/5QsVhsIgbhnrnQf/eLkYRWGfKspbgvjA0VCk1FF5bT1TgpMHAP7000alBRkV7Q7hesnQg==) seems to be corrupted. Trying again.
npm warn tarball tarball data for minimist@https://registry.npmjs.org/minimist/-/minimist-1.2.8.tgz (sha512-2yyAR8qBkN3YuheJanUpWC5U3bb5osDywNB8RzDVlDwDHbocAJveqqj1u8+SVD7jkWT4yvsHCpWqqWqAxb0zCA==) seems to be corrupted. Trying again.
npm warn tarball tarball data for node-gyp-build-optional-packages@https://registry.npmjs.org/node-gyp-build-optional-packages/-/node-gyp-build-optional-packages-5.2.2.tgz (sha512-s+w+rBWnpTMwSFbaE0UXsRlg7hU4FjekKU4eyAih5T8nJuNZT1nNsskXpxmeqSK9UzkBl6UgRlnKc8hz8IEqOw==) seems to be corrupted. Trying again.
npm warn tarball tarball data for numcodecs@https://registry.npmjs.org/numcodecs/-/numcodecs-0.3.2.tgz (sha512-6YSPnmZgg0P87jnNhi3s+FVLOcIn3y+1CTIgUulA3IdASzK9fJM87sUFkpyA+be9GibGRaST2wCgkD+6U+fWKw==) seems to be corrupted. Trying again.
npm warn tarball tarball data for mime-types@https://registry.npmjs.org/mime-types/-/mime-types-2.1.35.tgz (sha512-ZDY+bPm5zTTF+YpCrAU9nK0UgICYPT0QtT1NZWFv4s++TNkcgVaT0g6+4R2uI4MjQjzysHB1zxuWL50hzaeXiw==) seems to be corrupted. Trying again.
npm warn tarball tarball data for node-addon-api@https://registry.npmjs.org/node-addon-api/-/node-addon-api-8.9.2.tgz (sha512-VijLXbi3UACN69I0JVXJsX4tjACjNoQDgv2gTF6sx2wWEi8tkSg2eX8p5gSIFi8z2+DL3oHmY6OyKce38SDolg==) seems to be corrupted. Trying again.
npm warn tarball tarball data for mgrs@https://registry.npmjs.org/mgrs/-/mgrs-1.0.0.tgz (sha512-awNbTOqCxK1DBGjalK3xqWIstBZgN6fxsMSiXLs9/spqWkF2pAhb2rrYCFSsr1/tT7PhcDGjZndG8SWYn0byYA==) seems to be corrupted. Trying again.
npm warn tarball tarball data for mute-stream@https://registry.npmjs.org/mute-stream/-/mute-stream-3.0.0.tgz (sha512-dkEJPVvun4FryqBmZ5KhDo0K9iDXAwn08tMLDinNdRBNPcYEDiWYysLcc6k3mjTMlbP9KyylvRpd4wFtwrT9rw==) seems to be corrupted. Trying again.
npm warn tarball tarball data for miniflare@https://registry.npmjs.org/miniflare/-/miniflare-5.20261001.0-alpha.tgz (sha512-GaimS5mSIOMyvd16ga+e1/QkI8cmp3z35QPHFex0DktqNQf2RVZQwMPQXdyoUreUiFP/0Gpe2MoQInTyMAD5xA==) seems to be corrupted. Trying again.
npm warn tarball tarball data for mime-db@https://registry.npmjs.org/mime-db/-/mime-db-1.52.0.tgz (sha512-sPU4uV7dYlvtWJxwwxHD0PuihVNiE7TyAbQ5SWxDCB9mUYvOgroQOwYQQOKPJ8CIbE+1ETVlOoK1UC2nU3gYvg==) seems to be corrupted. Trying again.
npm warn tarball tarball data for lodash@https://registry.npmjs.org/lodash/-/lodash-4.18.1.tgz (sha512-dMInicTPVE8d1e5otfwmmjlxkZoUpiVLwyeTdUsi/Caj/gfzzblBcCE5sRHV/AsjuCmxWrte2TNGSYuCeCq+0Q==) seems to be corrupted. Trying again.
npm warn tarball tarball data for mapshaper@https://registry.npmjs.org/mapshaper/-/mapshaper-0.6.121.tgz (sha512-kFXE4pbQ1yCwpJxFQthQkAGvZgM/aje/i1OnQwnxlJVWMQoounL4N9VAPOylOBK7GSnrHxCOzI8cakmS30Sljw==) seems to be corrupted. Trying again.
npm warn tarball tarball data for kleur@https://registry.npmjs.org/kleur/-/kleur-4.1.5.tgz (sha512-o+NO+8WrRiQEE4/7nwRJhN1HWpVmJm511pBHUxPLtp0BUISzlBplORYSmTclCnJvQq2tKu/sgl3xVpkc7ZWuQQ==) seems to be corrupted. Trying again.
npm warn tarball tarball data for jsonparse@https://registry.npmjs.org/jsonparse/-/jsonparse-1.3.1.tgz (sha512-POQXvpdL69+CluYsillJ7SUhKvytYjW9vG/GKpnf+xP8UWgYEM/RaMzHHofbALDiKbbP1W8UEYmgGl39WkPZsg==) seems to be corrupted. Trying again.
npm warn tarball tarball data for math-intrinsics@https://registry.npmjs.org/math-intrinsics/-/math-intrinsics-1.1.0.tgz (sha512-/IXtbwEk5HTPyEwyKX6hGkYXxM9nbj64B+ilVJnC/R6B0pH5G4V3b0pVbL7DBj4tkhBAppbQUlf6F6Xl9LHu1g==) seems to be corrupted. Trying again.
npm warn tarball tarball data for map-stream@https://registry.npmjs.org/map-stream/-/map-stream-0.0.7.tgz (sha512-C0X0KQmGm3N2ftbTGBhSyuydQ+vV1LC3f3zPvT3RXHXNZrvfPZcoXp/N5DOa8vedX/rTMm2CjTtivFg2STJMRQ==) seems to be corrupted. Trying again.
npm warn tarball tarball data for leaflet@https://registry.npmjs.org/leaflet/-/leaflet-1.9.4.tgz (sha512-nxS1ynzJOmOlHp+iL3FyWqK89GtNL8U8rvlMOsQdTTssxZwCXh8N2NB3GDQOL+YR3XnWyZAxwQixURb+FA74PA==) seems to be corrupted. Trying again.
npm warn tarball tarball data for jiti@https://registry.npmjs.org/jiti/-/jiti-2.7.0.tgz (sha512-AC/7JofJvZGrrneWNaEnJeOLUx+JlGt7tNa0wZiRPT4MY1wmfKjt2+6O2p2uz2+skll8OZZmJMNqeke7kKbNgQ==) seems to be corrupted. Trying again.
npm warn tarball tarball data for lerc@https://registry.npmjs.org/lerc/-/lerc-3.0.0.tgz (sha512-Rm4J/WaHhRa93nCN2mwWDZFoRVF18G1f47C+kvQWyHGEZxFpTUi73p7lMVSAndyxGt6lJ2/CFbOcf9ra5p8aww==) seems to be corrupted. Trying again.
npm warn tarball tarball data for isarray@https://registry.npmjs.org/isarray/-/isarray-1.0.0.tgz (sha512-VLghIWNM6ELQzo7zwmcg0NmTVyWKYjvIeM83yjp0wRDTmUnrM678fQbcKBo6n2CJEF0szoG//ytg+TKla89ALQ==) seems to be corrupted. Trying again.
npm warn tarball tarball data for is-wsl@https://registry.npmjs.org/is-wsl/-/is-wsl-1.1.0.tgz (sha512-gfygJYZ2gLTDlmbWMI0CE2MwnFzSN/2SZfkMlItC4K/JBlsWVDB0bO6XhqcY13YXE7iMcAJnzTCJjPiTeJJ0Mw==) seems to be corrupted. Trying again.
npm warn tarball tarball data for kdbush@https://registry.npmjs.org/kdbush/-/kdbush-3.0.0.tgz (sha512-hRkd6/XW4HTsA9vjVpY9tuXJYLSlelnkTmVFu4M9/7MIYQtFcHpbugAU7UbOfjOiVSVYl2fqgBuJ32JUmRo5Ew==) seems to be corrupted. Trying again.
npm warn tarball tarball data for keygrip@https://registry.npmjs.org/keygrip/-/keygrip-1.1.0.tgz (sha512-iYSchDJ+liQ8iwbSI2QqsQOvqv58eJCEanyJPJi+Khyu8smkcKSFUCbPwzFcL7YVtZ6eONjqRX/38caJ7QjRAQ==) seems to be corrupted. Trying again.
npm warn tarball tarball data for inherits@https://registry.npmjs.org/inherits/-/inherits-2.0.4.tgz (sha512-k/vGaX4/Yla3WzyMCvTQOXYeIHvqOKtnqBduzTHpzpQZzAskKMhZ2K+EnBiSM9zGSoIFeMpXKxa4dYeZIQqewQ==) seems to be corrupted. Trying again.
npm warn tarball tarball data for JSONStream@https://registry.npmjs.org/JSONStream/-/JSONStream-1.3.5.tgz (sha512-E+iruNOY8VV9s4JEbe1aNEm6MiszPRr/UfcHMz0TQh1BXSxHK+ASV1R6W4HpjBhSeS+54PIsAMCBmwD06LLsqQ==) seems to be corrupted. Trying again.
npm warn tarball tarball data for idb-keyval@https://registry.npmjs.org/idb-keyval/-/idb-keyval-6.3.0.tgz (sha512-um+2dgAWmYsu615EXpWVwSmapJhON0G43t3Ka/EVaohzPQXSMqKEqeDK/oIW3Ow+BXaF2PvSc+oBTFp793A5Ow==) seems to be corrupted. Trying again.
npm warn tarball tarball data for hasown@https://registry.npmjs.org/hasown/-/hasown-2.0.4.tgz (sha512-T2UbfbBEF32wiepXIsMlTW9+dDYC6wMh/t/vYA4tuOMKqWz/n3vr1NFSxQiyP+zk2mXsoMA/i/7qV6LKut1t1A==) seems to be corrupted. Trying again.
npm warn tarball tarball data for http-response-object@https://registry.npmjs.org/http-response-object/-/http-response-object-3.0.2.tgz (sha512-bqX0XTF6fnXSQcEJ2Iuyr75yVakyjIDCqroJQ/aHfSdlM743Cwqoi2nDYMzLGWUcuTWGWy8AAvOKXTfiv6q9RA==) seems to be corrupted. Trying again.
npm warn tarball tarball data for iconv-lite@https://registry.npmjs.org/iconv-lite/-/iconv-lite-0.6.3.tgz (sha512-4fCk79wshMdzMp2rH06qWrJE4iolqLhCUH+OiuIgU++RB0+94NlDL81atO7GX55uUKueo0txHNtvEyI6D7WdMw==) seems to be corrupted. Trying again.
npm warn tarball tarball data for has-symbols@https://registry.npmjs.org/has-symbols/-/has-symbols-1.1.0.tgz (sha512-1cDNdwJ2Jaohmb3sg4OmKaMBwuC48sYni5HUw2DvsC8LjGTLK9h+eb1X6RyuOHe4hT0ULCW68iomhjUoKUqlPQ==) seems to be corrupted. Trying again.
npm warn tarball tarball data for gopd@https://registry.npmjs.org/gopd/-/gopd-1.2.0.tgz (sha512-ZUKRh6/kUFoAiTAtTYPZJ3hw9wNxx+BIBOijnlG9PnrJsCcSjs1wyyD6vJpaYtgnzDrKYRSqf3OO6Rfa93xsRg==) seems to be corrupted. Trying again.
npm warn tarball tarball data for get-tsconfig@https://registry.npmjs.org/get-tsconfig/-/get-tsconfig-4.14.3.tgz (sha512-++QEw4DIY7WGoukz+/+A/8dGYPT9l9yIadnmSgZ8Rjr3YVSVDipQSO9CdnJo9ePqFqUUqh+wk9uIaoiAwsiPkA==) seems to be corrupted. Trying again.
npm warn tarball tarball data for http-basic@https://registry.npmjs.org/http-basic/-/http-basic-8.1.3.tgz (sha512-/EcDMwJZh3mABI2NhGfHOGOeOZITqfkEO4p/xK+l3NpyncIHUQBoMvCSF/b5GqvKtySC2srL/GGG3+EtlqlmCw==) seems to be corrupted. Trying again.
npm warn tarball tarball data for ieee754@https://registry.npmjs.org/ieee754/-/ieee754-1.2.1.tgz (sha512-dcyqhDvX1C46lXZcVqCpK+FtMRQVdIMN6/Df5js2zouUsqG7I6sFxitIC+7KYK29KdXOLHdu9zL4sFnoVQnqaA==) seems to be corrupted. Trying again.
npm warn tarball tarball data for has-flag@https://registry.npmjs.org/has-flag/-/has-flag-4.0.0.tgz (sha512-EykJT/Q1KjTWctppgIAgfSO0tKVuZUjhgMr17kqTumMl6Afv3EISleU7qZUzoXDFTAHTDC4NOoG/ZxU3EvlMPQ==) seems to be corrupted. Trying again.
npm warn tarball tarball data for inquirer@https://registry.npmjs.org/inquirer/-/inquirer-14.2.2.tgz (sha512-WGerZIIb7mTtaFFskkD/P0europ8xBWf1OXACMiugzKPSmVzoqhcPSuSUzbzMch/t3rf1ncBT3v/0WU73cLqJQ==) seems to be corrupted. Trying again.
npm warn tarball tarball data for image-size@https://registry.npmjs.org/image-size/-/image-size-0.8.3.tgz (sha512-SMtq1AJ+aqHB45c3FsB4ERK0UCiA2d3H1uq8s+8T0Pf8A3W4teyBQyaFaktH6xvZqh+npwlKU7i4fJo0r7TYTg==) seems to be corrupted. Trying again.
npm warn tarball tarball data for has-tostringtag@https://registry.npmjs.org/has-tostringtag/-/has-tostringtag-1.0.2.tgz (sha512-NqADB8VjPFLM2V0VvHUewwwsw0ZWBaIdgo+ieHtK3hasLz4qeCRjYcqfB6AQrBggRKppKF8L52/VqdVsO47Dlw==) seems to be corrupted. Trying again.
npm warn tarball tarball data for get-caller-file@https://registry.npmjs.org/get-caller-file/-/get-caller-file-2.0.5.tgz (sha512-DyFP3BM/3YHTQOCUL/w0OZHR0lpKeGrxotcHWcqNEdnltqFwXVfhEBQ94eIo34AfQpo0rGki4cyIiftY06h2Fg==) seems to be corrupted. Trying again.
npm warn tarball tarball data for geotiff@https://registry.npmjs.org/geotiff/-/geotiff-3.1.0-beta.0.tgz (sha512-wbVwOaQYuN+ywly5NoMXn37nHslwkQg5EFHqMeUTtjDACrSag0EEVlFsc+2DK3Pzmmp6XzJW2RTZOamPsBM6ng==) seems to be corrupted. Trying again.
npm warn tarball tarball data for get-proto@https://registry.npmjs.org/get-proto/-/get-proto-1.0.1.tgz (sha512-sTSfBjoXBp89JvIKIefqw7U2CCebsc74kiY6awiGogKtoSGbgjYE/G/+l9sF3MWFPNc9IcoOC4ODfKHfxFmp0g==) seems to be corrupted. Trying again.
npm warn tarball tarball data for get-intrinsic@https://registry.npmjs.org/get-intrinsic/-/get-intrinsic-1.3.0.tgz (sha512-9fSjSaos/fRIVIp+xSJlE6lfwhES7LNtKaCBIamHsjr2na1BiABJPo0mOjjz8GJDURarmCPGqaiVg5mfjb98CQ==) seems to be corrupted. Trying again.
npm warn tarball tarball data for geojson-rbush@https://registry.npmjs.org/geojson-rbush/-/geojson-rbush-3.2.0.tgz (sha512-oVltQTXolxvsz1sZnutlSuLDEcQAKYC/uXt9zDzJJ6bu0W+baTI8LZBaTup5afzibEH4N3jlq2p+a152wlBJ7w==) seems to be corrupted. Trying again.
npm warn tarball tarball data for get-port@https://registry.npmjs.org/get-port/-/get-port-3.2.0.tgz (sha512-x5UJKlgeUiNT8nyo/AcnwLnZuZNcSjSw0kogRB+Whd1fjjFq4B1hySFxSFWWSn4mIBzg3sRNUDFYc4g5gjPoLg==) seems to be corrupted. Trying again.
npm warn tarball tarball data for geographiclib@https://registry.npmjs.org/geographiclib/-/geographiclib-1.48.0.tgz (sha512-WIpDKKj2Gu+E4jkF3f3fg7OPF6T1/35tQXKc4jLLQrwjNiTZ5KrrYF5Gp0dQ/YbJIoCjb9vs2/abWTRsCEoi2w==) seems to be corrupted. Trying again.
npm warn tarball tarball data for function-bind@https://registry.npmjs.org/function-bind/-/function-bind-1.1.2.tgz (sha512-7XHNxH7qX9xG5mIwxkhumTox/MIRNcOgDrxWsMt2pAr23WHp6MrRlN7FBSFpCpr+oVO0F744iUgR82nJMfG2SA==) seems to be corrupted. Trying again.
npm warn tarball tarball data for get-east-asian-width@https://registry.npmjs.org/get-east-asian-width/-/get-east-asian-width-1.7.0.tgz (sha512-XjH1AECxf0giL2V1aU8vKyRR2ppRUb5c0EvT7zuJTokQ74bNo52zOtghqdWIqrhUD79fo3x0WfKZdOqxF6LG1Q==) seems to be corrupted. Trying again.
npm warn tarball tarball data for geokdbush@https://registry.npmjs.org/geokdbush/-/geokdbush-1.1.0.tgz (sha512-pyyrGCMXZwWJaGt1YZIgGQg5ol3JjvEKESTon10HxdfWXlaqh5An8fNJkwOYUE+VkQfCdvYQKPVezTQU9AqWAA==) seems to be corrupted. Trying again.
npm warn tarball tarball data for from@https://registry.npmjs.org/from/-/from-0.1.7.tgz (sha512-twe20eF1OxVxp/ML/kq2p1uc6KvFK/+vs8WjEbeKmV2He22MKm7YF2ANIt+EOqhJ5L3K/SuuPhk0hWQDjOM23g==) seems to be corrupted. Trying again.
npm warn tarball tarball data for geojson-stream@https://registry.npmjs.org/geojson-stream/-/geojson-stream-0.1.0.tgz (sha512-svSg5fFXPaTiqzEBGXScA+nISaeC9rLvku2PH+wM5LToATUw2bLIrvls43ymnT9Xnp51nBPVyK9m4Af40KpJ7w==) seems to be corrupted. Trying again.
npm warn tarball tarball data for flatgeobuf@https://registry.npmjs.org/flatgeobuf/-/flatgeobuf-4.5.0.tgz (sha512-prxx+zi2ae+K6FKxeXF/6RrtAUWlijUoLo6e7hveEfpP8GEXNfElTbIkHz6VI9golDpbbmHni79geC3XHKVuGQ==) seems to be corrupted. Trying again.
npm warn tarball tarball data for flatbush@https://registry.npmjs.org/flatbush/-/flatbush-3.3.1.tgz (sha512-oKuPbtT+DS2CxH+9Vhbsq8HifmSCuOw+3Cy5zt/vCIrZl5KyengoTHDBLmtpZoBhcwa7/biNjgL1DwdLMJYm1A==) seems to be corrupted. Trying again.
npm warn tarball tarball data for file-type@https://registry.npmjs.org/file-type/-/file-type-16.5.4.tgz (sha512-/yFHK0aGjFEgDJjEKP0pWCplsPFPhwyfwevf/pVxiN0tmE4L9LmwWxWukdJSHdoCli4VgQLehjJtwQBnqmsKcw==) seems to be corrupted. Trying again.
npm warn tarball tarball data for geographiclib-geodesic@https://registry.npmjs.org/geographiclib-geodesic/-/geographiclib-geodesic-2.2.0.tgz (sha512-cIedo9VTYb0DFufodgibDmVfsWe9EASqb/kUByl09xc6PZYvLvlc89BHCThtGTPf2OII/zWJGxsR3Uz6O7QOVw==) seems to be corrupted. Trying again.
npm warn tarball tarball data for fast-wrap-ansi@https://registry.npmjs.org/fast-wrap-ansi/-/fast-wrap-ansi-0.2.2.tgz (sha512-7F2Fl+TjRSenLqlU3UjSH0iyqopqoZIu7eZVpEirP2g1GtWa2G/ecEmBdgz31+Mxr+ELclgg6sokpSFIQiZ02Q==) seems to be corrupted. Trying again.
npm warn tarball tarball data for events@https://registry.npmjs.org/events/-/events-3.3.0.tgz (sha512-mQw+2fkQbALzQ7V0MY0IqdnXNOeTtP4r0lN9z7AAawCXgqea7bDii20AYrIBrFd/Hx0M2Ocz6S111CaFkUcb0Q==) seems to be corrupted. Trying again.
npm warn tarball tarball data for event-target-shim@https://registry.npmjs.org/event-target-shim/-/event-target-shim-5.0.1.tgz (sha512-i/2XbnSz/uxRCU6+NdVJgKWDTM427+MqYbkQzD321DuCQJUqOuJKIA0IM2+W2xtYHdKOmZ4dR6fExsd4SXL+WQ==) seems to be corrupted. Trying again.
npm warn tarball tarball data for fast-string-width@https://registry.npmjs.org/fast-string-width/-/fast-string-width-3.0.2.tgz (sha512-gX8LrtNEI5hq8DVUfRQMbr5lpaS4nMIWV+7XEbXk2b8kiQIizgnlr12B4dA3ZEx3308ze0O4Q1R+cHts8kyUJg==) seems to be corrupted. Trying again.
npm warn tarball tarball data for form-data@https://registry.npmjs.org/form-data/-/form-data-2.5.6.tgz (sha512-Ogz/E85h9tlfJzpI6TuFpGcHZFhLrb9Gw8wq9v40CxSCPnv7ahKr6Xgtkn0KYCDQJ8DNn5VoMO8EXr9V5PadyA==) seems to be corrupted. Trying again.
npm warn tarball tarball data for es-set-tostringtag@https://registry.npmjs.org/es-set-tostringtag/-/es-set-tostringtag-2.1.0.tgz (sha512-j6vWzfrGVfyXxge+O0x5sh6cvxAog0a/4Rdd2K36zCMV5eJ+/+tOAngRO8cODMNWbVRdVlmGZQL2YS3yR8bIUA==) seems to be corrupted. Trying again.
npm warn tarball tarball data for flatqueue@https://registry.npmjs.org/flatqueue/-/flatqueue-1.2.1.tgz (sha512-X86TpWS1rGuY7m382HuA9vngLeDuWA9lJvhEG+GfgKMV5onSvx5a71cl7GMbXzhWtlN9dGfqOBrpfqeOtUfGYQ==) seems to be corrupted. Trying again.
npm warn tarball tarball data for esbuild@https://registry.npmjs.org/esbuild/-/esbuild-0.28.2.tgz (sha512-HKVLS8dvII+xoKW9kmqxbRKrnWEXfJJr/FZhhJmiqIB0e053QNYFqOBouTMO/k5sID4MvCiUCvv8b9M4h32wIA==) seems to be corrupted. Trying again.
npm warn tarball tarball data for event-stream@https://registry.npmjs.org/event-stream/-/event-stream-4.0.1.tgz (sha512-qACXdu/9VHPBzcyhdOWR5/IahhGMf0roTeZJfzz077GwylcDd90yOHLouhmv7GJ5XzPi6ekaQWd8AvPP2nOvpA==) seems to be corrupted. Trying again.
npm warn tarball tarball data for flatbuffers@https://registry.npmjs.org/flatbuffers/-/flatbuffers-25.9.23.tgz (sha512-MI1qs7Lo4Syw0EOzUl0xjs2lsoeqFku44KpngfIduHBYvzm8h2+7K8YMQh1JtVVVrUvhLpNwqVi4DERegUJhPQ==) seems to be corrupted. Trying again.
npm warn tarball tarball data for fast-string-truncated-width@https://registry.npmjs.org/fast-string-truncated-width/-/fast-string-truncated-width-3.0.3.tgz (sha512-0jjjIEL6+0jag3l2XWWizO64/aZVtpiGE3t0Zgqxv0DPuxiMjvB3M24fCyhZUO4KomJQPj3LTSUnDP3GpdwC0g==) seems to be corrupted. Trying again.
npm warn tarball tarball data for fdir@https://registry.npmjs.org/fdir/-/fdir-6.5.0.tgz (sha512-tIbYtZbucOs0BRGqPJkshJUYdL+SDH7dVM8gjy+ERp3WAUjLEFJE+02kanyHtwjWOnwrKYBiwAmM0p4kLJAnXg==) seems to be corrupted. Trying again.
npm warn tarball tarball data for es-errors@https://registry.npmjs.org/es-errors/-/es-errors-1.3.0.tgz (sha512-Zf5H2Kxt2xjTvbJvP2ZWLEICxA6j+hAmMzIlypy4xcBg1vKVnx89Wy0GbS+kf5cwCVFFzdCFh2XSCFNULS6csw==) seems to be corrupted. Trying again.
npm warn tarball tarball data for es-define-property@https://registry.npmjs.org/es-define-property/-/es-define-property-1.0.1.tgz (sha512-e3nRfgfUZ4rNGL232gUgX06QNyyez04KdjFrF+LTRoOXmrOgFKDg4BCdsjW8EnT69eqdYGmRpJwiPVYNrCaW3g==) seems to be corrupted. Trying again.
npm warn tarball tarball data for es-object-atoms@https://registry.npmjs.org/es-object-atoms/-/es-object-atoms-1.1.2.tgz (sha512-HWcBoN6NileqtSydK2FqHbS/LoDd2pqrnQHLyJzBj4kOp/ky2MWMN694xOfkK8/SnUsW2DH7EfyVlydKCsm1Zw==) seems to be corrupted. Trying again.
npm warn tarball tarball data for emoji-regex@https://registry.npmjs.org/emoji-regex/-/emoji-regex-10.6.0.tgz (sha512-toUI84YS5YmxW219erniWD0CIVOo46xGKColeNQRgOzDorgBi1v4D71/OFzgD9GO2UGKIv1C3Sp8DAn0+j5w7A==) seems to be corrupted. Trying again.
npm warn tarball tarball data for escalade@https://registry.npmjs.org/escalade/-/escalade-3.2.0.tgz (sha512-WUj2qlxaQtO4g6Pq5c29GTcWGDyd8itL8zTlipgECz3JesAiiOKotd8JU6otB3PACgG6xkJUyVhboMS+bje/jA==) seems to be corrupted. Trying again.
npm warn tarball tarball data for error-stack-parser-es@https://registry.npmjs.org/error-stack-parser-es/-/error-stack-parser-es-1.0.5.tgz (sha512-5qucVt2XcuGMcEGgWI7i+yZpmpByQ8J1lHhcL7PwqCwu9FPP3VUXzT4ltHe5i2z9dePwEHcDVOAfSnHsOlCXRA==) seems to be corrupted. Trying again.
npm warn tarball tarball data for earcut@https://registry.npmjs.org/earcut/-/earcut-3.2.4.tgz (sha512-FHc6yNpnTORB0tM5kmZ03iD2mDuNakDE2lvf4Hw1XkfxtEHIGVi01B/GqUSwx+NcC1WGjidAfpTXzeALtPtfpg==) seems to be corrupted. Trying again.
npm warn tarball tarball data for dunder-proto@https://registry.npmjs.org/dunder-proto/-/dunder-proto-1.0.1.tgz (sha512-KIN/nDJBQRcXw0MLVhZE9iQHmG68qAVIBg9CqmUYjmQIhgij9U5MFvrqkUL5FbtyyzZuOeOt0zdeRe4UY7ct+A==) seems to be corrupted. Trying again.
npm warn tarball tarball data for drizzle-orm@https://registry.npmjs.org/drizzle-orm/-/drizzle-orm-0.45.3.tgz (sha512-CAloER21cDdcgZ1OmjrZX82EeRNsdP+y0onX/eyoYDaYzki/adrAa91lzM5jWh7zZPK4qUbw/6LGv9J+A+uizA==) seems to be corrupted. Trying again.
npm warn tarball tarball data for duplexer@https://registry.npmjs.org/duplexer/-/duplexer-0.1.2.tgz (sha512-jtD6YG370ZCIi/9GTaJKQxWTZD045+4R4hTk/x1UyoqadyJ9x9CgSi1RlVDQF8U2sxLLSnFkCaMihqljHIWgMg==) seems to be corrupted. Trying again.
npm warn tarball tarball data for detect-libc@https://registry.npmjs.org/detect-libc/-/detect-libc-2.1.2.tgz (sha512-Btj2BOOO83o3WyH59e8MgXsxEQVcarkUOpEYrubB0urwnN10yQ364rsiByU11nZlqWYZm05i/of7io4mzihBtQ==) seems to be corrupted. Trying again.
npm warn tarball tarball data for fflate@https://registry.npmjs.org/fflate/-/fflate-0.8.2.tgz (sha512-cPJU47OaAoCbg0pBvzsgpTPhmhqI5eJjh/JIu8tPj5q+T7iLvW/JAYUqmE7KOB4R1ZyEhzBaIQpQpardBF5z8A==) seems to be corrupted. Trying again.
npm warn tarball tarball data for d3-scale-chromatic@https://registry.npmjs.org/d3-scale-chromatic/-/d3-scale-chromatic-3.0.0.tgz (sha512-Lx9thtxAKrO2Pq6OO2Ua474opeziKr279P/TKZsMAhYyNDD3EnCffdbgeSYN5O7m2ByQsxtuP2CSDczNUIZ22g==) seems to be corrupted. Trying again.
npm warn tarball tarball data for core-util-is@https://registry.npmjs.org/core-util-is/-/core-util-is-1.0.3.tgz (sha512-ZQBvi1DcpJ4GDqanjucZ2Hj3wEO5pZDS89BWbkcrvdxksJorwUDDZamX9ldFkp9aw2lmBDLgkObEA4DWNJ9FYQ==) seems to be corrupted. Trying again.
npm warn tarball tarball data for d3-interpolate@https://registry.npmjs.org/d3-interpolate/-/d3-interpolate-3.0.1.tgz (sha512-3bYs1rOD33uo8aqJfKP3JWPAibgw8Zm2+L9vBKEHJ2Rg+viTR7o5Mmv5mZcieN+FRYaAOWX5SJATX6k1PWz72g==) seems to be corrupted. Trying again.
npm warn tarball tarball data for depd@https://registry.npmjs.org/depd/-/depd-2.0.0.tgz (sha512-g7nH6P6dyDioJogAAGprGpCtVImJhpPk/roCzdb3fIh61/s/nPsfR6onyMwkCAR/OlC3yBC0lESvUoQEAssIrw==) seems to be corrupted. Trying again.
npm warn tarball tarball data for cookie@https://registry.npmjs.org/cookie/-/cookie-1.1.1.tgz (sha512-ei8Aos7ja0weRpFzJnEA9UHJ/7XQmqglbRwnf2ATjcB9Wq874VKH9kfjjirM6UhU2/E5fFYadylyhFldcqSidQ==) seems to be corrupted. Trying again.
npm warn tarball tarball data for combined-stream@https://registry.npmjs.org/combined-stream/-/combined-stream-1.0.8.tgz (sha512-FQN4MRfuJeHf7cBbBMJFXhKSDq+2kAArBlmRBvcvFE5BB1HZKXtSFASDhdlz9zOYwxh8lDdnvmMOe/+5cdoEdg==) seems to be corrupted. Trying again.
npm warn tarball tarball data for drizzle-kit@https://registry.npmjs.org/drizzle-kit/-/drizzle-kit-0.31.11.tgz (sha512-YCYqxTLIB2OCqf6w9/Vef13baBVbwQIPcbT4Y56AfO6B9ajZhDhD8Jkveg/hJvT/iuMloKD/IYYkyMMNhr7Kqg==) seems to be corrupted. Trying again.
npm warn tarball tarball data for color-name@https://registry.npmjs.org/color-name/-/color-name-1.1.4.tgz (sha512-dOy+3AuW3a2wNbZHIuMZpTcgjGuLU/uBL/ubcZF9OXbDo8ff4O8yVp5Bf0efS8uEoYo5q4Fx7dY9OgQGXgAsQA==) seems to be corrupted. Trying again.
npm warn tarball tarball data for cliui@https://registry.npmjs.org/cliui/-/cliui-9.0.1.tgz (sha512-k7ndgKhwoQveBL+/1tqGJYNz097I7WOvwbmmU2AR5+magtbjPWQTS1C5vzGkBC8Ym8UWRzfKUzUUqFLypY4Q+w==) seems to be corrupted. Trying again.
npm warn tarball tarball data for delayed-stream@https://registry.npmjs.org/delayed-stream/-/delayed-stream-1.0.0.tgz (sha512-ZySD7Nf91aLB0RxL4KGrKHBXl7Eds1DAmEdcoVawXnLD7SDhpNgtuII2aAkg7a7QS41jxPSZ17p4VdGnMHk3MQ==) seems to be corrupted. Trying again.
npm warn tarball tarball data for cookies@https://registry.npmjs.org/cookies/-/cookies-0.8.0.tgz (sha512-8aPsApQfebXnuI+537McwYsDtjVxGm8gTIzQI3FDW6t5t/DAhERxtnbEPN/8RX+uZthoz4eCOgloXaE5cYyNow==) seems to be corrupted. Trying again.
npm warn tarball tarball data for delaunator@https://registry.npmjs.org/delaunator/-/delaunator-5.1.0.tgz (sha512-AGrQ4QSgssa1NGmWmLPqN5NY2KajF5MqxetNEO+o0n3ZwZZeTmt7bBnvzHWrmkZFxGgr4HdyFgelzgi06otLuQ==) seems to be corrupted. Trying again.
npm warn tarball tarball data for chalk@https://registry.npmjs.org/chalk/-/chalk-4.1.1.tgz (sha512-diHzdDKxcU+bAsUboHLPEDQiw0qEe0qd7SYUn3HgcFlWgbDcfLGswOHYeGrHKzG9z6UYf01d9VFMfZxPM1xZSg==) seems to be corrupted. Trying again.
npm warn tarball tarball data for concat-stream@https://registry.npmjs.org/concat-stream/-/concat-stream-2.0.0.tgz (sha512-MWufYdFw53ccGjCA+Ol7XJYpAlW6/prSMzuPOTRnJGcGzuhLn4Scrz7qf6o8bROZ514ltazcIFJZevcfbo0x7A==) seems to be corrupted. Trying again.
npm warn tarball tarball data for commander@https://registry.npmjs.org/commander/-/commander-7.0.0.tgz (sha512-ovx/7NkTrnPuIV8sqk/GjUIIM1+iUQeqA3ye2VNpq9sVoiZsooObWlQy+OPWGI17GDaEoybuAGJm6U8yC077BA==) seems to be corrupted. Trying again.
npm warn tarball tarball data for color-convert@https://registry.npmjs.org/color-convert/-/color-convert-2.0.1.tgz (sha512-RRECPsj7iu/xb5oKYcsFHSppFNnsj/52OVTRKb4zP5onXwVF3zVmmToNcOfGC+CRDpfK/U584fMg38ZHCaElKQ==) seems to be corrupted. Trying again.
npm warn tarball tarball data for buffer@https://registry.npmjs.org/buffer/-/buffer-6.0.3.tgz (sha512-FTiCpNxtwiZZHEZbcbTIcZjERVICn9yq/pDFkTl95/AxzD1naBctN7YO68riM/gLSDY7sdrMby8hofADYuuqOA==) seems to be corrupted. Trying again.
npm warn tarball tarball data for d3-color@https://registry.npmjs.org/d3-color/-/d3-color-3.1.0.tgz (sha512-zg/chbXyeBtMQ1LbD/WSoW2DpC3I0mpmPdW+ynRTj/x2DAWYrIY7qeZIHidozwV24m4iavr15lNwIwLxRmOxhA==) seems to be corrupted. Trying again.
npm warn tarball tarball data for call-bound@https://registry.npmjs.org/call-bound/-/call-bound-1.0.4.tgz (sha512-+ys997U96po4Kx/ABpBCqhA9EuxJaQWDQg7295H4hBphv3IZg0boBKuwYpt4YXp6MZ5AmZQnU/tyMTlRpaSejg==) seems to be corrupted. Trying again.
npm warn tarball tarball data for chardet@https://registry.npmjs.org/chardet/-/chardet-2.2.0.tgz (sha512-rddelWYNPRrXq6PtNEN2S3f6t9ILzvqaN5pVgi4kqt9jHQaXIial9PznB5iSPVlQSLNaaH22ItWz3EJtQ10+OA==) seems to be corrupted. Trying again.
npm warn tarball tarball data for blake3-wasm@https://registry.npmjs.org/blake3-wasm/-/blake3-wasm-2.1.5.tgz (sha512-F1+K8EbfOZE49dtoPtmxUQrpXaBIl3ICvasLh+nJta0xkz+9kF/7uet9fLnwKqhDrmj6g+6K3Tw9yQPUg2ka5g==) seems to be corrupted. Trying again.
npm warn tarball tarball data for buffer-from@https://registry.npmjs.org/buffer-from/-/buffer-from-1.1.2.tgz (sha512-E+XQCRwSbaaiChtv6k6Dwgc+bx+Bs6vuKJHHl5kox/BaKbhiXzqQOwK4cO22yElGp2OCmjwVhT3HmxgyPGnJfQ==) seems to be corrupted. Trying again.
npm warn tarball tarball data for call-bind-apply-helpers@https://registry.npmjs.org/call-bind-apply-helpers/-/call-bind-apply-helpers-1.0.2.tgz (sha512-Sp1ablJ0ivDkSzjcaJdxEunN5/XvksFJ2sMBFfq6x0ryhQV/2b/KwFe21cMpmHtPOSij8K99/wSfoEuTObmuMQ==) seems to be corrupted. Trying again.
npm warn tarball tarball data for better-sqlite3@https://registry.npmjs.org/better-sqlite3/-/better-sqlite3-13.0.3.tgz (sha512-RbOBxmLBG8uvFUc15X9+9SFemKcQ0WBuISBVkpuiaUB2qblC8UWlHEjdWVoZ8AdhSwmoEgsiXKfopX0CQxaACQ==) seems to be corrupted. Trying again.
npm warn tarball tarball data for cli-width@https://registry.npmjs.org/cli-width/-/cli-width-4.1.0.tgz (sha512-ouuZd4/dm2Sw5Gmqy6bGyNNNe1qt9RpmxveLSO7KcgsTnU7RXfsw+/bukWGo1abgBiMAic068rclZsO4IWmmxQ==) seems to be corrupted. Trying again.
npm warn tarball tarball data for asynckit@https://registry.npmjs.org/asynckit/-/asynckit-0.4.0.tgz (sha512-Oei9OH4tRh0YqU3GxhX79dM/mwVgvbZJaSNaRk+bshkj0S5cfHcgYakreBjrHwatXKbz+IoIdYLxrKim2MjW0Q==) seems to be corrupted. Trying again.
npm warn tarball tarball data for big.js@https://registry.npmjs.org/big.js/-/big.js-7.0.1.tgz (sha512-iFgV784tD8kq4ccF1xtNMZnXeZzVuXWWM+ERFzKQjv+A5G9HC8CY3DuV45vgzFFcW+u2tIvmF95+AzWgs6BjCg==) seems to be corrupted. Trying again.
npm warn tarball tarball data for caseless@https://registry.npmjs.org/caseless/-/caseless-0.12.0.tgz (sha512-4tYFyifaFfGacoiObjJegolkwSU4xQNGbVgUiNYVUxbQ2x2lUsFvY4hVgVzGiIe6WLOPqycWXA40l+PWsxthUw==) seems to be corrupted. Trying again.
npm warn tarball tarball data for ansi-regex@https://registry.npmjs.org/ansi-regex/-/ansi-regex-6.4.0.tgz (sha512-KzTVk2tCWAHtYrvvvaP8bJKJq2pVinhLcGEQdtLIYPbmNGNyYe8QwNaTUYQp2J7/vIsUKt5QCqAfUkYyG9DkOw==) seems to be corrupted. Trying again.
npm warn tarball tarball data for asap@https://registry.npmjs.org/asap/-/asap-2.0.6.tgz (sha512-BSHWgDSAiKs50o2Re8ppvp3seVHXSRM44cdSsT9FfNEUUZLOGWVCsiWaRPWM1Znn+mqZ1OfVZ3z3DWEzSp7hRA==) seems to be corrupted. Trying again.
npm warn tarball tarball data for base64-js@https://registry.npmjs.org/base64-js/-/base64-js-1.5.1.tgz (sha512-AKpaYlHn8t4SVbOHCy+b5+KKgvR4vrsD8vbvrbiQJps7fKDTkjkDry6ji0rUJjC0kzbNePLwzxq8iypo41qeWA==) seems to be corrupted. Trying again.
npm warn tarball tarball data for abort-controller@https://registry.npmjs.org/abort-controller/-/abort-controller-3.0.0.tgz (sha512-h8lQ8tacZYnR3vNQTgibj+tODHI5/+l06Au2Pcriv/Gmet0eaj4TwWH41sO9wnHDiQsEj19q0drzdWdeAHtweg==) seems to be corrupted. Trying again.
npm warn tarball tarball data for adm-zip@https://registry.npmjs.org/adm-zip/-/adm-zip-0.5.18.tgz (sha512-ufJnssQGbxzLNS1Ho9bCtX4rQKCCvoVuDLHoJyc3F9dOGDB4BkWs2Ci0kv53lqocAEQ/Cbi+I2XCsNYGqVYqng==) seems to be corrupted. Trying again.
npm warn tarball tarball data for @xmldom/xmldom@https://registry.npmjs.org/@xmldom/xmldom/-/xmldom-0.8.15.tgz (sha512-/5NV/vDALVFDXgLmfsy9TRCBlKwO2LNBFzpzvb9iIj+jR+eSc6DLYYvVOdivT/jm7MtU6TebYuRmzEOI7w40UA==) seems to be corrupted. Trying again.
npm warn tarball tarball data for @types/qs@https://registry.npmjs.org/@types/qs/-/qs-6.15.1.tgz (sha512-GZHUBZR9hckSUhrxmp1nG6NwdpM9fCunJwyThLW1X3AyHgd9IlHb6VANpQQqDr2o/qQp6McZ3y/IA2rVzKzSbw==) seems to be corrupted. Trying again.
npm warn tarball tarball data for ansi-styles@https://registry.npmjs.org/ansi-styles/-/ansi-styles-4.3.0.tgz (sha512-zbB9rCJAT1rbjiVDb2hqKFHNYLxgtk8NURxZ3IZwD3F6NtxbXZQCnnSi1Lkx+IDohdPlFp222wVALIheZJQSEg==) seems to be corrupted. Trying again.
npm warn tarball tarball data for @zarrita/storage@https://registry.npmjs.org/@zarrita/storage/-/storage-0.2.0.tgz (sha512-855ZXqtnds7spnT8vNvD+MXa3QExP1m2GqShe8yt7uZXHnQLgJHgkpVwFjE1B0KDDRO0ki09hmk6OboTaIfPsQ==) seems to be corrupted. Trying again.
npm warn tarball tarball data for @types/proj4@https://registry.npmjs.org/@types/proj4/-/proj4-2.5.2.tgz (sha512-/Nmfn9p08yaYw6xo5f2b0L+2oHk2kZeOkp5v+4VCeNfq+ETlLQbmHmC97/pjDIEZy8jxwz7pdPpwNzDHM5cuJw==) seems to be corrupted. Trying again.
npm warn tarball tarball data for @types/concat-stream@https://registry.npmjs.org/@types/concat-stream/-/concat-stream-1.6.1.tgz (sha512-eHE4cQPoj6ngxBZMvVf6Hw7Mh4jMW4U9lpGmS5GBPB9RYxlFg+CHaVN7ErNY4W9XfLIEn20b4VDYaIrbq0q4uA==) seems to be corrupted. Trying again.
npm warn tarball tarball data for @types/rbush@https://registry.npmjs.org/@types/rbush/-/rbush-4.0.0.tgz (sha512-+N+2H39P8X+Hy1I5mC6awlTX54k3FhiUmvt7HWzGJZvF+syUAAxP/stwppS8JE84YHqFgRMv6fCy31202CMFxQ==) seems to be corrupted. Trying again.
npm warn tarball tarball data for @types/form-data@https://registry.npmjs.org/@types/form-data/-/form-data-0.0.33.tgz (sha512-8BSvG1kGm83cyJITQMZSulnl6QV8jqAGreJsc5tPu1Jq0vTSOiY/k24Wx82JRpWwZSqrala6sd5rWi6aNXvqcw==) seems to be corrupted. Trying again.
npm warn tarball tarball data for @turf/rhumb-bearing@https://registry.npmjs.org/@turf/rhumb-bearing/-/rhumb-bearing-6.5.0.tgz (sha512-jMyqiMRK4hzREjQmnLXmkJ+VTNTx1ii8vuqRwJPcTlKbNWfjDz/5JqJlb5NaFDcdMpftWovkW5GevfnuzHnOYA==) seems to be corrupted. Trying again.
npm warn tarball tarball data for @turf/rhumb-distance@https://registry.npmjs.org/@turf/rhumb-distance/-/rhumb-distance-6.5.0.tgz (sha512-oKp8KFE8E4huC2Z1a1KNcFwjVOqa99isxNOwfo4g3SUABQ6NezjKDDrnvC4yI5YZ3/huDjULLBvhed45xdCrzg==) seems to be corrupted. Trying again.
npm warn tarball tarball data for @types/node@https://registry.npmjs.org/@types/node/-/node-26.6.3.tgz (sha512-dsqMQQoeTLqu9wynDD00q573mNzso3IdQOAfHRJqLCcmCFPoGo9A1bDpUcv/9tnKpErQWv9uKeGfl37EIS02Yg==) seems to be corrupted. Trying again.
npm warn tarball tarball data for @turf/polygon-to-line@https://registry.npmjs.org/@turf/polygon-to-line/-/polygon-to-line-6.5.0.tgz (sha512-5p4n/ij97EIttAq+ewSnKt0ruvuM+LIDzuczSzuHTpq4oS7Oq8yqg5TQ4nzMVuK41r/tALCk7nAoBuw3Su4Gcw==) seems to be corrupted. Trying again.
npm warn tarball tarball data for @types/geojson@https://registry.npmjs.org/@types/geojson/-/geojson-7946.0.16.tgz (sha512-6C8nqWur3j98U6+lXDfTUWIfgvZU+EumvpHKcYjujKH7woYyLj2sUmff0tRhrqM7BohUw7Pz3ZB1jj2gW9Fvmg==) seems to be corrupted. Trying again.
npm warn tarball tarball data for @turf/meta@https://registry.npmjs.org/@turf/meta/-/meta-6.5.0.tgz (sha512-RrArvtsV0vdsCBegoBtOalgdSOfkBrTJ07VkpiCnq/491W67hnMWmDu7e6Ztw0C3WldRYTXkg3SumfdzZxLBHA==) seems to be corrupted. Trying again.
npm warn tarball tarball data for @turf/projection@https://registry.npmjs.org/@turf/projection/-/projection-6.5.0.tgz (sha512-/Pgh9mDvQWWu8HRxqpM+tKz8OzgauV+DiOcr3FCjD6ubDnrrmMJlsf6fFJmggw93mtVPrZRL6yyi9aYCQBOIvg==) seems to be corrupted. Trying again.
npm warn tarball tarball data for @turf/line-segment@https://registry.npmjs.org/@turf/line-segment/-/line-segment-6.5.0.tgz (sha512-jI625Ho4jSuJESNq66Mmi290ZJ5pPZiQZruPVpmHkUw257Pew0alMmb6YrqYNnLUuiVVONxAAKXUVeeUGtycfw==) seems to be corrupted. Trying again.
npm warn tarball tarball data for @turf/point-to-line-distance@https://registry.npmjs.org/@turf/point-to-line-distance/-/point-to-line-distance-6.5.0.tgz (sha512-opHVQ4vjUhNBly1bob6RWy+F+hsZDH9SA0UW36pIRzfpu27qipU18xup0XXEePfY6+wvhF6yL/WgCO2IbrLqEA==) seems to be corrupted. Trying again.
npm warn tarball tarball data for @turf/invariant@https://registry.npmjs.org/@turf/invariant/-/invariant-6.5.0.tgz (sha512-Wv8PRNCtPD31UVbdJE/KVAWKe7l6US+lJItRR/HOEW3eh+U/JwRCSUl/KZ7bmjM/C+zLNoreM2TU6OoLACs4eg==) seems to be corrupted. Trying again.
npm warn tarball tarball data for @turf/distance@https://registry.npmjs.org/@turf/distance/-/distance-6.5.0.tgz (sha512-xzykSLfoURec5qvQJcfifw/1mJa+5UwByZZ5TZ8iaqjGYN0vomhV9aiSLeYdUGtYRESZ+DYC/OzY+4RclZYgMg==) seems to be corrupted. Trying again.
npm warn tarball tarball data for @turf/line-intersect@https://registry.npmjs.org/@turf/line-intersect/-/line-intersect-6.5.0.tgz (sha512-CS6R1tZvVQD390G9Ea4pmpM6mJGPWoL82jD46y0q1KSor9s6HupMIo1kY4Ny+AEYQl9jd21V3Scz20eldpbTVA==) seems to be corrupted. Trying again.
npm warn tarball tarball data for @turf/helpers@https://registry.npmjs.org/@turf/helpers/-/helpers-6.5.0.tgz (sha512-VbI1dV5bLFzohYYdgqwikdMVpe7pJ9X3E+dlr425wa2/sMJqYDhTO++ec38/pcPvPE6oD9WEEeU3Xu3gza+VPw==) seems to be corrupted. Trying again.
npm warn tarball tarball data for @turf/boolean-point-on-line@https://registry.npmjs.org/@turf/boolean-point-on-line/-/boolean-point-on-line-6.5.0.tgz (sha512-A1BbuQ0LceLHvq7F/P7w3QvfpmZqbmViIUPHdNLvZimFNLo4e6IQunmzbe+8aSStH9QRZm3VOflyvNeXvvpZEQ==) seems to be corrupted. Trying again.
npm warn tarball tarball data for @turf/boolean-within@https://registry.npmjs.org/@turf/boolean-within/-/boolean-within-6.5.0.tgz (sha512-YQB3oU18Inx35C/LU930D36RAVe7LDXk1kWsQ8mLmuqYn9YdPsDQTMTkLJMhoQ8EbN7QTdy333xRQ4MYgToteQ==) seems to be corrupted. Trying again.
npm warn tarball tarball data for @turf/boolean-clockwise@https://registry.npmjs.org/@turf/boolean-clockwise/-/boolean-clockwise-6.5.0.tgz (sha512-45+C7LC5RMbRWrxh3Z0Eihsc8db1VGBO5d9BLTOAwU4jR6SgsunTfRWR16X7JUwIDYlCVEmnjcXJNi/kIU3VIw==) seems to be corrupted. Trying again.
npm warn tarball tarball data for @turf/clone@https://registry.npmjs.org/@turf/clone/-/clone-6.5.0.tgz (sha512-mzVtTFj/QycXOn6ig+annKrM6ZlimreKYz6f/GSERytOpgzodbQyOgkfwru100O1KQhhjSudKK4DsQ0oyi9cTw==) seems to be corrupted. Trying again.
npm warn tarball tarball data for @turf/boolean-point-in-polygon@https://registry.npmjs.org/@turf/boolean-point-in-polygon/-/boolean-point-in-polygon-6.5.0.tgz (sha512-DtSuVFB26SI+hj0SjrvXowGTUCHlgevPAIsukssW6BG5MlNSBQAo70wpICBNJL6RjukXg8d2eXaAWuD/CqL00A==) seems to be corrupted. Trying again.
npm warn tarball tarball data for @tokenizer/token@https://registry.npmjs.org/@tokenizer/token/-/token-0.3.0.tgz (sha512-OvjF+z51L3ov0OyAU0duzsYuvO01PH7x4t6DJx+guahgTnBHkhJdG7soQeTSFLWN3efnHyibZ4Z8l2EuWwJN3A==) seems to be corrupted. Trying again.
npm warn tarball tarball data for @turf/bearing@https://registry.npmjs.org/@turf/bearing/-/bearing-6.5.0.tgz (sha512-dxINYhIEMzgDOztyMZc20I7ssYVNEpSv04VbMo5YPQsqa80KO3TFvbuCahMsCAW5z8Tncc8dwBlEFrmRjJG33A==) seems to be corrupted. Trying again.
npm warn tarball tarball data for @rollup/rollup-linux-x64-gnu@https://registry.npmjs.org/@rollup/rollup-linux-x64-gnu/-/rollup-linux-x64-gnu-4.63.5.tgz (sha512-3W9bTFcQNJn71cSJVM9RKIiZOy8DO/XLDii8Uv/Pm6WKqDRj7JV3ZfuXIEfyuy5LXpIzAbB/1M4Ukp9GKNa7nA==) seems to be corrupted. Trying again.
npm warn tarball tarball data for @types/estree@https://registry.npmjs.org/@types/estree/-/estree-1.0.9.tgz (sha512-GhdPgy1el4/ImP05X05Uw4cw2/M93BCUmnEvWZNStlCzEKME4Fkk+YpoA5OiHNQmoS7Cafb8Xa3Pya8m1Qrzeg==) seems to be corrupted. Trying again.
npm warn tarball tarball data for @rollup/rollup-linux-x64-musl@https://registry.npmjs.org/@rollup/rollup-linux-x64-musl/-/rollup-linux-x64-musl-4.63.5.tgz (sha512-VDC7rRJlee/scpki96GZ27Omf6yU87s1YXwVTpjE5841faVlDYYT565rgfmoR1U0sqL7z5ivQSDjcsF6VRXyBA==) seems to be corrupted. Trying again.
npm warn tarball tarball data for @tmcw/togeojson@https://registry.npmjs.org/@tmcw/togeojson/-/togeojson-5.8.1.tgz (sha512-2YNrbis3l5kS0XrYwiHEZcGwiRp0MJ5CvwGwtMWp2z2tsVlskeec2qgvKHnF0RCwI5GnjrrBOoKsWfndEnd3LA==) seems to be corrupted. Trying again.
npm warn tarball tarball data for @turf/bbox@https://registry.npmjs.org/@turf/bbox/-/bbox-6.3.0.tgz (sha512-N4ue5Xopu1qieSHP2MA/CJGWHPKaTrVXQJjzHRNcY1vtsO126xbSaJhWUrFc5x5vVkXp0dcucGryO0r5m4o/KA==) seems to be corrupted. Trying again.
npm warn tarball tarball data for @turf/intersect@https://registry.npmjs.org/@turf/intersect/-/intersect-6.5.0.tgz (sha512-2legGJeKrfFkzntcd4GouPugoqPUjexPZnOvfez+3SfIMrHvulw8qV8u7pfVyn2Yqs53yoVCEjS5sEpvQ5YRQg==) seems to be corrupted. Trying again.
npm warn tarball tarball data for @poppinss/dumper@https://registry.npmjs.org/@poppinss/dumper/-/dumper-0.6.5.tgz (sha512-NBdYIb90J7LfOI32dOewKI1r7wnkiH6m920puQ3qHUeZkxNkQiFnXVWoE6YtFSv6QOiPPf7ys6i+HWWecDz7sw==) seems to be corrupted. Trying again.
npm warn tarball tarball data for @poppinss/exception@https://registry.npmjs.org/@poppinss/exception/-/exception-1.2.3.tgz (sha512-dCED+QRChTVatE9ibtoaxc+WkdzOSjYTKi/+uacHWIsfodVfpsueo3+DKpgU5Px8qXjgmXkSvhXvSCz3fnP9lw==) seems to be corrupted. Trying again.
npm warn tarball tarball data for @repeaterjs/repeater@https://registry.npmjs.org/@repeaterjs/repeater/-/repeater-3.1.0.tgz (sha512-TaoVksZRSx2KWYYpyLQtMQXXeS98VsgZImzW65xmiVgbYhXLk+aEsmzPLirqVuE4/XuUapH2iMtxUzaBNDzdSQ==) seems to be corrupted. Trying again.
npm warn tarball tarball data for @poppinss/colors@https://registry.npmjs.org/@poppinss/colors/-/colors-4.1.6.tgz (sha512-H9xkIdFswbS8n1d6vmRd8+c10t2Qe+rZITbbDHHkQixH5+2x1FDGmi/0K+WgWiqQFKPSlIYB7jlH6Kpfn6Fleg==) seems to be corrupted. Trying again.
npm warn tarball tarball data for @speed-highlight/core@https://registry.npmjs.org/@speed-highlight/core/-/core-1.2.24.tgz (sha512-qeW2e1l78afw8VhRPfPQ1Gjj+KU5XFQ/OFV5ti6eTa9bruO7mJyZtA4vw0ofqmA3tKCkROE9xLk3VZoeRc98nw==) seems to be corrupted. Trying again.
npm warn tarball tarball data for @sindresorhus/is@https://registry.npmjs.org/@sindresorhus/is/-/is-7.2.0.tgz (sha512-P1Cz1dWaFfR4IR+U13mqqiGsLFf1KbayybWwdd2vfctdV6hDpUkgCY0nKOLLTMSoRd/jJNjtbqzf13K8DCCXQw==) seems to be corrupted. Trying again.
npm warn tarball tarball data for @neondatabase/serverless@https://registry.npmjs.org/@neondatabase/serverless/-/serverless-1.2.0.tgz (sha512-tnaqgixUengZQNd9ZrS3ytQfamJzLKY8QxgqWQTNHHtB+KrFQWk77JTbbpg4RD+J3qE4eO2lVytvGDX5Kj6FdQ==) seems to be corrupted. Trying again.
npm warn tarball tarball data for @petamoriken/float16@https://registry.npmjs.org/@petamoriken/float16/-/float16-3.9.3.tgz (sha512-8awtpHXCx/bNpFt4mt2xdkgtgVvKqty8VbjHI/WWWQuEw+KLzFot3f4+LkQY9YmOtq7A5GdOnqoIC8Pdygjk2g==) seems to be corrupted. Trying again.
npm warn tarball tarball data for @napi-rs/lzma-linux-x64-gnu@https://registry.npmjs.org/@napi-rs/lzma-linux-x64-gnu/-/lzma-linux-x64-gnu-1.5.1.tgz (sha512-oTXEIha4SsuXdTA4Iyskj0kpdx2yVXdhd75c2v3xGrHFfVMsbhTPZU/nMPL4sWKo4pBHm3aucLaqGlF696dTyQ==) seems to be corrupted. Trying again.
npm warn tarball tarball data for @placemarkio/tokml@https://registry.npmjs.org/@placemarkio/tokml/-/tokml-0.3.9.tgz (sha512-LjD/rzPWF/0gY2tCoS4IPLQZ3/DqxzCmI3/V+dmXdWuZmyi3UIhHgxVfJ//bopxSjWHuGwY/qu4iyuNM+xluug==) seems to be corrupted. Trying again.
npm warn tarball tarball data for @playwright/test@https://registry.npmjs.org/@playwright/test/-/test-1.63.0.tgz (sha512-oxMK4vllB9RK5NQ2l1pq1IfOf2AvnEuj/vYGDj0H2nMtmtZpKtCwt/l00GEO6xjGfpBNAvjovvYdCm50dRQkpQ==) seems to be corrupted. Trying again.
npm warn tarball tarball data for @napi-rs/keyring-linux-x64-musl@https://registry.npmjs.org/@napi-rs/keyring-linux-x64-musl/-/keyring-linux-x64-musl-1.3.0.tgz (sha512-oJ2HkX8YUo46QBkn0pG+HuIKQNqr523q6vBobCn+P95s4C4K6/kLBqHY/1bg5J4ap31DzsznhnFKcfBNBsjCnw==) seems to be corrupted. Trying again.
npm warn tarball tarball data for @neon/env@https://registry.npmjs.org/@neon/env/-/env-1.4.8.tgz (sha512-Mj30zL0ijvSMBG56H+WabItAA3ROP4wDL3Bny8/OQcuVUTLYOf2QBDp453mkxV3qciduwBDG3ATvKo+DGm+coA==) seems to be corrupted. Trying again.
npm warn tarball tarball data for @neon/config@https://registry.npmjs.org/@neon/config/-/config-1.8.3.tgz (sha512-/UmkgmHrm9tTOoFd7g3DttqlFFA3KG+d6JULLk7JzhvU2CwHrUaKiRmE1OmhOQAqJ3Mm49c/G5nDVbSefyFCrw==) seems to be corrupted. Trying again.
npm warn tarball tarball data for @napi-rs/keyring@https://registry.npmjs.org/@napi-rs/keyring/-/keyring-1.3.0.tgz (sha512-WrOw/bcXm0f9qHkumlT1QlArXSTWqaY9sunsDpOk+yCCorCKMxvWT/a3xko4EYHVdeZoh00yI2TydXn6eyICDA==) seems to be corrupted. Trying again.
npm warn tarball tarball data for @neon/sdk@https://registry.npmjs.org/@neon/sdk/-/sdk-7.0.0.tgz (sha512-hF/Om50SmpKK2PQldcwYxi6b3p7S2wlwW8fX+54jx88xHaEu7hB4dojuuuP8nwQz24qq/p/jxVm0P9DztKPoJA==) seems to be corrupted. Trying again.
npm warn tarball tarball data for @ngageoint/geopackage@https://registry.npmjs.org/@ngageoint/geopackage/-/geopackage-4.2.9.tgz (sha512-NCyULPV7O6ZGgcw4r+AtSik80UqUdgTkE57ChUB7cFhQU1mYh2J+3qTIAUmDYEsG5XgAOmcEIfiXHg91xe/AWw==) seems to be corrupted. Trying again.
npm warn tarball tarball data for @napi-rs/keyring-linux-x64-gnu@https://registry.npmjs.org/@napi-rs/keyring-linux-x64-gnu/-/keyring-linux-x64-gnu-1.3.0.tgz (sha512-2PDK1WKWTu9lBGq9VvNEkSlQD3O7YwVpmnyN2M3cy4v7NJ/8gDMd9GXv3G+FVXN13uhp4gnnPBS+ScefmEeD2A==) seems to be corrupted. Trying again.
npm warn tarball tarball data for @msgpackr-extract/msgpackr-extract-linux-x64@https://registry.npmjs.org/@msgpackr-extract/msgpackr-extract-linux-x64/-/msgpackr-extract-linux-x64-3.0.4.tgz (sha512-8TNXMEjJc3QEy7R/x1INhgiU+XakDAFUzBhaz7+Rbrs8NH5UQeHQxxmzsSBJGyV6I1jW79undiQm8tOI+D+8FQ==) seems to be corrupted. Trying again.
npm warn tarball tarball data for @jridgewell/sourcemap-codec@https://registry.npmjs.org/@jridgewell/sourcemap-codec/-/sourcemap-codec-1.6.0.tgz (sha512-T7jf+5zgsZHwNJ4lvQ7/aezbyk0nNX+zJVWpmHA7VYsEx7a7qr5Rg5IbtJFqkgze5Y2sruq1RUY8Q837Od7iFw==) seems to be corrupted. Trying again.
npm warn tarball tarball data for @jridgewell/resolve-uri@https://registry.npmjs.org/@jridgewell/resolve-uri/-/resolve-uri-3.1.2.tgz (sha512-bRISgCIjP20/tbWSPWMEi54QVPRZExkuD9lJL+UIxUKtwVJA8wW1Trb1jMs1RFXo1CBTNZ/5hpC9QvmKWdopKw==) seems to be corrupted. Trying again.
npm warn tarball tarball data for @inquirer/select@https://registry.npmjs.org/@inquirer/select/-/select-5.2.5.tgz (sha512-9kc15hr8r/kI+3DO/xLog5nOzTz1jqsHXa6JBFzmQKhkoJ8Slda1I1L/uD8ZSZ9tF1yp79wwXe7mclvX1rqR2Q==) seems to be corrupted. Trying again.
npm warn tarball tarball data for @inquirer/rawlist@https://registry.npmjs.org/@inquirer/rawlist/-/rawlist-5.3.5.tgz (sha512-1oHky1ONfCOwNrnkQGDE1oaSij/3fI6HFMSf2H/WsGO2lEyDX9My82iggITSy9ddSZ8yk8j9v41OI0fVoSIoaA==) seems to be corrupted. Trying again.
npm warn tarball tarball data for @inquirer/password@https://registry.npmjs.org/@inquirer/password/-/password-5.2.2.tgz (sha512-W9zYdyzogK+6110mqwaSJWCBu2yA5Q/OfnGSjjZB1bNpHlmUozXxTl0+QOZBNeVd6Qo81/qT75gW05gLAtITxw==) seems to be corrupted. Trying again.
npm warn tarball tarball data for @inquirer/search@https://registry.npmjs.org/@inquirer/search/-/search-4.3.3.tgz (sha512-fyuIU1Nbpvwlikjg3gXwJFDI11+EFjqQ7P+iByfmivIKQ1vmaykNrD/vy5unHuUqUpsOsnvJ25//tPF7E/RBRA==) seems to be corrupted. Trying again.
npm warn tarball tarball data for @inquirer/input@https://registry.npmjs.org/@inquirer/input/-/input-5.1.6.tgz (sha512-HtcJhB2QFVXbLuJ5S3syhNbTUVxYvwqV4VRBDkQceBloC9bmTViUoRFP5PbSaDZb3HzfPmpuU/gG4ybVBz4FHA==) seems to be corrupted. Trying again.
npm warn tarball tarball data for @jridgewell/trace-mapping@https://registry.npmjs.org/@jridgewell/trace-mapping/-/trace-mapping-0.3.9.tgz (sha512-3Belt6tdc8bPgAtbcmdtNJlirVoTmEb5e2gC94PnkwEW9jI6CAHUeoG85tjWP5WquqfavoMtMwiG4P926ZKKuQ==) seems to be corrupted. Trying again.
npm warn tarball tarball data for @inquirer/type@https://registry.npmjs.org/@inquirer/type/-/type-4.1.1.tgz (sha512-yJoHYrMnxIsJZCY+0Vb66Dy3he3kL3e2wOBKhoSwWWAzZAY82emlxwgprCtp6yRixvNRNq9ztfRWQYPNr3Go7A==) seems to be corrupted. Trying again.
npm warn tarball tarball data for @inquirer/number@https://registry.npmjs.org/@inquirer/number/-/number-4.2.3.tgz (sha512-6Yuwh1NGSbu1Lo4N1EWjXs1jKRntLg/ZCwhmeorEHde90v1XxAozdbd4Iu30eOQLW+6h1hp2O9ujNfLSbTPJnA==) seems to be corrupted. Trying again.
npm warn tarball tarball data for @inquirer/figures@https://registry.npmjs.org/@inquirer/figures/-/figures-2.0.9.tgz (sha512-EAWgUTGQ/Umgga51dE3B2PUHbufuXarDfg86uVgoSgNHNNQnyFKcOrQLWVqYMghuSyHh8+2HUH0Js9cTC1WAdg==) seems to be corrupted. Trying again.
npm warn tarball tarball data for @inquirer/editor@https://registry.npmjs.org/@inquirer/editor/-/editor-5.3.3.tgz (sha512-YsKkS2q63IiLtaDK/9nqzdComN97SDQrmKiyNggN+ceP4ty+Z6VwyTz3FpjeUWeW1Efss2xHFKCC9sx7hnrsxg==) seems to be corrupted. Trying again.
npm warn tarball tarball data for @inquirer/prompts@https://registry.npmjs.org/@inquirer/prompts/-/prompts-8.7.2.tgz (sha512-QoRB4wFIjgH5iOhSjoIKMkTvSHDuV+O3OITlIqAYO0oK5x364GJILXiMBvlPiE+klg7Xx9tq5XVqQHcGUDYYPA==) seems to be corrupted. Trying again.
npm warn tarball tarball data for @inquirer/core@https://registry.npmjs.org/@inquirer/core/-/core-12.0.3.tgz (sha512-wsSy0sznmXwkty+2PzZwx00Cazc/E0r0B7mAzdGROz2Ct+DFZXaK7WDjGZvgjRldxH5ZhFVfF2lgkYrqgOw2KA==) seems to be corrupted. Trying again.
npm warn tarball tarball data for @inquirer/checkbox@https://registry.npmjs.org/@inquirer/checkbox/-/checkbox-5.2.5.tgz (sha512-bRt8J8m+Fot9CXv+zNQGXUq2ET0MggR1fPz7v6edN6MFYmsbfGnMmkmWZJEegMKqrAC8ej/o1sqisHZXZJMAfQ==) seems to be corrupted. Trying again.
npm warn tarball tarball data for @img/sharp-wasm32@https://registry.npmjs.org/@img/sharp-wasm32/-/sharp-wasm32-0.35.4.tgz (sha512-zQnl4Kwp7Q6NHsENtU2T/00Zi+w3AQNwz3+UaTyVBy2FpXrzXzGjndpK61onhZjRtRpQXxCTeqw19bVyXOh7jA==) seems to be corrupted. Trying again.
npm warn tarball tarball data for @img/sharp-linux-x64@https://registry.npmjs.org/@img/sharp-linux-x64/-/sharp-linux-x64-0.35.4.tgz (sha512-9qvvEAuk8k89TfWUoX2htWjbAMX8p+NxCppjpcg5k6xMsjhBQPTsoIh36h9Qde4WRuGpJeYnOjdosDn/cnv+OA==) seems to be corrupted. Trying again.
npm warn tarball tarball data for @img/sharp-libvips-linuxmusl-x64@https://registry.npmjs.org/@img/sharp-libvips-linuxmusl-x64/-/sharp-libvips-linuxmusl-x64-1.3.3.tgz (sha512-fj8Mv0HHfD1Rr+4I68+3agJynxDWtBFgicTbSOb9Bke6pIwzGcJ+RX/yHjmiEGFMCavY/dxvem7MyNaJF+wDiw==) seems to be corrupted. Trying again.
npm warn tarball tarball data for @inquirer/ansi@https://registry.npmjs.org/@inquirer/ansi/-/ansi-2.0.8.tgz (sha512-WpQM+Ti6Z40EFwwt+uL2p4UabT+W179zHp6HhLVOzfbwnVn05IPO/eXIZXGNqcT1jbQ15SujNLzQ39k4QPPxBQ==) seems to be corrupted. Trying again.
npm warn tarball tarball data for @inquirer/expand@https://registry.npmjs.org/@inquirer/expand/-/expand-5.1.5.tgz (sha512-uHuXLmXW+TtIfT/9vSBotypAkqn1n34Ul+CLGPos/xANyO4Ff5xZzkYhbKR4NEcfVK4a9mHQOpwVZzluSHFRGw==) seems to be corrupted. Trying again.
npm warn tarball tarball data for @img/sharp-linuxmusl-x64@https://registry.npmjs.org/@img/sharp-linuxmusl-x64/-/sharp-linuxmusl-x64-0.35.4.tgz (sha512-f+eZJZIQNEEd26RPSW+76chwOf1XtA2Y/O+5ocVyLliHkeih3e+jhLVBdNTd2rS3IbNXK8+ug93Vf5ZXtF5Lxg==) seems to be corrupted. Trying again.
npm warn tarball tarball data for @esbuild-kit/esm-loader@https://registry.npmjs.org/@esbuild-kit/esm-loader/-/esm-loader-2.6.5.tgz (sha512-FxEMIkJKnodyA1OaCUoEvbYRkoZlLZ4d/eXFu9Fh8CbBBgP5EmZxrfTRyN0qpXZ4vOvqnE5YdRdcrmUUXuU+dA==) seems to be corrupted. Trying again.
npm warn tarball tarball data for @inquirer/external-editor@https://registry.npmjs.org/@inquirer/external-editor/-/external-editor-3.0.5.tgz (sha512-f3QQJRIX5ZEneBHNUIuPjmbdzHnmRFJA8r2dkcb8q+OM5Uv5KtnuAttQumnrjcBVBM3mcTX1CkmtAkU58VRZxg==) seems to be corrupted. Trying again.
npm warn tarball tarball data for @inquirer/confirm@https://registry.npmjs.org/@inquirer/confirm/-/confirm-6.3.2.tgz (sha512-Xvr/0HggjddPtGppuqVmxhTw+Hr8PvsZ/k0HmOEaAqQEt80OITNkFWnsdNmyT0/eM4Ab+iJLx2R8rctlEyfSVg==) seems to be corrupted. Trying again.
npm warn tarball tarball data for @img/sharp-libvips-linux-x64@https://registry.npmjs.org/@img/sharp-libvips-linux-x64/-/sharp-libvips-linux-x64-1.3.3.tgz (sha512-4vKmvAst9nrowcqquKFAyZJUDolUaIp8uRiN0mWFguJ1IplC9/pitXtlnnlU4aa/eJw3J7i67V+pwUL+wZGdsA==) seems to be corrupted. Trying again.
npm warn tarball tarball data for @esbuild/linux-x64@https://registry.npmjs.org/@esbuild/linux-x64/-/linux-x64-0.28.2.tgz (sha512-4xTZr1FUmSoQW4XIWmit3tzQrUTZM+N3P0XV8xROKYF50XfI7xeO90+1bZvNwxIufQ9hDQVRJH5YhgPVF8A/HQ==) seems to be corrupted. Trying again.
npm warn tarball tarball data for @electric-sql/pglite@https://registry.npmjs.org/@electric-sql/pglite/-/pglite-0.5.8.tgz (sha512-n9tsbUOhwx2epK1V0ZG9Ar4SHWUju04dhmzZXiSBXwBoleOvIfals33NAaWgagQVAL4Rbvx/Ptsu3P+pA09f6Q==) seems to be corrupted. Trying again.
npm warn tarball tarball data for @esbuild-kit/core-utils@https://registry.npmjs.org/@esbuild-kit/core-utils/-/core-utils-3.3.2.tgz (sha512-sPRAnw9CdSsRmEtnsl2WXWdyquogVpB3yZ3dgwJfe8zrOzTsV7cJvmwrKVa+0ma5BoiGJ+BoqkMvawbayKUsqQ==) seems to be corrupted. Trying again.
npm warn tarball tarball data for @emnapi/runtime@https://registry.npmjs.org/@emnapi/runtime/-/runtime-1.11.3.tgz (sha512-Xz4Tpyki7XyrpbUK1jR1AhdAdaXyhhY4lZ3neLodmhpuWfy2PAQN5B46sAiU4liOXGLkHypn/qU+jvfWSCYYLA==) seems to be corrupted. Trying again.
npm warn tarball tarball data for @drizzle-team/brocli@https://registry.npmjs.org/@drizzle-team/brocli/-/brocli-0.10.2.tgz (sha512-z33Il7l5dKjUgGULTqBsQBQwckHh5AbIuxhdsIxDDiZAzBOrZO6q9ogcWC65kU382AfynTfgNumVcNIjuIua6w==) seems to be corrupted. Trying again.
npm warn tarball tarball data for @cloudflare/unenv-preset@https://registry.npmjs.org/@cloudflare/unenv-preset/-/unenv-preset-2.16.2.tgz (sha512-JBP1+Z7ZSNG/d4mRP+y8VC5dka3tZVMLEZRvS+rzQ4DGV1EoxRFQckcJTTkXbHSQiTj0DtNI01Zwb/V2fX0mvQ==) seems to be corrupted. Trying again.
npm warn tarball tarball data for @cloudflare/kv-asset-handler@https://registry.npmjs.org/@cloudflare/kv-asset-handler/-/kv-asset-handler-0.5.0.tgz (sha512-jxQYkj8dSIzc0cD6cMMNdOc1UVjqSqu8BZdor5s8cGjW2I8BjODt/kWPVdY+u9zj3ms75Q5qaZgnxUad83+eAg==) seems to be corrupted. Trying again.
npm warn tarball tarball data for string-width@https://registry.npmjs.org/string-width/-/string-width-7.2.0.tgz (sha512-tsaTIkKW9b4N+AEj+SVA+WhJzV7/zMhcSu78mLKWSk7cXMOSHsBKFWUs0fWwq8QyK3MgJBQRX6Gbi4kYbdvGkQ==) seems to be corrupted. Trying again.
npm warn tarball tarball data for @cloudflare/workerd-linux-64@https://registry.npmjs.org/@cloudflare/workerd-linux-64/-/workerd-linux-64-1.20261001.1.tgz (sha512-kZbTZJGrhsMOdqZ2BIybjaBRLZjYsRLWj7mcNw/6Y3hodOhp5MrNzcz4iWGwNVWwyIV+7Pl+/LX5VcgnRqdHOg==) seems to be corrupted. Trying again.
npm warn tarball tarball data for @cspotcode/source-map-support@https://registry.npmjs.org/@cspotcode/source-map-support/-/source-map-support-0.8.1.tgz (sha512-IchNf6dN4tHoMFIn/7OE8LWZ19Y6q/67Bmf6vnGREv8RSbBVb9LPJxEcnwrcwX6ixSvaiGoomAUvu4YSxXrVgw==) seems to be corrupted. Trying again.
npm warn tarball tarball data for @img/colour@https://registry.npmjs.org/@img/colour/-/colour-1.1.0.tgz (sha512-Td76q7j57o/tLVdgS746cYARfSyxk8iEfRxewL9h4OMzYhbW4TAcppl0mT4eyqXddh6L/jwoM75mo7ixa/pCeQ==) seems to be corrupted. Trying again.
npm warn tarball tarball data for esbuild@https://registry.npmjs.org/esbuild/-/esbuild-0.28.1.tgz (sha512-HrJrvZv5ayxBzPfwphOoNzkzOIIlifzk0KJrGK2c8R4+LKpMtpYLQeUdjnwjWv/LZlkH2laZk+4w78pi99D4Vw==) seems to be corrupted. Trying again.
npm warn tarball tarball data for ansi-styles@https://registry.npmjs.org/ansi-styles/-/ansi-styles-6.2.3.tgz (sha512-4Dj6M28JB+oAH8kFkTLUo+a2jwOFkuqb3yucU0CANcRRUbxS0cP0nZYCGjcc3BNXwRIsUVmDGgzawme7zvJHvg==) seems to be corrupted. Trying again.
npm warn tarball tarball data for string_decoder@https://registry.npmjs.org/string_decoder/-/string_decoder-1.1.1.tgz (sha512-n/ShnvDi6FHbbVfviro+WojiFzv+s8MPMHBczVePfUpDJLwoLT0ht1l4YwBCbi8pJAveEEdnkHyPyTP/mzRfwg==) seems to be corrupted. Trying again.
npm warn tarball tarball data for safe-buffer@https://registry.npmjs.org/safe-buffer/-/safe-buffer-5.1.2.tgz (sha512-Gd2UZBJDkXlY7GbJxfsE8/nvKkUEU1G38c1siN6QP6a9PT9MmHB8GnpscSmMJSoF8LOIrt8ud/wPtojys4G6+g==) seems to be corrupted. Trying again.
npm warn tarball tarball data for readable-stream@https://registry.npmjs.org/readable-stream/-/readable-stream-2.3.8.tgz (sha512-8p0AUk4XODgIewSi0l8Epjs+EVnWiK7NoDIEGU0HhE7+ZyY8D1IMY7odu5lRrFXGg71L15KG8QrPmum45RTtdA==) seems to be corrupted. Trying again.
npm warn tarball tarball data for concat-stream@https://registry.npmjs.org/concat-stream/-/concat-stream-1.6.2.tgz (sha512-27HBghJxjiZtIk3Ycvn/4kbJk/1uZuJFfuPEns6LaEvpvG1f0hTea8lilrouyo9mVc2GWdcEZ8OLoGmSADlrCw==) seems to be corrupted. Trying again.
npm warn tarball tarball data for @esbuild/linux-x64@https://registry.npmjs.org/@esbuild/linux-x64/-/linux-x64-0.28.1.tgz (sha512-u/anNYF2mmVOEDwLtnQ1wOr3EZ9sTNGLWrsYGYwHWzGA3Si84IOkHXlbWTD1NB+9/1lcnweYKO54uhxZydNzfA==) seems to be corrupted. Trying again.
npm warn tarball tarball data for @types/node@https://registry.npmjs.org/@types/node/-/node-8.10.66.tgz (sha512-tktOkFUA4kXx2hhhrB8bIFb5TbwzS4uOhKEmwiD+NoiL0qtP2OQ9mFldbgD4dV1djrlBYP6eBuQZiWjuHUpqFw==) seems to be corrupted. Trying again.
npm warn tarball tarball data for rbush@https://registry.npmjs.org/rbush/-/rbush-4.0.1.tgz (sha512-IP0UpfeWQujYC8Jg162rMNc01Rf0gWMMAb2Uxus/Q0qOFw4lCcq6ZnQEZwUoJqWyUGJ9th7JjwI4yIWo+uvoAQ==) seems to be corrupted. Trying again.
npm warn tarball tarball data for @bokuweb/zstd-wasm@https://registry.npmjs.org/@bokuweb/zstd-wasm/-/zstd-wasm-0.0.27.tgz (sha512-GDm2uOTK3ESjnYmSeLQifJnBsRCWajKLvN32D2ZcQaaCIJI/Hse9s74f7APXjHit95S10UImsRGkTsbwHmrtmg==) seems to be corrupted. Trying again.
npm warn tarball tarball data for string_decoder@https://registry.npmjs.org/string_decoder/-/string_decoder-1.1.1.tgz (sha512-n/ShnvDi6FHbbVfviro+WojiFzv+s8MPMHBczVePfUpDJLwoLT0ht1l4YwBCbi8pJAveEEdnkHyPyTP/mzRfwg==) seems to be corrupted. Trying again.
npm warn tarball tarball data for safe-buffer@https://registry.npmjs.org/safe-buffer/-/safe-buffer-5.1.2.tgz (sha512-Gd2UZBJDkXlY7GbJxfsE8/nvKkUEU1G38c1siN6QP6a9PT9MmHB8GnpscSmMJSoF8LOIrt8ud/wPtojys4G6+g==) seems to be corrupted. Trying again.
npm warn tarball tarball data for @types/node@https://registry.npmjs.org/@types/node/-/node-10.17.60.tgz (sha512-F0KIgDJfy2nA3zMLmWGKxcH2ZVEtCZXHHdOQs2gSaQ27+lNeEfGxzkIw90aXswATX7AZ33tahPbzy6KAfUreVw==) seems to be corrupted. Trying again.
npm warn tarball tarball data for tinyqueue@https://registry.npmjs.org/tinyqueue/-/tinyqueue-1.2.3.tgz (sha512-Qz9RgWuO9l8lT+Y9xvbzhPT2efIUIFd69N7eF7tJ9lnQl0iLj1M7peK7IoUGZL9DJHw9XftqLreccfxcQgYLxA==) seems to be corrupted. Trying again.
npm warn tarball tarball data for readable-stream@https://registry.npmjs.org/readable-stream/-/readable-stream-2.3.8.tgz (sha512-8p0AUk4XODgIewSi0l8Epjs+EVnWiK7NoDIEGU0HhE7+ZyY8D1IMY7odu5lRrFXGg71L15KG8QrPmum45RTtdA==) seems to be corrupted. Trying again.
npm warn tarball tarball data for esbuild@https://registry.npmjs.org/esbuild/-/esbuild-0.25.12.tgz (sha512-bbPBYYrtZbkt6Os6FiTLCTFxvq4tt3JKall1vRwshA3fdVztsLAatFaZobhkBC8/BrPetoa0oksYoKXoG4ryJg==) seems to be corrupted. Trying again.
npm warn tarball tarball data for @types/geojson@https://registry.npmjs.org/@types/geojson/-/geojson-7946.0.8.tgz (sha512-1rkryxURpr6aWP7R786/UQOkJ3PcpQiWkAXBmdWc7ryFWqN6a4xfK7BtjXvFBKO9LjQ+MWQSWxYeZX1OApnArA==) seems to be corrupted. Trying again.
npm warn tarball tarball data for quickselect@https://registry.npmjs.org/quickselect/-/quickselect-3.0.0.tgz (sha512-XdjUArbK4Bm5fLLvlm5KpTFOiOThgfWWI4axAZDWg4E/0mKdZyI9tNEfds27qCi1ze/vwTR16kvmmGhRra3c2g==) seems to be corrupted. Trying again.
npm warn tarball tarball data for @esbuild/linux-x64@https://registry.npmjs.org/@esbuild/linux-x64/-/linux-x64-0.25.12.tgz (sha512-uqZMTLr/zR/ed4jIGnwSLkaHmPjOjJvnm6TVVitAa08SLS9Z0VM8wIRx7gWbJB5/J54YuIMInDquWyYvQLZkgw==) seems to be corrupted. Trying again.
npm warn tarball tarball data for concat-stream@https://registry.npmjs.org/concat-stream/-/concat-stream-1.6.2.tgz (sha512-27HBghJxjiZtIk3Ycvn/4kbJk/1uZuJFfuPEns6LaEvpvG1f0hTea8lilrouyo9mVc2GWdcEZ8OLoGmSADlrCw==) seems to be corrupted. Trying again.
npm warn tarball tarball data for string-width@https://registry.npmjs.org/string-width/-/string-width-7.2.0.tgz (sha512-tsaTIkKW9b4N+AEj+SVA+WhJzV7/zMhcSu78mLKWSk7cXMOSHsBKFWUs0fWwq8QyK3MgJBQRX6Gbi4kYbdvGkQ==) seems to be corrupted. Trying again.
npm warn tarball tarball data for readable-stream@https://registry.npmjs.org/readable-stream/-/readable-stream-3.6.2.tgz (sha512-9u/sniCrY3D5WdsERHzHE4G2YCXqoG5FTHUiCC4SIbr6XcLZBY05ya9EKjYek9O5xOAwjGq+1JdGBAS7Q9ScoA==) seems to be corrupted. Trying again.
npm warn tarball tarball data for @types/geojson@https://registry.npmjs.org/@types/geojson/-/geojson-7946.0.8.tgz (sha512-1rkryxURpr6aWP7R786/UQOkJ3PcpQiWkAXBmdWc7ryFWqN6a4xfK7BtjXvFBKO9LjQ+MWQSWxYeZX1OApnArA==) seems to be corrupted. Trying again.
npm warn tarball tarball data for supports-color@https://registry.npmjs.org/supports-color/-/supports-color-10.2.2.tgz (sha512-SS+jx45GF1QjgEXQx4NJZV9ImqmO2NPz5FNsIHrsDjh2YsHnawpan7SNQ1o8NuhrbHZy9AZhIoCUiCeaW/C80g==) seems to be corrupted. Trying again.
npm warn tarball tarball data for iconv-lite@https://registry.npmjs.org/iconv-lite/-/iconv-lite-0.7.3.tgz (sha512-IKXpvIzjnC9XTAUbVBcMfGS0EPaIXtW6v+zr+RRp+hqULEpo0owZax6wyRwPOJbWbzjYspQwusTsfVr0ifh4uQ==) seems to be corrupted. Trying again.
npm warn tarball tarball data for esbuild@https://registry.npmjs.org/esbuild/-/esbuild-0.18.20.tgz (sha512-ceqxoedUrcayh7Y7ZX6NdbbDzGROiyVBgC4PriJThBKSVPWnnFHZAkfI1lJT8QFkOwH4qOS2SJkS4wvpGl8BpA==) seems to be corrupted. Trying again.
npm warn tarball tarball data for @esbuild/linux-x64@https://registry.npmjs.org/@esbuild/linux-x64/-/linux-x64-0.18.20.tgz (sha512-UYqiqemphJcNsFEskc73jQ7B9jgwjWrSayxawS6UVFZGWrAAtkzjxSqnoclCXxWtfwLdzU+vTpcNYhpn43uP1w==) seems to be corrupted. Trying again.
npm warn tarball tarball data for webworkify@https://registry.npmjs.org/webworkify/-/webworkify-1.5.0.tgz (sha512-AMcUeyXAhbACL8S2hqqdqOLqvJ8ylmIbNwUIqQujRSouf4+eUFaXbG6F1Rbu+srlJMmxQWsiU7mOJi0nMBfM1g==) seems to be corrupted. Trying again.
npm warn tarball tarball data for @turf/bbox@https://registry.npmjs.org/@turf/bbox/-/bbox-6.5.0.tgz (sha512-RBbLaao5hXTYyyg577iuMtDB8ehxMlUqHEJiMs8jT1GHkFhr6sYre3lmLsPeYEi/ZKj5TP5tt7fkzNdJ4GIVyw==) seems to be corrupted. Trying again.
npm warn tarball tarball data for yargs-parser@https://registry.npmjs.org/yargs-parser/-/yargs-parser-22.0.0.tgz (sha512-rwu/ClNdSMpkSrUb+d6BRsSkLUq1fmfsY6TOpYzTwvwkg1/NRG85KBy3kq++A8LKQwX6lsu+aWad+2khvuXrqw==) seems to be corrupted. Trying again.
npm warn tarball tarball data for zstddec@https://registry.npmjs.org/zstddec/-/zstddec-0.2.0.tgz (sha512-oyPnDa1X5c13+Y7mA/FDMNJrn4S8UNBe0KCqtDmor40Re7ALrPN6npFwyYVRRh+PqozZQdeg23QtbcamZnG5rA==) seems to be corrupted. Trying again.
npm warn tarball tarball data for zod@https://registry.npmjs.org/zod/-/zod-4.6.5.tgz (sha512-v5l/aFXZQeai4awLbOpSoHecE9UiMrnfx75tEXLjNonXVARxQ5mOeipTjROUchszUNCqnE+hqAMujRsRHsut2Q==) seems to be corrupted. Trying again.
npm warn tarball tarball data for wrangler@https://registry.npmjs.org/wrangler/-/wrangler-4.146.0.tgz (sha512-c27eHUH0Isr8HTmgZ6cLtLr/0cxtiBoLren6ywBeTW8ZIzj/dINVNBcqsbZc+iETnI5jrzO7E7Z8mLgLZ/l9iw==) seems to be corrupted. Trying again.
npm warn tarball tarball data for ws@https://registry.npmjs.org/ws/-/ws-8.21.0.tgz (sha512-Vsp28b7DRcimFQvrqu2Wek3z1iYxDCWqHYB8Qsnk/S4RfaCQzPGPyBNuVjJV3cd6UiKtUtp6sNM77gWvzcCH+g==) seems to be corrupted. Trying again.
npm warn tarball tarball data for wkt-parser@https://registry.npmjs.org/wkt-parser/-/wkt-parser-1.5.6.tgz (sha512-cqHU3lzGt/gt2OqIORP0uVy5yeOX43WABmgFkmJsmcqH3HhQo9PiJG6ftytwGKmpQUbegeX7+pQc2BuNCRfcrw==) seems to be corrupted. Trying again.
npm warn tarball tarball data for youch-core@https://registry.npmjs.org/youch-core/-/youch-core-0.3.3.tgz (sha512-ho7XuGjLaJ2hWHoK8yFnsUGy2Y5uDpqSTq1FkHLK4/oqKtyUU1AFbOOxY4IpC9f0fTLjwYbslUz0Po5BpD1wrA==) seems to be corrupted. Trying again.
npm warn tarball tarball data for youch@https://registry.npmjs.org/youch/-/youch-4.1.0-beta.10.tgz (sha512-rLfVLB4FgQneDr0dv1oddCVZmKjcJ6yX6mS4pU82Mq/Dt9a3cLZQ62pDBL4AUO+uVrCvtWz3ZFUL2HFAFJ/BXQ==) seems to be corrupted. Trying again.
npm warn tarball tarball data for yargs@https://registry.npmjs.org/yargs/-/yargs-18.2.0.tgz (sha512-9OpKOLeaoNFecEp7P6iYbzze/5CqWoH7N3SMs/6y1XF4nMvFMspEGZzJ6uFi9MmQwXhyzqYoSEKO3tvA3Z/o2w==) seems to be corrupted. Trying again.
npm warn tarball tarball data for xml-utils@https://registry.npmjs.org/xml-utils/-/xml-utils-1.10.2.tgz (sha512-RqM+2o1RYs6T8+3DzDSoTRAUfrvaejbVHcp3+thnAtDKo8LskR+HomLajEy5UjTz24rpka7AxVBRR3g2wTUkJA==) seems to be corrupted. Trying again.
npm warn tarball tarball data for wkx@https://registry.npmjs.org/wkx/-/wkx-0.4.8.tgz (sha512-ikPXMM9IR/gy/LwiOSqWlSL3X/J5uk9EO2hHNRXS41eTLXaUFEVw9fn/593jW/tE5tedNg8YjT5HkCa4FqQZyQ==) seems to be corrupted. Trying again.
npm warn tarball tarball data for y18n@https://registry.npmjs.org/y18n/-/y18n-5.0.8.tgz (sha512-0pfFzegeDWJHJIAmTLRP2DwHjdF5s7jo9tuztdQxAhINCdvS+3nGINqPd00AphqJR/0LhANUS6/+7SCb98YOfA==) seems to be corrupted. Trying again.
npm warn tarball tarball data for vite@https://registry.npmjs.org/vite/-/vite-7.3.6.tgz (sha512-4XP60spRGjSZFf1qYH+dJIkK2znL3zQfl9KkOV9MkkRR/3Dls0dxaBsQPTloEc5BLXWPL9vsOxopxyKoMmDueg==) seems to be corrupted. Trying again.
npm warn tarball tarball data for unenv@https://registry.npmjs.org/unenv/-/unenv-2.0.0-rc.24.tgz (sha512-i7qRCmY42zmCwnYlh9H2SvLEypEFGye5iRmEMKjcGi7zk9UquigRjFtTLz0TYqr0ZGLZhaMHl/foy1bZR+Cwlw==) seems to be corrupted. Trying again.
npm warn tarball tarball data for zarrita@https://registry.npmjs.org/zarrita/-/zarrita-0.7.5.tgz (sha512-ZriOSEne+Wf2iuM0yjDZvUKpHNlug3dO7qJ6mAxXoOgsYV18DPOkAkwB9e0rf21bHcKcOffFuwoZwn5g6pvUeA==) seems to be corrupted. Trying again.
npm warn tarball tarball data for util-deprecate@https://registry.npmjs.org/util-deprecate/-/util-deprecate-1.0.2.tgz (sha512-EPD5q1uXyFxJpCrLnCc1nHnq3gOa6DZBocAIiI2TaSCA7VCJ1UJDMagCzIkXNsUYfD1daK//LTEQ8xiIbrHtcw==) seems to be corrupted. Trying again.
npm warn tarball tarball data for unzipit@https://registry.npmjs.org/unzipit/-/unzipit-2.0.0.tgz (sha512-DVeVIWUZCAQPNzm5sB0hpsG1GygTTdBnzNtYYEpInkttx5evkyqRgZi6rTczoySqp8hO5jHVKzrH0f23X8FZLg==) seems to be corrupted. Trying again.
npm warn tarball tarball data for wrap-ansi@https://registry.npmjs.org/wrap-ansi/-/wrap-ansi-9.0.2.tgz (sha512-42AtmgqjV+X1VpdOfyTGOYRi0/zsoLqtXQckTmqTeybT+BDIbM/Guxo7x3pE2vtpr1ok6xRqM9OpBe+Jyoqyww==) seems to be corrupted. Trying again.
npm warn tarball tarball data for workerd@https://registry.npmjs.org/workerd/-/workerd-1.20261001.1.tgz (sha512-d/SIYHFO0PT/wiFZg8in4NpRIxYuFwslX1HdylOtWkBIIUmSpkGFhK820cV84XACFylwJ48xuRoWW/8DWDPsPQ==) seems to be corrupted. Trying again.
npm warn tarball tarball data for undici@https://registry.npmjs.org/undici/-/undici-7.29.1.tgz (sha512-RYONW2MeafgYlkVOKYKkA/Ag7BmXqgIWCa8t1m0JcxrQg9pI9lEqRhAOruOBCbAohOa/gkCF+iPi9hrgvTzu6Q==) seems to be corrupted. Trying again.
npm warn tarball tarball data for through@https://registry.npmjs.org/through/-/through-2.3.8.tgz (sha512-w89qg7PI8wAdvX60bMDP+bFoD5Dvhm9oLheFp5O4a2QF0cSBGsBX4qZmadPMvVqlLJBBci+WqGGOAPvcDeNSVg==) seems to be corrupted. Trying again.
npm warn tarball tarball data for typedarray@https://registry.npmjs.org/typedarray/-/typedarray-0.0.6.tgz (sha512-/aCDEGatGvZ2BIk+HmLf4ifCJFwvKFNb9/JeZPMulfgFracn9QFcAf5GO8B/mweUjSoblS5In0cWhqpfs/5PQA==) seems to be corrupted. Trying again.
npm warn tarball tarball data for token-types@https://registry.npmjs.org/token-types/-/token-types-4.2.1.tgz (sha512-6udB24Q737UD/SDsKAHI9FCRP7Bqc9D/MQUV02ORQg5iskjtLJlZJNdN4kKtcdtwCeWIwIHDGaUsTsCCAa8sFQ==) seems to be corrupted. Trying again.
npm warn tarball tarball data for web-worker@https://registry.npmjs.org/web-worker/-/web-worker-1.5.0.tgz (sha512-RiMReJrTAiA+mBjGONMnjVDP2u3p9R1vkcGz6gDIrOMT3oGuYwX2WRMYI9ipkphSuE5XKEhydbhNEJh4NY9mlw==) seems to be corrupted. Trying again.
npm warn tarball tarball data for tsx@https://registry.npmjs.org/tsx/-/tsx-4.23.15.tgz (sha512-Yiex1Ovn8z2xPpOWckIiysV1SSyRMY9BkLF++q0yKiDxCqRhosKfMg3janKkiLBwZ5c/YryloKwGZcrEmtwxKw==) seems to be corrupted. Trying again.
npm warn tarball tarball data for tinyglobby@https://registry.npmjs.org/tinyglobby/-/tinyglobby-0.2.17.tgz (sha512-wXR/dYpcqKmfWpEdZjiKJOwCNFndD0DMnrW/cYjVGttEkBfVgcLFHoNrlj47mjOVic9yyNu65alsgF4NQyTa2g==) seems to be corrupted. Trying again.
npm warn tarball tarball data for tslib@https://registry.npmjs.org/tslib/-/tslib-2.8.1.tgz (sha512-oJFu94HQb+KVduSUQL7wnpmqnfmLsOA/nAh6b6EH0wCEoK0/mPeXU6c3wKDV83MkOuHPRHtSXKKU99IBazS/2w==) seems to be corrupted. Trying again.
npm warn tarball tarball data for tinyqueue@https://registry.npmjs.org/tinyqueue/-/tinyqueue-2.0.3.tgz (sha512-ppJZNDuKGgxzkHihX8v9v9G5f+18gzaTfrukGrq6ueg0lmH4nqVnA2IPG0AEH3jKEk2GRJCUhDoqpoiw3PHLBA==) seems to be corrupted. Trying again.
npm warn tarball tarball data for undici-types@https://registry.npmjs.org/undici-types/-/undici-types-8.9.0.tgz (sha512-KTDyRTYX8sWmKXAikPHHSyc63CRPETMctyjKFupcC6OBLXT3xsN0e9aF7m+mIXutFWpUXuedtowG7iLOzp0kQg==) seems to be corrupted. Trying again.
npm warn tarball tarball data for strip-ansi@https://registry.npmjs.org/strip-ansi/-/strip-ansi-7.2.0.tgz (sha512-yDPMNjp4WyfYBkHnjIRLfca1i6KMyGCtsVgoKe/z1+6vukgaENdgGBZt+ZmKPc4gavvEZ5OgHfHdrazhgNyG7w==) seems to be corrupted. Trying again.
npm warn tarball tarball data for sync-rpc@https://registry.npmjs.org/sync-rpc/-/sync-rpc-1.3.7.tgz (sha512-YHciI7TUxL8EPqz/bg01sZfwuzQA0odao1wf1Ywdtw7j5vl30aQ6s+bLRTvgPPgzr94cg+WMm6Bxi/P7BJOxgw==) seems to be corrupted. Trying again.
npm warn tarball tarball data for then-request@https://registry.npmjs.org/then-request/-/then-request-6.0.2.tgz (sha512-3ZBiG7JvP3wbDzA9iNY5zJQcHL4jn/0BWtXIkagfz7QgOL/LqjCEOBQuJNZfu0XYnv5JhKh+cDxCPM4ILrqruA==) seems to be corrupted. Trying again.
npm warn tarball tarball data for string-width@https://registry.npmjs.org/string-width/-/string-width-8.3.0.tgz (sha512-ZbmZM0JCihQN91dWnxoipT2KOEyHqEyfRXUyjuRhW8b/xnqPDoq4gWEVApTVa9db2wN8mmoikgFBbjh71+cGeQ==) seems to be corrupted. Trying again.
npm warn tarball tarball data for sync-request@https://registry.npmjs.org/sync-request/-/sync-request-6.1.0.tgz (sha512-8fjNkrNlNCrVc/av+Jn+xxqfCjYaBoHqCsDz6mt030UMxJGr+GSfCV1dQt2gRtlL63+VPidwDVLr7V2OcTSdRw==) seems to be corrupted. Trying again.
npm warn tarball tarball data for string_decoder@https://registry.npmjs.org/string_decoder/-/string_decoder-1.3.0.tgz (sha512-hkRX8U1WjJFd8LsDJ2yQ/wWWxaopEsABU1XfkM8A+j0+85JAGppt16cr1Whg6KIbb4okU6Mql6BOj+uup/wKeA==) seems to be corrupted. Trying again.
npm warn tarball tarball data for stream-combiner@https://registry.npmjs.org/stream-combiner/-/stream-combiner-0.2.2.tgz (sha512-6yHMqgLYDzQDcAkL+tjJDC5nSNuNIx0vZtRZeiPh7Saef7VHX9H5Ijn9l2VIol2zaNYlYEX6KyuT/237A58qEQ==) seems to be corrupted. Trying again.
npm warn tarball tarball data for tsscmp@https://registry.npmjs.org/tsscmp/-/tsscmp-1.0.6.tgz (sha512-LxhtAkPDTkVCMQjt2h6eBVY28KCjikZqZfMcC15YBeNjkgUpdCfBu5HoiOTDu86v6smE8yOjyEktJ8hlbANHQA==) seems to be corrupted. Trying again.
npm warn tarball tarball data for split@https://registry.npmjs.org/split/-/split-1.0.1.tgz (sha512-mTyOoPbrivtXnwnIxZRFYRrPNtEFKlpB2fvjSnCQUiAA6qAZzqwna5envK4uk6OIeP17CsdF3rSBGYVBsU0Tkg==) seems to be corrupted. Trying again.
npm warn tarball tarball data for source-map@https://registry.npmjs.org/source-map/-/source-map-0.6.1.tgz (sha512-UjgapumWlbMhkBgzT7Ykc5YXUT46F0iKu8SGXq0bcwP5dz/h0Plj6enJqjz1Zbq2l5WaqYnrVbwWOWMyF3F47g==) seems to be corrupted. Trying again.
npm warn tarball tarball data for splaytree@https://registry.npmjs.org/splaytree/-/splaytree-3.2.3.tgz (sha512-7OXrNWzy6CK+r7Ch9OLPBDTKfB6XlWHjX4P0RU5B3IgFuWPeYN0XtRtlexGRjgbQxpfaUve6jTAwBGWuGntz/w==) seems to be corrupted. Trying again.
npm warn tarball tarball data for source-map-support@https://registry.npmjs.org/source-map-support/-/source-map-support-0.5.21.tgz (sha512-uBHU3L3czsIyYXKX88fdrGovxdSCoTGDRZ6SYXtSRxLZUzHg5P/66Ht6uoUlHu9EZod+inXhKo3qQgwXUT/y1w==) seems to be corrupted. Trying again.
npm warn tarball tarball data for side-channel-weakmap@https://registry.npmjs.org/side-channel-weakmap/-/side-channel-weakmap-1.0.2.tgz (sha512-WPS/HvHQTYnHisLo9McqBHOJk2FkHO/tlpvldyrnem4aeQp4hai3gythswg6p01oSoTl58rcpiFAjF2br2Ak2A==) seems to be corrupted. Trying again.
npm warn tarball tarball data for slice-source@https://registry.npmjs.org/slice-source/-/slice-source-0.4.1.tgz (sha512-YiuPbxpCj4hD9Qs06hGAz/OZhQ0eDuALN0lRWJez0eD/RevzKqGdUx1IOMUnXgpr+sXZLq3g8ERwbAH0bCb8vg==) seems to be corrupted. Trying again.
npm warn tarball tarball data for supports-color@https://registry.npmjs.org/supports-color/-/supports-color-7.2.0.tgz (sha512-qpCAvRl9stuOHveKsn7HncJRvv501qIacKzQlO/+Lwxc9+0q2wLyv4Dfvt80/DPn2pqOBsJdDiogXGR9+OvwRw==) seems to be corrupted. Trying again.
npm warn tarball tarball data for sharp@https://registry.npmjs.org/sharp/-/sharp-0.35.4.tgz (sha512-n++8XWcj+jCOr2IOl7h8LbKnGBDY4aPbmprMONBNFdn0ImXqpGVv5zliDs0V9HbmbCQLpbuo2ej9rAoOQTvMDA==) seems to be corrupted. Trying again.
npm warn tarball tarball data for semver@https://registry.npmjs.org/semver/-/semver-7.8.5.tgz (sha512-Y7/KDsb8LjooZpwaqGyulO6DQlksgCncchHGk+sZIY4SBvUocMBEFH5Ur1fI4dV+Jvl0w6cjvucaIi40puRioA==) seems to be corrupted. Trying again.
npm warn tarball tarball data for signal-exit@https://registry.npmjs.org/signal-exit/-/signal-exit-4.1.0.tgz (sha512-bzyZ1e88w9O1iNJbKnOlvYTrWPDl46O1bG0D3XInv+9tkPrxrN8jUUTiFlDkkmKWgn1M6CfIA13SuGqOa9Korw==) seems to be corrupted. Trying again.
npm warn tarball tarball data for source-map-js@https://registry.npmjs.org/source-map-js/-/source-map-js-1.2.2.tgz (sha512-KGj/8Y43x35aZVDtt+J4mK1hoLGHULMYfSkODJNQjNDC3oW1PqPoxMwo0pLUsWM/UEGzON/NxeHywEfNXNP3Vw==) seems to be corrupted. Trying again.
npm warn tarball tarball data for safe-buffer@https://registry.npmjs.org/safe-buffer/-/safe-buffer-5.2.1.tgz (sha512-rp3So07KcdmmKbGvgaNxQSJr7bGVSVk5S9Eq1F+ppbRo70+YeaDxkw5Dd8NPN+GD6bjnYm2VuPuCXmpuYvmCXQ==) seems to be corrupted. Trying again.
npm warn tarball tarball data for side-channel-list@https://registry.npmjs.org/side-channel-list/-/side-channel-list-1.0.1.tgz (sha512-mjn/0bi/oUURjc5Xl7IaWi/OJJJumuoJFQJfDDyO46+hBWsfaVM65TBHq2eoZBhzl9EchxOijpkbRC8SVBQU0w==) seems to be corrupted. Trying again.
npm warn tarball tarball data for side-channel@https://registry.npmjs.org/side-channel/-/side-channel-1.1.1.tgz (sha512-6x6dK6zJdpTzF4sQeNYxwtvBzf6Eg4GtlesS94HOvTudUeyK2WXAaIfmDgsyslYrRBeFIlsi54AYsFGUuhmvrQ==) seems to be corrupted. Trying again.
npm warn tarball tarball data for robust-predicates@https://registry.npmjs.org/robust-predicates/-/robust-predicates-3.0.3.tgz (sha512-NS3levdsRIUOmiJ8FZWCP7LG3QpJyrs/TE0Zpf1yvZu8cAJJ6QMW92H1c7kWpdIHo8RvmLxN/o2JXTKHp74lUA==) seems to be corrupted. Trying again.
npm warn tarball tarball data for rollup@https://registry.npmjs.org/rollup/-/rollup-4.63.5.tgz (sha512-KRWwmNLlPw5M7HcdYfm15oBv9n9LPtjzpzCIxS/phwqvPyxHSoKX6Y2YU3pxSPfy0CLquVgsx/j/hBi6OvH1Nw==) seems to be corrupted. Trying again.
npm warn tarball tarball data for strtok3@https://registry.npmjs.org/strtok3/-/strtok3-6.3.0.tgz (sha512-fZtbhtvI9I48xDSywd/somNqgUHl2L2cstmXCCif0itOf96jeW18MBSyrLuNicYQVkvpOxkZtkzujiTJ9LW5Jw==) seems to be corrupted. Trying again.
npm warn tarball tarball data for safer-buffer@https://registry.npmjs.org/safer-buffer/-/safer-buffer-2.1.2.tgz (sha512-YZo3K82SD7Riyi0E1EQPojLz7kpepnSQI9IyPbHHg1XXXevb5dJI7tpyN2ADxGcQbHG7vcyRHk0cbwqcQriUtg==) seems to be corrupted. Trying again.
npm warn tarball tarball data for side-channel-map@https://registry.npmjs.org/side-channel-map/-/side-channel-map-1.0.1.tgz (sha512-VCjCNfgMsby3tTdo02nbjtM/ewra6jPHmpThenkTYh8pG9ucZ/1P8So4u4FGBek/BjpOVsDCMoLA/iuBKIFXRA==) seems to be corrupted. Trying again.
npm warn tarball tarball data for simplify-js@https://registry.npmjs.org/simplify-js/-/simplify-js-1.2.4.tgz (sha512-vITfSlwt7h/oyrU42R83mtzFpwYk3+mkH9bOHqq/Qw6n8rtR7aE3NZQ5fbcyCUVVmuMJR6ynsAhOfK2qoah8Jg==) seems to be corrupted. Trying again.
npm warn tarball tarball data for run-async@https://registry.npmjs.org/run-async/-/run-async-4.0.6.tgz (sha512-IoDlSLTs3Yq593mb3ZoKWKXMNu3UpObxhgA/Xuid5p4bbfi2jdY1Hj0m1K+0/tEuQTxIGMhQDqGjKb7RuxGpAQ==) seems to be corrupted. Trying again.
npm warn tarball tarball data for readable-web-to-node-stream@https://registry.npmjs.org/readable-web-to-node-stream/-/readable-web-to-node-stream-3.0.4.tgz (sha512-9nX56alTf5bwXQ3ZDipHJhusu9NTQJ/CVPtb/XHAJCXihZeitfJvIRS4GqQ/mfIoOE3IelHMrpayVrosdHBuLw==) seems to be corrupted. Trying again.
npm warn tarball tarball data for reproject@https://registry.npmjs.org/reproject/-/reproject-1.2.5.tgz (sha512-cTH78fi1uuv5gzW/GVepO4LbCvOUhO0X2BEyyvrKkYb4KPRmDPs7cZnIxemHPUIch/CoSI8MPLmXRHZFSHjbKw==) seems to be corrupted. Trying again.
npm warn tarball tarball data for rbush@https://registry.npmjs.org/rbush/-/rbush-3.0.1.tgz (sha512-XRaVO0YecOpEuIvbhbpTrZgoiI6xBlz6hnlr6EHhd+0x9ase6EmeN+hdwwUaJvLcsFFQ8iWVF1GAK1yB0BWi0w==) seems to be corrupted. Trying again.
npm warn tarball tarball data for quick-lru@https://registry.npmjs.org/quick-lru/-/quick-lru-6.1.2.tgz (sha512-AAFUA5O1d83pIHEhJwWCq/RQcRukCkn/NSm2QsTEMle5f2hP0ChI2+3Xb051PZCkLryI/Ir1MVKviT2FIloaTQ==) seems to be corrupted. Trying again.
npm warn tarball tarball data for rw@https://registry.npmjs.org/rw/-/rw-1.3.3.tgz (sha512-PdhdWy89SiZogBLaw42zdeqtRJ//zFd2PgQavcICDUgJT5oW10QCRKbJ6bg4r0/UY2M6BWd5tkxuGFRvCkgfHQ==) seems to be corrupted. Trying again.
npm warn tarball tarball data for queue@https://registry.npmjs.org/queue/-/queue-6.0.1.tgz (sha512-AJBQabRCCNr9ANq8v77RJEv73DPbn55cdTb+Giq4X0AVnNVZvMHlYp7XlQiN+1npCZj1DuSmaA2hYVUUDgxFDg==) seems to be corrupted. Trying again.
npm warn tarball tarball data for resolve-protobuf-schema@https://registry.npmjs.org/resolve-protobuf-schema/-/resolve-protobuf-schema-2.1.0.tgz (sha512-kI5ffTiZWmJaS/huM8wZfEMer1eRd7oJQhDuxeCLe3t7N7mX3z94CN0xPxBQxFYQTSNz9T0i+v6inKqSdK8xrQ==) seems to be corrupted. Trying again.
npm warn tarball tarball data for readable-stream@https://registry.npmjs.org/readable-stream/-/readable-stream-4.7.0.tgz (sha512-oIGGmcpTLwPga8Bn6/Z75SVaH1z5dUut2ibSyAMVhmUggWpmDn2dapB0n7f8nwaSiRtepAsfJyfXIO5DCVAODg==) seems to be corrupted. Trying again.
npm warn tarball tarball data for polygon-clipping@https://registry.npmjs.org/polygon-clipping/-/polygon-clipping-0.15.7.tgz (sha512-nhfdr83ECBg6xtqOAJab1tbksbBAOMUltN60bU+llHVOL0e5Onm1WpAXXWXVB39L8AJFssoIhEVuy/S90MmotA==) seems to be corrupted. Trying again.
npm warn tarball tarball data for reference-spec-reader@https://registry.npmjs.org/reference-spec-reader/-/reference-spec-reader-0.2.0.tgz (sha512-q0mfCi5yZSSHXpCyxjgQeaORq3tvDsxDyzaadA/5+AbAUwRyRuuTh0aRQuE/vAOt/qzzxidJ5iDeu1cLHaNBlQ==) seems to be corrupted. Trying again.
npm warn tarball tarball data for qs@https://registry.npmjs.org/qs/-/qs-6.16.0.tgz (sha512-h6fhOIaRrID2CbEY2fqs+7t+UXZo+MLAnU5gRIq85uFtdiUPCdsApMlHhXogKVM4HM2DVbIjGNTTYH2OcmP1vA==) seems to be corrupted. Trying again.
npm warn tarball tarball data for rtree-sql.js@https://registry.npmjs.org/rtree-sql.js/-/rtree-sql.js-1.7.0.tgz (sha512-hue7klBnBrM6pvUPSnXNNgA0yN9FIjmhb8QveVY9q5h/3b//Cd8jaafUE0Ty89fuiamaLEHRw8eQq8mTn6Df5Q==) seems to be corrupted. Trying again.
npm warn tarball tarball data for quickselect@https://registry.npmjs.org/quickselect/-/quickselect-2.0.0.tgz (sha512-RKJ22hX8mHe3Y6wH/N3wCM6BWtjaxIyyUIkpHOvfFnxdI4yD4tBXEBKSbriGujF6jnSVkJrffuo6vxACiSSxIw==) seems to be corrupted. Trying again.
npm warn tarball tarball data for resolve-pkg-maps@https://registry.npmjs.org/resolve-pkg-maps/-/resolve-pkg-maps-1.0.0.tgz (sha512-seS2Tj26TBVOC2NIc2rOe2y2ZO7efxITtLZcGSOnHHNOQ7CkiUBfw0Iw2ck6xkIhPwLhKNLS8BO+hEpngQlqzw==) seems to be corrupted. Trying again.
npm warn tarball tarball data for picomatch@https://registry.npmjs.org/picomatch/-/picomatch-4.0.7.tgz (sha512-qcJu88Q2IWqJsDD529JKMdwGm/dvInW4HvQnRwiH9JtihJvzGOscDtHE3x1pBKeUOTysQ8kVmLnJ2kJu7yhcGA==) seems to be corrupted. Trying again.
npm warn tarball tarball data for process-nextick-args@https://registry.npmjs.org/process-nextick-args/-/process-nextick-args-2.0.1.tgz (sha512-3ouUOpQhtgrbOa17J7+uxOTpITYWaGP7/AhoR3+A+/1e9skrzelGi/dXzEYyvbxubEF6Wn2ypscTKiKJFFn1ag==) seems to be corrupted. Trying again.
npm warn tarball tarball data for proj4@https://registry.npmjs.org/proj4/-/proj4-2.8.0.tgz (sha512-baC+YcD4xsSqJ+CpCZljj2gcQDhlKb+J+Zjv/2KSBwWNjk4M0pafgQsE+mWurd84tflMIsP+7j7mtIpFDHzQfQ==) seems to be corrupted. Trying again.
npm warn tarball tarball data for postcss@https://registry.npmjs.org/postcss/-/postcss-8.5.28.tgz (sha512-RRuzqDtt5Y9h3quz5hWhK+TPnsmVs6WwSU6LkJMeY4HstUEDuYTG8UJSdawMRzmzAtV+KEoG8N3Qg2qLy5vM/A==) seems to be corrupted. Trying again.
npm warn tarball tarball data for playwright-core@https://registry.npmjs.org/playwright-core/-/playwright-core-1.63.0.tgz (sha512-rYCsBF/M5HjUch52bbtVONEFjv6Xu8sm8h72dNlR5bzIE1fvC/bxgspzkjSfU+MweEMmPM8KJebG6nnyxo5mCg==) seems to be corrupted. Trying again.
npm warn tarball tarball data for protocol-buffers-schema@https://registry.npmjs.org/protocol-buffers-schema/-/protocol-buffers-schema-3.6.1.tgz (sha512-VG2K63Igkiv9p76tk1lilczEK1cT+kCjKtkdhw1dQZV3k3IXJbd3o6Ho8b9zJZaHSnT2hKe4I+ObmX9w6m5SmQ==) seems to be corrupted. Trying again.
npm warn tarball tarball data for promise@https://registry.npmjs.org/promise/-/promise-8.3.0.tgz (sha512-rZPNPKTOYVNEEKFaq1HqTgOwZD+4/YHS5ukLzQCypkj+OkYx7iv0mA91lJlpPPZ8vMau3IIGj5Qlwrx+8iiSmg==) seems to be corrupted. Trying again.
npm warn tarball tarball data for pbf@https://registry.npmjs.org/pbf/-/pbf-5.1.2.tgz (sha512-mnvGdvOrIvJOBGUEdGkrVXjN8E/VkIJCkf2eS1DH2yv82ORUlLttmDt0rWY38yYZmVwciZwBUvHM20qxBZf40w==) seems to be corrupted. Trying again.
npm warn tarball tarball data for process@https://registry.npmjs.org/process/-/process-0.11.10.tgz (sha512-cdGef/drWFoydD1JsMzuFf8100nZl+GT+yacc2bEced5f9Rjk4z+WtFUTBu9PhOi9j/jfmBPu0mMEY4wIdAF8A==) seems to be corrupted. Trying again.
npm warn tarball tarball data for pathe@https://registry.npmjs.org/pathe/-/pathe-2.0.3.tgz (sha512-WUjGcAqP1gQacoQe+OBJsFA7Ld4DyXuUIjZ5cc75cLHvJ7dtNsTugphxIADwspS+AraAUePCKrSVtPLFj/F88w==) seems to be corrupted. Trying again.
npm warn tarball tarball data for playwright@https://registry.npmjs.org/playwright/-/playwright-1.63.0.tgz (sha512-+7ziBLidS4NaNCdt57SUDT+wYmmd5fmiQejUic/kb+YsYSCPyOOE9sebzMjNmQrsnNpDJqd4WHvV/8lfKfUDUg==) seems to be corrupted. Trying again.
npm warn tarball tarball data for picocolors@https://registry.npmjs.org/picocolors/-/picocolors-1.1.1.tgz (sha512-xceH2snhtb5M9liqDsmEw56le376mTZkEX/jEb/RxNFyegNul7eNslCXP9FDj/Lcu0X8KEyMceP2ntpaHrDEVA==) seems to be corrupted. Trying again.
npm warn tarball tarball data for parse-cache-control@https://registry.npmjs.org/parse-cache-control/-/parse-cache-control-1.0.1.tgz (sha512-60zvsJReQPX5/QP0Kzfd/VrpjScIQ7SHBW6bFCYfEP+fp0Eppr1SHhIO5nd1PjZtvclzSzES9D/p5nFJurwfWg==) seems to be corrupted. Trying again.
npm warn tarball tarball data for pako@https://registry.npmjs.org/pako/-/pako-2.2.0.tgz (sha512-zJq6RP/5q+TO2OpFV3FHzlPnFjmkb7Nc99a5SNjJE+uu/PkpChs+NIZSSzbBoD+6kjiISXjfYdwj1ZRQ81dz/w==) seems to be corrupted. Trying again.
npm warn tarball tarball data for peek-readable@https://registry.npmjs.org/peek-readable/-/peek-readable-4.1.0.tgz (sha512-ZI3LnwUv5nOGbQzD9c2iDG6toheuXSZP5esSHBjopsXH4dg19soufvpUGA3uohi5anFtGb2lhAVdHzH6R/Evvg==) seems to be corrupted. Trying again.
npm warn tarball tarball data for pause-stream@https://registry.npmjs.org/pause-stream/-/pause-stream-0.0.11.tgz (sha512-e3FBlXLmN/D1S+zHzanP4E/4Z60oFAa3O051qt1pxa7DEJWKAyil6upYVXCWadEnuoqa4Pkc9oUx9zsxYeRv8A==) seems to be corrupted. Trying again.
npm warn tarball tarball data for path-to-regexp@https://registry.npmjs.org/path-to-regexp/-/path-to-regexp-6.3.0.tgz (sha512-Yhpw4T9C6hPpgPeA28us07OJeqZ5EzQTkbfwuhsUg0c237RomFoETJgmp2sa3F/41gfLE6G5cqcYwznmeEeOlQ==) seems to be corrupted. Trying again.
npm warn tarball tarball data for nanoid@https://registry.npmjs.org/nanoid/-/nanoid-3.3.19.tgz (sha512-Y2tUNy4ouw6tq5oDSKeQYGOyhkUBhNOcGV/02KC+6kd9eDGqdZd++mjMiIDilrBYvjEnCYvVtsuHCuP+okSfug==) seems to be corrupted. Trying again.
npm warn tarball tarball data for parse-headers@https://registry.npmjs.org/parse-headers/-/parse-headers-2.0.6.tgz (sha512-Tz11t3uKztEW5FEVZnj1ox8GKblWn+PvHY9TmJV5Mll2uHEwRdR/5Li1OlXoECjLYkApdhWy44ocONwXLiKO5A==) seems to be corrupted. Trying again.
npm warn tarball tarball data for opn@https://registry.npmjs.org/opn/-/opn-5.5.0.tgz (sha512-PqHpggC9bLV0VeWcdKhkpxY+3JTzetLSqTCWL/z/tFIbI6G8JCjondXklT1JinczLz2Xib62sSp0T/gKT4KksA==) seems to be corrupted. Trying again.
npm warn tarball tarball data for ol@https://registry.npmjs.org/ol/-/ol-10.10.0.tgz (sha512-tLPKn6zl+6uWdPufYlqG/lQzuVUTVmfwahQqVr5+wZNyZecyAtIhMTyOtKpu7ooNDLY2sEjKZNXw9HL+sOjC1A==) seems to be corrupted. Trying again.
npm warn tarball tarball data for object-inspect@https://registry.npmjs.org/object-inspect/-/object-inspect-1.13.4.tgz (sha512-W67iLl4J2EXEGTbfeHCffrjDfitvLANg0UlX3wFUUSTx92KXRFegMHUVgSqE+wvhAbi4WqjGg9czysTV2Epbew==) seems to be corrupted. Trying again.
npm warn tarball tarball data for msgpackr@https://registry.npmjs.org/msgpackr/-/msgpackr-1.12.1.tgz (sha512-4EUH9tQHnMmEgzW/MdAP0KIfa1T9AF+htl0ffe2n5vb2EKn9y2co8ccpgWko6S52Jy1PQZKwRnx5/KkYjtd9MQ==) seems to be corrupted. Trying again.
npm warn tarball tarball data for msgpackr-extract@https://registry.npmjs.org/msgpackr-extract/-/msgpackr-extract-3.0.4.tgz (sha512-4kmO/MdyUIkLIvTPr8VHLil4AtoKIoniWPIEk5+CDy0xnWC84azhSFmuJ7PxZdsYtiP5kEeQsORAVIeMgxT+Hw==) seems to be corrupted. Trying again.
npm warn tarball tarball data for node-gyp-build-optional-packages@https://registry.npmjs.org/node-gyp-build-optional-packages/-/node-gyp-build-optional-packages-5.2.2.tgz (sha512-s+w+rBWnpTMwSFbaE0UXsRlg7hU4FjekKU4eyAih5T8nJuNZT1nNsskXpxmeqSK9UzkBl6UgRlnKc8hz8IEqOw==) seems to be corrupted. Trying again.
npm warn tarball tarball data for mproj@https://registry.npmjs.org/mproj/-/mproj-0.0.40.tgz (sha512-Fda92o5LkFUr0Tbz/5QsVhsIgbhnrnQf/eLkYRWGfKspbgvjA0VCk1FF5bT1TgpMHAP7000alBRkV7Q7hesnQg==) seems to be corrupted. Trying again.
npm warn tarball tarball data for numcodecs@https://registry.npmjs.org/numcodecs/-/numcodecs-0.3.2.tgz (sha512-6YSPnmZgg0P87jnNhi3s+FVLOcIn3y+1CTIgUulA3IdASzK9fJM87sUFkpyA+be9GibGRaST2wCgkD+6U+fWKw==) seems to be corrupted. Trying again.
npm warn tarball tarball data for mime-types@https://registry.npmjs.org/mime-types/-/mime-types-2.1.35.tgz (sha512-ZDY+bPm5zTTF+YpCrAU9nK0UgICYPT0QtT1NZWFv4s++TNkcgVaT0g6+4R2uI4MjQjzysHB1zxuWL50hzaeXiw==) seems to be corrupted. Trying again.
npm warn tarball tarball data for minimist@https://registry.npmjs.org/minimist/-/minimist-1.2.8.tgz (sha512-2yyAR8qBkN3YuheJanUpWC5U3bb5osDywNB8RzDVlDwDHbocAJveqqj1u8+SVD7jkWT4yvsHCpWqqWqAxb0zCA==) seems to be corrupted. Trying again.
npm warn tarball tarball data for mgrs@https://registry.npmjs.org/mgrs/-/mgrs-1.0.0.tgz (sha512-awNbTOqCxK1DBGjalK3xqWIstBZgN6fxsMSiXLs9/spqWkF2pAhb2rrYCFSsr1/tT7PhcDGjZndG8SWYn0byYA==) seems to be corrupted. Trying again.
npm warn tarball tarball data for mute-stream@https://registry.npmjs.org/mute-stream/-/mute-stream-3.0.0.tgz (sha512-dkEJPVvun4FryqBmZ5KhDo0K9iDXAwn08tMLDinNdRBNPcYEDiWYysLcc6k3mjTMlbP9KyylvRpd4wFtwrT9rw==) seems to be corrupted. Trying again.
npm warn tarball tarball data for node-addon-api@https://registry.npmjs.org/node-addon-api/-/node-addon-api-8.9.2.tgz (sha512-VijLXbi3UACN69I0JVXJsX4tjACjNoQDgv2gTF6sx2wWEi8tkSg2eX8p5gSIFi8z2+DL3oHmY6OyKce38SDolg==) seems to be corrupted. Trying again.
npm warn tarball tarball data for miniflare@https://registry.npmjs.org/miniflare/-/miniflare-5.20261001.0-alpha.tgz (sha512-GaimS5mSIOMyvd16ga+e1/QkI8cmp3z35QPHFex0DktqNQf2RVZQwMPQXdyoUreUiFP/0Gpe2MoQInTyMAD5xA==) seems to be corrupted. Trying again.
npm warn tarball tarball data for kleur@https://registry.npmjs.org/kleur/-/kleur-4.1.5.tgz (sha512-o+NO+8WrRiQEE4/7nwRJhN1HWpVmJm511pBHUxPLtp0BUISzlBplORYSmTclCnJvQq2tKu/sgl3xVpkc7ZWuQQ==) seems to be corrupted. Trying again.
npm warn tarball tarball data for mime-db@https://registry.npmjs.org/mime-db/-/mime-db-1.52.0.tgz (sha512-sPU4uV7dYlvtWJxwwxHD0PuihVNiE7TyAbQ5SWxDCB9mUYvOgroQOwYQQOKPJ8CIbE+1ETVlOoK1UC2nU3gYvg==) seems to be corrupted. Trying again.
npm warn tarball tarball data for mapshaper@https://registry.npmjs.org/mapshaper/-/mapshaper-0.6.121.tgz (sha512-kFXE4pbQ1yCwpJxFQthQkAGvZgM/aje/i1OnQwnxlJVWMQoounL4N9VAPOylOBK7GSnrHxCOzI8cakmS30Sljw==) seems to be corrupted. Trying again.
npm warn tarball tarball data for math-intrinsics@https://registry.npmjs.org/math-intrinsics/-/math-intrinsics-1.1.0.tgz (sha512-/IXtbwEk5HTPyEwyKX6hGkYXxM9nbj64B+ilVJnC/R6B0pH5G4V3b0pVbL7DBj4tkhBAppbQUlf6F6Xl9LHu1g==) seems to be corrupted. Trying again.
npm warn tarball tarball data for lodash@https://registry.npmjs.org/lodash/-/lodash-4.18.1.tgz (sha512-dMInicTPVE8d1e5otfwmmjlxkZoUpiVLwyeTdUsi/Caj/gfzzblBcCE5sRHV/AsjuCmxWrte2TNGSYuCeCq+0Q==) seems to be corrupted. Trying again.
npm warn tarball tarball data for jsonparse@https://registry.npmjs.org/jsonparse/-/jsonparse-1.3.1.tgz (sha512-POQXvpdL69+CluYsillJ7SUhKvytYjW9vG/GKpnf+xP8UWgYEM/RaMzHHofbALDiKbbP1W8UEYmgGl39WkPZsg==) seems to be corrupted. Trying again.
npm warn tarball tarball data for map-stream@https://registry.npmjs.org/map-stream/-/map-stream-0.0.7.tgz (sha512-C0X0KQmGm3N2ftbTGBhSyuydQ+vV1LC3f3zPvT3RXHXNZrvfPZcoXp/N5DOa8vedX/rTMm2CjTtivFg2STJMRQ==) seems to be corrupted. Trying again.
npm warn tarball tarball data for lerc@https://registry.npmjs.org/lerc/-/lerc-3.0.0.tgz (sha512-Rm4J/WaHhRa93nCN2mwWDZFoRVF18G1f47C+kvQWyHGEZxFpTUi73p7lMVSAndyxGt6lJ2/CFbOcf9ra5p8aww==) seems to be corrupted. Trying again.
npm warn tarball tarball data for jiti@https://registry.npmjs.org/jiti/-/jiti-2.7.0.tgz (sha512-AC/7JofJvZGrrneWNaEnJeOLUx+JlGt7tNa0wZiRPT4MY1wmfKjt2+6O2p2uz2+skll8OZZmJMNqeke7kKbNgQ==) seems to be corrupted. Trying again.
npm warn tarball tarball data for leaflet@https://registry.npmjs.org/leaflet/-/leaflet-1.9.4.tgz (sha512-nxS1ynzJOmOlHp+iL3FyWqK89GtNL8U8rvlMOsQdTTssxZwCXh8N2NB3GDQOL+YR3XnWyZAxwQixURb+FA74PA==) seems to be corrupted. Trying again.
npm warn tarball tarball data for isarray@https://registry.npmjs.org/isarray/-/isarray-1.0.0.tgz (sha512-VLghIWNM6ELQzo7zwmcg0NmTVyWKYjvIeM83yjp0wRDTmUnrM678fQbcKBo6n2CJEF0szoG//ytg+TKla89ALQ==) seems to be corrupted. Trying again.
npm warn tarball tarball data for is-wsl@https://registry.npmjs.org/is-wsl/-/is-wsl-1.1.0.tgz (sha512-gfygJYZ2gLTDlmbWMI0CE2MwnFzSN/2SZfkMlItC4K/JBlsWVDB0bO6XhqcY13YXE7iMcAJnzTCJjPiTeJJ0Mw==) seems to be corrupted. Trying again.
npm warn tarball tarball data for kdbush@https://registry.npmjs.org/kdbush/-/kdbush-3.0.0.tgz (sha512-hRkd6/XW4HTsA9vjVpY9tuXJYLSlelnkTmVFu4M9/7MIYQtFcHpbugAU7UbOfjOiVSVYl2fqgBuJ32JUmRo5Ew==) seems to be corrupted. Trying again.
npm warn tarball tarball data for keygrip@https://registry.npmjs.org/keygrip/-/keygrip-1.1.0.tgz (sha512-iYSchDJ+liQ8iwbSI2QqsQOvqv58eJCEanyJPJi+Khyu8smkcKSFUCbPwzFcL7YVtZ6eONjqRX/38caJ7QjRAQ==) seems to be corrupted. Trying again.
npm warn tarball tarball data for JSONStream@https://registry.npmjs.org/JSONStream/-/JSONStream-1.3.5.tgz (sha512-E+iruNOY8VV9s4JEbe1aNEm6MiszPRr/UfcHMz0TQh1BXSxHK+ASV1R6W4HpjBhSeS+54PIsAMCBmwD06LLsqQ==) seems to be corrupted. Trying again.
npm warn tarball tarball data for idb-keyval@https://registry.npmjs.org/idb-keyval/-/idb-keyval-6.3.0.tgz (sha512-um+2dgAWmYsu615EXpWVwSmapJhON0G43t3Ka/EVaohzPQXSMqKEqeDK/oIW3Ow+BXaF2PvSc+oBTFp793A5Ow==) seems to be corrupted. Trying again.
npm warn tarball tarball data for inherits@https://registry.npmjs.org/inherits/-/inherits-2.0.4.tgz (sha512-k/vGaX4/Yla3WzyMCvTQOXYeIHvqOKtnqBduzTHpzpQZzAskKMhZ2K+EnBiSM9zGSoIFeMpXKxa4dYeZIQqewQ==) seems to be corrupted. Trying again.
npm warn tarball tarball data for http-response-object@https://registry.npmjs.org/http-response-object/-/http-response-object-3.0.2.tgz (sha512-bqX0XTF6fnXSQcEJ2Iuyr75yVakyjIDCqroJQ/aHfSdlM743Cwqoi2nDYMzLGWUcuTWGWy8AAvOKXTfiv6q9RA==) seems to be corrupted. Trying again.
npm warn tarball tarball data for hasown@https://registry.npmjs.org/hasown/-/hasown-2.0.4.tgz (sha512-T2UbfbBEF32wiepXIsMlTW9+dDYC6wMh/t/vYA4tuOMKqWz/n3vr1NFSxQiyP+zk2mXsoMA/i/7qV6LKut1t1A==) seems to be corrupted. Trying again.
npm warn tarball tarball data for iconv-lite@https://registry.npmjs.org/iconv-lite/-/iconv-lite-0.6.3.tgz (sha512-4fCk79wshMdzMp2rH06qWrJE4iolqLhCUH+OiuIgU++RB0+94NlDL81atO7GX55uUKueo0txHNtvEyI6D7WdMw==) seems to be corrupted. Trying again.
npm warn tarball tarball data for get-tsconfig@https://registry.npmjs.org/get-tsconfig/-/get-tsconfig-4.14.3.tgz (sha512-++QEw4DIY7WGoukz+/+A/8dGYPT9l9yIadnmSgZ8Rjr3YVSVDipQSO9CdnJo9ePqFqUUqh+wk9uIaoiAwsiPkA==) seems to be corrupted. Trying again.
npm warn tarball tarball data for gopd@https://registry.npmjs.org/gopd/-/gopd-1.2.0.tgz (sha512-ZUKRh6/kUFoAiTAtTYPZJ3hw9wNxx+BIBOijnlG9PnrJsCcSjs1wyyD6vJpaYtgnzDrKYRSqf3OO6Rfa93xsRg==) seems to be corrupted. Trying again.
npm warn tarball tarball data for has-symbols@https://registry.npmjs.org/has-symbols/-/has-symbols-1.1.0.tgz (sha512-1cDNdwJ2Jaohmb3sg4OmKaMBwuC48sYni5HUw2DvsC8LjGTLK9h+eb1X6RyuOHe4hT0ULCW68iomhjUoKUqlPQ==) seems to be corrupted. Trying again.
npm warn tarball tarball data for has-flag@https://registry.npmjs.org/has-flag/-/has-flag-4.0.0.tgz (sha512-EykJT/Q1KjTWctppgIAgfSO0tKVuZUjhgMr17kqTumMl6Afv3EISleU7qZUzoXDFTAHTDC4NOoG/ZxU3EvlMPQ==) seems to be corrupted. Trying again.
npm warn tarball tarball data for http-basic@https://registry.npmjs.org/http-basic/-/http-basic-8.1.3.tgz (sha512-/EcDMwJZh3mABI2NhGfHOGOeOZITqfkEO4p/xK+l3NpyncIHUQBoMvCSF/b5GqvKtySC2srL/GGG3+EtlqlmCw==) seems to be corrupted. Trying again.
npm warn tarball tarball data for ieee754@https://registry.npmjs.org/ieee754/-/ieee754-1.2.1.tgz (sha512-dcyqhDvX1C46lXZcVqCpK+FtMRQVdIMN6/Df5js2zouUsqG7I6sFxitIC+7KYK29KdXOLHdu9zL4sFnoVQnqaA==) seems to be corrupted. Trying again.
npm warn tarball tarball data for has-tostringtag@https://registry.npmjs.org/has-tostringtag/-/has-tostringtag-1.0.2.tgz (sha512-NqADB8VjPFLM2V0VvHUewwwsw0ZWBaIdgo+ieHtK3hasLz4qeCRjYcqfB6AQrBggRKppKF8L52/VqdVsO47Dlw==) seems to be corrupted. Trying again.
npm warn tarball tarball data for inquirer@https://registry.npmjs.org/inquirer/-/inquirer-14.2.2.tgz (sha512-WGerZIIb7mTtaFFskkD/P0europ8xBWf1OXACMiugzKPSmVzoqhcPSuSUzbzMch/t3rf1ncBT3v/0WU73cLqJQ==) seems to be corrupted. Trying again.
npm warn tarball tarball data for get-caller-file@https://registry.npmjs.org/get-caller-file/-/get-caller-file-2.0.5.tgz (sha512-DyFP3BM/3YHTQOCUL/w0OZHR0lpKeGrxotcHWcqNEdnltqFwXVfhEBQ94eIo34AfQpo0rGki4cyIiftY06h2Fg==) seems to be corrupted. Trying again.
npm warn tarball tarball data for geotiff@https://registry.npmjs.org/geotiff/-/geotiff-3.1.0-beta.0.tgz (sha512-wbVwOaQYuN+ywly5NoMXn37nHslwkQg5EFHqMeUTtjDACrSag0EEVlFsc+2DK3Pzmmp6XzJW2RTZOamPsBM6ng==) seems to be corrupted. Trying again.
npm warn tarball tarball data for get-proto@https://registry.npmjs.org/get-proto/-/get-proto-1.0.1.tgz (sha512-sTSfBjoXBp89JvIKIefqw7U2CCebsc74kiY6awiGogKtoSGbgjYE/G/+l9sF3MWFPNc9IcoOC4ODfKHfxFmp0g==) seems to be corrupted. Trying again.
npm warn tarball tarball data for get-intrinsic@https://registry.npmjs.org/get-intrinsic/-/get-intrinsic-1.3.0.tgz (sha512-9fSjSaos/fRIVIp+xSJlE6lfwhES7LNtKaCBIamHsjr2na1BiABJPo0mOjjz8GJDURarmCPGqaiVg5mfjb98CQ==) seems to be corrupted. Trying again.
npm warn tarball tarball data for geojson-rbush@https://registry.npmjs.org/geojson-rbush/-/geojson-rbush-3.2.0.tgz (sha512-oVltQTXolxvsz1sZnutlSuLDEcQAKYC/uXt9zDzJJ6bu0W+baTI8LZBaTup5afzibEH4N3jlq2p+a152wlBJ7w==) seems to be corrupted. Trying again.
npm warn tarball tarball data for geographiclib@https://registry.npmjs.org/geographiclib/-/geographiclib-1.48.0.tgz (sha512-WIpDKKj2Gu+E4jkF3f3fg7OPF6T1/35tQXKc4jLLQrwjNiTZ5KrrYF5Gp0dQ/YbJIoCjb9vs2/abWTRsCEoi2w==) seems to be corrupted. Trying again.
npm warn tarball tarball data for geojson-stream@https://registry.npmjs.org/geojson-stream/-/geojson-stream-0.1.0.tgz (sha512-svSg5fFXPaTiqzEBGXScA+nISaeC9rLvku2PH+wM5LToATUw2bLIrvls43ymnT9Xnp51nBPVyK9m4Af40KpJ7w==) seems to be corrupted. Trying again.
npm warn tarball tarball data for get-port@https://registry.npmjs.org/get-port/-/get-port-3.2.0.tgz (sha512-x5UJKlgeUiNT8nyo/AcnwLnZuZNcSjSw0kogRB+Whd1fjjFq4B1hySFxSFWWSn4mIBzg3sRNUDFYc4g5gjPoLg==) seems to be corrupted. Trying again.
npm warn tarball tarball data for from@https://registry.npmjs.org/from/-/from-0.1.7.tgz (sha512-twe20eF1OxVxp/ML/kq2p1uc6KvFK/+vs8WjEbeKmV2He22MKm7YF2ANIt+EOqhJ5L3K/SuuPhk0hWQDjOM23g==) seems to be corrupted. Trying again.
npm warn tarball tarball data for function-bind@https://registry.npmjs.org/function-bind/-/function-bind-1.1.2.tgz (sha512-7XHNxH7qX9xG5mIwxkhumTox/MIRNcOgDrxWsMt2pAr23WHp6MrRlN7FBSFpCpr+oVO0F744iUgR82nJMfG2SA==) seems to be corrupted. Trying again.
npm warn tarball tarball data for geokdbush@https://registry.npmjs.org/geokdbush/-/geokdbush-1.1.0.tgz (sha512-pyyrGCMXZwWJaGt1YZIgGQg5ol3JjvEKESTon10HxdfWXlaqh5An8fNJkwOYUE+VkQfCdvYQKPVezTQU9AqWAA==) seems to be corrupted. Trying again.
npm warn tarball tarball data for flatgeobuf@https://registry.npmjs.org/flatgeobuf/-/flatgeobuf-4.5.0.tgz (sha512-prxx+zi2ae+K6FKxeXF/6RrtAUWlijUoLo6e7hveEfpP8GEXNfElTbIkHz6VI9golDpbbmHni79geC3XHKVuGQ==) seems to be corrupted. Trying again.
npm warn tarball tarball data for get-east-asian-width@https://registry.npmjs.org/get-east-asian-width/-/get-east-asian-width-1.7.0.tgz (sha512-XjH1AECxf0giL2V1aU8vKyRR2ppRUb5c0EvT7zuJTokQ74bNo52zOtghqdWIqrhUD79fo3x0WfKZdOqxF6LG1Q==) seems to be corrupted. Trying again.
npm warn tarball tarball data for file-type@https://registry.npmjs.org/file-type/-/file-type-16.5.4.tgz (sha512-/yFHK0aGjFEgDJjEKP0pWCplsPFPhwyfwevf/pVxiN0tmE4L9LmwWxWukdJSHdoCli4VgQLehjJtwQBnqmsKcw==) seems to be corrupted. Trying again.
npm warn tarball tarball data for flatbush@https://registry.npmjs.org/flatbush/-/flatbush-3.3.1.tgz (sha512-oKuPbtT+DS2CxH+9Vhbsq8HifmSCuOw+3Cy5zt/vCIrZl5KyengoTHDBLmtpZoBhcwa7/biNjgL1DwdLMJYm1A==) seems to be corrupted. Trying again.
npm warn tarball tarball data for image-size@https://registry.npmjs.org/image-size/-/image-size-0.8.3.tgz (sha512-SMtq1AJ+aqHB45c3FsB4ERK0UCiA2d3H1uq8s+8T0Pf8A3W4teyBQyaFaktH6xvZqh+npwlKU7i4fJo0r7TYTg==) seems to be corrupted. Trying again.
npm warn tarball tarball data for geographiclib-geodesic@https://registry.npmjs.org/geographiclib-geodesic/-/geographiclib-geodesic-2.2.0.tgz (sha512-cIedo9VTYb0DFufodgibDmVfsWe9EASqb/kUByl09xc6PZYvLvlc89BHCThtGTPf2OII/zWJGxsR3Uz6O7QOVw==) seems to be corrupted. Trying again.
npm warn tarball tarball data for event-target-shim@https://registry.npmjs.org/event-target-shim/-/event-target-shim-5.0.1.tgz (sha512-i/2XbnSz/uxRCU6+NdVJgKWDTM427+MqYbkQzD321DuCQJUqOuJKIA0IM2+W2xtYHdKOmZ4dR6fExsd4SXL+WQ==) seems to be corrupted. Trying again.
npm warn tarball tarball data for fast-wrap-ansi@https://registry.npmjs.org/fast-wrap-ansi/-/fast-wrap-ansi-0.2.2.tgz (sha512-7F2Fl+TjRSenLqlU3UjSH0iyqopqoZIu7eZVpEirP2g1GtWa2G/ecEmBdgz31+Mxr+ELclgg6sokpSFIQiZ02Q==) seems to be corrupted. Trying again.
npm warn tarball tarball data for fast-string-width@https://registry.npmjs.org/fast-string-width/-/fast-string-width-3.0.2.tgz (sha512-gX8LrtNEI5hq8DVUfRQMbr5lpaS4nMIWV+7XEbXk2b8kiQIizgnlr12B4dA3ZEx3308ze0O4Q1R+cHts8kyUJg==) seems to be corrupted. Trying again.
npm warn tarball tarball data for events@https://registry.npmjs.org/events/-/events-3.3.0.tgz (sha512-mQw+2fkQbALzQ7V0MY0IqdnXNOeTtP4r0lN9z7AAawCXgqea7bDii20AYrIBrFd/Hx0M2Ocz6S111CaFkUcb0Q==) seems to be corrupted. Trying again.
npm warn tarball tarball data for es-set-tostringtag@https://registry.npmjs.org/es-set-tostringtag/-/es-set-tostringtag-2.1.0.tgz (sha512-j6vWzfrGVfyXxge+O0x5sh6cvxAog0a/4Rdd2K36zCMV5eJ+/+tOAngRO8cODMNWbVRdVlmGZQL2YS3yR8bIUA==) seems to be corrupted. Trying again.
npm warn tarball tarball data for flatqueue@https://registry.npmjs.org/flatqueue/-/flatqueue-1.2.1.tgz (sha512-X86TpWS1rGuY7m382HuA9vngLeDuWA9lJvhEG+GfgKMV5onSvx5a71cl7GMbXzhWtlN9dGfqOBrpfqeOtUfGYQ==) seems to be corrupted. Trying again.
npm warn tarball tarball data for fdir@https://registry.npmjs.org/fdir/-/fdir-6.5.0.tgz (sha512-tIbYtZbucOs0BRGqPJkshJUYdL+SDH7dVM8gjy+ERp3WAUjLEFJE+02kanyHtwjWOnwrKYBiwAmM0p4kLJAnXg==) seems to be corrupted. Trying again.
npm warn tarball tarball data for fast-string-truncated-width@https://registry.npmjs.org/fast-string-truncated-width/-/fast-string-truncated-width-3.0.3.tgz (sha512-0jjjIEL6+0jag3l2XWWizO64/aZVtpiGE3t0Zgqxv0DPuxiMjvB3M24fCyhZUO4KomJQPj3LTSUnDP3GpdwC0g==) seems to be corrupted. Trying again.
npm warn tarball tarball data for esbuild@https://registry.npmjs.org/esbuild/-/esbuild-0.28.2.tgz (sha512-HKVLS8dvII+xoKW9kmqxbRKrnWEXfJJr/FZhhJmiqIB0e053QNYFqOBouTMO/k5sID4MvCiUCvv8b9M4h32wIA==) seems to be corrupted. Trying again.
npm warn tarball tarball data for form-data@https://registry.npmjs.org/form-data/-/form-data-2.5.6.tgz (sha512-Ogz/E85h9tlfJzpI6TuFpGcHZFhLrb9Gw8wq9v40CxSCPnv7ahKr6Xgtkn0KYCDQJ8DNn5VoMO8EXr9V5PadyA==) seems to be corrupted. Trying again.
npm warn tarball tarball data for flatbuffers@https://registry.npmjs.org/flatbuffers/-/flatbuffers-25.9.23.tgz (sha512-MI1qs7Lo4Syw0EOzUl0xjs2lsoeqFku44KpngfIduHBYvzm8h2+7K8YMQh1JtVVVrUvhLpNwqVi4DERegUJhPQ==) seems to be corrupted. Trying again.
npm warn tarball tarball data for es-define-property@https://registry.npmjs.org/es-define-property/-/es-define-property-1.0.1.tgz (sha512-e3nRfgfUZ4rNGL232gUgX06QNyyez04KdjFrF+LTRoOXmrOgFKDg4BCdsjW8EnT69eqdYGmRpJwiPVYNrCaW3g==) seems to be corrupted. Trying again.
npm warn tarball tarball data for escalade@https://registry.npmjs.org/escalade/-/escalade-3.2.0.tgz (sha512-WUj2qlxaQtO4g6Pq5c29GTcWGDyd8itL8zTlipgECz3JesAiiOKotd8JU6otB3PACgG6xkJUyVhboMS+bje/jA==) seems to be corrupted. Trying again.
npm warn tarball tarball data for es-object-atoms@https://registry.npmjs.org/es-object-atoms/-/es-object-atoms-1.1.2.tgz (sha512-HWcBoN6NileqtSydK2FqHbS/LoDd2pqrnQHLyJzBj4kOp/ky2MWMN694xOfkK8/SnUsW2DH7EfyVlydKCsm1Zw==) seems to be corrupted. Trying again.
npm warn tarball tarball data for emoji-regex@https://registry.npmjs.org/emoji-regex/-/emoji-regex-10.6.0.tgz (sha512-toUI84YS5YmxW219erniWD0CIVOo46xGKColeNQRgOzDorgBi1v4D71/OFzgD9GO2UGKIv1C3Sp8DAn0+j5w7A==) seems to be corrupted. Trying again.
npm warn tarball tarball data for detect-libc@https://registry.npmjs.org/detect-libc/-/detect-libc-2.1.2.tgz (sha512-Btj2BOOO83o3WyH59e8MgXsxEQVcarkUOpEYrubB0urwnN10yQ364rsiByU11nZlqWYZm05i/of7io4mzihBtQ==) seems to be corrupted. Trying again.
npm warn tarball tarball data for error-stack-parser-es@https://registry.npmjs.org/error-stack-parser-es/-/error-stack-parser-es-1.0.5.tgz (sha512-5qucVt2XcuGMcEGgWI7i+yZpmpByQ8J1lHhcL7PwqCwu9FPP3VUXzT4ltHe5i2z9dePwEHcDVOAfSnHsOlCXRA==) seems to be corrupted. Trying again.
npm warn tarball tarball data for earcut@https://registry.npmjs.org/earcut/-/earcut-3.2.4.tgz (sha512-FHc6yNpnTORB0tM5kmZ03iD2mDuNakDE2lvf4Hw1XkfxtEHIGVi01B/GqUSwx+NcC1WGjidAfpTXzeALtPtfpg==) seems to be corrupted. Trying again.
npm warn tarball tarball data for drizzle-orm@https://registry.npmjs.org/drizzle-orm/-/drizzle-orm-0.45.3.tgz (sha512-CAloER21cDdcgZ1OmjrZX82EeRNsdP+y0onX/eyoYDaYzki/adrAa91lzM5jWh7zZPK4qUbw/6LGv9J+A+uizA==) seems to be corrupted. Trying again.
npm warn tarball tarball data for dunder-proto@https://registry.npmjs.org/dunder-proto/-/dunder-proto-1.0.1.tgz (sha512-KIN/nDJBQRcXw0MLVhZE9iQHmG68qAVIBg9CqmUYjmQIhgij9U5MFvrqkUL5FbtyyzZuOeOt0zdeRe4UY7ct+A==) seems to be corrupted. Trying again.
npm warn tarball tarball data for d3-scale-chromatic@https://registry.npmjs.org/d3-scale-chromatic/-/d3-scale-chromatic-3.0.0.tgz (sha512-Lx9thtxAKrO2Pq6OO2Ua474opeziKr279P/TKZsMAhYyNDD3EnCffdbgeSYN5O7m2ByQsxtuP2CSDczNUIZ22g==) seems to be corrupted. Trying again.
npm warn tarball tarball data for event-stream@https://registry.npmjs.org/event-stream/-/event-stream-4.0.1.tgz (sha512-qACXdu/9VHPBzcyhdOWR5/IahhGMf0roTeZJfzz077GwylcDd90yOHLouhmv7GJ5XzPi6ekaQWd8AvPP2nOvpA==) seems to be corrupted. Trying again.
npm warn tarball tarball data for es-errors@https://registry.npmjs.org/es-errors/-/es-errors-1.3.0.tgz (sha512-Zf5H2Kxt2xjTvbJvP2ZWLEICxA6j+hAmMzIlypy4xcBg1vKVnx89Wy0GbS+kf5cwCVFFzdCFh2XSCFNULS6csw==) seems to be corrupted. Trying again.
npm warn tarball tarball data for duplexer@https://registry.npmjs.org/duplexer/-/duplexer-0.1.2.tgz (sha512-jtD6YG370ZCIi/9GTaJKQxWTZD045+4R4hTk/x1UyoqadyJ9x9CgSi1RlVDQF8U2sxLLSnFkCaMihqljHIWgMg==) seems to be corrupted. Trying again.
npm warn tarball tarball data for fflate@https://registry.npmjs.org/fflate/-/fflate-0.8.2.tgz (sha512-cPJU47OaAoCbg0pBvzsgpTPhmhqI5eJjh/JIu8tPj5q+T7iLvW/JAYUqmE7KOB4R1ZyEhzBaIQpQpardBF5z8A==) seems to be corrupted. Trying again.
npm warn tarball tarball data for d3-interpolate@https://registry.npmjs.org/d3-interpolate/-/d3-interpolate-3.0.1.tgz (sha512-3bYs1rOD33uo8aqJfKP3JWPAibgw8Zm2+L9vBKEHJ2Rg+viTR7o5Mmv5mZcieN+FRYaAOWX5SJATX6k1PWz72g==) seems to be corrupted. Trying again.
npm warn tarball tarball data for depd@https://registry.npmjs.org/depd/-/depd-2.0.0.tgz (sha512-g7nH6P6dyDioJogAAGprGpCtVImJhpPk/roCzdb3fIh61/s/nPsfR6onyMwkCAR/OlC3yBC0lESvUoQEAssIrw==) seems to be corrupted. Trying again.
npm warn tarball tarball data for core-util-is@https://registry.npmjs.org/core-util-is/-/core-util-is-1.0.3.tgz (sha512-ZQBvi1DcpJ4GDqanjucZ2Hj3wEO5pZDS89BWbkcrvdxksJorwUDDZamX9ldFkp9aw2lmBDLgkObEA4DWNJ9FYQ==) seems to be corrupted. Trying again.
npm warn tarball tarball data for cookie@https://registry.npmjs.org/cookie/-/cookie-1.1.1.tgz (sha512-ei8Aos7ja0weRpFzJnEA9UHJ/7XQmqglbRwnf2ATjcB9Wq874VKH9kfjjirM6UhU2/E5fFYadylyhFldcqSidQ==) seems to be corrupted. Trying again.
npm warn tarball tarball data for combined-stream@https://registry.npmjs.org/combined-stream/-/combined-stream-1.0.8.tgz (sha512-FQN4MRfuJeHf7cBbBMJFXhKSDq+2kAArBlmRBvcvFE5BB1HZKXtSFASDhdlz9zOYwxh8lDdnvmMOe/+5cdoEdg==) seems to be corrupted. Trying again.
npm warn tarball tarball data for drizzle-kit@https://registry.npmjs.org/drizzle-kit/-/drizzle-kit-0.31.11.tgz (sha512-YCYqxTLIB2OCqf6w9/Vef13baBVbwQIPcbT4Y56AfO6B9ajZhDhD8Jkveg/hJvT/iuMloKD/IYYkyMMNhr7Kqg==) seems to be corrupted. Trying again.
npm warn tarball tarball data for delayed-stream@https://registry.npmjs.org/delayed-stream/-/delayed-stream-1.0.0.tgz (sha512-ZySD7Nf91aLB0RxL4KGrKHBXl7Eds1DAmEdcoVawXnLD7SDhpNgtuII2aAkg7a7QS41jxPSZ17p4VdGnMHk3MQ==) seems to be corrupted. Trying again.
npm warn tarball tarball data for color-name@https://registry.npmjs.org/color-name/-/color-name-1.1.4.tgz (sha512-dOy+3AuW3a2wNbZHIuMZpTcgjGuLU/uBL/ubcZF9OXbDo8ff4O8yVp5Bf0efS8uEoYo5q4Fx7dY9OgQGXgAsQA==) seems to be corrupted. Trying again.
npm warn tarball tarball data for chalk@https://registry.npmjs.org/chalk/-/chalk-4.1.1.tgz (sha512-diHzdDKxcU+bAsUboHLPEDQiw0qEe0qd7SYUn3HgcFlWgbDcfLGswOHYeGrHKzG9z6UYf01d9VFMfZxPM1xZSg==) seems to be corrupted. Trying again.
npm warn tarball tarball data for cookies@https://registry.npmjs.org/cookies/-/cookies-0.8.0.tgz (sha512-8aPsApQfebXnuI+537McwYsDtjVxGm8gTIzQI3FDW6t5t/DAhERxtnbEPN/8RX+uZthoz4eCOgloXaE5cYyNow==) seems to be corrupted. Trying again.
npm warn tarball tarball data for delaunator@https://registry.npmjs.org/delaunator/-/delaunator-5.1.0.tgz (sha512-AGrQ4QSgssa1NGmWmLPqN5NY2KajF5MqxetNEO+o0n3ZwZZeTmt7bBnvzHWrmkZFxGgr4HdyFgelzgi06otLuQ==) seems to be corrupted. Trying again.
npm warn tarball tarball data for color-convert@https://registry.npmjs.org/color-convert/-/color-convert-2.0.1.tgz (sha512-RRECPsj7iu/xb5oKYcsFHSppFNnsj/52OVTRKb4zP5onXwVF3zVmmToNcOfGC+CRDpfK/U584fMg38ZHCaElKQ==) seems to be corrupted. Trying again.
npm warn tarball tarball data for buffer@https://registry.npmjs.org/buffer/-/buffer-6.0.3.tgz (sha512-FTiCpNxtwiZZHEZbcbTIcZjERVICn9yq/pDFkTl95/AxzD1naBctN7YO68riM/gLSDY7sdrMby8hofADYuuqOA==) seems to be corrupted. Trying again.
npm warn tarball tarball data for concat-stream@https://registry.npmjs.org/concat-stream/-/concat-stream-2.0.0.tgz (sha512-MWufYdFw53ccGjCA+Ol7XJYpAlW6/prSMzuPOTRnJGcGzuhLn4Scrz7qf6o8bROZ514ltazcIFJZevcfbo0x7A==) seems to be corrupted. Trying again.
npm warn tarball tarball data for commander@https://registry.npmjs.org/commander/-/commander-7.0.0.tgz (sha512-ovx/7NkTrnPuIV8sqk/GjUIIM1+iUQeqA3ye2VNpq9sVoiZsooObWlQy+OPWGI17GDaEoybuAGJm6U8yC077BA==) seems to be corrupted. Trying again.
npm warn tarball tarball data for call-bound@https://registry.npmjs.org/call-bound/-/call-bound-1.0.4.tgz (sha512-+ys997U96po4Kx/ABpBCqhA9EuxJaQWDQg7295H4hBphv3IZg0boBKuwYpt4YXp6MZ5AmZQnU/tyMTlRpaSejg==) seems to be corrupted. Trying again.
npm warn tarball tarball data for d3-color@https://registry.npmjs.org/d3-color/-/d3-color-3.1.0.tgz (sha512-zg/chbXyeBtMQ1LbD/WSoW2DpC3I0mpmPdW+ynRTj/x2DAWYrIY7qeZIHidozwV24m4iavr15lNwIwLxRmOxhA==) seems to be corrupted. Trying again.
npm warn tarball tarball data for chardet@https://registry.npmjs.org/chardet/-/chardet-2.2.0.tgz (sha512-rddelWYNPRrXq6PtNEN2S3f6t9ILzvqaN5pVgi4kqt9jHQaXIial9PznB5iSPVlQSLNaaH22ItWz3EJtQ10+OA==) seems to be corrupted. Trying again.
npm warn tarball tarball data for cli-width@https://registry.npmjs.org/cli-width/-/cli-width-4.1.0.tgz (sha512-ouuZd4/dm2Sw5Gmqy6bGyNNNe1qt9RpmxveLSO7KcgsTnU7RXfsw+/bukWGo1abgBiMAic068rclZsO4IWmmxQ==) seems to be corrupted. Trying again.
npm warn tarball tarball data for blake3-wasm@https://registry.npmjs.org/blake3-wasm/-/blake3-wasm-2.1.5.tgz (sha512-F1+K8EbfOZE49dtoPtmxUQrpXaBIl3ICvasLh+nJta0xkz+9kF/7uet9fLnwKqhDrmj6g+6K3Tw9yQPUg2ka5g==) seems to be corrupted. Trying again.
npm warn tarball tarball data for asynckit@https://registry.npmjs.org/asynckit/-/asynckit-0.4.0.tgz (sha512-Oei9OH4tRh0YqU3GxhX79dM/mwVgvbZJaSNaRk+bshkj0S5cfHcgYakreBjrHwatXKbz+IoIdYLxrKim2MjW0Q==) seems to be corrupted. Trying again.
npm warn tarball tarball data for call-bind-apply-helpers@https://registry.npmjs.org/call-bind-apply-helpers/-/call-bind-apply-helpers-1.0.2.tgz (sha512-Sp1ablJ0ivDkSzjcaJdxEunN5/XvksFJ2sMBFfq6x0ryhQV/2b/KwFe21cMpmHtPOSij8K99/wSfoEuTObmuMQ==) seems to be corrupted. Trying again.
npm warn tarball tarball data for cliui@https://registry.npmjs.org/cliui/-/cliui-9.0.1.tgz (sha512-k7ndgKhwoQveBL+/1tqGJYNz097I7WOvwbmmU2AR5+magtbjPWQTS1C5vzGkBC8Ym8UWRzfKUzUUqFLypY4Q+w==) seems to be corrupted. Trying again.
npm warn tarball tarball data for better-sqlite3@https://registry.npmjs.org/better-sqlite3/-/better-sqlite3-13.0.3.tgz (sha512-RbOBxmLBG8uvFUc15X9+9SFemKcQ0WBuISBVkpuiaUB2qblC8UWlHEjdWVoZ8AdhSwmoEgsiXKfopX0CQxaACQ==) seems to be corrupted. Trying again.
npm warn tarball tarball data for asap@https://registry.npmjs.org/asap/-/asap-2.0.6.tgz (sha512-BSHWgDSAiKs50o2Re8ppvp3seVHXSRM44cdSsT9FfNEUUZLOGWVCsiWaRPWM1Znn+mqZ1OfVZ3z3DWEzSp7hRA==) seems to be corrupted. Trying again.
npm warn tarball tarball data for ansi-regex@https://registry.npmjs.org/ansi-regex/-/ansi-regex-6.4.0.tgz (sha512-KzTVk2tCWAHtYrvvvaP8bJKJq2pVinhLcGEQdtLIYPbmNGNyYe8QwNaTUYQp2J7/vIsUKt5QCqAfUkYyG9DkOw==) seems to be corrupted. Trying again.
npm warn tarball tarball data for big.js@https://registry.npmjs.org/big.js/-/big.js-7.0.1.tgz (sha512-iFgV784tD8kq4ccF1xtNMZnXeZzVuXWWM+ERFzKQjv+A5G9HC8CY3DuV45vgzFFcW+u2tIvmF95+AzWgs6BjCg==) seems to be corrupted. Trying again.
npm warn tarball tarball data for caseless@https://registry.npmjs.org/caseless/-/caseless-0.12.0.tgz (sha512-4tYFyifaFfGacoiObjJegolkwSU4xQNGbVgUiNYVUxbQ2x2lUsFvY4hVgVzGiIe6WLOPqycWXA40l+PWsxthUw==) seems to be corrupted. Trying again.
npm warn tarball tarball data for base64-js@https://registry.npmjs.org/base64-js/-/base64-js-1.5.1.tgz (sha512-AKpaYlHn8t4SVbOHCy+b5+KKgvR4vrsD8vbvrbiQJps7fKDTkjkDry6ji0rUJjC0kzbNePLwzxq8iypo41qeWA==) seems to be corrupted. Trying again.
npm warn tarball tarball data for adm-zip@https://registry.npmjs.org/adm-zip/-/adm-zip-0.5.18.tgz (sha512-ufJnssQGbxzLNS1Ho9bCtX4rQKCCvoVuDLHoJyc3F9dOGDB4BkWs2Ci0kv53lqocAEQ/Cbi+I2XCsNYGqVYqng==) seems to be corrupted. Trying again.
npm warn tarball tarball data for @types/qs@https://registry.npmjs.org/@types/qs/-/qs-6.15.1.tgz (sha512-GZHUBZR9hckSUhrxmp1nG6NwdpM9fCunJwyThLW1X3AyHgd9IlHb6VANpQQqDr2o/qQp6McZ3y/IA2rVzKzSbw==) seems to be corrupted. Trying again.
npm warn tarball tarball data for abort-controller@https://registry.npmjs.org/abort-controller/-/abort-controller-3.0.0.tgz (sha512-h8lQ8tacZYnR3vNQTgibj+tODHI5/+l06Au2Pcriv/Gmet0eaj4TwWH41sO9wnHDiQsEj19q0drzdWdeAHtweg==) seems to be corrupted. Trying again.
npm warn tarball tarball data for @xmldom/xmldom@https://registry.npmjs.org/@xmldom/xmldom/-/xmldom-0.8.15.tgz (sha512-/5NV/vDALVFDXgLmfsy9TRCBlKwO2LNBFzpzvb9iIj+jR+eSc6DLYYvVOdivT/jm7MtU6TebYuRmzEOI7w40UA==) seems to be corrupted. Trying again.
npm warn tarball tarball data for buffer-from@https://registry.npmjs.org/buffer-from/-/buffer-from-1.1.2.tgz (sha512-E+XQCRwSbaaiChtv6k6Dwgc+bx+Bs6vuKJHHl5kox/BaKbhiXzqQOwK4cO22yElGp2OCmjwVhT3HmxgyPGnJfQ==) seems to be corrupted. Trying again.
npm warn tarball tarball data for ansi-styles@https://registry.npmjs.org/ansi-styles/-/ansi-styles-4.3.0.tgz (sha512-zbB9rCJAT1rbjiVDb2hqKFHNYLxgtk8NURxZ3IZwD3F6NtxbXZQCnnSi1Lkx+IDohdPlFp222wVALIheZJQSEg==) seems to be corrupted. Trying again.
npm warn tarball tarball data for @types/concat-stream@https://registry.npmjs.org/@types/concat-stream/-/concat-stream-1.6.1.tgz (sha512-eHE4cQPoj6ngxBZMvVf6Hw7Mh4jMW4U9lpGmS5GBPB9RYxlFg+CHaVN7ErNY4W9XfLIEn20b4VDYaIrbq0q4uA==) seems to be corrupted. Trying again.
npm warn tarball tarball data for @zarrita/storage@https://registry.npmjs.org/@zarrita/storage/-/storage-0.2.0.tgz (sha512-855ZXqtnds7spnT8vNvD+MXa3QExP1m2GqShe8yt7uZXHnQLgJHgkpVwFjE1B0KDDRO0ki09hmk6OboTaIfPsQ==) seems to be corrupted. Trying again.
npm warn tarball tarball data for @types/rbush@https://registry.npmjs.org/@types/rbush/-/rbush-4.0.0.tgz (sha512-+N+2H39P8X+Hy1I5mC6awlTX54k3FhiUmvt7HWzGJZvF+syUAAxP/stwppS8JE84YHqFgRMv6fCy31202CMFxQ==) seems to be corrupted. Trying again.
npm warn tarball tarball data for @types/proj4@https://registry.npmjs.org/@types/proj4/-/proj4-2.5.2.tgz (sha512-/Nmfn9p08yaYw6xo5f2b0L+2oHk2kZeOkp5v+4VCeNfq+ETlLQbmHmC97/pjDIEZy8jxwz7pdPpwNzDHM5cuJw==) seems to be corrupted. Trying again.
npm warn tarball tarball data for @types/form-data@https://registry.npmjs.org/@types/form-data/-/form-data-0.0.33.tgz (sha512-8BSvG1kGm83cyJITQMZSulnl6QV8jqAGreJsc5tPu1Jq0vTSOiY/k24Wx82JRpWwZSqrala6sd5rWi6aNXvqcw==) seems to be corrupted. Trying again.
npm warn tarball tarball data for @types/node@https://registry.npmjs.org/@types/node/-/node-26.6.3.tgz (sha512-dsqMQQoeTLqu9wynDD00q573mNzso3IdQOAfHRJqLCcmCFPoGo9A1bDpUcv/9tnKpErQWv9uKeGfl37EIS02Yg==) seems to be corrupted. Trying again.
npm warn tarball tarball data for @turf/rhumb-bearing@https://registry.npmjs.org/@turf/rhumb-bearing/-/rhumb-bearing-6.5.0.tgz (sha512-jMyqiMRK4hzREjQmnLXmkJ+VTNTx1ii8vuqRwJPcTlKbNWfjDz/5JqJlb5NaFDcdMpftWovkW5GevfnuzHnOYA==) seems to be corrupted. Trying again.
npm warn tarball tarball data for @turf/polygon-to-line@https://registry.npmjs.org/@turf/polygon-to-line/-/polygon-to-line-6.5.0.tgz (sha512-5p4n/ij97EIttAq+ewSnKt0ruvuM+LIDzuczSzuHTpq4oS7Oq8yqg5TQ4nzMVuK41r/tALCk7nAoBuw3Su4Gcw==) seems to be corrupted. Trying again.
npm warn tarball tarball data for @turf/rhumb-distance@https://registry.npmjs.org/@turf/rhumb-distance/-/rhumb-distance-6.5.0.tgz (sha512-oKp8KFE8E4huC2Z1a1KNcFwjVOqa99isxNOwfo4g3SUABQ6NezjKDDrnvC4yI5YZ3/huDjULLBvhed45xdCrzg==) seems to be corrupted. Trying again.
npm warn tarball tarball data for @turf/projection@https://registry.npmjs.org/@turf/projection/-/projection-6.5.0.tgz (sha512-/Pgh9mDvQWWu8HRxqpM+tKz8OzgauV+DiOcr3FCjD6ubDnrrmMJlsf6fFJmggw93mtVPrZRL6yyi9aYCQBOIvg==) seems to be corrupted. Trying again.
npm warn tarball tarball data for @turf/line-segment@https://registry.npmjs.org/@turf/line-segment/-/line-segment-6.5.0.tgz (sha512-jI625Ho4jSuJESNq66Mmi290ZJ5pPZiQZruPVpmHkUw257Pew0alMmb6YrqYNnLUuiVVONxAAKXUVeeUGtycfw==) seems to be corrupted. Trying again.
npm warn tarball tarball data for @turf/point-to-line-distance@https://registry.npmjs.org/@turf/point-to-line-distance/-/point-to-line-distance-6.5.0.tgz (sha512-opHVQ4vjUhNBly1bob6RWy+F+hsZDH9SA0UW36pIRzfpu27qipU18xup0XXEePfY6+wvhF6yL/WgCO2IbrLqEA==) seems to be corrupted. Trying again.
npm warn tarball tarball data for @turf/distance@https://registry.npmjs.org/@turf/distance/-/distance-6.5.0.tgz (sha512-xzykSLfoURec5qvQJcfifw/1mJa+5UwByZZ5TZ8iaqjGYN0vomhV9aiSLeYdUGtYRESZ+DYC/OzY+4RclZYgMg==) seems to be corrupted. Trying again.
npm warn tarball tarball data for @turf/meta@https://registry.npmjs.org/@turf/meta/-/meta-6.5.0.tgz (sha512-RrArvtsV0vdsCBegoBtOalgdSOfkBrTJ07VkpiCnq/491W67hnMWmDu7e6Ztw0C3WldRYTXkg3SumfdzZxLBHA==) seems to be corrupted. Trying again.
npm warn tarball tarball data for @turf/line-intersect@https://registry.npmjs.org/@turf/line-intersect/-/line-intersect-6.5.0.tgz (sha512-CS6R1tZvVQD390G9Ea4pmpM6mJGPWoL82jD46y0q1KSor9s6HupMIo1kY4Ny+AEYQl9jd21V3Scz20eldpbTVA==) seems to be corrupted. Trying again.
npm warn tarball tarball data for @turf/helpers@https://registry.npmjs.org/@turf/helpers/-/helpers-6.5.0.tgz (sha512-VbI1dV5bLFzohYYdgqwikdMVpe7pJ9X3E+dlr425wa2/sMJqYDhTO++ec38/pcPvPE6oD9WEEeU3Xu3gza+VPw==) seems to be corrupted. Trying again.
npm warn tarball tarball data for @types/geojson@https://registry.npmjs.org/@types/geojson/-/geojson-7946.0.16.tgz (sha512-6C8nqWur3j98U6+lXDfTUWIfgvZU+EumvpHKcYjujKH7woYyLj2sUmff0tRhrqM7BohUw7Pz3ZB1jj2gW9Fvmg==) seems to be corrupted. Trying again.
npm warn tarball tarball data for @turf/boolean-point-on-line@https://registry.npmjs.org/@turf/boolean-point-on-line/-/boolean-point-on-line-6.5.0.tgz (sha512-A1BbuQ0LceLHvq7F/P7w3QvfpmZqbmViIUPHdNLvZimFNLo4e6IQunmzbe+8aSStH9QRZm3VOflyvNeXvvpZEQ==) seems to be corrupted. Trying again.
npm warn tarball tarball data for @turf/boolean-within@https://registry.npmjs.org/@turf/boolean-within/-/boolean-within-6.5.0.tgz (sha512-YQB3oU18Inx35C/LU930D36RAVe7LDXk1kWsQ8mLmuqYn9YdPsDQTMTkLJMhoQ8EbN7QTdy333xRQ4MYgToteQ==) seems to be corrupted. Trying again.
npm warn tarball tarball data for @turf/clone@https://registry.npmjs.org/@turf/clone/-/clone-6.5.0.tgz (sha512-mzVtTFj/QycXOn6ig+annKrM6ZlimreKYz6f/GSERytOpgzodbQyOgkfwru100O1KQhhjSudKK4DsQ0oyi9cTw==) seems to be corrupted. Trying again.
npm warn tarball tarball data for @tokenizer/token@https://registry.npmjs.org/@tokenizer/token/-/token-0.3.0.tgz (sha512-OvjF+z51L3ov0OyAU0duzsYuvO01PH7x4t6DJx+guahgTnBHkhJdG7soQeTSFLWN3efnHyibZ4Z8l2EuWwJN3A==) seems to be corrupted. Trying again.
npm warn tarball tarball data for @turf/boolean-clockwise@https://registry.npmjs.org/@turf/boolean-clockwise/-/boolean-clockwise-6.5.0.tgz (sha512-45+C7LC5RMbRWrxh3Z0Eihsc8db1VGBO5d9BLTOAwU4jR6SgsunTfRWR16X7JUwIDYlCVEmnjcXJNi/kIU3VIw==) seems to be corrupted. Trying again.
npm warn tarball tarball data for @turf/boolean-point-in-polygon@https://registry.npmjs.org/@turf/boolean-point-in-polygon/-/boolean-point-in-polygon-6.5.0.tgz (sha512-DtSuVFB26SI+hj0SjrvXowGTUCHlgevPAIsukssW6BG5MlNSBQAo70wpICBNJL6RjukXg8d2eXaAWuD/CqL00A==) seems to be corrupted. Trying again.
npm warn tarball tarball data for @turf/invariant@https://registry.npmjs.org/@turf/invariant/-/invariant-6.5.0.tgz (sha512-Wv8PRNCtPD31UVbdJE/KVAWKe7l6US+lJItRR/HOEW3eh+U/JwRCSUl/KZ7bmjM/C+zLNoreM2TU6OoLACs4eg==) seems to be corrupted. Trying again.
npm warn tarball tarball data for @types/estree@https://registry.npmjs.org/@types/estree/-/estree-1.0.9.tgz (sha512-GhdPgy1el4/ImP05X05Uw4cw2/M93BCUmnEvWZNStlCzEKME4Fkk+YpoA5OiHNQmoS7Cafb8Xa3Pya8m1Qrzeg==) seems to be corrupted. Trying again.
npm warn tarball tarball data for @turf/bearing@https://registry.npmjs.org/@turf/bearing/-/bearing-6.5.0.tgz (sha512-dxINYhIEMzgDOztyMZc20I7ssYVNEpSv04VbMo5YPQsqa80KO3TFvbuCahMsCAW5z8Tncc8dwBlEFrmRjJG33A==) seems to be corrupted. Trying again.
npm warn tarball tarball data for @rollup/rollup-linux-x64-gnu@https://registry.npmjs.org/@rollup/rollup-linux-x64-gnu/-/rollup-linux-x64-gnu-4.63.5.tgz (sha512-3W9bTFcQNJn71cSJVM9RKIiZOy8DO/XLDii8Uv/Pm6WKqDRj7JV3ZfuXIEfyuy5LXpIzAbB/1M4Ukp9GKNa7nA==) seems to be corrupted. Trying again.
npm warn tarball tarball data for @tmcw/togeojson@https://registry.npmjs.org/@tmcw/togeojson/-/togeojson-5.8.1.tgz (sha512-2YNrbis3l5kS0XrYwiHEZcGwiRp0MJ5CvwGwtMWp2z2tsVlskeec2qgvKHnF0RCwI5GnjrrBOoKsWfndEnd3LA==) seems to be corrupted. Trying again.
npm warn tarball tarball data for @turf/bbox@https://registry.npmjs.org/@turf/bbox/-/bbox-6.3.0.tgz (sha512-N4ue5Xopu1qieSHP2MA/CJGWHPKaTrVXQJjzHRNcY1vtsO126xbSaJhWUrFc5x5vVkXp0dcucGryO0r5m4o/KA==) seems to be corrupted. Trying again.
npm warn tarball tarball data for @rollup/rollup-linux-x64-musl@https://registry.npmjs.org/@rollup/rollup-linux-x64-musl/-/rollup-linux-x64-musl-4.63.5.tgz (sha512-VDC7rRJlee/scpki96GZ27Omf6yU87s1YXwVTpjE5841faVlDYYT565rgfmoR1U0sqL7z5ivQSDjcsF6VRXyBA==) seems to be corrupted. Trying again.
npm warn tarball tarball data for @poppinss/exception@https://registry.npmjs.org/@poppinss/exception/-/exception-1.2.3.tgz (sha512-dCED+QRChTVatE9ibtoaxc+WkdzOSjYTKi/+uacHWIsfodVfpsueo3+DKpgU5Px8qXjgmXkSvhXvSCz3fnP9lw==) seems to be corrupted. Trying again.
npm warn tarball tarball data for @poppinss/dumper@https://registry.npmjs.org/@poppinss/dumper/-/dumper-0.6.5.tgz (sha512-NBdYIb90J7LfOI32dOewKI1r7wnkiH6m920puQ3qHUeZkxNkQiFnXVWoE6YtFSv6QOiPPf7ys6i+HWWecDz7sw==) seems to be corrupted. Trying again.
npm warn tarball tarball data for @repeaterjs/repeater@https://registry.npmjs.org/@repeaterjs/repeater/-/repeater-3.1.0.tgz (sha512-TaoVksZRSx2KWYYpyLQtMQXXeS98VsgZImzW65xmiVgbYhXLk+aEsmzPLirqVuE4/XuUapH2iMtxUzaBNDzdSQ==) seems to be corrupted. Trying again.
npm warn tarball tarball data for @turf/intersect@https://registry.npmjs.org/@turf/intersect/-/intersect-6.5.0.tgz (sha512-2legGJeKrfFkzntcd4GouPugoqPUjexPZnOvfez+3SfIMrHvulw8qV8u7pfVyn2Yqs53yoVCEjS5sEpvQ5YRQg==) seems to be corrupted. Trying again.
npm warn tarball tarball data for @speed-highlight/core@https://registry.npmjs.org/@speed-highlight/core/-/core-1.2.24.tgz (sha512-qeW2e1l78afw8VhRPfPQ1Gjj+KU5XFQ/OFV5ti6eTa9bruO7mJyZtA4vw0ofqmA3tKCkROE9xLk3VZoeRc98nw==) seems to be corrupted. Trying again.
npm warn tarball tarball data for @poppinss/colors@https://registry.npmjs.org/@poppinss/colors/-/colors-4.1.6.tgz (sha512-H9xkIdFswbS8n1d6vmRd8+c10t2Qe+rZITbbDHHkQixH5+2x1FDGmi/0K+WgWiqQFKPSlIYB7jlH6Kpfn6Fleg==) seems to be corrupted. Trying again.
npm warn tarball tarball data for @sindresorhus/is@https://registry.npmjs.org/@sindresorhus/is/-/is-7.2.0.tgz (sha512-P1Cz1dWaFfR4IR+U13mqqiGsLFf1KbayybWwdd2vfctdV6hDpUkgCY0nKOLLTMSoRd/jJNjtbqzf13K8DCCXQw==) seems to be corrupted. Trying again.
npm warn tarball tarball data for @petamoriken/float16@https://registry.npmjs.org/@petamoriken/float16/-/float16-3.9.3.tgz (sha512-8awtpHXCx/bNpFt4mt2xdkgtgVvKqty8VbjHI/WWWQuEw+KLzFot3f4+LkQY9YmOtq7A5GdOnqoIC8Pdygjk2g==) seems to be corrupted. Trying again.
npm warn tarball tarball data for @neondatabase/serverless@https://registry.npmjs.org/@neondatabase/serverless/-/serverless-1.2.0.tgz (sha512-tnaqgixUengZQNd9ZrS3ytQfamJzLKY8QxgqWQTNHHtB+KrFQWk77JTbbpg4RD+J3qE4eO2lVytvGDX5Kj6FdQ==) seems to be corrupted. Trying again.
npm warn tarball tarball data for @playwright/test@https://registry.npmjs.org/@playwright/test/-/test-1.63.0.tgz (sha512-oxMK4vllB9RK5NQ2l1pq1IfOf2AvnEuj/vYGDj0H2nMtmtZpKtCwt/l00GEO6xjGfpBNAvjovvYdCm50dRQkpQ==) seems to be corrupted. Trying again.
npm warn tarball tarball data for @napi-rs/lzma-linux-x64-gnu@https://registry.npmjs.org/@napi-rs/lzma-linux-x64-gnu/-/lzma-linux-x64-gnu-1.5.1.tgz (sha512-oTXEIha4SsuXdTA4Iyskj0kpdx2yVXdhd75c2v3xGrHFfVMsbhTPZU/nMPL4sWKo4pBHm3aucLaqGlF696dTyQ==) seems to be corrupted. Trying again.
npm warn tarball tarball data for @placemarkio/tokml@https://registry.npmjs.org/@placemarkio/tokml/-/tokml-0.3.9.tgz (sha512-LjD/rzPWF/0gY2tCoS4IPLQZ3/DqxzCmI3/V+dmXdWuZmyi3UIhHgxVfJ//bopxSjWHuGwY/qu4iyuNM+xluug==) seems to be corrupted. Trying again.
npm warn tarball tarball data for @neon/env@https://registry.npmjs.org/@neon/env/-/env-1.4.8.tgz (sha512-Mj30zL0ijvSMBG56H+WabItAA3ROP4wDL3Bny8/OQcuVUTLYOf2QBDp453mkxV3qciduwBDG3ATvKo+DGm+coA==) seems to be corrupted. Trying again.
npm warn tarball tarball data for @neon/sdk@https://registry.npmjs.org/@neon/sdk/-/sdk-7.0.0.tgz (sha512-hF/Om50SmpKK2PQldcwYxi6b3p7S2wlwW8fX+54jx88xHaEu7hB4dojuuuP8nwQz24qq/p/jxVm0P9DztKPoJA==) seems to be corrupted. Trying again.
npm warn tarball tarball data for @napi-rs/keyring-linux-x64-musl@https://registry.npmjs.org/@napi-rs/keyring-linux-x64-musl/-/keyring-linux-x64-musl-1.3.0.tgz (sha512-oJ2HkX8YUo46QBkn0pG+HuIKQNqr523q6vBobCn+P95s4C4K6/kLBqHY/1bg5J4ap31DzsznhnFKcfBNBsjCnw==) seems to be corrupted. Trying again.
npm warn tarball tarball data for @napi-rs/keyring@https://registry.npmjs.org/@napi-rs/keyring/-/keyring-1.3.0.tgz (sha512-WrOw/bcXm0f9qHkumlT1QlArXSTWqaY9sunsDpOk+yCCorCKMxvWT/a3xko4EYHVdeZoh00yI2TydXn6eyICDA==) seems to be corrupted. Trying again.
npm warn tarball tarball data for @napi-rs/keyring-linux-x64-gnu@https://registry.npmjs.org/@napi-rs/keyring-linux-x64-gnu/-/keyring-linux-x64-gnu-1.3.0.tgz (sha512-2PDK1WKWTu9lBGq9VvNEkSlQD3O7YwVpmnyN2M3cy4v7NJ/8gDMd9GXv3G+FVXN13uhp4gnnPBS+ScefmEeD2A==) seems to be corrupted. Trying again.
npm warn tarball tarball data for @neon/config@https://registry.npmjs.org/@neon/config/-/config-1.8.3.tgz (sha512-/UmkgmHrm9tTOoFd7g3DttqlFFA3KG+d6JULLk7JzhvU2CwHrUaKiRmE1OmhOQAqJ3Mm49c/G5nDVbSefyFCrw==) seems to be corrupted. Trying again.
npm warn tarball tarball data for @ngageoint/geopackage@https://registry.npmjs.org/@ngageoint/geopackage/-/geopackage-4.2.9.tgz (sha512-NCyULPV7O6ZGgcw4r+AtSik80UqUdgTkE57ChUB7cFhQU1mYh2J+3qTIAUmDYEsG5XgAOmcEIfiXHg91xe/AWw==) seems to be corrupted. Trying again.
npm warn tarball tarball data for @jridgewell/resolve-uri@https://registry.npmjs.org/@jridgewell/resolve-uri/-/resolve-uri-3.1.2.tgz (sha512-bRISgCIjP20/tbWSPWMEi54QVPRZExkuD9lJL+UIxUKtwVJA8wW1Trb1jMs1RFXo1CBTNZ/5hpC9QvmKWdopKw==) seems to be corrupted. Trying again.
npm warn tarball tarball data for @jridgewell/sourcemap-codec@https://registry.npmjs.org/@jridgewell/sourcemap-codec/-/sourcemap-codec-1.6.0.tgz (sha512-T7jf+5zgsZHwNJ4lvQ7/aezbyk0nNX+zJVWpmHA7VYsEx7a7qr5Rg5IbtJFqkgze5Y2sruq1RUY8Q837Od7iFw==) seems to be corrupted. Trying again.
npm warn tarball tarball data for @msgpackr-extract/msgpackr-extract-linux-x64@https://registry.npmjs.org/@msgpackr-extract/msgpackr-extract-linux-x64/-/msgpackr-extract-linux-x64-3.0.4.tgz (sha512-8TNXMEjJc3QEy7R/x1INhgiU+XakDAFUzBhaz7+Rbrs8NH5UQeHQxxmzsSBJGyV6I1jW79undiQm8tOI+D+8FQ==) seems to be corrupted. Trying again.
npm warn tarball tarball data for @inquirer/select@https://registry.npmjs.org/@inquirer/select/-/select-5.2.5.tgz (sha512-9kc15hr8r/kI+3DO/xLog5nOzTz1jqsHXa6JBFzmQKhkoJ8Slda1I1L/uD8ZSZ9tF1yp79wwXe7mclvX1rqR2Q==) seems to be corrupted. Trying again.
npm warn tarball tarball data for @inquirer/search@https://registry.npmjs.org/@inquirer/search/-/search-4.3.3.tgz (sha512-fyuIU1Nbpvwlikjg3gXwJFDI11+EFjqQ7P+iByfmivIKQ1vmaykNrD/vy5unHuUqUpsOsnvJ25//tPF7E/RBRA==) seems to be corrupted. Trying again.
npm warn tarball tarball data for @inquirer/input@https://registry.npmjs.org/@inquirer/input/-/input-5.1.6.tgz (sha512-HtcJhB2QFVXbLuJ5S3syhNbTUVxYvwqV4VRBDkQceBloC9bmTViUoRFP5PbSaDZb3HzfPmpuU/gG4ybVBz4FHA==) seems to be corrupted. Trying again.
npm warn tarball tarball data for @inquirer/rawlist@https://registry.npmjs.org/@inquirer/rawlist/-/rawlist-5.3.5.tgz (sha512-1oHky1ONfCOwNrnkQGDE1oaSij/3fI6HFMSf2H/WsGO2lEyDX9My82iggITSy9ddSZ8yk8j9v41OI0fVoSIoaA==) seems to be corrupted. Trying again.
npm warn tarball tarball data for @jridgewell/trace-mapping@https://registry.npmjs.org/@jridgewell/trace-mapping/-/trace-mapping-0.3.9.tgz (sha512-3Belt6tdc8bPgAtbcmdtNJlirVoTmEb5e2gC94PnkwEW9jI6CAHUeoG85tjWP5WquqfavoMtMwiG4P926ZKKuQ==) seems to be corrupted. Trying again.
npm warn tarball tarball data for @inquirer/type@https://registry.npmjs.org/@inquirer/type/-/type-4.1.1.tgz (sha512-yJoHYrMnxIsJZCY+0Vb66Dy3he3kL3e2wOBKhoSwWWAzZAY82emlxwgprCtp6yRixvNRNq9ztfRWQYPNr3Go7A==) seems to be corrupted. Trying again.
npm warn tarball tarball data for @inquirer/password@https://registry.npmjs.org/@inquirer/password/-/password-5.2.2.tgz (sha512-W9zYdyzogK+6110mqwaSJWCBu2yA5Q/OfnGSjjZB1bNpHlmUozXxTl0+QOZBNeVd6Qo81/qT75gW05gLAtITxw==) seems to be corrupted. Trying again.
npm warn tarball tarball data for @inquirer/number@https://registry.npmjs.org/@inquirer/number/-/number-4.2.3.tgz (sha512-6Yuwh1NGSbu1Lo4N1EWjXs1jKRntLg/ZCwhmeorEHde90v1XxAozdbd4Iu30eOQLW+6h1hp2O9ujNfLSbTPJnA==) seems to be corrupted. Trying again.
npm warn tarball tarball data for @inquirer/editor@https://registry.npmjs.org/@inquirer/editor/-/editor-5.3.3.tgz (sha512-YsKkS2q63IiLtaDK/9nqzdComN97SDQrmKiyNggN+ceP4ty+Z6VwyTz3FpjeUWeW1Efss2xHFKCC9sx7hnrsxg==) seems to be corrupted. Trying again.
npm warn tarball tarball data for @inquirer/figures@https://registry.npmjs.org/@inquirer/figures/-/figures-2.0.9.tgz (sha512-EAWgUTGQ/Umgga51dE3B2PUHbufuXarDfg86uVgoSgNHNNQnyFKcOrQLWVqYMghuSyHh8+2HUH0Js9cTC1WAdg==) seems to be corrupted. Trying again.
npm warn tarball tarball data for @inquirer/core@https://registry.npmjs.org/@inquirer/core/-/core-12.0.3.tgz (sha512-wsSy0sznmXwkty+2PzZwx00Cazc/E0r0B7mAzdGROz2Ct+DFZXaK7WDjGZvgjRldxH5ZhFVfF2lgkYrqgOw2KA==) seems to be corrupted. Trying again.
npm warn tarball tarball data for @inquirer/checkbox@https://registry.npmjs.org/@inquirer/checkbox/-/checkbox-5.2.5.tgz (sha512-bRt8J8m+Fot9CXv+zNQGXUq2ET0MggR1fPz7v6edN6MFYmsbfGnMmkmWZJEegMKqrAC8ej/o1sqisHZXZJMAfQ==) seems to be corrupted. Trying again.
npm warn tarball tarball data for @inquirer/prompts@https://registry.npmjs.org/@inquirer/prompts/-/prompts-8.7.2.tgz (sha512-QoRB4wFIjgH5iOhSjoIKMkTvSHDuV+O3OITlIqAYO0oK5x364GJILXiMBvlPiE+klg7Xx9tq5XVqQHcGUDYYPA==) seems to be corrupted. Trying again.
npm warn tarball tarball data for @img/sharp-linux-x64@https://registry.npmjs.org/@img/sharp-linux-x64/-/sharp-linux-x64-0.35.4.tgz (sha512-9qvvEAuk8k89TfWUoX2htWjbAMX8p+NxCppjpcg5k6xMsjhBQPTsoIh36h9Qde4WRuGpJeYnOjdosDn/cnv+OA==) seems to be corrupted. Trying again.
npm warn tarball tarball data for @inquirer/ansi@https://registry.npmjs.org/@inquirer/ansi/-/ansi-2.0.8.tgz (sha512-WpQM+Ti6Z40EFwwt+uL2p4UabT+W179zHp6HhLVOzfbwnVn05IPO/eXIZXGNqcT1jbQ15SujNLzQ39k4QPPxBQ==) seems to be corrupted. Trying again.
npm warn tarball tarball data for @img/sharp-wasm32@https://registry.npmjs.org/@img/sharp-wasm32/-/sharp-wasm32-0.35.4.tgz (sha512-zQnl4Kwp7Q6NHsENtU2T/00Zi+w3AQNwz3+UaTyVBy2FpXrzXzGjndpK61onhZjRtRpQXxCTeqw19bVyXOh7jA==) seems to be corrupted. Trying again.
npm warn tarball tarball data for @inquirer/expand@https://registry.npmjs.org/@inquirer/expand/-/expand-5.1.5.tgz (sha512-uHuXLmXW+TtIfT/9vSBotypAkqn1n34Ul+CLGPos/xANyO4Ff5xZzkYhbKR4NEcfVK4a9mHQOpwVZzluSHFRGw==) seems to be corrupted. Trying again.
npm warn tarball tarball data for @img/sharp-libvips-linuxmusl-x64@https://registry.npmjs.org/@img/sharp-libvips-linuxmusl-x64/-/sharp-libvips-linuxmusl-x64-1.3.3.tgz (sha512-fj8Mv0HHfD1Rr+4I68+3agJynxDWtBFgicTbSOb9Bke6pIwzGcJ+RX/yHjmiEGFMCavY/dxvem7MyNaJF+wDiw==) seems to be corrupted. Trying again.
npm warn tarball tarball data for @inquirer/confirm@https://registry.npmjs.org/@inquirer/confirm/-/confirm-6.3.2.tgz (sha512-Xvr/0HggjddPtGppuqVmxhTw+Hr8PvsZ/k0HmOEaAqQEt80OITNkFWnsdNmyT0/eM4Ab+iJLx2R8rctlEyfSVg==) seems to be corrupted. Trying again.
npm warn tarball tarball data for @inquirer/external-editor@https://registry.npmjs.org/@inquirer/external-editor/-/external-editor-3.0.5.tgz (sha512-f3QQJRIX5ZEneBHNUIuPjmbdzHnmRFJA8r2dkcb8q+OM5Uv5KtnuAttQumnrjcBVBM3mcTX1CkmtAkU58VRZxg==) seems to be corrupted. Trying again.
npm warn tarball tarball data for @esbuild-kit/esm-loader@https://registry.npmjs.org/@esbuild-kit/esm-loader/-/esm-loader-2.6.5.tgz (sha512-FxEMIkJKnodyA1OaCUoEvbYRkoZlLZ4d/eXFu9Fh8CbBBgP5EmZxrfTRyN0qpXZ4vOvqnE5YdRdcrmUUXuU+dA==) seems to be corrupted. Trying again.
npm warn tarball tarball data for @img/sharp-libvips-linux-x64@https://registry.npmjs.org/@img/sharp-libvips-linux-x64/-/sharp-libvips-linux-x64-1.3.3.tgz (sha512-4vKmvAst9nrowcqquKFAyZJUDolUaIp8uRiN0mWFguJ1IplC9/pitXtlnnlU4aa/eJw3J7i67V+pwUL+wZGdsA==) seems to be corrupted. Trying again.
npm warn tarball tarball data for @esbuild-kit/core-utils@https://registry.npmjs.org/@esbuild-kit/core-utils/-/core-utils-3.3.2.tgz (sha512-sPRAnw9CdSsRmEtnsl2WXWdyquogVpB3yZ3dgwJfe8zrOzTsV7cJvmwrKVa+0ma5BoiGJ+BoqkMvawbayKUsqQ==) seems to be corrupted. Trying again.
npm warn tarball tarball data for @esbuild/linux-x64@https://registry.npmjs.org/@esbuild/linux-x64/-/linux-x64-0.28.2.tgz (sha512-4xTZr1FUmSoQW4XIWmit3tzQrUTZM+N3P0XV8xROKYF50XfI7xeO90+1bZvNwxIufQ9hDQVRJH5YhgPVF8A/HQ==) seems to be corrupted. Trying again.
npm warn tarball tarball data for @img/sharp-linuxmusl-x64@https://registry.npmjs.org/@img/sharp-linuxmusl-x64/-/sharp-linuxmusl-x64-0.35.4.tgz (sha512-f+eZJZIQNEEd26RPSW+76chwOf1XtA2Y/O+5ocVyLliHkeih3e+jhLVBdNTd2rS3IbNXK8+ug93Vf5ZXtF5Lxg==) seems to be corrupted. Trying again.
npm warn tarball tarball data for @emnapi/runtime@https://registry.npmjs.org/@emnapi/runtime/-/runtime-1.11.3.tgz (sha512-Xz4Tpyki7XyrpbUK1jR1AhdAdaXyhhY4lZ3neLodmhpuWfy2PAQN5B46sAiU4liOXGLkHypn/qU+jvfWSCYYLA==) seems to be corrupted. Trying again.
npm warn tarball tarball data for @drizzle-team/brocli@https://registry.npmjs.org/@drizzle-team/brocli/-/brocli-0.10.2.tgz (sha512-z33Il7l5dKjUgGULTqBsQBQwckHh5AbIuxhdsIxDDiZAzBOrZO6q9ogcWC65kU382AfynTfgNumVcNIjuIua6w==) seems to be corrupted. Trying again.
npm warn tarball tarball data for @electric-sql/pglite@https://registry.npmjs.org/@electric-sql/pglite/-/pglite-0.5.8.tgz (sha512-n9tsbUOhwx2epK1V0ZG9Ar4SHWUju04dhmzZXiSBXwBoleOvIfals33NAaWgagQVAL4Rbvx/Ptsu3P+pA09f6Q==) seems to be corrupted. Trying again.
npm warn tarball tarball data for string-width@https://registry.npmjs.org/string-width/-/string-width-7.2.0.tgz (sha512-tsaTIkKW9b4N+AEj+SVA+WhJzV7/zMhcSu78mLKWSk7cXMOSHsBKFWUs0fWwq8QyK3MgJBQRX6Gbi4kYbdvGkQ==) seems to be corrupted. Trying again.
npm warn tarball tarball data for @cloudflare/unenv-preset@https://registry.npmjs.org/@cloudflare/unenv-preset/-/unenv-preset-2.16.2.tgz (sha512-JBP1+Z7ZSNG/d4mRP+y8VC5dka3tZVMLEZRvS+rzQ4DGV1EoxRFQckcJTTkXbHSQiTj0DtNI01Zwb/V2fX0mvQ==) seems to be corrupted. Trying again.
npm warn tarball tarball data for @cloudflare/workerd-linux-64@https://registry.npmjs.org/@cloudflare/workerd-linux-64/-/workerd-linux-64-1.20261001.1.tgz (sha512-kZbTZJGrhsMOdqZ2BIybjaBRLZjYsRLWj7mcNw/6Y3hodOhp5MrNzcz4iWGwNVWwyIV+7Pl+/LX5VcgnRqdHOg==) seems to be corrupted. Trying again.
npm warn tarball tarball data for @img/colour@https://registry.npmjs.org/@img/colour/-/colour-1.1.0.tgz (sha512-Td76q7j57o/tLVdgS746cYARfSyxk8iEfRxewL9h4OMzYhbW4TAcppl0mT4eyqXddh6L/jwoM75mo7ixa/pCeQ==) seems to be corrupted. Trying again.
npm warn tarball tarball data for esbuild@https://registry.npmjs.org/esbuild/-/esbuild-0.28.1.tgz (sha512-HrJrvZv5ayxBzPfwphOoNzkzOIIlifzk0KJrGK2c8R4+LKpMtpYLQeUdjnwjWv/LZlkH2laZk+4w78pi99D4Vw==) seems to be corrupted. Trying again.
npm warn tarball tarball data for @cspotcode/source-map-support@https://registry.npmjs.org/@cspotcode/source-map-support/-/source-map-support-0.8.1.tgz (sha512-IchNf6dN4tHoMFIn/7OE8LWZ19Y6q/67Bmf6vnGREv8RSbBVb9LPJxEcnwrcwX6ixSvaiGoomAUvu4YSxXrVgw==) seems to be corrupted. Trying again.
npm warn tarball tarball data for @cloudflare/kv-asset-handler@https://registry.npmjs.org/@cloudflare/kv-asset-handler/-/kv-asset-handler-0.5.0.tgz (sha512-jxQYkj8dSIzc0cD6cMMNdOc1UVjqSqu8BZdor5s8cGjW2I8BjODt/kWPVdY+u9zj3ms75Q5qaZgnxUad83+eAg==) seems to be corrupted. Trying again.
npm warn tarball tarball data for readable-stream@https://registry.npmjs.org/readable-stream/-/readable-stream-2.3.8.tgz (sha512-8p0AUk4XODgIewSi0l8Epjs+EVnWiK7NoDIEGU0HhE7+ZyY8D1IMY7odu5lRrFXGg71L15KG8QrPmum45RTtdA==) seems to be corrupted. Trying again.
npm warn tarball tarball data for ansi-styles@https://registry.npmjs.org/ansi-styles/-/ansi-styles-6.2.3.tgz (sha512-4Dj6M28JB+oAH8kFkTLUo+a2jwOFkuqb3yucU0CANcRRUbxS0cP0nZYCGjcc3BNXwRIsUVmDGgzawme7zvJHvg==) seems to be corrupted. Trying again.
npm warn tarball tarball data for string_decoder@https://registry.npmjs.org/string_decoder/-/string_decoder-1.1.1.tgz (sha512-n/ShnvDi6FHbbVfviro+WojiFzv+s8MPMHBczVePfUpDJLwoLT0ht1l4YwBCbi8pJAveEEdnkHyPyTP/mzRfwg==) seems to be corrupted. Trying again.
npm warn tarball tarball data for safe-buffer@https://registry.npmjs.org/safe-buffer/-/safe-buffer-5.1.2.tgz (sha512-Gd2UZBJDkXlY7GbJxfsE8/nvKkUEU1G38c1siN6QP6a9PT9MmHB8GnpscSmMJSoF8LOIrt8ud/wPtojys4G6+g==) seems to be corrupted. Trying again.
npm warn tarball tarball data for concat-stream@https://registry.npmjs.org/concat-stream/-/concat-stream-1.6.2.tgz (sha512-27HBghJxjiZtIk3Ycvn/4kbJk/1uZuJFfuPEns6LaEvpvG1f0hTea8lilrouyo9mVc2GWdcEZ8OLoGmSADlrCw==) seems to be corrupted. Trying again.
npm warn tarball tarball data for @esbuild/linux-x64@https://registry.npmjs.org/@esbuild/linux-x64/-/linux-x64-0.28.1.tgz (sha512-u/anNYF2mmVOEDwLtnQ1wOr3EZ9sTNGLWrsYGYwHWzGA3Si84IOkHXlbWTD1NB+9/1lcnweYKO54uhxZydNzfA==) seems to be corrupted. Trying again.
npm warn tarball tarball data for @types/node@https://registry.npmjs.org/@types/node/-/node-8.10.66.tgz (sha512-tktOkFUA4kXx2hhhrB8bIFb5TbwzS4uOhKEmwiD+NoiL0qtP2OQ9mFldbgD4dV1djrlBYP6eBuQZiWjuHUpqFw==) seems to be corrupted. Trying again.
npm warn tarball tarball data for rbush@https://registry.npmjs.org/rbush/-/rbush-4.0.1.tgz (sha512-IP0UpfeWQujYC8Jg162rMNc01Rf0gWMMAb2Uxus/Q0qOFw4lCcq6ZnQEZwUoJqWyUGJ9th7JjwI4yIWo+uvoAQ==) seems to be corrupted. Trying again.
npm warn tarball tarball data for string_decoder@https://registry.npmjs.org/string_decoder/-/string_decoder-1.1.1.tgz (sha512-n/ShnvDi6FHbbVfviro+WojiFzv+s8MPMHBczVePfUpDJLwoLT0ht1l4YwBCbi8pJAveEEdnkHyPyTP/mzRfwg==) seems to be corrupted. Trying again.
npm warn tarball tarball data for @bokuweb/zstd-wasm@https://registry.npmjs.org/@bokuweb/zstd-wasm/-/zstd-wasm-0.0.27.tgz (sha512-GDm2uOTK3ESjnYmSeLQifJnBsRCWajKLvN32D2ZcQaaCIJI/Hse9s74f7APXjHit95S10UImsRGkTsbwHmrtmg==) seems to be corrupted. Trying again.
npm warn tarball tarball data for safe-buffer@https://registry.npmjs.org/safe-buffer/-/safe-buffer-5.1.2.tgz (sha512-Gd2UZBJDkXlY7GbJxfsE8/nvKkUEU1G38c1siN6QP6a9PT9MmHB8GnpscSmMJSoF8LOIrt8ud/wPtojys4G6+g==) seems to be corrupted. Trying again.
npm warn tarball tarball data for tinyqueue@https://registry.npmjs.org/tinyqueue/-/tinyqueue-1.2.3.tgz (sha512-Qz9RgWuO9l8lT+Y9xvbzhPT2efIUIFd69N7eF7tJ9lnQl0iLj1M7peK7IoUGZL9DJHw9XftqLreccfxcQgYLxA==) seems to be corrupted. Trying again.
npm warn tarball tarball data for @types/node@https://registry.npmjs.org/@types/node/-/node-10.17.60.tgz (sha512-F0KIgDJfy2nA3zMLmWGKxcH2ZVEtCZXHHdOQs2gSaQ27+lNeEfGxzkIw90aXswATX7AZ33tahPbzy6KAfUreVw==) seems to be corrupted. Trying again.
npm warn tarball tarball data for readable-stream@https://registry.npmjs.org/readable-stream/-/readable-stream-2.3.8.tgz (sha512-8p0AUk4XODgIewSi0l8Epjs+EVnWiK7NoDIEGU0HhE7+ZyY8D1IMY7odu5lRrFXGg71L15KG8QrPmum45RTtdA==) seems to be corrupted. Trying again.
npm warn tarball tarball data for quickselect@https://registry.npmjs.org/quickselect/-/quickselect-3.0.0.tgz (sha512-XdjUArbK4Bm5fLLvlm5KpTFOiOThgfWWI4axAZDWg4E/0mKdZyI9tNEfds27qCi1ze/vwTR16kvmmGhRra3c2g==) seems to be corrupted. Trying again.
npm warn tarball tarball data for esbuild@https://registry.npmjs.org/esbuild/-/esbuild-0.25.12.tgz (sha512-bbPBYYrtZbkt6Os6FiTLCTFxvq4tt3JKall1vRwshA3fdVztsLAatFaZobhkBC8/BrPetoa0oksYoKXoG4ryJg==) seems to be corrupted. Trying again.
npm warn tarball tarball data for @types/geojson@https://registry.npmjs.org/@types/geojson/-/geojson-7946.0.8.tgz (sha512-1rkryxURpr6aWP7R786/UQOkJ3PcpQiWkAXBmdWc7ryFWqN6a4xfK7BtjXvFBKO9LjQ+MWQSWxYeZX1OApnArA==) seems to be corrupted. Trying again.
npm warn tarball tarball data for @esbuild/linux-x64@https://registry.npmjs.org/@esbuild/linux-x64/-/linux-x64-0.25.12.tgz (sha512-uqZMTLr/zR/ed4jIGnwSLkaHmPjOjJvnm6TVVitAa08SLS9Z0VM8wIRx7gWbJB5/J54YuIMInDquWyYvQLZkgw==) seems to be corrupted. Trying again.
npm warn tarball tarball data for readable-stream@https://registry.npmjs.org/readable-stream/-/readable-stream-3.6.2.tgz (sha512-9u/sniCrY3D5WdsERHzHE4G2YCXqoG5FTHUiCC4SIbr6XcLZBY05ya9EKjYek9O5xOAwjGq+1JdGBAS7Q9ScoA==) seems to be corrupted. Trying again.
npm warn tarball tarball data for concat-stream@https://registry.npmjs.org/concat-stream/-/concat-stream-1.6.2.tgz (sha512-27HBghJxjiZtIk3Ycvn/4kbJk/1uZuJFfuPEns6LaEvpvG1f0hTea8lilrouyo9mVc2GWdcEZ8OLoGmSADlrCw==) seems to be corrupted. Trying again.
npm warn tarball tarball data for string-width@https://registry.npmjs.org/string-width/-/string-width-7.2.0.tgz (sha512-tsaTIkKW9b4N+AEj+SVA+WhJzV7/zMhcSu78mLKWSk7cXMOSHsBKFWUs0fWwq8QyK3MgJBQRX6Gbi4kYbdvGkQ==) seems to be corrupted. Trying again.
npm warn tarball tarball data for supports-color@https://registry.npmjs.org/supports-color/-/supports-color-10.2.2.tgz (sha512-SS+jx45GF1QjgEXQx4NJZV9ImqmO2NPz5FNsIHrsDjh2YsHnawpan7SNQ1o8NuhrbHZy9AZhIoCUiCeaW/C80g==) seems to be corrupted. Trying again.
npm warn tarball tarball data for iconv-lite@https://registry.npmjs.org/iconv-lite/-/iconv-lite-0.7.3.tgz (sha512-IKXpvIzjnC9XTAUbVBcMfGS0EPaIXtW6v+zr+RRp+hqULEpo0owZax6wyRwPOJbWbzjYspQwusTsfVr0ifh4uQ==) seems to be corrupted. Trying again.
npm warn tarball tarball data for @types/geojson@https://registry.npmjs.org/@types/geojson/-/geojson-7946.0.8.tgz (sha512-1rkryxURpr6aWP7R786/UQOkJ3PcpQiWkAXBmdWc7ryFWqN6a4xfK7BtjXvFBKO9LjQ+MWQSWxYeZX1OApnArA==) seems to be corrupted. Trying again.
npm warn tarball tarball data for esbuild@https://registry.npmjs.org/esbuild/-/esbuild-0.18.20.tgz (sha512-ceqxoedUrcayh7Y7ZX6NdbbDzGROiyVBgC4PriJThBKSVPWnnFHZAkfI1lJT8QFkOwH4qOS2SJkS4wvpGl8BpA==) seems to be corrupted. Trying again.
npm warn tarball tarball data for @turf/bbox@https://registry.npmjs.org/@turf/bbox/-/bbox-6.5.0.tgz (sha512-RBbLaao5hXTYyyg577iuMtDB8ehxMlUqHEJiMs8jT1GHkFhr6sYre3lmLsPeYEi/ZKj5TP5tt7fkzNdJ4GIVyw==) seems to be corrupted. Trying again.
npm warn tarball tarball data for @esbuild/linux-x64@https://registry.npmjs.org/@esbuild/linux-x64/-/linux-x64-0.18.20.tgz (sha512-UYqiqemphJcNsFEskc73jQ7B9jgwjWrSayxawS6UVFZGWrAAtkzjxSqnoclCXxWtfwLdzU+vTpcNYhpn43uP1w==) seems to be corrupted. Trying again.
npm warn tar TAR_ENTRY_ERROR ENOENT: no such file or directory, open '/workspace/worldatlas-hierarchy-install/node_modules/@types/node/web-globals/console.d.ts'
npm warn tar TAR_ENTRY_ERROR ENOENT: no such file or directory, open '/workspace/worldatlas-hierarchy-install/node_modules/lodash/fp/cond.js'
npm warn tar TAR_ENTRY_ERROR ENOENT: no such file or directory, open '/workspace/worldatlas-hierarchy-install/node_modules/@types/node/web-globals/crypto.d.ts'
npm warn tar TAR_ENTRY_ERROR ENOENT: no such file or directory, open '/workspace/worldatlas-hierarchy-install/node_modules/leaflet/src/geometry/Point.js'
npm warn tar TAR_ENTRY_ERROR ENOENT: no such file or directory, open '/workspace/worldatlas-hierarchy-install/node_modules/ol/format/filter/IsLike.d.ts'
npm warn tar TAR_ENTRY_ERROR ENOENT: no such file or directory, lstat '/workspace/worldatlas-hierarchy-install/node_modules/ol/format'
npm warn tar TAR_ENTRY_ERROR ENOENT: no such file or directory, lstat '/workspace/worldatlas-hierarchy-install/node_modules/ol/geom/flat'
npm warn tar TAR_ENTRY_ERROR ENOENT: no such file or directory, lstat '/workspace/worldatlas-hierarchy-install/node_modules/unenv/dist/runtime/polyfill'
npm warn tar TAR_ENTRY_ERROR ENOENT: no such file or directory, lstat '/workspace/worldatlas-hierarchy-install/node_modules/@electric-sql/pglite/dist/contrib'
npm warn tar TAR_ENTRY_ERROR ENOENT: no such file or directory, open '/workspace/worldatlas-hierarchy-install/node_modules/zarrita/dist/src/codecs/gzip.d.ts.map'
npm warn tar TAR_ENTRY_ERROR ENOENT: no such file or directory, open '/workspace/worldatlas-hierarchy-install/node_modules/@neon/config/dist/lib/external-packages.js.map'
npm warn tar TAR_ENTRY_ERROR ENOENT: no such file or directory, open '/workspace/worldatlas-hierarchy-install/node_modules/@neon/sdk/dist/neon/params.js'
npm warn tar TAR_ENTRY_ERROR ENOENT: no such file or directory, lstat '/workspace/worldatlas-hierarchy-install/node_modules/zarrita/dist'
npm warn tar TAR_ENTRY_ERROR ENOENT: no such file or directory, lstat '/workspace/worldatlas-hierarchy-install/node_modules/leaflet/src/layer/vector'
npm warn tar TAR_ENTRY_ERROR ENOENT: no such file or directory, open '/workspace/worldatlas-hierarchy-install/node_modules/flatgeobuf/lib/mjs/generic.js'
npm warn tar TAR_ENTRY_ERROR ENOENT: no such file or directory, lstat '/workspace/worldatlas-hierarchy-install/node_modules/@neon/config/dist/lib'
npm warn tar TAR_ENTRY_ERROR ENOENT: no such file or directory, open '/workspace/worldatlas-hierarchy-install/node_modules/@neon/sdk/dist/neon/wait.d.ts'
npm warn tar TAR_ENTRY_ERROR ENOENT: no such file or directory, open '/workspace/worldatlas-hierarchy-install/node_modules/playwright-core/lib/vite/dashboard/assets/index-hRvO4yU2.js'
npm warn tar TAR_ENTRY_ERROR ENOENT: no such file or directory, lstat '/workspace/worldatlas-hierarchy-install/node_modules/@electric-sql/pglite/dist/contrib'
npm warn tar TAR_ENTRY_ERROR ENOENT: no such file or directory, lstat '/workspace/worldatlas-hierarchy-install/node_modules/zarrita/dist'
npm warn tar TAR_ENTRY_ERROR ENOENT: no such file or directory, lstat '/workspace/worldatlas-hierarchy-install/node_modules/leaflet/src'
npm warn tar TAR_ENTRY_ERROR ENOENT: no such file or directory, lstat '/workspace/worldatlas-hierarchy-install/node_modules/@neon/config/dist'
npm warn tar TAR_ENTRY_ERROR ENOENT: no such file or directory, lstat '/workspace/worldatlas-hierarchy-install/node_modules/@bokuweb/zstd-wasm/dist/esm/simple'
npm warn tar TAR_ENTRY_ERROR ENOENT: no such file or directory, lstat '/workspace/worldatlas-hierarchy-install/node_modules/@electric-sql/pglite/dist'
npm warn tar TAR_ENTRY_ERROR ENOENT: no such file or directory, lstat '/workspace/worldatlas-hierarchy-install/node_modules/@neon/sdk/dist/client/core'
npm warn tar TAR_ENTRY_ERROR ENOENT: no such file or directory, open '/workspace/worldatlas-hierarchy-install/node_modules/@inquirer/external-editor/node_modules/iconv-lite/encodings/sbcs-data.js'
npm warn tar TAR_ENTRY_ERROR ENOENT: no such file or directory, lstat '/workspace/worldatlas-hierarchy-install/node_modules/zarrita/dist'
npm warn tar TAR_ENTRY_ERROR ENOENT: no such file or directory, lstat '/workspace/worldatlas-hierarchy-install/node_modules/leaflet/src'
npm warn tar TAR_ENTRY_ERROR ENOENT: no such file or directory, lstat '/workspace/worldatlas-hierarchy-install/node_modules/@neon/config/dist'
npm warn tar TAR_ENTRY_ERROR ENOENT: no such file or directory, lstat '/workspace/worldatlas-hierarchy-install/node_modules/@bokuweb/zstd-wasm/dist'
npm warn tar TAR_ENTRY_ERROR ENOENT: no such file or directory, lstat '/workspace/worldatlas-hierarchy-install/node_modules/@electric-sql/pglite/dist'
npm warn tar TAR_ENTRY_ERROR ENOENT: no such file or directory, lstat '/workspace/worldatlas-hierarchy-install/node_modules/@inquirer/external-editor/node_modules/iconv-lite/lib'
npm warn tar TAR_ENTRY_ERROR ENOENT: no such file or directory, lstat '/workspace/worldatlas-hierarchy-install/node_modules/zarrita/dist'
npm warn tar TAR_ENTRY_ERROR ENOENT: no such file or directory, lstat '/workspace/worldatlas-hierarchy-install/node_modules/leaflet/src'
npm warn tar TAR_ENTRY_ERROR ENOENT: no such file or directory, lstat '/workspace/worldatlas-hierarchy-install/node_modules/@ngageoint/geopackage/dist/lib/extension/contents'
npm warn tar TAR_ENTRY_ERROR ENOENT: no such file or directory, lstat '/workspace/worldatlas-hierarchy-install/node_modules/concat-stream/node_modules/readable-stream/lib/internal/streams'
npm warn tar TAR_ENTRY_ERROR ENOENT: no such file or directory, lstat '/workspace/worldatlas-hierarchy-install/node_modules/@neon/config/dist'
npm warn tar TAR_ENTRY_ERROR ENOENT: no such file or directory, lstat '/workspace/worldatlas-hierarchy-install/node_modules/@bokuweb/zstd-wasm/dist'
npm warn tar TAR_ENTRY_ERROR ENOENT: no such file or directory, lstat '/workspace/worldatlas-hierarchy-install/node_modules/@electric-sql/pglite/dist'
npm warn tar TAR_ENTRY_ERROR ENOENT: no such file or directory, lstat '/workspace/worldatlas-hierarchy-install/node_modules/@inquirer/external-editor/node_modules/iconv-lite/encodings'
npm warn tar TAR_ENTRY_ERROR ENOENT: no such file or directory, lstat '/workspace/worldatlas-hierarchy-install/node_modules/zarrita/dist'
npm warn tar TAR_ENTRY_ERROR ENOENT: no such file or directory, lstat '/workspace/worldatlas-hierarchy-install/node_modules/leaflet/src'
npm warn tar TAR_ENTRY_ERROR ENOENT: no such file or directory, open '/workspace/worldatlas-hierarchy-install/node_modules/concat-stream/node_modules/readable-stream/errors-browser.js'
npm warn tar TAR_ENTRY_ERROR ENOENT: no such file or directory, lstat '/workspace/worldatlas-hierarchy-install/node_modules/@neon/config/dist'
npm warn tar TAR_ENTRY_ERROR ENOENT: no such file or directory, lstat '/workspace/worldatlas-hierarchy-install/node_modules/@bokuweb/zstd-wasm/dist'
npm warn tar TAR_ENTRY_ERROR ENOENT: no such file or directory, open '/workspace/worldatlas-hierarchy-install/node_modules/concat-stream/node_modules/readable-stream/errors.js'
npm warn tar TAR_ENTRY_ERROR ENOENT: no such file or directory, lstat '/workspace/worldatlas-hierarchy-install/node_modules/@inquirer/external-editor/node_modules/iconv-lite/encodings'
npm warn tar TAR_ENTRY_ERROR ENOENT: no such file or directory, lstat '/workspace/worldatlas-hierarchy-install/node_modules/zarrita/dist'
npm warn tar TAR_ENTRY_ERROR ENOENT: no such file or directory, lstat '/workspace/worldatlas-hierarchy-install/node_modules/leaflet/src'
npm warn tar TAR_ENTRY_ERROR ENOENT: no such file or directory, lstat '/workspace/worldatlas-hierarchy-install/node_modules/@ngageoint/geopackage/dist/lib'
npm warn cleanup Failed to remove some directories [
npm warn cleanup   [
npm warn cleanup     '/workspace/worldatlas-hierarchy-install/node_modules/lodash',
npm warn cleanup     [Error: ENOTEMPTY: directory not empty, rmdir '/workspace/worldatlas-hierarchy-install/node_modules/lodash'] {
npm warn cleanup       errno: -39,
npm warn cleanup       code: 'ENOTEMPTY',
npm warn cleanup       syscall: 'rmdir',
npm warn cleanup       path: '/workspace/worldatlas-hierarchy-install/node_modules/lodash'
npm warn cleanup     }
npm warn cleanup   ],
npm warn cleanup   [
npm warn cleanup     '/workspace/worldatlas-hierarchy-install/node_modules',
npm warn cleanup     [Error: ENOTEMPTY: directory not empty, rmdir '/workspace/worldatlas-hierarchy-install/node_modules/lodash'] {
npm warn cleanup       errno: -39,
npm warn cleanup       code: 'ENOTEMPTY',
npm warn cleanup       syscall: 'rmdir',
npm warn cleanup       path: '/workspace/worldatlas-hierarchy-install/node_modules/lodash'
npm warn cleanup     }
npm warn cleanup   ],
npm warn cleanup   [
npm warn cleanup     '/workspace/worldatlas-hierarchy-install/node_modules/drizzle-orm',
npm warn cleanup     [Error: ENOTEMPTY: directory not empty, rmdir '/workspace/worldatlas-hierarchy-install/node_modules/drizzle-orm/libsql/web'] {
npm warn cleanup       errno: -39,
npm warn cleanup       code: 'ENOTEMPTY',
npm warn cleanup       syscall: 'rmdir',
npm warn cleanup       path: '/workspace/worldatlas-hierarchy-install/node_modules/drizzle-orm/libsql/web'
npm warn cleanup     }
npm warn cleanup   ],
npm warn cleanup   [
npm warn cleanup     '/workspace/worldatlas-hierarchy-install/node_modules/@types/node',
npm warn cleanup     [Error: ENOTEMPTY: directory not empty, rmdir '/workspace/worldatlas-hierarchy-install/node_modules/@types/node'] {
npm warn cleanup       errno: -39,
npm warn cleanup       code: 'ENOTEMPTY',
npm warn cleanup       syscall: 'rmdir',
npm warn cleanup       path: '/workspace/worldatlas-hierarchy-install/node_modules/@types/node'
npm warn cleanup     }
npm warn cleanup   ],
npm warn cleanup   [
npm warn cleanup     '/workspace/worldatlas-hierarchy-install/node_modules/ol',
npm warn cleanup     [Error: ENOTEMPTY: directory not empty, rmdir '/workspace/worldatlas-hierarchy-install/node_modules/ol'] {
npm warn cleanup       errno: -39,
npm warn cleanup       code: 'ENOTEMPTY',
npm warn cleanup       syscall: 'rmdir',
npm warn cleanup       path: '/workspace/worldatlas-hierarchy-install/node_modules/ol'
npm warn cleanup     }
npm warn cleanup   ],
npm warn cleanup   [
npm warn cleanup     '/workspace/worldatlas-hierarchy-install/node_modules/blake3-wasm',
npm warn cleanup     [Error: ENOTEMPTY: directory not empty, rmdir '/workspace/worldatlas-hierarchy-install/node_modules/blake3-wasm/dist/wasm/web'] {
npm warn cleanup       errno: -39,
npm warn cleanup       code: 'ENOTEMPTY',
npm warn cleanup       syscall: 'rmdir',
npm warn cleanup       path: '/workspace/worldatlas-hierarchy-install/node_modules/blake3-wasm/dist/wasm/web'
npm warn cleanup     }
npm warn cleanup   ],
npm warn cleanup   [
npm warn cleanup     '/workspace/worldatlas-hierarchy-install/node_modules/@types',
npm warn cleanup     [Error: ENOTEMPTY: directory not empty, rmdir '/workspace/worldatlas-hierarchy-install/node_modules/@types/node'] {
npm warn cleanup       errno: -39,
npm warn cleanup       code: 'ENOTEMPTY',
npm warn cleanup       syscall: 'rmdir',
npm warn cleanup       path: '/workspace/worldatlas-hierarchy-install/node_modules/@types/node'
npm warn cleanup     }
npm warn cleanup   ],
npm warn cleanup   [
npm warn cleanup     '/workspace/worldatlas-hierarchy-install/node_modules/undici',
npm warn cleanup     [Error: ENOTEMPTY: directory not empty, rmdir '/workspace/worldatlas-hierarchy-install/node_modules/undici/docs/docs/api'] {
npm warn cleanup       errno: -39,
npm warn cleanup       code: 'ENOTEMPTY',
npm warn cleanup       syscall: 'rmdir',
npm warn cleanup       path: '/workspace/worldatlas-hierarchy-install/node_modules/undici/docs/docs/api'
npm warn cleanup     }
npm warn cleanup   ],
npm warn cleanup   [
npm warn cleanup     '/workspace/worldatlas-hierarchy-install/node_modules/@neon/sdk',
npm warn cleanup     [Error: ENOTEMPTY: directory not empty, rmdir '/workspace/worldatlas-hierarchy-install/node_modules/@neon/sdk/dist/client/core'] {
npm warn cleanup       errno: -39,
npm warn cleanup       code: 'ENOTEMPTY',
npm warn cleanup       syscall: 'rmdir',
npm warn cleanup       path: '/workspace/worldatlas-hierarchy-install/node_modules/@neon/sdk/dist/client/core'
npm warn cleanup     }
npm warn cleanup   ],
npm warn cleanup   [
npm warn cleanup     '/workspace/worldatlas-hierarchy-install/node_modules/http-basic/node_modules/readable-stream',
npm warn cleanup     [Error: ENOTEMPTY: directory not empty, rmdir '/workspace/worldatlas-hierarchy-install/node_modules/http-basic/node_modules/readable-stream/lib/internal/streams'] {
npm warn cleanup       errno: -39,
npm warn cleanup       code: 'ENOTEMPTY',
npm warn cleanup       syscall: 'rmdir',
npm warn cleanup       path: '/workspace/worldatlas-hierarchy-install/node_modules/http-basic/node_modules/readable-stream/lib/internal/streams'
npm warn cleanup     }
npm warn cleanup   ],
npm warn cleanup   [
npm warn cleanup     '/workspace/worldatlas-hierarchy-install/node_modules/@inquirer/core',
npm warn cleanup     [Error: ENOTEMPTY: directory not empty, rmdir '/workspace/worldatlas-hierarchy-install/node_modules/@inquirer/core/dist/lib'] {
npm warn cleanup       errno: -39,
npm warn cleanup       code: 'ENOTEMPTY',
npm warn cleanup       syscall: 'rmdir',
npm warn cleanup       path: '/workspace/worldatlas-hierarchy-install/node_modules/@inquirer/core/dist/lib'
npm warn cleanup     }
npm warn cleanup   ],
npm warn cleanup   [
npm warn cleanup     '/workspace/worldatlas-hierarchy-install/node_modules/@inquirer',
npm warn cleanup     [Error: ENOTEMPTY: directory not empty, rmdir '/workspace/worldatlas-hierarchy-install/node_modules/@inquirer/core/dist/lib'] {
npm warn cleanup       errno: -39,
npm warn cleanup       code: 'ENOTEMPTY',
npm warn cleanup       syscall: 'rmdir',
npm warn cleanup       path: '/workspace/worldatlas-hierarchy-install/node_modules/@inquirer/core/dist/lib'
npm warn cleanup     }
npm warn cleanup   ],
npm warn cleanup   [
npm warn cleanup     '/workspace/worldatlas-hierarchy-install/node_modules/flatgeobuf',
npm warn cleanup     [Error: ENOTEMPTY: directory not empty, rmdir '/workspace/worldatlas-hierarchy-install/node_modules/flatgeobuf/dist'] {
npm warn cleanup       errno: -39,
npm warn cleanup       code: 'ENOTEMPTY',
npm warn cleanup       syscall: 'rmdir',
npm warn cleanup       path: '/workspace/worldatlas-hierarchy-install/node_modules/flatgeobuf/dist'
npm warn cleanup     }
npm warn cleanup   ],
npm warn cleanup   [
npm warn cleanup     '/workspace/worldatlas-hierarchy-install/node_modules/geotiff',
npm warn cleanup     [Error: ENOTEMPTY: directory not empty, rmdir '/workspace/worldatlas-hierarchy-install/node_modules/geotiff/src'] {
npm warn cleanup       errno: -39,
npm warn cleanup       code: 'ENOTEMPTY',
npm warn cleanup       syscall: 'rmdir',
npm warn cleanup       path: '/workspace/worldatlas-hierarchy-install/node_modules/geotiff/src'
npm warn cleanup     }
npm warn cleanup   ],
npm warn cleanup   [
npm warn cleanup     '/workspace/worldatlas-hierarchy-install/node_modules/@speed-highlight',
npm warn cleanup     [Error: ENOTEMPTY: directory not empty, rmdir '/workspace/worldatlas-hierarchy-install/node_modules/@speed-highlight/core/dist/node'] {
npm warn cleanup       errno: -39,
npm warn cleanup       code: 'ENOTEMPTY',
npm warn cleanup       syscall: 'rmdir',
npm warn cleanup       path: '/workspace/worldatlas-hierarchy-install/node_modules/@speed-highlight/core/dist/node'
npm warn cleanup     }
npm warn cleanup   ],
npm warn cleanup   [
npm warn cleanup     '/workspace/worldatlas-hierarchy-install/node_modules/@inquirer/external-editor',
npm warn cleanup     [Error: ENOTEMPTY: directory not empty, rmdir '/workspace/worldatlas-hierarchy-install/node_modules/@inquirer/external-editor/node_modules/iconv-lite/encodings'] {
npm warn cleanup       errno: -39,
npm warn cleanup       code: 'ENOTEMPTY',
npm warn cleanup       syscall: 'rmdir',
npm warn cleanup       path: '/workspace/worldatlas-hierarchy-install/node_modules/@inquirer/external-editor/node_modules/iconv-lite/encodings'
npm warn cleanup     }
npm warn cleanup   ],
npm warn cleanup   [
npm warn cleanup     '/workspace/worldatlas-hierarchy-install/node_modules/http-response-object',
npm warn cleanup     [Error: ENOTEMPTY: directory not empty, rmdir '/workspace/worldatlas-hierarchy-install/node_modules/http-response-object/node_modules/@types/node'] {
npm warn cleanup       errno: -39,
npm warn cleanup       code: 'ENOTEMPTY',
npm warn cleanup       syscall: 'rmdir',
npm warn cleanup       path: '/workspace/worldatlas-hierarchy-install/node_modules/http-response-object/node_modules/@types/node'
npm warn cleanup     }
npm warn cleanup   ],
npm warn cleanup   [
npm warn cleanup     '/workspace/worldatlas-hierarchy-install/node_modules/@neon',
npm warn cleanup     [Error: ENOTEMPTY: directory not empty, rmdir '/workspace/worldatlas-hierarchy-install/node_modules/@neon/sdk'] {
npm warn cleanup       errno: -39,
npm warn cleanup       code: 'ENOTEMPTY',
npm warn cleanup       syscall: 'rmdir',
npm warn cleanup       path: '/workspace/worldatlas-hierarchy-install/node_modules/@neon/sdk'
npm warn cleanup     }
npm warn cleanup   ],
npm warn cleanup   [
npm warn cleanup     '/workspace/worldatlas-hierarchy-install/node_modules/@ngageoint',
npm warn cleanup     [Error: ENOTEMPTY: directory not empty, rmdir '/workspace/worldatlas-hierarchy-install/node_modules/@ngageoint/geopackage/dist/lib/tiles/user'] {
npm warn cleanup       errno: -39,
npm warn cleanup       code: 'ENOTEMPTY',
npm warn cleanup       syscall: 'rmdir',
npm warn cleanup       path: '/workspace/worldatlas-hierarchy-install/node_modules/@ngageoint/geopackage/dist/lib/tiles/user'
npm warn cleanup     }
npm warn cleanup   ],
npm warn cleanup   [
npm warn cleanup     '/workspace/worldatlas-hierarchy-install/node_modules/http-basic',
npm warn cleanup     [Error: ENOTEMPTY: directory not empty, rmdir '/workspace/worldatlas-hierarchy-install/node_modules/http-basic/node_modules/readable-stream'] {
npm warn cleanup       errno: -39,
npm warn cleanup       code: 'ENOTEMPTY',
npm warn cleanup       syscall: 'rmdir',
npm warn cleanup       path: '/workspace/worldatlas-hierarchy-install/node_modules/http-basic/node_modules/readable-stream'
npm warn cleanup     }
npm warn cleanup   ],
npm warn cleanup   [
npm warn cleanup     '/workspace/worldatlas-hierarchy-install/node_modules/zod',
npm warn cleanup     [Error: ENOTEMPTY: directory not empty, rmdir '/workspace/worldatlas-hierarchy-install/node_modules/zod/src/v4'] {
npm warn cleanup       errno: -39,
npm warn cleanup       code: 'ENOTEMPTY',
npm warn cleanup       syscall: 'rmdir',
npm warn cleanup       path: '/workspace/worldatlas-hierarchy-install/node_modules/zod/src/v4'
npm warn cleanup     }
npm warn cleanup   ],
npm warn cleanup   [
npm warn cleanup     '/workspace/worldatlas-hierarchy-install/node_modules/unenv',
npm warn cleanup     [Error: ENOTEMPTY: directory not empty, rmdir '/workspace/worldatlas-hierarchy-install/node_modules/unenv/dist/runtime/node'] {
npm warn cleanup       errno: -39,
npm warn cleanup       code: 'ENOTEMPTY',
npm warn cleanup       syscall: 'rmdir',
npm warn cleanup       path: '/workspace/worldatlas-hierarchy-install/node_modules/unenv/dist/runtime/node'
npm warn cleanup     }
npm warn cleanup   ]
npm warn cleanup ]
npm warn tar TAR_ENTRY_ERROR ENOENT: no such file or directory, open '/workspace/worldatlas-hierarchy-install/node_modules/concat-stream/node_modules/readable-stream/experimentalWarning.js'
npm warn tar TAR_ENTRY_ERROR ENOENT: no such file or directory, lstat '/workspace/worldatlas-hierarchy-install/node_modules/@neon/config/dist'
npm warn tar TAR_ENTRY_ERROR ENOENT: no such file or directory, lstat '/workspace/worldatlas-hierarchy-install/node_modules/@bokuweb/zstd-wasm/dist'
npm warn tar TAR_ENTRY_ERROR ENOENT: no such file or directory, lstat '/workspace/worldatlas-hierarchy-install/node_modules/@ngageoint/geopackage/dist/lib/tiles/user'
npm warn tar TAR_ENTRY_ERROR ENOENT: no such file or directory, lstat '/workspace/worldatlas-hierarchy-install/node_modules/concat-stream/node_modules/readable-stream/lib'
npm warn tar TAR_ENTRY_ERROR ENOENT: no such file or directory, lstat '/workspace/worldatlas-hierarchy-install/node_modules/@inquirer/external-editor/node_modules/iconv-lite/encodings'
npm warn tar TAR_ENTRY_ERROR ENOENT: no such file or directory, lstat '/workspace/worldatlas-hierarchy-install/node_modules/zarrita/dist'
npm warn tar TAR_ENTRY_ERROR ENOENT: no such file or directory, lstat '/workspace/worldatlas-hierarchy-install/node_modules/leaflet/src'
npm warn tar TAR_ENTRY_ERROR ENOENT: no such file or directory, lstat '/workspace/worldatlas-hierarchy-install/node_modules/@neon/config/dist'
npm warn tar TAR_ENTRY_ERROR ENOENT: no such file or directory, lstat '/workspace/worldatlas-hierarchy-install/node_modules/@bokuweb/zstd-wasm/dist'
npm warn tar TAR_ENTRY_ERROR ENOENT: no such file or directory, lstat '/workspace/worldatlas-hierarchy-install/node_modules/concat-stream/node_modules/readable-stream/lib'
npm warn tar TAR_ENTRY_ERROR ENOENT: no such file or directory, lstat '/workspace/worldatlas-hierarchy-install/node_modules/@inquirer/external-editor/node_modules/iconv-lite/encodings'
npm warn tar TAR_ENTRY_ERROR ENOENT: no such file or directory, lstat '/workspace/worldatlas-hierarchy-install/node_modules/zarrita/dist'
npm warn tar TAR_ENTRY_ERROR ENOENT: no such file or directory, lstat '/workspace/worldatlas-hierarchy-install/node_modules/leaflet/src'
npm warn tar TAR_ENTRY_ERROR ENOENT: no such file or directory, lstat '/workspace/worldatlas-hierarchy-install/node_modules/mapshaper/www'
npm error code ENOENT
npm error syscall mkdir
npm error path /home/agent/.npm/_cacache
npm error errno -2
npm error enoent ENOENT: no such file or directory, mkdir '/home/agent/.npm/_cacache'
npm error enoent This is related to npm not being able to find a file.
npm error enoent
npm notice
npm notice New major version of npm available! 11.9.0 -> 12.2.0
npm notice Changelog: https://github.com/npm/cli/releases/tag/v12.2.0
npm notice To update run: npm install -g npm@12.2.0
npm notice
npm error Log files were not written due to an error writing to the directory: /home/agent/.npm/_logs
npm error You can rerun the command with `--loglevel=verbose` to see the logs in your terminal
