{"features":[{"geometry":{"coordinates":[[[12.807066917,-4.804152966],[12.812170982,-4.795020103],[12.815154076,-4.785819054],[12.817448616,-4.782368183],[12.818369865,-4.781908035],[12.821578979,-4.780299187],[12.831219673,-4.774321079],[12.833971024,-4.770641804],[12.836726189,-4.764661789],[12.836496353,-4.759828091],[12.839479446,-4.755228043],[12.847052574,-4.753622055],[12.85829258,-4.75500679],[12.857147217,-4.751324177],[12.860590935,-4.741202831],[12.863108635,-4.739132881],[12.867473602,-4.739134789],[12.867593765,-4.739120007],[12.872750282,-4.738447189],[12.876649857,-4.733386993],[12.879860878,-4.732235909],[12.892020226,-4.731781006],[12.898449898,-4.734314919],[12.91427803,-4.734551907],[12.923456192,-4.732254982],[12.943188667,-4.722137928],[12.955349922,-4.719379902],[12.961543083,-4.715470791],[12.967279434,-4.713630199],[12.97439003,-4.710411072],[12.975309372,-4.709952831],[12.98609066,-4.703052044],[12.987618446,-4.702619076],[12.988563538,-4.702649117],[12.989338875,-4.702983856],[12.990888596,-4.703518867],[12.992209435,-4.703686237],[12.99355793,-4.703407764],[12.995511055,-4.703132153],[13.00883007,-4.69966507],[13.014567375,-4.700342178],[13.02144146,-4.697103977],[13.028788567,-4.69520998],[13.034967422,-4.693618774],[13.051449776,-4.680922031],[13.059009552,-4.678602219],[13.083359718,-4.689353943],[13.09207058,-4.688411236],[13.097579956,-4.68931818],[13.10696125,-4.680550098],[13.109678268,-4.668575764],[13.10460186,-4.658698082],[13.105730057,-4.6508708],[13.103878975,-4.646503925],[13.102502823,-4.646506786],[13.099291801,-4.646515846],[13.096763611,-4.644719124],[13.062840462,-4.620606899],[13.06090641,-4.619232178],[13.059313774,-4.618523121],[13.05218029,-4.61534214],[13.043744087,-4.6103158],[13.013349533,-4.592199802],[13.00344944,-4.579105854],[12.986142159,-4.541413784],[12.964063644,-4.519377232],[12.962579727,-4.518220901],[12.950503349,-4.508823872],[12.90612793,-4.467510223],[12.903731346,-4.423085213],[12.903409004,-4.417125225],[12.902990341,-4.409300804],[12.895198822,-4.40955019],[12.892576218,-4.410048008],[12.867001534,-4.414906025],[12.813120842,-4.419400215],[12.794605255,-4.398663998],[12.785923004,-4.38893795],[12.780929565,-4.383344173],[12.777486801,-4.381365776],[12.765771866,-4.374630928],[12.7647686,-4.374489784],[12.751319885,-4.372591019],[12.74912262,-4.37398386],[12.743300438,-4.377670765],[12.734380722,-4.38597393],[12.727991104,-4.399795055],[12.723678589,-4.417292118],[12.723011017,-4.426958084],[12.725469589,-4.435740948],[12.726490974,-4.439376831],[12.735439301,-4.457789898],[12.737548828,-4.462133884],[12.745828629,-4.471549034],[12.753868103,-4.477055073],[12.760083199,-4.486017227],[12.75549984,-4.488098145],[12.737620354,-4.490205765],[12.734572411,-4.489616871],[12.703428268,-4.483605862],[12.697291374,-4.483455181],[12.693528175,-4.483364105],[12.685997963,-4.483181953],[12.671687126,-4.485771179],[12.662843704,-4.487370968],[12.658267021,-4.491751194],[12.646397591,-4.515474796],[12.629248619,-4.53828907],[12.625725746,-4.54466486],[12.638606071,-4.557804108],[12.64124012,-4.560978889],[12.641559601,-4.560915947],[12.642959595,-4.562667847],[12.663485527,-4.582670212],[12.684008598,-4.601839066],[12.692461967,-4.610304832],[12.704536438,-4.622395992],[12.703701973,-4.64350605],[12.701764107,-4.666003227],[12.707030296,-4.687390804],[12.717289925,-4.709056854],[12.735038757,-4.731556892],[12.756110191,-4.752667904],[12.776906013,-4.772393227],[12.790624619,-4.787237167],[12.790543556,-4.78734684],[12.807066917,-4.804152966]]],"type":"Polygon"},"properties":{"shapeGroup":"AGO","shapeID":"16411231B22766430211667","shapeISO":"","shapeName":"Belize","shapeType":"ADM2"},"type":"Feature"},{"geometry":{"coordinates":[[[12.467087746,-5.09076786],[12.419381142,-5.13096714],[12.398892403,-5.148346901],[12.379319191,-5.15601778],[12.376671791,-5.161661148],[12.36614418,-5.164714813],[12.355067253,-5.167768002],[12.347312927,-5.173596859],[12.33900547,-5.178868771],[12.326539993,-5.179699898],[12.319616318,-5.179419994],[12.319099426,-5.179431915],[12.307426453,-5.179696083],[12.297734261,-5.183581829],[12.289147377,-5.18858099],[12.28222847,-5.195244789],[12.27503109,-5.202460766],[12.269221306,-5.210515022],[12.265351295,-5.220508099],[12.265081406,-5.2335639],[12.264810562,-5.240502834],[12.258999825,-5.249114037],[12.251807213,-5.255776882],[12.244887352,-5.26243782],[12.235754967,-5.266880035],[12.224677086,-5.267712116],[12.222185135,-5.265488148],[12.220799446,-5.266877174],[12.167881966,-5.278997898],[12.160417557,-5.281386852],[12.160417557,-5.28152895],[12.160693169,-5.28152895],[12.160693169,-5.281804085],[12.160973549,-5.281804085],[12.160973549,-5.282361031],[12.161249161,-5.282361031],[12.161249161,-5.282639027],[12.16152668,-5.282639027],[12.16152668,-5.282917023],[12.161806107,-5.282917023],[12.161806107,-5.283195019],[12.162083626,-5.283195019],[12.162083626,-5.283751011],[12.162362099,-5.283751011],[12.162362099,-5.2840271],[12.162639618,-5.2840271],[12.162639618,-5.284583092],[12.162918091,-5.284583092],[12.162918091,-5.285139084],[12.163193703,-5.285139084],[12.163193703,-5.28541708],[12.163472176,-5.28541708],[12.163472176,-5.285973072],[12.163749695,-5.285973072],[12.163749695,-5.286527157],[12.164028168,-5.286527157],[12.164028168,-5.287083149],[12.164305687,-5.287083149],[12.164305687,-5.287361145],[12.16458416,-5.287361145],[12.16458416,-5.287639141],[12.164861679,-5.287639141],[12.164861679,-5.287917137],[12.165140152,-5.287917137],[12.165140152,-5.288195133],[12.165415764,-5.288195133],[12.165415764,-5.288473129],[12.165694237,-5.288473129],[12.165694237,-5.289861202],[12.165971756,-5.289861202],[12.165971756,-5.290139198],[12.166250229,-5.290139198],[12.166250229,-5.290417194],[12.166527748,-5.290417194],[12.166527748,-5.290970802],[12.166806221,-5.290970802],[12.166806221,-5.291526794],[12.16708374,-5.291526794],[12.16708374,-5.292082787],[12.167362213,-5.292082787],[12.167362213,-5.292360783],[12.167637825,-5.292360783],[12.167637825,-5.292916775],[12.167916298,-5.292916775],[12.167916298,-5.293192863],[12.168193817,-5.293192863],[12.168193817,-5.29347086],[12.16847229,-5.29347086],[12.16847229,-5.294304848],[12.168749809,-5.294304848],[12.168749809,-5.294861794],[12.169028282,-5.294861794],[12.169028282,-5.29513979],[12.169305801,-5.29513979],[12.169305801,-5.295692921],[12.169584274,-5.295692921],[12.169584274,-5.296805859],[12.169859886,-5.296805859],[12.169859886,-5.297361851],[12.170430183,-5.297357082],[12.170415878,-5.298193932],[12.170737267,-5.298178196],[12.170694351,-5.298749924],[12.17097187,-5.298749924],[12.17097187,-5.299305916],[12.171160698,-5.299305916],[12.171250343,-5.299305916],[12.171250343,-5.299861908],[12.171368599,-5.299861908],[12.171527863,-5.299861908],[12.171527863,-5.300139904],[12.171806335,-5.300139904],[12.171806335,-5.300693989],[12.172081947,-5.300693989],[12.172081947,-5.300971985],[12.172362328,-5.300971985],[12.172362328,-5.301527977],[12.172637939,-5.301527977],[12.172637939,-5.302083969],[12.172916412,-5.302083969],[12.172916412,-5.302360058],[12.173193932,-5.302360058],[12.173193932,-5.30291605],[12.173472404,-5.30291605],[12.173472404,-5.303472042],[12.173749924,-5.303472042],[12.173749924,-5.306204796],[12.173749924,-5.306362152],[12.173749924,-5.307638168],[12.17402935,-5.307638168],[12.17402935,-5.308195114],[12.17430687,-5.308195114],[12.17430687,-5.30847311],[12.174581528,-5.30847311],[12.174581528,-5.309029102],[12.174860001,-5.309029102],[12.174860001,-5.309307098],[12.175138474,-5.309307098],[12.175138474,-5.309583187],[12.175416946,-5.309583187],[12.175416946,-5.310139179],[12.175695419,-5.310139179],[12.175695419,-5.310417175],[12.175972939,-5.310417175],[12.175972939,-5.310973167],[12.176251411,-5.310973167],[12.176251411,-5.311251163],[12.176528931,-5.311251163],[12.176528931,-5.311804771],[12.176804543,-5.311804771],[12.176804543,-5.312360764],[12.177083015,-5.312360764],[12.177083015,-5.312639236],[12.177360535,-5.312639236],[12.177360535,-5.313473225],[12.177639008,-5.313473225],[12.177639008,-5.314026833],[12.177916527,-5.314026833],[12.177916527,-5.314304829],[12.178195,-5.314304829],[12.178195,-5.314860821],[12.178473473,-5.314860821],[12.178473473,-5.315694809],[12.178750992,-5.315694809],[12.178750992,-5.316248894],[12.179026604,-5.316248894],[12.179026604,-5.317360878],[12.179306984,-5.317360878],[12.179306984,-5.324028015],[12.179026604,-5.324028015],[12.179026604,-5.324862003],[12.178750992,-5.324862003],[12.178750992,-5.325694084],[12.178473473,-5.325694084],[12.178473473,-5.326250076],[12.178195,-5.326250076],[12.178195,-5.326528072],[12.177916527,-5.326528072],[12.177916527,-5.326806068],[12.177639008,-5.326806068],[12.177639008,-5.327084064],[12.177360535,-5.327084064],[12.177360535,-5.327640057],[12.177083015,-5.327640057],[12.177083015,-5.327916145],[12.176804543,-5.327916145],[12.176804543,-5.328194141],[12.176528931,-5.328194141],[12.176528931,-5.328472137],[12.176251411,-5.328472137],[12.176251411,-5.328750134],[12.175972939,-5.328750134],[12.175972939,-5.32902813],[12.175695419,-5.32902813],[12.175695419,-5.329584122],[12.175416946,-5.329584122],[12.175416946,-5.329862118],[12.175138474,-5.329862118],[12.175138474,-5.330138206],[12.174860001,-5.330138206],[12.174860001,-5.330416203],[12.17430687,-5.330416203],[12.17430687,-5.330694199],[12.172916412,-5.330694199],[12.172916412,-5.330972195],[12.171250343,-5.330972195],[12.171250343,-5.330694199],[12.170415878,-5.330694199],[12.170415878,-5.330416203],[12.169859886,-5.330416203],[12.169859886,-5.330138206],[12.169584274,-5.330138206],[12.169584274,-5.329862118],[12.169305801,-5.329862118],[12.169305801,-5.329584122],[12.168749809,-5.329584122],[12.168749809,-5.329508781],[12.168749809,-5.329306126],[12.16862011,-5.329306126],[12.167916298,-5.329306126],[12.167916298,-5.329584122],[12.167637825,-5.329584122],[12.167637825,-5.330416203],[12.167916298,-5.330416203],[12.167916298,-5.330972195],[12.168193817,-5.330972195],[12.168193817,-5.331250191],[12.16847229,-5.331250191],[12.16847229,-5.331806183],[12.168749809,-5.331806183],[12.168749809,-5.332081795],[12.169028282,-5.332081795],[12.169028282,-5.332637787],[12.169305801,-5.332637787],[12.169305801,-5.333193779],[12.169584274,-5.333193779],[12.169584274,-5.333749771],[12.169859886,-5.333749771],[12.169859886,-5.334307194],[12.170140266,-5.334307194],[12.170140266,-5.335137844],[12.170415878,-5.335137844],[12.170415878,-5.335416794],[12.170694351,-5.335416794],[12.170694351,-5.335972786],[12.17097187,-5.335972786],[12.17097187,-5.336250782],[12.171250343,-5.336250782],[12.171250343,-5.336528778],[12.171527863,-5.336528778],[12.171527863,-5.337360859],[12.171806335,-5.337360859],[12.171806335,-5.337916851],[12.172081947,-5.337916851],[12.172081947,-5.338472843],[12.172362328,-5.338472843],[12.172362328,-5.33958292],[12.172637939,-5.33958292],[12.172637939,-5.339860916],[12.172916412,-5.339860916],[12.172916412,-5.340138912],[12.173193932,-5.340138912],[12.173193932,-5.3409729],[12.173472404,-5.3409729],[12.173472404,-5.341804981],[12.173749924,-5.341804981],[12.173749924,-5.342082977],[12.17402935,-5.342082977],[12.17402935,-5.342360973],[12.17430687,-5.342360973],[12.17430687,-5.343194962],[12.174581528,-5.343194962],[12.174581528,-5.343749046],[12.174860001,-5.343749046],[12.174860001,-5.344027042],[12.175138474,-5.344027042],[12.175138474,-5.344861031],[12.175416946,-5.344861031],[12.175416946,-5.345417023],[12.175695419,-5.345417023],[12.175695419,-5.345695019],[12.175972939,-5.345695019],[12.175972939,-5.3465271],[12.176251411,-5.3465271],[12.176251411,-5.346805096],[12.176528931,-5.346805096],[12.176528931,-5.347361088],[12.176804543,-5.347361088],[12.176804543,-5.34819603],[12.177083015,-5.34819603],[12.177083015,-5.349028111],[12.177360535,-5.349028111],[12.177360535,-5.349584103],[12.177639008,-5.349584103],[12.177639008,-5.35069418],[12.177916527,-5.35069418],[12.177916527,-5.352915764],[12.178195,-5.352915764],[12.178195,-5.353472233],[12.178473473,-5.353472233],[12.178473473,-5.354028225],[12.178750992,-5.354028225],[12.178750992,-5.354862213],[12.179026604,-5.354862213],[12.179026604,-5.355693817],[12.179306984,-5.355693817],[12.179306984,-5.356249809],[12.179582596,-5.356249809],[12.179582596,-5.357361794],[12.179861069,-5.357361794],[12.179861069,-5.357637882],[12.180138588,-5.357637882],[12.180138588,-5.35847187],[12.180417061,-5.35847187],[12.180417061,-5.359305859],[12.18069458,-5.359305859],[12.18069458,-5.359583855],[12.180973053,-5.359583855],[12.180973053,-5.360137939],[12.181248665,-5.360137939],[12.181248665,-5.360415936],[12.181529045,-5.360415936],[12.181529045,-5.360971928],[12.181804657,-5.360971928],[12.181804657,-5.361804008],[12.18208313,-5.361804008],[12.18208313,-5.36263895],[12.182360649,-5.36263895],[12.182360649,-5.363194942],[12.182639122,-5.363194942],[12.182639122,-5.363750935],[12.182916641,-5.363750935],[12.182916641,-5.364028931],[12.183195114,-5.364028931],[12.183195114,-5.364305019],[12.183472633,-5.364305019],[12.183472633,-5.364861012],[12.183749199,-5.364861012],[12.183749199,-5.365139008],[12.184026718,-5.365139008],[12.184026718,-5.365695],[12.184305191,-5.365695],[12.184305191,-5.366250992],[12.18458271,-5.366250992],[12.18458271,-5.366805077],[12.184861183,-5.366805077],[12.184861183,-5.367639065],[12.185138702,-5.367639065],[12.185138702,-5.367917061],[12.185415268,-5.367917061],[12.185415268,-5.368473053],[12.185694695,-5.368473053],[12.185694695,-5.368751049],[12.18597126,-5.368751049],[12.18597126,-5.369305134],[12.186248779,-5.369305134],[12.186248779,-5.369861126],[12.186527252,-5.369861126],[12.186527252,-5.370417118],[12.186804771,-5.370417118],[12.186804771,-5.370971203],[12.187083244,-5.370971203],[12.187083244,-5.371527195],[12.187360764,-5.371527195],[12.187360764,-5.372083187],[12.18764019,-5.372083187],[12.18764019,-5.372639179],[12.187917709,-5.372639179],[12.187917709,-5.373192787],[12.188193321,-5.373192787],[12.188193321,-5.374026775],[12.18847084,-5.374026775],[12.18847084,-5.374862194],[12.188749313,-5.374862194],[12.188749313,-5.375418186],[12.189027786,-5.375418186],[12.189027786,-5.37597084],[12.189306259,-5.37597084],[12.189306259,-5.37624979],[12.189583778,-5.37624979],[12.189583778,-5.377083778],[12.189862251,-5.377083778],[12.189862251,-5.377639771],[12.190139771,-5.377639771],[12.190139771,-5.378749847],[12.190416336,-5.378749847],[12.190416336,-5.379027843],[12.190695763,-5.379027843],[12.190695763,-5.379583836],[12.190972328,-5.379583836],[12.190972328,-5.379861832],[12.191249847,-5.379861832],[12.191249847,-5.380415916],[12.19152832,-5.380415916],[12.19152832,-5.381249905],[12.19180584,-5.381249905],[12.19180584,-5.382083893],[12.192084312,-5.382083893],[12.192084312,-5.382637978],[12.192361832,-5.382637978],[12.192361832,-5.382915974],[12.192640305,-5.382915974],[12.192640305,-5.383471966],[12.192915916,-5.383471966],[12.192915916,-5.38458395],[12.193194389,-5.38458395],[12.193194389,-5.385138035],[12.193471909,-5.385138035],[12.193471909,-5.386528015],[12.193750381,-5.386528015],[12.193750381,-5.387360096],[12.194027901,-5.387360096],[12.194027901,-5.387916088],[12.194306374,-5.387916088],[12.194306374,-5.388473034],[12.194583893,-5.388473034],[12.194583893,-5.389029026],[12.194862366,-5.389029026],[12.194862366,-5.390139103],[12.195137978,-5.390139103],[12.195137978,-5.390417099],[12.195416451,-5.390417099],[12.195416451,-5.390973091],[12.19569397,-5.390973091],[12.19569397,-5.392083168],[12.195972443,-5.392083168],[12.195972443,-5.392917156],[12.196249962,-5.392917156],[12.196249962,-5.393473148],[12.196528435,-5.393473148],[12.196528435,-5.393751144],[12.196805954,-5.393751144],[12.196805954,-5.394027233],[12.197084427,-5.394027233],[12.197084427,-5.396248817],[12.197360039,-5.396248817],[12.197360039,-5.39680481],[12.197637558,-5.39680481],[12.197637558,-5.397082806],[12.197916031,-5.397082806],[12.197916031,-5.397360802],[12.19819355,-5.397360802],[12.19819355,-5.397638798],[12.198472023,-5.397638798],[12.198472023,-5.39819479],[12.198749542,-5.39819479],[12.198749542,-5.399026871],[12.199028015,-5.399026871],[12.199028015,-5.399582863],[12.199305534,-5.399582863],[12.199305534,-5.399860859],[12.1995821,-5.399860859],[12.1995821,-5.40069294],[12.199863434,-5.40069294],[12.199863434,-5.401526928],[12.200138092,-5.401526928],[12.200138092,-5.401804924],[12.200415611,-5.401804924],[12.200415611,-5.402639866],[12.200694084,-5.402639866],[12.200694084,-5.403192997],[12.200971603,-5.403192997],[12.200971603,-5.404027939],[12.20125103,-5.404027939],[12.20125103,-5.404305935],[12.201528549,-5.404305935],[12.201528549,-5.404861927],[12.201804161,-5.404861927],[12.201804161,-5.405694008],[12.202084541,-5.405694008],[12.202084541,-5.406805992],[12.202360153,-5.406805992],[12.202360153,-5.407361984],[12.202638626,-5.407361984],[12.202638626,-5.40763998],[12.202917099,-5.40763998],[12.202917099,-5.407916069],[12.203194618,-5.407916069],[12.203194618,-5.408472061],[12.203473091,-5.408472061],[12.203473091,-5.409306049],[12.20375061,-5.409306049],[12.20375061,-5.409862041],[12.204029083,-5.409862041],[12.204029083,-5.410972118],[12.204304695,-5.410972118],[12.204304695,-5.411528111],[12.204583168,-5.411528111],[12.204583168,-5.412082195],[12.204860687,-5.412082195],[12.204860687,-5.412360191],[12.20513916,-5.412360191],[12.20513916,-5.412638187],[12.205416679,-5.412638187],[12.205416679,-5.413750172],[12.205695152,-5.413750172],[12.205695152,-5.414307117],[12.205972672,-5.414307117],[12.205972672,-5.414859772],[12.206251144,-5.414859772],[12.206251144,-5.415415764],[12.206526756,-5.415415764],[12.206526756,-5.416251183],[12.206805229,-5.416251183],[12.206805229,-5.417360783],[12.207082748,-5.417360783],[12.207082748,-5.417638779],[12.207361221,-5.417638779],[12.207361221,-5.418472767],[12.207638741,-5.418472767],[12.207638741,-5.419304848],[12.207917213,-5.419304848],[12.207917213,-5.41986084],[12.208194733,-5.41986084],[12.208194733,-5.420416832],[12.208473206,-5.420416832],[12.208473206,-5.421526909],[12.208748817,-5.421526909],[12.208748817,-5.422082901],[12.209029198,-5.422082901],[12.209029198,-5.423472881],[12.20930481,-5.423472881],[12.20930481,-5.424026966],[12.209583282,-5.424026966],[12.209583282,-5.424582958],[12.209860802,-5.424582958],[12.209860802,-5.425416946],[12.210139275,-5.425416946],[12.210139275,-5.426527023],[12.210416794,-5.426527023],[12.210416794,-5.427361012],[12.210695267,-5.427361012],[12.210695267,-5.428749084],[12.210970879,-5.428749084],[12.210970879,-5.429862022],[12.211251259,-5.429862022],[12.211251259,-5.431250095],[12.211526871,-5.431250095],[12.211526871,-5.43236208],[12.211805344,-5.43236208],[12.211805344,-5.433472157],[12.212082863,-5.433472157],[12.212082863,-5.435694218],[12.212361336,-5.435694218],[12.212361336,-5.436528206],[12.212638855,-5.436528206],[12.212638855,-5.437362194],[12.212917328,-5.437362194],[12.212917328,-5.438193798],[12.213194847,-5.438193798],[12.213194847,-5.43874979],[12.213471413,-5.43874979],[12.213471413,-5.439859867],[12.213748932,-5.439859867],[12.213748932,-5.440415859],[12.214027405,-5.440415859],[12.214027405,-5.440971851],[12.214304924,-5.440971851],[12.214304924,-5.44263792],[12.214583397,-5.44263792],[12.214583397,-5.444028854],[12.21486187,-5.444028854],[12.21486187,-5.444304943],[12.215136528,-5.444304943],[12.215140343,-5.445138931],[12.215417862,-5.445138931],[12.215417862,-5.445972919],[12.215693474,-5.445972919],[12.215693474,-5.446528912],[12.215970993,-5.446528912],[12.215970993,-5.448194981],[12.21625042,-5.448194981],[12.21625042,-5.448472977],[12.216527939,-5.448472977],[12.216527939,-5.449027061],[12.216806412,-5.449027061],[12.216806412,-5.450417042],[12.217083931,-5.450417042],[12.217083931,-5.450971127],[12.217362404,-5.450971127],[12.217362404,-5.451527119],[12.217639923,-5.451527119],[12.217639923,-5.452917099],[12.217915535,-5.452917099],[12.217915535,-5.453471184],[12.218194008,-5.453471184],[12.218194008,-5.45374918],[12.218471527,-5.45374918],[12.218471527,-5.455140114],[12.21875,-5.455140114],[12.21875,-5.455692768],[12.219028473,-5.455696106],[12.219028473,-5.456249237],[12.219305992,-5.456249237],[12.219305992,-5.456806183],[12.219584465,-5.456806183],[12.219584465,-5.457640171],[12.219861984,-5.457640171],[12.219861984,-5.458471775],[12.220137596,-5.458471775],[12.220137596,-5.459305763],[12.220417976,-5.459305763],[12.220417976,-5.459584236],[12.220693588,-5.459584236],[12.220693588,-5.46041584],[12.220972061,-5.46041584],[12.220972061,-5.460971832],[12.22124958,-5.460971832],[12.22124958,-5.461527824],[12.221528053,-5.461527824],[12.221528053,-5.46180582],[12.221805573,-5.46180582],[12.221805573,-5.462359905],[12.222084045,-5.462361813],[12.222084045,-5.462915897],[12.222361565,-5.462915897],[12.222361565,-5.463749886],[12.22263813,-5.463749886],[12.22263813,-5.464305878],[12.222915649,-5.464305878],[12.222915649,-5.467340946],[12.222915649,-5.468194008],[12.223194122,-5.468194008],[12.223194122,-5.46902895],[12.223471642,-5.46902895],[12.223471642,-5.470139027],[12.223750114,-5.470139027],[12.223750114,-5.471251011],[12.224027634,-5.471251011],[12.224027634,-5.472639084],[12.224306107,-5.472639084],[12.224306107,-5.473195076],[12.224583626,-5.473195076],[12.224583626,-5.473473072],[12.224860191,-5.473473072],[12.224860191,-5.474861145],[12.225137711,-5.474861145],[12.225137711,-5.476251125],[12.225416183,-5.476251125],[12.225416183,-5.477083206],[12.225693703,-5.477083206],[12.225693703,-5.477917194],[12.225972176,-5.477917194],[12.225972176,-5.479026794],[12.226249695,-5.479026794],[12.226249695,-5.479582787],[12.226528168,-5.479582787],[12.226528168,-5.48097086],[12.226805687,-5.48097086],[12.226805687,-5.482082844],[12.227082253,-5.482082844],[12.227082253,-5.482917786],[12.227359772,-5.482917786],[12.227359772,-5.483749866],[12.227638245,-5.483749866],[12.227638245,-5.484583855],[12.227915764,-5.484583855],[12.227915764,-5.48652792],[12.228194237,-5.48652792],[12.228194237,-5.487915993],[12.22847271,-5.487915993],[12.22847271,-5.489027977],[12.228751183,-5.489027977],[12.228751183,-5.489583969],[12.22847271,-5.489583969],[12.22847271,-5.489860058],[12.228751183,-5.489860058],[12.228751183,-5.490972042],[12.229028702,-5.490972042],[12.229028702,-5.492082119],[12.229304314,-5.492084026],[12.229304314,-5.493472099],[12.229584694,-5.493472099],[12.229584694,-5.494306087],[12.229861259,-5.494306087],[12.229861259,-5.496066093],[12.229861259,-5.496251106],[12.230138779,-5.496251106],[12.230138779,-5.500695229],[12.230417252,-5.500695229],[12.230417252,-5.501526833],[12.230694771,-5.501526833],[12.230694771,-5.504860878],[12.230973244,-5.504860878],[12.230973244,-5.506526947],[12.231250763,-5.506526947],[12.231250763,-5.508471012],[12.231527328,-5.508473873],[12.231529236,-5.510693073],[12.231806755,-5.510693073],[12.231806755,-5.511528015],[12.232083321,-5.511528015],[12.232083321,-5.513750076],[12.23236084,-5.513750076],[12.23236084,-5.515416145],[12.232639313,-5.515416145],[12.232639313,-5.517362118],[12.232916832,-5.517362118],[12.232916832,-5.530694962],[12.232639313,-5.530694962],[12.232639313,-5.532917023],[12.23236084,-5.532917023],[12.23236084,-5.534861088],[12.232083321,-5.534861088],[12.232083321,-5.536527157],[12.231806755,-5.536527157],[12.231806755,-5.537084103],[12.231529236,-5.537084103],[12.231527328,-5.538472176],[12.231250763,-5.538472176],[12.231250763,-5.539028168],[12.230973244,-5.539028168],[12.230973244,-5.539862156],[12.230694771,-5.539862156],[12.230694771,-5.541528225],[12.230417252,-5.541528225],[12.230417252,-5.542362213],[12.230138779,-5.542362213],[12.230138779,-5.543193817],[12.229861259,-5.543193817],[12.229861259,-5.543749809],[12.229584694,-5.543749809],[12.229584694,-5.544583797],[12.229304314,-5.544583797],[12.229304314,-5.545137882],[12.229028702,-5.545137882],[12.229028702,-5.545693874],[12.228751183,-5.545693874],[12.228751183,-5.54597187],[12.22847271,-5.54597187],[12.22847271,-5.546527863],[12.228194237,-5.546527863],[12.228194237,-5.546805859],[12.227915764,-5.546805859],[12.227915764,-5.547359943],[12.227638245,-5.547361851],[12.227638245,-5.547637939],[12.227359772,-5.547637939],[12.227359772,-5.548193932],[12.227082253,-5.548193932],[12.227082253,-5.548471928],[12.226805687,-5.548471928],[12.226805687,-5.548749924],[12.226528168,-5.548749924],[12.226528168,-5.549028873],[12.226249695,-5.549028873],[12.226249695,-5.549582005],[12.225972176,-5.549582005],[12.225972176,-5.549860001],[12.225693703,-5.549860001],[12.225693703,-5.550137997],[12.225416183,-5.550137997],[12.225416183,-5.550416946],[12.225137711,-5.550416946],[12.225137711,-5.550694942],[12.224860191,-5.550694942],[12.224860191,-5.550972939],[12.224583626,-5.550972939],[12.224583626,-5.551250935],[12.224306107,-5.551250935],[12.224306107,-5.552083015],[12.224027634,-5.552083015],[12.224027634,-5.552361012],[12.223750114,-5.552361012],[12.223750114,-5.552639008],[12.223471642,-5.552639008],[12.223471642,-5.552917004],[12.222915649,-5.552917004],[12.222915649,-5.553195],[12.22263813,-5.553195],[12.22263813,-5.553472996],[12.222084045,-5.553472996],[12.222084045,-5.553750992],[12.221528053,-5.553750992],[12.221528053,-5.554027081],[12.22124958,-5.554028988],[12.22124958,-5.554305077],[12.220972061,-5.554305077],[12.220972061,-5.554583073],[12.220693588,-5.554583073],[12.220693588,-5.554861069],[12.220417976,-5.554861069],[12.220417976,-5.555139065],[12.219861984,-5.555139065],[12.219861984,-5.555417061],[12.219584465,-5.555417061],[12.219584465,-5.555695057],[12.219028473,-5.555695057],[12.219028473,-5.555973053],[12.21875,-5.555973053],[12.21875,-5.556251049],[12.217362404,-5.556251049],[12.217362404,-5.556527138],[12.214304924,-5.556527138],[12.214304924,-5.556805134],[12.213748932,-5.556805134],[12.213748932,-5.55708313],[12.212917328,-5.55708313],[12.212917328,-5.557361126],[12.212361336,-5.557361126],[12.212361336,-5.557639122],[12.210970879,-5.557639122],[12.210970879,-5.557917118],[12.209583282,-5.557917118],[12.209583282,-5.557639122],[12.208473206,-5.557639122],[12.208473206,-5.557361126],[12.207082748,-5.557361126],[12.207082748,-5.55708313],[12.206805229,-5.55708313],[12.206805229,-5.556805134],[12.205695152,-5.556805134],[12.205695152,-5.556527138],[12.204860687,-5.556527138],[12.204860687,-5.556251049],[12.204583168,-5.556251049],[12.204583168,-5.555973053],[12.20375061,-5.555973053],[12.20375061,-5.555695057],[12.202360153,-5.555695057],[12.202360153,-5.555417061],[12.20125103,-5.555417061],[12.20125103,-5.555139065],[12.200971603,-5.555139065],[12.200971603,-5.554861069],[12.200694084,-5.554861069],[12.200694084,-5.554583073],[12.200138092,-5.554583073],[12.200138092,-5.554305077],[12.199863434,-5.554305077],[12.199863434,-5.554028988],[12.199305534,-5.554027081],[12.199305534,-5.553750992],[12.198472023,-5.553750992],[12.198472023,-5.553472996],[12.197916031,-5.553472996],[12.197916031,-5.553195],[12.197637558,-5.553195],[12.197637558,-5.552639008],[12.197360039,-5.552639008],[12.197360039,-5.552361012],[12.197084427,-5.552361012],[12.197084427,-5.552163124],[12.197084427,-5.552083015],[12.196528435,-5.552083015],[12.196528435,-5.551805019],[12.196249962,-5.551805019],[12.196249962,-5.551528931],[12.195972443,-5.551528931],[12.195972443,-5.551250935],[12.195137978,-5.551250935],[12.195137978,-5.550972939],[12.194862366,-5.550972939],[12.194862366,-5.550694942],[12.194583893,-5.550694942],[12.194583893,-5.550416946],[12.194027901,-5.550416946],[12.194027901,-5.550137997],[12.193750381,-5.550137997],[12.193750381,-5.549860001],[12.19152832,-5.549860001],[12.19152832,-5.549948215],[12.19152832,-5.550137997],[12.190416336,-5.550137997],[12.190416336,-5.550416946],[12.190139771,-5.550416946],[12.190139771,-5.550694942],[12.186248779,-5.550694942],[12.186248779,-5.550416946],[12.185694695,-5.550416946],[12.185694695,-5.550137997],[12.185415268,-5.550137997],[12.185415268,-5.549860001],[12.184861183,-5.549860001],[12.184861183,-5.549582005],[12.18458271,-5.549582005],[12.18458271,-5.54930687],[12.184305191,-5.54930687],[12.184305191,-5.549028873],[12.183472633,-5.549028873],[12.183472633,-5.54930687],[12.183195114,-5.54930687],[12.183195114,-5.549582005],[12.182916641,-5.549582005],[12.182916641,-5.549860001],[12.182639122,-5.549860001],[12.182639122,-5.550137997],[12.182360649,-5.550137997],[12.182360649,-5.550972939],[12.18208313,-5.550972939],[12.18208313,-5.551528931],[12.181804657,-5.551528931],[12.181804657,-5.552083015],[12.181529045,-5.552083015],[12.181529045,-5.552361012],[12.181248665,-5.552361012],[12.181248665,-5.552639008],[12.180973053,-5.552639008],[12.180973053,-5.553472996],[12.18069458,-5.553472996],[12.18069458,-5.554027081],[12.180417061,-5.554028988],[12.180417061,-5.554861069],[12.180138588,-5.554861069],[12.180138588,-5.555417061],[12.179861069,-5.555417061],[12.179861069,-5.556527138],[12.179582596,-5.556527138],[12.179582596,-5.556805134],[12.179306984,-5.556805134],[12.179306984,-5.55708313],[12.179026604,-5.55708313],[12.179026604,-5.557639122],[12.178750992,-5.557639122],[12.178750992,-5.557917118],[12.178473473,-5.557917118],[12.178473473,-5.559861183],[12.178195,-5.559861183],[12.178195,-5.560692787],[12.177916527,-5.560695171],[12.177916527,-5.560970783],[12.177639008,-5.560970783],[12.177639008,-5.561526775],[12.177360535,-5.561526775],[12.177360535,-5.562360764],[12.177083015,-5.562360764],[12.177083015,-5.563192844],[12.176804543,-5.563192844],[12.176804543,-5.56347084],[12.176528931,-5.56347084],[12.176528931,-5.564027786],[12.176251411,-5.564027786],[12.176251411,-5.564305782],[12.175972939,-5.564305782],[12.175972939,-5.564583778],[12.175416946,-5.564583778],[12.175416946,-5.564861774],[12.175138474,-5.564861774],[12.175138474,-5.565139771],[12.174860001,-5.565139771],[12.174860001,-5.565417767],[12.174581528,-5.565417767],[12.174581528,-5.565693855],[12.17402935,-5.565693855],[12.17402935,-5.565971851],[12.173749924,-5.565971851],[12.173749924,-5.566249847],[12.173472404,-5.566249847],[12.173472404,-5.566527843],[12.173193932,-5.566527843],[12.173193932,-5.56680584],[12.172916412,-5.56680584],[12.172916412,-5.567083836],[12.172637939,-5.567083836],[12.172637939,-5.567361832],[12.172081947,-5.567361832],[12.172081947,-5.567639828],[12.171806335,-5.567639828],[12.171806335,-5.567917824],[12.171527863,-5.567917824],[12.171527863,-5.568471909],[12.171250343,-5.568471909],[12.171250343,-5.568749905],[12.17097187,-5.568749905],[12.17097187,-5.569859982],[12.170694351,-5.569859982],[12.170694351,-5.570415974],[12.170415878,-5.570415974],[12.170415878,-5.57069397],[12.169859886,-5.57069397],[12.169859886,-5.571249962],[12.169584274,-5.571249962],[12.169584274,-5.571527958],[12.169305801,-5.571527958],[12.169305801,-5.57208395],[12.169028282,-5.57208395],[12.169028282,-5.574860096],[12.168749809,-5.574860096],[12.168749809,-5.578751087],[12.16847229,-5.578751087],[12.16847229,-5.580973148],[12.167916298,-5.580973148],[12.167916298,-5.581251144],[12.167637825,-5.581251144],[12.167637825,-5.581527233],[12.167362213,-5.581527233],[12.167362213,-5.582083225],[12.16708374,-5.582083225],[12.16708374,-5.582639217],[12.166806221,-5.582639217],[12.166806221,-5.584026814],[12.166527748,-5.584026814],[12.166527748,-5.58430481],[12.166250229,-5.58430481],[12.166250229,-5.58569479],[12.165971756,-5.58569479],[12.165971756,-5.585972786],[12.165694237,-5.585972786],[12.165694237,-5.586248875],[12.165415764,-5.586248875],[12.165415764,-5.586526871],[12.165140152,-5.586526871],[12.165140152,-5.586804867],[12.164861679,-5.586804867],[12.164861679,-5.587360859],[12.16458416,-5.587360859],[12.16458416,-5.588194847],[12.164305687,-5.588194847],[12.164305687,-5.588748932],[12.164028168,-5.588748932],[12.164028168,-5.58958292],[12.163749695,-5.58958292],[12.163749695,-5.58986187],[12.163472176,-5.58986187],[12.163472176,-5.590139866],[12.163193703,-5.590139866],[12.163193703,-5.590970993],[12.162918091,-5.590970993],[12.162918091,-5.591527939],[12.162639618,-5.591527939],[12.162639618,-5.592083931],[12.162362099,-5.592083931],[12.162362099,-5.592361927],[12.162083626,-5.592361927],[12.162083626,-5.592639923],[12.161806107,-5.592639923],[12.161806107,-5.607082844],[12.16152668,-5.607082844],[12.16152668,-5.609026909],[12.161249161,-5.609026909],[12.161249161,-5.609582901],[12.160973549,-5.609582901],[12.160973549,-5.610138893],[12.160693169,-5.610138893],[12.160693169,-5.610416889],[12.160417557,-5.610416889],[12.160417557,-5.610972881],[12.160139084,-5.610972881],[12.160139084,-5.612082958],[12.159860611,-5.612082958],[12.159860611,-5.61263895],[12.159583092,-5.61263895],[12.159583092,-5.613471031],[12.159304619,-5.613472939],[12.159304619,-5.613749027],[12.158748627,-5.613749027],[12.158748627,-5.614305019],[12.158471107,-5.614305019],[12.158471107,-5.614583015],[12.158194542,-5.614583015],[12.158194542,-5.614861012],[12.157917023,-5.614861012],[12.157917023,-5.615139008],[12.15763855,-5.615139008],[12.15763855,-5.615417004],[12.157361031,-5.615417004],[12.157361031,-5.615971088],[12.157082558,-5.615971088],[12.157082558,-5.61819315],[12.156805038,-5.61819315],[12.156805038,-5.619028091],[12.156526566,-5.619028091],[12.156526566,-5.61986208],[12.156249046,-5.61986208],[12.156249046,-5.620416164],[12.155973434,-5.620416164],[12.155973434,-5.62069416],[12.155693054,-5.62069416],[12.155693054,-5.621250153],[12.155417442,-5.621250153],[12.155417442,-5.621528149],[12.155138969,-5.621528149],[12.155138969,-5.621806145],[12.15486145,-5.621806145],[12.15486145,-5.622084141],[12.154305458,-5.622084141],[12.154305458,-5.622638226],[12.154026985,-5.622638226],[12.154026985,-5.622916222],[12.153751373,-5.622916222],[12.153751373,-5.623194218],[12.1534729,-5.623194218],[12.1534729,-5.623472214],[12.153195381,-5.623472214],[12.153195381,-5.624028206],[12.152916908,-5.624028206],[12.152916908,-5.624584198],[12.152639389,-5.624584198],[12.152639389,-5.625137806],[12.152360916,-5.625137806],[12.152360916,-5.625693798],[12.152083397,-5.625693798],[12.152083397,-5.62624979],[12.151806831,-5.62624979],[12.151806831,-5.626805782],[12.151527405,-5.626805782],[12.151527405,-5.627361774],[12.151250839,-5.627361774],[12.151250839,-5.627915859],[12.15097332,-5.627915859],[12.15097332,-5.628193855],[12.150694847,-5.628193855],[12.150694847,-5.628749847],[12.150417328,-5.628749847],[12.150417328,-5.629027843],[12.150138855,-5.629027843],[12.150138855,-5.629581928],[12.149861336,-5.629581928],[12.149861336,-5.63013792],[12.14958477,-5.63013792],[12.149582863,-5.630415916],[12.14930439,-5.630415916],[12.14930439,-5.630694866],[12.149028778,-5.630694866],[12.149028778,-5.630972862],[12.148751259,-5.630972862],[12.148751259,-5.631250858],[12.148472786,-5.631250858],[12.148472786,-5.631803989],[12.148195267,-5.631803989],[12.148195267,-5.632360935],[12.14791584,-5.632360935],[12.14791584,-5.632916927],[12.147638321,-5.632916927],[12.147638321,-5.633194923],[12.147359848,-5.633194923],[12.147359848,-5.634582996],[12.147082329,-5.634582996],[12.147082329,-5.635416985],[12.146806717,-5.635416985],[12.146806717,-5.636250973],[12.146528244,-5.636250973],[12.146528244,-5.636805058],[12.146249771,-5.636805058],[12.146249771,-5.63736105],[12.145972252,-5.63736105],[12.145972252,-5.639027119],[12.145693779,-5.639027119],[12.145693779,-5.645692825],[12.145972252,-5.645692825],[12.145972252,-5.649027824],[12.145693779,-5.649027824],[12.145693779,-5.650971889],[12.145972252,-5.650971889],[12.145972252,-5.651527882],[12.146249771,-5.651527882],[12.146249771,-5.652083874],[12.146528244,-5.652083874],[12.146528244,-5.652359962],[12.146806717,-5.652359962],[12.146806717,-5.652915955],[12.147082329,-5.652915955],[12.147082329,-5.653193951],[12.147359848,-5.653193951],[12.147359848,-5.654027939],[12.147638321,-5.654027939],[12.147638321,-5.65486002],[12.14791584,-5.65486002],[12.14791584,-5.655694008],[12.148195267,-5.655694008],[12.148195267,-5.65625],[12.148472786,-5.65625],[12.148472786,-5.657084942],[12.148751259,-5.657084942],[12.148751259,-5.657917023],[12.149028778,-5.657917023],[12.149028778,-5.658751011],[12.14930439,-5.658751011],[12.14930439,-5.659861088],[12.149582863,-5.659861088],[12.14958477,-5.66041708],[12.149861336,-5.66041708],[12.149861336,-5.661251068],[12.150138855,-5.661251068],[12.150138855,-5.662083149],[12.150417328,-5.662083149],[12.150417328,-5.662361145],[12.150694847,-5.662361145],[12.150694847,-5.662639141],[12.15097332,-5.662639141],[12.15097332,-5.663195133],[12.151250839,-5.663195133],[12.151250839,-5.663751125],[12.151527405,-5.663751125],[12.151527405,-5.664583206],[12.151806831,-5.664583206],[12.151806831,-5.665139198],[12.152083397,-5.665139198],[12.152083397,-5.665417194],[12.152360916,-5.665417194],[12.152360916,-5.665973186],[12.152639389,-5.665973186],[12.152639389,-5.667638779],[12.152916908,-5.667638779],[12.152916908,-5.672083855],[12.153195381,-5.672083855],[12.153195381,-5.676527977],[12.1534729,-5.676527977],[12.1534729,-5.677083969],[12.153751373,-5.677083969],[12.153751373,-5.677361965],[12.154026985,-5.677361965],[12.154026985,-5.678472042],[12.154305458,-5.678472042],[12.154305458,-5.68652916],[12.154026985,-5.68652916],[12.154026985,-5.690416813],[12.154305458,-5.690416813],[12.154305458,-5.69152689],[12.154582977,-5.69152689],[12.154582977,-5.692082882],[12.15486145,-5.692082882],[12.15486145,-5.692638874],[12.155138969,-5.692638874],[12.155138969,-5.69291687],[12.155417442,-5.69291687],[12.155417442,-5.693748951],[12.155693054,-5.693748951],[12.155693054,-5.694304943],[12.155973434,-5.694304943],[12.155973434,-5.694860935],[12.156249046,-5.694860935],[12.156249046,-5.695416927],[12.156526566,-5.695416927],[12.156526566,-5.695971012],[12.156805038,-5.695973873],[12.156805038,-5.696527004],[12.157082558,-5.696527004],[12.157082558,-5.697082996],[12.157361031,-5.697082996],[12.157361031,-5.697917938],[12.15763855,-5.697917938],[12.15763855,-5.698471069],[12.157917023,-5.698471069],[12.157917023,-5.699717999],[12.157917023,-5.699862003],[12.158194542,-5.699862003],[12.158194542,-5.700214863],[12.158194542,-5.700416088],[12.158280373,-5.700416088],[12.158471107,-5.700416088],[12.158471107,-5.700712204],[12.158471107,-5.701250076],[12.158766747,-5.701241016],[12.158748627,-5.701528072],[12.158949852,-5.701528072],[12.1590271,-5.701528072],[12.1590271,-5.702084064],[12.159304619,-5.702084064],[12.159304619,-5.702638149],[12.159594536,-5.702629089],[12.159583092,-5.703194141],[12.159860611,-5.703194141],[12.159860611,-5.703472137],[12.16031456,-5.703472137],[12.160973549,-5.703472137],[12.160973549,-5.703750134],[12.163193703,-5.703750134],[12.163193703,-5.70402813],[12.163472176,-5.70402813],[12.163472176,-5.704306126],[12.163193703,-5.704306126],[12.163193703,-5.704584122],[12.162918091,-5.704584122],[12.162918091,-5.704862118],[12.161806107,-5.704862118],[12.161806107,-5.705138206],[12.161249161,-5.705138206],[12.161249161,-5.707084179],[12.16152668,-5.707084179],[12.16152668,-5.707637787],[12.161806107,-5.707637787],[12.161806107,-5.708193779],[12.162083626,-5.708193779],[12.162083626,-5.709027767],[12.162362099,-5.709027767],[12.162362099,-5.709305763],[12.162639618,-5.709305763],[12.162639618,-5.709859848],[12.162918091,-5.709859848],[12.162918091,-5.71041584],[12.163193703,-5.71041584],[12.163193703,-5.710971832],[12.163472176,-5.710971832],[12.163472176,-5.711528778],[12.163749695,-5.711528778],[12.163749695,-5.711803913],[12.164028168,-5.711803913],[12.164028168,-5.712081909],[12.164305687,-5.712081909],[12.164305687,-5.712359905],[12.16458416,-5.712359905],[12.16458416,-5.712638855],[12.164861679,-5.712638855],[12.164861679,-5.713472843],[12.165140152,-5.713472843],[12.165140152,-5.714028835],[12.165415764,-5.714028835],[12.165415764,-5.71458292],[12.165694237,-5.71458292],[12.165694237,-5.715416908],[12.165971756,-5.715416908],[12.165971756,-5.715694904],[12.166250229,-5.715694904],[12.166250229,-5.7159729],[12.166527748,-5.7159729],[12.166527748,-5.716250896],[12.166806221,-5.716250896],[12.166806221,-5.717360973],[12.16708374,-5.717360973],[12.16708374,-5.717638969],[12.167362213,-5.717638969],[12.167362213,-5.718472958],[12.167637825,-5.718472958],[12.167637825,-5.719027042],[12.167916298,-5.719027042],[12.167916298,-5.719305038],[12.168193817,-5.719305038],[12.168193817,-5.719861031],[12.16847229,-5.719861031],[12.16847229,-5.720695019],[12.168749809,-5.720695019],[12.168749809,-5.722361088],[12.169028282,-5.722361088],[12.169028282,-5.72291708],[12.169305801,-5.72291708],[12.169305801,-5.723749161],[12.169584274,-5.723749161],[12.169584274,-5.726250172],[12.169859886,-5.726250172],[12.169859886,-5.72708416],[12.170140266,-5.72708416],[12.170140266,-5.727640152],[12.170415878,-5.727640152],[12.170415878,-5.728194237],[12.170694351,-5.728194237],[12.170694351,-5.728472233],[12.17097187,-5.728472233],[12.17097187,-5.729028225],[12.171250343,-5.729028225],[12.171250343,-5.729584217],[12.171527863,-5.729584217],[12.171527863,-5.730137825],[12.171806335,-5.730137825],[12.171806335,-5.730693817],[12.172081947,-5.730693817],[12.172081947,-5.730971813],[12.172362328,-5.730971813],[12.172362328,-5.731805801],[12.172637939,-5.731805801],[12.172637939,-5.732637882],[12.172916412,-5.732637882],[12.172916412,-5.732915878],[12.173193932,-5.732915878],[12.173193932,-5.733193874],[12.173472404,-5.733193874],[12.173472404,-5.733749866],[12.173749924,-5.733749866],[12.173749924,-5.734027863],[12.17402935,-5.734027863],[12.17402935,-5.734583855],[12.17430687,-5.734583855],[12.17430687,-5.734859943],[12.174581528,-5.734859943],[12.174581528,-5.735415936],[12.174860001,-5.735415936],[12.174860001,-5.735971928],[12.175138474,-5.735971928],[12.175138474,-5.736249924],[12.175416946,-5.736249924],[12.175416946,-5.73680687],[12.175695419,-5.73680687],[12.175695419,-5.737360001],[12.175972939,-5.737360001],[12.175972939,-5.737915993],[12.176251411,-5.737915993],[12.176251411,-5.738193989],[12.176528931,-5.738193989],[12.176528931,-5.738472939],[12.176804543,-5.738472939],[12.176804543,-5.739582062],[12.177083015,-5.739582062],[12.177083015,-5.740139008],[12.177360535,-5.740139008],[12.177360535,-5.740417004],[12.177639008,-5.740417004],[12.177639008,-5.740695],[12.177916527,-5.740695],[12.177916527,-5.740972996],[12.178195,-5.740972996],[12.178195,-5.741527081],[12.178473473,-5.741527081],[12.178473473,-5.741805077],[12.178750992,-5.741805077],[12.178750992,-5.742083073],[12.179026604,-5.742083073],[12.179026604,-5.742361069],[12.179306984,-5.742361069],[12.179306984,-5.742917061],[12.179582596,-5.742917061],[12.179582596,-5.743195057],[12.179861069,-5.743195057],[12.179861069,-5.743473053],[12.180417061,-5.743473053],[12.180417061,-5.743751049],[12.18069458,-5.743751049],[12.18069458,-5.744305134],[12.180973053,-5.744305134],[12.180973053,-5.74458313],[12.181248665,-5.74458313],[12.181248665,-5.744861126],[12.181529045,-5.744861126],[12.181529045,-5.745139122],[12.181804657,-5.745139122],[12.181804657,-5.745417118],[12.18208313,-5.745417118],[12.18208313,-5.745695114],[12.182360649,-5.745695114],[12.182360649,-5.74597311],[12.182639122,-5.74597311],[12.182639122,-5.746527195],[12.182916641,-5.746527195],[12.182916641,-5.746805191],[12.183195114,-5.746805191],[12.183195114,-5.747361183],[12.183472633,-5.747361183],[12.183472633,-5.747639179],[12.183749199,-5.747639179],[12.183749199,-5.748195171],[12.184026718,-5.748195171],[12.184026718,-5.748470783],[12.184305191,-5.748470783],[12.184305191,-5.748748779],[12.18458271,-5.748748779],[12.18458271,-5.749304771],[12.184861183,-5.749304771],[12.184861183,-5.749860764],[12.185138702,-5.749860764],[12.185138702,-5.750417233],[12.185415268,-5.750417233],[12.185415268,-5.750692844],[12.185694695,-5.750692844],[12.185694695,-5.75097084],[12.18597126,-5.75097084],[12.18597126,-5.751248837],[12.186248779,-5.751248837],[12.186248779,-5.751526833],[12.186527252,-5.751526833],[12.186527252,-5.751804829],[12.186804771,-5.751804829],[12.186804771,-5.752361774],[12.187083244,-5.752361774],[12.187083244,-5.752639771],[12.187360764,-5.752639771],[12.187360764,-5.752917767],[12.18764019,-5.752917767],[12.18764019,-5.753192902],[12.188193321,-5.753192902],[12.188193321,-5.753749847],[12.18847084,-5.753749847],[12.18847084,-5.754027843],[12.188749313,-5.754027843],[12.188749313,-5.75430584],[12.189027786,-5.75430584],[12.189027786,-5.755139828],[12.189306259,-5.755139828],[12.189306259,-5.755417824],[12.189583778,-5.755417824],[12.189583778,-5.755971909],[12.189862251,-5.755971909],[12.189862251,-5.756527901],[12.190139771,-5.756527901],[12.190139771,-5.756805897],[12.190695763,-5.756805897],[12.190695763,-5.757361889],[12.190972328,-5.757361889],[12.190972328,-5.757637978],[12.191249847,-5.757637978],[12.191249847,-5.757915974],[12.19152832,-5.757915974],[12.19152832,-5.758471966],[12.19180584,-5.758471966],[12.19180584,-5.759027958],[12.192084312,-5.759027958],[12.192084312,-5.759305954],[12.192361832,-5.759305954],[12.192361832,-5.75958395],[12.192640305,-5.75958395],[12.192640305,-5.759860039],[12.192915916,-5.759860039],[12.192915916,-5.760416031],[12.193194389,-5.760416031],[12.193194389,-5.760972023],[12.193471909,-5.760972023],[12.193471909,-5.761250019],[12.193750381,-5.761250019],[12.193750381,-5.761528015],[12.194027901,-5.761528015],[12.194027901,-5.761806011],[12.194306374,-5.761806011],[12.194306374,-5.762084007],[12.194583893,-5.762084007],[12.194583893,-5.762360096],[12.194862366,-5.762360096],[12.194862366,-5.762638092],[12.195137978,-5.762638092],[12.195137978,-5.762916088],[12.195416451,-5.762916088],[12.195416451,-5.763194084],[12.19569397,-5.763194084],[12.19569397,-5.763750076],[12.195972443,-5.763750076],[12.195972443,-5.764028072],[12.196249962,-5.764028072],[12.196249962,-5.764582157],[12.196528435,-5.764582157],[12.196528435,-5.765138149],[12.196805954,-5.765138149],[12.196805954,-5.765416145],[12.197084427,-5.765416145],[12.197084427,-5.765695095],[12.197360039,-5.765695095],[12.197360039,-5.766251087],[12.197637558,-5.766251087],[12.197637558,-5.766529083],[12.197916031,-5.766529083],[12.197916031,-5.766807079],[12.19819355,-5.766807079],[12.19819355,-5.767361164],[12.198472023,-5.767361164],[12.198472023,-5.767917156],[12.198749542,-5.767917156],[12.198749542,-5.768195152],[12.199028015,-5.768195152],[12.199028015,-5.768751144],[12.199305534,-5.768751144],[12.199305534,-5.769027233],[12.1995821,-5.769027233],[12.1995821,-5.769305229],[12.199863434,-5.769305229],[12.199863434,-5.769395828],[12.199863434,-5.769861221],[12.200138092,-5.769861221],[12.200138092,-5.770417213],[12.200415611,-5.770417213],[12.200415611,-5.770973206],[12.200694084,-5.770973206],[12.200694084,-5.771248817],[12.200971603,-5.771248817],[12.200971603,-5.771526814],[12.20125103,-5.771526814],[12.20125103,-5.77180481],[12.201528549,-5.77180481],[12.201528549,-5.772360802],[12.201804161,-5.772360802],[12.201804161,-5.772638798],[12.202084541,-5.772638798],[12.202084541,-5.772916794],[12.202360153,-5.772916794],[12.202360153,-5.773472786],[12.202638626,-5.773472786],[12.202638626,-5.773748875],[12.202917099,-5.773748875],[12.202917099,-5.774026871],[12.203194618,-5.774026871],[12.203194618,-5.774582863],[12.203473091,-5.774582863],[12.203473091,-5.774860859],[12.20375061,-5.774860859],[12.20375061,-5.775138855],[12.204029083,-5.775138855],[12.204029083,-5.775416851],[12.204304695,-5.775416851],[12.204304695,-5.775694847],[12.204583168,-5.775694847],[12.204583168,-5.776248932],[12.204860687,-5.776248932],[12.204860687,-5.776804924],[12.20513916,-5.776804924],[12.20513916,-5.777360916],[12.205416679,-5.777360916],[12.205416679,-5.777638912],[12.205695152,-5.777638912],[12.205695152,-5.778192997],[12.205972672,-5.778192997],[12.205972672,-5.778748989],[12.206251144,-5.778748989],[12.206251144,-5.779026985],[12.206526756,-5.779026985],[12.206526756,-5.779305935],[12.206805229,-5.779305935],[12.206805229,-5.779861927],[12.207082748,-5.779861927],[12.207082748,-5.780139923],[12.207361221,-5.780139923],[12.207361221,-5.780415058],[12.207638741,-5.780415058],[12.207638741,-5.780972004],[12.207917213,-5.780972004],[12.207917213,-5.78125],[12.208194733,-5.78125],[12.208194733,-5.781527996],[12.208473206,-5.781527996],[12.208473206,-5.782083988],[12.208748817,-5.782083988],[12.208748817,-5.78263998],[12.209029198,-5.78263998],[12.209029198,-5.783194065],[12.20930481,-5.783194065],[12.20930481,-5.783750057],[12.209583282,-5.783750057],[12.209583282,-5.784028053],[12.209860802,-5.784028053],[12.209860802,-5.784306049],[12.210139275,-5.784306049],[12.210139275,-5.784584045],[12.210416794,-5.784584045],[12.210416794,-5.784862041],[12.210695267,-5.784862041],[12.210695267,-5.785416126],[12.210970879,-5.785416126],[12.210970879,-5.785972118],[12.211251259,-5.785972118],[12.211251259,-5.786528111],[12.211526871,-5.786528111],[12.211526871,-5.786806107],[12.211805344,-5.786806107],[12.211805344,-5.787360191],[12.212082863,-5.787360191],[12.212082863,-5.78819418],[12.212361336,-5.78819418],[12.212361336,-5.788472176],[12.212638855,-5.788472176],[12.212638855,-5.789028168],[12.212917328,-5.789028168],[12.212917328,-5.789581776],[12.213194847,-5.789581776],[12.213194847,-5.789859772],[12.213471413,-5.789859772],[12.213471413,-5.790137768],[12.213748932,-5.790137768],[12.213748932,-5.790694237],[12.214027405,-5.790694237],[12.214027405,-5.790972233],[12.214304924,-5.790972233],[12.214304924,-5.791250229],[12.214583397,-5.791250229],[12.214583397,-5.791807175],[12.21486187,-5.791807175],[12.21486187,-5.792081833],[12.215136528,-5.792081833],[12.215140343,-5.792637825],[12.215417862,-5.792637825],[12.215417862,-5.792916775],[12.215693474,-5.792916775],[12.215693474,-5.793194771],[12.215970993,-5.793194771],[12.215970993,-5.793472767],[12.217362404,-5.793472767],[12.217362404,-5.793194771],[12.217915535,-5.793194771],[12.217915535,-5.792916775],[12.218194008,-5.792916775],[12.218194008,-5.792637825],[12.212659836,-5.783013821],[12.206628799,-5.769245148],[12.221611977,-5.759451866],[12.247089386,-5.748834133],[12.264929771,-5.743512154],[12.265679359,-5.743284225],[12.281069756,-5.742801189],[12.315530777,-5.745275974],[12.391019821,-5.741355896],[12.517174721,-5.734788895],[12.535100937,-5.733852863],[12.537283897,-5.684169769],[12.536547661,-5.625407219],[12.536167145,-5.594927788],[12.537751198,-5.582042217],[12.538180351,-5.546943188],[12.538720131,-5.50268507],[12.538703918,-5.499038219],[12.538545609,-5.460823059],[12.538180351,-5.372560024],[12.537734985,-5.265057087],[12.538110733,-5.246077061],[12.539179802,-5.192127228],[12.538951874,-5.184923172],[12.537449837,-5.137145042],[12.534920692,-5.13462019],[12.527223587,-5.133296013],[12.526496887,-5.133171082],[12.524148941,-5.132530212],[12.52269268,-5.132263184],[12.521736145,-5.132670879],[12.521551132,-5.133499146],[12.516616821,-5.131033897],[12.514168739,-5.12981081],[12.509637833,-5.12774086],[12.509120941,-5.127504826],[12.50636673,-5.126331806],[12.493970871,-5.121051788],[12.487316132,-5.115983963],[12.480436325,-5.105625153],[12.475850105,-5.097568035],[12.471261978,-5.093192101],[12.470806122,-5.088820934],[12.468283653,-5.090091228],[12.467087746,-5.09076786]]],"type":"Polygon"},"properties":{"shapeGroup":"AGO","shapeID":"16411231B42954517222252","shapeISO":"","shapeName":"Cabinda","shapeType":"ADM2"},"type":"Feature"},{"geometry":{"coordinates":[[[12.289290428,-4.81576395],[12.283679962,-4.816017151],[12.253846169,-4.817364216],[12.243970871,-4.808638096],[12.23527813,-4.797625065],[12.213150024,-4.769566059],[12.210160255,-4.767732143],[12.209794998,-4.76831007],[12.209263802,-4.769152164],[12.202159882,-4.780398846],[12.187105179,-4.84541893],[12.185869217,-4.850760937],[12.185097694,-4.854090214],[12.184983253,-4.854585171],[12.179616928,-4.877757072],[12.173229218,-4.898014069],[12.163147926,-4.907920837],[12.125336647,-4.936503887],[12.113012314,-4.94655323],[12.047458649,-4.999998093],[12.012729645,-5.028312206],[12.01257515,-5.028266907],[12.009860039,-5.030663967],[12.010137558,-5.030694008],[12.010137558,-5.030972004],[12.010416031,-5.030972004],[12.010416031,-5.031576157],[12.010416031,-5.031805992],[12.010562897,-5.031805992],[12.01069355,-5.031805992],[12.01069355,-5.032067776],[12.01069355,-5.032210827],[12.01069355,-5.032361984],[12.011249542,-5.032361984],[12.011249542,-5.032638073],[12.011528015,-5.032638073],[12.011528015,-5.032916069],[12.011807442,-5.032916069],[12.011807442,-5.033194065],[12.0120821,-5.033194065],[12.0120821,-5.034028053],[12.012363434,-5.034028053],[12.012363434,-5.034582138],[12.013194084,-5.034582138],[12.013194084,-5.032361984],[12.013472557,-5.032361984],[12.013472557,-5.032083988],[12.014028549,-5.032083988],[12.014028549,-5.031805992],[12.01458168,-5.031805992],[12.01458168,-5.031527996],[12.015138626,-5.031527996],[12.015138626,-5.030972004],[12.015417099,-5.030972004],[12.015417099,-5.030416012],[12.015694618,-5.030416012],[12.015694618,-5.029861927],[12.016248703,-5.029861927],[12.016248703,-5.030972004],[12.015973091,-5.030972004],[12.015973091,-5.03125],[12.015694618,-5.03125],[12.015694618,-5.031527996],[12.015417099,-5.031527996],[12.015417099,-5.032361984],[12.015138626,-5.032361984],[12.015138626,-5.032916069],[12.014861107,-5.032916069],[12.014861107,-5.034306049],[12.015138626,-5.034306049],[12.015138626,-5.034582138],[12.015417099,-5.034584045],[12.015417099,-5.034860134],[12.015973091,-5.034860134],[12.015973091,-5.03513813],[12.016529083,-5.03513813],[12.016529083,-5.035416126],[12.016804695,-5.035416126],[12.016804695,-5.035972118],[12.017083168,-5.035972118],[12.017083168,-5.036528111],[12.017360687,-5.036528111],[12.017360687,-5.037082195],[12.01763916,-5.037082195],[12.01763916,-5.037157059],[12.01763916,-5.037360191],[12.017916679,-5.037360191],[12.017916679,-5.037638187],[12.018195152,-5.037638187],[12.018195152,-5.037916183],[12.018472672,-5.037916183],[12.018472672,-5.03819418],[12.018751144,-5.03819418],[12.018751144,-5.038751125],[12.019026756,-5.038751125],[12.019026756,-5.039029121],[12.019305229,-5.039029121],[12.019305229,-5.039581776],[12.019582748,-5.039581776],[12.019582748,-5.040139198],[12.019861221,-5.040139198],[12.019861221,-5.040973186],[12.020138741,-5.040973186],[12.020138741,-5.041529179],[12.020417213,-5.041529179],[12.020417213,-5.042082787],[12.020694733,-5.042082787],[12.020694733,-5.042916775],[12.020973206,-5.042916775],[12.020973206,-5.043472767],[12.021248817,-5.043472767],[12.021248817,-5.044304848],[12.021529198,-5.044304848],[12.021529198,-5.04486084],[12.02180481,-5.04486084],[12.02180481,-5.045972824],[12.021437645,-5.045972824],[12.020973206,-5.045972824],[12.020973206,-5.045694828],[12.020694733,-5.045694828],[12.020745277,-5.045100212],[12.020417213,-5.045138836],[12.020417213,-5.044688225],[12.020417213,-5.044026852],[12.020138741,-5.044026852],[12.020138741,-5.043748856],[12.019861221,-5.043748856],[12.019861221,-5.043472767],[12.019582748,-5.043472767],[12.019582748,-5.042916775],[12.019305229,-5.042916775],[12.019305229,-5.042638779],[12.019026756,-5.042638779],[12.019026756,-5.042360783],[12.018751144,-5.042360783],[12.018751144,-5.042082787],[12.018472672,-5.042082787],[12.018470764,-5.041529179],[12.018195152,-5.041529179],[12.018195152,-5.040973186],[12.017916679,-5.040973186],[12.017916679,-5.04069519],[12.01763916,-5.04069519],[12.01763916,-5.040417194],[12.017173767,-5.040417194],[12.016804695,-5.040417194],[12.016804695,-5.041529179],[12.017083168,-5.041529179],[12.017083168,-5.041807175],[12.017360687,-5.041807175],[12.017360687,-5.042082787],[12.01763916,-5.042082787],[12.01763916,-5.042360783],[12.017916679,-5.042360783],[12.017916679,-5.042638779],[12.018195152,-5.042638779],[12.018195152,-5.043194771],[12.018472672,-5.043194771],[12.018472672,-5.043472767],[12.018751144,-5.043472767],[12.018751144,-5.044304848],[12.019026756,-5.044304848],[12.019026756,-5.044582844],[12.019305229,-5.044582844],[12.019305229,-5.045138836],[12.019582748,-5.045138836],[12.019582748,-5.045694828],[12.019861221,-5.045694828],[12.019861221,-5.045972824],[12.020138741,-5.045972824],[12.020138741,-5.046248913],[12.020417213,-5.046248913],[12.020417213,-5.046526909],[12.020694733,-5.046526909],[12.020694733,-5.046804905],[12.020973206,-5.046804905],[12.020973206,-5.047082901],[12.021248817,-5.047082901],[12.021248817,-5.047360897],[12.021529198,-5.047360897],[12.021529198,-5.047916889],[12.02180481,-5.047916889],[12.02180481,-5.048472881],[12.022083282,-5.048472881],[12.022083282,-5.04874897],[12.022360802,-5.04874897],[12.022360802,-5.049026966],[12.022639275,-5.049026966],[12.022639275,-5.049582958],[12.022916794,-5.049582958],[12.022916794,-5.049860954],[12.023195267,-5.049860954],[12.023195267,-5.050416946],[12.023470879,-5.050416946],[12.023470879,-5.050971031],[12.024026871,-5.050971031],[12.024026871,-5.051249027],[12.024305344,-5.051249027],[12.024305344,-5.051805019],[12.024582863,-5.051805019],[12.024582863,-5.052361965],[12.024861336,-5.052361965],[12.024861336,-5.052639961],[12.025138855,-5.052639961],[12.025138855,-5.052917957],[12.025418282,-5.052917957],[12.025418282,-5.053471088],[12.025695801,-5.053471088],[12.025695801,-5.053750038],[12.025971413,-5.053750038],[12.025971413,-5.054028034],[12.026248932,-5.054028034],[12.026248932,-5.05430603],[12.026527405,-5.05430603],[12.026527405,-5.054862022],[12.026804924,-5.054862022],[12.026804924,-5.055140018],[12.027084351,-5.055140018],[12.027084351,-5.055694103],[12.02736187,-5.055694103],[12.02736187,-5.055972099],[12.027636528,-5.055972099],[12.027640343,-5.056250095],[12.027917862,-5.056250095],[12.027917862,-5.056806087],[12.028193474,-5.056806087],[12.028193474,-5.057084084],[12.028471947,-5.057084084],[12.028471947,-5.057638168],[12.02875042,-5.057640076],[12.02875042,-5.057916164],[12.029027939,-5.057916164],[12.029027939,-5.05819416],[12.029306412,-5.05819416],[12.029306412,-5.058472157],[12.029583931,-5.058472157],[12.029583931,-5.058750153],[12.029862404,-5.058750153],[12.029862404,-5.059306145],[12.030139923,-5.059306145],[12.030139923,-5.059584141],[12.030415535,-5.059584141],[12.030415535,-5.059862137],[12.030694008,-5.059862137],[12.030694008,-5.060138226],[12.030971527,-5.060138226],[12.030971527,-5.060694218],[12.03125,-5.060694218],[12.03125,-5.060972214],[12.031528473,-5.060972214],[12.031528473,-5.061528206],[12.031805992,-5.061528206],[12.031805992,-5.061806202],[12.032084465,-5.061806202],[12.032084465,-5.062084198],[12.032361984,-5.062084198],[12.032361984,-5.062637806],[12.032637596,-5.062637806],[12.032637596,-5.062915802],[12.032917976,-5.062915802],[12.032917976,-5.063471794],[12.033193588,-5.063471794],[12.033193588,-5.06374979],[12.033472061,-5.06374979],[12.033472061,-5.064027786],[12.03374958,-5.064027786],[12.03374958,-5.064303875],[12.034028053,-5.064307213],[12.034028053,-5.064581871],[12.034305573,-5.064581871],[12.034305573,-5.065137863],[12.034584045,-5.065137863],[12.034584045,-5.065415859],[12.034861565,-5.065415859],[12.034861565,-5.065693855],[12.035200119,-5.06566],[12.03513813,-5.066250801],[12.035503387,-5.06619978],[12.035415649,-5.066528797],[12.035694122,-5.066528797],[12.035694122,-5.066803932],[12.035844803,-5.066803932],[12.035971642,-5.066803932],[12.035971642,-5.067035198],[12.035971642,-5.067360878],[12.036156654,-5.067360878],[12.036250114,-5.067360878],[12.036250114,-5.067526817],[12.036297798,-5.067611217],[12.036527634,-5.067638874],[12.036527634,-5.068018913],[12.036589622,-5.06816721],[12.036804199,-5.068194866],[12.036804199,-5.068472862],[12.037083626,-5.068472862],[12.037083626,-5.068750858],[12.037360191,-5.068750858],[12.037366867,-5.069341183],[12.037637711,-5.069304943],[12.037637711,-5.069582939],[12.037916183,-5.069582939],[12.037916183,-5.069860935],[12.038193703,-5.069860935],[12.038193703,-5.070138931],[12.038472176,-5.070138931],[12.038472176,-5.070416927],[12.038749695,-5.070416927],[12.038749695,-5.0708251],[12.038749695,-5.070972919],[12.038977623,-5.070972919],[12.039028168,-5.071250916],[12.039226532,-5.071250916],[12.039306641,-5.071250916],[12.039306641,-5.071528912],[12.039582253,-5.071528912],[12.039582253,-5.071805],[12.039859772,-5.071805],[12.039859772,-5.072360992],[12.040138245,-5.072360992],[12.040138245,-5.072638988],[12.040415764,-5.072638988],[12.040415764,-5.073194981],[12.04069519,-5.073194981],[12.04069519,-5.073471069],[12.04097271,-5.073471069],[12.04097271,-5.073749065],[12.041251183,-5.073749065],[12.041251183,-5.074027061],[12.041528702,-5.074027061],[12.041528702,-5.074583054],[12.041804314,-5.074583054],[12.041804314,-5.075139046],[12.042084694,-5.075139046],[12.042084694,-5.075417042],[12.042361259,-5.075417042],[12.042361259,-5.075971127],[12.042638779,-5.075971127],[12.042638779,-5.076527119],[12.042917252,-5.076527119],[12.042917252,-5.076805115],[12.043194771,-5.076805115],[12.043194771,-5.077083111],[12.043473244,-5.077083111],[12.043473244,-5.077639103],[12.043750763,-5.077639103],[12.043750763,-5.077917099],[12.044027328,-5.077917099],[12.044029236,-5.078196049],[12.044304848,-5.078196049],[12.044304848,-5.078471184],[12.044583321,-5.078471184],[12.044583321,-5.079027176],[12.04486084,-5.079027176],[12.04486084,-5.079584122],[12.045139313,-5.079584122],[12.045139313,-5.079862118],[12.045416832,-5.079862118],[12.045416832,-5.080140114],[12.045695305,-5.080140114],[12.045695305,-5.08041811],[12.045970917,-5.08041811],[12.045970917,-5.080692768],[12.046251297,-5.080696106],[12.046251297,-5.080972195],[12.046526909,-5.080972195],[12.046526909,-5.081528187],[12.046805382,-5.081528187],[12.046805382,-5.081806183],[12.047082901,-5.081806183],[12.047082901,-5.082084179],[12.047361374,-5.082084179],[12.047361374,-5.082362175],[12.047638893,-5.082362175],[12.047638893,-5.082915783],[12.047917366,-5.082915783],[12.047917366,-5.083193779],[12.048194885,-5.083193779],[12.048194885,-5.083471775],[12.048473358,-5.083471775],[12.048473358,-5.084027767],[12.04874897,-5.084027767],[12.04874897,-5.084584236],[12.049027443,-5.084584236],[12.049027443,-5.084862232],[12.049304962,-5.084862232],[12.049304962,-5.085137844],[12.049583435,-5.085137844],[12.049583435,-5.085693836],[12.049860954,-5.085693836],[12.049860954,-5.085971832],[12.050139427,-5.085971832],[12.050139427,-5.086527824],[12.050416946,-5.086527824],[12.050416946,-5.086708069],[12.050416946,-5.08680582],[12.050695419,-5.08680582],[12.050695419,-5.087637901],[12.050971031,-5.087637901],[12.050971031,-5.087915897],[12.051252365,-5.087915897],[12.051252365,-5.088193893],[12.051527023,-5.088193893],[12.051527023,-5.088749886],[12.051804543,-5.088749886],[12.051804543,-5.089027882],[12.052083015,-5.089027882],[12.052083015,-5.089305878],[12.052360535,-5.089305878],[12.052360535,-5.089583874],[12.052639008,-5.089583874],[12.052639008,-5.089859962],[12.052918434,-5.089859962],[12.052918434,-5.090137959],[12.053193092,-5.090137959],[12.053193092,-5.090415955],[12.053470612,-5.090415955],[12.053470612,-5.090693951],[12.053749084,-5.090693951],[12.053749084,-5.091249943],[12.054026604,-5.091249943],[12.054026604,-5.091527939],[12.05430603,-5.091527939],[12.05430603,-5.092082024],[12.054583549,-5.092082024],[12.054583549,-5.09236002],[12.054862022,-5.09236002],[12.054862022,-5.092916012],[12.055139542,-5.092916012],[12.055139542,-5.093472958],[12.055418015,-5.093472958],[12.055418015,-5.093750954],[12.055693626,-5.093750954],[12.055693626,-5.094026089],[12.055972099,-5.09402895],[12.055972099,-5.094304085],[12.056249619,-5.094304085],[12.056249619,-5.094583035],[12.056528091,-5.094583035],[12.056528091,-5.095139027],[12.056805611,-5.095139027],[12.056805611,-5.095417023],[12.057084084,-5.095417023],[12.057084084,-5.095695019],[12.057359695,-5.095695019],[12.057361603,-5.096251011],[12.057640076,-5.096251011],[12.057640076,-5.0965271],[12.057915688,-5.0965271],[12.057915688,-5.096805096],[12.05819416,-5.096805096],[12.05819416,-5.097361088],[12.05847168,-5.097361088],[12.05847168,-5.097639084],[12.058750153,-5.097639084],[12.058750153,-5.098195076],[12.059027672,-5.098195076],[12.059027672,-5.098751068],[12.059306145,-5.098751068],[12.059306145,-5.099027157],[12.059583664,-5.099027157],[12.059583664,-5.099305153],[12.059862137,-5.099305153],[12.059862137,-5.099583149],[12.060137749,-5.099583149],[12.060137749,-5.100139141],[12.060416222,-5.100139141],[12.060416222,-5.100695133],[12.060693741,-5.100695133],[12.060693741,-5.100973129],[12.060972214,-5.100973129],[12.060972214,-5.101251125],[12.061249733,-5.101251125],[12.061249733,-5.101527214],[12.061528206,-5.101527214],[12.061528206,-5.102083206],[12.061805725,-5.102083206],[12.061805725,-5.102361202],[12.062084198,-5.102361202],[12.062084198,-5.102639198],[12.06235981,-5.102639198],[12.06235981,-5.102917194],[12.06264019,-5.102917194],[12.06264019,-5.103192806],[12.062915802,-5.103192806],[12.062915802,-5.103470802],[12.063194275,-5.103470802],[12.063194275,-5.103748798],[12.063471794,-5.103748798],[12.063471794,-5.104026794],[12.063750267,-5.104026794],[12.063750267,-5.10430479],[12.064027786,-5.10430479],[12.064027786,-5.105418205],[12.064306259,-5.105418205],[12.064306259,-5.105692863],[12.064583778,-5.105692863],[12.064583778,-5.10597086],[12.064860344,-5.10597086],[12.064860344,-5.106248856],[12.065137863,-5.106248856],[12.065137863,-5.106526852],[12.065416336,-5.106526852],[12.065416336,-5.107083797],[12.065693855,-5.107083797],[12.065693855,-5.107361794],[12.065972328,-5.107361794],[12.065972328,-5.107917786],[12.066249847,-5.107917786],[12.066249847,-5.10847187],[12.066526413,-5.10847187],[12.066526413,-5.108749866],[12.066806793,-5.108749866],[12.066806793,-5.109027863],[12.067082405,-5.109027863],[12.067082405,-5.109583855],[12.067359924,-5.109583855],[12.067359924,-5.109861851],[12.067638397,-5.109861851],[12.067638397,-5.110415936],[12.06791687,-5.110417843],[12.06791687,-5.110971928],[12.068195343,-5.110971928],[12.068195343,-5.11152792],[12.068472862,-5.11152792],[12.068472862,-5.111805916],[12.068751335,-5.111805916],[12.068751335,-5.112083912],[12.069028854,-5.112083912],[12.069028854,-5.112361908],[12.06930542,-5.112361908],[12.06930542,-5.112915993],[12.069582939,-5.112915993],[12.069582939,-5.113193989],[12.069861412,-5.113193989],[12.069861412,-5.113471985],[12.070138931,-5.113471985],[12.070138931,-5.114027977],[12.070417404,-5.114027977],[12.070417404,-5.114305973],[12.070694923,-5.114305973],[12.070694923,-5.114860058],[12.070973396,-5.114860058],[12.070973396,-5.115138054],[12.071250916,-5.115138054],[12.071250916,-5.115694046],[12.071526527,-5.115694046],[12.071526527,-5.116250038],[12.071806908,-5.116250038],[12.071806908,-5.116528034],[12.072083473,-5.116528034],[12.072083473,-5.11680603],[12.072360992,-5.11680603],[12.072360992,-5.117082119],[12.072639465,-5.117084026],[12.072639465,-5.117638111],[12.072916985,-5.117638111],[12.072916985,-5.117916107],[12.073195457,-5.117916107],[12.073195457,-5.118472099],[12.073472977,-5.118472099],[12.073472977,-5.119029045],[12.073748589,-5.119029045],[12.07375145,-5.119582176],[12.074027061,-5.119582176],[12.074027061,-5.120138168],[12.074304581,-5.120138168],[12.074304581,-5.120417118],[12.074583054,-5.120417118],[12.074583054,-5.120695114],[12.074860573,-5.120695114],[12.074860573,-5.12097311],[12.075139046,-5.12097311],[12.075139046,-5.121529102],[12.075416565,-5.121529102],[12.075416565,-5.122083187],[12.07569313,-5.122083187],[12.07569313,-5.122361183],[12.075972557,-5.122361183],[12.075972557,-5.122639179],[12.076249123,-5.122639179],[12.076249123,-5.122917175],[12.076526642,-5.122917175],[12.076526642,-5.123751163],[12.076805115,-5.123751163],[12.076805115,-5.124304771],[12.077082634,-5.124304771],[12.077082634,-5.124582767],[12.077361107,-5.124582767],[12.077361107,-5.124860764],[12.077638626,-5.124860764],[12.077638626,-5.125139236],[12.077917099,-5.125139236],[12.077917099,-5.125417233],[12.078194618,-5.125417233],[12.078194618,-5.125695229],[12.078471184,-5.125695229],[12.078471184,-5.125973225],[12.078748703,-5.125973225],[12.078748703,-5.126526833],[12.079027176,-5.126526833],[12.079027176,-5.127082825],[12.079304695,-5.127082825],[12.079304695,-5.127360821],[12.079583168,-5.127360821],[12.079583168,-5.127916813],[12.079860687,-5.127916813],[12.079860687,-5.128472805],[12.080140114,-5.128472805],[12.080140114,-5.12902689],[12.080417633,-5.12902689],[12.080417633,-5.129304886],[12.080693245,-5.129304886],[12.080693245,-5.129860878],[12.080973625,-5.129860878],[12.080973625,-5.130138874],[12.081249237,-5.130138874],[12.081249237,-5.13041687],[12.08152771,-5.13041687],[12.08152771,-5.130694866],[12.081806183,-5.130694866],[12.081806183,-5.131248951],[12.082083702,-5.131248951],[12.082083702,-5.132082939],[12.082362175,-5.132082939],[12.082362175,-5.132639885],[12.082639694,-5.132639885],[12.082639694,-5.13291502],[12.08291626,-5.13291502],[12.08291626,-5.133193016],[12.083195686,-5.133193016],[12.083195686,-5.133749008],[12.083472252,-5.133749008],[12.083472252,-5.13458395],[12.083749771,-5.13458395],[12.083749771,-5.135139942],[12.084028244,-5.135139942],[12.084028244,-5.135416031],[12.084305763,-5.135416031],[12.084305763,-5.135694027],[12.084584236,-5.135694027],[12.084584236,-5.136250019],[12.084861755,-5.136250019],[12.084861755,-5.136528015],[12.085140228,-5.136528015],[12.085140228,-5.137084007],[12.08541584,-5.137084007],[12.08541584,-5.137362003],[12.085694313,-5.137362003],[12.085694313,-5.137639999],[12.085971832,-5.137639999],[12.085971832,-5.138194084],[12.086250305,-5.138194084],[12.086250305,-5.13847208],[12.086527824,-5.13847208],[12.086527824,-5.138750076],[12.086806297,-5.138750076],[12.086806297,-5.139028072],[12.087081909,-5.139028072],[12.087083817,-5.139306068],[12.087362289,-5.139306068],[12.087362289,-5.139584064],[12.087637901,-5.139584064],[12.087637901,-5.139862061],[12.087916374,-5.139862061],[12.087916374,-5.140138149],[12.088193893,-5.140140057],[12.088193893,-5.140694141],[12.088472366,-5.140694141],[12.088472366,-5.140972137],[12.088749886,-5.140972137],[12.088749886,-5.141250134],[12.089028358,-5.141250134],[12.089028358,-5.141806126],[12.089305878,-5.141806126],[12.089305878,-5.142084122],[12.089584351,-5.142084122],[12.089584351,-5.14236021],[12.089859962,-5.14236021],[12.089859962,-5.142916203],[12.090138435,-5.142916203],[12.090140343,-5.143194199],[12.090415955,-5.143194199],[12.090415955,-5.143472195],[12.090694427,-5.143472195],[12.090694427,-5.143750191],[12.090971947,-5.143750191],[12.090971947,-5.144306183],[12.09125042,-5.144306183],[12.09125042,-5.145137787],[12.091527939,-5.145137787],[12.091527939,-5.145415783],[12.091806412,-5.145415783],[12.091806412,-5.145693779],[12.092082024,-5.145693779],[12.092082024,-5.146251202],[12.092363358,-5.146251202],[12.092363358,-5.146529198],[12.092638016,-5.146529198],[12.092638016,-5.146807194],[12.092915535,-5.146807194],[12.092915535,-5.147081852],[12.093194008,-5.147081852],[12.093194008,-5.147359848],[12.093471527,-5.147359848],[12.093471527,-5.147638798],[12.093750954,-5.147638798],[12.093750954,-5.147916794],[12.094029427,-5.147916794],[12.094029427,-5.148750782],[12.094306946,-5.148750782],[12.094306946,-5.149028778],[12.094581604,-5.149028778],[12.094581604,-5.149304867],[12.094860077,-5.149304867],[12.094860077,-5.149860859],[12.09513855,-5.149860859],[12.09513855,-5.150138855],[12.095417023,-5.150138855],[12.095417023,-5.150694847],[12.095694542,-5.150694847],[12.095694542,-5.151250839],[12.095973015,-5.151250839],[12.095973015,-5.151526928],[12.096247673,-5.151526928],[12.096247673,-5.15208292],[12.096529007,-5.15208292],[12.096529007,-5.152360916],[12.096804619,-5.152360916],[12.096804619,-5.152916908],[12.097083092,-5.152916908],[12.097083092,-5.153194904],[12.097360611,-5.153194904],[12.097360611,-5.153748989],[12.097639084,-5.153748989],[12.097639084,-5.154304981],[12.097916603,-5.154304981],[12.097916603,-5.154582977],[12.098195076,-5.154582977],[12.098195076,-5.154860973],[12.098472595,-5.154860973],[12.098472595,-5.155138969],[12.098751068,-5.155138969],[12.098751068,-5.155694962],[12.09902668,-5.155694962],[12.09902668,-5.15597105],[12.099305153,-5.15597105],[12.099305153,-5.156527042],[12.099582672,-5.156527042],[12.099582672,-5.156805038],[12.099861145,-5.156805038],[12.099861145,-5.157083035],[12.100138664,-5.157083035],[12.100138664,-5.157361031],[12.100417137,-5.157361031],[12.100417137,-5.157639027],[12.100694656,-5.157639027],[12.100694656,-5.158195019],[12.100973129,-5.158195019],[12.100973129,-5.158471107],[12.101248741,-5.158471107],[12.101248741,-5.158749104],[12.101529121,-5.158749104],[12.101529121,-5.159305096],[12.101804733,-5.159305096],[12.101804733,-5.159583092],[12.102083206,-5.159583092],[12.102083206,-5.159862041],[12.102360725,-5.159862041],[12.102360725,-5.160140038],[12.102639198,-5.160140038],[12.102639198,-5.160418034],[12.102916718,-5.160418034],[12.102916718,-5.16069603],[12.10319519,-5.16069603],[12.10319519,-5.160971165],[12.103470802,-5.160971165],[12.10347271,-5.161528111],[12.103749275,-5.161528111],[12.103749275,-5.161806107],[12.104026794,-5.161806107],[12.104026794,-5.162084103],[12.104305267,-5.162084103],[12.104305267,-5.162362099],[12.104582787,-5.162362099],[12.104582787,-5.162916183],[12.104861259,-5.162916183],[12.104861259,-5.163472176],[12.105138779,-5.163472176],[12.105138779,-5.163750172],[12.105415344,-5.163750172],[12.105415344,-5.164306164],[12.105694771,-5.164306164],[12.105694771,-5.16458416],[12.105971336,-5.16458416],[12.105971336,-5.164862156],[12.106248856,-5.164862156],[12.106248856,-5.165137768],[12.106527328,-5.165137768],[12.106527328,-5.165415764],[12.106804848,-5.165415764],[12.106804848,-5.165694237],[12.107083321,-5.165694237],[12.107083321,-5.166250229],[12.107361794,-5.166250229],[12.107361794,-5.166528225],[12.107640266,-5.166528225],[12.107640266,-5.167084217],[12.107917786,-5.167084217],[12.107917786,-5.167637825],[12.108193398,-5.167637825],[12.108193398,-5.167915821],[12.108470917,-5.167915821],[12.108470917,-5.168471813],[12.108750343,-5.168471813],[12.108750343,-5.168749809],[12.109027863,-5.168749809],[12.109027863,-5.169305801],[12.109306335,-5.169305801],[12.109306335,-5.169861794],[12.109583855,-5.169861794],[12.109583855,-5.170137882],[12.109862328,-5.170137882],[12.109862328,-5.170415878],[12.110139847,-5.170415878],[12.110139847,-5.170693874],[12.110416412,-5.170693874],[12.110416412,-5.17097187],[12.110695839,-5.17097187],[12.110695839,-5.171249866],[12.110972404,-5.171249866],[12.110972404,-5.171527863],[12.111249924,-5.171527863],[12.111249924,-5.172081947],[12.111528397,-5.172081947],[12.111528397,-5.172637939],[12.111805916,-5.172637939],[12.111805916,-5.172915936],[12.112084389,-5.172915936],[12.112084389,-5.173472881],[12.112361908,-5.173472881],[12.112361908,-5.174028873],[12.112638474,-5.174028873],[12.112638474,-5.174582005],[12.1129179,-5.174582005],[12.1129179,-5.17513895],[12.113194466,-5.17513895],[12.113194466,-5.175416946],[12.113471985,-5.175416946],[12.113471985,-5.175694942],[12.113750458,-5.175694942],[12.113750458,-5.176250935],[12.114027977,-5.176250935],[12.114027977,-5.176528931],[12.11430645,-5.176528931],[12.11430645,-5.177083015],[12.114583969,-5.177083015],[12.114583969,-5.177639008],[12.114862442,-5.177639008],[12.114862442,-5.178195],[12.115138054,-5.178195],[12.115138054,-5.178750992],[12.115415573,-5.178750992],[12.115415573,-5.179027081],[12.115694046,-5.179027081],[12.115694046,-5.179305077],[12.115971565,-5.179305077],[12.115971565,-5.179583073],[12.116250038,-5.179583073],[12.116250038,-5.179861069],[12.116527557,-5.179861069],[12.116527557,-5.180417061],[12.11680603,-5.180417061],[12.11680603,-5.180695057],[12.117083549,-5.180695057],[12.117083549,-5.180973053],[12.117360115,-5.180973053],[12.117360115,-5.181251049],[12.117637634,-5.181251049],[12.117637634,-5.181527138],[12.117916107,-5.181527138],[12.117916107,-5.181805134],[12.118193626,-5.181805134],[12.118193626,-5.18208313],[12.118472099,-5.18208313],[12.118472099,-5.182361126],[12.118749619,-5.182361126],[12.118749619,-5.182917118],[12.119028091,-5.182917118],[12.119028091,-5.183195114],[12.119305611,-5.183195114],[12.119305611,-5.183749199],[12.119582176,-5.183749199],[12.119582176,-5.184305191],[12.119859695,-5.184305191],[12.119862556,-5.184861183],[12.120138168,-5.184861183],[12.120138168,-5.185139179],[12.120415688,-5.185139179],[12.120415688,-5.185692787],[12.12069416,-5.185692787],[12.12069416,-5.186248779],[12.120972633,-5.186248779],[12.120972633,-5.186526775],[12.121271133,-5.186518192],[12.121251106,-5.187084198],[12.121528625,-5.187084198],[12.121528625,-5.187362194],[12.121804237,-5.187362194],[12.121804237,-5.18764019],[12.122084618,-5.18764019],[12.122084618,-5.188192844],[12.122361183,-5.188192844],[12.122361183,-5.188471794],[12.122701645,-5.188416958],[12.122638702,-5.18874979],[12.122958183,-5.188713074],[12.122917175,-5.189305782],[12.123194695,-5.189305782],[12.123194695,-5.189861774],[12.123473167,-5.189861774],[12.123473167,-5.190417767],[12.123750687,-5.190417767],[12.123750687,-5.190971851],[12.12402916,-5.190971851],[12.12402916,-5.191249847],[12.124304771,-5.191249847],[12.124304771,-5.19180584],[12.124583244,-5.19180584],[12.124583244,-5.192361832],[12.124860764,-5.192361832],[12.124860764,-5.19263792],[12.125139236,-5.19263792],[12.125139236,-5.192915916],[12.125416756,-5.192915916],[12.125416756,-5.193471909],[12.125695229,-5.193471909],[12.125695229,-5.193749905],[12.12597084,-5.193749905],[12.12597084,-5.194583893],[12.126251221,-5.194583893],[12.126251221,-5.195415974],[12.126526833,-5.195415974],[12.126526833,-5.19569397],[12.126805305,-5.19569397],[12.126805305,-5.196249962],[12.127082825,-5.196249962],[12.127082825,-5.196805954],[12.127361298,-5.196805954],[12.127361298,-5.197360039],[12.127638817,-5.197360039],[12.127638817,-5.197638035],[12.12791729,-5.197638035],[12.12791729,-5.197916031],[12.128194809,-5.197916031],[12.128194809,-5.198194027],[12.128473282,-5.198194027],[12.128473282,-5.198472023],[12.129583359,-5.198472023],[12.129583359,-5.197638035],[12.129304886,-5.197638035],[12.129304886,-5.197360039],[12.129027367,-5.197360039],[12.129027367,-5.19708395],[12.128748894,-5.19708395],[12.128748894,-5.196805954],[12.128473282,-5.196805954],[12.128473282,-5.196527958],[12.128748894,-5.196527958],[12.128748894,-5.19569397],[12.128473282,-5.19569397],[12.128510475,-5.19510603],[12.128194809,-5.195137978],[12.128252029,-5.194809914],[12.12791729,-5.194859982],[12.12791729,-5.194583893],[12.127638817,-5.194583893],[12.127638817,-5.194305897],[12.126805305,-5.194305897],[12.126805305,-5.194027901],[12.126526833,-5.194027901],[12.126526833,-5.193471909],[12.126251221,-5.193471909],[12.126251221,-5.193193913],[12.12597084,-5.193193913],[12.12597084,-5.192915916],[12.125695229,-5.192915916],[12.125695229,-5.19263792],[12.125416756,-5.19263792],[12.125416756,-5.191544056],[12.125416756,-5.190971851],[12.125139236,-5.190971851],[12.125139236,-5.190417767],[12.124860764,-5.190417767],[12.124860764,-5.189861774],[12.124583244,-5.189861774],[12.124583244,-5.189305782],[12.124304771,-5.189305782],[12.124304771,-5.189027786],[12.12402916,-5.189027786],[12.12402916,-5.188471794],[12.123750687,-5.188471794],[12.123750687,-5.187918186],[12.123473167,-5.187918186],[12.123473167,-5.18764019],[12.122917175,-5.18764019],[12.122917175,-5.187362194],[12.122638702,-5.187362194],[12.122638702,-5.186804771],[12.122361183,-5.186804771],[12.122361183,-5.186526775],[12.121804237,-5.186526775],[12.121804237,-5.185970783],[12.122084618,-5.185970783],[12.122084618,-5.185696125],[12.121804237,-5.185692787],[12.121804237,-5.184861183],[12.121251106,-5.184861183],[12.121251106,-5.184583187],[12.120972633,-5.184583187],[12.120972633,-5.184305191],[12.12069416,-5.184305191],[12.12069416,-5.184027195],[12.120415688,-5.184027195],[12.120415688,-5.183749199],[12.120138168,-5.183749199],[12.120138168,-5.183471203],[12.119859695,-5.183471203],[12.119859695,-5.183195114],[12.119582176,-5.183195114],[12.119582176,-5.182917118],[12.119436264,-5.182917118],[12.119305611,-5.182917118],[12.119305611,-5.182656765],[12.119305611,-5.182361126],[12.119153976,-5.182361126],[12.119028091,-5.182361126],[12.119028091,-5.182113171],[12.119028091,-5.181805134],[12.118870735,-5.181805134],[12.118749619,-5.181805134],[12.118749619,-5.181566238],[12.118749619,-5.180417061],[12.118472099,-5.180417061],[12.118472099,-5.179861069],[12.118193626,-5.179861069],[12.118193626,-5.177639008],[12.118472099,-5.177639008],[12.118472099,-5.177361012],[12.118749619,-5.177361012],[12.118749619,-5.176805019],[12.119028091,-5.176805019],[12.119028091,-5.176250935],[12.119305611,-5.176250935],[12.119305611,-5.175972939],[12.119582176,-5.175972939],[12.119582176,-5.175694942],[12.119859695,-5.175694942],[12.119859695,-5.175416946],[12.120138168,-5.175416946],[12.120138168,-5.173193932],[12.119859695,-5.173193932],[12.119859695,-5.172637939],[12.119582176,-5.172637939],[12.119582176,-5.170693874],[12.119305611,-5.170693874],[12.119305611,-5.170415878],[12.119028091,-5.170415878],[12.119028091,-5.170137882],[12.118749619,-5.170137882],[12.118749619,-5.169861794],[12.118472099,-5.169861794],[12.118472099,-5.169583797],[12.118193626,-5.169583797],[12.118193626,-5.169305801],[12.117083549,-5.169305801],[12.117083549,-5.169583797],[12.11680603,-5.169583797],[12.11680603,-5.169861794],[12.116527557,-5.169861794],[12.116527557,-5.170137882],[12.116250038,-5.170137882],[12.116250038,-5.170415878],[12.115971565,-5.170415878],[12.115971565,-5.170693874],[12.115694046,-5.170693874],[12.115694046,-5.17097187],[12.115415573,-5.17097187],[12.115415573,-5.171249866],[12.114862442,-5.171249866],[12.114862442,-5.17097187],[12.115138054,-5.17097187],[12.115138054,-5.170693874],[12.114862442,-5.170693874],[12.114862442,-5.170415878],[12.11430645,-5.170415878],[12.11430645,-5.170693874],[12.114027977,-5.170693874],[12.114027977,-5.171249866],[12.113750458,-5.171249866],[12.113750458,-5.171527863],[12.113471985,-5.171527863],[12.113471985,-5.171805859],[12.11271286,-5.171805859],[12.112638474,-5.171805859],[12.112638474,-5.171527863],[12.1129179,-5.171527863],[12.1129179,-5.17097187],[12.113194466,-5.17097187],[12.113194466,-5.170415878],[12.113471985,-5.170415878],[12.113471985,-5.170137882],[12.113750458,-5.170137882],[12.113750458,-5.169583797],[12.114027977,-5.169583797],[12.114027977,-5.168471813],[12.113750458,-5.168471813],[12.113750458,-5.168193817],[12.113471985,-5.168193817],[12.113471985,-5.167915821],[12.111528397,-5.167915821],[12.111528397,-5.167637825],[12.111249924,-5.167637825],[12.111249924,-5.167362213],[12.110695839,-5.167362213],[12.110695839,-5.167084217],[12.110416412,-5.167084217],[12.110416412,-5.166806221],[12.110139847,-5.166806221],[12.110139847,-5.166528225],[12.109583855,-5.166528225],[12.109583855,-5.166250229],[12.109306335,-5.166250229],[12.109306335,-5.165972233],[12.109027863,-5.165972233],[12.109027863,-5.165415764],[12.108750343,-5.165415764],[12.108750343,-5.165137768],[12.108089447,-5.165137768],[12.107917786,-5.165137768],[12.107917786,-5.164862156],[12.107640266,-5.164862156],[12.107681274,-5.164554119],[12.107361794,-5.16458416],[12.107361794,-5.164097786],[12.107361794,-5.16319418],[12.107640266,-5.16319418],[12.107640266,-5.162916183],[12.108193398,-5.162916183],[12.108193398,-5.162638187],[12.109027863,-5.162638187],[12.109027863,-5.162362099],[12.109306335,-5.162362099],[12.109306335,-5.162084103],[12.109583855,-5.162084103],[12.109583855,-5.157361031],[12.109862328,-5.157361031],[12.109862328,-5.156527042],[12.110139847,-5.156527042],[12.110139847,-5.156249046],[12.110972404,-5.156249046],[12.110972404,-5.156527042],[12.111249924,-5.156527042],[12.111249924,-5.156805038],[12.111528397,-5.156805038],[12.111528397,-5.157361031],[12.111805916,-5.157361031],[12.111805916,-5.157639027],[12.112084389,-5.157639027],[12.112084389,-5.157917023],[12.112361908,-5.157917023],[12.112361908,-5.158195019],[12.112638474,-5.158195019],[12.112638474,-5.158471107],[12.1129179,-5.158471107],[12.1129179,-5.158749104],[12.113471985,-5.158749104],[12.113471985,-5.158471107],[12.113750458,-5.158471107],[12.113750458,-5.158195019],[12.114027977,-5.158195019],[12.114027977,-5.157917023],[12.11430645,-5.157917023],[12.11430645,-5.157639027],[12.114583969,-5.157639027],[12.114583969,-5.157361031],[12.114862442,-5.157361031],[12.114862442,-5.157083035],[12.115415573,-5.157083035],[12.115415573,-5.156805038],[12.116527557,-5.156805038],[12.116527557,-5.158195019],[12.116250038,-5.158195019],[12.116250038,-5.158749104],[12.115971565,-5.158749104],[12.115971565,-5.159583092],[12.116804123,-5.159583092],[12.11680603,-5.159305096],[12.117083549,-5.159305096],[12.117083549,-5.158749104],[12.117360115,-5.158749104],[12.117360115,-5.158471107],[12.117916107,-5.158471107],[12.117916107,-5.159583092],[12.118193626,-5.159583092],[12.118193626,-5.161806107],[12.118472099,-5.161806107],[12.118472099,-5.162638187],[12.117360115,-5.162638187],[12.117360115,-5.162362099],[12.11680603,-5.162362099],[12.11680603,-5.162638187],[12.116527557,-5.162640095],[12.116527557,-5.164306164],[12.11680603,-5.164306164],[12.11680603,-5.16458416],[12.117637634,-5.16458416],[12.117637634,-5.164306164],[12.117916107,-5.164306164],[12.117916107,-5.164028168],[12.118193626,-5.164028168],[12.118193626,-5.163750172],[12.118472099,-5.163750172],[12.118472099,-5.163472176],[12.118749619,-5.163472176],[12.118749619,-5.16319418],[12.120972633,-5.16319418],[12.120972633,-5.163472176],[12.123473167,-5.163472176],[12.123473167,-5.16319418],[12.12402916,-5.16319418],[12.12402916,-5.162916183],[12.125139236,-5.162916183],[12.125139236,-5.162638187],[12.125416756,-5.162638187],[12.125416756,-5.161806107],[12.125139236,-5.161806107],[12.125139236,-5.161250114],[12.12597084,-5.161250114],[12.12597084,-5.161528111],[12.126251221,-5.161528111],[12.126251221,-5.161806107],[12.126526833,-5.161806107],[12.126526833,-5.162084103],[12.126805305,-5.162084103],[12.126805305,-5.16319418],[12.126526833,-5.16319418],[12.126526833,-5.163472176],[12.126251221,-5.163472176],[12.126251221,-5.163750172],[12.12597084,-5.163750172],[12.12597084,-5.165137768],[12.126251221,-5.165137768],[12.126251221,-5.165415764],[12.126805305,-5.165415764],[12.126805305,-5.165694237],[12.128194809,-5.165694237],[12.128194809,-5.165137768],[12.128473282,-5.165137768],[12.128473282,-5.164862156],[12.128748894,-5.164862156],[12.128748894,-5.165137768],[12.129027367,-5.165137768],[12.129027367,-5.165415764],[12.129304886,-5.165415764],[12.129304886,-5.165694237],[12.129583359,-5.165694237],[12.129583359,-5.165972233],[12.129860878,-5.165972233],[12.129860878,-5.166250229],[12.130139351,-5.166250229],[12.130139351,-5.167084217],[12.13041687,-5.167084217],[12.13041687,-5.167362213],[12.130695343,-5.167362213],[12.130695343,-5.167637825],[12.130970955,-5.167637825],[12.130970955,-5.168193817],[12.130695343,-5.168193817],[12.130695343,-5.168471813],[12.13041687,-5.168471813],[12.13041687,-5.168193817],[12.129304886,-5.168193817],[12.129304886,-5.167915821],[12.127082825,-5.167915821],[12.127082825,-5.168193817],[12.126805305,-5.168193817],[12.126805305,-5.168471813],[12.126526833,-5.168471813],[12.126526833,-5.168749809],[12.126251221,-5.168749809],[12.126251221,-5.169305801],[12.126526833,-5.169305801],[12.126526833,-5.169583797],[12.126805305,-5.169583797],[12.126805305,-5.169861794],[12.127082825,-5.169861794],[12.127082825,-5.170137882],[12.127638817,-5.170137882],[12.127638817,-5.170415878],[12.12791729,-5.170415878],[12.12791729,-5.170693874],[12.128194809,-5.170693874],[12.128194809,-5.17097187],[12.128473282,-5.17097187],[12.128473282,-5.171249866],[12.128748894,-5.171249866],[12.128748894,-5.171527863],[12.129027367,-5.171527863],[12.129027367,-5.171805859],[12.129304886,-5.171805859],[12.129304886,-5.172081947],[12.131251335,-5.172081947],[12.131251335,-5.171805859],[12.131526947,-5.171805859],[12.131526947,-5.171527863],[12.13180542,-5.171527863],[12.13180542,-5.171249866],[12.132638931,-5.171249866],[12.132638931,-5.172915936],[12.132917404,-5.172915936],[12.132917404,-5.173750877],[12.133193016,-5.173750877],[12.133195877,-5.174028873],[12.133470535,-5.174028873],[12.133470535,-5.174304008],[12.134584427,-5.174304008],[12.134584427,-5.174028873],[12.135140419,-5.174028873],[12.135140419,-5.173750877],[12.135417938,-5.173750877],[12.135417938,-5.172637939],[12.135692596,-5.172637939],[12.135692596,-5.171805859],[12.135972023,-5.171805859],[12.135972023,-5.170415878],[12.136249542,-5.170415878],[12.136249542,-5.170137882],[12.136528015,-5.170137882],[12.136528015,-5.170415878],[12.136805534,-5.170415878],[12.136805534,-5.171249866],[12.137084007,-5.171249866],[12.137084007,-5.171527863],[12.137361526,-5.171527863],[12.137361526,-5.171805859],[12.137639999,-5.171805859],[12.137639999,-5.171527863],[12.138750076,-5.171527863],[12.138750076,-5.171249866],[12.139306068,-5.171249866],[12.139306068,-5.17097187],[12.139583588,-5.17097187],[12.139583588,-5.171249866],[12.139862061,-5.171249866],[12.139862061,-5.171805859],[12.139583588,-5.171805859],[12.139583588,-5.172081947],[12.138750076,-5.172081947],[12.138750076,-5.172359943],[12.138194084,-5.172359943],[12.138194084,-5.173472881],[12.137639999,-5.173472881],[12.137639999,-5.173193932],[12.137361526,-5.173193932],[12.137361526,-5.172915936],[12.137084007,-5.172915936],[12.137084007,-5.173193932],[12.136249542,-5.173193932],[12.136249542,-5.174304008],[12.136528015,-5.174304008],[12.136528015,-5.174582005],[12.136805534,-5.174582005],[12.136805534,-5.17513895],[12.137084007,-5.17513895],[12.137084007,-5.176250935],[12.137361526,-5.176250935],[12.137361526,-5.176528931],[12.137639999,-5.176528931],[12.137639999,-5.176805019],[12.137915611,-5.176805019],[12.137915611,-5.177083015],[12.138471603,-5.177083015],[12.138471603,-5.177361012],[12.139306068,-5.177361012],[12.139306068,-5.177917004],[12.139027596,-5.177917004],[12.139027596,-5.178195],[12.138194084,-5.178195],[12.138194084,-5.177917004],[12.137915611,-5.177917004],[12.137915611,-5.177639008],[12.137639999,-5.177639008],[12.137639999,-5.177361012],[12.136805534,-5.177361012],[12.136805534,-5.177639008],[12.136528015,-5.177639008],[12.136528015,-5.177917004],[12.136249542,-5.177917004],[12.136249542,-5.179305077],[12.136528015,-5.179305077],[12.136528015,-5.179583073],[12.136805534,-5.179583073],[12.136805534,-5.179861069],[12.137084007,-5.179861069],[12.137084007,-5.180139065],[12.137361526,-5.180139065],[12.137361526,-5.180417061],[12.137639999,-5.180417061],[12.137639999,-5.180973053],[12.137361526,-5.180973053],[12.137361526,-5.181527138],[12.137639999,-5.181527138],[12.137639999,-5.181805134],[12.137915611,-5.181805134],[12.137915611,-5.18208313],[12.138194084,-5.18208313],[12.138194084,-5.182361126],[12.138471603,-5.182361126],[12.138471603,-5.182639122],[12.138750076,-5.182639122],[12.138750076,-5.182917118],[12.139027596,-5.182917118],[12.139027596,-5.183195114],[12.140137672,-5.183195114],[12.140137672,-5.183471203],[12.140693665,-5.183471203],[12.140693665,-5.183749199],[12.14152813,-5.183749199],[12.14152813,-5.184027195],[12.141805649,-5.184027195],[12.141805649,-5.184305191],[12.142359734,-5.184305191],[12.142359734,-5.184583187],[12.142640114,-5.184583187],[12.142640114,-5.185139179],[12.142915726,-5.185139179],[12.142915726,-5.185692787],[12.143194199,-5.185692787],[12.143194199,-5.185970783],[12.142915726,-5.185970783],[12.142915726,-5.186526775],[12.143194199,-5.186526775],[12.143194199,-5.187362194],[12.143471718,-5.187362194],[12.143471718,-5.18764019],[12.143750191,-5.18764019],[12.143750191,-5.187918186],[12.14402771,-5.187918186],[12.14402771,-5.188192844],[12.144306183,-5.188192844],[12.144306183,-5.188471794],[12.144860268,-5.188471794],[12.144860268,-5.18874979],[12.145137787,-5.18874979],[12.145137787,-5.189027786],[12.145693779,-5.189027786],[12.145693779,-5.189305782],[12.145972252,-5.189305782],[12.145972252,-5.189583778],[12.147082329,-5.189583778],[12.147082329,-5.190417767],[12.147359848,-5.190417767],[12.147359848,-5.190971851],[12.145693779,-5.190971851],[12.145693779,-5.191249847],[12.14541626,-5.191249847],[12.14541626,-5.191527843],[12.145137787,-5.191527843],[12.145137787,-5.19180584],[12.144860268,-5.19180584],[12.144860268,-5.192083836],[12.144583702,-5.192083836],[12.144583702,-5.192361832],[12.144306183,-5.192361832],[12.144306183,-5.19263792],[12.14402771,-5.19263792],[12.14402771,-5.192915916],[12.142640114,-5.192915916],[12.142640114,-5.193193913],[12.140972137,-5.193193913],[12.140972137,-5.193471909],[12.140693665,-5.193471909],[12.140693665,-5.193749905],[12.140137672,-5.193749905],[12.140137672,-5.194027901],[12.139583588,-5.194027901],[12.139583588,-5.194305897],[12.139306068,-5.194305897],[12.139306068,-5.194583893],[12.139027596,-5.194583893],[12.139027596,-5.194859982],[12.138750076,-5.194859982],[12.138750076,-5.195137978],[12.138471603,-5.195137978],[12.138471603,-5.195415974],[12.138750076,-5.195415974],[12.138750076,-5.196249962],[12.139027596,-5.196249962],[12.139027596,-5.196527958],[12.137084007,-5.196527958],[12.137084007,-5.196805954],[12.136805534,-5.196805954],[12.136805534,-5.196527958],[12.136528015,-5.196527958],[12.136528015,-5.196805954],[12.136249542,-5.196805954],[12.136249542,-5.198194027],[12.135972023,-5.198194027],[12.135972023,-5.198472023],[12.135692596,-5.198472023],[12.135692596,-5.198750019],[12.135140419,-5.198750019],[12.135140419,-5.199028015],[12.134305,-5.199028015],[12.134305,-5.198472023],[12.134026527,-5.198472023],[12.134026527,-5.198750019],[12.133749008,-5.198750019],[12.133749008,-5.199028015],[12.133193016,-5.199028015],[12.133193016,-5.198750019],[12.132917404,-5.198750019],[12.132917404,-5.195971966],[12.133193016,-5.195971966],[12.133193016,-5.19569397],[12.132917404,-5.19569397],[12.132917404,-5.195415974],[12.133193016,-5.195415974],[12.133193016,-5.195137978],[12.134026527,-5.195137978],[12.134026527,-5.194859982],[12.134861946,-5.194859982],[12.134861946,-5.194583893],[12.135692596,-5.194583893],[12.135692596,-5.194305897],[12.136805534,-5.194305897],[12.136805534,-5.194027901],[12.138194084,-5.194027901],[12.138194084,-5.193749905],[12.138750076,-5.193749905],[12.138750076,-5.193471909],[12.139027596,-5.193471909],[12.139027596,-5.193193913],[12.139306068,-5.193193913],[12.139306068,-5.192915916],[12.139583588,-5.192915916],[12.139583588,-5.19263792],[12.139862061,-5.19263792],[12.139862061,-5.191249847],[12.139583588,-5.191249847],[12.139583588,-5.190971851],[12.139306068,-5.190971851],[12.139306068,-5.190417767],[12.138471603,-5.190417767],[12.138471603,-5.190693855],[12.137915611,-5.190693855],[12.137915611,-5.190971851],[12.137639999,-5.190971851],[12.137639999,-5.191249847],[12.137361526,-5.191249847],[12.137361526,-5.19180584],[12.137084007,-5.19180584],[12.137084007,-5.192083836],[12.136805534,-5.192083836],[12.136805534,-5.192361832],[12.136528015,-5.192361832],[12.136528015,-5.192083836],[12.135972023,-5.192083836],[12.135972023,-5.192361832],[12.135692596,-5.192361832],[12.135692596,-5.19263792],[12.135417938,-5.19263792],[12.135417938,-5.192915916],[12.135140419,-5.192915916],[12.135140419,-5.193193913],[12.134861946,-5.193193913],[12.134861946,-5.193471909],[12.134584427,-5.193471909],[12.134584427,-5.193193913],[12.134305,-5.193193913],[12.134305,-5.193471909],[12.134026527,-5.193471909],[12.134026527,-5.194027901],[12.133749008,-5.194027901],[12.133749008,-5.194305897],[12.132917404,-5.194305897],[12.132917404,-5.194027901],[12.131526947,-5.194027901],[12.131526947,-5.193749905],[12.131251335,-5.193749905],[12.131251335,-5.19263792],[12.130970955,-5.19263792],[12.130970955,-5.192361832],[12.130695343,-5.192361832],[12.130695343,-5.192083836],[12.13041687,-5.192083836],[12.13041687,-5.19180584],[12.129583359,-5.19180584],[12.129583359,-5.191527843],[12.129304886,-5.191527843],[12.129304886,-5.190693855],[12.129027367,-5.190693855],[12.129027367,-5.189861774],[12.128748894,-5.189861774],[12.128748894,-5.189583778],[12.128194809,-5.189583778],[12.128194809,-5.189305782],[12.12791729,-5.189305782],[12.12791729,-5.189027786],[12.125695229,-5.189027786],[12.125695229,-5.190139771],[12.126526833,-5.190139771],[12.126526833,-5.190417767],[12.126805305,-5.190417767],[12.126805305,-5.190693855],[12.127082825,-5.190693855],[12.127082825,-5.190971851],[12.127361298,-5.190971851],[12.127361298,-5.191249847],[12.127638817,-5.191249847],[12.127638817,-5.19180584],[12.128473282,-5.19180584],[12.128473282,-5.192083836],[12.128748894,-5.192083836],[12.128748894,-5.19263792],[12.129027367,-5.19263792],[12.129027367,-5.193749905],[12.129304886,-5.193749905],[12.129304886,-5.194027901],[12.130139351,-5.194027901],[12.130139351,-5.194305897],[12.130695343,-5.194305897],[12.130695343,-5.194583893],[12.130970955,-5.194583893],[12.130970955,-5.195415974],[12.131251335,-5.195415974],[12.131251335,-5.195971966],[12.131526947,-5.195971966],[12.131526947,-5.196249962],[12.13180542,-5.196249962],[12.13180542,-5.196527958],[12.132082939,-5.196527958],[12.132082939,-5.197360039],[12.13180542,-5.197360039],[12.13180542,-5.197638035],[12.131526947,-5.197638035],[12.131526947,-5.198194027],[12.13180542,-5.198194027],[12.13180542,-5.199584961],[12.131526947,-5.199584961],[12.131526947,-5.201529026],[12.13180542,-5.201529026],[12.13180542,-5.201804161],[12.132082939,-5.201804161],[12.132082939,-5.202083111],[12.132361412,-5.202083111],[12.132361412,-5.202361107],[12.132638931,-5.202361107],[12.132638931,-5.202639103],[12.132917404,-5.202639103],[12.132917404,-5.202917099],[12.133193016,-5.202917099],[12.133195877,-5.203195095],[12.133470535,-5.203195095],[12.133470535,-5.203473091],[12.133671761,-5.203473091],[12.133749008,-5.203473091],[12.133740425,-5.203752995],[12.134026527,-5.203751087],[12.134026527,-5.204027176],[12.134584427,-5.204027176],[12.134584427,-5.204305172],[12.135417938,-5.204305172],[12.135417938,-5.204583168],[12.135692596,-5.204583168],[12.135692596,-5.20513916],[12.135417938,-5.20513916],[12.135417938,-5.205417156],[12.134584427,-5.205417156],[12.134584427,-5.206527233],[12.134861946,-5.206527233],[12.134861946,-5.207083225],[12.135140419,-5.207083225],[12.135140419,-5.207639217],[12.135417938,-5.207639217],[12.135417938,-5.207917213],[12.135692596,-5.207917213],[12.135692596,-5.20819521],[12.135972023,-5.20819521],[12.135972023,-5.208473206],[12.136249542,-5.208473206],[12.136249542,-5.20930481],[12.136528015,-5.20930481],[12.136528015,-5.209582806],[12.136805534,-5.209582806],[12.136805534,-5.209860802],[12.137084007,-5.209860802],[12.137084007,-5.21069479],[12.137361526,-5.21069479],[12.137361526,-5.210972786],[12.137639999,-5.210972786],[12.137639999,-5.211526871],[12.137915611,-5.211526871],[12.137915611,-5.211804867],[12.138194084,-5.211804867],[12.138194084,-5.212082863],[12.138471603,-5.212082863],[12.138471603,-5.212360859],[12.138750076,-5.212360859],[12.138750076,-5.21319294],[12.139027596,-5.21319294],[12.139027596,-5.213748932],[12.139306068,-5.213748932],[12.139306068,-5.214026928],[12.139583588,-5.214026928],[12.139583588,-5.214305878],[12.139862061,-5.214305878],[12.139862061,-5.21486187],[12.140137672,-5.21486187],[12.140137672,-5.215415001],[12.140418053,-5.215415001],[12.140418053,-5.215693951],[12.140693665,-5.215693951],[12.140693665,-5.215971947],[12.140972137,-5.215971947],[12.140972137,-5.216527939],[12.141249657,-5.216527939],[12.141249657,-5.216805935],[12.14152813,-5.216805935],[12.14152813,-5.217361927],[12.141805649,-5.217361927],[12.141805649,-5.22013998],[12.14152813,-5.22013998],[12.14152813,-5.220972061],[12.141249657,-5.220972061],[12.141249657,-5.221250057],[12.140972137,-5.221250057],[12.140972137,-5.221528053],[12.140693665,-5.221528053],[12.140693665,-5.222084045],[12.140418053,-5.222084045],[12.140418053,-5.222360134],[12.140137672,-5.222360134],[12.140137672,-5.22263813],[12.139862061,-5.22263813],[12.139862061,-5.222916126],[12.139583588,-5.222916126],[12.139583588,-5.223194122],[12.139306068,-5.223194122],[12.139306068,-5.223472118],[12.139027596,-5.223472118],[12.139027596,-5.223750114],[12.138471603,-5.223750114],[12.138471603,-5.224028111],[12.138194084,-5.224028111],[12.138194084,-5.224306107],[12.137915611,-5.224306107],[12.137915611,-5.224582195],[12.137361526,-5.224582195],[12.137361526,-5.224860191],[12.137084007,-5.224860191],[12.137084007,-5.225138187],[12.136805534,-5.225138187],[12.136805534,-5.225416183],[12.136528015,-5.225416183],[12.136528015,-5.22569418],[12.136249542,-5.22569418],[12.136249542,-5.225972176],[12.135972023,-5.225972176],[12.135972023,-5.228473186],[12.136249542,-5.228473186],[12.136249542,-5.229860783],[12.135972023,-5.229860783],[12.135972023,-5.230138779],[12.135692596,-5.230138779],[12.135692596,-5.230694771],[12.135417938,-5.230694771],[12.135417938,-5.230972767],[12.135140419,-5.230972767],[12.135140419,-5.231526852],[12.134861946,-5.231526852],[12.134861946,-5.231804848],[12.134584427,-5.231804848],[12.134584427,-5.232082844],[12.134305,-5.232082844],[12.134305,-5.23236084],[12.134026527,-5.23236084],[12.134026527,-5.232638836],[12.133749008,-5.232638836],[12.133749008,-5.232916832],[12.133593559,-5.232916832],[12.133470535,-5.232916832],[12.133470535,-5.234026909],[12.133749008,-5.234026909],[12.133749008,-5.234860897],[12.134026527,-5.234860897],[12.134026527,-5.23624897],[12.133749008,-5.23624897],[12.133749008,-5.237082958],[12.133470535,-5.237082958],[12.133470535,-5.237916946],[12.133195877,-5.237916946],[12.133193016,-5.238471031],[12.132917404,-5.238472939],[12.132917404,-5.239861012],[12.132638931,-5.239861012],[12.132638931,-5.240695953],[12.132361412,-5.240695953],[12.132361412,-5.242362022],[12.132638931,-5.242362022],[12.132638931,-5.242916107],[12.132917404,-5.242916107],[12.132917404,-5.243194103],[12.133193016,-5.243194103],[12.133195877,-5.243472099],[12.133470535,-5.243472099],[12.133470535,-5.243750095],[12.133749008,-5.243750095],[12.133749008,-5.244306087],[12.134026527,-5.244306087],[12.134026527,-5.244584084],[12.134305,-5.244584084],[12.134305,-5.245416164],[12.134584427,-5.245416164],[12.134584427,-5.24569416],[12.134861946,-5.24569416],[12.134861946,-5.246250153],[12.135140419,-5.246250153],[12.135140419,-5.246528149],[12.135692596,-5.246528149],[12.135692596,-5.246806145],[12.135972023,-5.246806145],[12.135972023,-5.247084141],[12.136249542,-5.247084141],[12.136249542,-5.247362137],[12.136528015,-5.247362137],[12.136528015,-5.247638226],[12.136805534,-5.247638226],[12.136805534,-5.247916222],[12.137084007,-5.247916222],[12.137084007,-5.248194218],[12.137361526,-5.248194218],[12.137361526,-5.248472214],[12.137639999,-5.248472214],[12.137639999,-5.24875021],[12.137915611,-5.24875021],[12.137915611,-5.249028206],[12.138194084,-5.249028206],[12.138194084,-5.249306202],[12.138471603,-5.249306202],[12.138471603,-5.249584198],[12.138750076,-5.249584198],[12.138750076,-5.249862194],[12.139027596,-5.249862194],[12.139027596,-5.250415802],[12.139306068,-5.250415802],[12.139306068,-5.250693798],[12.139583588,-5.250693798],[12.139583588,-5.250971794],[12.139862061,-5.250971794],[12.139862061,-5.25124979],[12.140137672,-5.25124979],[12.140137672,-5.251805782],[12.140418053,-5.251805782],[12.140418053,-5.252081871],[12.140693665,-5.252081871],[12.140693665,-5.252359867],[12.140972137,-5.252359867],[12.140972137,-5.252637863],[12.141249657,-5.252637863],[12.141249657,-5.253193855],[12.14152813,-5.253193855],[12.14152813,-5.253471851],[12.141805649,-5.253471851],[12.141805649,-5.253750801],[12.142084122,-5.253750801],[12.142084122,-5.254028797],[12.142359734,-5.254028797],[12.142359734,-5.254581928],[12.142640114,-5.254581928],[12.142640114,-5.254859924],[12.142915726,-5.254859924],[12.142915726,-5.255138874],[12.143194199,-5.255138874],[12.143194199,-5.255694866],[12.143471718,-5.255694866],[12.143471718,-5.255972862],[12.143750191,-5.255972862],[12.143750191,-5.256528854],[12.14402771,-5.256528854],[12.14402771,-5.257082939],[12.144306183,-5.257082939],[12.144306183,-5.257360935],[12.144583702,-5.257360935],[12.144583702,-5.258194923],[12.144860268,-5.258194923],[12.144860268,-5.258750916],[12.145137787,-5.258750916],[12.145137787,-5.259305],[12.14541626,-5.259305],[12.14541626,-5.259582996],[12.145693779,-5.259582996],[12.145693779,-5.259860992],[12.145972252,-5.259860992],[12.145972252,-5.260138988],[12.146249771,-5.260138988],[12.146249771,-5.260694981],[12.146528244,-5.260694981],[12.146528244,-5.261249065],[12.146806717,-5.261249065],[12.146806717,-5.261527061],[12.147082329,-5.261527061],[12.147082329,-5.261805058],[12.147359848,-5.261805058],[12.147359848,-5.262639046],[12.147638321,-5.262639046],[12.147638321,-5.262917042],[12.14791584,-5.262917042],[12.14791584,-5.263195038],[12.148195267,-5.263195038],[12.148195267,-5.263749123],[12.148472786,-5.263749123],[12.148472786,-5.264305115],[12.148751259,-5.264305115],[12.148751259,-5.264861107],[12.149028778,-5.264861107],[12.149028778,-5.265417099],[12.14930439,-5.265417099],[12.14930439,-5.265971184],[12.149582863,-5.265971184],[12.14958477,-5.26624918],[12.149861336,-5.26624918],[12.149861336,-5.266527176],[12.150138855,-5.266527176],[12.150138855,-5.266805172],[12.150417328,-5.266805172],[12.150417328,-5.267362118],[12.150694847,-5.267362118],[12.150694847,-5.267640114],[12.15097332,-5.267640114],[12.15097332,-5.26791811],[12.151250839,-5.26791811],[12.151250839,-5.268470764],[12.151527405,-5.268470764],[12.151527405,-5.269028187],[12.151806831,-5.269028187],[12.151806831,-5.269306183],[12.152083397,-5.269306183],[12.152083397,-5.269584179],[12.152360916,-5.269584179],[12.152360916,-5.269862175],[12.152639389,-5.269862175],[12.152639389,-5.270140171],[12.152916908,-5.270140171],[12.152916908,-5.270693779],[12.153195381,-5.270693779],[12.153195381,-5.270971775],[12.1534729,-5.270971775],[12.1534729,-5.271527767],[12.153751373,-5.271527767],[12.153751373,-5.272362232],[12.154026985,-5.272362232],[12.154026985,-5.272637844],[12.154305458,-5.272637844],[12.154305458,-5.27291584],[12.154582977,-5.27291584],[12.154582977,-5.273471832],[12.15486145,-5.273471832],[12.15486145,-5.273749828],[12.155138969,-5.273749828],[12.155138969,-5.274027824],[12.155693054,-5.274027824],[12.155693054,-5.27430582],[12.155973434,-5.27430582],[12.155973434,-5.274859905],[12.156249046,-5.274861813],[12.156249046,-5.275137901],[12.156526566,-5.275137901],[12.156526566,-5.275415897],[12.156805038,-5.275415897],[12.156805038,-5.275971889],[12.157082558,-5.275971889],[12.157082558,-5.276527882],[12.157361031,-5.276527882],[12.157361031,-5.276805878],[12.15763855,-5.276805878],[12.15763855,-5.277359962],[12.157917023,-5.277359962],[12.157917023,-5.277915955],[12.158194542,-5.277915955],[12.158194542,-5.278193951],[12.158471107,-5.278193951],[12.158471107,-5.278471947],[12.158748627,-5.278471947],[12.158748627,-5.278749943],[12.1590271,-5.278749943],[12.1590271,-5.279305935],[12.159304619,-5.279305935],[12.159304619,-5.27986002],[12.159583092,-5.27986002],[12.159583092,-5.280416012],[12.159860611,-5.280416012],[12.159860611,-5.280694008],[12.160139084,-5.280694008],[12.160139084,-5.281250954],[12.160417557,-5.281250954],[12.160417557,-5.281386852],[12.167881966,-5.278997898],[12.220799446,-5.266877174],[12.222185135,-5.265488148],[12.224677086,-5.267712116],[12.235754967,-5.266880035],[12.244887352,-5.26243782],[12.251807213,-5.255776882],[12.258999825,-5.249114037],[12.264810562,-5.240502834],[12.265081406,-5.2335639],[12.265351295,-5.220508099],[12.269221306,-5.210515022],[12.27503109,-5.202460766],[12.28222847,-5.195244789],[12.289147377,-5.18858099],[12.297734261,-5.183581829],[12.307426453,-5.179696083],[12.319099426,-5.179431915],[12.319616318,-5.179419994],[12.326539993,-5.179699898],[12.33900547,-5.178868771],[12.347312927,-5.173596859],[12.355067253,-5.167768002],[12.36614418,-5.164714813],[12.376671791,-5.161661148],[12.379319191,-5.15601778],[12.398892403,-5.148346901],[12.419381142,-5.13096714],[12.467087746,-5.09076786],[12.466698647,-5.087257862],[12.465314865,-5.081702232],[12.463371277,-5.076978207],[12.462264061,-5.071426868],[12.461708069,-5.065039158],[12.46309185,-5.059761047],[12.465309143,-5.054761887],[12.466926575,-5.052494049],[12.460593224,-5.037264824],[12.453658104,-5.015879154],[12.445061684,-4.990882874],[12.435836792,-4.978809834],[12.427869797,-4.968382835],[12.405694008,-4.956716061],[12.381576538,-4.941993237],[12.359952927,-4.928931236],[12.337219238,-4.917265892],[12.317019463,-4.902283192],[12.315870285,-4.901431084],[12.297289848,-4.878930092],[12.296171188,-4.856989861],[12.293387413,-4.835049152],[12.289290428,-4.81576395]]],"type":"Polygon"},"properties":{"shapeGroup":"AGO","shapeID":"16411231B63355352791940","shapeISO":"","shapeName":"Cacongo (Landana)","shapeType":"ADM2"},"type":"Feature"},{"geometry":{"coordinates":[[[12.625725746,-4.54466486],[12.623529434,-4.548643112],[12.620340347,-4.554413795],[12.621034622,-4.557864189],[12.616116524,-4.564342022],[12.600270271,-4.567446232],[12.567630768,-4.573845863],[12.566764832,-4.574470043],[12.56443119,-4.576151848],[12.553646088,-4.577093124],[12.505045891,-4.589149952],[12.49328804,-4.59107399],[12.462395668,-4.596130848],[12.459176064,-4.598624229],[12.456440926,-4.600741863],[12.454258919,-4.603983879],[12.442951202,-4.620787144],[12.419400215,-4.659711838],[12.413470268,-4.671916962],[12.411149979,-4.675519943],[12.381694794,-4.721255779],[12.358581543,-4.757144928],[12.351261139,-4.766590118],[12.35006237,-4.76781702],[12.339121819,-4.779008865],[12.328712463,-4.789660931],[12.323779106,-4.794707775],[12.301560402,-4.813611031],[12.290783882,-4.815695763],[12.289290428,-4.81576395],[12.293387413,-4.835049152],[12.296171188,-4.856989861],[12.297289848,-4.878930092],[12.315870285,-4.901431084],[12.317019463,-4.902283192],[12.337219238,-4.917265892],[12.359952927,-4.928931236],[12.381576538,-4.941993237],[12.405694008,-4.956716061],[12.427869797,-4.968382835],[12.435836792,-4.978809834],[12.445061684,-4.990882874],[12.453658104,-5.015879154],[12.460593224,-5.037264824],[12.466926575,-5.052494049],[12.465309143,-5.054761887],[12.46309185,-5.059761047],[12.461708069,-5.065039158],[12.462264061,-5.071426868],[12.463371277,-5.076978207],[12.465314865,-5.081702232],[12.466698647,-5.087257862],[12.467087746,-5.09076786],[12.468283653,-5.090091228],[12.470806122,-5.088820934],[12.471629143,-5.086211205],[12.472334862,-5.083971024],[12.47332859,-5.080825806],[12.474945068,-5.075710773],[12.479310036,-5.069272995],[12.483920097,-5.067453861],[12.488032341,-5.0658288],[12.492163658,-5.065143108],[12.498591423,-5.066300869],[12.510519981,-5.070220947],[12.519019127,-5.070457935],[12.529117584,-5.067936897],[12.539218903,-5.06311512],[12.552308083,-5.050469875],[12.555981636,-5.049323082],[12.56906414,-5.051174164],[12.574803352,-5.050946236],[12.580539703,-5.047502041],[12.586738586,-5.040143013],[12.597531319,-5.040381908],[12.601202011,-5.037624836],[12.606485367,-5.026814938],[12.614653587,-5.021953106],[12.614979744,-5.021759987],[12.624389648,-5.023836136],[12.628979683,-5.021998882],[12.634490967,-5.009808064],[12.636330605,-4.999998093],[12.64046669,-4.991868973],[12.641387939,-4.985198021],[12.641158104,-4.983126163],[12.640469551,-4.977601051],[12.635197639,-4.967476845],[12.632679939,-4.961492062],[12.634285927,-4.955051899],[12.639565468,-4.95091486],[12.644843102,-4.950457096],[12.649663925,-4.950920105],[12.661359787,-4.956911087],[12.665808678,-4.957118988],[12.671759605,-4.959040165],[12.693551064,-4.954391003],[12.711448669,-4.954125881],[12.717634201,-4.949511051],[12.72381115,-4.943056107],[12.726538658,-4.932234764],[12.726718903,-4.910607815],[12.729958534,-4.902964115],[12.738839149,-4.895166874],[12.740450859,-4.895392895],[12.744429588,-4.888969898],[12.748450279,-4.882493019],[12.754627228,-4.876496792],[12.770681381,-4.874391079],[12.778700829,-4.869312763],[12.786471367,-4.855029106],[12.797101021,-4.847696781],[12.800231934,-4.846095085],[12.802300453,-4.842413902],[12.801609039,-4.839191914],[12.794039726,-4.834817886],[12.792430878,-4.832056046],[12.794039726,-4.826532841],[12.800923347,-4.819173813],[12.8051548,-4.80806303],[12.805743217,-4.806522846],[12.807066917,-4.804152966],[12.790543556,-4.78734684],[12.790624619,-4.787237167],[12.776906013,-4.772393227],[12.756110191,-4.752667904],[12.735038757,-4.731556892],[12.717289925,-4.709056854],[12.707030296,-4.687390804],[12.701764107,-4.666003227],[12.703701973,-4.64350605],[12.704536438,-4.622395992],[12.692461967,-4.610304832],[12.684008598,-4.601839066],[12.663485527,-4.582670212],[12.642959595,-4.562667847],[12.641559601,-4.560915947],[12.64124012,-4.560978889],[12.638606071,-4.557804108],[12.625725746,-4.54466486]]],"type":"Polygon"},"properties":{"shapeGroup":"AGO","shapeID":"16411231B679187258105","shapeISO":"","shapeName":"Buco Zau","shapeType":"ADM2"},"type":"Feature"}],"name":"geoBoundaries 2018 AGO ADM2 Cabinda scoped extract","type":"FeatureCollection"}
