regression (0)	Complete regression shard	﻿2026-10-09T00:08:45.4906315Z ##[group]Run node scripts/run-integration-tests.mjs
regression (0)	Complete regression shard	2026-10-09T00:08:45.4906660Z ^[[36;1mnode scripts/run-integration-tests.mjs^[[0m
regression (0)	Complete regression shard	2026-10-09T00:08:45.5234457Z shell: /usr/bin/bash -e {0}
regression (0)	Complete regression shard	2026-10-09T00:08:45.5234712Z env:
regression (0)	Complete regression shard	2026-10-09T00:08:45.5234939Z   pythonLocation: /opt/hostedtoolcache/Python/3.12.15/x64
regression (0)	Complete regression shard	2026-10-09T00:08:45.5235298Z   PKG_CONFIG_PATH: /opt/hostedtoolcache/Python/3.12.15/x64/lib/pkgconfig
regression (0)	Complete regression shard	2026-10-09T00:08:45.5235672Z   Python_ROOT_DIR: /opt/hostedtoolcache/Python/3.12.15/x64
regression (0)	Complete regression shard	2026-10-09T00:08:45.5235969Z   Python2_ROOT_DIR: /opt/hostedtoolcache/Python/3.12.15/x64
regression (0)	Complete regression shard	2026-10-09T00:08:45.5236262Z   Python3_ROOT_DIR: /opt/hostedtoolcache/Python/3.12.15/x64
regression (0)	Complete regression shard	2026-10-09T00:08:45.5236550Z   LD_LIBRARY_PATH: /opt/hostedtoolcache/Python/3.12.15/x64/lib
regression (0)	Complete regression shard	2026-10-09T00:08:45.5236811Z   INTEGRATION_PROFILE: full
regression (0)	Complete regression shard	2026-10-09T00:08:45.5236994Z   INTEGRATION_SHARD: 0
regression (0)	Complete regression shard	2026-10-09T00:08:45.5237167Z ##[endgroup]
regression (0)	Complete regression shard	2026-10-09T00:09:41.1722473Z {"native_inputs":{"applicable":true,"fetched":["d55795e4c0ad01527029db0bd1d774124a12a61a","548c5f89f00271050823076a84695bb41e1b8454","d70c5d86e345a225b6bc78d67451b3cbbf7a5eed","65cfcef5ffd7d8b98077b9058a374d1e27047430","35d2d3ff48957d34ee8d4329824b268ecadc6d3c","ff566eab31ef072084c548f67dee8ee727ab3d47","e67eeafc1aa130aa5c1a6d1222d39116625fd003","8b61b9303553f2068f18ad5a000d4cba14059547","b6e0d0d21cfd6dde68c3c292c9513d3a24896a11","85571b6ef23f5565f08693a542fa7dad20c651b8","c603befd3aaf4da90d59b12378e1e0739331efba","8f6dc184d1a41b634cec4759bb57b3cc04dd980a","6ed6406f9fad4c7c468b06a376346b216cb50db7","bf9e8a6580e997d82d0414235e3a0d2a81e1e24a"]}}
regression (0)	Complete regression shard	2026-10-09T00:11:10.4850857Z {"canonical_checkout":{"applicable":true,"mode":"explicit-checkout","receipt":{"version":1,"issue":1295,"canonical_paths":302,"prior_paths":122,"canonical_index_sha256":"b82b195d94530d9b1f48153f7e47616f8b841cb1438ddf59994ba4869a1d7876","prior_index_sha256":"ca1ab5fc3ef24470bcb79412f1d47a88281c6df0931461c5eb356079b75986fe","original_prior_index_sha256":"e34743a84df2aaaa668b4e7b23c4f6870379edfe7eb88a427d6005b47333a393","byte_inverse":{"original_world_files":34,"current_context_members":34,"original_canonical_index_sha256":"3a343812f25b02f4472dbe5338a72e9541e4de180b916e0cf8bbc9a00464f097","original_prior_index_sha256":"7c555e617c6843b070a0799088420ff535f210c2cf8d795b437230d79402c916","all_original_image_whole_bodies_and_modes_verified":true,"scientific_producers_invoked":false},"priorImage":"/home/runner/work/WorldAtlas/WorldAtlas/.cache/1295-canonical-ZtwFzJ/original-v1-image","temporary":"/home/runner/work/WorldAtlas/WorldAtlas/.cache/1295-canonical-ZtwFzJ","new_release_memberships":{"index_sha256":"9e21c69da2d4eb68ff66a586c3efa716a71224ce9344338fb2c9da1b2d62989c","canonical_paths":340,"memberships":84833,"source_commit":"bad783529fa35d0bd45cd65ed899c02ea96c93b6","scientific_records_recomputed":false},"scientific_producers_invoked":false,"original_vintages_and_unknowns_preserved":true,"reproducible_staging_objects_released":[{"directory":"/home/runner/work/WorldAtlas/WorldAtlas/.cache/1295-canonical-ZtwFzJ/release-memberships","files":340,"bytes":3756863},{"directory":"/home/runner/work/WorldAtlas/WorldAtlas/.cache/1295-canonical-ZtwFzJ/canonical-objects","files":289,"bytes":220939874},{"directory":"/home/runner/work/WorldAtlas/WorldAtlas/.cache/1295-canonical-ZtwFzJ/prior-objects","files":149,"bytes":264480979}],"complete_installed_and_prior_bodies_retained":true}}}
regression (0)	Complete regression shard	2026-10-09T00:11:10.4871818Z {"profile":"full","shard":0,"files":["test/compact-ownership.test.mjs","test/prepared-parity.test.mjs","test/additive-gap-repair.test.mjs","test/attributes.test.mjs","test/build-context-continuation.test.mjs","test/category-presentation.test.mjs","test/cloudflare-republish.test.mjs","test/compact-map-client.test.mjs","test/compact-membership-storage.test.mjs","test/context-input-stage.test.mjs","test/coverage-product.test.mjs","test/credential-envelope.test.mjs","test/deployment-budget.test.mjs","test/environment-classifications.test.mjs","test/evidence-partitions.test.mjs","test/evidence-revalidation-chain.test.mjs","test/final-capacity.test.mjs","test/geographic-adjudication-api.test.mjs","test/geographic-bootstrap.test.mjs","test/geographic-grid.test.mjs","test/geographic-release-admission.test.mjs","test/geographic-report-artifact.test.mjs","test/geography-import-pin-verifier.test.mjs","test/git-blob-transport.test.mjs","test/historical-evidence.test.mjs","test/hosted-records.test.mjs","test/immutable-git-blobs.test.mjs","test/integration-profile-restoration.test.mjs","test/issue-readiness.test.mjs","test/live-membership-api-functions.test.mjs","test/macro-foundation-contract.test.mjs","test/macro-restoration-proofs.test.mjs","test/marcus-restoration.test.mjs","test/merge-integration-client.test.mjs","test/merge-scheduler.test.mjs","test/native-dated-browser.test.mjs","test/native-location-context.test.mjs","test/native-preparation.test.mjs","test/native-source-digest.test.mjs","test/neon-capacity.test.mjs","test/neon-verification.test.mjs","test/ownership-delivery.test.mjs","test/package-startup-ownership.test.mjs","test/physical-audit-evidence.test.mjs","test/physical-component-evidence-controls.test.mjs","test/physical-gap-audit.test.mjs","test/physical-gap-priority-evidence-controls.test.mjs","test/pinned-native-package-inputs.test.mjs","test/pixel-ownership.test.mjs","test/premerge-evidence.test.mjs","test/publication-plan.test.mjs","test/read-prepared-evidence-bundle.test.mjs","test/reference-archive.test.mjs","test/reference-macro-binding.test.mjs","test/research-catalog.test.mjs","test/runtime-ownership.test.mjs","test/site-r2-export.test.mjs","test/storage-checkpoint.test.mjs","test/supplement-source-hints.test.mjs","test/trusted-geography-check.test.mjs","test/typed-integration.test.mjs","test/unsettled-rank.test.mjs","test/worker-identity.test.mjs","test/worldwide-gap-successor.test.mjs"]}
regression (0)	Complete regression shard	2026-10-09T00:19:35.9231868Z TAP version 13
regression (0)	Complete regression shard	2026-10-09T00:19:35.9232963Z # Subtest: all provisional candidates preserved exactly once; land is not repair permission, water rejected
regression (0)	Complete regression shard	2026-10-09T00:19:35.9234362Z ok 1 - all provisional candidates preserved exactly once; land is not repair permission, water rejected
regression (0)	Complete regression shard	2026-10-09T00:19:35.9250099Z   ---
regression (0)	Complete regression shard	2026-10-09T00:19:35.9250338Z   duration_ms: 3.676447
regression (0)	Complete regression shard	2026-10-09T00:19:35.9250539Z   type: 'test'
regression (0)	Complete regression shard	2026-10-09T00:19:35.9250709Z   ...
regression (0)	Complete regression shard	2026-10-09T00:19:35.9251171Z # Subtest: whole original roster/alias and parent joins reject omission, duplicate, order and coherent field drift
regression (0)	Complete regression shard	2026-10-09T00:19:35.9251851Z ok 2 - whole original roster/alias and parent joins reject omission, duplicate, order and coherent field drift
regression (0)	Complete regression shard	2026-10-09T00:19:35.9252239Z   ---
regression (0)	Complete regression shard	2026-10-09T00:19:35.9252400Z   duration_ms: 2.863429
regression (0)	Complete regression shard	2026-10-09T00:19:35.9252577Z   type: 'test'
regression (0)	Complete regression shard	2026-10-09T00:19:35.9252741Z   ...
regression (0)	Complete regression shard	2026-10-09T00:19:35.9253169Z # Subtest: output collision, dangling link and foreign parent rejected before acquisition; sentinels preserved
regression (0)	Complete regression shard	2026-10-09T00:19:35.9253964Z ok 3 - output collision, dangling link and foreign parent rejected before acquisition; sentinels preserved
regression (0)	Complete regression shard	2026-10-09T00:19:35.9254336Z   ---
regression (0)	Complete regression shard	2026-10-09T00:19:35.9254748Z   duration_ms: 1.320406
regression (0)	Complete regression shard	2026-10-09T00:19:35.9254929Z   type: 'test'
regression (0)	Complete regression shard	2026-10-09T00:19:35.9255081Z   ...
regression (0)	Complete regression shard	2026-10-09T00:19:35.9255544Z # Subtest: selected baseline accepted repairs remain resolved/idempotent; stale target and unverified resolution maps reject
regression (0)	Complete regression shard	2026-10-09T00:19:35.9256261Z ok 4 - selected baseline accepted repairs remain resolved/idempotent; stale target and unverified resolution maps reject
regression (0)	Complete regression shard	2026-10-09T00:19:35.9257037Z   ---
regression (0)	Complete regression shard	2026-10-09T00:19:35.9257195Z   duration_ms: 0.593123
regression (0)	Complete regression shard	2026-10-09T00:19:35.9257371Z   type: 'test'
regression (0)	Complete regression shard	2026-10-09T00:19:35.9257526Z   ...
regression (0)	Complete regression shard	2026-10-09T00:19:35.9257895Z # Subtest: bounded groups join every original identity and preserve two-level complete inverse
regression (0)	Complete regression shard	2026-10-09T00:19:35.9258437Z ok 5 - bounded groups join every original identity and preserve two-level complete inverse
regression (0)	Complete regression shard	2026-10-09T00:19:35.9258753Z   ---
regression (0)	Complete regression shard	2026-10-09T00:19:35.9258906Z   duration_ms: 2.080466
regression (0)	Complete regression shard	2026-10-09T00:19:35.9259079Z   type: 'test'
regression (0)	Complete regression shard	2026-10-09T00:19:35.9259230Z   ...
regression (0)	Complete regression shard	2026-10-09T00:19:35.9259659Z # Subtest: actual whole source-supported shared-edge pilot derives source premises without producer approval flags
regression (0)	Complete regression shard	2026-10-09T00:19:35.9260464Z ok 6 - actual whole source-supported shared-edge pilot derives source premises without producer approval flags
regression (0)	Complete regression shard	2026-10-09T00:19:35.9260836Z   ---
regression (0)	Complete regression shard	2026-10-09T00:19:35.9261000Z   duration_ms: 117.415854
regression (0)	Complete regression shard	2026-10-09T00:19:35.9261191Z   type: 'test'
regression (0)	Complete regression shard	2026-10-09T00:19:35.9261346Z   ...
regression (0)	Complete regression shard	2026-10-09T00:19:35.9261752Z # Subtest: attributes resolve independently with direct evidence ahead of spatial derivations and examples
regression (0)	Complete regression shard	2026-10-09T00:19:35.9262359Z ok 7 - attributes resolve independently with direct evidence ahead of spatial derivations and examples
regression (0)	Complete regression shard	2026-10-09T00:19:35.9262709Z   ---
regression (0)	Complete regression shard	2026-10-09T00:19:35.9262861Z   duration_ms: 1.866731
regression (0)	Complete regression shard	2026-10-09T00:19:35.9263034Z   type: 'test'
regression (0)	Complete regression shard	2026-10-09T00:19:35.9263183Z   ...
regression (0)	Complete regression shard	2026-10-09T00:19:35.9263787Z # Subtest: field evidence does not erase an independently supported attribute and examples do not mask modern reference
regression (0)	Complete regression shard	2026-10-09T00:19:35.9264500Z ok 8 - field evidence does not erase an independently supported attribute and examples do not mask modern reference
regression (0)	Complete regression shard	2026-10-09T00:19:35.9264908Z   ---
regression (0)	Complete regression shard	2026-10-09T00:19:35.9265082Z   duration_ms: 0.193685
regression (0)	Complete regression shard	2026-10-09T00:19:35.9265258Z   type: 'test'
regression (0)	Complete regression shard	2026-10-09T00:19:35.9265431Z   ...
regression (0)	Complete regression shard	2026-10-09T00:19:35.9265795Z # Subtest: typed imports reject overlapping field records and preserve stable category IDs
regression (0)	Complete regression shard	2026-10-09T00:19:35.9266357Z ok 9 - typed imports reject overlapping field records and preserve stable category IDs
regression (0)	Complete regression shard	2026-10-09T00:19:35.9266726Z   ---
regression (0)	Complete regression shard	2026-10-09T00:19:35.9266883Z   duration_ms: 14.431153
regression (0)	Complete regression shard	2026-10-09T00:19:35.9267081Z   type: 'test'
regression (0)	Complete regression shard	2026-10-09T00:19:35.9267234Z   ...
regression (0)	Complete regression shard	2026-10-09T00:19:35.9267655Z # Subtest: no-year-zero resolution, exclusive interval ends and opt-in examples remain deterministic
regression (0)	Complete regression shard	2026-10-09T00:19:35.9268271Z ok 10 - no-year-zero resolution, exclusive interval ends and opt-in examples remain deterministic
regression (0)	Complete regression shard	2026-10-09T00:19:35.9268644Z   ---
regression (0)	Complete regression shard	2026-10-09T00:19:35.9268802Z   duration_ms: 0.466888
regression (0)	Complete regression shard	2026-10-09T00:19:35.9269000Z   type: 'test'
regression (0)	Complete regression shard	2026-10-09T00:19:35.9269155Z   ...
regression (0)	Complete regression shard	2026-10-09T00:19:35.9269470Z # Subtest: compact references preserve supported dates and field provenance
regression (0)	Complete regression shard	2026-10-09T00:19:35.9269944Z ok 11 - compact references preserve supported dates and field provenance
regression (0)	Complete regression shard	2026-10-09T00:19:35.9270237Z   ---
regression (0)	Complete regression shard	2026-10-09T00:19:35.9270414Z   duration_ms: 1.086962
regression (0)	Complete regression shard	2026-10-09T00:19:35.9270608Z   type: 'test'
regression (0)	Complete regression shard	2026-10-09T00:19:35.9270759Z   ...
regression (0)	Complete regression shard	2026-10-09T00:19:35.9271182Z # Subtest: reference territories resolve to their political owner without changing geographic identity
regression (0)	Complete regression shard	2026-10-09T00:19:35.9271834Z ok 12 - reference territories resolve to their political owner without changing geographic identity
regression (0)	Complete regression shard	2026-10-09T00:19:35.9272200Z   ---
regression (0)	Complete regression shard	2026-10-09T00:19:35.9272370Z   duration_ms: 0.191292
regression (0)	Complete regression shard	2026-10-09T00:19:35.9272550Z   type: 'test'
regression (0)	Complete regression shard	2026-10-09T00:19:35.9272702Z   ...
regression (0)	Complete regression shard	2026-10-09T00:19:35.9273082Z # Subtest: build context dispatch preserves original realm and exact two-target continuation
regression (0)	Complete regression shard	2026-10-09T00:19:35.9273804Z ok 13 - build context dispatch preserves original realm and exact two-target continuation
regression (0)	Complete regression shard	2026-10-09T00:19:35.9274134Z   ---
regression (0)	Complete regression shard	2026-10-09T00:19:35.9274288Z   duration_ms: 1.752011
regression (0)	Complete regression shard	2026-10-09T00:19:35.9274459Z   type: 'test'
regression (0)	Complete regression shard	2026-10-09T00:19:35.9274684Z   ...
regression (0)	Complete regression shard	2026-10-09T00:19:35.9275268Z # Subtest: strict ordered two-step fold retains all physical fields and both actual migration bindings
regression (0)	Complete regression shard	2026-10-09T00:19:35.9276035Z ok 14 - strict ordered two-step fold retains all physical fields and both actual migration bindings
regression (0)	Complete regression shard	2026-10-09T00:19:35.9276390Z   ---
regression (0)	Complete regression shard	2026-10-09T00:19:35.9276562Z   duration_ms: 28.776119
regression (0)	Complete regression shard	2026-10-09T00:19:35.9276756Z   type: 'test'
regression (0)	Complete regression shard	2026-10-09T00:19:35.9276909Z   ...
regression (0)	Complete regression shard	2026-10-09T00:19:35.9277334Z # Subtest: memory sharing preserves exact geometry values/order and refuses signed-zero or changed inputs
regression (0)	Complete regression shard	2026-10-09T00:19:35.9277955Z ok 15 - memory sharing preserves exact geometry values/order and refuses signed-zero or changed inputs
regression (0)	Complete regression shard	2026-10-09T00:19:35.9278330Z   ---
regression (0)	Complete regression shard	2026-10-09T00:19:35.9278631Z   duration_ms: 0.475251
regression (0)	Complete regression shard	2026-10-09T00:19:35.9278803Z   type: 'test'
regression (0)	Complete regression shard	2026-10-09T00:19:35.9278969Z   ...
regression (0)	Complete regression shard	2026-10-09T00:19:35.9279358Z # Subtest: original replay awaits real child, retains binary output and rejects actual failures
regression (0)	Complete regression shard	2026-10-09T00:19:35.9279917Z ok 16 - original replay awaits real child, retains binary output and rejects actual failures
regression (0)	Complete regression shard	2026-10-09T00:19:35.9280270Z   ---
regression (0)	Complete regression shard	2026-10-09T00:19:35.9280418Z   duration_ms: 265.465133
regression (0)	Complete regression shard	2026-10-09T00:19:35.9280611Z   type: 'test'
regression (0)	Complete regression shard	2026-10-09T00:19:35.9280771Z   ...
regression (0)	Complete regression shard	2026-10-09T00:19:35.9281184Z # Subtest: map and legend presentation keys preserve source identities and distinguish concurrent names
regression (0)	Complete regression shard	2026-10-09T00:19:35.9281790Z ok 17 - map and legend presentation keys preserve source identities and distinguish concurrent names
regression (0)	Complete regression shard	2026-10-09T00:19:35.9282155Z   ---
regression (0)	Complete regression shard	2026-10-09T00:19:35.9282315Z   duration_ms: 0.676376
regression (0)	Complete regression shard	2026-10-09T00:19:35.9282484Z   type: 'test'
regression (0)	Complete regression shard	2026-10-09T00:19:35.9282649Z   ...
regression (0)	Complete regression shard	2026-10-09T00:19:35.9283082Z # Subtest: shared named modes distinguish display groups; fixed classifications and hierarchy use stable IDs
regression (0)	Complete regression shard	2026-10-09T00:19:35.9283889Z ok 18 - shared named modes distinguish display groups; fixed classifications and hierarchy use stable IDs
regression (0)	Complete regression shard	2026-10-09T00:19:35.9284266Z   ---
regression (0)	Complete regression shard	2026-10-09T00:19:35.9284438Z   duration_ms: 0.583139
regression (0)	Complete regression shard	2026-10-09T00:19:35.9284623Z   type: 'test'
regression (0)	Complete regression shard	2026-10-09T00:19:35.9284798Z   ...
regression (0)	Complete regression shard	2026-10-09T00:19:35.9285267Z # Subtest: real publisher entry point repeats the registry immediately before one exact-version provider deployment
regression (0)	Complete regression shard	2026-10-09T00:19:35.9285987Z ok 19 - real publisher entry point repeats the registry immediately before one exact-version provider deployment
regression (0)	Complete regression shard	2026-10-09T00:19:35.9286395Z   ---
regression (0)	Complete regression shard	2026-10-09T00:19:35.9286569Z   duration_ms: 26.149789
regression (0)	Complete regression shard	2026-10-09T00:19:35.9286762Z   type: 'test'
regression (0)	Complete regression shard	2026-10-09T00:19:35.9286931Z   ...
regression (0)	Complete regression shard	2026-10-09T00:19:35.9287203Z # Subtest: rejects expired window before provider deployment
regression (0)	Complete regression shard	2026-10-09T00:19:35.9287568Z ok 20 - rejects expired window before provider deployment
regression (0)	Complete regression shard	2026-10-09T00:19:35.9287827Z   ---
regression (0)	Complete regression shard	2026-10-09T00:19:35.9287991Z   duration_ms: 0.8213
regression (0)	Complete regression shard	2026-10-09T00:19:35.9288174Z   type: 'test'
regression (0)	Complete regression shard	2026-10-09T00:19:35.9288342Z   ...
regression (0)	Complete regression shard	2026-10-09T00:19:35.9288600Z # Subtest: rejects released claim before provider deployment
regression (0)	Complete regression shard	2026-10-09T00:19:35.9288960Z ok 21 - rejects released claim before provider deployment
regression (0)	Complete regression shard	2026-10-09T00:19:35.9289206Z   ---
regression (0)	Complete regression shard	2026-10-09T00:19:35.9289367Z   duration_ms: 0.634305
regression (0)	Complete regression shard	2026-10-09T00:19:35.9289538Z   type: 'test'
regression (0)	Complete regression shard	2026-10-09T00:19:35.9289707Z   ...
regression (0)	Complete regression shard	2026-10-09T00:19:35.9289993Z # Subtest: rejects wrong claim holder before provider deployment
regression (0)	Complete regression shard	2026-10-09T00:19:35.9290373Z ok 22 - rejects wrong claim holder before provider deployment
regression (0)	Complete regression shard	2026-10-09T00:19:35.9290715Z   ---
regression (0)	Complete regression shard	2026-10-09T00:19:35.9290873Z   duration_ms: 0.572934
regression (0)	Complete regression shard	2026-10-09T00:19:35.9291058Z   type: 'test'
regression (0)	Complete regression shard	2026-10-09T00:19:35.9291217Z   ...
regression (0)	Complete regression shard	2026-10-09T00:19:35.9291464Z # Subtest: rejects scope drift before provider deployment
regression (0)	Complete regression shard	2026-10-09T00:19:35.9291801Z ok 23 - rejects scope drift before provider deployment
regression (0)	Complete regression shard	2026-10-09T00:19:35.9292055Z   ---
regression (0)	Complete regression shard	2026-10-09T00:19:35.9292219Z   duration_ms: 0.629057
regression (0)	Complete regression shard	2026-10-09T00:19:35.9292402Z   type: 'test'
regression (0)	Complete regression shard	2026-10-09T00:19:35.9292561Z   ...
regression (0)	Complete regression shard	2026-10-09T00:19:35.9292819Z # Subtest: rejects provider drift before provider deployment
regression (0)	Complete regression shard	2026-10-09T00:19:35.9293166Z ok 24 - rejects provider drift before provider deployment
regression (0)	Complete regression shard	2026-10-09T00:19:35.9293718Z   ---
regression (0)	Complete regression shard	2026-10-09T00:19:35.9293881Z   duration_ms: 2.037021
regression (0)	Complete regression shard	2026-10-09T00:19:35.9294067Z   type: 'test'
regression (0)	Complete regression shard	2026-10-09T00:19:35.9294218Z   ...
regression (0)	Complete regression shard	2026-10-09T00:19:35.9294482Z # Subtest: rejects marker drift before provider deployment
regression (0)	Complete regression shard	2026-10-09T00:19:35.9294824Z ok 25 - rejects marker drift before provider deployment
regression (0)	Complete regression shard	2026-10-09T00:19:35.9295072Z   ---
regression (0)	Complete regression shard	2026-10-09T00:19:35.9295233Z   duration_ms: 1.16045
regression (0)	Complete regression shard	2026-10-09T00:19:35.9295413Z   type: 'test'
regression (0)	Complete regression shard	2026-10-09T00:19:35.9295563Z   ...
regression (0)	Complete regression shard	2026-10-09T00:19:35.9295860Z # Subtest: rejects missing marker counts before provider deployment
regression (0)	Complete regression shard	2026-10-09T00:19:35.9296268Z ok 26 - rejects missing marker counts before provider deployment
regression (0)	Complete regression shard	2026-10-09T00:19:35.9296720Z   ---
regression (0)	Complete regression shard	2026-10-09T00:19:35.9296870Z   duration_ms: 1.008126
regression (0)	Complete regression shard	2026-10-09T00:19:35.9297055Z   type: 'test'
regression (0)	Complete regression shard	2026-10-09T00:19:35.9297201Z   ...
regression (0)	Complete regression shard	2026-10-09T00:19:35.9297503Z # Subtest: rejects missing marker contract before provider deployment
regression (0)	Complete regression shard	2026-10-09T00:19:35.9297909Z ok 27 - rejects missing marker contract before provider deployment
regression (0)	Complete regression shard	2026-10-09T00:19:35.9298204Z   ---
regression (0)	Complete regression shard	2026-10-09T00:19:35.9298359Z   duration_ms: 1.001425
regression (0)	Complete regression shard	2026-10-09T00:19:35.9298555Z   type: 'test'
regression (0)	Complete regression shard	2026-10-09T00:19:35.9298726Z   ...
regression (0)	Complete regression shard	2026-10-09T00:19:35.9299121Z # Subtest: rejects changed marker counters with original fingerprint before provider deployment
regression (0)	Complete regression shard	2026-10-09T00:19:35.9299793Z ok 28 - rejects changed marker counters with original fingerprint before provider deployment
regression (0)	Complete regression shard	2026-10-09T00:19:35.9300157Z   ---
regression (0)	Complete regression shard	2026-10-09T00:19:35.9300322Z   duration_ms: 1.198435
regression (0)	Complete regression shard	2026-10-09T00:19:35.9300506Z   type: 'test'
regression (0)	Complete regression shard	2026-10-09T00:19:35.9300657Z   ...
regression (0)	Complete regression shard	2026-10-09T00:19:35.9300981Z # Subtest: rejects missing footprint version pin before provider deployment
regression (0)	Complete regression shard	2026-10-09T00:19:35.9301445Z ok 29 - rejects missing footprint version pin before provider deployment
regression (0)	Complete regression shard	2026-10-09T00:19:35.9301765Z   ---
regression (0)	Complete regression shard	2026-10-09T00:19:35.9301928Z   duration_ms: 1.150596
regression (0)	Complete regression shard	2026-10-09T00:19:35.9302113Z   type: 'test'
regression (0)	Complete regression shard	2026-10-09T00:19:35.9302273Z   ...
regression (0)	Complete regression shard	2026-10-09T00:19:35.9302549Z # Subtest: rejects mismatched release before provider deployment
regression (0)	Complete regression shard	2026-10-09T00:19:35.9302952Z ok 30 - rejects mismatched release before provider deployment
regression (0)	Complete regression shard	2026-10-09T00:19:35.9303344Z   ---
regression (0)	Complete regression shard	2026-10-09T00:19:35.9303522Z   duration_ms: 1.07212
regression (0)	Complete regression shard	2026-10-09T00:19:35.9303710Z   type: 'test'
regression (0)	Complete regression shard	2026-10-09T00:19:35.9303860Z   ...
regression (0)	Complete regression shard	2026-10-09T00:19:35.9304119Z # Subtest: rejects public writes before provider deployment
regression (0)	Complete regression shard	2026-10-09T00:19:35.9304476Z ok 31 - rejects public writes before provider deployment
regression (0)	Complete regression shard	2026-10-09T00:19:35.9304736Z   ---
regression (0)	Complete regression shard	2026-10-09T00:19:35.9304904Z   duration_ms: 1.169043
regression (0)	Complete regression shard	2026-10-09T00:19:35.9305090Z   type: 'test'
regression (0)	Complete regression shard	2026-10-09T00:19:35.9305254Z   ...
regression (0)	Complete regression shard	2026-10-09T00:19:35.9305521Z # Subtest: rejects oversize marker before provider deployment
regression (0)	Complete regression shard	2026-10-09T00:19:35.9305898Z ok 32 - rejects oversize marker before provider deployment
regression (0)	Complete regression shard	2026-10-09T00:19:35.9306161Z   ---
regression (0)	Complete regression shard	2026-10-09T00:19:35.9306312Z   duration_ms: 3.565153
regression (0)	Complete regression shard	2026-10-09T00:19:35.9306495Z   type: 'test'
regression (0)	Complete regression shard	2026-10-09T00:19:35.9306643Z   ...
regression (0)	Complete regression shard	2026-10-09T00:19:35.9306929Z # Subtest: rejects late claim release before provider deployment
regression (0)	Complete regression shard	2026-10-09T00:19:35.9307302Z ok 33 - rejects late claim release before provider deployment
regression (0)	Complete regression shard	2026-10-09T00:19:35.9307561Z   ---
regression (0)	Complete regression shard	2026-10-09T00:19:35.9307708Z   duration_ms: 1.760334
regression (0)	Complete regression shard	2026-10-09T00:19:35.9307892Z   type: 'test'
regression (0)	Complete regression shard	2026-10-09T00:19:35.9308049Z   ...
regression (0)	Complete regression shard	2026-10-09T00:19:35.9308319Z # Subtest: rejects late blocked issue before provider deployment
regression (0)	Complete regression shard	2026-10-09T00:19:35.9308682Z ok 34 - rejects late blocked issue before provider deployment
regression (0)	Complete regression shard	2026-10-09T00:19:35.9308946Z   ---
regression (0)	Complete regression shard	2026-10-09T00:19:35.9309116Z   duration_ms: 1.650341
regression (0)	Complete regression shard	2026-10-09T00:19:35.9309301Z   type: 'test'
regression (0)	Complete regression shard	2026-10-09T00:19:35.9309453Z   ...
regression (0)	Complete regression shard	2026-10-09T00:19:35.9309773Z # Subtest: rejects late registration drift before provider deployment
regression (0)	Complete regression shard	2026-10-09T00:19:35.9310201Z ok 35 - rejects late registration drift before provider deployment
regression (0)	Complete regression shard	2026-10-09T00:19:35.9310477Z   ---
regression (0)	Complete regression shard	2026-10-09T00:19:35.9310625Z   duration_ms: 1.289179
regression (0)	Complete regression shard	2026-10-09T00:19:35.9310812Z   type: 'test'
regression (0)	Complete regression shard	2026-10-09T00:19:35.9311113Z   ...
regression (0)	Complete regression shard	2026-10-09T00:19:35.9311390Z # Subtest: rejects late unset live flag before provider deployment
regression (0)	Complete regression shard	2026-10-09T00:19:35.9311777Z ok 36 - rejects late unset live flag before provider deployment
regression (0)	Complete regression shard	2026-10-09T00:19:35.9312055Z   ---
regression (0)	Complete regression shard	2026-10-09T00:19:35.9312206Z   duration_ms: 1.578245
regression (0)	Complete regression shard	2026-10-09T00:19:35.9312391Z   type: 'test'
regression (0)	Complete regression shard	2026-10-09T00:19:35.9312534Z   ...
regression (0)	Complete regression shard	2026-10-09T00:19:35.9312800Z # Subtest: rejects wrong claim issue before provider deployment
regression (0)	Complete regression shard	2026-10-09T00:19:35.9313165Z ok 37 - rejects wrong claim issue before provider deployment
regression (0)	Complete regression shard	2026-10-09T00:19:35.9313639Z   ---
regression (0)	Complete regression shard	2026-10-09T00:19:35.9313800Z   duration_ms: 0.473948
regression (0)	Complete regression shard	2026-10-09T00:19:35.9313994Z   type: 'test'
regression (0)	Complete regression shard	2026-10-09T00:19:35.9314273Z   ...
regression (0)	Complete regression shard	2026-10-09T00:19:35.9314550Z # Subtest: rejects wrong claim mode before provider deployment
regression (0)	Complete regression shard	2026-10-09T00:19:35.9314924Z ok 38 - rejects wrong claim mode before provider deployment
regression (0)	Complete regression shard	2026-10-09T00:19:35.9315179Z   ---
regression (0)	Complete regression shard	2026-10-09T00:19:35.9315345Z   duration_ms: 0.430134
regression (0)	Complete regression shard	2026-10-09T00:19:35.9315518Z   type: 'test'
regression (0)	Complete regression shard	2026-10-09T00:19:35.9315688Z   ...
regression (0)	Complete regression shard	2026-10-09T00:19:35.9315962Z # Subtest: rejects source-only scope before provider deployment
regression (0)	Complete regression shard	2026-10-09T00:19:35.9316353Z ok 39 - rejects source-only scope before provider deployment
regression (0)	Complete regression shard	2026-10-09T00:19:35.9316610Z   ---
regression (0)	Complete regression shard	2026-10-09T00:19:35.9316772Z   duration_ms: 0.508349
regression (0)	Complete regression shard	2026-10-09T00:19:35.9316941Z   type: 'test'
regression (0)	Complete regression shard	2026-10-09T00:19:35.9317103Z   ...
regression (0)	Complete regression shard	2026-10-09T00:19:35.9317371Z # Subtest: rejects unready issue before provider deployment
regression (0)	Complete regression shard	2026-10-09T00:19:35.9317746Z ok 40 - rejects unready issue before provider deployment
regression (0)	Complete regression shard	2026-10-09T00:19:35.9318003Z   ---
regression (0)	Complete regression shard	2026-10-09T00:19:35.9318168Z   duration_ms: 0.429804
regression (0)	Complete regression shard	2026-10-09T00:19:35.9318364Z   type: 'test'
regression (0)	Complete regression shard	2026-10-09T00:19:35.9318512Z   ...
regression (0)	Complete regression shard	2026-10-09T00:19:35.9318785Z # Subtest: rejects active blocker before provider deployment
regression (0)	Complete regression shard	2026-10-09T00:19:35.9319138Z ok 41 - rejects active blocker before provider deployment
regression (0)	Complete regression shard	2026-10-09T00:19:35.9319412Z   ---
regression (0)	Complete regression shard	2026-10-09T00:19:35.9319566Z   duration_ms: 0.524974
regression (0)	Complete regression shard	2026-10-09T00:19:35.9319757Z   type: 'test'
regression (0)	Complete regression shard	2026-10-09T00:19:35.9319926Z   ...
regression (0)	Complete regression shard	2026-10-09T00:19:35.9320206Z # Subtest: rejects late active blocker before provider deployment
regression (0)	Complete regression shard	2026-10-09T00:19:35.9320612Z ok 42 - rejects late active blocker before provider deployment
regression (0)	Complete regression shard	2026-10-09T00:19:35.9320877Z   ---
regression (0)	Complete regression shard	2026-10-09T00:19:35.9321041Z   duration_ms: 2.703243
regression (0)	Complete regression shard	2026-10-09T00:19:35.9321226Z   type: 'test'
regression (0)	Complete regression shard	2026-10-09T00:19:35.9321390Z   ...
regression (0)	Complete regression shard	2026-10-09T00:19:35.9321694Z # Subtest: rejects late dependency reopening before provider deployment
regression (0)	Complete regression shard	2026-10-09T00:19:35.9322132Z ok 43 - rejects late dependency reopening before provider deployment
regression (0)	Complete regression shard	2026-10-09T00:19:35.9322411Z   ---
regression (0)	Complete regression shard	2026-10-09T00:19:35.9322579Z   duration_ms: 1.525768
regression (0)	Complete regression shard	2026-10-09T00:19:35.9322748Z   type: 'test'
regression (0)	Complete regression shard	2026-10-09T00:19:35.9322914Z   ...
regression (0)	Complete regression shard	2026-10-09T00:19:35.9323186Z # Subtest: rejects late unready issue before provider deployment
regression (0)	Complete regression shard	2026-10-09T00:19:35.9323765Z ok 44 - rejects late unready issue before provider deployment
regression (0)	Complete regression shard	2026-10-09T00:19:35.9324027Z   ---
regression (0)	Complete regression shard	2026-10-09T00:19:35.9324199Z   duration_ms: 1.37066
regression (0)	Complete regression shard	2026-10-09T00:19:35.9324385Z   type: 'test'
regression (0)	Complete regression shard	2026-10-09T00:19:35.9324547Z   ...
regression (0)	Complete regression shard	2026-10-09T00:19:35.9324841Z # Subtest: rejects late provider deployment before provider deployment
regression (0)	Complete regression shard	2026-10-09T00:19:35.9325266Z ok 45 - rejects late provider deployment before provider deployment
regression (0)	Complete regression shard	2026-10-09T00:19:35.9325542Z   ---
regression (0)	Complete regression shard	2026-10-09T00:19:35.9325705Z   duration_ms: 1.04539
regression (0)	Complete regression shard	2026-10-09T00:19:35.9325876Z   type: 'test'
regression (0)	Complete regression shard	2026-10-09T00:19:35.9326044Z   ...
regression (0)	Complete regression shard	2026-10-09T00:19:35.9326318Z # Subtest: rejects late provider version before provider deployment
regression (0)	Complete regression shard	2026-10-09T00:19:35.9326719Z ok 46 - rejects late provider version before provider deployment
regression (0)	Complete regression shard	2026-10-09T00:19:35.9326987Z   ---
regression (0)	Complete regression shard	2026-10-09T00:19:35.9327149Z   duration_ms: 1.136435
regression (0)	Complete regression shard	2026-10-09T00:19:35.9327329Z   type: 'test'
regression (0)	Complete regression shard	2026-10-09T00:19:35.9327481Z   ...
regression (0)	Complete regression shard	2026-10-09T00:19:35.9327855Z # Subtest: rejects lease expiration during final provider refresh before provider deployment
regression (0)	Complete regression shard	2026-10-09T00:19:35.9328423Z ok 47 - rejects lease expiration during final provider refresh before provider deployment
regression (0)	Complete regression shard	2026-10-09T00:19:35.9328908Z   ---
regression (0)	Complete regression shard	2026-10-09T00:19:35.9329077Z   duration_ms: 1.28932
regression (0)	Complete regression shard	2026-10-09T00:19:35.9329270Z   type: 'test'
regression (0)	Complete regression shard	2026-10-09T00:19:35.9329424Z   ...
regression (0)	Complete regression shard	2026-10-09T00:19:35.9329784Z # Subtest: another staging operation discovered after readonly probes prevents POST
regression (0)	Complete regression shard	2026-10-09T00:19:35.9330324Z ok 48 - another staging operation discovered after readonly probes prevents POST
regression (0)	Complete regression shard	2026-10-09T00:19:35.9330640Z   ---
regression (0)	Complete regression shard	2026-10-09T00:19:35.9330802Z   duration_ms: 1.333945
regression (0)	Complete regression shard	2026-10-09T00:19:35.9330974Z   type: 'test'
regression (0)	Complete regression shard	2026-10-09T00:19:35.9331144Z   ...
regression (0)	Complete regression shard	2026-10-09T00:19:35.9331475Z # Subtest: uncertain provider POST does not automatically retry or certify delivery
regression (0)	Complete regression shard	2026-10-09T00:19:35.9332085Z ok 49 - uncertain provider POST does not automatically retry or certify delivery
regression (0)	Complete regression shard	2026-10-09T00:19:35.9332394Z   ---
regression (0)	Complete regression shard	2026-10-09T00:19:35.9332556Z   duration_ms: 1.558005
regression (0)	Complete regression shard	2026-10-09T00:19:35.9332737Z   type: 'test'
regression (0)	Complete regression shard	2026-10-09T00:19:35.9332907Z   ...
regression (0)	Complete regression shard	2026-10-09T00:19:35.9333430Z # Subtest: fresh output admission protects ordinary files, directories and broken symlinks before any API access
regression (0)	Complete regression shard	2026-10-09T00:19:35.9334124Z ok 50 - fresh output admission protects ordinary files, directories and broken symlinks before any API access
regression (0)	Complete regression shard	2026-10-09T00:19:35.9334505Z   ---
regression (0)	Complete regression shard	2026-10-09T00:19:35.9334670Z   duration_ms: 17.41995
regression (0)	Complete regression shard	2026-10-09T00:19:35.9334853Z   type: 'test'
regression (0)	Complete regression shard	2026-10-09T00:19:35.9335022Z   ...
regression (0)	Complete regression shard	2026-10-09T00:19:35.9335352Z # Subtest: failed admitted run retains a failed receipt and no completion receipt
regression (0)	Complete regression shard	2026-10-09T00:19:35.9335854Z ok 51 - failed admitted run retains a failed receipt and no completion receipt
regression (0)	Complete regression shard	2026-10-09T00:19:35.9336174Z   ---
regression (0)	Complete regression shard	2026-10-09T00:19:35.9336350Z   duration_ms: 2.583877
regression (0)	Complete regression shard	2026-10-09T00:19:35.9336519Z   type: 'test'
regression (0)	Complete regression shard	2026-10-09T00:19:35.9336685Z   ...
regression (0)	Complete regression shard	2026-10-09T00:19:35.9337083Z # Subtest: producer executes twice into fresh outputs with identical sanitized whole-file receipts
regression (0)	Complete regression shard	2026-10-09T00:19:35.9337669Z ok 52 - producer executes twice into fresh outputs with identical sanitized whole-file receipts
regression (0)	Complete regression shard	2026-10-09T00:19:35.9338031Z   ---
regression (0)	Complete regression shard	2026-10-09T00:19:35.9338186Z   duration_ms: 7.428345
regression (0)	Complete regression shard	2026-10-09T00:19:35.9338373Z   type: 'test'
regression (0)	Complete regression shard	2026-10-09T00:19:35.9338533Z   ...
regression (0)	Complete regression shard	2026-10-09T00:19:35.9338947Z # Subtest: documented stdin CLI rejects malformed/oversize secret-bearing input without echoing it
regression (0)	Complete regression shard	2026-10-09T00:19:35.9339540Z ok 53 - documented stdin CLI rejects malformed/oversize secret-bearing input without echoing it
regression (0)	Complete regression shard	2026-10-09T00:19:35.9339910Z   ---
regression (0)	Complete regression shard	2026-10-09T00:19:35.9340084Z   duration_ms: 92.259194
regression (0)	Complete regression shard	2026-10-09T00:19:35.9340285Z   type: 'test'
regression (0)	Complete regression shard	2026-10-09T00:19:35.9340454Z   ...
regression (0)	Complete regression shard	2026-10-09T00:19:35.9340842Z # Subtest: documented stdin CLI executes credential-free provider fixtures into a fresh output
regression (0)	Complete regression shard	2026-10-09T00:19:35.9341413Z ok 54 - documented stdin CLI executes credential-free provider fixtures into a fresh output
regression (0)	Complete regression shard	2026-10-09T00:19:35.9341766Z   ---
regression (0)	Complete regression shard	2026-10-09T00:19:35.9341936Z   duration_ms: 569.706092
regression (0)	Complete regression shard	2026-10-09T00:19:35.9342138Z   type: 'test'
regression (0)	Complete regression shard	2026-10-09T00:19:35.9342295Z   ...
regression (0)	Complete regression shard	2026-10-09T00:19:35.9342709Z # Subtest: reference presentation context is reused within one loaded generation and rebuilt on reload
regression (0)	Complete regression shard	2026-10-09T00:19:35.9343510Z ok 55 - reference presentation context is reused within one loaded generation and rebuilt on reload
regression (0)	Complete regression shard	2026-10-09T00:19:35.9343888Z   ---
regression (0)	Complete regression shard	2026-10-09T00:19:35.9344054Z   duration_ms: 40.097649
regression (0)	Complete regression shard	2026-10-09T00:19:35.9344229Z   type: 'test'
regression (0)	Complete regression shard	2026-10-09T00:19:35.9344393Z   ...
regression (0)	Complete regression shard	2026-10-09T00:19:35.9344788Z # Subtest: a pinned reference bundle preloads once and preserves legacy dated/reference separation
regression (0)	Complete regression shard	2026-10-09T00:19:35.9345380Z ok 56 - a pinned reference bundle preloads once and preserves legacy dated/reference separation
regression (0)	Complete regression shard	2026-10-09T00:19:35.9345734Z   ---
regression (0)	Complete regression shard	2026-10-09T00:19:35.9345906Z   duration_ms: 15.653925
regression (0)	Complete regression shard	2026-10-09T00:19:35.9346090Z   type: 'test'
regression (0)	Complete regression shard	2026-10-09T00:19:35.9346251Z   ...
regression (0)	Complete regression shard	2026-10-09T00:19:35.9346605Z # Subtest: a rejected old reference generation cannot clear a newer successful generation
regression (0)	Complete regression shard	2026-10-09T00:19:35.9347146Z ok 57 - a rejected old reference generation cannot clear a newer successful generation
regression (0)	Complete regression shard	2026-10-09T00:19:35.9347634Z   ---
regression (0)	Complete regression shard	2026-10-09T00:19:35.9347803Z   duration_ms: 4.822326
regression (0)	Complete regression shard	2026-10-09T00:19:35.9347989Z   type: 'test'
regression (0)	Complete regression shard	2026-10-09T00:19:35.9348141Z   ...
regression (0)	Complete regression shard	2026-10-09T00:19:35.9348473Z # Subtest: complete entity and history reads start before the catalog finishes
regression (0)	Complete regression shard	2026-10-09T00:19:35.9348947Z ok 58 - complete entity and history reads start before the catalog finishes
regression (0)	Complete regression shard	2026-10-09T00:19:35.9349240Z   ---
regression (0)	Complete regression shard	2026-10-09T00:19:35.9349407Z   duration_ms: 4.637633
regression (0)	Complete regression shard	2026-10-09T00:19:35.9349594Z   type: 'test'
regression (0)	Complete regression shard	2026-10-09T00:19:35.9349757Z   ...
regression (0)	Complete regression shard	2026-10-09T00:19:35.9350152Z # Subtest: ownership transport starts before catalog fan-out and geography waits for every stream
regression (0)	Complete regression shard	2026-10-09T00:19:35.9350860Z ok 59 - ownership transport starts before catalog fan-out and geography waits for every stream
regression (0)	Complete regression shard	2026-10-09T00:19:35.9351208Z   ---
regression (0)	Complete regression shard	2026-10-09T00:19:35.9351380Z   duration_ms: 7.62174
regression (0)	Complete regression shard	2026-10-09T00:19:35.9351563Z   type: 'test'
regression (0)	Complete regression shard	2026-10-09T00:19:35.9351728Z   ...
regression (0)	Complete regression shard	2026-10-09T00:19:35.9352083Z # Subtest: unavailable bootstrap streams reject instead of returning a partial geography
regression (0)	Complete regression shard	2026-10-09T00:19:35.9352625Z ok 60 - unavailable bootstrap streams reject instead of returning a partial geography
regression (0)	Complete regression shard	2026-10-09T00:19:35.9352948Z   ---
regression (0)	Complete regression shard	2026-10-09T00:19:35.9353117Z   duration_ms: 16.359735
regression (0)	Complete regression shard	2026-10-09T00:19:35.9353388Z   type: 'test'
regression (0)	Complete regression shard	2026-10-09T00:19:35.9353539Z   ...
regression (0)	Complete regression shard	2026-10-09T00:19:35.9353907Z # Subtest: older Workers negotiate the sparse limit without masking unrelated bad requests
regression (0)	Complete regression shard	2026-10-09T00:19:35.9354438Z ok 61 - older Workers negotiate the sparse limit without masking unrelated bad requests
regression (0)	Complete regression shard	2026-10-09T00:19:35.9354786Z   ---
regression (0)	Complete regression shard	2026-10-09T00:19:35.9354947Z   duration_ms: 4.154145
regression (0)	Complete regression shard	2026-10-09T00:19:35.9355133Z   type: 'test'
regression (0)	Complete regression shard	2026-10-09T00:19:35.9355283Z   ...
regression (0)	Complete regression shard	2026-10-09T00:19:35.9355691Z # Subtest: initial hosted evidence starts during geography and is consumed only once for its selection
regression (0)	Complete regression shard	2026-10-09T00:19:35.9356295Z ok 62 - initial hosted evidence starts during geography and is consumed only once for its selection
regression (0)	Complete regression shard	2026-10-09T00:19:35.9356674Z   ---
regression (0)	Complete regression shard	2026-10-09T00:19:35.9356834Z   duration_ms: 4.706154
regression (0)	Complete regression shard	2026-10-09T00:19:35.9357015Z   type: 'test'
regression (0)	Complete regression shard	2026-10-09T00:19:35.9357168Z   ...
regression (0)	Complete regression shard	2026-10-09T00:19:35.9357558Z # Subtest: changing the initial year or examples cancels speculation and fetches the requested pair
regression (0)	Complete regression shard	2026-10-09T00:19:35.9358155Z ok 63 - changing the initial year or examples cancels speculation and fetches the requested pair
regression (0)	Complete regression shard	2026-10-09T00:19:35.9358522Z   ---
regression (0)	Complete regression shard	2026-10-09T00:19:35.9358672Z   duration_ms: 7.276511
regression (0)	Complete regression shard	2026-10-09T00:19:35.9358851Z   type: 'test'
regression (0)	Complete regression shard	2026-10-09T00:19:35.9359013Z   ...
regression (0)	Complete regression shard	2026-10-09T00:19:35.9359302Z # Subtest: a canceled initial selection does not poison a later retry
regression (0)	Complete regression shard	2026-10-09T00:19:35.9359729Z ok 64 - a canceled initial selection does not poison a later retry
regression (0)	Complete regression shard	2026-10-09T00:19:35.9360020Z   ---
regression (0)	Complete regression shard	2026-10-09T00:19:35.9360168Z   duration_ms: 3.46835
regression (0)	Complete regression shard	2026-10-09T00:19:35.9360348Z   type: 'test'
regression (0)	Complete regression shard	2026-10-09T00:19:35.9360509Z   ...
regression (0)	Complete regression shard	2026-10-09T00:19:35.9361000Z # Subtest: reloading geography discards old speculative evidence even when transport ignores cancellation
regression (0)	Complete regression shard	2026-10-09T00:19:35.9361648Z ok 65 - reloading geography discards old speculative evidence even when transport ignores cancellation
regression (0)	Complete regression shard	2026-10-09T00:19:35.9362036Z   ---
regression (0)	Complete regression shard	2026-10-09T00:19:35.9362180Z   duration_ms: 5.673639
regression (0)	Complete regression shard	2026-10-09T00:19:35.9362363Z   type: 'test'
regression (0)	Complete regression shard	2026-10-09T00:19:35.9362520Z   ...
regression (0)	Complete regression shard	2026-10-09T00:19:35.9362883Z # Subtest: preloaded prepared evidence remains hash-pinned and a failed index can be retried
regression (0)	Complete regression shard	2026-10-09T00:19:35.9363521Z ok 66 - preloaded prepared evidence remains hash-pinned and a failed index can be retried
regression (0)	Complete regression shard	2026-10-09T00:19:35.9363872Z   ---
regression (0)	Complete regression shard	2026-10-09T00:19:35.9364036Z   duration_ms: 4.832626
regression (0)	Complete regression shard	2026-10-09T00:19:35.9364211Z   type: 'test'
regression (0)	Complete regression shard	2026-10-09T00:19:35.9364377Z   ...
regression (0)	Complete regression shard	2026-10-09T00:19:35.9364743Z # Subtest: late failure of the old prepared index cannot clear the current loaded generation
regression (0)	Complete regression shard	2026-10-09T00:19:35.9365281Z ok 67 - late failure of the old prepared index cannot clear the current loaded generation
regression (0)	Complete regression shard	2026-10-09T00:19:35.9365757Z   ---
regression (0)	Complete regression shard	2026-10-09T00:19:35.9365910Z   duration_ms: 4.627168
regression (0)	Complete regression shard	2026-10-09T00:19:35.9366102Z   type: 'test'
regression (0)	Complete regression shard	2026-10-09T00:19:35.9366268Z   ...
regression (0)	Complete regression shard	2026-10-09T00:19:35.9366607Z # Subtest: a superseded geography root cannot restart the previous initial selection
regression (0)	Complete regression shard	2026-10-09T00:19:35.9367135Z ok 68 - a superseded geography root cannot restart the previous initial selection
regression (0)	Complete regression shard	2026-10-09T00:19:35.9367449Z   ---
regression (0)	Complete regression shard	2026-10-09T00:19:35.9367612Z   duration_ms: 3.74
regression (0)	Complete regression shard	2026-10-09T00:19:35.9367791Z   type: 'test'
regression (0)	Complete regression shard	2026-10-09T00:19:35.9367945Z   ...
regression (0)	Complete regression shard	2026-10-09T00:19:35.9368345Z # Subtest: history reloads with geography and an old failure cannot clear the current immutable read
regression (0)	Complete regression shard	2026-10-09T00:19:35.9369066Z ok 69 - history reloads with geography and an old failure cannot clear the current immutable read
regression (0)	Complete regression shard	2026-10-09T00:19:35.9369416Z   ---
regression (0)	Complete regression shard	2026-10-09T00:19:35.9369581Z   duration_ms: 3.093829
regression (0)	Complete regression shard	2026-10-09T00:19:35.9369761Z   type: 'test'
regression (0)	Complete regression shard	2026-10-09T00:19:35.9369906Z   ...
regression (0)	Complete regression shard	2026-10-09T00:19:35.9370226Z # Subtest: a pending complete snapshot cannot return across a geography reload
regression (0)	Complete regression shard	2026-10-09T00:19:35.9370706Z ok 70 - a pending complete snapshot cannot return across a geography reload
regression (0)	Complete regression shard	2026-10-09T00:19:35.9371017Z   ---
regression (0)	Complete regression shard	2026-10-09T00:19:35.9371165Z   duration_ms: 5.792444
regression (0)	Complete regression shard	2026-10-09T00:19:35.9371345Z   type: 'test'
regression (0)	Complete regression shard	2026-10-09T00:19:35.9371488Z   ...
regression (0)	Complete regression shard	2026-10-09T00:19:35.9371880Z # Subtest: ordinary pending hosted evidence cannot repopulate the cache after a geography reload
regression (0)	Complete regression shard	2026-10-09T00:19:35.9372461Z ok 71 - ordinary pending hosted evidence cannot repopulate the cache after a geography reload
regression (0)	Complete regression shard	2026-10-09T00:19:35.9372815Z   ---
regression (0)	Complete regression shard	2026-10-09T00:19:35.9372981Z   duration_ms: 3.494378
regression (0)	Complete regression shard	2026-10-09T00:19:35.9373152Z   type: 'test'
regression (0)	Complete regression shard	2026-10-09T00:19:35.9373393Z   ...
regression (0)	Complete regression shard	2026-10-09T00:19:35.9373817Z # Subtest: complete inline temporal streams use the existing pin and revision validator without extra HTTP reads
regression (0)	Complete regression shard	2026-10-09T00:19:35.9374491Z ok 72 - complete inline temporal streams use the existing pin and revision validator without extra HTTP reads
regression (0)	Complete regression shard	2026-10-09T00:19:35.9374891Z   ---
regression (0)	Complete regression shard	2026-10-09T00:19:35.9375052Z   duration_ms: 3.892506
regression (0)	Complete regression shard	2026-10-09T00:19:35.9375219Z   type: 'test'
regression (0)	Complete regression shard	2026-10-09T00:19:35.9375385Z   ...
regression (0)	Complete regression shard	2026-10-09T00:19:35.9375806Z # Subtest: inline temporal revision or release drift restarts the scalar snapshot rather than repinning it
regression (0)	Complete regression shard	2026-10-09T00:19:35.9376443Z ok 73 - inline temporal revision or release drift restarts the scalar snapshot rather than repinning it
regression (0)	Complete regression shard	2026-10-09T00:19:35.9376827Z   ---
regression (0)	Complete regression shard	2026-10-09T00:19:35.9376984Z   duration_ms: 3.927651
regression (0)	Complete regression shard	2026-10-09T00:19:35.9377150Z   type: 'test'
regression (0)	Complete regression shard	2026-10-09T00:19:35.9377313Z   ...
regression (0)	Complete regression shard	2026-10-09T00:19:35.9377649Z # Subtest: absent inline temporal pages retain bounded ordinary geography paging
regression (0)	Complete regression shard	2026-10-09T00:19:35.9378137Z ok 74 - absent inline temporal pages retain bounded ordinary geography paging
regression (0)	Complete regression shard	2026-10-09T00:19:35.9378440Z   ---
regression (0)	Complete regression shard	2026-10-09T00:19:35.9378602Z   duration_ms: 3.114389
regression (0)	Complete regression shard	2026-10-09T00:19:35.9378780Z   type: 'test'
regression (0)	Complete regression shard	2026-10-09T00:19:35.9378933Z   ...
regression (0)	Complete regression shard	2026-10-09T00:19:35.9379331Z # Subtest: partial inline temporal pages cannot become authoritative or trigger unbounded reads
regression (0)	Complete regression shard	2026-10-09T00:19:35.9379912Z ok 75 - partial inline temporal pages cannot become authoritative or trigger unbounded reads
regression (0)	Complete regression shard	2026-10-09T00:19:35.9380250Z   ---
regression (0)	Complete regression shard	2026-10-09T00:19:35.9380413Z   duration_ms: 3.032377
regression (0)	Complete regression shard	2026-10-09T00:19:35.9380590Z   type: 'test'
regression (0)	Complete regression shard	2026-10-09T00:19:35.9380739Z   ...
regression (0)	Complete regression shard	2026-10-09T00:19:35.9381119Z # Subtest: compact client hydrates two atomic entity pages and retains shared source provenance
regression (0)	Complete regression shard	2026-10-09T00:19:35.9381673Z ok 76 - compact client hydrates two atomic entity pages and retains shared source provenance
regression (0)	Complete regression shard	2026-10-09T00:19:35.9382018Z   ---
regression (0)	Complete regression shard	2026-10-09T00:19:35.9382166Z   duration_ms: 4.894782
regression (0)	Complete regression shard	2026-10-09T00:19:35.9382349Z   type: 'test'
regression (0)	Complete regression shard	2026-10-09T00:19:35.9382510Z   ...
regression (0)	Complete regression shard	2026-10-09T00:19:35.9382935Z # Subtest: oversized second page reduces its limit and retries its cursor without duplicating completed pages
regression (0)	Complete regression shard	2026-10-09T00:19:35.9383776Z ok 77 - oversized second page reduces its limit and retries its cursor without duplicating completed pages
regression (0)	Complete regression shard	2026-10-09T00:19:35.9384283Z   ---
regression (0)	Complete regression shard	2026-10-09T00:19:35.9384450Z   duration_ms: 3.940706
regression (0)	Complete regression shard	2026-10-09T00:19:35.9384631Z   type: 'test'
regression (0)	Complete regression shard	2026-10-09T00:19:35.9384797Z   ...
regression (0)	Complete regression shard	2026-10-09T00:19:35.9385185Z # Subtest: a first-page size retry reaches the reduced request and preserves retirement authority
regression (0)	Complete regression shard	2026-10-09T00:19:35.9385754Z ok 78 - a first-page size retry reaches the reduced request and preserves retirement authority
regression (0)	Complete regression shard	2026-10-09T00:19:35.9386092Z   ---
regression (0)	Complete regression shard	2026-10-09T00:19:35.9386255Z   duration_ms: 3.454039
regression (0)	Complete regression shard	2026-10-09T00:19:35.9386429Z   type: 'test'
regression (0)	Complete regression shard	2026-10-09T00:19:35.9386604Z   ...
regression (0)	Complete regression shard	2026-10-09T00:19:35.9387108Z # Subtest: retryable conflicts and cross-page revision changes restart the complete compact snapshot
regression (0)	Complete regression shard	2026-10-09T00:19:35.9387732Z ok 79 - retryable conflicts and cross-page revision changes restart the complete compact snapshot
regression (0)	Complete regression shard	2026-10-09T00:19:35.9388103Z   ---
regression (0)	Complete regression shard	2026-10-09T00:19:35.9388255Z   duration_ms: 3.476312
regression (0)	Complete regression shard	2026-10-09T00:19:35.9388446Z   type: 'test'
regression (0)	Complete regression shard	2026-10-09T00:19:35.9388616Z   ...
regression (0)	Complete regression shard	2026-10-09T00:19:35.9389058Z # Subtest: three persistently inconsistent attempts produce unavailable evidence without cold-cache authority
regression (0)	Complete regression shard	2026-10-09T00:19:35.9389739Z ok 80 - three persistently inconsistent attempts produce unavailable evidence without cold-cache authority
regression (0)	Complete regression shard	2026-10-09T00:19:35.9390132Z   ---
regression (0)	Complete regression shard	2026-10-09T00:19:35.9390281Z   duration_ms: 3.663618
regression (0)	Complete regression shard	2026-10-09T00:19:35.9390469Z   type: 'test'
regression (0)	Complete regression shard	2026-10-09T00:19:35.9390634Z   ...
regression (0)	Complete regression shard	2026-10-09T00:19:35.9391056Z # Subtest: warm failures retain claims and withdrawals atomically only for the same year and example setting
regression (0)	Complete regression shard	2026-10-09T00:19:35.9391714Z ok 81 - warm failures retain claims and withdrawals atomically only for the same year and example setting
regression (0)	Complete regression shard	2026-10-09T00:19:35.9392078Z   ---
regression (0)	Complete regression shard	2026-10-09T00:19:35.9392240Z   duration_ms: 4.243432
regression (0)	Complete regression shard	2026-10-09T00:19:35.9392429Z   type: 'test'
regression (0)	Complete regression shard	2026-10-09T00:19:35.9392587Z   ...
regression (0)	Complete regression shard	2026-10-09T00:19:35.9392927Z # Subtest: malformed compact pages, incorrect years and cursor cycles fail atomically
regression (0)	Complete regression shard	2026-10-09T00:19:35.9393520Z ok 82 - malformed compact pages, incorrect years and cursor cycles fail atomically
regression (0)	Complete regression shard	2026-10-09T00:19:35.9393855Z   ---
regression (0)	Complete regression shard	2026-10-09T00:19:35.9394020Z   duration_ms: 20.462519
regression (0)	Complete regression shard	2026-10-09T00:19:35.9394205Z   type: 'test'
regression (0)	Complete regression shard	2026-10-09T00:19:35.9394367Z   ...
regression (0)	Complete regression shard	2026-10-09T00:19:35.9394728Z # Subtest: compact client propagates aborts and passes the signal to its network request
regression (0)	Complete regression shard	2026-10-09T00:19:35.9395253Z ok 83 - compact client propagates aborts and passes the signal to its network request
regression (0)	Complete regression shard	2026-10-09T00:19:35.9395583Z   ---
regression (0)	Complete regression shard	2026-10-09T00:19:35.9395736Z   duration_ms: 3.246544
regression (0)	Complete regression shard	2026-10-09T00:19:35.9395920Z   type: 'test'
regression (0)	Complete regression shard	2026-10-09T00:19:35.9396086Z   ...
regression (0)	Complete regression shard	2026-10-09T00:19:35.9396430Z # Subtest: clients without a compact capability keep the original three-stream protocol
regression (0)	Complete regression shard	2026-10-09T00:19:35.9396962Z ok 84 - clients without a compact capability keep the original three-stream protocol
regression (0)	Complete regression shard	2026-10-09T00:19:35.9397277Z   ---
regression (0)	Complete regression shard	2026-10-09T00:19:35.9397443Z   duration_ms: 2.852924
regression (0)	Complete regression shard	2026-10-09T00:19:35.9397628Z   type: 'test'
regression (0)	Complete regression shard	2026-10-09T00:19:35.9397785Z   ...
regression (0)	Complete regression shard	2026-10-09T00:19:35.9398150Z # Subtest: the geography capability enables compact reads through the actual manifest loader
regression (0)	Complete regression shard	2026-10-09T00:19:35.9398700Z ok 85 - the geography capability enables compact reads through the actual manifest loader
regression (0)	Complete regression shard	2026-10-09T00:19:35.9399035Z   ---
regression (0)	Complete regression shard	2026-10-09T00:19:35.9399201Z   duration_ms: 5.277286
regression (0)	Complete regression shard	2026-10-09T00:19:35.9399378Z   type: 'test'
regression (0)	Complete regression shard	2026-10-09T00:19:35.9399528Z   ...
regression (0)	Complete regression shard	2026-10-09T00:19:35.9399929Z # Subtest: ownership index and same-path buckets reload with geography while nearby years reuse them
regression (0)	Complete regression shard	2026-10-09T00:19:35.9400522Z ok 86 - ownership index and same-path buckets reload with geography while nearby years reuse them
regression (0)	Complete regression shard	2026-10-09T00:19:35.9400897Z   ---
regression (0)	Complete regression shard	2026-10-09T00:19:35.9401059Z   duration_ms: 3.50889
regression (0)	Complete regression shard	2026-10-09T00:19:35.9401250Z   type: 'test'
regression (0)	Complete regression shard	2026-10-09T00:19:35.9401411Z   ...
regression (0)	Complete regression shard	2026-10-09T00:19:35.9401738Z # Subtest: late old ownership index failure cannot evict current generation
regression (0)	Complete regression shard	2026-10-09T00:19:35.9402300Z ok 87 - late old ownership index failure cannot evict current generation
regression (0)	Complete regression shard	2026-10-09T00:19:35.9402588Z   ---
regression (0)	Complete regression shard	2026-10-09T00:19:35.9402757Z   duration_ms: 10.515529
regression (0)	Complete regression shard	2026-10-09T00:19:35.9402944Z   type: 'test'
regression (0)	Complete regression shard	2026-10-09T00:19:35.9403104Z   ...
regression (0)	Complete regression shard	2026-10-09T00:19:35.9403493Z # Subtest: late old ownership bucket failure cannot evict current generation
regression (0)	Complete regression shard	2026-10-09T00:19:35.9403955Z ok 88 - late old ownership bucket failure cannot evict current generation
regression (0)	Complete regression shard	2026-10-09T00:19:35.9404224Z   ---
regression (0)	Complete regression shard	2026-10-09T00:19:35.9404375Z   duration_ms: 5.723253
regression (0)	Complete regression shard	2026-10-09T00:19:35.9404537Z   type: 'test'
regression (0)	Complete regression shard	2026-10-09T00:19:35.9404685Z   ...
regression (0)	Complete regression shard	2026-10-09T00:19:35.9405189Z # Subtest: selected native geography waits for exact normative latitude bytes alongside decoded ownership
regression (0)	Complete regression shard	2026-10-09T00:19:35.9405787Z ok 89 - selected native geography waits for exact normative latitude bytes alongside decoded ownership
regression (0)	Complete regression shard	2026-10-09T00:19:35.9406138Z   ---
regression (0)	Complete regression shard	2026-10-09T00:19:35.9406297Z   duration_ms: 50.147816
regression (0)	Complete regression shard	2026-10-09T00:19:35.9406531Z   type: 'test'
regression (0)	Complete regression shard	2026-10-09T00:19:35.9407062Z   ...
regression (0)	Complete regression shard	2026-10-09T00:19:35.9407774Z # Subtest: selected native geography rejects mixed source releases and unavailable declared physical classification
regression (0)	Complete regression shard	2026-10-09T00:19:35.9408502Z ok 90 - selected native geography rejects mixed source releases and unavailable declared physical classification
regression (0)	Complete regression shard	2026-10-09T00:19:35.9408885Z   ---
regression (0)	Complete regression shard	2026-10-09T00:19:35.9409040Z   duration_ms: 19.270163
regression (0)	Complete regression shard	2026-10-09T00:19:35.9409215Z   type: 'test'
regression (0)	Complete regression shard	2026-10-09T00:19:35.9409366Z   ...
regression (0)	Complete regression shard	2026-10-09T00:19:35.9409757Z # Subtest: compact contract preserves original guards, published byte retries and new service publication
regression (0)	Complete regression shard	2026-10-09T00:19:35.9410359Z ok 91 - compact contract preserves original guards, published byte retries and new service publication
regression (0)	Complete regression shard	2026-10-09T00:19:35.9410716Z   ---
regression (0)	Complete regression shard	2026-10-09T00:19:35.9410868Z   duration_ms: 2176.001026
regression (0)	Complete regression shard	2026-10-09T00:19:35.9411045Z   type: 'test'
regression (0)	Complete regression shard	2026-10-09T00:19:35.9411193Z   ...
regression (0)	Complete regression shard	2026-10-09T00:19:35.9411550Z # Subtest: compact membership rejects invalid parents, source changes, updates and withdrawals
regression (0)	Complete regression shard	2026-10-09T00:19:35.9412087Z ok 92 - compact membership rejects invalid parents, source changes, updates and withdrawals
regression (0)	Complete regression shard	2026-10-09T00:19:35.9412412Z   ---
regression (0)	Complete regression shard	2026-10-09T00:19:35.9412560Z   duration_ms: 1207.114317
regression (0)	Complete regression shard	2026-10-09T00:19:35.9412732Z   type: 'test'
regression (0)	Complete regression shard	2026-10-09T00:19:35.9412877Z   ...
regression (0)	Complete regression shard	2026-10-09T00:19:35.9413374Z # Subtest: compact dictionary preserves distinct raw JSON whitespace, key order and duplicate keys
regression (0)	Complete regression shard	2026-10-09T00:19:35.9414048Z ok 93 - compact dictionary preserves distinct raw JSON whitespace, key order and duplicate keys
regression (0)	Complete regression shard	2026-10-09T00:19:35.9414404Z   ---
regression (0)	Complete regression shard	2026-10-09T00:19:35.9414575Z   duration_ms: 1128.537108
regression (0)	Complete regression shard	2026-10-09T00:19:35.9414751Z   type: 'test'
regression (0)	Complete regression shard	2026-10-09T00:19:35.9414897Z   ...
regression (0)	Complete regression shard	2026-10-09T00:19:35.9415215Z # Subtest: failed copy rolls back its dictionaries, relation switch and original rows
regression (0)	Complete regression shard	2026-10-09T00:19:35.9415688Z ok 94 - failed copy rolls back its dictionaries, relation switch and original rows
regression (0)	Complete regression shard	2026-10-09T00:19:35.9415978Z   ---
regression (0)	Complete regression shard	2026-10-09T00:19:35.9416127Z   duration_ms: 1079.396517
regression (0)	Complete regression shard	2026-10-09T00:19:35.9416298Z   type: 'test'
regression (0)	Complete regression shard	2026-10-09T00:19:35.9416442Z   ...
regression (0)	Complete regression shard	2026-10-09T00:19:35.9416779Z # Subtest: copy parity rejects an extra row and migration refuses unreviewed dependent views
regression (0)	Complete regression shard	2026-10-09T00:19:35.9417282Z ok 95 - copy parity rejects an extra row and migration refuses unreviewed dependent views
regression (0)	Complete regression shard	2026-10-09T00:19:35.9417586Z   ---
regression (0)	Complete regression shard	2026-10-09T00:19:35.9417733Z   duration_ms: 1045.101584
regression (0)	Complete regression shard	2026-10-09T00:19:35.9417904Z   type: 'test'
regression (0)	Complete regression shard	2026-10-09T00:19:35.9418049Z   ...
regression (0)	Complete regression shard	2026-10-09T00:19:35.9418405Z # Subtest: application role can use guarded membership view but cannot touch private dictionaries
regression (0)	Complete regression shard	2026-10-09T00:19:35.9418946Z ok 96 - application role can use guarded membership view but cannot touch private dictionaries
regression (0)	Complete regression shard	2026-10-09T00:19:35.9419262Z   ---
regression (0)	Complete regression shard	2026-10-09T00:19:35.9419405Z   duration_ms: 1057.153643
regression (0)	Complete regression shard	2026-10-09T00:19:35.9419572Z   type: 'test'
regression (0)	Complete regression shard	2026-10-09T00:19:35.9419722Z   ...
regression (0)	Complete regression shard	2026-10-09T00:19:35.9420124Z # {"baselineRuns":28808887,"boundaryAndGapCells":115235548,"legacyBytes":463039520,"compactBytes":232568424}
regression (0)	Complete regression shard	2026-10-09T00:19:35.9420901Z # Subtest: every published canonical run survives compact packing, including its boundary cells and gaps
regression (0)	Complete regression shard	2026-10-09T00:19:35.9421491Z ok 97 - every published canonical run survives compact packing, including its boundary cells and gaps
regression (0)	Complete regression shard	2026-10-09T00:19:35.9421829Z   ---
regression (0)	Complete regression shard	2026-10-09T00:19:35.9421979Z   duration_ms: 25837.340628
regression (0)	Complete regression shard	2026-10-09T00:19:35.9422159Z   type: 'test'
regression (0)	Complete regression shard	2026-10-09T00:19:35.9422311Z   ...
regression (0)	Complete regression shard	2026-10-09T00:19:35.9422688Z # Subtest: compact full coordinate range, split high owner bits, seam cells and owner capacity are exact
regression (0)	Complete regression shard	2026-10-09T00:19:35.9423650Z ok 98 - compact full coordinate range, split high owner bits, seam cells and owner capacity are exact
regression (0)	Complete regression shard	2026-10-09T00:19:35.9424128Z   ---
regression (0)	Complete regression shard	2026-10-09T00:19:35.9424324Z   duration_ms: 92.970379
regression (0)	Complete regression shard	2026-10-09T00:19:35.9424577Z   type: 'test'
regression (0)	Complete regression shard	2026-10-09T00:19:35.9424731Z   ...
regression (0)	Complete regression shard	2026-10-09T00:19:35.9425117Z # Subtest: v1 and v2 asset loaders preserve gzip/raw words, split row chunks and reject ambiguous manifests
regression (0)	Complete regression shard	2026-10-09T00:19:35.9425701Z ok 99 - v1 and v2 asset loaders preserve gzip/raw words, split row chunks and reject ambiguous manifests
regression (0)	Complete regression shard	2026-10-09T00:19:35.9426033Z   ---
regression (0)	Complete regression shard	2026-10-09T00:19:35.9426180Z   duration_ms: 22.296632
regression (0)	Complete regression shard	2026-10-09T00:19:35.9426351Z   type: 'test'
regression (0)	Complete regression shard	2026-10-09T00:19:35.9426497Z   ...
regression (0)	Complete regression shard	2026-10-09T00:19:35.9426934Z # Subtest: shuffled and row-local varint transports reconstruct every packed bit across chunk and empty-row boundaries
regression (0)	Complete regression shard	2026-10-09T00:19:35.9427610Z ok 100 - shuffled and row-local varint transports reconstruct every packed bit across chunk and empty-row boundaries
regression (0)	Complete regression shard	2026-10-09T00:19:35.9427997Z   ---
regression (0)	Complete regression shard	2026-10-09T00:19:35.9428150Z   duration_ms: 190.122264
regression (0)	Complete regression shard	2026-10-09T00:19:35.9428336Z   type: 'test'
regression (0)	Complete regression shard	2026-10-09T00:19:35.9428486Z   ...
regression (0)	Complete regression shard	2026-10-09T00:19:35.9429306Z # ^[[31m(!) Failed to run dependency scan. Skipping dependency pre-bundling. Error: The following dependencies are imported but could not be resolved:
regression (0)	Complete regression shard	2026-10-09T00:19:35.9430554Z #   ^[[36mpolyfills-5CFQRCPP.js^[[31m ^[[37m^[[2m(imported by /home/runner/work/WorldAtlas/WorldAtlas/data/regional-review/texas-source-interpretation-followup-431/sources/texas-capitol-navigation-shell.html)^[[22m^[[31m
regression (0)	Complete regression shard	2026-10-09T00:19:35.9431908Z #   ^[[36mmain-6BSFENBJ.js^[[31m ^[[37m^[[2m(imported by /home/runner/work/WorldAtlas/WorldAtlas/data/regional-review/texas-source-interpretation-followup-431/sources/texas-capitol-navigation-shell.html)^[[22m^[[31m
regression (0)	Complete regression shard	2026-10-09T00:19:35.9433025Z # Are they installed?
regression (0)	Complete regression shard	2026-10-09T00:19:35.9433853Z #     at file:///home/runner/work/WorldAtlas/WorldAtlas/node_modules/vite/dist/node/chunks/config.js:31983:33
regression (0)	Complete regression shard	2026-10-09T00:19:35.9434773Z #     at process.processTicksAndRejections (node:internal/process/task_queues:104:5)
regression (0)	Complete regression shard	2026-10-09T00:19:35.9435882Z #     at async file:///home/runner/work/WorldAtlas/WorldAtlas/node_modules/vite/dist/node/chunks/config.js:34191:15^[[39m
regression (0)	Complete regression shard	2026-10-09T00:19:35.9437324Z # {"results":[{"version":1,"mismatches":0,"error":0},{"version":2,"mismatches":0,"error":0}],"high":{"pixel":[193,71,29,255],"error":0,"size":262144,"maxTextureSize":8192,"navigationOwnershipUploads":0}}
regression (0)	Complete regression shard	2026-10-09T00:19:35.9438578Z # Subtest: real WebGL framebuffer agrees for legacy/compact holes, odd runs, maximum coordinates and high IDs
regression (0)	Complete regression shard	2026-10-09T00:19:35.9439565Z ok 101 - real WebGL framebuffer agrees for legacy/compact holes, odd runs, maximum coordinates and high IDs
regression (0)	Complete regression shard	2026-10-09T00:19:35.9440120Z   ---
regression (0)	Complete regression shard	2026-10-09T00:19:35.9440356Z   duration_ms: 4158.810332
regression (0)	Complete regression shard	2026-10-09T00:19:35.9440641Z   type: 'test'
regression (0)	Complete regression shard	2026-10-09T00:19:35.9440872Z   ...
regression (0)	Complete regression shard	2026-10-09T00:19:35.9441465Z # Subtest: packaged coverage supports all modes, gap explanations and unavailable-reference policy
regression (0)	Complete regression shard	2026-10-09T00:19:35.9442358Z ok 102 - packaged coverage supports all modes, gap explanations and unavailable-reference policy
regression (0)	Complete regression shard	2026-10-09T00:19:35.9442885Z   ---
regression (0)	Complete regression shard	2026-10-09T00:19:35.9443115Z   duration_ms: 29101.098487
regression (0)	Complete regression shard	2026-10-09T00:19:35.9443508Z   type: 'test'
regression (0)	Complete regression shard	2026-10-09T00:19:35.9458710Z   ...
regression (0)	Complete regression shard	2026-10-09T00:19:35.9459746Z # Subtest: complete native context stage verifies original bytes, compact derivative and both immutable inventories
regression (0)	Complete regression shard	2026-10-09T00:19:35.9460875Z ok 103 - complete native context stage verifies original bytes, compact derivative and both immutable inventories
regression (0)	Complete regression shard	2026-10-09T00:19:35.9461494Z   ---
regression (0)	Complete regression shard	2026-10-09T00:19:35.9461734Z   duration_ms: 7924.161869
regression (0)	Complete regression shard	2026-10-09T00:19:35.9462013Z   type: 'test'
regression (0)	Complete regression shard	2026-10-09T00:19:35.9462239Z   ...
regression (0)	Complete regression shard	2026-10-09T00:19:35.9462813Z # Subtest: mandatory context stage rejects missing, tampered, stale and over-budget inputs
regression (0)	Complete regression shard	2026-10-09T00:19:35.9463811Z ok 104 - mandatory context stage rejects missing, tampered, stale and over-budget inputs
regression (0)	Complete regression shard	2026-10-09T00:19:35.9464471Z   ---
regression (0)	Complete regression shard	2026-10-09T00:19:35.9464700Z   duration_ms: 32539.052891
regression (0)	Complete regression shard	2026-10-09T00:19:35.9464971Z   type: 'test'
regression (0)	Complete regression shard	2026-10-09T00:19:35.9465191Z   ...
regression (0)	Complete regression shard	2026-10-09T00:19:35.9465853Z # Subtest: prepared physical reference is pinned and preserves reported gaps, lake, ocean and blocked uncertainty
regression (0)	Complete regression shard	2026-10-09T00:19:35.9466881Z ok 105 - prepared physical reference is pinned and preserves reported gaps, lake, ocean and blocked uncertainty
regression (0)	Complete regression shard	2026-10-09T00:19:35.9467453Z   ---
regression (0)	Complete regression shard	2026-10-09T00:19:35.9467675Z   duration_ms: 1096.519962
regression (0)	Complete regression shard	2026-10-09T00:19:35.9467934Z   type: 'test'
regression (0)	Complete regression shard	2026-10-09T00:19:35.9468160Z   ...
regression (0)	Complete regression shard	2026-10-09T00:19:35.9468810Z # Subtest: standard envelope roundtrip uses fresh randomness, authenticated context and no plaintext fields
regression (0)	Complete regression shard	2026-10-09T00:19:35.9469824Z ok 106 - standard envelope roundtrip uses fresh randomness, authenticated context and no plaintext fields
regression (0)	Complete regression shard	2026-10-09T00:19:35.9470387Z   ---
regression (0)	Complete regression shard	2026-10-09T00:19:35.9470611Z   duration_ms: 12.090238
regression (0)	Complete regression shard	2026-10-09T00:19:35.9470873Z   type: 'test'
regression (0)	Complete regression shard	2026-10-09T00:19:35.9471106Z   ...
regression (0)	Complete regression shard	2026-10-09T00:19:35.9471647Z # Subtest: tampered ciphertext, authentication tag, IV, wrapped key and recipient are rejected
regression (0)	Complete regression shard	2026-10-09T00:19:35.9472463Z ok 107 - tampered ciphertext, authentication tag, IV, wrapped key and recipient are rejected
regression (0)	Complete regression shard	2026-10-09T00:19:35.9472975Z   ---
regression (0)	Complete regression shard	2026-10-09T00:19:35.9473333Z   duration_ms: 12.107714
regression (0)	Complete regression shard	2026-10-09T00:19:35.9473614Z   type: 'test'
regression (0)	Complete regression shard	2026-10-09T00:19:35.9473858Z   ...
regression (0)	Complete regression shard	2026-10-09T00:19:35.9474484Z # Subtest: malformed or oversized envelopes, unapproved algorithms and invalid intervals fail closed
regression (0)	Complete regression shard	2026-10-09T00:19:35.9475451Z ok 108 - malformed or oversized envelopes, unapproved algorithms and invalid intervals fail closed
regression (0)	Complete regression shard	2026-10-09T00:19:35.9476009Z   ---
regression (0)	Complete regression shard	2026-10-09T00:19:35.9476229Z   duration_ms: 2.516179
regression (0)	Complete regression shard	2026-10-09T00:19:35.9476472Z   type: 'test'
regression (0)	Complete regression shard	2026-10-09T00:19:35.9476667Z   ...
regression (0)	Complete regression shard	2026-10-09T00:19:35.9477192Z # Subtest: owner credentials, other endpoints, missing TLS and non-RSA keys cannot be transported
regression (0)	Complete regression shard	2026-10-09T00:19:35.9478085Z ok 109 - owner credentials, other endpoints, missing TLS and non-RSA keys cannot be transported
regression (0)	Complete regression shard	2026-10-09T00:19:35.9478635Z   ---
regression (0)	Complete regression shard	2026-10-09T00:19:35.9478866Z   duration_ms: 1.367335
regression (0)	Complete regression shard	2026-10-09T00:19:35.9479137Z   type: 'test'
regression (0)	Complete regression shard	2026-10-09T00:19:35.9479367Z   ...
regression (0)	Complete regression shard	2026-10-09T00:19:35.9480174Z # Subtest: private delivery writes owner-only outside-Git file and refuses wrong digest, unsafe permissions, symlinks and overwrite
regression (0)	Complete regression shard	2026-10-09T00:19:35.9481449Z ok 110 - private delivery writes owner-only outside-Git file and refuses wrong digest, unsafe permissions, symlinks and overwrite
regression (0)	Complete regression shard	2026-10-09T00:19:35.9482133Z   ---
regression (0)	Complete regression shard	2026-10-09T00:19:35.9482377Z   duration_ms: 11.619765
regression (0)	Complete regression shard	2026-10-09T00:19:35.9482648Z   type: 'test'
regression (0)	Complete regression shard	2026-10-09T00:19:35.9482879Z   ...
regression (0)	Complete regression shard	2026-10-09T00:19:35.9483678Z # Subtest: CLI encryption/decryption returns metadata only and failures never print plaintext or key material
regression (0)	Complete regression shard	2026-10-09T00:19:35.9484742Z ok 111 - CLI encryption/decryption returns metadata only and failures never print plaintext or key material
regression (0)	Complete regression shard	2026-10-09T00:19:35.9485358Z   ---
regression (0)	Complete regression shard	2026-10-09T00:19:35.9485600Z   duration_ms: 276.042037
regression (0)	Complete regression shard	2026-10-09T00:19:35.9485879Z   type: 'test'
regression (0)	Complete regression shard	2026-10-09T00:19:35.9486113Z   ...
regression (0)	Complete regression shard	2026-10-09T00:19:35.9486737Z # Subtest: exact upload archive accounting includes transport/config and preserves excluded sources
regression (0)	Complete regression shard	2026-10-09T00:19:35.9487881Z ok 112 - exact upload archive accounting includes transport/config and preserves excluded sources
regression (0)	Complete regression shard	2026-10-09T00:19:35.9488444Z   ---
regression (0)	Complete regression shard	2026-10-09T00:19:35.9488684Z   duration_ms: 74.234059
regression (0)	Complete regression shard	2026-10-09T00:19:35.9488938Z   type: 'test'
regression (0)	Complete regression shard	2026-10-09T00:19:35.9489157Z   ...
regression (0)	Complete regression shard	2026-10-09T00:19:35.9489735Z # Subtest: reserve breaches fail before hard limits and diagnostics name large files/categories
regression (0)	Complete regression shard	2026-10-09T00:19:35.9490622Z ok 113 - reserve breaches fail before hard limits and diagnostics name large files/categories
regression (0)	Complete regression shard	2026-10-09T00:19:35.9491104Z   ---
regression (0)	Complete regression shard	2026-10-09T00:19:35.9491325Z   duration_ms: 0.638981
regression (0)	Complete regression shard	2026-10-09T00:19:35.9491575Z   type: 'test'
regression (0)	Complete regression shard	2026-10-09T00:19:35.9491924Z   ...
regression (0)	Complete regression shard	2026-10-09T00:19:35.9492503Z # Subtest: staged Site inventory agrees with actual archive and rejects redundant transport/linked inputs
regression (0)	Complete regression shard	2026-10-09T00:19:35.9493535Z ok 114 - staged Site inventory agrees with actual archive and rejects redundant transport/linked inputs
regression (0)	Complete regression shard	2026-10-09T00:19:35.9494070Z   ---
regression (0)	Complete regression shard	2026-10-09T00:19:35.9494286Z   duration_ms: 37.715644
regression (0)	Complete regression shard	2026-10-09T00:19:35.9494535Z   type: 'test'
regression (0)	Complete regression shard	2026-10-09T00:19:35.9494746Z   ...
regression (0)	Complete regression shard	2026-10-09T00:19:35.9495442Z # Subtest: fixed environmental classifications have unique stable identities and cover every existing reference value
regression (0)	Complete regression shard	2026-10-09T00:19:35.9496548Z ok 115 - fixed environmental classifications have unique stable identities and cover every existing reference value
regression (0)	Complete regression shard	2026-10-09T00:19:35.9497141Z   ---
regression (0)	Complete regression shard	2026-10-09T00:19:35.9497370Z   duration_ms: 8.862221
regression (0)	Complete regression shard	2026-10-09T00:19:35.9497632Z   type: 'test'
regression (0)	Complete regression shard	2026-10-09T00:19:35.9497837Z   ...
regression (0)	Complete regression shard	2026-10-09T00:19:35.9498391Z # Subtest: classification API exposes the exact fixed vocabulary independently of database content
regression (0)	Complete regression shard	2026-10-09T00:19:35.9499262Z ok 116 - classification API exposes the exact fixed vocabulary independently of database content
regression (0)	Complete regression shard	2026-10-09T00:19:35.9499826Z   ---
regression (0)	Complete regression shard	2026-10-09T00:19:35.9500053Z   duration_ms: 46.453812
regression (0)	Complete regression shard	2026-10-09T00:19:35.9500324Z   type: 'test'
regression (0)	Complete regression shard	2026-10-09T00:19:35.9500549Z   ...
regression (0)	Complete regression shard	2026-10-09T00:19:35.9501199Z # Subtest: aliases and stable IDs produce identical whole-location values, colors and category identities
regression (0)	Complete regression shard	2026-10-09T00:19:35.9502278Z ok 117 - aliases and stable IDs produce identical whole-location values, colors and category identities
regression (0)	Complete regression shard	2026-10-09T00:19:35.9502867Z   ---
regression (0)	Complete regression shard	2026-10-09T00:19:35.9503101Z   duration_ms: 4.815867
regression (0)	Complete regression shard	2026-10-09T00:19:35.9503472Z   type: 'test'
regression (0)	Complete regression shard	2026-10-09T00:19:35.9503706Z   ...
regression (0)	Complete regression shard	2026-10-09T00:19:35.9504369Z # Subtest: preview, both importers and raw SQL reject environmental typos while retaining explicit unknowns
regression (0)	Complete regression shard	2026-10-09T00:19:35.9505390Z ok 118 - preview, both importers and raw SQL reject environmental typos while retaining explicit unknowns
regression (0)	Complete regression shard	2026-10-09T00:19:35.9505980Z   ---
regression (0)	Complete regression shard	2026-10-09T00:19:35.9506216Z   duration_ms: 98.755523
regression (0)	Complete regression shard	2026-10-09T00:19:35.9506489Z   type: 'test'
regression (0)	Complete regression shard	2026-10-09T00:19:35.9506717Z   ...
regression (0)	Complete regression shard	2026-10-09T00:19:35.9507466Z # Subtest: grandfathered free-form evidence is retained and exact hosted replays stay idempotent without admitting new text
regression (0)	Complete regression shard	2026-10-09T00:19:35.9508653Z ok 119 - grandfathered free-form evidence is retained and exact hosted replays stay idempotent without admitting new text
regression (0)	Complete regression shard	2026-10-09T00:19:35.9509316Z   ---
regression (0)	Complete regression shard	2026-10-09T00:19:35.9509540Z   duration_ms: 25.128563
regression (0)	Complete regression shard	2026-10-09T00:19:35.9509805Z   type: 'test'
regression (0)	Complete regression shard	2026-10-09T00:19:35.9510035Z   ...
regression (0)	Complete regression shard	2026-10-09T00:19:35.9510729Z # Subtest: accepted aliases and canonical identities remain source evidence instead of rewriting imported records
regression (0)	Complete regression shard	2026-10-09T00:19:35.9511815Z ok 120 - accepted aliases and canonical identities remain source evidence instead of rewriting imported records
regression (0)	Complete regression shard	2026-10-09T00:19:35.9512427Z   ---
regression (0)	Complete regression shard	2026-10-09T00:19:35.9512652Z   duration_ms: 27.334865
regression (0)	Complete regression shard	2026-10-09T00:19:35.9512919Z   type: 'test'
regression (0)	Complete regression shard	2026-10-09T00:19:35.9513145Z   ...
regression (0)	Complete regression shard	2026-10-09T00:19:35.9513865Z # Subtest: bounded root and child evidence verify complete changed-file union and baseline inventory
regression (0)	Complete regression shard	2026-10-09T00:19:35.9514816Z ok 121 - bounded root and child evidence verify complete changed-file union and baseline inventory
regression (0)	Complete regression shard	2026-10-09T00:19:35.9515368Z   ---
regression (0)	Complete regression shard	2026-10-09T00:19:35.9515750Z   duration_ms: 12.012603
regression (0)	Complete regression shard	2026-10-09T00:19:35.9515998Z   type: 'test'
regression (0)	Complete regression shard	2026-10-09T00:19:35.9516209Z   ...
regression (0)	Complete regression shard	2026-10-09T00:19:35.9516665Z # Subtest: changed child manifest and absent/unassigned changed files reject
regression (0)	Complete regression shard	2026-10-09T00:19:35.9517351Z ok 122 - changed child manifest and absent/unassigned changed files reject
regression (0)	Complete regression shard	2026-10-09T00:19:35.9517806Z   ---
regression (0)	Complete regression shard	2026-10-09T00:19:35.9518032Z   duration_ms: 8.174468
regression (0)	Complete regression shard	2026-10-09T00:19:35.9518298Z   type: 'test'
regression (0)	Complete regression shard	2026-10-09T00:19:35.9518524Z   ...
regression (0)	Complete regression shard	2026-10-09T00:19:35.9519002Z # Subtest: root hash cycles, duplicate assignments and changed context reject
regression (0)	Complete regression shard	2026-10-09T00:19:35.9519719Z ok 123 - root hash cycles, duplicate assignments and changed context reject
regression (0)	Complete regression shard	2026-10-09T00:19:35.9520292Z   ---
regression (0)	Complete regression shard	2026-10-09T00:19:35.9520510Z   duration_ms: 1.515203
regression (0)	Complete regression shard	2026-10-09T00:19:35.9520754Z   type: 'test'
regression (0)	Complete regression shard	2026-10-09T00:19:35.9521005Z   ...
regression (0)	Complete regression shard	2026-10-09T00:19:35.9521474Z # Subtest: partial baseline inventory cannot replace actual byte verification
regression (0)	Complete regression shard	2026-10-09T00:19:35.9522161Z ok 124 - partial baseline inventory cannot replace actual byte verification
regression (0)	Complete regression shard	2026-10-09T00:19:35.9522465Z   ---
regression (0)	Complete regression shard	2026-10-09T00:19:35.9522618Z   duration_ms: 4.583766
regression (0)	Complete regression shard	2026-10-09T00:19:35.9522789Z   type: 'test'
regression (0)	Complete regression shard	2026-10-09T00:19:35.9522934Z   ...
regression (0)	Complete regression shard	2026-10-09T00:19:35.9523445Z # Subtest: empty inventory, alternate executed index and omitted preservation bytes reject
regression (0)	Complete regression shard	2026-10-09T00:19:35.9524000Z ok 125 - empty inventory, alternate executed index and omitted preservation bytes reject
regression (0)	Complete regression shard	2026-10-09T00:19:35.9524329Z   ---
regression (0)	Complete regression shard	2026-10-09T00:19:35.9524482Z   duration_ms: 2.32091
regression (0)	Complete regression shard	2026-10-09T00:19:35.9524662Z   type: 'test'
regression (0)	Complete regression shard	2026-10-09T00:19:35.9524917Z   ...
regression (0)	Complete regression shard	2026-10-09T00:19:35.9525463Z # Subtest: trusted per-partition descriptor and individual byte budgets are not raised
regression (0)	Complete regression shard	2026-10-09T00:19:35.9526285Z ok 126 - trusted per-partition descriptor and individual byte budgets are not raised
regression (0)	Complete regression shard	2026-10-09T00:19:35.9526708Z   ---
regression (0)	Complete regression shard	2026-10-09T00:19:35.9526938Z   duration_ms: 10.386642
regression (0)	Complete regression shard	2026-10-09T00:19:35.9527207Z   type: 'test'
regression (0)	Complete regression shard	2026-10-09T00:19:35.9527446Z   ...
regression (0)	Complete regression shard	2026-10-09T00:19:35.9527793Z # Subtest: exact predecessor bytes retain original claims and append migration chronology
regression (0)	Complete regression shard	2026-10-09T00:19:35.9528305Z ok 127 - exact predecessor bytes retain original claims and append migration chronology
regression (0)	Complete regression shard	2026-10-09T00:19:35.9528618Z   ---
regression (0)	Complete regression shard	2026-10-09T00:19:35.9528770Z   duration_ms: 8.614827
regression (0)	Complete regression shard	2026-10-09T00:19:35.9528942Z   type: 'test'
regression (0)	Complete regression shard	2026-10-09T00:19:35.9529091Z   ...
regression (0)	Complete regression shard	2026-10-09T00:19:35.9529418Z # Subtest: damaged archive, raw digest, current projection and previous geography reject
regression (0)	Complete regression shard	2026-10-09T00:19:35.9529905Z ok 128 - damaged archive, raw digest, current projection and previous geography reject
regression (0)	Complete regression shard	2026-10-09T00:19:35.9530219Z   ---
regression (0)	Complete regression shard	2026-10-09T00:19:35.9530374Z   duration_ms: 2.057622
regression (0)	Complete regression shard	2026-10-09T00:19:35.9530544Z   type: 'test'
regression (0)	Complete regression shard	2026-10-09T00:19:35.9530693Z   ...
regression (0)	Complete regression shard	2026-10-09T00:19:35.9530970Z # Subtest: replaced migration history and changed proof bytes reject
regression (0)	Complete regression shard	2026-10-09T00:19:35.9531370Z ok 129 - replaced migration history and changed proof bytes reject
regression (0)	Complete regression shard	2026-10-09T00:19:35.9531632Z   ---
regression (0)	Complete regression shard	2026-10-09T00:19:35.9531786Z   duration_ms: 0.688575
regression (0)	Complete regression shard	2026-10-09T00:19:35.9531959Z   type: 'test'
regression (0)	Complete regression shard	2026-10-09T00:19:35.9532108Z   ...
regression (0)	Complete regression shard	2026-10-09T00:19:35.9532396Z # Subtest: claim, source inventory, count and territorial transfer reject
regression (0)	Complete regression shard	2026-10-09T00:19:35.9532811Z ok 130 - claim, source inventory, count and territorial transfer reject
regression (0)	Complete regression shard	2026-10-09T00:19:35.9533078Z   ---
regression (0)	Complete regression shard	2026-10-09T00:19:35.9533379Z   duration_ms: 6.363358
regression (0)	Complete regression shard	2026-10-09T00:19:35.9533558Z   type: 'test'
regression (0)	Complete regression shard	2026-10-09T00:19:35.9533705Z   ...
regression (0)	Complete regression shard	2026-10-09T00:19:35.9533993Z # Subtest: escaping, absolute paths and unknown archive compression reject
regression (0)	Complete regression shard	2026-10-09T00:19:35.9534415Z ok 131 - escaping, absolute paths and unknown archive compression reject
regression (0)	Complete regression shard	2026-10-09T00:19:35.9534689Z   ---
regression (0)	Complete regression shard	2026-10-09T00:19:35.9534835Z   duration_ms: 0.584241
regression (0)	Complete regression shard	2026-10-09T00:19:35.9534998Z   type: 'test'
regression (0)	Complete regression shard	2026-10-09T00:19:35.9535146Z   ...
regression (0)	Complete regression shard	2026-10-09T00:19:35.9535485Z # Subtest: legacy detached terminal hash is recorded as a limit without inventing an archive
regression (0)	Complete regression shard	2026-10-09T00:19:35.9536166Z ok 132 - legacy detached terminal hash is recorded as a limit without inventing an archive
regression (0)	Complete regression shard	2026-10-09T00:19:35.9536480Z   ---
regression (0)	Complete regression shard	2026-10-09T00:19:35.9536627Z   duration_ms: 1.257443
regression (0)	Complete regression shard	2026-10-09T00:19:35.9536790Z   type: 'test'
regression (0)	Complete regression shard	2026-10-09T00:19:35.9536935Z   ...
regression (0)	Complete regression shard	2026-10-09T00:19:35.9537287Z # Subtest: observed reset and early capacity progress without swapping token or accepting timing
regression (0)	Complete regression shard	2026-10-09T00:19:35.9537830Z ok 133 - observed reset and early capacity progress without swapping token or accepting timing
regression (0)	Complete regression shard	2026-10-09T00:19:35.9538149Z   ---
regression (0)	Complete regression shard	2026-10-09T00:19:35.9538305Z   duration_ms: 2.480656
regression (0)	Complete regression shard	2026-10-09T00:19:35.9538479Z   type: 'test'
regression (0)	Complete regression shard	2026-10-09T00:19:35.9538737Z   ...
regression (0)	Complete regression shard	2026-10-09T00:19:35.9539062Z # Subtest: no deficit causes no sleep and observed nondefault core limit owns admission
regression (0)	Complete regression shard	2026-10-09T00:19:35.9539545Z ok 134 - no deficit causes no sleep and observed nondefault core limit owns admission
regression (0)	Complete regression shard	2026-10-09T00:19:35.9539842Z   ---
regression (0)	Complete regression shard	2026-10-09T00:19:35.9539992Z   duration_ms: 0.729174
regression (0)	Complete regression shard	2026-10-09T00:19:35.9540165Z   type: 'test'
regression (0)	Complete regression shard	2026-10-09T00:19:35.9540313Z   ...
regression (0)	Complete regression shard	2026-10-09T00:19:35.9540610Z # Subtest: invalid/null/rate denial data and disagreeing windows fail closed
regression (0)	Complete regression shard	2026-10-09T00:19:35.9541046Z ok 135 - invalid/null/rate denial data and disagreeing windows fail closed
regression (0)	Complete regression shard	2026-10-09T00:19:35.9541320Z   ---
regression (0)	Complete regression shard	2026-10-09T00:19:35.9541468Z   duration_ms: 0.632782
regression (0)	Complete regression shard	2026-10-09T00:19:35.9541641Z   type: 'test'
regression (0)	Complete regression shard	2026-10-09T00:19:35.9541786Z   ...
regression (0)	Complete regression shard	2026-10-09T00:19:35.9542107Z # Subtest: monotonic deadline bounds delayed reset despite wall-clock movement
regression (0)	Complete regression shard	2026-10-09T00:19:35.9542562Z ok 136 - monotonic deadline bounds delayed reset despite wall-clock movement
regression (0)	Complete regression shard	2026-10-09T00:19:35.9542854Z   ---
regression (0)	Complete regression shard	2026-10-09T00:19:35.9543006Z   duration_ms: 0.480108
regression (0)	Complete regression shard	2026-10-09T00:19:35.9543180Z   type: 'test'
regression (0)	Complete regression shard	2026-10-09T00:19:35.9543503Z   ...
regression (0)	Complete regression shard	2026-10-09T00:19:35.9543844Z # Subtest: final bound includes declared and original blobs, fresh guards and source gates
regression (0)	Complete regression shard	2026-10-09T00:19:35.9544348Z ok 137 - final bound includes declared and original blobs, fresh guards and source gates
regression (0)	Complete regression shard	2026-10-09T00:19:35.9544665Z   ---
regression (0)	Complete regression shard	2026-10-09T00:19:35.9544815Z   duration_ms: 0.345559
regression (0)	Complete regression shard	2026-10-09T00:19:35.9544983Z   type: 'test'
regression (0)	Complete regression shard	2026-10-09T00:19:35.9545129Z   ...
regression (0)	Complete regression shard	2026-10-09T00:19:35.9545479Z # Subtest: real tree/path/vintage inventory includes nonadded originals and verified OID reuse
regression (0)	Complete regression shard	2026-10-09T00:19:35.9546004Z ok 138 - real tree/path/vintage inventory includes nonadded originals and verified OID reuse
regression (0)	Complete regression shard	2026-10-09T00:19:35.9546320Z   ---
regression (0)	Complete regression shard	2026-10-09T00:19:35.9546465Z   duration_ms: 5.61142
regression (0)	Complete regression shard	2026-10-09T00:19:35.9546637Z   type: 'test'
regression (0)	Complete regression shard	2026-10-09T00:19:35.9546782Z   ...
regression (0)	Complete regression shard	2026-10-09T00:19:35.9547155Z # Subtest: costly evidence inventory requires current issue and disposition bindings after activation
regression (0)	Complete regression shard	2026-10-09T00:19:35.9547736Z ok 139 - costly evidence inventory requires current issue and disposition bindings after activation
regression (0)	Complete regression shard	2026-10-09T00:19:35.9548072Z   ---
regression (0)	Complete regression shard	2026-10-09T00:19:35.9548220Z   duration_ms: 2.611399
regression (0)	Complete regression shard	2026-10-09T00:19:35.9548386Z   type: 'test'
regression (0)	Complete regression shard	2026-10-09T00:19:35.9548535Z   ...
regression (0)	Complete regression shard	2026-10-09T00:19:35.9548852Z # Subtest: capacity wait preserves same live ticket and invokes fresh FIFO authority
regression (0)	Complete regression shard	2026-10-09T00:19:35.9549329Z ok 140 - capacity wait preserves same live ticket and invokes fresh FIFO authority
regression (0)	Complete regression shard	2026-10-09T00:19:35.9549626Z   ---
regression (0)	Complete regression shard	2026-10-09T00:19:35.9549773Z   duration_ms: 5.772858
regression (0)	Complete regression shard	2026-10-09T00:19:35.9549942Z   type: 'test'
regression (0)	Complete regression shard	2026-10-09T00:19:35.9550086Z   ...
regression (0)	Complete regression shard	2026-10-09T00:19:35.9550372Z # Subtest: changed claim while waiting rejects before costly output blobs
regression (0)	Complete regression shard	2026-10-09T00:19:35.9550788Z ok 141 - changed claim while waiting rejects before costly output blobs
regression (0)	Complete regression shard	2026-10-09T00:19:35.9551051Z   ---
regression (0)	Complete regression shard	2026-10-09T00:19:35.9551199Z   duration_ms: 2.189827
regression (0)	Complete regression shard	2026-10-09T00:19:35.9551364Z   type: 'test'
regression (0)	Complete regression shard	2026-10-09T00:19:35.9551510Z   ...
regression (0)	Complete regression shard	2026-10-09T00:19:35.9551798Z # Subtest: changed claim-id while waiting rejects before costly output blobs
regression (0)	Complete regression shard	2026-10-09T00:19:35.9552227Z ok 142 - changed claim-id while waiting rejects before costly output blobs
regression (0)	Complete regression shard	2026-10-09T00:19:35.9552621Z   ---
regression (0)	Complete regression shard	2026-10-09T00:19:35.9552768Z   duration_ms: 1.911688
regression (0)	Complete regression shard	2026-10-09T00:19:35.9552934Z   type: 'test'
regression (0)	Complete regression shard	2026-10-09T00:19:35.9553079Z   ...
regression (0)	Complete regression shard	2026-10-09T00:19:35.9553506Z # Subtest: changed review while waiting rejects before costly output blobs
regression (0)	Complete regression shard	2026-10-09T00:19:35.9553923Z ok 143 - changed review while waiting rejects before costly output blobs
regression (0)	Complete regression shard	2026-10-09T00:19:35.9554189Z   ---
regression (0)	Complete regression shard	2026-10-09T00:19:35.9554333Z   duration_ms: 1.303341
regression (0)	Complete regression shard	2026-10-09T00:19:35.9554494Z   type: 'test'
regression (0)	Complete regression shard	2026-10-09T00:19:35.9554640Z   ...
regression (0)	Complete regression shard	2026-10-09T00:19:35.9554908Z # Subtest: changed head while waiting rejects before costly output blobs
regression (0)	Complete regression shard	2026-10-09T00:19:35.9555305Z ok 144 - changed head while waiting rejects before costly output blobs
regression (0)	Complete regression shard	2026-10-09T00:19:35.9555681Z   ---
regression (0)	Complete regression shard	2026-10-09T00:19:35.9555830Z   duration_ms: 1.311843
regression (0)	Complete regression shard	2026-10-09T00:19:35.9555992Z   type: 'test'
regression (0)	Complete regression shard	2026-10-09T00:19:35.9556135Z   ...
regression (0)	Complete regression shard	2026-10-09T00:19:35.9556403Z # Subtest: changed base while waiting rejects before costly output blobs
regression (0)	Complete regression shard	2026-10-09T00:19:35.9556796Z ok 145 - changed base while waiting rejects before costly output blobs
regression (0)	Complete regression shard	2026-10-09T00:19:35.9557050Z   ---
regression (0)	Complete regression shard	2026-10-09T00:19:35.9557193Z   duration_ms: 1.441805
regression (0)	Complete regression shard	2026-10-09T00:19:35.9557354Z   type: 'test'
regression (0)	Complete regression shard	2026-10-09T00:19:35.9557499Z   ...
regression (0)	Complete regression shard	2026-10-09T00:19:35.9557776Z # Subtest: changed checks while waiting rejects before costly output blobs
regression (0)	Complete regression shard	2026-10-09T00:19:35.9558178Z ok 146 - changed checks while waiting rejects before costly output blobs
regression (0)	Complete regression shard	2026-10-09T00:19:35.9558436Z   ---
regression (0)	Complete regression shard	2026-10-09T00:19:35.9558579Z   duration_ms: 2.166022
regression (0)	Complete regression shard	2026-10-09T00:19:35.9558738Z   type: 'test'
regression (0)	Complete regression shard	2026-10-09T00:19:35.9558883Z   ...
regression (0)	Complete regression shard	2026-10-09T00:19:35.9559168Z # Subtest: changed contract while waiting rejects before costly output blobs
regression (0)	Complete regression shard	2026-10-09T00:19:35.9559588Z ok 147 - changed contract while waiting rejects before costly output blobs
regression (0)	Complete regression shard	2026-10-09T00:19:35.9559857Z   ---
regression (0)	Complete regression shard	2026-10-09T00:19:35.9560006Z   duration_ms: 0.9299
regression (0)	Complete regression shard	2026-10-09T00:19:35.9560173Z   type: 'test'
regression (0)	Complete regression shard	2026-10-09T00:19:35.9560319Z   ...
regression (0)	Complete regression shard	2026-10-09T00:19:35.9560606Z # Subtest: changed tree-mode while waiting rejects before costly output blobs
regression (0)	Complete regression shard	2026-10-09T00:19:35.9561041Z ok 148 - changed tree-mode while waiting rejects before costly output blobs
regression (0)	Complete regression shard	2026-10-09T00:19:35.9561313Z   ---
regression (0)	Complete regression shard	2026-10-09T00:19:35.9561464Z   duration_ms: 1.078369
regression (0)	Complete regression shard	2026-10-09T00:19:35.9561630Z   type: 'test'
regression (0)	Complete regression shard	2026-10-09T00:19:35.9561897Z   ...
regression (0)	Complete regression shard	2026-10-09T00:19:35.9562188Z # Subtest: changed tree-path while waiting rejects before costly output blobs
regression (0)	Complete regression shard	2026-10-09T00:19:35.9562606Z ok 149 - changed tree-path while waiting rejects before costly output blobs
regression (0)	Complete regression shard	2026-10-09T00:19:35.9562873Z   ---
regression (0)	Complete regression shard	2026-10-09T00:19:35.9563019Z   duration_ms: 0.886767
regression (0)	Complete regression shard	2026-10-09T00:19:35.9563182Z   type: 'test'
regression (0)	Complete regression shard	2026-10-09T00:19:35.9563507Z   ...
regression (0)	Complete regression shard	2026-10-09T00:19:35.9563908Z # Subtest: paid-call bound sits below immutable reuse and reserves writes instead of charging cached passes
regression (0)	Complete regression shard	2026-10-09T00:19:35.9564516Z ok 150 - paid-call bound sits below immutable reuse and reserves writes instead of charging cached passes
regression (0)	Complete regression shard	2026-10-09T00:19:35.9564882Z   ---
regression (0)	Complete regression shard	2026-10-09T00:19:35.9565047Z   duration_ms: 0.489081
regression (0)	Complete regression shard	2026-10-09T00:19:35.9565221Z   type: 'test'
regression (0)	Complete regression shard	2026-10-09T00:19:35.9565382Z   ...
regression (0)	Complete regression shard	2026-10-09T00:19:35.9565752Z # Subtest: planning retries retain original monotonic deadline and finite attempt bound: 100000
regression (0)	Complete regression shard	2026-10-09T00:19:35.9566302Z ok 151 - planning retries retain original monotonic deadline and finite attempt bound: 100000
regression (0)	Complete regression shard	2026-10-09T00:19:35.9566627Z   ---
regression (0)	Complete regression shard	2026-10-09T00:19:35.9566777Z   duration_ms: 1.076767
regression (0)	Complete regression shard	2026-10-09T00:19:35.9566948Z   type: 'test'
regression (0)	Complete regression shard	2026-10-09T00:19:35.9567099Z   ...
regression (0)	Complete regression shard	2026-10-09T00:19:35.9567444Z # Subtest: planning retries retain original monotonic deadline and finite attempt bound: 1000
regression (0)	Complete regression shard	2026-10-09T00:19:35.9567970Z ok 152 - planning retries retain original monotonic deadline and finite attempt bound: 1000
regression (0)	Complete regression shard	2026-10-09T00:19:35.9568288Z   ---
regression (0)	Complete regression shard	2026-10-09T00:19:35.9568436Z   duration_ms: 0.63048
regression (0)	Complete regression shard	2026-10-09T00:19:35.9568604Z   type: 'test'
regression (0)	Complete regression shard	2026-10-09T00:19:35.9568750Z   ...
regression (0)	Complete regression shard	2026-10-09T00:19:35.9569136Z # Subtest: complete final still validates every evidence byte after waiting and rejects changed authority
regression (0)	Complete regression shard	2026-10-09T00:19:35.9569853Z ok 153 - complete final still validates every evidence byte after waiting and rejects changed authority
regression (0)	Complete regression shard	2026-10-09T00:19:35.9570200Z   ---
regression (0)	Complete regression shard	2026-10-09T00:19:35.9570354Z   duration_ms: 10.524601
regression (0)	Complete regression shard	2026-10-09T00:19:35.9570528Z   type: 'test'
regression (0)	Complete regression shard	2026-10-09T00:19:35.9570678Z   ...
regression (0)	Complete regression shard	2026-10-09T00:19:35.9571081Z # Subtest: modest planning capacity restarts the entire fresh inventory after observed reset in the same ticket
regression (0)	Complete regression shard	2026-10-09T00:19:35.9571703Z ok 154 - modest planning capacity restarts the entire fresh inventory after observed reset in the same ticket
regression (0)	Complete regression shard	2026-10-09T00:19:35.9572166Z   ---
regression (0)	Complete regression shard	2026-10-09T00:19:35.9572315Z   duration_ms: 3.012379
regression (0)	Complete regression shard	2026-10-09T00:19:35.9572481Z   type: 'test'
regression (0)	Complete regression shard	2026-10-09T00:19:35.9572627Z   ...
regression (0)	Complete regression shard	2026-10-09T00:19:35.9573012Z # Subtest: competing consumption after probe and inventory growth never bypass calls or original denial
regression (0)	Complete regression shard	2026-10-09T00:19:35.9573925Z ok 155 - competing consumption after probe and inventory growth never bypass calls or original denial
regression (0)	Complete regression shard	2026-10-09T00:19:35.9574288Z   ---
regression (0)	Complete regression shard	2026-10-09T00:19:35.9574432Z   duration_ms: 0.212363
regression (0)	Complete regression shard	2026-10-09T00:19:35.9574602Z   type: 'test'
regression (0)	Complete regression shard	2026-10-09T00:19:35.9574750Z   ...
regression (0)	Complete regression shard	2026-10-09T00:19:35.9575080Z # Subtest: same-token success capacity metadata never logs arbitrary bodies or headers
regression (0)	Complete regression shard	2026-10-09T00:19:35.9575565Z ok 156 - same-token success capacity metadata never logs arbitrary bodies or headers
regression (0)	Complete regression shard	2026-10-09T00:19:35.9575862Z   ---
regression (0)	Complete regression shard	2026-10-09T00:19:35.9576007Z   duration_ms: 24.308996
regression (0)	Complete regression shard	2026-10-09T00:19:35.9576180Z   type: 'test'
regression (0)	Complete regression shard	2026-10-09T00:19:35.9576325Z   ...
regression (0)	Complete regression shard	2026-10-09T00:19:35.9576687Z # Subtest: real geographic artifact adapter cannot grow pagination outside final paid-call guard
regression (0)	Complete regression shard	2026-10-09T00:19:35.9577232Z ok 157 - real geographic artifact adapter cannot grow pagination outside final paid-call guard
regression (0)	Complete regression shard	2026-10-09T00:19:35.9577556Z   ---
regression (0)	Complete regression shard	2026-10-09T00:19:35.9577702Z   duration_ms: 5.092225
regression (0)	Complete regression shard	2026-10-09T00:19:35.9577865Z   type: 'test'
regression (0)	Complete regression shard	2026-10-09T00:19:35.9578024Z   ...
regression (0)	Complete regression shard	2026-10-09T00:19:35.9578413Z # Subtest: capacity excludes blob REST requests only after exact transport proves the entire bound inventory
regression (0)	Complete regression shard	2026-10-09T00:19:35.9579011Z ok 158 - capacity excludes blob REST requests only after exact transport proves the entire bound inventory
regression (0)	Complete regression shard	2026-10-09T00:19:35.9579359Z   ---
regression (0)	Complete regression shard	2026-10-09T00:19:35.9579504Z   duration_ms: 0.772398
regression (0)	Complete regression shard	2026-10-09T00:19:35.9579671Z   type: 'test'
regression (0)	Complete regression shard	2026-10-09T00:19:35.9579819Z   ...
regression (0)	Complete regression shard	2026-10-09T00:19:35.9580110Z # Subtest: source bindings match the actual shared Python canonical protocol
regression (0)	Complete regression shard	2026-10-09T00:19:35.9580539Z ok 159 - source bindings match the actual shared Python canonical protocol
regression (0)	Complete regression shard	2026-10-09T00:19:35.9580825Z   ---
regression (0)	Complete regression shard	2026-10-09T00:19:35.9580972Z   duration_ms: 99.882664
regression (0)	Complete regression shard	2026-10-09T00:19:35.9581150Z   type: 'test'
regression (0)	Complete regression shard	2026-10-09T00:19:35.9581303Z   ...
regression (0)	Complete regression shard	2026-10-09T00:19:35.9581650Z # Subtest: actual evidence/claim/review validators produce bounded read-only authority carrier
regression (0)	Complete regression shard	2026-10-09T00:19:35.9582184Z ok 160 - actual evidence/claim/review validators produce bounded read-only authority carrier
regression (0)	Complete regression shard	2026-10-09T00:19:35.9582509Z   ---
regression (0)	Complete regression shard	2026-10-09T00:19:35.9582656Z   duration_ms: 20.51872
regression (0)	Complete regression shard	2026-10-09T00:19:35.9582823Z   type: 'test'
regression (0)	Complete regression shard	2026-10-09T00:19:35.9582971Z   ...
regression (0)	Complete regression shard	2026-10-09T00:19:35.9583179Z # Subtest: source authority rejects self review
regression (0)	Complete regression shard	2026-10-09T00:19:35.9583606Z ok 161 - source authority rejects self review
regression (0)	Complete regression shard	2026-10-09T00:19:35.9583816Z   ---
regression (0)	Complete regression shard	2026-10-09T00:19:35.9583961Z   duration_ms: 2.092013
regression (0)	Complete regression shard	2026-10-09T00:19:35.9584124Z   type: 'test'
regression (0)	Complete regression shard	2026-10-09T00:19:35.9584271Z   ...
regression (0)	Complete regression shard	2026-10-09T00:19:35.9584490Z # Subtest: source authority rejects stale reviewed head
regression (0)	Complete regression shard	2026-10-09T00:19:35.9584800Z ok 162 - source authority rejects stale reviewed head
regression (0)	Complete regression shard	2026-10-09T00:19:35.9585027Z   ---
regression (0)	Complete regression shard	2026-10-09T00:19:35.9585171Z   duration_ms: 4.676716
regression (0)	Complete regression shard	2026-10-09T00:19:35.9585334Z   type: 'test'
regression (0)	Complete regression shard	2026-10-09T00:19:35.9585481Z   ...
regression (0)	Complete regression shard	2026-10-09T00:19:35.9585747Z # Subtest: source authority rejects missing explicit source decisions
regression (0)	Complete regression shard	2026-10-09T00:19:35.9586132Z ok 163 - source authority rejects missing explicit source decisions
regression (0)	Complete regression shard	2026-10-09T00:19:35.9586513Z   ---
regression (0)	Complete regression shard	2026-10-09T00:19:35.9586658Z   duration_ms: 6.41929
regression (0)	Complete regression shard	2026-10-09T00:19:35.9586823Z   type: 'test'
regression (0)	Complete regression shard	2026-10-09T00:19:35.9586971Z   ...
regression (0)	Complete regression shard	2026-10-09T00:19:35.9587187Z # Subtest: source authority rejects target uncertainty
regression (0)	Complete regression shard	2026-10-09T00:19:35.9587495Z ok 164 - source authority rejects target uncertainty
regression (0)	Complete regression shard	2026-10-09T00:19:35.9587716Z   ---
regression (0)	Complete regression shard	2026-10-09T00:19:35.9587862Z   duration_ms: 3.456554
regression (0)	Complete regression shard	2026-10-09T00:19:35.9588023Z   type: 'test'
regression (0)	Complete regression shard	2026-10-09T00:19:35.9588174Z   ...
regression (0)	Complete regression shard	2026-10-09T00:19:35.9588392Z # Subtest: source authority rejects target resolution
regression (0)	Complete regression shard	2026-10-09T00:19:35.9588685Z ok 165 - source authority rejects target resolution
regression (0)	Complete regression shard	2026-10-09T00:19:35.9589035Z   ---
regression (0)	Complete regression shard	2026-10-09T00:19:35.9589180Z   duration_ms: 3.201017
regression (0)	Complete regression shard	2026-10-09T00:19:35.9589344Z   type: 'test'
regression (0)	Complete regression shard	2026-10-09T00:19:35.9589491Z   ...
regression (0)	Complete regression shard	2026-10-09T00:19:35.9589723Z # Subtest: source authority rejects political source role
regression (0)	Complete regression shard	2026-10-09T00:19:35.9590039Z ok 166 - source authority rejects political source role
regression (0)	Complete regression shard	2026-10-09T00:19:35.9590265Z   ---
regression (0)	Complete regression shard	2026-10-09T00:19:35.9590409Z   duration_ms: 4.789999
regression (0)	Complete regression shard	2026-10-09T00:19:35.9590573Z   type: 'test'
regression (0)	Complete regression shard	2026-10-09T00:19:35.9590718Z   ...
regression (0)	Complete regression shard	2026-10-09T00:19:35.9590977Z # Subtest: source authority rejects wrong source reference digest
regression (0)	Complete regression shard	2026-10-09T00:19:35.9591341Z ok 167 - source authority rejects wrong source reference digest
regression (0)	Complete regression shard	2026-10-09T00:19:35.9591587Z   ---
regression (0)	Complete regression shard	2026-10-09T00:19:35.9591733Z   duration_ms: 4.947382
regression (0)	Complete regression shard	2026-10-09T00:19:35.9591894Z   type: 'test'
regression (0)	Complete regression shard	2026-10-09T00:19:35.9592039Z   ...
regression (0)	Complete regression shard	2026-10-09T00:19:35.9592333Z # Subtest: source authority rejects revoked source decision after byte checks
regression (0)	Complete regression shard	2026-10-09T00:19:35.9592768Z ok 168 - source authority rejects revoked source decision after byte checks
regression (0)	Complete regression shard	2026-10-09T00:19:35.9593043Z   ---
regression (0)	Complete regression shard	2026-10-09T00:19:35.9593186Z   duration_ms: 5.015842
regression (0)	Complete regression shard	2026-10-09T00:19:35.9593505Z   type: 'test'
regression (0)	Complete regression shard	2026-10-09T00:19:35.9593653Z   ...
regression (0)	Complete regression shard	2026-10-09T00:19:35.9593920Z # Subtest: source authority rejects rejected review after byte checks
regression (0)	Complete regression shard	2026-10-09T00:19:35.9594305Z ok 169 - source authority rejects rejected review after byte checks
regression (0)	Complete regression shard	2026-10-09T00:19:35.9594556Z   ---
regression (0)	Complete regression shard	2026-10-09T00:19:35.9594700Z   duration_ms: 1.144497
regression (0)	Complete regression shard	2026-10-09T00:19:35.9594865Z   type: 'test'
regression (0)	Complete regression shard	2026-10-09T00:19:35.9595006Z   ...
regression (0)	Complete regression shard	2026-10-09T00:19:35.9595300Z # Subtest: source authority rejects changed canonical claim during byte checks
regression (0)	Complete regression shard	2026-10-09T00:19:35.9595507Z ok 170 - source authority rejects changed canonical claim during byte checks
regression (0)	Complete regression shard	2026-10-09T00:19:35.9595573Z   ---
regression (0)	Complete regression shard	2026-10-09T00:19:35.9595648Z   duration_ms: 0.867839
regression (0)	Complete regression shard	2026-10-09T00:19:35.9595714Z   type: 'test'
regression (0)	Complete regression shard	2026-10-09T00:19:35.9595778Z   ...
regression (0)	Complete regression shard	2026-10-09T00:19:35.9595993Z # Subtest: source authority rejects changed source contract during byte checks
regression (0)	Complete regression shard	2026-10-09T00:19:35.9596200Z ok 171 - source authority rejects changed source contract during byte checks
regression (0)	Complete regression shard	2026-10-09T00:19:35.9596262Z   ---
regression (0)	Complete regression shard	2026-10-09T00:19:35.9596333Z   duration_ms: 1.810073
regression (0)	Complete regression shard	2026-10-09T00:19:35.9596402Z   type: 'test'
regression (0)	Complete regression shard	2026-10-09T00:19:35.9596470Z   ...
regression (0)	Complete regression shard	2026-10-09T00:19:35.9596758Z # Subtest: actual Git CLI loss passes through real evidence validators and native whole-shape support
regression (0)	Complete regression shard	2026-10-09T00:19:35.9597043Z ok 172 - actual Git CLI loss passes through real evidence validators and native whole-shape support
regression (0)	Complete regression shard	2026-10-09T00:19:35.9597110Z   ---
regression (0)	Complete regression shard	2026-10-09T00:19:35.9597184Z   duration_ms: 5357.922118
regression (0)	Complete regression shard	2026-10-09T00:19:35.9597254Z   type: 'test'
regression (0)	Complete regression shard	2026-10-09T00:19:35.9597317Z   ...
regression (0)	Complete regression shard	2026-10-09T00:19:35.9597510Z # Subtest: final merge rechecks actual latest source authority: none
regression (0)	Complete regression shard	2026-10-09T00:19:35.9597695Z ok 173 - final merge rechecks actual latest source authority: none
regression (0)	Complete regression shard	2026-10-09T00:19:35.9597755Z   ---
regression (0)	Complete regression shard	2026-10-09T00:19:35.9597835Z   duration_ms: 11.154881
regression (0)	Complete regression shard	2026-10-09T00:19:35.9597904Z   type: 'test'
regression (0)	Complete regression shard	2026-10-09T00:19:35.9597963Z   ...
regression (0)	Complete regression shard	2026-10-09T00:19:35.9598167Z # Subtest: final merge rechecks actual latest source authority: withdraw
regression (0)	Complete regression shard	2026-10-09T00:19:35.9598362Z ok 174 - final merge rechecks actual latest source authority: withdraw
regression (0)	Complete regression shard	2026-10-09T00:19:35.9598537Z   ---
regression (0)	Complete regression shard	2026-10-09T00:19:35.9598610Z   duration_ms: 8.776546
regression (0)	Complete regression shard	2026-10-09T00:19:35.9598675Z   type: 'test'
regression (0)	Complete regression shard	2026-10-09T00:19:35.9598739Z   ...
regression (0)	Complete regression shard	2026-10-09T00:19:35.9598962Z # Subtest: final merge rechecks actual latest source authority: replace-limits
regression (0)	Complete regression shard	2026-10-09T00:19:35.9599167Z ok 175 - final merge rechecks actual latest source authority: replace-limits
regression (0)	Complete regression shard	2026-10-09T00:19:35.9599232Z   ---
regression (0)	Complete regression shard	2026-10-09T00:19:35.9599304Z   duration_ms: 6.40398
regression (0)	Complete regression shard	2026-10-09T00:19:35.9599368Z   type: 'test'
regression (0)	Complete regression shard	2026-10-09T00:19:35.9599432Z   ...
regression (0)	Complete regression shard	2026-10-09T00:19:35.9599690Z # Subtest: bounded import concurrency defaults to six and accepts only one through eight
regression (0)	Complete regression shard	2026-10-09T00:19:35.9599929Z ok 176 - bounded import concurrency defaults to six and accepts only one through eight
regression (0)	Complete regression shard	2026-10-09T00:19:35.9600088Z   ---
regression (0)	Complete regression shard	2026-10-09T00:19:35.9600160Z   duration_ms: 1.297933
regression (0)	Complete regression shard	2026-10-09T00:19:35.9600224Z   type: 'test'
regression (0)	Complete regression shard	2026-10-09T00:19:35.9600288Z   ...
regression (0)	Complete regression shard	2026-10-09T00:19:35.9600535Z # Subtest: stage then finalize publishes atomically without replaying ownership batches
regression (0)	Complete regression shard	2026-10-09T00:19:35.9600776Z ok 177 - stage then finalize publishes atomically without replaying ownership batches
regression (0)	Complete regression shard	2026-10-09T00:19:35.9600842Z   ---
regression (0)	Complete regression shard	2026-10-09T00:19:35.9600914Z   duration_ms: 92.350259
regression (0)	Complete regression shard	2026-10-09T00:19:35.9600987Z   type: 'test'
regression (0)	Complete regression shard	2026-10-09T00:19:35.9601050Z   ...
regression (0)	Complete regression shard	2026-10-09T00:19:35.9601393Z # Subtest: append-only source batches import before newly registered geography and retain the original source bytes
regression (0)	Complete regression shard	2026-10-09T00:19:35.9601761Z ok 178 - append-only source batches import before newly registered geography and retain the original source bytes
regression (0)	Complete regression shard	2026-10-09T00:19:35.9601827Z   ---
regression (0)	Complete regression shard	2026-10-09T00:19:35.9601896Z   duration_ms: 50.44965
regression (0)	Complete regression shard	2026-10-09T00:19:35.9601967Z   type: 'test'
regression (0)	Complete regression shard	2026-10-09T00:19:35.9602028Z   ...
regression (0)	Complete regression shard	2026-10-09T00:19:35.9602345Z # Subtest: interrupted real-D1 staging resumes explicit or hidden staged releases without rewriting history
regression (0)	Complete regression shard	2026-10-09T00:19:35.9602653Z ok 179 - interrupted real-D1 staging resumes explicit or hidden staged releases without rewriting history
regression (0)	Complete regression shard	2026-10-09T00:19:35.9602718Z   ---
regression (0)	Complete regression shard	2026-10-09T00:19:35.9602792Z   duration_ms: 132.63012
regression (0)	Complete regression shard	2026-10-09T00:19:35.9602861Z   type: 'test'
regression (0)	Complete regression shard	2026-10-09T00:19:35.9602922Z   ...
regression (0)	Complete regression shard	2026-10-09T00:19:35.9603353Z # Subtest: a mismatched existing staged or published manifest blocks all geographic staging before writes
regression (0)	Complete regression shard	2026-10-09T00:19:35.9603716Z ok 180 - a mismatched existing staged or published manifest blocks all geographic staging before writes
regression (0)	Complete regression shard	2026-10-09T00:19:35.9603779Z   ---
regression (0)	Complete regression shard	2026-10-09T00:19:35.9603855Z   duration_ms: 60.887865
regression (0)	Complete regression shard	2026-10-09T00:19:35.9603923Z   type: 'test'
regression (0)	Complete regression shard	2026-10-09T00:19:35.9603984Z   ...
regression (0)	Complete regression shard	2026-10-09T00:19:35.9604366Z # Subtest: identical archive bytes upload once with a stable first-sorted name and preserve every receipt alias across retries
regression (0)	Complete regression shard	2026-10-09T00:19:35.9604731Z ok 181 - identical archive bytes upload once with a stable first-sorted name and preserve every receipt alias across retries
regression (0)	Complete regression shard	2026-10-09T00:19:35.9604802Z   ---
regression (0)	Complete regression shard	2026-10-09T00:19:35.9604877Z   duration_ms: 1.921412
regression (0)	Complete regression shard	2026-10-09T00:19:35.9604946Z   type: 'test'
regression (0)	Complete regression shard	2026-10-09T00:19:35.9605011Z   ...
regression (0)	Complete regression shard	2026-10-09T00:19:35.9605310Z # Subtest: native geographic grid reads and shape comparisons preserve exact packing and uncertainty
regression (0)	Complete regression shard	2026-10-09T00:19:35.9605587Z ok 182 - native geographic grid reads and shape comparisons preserve exact packing and uncertainty
regression (0)	Complete regression shard	2026-10-09T00:19:35.9605656Z   ---
regression (0)	Complete regression shard	2026-10-09T00:19:35.9605732Z   duration_ms: 310.98858
regression (0)	Complete regression shard	2026-10-09T00:19:35.9605797Z   type: 'test'
regression (0)	Complete regression shard	2026-10-09T00:19:35.9605862Z   ...
regression (0)	Complete regression shard	2026-10-09T00:19:35.9606127Z # Subtest: independent combined-row and UTF8 fixtures split with complete raw preservation
regression (0)	Complete regression shard	2026-10-09T00:19:35.9606380Z ok 183 - independent combined-row and UTF8 fixtures split with complete raw preservation
regression (0)	Complete regression shard	2026-10-09T00:19:35.9606451Z   ---
regression (0)	Complete regression shard	2026-10-09T00:19:35.9606524Z   duration_ms: 250.254802
regression (0)	Complete regression shard	2026-10-09T00:19:35.9606595Z   type: 'test'
regression (0)	Complete regression shard	2026-10-09T00:19:35.9606660Z   ...
regression (0)	Complete regression shard	2026-10-09T00:19:35.9606918Z # Subtest: input-bound replay IDs differ for changed meaningful bytes and parent identities
regression (0)	Complete regression shard	2026-10-09T00:19:35.9607283Z ok 184 - input-bound replay IDs differ for changed meaningful bytes and parent identities
regression (0)	Complete regression shard	2026-10-09T00:19:35.9607348Z   ---
regression (0)	Complete regression shard	2026-10-09T00:19:35.9607419Z   duration_ms: 23.71831
regression (0)	Complete regression shard	2026-10-09T00:19:35.9607489Z   type: 'test'
regression (0)	Complete regression shard	2026-10-09T00:19:35.9607560Z   ...
regression (0)	Complete regression shard	2026-10-09T00:19:35.9607875Z # Subtest: bounded originals retain exact bytes and ingestion IDs; duplicate raw IDs cannot hide behind sets
regression (0)	Complete regression shard	2026-10-09T00:19:35.9608183Z ok 185 - bounded originals retain exact bytes and ingestion IDs; duplicate raw IDs cannot hide behind sets
regression (0)	Complete regression shard	2026-10-09T00:19:35.9608246Z   ---
regression (0)	Complete regression shard	2026-10-09T00:19:35.9608321Z   duration_ms: 18.93577
regression (0)	Complete regression shard	2026-10-09T00:19:35.9608392Z   type: 'test'
regression (0)	Complete regression shard	2026-10-09T00:19:35.9608550Z   ...
regression (0)	Complete regression shard	2026-10-09T00:19:35.9608870Z # Subtest: complete admission authenticates compressed and decoded bytes and captures once for execution
regression (0)	Complete regression shard	2026-10-09T00:19:35.9609174Z ok 186 - complete admission authenticates compressed and decoded bytes and captures once for execution
regression (0)	Complete regression shard	2026-10-09T00:19:35.9609236Z   ---
regression (0)	Complete regression shard	2026-10-09T00:19:35.9609315Z   duration_ms: 114.31903
regression (0)	Complete regression shard	2026-10-09T00:19:35.9609384Z   type: 'test'
regression (0)	Complete regression shard	2026-10-09T00:19:35.9609447Z   ...
regression (0)	Complete regression shard	2026-10-09T00:19:35.9609728Z # Subtest: encoded plus decoded plus derived bytes all count; admission budgets cannot be raised
regression (0)	Complete regression shard	2026-10-09T00:19:35.9609994Z ok 187 - encoded plus decoded plus derived bytes all count; admission budgets cannot be raised
regression (0)	Complete regression shard	2026-10-09T00:19:35.9610057Z   ---
regression (0)	Complete regression shard	2026-10-09T00:19:35.9610131Z   duration_ms: 54.448003
regression (0)	Complete regression shard	2026-10-09T00:19:35.9610197Z   type: 'test'
regression (0)	Complete regression shard	2026-10-09T00:19:35.9610263Z   ...
regression (0)	Complete regression shard	2026-10-09T00:19:35.9610578Z # Subtest: real publisher entrypoint performs zero writes for late malformed, missing or duplicate inputs
regression (0)	Complete regression shard	2026-10-09T00:19:35.9610876Z ok 188 - real publisher entrypoint performs zero writes for late malformed, missing or duplicate inputs
regression (0)	Complete regression shard	2026-10-09T00:19:35.9610942Z   ---
regression (0)	Complete regression shard	2026-10-09T00:19:35.9611017Z   duration_ms: 47.99699
regression (0)	Complete regression shard	2026-10-09T00:19:35.9611083Z   type: 'test'
regression (0)	Complete regression shard	2026-10-09T00:19:35.9611149Z   ...
regression (0)	Complete regression shard	2026-10-09T00:19:35.9611462Z # Subtest: independent raw-record oracle rejects coherent missing, reordered and invented output records
regression (0)	Complete regression shard	2026-10-09T00:19:35.9611759Z ok 189 - independent raw-record oracle rejects coherent missing, reordered and invented output records
regression (0)	Complete regression shard	2026-10-09T00:19:35.9611827Z   ---
regression (0)	Complete regression shard	2026-10-09T00:19:35.9611898Z   duration_ms: 32.852223
regression (0)	Complete regression shard	2026-10-09T00:19:35.9611968Z   type: 'test'
regression (0)	Complete regression shard	2026-10-09T00:19:35.9612033Z   ...
regression (0)	Complete regression shard	2026-10-09T00:19:35.9612342Z # Subtest: later source field failures and entity cycles are rejected before any earlier prerequisite writes
regression (0)	Complete regression shard	2026-10-09T00:19:35.9612646Z ok 190 - later source field failures and entity cycles are rejected before any earlier prerequisite writes
regression (0)	Complete regression shard	2026-10-09T00:19:35.9612715Z   ---
regression (0)	Complete regression shard	2026-10-09T00:19:35.9612786Z   duration_ms: 12.968254
regression (0)	Complete regression shard	2026-10-09T00:19:35.9612857Z   type: 'test'
regression (0)	Complete regression shard	2026-10-09T00:19:35.9612923Z   ...
regression (0)	Complete regression shard	2026-10-09T00:19:35.9613138Z # Subtest: empty release inventory cannot produce a vacuous completed stage
regression (0)	Complete regression shard	2026-10-09T00:19:35.9613508Z ok 191 - empty release inventory cannot produce a vacuous completed stage
regression (0)	Complete regression shard	2026-10-09T00:19:35.9613581Z   ---
regression (0)	Complete regression shard	2026-10-09T00:19:35.9613651Z   duration_ms: 0.260494
regression (0)	Complete regression shard	2026-10-09T00:19:35.9613721Z   type: 'test'
regression (0)	Complete regression shard	2026-10-09T00:19:35.9613783Z   ...
regression (0)	Complete regression shard	2026-10-09T00:19:35.9614079Z # Subtest: independent coherently pinned invalid staging fields reject before prerequisite writes
regression (0)	Complete regression shard	2026-10-09T00:19:35.9614359Z ok 192 - independent coherently pinned invalid staging fields reject before prerequisite writes
regression (0)	Complete regression shard	2026-10-09T00:19:35.9614420Z   ---
regression (0)	Complete regression shard	2026-10-09T00:19:35.9614495Z   duration_ms: 74.588188
regression (0)	Complete regression shard	2026-10-09T00:19:35.9614564Z   type: 'test'
regression (0)	Complete regression shard	2026-10-09T00:19:35.9614626Z   ...
regression (0)	Complete regression shard	2026-10-09T00:19:35.9614922Z # Subtest: independent delayed parent transports preserve global source order at default concurrency
regression (0)	Complete regression shard	2026-10-09T00:19:35.9615211Z ok 193 - independent delayed parent transports preserve global source order at default concurrency
regression (0)	Complete regression shard	2026-10-09T00:19:35.9615275Z   ---
regression (0)	Complete regression shard	2026-10-09T00:19:35.9615351Z   duration_ms: 256.808382
regression (0)	Complete regression shard	2026-10-09T00:19:35.9615417Z   type: 'test'
regression (0)	Complete regression shard	2026-10-09T00:19:35.9615594Z   ...
regression (0)	Complete regression shard	2026-10-09T00:19:35.9615873Z # Subtest: complete descriptor admission rejects oversized inventory before reading any inputs
regression (0)	Complete regression shard	2026-10-09T00:19:35.9616135Z ok 194 - complete descriptor admission rejects oversized inventory before reading any inputs
regression (0)	Complete regression shard	2026-10-09T00:19:35.9616203Z   ---
regression (0)	Complete regression shard	2026-10-09T00:19:35.9616280Z   duration_ms: 0.492606
regression (0)	Complete regression shard	2026-10-09T00:19:35.9616345Z   type: 'test'
regression (0)	Complete regression shard	2026-10-09T00:19:35.9616410Z   ...
regression (0)	Complete regression shard	2026-10-09T00:19:35.9616708Z # Subtest: field-only admission refuses unknown reads, premature success and unrelated write failures
regression (0)	Complete regression shard	2026-10-09T00:19:35.9616990Z ok 195 - field-only admission refuses unknown reads, premature success and unrelated write failures
regression (0)	Complete regression shard	2026-10-09T00:19:35.9617151Z   ---
regression (0)	Complete regression shard	2026-10-09T00:19:35.9617227Z   duration_ms: 301.212296
regression (0)	Complete regression shard	2026-10-09T00:19:35.9617293Z   type: 'test'
regression (0)	Complete regression shard	2026-10-09T00:19:35.9617357Z   ...
regression (0)	Complete regression shard	2026-10-09T00:19:35.9617651Z # Subtest: prerequisite admission rejects unexpected real importer reads, success and refusal errors
regression (0)	Complete regression shard	2026-10-09T00:19:35.9617941Z ok 196 - prerequisite admission rejects unexpected real importer reads, success and refusal errors
regression (0)	Complete regression shard	2026-10-09T00:19:35.9618009Z   ---
regression (0)	Complete regression shard	2026-10-09T00:19:35.9618078Z   duration_ms: 233.049797
regression (0)	Complete regression shard	2026-10-09T00:19:35.9618147Z   type: 'test'
regression (0)	Complete regression shard	2026-10-09T00:19:35.9618212Z   ...
regression (0)	Complete regression shard	2026-10-09T00:19:35.9618372Z # Subtest: actual ZIP records: method 0, descriptor false
regression (0)	Complete regression shard	2026-10-09T00:19:35.9618530Z ok 197 - actual ZIP records: method 0, descriptor false
regression (0)	Complete regression shard	2026-10-09T00:19:35.9618597Z   ---
regression (0)	Complete regression shard	2026-10-09T00:19:35.9618665Z   duration_ms: 2.575216
regression (0)	Complete regression shard	2026-10-09T00:19:35.9618738Z   type: 'test'
regression (0)	Complete regression shard	2026-10-09T00:19:35.9618799Z   ...
regression (0)	Complete regression shard	2026-10-09T00:19:35.9618958Z # Subtest: actual ZIP records: method 0, descriptor true
regression (0)	Complete regression shard	2026-10-09T00:19:35.9619110Z ok 198 - actual ZIP records: method 0, descriptor true
regression (0)	Complete regression shard	2026-10-09T00:19:35.9619173Z   ---
regression (0)	Complete regression shard	2026-10-09T00:19:35.9619248Z   duration_ms: 0.213535
regression (0)	Complete regression shard	2026-10-09T00:19:35.9619316Z   type: 'test'
regression (0)	Complete regression shard	2026-10-09T00:19:35.9619377Z   ...
regression (0)	Complete regression shard	2026-10-09T00:19:35.9619537Z # Subtest: actual ZIP records: method 8, descriptor false
regression (0)	Complete regression shard	2026-10-09T00:19:35.9619684Z ok 199 - actual ZIP records: method 8, descriptor false
regression (0)	Complete regression shard	2026-10-09T00:19:35.9619750Z   ---
regression (0)	Complete regression shard	2026-10-09T00:19:35.9619825Z   duration_ms: 0.817845
regression (0)	Complete regression shard	2026-10-09T00:19:35.9619889Z   type: 'test'
regression (0)	Complete regression shard	2026-10-09T00:19:35.9619954Z   ...
regression (0)	Complete regression shard	2026-10-09T00:19:35.9620108Z # Subtest: actual ZIP records: method 8, descriptor true
regression (0)	Complete regression shard	2026-10-09T00:19:35.9620248Z ok 200 - actual ZIP records: method 8, descriptor true
regression (0)	Complete regression shard	2026-10-09T00:19:35.9620314Z   ---
regression (0)	Complete regression shard	2026-10-09T00:19:35.9620388Z   duration_ms: 0.267675
regression (0)	Complete regression shard	2026-10-09T00:19:35.9620452Z   type: 'test'
regression (0)	Complete regression shard	2026-10-09T00:19:35.9620517Z   ...
regression (0)	Complete regression shard	2026-10-09T00:19:35.9620740Z # Subtest: different valid report bytes cannot impersonate trusted job output
regression (0)	Complete regression shard	2026-10-09T00:19:35.9620953Z ok 201 - different valid report bytes cannot impersonate trusted job output
regression (0)	Complete regression shard	2026-10-09T00:19:35.9621018Z   ---
regression (0)	Complete regression shard	2026-10-09T00:19:35.9621100Z   duration_ms: 0.628527
regression (0)	Complete regression shard	2026-10-09T00:19:35.9621169Z   type: 'test'
regression (0)	Complete regression shard	2026-10-09T00:19:35.9621236Z   ...
regression (0)	Complete regression shard	2026-10-09T00:19:35.9621521Z # Subtest: path traversal, alternate names, symlinks and directories are rejected without extraction
regression (0)	Complete regression shard	2026-10-09T00:19:35.9621802Z ok 202 - path traversal, alternate names, symlinks and directories are rejected without extraction
regression (0)	Complete regression shard	2026-10-09T00:19:35.9621869Z   ---
regression (0)	Complete regression shard	2026-10-09T00:19:35.9621940Z   duration_ms: 0.731699
regression (0)	Complete regression shard	2026-10-09T00:19:35.9622010Z   type: 'test'
regression (0)	Complete regression shard	2026-10-09T00:19:35.9622076Z   ...
regression (0)	Complete regression shard	2026-10-09T00:19:35.9622355Z # Subtest: corrupt CRC, inconsistent directory, missing data and multiple entries fail closed
regression (0)	Complete regression shard	2026-10-09T00:19:35.9622614Z ok 203 - corrupt CRC, inconsistent directory, missing data and multiple entries fail closed
regression (0)	Complete regression shard	2026-10-09T00:19:35.9622676Z   ---
regression (0)	Complete regression shard	2026-10-09T00:19:35.9622750Z   duration_ms: 0.526606
regression (0)	Complete regression shard	2026-10-09T00:19:35.9622825Z   type: 'test'
regression (0)	Complete regression shard	2026-10-09T00:19:35.9622885Z   ...
regression (0)	Complete regression shard	2026-10-09T00:19:35.9623103Z # Subtest: inflation is bounded even when claimed uncompressed size is small
regression (0)	Complete regression shard	2026-10-09T00:19:35.9623446Z ok 204 - inflation is bounded even when claimed uncompressed size is small
regression (0)	Complete regression shard	2026-10-09T00:19:35.9623509Z   ---
regression (0)	Complete regression shard	2026-10-09T00:19:35.9623695Z   duration_ms: 93.949251
regression (0)	Complete regression shard	2026-10-09T00:19:35.9623759Z   type: 'test'
regression (0)	Complete regression shard	2026-10-09T00:19:35.9623824Z   ...
regression (0)	Complete regression shard	2026-10-09T00:19:35.9624127Z # Subtest: bounded actual ZIP download authenticates only fixed API host, retains exact report digest
regression (0)	Complete regression shard	2026-10-09T00:19:35.9624413Z ok 205 - bounded actual ZIP download authenticates only fixed API host, retains exact report digest
regression (0)	Complete regression shard	2026-10-09T00:19:35.9624480Z   ---
regression (0)	Complete regression shard	2026-10-09T00:19:35.9624556Z   duration_ms: 20.612192
regression (0)	Complete regression shard	2026-10-09T00:19:35.9624621Z   type: 'test'
regression (0)	Complete regression shard	2026-10-09T00:19:35.9624688Z   ...
regression (0)	Complete regression shard	2026-10-09T00:19:35.9624906Z # Subtest: missing trusted digest and poisoned same-name artifact are blocked
regression (0)	Complete regression shard	2026-10-09T00:19:35.9625204Z ok 206 - missing trusted digest and poisoned same-name artifact are blocked
regression (0)	Complete regression shard	2026-10-09T00:19:35.9625271Z   ---
regression (0)	Complete regression shard	2026-10-09T00:19:35.9625345Z   duration_ms: 4.135315
regression (0)	Complete regression shard	2026-10-09T00:19:35.9625410Z   type: 'test'
regression (0)	Complete regression shard	2026-10-09T00:19:35.9625474Z   ...
regression (0)	Complete regression shard	2026-10-09T00:19:35.9625690Z # Subtest: duplicate, expired and incomplete artifact inventories are blocked
regression (0)	Complete regression shard	2026-10-09T00:19:35.9625902Z ok 207 - duplicate, expired and incomplete artifact inventories are blocked
regression (0)	Complete regression shard	2026-10-09T00:19:35.9625968Z   ---
regression (0)	Complete regression shard	2026-10-09T00:19:35.9626039Z   duration_ms: 0.324729
regression (0)	Complete regression shard	2026-10-09T00:19:35.9626110Z   type: 'test'
regression (0)	Complete regression shard	2026-10-09T00:19:35.9626173Z   ...
regression (0)	Complete regression shard	2026-10-09T00:19:35.9626411Z # Subtest: foreign or credential-bearing delivery addresses never receive a fetch
regression (0)	Complete regression shard	2026-10-09T00:19:35.9626637Z ok 208 - foreign or credential-bearing delivery addresses never receive a fetch
regression (0)	Complete regression shard	2026-10-09T00:19:35.9626702Z   ---
regression (0)	Complete regression shard	2026-10-09T00:19:35.9626772Z   duration_ms: 0.591982
regression (0)	Complete regression shard	2026-10-09T00:19:35.9626840Z   type: 'test'
regression (0)	Complete regression shard	2026-10-09T00:19:35.9626901Z   ...
regression (0)	Complete regression shard	2026-10-09T00:19:35.9627296Z # Subtest: live geography concurrency verifier refuses production, shared sessions and missing interactive drivers before writes
regression (0)	Complete regression shard	2026-10-09T00:19:35.9627671Z ok 209 - live geography concurrency verifier refuses production, shared sessions and missing interactive drivers before writes
regression (0)	Complete regression shard	2026-10-09T00:19:35.9627732Z   ---
regression (0)	Complete regression shard	2026-10-09T00:19:35.9627809Z   duration_ms: 1.357801
regression (0)	Complete regression shard	2026-10-09T00:19:35.9627879Z   type: 'test'
regression (0)	Complete regression shard	2026-10-09T00:19:35.9627940Z   ...
regression (0)	Complete regression shard	2026-10-09T00:19:35.9628209Z # Subtest: one exact-OID batch replaces blob REST reads while mutable authority remains fresh
regression (0)	Complete regression shard	2026-10-09T00:19:35.9628463Z ok 210 - one exact-OID batch replaces blob REST reads while mutable authority remains fresh
regression (0)	Complete regression shard	2026-10-09T00:19:35.9628524Z   ---
regression (0)	Complete regression shard	2026-10-09T00:19:35.9628600Z   duration_ms: 30.976458
regression (0)	Complete regression shard	2026-10-09T00:19:35.9628664Z   type: 'test'
regression (0)	Complete regression shard	2026-10-09T00:19:35.9628730Z   ...
regression (0)	Complete regression shard	2026-10-09T00:19:35.9629077Z # Subtest: malformed inventory, wrong repository, oversized objects and conflicting sizes are rejected before fetch
regression (0)	Complete regression shard	2026-10-09T00:19:35.9629408Z ok 211 - malformed inventory, wrong repository, oversized objects and conflicting sizes are rejected before fetch
regression (0)	Complete regression shard	2026-10-09T00:19:35.9629475Z   ---
regression (0)	Complete regression shard	2026-10-09T00:19:35.9629549Z   duration_ms: 5.051902
regression (0)	Complete regression shard	2026-10-09T00:19:35.9629613Z   type: 'test'
regression (0)	Complete regression shard	2026-10-09T00:19:35.9629681Z   ...
regression (0)	Complete regression shard	2026-10-09T00:19:35.9629907Z # Subtest: truncated or corrupted object bytes never become successful evidence
regression (0)	Complete regression shard	2026-10-09T00:19:35.9630113Z ok 212 - truncated or corrupted object bytes never become successful evidence
regression (0)	Complete regression shard	2026-10-09T00:19:35.9630178Z   ---
regression (0)	Complete regression shard	2026-10-09T00:19:35.9630253Z   duration_ms: 11.155843
regression (0)	Complete regression shard	2026-10-09T00:19:35.9630318Z   type: 'test'
regression (0)	Complete regression shard	2026-10-09T00:19:35.9630384Z   ...
regression (0)	Complete regression shard	2026-10-09T00:19:35.9630601Z # Subtest: failed fetch publishes no cache entry and never exposes credentials
regression (0)	Complete regression shard	2026-10-09T00:19:35.9630809Z ok 213 - failed fetch publishes no cache entry and never exposes credentials
regression (0)	Complete regression shard	2026-10-09T00:19:35.9630875Z   ---
regression (0)	Complete regression shard	2026-10-09T00:19:35.9630945Z   duration_ms: 4.574783
regression (0)	Complete regression shard	2026-10-09T00:19:35.9631018Z   type: 'test'
regression (0)	Complete regression shard	2026-10-09T00:19:35.9631082Z   ...
regression (0)	Complete regression shard	2026-10-09T00:19:35.9631335Z # Subtest: missing object in a partial batch fails without accepting the available prefix
regression (0)	Complete regression shard	2026-10-09T00:19:35.9631577Z ok 214 - missing object in a partial batch fails without accepting the available prefix
regression (0)	Complete regression shard	2026-10-09T00:19:35.9631643Z   ---
regression (0)	Complete regression shard	2026-10-09T00:19:35.9631798Z   duration_ms: 20.716205
regression (0)	Complete regression shard	2026-10-09T00:19:35.9631869Z   type: 'test'
regression (0)	Complete regression shard	2026-10-09T00:19:35.9631930Z   ...
regression (0)	Complete regression shard	2026-10-09T00:19:35.9632176Z # Subtest: historical bytes and metric evaluation use distinct authenticated vintages
regression (0)	Complete regression shard	2026-10-09T00:19:35.9632412Z ok 215 - historical bytes and metric evaluation use distinct authenticated vintages
regression (0)	Complete regression shard	2026-10-09T00:19:35.9632473Z   ---
regression (0)	Complete regression shard	2026-10-09T00:19:35.9632548Z   duration_ms: 3.241418
regression (0)	Complete regression shard	2026-10-09T00:19:35.9632617Z   type: 'test'
regression (0)	Complete regression shard	2026-10-09T00:19:35.9632677Z   ...
regression (0)	Complete regression shard	2026-10-09T00:19:35.9633040Z # Subtest: wrong hashes/commits, missing versions, candidate historical bytes and unsupported version declarations fail
regression (0)	Complete regression shard	2026-10-09T00:19:35.9633646Z ok 216 - wrong hashes/commits, missing versions, candidate historical bytes and unsupported version declarations fail
regression (0)	Complete regression shard	2026-10-09T00:19:35.9633712Z   ---
regression (0)	Complete regression shard	2026-10-09T00:19:35.9633789Z   duration_ms: 2.363554
regression (0)	Complete regression shard	2026-10-09T00:19:35.9633859Z   type: 'test'
regression (0)	Complete regression shard	2026-10-09T00:19:35.9633921Z   ...
regression (0)	Complete regression shard	2026-10-09T00:19:35.9634192Z # Subtest: duplicate paths at different vintages require explicit pin and metric identities
regression (0)	Complete regression shard	2026-10-09T00:19:35.9634445Z ok 217 - duplicate paths at different vintages require explicit pin and metric identities
regression (0)	Complete regression shard	2026-10-09T00:19:35.9634511Z   ---
regression (0)	Complete regression shard	2026-10-09T00:19:35.9634585Z   duration_ms: 0.735544
regression (0)	Complete regression shard	2026-10-09T00:19:35.9634650Z   type: 'test'
regression (0)	Complete regression shard	2026-10-09T00:19:35.9634715Z   ...
regression (0)	Complete regression shard	2026-10-09T00:19:35.9634937Z # Subtest: historical inventories retain bounded file/phase/commit admission
regression (0)	Complete regression shard	2026-10-09T00:19:35.9635142Z ok 218 - historical inventories retain bounded file/phase/commit admission
regression (0)	Complete regression shard	2026-10-09T00:19:35.9635208Z   ---
regression (0)	Complete regression shard	2026-10-09T00:19:35.9635283Z   duration_ms: 0.657639
regression (0)	Complete regression shard	2026-10-09T00:19:35.9635353Z   type: 'test'
regression (0)	Complete regression shard	2026-10-09T00:19:35.9635418Z   ...
regression (0)	Complete regression shard	2026-10-09T00:19:35.9635664Z # Subtest: subject lookup selects the declared historical file rather than snapshot bytes
regression (0)	Complete regression shard	2026-10-09T00:19:35.9635906Z ok 219 - subject lookup selects the declared historical file rather than snapshot bytes
regression (0)	Complete regression shard	2026-10-09T00:19:35.9635973Z   ---
regression (0)	Complete regression shard	2026-10-09T00:19:35.9636046Z   duration_ms: 0.71918
regression (0)	Complete regression shard	2026-10-09T00:19:35.9636116Z   type: 'test'
regression (0)	Complete regression shard	2026-10-09T00:19:35.9636184Z   ...
regression (0)	Complete regression shard	2026-10-09T00:19:35.9636411Z # Subtest: structured references cannot silently use another historical version
regression (0)	Complete regression shard	2026-10-09T00:19:35.9636628Z ok 220 - structured references cannot silently use another historical version
regression (0)	Complete regression shard	2026-10-09T00:19:35.9636695Z   ---
regression (0)	Complete regression shard	2026-10-09T00:19:35.9636766Z   duration_ms: 0.828936
regression (0)	Complete regression shard	2026-10-09T00:19:35.9636835Z   type: 'test'
regression (0)	Complete regression shard	2026-10-09T00:19:35.9636896Z   ...
regression (0)	Complete regression shard	2026-10-09T00:19:35.9637225Z # Subtest: trusted hosted gate authenticates each vintage before loading and preserves independent evaluation
regression (0)	Complete regression shard	2026-10-09T00:19:35.9637540Z ok 221 - trusted hosted gate authenticates each vintage before loading and preserves independent evaluation
regression (0)	Complete regression shard	2026-10-09T00:19:35.9637605Z   ---
regression (0)	Complete regression shard	2026-10-09T00:19:35.9637679Z   duration_ms: 2.623577
regression (0)	Complete regression shard	2026-10-09T00:19:35.9637747Z   type: 'test'
regression (0)	Complete regression shard	2026-10-09T00:19:35.9637808Z   ...
regression (0)	Complete regression shard	2026-10-09T00:19:35.9638164Z # Subtest: trusted hosted gate refuses nonancestor/missing commits and absent immutable files despite candidate copies
regression (0)	Complete regression shard	2026-10-09T00:19:35.9638506Z ok 222 - trusted hosted gate refuses nonancestor/missing commits and absent immutable files despite candidate copies
regression (0)	Complete regression shard	2026-10-09T00:19:35.9638568Z   ---
regression (0)	Complete regression shard	2026-10-09T00:19:35.9638643Z   duration_ms: 1.731873
regression (0)	Complete regression shard	2026-10-09T00:19:35.9638712Z   type: 'test'
regression (0)	Complete regression shard	2026-10-09T00:19:35.9638772Z   ...
regression (0)	Complete regression shard	2026-10-09T00:19:35.9639067Z # Subtest: prior-evidence subject rosters use their selected commit and preserve source limitations
regression (0)	Complete regression shard	2026-10-09T00:19:35.9639345Z ok 223 - prior-evidence subject rosters use their selected commit and preserve source limitations
regression (0)	Complete regression shard	2026-10-09T00:19:35.9639413Z   ---
regression (0)	Complete regression shard	2026-10-09T00:19:35.9639489Z   duration_ms: 1.205547
regression (0)	Complete regression shard	2026-10-09T00:19:35.9639555Z   type: 'test'
regression (0)	Complete regression shard	2026-10-09T00:19:35.9639621Z   ...
regression (0)	Complete regression shard	2026-10-09T00:19:35.9639836Z # Subtest: historical versions do not widen remote descriptors or tree reads
regression (0)	Complete regression shard	2026-10-09T00:19:35.9640037Z ok 224 - historical versions do not widen remote descriptors or tree reads
regression (0)	Complete regression shard	2026-10-09T00:19:35.9640216Z   ---
regression (0)	Complete regression shard	2026-10-09T00:19:35.9640289Z   duration_ms: 4.221262
regression (0)	Complete regression shard	2026-10-09T00:19:35.9640353Z   type: 'test'
regression (0)	Complete regression shard	2026-10-09T00:19:35.9640418Z   ...
regression (0)	Complete regression shard	2026-10-09T00:19:35.9640698Z # Subtest: altering consumed historical bytes fails while hashes and summaries remain unchanged
regression (0)	Complete regression shard	2026-10-09T00:19:35.9640967Z ok 225 - altering consumed historical bytes fails while hashes and summaries remain unchanged
regression (0)	Complete regression shard	2026-10-09T00:19:35.9641035Z   ---
regression (0)	Complete regression shard	2026-10-09T00:19:35.9641105Z   duration_ms: 0.303648
regression (0)	Complete regression shard	2026-10-09T00:19:35.9641175Z   type: 'test'
regression (0)	Complete regression shard	2026-10-09T00:19:35.9641239Z   ...
regression (0)	Complete regression shard	2026-10-09T00:19:35.9641547Z # Subtest: composed geography identities select historical bytes while retaining existing binding rules
regression (0)	Complete regression shard	2026-10-09T00:19:35.9641942Z ok 226 - composed geography identities select historical bytes while retaining existing binding rules
regression (0)	Complete regression shard	2026-10-09T00:19:35.9642009Z   ---
regression (0)	Complete regression shard	2026-10-09T00:19:35.9642079Z   duration_ms: 1.196303
regression (0)	Complete regression shard	2026-10-09T00:19:35.9642150Z   type: 'test'
regression (0)	Complete regression shard	2026-10-09T00:19:35.9642211Z   ...
regression (0)	Complete regression shard	2026-10-09T00:19:35.9642539Z # Subtest: local validation rejects excess descriptors and ignored source commit declarations before reading
regression (0)	Complete regression shard	2026-10-09T00:19:35.9642856Z ok 227 - local validation rejects excess descriptors and ignored source commit declarations before reading
regression (0)	Complete regression shard	2026-10-09T00:19:35.9642916Z   ---
regression (0)	Complete regression shard	2026-10-09T00:19:35.9642991Z   duration_ms: 1.511758
regression (0)	Complete regression shard	2026-10-09T00:19:35.9643061Z   type: 'test'
regression (0)	Complete regression shard	2026-10-09T00:19:35.9643123Z   ...
regression (0)	Complete regression shard	2026-10-09T00:19:35.9643590Z # Subtest: geographic pin guards the write transaction and retains exact original replay context
regression (0)	Complete regression shard	2026-10-09T00:19:35.9643862Z ok 228 - geographic pin guards the write transaction and retains exact original replay context
regression (0)	Complete regression shard	2026-10-09T00:19:35.9643929Z   ---
regression (0)	Complete regression shard	2026-10-09T00:19:35.9644009Z   duration_ms: 48.804285
regression (0)	Complete regression shard	2026-10-09T00:19:35.9644081Z   type: 'test'
regression (0)	Complete regression shard	2026-10-09T00:19:35.9644143Z   ...
regression (0)	Complete regression shard	2026-10-09T00:19:35.9644526Z # Subtest: publication between preflight and batch rejects stale pins atomically, staged/malformed pins never authorize writes
regression (0)	Complete regression shard	2026-10-09T00:19:35.9644891Z ok 229 - publication between preflight and batch rejects stale pins atomically, staged/malformed pins never authorize writes
regression (0)	Complete regression shard	2026-10-09T00:19:35.9644967Z   ---
regression (0)	Complete regression shard	2026-10-09T00:19:35.9645043Z   duration_ms: 34.570214
regression (0)	Complete regression shard	2026-10-09T00:19:35.9645108Z   type: 'test'
regression (0)	Complete regression shard	2026-10-09T00:19:35.9645173Z   ...
regression (0)	Complete regression shard	2026-10-09T00:19:35.9645414Z # Subtest: unknown pinned commit outcome stays retryable and never claims a rollback
regression (0)	Complete regression shard	2026-10-09T00:19:35.9645642Z ok 230 - unknown pinned commit outcome stays retryable and never claims a rollback
regression (0)	Complete regression shard	2026-10-09T00:19:35.9645710Z   ---
regression (0)	Complete regression shard	2026-10-09T00:19:35.9645785Z   duration_ms: 24.679747
regression (0)	Complete regression shard	2026-10-09T00:19:35.9645850Z   type: 'test'
regression (0)	Complete regression shard	2026-10-09T00:19:35.9645918Z   ...
regression (0)	Complete regression shard	2026-10-09T00:19:35.9646240Z # Subtest: profile titles prefer direct dated evidence over English reference attestations and opt-in examples
regression (0)	Complete regression shard	2026-10-09T00:19:35.9646551Z ok 231 - profile titles prefer direct dated evidence over English reference attestations and opt-in examples
regression (0)	Complete regression shard	2026-10-09T00:19:35.9646616Z   ---
regression (0)	Complete regression shard	2026-10-09T00:19:35.9646689Z   duration_ms: 18.346372
regression (0)	Complete regression shard	2026-10-09T00:19:35.9646759Z   type: 'test'
regression (0)	Complete regression shard	2026-10-09T00:19:35.9646823Z   ...
regression (0)	Complete regression shard	2026-10-09T00:19:35.9647120Z # Subtest: hosted imports preserve whole-location raw values, precedence evidence and exact intervals
regression (0)	Complete regression shard	2026-10-09T00:19:35.9647409Z ok 232 - hosted imports preserve whole-location raw values, precedence evidence and exact intervals
regression (0)	Complete regression shard	2026-10-09T00:19:35.9647475Z   ---
regression (0)	Complete regression shard	2026-10-09T00:19:35.9647545Z   duration_ms: 17.33435
regression (0)	Complete regression shard	2026-10-09T00:19:35.9647616Z   type: 'test'
regression (0)	Complete regression shard	2026-10-09T00:19:35.9647682Z   ...
regression (0)	Complete regression shard	2026-10-09T00:19:35.9647961Z # Subtest: stable ID collisions roll back the entire batch and identical evidence stays idempotent
regression (0)	Complete regression shard	2026-10-09T00:19:35.9648234Z ok 233 - stable ID collisions roll back the entire batch and identical evidence stays idempotent
regression (0)	Complete regression shard	2026-10-09T00:19:35.9648301Z   ---
regression (0)	Complete regression shard	2026-10-09T00:19:35.9648372Z   duration_ms: 19.900322
regression (0)	Complete regression shard	2026-10-09T00:19:35.9648442Z   type: 'test'
regression (0)	Complete regression shard	2026-10-09T00:19:35.9648503Z   ...
regression (0)	Complete regression shard	2026-10-09T00:19:35.9648721Z # Subtest: all tiers and nongeographic graph entities obey parent contracts
regression (0)	Complete regression shard	2026-10-09T00:19:35.9649038Z ok 234 - all tiers and nongeographic graph entities obey parent contracts
regression (0)	Complete regression shard	2026-10-09T00:19:35.9649100Z   ---
regression (0)	Complete regression shard	2026-10-09T00:19:35.9649175Z   duration_ms: 19.356631
regression (0)	Complete regression shard	2026-10-09T00:19:35.9649245Z   type: 'test'
regression (0)	Complete regression shard	2026-10-09T00:19:35.9649305Z   ...
regression (0)	Complete regression shard	2026-10-09T00:19:35.9649621Z # Subtest: source intervals, category identity, typed scalars and habitation contradictions reject imports
regression (0)	Complete regression shard	2026-10-09T00:19:35.9649917Z ok 235 - source intervals, category identity, typed scalars and habitation contradictions reject imports
regression (0)	Complete regression shard	2026-10-09T00:19:35.9649982Z   ---
regression (0)	Complete regression shard	2026-10-09T00:19:35.9650057Z   duration_ms: 21.50729
regression (0)	Complete regression shard	2026-10-09T00:19:35.9650213Z   type: 'test'
regression (0)	Complete regression shard	2026-10-09T00:19:35.9650278Z   ...
regression (0)	Complete regression shard	2026-10-09T00:19:35.9650573Z # Subtest: raw SQL protects typed records, Unicode blank evidence, no-year-zero and retained identity
regression (0)	Complete regression shard	2026-10-09T00:19:35.9650848Z ok 236 - raw SQL protects typed records, Unicode blank evidence, no-year-zero and retained identity
regression (0)	Complete regression shard	2026-10-09T00:19:35.9650918Z   ---
regression (0)	Complete regression shard	2026-10-09T00:19:35.9650994Z   duration_ms: 20.839687
regression (0)	Complete regression shard	2026-10-09T00:19:35.9651066Z   type: 'test'
regression (0)	Complete regression shard	2026-10-09T00:19:35.9651137Z   ...
regression (0)	Complete regression shard	2026-10-09T00:19:35.9651427Z # Subtest: dated names and graph claims are sourced, pageable and never silently become ancient names
regression (0)	Complete regression shard	2026-10-09T00:19:35.9651699Z ok 237 - dated names and graph claims are sourced, pageable and never silently become ancient names
regression (0)	Complete regression shard	2026-10-09T00:19:35.9651768Z   ---
regression (0)	Complete regression shard	2026-10-09T00:19:35.9651838Z   duration_ms: 25.321963
regression (0)	Complete regression shard	2026-10-09T00:19:35.9651911Z   type: 'test'
regression (0)	Complete regression shard	2026-10-09T00:19:35.9651980Z   ...
regression (0)	Complete regression shard	2026-10-09T00:19:35.9652245Z # Subtest: examples remain opt-in and bounded attribute pages preserve every location record
regression (0)	Complete regression shard	2026-10-09T00:19:35.9652511Z ok 238 - examples remain opt-in and bounded attribute pages preserve every location record
regression (0)	Complete regression shard	2026-10-09T00:19:35.9652579Z   ---
regression (0)	Complete regression shard	2026-10-09T00:19:35.9652650Z   duration_ms: 19.666327
regression (0)	Complete regression shard	2026-10-09T00:19:35.9652723Z   type: 'test'
regression (0)	Complete regression shard	2026-10-09T00:19:35.9652792Z   ...
regression (0)	Complete regression shard	2026-10-09T00:19:35.9653043Z # Subtest: media metadata is immutable and content-addressed with retained sourced links
regression (0)	Complete regression shard	2026-10-09T00:19:35.9653452Z ok 239 - media metadata is immutable and content-addressed with retained sourced links
regression (0)	Complete regression shard	2026-10-09T00:19:35.9653538Z   ---
regression (0)	Complete regression shard	2026-10-09T00:19:35.9653611Z   duration_ms: 20.865525
regression (0)	Complete regression shard	2026-10-09T00:19:35.9653685Z   type: 'test'
regression (0)	Complete regression shard	2026-10-09T00:19:35.9653748Z   ...
regression (0)	Complete regression shard	2026-10-09T00:19:35.9653927Z # Subtest: raw SQL rejects half-dated graph and media links
regression (0)	Complete regression shard	2026-10-09T00:19:35.9654090Z ok 240 - raw SQL rejects half-dated graph and media links
regression (0)	Complete regression shard	2026-10-09T00:19:35.9654153Z   ---
regression (0)	Complete regression shard	2026-10-09T00:19:35.9654231Z   duration_ms: 15.962498
regression (0)	Complete regression shard	2026-10-09T00:19:35.9654303Z   type: 'test'
regression (0)	Complete regression shard	2026-10-09T00:19:35.9654370Z   ...
regression (0)	Complete regression shard	2026-10-09T00:19:35.9654577Z # Subtest: dated graph assertions cannot exceed known endpoint lifetimes
regression (0)	Complete regression shard	2026-10-09T00:19:35.9654769Z ok 241 - dated graph assertions cannot exceed known endpoint lifetimes
regression (0)	Complete regression shard	2026-10-09T00:19:35.9654837Z   ---
regression (0)	Complete regression shard	2026-10-09T00:19:35.9654915Z   duration_ms: 17.053266
regression (0)	Complete regression shard	2026-10-09T00:19:35.9654986Z   type: 'test'
regression (0)	Complete regression shard	2026-10-09T00:19:35.9655056Z   ...
regression (0)	Complete regression shard	2026-10-09T00:19:35.9655306Z # Subtest: category IDs are shared graph identities and fictional entities remain opt-in
regression (0)	Complete regression shard	2026-10-09T00:19:35.9655544Z ok 242 - category IDs are shared graph identities and fictional entities remain opt-in
regression (0)	Complete regression shard	2026-10-09T00:19:35.9655611Z   ---
regression (0)	Complete regression shard	2026-10-09T00:19:35.9655688Z   duration_ms: 23.654615
regression (0)	Complete regression shard	2026-10-09T00:19:35.9655756Z   type: 'test'
regression (0)	Complete regression shard	2026-10-09T00:19:35.9655826Z   ...
regression (0)	Complete regression shard	2026-10-09T00:19:35.9656054Z # Subtest: example media on real locations stays opt-in regardless of link source
regression (0)	Complete regression shard	2026-10-09T00:19:35.9656541Z ok 243 - example media on real locations stays opt-in regardless of link source
regression (0)	Complete regression shard	2026-10-09T00:19:35.9656695Z   ---
regression (0)	Complete regression shard	2026-10-09T00:19:35.9656803Z   duration_ms: 17.629284
regression (0)	Complete regression shard	2026-10-09T00:19:35.9656939Z   type: 'test'
regression (0)	Complete regression shard	2026-10-09T00:19:35.9657036Z   ...
regression (0)	Complete regression shard	2026-10-09T00:19:35.9657383Z # Subtest: reference and estimate source classes cannot masquerade as direct evidence
regression (0)	Complete regression shard	2026-10-09T00:19:35.9657704Z ok 244 - reference and estimate source classes cannot masquerade as direct evidence
regression (0)	Complete regression shard	2026-10-09T00:19:35.9657908Z   ---
regression (0)	Complete regression shard	2026-10-09T00:19:35.9658055Z   duration_ms: 19.839923
regression (0)	Complete regression shard	2026-10-09T00:19:35.9658206Z   type: 'test'
regression (0)	Complete regression shard	2026-10-09T00:19:35.9658344Z   ...
regression (0)	Complete regression shard	2026-10-09T00:19:35.9658708Z # Subtest: sourced corrections supersede attributes atomically while preserving old evidence
regression (0)	Complete regression shard	2026-10-09T00:19:35.9659041Z ok 245 - sourced corrections supersede attributes atomically while preserving old evidence
regression (0)	Complete regression shard	2026-10-09T00:19:35.9659141Z   ---
regression (0)	Complete regression shard	2026-10-09T00:19:35.9659272Z   duration_ms: 21.96834
regression (0)	Complete regression shard	2026-10-09T00:19:35.9659463Z   type: 'test'
regression (0)	Complete regression shard	2026-10-09T00:19:35.9659559Z   ...
regression (0)	Complete regression shard	2026-10-09T00:19:35.9659922Z # Subtest: dated name corrections and habitation withdrawal update every reader and conflict check
regression (0)	Complete regression shard	2026-10-09T00:19:35.9660362Z ok 246 - dated name corrections and habitation withdrawal update every reader and conflict check
regression (0)	Complete regression shard	2026-10-09T00:19:35.9660478Z   ---
regression (0)	Complete regression shard	2026-10-09T00:19:35.9660679Z   duration_ms: 19.579119
regression (0)	Complete regression shard	2026-10-09T00:19:35.9660766Z   type: 'test'
regression (0)	Complete regression shard	2026-10-09T00:19:35.9670085Z   ...
regression (0)	Complete regression shard	2026-10-09T00:19:35.9670421Z # Subtest: withdrawn relationships and media links disappear from profiles but remain inspectable
regression (0)	Complete regression shard	2026-10-09T00:19:35.9670722Z ok 247 - withdrawn relationships and media links disappear from profiles but remain inspectable
regression (0)	Complete regression shard	2026-10-09T00:19:35.9670795Z   ---
regression (0)	Complete regression shard	2026-10-09T00:19:35.9670878Z   duration_ms: 18.864715
regression (0)	Complete regression shard	2026-10-09T00:19:35.9670946Z   type: 'test'
regression (0)	Complete regression shard	2026-10-09T00:19:35.9671014Z   ...
regression (0)	Complete regression shard	2026-10-09T00:19:35.9671280Z # Subtest: failed replacements roll back retirements and the ingestion ledger together
regression (0)	Complete regression shard	2026-10-09T00:19:35.9671516Z ok 248 - failed replacements roll back retirements and the ingestion ledger together
regression (0)	Complete regression shard	2026-10-09T00:19:35.9671588Z   ---
regression (0)	Complete regression shard	2026-10-09T00:19:35.9671663Z   duration_ms: 23.169971
regression (0)	Complete regression shard	2026-10-09T00:19:35.9671727Z   type: 'test'
regression (0)	Complete regression shard	2026-10-09T00:19:35.9671792Z   ...
regression (0)	Complete regression shard	2026-10-09T00:19:35.9672079Z # Subtest: raw SQL keeps retirement provenance sourced, immutable, unique and atomically finalized
regression (0)	Complete regression shard	2026-10-09T00:19:35.9672354Z ok 249 - raw SQL keeps retirement provenance sourced, immutable, unique and atomically finalized
regression (0)	Complete regression shard	2026-10-09T00:19:35.9672421Z   ---
regression (0)	Complete regression shard	2026-10-09T00:19:35.9672490Z   duration_ms: 18.658863
regression (0)	Complete regression shard	2026-10-09T00:19:35.9672559Z   type: 'test'
regression (0)	Complete regression shard	2026-10-09T00:19:35.9672621Z   ...
regression (0)	Complete regression shard	2026-10-09T00:19:35.9672822Z # Subtest: supersession chains remain traceable and cannot form cycles
regression (0)	Complete regression shard	2026-10-09T00:19:35.9673016Z ok 250 - supersession chains remain traceable and cannot form cycles
regression (0)	Complete regression shard	2026-10-09T00:19:35.9673080Z   ---
regression (0)	Complete regression shard	2026-10-09T00:19:35.9673149Z   duration_ms: 18.894379
regression (0)	Complete regression shard	2026-10-09T00:19:35.9673359Z   type: 'test'
regression (0)	Complete regression shard	2026-10-09T00:19:35.9673460Z   ...
regression (0)	Complete regression shard	2026-10-09T00:19:35.9673691Z # Subtest: evidence history keeps fictional claims opt-in after retirement
regression (0)	Complete regression shard	2026-10-09T00:19:35.9673898Z ok 251 - evidence history keeps fictional claims opt-in after retirement
regression (0)	Complete regression shard	2026-10-09T00:19:35.9673960Z   ---
regression (0)	Complete regression shard	2026-10-09T00:19:35.9674037Z   duration_ms: 21.258994
regression (0)	Complete regression shard	2026-10-09T00:19:35.9674105Z   type: 'test'
regression (0)	Complete regression shard	2026-10-09T00:19:35.9674166Z   ...
regression (0)	Complete regression shard	2026-10-09T00:19:35.9674424Z # Subtest: map name paging excludes future graph names while default queries retain them
regression (0)	Complete regression shard	2026-10-09T00:19:35.9674667Z ok 252 - map name paging excludes future graph names while default queries retain them
regression (0)	Complete regression shard	2026-10-09T00:19:35.9674730Z   ---
regression (0)	Complete regression shard	2026-10-09T00:19:35.9674806Z   duration_ms: 17.35495
regression (0)	Complete regression shard	2026-10-09T00:19:35.9674871Z   type: 'test'
regression (0)	Complete regression shard	2026-10-09T00:19:35.9674936Z   ...
regression (0)	Complete regression shard	2026-10-09T00:19:35.9675265Z # Subtest: root-format 1479 blob requests become 474 verified immutable fetches across three authority passes
regression (0)	Complete regression shard	2026-10-09T00:19:35.9675570Z ok 253 - root-format 1479 blob requests become 474 verified immutable fetches across three authority passes
regression (0)	Complete regression shard	2026-10-09T00:19:35.9675637Z   ---
regression (0)	Complete regression shard	2026-10-09T00:19:35.9675720Z   duration_ms: 735.936805
regression (0)	Complete regression shard	2026-10-09T00:19:35.9675786Z   type: 'test'
regression (0)	Complete regression shard	2026-10-09T00:19:35.9675850Z   ...
regression (0)	Complete regression shard	2026-10-09T00:19:35.9676107Z # Subtest: cache keeps fresh changed OIDs, repository identity, trees and authority reads
regression (0)	Complete regression shard	2026-10-09T00:19:35.9676344Z ok 254 - cache keeps fresh changed OIDs, repository identity, trees and authority reads
regression (0)	Complete regression shard	2026-10-09T00:19:35.9676577Z   ---
regression (0)	Complete regression shard	2026-10-09T00:19:35.9676649Z   duration_ms: 0.871044
regression (0)	Complete regression shard	2026-10-09T00:19:35.9676719Z   type: 'test'
regression (0)	Complete regression shard	2026-10-09T00:19:35.9676785Z   ...
regression (0)	Complete regression shard	2026-10-09T00:19:35.9677114Z # Subtest: failed, malformed, truncated, changed content and mismatched OID responses never populate cache
regression (0)	Complete regression shard	2026-10-09T00:19:35.9677428Z ok 255 - failed, malformed, truncated, changed content and mismatched OID responses never populate cache
regression (0)	Complete regression shard	2026-10-09T00:19:35.9677497Z   ---
regression (0)	Complete regression shard	2026-10-09T00:19:35.9677572Z   duration_ms: 0.877784
regression (0)	Complete regression shard	2026-10-09T00:19:35.9677644Z   type: 'test'
regression (0)	Complete regression shard	2026-10-09T00:19:35.9677707Z   ...
regression (0)	Complete regression shard	2026-10-09T00:19:35.9678086Z # Subtest: bounded memory/entry overflow stays uncached without evicting useful initial scan; execution caches are separate
regression (0)	Complete regression shard	2026-10-09T00:19:35.9678554Z ok 256 - bounded memory/entry overflow stays uncached without evicting useful initial scan; execution caches are separate
regression (0)	Complete regression shard	2026-10-09T00:19:35.9678621Z   ---
regression (0)	Complete regression shard	2026-10-09T00:19:35.9678694Z   duration_ms: 0.466007
regression (0)	Complete regression shard	2026-10-09T00:19:35.9678769Z   type: 'test'
regression (0)	Complete regression shard	2026-10-09T00:19:35.9678829Z   ...
regression (0)	Complete regression shard	2026-10-09T00:19:35.9679157Z # Subtest: actual API rejection preserves only sanitized message/status and allowlisted rate/request headers
regression (0)	Complete regression shard	2026-10-09T00:19:35.9679468Z ok 257 - actual API rejection preserves only sanitized message/status and allowlisted rate/request headers
regression (0)	Complete regression shard	2026-10-09T00:19:35.9679528Z   ---
regression (0)	Complete regression shard	2026-10-09T00:19:35.9679607Z   duration_ms: 23.535675
regression (0)	Complete regression shard	2026-10-09T00:19:35.9679679Z   type: 'test'
regression (0)	Complete regression shard	2026-10-09T00:19:35.9679743Z   ...
regression (0)	Complete regression shard	2026-10-09T00:19:35.9680028Z # Subtest: callers and origin objects cannot mutate cached bytes or metadata used by later checks
regression (0)	Complete regression shard	2026-10-09T00:19:35.9680297Z ok 258 - callers and origin objects cannot mutate cached bytes or metadata used by later checks
regression (0)	Complete regression shard	2026-10-09T00:19:35.9680361Z   ---
regression (0)	Complete regression shard	2026-10-09T00:19:35.9680437Z   duration_ms: 0.384667
regression (0)	Complete regression shard	2026-10-09T00:19:35.9680506Z   type: 'test'
regression (0)	Complete regression shard	2026-10-09T00:19:35.9680566Z   ...
regression (0)	Complete regression shard	2026-10-09T00:19:35.9681183Z # Subtest: actual failure-only workflow diagnostic uses one bounded read and redacts known token/prefix/*** bypass
regression (0)	Complete regression shard	2026-10-09T00:19:35.9681572Z ok 259 - actual failure-only workflow diagnostic uses one bounded read and redacts known token/prefix/*** bypass
regression (0)	Complete regression shard	2026-10-09T00:19:35.9681644Z   ---
regression (0)	Complete regression shard	2026-10-09T00:19:35.9681720Z   duration_ms: 72.606518
regression (0)	Complete regression shard	2026-10-09T00:19:35.9681792Z   type: 'test'
regression (0)	Complete regression shard	2026-10-09T00:19:35.9681853Z   ...
regression (0)	Complete regression shard	2026-10-09T00:19:35.9682099Z # Subtest: real evidence entry runs every selected test with no canonical namespace
regression (0)	Complete regression shard	2026-10-09T00:19:35.9682331Z ok 260 - real evidence entry runs every selected test with no canonical namespace
regression (0)	Complete regression shard	2026-10-09T00:19:35.9682391Z   ---
regression (0)	Complete regression shard	2026-10-09T00:19:35.9682470Z   duration_ms: 409.573658
regression (0)	Complete regression shard	2026-10-09T00:19:35.9682542Z   type: 'test'
regression (0)	Complete regression shard	2026-10-09T00:19:35.9682601Z   ...
regression (0)	Complete regression shard	2026-10-09T00:19:35.9682823Z # Subtest: real full entry calls canonical preparation before selected readers
regression (0)	Complete regression shard	2026-10-09T00:19:35.9683034Z ok 261 - real full entry calls canonical preparation before selected readers
regression (0)	Complete regression shard	2026-10-09T00:19:35.9683094Z   ---
regression (0)	Complete regression shard	2026-10-09T00:19:35.9683173Z   duration_ms: 150.192597
regression (0)	Complete regression shard	2026-10-09T00:19:35.9683388Z   type: 'test'
regression (0)	Complete regression shard	2026-10-09T00:19:35.9683495Z   ...
regression (0)	Complete regression shard	2026-10-09T00:19:35.9683757Z # Subtest: real full entry rejects an absent canonical helper before tests
regression (0)	Complete regression shard	2026-10-09T00:19:35.9683950Z ok 262 - real full entry rejects an absent canonical helper before tests
regression (0)	Complete regression shard	2026-10-09T00:19:35.9684016Z   ---
regression (0)	Complete regression shard	2026-10-09T00:19:35.9684091Z   duration_ms: 48.941389
regression (0)	Complete regression shard	2026-10-09T00:19:35.9684155Z   type: 'test'
regression (0)	Complete regression shard	2026-10-09T00:19:35.9684221Z   ...
regression (0)	Complete regression shard	2026-10-09T00:19:35.9684432Z # Subtest: real full entry propagates canonical input rejection before tests
regression (0)	Complete regression shard	2026-10-09T00:19:35.9684627Z ok 263 - real full entry propagates canonical input rejection before tests
regression (0)	Complete regression shard	2026-10-09T00:19:35.9684697Z   ---
regression (0)	Complete regression shard	2026-10-09T00:19:35.9684767Z   duration_ms: 45.914263
regression (0)	Complete regression shard	2026-10-09T00:19:35.9684837Z   type: 'test'
regression (0)	Complete regression shard	2026-10-09T00:19:35.9684903Z   ...
regression (0)	Complete regression shard	2026-10-09T00:19:35.9685087Z # Subtest: real evidence entry preserves the zero-skips safeguard
regression (0)	Complete regression shard	2026-10-09T00:19:35.9685263Z ok 264 - real evidence entry preserves the zero-skips safeguard
regression (0)	Complete regression shard	2026-10-09T00:19:35.9685450Z   ---
regression (0)	Complete regression shard	2026-10-09T00:19:35.9685532Z   duration_ms: 463.572142
regression (0)	Complete regression shard	2026-10-09T00:19:35.9685611Z   type: 'test'
regression (0)	Complete regression shard	2026-10-09T00:19:35.9685676Z   ...
regression (0)	Complete regression shard	2026-10-09T00:19:35.9685875Z # Subtest: invalid profile rejects before either restoration or tests
regression (0)	Complete regression shard	2026-10-09T00:19:35.9686065Z ok 265 - invalid profile rejects before either restoration or tests
regression (0)	Complete regression shard	2026-10-09T00:19:35.9686126Z   ---
regression (0)	Complete regression shard	2026-10-09T00:19:35.9686202Z   duration_ms: 45.694895
regression (0)	Complete regression shard	2026-10-09T00:19:35.9686270Z   type: 'test'
regression (0)	Complete regression shard	2026-10-09T00:19:35.9686330Z   ...
regression (0)	Complete regression shard	2026-10-09T00:19:35.9686640Z # Subtest: readiness and claiming reject the same invalid contracts, dependencies, budgets and evidence
regression (0)	Complete regression shard	2026-10-09T00:19:35.9687032Z ok 266 - readiness and claiming reject the same invalid contracts, dependencies, budgets and evidence
regression (0)	Complete regression shard	2026-10-09T00:19:35.9687094Z   ---
regression (0)	Complete regression shard	2026-10-09T00:19:35.9687169Z   duration_ms: 3.155065
regression (0)	Complete regression shard	2026-10-09T00:19:35.9687238Z   type: 'test'
regression (0)	Complete regression shard	2026-10-09T00:19:35.9687298Z   ...
regression (0)	Complete regression shard	2026-10-09T00:19:35.9687599Z # Subtest: geography ownership rejects both readiness and a new claim without taking over existing work
regression (0)	Complete regression shard	2026-10-09T00:19:35.9687901Z ok 267 - geography ownership rejects both readiness and a new claim without taking over existing work
regression (0)	Complete regression shard	2026-10-09T00:19:35.9687963Z   ---
regression (0)	Complete regression shard	2026-10-09T00:19:35.9688040Z   duration_ms: 0.647865
regression (0)	Complete regression shard	2026-10-09T00:19:35.9688107Z   type: 'test'
regression (0)	Complete regression shard	2026-10-09T00:19:35.9688171Z   ...
regression (0)	Complete regression shard	2026-10-09T00:19:35.9688474Z # Subtest: preflight reviews missing ready but never changes labels, and rejects open dependencies
regression (0)	Complete regression shard	2026-10-09T00:19:35.9688751Z ok 268 - preflight reviews missing ready but never changes labels, and rejects open dependencies
regression (0)	Complete regression shard	2026-10-09T00:19:35.9688819Z   ---
regression (0)	Complete regression shard	2026-10-09T00:19:35.9688892Z   duration_ms: 2.003373
regression (0)	Complete regression shard	2026-10-09T00:19:35.9688956Z   type: 'test'
regression (0)	Complete regression shard	2026-10-09T00:19:35.9689021Z   ...
regression (0)	Complete regression shard	2026-10-09T00:19:35.9689326Z # Subtest: partial reads, changed snapshots and expired ownership cannot permit maintenance or takeover
regression (0)	Complete regression shard	2026-10-09T00:19:35.9689609Z ok 269 - partial reads, changed snapshots and expired ownership cannot permit maintenance or takeover
regression (0)	Complete regression shard	2026-10-09T00:19:35.9689677Z   ---
regression (0)	Complete regression shard	2026-10-09T00:19:35.9689745Z   duration_ms: 1.231796
regression (0)	Complete regression shard	2026-10-09T00:19:35.9689815Z   type: 'test'
regression (0)	Complete regression shard	2026-10-09T00:19:35.9689881Z   ...
regression (0)	Complete regression shard	2026-10-09T00:19:35.9690228Z # Subtest: an explicit blocker must be resolved for readiness and claiming; ordinary historical prose is not authority
regression (0)	Complete regression shard	2026-10-09T00:19:35.9690562Z ok 270 - an explicit blocker must be resolved for readiness and claiming; ordinary historical prose is not authority
regression (0)	Complete regression shard	2026-10-09T00:19:35.9690629Z   ---
regression (0)	Complete regression shard	2026-10-09T00:19:35.9690697Z   duration_ms: 0.735484
regression (0)	Complete regression shard	2026-10-09T00:19:35.9690767Z   type: 'test'
regression (0)	Complete regression shard	2026-10-09T00:19:35.9690834Z   ...
regression (0)	Complete regression shard	2026-10-09T00:19:35.9691105Z # Subtest: a linked PR merging during preflight cannot leave a complete eligible exhausted issue
regression (0)	Complete regression shard	2026-10-09T00:19:35.9691375Z ok 271 - a linked PR merging during preflight cannot leave a complete eligible exhausted issue
regression (0)	Complete regression shard	2026-10-09T00:19:35.9691442Z   ---
regression (0)	Complete regression shard	2026-10-09T00:19:35.9691510Z   duration_ms: 1.162083
regression (0)	Complete regression shard	2026-10-09T00:19:35.9691581Z   type: 'test'
regression (0)	Complete regression shard	2026-10-09T00:19:35.9691642Z   ...
regression (0)	Complete regression shard	2026-10-09T00:19:35.9691907Z # Subtest: a conflicting geography owner added during preflight cannot be reported eligible
regression (0)	Complete regression shard	2026-10-09T00:19:35.9692160Z ok 272 - a conflicting geography owner added during preflight cannot be reported eligible
regression (0)	Complete regression shard	2026-10-09T00:19:35.9692222Z   ---
regression (0)	Complete regression shard	2026-10-09T00:19:35.9692293Z   duration_ms: 0.534578
regression (0)	Complete regression shard	2026-10-09T00:19:35.9692361Z   type: 'test'
regression (0)	Complete regression shard	2026-10-09T00:19:35.9692421Z   ...
regression (0)	Complete regression shard	2026-10-09T00:19:35.9692680Z # Subtest: narrow geography scopes remain disjoint but conflict with enclosing reservations
regression (0)	Complete regression shard	2026-10-09T00:19:35.9692929Z ok 273 - narrow geography scopes remain disjoint but conflict with enclosing reservations
regression (0)	Complete regression shard	2026-10-09T00:19:35.9692992Z   ---
regression (0)	Complete regression shard	2026-10-09T00:19:35.9693064Z   duration_ms: 0.604191
regression (0)	Complete regression shard	2026-10-09T00:19:35.9693128Z   type: 'test'
regression (0)	Complete regression shard	2026-10-09T00:19:35.9693193Z   ...
regression (0)	Complete regression shard	2026-10-09T00:19:35.9693808Z # Subtest: live function proof covers original cursor/parent/archived/profile responses and rejects changed output or privileges
regression (0)	Complete regression shard	2026-10-09T00:19:35.9694301Z ok 274 - live function proof covers original cursor/parent/archived/profile responses and rejects changed output or privileges
regression (0)	Complete regression shard	2026-10-09T00:19:35.9694370Z   ---
regression (0)	Complete regression shard	2026-10-09T00:19:35.9694450Z   duration_ms: 2439.708804
regression (0)	Complete regression shard	2026-10-09T00:19:35.9694517Z   type: 'test'
regression (0)	Complete regression shard	2026-10-09T00:19:35.9694583Z   ...
regression (0)	Complete regression shard	2026-10-09T00:19:35.9694913Z # Subtest: macro partition checks separate member coherence from source completeness and descendant approval
regression (0)	Complete regression shard	2026-10-09T00:19:35.9695225Z ok 275 - macro partition checks separate member coherence from source completeness and descendant approval
regression (0)	Complete regression shard	2026-10-09T00:19:35.9695290Z   ---
regression (0)	Complete regression shard	2026-10-09T00:19:35.9695464Z   duration_ms: 28.137088
regression (0)	Complete regression shard	2026-10-09T00:19:35.9695530Z   type: 'test'
regression (0)	Complete regression shard	2026-10-09T00:19:35.9695594Z   ...
regression (0)	Complete regression shard	2026-10-09T00:19:35.9695856Z # Subtest: a structural pass cannot invent semantic approval or permit regional interiors
regression (0)	Complete regression shard	2026-10-09T00:19:35.9696107Z ok 276 - a structural pass cannot invent semantic approval or permit regional interiors
regression (0)	Complete regression shard	2026-10-09T00:19:35.9696177Z   ---
regression (0)	Complete regression shard	2026-10-09T00:19:35.9696247Z   duration_ms: 4.943285
regression (0)	Complete regression shard	2026-10-09T00:19:35.9696315Z   type: 'test'
regression (0)	Complete regression shard	2026-10-09T00:19:35.9696380Z   ...
regression (0)	Complete regression shard	2026-10-09T00:19:35.9696706Z # Subtest: each current macro identity and adjacent-tier parent must have exact decision and envelope coverage
regression (0)	Complete regression shard	2026-10-09T00:19:35.9697019Z ok 277 - each current macro identity and adjacent-tier parent must have exact decision and envelope coverage
regression (0)	Complete regression shard	2026-10-09T00:19:35.9697083Z   ---
regression (0)	Complete regression shard	2026-10-09T00:19:35.9697152Z   duration_ms: 1.844479
regression (0)	Complete regression shard	2026-10-09T00:19:35.9697219Z   type: 'test'
regression (0)	Complete regression shard	2026-10-09T00:19:35.9697282Z   ...
regression (0)	Complete regression shard	2026-10-09T00:19:35.9697541Z # Subtest: member and footprint hashes detect cross-region reassignment and geometry edits
regression (0)	Complete regression shard	2026-10-09T00:19:35.9697791Z ok 278 - member and footprint hashes detect cross-region reassignment and geometry edits
regression (0)	Complete regression shard	2026-10-09T00:19:35.9697854Z   ---
regression (0)	Complete regression shard	2026-10-09T00:19:35.9697926Z   duration_ms: 0.796364
regression (0)	Complete regression shard	2026-10-09T00:19:35.9697993Z   type: 'test'
regression (0)	Complete regression shard	2026-10-09T00:19:35.9698053Z   ...
regression (0)	Complete regression shard	2026-10-09T00:19:35.9698371Z # Subtest: only inspected successful sources with URLs and reproducible hashes support boundary decisions
regression (0)	Complete regression shard	2026-10-09T00:19:35.9698667Z ok 279 - only inspected successful sources with URLs and reproducible hashes support boundary decisions
regression (0)	Complete regression shard	2026-10-09T00:19:35.9698728Z   ---
regression (0)	Complete regression shard	2026-10-09T00:19:35.9698804Z   duration_ms: 1.183254
regression (0)	Complete regression shard	2026-10-09T00:19:35.9698872Z   type: 'test'
regression (0)	Complete regression shard	2026-10-09T00:19:35.9698931Z   ...
regression (0)	Complete regression shard	2026-10-09T00:19:35.9699172Z # Subtest: named missing islands receive explicit routing without imaginary geometry
regression (0)	Complete regression shard	2026-10-09T00:19:35.9699397Z ok 280 - named missing islands receive explicit routing without imaginary geometry
regression (0)	Complete regression shard	2026-10-09T00:19:35.9699468Z   ---
regression (0)	Complete regression shard	2026-10-09T00:19:35.9699539Z   duration_ms: 2.072564
regression (0)	Complete regression shard	2026-10-09T00:19:35.9699603Z   type: 'test'
regression (0)	Complete regression shard	2026-10-09T00:19:35.9699668Z   ...
regression (0)	Complete regression shard	2026-10-09T00:19:35.9699993Z # Subtest: supplemental boundary sources receive the same inspection and pin requirements as retained ledgers
regression (0)	Complete regression shard	2026-10-09T00:19:35.9700300Z ok 281 - supplemental boundary sources receive the same inspection and pin requirements as retained ledgers
regression (0)	Complete regression shard	2026-10-09T00:19:35.9700369Z   ---
regression (0)	Complete regression shard	2026-10-09T00:19:35.9700443Z   duration_ms: 1.877628
regression (0)	Complete regression shard	2026-10-09T00:19:35.9700506Z   type: 'test'
regression (0)	Complete regression shard	2026-10-09T00:19:35.9700571Z   ...
regression (0)	Complete regression shard	2026-10-09T00:19:35.9700890Z # Subtest: partial named-land evidence preserves existing geometry while explicitly withholding completeness
regression (0)	Complete regression shard	2026-10-09T00:19:35.9701201Z ok 282 - partial named-land evidence preserves existing geometry while explicitly withholding completeness
regression (0)	Complete regression shard	2026-10-09T00:19:35.9701264Z   ---
regression (0)	Complete regression shard	2026-10-09T00:19:35.9701331Z   duration_ms: 1.269791
regression (0)	Complete regression shard	2026-10-09T00:19:35.9701398Z   type: 'test'
regression (0)	Complete regression shard	2026-10-09T00:19:35.9701466Z   ...
regression (0)	Complete regression shard	2026-10-09T00:19:35.9701765Z # Subtest: retained replacements archive all six exact originals without predecessor transfer
regression (0)	Complete regression shard	2026-10-09T00:19:35.9702028Z ok 283 - retained replacements archive all six exact originals without predecessor transfer
regression (0)	Complete regression shard	2026-10-09T00:19:35.9702093Z   ---
regression (0)	Complete regression shard	2026-10-09T00:19:35.9702164Z   duration_ms: 11.594798
regression (0)	Complete regression shard	2026-10-09T00:19:35.9702317Z   type: 'test'
regression (0)	Complete regression shard	2026-10-09T00:19:35.9702383Z   ...
regression (0)	Complete regression shard	2026-10-09T00:19:35.9702544Z # Subtest: an unrelated old feature mutation is rejected
regression (0)	Complete regression shard	2026-10-09T00:19:35.9702696Z ok 284 - an unrelated old feature mutation is rejected
regression (0)	Complete regression shard	2026-10-09T00:19:35.9702756Z   ---
regression (0)	Complete regression shard	2026-10-09T00:19:35.9702830Z   duration_ms: 0.689506
regression (0)	Complete regression shard	2026-10-09T00:19:35.9702899Z   type: 'test'
regression (0)	Complete regression shard	2026-10-09T00:19:35.9702958Z   ...
regression (0)	Complete regression shard	2026-10-09T00:19:35.9703206Z # Subtest: exact changed feature archives cannot substitute modified originals
regression (0)	Complete regression shard	2026-10-09T00:19:35.9703541Z ok 285 - exact changed feature archives cannot substitute modified originals
regression (0)	Complete regression shard	2026-10-09T00:19:35.9703604Z   ---
regression (0)	Complete regression shard	2026-10-09T00:19:35.9703781Z   duration_ms: 0.405067
regression (0)	Complete regression shard	2026-10-09T00:19:35.9703849Z   type: 'test'
regression (0)	Complete regression shard	2026-10-09T00:19:35.9703910Z   ...
regression (0)	Complete regression shard	2026-10-09T00:19:35.9704094Z # Subtest: duplicate or replaced stable identities are rejected
regression (0)	Complete regression shard	2026-10-09T00:19:35.9704261Z ok 286 - duplicate or replaced stable identities are rejected
regression (0)	Complete regression shard	2026-10-09T00:19:35.9704325Z   ---
regression (0)	Complete regression shard	2026-10-09T00:19:35.9704402Z   duration_ms: 0.310488
regression (0)	Complete regression shard	2026-10-09T00:19:35.9704466Z   type: 'test'
regression (0)	Complete regression shard	2026-10-09T00:19:35.9704531Z   ...
regression (0)	Complete regression shard	2026-10-09T00:19:35.9704805Z # Subtest: source proof cannot authorize historical transfer or missing independent validation
regression (0)	Complete regression shard	2026-10-09T00:19:35.9705061Z ok 287 - source proof cannot authorize historical transfer or missing independent validation
regression (0)	Complete regression shard	2026-10-09T00:19:35.9705127Z   ---
regression (0)	Complete regression shard	2026-10-09T00:19:35.9705197Z   duration_ms: 0.244431
regression (0)	Complete regression shard	2026-10-09T00:19:35.9705261Z   type: 'test'
regression (0)	Complete regression shard	2026-10-09T00:19:35.9705331Z   ...
regression (0)	Complete regression shard	2026-10-09T00:19:35.9705566Z # Subtest: bounded replacement subprocess writes the same exact validated receipt
regression (0)	Complete regression shard	2026-10-09T00:19:35.9705793Z ok 288 - bounded replacement subprocess writes the same exact validated receipt
regression (0)	Complete regression shard	2026-10-09T00:19:35.9705860Z   ---
regression (0)	Complete regression shard	2026-10-09T00:19:35.9705932Z   duration_ms: 57.335095
regression (0)	Complete regression shard	2026-10-09T00:19:35.9706000Z   type: 'test'
regression (0)	Complete regression shard	2026-10-09T00:19:35.9706059Z   ...
regression (0)	Complete regression shard	2026-10-09T00:19:35.9706362Z # Subtest: finite Marcus routing is independent of sovereignty and retains provisional lower-tier roles
regression (0)	Complete regression shard	2026-10-09T00:19:35.9706656Z ok 289 - finite Marcus routing is independent of sovereignty and retains provisional lower-tier roles
regression (0)	Complete regression shard	2026-10-09T00:19:35.9706716Z   ---
regression (0)	Complete regression shard	2026-10-09T00:19:35.9706790Z   duration_ms: 0.742304
regression (0)	Complete regression shard	2026-10-09T00:19:35.9706858Z   type: 'test'
regression (0)	Complete regression shard	2026-10-09T00:19:35.9706916Z   ...
regression (0)	Complete regression shard	2026-10-09T00:19:35.9707184Z # Subtest: reject asymmetric Japan exclusion, alternate macro routing and invented readiness
regression (0)	Complete regression shard	2026-10-09T00:19:35.9707440Z ok 290 - reject asymmetric Japan exclusion, alternate macro routing and invented readiness
regression (0)	Complete regression shard	2026-10-09T00:19:35.9707502Z   ---
regression (0)	Complete regression shard	2026-10-09T00:19:35.9707576Z   duration_ms: 0.547978
regression (0)	Complete regression shard	2026-10-09T00:19:35.9707642Z   type: 'test'
regression (0)	Complete regression shard	2026-10-09T00:19:35.9707706Z   ...
regression (0)	Complete regression shard	2026-10-09T00:19:35.9707928Z # Subtest: original water-masked Marcus land reconstructs from exact OSM bytes
regression (0)	Complete regression shard	2026-10-09T00:19:35.9708137Z ok 291 - original water-masked Marcus land reconstructs from exact OSM bytes
regression (0)	Complete regression shard	2026-10-09T00:19:35.9708205Z   ---
regression (0)	Complete regression shard	2026-10-09T00:19:35.9708282Z   duration_ms: 232.566664
regression (0)	Complete regression shard	2026-10-09T00:19:35.9708350Z   type: 'test'
regression (0)	Complete regression shard	2026-10-09T00:19:35.9708417Z   ...
regression (0)	Complete regression shard	2026-10-09T00:19:35.9708637Z # Subtest: removing the source water hole or changing the coastline is rejected
regression (0)	Complete regression shard	2026-10-09T00:19:35.9708843Z ok 292 - removing the source water hole or changing the coastline is rejected
regression (0)	Complete regression shard	2026-10-09T00:19:35.9708907Z   ---
regression (0)	Complete regression shard	2026-10-09T00:19:35.9708977Z   duration_ms: 165.370345
regression (0)	Complete regression shard	2026-10-09T00:19:35.9709046Z   type: 'test'
regression (0)	Complete regression shard	2026-10-09T00:19:35.9709109Z   ...
regression (0)	Complete regression shard	2026-10-09T00:19:35.9709385Z # Subtest: an hour waiting on a durable request uses only result reads after initial identity check
regression (0)	Complete regression shard	2026-10-09T00:19:35.9709653Z ok 293 - an hour waiting on a durable request uses only result reads after initial identity check
regression (0)	Complete regression shard	2026-10-09T00:19:35.9709721Z   ---
regression (0)	Complete regression shard	2026-10-09T00:19:35.9709793Z   duration_ms: 3.347344
regression (0)	Complete regression shard	2026-10-09T00:19:35.9709861Z   type: 'test'
regression (0)	Complete regression shard	2026-10-09T00:19:35.9709924Z   ...
regression (0)	Complete regression shard	2026-10-09T00:19:35.9710172Z # Subtest: successful receipt requires fresh actual merge, exact head and merge commit
regression (0)	Complete regression shard	2026-10-09T00:19:35.9710522Z ok 294 - successful receipt requires fresh actual merge, exact head and merge commit
regression (0)	Complete regression shard	2026-10-09T00:19:35.9710590Z   ---
regression (0)	Complete regression shard	2026-10-09T00:19:35.9710657Z   duration_ms: 0.315164
regression (0)	Complete regression shard	2026-10-09T00:19:35.9710723Z   type: 'test'
regression (0)	Complete regression shard	2026-10-09T00:19:35.9710783Z   ...
regression (0)	Complete regression shard	2026-10-09T00:19:35.9711003Z # Subtest: a completed merge can be observed after the original chat disappears
regression (0)	Complete regression shard	2026-10-09T00:19:35.9711211Z ok 295 - a completed merge can be observed after the original chat disappears
regression (0)	Complete regression shard	2026-10-09T00:19:35.9711273Z   ---
regression (0)	Complete regression shard	2026-10-09T00:19:35.9711345Z   duration_ms: 0.32542
regression (0)	Complete regression shard	2026-10-09T00:19:35.9711413Z   type: 'test'
regression (0)	Complete regression shard	2026-10-09T00:19:35.9711473Z   ...
regression (0)	Complete regression shard	2026-10-09T00:19:35.9711753Z # Subtest: mismatched merge receipt never reports success
regression (0)	Complete regression shard	2026-10-09T00:19:35.9711911Z ok 296 - mismatched merge receipt never reports success
regression (0)	Complete regression shard	2026-10-09T00:19:35.9711975Z   ---
regression (0)	Complete regression shard	2026-10-09T00:19:35.9712048Z   duration_ms: 0.613464
regression (0)	Complete regression shard	2026-10-09T00:19:35.9712113Z   type: 'test'
regression (0)	Complete regression shard	2026-10-09T00:19:35.9712178Z   ...
regression (0)	Complete regression shard	2026-10-09T00:19:35.9712361Z # Subtest: malformed accepted receipts cannot authorize success
regression (0)	Complete regression shard	2026-10-09T00:19:35.9712529Z ok 297 - malformed accepted receipts cannot authorize success
regression (0)	Complete regression shard	2026-10-09T00:19:35.9712594Z   ---
regression (0)	Complete regression shard	2026-10-09T00:19:35.9712666Z   duration_ms: 0.635026
regression (0)	Complete regression shard	2026-10-09T00:19:35.9712728Z   type: 'test'
regression (0)	Complete regression shard	2026-10-09T00:19:35.9712792Z   ...
regression (0)	Complete regression shard	2026-10-09T00:19:35.9713032Z # Subtest: jitter never exceeds the five-minute cap and reads receive bounded timeouts
regression (0)	Complete regression shard	2026-10-09T00:19:35.9713416Z ok 298 - jitter never exceeds the five-minute cap and reads receive bounded timeouts
regression (0)	Complete regression shard	2026-10-09T00:19:35.9713496Z   ---
regression (0)	Complete regression shard	2026-10-09T00:19:35.9713567Z   duration_ms: 0.484194
regression (0)	Complete regression shard	2026-10-09T00:19:35.9713639Z   type: 'test'
regression (0)	Complete regression shard	2026-10-09T00:19:35.9713705Z   ...
regression (0)	Complete regression shard	2026-10-09T00:19:35.9713975Z # Subtest: a response arriving after the observation deadline cannot authorize another action
regression (0)	Complete regression shard	2026-10-09T00:19:35.9714236Z ok 299 - a response arriving after the observation deadline cannot authorize another action
regression (0)	Complete regression shard	2026-10-09T00:19:35.9714305Z   ---
regression (0)	Complete regression shard	2026-10-09T00:19:35.9714381Z   duration_ms: 0.174056
regression (0)	Complete regression shard	2026-10-09T00:19:35.9714451Z   type: 'test'
regression (0)	Complete regression shard	2026-10-09T00:19:35.9714517Z   ...
regression (0)	Complete regression shard	2026-10-09T00:19:35.9714783Z # Subtest: rate limit during final verification cannot turn a receipt into confirmed success
regression (0)	Complete regression shard	2026-10-09T00:19:35.9715041Z ok 300 - rate limit during final verification cannot turn a receipt into confirmed success
regression (0)	Complete regression shard	2026-10-09T00:19:35.9715103Z   ---
regression (0)	Complete regression shard	2026-10-09T00:19:35.9715177Z   duration_ms: 0.398237
regression (0)	Complete regression shard	2026-10-09T00:19:35.9715245Z   type: 'test'
regression (0)	Complete regression shard	2026-10-09T00:19:35.9715304Z   ...
regression (0)	Complete regression shard	2026-10-09T00:19:35.9715470Z # Subtest: changed reviewed head stops before submission
regression (0)	Complete regression shard	2026-10-09T00:19:35.9715622Z ok 301 - changed reviewed head stops before submission
regression (0)	Complete regression shard	2026-10-09T00:19:35.9715686Z   ---
regression (0)	Complete regression shard	2026-10-09T00:19:35.9715759Z   duration_ms: 0.275036
regression (0)	Complete regression shard	2026-10-09T00:19:35.9715827Z   type: 'test'
regression (0)	Complete regression shard	2026-10-09T00:19:35.9715886Z   ...
regression (0)	Complete regression shard	2026-10-09T00:19:35.9716063Z # Subtest: known rejection ends observation without submission
regression (0)	Complete regression shard	2026-10-09T00:19:35.9716224Z ok 302 - known rejection ends observation without submission
regression (0)	Complete regression shard	2026-10-09T00:19:35.9716292Z   ---
regression (0)	Complete regression shard	2026-10-09T00:19:35.9716364Z   duration_ms: 0.336055
regression (0)	Complete regression shard	2026-10-09T00:19:35.9716429Z   type: 'test'
regression (0)	Complete regression shard	2026-10-09T00:19:35.9716492Z   ...
regression (0)	Complete regression shard	2026-10-09T00:19:35.9716742Z # Subtest: rate exhaustion pauses every read until the actual reset before continuing
regression (0)	Complete regression shard	2026-10-09T00:19:35.9716977Z ok 303 - rate exhaustion pauses every read until the actual reset before continuing
regression (0)	Complete regression shard	2026-10-09T00:19:35.9717045Z   ---
regression (0)	Complete regression shard	2026-10-09T00:19:35.9717119Z   duration_ms: 0.290409
regression (0)	Complete regression shard	2026-10-09T00:19:35.9717182Z   type: 'test'
regression (0)	Complete regression shard	2026-10-09T00:19:35.9717246Z   ...
regression (0)	Complete regression shard	2026-10-09T00:19:35.9717457Z # Subtest: secondary throttling honors retry-after and does not redispatch
regression (0)	Complete regression shard	2026-10-09T00:19:35.9717665Z ok 304 - secondary throttling honors retry-after and does not redispatch
regression (0)	Complete regression shard	2026-10-09T00:19:35.9717728Z   ---
regression (0)	Complete regression shard	2026-10-09T00:19:35.9717798Z   duration_ms: 0.267063
regression (0)	Complete regression shard	2026-10-09T00:19:35.9717866Z   type: 'test'
regression (0)	Complete regression shard	2026-10-09T00:19:35.9717929Z   ...
regression (0)	Complete regression shard	2026-10-09T00:19:35.9718157Z # Subtest: secondary retry-after does not wait for a non-exhausted primary reset
regression (0)	Complete regression shard	2026-10-09T00:19:35.9718495Z ok 305 - secondary retry-after does not wait for a non-exhausted primary reset
regression (0)	Complete regression shard	2026-10-09T00:19:35.9718560Z   ---
regression (0)	Complete regression shard	2026-10-09T00:19:35.9718629Z   duration_ms: 0.273994
regression (0)	Complete regression shard	2026-10-09T00:19:35.9718698Z   type: 'test'
regression (0)	Complete regression shard	2026-10-09T00:19:35.9718758Z   ...
regression (0)	Complete regression shard	2026-10-09T00:19:35.9719022Z # Subtest: repeated body-only secondary throttles have a finite exponential retry budget
regression (0)	Complete regression shard	2026-10-09T00:19:35.9719268Z ok 306 - repeated body-only secondary throttles have a finite exponential retry budget
regression (0)	Complete regression shard	2026-10-09T00:19:35.9719328Z   ---
regression (0)	Complete regression shard	2026-10-09T00:19:35.9719402Z   duration_ms: 0.31187
regression (0)	Complete regression shard	2026-10-09T00:19:35.9719469Z   type: 'test'
regression (0)	Complete regression shard	2026-10-09T00:19:35.9719626Z   ...
regression (0)	Complete regression shard	2026-10-09T00:19:35.9719891Z # Subtest: a reset beyond observation deadline returns pending without additional requests
regression (0)	Complete regression shard	2026-10-09T00:19:35.9720140Z ok 307 - a reset beyond observation deadline returns pending without additional requests
regression (0)	Complete regression shard	2026-10-09T00:19:35.9720201Z   ---
regression (0)	Complete regression shard	2026-10-09T00:19:35.9720276Z   duration_ms: 0.149169
regression (0)	Complete regression shard	2026-10-09T00:19:35.9720345Z   type: 'test'
regression (0)	Complete regression shard	2026-10-09T00:19:35.9720408Z   ...
regression (0)	Complete regression shard	2026-10-09T00:19:35.9720610Z # Subtest: ordinary permission denial is not disguised as a rate limit
regression (0)	Complete regression shard	2026-10-09T00:19:35.9720796Z ok 308 - ordinary permission denial is not disguised as a rate limit
regression (0)	Complete regression shard	2026-10-09T00:19:35.9720861Z   ---
regression (0)	Complete regression shard	2026-10-09T00:19:35.9720933Z   duration_ms: 0.207216
regression (0)	Complete regression shard	2026-10-09T00:19:35.9720997Z   type: 'test'
regression (0)	Complete regression shard	2026-10-09T00:19:35.9721061Z   ...
regression (0)	Complete regression shard	2026-10-09T00:19:35.9721238Z # Subtest: read-only observation never submits an absent request
regression (0)	Complete regression shard	2026-10-09T00:19:35.9721410Z ok 309 - read-only observation never submits an absent request
regression (0)	Complete regression shard	2026-10-09T00:19:35.9721475Z   ---
regression (0)	Complete regression shard	2026-10-09T00:19:35.9721550Z   duration_ms: 0.1692
regression (0)	Complete regression shard	2026-10-09T00:19:35.9721620Z   type: 'test'
regression (0)	Complete regression shard	2026-10-09T00:19:35.9721685Z   ...
regression (0)	Complete regression shard	2026-10-09T00:19:35.9721946Z # Subtest: resuming an uncertain request never submits even without explicit read-only mode
regression (0)	Complete regression shard	2026-10-09T00:19:35.9722198Z ok 310 - resuming an uncertain request never submits even without explicit read-only mode
regression (0)	Complete regression shard	2026-10-09T00:19:35.9722266Z   ---
regression (0)	Complete regression shard	2026-10-09T00:19:35.9722336Z   duration_ms: 0.295445
regression (0)	Complete regression shard	2026-10-09T00:19:35.9722409Z   type: 'test'
regression (0)	Complete regression shard	2026-10-09T00:19:35.9722475Z   ...
regression (0)	Complete regression shard	2026-10-09T00:19:35.9722732Z # Subtest: an existing registration workflow prevents duplicate dispatch and is latched
regression (0)	Complete regression shard	2026-10-09T00:19:35.9722974Z ok 311 - an existing registration workflow prevents duplicate dispatch and is latched
regression (0)	Complete regression shard	2026-10-09T00:19:35.9723037Z   ---
regression (0)	Complete regression shard	2026-10-09T00:19:35.9723115Z   duration_ms: 0.37982
regression (0)	Complete regression shard	2026-10-09T00:19:35.9723183Z   type: 'test'
regression (0)	Complete regression shard	2026-10-09T00:19:35.9723391Z   ...
regression (0)	Complete regression shard	2026-10-09T00:19:35.9723727Z # Subtest: registration discovered on a later complete page is resumed without submission
regression (0)	Complete regression shard	2026-10-09T00:19:35.9723987Z ok 312 - registration discovered on a later complete page is resumed without submission
regression (0)	Complete regression shard	2026-10-09T00:19:35.9724048Z   ---
regression (0)	Complete regression shard	2026-10-09T00:19:35.9724122Z   duration_ms: 0.21713
regression (0)	Complete regression shard	2026-10-09T00:19:35.9724190Z   type: 'test'
regression (0)	Complete regression shard	2026-10-09T00:19:35.9724250Z   ...
regression (0)	Complete regression shard	2026-10-09T00:19:35.9724516Z # Subtest: new submission happens once, then durable registration eliminates workflow checks
regression (0)	Complete regression shard	2026-10-09T00:19:35.9724771Z ok 313 - new submission happens once, then durable registration eliminates workflow checks
regression (0)	Complete regression shard	2026-10-09T00:19:35.9724839Z   ---
regression (0)	Complete regression shard	2026-10-09T00:19:35.9724915Z   duration_ms: 0.204682
regression (0)	Complete regression shard	2026-10-09T00:19:35.9724980Z   type: 'test'
regression (0)	Complete regression shard	2026-10-09T00:19:35.9725047Z   ...
regression (0)	Complete regression shard	2026-10-09T00:19:35.9725233Z # Subtest: uncertain submission is never automatically repeated
regression (0)	Complete regression shard	2026-10-09T00:19:35.9725403Z ok 314 - uncertain submission is never automatically repeated
regression (0)	Complete regression shard	2026-10-09T00:19:35.9725469Z   ---
regression (0)	Complete regression shard	2026-10-09T00:19:35.9725544Z   duration_ms: 0.22403
regression (0)	Complete regression shard	2026-10-09T00:19:35.9725609Z   type: 'test'
regression (0)	Complete regression shard	2026-10-09T00:19:35.9725676Z   ...
regression (0)	Complete regression shard	2026-10-09T00:19:35.9725969Z # Subtest: fresh submission refuses an already registered pending request for the same reviewed head
regression (0)	Complete regression shard	2026-10-09T00:19:35.9726256Z ok 315 - fresh submission refuses an already registered pending request for the same reviewed head
regression (0)	Complete regression shard	2026-10-09T00:19:35.9726321Z   ---
regression (0)	Complete regression shard	2026-10-09T00:19:35.9726531Z   duration_ms: 0.233404
regression (0)	Complete regression shard	2026-10-09T00:19:35.9726606Z   type: 'test'
regression (0)	Complete regression shard	2026-10-09T00:19:35.9726672Z   ...
regression (0)	Complete regression shard	2026-10-09T00:19:35.9726909Z # Subtest: incomplete registration search fails without dispatching a duplicate
regression (0)	Complete regression shard	2026-10-09T00:19:35.9727133Z ok 316 - incomplete registration search fails without dispatching a duplicate
regression (0)	Complete regression shard	2026-10-09T00:19:35.9727201Z   ---
regression (0)	Complete regression shard	2026-10-09T00:19:35.9727271Z   duration_ms: 0.495165
regression (0)	Complete regression shard	2026-10-09T00:19:35.9727340Z   type: 'test'
regression (0)	Complete regression shard	2026-10-09T00:19:35.9727400Z   ...
regression (0)	Complete regression shard	2026-10-09T00:19:35.9727638Z # Subtest: failed registration remains explicit rather than silently resubmitting
regression (0)	Complete regression shard	2026-10-09T00:19:35.9727862Z ok 317 - failed registration remains explicit rather than silently resubmitting
regression (0)	Complete regression shard	2026-10-09T00:19:35.9728022Z   ---
regression (0)	Complete regression shard	2026-10-09T00:19:35.9728099Z   duration_ms: 0.211361
regression (0)	Complete regression shard	2026-10-09T00:19:35.9728167Z   type: 'test'
regression (0)	Complete regression shard	2026-10-09T00:19:35.9728229Z   ...
regression (0)	Complete regression shard	2026-10-09T00:19:35.9728453Z # Subtest: CLI read-only resume confirms actual merged receipt without a write
regression (0)	Complete regression shard	2026-10-09T00:19:35.9728666Z ok 318 - CLI read-only resume confirms actual merged receipt without a write
regression (0)	Complete regression shard	2026-10-09T00:19:35.9728728Z   ---
regression (0)	Complete regression shard	2026-10-09T00:19:35.9728807Z   duration_ms: 180.650641
regression (0)	Complete regression shard	2026-10-09T00:19:35.9728871Z   type: 'test'
regression (0)	Complete regression shard	2026-10-09T00:19:35.9728935Z   ...
regression (0)	Complete regression shard	2026-10-09T00:19:35.9729145Z # Subtest: CLI parses actual rate headers and recovers without resubmission
regression (0)	Complete regression shard	2026-10-09T00:19:35.9729343Z ok 319 - CLI parses actual rate headers and recovers without resubmission
regression (0)	Complete regression shard	2026-10-09T00:19:35.9729407Z   ---
regression (0)	Complete regression shard	2026-10-09T00:19:35.9729482Z   duration_ms: 170.891572
regression (0)	Complete regression shard	2026-10-09T00:19:35.9729545Z   type: 'test'
regression (0)	Complete regression shard	2026-10-09T00:19:35.9729609Z   ...
regression (0)	Complete regression shard	2026-10-09T00:19:35.9729988Z # Subtest: CLI recognizes explicit body-only secondary throttling without treating ordinary permission denial as throttling
regression (0)	Complete regression shard	2026-10-09T00:19:35.9730351Z ok 320 - CLI recognizes explicit body-only secondary throttling without treating ordinary permission denial as throttling
regression (0)	Complete regression shard	2026-10-09T00:19:35.9730419Z   ---
regression (0)	Complete regression shard	2026-10-09T00:19:35.9730497Z   duration_ms: 182.556735
regression (0)	Complete regression shard	2026-10-09T00:19:35.9730562Z   type: 'test'
regression (0)	Complete regression shard	2026-10-09T00:19:35.9730628Z   ...
regression (0)	Complete regression shard	2026-10-09T00:19:35.9730873Z # Subtest: CLI prints request identity before uncertain submission and never repeats it
regression (0)	Complete regression shard	2026-10-09T00:19:35.9731111Z ok 321 - CLI prints request identity before uncertain submission and never repeats it
regression (0)	Complete regression shard	2026-10-09T00:19:35.9731174Z   ---
regression (0)	Complete regression shard	2026-10-09T00:19:35.9731244Z   duration_ms: 145.348543
regression (0)	Complete regression shard	2026-10-09T00:19:35.9731312Z   type: 'test'
regression (0)	Complete regression shard	2026-10-09T00:19:35.9731376Z   ...
regression (0)	Complete regression shard	2026-10-09T00:19:35.9731573Z # Subtest: CLI only claims registration after reading the durable request
regression (0)	Complete regression shard	2026-10-09T00:19:35.9731769Z ok 322 - CLI only claims registration after reading the durable request
regression (0)	Complete regression shard	2026-10-09T00:19:35.9731838Z   ---
regression (0)	Complete regression shard	2026-10-09T00:19:35.9731908Z   duration_ms: 190.865755
regression (0)	Complete regression shard	2026-10-09T00:19:35.9731978Z   type: 'test'
regression (0)	Complete regression shard	2026-10-09T00:19:35.9732037Z   ...
regression (0)	Complete regression shard	2026-10-09T00:19:35.9732269Z # Subtest: CLI ordinary permission errors stop without false rate-limit recovery
regression (0)	Complete regression shard	2026-10-09T00:19:35.9732488Z ok 323 - CLI ordinary permission errors stop without false rate-limit recovery
regression (0)	Complete regression shard	2026-10-09T00:19:35.9732552Z   ---
regression (0)	Complete regression shard	2026-10-09T00:19:35.9732625Z   duration_ms: 92.55763
regression (0)	Complete regression shard	2026-10-09T00:19:35.9732693Z   type: 'test'
regression (0)	Complete regression shard	2026-10-09T00:19:35.9732752Z   ...
regression (0)	Complete regression shard	2026-10-09T00:19:35.9732990Z # Subtest: CLI waiting timeout returns pending, avoids cleanup and has bounded reads
regression (0)	Complete regression shard	2026-10-09T00:19:35.9733368Z ok 324 - CLI waiting timeout returns pending, avoids cleanup and has bounded reads
regression (0)	Complete regression shard	2026-10-09T00:19:35.9733459Z   ---
regression (0)	Complete regression shard	2026-10-09T00:19:35.9733537Z   duration_ms: 495.575363
regression (0)	Complete regression shard	2026-10-09T00:19:35.9733603Z   type: 'test'
regression (0)	Complete regression shard	2026-10-09T00:19:35.9733669Z   ...
regression (0)	Complete regression shard	2026-10-09T00:19:35.9733965Z # Subtest: long request holds main admission amid arbitrarily many short arrivals and FIFO progresses
regression (0)	Complete regression shard	2026-10-09T00:19:35.9734249Z ok 325 - long request holds main admission amid arbitrarily many short arrivals and FIFO progresses
regression (0)	Complete regression shard	2026-10-09T00:19:35.9734316Z   ---
regression (0)	Complete regression shard	2026-10-09T00:19:35.9734393Z   duration_ms: 3.092518
regression (0)	Complete regression shard	2026-10-09T00:19:35.9734458Z   type: 'test'
regression (0)	Complete regression shard	2026-10-09T00:19:35.9734633Z   ...
regression (0)	Complete regression shard	2026-10-09T00:19:35.9734929Z # Subtest: coalesced scheduler ticks cannot lose FIFO registrations; duplicate request retains ticket
regression (0)	Complete regression shard	2026-10-09T00:19:35.9735208Z ok 326 - coalesced scheduler ticks cannot lose FIFO registrations; duplicate request retains ticket
regression (0)	Complete regression shard	2026-10-09T00:19:35.9735275Z   ---
regression (0)	Complete regression shard	2026-10-09T00:19:35.9735347Z   duration_ms: 0.664089
regression (0)	Complete regression shard	2026-10-09T00:19:35.9735411Z   type: 'test'
regression (0)	Complete regression shard	2026-10-09T00:19:35.9735477Z   ...
regression (0)	Complete regression shard	2026-10-09T00:19:35.9735756Z # Subtest: pending execution cancellation recovers same request and keeps every attempt receipt
regression (0)	Complete regression shard	2026-10-09T00:19:35.9736027Z ok 327 - pending execution cancellation recovers same request and keeps every attempt receipt
regression (0)	Complete regression shard	2026-10-09T00:19:35.9736187Z   ---
regression (0)	Complete regression shard	2026-10-09T00:19:35.9736258Z   duration_ms: 1.624194
regression (0)	Complete regression shard	2026-10-09T00:19:35.9736328Z   type: 'test'
regression (0)	Complete regression shard	2026-10-09T00:19:35.9736392Z   ...
regression (0)	Complete regression shard	2026-10-09T00:19:35.9736625Z # Subtest: observation timeout does not restart live queued/waiting/old executions
regression (0)	Complete regression shard	2026-10-09T00:19:35.9736854Z ok 328 - observation timeout does not restart live queued/waiting/old executions
regression (0)	Complete regression shard	2026-10-09T00:19:35.9736923Z   ---
regression (0)	Complete regression shard	2026-10-09T00:19:35.9736992Z   duration_ms: 0.708404
regression (0)	Complete regression shard	2026-10-09T00:19:35.9737061Z   type: 'test'
regression (0)	Complete regression shard	2026-10-09T00:19:35.9737122Z   ...
regression (0)	Complete regression shard	2026-10-09T00:19:35.9737367Z # Subtest: changed head and failed tests settle rejected requests and allow next ticket
regression (0)	Complete regression shard	2026-10-09T00:19:35.9737602Z ok 329 - changed head and failed tests settle rejected requests and allow next ticket
regression (0)	Complete regression shard	2026-10-09T00:19:35.9737662Z   ---
regression (0)	Complete regression shard	2026-10-09T00:19:35.9737734Z   duration_ms: 0.837955
regression (0)	Complete regression shard	2026-10-09T00:19:35.9737801Z   type: 'test'
regression (0)	Complete regression shard	2026-10-09T00:19:35.9737860Z   ...
regression (0)	Complete regression shard	2026-10-09T00:19:35.9738198Z # Subtest: authority rejection settles; main advancement retries original ticket without accepting untested tree
regression (0)	Complete regression shard	2026-10-09T00:19:35.9738525Z ok 330 - authority rejection settles; main advancement retries original ticket without accepting untested tree
regression (0)	Complete regression shard	2026-10-09T00:19:35.9738586Z   ---
regression (0)	Complete regression shard	2026-10-09T00:19:35.9738659Z   duration_ms: 0.595598
regression (0)	Complete regression shard	2026-10-09T00:19:35.9738723Z   type: 'test'
regression (0)	Complete regression shard	2026-10-09T00:19:35.9738791Z   ...
regression (0)	Complete regression shard	2026-10-09T00:19:35.9739030Z # Subtest: admission rejects bypass, duplicate older attempt, and changed exact head
regression (0)	Complete regression shard	2026-10-09T00:19:35.9739256Z ok 331 - admission rejects bypass, duplicate older attempt, and changed exact head
regression (0)	Complete regression shard	2026-10-09T00:19:35.9739322Z   ---
regression (0)	Complete regression shard	2026-10-09T00:19:35.9739395Z   duration_ms: 1.028526
regression (0)	Complete regression shard	2026-10-09T00:19:35.9739460Z   type: 'test'
regression (0)	Complete regression shard	2026-10-09T00:19:35.9739525Z   ...
regression (0)	Complete regression shard	2026-10-09T00:19:35.9739793Z # Subtest: absent dispatch recovers only after bounded discovery delay, exhaustion is durable
regression (0)	Complete regression shard	2026-10-09T00:19:35.9740049Z ok 332 - absent dispatch recovers only after bounded discovery delay, exhaustion is durable
regression (0)	Complete regression shard	2026-10-09T00:19:35.9740118Z   ---
regression (0)	Complete regression shard	2026-10-09T00:19:35.9740191Z   duration_ms: 1.215181
regression (0)	Complete regression shard	2026-10-09T00:19:35.9740254Z   type: 'test'
regression (0)	Complete regression shard	2026-10-09T00:19:35.9740318Z   ...
regression (0)	Complete regression shard	2026-10-09T00:19:35.9740626Z # Subtest: actual main year selection joins native browser worker to GPU/Canvas and rejects stale contexts
regression (0)	Complete regression shard	2026-10-09T00:19:35.9740925Z ok 333 - actual main year selection joins native browser worker to GPU/Canvas and rejects stale contexts
regression (0)	Complete regression shard	2026-10-09T00:19:35.9740993Z   ---
regression (0)	Complete regression shard	2026-10-09T00:19:35.9741065Z   duration_ms: 17897.630804
regression (0)	Complete regression shard	2026-10-09T00:19:35.9741135Z   type: 'test'
regression (0)	Complete regression shard	2026-10-09T00:19:35.9741199Z   ...
regression (0)	Complete regression shard	2026-10-09T00:19:35.9741558Z # Subtest: dated removal, replacement, holes and additions equal complete native compilation over every canonical row/run
regression (0)	Complete regression shard	2026-10-09T00:19:35.9741905Z ok 334 - dated removal, replacement, holes and additions equal complete native compilation over every canonical row/run
regression (0)	Complete regression shard	2026-10-09T00:19:35.9741970Z   ---
regression (0)	Complete regression shard	2026-10-09T00:19:35.9742041Z   duration_ms: 1561.687326
regression (0)	Complete regression shard	2026-10-09T00:19:35.9742113Z   type: 'test'
regression (0)	Complete regression shard	2026-10-09T00:19:35.9742172Z   ...
regression (0)	Complete regression shard	2026-10-09T00:19:35.9742470Z # Subtest: dated metadata changes reuse all native reference rows with explicit dense identity mapping
regression (0)	Complete regression shard	2026-10-09T00:19:35.9742754Z ok 335 - dated metadata changes reuse all native reference rows with explicit dense identity mapping
regression (0)	Complete regression shard	2026-10-09T00:19:35.9742814Z   ---
regression (0)	Complete regression shard	2026-10-09T00:19:35.9742976Z   duration_ms: 363.671715
regression (0)	Complete regression shard	2026-10-09T00:19:35.9743048Z   type: 'test'
regression (0)	Complete regression shard	2026-10-09T00:19:35.9743109Z   ...
regression (0)	Complete regression shard	2026-10-09T00:19:35.9743593Z # Subtest: changed source, original owner mapping, duplicate IDs, malformed geometry and cancellation reject without partial output
regression (0)	Complete regression shard	2026-10-09T00:19:35.9743980Z ok 336 - changed source, original owner mapping, duplicate IDs, malformed geometry and cancellation reject without partial output
regression (0)	Complete regression shard	2026-10-09T00:19:35.9744043Z   ---
regression (0)	Complete regression shard	2026-10-09T00:19:35.9744125Z   duration_ms: 74.885604
regression (0)	Complete regression shard	2026-10-09T00:19:35.9744193Z   type: 'test'
regression (0)	Complete regression shard	2026-10-09T00:19:35.9744253Z   ...
regression (0)	Complete regression shard	2026-10-09T00:19:35.9744556Z # Subtest: streamed reuse coalesces adjacent fragments without changing dense owners or untouched gaps
regression (0)	Complete regression shard	2026-10-09T00:19:35.9744951Z ok 337 - streamed reuse coalesces adjacent fragments without changing dense owners or untouched gaps
regression (0)	Complete regression shard	2026-10-09T00:19:35.9745017Z   ---
regression (0)	Complete regression shard	2026-10-09T00:19:35.9745092Z   duration_ms: 342.781378
regression (0)	Complete regression shard	2026-10-09T00:19:35.9745156Z   type: 'test'
regression (0)	Complete regression shard	2026-10-09T00:19:35.9745223Z   ...
regression (0)	Complete regression shard	2026-10-09T00:19:35.9745564Z # Subtest: same retained geometry object with a new additive ledger recomputes native rows and equals a full compile
regression (0)	Complete regression shard	2026-10-09T00:19:35.9745890Z ok 338 - same retained geometry object with a new additive ledger recomputes native rows and equals a full compile
regression (0)	Complete regression shard	2026-10-09T00:19:35.9745958Z   ---
regression (0)	Complete regression shard	2026-10-09T00:19:35.9746032Z   duration_ms: 477.882207
regression (0)	Complete regression shard	2026-10-09T00:19:35.9746096Z   type: 'test'
regression (0)	Complete regression shard	2026-10-09T00:19:35.9746161Z   ...
regression (0)	Complete regression shard	2026-10-09T00:19:35.9746424Z # Subtest: actual committed CLI fixture produces two identical complete offline candidates
regression (0)	Complete regression shard	2026-10-09T00:19:35.9746671Z ok 339 - actual committed CLI fixture produces two identical complete offline candidates
regression (0)	Complete regression shard	2026-10-09T00:19:35.9746739Z   ---
regression (0)	Complete regression shard	2026-10-09T00:19:35.9746811Z   duration_ms: 2528.410616
regression (0)	Complete regression shard	2026-10-09T00:19:35.9746879Z   type: 'test'
regression (0)	Complete regression shard	2026-10-09T00:19:35.9746950Z   ...
regression (0)	Complete regression shard	2026-10-09T00:19:35.9747230Z # Subtest: actual CLI refuses reused outputs and changed executed code before emitting a candidate
regression (0)	Complete regression shard	2026-10-09T00:19:35.9747505Z ok 340 - actual CLI refuses reused outputs and changed executed code before emitting a candidate
regression (0)	Complete regression shard	2026-10-09T00:19:35.9747570Z   ---
regression (0)	Complete regression shard	2026-10-09T00:19:35.9747641Z   duration_ms: 379.967989
regression (0)	Complete regression shard	2026-10-09T00:19:35.9747707Z   type: 'test'
regression (0)	Complete regression shard	2026-10-09T00:19:35.9747771Z   ...
regression (0)	Complete regression shard	2026-10-09T00:19:35.9748112Z # Subtest: aggregate byte/descriptor admission and explicit original identity references reject invalid contracts
regression (0)	Complete regression shard	2026-10-09T00:19:35.9748443Z ok 341 - aggregate byte/descriptor admission and explicit original identity references reject invalid contracts
regression (0)	Complete regression shard	2026-10-09T00:19:35.9748509Z   ---
regression (0)	Complete regression shard	2026-10-09T00:19:35.9748582Z   duration_ms: 1.00406
regression (0)	Complete regression shard	2026-10-09T00:19:35.9748654Z   type: 'test'
regression (0)	Complete regression shard	2026-10-09T00:19:35.9748716Z   ...
regression (0)	Complete regression shard	2026-10-09T00:19:35.9749027Z # Subtest: canonical owner packing crosses low/high word boundaries with independently checked row spans
regression (0)	Complete regression shard	2026-10-09T00:19:35.9749323Z ok 342 - canonical owner packing crosses low/high word boundaries with independently checked row spans
regression (0)	Complete regression shard	2026-10-09T00:19:35.9749386Z   ---
regression (0)	Complete regression shard	2026-10-09T00:19:35.9749462Z   duration_ms: 1050.795204
regression (0)	Complete regression shard	2026-10-09T00:19:35.9749530Z   type: 'test'
regression (0)	Complete regression shard	2026-10-09T00:19:35.9749590Z   ...
regression (0)	Complete regression shard	2026-10-09T00:19:35.9749823Z # Subtest: actual CLI refuses inherited execution flags before candidate creation
regression (0)	Complete regression shard	2026-10-09T00:19:35.9750046Z ok 343 - actual CLI refuses inherited execution flags before candidate creation
regression (0)	Complete regression shard	2026-10-09T00:19:35.9750106Z   ---
regression (0)	Complete regression shard	2026-10-09T00:19:35.9750181Z   duration_ms: 83.779059
regression (0)	Complete regression shard	2026-10-09T00:19:35.9750246Z   type: 'test'
regression (0)	Complete regression shard	2026-10-09T00:19:35.9750315Z   ...
regression (0)	Complete regression shard	2026-10-09T00:19:35.9750658Z # Subtest: retained topology binds every source and complete partition accounting without asserting source authority
regression (0)	Complete regression shard	2026-10-09T00:19:35.9750989Z ok 344 - retained topology binds every source and complete partition accounting without asserting source authority
regression (0)	Complete regression shard	2026-10-09T00:19:35.9751054Z   ---
regression (0)	Complete regression shard	2026-10-09T00:19:35.9751128Z   duration_ms: 408.986805
regression (0)	Complete regression shard	2026-10-09T00:19:35.9751192Z   type: 'test'
regression (0)	Complete regression shard	2026-10-09T00:19:35.9751256Z   ...
regression (0)	Complete regression shard	2026-10-09T00:19:35.9751616Z # Subtest: undeclared nested module configuration fails before immutable code admission
regression (0)	Complete regression shard	2026-10-09T00:19:35.9751853Z ok 345 - undeclared nested module configuration fails before immutable code admission
regression (0)	Complete regression shard	2026-10-09T00:19:35.9751920Z   ---
regression (0)	Complete regression shard	2026-10-09T00:19:35.9751995Z   duration_ms: 90.609161
regression (0)	Complete regression shard	2026-10-09T00:19:35.9752059Z   type: 'test'
regression (0)	Complete regression shard	2026-10-09T00:19:35.9752123Z   ...
regression (0)	Complete regression shard	2026-10-09T00:19:35.9752461Z # Subtest: streamed source digest equals original whole JSON bytes including Unicode, ordering and numeric edge cases
regression (0)	Complete regression shard	2026-10-09T00:19:35.9752816Z not ok 346 - streamed source digest equals original whole JSON bytes including Unicode, ordering and numeric edge cases
regression (0)	Complete regression shard	2026-10-09T00:19:35.9752954Z   ---
regression (0)	Complete regression shard	2026-10-09T00:19:35.9753027Z   duration_ms: 2.826906
regression (0)	Complete regression shard	2026-10-09T00:19:35.9753097Z   type: 'test'
regression (0)	Complete regression shard	2026-10-09T00:19:35.9753529Z   location: '/home/runner/work/WorldAtlas/WorldAtlas/test/native-source-digest.test.mjs:8:1'
regression (0)	Complete regression shard	2026-10-09T00:19:35.9753631Z   failureType: 'testCodeFailure'
regression (0)	Complete regression shard	2026-10-09T00:19:35.9753813Z   error: 'Unsupported original native geometry / footprint primitive'
regression (0)	Complete regression shard	2026-10-09T00:19:35.9753893Z   code: 'ERR_TEST_FAILURE'
regression (0)	Complete regression shard	2026-10-09T00:19:35.9753963Z   stack: |-
regression (0)	Complete regression shard	2026-10-09T00:19:35.9754205Z     require (file:///home/runner/work/WorldAtlas/WorldAtlas/src/effective-footprint.js:7:54)
regression (0)	Complete regression shard	2026-10-09T00:19:35.9754460Z     polygonParts (file:///home/runner/work/WorldAtlas/WorldAtlas/src/effective-footprint.js:30:3)
regression (0)	Complete regression shard	2026-10-09T00:19:35.9754762Z     effectivePrimitiveGeometries (file:///home/runner/work/WorldAtlas/WorldAtlas/src/effective-footprint.js:47:3)
regression (0)	Complete regression shard	2026-10-09T00:19:35.9755049Z     effectiveFootprintValue (file:///home/runner/work/WorldAtlas/WorldAtlas/src/effective-footprint.js:74:3)
regression (0)	Complete regression shard	2026-10-09T00:19:35.9755263Z     file:///home/runner/work/WorldAtlas/WorldAtlas/src/native-source-digest.js:13:56
regression (0)	Complete regression shard	2026-10-09T00:19:35.9755342Z     Array.map (<anonymous>)
regression (0)	Complete regression shard	2026-10-09T00:19:35.9755620Z     nativeSourceDigest (file:///home/runner/work/WorldAtlas/WorldAtlas/src/native-source-digest.js:13:28)
regression (0)	Complete regression shard	2026-10-09T00:19:35.9755948Z     TestContext.<anonymous> (file:///home/runner/work/WorldAtlas/WorldAtlas/test/native-source-digest.test.mjs:15:24)
regression (0)	Complete regression shard	2026-10-09T00:19:35.9756093Z     async Test.run (node:internal/test_runner/test:1409:7)
regression (0)	Complete regression shard	2026-10-09T00:19:35.9756301Z     async startSubtestAfterBootstrap (node:internal/test_runner/harness:387:3)
regression (0)	Complete regression shard	2026-10-09T00:19:35.9756368Z   ...
regression (0)	Complete regression shard	2026-10-09T00:19:35.9756666Z # Subtest: source changes alter digest and cancellation/callback errors never return a partial digest
regression (0)	Complete regression shard	2026-10-09T00:19:35.9756968Z not ok 347 - source changes alter digest and cancellation/callback errors never return a partial digest
regression (0)	Complete regression shard	2026-10-09T00:19:35.9757034Z   ---
regression (0)	Complete regression shard	2026-10-09T00:19:35.9757109Z   duration_ms: 0.438507
regression (0)	Complete regression shard	2026-10-09T00:19:35.9757179Z   type: 'test'
regression (0)	Complete regression shard	2026-10-09T00:19:35.9757426Z   location: '/home/runner/work/WorldAtlas/WorldAtlas/test/native-source-digest.test.mjs:23:1'
regression (0)	Complete regression shard	2026-10-09T00:19:35.9757522Z   failureType: 'testCodeFailure'
regression (0)	Complete regression shard	2026-10-09T00:19:35.9757624Z   error: 'Missing footprint rings'
regression (0)	Complete regression shard	2026-10-09T00:19:35.9757705Z   code: 'ERR_TEST_FAILURE'
regression (0)	Complete regression shard	2026-10-09T00:19:35.9757769Z   stack: |-
regression (0)	Complete regression shard	2026-10-09T00:19:35.9758006Z     require (file:///home/runner/work/WorldAtlas/WorldAtlas/src/effective-footprint.js:7:54)
regression (0)	Complete regression shard	2026-10-09T00:19:35.9758256Z     polygonParts (file:///home/runner/work/WorldAtlas/WorldAtlas/src/effective-footprint.js:35:5)
regression (0)	Complete regression shard	2026-10-09T00:19:35.9758557Z     effectivePrimitiveGeometries (file:///home/runner/work/WorldAtlas/WorldAtlas/src/effective-footprint.js:47:3)
regression (0)	Complete regression shard	2026-10-09T00:19:35.9758841Z     effectiveFootprintValue (file:///home/runner/work/WorldAtlas/WorldAtlas/src/effective-footprint.js:74:3)
regression (0)	Complete regression shard	2026-10-09T00:19:35.9759051Z     file:///home/runner/work/WorldAtlas/WorldAtlas/src/native-source-digest.js:13:56
regression (0)	Complete regression shard	2026-10-09T00:19:35.9759131Z     Array.map (<anonymous>)
regression (0)	Complete regression shard	2026-10-09T00:19:35.9759405Z     nativeSourceDigest (file:///home/runner/work/WorldAtlas/WorldAtlas/src/native-source-digest.js:13:28)
regression (0)	Complete regression shard	2026-10-09T00:19:35.9759717Z     TestContext.<anonymous> (file:///home/runner/work/WorldAtlas/WorldAtlas/test/native-source-digest.test.mjs:25:24)
regression (0)	Complete regression shard	2026-10-09T00:19:35.9759954Z     Test.runInAsyncScope (node:async_hooks:227:14)
regression (0)	Complete regression shard	2026-10-09T00:19:35.9760086Z     Test.run (node:internal/test_runner/test:1402:25)
regression (0)	Complete regression shard	2026-10-09T00:19:35.9760152Z   ...
regression (0)	Complete regression shard	2026-10-09T00:19:35.9760487Z # Subtest: account proof and configured quotas/compute remain typed, scoped and free of arbitrary private fields
regression (0)	Complete regression shard	2026-10-09T00:19:35.9760813Z ok 348 - account proof and configured quotas/compute remain typed, scoped and free of arbitrary private fields
regression (0)	Complete regression shard	2026-10-09T00:19:35.9760879Z   ---
regression (0)	Complete regression shard	2026-10-09T00:19:35.9760951Z   duration_ms: 26.105225
regression (0)	Complete regression shard	2026-10-09T00:19:35.9761022Z   type: 'test'
regression (0)	Complete regression shard	2026-10-09T00:19:35.9761198Z   ...
regression (0)	Complete regression shard	2026-10-09T00:19:35.9761498Z # Subtest: denied organization proof stays unavailable while actual project settings remain verified
regression (0)	Complete regression shard	2026-10-09T00:19:35.9761783Z ok 349 - denied organization proof stays unavailable while actual project settings remain verified
regression (0)	Complete regression shard	2026-10-09T00:19:35.9761844Z   ---
regression (0)	Complete regression shard	2026-10-09T00:19:35.9761918Z   duration_ms: 1.224825
regression (0)	Complete regression shard	2026-10-09T00:19:35.9761992Z   type: 'test'
regression (0)	Complete regression shard	2026-10-09T00:19:35.9762052Z   ...
regression (0)	Complete regression shard	2026-10-09T00:19:35.9762339Z # Subtest: missing organization and quota are explicit unknowns, never inferred from public pricing
regression (0)	Complete regression shard	2026-10-09T00:19:35.9762617Z ok 350 - missing organization and quota are explicit unknowns, never inferred from public pricing
regression (0)	Complete regression shard	2026-10-09T00:19:35.9762677Z   ---
regression (0)	Complete regression shard	2026-10-09T00:19:35.9762752Z   duration_ms: 1.376729
regression (0)	Complete regression shard	2026-10-09T00:19:35.9762820Z   type: 'test'
regression (0)	Complete regression shard	2026-10-09T00:19:35.9762881Z   ...
regression (0)	Complete regression shard	2026-10-09T00:19:35.9763164Z # Subtest: wrong project and lossy quotas fail before a misleading capacity receipt can be produced
regression (0)	Complete regression shard	2026-10-09T00:19:35.9763636Z ok 351 - wrong project and lossy quotas fail before a misleading capacity receipt can be produced
regression (0)	Complete regression shard	2026-10-09T00:19:35.9763708Z   ---
regression (0)	Complete regression shard	2026-10-09T00:19:35.9763782Z   duration_ms: 1.223003
regression (0)	Complete regression shard	2026-10-09T00:19:35.9763849Z   type: 'test'
regression (0)	Complete regression shard	2026-10-09T00:19:35.9763915Z   ...
regression (0)	Complete regression shard	2026-10-09T00:19:35.9764298Z # Subtest: Neon metadata verification authenticates read-only requests, follows pagination, and omits secret response fields
regression (0)	Complete regression shard	2026-10-09T00:19:35.9764667Z ok 352 - Neon metadata verification authenticates read-only requests, follows pagination, and omits secret response fields
regression (0)	Complete regression shard	2026-10-09T00:19:35.9764734Z   ---
regression (0)	Complete regression shard	2026-10-09T00:19:35.9764809Z   duration_ms: 21.544534
regression (0)	Complete regression shard	2026-10-09T00:19:35.9764874Z   type: 'test'
regression (0)	Complete regression shard	2026-10-09T00:19:35.9764939Z   ...
regression (0)	Complete regression shard	2026-10-09T00:19:35.9765225Z # Subtest: Neon verifier rejects wrong project configuration and absent credentials without requests
regression (0)	Complete regression shard	2026-10-09T00:19:35.9765504Z ok 353 - Neon verifier rejects wrong project configuration and absent credentials without requests
regression (0)	Complete regression shard	2026-10-09T00:19:35.9765570Z   ---
regression (0)	Complete regression shard	2026-10-09T00:19:35.9765644Z   duration_ms: 2.710996
regression (0)	Complete regression shard	2026-10-09T00:19:35.9765713Z   type: 'test'
regression (0)	Complete regression shard	2026-10-09T00:19:35.9765777Z   ...
regression (0)	Complete regression shard	2026-10-09T00:19:35.9766140Z # Subtest: Neon metadata failures never retain raw HTTP/network bodies, mismatched projects, or repeated pagination cursors
regression (0)	Complete regression shard	2026-10-09T00:19:35.9766491Z ok 354 - Neon metadata failures never retain raw HTTP/network bodies, mismatched projects, or repeated pagination cursors
regression (0)	Complete regression shard	2026-10-09T00:19:35.9766560Z   ---
regression (0)	Complete regression shard	2026-10-09T00:19:35.9766627Z   duration_ms: 3.237271
regression (0)	Complete regression shard	2026-10-09T00:19:35.9766694Z   type: 'test'
regression (0)	Complete regression shard	2026-10-09T00:19:35.9766761Z   ...
regression (0)	Complete regression shard	2026-10-09T00:19:35.9767182Z # Subtest: PostgreSQL schema splitter retains command bytes while respecting nested comments, quoted identifiers, strings and dollar bodies
regression (0)	Complete regression shard	2026-10-09T00:19:35.9767600Z ok 355 - PostgreSQL schema splitter retains command bytes while respecting nested comments, quoted identifiers, strings and dollar bodies
regression (0)	Complete regression shard	2026-10-09T00:19:35.9767664Z   ---
regression (0)	Complete regression shard	2026-10-09T00:19:35.9767732Z   duration_ms: 0.762064
regression (0)	Complete regression shard	2026-10-09T00:19:35.9767804Z   type: 'test'
regression (0)	Complete regression shard	2026-10-09T00:19:35.9767863Z   ...
regression (0)	Complete regression shard	2026-10-09T00:19:35.9768235Z # Subtest: isolated Neon verifier applies the exact schema atomically on real PostgreSQL and exercises actual hosted services
regression (0)	Complete regression shard	2026-10-09T00:19:35.9768593Z ok 356 - isolated Neon verifier applies the exact schema atomically on real PostgreSQL and exercises actual hosted services
regression (0)	Complete regression shard	2026-10-09T00:19:35.9768779Z   ---
regression (0)	Complete regression shard	2026-10-09T00:19:35.9768858Z   duration_ms: 2875.155247
regression (0)	Complete regression shard	2026-10-09T00:19:35.9768929Z   type: 'test'
regression (0)	Complete regression shard	2026-10-09T00:19:35.9768988Z   ...
regression (0)	Complete regression shard	2026-10-09T00:19:35.9769319Z # Subtest: private owner connection failures remain sanitized and cleanup still deletes the validation branch
regression (0)	Complete regression shard	2026-10-09T00:19:35.9769636Z ok 357 - private owner connection failures remain sanitized and cleanup still deletes the validation branch
regression (0)	Complete regression shard	2026-10-09T00:19:35.9769697Z   ---
regression (0)	Complete regression shard	2026-10-09T00:19:35.9769770Z   duration_ms: 13.92928
regression (0)	Complete regression shard	2026-10-09T00:19:35.9769837Z   type: 'test'
regression (0)	Complete regression shard	2026-10-09T00:19:35.9769897Z   ...
regression (0)	Complete regression shard	2026-10-09T00:19:35.9770297Z # Subtest: isolated SQL verifier refuses production IDs and production hosts before any SQL connection
regression (0)	Complete regression shard	2026-10-09T00:19:35.9770580Z ok 358 - isolated SQL verifier refuses production IDs and production hosts before any SQL connection
regression (0)	Complete regression shard	2026-10-09T00:19:35.9770647Z   ---
regression (0)	Complete regression shard	2026-10-09T00:19:35.9770724Z   duration_ms: 21.443535
regression (0)	Complete regression shard	2026-10-09T00:19:35.9770794Z   type: 'test'
regression (0)	Complete regression shard	2026-10-09T00:19:35.9770860Z   ...
regression (0)	Complete regression shard	2026-10-09T00:19:35.9771102Z # Subtest: SQL driver errors are sanitized and clean up only the newly created branch
regression (0)	Complete regression shard	2026-10-09T00:19:35.9771329Z ok 359 - SQL driver errors are sanitized and clean up only the newly created branch
regression (0)	Complete regression shard	2026-10-09T00:19:35.9771395Z   ---
regression (0)	Complete regression shard	2026-10-09T00:19:35.9771467Z   duration_ms: 5.249687
regression (0)	Complete regression shard	2026-10-09T00:19:35.9771530Z   type: 'test'
regression (0)	Complete regression shard	2026-10-09T00:19:35.9771594Z   ...
regression (0)	Complete regression shard	2026-10-09T00:19:35.9771872Z # Subtest: cleanup failures retain the exact validation branch ID and fail the verification receipt
regression (0)	Complete regression shard	2026-10-09T00:19:35.9772148Z ok 360 - cleanup failures retain the exact validation branch ID and fail the verification receipt
regression (0)	Complete regression shard	2026-10-09T00:19:35.9772218Z   ---
regression (0)	Complete regression shard	2026-10-09T00:19:35.9772287Z   duration_ms: 8.113569
regression (0)	Complete regression shard	2026-10-09T00:19:35.9772357Z   type: 'test'
regression (0)	Complete regression shard	2026-10-09T00:19:35.9772423Z   ...
regression (0)	Complete regression shard	2026-10-09T00:19:35.9772734Z # Subtest: ambiguous creation persists its unique name without guessing a deletion target or SQL connection
regression (0)	Complete regression shard	2026-10-09T00:19:35.9773039Z ok 361 - ambiguous creation persists its unique name without guessing a deletion target or SQL connection
regression (0)	Complete regression shard	2026-10-09T00:19:35.9773104Z   ---
regression (0)	Complete regression shard	2026-10-09T00:19:35.9773172Z   duration_ms: 2.65309
regression (0)	Complete regression shard	2026-10-09T00:19:35.9773393Z   type: 'test'
regression (0)	Complete regression shard	2026-10-09T00:19:35.9773490Z   ...
regression (0)	Complete regression shard	2026-10-09T00:19:35.9773757Z # Subtest: read-only metadata helper does not accept a project mismatch supplied by the API
regression (0)	Complete regression shard	2026-10-09T00:19:35.9774011Z ok 362 - read-only metadata helper does not accept a project mismatch supplied by the API
regression (0)	Complete regression shard	2026-10-09T00:19:35.9774074Z   ---
regression (0)	Complete regression shard	2026-10-09T00:19:35.9774149Z   duration_ms: 0.658731
regression (0)	Complete regression shard	2026-10-09T00:19:35.9774220Z   type: 'test'
regression (0)	Complete regression shard	2026-10-09T00:19:35.9774287Z   ...
regression (0)	Complete regression shard	2026-10-09T00:19:35.9774581Z # Subtest: hosted omission accounts for all prior bytes and preserves every current/source file exactly
regression (0)	Complete regression shard	2026-10-09T00:19:35.9774865Z ok 363 - hosted omission accounts for all prior bytes and preserves every current/source file exactly
regression (0)	Complete regression shard	2026-10-09T00:19:35.9774925Z   ---
regression (0)	Complete regression shard	2026-10-09T00:19:35.9775005Z   duration_ms: 23.971893
regression (0)	Complete regression shard	2026-10-09T00:19:35.9775074Z   type: 'test'
regression (0)	Complete regression shard	2026-10-09T00:19:35.9775136Z   ...
regression (0)	Complete regression shard	2026-10-09T00:19:35.9775374Z # Subtest: portable static export retains the full tree without a delivery manifest
regression (0)	Complete regression shard	2026-10-09T00:19:35.9775599Z ok 364 - portable static export retains the full tree without a delivery manifest
regression (0)	Complete regression shard	2026-10-09T00:19:35.9775666Z   ---
regression (0)	Complete regression shard	2026-10-09T00:19:35.9775738Z   duration_ms: 11.225966
regression (0)	Complete regression shard	2026-10-09T00:19:35.9775801Z   type: 'test'
regression (0)	Complete regression shard	2026-10-09T00:19:35.9775865Z   ...
regression (0)	Complete regression shard	2026-10-09T00:19:35.9776060Z # Subtest: existing pinned archive tampering fails before packaging
regression (0)	Complete regression shard	2026-10-09T00:19:35.9776241Z ok 365 - existing pinned archive tampering fails before packaging
regression (0)	Complete regression shard	2026-10-09T00:19:35.9776310Z   ---
regression (0)	Complete regression shard	2026-10-09T00:19:35.9776386Z   duration_ms: 5.308414
regression (0)	Complete regression shard	2026-10-09T00:19:35.9776453Z   type: 'test'
regression (0)	Complete regression shard	2026-10-09T00:19:35.9776518Z   ...
regression (0)	Complete regression shard	2026-10-09T00:19:35.9776816Z # Subtest: verification rejects unlisted excluded files, altered retained bytes and deployed tampering
regression (0)	Complete regression shard	2026-10-09T00:19:35.9777105Z ok 366 - verification rejects unlisted excluded files, altered retained bytes and deployed tampering
regression (0)	Complete regression shard	2026-10-09T00:19:35.9777284Z   ---
regression (0)	Complete regression shard	2026-10-09T00:19:35.9777355Z   duration_ms: 17.323282
regression (0)	Complete regression shard	2026-10-09T00:19:35.9777422Z   type: 'test'
regression (0)	Complete regression shard	2026-10-09T00:19:35.9777485Z   ...
regression (0)	Complete regression shard	2026-10-09T00:19:35.9777658Z # Subtest: symbolic links cannot silently omit archive content
regression (0)	Complete regression shard	2026-10-09T00:19:35.9777826Z ok 367 - symbolic links cannot silently omit archive content
regression (0)	Complete regression shard	2026-10-09T00:19:35.9777891Z   ---
regression (0)	Complete regression shard	2026-10-09T00:19:35.9777961Z   duration_ms: 6.163885
regression (0)	Complete regression shard	2026-10-09T00:19:35.9778030Z   type: 'test'
regression (0)	Complete regression shard	2026-10-09T00:19:35.9778089Z   ...
regression (0)	Complete regression shard	2026-10-09T00:19:35.9778381Z # Subtest: hosted receipt compression preserves exact original bytes with explicit transport proof
regression (0)	Complete regression shard	2026-10-09T00:19:35.9778798Z ok 368 - hosted receipt compression preserves exact original bytes with explicit transport proof
regression (0)	Complete regression shard	2026-10-09T00:19:35.9778859Z   ---
regression (0)	Complete regression shard	2026-10-09T00:19:35.9778934Z   duration_ms: 17.458151
regression (0)	Complete regression shard	2026-10-09T00:19:35.9779002Z   type: 'test'
regression (0)	Complete regression shard	2026-10-09T00:19:35.9779065Z   ...
regression (0)	Complete regression shard	2026-10-09T00:19:35.9779311Z # Subtest: startup ownership packaging preserves original GPU words and source files
regression (0)	Complete regression shard	2026-10-09T00:19:35.9779545Z ok 369 - startup ownership packaging preserves original GPU words and source files
regression (0)	Complete regression shard	2026-10-09T00:19:35.9779606Z   ---
regression (0)	Complete regression shard	2026-10-09T00:19:35.9779679Z   duration_ms: 99.421364
regression (0)	Complete regression shard	2026-10-09T00:19:35.9779746Z   type: 'test'
regression (0)	Complete regression shard	2026-10-09T00:19:35.9779806Z   ...
regression (0)	Complete regression shard	2026-10-09T00:19:35.9780037Z # Subtest: startup ownership rejects altered, unpinned or unsafe canonical sources
regression (0)	Complete regression shard	2026-10-09T00:19:35.9780262Z ok 370 - startup ownership rejects altered, unpinned or unsafe canonical sources
regression (0)	Complete regression shard	2026-10-09T00:19:35.9780329Z   ---
regression (0)	Complete regression shard	2026-10-09T00:19:35.9780406Z   duration_ms: 7.539362
regression (0)	Complete regression shard	2026-10-09T00:19:35.9780469Z   type: 'test'
regression (0)	Complete regression shard	2026-10-09T00:19:35.9780536Z   ...
regression (0)	Complete regression shard	2026-10-09T00:19:35.9780625Z # fatal: not a tree object
regression (0)	Complete regression shard	2026-10-09T00:19:35.9780944Z # Subtest: retained worldwide physical audit restores every original and verifies all five complete vintages
regression (0)	Complete regression shard	2026-10-09T00:19:35.9781252Z ok 371 - retained worldwide physical audit restores every original and verifies all five complete vintages
regression (0)	Complete regression shard	2026-10-09T00:19:35.9781318Z   ---
regression (0)	Complete regression shard	2026-10-09T00:19:35.9781391Z   duration_ms: 51487.977353
regression (0)	Complete regression shard	2026-10-09T00:19:35.9781458Z   type: 'test'
regression (0)	Complete regression shard	2026-10-09T00:19:35.9781518Z   ...
regression (0)	Complete regression shard	2026-10-09T00:19:35.9781844Z # Subtest: complete world component evidence rejects rehashed identity, uncertainty and relationship omissions
regression (0)	Complete regression shard	2026-10-09T00:19:35.9782158Z ok 372 - complete world component evidence rejects rehashed identity, uncertainty and relationship omissions
regression (0)	Complete regression shard	2026-10-09T00:19:35.9782218Z   ---
regression (0)	Complete regression shard	2026-10-09T00:19:35.9782295Z   duration_ms: 422383.629411
regression (0)	Complete regression shard	2026-10-09T00:19:35.9782362Z   type: 'test'
regression (0)	Complete regression shard	2026-10-09T00:19:35.9782425Z   ...
regression (0)	Complete regression shard	2026-10-09T00:19:35.9782675Z # Subtest: before-water audit retains gaps, unknown water, tiny shapes and all residues
regression (0)	Complete regression shard	2026-10-09T00:19:35.9782910Z ok 373 - before-water audit retains gaps, unknown water, tiny shapes and all residues
regression (0)	Complete regression shard	2026-10-09T00:19:35.9782973Z   ---
regression (0)	Complete regression shard	2026-10-09T00:19:35.9783047Z   duration_ms: 169.45486
regression (0)	Complete regression shard	2026-10-09T00:19:35.9783118Z   type: 'test'
regression (0)	Complete regression shard	2026-10-09T00:19:35.9783177Z   ...
regression (0)	Complete regression shard	2026-10-09T00:19:35.9783524Z # Subtest: retained priority evidence rejects semantic changes even after byte rehashing
regression (0)	Complete regression shard	2026-10-09T00:19:35.9783764Z ok 374 - retained priority evidence rejects semantic changes even after byte rehashing
regression (0)	Complete regression shard	2026-10-09T00:19:35.9783829Z   ---
regression (0)	Complete regression shard	2026-10-09T00:19:35.9783906Z   duration_ms: 229.744274
regression (0)	Complete regression shard	2026-10-09T00:19:35.9783969Z   type: 'test'
regression (0)	Complete regression shard	2026-10-09T00:19:35.9784033Z   ...
regression (0)	Complete regression shard	2026-10-09T00:19:35.9784426Z # Subtest: declared ordinary package snapshots authenticate complete native source stage and transport without any Git repository
regression (0)	Complete regression shard	2026-10-09T00:19:35.9784809Z ok 375 - declared ordinary package snapshots authenticate complete native source stage and transport without any Git repository
regression (0)	Complete regression shard	2026-10-09T00:19:35.9784874Z   ---
regression (0)	Complete regression shard	2026-10-09T00:19:35.9784948Z   duration_ms: 6901.561748
regression (0)	Complete regression shard	2026-10-09T00:19:35.9785011Z   type: 'test'
regression (0)	Complete regression shard	2026-10-09T00:19:35.9785075Z   ...
regression (0)	Complete regression shard	2026-10-09T00:19:35.9785369Z # Subtest: compiled ownership preserves holes, shared edges, overlaps and water at every detail level
regression (0)	Complete regression shard	2026-10-09T00:19:35.9785768Z ok 376 - compiled ownership preserves holes, shared edges, overlaps and water at every detail level
regression (0)	Complete regression shard	2026-10-09T00:19:35.9785835Z   ---
regression (0)	Complete regression shard	2026-10-09T00:19:35.9785904Z   duration_ms: 9.488967
regression (0)	Complete regression shard	2026-10-09T00:19:35.9785973Z   type: 'test'
regression (0)	Complete regression shard	2026-10-09T00:19:35.9786038Z   ...
regression (0)	Complete regression shard	2026-10-09T00:19:35.9786264Z # Subtest: ownership survives geometry disposal and alternating zoom/pan views
regression (0)	Complete regression shard	2026-10-09T00:19:35.9786480Z ok 377 - ownership survives geometry disposal and alternating zoom/pan views
regression (0)	Complete regression shard	2026-10-09T00:19:35.9786543Z   ---
regression (0)	Complete regression shard	2026-10-09T00:19:35.9786611Z   duration_ms: 1.702249
regression (0)	Complete regression shard	2026-10-09T00:19:35.9786774Z   type: 'test'
regression (0)	Complete regression shard	2026-10-09T00:19:35.9786835Z   ...
regression (0)	Complete regression shard	2026-10-09T00:19:35.9787094Z # Subtest: GPU row tables and picking retain every canonical cell, including tiny features
regression (0)	Complete regression shard	2026-10-09T00:19:35.9787339Z ok 378 - GPU row tables and picking retain every canonical cell, including tiny features
regression (0)	Complete regression shard	2026-10-09T00:19:35.9787405Z   ---
regression (0)	Complete regression shard	2026-10-09T00:19:35.9787478Z   duration_ms: 1.895964
regression (0)	Complete regression shard	2026-10-09T00:19:35.9787543Z   type: 'test'
regression (0)	Complete regression shard	2026-10-09T00:19:35.9787601Z   ...
regression (0)	Complete regression shard	2026-10-09T00:19:35.9787801Z # Subtest: prepacked browser fallback samples the same canonical grid
regression (0)	Complete regression shard	2026-10-09T00:19:35.9787988Z ok 379 - prepacked browser fallback samples the same canonical grid
regression (0)	Complete regression shard	2026-10-09T00:19:35.9788048Z   ---
regression (0)	Complete regression shard	2026-10-09T00:19:35.9788119Z   duration_ms: 1.779774
regression (0)	Complete regression shard	2026-10-09T00:19:35.9788185Z   type: 'test'
regression (0)	Complete regression shard	2026-10-09T00:19:35.9788246Z   ...
regression (0)	Complete regression shard	2026-10-09T00:19:35.9788537Z # Subtest: independent record bindings reject coherent wrong joins, incomplete and vacuous coverage
regression (0)	Complete regression shard	2026-10-09T00:19:35.9788813Z ok 380 - independent record bindings reject coherent wrong joins, incomplete and vacuous coverage
regression (0)	Complete regression shard	2026-10-09T00:19:35.9788880Z   ---
regression (0)	Complete regression shard	2026-10-09T00:19:35.9788952Z   duration_ms: 1.700256
regression (0)	Complete regression shard	2026-10-09T00:19:35.9789015Z   type: 'test'
regression (0)	Complete regression shard	2026-10-09T00:19:35.9789079Z   ...
regression (0)	Complete regression shard	2026-10-09T00:19:35.9789401Z # Subtest: new requirements preserve old scopes, enforce new declarations and permit explicit legacy adoption
regression (0)	Complete regression shard	2026-10-09T00:19:35.9789709Z ok 381 - new requirements preserve old scopes, enforce new declarations and permit explicit legacy adoption
regression (0)	Complete regression shard	2026-10-09T00:19:35.9789774Z   ---
regression (0)	Complete regression shard	2026-10-09T00:19:35.9789848Z   duration_ms: 0.804195
regression (0)	Complete regression shard	2026-10-09T00:19:35.9789912Z   type: 'test'
regression (0)	Complete regression shard	2026-10-09T00:19:35.9789975Z   ...
regression (0)	Complete regression shard	2026-10-09T00:19:35.9790244Z # Subtest: positive real-format ledger validates actual files and binds an independent review
regression (0)	Complete regression shard	2026-10-09T00:19:35.9790505Z ok 382 - positive real-format ledger validates actual files and binds an independent review
regression (0)	Complete regression shard	2026-10-09T00:19:35.9790570Z   ---
regression (0)	Complete regression shard	2026-10-09T00:19:35.9790638Z   duration_ms: 1.954241
regression (0)	Complete regression shard	2026-10-09T00:19:35.9790711Z   type: 'test'
regression (0)	Complete regression shard	2026-10-09T00:19:35.9790772Z   ...
regression (0)	Complete regression shard	2026-10-09T00:19:35.9791078Z # Subtest: regressions: stale vintage, entry hash, wrong source/path and conflicting generated result fail
regression (0)	Complete regression shard	2026-10-09T00:19:35.9791379Z ok 383 - regressions: stale vintage, entry hash, wrong source/path and conflicting generated result fail
regression (0)	Complete regression shard	2026-10-09T00:19:35.9791447Z   ---
regression (0)	Complete regression shard	2026-10-09T00:19:35.9791515Z   duration_ms: 1.661509
regression (0)	Complete regression shard	2026-10-09T00:19:35.9791583Z   type: 'test'
regression (0)	Complete regression shard	2026-10-09T00:19:35.9791647Z   ...
regression (0)	Complete regression shard	2026-10-09T00:19:35.9792001Z # Subtest: full changes include rename/deletion originals; immutable original-source refresh cannot overwrite evidence
regression (0)	Complete regression shard	2026-10-09T00:19:35.9792344Z ok 384 - full changes include rename/deletion originals; immutable original-source refresh cannot overwrite evidence
regression (0)	Complete regression shard	2026-10-09T00:19:35.9792405Z   ---
regression (0)	Complete regression shard	2026-10-09T00:19:35.9792478Z   duration_ms: 0.680193
regression (0)	Complete regression shard	2026-10-09T00:19:35.9792546Z   type: 'test'
regression (0)	Complete regression shard	2026-10-09T00:19:35.9792604Z   ...
regression (0)	Complete regression shard	2026-10-09T00:19:35.9792932Z # Subtest: coordinate/helper policies require positive and negative controls; generators need reproducibility
regression (0)	Complete regression shard	2026-10-09T00:19:35.9793390Z ok 385 - coordinate/helper policies require positive and negative controls; generators need reproducibility
regression (0)	Complete regression shard	2026-10-09T00:19:35.9793481Z   ---
regression (0)	Complete regression shard	2026-10-09T00:19:35.9793557Z   duration_ms: 0.648967
regression (0)	Complete regression shard	2026-10-09T00:19:35.9793734Z   type: 'test'
regression (0)	Complete regression shard	2026-10-09T00:19:35.9793797Z   ...
regression (0)	Complete regression shard	2026-10-09T00:19:35.9794063Z # Subtest: generator controls bind actual positive, negative and equal two-run output bytes
regression (0)	Complete regression shard	2026-10-09T00:19:35.9794312Z ok 386 - generator controls bind actual positive, negative and equal two-run output bytes
regression (0)	Complete regression shard	2026-10-09T00:19:35.9794384Z   ---
regression (0)	Complete regression shard	2026-10-09T00:19:35.9794457Z   duration_ms: 0.801071
regression (0)	Complete regression shard	2026-10-09T00:19:35.9794522Z   type: 'test'
regression (0)	Complete regression shard	2026-10-09T00:19:35.9794588Z   ...
regression (0)	Complete regression shard	2026-10-09T00:19:35.9794892Z # Subtest: Washington-style generated narrative/table mismatch fails against the same numeric ledger
regression (0)	Complete regression shard	2026-10-09T00:19:35.9795176Z ok 387 - Washington-style generated narrative/table mismatch fails against the same numeric ledger
regression (0)	Complete regression shard	2026-10-09T00:19:35.9795344Z   ---
regression (0)	Complete regression shard	2026-10-09T00:19:35.9795418Z   duration_ms: 0.598252
regression (0)	Complete regression shard	2026-10-09T00:19:35.9795485Z   type: 'test'
regression (0)	Complete regression shard	2026-10-09T00:19:35.9795550Z   ...
regression (0)	Complete regression shard	2026-10-09T00:19:35.9795866Z # Subtest: reviews reject self approval, stale heads, omitted hashes/files and absent factual/geometry review
regression (0)	Complete regression shard	2026-10-09T00:19:35.9796166Z ok 388 - reviews reject self approval, stale heads, omitted hashes/files and absent factual/geometry review
regression (0)	Complete regression shard	2026-10-09T00:19:35.9796230Z   ---
regression (0)	Complete regression shard	2026-10-09T00:19:35.9796297Z   duration_ms: 0.867799
regression (0)	Complete regression shard	2026-10-09T00:19:35.9796364Z   type: 'test'
regression (0)	Complete regression shard	2026-10-09T00:19:35.9796427Z   ...
regression (0)	Complete regression shard	2026-10-09T00:19:35.9796702Z # Subtest: mock remote queue checks exact blobs/head/independent receipt with read-only requests
regression (0)	Complete regression shard	2026-10-09T00:19:35.9796970Z ok 389 - mock remote queue checks exact blobs/head/independent receipt with read-only requests
regression (0)	Complete regression shard	2026-10-09T00:19:35.9797034Z   ---
regression (0)	Complete regression shard	2026-10-09T00:19:35.9797101Z   duration_ms: 3.014383
regression (0)	Complete regression shard	2026-10-09T00:19:35.9797174Z   type: 'test'
regression (0)	Complete regression shard	2026-10-09T00:19:35.9797236Z   ...
regression (0)	Complete regression shard	2026-10-09T00:19:35.9797430Z # Subtest: incomplete remote trees cannot become a passed byte check
regression (0)	Complete regression shard	2026-10-09T00:19:35.9797619Z ok 390 - incomplete remote trees cannot become a passed byte check
regression (0)	Complete regression shard	2026-10-09T00:19:35.9797681Z   ---
regression (0)	Complete regression shard	2026-10-09T00:19:35.9797753Z   duration_ms: 0.382984
regression (0)	Complete regression shard	2026-10-09T00:19:35.9797824Z   type: 'test'
regression (0)	Complete regression shard	2026-10-09T00:19:35.9797883Z   ...
regression (0)	Complete regression shard	2026-10-09T00:19:35.9798130Z # Subtest: remote decisions reject stale exact-head reviews and a later change request
regression (0)	Complete regression shard	2026-10-09T00:19:35.9798362Z ok 391 - remote decisions reject stale exact-head reviews and a later change request
regression (0)	Complete regression shard	2026-10-09T00:19:35.9798422Z   ---
regression (0)	Complete regression shard	2026-10-09T00:19:35.9798494Z   duration_ms: 1.901864
regression (0)	Complete regression shard	2026-10-09T00:19:35.9798560Z   type: 'test'
regression (0)	Complete regression shard	2026-10-09T00:19:35.9798619Z   ...
regression (0)	Complete regression shard	2026-10-09T00:19:35.9798946Z # Subtest: unchanged authored evidence survives unrelated main advance, while current metrics require refresh
regression (0)	Complete regression shard	2026-10-09T00:19:35.9799252Z ok 392 - unchanged authored evidence survives unrelated main advance, while current metrics require refresh
regression (0)	Complete regression shard	2026-10-09T00:19:35.9799319Z   ---
regression (0)	Complete regression shard	2026-10-09T00:19:35.9799391Z   duration_ms: 0.241896
regression (0)	Complete regression shard	2026-10-09T00:19:35.9799454Z   type: 'test'
regression (0)	Complete regression shard	2026-10-09T00:19:35.9799516Z   ...
regression (0)	Complete regression shard	2026-10-09T00:19:35.9799860Z # Subtest: trusted hosted gate checks a new limited prior-evidence registry and still rejects nonancestor baselines
regression (0)	Complete regression shard	2026-10-09T00:19:35.9800185Z ok 393 - trusted hosted gate checks a new limited prior-evidence registry and still rejects nonancestor baselines
regression (0)	Complete regression shard	2026-10-09T00:19:35.9800251Z   ---
regression (0)	Complete regression shard	2026-10-09T00:19:35.9800323Z   duration_ms: 1.398231
regression (0)	Complete regression shard	2026-10-09T00:19:35.9800387Z   type: 'test'
regression (0)	Complete regression shard	2026-10-09T00:19:35.9800452Z   ...
regression (0)	Complete regression shard	2026-10-09T00:19:35.9800774Z # Subtest: fresh remote review, head, tree/path and reservation checks reject after immutable bytes were reused
regression (0)	Complete regression shard	2026-10-09T00:19:35.9801078Z ok 394 - fresh remote review, head, tree/path and reservation checks reject after immutable bytes were reused
regression (0)	Complete regression shard	2026-10-09T00:19:35.9801144Z   ---
regression (0)	Complete regression shard	2026-10-09T00:19:35.9801222Z   duration_ms: 7.015
regression (0)	Complete regression shard	2026-10-09T00:19:35.9801287Z   type: 'test'
regression (0)	Complete regression shard	2026-10-09T00:19:35.9801352Z   ...
regression (0)	Complete regression shard	2026-10-09T00:19:35.9801771Z # Subtest: acceptance/disposition binding invalidates substantive changes but preserves JSON formatting and progress comments
regression (0)	Complete regression shard	2026-10-09T00:19:35.9802149Z ok 395 - acceptance/disposition binding invalidates substantive changes but preserves JSON formatting and progress comments
regression (0)	Complete regression shard	2026-10-09T00:19:35.9802302Z   ---
regression (0)	Complete regression shard	2026-10-09T00:19:35.9802372Z   duration_ms: 1.197285
regression (0)	Complete regression shard	2026-10-09T00:19:35.9802442Z   type: 'test'
regression (0)	Complete regression shard	2026-10-09T00:19:35.9802507Z   ...
regression (0)	Complete regression shard	2026-10-09T00:19:35.9802781Z # Subtest: binding activation preserves existing PRs and rejects unknown activation timestamps
regression (0)	Complete regression shard	2026-10-09T00:19:35.9803047Z ok 396 - binding activation preserves existing PRs and rejects unknown activation timestamps
regression (0)	Complete regression shard	2026-10-09T00:19:35.9803111Z   ---
regression (0)	Complete regression shard	2026-10-09T00:19:35.9803179Z   duration_ms: 0.113917
regression (0)	Complete regression shard	2026-10-09T00:19:35.9803386Z   type: 'test'
regression (0)	Complete regression shard	2026-10-09T00:19:35.9803484Z   ...
regression (0)	Complete regression shard	2026-10-09T00:19:35.9803780Z # Subtest: ownership codecs preserve identity, dated labels, competing evidence and the BC/AD edge
regression (0)	Complete regression shard	2026-10-09T00:19:35.9804162Z ok 397 - ownership codecs preserve identity, dated labels, competing evidence and the BC/AD edge
regression (0)	Complete regression shard	2026-10-09T00:19:35.9804227Z   ---
regression (0)	Complete regression shard	2026-10-09T00:19:35.9804306Z   duration_ms: 1.902134
regression (0)	Complete regression shard	2026-10-09T00:19:35.9804375Z   type: 'test'
regression (0)	Complete regression shard	2026-10-09T00:19:35.9804439Z   ...
regression (0)	Complete regression shard	2026-10-09T00:19:35.9804686Z # Subtest: actual environmental tables decode exactly at all normal-period boundaries
regression (0)	Complete regression shard	2026-10-09T00:19:35.9804922Z ok 398 - actual environmental tables decode exactly at all normal-period boundaries
regression (0)	Complete regression shard	2026-10-09T00:19:35.9804984Z   ---
regression (0)	Complete regression shard	2026-10-09T00:19:35.9805062Z   duration_ms: 9507.024852
regression (0)	Complete regression shard	2026-10-09T00:19:35.9805127Z   type: 'test'
regression (0)	Complete regression shard	2026-10-09T00:19:35.9805194Z   ...
regression (0)	Complete regression shard	2026-10-09T00:19:35.9805475Z # Subtest: reference codecs preserve supported precision and do not bridge unsupported intervals
regression (0)	Complete regression shard	2026-10-09T00:19:35.9805738Z ok 399 - reference codecs preserve supported precision and do not bridge unsupported intervals
regression (0)	Complete regression shard	2026-10-09T00:19:35.9805805Z   ---
regression (0)	Complete regression shard	2026-10-09T00:19:35.9805877Z   duration_ms: 0.425818
regression (0)	Complete regression shard	2026-10-09T00:19:35.9805942Z   type: 'test'
regression (0)	Complete regression shard	2026-10-09T00:19:35.9806007Z   ...
regression (0)	Complete regression shard	2026-10-09T00:19:35.9806276Z # Subtest: actual prepared historical records match independent compact-table interpretation
regression (0)	Complete regression shard	2026-10-09T00:19:35.9806537Z ok 400 - actual prepared historical records match independent compact-table interpretation
regression (0)	Complete regression shard	2026-10-09T00:19:35.9806607Z   ---
regression (0)	Complete regression shard	2026-10-09T00:19:35.9806683Z   duration_ms: 14346.881087
regression (0)	Complete regression shard	2026-10-09T00:19:35.9806748Z   type: 'test'
regression (0)	Complete regression shard	2026-10-09T00:19:35.9806814Z   ...
regression (0)	Complete regression shard	2026-10-09T00:19:35.9807115Z # Subtest: static and server exports resolve every active location identically, with examples on and off
regression (0)	Complete regression shard	2026-10-09T00:19:35.9807407Z ok 401 - static and server exports resolve every active location identically, with examples on and off
regression (0)	Complete regression shard	2026-10-09T00:19:35.9807472Z   ---
regression (0)	Complete regression shard	2026-10-09T00:19:35.9807545Z   duration_ms: 106065.177524
regression (0)	Complete regression shard	2026-10-09T00:19:35.9807615Z   type: 'test'
regression (0)	Complete regression shard	2026-10-09T00:19:35.9807683Z   ...
regression (0)	Complete regression shard	2026-10-09T00:19:35.9807976Z # Subtest: pins main once, discovers merged and closed original issues plus label-only blocked operation
regression (0)	Complete regression shard	2026-10-09T00:19:35.9808262Z ok 402 - pins main once, discovers merged and closed original issues plus label-only blocked operation
regression (0)	Complete regression shard	2026-10-09T00:19:35.9808327Z   ---
regression (0)	Complete regression shard	2026-10-09T00:19:35.9808394Z   duration_ms: 2.555326
regression (0)	Complete regression shard	2026-10-09T00:19:35.9808467Z   type: 'test'
regression (0)	Complete regression shard	2026-10-09T00:19:35.9808527Z   ...
regression (0)	Complete regression shard	2026-10-09T00:19:35.9808764Z # Subtest: missing boundary returns labeled backlog without assuming main deployed
regression (0)	Complete regression shard	2026-10-09T00:19:35.9808991Z ok 403 - missing boundary returns labeled backlog without assuming main deployed
regression (0)	Complete regression shard	2026-10-09T00:19:35.9809052Z   ---
regression (0)	Complete regression shard	2026-10-09T00:19:35.9809126Z   duration_ms: 0.317027
regression (0)	Complete regression shard	2026-10-09T00:19:35.9809195Z   type: 'test'
regression (0)	Complete regression shard	2026-10-09T00:19:35.9809256Z   ...
regression (0)	Complete regression shard	2026-10-09T00:19:35.9809460Z # Subtest: explicit references only, preserves multiple original issues
regression (0)	Complete regression shard	2026-10-09T00:19:35.9809654Z ok 404 - explicit references only, preserves multiple original issues
regression (0)	Complete regression shard	2026-10-09T00:19:35.9809718Z   ---
regression (0)	Complete regression shard	2026-10-09T00:19:35.9809793Z   duration_ms: 0.168037
regression (0)	Complete regression shard	2026-10-09T00:19:35.9809858Z   type: 'test'
regression (0)	Complete regression shard	2026-10-09T00:19:35.9809922Z   ...
regression (0)	Complete regression shard	2026-10-09T00:19:35.9810051Z # Subtest: all delivery identities required
regression (0)	Complete regression shard	2026-10-09T00:19:35.9810170Z ok 405 - all delivery identities required
regression (0)	Complete regression shard	2026-10-09T00:19:35.9810237Z   ---
regression (0)	Complete regression shard	2026-10-09T00:19:35.9810417Z   duration_ms: 0.336106
regression (0)	Complete regression shard	2026-10-09T00:19:35.9810482Z   type: 'test'
regression (0)	Complete regression shard	2026-10-09T00:19:35.9810547Z   ...
regression (0)	Complete regression shard	2026-10-09T00:19:35.9810692Z # Subtest: unlinked commits and PRs remain visible
regression (0)	Complete regression shard	2026-10-09T00:19:35.9810826Z ok 406 - unlinked commits and PRs remain visible
regression (0)	Complete regression shard	2026-10-09T00:19:35.9810894Z   ---
regression (0)	Complete regression shard	2026-10-09T00:19:35.9810965Z   duration_ms: 0.454299
regression (0)	Complete regression shard	2026-10-09T00:19:35.9811035Z   type: 'test'
regression (0)	Complete regression shard	2026-10-09T00:19:35.9811099Z   ...
regression (0)	Complete regression shard	2026-10-09T00:19:35.9811206Z # Subtest: rejects mirror boundary
regression (0)	Complete regression shard	2026-10-09T00:19:35.9811314Z ok 407 - rejects mirror boundary
regression (0)	Complete regression shard	2026-10-09T00:19:35.9811379Z   ---
regression (0)	Complete regression shard	2026-10-09T00:19:35.9811447Z   duration_ms: 0.338589
regression (0)	Complete regression shard	2026-10-09T00:19:35.9811588Z   type: 'test'
regression (0)	Complete regression shard	2026-10-09T00:19:35.9811650Z   ...
regression (0)	Complete regression shard	2026-10-09T00:19:35.9811765Z # Subtest: rejects divergent ancestry
regression (0)	Complete regression shard	2026-10-09T00:19:35.9811877Z ok 408 - rejects divergent ancestry
regression (0)	Complete regression shard	2026-10-09T00:19:35.9811937Z   ---
regression (0)	Complete regression shard	2026-10-09T00:19:35.9812012Z   duration_ms: 3.486959
regression (0)	Complete regression shard	2026-10-09T00:19:35.9812080Z   type: 'test'
regression (0)	Complete regression shard	2026-10-09T00:19:35.9812144Z   ...
regression (0)	Complete regression shard	2026-10-09T00:19:35.9812254Z # Subtest: rejects missing pages
regression (0)	Complete regression shard	2026-10-09T00:19:35.9812358Z ok 409 - rejects missing pages
regression (0)	Complete regression shard	2026-10-09T00:19:35.9812418Z   ---
regression (0)	Complete regression shard	2026-10-09T00:19:35.9812490Z   duration_ms: 0.293562
regression (0)	Complete regression shard	2026-10-09T00:19:35.9812553Z   type: 'test'
regression (0)	Complete regression shard	2026-10-09T00:19:35.9812617Z   ...
regression (0)	Complete regression shard	2026-10-09T00:19:35.9812729Z # Subtest: rejects duplicate commits
regression (0)	Complete regression shard	2026-10-09T00:19:35.9812833Z ok 410 - rejects duplicate commits
regression (0)	Complete regression shard	2026-10-09T00:19:35.9812898Z   ---
regression (0)	Complete regression shard	2026-10-09T00:19:35.9812969Z   duration_ms: 0.326562
regression (0)	Complete regression shard	2026-10-09T00:19:35.9813032Z   type: 'test'
regression (0)	Complete regression shard	2026-10-09T00:19:35.9813095Z   ...
regression (0)	Complete regression shard	2026-10-09T00:19:35.9813527Z # Subtest: paginates immutable commit and issue inventories beyond 100 without moving main
regression (0)	Complete regression shard	2026-10-09T00:19:35.9813784Z ok 411 - paginates immutable commit and issue inventories beyond 100 without moving main
regression (0)	Complete regression shard	2026-10-09T00:19:35.9813851Z   ---
regression (0)	Complete regression shard	2026-10-09T00:19:35.9813919Z   duration_ms: 1.732003
regression (0)	Complete regression shard	2026-10-09T00:19:35.9813990Z   type: 'test'
regression (0)	Complete regression shard	2026-10-09T00:19:35.9814054Z   ...
regression (0)	Complete regression shard	2026-10-09T00:19:35.9814364Z # Subtest: failed production acceptance survives successful delivery even without a label or new commits
regression (0)	Complete regression shard	2026-10-09T00:19:35.9814661Z ok 412 - failed production acceptance survives successful delivery even without a label or new commits
regression (0)	Complete regression shard	2026-10-09T00:19:35.9814732Z   ---
regression (0)	Complete regression shard	2026-10-09T00:19:35.9814807Z   duration_ms: 0.918644
regression (0)	Complete regression shard	2026-10-09T00:19:35.9814876Z   type: 'test'
regression (0)	Complete regression shard	2026-10-09T00:19:35.9814936Z   ...
regression (0)	Complete regression shard	2026-10-09T00:19:35.9815109Z # Subtest: failed settled deployment never advances delivery
regression (0)	Complete regression shard	2026-10-09T00:19:35.9815277Z ok 413 - failed settled deployment never advances delivery
regression (0)	Complete regression shard	2026-10-09T00:19:35.9815339Z   ---
regression (0)	Complete regression shard	2026-10-09T00:19:35.9815416Z   duration_ms: 0.276637
regression (0)	Complete regression shard	2026-10-09T00:19:35.9815487Z   type: 'test'
regression (0)	Complete regression shard	2026-10-09T00:19:35.9815548Z   ...
regression (0)	Complete regression shard	2026-10-09T00:19:35.9815768Z # Subtest: expired operation without explicit cleanup blocks next operation
regression (0)	Complete regression shard	2026-10-09T00:19:35.9815976Z ok 414 - expired operation without explicit cleanup blocks next operation
regression (0)	Complete regression shard	2026-10-09T00:19:35.9816037Z   ---
regression (0)	Complete regression shard	2026-10-09T00:19:35.9816113Z   duration_ms: 0.314624
regression (0)	Complete regression shard	2026-10-09T00:19:35.9816176Z   type: 'test'
regression (0)	Complete regression shard	2026-10-09T00:19:35.9816242Z   ...
regression (0)	Complete regression shard	2026-10-09T00:19:35.9816383Z # Subtest: rejects incoherent wrong source commit
regression (0)	Complete regression shard	2026-10-09T00:19:35.9816515Z ok 415 - rejects incoherent wrong source commit
regression (0)	Complete regression shard	2026-10-09T00:19:35.9816582Z   ---
regression (0)	Complete regression shard	2026-10-09T00:19:35.9816657Z   duration_ms: 0.317338
regression (0)	Complete regression shard	2026-10-09T00:19:35.9816721Z   type: 'test'
regression (0)	Complete regression shard	2026-10-09T00:19:35.9816787Z   ...
regression (0)	Complete regression shard	2026-10-09T00:19:35.9816968Z # Subtest: rejects incoherent failed deployment marked delivered
regression (0)	Complete regression shard	2026-10-09T00:19:35.9817135Z ok 416 - rejects incoherent failed deployment marked delivered
regression (0)	Complete regression shard	2026-10-09T00:19:35.9817200Z   ---
regression (0)	Complete regression shard	2026-10-09T00:19:35.9817271Z   duration_ms: 0.247805
regression (0)	Complete regression shard	2026-10-09T00:19:35.9817340Z   type: 'test'
regression (0)	Complete regression shard	2026-10-09T00:19:35.9817404Z   ...
regression (0)	Complete regression shard	2026-10-09T00:19:35.9817533Z # Subtest: rejects incoherent unsettled cleanup
regression (0)	Complete regression shard	2026-10-09T00:19:35.9817664Z ok 417 - rejects incoherent unsettled cleanup
regression (0)	Complete regression shard	2026-10-09T00:19:35.9817728Z   ---
regression (0)	Complete regression shard	2026-10-09T00:19:35.9817797Z   duration_ms: 0.172524
regression (0)	Complete regression shard	2026-10-09T00:19:35.9817999Z   type: 'test'
regression (0)	Complete regression shard	2026-10-09T00:19:35.9818060Z   ...
regression (0)	Complete regression shard	2026-10-09T00:19:35.9818202Z # Subtest: rejects incoherent missing issue result
regression (0)	Complete regression shard	2026-10-09T00:19:35.9818336Z ok 418 - rejects incoherent missing issue result
regression (0)	Complete regression shard	2026-10-09T00:19:35.9818398Z   ---
regression (0)	Complete regression shard	2026-10-09T00:19:35.9818471Z   duration_ms: 0.141649
regression (0)	Complete regression shard	2026-10-09T00:19:35.9818538Z   type: 'test'
regression (0)	Complete regression shard	2026-10-09T00:19:35.9818597Z   ...
regression (0)	Complete regression shard	2026-10-09T00:19:35.9818743Z # Subtest: rejects incoherent missing delivery field
regression (0)	Complete regression shard	2026-10-09T00:19:35.9818880Z ok 419 - rejects incoherent missing delivery field
regression (0)	Complete regression shard	2026-10-09T00:19:35.9818942Z   ---
regression (0)	Complete regression shard	2026-10-09T00:19:35.9819015Z   duration_ms: 0.182759
regression (0)	Complete regression shard	2026-10-09T00:19:35.9819177Z   type: 'test'
regression (0)	Complete regression shard	2026-10-09T00:19:35.9819243Z   ...
regression (0)	Complete regression shard	2026-10-09T00:19:35.9819366Z # Subtest: rejects incoherent wrong worker
regression (0)	Complete regression shard	2026-10-09T00:19:35.9819482Z ok 420 - rejects incoherent wrong worker
regression (0)	Complete regression shard	2026-10-09T00:19:35.9819549Z   ---
regression (0)	Complete regression shard	2026-10-09T00:19:35.9819622Z   duration_ms: 0.215338
regression (0)	Complete regression shard	2026-10-09T00:19:35.9819686Z   type: 'test'
regression (0)	Complete regression shard	2026-10-09T00:19:35.9819755Z   ...
regression (0)	Complete regression shard	2026-10-09T00:19:35.9819882Z # Subtest: unauthorized receipt fails closed
regression (0)	Complete regression shard	2026-10-09T00:19:35.9820006Z ok 421 - unauthorized receipt fails closed
regression (0)	Complete regression shard	2026-10-09T00:19:35.9820072Z   ---
regression (0)	Complete regression shard	2026-10-09T00:19:35.9820141Z   duration_ms: 0.295195
regression (0)	Complete regression shard	2026-10-09T00:19:35.9820209Z   type: 'test'
regression (0)	Complete regression shard	2026-10-09T00:19:35.9820274Z   ...
regression (0)	Complete regression shard	2026-10-09T00:19:35.9820540Z # Subtest: a newer success cannot hide an older active operation and all status pages are read
regression (0)	Complete regression shard	2026-10-09T00:19:35.9820794Z ok 422 - a newer success cannot hide an older active operation and all status pages are read
regression (0)	Complete regression shard	2026-10-09T00:19:35.9820860Z   ---
regression (0)	Complete regression shard	2026-10-09T00:19:35.9820928Z   duration_ms: 0.335595
regression (0)	Complete regression shard	2026-10-09T00:19:35.9820999Z   type: 'test'
regression (0)	Complete regression shard	2026-10-09T00:19:35.9821059Z   ...
regression (0)	Complete regression shard	2026-10-09T00:19:35.9821273Z # Subtest: verified Site operation without delivery identity is incoherent
regression (0)	Complete regression shard	2026-10-09T00:19:35.9821472Z ok 423 - verified Site operation without delivery identity is incoherent
regression (0)	Complete regression shard	2026-10-09T00:19:35.9821533Z   ---
regression (0)	Complete regression shard	2026-10-09T00:19:35.9821614Z   duration_ms: 0.199774
regression (0)	Complete regression shard	2026-10-09T00:19:35.9821686Z   type: 'test'
regression (0)	Complete regression shard	2026-10-09T00:19:35.9821750Z   ...
regression (0)	Complete regression shard	2026-10-09T00:19:35.9821924Z # Subtest: concurrent main advance does not change pinned plan
regression (0)	Complete regression shard	2026-10-09T00:19:35.9822090Z ok 424 - concurrent main advance does not change pinned plan
regression (0)	Complete regression shard	2026-10-09T00:19:35.9822150Z   ---
regression (0)	Complete regression shard	2026-10-09T00:19:35.9822224Z   duration_ms: 0.261755
regression (0)	Complete regression shard	2026-10-09T00:19:35.9822289Z   type: 'test'
regression (0)	Complete regression shard	2026-10-09T00:19:35.9822356Z   ...
regression (0)	Complete regression shard	2026-10-09T00:19:35.9822614Z # Subtest: rejects backwards delivery history instead of losing already delivered changes
regression (0)	Complete regression shard	2026-10-09T00:19:35.9822853Z ok 425 - rejects backwards delivery history instead of losing already delivered changes
regression (0)	Complete regression shard	2026-10-09T00:19:35.9822920Z   ---
regression (0)	Complete regression shard	2026-10-09T00:19:35.9822999Z   duration_ms: 0.391898
regression (0)	Complete regression shard	2026-10-09T00:19:35.9823072Z   type: 'test'
regression (0)	Complete regression shard	2026-10-09T00:19:35.9823139Z   ...
regression (0)	Complete regression shard	2026-10-09T00:19:35.9823738Z # Subtest: grid-only build verifies every retained evidence part and import without rewriting any source bytes
regression (0)	Complete regression shard	2026-10-09T00:19:35.9824063Z ok 426 - grid-only build verifies every retained evidence part and import without rewriting any source bytes
regression (0)	Complete regression shard	2026-10-09T00:19:35.9824132Z   ---
regression (0)	Complete regression shard	2026-10-09T00:19:35.9824210Z   duration_ms: 81.969981
regression (0)	Complete regression shard	2026-10-09T00:19:35.9824276Z   type: 'test'
regression (0)	Complete regression shard	2026-10-09T00:19:35.9824341Z   ...
regression (0)	Complete regression shard	2026-10-09T00:19:35.9824675Z # Subtest: reference restoration preserves archived IDs, source context and exact original records idempotently
regression (0)	Complete regression shard	2026-10-09T00:19:35.9824996Z ok 427 - reference restoration preserves archived IDs, source context and exact original records idempotently
regression (0)	Complete regression shard	2026-10-09T00:19:35.9825063Z   ---
regression (0)	Complete regression shard	2026-10-09T00:19:35.9825132Z   duration_ms: 7.991007
regression (0)	Complete regression shard	2026-10-09T00:19:35.9825206Z   type: 'test'
regression (0)	Complete regression shard	2026-10-09T00:19:35.9825269Z   ...
regression (0)	Complete regression shard	2026-10-09T00:19:35.9825565Z # Subtest: existing active territory names, geometry, parents and owner context are never overwritten
regression (0)	Complete regression shard	2026-10-09T00:19:35.9825852Z ok 428 - existing active territory names, geometry, parents and owner context are never overwritten
regression (0)	Complete regression shard	2026-10-09T00:19:35.9825919Z   ---
regression (0)	Complete regression shard	2026-10-09T00:19:35.9826107Z   duration_ms: 4.68833
regression (0)	Complete regression shard	2026-10-09T00:19:35.9826178Z   type: 'test'
regression (0)	Complete regression shard	2026-10-09T00:19:35.9826241Z   ...
regression (0)	Complete regression shard	2026-10-09T00:19:35.9826529Z # Subtest: original record ID conflicts fail explicitly and restoration rolls back broken archives
regression (0)	Complete regression shard	2026-10-09T00:19:35.9826804Z ok 429 - original record ID conflicts fail explicitly and restoration rolls back broken archives
regression (0)	Complete regression shard	2026-10-09T00:19:35.9826864Z   ---
regression (0)	Complete regression shard	2026-10-09T00:19:35.9826939Z   duration_ms: 4.435186
regression (0)	Complete regression shard	2026-10-09T00:19:35.9827006Z   type: 'test'
regression (0)	Complete regression shard	2026-10-09T00:19:35.9827066Z   ...
regression (0)	Complete regression shard	2026-10-09T00:19:35.9827368Z # Subtest: the published source archive restores every original record into a fresh reference database
regression (0)	Complete regression shard	2026-10-09T00:19:35.9827759Z ok 430 - the published source archive restores every original record into a fresh reference database
regression (0)	Complete regression shard	2026-10-09T00:19:35.9827820Z   ---
regression (0)	Complete regression shard	2026-10-09T00:19:35.9827898Z   duration_ms: 4321.428711
regression (0)	Complete regression shard	2026-10-09T00:19:35.9827967Z   type: 'test'
regression (0)	Complete regression shard	2026-10-09T00:19:35.9828027Z   ...
regression (0)	Complete regression shard	2026-10-09T00:19:35.9828337Z # Subtest: candidate certificate cannot inherit successful readback or publication from its predecessor
regression (0)	Complete regression shard	2026-10-09T00:19:35.9828634Z ok 431 - candidate certificate cannot inherit successful readback or publication from its predecessor
regression (0)	Complete regression shard	2026-10-09T00:19:35.9828701Z   ---
regression (0)	Complete regression shard	2026-10-09T00:19:35.9828774Z   duration_ms: 0.887218
regression (0)	Complete regression shard	2026-10-09T00:19:35.9828839Z   type: 'test'
regression (0)	Complete regression shard	2026-10-09T00:19:35.9828905Z   ...
regression (0)	Complete regression shard	2026-10-09T00:19:35.9829196Z # Subtest: discovery preserves identity/source metadata and pages every result with bounded filters
regression (0)	Complete regression shard	2026-10-09T00:19:35.9829476Z ok 432 - discovery preserves identity/source metadata and pages every result with bounded filters
regression (0)	Complete regression shard	2026-10-09T00:19:35.9829545Z   ---
regression (0)	Complete regression shard	2026-10-09T00:19:35.9829620Z   duration_ms: 116.152675
regression (0)	Complete regression shard	2026-10-09T00:19:35.9829685Z   type: 'test'
regression (0)	Complete regression shard	2026-10-09T00:19:35.9829750Z   ...
regression (0)	Complete regression shard	2026-10-09T00:19:35.9830102Z # Subtest: relationship pages exhaust both directions beyond profile truncation with date/example/withdrawal filtering
regression (0)	Complete regression shard	2026-10-09T00:19:35.9830445Z ok 433 - relationship pages exhaust both directions beyond profile truncation with date/example/withdrawal filtering
regression (0)	Complete regression shard	2026-10-09T00:19:35.9830512Z   ---
regression (0)	Complete regression shard	2026-10-09T00:19:35.9830585Z   duration_ms: 51.659871
regression (0)	Complete regression shard	2026-10-09T00:19:35.9830654Z   type: 'test'
regression (0)	Complete regression shard	2026-10-09T00:19:35.9830718Z   ...
regression (0)	Complete regression shard	2026-10-09T00:19:35.9831037Z # Subtest: media link pages preserve every active link and omit withdrawn, pending and unsupported-year links
regression (0)	Complete regression shard	2026-10-09T00:19:35.9831345Z ok 434 - media link pages preserve every active link and omit withdrawn, pending and unsupported-year links
regression (0)	Complete regression shard	2026-10-09T00:19:35.9831410Z   ---
regression (0)	Complete regression shard	2026-10-09T00:19:35.9831479Z   duration_ms: 55.110321
regression (0)	Complete regression shard	2026-10-09T00:19:35.9831548Z   type: 'test'
regression (0)	Complete regression shard	2026-10-09T00:19:35.9831616Z   ...
regression (0)	Complete regression shard	2026-10-09T00:19:35.9831954Z # Subtest: capacity reports measured bytes and declared budgets without claiming a managed quota or prepared assets
regression (0)	Complete regression shard	2026-10-09T00:19:35.9832283Z ok 435 - capacity reports measured bytes and declared budgets without claiming a managed quota or prepared assets
regression (0)	Complete regression shard	2026-10-09T00:19:35.9832347Z   ---
regression (0)	Complete regression shard	2026-10-09T00:19:35.9832420Z   duration_ms: 20.760437
regression (0)	Complete regression shard	2026-10-09T00:19:35.9832488Z   type: 'test'
regression (0)	Complete regression shard	2026-10-09T00:19:35.9832549Z   ...
regression (0)	Complete regression shard	2026-10-09T00:19:35.9832839Z # Subtest: catalog and graph reads reject revision changes instead of publishing inconsistent pages
regression (0)	Complete regression shard	2026-10-09T00:19:35.9833116Z ok 436 - catalog and graph reads reject revision changes instead of publishing inconsistent pages
regression (0)	Complete regression shard	2026-10-09T00:19:35.9833179Z   ---
regression (0)	Complete regression shard	2026-10-09T00:19:35.9833335Z   duration_ms: 18.879094
regression (0)	Complete regression shard	2026-10-09T00:19:35.9833409Z   type: 'test'
regression (0)	Complete regression shard	2026-10-09T00:19:35.9833470Z   ...
regression (0)	Complete regression shard	2026-10-09T00:19:35.9833852Z # Subtest: century transport preserves exact intervals, dated identities and contested provenance with deterministic assets
regression (0)	Complete regression shard	2026-10-09T00:19:35.9834217Z ok 437 - century transport preserves exact intervals, dated identities and contested provenance with deterministic assets
regression (0)	Complete regression shard	2026-10-09T00:19:35.9834279Z   ---
regression (0)	Complete regression shard	2026-10-09T00:19:35.9834355Z   duration_ms: 177.988128
regression (0)	Complete regression shard	2026-10-09T00:19:35.9834419Z   type: 'test'
regression (0)	Complete regression shard	2026-10-09T00:19:35.9834482Z   ...
regression (0)	Complete regression shard	2026-10-09T00:19:35.9834830Z # Subtest: real wrapper rejects missing/wrong/expired auth before any storage call
regression (0)	Complete regression shard	2026-10-09T00:19:35.9835053Z ok 438 - real wrapper rejects missing/wrong/expired auth before any storage call
regression (0)	Complete regression shard	2026-10-09T00:19:35.9835132Z   ---
regression (0)	Complete regression shard	2026-10-09T00:19:35.9835209Z   duration_ms: 27.034113
regression (0)	Complete regression shard	2026-10-09T00:19:35.9835277Z   type: 'test'
regression (0)	Complete regression shard	2026-10-09T00:19:35.9835344Z   ...
regression (0)	Complete regression shard	2026-10-09T00:19:35.9835619Z # Subtest: complete enumeration includes unregistered keys and original metadata and cursor
regression (0)	Complete regression shard	2026-10-09T00:19:35.9835875Z ok 439 - complete enumeration includes unregistered keys and original metadata and cursor
regression (0)	Complete regression shard	2026-10-09T00:19:35.9835941Z   ---
regression (0)	Complete regression shard	2026-10-09T00:19:35.9836113Z   duration_ms: 2.46297
regression (0)	Complete regression shard	2026-10-09T00:19:35.9836179Z   type: 'test'
regression (0)	Complete regression shard	2026-10-09T00:19:35.9836246Z   ...
regression (0)	Complete regression shard	2026-10-09T00:19:35.9836474Z # Subtest: opaque key read returns exact bytes and every write method is rejected
regression (0)	Complete regression shard	2026-10-09T00:19:35.9836697Z ok 440 - opaque key read returns exact bytes and every write method is rejected
regression (0)	Complete regression shard	2026-10-09T00:19:35.9836769Z   ---
regression (0)	Complete regression shard	2026-10-09T00:19:35.9836840Z   duration_ms: 2.923438
regression (0)	Complete regression shard	2026-10-09T00:19:35.9836913Z   type: 'test'
regression (0)	Complete regression shard	2026-10-09T00:19:35.9836977Z   ...
regression (0)	Complete regression shard	2026-10-09T00:19:35.9837273Z # Subtest: conditional read, missing body, provider failure and adjacent prefix preserve safe behavior
regression (0)	Complete regression shard	2026-10-09T00:19:35.9837564Z ok 441 - conditional read, missing body, provider failure and adjacent prefix preserve safe behavior
regression (0)	Complete regression shard	2026-10-09T00:19:35.9837629Z   ---
regression (0)	Complete regression shard	2026-10-09T00:19:35.9837698Z   duration_ms: 1.830738
regression (0)	Complete regression shard	2026-10-09T00:19:35.9837769Z   type: 'test'
regression (0)	Complete regression shard	2026-10-09T00:19:35.9837828Z   ...
regression (0)	Complete regression shard	2026-10-09T00:19:35.9838170Z # Subtest: checkpoint packing deterministically preserves all fourteen exported tables and every original byte
regression (0)	Complete regression shard	2026-10-09T00:19:35.9838500Z ok 442 - checkpoint packing deterministically preserves all fourteen exported tables and every original byte
regression (0)	Complete regression shard	2026-10-09T00:19:35.9838561Z   ---
regression (0)	Complete regression shard	2026-10-09T00:19:35.9838640Z   duration_ms: 198.143609
regression (0)	Complete regression shard	2026-10-09T00:19:35.9838708Z   type: 'test'
regression (0)	Complete regression shard	2026-10-09T00:19:35.9838774Z   ...
regression (0)	Complete regression shard	2026-10-09T00:19:35.9839135Z # Subtest: checkpoint rejects compressed tampering, original hashes and unsafe paths without publishing partial output
regression (0)	Complete regression shard	2026-10-09T00:19:35.9839478Z ok 443 - checkpoint rejects compressed tampering, original hashes and unsafe paths without publishing partial output
regression (0)	Complete regression shard	2026-10-09T00:19:35.9839539Z   ---
regression (0)	Complete regression shard	2026-10-09T00:19:35.9839617Z   duration_ms: 90.086229
regression (0)	Complete regression shard	2026-10-09T00:19:35.9839686Z   type: 'test'
regression (0)	Complete regression shard	2026-10-09T00:19:35.9839747Z   ...
regression (0)	Complete regression shard	2026-10-09T00:19:35.9839992Z # Subtest: a recomputed gzip hash cannot bypass the independent decompression bound
regression (0)	Complete regression shard	2026-10-09T00:19:35.9840216Z ok 444 - a recomputed gzip hash cannot bypass the independent decompression bound
regression (0)	Complete regression shard	2026-10-09T00:19:35.9840288Z   ---
regression (0)	Complete regression shard	2026-10-09T00:19:35.9840364Z   duration_ms: 87.682446
regression (0)	Complete regression shard	2026-10-09T00:19:35.9840428Z   type: 'test'
regression (0)	Complete regression shard	2026-10-09T00:19:35.9840496Z   ...
regression (0)	Complete regression shard	2026-10-09T00:19:35.9840805Z # Subtest: symlinked checkpoint parts and changed source exports are rejected without replacing evidence
regression (0)	Complete regression shard	2026-10-09T00:19:35.9841101Z ok 445 - symlinked checkpoint parts and changed source exports are rejected without replacing evidence
regression (0)	Complete regression shard	2026-10-09T00:19:35.9841171Z   ---
regression (0)	Complete regression shard	2026-10-09T00:19:35.9841249Z   duration_ms: 100.299691
regression (0)	Complete regression shard	2026-10-09T00:19:35.9841314Z   type: 'test'
regression (0)	Complete regression shard	2026-10-09T00:19:35.9841380Z   ...
regression (0)	Complete regression shard	2026-10-09T00:19:35.9841720Z # Subtest: existing destinations are immutable and ordinary restore validates source hashes before any database call
regression (0)	Complete regression shard	2026-10-09T00:19:35.9842058Z ok 446 - existing destinations are immutable and ordinary restore validates source hashes before any database call
regression (0)	Complete regression shard	2026-10-09T00:19:35.9842123Z   ---
regression (0)	Complete regression shard	2026-10-09T00:19:35.9842192Z   duration_ms: 104.45143
regression (0)	Complete regression shard	2026-10-09T00:19:35.9842267Z   type: 'test'
regression (0)	Complete regression shard	2026-10-09T00:19:35.9842334Z   ...
regression (0)	Complete regression shard	2026-10-09T00:19:35.9842581Z # Subtest: verified existing destinations reject checkpoint identity-summary tampering
regression (0)	Complete regression shard	2026-10-09T00:19:35.9842824Z ok 447 - verified existing destinations reject checkpoint identity-summary tampering
regression (0)	Complete regression shard	2026-10-09T00:19:35.9842889Z   ---
regression (0)	Complete regression shard	2026-10-09T00:19:35.9843077Z   duration_ms: 118.958862
regression (0)	Complete regression shard	2026-10-09T00:19:35.9843151Z   type: 'test'
regression (0)	Complete regression shard	2026-10-09T00:19:35.9843210Z   ...
regression (0)	Complete regression shard	2026-10-09T00:19:35.9843518Z # Subtest: stale body, state, candidate bytes and active worker/PR prevent writes
regression (0)	Complete regression shard	2026-10-09T00:19:35.9843739Z ok 448 - stale body, state, candidate bytes and active worker/PR prevent writes
regression (0)	Complete regression shard	2026-10-09T00:19:35.9843861Z   ---
regression (0)	Complete regression shard	2026-10-09T00:19:35.9844008Z   duration_ms: 2.19169
regression (0)	Complete regression shard	2026-10-09T00:19:35.9844146Z   type: 'test'
regression (0)	Complete regression shard	2026-10-09T00:19:35.9851830Z   ...
regression (0)	Complete regression shard	2026-10-09T00:19:35.9852087Z # Subtest: unrelated scope and original prose cannot be overwritten
regression (0)	Complete regression shard	2026-10-09T00:19:35.9852291Z ok 449 - unrelated scope and original prose cannot be overwritten
regression (0)	Complete regression shard	2026-10-09T00:19:35.9852505Z   ---
regression (0)	Complete regression shard	2026-10-09T00:19:35.9852585Z   duration_ms: 0.398708
regression (0)	Complete regression shard	2026-10-09T00:19:35.9852657Z   type: 'test'
regression (0)	Complete regression shard	2026-10-09T00:19:35.9852718Z   ...
regression (0)	Complete regression shard	2026-10-09T00:19:35.9853010Z # Subtest: read-only preflight issues no writes and checks the complete batch before applying
regression (0)	Complete regression shard	2026-10-09T00:19:35.9853395Z ok 450 - read-only preflight issues no writes and checks the complete batch before applying
regression (0)	Complete regression shard	2026-10-09T00:19:35.9853464Z   ---
regression (0)	Complete regression shard	2026-10-09T00:19:35.9853542Z   duration_ms: 3.905836
regression (0)	Complete regression shard	2026-10-09T00:19:35.9853612Z   type: 'test'
regression (0)	Complete regression shard	2026-10-09T00:19:35.9853674Z   ...
regression (0)	Complete regression shard	2026-10-09T00:19:35.9853902Z # Subtest: bounded application reads back each correction and is idempotent
regression (0)	Complete regression shard	2026-10-09T00:19:35.9854108Z ok 451 - bounded application reads back each correction and is idempotent
regression (0)	Complete regression shard	2026-10-09T00:19:35.9854173Z   ---
regression (0)	Complete regression shard	2026-10-09T00:19:35.9854248Z   duration_ms: 3.303909
regression (0)	Complete regression shard	2026-10-09T00:19:35.9854313Z   type: 'test'
regression (0)	Complete regression shard	2026-10-09T00:19:35.9854378Z   ...
regression (0)	Complete regression shard	2026-10-09T00:19:35.9854623Z # Subtest: failed readback retains partial receipt and stops before remaining writes
regression (0)	Complete regression shard	2026-10-09T00:19:35.9854859Z ok 452 - failed readback retains partial receipt and stops before remaining writes
regression (0)	Complete regression shard	2026-10-09T00:19:35.9854926Z   ---
regression (0)	Complete regression shard	2026-10-09T00:19:35.9855001Z   duration_ms: 1.168653
regression (0)	Complete regression shard	2026-10-09T00:19:35.9855067Z   type: 'test'
regression (0)	Complete regression shard	2026-10-09T00:19:35.9855131Z   ...
regression (0)	Complete regression shard	2026-10-09T00:19:35.9855328Z # Subtest: unexpected issue scope cannot expand the mutation targets
regression (0)	Complete regression shard	2026-10-09T00:19:35.9855519Z ok 453 - unexpected issue scope cannot expand the mutation targets
regression (0)	Complete regression shard	2026-10-09T00:19:35.9855584Z   ---
regression (0)	Complete regression shard	2026-10-09T00:19:35.9855652Z   duration_ms: 0.286382
regression (0)	Complete regression shard	2026-10-09T00:19:35.9855721Z   type: 'test'
regression (0)	Complete regression shard	2026-10-09T00:19:35.9855785Z   ...
regression (0)	Complete regression shard	2026-10-09T00:19:35.9856013Z # Subtest: fresh body recheck prevents overwriting an edit after batch preflight
regression (0)	Complete regression shard	2026-10-09T00:19:35.9856230Z ok 454 - fresh body recheck prevents overwriting an edit after batch preflight
regression (0)	Complete regression shard	2026-10-09T00:19:35.9856294Z   ---
regression (0)	Complete regression shard	2026-10-09T00:19:35.9856365Z   duration_ms: 1.00412
regression (0)	Complete regression shard	2026-10-09T00:19:35.9856436Z   type: 'test'
regression (0)	Complete regression shard	2026-10-09T00:19:35.9856498Z   ...
regression (0)	Complete regression shard	2026-10-09T00:19:35.9856763Z # Subtest: scope property serialization order does not imply changed release or ownership
regression (0)	Complete regression shard	2026-10-09T00:19:35.9857010Z ok 455 - scope property serialization order does not imply changed release or ownership
regression (0)	Complete regression shard	2026-10-09T00:19:35.9857071Z   ---
regression (0)	Complete regression shard	2026-10-09T00:19:35.9857147Z   duration_ms: 0.251691
regression (0)	Complete regression shard	2026-10-09T00:19:35.9857216Z   type: 'test'
regression (0)	Complete regression shard	2026-10-09T00:19:35.9857276Z   ...
regression (0)	Complete regression shard	2026-10-09T00:19:35.9857515Z # Subtest: a wrong hash label is rejected even when source scope is otherwise unchanged
regression (0)	Complete regression shard	2026-10-09T00:19:35.9857745Z ok 456 - a wrong hash label is rejected even when source scope is otherwise unchanged
regression (0)	Complete regression shard	2026-10-09T00:19:35.9857805Z   ---
regression (0)	Complete regression shard	2026-10-09T00:19:35.9857879Z   duration_ms: 0.284629
regression (0)	Complete regression shard	2026-10-09T00:19:35.9857943Z   type: 'test'
regression (0)	Complete regression shard	2026-10-09T00:19:35.9858006Z   ...
regression (0)	Complete regression shard	2026-10-09T00:19:35.9858335Z # Subtest: trusted geography controls reject candidate scripts, import shadows and conflicting integrations
regression (0)	Complete regression shard	2026-10-09T00:19:35.9858657Z ok 457 - trusted geography controls reject candidate scripts, import shadows and conflicting integrations
regression (0)	Complete regression shard	2026-10-09T00:19:35.9858725Z   ---
regression (0)	Complete regression shard	2026-10-09T00:19:35.9858805Z   duration_ms: 5295.932803
regression (0)	Complete regression shard	2026-10-09T00:19:35.9858871Z   type: 'test'
regression (0)	Complete regression shard	2026-10-09T00:19:35.9858936Z   ...
regression (0)	Complete regression shard	2026-10-09T00:19:35.9859349Z # Subtest: typed imports preserve raw zero/false/unknown, exact retries and BC/AD shared snapshot semantics on actual SQLite/PostgreSQL
regression (0)	Complete regression shard	2026-10-09T00:19:35.9859852Z ok 458 - typed imports preserve raw zero/false/unknown, exact retries and BC/AD shared snapshot semantics on actual SQLite/PostgreSQL
regression (0)	Complete regression shard	2026-10-09T00:19:35.9859921Z   ---
regression (0)	Complete regression shard	2026-10-09T00:19:35.9859997Z   duration_ms: 2088.209543
regression (0)	Complete regression shard	2026-10-09T00:19:35.9860064Z   type: 'test'
regression (0)	Complete regression shard	2026-10-09T00:19:35.9860129Z   ...
regression (0)	Complete regression shard	2026-10-09T00:19:35.9860634Z # Subtest: typed API rejects missing approval, bad source/registry/raw pins, unsupported labels and missing correction/derivation identities without partial writes
regression (0)	Complete regression shard	2026-10-09T00:19:35.9861118Z ok 459 - typed API rejects missing approval, bad source/registry/raw pins, unsupported labels and missing correction/derivation identities without partial writes
regression (0)	Complete regression shard	2026-10-09T00:19:35.9861279Z   ---
regression (0)	Complete regression shard	2026-10-09T00:19:35.9861350Z   duration_ms: 1832.308822
regression (0)	Complete regression shard	2026-10-09T00:19:35.9861419Z   type: 'test'
regression (0)	Complete regression shard	2026-10-09T00:19:35.9861483Z   ...
regression (0)	Complete regression shard	2026-10-09T00:19:35.9861722Z # Subtest: legacy or altered installed schemas never advertise typed capabilities
regression (0)	Complete regression shard	2026-10-09T00:19:35.9861950Z ok 460 - legacy or altered installed schemas never advertise typed capabilities
regression (0)	Complete regression shard	2026-10-09T00:19:35.9862014Z   ---
regression (0)	Complete regression shard	2026-10-09T00:19:35.9862086Z   duration_ms: 23.450532
regression (0)	Complete regression shard	2026-10-09T00:19:35.9862154Z   type: 'test'
regression (0)	Complete regression shard	2026-10-09T00:19:35.9862218Z   ...
regression (0)	Complete regression shard	2026-10-09T00:19:35.9862494Z # Atlas request failed /api/typed/v1/import Typed import rejected; no partial batch may be used
regression (0)	Complete regression shard	2026-10-09T00:19:35.9862827Z # Atlas request failed /api/typed/v1/import Typed correction cannot transfer evidence between subjects or fields
regression (0)	Complete regression shard	2026-10-09T00:19:35.9863079Z # Atlas request failed /api/typed/v1/snapshot Typed snapshot changed; restart all streams
regression (0)	Complete regression shard	2026-10-09T00:19:35.9863396Z # Atlas request failed /api/typed/v1/import Cross-origin writes are not permitted
regression (0)	Complete regression shard	2026-10-09T00:19:35.9863664Z # Atlas request failed /api/typed/v1/import Typed import rejected; no partial batch may be used
regression (0)	Complete regression shard	2026-10-09T00:19:35.9863983Z # Atlas request failed /api/typed/v1/import Typed correction cannot transfer evidence between subjects or fields
regression (0)	Complete regression shard	2026-10-09T00:19:35.9864234Z # Atlas request failed /api/typed/v1/snapshot Typed snapshot changed; restart all streams
regression (0)	Complete regression shard	2026-10-09T00:19:35.9864456Z # Atlas request failed /api/typed/v1/import Cross-origin writes are not permitted
regression (0)	Complete regression shard	2026-10-09T00:19:35.9864896Z # Subtest: actual Worker typed routes enforce transport/maintenance and keep atomic corrections, raw source pins and snapshot paging consistent
regression (0)	Complete regression shard	2026-10-09T00:19:35.9865327Z ok 461 - actual Worker typed routes enforce transport/maintenance and keep atomic corrections, raw source pins and snapshot paging consistent
regression (0)	Complete regression shard	2026-10-09T00:19:35.9865401Z   ---
regression (0)	Complete regression shard	2026-10-09T00:19:35.9865476Z   duration_ms: 1743.152026
regression (0)	Complete regression shard	2026-10-09T00:19:35.9865548Z   type: 'test'
regression (0)	Complete regression shard	2026-10-09T00:19:35.9865613Z   ...
regression (0)	Complete regression shard	2026-10-09T00:19:35.9866021Z # Subtest: legacy23-table projections require the complete known schema and current maintenance clients refuse them as complete backups
regression (0)	Complete regression shard	2026-10-09T00:19:35.9866419Z ok 462 - legacy23-table projections require the complete known schema and current maintenance clients refuse them as complete backups
regression (0)	Complete regression shard	2026-10-09T00:19:35.9866486Z   ---
regression (0)	Complete regression shard	2026-10-09T00:19:35.9866558Z   duration_ms: 1992.452929
regression (0)	Complete regression shard	2026-10-09T00:19:35.9866627Z   type: 'test'
regression (0)	Complete regression shard	2026-10-09T00:19:35.9866691Z   ...
regression (0)	Complete regression shard	2026-10-09T00:19:35.9867197Z # Subtest: derivation closures reject example promotion, cycles and ambiguous roots while example-only acyclic chains remain available under the paused factual gate
regression (0)	Complete regression shard	2026-10-09T00:19:35.9867688Z ok 463 - derivation closures reject example promotion, cycles and ambiguous roots while example-only acyclic chains remain available under the paused factual gate
regression (0)	Complete regression shard	2026-10-09T00:19:35.9867756Z   ---
regression (0)	Complete regression shard	2026-10-09T00:19:35.9867824Z   duration_ms: 1698.160123
regression (0)	Complete regression shard	2026-10-09T00:19:35.9867893Z   type: 'test'
regression (0)	Complete regression shard	2026-10-09T00:19:35.9867951Z   ...
regression (0)	Complete regression shard	2026-10-09T00:19:35.9868422Z # Subtest: bounded hosted client and exact-byte prepared/static resolver agree on all retained values and fail closed on mixed snapshots and corrupted bytes
regression (0)	Complete regression shard	2026-10-09T00:19:35.9868991Z ok 464 - bounded hosted client and exact-byte prepared/static resolver agree on all retained values and fail closed on mixed snapshots and corrupted bytes
regression (0)	Complete regression shard	2026-10-09T00:19:35.9869053Z   ---
regression (0)	Complete regression shard	2026-10-09T00:19:35.9869127Z   duration_ms: 3093.297124
regression (0)	Complete regression shard	2026-10-09T00:19:35.9869195Z   type: 'test'
regression (0)	Complete regression shard	2026-10-09T00:19:35.9869256Z   ...
regression (0)	Complete regression shard	2026-10-09T00:19:35.9869640Z # Subtest: factual typed geography is retained per claim and cannot be silently repinned on import, correction or prepared reads
regression (0)	Complete regression shard	2026-10-09T00:19:35.9870007Z ok 465 - factual typed geography is retained per claim and cannot be silently repinned on import, correction or prepared reads
regression (0)	Complete regression shard	2026-10-09T00:19:35.9870163Z   ---
regression (0)	Complete regression shard	2026-10-09T00:19:35.9870239Z   duration_ms: 1515.086231
regression (0)	Complete regression shard	2026-10-09T00:19:35.9870313Z   type: 'test'
regression (0)	Complete regression shard	2026-10-09T00:19:35.9870375Z   ...
regression (0)	Complete regression shard	2026-10-09T00:19:35.9870733Z # Subtest: explicit no-inhabitant evidence produces unsettled with its supported interval and source record provenance
regression (0)	Complete regression shard	2026-10-09T00:19:35.9871079Z ok 466 - explicit no-inhabitant evidence produces unsettled with its supported interval and source record provenance
regression (0)	Complete regression shard	2026-10-09T00:19:35.9871139Z   ---
regression (0)	Complete regression shard	2026-10-09T00:19:35.9871213Z   duration_ms: 1.611645
regression (0)	Complete regression shard	2026-10-09T00:19:35.9871277Z   type: 'test'
regression (0)	Complete regression shard	2026-10-09T00:19:35.9871343Z   ...
regression (0)	Complete regression shard	2026-10-09T00:19:35.9871617Z # Subtest: unknown, reference, modeled, rounded and untyped legacy zeros never imply unsettled
regression (0)	Complete regression shard	2026-10-09T00:19:35.9871870Z ok 467 - unknown, reference, modeled, rounded and untyped legacy zeros never imply unsettled
regression (0)	Complete regression shard	2026-10-09T00:19:35.9871934Z   ---
regression (0)	Complete regression shard	2026-10-09T00:19:35.9872005Z   duration_ms: 0.555619
regression (0)	Complete regression shard	2026-10-09T00:19:35.9872068Z   type: 'test'
regression (0)	Complete regression shard	2026-10-09T00:19:35.9872139Z   ...
regression (0)	Complete regression shard	2026-10-09T00:19:35.9872445Z # Subtest: settlement contradictions obey cross-field precedence and tied evidence remains disputed
regression (0)	Complete regression shard	2026-10-09T00:19:35.9872726Z ok 468 - settlement contradictions obey cross-field precedence and tied evidence remains disputed
regression (0)	Complete regression shard	2026-10-09T00:19:35.9872792Z   ---
regression (0)	Complete regression shard	2026-10-09T00:19:35.9872871Z   duration_ms: 0.839317
regression (0)	Complete regression shard	2026-10-09T00:19:35.9872936Z   type: 'test'
regression (0)	Complete regression shard	2026-10-09T00:19:35.9872999Z   ...
regression (0)	Complete regression shard	2026-10-09T00:19:35.9873484Z # Subtest: local imports accept canonical unsettled, reject both orders of direct contradictions and retain unknown/model-zero behavior
regression (0)	Complete regression shard	2026-10-09T00:19:35.9873880Z ok 469 - local imports accept canonical unsettled, reject both orders of direct contradictions and retain unknown/model-zero behavior
regression (0)	Complete regression shard	2026-10-09T00:19:35.9873945Z   ---
regression (0)	Complete regression shard	2026-10-09T00:19:35.9874018Z   duration_ms: 12.279838
regression (0)	Complete regression shard	2026-10-09T00:19:35.9874087Z   type: 'test'
regression (0)	Complete regression shard	2026-10-09T00:19:35.9874151Z   ...
regression (0)	Complete regression shard	2026-10-09T00:19:35.9874426Z # Subtest: hosted imports and shared resolver agree; corrections exclude retired negative claims
regression (0)	Complete regression shard	2026-10-09T00:19:35.9874693Z ok 470 - hosted imports and shared resolver agree; corrections exclude retired negative claims
regression (0)	Complete regression shard	2026-10-09T00:19:35.9874758Z   ---
regression (0)	Complete regression shard	2026-10-09T00:19:35.9874827Z   duration_ms: 53.851407
regression (0)	Complete regression shard	2026-10-09T00:19:35.9874896Z   type: 'test'
regression (0)	Complete regression shard	2026-10-09T00:19:35.9874955Z   ...
regression (0)	Complete regression shard	2026-10-09T00:19:35.9875244Z # Subtest: 0003 migration preserves all old claim fields, retirement pointers, indexes and triggers
regression (0)	Complete regression shard	2026-10-09T00:19:35.9875514Z ok 471 - 0003 migration preserves all old claim fields, retirement pointers, indexes and triggers
regression (0)	Complete regression shard	2026-10-09T00:19:35.9875574Z   ---
regression (0)	Complete regression shard	2026-10-09T00:19:35.9875647Z   duration_ms: 17.867313
regression (0)	Complete regression shard	2026-10-09T00:19:35.9875718Z   type: 'test'
regression (0)	Complete regression shard	2026-10-09T00:19:35.9875778Z   ...
regression (0)	Complete regression shard	2026-10-09T00:19:35.9876130Z # Subtest: existing local enum migration preserves snapshots/history and enables new rank without touching geometry
regression (0)	Complete regression shard	2026-10-09T00:19:35.9876467Z ok 472 - existing local enum migration preserves snapshots/history and enables new rank without touching geometry
regression (0)	Complete regression shard	2026-10-09T00:19:35.9876532Z   ---
regression (0)	Complete regression shard	2026-10-09T00:19:35.9876609Z   duration_ms: 107.875689
regression (0)	Complete regression shard	2026-10-09T00:19:35.9876677Z   type: 'test'
regression (0)	Complete regression shard	2026-10-09T00:19:35.9876738Z   ...
regression (0)	Complete regression shard	2026-10-09T00:19:35.9877035Z # Subtest: precision flags prevent false habitation conflicts in both local and hosted import orders
regression (0)	Complete regression shard	2026-10-09T00:19:35.9877451Z ok 473 - precision flags prevent false habitation conflicts in both local and hosted import orders
regression (0)	Complete regression shard	2026-10-09T00:19:35.9877516Z   ---
regression (0)	Complete regression shard	2026-10-09T00:19:35.9877590Z   duration_ms: 132.61506
regression (0)	Complete regression shard	2026-10-09T00:19:35.9877654Z   type: 'test'
regression (0)	Complete regression shard	2026-10-09T00:19:35.9877718Z   ...
regression (0)	Complete regression shard	2026-10-09T00:19:35.9877992Z # Subtest: 0004 precision migration preserves claims, retirements, indexes and all other triggers
regression (0)	Complete regression shard	2026-10-09T00:19:35.9878258Z ok 474 - 0004 precision migration preserves claims, retirements, indexes and all other triggers
regression (0)	Complete regression shard	2026-10-09T00:19:35.9878322Z   ---
regression (0)	Complete regression shard	2026-10-09T00:19:35.9878396Z   duration_ms: 20.256704
regression (0)	Complete regression shard	2026-10-09T00:19:35.9878459Z   type: 'test'
regression (0)	Complete regression shard	2026-10-09T00:19:35.9878622Z   ...
regression (0)	Complete regression shard	2026-10-09T00:19:35.9878891Z # Subtest: source classes protect literal-zero evidence and example opt-in at the SQL boundary
regression (0)	Complete regression shard	2026-10-09T00:19:35.9879152Z ok 475 - source classes protect literal-zero evidence and example opt-in at the SQL boundary
regression (0)	Complete regression shard	2026-10-09T00:19:35.9879220Z   ---
regression (0)	Complete regression shard	2026-10-09T00:19:35.9879289Z   duration_ms: 41.9865
regression (0)	Complete regression shard	2026-10-09T00:19:35.9879360Z   type: 'test'
regression (0)	Complete regression shard	2026-10-09T00:19:35.9879423Z   ...
regression (0)	Complete regression shard	2026-10-09T00:19:35.9879802Z # Subtest: 0005 source-class migration preserves claims and retirement-aware contracts while matching example-zero resolution
regression (0)	Complete regression shard	2026-10-09T00:19:35.9880168Z ok 476 - 0005 source-class migration preserves claims and retirement-aware contracts while matching example-zero resolution
regression (0)	Complete regression shard	2026-10-09T00:19:35.9880233Z   ---
regression (0)	Complete regression shard	2026-10-09T00:19:35.9880303Z   duration_ms: 17.447144
regression (0)	Complete regression shard	2026-10-09T00:19:35.9880371Z   type: 'test'
regression (0)	Complete regression shard	2026-10-09T00:19:35.9880434Z   ...
regression (0)	Complete regression shard	2026-10-09T00:19:35.9880736Z # Subtest: author identity accepts its chat, rejects copied identity, and documents unavailable identity
regression (0)	Complete regression shard	2026-10-09T00:19:35.9881030Z ok 477 - author identity accepts its chat, rejects copied identity, and documents unavailable identity
regression (0)	Complete regression shard	2026-10-09T00:19:35.9881096Z   ---
regression (0)	Complete regression shard	2026-10-09T00:19:35.9881166Z   duration_ms: 0.899055
regression (0)	Complete regression shard	2026-10-09T00:19:35.9881232Z   type: 'test'
regression (0)	Complete regression shard	2026-10-09T00:19:35.9881291Z   ...
regression (0)	Complete regression shard	2026-10-09T00:19:35.9881602Z # Subtest: claim/recover and default/explicit author allocation reject before GitHub or Git side effects
regression (0)	Complete regression shard	2026-10-09T00:19:35.9881893Z ok 478 - claim/recover and default/explicit author allocation reject before GitHub or Git side effects
regression (0)	Complete regression shard	2026-10-09T00:19:35.9881953Z   ---
regression (0)	Complete regression shard	2026-10-09T00:19:35.9882030Z   duration_ms: 144.537461
regression (0)	Complete regression shard	2026-10-09T00:19:35.9882098Z   type: 'test'
regression (0)	Complete regression shard	2026-10-09T00:19:35.9882161Z   ...
regression (0)	Complete regression shard	2026-10-09T00:19:35.9882449Z # Subtest: legacy renew/release, inspect and independent review are not mistaken for new author work
regression (0)	Complete regression shard	2026-10-09T00:19:35.9882728Z ok 479 - legacy renew/release, inspect and independent review are not mistaken for new author work
regression (0)	Complete regression shard	2026-10-09T00:19:35.9882791Z   ---
regression (0)	Complete regression shard	2026-10-09T00:19:35.9882867Z   duration_ms: 248.806073
regression (0)	Complete regression shard	2026-10-09T00:19:35.9882931Z   type: 'test'
regression (0)	Complete regression shard	2026-10-09T00:19:35.9882995Z   ...
regression (0)	Complete regression shard	2026-10-09T00:19:35.9883351Z # Subtest: actual worldwide successor custody, coordinates, deltas and lineage controls
regression (0)	Complete regression shard	2026-10-09T00:19:35.9883593Z ok 480 - actual worldwide successor custody, coordinates, deltas and lineage controls
regression (0)	Complete regression shard	2026-10-09T00:19:35.9883667Z   ---
regression (0)	Complete regression shard	2026-10-09T00:19:35.9883743Z   duration_ms: 243.103208
regression (0)	Complete regression shard	2026-10-09T00:19:35.9883809Z   type: 'test'
regression (0)	Complete regression shard	2026-10-09T00:19:35.9883876Z   ...
regression (0)	Complete regression shard	2026-10-09T00:19:35.9883943Z 1..480
regression (0)	Complete regression shard	2026-10-09T00:19:35.9884009Z # tests 480
regression (0)	Complete regression shard	2026-10-09T00:19:35.9884078Z # suites 0
regression (0)	Complete regression shard	2026-10-09T00:19:35.9884143Z # pass 478
regression (0)	Complete regression shard	2026-10-09T00:19:35.9884210Z # fail 2
regression (0)	Complete regression shard	2026-10-09T00:19:35.9884279Z # cancelled 0
regression (0)	Complete regression shard	2026-10-09T00:19:35.9884343Z # skipped 0
regression (0)	Complete regression shard	2026-10-09T00:19:35.9884412Z # todo 0
regression (0)	Complete regression shard	2026-10-09T00:19:35.9884503Z # duration_ms 505399.522687
regression (0)	Complete regression shard	2026-10-09T00:19:35.9894223Z ##[error]Process completed with exit code 1.
