id,name,country,source_id,source_year,legacy_shape_id,legacy_source_name,legacy_source_role,legacy_source_feature_present,legacy_source_feature_count_country,baseline_area_id,baseline_parent_id,complete_baseline_parent_chain,parent_chain_length,country_current_admin1_candidate_parents,parent_assignment_assessment,baseline_parent_label,current_parent_label,current_parent_candidates,current_candidate_codes,current_candidate_mapping_method,current_candidate_details,legacy_current_positive_intersection_pairs,legacy_current_top_overlap_screen,wca_assigned_code_point_rows,wca_name_parent_candidate_point_rows,wca_candidate_points_outside_geometry_rows,senegal_2017_points_by_candidate_codes,current_official_admin_capital_records,assessment_status,assessment_reasons,semantic_role_assessment,decision_limit
gb:NGA:ADM2:59680162B1032840889978,Bokkos,Nigeria,gb:NGA:ADM2,2022,59680162B1032840889978,Bokkos,Local Government Areas,True,774,framework:province:plateau:14e62370a737,framework:province:plateau:14e62370a737,"['framework:province:plateau:14e62370a737', 'framework:area:nigeria:13573928575a', 'framework:region:west-tropical-africa:ba6e06497098', 'framework:subcontinent:western-africa:6280a2b17f17', 'framework:continent:africa:d14fc0b285b2']",5,['Plateau'],supported,plateau,Plateau,['Plateau'],['NG032003'],unique normalized current name/explicit alias,"[{'current_name': 'Bokkos', 'current_pcode': 'NG032003', 'current_parent': 'Plateau', 'parent_pcode': 'NG032', 'valid_on': '2019-04-17', 'area_km2': 1721.49071495, 'component_count': 1, 'WCA_point_count_by_code': 0, 'WCA_point_count_name_parent_candidate': 33, 'WCA_crosswalk_method': 'normalized ADM2+ADM1 labels; code-vintage mismatch candidate', 'WCA_points_inside_current_geometry': 33, 'WCA_same_code_points_outside_geometry': 0, 'Senegal_2017_OCHA_points_by_code': 0, 'Senegal_2017_points_inside_current_geometry': 0, 'admin_capital_records': 0}]",6,"{'current_name': 'Bokkos', 'current_pcode': 'NG032003', 'intersection_km2': 1568.459873, 'legacy_coverage_pct': 98.47863, 'screen_only': True}",0,33,0,0,[],insufficient-evidence,['physical land/island completeness and current settlement completeness remain unverified'],Pinned source role 'Local Government Areas' is independently represented as COD-AB ADM2 for these features; source role and administrative level alone do not certify tier purpose or physical extent.,"Source name/code, administration and settlement screens remain separate. No political title, full settlement population, complete land/island footprint, or region approval is inferred."
gb:NGA:ADM2:59680162B10585943230735,Gulani,Nigeria,gb:NGA:ADM2,2022,59680162B10585943230735,Gulani,Local Government Areas,True,774,framework:province:yobe:35ae28a01a0b,framework:province:yobe:35ae28a01a0b,"['framework:province:yobe:35ae28a01a0b', 'framework:area:nigeria:13573928575a', 'framework:region:west-tropical-africa:ba6e06497098', 'framework:subcontinent:western-africa:6280a2b17f17', 'framework:continent:africa:d14fc0b285b2']",5,['Yobe'],supported,yobe,Yobe,['Yobe'],['NG036008'],unique normalized current name/explicit alias,"[{'current_name': 'Gulani', 'current_pcode': 'NG036008', 'current_parent': 'Yobe', 'parent_pcode': 'NG036', 'valid_on': '2019-04-17', 'area_km2': 2129.77541982, 'component_count': 1, 'WCA_point_count_by_code': 0, 'WCA_point_count_name_parent_candidate': 53, 'WCA_crosswalk_method': 'normalized ADM2+ADM1 labels; code-vintage mismatch candidate', 'WCA_points_inside_current_geometry': 53, 'WCA_same_code_points_outside_geometry': 0, 'Senegal_2017_OCHA_points_by_code': 0, 'Senegal_2017_points_inside_current_geometry': 0, 'admin_capital_records': 0}]",8,"{'current_name': 'Gulani', 'current_pcode': 'NG036008', 'intersection_km2': 1997.21006, 'legacy_coverage_pct': 84.37624, 'screen_only': True}",0,53,0,0,[],insufficient-evidence,['physical land/island completeness and current settlement completeness remain unverified'],Pinned source role 'Local Government Areas' is independently represented as COD-AB ADM2 for these features; source role and administrative level alone do not certify tier purpose or physical extent.,"Source name/code, administration and settlement screens remain separate. No political title, full settlement population, complete land/island footprint, or region approval is inferred."
gb:NGA:ADM2:59680162B10627743467335,Bursari,Nigeria,gb:NGA:ADM2,2022,59680162B10627743467335,Bursari,Local Government Areas,True,774,framework:province:yobe:35ae28a01a0b,framework:province:yobe:35ae28a01a0b,"['framework:province:yobe:35ae28a01a0b', 'framework:area:nigeria:13573928575a', 'framework:region:west-tropical-africa:ba6e06497098', 'framework:subcontinent:western-africa:6280a2b17f17', 'framework:continent:africa:d14fc0b285b2']",5,['Yobe'],supported,yobe,Yobe,['Yobe'],['NG036002'],unique normalized current name/explicit alias,"[{'current_name': 'Bursari', 'current_pcode': 'NG036002', 'current_parent': 'Yobe', 'parent_pcode': 'NG036', 'valid_on': '2019-04-17', 'area_km2': 3816.70213428, 'component_count': 1, 'WCA_point_count_by_code': 0, 'WCA_point_count_name_parent_candidate': 40, 'WCA_crosswalk_method': 'normalized ADM2+ADM1 labels; code-vintage mismatch candidate', 'WCA_points_inside_current_geometry': 40, 'WCA_same_code_points_outside_geometry': 0, 'Senegal_2017_OCHA_points_by_code': 0, 'Senegal_2017_points_inside_current_geometry': 0, 'admin_capital_records': 0}]",9,"{'current_name': 'Bursari', 'current_pcode': 'NG036002', 'intersection_km2': 3428.17605, 'legacy_coverage_pct': 94.17188, 'screen_only': True}",0,40,0,0,[],insufficient-evidence,['physical land/island completeness and current settlement completeness remain unverified'],Pinned source role 'Local Government Areas' is independently represented as COD-AB ADM2 for these features; source role and administrative level alone do not certify tier purpose or physical extent.,"Source name/code, administration and settlement screens remain separate. No political title, full settlement population, complete land/island footprint, or region approval is inferred."
gb:NGA:ADM2:59680162B11164722545286,Mubi South,Nigeria,gb:NGA:ADM2,2022,59680162B11164722545286,Mubi South,Local Government Areas,True,774,framework:province:adamawa:6aa47652a3d5,framework:province:adamawa:6aa47652a3d5,"['framework:province:adamawa:6aa47652a3d5', 'framework:area:nigeria:13573928575a', 'framework:region:west-tropical-africa:ba6e06497098', 'framework:subcontinent:western-africa:6280a2b17f17', 'framework:continent:africa:d14fc0b285b2']",5,['Adamawa'],supported,adamawa,Adamawa,['Adamawa'],['NG002015'],unique normalized current name/explicit alias,"[{'current_name': 'Mubi South', 'current_pcode': 'NG002015', 'current_parent': 'Adamawa', 'parent_pcode': 'NG002', 'valid_on': '2019-04-17', 'area_km2': 502.72169789, 'component_count': 1, 'WCA_point_count_by_code': 0, 'WCA_point_count_name_parent_candidate': 211, 'WCA_crosswalk_method': 'normalized ADM2+ADM1 labels; code-vintage mismatch candidate', 'WCA_points_inside_current_geometry': 211, 'WCA_same_code_points_outside_geometry': 0, 'Senegal_2017_OCHA_points_by_code': 0, 'Senegal_2017_points_inside_current_geometry': 0, 'admin_capital_records': 0}]",4,"{'current_name': 'Mubi South', 'current_pcode': 'NG002015', 'intersection_km2': 450.871639, 'legacy_coverage_pct': 94.75286, 'screen_only': True}",0,211,0,0,[],insufficient-evidence,['physical land/island completeness and current settlement completeness remain unverified'],Pinned source role 'Local Government Areas' is independently represented as COD-AB ADM2 for these features; source role and administrative level alone do not certify tier purpose or physical extent.,"Source name/code, administration and settlement screens remain separate. No political title, full settlement population, complete land/island footprint, or region approval is inferred."
gb:NGA:ADM2:59680162B11671066128606,Bogoro,Nigeria,gb:NGA:ADM2,2022,59680162B11671066128606,Bogoro,Local Government Areas,True,774,framework:province:bauchi:6b44eaa0aa5b,framework:province:bauchi:6b44eaa0aa5b,"['framework:province:bauchi:6b44eaa0aa5b', 'framework:area:nigeria:13573928575a', 'framework:region:west-tropical-africa:ba6e06497098', 'framework:subcontinent:western-africa:6280a2b17f17', 'framework:continent:africa:d14fc0b285b2']",5,['Bauchi'],supported,bauchi,Bauchi,['Bauchi'],['NG005003'],unique normalized current name/explicit alias,"[{'current_name': 'Bogoro', 'current_pcode': 'NG005003', 'current_parent': 'Bauchi', 'parent_pcode': 'NG005', 'valid_on': '2019-04-17', 'area_km2': 890.4831585, 'component_count': 1, 'WCA_point_count_by_code': 0, 'WCA_point_count_name_parent_candidate': 49, 'WCA_crosswalk_method': 'normalized ADM2+ADM1 labels; code-vintage mismatch candidate', 'WCA_points_inside_current_geometry': 49, 'WCA_same_code_points_outside_geometry': 0, 'Senegal_2017_OCHA_points_by_code': 0, 'Senegal_2017_points_inside_current_geometry': 0, 'admin_capital_records': 0}]",4,"{'current_name': 'Bogoro', 'current_pcode': 'NG005003', 'intersection_km2': 788.06678, 'legacy_coverage_pct': 94.43472, 'screen_only': True}",0,49,0,0,[],insufficient-evidence,['physical land/island completeness and current settlement completeness remain unverified'],Pinned source role 'Local Government Areas' is independently represented as COD-AB ADM2 for these features; source role and administrative level alone do not certify tier purpose or physical extent.,"Source name/code, administration and settlement screens remain separate. No political title, full settlement population, complete land/island footprint, or region approval is inferred."
gb:NGA:ADM2:59680162B11957186029310,Pankshin,Nigeria,gb:NGA:ADM2,2022,59680162B11957186029310,Pankshin,Local Government Areas,True,774,framework:province:plateau:14e62370a737,framework:province:plateau:14e62370a737,"['framework:province:plateau:14e62370a737', 'framework:area:nigeria:13573928575a', 'framework:region:west-tropical-africa:ba6e06497098', 'framework:subcontinent:western-africa:6280a2b17f17', 'framework:continent:africa:d14fc0b285b2']",5,['Plateau'],supported,plateau,Plateau,['Plateau'],['NG032013'],unique normalized current name/explicit alias,"[{'current_name': 'Pankshin', 'current_pcode': 'NG032013', 'current_parent': 'Plateau', 'parent_pcode': 'NG032', 'valid_on': '2019-04-17', 'area_km2': 1434.64811536, 'component_count': 1, 'WCA_point_count_by_code': 0, 'WCA_point_count_name_parent_candidate': 32, 'WCA_crosswalk_method': 'normalized ADM2+ADM1 labels; code-vintage mismatch candidate', 'WCA_points_inside_current_geometry': 32, 'WCA_same_code_points_outside_geometry': 0, 'Senegal_2017_OCHA_points_by_code': 0, 'Senegal_2017_points_inside_current_geometry': 0, 'admin_capital_records': 0}]",8,"{'current_name': 'Pankshin', 'current_pcode': 'NG032013', 'intersection_km2': 1245.966145, 'legacy_coverage_pct': 91.32343, 'screen_only': True}",0,32,0,0,[],insufficient-evidence,['physical land/island completeness and current settlement completeness remain unverified'],Pinned source role 'Local Government Areas' is independently represented as COD-AB ADM2 for these features; source role and administrative level alone do not certify tier purpose or physical extent.,"Source name/code, administration and settlement screens remain separate. No political title, full settlement population, complete land/island footprint, or region approval is inferred."
gb:NGA:ADM2:59680162B12953009585437,Babura,Nigeria,gb:NGA:ADM2,2022,59680162B12953009585437,Babura,Local Government Areas,True,774,framework:province:jigawa:8a28f64b5048,framework:province:jigawa:8a28f64b5048,"['framework:province:jigawa:8a28f64b5048', 'framework:area:nigeria:13573928575a', 'framework:region:west-tropical-africa:ba6e06497098', 'framework:subcontinent:western-africa:6280a2b17f17', 'framework:continent:africa:d14fc0b285b2']",5,['Jigawa'],supported,jigawa,Jigawa,['Jigawa'],['NG018002'],unique normalized current name/explicit alias,"[{'current_name': 'Babura', 'current_pcode': 'NG018002', 'current_parent': 'Jigawa', 'parent_pcode': 'NG018', 'valid_on': '2019-04-17', 'area_km2': 1001.97422091, 'component_count': 1, 'WCA_point_count_by_code': 0, 'WCA_point_count_name_parent_candidate': 200, 'WCA_crosswalk_method': 'normalized ADM2+ADM1 labels; code-vintage mismatch candidate', 'WCA_points_inside_current_geometry': 200, 'WCA_same_code_points_outside_geometry': 0, 'Senegal_2017_OCHA_points_by_code': 0, 'Senegal_2017_points_inside_current_geometry': 0, 'admin_capital_records': 0}]",6,"{'current_name': 'Babura', 'current_pcode': 'NG018002', 'intersection_km2': 930.656007, 'legacy_coverage_pct': 90.97867, 'screen_only': True}",0,200,0,0,[],insufficient-evidence,['physical land/island completeness and current settlement completeness remain unverified'],Pinned source role 'Local Government Areas' is independently represented as COD-AB ADM2 for these features; source role and administrative level alone do not certify tier purpose or physical extent.,"Source name/code, administration and settlement screens remain separate. No political title, full settlement population, complete land/island footprint, or region approval is inferred."
gb:NGA:ADM2:59680162B13073760931893,Gombi,Nigeria,gb:NGA:ADM2,2022,59680162B13073760931893,Gombi,Local Government Areas,True,774,framework:province:adamawa:6aa47652a3d5,framework:province:adamawa:6aa47652a3d5,"['framework:province:adamawa:6aa47652a3d5', 'framework:area:nigeria:13573928575a', 'framework:region:west-tropical-africa:ba6e06497098', 'framework:subcontinent:western-africa:6280a2b17f17', 'framework:continent:africa:d14fc0b285b2']",5,['Adamawa'],supported,adamawa,Adamawa,['Adamawa'],['NG002004'],unique normalized current name/explicit alias,"[{'current_name': 'Gombi', 'current_pcode': 'NG002004', 'current_parent': 'Adamawa', 'parent_pcode': 'NG002', 'valid_on': '2019-04-17', 'area_km2': 2163.60652361, 'component_count': 1, 'WCA_point_count_by_code': 0, 'WCA_point_count_name_parent_candidate': 514, 'WCA_crosswalk_method': 'normalized ADM2+ADM1 labels; code-vintage mismatch candidate', 'WCA_points_inside_current_geometry': 514, 'WCA_same_code_points_outside_geometry': 0, 'Senegal_2017_OCHA_points_by_code': 0, 'Senegal_2017_points_inside_current_geometry': 0, 'admin_capital_records': 0}]",7,"{'current_name': 'Gombi', 'current_pcode': 'NG002004', 'intersection_km2': 2013.405354, 'legacy_coverage_pct': 87.09372, 'screen_only': True}",0,514,0,0,[],insufficient-evidence,['physical land/island completeness and current settlement completeness remain unverified'],Pinned source role 'Local Government Areas' is independently represented as COD-AB ADM2 for these features; source role and administrative level alone do not certify tier purpose or physical extent.,"Source name/code, administration and settlement screens remain separate. No political title, full settlement population, complete land/island footprint, or region approval is inferred."
gb:NGA:ADM2:59680162B13157392837231,Karim Lamido,Nigeria,gb:NGA:ADM2,2022,59680162B13157392837231,Karim Lamido,Local Government Areas,True,774,framework:province:taraba:34f4cd78bd99,framework:province:taraba:34f4cd78bd99,"['framework:province:taraba:34f4cd78bd99', 'framework:area:nigeria:13573928575a', 'framework:region:west-tropical-africa:ba6e06497098', 'framework:subcontinent:western-africa:6280a2b17f17', 'framework:continent:africa:d14fc0b285b2']",5,['Taraba'],supported,taraba,Taraba,['Taraba'],['NG035008'],unique normalized current name/explicit alias,"[{'current_name': 'Karim-Lamido', 'current_pcode': 'NG035008', 'current_parent': 'Taraba', 'parent_pcode': 'NG035', 'valid_on': '2019-04-17', 'area_km2': 6612.28290026, 'component_count': 1, 'WCA_point_count_by_code': 0, 'WCA_point_count_name_parent_candidate': 109, 'WCA_crosswalk_method': 'normalized ADM2+ADM1 labels; code-vintage mismatch candidate', 'WCA_points_inside_current_geometry': 109, 'WCA_same_code_points_outside_geometry': 0, 'Senegal_2017_OCHA_points_by_code': 0, 'Senegal_2017_points_inside_current_geometry': 0, 'admin_capital_records': 0}]",11,"{'current_name': 'Karim-Lamido', 'current_pcode': 'NG035008', 'intersection_km2': 6072.356832, 'legacy_coverage_pct': 99.67902, 'screen_only': True}",0,109,0,0,[],insufficient-evidence,['physical land/island completeness and current settlement completeness remain unverified'],Pinned source role 'Local Government Areas' is independently represented as COD-AB ADM2 for these features; source role and administrative level alone do not certify tier purpose or physical extent.,"Source name/code, administration and settlement screens remain separate. No political title, full settlement population, complete land/island footprint, or region approval is inferred."
gb:NGA:ADM2:59680162B13393519160177,Jahun,Nigeria,gb:NGA:ADM2,2022,59680162B13393519160177,Jahun,Local Government Areas,True,774,framework:province:jigawa:8a28f64b5048,framework:province:jigawa:8a28f64b5048,"['framework:province:jigawa:8a28f64b5048', 'framework:area:nigeria:13573928575a', 'framework:region:west-tropical-africa:ba6e06497098', 'framework:subcontinent:western-africa:6280a2b17f17', 'framework:continent:africa:d14fc0b285b2']",5,['Jigawa'],supported,jigawa,Jigawa,['Jigawa'],['NG018014'],unique normalized current name/explicit alias,"[{'current_name': 'Jahun', 'current_pcode': 'NG018014', 'current_parent': 'Jigawa', 'parent_pcode': 'NG018', 'valid_on': '2019-04-17', 'area_km2': 1245.95943471, 'component_count': 1, 'WCA_point_count_by_code': 0, 'WCA_point_count_name_parent_candidate': 36, 'WCA_crosswalk_method': 'normalized ADM2+ADM1 labels; code-vintage mismatch candidate', 'WCA_points_inside_current_geometry': 36, 'WCA_same_code_points_outside_geometry': 0, 'Senegal_2017_OCHA_points_by_code': 0, 'Senegal_2017_points_inside_current_geometry': 0, 'admin_capital_records': 0}]",7,"{'current_name': 'Jahun', 'current_pcode': 'NG018014', 'intersection_km2': 1160.3864, 'legacy_coverage_pct': 96.34748, 'screen_only': True}",0,36,0,0,[],insufficient-evidence,['physical land/island completeness and current settlement completeness remain unverified'],Pinned source role 'Local Government Areas' is independently represented as COD-AB ADM2 for these features; source role and administrative level alone do not certify tier purpose or physical extent.,"Source name/code, administration and settlement screens remain separate. No political title, full settlement population, complete land/island footprint, or region approval is inferred."
gb:NGA:ADM2:59680162B13650355505793,Tarka,Nigeria,gb:NGA:ADM2,2022,59680162B13650355505793,Tarka,Local Government Areas,True,774,framework:province:benue:bb5576291a52,framework:province:benue:bb5576291a52,"['framework:province:benue:bb5576291a52', 'framework:area:nigeria:13573928575a', 'framework:region:west-tropical-africa:ba6e06497098', 'framework:subcontinent:western-africa:6280a2b17f17', 'framework:continent:africa:d14fc0b285b2']",5,['Benue'],supported,benue,Benue,['Benue'],['NG007020'],unique normalized current name/explicit alias,"[{'current_name': 'Tarka', 'current_pcode': 'NG007020', 'current_parent': 'Benue', 'parent_pcode': 'NG007', 'valid_on': '2019-04-17', 'area_km2': 477.47954032, 'component_count': 1, 'WCA_point_count_by_code': 0, 'WCA_point_count_name_parent_candidate': 71, 'WCA_crosswalk_method': 'normalized ADM2+ADM1 labels; code-vintage mismatch candidate', 'WCA_points_inside_current_geometry': 71, 'WCA_same_code_points_outside_geometry': 0, 'Senegal_2017_OCHA_points_by_code': 0, 'Senegal_2017_points_inside_current_geometry': 0, 'admin_capital_records': 0}]",4,"{'current_name': 'Tarka', 'current_pcode': 'NG007020', 'intersection_km2': 431.477812, 'legacy_coverage_pct': 88.41476, 'screen_only': True}",0,71,0,0,[],insufficient-evidence,['physical land/island completeness and current settlement completeness remain unverified'],Pinned source role 'Local Government Areas' is independently represented as COD-AB ADM2 for these features; source role and administrative level alone do not certify tier purpose or physical extent.,"Source name/code, administration and settlement screens remain separate. No political title, full settlement population, complete land/island footprint, or region approval is inferred."
gb:NGA:ADM2:59680162B14319741144045,Miga,Nigeria,gb:NGA:ADM2,2022,59680162B14319741144045,Miga,Local Government Areas,True,774,framework:province:jigawa:8a28f64b5048,framework:province:jigawa:8a28f64b5048,"['framework:province:jigawa:8a28f64b5048', 'framework:area:nigeria:13573928575a', 'framework:region:west-tropical-africa:ba6e06497098', 'framework:subcontinent:western-africa:6280a2b17f17', 'framework:continent:africa:d14fc0b285b2']",5,['Jigawa'],supported,jigawa,Jigawa,['Jigawa'],['NG018022'],unique normalized current name/explicit alias,"[{'current_name': 'Miga', 'current_pcode': 'NG018022', 'current_parent': 'Jigawa', 'parent_pcode': 'NG018', 'valid_on': '2019-04-17', 'area_km2': 569.07816172, 'component_count': 1, 'WCA_point_count_by_code': 0, 'WCA_point_count_name_parent_candidate': 25, 'WCA_crosswalk_method': 'normalized ADM2+ADM1 labels; code-vintage mismatch candidate', 'WCA_points_inside_current_geometry': 25, 'WCA_same_code_points_outside_geometry': 0, 'Senegal_2017_OCHA_points_by_code': 0, 'Senegal_2017_points_inside_current_geometry': 0, 'admin_capital_records': 0}]",5,"{'current_name': 'Miga', 'current_pcode': 'NG018022', 'intersection_km2': 506.777219, 'legacy_coverage_pct': 92.73592, 'screen_only': True}",0,25,0,0,[],insufficient-evidence,['physical land/island completeness and current settlement completeness remain unverified'],Pinned source role 'Local Government Areas' is independently represented as COD-AB ADM2 for these features; source role and administrative level alone do not certify tier purpose or physical extent.,"Source name/code, administration and settlement screens remain separate. No political title, full settlement population, complete land/island footprint, or region approval is inferred."
gb:NGA:ADM2:59680162B14415495238729,Ukum,Nigeria,gb:NGA:ADM2,2022,59680162B14415495238729,Ukum,Local Government Areas,True,774,framework:province:benue:bb5576291a52,framework:province:benue:bb5576291a52,"['framework:province:benue:bb5576291a52', 'framework:area:nigeria:13573928575a', 'framework:region:west-tropical-africa:ba6e06497098', 'framework:subcontinent:western-africa:6280a2b17f17', 'framework:continent:africa:d14fc0b285b2']",5,['Benue'],supported,benue,Benue,['Benue'],['NG007021'],unique normalized current name/explicit alias,"[{'current_name': 'Ukum', 'current_pcode': 'NG007021', 'current_parent': 'Benue', 'parent_pcode': 'NG007', 'valid_on': '2019-04-17', 'area_km2': 1783.52843999, 'component_count': 1, 'WCA_point_count_by_code': 0, 'WCA_point_count_name_parent_candidate': 7, 'WCA_crosswalk_method': 'normalized ADM2+ADM1 labels; code-vintage mismatch candidate', 'WCA_points_inside_current_geometry': 7, 'WCA_same_code_points_outside_geometry': 0, 'Senegal_2017_OCHA_points_by_code': 0, 'Senegal_2017_points_inside_current_geometry': 0, 'admin_capital_records': 0}]",4,"{'current_name': 'Ukum', 'current_pcode': 'NG007021', 'intersection_km2': 1278.454303, 'legacy_coverage_pct': 80.77434, 'screen_only': True}",0,7,0,0,[],insufficient-evidence,['physical land/island completeness and current settlement completeness remain unverified'],Pinned source role 'Local Government Areas' is independently represented as COD-AB ADM2 for these features; source role and administrative level alone do not certify tier purpose or physical extent.,"Source name/code, administration and settlement screens remain separate. No political title, full settlement population, complete land/island footprint, or region approval is inferred."
gb:NGA:ADM2:59680162B1443452948914,Wase,Nigeria,gb:NGA:ADM2,2022,59680162B1443452948914,Wase,Local Government Areas,True,774,framework:province:plateau:14e62370a737,framework:province:plateau:14e62370a737,"['framework:province:plateau:14e62370a737', 'framework:area:nigeria:13573928575a', 'framework:region:west-tropical-africa:ba6e06497098', 'framework:subcontinent:western-africa:6280a2b17f17', 'framework:continent:africa:d14fc0b285b2']",5,['Plateau'],supported,plateau,Plateau,['Plateau'],['NG032017'],unique normalized current name/explicit alias,"[{'current_name': 'Wase', 'current_pcode': 'NG032017', 'current_parent': 'Plateau', 'parent_pcode': 'NG032', 'valid_on': '2019-04-17', 'area_km2': 4979.4620348, 'component_count': 1, 'WCA_point_count_by_code': 0, 'WCA_point_count_name_parent_candidate': 33, 'WCA_crosswalk_method': 'normalized ADM2+ADM1 labels; code-vintage mismatch candidate', 'WCA_points_inside_current_geometry': 33, 'WCA_same_code_points_outside_geometry': 0, 'Senegal_2017_OCHA_points_by_code': 0, 'Senegal_2017_points_inside_current_geometry': 0, 'admin_capital_records': 0}]",6,"{'current_name': 'Wase', 'current_pcode': 'NG032017', 'intersection_km2': 4818.925683, 'legacy_coverage_pct': 98.73756, 'screen_only': True}",0,33,0,0,[],insufficient-evidence,['physical land/island completeness and current settlement completeness remain unverified'],Pinned source role 'Local Government Areas' is independently represented as COD-AB ADM2 for these features; source role and administrative level alone do not certify tier purpose or physical extent.,"Source name/code, administration and settlement screens remain separate. No political title, full settlement population, complete land/island footprint, or region approval is inferred."
gb:NGA:ADM2:59680162B1470225488806,Fune,Nigeria,gb:NGA:ADM2,2022,59680162B1470225488806,Fune,Local Government Areas,True,774,framework:province:yobe:35ae28a01a0b,framework:province:yobe:35ae28a01a0b,"['framework:province:yobe:35ae28a01a0b', 'framework:area:nigeria:13573928575a', 'framework:region:west-tropical-africa:ba6e06497098', 'framework:subcontinent:western-africa:6280a2b17f17', 'framework:continent:africa:d14fc0b285b2']",5,['Yobe'],supported,yobe,Yobe,['Yobe'],['NG036005'],unique normalized current name/explicit alias,"[{'current_name': 'Fune', 'current_pcode': 'NG036005', 'current_parent': 'Yobe', 'parent_pcode': 'NG036', 'valid_on': '2019-04-17', 'area_km2': 5475.00365598, 'component_count': 1, 'WCA_point_count_by_code': 0, 'WCA_point_count_name_parent_candidate': 142, 'WCA_crosswalk_method': 'normalized ADM2+ADM1 labels; code-vintage mismatch candidate', 'WCA_points_inside_current_geometry': 142, 'WCA_same_code_points_outside_geometry': 0, 'Senegal_2017_OCHA_points_by_code': 0, 'Senegal_2017_points_inside_current_geometry': 0, 'admin_capital_records': 0}]",7,"{'current_name': 'Fune', 'current_pcode': 'NG036005', 'intersection_km2': 4975.351435, 'legacy_coverage_pct': 88.3287, 'screen_only': True}",0,142,0,0,[],insufficient-evidence,['physical land/island completeness and current settlement completeness remain unverified'],Pinned source role 'Local Government Areas' is independently represented as COD-AB ADM2 for these features; source role and administrative level alone do not certify tier purpose or physical extent.,"Source name/code, administration and settlement screens remain separate. No political title, full settlement population, complete land/island footprint, or region approval is inferred."
gb:NGA:ADM2:59680162B15165581574851,Toro,Nigeria,gb:NGA:ADM2,2022,59680162B15165581574851,Toro,Local Government Areas,True,774,framework:province:bauchi:6b44eaa0aa5b,framework:province:bauchi:6b44eaa0aa5b,"['framework:province:bauchi:6b44eaa0aa5b', 'framework:area:nigeria:13573928575a', 'framework:region:west-tropical-africa:ba6e06497098', 'framework:subcontinent:western-africa:6280a2b17f17', 'framework:continent:africa:d14fc0b285b2']",5,['Bauchi'],supported,bauchi,Bauchi,['Bauchi'],['NG005018'],unique normalized current name/explicit alias,"[{'current_name': 'Toro', 'current_pcode': 'NG005018', 'current_parent': 'Bauchi', 'parent_pcode': 'NG005', 'valid_on': '2019-04-17', 'area_km2': 6877.24127803, 'component_count': 1, 'WCA_point_count_by_code': 0, 'WCA_point_count_name_parent_candidate': 235, 'WCA_crosswalk_method': 'normalized ADM2+ADM1 labels; code-vintage mismatch candidate', 'WCA_points_inside_current_geometry': 235, 'WCA_same_code_points_outside_geometry': 0, 'Senegal_2017_OCHA_points_by_code': 0, 'Senegal_2017_points_inside_current_geometry': 0, 'admin_capital_records': 0}]",11,"{'current_name': 'Toro', 'current_pcode': 'NG005018', 'intersection_km2': 6313.406842, 'legacy_coverage_pct': 94.16084, 'screen_only': True}",0,235,0,0,[],insufficient-evidence,['physical land/island completeness and current settlement completeness remain unverified'],Pinned source role 'Local Government Areas' is independently represented as COD-AB ADM2 for these features; source role and administrative level alone do not certify tier purpose or physical extent.,"Source name/code, administration and settlement screens remain separate. No political title, full settlement population, complete land/island footprint, or region approval is inferred."
gb:NGA:ADM2:59680162B15311652495769,Kaga,Nigeria,gb:NGA:ADM2,2022,59680162B15311652495769,Kaga,Local Government Areas,True,774,framework:province:borno:c07e4cd1e5ad,framework:province:borno:c07e4cd1e5ad,"['framework:province:borno:c07e4cd1e5ad', 'framework:area:nigeria:13573928575a', 'framework:region:west-tropical-africa:ba6e06497098', 'framework:subcontinent:western-africa:6280a2b17f17', 'framework:continent:africa:d14fc0b285b2']",5,['Borno'],supported,borno,Borno,['Borno'],['NG008014'],unique normalized current name/explicit alias,"[{'current_name': 'Kaga', 'current_pcode': 'NG008014', 'current_parent': 'Borno', 'parent_pcode': 'NG008', 'valid_on': '2019-04-17', 'area_km2': 2574.67598829, 'component_count': 1, 'WCA_point_count_by_code': 0, 'WCA_point_count_name_parent_candidate': 55, 'WCA_crosswalk_method': 'normalized ADM2+ADM1 labels; code-vintage mismatch candidate', 'WCA_points_inside_current_geometry': 55, 'WCA_same_code_points_outside_geometry': 0, 'Senegal_2017_OCHA_points_by_code': 0, 'Senegal_2017_points_inside_current_geometry': 0, 'admin_capital_records': 0}]",6,"{'current_name': 'Kaga', 'current_pcode': 'NG008014', 'intersection_km2': 2531.804032, 'legacy_coverage_pct': 69.3413, 'screen_only': True}",0,55,0,0,[],insufficient-evidence,['physical land/island completeness and current settlement completeness remain unverified'],Pinned source role 'Local Government Areas' is independently represented as COD-AB ADM2 for these features; source role and administrative level alone do not certify tier purpose or physical extent.,"Source name/code, administration and settlement screens remain separate. No political title, full settlement population, complete land/island footprint, or region approval is inferred."
gb:NGA:ADM2:59680162B1638752109374,Yunusari,Nigeria,gb:NGA:ADM2,2022,59680162B1638752109374,Yunusari,Local Government Areas,True,774,framework:province:yobe:35ae28a01a0b,framework:province:yobe:35ae28a01a0b,"['framework:province:yobe:35ae28a01a0b', 'framework:area:nigeria:13573928575a', 'framework:region:west-tropical-africa:ba6e06497098', 'framework:subcontinent:western-africa:6280a2b17f17', 'framework:continent:africa:d14fc0b285b2']",5,['Yobe'],supported,yobe,Yobe,['Yobe'],['NG036016'],unique normalized current name/explicit alias,"[{'current_name': 'Yunusari', 'current_pcode': 'NG036016', 'current_parent': 'Yobe', 'parent_pcode': 'NG036', 'valid_on': '2019-04-17', 'area_km2': 3815.34084545, 'component_count': 1, 'WCA_point_count_by_code': 0, 'WCA_point_count_name_parent_candidate': 56, 'WCA_crosswalk_method': 'normalized ADM2+ADM1 labels; code-vintage mismatch candidate', 'WCA_points_inside_current_geometry': 56, 'WCA_same_code_points_outside_geometry': 0, 'Senegal_2017_OCHA_points_by_code': 0, 'Senegal_2017_points_inside_current_geometry': 0, 'admin_capital_records': 0}]",4,"{'current_name': 'Yunusari', 'current_pcode': 'NG036016', 'intersection_km2': 3474.735403, 'legacy_coverage_pct': 93.42922, 'screen_only': True}",0,56,0,0,[],insufficient-evidence,['physical land/island completeness and current settlement completeness remain unverified'],Pinned source role 'Local Government Areas' is independently represented as COD-AB ADM2 for these features; source role and administrative level alone do not certify tier purpose or physical extent.,"Source name/code, administration and settlement screens remain separate. No political title, full settlement population, complete land/island footprint, or region approval is inferred."
gb:NGA:ADM2:59680162B17489209533224,Jada,Nigeria,gb:NGA:ADM2,2022,59680162B17489209533224,Jada,Local Government Areas,True,774,framework:province:adamawa:6aa47652a3d5,framework:province:adamawa:6aa47652a3d5,"['framework:province:adamawa:6aa47652a3d5', 'framework:area:nigeria:13573928575a', 'framework:region:west-tropical-africa:ba6e06497098', 'framework:subcontinent:western-africa:6280a2b17f17', 'framework:continent:africa:d14fc0b285b2']",5,['Adamawa'],supported,adamawa,Adamawa,['Adamawa'],['NG002008'],unique normalized current name/explicit alias,"[{'current_name': 'Jada', 'current_pcode': 'NG002008', 'current_parent': 'Adamawa', 'parent_pcode': 'NG002', 'valid_on': '2019-04-17', 'area_km2': 2603.03560697, 'component_count': 1, 'WCA_point_count_by_code': 0, 'WCA_point_count_name_parent_candidate': 313, 'WCA_crosswalk_method': 'normalized ADM2+ADM1 labels; code-vintage mismatch candidate', 'WCA_points_inside_current_geometry': 313, 'WCA_same_code_points_outside_geometry': 0, 'Senegal_2017_OCHA_points_by_code': 0, 'Senegal_2017_points_inside_current_geometry': 0, 'admin_capital_records': 0}]",4,"{'current_name': 'Jada', 'current_pcode': 'NG002008', 'intersection_km2': 2427.595929, 'legacy_coverage_pct': 67.74853, 'screen_only': True}",0,313,0,0,[],insufficient-evidence,['physical land/island completeness and current settlement completeness remain unverified'],Pinned source role 'Local Government Areas' is independently represented as COD-AB ADM2 for these features; source role and administrative level alone do not certify tier purpose or physical extent.,"Source name/code, administration and settlement screens remain separate. No political title, full settlement population, complete land/island footprint, or region approval is inferred."
gb:NGA:ADM2:59680162B18672795330723,Askira Uba,Nigeria,gb:NGA:ADM2,2022,59680162B18672795330723,Askira Uba,Local Government Areas,True,774,framework:province:borno:c07e4cd1e5ad,framework:province:borno:c07e4cd1e5ad,"['framework:province:borno:c07e4cd1e5ad', 'framework:area:nigeria:13573928575a', 'framework:region:west-tropical-africa:ba6e06497098', 'framework:subcontinent:western-africa:6280a2b17f17', 'framework:continent:africa:d14fc0b285b2']",5,['Borno'],supported,borno,Borno,['Borno'],['NG008002'],unique normalized current name/explicit alias,"[{'current_name': 'Askira/Uba', 'current_pcode': 'NG008002', 'current_parent': 'Borno', 'parent_pcode': 'NG008', 'valid_on': '2019-04-17', 'area_km2': 2499.53612164, 'component_count': 1, 'WCA_point_count_by_code': 0, 'WCA_point_count_name_parent_candidate': 399, 'WCA_crosswalk_method': 'normalized ADM2+ADM1 labels; code-vintage mismatch candidate', 'WCA_points_inside_current_geometry': 399, 'WCA_same_code_points_outside_geometry': 0, 'Senegal_2017_OCHA_points_by_code': 0, 'Senegal_2017_points_inside_current_geometry': 0, 'admin_capital_records': 0}]",10,"{'current_name': 'Askira/Uba', 'current_pcode': 'NG008002', 'intersection_km2': 2378.455603, 'legacy_coverage_pct': 88.51136, 'screen_only': True}",0,399,0,0,[],insufficient-evidence,['physical land/island completeness and current settlement completeness remain unverified'],Pinned source role 'Local Government Areas' is independently represented as COD-AB ADM2 for these features; source role and administrative level alone do not certify tier purpose or physical extent.,"Source name/code, administration and settlement screens remain separate. No political title, full settlement population, complete land/island footprint, or region approval is inferred."
gb:NGA:ADM2:59680162B18982121994254,Wukari,Nigeria,gb:NGA:ADM2,2022,59680162B18982121994254,Wukari,Local Government Areas,True,774,framework:province:taraba:34f4cd78bd99,framework:province:taraba:34f4cd78bd99,"['framework:province:taraba:34f4cd78bd99', 'framework:area:nigeria:13573928575a', 'framework:region:west-tropical-africa:ba6e06497098', 'framework:subcontinent:western-africa:6280a2b17f17', 'framework:continent:africa:d14fc0b285b2']",5,['Taraba'],supported,taraba,Taraba,['Taraba'],['NG035014'],unique normalized current name/explicit alias,"[{'current_name': 'Wukari', 'current_pcode': 'NG035014', 'current_parent': 'Taraba', 'parent_pcode': 'NG035', 'valid_on': '2019-04-17', 'area_km2': 3936.07124121, 'component_count': 1, 'WCA_point_count_by_code': 0, 'WCA_point_count_name_parent_candidate': 71, 'WCA_crosswalk_method': 'normalized ADM2+ADM1 labels; code-vintage mismatch candidate', 'WCA_points_inside_current_geometry': 71, 'WCA_same_code_points_outside_geometry': 0, 'Senegal_2017_OCHA_points_by_code': 0, 'Senegal_2017_points_inside_current_geometry': 0, 'admin_capital_records': 0}]",8,"{'current_name': 'Wukari', 'current_pcode': 'NG035014', 'intersection_km2': 3895.359761, 'legacy_coverage_pct': 91.2638, 'screen_only': True}",0,71,0,0,[],insufficient-evidence,['physical land/island completeness and current settlement completeness remain unverified'],Pinned source role 'Local Government Areas' is independently represented as COD-AB ADM2 for these features; source role and administrative level alone do not certify tier purpose or physical extent.,"Source name/code, administration and settlement screens remain separate. No political title, full settlement population, complete land/island footprint, or region approval is inferred."
gb:NGA:ADM2:59680162B19523503473687,Auyo,Nigeria,gb:NGA:ADM2,2022,59680162B19523503473687,Auyo,Local Government Areas,True,774,framework:province:jigawa:8a28f64b5048,framework:province:jigawa:8a28f64b5048,"['framework:province:jigawa:8a28f64b5048', 'framework:area:nigeria:13573928575a', 'framework:region:west-tropical-africa:ba6e06497098', 'framework:subcontinent:western-africa:6280a2b17f17', 'framework:continent:africa:d14fc0b285b2']",5,['Jigawa'],supported,jigawa,Jigawa,['Jigawa'],['NG018001'],unique normalized current name/explicit alias,"[{'current_name': 'Auyo', 'current_pcode': 'NG018001', 'current_parent': 'Jigawa', 'parent_pcode': 'NG018', 'valid_on': '2019-04-17', 'area_km2': 424.06241667, 'component_count': 1, 'WCA_point_count_by_code': 0, 'WCA_point_count_name_parent_candidate': 25, 'WCA_crosswalk_method': 'normalized ADM2+ADM1 labels; code-vintage mismatch candidate', 'WCA_points_inside_current_geometry': 25, 'WCA_same_code_points_outside_geometry': 0, 'Senegal_2017_OCHA_points_by_code': 0, 'Senegal_2017_points_inside_current_geometry': 0, 'admin_capital_records': 0}]",8,"{'current_name': 'Auyo', 'current_pcode': 'NG018001', 'intersection_km2': 340.523277, 'legacy_coverage_pct': 88.15202, 'screen_only': True}",0,25,0,0,[],insufficient-evidence,['physical land/island completeness and current settlement completeness remain unverified'],Pinned source role 'Local Government Areas' is independently represented as COD-AB ADM2 for these features; source role and administrative level alone do not certify tier purpose or physical extent.,"Source name/code, administration and settlement screens remain separate. No political title, full settlement population, complete land/island footprint, or region approval is inferred."
gb:NGA:ADM2:59680162B20002653395444,Gumel,Nigeria,gb:NGA:ADM2,2022,59680162B20002653395444,Gumel,Local Government Areas,True,774,framework:province:jigawa:8a28f64b5048,framework:province:jigawa:8a28f64b5048,"['framework:province:jigawa:8a28f64b5048', 'framework:area:nigeria:13573928575a', 'framework:region:west-tropical-africa:ba6e06497098', 'framework:subcontinent:western-africa:6280a2b17f17', 'framework:continent:africa:d14fc0b285b2']",5,['Jigawa'],supported,jigawa,Jigawa,['Jigawa'],['NG018009'],unique normalized current name/explicit alias,"[{'current_name': 'Gumel', 'current_pcode': 'NG018009', 'current_parent': 'Jigawa', 'parent_pcode': 'NG018', 'valid_on': '2019-04-17', 'area_km2': 227.41942042, 'component_count': 1, 'WCA_point_count_by_code': 0, 'WCA_point_count_name_parent_candidate': 4, 'WCA_crosswalk_method': 'normalized ADM2+ADM1 labels; code-vintage mismatch candidate', 'WCA_points_inside_current_geometry': 4, 'WCA_same_code_points_outside_geometry': 0, 'Senegal_2017_OCHA_points_by_code': 0, 'Senegal_2017_points_inside_current_geometry': 0, 'admin_capital_records': 0}]",4,"{'current_name': 'Gumel', 'current_pcode': 'NG018009', 'intersection_km2': 212.160106, 'legacy_coverage_pct': 89.19777, 'screen_only': True}",0,4,0,0,[],insufficient-evidence,['physical land/island completeness and current settlement completeness remain unverified'],Pinned source role 'Local Government Areas' is independently represented as COD-AB ADM2 for these features; source role and administrative level alone do not certify tier purpose or physical extent.,"Source name/code, administration and settlement screens remain separate. No political title, full settlement population, complete land/island footprint, or region approval is inferred."
gb:NGA:ADM2:59680162B20020413332718,Mafa,Nigeria,gb:NGA:ADM2,2022,59680162B20020413332718,Mafa,Local Government Areas,True,774,framework:province:borno:c07e4cd1e5ad,framework:province:borno:c07e4cd1e5ad,"['framework:province:borno:c07e4cd1e5ad', 'framework:area:nigeria:13573928575a', 'framework:region:west-tropical-africa:ba6e06497098', 'framework:subcontinent:western-africa:6280a2b17f17', 'framework:continent:africa:d14fc0b285b2']",5,['Borno'],supported,borno,Borno,['Borno'],['NG008019'],unique normalized current name/explicit alias,"[{'current_name': 'Mafa', 'current_pcode': 'NG008019', 'current_parent': 'Borno', 'parent_pcode': 'NG008', 'valid_on': '2019-04-17', 'area_km2': 2853.49121834, 'component_count': 1, 'WCA_point_count_by_code': 0, 'WCA_point_count_name_parent_candidate': 40, 'WCA_crosswalk_method': 'normalized ADM2+ADM1 labels; code-vintage mismatch candidate', 'WCA_points_inside_current_geometry': 40, 'WCA_same_code_points_outside_geometry': 0, 'Senegal_2017_OCHA_points_by_code': 0, 'Senegal_2017_points_inside_current_geometry': 0, 'admin_capital_records': 0}]",7,"{'current_name': 'Mafa', 'current_pcode': 'NG008019', 'intersection_km2': 2726.493951, 'legacy_coverage_pct': 80.42978, 'screen_only': True}",0,40,0,0,[],insufficient-evidence,['physical land/island completeness and current settlement completeness remain unverified'],Pinned source role 'Local Government Areas' is independently represented as COD-AB ADM2 for these features; source role and administrative level alone do not certify tier purpose or physical extent.,"Source name/code, administration and settlement screens remain separate. No political title, full settlement population, complete land/island footprint, or region approval is inferred."
gb:NGA:ADM2:59680162B20372712773645,Oturkpo,Nigeria,gb:NGA:ADM2,2022,59680162B20372712773645,Oturkpo,Local Government Areas,True,774,framework:province:benue:bb5576291a52,framework:province:benue:bb5576291a52,"['framework:province:benue:bb5576291a52', 'framework:area:nigeria:13573928575a', 'framework:region:west-tropical-africa:ba6e06497098', 'framework:subcontinent:western-africa:6280a2b17f17', 'framework:continent:africa:d14fc0b285b2']",5,['Benue'],supported,benue,Benue,['Benue'],['NG007019'],unique normalized current name/explicit alias,"[{'current_name': 'Oturkpo', 'current_pcode': 'NG007019', 'current_parent': 'Benue', 'parent_pcode': 'NG007', 'valid_on': '2019-04-17', 'area_km2': 1363.08338133, 'component_count': 1, 'WCA_point_count_by_code': 0, 'WCA_point_count_name_parent_candidate': 122, 'WCA_crosswalk_method': 'normalized ADM2+ADM1 labels; code-vintage mismatch candidate', 'WCA_points_inside_current_geometry': 122, 'WCA_same_code_points_outside_geometry': 0, 'Senegal_2017_OCHA_points_by_code': 0, 'Senegal_2017_points_inside_current_geometry': 0, 'admin_capital_records': 0}]",7,"{'current_name': 'Oturkpo', 'current_pcode': 'NG007019', 'intersection_km2': 1124.631231, 'legacy_coverage_pct': 81.29401, 'screen_only': True}",0,122,0,0,[],insufficient-evidence,['physical land/island completeness and current settlement completeness remain unverified'],Pinned source role 'Local Government Areas' is independently represented as COD-AB ADM2 for these features; source role and administrative level alone do not certify tier purpose or physical extent.,"Source name/code, administration and settlement screens remain separate. No political title, full settlement population, complete land/island footprint, or region approval is inferred."
gb:NGA:ADM2:59680162B20780696540875,Maiduguri,Nigeria,gb:NGA:ADM2,2022,59680162B20780696540875,Maiduguri,Local Government Areas,True,774,framework:province:borno:c07e4cd1e5ad,framework:province:borno:c07e4cd1e5ad,"['framework:province:borno:c07e4cd1e5ad', 'framework:area:nigeria:13573928575a', 'framework:region:west-tropical-africa:ba6e06497098', 'framework:subcontinent:western-africa:6280a2b17f17', 'framework:continent:africa:d14fc0b285b2']",5,['Borno'],supported,borno,Borno,['Borno'],['NG008021'],unique normalized current name/explicit alias,"[{'current_name': 'Maiduguri', 'current_pcode': 'NG008021', 'current_parent': 'Borno', 'parent_pcode': 'NG008', 'valid_on': '2019-04-17', 'area_km2': 139.86577147, 'component_count': 1, 'WCA_point_count_by_code': 0, 'WCA_point_count_name_parent_candidate': 7, 'WCA_crosswalk_method': 'normalized ADM2+ADM1 labels; code-vintage mismatch candidate', 'WCA_points_inside_current_geometry': 7, 'WCA_same_code_points_outside_geometry': 0, 'Senegal_2017_OCHA_points_by_code': 0, 'Senegal_2017_points_inside_current_geometry': 0, 'admin_capital_records': 0}]",3,"{'current_name': 'Maiduguri', 'current_pcode': 'NG008021', 'intersection_km2': 100.974862, 'legacy_coverage_pct': 95.71583, 'screen_only': True}",0,7,0,0,[],insufficient-evidence,['physical land/island completeness and current settlement completeness remain unverified'],Pinned source role 'Local Government Areas' is independently represented as COD-AB ADM2 for these features; source role and administrative level alone do not certify tier purpose or physical extent.,"Source name/code, administration and settlement screens remain separate. No political title, full settlement population, complete land/island footprint, or region approval is inferred."
gb:NGA:ADM2:59680162B21673152212894,Yola North,Nigeria,gb:NGA:ADM2,2022,59680162B21673152212894,Yola North,Local Government Areas,True,774,framework:province:adamawa:6aa47652a3d5,framework:province:adamawa:6aa47652a3d5,"['framework:province:adamawa:6aa47652a3d5', 'framework:area:nigeria:13573928575a', 'framework:region:west-tropical-africa:ba6e06497098', 'framework:subcontinent:western-africa:6280a2b17f17', 'framework:continent:africa:d14fc0b285b2']",5,['Adamawa'],supported,adamawa,Adamawa,['Adamawa'],['NG002020'],unique normalized current name/explicit alias,"[{'current_name': 'Yola North', 'current_pcode': 'NG002020', 'current_parent': 'Adamawa', 'parent_pcode': 'NG002', 'valid_on': '2019-04-17', 'area_km2': 63.53436193, 'component_count': 1, 'WCA_point_count_by_code': 0, 'WCA_point_count_name_parent_candidate': 15, 'WCA_crosswalk_method': 'normalized ADM2+ADM1 labels; code-vintage mismatch candidate', 'WCA_points_inside_current_geometry': 15, 'WCA_same_code_points_outside_geometry': 0, 'Senegal_2017_OCHA_points_by_code': 0, 'Senegal_2017_points_inside_current_geometry': 0, 'admin_capital_records': 0}]",3,"{'current_name': 'Yola North', 'current_pcode': 'NG002020', 'intersection_km2': 54.693472, 'legacy_coverage_pct': 72.85635, 'screen_only': True}",0,15,0,0,[],insufficient-evidence,['physical land/island completeness and current settlement completeness remain unverified'],Pinned source role 'Local Government Areas' is independently represented as COD-AB ADM2 for these features; source role and administrative level alone do not certify tier purpose or physical extent.,"Source name/code, administration and settlement screens remain separate. No political title, full settlement population, complete land/island footprint, or region approval is inferred."
gb:NGA:ADM2:59680162B22484757822523,Mubi North,Nigeria,gb:NGA:ADM2,2022,59680162B22484757822523,Mubi North,Local Government Areas,True,774,framework:province:adamawa:6aa47652a3d5,framework:province:adamawa:6aa47652a3d5,"['framework:province:adamawa:6aa47652a3d5', 'framework:area:nigeria:13573928575a', 'framework:region:west-tropical-africa:ba6e06497098', 'framework:subcontinent:western-africa:6280a2b17f17', 'framework:continent:africa:d14fc0b285b2']",5,['Adamawa'],supported,adamawa,Adamawa,['Adamawa'],['NG002014'],unique normalized current name/explicit alias,"[{'current_name': 'Mubi North', 'current_pcode': 'NG002014', 'current_parent': 'Adamawa', 'parent_pcode': 'NG002', 'valid_on': '2019-04-17', 'area_km2': 753.43803364, 'component_count': 1, 'WCA_point_count_by_code': 0, 'WCA_point_count_name_parent_candidate': 270, 'WCA_crosswalk_method': 'normalized ADM2+ADM1 labels; code-vintage mismatch candidate', 'WCA_points_inside_current_geometry': 270, 'WCA_same_code_points_outside_geometry': 0, 'Senegal_2017_OCHA_points_by_code': 0, 'Senegal_2017_points_inside_current_geometry': 0, 'admin_capital_records': 0}]",4,"{'current_name': 'Mubi North', 'current_pcode': 'NG002014', 'intersection_km2': 713.022631, 'legacy_coverage_pct': 86.30834, 'screen_only': True}",0,270,0,0,[],insufficient-evidence,['physical land/island completeness and current settlement completeness remain unverified'],Pinned source role 'Local Government Areas' is independently represented as COD-AB ADM2 for these features; source role and administrative level alone do not certify tier purpose or physical extent.,"Source name/code, administration and settlement screens remain separate. No political title, full settlement population, complete land/island footprint, or region approval is inferred."
gb:NGA:ADM2:59680162B23952502219543,Biu,Nigeria,gb:NGA:ADM2,2022,59680162B23952502219543,Biu,Local Government Areas,True,774,framework:province:borno:c07e4cd1e5ad,framework:province:borno:c07e4cd1e5ad,"['framework:province:borno:c07e4cd1e5ad', 'framework:area:nigeria:13573928575a', 'framework:region:west-tropical-africa:ba6e06497098', 'framework:subcontinent:western-africa:6280a2b17f17', 'framework:continent:africa:d14fc0b285b2']",5,['Borno'],supported,borno,Borno,['Borno'],['NG008005'],unique normalized current name/explicit alias,"[{'current_name': 'Biu', 'current_pcode': 'NG008005', 'current_parent': 'Borno', 'parent_pcode': 'NG008', 'valid_on': '2019-04-17', 'area_km2': 3282.29751951, 'component_count': 1, 'WCA_point_count_by_code': 0, 'WCA_point_count_name_parent_candidate': 213, 'WCA_crosswalk_method': 'normalized ADM2+ADM1 labels; code-vintage mismatch candidate', 'WCA_points_inside_current_geometry': 213, 'WCA_same_code_points_outside_geometry': 0, 'Senegal_2017_OCHA_points_by_code': 0, 'Senegal_2017_points_inside_current_geometry': 0, 'admin_capital_records': 0}]",5,"{'current_name': 'Biu', 'current_pcode': 'NG008005', 'intersection_km2': 2935.996495, 'legacy_coverage_pct': 92.76904, 'screen_only': True}",0,213,0,0,[],insufficient-evidence,['physical land/island completeness and current settlement completeness remain unverified'],Pinned source role 'Local Government Areas' is independently represented as COD-AB ADM2 for these features; source role and administrative level alone do not certify tier purpose or physical extent.,"Source name/code, administration and settlement screens remain separate. No political title, full settlement population, complete land/island footprint, or region approval is inferred."
gb:NGA:ADM2:59680162B24147659958725,Yola South,Nigeria,gb:NGA:ADM2,2022,59680162B24147659958725,Yola South,Local Government Areas,True,774,framework:province:adamawa:6aa47652a3d5,framework:province:adamawa:6aa47652a3d5,"['framework:province:adamawa:6aa47652a3d5', 'framework:area:nigeria:13573928575a', 'framework:region:west-tropical-africa:ba6e06497098', 'framework:subcontinent:western-africa:6280a2b17f17', 'framework:continent:africa:d14fc0b285b2']",5,['Adamawa'],supported,adamawa,Adamawa,['Adamawa'],['NG002021'],unique normalized current name/explicit alias,"[{'current_name': 'Yola South', 'current_pcode': 'NG002021', 'current_parent': 'Adamawa', 'parent_pcode': 'NG002', 'valid_on': '2019-04-17', 'area_km2': 931.04804287, 'component_count': 1, 'WCA_point_count_by_code': 0, 'WCA_point_count_name_parent_candidate': 91, 'WCA_crosswalk_method': 'normalized ADM2+ADM1 labels; code-vintage mismatch candidate', 'WCA_points_inside_current_geometry': 91, 'WCA_same_code_points_outside_geometry': 0, 'Senegal_2017_OCHA_points_by_code': 0, 'Senegal_2017_points_inside_current_geometry': 0, 'admin_capital_records': 0}]",6,"{'current_name': 'Yola South', 'current_pcode': 'NG002021', 'intersection_km2': 784.216222, 'legacy_coverage_pct': 86.16342, 'screen_only': True}",0,91,0,0,[],insufficient-evidence,['physical land/island completeness and current settlement completeness remain unverified'],Pinned source role 'Local Government Areas' is independently represented as COD-AB ADM2 for these features; source role and administrative level alone do not certify tier purpose or physical extent.,"Source name/code, administration and settlement screens remain separate. No political title, full settlement population, complete land/island footprint, or region approval is inferred."
gb:NGA:ADM2:59680162B24167581171767,Bauchi,Nigeria,gb:NGA:ADM2,2022,59680162B24167581171767,Bauchi,Local Government Areas,True,774,framework:province:bauchi:6b44eaa0aa5b,framework:province:bauchi:6b44eaa0aa5b,"['framework:province:bauchi:6b44eaa0aa5b', 'framework:area:nigeria:13573928575a', 'framework:region:west-tropical-africa:ba6e06497098', 'framework:subcontinent:western-africa:6280a2b17f17', 'framework:continent:africa:d14fc0b285b2']",5,['Bauchi'],supported,bauchi,Bauchi,['Bauchi'],['NG005002'],unique normalized current name/explicit alias,"[{'current_name': 'Bauchi', 'current_pcode': 'NG005002', 'current_parent': 'Bauchi', 'parent_pcode': 'NG005', 'valid_on': '2019-04-17', 'area_km2': 3653.84984517, 'component_count': 1, 'WCA_point_count_by_code': 0, 'WCA_point_count_name_parent_candidate': 143, 'WCA_crosswalk_method': 'normalized ADM2+ADM1 labels; code-vintage mismatch candidate', 'WCA_points_inside_current_geometry': 143, 'WCA_same_code_points_outside_geometry': 0, 'Senegal_2017_OCHA_points_by_code': 0, 'Senegal_2017_points_inside_current_geometry': 0, 'admin_capital_records': 0}]",6,"{'current_name': 'Bauchi', 'current_pcode': 'NG005002', 'intersection_km2': 3100.936222, 'legacy_coverage_pct': 96.33587, 'screen_only': True}",0,143,0,0,[],insufficient-evidence,['physical land/island completeness and current settlement completeness remain unverified'],Pinned source role 'Local Government Areas' is independently represented as COD-AB ADM2 for these features; source role and administrative level alone do not certify tier purpose or physical extent.,"Source name/code, administration and settlement screens remain separate. No political title, full settlement population, complete land/island footprint, or region approval is inferred."
gb:NGA:ADM2:59680162B24409102010221,Maiha,Nigeria,gb:NGA:ADM2,2022,59680162B24409102010221,Maiha,Local Government Areas,True,774,framework:province:adamawa:6aa47652a3d5,framework:province:adamawa:6aa47652a3d5,"['framework:province:adamawa:6aa47652a3d5', 'framework:area:nigeria:13573928575a', 'framework:region:west-tropical-africa:ba6e06497098', 'framework:subcontinent:western-africa:6280a2b17f17', 'framework:continent:africa:d14fc0b285b2']",5,['Adamawa'],supported,adamawa,Adamawa,['Adamawa'],['NG002011'],unique normalized current name/explicit alias,"[{'current_name': 'Maiha', 'current_pcode': 'NG002011', 'current_parent': 'Adamawa', 'parent_pcode': 'NG002', 'valid_on': '2019-04-17', 'area_km2': 1356.49528639, 'component_count': 1, 'WCA_point_count_by_code': 0, 'WCA_point_count_name_parent_candidate': 177, 'WCA_crosswalk_method': 'normalized ADM2+ADM1 labels; code-vintage mismatch candidate', 'WCA_points_inside_current_geometry': 177, 'WCA_same_code_points_outside_geometry': 0, 'Senegal_2017_OCHA_points_by_code': 0, 'Senegal_2017_points_inside_current_geometry': 0, 'admin_capital_records': 0}]",5,"{'current_name': 'Maiha', 'current_pcode': 'NG002011', 'intersection_km2': 1280.657508, 'legacy_coverage_pct': 95.12174, 'screen_only': True}",0,177,0,0,[],insufficient-evidence,['physical land/island completeness and current settlement completeness remain unverified'],Pinned source role 'Local Government Areas' is independently represented as COD-AB ADM2 for these features; source role and administrative level alone do not certify tier purpose or physical extent.,"Source name/code, administration and settlement screens remain separate. No political title, full settlement population, complete land/island footprint, or region approval is inferred."
gb:NGA:ADM2:59680162B24857715869577,Logo,Nigeria,gb:NGA:ADM2,2022,59680162B24857715869577,Logo,Local Government Areas,True,774,framework:province:benue:bb5576291a52,framework:province:benue:bb5576291a52,"['framework:province:benue:bb5576291a52', 'framework:area:nigeria:13573928575a', 'framework:region:west-tropical-africa:ba6e06497098', 'framework:subcontinent:western-africa:6280a2b17f17', 'framework:continent:africa:d14fc0b285b2']",5,['Benue'],supported,benue,Benue,['Benue'],['NG007012'],unique normalized current name/explicit alias,"[{'current_name': 'Logo', 'current_pcode': 'NG007012', 'current_parent': 'Benue', 'parent_pcode': 'NG007', 'valid_on': '2019-04-17', 'area_km2': 1625.60606822, 'component_count': 1, 'WCA_point_count_by_code': 0, 'WCA_point_count_name_parent_candidate': 1, 'WCA_crosswalk_method': 'normalized ADM2+ADM1 labels; code-vintage mismatch candidate', 'WCA_points_inside_current_geometry': 1, 'WCA_same_code_points_outside_geometry': 0, 'Senegal_2017_OCHA_points_by_code': 0, 'Senegal_2017_points_inside_current_geometry': 0, 'admin_capital_records': 0}]",7,"{'current_name': 'Logo', 'current_pcode': 'NG007012', 'intersection_km2': 1282.736306, 'legacy_coverage_pct': 77.63263, 'screen_only': True}",0,1,0,0,[],insufficient-evidence,['physical land/island completeness and current settlement completeness remain unverified'],Pinned source role 'Local Government Areas' is independently represented as COD-AB ADM2 for these features; source role and administrative level alone do not certify tier purpose or physical extent.,"Source name/code, administration and settlement screens remain separate. No political title, full settlement population, complete land/island footprint, or region approval is inferred."
gb:NGA:ADM2:59680162B2505789698133,Kwande,Nigeria,gb:NGA:ADM2,2022,59680162B2505789698133,Kwande,Local Government Areas,True,774,framework:province:benue:bb5576291a52,framework:province:benue:bb5576291a52,"['framework:province:benue:bb5576291a52', 'framework:area:nigeria:13573928575a', 'framework:region:west-tropical-africa:ba6e06497098', 'framework:subcontinent:western-africa:6280a2b17f17', 'framework:continent:africa:d14fc0b285b2']",5,['Benue'],supported,benue,Benue,['Benue'],['NG007011'],unique normalized current name/explicit alias,"[{'current_name': 'Kwande', 'current_pcode': 'NG007011', 'current_parent': 'Benue', 'parent_pcode': 'NG007', 'valid_on': '2019-04-17', 'area_km2': 2351.52979613, 'component_count': 1, 'WCA_point_count_by_code': 0, 'WCA_point_count_name_parent_candidate': 161, 'WCA_crosswalk_method': 'normalized ADM2+ADM1 labels; code-vintage mismatch candidate', 'WCA_points_inside_current_geometry': 161, 'WCA_same_code_points_outside_geometry': 0, 'Senegal_2017_OCHA_points_by_code': 0, 'Senegal_2017_points_inside_current_geometry': 0, 'admin_capital_records': 0}]",6,"{'current_name': 'Kwande', 'current_pcode': 'NG007011', 'intersection_km2': 2170.768429, 'legacy_coverage_pct': 84.47359, 'screen_only': True}",0,161,0,0,[],insufficient-evidence,['physical land/island completeness and current settlement completeness remain unverified'],Pinned source role 'Local Government Areas' is independently represented as COD-AB ADM2 for these features; source role and administrative level alone do not certify tier purpose or physical extent.,"Source name/code, administration and settlement screens remain separate. No political title, full settlement population, complete land/island footprint, or region approval is inferred."
gb:NGA:ADM2:59680162B25446485561557,Gwer West,Nigeria,gb:NGA:ADM2,2022,59680162B25446485561557,Gwer West,Local Government Areas,True,774,framework:province:benue:bb5576291a52,framework:province:benue:bb5576291a52,"['framework:province:benue:bb5576291a52', 'framework:area:nigeria:13573928575a', 'framework:region:west-tropical-africa:ba6e06497098', 'framework:subcontinent:western-africa:6280a2b17f17', 'framework:continent:africa:d14fc0b285b2']",5,['Benue'],supported,benue,Benue,['Benue'],['NG007008'],unique normalized current name/explicit alias,"[{'current_name': 'Gwer West', 'current_pcode': 'NG007008', 'current_parent': 'Benue', 'parent_pcode': 'NG007', 'valid_on': '2019-04-17', 'area_km2': 1431.53695627, 'component_count': 1, 'WCA_point_count_by_code': 0, 'WCA_point_count_name_parent_candidate': 259, 'WCA_crosswalk_method': 'normalized ADM2+ADM1 labels; code-vintage mismatch candidate', 'WCA_points_inside_current_geometry': 259, 'WCA_same_code_points_outside_geometry': 0, 'Senegal_2017_OCHA_points_by_code': 0, 'Senegal_2017_points_inside_current_geometry': 0, 'admin_capital_records': 0}]",6,"{'current_name': 'Gwer West', 'current_pcode': 'NG007008', 'intersection_km2': 1160.065725, 'legacy_coverage_pct': 93.86093, 'screen_only': True}",0,259,0,0,[],insufficient-evidence,['physical land/island completeness and current settlement completeness remain unverified'],Pinned source role 'Local Government Areas' is independently represented as COD-AB ADM2 for these features; source role and administrative level alone do not certify tier purpose or physical extent.,"Source name/code, administration and settlement screens remain separate. No political title, full settlement population, complete land/island footprint, or region approval is inferred."
gb:NGA:ADM2:59680162B26282391091652,Zaki,Nigeria,gb:NGA:ADM2,2022,59680162B26282391091652,Zaki,Local Government Areas,True,774,framework:province:bauchi:6b44eaa0aa5b,framework:province:bauchi:6b44eaa0aa5b,"['framework:province:bauchi:6b44eaa0aa5b', 'framework:area:nigeria:13573928575a', 'framework:region:west-tropical-africa:ba6e06497098', 'framework:subcontinent:western-africa:6280a2b17f17', 'framework:continent:africa:d14fc0b285b2']",5,['Bauchi'],supported,bauchi,Bauchi,['Bauchi'],['NG005020'],unique normalized current name/explicit alias,"[{'current_name': 'Zaki', 'current_pcode': 'NG005020', 'current_parent': 'Bauchi', 'parent_pcode': 'NG005', 'valid_on': '2019-04-17', 'area_km2': 1902.99104659, 'component_count': 1, 'WCA_point_count_by_code': 0, 'WCA_point_count_name_parent_candidate': 44, 'WCA_crosswalk_method': 'normalized ADM2+ADM1 labels; code-vintage mismatch candidate', 'WCA_points_inside_current_geometry': 44, 'WCA_same_code_points_outside_geometry': 0, 'Senegal_2017_OCHA_points_by_code': 0, 'Senegal_2017_points_inside_current_geometry': 0, 'admin_capital_records': 0}]",8,"{'current_name': 'Zaki', 'current_pcode': 'NG005020', 'intersection_km2': 1803.131919, 'legacy_coverage_pct': 88.28793, 'screen_only': True}",0,44,0,0,[],insufficient-evidence,['physical land/island completeness and current settlement completeness remain unverified'],Pinned source role 'Local Government Areas' is independently represented as COD-AB ADM2 for these features; source role and administrative level alone do not certify tier purpose or physical extent.,"Source name/code, administration and settlement screens remain separate. No political title, full settlement population, complete land/island footprint, or region approval is inferred."
gb:NGA:ADM2:59680162B26521045145337,Numan,Nigeria,gb:NGA:ADM2,2022,59680162B26521045145337,Numan,Local Government Areas,True,774,framework:province:adamawa:6aa47652a3d5,framework:province:adamawa:6aa47652a3d5,"['framework:province:adamawa:6aa47652a3d5', 'framework:area:nigeria:13573928575a', 'framework:region:west-tropical-africa:ba6e06497098', 'framework:subcontinent:western-africa:6280a2b17f17', 'framework:continent:africa:d14fc0b285b2']",5,['Adamawa'],supported,adamawa,Adamawa,['Adamawa'],['NG002016'],unique normalized current name/explicit alias,"[{'current_name': 'Numan', 'current_pcode': 'NG002016', 'current_parent': 'Adamawa', 'parent_pcode': 'NG002', 'valid_on': '2019-04-17', 'area_km2': 834.53038746, 'component_count': 1, 'WCA_point_count_by_code': 0, 'WCA_point_count_name_parent_candidate': 25, 'WCA_crosswalk_method': 'normalized ADM2+ADM1 labels; code-vintage mismatch candidate', 'WCA_points_inside_current_geometry': 25, 'WCA_same_code_points_outside_geometry': 0, 'Senegal_2017_OCHA_points_by_code': 0, 'Senegal_2017_points_inside_current_geometry': 0, 'admin_capital_records': 0}]",4,"{'current_name': 'Numan', 'current_pcode': 'NG002016', 'intersection_km2': 664.735181, 'legacy_coverage_pct': 82.11933, 'screen_only': True}",0,25,0,0,[],insufficient-evidence,['physical land/island completeness and current settlement completeness remain unverified'],Pinned source role 'Local Government Areas' is independently represented as COD-AB ADM2 for these features; source role and administrative level alone do not certify tier purpose or physical extent.,"Source name/code, administration and settlement screens remain separate. No political title, full settlement population, complete land/island footprint, or region approval is inferred."
gb:NGA:ADM2:59680162B26576505992161,Kazaure,Nigeria,gb:NGA:ADM2,2022,59680162B26576505992161,Kazaure,Local Government Areas,True,774,framework:province:jigawa:8a28f64b5048,framework:province:jigawa:8a28f64b5048,"['framework:province:jigawa:8a28f64b5048', 'framework:area:nigeria:13573928575a', 'framework:region:west-tropical-africa:ba6e06497098', 'framework:subcontinent:western-africa:6280a2b17f17', 'framework:continent:africa:d14fc0b285b2']",5,['Jigawa'],supported,jigawa,Jigawa,['Jigawa'],['NG018017'],unique normalized current name/explicit alias,"[{'current_name': 'Kazaure', 'current_pcode': 'NG018017', 'current_parent': 'Jigawa', 'parent_pcode': 'NG018', 'valid_on': '2019-04-17', 'area_km2': 382.13903733, 'component_count': 1, 'WCA_point_count_by_code': 0, 'WCA_point_count_name_parent_candidate': 74, 'WCA_crosswalk_method': 'normalized ADM2+ADM1 labels; code-vintage mismatch candidate', 'WCA_points_inside_current_geometry': 74, 'WCA_same_code_points_outside_geometry': 0, 'Senegal_2017_OCHA_points_by_code': 0, 'Senegal_2017_points_inside_current_geometry': 0, 'admin_capital_records': 0}]",7,"{'current_name': 'Kazaure', 'current_pcode': 'NG018017', 'intersection_km2': 350.475168, 'legacy_coverage_pct': 87.45352, 'screen_only': True}",0,74,0,0,[],insufficient-evidence,['physical land/island completeness and current settlement completeness remain unverified'],Pinned source role 'Local Government Areas' is independently represented as COD-AB ADM2 for these features; source role and administrative level alone do not certify tier purpose or physical extent.,"Source name/code, administration and settlement screens remain separate. No political title, full settlement population, complete land/island footprint, or region approval is inferred."
gb:NGA:ADM2:59680162B26648923761656,Ogbadibo,Nigeria,gb:NGA:ADM2,2022,59680162B26648923761656,Ogbadibo,Local Government Areas,True,774,framework:province:benue:bb5576291a52,framework:province:benue:bb5576291a52,"['framework:province:benue:bb5576291a52', 'framework:area:nigeria:13573928575a', 'framework:region:west-tropical-africa:ba6e06497098', 'framework:subcontinent:western-africa:6280a2b17f17', 'framework:continent:africa:d14fc0b285b2']",5,['Benue'],supported,benue,Benue,['Benue'],['NG007015'],unique normalized current name/explicit alias,"[{'current_name': 'Ogbadibo', 'current_pcode': 'NG007015', 'current_parent': 'Benue', 'parent_pcode': 'NG007', 'valid_on': '2019-04-17', 'area_km2': 602.77252427, 'component_count': 1, 'WCA_point_count_by_code': 0, 'WCA_point_count_name_parent_candidate': 19, 'WCA_crosswalk_method': 'normalized ADM2+ADM1 labels; code-vintage mismatch candidate', 'WCA_points_inside_current_geometry': 19, 'WCA_same_code_points_outside_geometry': 0, 'Senegal_2017_OCHA_points_by_code': 0, 'Senegal_2017_points_inside_current_geometry': 0, 'admin_capital_records': 0}]",5,"{'current_name': 'Ogbadibo', 'current_pcode': 'NG007015', 'intersection_km2': 486.861857, 'legacy_coverage_pct': 92.30592, 'screen_only': True}",0,19,0,0,[],insufficient-evidence,['physical land/island completeness and current settlement completeness remain unverified'],Pinned source role 'Local Government Areas' is independently represented as COD-AB ADM2 for these features; source role and administrative level alone do not certify tier purpose or physical extent.,"Source name/code, administration and settlement screens remain separate. No political title, full settlement population, complete land/island footprint, or region approval is inferred."
gb:NGA:ADM2:59680162B26946733152657,Kukawa,Nigeria,gb:NGA:ADM2,2022,59680162B26946733152657,Kukawa,Local Government Areas,True,774,framework:province:borno:c07e4cd1e5ad,framework:province:borno:c07e4cd1e5ad,"['framework:province:borno:c07e4cd1e5ad', 'framework:area:nigeria:13573928575a', 'framework:region:west-tropical-africa:ba6e06497098', 'framework:subcontinent:western-africa:6280a2b17f17', 'framework:continent:africa:d14fc0b285b2']",5,['Borno'],supported,borno,Borno,['Borno'],['NG008017'],unique normalized current name/explicit alias,"[{'current_name': 'Kukawa', 'current_pcode': 'NG008017', 'current_parent': 'Borno', 'parent_pcode': 'NG008', 'valid_on': '2019-04-17', 'area_km2': 4914.65899475, 'component_count': 1, 'WCA_point_count_by_code': 0, 'WCA_point_count_name_parent_candidate': 45, 'WCA_crosswalk_method': 'normalized ADM2+ADM1 labels; code-vintage mismatch candidate', 'WCA_points_inside_current_geometry': 45, 'WCA_same_code_points_outside_geometry': 0, 'Senegal_2017_OCHA_points_by_code': 0, 'Senegal_2017_points_inside_current_geometry': 0, 'admin_capital_records': 0}]",4,"{'current_name': 'Kukawa', 'current_pcode': 'NG008017', 'intersection_km2': 4399.719136, 'legacy_coverage_pct': 90.87307, 'screen_only': True}",0,45,0,0,[],insufficient-evidence,['physical land/island completeness and current settlement completeness remain unverified'],Pinned source role 'Local Government Areas' is independently represented as COD-AB ADM2 for these features; source role and administrative level alone do not certify tier purpose or physical extent.,"Source name/code, administration and settlement screens remain separate. No political title, full settlement population, complete land/island footprint, or region approval is inferred."
gb:NGA:ADM2:59680162B27422550871896,Damboa,Nigeria,gb:NGA:ADM2,2022,59680162B27422550871896,Damboa,Local Government Areas,True,774,framework:province:borno:c07e4cd1e5ad,framework:province:borno:c07e4cd1e5ad,"['framework:province:borno:c07e4cd1e5ad', 'framework:area:nigeria:13573928575a', 'framework:region:west-tropical-africa:ba6e06497098', 'framework:subcontinent:western-africa:6280a2b17f17', 'framework:continent:africa:d14fc0b285b2']",5,['Borno'],supported,borno,Borno,['Borno'],['NG008007'],unique normalized current name/explicit alias,"[{'current_name': 'Damboa', 'current_pcode': 'NG008007', 'current_parent': 'Borno', 'parent_pcode': 'NG008', 'valid_on': '2019-04-17', 'area_km2': 5823.80543317, 'component_count': 1, 'WCA_point_count_by_code': 0, 'WCA_point_count_name_parent_candidate': 145, 'WCA_crosswalk_method': 'normalized ADM2+ADM1 labels; code-vintage mismatch candidate', 'WCA_points_inside_current_geometry': 145, 'WCA_same_code_points_outside_geometry': 0, 'Senegal_2017_OCHA_points_by_code': 0, 'Senegal_2017_points_inside_current_geometry': 0, 'admin_capital_records': 0}]",6,"{'current_name': 'Damboa', 'current_pcode': 'NG008007', 'intersection_km2': 4384.765323, 'legacy_coverage_pct': 91.35953, 'screen_only': True}",0,145,0,0,[],insufficient-evidence,['physical land/island completeness and current settlement completeness remain unverified'],Pinned source role 'Local Government Areas' is independently represented as COD-AB ADM2 for these features; source role and administrative level alone do not certify tier purpose or physical extent.,"Source name/code, administration and settlement screens remain separate. No political title, full settlement population, complete land/island footprint, or region approval is inferred."
gb:NGA:ADM2:59680162B27876975276040,Kala Balge,Nigeria,gb:NGA:ADM2,2022,59680162B27876975276040,Kala Balge,Local Government Areas,True,774,framework:province:borno:c07e4cd1e5ad,framework:province:borno:c07e4cd1e5ad,"['framework:province:borno:c07e4cd1e5ad', 'framework:area:nigeria:13573928575a', 'framework:region:west-tropical-africa:ba6e06497098', 'framework:subcontinent:western-africa:6280a2b17f17', 'framework:continent:africa:d14fc0b285b2']",5,['Borno'],supported,borno,Borno,['Borno'],['NG008015'],unique normalized current name/explicit alias,"[{'current_name': 'Kala/Balge', 'current_pcode': 'NG008015', 'current_parent': 'Borno', 'parent_pcode': 'NG008', 'valid_on': '2019-04-17', 'area_km2': 1877.90511553, 'component_count': 1, 'WCA_point_count_by_code': 0, 'WCA_point_count_name_parent_candidate': 105, 'WCA_crosswalk_method': 'normalized ADM2+ADM1 labels; code-vintage mismatch candidate', 'WCA_points_inside_current_geometry': 105, 'WCA_same_code_points_outside_geometry': 0, 'Senegal_2017_OCHA_points_by_code': 0, 'Senegal_2017_points_inside_current_geometry': 0, 'admin_capital_records': 0}]",4,"{'current_name': 'Kala/Balge', 'current_pcode': 'NG008015', 'intersection_km2': 1776.436926, 'legacy_coverage_pct': 56.16466, 'screen_only': True}",0,105,0,0,[],insufficient-evidence,['physical land/island completeness and current settlement completeness remain unverified'],Pinned source role 'Local Government Areas' is independently represented as COD-AB ADM2 for these features; source role and administrative level alone do not certify tier purpose or physical extent.,"Source name/code, administration and settlement screens remain separate. No political title, full settlement population, complete land/island footprint, or region approval is inferred."
gb:NGA:ADM2:59680162B27926848768432,Takum,Nigeria,gb:NGA:ADM2,2022,59680162B27926848768432,Takum,Local Government Areas,True,774,framework:province:taraba:34f4cd78bd99,framework:province:taraba:34f4cd78bd99,"['framework:province:taraba:34f4cd78bd99', 'framework:area:nigeria:13573928575a', 'framework:region:west-tropical-africa:ba6e06497098', 'framework:subcontinent:western-africa:6280a2b17f17', 'framework:continent:africa:d14fc0b285b2']",5,['Taraba'],supported,taraba,Taraba,['Taraba'],['NG035012'],unique normalized current name/explicit alias,"[{'current_name': 'Takum', 'current_pcode': 'NG035012', 'current_parent': 'Taraba', 'parent_pcode': 'NG035', 'valid_on': '2019-04-17', 'area_km2': 2386.48077868, 'component_count': 1, 'WCA_point_count_by_code': 0, 'WCA_point_count_name_parent_candidate': 197, 'WCA_crosswalk_method': 'normalized ADM2+ADM1 labels; code-vintage mismatch candidate', 'WCA_points_inside_current_geometry': 196, 'WCA_same_code_points_outside_geometry': 1, 'Senegal_2017_OCHA_points_by_code': 0, 'Senegal_2017_points_inside_current_geometry': 0, 'admin_capital_records': 0}]",7,"{'current_name': 'Takum', 'current_pcode': 'NG035012', 'intersection_km2': 2258.836445, 'legacy_coverage_pct': 72.90831, 'screen_only': True}",0,197,1,0,[],insufficient-evidence,['physical land/island completeness and current settlement completeness remain unverified'],Pinned source role 'Local Government Areas' is independently represented as COD-AB ADM2 for these features; source role and administrative level alone do not certify tier purpose or physical extent.,"Source name/code, administration and settlement screens remain separate. No political title, full settlement population, complete land/island footprint, or region approval is inferred."
gb:NGA:ADM2:59680162B28106531466158,Fika,Nigeria,gb:NGA:ADM2,2022,59680162B28106531466158,Fika,Local Government Areas,True,774,framework:province:yobe:35ae28a01a0b,framework:province:yobe:35ae28a01a0b,"['framework:province:yobe:35ae28a01a0b', 'framework:area:nigeria:13573928575a', 'framework:region:west-tropical-africa:ba6e06497098', 'framework:subcontinent:western-africa:6280a2b17f17', 'framework:continent:africa:d14fc0b285b2']",5,['Yobe'],supported,yobe,Yobe,['Yobe'],['NG036004'],unique normalized current name/explicit alias,"[{'current_name': 'Fika', 'current_pcode': 'NG036004', 'current_parent': 'Yobe', 'parent_pcode': 'NG036', 'valid_on': '2019-04-17', 'area_km2': 2151.52880193, 'component_count': 1, 'WCA_point_count_by_code': 0, 'WCA_point_count_name_parent_candidate': 142, 'WCA_crosswalk_method': 'normalized ADM2+ADM1 labels; code-vintage mismatch candidate', 'WCA_points_inside_current_geometry': 142, 'WCA_same_code_points_outside_geometry': 0, 'Senegal_2017_OCHA_points_by_code': 0, 'Senegal_2017_points_inside_current_geometry': 0, 'admin_capital_records': 0}]",10,"{'current_name': 'Fika', 'current_pcode': 'NG036004', 'intersection_km2': 2074.056534, 'legacy_coverage_pct': 72.71983, 'screen_only': True}",0,142,0,0,[],insufficient-evidence,['physical land/island completeness and current settlement completeness remain unverified'],Pinned source role 'Local Government Areas' is independently represented as COD-AB ADM2 for these features; source role and administrative level alone do not certify tier purpose or physical extent.,"Source name/code, administration and settlement screens remain separate. No political title, full settlement population, complete land/island footprint, or region approval is inferred."
gb:NGA:ADM2:59680162B2835516393243,Ohimini,Nigeria,gb:NGA:ADM2,2022,59680162B2835516393243,Ohimini,Local Government Areas,True,774,framework:province:benue:bb5576291a52,framework:province:benue:bb5576291a52,"['framework:province:benue:bb5576291a52', 'framework:area:nigeria:13573928575a', 'framework:region:west-tropical-africa:ba6e06497098', 'framework:subcontinent:western-africa:6280a2b17f17', 'framework:continent:africa:d14fc0b285b2']",5,['Benue'],supported,benue,Benue,['Benue'],['NG007016'],unique normalized current name/explicit alias,"[{'current_name': 'Ohimini', 'current_pcode': 'NG007016', 'current_parent': 'Benue', 'parent_pcode': 'NG007', 'valid_on': '2019-04-17', 'area_km2': 598.70944027, 'component_count': 1, 'WCA_point_count_by_code': 0, 'WCA_point_count_name_parent_candidate': 30, 'WCA_crosswalk_method': 'normalized ADM2+ADM1 labels; code-vintage mismatch candidate', 'WCA_points_inside_current_geometry': 30, 'WCA_same_code_points_outside_geometry': 0, 'Senegal_2017_OCHA_points_by_code': 0, 'Senegal_2017_points_inside_current_geometry': 0, 'admin_capital_records': 0}]",5,"{'current_name': 'Ohimini', 'current_pcode': 'NG007016', 'intersection_km2': 540.536687, 'legacy_coverage_pct': 78.83683, 'screen_only': True}",0,30,0,0,[],insufficient-evidence,['physical land/island completeness and current settlement completeness remain unverified'],Pinned source role 'Local Government Areas' is independently represented as COD-AB ADM2 for these features; source role and administrative level alone do not certify tier purpose or physical extent.,"Source name/code, administration and settlement screens remain separate. No political title, full settlement population, complete land/island footprint, or region approval is inferred."
gb:NGA:ADM2:59680162B2846194934808,Gwoza,Nigeria,gb:NGA:ADM2,2022,59680162B2846194934808,Gwoza,Local Government Areas,True,774,framework:province:borno:c07e4cd1e5ad,framework:province:borno:c07e4cd1e5ad,"['framework:province:borno:c07e4cd1e5ad', 'framework:area:nigeria:13573928575a', 'framework:region:west-tropical-africa:ba6e06497098', 'framework:subcontinent:western-africa:6280a2b17f17', 'framework:continent:africa:d14fc0b285b2']",5,['Borno'],supported,borno,Borno,['Borno'],['NG008011'],unique normalized current name/explicit alias,"[{'current_name': 'Gwoza', 'current_pcode': 'NG008011', 'current_parent': 'Borno', 'parent_pcode': 'NG008', 'valid_on': '2019-04-17', 'area_km2': 2932.51884638, 'component_count': 1, 'WCA_point_count_by_code': 0, 'WCA_point_count_name_parent_candidate': 176, 'WCA_crosswalk_method': 'normalized ADM2+ADM1 labels; code-vintage mismatch candidate', 'WCA_points_inside_current_geometry': 175, 'WCA_same_code_points_outside_geometry': 1, 'Senegal_2017_OCHA_points_by_code': 0, 'Senegal_2017_points_inside_current_geometry': 0, 'admin_capital_records': 0}]",5,"{'current_name': 'Gwoza', 'current_pcode': 'NG008011', 'intersection_km2': 2618.956097, 'legacy_coverage_pct': 73.02371, 'screen_only': True}",0,176,1,0,[],insufficient-evidence,['physical land/island completeness and current settlement completeness remain unverified'],Pinned source role 'Local Government Areas' is independently represented as COD-AB ADM2 for these features; source role and administrative level alone do not certify tier purpose or physical extent.,"Source name/code, administration and settlement screens remain separate. No political title, full settlement population, complete land/island footprint, or region approval is inferred."
gb:NGA:ADM2:59680162B29257457515537,Machina,Nigeria,gb:NGA:ADM2,2022,59680162B29257457515537,Machina,Local Government Areas,True,774,framework:province:yobe:35ae28a01a0b,framework:province:yobe:35ae28a01a0b,"['framework:province:yobe:35ae28a01a0b', 'framework:area:nigeria:13573928575a', 'framework:region:west-tropical-africa:ba6e06497098', 'framework:subcontinent:western-africa:6280a2b17f17', 'framework:continent:africa:d14fc0b285b2']",5,['Yobe'],supported,yobe,Yobe,['Yobe'],['NG036011'],unique normalized current name/explicit alias,"[{'current_name': 'Machina', 'current_pcode': 'NG036011', 'current_parent': 'Yobe', 'parent_pcode': 'NG036', 'valid_on': '2019-04-17', 'area_km2': 1279.90281608, 'component_count': 1, 'WCA_point_count_by_code': 0, 'WCA_point_count_name_parent_candidate': 25, 'WCA_crosswalk_method': 'normalized ADM2+ADM1 labels; code-vintage mismatch candidate', 'WCA_points_inside_current_geometry': 25, 'WCA_same_code_points_outside_geometry': 0, 'Senegal_2017_OCHA_points_by_code': 0, 'Senegal_2017_points_inside_current_geometry': 0, 'admin_capital_records': 0}]",4,"{'current_name': 'Machina', 'current_pcode': 'NG036011', 'intersection_km2': 1148.774056, 'legacy_coverage_pct': 84.64915, 'screen_only': True}",0,25,0,0,[],insufficient-evidence,['physical land/island completeness and current settlement completeness remain unverified'],Pinned source role 'Local Government Areas' is independently represented as COD-AB ADM2 for these features; source role and administrative level alone do not certify tier purpose or physical extent.,"Source name/code, administration and settlement screens remain separate. No political title, full settlement population, complete land/island footprint, or region approval is inferred."
gb:NGA:ADM2:59680162B2944873791560,Kwami,Nigeria,gb:NGA:ADM2,2022,59680162B2944873791560,Kwami,Local Government Areas,True,774,framework:province:gombe:a5889db98604,framework:province:gombe:a5889db98604,"['framework:province:gombe:a5889db98604', 'framework:area:nigeria:13573928575a', 'framework:region:west-tropical-africa:ba6e06497098', 'framework:subcontinent:western-africa:6280a2b17f17', 'framework:continent:africa:d14fc0b285b2']",5,['Gombe'],supported,gombe,Gombe,['Gombe'],['NG016008'],unique normalized current name/explicit alias,"[{'current_name': 'Kwami', 'current_pcode': 'NG016008', 'current_parent': 'Gombe', 'parent_pcode': 'NG016', 'valid_on': '2019-04-17', 'area_km2': 1718.48273416, 'component_count': 1, 'WCA_point_count_by_code': 0, 'WCA_point_count_name_parent_candidate': 74, 'WCA_crosswalk_method': 'normalized ADM2+ADM1 labels; code-vintage mismatch candidate', 'WCA_points_inside_current_geometry': 74, 'WCA_same_code_points_outside_geometry': 0, 'Senegal_2017_OCHA_points_by_code': 0, 'Senegal_2017_points_inside_current_geometry': 0, 'admin_capital_records': 0}]",7,"{'current_name': 'Kwami', 'current_pcode': 'NG016008', 'intersection_km2': 1672.377991, 'legacy_coverage_pct': 90.37889, 'screen_only': True}",0,74,0,0,[],insufficient-evidence,['physical land/island completeness and current settlement completeness remain unverified'],Pinned source role 'Local Government Areas' is independently represented as COD-AB ADM2 for these features; source role and administrative level alone do not certify tier purpose or physical extent.,"Source name/code, administration and settlement screens remain separate. No political title, full settlement population, complete land/island footprint, or region approval is inferred."
gb:NGA:ADM2:59680162B29995960925404,Kurmi,Nigeria,gb:NGA:ADM2,2022,59680162B29995960925404,Kurmi,Local Government Areas,True,774,framework:province:taraba:34f4cd78bd99,framework:province:taraba:34f4cd78bd99,"['framework:province:taraba:34f4cd78bd99', 'framework:area:nigeria:13573928575a', 'framework:region:west-tropical-africa:ba6e06497098', 'framework:subcontinent:western-africa:6280a2b17f17', 'framework:continent:africa:d14fc0b285b2']",5,['Taraba'],supported,taraba,Taraba,['Taraba'],['NG035009'],unique normalized current name/explicit alias,"[{'current_name': 'Kurmi', 'current_pcode': 'NG035009', 'current_parent': 'Taraba', 'parent_pcode': 'NG035', 'valid_on': '2019-04-17', 'area_km2': 4349.99105126, 'component_count': 1, 'WCA_point_count_by_code': 0, 'WCA_point_count_name_parent_candidate': 281, 'WCA_crosswalk_method': 'normalized ADM2+ADM1 labels; code-vintage mismatch candidate', 'WCA_points_inside_current_geometry': 280, 'WCA_same_code_points_outside_geometry': 1, 'Senegal_2017_OCHA_points_by_code': 0, 'Senegal_2017_points_inside_current_geometry': 0, 'admin_capital_records': 0}]",6,"{'current_name': 'Kurmi', 'current_pcode': 'NG035009', 'intersection_km2': 4324.132057, 'legacy_coverage_pct': 96.37055, 'screen_only': True}",0,281,1,0,[],insufficient-evidence,['physical land/island completeness and current settlement completeness remain unverified'],Pinned source role 'Local Government Areas' is independently represented as COD-AB ADM2 for these features; source role and administrative level alone do not certify tier purpose or physical extent.,"Source name/code, administration and settlement screens remain separate. No political title, full settlement population, complete land/island footprint, or region approval is inferred."
gb:NGA:ADM2:59680162B30227281044650,Marte,Nigeria,gb:NGA:ADM2,2022,59680162B30227281044650,Marte,Local Government Areas,True,774,framework:province:borno:c07e4cd1e5ad,framework:province:borno:c07e4cd1e5ad,"['framework:province:borno:c07e4cd1e5ad', 'framework:area:nigeria:13573928575a', 'framework:region:west-tropical-africa:ba6e06497098', 'framework:subcontinent:western-africa:6280a2b17f17', 'framework:continent:africa:d14fc0b285b2']",5,['Borno'],supported,borno,Borno,['Borno'],['NG008022'],unique normalized current name/explicit alias,"[{'current_name': 'Marte', 'current_pcode': 'NG008022', 'current_parent': 'Borno', 'parent_pcode': 'NG008', 'valid_on': '2019-04-17', 'area_km2': 2958.21541153, 'component_count': 1, 'WCA_point_count_by_code': 0, 'WCA_point_count_name_parent_candidate': 32, 'WCA_crosswalk_method': 'normalized ADM2+ADM1 labels; code-vintage mismatch candidate', 'WCA_points_inside_current_geometry': 32, 'WCA_same_code_points_outside_geometry': 0, 'Senegal_2017_OCHA_points_by_code': 0, 'Senegal_2017_points_inside_current_geometry': 0, 'admin_capital_records': 0}]",4,"{'current_name': 'Marte', 'current_pcode': 'NG008022', 'intersection_km2': 2006.204875, 'legacy_coverage_pct': 95.57505, 'screen_only': True}",0,32,0,0,[],insufficient-evidence,['physical land/island completeness and current settlement completeness remain unverified'],Pinned source role 'Local Government Areas' is independently represented as COD-AB ADM2 for these features; source role and administrative level alone do not certify tier purpose or physical extent.,"Source name/code, administration and settlement screens remain separate. No political title, full settlement population, complete land/island footprint, or region approval is inferred."
gb:NGA:ADM2:59680162B30447030328077,Gagarawa,Nigeria,gb:NGA:ADM2,2022,59680162B30447030328077,Gagarawa,Local Government Areas,True,774,framework:province:jigawa:8a28f64b5048,framework:province:jigawa:8a28f64b5048,"['framework:province:jigawa:8a28f64b5048', 'framework:area:nigeria:13573928575a', 'framework:region:west-tropical-africa:ba6e06497098', 'framework:subcontinent:western-africa:6280a2b17f17', 'framework:continent:africa:d14fc0b285b2']",5,['Jigawa'],supported,jigawa,Jigawa,['Jigawa'],['NG018007'],unique normalized current name/explicit alias,"[{'current_name': 'Gagarawa', 'current_pcode': 'NG018007', 'current_parent': 'Jigawa', 'parent_pcode': 'NG018', 'valid_on': '2019-04-17', 'area_km2': 582.81907168, 'component_count': 1, 'WCA_point_count_by_code': 0, 'WCA_point_count_name_parent_candidate': 16, 'WCA_crosswalk_method': 'normalized ADM2+ADM1 labels; code-vintage mismatch candidate', 'WCA_points_inside_current_geometry': 16, 'WCA_same_code_points_outside_geometry': 0, 'Senegal_2017_OCHA_points_by_code': 0, 'Senegal_2017_points_inside_current_geometry': 0, 'admin_capital_records': 0}]",7,"{'current_name': 'Gagarawa', 'current_pcode': 'NG018007', 'intersection_km2': 521.775208, 'legacy_coverage_pct': 91.7027, 'screen_only': True}",0,16,0,0,[],insufficient-evidence,['physical land/island completeness and current settlement completeness remain unverified'],Pinned source role 'Local Government Areas' is independently represented as COD-AB ADM2 for these features; source role and administrative level alone do not certify tier purpose or physical extent.,"Source name/code, administration and settlement screens remain separate. No political title, full settlement population, complete land/island footprint, or region approval is inferred."
gb:NGA:ADM2:59680162B30817931145163,Balanga,Nigeria,gb:NGA:ADM2,2022,59680162B30817931145163,Balanga,Local Government Areas,True,774,framework:province:gombe:a5889db98604,framework:province:gombe:a5889db98604,"['framework:province:gombe:a5889db98604', 'framework:area:nigeria:13573928575a', 'framework:region:west-tropical-africa:ba6e06497098', 'framework:subcontinent:western-africa:6280a2b17f17', 'framework:continent:africa:d14fc0b285b2']",5,['Gombe'],supported,gombe,Gombe,['Gombe'],['NG016002'],unique normalized current name/explicit alias,"[{'current_name': 'Balanga', 'current_pcode': 'NG016002', 'current_parent': 'Gombe', 'parent_pcode': 'NG016', 'valid_on': '2019-04-17', 'area_km2': 1604.07844845, 'component_count': 1, 'WCA_point_count_by_code': 0, 'WCA_point_count_name_parent_candidate': 38, 'WCA_crosswalk_method': 'normalized ADM2+ADM1 labels; code-vintage mismatch candidate', 'WCA_points_inside_current_geometry': 38, 'WCA_same_code_points_outside_geometry': 0, 'Senegal_2017_OCHA_points_by_code': 0, 'Senegal_2017_points_inside_current_geometry': 0, 'admin_capital_records': 0}]",6,"{'current_name': 'Balanga', 'current_pcode': 'NG016002', 'intersection_km2': 1458.641852, 'legacy_coverage_pct': 95.54103, 'screen_only': True}",0,38,0,0,[],insufficient-evidence,['physical land/island completeness and current settlement completeness remain unverified'],Pinned source role 'Local Government Areas' is independently represented as COD-AB ADM2 for these features; source role and administrative level alone do not certify tier purpose or physical extent.,"Source name/code, administration and settlement screens remain separate. No political title, full settlement population, complete land/island footprint, or region approval is inferred."
gb:NGA:ADM2:59680162B30906229675123,Misau,Nigeria,gb:NGA:ADM2,2022,59680162B30906229675123,Misau,Local Government Areas,True,774,framework:province:bauchi:6b44eaa0aa5b,framework:province:bauchi:6b44eaa0aa5b,"['framework:province:bauchi:6b44eaa0aa5b', 'framework:area:nigeria:13573928575a', 'framework:region:west-tropical-africa:ba6e06497098', 'framework:subcontinent:western-africa:6280a2b17f17', 'framework:continent:africa:d14fc0b285b2']",5,['Bauchi'],supported,bauchi,Bauchi,['Bauchi'],['NG005014'],unique normalized current name/explicit alias,"[{'current_name': 'Misau', 'current_pcode': 'NG005014', 'current_parent': 'Bauchi', 'parent_pcode': 'NG005', 'valid_on': '2019-04-17', 'area_km2': 997.64501169, 'component_count': 1, 'WCA_point_count_by_code': 0, 'WCA_point_count_name_parent_candidate': 61, 'WCA_crosswalk_method': 'normalized ADM2+ADM1 labels; code-vintage mismatch candidate', 'WCA_points_inside_current_geometry': 61, 'WCA_same_code_points_outside_geometry': 0, 'Senegal_2017_OCHA_points_by_code': 0, 'Senegal_2017_points_inside_current_geometry': 0, 'admin_capital_records': 0}]",6,"{'current_name': 'Misau', 'current_pcode': 'NG005014', 'intersection_km2': 922.602623, 'legacy_coverage_pct': 93.28795, 'screen_only': True}",0,61,0,0,[],insufficient-evidence,['physical land/island completeness and current settlement completeness remain unverified'],Pinned source role 'Local Government Areas' is independently represented as COD-AB ADM2 for these features; source role and administrative level alone do not certify tier purpose or physical extent.,"Source name/code, administration and settlement screens remain separate. No political title, full settlement population, complete land/island footprint, or region approval is inferred."
gb:NGA:ADM2:59680162B31064170938287,Kaugama,Nigeria,gb:NGA:ADM2,2022,59680162B31064170938287,Kaugama,Local Government Areas,True,774,framework:province:jigawa:8a28f64b5048,framework:province:jigawa:8a28f64b5048,"['framework:province:jigawa:8a28f64b5048', 'framework:area:nigeria:13573928575a', 'framework:region:west-tropical-africa:ba6e06497098', 'framework:subcontinent:western-africa:6280a2b17f17', 'framework:continent:africa:d14fc0b285b2']",5,['Jigawa'],supported,jigawa,Jigawa,['Jigawa'],['NG018016'],unique normalized current name/explicit alias,"[{'current_name': 'Kaugama', 'current_pcode': 'NG018016', 'current_parent': 'Jigawa', 'parent_pcode': 'NG018', 'valid_on': '2019-04-17', 'area_km2': 817.31756417, 'component_count': 1, 'WCA_point_count_by_code': 0, 'WCA_point_count_name_parent_candidate': 24, 'WCA_crosswalk_method': 'normalized ADM2+ADM1 labels; code-vintage mismatch candidate', 'WCA_points_inside_current_geometry': 24, 'WCA_same_code_points_outside_geometry': 0, 'Senegal_2017_OCHA_points_by_code': 0, 'Senegal_2017_points_inside_current_geometry': 0, 'admin_capital_records': 0}]",9,"{'current_name': 'Kaugama', 'current_pcode': 'NG018016', 'intersection_km2': 733.043551, 'legacy_coverage_pct': 88.34723, 'screen_only': True}",0,24,0,0,[],insufficient-evidence,['physical land/island completeness and current settlement completeness remain unverified'],Pinned source role 'Local Government Areas' is independently represented as COD-AB ADM2 for these features; source role and administrative level alone do not certify tier purpose or physical extent.,"Source name/code, administration and settlement screens remain separate. No political title, full settlement population, complete land/island footprint, or region approval is inferred."
gb:NGA:ADM2:59680162B31090464189446,Madagali,Nigeria,gb:NGA:ADM2,2022,59680162B31090464189446,Madagali,Local Government Areas,True,774,framework:province:adamawa:6aa47652a3d5,framework:province:adamawa:6aa47652a3d5,"['framework:province:adamawa:6aa47652a3d5', 'framework:area:nigeria:13573928575a', 'framework:region:west-tropical-africa:ba6e06497098', 'framework:subcontinent:western-africa:6280a2b17f17', 'framework:continent:africa:d14fc0b285b2']",5,['Adamawa'],supported,adamawa,Adamawa,['Adamawa'],['NG002010'],unique normalized current name/explicit alias,"[{'current_name': 'Madagali', 'current_pcode': 'NG002010', 'current_parent': 'Adamawa', 'parent_pcode': 'NG002', 'valid_on': '2019-04-17', 'area_km2': 830.71985738, 'component_count': 1, 'WCA_point_count_by_code': 0, 'WCA_point_count_name_parent_candidate': 179, 'WCA_crosswalk_method': 'normalized ADM2+ADM1 labels; code-vintage mismatch candidate', 'WCA_points_inside_current_geometry': 179, 'WCA_same_code_points_outside_geometry': 0, 'Senegal_2017_OCHA_points_by_code': 0, 'Senegal_2017_points_inside_current_geometry': 0, 'admin_capital_records': 0}]",5,"{'current_name': 'Madagali', 'current_pcode': 'NG002010', 'intersection_km2': 811.691662, 'legacy_coverage_pct': 84.77728, 'screen_only': True}",0,179,0,0,[],insufficient-evidence,['physical land/island completeness and current settlement completeness remain unverified'],Pinned source role 'Local Government Areas' is independently represented as COD-AB ADM2 for these features; source role and administrative level alone do not certify tier purpose or physical extent.,"Source name/code, administration and settlement screens remain separate. No political title, full settlement population, complete land/island footprint, or region approval is inferred."
gb:NGA:ADM2:59680162B31389051207927,Kafin Hausa,Nigeria,gb:NGA:ADM2,2022,59680162B31389051207927,Kafin Hausa,Local Government Areas,True,774,framework:province:jigawa:8a28f64b5048,framework:province:jigawa:8a28f64b5048,"['framework:province:jigawa:8a28f64b5048', 'framework:area:nigeria:13573928575a', 'framework:region:west-tropical-africa:ba6e06497098', 'framework:subcontinent:western-africa:6280a2b17f17', 'framework:continent:africa:d14fc0b285b2']",5,['Jigawa'],supported,jigawa,Jigawa,['Jigawa'],['NG018015'],unique normalized current name/explicit alias,"[{'current_name': 'Kafin Hausa', 'current_pcode': 'NG018015', 'current_parent': 'Jigawa', 'parent_pcode': 'NG018', 'valid_on': '2019-04-17', 'area_km2': 1371.15486089, 'component_count': 1, 'WCA_point_count_by_code': 0, 'WCA_point_count_name_parent_candidate': 26, 'WCA_crosswalk_method': 'normalized ADM2+ADM1 labels; code-vintage mismatch candidate', 'WCA_points_inside_current_geometry': 26, 'WCA_same_code_points_outside_geometry': 0, 'Senegal_2017_OCHA_points_by_code': 0, 'Senegal_2017_points_inside_current_geometry': 0, 'admin_capital_records': 0}]",7,"{'current_name': 'Kafin Hausa', 'current_pcode': 'NG018015', 'intersection_km2': 1336.396585, 'legacy_coverage_pct': 91.3476, 'screen_only': True}",0,26,0,0,[],insufficient-evidence,['physical land/island completeness and current settlement completeness remain unverified'],Pinned source role 'Local Government Areas' is independently represented as COD-AB ADM2 for these features; source role and administrative level alone do not certify tier purpose or physical extent.,"Source name/code, administration and settlement screens remain separate. No political title, full settlement population, complete land/island footprint, or region approval is inferred."
gb:NGA:ADM2:59680162B31817043180897,Shani,Nigeria,gb:NGA:ADM2,2022,59680162B31817043180897,Shani,Local Government Areas,True,774,framework:province:borno:c07e4cd1e5ad,framework:province:borno:c07e4cd1e5ad,"['framework:province:borno:c07e4cd1e5ad', 'framework:area:nigeria:13573928575a', 'framework:region:west-tropical-africa:ba6e06497098', 'framework:subcontinent:western-africa:6280a2b17f17', 'framework:continent:africa:d14fc0b285b2']",5,['Borno'],supported,borno,Borno,['Borno'],['NG008027'],unique normalized current name/explicit alias,"[{'current_name': 'Shani', 'current_pcode': 'NG008027', 'current_parent': 'Borno', 'parent_pcode': 'NG008', 'valid_on': '2019-04-17', 'area_km2': 1225.08909485, 'component_count': 1, 'WCA_point_count_by_code': 0, 'WCA_point_count_name_parent_candidate': 221, 'WCA_crosswalk_method': 'normalized ADM2+ADM1 labels; code-vintage mismatch candidate', 'WCA_points_inside_current_geometry': 221, 'WCA_same_code_points_outside_geometry': 0, 'Senegal_2017_OCHA_points_by_code': 0, 'Senegal_2017_points_inside_current_geometry': 0, 'admin_capital_records': 0}]",8,"{'current_name': 'Shani', 'current_pcode': 'NG008027', 'intersection_km2': 1025.803352, 'legacy_coverage_pct': 84.66887, 'screen_only': True}",0,221,0,0,[],insufficient-evidence,['physical land/island completeness and current settlement completeness remain unverified'],Pinned source role 'Local Government Areas' is independently represented as COD-AB ADM2 for these features; source role and administrative level alone do not certify tier purpose or physical extent.,"Source name/code, administration and settlement screens remain separate. No political title, full settlement population, complete land/island footprint, or region approval is inferred."
gb:NGA:ADM2:59680162B31936578466171,Monguno,Nigeria,gb:NGA:ADM2,2022,59680162B31936578466171,Monguno,Local Government Areas,True,774,framework:province:borno:c07e4cd1e5ad,framework:province:borno:c07e4cd1e5ad,"['framework:province:borno:c07e4cd1e5ad', 'framework:area:nigeria:13573928575a', 'framework:region:west-tropical-africa:ba6e06497098', 'framework:subcontinent:western-africa:6280a2b17f17', 'framework:continent:africa:d14fc0b285b2']",5,['Borno'],supported,borno,Borno,['Borno'],['NG008024'],unique normalized current name/explicit alias,"[{'current_name': 'Monguno', 'current_pcode': 'NG008024', 'current_parent': 'Borno', 'parent_pcode': 'NG008', 'valid_on': '2019-04-17', 'area_km2': 1892.15572864, 'component_count': 1, 'WCA_point_count_by_code': 0, 'WCA_point_count_name_parent_candidate': 28, 'WCA_crosswalk_method': 'normalized ADM2+ADM1 labels; code-vintage mismatch candidate', 'WCA_points_inside_current_geometry': 28, 'WCA_same_code_points_outside_geometry': 0, 'Senegal_2017_OCHA_points_by_code': 0, 'Senegal_2017_points_inside_current_geometry': 0, 'admin_capital_records': 0}]",6,"{'current_name': 'Monguno', 'current_pcode': 'NG008024', 'intersection_km2': 1654.092212, 'legacy_coverage_pct': 71.9384, 'screen_only': True}",0,28,0,0,[],insufficient-evidence,['physical land/island completeness and current settlement completeness remain unverified'],Pinned source role 'Local Government Areas' is independently represented as COD-AB ADM2 for these features; source role and administrative level alone do not certify tier purpose or physical extent.,"Source name/code, administration and settlement screens remain separate. No political title, full settlement population, complete land/island footprint, or region approval is inferred."
gb:NGA:ADM2:59680162B32856652540007,Chibok,Nigeria,gb:NGA:ADM2,2022,59680162B32856652540007,Chibok,Local Government Areas,True,774,framework:province:borno:c07e4cd1e5ad,framework:province:borno:c07e4cd1e5ad,"['framework:province:borno:c07e4cd1e5ad', 'framework:area:nigeria:13573928575a', 'framework:region:west-tropical-africa:ba6e06497098', 'framework:subcontinent:western-africa:6280a2b17f17', 'framework:continent:africa:d14fc0b285b2']",5,['Borno'],supported,borno,Borno,['Borno'],['NG008006'],unique normalized current name/explicit alias,"[{'current_name': 'Chibok', 'current_pcode': 'NG008006', 'current_parent': 'Borno', 'parent_pcode': 'NG008', 'valid_on': '2019-04-17', 'area_km2': 1519.50322987, 'component_count': 1, 'WCA_point_count_by_code': 0, 'WCA_point_count_name_parent_candidate': 123, 'WCA_crosswalk_method': 'normalized ADM2+ADM1 labels; code-vintage mismatch candidate', 'WCA_points_inside_current_geometry': 123, 'WCA_same_code_points_outside_geometry': 0, 'Senegal_2017_OCHA_points_by_code': 0, 'Senegal_2017_points_inside_current_geometry': 0, 'admin_capital_records': 0}]",3,"{'current_name': 'Chibok', 'current_pcode': 'NG008006', 'intersection_km2': 1191.133969, 'legacy_coverage_pct': 94.18703, 'screen_only': True}",0,123,0,0,[],insufficient-evidence,['physical land/island completeness and current settlement completeness remain unverified'],Pinned source role 'Local Government Areas' is independently represented as COD-AB ADM2 for these features; source role and administrative level alone do not certify tier purpose or physical extent.,"Source name/code, administration and settlement screens remain separate. No political title, full settlement population, complete land/island footprint, or region approval is inferred."
gb:NGA:ADM2:59680162B33775428128459,Shira,Nigeria,gb:NGA:ADM2,2022,59680162B33775428128459,Shira,Local Government Areas,True,774,framework:province:bauchi:6b44eaa0aa5b,framework:province:bauchi:6b44eaa0aa5b,"['framework:province:bauchi:6b44eaa0aa5b', 'framework:area:nigeria:13573928575a', 'framework:region:west-tropical-africa:ba6e06497098', 'framework:subcontinent:western-africa:6280a2b17f17', 'framework:continent:africa:d14fc0b285b2']",5,['Bauchi'],supported,bauchi,Bauchi,['Bauchi'],['NG005016'],unique normalized current name/explicit alias,"[{'current_name': 'Shira', 'current_pcode': 'NG005016', 'current_parent': 'Bauchi', 'parent_pcode': 'NG005', 'valid_on': '2019-04-17', 'area_km2': 1370.57162608, 'component_count': 1, 'WCA_point_count_by_code': 0, 'WCA_point_count_name_parent_candidate': 70, 'WCA_crosswalk_method': 'normalized ADM2+ADM1 labels; code-vintage mismatch candidate', 'WCA_points_inside_current_geometry': 70, 'WCA_same_code_points_outside_geometry': 0, 'Senegal_2017_OCHA_points_by_code': 0, 'Senegal_2017_points_inside_current_geometry': 0, 'admin_capital_records': 0}]",6,"{'current_name': 'Shira', 'current_pcode': 'NG005016', 'intersection_km2': 1262.511097, 'legacy_coverage_pct': 96.86158, 'screen_only': True}",0,70,0,0,[],insufficient-evidence,['physical land/island completeness and current settlement completeness remain unverified'],Pinned source role 'Local Government Areas' is independently represented as COD-AB ADM2 for these features; source role and administrative level alone do not certify tier purpose or physical extent.,"Source name/code, administration and settlement screens remain separate. No political title, full settlement population, complete land/island footprint, or region approval is inferred."
gb:NGA:ADM2:59680162B33993495702938,Jalingo,Nigeria,gb:NGA:ADM2,2022,59680162B33993495702938,Jalingo,Local Government Areas,True,774,framework:province:taraba:34f4cd78bd99,framework:province:taraba:34f4cd78bd99,"['framework:province:taraba:34f4cd78bd99', 'framework:area:nigeria:13573928575a', 'framework:region:west-tropical-africa:ba6e06497098', 'framework:subcontinent:western-africa:6280a2b17f17', 'framework:continent:africa:d14fc0b285b2']",5,['Taraba'],supported,taraba,Taraba,['Taraba'],['NG035007'],unique normalized current name/explicit alias,"[{'current_name': 'Jalingo', 'current_pcode': 'NG035007', 'current_parent': 'Taraba', 'parent_pcode': 'NG035', 'valid_on': '2019-04-17', 'area_km2': 190.41192762, 'component_count': 1, 'WCA_point_count_by_code': 0, 'WCA_point_count_name_parent_candidate': 35, 'WCA_crosswalk_method': 'normalized ADM2+ADM1 labels; code-vintage mismatch candidate', 'WCA_points_inside_current_geometry': 35, 'WCA_same_code_points_outside_geometry': 0, 'Senegal_2017_OCHA_points_by_code': 0, 'Senegal_2017_points_inside_current_geometry': 0, 'admin_capital_records': 0}]",4,"{'current_name': 'Jalingo', 'current_pcode': 'NG035007', 'intersection_km2': 123.791033, 'legacy_coverage_pct': 46.95806, 'screen_only': True}",0,35,0,0,[],insufficient-evidence,['physical land/island completeness and current settlement completeness remain unverified'],Pinned source role 'Local Government Areas' is independently represented as COD-AB ADM2 for these features; source role and administrative level alone do not certify tier purpose or physical extent.,"Source name/code, administration and settlement screens remain separate. No political title, full settlement population, complete land/island footprint, or region approval is inferred."
gb:NGA:ADM2:59680162B34366982763718,Ado,Nigeria,gb:NGA:ADM2,2022,59680162B34366982763718,Ado,Local Government Areas,True,774,framework:province:benue:bb5576291a52,framework:province:benue:bb5576291a52,"['framework:province:benue:bb5576291a52', 'framework:area:nigeria:13573928575a', 'framework:region:west-tropical-africa:ba6e06497098', 'framework:subcontinent:western-africa:6280a2b17f17', 'framework:continent:africa:d14fc0b285b2']",5,['Benue'],supported,benue,Benue,['Benue'],['NG007001'],unique normalized current name/explicit alias,"[{'current_name': 'Ado', 'current_pcode': 'NG007001', 'current_parent': 'Benue', 'parent_pcode': 'NG007', 'valid_on': '2019-04-17', 'area_km2': 1187.06260047, 'component_count': 1, 'WCA_point_count_by_code': 0, 'WCA_point_count_name_parent_candidate': 14, 'WCA_crosswalk_method': 'normalized ADM2+ADM1 labels; code-vintage mismatch candidate', 'WCA_points_inside_current_geometry': 14, 'WCA_same_code_points_outside_geometry': 0, 'Senegal_2017_OCHA_points_by_code': 0, 'Senegal_2017_points_inside_current_geometry': 0, 'admin_capital_records': 0}]",8,"{'current_name': 'Ado', 'current_pcode': 'NG007001', 'intersection_km2': 944.109258, 'legacy_coverage_pct': 95.18438, 'screen_only': True}",0,14,0,0,[],insufficient-evidence,['physical land/island completeness and current settlement completeness remain unverified'],Pinned source role 'Local Government Areas' is independently represented as COD-AB ADM2 for these features; source role and administrative level alone do not certify tier purpose or physical extent.,"Source name/code, administration and settlement screens remain separate. No political title, full settlement population, complete land/island footprint, or region approval is inferred."
gb:NGA:ADM2:59680162B35636298384814,Lau,Nigeria,gb:NGA:ADM2,2022,59680162B35636298384814,Lau,Local Government Areas,True,774,framework:province:taraba:34f4cd78bd99,framework:province:taraba:34f4cd78bd99,"['framework:province:taraba:34f4cd78bd99', 'framework:area:nigeria:13573928575a', 'framework:region:west-tropical-africa:ba6e06497098', 'framework:subcontinent:western-africa:6280a2b17f17', 'framework:continent:africa:d14fc0b285b2']",5,['Taraba'],supported,taraba,Taraba,['Taraba'],['NG035010'],unique normalized current name/explicit alias,"[{'current_name': 'Lau', 'current_pcode': 'NG035010', 'current_parent': 'Taraba', 'parent_pcode': 'NG035', 'valid_on': '2019-04-17', 'area_km2': 1657.10315271, 'component_count': 1, 'WCA_point_count_by_code': 0, 'WCA_point_count_name_parent_candidate': 49, 'WCA_crosswalk_method': 'normalized ADM2+ADM1 labels; code-vintage mismatch candidate', 'WCA_points_inside_current_geometry': 49, 'WCA_same_code_points_outside_geometry': 0, 'Senegal_2017_OCHA_points_by_code': 0, 'Senegal_2017_points_inside_current_geometry': 0, 'admin_capital_records': 0}]",8,"{'current_name': 'Lau', 'current_pcode': 'NG035010', 'intersection_km2': 1527.396249, 'legacy_coverage_pct': 99.99937, 'screen_only': True}",0,49,0,0,[],insufficient-evidence,['physical land/island completeness and current settlement completeness remain unverified'],Pinned source role 'Local Government Areas' is independently represented as COD-AB ADM2 for these features; source role and administrative level alone do not certify tier purpose or physical extent.,"Source name/code, administration and settlement screens remain separate. No political title, full settlement population, complete land/island footprint, or region approval is inferred."
gb:NGA:ADM2:59680162B36028411577107,Guzamala,Nigeria,gb:NGA:ADM2,2022,59680162B36028411577107,Guzamala,Local Government Areas,True,774,framework:province:borno:c07e4cd1e5ad,framework:province:borno:c07e4cd1e5ad,"['framework:province:borno:c07e4cd1e5ad', 'framework:area:nigeria:13573928575a', 'framework:region:west-tropical-africa:ba6e06497098', 'framework:subcontinent:western-africa:6280a2b17f17', 'framework:continent:africa:d14fc0b285b2']",5,['Borno'],supported,borno,Borno,['Borno'],['NG008010'],unique normalized current name/explicit alias,"[{'current_name': 'Guzamala', 'current_pcode': 'NG008010', 'current_parent': 'Borno', 'parent_pcode': 'NG008', 'valid_on': '2019-04-17', 'area_km2': 2515.50653685, 'component_count': 1, 'WCA_point_count_by_code': 0, 'WCA_point_count_name_parent_candidate': 25, 'WCA_crosswalk_method': 'normalized ADM2+ADM1 labels; code-vintage mismatch candidate', 'WCA_points_inside_current_geometry': 25, 'WCA_same_code_points_outside_geometry': 0, 'Senegal_2017_OCHA_points_by_code': 0, 'Senegal_2017_points_inside_current_geometry': 0, 'admin_capital_records': 0}]",7,"{'current_name': 'Guzamala', 'current_pcode': 'NG008010', 'intersection_km2': 2087.763357, 'legacy_coverage_pct': 87.983, 'screen_only': True}",0,25,0,0,[],insufficient-evidence,['physical land/island completeness and current settlement completeness remain unverified'],Pinned source role 'Local Government Areas' is independently represented as COD-AB ADM2 for these features; source role and administrative level alone do not certify tier purpose or physical extent.,"Source name/code, administration and settlement screens remain separate. No political title, full settlement population, complete land/island footprint, or region approval is inferred."
gb:NGA:ADM2:59680162B38485988708032,Nguru,Nigeria,gb:NGA:ADM2,2022,59680162B38485988708032,Nguru,Local Government Areas,True,774,framework:province:yobe:35ae28a01a0b,framework:province:yobe:35ae28a01a0b,"['framework:province:yobe:35ae28a01a0b', 'framework:area:nigeria:13573928575a', 'framework:region:west-tropical-africa:ba6e06497098', 'framework:subcontinent:western-africa:6280a2b17f17', 'framework:continent:africa:d14fc0b285b2']",5,['Yobe'],supported,yobe,Yobe,['Yobe'],['NG036013'],unique normalized current name/explicit alias,"[{'current_name': 'Nguru', 'current_pcode': 'NG036013', 'current_parent': 'Yobe', 'parent_pcode': 'NG036', 'valid_on': '2019-04-17', 'area_km2': 816.64905163, 'component_count': 1, 'WCA_point_count_by_code': 0, 'WCA_point_count_name_parent_candidate': 17, 'WCA_crosswalk_method': 'normalized ADM2+ADM1 labels; code-vintage mismatch candidate', 'WCA_points_inside_current_geometry': 17, 'WCA_same_code_points_outside_geometry': 0, 'Senegal_2017_OCHA_points_by_code': 0, 'Senegal_2017_points_inside_current_geometry': 0, 'admin_capital_records': 0}]",6,"{'current_name': 'Nguru', 'current_pcode': 'NG036013', 'intersection_km2': 653.368525, 'legacy_coverage_pct': 90.33431, 'screen_only': True}",0,17,0,0,[],insufficient-evidence,['physical land/island completeness and current settlement completeness remain unverified'],Pinned source role 'Local Government Areas' is independently represented as COD-AB ADM2 for these features; source role and administrative level alone do not certify tier purpose or physical extent.,"Source name/code, administration and settlement screens remain separate. No political title, full settlement population, complete land/island footprint, or region approval is inferred."
gb:NGA:ADM2:59680162B39799007570945,Hadejia,Nigeria,gb:NGA:ADM2,2022,59680162B39799007570945,Hadejia,Local Government Areas,True,774,framework:province:jigawa:8a28f64b5048,framework:province:jigawa:8a28f64b5048,"['framework:province:jigawa:8a28f64b5048', 'framework:area:nigeria:13573928575a', 'framework:region:west-tropical-africa:ba6e06497098', 'framework:subcontinent:western-africa:6280a2b17f17', 'framework:continent:africa:d14fc0b285b2']",5,['Jigawa'],supported,jigawa,Jigawa,['Jigawa'],['NG018013'],unique normalized current name/explicit alias,"[{'current_name': 'Hadejia', 'current_pcode': 'NG018013', 'current_parent': 'Jigawa', 'parent_pcode': 'NG018', 'valid_on': '2019-04-17', 'area_km2': 32.23341845, 'component_count': 1, 'WCA_point_count_by_code': 0, 'WCA_point_count_name_parent_candidate': 1, 'WCA_crosswalk_method': 'normalized ADM2+ADM1 labels; code-vintage mismatch candidate', 'WCA_points_inside_current_geometry': 1, 'WCA_same_code_points_outside_geometry': 0, 'Senegal_2017_OCHA_points_by_code': 0, 'Senegal_2017_points_inside_current_geometry': 0, 'admin_capital_records': 0}]",4,"{'current_name': 'Hadejia', 'current_pcode': 'NG018013', 'intersection_km2': 20.22377, 'legacy_coverage_pct': 74.71487, 'screen_only': True}",0,1,0,0,[],insufficient-evidence,['physical land/island completeness and current settlement completeness remain unverified'],Pinned source role 'Local Government Areas' is independently represented as COD-AB ADM2 for these features; source role and administrative level alone do not certify tier purpose or physical extent.,"Source name/code, administration and settlement screens remain separate. No political title, full settlement population, complete land/island footprint, or region approval is inferred."
gb:NGA:ADM2:59680162B40051654285197,Yorro,Nigeria,gb:NGA:ADM2,2022,59680162B40051654285197,Yorro,Local Government Areas,True,774,framework:province:taraba:34f4cd78bd99,framework:province:taraba:34f4cd78bd99,"['framework:province:taraba:34f4cd78bd99', 'framework:area:nigeria:13573928575a', 'framework:region:west-tropical-africa:ba6e06497098', 'framework:subcontinent:western-africa:6280a2b17f17', 'framework:continent:africa:d14fc0b285b2']",5,['Taraba'],supported,taraba,Taraba,['Taraba'],['NG035015'],unique normalized current name/explicit alias,"[{'current_name': 'Yorro', 'current_pcode': 'NG035015', 'current_parent': 'Taraba', 'parent_pcode': 'NG035', 'valid_on': '2019-04-17', 'area_km2': 1272.59947926, 'component_count': 1, 'WCA_point_count_by_code': 0, 'WCA_point_count_name_parent_candidate': 103, 'WCA_crosswalk_method': 'normalized ADM2+ADM1 labels; code-vintage mismatch candidate', 'WCA_points_inside_current_geometry': 103, 'WCA_same_code_points_outside_geometry': 0, 'Senegal_2017_OCHA_points_by_code': 0, 'Senegal_2017_points_inside_current_geometry': 0, 'admin_capital_records': 0}]",7,"{'current_name': 'Yorro', 'current_pcode': 'NG035015', 'intersection_km2': 1170.729863, 'legacy_coverage_pct': 99.45753, 'screen_only': True}",0,103,0,0,[],insufficient-evidence,['physical land/island completeness and current settlement completeness remain unverified'],Pinned source role 'Local Government Areas' is independently represented as COD-AB ADM2 for these features; source role and administrative level alone do not certify tier purpose or physical extent.,"Source name/code, administration and settlement screens remain separate. No political title, full settlement population, complete land/island footprint, or region approval is inferred."
gb:NGA:ADM2:59680162B40329870656537,Jakusko,Nigeria,gb:NGA:ADM2,2022,59680162B40329870656537,Jakusko,Local Government Areas,True,774,framework:province:yobe:35ae28a01a0b,framework:province:yobe:35ae28a01a0b,"['framework:province:yobe:35ae28a01a0b', 'framework:area:nigeria:13573928575a', 'framework:region:west-tropical-africa:ba6e06497098', 'framework:subcontinent:western-africa:6280a2b17f17', 'framework:continent:africa:d14fc0b285b2']",5,['Yobe'],supported,yobe,Yobe,['Yobe'],['NG036009'],unique normalized current name/explicit alias,"[{'current_name': 'Jakusko', 'current_pcode': 'NG036009', 'current_parent': 'Yobe', 'parent_pcode': 'NG036', 'valid_on': '2019-04-17', 'area_km2': 3529.61777858, 'component_count': 1, 'WCA_point_count_by_code': 0, 'WCA_point_count_name_parent_candidate': 42, 'WCA_crosswalk_method': 'normalized ADM2+ADM1 labels; code-vintage mismatch candidate', 'WCA_points_inside_current_geometry': 42, 'WCA_same_code_points_outside_geometry': 0, 'Senegal_2017_OCHA_points_by_code': 0, 'Senegal_2017_points_inside_current_geometry': 0, 'admin_capital_records': 0}]",7,"{'current_name': 'Jakusko', 'current_pcode': 'NG036009', 'intersection_km2': 3239.374891, 'legacy_coverage_pct': 95.42922, 'screen_only': True}",0,42,0,0,[],insufficient-evidence,['physical land/island completeness and current settlement completeness remain unverified'],Pinned source role 'Local Government Areas' is independently represented as COD-AB ADM2 for these features; source role and administrative level alone do not certify tier purpose or physical extent.,"Source name/code, administration and settlement screens remain separate. No political title, full settlement population, complete land/island footprint, or region approval is inferred."
gb:NGA:ADM2:59680162B41078826165134,Kiri Kasama,Nigeria,gb:NGA:ADM2,2022,59680162B41078826165134,Kiri Kasama,Local Government Areas,True,774,framework:province:jigawa:8a28f64b5048,framework:province:jigawa:8a28f64b5048,"['framework:province:jigawa:8a28f64b5048', 'framework:area:nigeria:13573928575a', 'framework:region:west-tropical-africa:ba6e06497098', 'framework:subcontinent:western-africa:6280a2b17f17', 'framework:continent:africa:d14fc0b285b2']",5,['Jigawa'],supported,jigawa,Jigawa,['Jigawa'],['NG018018'],unique normalized current name/explicit alias,"[{'current_name': 'Kiri Kasamma', 'current_pcode': 'NG018018', 'current_parent': 'Jigawa', 'parent_pcode': 'NG018', 'valid_on': '2019-04-17', 'area_km2': 829.83639968, 'component_count': 1, 'WCA_point_count_by_code': 0, 'WCA_point_count_name_parent_candidate': 11, 'WCA_crosswalk_method': 'normalized ADM2+ADM1 labels; code-vintage mismatch candidate', 'WCA_points_inside_current_geometry': 11, 'WCA_same_code_points_outside_geometry': 0, 'Senegal_2017_OCHA_points_by_code': 0, 'Senegal_2017_points_inside_current_geometry': 0, 'admin_capital_records': 0}]",7,"{'current_name': 'Kiri Kasamma', 'current_pcode': 'NG018018', 'intersection_km2': 752.963063, 'legacy_coverage_pct': 93.21184, 'screen_only': True}",0,11,0,0,[],insufficient-evidence,['physical land/island completeness and current settlement completeness remain unverified'],Pinned source role 'Local Government Areas' is independently represented as COD-AB ADM2 for these features; source role and administrative level alone do not certify tier purpose or physical extent.,"Source name/code, administration and settlement screens remain separate. No political title, full settlement population, complete land/island footprint, or region approval is inferred."
gb:NGA:ADM2:59680162B41297071563530,Bayo,Nigeria,gb:NGA:ADM2,2022,59680162B41297071563530,Bayo,Local Government Areas,True,774,framework:province:borno:c07e4cd1e5ad,framework:province:borno:c07e4cd1e5ad,"['framework:province:borno:c07e4cd1e5ad', 'framework:area:nigeria:13573928575a', 'framework:region:west-tropical-africa:ba6e06497098', 'framework:subcontinent:western-africa:6280a2b17f17', 'framework:continent:africa:d14fc0b285b2']",5,['Borno'],supported,borno,Borno,['Borno'],['NG008004'],unique normalized current name/explicit alias,"[{'current_name': 'Bayo', 'current_pcode': 'NG008004', 'current_parent': 'Borno', 'parent_pcode': 'NG008', 'valid_on': '2019-04-17', 'area_km2': 946.85578936, 'component_count': 1, 'WCA_point_count_by_code': 0, 'WCA_point_count_name_parent_candidate': 51, 'WCA_crosswalk_method': 'normalized ADM2+ADM1 labels; code-vintage mismatch candidate', 'WCA_points_inside_current_geometry': 51, 'WCA_same_code_points_outside_geometry': 0, 'Senegal_2017_OCHA_points_by_code': 0, 'Senegal_2017_points_inside_current_geometry': 0, 'admin_capital_records': 0}]",6,"{'current_name': 'Bayo', 'current_pcode': 'NG008004', 'intersection_km2': 846.036372, 'legacy_coverage_pct': 80.82062, 'screen_only': True}",0,51,0,0,[],insufficient-evidence,['physical land/island completeness and current settlement completeness remain unverified'],Pinned source role 'Local Government Areas' is independently represented as COD-AB ADM2 for these features; source role and administrative level alone do not certify tier purpose or physical extent.,"Source name/code, administration and settlement screens remain separate. No political title, full settlement population, complete land/island footprint, or region approval is inferred."
gb:NGA:ADM2:59680162B41357004175190,Bama,Nigeria,gb:NGA:ADM2,2022,59680162B41357004175190,Bama,Local Government Areas,True,774,framework:province:borno:c07e4cd1e5ad,framework:province:borno:c07e4cd1e5ad,"['framework:province:borno:c07e4cd1e5ad', 'framework:area:nigeria:13573928575a', 'framework:region:west-tropical-africa:ba6e06497098', 'framework:subcontinent:western-africa:6280a2b17f17', 'framework:continent:africa:d14fc0b285b2']",5,['Borno'],supported,borno,Borno,['Borno'],['NG008003'],unique normalized current name/explicit alias,"[{'current_name': 'Bama', 'current_pcode': 'NG008003', 'current_parent': 'Borno', 'parent_pcode': 'NG008', 'valid_on': '2019-04-17', 'area_km2': 5017.65311567, 'component_count': 1, 'WCA_point_count_by_code': 0, 'WCA_point_count_name_parent_candidate': 363, 'WCA_crosswalk_method': 'normalized ADM2+ADM1 labels; code-vintage mismatch candidate', 'WCA_points_inside_current_geometry': 363, 'WCA_same_code_points_outside_geometry': 0, 'Senegal_2017_OCHA_points_by_code': 0, 'Senegal_2017_points_inside_current_geometry': 0, 'admin_capital_records': 0}]",4,"{'current_name': 'Bama', 'current_pcode': 'NG008003', 'intersection_km2': 3550.915638, 'legacy_coverage_pct': 91.00082, 'screen_only': True}",0,363,0,0,[],insufficient-evidence,['physical land/island completeness and current settlement completeness remain unverified'],Pinned source role 'Local Government Areas' is independently represented as COD-AB ADM2 for these features; source role and administrative level alone do not certify tier purpose or physical extent.,"Source name/code, administration and settlement screens remain separate. No political title, full settlement population, complete land/island footprint, or region approval is inferred."
gb:NGA:ADM2:59680162B41420170912929,Ganye,Nigeria,gb:NGA:ADM2,2022,59680162B41420170912929,Ganye,Local Government Areas,True,774,framework:province:adamawa:6aa47652a3d5,framework:province:adamawa:6aa47652a3d5,"['framework:province:adamawa:6aa47652a3d5', 'framework:area:nigeria:13573928575a', 'framework:region:west-tropical-africa:ba6e06497098', 'framework:subcontinent:western-africa:6280a2b17f17', 'framework:continent:africa:d14fc0b285b2']",5,['Adamawa'],supported,adamawa,Adamawa,['Adamawa'],['NG002003'],unique normalized current name/explicit alias,"[{'current_name': 'Ganye', 'current_pcode': 'NG002003', 'current_parent': 'Adamawa', 'parent_pcode': 'NG002', 'valid_on': '2019-04-17', 'area_km2': 2094.7955223, 'component_count': 1, 'WCA_point_count_by_code': 0, 'WCA_point_count_name_parent_candidate': 186, 'WCA_crosswalk_method': 'normalized ADM2+ADM1 labels; code-vintage mismatch candidate', 'WCA_points_inside_current_geometry': 186, 'WCA_same_code_points_outside_geometry': 0, 'Senegal_2017_OCHA_points_by_code': 0, 'Senegal_2017_points_inside_current_geometry': 0, 'admin_capital_records': 0}]",5,"{'current_name': 'Ganye', 'current_pcode': 'NG002003', 'intersection_km2': 1962.967909, 'legacy_coverage_pct': 93.68784, 'screen_only': True}",0,186,0,0,[],insufficient-evidence,['physical land/island completeness and current settlement completeness remain unverified'],Pinned source role 'Local Government Areas' is independently represented as COD-AB ADM2 for these features; source role and administrative level alone do not certify tier purpose or physical extent.,"Source name/code, administration and settlement screens remain separate. No political title, full settlement population, complete land/island footprint, or region approval is inferred."
gb:NGA:ADM2:59680162B41504820717654,Roni,Nigeria,gb:NGA:ADM2,2022,59680162B41504820717654,Roni,Local Government Areas,True,774,framework:province:jigawa:8a28f64b5048,framework:province:jigawa:8a28f64b5048,"['framework:province:jigawa:8a28f64b5048', 'framework:area:nigeria:13573928575a', 'framework:region:west-tropical-africa:ba6e06497098', 'framework:subcontinent:western-africa:6280a2b17f17', 'framework:continent:africa:d14fc0b285b2']",5,['Jigawa'],supported,jigawa,Jigawa,['Jigawa'],['NG018024'],unique normalized current name/explicit alias,"[{'current_name': 'Roni', 'current_pcode': 'NG018024', 'current_parent': 'Jigawa', 'parent_pcode': 'NG018', 'valid_on': '2019-04-17', 'area_km2': 304.18843601, 'component_count': 1, 'WCA_point_count_by_code': 0, 'WCA_point_count_name_parent_candidate': 34, 'WCA_crosswalk_method': 'normalized ADM2+ADM1 labels; code-vintage mismatch candidate', 'WCA_points_inside_current_geometry': 34, 'WCA_same_code_points_outside_geometry': 0, 'Senegal_2017_OCHA_points_by_code': 0, 'Senegal_2017_points_inside_current_geometry': 0, 'admin_capital_records': 0}]",6,"{'current_name': 'Roni', 'current_pcode': 'NG018024', 'intersection_km2': 264.835889, 'legacy_coverage_pct': 80.40621, 'screen_only': True}",0,34,0,0,[],insufficient-evidence,['physical land/island completeness and current settlement completeness remain unverified'],Pinned source role 'Local Government Areas' is independently represented as COD-AB ADM2 for these features; source role and administrative level alone do not certify tier purpose or physical extent.,"Source name/code, administration and settlement screens remain separate. No political title, full settlement population, complete land/island footprint, or region approval is inferred."
gb:NGA:ADM2:59680162B43215766185997,Kaltungo,Nigeria,gb:NGA:ADM2,2022,59680162B43215766185997,Kaltungo,Local Government Areas,True,774,framework:province:gombe:a5889db98604,framework:province:gombe:a5889db98604,"['framework:province:gombe:a5889db98604', 'framework:area:nigeria:13573928575a', 'framework:region:west-tropical-africa:ba6e06497098', 'framework:subcontinent:western-africa:6280a2b17f17', 'framework:continent:africa:d14fc0b285b2']",5,['Gombe'],supported,gombe,Gombe,['Gombe'],['NG016007'],unique normalized current name/explicit alias,"[{'current_name': 'Kaltungo', 'current_pcode': 'NG016007', 'current_parent': 'Gombe', 'parent_pcode': 'NG016', 'valid_on': '2019-04-17', 'area_km2': 1153.14285229, 'component_count': 1, 'WCA_point_count_by_code': 0, 'WCA_point_count_name_parent_candidate': 37, 'WCA_crosswalk_method': 'normalized ADM2+ADM1 labels; code-vintage mismatch candidate', 'WCA_points_inside_current_geometry': 37, 'WCA_same_code_points_outside_geometry': 0, 'Senegal_2017_OCHA_points_by_code': 0, 'Senegal_2017_points_inside_current_geometry': 0, 'admin_capital_records': 0}]",5,"{'current_name': 'Kaltungo', 'current_pcode': 'NG016007', 'intersection_km2': 983.825232, 'legacy_coverage_pct': 98.46475, 'screen_only': True}",0,37,0,0,[],insufficient-evidence,['physical land/island completeness and current settlement completeness remain unverified'],Pinned source role 'Local Government Areas' is independently represented as COD-AB ADM2 for these features; source role and administrative level alone do not certify tier purpose or physical extent.,"Source name/code, administration and settlement screens remain separate. No political title, full settlement population, complete land/island footprint, or region approval is inferred."
gb:NGA:ADM2:59680162B43366957039329,Gwaram,Nigeria,gb:NGA:ADM2,2022,59680162B43366957039329,Gwaram,Local Government Areas,True,774,framework:province:jigawa:8a28f64b5048,framework:province:jigawa:8a28f64b5048,"['framework:province:jigawa:8a28f64b5048', 'framework:area:nigeria:13573928575a', 'framework:region:west-tropical-africa:ba6e06497098', 'framework:subcontinent:western-africa:6280a2b17f17', 'framework:continent:africa:d14fc0b285b2']",5,['Jigawa'],supported,jigawa,Jigawa,['Jigawa'],['NG018011'],unique normalized current name/explicit alias,"[{'current_name': 'Gwaram', 'current_pcode': 'NG018011', 'current_parent': 'Jigawa', 'parent_pcode': 'NG018', 'valid_on': '2019-04-17', 'area_km2': 1858.61748807, 'component_count': 1, 'WCA_point_count_by_code': 0, 'WCA_point_count_name_parent_candidate': 68, 'WCA_crosswalk_method': 'normalized ADM2+ADM1 labels; code-vintage mismatch candidate', 'WCA_points_inside_current_geometry': 68, 'WCA_same_code_points_outside_geometry': 0, 'Senegal_2017_OCHA_points_by_code': 0, 'Senegal_2017_points_inside_current_geometry': 0, 'admin_capital_records': 0}]",9,"{'current_name': 'Gwaram', 'current_pcode': 'NG018011', 'intersection_km2': 1776.497582, 'legacy_coverage_pct': 93.90548, 'screen_only': True}",0,68,0,0,[],insufficient-evidence,['physical land/island completeness and current settlement completeness remain unverified'],Pinned source role 'Local Government Areas' is independently represented as COD-AB ADM2 for these features; source role and administrative level alone do not certify tier purpose or physical extent.,"Source name/code, administration and settlement screens remain separate. No political title, full settlement population, complete land/island footprint, or region approval is inferred."
gb:NGA:ADM2:59680162B43497988326934,Kwaya Kusar,Nigeria,gb:NGA:ADM2,2022,59680162B43497988326934,Kwaya Kusar,Local Government Areas,True,774,framework:province:borno:c07e4cd1e5ad,framework:province:borno:c07e4cd1e5ad,"['framework:province:borno:c07e4cd1e5ad', 'framework:area:nigeria:13573928575a', 'framework:region:west-tropical-africa:ba6e06497098', 'framework:subcontinent:western-africa:6280a2b17f17', 'framework:continent:africa:d14fc0b285b2']",5,['Borno'],supported,borno,Borno,['Borno'],['NG008018'],unique normalized current name/explicit alias,"[{'current_name': 'Kwaya Kusar', 'current_pcode': 'NG008018', 'current_parent': 'Borno', 'parent_pcode': 'NG008', 'valid_on': '2019-04-17', 'area_km2': 747.32071413, 'component_count': 1, 'WCA_point_count_by_code': 0, 'WCA_point_count_name_parent_candidate': 80, 'WCA_crosswalk_method': 'normalized ADM2+ADM1 labels; code-vintage mismatch candidate', 'WCA_points_inside_current_geometry': 80, 'WCA_same_code_points_outside_geometry': 0, 'Senegal_2017_OCHA_points_by_code': 0, 'Senegal_2017_points_inside_current_geometry': 0, 'admin_capital_records': 0}]",5,"{'current_name': 'Kwaya Kusar', 'current_pcode': 'NG008018', 'intersection_km2': 649.784499, 'legacy_coverage_pct': 81.71641, 'screen_only': True}",0,80,0,0,[],insufficient-evidence,['physical land/island completeness and current settlement completeness remain unverified'],Pinned source role 'Local Government Areas' is independently represented as COD-AB ADM2 for these features; source role and administrative level alone do not certify tier purpose or physical extent.,"Source name/code, administration and settlement screens remain separate. No political title, full settlement population, complete land/island footprint, or region approval is inferred."
gb:NGA:ADM2:59680162B43637132059207,Gamawa,Nigeria,gb:NGA:ADM2,2022,59680162B43637132059207,Gamawa,Local Government Areas,True,774,framework:province:bauchi:6b44eaa0aa5b,framework:province:bauchi:6b44eaa0aa5b,"['framework:province:bauchi:6b44eaa0aa5b', 'framework:area:nigeria:13573928575a', 'framework:region:west-tropical-africa:ba6e06497098', 'framework:subcontinent:western-africa:6280a2b17f17', 'framework:continent:africa:d14fc0b285b2']",5,['Bauchi'],supported,bauchi,Bauchi,['Bauchi'],['NG005007'],unique normalized current name/explicit alias,"[{'current_name': 'Gamawa', 'current_pcode': 'NG005007', 'current_parent': 'Bauchi', 'parent_pcode': 'NG005', 'valid_on': '2019-04-17', 'area_km2': 2936.53778074, 'component_count': 1, 'WCA_point_count_by_code': 0, 'WCA_point_count_name_parent_candidate': 50, 'WCA_crosswalk_method': 'normalized ADM2+ADM1 labels; code-vintage mismatch candidate', 'WCA_points_inside_current_geometry': 50, 'WCA_same_code_points_outside_geometry': 0, 'Senegal_2017_OCHA_points_by_code': 0, 'Senegal_2017_points_inside_current_geometry': 0, 'admin_capital_records': 0}]",7,"{'current_name': 'Gamawa', 'current_pcode': 'NG005007', 'intersection_km2': 2757.541671, 'legacy_coverage_pct': 96.5033, 'screen_only': True}",0,50,0,0,[],insufficient-evidence,['physical land/island completeness and current settlement completeness remain unverified'],Pinned source role 'Local Government Areas' is independently represented as COD-AB ADM2 for these features; source role and administrative level alone do not certify tier purpose or physical extent.,"Source name/code, administration and settlement screens remain separate. No political title, full settlement population, complete land/island footprint, or region approval is inferred."
gb:NGA:ADM2:59680162B43697273286299,Langtang North,Nigeria,gb:NGA:ADM2,2022,59680162B43697273286299,Langtang North,Local Government Areas,True,774,framework:province:plateau:14e62370a737,framework:province:plateau:14e62370a737,"['framework:province:plateau:14e62370a737', 'framework:area:nigeria:13573928575a', 'framework:region:west-tropical-africa:ba6e06497098', 'framework:subcontinent:western-africa:6280a2b17f17', 'framework:continent:africa:d14fc0b285b2']",5,['Plateau'],supported,plateau,Plateau,['Plateau'],['NG032009'],unique normalized current name/explicit alias,"[{'current_name': 'Langtang North', 'current_pcode': 'NG032009', 'current_parent': 'Plateau', 'parent_pcode': 'NG032', 'valid_on': '2019-04-17', 'area_km2': 782.42478457, 'component_count': 1, 'WCA_point_count_by_code': 0, 'WCA_point_count_name_parent_candidate': 10, 'WCA_crosswalk_method': 'normalized ADM2+ADM1 labels; code-vintage mismatch candidate', 'WCA_points_inside_current_geometry': 10, 'WCA_same_code_points_outside_geometry': 0, 'Senegal_2017_OCHA_points_by_code': 0, 'Senegal_2017_points_inside_current_geometry': 0, 'admin_capital_records': 0}]",8,"{'current_name': 'Langtang North', 'current_pcode': 'NG032009', 'intersection_km2': 725.116464, 'legacy_coverage_pct': 90.68558, 'screen_only': True}",0,10,0,0,[],insufficient-evidence,['physical land/island completeness and current settlement completeness remain unverified'],Pinned source role 'Local Government Areas' is independently represented as COD-AB ADM2 for these features; source role and administrative level alone do not certify tier purpose or physical extent.,"Source name/code, administration and settlement screens remain separate. No political title, full settlement population, complete land/island footprint, or region approval is inferred."
gb:NGA:ADM2:59680162B44120553871969,Sule Tankarkar,Nigeria,gb:NGA:ADM2,2022,59680162B44120553871969,Sule Tankarkar,Local Government Areas,True,774,framework:province:jigawa:8a28f64b5048,framework:province:jigawa:8a28f64b5048,"['framework:province:jigawa:8a28f64b5048', 'framework:area:nigeria:13573928575a', 'framework:region:west-tropical-africa:ba6e06497098', 'framework:subcontinent:western-africa:6280a2b17f17', 'framework:continent:africa:d14fc0b285b2']",5,['Jigawa'],supported,jigawa,Jigawa,['Jigawa'],['NG018025'],unique normalized current name/explicit alias,"[{'current_name': 'Sule-Tankarkar', 'current_pcode': 'NG018025', 'current_parent': 'Jigawa', 'parent_pcode': 'NG018', 'valid_on': '2019-04-17', 'area_km2': 1232.60622823, 'component_count': 1, 'WCA_point_count_by_code': 0, 'WCA_point_count_name_parent_candidate': 32, 'WCA_crosswalk_method': 'normalized ADM2+ADM1 labels; code-vintage mismatch candidate', 'WCA_points_inside_current_geometry': 32, 'WCA_same_code_points_outside_geometry': 0, 'Senegal_2017_OCHA_points_by_code': 0, 'Senegal_2017_points_inside_current_geometry': 0, 'admin_capital_records': 0}]",7,"{'current_name': 'Sule-Tankarkar', 'current_pcode': 'NG018025', 'intersection_km2': 1175.784638, 'legacy_coverage_pct': 92.69551, 'screen_only': True}",0,32,0,0,[],insufficient-evidence,['physical land/island completeness and current settlement completeness remain unverified'],Pinned source role 'Local Government Areas' is independently represented as COD-AB ADM2 for these features; source role and administrative level alone do not certify tier purpose or physical extent.,"Source name/code, administration and settlement screens remain separate. No political title, full settlement population, complete land/island footprint, or region approval is inferred."
gb:NGA:ADM2:59680162B44758551949173,Katagum,Nigeria,gb:NGA:ADM2,2022,59680162B44758551949173,Katagum,Local Government Areas,True,774,framework:province:bauchi:6b44eaa0aa5b,framework:province:bauchi:6b44eaa0aa5b,"['framework:province:bauchi:6b44eaa0aa5b', 'framework:area:nigeria:13573928575a', 'framework:region:west-tropical-africa:ba6e06497098', 'framework:subcontinent:western-africa:6280a2b17f17', 'framework:continent:africa:d14fc0b285b2']",5,['Bauchi'],supported,bauchi,Bauchi,['Bauchi'],['NG005012'],unique normalized current name/explicit alias,"[{'current_name': 'Katagum', 'current_pcode': 'NG005012', 'current_parent': 'Bauchi', 'parent_pcode': 'NG005', 'valid_on': '2019-04-17', 'area_km2': 1326.8171197, 'component_count': 1, 'WCA_point_count_by_code': 0, 'WCA_point_count_name_parent_candidate': 20, 'WCA_crosswalk_method': 'normalized ADM2+ADM1 labels; code-vintage mismatch candidate', 'WCA_points_inside_current_geometry': 20, 'WCA_same_code_points_outside_geometry': 0, 'Senegal_2017_OCHA_points_by_code': 0, 'Senegal_2017_points_inside_current_geometry': 0, 'admin_capital_records': 0}]",8,"{'current_name': 'Katagum', 'current_pcode': 'NG005012', 'intersection_km2': 1222.535241, 'legacy_coverage_pct': 87.61663, 'screen_only': True}",0,20,0,0,[],insufficient-evidence,['physical land/island completeness and current settlement completeness remain unverified'],Pinned source role 'Local Government Areas' is independently represented as COD-AB ADM2 for these features; source role and administrative level alone do not certify tier purpose or physical extent.,"Source name/code, administration and settlement screens remain separate. No political title, full settlement population, complete land/island footprint, or region approval is inferred."
gb:NGA:ADM2:59680162B45761287530482,Demsa,Nigeria,gb:NGA:ADM2,2022,59680162B45761287530482,Demsa,Local Government Areas,True,774,framework:province:adamawa:6aa47652a3d5,framework:province:adamawa:6aa47652a3d5,"['framework:province:adamawa:6aa47652a3d5', 'framework:area:nigeria:13573928575a', 'framework:region:west-tropical-africa:ba6e06497098', 'framework:subcontinent:western-africa:6280a2b17f17', 'framework:continent:africa:d14fc0b285b2']",5,['Adamawa'],supported,adamawa,Adamawa,['Adamawa'],['NG002001'],unique normalized current name/explicit alias,"[{'current_name': 'Demsa', 'current_pcode': 'NG002001', 'current_parent': 'Adamawa', 'parent_pcode': 'NG002', 'valid_on': '2019-04-17', 'area_km2': 1567.94031018, 'component_count': 1, 'WCA_point_count_by_code': 0, 'WCA_point_count_name_parent_candidate': 62, 'WCA_crosswalk_method': 'normalized ADM2+ADM1 labels; code-vintage mismatch candidate', 'WCA_points_inside_current_geometry': 62, 'WCA_same_code_points_outside_geometry': 0, 'Senegal_2017_OCHA_points_by_code': 0, 'Senegal_2017_points_inside_current_geometry': 0, 'admin_capital_records': 0}]",7,"{'current_name': 'Demsa', 'current_pcode': 'NG002001', 'intersection_km2': 1376.204554, 'legacy_coverage_pct': 86.70867, 'screen_only': True}",0,62,0,0,[],insufficient-evidence,['physical land/island completeness and current settlement completeness remain unverified'],Pinned source role 'Local Government Areas' is independently represented as COD-AB ADM2 for these features; source role and administrative level alone do not certify tier purpose or physical extent.,"Source name/code, administration and settlement screens remain separate. No political title, full settlement population, complete land/island footprint, or region approval is inferred."
gb:NGA:ADM2:59680162B46130456424051,Potiskum,Nigeria,gb:NGA:ADM2,2022,59680162B46130456424051,Potiskum,Local Government Areas,True,774,framework:province:yobe:35ae28a01a0b,framework:province:yobe:35ae28a01a0b,"['framework:province:yobe:35ae28a01a0b', 'framework:area:nigeria:13573928575a', 'framework:region:west-tropical-africa:ba6e06497098', 'framework:subcontinent:western-africa:6280a2b17f17', 'framework:continent:africa:d14fc0b285b2']",5,['Yobe'],supported,yobe,Yobe,['Yobe'],['NG036014'],unique normalized current name/explicit alias,"[{'current_name': 'Potiskum', 'current_pcode': 'NG036014', 'current_parent': 'Yobe', 'parent_pcode': 'NG036', 'valid_on': '2019-04-17', 'area_km2': 575.99007689, 'component_count': 1, 'WCA_point_count_by_code': 0, 'WCA_point_count_name_parent_candidate': 81, 'WCA_crosswalk_method': 'normalized ADM2+ADM1 labels; code-vintage mismatch candidate', 'WCA_points_inside_current_geometry': 81, 'WCA_same_code_points_outside_geometry': 0, 'Senegal_2017_OCHA_points_by_code': 0, 'Senegal_2017_points_inside_current_geometry': 0, 'admin_capital_records': 0}]",3,"{'current_name': 'Potiskum', 'current_pcode': 'NG036014', 'intersection_km2': 398.184236, 'legacy_coverage_pct': 93.5975, 'screen_only': True}",0,81,0,0,[],insufficient-evidence,['physical land/island completeness and current settlement completeness remain unverified'],Pinned source role 'Local Government Areas' is independently represented as COD-AB ADM2 for these features; source role and administrative level alone do not certify tier purpose or physical extent.,"Source name/code, administration and settlement screens remain separate. No political title, full settlement population, complete land/island footprint, or region approval is inferred."
gb:NGA:ADM2:59680162B46182656305392,Kanke,Nigeria,gb:NGA:ADM2,2022,59680162B46182656305392,Kanke,Local Government Areas,True,774,framework:province:plateau:14e62370a737,framework:province:plateau:14e62370a737,"['framework:province:plateau:14e62370a737', 'framework:area:nigeria:13573928575a', 'framework:region:west-tropical-africa:ba6e06497098', 'framework:subcontinent:western-africa:6280a2b17f17', 'framework:continent:africa:d14fc0b285b2']",5,['Plateau'],supported,plateau,Plateau,['Plateau'],['NG032008'],unique normalized current name/explicit alias,"[{'current_name': 'Kanke', 'current_pcode': 'NG032008', 'current_parent': 'Plateau', 'parent_pcode': 'NG032', 'valid_on': '2019-04-17', 'area_km2': 940.37018064, 'component_count': 1, 'WCA_point_count_by_code': 0, 'WCA_point_count_name_parent_candidate': 19, 'WCA_crosswalk_method': 'normalized ADM2+ADM1 labels; code-vintage mismatch candidate', 'WCA_points_inside_current_geometry': 19, 'WCA_same_code_points_outside_geometry': 0, 'Senegal_2017_OCHA_points_by_code': 0, 'Senegal_2017_points_inside_current_geometry': 0, 'admin_capital_records': 0}]",5,"{'current_name': 'Kanke', 'current_pcode': 'NG032008', 'intersection_km2': 785.093461, 'legacy_coverage_pct': 89.82344, 'screen_only': True}",0,19,0,0,[],insufficient-evidence,['physical land/island completeness and current settlement completeness remain unverified'],Pinned source role 'Local Government Areas' is independently represented as COD-AB ADM2 for these features; source role and administrative level alone do not certify tier purpose or physical extent.,"Source name/code, administration and settlement screens remain separate. No political title, full settlement population, complete land/island footprint, or region approval is inferred."
gb:NGA:ADM2:59680162B46226733150895,Oju,Nigeria,gb:NGA:ADM2,2022,59680162B46226733150895,Oju,Local Government Areas,True,774,framework:province:benue:bb5576291a52,framework:province:benue:bb5576291a52,"['framework:province:benue:bb5576291a52', 'framework:area:nigeria:13573928575a', 'framework:region:west-tropical-africa:ba6e06497098', 'framework:subcontinent:western-africa:6280a2b17f17', 'framework:continent:africa:d14fc0b285b2']",5,['Benue'],supported,benue,Benue,['Benue'],['NG007017'],unique normalized current name/explicit alias,"[{'current_name': 'Oju', 'current_pcode': 'NG007017', 'current_parent': 'Benue', 'parent_pcode': 'NG007', 'valid_on': '2019-04-17', 'area_km2': 1190.29868956, 'component_count': 1, 'WCA_point_count_by_code': 0, 'WCA_point_count_name_parent_candidate': 22, 'WCA_crosswalk_method': 'normalized ADM2+ADM1 labels; code-vintage mismatch candidate', 'WCA_points_inside_current_geometry': 22, 'WCA_same_code_points_outside_geometry': 0, 'Senegal_2017_OCHA_points_by_code': 0, 'Senegal_2017_points_inside_current_geometry': 0, 'admin_capital_records': 0}]",8,"{'current_name': 'Oju', 'current_pcode': 'NG007017', 'intersection_km2': 1013.571402, 'legacy_coverage_pct': 86.78608, 'screen_only': True}",0,22,0,0,[],insufficient-evidence,['physical land/island completeness and current settlement completeness remain unverified'],Pinned source role 'Local Government Areas' is independently represented as COD-AB ADM2 for these features; source role and administrative level alone do not certify tier purpose or physical extent.,"Source name/code, administration and settlement screens remain separate. No political title, full settlement population, complete land/island footprint, or region approval is inferred."
gb:NGA:ADM2:59680162B46313771844948,Toungo,Nigeria,gb:NGA:ADM2,2022,59680162B46313771844948,Toungo,Local Government Areas,True,774,framework:province:adamawa:6aa47652a3d5,framework:province:adamawa:6aa47652a3d5,"['framework:province:adamawa:6aa47652a3d5', 'framework:area:nigeria:13573928575a', 'framework:region:west-tropical-africa:ba6e06497098', 'framework:subcontinent:western-africa:6280a2b17f17', 'framework:continent:africa:d14fc0b285b2']",5,['Adamawa'],supported,adamawa,Adamawa,['Adamawa'],['NG002019'],unique normalized current name/explicit alias,"[{'current_name': 'Toungo', 'current_pcode': 'NG002019', 'current_parent': 'Adamawa', 'parent_pcode': 'NG002', 'valid_on': '2019-04-17', 'area_km2': 5577.64967242, 'component_count': 1, 'WCA_point_count_by_code': 0, 'WCA_point_count_name_parent_candidate': 176, 'WCA_crosswalk_method': 'normalized ADM2+ADM1 labels; code-vintage mismatch candidate', 'WCA_points_inside_current_geometry': 176, 'WCA_same_code_points_outside_geometry': 0, 'Senegal_2017_OCHA_points_by_code': 0, 'Senegal_2017_points_inside_current_geometry': 0, 'admin_capital_records': 0}]",4,"{'current_name': 'Toungo', 'current_pcode': 'NG002019', 'intersection_km2': 5454.268873, 'legacy_coverage_pct': 96.59565, 'screen_only': True}",0,176,0,0,[],insufficient-evidence,['physical land/island completeness and current settlement completeness remain unverified'],Pinned source role 'Local Government Areas' is independently represented as COD-AB ADM2 for these features; source role and administrative level alone do not certify tier purpose or physical extent.,"Source name/code, administration and settlement screens remain separate. No political title, full settlement population, complete land/island footprint, or region approval is inferred."
gb:NGA:ADM2:59680162B47044873054392,Guma,Nigeria,gb:NGA:ADM2,2022,59680162B47044873054392,Guma,Local Government Areas,True,774,framework:province:benue:bb5576291a52,framework:province:benue:bb5576291a52,"['framework:province:benue:bb5576291a52', 'framework:area:nigeria:13573928575a', 'framework:region:west-tropical-africa:ba6e06497098', 'framework:subcontinent:western-africa:6280a2b17f17', 'framework:continent:africa:d14fc0b285b2']",5,['Benue'],supported,benue,Benue,['Benue'],['NG007006'],unique normalized current name/explicit alias,"[{'current_name': 'Guma', 'current_pcode': 'NG007006', 'current_parent': 'Benue', 'parent_pcode': 'NG007', 'valid_on': '2019-04-17', 'area_km2': 2862.65824885, 'component_count': 1, 'WCA_point_count_by_code': 0, 'WCA_point_count_name_parent_candidate': 206, 'WCA_crosswalk_method': 'normalized ADM2+ADM1 labels; code-vintage mismatch candidate', 'WCA_points_inside_current_geometry': 206, 'WCA_same_code_points_outside_geometry': 0, 'Senegal_2017_OCHA_points_by_code': 0, 'Senegal_2017_points_inside_current_geometry': 0, 'admin_capital_records': 0}]",10,"{'current_name': 'Guma', 'current_pcode': 'NG007006', 'intersection_km2': 2484.848484, 'legacy_coverage_pct': 84.78708, 'screen_only': True}",0,206,0,0,[],insufficient-evidence,['physical land/island completeness and current settlement completeness remain unverified'],Pinned source role 'Local Government Areas' is independently represented as COD-AB ADM2 for these features; source role and administrative level alone do not certify tier purpose or physical extent.,"Source name/code, administration and settlement screens remain separate. No political title, full settlement population, complete land/island footprint, or region approval is inferred."
gb:NGA:ADM2:59680162B47339407576735,Yamaltu/Deba,Nigeria,gb:NGA:ADM2,2022,59680162B47339407576735,Yamaltu/Deba,Local Government Areas,True,774,framework:province:gombe:a5889db98604,framework:province:gombe:a5889db98604,"['framework:province:gombe:a5889db98604', 'framework:area:nigeria:13573928575a', 'framework:region:west-tropical-africa:ba6e06497098', 'framework:subcontinent:western-africa:6280a2b17f17', 'framework:continent:africa:d14fc0b285b2']",5,['Gombe'],supported,gombe,Gombe,['Gombe'],['NG016011'],unique normalized current name/explicit alias,"[{'current_name': 'Yamaltu/Deba', 'current_pcode': 'NG016011', 'current_parent': 'Gombe', 'parent_pcode': 'NG016', 'valid_on': '2019-04-17', 'area_km2': 1960.76233406, 'component_count': 1, 'WCA_point_count_by_code': 0, 'WCA_point_count_name_parent_candidate': 85, 'WCA_crosswalk_method': 'normalized ADM2+ADM1 labels; code-vintage mismatch candidate', 'WCA_points_inside_current_geometry': 85, 'WCA_same_code_points_outside_geometry': 0, 'Senegal_2017_OCHA_points_by_code': 0, 'Senegal_2017_points_inside_current_geometry': 0, 'admin_capital_records': 0}]",9,"{'current_name': 'Yamaltu/Deba', 'current_pcode': 'NG016011', 'intersection_km2': 1735.32807, 'legacy_coverage_pct': 93.70294, 'screen_only': True}",0,85,0,0,[],insufficient-evidence,['physical land/island completeness and current settlement completeness remain unverified'],Pinned source role 'Local Government Areas' is independently represented as COD-AB ADM2 for these features; source role and administrative level alone do not certify tier purpose or physical extent.,"Source name/code, administration and settlement screens remain separate. No political title, full settlement population, complete land/island footprint, or region approval is inferred."
gb:NGA:ADM2:59680162B48237076936000,Riyom,Nigeria,gb:NGA:ADM2,2022,59680162B48237076936000,Riyom,Local Government Areas,True,774,framework:province:plateau:14e62370a737,framework:province:plateau:14e62370a737,"['framework:province:plateau:14e62370a737', 'framework:area:nigeria:13573928575a', 'framework:region:west-tropical-africa:ba6e06497098', 'framework:subcontinent:western-africa:6280a2b17f17', 'framework:continent:africa:d14fc0b285b2']",5,['Plateau'],supported,plateau,Plateau,['Plateau'],['NG032015'],unique normalized current name/explicit alias,"[{'current_name': 'Riyom', 'current_pcode': 'NG032015', 'current_parent': 'Plateau', 'parent_pcode': 'NG032', 'valid_on': '2019-04-17', 'area_km2': 828.47285084, 'component_count': 1, 'WCA_point_count_by_code': 0, 'WCA_point_count_name_parent_candidate': 93, 'WCA_crosswalk_method': 'normalized ADM2+ADM1 labels; code-vintage mismatch candidate', 'WCA_points_inside_current_geometry': 93, 'WCA_same_code_points_outside_geometry': 0, 'Senegal_2017_OCHA_points_by_code': 0, 'Senegal_2017_points_inside_current_geometry': 0, 'admin_capital_records': 0}]",7,"{'current_name': 'Riyom', 'current_pcode': 'NG032015', 'intersection_km2': 761.156663, 'legacy_coverage_pct': 94.80942, 'screen_only': True}",0,93,0,0,[],insufficient-evidence,['physical land/island completeness and current settlement completeness remain unverified'],Pinned source role 'Local Government Areas' is independently represented as COD-AB ADM2 for these features; source role and administrative level alone do not certify tier purpose or physical extent.,"Source name/code, administration and settlement screens remain separate. No political title, full settlement population, complete land/island footprint, or region approval is inferred."
gb:NGA:ADM2:59680162B48786148420785,Tafawa-Balewa,Nigeria,gb:NGA:ADM2,2022,59680162B48786148420785,Tafawa-Balewa,Local Government Areas,True,774,framework:province:bauchi:6b44eaa0aa5b,framework:province:bauchi:6b44eaa0aa5b,"['framework:province:bauchi:6b44eaa0aa5b', 'framework:area:nigeria:13573928575a', 'framework:region:west-tropical-africa:ba6e06497098', 'framework:subcontinent:western-africa:6280a2b17f17', 'framework:continent:africa:d14fc0b285b2']",5,['Bauchi'],supported,bauchi,Bauchi,['Bauchi'],['NG005017'],unique normalized current name/explicit alias,"[{'current_name': 'Tafawa-Balewa', 'current_pcode': 'NG005017', 'current_parent': 'Bauchi', 'parent_pcode': 'NG005', 'valid_on': '2019-04-17', 'area_km2': 2454.91473336, 'component_count': 1, 'WCA_point_count_by_code': 0, 'WCA_point_count_name_parent_candidate': 99, 'WCA_crosswalk_method': 'normalized ADM2+ADM1 labels; code-vintage mismatch candidate', 'WCA_points_inside_current_geometry': 99, 'WCA_same_code_points_outside_geometry': 0, 'Senegal_2017_OCHA_points_by_code': 0, 'Senegal_2017_points_inside_current_geometry': 0, 'admin_capital_records': 0}]",10,"{'current_name': 'Tafawa-Balewa', 'current_pcode': 'NG005017', 'intersection_km2': 2171.280264, 'legacy_coverage_pct': 88.5938, 'screen_only': True}",0,99,0,0,[],insufficient-evidence,['physical land/island completeness and current settlement completeness remain unverified'],Pinned source role 'Local Government Areas' is independently represented as COD-AB ADM2 for these features; source role and administrative level alone do not certify tier purpose or physical extent.,"Source name/code, administration and settlement screens remain separate. No political title, full settlement population, complete land/island footprint, or region approval is inferred."
gb:NGA:ADM2:59680162B49393703134220,Michika,Nigeria,gb:NGA:ADM2,2022,59680162B49393703134220,Michika,Local Government Areas,True,774,framework:province:adamawa:6aa47652a3d5,framework:province:adamawa:6aa47652a3d5,"['framework:province:adamawa:6aa47652a3d5', 'framework:area:nigeria:13573928575a', 'framework:region:west-tropical-africa:ba6e06497098', 'framework:subcontinent:western-africa:6280a2b17f17', 'framework:continent:africa:d14fc0b285b2']",5,['Adamawa'],supported,adamawa,Adamawa,['Adamawa'],['NG002013'],unique normalized current name/explicit alias,"[{'current_name': 'Michika', 'current_pcode': 'NG002013', 'current_parent': 'Adamawa', 'parent_pcode': 'NG002', 'valid_on': '2019-04-17', 'area_km2': 810.6550601, 'component_count': 1, 'WCA_point_count_by_code': 0, 'WCA_point_count_name_parent_candidate': 222, 'WCA_crosswalk_method': 'normalized ADM2+ADM1 labels; code-vintage mismatch candidate', 'WCA_points_inside_current_geometry': 222, 'WCA_same_code_points_outside_geometry': 0, 'Senegal_2017_OCHA_points_by_code': 0, 'Senegal_2017_points_inside_current_geometry': 0, 'admin_capital_records': 0}]",4,"{'current_name': 'Michika', 'current_pcode': 'NG002013', 'intersection_km2': 774.562052, 'legacy_coverage_pct': 94.19982, 'screen_only': True}",0,222,0,0,[],insufficient-evidence,['physical land/island completeness and current settlement completeness remain unverified'],Pinned source role 'Local Government Areas' is independently represented as COD-AB ADM2 for these features; source role and administrative level alone do not certify tier purpose or physical extent.,"Source name/code, administration and settlement screens remain separate. No political title, full settlement population, complete land/island footprint, or region approval is inferred."
gb:NGA:ADM2:59680162B50777093344409,Konshisha,Nigeria,gb:NGA:ADM2,2022,59680162B50777093344409,Konshisha,Local Government Areas,True,774,framework:province:benue:bb5576291a52,framework:province:benue:bb5576291a52,"['framework:province:benue:bb5576291a52', 'framework:area:nigeria:13573928575a', 'framework:region:west-tropical-africa:ba6e06497098', 'framework:subcontinent:western-africa:6280a2b17f17', 'framework:continent:africa:d14fc0b285b2']",5,['Benue'],supported,benue,Benue,['Benue'],['NG007010'],unique normalized current name/explicit alias,"[{'current_name': 'Konshisha', 'current_pcode': 'NG007010', 'current_parent': 'Benue', 'parent_pcode': 'NG007', 'valid_on': '2019-04-17', 'area_km2': 1684.72104052, 'component_count': 1, 'WCA_point_count_by_code': 0, 'WCA_point_count_name_parent_candidate': 941, 'WCA_crosswalk_method': 'normalized ADM2+ADM1 labels; code-vintage mismatch candidate', 'WCA_points_inside_current_geometry': 941, 'WCA_same_code_points_outside_geometry': 0, 'Senegal_2017_OCHA_points_by_code': 0, 'Senegal_2017_points_inside_current_geometry': 0, 'admin_capital_records': 0}]",7,"{'current_name': 'Konshisha', 'current_pcode': 'NG007010', 'intersection_km2': 1480.15124, 'legacy_coverage_pct': 80.9273, 'screen_only': True}",0,941,0,0,[],insufficient-evidence,['physical land/island completeness and current settlement completeness remain unverified'],Pinned source role 'Local Government Areas' is independently represented as COD-AB ADM2 for these features; source role and administrative level alone do not certify tier purpose or physical extent.,"Source name/code, administration and settlement screens remain separate. No political title, full settlement population, complete land/island footprint, or region approval is inferred."
gb:NGA:ADM2:59680162B52609098277437,Ringim,Nigeria,gb:NGA:ADM2,2022,59680162B52609098277437,Ringim,Local Government Areas,True,774,framework:province:jigawa:8a28f64b5048,framework:province:jigawa:8a28f64b5048,"['framework:province:jigawa:8a28f64b5048', 'framework:area:nigeria:13573928575a', 'framework:region:west-tropical-africa:ba6e06497098', 'framework:subcontinent:western-africa:6280a2b17f17', 'framework:continent:africa:d14fc0b285b2']",5,['Jigawa'],supported,jigawa,Jigawa,['Jigawa'],['NG018023'],unique normalized current name/explicit alias,"[{'current_name': 'Ringim', 'current_pcode': 'NG018023', 'current_parent': 'Jigawa', 'parent_pcode': 'NG018', 'valid_on': '2019-04-17', 'area_km2': 1020.94675648, 'component_count': 1, 'WCA_point_count_by_code': 0, 'WCA_point_count_name_parent_candidate': 73, 'WCA_crosswalk_method': 'normalized ADM2+ADM1 labels; code-vintage mismatch candidate', 'WCA_points_inside_current_geometry': 73, 'WCA_same_code_points_outside_geometry': 0, 'Senegal_2017_OCHA_points_by_code': 0, 'Senegal_2017_points_inside_current_geometry': 0, 'admin_capital_records': 0}]",7,"{'current_name': 'Ringim', 'current_pcode': 'NG018023', 'intersection_km2': 923.697563, 'legacy_coverage_pct': 89.86023, 'screen_only': True}",0,73,0,0,[],insufficient-evidence,['physical land/island completeness and current settlement completeness remain unverified'],Pinned source role 'Local Government Areas' is independently represented as COD-AB ADM2 for these features; source role and administrative level alone do not certify tier purpose or physical extent.,"Source name/code, administration and settlement screens remain separate. No political title, full settlement population, complete land/island footprint, or region approval is inferred."
gb:NGA:ADM2:59680162B52658055469559,Malam Madori,Nigeria,gb:NGA:ADM2,2022,59680162B52658055469559,Malam Madori,Local Government Areas,True,774,framework:province:jigawa:8a28f64b5048,framework:province:jigawa:8a28f64b5048,"['framework:province:jigawa:8a28f64b5048', 'framework:area:nigeria:13573928575a', 'framework:region:west-tropical-africa:ba6e06497098', 'framework:subcontinent:western-africa:6280a2b17f17', 'framework:continent:africa:d14fc0b285b2']",5,['Jigawa'],supported,jigawa,Jigawa,['Jigawa'],['NG018021'],unique normalized current name/explicit alias,"[{'current_name': 'Malam Madori', 'current_pcode': 'NG018021', 'current_parent': 'Jigawa', 'parent_pcode': 'NG018', 'valid_on': '2019-04-17', 'area_km2': 806.61235321, 'component_count': 1, 'WCA_point_count_by_code': 0, 'WCA_point_count_name_parent_candidate': 21, 'WCA_crosswalk_method': 'normalized ADM2+ADM1 labels; code-vintage mismatch candidate', 'WCA_points_inside_current_geometry': 21, 'WCA_same_code_points_outside_geometry': 0, 'Senegal_2017_OCHA_points_by_code': 0, 'Senegal_2017_points_inside_current_geometry': 0, 'admin_capital_records': 0}]",6,"{'current_name': 'Malam Madori', 'current_pcode': 'NG018021', 'intersection_km2': 748.783652, 'legacy_coverage_pct': 91.64505, 'screen_only': True}",0,21,0,0,[],insufficient-evidence,['physical land/island completeness and current settlement completeness remain unverified'],Pinned source role 'Local Government Areas' is independently represented as COD-AB ADM2 for these features; source role and administrative level alone do not certify tier purpose or physical extent.,"Source name/code, administration and settlement screens remain separate. No political title, full settlement population, complete land/island footprint, or region approval is inferred."
gb:NGA:ADM2:59680162B53080807091718,Shendam,Nigeria,gb:NGA:ADM2,2022,59680162B53080807091718,Shendam,Local Government Areas,True,774,framework:province:plateau:14e62370a737,framework:province:plateau:14e62370a737,"['framework:province:plateau:14e62370a737', 'framework:area:nigeria:13573928575a', 'framework:region:west-tropical-africa:ba6e06497098', 'framework:subcontinent:western-africa:6280a2b17f17', 'framework:continent:africa:d14fc0b285b2']",5,['Plateau'],supported,plateau,Plateau,['Plateau'],['NG032016'],unique normalized current name/explicit alias,"[{'current_name': 'Shendam', 'current_pcode': 'NG032016', 'current_parent': 'Plateau', 'parent_pcode': 'NG032', 'valid_on': '2019-04-17', 'area_km2': 2439.81140188, 'component_count': 1, 'WCA_point_count_by_code': 0, 'WCA_point_count_name_parent_candidate': 29, 'WCA_crosswalk_method': 'normalized ADM2+ADM1 labels; code-vintage mismatch candidate', 'WCA_points_inside_current_geometry': 29, 'WCA_same_code_points_outside_geometry': 0, 'Senegal_2017_OCHA_points_by_code': 0, 'Senegal_2017_points_inside_current_geometry': 0, 'admin_capital_records': 0}]",8,"{'current_name': 'Shendam', 'current_pcode': 'NG032016', 'intersection_km2': 2324.460779, 'legacy_coverage_pct': 94.23133, 'screen_only': True}",0,29,0,0,[],insufficient-evidence,['physical land/island completeness and current settlement completeness remain unverified'],Pinned source role 'Local Government Areas' is independently represented as COD-AB ADM2 for these features; source role and administrative level alone do not certify tier purpose or physical extent.,"Source name/code, administration and settlement screens remain separate. No political title, full settlement population, complete land/island footprint, or region approval is inferred."
gb:NGA:ADM2:59680162B54185205976265,Jama'Are,Nigeria,gb:NGA:ADM2,2022,59680162B54185205976265,Jama'Are,Local Government Areas,True,774,framework:province:bauchi:6b44eaa0aa5b,framework:province:bauchi:6b44eaa0aa5b,"['framework:province:bauchi:6b44eaa0aa5b', 'framework:area:nigeria:13573928575a', 'framework:region:west-tropical-africa:ba6e06497098', 'framework:subcontinent:western-africa:6280a2b17f17', 'framework:continent:africa:d14fc0b285b2']",5,['Bauchi'],supported,bauchi,Bauchi,['Bauchi'],['NG005011'],unique normalized current name/explicit alias,"[{'current_name': ""Jama'are"", 'current_pcode': 'NG005011', 'current_parent': 'Bauchi', 'parent_pcode': 'NG005', 'valid_on': '2019-04-17', 'area_km2': 382.45876167, 'component_count': 1, 'WCA_point_count_by_code': 0, 'WCA_point_count_name_parent_candidate': 26, 'WCA_crosswalk_method': 'normalized ADM2+ADM1 labels; code-vintage mismatch candidate', 'WCA_points_inside_current_geometry': 26, 'WCA_same_code_points_outside_geometry': 0, 'Senegal_2017_OCHA_points_by_code': 0, 'Senegal_2017_points_inside_current_geometry': 0, 'admin_capital_records': 0}]",5,"{'current_name': ""Jama'are"", 'current_pcode': 'NG005011', 'intersection_km2': 309.616507, 'legacy_coverage_pct': 90.63264, 'screen_only': True}",0,26,0,0,[],insufficient-evidence,['physical land/island completeness and current settlement completeness remain unverified'],Pinned source role 'Local Government Areas' is independently represented as COD-AB ADM2 for these features; source role and administrative level alone do not certify tier purpose or physical extent.,"Source name/code, administration and settlement screens remain separate. No political title, full settlement population, complete land/island footprint, or region approval is inferred."
gb:NGA:ADM2:59680162B55124041708975,Dass,Nigeria,gb:NGA:ADM2,2022,59680162B55124041708975,Dass,Local Government Areas,True,774,framework:province:bauchi:6b44eaa0aa5b,framework:province:bauchi:6b44eaa0aa5b,"['framework:province:bauchi:6b44eaa0aa5b', 'framework:area:nigeria:13573928575a', 'framework:region:west-tropical-africa:ba6e06497098', 'framework:subcontinent:western-africa:6280a2b17f17', 'framework:continent:africa:d14fc0b285b2']",5,['Bauchi'],supported,bauchi,Bauchi,['Bauchi'],['NG005006'],unique normalized current name/explicit alias,"[{'current_name': 'Dass', 'current_pcode': 'NG005006', 'current_parent': 'Bauchi', 'parent_pcode': 'NG005', 'valid_on': '2019-04-17', 'area_km2': 688.43463513, 'component_count': 1, 'WCA_point_count_by_code': 0, 'WCA_point_count_name_parent_candidate': 34, 'WCA_crosswalk_method': 'normalized ADM2+ADM1 labels; code-vintage mismatch candidate', 'WCA_points_inside_current_geometry': 34, 'WCA_same_code_points_outside_geometry': 0, 'Senegal_2017_OCHA_points_by_code': 0, 'Senegal_2017_points_inside_current_geometry': 0, 'admin_capital_records': 0}]",3,"{'current_name': 'Dass', 'current_pcode': 'NG005006', 'intersection_km2': 629.834122, 'legacy_coverage_pct': 92.7119, 'screen_only': True}",0,34,0,0,[],insufficient-evidence,['physical land/island completeness and current settlement completeness remain unverified'],Pinned source role 'Local Government Areas' is independently represented as COD-AB ADM2 for these features; source role and administrative level alone do not certify tier purpose or physical extent.,"Source name/code, administration and settlement screens remain separate. No political title, full settlement population, complete land/island footprint, or region approval is inferred."
gb:NGA:ADM2:59680162B56106136996502,Magumeri,Nigeria,gb:NGA:ADM2,2022,59680162B56106136996502,Magumeri,Local Government Areas,True,774,framework:province:borno:c07e4cd1e5ad,framework:province:borno:c07e4cd1e5ad,"['framework:province:borno:c07e4cd1e5ad', 'framework:area:nigeria:13573928575a', 'framework:region:west-tropical-africa:ba6e06497098', 'framework:subcontinent:western-africa:6280a2b17f17', 'framework:continent:africa:d14fc0b285b2']",5,['Borno'],supported,borno,Borno,['Borno'],['NG008020'],unique normalized current name/explicit alias,"[{'current_name': 'Magumeri', 'current_pcode': 'NG008020', 'current_parent': 'Borno', 'parent_pcode': 'NG008', 'valid_on': '2019-04-17', 'area_km2': 4728.67184528, 'component_count': 1, 'WCA_point_count_by_code': 0, 'WCA_point_count_name_parent_candidate': 50, 'WCA_crosswalk_method': 'normalized ADM2+ADM1 labels; code-vintage mismatch candidate', 'WCA_points_inside_current_geometry': 50, 'WCA_same_code_points_outside_geometry': 0, 'Senegal_2017_OCHA_points_by_code': 0, 'Senegal_2017_points_inside_current_geometry': 0, 'admin_capital_records': 0}]",6,"{'current_name': 'Magumeri', 'current_pcode': 'NG008020', 'intersection_km2': 4185.563724, 'legacy_coverage_pct': 91.84641, 'screen_only': True}",0,50,0,0,[],insufficient-evidence,['physical land/island completeness and current settlement completeness remain unverified'],Pinned source role 'Local Government Areas' is independently represented as COD-AB ADM2 for these features; source role and administrative level alone do not certify tier purpose or physical extent.,"Source name/code, administration and settlement screens remain separate. No political title, full settlement population, complete land/island footprint, or region approval is inferred."
gb:NGA:ADM2:59680162B57364751970918,Lamurde,Nigeria,gb:NGA:ADM2,2022,59680162B57364751970918,Lamurde,Local Government Areas,True,774,framework:province:adamawa:6aa47652a3d5,framework:province:adamawa:6aa47652a3d5,"['framework:province:adamawa:6aa47652a3d5', 'framework:area:nigeria:13573928575a', 'framework:region:west-tropical-africa:ba6e06497098', 'framework:subcontinent:western-africa:6280a2b17f17', 'framework:continent:africa:d14fc0b285b2']",5,['Adamawa'],supported,adamawa,Adamawa,['Adamawa'],['NG002009'],unique normalized current name/explicit alias,"[{'current_name': 'Lamurde', 'current_pcode': 'NG002009', 'current_parent': 'Adamawa', 'parent_pcode': 'NG002', 'valid_on': '2019-04-17', 'area_km2': 1105.84684892, 'component_count': 1, 'WCA_point_count_by_code': 0, 'WCA_point_count_name_parent_candidate': 32, 'WCA_crosswalk_method': 'normalized ADM2+ADM1 labels; code-vintage mismatch candidate', 'WCA_points_inside_current_geometry': 32, 'WCA_same_code_points_outside_geometry': 0, 'Senegal_2017_OCHA_points_by_code': 0, 'Senegal_2017_points_inside_current_geometry': 0, 'admin_capital_records': 0}]",6,"{'current_name': 'Lamurde', 'current_pcode': 'NG002009', 'intersection_km2': 1024.569798, 'legacy_coverage_pct': 94.60623, 'screen_only': True}",0,32,0,0,[],insufficient-evidence,['physical land/island completeness and current settlement completeness remain unverified'],Pinned source role 'Local Government Areas' is independently represented as COD-AB ADM2 for these features; source role and administrative level alone do not certify tier purpose or physical extent.,"Source name/code, administration and settlement screens remain separate. No political title, full settlement population, complete land/island footprint, or region approval is inferred."
gb:NGA:ADM2:59680162B57621312639176,Dukku,Nigeria,gb:NGA:ADM2,2022,59680162B57621312639176,Dukku,Local Government Areas,True,774,framework:province:gombe:a5889db98604,framework:province:gombe:a5889db98604,"['framework:province:gombe:a5889db98604', 'framework:area:nigeria:13573928575a', 'framework:region:west-tropical-africa:ba6e06497098', 'framework:subcontinent:western-africa:6280a2b17f17', 'framework:continent:africa:d14fc0b285b2']",5,['Gombe'],supported,gombe,Gombe,['Gombe'],['NG016004'],unique normalized current name/explicit alias,"[{'current_name': 'Dukku', 'current_pcode': 'NG016004', 'current_parent': 'Gombe', 'parent_pcode': 'NG016', 'valid_on': '2019-04-17', 'area_km2': 3692.63237852, 'component_count': 1, 'WCA_point_count_by_code': 0, 'WCA_point_count_name_parent_candidate': 107, 'WCA_crosswalk_method': 'normalized ADM2+ADM1 labels; code-vintage mismatch candidate', 'WCA_points_inside_current_geometry': 107, 'WCA_same_code_points_outside_geometry': 0, 'Senegal_2017_OCHA_points_by_code': 0, 'Senegal_2017_points_inside_current_geometry': 0, 'admin_capital_records': 0}]",7,"{'current_name': 'Dukku', 'current_pcode': 'NG016004', 'intersection_km2': 3342.100948, 'legacy_coverage_pct': 89.28749, 'screen_only': True}",0,107,0,0,[],insufficient-evidence,['physical land/island completeness and current settlement completeness remain unverified'],Pinned source role 'Local Government Areas' is independently represented as COD-AB ADM2 for these features; source role and administrative level alone do not certify tier purpose or physical extent.,"Source name/code, administration and settlement screens remain separate. No political title, full settlement population, complete land/island footprint, or region approval is inferred."
gb:NGA:ADM2:59680162B5954014037791,Ardo-Kola,Nigeria,gb:NGA:ADM2,2022,59680162B5954014037791,Ardo-Kola,Local Government Areas,True,774,framework:province:taraba:34f4cd78bd99,framework:province:taraba:34f4cd78bd99,"['framework:province:taraba:34f4cd78bd99', 'framework:area:nigeria:13573928575a', 'framework:region:west-tropical-africa:ba6e06497098', 'framework:subcontinent:western-africa:6280a2b17f17', 'framework:continent:africa:d14fc0b285b2']",5,['Taraba'],supported,taraba,Taraba,['Taraba'],['NG035001'],unique normalized current name/explicit alias,"[{'current_name': 'Ardo-Kola', 'current_pcode': 'NG035001', 'current_parent': 'Taraba', 'parent_pcode': 'NG035', 'valid_on': '2019-04-17', 'area_km2': 2258.27806352, 'component_count': 1, 'WCA_point_count_by_code': 0, 'WCA_point_count_name_parent_candidate': 126, 'WCA_crosswalk_method': 'normalized ADM2+ADM1 labels; code-vintage mismatch candidate', 'WCA_points_inside_current_geometry': 126, 'WCA_same_code_points_outside_geometry': 0, 'Senegal_2017_OCHA_points_by_code': 0, 'Senegal_2017_points_inside_current_geometry': 0, 'admin_capital_records': 0}]",7,"{'current_name': 'Ardo-Kola', 'current_pcode': 'NG035001', 'intersection_km2': 1994.020403, 'legacy_coverage_pct': 96.79525, 'screen_only': True}",0,126,0,0,[],insufficient-evidence,['physical land/island completeness and current settlement completeness remain unverified'],Pinned source role 'Local Government Areas' is independently represented as COD-AB ADM2 for these features; source role and administrative level alone do not certify tier purpose or physical extent.,"Source name/code, administration and settlement screens remain separate. No political title, full settlement population, complete land/island footprint, or region approval is inferred."
gb:NGA:ADM2:59680162B60568566930973,Zing,Nigeria,gb:NGA:ADM2,2022,59680162B60568566930973,Zing,Local Government Areas,True,774,framework:province:taraba:34f4cd78bd99,framework:province:taraba:34f4cd78bd99,"['framework:province:taraba:34f4cd78bd99', 'framework:area:nigeria:13573928575a', 'framework:region:west-tropical-africa:ba6e06497098', 'framework:subcontinent:western-africa:6280a2b17f17', 'framework:continent:africa:d14fc0b285b2']",5,['Taraba'],supported,taraba,Taraba,['Taraba'],['NG035016'],unique normalized current name/explicit alias,"[{'current_name': 'Zing', 'current_pcode': 'NG035016', 'current_parent': 'Taraba', 'parent_pcode': 'NG035', 'valid_on': '2019-04-17', 'area_km2': 1027.53371229, 'component_count': 1, 'WCA_point_count_by_code': 0, 'WCA_point_count_name_parent_candidate': 88, 'WCA_crosswalk_method': 'normalized ADM2+ADM1 labels; code-vintage mismatch candidate', 'WCA_points_inside_current_geometry': 88, 'WCA_same_code_points_outside_geometry': 0, 'Senegal_2017_OCHA_points_by_code': 0, 'Senegal_2017_points_inside_current_geometry': 0, 'admin_capital_records': 0}]",3,"{'current_name': 'Zing', 'current_pcode': 'NG035016', 'intersection_km2': 870.562936, 'legacy_coverage_pct': 99.85633, 'screen_only': True}",0,88,0,0,[],insufficient-evidence,['physical land/island completeness and current settlement completeness remain unverified'],Pinned source role 'Local Government Areas' is independently represented as COD-AB ADM2 for these features; source role and administrative level alone do not certify tier purpose or physical extent.,"Source name/code, administration and settlement screens remain separate. No political title, full settlement population, complete land/island footprint, or region approval is inferred."
gb:NGA:ADM2:59680162B60638866528984,Kirfi,Nigeria,gb:NGA:ADM2,2022,59680162B60638866528984,Kirfi,Local Government Areas,True,774,framework:province:bauchi:6b44eaa0aa5b,framework:province:bauchi:6b44eaa0aa5b,"['framework:province:bauchi:6b44eaa0aa5b', 'framework:area:nigeria:13573928575a', 'framework:region:west-tropical-africa:ba6e06497098', 'framework:subcontinent:western-africa:6280a2b17f17', 'framework:continent:africa:d14fc0b285b2']",5,['Bauchi'],supported,bauchi,Bauchi,['Bauchi'],['NG005013'],unique normalized current name/explicit alias,"[{'current_name': 'Kirfi', 'current_pcode': 'NG005013', 'current_parent': 'Bauchi', 'parent_pcode': 'NG005', 'valid_on': '2019-04-17', 'area_km2': 2268.79549139, 'component_count': 1, 'WCA_point_count_by_code': 0, 'WCA_point_count_name_parent_candidate': 141, 'WCA_crosswalk_method': 'normalized ADM2+ADM1 labels; code-vintage mismatch candidate', 'WCA_points_inside_current_geometry': 141, 'WCA_same_code_points_outside_geometry': 0, 'Senegal_2017_OCHA_points_by_code': 0, 'Senegal_2017_points_inside_current_geometry': 0, 'admin_capital_records': 0}]",5,"{'current_name': 'Kirfi', 'current_pcode': 'NG005013', 'intersection_km2': 1925.25618, 'legacy_coverage_pct': 93.16415, 'screen_only': True}",0,141,0,0,[],insufficient-evidence,['physical land/island completeness and current settlement completeness remain unverified'],Pinned source role 'Local Government Areas' is independently represented as COD-AB ADM2 for these features; source role and administrative level alone do not certify tier purpose or physical extent.,"Source name/code, administration and settlement screens remain separate. No political title, full settlement population, complete land/island footprint, or region approval is inferred."
gb:NGA:ADM2:59680162B6096372749080,Barkin Ladi,Nigeria,gb:NGA:ADM2,2022,59680162B6096372749080,Barkin Ladi,Local Government Areas,True,774,framework:province:plateau:14e62370a737,framework:province:plateau:14e62370a737,"['framework:province:plateau:14e62370a737', 'framework:area:nigeria:13573928575a', 'framework:region:west-tropical-africa:ba6e06497098', 'framework:subcontinent:western-africa:6280a2b17f17', 'framework:continent:africa:d14fc0b285b2']",5,['Plateau'],supported,plateau,Plateau,['Plateau'],['NG032001'],unique normalized current name/explicit alias,"[{'current_name': 'Barikin Ladi', 'current_pcode': 'NG032001', 'current_parent': 'Plateau', 'parent_pcode': 'NG032', 'valid_on': '2019-04-17', 'area_km2': 996.77364064, 'component_count': 1, 'WCA_point_count_by_code': 0, 'WCA_point_count_name_parent_candidate': 90, 'WCA_crosswalk_method': 'normalized ADM2+ADM1 labels; code-vintage mismatch candidate', 'WCA_points_inside_current_geometry': 90, 'WCA_same_code_points_outside_geometry': 0, 'Senegal_2017_OCHA_points_by_code': 0, 'Senegal_2017_points_inside_current_geometry': 0, 'admin_capital_records': 0}]",7,"{'current_name': 'Barikin Ladi', 'current_pcode': 'NG032001', 'intersection_km2': 964.593907, 'legacy_coverage_pct': 84.55482, 'screen_only': True}",0,90,0,0,[],insufficient-evidence,['physical land/island completeness and current settlement completeness remain unverified'],Pinned source role 'Local Government Areas' is independently represented as COD-AB ADM2 for these features; source role and administrative level alone do not certify tier purpose or physical extent.,"Source name/code, administration and settlement screens remain separate. No political title, full settlement population, complete land/island footprint, or region approval is inferred."
gb:NGA:ADM2:59680162B61002782115608,Yusufari,Nigeria,gb:NGA:ADM2,2022,59680162B61002782115608,Yusufari,Local Government Areas,True,774,framework:province:yobe:35ae28a01a0b,framework:province:yobe:35ae28a01a0b,"['framework:province:yobe:35ae28a01a0b', 'framework:area:nigeria:13573928575a', 'framework:region:west-tropical-africa:ba6e06497098', 'framework:subcontinent:western-africa:6280a2b17f17', 'framework:continent:africa:d14fc0b285b2']",5,['Yobe'],supported,yobe,Yobe,['Yobe'],['NG036017'],unique normalized current name/explicit alias,"[{'current_name': 'Yusufari', 'current_pcode': 'NG036017', 'current_parent': 'Yobe', 'parent_pcode': 'NG036', 'valid_on': '2019-04-17', 'area_km2': 3864.56087097, 'component_count': 1, 'WCA_point_count_by_code': 0, 'WCA_point_count_name_parent_candidate': 54, 'WCA_crosswalk_method': 'normalized ADM2+ADM1 labels; code-vintage mismatch candidate', 'WCA_points_inside_current_geometry': 54, 'WCA_same_code_points_outside_geometry': 0, 'Senegal_2017_OCHA_points_by_code': 0, 'Senegal_2017_points_inside_current_geometry': 0, 'admin_capital_records': 0}]",6,"{'current_name': 'Yusufari', 'current_pcode': 'NG036017', 'intersection_km2': 3755.285187, 'legacy_coverage_pct': 84.99611, 'screen_only': True}",0,54,0,0,[],insufficient-evidence,['physical land/island completeness and current settlement completeness remain unverified'],Pinned source role 'Local Government Areas' is independently represented as COD-AB ADM2 for these features; source role and administrative level alone do not certify tier purpose or physical extent.,"Source name/code, administration and settlement screens remain separate. No political title, full settlement population, complete land/island footprint, or region approval is inferred."
gb:NGA:ADM2:59680162B61092998371306,Alkaleri,Nigeria,gb:NGA:ADM2,2022,59680162B61092998371306,Alkaleri,Local Government Areas,True,774,framework:province:bauchi:6b44eaa0aa5b,framework:province:bauchi:6b44eaa0aa5b,"['framework:province:bauchi:6b44eaa0aa5b', 'framework:area:nigeria:13573928575a', 'framework:region:west-tropical-africa:ba6e06497098', 'framework:subcontinent:western-africa:6280a2b17f17', 'framework:continent:africa:d14fc0b285b2']",5,['Bauchi'],supported,bauchi,Bauchi,['Bauchi'],['NG005001'],unique normalized current name/explicit alias,"[{'current_name': 'Alkaleri', 'current_pcode': 'NG005001', 'current_parent': 'Bauchi', 'parent_pcode': 'NG005', 'valid_on': '2019-04-17', 'area_km2': 6015.07628538, 'component_count': 1, 'WCA_point_count_by_code': 0, 'WCA_point_count_name_parent_candidate': 115, 'WCA_crosswalk_method': 'normalized ADM2+ADM1 labels; code-vintage mismatch candidate', 'WCA_points_inside_current_geometry': 115, 'WCA_same_code_points_outside_geometry': 0, 'Senegal_2017_OCHA_points_by_code': 0, 'Senegal_2017_points_inside_current_geometry': 0, 'admin_capital_records': 0}]",9,"{'current_name': 'Alkaleri', 'current_pcode': 'NG005001', 'intersection_km2': 5917.767393, 'legacy_coverage_pct': 83.17115, 'screen_only': True}",0,115,0,0,[],insufficient-evidence,['physical land/island completeness and current settlement completeness remain unverified'],Pinned source role 'Local Government Areas' is independently represented as COD-AB ADM2 for these features; source role and administrative level alone do not certify tier purpose or physical extent.,"Source name/code, administration and settlement screens remain separate. No political title, full settlement population, complete land/island footprint, or region approval is inferred."
gb:NGA:ADM2:59680162B61170702756328,Ussa,Nigeria,gb:NGA:ADM2,2022,59680162B61170702756328,Ussa,Local Government Areas,True,774,framework:province:taraba:34f4cd78bd99,framework:province:taraba:34f4cd78bd99,"['framework:province:taraba:34f4cd78bd99', 'framework:area:nigeria:13573928575a', 'framework:region:west-tropical-africa:ba6e06497098', 'framework:subcontinent:western-africa:6280a2b17f17', 'framework:continent:africa:d14fc0b285b2']",5,['Taraba'],supported,taraba,Taraba,['Taraba'],['NG035013'],unique normalized current name/explicit alias,"[{'current_name': 'Ussa', 'current_pcode': 'NG035013', 'current_parent': 'Taraba', 'parent_pcode': 'NG035', 'valid_on': '2019-04-17', 'area_km2': 1495.02340535, 'component_count': 1, 'WCA_point_count_by_code': 0, 'WCA_point_count_name_parent_candidate': 119, 'WCA_crosswalk_method': 'normalized ADM2+ADM1 labels; code-vintage mismatch candidate', 'WCA_points_inside_current_geometry': 119, 'WCA_same_code_points_outside_geometry': 0, 'Senegal_2017_OCHA_points_by_code': 0, 'Senegal_2017_points_inside_current_geometry': 0, 'admin_capital_records': 0}]",3,"{'current_name': 'Ussa', 'current_pcode': 'NG035013', 'intersection_km2': 807.451104, 'legacy_coverage_pct': 85.34221, 'screen_only': True}",0,119,0,0,[],insufficient-evidence,['physical land/island completeness and current settlement completeness remain unverified'],Pinned source role 'Local Government Areas' is independently represented as COD-AB ADM2 for these features; source role and administrative level alone do not certify tier purpose or physical extent.,"Source name/code, administration and settlement screens remain separate. No political title, full settlement population, complete land/island footprint, or region approval is inferred."
gb:NGA:ADM2:59680162B61760155439631,Girei,Nigeria,gb:NGA:ADM2,2022,59680162B61760155439631,Girei,Local Government Areas,True,774,framework:province:adamawa:6aa47652a3d5,framework:province:adamawa:6aa47652a3d5,"['framework:province:adamawa:6aa47652a3d5', 'framework:area:nigeria:13573928575a', 'framework:region:west-tropical-africa:ba6e06497098', 'framework:subcontinent:western-africa:6280a2b17f17', 'framework:continent:africa:d14fc0b285b2']",5,['Adamawa'],supported,adamawa,Adamawa,['Adamawa'],['NG002005'],unique normalized current name/explicit alias,"[{'current_name': 'Girei', 'current_pcode': 'NG002005', 'current_parent': 'Adamawa', 'parent_pcode': 'NG002', 'valid_on': '2019-04-17', 'area_km2': 1193.35105585, 'component_count': 1, 'WCA_point_count_by_code': 0, 'WCA_point_count_name_parent_candidate': 83, 'WCA_crosswalk_method': 'normalized ADM2+ADM1 labels; code-vintage mismatch candidate', 'WCA_points_inside_current_geometry': 83, 'WCA_same_code_points_outside_geometry': 0, 'Senegal_2017_OCHA_points_by_code': 0, 'Senegal_2017_points_inside_current_geometry': 0, 'admin_capital_records': 0}]",6,"{'current_name': 'Girei', 'current_pcode': 'NG002005', 'intersection_km2': 997.112796, 'legacy_coverage_pct': 95.7539, 'screen_only': True}",0,83,0,0,[],insufficient-evidence,['physical land/island completeness and current settlement completeness remain unverified'],Pinned source role 'Local Government Areas' is independently represented as COD-AB ADM2 for these features; source role and administrative level alone do not certify tier purpose or physical extent.,"Source name/code, administration and settlement screens remain separate. No political title, full settlement population, complete land/island footprint, or region approval is inferred."
gb:NGA:ADM2:59680162B61995403132351,Agatu,Nigeria,gb:NGA:ADM2,2022,59680162B61995403132351,Agatu,Local Government Areas,True,774,framework:province:benue:bb5576291a52,framework:province:benue:bb5576291a52,"['framework:province:benue:bb5576291a52', 'framework:area:nigeria:13573928575a', 'framework:region:west-tropical-africa:ba6e06497098', 'framework:subcontinent:western-africa:6280a2b17f17', 'framework:continent:africa:d14fc0b285b2']",5,['Benue'],supported,benue,Benue,['Benue'],['NG007002'],unique normalized current name/explicit alias,"[{'current_name': 'Agatu', 'current_pcode': 'NG007002', 'current_parent': 'Benue', 'parent_pcode': 'NG007', 'valid_on': '2019-04-17', 'area_km2': 1047.66594818, 'component_count': 1, 'WCA_point_count_by_code': 0, 'WCA_point_count_name_parent_candidate': 50, 'WCA_crosswalk_method': 'normalized ADM2+ADM1 labels; code-vintage mismatch candidate', 'WCA_points_inside_current_geometry': 50, 'WCA_same_code_points_outside_geometry': 0, 'Senegal_2017_OCHA_points_by_code': 0, 'Senegal_2017_points_inside_current_geometry': 0, 'admin_capital_records': 0}]",6,"{'current_name': 'Agatu', 'current_pcode': 'NG007002', 'intersection_km2': 951.516755, 'legacy_coverage_pct': 89.32484, 'screen_only': True}",0,50,0,0,[],insufficient-evidence,['physical land/island completeness and current settlement completeness remain unverified'],Pinned source role 'Local Government Areas' is independently represented as COD-AB ADM2 for these features; source role and administrative level alone do not certify tier purpose or physical extent.,"Source name/code, administration and settlement screens remain separate. No political title, full settlement population, complete land/island footprint, or region approval is inferred."
gb:NGA:ADM2:59680162B63392407575553,Nafada,Nigeria,gb:NGA:ADM2,2022,59680162B63392407575553,Nafada,Local Government Areas,True,774,framework:province:gombe:a5889db98604,framework:province:gombe:a5889db98604,"['framework:province:gombe:a5889db98604', 'framework:area:nigeria:13573928575a', 'framework:region:west-tropical-africa:ba6e06497098', 'framework:subcontinent:western-africa:6280a2b17f17', 'framework:continent:africa:d14fc0b285b2']",5,['Gombe'],supported,gombe,Gombe,['Gombe'],['NG016009'],unique normalized current name/explicit alias,"[{'current_name': 'Nafada', 'current_pcode': 'NG016009', 'current_parent': 'Gombe', 'parent_pcode': 'NG016', 'valid_on': '2019-04-17', 'area_km2': 1577.9577221, 'component_count': 1, 'WCA_point_count_by_code': 0, 'WCA_point_count_name_parent_candidate': 83, 'WCA_crosswalk_method': 'normalized ADM2+ADM1 labels; code-vintage mismatch candidate', 'WCA_points_inside_current_geometry': 83, 'WCA_same_code_points_outside_geometry': 0, 'Senegal_2017_OCHA_points_by_code': 0, 'Senegal_2017_points_inside_current_geometry': 0, 'admin_capital_records': 0}]",3,"{'current_name': 'Nafada', 'current_pcode': 'NG016009', 'intersection_km2': 1196.462763, 'legacy_coverage_pct': 98.09033, 'screen_only': True}",0,83,0,0,[],insufficient-evidence,['physical land/island completeness and current settlement completeness remain unverified'],Pinned source role 'Local Government Areas' is independently represented as COD-AB ADM2 for these features; source role and administrative level alone do not certify tier purpose or physical extent.,"Source name/code, administration and settlement screens remain separate. No political title, full settlement population, complete land/island footprint, or region approval is inferred."
gb:NGA:ADM2:59680162B64183111122385,Shomgom,Nigeria,gb:NGA:ADM2,2022,59680162B64183111122385,Shomgom,Local Government Areas,True,774,framework:province:gombe:a5889db98604,framework:province:gombe:a5889db98604,"['framework:province:gombe:a5889db98604', 'framework:area:nigeria:13573928575a', 'framework:region:west-tropical-africa:ba6e06497098', 'framework:subcontinent:western-africa:6280a2b17f17', 'framework:continent:africa:d14fc0b285b2']",5,['Gombe'],supported,gombe,Gombe,['Gombe'],['NG016010'],unique normalized current name/explicit alias,"[{'current_name': 'Shomgom', 'current_pcode': 'NG016010', 'current_parent': 'Gombe', 'parent_pcode': 'NG016', 'valid_on': '2019-04-17', 'area_km2': 867.82660138, 'component_count': 1, 'WCA_point_count_by_code': 0, 'WCA_point_count_name_parent_candidate': 27, 'WCA_crosswalk_method': 'normalized ADM2+ADM1 labels; code-vintage mismatch candidate', 'WCA_points_inside_current_geometry': 27, 'WCA_same_code_points_outside_geometry': 0, 'Senegal_2017_OCHA_points_by_code': 0, 'Senegal_2017_points_inside_current_geometry': 0, 'admin_capital_records': 0}]",6,"{'current_name': 'Shomgom', 'current_pcode': 'NG016010', 'intersection_km2': 843.162077, 'legacy_coverage_pct': 86.38257, 'screen_only': True}",0,27,0,0,[],insufficient-evidence,['physical land/island completeness and current settlement completeness remain unverified'],Pinned source role 'Local Government Areas' is independently represented as COD-AB ADM2 for these features; source role and administrative level alone do not certify tier purpose or physical extent.,"Source name/code, administration and settlement screens remain separate. No political title, full settlement population, complete land/island footprint, or region approval is inferred."
gb:NGA:ADM2:59680162B64636531363939,Gwiwa,Nigeria,gb:NGA:ADM2,2022,59680162B64636531363939,Gwiwa,Local Government Areas,True,774,framework:province:jigawa:8a28f64b5048,framework:province:jigawa:8a28f64b5048,"['framework:province:jigawa:8a28f64b5048', 'framework:area:nigeria:13573928575a', 'framework:region:west-tropical-africa:ba6e06497098', 'framework:subcontinent:western-africa:6280a2b17f17', 'framework:continent:africa:d14fc0b285b2']",5,['Jigawa'],supported,jigawa,Jigawa,['Jigawa'],['NG018012'],unique normalized current name/explicit alias,"[{'current_name': 'Gwiwa', 'current_pcode': 'NG018012', 'current_parent': 'Jigawa', 'parent_pcode': 'NG018', 'valid_on': '2019-04-17', 'area_km2': 451.54205796, 'component_count': 1, 'WCA_point_count_by_code': 0, 'WCA_point_count_name_parent_candidate': 33, 'WCA_crosswalk_method': 'normalized ADM2+ADM1 labels; code-vintage mismatch candidate', 'WCA_points_inside_current_geometry': 33, 'WCA_same_code_points_outside_geometry': 0, 'Senegal_2017_OCHA_points_by_code': 0, 'Senegal_2017_points_inside_current_geometry': 0, 'admin_capital_records': 0}]",6,"{'current_name': 'Gwiwa', 'current_pcode': 'NG018012', 'intersection_km2': 407.256081, 'legacy_coverage_pct': 92.39459, 'screen_only': True}",0,33,0,0,[],insufficient-evidence,['physical land/island completeness and current settlement completeness remain unverified'],Pinned source role 'Local Government Areas' is independently represented as COD-AB ADM2 for these features; source role and administrative level alone do not certify tier purpose or physical extent.,"Source name/code, administration and settlement screens remain separate. No political title, full settlement population, complete land/island footprint, or region approval is inferred."
gb:NGA:ADM2:59680162B64727590098747,Jere,Nigeria,gb:NGA:ADM2,2022,59680162B64727590098747,Jere,Local Government Areas,True,774,framework:province:borno:c07e4cd1e5ad,framework:province:borno:c07e4cd1e5ad,"['framework:province:borno:c07e4cd1e5ad', 'framework:area:nigeria:13573928575a', 'framework:region:west-tropical-africa:ba6e06497098', 'framework:subcontinent:western-africa:6280a2b17f17', 'framework:continent:africa:d14fc0b285b2']",5,['Borno'],supported,borno,Borno,['Borno'],['NG008013'],unique normalized current name/explicit alias,"[{'current_name': 'Jere', 'current_pcode': 'NG008013', 'current_parent': 'Borno', 'parent_pcode': 'NG008', 'valid_on': '2019-04-17', 'area_km2': 843.30495343, 'component_count': 1, 'WCA_point_count_by_code': 0, 'WCA_point_count_name_parent_candidate': 20, 'WCA_crosswalk_method': 'normalized ADM2+ADM1 labels; code-vintage mismatch candidate', 'WCA_points_inside_current_geometry': 20, 'WCA_same_code_points_outside_geometry': 0, 'Senegal_2017_OCHA_points_by_code': 0, 'Senegal_2017_points_inside_current_geometry': 0, 'admin_capital_records': 0}]",5,"{'current_name': 'Jere', 'current_pcode': 'NG008013', 'intersection_km2': 663.895327, 'legacy_coverage_pct': 83.67971, 'screen_only': True}",0,20,0,0,[],insufficient-evidence,['physical land/island completeness and current settlement completeness remain unverified'],Pinned source role 'Local Government Areas' is independently represented as COD-AB ADM2 for these features; source role and administrative level alone do not certify tier purpose or physical extent.,"Source name/code, administration and settlement screens remain separate. No political title, full settlement population, complete land/island footprint, or region approval is inferred."
gb:NGA:ADM2:59680162B65118596491840,Hawul,Nigeria,gb:NGA:ADM2,2022,59680162B65118596491840,Hawul,Local Government Areas,True,774,framework:province:borno:c07e4cd1e5ad,framework:province:borno:c07e4cd1e5ad,"['framework:province:borno:c07e4cd1e5ad', 'framework:area:nigeria:13573928575a', 'framework:region:west-tropical-africa:ba6e06497098', 'framework:subcontinent:western-africa:6280a2b17f17', 'framework:continent:africa:d14fc0b285b2']",5,['Borno'],supported,borno,Borno,['Borno'],['NG008012'],unique normalized current name/explicit alias,"[{'current_name': 'Hawul', 'current_pcode': 'NG008012', 'current_parent': 'Borno', 'parent_pcode': 'NG008', 'valid_on': '2019-04-17', 'area_km2': 2012.94906619, 'component_count': 1, 'WCA_point_count_by_code': 0, 'WCA_point_count_name_parent_candidate': 560, 'WCA_crosswalk_method': 'normalized ADM2+ADM1 labels; code-vintage mismatch candidate', 'WCA_points_inside_current_geometry': 560, 'WCA_same_code_points_outside_geometry': 0, 'Senegal_2017_OCHA_points_by_code': 0, 'Senegal_2017_points_inside_current_geometry': 0, 'admin_capital_records': 0}]",6,"{'current_name': 'Hawul', 'current_pcode': 'NG008012', 'intersection_km2': 1741.396175, 'legacy_coverage_pct': 93.28636, 'screen_only': True}",0,560,0,0,[],insufficient-evidence,['physical land/island completeness and current settlement completeness remain unverified'],Pinned source role 'Local Government Areas' is independently represented as COD-AB ADM2 for these features; source role and administrative level alone do not certify tier purpose or physical extent.,"Source name/code, administration and settlement screens remain separate. No political title, full settlement population, complete land/island footprint, or region approval is inferred."
gb:NGA:ADM2:59680162B65219804693248,Ngala,Nigeria,gb:NGA:ADM2,2022,59680162B65219804693248,Ngala,Local Government Areas,True,774,framework:province:borno:c07e4cd1e5ad,framework:province:borno:c07e4cd1e5ad,"['framework:province:borno:c07e4cd1e5ad', 'framework:area:nigeria:13573928575a', 'framework:region:west-tropical-africa:ba6e06497098', 'framework:subcontinent:western-africa:6280a2b17f17', 'framework:continent:africa:d14fc0b285b2']",5,['Borno'],supported,borno,Borno,['Borno'],['NG008025'],unique normalized current name/explicit alias,"[{'current_name': 'Ngala', 'current_pcode': 'NG008025', 'current_parent': 'Borno', 'parent_pcode': 'NG008', 'valid_on': '2019-04-17', 'area_km2': 1443.40551744, 'component_count': 1, 'WCA_point_count_by_code': 0, 'WCA_point_count_name_parent_candidate': 45, 'WCA_crosswalk_method': 'normalized ADM2+ADM1 labels; code-vintage mismatch candidate', 'WCA_points_inside_current_geometry': 45, 'WCA_same_code_points_outside_geometry': 0, 'Senegal_2017_OCHA_points_by_code': 0, 'Senegal_2017_points_inside_current_geometry': 0, 'admin_capital_records': 0}]",4,"{'current_name': 'Ngala', 'current_pcode': 'NG008025', 'intersection_km2': 1381.493966, 'legacy_coverage_pct': 69.03277, 'screen_only': True}",0,45,0,0,[],insufficient-evidence,['physical land/island completeness and current settlement completeness remain unverified'],Pinned source role 'Local Government Areas' is independently represented as COD-AB ADM2 for these features; source role and administrative level alone do not certify tier purpose or physical extent.,"Source name/code, administration and settlement screens remain separate. No political title, full settlement population, complete land/island footprint, or region approval is inferred."
gb:NGA:ADM2:59680162B6607126567740,Fufore,Nigeria,gb:NGA:ADM2,2022,59680162B6607126567740,Fufore,Local Government Areas,True,774,framework:province:adamawa:6aa47652a3d5,framework:province:adamawa:6aa47652a3d5,"['framework:province:adamawa:6aa47652a3d5', 'framework:area:nigeria:13573928575a', 'framework:region:west-tropical-africa:ba6e06497098', 'framework:subcontinent:western-africa:6280a2b17f17', 'framework:continent:africa:d14fc0b285b2']",5,['Adamawa'],supported,adamawa,Adamawa,['Adamawa'],['NG002002'],unique normalized current name/explicit alias,"[{'current_name': 'Fufore', 'current_pcode': 'NG002002', 'current_parent': 'Adamawa', 'parent_pcode': 'NG002', 'valid_on': '2019-04-17', 'area_km2': 4730.05574397, 'component_count': 1, 'WCA_point_count_by_code': 0, 'WCA_point_count_name_parent_candidate': 349, 'WCA_crosswalk_method': 'normalized ADM2+ADM1 labels; code-vintage mismatch candidate', 'WCA_points_inside_current_geometry': 349, 'WCA_same_code_points_outside_geometry': 0, 'Senegal_2017_OCHA_points_by_code': 0, 'Senegal_2017_points_inside_current_geometry': 0, 'admin_capital_records': 0}]",7,"{'current_name': 'Fufore', 'current_pcode': 'NG002002', 'intersection_km2': 4510.813446, 'legacy_coverage_pct': 89.04287, 'screen_only': True}",0,349,0,0,[],insufficient-evidence,['physical land/island completeness and current settlement completeness remain unverified'],Pinned source role 'Local Government Areas' is independently represented as COD-AB ADM2 for these features; source role and administrative level alone do not certify tier purpose or physical extent.,"Source name/code, administration and settlement screens remain separate. No political title, full settlement population, complete land/island footprint, or region approval is inferred."
gb:NGA:ADM2:59680162B66353567053476,Guri,Nigeria,gb:NGA:ADM2,2022,59680162B66353567053476,Guri,Local Government Areas,True,774,framework:province:jigawa:8a28f64b5048,framework:province:jigawa:8a28f64b5048,"['framework:province:jigawa:8a28f64b5048', 'framework:area:nigeria:13573928575a', 'framework:region:west-tropical-africa:ba6e06497098', 'framework:subcontinent:western-africa:6280a2b17f17', 'framework:continent:africa:d14fc0b285b2']",5,['Jigawa'],supported,jigawa,Jigawa,['Jigawa'],['NG018010'],unique normalized current name/explicit alias,"[{'current_name': 'Guri', 'current_pcode': 'NG018010', 'current_parent': 'Jigawa', 'parent_pcode': 'NG018', 'valid_on': '2019-04-17', 'area_km2': 1064.13935785, 'component_count': 1, 'WCA_point_count_by_code': 0, 'WCA_point_count_name_parent_candidate': 28, 'WCA_crosswalk_method': 'normalized ADM2+ADM1 labels; code-vintage mismatch candidate', 'WCA_points_inside_current_geometry': 28, 'WCA_same_code_points_outside_geometry': 0, 'Senegal_2017_OCHA_points_by_code': 0, 'Senegal_2017_points_inside_current_geometry': 0, 'admin_capital_records': 0}]",7,"{'current_name': 'Guri', 'current_pcode': 'NG018010', 'intersection_km2': 981.566096, 'legacy_coverage_pct': 93.89133, 'screen_only': True}",0,28,0,0,[],insufficient-evidence,['physical land/island completeness and current settlement completeness remain unverified'],Pinned source role 'Local Government Areas' is independently represented as COD-AB ADM2 for these features; source role and administrative level alone do not certify tier purpose or physical extent.,"Source name/code, administration and settlement screens remain separate. No political title, full settlement population, complete land/island footprint, or region approval is inferred."
gb:NGA:ADM2:59680162B66628176907248,Mayo-Belwa,Nigeria,gb:NGA:ADM2,2022,59680162B66628176907248,Mayo-Belwa,Local Government Areas,True,774,framework:province:adamawa:6aa47652a3d5,framework:province:adamawa:6aa47652a3d5,"['framework:province:adamawa:6aa47652a3d5', 'framework:area:nigeria:13573928575a', 'framework:region:west-tropical-africa:ba6e06497098', 'framework:subcontinent:western-africa:6280a2b17f17', 'framework:continent:africa:d14fc0b285b2']",5,['Adamawa'],supported,adamawa,Adamawa,['Adamawa'],['NG002012'],unique normalized current name/explicit alias,"[{'current_name': 'Mayo-Belwa', 'current_pcode': 'NG002012', 'current_parent': 'Adamawa', 'parent_pcode': 'NG002', 'valid_on': '2019-04-17', 'area_km2': 2108.98572093, 'component_count': 1, 'WCA_point_count_by_code': 0, 'WCA_point_count_name_parent_candidate': 157, 'WCA_crosswalk_method': 'normalized ADM2+ADM1 labels; code-vintage mismatch candidate', 'WCA_points_inside_current_geometry': 157, 'WCA_same_code_points_outside_geometry': 0, 'Senegal_2017_OCHA_points_by_code': 0, 'Senegal_2017_points_inside_current_geometry': 0, 'admin_capital_records': 0}]",9,"{'current_name': 'Mayo-Belwa', 'current_pcode': 'NG002012', 'intersection_km2': 2010.697372, 'legacy_coverage_pct': 84.91014, 'screen_only': True}",0,157,0,0,[],insufficient-evidence,['physical land/island completeness and current settlement completeness remain unverified'],Pinned source role 'Local Government Areas' is independently represented as COD-AB ADM2 for these features; source role and administrative level alone do not certify tier purpose or physical extent.,"Source name/code, administration and settlement screens remain separate. No political title, full settlement population, complete land/island footprint, or region approval is inferred."
gb:NGA:ADM2:59680162B67238968218645,Tarmuwa,Nigeria,gb:NGA:ADM2,2022,59680162B67238968218645,Tarmuwa,Local Government Areas,True,774,framework:province:yobe:35ae28a01a0b,framework:province:yobe:35ae28a01a0b,"['framework:province:yobe:35ae28a01a0b', 'framework:area:nigeria:13573928575a', 'framework:region:west-tropical-africa:ba6e06497098', 'framework:subcontinent:western-africa:6280a2b17f17', 'framework:continent:africa:d14fc0b285b2']",5,['Yobe'],supported,yobe,Yobe,['Yobe'],['NG036015'],unique normalized current name/explicit alias,"[{'current_name': 'Tarmua', 'current_pcode': 'NG036015', 'current_parent': 'Yobe', 'parent_pcode': 'NG036', 'valid_on': '2019-04-17', 'area_km2': 4525.37792635, 'component_count': 1, 'WCA_point_count_by_code': 0, 'WCA_point_count_name_parent_candidate': 29, 'WCA_crosswalk_method': 'normalized ADM2+ADM1 labels; code-vintage mismatch candidate', 'WCA_points_inside_current_geometry': 29, 'WCA_same_code_points_outside_geometry': 0, 'Senegal_2017_OCHA_points_by_code': 0, 'Senegal_2017_points_inside_current_geometry': 0, 'admin_capital_records': 0}]",6,"{'current_name': 'Tarmua', 'current_pcode': 'NG036015', 'intersection_km2': 3785.605624, 'legacy_coverage_pct': 95.02748, 'screen_only': True}",0,29,0,0,[],insufficient-evidence,['physical land/island completeness and current settlement completeness remain unverified'],Pinned source role 'Local Government Areas' is independently represented as COD-AB ADM2 for these features; source role and administrative level alone do not certify tier purpose or physical extent.,"Source name/code, administration and settlement screens remain separate. No political title, full settlement population, complete land/island footprint, or region approval is inferred."
gb:NGA:ADM2:59680162B67606782034303,Katsina-Ala,Nigeria,gb:NGA:ADM2,2022,59680162B67606782034303,Katsina-Ala,Local Government Areas,True,774,framework:province:benue:bb5576291a52,framework:province:benue:bb5576291a52,"['framework:province:benue:bb5576291a52', 'framework:area:nigeria:13573928575a', 'framework:region:west-tropical-africa:ba6e06497098', 'framework:subcontinent:western-africa:6280a2b17f17', 'framework:continent:africa:d14fc0b285b2']",5,['Benue'],supported,benue,Benue,['Benue'],['NG007009'],unique normalized current name/explicit alias,"[{'current_name': 'Katsina-Ala', 'current_pcode': 'NG007009', 'current_parent': 'Benue', 'parent_pcode': 'NG007', 'valid_on': '2019-04-17', 'area_km2': 2691.14307551, 'component_count': 1, 'WCA_point_count_by_code': 0, 'WCA_point_count_name_parent_candidate': 8, 'WCA_crosswalk_method': 'normalized ADM2+ADM1 labels; code-vintage mismatch candidate', 'WCA_points_inside_current_geometry': 8, 'WCA_same_code_points_outside_geometry': 0, 'Senegal_2017_OCHA_points_by_code': 0, 'Senegal_2017_points_inside_current_geometry': 0, 'admin_capital_records': 0}]",7,"{'current_name': 'Katsina-Ala', 'current_pcode': 'NG007009', 'intersection_km2': 2185.78985, 'legacy_coverage_pct': 89.18937, 'screen_only': True}",0,8,0,0,[],insufficient-evidence,['physical land/island completeness and current settlement completeness remain unverified'],Pinned source role 'Local Government Areas' is independently represented as COD-AB ADM2 for these features; source role and administrative level alone do not certify tier purpose or physical extent.,"Source name/code, administration and settlement screens remain separate. No political title, full settlement population, complete land/island footprint, or region approval is inferred."
gb:NGA:ADM2:59680162B67680561366569,Karasuwa,Nigeria,gb:NGA:ADM2,2022,59680162B67680561366569,Karasuwa,Local Government Areas,True,774,framework:province:yobe:35ae28a01a0b,framework:province:yobe:35ae28a01a0b,"['framework:province:yobe:35ae28a01a0b', 'framework:area:nigeria:13573928575a', 'framework:region:west-tropical-africa:ba6e06497098', 'framework:subcontinent:western-africa:6280a2b17f17', 'framework:continent:africa:d14fc0b285b2']",5,['Yobe'],supported,yobe,Yobe,['Yobe'],['NG036010'],unique normalized current name/explicit alias,"[{'current_name': 'Karasuwa', 'current_pcode': 'NG036010', 'current_parent': 'Yobe', 'parent_pcode': 'NG036', 'valid_on': '2019-04-17', 'area_km2': 1332.05229765, 'component_count': 1, 'WCA_point_count_by_code': 0, 'WCA_point_count_name_parent_candidate': 22, 'WCA_crosswalk_method': 'normalized ADM2+ADM1 labels; code-vintage mismatch candidate', 'WCA_points_inside_current_geometry': 22, 'WCA_same_code_points_outside_geometry': 0, 'Senegal_2017_OCHA_points_by_code': 0, 'Senegal_2017_points_inside_current_geometry': 0, 'admin_capital_records': 0}]",6,"{'current_name': 'Karasuwa', 'current_pcode': 'NG036010', 'intersection_km2': 1157.848828, 'legacy_coverage_pct': 87.59332, 'screen_only': True}",0,22,0,0,[],insufficient-evidence,['physical land/island completeness and current settlement completeness remain unverified'],Pinned source role 'Local Government Areas' is independently represented as COD-AB ADM2 for these features; source role and administrative level alone do not certify tier purpose or physical extent.,"Source name/code, administration and settlement screens remain separate. No political title, full settlement population, complete land/island footprint, or region approval is inferred."
gb:NGA:ADM2:59680162B68239008143557,Mangu,Nigeria,gb:NGA:ADM2,2022,59680162B68239008143557,Mangu,Local Government Areas,True,774,framework:province:plateau:14e62370a737,framework:province:plateau:14e62370a737,"['framework:province:plateau:14e62370a737', 'framework:area:nigeria:13573928575a', 'framework:region:west-tropical-africa:ba6e06497098', 'framework:subcontinent:western-africa:6280a2b17f17', 'framework:continent:africa:d14fc0b285b2']",5,['Plateau'],supported,plateau,Plateau,['Plateau'],['NG032011'],unique normalized current name/explicit alias,"[{'current_name': 'Mangu', 'current_pcode': 'NG032011', 'current_parent': 'Plateau', 'parent_pcode': 'NG032', 'valid_on': '2019-04-17', 'area_km2': 1609.6794799, 'component_count': 1, 'WCA_point_count_by_code': 0, 'WCA_point_count_name_parent_candidate': 44, 'WCA_crosswalk_method': 'normalized ADM2+ADM1 labels; code-vintage mismatch candidate', 'WCA_points_inside_current_geometry': 44, 'WCA_same_code_points_outside_geometry': 0, 'Senegal_2017_OCHA_points_by_code': 0, 'Senegal_2017_points_inside_current_geometry': 0, 'admin_capital_records': 0}]",7,"{'current_name': 'Mangu', 'current_pcode': 'NG032011', 'intersection_km2': 1492.838969, 'legacy_coverage_pct': 92.15561, 'screen_only': True}",0,44,0,0,[],insufficient-evidence,['physical land/island completeness and current settlement completeness remain unverified'],Pinned source role 'Local Government Areas' is independently represented as COD-AB ADM2 for these features; source role and administrative level alone do not certify tier purpose or physical extent.,"Source name/code, administration and settlement screens remain separate. No political title, full settlement population, complete land/island footprint, or region approval is inferred."
gb:NGA:ADM2:59680162B69095881694103,Gboko,Nigeria,gb:NGA:ADM2,2022,59680162B69095881694103,Gboko,Local Government Areas,True,774,framework:province:benue:bb5576291a52,framework:province:benue:bb5576291a52,"['framework:province:benue:bb5576291a52', 'framework:area:nigeria:13573928575a', 'framework:region:west-tropical-africa:ba6e06497098', 'framework:subcontinent:western-africa:6280a2b17f17', 'framework:continent:africa:d14fc0b285b2']",5,['Benue'],supported,benue,Benue,['Benue'],['NG007005'],unique normalized current name/explicit alias,"[{'current_name': 'Gboko', 'current_pcode': 'NG007005', 'current_parent': 'Benue', 'parent_pcode': 'NG007', 'valid_on': '2019-04-17', 'area_km2': 1899.69519959, 'component_count': 1, 'WCA_point_count_by_code': 0, 'WCA_point_count_name_parent_candidate': 616, 'WCA_crosswalk_method': 'normalized ADM2+ADM1 labels; code-vintage mismatch candidate', 'WCA_points_inside_current_geometry': 616, 'WCA_same_code_points_outside_geometry': 0, 'Senegal_2017_OCHA_points_by_code': 0, 'Senegal_2017_points_inside_current_geometry': 0, 'admin_capital_records': 0}]",4,"{'current_name': 'Gboko', 'current_pcode': 'NG007005', 'intersection_km2': 1574.5426, 'legacy_coverage_pct': 97.44226, 'screen_only': True}",0,616,0,0,[],insufficient-evidence,['physical land/island completeness and current settlement completeness remain unverified'],Pinned source role 'Local Government Areas' is independently represented as COD-AB ADM2 for these features; source role and administrative level alone do not certify tier purpose or physical extent.,"Source name/code, administration and settlement screens remain separate. No political title, full settlement population, complete land/island footprint, or region approval is inferred."
gb:NGA:ADM2:59680162B6932812925911,Apa,Nigeria,gb:NGA:ADM2,2022,59680162B6932812925911,Apa,Local Government Areas,True,774,framework:province:benue:bb5576291a52,framework:province:benue:bb5576291a52,"['framework:province:benue:bb5576291a52', 'framework:area:nigeria:13573928575a', 'framework:region:west-tropical-africa:ba6e06497098', 'framework:subcontinent:western-africa:6280a2b17f17', 'framework:continent:africa:d14fc0b285b2']",5,['Benue'],supported,benue,Benue,['Benue'],['NG007003'],unique normalized current name/explicit alias,"[{'current_name': 'Apa', 'current_pcode': 'NG007003', 'current_parent': 'Benue', 'parent_pcode': 'NG007', 'valid_on': '2019-04-17', 'area_km2': 927.2803983, 'component_count': 1, 'WCA_point_count_by_code': 0, 'WCA_point_count_name_parent_candidate': 37, 'WCA_crosswalk_method': 'normalized ADM2+ADM1 labels; code-vintage mismatch candidate', 'WCA_points_inside_current_geometry': 37, 'WCA_same_code_points_outside_geometry': 0, 'Senegal_2017_OCHA_points_by_code': 0, 'Senegal_2017_points_inside_current_geometry': 0, 'admin_capital_records': 0}]",6,"{'current_name': 'Apa', 'current_pcode': 'NG007003', 'intersection_km2': 855.548531, 'legacy_coverage_pct': 80.08248, 'screen_only': True}",0,37,0,0,[],insufficient-evidence,['physical land/island completeness and current settlement completeness remain unverified'],Pinned source role 'Local Government Areas' is independently represented as COD-AB ADM2 for these features; source role and administrative level alone do not certify tier purpose or physical extent.,"Source name/code, administration and settlement screens remain separate. No political title, full settlement population, complete land/island footprint, or region approval is inferred."
gb:NGA:ADM2:59680162B69595078054024,Ushongo,Nigeria,gb:NGA:ADM2,2022,59680162B69595078054024,Ushongo,Local Government Areas,True,774,framework:province:benue:bb5576291a52,framework:province:benue:bb5576291a52,"['framework:province:benue:bb5576291a52', 'framework:area:nigeria:13573928575a', 'framework:region:west-tropical-africa:ba6e06497098', 'framework:subcontinent:western-africa:6280a2b17f17', 'framework:continent:africa:d14fc0b285b2']",5,['Benue'],supported,benue,Benue,['Benue'],['NG007022'],unique normalized current name/explicit alias,"[{'current_name': 'Ushongo', 'current_pcode': 'NG007022', 'current_parent': 'Benue', 'parent_pcode': 'NG007', 'valid_on': '2019-04-17', 'area_km2': 1379.95202082, 'component_count': 1, 'WCA_point_count_by_code': 0, 'WCA_point_count_name_parent_candidate': 403, 'WCA_crosswalk_method': 'normalized ADM2+ADM1 labels; code-vintage mismatch candidate', 'WCA_points_inside_current_geometry': 403, 'WCA_same_code_points_outside_geometry': 0, 'Senegal_2017_OCHA_points_by_code': 0, 'Senegal_2017_points_inside_current_geometry': 0, 'admin_capital_records': 0}]",5,"{'current_name': 'Ushongo', 'current_pcode': 'NG007022', 'intersection_km2': 813.971148, 'legacy_coverage_pct': 78.5878, 'screen_only': True}",0,403,0,0,[],insufficient-evidence,['physical land/island completeness and current settlement completeness remain unverified'],Pinned source role 'Local Government Areas' is independently represented as COD-AB ADM2 for these features; source role and administrative level alone do not certify tier purpose or physical extent.,"Source name/code, administration and settlement screens remain separate. No political title, full settlement population, complete land/island footprint, or region approval is inferred."
gb:NGA:ADM2:59680162B70118559758614,Geidam,Nigeria,gb:NGA:ADM2,2022,59680162B70118559758614,Geidam,Local Government Areas,True,774,framework:province:yobe:35ae28a01a0b,framework:province:yobe:35ae28a01a0b,"['framework:province:yobe:35ae28a01a0b', 'framework:area:nigeria:13573928575a', 'framework:region:west-tropical-africa:ba6e06497098', 'framework:subcontinent:western-africa:6280a2b17f17', 'framework:continent:africa:d14fc0b285b2']",5,['Yobe'],supported,yobe,Yobe,['Yobe'],['NG036006'],unique normalized current name/explicit alias,"[{'current_name': 'Geidam', 'current_pcode': 'NG036006', 'current_parent': 'Yobe', 'parent_pcode': 'NG036', 'valid_on': '2019-04-17', 'area_km2': 3840.76594591, 'component_count': 1, 'WCA_point_count_by_code': 0, 'WCA_point_count_name_parent_candidate': 61, 'WCA_crosswalk_method': 'normalized ADM2+ADM1 labels; code-vintage mismatch candidate', 'WCA_points_inside_current_geometry': 61, 'WCA_same_code_points_outside_geometry': 0, 'Senegal_2017_OCHA_points_by_code': 0, 'Senegal_2017_points_inside_current_geometry': 0, 'admin_capital_records': 0}]",7,"{'current_name': 'Geidam', 'current_pcode': 'NG036006', 'intersection_km2': 3616.225102, 'legacy_coverage_pct': 92.10314, 'screen_only': True}",0,61,0,0,[],insufficient-evidence,['physical land/island completeness and current settlement completeness remain unverified'],Pinned source role 'Local Government Areas' is independently represented as COD-AB ADM2 for these features; source role and administrative level alone do not certify tier purpose or physical extent.,"Source name/code, administration and settlement screens remain separate. No political title, full settlement population, complete land/island footprint, or region approval is inferred."
gb:NGA:ADM2:59680162B71065109904105,Garki,Nigeria,gb:NGA:ADM2,2022,59680162B71065109904105,Garki,Local Government Areas,True,774,framework:province:jigawa:8a28f64b5048,framework:province:jigawa:8a28f64b5048,"['framework:province:jigawa:8a28f64b5048', 'framework:area:nigeria:13573928575a', 'framework:region:west-tropical-africa:ba6e06497098', 'framework:subcontinent:western-africa:6280a2b17f17', 'framework:continent:africa:d14fc0b285b2']",5,['Jigawa'],supported,jigawa,Jigawa,['Jigawa'],['NG018008'],unique normalized current name/explicit alias,"[{'current_name': 'Garki', 'current_pcode': 'NG018008', 'current_parent': 'Jigawa', 'parent_pcode': 'NG018', 'valid_on': '2019-04-17', 'area_km2': 1409.33552608, 'component_count': 1, 'WCA_point_count_by_code': 0, 'WCA_point_count_name_parent_candidate': 127, 'WCA_crosswalk_method': 'normalized ADM2+ADM1 labels; code-vintage mismatch candidate', 'WCA_points_inside_current_geometry': 127, 'WCA_same_code_points_outside_geometry': 0, 'Senegal_2017_OCHA_points_by_code': 0, 'Senegal_2017_points_inside_current_geometry': 0, 'admin_capital_records': 0}]",9,"{'current_name': 'Garki', 'current_pcode': 'NG018008', 'intersection_km2': 1304.02759, 'legacy_coverage_pct': 94.09338, 'screen_only': True}",0,127,0,0,[],insufficient-evidence,['physical land/island completeness and current settlement completeness remain unverified'],Pinned source role 'Local Government Areas' is independently represented as COD-AB ADM2 for these features; source role and administrative level alone do not certify tier purpose or physical extent.,"Source name/code, administration and settlement screens remain separate. No political title, full settlement population, complete land/island footprint, or region approval is inferred."
gb:NGA:ADM2:59680162B72495617993590,Mikang,Nigeria,gb:NGA:ADM2,2022,59680162B72495617993590,Mikang,Local Government Areas,True,774,framework:province:plateau:14e62370a737,framework:province:plateau:14e62370a737,"['framework:province:plateau:14e62370a737', 'framework:area:nigeria:13573928575a', 'framework:region:west-tropical-africa:ba6e06497098', 'framework:subcontinent:western-africa:6280a2b17f17', 'framework:continent:africa:d14fc0b285b2']",5,['Plateau'],supported,plateau,Plateau,['Plateau'],['NG032012'],unique normalized current name/explicit alias,"[{'current_name': 'Mikang', 'current_pcode': 'NG032012', 'current_parent': 'Plateau', 'parent_pcode': 'NG032', 'valid_on': '2019-04-17', 'area_km2': 785.21771861, 'component_count': 1, 'WCA_point_count_by_code': 0, 'WCA_point_count_name_parent_candidate': 9, 'WCA_crosswalk_method': 'normalized ADM2+ADM1 labels; code-vintage mismatch candidate', 'WCA_points_inside_current_geometry': 9, 'WCA_same_code_points_outside_geometry': 0, 'Senegal_2017_OCHA_points_by_code': 0, 'Senegal_2017_points_inside_current_geometry': 0, 'admin_capital_records': 0}]",4,"{'current_name': 'Mikang', 'current_pcode': 'NG032012', 'intersection_km2': 704.735117, 'legacy_coverage_pct': 92.47646, 'screen_only': True}",0,9,0,0,[],insufficient-evidence,['physical land/island completeness and current settlement completeness remain unverified'],Pinned source role 'Local Government Areas' is independently represented as COD-AB ADM2 for these features; source role and administrative level alone do not certify tier purpose or physical extent.,"Source name/code, administration and settlement screens remain separate. No political title, full settlement population, complete land/island footprint, or region approval is inferred."
gb:NGA:ADM2:59680162B72688070781247,Donga,Nigeria,gb:NGA:ADM2,2022,59680162B72688070781247,Donga,Local Government Areas,True,774,framework:province:taraba:34f4cd78bd99,framework:province:taraba:34f4cd78bd99,"['framework:province:taraba:34f4cd78bd99', 'framework:area:nigeria:13573928575a', 'framework:region:west-tropical-africa:ba6e06497098', 'framework:subcontinent:western-africa:6280a2b17f17', 'framework:continent:africa:d14fc0b285b2']",5,['Taraba'],supported,taraba,Taraba,['Taraba'],['NG035003'],unique normalized current name/explicit alias,"[{'current_name': 'Donga', 'current_pcode': 'NG035003', 'current_parent': 'Taraba', 'parent_pcode': 'NG035', 'valid_on': '2019-04-17', 'area_km2': 3041.17806273, 'component_count': 1, 'WCA_point_count_by_code': 0, 'WCA_point_count_name_parent_candidate': 172, 'WCA_crosswalk_method': 'normalized ADM2+ADM1 labels; code-vintage mismatch candidate', 'WCA_points_inside_current_geometry': 172, 'WCA_same_code_points_outside_geometry': 0, 'Senegal_2017_OCHA_points_by_code': 0, 'Senegal_2017_points_inside_current_geometry': 0, 'admin_capital_records': 0}]",9,"{'current_name': 'Donga', 'current_pcode': 'NG035003', 'intersection_km2': 3013.351491, 'legacy_coverage_pct': 97.45241, 'screen_only': True}",0,172,0,0,[],insufficient-evidence,['physical land/island completeness and current settlement completeness remain unverified'],Pinned source role 'Local Government Areas' is independently represented as COD-AB ADM2 for these features; source role and administrative level alone do not certify tier purpose or physical extent.,"Source name/code, administration and settlement screens remain separate. No political title, full settlement population, complete land/island footprint, or region approval is inferred."
gb:NGA:ADM2:59680162B7272699675434,Birnin Kudu,Nigeria,gb:NGA:ADM2,2022,59680162B7272699675434,Birnin Kudu,Local Government Areas,True,774,framework:province:jigawa:8a28f64b5048,framework:province:jigawa:8a28f64b5048,"['framework:province:jigawa:8a28f64b5048', 'framework:area:nigeria:13573928575a', 'framework:region:west-tropical-africa:ba6e06497098', 'framework:subcontinent:western-africa:6280a2b17f17', 'framework:continent:africa:d14fc0b285b2']",5,['Jigawa'],supported,jigawa,Jigawa,['Jigawa'],['NG018004'],unique normalized current name/explicit alias,"[{'current_name': 'Birni Kudu', 'current_pcode': 'NG018004', 'current_parent': 'Jigawa', 'parent_pcode': 'NG018', 'valid_on': '2019-04-17', 'area_km2': 1403.58124053, 'component_count': 1, 'WCA_point_count_by_code': 0, 'WCA_point_count_name_parent_candidate': 55, 'WCA_crosswalk_method': 'normalized ADM2+ADM1 labels; code-vintage mismatch candidate', 'WCA_points_inside_current_geometry': 55, 'WCA_same_code_points_outside_geometry': 0, 'Senegal_2017_OCHA_points_by_code': 0, 'Senegal_2017_points_inside_current_geometry': 0, 'admin_capital_records': 0}]",8,"{'current_name': 'Birni Kudu', 'current_pcode': 'NG018004', 'intersection_km2': 1297.979118, 'legacy_coverage_pct': 89.45828, 'screen_only': True}",0,55,0,0,[],insufficient-evidence,['physical land/island completeness and current settlement completeness remain unverified'],Pinned source role 'Local Government Areas' is independently represented as COD-AB ADM2 for these features; source role and administrative level alone do not certify tier purpose or physical extent.,"Source name/code, administration and settlement screens remain separate. No political title, full settlement population, complete land/island footprint, or region approval is inferred."
gb:NGA:ADM2:59680162B74099392913903,Kanam,Nigeria,gb:NGA:ADM2,2022,59680162B74099392913903,Kanam,Local Government Areas,True,774,framework:province:plateau:14e62370a737,framework:province:plateau:14e62370a737,"['framework:province:plateau:14e62370a737', 'framework:area:nigeria:13573928575a', 'framework:region:west-tropical-africa:ba6e06497098', 'framework:subcontinent:western-africa:6280a2b17f17', 'framework:continent:africa:d14fc0b285b2']",5,['Plateau'],supported,plateau,Plateau,['Plateau'],['NG032007'],unique normalized current name/explicit alias,"[{'current_name': 'Kanam', 'current_pcode': 'NG032007', 'current_parent': 'Plateau', 'parent_pcode': 'NG032', 'valid_on': '2019-04-17', 'area_km2': 2745.85832166, 'component_count': 1, 'WCA_point_count_by_code': 0, 'WCA_point_count_name_parent_candidate': 48, 'WCA_crosswalk_method': 'normalized ADM2+ADM1 labels; code-vintage mismatch candidate', 'WCA_points_inside_current_geometry': 48, 'WCA_same_code_points_outside_geometry': 0, 'Senegal_2017_OCHA_points_by_code': 0, 'Senegal_2017_points_inside_current_geometry': 0, 'admin_capital_records': 0}]",8,"{'current_name': 'Kanam', 'current_pcode': 'NG032007', 'intersection_km2': 2553.294732, 'legacy_coverage_pct': 94.1375, 'screen_only': True}",0,48,0,0,[],insufficient-evidence,['physical land/island completeness and current settlement completeness remain unverified'],Pinned source role 'Local Government Areas' is independently represented as COD-AB ADM2 for these features; source role and administrative level alone do not certify tier purpose or physical extent.,"Source name/code, administration and settlement screens remain separate. No political title, full settlement population, complete land/island footprint, or region approval is inferred."
gb:NGA:ADM2:59680162B74336355497846,Biriniwa,Nigeria,gb:NGA:ADM2,2022,59680162B74336355497846,Biriniwa,Local Government Areas,True,774,framework:province:jigawa:8a28f64b5048,framework:province:jigawa:8a28f64b5048,"['framework:province:jigawa:8a28f64b5048', 'framework:area:nigeria:13573928575a', 'framework:region:west-tropical-africa:ba6e06497098', 'framework:subcontinent:western-africa:6280a2b17f17', 'framework:continent:africa:d14fc0b285b2']",5,['Jigawa'],supported,jigawa,Jigawa,['Jigawa'],['NG018003'],unique normalized current name/explicit alias,"[{'current_name': 'Biriniwa', 'current_pcode': 'NG018003', 'current_parent': 'Jigawa', 'parent_pcode': 'NG018', 'valid_on': '2019-04-17', 'area_km2': 1592.799118, 'component_count': 1, 'WCA_point_count_by_code': 0, 'WCA_point_count_name_parent_candidate': 28, 'WCA_crosswalk_method': 'normalized ADM2+ADM1 labels; code-vintage mismatch candidate', 'WCA_points_inside_current_geometry': 28, 'WCA_same_code_points_outside_geometry': 0, 'Senegal_2017_OCHA_points_by_code': 0, 'Senegal_2017_points_inside_current_geometry': 0, 'admin_capital_records': 0}]",7,"{'current_name': 'Biriniwa', 'current_pcode': 'NG018003', 'intersection_km2': 1510.955327, 'legacy_coverage_pct': 95.4662, 'screen_only': True}",0,28,0,0,[],insufficient-evidence,['physical land/island completeness and current settlement completeness remain unverified'],Pinned source role 'Local Government Areas' is independently represented as COD-AB ADM2 for these features; source role and administrative level alone do not certify tier purpose or physical extent.,"Source name/code, administration and settlement screens remain separate. No political title, full settlement population, complete land/island footprint, or region approval is inferred."
gb:NGA:ADM2:59680162B75172896497028,Obi,Nigeria,gb:NGA:ADM2,2022,59680162B75172896497028,Obi,Local Government Areas,True,774,framework:province:benue:bb5576291a52,framework:province:benue:bb5576291a52,"['framework:province:benue:bb5576291a52', 'framework:area:nigeria:13573928575a', 'framework:region:west-tropical-africa:ba6e06497098', 'framework:subcontinent:western-africa:6280a2b17f17', 'framework:continent:africa:d14fc0b285b2']",5,"['Benue', 'Nasarawa']",insufficient-evidence,benue,Benue;Nasarawa,"['Benue', 'Nasarawa']","['NG007014', 'NG026011']",duplicate normalized current name; all candidates retained and overlap-ranked,"[{'current_name': 'Obi', 'current_pcode': 'NG007014', 'current_parent': 'Benue', 'parent_pcode': 'NG007', 'valid_on': '2019-04-17', 'area_km2': 497.01362687, 'component_count': 1, 'WCA_point_count_by_code': 0, 'WCA_point_count_name_parent_candidate': 40, 'WCA_crosswalk_method': 'normalized ADM2+ADM1 labels; code-vintage mismatch candidate', 'WCA_points_inside_current_geometry': 40, 'WCA_same_code_points_outside_geometry': 0, 'Senegal_2017_OCHA_points_by_code': 0, 'Senegal_2017_points_inside_current_geometry': 0, 'admin_capital_records': 0}, {'current_name': 'Obi', 'current_pcode': 'NG026011', 'current_parent': 'Nasarawa', 'parent_pcode': 'NG026', 'valid_on': '2019-04-17', 'area_km2': 1016.40662732, 'component_count': 1, 'WCA_point_count_by_code': 0, 'WCA_point_count_name_parent_candidate': 93, 'WCA_crosswalk_method': 'normalized ADM2+ADM1 labels; code-vintage mismatch candidate', 'WCA_points_inside_current_geometry': 93, 'WCA_same_code_points_outside_geometry': 0, 'Senegal_2017_OCHA_points_by_code': 0, 'Senegal_2017_points_inside_current_geometry': 0, 'admin_capital_records': 0}]",4,"{'current_name': 'Obi', 'current_pcode': 'NG007014', 'intersection_km2': 388.77368, 'legacy_coverage_pct': 75.7106, 'screen_only': True}",0,133,0,0,[],insufficient-evidence,['multiple current same-name candidates'],Pinned source role 'Local Government Areas' is independently represented as COD-AB ADM2 for these features; source role and administrative level alone do not certify tier purpose or physical extent.,"Source name/code, administration and settlement screens remain separate. No political title, full settlement population, complete land/island footprint, or region approval is inferred."
gb:NGA:ADM2:59680162B75733324884372,Makurdi,Nigeria,gb:NGA:ADM2,2022,59680162B75733324884372,Makurdi,Local Government Areas,True,774,framework:province:benue:bb5576291a52,framework:province:benue:bb5576291a52,"['framework:province:benue:bb5576291a52', 'framework:area:nigeria:13573928575a', 'framework:region:west-tropical-africa:ba6e06497098', 'framework:subcontinent:western-africa:6280a2b17f17', 'framework:continent:africa:d14fc0b285b2']",5,['Benue'],supported,benue,Benue,['Benue'],['NG007013'],unique normalized current name/explicit alias,"[{'current_name': 'Makurdi', 'current_pcode': 'NG007013', 'current_parent': 'Benue', 'parent_pcode': 'NG007', 'valid_on': '2019-04-17', 'area_km2': 812.177442, 'component_count': 1, 'WCA_point_count_by_code': 0, 'WCA_point_count_name_parent_candidate': 145, 'WCA_crosswalk_method': 'normalized ADM2+ADM1 labels; code-vintage mismatch candidate', 'WCA_points_inside_current_geometry': 145, 'WCA_same_code_points_outside_geometry': 0, 'Senegal_2017_OCHA_points_by_code': 0, 'Senegal_2017_points_inside_current_geometry': 0, 'admin_capital_records': 0}]",5,"{'current_name': 'Makurdi', 'current_pcode': 'NG007013', 'intersection_km2': 686.309219, 'legacy_coverage_pct': 77.05643, 'screen_only': True}",0,145,0,0,[],insufficient-evidence,['physical land/island completeness and current settlement completeness remain unverified'],Pinned source role 'Local Government Areas' is independently represented as COD-AB ADM2 for these features; source role and administrative level alone do not certify tier purpose or physical extent.,"Source name/code, administration and settlement screens remain separate. No political title, full settlement population, complete land/island footprint, or region approval is inferred."
gb:NGA:ADM2:59680162B7635361694273,Qua'An Pan,Nigeria,gb:NGA:ADM2,2022,59680162B7635361694273,Qua'An Pan,Local Government Areas,True,774,framework:province:plateau:14e62370a737,framework:province:plateau:14e62370a737,"['framework:province:plateau:14e62370a737', 'framework:area:nigeria:13573928575a', 'framework:region:west-tropical-africa:ba6e06497098', 'framework:subcontinent:western-africa:6280a2b17f17', 'framework:continent:africa:d14fc0b285b2']",5,['Plateau'],supported,plateau,Plateau,['Plateau'],['NG032014'],unique normalized current name/explicit alias,"[{'current_name': ""Qua'an Pan"", 'current_pcode': 'NG032014', 'current_parent': 'Plateau', 'parent_pcode': 'NG032', 'valid_on': '2019-04-17', 'area_km2': 2539.91765817, 'component_count': 1, 'WCA_point_count_by_code': 0, 'WCA_point_count_name_parent_candidate': 16, 'WCA_crosswalk_method': 'normalized ADM2+ADM1 labels; code-vintage mismatch candidate', 'WCA_points_inside_current_geometry': 16, 'WCA_same_code_points_outside_geometry': 0, 'Senegal_2017_OCHA_points_by_code': 0, 'Senegal_2017_points_inside_current_geometry': 0, 'admin_capital_records': 0}]",7,"{'current_name': ""Qua'an Pan"", 'current_pcode': 'NG032014', 'intersection_km2': 2471.923311, 'legacy_coverage_pct': 94.28686, 'screen_only': True}",0,16,0,0,[],insufficient-evidence,['physical land/island completeness and current settlement completeness remain unverified'],Pinned source role 'Local Government Areas' is independently represented as COD-AB ADM2 for these features; source role and administrative level alone do not certify tier purpose or physical extent.,"Source name/code, administration and settlement screens remain separate. No political title, full settlement population, complete land/island footprint, or region approval is inferred."
gb:NGA:ADM2:59680162B76704120420691,Damaturu,Nigeria,gb:NGA:ADM2,2022,59680162B76704120420691,Damaturu,Local Government Areas,True,774,framework:province:yobe:35ae28a01a0b,framework:province:yobe:35ae28a01a0b,"['framework:province:yobe:35ae28a01a0b', 'framework:area:nigeria:13573928575a', 'framework:region:west-tropical-africa:ba6e06497098', 'framework:subcontinent:western-africa:6280a2b17f17', 'framework:continent:africa:d14fc0b285b2']",5,['Yobe'],supported,yobe,Yobe,['Yobe'],['NG036003'],unique normalized current name/explicit alias,"[{'current_name': 'Damaturu', 'current_pcode': 'NG036003', 'current_parent': 'Yobe', 'parent_pcode': 'NG036', 'valid_on': '2019-04-17', 'area_km2': 2343.70251948, 'component_count': 1, 'WCA_point_count_by_code': 0, 'WCA_point_count_name_parent_candidate': 32, 'WCA_crosswalk_method': 'normalized ADM2+ADM1 labels; code-vintage mismatch candidate', 'WCA_points_inside_current_geometry': 32, 'WCA_same_code_points_outside_geometry': 0, 'Senegal_2017_OCHA_points_by_code': 0, 'Senegal_2017_points_inside_current_geometry': 0, 'admin_capital_records': 0}]",6,"{'current_name': 'Damaturu', 'current_pcode': 'NG036003', 'intersection_km2': 2118.212284, 'legacy_coverage_pct': 89.09409, 'screen_only': True}",0,32,0,0,[],insufficient-evidence,['physical land/island completeness and current settlement completeness remain unverified'],Pinned source role 'Local Government Areas' is independently represented as COD-AB ADM2 for these features; source role and administrative level alone do not certify tier purpose or physical extent.,"Source name/code, administration and settlement screens remain separate. No political title, full settlement population, complete land/island footprint, or region approval is inferred."
gb:NGA:ADM2:59680162B76882427234764,Dutse,Nigeria,gb:NGA:ADM2,2022,59680162B76882427234764,Dutse,Local Government Areas,True,774,framework:province:jigawa:8a28f64b5048,framework:province:jigawa:8a28f64b5048,"['framework:province:jigawa:8a28f64b5048', 'framework:area:nigeria:13573928575a', 'framework:region:west-tropical-africa:ba6e06497098', 'framework:subcontinent:western-africa:6280a2b17f17', 'framework:continent:africa:d14fc0b285b2']",5,['Jigawa'],supported,jigawa,Jigawa,['Jigawa'],['NG018006'],unique normalized current name/explicit alias,"[{'current_name': 'Dutse', 'current_pcode': 'NG018006', 'current_parent': 'Jigawa', 'parent_pcode': 'NG018', 'valid_on': '2019-04-17', 'area_km2': 1029.20955208, 'component_count': 1, 'WCA_point_count_by_code': 0, 'WCA_point_count_name_parent_candidate': 24, 'WCA_crosswalk_method': 'normalized ADM2+ADM1 labels; code-vintage mismatch candidate', 'WCA_points_inside_current_geometry': 24, 'WCA_same_code_points_outside_geometry': 0, 'Senegal_2017_OCHA_points_by_code': 0, 'Senegal_2017_points_inside_current_geometry': 0, 'admin_capital_records': 0}]",9,"{'current_name': 'Dutse', 'current_pcode': 'NG018006', 'intersection_km2': 977.899849, 'legacy_coverage_pct': 89.80881, 'screen_only': True}",0,24,0,0,[],insufficient-evidence,['physical land/island completeness and current settlement completeness remain unverified'],Pinned source role 'Local Government Areas' is independently represented as COD-AB ADM2 for these features; source role and administrative level alone do not certify tier purpose or physical extent.,"Source name/code, administration and settlement screens remain separate. No political title, full settlement population, complete land/island footprint, or region approval is inferred."
gb:NGA:ADM2:59680162B80393484388201,Ibi,Nigeria,gb:NGA:ADM2,2022,59680162B80393484388201,Ibi,Local Government Areas,True,774,framework:province:taraba:34f4cd78bd99,framework:province:taraba:34f4cd78bd99,"['framework:province:taraba:34f4cd78bd99', 'framework:area:nigeria:13573928575a', 'framework:region:west-tropical-africa:ba6e06497098', 'framework:subcontinent:western-africa:6280a2b17f17', 'framework:continent:africa:d14fc0b285b2']",5,['Taraba'],supported,taraba,Taraba,['Taraba'],['NG035006'],unique normalized current name/explicit alias,"[{'current_name': 'Ibi', 'current_pcode': 'NG035006', 'current_parent': 'Taraba', 'parent_pcode': 'NG035', 'valid_on': '2019-04-17', 'area_km2': 2669.14963536, 'component_count': 1, 'WCA_point_count_by_code': 0, 'WCA_point_count_name_parent_candidate': 38, 'WCA_crosswalk_method': 'normalized ADM2+ADM1 labels; code-vintage mismatch candidate', 'WCA_points_inside_current_geometry': 38, 'WCA_same_code_points_outside_geometry': 0, 'Senegal_2017_OCHA_points_by_code': 0, 'Senegal_2017_points_inside_current_geometry': 0, 'admin_capital_records': 0}]",8,"{'current_name': 'Ibi', 'current_pcode': 'NG035006', 'intersection_km2': 2660.639875, 'legacy_coverage_pct': 99.84549, 'screen_only': True}",0,38,0,0,[],insufficient-evidence,['physical land/island completeness and current settlement completeness remain unverified'],Pinned source role 'Local Government Areas' is independently represented as COD-AB ADM2 for these features; source role and administrative level alone do not certify tier purpose or physical extent.,"Source name/code, administration and settlement screens remain separate. No political title, full settlement population, complete land/island footprint, or region approval is inferred."
gb:NGA:ADM2:59680162B8070211954831,Billiri,Nigeria,gb:NGA:ADM2,2022,59680162B8070211954831,Billiri,Local Government Areas,True,774,framework:province:gombe:a5889db98604,framework:province:gombe:a5889db98604,"['framework:province:gombe:a5889db98604', 'framework:area:nigeria:13573928575a', 'framework:region:west-tropical-africa:ba6e06497098', 'framework:subcontinent:western-africa:6280a2b17f17', 'framework:continent:africa:d14fc0b285b2']",5,['Gombe'],supported,gombe,Gombe,['Gombe'],['NG016003'],unique normalized current name/explicit alias,"[{'current_name': 'Billiri', 'current_pcode': 'NG016003', 'current_parent': 'Gombe', 'parent_pcode': 'NG016', 'valid_on': '2019-04-17', 'area_km2': 761.56812765, 'component_count': 1, 'WCA_point_count_by_code': 0, 'WCA_point_count_name_parent_candidate': 32, 'WCA_crosswalk_method': 'normalized ADM2+ADM1 labels; code-vintage mismatch candidate', 'WCA_points_inside_current_geometry': 32, 'WCA_same_code_points_outside_geometry': 0, 'Senegal_2017_OCHA_points_by_code': 0, 'Senegal_2017_points_inside_current_geometry': 0, 'admin_capital_records': 0}]",4,"{'current_name': 'Billiri', 'current_pcode': 'NG016003', 'intersection_km2': 654.028316, 'legacy_coverage_pct': 97.09992, 'screen_only': True}",0,32,0,0,[],insufficient-evidence,['physical land/island completeness and current settlement completeness remain unverified'],Pinned source role 'Local Government Areas' is independently represented as COD-AB ADM2 for these features; source role and administrative level alone do not certify tier purpose or physical extent.,"Source name/code, administration and settlement screens remain separate. No political title, full settlement population, complete land/island footprint, or region approval is inferred."
gb:NGA:ADM2:59680162B81014786719276,Vandeikya,Nigeria,gb:NGA:ADM2,2022,59680162B81014786719276,Vandeikya,Local Government Areas,True,774,framework:province:benue:bb5576291a52,framework:province:benue:bb5576291a52,"['framework:province:benue:bb5576291a52', 'framework:area:nigeria:13573928575a', 'framework:region:west-tropical-africa:ba6e06497098', 'framework:subcontinent:western-africa:6280a2b17f17', 'framework:continent:africa:d14fc0b285b2']",5,['Benue'],supported,benue,Benue,['Benue'],['NG007023'],unique normalized current name/explicit alias,"[{'current_name': 'Vandeikya', 'current_pcode': 'NG007023', 'current_parent': 'Benue', 'parent_pcode': 'NG007', 'valid_on': '2019-04-17', 'area_km2': 977.84704263, 'component_count': 1, 'WCA_point_count_by_code': 0, 'WCA_point_count_name_parent_candidate': 50, 'WCA_crosswalk_method': 'normalized ADM2+ADM1 labels; code-vintage mismatch candidate', 'WCA_points_inside_current_geometry': 50, 'WCA_same_code_points_outside_geometry': 0, 'Senegal_2017_OCHA_points_by_code': 0, 'Senegal_2017_points_inside_current_geometry': 0, 'admin_capital_records': 0}]",5,"{'current_name': 'Vandeikya', 'current_pcode': 'NG007023', 'intersection_km2': 665.652463, 'legacy_coverage_pct': 99.05545, 'screen_only': True}",0,50,0,0,[],insufficient-evidence,['physical land/island completeness and current settlement completeness remain unverified'],Pinned source role 'Local Government Areas' is independently represented as COD-AB ADM2 for these features; source role and administrative level alone do not certify tier purpose or physical extent.,"Source name/code, administration and settlement screens remain separate. No political title, full settlement population, complete land/island footprint, or region approval is inferred."
gb:NGA:ADM2:59680162B8258215962885,Darazo,Nigeria,gb:NGA:ADM2,2022,59680162B8258215962885,Darazo,Local Government Areas,True,774,framework:province:bauchi:6b44eaa0aa5b,framework:province:bauchi:6b44eaa0aa5b,"['framework:province:bauchi:6b44eaa0aa5b', 'framework:area:nigeria:13573928575a', 'framework:region:west-tropical-africa:ba6e06497098', 'framework:subcontinent:western-africa:6280a2b17f17', 'framework:continent:africa:d14fc0b285b2']",5,['Bauchi'],supported,bauchi,Bauchi,['Bauchi'],['NG005005'],unique normalized current name/explicit alias,"[{'current_name': 'Darazo', 'current_pcode': 'NG005005', 'current_parent': 'Bauchi', 'parent_pcode': 'NG005', 'valid_on': '2019-04-17', 'area_km2': 3052.47232235, 'component_count': 1, 'WCA_point_count_by_code': 0, 'WCA_point_count_name_parent_candidate': 83, 'WCA_crosswalk_method': 'normalized ADM2+ADM1 labels; code-vintage mismatch candidate', 'WCA_points_inside_current_geometry': 83, 'WCA_same_code_points_outside_geometry': 0, 'Senegal_2017_OCHA_points_by_code': 0, 'Senegal_2017_points_inside_current_geometry': 0, 'admin_capital_records': 0}]",8,"{'current_name': 'Darazo', 'current_pcode': 'NG005005', 'intersection_km2': 2683.026033, 'legacy_coverage_pct': 88.54474, 'screen_only': True}",0,83,0,0,[],insufficient-evidence,['physical land/island completeness and current settlement completeness remain unverified'],Pinned source role 'Local Government Areas' is independently represented as COD-AB ADM2 for these features; source role and administrative level alone do not certify tier purpose or physical extent.,"Source name/code, administration and settlement screens remain separate. No political title, full settlement population, complete land/island footprint, or region approval is inferred."
gb:NGA:ADM2:59680162B82734256395858,Sardauna,Nigeria,gb:NGA:ADM2,2022,59680162B82734256395858,Sardauna,Local Government Areas,True,774,framework:province:taraba:34f4cd78bd99,framework:province:taraba:34f4cd78bd99,"['framework:province:taraba:34f4cd78bd99', 'framework:area:nigeria:13573928575a', 'framework:region:west-tropical-africa:ba6e06497098', 'framework:subcontinent:western-africa:6280a2b17f17', 'framework:continent:africa:d14fc0b285b2']",5,['Taraba'],supported,taraba,Taraba,['Taraba'],['NG035011'],unique normalized current name/explicit alias,"[{'current_name': 'Sardauna', 'current_pcode': 'NG035011', 'current_parent': 'Taraba', 'parent_pcode': 'NG035', 'valid_on': '2019-04-17', 'area_km2': 4595.61746269, 'component_count': 1, 'WCA_point_count_by_code': 0, 'WCA_point_count_name_parent_candidate': 139, 'WCA_crosswalk_method': 'normalized ADM2+ADM1 labels; code-vintage mismatch candidate', 'WCA_points_inside_current_geometry': 139, 'WCA_same_code_points_outside_geometry': 0, 'Senegal_2017_OCHA_points_by_code': 0, 'Senegal_2017_points_inside_current_geometry': 0, 'admin_capital_records': 0}]",3,"{'current_name': 'Sardauna', 'current_pcode': 'NG035011', 'intersection_km2': 4267.961376, 'legacy_coverage_pct': 89.85773, 'screen_only': True}",0,139,0,0,[],insufficient-evidence,['physical land/island completeness and current settlement completeness remain unverified'],Pinned source role 'Local Government Areas' is independently represented as COD-AB ADM2 for these features; source role and administrative level alone do not certify tier purpose or physical extent.,"Source name/code, administration and settlement screens remain separate. No political title, full settlement population, complete land/island footprint, or region approval is inferred."
gb:NGA:ADM2:59680162B82946706311025,Warji,Nigeria,gb:NGA:ADM2,2022,59680162B82946706311025,Warji,Local Government Areas,True,774,framework:province:bauchi:6b44eaa0aa5b,framework:province:bauchi:6b44eaa0aa5b,"['framework:province:bauchi:6b44eaa0aa5b', 'framework:area:nigeria:13573928575a', 'framework:region:west-tropical-africa:ba6e06497098', 'framework:subcontinent:western-africa:6280a2b17f17', 'framework:continent:africa:d14fc0b285b2']",5,['Bauchi'],supported,bauchi,Bauchi,['Bauchi'],['NG005019'],unique normalized current name/explicit alias,"[{'current_name': 'Warji', 'current_pcode': 'NG005019', 'current_parent': 'Bauchi', 'parent_pcode': 'NG005', 'valid_on': '2019-04-17', 'area_km2': 658.82260523, 'component_count': 1, 'WCA_point_count_by_code': 0, 'WCA_point_count_name_parent_candidate': 32, 'WCA_crosswalk_method': 'normalized ADM2+ADM1 labels; code-vintage mismatch candidate', 'WCA_points_inside_current_geometry': 32, 'WCA_same_code_points_outside_geometry': 0, 'Senegal_2017_OCHA_points_by_code': 0, 'Senegal_2017_points_inside_current_geometry': 0, 'admin_capital_records': 0}]",4,"{'current_name': 'Warji', 'current_pcode': 'NG005019', 'intersection_km2': 551.812, 'legacy_coverage_pct': 91.56581, 'screen_only': True}",0,32,0,0,[],insufficient-evidence,['physical land/island completeness and current settlement completeness remain unverified'],Pinned source role 'Local Government Areas' is independently represented as COD-AB ADM2 for these features; source role and administrative level alone do not certify tier purpose or physical extent.,"Source name/code, administration and settlement screens remain separate. No political title, full settlement population, complete land/island footprint, or region approval is inferred."
gb:NGA:ADM2:59680162B82996162763265,Song,Nigeria,gb:NGA:ADM2,2022,59680162B82996162763265,Song,Local Government Areas,True,774,framework:province:adamawa:6aa47652a3d5,framework:province:adamawa:6aa47652a3d5,"['framework:province:adamawa:6aa47652a3d5', 'framework:area:nigeria:13573928575a', 'framework:region:west-tropical-africa:ba6e06497098', 'framework:subcontinent:western-africa:6280a2b17f17', 'framework:continent:africa:d14fc0b285b2']",5,['Adamawa'],supported,adamawa,Adamawa,['Adamawa'],['NG002018'],unique normalized current name/explicit alias,"[{'current_name': 'Song', 'current_pcode': 'NG002018', 'current_parent': 'Adamawa', 'parent_pcode': 'NG002', 'valid_on': '2019-04-17', 'area_km2': 4038.6730727, 'component_count': 1, 'WCA_point_count_by_code': 0, 'WCA_point_count_name_parent_candidate': 182, 'WCA_crosswalk_method': 'normalized ADM2+ADM1 labels; code-vintage mismatch candidate', 'WCA_points_inside_current_geometry': 182, 'WCA_same_code_points_outside_geometry': 0, 'Senegal_2017_OCHA_points_by_code': 0, 'Senegal_2017_points_inside_current_geometry': 0, 'admin_capital_records': 0}]",8,"{'current_name': 'Song', 'current_pcode': 'NG002018', 'intersection_km2': 3829.964789, 'legacy_coverage_pct': 91.14475, 'screen_only': True}",0,182,0,0,[],insufficient-evidence,['physical land/island completeness and current settlement completeness remain unverified'],Pinned source role 'Local Government Areas' is independently represented as COD-AB ADM2 for these features; source role and administrative level alone do not certify tier purpose or physical extent.,"Source name/code, administration and settlement screens remain separate. No political title, full settlement population, complete land/island footprint, or region approval is inferred."
gb:NGA:ADM2:59680162B83386112613514,Gombe,Nigeria,gb:NGA:ADM2,2022,59680162B83386112613514,Gombe,Local Government Areas,True,774,framework:province:gombe:a5889db98604,framework:province:gombe:a5889db98604,"['framework:province:gombe:a5889db98604', 'framework:area:nigeria:13573928575a', 'framework:region:west-tropical-africa:ba6e06497098', 'framework:subcontinent:western-africa:6280a2b17f17', 'framework:continent:africa:d14fc0b285b2']",5,['Gombe'],supported,gombe,Gombe,['Gombe'],['NG016006'],unique normalized current name/explicit alias,"[{'current_name': 'Gombe', 'current_pcode': 'NG016006', 'current_parent': 'Gombe', 'parent_pcode': 'NG016', 'valid_on': '2019-04-17', 'area_km2': 45.19405034, 'component_count': 1, 'WCA_point_count_by_code': 0, 'WCA_point_count_name_parent_candidate': 3, 'WCA_crosswalk_method': 'normalized ADM2+ADM1 labels; code-vintage mismatch candidate', 'WCA_points_inside_current_geometry': 3, 'WCA_same_code_points_outside_geometry': 0, 'Senegal_2017_OCHA_points_by_code': 0, 'Senegal_2017_points_inside_current_geometry': 0, 'admin_capital_records': 0}]",4,"{'current_name': 'Gombe', 'current_pcode': 'NG016006', 'intersection_km2': 35.508055, 'legacy_coverage_pct': 64.12559, 'screen_only': True}",0,3,0,0,[],insufficient-evidence,['physical land/island completeness and current settlement completeness remain unverified'],Pinned source role 'Local Government Areas' is independently represented as COD-AB ADM2 for these features; source role and administrative level alone do not certify tier purpose or physical extent.,"Source name/code, administration and settlement screens remain separate. No political title, full settlement population, complete land/island footprint, or region approval is inferred."
gb:NGA:ADM2:59680162B83394095212312,Funakaye,Nigeria,gb:NGA:ADM2,2022,59680162B83394095212312,Funakaye,Local Government Areas,True,774,framework:province:gombe:a5889db98604,framework:province:gombe:a5889db98604,"['framework:province:gombe:a5889db98604', 'framework:area:nigeria:13573928575a', 'framework:region:west-tropical-africa:ba6e06497098', 'framework:subcontinent:western-africa:6280a2b17f17', 'framework:continent:africa:d14fc0b285b2']",5,['Gombe'],supported,gombe,Gombe,['Gombe'],['NG016005'],unique normalized current name/explicit alias,"[{'current_name': 'Funakaye', 'current_pcode': 'NG016005', 'current_parent': 'Gombe', 'parent_pcode': 'NG016', 'valid_on': '2019-04-17', 'area_km2': 1592.47244015, 'component_count': 1, 'WCA_point_count_by_code': 0, 'WCA_point_count_name_parent_candidate': 88, 'WCA_crosswalk_method': 'normalized ADM2+ADM1 labels; code-vintage mismatch candidate', 'WCA_points_inside_current_geometry': 88, 'WCA_same_code_points_outside_geometry': 0, 'Senegal_2017_OCHA_points_by_code': 0, 'Senegal_2017_points_inside_current_geometry': 0, 'admin_capital_records': 0}]",5,"{'current_name': 'Funakaye', 'current_pcode': 'NG016005', 'intersection_km2': 1254.710904, 'legacy_coverage_pct': 98.43767, 'screen_only': True}",0,88,0,0,[],insufficient-evidence,['physical land/island completeness and current settlement completeness remain unverified'],Pinned source role 'Local Government Areas' is independently represented as COD-AB ADM2 for these features; source role and administrative level alone do not certify tier purpose or physical extent.,"Source name/code, administration and settlement screens remain separate. No political title, full settlement population, complete land/island footprint, or region approval is inferred."
gb:NGA:ADM2:59680162B83800309048446,Gubio,Nigeria,gb:NGA:ADM2,2022,59680162B83800309048446,Gubio,Local Government Areas,True,774,framework:province:borno:c07e4cd1e5ad,framework:province:borno:c07e4cd1e5ad,"['framework:province:borno:c07e4cd1e5ad', 'framework:area:nigeria:13573928575a', 'framework:region:west-tropical-africa:ba6e06497098', 'framework:subcontinent:western-africa:6280a2b17f17', 'framework:continent:africa:d14fc0b285b2']",5,['Borno'],supported,borno,Borno,['Borno'],['NG008009'],unique normalized current name/explicit alias,"[{'current_name': 'Gubio', 'current_pcode': 'NG008009', 'current_parent': 'Borno', 'parent_pcode': 'NG008', 'valid_on': '2019-04-17', 'area_km2': 2622.98713717, 'component_count': 1, 'WCA_point_count_by_code': 0, 'WCA_point_count_name_parent_candidate': 29, 'WCA_crosswalk_method': 'normalized ADM2+ADM1 labels; code-vintage mismatch candidate', 'WCA_points_inside_current_geometry': 29, 'WCA_same_code_points_outside_geometry': 0, 'Senegal_2017_OCHA_points_by_code': 0, 'Senegal_2017_points_inside_current_geometry': 0, 'admin_capital_records': 0}]",6,"{'current_name': 'Gubio', 'current_pcode': 'NG008009', 'intersection_km2': 2505.434727, 'legacy_coverage_pct': 90.81517, 'screen_only': True}",0,29,0,0,[],insufficient-evidence,['physical land/island completeness and current settlement completeness remain unverified'],Pinned source role 'Local Government Areas' is independently represented as COD-AB ADM2 for these features; source role and administrative level alone do not certify tier purpose or physical extent.,"Source name/code, administration and settlement screens remain separate. No political title, full settlement population, complete land/island footprint, or region approval is inferred."
gb:NGA:ADM2:59680162B83966420631158,Guyuk,Nigeria,gb:NGA:ADM2,2022,59680162B83966420631158,Guyuk,Local Government Areas,True,774,framework:province:adamawa:6aa47652a3d5,framework:province:adamawa:6aa47652a3d5,"['framework:province:adamawa:6aa47652a3d5', 'framework:area:nigeria:13573928575a', 'framework:region:west-tropical-africa:ba6e06497098', 'framework:subcontinent:western-africa:6280a2b17f17', 'framework:continent:africa:d14fc0b285b2']",5,['Adamawa'],supported,adamawa,Adamawa,['Adamawa'],['NG002006'],unique normalized current name/explicit alias,"[{'current_name': 'Guyuk', 'current_pcode': 'NG002006', 'current_parent': 'Adamawa', 'parent_pcode': 'NG002', 'valid_on': '2019-04-17', 'area_km2': 688.35355238, 'component_count': 1, 'WCA_point_count_by_code': 0, 'WCA_point_count_name_parent_candidate': 22, 'WCA_crosswalk_method': 'normalized ADM2+ADM1 labels; code-vintage mismatch candidate', 'WCA_points_inside_current_geometry': 22, 'WCA_same_code_points_outside_geometry': 0, 'Senegal_2017_OCHA_points_by_code': 0, 'Senegal_2017_points_inside_current_geometry': 0, 'admin_capital_records': 0}]",5,"{'current_name': 'Guyuk', 'current_pcode': 'NG002006', 'intersection_km2': 645.105941, 'legacy_coverage_pct': 84.37372, 'screen_only': True}",0,22,0,0,[],insufficient-evidence,['physical land/island completeness and current settlement completeness remain unverified'],Pinned source role 'Local Government Areas' is independently represented as COD-AB ADM2 for these features; source role and administrative level alone do not certify tier purpose or physical extent.,"Source name/code, administration and settlement screens remain separate. No political title, full settlement population, complete land/island footprint, or region approval is inferred."
gb:NGA:ADM2:59680162B84612216171504,Hong,Nigeria,gb:NGA:ADM2,2022,59680162B84612216171504,Hong,Local Government Areas,True,774,framework:province:adamawa:6aa47652a3d5,framework:province:adamawa:6aa47652a3d5,"['framework:province:adamawa:6aa47652a3d5', 'framework:area:nigeria:13573928575a', 'framework:region:west-tropical-africa:ba6e06497098', 'framework:subcontinent:western-africa:6280a2b17f17', 'framework:continent:africa:d14fc0b285b2']",5,['Adamawa'],supported,adamawa,Adamawa,['Adamawa'],['NG002007'],unique normalized current name/explicit alias,"[{'current_name': 'Hong', 'current_pcode': 'NG002007', 'current_parent': 'Adamawa', 'parent_pcode': 'NG002', 'valid_on': '2019-04-17', 'area_km2': 2660.48996798, 'component_count': 1, 'WCA_point_count_by_code': 0, 'WCA_point_count_name_parent_candidate': 542, 'WCA_crosswalk_method': 'normalized ADM2+ADM1 labels; code-vintage mismatch candidate', 'WCA_points_inside_current_geometry': 542, 'WCA_same_code_points_outside_geometry': 0, 'Senegal_2017_OCHA_points_by_code': 0, 'Senegal_2017_points_inside_current_geometry': 0, 'admin_capital_records': 0}]",7,"{'current_name': 'Hong', 'current_pcode': 'NG002007', 'intersection_km2': 2507.430685, 'legacy_coverage_pct': 96.89976, 'screen_only': True}",0,542,0,0,[],insufficient-evidence,['physical land/island completeness and current settlement completeness remain unverified'],Pinned source role 'Local Government Areas' is independently represented as COD-AB ADM2 for these features; source role and administrative level alone do not certify tier purpose or physical extent.,"Source name/code, administration and settlement screens remain separate. No political title, full settlement population, complete land/island footprint, or region approval is inferred."
gb:NGA:ADM2:59680162B84828583281462,Nganzai,Nigeria,gb:NGA:ADM2,2022,59680162B84828583281462,Nganzai,Local Government Areas,True,774,framework:province:borno:c07e4cd1e5ad,framework:province:borno:c07e4cd1e5ad,"['framework:province:borno:c07e4cd1e5ad', 'framework:area:nigeria:13573928575a', 'framework:region:west-tropical-africa:ba6e06497098', 'framework:subcontinent:western-africa:6280a2b17f17', 'framework:continent:africa:d14fc0b285b2']",5,['Borno'],supported,borno,Borno,['Borno'],['NG008026'],unique normalized current name/explicit alias,"[{'current_name': 'Nganzai', 'current_pcode': 'NG008026', 'current_parent': 'Borno', 'parent_pcode': 'NG008', 'valid_on': '2019-04-17', 'area_km2': 2313.45444874, 'component_count': 1, 'WCA_point_count_by_code': 0, 'WCA_point_count_name_parent_candidate': 31, 'WCA_crosswalk_method': 'normalized ADM2+ADM1 labels; code-vintage mismatch candidate', 'WCA_points_inside_current_geometry': 31, 'WCA_same_code_points_outside_geometry': 0, 'Senegal_2017_OCHA_points_by_code': 0, 'Senegal_2017_points_inside_current_geometry': 0, 'admin_capital_records': 0}]",6,"{'current_name': 'Nganzai', 'current_pcode': 'NG008026', 'intersection_km2': 1898.976618, 'legacy_coverage_pct': 89.63849, 'screen_only': True}",0,31,0,0,[],insufficient-evidence,['physical land/island completeness and current settlement completeness remain unverified'],Pinned source role 'Local Government Areas' is independently represented as COD-AB ADM2 for these features; source role and administrative level alone do not certify tier purpose or physical extent.,"Source name/code, administration and settlement screens remain separate. No political title, full settlement population, complete land/island footprint, or region approval is inferred."
gb:NGA:ADM2:59680162B85522063023223,Ningi,Nigeria,gb:NGA:ADM2,2022,59680162B85522063023223,Ningi,Local Government Areas,True,774,framework:province:bauchi:6b44eaa0aa5b,framework:province:bauchi:6b44eaa0aa5b,"['framework:province:bauchi:6b44eaa0aa5b', 'framework:area:nigeria:13573928575a', 'framework:region:west-tropical-africa:ba6e06497098', 'framework:subcontinent:western-africa:6280a2b17f17', 'framework:continent:africa:d14fc0b285b2']",5,['Bauchi'],supported,bauchi,Bauchi,['Bauchi'],['NG005015'],unique normalized current name/explicit alias,"[{'current_name': 'Ningi', 'current_pcode': 'NG005015', 'current_parent': 'Bauchi', 'parent_pcode': 'NG005', 'valid_on': '2019-04-17', 'area_km2': 4648.37831516, 'component_count': 1, 'WCA_point_count_by_code': 0, 'WCA_point_count_name_parent_candidate': 80, 'WCA_crosswalk_method': 'normalized ADM2+ADM1 labels; code-vintage mismatch candidate', 'WCA_points_inside_current_geometry': 80, 'WCA_same_code_points_outside_geometry': 0, 'Senegal_2017_OCHA_points_by_code': 0, 'Senegal_2017_points_inside_current_geometry': 0, 'admin_capital_records': 0}]",8,"{'current_name': 'Ningi', 'current_pcode': 'NG005015', 'intersection_km2': 4472.619128, 'legacy_coverage_pct': 90.48486, 'screen_only': True}",0,80,0,0,[],insufficient-evidence,['physical land/island completeness and current settlement completeness remain unverified'],Pinned source role 'Local Government Areas' is independently represented as COD-AB ADM2 for these features; source role and administrative level alone do not certify tier purpose or physical extent.,"Source name/code, administration and settlement screens remain separate. No political title, full settlement population, complete land/island footprint, or region approval is inferred."
gb:NGA:ADM2:59680162B86116731035265,Gassol,Nigeria,gb:NGA:ADM2,2022,59680162B86116731035265,Gassol,Local Government Areas,True,774,framework:province:taraba:34f4cd78bd99,framework:province:taraba:34f4cd78bd99,"['framework:province:taraba:34f4cd78bd99', 'framework:area:nigeria:13573928575a', 'framework:region:west-tropical-africa:ba6e06497098', 'framework:subcontinent:western-africa:6280a2b17f17', 'framework:continent:africa:d14fc0b285b2']",5,['Taraba'],supported,taraba,Taraba,['Taraba'],['NG035005'],unique normalized current name/explicit alias,"[{'current_name': 'Gassol', 'current_pcode': 'NG035005', 'current_parent': 'Taraba', 'parent_pcode': 'NG035', 'valid_on': '2019-04-17', 'area_km2': 5543.73463254, 'component_count': 1, 'WCA_point_count_by_code': 0, 'WCA_point_count_name_parent_candidate': 104, 'WCA_crosswalk_method': 'normalized ADM2+ADM1 labels; code-vintage mismatch candidate', 'WCA_points_inside_current_geometry': 104, 'WCA_same_code_points_outside_geometry': 0, 'Senegal_2017_OCHA_points_by_code': 0, 'Senegal_2017_points_inside_current_geometry': 0, 'admin_capital_records': 0}]",7,"{'current_name': 'Gassol', 'current_pcode': 'NG035005', 'intersection_km2': 5186.399782, 'legacy_coverage_pct': 97.89584, 'screen_only': True}",0,104,0,0,[],insufficient-evidence,['physical land/island completeness and current settlement completeness remain unverified'],Pinned source role 'Local Government Areas' is independently represented as COD-AB ADM2 for these features; source role and administrative level alone do not certify tier purpose or physical extent.,"Source name/code, administration and settlement screens remain separate. No political title, full settlement population, complete land/island footprint, or region approval is inferred."
gb:NGA:ADM2:59680162B86155479852967,Dikwa,Nigeria,gb:NGA:ADM2,2022,59680162B86155479852967,Dikwa,Local Government Areas,True,774,framework:province:borno:c07e4cd1e5ad,framework:province:borno:c07e4cd1e5ad,"['framework:province:borno:c07e4cd1e5ad', 'framework:area:nigeria:13573928575a', 'framework:region:west-tropical-africa:ba6e06497098', 'framework:subcontinent:western-africa:6280a2b17f17', 'framework:continent:africa:d14fc0b285b2']",5,['Borno'],supported,borno,Borno,['Borno'],['NG008008'],unique normalized current name/explicit alias,"[{'current_name': 'Dikwa', 'current_pcode': 'NG008008', 'current_parent': 'Borno', 'parent_pcode': 'NG008', 'valid_on': '2019-04-17', 'area_km2': 1890.87164009, 'component_count': 1, 'WCA_point_count_by_code': 0, 'WCA_point_count_name_parent_candidate': 140, 'WCA_crosswalk_method': 'normalized ADM2+ADM1 labels; code-vintage mismatch candidate', 'WCA_points_inside_current_geometry': 140, 'WCA_same_code_points_outside_geometry': 0, 'Senegal_2017_OCHA_points_by_code': 0, 'Senegal_2017_points_inside_current_geometry': 0, 'admin_capital_records': 0}]",5,"{'current_name': 'Dikwa', 'current_pcode': 'NG008008', 'intersection_km2': 1573.983289, 'legacy_coverage_pct': 94.08068, 'screen_only': True}",0,140,0,0,[],insufficient-evidence,['physical land/island completeness and current settlement completeness remain unverified'],Pinned source role 'Local Government Areas' is independently represented as COD-AB ADM2 for these features; source role and administrative level alone do not certify tier purpose or physical extent.,"Source name/code, administration and settlement screens remain separate. No political title, full settlement population, complete land/island footprint, or region approval is inferred."
gb:NGA:ADM2:59680162B86291828303656,Bade,Nigeria,gb:NGA:ADM2,2022,59680162B86291828303656,Bade,Local Government Areas,True,774,framework:province:yobe:35ae28a01a0b,framework:province:yobe:35ae28a01a0b,"['framework:province:yobe:35ae28a01a0b', 'framework:area:nigeria:13573928575a', 'framework:region:west-tropical-africa:ba6e06497098', 'framework:subcontinent:western-africa:6280a2b17f17', 'framework:continent:africa:d14fc0b285b2']",5,['Yobe'],supported,yobe,Yobe,['Yobe'],['NG036001'],unique normalized current name/explicit alias,"[{'current_name': 'Bade', 'current_pcode': 'NG036001', 'current_parent': 'Yobe', 'parent_pcode': 'NG036', 'valid_on': '2019-04-17', 'area_km2': 833.60875373, 'component_count': 2, 'WCA_point_count_by_code': 0, 'WCA_point_count_name_parent_candidate': 16, 'WCA_crosswalk_method': 'normalized ADM2+ADM1 labels; code-vintage mismatch candidate', 'WCA_points_inside_current_geometry': 16, 'WCA_same_code_points_outside_geometry': 0, 'Senegal_2017_OCHA_points_by_code': 0, 'Senegal_2017_points_inside_current_geometry': 0, 'admin_capital_records': 0}]",5,"{'current_name': 'Bade', 'current_pcode': 'NG036001', 'intersection_km2': 694.746348, 'legacy_coverage_pct': 61.93241, 'screen_only': True}",0,16,0,0,[],insufficient-evidence,['physical land/island completeness and current settlement completeness remain unverified'],Pinned source role 'Local Government Areas' is independently represented as COD-AB ADM2 for these features; source role and administrative level alone do not certify tier purpose or physical extent.,"Source name/code, administration and settlement screens remain separate. No political title, full settlement population, complete land/island footprint, or region approval is inferred."
gb:NGA:ADM2:59680162B86414227144381,Buji,Nigeria,gb:NGA:ADM2,2022,59680162B86414227144381,Buji,Local Government Areas,True,774,framework:province:jigawa:8a28f64b5048,framework:province:jigawa:8a28f64b5048,"['framework:province:jigawa:8a28f64b5048', 'framework:area:nigeria:13573928575a', 'framework:region:west-tropical-africa:ba6e06497098', 'framework:subcontinent:western-africa:6280a2b17f17', 'framework:continent:africa:d14fc0b285b2']",5,['Jigawa'],supported,jigawa,Jigawa,['Jigawa'],['NG018005'],unique normalized current name/explicit alias,"[{'current_name': 'Buji', 'current_pcode': 'NG018005', 'current_parent': 'Jigawa', 'parent_pcode': 'NG018', 'valid_on': '2019-04-17', 'area_km2': 568.76829096, 'component_count': 1, 'WCA_point_count_by_code': 0, 'WCA_point_count_name_parent_candidate': 38, 'WCA_crosswalk_method': 'normalized ADM2+ADM1 labels; code-vintage mismatch candidate', 'WCA_points_inside_current_geometry': 38, 'WCA_same_code_points_outside_geometry': 0, 'Senegal_2017_OCHA_points_by_code': 0, 'Senegal_2017_points_inside_current_geometry': 0, 'admin_capital_records': 0}]",6,"{'current_name': 'Buji', 'current_pcode': 'NG018005', 'intersection_km2': 534.026631, 'legacy_coverage_pct': 87.92245, 'screen_only': True}",0,38,0,0,[],insufficient-evidence,['physical land/island completeness and current settlement completeness remain unverified'],Pinned source role 'Local Government Areas' is independently represented as COD-AB ADM2 for these features; source role and administrative level alone do not certify tier purpose or physical extent.,"Source name/code, administration and settlement screens remain separate. No political title, full settlement population, complete land/island footprint, or region approval is inferred."
gb:NGA:ADM2:59680162B87534880716336,Gashaka,Nigeria,gb:NGA:ADM2,2022,59680162B87534880716336,Gashaka,Local Government Areas,True,774,framework:province:taraba:34f4cd78bd99,framework:province:taraba:34f4cd78bd99,"['framework:province:taraba:34f4cd78bd99', 'framework:area:nigeria:13573928575a', 'framework:region:west-tropical-africa:ba6e06497098', 'framework:subcontinent:western-africa:6280a2b17f17', 'framework:continent:africa:d14fc0b285b2']",5,['Taraba'],supported,taraba,Taraba,['Taraba'],['NG035004'],unique normalized current name/explicit alias,"[{'current_name': 'Gashaka', 'current_pcode': 'NG035004', 'current_parent': 'Taraba', 'parent_pcode': 'NG035', 'valid_on': '2019-04-17', 'area_km2': 8376.55796726, 'component_count': 1, 'WCA_point_count_by_code': 0, 'WCA_point_count_name_parent_candidate': 364, 'WCA_crosswalk_method': 'normalized ADM2+ADM1 labels; code-vintage mismatch candidate', 'WCA_points_inside_current_geometry': 364, 'WCA_same_code_points_outside_geometry': 0, 'Senegal_2017_OCHA_points_by_code': 0, 'Senegal_2017_points_inside_current_geometry': 0, 'admin_capital_records': 0}]",5,"{'current_name': 'Gashaka', 'current_pcode': 'NG035004', 'intersection_km2': 8255.379777, 'legacy_coverage_pct': 97.31755, 'screen_only': True}",0,364,0,0,[],insufficient-evidence,['physical land/island completeness and current settlement completeness remain unverified'],Pinned source role 'Local Government Areas' is independently represented as COD-AB ADM2 for these features; source role and administrative level alone do not certify tier purpose or physical extent.,"Source name/code, administration and settlement screens remain separate. No political title, full settlement population, complete land/island footprint, or region approval is inferred."
gb:NGA:ADM2:59680162B87872962443621,Mobbar,Nigeria,gb:NGA:ADM2,2022,59680162B87872962443621,Mobbar,Local Government Areas,True,774,framework:province:borno:c07e4cd1e5ad,framework:province:borno:c07e4cd1e5ad,"['framework:province:borno:c07e4cd1e5ad', 'framework:area:nigeria:13573928575a', 'framework:region:west-tropical-africa:ba6e06497098', 'framework:subcontinent:western-africa:6280a2b17f17', 'framework:continent:africa:d14fc0b285b2']",5,['Borno'],supported,borno,Borno,['Borno'],['NG008023'],unique normalized current name/explicit alias,"[{'current_name': 'Mobbar', 'current_pcode': 'NG008023', 'current_parent': 'Borno', 'parent_pcode': 'NG008', 'valid_on': '2019-04-17', 'area_km2': 2704.71289905, 'component_count': 1, 'WCA_point_count_by_code': 0, 'WCA_point_count_name_parent_candidate': 39, 'WCA_crosswalk_method': 'normalized ADM2+ADM1 labels; code-vintage mismatch candidate', 'WCA_points_inside_current_geometry': 39, 'WCA_same_code_points_outside_geometry': 0, 'Senegal_2017_OCHA_points_by_code': 0, 'Senegal_2017_points_inside_current_geometry': 0, 'admin_capital_records': 0}]",4,"{'current_name': 'Mobbar', 'current_pcode': 'NG008023', 'intersection_km2': 2455.30497, 'legacy_coverage_pct': 91.17518, 'screen_only': True}",0,39,0,0,[],insufficient-evidence,['physical land/island completeness and current settlement completeness remain unverified'],Pinned source role 'Local Government Areas' is independently represented as COD-AB ADM2 for these features; source role and administrative level alone do not certify tier purpose or physical extent.,"Source name/code, administration and settlement screens remain separate. No political title, full settlement population, complete land/island footprint, or region approval is inferred."
gb:NGA:ADM2:59680162B88504568355174,Konduga,Nigeria,gb:NGA:ADM2,2022,59680162B88504568355174,Konduga,Local Government Areas,True,774,framework:province:borno:c07e4cd1e5ad,framework:province:borno:c07e4cd1e5ad,"['framework:province:borno:c07e4cd1e5ad', 'framework:area:nigeria:13573928575a', 'framework:region:west-tropical-africa:ba6e06497098', 'framework:subcontinent:western-africa:6280a2b17f17', 'framework:continent:africa:d14fc0b285b2']",5,['Borno'],supported,borno,Borno,['Borno'],['NG008016'],unique normalized current name/explicit alias,"[{'current_name': 'Konduga', 'current_pcode': 'NG008016', 'current_parent': 'Borno', 'parent_pcode': 'NG008', 'valid_on': '2019-04-17', 'area_km2': 5958.93280391, 'component_count': 1, 'WCA_point_count_by_code': 0, 'WCA_point_count_name_parent_candidate': 97, 'WCA_crosswalk_method': 'normalized ADM2+ADM1 labels; code-vintage mismatch candidate', 'WCA_points_inside_current_geometry': 97, 'WCA_same_code_points_outside_geometry': 0, 'Senegal_2017_OCHA_points_by_code': 0, 'Senegal_2017_points_inside_current_geometry': 0, 'admin_capital_records': 0}]",9,"{'current_name': 'Konduga', 'current_pcode': 'NG008016', 'intersection_km2': 4450.032184, 'legacy_coverage_pct': 83.63433, 'screen_only': True}",0,97,0,0,[],insufficient-evidence,['physical land/island completeness and current settlement completeness remain unverified'],Pinned source role 'Local Government Areas' is independently represented as COD-AB ADM2 for these features; source role and administrative level alone do not certify tier purpose or physical extent.,"Source name/code, administration and settlement screens remain separate. No political title, full settlement population, complete land/island footprint, or region approval is inferred."
gb:NGA:ADM2:59680162B88998270560680,Jos North,Nigeria,gb:NGA:ADM2,2022,59680162B88998270560680,Jos North,Local Government Areas,True,774,framework:province:plateau:14e62370a737,framework:province:plateau:14e62370a737,"['framework:province:plateau:14e62370a737', 'framework:area:nigeria:13573928575a', 'framework:region:west-tropical-africa:ba6e06497098', 'framework:subcontinent:western-africa:6280a2b17f17', 'framework:continent:africa:d14fc0b285b2']",5,['Plateau'],supported,plateau,Plateau,['Plateau'],['NG032005'],unique normalized current name/explicit alias,"[{'current_name': 'Jos North', 'current_pcode': 'NG032005', 'current_parent': 'Plateau', 'parent_pcode': 'NG032', 'valid_on': '2019-04-17', 'area_km2': 262.19744238, 'component_count': 1, 'WCA_point_count_by_code': 0, 'WCA_point_count_name_parent_candidate': 44, 'WCA_crosswalk_method': 'normalized ADM2+ADM1 labels; code-vintage mismatch candidate', 'WCA_points_inside_current_geometry': 44, 'WCA_same_code_points_outside_geometry': 0, 'Senegal_2017_OCHA_points_by_code': 0, 'Senegal_2017_points_inside_current_geometry': 0, 'admin_capital_records': 0}]",4,"{'current_name': 'Jos North', 'current_pcode': 'NG032005', 'intersection_km2': 247.283648, 'legacy_coverage_pct': 95.68471, 'screen_only': True}",0,44,0,0,[],insufficient-evidence,['physical land/island completeness and current settlement completeness remain unverified'],Pinned source role 'Local Government Areas' is independently represented as COD-AB ADM2 for these features; source role and administrative level alone do not certify tier purpose or physical extent.,"Source name/code, administration and settlement screens remain separate. No political title, full settlement population, complete land/island footprint, or region approval is inferred."
gb:NGA:ADM2:59680162B89355923746110,Abadam,Nigeria,gb:NGA:ADM2,2022,59680162B89355923746110,Abadam,Local Government Areas,True,774,framework:province:borno:c07e4cd1e5ad,framework:province:borno:c07e4cd1e5ad,"['framework:province:borno:c07e4cd1e5ad', 'framework:area:nigeria:13573928575a', 'framework:region:west-tropical-africa:ba6e06497098', 'framework:subcontinent:western-africa:6280a2b17f17', 'framework:continent:africa:d14fc0b285b2']",5,['Borno'],supported,borno,Borno,['Borno'],['NG008001'],unique normalized current name/explicit alias,"[{'current_name': 'Abadam', 'current_pcode': 'NG008001', 'current_parent': 'Borno', 'parent_pcode': 'NG008', 'valid_on': '2019-04-17', 'area_km2': 3916.25182832, 'component_count': 1, 'WCA_point_count_by_code': 0, 'WCA_point_count_name_parent_candidate': 113, 'WCA_crosswalk_method': 'normalized ADM2+ADM1 labels; code-vintage mismatch candidate', 'WCA_points_inside_current_geometry': 112, 'WCA_same_code_points_outside_geometry': 1, 'Senegal_2017_OCHA_points_by_code': 0, 'Senegal_2017_points_inside_current_geometry': 0, 'admin_capital_records': 0}]",4,"{'current_name': 'Abadam', 'current_pcode': 'NG008001', 'intersection_km2': 3493.070975, 'legacy_coverage_pct': 87.56717, 'screen_only': True}",0,113,1,0,[],insufficient-evidence,['physical land/island completeness and current settlement completeness remain unverified'],Pinned source role 'Local Government Areas' is independently represented as COD-AB ADM2 for these features; source role and administrative level alone do not certify tier purpose or physical extent.,"Source name/code, administration and settlement screens remain separate. No political title, full settlement population, complete land/island footprint, or region approval is inferred."
gb:NGA:ADM2:59680162B89640587380951,Jos East,Nigeria,gb:NGA:ADM2,2022,59680162B89640587380951,Jos East,Local Government Areas,True,774,framework:province:plateau:14e62370a737,framework:province:plateau:14e62370a737,"['framework:province:plateau:14e62370a737', 'framework:area:nigeria:13573928575a', 'framework:region:west-tropical-africa:ba6e06497098', 'framework:subcontinent:western-africa:6280a2b17f17', 'framework:continent:africa:d14fc0b285b2']",5,['Plateau'],supported,plateau,Plateau,['Plateau'],['NG032004'],unique normalized current name/explicit alias,"[{'current_name': 'Jos East', 'current_pcode': 'NG032004', 'current_parent': 'Plateau', 'parent_pcode': 'NG032', 'valid_on': '2019-04-17', 'area_km2': 1027.73435105, 'component_count': 1, 'WCA_point_count_by_code': 0, 'WCA_point_count_name_parent_candidate': 78, 'WCA_crosswalk_method': 'normalized ADM2+ADM1 labels; code-vintage mismatch candidate', 'WCA_points_inside_current_geometry': 78, 'WCA_same_code_points_outside_geometry': 0, 'Senegal_2017_OCHA_points_by_code': 0, 'Senegal_2017_points_inside_current_geometry': 0, 'admin_capital_records': 0}]",7,"{'current_name': 'Jos East', 'current_pcode': 'NG032004', 'intersection_km2': 876.528027, 'legacy_coverage_pct': 96.17998, 'screen_only': True}",0,78,0,0,[],insufficient-evidence,['physical land/island completeness and current settlement completeness remain unverified'],Pinned source role 'Local Government Areas' is independently represented as COD-AB ADM2 for these features; source role and administrative level alone do not certify tier purpose or physical extent.,"Source name/code, administration and settlement screens remain separate. No political title, full settlement population, complete land/island footprint, or region approval is inferred."
gb:NGA:ADM2:59680162B89766877463651,Ganjuwa,Nigeria,gb:NGA:ADM2,2022,59680162B89766877463651,Ganjuwa,Local Government Areas,True,774,framework:province:bauchi:6b44eaa0aa5b,framework:province:bauchi:6b44eaa0aa5b,"['framework:province:bauchi:6b44eaa0aa5b', 'framework:area:nigeria:13573928575a', 'framework:region:west-tropical-africa:ba6e06497098', 'framework:subcontinent:western-africa:6280a2b17f17', 'framework:continent:africa:d14fc0b285b2']",5,['Bauchi'],supported,bauchi,Bauchi,['Bauchi'],['NG005008'],unique normalized current name/explicit alias,"[{'current_name': 'Ganjuwa', 'current_pcode': 'NG005008', 'current_parent': 'Bauchi', 'parent_pcode': 'NG005', 'valid_on': '2019-04-17', 'area_km2': 4889.69236326, 'component_count': 1, 'WCA_point_count_by_code': 0, 'WCA_point_count_name_parent_candidate': 167, 'WCA_crosswalk_method': 'normalized ADM2+ADM1 labels; code-vintage mismatch candidate', 'WCA_points_inside_current_geometry': 165, 'WCA_same_code_points_outside_geometry': 2, 'Senegal_2017_OCHA_points_by_code': 0, 'Senegal_2017_points_inside_current_geometry': 0, 'admin_capital_records': 0}]",9,"{'current_name': 'Ganjuwa', 'current_pcode': 'NG005008', 'intersection_km2': 4715.286303, 'legacy_coverage_pct': 86.68548, 'screen_only': True}",0,167,2,0,[],insufficient-evidence,['physical land/island completeness and current settlement completeness remain unverified'],Pinned source role 'Local Government Areas' is independently represented as COD-AB ADM2 for these features; source role and administrative level alone do not certify tier purpose or physical extent.,"Source name/code, administration and settlement screens remain separate. No political title, full settlement population, complete land/island footprint, or region approval is inferred."
gb:NGA:ADM2:59680162B90037113183568,Gujba,Nigeria,gb:NGA:ADM2,2022,59680162B90037113183568,Gujba,Local Government Areas,True,774,framework:province:yobe:35ae28a01a0b,framework:province:yobe:35ae28a01a0b,"['framework:province:yobe:35ae28a01a0b', 'framework:area:nigeria:13573928575a', 'framework:region:west-tropical-africa:ba6e06497098', 'framework:subcontinent:western-africa:6280a2b17f17', 'framework:continent:africa:d14fc0b285b2']",5,['Yobe'],supported,yobe,Yobe,['Yobe'],['NG036007'],unique normalized current name/explicit alias,"[{'current_name': 'Gujba', 'current_pcode': 'NG036007', 'current_parent': 'Yobe', 'parent_pcode': 'NG036', 'valid_on': '2019-04-17', 'area_km2': 3468.99320714, 'component_count': 1, 'WCA_point_count_by_code': 0, 'WCA_point_count_name_parent_candidate': 40, 'WCA_crosswalk_method': 'normalized ADM2+ADM1 labels; code-vintage mismatch candidate', 'WCA_points_inside_current_geometry': 40, 'WCA_same_code_points_outside_geometry': 0, 'Senegal_2017_OCHA_points_by_code': 0, 'Senegal_2017_points_inside_current_geometry': 0, 'admin_capital_records': 0}]",7,"{'current_name': 'Gujba', 'current_pcode': 'NG036007', 'intersection_km2': 3019.833654, 'legacy_coverage_pct': 90.34294, 'screen_only': True}",0,40,0,0,[],insufficient-evidence,['physical land/island completeness and current settlement completeness remain unverified'],Pinned source role 'Local Government Areas' is independently represented as COD-AB ADM2 for these features; source role and administrative level alone do not certify tier purpose or physical extent.,"Source name/code, administration and settlement screens remain separate. No political title, full settlement population, complete land/island footprint, or region approval is inferred."
gb:NGA:ADM2:59680162B90533313280833,Nangere,Nigeria,gb:NGA:ADM2,2022,59680162B90533313280833,Nangere,Local Government Areas,True,774,framework:province:yobe:35ae28a01a0b,framework:province:yobe:35ae28a01a0b,"['framework:province:yobe:35ae28a01a0b', 'framework:area:nigeria:13573928575a', 'framework:region:west-tropical-africa:ba6e06497098', 'framework:subcontinent:western-africa:6280a2b17f17', 'framework:continent:africa:d14fc0b285b2']",5,['Yobe'],supported,yobe,Yobe,['Yobe'],['NG036012'],unique normalized current name/explicit alias,"[{'current_name': 'Nangere', 'current_pcode': 'NG036012', 'current_parent': 'Yobe', 'parent_pcode': 'NG036', 'valid_on': '2019-04-17', 'area_km2': 1043.94310588, 'component_count': 1, 'WCA_point_count_by_code': 0, 'WCA_point_count_name_parent_candidate': 44, 'WCA_crosswalk_method': 'normalized ADM2+ADM1 labels; code-vintage mismatch candidate', 'WCA_points_inside_current_geometry': 44, 'WCA_same_code_points_outside_geometry': 0, 'Senegal_2017_OCHA_points_by_code': 0, 'Senegal_2017_points_inside_current_geometry': 0, 'admin_capital_records': 0}]",7,"{'current_name': 'Nangere', 'current_pcode': 'NG036012', 'intersection_km2': 968.797882, 'legacy_coverage_pct': 84.47748, 'screen_only': True}",0,44,0,0,[],insufficient-evidence,['physical land/island completeness and current settlement completeness remain unverified'],Pinned source role 'Local Government Areas' is independently represented as COD-AB ADM2 for these features; source role and administrative level alone do not certify tier purpose or physical extent.,"Source name/code, administration and settlement screens remain separate. No political title, full settlement population, complete land/island footprint, or region approval is inferred."
gb:NGA:ADM2:59680162B90895100901083,Itas/Gadau,Nigeria,gb:NGA:ADM2,2022,59680162B90895100901083,Itas/Gadau,Local Government Areas,True,774,framework:province:bauchi:6b44eaa0aa5b,framework:province:bauchi:6b44eaa0aa5b,"['framework:province:bauchi:6b44eaa0aa5b', 'framework:area:nigeria:13573928575a', 'framework:region:west-tropical-africa:ba6e06497098', 'framework:subcontinent:western-africa:6280a2b17f17', 'framework:continent:africa:d14fc0b285b2']",5,['Bauchi'],supported,bauchi,Bauchi,['Bauchi'],['NG005010'],unique normalized current name/explicit alias,"[{'current_name': 'Itas/Gadau', 'current_pcode': 'NG005010', 'current_parent': 'Bauchi', 'parent_pcode': 'NG005', 'valid_on': '2019-04-17', 'area_km2': 1653.23602248, 'component_count': 1, 'WCA_point_count_by_code': 0, 'WCA_point_count_name_parent_candidate': 34, 'WCA_crosswalk_method': 'normalized ADM2+ADM1 labels; code-vintage mismatch candidate', 'WCA_points_inside_current_geometry': 34, 'WCA_same_code_points_outside_geometry': 0, 'Senegal_2017_OCHA_points_by_code': 0, 'Senegal_2017_points_inside_current_geometry': 0, 'admin_capital_records': 0}]",9,"{'current_name': 'Itas/Gadau', 'current_pcode': 'NG005010', 'intersection_km2': 1508.699241, 'legacy_coverage_pct': 92.99678, 'screen_only': True}",0,34,0,0,[],insufficient-evidence,['physical land/island completeness and current settlement completeness remain unverified'],Pinned source role 'Local Government Areas' is independently represented as COD-AB ADM2 for these features; source role and administrative level alone do not certify tier purpose or physical extent.,"Source name/code, administration and settlement screens remain separate. No political title, full settlement population, complete land/island footprint, or region approval is inferred."
gb:NGA:ADM2:59680162B90957738044815,Yankwashi,Nigeria,gb:NGA:ADM2,2022,59680162B90957738044815,Yankwashi,Local Government Areas,True,774,framework:province:jigawa:8a28f64b5048,framework:province:jigawa:8a28f64b5048,"['framework:province:jigawa:8a28f64b5048', 'framework:area:nigeria:13573928575a', 'framework:region:west-tropical-africa:ba6e06497098', 'framework:subcontinent:western-africa:6280a2b17f17', 'framework:continent:africa:d14fc0b285b2']",5,['Jigawa'],supported,jigawa,Jigawa,['Jigawa'],['NG018027'],unique normalized current name/explicit alias,"[{'current_name': 'Yankwashi', 'current_pcode': 'NG018027', 'current_parent': 'Jigawa', 'parent_pcode': 'NG018', 'valid_on': '2019-04-17', 'area_km2': 338.06910197, 'component_count': 1, 'WCA_point_count_by_code': 0, 'WCA_point_count_name_parent_candidate': 61, 'WCA_crosswalk_method': 'normalized ADM2+ADM1 labels; code-vintage mismatch candidate', 'WCA_points_inside_current_geometry': 61, 'WCA_same_code_points_outside_geometry': 0, 'Senegal_2017_OCHA_points_by_code': 0, 'Senegal_2017_points_inside_current_geometry': 0, 'admin_capital_records': 0}]",6,"{'current_name': 'Yankwashi', 'current_pcode': 'NG018027', 'intersection_km2': 295.983728, 'legacy_coverage_pct': 97.52009, 'screen_only': True}",0,61,0,0,[],insufficient-evidence,['physical land/island completeness and current settlement completeness remain unverified'],Pinned source role 'Local Government Areas' is independently represented as COD-AB ADM2 for these features; source role and administrative level alone do not certify tier purpose or physical extent.,"Source name/code, administration and settlement screens remain separate. No political title, full settlement population, complete land/island footprint, or region approval is inferred."
gb:NGA:ADM2:59680162B91029831757376,Dambam,Nigeria,gb:NGA:ADM2,2022,59680162B91029831757376,Dambam,Local Government Areas,True,774,framework:province:bauchi:6b44eaa0aa5b,framework:province:bauchi:6b44eaa0aa5b,"['framework:province:bauchi:6b44eaa0aa5b', 'framework:area:nigeria:13573928575a', 'framework:region:west-tropical-africa:ba6e06497098', 'framework:subcontinent:western-africa:6280a2b17f17', 'framework:continent:africa:d14fc0b285b2']",5,['Bauchi'],supported,bauchi,Bauchi,['Bauchi'],['NG005004'],unique normalized current name/explicit alias,"[{'current_name': 'Damban', 'current_pcode': 'NG005004', 'current_parent': 'Bauchi', 'parent_pcode': 'NG005', 'valid_on': '2019-04-17', 'area_km2': 1098.22209136, 'component_count': 1, 'WCA_point_count_by_code': 0, 'WCA_point_count_name_parent_candidate': 22, 'WCA_crosswalk_method': 'normalized ADM2+ADM1 labels; code-vintage mismatch candidate', 'WCA_points_inside_current_geometry': 22, 'WCA_same_code_points_outside_geometry': 0, 'Senegal_2017_OCHA_points_by_code': 0, 'Senegal_2017_points_inside_current_geometry': 0, 'admin_capital_records': 0}]",7,"{'current_name': 'Damban', 'current_pcode': 'NG005004', 'intersection_km2': 1066.28726, 'legacy_coverage_pct': 90.57423, 'screen_only': True}",0,22,0,0,[],insufficient-evidence,['physical land/island completeness and current settlement completeness remain unverified'],Pinned source role 'Local Government Areas' is independently represented as COD-AB ADM2 for these features; source role and administrative level alone do not certify tier purpose or physical extent.,"Source name/code, administration and settlement screens remain separate. No political title, full settlement population, complete land/island footprint, or region approval is inferred."
gb:NGA:ADM2:59680162B9145923747098,Giade,Nigeria,gb:NGA:ADM2,2022,59680162B9145923747098,Giade,Local Government Areas,True,774,framework:province:bauchi:6b44eaa0aa5b,framework:province:bauchi:6b44eaa0aa5b,"['framework:province:bauchi:6b44eaa0aa5b', 'framework:area:nigeria:13573928575a', 'framework:region:west-tropical-africa:ba6e06497098', 'framework:subcontinent:western-africa:6280a2b17f17', 'framework:continent:africa:d14fc0b285b2']",5,['Bauchi'],supported,bauchi,Bauchi,['Bauchi'],['NG005009'],unique normalized current name/explicit alias,"[{'current_name': 'Giade', 'current_pcode': 'NG005009', 'current_parent': 'Bauchi', 'parent_pcode': 'NG005', 'valid_on': '2019-04-17', 'area_km2': 750.07283838, 'component_count': 1, 'WCA_point_count_by_code': 0, 'WCA_point_count_name_parent_candidate': 21, 'WCA_crosswalk_method': 'normalized ADM2+ADM1 labels; code-vintage mismatch candidate', 'WCA_points_inside_current_geometry': 21, 'WCA_same_code_points_outside_geometry': 0, 'Senegal_2017_OCHA_points_by_code': 0, 'Senegal_2017_points_inside_current_geometry': 0, 'admin_capital_records': 0}]",5,"{'current_name': 'Giade', 'current_pcode': 'NG005009', 'intersection_km2': 709.42265, 'legacy_coverage_pct': 90.78571, 'screen_only': True}",0,21,0,0,[],insufficient-evidence,['physical land/island completeness and current settlement completeness remain unverified'],Pinned source role 'Local Government Areas' is independently represented as COD-AB ADM2 for these features; source role and administrative level alone do not certify tier purpose or physical extent.,"Source name/code, administration and settlement screens remain separate. No political title, full settlement population, complete land/island footprint, or region approval is inferred."
gb:NGA:ADM2:59680162B91711719497512,Jos South,Nigeria,gb:NGA:ADM2,2022,59680162B91711719497512,Jos South,Local Government Areas,True,774,framework:province:plateau:14e62370a737,framework:province:plateau:14e62370a737,"['framework:province:plateau:14e62370a737', 'framework:area:nigeria:13573928575a', 'framework:region:west-tropical-africa:ba6e06497098', 'framework:subcontinent:western-africa:6280a2b17f17', 'framework:continent:africa:d14fc0b285b2']",5,['Plateau'],supported,plateau,Plateau,['Plateau'],['NG032006'],unique normalized current name/explicit alias,"[{'current_name': 'Jos South', 'current_pcode': 'NG032006', 'current_parent': 'Plateau', 'parent_pcode': 'NG032', 'valid_on': '2019-04-17', 'area_km2': 566.16351621, 'component_count': 1, 'WCA_point_count_by_code': 0, 'WCA_point_count_name_parent_candidate': 60, 'WCA_crosswalk_method': 'normalized ADM2+ADM1 labels; code-vintage mismatch candidate', 'WCA_points_inside_current_geometry': 60, 'WCA_same_code_points_outside_geometry': 0, 'Senegal_2017_OCHA_points_by_code': 0, 'Senegal_2017_points_inside_current_geometry': 0, 'admin_capital_records': 0}]",6,"{'current_name': 'Jos South', 'current_pcode': 'NG032006', 'intersection_km2': 544.804984, 'legacy_coverage_pct': 97.52177, 'screen_only': True}",0,60,0,0,[],insufficient-evidence,['physical land/island completeness and current settlement completeness remain unverified'],Pinned source role 'Local Government Areas' is independently represented as COD-AB ADM2 for these features; source role and administrative level alone do not certify tier purpose or physical extent.,"Source name/code, administration and settlement screens remain separate. No political title, full settlement population, complete land/island footprint, or region approval is inferred."
gb:NGA:ADM2:59680162B93100308813933,Maigatari,Nigeria,gb:NGA:ADM2,2022,59680162B93100308813933,Maigatari,Local Government Areas,True,774,framework:province:jigawa:8a28f64b5048,framework:province:jigawa:8a28f64b5048,"['framework:province:jigawa:8a28f64b5048', 'framework:area:nigeria:13573928575a', 'framework:region:west-tropical-africa:ba6e06497098', 'framework:subcontinent:western-africa:6280a2b17f17', 'framework:continent:africa:d14fc0b285b2']",5,['Jigawa'],supported,jigawa,Jigawa,['Jigawa'],['NG018020'],unique normalized current name/explicit alias,"[{'current_name': 'Maigatari', 'current_pcode': 'NG018020', 'current_parent': 'Jigawa', 'parent_pcode': 'NG018', 'valid_on': '2019-04-17', 'area_km2': 964.55417287, 'component_count': 1, 'WCA_point_count_by_code': 0, 'WCA_point_count_name_parent_candidate': 32, 'WCA_crosswalk_method': 'normalized ADM2+ADM1 labels; code-vintage mismatch candidate', 'WCA_points_inside_current_geometry': 32, 'WCA_same_code_points_outside_geometry': 0, 'Senegal_2017_OCHA_points_by_code': 0, 'Senegal_2017_points_inside_current_geometry': 0, 'admin_capital_records': 0}]",6,"{'current_name': 'Maigatari', 'current_pcode': 'NG018020', 'intersection_km2': 934.059421, 'legacy_coverage_pct': 93.37986, 'screen_only': True}",0,32,0,0,[],insufficient-evidence,['physical land/island completeness and current settlement completeness remain unverified'],Pinned source role 'Local Government Areas' is independently represented as COD-AB ADM2 for these features; source role and administrative level alone do not certify tier purpose or physical extent.,"Source name/code, administration and settlement screens remain separate. No political title, full settlement population, complete land/island footprint, or region approval is inferred."
gb:NGA:ADM2:59680162B94450341733030,Okpokwu,Nigeria,gb:NGA:ADM2,2022,59680162B94450341733030,Okpokwu,Local Government Areas,True,774,framework:province:benue:bb5576291a52,framework:province:benue:bb5576291a52,"['framework:province:benue:bb5576291a52', 'framework:area:nigeria:13573928575a', 'framework:region:west-tropical-africa:ba6e06497098', 'framework:subcontinent:western-africa:6280a2b17f17', 'framework:continent:africa:d14fc0b285b2']",5,['Benue'],supported,benue,Benue,['Benue'],['NG007018'],unique normalized current name/explicit alias,"[{'current_name': 'Okpokwu', 'current_pcode': 'NG007018', 'current_parent': 'Benue', 'parent_pcode': 'NG007', 'valid_on': '2019-04-17', 'area_km2': 924.52315117, 'component_count': 1, 'WCA_point_count_by_code': 0, 'WCA_point_count_name_parent_candidate': 31, 'WCA_crosswalk_method': 'normalized ADM2+ADM1 labels; code-vintage mismatch candidate', 'WCA_points_inside_current_geometry': 31, 'WCA_same_code_points_outside_geometry': 0, 'Senegal_2017_OCHA_points_by_code': 0, 'Senegal_2017_points_inside_current_geometry': 0, 'admin_capital_records': 0}]",6,"{'current_name': 'Okpokwu', 'current_pcode': 'NG007018', 'intersection_km2': 747.484442, 'legacy_coverage_pct': 84.50088, 'screen_only': True}",0,31,0,0,[],insufficient-evidence,['physical land/island completeness and current settlement completeness remain unverified'],Pinned source role 'Local Government Areas' is independently represented as COD-AB ADM2 for these features; source role and administrative level alone do not certify tier purpose or physical extent.,"Source name/code, administration and settlement screens remain separate. No political title, full settlement population, complete land/island footprint, or region approval is inferred."
gb:NGA:ADM2:59680162B94726154492089,Bassa,Nigeria,gb:NGA:ADM2,2022,59680162B94726154492089,Bassa,Local Government Areas,True,774,framework:province:plateau:14e62370a737,framework:province:plateau:14e62370a737,"['framework:province:plateau:14e62370a737', 'framework:area:nigeria:13573928575a', 'framework:region:west-tropical-africa:ba6e06497098', 'framework:subcontinent:western-africa:6280a2b17f17', 'framework:continent:africa:d14fc0b285b2']",5,"['Kogi', 'Plateau']",insufficient-evidence,plateau,Kogi;Plateau,"['Kogi', 'Plateau']","['NG023004', 'NG032002']",duplicate normalized current name; all candidates retained and overlap-ranked,"[{'current_name': 'Bassa', 'current_pcode': 'NG023004', 'current_parent': 'Kogi', 'parent_pcode': 'NG023', 'valid_on': '2019-04-17', 'area_km2': 1935.03604254, 'component_count': 1, 'WCA_point_count_by_code': 0, 'WCA_point_count_name_parent_candidate': 98, 'WCA_crosswalk_method': 'normalized ADM2+ADM1 labels; code-vintage mismatch candidate', 'WCA_points_inside_current_geometry': 98, 'WCA_same_code_points_outside_geometry': 0, 'Senegal_2017_OCHA_points_by_code': 0, 'Senegal_2017_points_inside_current_geometry': 0, 'admin_capital_records': 0}, {'current_name': 'Bassa', 'current_pcode': 'NG032002', 'current_parent': 'Plateau', 'parent_pcode': 'NG032', 'valid_on': '2019-04-17', 'area_km2': 1647.5713531, 'component_count': 1, 'WCA_point_count_by_code': 0, 'WCA_point_count_name_parent_candidate': 92, 'WCA_crosswalk_method': 'normalized ADM2+ADM1 labels; code-vintage mismatch candidate', 'WCA_points_inside_current_geometry': 92, 'WCA_same_code_points_outside_geometry': 0, 'Senegal_2017_OCHA_points_by_code': 0, 'Senegal_2017_points_inside_current_geometry': 0, 'admin_capital_records': 0}]",5,"{'current_name': 'Bassa', 'current_pcode': 'NG032002', 'intersection_km2': 1439.606214, 'legacy_coverage_pct': 98.9834, 'screen_only': True}",0,190,0,0,[],insufficient-evidence,['multiple current same-name candidates'],Pinned source role 'Local Government Areas' is independently represented as COD-AB ADM2 for these features; source role and administrative level alone do not certify tier purpose or physical extent.,"Source name/code, administration and settlement screens remain separate. No political title, full settlement population, complete land/island footprint, or region approval is inferred."
gb:NGA:ADM2:59680162B95139171035149,Akko,Nigeria,gb:NGA:ADM2,2022,59680162B95139171035149,Akko,Local Government Areas,True,774,framework:province:gombe:a5889db98604,framework:province:gombe:a5889db98604,"['framework:province:gombe:a5889db98604', 'framework:area:nigeria:13573928575a', 'framework:region:west-tropical-africa:ba6e06497098', 'framework:subcontinent:western-africa:6280a2b17f17', 'framework:continent:africa:d14fc0b285b2']",5,['Gombe'],supported,gombe,Gombe,['Gombe'],['NG016001'],unique normalized current name/explicit alias,"[{'current_name': 'Akko', 'current_pcode': 'NG016001', 'current_parent': 'Gombe', 'parent_pcode': 'NG016', 'valid_on': '2019-04-17', 'area_km2': 2452.52869117, 'component_count': 1, 'WCA_point_count_by_code': 0, 'WCA_point_count_name_parent_candidate': 123, 'WCA_crosswalk_method': 'normalized ADM2+ADM1 labels; code-vintage mismatch candidate', 'WCA_points_inside_current_geometry': 123, 'WCA_same_code_points_outside_geometry': 0, 'Senegal_2017_OCHA_points_by_code': 0, 'Senegal_2017_points_inside_current_geometry': 0, 'admin_capital_records': 0}]",9,"{'current_name': 'Akko', 'current_pcode': 'NG016001', 'intersection_km2': 2320.694604, 'legacy_coverage_pct': 94.01498, 'screen_only': True}",0,123,0,0,[],insufficient-evidence,['physical land/island completeness and current settlement completeness remain unverified'],Pinned source role 'Local Government Areas' is independently represented as COD-AB ADM2 for these features; source role and administrative level alone do not certify tier purpose or physical extent.,"Source name/code, administration and settlement screens remain separate. No political title, full settlement population, complete land/island footprint, or region approval is inferred."
gb:NGA:ADM2:59680162B95265909286240,Kiyawa,Nigeria,gb:NGA:ADM2,2022,59680162B95265909286240,Kiyawa,Local Government Areas,True,774,framework:province:jigawa:8a28f64b5048,framework:province:jigawa:8a28f64b5048,"['framework:province:jigawa:8a28f64b5048', 'framework:area:nigeria:13573928575a', 'framework:region:west-tropical-africa:ba6e06497098', 'framework:subcontinent:western-africa:6280a2b17f17', 'framework:continent:africa:d14fc0b285b2']",5,['Jigawa'],supported,jigawa,Jigawa,['Jigawa'],['NG018019'],unique normalized current name/explicit alias,"[{'current_name': 'Kiyawa', 'current_pcode': 'NG018019', 'current_parent': 'Jigawa', 'parent_pcode': 'NG018', 'valid_on': '2019-04-17', 'area_km2': 1031.47837393, 'component_count': 1, 'WCA_point_count_by_code': 0, 'WCA_point_count_name_parent_candidate': 43, 'WCA_crosswalk_method': 'normalized ADM2+ADM1 labels; code-vintage mismatch candidate', 'WCA_points_inside_current_geometry': 43, 'WCA_same_code_points_outside_geometry': 0, 'Senegal_2017_OCHA_points_by_code': 0, 'Senegal_2017_points_inside_current_geometry': 0, 'admin_capital_records': 0}]",5,"{'current_name': 'Kiyawa', 'current_pcode': 'NG018019', 'intersection_km2': 945.384385, 'legacy_coverage_pct': 93.91604, 'screen_only': True}",0,43,0,0,[],insufficient-evidence,['physical land/island completeness and current settlement completeness remain unverified'],Pinned source role 'Local Government Areas' is independently represented as COD-AB ADM2 for these features; source role and administrative level alone do not certify tier purpose or physical extent.,"Source name/code, administration and settlement screens remain separate. No political title, full settlement population, complete land/island footprint, or region approval is inferred."
gb:NGA:ADM2:59680162B96971531554224,Taura,Nigeria,gb:NGA:ADM2,2022,59680162B96971531554224,Taura,Local Government Areas,True,774,framework:province:jigawa:8a28f64b5048,framework:province:jigawa:8a28f64b5048,"['framework:province:jigawa:8a28f64b5048', 'framework:area:nigeria:13573928575a', 'framework:region:west-tropical-africa:ba6e06497098', 'framework:subcontinent:western-africa:6280a2b17f17', 'framework:continent:africa:d14fc0b285b2']",5,['Jigawa'],supported,jigawa,Jigawa,['Jigawa'],['NG018026'],unique normalized current name/explicit alias,"[{'current_name': 'Taura', 'current_pcode': 'NG018026', 'current_parent': 'Jigawa', 'parent_pcode': 'NG018', 'valid_on': '2019-04-17', 'area_km2': 655.74490163, 'component_count': 1, 'WCA_point_count_by_code': 0, 'WCA_point_count_name_parent_candidate': 32, 'WCA_crosswalk_method': 'normalized ADM2+ADM1 labels; code-vintage mismatch candidate', 'WCA_points_inside_current_geometry': 32, 'WCA_same_code_points_outside_geometry': 0, 'Senegal_2017_OCHA_points_by_code': 0, 'Senegal_2017_points_inside_current_geometry': 0, 'admin_capital_records': 0}]",7,"{'current_name': 'Taura', 'current_pcode': 'NG018026', 'intersection_km2': 615.884984, 'legacy_coverage_pct': 88.00226, 'screen_only': True}",0,32,0,0,[],insufficient-evidence,['physical land/island completeness and current settlement completeness remain unverified'],Pinned source role 'Local Government Areas' is independently represented as COD-AB ADM2 for these features; source role and administrative level alone do not certify tier purpose or physical extent.,"Source name/code, administration and settlement screens remain separate. No political title, full settlement population, complete land/island footprint, or region approval is inferred."
gb:NGA:ADM2:59680162B98222207712503,Bali,Nigeria,gb:NGA:ADM2,2022,59680162B98222207712503,Bali,Local Government Areas,True,774,framework:province:taraba:34f4cd78bd99,framework:province:taraba:34f4cd78bd99,"['framework:province:taraba:34f4cd78bd99', 'framework:area:nigeria:13573928575a', 'framework:region:west-tropical-africa:ba6e06497098', 'framework:subcontinent:western-africa:6280a2b17f17', 'framework:continent:africa:d14fc0b285b2']",5,['Taraba'],supported,taraba,Taraba,['Taraba'],['NG035002'],unique normalized current name/explicit alias,"[{'current_name': 'Bali', 'current_pcode': 'NG035002', 'current_parent': 'Taraba', 'parent_pcode': 'NG035', 'valid_on': '2019-04-17', 'area_km2': 9133.64374035, 'component_count': 1, 'WCA_point_count_by_code': 0, 'WCA_point_count_name_parent_candidate': 412, 'WCA_crosswalk_method': 'normalized ADM2+ADM1 labels; code-vintage mismatch candidate', 'WCA_points_inside_current_geometry': 412, 'WCA_same_code_points_outside_geometry': 0, 'Senegal_2017_OCHA_points_by_code': 0, 'Senegal_2017_points_inside_current_geometry': 0, 'admin_capital_records': 0}]",11,"{'current_name': 'Bali', 'current_pcode': 'NG035002', 'intersection_km2': 9114.612242, 'legacy_coverage_pct': 93.80829, 'screen_only': True}",0,412,0,0,[],insufficient-evidence,['physical land/island completeness and current settlement completeness remain unverified'],Pinned source role 'Local Government Areas' is independently represented as COD-AB ADM2 for these features; source role and administrative level alone do not certify tier purpose or physical extent.,"Source name/code, administration and settlement screens remain separate. No political title, full settlement population, complete land/island footprint, or region approval is inferred."
gb:NGA:ADM2:59680162B98903295811344,Shelleng,Nigeria,gb:NGA:ADM2,2022,59680162B98903295811344,Shelleng,Local Government Areas,True,774,framework:province:adamawa:6aa47652a3d5,framework:province:adamawa:6aa47652a3d5,"['framework:province:adamawa:6aa47652a3d5', 'framework:area:nigeria:13573928575a', 'framework:region:west-tropical-africa:ba6e06497098', 'framework:subcontinent:western-africa:6280a2b17f17', 'framework:continent:africa:d14fc0b285b2']",5,['Adamawa'],supported,adamawa,Adamawa,['Adamawa'],['NG002017'],unique normalized current name/explicit alias,"[{'current_name': 'Shelleng', 'current_pcode': 'NG002017', 'current_parent': 'Adamawa', 'parent_pcode': 'NG002', 'valid_on': '2019-04-17', 'area_km2': 1205.74751535, 'component_count': 1, 'WCA_point_count_by_code': 0, 'WCA_point_count_name_parent_candidate': 127, 'WCA_crosswalk_method': 'normalized ADM2+ADM1 labels; code-vintage mismatch candidate', 'WCA_points_inside_current_geometry': 127, 'WCA_same_code_points_outside_geometry': 0, 'Senegal_2017_OCHA_points_by_code': 0, 'Senegal_2017_points_inside_current_geometry': 0, 'admin_capital_records': 0}]",8,"{'current_name': 'Shelleng', 'current_pcode': 'NG002017', 'intersection_km2': 1087.254199, 'legacy_coverage_pct': 78.74024, 'screen_only': True}",0,127,0,0,[],insufficient-evidence,['physical land/island completeness and current settlement completeness remain unverified'],Pinned source role 'Local Government Areas' is independently represented as COD-AB ADM2 for these features; source role and administrative level alone do not certify tier purpose or physical extent.,"Source name/code, administration and settlement screens remain separate. No political title, full settlement population, complete land/island footprint, or region approval is inferred."
gb:NGA:ADM2:59680162B99039921741080,Buruku,Nigeria,gb:NGA:ADM2,2022,59680162B99039921741080,Buruku,Local Government Areas,True,774,framework:province:benue:bb5576291a52,framework:province:benue:bb5576291a52,"['framework:province:benue:bb5576291a52', 'framework:area:nigeria:13573928575a', 'framework:region:west-tropical-africa:ba6e06497098', 'framework:subcontinent:western-africa:6280a2b17f17', 'framework:continent:africa:d14fc0b285b2']",5,['Benue'],supported,benue,Benue,['Benue'],['NG007004'],unique normalized current name/explicit alias,"[{'current_name': 'Buruku', 'current_pcode': 'NG007004', 'current_parent': 'Benue', 'parent_pcode': 'NG007', 'valid_on': '2019-04-17', 'area_km2': 1172.69011481, 'component_count': 1, 'WCA_point_count_by_code': 0, 'WCA_point_count_name_parent_candidate': 7, 'WCA_crosswalk_method': 'normalized ADM2+ADM1 labels; code-vintage mismatch candidate', 'WCA_points_inside_current_geometry': 7, 'WCA_same_code_points_outside_geometry': 0, 'Senegal_2017_OCHA_points_by_code': 0, 'Senegal_2017_points_inside_current_geometry': 0, 'admin_capital_records': 0}]",6,"{'current_name': 'Buruku', 'current_pcode': 'NG007004', 'intersection_km2': 1027.541631, 'legacy_coverage_pct': 75.10186, 'screen_only': True}",0,7,0,0,[],insufficient-evidence,['physical land/island completeness and current settlement completeness remain unverified'],Pinned source role 'Local Government Areas' is independently represented as COD-AB ADM2 for these features; source role and administrative level alone do not certify tier purpose or physical extent.,"Source name/code, administration and settlement screens remain separate. No political title, full settlement population, complete land/island footprint, or region approval is inferred."
gb:NGA:ADM2:59680162B99351931357354,Langtang South,Nigeria,gb:NGA:ADM2,2022,59680162B99351931357354,Langtang South,Local Government Areas,True,774,framework:province:plateau:14e62370a737,framework:province:plateau:14e62370a737,"['framework:province:plateau:14e62370a737', 'framework:area:nigeria:13573928575a', 'framework:region:west-tropical-africa:ba6e06497098', 'framework:subcontinent:western-africa:6280a2b17f17', 'framework:continent:africa:d14fc0b285b2']",5,['Plateau'],supported,plateau,Plateau,['Plateau'],['NG032010'],unique normalized current name/explicit alias,"[{'current_name': 'Langtang South', 'current_pcode': 'NG032010', 'current_parent': 'Plateau', 'parent_pcode': 'NG032', 'valid_on': '2019-04-17', 'area_km2': 1198.87729128, 'component_count': 1, 'WCA_point_count_by_code': 0, 'WCA_point_count_name_parent_candidate': 3, 'WCA_crosswalk_method': 'normalized ADM2+ADM1 labels; code-vintage mismatch candidate', 'WCA_points_inside_current_geometry': 3, 'WCA_same_code_points_outside_geometry': 0, 'Senegal_2017_OCHA_points_by_code': 0, 'Senegal_2017_points_inside_current_geometry': 0, 'admin_capital_records': 0}]",5,"{'current_name': 'Langtang South', 'current_pcode': 'NG032010', 'intersection_km2': 1159.271106, 'legacy_coverage_pct': 96.16632, 'screen_only': True}",0,3,0,0,[],insufficient-evidence,['physical land/island completeness and current settlement completeness remain unverified'],Pinned source role 'Local Government Areas' is independently represented as COD-AB ADM2 for these features; source role and administrative level alone do not certify tier purpose or physical extent.,"Source name/code, administration and settlement screens remain separate. No political title, full settlement population, complete land/island footprint, or region approval is inferred."
gb:NGA:ADM2:59680162B99778789604362,Gwer East,Nigeria,gb:NGA:ADM2,2022,59680162B99778789604362,Gwer East,Local Government Areas,True,774,framework:province:benue:bb5576291a52,framework:province:benue:bb5576291a52,"['framework:province:benue:bb5576291a52', 'framework:area:nigeria:13573928575a', 'framework:region:west-tropical-africa:ba6e06497098', 'framework:subcontinent:western-africa:6280a2b17f17', 'framework:continent:africa:d14fc0b285b2']",5,['Benue'],supported,benue,Benue,['Benue'],['NG007007'],unique normalized current name/explicit alias,"[{'current_name': 'Gwer East', 'current_pcode': 'NG007007', 'current_parent': 'Benue', 'parent_pcode': 'NG007', 'valid_on': '2019-04-17', 'area_km2': 1994.36233319, 'component_count': 1, 'WCA_point_count_by_code': 0, 'WCA_point_count_name_parent_candidate': 358, 'WCA_crosswalk_method': 'normalized ADM2+ADM1 labels; code-vintage mismatch candidate', 'WCA_points_inside_current_geometry': 358, 'WCA_same_code_points_outside_geometry': 0, 'Senegal_2017_OCHA_points_by_code': 0, 'Senegal_2017_points_inside_current_geometry': 0, 'admin_capital_records': 0}]",8,"{'current_name': 'Gwer East', 'current_pcode': 'NG007007', 'intersection_km2': 1787.853449, 'legacy_coverage_pct': 78.71672, 'screen_only': True}",0,358,0,0,[],insufficient-evidence,['physical land/island completeness and current settlement completeness remain unverified'],Pinned source role 'Local Government Areas' is independently represented as COD-AB ADM2 for these features; source role and administrative level alone do not certify tier purpose or physical extent.,"Source name/code, administration and settlement screens remain separate. No political title, full settlement population, complete land/island footprint, or region approval is inferred."
gb:SEN:ADM2:50182788B11051302290888,Oussouye,Senegal,gb:SEN:ADM2,2019,50182788B11051302290888,Oussouye,department,True,45,framework:province:ziguinchor:0cb480e871cd,framework:province:ziguinchor:0cb480e871cd,"['framework:province:ziguinchor:0cb480e871cd', 'framework:area:senegal:c711cdb1398e', 'framework:region:west-tropical-africa:ba6e06497098', 'framework:subcontinent:western-africa:6280a2b17f17', 'framework:continent:africa:d14fc0b285b2']",5,['Ziguinchor'],supported,ziguinchor,Ziguinchor,['Ziguinchor'],['SN1402'],unique normalized current name/explicit alias,"[{'current_name': 'Oussouye', 'current_pcode': 'SN1402', 'current_parent': 'Ziguinchor', 'parent_pcode': 'SN14', 'valid_on': '2024-05-20', 'area_km2': 877.80423439, 'component_count': 1, 'WCA_point_count_by_code': 100, 'WCA_point_count_name_parent_candidate': 100, 'WCA_crosswalk_method': 'exact publisher ADM2 code', 'WCA_points_inside_current_geometry': 100, 'WCA_same_code_points_outside_geometry': 0, 'Senegal_2017_OCHA_points_by_code': 100, 'Senegal_2017_points_inside_current_geometry': 100, 'admin_capital_records': 1}]",3,"{'current_name': 'Oussouye', 'current_pcode': 'SN1402', 'intersection_km2': 871.20618, 'legacy_coverage_pct': 97.89871, 'screen_only': True}",100,100,0,100,"[{'name': 'Oussouye', 'coordinates': [-16.544875, 12.486037], 'adm_p_lvl': 2}]",insufficient-evidence,['physical land/island completeness and current settlement completeness remain unverified'],Pinned source role 'department' is independently represented as COD-AB ADM2 for these features; source role and administrative level alone do not certify tier purpose or physical extent.,"Source name/code, administration and settlement screens remain separate. No political title, full settlement population, complete land/island footprint, or region approval is inferred."
gb:SEN:ADM2:50182788B13883389428586,Malem Hodar,Senegal,gb:SEN:ADM2,2019,50182788B13883389428586,Malem Hodar,department,True,45,framework:province:kaffrine:61603e3b9b77,framework:province:kaffrine:61603e3b9b77,"['framework:province:kaffrine:61603e3b9b77', 'framework:area:senegal:c711cdb1398e', 'framework:region:west-tropical-africa:ba6e06497098', 'framework:subcontinent:western-africa:6280a2b17f17', 'framework:continent:africa:d14fc0b285b2']",5,['Kaffrine'],supported,kaffrine,Kaffrine,['Kaffrine'],['SN0404'],unique normalized current name/explicit alias,"[{'current_name': 'Malem-Hodar', 'current_pcode': 'SN0404', 'current_parent': 'Kaffrine', 'parent_pcode': 'SN04', 'valid_on': '2024-05-20', 'area_km2': 2693.16541254, 'component_count': 1, 'WCA_point_count_by_code': 0, 'WCA_point_count_name_parent_candidate': 217, 'WCA_crosswalk_method': 'normalized ADM2+ADM1 labels; code-vintage mismatch candidate', 'WCA_points_inside_current_geometry': 216, 'WCA_same_code_points_outside_geometry': 1, 'Senegal_2017_OCHA_points_by_code': 218, 'Senegal_2017_points_inside_current_geometry': 218, 'admin_capital_records': 0}]",4,"{'current_name': 'Malem-Hodar', 'current_pcode': 'SN0404', 'intersection_km2': 2689.067425, 'legacy_coverage_pct': 99.68897, 'screen_only': True}",0,217,1,218,[],insufficient-evidence,['physical land/island completeness and current settlement completeness remain unverified'],Pinned source role 'department' is independently represented as COD-AB ADM2 for these features; source role and administrative level alone do not certify tier purpose or physical extent.,"Source name/code, administration and settlement screens remain separate. No political title, full settlement population, complete land/island footprint, or region approval is inferred."
gb:SEN:ADM2:50182788B14678638932037,Linguere,Senegal,gb:SEN:ADM2,2019,50182788B14678638932037,Linguere,department,True,45,framework:province:louga:5b3aa44a3b75,framework:province:louga:5b3aa44a3b75,"['framework:province:louga:5b3aa44a3b75', 'framework:area:senegal:c711cdb1398e', 'framework:region:west-tropical-africa:ba6e06497098', 'framework:subcontinent:western-africa:6280a2b17f17', 'framework:continent:africa:d14fc0b285b2']",5,['Louga'],supported,louga,Louga,['Louga'],['SN0802'],unique normalized current name/explicit alias,"[{'current_name': 'Linguère', 'current_pcode': 'SN0802', 'current_parent': 'Louga', 'parent_pcode': 'SN08', 'valid_on': '2024-05-20', 'area_km2': 16009.36208213, 'component_count': 1, 'WCA_point_count_by_code': 1144, 'WCA_point_count_name_parent_candidate': 1144, 'WCA_crosswalk_method': 'exact publisher ADM2 code', 'WCA_points_inside_current_geometry': 1142, 'WCA_same_code_points_outside_geometry': 2, 'Senegal_2017_OCHA_points_by_code': 1143, 'Senegal_2017_points_inside_current_geometry': 1142, 'admin_capital_records': 1}]",9,"{'current_name': 'Linguère', 'current_pcode': 'SN0802', 'intersection_km2': 15989.757971, 'legacy_coverage_pct': 99.80908, 'screen_only': True}",1144,1144,2,1143,"[{'name': 'Linguere', 'coordinates': [-15.120178999999837, 15.396581], 'adm_p_lvl': 2}]",insufficient-evidence,['physical land/island completeness and current settlement completeness remain unverified'],Pinned source role 'department' is independently represented as COD-AB ADM2 for these features; source role and administrative level alone do not certify tier purpose or physical extent.,"Source name/code, administration and settlement screens remain separate. No political title, full settlement population, complete land/island footprint, or region approval is inferred."
gb:SEN:ADM2:50182788B15645681951695,Kaolack,Senegal,gb:SEN:ADM2,2019,50182788B15645681951695,Kaolack,department,True,45,framework:province:kaolack:c217412252c3,framework:province:kaolack:c217412252c3,"['framework:province:kaolack:c217412252c3', 'framework:area:senegal:c711cdb1398e', 'framework:region:west-tropical-africa:ba6e06497098', 'framework:subcontinent:western-africa:6280a2b17f17', 'framework:continent:africa:d14fc0b285b2']",5,['Kaolack'],supported,kaolack,Kaolack,['Kaolack'],['SN0502'],unique normalized current name/explicit alias,"[{'current_name': 'Kaolack', 'current_pcode': 'SN0502', 'current_parent': 'Kaolack', 'parent_pcode': 'SN05', 'valid_on': '2024-05-20', 'area_km2': 1905.0726585, 'component_count': 1, 'WCA_point_count_by_code': 775, 'WCA_point_count_name_parent_candidate': 775, 'WCA_crosswalk_method': 'exact publisher ADM2 code', 'WCA_points_inside_current_geometry': 769, 'WCA_same_code_points_outside_geometry': 6, 'Senegal_2017_OCHA_points_by_code': 774, 'Senegal_2017_points_inside_current_geometry': 771, 'admin_capital_records': 1}]",6,"{'current_name': 'Kaolack', 'current_pcode': 'SN0502', 'intersection_km2': 1873.211609, 'legacy_coverage_pct': 99.54136, 'screen_only': True}",775,775,6,774,"[{'name': 'Kaolack', 'coordinates': [-16.076695, 14.142798000000141], 'adm_p_lvl': 1}]",insufficient-evidence,['physical land/island completeness and current settlement completeness remain unverified'],Pinned source role 'department' is independently represented as COD-AB ADM2 for these features; source role and administrative level alone do not certify tier purpose or physical extent.,"Source name/code, administration and settlement screens remain separate. No political title, full settlement population, complete land/island footprint, or region approval is inferred."
gb:SEN:ADM2:50182788B16013842146029,Bakel,Senegal,gb:SEN:ADM2,2019,50182788B16013842146029,Bakel,department,True,45,framework:province:tambacounda:33209cd39104,framework:province:tambacounda:33209cd39104,"['framework:province:tambacounda:33209cd39104', 'framework:area:senegal:c711cdb1398e', 'framework:region:west-tropical-africa:ba6e06497098', 'framework:subcontinent:western-africa:6280a2b17f17', 'framework:continent:africa:d14fc0b285b2']",5,['Tambacounda'],supported,tambacounda,Tambacounda,['Tambacounda'],['SN1201'],unique normalized current name/explicit alias,"[{'current_name': 'Bakel', 'current_pcode': 'SN1201', 'current_parent': 'Tambacounda', 'parent_pcode': 'SN12', 'valid_on': '2024-05-20', 'area_km2': 6691.51906822, 'component_count': 1, 'WCA_point_count_by_code': 215, 'WCA_point_count_name_parent_candidate': 215, 'WCA_crosswalk_method': 'exact publisher ADM2 code', 'WCA_points_inside_current_geometry': 215, 'WCA_same_code_points_outside_geometry': 0, 'Senegal_2017_OCHA_points_by_code': 233, 'Senegal_2017_points_inside_current_geometry': 233, 'admin_capital_records': 1}]",4,"{'current_name': 'Bakel', 'current_pcode': 'SN1201', 'intersection_km2': 6665.790674, 'legacy_coverage_pct': 99.39105, 'screen_only': True}",215,215,0,233,"[{'name': 'Bakel', 'coordinates': [-12.458206, 14.902204], 'adm_p_lvl': 2}]",insufficient-evidence,['physical land/island completeness and current settlement completeness remain unverified'],Pinned source role 'department' is independently represented as COD-AB ADM2 for these features; source role and administrative level alone do not certify tier purpose or physical extent.,"Source name/code, administration and settlement screens remain separate. No political title, full settlement population, complete land/island footprint, or region approval is inferred."
gb:SEN:ADM2:50182788B16861669195445,Rufisque,Senegal,gb:SEN:ADM2,2019,50182788B16861669195445,Rufisque,department,True,45,framework:province:dakar:02cf22dc8e4e,framework:province:dakar:02cf22dc8e4e,"['framework:province:dakar:02cf22dc8e4e', 'framework:area:senegal:c711cdb1398e', 'framework:region:west-tropical-africa:ba6e06497098', 'framework:subcontinent:western-africa:6280a2b17f17', 'framework:continent:africa:d14fc0b285b2']",5,['Dakar'],supported,dakar,Dakar,['Dakar'],['SN0104'],unique normalized current name/explicit alias,"[{'current_name': 'Rufisque', 'current_pcode': 'SN0104', 'current_parent': 'Dakar', 'parent_pcode': 'SN01', 'valid_on': '2024-05-20', 'area_km2': 357.71590896, 'component_count': 2, 'WCA_point_count_by_code': 296, 'WCA_point_count_name_parent_candidate': 296, 'WCA_crosswalk_method': 'exact publisher ADM2 code', 'WCA_points_inside_current_geometry': 268, 'WCA_same_code_points_outside_geometry': 28, 'Senegal_2017_OCHA_points_by_code': 305, 'Senegal_2017_points_inside_current_geometry': 270, 'admin_capital_records': 1}]",5,"{'current_name': 'Rufisque', 'current_pcode': 'SN0104', 'intersection_km2': 349.934394, 'legacy_coverage_pct': 97.08474, 'screen_only': True}",296,296,28,305,"[{'name': 'Rufisque', 'coordinates': [-17.251157, 14.724423000000172], 'adm_p_lvl': 2}]",insufficient-evidence,['physical land/island completeness and current settlement completeness remain unverified'],Pinned source role 'department' is independently represented as COD-AB ADM2 for these features; source role and administrative level alone do not certify tier purpose or physical extent.,"Source name/code, administration and settlement screens remain separate. No political title, full settlement population, complete land/island footprint, or region approval is inferred."
gb:SEN:ADM2:50182788B18390590381778,Goudiry,Senegal,gb:SEN:ADM2,2019,50182788B18390590381778,Goudiry,department,True,45,framework:province:tambacounda:33209cd39104,framework:province:tambacounda:33209cd39104,"['framework:province:tambacounda:33209cd39104', 'framework:area:senegal:c711cdb1398e', 'framework:region:west-tropical-africa:ba6e06497098', 'framework:subcontinent:western-africa:6280a2b17f17', 'framework:continent:africa:d14fc0b285b2']",5,['Tambacounda'],supported,tambacounda,Tambacounda,['Tambacounda'],['SN1202'],unique normalized current name/explicit alias,"[{'current_name': 'Goudiry', 'current_pcode': 'SN1202', 'current_parent': 'Tambacounda', 'parent_pcode': 'SN12', 'valid_on': '2024-05-20', 'area_km2': 15664.929033, 'component_count': 1, 'WCA_point_count_by_code': 597, 'WCA_point_count_name_parent_candidate': 597, 'WCA_crosswalk_method': 'exact publisher ADM2 code', 'WCA_points_inside_current_geometry': 597, 'WCA_same_code_points_outside_geometry': 0, 'Senegal_2017_OCHA_points_by_code': 603, 'Senegal_2017_points_inside_current_geometry': 601, 'admin_capital_records': 1}]",5,"{'current_name': 'Goudiry', 'current_pcode': 'SN1202', 'intersection_km2': 15615.074653, 'legacy_coverage_pct': 99.72799, 'screen_only': True}",597,597,0,603,"[{'name': 'Goudiry', 'coordinates': [-12.716785, 14.186281], 'adm_p_lvl': 2}]",insufficient-evidence,['physical land/island completeness and current settlement completeness remain unverified'],Pinned source role 'department' is independently represented as COD-AB ADM2 for these features; source role and administrative level alone do not certify tier purpose or physical extent.,"Source name/code, administration and settlement screens remain separate. No political title, full settlement population, complete land/island footprint, or region approval is inferred."
gb:SEN:ADM2:50182788B18539004609148,Dakar,Senegal,gb:SEN:ADM2,2019,50182788B18539004609148,Dakar,department,True,45,framework:province:dakar:02cf22dc8e4e,framework:province:dakar:02cf22dc8e4e,"['framework:province:dakar:02cf22dc8e4e', 'framework:area:senegal:c711cdb1398e', 'framework:region:west-tropical-africa:ba6e06497098', 'framework:subcontinent:western-africa:6280a2b17f17', 'framework:continent:africa:d14fc0b285b2']",5,['Dakar'],supported,dakar,Dakar,['Dakar'],['SN0101'],unique normalized current name/explicit alias,"[{'current_name': 'Dakar', 'current_pcode': 'SN0101', 'current_parent': 'Dakar', 'parent_pcode': 'SN01', 'valid_on': '2024-05-20', 'area_km2': 78.48322763, 'component_count': 6, 'WCA_point_count_by_code': 410, 'WCA_point_count_name_parent_candidate': 410, 'WCA_crosswalk_method': 'exact publisher ADM2 code', 'WCA_points_inside_current_geometry': 410, 'WCA_same_code_points_outside_geometry': 0, 'Senegal_2017_OCHA_points_by_code': 416, 'Senegal_2017_points_inside_current_geometry': 416, 'admin_capital_records': 1}]",3,"{'current_name': 'Dakar', 'current_pcode': 'SN0101', 'intersection_km2': 76.840097, 'legacy_coverage_pct': 94.15726, 'screen_only': True}",410,410,0,416,"[{'name': 'Dakar', 'coordinates': [-17.439918, 14.675903000000176], 'adm_p_lvl': 0}]",insufficient-evidence,['physical land/island completeness and current settlement completeness remain unverified'],Pinned source role 'department' is independently represented as COD-AB ADM2 for these features; source role and administrative level alone do not certify tier purpose or physical extent.,"Source name/code, administration and settlement screens remain separate. No political title, full settlement population, complete land/island footprint, or region approval is inferred."
gb:SEN:ADM2:50182788B19119296887329,Ziguinchor,Senegal,gb:SEN:ADM2,2019,50182788B19119296887329,Ziguinchor,department,True,45,framework:province:ziguinchor:0cb480e871cd,framework:province:ziguinchor:0cb480e871cd,"['framework:province:ziguinchor:0cb480e871cd', 'framework:area:senegal:c711cdb1398e', 'framework:region:west-tropical-africa:ba6e06497098', 'framework:subcontinent:western-africa:6280a2b17f17', 'framework:continent:africa:d14fc0b285b2']",5,['Ziguinchor'],supported,ziguinchor,Ziguinchor,['Ziguinchor'],['SN1403'],unique normalized current name/explicit alias,"[{'current_name': 'Ziguinchor', 'current_pcode': 'SN1403', 'current_parent': 'Ziguinchor', 'parent_pcode': 'SN14', 'valid_on': '2024-05-20', 'area_km2': 1125.82530733, 'component_count': 1, 'WCA_point_count_by_code': 158, 'WCA_point_count_name_parent_candidate': 158, 'WCA_crosswalk_method': 'exact publisher ADM2 code', 'WCA_points_inside_current_geometry': 153, 'WCA_same_code_points_outside_geometry': 5, 'Senegal_2017_OCHA_points_by_code': 148, 'Senegal_2017_points_inside_current_geometry': 146, 'admin_capital_records': 1}]",5,"{'current_name': 'Ziguinchor', 'current_pcode': 'SN1403', 'intersection_km2': 1117.259202, 'legacy_coverage_pct': 97.88933, 'screen_only': True}",158,158,5,148,"[{'name': 'Ziguinchor', 'coordinates': [-16.274927, 12.565174], 'adm_p_lvl': 1}]",insufficient-evidence,['physical land/island completeness and current settlement completeness remain unverified'],Pinned source role 'department' is independently represented as COD-AB ADM2 for these features; source role and administrative level alone do not certify tier purpose or physical extent.,"Source name/code, administration and settlement screens remain separate. No political title, full settlement population, complete land/island footprint, or region approval is inferred."
gb:SEN:ADM2:50182788B19391387689457,Bignona,Senegal,gb:SEN:ADM2,2019,50182788B19391387689457,Bignona,department,True,45,framework:province:ziguinchor:0cb480e871cd,framework:province:ziguinchor:0cb480e871cd,"['framework:province:ziguinchor:0cb480e871cd', 'framework:area:senegal:c711cdb1398e', 'framework:region:west-tropical-africa:ba6e06497098', 'framework:subcontinent:western-africa:6280a2b17f17', 'framework:continent:africa:d14fc0b285b2']",5,['Ziguinchor'],supported,ziguinchor,Ziguinchor,['Ziguinchor'],['SN1401'],unique normalized current name/explicit alias,"[{'current_name': 'Bignona', 'current_pcode': 'SN1401', 'current_parent': 'Ziguinchor', 'parent_pcode': 'SN14', 'valid_on': '2024-05-20', 'area_km2': 5327.39023983, 'component_count': 1, 'WCA_point_count_by_code': 509, 'WCA_point_count_name_parent_candidate': 509, 'WCA_crosswalk_method': 'exact publisher ADM2 code', 'WCA_points_inside_current_geometry': 509, 'WCA_same_code_points_outside_geometry': 0, 'Senegal_2017_OCHA_points_by_code': 512, 'Senegal_2017_points_inside_current_geometry': 512, 'admin_capital_records': 1}]",4,"{'current_name': 'Bignona', 'current_pcode': 'SN1401', 'intersection_km2': 5296.059761, 'legacy_coverage_pct': 99.47719, 'screen_only': True}",509,509,0,512,"[{'name': 'Bignona', 'coordinates': [-16.232591, 12.804688000000112], 'adm_p_lvl': 2}]",insufficient-evidence,['physical land/island completeness and current settlement completeness remain unverified'],Pinned source role 'department' is independently represented as COD-AB ADM2 for these features; source role and administrative level alone do not certify tier purpose or physical extent.,"Source name/code, administration and settlement screens remain separate. No political title, full settlement population, complete land/island footprint, or region approval is inferred."
gb:SEN:ADM2:50182788B22549322426328,Diourbel,Senegal,gb:SEN:ADM2,2019,50182788B22549322426328,Diourbel,department,True,45,framework:province:diourbel:078938594d9b,framework:province:diourbel:078938594d9b,"['framework:province:diourbel:078938594d9b', 'framework:area:senegal:c711cdb1398e', 'framework:region:west-tropical-africa:ba6e06497098', 'framework:subcontinent:western-africa:6280a2b17f17', 'framework:continent:africa:d14fc0b285b2']",5,['Diourbel'],supported,diourbel,Diourbel,['Diourbel'],['SN0202'],unique normalized current name/explicit alias,"[{'current_name': 'Diourbel', 'current_pcode': 'SN0202', 'current_parent': 'Diourbel', 'parent_pcode': 'SN02', 'valid_on': '2024-05-20', 'area_km2': 1286.65135493, 'component_count': 1, 'WCA_point_count_by_code': 699, 'WCA_point_count_name_parent_candidate': 699, 'WCA_crosswalk_method': 'exact publisher ADM2 code', 'WCA_points_inside_current_geometry': 696, 'WCA_same_code_points_outside_geometry': 3, 'Senegal_2017_OCHA_points_by_code': 700, 'Senegal_2017_points_inside_current_geometry': 700, 'admin_capital_records': 1}]",5,"{'current_name': 'Diourbel', 'current_pcode': 'SN0202', 'intersection_km2': 1285.597801, 'legacy_coverage_pct': 99.78533, 'screen_only': True}",699,699,3,700,"[{'name': 'Diourbel', 'coordinates': [-16.23205, 14.654268000000116], 'adm_p_lvl': 1}]",insufficient-evidence,['physical land/island completeness and current settlement completeness remain unverified'],Pinned source role 'department' is independently represented as COD-AB ADM2 for these features; source role and administrative level alone do not certify tier purpose or physical extent.,"Source name/code, administration and settlement screens remain separate. No political title, full settlement population, complete land/island footprint, or region approval is inferred."
gb:SEN:ADM2:50182788B22933374767599,Louga,Senegal,gb:SEN:ADM2,2019,50182788B22933374767599,Louga,department,True,45,framework:province:louga:5b3aa44a3b75,framework:province:louga:5b3aa44a3b75,"['framework:province:louga:5b3aa44a3b75', 'framework:area:senegal:c711cdb1398e', 'framework:region:west-tropical-africa:ba6e06497098', 'framework:subcontinent:western-africa:6280a2b17f17', 'framework:continent:africa:d14fc0b285b2']",5,['Louga'],supported,louga,Louga,['Louga'],['SN0803'],unique normalized current name/explicit alias,"[{'current_name': 'Louga', 'current_pcode': 'SN0803', 'current_parent': 'Louga', 'parent_pcode': 'SN08', 'valid_on': '2024-05-20', 'area_km2': 5677.94873002, 'component_count': 1, 'WCA_point_count_by_code': 1105, 'WCA_point_count_name_parent_candidate': 1105, 'WCA_crosswalk_method': 'exact publisher ADM2 code', 'WCA_points_inside_current_geometry': 1098, 'WCA_same_code_points_outside_geometry': 7, 'Senegal_2017_OCHA_points_by_code': 1102, 'Senegal_2017_points_inside_current_geometry': 1097, 'admin_capital_records': 1}]",5,"{'current_name': 'Louga', 'current_pcode': 'SN0803', 'intersection_km2': 5646.358534, 'legacy_coverage_pct': 99.57997, 'screen_only': True}",1105,1105,7,1102,"[{'name': 'Louga', 'coordinates': [-16.22654299999988, 15.620871000000136], 'adm_p_lvl': 1}]",insufficient-evidence,['physical land/island completeness and current settlement completeness remain unverified'],Pinned source role 'department' is independently represented as COD-AB ADM2 for these features; source role and administrative level alone do not certify tier purpose or physical extent.,"Source name/code, administration and settlement screens remain separate. No political title, full settlement population, complete land/island footprint, or region approval is inferred."
gb:SEN:ADM2:50182788B29473400533502,Nioro Du Rip,Senegal,gb:SEN:ADM2,2019,50182788B29473400533502,Nioro Du Rip,department,True,45,framework:province:kaolack:c217412252c3,framework:province:kaolack:c217412252c3,"['framework:province:kaolack:c217412252c3', 'framework:area:senegal:c711cdb1398e', 'framework:region:west-tropical-africa:ba6e06497098', 'framework:subcontinent:western-africa:6280a2b17f17', 'framework:continent:africa:d14fc0b285b2']",5,['Kaolack'],supported,kaolack,Kaolack,['Kaolack'],['SN0503'],unique normalized current name/explicit alias,"[{'current_name': 'Nioro du Rip', 'current_pcode': 'SN0503', 'current_parent': 'Kaolack', 'parent_pcode': 'SN05', 'valid_on': '2024-05-20', 'area_km2': 2326.61958711, 'component_count': 1, 'WCA_point_count_by_code': 595, 'WCA_point_count_name_parent_candidate': 595, 'WCA_crosswalk_method': 'exact publisher ADM2 code', 'WCA_points_inside_current_geometry': 588, 'WCA_same_code_points_outside_geometry': 7, 'Senegal_2017_OCHA_points_by_code': 602, 'Senegal_2017_points_inside_current_geometry': 595, 'admin_capital_records': 1}]",5,"{'current_name': 'Nioro du Rip', 'current_pcode': 'SN0503', 'intersection_km2': 2273.795997, 'legacy_coverage_pct': 98.86522, 'screen_only': True}",595,595,7,602,"[{'name': 'Nioro Du Rip', 'coordinates': [-15.773147999999821, 13.743301], 'adm_p_lvl': 2}]",insufficient-evidence,['physical land/island completeness and current settlement completeness remain unverified'],Pinned source role 'department' is independently represented as COD-AB ADM2 for these features; source role and administrative level alone do not certify tier purpose or physical extent.,"Source name/code, administration and settlement screens remain separate. No political title, full settlement population, complete land/island footprint, or region approval is inferred."
gb:SEN:ADM2:50182788B34006486463131,Sedhiou,Senegal,gb:SEN:ADM2,2019,50182788B34006486463131,Sedhiou,department,True,45,framework:province:sedhiou:18138dd64448,framework:province:sedhiou:18138dd64448,"['framework:province:sedhiou:18138dd64448', 'framework:area:senegal:c711cdb1398e', 'framework:region:west-tropical-africa:ba6e06497098', 'framework:subcontinent:western-africa:6280a2b17f17', 'framework:continent:africa:d14fc0b285b2']",5,['Sédhiou'],supported,sedhiou,Sédhiou,['Sédhiou'],['SN1103'],unique normalized current name/explicit alias,"[{'current_name': 'Sédhiou', 'current_pcode': 'SN1103', 'current_parent': 'Sédhiou', 'parent_pcode': 'SN11', 'valid_on': '2024-05-20', 'area_km2': 2737.59853027, 'component_count': 1, 'WCA_point_count_by_code': 356, 'WCA_point_count_name_parent_candidate': 356, 'WCA_crosswalk_method': 'exact publisher ADM2 code', 'WCA_points_inside_current_geometry': 356, 'WCA_same_code_points_outside_geometry': 0, 'Senegal_2017_OCHA_points_by_code': 356, 'Senegal_2017_points_inside_current_geometry': 355, 'admin_capital_records': 1}]",7,"{'current_name': 'Sédhiou', 'current_pcode': 'SN1103', 'intersection_km2': 2724.652239, 'legacy_coverage_pct': 99.12862, 'screen_only': True}",356,356,0,356,"[{'name': 'Sedhiou', 'coordinates': [-15.557257, 12.705562], 'adm_p_lvl': 1}]",insufficient-evidence,['physical land/island completeness and current settlement completeness remain unverified'],Pinned source role 'department' is independently represented as COD-AB ADM2 for these features; source role and administrative level alone do not certify tier purpose or physical extent.,"Source name/code, administration and settlement screens remain separate. No political title, full settlement population, complete land/island footprint, or region approval is inferred."
gb:SEN:ADM2:50182788B34306626760019,Ranerou,Senegal,gb:SEN:ADM2,2019,50182788B34306626760019,Ranerou,department,True,45,framework:province:matam:da4c4799acd3,framework:province:matam:da4c4799acd3,"['framework:province:matam:da4c4799acd3', 'framework:area:senegal:c711cdb1398e', 'framework:region:west-tropical-africa:ba6e06497098', 'framework:subcontinent:western-africa:6280a2b17f17', 'framework:continent:africa:d14fc0b285b2']",5,['Matam'],supported,matam,Matam,['Matam'],['SN0903'],unique normalized current name/explicit alias,"[{'current_name': 'Ranérou', 'current_pcode': 'SN0903', 'current_parent': 'Matam', 'parent_pcode': 'SN09', 'valid_on': '2024-05-20', 'area_km2': 14438.07148389, 'component_count': 1, 'WCA_point_count_by_code': 377, 'WCA_point_count_name_parent_candidate': 377, 'WCA_crosswalk_method': 'exact publisher ADM2 code', 'WCA_points_inside_current_geometry': 374, 'WCA_same_code_points_outside_geometry': 3, 'Senegal_2017_OCHA_points_by_code': 378, 'Senegal_2017_points_inside_current_geometry': 376, 'admin_capital_records': 1}]",7,"{'current_name': 'Ranérou', 'current_pcode': 'SN0903', 'intersection_km2': 14381.122148, 'legacy_coverage_pct': 99.79424, 'screen_only': True}",377,377,3,378,"[{'name': 'Ranerou', 'coordinates': [-13.961916, 15.29800900000015], 'adm_p_lvl': 2}]",insufficient-evidence,['physical land/island completeness and current settlement completeness remain unverified'],Pinned source role 'department' is independently represented as COD-AB ADM2 for these features; source role and administrative level alone do not certify tier purpose or physical extent.,"Source name/code, administration and settlement screens remain separate. No political title, full settlement population, complete land/island footprint, or region approval is inferred."
gb:SEN:ADM2:50182788B42114348275286,Koungheul,Senegal,gb:SEN:ADM2,2019,50182788B42114348275286,Koungheul,department,True,45,framework:province:kaffrine:61603e3b9b77,framework:province:kaffrine:61603e3b9b77,"['framework:province:kaffrine:61603e3b9b77', 'framework:area:senegal:c711cdb1398e', 'framework:region:west-tropical-africa:ba6e06497098', 'framework:subcontinent:western-africa:6280a2b17f17', 'framework:continent:africa:d14fc0b285b2']",5,['Kaffrine'],supported,kaffrine,Kaffrine,['Kaffrine'],['SN0403'],unique normalized current name/explicit alias,"[{'current_name': 'Koungheul', 'current_pcode': 'SN0403', 'current_parent': 'Kaffrine', 'parent_pcode': 'SN04', 'valid_on': '2024-05-20', 'area_km2': 4548.19661859, 'component_count': 1, 'WCA_point_count_by_code': 525, 'WCA_point_count_name_parent_candidate': 525, 'WCA_crosswalk_method': 'exact publisher ADM2 code', 'WCA_points_inside_current_geometry': 521, 'WCA_same_code_points_outside_geometry': 4, 'Senegal_2017_OCHA_points_by_code': 522, 'Senegal_2017_points_inside_current_geometry': 522, 'admin_capital_records': 4}]",6,"{'current_name': 'Koungheul', 'current_pcode': 'SN0403', 'intersection_km2': 4530.259631, 'legacy_coverage_pct': 99.82971, 'screen_only': True}",525,525,4,522,"[{'name': 'Ida Mouride', 'coordinates': [-14.662801999999886, 13.990124], 'adm_p_lvl': 3}, {'name': 'Koungheul', 'coordinates': [-14.801411, 13.976588], 'adm_p_lvl': 2}, {'name': 'Lour Escale', 'coordinates': [-14.740984, 14.225335], 'adm_p_lvl': 3}, {'name': 'Missirah Wadene', 'coordinates': [-15.11372699999987, 13.99036800000016], 'adm_p_lvl': 3}]",insufficient-evidence,['physical land/island completeness and current settlement completeness remain unverified'],Pinned source role 'department' is independently represented as COD-AB ADM2 for these features; source role and administrative level alone do not certify tier purpose or physical extent.,"Source name/code, administration and settlement screens remain separate. No political title, full settlement population, complete land/island footprint, or region approval is inferred."
gb:SEN:ADM2:50182788B43046627101076,Kaffrine,Senegal,gb:SEN:ADM2,2019,50182788B43046627101076,Kaffrine,department,True,45,framework:province:kaffrine:61603e3b9b77,framework:province:kaffrine:61603e3b9b77,"['framework:province:kaffrine:61603e3b9b77', 'framework:area:senegal:c711cdb1398e', 'framework:region:west-tropical-africa:ba6e06497098', 'framework:subcontinent:western-africa:6280a2b17f17', 'framework:continent:africa:d14fc0b285b2']",5,['Kaffrine'],supported,kaffrine,Kaffrine,['Kaffrine'],['SN0402'],unique normalized current name/explicit alias,"[{'current_name': 'Kaffrine', 'current_pcode': 'SN0402', 'current_parent': 'Kaffrine', 'parent_pcode': 'SN04', 'valid_on': '2024-05-20', 'area_km2': 2671.72735387, 'component_count': 1, 'WCA_point_count_by_code': 358, 'WCA_point_count_name_parent_candidate': 358, 'WCA_crosswalk_method': 'exact publisher ADM2 code', 'WCA_points_inside_current_geometry': 356, 'WCA_same_code_points_outside_geometry': 2, 'Senegal_2017_OCHA_points_by_code': 360, 'Senegal_2017_points_inside_current_geometry': 359, 'admin_capital_records': 2}]",5,"{'current_name': 'Kaffrine', 'current_pcode': 'SN0402', 'intersection_km2': 2649.228977, 'legacy_coverage_pct': 99.55399, 'screen_only': True}",358,358,2,360,"[{'name': 'Gniby', 'coordinates': [-15.654661, 14.430701], 'adm_p_lvl': 3}, {'name': 'Kaffrine', 'coordinates': [-15.543471999999895, 14.101269000000173], 'adm_p_lvl': 1}]",insufficient-evidence,['physical land/island completeness and current settlement completeness remain unverified'],Pinned source role 'department' is independently represented as COD-AB ADM2 for these features; source role and administrative level alone do not certify tier purpose or physical extent.,"Source name/code, administration and settlement screens remain separate. No political title, full settlement population, complete land/island footprint, or region approval is inferred."
gb:SEN:ADM2:50182788B48951494587639,Goudomp,Senegal,gb:SEN:ADM2,2019,50182788B48951494587639,Goudomp,department,True,45,framework:province:sedhiou:18138dd64448,framework:province:sedhiou:18138dd64448,"['framework:province:sedhiou:18138dd64448', 'framework:area:senegal:c711cdb1398e', 'framework:region:west-tropical-africa:ba6e06497098', 'framework:subcontinent:western-africa:6280a2b17f17', 'framework:continent:africa:d14fc0b285b2']",5,['Sédhiou'],supported,sedhiou,Sédhiou,['Sédhiou'],['SN1102'],unique normalized current name/explicit alias,"[{'current_name': 'Goudomp', 'current_pcode': 'SN1102', 'current_parent': 'Sédhiou', 'parent_pcode': 'SN11', 'valid_on': '2024-05-20', 'area_km2': 1754.95752597, 'component_count': 1, 'WCA_point_count_by_code': 331, 'WCA_point_count_name_parent_candidate': 331, 'WCA_crosswalk_method': 'exact publisher ADM2 code', 'WCA_points_inside_current_geometry': 321, 'WCA_same_code_points_outside_geometry': 10, 'Senegal_2017_OCHA_points_by_code': 320, 'Senegal_2017_points_inside_current_geometry': 319, 'admin_capital_records': 1}]",4,"{'current_name': 'Goudomp', 'current_pcode': 'SN1102', 'intersection_km2': 1728.915257, 'legacy_coverage_pct': 99.6004, 'screen_only': True}",331,331,10,320,"[{'name': 'Goudomp', 'coordinates': [-15.875015, 12.572483], 'adm_p_lvl': 2}]",insufficient-evidence,['physical land/island completeness and current settlement completeness remain unverified'],Pinned source role 'department' is independently represented as COD-AB ADM2 for these features; source role and administrative level alone do not certify tier purpose or physical extent.,"Source name/code, administration and settlement screens remain separate. No political title, full settlement population, complete land/island footprint, or region approval is inferred."
gb:SEN:ADM2:50182788B55211093773925,Guediawaye,Senegal,gb:SEN:ADM2,2019,50182788B55211093773925,Guediawaye,department,True,45,framework:province:dakar:02cf22dc8e4e,framework:province:dakar:02cf22dc8e4e,"['framework:province:dakar:02cf22dc8e4e', 'framework:area:senegal:c711cdb1398e', 'framework:region:west-tropical-africa:ba6e06497098', 'framework:subcontinent:western-africa:6280a2b17f17', 'framework:continent:africa:d14fc0b285b2']",5,['Dakar'],supported,dakar,Dakar,['Dakar'],['SN0102'],unique normalized current name/explicit alias,"[{'current_name': 'Guédiawaye', 'current_pcode': 'SN0102', 'current_parent': 'Dakar', 'parent_pcode': 'SN01', 'valid_on': '2024-05-20', 'area_km2': 14.05060897, 'component_count': 1, 'WCA_point_count_by_code': 146, 'WCA_point_count_name_parent_candidate': 146, 'WCA_crosswalk_method': 'exact publisher ADM2 code', 'WCA_points_inside_current_geometry': 141, 'WCA_same_code_points_outside_geometry': 5, 'Senegal_2017_OCHA_points_by_code': 143, 'Senegal_2017_points_inside_current_geometry': 143, 'admin_capital_records': 1}]",4,"{'current_name': 'Guédiawaye', 'current_pcode': 'SN0102', 'intersection_km2': 12.722579, 'legacy_coverage_pct': 90.07094, 'screen_only': True}",146,146,5,143,"[{'name': 'Guediawaye', 'coordinates': [-17.392466999999897, 14.772957], 'adm_p_lvl': 2}]",insufficient-evidence,['physical land/island completeness and current settlement completeness remain unverified'],Pinned source role 'department' is independently represented as COD-AB ADM2 for these features; source role and administrative level alone do not certify tier purpose or physical extent.,"Source name/code, administration and settlement screens remain separate. No political title, full settlement population, complete land/island footprint, or region approval is inferred."
gb:SEN:ADM2:50182788B55839740763416,Fatick,Senegal,gb:SEN:ADM2,2019,50182788B55839740763416,Fatick,department,True,45,framework:province:fatick:f46d5054431f,framework:province:fatick:f46d5054431f,"['framework:province:fatick:f46d5054431f', 'framework:area:senegal:c711cdb1398e', 'framework:region:west-tropical-africa:ba6e06497098', 'framework:subcontinent:western-africa:6280a2b17f17', 'framework:continent:africa:d14fc0b285b2']",5,['Fatick'],supported,fatick,Fatick,['Fatick'],['SN0301'],unique normalized current name/explicit alias,"[{'current_name': 'Fatick', 'current_pcode': 'SN0301', 'current_parent': 'Fatick', 'parent_pcode': 'SN03', 'valid_on': '2024-05-20', 'area_km2': 2623.3723955, 'component_count': 1, 'WCA_point_count_by_code': 825, 'WCA_point_count_name_parent_candidate': 825, 'WCA_crosswalk_method': 'exact publisher ADM2 code', 'WCA_points_inside_current_geometry': 825, 'WCA_same_code_points_outside_geometry': 0, 'Senegal_2017_OCHA_points_by_code': 836, 'Senegal_2017_points_inside_current_geometry': 835, 'admin_capital_records': 1}]",7,"{'current_name': 'Fatick', 'current_pcode': 'SN0301', 'intersection_km2': 2601.272072, 'legacy_coverage_pct': 99.00766, 'screen_only': True}",825,825,0,836,"[{'name': 'Fatick', 'coordinates': [-16.420437, 14.335150000000112], 'adm_p_lvl': 1}]",insufficient-evidence,['physical land/island completeness and current settlement completeness remain unverified'],Pinned source role 'department' is independently represented as COD-AB ADM2 for these features; source role and administrative level alone do not certify tier purpose or physical extent.,"Source name/code, administration and settlement screens remain separate. No political title, full settlement population, complete land/island footprint, or region approval is inferred."
gb:SEN:ADM2:50182788B56533800648606,Mbour,Senegal,gb:SEN:ADM2,2019,50182788B56533800648606,Mbour,department,True,45,framework:province:thies:d2f8c8fefc50,framework:province:thies:d2f8c8fefc50,"['framework:province:thies:d2f8c8fefc50', 'framework:area:senegal:c711cdb1398e', 'framework:region:west-tropical-africa:ba6e06497098', 'framework:subcontinent:western-africa:6280a2b17f17', 'framework:continent:africa:d14fc0b285b2']",5,['Thiès'],supported,thies,Thiès,['Thiès'],['SN1301'],unique normalized current name/explicit alias,"[{'current_name': 'Mbour', 'current_pcode': 'SN1301', 'current_parent': 'Thiès', 'parent_pcode': 'SN13', 'valid_on': '2024-05-20', 'area_km2': 1890.46673965, 'component_count': 1, 'WCA_point_count_by_code': 737, 'WCA_point_count_name_parent_candidate': 737, 'WCA_crosswalk_method': 'exact publisher ADM2 code', 'WCA_points_inside_current_geometry': 731, 'WCA_same_code_points_outside_geometry': 6, 'Senegal_2017_OCHA_points_by_code': 735, 'Senegal_2017_points_inside_current_geometry': 734, 'admin_capital_records': 1}]",5,"{'current_name': 'Mbour', 'current_pcode': 'SN1301', 'intersection_km2': 1881.971967, 'legacy_coverage_pct': 99.18819, 'screen_only': True}",737,737,6,735,"[{'name': 'Mbour', 'coordinates': [-16.961812999999893, 14.421880000000101], 'adm_p_lvl': 2}]",insufficient-evidence,['physical land/island completeness and current settlement completeness remain unverified'],Pinned source role 'department' is independently represented as COD-AB ADM2 for these features; source role and administrative level alone do not certify tier purpose or physical extent.,"Source name/code, administration and settlement screens remain separate. No political title, full settlement population, complete land/island footprint, or region approval is inferred."
gb:SEN:ADM2:50182788B56779252201559,Birkelane,Senegal,gb:SEN:ADM2,2019,50182788B56779252201559,Birkelane,department,True,45,framework:province:kaffrine:61603e3b9b77,framework:province:kaffrine:61603e3b9b77,"['framework:province:kaffrine:61603e3b9b77', 'framework:area:senegal:c711cdb1398e', 'framework:region:west-tropical-africa:ba6e06497098', 'framework:subcontinent:western-africa:6280a2b17f17', 'framework:continent:africa:d14fc0b285b2']",5,['Kaffrine'],supported,kaffrine,Kaffrine,['Kaffrine'],['SN0401'],unique normalized current name/explicit alias,"[{'current_name': 'Birkelane', 'current_pcode': 'SN0401', 'current_parent': 'Kaffrine', 'parent_pcode': 'SN04', 'valid_on': '2024-05-20', 'area_km2': 1152.33352516, 'component_count': 1, 'WCA_point_count_by_code': 329, 'WCA_point_count_name_parent_candidate': 329, 'WCA_crosswalk_method': 'exact publisher ADM2 code', 'WCA_points_inside_current_geometry': 324, 'WCA_same_code_points_outside_geometry': 5, 'Senegal_2017_OCHA_points_by_code': 330, 'Senegal_2017_points_inside_current_geometry': 325, 'admin_capital_records': 3}]",5,"{'current_name': 'Birkelane', 'current_pcode': 'SN0401', 'intersection_km2': 1139.009658, 'legacy_coverage_pct': 98.97026, 'screen_only': True}",329,329,5,330,"[{'name': 'Birkelane', 'coordinates': [-15.745253999999875, 14.130321], 'adm_p_lvl': 2}, {'name': 'Keur Mboucki', 'coordinates': [-15.829315, 14.136673000000144], 'adm_p_lvl': 3}, {'name': 'Mabo', 'coordinates': [-15.670216, 13.915510000000154], 'adm_p_lvl': 3}]",insufficient-evidence,['physical land/island completeness and current settlement completeness remain unverified'],Pinned source role 'department' is independently represented as COD-AB ADM2 for these features; source role and administrative level alone do not certify tier purpose or physical extent.,"Source name/code, administration and settlement screens remain separate. No political title, full settlement population, complete land/island footprint, or region approval is inferred."
gb:SEN:ADM2:50182788B60047071387499,Kebemer,Senegal,gb:SEN:ADM2,2019,50182788B60047071387499,Kebemer,department,True,45,framework:province:louga:5b3aa44a3b75,framework:province:louga:5b3aa44a3b75,"['framework:province:louga:5b3aa44a3b75', 'framework:area:senegal:c711cdb1398e', 'framework:region:west-tropical-africa:ba6e06497098', 'framework:subcontinent:western-africa:6280a2b17f17', 'framework:continent:africa:d14fc0b285b2']",5,['Louga'],supported,louga,Louga,['Louga'],['SN0801'],unique normalized current name/explicit alias,"[{'current_name': 'Kébémer', 'current_pcode': 'SN0801', 'current_parent': 'Louga', 'parent_pcode': 'SN08', 'valid_on': '2024-05-20', 'area_km2': 3948.29540432, 'component_count': 1, 'WCA_point_count_by_code': 1117, 'WCA_point_count_name_parent_candidate': 1117, 'WCA_crosswalk_method': 'exact publisher ADM2 code', 'WCA_points_inside_current_geometry': 1106, 'WCA_same_code_points_outside_geometry': 11, 'Senegal_2017_OCHA_points_by_code': 1112, 'Senegal_2017_points_inside_current_geometry': 1108, 'admin_capital_records': 1}]",5,"{'current_name': 'Kébémer', 'current_pcode': 'SN0801', 'intersection_km2': 3931.961759, 'legacy_coverage_pct': 99.10169, 'screen_only': True}",1117,1117,11,1112,"[{'name': 'Kebemer', 'coordinates': [-16.448498, 15.372302000000104], 'adm_p_lvl': 2}]",insufficient-evidence,['physical land/island completeness and current settlement completeness remain unverified'],Pinned source role 'department' is independently represented as COD-AB ADM2 for these features; source role and administrative level alone do not certify tier purpose or physical extent.,"Source name/code, administration and settlement screens remain separate. No political title, full settlement population, complete land/island footprint, or region approval is inferred."
gb:SEN:ADM2:50182788B60464160168835,Koumpentoum,Senegal,gb:SEN:ADM2,2019,50182788B60464160168835,Koumpentoum,department,True,45,framework:province:tambacounda:33209cd39104,framework:province:tambacounda:33209cd39104,"['framework:province:tambacounda:33209cd39104', 'framework:area:senegal:c711cdb1398e', 'framework:region:west-tropical-africa:ba6e06497098', 'framework:subcontinent:western-africa:6280a2b17f17', 'framework:continent:africa:d14fc0b285b2']",5,['Tambacounda'],supported,tambacounda,Tambacounda,['Tambacounda'],['SN1203'],unique normalized current name/explicit alias,"[{'current_name': 'Koumpentoum', 'current_pcode': 'SN1203', 'current_parent': 'Tambacounda', 'parent_pcode': 'SN12', 'valid_on': '2024-05-20', 'area_km2': 6879.9168825, 'component_count': 1, 'WCA_point_count_by_code': 438, 'WCA_point_count_name_parent_candidate': 438, 'WCA_crosswalk_method': 'exact publisher ADM2 code', 'WCA_points_inside_current_geometry': 437, 'WCA_same_code_points_outside_geometry': 1, 'Senegal_2017_OCHA_points_by_code': 446, 'Senegal_2017_points_inside_current_geometry': 444, 'admin_capital_records': 1}]",4,"{'current_name': 'Koumpentoum', 'current_pcode': 'SN1203', 'intersection_km2': 6856.240004, 'legacy_coverage_pct': 99.53746, 'screen_only': True}",438,438,1,446,"[{'name': 'Koumpentoum', 'coordinates': [-14.563226, 13.980363000000125], 'adm_p_lvl': 2}]",insufficient-evidence,['physical land/island completeness and current settlement completeness remain unverified'],Pinned source role 'department' is independently represented as COD-AB ADM2 for these features; source role and administrative level alone do not certify tier purpose or physical extent.,"Source name/code, administration and settlement screens remain separate. No political title, full settlement population, complete land/island footprint, or region approval is inferred."
gb:SEN:ADM2:50182788B62483410284412,Tivaoune,Senegal,gb:SEN:ADM2,2019,50182788B62483410284412,Tivaoune,department,True,45,framework:province:thies:d2f8c8fefc50,framework:province:thies:d2f8c8fefc50,"['framework:province:thies:d2f8c8fefc50', 'framework:area:senegal:c711cdb1398e', 'framework:region:west-tropical-africa:ba6e06497098', 'framework:subcontinent:western-africa:6280a2b17f17', 'framework:continent:africa:d14fc0b285b2']",5,['Thiès'],supported,thies,Thiès,['Thiès'],['SN1303'],unique normalized current name/explicit alias,"[{'current_name': 'Tivaouane', 'current_pcode': 'SN1303', 'current_parent': 'Thiès', 'parent_pcode': 'SN13', 'valid_on': '2024-05-20', 'area_km2': 3084.41983871, 'component_count': 1, 'WCA_point_count_by_code': 1251, 'WCA_point_count_name_parent_candidate': 1251, 'WCA_crosswalk_method': 'exact publisher ADM2 code', 'WCA_points_inside_current_geometry': 1243, 'WCA_same_code_points_outside_geometry': 8, 'Senegal_2017_OCHA_points_by_code': 1247, 'Senegal_2017_points_inside_current_geometry': 1245, 'admin_capital_records': 1}]",5,"{'current_name': 'Tivaouane', 'current_pcode': 'SN1303', 'intersection_km2': 3072.187536, 'legacy_coverage_pct': 99.58436, 'screen_only': True}",1251,1251,8,1247,"[{'name': 'Tivaouane', 'coordinates': [-16.81621299999989, 14.953609000000142], 'adm_p_lvl': 2}]",insufficient-evidence,['physical land/island completeness and current settlement completeness remain unverified'],Pinned source role 'department' is independently represented as COD-AB ADM2 for these features; source role and administrative level alone do not certify tier purpose or physical extent.,"Source name/code, administration and settlement screens remain separate. No political title, full settlement population, complete land/island footprint, or region approval is inferred."
gb:SEN:ADM2:50182788B63857747785645,Mbacke,Senegal,gb:SEN:ADM2,2019,50182788B63857747785645,Mbacke,department,True,45,framework:province:diourbel:078938594d9b,framework:province:diourbel:078938594d9b,"['framework:province:diourbel:078938594d9b', 'framework:area:senegal:c711cdb1398e', 'framework:region:west-tropical-africa:ba6e06497098', 'framework:subcontinent:western-africa:6280a2b17f17', 'framework:continent:africa:d14fc0b285b2']",5,['Diourbel'],supported,diourbel,Diourbel,['Diourbel'],['SN0203'],unique normalized current name/explicit alias,"[{'current_name': 'Mbacké', 'current_pcode': 'SN0203', 'current_parent': 'Diourbel', 'parent_pcode': 'SN02', 'valid_on': '2024-05-20', 'area_km2': 2241.59198787, 'component_count': 1, 'WCA_point_count_by_code': 655, 'WCA_point_count_name_parent_candidate': 655, 'WCA_crosswalk_method': 'exact publisher ADM2 code', 'WCA_points_inside_current_geometry': 651, 'WCA_same_code_points_outside_geometry': 4, 'Senegal_2017_OCHA_points_by_code': 659, 'Senegal_2017_points_inside_current_geometry': 657, 'admin_capital_records': 1}]",6,"{'current_name': 'Mbacké', 'current_pcode': 'SN0203', 'intersection_km2': 2233.591192, 'legacy_coverage_pct': 99.7556, 'screen_only': True}",655,655,4,659,"[{'name': 'Mbacke', 'coordinates': [-15.910368, 14.798480000000154], 'adm_p_lvl': 2}]",insufficient-evidence,['physical land/island completeness and current settlement completeness remain unverified'],Pinned source role 'department' is independently represented as COD-AB ADM2 for these features; source role and administrative level alone do not certify tier purpose or physical extent.,"Source name/code, administration and settlement screens remain separate. No political title, full settlement population, complete land/island footprint, or region approval is inferred."
gb:SEN:ADM2:50182788B65872214095625,Thies,Senegal,gb:SEN:ADM2,2019,50182788B65872214095625,Thies,department,True,45,framework:province:thies:d2f8c8fefc50,framework:province:thies:d2f8c8fefc50,"['framework:province:thies:d2f8c8fefc50', 'framework:area:senegal:c711cdb1398e', 'framework:region:west-tropical-africa:ba6e06497098', 'framework:subcontinent:western-africa:6280a2b17f17', 'framework:continent:africa:d14fc0b285b2']",5,['Thiès'],supported,thies,Thiès,['Thiès'],['SN1302'],unique normalized current name/explicit alias,"[{'current_name': 'Thiès', 'current_pcode': 'SN1302', 'current_parent': 'Thiès', 'parent_pcode': 'SN13', 'valid_on': '2024-05-20', 'area_km2': 1602.8930976, 'component_count': 1, 'WCA_point_count_by_code': 811, 'WCA_point_count_name_parent_candidate': 811, 'WCA_crosswalk_method': 'exact publisher ADM2 code', 'WCA_points_inside_current_geometry': 809, 'WCA_same_code_points_outside_geometry': 2, 'Senegal_2017_OCHA_points_by_code': 815, 'Senegal_2017_points_inside_current_geometry': 814, 'admin_capital_records': 1}]",5,"{'current_name': 'Thiès', 'current_pcode': 'SN1302', 'intersection_km2': 1600.164862, 'legacy_coverage_pct': 99.54925, 'screen_only': True}",811,811,2,815,"[{'name': 'Thies Ouest', 'coordinates': [-16.93034, 14.793751], 'adm_p_lvl': 1}]",insufficient-evidence,['physical land/island completeness and current settlement completeness remain unverified'],Pinned source role 'department' is independently represented as COD-AB ADM2 for these features; source role and administrative level alone do not certify tier purpose or physical extent.,"Source name/code, administration and settlement screens remain separate. No political title, full settlement population, complete land/island footprint, or region approval is inferred."
gb:SEN:ADM2:50182788B66510054428140,Podor,Senegal,gb:SEN:ADM2,2019,50182788B66510054428140,Podor,department,True,45,framework:province:saint-louis:bc9dbe7896f0,framework:province:saint-louis:bc9dbe7896f0,"['framework:province:saint-louis:bc9dbe7896f0', 'framework:area:senegal:c711cdb1398e', 'framework:region:west-tropical-africa:ba6e06497098', 'framework:subcontinent:western-africa:6280a2b17f17', 'framework:continent:africa:d14fc0b285b2']",5,['Saint-Louis'],supported,saint louis,Saint-Louis,['Saint-Louis'],['SN1002'],unique normalized current name/explicit alias,"[{'current_name': 'Podor', 'current_pcode': 'SN1002', 'current_parent': 'Saint-Louis', 'parent_pcode': 'SN10', 'valid_on': '2024-05-20', 'area_km2': 12937.23614381, 'component_count': 1, 'WCA_point_count_by_code': 1099, 'WCA_point_count_name_parent_candidate': 1099, 'WCA_crosswalk_method': 'exact publisher ADM2 code', 'WCA_points_inside_current_geometry': 1074, 'WCA_same_code_points_outside_geometry': 25, 'Senegal_2017_OCHA_points_by_code': 1050, 'Senegal_2017_points_inside_current_geometry': 1049, 'admin_capital_records': 2}]",4,"{'current_name': 'Podor', 'current_pcode': 'SN1002', 'intersection_km2': 12900.32314, 'legacy_coverage_pct': 99.84544, 'screen_only': True}",1099,1099,25,1050,"[{'name': 'Boghe', 'coordinates': [-14.270580999999822, 16.580324], 'adm_p_lvl': 2}, {'name': 'Podor', 'coordinates': [-14.960445, 16.652962], 'adm_p_lvl': 2}]",insufficient-evidence,['physical land/island completeness and current settlement completeness remain unverified'],Pinned source role 'department' is independently represented as COD-AB ADM2 for these features; source role and administrative level alone do not certify tier purpose or physical extent.,"Source name/code, administration and settlement screens remain separate. No political title, full settlement population, complete land/island footprint, or region approval is inferred."
gb:SEN:ADM2:50182788B68388966372963,Bounkiling,Senegal,gb:SEN:ADM2,2019,50182788B68388966372963,Bounkiling,department,True,45,framework:province:sedhiou:18138dd64448,framework:province:sedhiou:18138dd64448,"['framework:province:sedhiou:18138dd64448', 'framework:area:senegal:c711cdb1398e', 'framework:region:west-tropical-africa:ba6e06497098', 'framework:subcontinent:western-africa:6280a2b17f17', 'framework:continent:africa:d14fc0b285b2']",5,['Sédhiou'],supported,sedhiou,Sédhiou,['Sédhiou'],['SN1101'],unique normalized current name/explicit alias,"[{'current_name': 'Bounkiling', 'current_pcode': 'SN1101', 'current_parent': 'Sédhiou', 'parent_pcode': 'SN11', 'valid_on': '2024-05-20', 'area_km2': 2865.465485, 'component_count': 1, 'WCA_point_count_by_code': 425, 'WCA_point_count_name_parent_candidate': 425, 'WCA_crosswalk_method': 'exact publisher ADM2 code', 'WCA_points_inside_current_geometry': 425, 'WCA_same_code_points_outside_geometry': 0, 'Senegal_2017_OCHA_points_by_code': 432, 'Senegal_2017_points_inside_current_geometry': 429, 'admin_capital_records': 1}]",4,"{'current_name': 'Bounkiling', 'current_pcode': 'SN1101', 'intersection_km2': 2846.883923, 'legacy_coverage_pct': 99.45225, 'screen_only': True}",425,425,0,432,"[{'name': 'Bounkiling', 'coordinates': [-15.698582, 13.038957], 'adm_p_lvl': 2}]",insufficient-evidence,['physical land/island completeness and current settlement completeness remain unverified'],Pinned source role 'department' is independently represented as COD-AB ADM2 for these features; source role and administrative level alone do not certify tier purpose or physical extent.,"Source name/code, administration and settlement screens remain separate. No political title, full settlement population, complete land/island footprint, or region approval is inferred."
gb:SEN:ADM2:50182788B71056203552440,Medina Yoroufoula,Senegal,gb:SEN:ADM2,2019,50182788B71056203552440,Medina Yoroufoula,department,True,45,framework:province:kolda:5cf7589b92ab,framework:province:kolda:5cf7589b92ab,"['framework:province:kolda:5cf7589b92ab', 'framework:area:senegal:c711cdb1398e', 'framework:region:west-tropical-africa:ba6e06497098', 'framework:subcontinent:western-africa:6280a2b17f17', 'framework:continent:africa:d14fc0b285b2']",5,['Kolda'],supported,kolda,Kolda,['Kolda'],['SN0702'],unique normalized current name/explicit alias,"[{'current_name': 'Médina-Yorofoula', 'current_pcode': 'SN0702', 'current_parent': 'Kolda', 'parent_pcode': 'SN07', 'valid_on': '2024-05-20', 'area_km2': 4683.29324079, 'component_count': 1, 'WCA_point_count_by_code': 583, 'WCA_point_count_name_parent_candidate': 583, 'WCA_crosswalk_method': 'exact publisher ADM2 code', 'WCA_points_inside_current_geometry': 581, 'WCA_same_code_points_outside_geometry': 2, 'Senegal_2017_OCHA_points_by_code': 593, 'Senegal_2017_points_inside_current_geometry': 590, 'admin_capital_records': 1}]",5,"{'current_name': 'Médina-Yorofoula', 'current_pcode': 'SN0702', 'intersection_km2': 4679.254022, 'legacy_coverage_pct': 99.42517, 'screen_only': True}",583,583,2,593,"[{'name': 'Medina Yoro Foulah', 'coordinates': [-14.714983, 13.293276000000105], 'adm_p_lvl': 2}]",insufficient-evidence,['physical land/island completeness and current settlement completeness remain unverified'],Pinned source role 'department' is independently represented as COD-AB ADM2 for these features; source role and administrative level alone do not certify tier purpose or physical extent.,"Source name/code, administration and settlement screens remain separate. No political title, full settlement population, complete land/island footprint, or region approval is inferred."
gb:SEN:ADM2:50182788B72122084264725,Kanel,Senegal,gb:SEN:ADM2,2019,50182788B72122084264725,Kanel,department,True,45,framework:province:matam:da4c4799acd3,framework:province:matam:da4c4799acd3,"['framework:province:matam:da4c4799acd3', 'framework:area:senegal:c711cdb1398e', 'framework:region:west-tropical-africa:ba6e06497098', 'framework:subcontinent:western-africa:6280a2b17f17', 'framework:continent:africa:d14fc0b285b2']",5,['Matam'],supported,matam,Matam,['Matam'],['SN0901'],unique normalized current name/explicit alias,"[{'current_name': 'Kanel', 'current_pcode': 'SN0901', 'current_parent': 'Matam', 'parent_pcode': 'SN09', 'valid_on': '2024-05-20', 'area_km2': 8652.09048452, 'component_count': 1, 'WCA_point_count_by_code': 270, 'WCA_point_count_name_parent_candidate': 270, 'WCA_crosswalk_method': 'exact publisher ADM2 code', 'WCA_points_inside_current_geometry': 260, 'WCA_same_code_points_outside_geometry': 10, 'Senegal_2017_OCHA_points_by_code': 270, 'Senegal_2017_points_inside_current_geometry': 263, 'admin_capital_records': 1}]",6,"{'current_name': 'Kanel', 'current_pcode': 'SN0901', 'intersection_km2': 8626.471864, 'legacy_coverage_pct': 99.24667, 'screen_only': True}",270,270,10,270,"[{'name': 'Kanel', 'coordinates': [-13.175942, 15.49076500000018], 'adm_p_lvl': 2}]",insufficient-evidence,['physical land/island completeness and current settlement completeness remain unverified'],Pinned source role 'department' is independently represented as COD-AB ADM2 for these features; source role and administrative level alone do not certify tier purpose or physical extent.,"Source name/code, administration and settlement screens remain separate. No political title, full settlement population, complete land/island footprint, or region approval is inferred."
gb:SEN:ADM2:50182788B74600736318601,Tambacounda,Senegal,gb:SEN:ADM2,2019,50182788B74600736318601,Tambacounda,department,True,45,framework:province:tambacounda:33209cd39104,framework:province:tambacounda:33209cd39104,"['framework:province:tambacounda:33209cd39104', 'framework:area:senegal:c711cdb1398e', 'framework:region:west-tropical-africa:ba6e06497098', 'framework:subcontinent:western-africa:6280a2b17f17', 'framework:continent:africa:d14fc0b285b2']",5,['Tambacounda'],supported,tambacounda,Tambacounda,['Tambacounda'],['SN1204'],unique normalized current name/explicit alias,"[{'current_name': 'Tambacounda', 'current_pcode': 'SN1204', 'current_parent': 'Tambacounda', 'parent_pcode': 'SN12', 'valid_on': '2024-05-20', 'area_km2': 13365.56793373, 'component_count': 1, 'WCA_point_count_by_code': 764, 'WCA_point_count_name_parent_candidate': 764, 'WCA_crosswalk_method': 'exact publisher ADM2 code', 'WCA_points_inside_current_geometry': 749, 'WCA_same_code_points_outside_geometry': 15, 'Senegal_2017_OCHA_points_by_code': 754, 'Senegal_2017_points_inside_current_geometry': 746, 'admin_capital_records': 1}]",6,"{'current_name': 'Tambacounda', 'current_pcode': 'SN1204', 'intersection_km2': 13260.798868, 'legacy_coverage_pct': 99.16609, 'screen_only': True}",764,764,15,754,"[{'name': 'Tambacounda', 'coordinates': [-13.674252, 13.773694000000148], 'adm_p_lvl': 1}]",insufficient-evidence,['physical land/island completeness and current settlement completeness remain unverified'],Pinned source role 'department' is independently represented as COD-AB ADM2 for these features; source role and administrative level alone do not certify tier purpose or physical extent.,"Source name/code, administration and settlement screens remain separate. No political title, full settlement population, complete land/island footprint, or region approval is inferred."
gb:SEN:ADM2:50182788B75300917140294,Bambey,Senegal,gb:SEN:ADM2,2019,50182788B75300917140294,Bambey,department,True,45,framework:province:diourbel:078938594d9b,framework:province:diourbel:078938594d9b,"['framework:province:diourbel:078938594d9b', 'framework:area:senegal:c711cdb1398e', 'framework:region:west-tropical-africa:ba6e06497098', 'framework:subcontinent:western-africa:6280a2b17f17', 'framework:continent:africa:d14fc0b285b2']",5,['Diourbel'],supported,diourbel,Diourbel,['Diourbel'],['SN0201'],unique normalized current name/explicit alias,"[{'current_name': 'Bambey', 'current_pcode': 'SN0201', 'current_parent': 'Diourbel', 'parent_pcode': 'SN02', 'valid_on': '2024-05-20', 'area_km2': 1333.52304368, 'component_count': 1, 'WCA_point_count_by_code': 765, 'WCA_point_count_name_parent_candidate': 765, 'WCA_crosswalk_method': 'exact publisher ADM2 code', 'WCA_points_inside_current_geometry': 758, 'WCA_same_code_points_outside_geometry': 7, 'Senegal_2017_OCHA_points_by_code': 760, 'Senegal_2017_points_inside_current_geometry': 758, 'admin_capital_records': 1}]",4,"{'current_name': 'Bambey', 'current_pcode': 'SN0201', 'intersection_km2': 1331.77261, 'legacy_coverage_pct': 99.79767, 'screen_only': True}",765,765,7,760,"[{'name': 'Bambey', 'coordinates': [-16.455425, 14.695551000000137], 'adm_p_lvl': 2}]",insufficient-evidence,['physical land/island completeness and current settlement completeness remain unverified'],Pinned source role 'department' is independently represented as COD-AB ADM2 for these features; source role and administrative level alone do not certify tier purpose or physical extent.,"Source name/code, administration and settlement screens remain separate. No political title, full settlement population, complete land/island footprint, or region approval is inferred."
gb:SEN:ADM2:50182788B75788529380727,Salemata,Senegal,gb:SEN:ADM2,2019,50182788B75788529380727,Salemata,department,True,45,framework:province:kedougou:1786c6b77db9,framework:province:kedougou:1786c6b77db9,"['framework:province:kedougou:1786c6b77db9', 'framework:area:senegal:c711cdb1398e', 'framework:region:west-tropical-africa:ba6e06497098', 'framework:subcontinent:western-africa:6280a2b17f17', 'framework:continent:africa:d14fc0b285b2']",5,['Kédougou'],supported,kedougou,Kédougou,['Kédougou'],['SN0602'],unique normalized current name/explicit alias,"[{'current_name': 'Salémata', 'current_pcode': 'SN0602', 'current_parent': 'Kédougou', 'parent_pcode': 'SN06', 'valid_on': '2024-05-20', 'area_km2': 1985.98635954, 'component_count': 1, 'WCA_point_count_by_code': 119, 'WCA_point_count_name_parent_candidate': 119, 'WCA_crosswalk_method': 'exact publisher ADM2 code', 'WCA_points_inside_current_geometry': 119, 'WCA_same_code_points_outside_geometry': 0, 'Senegal_2017_OCHA_points_by_code': 120, 'Senegal_2017_points_inside_current_geometry': 120, 'admin_capital_records': 1}]",3,"{'current_name': 'Salémata', 'current_pcode': 'SN0602', 'intersection_km2': 1914.746795, 'legacy_coverage_pct': 99.82691, 'screen_only': True}",119,119,0,120,"[{'name': 'Salemata', 'coordinates': [-12.820782, 12.631617], 'adm_p_lvl': 2}]",insufficient-evidence,['physical land/island completeness and current settlement completeness remain unverified'],Pinned source role 'department' is independently represented as COD-AB ADM2 for these features; source role and administrative level alone do not certify tier purpose or physical extent.,"Source name/code, administration and settlement screens remain separate. No political title, full settlement population, complete land/island footprint, or region approval is inferred."
gb:SEN:ADM2:50182788B77977720497228,Kolda,Senegal,gb:SEN:ADM2,2019,50182788B77977720497228,Kolda,department,True,45,framework:province:kolda:5cf7589b92ab,framework:province:kolda:5cf7589b92ab,"['framework:province:kolda:5cf7589b92ab', 'framework:area:senegal:c711cdb1398e', 'framework:region:west-tropical-africa:ba6e06497098', 'framework:subcontinent:western-africa:6280a2b17f17', 'framework:continent:africa:d14fc0b285b2']",5,['Kolda'],supported,kolda,Kolda,['Kolda'],['SN0701'],unique normalized current name/explicit alias,"[{'current_name': 'Kolda', 'current_pcode': 'SN0701', 'current_parent': 'Kolda', 'parent_pcode': 'SN07', 'valid_on': '2024-05-20', 'area_km2': 3591.31127861, 'component_count': 1, 'WCA_point_count_by_code': 786, 'WCA_point_count_name_parent_candidate': 786, 'WCA_crosswalk_method': 'exact publisher ADM2 code', 'WCA_points_inside_current_geometry': 779, 'WCA_same_code_points_outside_geometry': 7, 'Senegal_2017_OCHA_points_by_code': 764, 'Senegal_2017_points_inside_current_geometry': 761, 'admin_capital_records': 1}]",5,"{'current_name': 'Kolda', 'current_pcode': 'SN0701', 'intersection_km2': 3556.076115, 'legacy_coverage_pct': 99.40275, 'screen_only': True}",786,786,7,764,"[{'name': 'Kolda', 'coordinates': [-14.939588, 12.892043], 'adm_p_lvl': 1}]",insufficient-evidence,['physical land/island completeness and current settlement completeness remain unverified'],Pinned source role 'department' is independently represented as COD-AB ADM2 for these features; source role and administrative level alone do not certify tier purpose or physical extent.,"Source name/code, administration and settlement screens remain separate. No political title, full settlement population, complete land/island footprint, or region approval is inferred."
gb:SEN:ADM2:50182788B85082652306110,Kedougou,Senegal,gb:SEN:ADM2,2019,50182788B85082652306110,Kedougou,department,True,45,framework:province:kedougou:1786c6b77db9,framework:province:kedougou:1786c6b77db9,"['framework:province:kedougou:1786c6b77db9', 'framework:area:senegal:c711cdb1398e', 'framework:region:west-tropical-africa:ba6e06497098', 'framework:subcontinent:western-africa:6280a2b17f17', 'framework:continent:africa:d14fc0b285b2']",5,['Kédougou'],supported,kedougou,Kédougou,['Kédougou'],['SN0601'],unique normalized current name/explicit alias,"[{'current_name': 'Kédougou', 'current_pcode': 'SN0601', 'current_parent': 'Kédougou', 'parent_pcode': 'SN06', 'valid_on': '2024-05-20', 'area_km2': 7013.9730505, 'component_count': 1, 'WCA_point_count_by_code': 208, 'WCA_point_count_name_parent_candidate': 208, 'WCA_crosswalk_method': 'exact publisher ADM2 code', 'WCA_points_inside_current_geometry': 208, 'WCA_same_code_points_outside_geometry': 0, 'Senegal_2017_OCHA_points_by_code': 208, 'Senegal_2017_points_inside_current_geometry': 208, 'admin_capital_records': 1}]",4,"{'current_name': 'Kédougou', 'current_pcode': 'SN0601', 'intersection_km2': 6989.916154, 'legacy_coverage_pct': 98.91282, 'screen_only': True}",208,208,0,208,"[{'name': 'Kedougou', 'coordinates': [-12.191413, 12.560838000000103], 'adm_p_lvl': 1}]",insufficient-evidence,['physical land/island completeness and current settlement completeness remain unverified'],Pinned source role 'department' is independently represented as COD-AB ADM2 for these features; source role and administrative level alone do not certify tier purpose or physical extent.,"Source name/code, administration and settlement screens remain separate. No political title, full settlement population, complete land/island footprint, or region approval is inferred."
gb:SEN:ADM2:50182788B85341589150678,Foundiougne,Senegal,gb:SEN:ADM2,2019,50182788B85341589150678,Foundiougne,department,True,45,framework:province:fatick:f46d5054431f,framework:province:fatick:f46d5054431f,"['framework:province:fatick:f46d5054431f', 'framework:area:senegal:c711cdb1398e', 'framework:region:west-tropical-africa:ba6e06497098', 'framework:subcontinent:western-africa:6280a2b17f17', 'framework:continent:africa:d14fc0b285b2']",5,['Fatick'],supported,fatick,Fatick,['Fatick'],['SN0302'],unique normalized current name/explicit alias,"[{'current_name': 'Foundiougne', 'current_pcode': 'SN0302', 'current_parent': 'Fatick', 'parent_pcode': 'SN03', 'valid_on': '2024-05-20', 'area_km2': 2935.06598542, 'component_count': 10, 'WCA_point_count_by_code': 489, 'WCA_point_count_name_parent_candidate': 489, 'WCA_crosswalk_method': 'exact publisher ADM2 code', 'WCA_points_inside_current_geometry': 477, 'WCA_same_code_points_outside_geometry': 12, 'Senegal_2017_OCHA_points_by_code': 485, 'Senegal_2017_points_inside_current_geometry': 477, 'admin_capital_records': 1}]",4,"{'current_name': 'Foundiougne', 'current_pcode': 'SN0302', 'intersection_km2': 2881.16959, 'legacy_coverage_pct': 97.08707, 'screen_only': True}",489,489,12,485,"[{'name': 'Foundiougne', 'coordinates': [-16.469747, 14.12411], 'adm_p_lvl': 2}]",insufficient-evidence,['physical land/island completeness and current settlement completeness remain unverified'],Pinned source role 'department' is independently represented as COD-AB ADM2 for these features; source role and administrative level alone do not certify tier purpose or physical extent.,"Source name/code, administration and settlement screens remain separate. No political title, full settlement population, complete land/island footprint, or region approval is inferred."
gb:SEN:ADM2:50182788B8601261498481,Pikine,Senegal,gb:SEN:ADM2,2019,50182788B8601261498481,Pikine,department,True,45,framework:province:dakar:02cf22dc8e4e,framework:province:dakar:02cf22dc8e4e,"['framework:province:dakar:02cf22dc8e4e', 'framework:area:senegal:c711cdb1398e', 'framework:region:west-tropical-africa:ba6e06497098', 'framework:subcontinent:western-africa:6280a2b17f17', 'framework:continent:africa:d14fc0b285b2']",5,['Dakar'],supported,dakar,Dakar,['Dakar'],['SN0103'],unique normalized current name/explicit alias,"[{'current_name': 'Pikine', 'current_pcode': 'SN0103', 'current_parent': 'Dakar', 'parent_pcode': 'SN01', 'valid_on': '2024-05-20', 'area_km2': 45.61423523, 'component_count': 1, 'WCA_point_count_by_code': 595, 'WCA_point_count_name_parent_candidate': 595, 'WCA_crosswalk_method': 'exact publisher ADM2 code', 'WCA_points_inside_current_geometry': 331, 'WCA_same_code_points_outside_geometry': 264, 'Senegal_2017_OCHA_points_by_code': 592, 'Senegal_2017_points_inside_current_geometry': 330, 'admin_capital_records': 1}]",5,"{'current_name': 'Pikine', 'current_pcode': 'SN0103', 'intersection_km2': 44.145462, 'legacy_coverage_pct': 50.23812, 'screen_only': True}",595,595,264,592,"[{'name': 'Pikine', 'coordinates': [-17.393483, 14.75810300000012], 'adm_p_lvl': 2}]",insufficient-evidence,['physical land/island completeness and current settlement completeness remain unverified'],Pinned source role 'department' is independently represented as COD-AB ADM2 for these features; source role and administrative level alone do not certify tier purpose or physical extent.,"Source name/code, administration and settlement screens remain separate. No political title, full settlement population, complete land/island footprint, or region approval is inferred."
gb:SEN:ADM2:50182788B8770711358016,Saraya,Senegal,gb:SEN:ADM2,2019,50182788B8770711358016,Saraya,department,True,45,framework:province:kedougou:1786c6b77db9,framework:province:kedougou:1786c6b77db9,"['framework:province:kedougou:1786c6b77db9', 'framework:area:senegal:c711cdb1398e', 'framework:region:west-tropical-africa:ba6e06497098', 'framework:subcontinent:western-africa:6280a2b17f17', 'framework:continent:africa:d14fc0b285b2']",5,['Kédougou'],supported,kedougou,Kédougou,['Kédougou'],['SN0603'],unique normalized current name/explicit alias,"[{'current_name': 'Saraya', 'current_pcode': 'SN0603', 'current_parent': 'Kédougou', 'parent_pcode': 'SN06', 'valid_on': '2024-05-20', 'area_km2': 7877.42438127, 'component_count': 1, 'WCA_point_count_by_code': 119, 'WCA_point_count_name_parent_candidate': 119, 'WCA_crosswalk_method': 'exact publisher ADM2 code', 'WCA_points_inside_current_geometry': 119, 'WCA_same_code_points_outside_geometry': 0, 'Senegal_2017_OCHA_points_by_code': 135, 'Senegal_2017_points_inside_current_geometry': 135, 'admin_capital_records': 1}]",5,"{'current_name': 'Saraya', 'current_pcode': 'SN0603', 'intersection_km2': 7794.601769, 'legacy_coverage_pct': 99.80284, 'screen_only': True}",119,119,0,135,"[{'name': 'Saraya', 'coordinates': [-11.755997999999863, 12.8341], 'adm_p_lvl': 2}]",insufficient-evidence,['physical land/island completeness and current settlement completeness remain unverified'],Pinned source role 'department' is independently represented as COD-AB ADM2 for these features; source role and administrative level alone do not certify tier purpose or physical extent.,"Source name/code, administration and settlement screens remain separate. No political title, full settlement population, complete land/island footprint, or region approval is inferred."
gb:SEN:ADM2:50182788B90737446104605,Gossas,Senegal,gb:SEN:ADM2,2019,50182788B90737446104605,Gossas,department,True,45,framework:province:fatick:f46d5054431f,framework:province:fatick:f46d5054431f,"['framework:province:fatick:f46d5054431f', 'framework:area:senegal:c711cdb1398e', 'framework:region:west-tropical-africa:ba6e06497098', 'framework:subcontinent:western-africa:6280a2b17f17', 'framework:continent:africa:d14fc0b285b2']",5,['Fatick'],supported,fatick,Fatick,['Fatick'],['SN0303'],unique normalized current name/explicit alias,"[{'current_name': 'Gossas', 'current_pcode': 'SN0303', 'current_parent': 'Fatick', 'parent_pcode': 'SN03', 'valid_on': '2024-05-20', 'area_km2': 1452.97306491, 'component_count': 1, 'WCA_point_count_by_code': 413, 'WCA_point_count_name_parent_candidate': 413, 'WCA_crosswalk_method': 'exact publisher ADM2 code', 'WCA_points_inside_current_geometry': 410, 'WCA_same_code_points_outside_geometry': 3, 'Senegal_2017_OCHA_points_by_code': 412, 'Senegal_2017_points_inside_current_geometry': 412, 'admin_capital_records': 1}]",8,"{'current_name': 'Gossas', 'current_pcode': 'SN0303', 'intersection_km2': 1449.4604, 'legacy_coverage_pct': 99.7246, 'screen_only': True}",413,413,3,412,"[{'name': 'Gossas', 'coordinates': [-16.06803699999989, 14.49674], 'adm_p_lvl': 2}]",insufficient-evidence,['physical land/island completeness and current settlement completeness remain unverified'],Pinned source role 'department' is independently represented as COD-AB ADM2 for these features; source role and administrative level alone do not certify tier purpose or physical extent.,"Source name/code, administration and settlement screens remain separate. No political title, full settlement population, complete land/island footprint, or region approval is inferred."
gb:SEN:ADM2:50182788B94115130730188,Saint Louis,Senegal,gb:SEN:ADM2,2019,50182788B94115130730188,Saint Louis,department,True,45,framework:province:saint-louis:bc9dbe7896f0,framework:province:saint-louis:bc9dbe7896f0,"['framework:province:saint-louis:bc9dbe7896f0', 'framework:area:senegal:c711cdb1398e', 'framework:region:west-tropical-africa:ba6e06497098', 'framework:subcontinent:western-africa:6280a2b17f17', 'framework:continent:africa:d14fc0b285b2']",5,['Saint-Louis'],supported,saint louis,Saint-Louis,['Saint-Louis'],['SN1003'],unique normalized current name/explicit alias,"[{'current_name': 'Saint Louis', 'current_pcode': 'SN1003', 'current_parent': 'Saint-Louis', 'parent_pcode': 'SN10', 'valid_on': '2024-05-20', 'area_km2': 800.58510836, 'component_count': 1, 'WCA_point_count_by_code': 260, 'WCA_point_count_name_parent_candidate': 260, 'WCA_crosswalk_method': 'exact publisher ADM2 code', 'WCA_points_inside_current_geometry': 246, 'WCA_same_code_points_outside_geometry': 14, 'Senegal_2017_OCHA_points_by_code': 267, 'Senegal_2017_points_inside_current_geometry': 253, 'admin_capital_records': 1}]",3,"{'current_name': 'Saint Louis', 'current_pcode': 'SN1003', 'intersection_km2': 773.129166, 'legacy_coverage_pct': 96.17792, 'screen_only': True}",260,260,14,267,"[{'name': 'Saint-Louis', 'coordinates': [-16.498108, 16.025684], 'adm_p_lvl': 1}]",insufficient-evidence,['physical land/island completeness and current settlement completeness remain unverified'],Pinned source role 'department' is independently represented as COD-AB ADM2 for these features; source role and administrative level alone do not certify tier purpose or physical extent.,"Source name/code, administration and settlement screens remain separate. No political title, full settlement population, complete land/island footprint, or region approval is inferred."
gb:SEN:ADM2:50182788B94177495754038,Dagana,Senegal,gb:SEN:ADM2,2019,50182788B94177495754038,Dagana,department,True,45,framework:province:saint-louis:bc9dbe7896f0,framework:province:saint-louis:bc9dbe7896f0,"['framework:province:saint-louis:bc9dbe7896f0', 'framework:area:senegal:c711cdb1398e', 'framework:region:west-tropical-africa:ba6e06497098', 'framework:subcontinent:western-africa:6280a2b17f17', 'framework:continent:africa:d14fc0b285b2']",5,['Saint-Louis'],supported,saint louis,Saint-Louis,['Saint-Louis'],['SN1001'],unique normalized current name/explicit alias,"[{'current_name': 'Dagana', 'current_pcode': 'SN1001', 'current_parent': 'Saint-Louis', 'parent_pcode': 'SN10', 'valid_on': '2024-05-20', 'area_km2': 5284.85995879, 'component_count': 1, 'WCA_point_count_by_code': 468, 'WCA_point_count_name_parent_candidate': 468, 'WCA_crosswalk_method': 'exact publisher ADM2 code', 'WCA_points_inside_current_geometry': 461, 'WCA_same_code_points_outside_geometry': 7, 'Senegal_2017_OCHA_points_by_code': 443, 'Senegal_2017_points_inside_current_geometry': 443, 'admin_capital_records': 2}]",5,"{'current_name': 'Dagana', 'current_pcode': 'SN1001', 'intersection_km2': 5227.441248, 'legacy_coverage_pct': 99.63098, 'screen_only': True}",468,468,7,443,"[{'name': 'Dagana', 'coordinates': [-15.500043, 16.517907], 'adm_p_lvl': 2}, {'name': 'Rosso', 'coordinates': [-15.914167, 16.51027800000014], 'adm_p_lvl': 2}]",insufficient-evidence,['physical land/island completeness and current settlement completeness remain unverified'],Pinned source role 'department' is independently represented as COD-AB ADM2 for these features; source role and administrative level alone do not certify tier purpose or physical extent.,"Source name/code, administration and settlement screens remain separate. No political title, full settlement population, complete land/island footprint, or region approval is inferred."
gb:SEN:ADM2:50182788B95113260184043,Matam,Senegal,gb:SEN:ADM2,2019,50182788B95113260184043,Matam,department,True,45,framework:province:matam:da4c4799acd3,framework:province:matam:da4c4799acd3,"['framework:province:matam:da4c4799acd3', 'framework:area:senegal:c711cdb1398e', 'framework:region:west-tropical-africa:ba6e06497098', 'framework:subcontinent:western-africa:6280a2b17f17', 'framework:continent:africa:d14fc0b285b2']",5,['Matam'],supported,matam,Matam,['Matam'],['SN0902'],unique normalized current name/explicit alias,"[{'current_name': 'Matam', 'current_pcode': 'SN0902', 'current_parent': 'Matam', 'parent_pcode': 'SN09', 'valid_on': '2024-05-20', 'area_km2': 5747.10988717, 'component_count': 1, 'WCA_point_count_by_code': 312, 'WCA_point_count_name_parent_candidate': 312, 'WCA_crosswalk_method': 'exact publisher ADM2 code', 'WCA_points_inside_current_geometry': 304, 'WCA_same_code_points_outside_geometry': 8, 'Senegal_2017_OCHA_points_by_code': 302, 'Senegal_2017_points_inside_current_geometry': 302, 'admin_capital_records': 1}]",4,"{'current_name': 'Matam', 'current_pcode': 'SN0902', 'intersection_km2': 5736.086626, 'legacy_coverage_pct': 99.68332, 'screen_only': True}",312,312,8,302,"[{'name': 'Matam', 'coordinates': [-13.263472, 15.653723000000127], 'adm_p_lvl': 1}]",insufficient-evidence,['physical land/island completeness and current settlement completeness remain unverified'],Pinned source role 'department' is independently represented as COD-AB ADM2 for these features; source role and administrative level alone do not certify tier purpose or physical extent.,"Source name/code, administration and settlement screens remain separate. No political title, full settlement population, complete land/island footprint, or region approval is inferred."
gb:SEN:ADM2:50182788B97054679922117,Guinguineo,Senegal,gb:SEN:ADM2,2019,50182788B97054679922117,Guinguineo,department,True,45,framework:province:kaolack:c217412252c3,framework:province:kaolack:c217412252c3,"['framework:province:kaolack:c217412252c3', 'framework:area:senegal:c711cdb1398e', 'framework:region:west-tropical-africa:ba6e06497098', 'framework:subcontinent:western-africa:6280a2b17f17', 'framework:continent:africa:d14fc0b285b2']",5,['Kaolack'],supported,kaolack,Kaolack,['Kaolack'],['SN0501'],unique normalized current name/explicit alias,"[{'current_name': 'Guinguinéo', 'current_pcode': 'SN0501', 'current_parent': 'Kaolack', 'parent_pcode': 'SN05', 'valid_on': '2024-05-20', 'area_km2': 1080.70067436, 'component_count': 1, 'WCA_point_count_by_code': 363, 'WCA_point_count_name_parent_candidate': 363, 'WCA_crosswalk_method': 'exact publisher ADM2 code', 'WCA_points_inside_current_geometry': 359, 'WCA_same_code_points_outside_geometry': 4, 'Senegal_2017_OCHA_points_by_code': 361, 'Senegal_2017_points_inside_current_geometry': 360, 'admin_capital_records': 1}]",5,"{'current_name': 'Guinguinéo', 'current_pcode': 'SN0501', 'intersection_km2': 1079.298306, 'legacy_coverage_pct': 99.72944, 'screen_only': True}",363,363,4,361,"[{'name': 'Guingueneo', 'coordinates': [-15.946415999999886, 14.269556], 'adm_p_lvl': 2}]",insufficient-evidence,['physical land/island completeness and current settlement completeness remain unverified'],Pinned source role 'department' is independently represented as COD-AB ADM2 for these features; source role and administrative level alone do not certify tier purpose or physical extent.,"Source name/code, administration and settlement screens remain separate. No political title, full settlement population, complete land/island footprint, or region approval is inferred."
gb:SEN:ADM2:50182788B9780593325351,Velingara,Senegal,gb:SEN:ADM2,2019,50182788B9780593325351,Velingara,department,True,45,framework:province:kolda:5cf7589b92ab,framework:province:kolda:5cf7589b92ab,"['framework:province:kolda:5cf7589b92ab', 'framework:area:senegal:c711cdb1398e', 'framework:region:west-tropical-africa:ba6e06497098', 'framework:subcontinent:western-africa:6280a2b17f17', 'framework:continent:africa:d14fc0b285b2']",5,['Kolda'],supported,kolda,Kolda,['Kolda'],['SN0703'],unique normalized current name/explicit alias,"[{'current_name': 'Vélingara', 'current_pcode': 'SN0703', 'current_parent': 'Kolda', 'parent_pcode': 'SN07', 'valid_on': '2024-05-20', 'area_km2': 5485.80374093, 'component_count': 1, 'WCA_point_count_by_code': 641, 'WCA_point_count_name_parent_candidate': 641, 'WCA_crosswalk_method': 'exact publisher ADM2 code', 'WCA_points_inside_current_geometry': 641, 'WCA_same_code_points_outside_geometry': 0, 'Senegal_2017_OCHA_points_by_code': 646, 'Senegal_2017_points_inside_current_geometry': 646, 'admin_capital_records': 1}]",3,"{'current_name': 'Vélingara', 'current_pcode': 'SN0703', 'intersection_km2': 5405.475568, 'legacy_coverage_pct': 99.29016, 'screen_only': True}",641,641,0,646,"[{'name': 'Velingara', 'coordinates': [-14.110700999999892, 13.15001000000018], 'adm_p_lvl': 2}]",insufficient-evidence,['physical land/island completeness and current settlement completeness remain unverified'],Pinned source role 'department' is independently represented as COD-AB ADM2 for these features; source role and administrative level alone do not certify tier purpose or physical extent.,"Source name/code, administration and settlement screens remain separate. No political title, full settlement population, complete land/island footprint, or region approval is inferred."
gb:SLE:ADM2:65957751B56468197775265,Western Area Rural,Sierra Leone,gb:SLE:ADM2,2017,65957751B56468197775265,Western Area Rural,Districts,True,14,framework:province:western-area:421c782868a2,framework:province:western-area:421c782868a2,"['framework:province:western-area:421c782868a2', 'framework:area:sierra-leone:e5f76d291dd1', 'framework:region:west-tropical-africa:ba6e06497098', 'framework:subcontinent:western-africa:6280a2b17f17', 'framework:continent:africa:d14fc0b285b2']",5,['Western'],supported,western area,Western,['Western'],['SL0401'],unique normalized current name/explicit alias,"[{'current_name': 'Western Area Rural', 'current_pcode': 'SL0401', 'current_parent': 'Western', 'parent_pcode': 'SL04', 'valid_on': '2023-12-15', 'area_km2': 608.10794347, 'component_count': 13, 'WCA_point_count_by_code': 365, 'WCA_point_count_name_parent_candidate': 365, 'WCA_crosswalk_method': 'exact publisher ADM2 code', 'WCA_points_inside_current_geometry': 365, 'WCA_same_code_points_outside_geometry': 0, 'Senegal_2017_OCHA_points_by_code': 0, 'Senegal_2017_points_inside_current_geometry': 0, 'admin_capital_records': 1}]",4,"{'current_name': 'Western Area Rural', 'current_pcode': 'SL0401', 'intersection_km2': 604.153025, 'legacy_coverage_pct': 98.55366, 'screen_only': True}",365,365,0,0,"[{'name': 'Waterloo', 'coordinates': [-13.069573, 8.33897700000017], 'adm_p_lvl': 2}]",insufficient-evidence,['physical land/island completeness and current settlement completeness remain unverified'],Pinned source role 'Districts' is independently represented as COD-AB ADM2 for these features; source role and administrative level alone do not certify tier purpose or physical extent.,"Source name/code, administration and settlement screens remain separate. No political title, full settlement population, complete land/island footprint, or region approval is inferred."
gb:SLE:ADM2:65957751B7442620669158,Western Area Urban,Sierra Leone,gb:SLE:ADM2,2017,65957751B7442620669158,Western Area Urban,Districts,True,14,framework:province:western-area:421c782868a2,framework:province:western-area:421c782868a2,"['framework:province:western-area:421c782868a2', 'framework:area:sierra-leone:e5f76d291dd1', 'framework:region:west-tropical-africa:ba6e06497098', 'framework:subcontinent:western-africa:6280a2b17f17', 'framework:continent:africa:d14fc0b285b2']",5,['Western'],supported,western area,Western,['Western'],['SL0402'],unique normalized current name/explicit alias,"[{'current_name': 'Western Area Urban', 'current_pcode': 'SL0402', 'current_parent': 'Western', 'parent_pcode': 'SL04', 'valid_on': '2023-12-15', 'area_km2': 81.67793552, 'component_count': 3, 'WCA_point_count_by_code': 113, 'WCA_point_count_name_parent_candidate': 113, 'WCA_crosswalk_method': 'exact publisher ADM2 code', 'WCA_points_inside_current_geometry': 113, 'WCA_same_code_points_outside_geometry': 0, 'Senegal_2017_OCHA_points_by_code': 0, 'Senegal_2017_points_inside_current_geometry': 0, 'admin_capital_records': 1}]",2,"{'current_name': 'Western Area Urban', 'current_pcode': 'SL0402', 'intersection_km2': 72.755668, 'legacy_coverage_pct': 98.43713, 'screen_only': True}",113,113,0,0,"[{'name': 'Freetown', 'coordinates': [-13.268015999999875, 8.47900200000015], 'adm_p_lvl': 0}]",insufficient-evidence,['physical land/island completeness and current settlement completeness remain unverified'],Pinned source role 'Districts' is independently represented as COD-AB ADM2 for these features; source role and administrative level alone do not certify tier purpose or physical extent.,"Source name/code, administration and settlement screens remain separate. No political title, full settlement population, complete land/island footprint, or region approval is inferred."
