assigned_location_id,assigned_location_name,candidate_current_pcode,point_object_id,point_name,point_lon_lat,catalog_admin2_name,catalog_admin2_pcode,containing_current_codab_candidates,source_last_modified,finding
gb:NGA:ADM2:59680162B27926848768432,Takum,NG035012,92575,Anbagivi,"[9.655661, 6.528377]",Takum,NG3512,outside all current COD-AB polygons,2021-07-01,Name+parent crosswalk candidate point outside candidate current polygon; no transfer inferred.
gb:NGA:ADM2:59680162B2846194934808,Gwoza,NG008011,183108,Ndabakoro,"[13.961726, 11.260737]",Gwoza,NG0811,outside all current COD-AB polygons,2021-07-01,Name+parent crosswalk candidate point outside candidate current polygon; no transfer inferred.
gb:NGA:ADM2:59680162B29995960925404,Kurmi,NG035009,107514,"Mbefian, River","[10.666667, 7.05]",Kurmi,NG3509,outside all current COD-AB polygons,2021-07-01,Name+parent crosswalk candidate point outside candidate current polygon; no transfer inferred.
gb:NGA:ADM2:59680162B89355923746110,Abadam,NG008001,239743,Ya'Ana,"[13.101785, 13.530988]",Abadam,NG0801,outside all current COD-AB polygons,2021-07-01,Name+parent crosswalk candidate point outside candidate current polygon; no transfer inferred.
gb:NGA:ADM2:59680162B89766877463651,Ganjuwa,NG005008,169996,Bauchi State,"[9.840234, 10.308889]",Ganjuwa,NG0508,Bauchi[NG005002],2021-07-01,Name+parent crosswalk candidate point outside candidate current polygon; no transfer inferred.
gb:NGA:ADM2:59680162B89766877463651,Ganjuwa,NG005008,169997,Bauchi,"[9.840234, 10.308889]",Ganjuwa,NG0508,Bauchi[NG005002],2021-07-01,Name+parent crosswalk candidate point outside candidate current polygon; no transfer inferred.
gb:SEN:ADM2:50182788B13883389428586,Malem Hodar,SN0404,262622,Mouye Paffa,"[-15.0732856, 14.2078869]",Malem Hodar,SN0405,Koungheul[SN0403],2021-07-01,Name+parent crosswalk candidate point outside candidate current polygon; no transfer inferred.
gb:SEN:ADM2:50182788B14678638932037,Linguere,SN0802,280251,H2 Daga Tall Tall,"[-15.5072038, 14.8366162]",Linguere,SN0802,Mbacké[SN0203],2021-07-01,Exact-code point outside candidate current polygon; no transfer inferred.
gb:SEN:ADM2:50182788B14678638932037,Linguere,SN0802,290651,Dayoute,"[-14.7452843, 15.5626643]",Linguere,SN0802,Ranérou[SN0903],2021-07-01,Exact-code point outside candidate current polygon; no transfer inferred.
gb:SEN:ADM2:50182788B15645681951695,Kaolack,SN0502,252786,Keur Soutoura Egue,"[-15.9145108, 13.8882531]",Kaolack,SN0502,Nioro du Rip[SN0503],2021-07-01,Exact-code point outside candidate current polygon; no transfer inferred.
gb:SEN:ADM2:50182788B15645681951695,Kaolack,SN0502,253160,Medina Ndawene,"[-15.8620891, 13.8997994]",Kaolack,SN0502,Nioro du Rip[SN0503],2021-07-01,Exact-code point outside candidate current polygon; no transfer inferred.
gb:SEN:ADM2:50182788B15645681951695,Kaolack,SN0502,257264,Keur Ndoudy,"[-15.7867287, 14.0239825]",Kaolack,SN0502,Birkelane[SN0401],2021-07-01,Exact-code point outside candidate current polygon; no transfer inferred.
gb:SEN:ADM2:50182788B15645681951695,Kaolack,SN0502,258535,Thicatt Diery,"[-15.831965, 14.065095]",Kaolack,SN0502,Birkelane[SN0401],2021-07-01,Exact-code point outside candidate current polygon; no transfer inferred.
gb:SEN:ADM2:50182788B15645681951695,Kaolack,SN0502,258548,H2 Keur Ndioba,"[-15.8285775, 14.0657485]",Kaolack,SN0502,Birkelane[SN0401],2021-07-01,Exact-code point outside candidate current polygon; no transfer inferred.
gb:SEN:ADM2:50182788B15645681951695,Kaolack,SN0502,258868,Keur Ndongo (Thicatt),"[-15.8438949, 14.0754056]",Kaolack,SN0502,Birkelane[SN0401],2021-07-01,Exact-code point outside candidate current polygon; no transfer inferred.
gb:SEN:ADM2:50182788B16861669195445,Rufisque,SN0104,277250,Cite Shell,"[-17.2968083, 14.7443576]",Rufisque,SN0104,Pikine[SN0103],2021-07-01,Exact-code point outside candidate current polygon; no transfer inferred.
gb:SEN:ADM2:50182788B16861669195445,Rufisque,SN0104,277327,Nouvelle Cite,"[-17.2955295, 14.746358]",Rufisque,SN0104,Pikine[SN0103],2021-07-01,Exact-code point outside candidate current polygon; no transfer inferred.
gb:SEN:ADM2:50182788B16861669195445,Rufisque,SN0104,277415,Cite Soutoureu,"[-17.2949469, 14.7483515]",Rufisque,SN0104,Pikine[SN0103],2021-07-01,Exact-code point outside candidate current polygon; no transfer inferred.
gb:SEN:ADM2:50182788B16861669195445,Rufisque,SN0104,277437,Cite Mantor Diouf,"[-17.2957612, 14.7489759]",Rufisque,SN0104,Pikine[SN0103],2021-07-01,Exact-code point outside candidate current polygon; no transfer inferred.
gb:SEN:ADM2:50182788B16861669195445,Rufisque,SN0104,277669,Cite Bel Air,"[-17.2906771, 14.7537697]",Rufisque,SN0104,Keur Massar[SN0105],2021-07-01,Exact-code point outside candidate current polygon; no transfer inferred.
gb:SEN:ADM2:50182788B16861669195445,Rufisque,SN0104,277731,Parcelles Assainies Unite 11B,"[-17.2838851, 14.7550838]",Rufisque,SN0104,Keur Massar[SN0105],2021-07-01,Exact-code point outside candidate current polygon; no transfer inferred.
gb:SEN:ADM2:50182788B16861669195445,Rufisque,SN0104,277776,Ndoyene,"[-17.1283394, 14.7559545]",Rufisque,SN0104,Thiès[SN1302],2021-07-01,Exact-code point outside candidate current polygon; no transfer inferred.
gb:SEN:ADM2:50182788B16861669195445,Rufisque,SN0104,277897,Parcelles Assainies Unite 11A,"[-17.2857949, 14.7592482]",Rufisque,SN0104,Keur Massar[SN0105],2021-07-01,Exact-code point outside candidate current polygon; no transfer inferred.
gb:SEN:ADM2:50182788B16861669195445,Rufisque,SN0104,277946,Parcelles Assainies Unite 12B,"[-17.2848607, 14.7604772]",Rufisque,SN0104,Keur Massar[SN0105],2021-07-01,Exact-code point outside candidate current polygon; no transfer inferred.
gb:SEN:ADM2:50182788B16861669195445,Rufisque,SN0104,277960,Parcelles Assainies Unite 10,"[-17.28959, 14.7607917]",Rufisque,SN0104,Keur Massar[SN0105],2021-07-01,Exact-code point outside candidate current polygon; no transfer inferred.
gb:SEN:ADM2:50182788B16861669195445,Rufisque,SN0104,278020,Parcelles Assainies Unite 9,"[-17.2925861, 14.7622889]",Rufisque,SN0104,Keur Massar[SN0105],2021-07-01,Exact-code point outside candidate current polygon; no transfer inferred.
gb:SEN:ADM2:50182788B16861669195445,Rufisque,SN0104,278116,Parcelles Assainies Unite 12A,"[-17.2836107, 14.7643746]",Rufisque,SN0104,Keur Massar[SN0105],2021-07-01,Exact-code point outside candidate current polygon; no transfer inferred.
gb:SEN:ADM2:50182788B16861669195445,Rufisque,SN0104,278145,Parcelles Assainies Unite 14,"[-17.2911103, 14.764996]",Rufisque,SN0104,Keur Massar[SN0105],2021-07-01,Exact-code point outside candidate current polygon; no transfer inferred.
gb:SEN:ADM2:50182788B16861669195445,Rufisque,SN0104,278166,Parcelles Assainies Unite 13,"[-17.2873379, 14.7656298]",Rufisque,SN0104,Keur Massar[SN0105],2021-07-01,Exact-code point outside candidate current polygon; no transfer inferred.
gb:SEN:ADM2:50182788B16861669195445,Rufisque,SN0104,278172,Cite Gendarmerie,"[-17.2781467, 14.7657387]",Rufisque,SN0104,Keur Massar[SN0105],2021-07-01,Exact-code point outside candidate current polygon; no transfer inferred.
gb:SEN:ADM2:50182788B16861669195445,Rufisque,SN0104,278262,Parcelles Assainies Unite 27B,"[-17.2797397, 14.7671324]",Rufisque,SN0104,Keur Massar[SN0105],2021-07-01,Exact-code point outside candidate current polygon; no transfer inferred.
gb:SEN:ADM2:50182788B16861669195445,Rufisque,SN0104,278297,Diaxay Parcelle Niakourap,"[-17.2877878, 14.7678028]",Rufisque,SN0104,Keur Massar[SN0105],2021-07-01,Exact-code point outside candidate current polygon; no transfer inferred.
gb:SEN:ADM2:50182788B16861669195445,Rufisque,SN0104,278325,Parcelles Assainies Unite 28,"[-17.2725478, 14.7684231]",Rufisque,SN0104,Keur Massar[SN0105],2021-07-01,Exact-code point outside candidate current polygon; no transfer inferred.
gb:SEN:ADM2:50182788B16861669195445,Rufisque,SN0104,278332,Parcelles Assainies Unite 27A,"[-17.2809524, 14.7685571]",Rufisque,SN0104,Keur Massar[SN0105],2021-07-01,Exact-code point outside candidate current polygon; no transfer inferred.
gb:SEN:ADM2:50182788B16861669195445,Rufisque,SN0104,278398,Parcelles Assainies Unite 26,"[-17.2844051, 14.7701944]",Rufisque,SN0104,Keur Massar[SN0105],2021-07-01,Exact-code point outside candidate current polygon; no transfer inferred.
gb:SEN:ADM2:50182788B16861669195445,Rufisque,SN0104,278463,Parcelles Assainies Unite 29,"[-17.2754575, 14.7714303]",Rufisque,SN0104,Keur Massar[SN0105],2021-07-01,Exact-code point outside candidate current polygon; no transfer inferred.
gb:SEN:ADM2:50182788B16861669195445,Rufisque,SN0104,278467,Parcelles Assainies Unite 15,"[-17.2870656, 14.7715504]",Rufisque,SN0104,Keur Massar[SN0105],2021-07-01,Exact-code point outside candidate current polygon; no transfer inferred.
gb:SEN:ADM2:50182788B16861669195445,Rufisque,SN0104,278552,Parcelles Assainies Unite 24,"[-17.2896746, 14.7733045]",Rufisque,SN0104,Keur Massar[SN0105],2021-07-01,Exact-code point outside candidate current polygon; no transfer inferred.
gb:SEN:ADM2:50182788B16861669195445,Rufisque,SN0104,278553,Parcelles Assainies Unite 20,"[-17.2786904, 14.773359]",Rufisque,SN0104,Keur Massar[SN0105],2021-07-01,Exact-code point outside candidate current polygon; no transfer inferred.
gb:SEN:ADM2:50182788B16861669195445,Rufisque,SN0104,278615,Parcelles Assainies Unite 21,"[-17.2818704, 14.7746648]",Rufisque,SN0104,Keur Massar[SN0105],2021-07-01,Exact-code point outside candidate current polygon; no transfer inferred.
gb:SEN:ADM2:50182788B16861669195445,Rufisque,SN0104,278630,Parcelles Assainies Unite Xxiii,"[-17.286248, 14.7750551]",Rufisque,SN0104,Keur Massar[SN0105],2021-07-01,Exact-code point outside candidate current polygon; no transfer inferred.
gb:SEN:ADM2:50182788B16861669195445,Rufisque,SN0104,278708,Parcelles Assainies Unite Xxvii,"[-17.2911631, 14.7771116]",Rufisque,SN0104,Keur Massar[SN0105],2021-07-01,Exact-code point outside candidate current polygon; no transfer inferred.
gb:SEN:ADM2:50182788B16861669195445,Rufisque,SN0104,279024,Niacoul Rab Extension,"[-17.287416, 14.7846208]",Rufisque,SN0104,Keur Massar[SN0105],2021-07-01,Exact-code point outside candidate current polygon; no transfer inferred.
gb:SEN:ADM2:50182788B19119296887329,Ziguinchor,SN1403,205211,Bunhague,"[-16.350558, 12.3850004]",Ziguinchor,SN1403,outside all current COD-AB polygons,2021-07-01,Exact-code point outside candidate current polygon; no transfer inferred.
gb:SEN:ADM2:50182788B19119296887329,Ziguinchor,SN1403,205212,Bunhaque,"[-16.350558, 12.3850004]",Ziguinchor,SN1403,outside all current COD-AB polygons,2021-07-01,Exact-code point outside candidate current polygon; no transfer inferred.
gb:SEN:ADM2:50182788B19119296887329,Ziguinchor,SN1403,207385,Barraca Banana,"[-16.0833302, 12.4666678]",Ziguinchor,SN1403,outside all current COD-AB polygons,2021-07-01,Exact-code point outside candidate current polygon; no transfer inferred.
gb:SEN:ADM2:50182788B19119296887329,Ziguinchor,SN1403,207386,Barraca Fronteira,"[-16.0833302, 12.4666678]",Ziguinchor,SN1403,outside all current COD-AB polygons,2021-07-01,Exact-code point outside candidate current polygon; no transfer inferred.
gb:SEN:ADM2:50182788B19119296887329,Ziguinchor,SN1403,210017,H3 Bissine Boulydiagn (Pop Deplacee),"[-15.9654401, 12.5687095]",Ziguinchor,SN1403,Goudomp[SN1102],2021-07-01,Exact-code point outside candidate current polygon; no transfer inferred.
gb:SEN:ADM2:50182788B22549322426328,Diourbel,SN0202,272590,H2 Pidje,"[-16.2134748, 14.572113]",Diourbel,SN0202,Fatick[SN0301],2021-07-01,Exact-code point outside candidate current polygon; no transfer inferred.
gb:SEN:ADM2:50182788B22549322426328,Diourbel,SN0202,280915,Ndia I,"[-16.1142027, 14.8696057]",Diourbel,SN0202,Mbacké[SN0203],2021-07-01,Exact-code point outside candidate current polygon; no transfer inferred.
gb:SEN:ADM2:50182788B22549322426328,Diourbel,SN0202,282128,H6 Nianguene,"[-16.0914066, 14.9348566]",Diourbel,SN0202,Mbacké[SN0203],2021-07-01,Exact-code point outside candidate current polygon; no transfer inferred.
gb:SEN:ADM2:50182788B22933374767599,Louga,SN0803,289894,Sinthiou Diaraf Peulh,"[-16.2948603, 15.4949302]",Louga,SN0803,Kébémer[SN0801],2021-07-01,Exact-code point outside candidate current polygon; no transfer inferred.
gb:SEN:ADM2:50182788B22933374767599,Louga,SN0803,289929,Santhiou Diaraf,"[-16.2926692, 15.4993359]",Louga,SN0803,Kébémer[SN0801],2021-07-01,Exact-code point outside candidate current polygon; no transfer inferred.
gb:SEN:ADM2:50182788B22933374767599,Louga,SN0803,291387,Merina Dakhar,"[-16.4330259, 15.6319307]",Louga,SN0803,Kébémer[SN0801],2021-07-01,Exact-code point outside candidate current polygon; no transfer inferred.
gb:SEN:ADM2:50182788B22933374767599,Louga,SN0803,291424,Merina Santhie,"[-16.4292271, 15.6342422]",Louga,SN0803,Kébémer[SN0801],2021-07-01,Exact-code point outside candidate current polygon; no transfer inferred.
gb:SEN:ADM2:50182788B22933374767599,Louga,SN0803,293224,Degou Niayes,"[-16.5137124, 15.8310728]",Louga,SN0803,Saint Louis[SN1003],2021-07-01,Exact-code point outside candidate current polygon; no transfer inferred.
gb:SEN:ADM2:50182788B22933374767599,Louga,SN0803,293277,Pelour I (Mboultine),"[-16.4402954, 15.8365979]",Louga,SN0803,Saint Louis[SN1003],2021-07-01,Exact-code point outside candidate current polygon; no transfer inferred.
gb:SEN:ADM2:50182788B22933374767599,Louga,SN0803,293416,H3 Thielle Peulh,"[-16.31045, 15.8539168]",Louga,SN0803,Saint Louis[SN1003],2021-07-01,Exact-code point outside candidate current polygon; no transfer inferred.
gb:SEN:ADM2:50182788B29473400533502,Nioro Du Rip,SN0503,242048,Ker Patteh,"[-15.9700867, 13.586577]",Nioro du Rip,SN0503,outside all current COD-AB polygons,2021-07-01,Exact-code point outside candidate current polygon; no transfer inferred.
gb:SEN:ADM2:50182788B29473400533502,Nioro Du Rip,SN0503,250994,H3 Keur Serigne Marame,"[-16.2455201, 13.8342211]",Nioro du Rip,SN0503,Foundiougne[SN0302],2021-07-01,Exact-code point outside candidate current polygon; no transfer inferred.
gb:SEN:ADM2:50182788B29473400533502,Nioro Du Rip,SN0503,251020,H1 Keur Alpha,"[-16.2419536, 13.83508]",Nioro du Rip,SN0503,Foundiougne[SN0302],2021-07-01,Exact-code point outside candidate current polygon; no transfer inferred.
gb:SEN:ADM2:50182788B29473400533502,Nioro Du Rip,SN0503,251305,Thioyene Sokone,"[-16.2343173, 13.844891]",Nioro du Rip,SN0503,Foundiougne[SN0302],2021-07-01,Exact-code point outside candidate current polygon; no transfer inferred.
gb:SEN:ADM2:50182788B29473400533502,Nioro Du Rip,SN0503,251307,H1 Thioyene,"[-16.2275264, 13.844898]",Nioro du Rip,SN0503,Foundiougne[SN0302],2021-07-01,Exact-code point outside candidate current polygon; no transfer inferred.
gb:SEN:ADM2:50182788B29473400533502,Nioro Du Rip,SN0503,251425,H1 Keur Amady Peulh,"[-16.2419412, 13.8484324]",Nioro du Rip,SN0503,Foundiougne[SN0302],2021-07-01,Exact-code point outside candidate current polygon; no transfer inferred.
gb:SEN:ADM2:50182788B29473400533502,Nioro Du Rip,SN0503,251825,H1 Keur Makating,"[-16.2179442, 13.8596544]",Nioro du Rip,SN0503,Foundiougne[SN0302],2021-07-01,Exact-code point outside candidate current polygon; no transfer inferred.
gb:SEN:ADM2:50182788B34306626760019,Ranerou,SN0903,270663,H1 Gourel Kalidou,"[-14.0304894, 14.4963088]",Ranerou,SN0903,Koumpentoum[SN1203],2021-07-01,Exact-code point outside candidate current polygon; no transfer inferred.
gb:SEN:ADM2:50182788B34306626760019,Ranerou,SN0903,274505,Gaythialy,"[-14.3582339, 14.6527492]",Ranerou,SN0903,Koumpentoum[SN1203],2021-07-01,Exact-code point outside candidate current polygon; no transfer inferred.
gb:SEN:ADM2:50182788B34306626760019,Ranerou,SN0903,286386,Malandou,"[-13.5698646, 15.1892998]",Ranerou,SN0903,Kanel[SN0901],2021-07-01,Exact-code point outside candidate current polygon; no transfer inferred.
gb:SEN:ADM2:50182788B42114348275286,Koungheul,SN0403,257125,Taiba Thialene,"[-15.1440431, 14.0198468]",Koungheul,SN0403,Malem-Hodar[SN0404],2021-07-01,Exact-code point outside candidate current polygon; no transfer inferred.
gb:SEN:ADM2:50182788B42114348275286,Koungheul,SN0403,259686,H1 Keur Samba Thidang,"[-14.5924808, 14.1028484]",Koungheul,SN0403,Koumpentoum[SN1203],2021-07-01,Exact-code point outside candidate current polygon; no transfer inferred.
gb:SEN:ADM2:50182788B42114348275286,Koungheul,SN0403,269279,H1 Boubacar Diao,"[-14.6323726, 14.4451382]",Koungheul,SN0403,Koumpentoum[SN1203],2021-07-01,Exact-code point outside candidate current polygon; no transfer inferred.
gb:SEN:ADM2:50182788B42114348275286,Koungheul,SN0403,269592,Touba Dianatoul Firdawsi,"[-14.632689, 14.4558709]",Koungheul,SN0403,Koumpentoum[SN1203],2021-07-01,Exact-code point outside candidate current polygon; no transfer inferred.
gb:SEN:ADM2:50182788B43046627101076,Kaffrine,SN0402,256385,Weynane,"[-15.2539989, 13.9967538]",Kaffrine,SN0402,Malem-Hodar[SN0404],2021-07-01,Exact-code point outside candidate current polygon; no transfer inferred.
gb:SEN:ADM2:50182788B43046627101076,Kaffrine,SN0402,262072,Ndodji,"[-15.4357767, 14.1868412]",Kaffrine,SN0402,Malem-Hodar[SN0404],2021-07-01,Exact-code point outside candidate current polygon; no transfer inferred.
gb:SEN:ADM2:50182788B48951494587639,Goudomp,SN1102,206657,Sano,"[-15.6444482, 12.4383307]",Goudomp,SN1102,outside all current COD-AB polygons,2021-07-01,Exact-code point outside candidate current polygon; no transfer inferred.
gb:SEN:ADM2:50182788B48951494587639,Goudomp,SN1102,206658,Sanu,"[-15.6444482, 12.4383307]",Goudomp,SN1102,outside all current COD-AB polygons,2021-07-01,Exact-code point outside candidate current polygon; no transfer inferred.
gb:SEN:ADM2:50182788B48951494587639,Goudomp,SN1102,206756,Canchungo,"[-15.8669469, 12.4441656]",Goudomp,SN1102,outside all current COD-AB polygons,2021-07-01,Exact-code point outside candidate current polygon; no transfer inferred.
gb:SEN:ADM2:50182788B48951494587639,Goudomp,SN1102,206777,Bucaur,"[-15.6233305, 12.4452797]",Goudomp,SN1102,outside all current COD-AB polygons,2021-07-01,Exact-code point outside candidate current polygon; no transfer inferred.
gb:SEN:ADM2:50182788B48951494587639,Goudomp,SN1102,207892,Neneco,"[-15.5500041, 12.4833367]",Goudomp,SN1102,outside all current COD-AB polygons,2021-07-01,Exact-code point outside candidate current polygon; no transfer inferred.
gb:SEN:ADM2:50182788B48951494587639,Goudomp,SN1102,211742,Quebaco,"[-15.2686091, 12.6386148]",Goudomp,SN1102,outside all current COD-AB polygons,2021-07-01,Exact-code point outside candidate current polygon; no transfer inferred.
gb:SEN:ADM2:50182788B48951494587639,Goudomp,SN1102,211964,Sincha Coli,"[-15.2500009, 12.6499998]",Goudomp,SN1102,outside all current COD-AB polygons,2021-07-01,Exact-code point outside candidate current polygon; no transfer inferred.
gb:SEN:ADM2:50182788B48951494587639,Goudomp,SN1102,213017,Sare Sofe,"[-15.1500037, 12.6833347]",Goudomp,SN1102,outside all current COD-AB polygons,2021-07-01,Exact-code point outside candidate current polygon; no transfer inferred.
gb:SEN:ADM2:50182788B48951494587639,Goudomp,SN1102,213018,Sare Sofi,"[-15.1500037, 12.6833347]",Goudomp,SN1102,outside all current COD-AB polygons,2021-07-01,Exact-code point outside candidate current polygon; no transfer inferred.
gb:SEN:ADM2:50182788B48951494587639,Goudomp,SN1102,215663,H1 Sare Samba Sira,"[-15.1315562, 12.790819]",Goudomp,SN1102,Sédhiou[SN1103],2021-07-01,Exact-code point outside candidate current polygon; no transfer inferred.
gb:SEN:ADM2:50182788B55211093773925,Guediawaye,SN0102,277942,Unite 7,"[-17.4305526, 14.7603994]",Guediawaye,SN0102,Dakar[SN0101],2021-07-01,Exact-code point outside candidate current polygon; no transfer inferred.
gb:SEN:ADM2:50182788B55211093773925,Guediawaye,SN0102,278187,Mousdalifa 4,"[-17.3834497, 14.7660038]",Guediawaye,SN0102,Pikine[SN0103],2021-07-01,Exact-code point outside candidate current polygon; no transfer inferred.
gb:SEN:ADM2:50182788B55211093773925,Guediawaye,SN0102,278209,Seffa,"[-17.3874756, 14.7665224]",Guediawaye,SN0102,Pikine[SN0103],2021-07-01,Exact-code point outside candidate current polygon; no transfer inferred.
gb:SEN:ADM2:50182788B55211093773925,Guediawaye,SN0102,278344,Ainoumane 3,"[-17.3924599, 14.7689282]",Guediawaye,SN0102,Pikine[SN0103],2021-07-01,Exact-code point outside candidate current polygon; no transfer inferred.
gb:SEN:ADM2:50182788B55211093773925,Guediawaye,SN0102,278519,Cite Des Nations Unies,"[-17.4194178, 14.7727036]",Guediawaye,SN0102,Dakar[SN0101],2021-07-01,Exact-code point outside candidate current polygon; no transfer inferred.
gb:SEN:ADM2:50182788B56533800648606,Mbour,SN1301,258163,Palmarin Ngallou,"[-16.7713501, 14.0513373]",Mbour,SN1301,Fatick[SN0301],2021-07-01,Exact-code point outside candidate current polygon; no transfer inferred.
gb:SEN:ADM2:50182788B56533800648606,Mbour,SN1301,268118,H1 Gandiaye,"[-16.6994698, 14.4047542]",Mbour,SN1301,Fatick[SN0301],2021-07-01,Exact-code point outside candidate current polygon; no transfer inferred.
gb:SEN:ADM2:50182788B56533800648606,Mbour,SN1301,269565,H3 Pane Pouye,"[-16.598843, 14.4548615]",Mbour,SN1301,Fatick[SN0301],2021-07-01,Exact-code point outside candidate current polygon; no transfer inferred.
gb:SEN:ADM2:50182788B56533800648606,Mbour,SN1301,271485,Gadiack Ii,"[-16.532713, 14.5297717]",Mbour,SN1301,Fatick[SN0301],2021-07-01,Exact-code point outside candidate current polygon; no transfer inferred.
gb:SEN:ADM2:50182788B56533800648606,Mbour,SN1301,272980,H1 Sobôö£┬Ñme,"[-16.5184282, 14.5874146]",Mbour,SN1301,Fatick[SN0301],2021-07-01,Exact-code point outside candidate current polygon; no transfer inferred.
gb:SEN:ADM2:50182788B56533800648606,Mbour,SN1301,274485,Niaye Khaye Gahayam,"[-17.1359162, 14.6518808]",Mbour,SN1301,Rufisque[SN0104],2021-07-01,Exact-code point outside candidate current polygon; no transfer inferred.
gb:SEN:ADM2:50182788B56779252201559,Birkelane,SN0401,249561,Kapaye Thisse,"[-15.6565366, 13.793956]",Birkelane,SN0401,Nioro du Rip[SN0503],2021-07-01,Exact-code point outside candidate current polygon; no transfer inferred.
gb:SEN:ADM2:50182788B56779252201559,Birkelane,SN0401,249651,Kapaye Keur Ndiaga,"[-15.6594879, 13.7972935]",Birkelane,SN0401,Nioro du Rip[SN0503],2021-07-01,Exact-code point outside candidate current polygon; no transfer inferred.
gb:SEN:ADM2:50182788B56779252201559,Birkelane,SN0401,249829,Santhie Keur Samba Ba,"[-15.662255, 13.8009027]",Birkelane,SN0401,Nioro du Rip[SN0503],2021-07-01,Exact-code point outside candidate current polygon; no transfer inferred.
gb:SEN:ADM2:50182788B56779252201559,Birkelane,SN0401,250127,Santhie Samba Ka,"[-15.6687771, 13.8105234]",Birkelane,SN0401,Nioro du Rip[SN0503],2021-07-01,Exact-code point outside candidate current polygon; no transfer inferred.
gb:SEN:ADM2:50182788B56779252201559,Birkelane,SN0401,259196,Keur Sassouna,"[-15.8439861, 14.0851154]",Birkelane,SN0401,Kaolack[SN0502],2021-07-01,Exact-code point outside candidate current polygon; no transfer inferred.
gb:SEN:ADM2:50182788B60047071387499,Kebemer,SN0801,282602,H2 Keur Mbaye Diagne,"[-16.0388838, 14.9597081]",Kebemer,SN0801,Mbacké[SN0203],2021-07-01,Exact-code point outside candidate current polygon; no transfer inferred.
gb:SEN:ADM2:50182788B60047071387499,Kebemer,SN0801,282615,Keur Macoumba Ndione,"[-16.0480546, 14.9601814]",Kebemer,SN0801,Mbacké[SN0203],2021-07-01,Exact-code point outside candidate current polygon; no transfer inferred.
gb:SEN:ADM2:50182788B60047071387499,Kebemer,SN0801,282651,H1 Keur Arona Ba,"[-16.074101, 14.9622751]",Kebemer,SN0801,Mbacké[SN0203],2021-07-01,Exact-code point outside candidate current polygon; no transfer inferred.
gb:SEN:ADM2:50182788B60047071387499,Kebemer,SN0801,282674,H1 Djib Gollo,"[-16.1711475, 14.9636509]",Kebemer,SN0801,Diourbel[SN0202],2021-07-01,Exact-code point outside candidate current polygon; no transfer inferred.
gb:SEN:ADM2:50182788B60047071387499,Kebemer,SN0801,282933,Khamnane,"[-15.9330048, 14.9760581]",Kebemer,SN0801,Mbacké[SN0203],2021-07-01,Exact-code point outside candidate current polygon; no transfer inferred.
gb:SEN:ADM2:50182788B60047071387499,Kebemer,SN0801,283298,Nguilo Peulh,"[-15.8368511, 14.9988875]",Kebemer,SN0801,Mbacké[SN0203],2021-07-01,Exact-code point outside candidate current polygon; no transfer inferred.
gb:SEN:ADM2:50182788B60047071387499,Kebemer,SN0801,285926,Mbouki,"[-16.5990597, 15.1596846]",Kebemer,SN0801,Tivaouane[SN1303],2021-07-01,Exact-code point outside candidate current polygon; no transfer inferred.
gb:SEN:ADM2:50182788B60047071387499,Kebemer,SN0801,286318,Kelle,"[-16.5789543, 15.1840032]",Kebemer,SN0801,Tivaouane[SN1303],2021-07-01,Exact-code point outside candidate current polygon; no transfer inferred.
gb:SEN:ADM2:50182788B60047071387499,Kebemer,SN0801,286863,Mbere (Mbere Diagne),"[-16.553407, 15.2245996]",Kebemer,SN0801,Tivaouane[SN1303],2021-07-01,Exact-code point outside candidate current polygon; no transfer inferred.
gb:SEN:ADM2:50182788B60047071387499,Kebemer,SN0801,286908,H1 Keur Gallo Ba,"[-16.5518487, 15.2278912]",Kebemer,SN0801,Tivaouane[SN1303],2021-07-01,Exact-code point outside candidate current polygon; no transfer inferred.
gb:SEN:ADM2:50182788B60047071387499,Kebemer,SN0801,290548,Keur Goumba Fall,"[-16.3297226, 15.5531947]",Kebemer,SN0801,Louga[SN0803],2021-07-01,Exact-code point outside candidate current polygon; no transfer inferred.
gb:SEN:ADM2:50182788B60464160168835,Koumpentoum,SN1203,247518,Sare Ilo Sow,"[-14.2524865, 13.7357403]",Koumpentoum,SN1203,Tambacounda[SN1204],2021-07-01,Exact-code point outside candidate current polygon; no transfer inferred.
gb:SEN:ADM2:50182788B62483410284412,Tivaoune,SN1303,280690,H1 Colobane Kaw,"[-16.9598628, 14.8592892]",Tivaouane,SN1303,Thiès[SN1302],2021-07-01,Exact-code point outside candidate current polygon; no transfer inferred.
gb:SEN:ADM2:50182788B62483410284412,Tivaoune,SN1303,280892,Thiaoune Serere,"[-16.8855083, 14.8680542]",Tivaouane,SN1303,Thiès[SN1302],2021-07-01,Exact-code point outside candidate current polygon; no transfer inferred.
gb:SEN:ADM2:50182788B62483410284412,Tivaoune,SN1303,281047,Cherif Pinkou,"[-16.7561021, 14.8786517]",Tivaouane,SN1303,Thiès[SN1302],2021-07-01,Exact-code point outside candidate current polygon; no transfer inferred.
gb:SEN:ADM2:50182788B62483410284412,Tivaoune,SN1303,281068,H1 Yadou,"[-16.7814569, 14.880336]",Tivaouane,SN1303,Thiès[SN1302],2021-07-01,Exact-code point outside candidate current polygon; no transfer inferred.
gb:SEN:ADM2:50182788B62483410284412,Tivaoune,SN1303,281325,Keur Issakha,"[-16.733827, 14.8936882]",Tivaouane,SN1303,Thiès[SN1302],2021-07-01,Exact-code point outside candidate current polygon; no transfer inferred.
gb:SEN:ADM2:50182788B62483410284412,Tivaoune,SN1303,283729,Coky Diop,"[-16.4270741, 15.0251493]",Tivaouane,SN1303,Bambey[SN0201],2021-07-01,Exact-code point outside candidate current polygon; no transfer inferred.
gb:SEN:ADM2:50182788B62483410284412,Tivaoune,SN1303,287480,H1 Kilimane Peulh,"[-16.3016577, 15.2703187]",Tivaouane,SN1303,Kébémer[SN0801],2021-07-01,Exact-code point outside candidate current polygon; no transfer inferred.
gb:SEN:ADM2:50182788B62483410284412,Tivaoune,SN1303,288157,Ndatte Diama (Ndatte Ndiaye),"[-16.3675089, 15.3251171]",Tivaouane,SN1303,Kébémer[SN0801],2021-07-01,Exact-code point outside candidate current polygon; no transfer inferred.
gb:SEN:ADM2:50182788B63857747785645,Mbacke,SN0203,271442,H3 Dara Lagane Mbacke,"[-15.9764692, 14.5278763]",Mbacke,SN0203,Gossas[SN0303],2021-07-01,Exact-code point outside candidate current polygon; no transfer inferred.
gb:SEN:ADM2:50182788B63857747785645,Mbacke,SN0203,273836,H3 Kodjolel,"[-15.7961862, 14.6268855]",Mbacke,SN0203,Gossas[SN0303],2021-07-01,Exact-code point outside candidate current polygon; no transfer inferred.
gb:SEN:ADM2:50182788B63857747785645,Mbacke,SN0203,275449,Ngayes (Ngayes Keur S Fallou),"[-15.6771021, 14.6925105]",Mbacke,SN0203,Gossas[SN0303],2021-07-01,Exact-code point outside candidate current polygon; no transfer inferred.
gb:SEN:ADM2:50182788B63857747785645,Mbacke,SN0203,282965,H2 Dogade,"[-15.8071054, 14.9785634]",Mbacke,SN0203,Linguère[SN0802],2021-07-01,Exact-code point outside candidate current polygon; no transfer inferred.
gb:SEN:ADM2:50182788B65872214095625,Thies,SN1302,274312,Sessene Diack,"[-16.7446798, 14.645556]",Thies,SN1302,Mbour[SN1301],2021-07-01,Exact-code point outside candidate current polygon; no transfer inferred.
gb:SEN:ADM2:50182788B65872214095625,Thies,SN1302,280966,Kaniak Ndiawdoune,"[-17.1622602, 14.8730229]",Thies,SN1302,Rufisque[SN0104],2021-07-01,Exact-code point outside candidate current polygon; no transfer inferred.
gb:SEN:ADM2:50182788B66510054428140,Podor,SN1002,291848,Thiam Thille,"[-14.159193, 15.6773064]",Podor,SN1002,Matam[SN0902],2021-07-01,Exact-code point outside candidate current polygon; no transfer inferred.
gb:SEN:ADM2:50182788B66510054428140,Podor,SN1002,295306,Vending,"[-13.847994, 16.111167]",Podor,SN1002,outside all current COD-AB polygons,2021-07-01,Exact-code point outside candidate current polygon; no transfer inferred.
gb:SEN:ADM2:50182788B66510054428140,Podor,SN1002,295307,Vending,"[-13.847994, 16.111167]",Podor,SN1002,outside all current COD-AB polygons,2021-07-01,Exact-code point outside candidate current polygon; no transfer inferred.
gb:SEN:ADM2:50182788B66510054428140,Podor,SN1002,296014,Tetiane,"[-13.967822, 16.224299]",Podor,SN1002,outside all current COD-AB polygons,2021-07-01,Exact-code point outside candidate current polygon; no transfer inferred.
gb:SEN:ADM2:50182788B66510054428140,Podor,SN1002,296015,Tetiane,"[-13.967822, 16.224299]",Podor,SN1002,outside all current COD-AB polygons,2021-07-01,Exact-code point outside candidate current polygon; no transfer inferred.
gb:SEN:ADM2:50182788B66510054428140,Podor,SN1002,296232,Diamel Vidim,"[-13.949568, 16.264385]",Podor,SN1002,outside all current COD-AB polygons,2021-07-01,Exact-code point outside candidate current polygon; no transfer inferred.
gb:SEN:ADM2:50182788B66510054428140,Podor,SN1002,296233,Diamel Vidim,"[-13.949568, 16.264385]",Podor,SN1002,outside all current COD-AB polygons,2021-07-01,Exact-code point outside candidate current polygon; no transfer inferred.
gb:SEN:ADM2:50182788B66510054428140,Podor,SN1002,297495,Modi Arafa,"[-14.159344, 16.485702]",Podor,SN1002,outside all current COD-AB polygons,2021-07-01,Exact-code point outside candidate current polygon; no transfer inferred.
gb:SEN:ADM2:50182788B66510054428140,Podor,SN1002,297496,Modi Arafa,"[-14.159344, 16.485702]",Podor,SN1002,outside all current COD-AB polygons,2021-07-01,Exact-code point outside candidate current polygon; no transfer inferred.
gb:SEN:ADM2:50182788B66510054428140,Podor,SN1002,298084,Gourel Salde,"[-15.25, 16.566667]",Podor,SN1002,outside all current COD-AB polygons,2021-07-01,Exact-code point outside candidate current polygon; no transfer inferred.
gb:SEN:ADM2:50182788B66510054428140,Podor,SN1002,298085,Gourel Salde,"[-15.25, 16.566667]",Podor,SN1002,outside all current COD-AB polygons,2021-07-01,Exact-code point outside candidate current polygon; no transfer inferred.
gb:SEN:ADM2:50182788B66510054428140,Podor,SN1002,298169,Boghe,"[-14.270581, 16.580324]",Podor,SN1002,outside all current COD-AB polygons,2021-07-01,Exact-code point outside candidate current polygon; no transfer inferred.
gb:SEN:ADM2:50182788B66510054428140,Podor,SN1002,298170,Bogue Dow,"[-14.270581, 16.580324]",Podor,SN1002,outside all current COD-AB polygons,2021-07-01,Exact-code point outside candidate current polygon; no transfer inferred.
gb:SEN:ADM2:50182788B66510054428140,Podor,SN1002,298171,Boghe,"[-14.270581, 16.580324]",Podor,SN1002,outside all current COD-AB polygons,2021-07-01,Exact-code point outside candidate current polygon; no transfer inferred.
gb:SEN:ADM2:50182788B66510054428140,Podor,SN1002,298172,Bogue Dow,"[-14.270581, 16.580324]",Podor,SN1002,outside all current COD-AB polygons,2021-07-01,Exact-code point outside candidate current polygon; no transfer inferred.
gb:SEN:ADM2:50182788B66510054428140,Podor,SN1002,298209,Dioldi,"[-15.116667, 16.583333]",Podor,SN1002,outside all current COD-AB polygons,2021-07-01,Exact-code point outside candidate current polygon; no transfer inferred.
gb:SEN:ADM2:50182788B66510054428140,Podor,SN1002,298210,Dioldi,"[-15.116667, 16.583333]",Podor,SN1002,outside all current COD-AB polygons,2021-07-01,Exact-code point outside candidate current polygon; no transfer inferred.
gb:SEN:ADM2:50182788B66510054428140,Podor,SN1002,298457,"Olo Ologo, Foret Classee D'","[-14.560476, 16.622501]",Podor,SN1002,outside all current COD-AB polygons,2021-07-01,Exact-code point outside candidate current polygon; no transfer inferred.
gb:SEN:ADM2:50182788B66510054428140,Podor,SN1002,298458,"Olo Ologo, Foret Classee D'","[-14.560476, 16.622501]",Podor,SN1002,outside all current COD-AB polygons,2021-07-01,Exact-code point outside candidate current polygon; no transfer inferred.
gb:SEN:ADM2:50182788B66510054428140,Podor,SN1002,298517,"Baouadji, Foret Classee De","[-15.116667, 16.633333]",Podor,SN1002,outside all current COD-AB polygons,2021-07-01,Exact-code point outside candidate current polygon; no transfer inferred.
gb:SEN:ADM2:50182788B66510054428140,Podor,SN1002,298518,"Baouadji, Foret Classee De","[-15.116667, 16.633333]",Podor,SN1002,outside all current COD-AB polygons,2021-07-01,Exact-code point outside candidate current polygon; no transfer inferred.
gb:SEN:ADM2:50182788B66510054428140,Podor,SN1002,298529,Areo,"[-14.532417, 16.63402]",Podor,SN1002,outside all current COD-AB polygons,2021-07-01,Exact-code point outside candidate current polygon; no transfer inferred.
gb:SEN:ADM2:50182788B66510054428140,Podor,SN1002,298530,Areo,"[-14.532417, 16.63402]",Podor,SN1002,outside all current COD-AB polygons,2021-07-01,Exact-code point outside candidate current polygon; no transfer inferred.
gb:SEN:ADM2:50182788B66510054428140,Podor,SN1002,298582,"Tessem, Foret Classee De","[-14.859393, 16.643245]",Podor,SN1002,outside all current COD-AB polygons,2021-07-01,Exact-code point outside candidate current polygon; no transfer inferred.
gb:SEN:ADM2:50182788B66510054428140,Podor,SN1002,298583,"Tessem, Foret Classee De","[-14.859393, 16.643245]",Podor,SN1002,outside all current COD-AB polygons,2021-07-01,Exact-code point outside candidate current polygon; no transfer inferred.
gb:SEN:ADM2:50182788B71056203552440,Medina Yoroufoula,SN0702,219336,Sare Boido,"[-14.9059412, 12.9231675]",Medina Yoro Foulah,SN0702,Kolda[SN0701],2021-07-01,Exact-code point outside candidate current polygon; no transfer inferred.
gb:SEN:ADM2:50182788B71056203552440,Medina Yoroufoula,SN0702,222907,Sinthiang Gagna,"[-15.2263699, 13.0499187]",Medina Yoro Foulah,SN0702,Bounkiling[SN1101],2021-07-01,Exact-code point outside candidate current polygon; no transfer inferred.
gb:SEN:ADM2:50182788B72122084264725,Kanel,SN0901,275020,Gourel Amadou Tidiane Ba,"[-13.5429058, 14.6756277]",Kanel,SN0901,Ranérou[SN0903],2021-07-01,Exact-code point outside candidate current polygon; no transfer inferred.
gb:SEN:ADM2:50182788B72122084264725,Kanel,SN0901,281506,H1 Mbomoyabe,"[-12.5918324, 14.9021483]",Kanel,SN0901,Bakel[SN1201],2021-07-01,Exact-code point outside candidate current polygon; no transfer inferred.
gb:SEN:ADM2:50182788B72122084264725,Kanel,SN0901,281725,Namandy,"[-12.594635, 14.9149704]",Kanel,SN0901,Bakel[SN1201],2021-07-01,Exact-code point outside candidate current polygon; no transfer inferred.
gb:SEN:ADM2:50182788B72122084264725,Kanel,SN0901,281917,Saboucire Foulbe,"[-12.598437, 14.9248217]",Kanel,SN0901,Bakel[SN1201],2021-07-01,Exact-code point outside candidate current polygon; no transfer inferred.
gb:SEN:ADM2:50182788B72122084264725,Kanel,SN0901,282099,H1 Sabou Sire Soninke,"[-12.6015461, 14.9335092]",Kanel,SN0901,Bakel[SN1201],2021-07-01,Exact-code point outside candidate current polygon; no transfer inferred.
gb:SEN:ADM2:50182788B72122084264725,Kanel,SN0901,282208,Wouro Amadou Awelba Fete,"[-13.4850398, 14.9392483]",Kanel,SN0901,Ranérou[SN0903],2021-07-01,Exact-code point outside candidate current polygon; no transfer inferred.
gb:SEN:ADM2:50182788B72122084264725,Kanel,SN0901,282321,Fete Bowe Mbaila,"[-13.4847455, 14.9454287]",Kanel,SN0901,Ranérou[SN0903],2021-07-01,Exact-code point outside candidate current polygon; no transfer inferred.
gb:SEN:ADM2:50182788B72122084264725,Kanel,SN0901,282613,Ndiari Ndiofa,"[-13.5102838, 14.9601307]",Kanel,SN0901,Ranérou[SN0903],2021-07-01,Exact-code point outside candidate current polygon; no transfer inferred.
gb:SEN:ADM2:50182788B72122084264725,Kanel,SN0901,283757,Deybatou,"[-12.6446737, 15.0274476]",Kanel,SN0901,Bakel[SN1201],2021-07-01,Exact-code point outside candidate current polygon; no transfer inferred.
gb:SEN:ADM2:50182788B72122084264725,Kanel,SN0901,283820,Lewel Bali,"[-12.6474502, 15.0311083]",Kanel,SN0901,Bakel[SN1201],2021-07-01,Exact-code point outside candidate current polygon; no transfer inferred.
gb:SEN:ADM2:50182788B74600736318601,Tambacounda,SN1204,212111,H2 Back Back Koniagui,"[-13.1207051, 12.6517778]",Tambacounda,SN1204,Salémata[SN0602],2021-07-01,Exact-code point outside candidate current polygon; no transfer inferred.
gb:SEN:ADM2:50182788B74600736318601,Tambacounda,SN1204,212652,H3 Back Back Peulh,"[-13.1180435, 12.6695468]",Tambacounda,SN1204,Salémata[SN0602],2021-07-01,Exact-code point outside candidate current polygon; no transfer inferred.
gb:SEN:ADM2:50182788B74600736318601,Tambacounda,SN1204,239363,Kouryanty,"[-13.7991731, 13.5188869]",Tambacounda,SN1204,Vélingara[SN0703],2021-07-01,Exact-code point outside candidate current polygon; no transfer inferred.
gb:SEN:ADM2:50182788B74600736318601,Tambacounda,SN1204,251857,Diyabougou Sakho,"[-13.5509647, 13.8608813]",Tambacounda,SN1204,Goudiry[SN1202],2021-07-01,Exact-code point outside candidate current polygon; no transfer inferred.
gb:SEN:ADM2:50182788B74600736318601,Tambacounda,SN1204,253089,Diarra (Sinthiougrou),"[-13.4918128, 13.8974946]",Tambacounda,SN1204,Goudiry[SN1202],2021-07-01,Exact-code point outside candidate current polygon; no transfer inferred.
gb:SEN:ADM2:50182788B74600736318601,Tambacounda,SN1204,260703,Sinthiou Mamadou Niakourou,"[-13.6364825, 14.1385306]",Tambacounda,SN1204,Goudiry[SN1202],2021-07-01,Exact-code point outside candidate current polygon; no transfer inferred.
gb:SEN:ADM2:50182788B74600736318601,Tambacounda,SN1204,261118,H1 Darou Nema,"[-13.6280397, 14.1515357]",Tambacounda,SN1204,Goudiry[SN1202],2021-07-01,Exact-code point outside candidate current polygon; no transfer inferred.
gb:SEN:ADM2:50182788B74600736318601,Tambacounda,SN1204,261756,H1 Ouro Inde,"[-13.968616, 14.1760043]",Tambacounda,SN1204,Koumpentoum[SN1203],2021-07-01,Exact-code point outside candidate current polygon; no transfer inferred.
gb:SEN:ADM2:50182788B74600736318601,Tambacounda,SN1204,261764,H2 Gourel Inde,"[-13.9686603, 14.1764384]",Tambacounda,SN1204,Koumpentoum[SN1203],2021-07-01,Exact-code point outside candidate current polygon; no transfer inferred.
gb:SEN:ADM2:50182788B74600736318601,Tambacounda,SN1204,262008,Sinthiou Barinabe (Barinabe Tombomg),"[-13.5942028, 14.1840718]",Tambacounda,SN1204,Goudiry[SN1202],2021-07-01,Exact-code point outside candidate current polygon; no transfer inferred.
gb:SEN:ADM2:50182788B74600736318601,Tambacounda,SN1204,263232,Sinthiou Bocar Ali,"[-13.5700406, 14.2311595]",Tambacounda,SN1204,Goudiry[SN1202],2021-07-01,Exact-code point outside candidate current polygon; no transfer inferred.
gb:SEN:ADM2:50182788B74600736318601,Tambacounda,SN1204,263858,Sinthiou Samba Yabe,"[-13.902376, 14.2508085]",Tambacounda,SN1204,Koumpentoum[SN1203],2021-07-01,Exact-code point outside candidate current polygon; no transfer inferred.
gb:SEN:ADM2:50182788B74600736318601,Tambacounda,SN1204,264123,H1 Gourel Samba Sadio,"[-13.5368942, 14.261222]",Tambacounda,SN1204,Goudiry[SN1202],2021-07-01,Exact-code point outside candidate current polygon; no transfer inferred.
gb:SEN:ADM2:50182788B74600736318601,Tambacounda,SN1204,264337,Dourounabe,"[-13.5309276, 14.2680822]",Tambacounda,SN1204,Goudiry[SN1202],2021-07-01,Exact-code point outside candidate current polygon; no transfer inferred.
gb:SEN:ADM2:50182788B74600736318601,Tambacounda,SN1204,264973,Sinthiou Sire Kane (Kahip) (Kaiponguel),"[-13.8716602, 14.2916718]",Tambacounda,SN1204,Koumpentoum[SN1203],2021-07-01,Exact-code point outside candidate current polygon; no transfer inferred.
gb:SEN:ADM2:50182788B75300917140294,Bambey,SN0201,273302,H1 Mbellouguithe,"[-16.3749862, 14.6014733]",Bambey,SN0201,Fatick[SN0301],2021-07-01,Exact-code point outside candidate current polygon; no transfer inferred.
gb:SEN:ADM2:50182788B75300917140294,Bambey,SN0201,273307,Barry Ndondol,"[-16.4998235, 14.6017438]",Bambey,SN0201,Fatick[SN0301],2021-07-01,Exact-code point outside candidate current polygon; no transfer inferred.
gb:SEN:ADM2:50182788B75300917140294,Bambey,SN0201,273352,Bakapom,"[-16.564892, 14.6034857]",Bambey,SN0201,Mbour[SN1301],2021-07-01,Exact-code point outside candidate current polygon; no transfer inferred.
gb:SEN:ADM2:50182788B75300917140294,Bambey,SN0201,273378,H2 Ndiokh,"[-16.5096844, 14.6049703]",Bambey,SN0201,Fatick[SN0301],2021-07-01,Exact-code point outside candidate current polygon; no transfer inferred.
gb:SEN:ADM2:50182788B75300917140294,Bambey,SN0201,275034,Domb Ii,"[-16.3319388, 14.6760628]",Bambey,SN0201,Diourbel[SN0202],2021-07-01,Exact-code point outside candidate current polygon; no transfer inferred.
gb:SEN:ADM2:50182788B75300917140294,Bambey,SN0201,275301,H2 Ndioufene,"[-16.3134681, 14.6866988]",Bambey,SN0201,Diourbel[SN0202],2021-07-01,Exact-code point outside candidate current polygon; no transfer inferred.
gb:SEN:ADM2:50182788B75300917140294,Bambey,SN0201,275752,H5 Diadji De Dappa,"[-16.290561, 14.7028453]",Bambey,SN0201,Diourbel[SN0202],2021-07-01,Exact-code point outside candidate current polygon; no transfer inferred.
gb:SEN:ADM2:50182788B77977720497228,Kolda,SN0701,212910,Medina Samba Kanfodiang (Sara Tening),"[-14.9008634, 12.6827617]",Kolda,SN0701,outside all current COD-AB polygons,2021-07-01,Exact-code point outside candidate current polygon; no transfer inferred.
gb:SEN:ADM2:50182788B77977720497228,Kolda,SN0701,212928,Sincha Fajonquito,"[-14.9666689, 12.6833297]",Kolda,SN0701,outside all current COD-AB polygons,2021-07-01,Exact-code point outside candidate current polygon; no transfer inferred.
gb:SEN:ADM2:50182788B77977720497228,Kolda,SN0701,212960,Sare Anambe,"[-15.0, 12.6833318]",Kolda,SN0701,outside all current COD-AB polygons,2021-07-01,Exact-code point outside candidate current polygon; no transfer inferred.
gb:SEN:ADM2:50182788B77977720497228,Kolda,SN0701,213020,Sare Jomel,"[-14.9499987, 12.6833361]",Kolda,SN0701,outside all current COD-AB polygons,2021-07-01,Exact-code point outside candidate current polygon; no transfer inferred.
gb:SEN:ADM2:50182788B77977720497228,Kolda,SN0701,213021,Tendinto,"[-14.9499987, 12.6833361]",Kolda,SN0701,outside all current COD-AB polygons,2021-07-01,Exact-code point outside candidate current polygon; no transfer inferred.
gb:SEN:ADM2:50182788B77977720497228,Kolda,SN0701,213149,Diary Diofa Tening,"[-15.1226989, 12.689308]",Kolda,SN0701,Goudomp[SN1102],2021-07-01,Exact-code point outside candidate current polygon; no transfer inferred.
gb:SEN:ADM2:50182788B77977720497228,Kolda,SN0701,221600,Sare Maly Diamanka (Sare Badiou),"[-14.934987, 13.0036928]",Kolda,SN0701,Médina-Yorofoula[SN0702],2021-07-01,Exact-code point outside candidate current polygon; no transfer inferred.
gb:SEN:ADM2:50182788B85341589150678,Foundiougne,SN0302,242112,Darsilam,"[-16.422778, 13.588333]",Foundiougne,SN0302,outside all current COD-AB polygons,2021-07-01,Exact-code point outside candidate current polygon; no transfer inferred.
gb:SEN:ADM2:50182788B85341589150678,Foundiougne,SN0302,242113,Amdallai,"[-16.422778, 13.588333]",Foundiougne,SN0302,outside all current COD-AB polygons,2021-07-01,Exact-code point outside candidate current polygon; no transfer inferred.
gb:SEN:ADM2:50182788B85341589150678,Foundiougne,SN0302,242960,Darou Salam Mouride,"[-16.1221724, 13.6115578]",Foundiougne,SN0302,Nioro du Rip[SN0503],2021-07-01,Exact-code point outside candidate current polygon; no transfer inferred.
gb:SEN:ADM2:50182788B85341589150678,Foundiougne,SN0302,243122,Affe Keur Amady,"[-16.136567, 13.6160761]",Foundiougne,SN0302,Nioro du Rip[SN0503],2021-07-01,Exact-code point outside candidate current polygon; no transfer inferred.
gb:SEN:ADM2:50182788B85341589150678,Foundiougne,SN0302,247779,Ndiaye Counda,"[-16.1743363, 13.7450357]",Foundiougne,SN0302,Nioro du Rip[SN0503],2021-07-01,Exact-code point outside candidate current polygon; no transfer inferred.
gb:SEN:ADM2:50182788B85341589150678,Foundiougne,SN0302,249326,Kere  (Kere Oualo),"[-16.2288862, 13.7866176]",Foundiougne,SN0302,Nioro du Rip[SN0503],2021-07-01,Exact-code point outside candidate current polygon; no transfer inferred.
gb:SEN:ADM2:50182788B85341589150678,Foundiougne,SN0302,252943,Keur Serigne Ndar,"[-16.1972867, 13.8928258]",Foundiougne,SN0302,Kaolack[SN0502],2021-07-01,Exact-code point outside candidate current polygon; no transfer inferred.
gb:SEN:ADM2:50182788B85341589150678,Foundiougne,SN0302,253008,Medina Malle,"[-16.197528, 13.8947683]",Foundiougne,SN0302,Kaolack[SN0502],2021-07-01,Exact-code point outside candidate current polygon; no transfer inferred.
gb:SEN:ADM2:50182788B85341589150678,Foundiougne,SN0302,255370,Kebe Mboudaye,"[-16.2053017, 13.9662115]",Foundiougne,SN0302,Kaolack[SN0502],2021-07-01,Exact-code point outside candidate current polygon; no transfer inferred.
gb:SEN:ADM2:50182788B85341589150678,Foundiougne,SN0302,256544,Santhie Passy (Passy Ngattam),"[-16.2664665, 14.001021]",Foundiougne,SN0302,Kaolack[SN0502],2021-07-01,Exact-code point outside candidate current polygon; no transfer inferred.
gb:SEN:ADM2:50182788B85341589150678,Foundiougne,SN0302,256564,Keur Samba Diawo (Santhie El Hadji Samba Sakho),"[-16.2545, 14.0018065]",Foundiougne,SN0302,Kaolack[SN0502],2021-07-01,Exact-code point outside candidate current polygon; no transfer inferred.
gb:SEN:ADM2:50182788B85341589150678,Foundiougne,SN0302,256792,Keur Moumine,"[-16.2731598, 14.0093751]",Foundiougne,SN0302,Kaolack[SN0502],2021-07-01,Exact-code point outside candidate current polygon; no transfer inferred.
gb:SEN:ADM2:50182788B8601261498481,Pikine,SN0103,277169,Hlm Hann Mariste,"[-17.4244055, 14.7418713]",Pikine,SN0103,Dakar[SN0101],2021-07-01,Exact-code point outside candidate current polygon; no transfer inferred.
gb:SEN:ADM2:50182788B8601261498481,Pikine,SN0103,277330,Cite Faysall,"[-17.4222003, 14.7464568]",Pikine,SN0103,Guédiawaye[SN0102],2021-07-01,Exact-code point outside candidate current polygon; no transfer inferred.
gb:SEN:ADM2:50182788B8601261498481,Pikine,SN0103,277729,Ucad Iv,"[-17.2973012, 14.7550502]",Pikine,SN0103,Keur Massar[SN0105],2021-07-01,Exact-code point outside candidate current polygon; no transfer inferred.
gb:SEN:ADM2:50182788B8601261498481,Pikine,SN0103,277809,Ucad I & Ii,"[-17.3038854, 14.7569543]",Pikine,SN0103,Keur Massar[SN0105],2021-07-01,Exact-code point outside candidate current polygon; no transfer inferred.
gb:SEN:ADM2:50182788B8601261498481,Pikine,SN0103,277843,Conachap,"[-17.2989098, 14.7579344]",Pikine,SN0103,Keur Massar[SN0105],2021-07-01,Exact-code point outside candidate current polygon; no transfer inferred.
gb:SEN:ADM2:50182788B8601261498481,Pikine,SN0103,277915,Darou Salam I,"[-17.3082424, 14.7598291]",Pikine,SN0103,Keur Massar[SN0105],2021-07-01,Exact-code point outside candidate current polygon; no transfer inferred.
gb:SEN:ADM2:50182788B8601261498481,Pikine,SN0103,277950,Cite Camile Basse,"[-17.3033105, 14.7605469]",Pikine,SN0103,Keur Massar[SN0105],2021-07-01,Exact-code point outside candidate current polygon; no transfer inferred.
gb:SEN:ADM2:50182788B8601261498481,Pikine,SN0103,277954,Parcelles Assainies Unite 4,"[-17.2975457, 14.7606585]",Pikine,SN0103,Keur Massar[SN0105],2021-07-01,Exact-code point outside candidate current polygon; no transfer inferred.
gb:SEN:ADM2:50182788B8601261498481,Pikine,SN0103,278073,Rass Mission,"[-17.4150536, 14.7634259]",Pikine,SN0103,Guédiawaye[SN0102],2021-07-01,Exact-code point outside candidate current polygon; no transfer inferred.
gb:SEN:ADM2:50182788B8601261498481,Pikine,SN0103,278089,Kangue Ii,"[-17.3090739, 14.7638323]",Pikine,SN0103,Keur Massar[SN0105],2021-07-01,Exact-code point outside candidate current polygon; no transfer inferred.
gb:SEN:ADM2:50182788B8601261498481,Pikine,SN0103,278092,Medina Thiaroye Kaw,"[-17.3698987, 14.7638575]",Pikine,SN0103,Keur Massar[SN0105],2021-07-01,Exact-code point outside candidate current polygon; no transfer inferred.
gb:SEN:ADM2:50182788B8601261498481,Pikine,SN0103,278094,Afia,"[-17.3448306, 14.7639057]",Pikine,SN0103,Keur Massar[SN0105],2021-07-01,Exact-code point outside candidate current polygon; no transfer inferred.
gb:SEN:ADM2:50182788B8601261498481,Pikine,SN0103,278100,Darou Salam Ii,"[-17.3378593, 14.7640486]",Pikine,SN0103,Keur Massar[SN0105],2021-07-01,Exact-code point outside candidate current polygon; no transfer inferred.
gb:SEN:ADM2:50182788B8601261498481,Pikine,SN0103,278101,Boune Iii,"[-17.343718, 14.7640525]",Pikine,SN0103,Keur Massar[SN0105],2021-07-01,Exact-code point outside candidate current polygon; no transfer inferred.
gb:SEN:ADM2:50182788B8601261498481,Pikine,SN0103,278102,Parcelles Assainies Unite 3,"[-17.2992065, 14.7640753]",Pikine,SN0103,Keur Massar[SN0105],2021-07-01,Exact-code point outside candidate current polygon; no transfer inferred.
gb:SEN:ADM2:50182788B8601261498481,Pikine,SN0103,278106,Medina Thiaroye Kao I,"[-17.3669495, 14.7641588]",Pikine,SN0103,Keur Massar[SN0105],2021-07-01,Exact-code point outside candidate current polygon; no transfer inferred.
gb:SEN:ADM2:50182788B8601261498481,Pikine,SN0103,278123,Demba Dioum,"[-17.3618189, 14.7645095]",Pikine,SN0103,Keur Massar[SN0105],2021-07-01,Exact-code point outside candidate current polygon; no transfer inferred.
gb:SEN:ADM2:50182788B8601261498481,Pikine,SN0103,278126,Boune I,"[-17.3407712, 14.7645883]",Pikine,SN0103,Keur Massar[SN0105],2021-07-01,Exact-code point outside candidate current polygon; no transfer inferred.
gb:SEN:ADM2:50182788B8601261498481,Pikine,SN0103,278128,Ndiaga Fall,"[-17.3602415, 14.764607]",Pikine,SN0103,Keur Massar[SN0105],2021-07-01,Exact-code point outside candidate current polygon; no transfer inferred.
gb:SEN:ADM2:50182788B8601261498481,Pikine,SN0103,278141,Sam Sam Iii,"[-17.3586657, 14.7648489]",Pikine,SN0103,Keur Massar[SN0105],2021-07-01,Exact-code point outside candidate current polygon; no transfer inferred.
gb:SEN:ADM2:50182788B8601261498481,Pikine,SN0103,278146,Darou Salam I,"[-17.336143, 14.7650508]",Pikine,SN0103,Keur Massar[SN0105],2021-07-01,Exact-code point outside candidate current polygon; no transfer inferred.
gb:SEN:ADM2:50182788B8601261498481,Pikine,SN0103,278151,Medina Yeumbeul Ii A,"[-17.3567651, 14.7651032]",Pikine,SN0103,Keur Massar[SN0105],2021-07-01,Exact-code point outside candidate current polygon; no transfer inferred.
gb:SEN:ADM2:50182788B8601261498481,Pikine,SN0103,278152,Parcelles Assainies Unite I2,"[-17.3026904, 14.7651429]",Pikine,SN0103,Keur Massar[SN0105],2021-07-01,Exact-code point outside candidate current polygon; no transfer inferred.
gb:SEN:ADM2:50182788B8601261498481,Pikine,SN0103,278159,Medina Salam,"[-17.3531558, 14.7653298]",Pikine,SN0103,Keur Massar[SN0105],2021-07-01,Exact-code point outside candidate current polygon; no transfer inferred.
gb:SEN:ADM2:50182788B8601261498481,Pikine,SN0103,278160,Afia Iv A,"[-17.3492656, 14.7653423]",Pikine,SN0103,Keur Massar[SN0105],2021-07-01,Exact-code point outside candidate current polygon; no transfer inferred.
gb:SEN:ADM2:50182788B8601261498481,Pikine,SN0103,278162,Medina Yeumbeul Ii,"[-17.3547822, 14.7654758]",Pikine,SN0103,Keur Massar[SN0105],2021-07-01,Exact-code point outside candidate current polygon; no transfer inferred.
gb:SEN:ADM2:50182788B8601261498481,Pikine,SN0103,278169,Akhloulaye,"[-17.3703179, 14.7656963]",Pikine,SN0103,Keur Massar[SN0105],2021-07-01,Exact-code point outside candidate current polygon; no transfer inferred.
gb:SEN:ADM2:50182788B8601261498481,Pikine,SN0103,278173,Thiaroye Kao,"[-17.3587311, 14.7657427]",Pikine,SN0103,Keur Massar[SN0105],2021-07-01,Exact-code point outside candidate current polygon; no transfer inferred.
gb:SEN:ADM2:50182788B8601261498481,Pikine,SN0103,278176,Daouda Diouf,"[-17.3615177, 14.7658497]",Pikine,SN0103,Keur Massar[SN0105],2021-07-01,Exact-code point outside candidate current polygon; no transfer inferred.
gb:SEN:ADM2:50182788B8601261498481,Pikine,SN0103,278179,Medina Thiaroye Kao Ii,"[-17.3637094, 14.7658996]",Pikine,SN0103,Keur Massar[SN0105],2021-07-01,Exact-code point outside candidate current polygon; no transfer inferred.
gb:SEN:ADM2:50182788B8601261498481,Pikine,SN0103,278181,Afia Iv B,"[-17.347387, 14.7659215]",Pikine,SN0103,Keur Massar[SN0105],2021-07-01,Exact-code point outside candidate current polygon; no transfer inferred.
gb:SEN:ADM2:50182788B8601261498481,Pikine,SN0103,278190,Parcelles Assainies,"[-17.3058013, 14.7660695]",Pikine,SN0103,Keur Massar[SN0105],2021-07-01,Exact-code point outside candidate current polygon; no transfer inferred.
gb:SEN:ADM2:50182788B8601261498481,Pikine,SN0103,278198,Abdou Aziz Sy Dabakh,"[-17.2999076, 14.7662909]",Pikine,SN0103,Keur Massar[SN0105],2021-07-01,Exact-code point outside candidate current polygon; no transfer inferred.
gb:SEN:ADM2:50182788B8601261498481,Pikine,SN0103,278207,Touba Yeumbeul,"[-17.3517941, 14.7664911]",Pikine,SN0103,Keur Massar[SN0105],2021-07-01,Exact-code point outside candidate current polygon; no transfer inferred.
gb:SEN:ADM2:50182788B8601261498481,Pikine,SN0103,278215,Abou Bass,"[-17.3575144, 14.7665682]",Pikine,SN0103,Keur Massar[SN0105],2021-07-01,Exact-code point outside candidate current polygon; no transfer inferred.
gb:SEN:ADM2:50182788B8601261498481,Pikine,SN0103,278248,Parcelles Assainies Unite 5,"[-17.2939793, 14.7667565]",Pikine,SN0103,Keur Massar[SN0105],2021-07-01,Exact-code point outside candidate current polygon; no transfer inferred.
gb:SEN:ADM2:50182788B8601261498481,Pikine,SN0103,278255,Seydou Nourou I,"[-17.35944, 14.7669009]",Pikine,SN0103,Keur Massar[SN0105],2021-07-01,Exact-code point outside candidate current polygon; no transfer inferred.
gb:SEN:ADM2:50182788B8601261498481,Pikine,SN0103,278257,Khaira,"[-17.3409452, 14.7669627]",Pikine,SN0103,Keur Massar[SN0105],2021-07-01,Exact-code point outside candidate current polygon; no transfer inferred.
gb:SEN:ADM2:50182788B8601261498481,Pikine,SN0103,278258,Cite Municipale,"[-17.3121808, 14.7670086]",Pikine,SN0103,Keur Massar[SN0105],2021-07-01,Exact-code point outside candidate current polygon; no transfer inferred.
gb:SEN:ADM2:50182788B8601261498481,Pikine,SN0103,278265,Thiaroye Kao Ii,"[-17.3647164, 14.7671541]",Pikine,SN0103,Keur Massar[SN0105],2021-07-01,Exact-code point outside candidate current polygon; no transfer inferred.
gb:SEN:ADM2:50182788B8601261498481,Pikine,SN0103,278267,Thieurigne I,"[-17.3611612, 14.7672266]",Pikine,SN0103,Keur Massar[SN0105],2021-07-01,Exact-code point outside candidate current polygon; no transfer inferred.
gb:SEN:ADM2:50182788B8601261498481,Pikine,SN0103,278271,Medinatoul Mounawara,"[-17.3463617, 14.7672781]",Pikine,SN0103,Keur Massar[SN0105],2021-07-01,Exact-code point outside candidate current polygon; no transfer inferred.
gb:SEN:ADM2:50182788B8601261498481,Pikine,SN0103,278273,Hlm Las Palmas Bloc N2,"[-17.4074928, 14.7673354]",Pikine,SN0103,Guédiawaye[SN0102],2021-07-01,Exact-code point outside candidate current polygon; no transfer inferred.
gb:SEN:ADM2:50182788B8601261498481,Pikine,SN0103,278274,Miname I,"[-17.3701873, 14.767351]",Pikine,SN0103,Keur Massar[SN0105],2021-07-01,Exact-code point outside candidate current polygon; no transfer inferred.
gb:SEN:ADM2:50182788B8601261498481,Pikine,SN0103,278284,Thiaroye Kao I,"[-17.3677938, 14.7675291]",Pikine,SN0103,Keur Massar[SN0105],2021-07-01,Exact-code point outside candidate current polygon; no transfer inferred.
gb:SEN:ADM2:50182788B8601261498481,Pikine,SN0103,278289,Khaira,"[-17.3437006, 14.7676214]",Pikine,SN0103,Keur Massar[SN0105],2021-07-01,Exact-code point outside candidate current polygon; no transfer inferred.
gb:SEN:ADM2:50182788B8601261498481,Pikine,SN0103,278301,Diokoul Keur El Hadji,"[-17.3037133, 14.7679335]",Pikine,SN0103,Keur Massar[SN0105],2021-07-01,Exact-code point outside candidate current polygon; no transfer inferred.
gb:SEN:ADM2:50182788B8601261498481,Pikine,SN0103,278307,Afia Nimzatt,"[-17.3490444, 14.7680821]",Pikine,SN0103,Keur Massar[SN0105],2021-07-01,Exact-code point outside candidate current polygon; no transfer inferred.
gb:SEN:ADM2:50182788B8601261498481,Pikine,SN0103,278311,Medinatoul Mounawara,"[-17.3343751, 14.7681676]",Pikine,SN0103,Keur Massar[SN0105],2021-07-01,Exact-code point outside candidate current polygon; no transfer inferred.
gb:SEN:ADM2:50182788B8601261498481,Pikine,SN0103,278312,Seydou Nourou Ii,"[-17.3587669, 14.7681998]",Pikine,SN0103,Keur Massar[SN0105],2021-07-01,Exact-code point outside candidate current polygon; no transfer inferred.
gb:SEN:ADM2:50182788B8601261498481,Pikine,SN0103,278321,Medinatoul Rassoul,"[-17.3377382, 14.7683504]",Pikine,SN0103,Keur Massar[SN0105],2021-07-01,Exact-code point outside candidate current polygon; no transfer inferred.
gb:SEN:ADM2:50182788B8601261498481,Pikine,SN0103,278322,Thiaroye Kao,"[-17.3666608, 14.7683629]",Pikine,SN0103,Keur Massar[SN0105],2021-07-01,Exact-code point outside candidate current polygon; no transfer inferred.
gb:SEN:ADM2:50182788B8601261498481,Pikine,SN0103,278323,Sant Yalla Ii,"[-17.2994004, 14.7683831]",Pikine,SN0103,Keur Massar[SN0105],2021-07-01,Exact-code point outside candidate current polygon; no transfer inferred.
gb:SEN:ADM2:50182788B8601261498481,Pikine,SN0103,278327,Yeumbeul Sud,"[-17.3603483, 14.7684727]",Pikine,SN0103,Keur Massar[SN0105],2021-07-01,Exact-code point outside candidate current polygon; no transfer inferred.
gb:SEN:ADM2:50182788B8601261498481,Pikine,SN0103,278343,Keur Baka,"[-17.3064257, 14.7689274]",Pikine,SN0103,Keur Massar[SN0105],2021-07-01,Exact-code point outside candidate current polygon; no transfer inferred.
gb:SEN:ADM2:50182788B8601261498481,Pikine,SN0103,278349,Afia Iv,"[-17.3518872, 14.7691011]",Pikine,SN0103,Keur Massar[SN0105],2021-07-01,Exact-code point outside candidate current polygon; no transfer inferred.
gb:SEN:ADM2:50182788B8601261498481,Pikine,SN0103,278353,Hafia Vi,"[-17.3467627, 14.7691714]",Pikine,SN0103,Keur Massar[SN0105],2021-07-01,Exact-code point outside candidate current polygon; no transfer inferred.
gb:SEN:ADM2:50182788B8601261498481,Pikine,SN0103,278356,Medina Kelle,"[-17.3153519, 14.7692265]",Pikine,SN0103,Keur Massar[SN0105],2021-07-01,Exact-code point outside candidate current polygon; no transfer inferred.
gb:SEN:ADM2:50182788B8601261498481,Pikine,SN0103,278360,Medina Yembeul,"[-17.3639874, 14.7692847]",Pikine,SN0103,Keur Massar[SN0105],2021-07-01,Exact-code point outside candidate current polygon; no transfer inferred.
gb:SEN:ADM2:50182788B8601261498481,Pikine,SN0103,278365,Afia Ii,"[-17.3557713, 14.7693778]",Pikine,SN0103,Keur Massar[SN0105],2021-07-01,Exact-code point outside candidate current polygon; no transfer inferred.
gb:SEN:ADM2:50182788B8601261498481,Pikine,SN0103,278367,Santhiaba,"[-17.3655398, 14.7694495]",Pikine,SN0103,Keur Massar[SN0105],2021-07-01,Exact-code point outside candidate current polygon; no transfer inferred.
gb:SEN:ADM2:50182788B8601261498481,Pikine,SN0103,278368,Alwar I B,"[-17.358698, 14.7695557]",Pikine,SN0103,Keur Massar[SN0105],2021-07-01,Exact-code point outside candidate current polygon; no transfer inferred.
gb:SEN:ADM2:50182788B8601261498481,Pikine,SN0103,278369,Afia Ii B,"[-17.3576859, 14.769557]",Pikine,SN0103,Keur Massar[SN0105],2021-07-01,Exact-code point outside candidate current polygon; no transfer inferred.
gb:SEN:ADM2:50182788B8601261498481,Pikine,SN0103,278371,Madiabel Diop,"[-17.2973052, 14.7695785]",Pikine,SN0103,Keur Massar[SN0105],2021-07-01,Exact-code point outside candidate current polygon; no transfer inferred.
gb:SEN:ADM2:50182788B8601261498481,Pikine,SN0103,278373,Parcelles Assainies Unite 6,"[-17.2956713, 14.7696038]",Pikine,SN0103,Keur Massar[SN0105],2021-07-01,Exact-code point outside candidate current polygon; no transfer inferred.
gb:SEN:ADM2:50182788B8601261498481,Pikine,SN0103,278381,Tawfex,"[-17.3399561, 14.7699723]",Pikine,SN0103,Keur Massar[SN0105],2021-07-01,Exact-code point outside candidate current polygon; no transfer inferred.
gb:SEN:ADM2:50182788B8601261498481,Pikine,SN0103,278393,Mbawore Thieurigne,"[-17.3595762, 14.7700617]",Pikine,SN0103,Keur Massar[SN0105],2021-07-01,Exact-code point outside candidate current polygon; no transfer inferred.
gb:SEN:ADM2:50182788B8601261498481,Pikine,SN0103,278399,Miname Ii,"[-17.3710074, 14.7701975]",Pikine,SN0103,Keur Massar[SN0105],2021-07-01,Exact-code point outside candidate current polygon; no transfer inferred.
gb:SEN:ADM2:50182788B8601261498481,Pikine,SN0103,278403,Hafia Iii,"[-17.3499039, 14.7703049]",Pikine,SN0103,Keur Massar[SN0105],2021-07-01,Exact-code point outside candidate current polygon; no transfer inferred.
gb:SEN:ADM2:50182788B8601261498481,Pikine,SN0103,278409,Hamdalaye 2C,"[-17.3777039, 14.7703997]",Pikine,SN0103,Guédiawaye[SN0102],2021-07-01,Exact-code point outside candidate current polygon; no transfer inferred.
gb:SEN:ADM2:50182788B8601261498481,Pikine,SN0103,278410,Cite Mame Dior,"[-17.3091618, 14.7703998]",Pikine,SN0103,Keur Massar[SN0105],2021-07-01,Exact-code point outside candidate current polygon; no transfer inferred.
gb:SEN:ADM2:50182788B8601261498481,Pikine,SN0103,278414,Comico Ii,"[-17.3421523, 14.7704379]",Pikine,SN0103,Keur Massar[SN0105],2021-07-01,Exact-code point outside candidate current polygon; no transfer inferred.
gb:SEN:ADM2:50182788B8601261498481,Pikine,SN0103,278422,Thieurigne,"[-17.3624318, 14.7705384]",Pikine,SN0103,Keur Massar[SN0105],2021-07-01,Exact-code point outside candidate current polygon; no transfer inferred.
gb:SEN:ADM2:50182788B8601261498481,Pikine,SN0103,278424,Thiaroye Kao V,"[-17.3686716, 14.7705648]",Pikine,SN0103,Keur Massar[SN0105],2021-07-01,Exact-code point outside candidate current polygon; no transfer inferred.
gb:SEN:ADM2:50182788B8601261498481,Pikine,SN0103,278426,Touba Miname Iii,"[-17.3700179, 14.7705691]",Pikine,SN0103,Keur Massar[SN0105],2021-07-01,Exact-code point outside candidate current polygon; no transfer inferred.
gb:SEN:ADM2:50182788B8601261498481,Pikine,SN0103,278429,Parcelles Assainies Unite 13,"[-17.3313193, 14.7706831]",Pikine,SN0103,Keur Massar[SN0105],2021-07-01,Exact-code point outside candidate current polygon; no transfer inferred.
gb:SEN:ADM2:50182788B8601261498481,Pikine,SN0103,278435,Darou Missette Centre I,"[-17.3232329, 14.7707736]",Pikine,SN0103,Keur Massar[SN0105],2021-07-01,Exact-code point outside candidate current polygon; no transfer inferred.
gb:SEN:ADM2:50182788B8601261498481,Pikine,SN0103,278442,Leona Yeumbeul,"[-17.3535962, 14.7708816]",Pikine,SN0103,Keur Massar[SN0105],2021-07-01,Exact-code point outside candidate current polygon; no transfer inferred.
gb:SEN:ADM2:50182788B8601261498481,Pikine,SN0103,278443,Thiaroye Kao Iiia,"[-17.3671523, 14.7708876]",Pikine,SN0103,Keur Massar[SN0105],2021-07-01,Exact-code point outside candidate current polygon; no transfer inferred.
gb:SEN:ADM2:50182788B8601261498481,Pikine,SN0103,278444,Darou Missette Sud,"[-17.3253884, 14.7709055]",Pikine,SN0103,Keur Massar[SN0105],2021-07-01,Exact-code point outside candidate current polygon; no transfer inferred.
gb:SEN:ADM2:50182788B8601261498481,Pikine,SN0103,278452,Darou Missette Est I,"[-17.3190025, 14.7711143]",Pikine,SN0103,Keur Massar[SN0105],2021-07-01,Exact-code point outside candidate current polygon; no transfer inferred.
gb:SEN:ADM2:50182788B8601261498481,Pikine,SN0103,278453,Afia I,"[-17.3577591, 14.7711734]",Pikine,SN0103,Keur Massar[SN0105],2021-07-01,Exact-code point outside candidate current polygon; no transfer inferred.
gb:SEN:ADM2:50182788B8601261498481,Pikine,SN0103,278454,Layene,"[-17.3607212, 14.7711974]",Pikine,SN0103,Keur Massar[SN0105],2021-07-01,Exact-code point outside candidate current polygon; no transfer inferred.
gb:SEN:ADM2:50182788B8601261498481,Pikine,SN0103,278457,Baye Niass,"[-17.2952246, 14.7712797]",Pikine,SN0103,Keur Massar[SN0105],2021-07-01,Exact-code point outside candidate current polygon; no transfer inferred.
gb:SEN:ADM2:50182788B8601261498481,Pikine,SN0103,278459,Darou Missette Est Iii,"[-17.3207036, 14.771296]",Pikine,SN0103,Keur Massar[SN0105],2021-07-01,Exact-code point outside candidate current polygon; no transfer inferred.
gb:SEN:ADM2:50182788B8601261498481,Pikine,SN0103,278461,Ndiobene Yeumbeul,"[-17.3634615, 14.7713049]",Pikine,SN0103,Keur Massar[SN0105],2021-07-01,Exact-code point outside candidate current polygon; no transfer inferred.
gb:SEN:ADM2:50182788B8601261498481,Pikine,SN0103,278462,Touba Niani,"[-17.2990134, 14.7713143]",Pikine,SN0103,Keur Massar[SN0105],2021-07-01,Exact-code point outside candidate current polygon; no transfer inferred.
gb:SEN:ADM2:50182788B8601261498481,Pikine,SN0103,278464,Ainoumady I,"[-17.3145677, 14.771448]",Pikine,SN0103,Keur Massar[SN0105],2021-07-01,Exact-code point outside candidate current polygon; no transfer inferred.
gb:SEN:ADM2:50182788B8601261498481,Pikine,SN0103,278469,Darou Rahmane Iii,"[-17.3563427, 14.7715674]",Pikine,SN0103,Keur Massar[SN0105],2021-07-01,Exact-code point outside candidate current polygon; no transfer inferred.
gb:SEN:ADM2:50182788B8601261498481,Pikine,SN0103,278472,Parcelles Assainies Unite 14,"[-17.3340501, 14.7716493]",Pikine,SN0103,Keur Massar[SN0105],2021-07-01,Exact-code point outside candidate current polygon; no transfer inferred.
gb:SEN:ADM2:50182788B8601261498481,Pikine,SN0103,278474,Comico I,"[-17.3466966, 14.7716656]",Pikine,SN0103,Keur Massar[SN0105],2021-07-01,Exact-code point outside candidate current polygon; no transfer inferred.
gb:SEN:ADM2:50182788B8601261498481,Pikine,SN0103,278475,Darou Salam,"[-17.3655269, 14.7716903]",Pikine,SN0103,Keur Massar[SN0105],2021-07-01,Exact-code point outside candidate current polygon; no transfer inferred.
gb:SEN:ADM2:50182788B8601261498481,Pikine,SN0103,278486,Darou Missette Ouest Alwar,"[-17.3269223, 14.7719472]",Pikine,SN0103,Keur Massar[SN0105],2021-07-01,Exact-code point outside candidate current polygon; no transfer inferred.
gb:SEN:ADM2:50182788B8601261498481,Pikine,SN0103,278491,Darou Missette Kanel,"[-17.322931, 14.7720777]",Pikine,SN0103,Keur Massar[SN0105],2021-07-01,Exact-code point outside candidate current polygon; no transfer inferred.
gb:SEN:ADM2:50182788B8601261498481,Pikine,SN0103,278495,Darou Salam Ii,"[-17.3025507, 14.7721554]",Pikine,SN0103,Keur Massar[SN0105],2021-07-01,Exact-code point outside candidate current polygon; no transfer inferred.
gb:SEN:ADM2:50182788B8601261498481,Pikine,SN0103,278497,Darou Rahmane Ii,"[-17.3585876, 14.7722311]",Pikine,SN0103,Keur Massar[SN0105],2021-07-01,Exact-code point outside candidate current polygon; no transfer inferred.
gb:SEN:ADM2:50182788B8601261498481,Pikine,SN0103,278498,Sant Yalla Boune,"[-17.3377984, 14.7722438]",Pikine,SN0103,Keur Massar[SN0105],2021-07-01,Exact-code point outside candidate current polygon; no transfer inferred.
gb:SEN:ADM2:50182788B8601261498481,Pikine,SN0103,278499,Thiaroye Kao Ii,"[-17.3699897, 14.7722498]",Pikine,SN0103,Keur Massar[SN0105],2021-07-01,Exact-code point outside candidate current polygon; no transfer inferred.
gb:SEN:ADM2:50182788B8601261498481,Pikine,SN0103,278500,Diamalaye,"[-17.3055045, 14.7722615]",Pikine,SN0103,Keur Massar[SN0105],2021-07-01,Exact-code point outside candidate current polygon; no transfer inferred.
gb:SEN:ADM2:50182788B8601261498481,Pikine,SN0103,278508,Thiaroye Kao Iiid,"[-17.3676344, 14.772536]",Pikine,SN0103,Keur Massar[SN0105],2021-07-01,Exact-code point outside candidate current polygon; no transfer inferred.
gb:SEN:ADM2:50182788B8601261498481,Pikine,SN0103,278509,Darou Salam 5B,"[-17.352342, 14.7725388]",Pikine,SN0103,Keur Massar[SN0105],2021-07-01,Exact-code point outside candidate current polygon; no transfer inferred.
gb:SEN:ADM2:50182788B8601261498481,Pikine,SN0103,278512,Darou Salam 5A,"[-17.353949, 14.7725946]",Pikine,SN0103,Keur Massar[SN0105],2021-07-01,Exact-code point outside candidate current polygon; no transfer inferred.
gb:SEN:ADM2:50182788B8601261498481,Pikine,SN0103,278518,Baye Gana Aw,"[-17.2983871, 14.7726848]",Pikine,SN0103,Keur Massar[SN0105],2021-07-01,Exact-code point outside candidate current polygon; no transfer inferred.
gb:SEN:ADM2:50182788B8601261498481,Pikine,SN0103,278521,Ouest 3B,"[-17.3651484, 14.7727512]",Pikine,SN0103,Keur Massar[SN0105],2021-07-01,Exact-code point outside candidate current polygon; no transfer inferred.
gb:SEN:ADM2:50182788B8601261498481,Pikine,SN0103,278523,Yeumbeul Nord,"[-17.3618805, 14.7727937]",Pikine,SN0103,Keur Massar[SN0105],2021-07-01,Exact-code point outside candidate current polygon; no transfer inferred.
gb:SEN:ADM2:50182788B8601261498481,Pikine,SN0103,278527,Darou Missette Est Ii,"[-17.3185841, 14.7728171]",Pikine,SN0103,Keur Massar[SN0105],2021-07-01,Exact-code point outside candidate current polygon; no transfer inferred.
gb:SEN:ADM2:50182788B8601261498481,Pikine,SN0103,278530,Yeumbeul Nord I,"[-17.3629685, 14.7729452]",Pikine,SN0103,Keur Massar[SN0105],2021-07-01,Exact-code point outside candidate current polygon; no transfer inferred.
gb:SEN:ADM2:50182788B8601261498481,Pikine,SN0103,278536,Oudalaye,"[-17.3643349, 14.7730848]",Pikine,SN0103,Keur Massar[SN0105],2021-07-01,Exact-code point outside candidate current polygon; no transfer inferred.
gb:SEN:ADM2:50182788B8601261498481,Pikine,SN0103,278538,Fass Ii,"[-17.3568049, 14.7730985]",Pikine,SN0103,Keur Massar[SN0105],2021-07-01,Exact-code point outside candidate current polygon; no transfer inferred.
gb:SEN:ADM2:50182788B8601261498481,Pikine,SN0103,278542,Darou Missette Centre Ii,"[-17.3239179, 14.7731971]",Pikine,SN0103,Keur Massar[SN0105],2021-07-01,Exact-code point outside candidate current polygon; no transfer inferred.
gb:SEN:ADM2:50182788B8601261498481,Pikine,SN0103,278544,Hamdallahi Iii,"[-17.2951614, 14.7732138]",Pikine,SN0103,Keur Massar[SN0105],2021-07-01,Exact-code point outside candidate current polygon; no transfer inferred.
gb:SEN:ADM2:50182788B8601261498481,Pikine,SN0103,278555,Darou Rahmane I,"[-17.3075687, 14.7734064]",Pikine,SN0103,Keur Massar[SN0105],2021-07-01,Exact-code point outside candidate current polygon; no transfer inferred.
gb:SEN:ADM2:50182788B8601261498481,Pikine,SN0103,278558,Ainoumady Ii,"[-17.313614, 14.7734633]",Pikine,SN0103,Keur Massar[SN0105],2021-07-01,Exact-code point outside candidate current polygon; no transfer inferred.
gb:SEN:ADM2:50182788B8601261498481,Pikine,SN0103,278559,Parcelles Assainies Unite 12,"[-17.3287955, 14.7734642]",Pikine,SN0103,Keur Massar[SN0105],2021-07-01,Exact-code point outside candidate current polygon; no transfer inferred.
gb:SEN:ADM2:50182788B8601261498481,Pikine,SN0103,278563,Parcelles Assainies Unite 1,"[-17.3194464, 14.7735764]",Pikine,SN0103,Keur Massar[SN0105],2021-07-01,Exact-code point outside candidate current polygon; no transfer inferred.
gb:SEN:ADM2:50182788B8601261498481,Pikine,SN0103,278567,Keur El Hadji Pathe,"[-17.3022229, 14.7736495]",Pikine,SN0103,Keur Massar[SN0105],2021-07-01,Exact-code point outside candidate current polygon; no transfer inferred.
gb:SEN:ADM2:50182788B8601261498481,Pikine,SN0103,278574,Diokoul Keur El Hadji,"[-17.3002655, 14.7738316]",Pikine,SN0103,Keur Massar[SN0105],2021-07-01,Exact-code point outside candidate current polygon; no transfer inferred.
gb:SEN:ADM2:50182788B8601261498481,Pikine,SN0103,278575,Darou Missette Nord,"[-17.3257446, 14.7738383]",Pikine,SN0103,Keur Massar[SN0105],2021-07-01,Exact-code point outside candidate current polygon; no transfer inferred.
gb:SEN:ADM2:50182788B8601261498481,Pikine,SN0103,278577,Comico Iii,"[-17.3409076, 14.7738566]",Pikine,SN0103,Keur Massar[SN0105],2021-07-01,Exact-code point outside candidate current polygon; no transfer inferred.
gb:SEN:ADM2:50182788B8601261498481,Pikine,SN0103,278578,Ainoumady Iv,"[-17.3094214, 14.7738757]",Pikine,SN0103,Keur Massar[SN0105],2021-07-01,Exact-code point outside candidate current polygon; no transfer inferred.
gb:SEN:ADM2:50182788B8601261498481,Pikine,SN0103,278581,Yembeul Ndiayene,"[-17.3592841, 14.7739677]",Pikine,SN0103,Keur Massar[SN0105],2021-07-01,Exact-code point outside candidate current polygon; no transfer inferred.
gb:SEN:ADM2:50182788B8601261498481,Pikine,SN0103,278585,Bagdad 2,"[-17.3710957, 14.7740634]",Pikine,SN0103,Guédiawaye[SN0102],2021-07-01,Exact-code point outside candidate current polygon; no transfer inferred.
gb:SEN:ADM2:50182788B8601261498481,Pikine,SN0103,278594,Darou Salam 6D,"[-17.3543189, 14.774181]",Pikine,SN0103,Keur Massar[SN0105],2021-07-01,Exact-code point outside candidate current polygon; no transfer inferred.
gb:SEN:ADM2:50182788B8601261498481,Pikine,SN0103,278601,Parcelles Assainies Unite 6,"[-17.3213859, 14.7743429]",Pikine,SN0103,Keur Massar[SN0105],2021-07-01,Exact-code point outside candidate current polygon; no transfer inferred.
gb:SEN:ADM2:50182788B8601261498481,Pikine,SN0103,278606,Hamdalaye,"[-17.3370705, 14.7745099]",Pikine,SN0103,Keur Massar[SN0105],2021-07-01,Exact-code point outside candidate current polygon; no transfer inferred.
gb:SEN:ADM2:50182788B8601261498481,Pikine,SN0103,278607,Fass I,"[-17.3573215, 14.7745117]",Pikine,SN0103,Keur Massar[SN0105],2021-07-01,Exact-code point outside candidate current polygon; no transfer inferred.
gb:SEN:ADM2:50182788B8601261498481,Pikine,SN0103,278613,Medina Keur Massar,"[-17.3036353, 14.7746292]",Pikine,SN0103,Keur Massar[SN0105],2021-07-01,Exact-code point outside candidate current polygon; no transfer inferred.
gb:SEN:ADM2:50182788B8601261498481,Pikine,SN0103,278617,Diamwelli,"[-17.2972475, 14.7746839]",Pikine,SN0103,Keur Massar[SN0105],2021-07-01,Exact-code point outside candidate current polygon; no transfer inferred.
gb:SEN:ADM2:50182788B8601261498481,Pikine,SN0103,278620,Alpoular 1A,"[-17.3630342, 14.7747243]",Pikine,SN0103,Keur Massar[SN0105],2021-07-01,Exact-code point outside candidate current polygon; no transfer inferred.
gb:SEN:ADM2:50182788B8601261498481,Pikine,SN0103,278628,Cite Marcel Mahe,"[-17.3666493, 14.7750216]",Pikine,SN0103,Guédiawaye[SN0102],2021-07-01,Exact-code point outside candidate current polygon; no transfer inferred.
gb:SEN:ADM2:50182788B8601261498481,Pikine,SN0103,278629,Parcelles Assainies Unite 25,"[-17.2940107, 14.7750504]",Pikine,SN0103,Keur Massar[SN0105],2021-07-01,Exact-code point outside candidate current polygon; no transfer inferred.
gb:SEN:ADM2:50182788B8601261498481,Pikine,SN0103,278638,Yeumbeul Nord 2B,"[-17.3618876, 14.7751697]",Pikine,SN0103,Keur Massar[SN0105],2021-07-01,Exact-code point outside candidate current polygon; no transfer inferred.
gb:SEN:ADM2:50182788B8601261498481,Pikine,SN0103,278644,Parcelles Assainies Unite 2,"[-17.3166329, 14.7753213]",Pikine,SN0103,Keur Massar[SN0105],2021-07-01,Exact-code point outside candidate current polygon; no transfer inferred.
gb:SEN:ADM2:50182788B8601261498481,Pikine,SN0103,278645,Mamadou Faye,"[-17.3000213, 14.7753248]",Pikine,SN0103,Keur Massar[SN0105],2021-07-01,Exact-code point outside candidate current polygon; no transfer inferred.
gb:SEN:ADM2:50182788B8601261498481,Pikine,SN0103,278648,Nimzatt,"[-17.3697449, 14.7753602]",Pikine,SN0103,Guédiawaye[SN0102],2021-07-01,Exact-code point outside candidate current polygon; no transfer inferred.
gb:SEN:ADM2:50182788B8601261498481,Pikine,SN0103,278652,Parcelles Assainies Unite 15,"[-17.3317046, 14.7754677]",Pikine,SN0103,Keur Massar[SN0105],2021-07-01,Exact-code point outside candidate current polygon; no transfer inferred.
gb:SEN:ADM2:50182788B8601261498481,Pikine,SN0103,278654,Darou Salam V,"[-17.3511302, 14.7755506]",Pikine,SN0103,Keur Massar[SN0105],2021-07-01,Exact-code point outside candidate current polygon; no transfer inferred.
gb:SEN:ADM2:50182788B8601261498481,Pikine,SN0103,278657,Nema,"[-17.3648354, 14.7755732]",Pikine,SN0103,Keur Massar[SN0105],2021-07-01,Exact-code point outside candidate current polygon; no transfer inferred.
gb:SEN:ADM2:50182788B8601261498481,Pikine,SN0103,278660,Parcelles Assainies Unite 9,"[-17.323517, 14.7756587]",Pikine,SN0103,Keur Massar[SN0105],2021-07-01,Exact-code point outside candidate current polygon; no transfer inferred.
gb:SEN:ADM2:50182788B8601261498481,Pikine,SN0103,278664,Minam Gabane,"[-17.3028393, 14.7757575]",Pikine,SN0103,Keur Massar[SN0105],2021-07-01,Exact-code point outside candidate current polygon; no transfer inferred.
gb:SEN:ADM2:50182788B8601261498481,Pikine,SN0103,278665,Alpoular Ii,"[-17.3625816, 14.7758041]",Pikine,SN0103,Keur Massar[SN0105],2021-07-01,Exact-code point outside candidate current polygon; no transfer inferred.
gb:SEN:ADM2:50182788B8601261498481,Pikine,SN0103,278668,Grand Medine,"[-17.3063876, 14.7758757]",Pikine,SN0103,Keur Massar[SN0105],2021-07-01,Exact-code point outside candidate current polygon; no transfer inferred.
gb:SEN:ADM2:50182788B8601261498481,Pikine,SN0103,278673,Daaray Kamil,"[-17.3353225, 14.7760183]",Pikine,SN0103,Keur Massar[SN0105],2021-07-01,Exact-code point outside candidate current polygon; no transfer inferred.
gb:SEN:ADM2:50182788B8601261498481,Pikine,SN0103,278674,Djidah Marine,"[-17.3544783, 14.7760495]",Pikine,SN0103,Keur Massar[SN0105],2021-07-01,Exact-code point outside candidate current polygon; no transfer inferred.
gb:SEN:ADM2:50182788B8601261498481,Pikine,SN0103,278679,Diamalaye,"[-17.3606835, 14.7763024]",Pikine,SN0103,Keur Massar[SN0105],2021-07-01,Exact-code point outside candidate current polygon; no transfer inferred.
gb:SEN:ADM2:50182788B8601261498481,Pikine,SN0103,278681,Parcelles Assainies Unite 26,"[-17.2956957, 14.7763527]",Pikine,SN0103,Keur Massar[SN0105],2021-07-01,Exact-code point outside candidate current polygon; no transfer inferred.
gb:SEN:ADM2:50182788B8601261498481,Pikine,SN0103,278687,Comico Iv,"[-17.3399429, 14.7765407]",Pikine,SN0103,Keur Massar[SN0105],2021-07-01,Exact-code point outside candidate current polygon; no transfer inferred.
gb:SEN:ADM2:50182788B8601261498481,Pikine,SN0103,278696,Darou Salam 5C,"[-17.3498339, 14.7767474]",Pikine,SN0103,Keur Massar[SN0105],2021-07-01,Exact-code point outside candidate current polygon; no transfer inferred.
gb:SEN:ADM2:50182788B8601261498481,Pikine,SN0103,278701,Darou Salam 5A,"[-17.3527409, 14.7768171]",Pikine,SN0103,Keur Massar[SN0105],2021-07-01,Exact-code point outside candidate current polygon; no transfer inferred.
gb:SEN:ADM2:50182788B8601261498481,Pikine,SN0103,278705,Ainoumady Iii,"[-17.3126491, 14.7770418]",Pikine,SN0103,Keur Massar[SN0105],2021-07-01,Exact-code point outside candidate current polygon; no transfer inferred.
gb:SEN:ADM2:50182788B8601261498481,Pikine,SN0103,278713,Arafat Ii,"[-17.3085749, 14.7772452]",Pikine,SN0103,Keur Massar[SN0105],2021-07-01,Exact-code point outside candidate current polygon; no transfer inferred.
gb:SEN:ADM2:50182788B8601261498481,Pikine,SN0103,278719,Wakhinane 4,"[-17.3684109, 14.7773525]",Pikine,SN0103,Guédiawaye[SN0102],2021-07-01,Exact-code point outside candidate current polygon; no transfer inferred.
gb:SEN:ADM2:50182788B8601261498481,Pikine,SN0103,278720,Parcelles Assainies Unite 8,"[-17.3271659, 14.7773837]",Pikine,SN0103,Keur Massar[SN0105],2021-07-01,Exact-code point outside candidate current polygon; no transfer inferred.
gb:SEN:ADM2:50182788B8601261498481,Pikine,SN0103,278725,Darou Rahmane 1B,"[-17.3658681, 14.777478]",Pikine,SN0103,Guédiawaye[SN0102],2021-07-01,Exact-code point outside candidate current polygon; no transfer inferred.
gb:SEN:ADM2:50182788B8601261498481,Pikine,SN0103,278740,Darou Salam I,"[-17.3568755, 14.7779224]",Pikine,SN0103,Keur Massar[SN0105],2021-07-01,Exact-code point outside candidate current polygon; no transfer inferred.
gb:SEN:ADM2:50182788B8601261498481,Pikine,SN0103,278747,Parcelles Assainies Unite 5,"[-17.3186866, 14.7781015]",Pikine,SN0103,Keur Massar[SN0105],2021-07-01,Exact-code point outside candidate current polygon; no transfer inferred.
gb:SEN:ADM2:50182788B8601261498481,Pikine,SN0103,278752,Yeumbeul Nord 2C,"[-17.3594967, 14.7781756]",Pikine,SN0103,Keur Massar[SN0105],2021-07-01,Exact-code point outside candidate current polygon; no transfer inferred.
gb:SEN:ADM2:50182788B8601261498481,Pikine,SN0103,278760,Darou Salam Garou,"[-17.3517175, 14.7783544]",Pikine,SN0103,Keur Massar[SN0105],2021-07-01,Exact-code point outside candidate current polygon; no transfer inferred.
gb:SEN:ADM2:50182788B8601261498481,Pikine,SN0103,278762,Medina Asecna I,"[-17.3636309, 14.7783863]",Pikine,SN0103,Keur Massar[SN0105],2021-07-01,Exact-code point outside candidate current polygon; no transfer inferred.
gb:SEN:ADM2:50182788B8601261498481,Pikine,SN0103,278765,Missirah,"[-17.3009824, 14.7784143]",Pikine,SN0103,Keur Massar[SN0105],2021-07-01,Exact-code point outside candidate current polygon; no transfer inferred.
gb:SEN:ADM2:50182788B8601261498481,Pikine,SN0103,278766,Parcelles Assainies Unite 16,"[-17.3290625, 14.7784758]",Pikine,SN0103,Keur Massar[SN0105],2021-07-01,Exact-code point outside candidate current polygon; no transfer inferred.
gb:SEN:ADM2:50182788B8601261498481,Pikine,SN0103,278775,Castor Sotrac Est,"[-17.3043662, 14.778778]",Pikine,SN0103,Keur Massar[SN0105],2021-07-01,Exact-code point outside candidate current polygon; no transfer inferred.
gb:SEN:ADM2:50182788B8601261498481,Pikine,SN0103,278782,Yeumbeul Nord,"[-17.3507598, 14.779087]",Pikine,SN0103,Keur Massar[SN0105],2021-07-01,Exact-code point outside candidate current polygon; no transfer inferred.
gb:SEN:ADM2:50182788B8601261498481,Pikine,SN0103,278785,Darou Salam Vi Diamalaye,"[-17.3389407, 14.7792071]",Pikine,SN0103,Keur Massar[SN0105],2021-07-01,Exact-code point outside candidate current polygon; no transfer inferred.
gb:SEN:ADM2:50182788B8601261498481,Pikine,SN0103,278787,Parcelles Assainies Unite 3,"[-17.31544, 14.7792906]",Pikine,SN0103,Keur Massar[SN0105],2021-07-01,Exact-code point outside candidate current polygon; no transfer inferred.
gb:SEN:ADM2:50182788B8601261498481,Pikine,SN0103,278789,Medinatoul Salam,"[-17.3326836, 14.7793247]",Pikine,SN0103,Keur Massar[SN0105],2021-07-01,Exact-code point outside candidate current polygon; no transfer inferred.
gb:SEN:ADM2:50182788B8601261498481,Pikine,SN0103,278798,Cite Nimran,"[-17.2974115, 14.7796877]",Pikine,SN0103,Keur Massar[SN0105],2021-07-01,Exact-code point outside candidate current polygon; no transfer inferred.
gb:SEN:ADM2:50182788B8601261498481,Pikine,SN0103,278799,Parcelles Assainies Unite 11,"[-17.3245079, 14.7797776]",Pikine,SN0103,Keur Massar[SN0105],2021-07-01,Exact-code point outside candidate current polygon; no transfer inferred.
gb:SEN:ADM2:50182788B8601261498481,Pikine,SN0103,278802,Darou Salam I,"[-17.3646119, 14.7798037]",Pikine,SN0103,Keur Massar[SN0105],2021-07-01,Exact-code point outside candidate current polygon; no transfer inferred.
gb:SEN:ADM2:50182788B8601261498481,Pikine,SN0103,278806,Castor Sotrac Ouest,"[-17.3066163, 14.7799391]",Pikine,SN0103,Keur Massar[SN0105],2021-07-01,Exact-code point outside candidate current polygon; no transfer inferred.
gb:SEN:ADM2:50182788B8601261498481,Pikine,SN0103,278810,Darou Salam,"[-17.3546236, 14.7800504]",Pikine,SN0103,Keur Massar[SN0105],2021-07-01,Exact-code point outside candidate current polygon; no transfer inferred.
gb:SEN:ADM2:50182788B8601261498481,Pikine,SN0103,278814,Arafat I,"[-17.3113734, 14.7802168]",Pikine,SN0103,Keur Massar[SN0105],2021-07-01,Exact-code point outside candidate current polygon; no transfer inferred.
gb:SEN:ADM2:50182788B8601261498481,Pikine,SN0103,278830,Housna,"[-17.3134661, 14.7805391]",Pikine,SN0103,Keur Massar[SN0105],2021-07-01,Exact-code point outside candidate current polygon; no transfer inferred.
gb:SEN:ADM2:50182788B8601261498481,Pikine,SN0103,278839,Ndiolofene,"[-17.3472118, 14.7807313]",Pikine,SN0103,Keur Massar[SN0105],2021-07-01,Exact-code point outside candidate current polygon; no transfer inferred.
gb:SEN:ADM2:50182788B8601261498481,Pikine,SN0103,278849,Asecna,"[-17.361616, 14.7809637]",Pikine,SN0103,Keur Massar[SN0105],2021-07-01,Exact-code point outside candidate current polygon; no transfer inferred.
gb:SEN:ADM2:50182788B8601261498481,Pikine,SN0103,278850,Medinatoul Salam Ii,"[-17.3311597, 14.7809664]",Pikine,SN0103,Keur Massar[SN0105],2021-07-01,Exact-code point outside candidate current polygon; no transfer inferred.
gb:SEN:ADM2:50182788B8601261498481,Pikine,SN0103,278854,Parcelles Assainies Unite 4,"[-17.3165449, 14.7810323]",Pikine,SN0103,Keur Massar[SN0105],2021-07-01,Exact-code point outside candidate current polygon; no transfer inferred.
gb:SEN:ADM2:50182788B8601261498481,Pikine,SN0103,278858,Darou Salam Vi D,"[-17.3413389, 14.7811795]",Pikine,SN0103,Keur Massar[SN0105],2021-07-01,Exact-code point outside candidate current polygon; no transfer inferred.
gb:SEN:ADM2:50182788B8601261498481,Pikine,SN0103,278860,Darou Salam Viii,"[-17.3356381, 14.7812192]",Pikine,SN0103,Keur Massar[SN0105],2021-07-01,Exact-code point outside candidate current polygon; no transfer inferred.
gb:SEN:ADM2:50182788B8601261498481,Pikine,SN0103,278866,Darou Salam Iv B,"[-17.349289, 14.7813336]",Pikine,SN0103,Keur Massar[SN0105],2021-07-01,Exact-code point outside candidate current polygon; no transfer inferred.
gb:SEN:ADM2:50182788B8601261498481,Pikine,SN0103,278870,Mbat Ngom,"[-17.3532826, 14.7814193]",Pikine,SN0103,Keur Massar[SN0105],2021-07-01,Exact-code point outside candidate current polygon; no transfer inferred.
gb:SEN:ADM2:50182788B8601261498481,Pikine,SN0103,278887,Cite Gendarmerie,"[-17.2935642, 14.782057]",Pikine,SN0103,Keur Massar[SN0105],2021-07-01,Exact-code point outside candidate current polygon; no transfer inferred.
gb:SEN:ADM2:50182788B8601261498481,Pikine,SN0103,278893,Bene Baraque Iii,"[-17.3577013, 14.7821693]",Pikine,SN0103,Keur Massar[SN0105],2021-07-01,Exact-code point outside candidate current polygon; no transfer inferred.
gb:SEN:ADM2:50182788B8601261498481,Pikine,SN0103,278895,Darou Salam Iii,"[-17.3512017, 14.7821904]",Pikine,SN0103,Keur Massar[SN0105],2021-07-01,Exact-code point outside candidate current polygon; no transfer inferred.
gb:SEN:ADM2:50182788B8601261498481,Pikine,SN0103,278903,Peulga,"[-17.3124084, 14.7823748]",Pikine,SN0103,Keur Massar[SN0105],2021-07-01,Exact-code point outside candidate current polygon; no transfer inferred.
gb:SEN:ADM2:50182788B8601261498481,Pikine,SN0103,278905,Fass,"[-17.3092797, 14.7824242]",Pikine,SN0103,Keur Massar[SN0105],2021-07-01,Exact-code point outside candidate current polygon; no transfer inferred.
gb:SEN:ADM2:50182788B8601261498481,Pikine,SN0103,278907,Khar Yalla,"[-17.3017681, 14.7824812]",Pikine,SN0103,Keur Massar[SN0105],2021-07-01,Exact-code point outside candidate current polygon; no transfer inferred.
gb:SEN:ADM2:50182788B8601261498481,Pikine,SN0103,278909,Bene Baraque,"[-17.3545664, 14.7824994]",Pikine,SN0103,Keur Massar[SN0105],2021-07-01,Exact-code point outside candidate current polygon; no transfer inferred.
gb:SEN:ADM2:50182788B8601261498481,Pikine,SN0103,278912,Darou Salam Iv,"[-17.3452636, 14.7826213]",Pikine,SN0103,Keur Massar[SN0105],2021-07-01,Exact-code point outside candidate current polygon; no transfer inferred.
gb:SEN:ADM2:50182788B8601261498481,Pikine,SN0103,278915,Darou Salam Vi,"[-17.3429897, 14.7827167]",Pikine,SN0103,Keur Massar[SN0105],2021-07-01,Exact-code point outside candidate current polygon; no transfer inferred.
gb:SEN:ADM2:50182788B8601261498481,Pikine,SN0103,278917,Oumar Diallo,"[-17.3202219, 14.7827662]",Pikine,SN0103,Keur Massar[SN0105],2021-07-01,Exact-code point outside candidate current polygon; no transfer inferred.
gb:SEN:ADM2:50182788B8601261498481,Pikine,SN0103,278925,Darou Salam Iv C,"[-17.3474495, 14.7829695]",Pikine,SN0103,Keur Massar[SN0105],2021-07-01,Exact-code point outside candidate current polygon; no transfer inferred.
gb:SEN:ADM2:50182788B8601261498481,Pikine,SN0103,278938,Darou Salam Iv A,"[-17.3502757, 14.783284]",Pikine,SN0103,Keur Massar[SN0105],2021-07-01,Exact-code point outside candidate current polygon; no transfer inferred.
gb:SEN:ADM2:50182788B8601261498481,Pikine,SN0103,278981,Parcelles Assainies Unite 17,"[-17.3243702, 14.7834201]",Pikine,SN0103,Keur Massar[SN0105],2021-07-01,Exact-code point outside candidate current polygon; no transfer inferred.
gb:SEN:ADM2:50182788B8601261498481,Pikine,SN0103,278982,Montagne Ii,"[-17.3282243, 14.7834716]",Pikine,SN0103,Keur Massar[SN0105],2021-07-01,Exact-code point outside candidate current polygon; no transfer inferred.
gb:SEN:ADM2:50182788B8601261498481,Pikine,SN0103,278983,Bene Baraque Vi,"[-17.35532, 14.7834946]",Pikine,SN0103,Keur Massar[SN0105],2021-07-01,Exact-code point outside candidate current polygon; no transfer inferred.
gb:SEN:ADM2:50182788B8601261498481,Pikine,SN0103,278986,Kawsara,"[-17.3140475, 14.7837046]",Pikine,SN0103,Keur Massar[SN0105],2021-07-01,Exact-code point outside candidate current polygon; no transfer inferred.
gb:SEN:ADM2:50182788B8601261498481,Pikine,SN0103,278987,Ndiayene,"[-17.3105287, 14.7837489]",Pikine,SN0103,Keur Massar[SN0105],2021-07-01,Exact-code point outside candidate current polygon; no transfer inferred.
gb:SEN:ADM2:50182788B8601261498481,Pikine,SN0103,279005,Darou Salam Vi E,"[-17.3394012, 14.7840541]",Pikine,SN0103,Keur Massar[SN0105],2021-07-01,Exact-code point outside candidate current polygon; no transfer inferred.
gb:SEN:ADM2:50182788B8601261498481,Pikine,SN0103,279006,Keur Massar Centre,"[-17.3120178, 14.7840683]",Pikine,SN0103,Keur Massar[SN0105],2021-07-01,Exact-code point outside candidate current polygon; no transfer inferred.
gb:SEN:ADM2:50182788B8601261498481,Pikine,SN0103,279010,Bene Baraque Iv,"[-17.3581965, 14.7841699]",Pikine,SN0103,Keur Massar[SN0105],2021-07-01,Exact-code point outside candidate current polygon; no transfer inferred.
gb:SEN:ADM2:50182788B8601261498481,Pikine,SN0103,279014,Alhamdoulilahi,"[-17.304666, 14.7843135]",Pikine,SN0103,Keur Massar[SN0105],2021-07-01,Exact-code point outside candidate current polygon; no transfer inferred.
gb:SEN:ADM2:50182788B8601261498481,Pikine,SN0103,279020,Parcelles Assainies Unite 10,"[-17.3220693, 14.7844732]",Pikine,SN0103,Keur Massar[SN0105],2021-07-01,Exact-code point outside candidate current polygon; no transfer inferred.
gb:SEN:ADM2:50182788B8601261498481,Pikine,SN0103,279023,Keur Massar,"[-17.3153197, 14.7845863]",Pikine,SN0103,Keur Massar[SN0105],2021-07-01,Exact-code point outside candidate current polygon; no transfer inferred.
gb:SEN:ADM2:50182788B8601261498481,Pikine,SN0103,279029,Bene Baraque 2A,"[-17.3537093, 14.7848211]",Pikine,SN0103,Keur Massar[SN0105],2021-07-01,Exact-code point outside candidate current polygon; no transfer inferred.
gb:SEN:ADM2:50182788B8601261498481,Pikine,SN0103,279031,Santhiaba,"[-17.3103455, 14.784862]",Pikine,SN0103,Keur Massar[SN0105],2021-07-01,Exact-code point outside candidate current polygon; no transfer inferred.
gb:SEN:ADM2:50182788B8601261498481,Pikine,SN0103,279033,Medinatoul Salam I,"[-17.3300599, 14.7849347]",Pikine,SN0103,Keur Massar[SN0105],2021-07-01,Exact-code point outside candidate current polygon; no transfer inferred.
gb:SEN:ADM2:50182788B8601261498481,Pikine,SN0103,279034,Cite Sonatel,"[-17.3347971, 14.7850675]",Pikine,SN0103,Keur Massar[SN0105],2021-07-01,Exact-code point outside candidate current polygon; no transfer inferred.
gb:SEN:ADM2:50182788B8601261498481,Pikine,SN0103,279037,Darou Salam Ix,"[-17.3430156, 14.7851287]",Pikine,SN0103,Keur Massar[SN0105],2021-07-01,Exact-code point outside candidate current polygon; no transfer inferred.
gb:SEN:ADM2:50182788B8601261498481,Pikine,SN0103,279045,Montagne 1 (Daradji),"[-17.3262292, 14.7853348]",Pikine,SN0103,Keur Massar[SN0105],2021-07-01,Exact-code point outside candidate current polygon; no transfer inferred.
gb:SEN:ADM2:50182788B8601261498481,Pikine,SN0103,279058,Ainoumady Iv,"[-17.3467268, 14.7857144]",Pikine,SN0103,Keur Massar[SN0105],2021-07-01,Exact-code point outside candidate current polygon; no transfer inferred.
gb:SEN:ADM2:50182788B8601261498481,Pikine,SN0103,279059,Ndiayes Ndiorane,"[-17.3080147, 14.7857437]",Pikine,SN0103,Keur Massar[SN0105],2021-07-01,Exact-code point outside candidate current polygon; no transfer inferred.
gb:SEN:ADM2:50182788B8601261498481,Pikine,SN0103,279068,Montagne,"[-17.3122619, 14.7860716]",Pikine,SN0103,Keur Massar[SN0105],2021-07-01,Exact-code point outside candidate current polygon; no transfer inferred.
gb:SEN:ADM2:50182788B8601261498481,Pikine,SN0103,279069,Diacksao Ii Dekh Goumack,"[-17.3159211, 14.7861252]",Pikine,SN0103,Keur Massar[SN0105],2021-07-01,Exact-code point outside candidate current polygon; no transfer inferred.
gb:SEN:ADM2:50182788B8601261498481,Pikine,SN0103,279072,Sotrac,"[-17.3518953, 14.78624]",Pikine,SN0103,Keur Massar[SN0105],2021-07-01,Exact-code point outside candidate current polygon; no transfer inferred.
gb:SEN:ADM2:50182788B8601261498481,Pikine,SN0103,279082,Darou Salam Ix,"[-17.3449339, 14.7865006]",Pikine,SN0103,Keur Massar[SN0105],2021-07-01,Exact-code point outside candidate current polygon; no transfer inferred.
gb:SEN:ADM2:50182788B8601261498481,Pikine,SN0103,279084,Ainoumady I Sotrac,"[-17.349781, 14.7865054]",Pikine,SN0103,Keur Massar[SN0105],2021-07-01,Exact-code point outside candidate current polygon; no transfer inferred.
gb:SEN:ADM2:50182788B8601261498481,Pikine,SN0103,279091,Darou Salam,"[-17.3102625, 14.7866789]",Pikine,SN0103,Keur Massar[SN0105],2021-07-01,Exact-code point outside candidate current polygon; no transfer inferred.
gb:SEN:ADM2:50182788B8601261498481,Pikine,SN0103,279092,Bene Baraque V,"[-17.3560322, 14.7866856]",Pikine,SN0103,Keur Massar[SN0105],2021-07-01,Exact-code point outside candidate current polygon; no transfer inferred.
gb:SEN:ADM2:50182788B8601261498481,Pikine,SN0103,279098,Malika Touba Montagne,"[-17.3266356, 14.7868757]",Pikine,SN0103,Keur Massar[SN0105],2021-07-01,Exact-code point outside candidate current polygon; no transfer inferred.
gb:SEN:ADM2:50182788B8601261498481,Pikine,SN0103,279100,Medinatoul Mounawara,"[-17.3044426, 14.7868997]",Pikine,SN0103,Keur Massar[SN0105],2021-07-01,Exact-code point outside candidate current polygon; no transfer inferred.
gb:SEN:ADM2:50182788B8601261498481,Pikine,SN0103,279105,Darou Rahmane 2B,"[-17.360549, 14.787046]",Pikine,SN0103,Keur Massar[SN0105],2021-07-01,Exact-code point outside candidate current polygon; no transfer inferred.
gb:SEN:ADM2:50182788B8601261498481,Pikine,SN0103,279113,Bene Baraque Vi,"[-17.3544421, 14.7873343]",Pikine,SN0103,Keur Massar[SN0105],2021-07-01,Exact-code point outside candidate current polygon; no transfer inferred.
gb:SEN:ADM2:50182788B8601261498481,Pikine,SN0103,279118,Darou Rahmane 8,"[-17.3637584, 14.7875913]",Pikine,SN0103,Guédiawaye[SN0102],2021-07-01,Exact-code point outside candidate current polygon; no transfer inferred.
gb:SEN:ADM2:50182788B8601261498481,Pikine,SN0103,279121,Sam Sam I,"[-17.3216572, 14.7876396]",Pikine,SN0103,Keur Massar[SN0105],2021-07-01,Exact-code point outside candidate current polygon; no transfer inferred.
gb:SEN:ADM2:50182788B8601261498481,Pikine,SN0103,279123,Keur Massar,"[-17.3288916, 14.7877022]",Pikine,SN0103,Keur Massar[SN0105],2021-07-01,Exact-code point outside candidate current polygon; no transfer inferred.
gb:SEN:ADM2:50182788B8601261498481,Pikine,SN0103,279127,Dinguiraye,"[-17.3122057, 14.7877797]",Pikine,SN0103,Keur Massar[SN0105],2021-07-01,Exact-code point outside candidate current polygon; no transfer inferred.
gb:SEN:ADM2:50182788B8601261498481,Pikine,SN0103,279129,Darou Salam Viii,"[-17.3404538, 14.787829]",Pikine,SN0103,Keur Massar[SN0105],2021-07-01,Exact-code point outside candidate current polygon; no transfer inferred.
gb:SEN:ADM2:50182788B8601261498481,Pikine,SN0103,279132,Taiba Keur Massar,"[-17.3189297, 14.7878748]",Pikine,SN0103,Keur Massar[SN0105],2021-07-01,Exact-code point outside candidate current polygon; no transfer inferred.
gb:SEN:ADM2:50182788B8601261498481,Pikine,SN0103,279142,Diamaguene Ii,"[-17.3307717, 14.7881078]",Pikine,SN0103,Keur Massar[SN0105],2021-07-01,Exact-code point outside candidate current polygon; no transfer inferred.
gb:SEN:ADM2:50182788B8601261498481,Pikine,SN0103,279158,Miname Keur Massar,"[-17.3158261, 14.7885565]",Pikine,SN0103,Keur Massar[SN0105],2021-07-01,Exact-code point outside candidate current polygon; no transfer inferred.
gb:SEN:ADM2:50182788B8601261498481,Pikine,SN0103,279162,Jardin,"[-17.3081024, 14.7887695]",Pikine,SN0103,Keur Massar[SN0105],2021-07-01,Exact-code point outside candidate current polygon; no transfer inferred.
gb:SEN:ADM2:50182788B8601261498481,Pikine,SN0103,279166,Darou Salam,"[-17.3425447, 14.7888378]",Pikine,SN0103,Keur Massar[SN0105],2021-07-01,Exact-code point outside candidate current polygon; no transfer inferred.
gb:SEN:ADM2:50182788B8601261498481,Pikine,SN0103,279177,Darou Salam 1,"[-17.2948582, 14.7894348]",Pikine,SN0103,Keur Massar[SN0105],2021-07-01,Exact-code point outside candidate current polygon; no transfer inferred.
gb:SEN:ADM2:50182788B8601261498481,Pikine,SN0103,279180,Diacksao I,"[-17.3147776, 14.7895067]",Pikine,SN0103,Keur Massar[SN0105],2021-07-01,Exact-code point outside candidate current polygon; no transfer inferred.
gb:SEN:ADM2:50182788B8601261498481,Pikine,SN0103,279182,Ainoumady I,"[-17.3525719, 14.7895669]",Pikine,SN0103,Keur Massar[SN0105],2021-07-01,Exact-code point outside candidate current polygon; no transfer inferred.
gb:SEN:ADM2:50182788B8601261498481,Pikine,SN0103,279183,Ainoumady Ii,"[-17.3503622, 14.7895984]",Pikine,SN0103,Keur Massar[SN0105],2021-07-01,Exact-code point outside candidate current polygon; no transfer inferred.
gb:SEN:ADM2:50182788B8601261498481,Pikine,SN0103,279185,Sant Yalla I,"[-17.3100436, 14.7896807]",Pikine,SN0103,Keur Massar[SN0105],2021-07-01,Exact-code point outside candidate current polygon; no transfer inferred.
gb:SEN:ADM2:50182788B8601261498481,Pikine,SN0103,279186,Zone Recasement Ii,"[-17.3179464, 14.7897188]",Pikine,SN0103,Keur Massar[SN0105],2021-07-01,Exact-code point outside candidate current polygon; no transfer inferred.
gb:SEN:ADM2:50182788B8601261498481,Pikine,SN0103,279201,Darou Salam Montagne,"[-17.3247495, 14.7902647]",Pikine,SN0103,Keur Massar[SN0105],2021-07-01,Exact-code point outside candidate current polygon; no transfer inferred.
gb:SEN:ADM2:50182788B8601261498481,Pikine,SN0103,279203,Diamaguene Iii,"[-17.3359671, 14.7902778]",Pikine,SN0103,Keur Massar[SN0105],2021-07-01,Exact-code point outside candidate current polygon; no transfer inferred.
gb:SEN:ADM2:50182788B8601261498481,Pikine,SN0103,279214,Medina Peulh I,"[-17.3403721, 14.7906035]",Pikine,SN0103,Keur Massar[SN0105],2021-07-01,Exact-code point outside candidate current polygon; no transfer inferred.
gb:SEN:ADM2:50182788B8601261498481,Pikine,SN0103,279219,Diamaguene I,"[-17.3343673, 14.7908993]",Pikine,SN0103,Keur Massar[SN0105],2021-07-01,Exact-code point outside candidate current polygon; no transfer inferred.
gb:SEN:ADM2:50182788B8601261498481,Pikine,SN0103,279223,Bene Baraque,"[-17.3437961, 14.7912283]",Pikine,SN0103,Keur Massar[SN0105],2021-07-01,Exact-code point outside candidate current polygon; no transfer inferred.
gb:SEN:ADM2:50182788B8601261498481,Pikine,SN0103,279231,Ainoumady,"[-17.3478005, 14.7914315]",Pikine,SN0103,Keur Massar[SN0105],2021-07-01,Exact-code point outside candidate current polygon; no transfer inferred.
gb:SEN:ADM2:50182788B8601261498481,Pikine,SN0103,279247,Kawsara,"[-17.3309825, 14.7921985]",Pikine,SN0103,Keur Massar[SN0105],2021-07-01,Exact-code point outside candidate current polygon; no transfer inferred.
gb:SEN:ADM2:50182788B8601261498481,Pikine,SN0103,279259,Darou Rahmane Ii,"[-17.3134552, 14.7926551]",Pikine,SN0103,Keur Massar[SN0105],2021-07-01,Exact-code point outside candidate current polygon; no transfer inferred.
gb:SEN:ADM2:50182788B8601261498481,Pikine,SN0103,279268,Ainoumady Iii,"[-17.3504079, 14.792977]",Pikine,SN0103,Keur Massar[SN0105],2021-07-01,Exact-code point outside candidate current polygon; no transfer inferred.
gb:SEN:ADM2:50182788B8601261498481,Pikine,SN0103,279276,Alioune Gad,"[-17.3400848, 14.7932537]",Pikine,SN0103,Keur Massar[SN0105],2021-07-01,Exact-code point outside candidate current polygon; no transfer inferred.
gb:SEN:ADM2:50182788B8601261498481,Pikine,SN0103,279284,Darou Salam Warouwaye,"[-17.353803, 14.7935115]",Pikine,SN0103,Keur Massar[SN0105],2021-07-01,Exact-code point outside candidate current polygon; no transfer inferred.
gb:SEN:ADM2:50182788B8601261498481,Pikine,SN0103,279290,Cite Gadaye,"[-17.362099, 14.7938513]",Pikine,SN0103,Keur Massar[SN0105],2021-07-01,Exact-code point outside candidate current polygon; no transfer inferred.
gb:SEN:ADM2:50182788B8601261498481,Pikine,SN0103,279293,Kheureup,"[-17.3223752, 14.79402]",Pikine,SN0103,Keur Massar[SN0105],2021-07-01,Exact-code point outside candidate current polygon; no transfer inferred.
gb:SEN:ADM2:50182788B8601261498481,Pikine,SN0103,279296,Sam Sam Iii,"[-17.3170844, 14.7942449]",Pikine,SN0103,Keur Massar[SN0105],2021-07-01,Exact-code point outside candidate current polygon; no transfer inferred.
gb:SEN:ADM2:50182788B8601261498481,Pikine,SN0103,279322,Medina Malika,"[-17.3347926, 14.7950691]",Pikine,SN0103,Keur Massar[SN0105],2021-07-01,Exact-code point outside candidate current polygon; no transfer inferred.
gb:SEN:ADM2:50182788B8601261498481,Pikine,SN0103,279334,Gadiaga (Malika Est),"[-17.3380552, 14.7953613]",Pikine,SN0103,Keur Massar[SN0105],2021-07-01,Exact-code point outside candidate current polygon; no transfer inferred.
gb:SEN:ADM2:50182788B8601261498481,Pikine,SN0103,279337,Niayes Ndiorane,"[-17.3009604, 14.7957165]",Pikine,SN0103,Keur Massar[SN0105],2021-07-01,Exact-code point outside candidate current polygon; no transfer inferred.
gb:SEN:ADM2:50182788B8601261498481,Pikine,SN0103,279373,Medina,"[-17.3078365, 14.7978704]",Pikine,SN0103,Keur Massar[SN0105],2021-07-01,Exact-code point outside candidate current polygon; no transfer inferred.
gb:SEN:ADM2:50182788B8601261498481,Pikine,SN0103,279397,Diamalaye Malika,"[-17.3266796, 14.7988374]",Pikine,SN0103,Keur Massar[SN0105],2021-07-01,Exact-code point outside candidate current polygon; no transfer inferred.
gb:SEN:ADM2:50182788B8601261498481,Pikine,SN0103,279407,Darou Salam Ii,"[-17.3141214, 14.7994337]",Pikine,SN0103,Keur Massar[SN0105],2021-07-01,Exact-code point outside candidate current polygon; no transfer inferred.
gb:SEN:ADM2:50182788B8601261498481,Pikine,SN0103,279409,Malika,"[-17.3312009, 14.7996048]",Pikine,SN0103,Keur Massar[SN0105],2021-07-01,Exact-code point outside candidate current polygon; no transfer inferred.
gb:SEN:ADM2:50182788B8601261498481,Pikine,SN0103,279454,Malika Nord,"[-17.3389911, 14.8003661]",Pikine,SN0103,Keur Massar[SN0105],2021-07-01,Exact-code point outside candidate current polygon; no transfer inferred.
gb:SEN:ADM2:50182788B8601261498481,Pikine,SN0103,279487,Alioune Ndiaye,"[-17.3332935, 14.8025019]",Pikine,SN0103,Keur Massar[SN0105],2021-07-01,Exact-code point outside candidate current polygon; no transfer inferred.
gb:SEN:ADM2:50182788B8601261498481,Pikine,SN0103,279489,Malika Sur Mer,"[-17.3428682, 14.8025402]",Pikine,SN0103,Keur Massar[SN0105],2021-07-01,Exact-code point outside candidate current polygon; no transfer inferred.
gb:SEN:ADM2:50182788B8601261498481,Pikine,SN0103,279646,Nimzat Sant Yalla,"[-17.3046843, 14.8097739]",Pikine,SN0103,Keur Massar[SN0105],2021-07-01,Exact-code point outside candidate current polygon; no transfer inferred.
gb:SEN:ADM2:50182788B90737446104605,Gossas,SN0303,269072,Wouro Bai Bai,"[-15.7768502, 14.4369209]",Gossas,SN0303,Guinguinéo[SN0501],2021-07-01,Exact-code point outside candidate current polygon; no transfer inferred.
gb:SEN:ADM2:50182788B90737446104605,Gossas,SN0303,271045,Loumbi Diaoule,"[-15.6582365, 14.5108765]",Gossas,SN0303,Kaffrine[SN0402],2021-07-01,Exact-code point outside candidate current polygon; no transfer inferred.
gb:SEN:ADM2:50182788B90737446104605,Gossas,SN0303,271359,H2 Keur Ibrahima Sow,"[-15.9996549, 14.5244608]",Gossas,SN0303,Mbacké[SN0203],2021-07-01,Exact-code point outside candidate current polygon; no transfer inferred.
gb:SEN:ADM2:50182788B94115130730188,Saint Louis,SN1003,293548,H1 Mbaye Mbaye,"[-16.2744143, 15.8685664]",Saint Louis,SN1003,Louga[SN0803],2021-07-01,Exact-code point outside candidate current polygon; no transfer inferred.
gb:SEN:ADM2:50182788B94115130730188,Saint Louis,SN1003,293590,Ndambe Sow,"[-16.2672839, 15.8752155]",Saint Louis,SN1003,Louga[SN0803],2021-07-01,Exact-code point outside candidate current polygon; no transfer inferred.
gb:SEN:ADM2:50182788B94115130730188,Saint Louis,SN1003,293680,Ndabe Tall,"[-16.2634231, 15.8850812]",Saint Louis,SN1003,Louga[SN0803],2021-07-01,Exact-code point outside candidate current polygon; no transfer inferred.
gb:SEN:ADM2:50182788B94115130730188,Saint Louis,SN1003,294608,Niassene,"[-16.1699449, 16.0107137]",Saint Louis,SN1003,Dagana[SN1001],2021-07-01,Exact-code point outside candidate current polygon; no transfer inferred.
gb:SEN:ADM2:50182788B94115130730188,Saint Louis,SN1003,294610,Ndogal,"[-16.1643587, 16.0111147]",Saint Louis,SN1003,Dagana[SN1001],2021-07-01,Exact-code point outside candidate current polygon; no transfer inferred.
gb:SEN:ADM2:50182788B94115130730188,Saint Louis,SN1003,294625,H3 Keur Maka Niassene,"[-16.1487779, 16.0156638]",Saint Louis,SN1003,Dagana[SN1001],2021-07-01,Exact-code point outside candidate current polygon; no transfer inferred.
gb:SEN:ADM2:50182788B94115130730188,Saint Louis,SN1003,294642,H2 Gade Nar Keur Madieye,"[-16.1199339, 16.0167653]",Saint Louis,SN1003,Dagana[SN1001],2021-07-01,Exact-code point outside candidate current polygon; no transfer inferred.
gb:SEN:ADM2:50182788B94115130730188,Saint Louis,SN1003,294643,H2 Gade,"[-16.1194952, 16.016867]",Saint Louis,SN1003,Dagana[SN1001],2021-07-01,Exact-code point outside candidate current polygon; no transfer inferred.
gb:SEN:ADM2:50182788B94115130730188,Saint Louis,SN1003,294684,Keur Samba Niakour,"[-16.1247402, 16.0222358]",Saint Louis,SN1003,Dagana[SN1001],2021-07-01,Exact-code point outside candidate current polygon; no transfer inferred.
gb:SEN:ADM2:50182788B94115130730188,Saint Louis,SN1003,294740,Keur Madiop Bassine,"[-16.3310351, 16.0302836]",Saint Louis,SN1003,Dagana[SN1001],2021-07-01,Exact-code point outside candidate current polygon; no transfer inferred.
gb:SEN:ADM2:50182788B94115130730188,Saint Louis,SN1003,294919,Thilla I,"[-16.3315922, 16.0550541]",Saint Louis,SN1003,Dagana[SN1001],2021-07-01,Exact-code point outside candidate current polygon; no transfer inferred.
gb:SEN:ADM2:50182788B94115130730188,Saint Louis,SN1003,295183,H2 Keur Abdou Ndene Sow,"[-16.3340845, 16.0952047]",Saint Louis,SN1003,Dagana[SN1001],2021-07-01,Exact-code point outside candidate current polygon; no transfer inferred.
gb:SEN:ADM2:50182788B94115130730188,Saint Louis,SN1003,295389,H1 Keur Oumar Ka,"[-16.3309322, 16.1257826]",Saint Louis,SN1003,Dagana[SN1001],2021-07-01,Exact-code point outside candidate current polygon; no transfer inferred.
gb:SEN:ADM2:50182788B94115130730188,Saint Louis,SN1003,295418,Ndialame Bambara,"[-16.3326883, 16.1311132]",Saint Louis,SN1003,Dagana[SN1001],2021-07-01,Exact-code point outside candidate current polygon; no transfer inferred.
gb:SEN:ADM2:50182788B94177495754038,Dagana,SN1001,295277,Lampsar,"[-16.3474, 16.1080909]",Dagana,SN1001,Saint Louis[SN1003],2021-07-01,Exact-code point outside candidate current polygon; no transfer inferred.
gb:SEN:ADM2:50182788B94177495754038,Dagana,SN1001,297752,Dieuk,"[-15.9, 16.516667]",Dagana,SN1001,outside all current COD-AB polygons,2021-07-01,Exact-code point outside candidate current polygon; no transfer inferred.
gb:SEN:ADM2:50182788B94177495754038,Dagana,SN1001,297753,Dieuk,"[-15.9, 16.516667]",Dagana,SN1001,outside all current COD-AB polygons,2021-07-01,Exact-code point outside candidate current polygon; no transfer inferred.
gb:SEN:ADM2:50182788B94177495754038,Dagana,SN1001,297756,"Dagana, Foret Classee De","[-15.533333, 16.516667]",Dagana,SN1001,outside all current COD-AB polygons,2021-07-01,Exact-code point outside candidate current polygon; no transfer inferred.
gb:SEN:ADM2:50182788B94177495754038,Dagana,SN1001,297757,"Dagana, Foret Classee De","[-15.533333, 16.516667]",Dagana,SN1001,outside all current COD-AB polygons,2021-07-01,Exact-code point outside candidate current polygon; no transfer inferred.
gb:SEN:ADM2:50182788B94177495754038,Dagana,SN1001,298082,Gourel Bakar Sy,"[-15.35, 16.566667]",Dagana,SN1001,outside all current COD-AB polygons,2021-07-01,Exact-code point outside candidate current polygon; no transfer inferred.
gb:SEN:ADM2:50182788B94177495754038,Dagana,SN1001,298083,Gourel Bakar Sy,"[-15.35, 16.566667]",Dagana,SN1001,outside all current COD-AB polygons,2021-07-01,Exact-code point outside candidate current polygon; no transfer inferred.
gb:SEN:ADM2:50182788B95113260184043,Matam,SN0902,288847,H1 Keur Saickou Diallo,"[-13.6381203, 15.3948673]",Matam,SN0902,Ranérou[SN0903],2021-07-01,Exact-code point outside candidate current polygon; no transfer inferred.
gb:SEN:ADM2:50182788B95113260184043,Matam,SN0902,289036,Lotoke,"[-13.3560466, 15.4122929]",Matam,SN0902,Kanel[SN0901],2021-07-01,Exact-code point outside candidate current polygon; no transfer inferred.
gb:SEN:ADM2:50182788B95113260184043,Matam,SN0902,289630,Ndoulacky,"[-13.7476922, 15.4686006]",Matam,SN0902,Ranérou[SN0903],2021-07-01,Exact-code point outside candidate current polygon; no transfer inferred.
gb:SEN:ADM2:50182788B95113260184043,Matam,SN0902,289878,Sinthiane,"[-13.2146184, 15.4938455]",Matam,SN0902,Kanel[SN0901],2021-07-01,Exact-code point outside candidate current polygon; no transfer inferred.
gb:SEN:ADM2:50182788B95113260184043,Matam,SN0902,295238,Goureye,"[-13.454491, 16.101904]",Matam,SN0902,outside all current COD-AB polygons,2021-07-01,Exact-code point outside candidate current polygon; no transfer inferred.
gb:SEN:ADM2:50182788B95113260184043,Matam,SN0902,295239,Goureye,"[-13.454491, 16.101904]",Matam,SN0902,outside all current COD-AB polygons,2021-07-01,Exact-code point outside candidate current polygon; no transfer inferred.
gb:SEN:ADM2:50182788B95113260184043,Matam,SN0902,295359,Barogal,"[-13.496125, 16.11985]",Matam,SN0902,outside all current COD-AB polygons,2021-07-01,Exact-code point outside candidate current polygon; no transfer inferred.
gb:SEN:ADM2:50182788B95113260184043,Matam,SN0902,295360,Barogal,"[-13.496125, 16.11985]",Matam,SN0902,outside all current COD-AB polygons,2021-07-01,Exact-code point outside candidate current polygon; no transfer inferred.
gb:SEN:ADM2:50182788B97054679922117,Guinguineo,SN0501,262952,Ndoffane Coly,"[-16.1199029, 14.2201127]",Guinguineo,SN0501,Kaolack[SN0502],2021-07-01,Exact-code point outside candidate current polygon; no transfer inferred.
gb:SEN:ADM2:50182788B97054679922117,Guinguineo,SN0501,265733,Mande Keur Diegane Diop,"[-16.1286224, 14.3185741]",Guinguineo,SN0501,Kaolack[SN0502],2021-07-01,Exact-code point outside candidate current polygon; no transfer inferred.
gb:SEN:ADM2:50182788B97054679922117,Guinguineo,SN0501,266101,Kangarel 2,"[-16.1171868, 14.33274]",Guinguineo,SN0501,Kaolack[SN0502],2021-07-01,Exact-code point outside candidate current polygon; no transfer inferred.
gb:SEN:ADM2:50182788B97054679922117,Guinguineo,SN0501,266206,H1 Loumbal Dara,"[-15.6893039, 14.3348475]",Guinguineo,SN0501,Kaffrine[SN0402],2021-07-01,Exact-code point outside candidate current polygon; no transfer inferred.
