atlas_id,source_shape_id,atlas_name,source_name,parent_name,parent_id,source_role,atlas_admin_role,semantic_role_finding,tigerweb_2025_geoid,tigerweb_2025_name,tigerweb_2026_geoid,tigerweb_2026_name,tigerweb_2026_statefp,tigerweb_2026_countyfp,tigerweb_2026_lsadc,tigerweb_2026_arealand_m2,tigerweb_2026_areawater_m2,land_area_share_of_scoped_state,water_to_land_area_ratio,source_2018_geometry_type,source_2018_polygon_parts,tigerweb_2025_geometry_type,tigerweb_2025_polygon_parts,tigerweb_2026_geometry_type,tigerweb_2026_polygon_parts,identity_and_parent_finding,iou_2018_to_2025_epsg4326_screen,iou_2018_to_2026_epsg4326_screen,iou_2025_to_2026_epsg4326_screen,boundary_screen,whole_geometry_status,interpretation
gb:USA:ADM2:52423323B10055621117527,52423323B10055621117527,Lancaster,Lancaster,South Carolina,framework:province:south-carolina:2f069d91e59d,ADM2,Counties,justified,45057,Lancaster County,45057,Lancaster County,45,057,06,1422349842,15704469,0.01826664,0.01104121,Polygon,1,Polygon,1,Polygon,1,justified,0.983333178,0.983333178,1.000000000,no-large-difference-screen-only,insufficient-evidence,High 2018/2026 overlap is screening evidence only; it does not certify the authoritative boundary.
gb:USA:ADM2:52423323B10780727675908,52423323B10780727675908,Caswell,Caswell,North Carolina,framework:province:north-carolina:fec219a0870e,ADM2,Counties,justified,37033,Caswell County,37033,Caswell County,37,033,06,1102042925,8293624,0.00875077,0.00752568,Polygon,1,Polygon,1,Polygon,1,justified,0.999104562,0.999104562,1.000000000,no-large-difference-screen-only,insufficient-evidence,High 2018/2026 overlap is screening evidence only; it does not certify the authoritative boundary.
gb:USA:ADM2:52423323B11034045930208,52423323B11034045930208,Logan,Logan,West Virginia,framework:province:west-virginia:4c9dc6438fb1,ADM2,Counties,justified,54045,Logan County,54045,Logan County,54,045,06,1173052363,4650787,0.01883912,0.00396469,Polygon,1,Polygon,1,Polygon,1,justified,0.974763867,0.974763867,1.000000000,no-large-difference-screen-only,insufficient-evidence,High 2018/2026 overlap is screening evidence only; it does not certify the authoritative boundary.
gb:USA:ADM2:52423323B11217217149990,52423323B11217217149990,Calhoun,Calhoun,Florida,framework:province:florida:b4fb65ca8dfe,ADM2,Counties,justified,12013,Calhoun County,12013,Calhoun County,12,013,06,1469394584,18070424,0.01057316,0.01229787,Polygon,1,Polygon,1,Polygon,1,justified,0.990815648,0.990815648,1.000000000,no-large-difference-screen-only,insufficient-evidence,High 2018/2026 overlap is screening evidence only; it does not certify the authoritative boundary.
gb:USA:ADM2:52423323B11454809492263,52423323B11454809492263,Beaufort,Beaufort,South Carolina,framework:province:south-carolina:2f069d91e59d,ADM2,Counties,justified,45013,Beaufort County,45013,Beaufort County,45,013,06,1491801125,900133214,0.01915857,0.60338687,Polygon,1,Polygon,1,Polygon,1,justified,0.758441411,0.758441411,1.000000000,manual-review-priority,insufficient-evidence,2018/2026 footprint overlap is below 95%; distinguish source-vintage and water extent from a true boundary error.
gb:USA:ADM2:52423323B11679801882970,52423323B11679801882970,Berkeley,Berkeley,West Virginia,framework:province:west-virginia:4c9dc6438fb1,ADM2,Counties,justified,54003,Berkeley County,54003,Berkeley County,54,003,06,831725075,1057614,0.01335743,0.00127159,Polygon,1,Polygon,1,Polygon,1,justified,0.988563523,0.988563523,1.000000000,no-large-difference-screen-only,insufficient-evidence,High 2018/2026 overlap is screening evidence only; it does not certify the authoritative boundary.
gb:USA:ADM2:52423323B12098340912267,52423323B12098340912267,Richland,Richland,South Carolina,framework:province:south-carolina:2f069d91e59d,ADM2,Counties,justified,45079,Richland County,45079,Richland County,45,079,06,1961406638,37974727,0.02518952,0.01936097,Polygon,1,Polygon,1,Polygon,1,justified,0.983487260,0.983487260,1.000000000,no-large-difference-screen-only,insufficient-evidence,High 2018/2026 overlap is screening evidence only; it does not certify the authoritative boundary.
gb:USA:ADM2:52423323B12346389629957,52423323B12346389629957,Tucker,Tucker,West Virginia,framework:province:west-virginia:4c9dc6438fb1,ADM2,Counties,justified,54093,Tucker County,54093,Tucker County,54,093,06,1085313657,5310176,0.01743004,0.00489276,Polygon,1,Polygon,1,Polygon,1,justified,0.989202750,0.989202750,1.000000000,no-large-difference-screen-only,insufficient-evidence,High 2018/2026 overlap is screening evidence only; it does not certify the authoritative boundary.
gb:USA:ADM2:52423323B1235583382537,52423323B1235583382537,Davie,Davie,North Carolina,framework:province:north-carolina:fec219a0870e,ADM2,Counties,justified,37059,Davie County,37059,Davie County,37,059,06,682979970,7508991,0.00542320,0.01099445,Polygon,1,Polygon,1,Polygon,1,justified,0.981300385,0.981300385,1.000000000,no-large-difference-screen-only,insufficient-evidence,High 2018/2026 overlap is screening evidence only; it does not certify the authoritative boundary.
gb:USA:ADM2:52423323B12414310346130,52423323B12414310346130,Nash,Nash,North Carolina,framework:province:north-carolina:fec219a0870e,ADM2,Counties,justified,37127,Nash County,37127,Nash County,37,127,06,1399745021,6172712,0.01111467,0.00440988,Polygon,1,Polygon,1,Polygon,1,justified,0.991501392,0.991501392,1.000000000,no-large-difference-screen-only,insufficient-evidence,High 2018/2026 overlap is screening evidence only; it does not certify the authoritative boundary.
gb:USA:ADM2:52423323B12415258614636,52423323B12415258614636,Union,Union,North Carolina,framework:province:north-carolina:fec219a0870e,ADM2,Counties,justified,37179,Union County,37179,Union County,37,179,06,1638797832,17872557,0.01301287,0.01090589,Polygon,1,Polygon,1,Polygon,1,justified,0.996331932,0.996331932,1.000000000,no-large-difference-screen-only,insufficient-evidence,High 2018/2026 overlap is screening evidence only; it does not certify the authoritative boundary.
gb:USA:ADM2:52423323B12833551098527,52423323B12833551098527,Brunswick,Brunswick,North Carolina,framework:province:north-carolina:fec219a0870e,ADM2,Counties,justified,37019,Brunswick County,37019,Brunswick County,37,019,06,2200173994,518086807,0.01747047,0.23547538,Polygon,1,Polygon,1,Polygon,1,justified,0.846189746,0.846189746,1.000000000,manual-review-priority,insufficient-evidence,2018/2026 footprint overlap is below 95%; distinguish source-vintage and water extent from a true boundary error.
gb:USA:ADM2:52423323B12905112958239,52423323B12905112958239,Washington,Washington,Florida,framework:province:florida:b4fb65ca8dfe,ADM2,Counties,justified,12133,Washington County,12133,Washington County,12,133,06,1514306475,81007654,0.01089633,0.05349489,Polygon,1,Polygon,1,Polygon,1,justified,0.989643872,0.989643872,1.000000000,no-large-difference-screen-only,insufficient-evidence,High 2018/2026 overlap is screening evidence only; it does not certify the authoritative boundary.
gb:USA:ADM2:52423323B12938899253379,52423323B12938899253379,Cherokee,Cherokee,North Carolina,framework:province:north-carolina:fec219a0870e,ADM2,Counties,justified,37039,Cherokee County,37039,Cherokee County,37,039,06,1179842067,28813678,0.00936853,0.02442164,Polygon,1,Polygon,1,Polygon,1,justified,0.990675805,0.990675805,1.000000000,no-large-difference-screen-only,insufficient-evidence,High 2018/2026 overlap is screening evidence only; it does not certify the authoritative boundary.
gb:USA:ADM2:52423323B12945765623889,52423323B12945765623889,Miami-Dade,Miami-Dade,Florida,framework:province:florida:b4fb65ca8dfe,ADM2,Counties,justified,12086,Miami-Dade County,12086,Miami-Dade County,12,086,06,4920961268,1267351713,0.03540922,0.25754149,MultiPolygon,2,Polygon,1,Polygon,1,justified,0.846481826,0.846481826,1.000000000,manual-review-priority,insufficient-evidence,2018/2026 footprint overlap is below 95%; distinguish source-vintage and water extent from a true boundary error.
gb:USA:ADM2:52423323B13440849980241,52423323B13440849980241,Hampton,Hampton,South Carolina,framework:province:south-carolina:2f069d91e59d,ADM2,Counties,justified,45049,Hampton County,45049,Hampton County,45,049,06,1450327695,7072733,0.01862595,0.00487664,Polygon,1,Polygon,1,Polygon,1,justified,0.990405688,0.990405688,1.000000000,no-large-difference-screen-only,insufficient-evidence,High 2018/2026 overlap is screening evidence only; it does not certify the authoritative boundary.
gb:USA:ADM2:52423323B13528942112308,52423323B13528942112308,Hendry,Hendry,Florida,framework:province:florida:b4fb65ca8dfe,ADM2,Counties,justified,12051,Hendry County,12051,Hendry County,12,051,06,2993907700,86567285,0.02154293,0.02891448,Polygon,1,Polygon,1,Polygon,1,justified,0.995886013,0.995886013,1.000000000,no-large-difference-screen-only,insufficient-evidence,High 2018/2026 overlap is screening evidence only; it does not certify the authoritative boundary.
gb:USA:ADM2:52423323B13826815912541,52423323B13826815912541,Glades,Glades,Florida,framework:province:florida:b4fb65ca8dfe,ADM2,Counties,justified,12043,Glades County,12043,Glades County,12,043,06,2089658733,467294505,0.01503633,0.22362240,Polygon,1,Polygon,1,Polygon,1,justified,0.997080185,0.997080185,1.000000000,no-large-difference-screen-only,insufficient-evidence,High 2018/2026 overlap is screening evidence only; it does not certify the authoritative boundary.
gb:USA:ADM2:52423323B14263080963128,52423323B14263080963128,Cumberland,Cumberland,North Carolina,framework:province:north-carolina:fec219a0870e,ADM2,Counties,justified,37051,Cumberland County,37051,Cumberland County,37,051,06,1690140238,15309330,0.01342055,0.00905802,Polygon,1,Polygon,1,Polygon,1,justified,0.990155748,0.990155748,1.000000000,no-large-difference-screen-only,insufficient-evidence,High 2018/2026 overlap is screening evidence only; it does not certify the authoritative boundary.
gb:USA:ADM2:52423323B14296787713089,52423323B14296787713089,Warren,Warren,North Carolina,framework:province:north-carolina:fec219a0870e,ADM2,Counties,justified,37185,Warren County,37185,Warren County,37,185,06,1112119296,38613737,0.00883078,0.03472086,Polygon,1,Polygon,1,Polygon,1,justified,0.994083607,0.994083607,1.000000000,no-large-difference-screen-only,insufficient-evidence,High 2018/2026 overlap is screening evidence only; it does not certify the authoritative boundary.
gb:USA:ADM2:52423323B14354117939390,52423323B14354117939390,Chatham,Chatham,North Carolina,framework:province:north-carolina:fec219a0870e,ADM2,Counties,justified,37037,Chatham County,37037,Chatham County,37,037,06,1765010720,70580585,0.01401506,0.03998876,Polygon,1,Polygon,1,Polygon,1,justified,0.994965369,0.994965369,1.000000000,no-large-difference-screen-only,insufficient-evidence,High 2018/2026 overlap is screening evidence only; it does not certify the authoritative boundary.
gb:USA:ADM2:52423323B1474651347139,52423323B1474651347139,Pasco,Pasco,Florida,framework:province:florida:b4fb65ca8dfe,ADM2,Counties,justified,12101,Pasco County,12101,Pasco County,12,101,06,1933956388,694061987,0.01391596,0.35888192,MultiPolygon,2,Polygon,1,Polygon,1,justified,0.759530487,0.759550149,0.999964656,manual-review-priority,insufficient-evidence,2018/2026 footprint overlap is below 95%; distinguish source-vintage and water extent from a true boundary error.
gb:USA:ADM2:52423323B15178674781049,52423323B15178674781049,Franklin,Franklin,Florida,framework:province:florida:b4fb65ca8dfe,ADM2,Counties,justified,12037,Franklin County,12037,Franklin County,12,037,06,1411549431,2270390072,0.01015693,1.60843823,MultiPolygon,2,Polygon,1,Polygon,1,justified,0.438432314,0.438432314,1.000000000,manual-review-priority,insufficient-evidence,2018/2026 footprint overlap is below 95%; distinguish source-vintage and water extent from a true boundary error.
gb:USA:ADM2:52423323B15399017802977,52423323B15399017802977,Okeechobee,Okeechobee,Florida,framework:province:florida:b4fb65ca8dfe,ADM2,Counties,justified,12093,Okeechobee County,12093,Okeechobee County,12,093,06,1992482218,317885012,0.01433708,0.15954221,Polygon,1,Polygon,1,Polygon,1,justified,0.993161628,0.993161628,1.000000000,no-large-difference-screen-only,insufficient-evidence,High 2018/2026 overlap is screening evidence only; it does not certify the authoritative boundary.
gb:USA:ADM2:52423323B15524353330478,52423323B15524353330478,Union,Union,Florida,framework:province:florida:b4fb65ca8dfe,ADM2,Counties,justified,12125,Union County,12125,Union County,12,125,06,631672854,15181110,0.00454526,0.02403318,Polygon,1,Polygon,1,Polygon,1,justified,0.984388927,0.984388927,1.000000000,no-large-difference-screen-only,insufficient-evidence,High 2018/2026 overlap is screening evidence only; it does not certify the authoritative boundary.
gb:USA:ADM2:52423323B15878537434027,52423323B15878537434027,Harrison,Harrison,West Virginia,framework:province:west-virginia:4c9dc6438fb1,ADM2,Counties,justified,54033,Harrison County,54033,Harrison County,54,033,06,1077461965,1313215,0.01730395,0.00121880,Polygon,1,Polygon,1,Polygon,1,justified,0.988237051,0.988237051,1.000000000,no-large-difference-screen-only,insufficient-evidence,High 2018/2026 overlap is screening evidence only; it does not certify the authoritative boundary.
gb:USA:ADM2:52423323B16296289860077,52423323B16296289860077,Kershaw,Kershaw,South Carolina,framework:province:south-carolina:2f069d91e59d,ADM2,Counties,justified,45055,Kershaw County,45055,Kershaw County,45,055,06,1881957707,35307484,0.02416919,0.01876104,Polygon,1,Polygon,1,Polygon,1,justified,0.989847727,0.989847727,1.000000000,no-large-difference-screen-only,insufficient-evidence,High 2018/2026 overlap is screening evidence only; it does not certify the authoritative boundary.
gb:USA:ADM2:52423323B16928233595838,52423323B16928233595838,Fairfield,Fairfield,South Carolina,framework:province:south-carolina:2f069d91e59d,ADM2,Counties,justified,45039,Fairfield County,45039,Fairfield County,45,039,06,1777524078,61046512,0.02282799,0.03434356,Polygon,1,Polygon,1,Polygon,1,justified,0.994169084,0.994169084,1.000000000,no-large-difference-screen-only,insufficient-evidence,High 2018/2026 overlap is screening evidence only; it does not certify the authoritative boundary.
gb:USA:ADM2:52423323B17101546722120,52423323B17101546722120,Collier,Collier,Florida,framework:province:florida:b4fb65ca8dfe,ADM2,Counties,justified,12021,Collier County,12021,Collier County,12,021,06,5172271811,1574750459,0.03721755,0.30446011,Polygon,1,Polygon,1,Polygon,1,justified,0.807083274,0.807083274,1.000000000,manual-review-priority,insufficient-evidence,2018/2026 footprint overlap is below 95%; distinguish source-vintage and water extent from a true boundary error.
gb:USA:ADM2:52423323B17834677594816,52423323B17834677594816,Surry,Surry,North Carolina,framework:province:north-carolina:fec219a0870e,ADM2,Counties,justified,37171,Surry County,37171,Surry County,37,171,06,1379542818,10391699,0.01095425,0.00753271,Polygon,1,Polygon,1,Polygon,1,justified,0.989098287,0.989098287,1.000000000,no-large-difference-screen-only,insufficient-evidence,High 2018/2026 overlap is screening evidence only; it does not certify the authoritative boundary.
gb:USA:ADM2:52423323B179276843030,52423323B179276843030,Buncombe,Buncombe,North Carolina,framework:province:north-carolina:fec219a0870e,ADM2,Counties,justified,37021,Buncombe County,37021,Buncombe County,37,021,06,1700312984,8930121,0.01350133,0.00525205,Polygon,1,Polygon,1,Polygon,1,justified,0.985018007,0.985018007,1.000000000,no-large-difference-screen-only,insufficient-evidence,High 2018/2026 overlap is screening evidence only; it does not certify the authoritative boundary.
gb:USA:ADM2:52423323B18388852349045,52423323B18388852349045,Charleston,Charleston,South Carolina,framework:province:south-carolina:2f069d91e59d,ADM2,Counties,justified,45019,Charleston County,45019,Charleston County,45,019,06,2378283563,1161968684,0.03054329,0.48857449,Polygon,1,Polygon,1,Polygon,1,justified,0.744769603,0.744769603,1.000000000,manual-review-priority,insufficient-evidence,2018/2026 footprint overlap is below 95%; distinguish source-vintage and water extent from a true boundary error.
gb:USA:ADM2:52423323B18457012552494,52423323B18457012552494,Seminole,Seminole,Florida,framework:province:florida:b4fb65ca8dfe,ADM2,Counties,justified,12117,Seminole County,12117,Seminole County,12,117,06,801317561,93106501,0.00576595,0.11619176,Polygon,1,Polygon,1,Polygon,1,justified,0.988960169,0.988960169,1.000000000,no-large-difference-screen-only,insufficient-evidence,High 2018/2026 overlap is screening evidence only; it does not certify the authoritative boundary.
gb:USA:ADM2:52423323B19490558712126,52423323B19490558712126,Transylvania,Transylvania,North Carolina,framework:province:north-carolina:fec219a0870e,ADM2,Counties,justified,37175,Transylvania County,37175,Transylvania County,37,175,06,979960829,5073763,0.00778137,0.00517752,Polygon,1,Polygon,1,Polygon,1,justified,0.989022256,0.989022256,1.000000000,no-large-difference-screen-only,insufficient-evidence,High 2018/2026 overlap is screening evidence only; it does not certify the authoritative boundary.
gb:USA:ADM2:52423323B20033821816181,52423323B20033821816181,Greene,Greene,North Carolina,framework:province:north-carolina:fec219a0870e,ADM2,Counties,justified,37079,Greene County,37079,Greene County,37,079,06,690842902,1225570,0.00548563,0.00177402,Polygon,1,Polygon,1,Polygon,1,justified,0.986197476,0.986197476,1.000000000,no-large-difference-screen-only,insufficient-evidence,High 2018/2026 overlap is screening evidence only; it does not certify the authoritative boundary.
gb:USA:ADM2:52423323B20153460814432,52423323B20153460814432,Ohio,Ohio,West Virginia,framework:province:west-virginia:4c9dc6438fb1,ADM2,Counties,justified,54069,Ohio County,54069,Ohio County,54,069,06,274628996,8267512,0.00441052,0.03010429,Polygon,1,Polygon,1,Polygon,1,justified,0.994760716,0.994760716,1.000000000,no-large-difference-screen-only,insufficient-evidence,High 2018/2026 overlap is screening evidence only; it does not certify the authoritative boundary.
gb:USA:ADM2:52423323B20661288428578,52423323B20661288428578,Hancock,Hancock,West Virginia,framework:province:west-virginia:4c9dc6438fb1,ADM2,Counties,justified,54029,Hancock County,54029,Hancock County,54,029,06,213958963,13877481,0.00343616,0.06486048,Polygon,1,Polygon,1,Polygon,1,justified,0.996038575,0.996038575,1.000000000,no-large-difference-screen-only,insufficient-evidence,High 2018/2026 overlap is screening evidence only; it does not certify the authoritative boundary.
gb:USA:ADM2:52423323B20904030146167,52423323B20904030146167,Putnam,Putnam,Florida,framework:province:florida:b4fb65ca8dfe,ADM2,Counties,justified,12107,Putnam County,12107,Putnam County,12,107,06,1886565313,255149987,0.01357495,0.13524577,Polygon,1,Polygon,1,Polygon,1,justified,0.994911033,0.994911033,1.000000000,no-large-difference-screen-only,insufficient-evidence,High 2018/2026 overlap is screening evidence only; it does not certify the authoritative boundary.
gb:USA:ADM2:52423323B21555121079401,52423323B21555121079401,Hertford,Hertford,North Carolina,framework:province:north-carolina:fec219a0870e,ADM2,Counties,justified,37091,Hertford County,37091,Hertford County,37,091,06,914689344,18737418,0.00726309,0.02048501,Polygon,1,Polygon,1,Polygon,1,justified,0.986820565,0.986820565,1.000000000,no-large-difference-screen-only,insufficient-evidence,High 2018/2026 overlap is screening evidence only; it does not certify the authoritative boundary.
gb:USA:ADM2:52423323B23187437311114,52423323B23187437311114,Jefferson,Jefferson,Florida,framework:province:florida:b4fb65ca8dfe,ADM2,Counties,justified,12065,Jefferson County,12065,Jefferson County,12,065,06,1549018600,193063919,0.01114610,0.12463628,Polygon,1,Polygon,1,Polygon,1,justified,0.902903987,0.902903987,1.000000000,manual-review-priority,insufficient-evidence,2018/2026 footprint overlap is below 95%; distinguish source-vintage and water extent from a true boundary error.
gb:USA:ADM2:52423323B24171754221857,52423323B24171754221857,Gilchrist,Gilchrist,Florida,framework:province:florida:b4fb65ca8dfe,ADM2,Counties,justified,12041,Gilchrist County,12041,Gilchrist County,12,041,06,905705561,14362143,0.00651709,0.01585741,Polygon,1,Polygon,1,Polygon,1,justified,0.982232278,0.982232278,1.000000000,no-large-difference-screen-only,insufficient-evidence,High 2018/2026 overlap is screening evidence only; it does not certify the authoritative boundary.
gb:USA:ADM2:52423323B24644642941407,52423323B24644642941407,New Hanover,New Hanover,North Carolina,framework:province:north-carolina:fec219a0870e,ADM2,Counties,justified,37129,New Hanover County,37129,New Hanover County,37,129,06,498098112,353686027,0.00395515,0.71007301,Polygon,1,Polygon,1,Polygon,1,justified,0.659744330,0.659744330,1.000000000,manual-review-priority,insufficient-evidence,2018/2026 footprint overlap is below 95%; distinguish source-vintage and water extent from a true boundary error.
gb:USA:ADM2:52423323B24740485283278,52423323B24740485283278,Spartanburg,Spartanburg,South Carolina,framework:province:south-carolina:2f069d91e59d,ADM2,Counties,justified,45083,Spartanburg County,45083,Spartanburg County,45,083,06,2093768350,29435440,0.02688938,0.01405859,Polygon,1,Polygon,1,Polygon,1,justified,0.993689407,0.993689407,1.000000000,no-large-difference-screen-only,insufficient-evidence,High 2018/2026 overlap is screening evidence only; it does not certify the authoritative boundary.
gb:USA:ADM2:52423323B24761978339557,52423323B24761978339557,Franklin,Franklin,North Carolina,framework:province:north-carolina:fec219a0870e,ADM2,Counties,justified,37069,Franklin County,37069,Franklin County,37,069,06,1273978406,6957242,0.01011602,0.00546104,Polygon,1,Polygon,1,Polygon,1,justified,0.993929629,0.993929629,1.000000000,no-large-difference-screen-only,insufficient-evidence,High 2018/2026 overlap is screening evidence only; it does not certify the authoritative boundary.
gb:USA:ADM2:52423323B25764117522336,52423323B25764117522336,Gilmer,Gilmer,West Virginia,framework:province:west-virginia:4c9dc6438fb1,ADM2,Counties,justified,54021,Gilmer County,54021,Gilmer County,54,021,06,876717614,4082113,0.01408001,0.00465613,Polygon,1,Polygon,1,Polygon,1,justified,0.985876060,0.985876060,1.000000000,no-large-difference-screen-only,insufficient-evidence,High 2018/2026 overlap is screening evidence only; it does not certify the authoritative boundary.
gb:USA:ADM2:52423323B25945038003590,52423323B25945038003590,Marion,Marion,West Virginia,framework:province:west-virginia:4c9dc6438fb1,ADM2,Counties,justified,54049,Marion County,54049,Marion County,54,049,06,799749333,7079302,0.01284391,0.00885190,Polygon,1,Polygon,1,Polygon,1,justified,0.984720225,0.984720225,1.000000000,no-large-difference-screen-only,insufficient-evidence,High 2018/2026 overlap is screening evidence only; it does not certify the authoritative boundary.
gb:USA:ADM2:52423323B26366836110936,52423323B26366836110936,Morgan,Morgan,West Virginia,framework:province:west-virginia:4c9dc6438fb1,ADM2,Counties,justified,54065,Morgan County,54065,Morgan County,54,065,06,593355934,1401571,0.00952925,0.00236211,Polygon,1,Polygon,1,Polygon,1,justified,0.987800944,0.987800944,1.000000000,no-large-difference-screen-only,insufficient-evidence,High 2018/2026 overlap is screening evidence only; it does not certify the authoritative boundary.
gb:USA:ADM2:52423323B2648092614406,52423323B2648092614406,Rutherford,Rutherford,North Carolina,framework:province:north-carolina:fec219a0870e,ADM2,Counties,justified,37161,Rutherford County,37161,Rutherford County,37,161,06,1464475285,4693781,0.01162866,0.00320509,Polygon,1,Polygon,1,Polygon,1,justified,0.990140154,0.990140154,1.000000000,no-large-difference-screen-only,insufficient-evidence,High 2018/2026 overlap is screening evidence only; it does not certify the authoritative boundary.
gb:USA:ADM2:52423323B26821031365156,52423323B26821031365156,Calhoun,Calhoun,South Carolina,framework:province:south-carolina:2f069d91e59d,ADM2,Counties,justified,45017,Calhoun County,45017,Calhoun County,45,017,06,987164241,29365855,0.01267773,0.02974769,Polygon,1,Polygon,1,Polygon,1,justified,0.976747559,0.976747559,1.000000000,no-large-difference-screen-only,insufficient-evidence,High 2018/2026 overlap is screening evidence only; it does not certify the authoritative boundary.
gb:USA:ADM2:52423323B27040576130410,52423323B27040576130410,Marion,Marion,Florida,framework:province:florida:b4fb65ca8dfe,ADM2,Counties,justified,12083,Marion County,12083,Marion County,12,083,06,4114048431,192244417,0.02960300,0.04672877,Polygon,1,Polygon,1,Polygon,1,justified,0.996042705,0.996042705,1.000000000,no-large-difference-screen-only,insufficient-evidence,High 2018/2026 overlap is screening evidence only; it does not certify the authoritative boundary.
gb:USA:ADM2:52423323B27279553412365,52423323B27279553412365,Gaston,Gaston,North Carolina,framework:province:north-carolina:fec219a0870e,ADM2,Counties,justified,37071,Gaston County,37071,Gaston County,37,071,06,921388795,20549902,0.00731628,0.02230318,Polygon,1,Polygon,1,Polygon,1,justified,0.989384145,0.989384145,1.000000000,no-large-difference-screen-only,insufficient-evidence,High 2018/2026 overlap is screening evidence only; it does not certify the authoritative boundary.
gb:USA:ADM2:52423323B27353440150163,52423323B27353440150163,Greenville,Greenville,South Carolina,framework:province:south-carolina:2f069d91e59d,ADM2,Counties,justified,45045,Greenville County,45045,Greenville County,45,045,06,2035579821,24951815,0.02614209,0.01225784,Polygon,1,Polygon,1,Polygon,1,justified,0.988771033,0.988771033,1.000000000,no-large-difference-screen-only,insufficient-evidence,High 2018/2026 overlap is screening evidence only; it does not certify the authoritative boundary.
gb:USA:ADM2:52423323B27439582532785,52423323B27439582532785,Jasper,Jasper,South Carolina,framework:province:south-carolina:2f069d91e59d,ADM2,Counties,justified,45053,Jasper County,45053,Jasper County,45,053,06,1696871802,120082783,0.02179221,0.07076715,Polygon,1,Polygon,1,Polygon,1,justified,0.940663796,0.940663796,1.000000000,manual-review-priority,insufficient-evidence,2018/2026 footprint overlap is below 95%; distinguish source-vintage and water extent from a true boundary error.
gb:USA:ADM2:52423323B28238125667725,52423323B28238125667725,Northampton,Northampton,North Carolina,framework:province:north-carolina:fec219a0870e,ADM2,Counties,justified,37131,Northampton County,37131,Northampton County,37,131,06,1390086992,35836941,0.01103798,0.02578036,Polygon,1,Polygon,1,Polygon,1,justified,0.990063976,0.990063976,1.000000000,no-large-difference-screen-only,insufficient-evidence,High 2018/2026 overlap is screening evidence only; it does not certify the authoritative boundary.
gb:USA:ADM2:52423323B28325681082817,52423323B28325681082817,Granville,Granville,North Carolina,framework:province:north-carolina:fec219a0870e,ADM2,Counties,justified,37077,Granville County,37077,Granville County,37,077,06,1377850199,14503653,0.01094081,0.01052629,Polygon,1,Polygon,1,Polygon,1,justified,0.996839116,0.996839116,1.000000000,no-large-difference-screen-only,insufficient-evidence,High 2018/2026 overlap is screening evidence only; it does not certify the authoritative boundary.
gb:USA:ADM2:52423323B2908823577252,52423323B2908823577252,Martin,Martin,Florida,framework:province:florida:b4fb65ca8dfe,ADM2,Counties,justified,12085,Martin County,12085,Martin County,12,085,06,1408630867,541951989,0.01013593,0.38473670,Polygon,1,Polygon,1,Polygon,1,justified,0.897070705,0.897070705,1.000000000,manual-review-priority,insufficient-evidence,2018/2026 footprint overlap is below 95%; distinguish source-vintage and water extent from a true boundary error.
gb:USA:ADM2:52423323B29299909449407,52423323B29299909449407,Jackson,Jackson,Florida,framework:province:florida:b4fb65ca8dfe,ADM2,Counties,justified,12063,Jackson County,12063,Jackson County,12,063,06,2378456453,93852389,0.01711440,0.03945937,Polygon,1,Polygon,1,Polygon,1,justified,0.995898472,0.995898472,1.000000000,no-large-difference-screen-only,insufficient-evidence,High 2018/2026 overlap is screening evidence only; it does not certify the authoritative boundary.
gb:USA:ADM2:52423323B2982594216676,52423323B2982594216676,Cherokee,Cherokee,South Carolina,framework:province:south-carolina:2f069d91e59d,ADM2,Counties,justified,45021,Cherokee County,45021,Cherokee County,45,021,06,1017779530,11794019,0.01307091,0.01158799,Polygon,1,Polygon,1,Polygon,1,justified,0.986889967,0.986889967,1.000000000,no-large-difference-screen-only,insufficient-evidence,High 2018/2026 overlap is screening evidence only; it does not certify the authoritative boundary.
gb:USA:ADM2:52423323B30535713106767,52423323B30535713106767,Edgefield,Edgefield,South Carolina,framework:province:south-carolina:2f069d91e59d,ADM2,Counties,justified,45037,Edgefield County,45037,Edgefield County,45,037,06,1296776318,16307327,0.01665395,0.01257528,Polygon,1,Polygon,1,Polygon,1,justified,0.995364443,0.995364443,1.000000000,no-large-difference-screen-only,insufficient-evidence,High 2018/2026 overlap is screening evidence only; it does not certify the authoritative boundary.
gb:USA:ADM2:52423323B30660787387820,52423323B30660787387820,Horry,Horry,South Carolina,framework:province:south-carolina:2f069d91e59d,ADM2,Counties,justified,45051,Horry County,45051,Horry County,45,051,06,2934634272,315090181,0.03768827,0.10736949,Polygon,1,Polygon,1,Polygon,1,justified,0.907062352,0.907062352,1.000000000,manual-review-priority,insufficient-evidence,2018/2026 footprint overlap is below 95%; distinguish source-vintage and water extent from a true boundary error.
gb:USA:ADM2:52423323B32071814901819,52423323B32071814901819,Jackson,Jackson,North Carolina,framework:province:north-carolina:fec219a0870e,ADM2,Counties,justified,37099,Jackson County,37099,Jackson County,37,099,06,1272044511,9746823,0.01010066,0.00766233,Polygon,1,Polygon,1,Polygon,1,justified,0.985959624,0.985959624,1.000000000,no-large-difference-screen-only,insufficient-evidence,High 2018/2026 overlap is screening evidence only; it does not certify the authoritative boundary.
gb:USA:ADM2:52423323B32747612056401,52423323B32747612056401,Cleveland,Cleveland,North Carolina,framework:province:north-carolina:fec219a0870e,ADM2,Counties,justified,37045,Cleveland County,37045,Cleveland County,37,045,06,1202438191,10140131,0.00954795,0.00843297,Polygon,1,Polygon,1,Polygon,1,justified,0.993655668,0.993655668,1.000000000,no-large-difference-screen-only,insufficient-evidence,High 2018/2026 overlap is screening evidence only; it does not certify the authoritative boundary.
gb:USA:ADM2:52423323B33103452466662,52423323B33103452466662,Hardy,Hardy,West Virginia,framework:province:west-virginia:4c9dc6438fb1,ADM2,Counties,justified,54031,Hardy County,54031,Hardy County,54,031,06,1508190142,5624068,0.02422140,0.00372902,Polygon,1,Polygon,1,Polygon,1,justified,0.993813458,0.993813458,1.000000000,no-large-difference-screen-only,insufficient-evidence,High 2018/2026 overlap is screening evidence only; it does not certify the authoritative boundary.
gb:USA:ADM2:52423323B33793433125252,52423323B33793433125252,Chowan,Chowan,North Carolina,framework:province:north-carolina:fec219a0870e,ADM2,Counties,justified,37041,Chowan County,37041,Chowan County,37,041,06,447179937,157966156,0.00355083,0.35324965,Polygon,1,Polygon,1,Polygon,1,justified,0.760772701,0.760772701,1.000000000,manual-review-priority,insufficient-evidence,2018/2026 footprint overlap is below 95%; distinguish source-vintage and water extent from a true boundary error.
gb:USA:ADM2:52423323B33897242247324,52423323B33897242247324,Wyoming,Wyoming,West Virginia,framework:province:west-virginia:4c9dc6438fb1,ADM2,Counties,justified,54109,Wyoming County,54109,Wyoming County,54,109,06,1293620941,6083275,0.02077544,0.00470252,Polygon,1,Polygon,1,Polygon,1,justified,0.980347683,0.980347683,1.000000000,no-large-difference-screen-only,insufficient-evidence,High 2018/2026 overlap is screening evidence only; it does not certify the authoritative boundary.
gb:USA:ADM2:52423323B34331419978033,52423323B34331419978033,Brooke,Brooke,West Virginia,framework:province:west-virginia:4c9dc6438fb1,ADM2,Counties,justified,54009,Brooke County,54009,Brooke County,54,009,06,230602300,8740199,0.00370345,0.03790161,Polygon,1,Polygon,1,Polygon,1,justified,0.995595977,0.995595977,1.000000000,no-large-difference-screen-only,insufficient-evidence,High 2018/2026 overlap is screening evidence only; it does not certify the authoritative boundary.
gb:USA:ADM2:52423323B34539030227097,52423323B34539030227097,Stokes,Stokes,North Carolina,framework:province:north-carolina:fec219a0870e,ADM2,Counties,justified,37169,Stokes County,37169,Stokes County,37,169,06,1163741689,17577066,0.00924068,0.01510392,Polygon,1,Polygon,1,Polygon,1,justified,0.996155200,0.996155200,1.000000000,no-large-difference-screen-only,insufficient-evidence,High 2018/2026 overlap is screening evidence only; it does not certify the authoritative boundary.
gb:USA:ADM2:52423323B34987104881159,52423323B34987104881159,Moore,Moore,North Carolina,framework:province:north-carolina:fec219a0870e,ADM2,Counties,justified,37125,Moore County,37125,Moore County,37,125,06,1806846432,20853338,0.01434725,0.01154129,Polygon,1,Polygon,1,Polygon,1,justified,0.991784946,0.991784946,1.000000000,no-large-difference-screen-only,insufficient-evidence,High 2018/2026 overlap is screening evidence only; it does not certify the authoritative boundary.
gb:USA:ADM2:52423323B35059140048006,52423323B35059140048006,Sarasota,Sarasota,Florida,framework:province:florida:b4fb65ca8dfe,ADM2,Counties,justified,12115,Sarasota County,12115,Sarasota County,12,115,06,1440271311,1086396800,0.01036360,0.75430010,Polygon,1,Polygon,1,Polygon,1,justified,0.620538288,0.620538288,1.000000000,manual-review-priority,insufficient-evidence,2018/2026 footprint overlap is below 95%; distinguish source-vintage and water extent from a true boundary error.
gb:USA:ADM2:52423323B35187147605368,52423323B35187147605368,Madison,Madison,Florida,framework:province:florida:b4fb65ca8dfe,ADM2,Counties,justified,12079,Madison County,12079,Madison County,12,079,06,1804001478,49634047,0.01298085,0.02751331,Polygon,1,Polygon,1,Polygon,1,justified,0.992200178,0.992200178,1.000000000,no-large-difference-screen-only,insufficient-evidence,High 2018/2026 overlap is screening evidence only; it does not certify the authoritative boundary.
gb:USA:ADM2:52423323B35502407860174,52423323B35502407860174,Suwannee,Suwannee,Florida,framework:province:florida:b4fb65ca8dfe,ADM2,Counties,justified,12121,Suwannee County,12121,Suwannee County,12,121,06,1783430065,9505392,0.01283283,0.00532984,Polygon,1,Polygon,1,Polygon,1,justified,0.987259535,0.987259535,1.000000000,no-large-difference-screen-only,insufficient-evidence,High 2018/2026 overlap is screening evidence only; it does not certify the authoritative boundary.
gb:USA:ADM2:52423323B36348632800300,52423323B36348632800300,Currituck,Currituck,North Carolina,framework:province:north-carolina:fec219a0870e,ADM2,Counties,justified,37053,Currituck County,37053,Currituck County,37,053,06,678344358,685095451,0.00538639,1.00995231,Polygon,1,Polygon,1,Polygon,1,justified,0.563190077,0.563190077,1.000000000,manual-review-priority,insufficient-evidence,2018/2026 footprint overlap is below 95%; distinguish source-vintage and water extent from a true boundary error.
gb:USA:ADM2:52423323B36790328551153,52423323B36790328551153,Hardee,Hardee,Florida,framework:province:florida:b4fb65ca8dfe,ADM2,Counties,justified,12049,Hardee County,12049,Hardee County,12,049,06,1651297000,1472455,0.01188206,0.00089170,Polygon,1,Polygon,1,Polygon,1,justified,0.996347165,0.996347165,1.000000000,no-large-difference-screen-only,insufficient-evidence,High 2018/2026 overlap is screening evidence only; it does not certify the authoritative boundary.
gb:USA:ADM2:52423323B3691200212151,52423323B3691200212151,Lafayette,Lafayette,Florida,framework:province:florida:b4fb65ca8dfe,ADM2,Counties,justified,12067,Lafayette County,12067,Lafayette County,12,067,06,1407256261,11817996,0.01012604,0.00839790,Polygon,1,Polygon,1,Polygon,1,justified,0.991661638,0.991661638,1.000000000,no-large-difference-screen-only,insufficient-evidence,High 2018/2026 overlap is screening evidence only; it does not certify the authoritative boundary.
gb:USA:ADM2:52423323B37398835360821,52423323B37398835360821,Lexington,Lexington,South Carolina,framework:province:south-carolina:2f069d91e59d,ADM2,Counties,justified,45063,Lexington County,45063,Lexington County,45,063,06,1809233849,151628075,0.02323523,0.08380789,Polygon,1,Polygon,1,Polygon,1,justified,0.989417896,0.989417896,1.000000000,no-large-difference-screen-only,insufficient-evidence,High 2018/2026 overlap is screening evidence only; it does not certify the authoritative boundary.
gb:USA:ADM2:52423323B38725266060317,52423323B38725266060317,McDowell,McDowell,West Virginia,framework:province:west-virginia:4c9dc6438fb1,ADM2,Counties,justified,54047,McDowell County,54047,McDowell County,54,047,06,1381651957,3728166,0.02218921,0.00269834,Polygon,1,Polygon,1,Polygon,1,justified,0.988434736,0.988434736,1.000000000,no-large-difference-screen-only,insufficient-evidence,High 2018/2026 overlap is screening evidence only; it does not certify the authoritative boundary.
gb:USA:ADM2:52423323B38780973615632,52423323B38780973615632,Onslow,Onslow,North Carolina,framework:province:north-carolina:fec219a0870e,ADM2,Counties,justified,37133,Onslow County,37133,Onslow County,37,133,06,1973875657,370564647,0.01567355,0.18773454,Polygon,1,Polygon,1,Polygon,1,justified,0.897216497,0.897216497,1.000000000,manual-review-priority,insufficient-evidence,2018/2026 footprint overlap is below 95%; distinguish source-vintage and water extent from a true boundary error.
gb:USA:ADM2:52423323B3909693217248,52423323B3909693217248,Mingo,Mingo,West Virginia,framework:province:west-virginia:4c9dc6438fb1,ADM2,Counties,justified,54059,Mingo County,54059,Mingo County,54,059,06,1095877996,2156358,0.01759971,0.00196770,Polygon,1,Polygon,1,Polygon,1,justified,0.970382519,0.970382519,1.000000000,no-large-difference-screen-only,insufficient-evidence,High 2018/2026 overlap is screening evidence only; it does not certify the authoritative boundary.
gb:USA:ADM2:52423323B39160011861592,52423323B39160011861592,Charlotte,Charlotte,Florida,framework:province:florida:b4fb65ca8dfe,ADM2,Counties,justified,12015,Charlotte County,12015,Charlotte County,12,015,06,1764171383,689158023,0.01269425,0.39064120,Polygon,1,Polygon,1,Polygon,1,justified,0.785113204,0.785113204,1.000000000,manual-review-priority,insufficient-evidence,2018/2026 footprint overlap is below 95%; distinguish source-vintage and water extent from a true boundary error.
gb:USA:ADM2:52423323B39271330460485,52423323B39271330460485,Greenwood,Greenwood,South Carolina,framework:province:south-carolina:2f069d91e59d,ADM2,Counties,justified,45047,Greenwood County,45047,Greenwood County,45,047,06,1180014539,21254607,0.01515443,0.01801216,Polygon,1,Polygon,1,Polygon,1,justified,0.987143474,0.987143474,1.000000000,no-large-difference-screen-only,insufficient-evidence,High 2018/2026 overlap is screening evidence only; it does not certify the authoritative boundary.
gb:USA:ADM2:52423323B39402203079771,52423323B39402203079771,Tyrrell,Tyrrell,North Carolina,framework:province:north-carolina:fec219a0870e,ADM2,Counties,justified,37177,Tyrrell County,37177,Tyrrell County,37,177,06,1012106560,534571802,0.00803663,0.52817739,Polygon,1,Polygon,1,Polygon,1,justified,0.692445367,0.692445367,1.000000000,manual-review-priority,insufficient-evidence,2018/2026 footprint overlap is below 95%; distinguish source-vintage and water extent from a true boundary error.
gb:USA:ADM2:52423323B40948344382012,52423323B40948344382012,Preston,Preston,West Virginia,framework:province:west-virginia:4c9dc6438fb1,ADM2,Counties,justified,54077,Preston County,54077,Preston County,54,077,06,1680420303,6668160,0.02698741,0.00396815,Polygon,1,Polygon,1,Polygon,1,justified,0.998283395,0.998283395,1.000000000,no-large-difference-screen-only,insufficient-evidence,High 2018/2026 overlap is screening evidence only; it does not certify the authoritative boundary.
gb:USA:ADM2:52423323B41320472934354,52423323B41320472934354,Wetzel,Wetzel,West Virginia,framework:province:west-virginia:4c9dc6438fb1,ADM2,Counties,justified,54103,Wetzel County,54103,Wetzel County,54,103,06,927402613,8435782,0.01489401,0.00909614,Polygon,1,Polygon,1,Polygon,1,justified,0.983770774,0.983770774,1.000000000,no-large-difference-screen-only,insufficient-evidence,High 2018/2026 overlap is screening evidence only; it does not certify the authoritative boundary.
gb:USA:ADM2:52423323B41510935650721,52423323B41510935650721,Lake,Lake,Florida,framework:province:florida:b4fb65ca8dfe,ADM2,Counties,justified,12069,Lake County,12069,Lake County,12,069,06,2470940238,525057820,0.01777987,0.21249313,Polygon,1,Polygon,1,Polygon,1,justified,0.994107512,0.994107512,1.000000000,no-large-difference-screen-only,insufficient-evidence,High 2018/2026 overlap is screening evidence only; it does not certify the authoritative boundary.
gb:USA:ADM2:52423323B42356104193293,52423323B42356104193293,Berkeley,Berkeley,South Carolina,framework:province:south-carolina:2f069d91e59d,ADM2,Counties,justified,45015,Berkeley County,45015,Berkeley County,45,015,06,2858327174,339064179,0.03670829,0.11862329,Polygon,1,Polygon,1,Polygon,1,justified,0.989479810,0.989479810,1.000000000,no-large-difference-screen-only,insufficient-evidence,High 2018/2026 overlap is screening evidence only; it does not certify the authoritative boundary.
gb:USA:ADM2:52423323B42496570047924,52423323B42496570047924,Florence,Florence,South Carolina,framework:province:south-carolina:2f069d91e59d,ADM2,Counties,justified,45041,Florence County,45041,Florence County,45,041,06,2073168543,9897836,0.02662483,0.00477426,Polygon,1,Polygon,1,Polygon,1,justified,0.990109312,0.990109312,1.000000000,no-large-difference-screen-only,insufficient-evidence,High 2018/2026 overlap is screening evidence only; it does not certify the authoritative boundary.
gb:USA:ADM2:52423323B42498482903221,52423323B42498482903221,Catawba,Catawba,North Carolina,framework:province:north-carolina:fec219a0870e,ADM2,Counties,justified,37035,Catawba County,37035,Catawba County,37,035,06,1039633855,37795258,0.00825521,0.03635439,Polygon,1,Polygon,1,Polygon,1,justified,0.989856183,0.989816682,0.999946281,no-large-difference-screen-only,insufficient-evidence,High 2018/2026 overlap is screening evidence only; it does not certify the authoritative boundary.
gb:USA:ADM2:52423323B42604268610019,52423323B42604268610019,Monongalia,Monongalia,West Virginia,framework:province:west-virginia:4c9dc6438fb1,ADM2,Counties,justified,54061,Monongalia County,54061,Monongalia County,54,061,06,932638138,14986266,0.01497809,0.01606868,Polygon,1,Polygon,1,Polygon,1,justified,0.991213965,0.991213965,1.000000000,no-large-difference-screen-only,insufficient-evidence,High 2018/2026 overlap is screening evidence only; it does not certify the authoritative boundary.
gb:USA:ADM2:52423323B42791453202127,52423323B42791453202127,Orangeburg,Orangeburg,South Carolina,framework:province:south-carolina:2f069d91e59d,ADM2,Counties,justified,45075,Orangeburg County,45075,Orangeburg County,45,075,06,2865509321,55697625,0.03680053,0.01943725,Polygon,1,Polygon,1,Polygon,1,justified,0.991480992,0.991480992,1.000000000,no-large-difference-screen-only,insufficient-evidence,High 2018/2026 overlap is screening evidence only; it does not certify the authoritative boundary.
gb:USA:ADM2:52423323B43172948431886,52423323B43172948431886,Stanly,Stanly,North Carolina,framework:province:north-carolina:fec219a0870e,ADM2,Counties,justified,37167,Stanly County,37167,Stanly County,37,167,06,1023256925,25180141,0.00812517,0.02460784,Polygon,1,Polygon,1,Polygon,1,justified,0.985849744,0.985849744,1.000000000,no-large-difference-screen-only,insufficient-evidence,High 2018/2026 overlap is screening evidence only; it does not certify the authoritative boundary.
gb:USA:ADM2:52423323B43261157004179,52423323B43261157004179,Wilkes,Wilkes,North Carolina,framework:province:north-carolina:fec219a0870e,ADM2,Counties,justified,37193,Wilkes County,37193,Wilkes County,37,193,06,1952016290,6854043,0.01549997,0.00351126,Polygon,1,Polygon,1,Polygon,1,justified,0.987502987,0.987502987,1.000000000,no-large-difference-screen-only,insufficient-evidence,High 2018/2026 overlap is screening evidence only; it does not certify the authoritative boundary.
gb:USA:ADM2:52423323B44157144266829,52423323B44157144266829,Wakulla,Wakulla,Florida,framework:province:florida:b4fb65ca8dfe,ADM2,Counties,justified,12129,Wakulla County,12129,Wakulla County,12,129,06,1570620428,804106505,0.01130154,0.51196743,Polygon,1,Polygon,1,Polygon,1,justified,0.683115392,0.683115392,1.000000000,manual-review-priority,insufficient-evidence,2018/2026 footprint overlap is below 95%; distinguish source-vintage and water extent from a true boundary error.
gb:USA:ADM2:52423323B44414006635896,52423323B44414006635896,Alexander,Alexander,North Carolina,framework:province:north-carolina:fec219a0870e,ADM2,Counties,justified,37003,Alexander County,37003,Alexander County,37,003,06,673368511,9435655,0.00534688,0.01401262,Polygon,1,Polygon,1,Polygon,1,justified,0.988607120,0.988607120,1.000000000,no-large-difference-screen-only,insufficient-evidence,High 2018/2026 overlap is screening evidence only; it does not certify the authoritative boundary.
gb:USA:ADM2:52423323B44461654915973,52423323B44461654915973,Volusia,Volusia,Florida,framework:province:florida:b4fb65ca8dfe,ADM2,Counties,justified,12127,Volusia County,12127,Volusia County,12,127,06,2852233408,857845308,0.02052350,0.30076266,Polygon,1,Polygon,1,Polygon,1,justified,0.878136476,0.878136476,1.000000000,manual-review-priority,insufficient-evidence,2018/2026 footprint overlap is below 95%; distinguish source-vintage and water extent from a true boundary error.
gb:USA:ADM2:52423323B44486980116087,52423323B44486980116087,Beaufort,Beaufort,North Carolina,framework:province:north-carolina:fec219a0870e,ADM2,Counties,justified,37013,Beaufort County,37013,Beaufort County,37,013,06,2156705879,337058742,0.01712531,0.15628406,Polygon,1,Polygon,1,Polygon,1,justified,0.890817280,0.890817280,1.000000000,manual-review-priority,insufficient-evidence,2018/2026 footprint overlap is below 95%; distinguish source-vintage and water extent from a true boundary error.
gb:USA:ADM2:52423323B4514438281509,52423323B4514438281509,Clay,Clay,Florida,framework:province:florida:b4fb65ca8dfe,ADM2,Counties,justified,12019,Clay County,12019,Clay County,12,019,06,1565901862,100868789,0.01126759,0.06441578,Polygon,1,Polygon,1,Polygon,1,justified,0.994909006,0.994909006,1.000000000,no-large-difference-screen-only,insufficient-evidence,High 2018/2026 overlap is screening evidence only; it does not certify the authoritative boundary.
gb:USA:ADM2:52423323B45505395463487,52423323B45505395463487,Levy,Levy,Florida,framework:province:florida:b4fb65ca8dfe,ADM2,Counties,justified,12075,Levy County,12075,Levy County,12,075,06,2896278500,1224276903,0.02084043,0.42270690,Polygon,1,Polygon,1,Polygon,1,justified,0.720473360,0.720473360,1.000000000,manual-review-priority,insufficient-evidence,2018/2026 footprint overlap is below 95%; distinguish source-vintage and water extent from a true boundary error.
gb:USA:ADM2:52423323B45605902717918,52423323B45605902717918,Jones,Jones,North Carolina,framework:province:north-carolina:fec219a0870e,ADM2,Counties,justified,37103,Jones County,37103,Jones County,37,103,06,1220836962,6031824,0.00969405,0.00494073,Polygon,1,Polygon,1,Polygon,1,justified,0.990879352,0.990879352,1.000000000,no-large-difference-screen-only,insufficient-evidence,High 2018/2026 overlap is screening evidence only; it does not certify the authoritative boundary.
gb:USA:ADM2:52423323B4598026966549,52423323B4598026966549,Wayne,Wayne,West Virginia,framework:province:west-virginia:4c9dc6438fb1,ADM2,Counties,justified,54099,Wayne County,54099,Wayne County,54,099,06,1310547872,15816941,0.02104729,0.01206895,Polygon,1,Polygon,1,Polygon,1,justified,0.987475448,0.987475448,1.000000000,no-large-difference-screen-only,insufficient-evidence,High 2018/2026 overlap is screening evidence only; it does not certify the authoritative boundary.
gb:USA:ADM2:52423323B46125568158444,52423323B46125568158444,Wirt,Wirt,West Virginia,framework:province:west-virginia:4c9dc6438fb1,ADM2,Counties,justified,54105,Wirt County,54105,Wirt County,54,105,06,602201081,5839708,0.00967130,0.00969727,Polygon,1,Polygon,1,Polygon,1,justified,0.981625261,0.981625261,1.000000000,no-large-difference-screen-only,insufficient-evidence,High 2018/2026 overlap is screening evidence only; it does not certify the authoritative boundary.
gb:USA:ADM2:52423323B46156622998042,52423323B46156622998042,Pasquotank,Pasquotank,North Carolina,framework:province:north-carolina:fec219a0870e,ADM2,Counties,justified,37139,Pasquotank County,37139,Pasquotank County,37,139,06,587610266,161751354,0.00466592,0.27526979,Polygon,1,Polygon,1,Polygon,1,justified,0.794799688,0.794799688,1.000000000,manual-review-priority,insufficient-evidence,2018/2026 footprint overlap is below 95%; distinguish source-vintage and water extent from a true boundary error.
gb:USA:ADM2:52423323B47137025507841,52423323B47137025507841,Indian River,Indian River,Florida,framework:province:florida:b4fb65ca8dfe,ADM2,Counties,justified,12061,Indian River County,12061,Indian River County,12,061,06,1301610495,295444079,0.00936586,0.22698348,Polygon,1,Polygon,1,Polygon,1,justified,0.870808531,0.870808531,1.000000000,manual-review-priority,insufficient-evidence,2018/2026 footprint overlap is below 95%; distinguish source-vintage and water extent from a true boundary error.
gb:USA:ADM2:52423323B47180624843803,52423323B47180624843803,Vance,Vance,North Carolina,framework:province:north-carolina:fec219a0870e,ADM2,Counties,justified,37181,Vance County,37181,Vance County,37,181,06,653738017,42154104,0.00519100,0.06448165,Polygon,1,Polygon,1,Polygon,1,justified,0.994579946,0.994579946,1.000000000,no-large-difference-screen-only,insufficient-evidence,High 2018/2026 overlap is screening evidence only; it does not certify the authoritative boundary.
gb:USA:ADM2:52423323B47317028722188,52423323B47317028722188,Ashe,Ashe,North Carolina,framework:province:north-carolina:fec219a0870e,ADM2,Counties,justified,37009,Ashe County,37009,Ashe County,37,009,06,1104023388,8058410,0.00876649,0.00729913,Polygon,1,Polygon,1,Polygon,1,justified,0.981727542,0.981727542,1.000000000,no-large-difference-screen-only,insufficient-evidence,High 2018/2026 overlap is screening evidence only; it does not certify the authoritative boundary.
gb:USA:ADM2:52423323B47689495133402,52423323B47689495133402,Wake,Wake,North Carolina,framework:province:north-carolina:fec219a0870e,ADM2,Counties,justified,37183,Wake County,37183,Wake County,37,183,06,2162102647,57548720,0.01716816,0.02661702,Polygon,1,Polygon,1,Polygon,1,justified,0.996762210,0.996762210,1.000000000,no-large-difference-screen-only,insufficient-evidence,High 2018/2026 overlap is screening evidence only; it does not certify the authoritative boundary.
gb:USA:ADM2:52423323B48930759923162,52423323B48930759923162,Rowan,Rowan,North Carolina,framework:province:north-carolina:fec219a0870e,ADM2,Counties,justified,37159,Rowan County,37159,Rowan County,37,159,06,1325074214,31956467,0.01052174,0.02411674,Polygon,1,Polygon,1,Polygon,1,justified,0.990691864,0.990691864,1.000000000,no-large-difference-screen-only,insufficient-evidence,High 2018/2026 overlap is screening evidence only; it does not certify the authoritative boundary.
gb:USA:ADM2:52423323B48942229676406,52423323B48942229676406,Pinellas,Pinellas,Florida,framework:province:florida:b4fb65ca8dfe,ADM2,Counties,justified,12103,Pinellas County,12103,Pinellas County,12,103,06,709225904,1518811236,0.00510330,2.14150559,Polygon,1,Polygon,1,Polygon,1,justified,0.396112981,0.396438762,0.999174406,manual-review-priority,insufficient-evidence,2018/2026 footprint overlap is below 95%; distinguish source-vintage and water extent from a true boundary error.
gb:USA:ADM2:52423323B48956333130626,52423323B48956333130626,Cabarrus,Cabarrus,North Carolina,framework:province:north-carolina:fec219a0870e,ADM2,Counties,justified,37025,Cabarrus County,37025,Cabarrus County,37,025,06,935634445,6974978,0.00742940,0.00745481,Polygon,1,Polygon,1,Polygon,1,justified,0.995100707,0.995100707,1.000000000,no-large-difference-screen-only,insufficient-evidence,High 2018/2026 overlap is screening evidence only; it does not certify the authoritative boundary.
gb:USA:ADM2:52423323B49272784755567,52423323B49272784755567,Osceola,Osceola,Florida,framework:province:florida:b4fb65ca8dfe,ADM2,Counties,justified,12097,Osceola County,12097,Osceola County,12,097,06,3437796772,462598731,0.02473698,0.13456256,Polygon,1,Polygon,1,Polygon,1,justified,0.995152546,0.995152546,1.000000000,no-large-difference-screen-only,insufficient-evidence,High 2018/2026 overlap is screening evidence only; it does not certify the authoritative boundary.
gb:USA:ADM2:52423323B49517709144014,52423323B49517709144014,Pitt,Pitt,North Carolina,framework:province:north-carolina:fec219a0870e,ADM2,Counties,justified,37147,Pitt County,37147,Pitt County,37,147,06,1689620184,8247778,0.01341642,0.00488144,Polygon,1,Polygon,1,Polygon,1,justified,0.988526798,0.988526798,1.000000000,no-large-difference-screen-only,insufficient-evidence,High 2018/2026 overlap is screening evidence only; it does not certify the authoritative boundary.
gb:USA:ADM2:52423323B49658569394047,52423323B49658569394047,Nassau,Nassau,Florida,framework:province:florida:b4fb65ca8dfe,ADM2,Counties,justified,12089,Nassau County,12089,Nassau County,12,089,06,1680196672,199929043,0.01209001,0.11899145,Polygon,1,Polygon,1,Polygon,1,justified,0.911654071,0.911654071,1.000000000,manual-review-priority,insufficient-evidence,2018/2026 footprint overlap is below 95%; distinguish source-vintage and water extent from a true boundary error.
gb:USA:ADM2:52423323B50145770853492,52423323B50145770853492,Forsyth,Forsyth,North Carolina,framework:province:north-carolina:fec219a0870e,ADM2,Counties,justified,37067,Forsyth County,37067,Forsyth County,37,067,06,1056841316,11637418,0.00839184,0.01101151,Polygon,1,Polygon,1,Polygon,1,justified,0.992218150,0.992218150,1.000000000,no-large-difference-screen-only,insufficient-evidence,High 2018/2026 overlap is screening evidence only; it does not certify the authoritative boundary.
gb:USA:ADM2:52423323B50185112630259,52423323B50185112630259,DeSoto,DeSoto,Florida,framework:province:florida:b4fb65ca8dfe,ADM2,Counties,justified,12027,DeSoto County,12027,DeSoto County,12,027,06,1649031803,6243547,0.01186576,0.00378619,Polygon,1,Polygon,1,Polygon,1,justified,0.995053652,0.995053652,1.000000000,no-large-difference-screen-only,insufficient-evidence,High 2018/2026 overlap is screening evidence only; it does not certify the authoritative boundary.
gb:USA:ADM2:52423323B50280132213265,52423323B50280132213265,Barbour,Barbour,West Virginia,framework:province:west-virginia:4c9dc6438fb1,ADM2,Counties,justified,54001,Barbour County,54001,Barbour County,54,001,06,883338356,4639586,0.01418634,0.00525233,Polygon,1,Polygon,1,Polygon,1,justified,0.987563572,0.987563572,1.000000000,no-large-difference-screen-only,insufficient-evidence,High 2018/2026 overlap is screening evidence only; it does not certify the authoritative boundary.
gb:USA:ADM2:52423323B51150866941712,52423323B51150866941712,Hyde,Hyde,North Carolina,framework:province:north-carolina:fec219a0870e,ADM2,Counties,justified,37095,Hyde County,37095,Hyde County,37,095,06,1585958019,2192938315,0.01259329,1.38272154,MultiPolygon,2,Polygon,1,Polygon,1,justified,0.514672695,0.514672695,1.000000000,manual-review-priority,insufficient-evidence,2018/2026 footprint overlap is below 95%; distinguish source-vintage and water extent from a true boundary error.
gb:USA:ADM2:52423323B51460600730955,52423323B51460600730955,Polk,Polk,Florida,framework:province:florida:b4fb65ca8dfe,ADM2,Counties,justified,12105,Polk County,12105,Polk County,12,105,06,4658821696,548862853,0.03352297,0.11781152,Polygon,1,Polygon,1,Polygon,1,justified,0.996117287,0.996066274,0.999769631,no-large-difference-screen-only,insufficient-evidence,High 2018/2026 overlap is screening evidence only; it does not certify the authoritative boundary.
gb:USA:ADM2:52423323B51535248954707,52423323B51535248954707,Gadsden,Gadsden,Florida,framework:province:florida:b4fb65ca8dfe,ADM2,Counties,justified,12039,Gadsden County,12039,Gadsden County,12,039,06,1337405270,31475264,0.00962342,0.02353457,Polygon,1,Polygon,1,Polygon,1,justified,0.992611511,0.992611511,1.000000000,no-large-difference-screen-only,insufficient-evidence,High 2018/2026 overlap is screening evidence only; it does not certify the authoritative boundary.
gb:USA:ADM2:52423323B51894454867093,52423323B51894454867093,Brevard,Brevard,Florida,framework:province:florida:b4fb65ca8dfe,ADM2,Counties,justified,12009,Brevard County,12009,Brevard County,12,009,06,2628767922,1403935652,0.01891554,0.53406603,Polygon,1,Polygon,1,Polygon,1,justified,0.829261856,0.829261856,1.000000000,manual-review-priority,insufficient-evidence,2018/2026 footprint overlap is below 95%; distinguish source-vintage and water extent from a true boundary error.
gb:USA:ADM2:52423323B51993782969568,52423323B51993782969568,Pickens,Pickens,South Carolina,framework:province:south-carolina:2f069d91e59d,ADM2,Counties,justified,45077,Pickens County,45077,Pickens County,45,077,06,1287095183,40932910,0.01652962,0.03180255,MultiPolygon,2,MultiPolygon,3,MultiPolygon,3,justified,0.985032266,0.985032266,1.000000000,no-large-difference-screen-only,insufficient-evidence,High 2018/2026 overlap is screening evidence only; it does not certify the authoritative boundary.
gb:USA:ADM2:52423323B52249566061450,52423323B52249566061450,Pocahontas,Pocahontas,West Virginia,framework:province:west-virginia:4c9dc6438fb1,ADM2,Counties,justified,54075,Pocahontas County,54075,Pocahontas County,54,075,06,2435206749,4094090,0.03910921,0.00168121,Polygon,1,Polygon,1,Polygon,1,justified,0.996966967,0.996966967,1.000000000,no-large-difference-screen-only,insufficient-evidence,High 2018/2026 overlap is screening evidence only; it does not certify the authoritative boundary.
gb:USA:ADM2:52423323B52467721983842,52423323B52467721983842,Fayette,Fayette,West Virginia,framework:province:west-virginia:4c9dc6438fb1,ADM2,Counties,justified,54019,Fayette County,54019,Fayette County,54,019,06,1714459762,17468301,0.02753408,0.01018881,Polygon,1,Polygon,1,Polygon,1,justified,0.988178303,0.988178303,1.000000000,no-large-difference-screen-only,insufficient-evidence,High 2018/2026 overlap is screening evidence only; it does not certify the authoritative boundary.
gb:USA:ADM2:52423323B52623684418934,52423323B52623684418934,Columbus,Columbus,North Carolina,framework:province:north-carolina:fec219a0870e,ADM2,Counties,justified,37047,Columbus County,37047,Columbus County,37,047,06,2429792464,43712412,0.01929375,0.01799018,Polygon,1,Polygon,1,Polygon,1,justified,0.993086757,0.993088719,0.999994539,no-large-difference-screen-only,insufficient-evidence,High 2018/2026 overlap is screening evidence only; it does not certify the authoritative boundary.
gb:USA:ADM2:52423323B5286931917033,52423323B5286931917033,Columbia,Columbia,Florida,framework:province:florida:b4fb65ca8dfe,ADM2,Counties,justified,12023,Columbia County,12023,Columbia County,12,023,06,2065197079,10207203,0.01486031,0.00494248,Polygon,1,Polygon,1,Polygon,1,justified,0.991113642,0.991113642,1.000000000,no-large-difference-screen-only,insufficient-evidence,High 2018/2026 overlap is screening evidence only; it does not certify the authoritative boundary.
gb:USA:ADM2:52423323B53065741974506,52423323B53065741974506,Mecklenburg,Mecklenburg,North Carolina,framework:province:north-carolina:fec219a0870e,ADM2,Counties,justified,37119,Mecklenburg County,37119,Mecklenburg County,37,119,06,1356199394,58103860,0.01076889,0.04284315,Polygon,1,Polygon,1,Polygon,1,justified,0.991815576,0.991815576,1.000000000,no-large-difference-screen-only,insufficient-evidence,High 2018/2026 overlap is screening evidence only; it does not certify the authoritative boundary.
gb:USA:ADM2:52423323B54252786462612,52423323B54252786462612,Anderson,Anderson,South Carolina,framework:province:south-carolina:2f069d91e59d,ADM2,Counties,justified,45007,Anderson County,45007,Anderson County,45,007,06,1848878471,108542754,0.02374437,0.05870735,Polygon,1,Polygon,1,Polygon,1,justified,0.993441805,0.993441805,1.000000000,no-large-difference-screen-only,insufficient-evidence,High 2018/2026 overlap is screening evidence only; it does not certify the authoritative boundary.
gb:USA:ADM2:52423323B54358685786571,52423323B54358685786571,Marlboro,Marlboro,South Carolina,framework:province:south-carolina:2f069d91e59d,ADM2,Counties,justified,45069,Marlboro County,45069,Marlboro County,45,069,06,1242867256,14489018,0.01596162,0.01165774,Polygon,1,Polygon,1,Polygon,1,justified,0.987055852,0.987055852,1.000000000,no-large-difference-screen-only,insufficient-evidence,High 2018/2026 overlap is screening evidence only; it does not certify the authoritative boundary.
gb:USA:ADM2:52423323B54593628096375,52423323B54593628096375,McDowell,McDowell,North Carolina,framework:province:north-carolina:fec219a0870e,ADM2,Counties,justified,37111,McDowell County,37111,McDowell County,37,111,06,1139476658,13977732,0.00904801,0.01226680,Polygon,1,Polygon,1,Polygon,1,justified,0.988774605,0.988774605,1.000000000,no-large-difference-screen-only,insufficient-evidence,High 2018/2026 overlap is screening evidence only; it does not certify the authoritative boundary.
gb:USA:ADM2:52423323B54631605576846,52423323B54631605576846,Randolph,Randolph,West Virginia,framework:province:west-virginia:4c9dc6438fb1,ADM2,Counties,justified,54083,Randolph County,54083,Randolph County,54,083,06,2692810831,667359,0.04324631,0.00024783,Polygon,1,Polygon,1,Polygon,1,justified,0.994429259,0.994429259,1.000000000,no-large-difference-screen-only,insufficient-evidence,High 2018/2026 overlap is screening evidence only; it does not certify the authoritative boundary.
gb:USA:ADM2:52423323B54775259864963,52423323B54775259864963,Abbeville,Abbeville,South Carolina,framework:province:south-carolina:2f069d91e59d,ADM2,Counties,justified,45001,Abbeville County,45001,Abbeville County,45,001,06,1272188723,53216404,0.01633818,0.04183059,Polygon,1,Polygon,1,Polygon,1,justified,0.992957405,0.992957405,1.000000000,no-large-difference-screen-only,insufficient-evidence,High 2018/2026 overlap is screening evidence only; it does not certify the authoritative boundary.
gb:USA:ADM2:52423323B54800472139978,52423323B54800472139978,Laurens,Laurens,South Carolina,framework:province:south-carolina:2f069d91e59d,ADM2,Counties,justified,45059,Laurens County,45059,Laurens County,45,059,06,1846335714,26052629,0.02371171,0.01411045,Polygon,1,Polygon,1,Polygon,1,justified,0.987330866,0.987330866,1.000000000,no-large-difference-screen-only,insufficient-evidence,High 2018/2026 overlap is screening evidence only; it does not certify the authoritative boundary.
gb:USA:ADM2:52423323B5491062021633,52423323B5491062021633,Raleigh,Raleigh,West Virginia,framework:province:west-virginia:4c9dc6438fb1,ADM2,Counties,justified,54081,Raleigh County,54081,Raleigh County,54,081,06,1566864996,10389173,0.02516372,0.00663055,Polygon,1,Polygon,1,Polygon,1,justified,0.984193915,0.984193915,1.000000000,no-large-difference-screen-only,insufficient-evidence,High 2018/2026 overlap is screening evidence only; it does not certify the authoritative boundary.
gb:USA:ADM2:52423323B54912107287089,52423323B54912107287089,Madison,Madison,North Carolina,framework:province:north-carolina:fec219a0870e,ADM2,Counties,justified,37115,Madison County,37115,Madison County,37,115,06,1164506134,4832355,0.00924675,0.00414970,Polygon,1,Polygon,1,Polygon,1,justified,0.985477651,0.985477651,1.000000000,no-large-difference-screen-only,insufficient-evidence,High 2018/2026 overlap is screening evidence only; it does not certify the authoritative boundary.
gb:USA:ADM2:52423323B55479715593619,52423323B55479715593619,Lee,Lee,Florida,framework:province:florida:b4fb65ca8dfe,ADM2,Counties,justified,12071,Lee County,12071,Lee County,12,071,06,2023299085,1900088925,0.01455883,0.93910433,MultiPolygon,3,Polygon,1,Polygon,1,justified,0.597497614,0.597497614,1.000000000,manual-review-priority,insufficient-evidence,2018/2026 footprint overlap is below 95%; distinguish source-vintage and water extent from a true boundary error.
gb:USA:ADM2:52423323B55850003369586,52423323B55850003369586,Liberty,Liberty,Florida,framework:province:florida:b4fb65ca8dfe,ADM2,Counties,justified,12077,Liberty County,12077,Liberty County,12,077,06,2164099102,19582446,0.01557197,0.00904878,Polygon,1,Polygon,1,Polygon,1,justified,0.987666553,0.987666553,1.000000000,no-large-difference-screen-only,insufficient-evidence,High 2018/2026 overlap is screening evidence only; it does not certify the authoritative boundary.
gb:USA:ADM2:52423323B57227044271889,52423323B57227044271889,Putnam,Putnam,West Virginia,framework:province:west-virginia:4c9dc6438fb1,ADM2,Counties,justified,54079,Putnam County,54079,Putnam County,54,079,06,895304354,12224898,0.01437851,0.01365446,Polygon,1,Polygon,1,Polygon,1,justified,0.994969611,0.994969611,1.000000000,no-large-difference-screen-only,insufficient-evidence,High 2018/2026 overlap is screening evidence only; it does not certify the authoritative boundary.
gb:USA:ADM2:52423323B57345599867870,52423323B57345599867870,Bradford,Bradford,Florida,framework:province:florida:b4fb65ca8dfe,ADM2,Counties,justified,12007,Bradford County,12007,Bradford County,12,007,06,761368534,16898785,0.00547850,0.02219528,Polygon,1,Polygon,1,Polygon,1,justified,0.987015572,0.987015572,1.000000000,no-large-difference-screen-only,insufficient-evidence,High 2018/2026 overlap is screening evidence only; it does not certify the authoritative boundary.
gb:USA:ADM2:52423323B57461301326035,52423323B57461301326035,Monroe,Monroe,West Virginia,framework:province:west-virginia:4c9dc6438fb1,ADM2,Counties,justified,54063,Monroe County,54063,Monroe County,54,063,06,1224426873,2297475,0.01966419,0.00187637,Polygon,1,Polygon,1,Polygon,1,justified,0.995689303,0.995689303,1.000000000,no-large-difference-screen-only,insufficient-evidence,High 2018/2026 overlap is screening evidence only; it does not certify the authoritative boundary.
gb:USA:ADM2:52423323B57598865741188,52423323B57598865741188,Perquimans,Perquimans,North Carolina,framework:province:north-carolina:fec219a0870e,ADM2,Counties,justified,37143,Perquimans County,37143,Perquimans County,37,143,06,640182876,211746284,0.00508337,0.33075906,Polygon,1,Polygon,1,Polygon,1,justified,0.771013110,0.771013110,1.000000000,manual-review-priority,insufficient-evidence,2018/2026 footprint overlap is below 95%; distinguish source-vintage and water extent from a true boundary error.
gb:USA:ADM2:52423323B57626365826979,52423323B57626365826979,Broward,Broward,Florida,framework:province:florida:b4fb65ca8dfe,ADM2,Counties,justified,12011,Broward County,12011,Broward County,12,011,06,3115709822,273103328,0.02241937,0.08765365,Polygon,1,Polygon,1,Polygon,1,justified,0.934735587,0.934735587,1.000000000,manual-review-priority,insufficient-evidence,2018/2026 footprint overlap is below 95%; distinguish source-vintage and water extent from a true boundary error.
gb:USA:ADM2:52423323B5794774245983,52423323B5794774245983,Hamilton,Hamilton,Florida,framework:province:florida:b4fb65ca8dfe,ADM2,Counties,justified,12047,Hamilton County,12047,Hamilton County,12,047,06,1332018567,12330814,0.00958466,0.00925724,Polygon,1,Polygon,1,Polygon,1,justified,0.986012273,0.986012273,1.000000000,no-large-difference-screen-only,insufficient-evidence,High 2018/2026 overlap is screening evidence only; it does not certify the authoritative boundary.
gb:USA:ADM2:52423323B57989185183638,52423323B57989185183638,Greenbrier,Greenbrier,West Virginia,framework:province:west-virginia:4c9dc6438fb1,ADM2,Counties,justified,54025,Greenbrier County,54025,Greenbrier County,54,025,06,2641319242,12136552,0.04241936,0.00459488,Polygon,1,Polygon,1,Polygon,1,justified,0.995461175,0.995461175,1.000000000,no-large-difference-screen-only,insufficient-evidence,High 2018/2026 overlap is screening evidence only; it does not certify the authoritative boundary.
gb:USA:ADM2:52423323B5856421301049,52423323B5856421301049,Calhoun,Calhoun,West Virginia,framework:province:west-virginia:4c9dc6438fb1,ADM2,Counties,justified,54013,Calhoun County,54013,Calhoun County,54,013,06,723286832,3670131,0.01161592,0.00507424,Polygon,1,Polygon,1,Polygon,1,justified,0.978701893,0.978701893,1.000000000,no-large-difference-screen-only,insufficient-evidence,High 2018/2026 overlap is screening evidence only; it does not certify the authoritative boundary.
gb:USA:ADM2:52423323B58777265344291,52423323B58777265344291,Taylor,Taylor,Florida,framework:province:florida:b4fb65ca8dfe,ADM2,Counties,justified,12123,Taylor County,12123,Taylor County,12,123,06,2702230190,1213570942,0.01944414,0.44909976,Polygon,1,Polygon,1,Polygon,1,justified,0.694822531,0.694822531,1.000000000,manual-review-priority,insufficient-evidence,2018/2026 footprint overlap is below 95%; distinguish source-vintage and water extent from a true boundary error.
gb:USA:ADM2:52423323B58883260045522,52423323B58883260045522,St. Lucie,St. Lucie,Florida,framework:province:florida:b4fb65ca8dfe,ADM2,Counties,justified,12111,St. Lucie County,12111,St. Lucie County,12,111,06,1481099209,300812756,0.01065738,0.20310102,Polygon,1,Polygon,1,Polygon,1,justified,0.891751337,0.891751337,1.000000000,manual-review-priority,insufficient-evidence,2018/2026 footprint overlap is below 95%; distinguish source-vintage and water extent from a true boundary error.
gb:USA:ADM2:52423323B58976878899916,52423323B58976878899916,Pendleton,Pendleton,West Virginia,framework:province:west-virginia:4c9dc6438fb1,ADM2,Counties,justified,54071,Pendleton County,54071,Pendleton County,54,071,06,1802760290,5428396,0.02895218,0.00301116,Polygon,1,Polygon,1,Polygon,1,justified,0.994620952,0.994620952,1.000000000,no-large-difference-screen-only,insufficient-evidence,High 2018/2026 overlap is screening evidence only; it does not certify the authoritative boundary.
gb:USA:ADM2:52423323B59069176742644,52423323B59069176742644,Orange,Orange,North Carolina,framework:province:north-carolina:fec219a0870e,ADM2,Counties,justified,37135,Orange County,37135,Orange County,37,135,06,1029758983,8741985,0.00817680,0.00848935,Polygon,1,Polygon,1,Polygon,1,justified,0.998088257,0.998088257,1.000000000,no-large-difference-screen-only,insufficient-evidence,High 2018/2026 overlap is screening evidence only; it does not certify the authoritative boundary.
gb:USA:ADM2:52423323B59070607035282,52423323B59070607035282,Martin,Martin,North Carolina,framework:province:north-carolina:fec219a0870e,ADM2,Counties,justified,37117,Martin County,37117,Martin County,37,117,06,1182102522,746610,0.00938648,0.00063159,Polygon,1,Polygon,1,Polygon,1,justified,0.988285015,0.988285015,1.000000000,no-large-difference-screen-only,insufficient-evidence,High 2018/2026 overlap is screening evidence only; it does not certify the authoritative boundary.
gb:USA:ADM2:52423323B59284003127327,52423323B59284003127327,Georgetown,Georgetown,South Carolina,framework:province:south-carolina:2f069d91e59d,ADM2,Counties,justified,45043,Georgetown County,45043,Georgetown County,45,043,06,2107191678,550669490,0.02706177,0.26132862,Polygon,1,Polygon,1,Polygon,1,justified,0.842907733,0.842907733,1.000000000,manual-review-priority,insufficient-evidence,2018/2026 footprint overlap is below 95%; distinguish source-vintage and water extent from a true boundary error.
gb:USA:ADM2:52423323B59570542533624,52423323B59570542533624,York,York,South Carolina,framework:province:south-carolina:2f069d91e59d,ADM2,Counties,justified,45091,York County,45091,York County,45,091,06,1762764310,38995338,0.02263844,0.02212170,Polygon,1,Polygon,1,Polygon,1,justified,0.992835562,0.992835562,1.000000000,no-large-difference-screen-only,insufficient-evidence,High 2018/2026 overlap is screening evidence only; it does not certify the authoritative boundary.
gb:USA:ADM2:52423323B60260447284731,52423323B60260447284731,Sumter,Sumter,Florida,framework:province:florida:b4fb65ca8dfe,ADM2,Counties,justified,12119,Sumter County,12119,Sumter County,12,119,06,1442975459,58773797,0.01038306,0.04073097,Polygon,1,Polygon,1,Polygon,1,justified,0.992704864,0.992704864,1.000000000,no-large-difference-screen-only,insufficient-evidence,High 2018/2026 overlap is screening evidence only; it does not certify the authoritative boundary.
gb:USA:ADM2:52423323B60388203244476,52423323B60388203244476,Roane,Roane,West Virginia,framework:province:west-virginia:4c9dc6438fb1,ADM2,Counties,justified,54087,Roane County,54087,Roane County,54,087,06,1252422379,404682,0.02011380,0.00032312,Polygon,1,Polygon,1,Polygon,1,justified,0.989606661,0.989606661,1.000000000,no-large-difference-screen-only,insufficient-evidence,High 2018/2026 overlap is screening evidence only; it does not certify the authoritative boundary.
gb:USA:ADM2:52423323B60614723714205,52423323B60614723714205,Gulf,Gulf,Florida,framework:province:florida:b4fb65ca8dfe,ADM2,Counties,justified,12045,Gulf County,12045,Gulf County,12,045,06,1433472630,624401023,0.01031468,0.43558629,Polygon,1,Polygon,1,Polygon,1,justified,0.732250546,0.732250546,1.000000000,manual-review-priority,insufficient-evidence,2018/2026 footprint overlap is below 95%; distinguish source-vintage and water extent from a true boundary error.
gb:USA:ADM2:52423323B60640707975629,52423323B60640707975629,Duval,Duval,Florida,framework:province:florida:b4fb65ca8dfe,ADM2,Counties,justified,12031,Duval County,12031,Duval County,12,031,06,1975380731,403428451,0.01421403,0.20422820,Polygon,1,Polygon,1,Polygon,1,justified,0.920797772,0.920797772,1.000000000,manual-review-priority,insufficient-evidence,2018/2026 footprint overlap is below 95%; distinguish source-vintage and water extent from a true boundary error.
gb:USA:ADM2:52423323B60686531636314,52423323B60686531636314,Upshur,Upshur,West Virginia,framework:province:west-virginia:4c9dc6438fb1,ADM2,Counties,justified,54097,Upshur County,54097,Upshur County,54,097,06,918506896,302703,0.01475114,0.00032956,Polygon,1,Polygon,1,Polygon,1,justified,0.988735979,0.988735979,1.000000000,no-large-difference-screen-only,insufficient-evidence,High 2018/2026 overlap is screening evidence only; it does not certify the authoritative boundary.
gb:USA:ADM2:52423323B61850216097396,52423323B61850216097396,Leon,Leon,Florida,framework:province:florida:b4fb65ca8dfe,ADM2,Counties,justified,12073,Leon County,12073,Leon County,12,073,06,1731219884,86414549,0.01245715,0.04991541,Polygon,1,Polygon,1,Polygon,1,justified,0.990924811,0.990924811,1.000000000,no-large-difference-screen-only,insufficient-evidence,High 2018/2026 overlap is screening evidence only; it does not certify the authoritative boundary.
gb:USA:ADM2:52423323B62782413793554,52423323B62782413793554,Montgomery,Montgomery,North Carolina,framework:province:north-carolina:fec219a0870e,ADM2,Counties,justified,37123,Montgomery County,37123,Montgomery County,37,123,06,1273075061,25887300,0.01010885,0.02033446,Polygon,1,Polygon,1,Polygon,1,justified,0.991283501,0.991283501,1.000000000,no-large-difference-screen-only,insufficient-evidence,High 2018/2026 overlap is screening evidence only; it does not certify the authoritative boundary.
gb:USA:ADM2:52423323B63018807912829,52423323B63018807912829,Caldwell,Caldwell,North Carolina,framework:province:north-carolina:fec219a0870e,ADM2,Counties,justified,37027,Caldwell County,37027,Caldwell County,37,027,06,1222176576,7060446,0.00970469,0.00577694,Polygon,1,Polygon,1,Polygon,1,justified,0.991503107,0.991503107,1.000000000,no-large-difference-screen-only,insufficient-evidence,High 2018/2026 overlap is screening evidence only; it does not certify the authoritative boundary.
gb:USA:ADM2:52423323B63255212949591,52423323B63255212949591,Wilson,Wilson,North Carolina,framework:province:north-carolina:fec219a0870e,ADM2,Counties,justified,37195,Wilson County,37195,Wilson County,37,195,06,952012855,14332562,0.00755945,0.01505501,Polygon,1,Polygon,1,Polygon,1,justified,0.994953509,0.994953509,1.000000000,no-large-difference-screen-only,insufficient-evidence,High 2018/2026 overlap is screening evidence only; it does not certify the authoritative boundary.
gb:USA:ADM2:52423323B63410184829220,52423323B63410184829220,Lee,Lee,South Carolina,framework:province:south-carolina:2f069d91e59d,ADM2,Counties,justified,45061,Lee County,45061,Lee County,45,061,06,1062378299,2709092,0.01364368,0.00255003,Polygon,1,Polygon,1,Polygon,1,justified,0.989190399,0.989190399,1.000000000,no-large-difference-screen-only,insufficient-evidence,High 2018/2026 overlap is screening evidence only; it does not certify the authoritative boundary.
gb:USA:ADM2:52423323B6396533628849,52423323B6396533628849,Boone,Boone,West Virginia,framework:province:west-virginia:4c9dc6438fb1,ADM2,Counties,justified,54005,Boone County,54005,Boone County,54,005,06,1301131776,4307460,0.02089606,0.00331055,Polygon,1,Polygon,1,Polygon,1,justified,0.974206222,0.974206222,1.000000000,no-large-difference-screen-only,insufficient-evidence,High 2018/2026 overlap is screening evidence only; it does not certify the authoritative boundary.
gb:USA:ADM2:52423323B64112119736585,52423323B64112119736585,Pender,Pender,North Carolina,framework:province:north-carolina:fec219a0870e,ADM2,Counties,justified,37141,Pender County,37141,Pender County,37,141,06,2256656743,162822097,0.01791897,0.07215191,Polygon,1,Polygon,1,Polygon,1,justified,0.937406778,0.937406778,1.000000000,manual-review-priority,insufficient-evidence,2018/2026 footprint overlap is below 95%; distinguish source-vintage and water extent from a true boundary error.
gb:USA:ADM2:52423323B65247392842469,52423323B65247392842469,Haywood,Haywood,North Carolina,framework:province:north-carolina:fec219a0870e,ADM2,Counties,justified,37087,Haywood County,37087,Haywood County,37,087,06,1433713876,2438478,0.01138440,0.00170081,Polygon,1,Polygon,1,Polygon,1,justified,0.987485590,0.987485590,1.000000000,no-large-difference-screen-only,insufficient-evidence,High 2018/2026 overlap is screening evidence only; it does not certify the authoritative boundary.
gb:USA:ADM2:52423323B65725719955419,52423323B65725719955419,Henderson,Henderson,North Carolina,framework:province:north-carolina:fec219a0870e,ADM2,Counties,justified,37089,Henderson County,37089,Henderson County,37,089,06,965938346,5545995,0.00767003,0.00574156,Polygon,1,Polygon,1,Polygon,1,justified,0.984586332,0.984586332,1.000000000,no-large-difference-screen-only,insufficient-evidence,High 2018/2026 overlap is screening evidence only; it does not certify the authoritative boundary.
gb:USA:ADM2:52423323B65894657308494,52423323B65894657308494,Summers,Summers,West Virginia,framework:province:west-virginia:4c9dc6438fb1,ADM2,Counties,justified,54089,Summers County,54089,Summers County,54,089,06,933933873,18466636,0.01499890,0.01977296,Polygon,1,Polygon,1,Polygon,1,justified,0.992158309,0.992158309,1.000000000,no-large-difference-screen-only,insufficient-evidence,High 2018/2026 overlap is screening evidence only; it does not certify the authoritative boundary.
gb:USA:ADM2:52423323B66062574427882,52423323B66062574427882,Duplin,Duplin,North Carolina,framework:province:north-carolina:fec219a0870e,ADM2,Counties,justified,37061,Duplin County,37061,Duplin County,37,061,06,2110115793,14237878,0.01675536,0.00674744,Polygon,1,Polygon,1,Polygon,1,justified,0.994406599,0.994406599,1.000000000,no-large-difference-screen-only,insufficient-evidence,High 2018/2026 overlap is screening evidence only; it does not certify the authoritative boundary.
gb:USA:ADM2:52423323B67039522895977,52423323B67039522895977,Robeson,Robeson,North Carolina,framework:province:north-carolina:fec219a0870e,ADM2,Counties,justified,37155,Robeson County,37155,Robeson County,37,155,06,2453568513,4988531,0.01948255,0.00203317,Polygon,1,Polygon,1,Polygon,1,justified,0.994793380,0.994793380,1.000000000,no-large-difference-screen-only,insufficient-evidence,High 2018/2026 overlap is screening evidence only; it does not certify the authoritative boundary.
gb:USA:ADM2:52423323B67044193776379,52423323B67044193776379,Sumter,Sumter,South Carolina,framework:province:south-carolina:2f069d91e59d,ADM2,Counties,justified,45085,Sumter County,45085,Sumter County,45,085,06,1722545832,44045852,0.02212193,0.02557021,Polygon,1,Polygon,1,Polygon,1,justified,0.986684618,0.986684618,1.000000000,no-large-difference-screen-only,insufficient-evidence,High 2018/2026 overlap is screening evidence only; it does not certify the authoritative boundary.
gb:USA:ADM2:52423323B67190379796857,52423323B67190379796857,Yancey,Yancey,North Carolina,framework:province:north-carolina:fec219a0870e,ADM2,Counties,justified,37199,Yancey County,37199,Yancey County,37,199,06,809634337,1500227,0.00642890,0.00185297,Polygon,1,Polygon,1,Polygon,1,justified,0.980302303,0.980302303,1.000000000,no-large-difference-screen-only,insufficient-evidence,High 2018/2026 overlap is screening evidence only; it does not certify the authoritative boundary.
gb:USA:ADM2:52423323B67745221671047,52423323B67745221671047,Hoke,Hoke,North Carolina,framework:province:north-carolina:fec219a0870e,ADM2,Counties,justified,37093,Hoke County,37093,Hoke County,37,093,06,1010491633,3949309,0.00802380,0.00390830,Polygon,1,Polygon,1,Polygon,1,justified,0.992349561,0.992349561,1.000000000,no-large-difference-screen-only,insufficient-evidence,High 2018/2026 overlap is screening evidence only; it does not certify the authoritative boundary.
gb:USA:ADM2:52423323B67769542433711,52423323B67769542433711,Allendale,Allendale,South Carolina,framework:province:south-carolina:2f069d91e59d,ADM2,Counties,justified,45005,Allendale County,45005,Allendale County,45,005,06,1056971531,11183482,0.01357424,0.01058068,Polygon,1,Polygon,1,Polygon,1,justified,0.986092218,0.986092218,1.000000000,no-large-difference-screen-only,insufficient-evidence,High 2018/2026 overlap is screening evidence only; it does not certify the authoritative boundary.
gb:USA:ADM2:52423323B68405193247376,52423323B68405193247376,Mason,Mason,West Virginia,framework:province:west-virginia:4c9dc6438fb1,ADM2,Counties,justified,54053,Mason County,54053,Mason County,54,053,06,1115683482,36124378,0.01791778,0.03237870,Polygon,1,Polygon,1,Polygon,1,justified,0.998609786,0.998609786,1.000000000,no-large-difference-screen-only,insufficient-evidence,High 2018/2026 overlap is screening evidence only; it does not certify the authoritative boundary.
gb:USA:ADM2:52423323B68684722164969,52423323B68684722164969,Pleasants,Pleasants,West Virginia,framework:province:west-virginia:4c9dc6438fb1,ADM2,Counties,justified,54073,Pleasants County,54073,Pleasants County,54,073,06,337007577,11468017,0.00541231,0.03402896,Polygon,1,Polygon,1,Polygon,1,justified,0.975063289,0.975063289,1.000000000,no-large-difference-screen-only,insufficient-evidence,High 2018/2026 overlap is screening evidence only; it does not certify the authoritative boundary.
gb:USA:ADM2:52423323B68904174883849,52423323B68904174883849,Camden,Camden,North Carolina,framework:province:north-carolina:fec219a0870e,ADM2,Counties,justified,37029,Camden County,37029,Camden County,37,029,06,622442460,181119127,0.00494250,0.29098132,Polygon,1,Polygon,1,Polygon,1,justified,0.786685776,0.786685776,1.000000000,manual-review-priority,insufficient-evidence,2018/2026 footprint overlap is below 95%; distinguish source-vintage and water extent from a true boundary error.
gb:USA:ADM2:52423323B69040166298082,52423323B69040166298082,Marshall,Marshall,West Virginia,framework:province:west-virginia:4c9dc6438fb1,ADM2,Counties,justified,54051,Marshall County,54051,Marshall County,54,051,06,790972989,17384487,0.01270296,0.02197861,Polygon,1,Polygon,1,Polygon,1,justified,0.997447657,0.997447657,1.000000000,no-large-difference-screen-only,insufficient-evidence,High 2018/2026 overlap is screening evidence only; it does not certify the authoritative boundary.
gb:USA:ADM2:52423323B69510084173682,52423323B69510084173682,Barnwell,Barnwell,South Carolina,framework:province:south-carolina:2f069d91e59d,ADM2,Counties,justified,45011,Barnwell County,45011,Barnwell County,45,011,06,1420300162,23002898,0.01824032,0.01619580,Polygon,1,Polygon,1,Polygon,1,justified,0.995237251,0.995237251,1.000000000,no-large-difference-screen-only,insufficient-evidence,High 2018/2026 overlap is screening evidence only; it does not certify the authoritative boundary.
gb:USA:ADM2:52423323B69937594660811,52423323B69937594660811,Craven,Craven,North Carolina,framework:province:north-carolina:fec219a0870e,ADM2,Counties,justified,37049,Craven County,37049,Craven County,37,049,06,1829935078,172857151,0.01453059,0.09446081,Polygon,1,Polygon,1,Polygon,1,justified,0.953248469,0.953248469,1.000000000,no-large-difference-screen-only,insufficient-evidence,High 2018/2026 overlap is screening evidence only; it does not certify the authoritative boundary.
gb:USA:ADM2:52423323B70070544976743,52423323B70070544976743,Palm Beach,Palm Beach,Florida,framework:province:florida:b4fb65ca8dfe,ADM2,Counties,justified,12099,Palm Beach County,12099,Palm Beach County,12,099,06,5087565117,1084895790,0.03660803,0.21324460,Polygon,1,Polygon,1,Polygon,1,justified,0.933092584,0.933092584,1.000000000,manual-review-priority,insufficient-evidence,2018/2026 footprint overlap is below 95%; distinguish source-vintage and water extent from a true boundary error.
gb:USA:ADM2:52423323B70191096340294,52423323B70191096340294,Edgecombe,Edgecombe,North Carolina,framework:province:north-carolina:fec219a0870e,ADM2,Counties,justified,37065,Edgecombe County,37065,Edgecombe County,37,065,06,1309073938,3706113,0.01039469,0.00283110,Polygon,1,Polygon,1,Polygon,1,justified,0.992997227,0.992997227,1.000000000,no-large-difference-screen-only,insufficient-evidence,High 2018/2026 overlap is screening evidence only; it does not certify the authoritative boundary.
gb:USA:ADM2:52423323B70248035417131,52423323B70248035417131,Polk,Polk,North Carolina,framework:province:north-carolina:fec219a0870e,ADM2,Counties,justified,37149,Polk County,37149,Polk County,37,149,06,615606313,1964035,0.00488822,0.00319041,Polygon,1,Polygon,1,Polygon,1,justified,0.987158667,0.987158667,1.000000000,no-large-difference-screen-only,insufficient-evidence,High 2018/2026 overlap is screening evidence only; it does not certify the authoritative boundary.
gb:USA:ADM2:52423323B71278285569772,52423323B71278285569772,Watauga,Watauga,North Carolina,framework:province:north-carolina:fec219a0870e,ADM2,Counties,justified,37189,Watauga County,37189,Watauga County,37,189,06,809214844,2271721,0.00642557,0.00280732,Polygon,1,Polygon,1,Polygon,1,justified,0.991140851,0.991140851,1.000000000,no-large-difference-screen-only,insufficient-evidence,High 2018/2026 overlap is screening evidence only; it does not certify the authoritative boundary.
gb:USA:ADM2:52423323B7185899041346,52423323B7185899041346,Dare,Dare,North Carolina,framework:province:north-carolina:fec219a0870e,ADM2,Counties,justified,37055,Dare County,37055,Dare County,37,055,06,992558966,3000512861,0.00788141,3.02300716,MultiPolygon,4,Polygon,1,Polygon,1,justified,0.298511509,0.298511509,1.000000000,manual-review-priority,insufficient-evidence,2018/2026 footprint overlap is below 95%; distinguish source-vintage and water extent from a true boundary error.
gb:USA:ADM2:52423323B72025487819763,52423323B72025487819763,Sampson,Sampson,North Carolina,framework:province:north-carolina:fec219a0870e,ADM2,Counties,justified,37163,Sampson County,37163,Sampson County,37,163,06,2449955930,4914431,0.01945386,0.00200593,Polygon,1,Polygon,1,Polygon,1,justified,0.992612358,0.992612358,1.000000000,no-large-difference-screen-only,insufficient-evidence,High 2018/2026 overlap is screening evidence only; it does not certify the authoritative boundary.
gb:USA:ADM2:52423323B72128668432216,52423323B72128668432216,Randolph,Randolph,North Carolina,framework:province:north-carolina:fec219a0870e,ADM2,Counties,justified,37151,Randolph County,37151,Randolph County,37,151,06,2026335277,19610655,0.01609010,0.00967789,Polygon,1,Polygon,1,Polygon,1,justified,0.998256052,0.998256052,1.000000000,no-large-difference-screen-only,insufficient-evidence,High 2018/2026 overlap is screening evidence only; it does not certify the authoritative boundary.
gb:USA:ADM2:52423323B72534166962454,52423323B72534166962454,Highlands,Highlands,Florida,framework:province:florida:b4fb65ca8dfe,ADM2,Counties,justified,12055,Highlands County,12055,Highlands County,12,055,06,2635753185,230641246,0.01896580,0.08750487,Polygon,1,Polygon,1,Polygon,1,justified,0.994264022,0.994264022,1.000000000,no-large-difference-screen-only,insufficient-evidence,High 2018/2026 overlap is screening evidence only; it does not certify the authoritative boundary.
gb:USA:ADM2:52423323B73587469313041,52423323B73587469313041,Davidson,Davidson,North Carolina,framework:province:north-carolina:fec219a0870e,ADM2,Counties,justified,37057,Davidson County,37057,Davidson County,37,057,06,1432233654,37603332,0.01137264,0.02625503,Polygon,1,Polygon,1,Polygon,1,justified,0.990982948,0.990982948,1.000000000,no-large-difference-screen-only,insufficient-evidence,High 2018/2026 overlap is screening evidence only; it does not certify the authoritative boundary.
gb:USA:ADM2:52423323B73600596363110,52423323B73600596363110,Anson,Anson,North Carolina,framework:province:north-carolina:fec219a0870e,ADM2,Counties,justified,37007,Anson County,37007,Anson County,37,007,06,1376493243,14588101,0.01093004,0.01059802,Polygon,1,Polygon,1,Polygon,1,justified,0.993423786,0.993423786,1.000000000,no-large-difference-screen-only,insufficient-evidence,High 2018/2026 overlap is screening evidence only; it does not certify the authoritative boundary.
gb:USA:ADM2:52423323B73755605771607,52423323B73755605771607,Gates,Gates,North Carolina,framework:province:north-carolina:fec219a0870e,ADM2,Counties,justified,37073,Gates County,37073,Gates County,37,073,06,882181693,13292008,0.00700496,0.01506720,Polygon,1,Polygon,1,Polygon,1,justified,0.991303382,0.991303382,1.000000000,no-large-difference-screen-only,insufficient-evidence,High 2018/2026 overlap is screening evidence only; it does not certify the authoritative boundary.
gb:USA:ADM2:52423323B73804812534091,52423323B73804812534091,Durham,Durham,North Carolina,framework:province:north-carolina:fec219a0870e,ADM2,Counties,justified,37063,Durham County,37063,Durham County,37,063,06,744793969,26666533,0.00591403,0.03580391,Polygon,1,Polygon,1,Polygon,1,justified,0.995952373,0.995952373,1.000000000,no-large-difference-screen-only,insufficient-evidence,High 2018/2026 overlap is screening evidence only; it does not certify the authoritative boundary.
gb:USA:ADM2:52423323B74647916820461,52423323B74647916820461,Alachua,Alachua,Florida,framework:province:florida:b4fb65ca8dfe,ADM2,Counties,justified,12001,Alachua County,12001,Alachua County,12,001,06,2267977893,241207824,0.01631944,0.10635369,Polygon,1,Polygon,1,Polygon,1,justified,0.990811998,0.990811998,1.000000000,no-large-difference-screen-only,insufficient-evidence,High 2018/2026 overlap is screening evidence only; it does not certify the authoritative boundary.
gb:USA:ADM2:52423323B74651487208839,52423323B74651487208839,Hillsborough,Hillsborough,Florida,framework:province:florida:b4fb65ca8dfe,ADM2,Counties,justified,12057,Hillsborough County,12057,Hillsborough County,12,057,06,2647365504,795220965,0.01904936,0.30038201,Polygon,1,Polygon,1,Polygon,1,justified,0.809811838,0.812256636,0.995458392,manual-review-priority,insufficient-evidence,2018/2026 footprint overlap is below 95%; distinguish source-vintage and water extent from a true boundary error.
gb:USA:ADM2:52423323B7501124425209,52423323B7501124425209,Yadkin,Yadkin,North Carolina,framework:province:north-carolina:fec219a0870e,ADM2,Counties,justified,37197,Yadkin County,37197,Yadkin County,37,197,06,867502528,7171703,0.00688840,0.00826707,Polygon,1,Polygon,1,Polygon,1,justified,0.988117224,0.988117224,1.000000000,no-large-difference-screen-only,insufficient-evidence,High 2018/2026 overlap is screening evidence only; it does not certify the authoritative boundary.
gb:USA:ADM2:52423323B75500493210020,52423323B75500493210020,Guilford,Guilford,North Carolina,framework:province:north-carolina:fec219a0870e,ADM2,Counties,justified,37081,Guilford County,37081,Guilford County,37,081,06,1673142078,30239393,0.01328558,0.01807342,Polygon,1,Polygon,1,Polygon,1,justified,0.998878221,0.998878221,1.000000000,no-large-difference-screen-only,insufficient-evidence,High 2018/2026 overlap is screening evidence only; it does not certify the authoritative boundary.
gb:USA:ADM2:52423323B75568598191549,52423323B75568598191549,Nicholas,Nicholas,West Virginia,framework:province:west-virginia:4c9dc6438fb1,ADM2,Counties,justified,54067,Nicholas County,54067,Nicholas County,54,067,06,1675317970,19369539,0.02690546,0.01156171,Polygon,1,Polygon,1,Polygon,1,justified,0.990764061,0.990764061,1.000000000,no-large-difference-screen-only,insufficient-evidence,High 2018/2026 overlap is screening evidence only; it does not certify the authoritative boundary.
gb:USA:ADM2:52423323B75735385248620,52423323B75735385248620,Alamance,Alamance,North Carolina,framework:province:north-carolina:fec219a0870e,ADM2,Counties,justified,37001,Alamance County,37001,Alamance County,37,001,06,1096773671,27902888,0.00870893,0.02544088,Polygon,1,Polygon,1,Polygon,1,justified,0.997284016,0.997284016,1.000000000,no-large-difference-screen-only,insufficient-evidence,High 2018/2026 overlap is screening evidence only; it does not certify the authoritative boundary.
gb:USA:ADM2:52423323B75939807173919,52423323B75939807173919,Tyler,Tyler,West Virginia,framework:province:west-virginia:4c9dc6438fb1,ADM2,Counties,justified,54095,Tyler County,54095,Tyler County,54,095,06,663818556,11382162,0.01066087,0.01714650,Polygon,1,Polygon,1,Polygon,1,justified,0.985218123,0.985218123,1.000000000,no-large-difference-screen-only,insufficient-evidence,High 2018/2026 overlap is screening evidence only; it does not certify the authoritative boundary.
gb:USA:ADM2:52423323B7608652803448,52423323B7608652803448,Cabell,Cabell,West Virginia,framework:province:west-virginia:4c9dc6438fb1,ADM2,Counties,justified,54011,Cabell County,54011,Cabell County,54,011,06,727850606,18109394,0.01168922,0.02488065,Polygon,1,Polygon,1,Polygon,1,justified,0.987884802,0.987884802,1.000000000,no-large-difference-screen-only,insufficient-evidence,High 2018/2026 overlap is screening evidence only; it does not certify the authoritative boundary.
gb:USA:ADM2:52423323B76161354561754,52423323B76161354561754,Macon,Macon,North Carolina,framework:province:north-carolina:fec219a0870e,ADM2,Counties,justified,37113,Macon County,37113,Macon County,37,113,06,1335234662,10570986,0.01060242,0.00791695,Polygon,1,Polygon,1,Polygon,1,justified,0.988791237,0.988791237,1.000000000,no-large-difference-screen-only,insufficient-evidence,High 2018/2026 overlap is screening evidence only; it does not certify the authoritative boundary.
gb:USA:ADM2:52423323B7621511423784,52423323B7621511423784,Carteret,Carteret,North Carolina,framework:province:north-carolina:fec219a0870e,ADM2,Counties,justified,37031,Carteret County,37031,Carteret County,37,031,06,1314733529,2131017125,0.01043963,1.62087380,Polygon,1,Polygon,1,Polygon,1,justified,0.492052514,0.492052514,1.000000000,manual-review-priority,insufficient-evidence,2018/2026 footprint overlap is below 95%; distinguish source-vintage and water extent from a true boundary error.
gb:USA:ADM2:52423323B76614514394942,52423323B76614514394942,Graham,Graham,North Carolina,framework:province:north-carolina:fec219a0870e,ADM2,Counties,justified,37075,Graham County,37075,Graham County,37,075,06,756197347,25053251,0.00600458,0.03313057,Polygon,1,Polygon,1,Polygon,1,justified,0.985337367,0.985337367,1.000000000,no-large-difference-screen-only,insufficient-evidence,High 2018/2026 overlap is screening evidence only; it does not certify the authoritative boundary.
gb:USA:ADM2:52423323B76675634203570,52423323B76675634203570,St. Johns,St. Johns,Florida,framework:province:florida:b4fb65ca8dfe,ADM2,Counties,justified,12109,St. Johns County,12109,St. Johns County,12,109,06,1555701129,572055461,0.01119419,0.36771553,Polygon,1,Polygon,1,Polygon,1,justified,0.817138127,0.817138127,1.000000000,manual-review-priority,insufficient-evidence,2018/2026 footprint overlap is below 95%; distinguish source-vintage and water extent from a true boundary error.
gb:USA:ADM2:52423323B76793643920341,52423323B76793643920341,Okaloosa,Okaloosa,Florida,framework:province:florida:b4fb65ca8dfe,ADM2,Counties,justified,12091,Okaloosa County,12091,Okaloosa County,12,091,06,2408112945,820796944,0.01732779,0.34084653,Polygon,1,Polygon,1,Polygon,1,justified,0.796743513,0.796743513,1.000000000,manual-review-priority,insufficient-evidence,2018/2026 footprint overlap is below 95%; distinguish source-vintage and water extent from a true boundary error.
gb:USA:ADM2:52423323B76840765500257,52423323B76840765500257,Kanawha,Kanawha,West Virginia,framework:province:west-virginia:4c9dc6438fb1,ADM2,Counties,justified,54039,Kanawha County,54039,Kanawha County,54,039,06,2335490840,24050221,0.03750778,0.01029772,Polygon,1,Polygon,1,Polygon,1,justified,0.991267199,0.991267199,1.000000000,no-large-difference-screen-only,insufficient-evidence,High 2018/2026 overlap is screening evidence only; it does not certify the authoritative boundary.
gb:USA:ADM2:52423323B77121612808563,52423323B77121612808563,Oconee,Oconee,South Carolina,framework:province:south-carolina:2f069d91e59d,ADM2,Counties,justified,45073,Oconee County,45073,Oconee County,45,073,06,1622877217,121629984,0.02084193,0.07494713,Polygon,1,Polygon,1,Polygon,1,justified,0.987005214,0.987005214,1.000000000,no-large-difference-screen-only,insufficient-evidence,High 2018/2026 overlap is screening evidence only; it does not certify the authoritative boundary.
gb:USA:ADM2:52423323B77423065564035,52423323B77423065564035,Newberry,Newberry,South Carolina,framework:province:south-carolina:2f069d91e59d,ADM2,Counties,justified,45071,Newberry County,45071,Newberry County,45,071,06,1632569396,44077690,0.02096640,0.02699897,Polygon,1,Polygon,1,Polygon,1,justified,0.985600254,0.985600254,1.000000000,no-large-difference-screen-only,insufficient-evidence,High 2018/2026 overlap is screening evidence only; it does not certify the authoritative boundary.
gb:USA:ADM2:52423323B77456184843444,52423323B77456184843444,Clarendon,Clarendon,South Carolina,framework:province:south-carolina:2f069d91e59d,ADM2,Counties,justified,45027,Clarendon County,45027,Clarendon County,45,027,06,1572660715,229093477,0.02019702,0.14567254,Polygon,1,Polygon,1,Polygon,1,justified,0.990239908,0.990239908,1.000000000,no-large-difference-screen-only,insufficient-evidence,High 2018/2026 overlap is screening evidence only; it does not certify the authoritative boundary.
gb:USA:ADM2:52423323B7766336727769,52423323B7766336727769,Baker,Baker,Florida,framework:province:florida:b4fb65ca8dfe,ADM2,Counties,justified,12003,Baker County,12003,Baker County,12,003,06,1515738942,9686120,0.01090664,0.00639036,Polygon,1,Polygon,1,Polygon,1,justified,0.995158119,0.995158119,1.000000000,no-large-difference-screen-only,insufficient-evidence,High 2018/2026 overlap is screening evidence only; it does not certify the authoritative boundary.
gb:USA:ADM2:52423323B77740585629691,52423323B77740585629691,Harnett,Harnett,North Carolina,framework:province:north-carolina:fec219a0870e,ADM2,Counties,justified,37085,Harnett County,37085,Harnett County,37,085,06,1541364092,16297287,0.01223919,0.01057329,Polygon,1,Polygon,1,Polygon,1,justified,0.991481366,0.991481366,1.000000000,no-large-difference-screen-only,insufficient-evidence,High 2018/2026 overlap is screening evidence only; it does not certify the authoritative boundary.
gb:USA:ADM2:52423323B7774526001257,52423323B7774526001257,Halifax,Halifax,North Carolina,framework:province:north-carolina:fec219a0870e,ADM2,Counties,justified,37083,Halifax County,37083,Halifax County,37,083,06,1874473634,16918950,0.01488425,0.00902597,Polygon,1,Polygon,1,Polygon,1,justified,0.988168297,0.988168297,1.000000000,no-large-difference-screen-only,insufficient-evidence,High 2018/2026 overlap is screening evidence only; it does not certify the authoritative boundary.
gb:USA:ADM2:52423323B7787272397887,52423323B7787272397887,Bertie,Bertie,North Carolina,framework:province:north-carolina:fec219a0870e,ADM2,Counties,justified,37015,Bertie County,37015,Bertie County,37,015,06,1810858556,109120745,0.01437911,0.06025912,Polygon,1,Polygon,1,Polygon,1,justified,0.959046414,0.959046414,1.000000000,no-large-difference-screen-only,insufficient-evidence,High 2018/2026 overlap is screening evidence only; it does not certify the authoritative boundary.
gb:USA:ADM2:52423323B78035589313404,52423323B78035589313404,Saluda,Saluda,South Carolina,framework:province:south-carolina:2f069d91e59d,ADM2,Counties,justified,45081,Saluda County,45081,Saluda County,45,081,06,1173861081,22935871,0.01507540,0.01953883,Polygon,1,Polygon,1,Polygon,1,justified,0.988446942,0.988446942,1.000000000,no-large-difference-screen-only,insufficient-evidence,High 2018/2026 overlap is screening evidence only; it does not certify the authoritative boundary.
gb:USA:ADM2:52423323B78270191990376,52423323B78270191990376,Grant,Grant,West Virginia,framework:province:west-virginia:4c9dc6438fb1,ADM2,Counties,justified,54023,Grant County,54023,Grant County,54,023,06,1236389406,7544475,0.01985631,0.00610202,Polygon,1,Polygon,1,Polygon,1,justified,0.987608054,0.987608054,1.000000000,no-large-difference-screen-only,insufficient-evidence,High 2018/2026 overlap is screening evidence only; it does not certify the authoritative boundary.
gb:USA:ADM2:52423323B78464360666079,52423323B78464360666079,Darlington,Darlington,South Carolina,framework:province:south-carolina:2f069d91e59d,ADM2,Counties,justified,45031,Darlington County,45031,Darlington County,45,031,06,1452033247,14552324,0.01864785,0.01002203,Polygon,1,Polygon,1,Polygon,1,justified,0.988830781,0.988830781,1.000000000,no-large-difference-screen-only,insufficient-evidence,High 2018/2026 overlap is screening evidence only; it does not certify the authoritative boundary.
gb:USA:ADM2:52423323B78779547574002,52423323B78779547574002,Person,Person,North Carolina,framework:province:north-carolina:fec219a0870e,ADM2,Counties,justified,37145,Person County,37145,Person County,37,145,06,1016189173,31171095,0.00806904,0.03067450,Polygon,1,Polygon,1,Polygon,1,justified,0.998635874,0.998635874,1.000000000,no-large-difference-screen-only,insufficient-evidence,High 2018/2026 overlap is screening evidence only; it does not certify the authoritative boundary.
gb:USA:ADM2:52423323B78786867018867,52423323B78786867018867,Chesterfield,Chesterfield,South Carolina,framework:province:south-carolina:2f069d91e59d,ADM2,Counties,justified,45025,Chesterfield County,45025,Chesterfield County,45,025,06,2069364004,17265240,0.02657597,0.00834326,Polygon,1,Polygon,1,Polygon,1,justified,0.990668448,0.990668448,1.000000000,no-large-difference-screen-only,insufficient-evidence,High 2018/2026 overlap is screening evidence only; it does not certify the authoritative boundary.
gb:USA:ADM2:52423323B78922386378350,52423323B78922386378350,Iredell,Iredell,North Carolina,framework:province:north-carolina:fec219a0870e,ADM2,Counties,justified,37097,Iredell County,37097,Iredell County,37,097,06,1487907564,59330630,0.01181472,0.03987521,Polygon,1,Polygon,1,Polygon,1,justified,0.994953310,0.994953310,1.000000000,no-large-difference-screen-only,insufficient-evidence,High 2018/2026 overlap is screening evidence only; it does not certify the authoritative boundary.
gb:USA:ADM2:52423323B80125448855540,52423323B80125448855540,Jefferson,Jefferson,West Virginia,framework:province:west-virginia:4c9dc6438fb1,ADM2,Counties,justified,54037,Jefferson County,54037,Jefferson County,54,037,06,542054921,6150169,0.00870536,0.01134603,Polygon,1,Polygon,1,Polygon,1,justified,0.985843751,0.985843751,1.000000000,no-large-difference-screen-only,insufficient-evidence,High 2018/2026 overlap is screening evidence only; it does not certify the authoritative boundary.
gb:USA:ADM2:52423323B8015598177606,52423323B8015598177606,Bladen,Bladen,North Carolina,framework:province:north-carolina:fec219a0870e,ADM2,Counties,justified,37017,Bladen County,37017,Bladen County,37,017,06,2266251835,33022255,0.01799516,0.01457131,Polygon,1,Polygon,1,Polygon,1,justified,0.992528899,0.992531041,0.999994149,no-large-difference-screen-only,insufficient-evidence,High 2018/2026 overlap is screening evidence only; it does not certify the authoritative boundary.
gb:USA:ADM2:52423323B80488084984098,52423323B80488084984098,Flagler,Flagler,Florida,framework:province:florida:b4fb65ca8dfe,ADM2,Counties,justified,12035,Flagler County,12035,Flagler County,12,035,06,1259156621,219207691,0.00906037,0.17409089,Polygon,1,Polygon,1,Polygon,1,justified,0.885854003,0.885854003,1.000000000,manual-review-priority,insufficient-evidence,2018/2026 footprint overlap is below 95%; distinguish source-vintage and water extent from a true boundary error.
gb:USA:ADM2:52423323B80658823199099,52423323B80658823199099,Lenoir,Lenoir,North Carolina,framework:province:north-carolina:fec219a0870e,ADM2,Counties,justified,37107,Lenoir County,37107,Lenoir County,37,107,06,1033630033,5900296,0.00820753,0.00570832,Polygon,1,Polygon,1,Polygon,1,justified,0.990531139,0.990531139,1.000000000,no-large-difference-screen-only,insufficient-evidence,High 2018/2026 overlap is screening evidence only; it does not certify the authoritative boundary.
gb:USA:ADM2:52423323B81362152802157,52423323B81362152802157,Williamsburg,Williamsburg,South Carolina,framework:province:south-carolina:2f069d91e59d,ADM2,Counties,justified,45089,Williamsburg County,45089,Williamsburg County,45,089,06,2419477842,7461200,0.03107233,0.00308381,Polygon,1,Polygon,1,Polygon,1,justified,0.992982786,0.992982786,1.000000000,no-large-difference-screen-only,insufficient-evidence,High 2018/2026 overlap is screening evidence only; it does not certify the authoritative boundary.
gb:USA:ADM2:52423323B82780636991471,52423323B82780636991471,Holmes,Holmes,Florida,framework:province:florida:b4fb65ca8dfe,ADM2,Counties,justified,12059,Holmes County,12059,Holmes County,12,059,06,1240237023,26389419,0.00892424,0.02127772,Polygon,1,Polygon,1,Polygon,1,justified,0.993660155,0.993660155,1.000000000,no-large-difference-screen-only,insufficient-evidence,High 2018/2026 overlap is screening evidence only; it does not certify the authoritative boundary.
gb:USA:ADM2:52423323B8286082646213,52423323B8286082646213,Clay,Clay,West Virginia,framework:province:west-virginia:4c9dc6438fb1,ADM2,Counties,justified,54015,Clay County,54015,Clay County,54,015,06,885657493,4822201,0.01422358,0.00544477,Polygon,1,Polygon,1,Polygon,1,justified,0.995711729,0.995711729,1.000000000,no-large-difference-screen-only,insufficient-evidence,High 2018/2026 overlap is screening evidence only; it does not certify the authoritative boundary.
gb:USA:ADM2:52423323B83657020181819,52423323B83657020181819,Monroe,Monroe,Florida,framework:province:florida:b4fb65ca8dfe,ADM2,Counties,justified,12087,Monroe County,12087,Monroe County,12,087,06,2546069740,11153840985,0.01832047,4.38080733,MultiPolygon,9,MultiPolygon,2,MultiPolygon,2,justified,0.285046824,0.285046824,1.000000000,manual-review-priority,insufficient-evidence,2018/2026 footprint overlap is below 95%; distinguish source-vintage and water extent from a true boundary error.
gb:USA:ADM2:52423323B83893074042223,52423323B83893074042223,Chester,Chester,South Carolina,framework:province:south-carolina:2f069d91e59d,ADM2,Counties,justified,45023,Chester County,45023,Chester County,45,023,06,1504432526,14514705,0.01932079,0.00964796,Polygon,1,Polygon,1,Polygon,1,justified,0.992137091,0.992137091,1.000000000,no-large-difference-screen-only,insufficient-evidence,High 2018/2026 overlap is screening evidence only; it does not certify the authoritative boundary.
gb:USA:ADM2:52423323B84079682288186,52423323B84079682288186,Pamlico,Pamlico,North Carolina,framework:province:north-carolina:fec219a0870e,ADM2,Counties,justified,37137,Pamlico County,37137,Pamlico County,37,137,06,871565234,583042075,0.00692066,0.66895977,Polygon,1,Polygon,1,Polygon,1,justified,0.694365402,0.694365402,1.000000000,manual-review-priority,insufficient-evidence,2018/2026 footprint overlap is below 95%; distinguish source-vintage and water extent from a true boundary error.
gb:USA:ADM2:52423323B84161084981084,52423323B84161084981084,Mineral,Mineral,West Virginia,framework:province:west-virginia:4c9dc6438fb1,ADM2,Counties,justified,54057,Mineral County,54057,Mineral County,54,057,06,849209723,3466313,0.01363824,0.00408181,Polygon,1,Polygon,1,Polygon,1,justified,0.981419262,0.981419262,1.000000000,no-large-difference-screen-only,insufficient-evidence,High 2018/2026 overlap is screening evidence only; it does not certify the authoritative boundary.
gb:USA:ADM2:52423323B84288855823535,52423323B84288855823535,Bamberg,Bamberg,South Carolina,framework:province:south-carolina:2f069d91e59d,ADM2,Counties,justified,45009,Bamberg County,45009,Bamberg County,45,009,06,1018815082,5686290,0.01308421,0.00558128,Polygon,1,Polygon,1,Polygon,1,justified,0.987412766,0.987412766,1.000000000,no-large-difference-screen-only,insufficient-evidence,High 2018/2026 overlap is screening evidence only; it does not certify the authoritative boundary.
gb:USA:ADM2:52423323B84526796546447,52423323B84526796546447,Johnston,Johnston,North Carolina,framework:province:north-carolina:fec219a0870e,ADM2,Counties,justified,37101,Johnston County,37101,Johnston County,37,101,06,2051398400,9322189,0.01628912,0.00454431,MultiPolygon,2,Polygon,1,Polygon,1,justified,0.994790441,0.994790441,1.000000000,no-large-difference-screen-only,insufficient-evidence,High 2018/2026 overlap is screening evidence only; it does not certify the authoritative boundary.
gb:USA:ADM2:52423323B84836072976250,52423323B84836072976250,Union,Union,South Carolina,framework:province:south-carolina:2f069d91e59d,ADM2,Counties,justified,45087,Union County,45087,Union County,45,087,06,1330228664,4488752,0.01708357,0.00337442,Polygon,1,Polygon,1,Polygon,1,justified,0.981388732,0.981388732,1.000000000,no-large-difference-screen-only,insufficient-evidence,High 2018/2026 overlap is screening evidence only; it does not certify the authoritative boundary.
gb:USA:ADM2:52423323B84884093129235,52423323B84884093129235,Washington,Washington,North Carolina,framework:province:north-carolina:fec219a0870e,ADM2,Counties,justified,37187,Washington County,37187,Washington County,37,187,06,897456197,195282196,0.00712625,0.21759524,Polygon,1,Polygon,1,Polygon,1,justified,0.888062952,0.888062952,1.000000000,manual-review-priority,insufficient-evidence,2018/2026 footprint overlap is below 95%; distinguish source-vintage and water extent from a true boundary error.
gb:USA:ADM2:52423323B8498333390768,52423323B8498333390768,Scotland,Scotland,North Carolina,framework:province:north-carolina:fec219a0870e,ADM2,Counties,justified,37165,Scotland County,37165,Scotland County,37,165,06,826574614,3837412,0.00656341,0.00464255,Polygon,1,Polygon,1,Polygon,1,justified,0.991389450,0.991389450,1.000000000,no-large-difference-screen-only,insufficient-evidence,High 2018/2026 overlap is screening evidence only; it does not certify the authoritative boundary.
gb:USA:ADM2:52423323B8509439867450,52423323B8509439867450,Dillon,Dillon,South Carolina,framework:province:south-carolina:2f069d91e59d,ADM2,Counties,justified,45033,Dillon County,45033,Dillon County,45,033,06,1049143231,4515866,0.01347370,0.00430434,Polygon,1,Polygon,1,Polygon,1,justified,0.992604199,0.992604199,1.000000000,no-large-difference-screen-only,insufficient-evidence,High 2018/2026 overlap is screening evidence only; it does not certify the authoritative boundary.
gb:USA:ADM2:52423323B85327388246138,52423323B85327388246138,Mitchell,Mitchell,North Carolina,framework:province:north-carolina:fec219a0870e,ADM2,Counties,justified,37121,Mitchell County,37121,Mitchell County,37,121,06,573036225,1632150,0.00455019,0.00284825,Polygon,1,Polygon,1,Polygon,1,justified,0.976332307,0.976332307,1.000000000,no-large-difference-screen-only,insufficient-evidence,High 2018/2026 overlap is screening evidence only; it does not certify the authoritative boundary.
gb:USA:ADM2:52423323B85363344539389,52423323B85363344539389,Lee,Lee,North Carolina,framework:province:north-carolina:fec219a0870e,ADM2,Counties,justified,37105,Lee County,37105,Lee County,37,105,06,660642551,10690235,0.00524583,0.01618157,Polygon,1,Polygon,1,Polygon,1,justified,0.985938987,0.985938987,1.000000000,no-large-difference-screen-only,insufficient-evidence,High 2018/2026 overlap is screening evidence only; it does not certify the authoritative boundary.
gb:USA:ADM2:52423323B8638287595623,52423323B8638287595623,Swain,Swain,North Carolina,framework:province:north-carolina:fec219a0870e,ADM2,Counties,justified,37173,Swain County,37173,Swain County,37,173,06,1366800393,32419217,0.01085307,0.02371906,Polygon,1,Polygon,1,Polygon,1,justified,0.987015750,0.987015750,1.000000000,no-large-difference-screen-only,insufficient-evidence,High 2018/2026 overlap is screening evidence only; it does not certify the authoritative boundary.
gb:USA:ADM2:52423323B8788265291879,52423323B8788265291879,Doddridge,Doddridge,West Virginia,framework:province:west-virginia:4c9dc6438fb1,ADM2,Counties,justified,54017,Doddridge County,54017,Doddridge County,54,017,06,828078406,1950540,0.01329887,0.00235550,Polygon,1,Polygon,1,Polygon,1,justified,0.983196428,0.983196428,1.000000000,no-large-difference-screen-only,insufficient-evidence,High 2018/2026 overlap is screening evidence only; it does not certify the authoritative boundary.
gb:USA:ADM2:52423323B88049032816505,52423323B88049032816505,Mercer,Mercer,West Virginia,framework:province:west-virginia:4c9dc6438fb1,ADM2,Counties,justified,54055,Mercer County,54055,Mercer County,54,055,06,1085238569,4309945,0.01742884,0.00397143,Polygon,1,Polygon,1,Polygon,1,justified,0.995473810,0.995473810,1.000000000,no-large-difference-screen-only,insufficient-evidence,High 2018/2026 overlap is screening evidence only; it does not certify the authoritative boundary.
gb:USA:ADM2:52423323B8866433924767,52423323B8866433924767,Hampshire,Hampshire,West Virginia,framework:province:west-virginia:4c9dc6438fb1,ADM2,Counties,justified,54027,Hampshire County,54027,Hampshire County,54,027,06,1658634385,10902103,0.02663753,0.00657294,Polygon,1,Polygon,1,Polygon,1,justified,0.993383730,0.993383730,1.000000000,no-large-difference-screen-only,insufficient-evidence,High 2018/2026 overlap is screening evidence only; it does not certify the authoritative boundary.
gb:USA:ADM2:52423323B89464999427747,52423323B89464999427747,Marion,Marion,South Carolina,framework:province:south-carolina:2f069d91e59d,ADM2,Counties,justified,45067,Marion County,45067,Marion County,45,067,06,1267466478,12418895,0.01627754,0.00979820,Polygon,1,Polygon,1,Polygon,1,justified,0.977336958,0.977336958,1.000000000,no-large-difference-screen-only,insufficient-evidence,High 2018/2026 overlap is screening evidence only; it does not certify the authoritative boundary.
gb:USA:ADM2:52423323B90119869144557,52423323B90119869144557,Dorchester,Dorchester,South Carolina,framework:province:south-carolina:2f069d91e59d,ADM2,Counties,justified,45035,Dorchester County,45035,Dorchester County,45,035,06,1472186601,6777027,0.01890667,0.00460338,Polygon,1,Polygon,1,Polygon,1,justified,0.985577126,0.985577126,1.000000000,no-large-difference-screen-only,insufficient-evidence,High 2018/2026 overlap is screening evidence only; it does not certify the authoritative boundary.
gb:USA:ADM2:52423323B90263119803595,52423323B90263119803595,Clay,Clay,North Carolina,framework:province:north-carolina:fec219a0870e,ADM2,Counties,justified,37043,Clay County,37043,Clay County,37,043,06,556856995,15039030,0.00442172,0.02700699,Polygon,1,Polygon,1,Polygon,1,justified,0.985140613,0.985140613,1.000000000,no-large-difference-screen-only,insufficient-evidence,High 2018/2026 overlap is screening evidence only; it does not certify the authoritative boundary.
gb:USA:ADM2:52423323B90270003054506,52423323B90270003054506,Santa Rosa,Santa Rosa,Florida,framework:province:florida:b4fb65ca8dfe,ADM2,Counties,justified,12113,Santa Rosa County,12113,Santa Rosa County,12,113,06,2622108130,543293107,0.01886761,0.20719706,Polygon,1,Polygon,1,Polygon,1,justified,0.930725028,0.930725028,1.000000000,manual-review-priority,insufficient-evidence,2018/2026 footprint overlap is below 95%; distinguish source-vintage and water extent from a true boundary error.
gb:USA:ADM2:52423323B90543802473201,52423323B90543802473201,Lincoln,Lincoln,North Carolina,framework:province:north-carolina:fec219a0870e,ADM2,Counties,justified,37109,Lincoln County,37109,Lincoln County,37,109,06,766279438,23310640,0.00608464,0.03042055,Polygon,1,Polygon,1,Polygon,1,justified,0.992230728,0.992230728,1.000000000,no-large-difference-screen-only,insufficient-evidence,High 2018/2026 overlap is screening evidence only; it does not certify the authoritative boundary.
gb:USA:ADM2:52423323B91095890674954,52423323B91095890674954,Burke,Burke,North Carolina,framework:province:north-carolina:fec219a0870e,ADM2,Counties,justified,37023,Burke County,37023,Burke County,37,023,06,1311213751,20719897,0.01041169,0.01580207,Polygon,1,Polygon,1,Polygon,1,justified,0.990639747,0.990608241,0.999956590,no-large-difference-screen-only,insufficient-evidence,High 2018/2026 overlap is screening evidence only; it does not certify the authoritative boundary.
gb:USA:ADM2:52423323B91612624851462,52423323B91612624851462,Avery,Avery,North Carolina,framework:province:north-carolina:fec219a0870e,ADM2,Counties,justified,37011,Avery County,37011,Avery County,37,011,06,640602136,445285,0.00508670,0.00069510,Polygon,1,Polygon,1,Polygon,1,justified,0.988067324,0.988067324,1.000000000,no-large-difference-screen-only,insufficient-evidence,High 2018/2026 overlap is screening evidence only; it does not certify the authoritative boundary.
gb:USA:ADM2:52423323B92436746543107,52423323B92436746543107,Webster,Webster,West Virginia,framework:province:west-virginia:4c9dc6438fb1,ADM2,Counties,justified,54101,Webster County,54101,Webster County,54,101,06,1433479246,7146770,0.02302155,0.00498561,Polygon,1,Polygon,1,Polygon,1,justified,0.996414428,0.996414428,1.000000000,no-large-difference-screen-only,insufficient-evidence,High 2018/2026 overlap is screening evidence only; it does not certify the authoritative boundary.
gb:USA:ADM2:52423323B92612294973993,52423323B92612294973993,Bay,Bay,Florida,framework:province:florida:b4fb65ca8dfe,ADM2,Counties,justified,12005,Bay County,12005,Bay County,12,005,06,1964820623,1833968624,0.01413804,0.93340257,Polygon,1,Polygon,1,Polygon,1,justified,0.601511907,0.601511907,1.000000000,manual-review-priority,insufficient-evidence,2018/2026 footprint overlap is below 95%; distinguish source-vintage and water extent from a true boundary error.
gb:USA:ADM2:52423323B92810723022210,52423323B92810723022210,Taylor,Taylor,West Virginia,framework:province:west-virginia:4c9dc6438fb1,ADM2,Counties,justified,54091,Taylor County,54091,Taylor County,54,091,06,447475052,7532834,0.00718641,0.01683409,Polygon,1,Polygon,1,Polygon,1,justified,0.985581377,0.985581377,1.000000000,no-large-difference-screen-only,insufficient-evidence,High 2018/2026 overlap is screening evidence only; it does not certify the authoritative boundary.
gb:USA:ADM2:52423323B93118909799031,52423323B93118909799031,Braxton,Braxton,West Virginia,framework:province:west-virginia:4c9dc6438fb1,ADM2,Counties,justified,54007,Braxton County,54007,Braxton County,54,007,06,1322802061,14339287,0.02124409,0.01084009,Polygon,1,Polygon,1,Polygon,1,justified,0.991513410,0.991513410,1.000000000,no-large-difference-screen-only,insufficient-evidence,High 2018/2026 overlap is screening evidence only; it does not certify the authoritative boundary.
gb:USA:ADM2:52423323B9322907823760,52423323B9322907823760,Wood,Wood,West Virginia,framework:province:west-virginia:4c9dc6438fb1,ADM2,Counties,justified,54107,Wood County,54107,Wood County,54,107,06,949229776,26590779,0.01524455,0.02801301,Polygon,1,Polygon,1,Polygon,1,justified,0.993068681,0.993068681,1.000000000,no-large-difference-screen-only,insufficient-evidence,High 2018/2026 overlap is screening evidence only; it does not certify the authoritative boundary.
gb:USA:ADM2:52423323B93536446386656,52423323B93536446386656,Alleghany,Alleghany,North Carolina,framework:province:north-carolina:fec219a0870e,ADM2,Counties,justified,37005,Alleghany County,37005,Alleghany County,37,005,06,608220275,3687225,0.00482957,0.00606232,Polygon,1,Polygon,1,Polygon,1,justified,0.984064209,0.984064209,1.000000000,no-large-difference-screen-only,insufficient-evidence,High 2018/2026 overlap is screening evidence only; it does not certify the authoritative boundary.
gb:USA:ADM2:52423323B93736628655391,52423323B93736628655391,Lincoln,Lincoln,West Virginia,framework:province:west-virginia:4c9dc6438fb1,ADM2,Counties,justified,54043,Lincoln County,54043,Lincoln County,54,043,06,1132065723,4053586,0.01818088,0.00358070,Polygon,1,Polygon,1,Polygon,1,justified,0.981443647,0.981443647,1.000000000,no-large-difference-screen-only,insufficient-evidence,High 2018/2026 overlap is screening evidence only; it does not certify the authoritative boundary.
gb:USA:ADM2:52423323B94363624376264,52423323B94363624376264,Jackson,Jackson,West Virginia,framework:province:west-virginia:4c9dc6438fb1,ADM2,Counties,justified,54035,Jackson County,54035,Jackson County,54,035,06,1202688178,18825849,0.01931507,0.01565314,Polygon,1,Polygon,1,Polygon,1,justified,0.993589184,0.993589184,1.000000000,no-large-difference-screen-only,insufficient-evidence,High 2018/2026 overlap is screening evidence only; it does not certify the authoritative boundary.
gb:USA:ADM2:52423323B94618395838075,52423323B94618395838075,Hernando,Hernando,Florida,framework:province:florida:b4fb65ca8dfe,ADM2,Counties,justified,12053,Hernando County,12053,Hernando County,12,053,06,1225059912,627836036,0.00881503,0.51249415,Polygon,1,Polygon,1,Polygon,1,justified,0.696582701,0.696582701,1.000000000,manual-review-priority,insufficient-evidence,2018/2026 footprint overlap is below 95%; distinguish source-vintage and water extent from a true boundary error.
gb:USA:ADM2:52423323B9469904891992,52423323B9469904891992,Manatee,Manatee,Florida,framework:province:florida:b4fb65ca8dfe,ADM2,Counties,justified,12081,Manatee County,12081,Manatee County,12,081,06,1923758340,585648568,0.01384258,0.30442938,Polygon,1,Polygon,1,Polygon,1,justified,0.825282994,0.821138271,0.994975414,manual-review-priority,insufficient-evidence,2018/2026 footprint overlap is below 95%; distinguish source-vintage and water extent from a true boundary error.
gb:USA:ADM2:52423323B94765650307580,52423323B94765650307580,Ritchie,Ritchie,West Virginia,framework:province:west-virginia:4c9dc6438fb1,ADM2,Counties,justified,54085,Ritchie County,54085,Ritchie County,54,085,06,1170648853,4424606,0.01880052,0.00377962,Polygon,1,Polygon,1,Polygon,1,justified,0.982282752,0.982282752,1.000000000,no-large-difference-screen-only,insufficient-evidence,High 2018/2026 overlap is screening evidence only; it does not certify the authoritative boundary.
gb:USA:ADM2:52423323B94983475607099,52423323B94983475607099,Orange,Orange,Florida,framework:province:florida:b4fb65ca8dfe,ADM2,Counties,justified,12095,Orange County,12095,Orange County,12,095,06,2338872527,260013244,0.01682957,0.11117034,Polygon,1,Polygon,1,Polygon,1,justified,0.994916812,0.994916812,1.000000000,no-large-difference-screen-only,insufficient-evidence,High 2018/2026 overlap is screening evidence only; it does not certify the authoritative boundary.
gb:USA:ADM2:52423323B95410020978847,52423323B95410020978847,Aiken,Aiken,South Carolina,framework:province:south-carolina:2f069d91e59d,ADM2,Counties,justified,45003,Aiken County,45003,Aiken County,45,003,06,2773039742,24554954,0.03561298,0.00885489,Polygon,1,Polygon,1,Polygon,1,justified,0.995029915,0.995029915,1.000000000,no-large-difference-screen-only,insufficient-evidence,High 2018/2026 overlap is screening evidence only; it does not certify the authoritative boundary.
gb:USA:ADM2:52423323B95417665649533,52423323B95417665649533,Richmond,Richmond,North Carolina,framework:province:north-carolina:fec219a0870e,ADM2,Counties,justified,37153,Richmond County,37153,Richmond County,37,153,06,1226849519,15575097,0.00974179,0.01269520,Polygon,1,Polygon,1,Polygon,1,justified,0.988067318,0.988067318,1.000000000,no-large-difference-screen-only,insufficient-evidence,High 2018/2026 overlap is screening evidence only; it does not certify the authoritative boundary.
gb:USA:ADM2:52423323B96528325771668,52423323B96528325771668,McCormick,McCormick,South Carolina,framework:province:south-carolina:2f069d91e59d,ADM2,Counties,justified,45065,McCormick County,45065,McCormick County,45,065,06,929486816,90011519,0.01193701,0.09684002,Polygon,1,Polygon,1,Polygon,1,justified,0.991132644,0.991132644,1.000000000,no-large-difference-screen-only,insufficient-evidence,High 2018/2026 overlap is screening evidence only; it does not certify the authoritative boundary.
gb:USA:ADM2:52423323B96529923169881,52423323B96529923169881,Dixie,Dixie,Florida,framework:province:florida:b4fb65ca8dfe,ADM2,Counties,justified,12029,Dixie County,12029,Dixie County,12,029,06,1826030977,876346181,0.01313937,0.47991857,Polygon,1,MultiPolygon,2,MultiPolygon,2,justified,0.686026648,0.686026648,1.000000000,manual-review-priority,insufficient-evidence,2018/2026 footprint overlap is below 95%; distinguish source-vintage and water extent from a true boundary error.
gb:USA:ADM2:52423323B97123089850170,52423323B97123089850170,Escambia,Escambia,Florida,framework:province:florida:b4fb65ca8dfe,ADM2,Counties,justified,12033,Escambia County,12033,Escambia County,12,033,06,1701619321,1213957230,0.01224415,0.71341293,Polygon,1,Polygon,1,Polygon,1,justified,0.653557031,0.653557031,1.000000000,manual-review-priority,insufficient-evidence,2018/2026 footprint overlap is below 95%; distinguish source-vintage and water extent from a true boundary error.
gb:USA:ADM2:52423323B97274503585716,52423323B97274503585716,Colleton,Colleton,South Carolina,framework:province:south-carolina:2f069d91e59d,ADM2,Counties,justified,45029,Colleton County,45029,Colleton County,45,029,06,2736349175,196855170,0.03514178,0.07194081,Polygon,1,Polygon,1,Polygon,1,justified,0.937125684,0.937125684,1.000000000,manual-review-priority,insufficient-evidence,2018/2026 footprint overlap is below 95%; distinguish source-vintage and water extent from a true boundary error.
gb:USA:ADM2:52423323B98686556304420,52423323B98686556304420,Lewis,Lewis,West Virginia,framework:province:west-virginia:4c9dc6438fb1,ADM2,Counties,justified,54041,Lewis County,54041,Lewis County,54,041,06,1002149955,7030172,0.01609444,0.00701509,Polygon,1,Polygon,1,Polygon,1,justified,0.988852141,0.988852141,1.000000000,no-large-difference-screen-only,insufficient-evidence,High 2018/2026 overlap is screening evidence only; it does not certify the authoritative boundary.
gb:USA:ADM2:52423323B98721671056324,52423323B98721671056324,Rockingham,Rockingham,North Carolina,framework:province:north-carolina:fec219a0870e,ADM2,Counties,justified,37157,Rockingham County,37157,Rockingham County,37,157,06,1465031812,18409682,0.01163308,0.01256606,Polygon,1,Polygon,1,Polygon,1,justified,0.999275157,0.999275157,1.000000000,no-large-difference-screen-only,insufficient-evidence,High 2018/2026 overlap is screening evidence only; it does not certify the authoritative boundary.
gb:USA:ADM2:52423323B98740457076881,52423323B98740457076881,Walton,Walton,Florida,framework:province:florida:b4fb65ca8dfe,ADM2,Counties,justified,12131,Walton County,12131,Walton County,12,131,06,2689380799,961074369,0.01935168,0.35735898,Polygon,1,Polygon,1,Polygon,1,justified,0.811405491,0.811405491,1.000000000,manual-review-priority,insufficient-evidence,2018/2026 footprint overlap is below 95%; distinguish source-vintage and water extent from a true boundary error.
gb:USA:ADM2:52423323B99063612255377,52423323B99063612255377,Wayne,Wayne,North Carolina,framework:province:north-carolina:fec219a0870e,ADM2,Counties,justified,37191,Wayne County,37191,Wayne County,37,191,06,1434651112,9842324,0.01139184,0.00686043,Polygon,1,Polygon,1,Polygon,1,justified,0.995448011,0.995448011,1.000000000,no-large-difference-screen-only,insufficient-evidence,High 2018/2026 overlap is screening evidence only; it does not certify the authoritative boundary.
gb:USA:ADM2:52423323B9967886911021,52423323B9967886911021,Citrus,Citrus,Florida,framework:province:florida:b4fb65ca8dfe,ADM2,Counties,justified,12017,Citrus County,12017,Citrus County,12,017,06,1507454380,980854520,0.01084702,0.65066946,Polygon,1,Polygon,1,Polygon,1,justified,0.679273542,0.679273542,1.000000000,manual-review-priority,insufficient-evidence,2018/2026 footprint overlap is below 95%; distinguish source-vintage and water extent from a true boundary error.
