subject_kind,subject_id,source_product,source_feature_id,source_feature_name,subject_input_valid,source_input_valid,topology_relation,topological_equal,coordinate_identity_exact,intersection_feature_id
component,physical-component:029bb4252ed18916c8ab96492145cd79daec11d0967c358dd4894150bbe3374e,full,13655514B11561761851968,Setor de Bula,True,True,disjoint,False,False,
component,physical-component:029bb4252ed18916c8ab96492145cd79daec11d0967c358dd4894150bbe3374e,full,13655514B12793543239296,Setor de Quebo,True,True,disjoint,False,False,
component,physical-component:029bb4252ed18916c8ab96492145cd79daec11d0967c358dd4894150bbe3374e,full,13655514B15077734082289,Setor de Bafata,True,True,disjoint,False,False,
component,physical-component:029bb4252ed18916c8ab96492145cd79daec11d0967c358dd4894150bbe3374e,full,13655514B15408487636665,Setor de Madina do Bo˒,True,True,disjoint,False,False,
component,physical-component:029bb4252ed18916c8ab96492145cd79daec11d0967c358dd4894150bbe3374e,full,13655514B16168252486838,Setor de Pirada,True,True,disjoint,False,False,
component,physical-component:029bb4252ed18916c8ab96492145cd79daec11d0967c358dd4894150bbe3374e,full,13655514B168355566476,Setor de Bambadinca,True,True,disjoint,False,False,
component,physical-component:029bb4252ed18916c8ab96492145cd79daec11d0967c358dd4894150bbe3374e,full,13655514B24413703823033,Setor de Catie,True,True,disjoint,False,False,
component,physical-component:029bb4252ed18916c8ab96492145cd79daec11d0967c358dd4894150bbe3374e,full,13655514B30693048438959,Setor de Empada,True,True,disjoint,False,False,
component,physical-component:029bb4252ed18916c8ab96492145cd79daec11d0967c358dd4894150bbe3374e,full,13655514B31772276876031,Setor de Mansoa,True,True,disjoint,False,False,
component,physical-component:029bb4252ed18916c8ab96492145cd79daec11d0967c358dd4894150bbe3374e,full,13655514B37452641895852,Setor de Buba,True,True,disjoint,False,False,
component,physical-component:029bb4252ed18916c8ab96492145cd79daec11d0967c358dd4894150bbe3374e,full,13655514B37576476310465,Setor de Tite,True,True,disjoint,False,False,
component,physical-component:029bb4252ed18916c8ab96492145cd79daec11d0967c358dd4894150bbe3374e,full,13655514B38974563194217,Bissau Autonomous Sector,True,True,disjoint,False,False,
component,physical-component:029bb4252ed18916c8ab96492145cd79daec11d0967c358dd4894150bbe3374e,full,13655514B4319146558278,Setor de Galomaro,True,True,disjoint,False,False,
component,physical-component:029bb4252ed18916c8ab96492145cd79daec11d0967c358dd4894150bbe3374e,full,13655514B44985576134462,Setor de Uno,True,True,disjoint,False,False,
component,physical-component:029bb4252ed18916c8ab96492145cd79daec11d0967c358dd4894150bbe3374e,full,13655514B47112439721810,Setor de Nhacra,True,True,disjoint,False,False,
component,physical-component:029bb4252ed18916c8ab96492145cd79daec11d0967c358dd4894150bbe3374e,full,13655514B47480576799194,Setor de Sonaco,True,True,disjoint,False,False,
component,physical-component:029bb4252ed18916c8ab96492145cd79daec11d0967c358dd4894150bbe3374e,full,13655514B48763126228848,Setor de Bedanda,True,True,disjoint,False,False,
component,physical-component:029bb4252ed18916c8ab96492145cd79daec11d0967c358dd4894150bbe3374e,full,13655514B49812801634354,Setor de Mansaba,True,True,disjoint,False,False,
component,physical-component:029bb4252ed18916c8ab96492145cd79daec11d0967c358dd4894150bbe3374e,full,13655514B51179315853055,Contuboel,True,True,disjoint,False,False,
component,physical-component:029bb4252ed18916c8ab96492145cd79daec11d0967c358dd4894150bbe3374e,full,13655514B53615250576563,Setor de Prabis,True,True,disjoint,False,False,
component,physical-component:029bb4252ed18916c8ab96492145cd79daec11d0967c358dd4894150bbe3374e,full,13655514B57644193184055,Setor de Farim,True,True,disjoint,False,False,
component,physical-component:029bb4252ed18916c8ab96492145cd79daec11d0967c358dd4894150bbe3374e,full,13655514B57740331915335,Setor de Bissora,True,True,disjoint,False,False,
component,physical-component:029bb4252ed18916c8ab96492145cd79daec11d0967c358dd4894150bbe3374e,full,13655514B59106895169358,Setor de Caravela,True,True,positive-area,False,False,component:physical-component:029bb4252ed18916c8ab96492145cd79daec11d0967c358dd4894150bbe3374e|full:13655514B59106895169358
component,physical-component:029bb4252ed18916c8ab96492145cd79daec11d0967c358dd4894150bbe3374e,full,13655514B65296626482863,Setor de Gabv,True,True,disjoint,False,False,
component,physical-component:029bb4252ed18916c8ab96492145cd79daec11d0967c358dd4894150bbe3374e,full,13655514B65471558325414,Setor de Xitole,True,True,disjoint,False,False,
component,physical-component:029bb4252ed18916c8ab96492145cd79daec11d0967c358dd4894150bbe3374e,full,13655514B65726406107890,Setor de Gamamundo,True,True,disjoint,False,False,
component,physical-component:029bb4252ed18916c8ab96492145cd79daec11d0967c358dd4894150bbe3374e,full,13655514B65757043009502,Setor de Safim,True,True,disjoint,False,False,
component,physical-component:029bb4252ed18916c8ab96492145cd79daec11d0967c358dd4894150bbe3374e,full,13655514B66751603958816,Setor de Quinh,True,True,disjoint,False,False,
component,physical-component:029bb4252ed18916c8ab96492145cd79daec11d0967c358dd4894150bbe3374e,full,13655514B71925291750028,Setor de Cacine,True,True,disjoint,False,False,
component,physical-component:029bb4252ed18916c8ab96492145cd79daec11d0967c358dd4894150bbe3374e,full,13655514B76388735674013,Setor de Bigene,True,True,disjoint,False,False,
component,physical-component:029bb4252ed18916c8ab96492145cd79daec11d0967c358dd4894150bbe3374e,full,13655514B77006902429960,Setor de Bolama,True,True,disjoint,False,False,
component,physical-component:029bb4252ed18916c8ab96492145cd79daec11d0967c358dd4894150bbe3374e,full,13655514B8216177448850,Setor de Caiv,True,True,disjoint,False,False,
component,physical-component:029bb4252ed18916c8ab96492145cd79daec11d0967c358dd4894150bbe3374e,full,13655514B91246233663569,Setor de Canghungo,True,True,disjoint,False,False,
component,physical-component:029bb4252ed18916c8ab96492145cd79daec11d0967c358dd4894150bbe3374e,full,13655514B91994517778696,Setor de Sto Domingos,True,True,disjoint,False,False,
component,physical-component:029bb4252ed18916c8ab96492145cd79daec11d0967c358dd4894150bbe3374e,full,13655514B9524670555472,Setor de Fulacunda,True,True,disjoint,False,False,
component,physical-component:029bb4252ed18916c8ab96492145cd79daec11d0967c358dd4894150bbe3374e,full,13655514B95678269815128,Setor de Cacheu,True,True,disjoint,False,False,
component,physical-component:029bb4252ed18916c8ab96492145cd79daec11d0967c358dd4894150bbe3374e,full,13655514B97576906537580,Setor de Pitche,True,True,disjoint,False,False,
component,physical-component:029bb4252ed18916c8ab96492145cd79daec11d0967c358dd4894150bbe3374e,full,13655514B98496568253651,Setor de Bubaque,True,True,disjoint,False,False,
component,physical-component:029bb4252ed18916c8ab96492145cd79daec11d0967c358dd4894150bbe3374e,full,13655514B99052541590952,Setor de Boe,True,True,disjoint,False,False,
component,physical-component:029bb4252ed18916c8ab96492145cd79daec11d0967c358dd4894150bbe3374e,simplified,13655514B11561761851968,Setor de Bula,True,True,disjoint,False,False,
component,physical-component:029bb4252ed18916c8ab96492145cd79daec11d0967c358dd4894150bbe3374e,simplified,13655514B12793543239296,Setor de Quebo,True,True,disjoint,False,False,
component,physical-component:029bb4252ed18916c8ab96492145cd79daec11d0967c358dd4894150bbe3374e,simplified,13655514B15077734082289,Setor de Bafata,True,True,disjoint,False,False,
component,physical-component:029bb4252ed18916c8ab96492145cd79daec11d0967c358dd4894150bbe3374e,simplified,13655514B15408487636665,Setor de Madina do Bo˒,True,True,disjoint,False,False,
component,physical-component:029bb4252ed18916c8ab96492145cd79daec11d0967c358dd4894150bbe3374e,simplified,13655514B16168252486838,Setor de Pirada,True,True,disjoint,False,False,
component,physical-component:029bb4252ed18916c8ab96492145cd79daec11d0967c358dd4894150bbe3374e,simplified,13655514B168355566476,Setor de Bambadinca,True,True,disjoint,False,False,
component,physical-component:029bb4252ed18916c8ab96492145cd79daec11d0967c358dd4894150bbe3374e,simplified,13655514B24413703823033,Setor de Catie,True,True,disjoint,False,False,
component,physical-component:029bb4252ed18916c8ab96492145cd79daec11d0967c358dd4894150bbe3374e,simplified,13655514B30693048438959,Setor de Empada,True,True,disjoint,False,False,
component,physical-component:029bb4252ed18916c8ab96492145cd79daec11d0967c358dd4894150bbe3374e,simplified,13655514B31772276876031,Setor de Mansoa,True,True,disjoint,False,False,
component,physical-component:029bb4252ed18916c8ab96492145cd79daec11d0967c358dd4894150bbe3374e,simplified,13655514B37452641895852,Setor de Buba,True,True,disjoint,False,False,
component,physical-component:029bb4252ed18916c8ab96492145cd79daec11d0967c358dd4894150bbe3374e,simplified,13655514B37576476310465,Setor de Tite,True,True,disjoint,False,False,
component,physical-component:029bb4252ed18916c8ab96492145cd79daec11d0967c358dd4894150bbe3374e,simplified,13655514B38974563194217,Bissau Autonomous Sector,True,True,disjoint,False,False,
component,physical-component:029bb4252ed18916c8ab96492145cd79daec11d0967c358dd4894150bbe3374e,simplified,13655514B4319146558278,Setor de Galomaro,True,True,disjoint,False,False,
component,physical-component:029bb4252ed18916c8ab96492145cd79daec11d0967c358dd4894150bbe3374e,simplified,13655514B44985576134462,Setor de Uno,True,True,disjoint,False,False,
component,physical-component:029bb4252ed18916c8ab96492145cd79daec11d0967c358dd4894150bbe3374e,simplified,13655514B47112439721810,Setor de Nhacra,True,True,disjoint,False,False,
component,physical-component:029bb4252ed18916c8ab96492145cd79daec11d0967c358dd4894150bbe3374e,simplified,13655514B47480576799194,Setor de Sonaco,True,True,disjoint,False,False,
component,physical-component:029bb4252ed18916c8ab96492145cd79daec11d0967c358dd4894150bbe3374e,simplified,13655514B48763126228848,Setor de Bedanda,True,True,disjoint,False,False,
component,physical-component:029bb4252ed18916c8ab96492145cd79daec11d0967c358dd4894150bbe3374e,simplified,13655514B49812801634354,Setor de Mansaba,True,True,disjoint,False,False,
component,physical-component:029bb4252ed18916c8ab96492145cd79daec11d0967c358dd4894150bbe3374e,simplified,13655514B51179315853055,Contuboel,True,True,disjoint,False,False,
component,physical-component:029bb4252ed18916c8ab96492145cd79daec11d0967c358dd4894150bbe3374e,simplified,13655514B53615250576563,Setor de Prabis,True,True,disjoint,False,False,
component,physical-component:029bb4252ed18916c8ab96492145cd79daec11d0967c358dd4894150bbe3374e,simplified,13655514B57644193184055,Setor de Farim,True,True,disjoint,False,False,
component,physical-component:029bb4252ed18916c8ab96492145cd79daec11d0967c358dd4894150bbe3374e,simplified,13655514B57740331915335,Setor de Bissora,True,True,disjoint,False,False,
component,physical-component:029bb4252ed18916c8ab96492145cd79daec11d0967c358dd4894150bbe3374e,simplified,13655514B59106895169358,Setor de Caravela,True,True,positive-area,False,False,component:physical-component:029bb4252ed18916c8ab96492145cd79daec11d0967c358dd4894150bbe3374e|simplified:13655514B59106895169358
component,physical-component:029bb4252ed18916c8ab96492145cd79daec11d0967c358dd4894150bbe3374e,simplified,13655514B65296626482863,Setor de Gabv,True,True,disjoint,False,False,
component,physical-component:029bb4252ed18916c8ab96492145cd79daec11d0967c358dd4894150bbe3374e,simplified,13655514B65471558325414,Setor de Xitole,True,True,disjoint,False,False,
component,physical-component:029bb4252ed18916c8ab96492145cd79daec11d0967c358dd4894150bbe3374e,simplified,13655514B65726406107890,Setor de Gamamundo,True,True,disjoint,False,False,
component,physical-component:029bb4252ed18916c8ab96492145cd79daec11d0967c358dd4894150bbe3374e,simplified,13655514B65757043009502,Setor de Safim,True,True,disjoint,False,False,
component,physical-component:029bb4252ed18916c8ab96492145cd79daec11d0967c358dd4894150bbe3374e,simplified,13655514B66751603958816,Setor de Quinh,True,True,disjoint,False,False,
component,physical-component:029bb4252ed18916c8ab96492145cd79daec11d0967c358dd4894150bbe3374e,simplified,13655514B71925291750028,Setor de Cacine,True,True,disjoint,False,False,
component,physical-component:029bb4252ed18916c8ab96492145cd79daec11d0967c358dd4894150bbe3374e,simplified,13655514B76388735674013,Setor de Bigene,True,True,disjoint,False,False,
component,physical-component:029bb4252ed18916c8ab96492145cd79daec11d0967c358dd4894150bbe3374e,simplified,13655514B77006902429960,Setor de Bolama,True,True,disjoint,False,False,
component,physical-component:029bb4252ed18916c8ab96492145cd79daec11d0967c358dd4894150bbe3374e,simplified,13655514B8216177448850,Setor de Caiv,True,True,disjoint,False,False,
component,physical-component:029bb4252ed18916c8ab96492145cd79daec11d0967c358dd4894150bbe3374e,simplified,13655514B91246233663569,Setor de Canghungo,True,True,disjoint,False,False,
component,physical-component:029bb4252ed18916c8ab96492145cd79daec11d0967c358dd4894150bbe3374e,simplified,13655514B91994517778696,Setor de Sto Domingos,True,True,disjoint,False,False,
component,physical-component:029bb4252ed18916c8ab96492145cd79daec11d0967c358dd4894150bbe3374e,simplified,13655514B9524670555472,Setor de Fulacunda,True,True,disjoint,False,False,
component,physical-component:029bb4252ed18916c8ab96492145cd79daec11d0967c358dd4894150bbe3374e,simplified,13655514B95678269815128,Setor de Cacheu,True,True,disjoint,False,False,
component,physical-component:029bb4252ed18916c8ab96492145cd79daec11d0967c358dd4894150bbe3374e,simplified,13655514B97576906537580,Setor de Pitche,True,True,disjoint,False,False,
component,physical-component:029bb4252ed18916c8ab96492145cd79daec11d0967c358dd4894150bbe3374e,simplified,13655514B98496568253651,Setor de Bubaque,True,True,disjoint,False,False,
component,physical-component:029bb4252ed18916c8ab96492145cd79daec11d0967c358dd4894150bbe3374e,simplified,13655514B99052541590952,Setor de Boe,True,True,disjoint,False,False,
component,physical-component:085779ab163225bb8bf9c7736fa62b0b0c128ac8bf22d056e30916587516048f,full,13655514B11561761851968,Setor de Bula,True,True,disjoint,False,False,
component,physical-component:085779ab163225bb8bf9c7736fa62b0b0c128ac8bf22d056e30916587516048f,full,13655514B12793543239296,Setor de Quebo,True,True,disjoint,False,False,
component,physical-component:085779ab163225bb8bf9c7736fa62b0b0c128ac8bf22d056e30916587516048f,full,13655514B15077734082289,Setor de Bafata,True,True,disjoint,False,False,
component,physical-component:085779ab163225bb8bf9c7736fa62b0b0c128ac8bf22d056e30916587516048f,full,13655514B15408487636665,Setor de Madina do Bo˒,True,True,disjoint,False,False,
component,physical-component:085779ab163225bb8bf9c7736fa62b0b0c128ac8bf22d056e30916587516048f,full,13655514B16168252486838,Setor de Pirada,True,True,disjoint,False,False,
component,physical-component:085779ab163225bb8bf9c7736fa62b0b0c128ac8bf22d056e30916587516048f,full,13655514B168355566476,Setor de Bambadinca,True,True,disjoint,False,False,
component,physical-component:085779ab163225bb8bf9c7736fa62b0b0c128ac8bf22d056e30916587516048f,full,13655514B24413703823033,Setor de Catie,True,True,disjoint,False,False,
component,physical-component:085779ab163225bb8bf9c7736fa62b0b0c128ac8bf22d056e30916587516048f,full,13655514B30693048438959,Setor de Empada,True,True,disjoint,False,False,
component,physical-component:085779ab163225bb8bf9c7736fa62b0b0c128ac8bf22d056e30916587516048f,full,13655514B31772276876031,Setor de Mansoa,True,True,disjoint,False,False,
component,physical-component:085779ab163225bb8bf9c7736fa62b0b0c128ac8bf22d056e30916587516048f,full,13655514B37452641895852,Setor de Buba,True,True,disjoint,False,False,
component,physical-component:085779ab163225bb8bf9c7736fa62b0b0c128ac8bf22d056e30916587516048f,full,13655514B37576476310465,Setor de Tite,True,True,disjoint,False,False,
component,physical-component:085779ab163225bb8bf9c7736fa62b0b0c128ac8bf22d056e30916587516048f,full,13655514B38974563194217,Bissau Autonomous Sector,True,True,disjoint,False,False,
component,physical-component:085779ab163225bb8bf9c7736fa62b0b0c128ac8bf22d056e30916587516048f,full,13655514B4319146558278,Setor de Galomaro,True,True,disjoint,False,False,
component,physical-component:085779ab163225bb8bf9c7736fa62b0b0c128ac8bf22d056e30916587516048f,full,13655514B44985576134462,Setor de Uno,True,True,disjoint,False,False,
component,physical-component:085779ab163225bb8bf9c7736fa62b0b0c128ac8bf22d056e30916587516048f,full,13655514B47112439721810,Setor de Nhacra,True,True,disjoint,False,False,
component,physical-component:085779ab163225bb8bf9c7736fa62b0b0c128ac8bf22d056e30916587516048f,full,13655514B47480576799194,Setor de Sonaco,True,True,disjoint,False,False,
component,physical-component:085779ab163225bb8bf9c7736fa62b0b0c128ac8bf22d056e30916587516048f,full,13655514B48763126228848,Setor de Bedanda,True,True,disjoint,False,False,
component,physical-component:085779ab163225bb8bf9c7736fa62b0b0c128ac8bf22d056e30916587516048f,full,13655514B49812801634354,Setor de Mansaba,True,True,disjoint,False,False,
component,physical-component:085779ab163225bb8bf9c7736fa62b0b0c128ac8bf22d056e30916587516048f,full,13655514B51179315853055,Contuboel,True,True,disjoint,False,False,
component,physical-component:085779ab163225bb8bf9c7736fa62b0b0c128ac8bf22d056e30916587516048f,full,13655514B53615250576563,Setor de Prabis,True,True,disjoint,False,False,
component,physical-component:085779ab163225bb8bf9c7736fa62b0b0c128ac8bf22d056e30916587516048f,full,13655514B57644193184055,Setor de Farim,True,True,disjoint,False,False,
component,physical-component:085779ab163225bb8bf9c7736fa62b0b0c128ac8bf22d056e30916587516048f,full,13655514B57740331915335,Setor de Bissora,True,True,disjoint,False,False,
component,physical-component:085779ab163225bb8bf9c7736fa62b0b0c128ac8bf22d056e30916587516048f,full,13655514B59106895169358,Setor de Caravela,True,True,disjoint,False,False,
component,physical-component:085779ab163225bb8bf9c7736fa62b0b0c128ac8bf22d056e30916587516048f,full,13655514B65296626482863,Setor de Gabv,True,True,disjoint,False,False,
component,physical-component:085779ab163225bb8bf9c7736fa62b0b0c128ac8bf22d056e30916587516048f,full,13655514B65471558325414,Setor de Xitole,True,True,disjoint,False,False,
component,physical-component:085779ab163225bb8bf9c7736fa62b0b0c128ac8bf22d056e30916587516048f,full,13655514B65726406107890,Setor de Gamamundo,True,True,disjoint,False,False,
component,physical-component:085779ab163225bb8bf9c7736fa62b0b0c128ac8bf22d056e30916587516048f,full,13655514B65757043009502,Setor de Safim,True,True,disjoint,False,False,
component,physical-component:085779ab163225bb8bf9c7736fa62b0b0c128ac8bf22d056e30916587516048f,full,13655514B66751603958816,Setor de Quinh,True,True,disjoint,False,False,
component,physical-component:085779ab163225bb8bf9c7736fa62b0b0c128ac8bf22d056e30916587516048f,full,13655514B71925291750028,Setor de Cacine,True,True,disjoint,False,False,
component,physical-component:085779ab163225bb8bf9c7736fa62b0b0c128ac8bf22d056e30916587516048f,full,13655514B76388735674013,Setor de Bigene,True,True,disjoint,False,False,
component,physical-component:085779ab163225bb8bf9c7736fa62b0b0c128ac8bf22d056e30916587516048f,full,13655514B77006902429960,Setor de Bolama,True,True,positive-area,False,False,component:physical-component:085779ab163225bb8bf9c7736fa62b0b0c128ac8bf22d056e30916587516048f|full:13655514B77006902429960
component,physical-component:085779ab163225bb8bf9c7736fa62b0b0c128ac8bf22d056e30916587516048f,full,13655514B8216177448850,Setor de Caiv,True,True,disjoint,False,False,
component,physical-component:085779ab163225bb8bf9c7736fa62b0b0c128ac8bf22d056e30916587516048f,full,13655514B91246233663569,Setor de Canghungo,True,True,disjoint,False,False,
component,physical-component:085779ab163225bb8bf9c7736fa62b0b0c128ac8bf22d056e30916587516048f,full,13655514B91994517778696,Setor de Sto Domingos,True,True,disjoint,False,False,
component,physical-component:085779ab163225bb8bf9c7736fa62b0b0c128ac8bf22d056e30916587516048f,full,13655514B9524670555472,Setor de Fulacunda,True,True,disjoint,False,False,
component,physical-component:085779ab163225bb8bf9c7736fa62b0b0c128ac8bf22d056e30916587516048f,full,13655514B95678269815128,Setor de Cacheu,True,True,disjoint,False,False,
component,physical-component:085779ab163225bb8bf9c7736fa62b0b0c128ac8bf22d056e30916587516048f,full,13655514B97576906537580,Setor de Pitche,True,True,disjoint,False,False,
component,physical-component:085779ab163225bb8bf9c7736fa62b0b0c128ac8bf22d056e30916587516048f,full,13655514B98496568253651,Setor de Bubaque,True,True,disjoint,False,False,
component,physical-component:085779ab163225bb8bf9c7736fa62b0b0c128ac8bf22d056e30916587516048f,full,13655514B99052541590952,Setor de Boe,True,True,disjoint,False,False,
component,physical-component:085779ab163225bb8bf9c7736fa62b0b0c128ac8bf22d056e30916587516048f,simplified,13655514B11561761851968,Setor de Bula,True,True,disjoint,False,False,
component,physical-component:085779ab163225bb8bf9c7736fa62b0b0c128ac8bf22d056e30916587516048f,simplified,13655514B12793543239296,Setor de Quebo,True,True,disjoint,False,False,
component,physical-component:085779ab163225bb8bf9c7736fa62b0b0c128ac8bf22d056e30916587516048f,simplified,13655514B15077734082289,Setor de Bafata,True,True,disjoint,False,False,
component,physical-component:085779ab163225bb8bf9c7736fa62b0b0c128ac8bf22d056e30916587516048f,simplified,13655514B15408487636665,Setor de Madina do Bo˒,True,True,disjoint,False,False,
component,physical-component:085779ab163225bb8bf9c7736fa62b0b0c128ac8bf22d056e30916587516048f,simplified,13655514B16168252486838,Setor de Pirada,True,True,disjoint,False,False,
component,physical-component:085779ab163225bb8bf9c7736fa62b0b0c128ac8bf22d056e30916587516048f,simplified,13655514B168355566476,Setor de Bambadinca,True,True,disjoint,False,False,
component,physical-component:085779ab163225bb8bf9c7736fa62b0b0c128ac8bf22d056e30916587516048f,simplified,13655514B24413703823033,Setor de Catie,True,True,disjoint,False,False,
component,physical-component:085779ab163225bb8bf9c7736fa62b0b0c128ac8bf22d056e30916587516048f,simplified,13655514B30693048438959,Setor de Empada,True,True,disjoint,False,False,
component,physical-component:085779ab163225bb8bf9c7736fa62b0b0c128ac8bf22d056e30916587516048f,simplified,13655514B31772276876031,Setor de Mansoa,True,True,disjoint,False,False,
component,physical-component:085779ab163225bb8bf9c7736fa62b0b0c128ac8bf22d056e30916587516048f,simplified,13655514B37452641895852,Setor de Buba,True,True,disjoint,False,False,
component,physical-component:085779ab163225bb8bf9c7736fa62b0b0c128ac8bf22d056e30916587516048f,simplified,13655514B37576476310465,Setor de Tite,True,True,disjoint,False,False,
component,physical-component:085779ab163225bb8bf9c7736fa62b0b0c128ac8bf22d056e30916587516048f,simplified,13655514B38974563194217,Bissau Autonomous Sector,True,True,disjoint,False,False,
component,physical-component:085779ab163225bb8bf9c7736fa62b0b0c128ac8bf22d056e30916587516048f,simplified,13655514B4319146558278,Setor de Galomaro,True,True,disjoint,False,False,
component,physical-component:085779ab163225bb8bf9c7736fa62b0b0c128ac8bf22d056e30916587516048f,simplified,13655514B44985576134462,Setor de Uno,True,True,disjoint,False,False,
component,physical-component:085779ab163225bb8bf9c7736fa62b0b0c128ac8bf22d056e30916587516048f,simplified,13655514B47112439721810,Setor de Nhacra,True,True,disjoint,False,False,
component,physical-component:085779ab163225bb8bf9c7736fa62b0b0c128ac8bf22d056e30916587516048f,simplified,13655514B47480576799194,Setor de Sonaco,True,True,disjoint,False,False,
component,physical-component:085779ab163225bb8bf9c7736fa62b0b0c128ac8bf22d056e30916587516048f,simplified,13655514B48763126228848,Setor de Bedanda,True,True,disjoint,False,False,
component,physical-component:085779ab163225bb8bf9c7736fa62b0b0c128ac8bf22d056e30916587516048f,simplified,13655514B49812801634354,Setor de Mansaba,True,True,disjoint,False,False,
component,physical-component:085779ab163225bb8bf9c7736fa62b0b0c128ac8bf22d056e30916587516048f,simplified,13655514B51179315853055,Contuboel,True,True,disjoint,False,False,
component,physical-component:085779ab163225bb8bf9c7736fa62b0b0c128ac8bf22d056e30916587516048f,simplified,13655514B53615250576563,Setor de Prabis,True,True,disjoint,False,False,
component,physical-component:085779ab163225bb8bf9c7736fa62b0b0c128ac8bf22d056e30916587516048f,simplified,13655514B57644193184055,Setor de Farim,True,True,disjoint,False,False,
component,physical-component:085779ab163225bb8bf9c7736fa62b0b0c128ac8bf22d056e30916587516048f,simplified,13655514B57740331915335,Setor de Bissora,True,True,disjoint,False,False,
component,physical-component:085779ab163225bb8bf9c7736fa62b0b0c128ac8bf22d056e30916587516048f,simplified,13655514B59106895169358,Setor de Caravela,True,True,disjoint,False,False,
component,physical-component:085779ab163225bb8bf9c7736fa62b0b0c128ac8bf22d056e30916587516048f,simplified,13655514B65296626482863,Setor de Gabv,True,True,disjoint,False,False,
component,physical-component:085779ab163225bb8bf9c7736fa62b0b0c128ac8bf22d056e30916587516048f,simplified,13655514B65471558325414,Setor de Xitole,True,True,disjoint,False,False,
component,physical-component:085779ab163225bb8bf9c7736fa62b0b0c128ac8bf22d056e30916587516048f,simplified,13655514B65726406107890,Setor de Gamamundo,True,True,disjoint,False,False,
component,physical-component:085779ab163225bb8bf9c7736fa62b0b0c128ac8bf22d056e30916587516048f,simplified,13655514B65757043009502,Setor de Safim,True,True,disjoint,False,False,
component,physical-component:085779ab163225bb8bf9c7736fa62b0b0c128ac8bf22d056e30916587516048f,simplified,13655514B66751603958816,Setor de Quinh,True,True,disjoint,False,False,
component,physical-component:085779ab163225bb8bf9c7736fa62b0b0c128ac8bf22d056e30916587516048f,simplified,13655514B71925291750028,Setor de Cacine,True,True,disjoint,False,False,
component,physical-component:085779ab163225bb8bf9c7736fa62b0b0c128ac8bf22d056e30916587516048f,simplified,13655514B76388735674013,Setor de Bigene,True,True,disjoint,False,False,
component,physical-component:085779ab163225bb8bf9c7736fa62b0b0c128ac8bf22d056e30916587516048f,simplified,13655514B77006902429960,Setor de Bolama,True,True,positive-area,False,False,component:physical-component:085779ab163225bb8bf9c7736fa62b0b0c128ac8bf22d056e30916587516048f|simplified:13655514B77006902429960
component,physical-component:085779ab163225bb8bf9c7736fa62b0b0c128ac8bf22d056e30916587516048f,simplified,13655514B8216177448850,Setor de Caiv,True,True,disjoint,False,False,
component,physical-component:085779ab163225bb8bf9c7736fa62b0b0c128ac8bf22d056e30916587516048f,simplified,13655514B91246233663569,Setor de Canghungo,True,True,disjoint,False,False,
component,physical-component:085779ab163225bb8bf9c7736fa62b0b0c128ac8bf22d056e30916587516048f,simplified,13655514B91994517778696,Setor de Sto Domingos,True,True,disjoint,False,False,
component,physical-component:085779ab163225bb8bf9c7736fa62b0b0c128ac8bf22d056e30916587516048f,simplified,13655514B9524670555472,Setor de Fulacunda,True,True,disjoint,False,False,
component,physical-component:085779ab163225bb8bf9c7736fa62b0b0c128ac8bf22d056e30916587516048f,simplified,13655514B95678269815128,Setor de Cacheu,True,True,disjoint,False,False,
component,physical-component:085779ab163225bb8bf9c7736fa62b0b0c128ac8bf22d056e30916587516048f,simplified,13655514B97576906537580,Setor de Pitche,True,True,disjoint,False,False,
component,physical-component:085779ab163225bb8bf9c7736fa62b0b0c128ac8bf22d056e30916587516048f,simplified,13655514B98496568253651,Setor de Bubaque,True,True,disjoint,False,False,
component,physical-component:085779ab163225bb8bf9c7736fa62b0b0c128ac8bf22d056e30916587516048f,simplified,13655514B99052541590952,Setor de Boe,True,True,disjoint,False,False,
component,physical-component:17ffe63e45427f5113ffc3790d1bf5abf2943117164fd386d0f85e3e690a0b6f,full,13655514B11561761851968,Setor de Bula,True,True,disjoint,False,False,
component,physical-component:17ffe63e45427f5113ffc3790d1bf5abf2943117164fd386d0f85e3e690a0b6f,full,13655514B12793543239296,Setor de Quebo,True,True,disjoint,False,False,
component,physical-component:17ffe63e45427f5113ffc3790d1bf5abf2943117164fd386d0f85e3e690a0b6f,full,13655514B15077734082289,Setor de Bafata,True,True,disjoint,False,False,
component,physical-component:17ffe63e45427f5113ffc3790d1bf5abf2943117164fd386d0f85e3e690a0b6f,full,13655514B15408487636665,Setor de Madina do Bo˒,True,True,disjoint,False,False,
component,physical-component:17ffe63e45427f5113ffc3790d1bf5abf2943117164fd386d0f85e3e690a0b6f,full,13655514B16168252486838,Setor de Pirada,True,True,disjoint,False,False,
component,physical-component:17ffe63e45427f5113ffc3790d1bf5abf2943117164fd386d0f85e3e690a0b6f,full,13655514B168355566476,Setor de Bambadinca,True,True,disjoint,False,False,
component,physical-component:17ffe63e45427f5113ffc3790d1bf5abf2943117164fd386d0f85e3e690a0b6f,full,13655514B24413703823033,Setor de Catie,True,True,disjoint,False,False,
component,physical-component:17ffe63e45427f5113ffc3790d1bf5abf2943117164fd386d0f85e3e690a0b6f,full,13655514B30693048438959,Setor de Empada,True,True,disjoint,False,False,
component,physical-component:17ffe63e45427f5113ffc3790d1bf5abf2943117164fd386d0f85e3e690a0b6f,full,13655514B31772276876031,Setor de Mansoa,True,True,disjoint,False,False,
component,physical-component:17ffe63e45427f5113ffc3790d1bf5abf2943117164fd386d0f85e3e690a0b6f,full,13655514B37452641895852,Setor de Buba,True,True,disjoint,False,False,
component,physical-component:17ffe63e45427f5113ffc3790d1bf5abf2943117164fd386d0f85e3e690a0b6f,full,13655514B37576476310465,Setor de Tite,True,True,disjoint,False,False,
component,physical-component:17ffe63e45427f5113ffc3790d1bf5abf2943117164fd386d0f85e3e690a0b6f,full,13655514B38974563194217,Bissau Autonomous Sector,True,True,disjoint,False,False,
component,physical-component:17ffe63e45427f5113ffc3790d1bf5abf2943117164fd386d0f85e3e690a0b6f,full,13655514B4319146558278,Setor de Galomaro,True,True,disjoint,False,False,
component,physical-component:17ffe63e45427f5113ffc3790d1bf5abf2943117164fd386d0f85e3e690a0b6f,full,13655514B44985576134462,Setor de Uno,True,True,positive-area,False,False,component:physical-component:17ffe63e45427f5113ffc3790d1bf5abf2943117164fd386d0f85e3e690a0b6f|full:13655514B44985576134462
component,physical-component:17ffe63e45427f5113ffc3790d1bf5abf2943117164fd386d0f85e3e690a0b6f,full,13655514B47112439721810,Setor de Nhacra,True,True,disjoint,False,False,
component,physical-component:17ffe63e45427f5113ffc3790d1bf5abf2943117164fd386d0f85e3e690a0b6f,full,13655514B47480576799194,Setor de Sonaco,True,True,disjoint,False,False,
component,physical-component:17ffe63e45427f5113ffc3790d1bf5abf2943117164fd386d0f85e3e690a0b6f,full,13655514B48763126228848,Setor de Bedanda,True,True,disjoint,False,False,
component,physical-component:17ffe63e45427f5113ffc3790d1bf5abf2943117164fd386d0f85e3e690a0b6f,full,13655514B49812801634354,Setor de Mansaba,True,True,disjoint,False,False,
component,physical-component:17ffe63e45427f5113ffc3790d1bf5abf2943117164fd386d0f85e3e690a0b6f,full,13655514B51179315853055,Contuboel,True,True,disjoint,False,False,
component,physical-component:17ffe63e45427f5113ffc3790d1bf5abf2943117164fd386d0f85e3e690a0b6f,full,13655514B53615250576563,Setor de Prabis,True,True,disjoint,False,False,
component,physical-component:17ffe63e45427f5113ffc3790d1bf5abf2943117164fd386d0f85e3e690a0b6f,full,13655514B57644193184055,Setor de Farim,True,True,disjoint,False,False,
component,physical-component:17ffe63e45427f5113ffc3790d1bf5abf2943117164fd386d0f85e3e690a0b6f,full,13655514B57740331915335,Setor de Bissora,True,True,disjoint,False,False,
component,physical-component:17ffe63e45427f5113ffc3790d1bf5abf2943117164fd386d0f85e3e690a0b6f,full,13655514B59106895169358,Setor de Caravela,True,True,disjoint,False,False,
component,physical-component:17ffe63e45427f5113ffc3790d1bf5abf2943117164fd386d0f85e3e690a0b6f,full,13655514B65296626482863,Setor de Gabv,True,True,disjoint,False,False,
component,physical-component:17ffe63e45427f5113ffc3790d1bf5abf2943117164fd386d0f85e3e690a0b6f,full,13655514B65471558325414,Setor de Xitole,True,True,disjoint,False,False,
component,physical-component:17ffe63e45427f5113ffc3790d1bf5abf2943117164fd386d0f85e3e690a0b6f,full,13655514B65726406107890,Setor de Gamamundo,True,True,disjoint,False,False,
component,physical-component:17ffe63e45427f5113ffc3790d1bf5abf2943117164fd386d0f85e3e690a0b6f,full,13655514B65757043009502,Setor de Safim,True,True,disjoint,False,False,
component,physical-component:17ffe63e45427f5113ffc3790d1bf5abf2943117164fd386d0f85e3e690a0b6f,full,13655514B66751603958816,Setor de Quinh,True,True,disjoint,False,False,
component,physical-component:17ffe63e45427f5113ffc3790d1bf5abf2943117164fd386d0f85e3e690a0b6f,full,13655514B71925291750028,Setor de Cacine,True,True,disjoint,False,False,
component,physical-component:17ffe63e45427f5113ffc3790d1bf5abf2943117164fd386d0f85e3e690a0b6f,full,13655514B76388735674013,Setor de Bigene,True,True,disjoint,False,False,
component,physical-component:17ffe63e45427f5113ffc3790d1bf5abf2943117164fd386d0f85e3e690a0b6f,full,13655514B77006902429960,Setor de Bolama,True,True,disjoint,False,False,
component,physical-component:17ffe63e45427f5113ffc3790d1bf5abf2943117164fd386d0f85e3e690a0b6f,full,13655514B8216177448850,Setor de Caiv,True,True,disjoint,False,False,
component,physical-component:17ffe63e45427f5113ffc3790d1bf5abf2943117164fd386d0f85e3e690a0b6f,full,13655514B91246233663569,Setor de Canghungo,True,True,disjoint,False,False,
component,physical-component:17ffe63e45427f5113ffc3790d1bf5abf2943117164fd386d0f85e3e690a0b6f,full,13655514B91994517778696,Setor de Sto Domingos,True,True,disjoint,False,False,
component,physical-component:17ffe63e45427f5113ffc3790d1bf5abf2943117164fd386d0f85e3e690a0b6f,full,13655514B9524670555472,Setor de Fulacunda,True,True,disjoint,False,False,
component,physical-component:17ffe63e45427f5113ffc3790d1bf5abf2943117164fd386d0f85e3e690a0b6f,full,13655514B95678269815128,Setor de Cacheu,True,True,disjoint,False,False,
component,physical-component:17ffe63e45427f5113ffc3790d1bf5abf2943117164fd386d0f85e3e690a0b6f,full,13655514B97576906537580,Setor de Pitche,True,True,disjoint,False,False,
component,physical-component:17ffe63e45427f5113ffc3790d1bf5abf2943117164fd386d0f85e3e690a0b6f,full,13655514B98496568253651,Setor de Bubaque,True,True,disjoint,False,False,
component,physical-component:17ffe63e45427f5113ffc3790d1bf5abf2943117164fd386d0f85e3e690a0b6f,full,13655514B99052541590952,Setor de Boe,True,True,disjoint,False,False,
component,physical-component:17ffe63e45427f5113ffc3790d1bf5abf2943117164fd386d0f85e3e690a0b6f,simplified,13655514B11561761851968,Setor de Bula,True,True,disjoint,False,False,
component,physical-component:17ffe63e45427f5113ffc3790d1bf5abf2943117164fd386d0f85e3e690a0b6f,simplified,13655514B12793543239296,Setor de Quebo,True,True,disjoint,False,False,
component,physical-component:17ffe63e45427f5113ffc3790d1bf5abf2943117164fd386d0f85e3e690a0b6f,simplified,13655514B15077734082289,Setor de Bafata,True,True,disjoint,False,False,
component,physical-component:17ffe63e45427f5113ffc3790d1bf5abf2943117164fd386d0f85e3e690a0b6f,simplified,13655514B15408487636665,Setor de Madina do Bo˒,True,True,disjoint,False,False,
component,physical-component:17ffe63e45427f5113ffc3790d1bf5abf2943117164fd386d0f85e3e690a0b6f,simplified,13655514B16168252486838,Setor de Pirada,True,True,disjoint,False,False,
component,physical-component:17ffe63e45427f5113ffc3790d1bf5abf2943117164fd386d0f85e3e690a0b6f,simplified,13655514B168355566476,Setor de Bambadinca,True,True,disjoint,False,False,
component,physical-component:17ffe63e45427f5113ffc3790d1bf5abf2943117164fd386d0f85e3e690a0b6f,simplified,13655514B24413703823033,Setor de Catie,True,True,disjoint,False,False,
component,physical-component:17ffe63e45427f5113ffc3790d1bf5abf2943117164fd386d0f85e3e690a0b6f,simplified,13655514B30693048438959,Setor de Empada,True,True,disjoint,False,False,
component,physical-component:17ffe63e45427f5113ffc3790d1bf5abf2943117164fd386d0f85e3e690a0b6f,simplified,13655514B31772276876031,Setor de Mansoa,True,True,disjoint,False,False,
component,physical-component:17ffe63e45427f5113ffc3790d1bf5abf2943117164fd386d0f85e3e690a0b6f,simplified,13655514B37452641895852,Setor de Buba,True,True,disjoint,False,False,
component,physical-component:17ffe63e45427f5113ffc3790d1bf5abf2943117164fd386d0f85e3e690a0b6f,simplified,13655514B37576476310465,Setor de Tite,True,True,disjoint,False,False,
component,physical-component:17ffe63e45427f5113ffc3790d1bf5abf2943117164fd386d0f85e3e690a0b6f,simplified,13655514B38974563194217,Bissau Autonomous Sector,True,True,disjoint,False,False,
component,physical-component:17ffe63e45427f5113ffc3790d1bf5abf2943117164fd386d0f85e3e690a0b6f,simplified,13655514B4319146558278,Setor de Galomaro,True,True,disjoint,False,False,
component,physical-component:17ffe63e45427f5113ffc3790d1bf5abf2943117164fd386d0f85e3e690a0b6f,simplified,13655514B44985576134462,Setor de Uno,True,True,positive-area,False,False,component:physical-component:17ffe63e45427f5113ffc3790d1bf5abf2943117164fd386d0f85e3e690a0b6f|simplified:13655514B44985576134462
component,physical-component:17ffe63e45427f5113ffc3790d1bf5abf2943117164fd386d0f85e3e690a0b6f,simplified,13655514B47112439721810,Setor de Nhacra,True,True,disjoint,False,False,
component,physical-component:17ffe63e45427f5113ffc3790d1bf5abf2943117164fd386d0f85e3e690a0b6f,simplified,13655514B47480576799194,Setor de Sonaco,True,True,disjoint,False,False,
component,physical-component:17ffe63e45427f5113ffc3790d1bf5abf2943117164fd386d0f85e3e690a0b6f,simplified,13655514B48763126228848,Setor de Bedanda,True,True,disjoint,False,False,
component,physical-component:17ffe63e45427f5113ffc3790d1bf5abf2943117164fd386d0f85e3e690a0b6f,simplified,13655514B49812801634354,Setor de Mansaba,True,True,disjoint,False,False,
component,physical-component:17ffe63e45427f5113ffc3790d1bf5abf2943117164fd386d0f85e3e690a0b6f,simplified,13655514B51179315853055,Contuboel,True,True,disjoint,False,False,
component,physical-component:17ffe63e45427f5113ffc3790d1bf5abf2943117164fd386d0f85e3e690a0b6f,simplified,13655514B53615250576563,Setor de Prabis,True,True,disjoint,False,False,
component,physical-component:17ffe63e45427f5113ffc3790d1bf5abf2943117164fd386d0f85e3e690a0b6f,simplified,13655514B57644193184055,Setor de Farim,True,True,disjoint,False,False,
component,physical-component:17ffe63e45427f5113ffc3790d1bf5abf2943117164fd386d0f85e3e690a0b6f,simplified,13655514B57740331915335,Setor de Bissora,True,True,disjoint,False,False,
component,physical-component:17ffe63e45427f5113ffc3790d1bf5abf2943117164fd386d0f85e3e690a0b6f,simplified,13655514B59106895169358,Setor de Caravela,True,True,disjoint,False,False,
component,physical-component:17ffe63e45427f5113ffc3790d1bf5abf2943117164fd386d0f85e3e690a0b6f,simplified,13655514B65296626482863,Setor de Gabv,True,True,disjoint,False,False,
component,physical-component:17ffe63e45427f5113ffc3790d1bf5abf2943117164fd386d0f85e3e690a0b6f,simplified,13655514B65471558325414,Setor de Xitole,True,True,disjoint,False,False,
component,physical-component:17ffe63e45427f5113ffc3790d1bf5abf2943117164fd386d0f85e3e690a0b6f,simplified,13655514B65726406107890,Setor de Gamamundo,True,True,disjoint,False,False,
component,physical-component:17ffe63e45427f5113ffc3790d1bf5abf2943117164fd386d0f85e3e690a0b6f,simplified,13655514B65757043009502,Setor de Safim,True,True,disjoint,False,False,
component,physical-component:17ffe63e45427f5113ffc3790d1bf5abf2943117164fd386d0f85e3e690a0b6f,simplified,13655514B66751603958816,Setor de Quinh,True,True,disjoint,False,False,
component,physical-component:17ffe63e45427f5113ffc3790d1bf5abf2943117164fd386d0f85e3e690a0b6f,simplified,13655514B71925291750028,Setor de Cacine,True,True,disjoint,False,False,
component,physical-component:17ffe63e45427f5113ffc3790d1bf5abf2943117164fd386d0f85e3e690a0b6f,simplified,13655514B76388735674013,Setor de Bigene,True,True,disjoint,False,False,
component,physical-component:17ffe63e45427f5113ffc3790d1bf5abf2943117164fd386d0f85e3e690a0b6f,simplified,13655514B77006902429960,Setor de Bolama,True,True,disjoint,False,False,
component,physical-component:17ffe63e45427f5113ffc3790d1bf5abf2943117164fd386d0f85e3e690a0b6f,simplified,13655514B8216177448850,Setor de Caiv,True,True,disjoint,False,False,
component,physical-component:17ffe63e45427f5113ffc3790d1bf5abf2943117164fd386d0f85e3e690a0b6f,simplified,13655514B91246233663569,Setor de Canghungo,True,True,disjoint,False,False,
component,physical-component:17ffe63e45427f5113ffc3790d1bf5abf2943117164fd386d0f85e3e690a0b6f,simplified,13655514B91994517778696,Setor de Sto Domingos,True,True,disjoint,False,False,
component,physical-component:17ffe63e45427f5113ffc3790d1bf5abf2943117164fd386d0f85e3e690a0b6f,simplified,13655514B9524670555472,Setor de Fulacunda,True,True,disjoint,False,False,
component,physical-component:17ffe63e45427f5113ffc3790d1bf5abf2943117164fd386d0f85e3e690a0b6f,simplified,13655514B95678269815128,Setor de Cacheu,True,True,disjoint,False,False,
component,physical-component:17ffe63e45427f5113ffc3790d1bf5abf2943117164fd386d0f85e3e690a0b6f,simplified,13655514B97576906537580,Setor de Pitche,True,True,disjoint,False,False,
component,physical-component:17ffe63e45427f5113ffc3790d1bf5abf2943117164fd386d0f85e3e690a0b6f,simplified,13655514B98496568253651,Setor de Bubaque,True,True,disjoint,False,False,
component,physical-component:17ffe63e45427f5113ffc3790d1bf5abf2943117164fd386d0f85e3e690a0b6f,simplified,13655514B99052541590952,Setor de Boe,True,True,disjoint,False,False,
component,physical-component:19dfb086313c10e42d4d45e4ff3c64c67027e6138b5458a5a527083ceabf28d2,full,13655514B11561761851968,Setor de Bula,True,True,disjoint,False,False,
component,physical-component:19dfb086313c10e42d4d45e4ff3c64c67027e6138b5458a5a527083ceabf28d2,full,13655514B12793543239296,Setor de Quebo,True,True,disjoint,False,False,
component,physical-component:19dfb086313c10e42d4d45e4ff3c64c67027e6138b5458a5a527083ceabf28d2,full,13655514B15077734082289,Setor de Bafata,True,True,disjoint,False,False,
component,physical-component:19dfb086313c10e42d4d45e4ff3c64c67027e6138b5458a5a527083ceabf28d2,full,13655514B15408487636665,Setor de Madina do Bo˒,True,True,disjoint,False,False,
component,physical-component:19dfb086313c10e42d4d45e4ff3c64c67027e6138b5458a5a527083ceabf28d2,full,13655514B16168252486838,Setor de Pirada,True,True,disjoint,False,False,
component,physical-component:19dfb086313c10e42d4d45e4ff3c64c67027e6138b5458a5a527083ceabf28d2,full,13655514B168355566476,Setor de Bambadinca,True,True,disjoint,False,False,
component,physical-component:19dfb086313c10e42d4d45e4ff3c64c67027e6138b5458a5a527083ceabf28d2,full,13655514B24413703823033,Setor de Catie,True,True,disjoint,False,False,
component,physical-component:19dfb086313c10e42d4d45e4ff3c64c67027e6138b5458a5a527083ceabf28d2,full,13655514B30693048438959,Setor de Empada,True,True,disjoint,False,False,
component,physical-component:19dfb086313c10e42d4d45e4ff3c64c67027e6138b5458a5a527083ceabf28d2,full,13655514B31772276876031,Setor de Mansoa,True,True,disjoint,False,False,
component,physical-component:19dfb086313c10e42d4d45e4ff3c64c67027e6138b5458a5a527083ceabf28d2,full,13655514B37452641895852,Setor de Buba,True,True,disjoint,False,False,
component,physical-component:19dfb086313c10e42d4d45e4ff3c64c67027e6138b5458a5a527083ceabf28d2,full,13655514B37576476310465,Setor de Tite,True,True,disjoint,False,False,
component,physical-component:19dfb086313c10e42d4d45e4ff3c64c67027e6138b5458a5a527083ceabf28d2,full,13655514B38974563194217,Bissau Autonomous Sector,True,True,disjoint,False,False,
component,physical-component:19dfb086313c10e42d4d45e4ff3c64c67027e6138b5458a5a527083ceabf28d2,full,13655514B4319146558278,Setor de Galomaro,True,True,disjoint,False,False,
component,physical-component:19dfb086313c10e42d4d45e4ff3c64c67027e6138b5458a5a527083ceabf28d2,full,13655514B44985576134462,Setor de Uno,True,True,disjoint,False,False,
component,physical-component:19dfb086313c10e42d4d45e4ff3c64c67027e6138b5458a5a527083ceabf28d2,full,13655514B47112439721810,Setor de Nhacra,True,True,disjoint,False,False,
component,physical-component:19dfb086313c10e42d4d45e4ff3c64c67027e6138b5458a5a527083ceabf28d2,full,13655514B47480576799194,Setor de Sonaco,True,True,disjoint,False,False,
component,physical-component:19dfb086313c10e42d4d45e4ff3c64c67027e6138b5458a5a527083ceabf28d2,full,13655514B48763126228848,Setor de Bedanda,True,True,disjoint,False,False,
component,physical-component:19dfb086313c10e42d4d45e4ff3c64c67027e6138b5458a5a527083ceabf28d2,full,13655514B49812801634354,Setor de Mansaba,True,True,disjoint,False,False,
component,physical-component:19dfb086313c10e42d4d45e4ff3c64c67027e6138b5458a5a527083ceabf28d2,full,13655514B51179315853055,Contuboel,True,True,disjoint,False,False,
component,physical-component:19dfb086313c10e42d4d45e4ff3c64c67027e6138b5458a5a527083ceabf28d2,full,13655514B53615250576563,Setor de Prabis,True,True,disjoint,False,False,
component,physical-component:19dfb086313c10e42d4d45e4ff3c64c67027e6138b5458a5a527083ceabf28d2,full,13655514B57644193184055,Setor de Farim,True,True,disjoint,False,False,
component,physical-component:19dfb086313c10e42d4d45e4ff3c64c67027e6138b5458a5a527083ceabf28d2,full,13655514B57740331915335,Setor de Bissora,True,True,disjoint,False,False,
component,physical-component:19dfb086313c10e42d4d45e4ff3c64c67027e6138b5458a5a527083ceabf28d2,full,13655514B59106895169358,Setor de Caravela,True,True,disjoint,False,False,
component,physical-component:19dfb086313c10e42d4d45e4ff3c64c67027e6138b5458a5a527083ceabf28d2,full,13655514B65296626482863,Setor de Gabv,True,True,disjoint,False,False,
component,physical-component:19dfb086313c10e42d4d45e4ff3c64c67027e6138b5458a5a527083ceabf28d2,full,13655514B65471558325414,Setor de Xitole,True,True,disjoint,False,False,
component,physical-component:19dfb086313c10e42d4d45e4ff3c64c67027e6138b5458a5a527083ceabf28d2,full,13655514B65726406107890,Setor de Gamamundo,True,True,disjoint,False,False,
component,physical-component:19dfb086313c10e42d4d45e4ff3c64c67027e6138b5458a5a527083ceabf28d2,full,13655514B65757043009502,Setor de Safim,True,True,disjoint,False,False,
component,physical-component:19dfb086313c10e42d4d45e4ff3c64c67027e6138b5458a5a527083ceabf28d2,full,13655514B66751603958816,Setor de Quinh,True,True,disjoint,False,False,
component,physical-component:19dfb086313c10e42d4d45e4ff3c64c67027e6138b5458a5a527083ceabf28d2,full,13655514B71925291750028,Setor de Cacine,True,True,disjoint,False,False,
component,physical-component:19dfb086313c10e42d4d45e4ff3c64c67027e6138b5458a5a527083ceabf28d2,full,13655514B76388735674013,Setor de Bigene,True,True,disjoint,False,False,
component,physical-component:19dfb086313c10e42d4d45e4ff3c64c67027e6138b5458a5a527083ceabf28d2,full,13655514B77006902429960,Setor de Bolama,True,True,positive-area,False,False,component:physical-component:19dfb086313c10e42d4d45e4ff3c64c67027e6138b5458a5a527083ceabf28d2|full:13655514B77006902429960
component,physical-component:19dfb086313c10e42d4d45e4ff3c64c67027e6138b5458a5a527083ceabf28d2,full,13655514B8216177448850,Setor de Caiv,True,True,disjoint,False,False,
component,physical-component:19dfb086313c10e42d4d45e4ff3c64c67027e6138b5458a5a527083ceabf28d2,full,13655514B91246233663569,Setor de Canghungo,True,True,disjoint,False,False,
component,physical-component:19dfb086313c10e42d4d45e4ff3c64c67027e6138b5458a5a527083ceabf28d2,full,13655514B91994517778696,Setor de Sto Domingos,True,True,disjoint,False,False,
component,physical-component:19dfb086313c10e42d4d45e4ff3c64c67027e6138b5458a5a527083ceabf28d2,full,13655514B9524670555472,Setor de Fulacunda,True,True,disjoint,False,False,
component,physical-component:19dfb086313c10e42d4d45e4ff3c64c67027e6138b5458a5a527083ceabf28d2,full,13655514B95678269815128,Setor de Cacheu,True,True,disjoint,False,False,
component,physical-component:19dfb086313c10e42d4d45e4ff3c64c67027e6138b5458a5a527083ceabf28d2,full,13655514B97576906537580,Setor de Pitche,True,True,disjoint,False,False,
component,physical-component:19dfb086313c10e42d4d45e4ff3c64c67027e6138b5458a5a527083ceabf28d2,full,13655514B98496568253651,Setor de Bubaque,True,True,disjoint,False,False,
component,physical-component:19dfb086313c10e42d4d45e4ff3c64c67027e6138b5458a5a527083ceabf28d2,full,13655514B99052541590952,Setor de Boe,True,True,disjoint,False,False,
component,physical-component:19dfb086313c10e42d4d45e4ff3c64c67027e6138b5458a5a527083ceabf28d2,simplified,13655514B11561761851968,Setor de Bula,True,True,disjoint,False,False,
component,physical-component:19dfb086313c10e42d4d45e4ff3c64c67027e6138b5458a5a527083ceabf28d2,simplified,13655514B12793543239296,Setor de Quebo,True,True,disjoint,False,False,
component,physical-component:19dfb086313c10e42d4d45e4ff3c64c67027e6138b5458a5a527083ceabf28d2,simplified,13655514B15077734082289,Setor de Bafata,True,True,disjoint,False,False,
component,physical-component:19dfb086313c10e42d4d45e4ff3c64c67027e6138b5458a5a527083ceabf28d2,simplified,13655514B15408487636665,Setor de Madina do Bo˒,True,True,disjoint,False,False,
component,physical-component:19dfb086313c10e42d4d45e4ff3c64c67027e6138b5458a5a527083ceabf28d2,simplified,13655514B16168252486838,Setor de Pirada,True,True,disjoint,False,False,
component,physical-component:19dfb086313c10e42d4d45e4ff3c64c67027e6138b5458a5a527083ceabf28d2,simplified,13655514B168355566476,Setor de Bambadinca,True,True,disjoint,False,False,
component,physical-component:19dfb086313c10e42d4d45e4ff3c64c67027e6138b5458a5a527083ceabf28d2,simplified,13655514B24413703823033,Setor de Catie,True,True,disjoint,False,False,
component,physical-component:19dfb086313c10e42d4d45e4ff3c64c67027e6138b5458a5a527083ceabf28d2,simplified,13655514B30693048438959,Setor de Empada,True,True,disjoint,False,False,
component,physical-component:19dfb086313c10e42d4d45e4ff3c64c67027e6138b5458a5a527083ceabf28d2,simplified,13655514B31772276876031,Setor de Mansoa,True,True,disjoint,False,False,
component,physical-component:19dfb086313c10e42d4d45e4ff3c64c67027e6138b5458a5a527083ceabf28d2,simplified,13655514B37452641895852,Setor de Buba,True,True,disjoint,False,False,
component,physical-component:19dfb086313c10e42d4d45e4ff3c64c67027e6138b5458a5a527083ceabf28d2,simplified,13655514B37576476310465,Setor de Tite,True,True,disjoint,False,False,
component,physical-component:19dfb086313c10e42d4d45e4ff3c64c67027e6138b5458a5a527083ceabf28d2,simplified,13655514B38974563194217,Bissau Autonomous Sector,True,True,disjoint,False,False,
component,physical-component:19dfb086313c10e42d4d45e4ff3c64c67027e6138b5458a5a527083ceabf28d2,simplified,13655514B4319146558278,Setor de Galomaro,True,True,disjoint,False,False,
component,physical-component:19dfb086313c10e42d4d45e4ff3c64c67027e6138b5458a5a527083ceabf28d2,simplified,13655514B44985576134462,Setor de Uno,True,True,disjoint,False,False,
component,physical-component:19dfb086313c10e42d4d45e4ff3c64c67027e6138b5458a5a527083ceabf28d2,simplified,13655514B47112439721810,Setor de Nhacra,True,True,disjoint,False,False,
component,physical-component:19dfb086313c10e42d4d45e4ff3c64c67027e6138b5458a5a527083ceabf28d2,simplified,13655514B47480576799194,Setor de Sonaco,True,True,disjoint,False,False,
component,physical-component:19dfb086313c10e42d4d45e4ff3c64c67027e6138b5458a5a527083ceabf28d2,simplified,13655514B48763126228848,Setor de Bedanda,True,True,disjoint,False,False,
component,physical-component:19dfb086313c10e42d4d45e4ff3c64c67027e6138b5458a5a527083ceabf28d2,simplified,13655514B49812801634354,Setor de Mansaba,True,True,disjoint,False,False,
component,physical-component:19dfb086313c10e42d4d45e4ff3c64c67027e6138b5458a5a527083ceabf28d2,simplified,13655514B51179315853055,Contuboel,True,True,disjoint,False,False,
component,physical-component:19dfb086313c10e42d4d45e4ff3c64c67027e6138b5458a5a527083ceabf28d2,simplified,13655514B53615250576563,Setor de Prabis,True,True,disjoint,False,False,
component,physical-component:19dfb086313c10e42d4d45e4ff3c64c67027e6138b5458a5a527083ceabf28d2,simplified,13655514B57644193184055,Setor de Farim,True,True,disjoint,False,False,
component,physical-component:19dfb086313c10e42d4d45e4ff3c64c67027e6138b5458a5a527083ceabf28d2,simplified,13655514B57740331915335,Setor de Bissora,True,True,disjoint,False,False,
component,physical-component:19dfb086313c10e42d4d45e4ff3c64c67027e6138b5458a5a527083ceabf28d2,simplified,13655514B59106895169358,Setor de Caravela,True,True,disjoint,False,False,
component,physical-component:19dfb086313c10e42d4d45e4ff3c64c67027e6138b5458a5a527083ceabf28d2,simplified,13655514B65296626482863,Setor de Gabv,True,True,disjoint,False,False,
component,physical-component:19dfb086313c10e42d4d45e4ff3c64c67027e6138b5458a5a527083ceabf28d2,simplified,13655514B65471558325414,Setor de Xitole,True,True,disjoint,False,False,
component,physical-component:19dfb086313c10e42d4d45e4ff3c64c67027e6138b5458a5a527083ceabf28d2,simplified,13655514B65726406107890,Setor de Gamamundo,True,True,disjoint,False,False,
component,physical-component:19dfb086313c10e42d4d45e4ff3c64c67027e6138b5458a5a527083ceabf28d2,simplified,13655514B65757043009502,Setor de Safim,True,True,disjoint,False,False,
component,physical-component:19dfb086313c10e42d4d45e4ff3c64c67027e6138b5458a5a527083ceabf28d2,simplified,13655514B66751603958816,Setor de Quinh,True,True,disjoint,False,False,
component,physical-component:19dfb086313c10e42d4d45e4ff3c64c67027e6138b5458a5a527083ceabf28d2,simplified,13655514B71925291750028,Setor de Cacine,True,True,disjoint,False,False,
component,physical-component:19dfb086313c10e42d4d45e4ff3c64c67027e6138b5458a5a527083ceabf28d2,simplified,13655514B76388735674013,Setor de Bigene,True,True,disjoint,False,False,
component,physical-component:19dfb086313c10e42d4d45e4ff3c64c67027e6138b5458a5a527083ceabf28d2,simplified,13655514B77006902429960,Setor de Bolama,True,True,positive-area,False,False,component:physical-component:19dfb086313c10e42d4d45e4ff3c64c67027e6138b5458a5a527083ceabf28d2|simplified:13655514B77006902429960
component,physical-component:19dfb086313c10e42d4d45e4ff3c64c67027e6138b5458a5a527083ceabf28d2,simplified,13655514B8216177448850,Setor de Caiv,True,True,disjoint,False,False,
component,physical-component:19dfb086313c10e42d4d45e4ff3c64c67027e6138b5458a5a527083ceabf28d2,simplified,13655514B91246233663569,Setor de Canghungo,True,True,disjoint,False,False,
component,physical-component:19dfb086313c10e42d4d45e4ff3c64c67027e6138b5458a5a527083ceabf28d2,simplified,13655514B91994517778696,Setor de Sto Domingos,True,True,disjoint,False,False,
component,physical-component:19dfb086313c10e42d4d45e4ff3c64c67027e6138b5458a5a527083ceabf28d2,simplified,13655514B9524670555472,Setor de Fulacunda,True,True,disjoint,False,False,
component,physical-component:19dfb086313c10e42d4d45e4ff3c64c67027e6138b5458a5a527083ceabf28d2,simplified,13655514B95678269815128,Setor de Cacheu,True,True,disjoint,False,False,
component,physical-component:19dfb086313c10e42d4d45e4ff3c64c67027e6138b5458a5a527083ceabf28d2,simplified,13655514B97576906537580,Setor de Pitche,True,True,disjoint,False,False,
component,physical-component:19dfb086313c10e42d4d45e4ff3c64c67027e6138b5458a5a527083ceabf28d2,simplified,13655514B98496568253651,Setor de Bubaque,True,True,disjoint,False,False,
component,physical-component:19dfb086313c10e42d4d45e4ff3c64c67027e6138b5458a5a527083ceabf28d2,simplified,13655514B99052541590952,Setor de Boe,True,True,disjoint,False,False,
component,physical-component:1c7ce0df40ece893174801ab8c42834158c46425203e68733f205e708c450350,full,13655514B11561761851968,Setor de Bula,True,True,disjoint,False,False,
component,physical-component:1c7ce0df40ece893174801ab8c42834158c46425203e68733f205e708c450350,full,13655514B12793543239296,Setor de Quebo,True,True,disjoint,False,False,
component,physical-component:1c7ce0df40ece893174801ab8c42834158c46425203e68733f205e708c450350,full,13655514B15077734082289,Setor de Bafata,True,True,disjoint,False,False,
component,physical-component:1c7ce0df40ece893174801ab8c42834158c46425203e68733f205e708c450350,full,13655514B15408487636665,Setor de Madina do Bo˒,True,True,disjoint,False,False,
component,physical-component:1c7ce0df40ece893174801ab8c42834158c46425203e68733f205e708c450350,full,13655514B16168252486838,Setor de Pirada,True,True,disjoint,False,False,
component,physical-component:1c7ce0df40ece893174801ab8c42834158c46425203e68733f205e708c450350,full,13655514B168355566476,Setor de Bambadinca,True,True,disjoint,False,False,
component,physical-component:1c7ce0df40ece893174801ab8c42834158c46425203e68733f205e708c450350,full,13655514B24413703823033,Setor de Catie,True,True,disjoint,False,False,
component,physical-component:1c7ce0df40ece893174801ab8c42834158c46425203e68733f205e708c450350,full,13655514B30693048438959,Setor de Empada,True,True,disjoint,False,False,
component,physical-component:1c7ce0df40ece893174801ab8c42834158c46425203e68733f205e708c450350,full,13655514B31772276876031,Setor de Mansoa,True,True,disjoint,False,False,
component,physical-component:1c7ce0df40ece893174801ab8c42834158c46425203e68733f205e708c450350,full,13655514B37452641895852,Setor de Buba,True,True,disjoint,False,False,
component,physical-component:1c7ce0df40ece893174801ab8c42834158c46425203e68733f205e708c450350,full,13655514B37576476310465,Setor de Tite,True,True,disjoint,False,False,
component,physical-component:1c7ce0df40ece893174801ab8c42834158c46425203e68733f205e708c450350,full,13655514B38974563194217,Bissau Autonomous Sector,True,True,disjoint,False,False,
component,physical-component:1c7ce0df40ece893174801ab8c42834158c46425203e68733f205e708c450350,full,13655514B4319146558278,Setor de Galomaro,True,True,disjoint,False,False,
component,physical-component:1c7ce0df40ece893174801ab8c42834158c46425203e68733f205e708c450350,full,13655514B44985576134462,Setor de Uno,True,True,positive-area,False,False,component:physical-component:1c7ce0df40ece893174801ab8c42834158c46425203e68733f205e708c450350|full:13655514B44985576134462
component,physical-component:1c7ce0df40ece893174801ab8c42834158c46425203e68733f205e708c450350,full,13655514B47112439721810,Setor de Nhacra,True,True,disjoint,False,False,
component,physical-component:1c7ce0df40ece893174801ab8c42834158c46425203e68733f205e708c450350,full,13655514B47480576799194,Setor de Sonaco,True,True,disjoint,False,False,
component,physical-component:1c7ce0df40ece893174801ab8c42834158c46425203e68733f205e708c450350,full,13655514B48763126228848,Setor de Bedanda,True,True,disjoint,False,False,
component,physical-component:1c7ce0df40ece893174801ab8c42834158c46425203e68733f205e708c450350,full,13655514B49812801634354,Setor de Mansaba,True,True,disjoint,False,False,
component,physical-component:1c7ce0df40ece893174801ab8c42834158c46425203e68733f205e708c450350,full,13655514B51179315853055,Contuboel,True,True,disjoint,False,False,
component,physical-component:1c7ce0df40ece893174801ab8c42834158c46425203e68733f205e708c450350,full,13655514B53615250576563,Setor de Prabis,True,True,disjoint,False,False,
component,physical-component:1c7ce0df40ece893174801ab8c42834158c46425203e68733f205e708c450350,full,13655514B57644193184055,Setor de Farim,True,True,disjoint,False,False,
component,physical-component:1c7ce0df40ece893174801ab8c42834158c46425203e68733f205e708c450350,full,13655514B57740331915335,Setor de Bissora,True,True,disjoint,False,False,
component,physical-component:1c7ce0df40ece893174801ab8c42834158c46425203e68733f205e708c450350,full,13655514B59106895169358,Setor de Caravela,True,True,disjoint,False,False,
component,physical-component:1c7ce0df40ece893174801ab8c42834158c46425203e68733f205e708c450350,full,13655514B65296626482863,Setor de Gabv,True,True,disjoint,False,False,
component,physical-component:1c7ce0df40ece893174801ab8c42834158c46425203e68733f205e708c450350,full,13655514B65471558325414,Setor de Xitole,True,True,disjoint,False,False,
component,physical-component:1c7ce0df40ece893174801ab8c42834158c46425203e68733f205e708c450350,full,13655514B65726406107890,Setor de Gamamundo,True,True,disjoint,False,False,
component,physical-component:1c7ce0df40ece893174801ab8c42834158c46425203e68733f205e708c450350,full,13655514B65757043009502,Setor de Safim,True,True,disjoint,False,False,
component,physical-component:1c7ce0df40ece893174801ab8c42834158c46425203e68733f205e708c450350,full,13655514B66751603958816,Setor de Quinh,True,True,disjoint,False,False,
component,physical-component:1c7ce0df40ece893174801ab8c42834158c46425203e68733f205e708c450350,full,13655514B71925291750028,Setor de Cacine,True,True,disjoint,False,False,
component,physical-component:1c7ce0df40ece893174801ab8c42834158c46425203e68733f205e708c450350,full,13655514B76388735674013,Setor de Bigene,True,True,disjoint,False,False,
component,physical-component:1c7ce0df40ece893174801ab8c42834158c46425203e68733f205e708c450350,full,13655514B77006902429960,Setor de Bolama,True,True,disjoint,False,False,
component,physical-component:1c7ce0df40ece893174801ab8c42834158c46425203e68733f205e708c450350,full,13655514B8216177448850,Setor de Caiv,True,True,disjoint,False,False,
component,physical-component:1c7ce0df40ece893174801ab8c42834158c46425203e68733f205e708c450350,full,13655514B91246233663569,Setor de Canghungo,True,True,disjoint,False,False,
component,physical-component:1c7ce0df40ece893174801ab8c42834158c46425203e68733f205e708c450350,full,13655514B91994517778696,Setor de Sto Domingos,True,True,disjoint,False,False,
component,physical-component:1c7ce0df40ece893174801ab8c42834158c46425203e68733f205e708c450350,full,13655514B9524670555472,Setor de Fulacunda,True,True,disjoint,False,False,
component,physical-component:1c7ce0df40ece893174801ab8c42834158c46425203e68733f205e708c450350,full,13655514B95678269815128,Setor de Cacheu,True,True,disjoint,False,False,
component,physical-component:1c7ce0df40ece893174801ab8c42834158c46425203e68733f205e708c450350,full,13655514B97576906537580,Setor de Pitche,True,True,disjoint,False,False,
component,physical-component:1c7ce0df40ece893174801ab8c42834158c46425203e68733f205e708c450350,full,13655514B98496568253651,Setor de Bubaque,True,True,disjoint,False,False,
component,physical-component:1c7ce0df40ece893174801ab8c42834158c46425203e68733f205e708c450350,full,13655514B99052541590952,Setor de Boe,True,True,disjoint,False,False,
component,physical-component:1c7ce0df40ece893174801ab8c42834158c46425203e68733f205e708c450350,simplified,13655514B11561761851968,Setor de Bula,True,True,disjoint,False,False,
component,physical-component:1c7ce0df40ece893174801ab8c42834158c46425203e68733f205e708c450350,simplified,13655514B12793543239296,Setor de Quebo,True,True,disjoint,False,False,
component,physical-component:1c7ce0df40ece893174801ab8c42834158c46425203e68733f205e708c450350,simplified,13655514B15077734082289,Setor de Bafata,True,True,disjoint,False,False,
component,physical-component:1c7ce0df40ece893174801ab8c42834158c46425203e68733f205e708c450350,simplified,13655514B15408487636665,Setor de Madina do Bo˒,True,True,disjoint,False,False,
component,physical-component:1c7ce0df40ece893174801ab8c42834158c46425203e68733f205e708c450350,simplified,13655514B16168252486838,Setor de Pirada,True,True,disjoint,False,False,
component,physical-component:1c7ce0df40ece893174801ab8c42834158c46425203e68733f205e708c450350,simplified,13655514B168355566476,Setor de Bambadinca,True,True,disjoint,False,False,
component,physical-component:1c7ce0df40ece893174801ab8c42834158c46425203e68733f205e708c450350,simplified,13655514B24413703823033,Setor de Catie,True,True,disjoint,False,False,
component,physical-component:1c7ce0df40ece893174801ab8c42834158c46425203e68733f205e708c450350,simplified,13655514B30693048438959,Setor de Empada,True,True,disjoint,False,False,
component,physical-component:1c7ce0df40ece893174801ab8c42834158c46425203e68733f205e708c450350,simplified,13655514B31772276876031,Setor de Mansoa,True,True,disjoint,False,False,
component,physical-component:1c7ce0df40ece893174801ab8c42834158c46425203e68733f205e708c450350,simplified,13655514B37452641895852,Setor de Buba,True,True,disjoint,False,False,
component,physical-component:1c7ce0df40ece893174801ab8c42834158c46425203e68733f205e708c450350,simplified,13655514B37576476310465,Setor de Tite,True,True,disjoint,False,False,
component,physical-component:1c7ce0df40ece893174801ab8c42834158c46425203e68733f205e708c450350,simplified,13655514B38974563194217,Bissau Autonomous Sector,True,True,disjoint,False,False,
component,physical-component:1c7ce0df40ece893174801ab8c42834158c46425203e68733f205e708c450350,simplified,13655514B4319146558278,Setor de Galomaro,True,True,disjoint,False,False,
component,physical-component:1c7ce0df40ece893174801ab8c42834158c46425203e68733f205e708c450350,simplified,13655514B44985576134462,Setor de Uno,True,True,positive-area,False,False,component:physical-component:1c7ce0df40ece893174801ab8c42834158c46425203e68733f205e708c450350|simplified:13655514B44985576134462
component,physical-component:1c7ce0df40ece893174801ab8c42834158c46425203e68733f205e708c450350,simplified,13655514B47112439721810,Setor de Nhacra,True,True,disjoint,False,False,
component,physical-component:1c7ce0df40ece893174801ab8c42834158c46425203e68733f205e708c450350,simplified,13655514B47480576799194,Setor de Sonaco,True,True,disjoint,False,False,
component,physical-component:1c7ce0df40ece893174801ab8c42834158c46425203e68733f205e708c450350,simplified,13655514B48763126228848,Setor de Bedanda,True,True,disjoint,False,False,
component,physical-component:1c7ce0df40ece893174801ab8c42834158c46425203e68733f205e708c450350,simplified,13655514B49812801634354,Setor de Mansaba,True,True,disjoint,False,False,
component,physical-component:1c7ce0df40ece893174801ab8c42834158c46425203e68733f205e708c450350,simplified,13655514B51179315853055,Contuboel,True,True,disjoint,False,False,
component,physical-component:1c7ce0df40ece893174801ab8c42834158c46425203e68733f205e708c450350,simplified,13655514B53615250576563,Setor de Prabis,True,True,disjoint,False,False,
component,physical-component:1c7ce0df40ece893174801ab8c42834158c46425203e68733f205e708c450350,simplified,13655514B57644193184055,Setor de Farim,True,True,disjoint,False,False,
component,physical-component:1c7ce0df40ece893174801ab8c42834158c46425203e68733f205e708c450350,simplified,13655514B57740331915335,Setor de Bissora,True,True,disjoint,False,False,
component,physical-component:1c7ce0df40ece893174801ab8c42834158c46425203e68733f205e708c450350,simplified,13655514B59106895169358,Setor de Caravela,True,True,disjoint,False,False,
component,physical-component:1c7ce0df40ece893174801ab8c42834158c46425203e68733f205e708c450350,simplified,13655514B65296626482863,Setor de Gabv,True,True,disjoint,False,False,
component,physical-component:1c7ce0df40ece893174801ab8c42834158c46425203e68733f205e708c450350,simplified,13655514B65471558325414,Setor de Xitole,True,True,disjoint,False,False,
component,physical-component:1c7ce0df40ece893174801ab8c42834158c46425203e68733f205e708c450350,simplified,13655514B65726406107890,Setor de Gamamundo,True,True,disjoint,False,False,
component,physical-component:1c7ce0df40ece893174801ab8c42834158c46425203e68733f205e708c450350,simplified,13655514B65757043009502,Setor de Safim,True,True,disjoint,False,False,
component,physical-component:1c7ce0df40ece893174801ab8c42834158c46425203e68733f205e708c450350,simplified,13655514B66751603958816,Setor de Quinh,True,True,disjoint,False,False,
component,physical-component:1c7ce0df40ece893174801ab8c42834158c46425203e68733f205e708c450350,simplified,13655514B71925291750028,Setor de Cacine,True,True,disjoint,False,False,
component,physical-component:1c7ce0df40ece893174801ab8c42834158c46425203e68733f205e708c450350,simplified,13655514B76388735674013,Setor de Bigene,True,True,disjoint,False,False,
component,physical-component:1c7ce0df40ece893174801ab8c42834158c46425203e68733f205e708c450350,simplified,13655514B77006902429960,Setor de Bolama,True,True,disjoint,False,False,
component,physical-component:1c7ce0df40ece893174801ab8c42834158c46425203e68733f205e708c450350,simplified,13655514B8216177448850,Setor de Caiv,True,True,disjoint,False,False,
component,physical-component:1c7ce0df40ece893174801ab8c42834158c46425203e68733f205e708c450350,simplified,13655514B91246233663569,Setor de Canghungo,True,True,disjoint,False,False,
component,physical-component:1c7ce0df40ece893174801ab8c42834158c46425203e68733f205e708c450350,simplified,13655514B91994517778696,Setor de Sto Domingos,True,True,disjoint,False,False,
component,physical-component:1c7ce0df40ece893174801ab8c42834158c46425203e68733f205e708c450350,simplified,13655514B9524670555472,Setor de Fulacunda,True,True,disjoint,False,False,
component,physical-component:1c7ce0df40ece893174801ab8c42834158c46425203e68733f205e708c450350,simplified,13655514B95678269815128,Setor de Cacheu,True,True,disjoint,False,False,
component,physical-component:1c7ce0df40ece893174801ab8c42834158c46425203e68733f205e708c450350,simplified,13655514B97576906537580,Setor de Pitche,True,True,disjoint,False,False,
component,physical-component:1c7ce0df40ece893174801ab8c42834158c46425203e68733f205e708c450350,simplified,13655514B98496568253651,Setor de Bubaque,True,True,disjoint,False,False,
component,physical-component:1c7ce0df40ece893174801ab8c42834158c46425203e68733f205e708c450350,simplified,13655514B99052541590952,Setor de Boe,True,True,disjoint,False,False,
component,physical-component:1d6d6490d6a511807561030466018f5537f7fb15a498c5e6ddec98ac30ecc29d,full,13655514B11561761851968,Setor de Bula,True,True,disjoint,False,False,
component,physical-component:1d6d6490d6a511807561030466018f5537f7fb15a498c5e6ddec98ac30ecc29d,full,13655514B12793543239296,Setor de Quebo,True,True,disjoint,False,False,
component,physical-component:1d6d6490d6a511807561030466018f5537f7fb15a498c5e6ddec98ac30ecc29d,full,13655514B15077734082289,Setor de Bafata,True,True,disjoint,False,False,
component,physical-component:1d6d6490d6a511807561030466018f5537f7fb15a498c5e6ddec98ac30ecc29d,full,13655514B15408487636665,Setor de Madina do Bo˒,True,True,disjoint,False,False,
component,physical-component:1d6d6490d6a511807561030466018f5537f7fb15a498c5e6ddec98ac30ecc29d,full,13655514B16168252486838,Setor de Pirada,True,True,disjoint,False,False,
component,physical-component:1d6d6490d6a511807561030466018f5537f7fb15a498c5e6ddec98ac30ecc29d,full,13655514B168355566476,Setor de Bambadinca,True,True,disjoint,False,False,
component,physical-component:1d6d6490d6a511807561030466018f5537f7fb15a498c5e6ddec98ac30ecc29d,full,13655514B24413703823033,Setor de Catie,True,True,disjoint,False,False,
component,physical-component:1d6d6490d6a511807561030466018f5537f7fb15a498c5e6ddec98ac30ecc29d,full,13655514B30693048438959,Setor de Empada,True,True,disjoint,False,False,
component,physical-component:1d6d6490d6a511807561030466018f5537f7fb15a498c5e6ddec98ac30ecc29d,full,13655514B31772276876031,Setor de Mansoa,True,True,disjoint,False,False,
component,physical-component:1d6d6490d6a511807561030466018f5537f7fb15a498c5e6ddec98ac30ecc29d,full,13655514B37452641895852,Setor de Buba,True,True,disjoint,False,False,
component,physical-component:1d6d6490d6a511807561030466018f5537f7fb15a498c5e6ddec98ac30ecc29d,full,13655514B37576476310465,Setor de Tite,True,True,disjoint,False,False,
component,physical-component:1d6d6490d6a511807561030466018f5537f7fb15a498c5e6ddec98ac30ecc29d,full,13655514B38974563194217,Bissau Autonomous Sector,True,True,disjoint,False,False,
component,physical-component:1d6d6490d6a511807561030466018f5537f7fb15a498c5e6ddec98ac30ecc29d,full,13655514B4319146558278,Setor de Galomaro,True,True,disjoint,False,False,
component,physical-component:1d6d6490d6a511807561030466018f5537f7fb15a498c5e6ddec98ac30ecc29d,full,13655514B44985576134462,Setor de Uno,True,True,disjoint,False,False,
component,physical-component:1d6d6490d6a511807561030466018f5537f7fb15a498c5e6ddec98ac30ecc29d,full,13655514B47112439721810,Setor de Nhacra,True,True,disjoint,False,False,
component,physical-component:1d6d6490d6a511807561030466018f5537f7fb15a498c5e6ddec98ac30ecc29d,full,13655514B47480576799194,Setor de Sonaco,True,True,disjoint,False,False,
component,physical-component:1d6d6490d6a511807561030466018f5537f7fb15a498c5e6ddec98ac30ecc29d,full,13655514B48763126228848,Setor de Bedanda,True,True,disjoint,False,False,
component,physical-component:1d6d6490d6a511807561030466018f5537f7fb15a498c5e6ddec98ac30ecc29d,full,13655514B49812801634354,Setor de Mansaba,True,True,disjoint,False,False,
component,physical-component:1d6d6490d6a511807561030466018f5537f7fb15a498c5e6ddec98ac30ecc29d,full,13655514B51179315853055,Contuboel,True,True,disjoint,False,False,
component,physical-component:1d6d6490d6a511807561030466018f5537f7fb15a498c5e6ddec98ac30ecc29d,full,13655514B53615250576563,Setor de Prabis,True,True,disjoint,False,False,
component,physical-component:1d6d6490d6a511807561030466018f5537f7fb15a498c5e6ddec98ac30ecc29d,full,13655514B57644193184055,Setor de Farim,True,True,disjoint,False,False,
component,physical-component:1d6d6490d6a511807561030466018f5537f7fb15a498c5e6ddec98ac30ecc29d,full,13655514B57740331915335,Setor de Bissora,True,True,disjoint,False,False,
component,physical-component:1d6d6490d6a511807561030466018f5537f7fb15a498c5e6ddec98ac30ecc29d,full,13655514B59106895169358,Setor de Caravela,True,True,disjoint,False,False,
component,physical-component:1d6d6490d6a511807561030466018f5537f7fb15a498c5e6ddec98ac30ecc29d,full,13655514B65296626482863,Setor de Gabv,True,True,disjoint,False,False,
component,physical-component:1d6d6490d6a511807561030466018f5537f7fb15a498c5e6ddec98ac30ecc29d,full,13655514B65471558325414,Setor de Xitole,True,True,disjoint,False,False,
component,physical-component:1d6d6490d6a511807561030466018f5537f7fb15a498c5e6ddec98ac30ecc29d,full,13655514B65726406107890,Setor de Gamamundo,True,True,disjoint,False,False,
component,physical-component:1d6d6490d6a511807561030466018f5537f7fb15a498c5e6ddec98ac30ecc29d,full,13655514B65757043009502,Setor de Safim,True,True,disjoint,False,False,
component,physical-component:1d6d6490d6a511807561030466018f5537f7fb15a498c5e6ddec98ac30ecc29d,full,13655514B66751603958816,Setor de Quinh,True,True,disjoint,False,False,
component,physical-component:1d6d6490d6a511807561030466018f5537f7fb15a498c5e6ddec98ac30ecc29d,full,13655514B71925291750028,Setor de Cacine,True,True,disjoint,False,False,
component,physical-component:1d6d6490d6a511807561030466018f5537f7fb15a498c5e6ddec98ac30ecc29d,full,13655514B76388735674013,Setor de Bigene,True,True,disjoint,False,False,
component,physical-component:1d6d6490d6a511807561030466018f5537f7fb15a498c5e6ddec98ac30ecc29d,full,13655514B77006902429960,Setor de Bolama,True,True,disjoint,False,False,
component,physical-component:1d6d6490d6a511807561030466018f5537f7fb15a498c5e6ddec98ac30ecc29d,full,13655514B8216177448850,Setor de Caiv,True,True,disjoint,False,False,
component,physical-component:1d6d6490d6a511807561030466018f5537f7fb15a498c5e6ddec98ac30ecc29d,full,13655514B91246233663569,Setor de Canghungo,True,True,disjoint,False,False,
component,physical-component:1d6d6490d6a511807561030466018f5537f7fb15a498c5e6ddec98ac30ecc29d,full,13655514B91994517778696,Setor de Sto Domingos,True,True,disjoint,False,False,
component,physical-component:1d6d6490d6a511807561030466018f5537f7fb15a498c5e6ddec98ac30ecc29d,full,13655514B9524670555472,Setor de Fulacunda,True,True,disjoint,False,False,
component,physical-component:1d6d6490d6a511807561030466018f5537f7fb15a498c5e6ddec98ac30ecc29d,full,13655514B95678269815128,Setor de Cacheu,True,True,disjoint,False,False,
component,physical-component:1d6d6490d6a511807561030466018f5537f7fb15a498c5e6ddec98ac30ecc29d,full,13655514B97576906537580,Setor de Pitche,True,True,disjoint,False,False,
component,physical-component:1d6d6490d6a511807561030466018f5537f7fb15a498c5e6ddec98ac30ecc29d,full,13655514B98496568253651,Setor de Bubaque,True,True,positive-area,False,False,component:physical-component:1d6d6490d6a511807561030466018f5537f7fb15a498c5e6ddec98ac30ecc29d|full:13655514B98496568253651
component,physical-component:1d6d6490d6a511807561030466018f5537f7fb15a498c5e6ddec98ac30ecc29d,full,13655514B99052541590952,Setor de Boe,True,True,disjoint,False,False,
component,physical-component:1d6d6490d6a511807561030466018f5537f7fb15a498c5e6ddec98ac30ecc29d,simplified,13655514B11561761851968,Setor de Bula,True,True,disjoint,False,False,
component,physical-component:1d6d6490d6a511807561030466018f5537f7fb15a498c5e6ddec98ac30ecc29d,simplified,13655514B12793543239296,Setor de Quebo,True,True,disjoint,False,False,
component,physical-component:1d6d6490d6a511807561030466018f5537f7fb15a498c5e6ddec98ac30ecc29d,simplified,13655514B15077734082289,Setor de Bafata,True,True,disjoint,False,False,
component,physical-component:1d6d6490d6a511807561030466018f5537f7fb15a498c5e6ddec98ac30ecc29d,simplified,13655514B15408487636665,Setor de Madina do Bo˒,True,True,disjoint,False,False,
component,physical-component:1d6d6490d6a511807561030466018f5537f7fb15a498c5e6ddec98ac30ecc29d,simplified,13655514B16168252486838,Setor de Pirada,True,True,disjoint,False,False,
component,physical-component:1d6d6490d6a511807561030466018f5537f7fb15a498c5e6ddec98ac30ecc29d,simplified,13655514B168355566476,Setor de Bambadinca,True,True,disjoint,False,False,
component,physical-component:1d6d6490d6a511807561030466018f5537f7fb15a498c5e6ddec98ac30ecc29d,simplified,13655514B24413703823033,Setor de Catie,True,True,disjoint,False,False,
component,physical-component:1d6d6490d6a511807561030466018f5537f7fb15a498c5e6ddec98ac30ecc29d,simplified,13655514B30693048438959,Setor de Empada,True,True,disjoint,False,False,
component,physical-component:1d6d6490d6a511807561030466018f5537f7fb15a498c5e6ddec98ac30ecc29d,simplified,13655514B31772276876031,Setor de Mansoa,True,True,disjoint,False,False,
component,physical-component:1d6d6490d6a511807561030466018f5537f7fb15a498c5e6ddec98ac30ecc29d,simplified,13655514B37452641895852,Setor de Buba,True,True,disjoint,False,False,
component,physical-component:1d6d6490d6a511807561030466018f5537f7fb15a498c5e6ddec98ac30ecc29d,simplified,13655514B37576476310465,Setor de Tite,True,True,disjoint,False,False,
component,physical-component:1d6d6490d6a511807561030466018f5537f7fb15a498c5e6ddec98ac30ecc29d,simplified,13655514B38974563194217,Bissau Autonomous Sector,True,True,disjoint,False,False,
component,physical-component:1d6d6490d6a511807561030466018f5537f7fb15a498c5e6ddec98ac30ecc29d,simplified,13655514B4319146558278,Setor de Galomaro,True,True,disjoint,False,False,
component,physical-component:1d6d6490d6a511807561030466018f5537f7fb15a498c5e6ddec98ac30ecc29d,simplified,13655514B44985576134462,Setor de Uno,True,True,disjoint,False,False,
component,physical-component:1d6d6490d6a511807561030466018f5537f7fb15a498c5e6ddec98ac30ecc29d,simplified,13655514B47112439721810,Setor de Nhacra,True,True,disjoint,False,False,
component,physical-component:1d6d6490d6a511807561030466018f5537f7fb15a498c5e6ddec98ac30ecc29d,simplified,13655514B47480576799194,Setor de Sonaco,True,True,disjoint,False,False,
component,physical-component:1d6d6490d6a511807561030466018f5537f7fb15a498c5e6ddec98ac30ecc29d,simplified,13655514B48763126228848,Setor de Bedanda,True,True,disjoint,False,False,
component,physical-component:1d6d6490d6a511807561030466018f5537f7fb15a498c5e6ddec98ac30ecc29d,simplified,13655514B49812801634354,Setor de Mansaba,True,True,disjoint,False,False,
component,physical-component:1d6d6490d6a511807561030466018f5537f7fb15a498c5e6ddec98ac30ecc29d,simplified,13655514B51179315853055,Contuboel,True,True,disjoint,False,False,
component,physical-component:1d6d6490d6a511807561030466018f5537f7fb15a498c5e6ddec98ac30ecc29d,simplified,13655514B53615250576563,Setor de Prabis,True,True,disjoint,False,False,
component,physical-component:1d6d6490d6a511807561030466018f5537f7fb15a498c5e6ddec98ac30ecc29d,simplified,13655514B57644193184055,Setor de Farim,True,True,disjoint,False,False,
component,physical-component:1d6d6490d6a511807561030466018f5537f7fb15a498c5e6ddec98ac30ecc29d,simplified,13655514B57740331915335,Setor de Bissora,True,True,disjoint,False,False,
component,physical-component:1d6d6490d6a511807561030466018f5537f7fb15a498c5e6ddec98ac30ecc29d,simplified,13655514B59106895169358,Setor de Caravela,True,True,disjoint,False,False,
component,physical-component:1d6d6490d6a511807561030466018f5537f7fb15a498c5e6ddec98ac30ecc29d,simplified,13655514B65296626482863,Setor de Gabv,True,True,disjoint,False,False,
component,physical-component:1d6d6490d6a511807561030466018f5537f7fb15a498c5e6ddec98ac30ecc29d,simplified,13655514B65471558325414,Setor de Xitole,True,True,disjoint,False,False,
component,physical-component:1d6d6490d6a511807561030466018f5537f7fb15a498c5e6ddec98ac30ecc29d,simplified,13655514B65726406107890,Setor de Gamamundo,True,True,disjoint,False,False,
component,physical-component:1d6d6490d6a511807561030466018f5537f7fb15a498c5e6ddec98ac30ecc29d,simplified,13655514B65757043009502,Setor de Safim,True,True,disjoint,False,False,
component,physical-component:1d6d6490d6a511807561030466018f5537f7fb15a498c5e6ddec98ac30ecc29d,simplified,13655514B66751603958816,Setor de Quinh,True,True,disjoint,False,False,
component,physical-component:1d6d6490d6a511807561030466018f5537f7fb15a498c5e6ddec98ac30ecc29d,simplified,13655514B71925291750028,Setor de Cacine,True,True,disjoint,False,False,
component,physical-component:1d6d6490d6a511807561030466018f5537f7fb15a498c5e6ddec98ac30ecc29d,simplified,13655514B76388735674013,Setor de Bigene,True,True,disjoint,False,False,
component,physical-component:1d6d6490d6a511807561030466018f5537f7fb15a498c5e6ddec98ac30ecc29d,simplified,13655514B77006902429960,Setor de Bolama,True,True,disjoint,False,False,
component,physical-component:1d6d6490d6a511807561030466018f5537f7fb15a498c5e6ddec98ac30ecc29d,simplified,13655514B8216177448850,Setor de Caiv,True,True,disjoint,False,False,
component,physical-component:1d6d6490d6a511807561030466018f5537f7fb15a498c5e6ddec98ac30ecc29d,simplified,13655514B91246233663569,Setor de Canghungo,True,True,disjoint,False,False,
component,physical-component:1d6d6490d6a511807561030466018f5537f7fb15a498c5e6ddec98ac30ecc29d,simplified,13655514B91994517778696,Setor de Sto Domingos,True,True,disjoint,False,False,
component,physical-component:1d6d6490d6a511807561030466018f5537f7fb15a498c5e6ddec98ac30ecc29d,simplified,13655514B9524670555472,Setor de Fulacunda,True,True,disjoint,False,False,
component,physical-component:1d6d6490d6a511807561030466018f5537f7fb15a498c5e6ddec98ac30ecc29d,simplified,13655514B95678269815128,Setor de Cacheu,True,True,disjoint,False,False,
component,physical-component:1d6d6490d6a511807561030466018f5537f7fb15a498c5e6ddec98ac30ecc29d,simplified,13655514B97576906537580,Setor de Pitche,True,True,disjoint,False,False,
component,physical-component:1d6d6490d6a511807561030466018f5537f7fb15a498c5e6ddec98ac30ecc29d,simplified,13655514B98496568253651,Setor de Bubaque,True,True,positive-area,False,False,component:physical-component:1d6d6490d6a511807561030466018f5537f7fb15a498c5e6ddec98ac30ecc29d|simplified:13655514B98496568253651
component,physical-component:1d6d6490d6a511807561030466018f5537f7fb15a498c5e6ddec98ac30ecc29d,simplified,13655514B99052541590952,Setor de Boe,True,True,disjoint,False,False,
component,physical-component:2300c0f7eb4801164896e12408f2943769d033756642f29876f9597d7e19d296,full,13655514B11561761851968,Setor de Bula,True,True,disjoint,False,False,
component,physical-component:2300c0f7eb4801164896e12408f2943769d033756642f29876f9597d7e19d296,full,13655514B12793543239296,Setor de Quebo,True,True,disjoint,False,False,
component,physical-component:2300c0f7eb4801164896e12408f2943769d033756642f29876f9597d7e19d296,full,13655514B15077734082289,Setor de Bafata,True,True,disjoint,False,False,
component,physical-component:2300c0f7eb4801164896e12408f2943769d033756642f29876f9597d7e19d296,full,13655514B15408487636665,Setor de Madina do Bo˒,True,True,disjoint,False,False,
component,physical-component:2300c0f7eb4801164896e12408f2943769d033756642f29876f9597d7e19d296,full,13655514B16168252486838,Setor de Pirada,True,True,disjoint,False,False,
component,physical-component:2300c0f7eb4801164896e12408f2943769d033756642f29876f9597d7e19d296,full,13655514B168355566476,Setor de Bambadinca,True,True,disjoint,False,False,
component,physical-component:2300c0f7eb4801164896e12408f2943769d033756642f29876f9597d7e19d296,full,13655514B24413703823033,Setor de Catie,True,True,disjoint,False,False,
component,physical-component:2300c0f7eb4801164896e12408f2943769d033756642f29876f9597d7e19d296,full,13655514B30693048438959,Setor de Empada,True,True,disjoint,False,False,
component,physical-component:2300c0f7eb4801164896e12408f2943769d033756642f29876f9597d7e19d296,full,13655514B31772276876031,Setor de Mansoa,True,True,disjoint,False,False,
component,physical-component:2300c0f7eb4801164896e12408f2943769d033756642f29876f9597d7e19d296,full,13655514B37452641895852,Setor de Buba,True,True,disjoint,False,False,
component,physical-component:2300c0f7eb4801164896e12408f2943769d033756642f29876f9597d7e19d296,full,13655514B37576476310465,Setor de Tite,True,True,disjoint,False,False,
component,physical-component:2300c0f7eb4801164896e12408f2943769d033756642f29876f9597d7e19d296,full,13655514B38974563194217,Bissau Autonomous Sector,True,True,disjoint,False,False,
component,physical-component:2300c0f7eb4801164896e12408f2943769d033756642f29876f9597d7e19d296,full,13655514B4319146558278,Setor de Galomaro,True,True,disjoint,False,False,
component,physical-component:2300c0f7eb4801164896e12408f2943769d033756642f29876f9597d7e19d296,full,13655514B44985576134462,Setor de Uno,True,True,disjoint,False,False,
component,physical-component:2300c0f7eb4801164896e12408f2943769d033756642f29876f9597d7e19d296,full,13655514B47112439721810,Setor de Nhacra,True,True,disjoint,False,False,
component,physical-component:2300c0f7eb4801164896e12408f2943769d033756642f29876f9597d7e19d296,full,13655514B47480576799194,Setor de Sonaco,True,True,disjoint,False,False,
component,physical-component:2300c0f7eb4801164896e12408f2943769d033756642f29876f9597d7e19d296,full,13655514B48763126228848,Setor de Bedanda,True,True,disjoint,False,False,
component,physical-component:2300c0f7eb4801164896e12408f2943769d033756642f29876f9597d7e19d296,full,13655514B49812801634354,Setor de Mansaba,True,True,disjoint,False,False,
component,physical-component:2300c0f7eb4801164896e12408f2943769d033756642f29876f9597d7e19d296,full,13655514B51179315853055,Contuboel,True,True,disjoint,False,False,
component,physical-component:2300c0f7eb4801164896e12408f2943769d033756642f29876f9597d7e19d296,full,13655514B53615250576563,Setor de Prabis,True,True,disjoint,False,False,
component,physical-component:2300c0f7eb4801164896e12408f2943769d033756642f29876f9597d7e19d296,full,13655514B57644193184055,Setor de Farim,True,True,disjoint,False,False,
component,physical-component:2300c0f7eb4801164896e12408f2943769d033756642f29876f9597d7e19d296,full,13655514B57740331915335,Setor de Bissora,True,True,disjoint,False,False,
component,physical-component:2300c0f7eb4801164896e12408f2943769d033756642f29876f9597d7e19d296,full,13655514B59106895169358,Setor de Caravela,True,True,disjoint,False,False,
component,physical-component:2300c0f7eb4801164896e12408f2943769d033756642f29876f9597d7e19d296,full,13655514B65296626482863,Setor de Gabv,True,True,disjoint,False,False,
component,physical-component:2300c0f7eb4801164896e12408f2943769d033756642f29876f9597d7e19d296,full,13655514B65471558325414,Setor de Xitole,True,True,disjoint,False,False,
component,physical-component:2300c0f7eb4801164896e12408f2943769d033756642f29876f9597d7e19d296,full,13655514B65726406107890,Setor de Gamamundo,True,True,disjoint,False,False,
component,physical-component:2300c0f7eb4801164896e12408f2943769d033756642f29876f9597d7e19d296,full,13655514B65757043009502,Setor de Safim,True,True,disjoint,False,False,
component,physical-component:2300c0f7eb4801164896e12408f2943769d033756642f29876f9597d7e19d296,full,13655514B66751603958816,Setor de Quinh,True,True,disjoint,False,False,
component,physical-component:2300c0f7eb4801164896e12408f2943769d033756642f29876f9597d7e19d296,full,13655514B71925291750028,Setor de Cacine,True,True,disjoint,False,False,
component,physical-component:2300c0f7eb4801164896e12408f2943769d033756642f29876f9597d7e19d296,full,13655514B76388735674013,Setor de Bigene,True,True,disjoint,False,False,
component,physical-component:2300c0f7eb4801164896e12408f2943769d033756642f29876f9597d7e19d296,full,13655514B77006902429960,Setor de Bolama,True,True,disjoint,False,False,
component,physical-component:2300c0f7eb4801164896e12408f2943769d033756642f29876f9597d7e19d296,full,13655514B8216177448850,Setor de Caiv,True,True,disjoint,False,False,
component,physical-component:2300c0f7eb4801164896e12408f2943769d033756642f29876f9597d7e19d296,full,13655514B91246233663569,Setor de Canghungo,True,True,disjoint,False,False,
component,physical-component:2300c0f7eb4801164896e12408f2943769d033756642f29876f9597d7e19d296,full,13655514B91994517778696,Setor de Sto Domingos,True,True,disjoint,False,False,
component,physical-component:2300c0f7eb4801164896e12408f2943769d033756642f29876f9597d7e19d296,full,13655514B9524670555472,Setor de Fulacunda,True,True,disjoint,False,False,
component,physical-component:2300c0f7eb4801164896e12408f2943769d033756642f29876f9597d7e19d296,full,13655514B95678269815128,Setor de Cacheu,True,True,disjoint,False,False,
component,physical-component:2300c0f7eb4801164896e12408f2943769d033756642f29876f9597d7e19d296,full,13655514B97576906537580,Setor de Pitche,True,True,disjoint,False,False,
component,physical-component:2300c0f7eb4801164896e12408f2943769d033756642f29876f9597d7e19d296,full,13655514B98496568253651,Setor de Bubaque,True,True,positive-area,False,False,component:physical-component:2300c0f7eb4801164896e12408f2943769d033756642f29876f9597d7e19d296|full:13655514B98496568253651
component,physical-component:2300c0f7eb4801164896e12408f2943769d033756642f29876f9597d7e19d296,full,13655514B99052541590952,Setor de Boe,True,True,disjoint,False,False,
component,physical-component:2300c0f7eb4801164896e12408f2943769d033756642f29876f9597d7e19d296,simplified,13655514B11561761851968,Setor de Bula,True,True,disjoint,False,False,
component,physical-component:2300c0f7eb4801164896e12408f2943769d033756642f29876f9597d7e19d296,simplified,13655514B12793543239296,Setor de Quebo,True,True,disjoint,False,False,
component,physical-component:2300c0f7eb4801164896e12408f2943769d033756642f29876f9597d7e19d296,simplified,13655514B15077734082289,Setor de Bafata,True,True,disjoint,False,False,
component,physical-component:2300c0f7eb4801164896e12408f2943769d033756642f29876f9597d7e19d296,simplified,13655514B15408487636665,Setor de Madina do Bo˒,True,True,disjoint,False,False,
component,physical-component:2300c0f7eb4801164896e12408f2943769d033756642f29876f9597d7e19d296,simplified,13655514B16168252486838,Setor de Pirada,True,True,disjoint,False,False,
component,physical-component:2300c0f7eb4801164896e12408f2943769d033756642f29876f9597d7e19d296,simplified,13655514B168355566476,Setor de Bambadinca,True,True,disjoint,False,False,
component,physical-component:2300c0f7eb4801164896e12408f2943769d033756642f29876f9597d7e19d296,simplified,13655514B24413703823033,Setor de Catie,True,True,disjoint,False,False,
component,physical-component:2300c0f7eb4801164896e12408f2943769d033756642f29876f9597d7e19d296,simplified,13655514B30693048438959,Setor de Empada,True,True,disjoint,False,False,
component,physical-component:2300c0f7eb4801164896e12408f2943769d033756642f29876f9597d7e19d296,simplified,13655514B31772276876031,Setor de Mansoa,True,True,disjoint,False,False,
component,physical-component:2300c0f7eb4801164896e12408f2943769d033756642f29876f9597d7e19d296,simplified,13655514B37452641895852,Setor de Buba,True,True,disjoint,False,False,
component,physical-component:2300c0f7eb4801164896e12408f2943769d033756642f29876f9597d7e19d296,simplified,13655514B37576476310465,Setor de Tite,True,True,disjoint,False,False,
component,physical-component:2300c0f7eb4801164896e12408f2943769d033756642f29876f9597d7e19d296,simplified,13655514B38974563194217,Bissau Autonomous Sector,True,True,disjoint,False,False,
component,physical-component:2300c0f7eb4801164896e12408f2943769d033756642f29876f9597d7e19d296,simplified,13655514B4319146558278,Setor de Galomaro,True,True,disjoint,False,False,
component,physical-component:2300c0f7eb4801164896e12408f2943769d033756642f29876f9597d7e19d296,simplified,13655514B44985576134462,Setor de Uno,True,True,disjoint,False,False,
component,physical-component:2300c0f7eb4801164896e12408f2943769d033756642f29876f9597d7e19d296,simplified,13655514B47112439721810,Setor de Nhacra,True,True,disjoint,False,False,
component,physical-component:2300c0f7eb4801164896e12408f2943769d033756642f29876f9597d7e19d296,simplified,13655514B47480576799194,Setor de Sonaco,True,True,disjoint,False,False,
component,physical-component:2300c0f7eb4801164896e12408f2943769d033756642f29876f9597d7e19d296,simplified,13655514B48763126228848,Setor de Bedanda,True,True,disjoint,False,False,
component,physical-component:2300c0f7eb4801164896e12408f2943769d033756642f29876f9597d7e19d296,simplified,13655514B49812801634354,Setor de Mansaba,True,True,disjoint,False,False,
component,physical-component:2300c0f7eb4801164896e12408f2943769d033756642f29876f9597d7e19d296,simplified,13655514B51179315853055,Contuboel,True,True,disjoint,False,False,
component,physical-component:2300c0f7eb4801164896e12408f2943769d033756642f29876f9597d7e19d296,simplified,13655514B53615250576563,Setor de Prabis,True,True,disjoint,False,False,
component,physical-component:2300c0f7eb4801164896e12408f2943769d033756642f29876f9597d7e19d296,simplified,13655514B57644193184055,Setor de Farim,True,True,disjoint,False,False,
component,physical-component:2300c0f7eb4801164896e12408f2943769d033756642f29876f9597d7e19d296,simplified,13655514B57740331915335,Setor de Bissora,True,True,disjoint,False,False,
component,physical-component:2300c0f7eb4801164896e12408f2943769d033756642f29876f9597d7e19d296,simplified,13655514B59106895169358,Setor de Caravela,True,True,disjoint,False,False,
component,physical-component:2300c0f7eb4801164896e12408f2943769d033756642f29876f9597d7e19d296,simplified,13655514B65296626482863,Setor de Gabv,True,True,disjoint,False,False,
component,physical-component:2300c0f7eb4801164896e12408f2943769d033756642f29876f9597d7e19d296,simplified,13655514B65471558325414,Setor de Xitole,True,True,disjoint,False,False,
component,physical-component:2300c0f7eb4801164896e12408f2943769d033756642f29876f9597d7e19d296,simplified,13655514B65726406107890,Setor de Gamamundo,True,True,disjoint,False,False,
component,physical-component:2300c0f7eb4801164896e12408f2943769d033756642f29876f9597d7e19d296,simplified,13655514B65757043009502,Setor de Safim,True,True,disjoint,False,False,
component,physical-component:2300c0f7eb4801164896e12408f2943769d033756642f29876f9597d7e19d296,simplified,13655514B66751603958816,Setor de Quinh,True,True,disjoint,False,False,
component,physical-component:2300c0f7eb4801164896e12408f2943769d033756642f29876f9597d7e19d296,simplified,13655514B71925291750028,Setor de Cacine,True,True,disjoint,False,False,
component,physical-component:2300c0f7eb4801164896e12408f2943769d033756642f29876f9597d7e19d296,simplified,13655514B76388735674013,Setor de Bigene,True,True,disjoint,False,False,
component,physical-component:2300c0f7eb4801164896e12408f2943769d033756642f29876f9597d7e19d296,simplified,13655514B77006902429960,Setor de Bolama,True,True,disjoint,False,False,
component,physical-component:2300c0f7eb4801164896e12408f2943769d033756642f29876f9597d7e19d296,simplified,13655514B8216177448850,Setor de Caiv,True,True,disjoint,False,False,
component,physical-component:2300c0f7eb4801164896e12408f2943769d033756642f29876f9597d7e19d296,simplified,13655514B91246233663569,Setor de Canghungo,True,True,disjoint,False,False,
component,physical-component:2300c0f7eb4801164896e12408f2943769d033756642f29876f9597d7e19d296,simplified,13655514B91994517778696,Setor de Sto Domingos,True,True,disjoint,False,False,
component,physical-component:2300c0f7eb4801164896e12408f2943769d033756642f29876f9597d7e19d296,simplified,13655514B9524670555472,Setor de Fulacunda,True,True,disjoint,False,False,
component,physical-component:2300c0f7eb4801164896e12408f2943769d033756642f29876f9597d7e19d296,simplified,13655514B95678269815128,Setor de Cacheu,True,True,disjoint,False,False,
component,physical-component:2300c0f7eb4801164896e12408f2943769d033756642f29876f9597d7e19d296,simplified,13655514B97576906537580,Setor de Pitche,True,True,disjoint,False,False,
component,physical-component:2300c0f7eb4801164896e12408f2943769d033756642f29876f9597d7e19d296,simplified,13655514B98496568253651,Setor de Bubaque,True,True,positive-area,False,False,component:physical-component:2300c0f7eb4801164896e12408f2943769d033756642f29876f9597d7e19d296|simplified:13655514B98496568253651
component,physical-component:2300c0f7eb4801164896e12408f2943769d033756642f29876f9597d7e19d296,simplified,13655514B99052541590952,Setor de Boe,True,True,disjoint,False,False,
component,physical-component:29aa1d69b9152a28ae0363b632e93a496b626519d074020784de8bd005c55533,full,13655514B11561761851968,Setor de Bula,True,True,disjoint,False,False,
component,physical-component:29aa1d69b9152a28ae0363b632e93a496b626519d074020784de8bd005c55533,full,13655514B12793543239296,Setor de Quebo,True,True,disjoint,False,False,
component,physical-component:29aa1d69b9152a28ae0363b632e93a496b626519d074020784de8bd005c55533,full,13655514B15077734082289,Setor de Bafata,True,True,disjoint,False,False,
component,physical-component:29aa1d69b9152a28ae0363b632e93a496b626519d074020784de8bd005c55533,full,13655514B15408487636665,Setor de Madina do Bo˒,True,True,disjoint,False,False,
component,physical-component:29aa1d69b9152a28ae0363b632e93a496b626519d074020784de8bd005c55533,full,13655514B16168252486838,Setor de Pirada,True,True,disjoint,False,False,
component,physical-component:29aa1d69b9152a28ae0363b632e93a496b626519d074020784de8bd005c55533,full,13655514B168355566476,Setor de Bambadinca,True,True,disjoint,False,False,
component,physical-component:29aa1d69b9152a28ae0363b632e93a496b626519d074020784de8bd005c55533,full,13655514B24413703823033,Setor de Catie,True,True,disjoint,False,False,
component,physical-component:29aa1d69b9152a28ae0363b632e93a496b626519d074020784de8bd005c55533,full,13655514B30693048438959,Setor de Empada,True,True,disjoint,False,False,
component,physical-component:29aa1d69b9152a28ae0363b632e93a496b626519d074020784de8bd005c55533,full,13655514B31772276876031,Setor de Mansoa,True,True,disjoint,False,False,
component,physical-component:29aa1d69b9152a28ae0363b632e93a496b626519d074020784de8bd005c55533,full,13655514B37452641895852,Setor de Buba,True,True,disjoint,False,False,
component,physical-component:29aa1d69b9152a28ae0363b632e93a496b626519d074020784de8bd005c55533,full,13655514B37576476310465,Setor de Tite,True,True,disjoint,False,False,
component,physical-component:29aa1d69b9152a28ae0363b632e93a496b626519d074020784de8bd005c55533,full,13655514B38974563194217,Bissau Autonomous Sector,True,True,disjoint,False,False,
component,physical-component:29aa1d69b9152a28ae0363b632e93a496b626519d074020784de8bd005c55533,full,13655514B4319146558278,Setor de Galomaro,True,True,disjoint,False,False,
component,physical-component:29aa1d69b9152a28ae0363b632e93a496b626519d074020784de8bd005c55533,full,13655514B44985576134462,Setor de Uno,True,True,disjoint,False,False,
component,physical-component:29aa1d69b9152a28ae0363b632e93a496b626519d074020784de8bd005c55533,full,13655514B47112439721810,Setor de Nhacra,True,True,disjoint,False,False,
component,physical-component:29aa1d69b9152a28ae0363b632e93a496b626519d074020784de8bd005c55533,full,13655514B47480576799194,Setor de Sonaco,True,True,disjoint,False,False,
component,physical-component:29aa1d69b9152a28ae0363b632e93a496b626519d074020784de8bd005c55533,full,13655514B48763126228848,Setor de Bedanda,True,True,disjoint,False,False,
component,physical-component:29aa1d69b9152a28ae0363b632e93a496b626519d074020784de8bd005c55533,full,13655514B49812801634354,Setor de Mansaba,True,True,disjoint,False,False,
component,physical-component:29aa1d69b9152a28ae0363b632e93a496b626519d074020784de8bd005c55533,full,13655514B51179315853055,Contuboel,True,True,disjoint,False,False,
component,physical-component:29aa1d69b9152a28ae0363b632e93a496b626519d074020784de8bd005c55533,full,13655514B53615250576563,Setor de Prabis,True,True,disjoint,False,False,
component,physical-component:29aa1d69b9152a28ae0363b632e93a496b626519d074020784de8bd005c55533,full,13655514B57644193184055,Setor de Farim,True,True,disjoint,False,False,
component,physical-component:29aa1d69b9152a28ae0363b632e93a496b626519d074020784de8bd005c55533,full,13655514B57740331915335,Setor de Bissora,True,True,disjoint,False,False,
component,physical-component:29aa1d69b9152a28ae0363b632e93a496b626519d074020784de8bd005c55533,full,13655514B59106895169358,Setor de Caravela,True,True,positive-area,False,False,component:physical-component:29aa1d69b9152a28ae0363b632e93a496b626519d074020784de8bd005c55533|full:13655514B59106895169358
component,physical-component:29aa1d69b9152a28ae0363b632e93a496b626519d074020784de8bd005c55533,full,13655514B65296626482863,Setor de Gabv,True,True,disjoint,False,False,
component,physical-component:29aa1d69b9152a28ae0363b632e93a496b626519d074020784de8bd005c55533,full,13655514B65471558325414,Setor de Xitole,True,True,disjoint,False,False,
component,physical-component:29aa1d69b9152a28ae0363b632e93a496b626519d074020784de8bd005c55533,full,13655514B65726406107890,Setor de Gamamundo,True,True,disjoint,False,False,
component,physical-component:29aa1d69b9152a28ae0363b632e93a496b626519d074020784de8bd005c55533,full,13655514B65757043009502,Setor de Safim,True,True,disjoint,False,False,
component,physical-component:29aa1d69b9152a28ae0363b632e93a496b626519d074020784de8bd005c55533,full,13655514B66751603958816,Setor de Quinh,True,True,disjoint,False,False,
component,physical-component:29aa1d69b9152a28ae0363b632e93a496b626519d074020784de8bd005c55533,full,13655514B71925291750028,Setor de Cacine,True,True,disjoint,False,False,
component,physical-component:29aa1d69b9152a28ae0363b632e93a496b626519d074020784de8bd005c55533,full,13655514B76388735674013,Setor de Bigene,True,True,disjoint,False,False,
component,physical-component:29aa1d69b9152a28ae0363b632e93a496b626519d074020784de8bd005c55533,full,13655514B77006902429960,Setor de Bolama,True,True,disjoint,False,False,
component,physical-component:29aa1d69b9152a28ae0363b632e93a496b626519d074020784de8bd005c55533,full,13655514B8216177448850,Setor de Caiv,True,True,disjoint,False,False,
component,physical-component:29aa1d69b9152a28ae0363b632e93a496b626519d074020784de8bd005c55533,full,13655514B91246233663569,Setor de Canghungo,True,True,disjoint,False,False,
component,physical-component:29aa1d69b9152a28ae0363b632e93a496b626519d074020784de8bd005c55533,full,13655514B91994517778696,Setor de Sto Domingos,True,True,disjoint,False,False,
component,physical-component:29aa1d69b9152a28ae0363b632e93a496b626519d074020784de8bd005c55533,full,13655514B9524670555472,Setor de Fulacunda,True,True,disjoint,False,False,
component,physical-component:29aa1d69b9152a28ae0363b632e93a496b626519d074020784de8bd005c55533,full,13655514B95678269815128,Setor de Cacheu,True,True,disjoint,False,False,
component,physical-component:29aa1d69b9152a28ae0363b632e93a496b626519d074020784de8bd005c55533,full,13655514B97576906537580,Setor de Pitche,True,True,disjoint,False,False,
component,physical-component:29aa1d69b9152a28ae0363b632e93a496b626519d074020784de8bd005c55533,full,13655514B98496568253651,Setor de Bubaque,True,True,disjoint,False,False,
component,physical-component:29aa1d69b9152a28ae0363b632e93a496b626519d074020784de8bd005c55533,full,13655514B99052541590952,Setor de Boe,True,True,disjoint,False,False,
component,physical-component:29aa1d69b9152a28ae0363b632e93a496b626519d074020784de8bd005c55533,simplified,13655514B11561761851968,Setor de Bula,True,True,disjoint,False,False,
component,physical-component:29aa1d69b9152a28ae0363b632e93a496b626519d074020784de8bd005c55533,simplified,13655514B12793543239296,Setor de Quebo,True,True,disjoint,False,False,
component,physical-component:29aa1d69b9152a28ae0363b632e93a496b626519d074020784de8bd005c55533,simplified,13655514B15077734082289,Setor de Bafata,True,True,disjoint,False,False,
component,physical-component:29aa1d69b9152a28ae0363b632e93a496b626519d074020784de8bd005c55533,simplified,13655514B15408487636665,Setor de Madina do Bo˒,True,True,disjoint,False,False,
component,physical-component:29aa1d69b9152a28ae0363b632e93a496b626519d074020784de8bd005c55533,simplified,13655514B16168252486838,Setor de Pirada,True,True,disjoint,False,False,
component,physical-component:29aa1d69b9152a28ae0363b632e93a496b626519d074020784de8bd005c55533,simplified,13655514B168355566476,Setor de Bambadinca,True,True,disjoint,False,False,
component,physical-component:29aa1d69b9152a28ae0363b632e93a496b626519d074020784de8bd005c55533,simplified,13655514B24413703823033,Setor de Catie,True,True,disjoint,False,False,
component,physical-component:29aa1d69b9152a28ae0363b632e93a496b626519d074020784de8bd005c55533,simplified,13655514B30693048438959,Setor de Empada,True,True,disjoint,False,False,
component,physical-component:29aa1d69b9152a28ae0363b632e93a496b626519d074020784de8bd005c55533,simplified,13655514B31772276876031,Setor de Mansoa,True,True,disjoint,False,False,
component,physical-component:29aa1d69b9152a28ae0363b632e93a496b626519d074020784de8bd005c55533,simplified,13655514B37452641895852,Setor de Buba,True,True,disjoint,False,False,
component,physical-component:29aa1d69b9152a28ae0363b632e93a496b626519d074020784de8bd005c55533,simplified,13655514B37576476310465,Setor de Tite,True,True,disjoint,False,False,
component,physical-component:29aa1d69b9152a28ae0363b632e93a496b626519d074020784de8bd005c55533,simplified,13655514B38974563194217,Bissau Autonomous Sector,True,True,disjoint,False,False,
component,physical-component:29aa1d69b9152a28ae0363b632e93a496b626519d074020784de8bd005c55533,simplified,13655514B4319146558278,Setor de Galomaro,True,True,disjoint,False,False,
component,physical-component:29aa1d69b9152a28ae0363b632e93a496b626519d074020784de8bd005c55533,simplified,13655514B44985576134462,Setor de Uno,True,True,disjoint,False,False,
component,physical-component:29aa1d69b9152a28ae0363b632e93a496b626519d074020784de8bd005c55533,simplified,13655514B47112439721810,Setor de Nhacra,True,True,disjoint,False,False,
component,physical-component:29aa1d69b9152a28ae0363b632e93a496b626519d074020784de8bd005c55533,simplified,13655514B47480576799194,Setor de Sonaco,True,True,disjoint,False,False,
component,physical-component:29aa1d69b9152a28ae0363b632e93a496b626519d074020784de8bd005c55533,simplified,13655514B48763126228848,Setor de Bedanda,True,True,disjoint,False,False,
component,physical-component:29aa1d69b9152a28ae0363b632e93a496b626519d074020784de8bd005c55533,simplified,13655514B49812801634354,Setor de Mansaba,True,True,disjoint,False,False,
component,physical-component:29aa1d69b9152a28ae0363b632e93a496b626519d074020784de8bd005c55533,simplified,13655514B51179315853055,Contuboel,True,True,disjoint,False,False,
component,physical-component:29aa1d69b9152a28ae0363b632e93a496b626519d074020784de8bd005c55533,simplified,13655514B53615250576563,Setor de Prabis,True,True,disjoint,False,False,
component,physical-component:29aa1d69b9152a28ae0363b632e93a496b626519d074020784de8bd005c55533,simplified,13655514B57644193184055,Setor de Farim,True,True,disjoint,False,False,
component,physical-component:29aa1d69b9152a28ae0363b632e93a496b626519d074020784de8bd005c55533,simplified,13655514B57740331915335,Setor de Bissora,True,True,disjoint,False,False,
component,physical-component:29aa1d69b9152a28ae0363b632e93a496b626519d074020784de8bd005c55533,simplified,13655514B59106895169358,Setor de Caravela,True,True,positive-area,False,False,component:physical-component:29aa1d69b9152a28ae0363b632e93a496b626519d074020784de8bd005c55533|simplified:13655514B59106895169358
component,physical-component:29aa1d69b9152a28ae0363b632e93a496b626519d074020784de8bd005c55533,simplified,13655514B65296626482863,Setor de Gabv,True,True,disjoint,False,False,
component,physical-component:29aa1d69b9152a28ae0363b632e93a496b626519d074020784de8bd005c55533,simplified,13655514B65471558325414,Setor de Xitole,True,True,disjoint,False,False,
component,physical-component:29aa1d69b9152a28ae0363b632e93a496b626519d074020784de8bd005c55533,simplified,13655514B65726406107890,Setor de Gamamundo,True,True,disjoint,False,False,
component,physical-component:29aa1d69b9152a28ae0363b632e93a496b626519d074020784de8bd005c55533,simplified,13655514B65757043009502,Setor de Safim,True,True,disjoint,False,False,
component,physical-component:29aa1d69b9152a28ae0363b632e93a496b626519d074020784de8bd005c55533,simplified,13655514B66751603958816,Setor de Quinh,True,True,disjoint,False,False,
component,physical-component:29aa1d69b9152a28ae0363b632e93a496b626519d074020784de8bd005c55533,simplified,13655514B71925291750028,Setor de Cacine,True,True,disjoint,False,False,
component,physical-component:29aa1d69b9152a28ae0363b632e93a496b626519d074020784de8bd005c55533,simplified,13655514B76388735674013,Setor de Bigene,True,True,disjoint,False,False,
component,physical-component:29aa1d69b9152a28ae0363b632e93a496b626519d074020784de8bd005c55533,simplified,13655514B77006902429960,Setor de Bolama,True,True,disjoint,False,False,
component,physical-component:29aa1d69b9152a28ae0363b632e93a496b626519d074020784de8bd005c55533,simplified,13655514B8216177448850,Setor de Caiv,True,True,disjoint,False,False,
component,physical-component:29aa1d69b9152a28ae0363b632e93a496b626519d074020784de8bd005c55533,simplified,13655514B91246233663569,Setor de Canghungo,True,True,disjoint,False,False,
component,physical-component:29aa1d69b9152a28ae0363b632e93a496b626519d074020784de8bd005c55533,simplified,13655514B91994517778696,Setor de Sto Domingos,True,True,disjoint,False,False,
component,physical-component:29aa1d69b9152a28ae0363b632e93a496b626519d074020784de8bd005c55533,simplified,13655514B9524670555472,Setor de Fulacunda,True,True,disjoint,False,False,
component,physical-component:29aa1d69b9152a28ae0363b632e93a496b626519d074020784de8bd005c55533,simplified,13655514B95678269815128,Setor de Cacheu,True,True,disjoint,False,False,
component,physical-component:29aa1d69b9152a28ae0363b632e93a496b626519d074020784de8bd005c55533,simplified,13655514B97576906537580,Setor de Pitche,True,True,disjoint,False,False,
component,physical-component:29aa1d69b9152a28ae0363b632e93a496b626519d074020784de8bd005c55533,simplified,13655514B98496568253651,Setor de Bubaque,True,True,disjoint,False,False,
component,physical-component:29aa1d69b9152a28ae0363b632e93a496b626519d074020784de8bd005c55533,simplified,13655514B99052541590952,Setor de Boe,True,True,disjoint,False,False,
component,physical-component:2aec11fd7c49e5675b8bc3edf59b03fdbdfc2dad2f290494d7be04b75ef4e082,full,13655514B11561761851968,Setor de Bula,True,True,disjoint,False,False,
component,physical-component:2aec11fd7c49e5675b8bc3edf59b03fdbdfc2dad2f290494d7be04b75ef4e082,full,13655514B12793543239296,Setor de Quebo,True,True,disjoint,False,False,
component,physical-component:2aec11fd7c49e5675b8bc3edf59b03fdbdfc2dad2f290494d7be04b75ef4e082,full,13655514B15077734082289,Setor de Bafata,True,True,disjoint,False,False,
component,physical-component:2aec11fd7c49e5675b8bc3edf59b03fdbdfc2dad2f290494d7be04b75ef4e082,full,13655514B15408487636665,Setor de Madina do Bo˒,True,True,disjoint,False,False,
component,physical-component:2aec11fd7c49e5675b8bc3edf59b03fdbdfc2dad2f290494d7be04b75ef4e082,full,13655514B16168252486838,Setor de Pirada,True,True,disjoint,False,False,
component,physical-component:2aec11fd7c49e5675b8bc3edf59b03fdbdfc2dad2f290494d7be04b75ef4e082,full,13655514B168355566476,Setor de Bambadinca,True,True,disjoint,False,False,
component,physical-component:2aec11fd7c49e5675b8bc3edf59b03fdbdfc2dad2f290494d7be04b75ef4e082,full,13655514B24413703823033,Setor de Catie,True,True,disjoint,False,False,
component,physical-component:2aec11fd7c49e5675b8bc3edf59b03fdbdfc2dad2f290494d7be04b75ef4e082,full,13655514B30693048438959,Setor de Empada,True,True,disjoint,False,False,
component,physical-component:2aec11fd7c49e5675b8bc3edf59b03fdbdfc2dad2f290494d7be04b75ef4e082,full,13655514B31772276876031,Setor de Mansoa,True,True,disjoint,False,False,
component,physical-component:2aec11fd7c49e5675b8bc3edf59b03fdbdfc2dad2f290494d7be04b75ef4e082,full,13655514B37452641895852,Setor de Buba,True,True,disjoint,False,False,
component,physical-component:2aec11fd7c49e5675b8bc3edf59b03fdbdfc2dad2f290494d7be04b75ef4e082,full,13655514B37576476310465,Setor de Tite,True,True,disjoint,False,False,
component,physical-component:2aec11fd7c49e5675b8bc3edf59b03fdbdfc2dad2f290494d7be04b75ef4e082,full,13655514B38974563194217,Bissau Autonomous Sector,True,True,disjoint,False,False,
component,physical-component:2aec11fd7c49e5675b8bc3edf59b03fdbdfc2dad2f290494d7be04b75ef4e082,full,13655514B4319146558278,Setor de Galomaro,True,True,disjoint,False,False,
component,physical-component:2aec11fd7c49e5675b8bc3edf59b03fdbdfc2dad2f290494d7be04b75ef4e082,full,13655514B44985576134462,Setor de Uno,True,True,disjoint,False,False,
component,physical-component:2aec11fd7c49e5675b8bc3edf59b03fdbdfc2dad2f290494d7be04b75ef4e082,full,13655514B47112439721810,Setor de Nhacra,True,True,disjoint,False,False,
component,physical-component:2aec11fd7c49e5675b8bc3edf59b03fdbdfc2dad2f290494d7be04b75ef4e082,full,13655514B47480576799194,Setor de Sonaco,True,True,disjoint,False,False,
component,physical-component:2aec11fd7c49e5675b8bc3edf59b03fdbdfc2dad2f290494d7be04b75ef4e082,full,13655514B48763126228848,Setor de Bedanda,True,True,disjoint,False,False,
component,physical-component:2aec11fd7c49e5675b8bc3edf59b03fdbdfc2dad2f290494d7be04b75ef4e082,full,13655514B49812801634354,Setor de Mansaba,True,True,disjoint,False,False,
component,physical-component:2aec11fd7c49e5675b8bc3edf59b03fdbdfc2dad2f290494d7be04b75ef4e082,full,13655514B51179315853055,Contuboel,True,True,disjoint,False,False,
component,physical-component:2aec11fd7c49e5675b8bc3edf59b03fdbdfc2dad2f290494d7be04b75ef4e082,full,13655514B53615250576563,Setor de Prabis,True,True,disjoint,False,False,
component,physical-component:2aec11fd7c49e5675b8bc3edf59b03fdbdfc2dad2f290494d7be04b75ef4e082,full,13655514B57644193184055,Setor de Farim,True,True,disjoint,False,False,
component,physical-component:2aec11fd7c49e5675b8bc3edf59b03fdbdfc2dad2f290494d7be04b75ef4e082,full,13655514B57740331915335,Setor de Bissora,True,True,disjoint,False,False,
component,physical-component:2aec11fd7c49e5675b8bc3edf59b03fdbdfc2dad2f290494d7be04b75ef4e082,full,13655514B59106895169358,Setor de Caravela,True,True,positive-area,False,False,component:physical-component:2aec11fd7c49e5675b8bc3edf59b03fdbdfc2dad2f290494d7be04b75ef4e082|full:13655514B59106895169358
component,physical-component:2aec11fd7c49e5675b8bc3edf59b03fdbdfc2dad2f290494d7be04b75ef4e082,full,13655514B65296626482863,Setor de Gabv,True,True,disjoint,False,False,
component,physical-component:2aec11fd7c49e5675b8bc3edf59b03fdbdfc2dad2f290494d7be04b75ef4e082,full,13655514B65471558325414,Setor de Xitole,True,True,disjoint,False,False,
component,physical-component:2aec11fd7c49e5675b8bc3edf59b03fdbdfc2dad2f290494d7be04b75ef4e082,full,13655514B65726406107890,Setor de Gamamundo,True,True,disjoint,False,False,
component,physical-component:2aec11fd7c49e5675b8bc3edf59b03fdbdfc2dad2f290494d7be04b75ef4e082,full,13655514B65757043009502,Setor de Safim,True,True,disjoint,False,False,
component,physical-component:2aec11fd7c49e5675b8bc3edf59b03fdbdfc2dad2f290494d7be04b75ef4e082,full,13655514B66751603958816,Setor de Quinh,True,True,disjoint,False,False,
component,physical-component:2aec11fd7c49e5675b8bc3edf59b03fdbdfc2dad2f290494d7be04b75ef4e082,full,13655514B71925291750028,Setor de Cacine,True,True,disjoint,False,False,
component,physical-component:2aec11fd7c49e5675b8bc3edf59b03fdbdfc2dad2f290494d7be04b75ef4e082,full,13655514B76388735674013,Setor de Bigene,True,True,disjoint,False,False,
component,physical-component:2aec11fd7c49e5675b8bc3edf59b03fdbdfc2dad2f290494d7be04b75ef4e082,full,13655514B77006902429960,Setor de Bolama,True,True,disjoint,False,False,
component,physical-component:2aec11fd7c49e5675b8bc3edf59b03fdbdfc2dad2f290494d7be04b75ef4e082,full,13655514B8216177448850,Setor de Caiv,True,True,disjoint,False,False,
component,physical-component:2aec11fd7c49e5675b8bc3edf59b03fdbdfc2dad2f290494d7be04b75ef4e082,full,13655514B91246233663569,Setor de Canghungo,True,True,disjoint,False,False,
component,physical-component:2aec11fd7c49e5675b8bc3edf59b03fdbdfc2dad2f290494d7be04b75ef4e082,full,13655514B91994517778696,Setor de Sto Domingos,True,True,disjoint,False,False,
component,physical-component:2aec11fd7c49e5675b8bc3edf59b03fdbdfc2dad2f290494d7be04b75ef4e082,full,13655514B9524670555472,Setor de Fulacunda,True,True,disjoint,False,False,
component,physical-component:2aec11fd7c49e5675b8bc3edf59b03fdbdfc2dad2f290494d7be04b75ef4e082,full,13655514B95678269815128,Setor de Cacheu,True,True,disjoint,False,False,
component,physical-component:2aec11fd7c49e5675b8bc3edf59b03fdbdfc2dad2f290494d7be04b75ef4e082,full,13655514B97576906537580,Setor de Pitche,True,True,disjoint,False,False,
component,physical-component:2aec11fd7c49e5675b8bc3edf59b03fdbdfc2dad2f290494d7be04b75ef4e082,full,13655514B98496568253651,Setor de Bubaque,True,True,disjoint,False,False,
component,physical-component:2aec11fd7c49e5675b8bc3edf59b03fdbdfc2dad2f290494d7be04b75ef4e082,full,13655514B99052541590952,Setor de Boe,True,True,disjoint,False,False,
component,physical-component:2aec11fd7c49e5675b8bc3edf59b03fdbdfc2dad2f290494d7be04b75ef4e082,simplified,13655514B11561761851968,Setor de Bula,True,True,disjoint,False,False,
component,physical-component:2aec11fd7c49e5675b8bc3edf59b03fdbdfc2dad2f290494d7be04b75ef4e082,simplified,13655514B12793543239296,Setor de Quebo,True,True,disjoint,False,False,
component,physical-component:2aec11fd7c49e5675b8bc3edf59b03fdbdfc2dad2f290494d7be04b75ef4e082,simplified,13655514B15077734082289,Setor de Bafata,True,True,disjoint,False,False,
component,physical-component:2aec11fd7c49e5675b8bc3edf59b03fdbdfc2dad2f290494d7be04b75ef4e082,simplified,13655514B15408487636665,Setor de Madina do Bo˒,True,True,disjoint,False,False,
component,physical-component:2aec11fd7c49e5675b8bc3edf59b03fdbdfc2dad2f290494d7be04b75ef4e082,simplified,13655514B16168252486838,Setor de Pirada,True,True,disjoint,False,False,
component,physical-component:2aec11fd7c49e5675b8bc3edf59b03fdbdfc2dad2f290494d7be04b75ef4e082,simplified,13655514B168355566476,Setor de Bambadinca,True,True,disjoint,False,False,
component,physical-component:2aec11fd7c49e5675b8bc3edf59b03fdbdfc2dad2f290494d7be04b75ef4e082,simplified,13655514B24413703823033,Setor de Catie,True,True,disjoint,False,False,
component,physical-component:2aec11fd7c49e5675b8bc3edf59b03fdbdfc2dad2f290494d7be04b75ef4e082,simplified,13655514B30693048438959,Setor de Empada,True,True,disjoint,False,False,
component,physical-component:2aec11fd7c49e5675b8bc3edf59b03fdbdfc2dad2f290494d7be04b75ef4e082,simplified,13655514B31772276876031,Setor de Mansoa,True,True,disjoint,False,False,
component,physical-component:2aec11fd7c49e5675b8bc3edf59b03fdbdfc2dad2f290494d7be04b75ef4e082,simplified,13655514B37452641895852,Setor de Buba,True,True,disjoint,False,False,
component,physical-component:2aec11fd7c49e5675b8bc3edf59b03fdbdfc2dad2f290494d7be04b75ef4e082,simplified,13655514B37576476310465,Setor de Tite,True,True,disjoint,False,False,
component,physical-component:2aec11fd7c49e5675b8bc3edf59b03fdbdfc2dad2f290494d7be04b75ef4e082,simplified,13655514B38974563194217,Bissau Autonomous Sector,True,True,disjoint,False,False,
component,physical-component:2aec11fd7c49e5675b8bc3edf59b03fdbdfc2dad2f290494d7be04b75ef4e082,simplified,13655514B4319146558278,Setor de Galomaro,True,True,disjoint,False,False,
component,physical-component:2aec11fd7c49e5675b8bc3edf59b03fdbdfc2dad2f290494d7be04b75ef4e082,simplified,13655514B44985576134462,Setor de Uno,True,True,disjoint,False,False,
component,physical-component:2aec11fd7c49e5675b8bc3edf59b03fdbdfc2dad2f290494d7be04b75ef4e082,simplified,13655514B47112439721810,Setor de Nhacra,True,True,disjoint,False,False,
component,physical-component:2aec11fd7c49e5675b8bc3edf59b03fdbdfc2dad2f290494d7be04b75ef4e082,simplified,13655514B47480576799194,Setor de Sonaco,True,True,disjoint,False,False,
component,physical-component:2aec11fd7c49e5675b8bc3edf59b03fdbdfc2dad2f290494d7be04b75ef4e082,simplified,13655514B48763126228848,Setor de Bedanda,True,True,disjoint,False,False,
component,physical-component:2aec11fd7c49e5675b8bc3edf59b03fdbdfc2dad2f290494d7be04b75ef4e082,simplified,13655514B49812801634354,Setor de Mansaba,True,True,disjoint,False,False,
component,physical-component:2aec11fd7c49e5675b8bc3edf59b03fdbdfc2dad2f290494d7be04b75ef4e082,simplified,13655514B51179315853055,Contuboel,True,True,disjoint,False,False,
component,physical-component:2aec11fd7c49e5675b8bc3edf59b03fdbdfc2dad2f290494d7be04b75ef4e082,simplified,13655514B53615250576563,Setor de Prabis,True,True,disjoint,False,False,
component,physical-component:2aec11fd7c49e5675b8bc3edf59b03fdbdfc2dad2f290494d7be04b75ef4e082,simplified,13655514B57644193184055,Setor de Farim,True,True,disjoint,False,False,
component,physical-component:2aec11fd7c49e5675b8bc3edf59b03fdbdfc2dad2f290494d7be04b75ef4e082,simplified,13655514B57740331915335,Setor de Bissora,True,True,disjoint,False,False,
component,physical-component:2aec11fd7c49e5675b8bc3edf59b03fdbdfc2dad2f290494d7be04b75ef4e082,simplified,13655514B59106895169358,Setor de Caravela,True,True,positive-area,False,False,component:physical-component:2aec11fd7c49e5675b8bc3edf59b03fdbdfc2dad2f290494d7be04b75ef4e082|simplified:13655514B59106895169358
component,physical-component:2aec11fd7c49e5675b8bc3edf59b03fdbdfc2dad2f290494d7be04b75ef4e082,simplified,13655514B65296626482863,Setor de Gabv,True,True,disjoint,False,False,
component,physical-component:2aec11fd7c49e5675b8bc3edf59b03fdbdfc2dad2f290494d7be04b75ef4e082,simplified,13655514B65471558325414,Setor de Xitole,True,True,disjoint,False,False,
component,physical-component:2aec11fd7c49e5675b8bc3edf59b03fdbdfc2dad2f290494d7be04b75ef4e082,simplified,13655514B65726406107890,Setor de Gamamundo,True,True,disjoint,False,False,
component,physical-component:2aec11fd7c49e5675b8bc3edf59b03fdbdfc2dad2f290494d7be04b75ef4e082,simplified,13655514B65757043009502,Setor de Safim,True,True,disjoint,False,False,
component,physical-component:2aec11fd7c49e5675b8bc3edf59b03fdbdfc2dad2f290494d7be04b75ef4e082,simplified,13655514B66751603958816,Setor de Quinh,True,True,disjoint,False,False,
component,physical-component:2aec11fd7c49e5675b8bc3edf59b03fdbdfc2dad2f290494d7be04b75ef4e082,simplified,13655514B71925291750028,Setor de Cacine,True,True,disjoint,False,False,
component,physical-component:2aec11fd7c49e5675b8bc3edf59b03fdbdfc2dad2f290494d7be04b75ef4e082,simplified,13655514B76388735674013,Setor de Bigene,True,True,disjoint,False,False,
component,physical-component:2aec11fd7c49e5675b8bc3edf59b03fdbdfc2dad2f290494d7be04b75ef4e082,simplified,13655514B77006902429960,Setor de Bolama,True,True,disjoint,False,False,
component,physical-component:2aec11fd7c49e5675b8bc3edf59b03fdbdfc2dad2f290494d7be04b75ef4e082,simplified,13655514B8216177448850,Setor de Caiv,True,True,disjoint,False,False,
component,physical-component:2aec11fd7c49e5675b8bc3edf59b03fdbdfc2dad2f290494d7be04b75ef4e082,simplified,13655514B91246233663569,Setor de Canghungo,True,True,disjoint,False,False,
component,physical-component:2aec11fd7c49e5675b8bc3edf59b03fdbdfc2dad2f290494d7be04b75ef4e082,simplified,13655514B91994517778696,Setor de Sto Domingos,True,True,disjoint,False,False,
component,physical-component:2aec11fd7c49e5675b8bc3edf59b03fdbdfc2dad2f290494d7be04b75ef4e082,simplified,13655514B9524670555472,Setor de Fulacunda,True,True,disjoint,False,False,
component,physical-component:2aec11fd7c49e5675b8bc3edf59b03fdbdfc2dad2f290494d7be04b75ef4e082,simplified,13655514B95678269815128,Setor de Cacheu,True,True,disjoint,False,False,
component,physical-component:2aec11fd7c49e5675b8bc3edf59b03fdbdfc2dad2f290494d7be04b75ef4e082,simplified,13655514B97576906537580,Setor de Pitche,True,True,disjoint,False,False,
component,physical-component:2aec11fd7c49e5675b8bc3edf59b03fdbdfc2dad2f290494d7be04b75ef4e082,simplified,13655514B98496568253651,Setor de Bubaque,True,True,disjoint,False,False,
component,physical-component:2aec11fd7c49e5675b8bc3edf59b03fdbdfc2dad2f290494d7be04b75ef4e082,simplified,13655514B99052541590952,Setor de Boe,True,True,disjoint,False,False,
component,physical-component:2c8dbdc6a6d39df23a12d7d67d1495bce74360df9b0b9b5bca5265a25cb39e39,full,13655514B11561761851968,Setor de Bula,True,True,disjoint,False,False,
component,physical-component:2c8dbdc6a6d39df23a12d7d67d1495bce74360df9b0b9b5bca5265a25cb39e39,full,13655514B12793543239296,Setor de Quebo,True,True,disjoint,False,False,
component,physical-component:2c8dbdc6a6d39df23a12d7d67d1495bce74360df9b0b9b5bca5265a25cb39e39,full,13655514B15077734082289,Setor de Bafata,True,True,disjoint,False,False,
component,physical-component:2c8dbdc6a6d39df23a12d7d67d1495bce74360df9b0b9b5bca5265a25cb39e39,full,13655514B15408487636665,Setor de Madina do Bo˒,True,True,disjoint,False,False,
component,physical-component:2c8dbdc6a6d39df23a12d7d67d1495bce74360df9b0b9b5bca5265a25cb39e39,full,13655514B16168252486838,Setor de Pirada,True,True,disjoint,False,False,
component,physical-component:2c8dbdc6a6d39df23a12d7d67d1495bce74360df9b0b9b5bca5265a25cb39e39,full,13655514B168355566476,Setor de Bambadinca,True,True,disjoint,False,False,
component,physical-component:2c8dbdc6a6d39df23a12d7d67d1495bce74360df9b0b9b5bca5265a25cb39e39,full,13655514B24413703823033,Setor de Catie,True,True,disjoint,False,False,
component,physical-component:2c8dbdc6a6d39df23a12d7d67d1495bce74360df9b0b9b5bca5265a25cb39e39,full,13655514B30693048438959,Setor de Empada,True,True,disjoint,False,False,
component,physical-component:2c8dbdc6a6d39df23a12d7d67d1495bce74360df9b0b9b5bca5265a25cb39e39,full,13655514B31772276876031,Setor de Mansoa,True,True,disjoint,False,False,
component,physical-component:2c8dbdc6a6d39df23a12d7d67d1495bce74360df9b0b9b5bca5265a25cb39e39,full,13655514B37452641895852,Setor de Buba,True,True,disjoint,False,False,
component,physical-component:2c8dbdc6a6d39df23a12d7d67d1495bce74360df9b0b9b5bca5265a25cb39e39,full,13655514B37576476310465,Setor de Tite,True,True,disjoint,False,False,
component,physical-component:2c8dbdc6a6d39df23a12d7d67d1495bce74360df9b0b9b5bca5265a25cb39e39,full,13655514B38974563194217,Bissau Autonomous Sector,True,True,disjoint,False,False,
component,physical-component:2c8dbdc6a6d39df23a12d7d67d1495bce74360df9b0b9b5bca5265a25cb39e39,full,13655514B4319146558278,Setor de Galomaro,True,True,disjoint,False,False,
component,physical-component:2c8dbdc6a6d39df23a12d7d67d1495bce74360df9b0b9b5bca5265a25cb39e39,full,13655514B44985576134462,Setor de Uno,True,True,disjoint,False,False,
component,physical-component:2c8dbdc6a6d39df23a12d7d67d1495bce74360df9b0b9b5bca5265a25cb39e39,full,13655514B47112439721810,Setor de Nhacra,True,True,disjoint,False,False,
component,physical-component:2c8dbdc6a6d39df23a12d7d67d1495bce74360df9b0b9b5bca5265a25cb39e39,full,13655514B47480576799194,Setor de Sonaco,True,True,disjoint,False,False,
component,physical-component:2c8dbdc6a6d39df23a12d7d67d1495bce74360df9b0b9b5bca5265a25cb39e39,full,13655514B48763126228848,Setor de Bedanda,True,True,disjoint,False,False,
component,physical-component:2c8dbdc6a6d39df23a12d7d67d1495bce74360df9b0b9b5bca5265a25cb39e39,full,13655514B49812801634354,Setor de Mansaba,True,True,disjoint,False,False,
component,physical-component:2c8dbdc6a6d39df23a12d7d67d1495bce74360df9b0b9b5bca5265a25cb39e39,full,13655514B51179315853055,Contuboel,True,True,disjoint,False,False,
component,physical-component:2c8dbdc6a6d39df23a12d7d67d1495bce74360df9b0b9b5bca5265a25cb39e39,full,13655514B53615250576563,Setor de Prabis,True,True,disjoint,False,False,
component,physical-component:2c8dbdc6a6d39df23a12d7d67d1495bce74360df9b0b9b5bca5265a25cb39e39,full,13655514B57644193184055,Setor de Farim,True,True,disjoint,False,False,
component,physical-component:2c8dbdc6a6d39df23a12d7d67d1495bce74360df9b0b9b5bca5265a25cb39e39,full,13655514B57740331915335,Setor de Bissora,True,True,disjoint,False,False,
component,physical-component:2c8dbdc6a6d39df23a12d7d67d1495bce74360df9b0b9b5bca5265a25cb39e39,full,13655514B59106895169358,Setor de Caravela,True,True,positive-area,False,False,component:physical-component:2c8dbdc6a6d39df23a12d7d67d1495bce74360df9b0b9b5bca5265a25cb39e39|full:13655514B59106895169358
component,physical-component:2c8dbdc6a6d39df23a12d7d67d1495bce74360df9b0b9b5bca5265a25cb39e39,full,13655514B65296626482863,Setor de Gabv,True,True,disjoint,False,False,
component,physical-component:2c8dbdc6a6d39df23a12d7d67d1495bce74360df9b0b9b5bca5265a25cb39e39,full,13655514B65471558325414,Setor de Xitole,True,True,disjoint,False,False,
component,physical-component:2c8dbdc6a6d39df23a12d7d67d1495bce74360df9b0b9b5bca5265a25cb39e39,full,13655514B65726406107890,Setor de Gamamundo,True,True,disjoint,False,False,
component,physical-component:2c8dbdc6a6d39df23a12d7d67d1495bce74360df9b0b9b5bca5265a25cb39e39,full,13655514B65757043009502,Setor de Safim,True,True,disjoint,False,False,
component,physical-component:2c8dbdc6a6d39df23a12d7d67d1495bce74360df9b0b9b5bca5265a25cb39e39,full,13655514B66751603958816,Setor de Quinh,True,True,disjoint,False,False,
component,physical-component:2c8dbdc6a6d39df23a12d7d67d1495bce74360df9b0b9b5bca5265a25cb39e39,full,13655514B71925291750028,Setor de Cacine,True,True,disjoint,False,False,
component,physical-component:2c8dbdc6a6d39df23a12d7d67d1495bce74360df9b0b9b5bca5265a25cb39e39,full,13655514B76388735674013,Setor de Bigene,True,True,disjoint,False,False,
component,physical-component:2c8dbdc6a6d39df23a12d7d67d1495bce74360df9b0b9b5bca5265a25cb39e39,full,13655514B77006902429960,Setor de Bolama,True,True,disjoint,False,False,
component,physical-component:2c8dbdc6a6d39df23a12d7d67d1495bce74360df9b0b9b5bca5265a25cb39e39,full,13655514B8216177448850,Setor de Caiv,True,True,disjoint,False,False,
component,physical-component:2c8dbdc6a6d39df23a12d7d67d1495bce74360df9b0b9b5bca5265a25cb39e39,full,13655514B91246233663569,Setor de Canghungo,True,True,disjoint,False,False,
component,physical-component:2c8dbdc6a6d39df23a12d7d67d1495bce74360df9b0b9b5bca5265a25cb39e39,full,13655514B91994517778696,Setor de Sto Domingos,True,True,disjoint,False,False,
component,physical-component:2c8dbdc6a6d39df23a12d7d67d1495bce74360df9b0b9b5bca5265a25cb39e39,full,13655514B9524670555472,Setor de Fulacunda,True,True,disjoint,False,False,
component,physical-component:2c8dbdc6a6d39df23a12d7d67d1495bce74360df9b0b9b5bca5265a25cb39e39,full,13655514B95678269815128,Setor de Cacheu,True,True,disjoint,False,False,
component,physical-component:2c8dbdc6a6d39df23a12d7d67d1495bce74360df9b0b9b5bca5265a25cb39e39,full,13655514B97576906537580,Setor de Pitche,True,True,disjoint,False,False,
component,physical-component:2c8dbdc6a6d39df23a12d7d67d1495bce74360df9b0b9b5bca5265a25cb39e39,full,13655514B98496568253651,Setor de Bubaque,True,True,disjoint,False,False,
component,physical-component:2c8dbdc6a6d39df23a12d7d67d1495bce74360df9b0b9b5bca5265a25cb39e39,full,13655514B99052541590952,Setor de Boe,True,True,disjoint,False,False,
component,physical-component:2c8dbdc6a6d39df23a12d7d67d1495bce74360df9b0b9b5bca5265a25cb39e39,simplified,13655514B11561761851968,Setor de Bula,True,True,disjoint,False,False,
component,physical-component:2c8dbdc6a6d39df23a12d7d67d1495bce74360df9b0b9b5bca5265a25cb39e39,simplified,13655514B12793543239296,Setor de Quebo,True,True,disjoint,False,False,
component,physical-component:2c8dbdc6a6d39df23a12d7d67d1495bce74360df9b0b9b5bca5265a25cb39e39,simplified,13655514B15077734082289,Setor de Bafata,True,True,disjoint,False,False,
component,physical-component:2c8dbdc6a6d39df23a12d7d67d1495bce74360df9b0b9b5bca5265a25cb39e39,simplified,13655514B15408487636665,Setor de Madina do Bo˒,True,True,disjoint,False,False,
component,physical-component:2c8dbdc6a6d39df23a12d7d67d1495bce74360df9b0b9b5bca5265a25cb39e39,simplified,13655514B16168252486838,Setor de Pirada,True,True,disjoint,False,False,
component,physical-component:2c8dbdc6a6d39df23a12d7d67d1495bce74360df9b0b9b5bca5265a25cb39e39,simplified,13655514B168355566476,Setor de Bambadinca,True,True,disjoint,False,False,
component,physical-component:2c8dbdc6a6d39df23a12d7d67d1495bce74360df9b0b9b5bca5265a25cb39e39,simplified,13655514B24413703823033,Setor de Catie,True,True,disjoint,False,False,
component,physical-component:2c8dbdc6a6d39df23a12d7d67d1495bce74360df9b0b9b5bca5265a25cb39e39,simplified,13655514B30693048438959,Setor de Empada,True,True,disjoint,False,False,
component,physical-component:2c8dbdc6a6d39df23a12d7d67d1495bce74360df9b0b9b5bca5265a25cb39e39,simplified,13655514B31772276876031,Setor de Mansoa,True,True,disjoint,False,False,
component,physical-component:2c8dbdc6a6d39df23a12d7d67d1495bce74360df9b0b9b5bca5265a25cb39e39,simplified,13655514B37452641895852,Setor de Buba,True,True,disjoint,False,False,
component,physical-component:2c8dbdc6a6d39df23a12d7d67d1495bce74360df9b0b9b5bca5265a25cb39e39,simplified,13655514B37576476310465,Setor de Tite,True,True,disjoint,False,False,
component,physical-component:2c8dbdc6a6d39df23a12d7d67d1495bce74360df9b0b9b5bca5265a25cb39e39,simplified,13655514B38974563194217,Bissau Autonomous Sector,True,True,disjoint,False,False,
component,physical-component:2c8dbdc6a6d39df23a12d7d67d1495bce74360df9b0b9b5bca5265a25cb39e39,simplified,13655514B4319146558278,Setor de Galomaro,True,True,disjoint,False,False,
component,physical-component:2c8dbdc6a6d39df23a12d7d67d1495bce74360df9b0b9b5bca5265a25cb39e39,simplified,13655514B44985576134462,Setor de Uno,True,True,disjoint,False,False,
component,physical-component:2c8dbdc6a6d39df23a12d7d67d1495bce74360df9b0b9b5bca5265a25cb39e39,simplified,13655514B47112439721810,Setor de Nhacra,True,True,disjoint,False,False,
component,physical-component:2c8dbdc6a6d39df23a12d7d67d1495bce74360df9b0b9b5bca5265a25cb39e39,simplified,13655514B47480576799194,Setor de Sonaco,True,True,disjoint,False,False,
component,physical-component:2c8dbdc6a6d39df23a12d7d67d1495bce74360df9b0b9b5bca5265a25cb39e39,simplified,13655514B48763126228848,Setor de Bedanda,True,True,disjoint,False,False,
component,physical-component:2c8dbdc6a6d39df23a12d7d67d1495bce74360df9b0b9b5bca5265a25cb39e39,simplified,13655514B49812801634354,Setor de Mansaba,True,True,disjoint,False,False,
component,physical-component:2c8dbdc6a6d39df23a12d7d67d1495bce74360df9b0b9b5bca5265a25cb39e39,simplified,13655514B51179315853055,Contuboel,True,True,disjoint,False,False,
component,physical-component:2c8dbdc6a6d39df23a12d7d67d1495bce74360df9b0b9b5bca5265a25cb39e39,simplified,13655514B53615250576563,Setor de Prabis,True,True,disjoint,False,False,
component,physical-component:2c8dbdc6a6d39df23a12d7d67d1495bce74360df9b0b9b5bca5265a25cb39e39,simplified,13655514B57644193184055,Setor de Farim,True,True,disjoint,False,False,
component,physical-component:2c8dbdc6a6d39df23a12d7d67d1495bce74360df9b0b9b5bca5265a25cb39e39,simplified,13655514B57740331915335,Setor de Bissora,True,True,disjoint,False,False,
component,physical-component:2c8dbdc6a6d39df23a12d7d67d1495bce74360df9b0b9b5bca5265a25cb39e39,simplified,13655514B59106895169358,Setor de Caravela,True,True,positive-area,False,False,component:physical-component:2c8dbdc6a6d39df23a12d7d67d1495bce74360df9b0b9b5bca5265a25cb39e39|simplified:13655514B59106895169358
component,physical-component:2c8dbdc6a6d39df23a12d7d67d1495bce74360df9b0b9b5bca5265a25cb39e39,simplified,13655514B65296626482863,Setor de Gabv,True,True,disjoint,False,False,
component,physical-component:2c8dbdc6a6d39df23a12d7d67d1495bce74360df9b0b9b5bca5265a25cb39e39,simplified,13655514B65471558325414,Setor de Xitole,True,True,disjoint,False,False,
component,physical-component:2c8dbdc6a6d39df23a12d7d67d1495bce74360df9b0b9b5bca5265a25cb39e39,simplified,13655514B65726406107890,Setor de Gamamundo,True,True,disjoint,False,False,
component,physical-component:2c8dbdc6a6d39df23a12d7d67d1495bce74360df9b0b9b5bca5265a25cb39e39,simplified,13655514B65757043009502,Setor de Safim,True,True,disjoint,False,False,
component,physical-component:2c8dbdc6a6d39df23a12d7d67d1495bce74360df9b0b9b5bca5265a25cb39e39,simplified,13655514B66751603958816,Setor de Quinh,True,True,disjoint,False,False,
component,physical-component:2c8dbdc6a6d39df23a12d7d67d1495bce74360df9b0b9b5bca5265a25cb39e39,simplified,13655514B71925291750028,Setor de Cacine,True,True,disjoint,False,False,
component,physical-component:2c8dbdc6a6d39df23a12d7d67d1495bce74360df9b0b9b5bca5265a25cb39e39,simplified,13655514B76388735674013,Setor de Bigene,True,True,disjoint,False,False,
component,physical-component:2c8dbdc6a6d39df23a12d7d67d1495bce74360df9b0b9b5bca5265a25cb39e39,simplified,13655514B77006902429960,Setor de Bolama,True,True,disjoint,False,False,
component,physical-component:2c8dbdc6a6d39df23a12d7d67d1495bce74360df9b0b9b5bca5265a25cb39e39,simplified,13655514B8216177448850,Setor de Caiv,True,True,disjoint,False,False,
component,physical-component:2c8dbdc6a6d39df23a12d7d67d1495bce74360df9b0b9b5bca5265a25cb39e39,simplified,13655514B91246233663569,Setor de Canghungo,True,True,disjoint,False,False,
component,physical-component:2c8dbdc6a6d39df23a12d7d67d1495bce74360df9b0b9b5bca5265a25cb39e39,simplified,13655514B91994517778696,Setor de Sto Domingos,True,True,disjoint,False,False,
component,physical-component:2c8dbdc6a6d39df23a12d7d67d1495bce74360df9b0b9b5bca5265a25cb39e39,simplified,13655514B9524670555472,Setor de Fulacunda,True,True,disjoint,False,False,
component,physical-component:2c8dbdc6a6d39df23a12d7d67d1495bce74360df9b0b9b5bca5265a25cb39e39,simplified,13655514B95678269815128,Setor de Cacheu,True,True,disjoint,False,False,
component,physical-component:2c8dbdc6a6d39df23a12d7d67d1495bce74360df9b0b9b5bca5265a25cb39e39,simplified,13655514B97576906537580,Setor de Pitche,True,True,disjoint,False,False,
component,physical-component:2c8dbdc6a6d39df23a12d7d67d1495bce74360df9b0b9b5bca5265a25cb39e39,simplified,13655514B98496568253651,Setor de Bubaque,True,True,disjoint,False,False,
component,physical-component:2c8dbdc6a6d39df23a12d7d67d1495bce74360df9b0b9b5bca5265a25cb39e39,simplified,13655514B99052541590952,Setor de Boe,True,True,disjoint,False,False,
component,physical-component:2ee91fb98b727043c3569ad85682f3e79aded9f563056b9151413a944782f120,full,13655514B11561761851968,Setor de Bula,True,True,disjoint,False,False,
component,physical-component:2ee91fb98b727043c3569ad85682f3e79aded9f563056b9151413a944782f120,full,13655514B12793543239296,Setor de Quebo,True,True,disjoint,False,False,
component,physical-component:2ee91fb98b727043c3569ad85682f3e79aded9f563056b9151413a944782f120,full,13655514B15077734082289,Setor de Bafata,True,True,disjoint,False,False,
component,physical-component:2ee91fb98b727043c3569ad85682f3e79aded9f563056b9151413a944782f120,full,13655514B15408487636665,Setor de Madina do Bo˒,True,True,disjoint,False,False,
component,physical-component:2ee91fb98b727043c3569ad85682f3e79aded9f563056b9151413a944782f120,full,13655514B16168252486838,Setor de Pirada,True,True,disjoint,False,False,
component,physical-component:2ee91fb98b727043c3569ad85682f3e79aded9f563056b9151413a944782f120,full,13655514B168355566476,Setor de Bambadinca,True,True,disjoint,False,False,
component,physical-component:2ee91fb98b727043c3569ad85682f3e79aded9f563056b9151413a944782f120,full,13655514B24413703823033,Setor de Catie,True,True,disjoint,False,False,
component,physical-component:2ee91fb98b727043c3569ad85682f3e79aded9f563056b9151413a944782f120,full,13655514B30693048438959,Setor de Empada,True,True,disjoint,False,False,
component,physical-component:2ee91fb98b727043c3569ad85682f3e79aded9f563056b9151413a944782f120,full,13655514B31772276876031,Setor de Mansoa,True,True,disjoint,False,False,
component,physical-component:2ee91fb98b727043c3569ad85682f3e79aded9f563056b9151413a944782f120,full,13655514B37452641895852,Setor de Buba,True,True,disjoint,False,False,
component,physical-component:2ee91fb98b727043c3569ad85682f3e79aded9f563056b9151413a944782f120,full,13655514B37576476310465,Setor de Tite,True,True,disjoint,False,False,
component,physical-component:2ee91fb98b727043c3569ad85682f3e79aded9f563056b9151413a944782f120,full,13655514B38974563194217,Bissau Autonomous Sector,True,True,disjoint,False,False,
component,physical-component:2ee91fb98b727043c3569ad85682f3e79aded9f563056b9151413a944782f120,full,13655514B4319146558278,Setor de Galomaro,True,True,disjoint,False,False,
component,physical-component:2ee91fb98b727043c3569ad85682f3e79aded9f563056b9151413a944782f120,full,13655514B44985576134462,Setor de Uno,True,True,positive-area,False,False,component:physical-component:2ee91fb98b727043c3569ad85682f3e79aded9f563056b9151413a944782f120|full:13655514B44985576134462
component,physical-component:2ee91fb98b727043c3569ad85682f3e79aded9f563056b9151413a944782f120,full,13655514B47112439721810,Setor de Nhacra,True,True,disjoint,False,False,
component,physical-component:2ee91fb98b727043c3569ad85682f3e79aded9f563056b9151413a944782f120,full,13655514B47480576799194,Setor de Sonaco,True,True,disjoint,False,False,
component,physical-component:2ee91fb98b727043c3569ad85682f3e79aded9f563056b9151413a944782f120,full,13655514B48763126228848,Setor de Bedanda,True,True,disjoint,False,False,
component,physical-component:2ee91fb98b727043c3569ad85682f3e79aded9f563056b9151413a944782f120,full,13655514B49812801634354,Setor de Mansaba,True,True,disjoint,False,False,
component,physical-component:2ee91fb98b727043c3569ad85682f3e79aded9f563056b9151413a944782f120,full,13655514B51179315853055,Contuboel,True,True,disjoint,False,False,
component,physical-component:2ee91fb98b727043c3569ad85682f3e79aded9f563056b9151413a944782f120,full,13655514B53615250576563,Setor de Prabis,True,True,disjoint,False,False,
component,physical-component:2ee91fb98b727043c3569ad85682f3e79aded9f563056b9151413a944782f120,full,13655514B57644193184055,Setor de Farim,True,True,disjoint,False,False,
component,physical-component:2ee91fb98b727043c3569ad85682f3e79aded9f563056b9151413a944782f120,full,13655514B57740331915335,Setor de Bissora,True,True,disjoint,False,False,
component,physical-component:2ee91fb98b727043c3569ad85682f3e79aded9f563056b9151413a944782f120,full,13655514B59106895169358,Setor de Caravela,True,True,disjoint,False,False,
component,physical-component:2ee91fb98b727043c3569ad85682f3e79aded9f563056b9151413a944782f120,full,13655514B65296626482863,Setor de Gabv,True,True,disjoint,False,False,
component,physical-component:2ee91fb98b727043c3569ad85682f3e79aded9f563056b9151413a944782f120,full,13655514B65471558325414,Setor de Xitole,True,True,disjoint,False,False,
component,physical-component:2ee91fb98b727043c3569ad85682f3e79aded9f563056b9151413a944782f120,full,13655514B65726406107890,Setor de Gamamundo,True,True,disjoint,False,False,
component,physical-component:2ee91fb98b727043c3569ad85682f3e79aded9f563056b9151413a944782f120,full,13655514B65757043009502,Setor de Safim,True,True,disjoint,False,False,
component,physical-component:2ee91fb98b727043c3569ad85682f3e79aded9f563056b9151413a944782f120,full,13655514B66751603958816,Setor de Quinh,True,True,disjoint,False,False,
component,physical-component:2ee91fb98b727043c3569ad85682f3e79aded9f563056b9151413a944782f120,full,13655514B71925291750028,Setor de Cacine,True,True,disjoint,False,False,
component,physical-component:2ee91fb98b727043c3569ad85682f3e79aded9f563056b9151413a944782f120,full,13655514B76388735674013,Setor de Bigene,True,True,disjoint,False,False,
component,physical-component:2ee91fb98b727043c3569ad85682f3e79aded9f563056b9151413a944782f120,full,13655514B77006902429960,Setor de Bolama,True,True,disjoint,False,False,
component,physical-component:2ee91fb98b727043c3569ad85682f3e79aded9f563056b9151413a944782f120,full,13655514B8216177448850,Setor de Caiv,True,True,disjoint,False,False,
component,physical-component:2ee91fb98b727043c3569ad85682f3e79aded9f563056b9151413a944782f120,full,13655514B91246233663569,Setor de Canghungo,True,True,disjoint,False,False,
component,physical-component:2ee91fb98b727043c3569ad85682f3e79aded9f563056b9151413a944782f120,full,13655514B91994517778696,Setor de Sto Domingos,True,True,disjoint,False,False,
component,physical-component:2ee91fb98b727043c3569ad85682f3e79aded9f563056b9151413a944782f120,full,13655514B9524670555472,Setor de Fulacunda,True,True,disjoint,False,False,
component,physical-component:2ee91fb98b727043c3569ad85682f3e79aded9f563056b9151413a944782f120,full,13655514B95678269815128,Setor de Cacheu,True,True,disjoint,False,False,
component,physical-component:2ee91fb98b727043c3569ad85682f3e79aded9f563056b9151413a944782f120,full,13655514B97576906537580,Setor de Pitche,True,True,disjoint,False,False,
component,physical-component:2ee91fb98b727043c3569ad85682f3e79aded9f563056b9151413a944782f120,full,13655514B98496568253651,Setor de Bubaque,True,True,disjoint,False,False,
component,physical-component:2ee91fb98b727043c3569ad85682f3e79aded9f563056b9151413a944782f120,full,13655514B99052541590952,Setor de Boe,True,True,disjoint,False,False,
component,physical-component:2ee91fb98b727043c3569ad85682f3e79aded9f563056b9151413a944782f120,simplified,13655514B11561761851968,Setor de Bula,True,True,disjoint,False,False,
component,physical-component:2ee91fb98b727043c3569ad85682f3e79aded9f563056b9151413a944782f120,simplified,13655514B12793543239296,Setor de Quebo,True,True,disjoint,False,False,
component,physical-component:2ee91fb98b727043c3569ad85682f3e79aded9f563056b9151413a944782f120,simplified,13655514B15077734082289,Setor de Bafata,True,True,disjoint,False,False,
component,physical-component:2ee91fb98b727043c3569ad85682f3e79aded9f563056b9151413a944782f120,simplified,13655514B15408487636665,Setor de Madina do Bo˒,True,True,disjoint,False,False,
component,physical-component:2ee91fb98b727043c3569ad85682f3e79aded9f563056b9151413a944782f120,simplified,13655514B16168252486838,Setor de Pirada,True,True,disjoint,False,False,
component,physical-component:2ee91fb98b727043c3569ad85682f3e79aded9f563056b9151413a944782f120,simplified,13655514B168355566476,Setor de Bambadinca,True,True,disjoint,False,False,
component,physical-component:2ee91fb98b727043c3569ad85682f3e79aded9f563056b9151413a944782f120,simplified,13655514B24413703823033,Setor de Catie,True,True,disjoint,False,False,
component,physical-component:2ee91fb98b727043c3569ad85682f3e79aded9f563056b9151413a944782f120,simplified,13655514B30693048438959,Setor de Empada,True,True,disjoint,False,False,
component,physical-component:2ee91fb98b727043c3569ad85682f3e79aded9f563056b9151413a944782f120,simplified,13655514B31772276876031,Setor de Mansoa,True,True,disjoint,False,False,
component,physical-component:2ee91fb98b727043c3569ad85682f3e79aded9f563056b9151413a944782f120,simplified,13655514B37452641895852,Setor de Buba,True,True,disjoint,False,False,
component,physical-component:2ee91fb98b727043c3569ad85682f3e79aded9f563056b9151413a944782f120,simplified,13655514B37576476310465,Setor de Tite,True,True,disjoint,False,False,
component,physical-component:2ee91fb98b727043c3569ad85682f3e79aded9f563056b9151413a944782f120,simplified,13655514B38974563194217,Bissau Autonomous Sector,True,True,disjoint,False,False,
component,physical-component:2ee91fb98b727043c3569ad85682f3e79aded9f563056b9151413a944782f120,simplified,13655514B4319146558278,Setor de Galomaro,True,True,disjoint,False,False,
component,physical-component:2ee91fb98b727043c3569ad85682f3e79aded9f563056b9151413a944782f120,simplified,13655514B44985576134462,Setor de Uno,True,True,positive-area,False,False,component:physical-component:2ee91fb98b727043c3569ad85682f3e79aded9f563056b9151413a944782f120|simplified:13655514B44985576134462
component,physical-component:2ee91fb98b727043c3569ad85682f3e79aded9f563056b9151413a944782f120,simplified,13655514B47112439721810,Setor de Nhacra,True,True,disjoint,False,False,
component,physical-component:2ee91fb98b727043c3569ad85682f3e79aded9f563056b9151413a944782f120,simplified,13655514B47480576799194,Setor de Sonaco,True,True,disjoint,False,False,
component,physical-component:2ee91fb98b727043c3569ad85682f3e79aded9f563056b9151413a944782f120,simplified,13655514B48763126228848,Setor de Bedanda,True,True,disjoint,False,False,
component,physical-component:2ee91fb98b727043c3569ad85682f3e79aded9f563056b9151413a944782f120,simplified,13655514B49812801634354,Setor de Mansaba,True,True,disjoint,False,False,
component,physical-component:2ee91fb98b727043c3569ad85682f3e79aded9f563056b9151413a944782f120,simplified,13655514B51179315853055,Contuboel,True,True,disjoint,False,False,
component,physical-component:2ee91fb98b727043c3569ad85682f3e79aded9f563056b9151413a944782f120,simplified,13655514B53615250576563,Setor de Prabis,True,True,disjoint,False,False,
component,physical-component:2ee91fb98b727043c3569ad85682f3e79aded9f563056b9151413a944782f120,simplified,13655514B57644193184055,Setor de Farim,True,True,disjoint,False,False,
component,physical-component:2ee91fb98b727043c3569ad85682f3e79aded9f563056b9151413a944782f120,simplified,13655514B57740331915335,Setor de Bissora,True,True,disjoint,False,False,
component,physical-component:2ee91fb98b727043c3569ad85682f3e79aded9f563056b9151413a944782f120,simplified,13655514B59106895169358,Setor de Caravela,True,True,disjoint,False,False,
component,physical-component:2ee91fb98b727043c3569ad85682f3e79aded9f563056b9151413a944782f120,simplified,13655514B65296626482863,Setor de Gabv,True,True,disjoint,False,False,
component,physical-component:2ee91fb98b727043c3569ad85682f3e79aded9f563056b9151413a944782f120,simplified,13655514B65471558325414,Setor de Xitole,True,True,disjoint,False,False,
component,physical-component:2ee91fb98b727043c3569ad85682f3e79aded9f563056b9151413a944782f120,simplified,13655514B65726406107890,Setor de Gamamundo,True,True,disjoint,False,False,
component,physical-component:2ee91fb98b727043c3569ad85682f3e79aded9f563056b9151413a944782f120,simplified,13655514B65757043009502,Setor de Safim,True,True,disjoint,False,False,
component,physical-component:2ee91fb98b727043c3569ad85682f3e79aded9f563056b9151413a944782f120,simplified,13655514B66751603958816,Setor de Quinh,True,True,disjoint,False,False,
component,physical-component:2ee91fb98b727043c3569ad85682f3e79aded9f563056b9151413a944782f120,simplified,13655514B71925291750028,Setor de Cacine,True,True,disjoint,False,False,
component,physical-component:2ee91fb98b727043c3569ad85682f3e79aded9f563056b9151413a944782f120,simplified,13655514B76388735674013,Setor de Bigene,True,True,disjoint,False,False,
component,physical-component:2ee91fb98b727043c3569ad85682f3e79aded9f563056b9151413a944782f120,simplified,13655514B77006902429960,Setor de Bolama,True,True,disjoint,False,False,
component,physical-component:2ee91fb98b727043c3569ad85682f3e79aded9f563056b9151413a944782f120,simplified,13655514B8216177448850,Setor de Caiv,True,True,disjoint,False,False,
component,physical-component:2ee91fb98b727043c3569ad85682f3e79aded9f563056b9151413a944782f120,simplified,13655514B91246233663569,Setor de Canghungo,True,True,disjoint,False,False,
component,physical-component:2ee91fb98b727043c3569ad85682f3e79aded9f563056b9151413a944782f120,simplified,13655514B91994517778696,Setor de Sto Domingos,True,True,disjoint,False,False,
component,physical-component:2ee91fb98b727043c3569ad85682f3e79aded9f563056b9151413a944782f120,simplified,13655514B9524670555472,Setor de Fulacunda,True,True,disjoint,False,False,
component,physical-component:2ee91fb98b727043c3569ad85682f3e79aded9f563056b9151413a944782f120,simplified,13655514B95678269815128,Setor de Cacheu,True,True,disjoint,False,False,
component,physical-component:2ee91fb98b727043c3569ad85682f3e79aded9f563056b9151413a944782f120,simplified,13655514B97576906537580,Setor de Pitche,True,True,disjoint,False,False,
component,physical-component:2ee91fb98b727043c3569ad85682f3e79aded9f563056b9151413a944782f120,simplified,13655514B98496568253651,Setor de Bubaque,True,True,disjoint,False,False,
component,physical-component:2ee91fb98b727043c3569ad85682f3e79aded9f563056b9151413a944782f120,simplified,13655514B99052541590952,Setor de Boe,True,True,disjoint,False,False,
component,physical-component:2f719e030c359c31ee3bafaba5cbcc3b5868d2ff26be8ee2e8b886a48e69df63,full,13655514B11561761851968,Setor de Bula,True,True,disjoint,False,False,
component,physical-component:2f719e030c359c31ee3bafaba5cbcc3b5868d2ff26be8ee2e8b886a48e69df63,full,13655514B12793543239296,Setor de Quebo,True,True,disjoint,False,False,
component,physical-component:2f719e030c359c31ee3bafaba5cbcc3b5868d2ff26be8ee2e8b886a48e69df63,full,13655514B15077734082289,Setor de Bafata,True,True,disjoint,False,False,
component,physical-component:2f719e030c359c31ee3bafaba5cbcc3b5868d2ff26be8ee2e8b886a48e69df63,full,13655514B15408487636665,Setor de Madina do Bo˒,True,True,disjoint,False,False,
component,physical-component:2f719e030c359c31ee3bafaba5cbcc3b5868d2ff26be8ee2e8b886a48e69df63,full,13655514B16168252486838,Setor de Pirada,True,True,disjoint,False,False,
component,physical-component:2f719e030c359c31ee3bafaba5cbcc3b5868d2ff26be8ee2e8b886a48e69df63,full,13655514B168355566476,Setor de Bambadinca,True,True,disjoint,False,False,
component,physical-component:2f719e030c359c31ee3bafaba5cbcc3b5868d2ff26be8ee2e8b886a48e69df63,full,13655514B24413703823033,Setor de Catie,True,True,disjoint,False,False,
component,physical-component:2f719e030c359c31ee3bafaba5cbcc3b5868d2ff26be8ee2e8b886a48e69df63,full,13655514B30693048438959,Setor de Empada,True,True,disjoint,False,False,
component,physical-component:2f719e030c359c31ee3bafaba5cbcc3b5868d2ff26be8ee2e8b886a48e69df63,full,13655514B31772276876031,Setor de Mansoa,True,True,disjoint,False,False,
component,physical-component:2f719e030c359c31ee3bafaba5cbcc3b5868d2ff26be8ee2e8b886a48e69df63,full,13655514B37452641895852,Setor de Buba,True,True,disjoint,False,False,
component,physical-component:2f719e030c359c31ee3bafaba5cbcc3b5868d2ff26be8ee2e8b886a48e69df63,full,13655514B37576476310465,Setor de Tite,True,True,disjoint,False,False,
component,physical-component:2f719e030c359c31ee3bafaba5cbcc3b5868d2ff26be8ee2e8b886a48e69df63,full,13655514B38974563194217,Bissau Autonomous Sector,True,True,disjoint,False,False,
component,physical-component:2f719e030c359c31ee3bafaba5cbcc3b5868d2ff26be8ee2e8b886a48e69df63,full,13655514B4319146558278,Setor de Galomaro,True,True,disjoint,False,False,
component,physical-component:2f719e030c359c31ee3bafaba5cbcc3b5868d2ff26be8ee2e8b886a48e69df63,full,13655514B44985576134462,Setor de Uno,True,True,positive-area,False,False,component:physical-component:2f719e030c359c31ee3bafaba5cbcc3b5868d2ff26be8ee2e8b886a48e69df63|full:13655514B44985576134462
component,physical-component:2f719e030c359c31ee3bafaba5cbcc3b5868d2ff26be8ee2e8b886a48e69df63,full,13655514B47112439721810,Setor de Nhacra,True,True,disjoint,False,False,
component,physical-component:2f719e030c359c31ee3bafaba5cbcc3b5868d2ff26be8ee2e8b886a48e69df63,full,13655514B47480576799194,Setor de Sonaco,True,True,disjoint,False,False,
component,physical-component:2f719e030c359c31ee3bafaba5cbcc3b5868d2ff26be8ee2e8b886a48e69df63,full,13655514B48763126228848,Setor de Bedanda,True,True,disjoint,False,False,
component,physical-component:2f719e030c359c31ee3bafaba5cbcc3b5868d2ff26be8ee2e8b886a48e69df63,full,13655514B49812801634354,Setor de Mansaba,True,True,disjoint,False,False,
component,physical-component:2f719e030c359c31ee3bafaba5cbcc3b5868d2ff26be8ee2e8b886a48e69df63,full,13655514B51179315853055,Contuboel,True,True,disjoint,False,False,
component,physical-component:2f719e030c359c31ee3bafaba5cbcc3b5868d2ff26be8ee2e8b886a48e69df63,full,13655514B53615250576563,Setor de Prabis,True,True,disjoint,False,False,
component,physical-component:2f719e030c359c31ee3bafaba5cbcc3b5868d2ff26be8ee2e8b886a48e69df63,full,13655514B57644193184055,Setor de Farim,True,True,disjoint,False,False,
component,physical-component:2f719e030c359c31ee3bafaba5cbcc3b5868d2ff26be8ee2e8b886a48e69df63,full,13655514B57740331915335,Setor de Bissora,True,True,disjoint,False,False,
component,physical-component:2f719e030c359c31ee3bafaba5cbcc3b5868d2ff26be8ee2e8b886a48e69df63,full,13655514B59106895169358,Setor de Caravela,True,True,disjoint,False,False,
component,physical-component:2f719e030c359c31ee3bafaba5cbcc3b5868d2ff26be8ee2e8b886a48e69df63,full,13655514B65296626482863,Setor de Gabv,True,True,disjoint,False,False,
component,physical-component:2f719e030c359c31ee3bafaba5cbcc3b5868d2ff26be8ee2e8b886a48e69df63,full,13655514B65471558325414,Setor de Xitole,True,True,disjoint,False,False,
component,physical-component:2f719e030c359c31ee3bafaba5cbcc3b5868d2ff26be8ee2e8b886a48e69df63,full,13655514B65726406107890,Setor de Gamamundo,True,True,disjoint,False,False,
component,physical-component:2f719e030c359c31ee3bafaba5cbcc3b5868d2ff26be8ee2e8b886a48e69df63,full,13655514B65757043009502,Setor de Safim,True,True,disjoint,False,False,
component,physical-component:2f719e030c359c31ee3bafaba5cbcc3b5868d2ff26be8ee2e8b886a48e69df63,full,13655514B66751603958816,Setor de Quinh,True,True,disjoint,False,False,
component,physical-component:2f719e030c359c31ee3bafaba5cbcc3b5868d2ff26be8ee2e8b886a48e69df63,full,13655514B71925291750028,Setor de Cacine,True,True,disjoint,False,False,
component,physical-component:2f719e030c359c31ee3bafaba5cbcc3b5868d2ff26be8ee2e8b886a48e69df63,full,13655514B76388735674013,Setor de Bigene,True,True,disjoint,False,False,
component,physical-component:2f719e030c359c31ee3bafaba5cbcc3b5868d2ff26be8ee2e8b886a48e69df63,full,13655514B77006902429960,Setor de Bolama,True,True,disjoint,False,False,
component,physical-component:2f719e030c359c31ee3bafaba5cbcc3b5868d2ff26be8ee2e8b886a48e69df63,full,13655514B8216177448850,Setor de Caiv,True,True,disjoint,False,False,
component,physical-component:2f719e030c359c31ee3bafaba5cbcc3b5868d2ff26be8ee2e8b886a48e69df63,full,13655514B91246233663569,Setor de Canghungo,True,True,disjoint,False,False,
component,physical-component:2f719e030c359c31ee3bafaba5cbcc3b5868d2ff26be8ee2e8b886a48e69df63,full,13655514B91994517778696,Setor de Sto Domingos,True,True,disjoint,False,False,
component,physical-component:2f719e030c359c31ee3bafaba5cbcc3b5868d2ff26be8ee2e8b886a48e69df63,full,13655514B9524670555472,Setor de Fulacunda,True,True,disjoint,False,False,
component,physical-component:2f719e030c359c31ee3bafaba5cbcc3b5868d2ff26be8ee2e8b886a48e69df63,full,13655514B95678269815128,Setor de Cacheu,True,True,disjoint,False,False,
component,physical-component:2f719e030c359c31ee3bafaba5cbcc3b5868d2ff26be8ee2e8b886a48e69df63,full,13655514B97576906537580,Setor de Pitche,True,True,disjoint,False,False,
component,physical-component:2f719e030c359c31ee3bafaba5cbcc3b5868d2ff26be8ee2e8b886a48e69df63,full,13655514B98496568253651,Setor de Bubaque,True,True,disjoint,False,False,
component,physical-component:2f719e030c359c31ee3bafaba5cbcc3b5868d2ff26be8ee2e8b886a48e69df63,full,13655514B99052541590952,Setor de Boe,True,True,disjoint,False,False,
component,physical-component:2f719e030c359c31ee3bafaba5cbcc3b5868d2ff26be8ee2e8b886a48e69df63,simplified,13655514B11561761851968,Setor de Bula,True,True,disjoint,False,False,
component,physical-component:2f719e030c359c31ee3bafaba5cbcc3b5868d2ff26be8ee2e8b886a48e69df63,simplified,13655514B12793543239296,Setor de Quebo,True,True,disjoint,False,False,
component,physical-component:2f719e030c359c31ee3bafaba5cbcc3b5868d2ff26be8ee2e8b886a48e69df63,simplified,13655514B15077734082289,Setor de Bafata,True,True,disjoint,False,False,
component,physical-component:2f719e030c359c31ee3bafaba5cbcc3b5868d2ff26be8ee2e8b886a48e69df63,simplified,13655514B15408487636665,Setor de Madina do Bo˒,True,True,disjoint,False,False,
component,physical-component:2f719e030c359c31ee3bafaba5cbcc3b5868d2ff26be8ee2e8b886a48e69df63,simplified,13655514B16168252486838,Setor de Pirada,True,True,disjoint,False,False,
component,physical-component:2f719e030c359c31ee3bafaba5cbcc3b5868d2ff26be8ee2e8b886a48e69df63,simplified,13655514B168355566476,Setor de Bambadinca,True,True,disjoint,False,False,
component,physical-component:2f719e030c359c31ee3bafaba5cbcc3b5868d2ff26be8ee2e8b886a48e69df63,simplified,13655514B24413703823033,Setor de Catie,True,True,disjoint,False,False,
component,physical-component:2f719e030c359c31ee3bafaba5cbcc3b5868d2ff26be8ee2e8b886a48e69df63,simplified,13655514B30693048438959,Setor de Empada,True,True,disjoint,False,False,
component,physical-component:2f719e030c359c31ee3bafaba5cbcc3b5868d2ff26be8ee2e8b886a48e69df63,simplified,13655514B31772276876031,Setor de Mansoa,True,True,disjoint,False,False,
component,physical-component:2f719e030c359c31ee3bafaba5cbcc3b5868d2ff26be8ee2e8b886a48e69df63,simplified,13655514B37452641895852,Setor de Buba,True,True,disjoint,False,False,
component,physical-component:2f719e030c359c31ee3bafaba5cbcc3b5868d2ff26be8ee2e8b886a48e69df63,simplified,13655514B37576476310465,Setor de Tite,True,True,disjoint,False,False,
component,physical-component:2f719e030c359c31ee3bafaba5cbcc3b5868d2ff26be8ee2e8b886a48e69df63,simplified,13655514B38974563194217,Bissau Autonomous Sector,True,True,disjoint,False,False,
component,physical-component:2f719e030c359c31ee3bafaba5cbcc3b5868d2ff26be8ee2e8b886a48e69df63,simplified,13655514B4319146558278,Setor de Galomaro,True,True,disjoint,False,False,
component,physical-component:2f719e030c359c31ee3bafaba5cbcc3b5868d2ff26be8ee2e8b886a48e69df63,simplified,13655514B44985576134462,Setor de Uno,True,True,positive-area,False,False,component:physical-component:2f719e030c359c31ee3bafaba5cbcc3b5868d2ff26be8ee2e8b886a48e69df63|simplified:13655514B44985576134462
component,physical-component:2f719e030c359c31ee3bafaba5cbcc3b5868d2ff26be8ee2e8b886a48e69df63,simplified,13655514B47112439721810,Setor de Nhacra,True,True,disjoint,False,False,
component,physical-component:2f719e030c359c31ee3bafaba5cbcc3b5868d2ff26be8ee2e8b886a48e69df63,simplified,13655514B47480576799194,Setor de Sonaco,True,True,disjoint,False,False,
component,physical-component:2f719e030c359c31ee3bafaba5cbcc3b5868d2ff26be8ee2e8b886a48e69df63,simplified,13655514B48763126228848,Setor de Bedanda,True,True,disjoint,False,False,
component,physical-component:2f719e030c359c31ee3bafaba5cbcc3b5868d2ff26be8ee2e8b886a48e69df63,simplified,13655514B49812801634354,Setor de Mansaba,True,True,disjoint,False,False,
component,physical-component:2f719e030c359c31ee3bafaba5cbcc3b5868d2ff26be8ee2e8b886a48e69df63,simplified,13655514B51179315853055,Contuboel,True,True,disjoint,False,False,
component,physical-component:2f719e030c359c31ee3bafaba5cbcc3b5868d2ff26be8ee2e8b886a48e69df63,simplified,13655514B53615250576563,Setor de Prabis,True,True,disjoint,False,False,
component,physical-component:2f719e030c359c31ee3bafaba5cbcc3b5868d2ff26be8ee2e8b886a48e69df63,simplified,13655514B57644193184055,Setor de Farim,True,True,disjoint,False,False,
component,physical-component:2f719e030c359c31ee3bafaba5cbcc3b5868d2ff26be8ee2e8b886a48e69df63,simplified,13655514B57740331915335,Setor de Bissora,True,True,disjoint,False,False,
component,physical-component:2f719e030c359c31ee3bafaba5cbcc3b5868d2ff26be8ee2e8b886a48e69df63,simplified,13655514B59106895169358,Setor de Caravela,True,True,disjoint,False,False,
component,physical-component:2f719e030c359c31ee3bafaba5cbcc3b5868d2ff26be8ee2e8b886a48e69df63,simplified,13655514B65296626482863,Setor de Gabv,True,True,disjoint,False,False,
component,physical-component:2f719e030c359c31ee3bafaba5cbcc3b5868d2ff26be8ee2e8b886a48e69df63,simplified,13655514B65471558325414,Setor de Xitole,True,True,disjoint,False,False,
component,physical-component:2f719e030c359c31ee3bafaba5cbcc3b5868d2ff26be8ee2e8b886a48e69df63,simplified,13655514B65726406107890,Setor de Gamamundo,True,True,disjoint,False,False,
component,physical-component:2f719e030c359c31ee3bafaba5cbcc3b5868d2ff26be8ee2e8b886a48e69df63,simplified,13655514B65757043009502,Setor de Safim,True,True,disjoint,False,False,
component,physical-component:2f719e030c359c31ee3bafaba5cbcc3b5868d2ff26be8ee2e8b886a48e69df63,simplified,13655514B66751603958816,Setor de Quinh,True,True,disjoint,False,False,
component,physical-component:2f719e030c359c31ee3bafaba5cbcc3b5868d2ff26be8ee2e8b886a48e69df63,simplified,13655514B71925291750028,Setor de Cacine,True,True,disjoint,False,False,
component,physical-component:2f719e030c359c31ee3bafaba5cbcc3b5868d2ff26be8ee2e8b886a48e69df63,simplified,13655514B76388735674013,Setor de Bigene,True,True,disjoint,False,False,
component,physical-component:2f719e030c359c31ee3bafaba5cbcc3b5868d2ff26be8ee2e8b886a48e69df63,simplified,13655514B77006902429960,Setor de Bolama,True,True,disjoint,False,False,
component,physical-component:2f719e030c359c31ee3bafaba5cbcc3b5868d2ff26be8ee2e8b886a48e69df63,simplified,13655514B8216177448850,Setor de Caiv,True,True,disjoint,False,False,
component,physical-component:2f719e030c359c31ee3bafaba5cbcc3b5868d2ff26be8ee2e8b886a48e69df63,simplified,13655514B91246233663569,Setor de Canghungo,True,True,disjoint,False,False,
component,physical-component:2f719e030c359c31ee3bafaba5cbcc3b5868d2ff26be8ee2e8b886a48e69df63,simplified,13655514B91994517778696,Setor de Sto Domingos,True,True,disjoint,False,False,
component,physical-component:2f719e030c359c31ee3bafaba5cbcc3b5868d2ff26be8ee2e8b886a48e69df63,simplified,13655514B9524670555472,Setor de Fulacunda,True,True,disjoint,False,False,
component,physical-component:2f719e030c359c31ee3bafaba5cbcc3b5868d2ff26be8ee2e8b886a48e69df63,simplified,13655514B95678269815128,Setor de Cacheu,True,True,disjoint,False,False,
component,physical-component:2f719e030c359c31ee3bafaba5cbcc3b5868d2ff26be8ee2e8b886a48e69df63,simplified,13655514B97576906537580,Setor de Pitche,True,True,disjoint,False,False,
component,physical-component:2f719e030c359c31ee3bafaba5cbcc3b5868d2ff26be8ee2e8b886a48e69df63,simplified,13655514B98496568253651,Setor de Bubaque,True,True,disjoint,False,False,
component,physical-component:2f719e030c359c31ee3bafaba5cbcc3b5868d2ff26be8ee2e8b886a48e69df63,simplified,13655514B99052541590952,Setor de Boe,True,True,disjoint,False,False,
component,physical-component:387f19ddab57d7e3a6b102095418d9f3d6e3d97d3593e8881ec754bc3d25c34f,full,13655514B11561761851968,Setor de Bula,True,True,disjoint,False,False,
component,physical-component:387f19ddab57d7e3a6b102095418d9f3d6e3d97d3593e8881ec754bc3d25c34f,full,13655514B12793543239296,Setor de Quebo,True,True,disjoint,False,False,
component,physical-component:387f19ddab57d7e3a6b102095418d9f3d6e3d97d3593e8881ec754bc3d25c34f,full,13655514B15077734082289,Setor de Bafata,True,True,disjoint,False,False,
component,physical-component:387f19ddab57d7e3a6b102095418d9f3d6e3d97d3593e8881ec754bc3d25c34f,full,13655514B15408487636665,Setor de Madina do Bo˒,True,True,disjoint,False,False,
component,physical-component:387f19ddab57d7e3a6b102095418d9f3d6e3d97d3593e8881ec754bc3d25c34f,full,13655514B16168252486838,Setor de Pirada,True,True,disjoint,False,False,
component,physical-component:387f19ddab57d7e3a6b102095418d9f3d6e3d97d3593e8881ec754bc3d25c34f,full,13655514B168355566476,Setor de Bambadinca,True,True,disjoint,False,False,
component,physical-component:387f19ddab57d7e3a6b102095418d9f3d6e3d97d3593e8881ec754bc3d25c34f,full,13655514B24413703823033,Setor de Catie,True,True,disjoint,False,False,
component,physical-component:387f19ddab57d7e3a6b102095418d9f3d6e3d97d3593e8881ec754bc3d25c34f,full,13655514B30693048438959,Setor de Empada,True,True,disjoint,False,False,
component,physical-component:387f19ddab57d7e3a6b102095418d9f3d6e3d97d3593e8881ec754bc3d25c34f,full,13655514B31772276876031,Setor de Mansoa,True,True,disjoint,False,False,
component,physical-component:387f19ddab57d7e3a6b102095418d9f3d6e3d97d3593e8881ec754bc3d25c34f,full,13655514B37452641895852,Setor de Buba,True,True,disjoint,False,False,
component,physical-component:387f19ddab57d7e3a6b102095418d9f3d6e3d97d3593e8881ec754bc3d25c34f,full,13655514B37576476310465,Setor de Tite,True,True,disjoint,False,False,
component,physical-component:387f19ddab57d7e3a6b102095418d9f3d6e3d97d3593e8881ec754bc3d25c34f,full,13655514B38974563194217,Bissau Autonomous Sector,True,True,disjoint,False,False,
component,physical-component:387f19ddab57d7e3a6b102095418d9f3d6e3d97d3593e8881ec754bc3d25c34f,full,13655514B4319146558278,Setor de Galomaro,True,True,disjoint,False,False,
component,physical-component:387f19ddab57d7e3a6b102095418d9f3d6e3d97d3593e8881ec754bc3d25c34f,full,13655514B44985576134462,Setor de Uno,True,True,disjoint,False,False,
component,physical-component:387f19ddab57d7e3a6b102095418d9f3d6e3d97d3593e8881ec754bc3d25c34f,full,13655514B47112439721810,Setor de Nhacra,True,True,disjoint,False,False,
component,physical-component:387f19ddab57d7e3a6b102095418d9f3d6e3d97d3593e8881ec754bc3d25c34f,full,13655514B47480576799194,Setor de Sonaco,True,True,disjoint,False,False,
component,physical-component:387f19ddab57d7e3a6b102095418d9f3d6e3d97d3593e8881ec754bc3d25c34f,full,13655514B48763126228848,Setor de Bedanda,True,True,disjoint,False,False,
component,physical-component:387f19ddab57d7e3a6b102095418d9f3d6e3d97d3593e8881ec754bc3d25c34f,full,13655514B49812801634354,Setor de Mansaba,True,True,disjoint,False,False,
component,physical-component:387f19ddab57d7e3a6b102095418d9f3d6e3d97d3593e8881ec754bc3d25c34f,full,13655514B51179315853055,Contuboel,True,True,disjoint,False,False,
component,physical-component:387f19ddab57d7e3a6b102095418d9f3d6e3d97d3593e8881ec754bc3d25c34f,full,13655514B53615250576563,Setor de Prabis,True,True,disjoint,False,False,
component,physical-component:387f19ddab57d7e3a6b102095418d9f3d6e3d97d3593e8881ec754bc3d25c34f,full,13655514B57644193184055,Setor de Farim,True,True,disjoint,False,False,
component,physical-component:387f19ddab57d7e3a6b102095418d9f3d6e3d97d3593e8881ec754bc3d25c34f,full,13655514B57740331915335,Setor de Bissora,True,True,disjoint,False,False,
component,physical-component:387f19ddab57d7e3a6b102095418d9f3d6e3d97d3593e8881ec754bc3d25c34f,full,13655514B59106895169358,Setor de Caravela,True,True,positive-area,False,False,component:physical-component:387f19ddab57d7e3a6b102095418d9f3d6e3d97d3593e8881ec754bc3d25c34f|full:13655514B59106895169358
component,physical-component:387f19ddab57d7e3a6b102095418d9f3d6e3d97d3593e8881ec754bc3d25c34f,full,13655514B65296626482863,Setor de Gabv,True,True,disjoint,False,False,
component,physical-component:387f19ddab57d7e3a6b102095418d9f3d6e3d97d3593e8881ec754bc3d25c34f,full,13655514B65471558325414,Setor de Xitole,True,True,disjoint,False,False,
component,physical-component:387f19ddab57d7e3a6b102095418d9f3d6e3d97d3593e8881ec754bc3d25c34f,full,13655514B65726406107890,Setor de Gamamundo,True,True,disjoint,False,False,
component,physical-component:387f19ddab57d7e3a6b102095418d9f3d6e3d97d3593e8881ec754bc3d25c34f,full,13655514B65757043009502,Setor de Safim,True,True,disjoint,False,False,
component,physical-component:387f19ddab57d7e3a6b102095418d9f3d6e3d97d3593e8881ec754bc3d25c34f,full,13655514B66751603958816,Setor de Quinh,True,True,disjoint,False,False,
component,physical-component:387f19ddab57d7e3a6b102095418d9f3d6e3d97d3593e8881ec754bc3d25c34f,full,13655514B71925291750028,Setor de Cacine,True,True,disjoint,False,False,
component,physical-component:387f19ddab57d7e3a6b102095418d9f3d6e3d97d3593e8881ec754bc3d25c34f,full,13655514B76388735674013,Setor de Bigene,True,True,disjoint,False,False,
component,physical-component:387f19ddab57d7e3a6b102095418d9f3d6e3d97d3593e8881ec754bc3d25c34f,full,13655514B77006902429960,Setor de Bolama,True,True,disjoint,False,False,
component,physical-component:387f19ddab57d7e3a6b102095418d9f3d6e3d97d3593e8881ec754bc3d25c34f,full,13655514B8216177448850,Setor de Caiv,True,True,disjoint,False,False,
component,physical-component:387f19ddab57d7e3a6b102095418d9f3d6e3d97d3593e8881ec754bc3d25c34f,full,13655514B91246233663569,Setor de Canghungo,True,True,disjoint,False,False,
component,physical-component:387f19ddab57d7e3a6b102095418d9f3d6e3d97d3593e8881ec754bc3d25c34f,full,13655514B91994517778696,Setor de Sto Domingos,True,True,disjoint,False,False,
component,physical-component:387f19ddab57d7e3a6b102095418d9f3d6e3d97d3593e8881ec754bc3d25c34f,full,13655514B9524670555472,Setor de Fulacunda,True,True,disjoint,False,False,
component,physical-component:387f19ddab57d7e3a6b102095418d9f3d6e3d97d3593e8881ec754bc3d25c34f,full,13655514B95678269815128,Setor de Cacheu,True,True,disjoint,False,False,
component,physical-component:387f19ddab57d7e3a6b102095418d9f3d6e3d97d3593e8881ec754bc3d25c34f,full,13655514B97576906537580,Setor de Pitche,True,True,disjoint,False,False,
component,physical-component:387f19ddab57d7e3a6b102095418d9f3d6e3d97d3593e8881ec754bc3d25c34f,full,13655514B98496568253651,Setor de Bubaque,True,True,disjoint,False,False,
component,physical-component:387f19ddab57d7e3a6b102095418d9f3d6e3d97d3593e8881ec754bc3d25c34f,full,13655514B99052541590952,Setor de Boe,True,True,disjoint,False,False,
component,physical-component:387f19ddab57d7e3a6b102095418d9f3d6e3d97d3593e8881ec754bc3d25c34f,simplified,13655514B11561761851968,Setor de Bula,True,True,disjoint,False,False,
component,physical-component:387f19ddab57d7e3a6b102095418d9f3d6e3d97d3593e8881ec754bc3d25c34f,simplified,13655514B12793543239296,Setor de Quebo,True,True,disjoint,False,False,
component,physical-component:387f19ddab57d7e3a6b102095418d9f3d6e3d97d3593e8881ec754bc3d25c34f,simplified,13655514B15077734082289,Setor de Bafata,True,True,disjoint,False,False,
component,physical-component:387f19ddab57d7e3a6b102095418d9f3d6e3d97d3593e8881ec754bc3d25c34f,simplified,13655514B15408487636665,Setor de Madina do Bo˒,True,True,disjoint,False,False,
component,physical-component:387f19ddab57d7e3a6b102095418d9f3d6e3d97d3593e8881ec754bc3d25c34f,simplified,13655514B16168252486838,Setor de Pirada,True,True,disjoint,False,False,
component,physical-component:387f19ddab57d7e3a6b102095418d9f3d6e3d97d3593e8881ec754bc3d25c34f,simplified,13655514B168355566476,Setor de Bambadinca,True,True,disjoint,False,False,
component,physical-component:387f19ddab57d7e3a6b102095418d9f3d6e3d97d3593e8881ec754bc3d25c34f,simplified,13655514B24413703823033,Setor de Catie,True,True,disjoint,False,False,
component,physical-component:387f19ddab57d7e3a6b102095418d9f3d6e3d97d3593e8881ec754bc3d25c34f,simplified,13655514B30693048438959,Setor de Empada,True,True,disjoint,False,False,
component,physical-component:387f19ddab57d7e3a6b102095418d9f3d6e3d97d3593e8881ec754bc3d25c34f,simplified,13655514B31772276876031,Setor de Mansoa,True,True,disjoint,False,False,
component,physical-component:387f19ddab57d7e3a6b102095418d9f3d6e3d97d3593e8881ec754bc3d25c34f,simplified,13655514B37452641895852,Setor de Buba,True,True,disjoint,False,False,
component,physical-component:387f19ddab57d7e3a6b102095418d9f3d6e3d97d3593e8881ec754bc3d25c34f,simplified,13655514B37576476310465,Setor de Tite,True,True,disjoint,False,False,
component,physical-component:387f19ddab57d7e3a6b102095418d9f3d6e3d97d3593e8881ec754bc3d25c34f,simplified,13655514B38974563194217,Bissau Autonomous Sector,True,True,disjoint,False,False,
component,physical-component:387f19ddab57d7e3a6b102095418d9f3d6e3d97d3593e8881ec754bc3d25c34f,simplified,13655514B4319146558278,Setor de Galomaro,True,True,disjoint,False,False,
component,physical-component:387f19ddab57d7e3a6b102095418d9f3d6e3d97d3593e8881ec754bc3d25c34f,simplified,13655514B44985576134462,Setor de Uno,True,True,disjoint,False,False,
component,physical-component:387f19ddab57d7e3a6b102095418d9f3d6e3d97d3593e8881ec754bc3d25c34f,simplified,13655514B47112439721810,Setor de Nhacra,True,True,disjoint,False,False,
component,physical-component:387f19ddab57d7e3a6b102095418d9f3d6e3d97d3593e8881ec754bc3d25c34f,simplified,13655514B47480576799194,Setor de Sonaco,True,True,disjoint,False,False,
component,physical-component:387f19ddab57d7e3a6b102095418d9f3d6e3d97d3593e8881ec754bc3d25c34f,simplified,13655514B48763126228848,Setor de Bedanda,True,True,disjoint,False,False,
component,physical-component:387f19ddab57d7e3a6b102095418d9f3d6e3d97d3593e8881ec754bc3d25c34f,simplified,13655514B49812801634354,Setor de Mansaba,True,True,disjoint,False,False,
component,physical-component:387f19ddab57d7e3a6b102095418d9f3d6e3d97d3593e8881ec754bc3d25c34f,simplified,13655514B51179315853055,Contuboel,True,True,disjoint,False,False,
component,physical-component:387f19ddab57d7e3a6b102095418d9f3d6e3d97d3593e8881ec754bc3d25c34f,simplified,13655514B53615250576563,Setor de Prabis,True,True,disjoint,False,False,
component,physical-component:387f19ddab57d7e3a6b102095418d9f3d6e3d97d3593e8881ec754bc3d25c34f,simplified,13655514B57644193184055,Setor de Farim,True,True,disjoint,False,False,
component,physical-component:387f19ddab57d7e3a6b102095418d9f3d6e3d97d3593e8881ec754bc3d25c34f,simplified,13655514B57740331915335,Setor de Bissora,True,True,disjoint,False,False,
component,physical-component:387f19ddab57d7e3a6b102095418d9f3d6e3d97d3593e8881ec754bc3d25c34f,simplified,13655514B59106895169358,Setor de Caravela,True,True,positive-area,False,False,component:physical-component:387f19ddab57d7e3a6b102095418d9f3d6e3d97d3593e8881ec754bc3d25c34f|simplified:13655514B59106895169358
component,physical-component:387f19ddab57d7e3a6b102095418d9f3d6e3d97d3593e8881ec754bc3d25c34f,simplified,13655514B65296626482863,Setor de Gabv,True,True,disjoint,False,False,
component,physical-component:387f19ddab57d7e3a6b102095418d9f3d6e3d97d3593e8881ec754bc3d25c34f,simplified,13655514B65471558325414,Setor de Xitole,True,True,disjoint,False,False,
component,physical-component:387f19ddab57d7e3a6b102095418d9f3d6e3d97d3593e8881ec754bc3d25c34f,simplified,13655514B65726406107890,Setor de Gamamundo,True,True,disjoint,False,False,
component,physical-component:387f19ddab57d7e3a6b102095418d9f3d6e3d97d3593e8881ec754bc3d25c34f,simplified,13655514B65757043009502,Setor de Safim,True,True,disjoint,False,False,
component,physical-component:387f19ddab57d7e3a6b102095418d9f3d6e3d97d3593e8881ec754bc3d25c34f,simplified,13655514B66751603958816,Setor de Quinh,True,True,disjoint,False,False,
component,physical-component:387f19ddab57d7e3a6b102095418d9f3d6e3d97d3593e8881ec754bc3d25c34f,simplified,13655514B71925291750028,Setor de Cacine,True,True,disjoint,False,False,
component,physical-component:387f19ddab57d7e3a6b102095418d9f3d6e3d97d3593e8881ec754bc3d25c34f,simplified,13655514B76388735674013,Setor de Bigene,True,True,disjoint,False,False,
component,physical-component:387f19ddab57d7e3a6b102095418d9f3d6e3d97d3593e8881ec754bc3d25c34f,simplified,13655514B77006902429960,Setor de Bolama,True,True,disjoint,False,False,
component,physical-component:387f19ddab57d7e3a6b102095418d9f3d6e3d97d3593e8881ec754bc3d25c34f,simplified,13655514B8216177448850,Setor de Caiv,True,True,disjoint,False,False,
component,physical-component:387f19ddab57d7e3a6b102095418d9f3d6e3d97d3593e8881ec754bc3d25c34f,simplified,13655514B91246233663569,Setor de Canghungo,True,True,disjoint,False,False,
component,physical-component:387f19ddab57d7e3a6b102095418d9f3d6e3d97d3593e8881ec754bc3d25c34f,simplified,13655514B91994517778696,Setor de Sto Domingos,True,True,disjoint,False,False,
component,physical-component:387f19ddab57d7e3a6b102095418d9f3d6e3d97d3593e8881ec754bc3d25c34f,simplified,13655514B9524670555472,Setor de Fulacunda,True,True,disjoint,False,False,
component,physical-component:387f19ddab57d7e3a6b102095418d9f3d6e3d97d3593e8881ec754bc3d25c34f,simplified,13655514B95678269815128,Setor de Cacheu,True,True,disjoint,False,False,
component,physical-component:387f19ddab57d7e3a6b102095418d9f3d6e3d97d3593e8881ec754bc3d25c34f,simplified,13655514B97576906537580,Setor de Pitche,True,True,disjoint,False,False,
component,physical-component:387f19ddab57d7e3a6b102095418d9f3d6e3d97d3593e8881ec754bc3d25c34f,simplified,13655514B98496568253651,Setor de Bubaque,True,True,disjoint,False,False,
component,physical-component:387f19ddab57d7e3a6b102095418d9f3d6e3d97d3593e8881ec754bc3d25c34f,simplified,13655514B99052541590952,Setor de Boe,True,True,disjoint,False,False,
component,physical-component:3ce03adf01fd4f1b148bace1f91b8ab1048069388e50ced166ddc685cc24e336,full,13655514B11561761851968,Setor de Bula,True,True,disjoint,False,False,
component,physical-component:3ce03adf01fd4f1b148bace1f91b8ab1048069388e50ced166ddc685cc24e336,full,13655514B12793543239296,Setor de Quebo,True,True,disjoint,False,False,
component,physical-component:3ce03adf01fd4f1b148bace1f91b8ab1048069388e50ced166ddc685cc24e336,full,13655514B15077734082289,Setor de Bafata,True,True,disjoint,False,False,
component,physical-component:3ce03adf01fd4f1b148bace1f91b8ab1048069388e50ced166ddc685cc24e336,full,13655514B15408487636665,Setor de Madina do Bo˒,True,True,disjoint,False,False,
component,physical-component:3ce03adf01fd4f1b148bace1f91b8ab1048069388e50ced166ddc685cc24e336,full,13655514B16168252486838,Setor de Pirada,True,True,disjoint,False,False,
component,physical-component:3ce03adf01fd4f1b148bace1f91b8ab1048069388e50ced166ddc685cc24e336,full,13655514B168355566476,Setor de Bambadinca,True,True,disjoint,False,False,
component,physical-component:3ce03adf01fd4f1b148bace1f91b8ab1048069388e50ced166ddc685cc24e336,full,13655514B24413703823033,Setor de Catie,True,True,disjoint,False,False,
component,physical-component:3ce03adf01fd4f1b148bace1f91b8ab1048069388e50ced166ddc685cc24e336,full,13655514B30693048438959,Setor de Empada,True,True,disjoint,False,False,
component,physical-component:3ce03adf01fd4f1b148bace1f91b8ab1048069388e50ced166ddc685cc24e336,full,13655514B31772276876031,Setor de Mansoa,True,True,disjoint,False,False,
component,physical-component:3ce03adf01fd4f1b148bace1f91b8ab1048069388e50ced166ddc685cc24e336,full,13655514B37452641895852,Setor de Buba,True,True,disjoint,False,False,
component,physical-component:3ce03adf01fd4f1b148bace1f91b8ab1048069388e50ced166ddc685cc24e336,full,13655514B37576476310465,Setor de Tite,True,True,disjoint,False,False,
component,physical-component:3ce03adf01fd4f1b148bace1f91b8ab1048069388e50ced166ddc685cc24e336,full,13655514B38974563194217,Bissau Autonomous Sector,True,True,disjoint,False,False,
component,physical-component:3ce03adf01fd4f1b148bace1f91b8ab1048069388e50ced166ddc685cc24e336,full,13655514B4319146558278,Setor de Galomaro,True,True,disjoint,False,False,
component,physical-component:3ce03adf01fd4f1b148bace1f91b8ab1048069388e50ced166ddc685cc24e336,full,13655514B44985576134462,Setor de Uno,True,True,positive-area,False,False,component:physical-component:3ce03adf01fd4f1b148bace1f91b8ab1048069388e50ced166ddc685cc24e336|full:13655514B44985576134462
component,physical-component:3ce03adf01fd4f1b148bace1f91b8ab1048069388e50ced166ddc685cc24e336,full,13655514B47112439721810,Setor de Nhacra,True,True,disjoint,False,False,
component,physical-component:3ce03adf01fd4f1b148bace1f91b8ab1048069388e50ced166ddc685cc24e336,full,13655514B47480576799194,Setor de Sonaco,True,True,disjoint,False,False,
component,physical-component:3ce03adf01fd4f1b148bace1f91b8ab1048069388e50ced166ddc685cc24e336,full,13655514B48763126228848,Setor de Bedanda,True,True,disjoint,False,False,
component,physical-component:3ce03adf01fd4f1b148bace1f91b8ab1048069388e50ced166ddc685cc24e336,full,13655514B49812801634354,Setor de Mansaba,True,True,disjoint,False,False,
component,physical-component:3ce03adf01fd4f1b148bace1f91b8ab1048069388e50ced166ddc685cc24e336,full,13655514B51179315853055,Contuboel,True,True,disjoint,False,False,
component,physical-component:3ce03adf01fd4f1b148bace1f91b8ab1048069388e50ced166ddc685cc24e336,full,13655514B53615250576563,Setor de Prabis,True,True,disjoint,False,False,
component,physical-component:3ce03adf01fd4f1b148bace1f91b8ab1048069388e50ced166ddc685cc24e336,full,13655514B57644193184055,Setor de Farim,True,True,disjoint,False,False,
component,physical-component:3ce03adf01fd4f1b148bace1f91b8ab1048069388e50ced166ddc685cc24e336,full,13655514B57740331915335,Setor de Bissora,True,True,disjoint,False,False,
component,physical-component:3ce03adf01fd4f1b148bace1f91b8ab1048069388e50ced166ddc685cc24e336,full,13655514B59106895169358,Setor de Caravela,True,True,disjoint,False,False,
component,physical-component:3ce03adf01fd4f1b148bace1f91b8ab1048069388e50ced166ddc685cc24e336,full,13655514B65296626482863,Setor de Gabv,True,True,disjoint,False,False,
component,physical-component:3ce03adf01fd4f1b148bace1f91b8ab1048069388e50ced166ddc685cc24e336,full,13655514B65471558325414,Setor de Xitole,True,True,disjoint,False,False,
component,physical-component:3ce03adf01fd4f1b148bace1f91b8ab1048069388e50ced166ddc685cc24e336,full,13655514B65726406107890,Setor de Gamamundo,True,True,disjoint,False,False,
component,physical-component:3ce03adf01fd4f1b148bace1f91b8ab1048069388e50ced166ddc685cc24e336,full,13655514B65757043009502,Setor de Safim,True,True,disjoint,False,False,
component,physical-component:3ce03adf01fd4f1b148bace1f91b8ab1048069388e50ced166ddc685cc24e336,full,13655514B66751603958816,Setor de Quinh,True,True,disjoint,False,False,
component,physical-component:3ce03adf01fd4f1b148bace1f91b8ab1048069388e50ced166ddc685cc24e336,full,13655514B71925291750028,Setor de Cacine,True,True,disjoint,False,False,
component,physical-component:3ce03adf01fd4f1b148bace1f91b8ab1048069388e50ced166ddc685cc24e336,full,13655514B76388735674013,Setor de Bigene,True,True,disjoint,False,False,
component,physical-component:3ce03adf01fd4f1b148bace1f91b8ab1048069388e50ced166ddc685cc24e336,full,13655514B77006902429960,Setor de Bolama,True,True,disjoint,False,False,
component,physical-component:3ce03adf01fd4f1b148bace1f91b8ab1048069388e50ced166ddc685cc24e336,full,13655514B8216177448850,Setor de Caiv,True,True,disjoint,False,False,
component,physical-component:3ce03adf01fd4f1b148bace1f91b8ab1048069388e50ced166ddc685cc24e336,full,13655514B91246233663569,Setor de Canghungo,True,True,disjoint,False,False,
component,physical-component:3ce03adf01fd4f1b148bace1f91b8ab1048069388e50ced166ddc685cc24e336,full,13655514B91994517778696,Setor de Sto Domingos,True,True,disjoint,False,False,
component,physical-component:3ce03adf01fd4f1b148bace1f91b8ab1048069388e50ced166ddc685cc24e336,full,13655514B9524670555472,Setor de Fulacunda,True,True,disjoint,False,False,
component,physical-component:3ce03adf01fd4f1b148bace1f91b8ab1048069388e50ced166ddc685cc24e336,full,13655514B95678269815128,Setor de Cacheu,True,True,disjoint,False,False,
component,physical-component:3ce03adf01fd4f1b148bace1f91b8ab1048069388e50ced166ddc685cc24e336,full,13655514B97576906537580,Setor de Pitche,True,True,disjoint,False,False,
component,physical-component:3ce03adf01fd4f1b148bace1f91b8ab1048069388e50ced166ddc685cc24e336,full,13655514B98496568253651,Setor de Bubaque,True,True,disjoint,False,False,
component,physical-component:3ce03adf01fd4f1b148bace1f91b8ab1048069388e50ced166ddc685cc24e336,full,13655514B99052541590952,Setor de Boe,True,True,disjoint,False,False,
component,physical-component:3ce03adf01fd4f1b148bace1f91b8ab1048069388e50ced166ddc685cc24e336,simplified,13655514B11561761851968,Setor de Bula,True,True,disjoint,False,False,
component,physical-component:3ce03adf01fd4f1b148bace1f91b8ab1048069388e50ced166ddc685cc24e336,simplified,13655514B12793543239296,Setor de Quebo,True,True,disjoint,False,False,
component,physical-component:3ce03adf01fd4f1b148bace1f91b8ab1048069388e50ced166ddc685cc24e336,simplified,13655514B15077734082289,Setor de Bafata,True,True,disjoint,False,False,
component,physical-component:3ce03adf01fd4f1b148bace1f91b8ab1048069388e50ced166ddc685cc24e336,simplified,13655514B15408487636665,Setor de Madina do Bo˒,True,True,disjoint,False,False,
component,physical-component:3ce03adf01fd4f1b148bace1f91b8ab1048069388e50ced166ddc685cc24e336,simplified,13655514B16168252486838,Setor de Pirada,True,True,disjoint,False,False,
component,physical-component:3ce03adf01fd4f1b148bace1f91b8ab1048069388e50ced166ddc685cc24e336,simplified,13655514B168355566476,Setor de Bambadinca,True,True,disjoint,False,False,
component,physical-component:3ce03adf01fd4f1b148bace1f91b8ab1048069388e50ced166ddc685cc24e336,simplified,13655514B24413703823033,Setor de Catie,True,True,disjoint,False,False,
component,physical-component:3ce03adf01fd4f1b148bace1f91b8ab1048069388e50ced166ddc685cc24e336,simplified,13655514B30693048438959,Setor de Empada,True,True,disjoint,False,False,
component,physical-component:3ce03adf01fd4f1b148bace1f91b8ab1048069388e50ced166ddc685cc24e336,simplified,13655514B31772276876031,Setor de Mansoa,True,True,disjoint,False,False,
component,physical-component:3ce03adf01fd4f1b148bace1f91b8ab1048069388e50ced166ddc685cc24e336,simplified,13655514B37452641895852,Setor de Buba,True,True,disjoint,False,False,
component,physical-component:3ce03adf01fd4f1b148bace1f91b8ab1048069388e50ced166ddc685cc24e336,simplified,13655514B37576476310465,Setor de Tite,True,True,disjoint,False,False,
component,physical-component:3ce03adf01fd4f1b148bace1f91b8ab1048069388e50ced166ddc685cc24e336,simplified,13655514B38974563194217,Bissau Autonomous Sector,True,True,disjoint,False,False,
component,physical-component:3ce03adf01fd4f1b148bace1f91b8ab1048069388e50ced166ddc685cc24e336,simplified,13655514B4319146558278,Setor de Galomaro,True,True,disjoint,False,False,
component,physical-component:3ce03adf01fd4f1b148bace1f91b8ab1048069388e50ced166ddc685cc24e336,simplified,13655514B44985576134462,Setor de Uno,True,True,positive-area,False,False,component:physical-component:3ce03adf01fd4f1b148bace1f91b8ab1048069388e50ced166ddc685cc24e336|simplified:13655514B44985576134462
component,physical-component:3ce03adf01fd4f1b148bace1f91b8ab1048069388e50ced166ddc685cc24e336,simplified,13655514B47112439721810,Setor de Nhacra,True,True,disjoint,False,False,
component,physical-component:3ce03adf01fd4f1b148bace1f91b8ab1048069388e50ced166ddc685cc24e336,simplified,13655514B47480576799194,Setor de Sonaco,True,True,disjoint,False,False,
component,physical-component:3ce03adf01fd4f1b148bace1f91b8ab1048069388e50ced166ddc685cc24e336,simplified,13655514B48763126228848,Setor de Bedanda,True,True,disjoint,False,False,
component,physical-component:3ce03adf01fd4f1b148bace1f91b8ab1048069388e50ced166ddc685cc24e336,simplified,13655514B49812801634354,Setor de Mansaba,True,True,disjoint,False,False,
component,physical-component:3ce03adf01fd4f1b148bace1f91b8ab1048069388e50ced166ddc685cc24e336,simplified,13655514B51179315853055,Contuboel,True,True,disjoint,False,False,
component,physical-component:3ce03adf01fd4f1b148bace1f91b8ab1048069388e50ced166ddc685cc24e336,simplified,13655514B53615250576563,Setor de Prabis,True,True,disjoint,False,False,
component,physical-component:3ce03adf01fd4f1b148bace1f91b8ab1048069388e50ced166ddc685cc24e336,simplified,13655514B57644193184055,Setor de Farim,True,True,disjoint,False,False,
component,physical-component:3ce03adf01fd4f1b148bace1f91b8ab1048069388e50ced166ddc685cc24e336,simplified,13655514B57740331915335,Setor de Bissora,True,True,disjoint,False,False,
component,physical-component:3ce03adf01fd4f1b148bace1f91b8ab1048069388e50ced166ddc685cc24e336,simplified,13655514B59106895169358,Setor de Caravela,True,True,disjoint,False,False,
component,physical-component:3ce03adf01fd4f1b148bace1f91b8ab1048069388e50ced166ddc685cc24e336,simplified,13655514B65296626482863,Setor de Gabv,True,True,disjoint,False,False,
component,physical-component:3ce03adf01fd4f1b148bace1f91b8ab1048069388e50ced166ddc685cc24e336,simplified,13655514B65471558325414,Setor de Xitole,True,True,disjoint,False,False,
component,physical-component:3ce03adf01fd4f1b148bace1f91b8ab1048069388e50ced166ddc685cc24e336,simplified,13655514B65726406107890,Setor de Gamamundo,True,True,disjoint,False,False,
component,physical-component:3ce03adf01fd4f1b148bace1f91b8ab1048069388e50ced166ddc685cc24e336,simplified,13655514B65757043009502,Setor de Safim,True,True,disjoint,False,False,
component,physical-component:3ce03adf01fd4f1b148bace1f91b8ab1048069388e50ced166ddc685cc24e336,simplified,13655514B66751603958816,Setor de Quinh,True,True,disjoint,False,False,
component,physical-component:3ce03adf01fd4f1b148bace1f91b8ab1048069388e50ced166ddc685cc24e336,simplified,13655514B71925291750028,Setor de Cacine,True,True,disjoint,False,False,
component,physical-component:3ce03adf01fd4f1b148bace1f91b8ab1048069388e50ced166ddc685cc24e336,simplified,13655514B76388735674013,Setor de Bigene,True,True,disjoint,False,False,
component,physical-component:3ce03adf01fd4f1b148bace1f91b8ab1048069388e50ced166ddc685cc24e336,simplified,13655514B77006902429960,Setor de Bolama,True,True,disjoint,False,False,
component,physical-component:3ce03adf01fd4f1b148bace1f91b8ab1048069388e50ced166ddc685cc24e336,simplified,13655514B8216177448850,Setor de Caiv,True,True,disjoint,False,False,
component,physical-component:3ce03adf01fd4f1b148bace1f91b8ab1048069388e50ced166ddc685cc24e336,simplified,13655514B91246233663569,Setor de Canghungo,True,True,disjoint,False,False,
component,physical-component:3ce03adf01fd4f1b148bace1f91b8ab1048069388e50ced166ddc685cc24e336,simplified,13655514B91994517778696,Setor de Sto Domingos,True,True,disjoint,False,False,
component,physical-component:3ce03adf01fd4f1b148bace1f91b8ab1048069388e50ced166ddc685cc24e336,simplified,13655514B9524670555472,Setor de Fulacunda,True,True,disjoint,False,False,
component,physical-component:3ce03adf01fd4f1b148bace1f91b8ab1048069388e50ced166ddc685cc24e336,simplified,13655514B95678269815128,Setor de Cacheu,True,True,disjoint,False,False,
component,physical-component:3ce03adf01fd4f1b148bace1f91b8ab1048069388e50ced166ddc685cc24e336,simplified,13655514B97576906537580,Setor de Pitche,True,True,disjoint,False,False,
component,physical-component:3ce03adf01fd4f1b148bace1f91b8ab1048069388e50ced166ddc685cc24e336,simplified,13655514B98496568253651,Setor de Bubaque,True,True,disjoint,False,False,
component,physical-component:3ce03adf01fd4f1b148bace1f91b8ab1048069388e50ced166ddc685cc24e336,simplified,13655514B99052541590952,Setor de Boe,True,True,disjoint,False,False,
component,physical-component:3de3b7acaae7f331590ea3151563166d1c1b5f6784ba3008561aef3a8f690022,full,13655514B11561761851968,Setor de Bula,True,True,disjoint,False,False,
component,physical-component:3de3b7acaae7f331590ea3151563166d1c1b5f6784ba3008561aef3a8f690022,full,13655514B12793543239296,Setor de Quebo,True,True,disjoint,False,False,
component,physical-component:3de3b7acaae7f331590ea3151563166d1c1b5f6784ba3008561aef3a8f690022,full,13655514B15077734082289,Setor de Bafata,True,True,disjoint,False,False,
component,physical-component:3de3b7acaae7f331590ea3151563166d1c1b5f6784ba3008561aef3a8f690022,full,13655514B15408487636665,Setor de Madina do Bo˒,True,True,disjoint,False,False,
component,physical-component:3de3b7acaae7f331590ea3151563166d1c1b5f6784ba3008561aef3a8f690022,full,13655514B16168252486838,Setor de Pirada,True,True,disjoint,False,False,
component,physical-component:3de3b7acaae7f331590ea3151563166d1c1b5f6784ba3008561aef3a8f690022,full,13655514B168355566476,Setor de Bambadinca,True,True,disjoint,False,False,
component,physical-component:3de3b7acaae7f331590ea3151563166d1c1b5f6784ba3008561aef3a8f690022,full,13655514B24413703823033,Setor de Catie,True,True,disjoint,False,False,
component,physical-component:3de3b7acaae7f331590ea3151563166d1c1b5f6784ba3008561aef3a8f690022,full,13655514B30693048438959,Setor de Empada,True,True,disjoint,False,False,
component,physical-component:3de3b7acaae7f331590ea3151563166d1c1b5f6784ba3008561aef3a8f690022,full,13655514B31772276876031,Setor de Mansoa,True,True,disjoint,False,False,
component,physical-component:3de3b7acaae7f331590ea3151563166d1c1b5f6784ba3008561aef3a8f690022,full,13655514B37452641895852,Setor de Buba,True,True,disjoint,False,False,
component,physical-component:3de3b7acaae7f331590ea3151563166d1c1b5f6784ba3008561aef3a8f690022,full,13655514B37576476310465,Setor de Tite,True,True,disjoint,False,False,
component,physical-component:3de3b7acaae7f331590ea3151563166d1c1b5f6784ba3008561aef3a8f690022,full,13655514B38974563194217,Bissau Autonomous Sector,True,True,disjoint,False,False,
component,physical-component:3de3b7acaae7f331590ea3151563166d1c1b5f6784ba3008561aef3a8f690022,full,13655514B4319146558278,Setor de Galomaro,True,True,disjoint,False,False,
component,physical-component:3de3b7acaae7f331590ea3151563166d1c1b5f6784ba3008561aef3a8f690022,full,13655514B44985576134462,Setor de Uno,True,True,disjoint,False,False,
component,physical-component:3de3b7acaae7f331590ea3151563166d1c1b5f6784ba3008561aef3a8f690022,full,13655514B47112439721810,Setor de Nhacra,True,True,disjoint,False,False,
component,physical-component:3de3b7acaae7f331590ea3151563166d1c1b5f6784ba3008561aef3a8f690022,full,13655514B47480576799194,Setor de Sonaco,True,True,disjoint,False,False,
component,physical-component:3de3b7acaae7f331590ea3151563166d1c1b5f6784ba3008561aef3a8f690022,full,13655514B48763126228848,Setor de Bedanda,True,True,disjoint,False,False,
component,physical-component:3de3b7acaae7f331590ea3151563166d1c1b5f6784ba3008561aef3a8f690022,full,13655514B49812801634354,Setor de Mansaba,True,True,disjoint,False,False,
component,physical-component:3de3b7acaae7f331590ea3151563166d1c1b5f6784ba3008561aef3a8f690022,full,13655514B51179315853055,Contuboel,True,True,disjoint,False,False,
component,physical-component:3de3b7acaae7f331590ea3151563166d1c1b5f6784ba3008561aef3a8f690022,full,13655514B53615250576563,Setor de Prabis,True,True,disjoint,False,False,
component,physical-component:3de3b7acaae7f331590ea3151563166d1c1b5f6784ba3008561aef3a8f690022,full,13655514B57644193184055,Setor de Farim,True,True,disjoint,False,False,
component,physical-component:3de3b7acaae7f331590ea3151563166d1c1b5f6784ba3008561aef3a8f690022,full,13655514B57740331915335,Setor de Bissora,True,True,disjoint,False,False,
component,physical-component:3de3b7acaae7f331590ea3151563166d1c1b5f6784ba3008561aef3a8f690022,full,13655514B59106895169358,Setor de Caravela,True,True,disjoint,False,False,
component,physical-component:3de3b7acaae7f331590ea3151563166d1c1b5f6784ba3008561aef3a8f690022,full,13655514B65296626482863,Setor de Gabv,True,True,disjoint,False,False,
component,physical-component:3de3b7acaae7f331590ea3151563166d1c1b5f6784ba3008561aef3a8f690022,full,13655514B65471558325414,Setor de Xitole,True,True,disjoint,False,False,
component,physical-component:3de3b7acaae7f331590ea3151563166d1c1b5f6784ba3008561aef3a8f690022,full,13655514B65726406107890,Setor de Gamamundo,True,True,disjoint,False,False,
component,physical-component:3de3b7acaae7f331590ea3151563166d1c1b5f6784ba3008561aef3a8f690022,full,13655514B65757043009502,Setor de Safim,True,True,disjoint,False,False,
component,physical-component:3de3b7acaae7f331590ea3151563166d1c1b5f6784ba3008561aef3a8f690022,full,13655514B66751603958816,Setor de Quinh,True,True,disjoint,False,False,
component,physical-component:3de3b7acaae7f331590ea3151563166d1c1b5f6784ba3008561aef3a8f690022,full,13655514B71925291750028,Setor de Cacine,True,True,disjoint,False,False,
component,physical-component:3de3b7acaae7f331590ea3151563166d1c1b5f6784ba3008561aef3a8f690022,full,13655514B76388735674013,Setor de Bigene,True,True,disjoint,False,False,
component,physical-component:3de3b7acaae7f331590ea3151563166d1c1b5f6784ba3008561aef3a8f690022,full,13655514B77006902429960,Setor de Bolama,True,True,positive-area,False,False,component:physical-component:3de3b7acaae7f331590ea3151563166d1c1b5f6784ba3008561aef3a8f690022|full:13655514B77006902429960
component,physical-component:3de3b7acaae7f331590ea3151563166d1c1b5f6784ba3008561aef3a8f690022,full,13655514B8216177448850,Setor de Caiv,True,True,disjoint,False,False,
component,physical-component:3de3b7acaae7f331590ea3151563166d1c1b5f6784ba3008561aef3a8f690022,full,13655514B91246233663569,Setor de Canghungo,True,True,disjoint,False,False,
component,physical-component:3de3b7acaae7f331590ea3151563166d1c1b5f6784ba3008561aef3a8f690022,full,13655514B91994517778696,Setor de Sto Domingos,True,True,disjoint,False,False,
component,physical-component:3de3b7acaae7f331590ea3151563166d1c1b5f6784ba3008561aef3a8f690022,full,13655514B9524670555472,Setor de Fulacunda,True,True,disjoint,False,False,
component,physical-component:3de3b7acaae7f331590ea3151563166d1c1b5f6784ba3008561aef3a8f690022,full,13655514B95678269815128,Setor de Cacheu,True,True,disjoint,False,False,
component,physical-component:3de3b7acaae7f331590ea3151563166d1c1b5f6784ba3008561aef3a8f690022,full,13655514B97576906537580,Setor de Pitche,True,True,disjoint,False,False,
component,physical-component:3de3b7acaae7f331590ea3151563166d1c1b5f6784ba3008561aef3a8f690022,full,13655514B98496568253651,Setor de Bubaque,True,True,disjoint,False,False,
component,physical-component:3de3b7acaae7f331590ea3151563166d1c1b5f6784ba3008561aef3a8f690022,full,13655514B99052541590952,Setor de Boe,True,True,disjoint,False,False,
component,physical-component:3de3b7acaae7f331590ea3151563166d1c1b5f6784ba3008561aef3a8f690022,simplified,13655514B11561761851968,Setor de Bula,True,True,disjoint,False,False,
component,physical-component:3de3b7acaae7f331590ea3151563166d1c1b5f6784ba3008561aef3a8f690022,simplified,13655514B12793543239296,Setor de Quebo,True,True,disjoint,False,False,
component,physical-component:3de3b7acaae7f331590ea3151563166d1c1b5f6784ba3008561aef3a8f690022,simplified,13655514B15077734082289,Setor de Bafata,True,True,disjoint,False,False,
component,physical-component:3de3b7acaae7f331590ea3151563166d1c1b5f6784ba3008561aef3a8f690022,simplified,13655514B15408487636665,Setor de Madina do Bo˒,True,True,disjoint,False,False,
component,physical-component:3de3b7acaae7f331590ea3151563166d1c1b5f6784ba3008561aef3a8f690022,simplified,13655514B16168252486838,Setor de Pirada,True,True,disjoint,False,False,
component,physical-component:3de3b7acaae7f331590ea3151563166d1c1b5f6784ba3008561aef3a8f690022,simplified,13655514B168355566476,Setor de Bambadinca,True,True,disjoint,False,False,
component,physical-component:3de3b7acaae7f331590ea3151563166d1c1b5f6784ba3008561aef3a8f690022,simplified,13655514B24413703823033,Setor de Catie,True,True,disjoint,False,False,
component,physical-component:3de3b7acaae7f331590ea3151563166d1c1b5f6784ba3008561aef3a8f690022,simplified,13655514B30693048438959,Setor de Empada,True,True,disjoint,False,False,
component,physical-component:3de3b7acaae7f331590ea3151563166d1c1b5f6784ba3008561aef3a8f690022,simplified,13655514B31772276876031,Setor de Mansoa,True,True,disjoint,False,False,
component,physical-component:3de3b7acaae7f331590ea3151563166d1c1b5f6784ba3008561aef3a8f690022,simplified,13655514B37452641895852,Setor de Buba,True,True,disjoint,False,False,
component,physical-component:3de3b7acaae7f331590ea3151563166d1c1b5f6784ba3008561aef3a8f690022,simplified,13655514B37576476310465,Setor de Tite,True,True,disjoint,False,False,
component,physical-component:3de3b7acaae7f331590ea3151563166d1c1b5f6784ba3008561aef3a8f690022,simplified,13655514B38974563194217,Bissau Autonomous Sector,True,True,disjoint,False,False,
component,physical-component:3de3b7acaae7f331590ea3151563166d1c1b5f6784ba3008561aef3a8f690022,simplified,13655514B4319146558278,Setor de Galomaro,True,True,disjoint,False,False,
component,physical-component:3de3b7acaae7f331590ea3151563166d1c1b5f6784ba3008561aef3a8f690022,simplified,13655514B44985576134462,Setor de Uno,True,True,disjoint,False,False,
component,physical-component:3de3b7acaae7f331590ea3151563166d1c1b5f6784ba3008561aef3a8f690022,simplified,13655514B47112439721810,Setor de Nhacra,True,True,disjoint,False,False,
component,physical-component:3de3b7acaae7f331590ea3151563166d1c1b5f6784ba3008561aef3a8f690022,simplified,13655514B47480576799194,Setor de Sonaco,True,True,disjoint,False,False,
component,physical-component:3de3b7acaae7f331590ea3151563166d1c1b5f6784ba3008561aef3a8f690022,simplified,13655514B48763126228848,Setor de Bedanda,True,True,disjoint,False,False,
component,physical-component:3de3b7acaae7f331590ea3151563166d1c1b5f6784ba3008561aef3a8f690022,simplified,13655514B49812801634354,Setor de Mansaba,True,True,disjoint,False,False,
component,physical-component:3de3b7acaae7f331590ea3151563166d1c1b5f6784ba3008561aef3a8f690022,simplified,13655514B51179315853055,Contuboel,True,True,disjoint,False,False,
component,physical-component:3de3b7acaae7f331590ea3151563166d1c1b5f6784ba3008561aef3a8f690022,simplified,13655514B53615250576563,Setor de Prabis,True,True,disjoint,False,False,
component,physical-component:3de3b7acaae7f331590ea3151563166d1c1b5f6784ba3008561aef3a8f690022,simplified,13655514B57644193184055,Setor de Farim,True,True,disjoint,False,False,
component,physical-component:3de3b7acaae7f331590ea3151563166d1c1b5f6784ba3008561aef3a8f690022,simplified,13655514B57740331915335,Setor de Bissora,True,True,disjoint,False,False,
component,physical-component:3de3b7acaae7f331590ea3151563166d1c1b5f6784ba3008561aef3a8f690022,simplified,13655514B59106895169358,Setor de Caravela,True,True,disjoint,False,False,
component,physical-component:3de3b7acaae7f331590ea3151563166d1c1b5f6784ba3008561aef3a8f690022,simplified,13655514B65296626482863,Setor de Gabv,True,True,disjoint,False,False,
component,physical-component:3de3b7acaae7f331590ea3151563166d1c1b5f6784ba3008561aef3a8f690022,simplified,13655514B65471558325414,Setor de Xitole,True,True,disjoint,False,False,
component,physical-component:3de3b7acaae7f331590ea3151563166d1c1b5f6784ba3008561aef3a8f690022,simplified,13655514B65726406107890,Setor de Gamamundo,True,True,disjoint,False,False,
component,physical-component:3de3b7acaae7f331590ea3151563166d1c1b5f6784ba3008561aef3a8f690022,simplified,13655514B65757043009502,Setor de Safim,True,True,disjoint,False,False,
component,physical-component:3de3b7acaae7f331590ea3151563166d1c1b5f6784ba3008561aef3a8f690022,simplified,13655514B66751603958816,Setor de Quinh,True,True,disjoint,False,False,
component,physical-component:3de3b7acaae7f331590ea3151563166d1c1b5f6784ba3008561aef3a8f690022,simplified,13655514B71925291750028,Setor de Cacine,True,True,disjoint,False,False,
component,physical-component:3de3b7acaae7f331590ea3151563166d1c1b5f6784ba3008561aef3a8f690022,simplified,13655514B76388735674013,Setor de Bigene,True,True,disjoint,False,False,
component,physical-component:3de3b7acaae7f331590ea3151563166d1c1b5f6784ba3008561aef3a8f690022,simplified,13655514B77006902429960,Setor de Bolama,True,True,positive-area,False,False,component:physical-component:3de3b7acaae7f331590ea3151563166d1c1b5f6784ba3008561aef3a8f690022|simplified:13655514B77006902429960
component,physical-component:3de3b7acaae7f331590ea3151563166d1c1b5f6784ba3008561aef3a8f690022,simplified,13655514B8216177448850,Setor de Caiv,True,True,disjoint,False,False,
component,physical-component:3de3b7acaae7f331590ea3151563166d1c1b5f6784ba3008561aef3a8f690022,simplified,13655514B91246233663569,Setor de Canghungo,True,True,disjoint,False,False,
component,physical-component:3de3b7acaae7f331590ea3151563166d1c1b5f6784ba3008561aef3a8f690022,simplified,13655514B91994517778696,Setor de Sto Domingos,True,True,disjoint,False,False,
component,physical-component:3de3b7acaae7f331590ea3151563166d1c1b5f6784ba3008561aef3a8f690022,simplified,13655514B9524670555472,Setor de Fulacunda,True,True,disjoint,False,False,
component,physical-component:3de3b7acaae7f331590ea3151563166d1c1b5f6784ba3008561aef3a8f690022,simplified,13655514B95678269815128,Setor de Cacheu,True,True,disjoint,False,False,
component,physical-component:3de3b7acaae7f331590ea3151563166d1c1b5f6784ba3008561aef3a8f690022,simplified,13655514B97576906537580,Setor de Pitche,True,True,disjoint,False,False,
component,physical-component:3de3b7acaae7f331590ea3151563166d1c1b5f6784ba3008561aef3a8f690022,simplified,13655514B98496568253651,Setor de Bubaque,True,True,disjoint,False,False,
component,physical-component:3de3b7acaae7f331590ea3151563166d1c1b5f6784ba3008561aef3a8f690022,simplified,13655514B99052541590952,Setor de Boe,True,True,disjoint,False,False,
component,physical-component:3e4540fdd63763b3ef63ed0df6e172c4672e72bffc9aef7efc8898e0858f2207,full,13655514B11561761851968,Setor de Bula,True,True,disjoint,False,False,
component,physical-component:3e4540fdd63763b3ef63ed0df6e172c4672e72bffc9aef7efc8898e0858f2207,full,13655514B12793543239296,Setor de Quebo,True,True,disjoint,False,False,
component,physical-component:3e4540fdd63763b3ef63ed0df6e172c4672e72bffc9aef7efc8898e0858f2207,full,13655514B15077734082289,Setor de Bafata,True,True,disjoint,False,False,
component,physical-component:3e4540fdd63763b3ef63ed0df6e172c4672e72bffc9aef7efc8898e0858f2207,full,13655514B15408487636665,Setor de Madina do Bo˒,True,True,disjoint,False,False,
component,physical-component:3e4540fdd63763b3ef63ed0df6e172c4672e72bffc9aef7efc8898e0858f2207,full,13655514B16168252486838,Setor de Pirada,True,True,disjoint,False,False,
component,physical-component:3e4540fdd63763b3ef63ed0df6e172c4672e72bffc9aef7efc8898e0858f2207,full,13655514B168355566476,Setor de Bambadinca,True,True,disjoint,False,False,
component,physical-component:3e4540fdd63763b3ef63ed0df6e172c4672e72bffc9aef7efc8898e0858f2207,full,13655514B24413703823033,Setor de Catie,True,True,disjoint,False,False,
component,physical-component:3e4540fdd63763b3ef63ed0df6e172c4672e72bffc9aef7efc8898e0858f2207,full,13655514B30693048438959,Setor de Empada,True,True,disjoint,False,False,
component,physical-component:3e4540fdd63763b3ef63ed0df6e172c4672e72bffc9aef7efc8898e0858f2207,full,13655514B31772276876031,Setor de Mansoa,True,True,disjoint,False,False,
component,physical-component:3e4540fdd63763b3ef63ed0df6e172c4672e72bffc9aef7efc8898e0858f2207,full,13655514B37452641895852,Setor de Buba,True,True,disjoint,False,False,
component,physical-component:3e4540fdd63763b3ef63ed0df6e172c4672e72bffc9aef7efc8898e0858f2207,full,13655514B37576476310465,Setor de Tite,True,True,disjoint,False,False,
component,physical-component:3e4540fdd63763b3ef63ed0df6e172c4672e72bffc9aef7efc8898e0858f2207,full,13655514B38974563194217,Bissau Autonomous Sector,True,True,disjoint,False,False,
component,physical-component:3e4540fdd63763b3ef63ed0df6e172c4672e72bffc9aef7efc8898e0858f2207,full,13655514B4319146558278,Setor de Galomaro,True,True,disjoint,False,False,
component,physical-component:3e4540fdd63763b3ef63ed0df6e172c4672e72bffc9aef7efc8898e0858f2207,full,13655514B44985576134462,Setor de Uno,True,True,disjoint,False,False,
component,physical-component:3e4540fdd63763b3ef63ed0df6e172c4672e72bffc9aef7efc8898e0858f2207,full,13655514B47112439721810,Setor de Nhacra,True,True,disjoint,False,False,
component,physical-component:3e4540fdd63763b3ef63ed0df6e172c4672e72bffc9aef7efc8898e0858f2207,full,13655514B47480576799194,Setor de Sonaco,True,True,disjoint,False,False,
component,physical-component:3e4540fdd63763b3ef63ed0df6e172c4672e72bffc9aef7efc8898e0858f2207,full,13655514B48763126228848,Setor de Bedanda,True,True,disjoint,False,False,
component,physical-component:3e4540fdd63763b3ef63ed0df6e172c4672e72bffc9aef7efc8898e0858f2207,full,13655514B49812801634354,Setor de Mansaba,True,True,disjoint,False,False,
component,physical-component:3e4540fdd63763b3ef63ed0df6e172c4672e72bffc9aef7efc8898e0858f2207,full,13655514B51179315853055,Contuboel,True,True,disjoint,False,False,
component,physical-component:3e4540fdd63763b3ef63ed0df6e172c4672e72bffc9aef7efc8898e0858f2207,full,13655514B53615250576563,Setor de Prabis,True,True,disjoint,False,False,
component,physical-component:3e4540fdd63763b3ef63ed0df6e172c4672e72bffc9aef7efc8898e0858f2207,full,13655514B57644193184055,Setor de Farim,True,True,disjoint,False,False,
component,physical-component:3e4540fdd63763b3ef63ed0df6e172c4672e72bffc9aef7efc8898e0858f2207,full,13655514B57740331915335,Setor de Bissora,True,True,disjoint,False,False,
component,physical-component:3e4540fdd63763b3ef63ed0df6e172c4672e72bffc9aef7efc8898e0858f2207,full,13655514B59106895169358,Setor de Caravela,True,True,disjoint,False,False,
component,physical-component:3e4540fdd63763b3ef63ed0df6e172c4672e72bffc9aef7efc8898e0858f2207,full,13655514B65296626482863,Setor de Gabv,True,True,disjoint,False,False,
component,physical-component:3e4540fdd63763b3ef63ed0df6e172c4672e72bffc9aef7efc8898e0858f2207,full,13655514B65471558325414,Setor de Xitole,True,True,disjoint,False,False,
component,physical-component:3e4540fdd63763b3ef63ed0df6e172c4672e72bffc9aef7efc8898e0858f2207,full,13655514B65726406107890,Setor de Gamamundo,True,True,disjoint,False,False,
component,physical-component:3e4540fdd63763b3ef63ed0df6e172c4672e72bffc9aef7efc8898e0858f2207,full,13655514B65757043009502,Setor de Safim,True,True,disjoint,False,False,
component,physical-component:3e4540fdd63763b3ef63ed0df6e172c4672e72bffc9aef7efc8898e0858f2207,full,13655514B66751603958816,Setor de Quinh,True,True,disjoint,False,False,
component,physical-component:3e4540fdd63763b3ef63ed0df6e172c4672e72bffc9aef7efc8898e0858f2207,full,13655514B71925291750028,Setor de Cacine,True,True,disjoint,False,False,
component,physical-component:3e4540fdd63763b3ef63ed0df6e172c4672e72bffc9aef7efc8898e0858f2207,full,13655514B76388735674013,Setor de Bigene,True,True,disjoint,False,False,
component,physical-component:3e4540fdd63763b3ef63ed0df6e172c4672e72bffc9aef7efc8898e0858f2207,full,13655514B77006902429960,Setor de Bolama,True,True,positive-area,False,False,component:physical-component:3e4540fdd63763b3ef63ed0df6e172c4672e72bffc9aef7efc8898e0858f2207|full:13655514B77006902429960
component,physical-component:3e4540fdd63763b3ef63ed0df6e172c4672e72bffc9aef7efc8898e0858f2207,full,13655514B8216177448850,Setor de Caiv,True,True,disjoint,False,False,
component,physical-component:3e4540fdd63763b3ef63ed0df6e172c4672e72bffc9aef7efc8898e0858f2207,full,13655514B91246233663569,Setor de Canghungo,True,True,disjoint,False,False,
component,physical-component:3e4540fdd63763b3ef63ed0df6e172c4672e72bffc9aef7efc8898e0858f2207,full,13655514B91994517778696,Setor de Sto Domingos,True,True,disjoint,False,False,
component,physical-component:3e4540fdd63763b3ef63ed0df6e172c4672e72bffc9aef7efc8898e0858f2207,full,13655514B9524670555472,Setor de Fulacunda,True,True,disjoint,False,False,
component,physical-component:3e4540fdd63763b3ef63ed0df6e172c4672e72bffc9aef7efc8898e0858f2207,full,13655514B95678269815128,Setor de Cacheu,True,True,disjoint,False,False,
component,physical-component:3e4540fdd63763b3ef63ed0df6e172c4672e72bffc9aef7efc8898e0858f2207,full,13655514B97576906537580,Setor de Pitche,True,True,disjoint,False,False,
component,physical-component:3e4540fdd63763b3ef63ed0df6e172c4672e72bffc9aef7efc8898e0858f2207,full,13655514B98496568253651,Setor de Bubaque,True,True,disjoint,False,False,
component,physical-component:3e4540fdd63763b3ef63ed0df6e172c4672e72bffc9aef7efc8898e0858f2207,full,13655514B99052541590952,Setor de Boe,True,True,disjoint,False,False,
component,physical-component:3e4540fdd63763b3ef63ed0df6e172c4672e72bffc9aef7efc8898e0858f2207,simplified,13655514B11561761851968,Setor de Bula,True,True,disjoint,False,False,
component,physical-component:3e4540fdd63763b3ef63ed0df6e172c4672e72bffc9aef7efc8898e0858f2207,simplified,13655514B12793543239296,Setor de Quebo,True,True,disjoint,False,False,
component,physical-component:3e4540fdd63763b3ef63ed0df6e172c4672e72bffc9aef7efc8898e0858f2207,simplified,13655514B15077734082289,Setor de Bafata,True,True,disjoint,False,False,
component,physical-component:3e4540fdd63763b3ef63ed0df6e172c4672e72bffc9aef7efc8898e0858f2207,simplified,13655514B15408487636665,Setor de Madina do Bo˒,True,True,disjoint,False,False,
component,physical-component:3e4540fdd63763b3ef63ed0df6e172c4672e72bffc9aef7efc8898e0858f2207,simplified,13655514B16168252486838,Setor de Pirada,True,True,disjoint,False,False,
component,physical-component:3e4540fdd63763b3ef63ed0df6e172c4672e72bffc9aef7efc8898e0858f2207,simplified,13655514B168355566476,Setor de Bambadinca,True,True,disjoint,False,False,
component,physical-component:3e4540fdd63763b3ef63ed0df6e172c4672e72bffc9aef7efc8898e0858f2207,simplified,13655514B24413703823033,Setor de Catie,True,True,disjoint,False,False,
component,physical-component:3e4540fdd63763b3ef63ed0df6e172c4672e72bffc9aef7efc8898e0858f2207,simplified,13655514B30693048438959,Setor de Empada,True,True,disjoint,False,False,
component,physical-component:3e4540fdd63763b3ef63ed0df6e172c4672e72bffc9aef7efc8898e0858f2207,simplified,13655514B31772276876031,Setor de Mansoa,True,True,disjoint,False,False,
component,physical-component:3e4540fdd63763b3ef63ed0df6e172c4672e72bffc9aef7efc8898e0858f2207,simplified,13655514B37452641895852,Setor de Buba,True,True,disjoint,False,False,
component,physical-component:3e4540fdd63763b3ef63ed0df6e172c4672e72bffc9aef7efc8898e0858f2207,simplified,13655514B37576476310465,Setor de Tite,True,True,disjoint,False,False,
component,physical-component:3e4540fdd63763b3ef63ed0df6e172c4672e72bffc9aef7efc8898e0858f2207,simplified,13655514B38974563194217,Bissau Autonomous Sector,True,True,disjoint,False,False,
component,physical-component:3e4540fdd63763b3ef63ed0df6e172c4672e72bffc9aef7efc8898e0858f2207,simplified,13655514B4319146558278,Setor de Galomaro,True,True,disjoint,False,False,
component,physical-component:3e4540fdd63763b3ef63ed0df6e172c4672e72bffc9aef7efc8898e0858f2207,simplified,13655514B44985576134462,Setor de Uno,True,True,disjoint,False,False,
component,physical-component:3e4540fdd63763b3ef63ed0df6e172c4672e72bffc9aef7efc8898e0858f2207,simplified,13655514B47112439721810,Setor de Nhacra,True,True,disjoint,False,False,
component,physical-component:3e4540fdd63763b3ef63ed0df6e172c4672e72bffc9aef7efc8898e0858f2207,simplified,13655514B47480576799194,Setor de Sonaco,True,True,disjoint,False,False,
component,physical-component:3e4540fdd63763b3ef63ed0df6e172c4672e72bffc9aef7efc8898e0858f2207,simplified,13655514B48763126228848,Setor de Bedanda,True,True,disjoint,False,False,
component,physical-component:3e4540fdd63763b3ef63ed0df6e172c4672e72bffc9aef7efc8898e0858f2207,simplified,13655514B49812801634354,Setor de Mansaba,True,True,disjoint,False,False,
component,physical-component:3e4540fdd63763b3ef63ed0df6e172c4672e72bffc9aef7efc8898e0858f2207,simplified,13655514B51179315853055,Contuboel,True,True,disjoint,False,False,
component,physical-component:3e4540fdd63763b3ef63ed0df6e172c4672e72bffc9aef7efc8898e0858f2207,simplified,13655514B53615250576563,Setor de Prabis,True,True,disjoint,False,False,
component,physical-component:3e4540fdd63763b3ef63ed0df6e172c4672e72bffc9aef7efc8898e0858f2207,simplified,13655514B57644193184055,Setor de Farim,True,True,disjoint,False,False,
component,physical-component:3e4540fdd63763b3ef63ed0df6e172c4672e72bffc9aef7efc8898e0858f2207,simplified,13655514B57740331915335,Setor de Bissora,True,True,disjoint,False,False,
component,physical-component:3e4540fdd63763b3ef63ed0df6e172c4672e72bffc9aef7efc8898e0858f2207,simplified,13655514B59106895169358,Setor de Caravela,True,True,disjoint,False,False,
component,physical-component:3e4540fdd63763b3ef63ed0df6e172c4672e72bffc9aef7efc8898e0858f2207,simplified,13655514B65296626482863,Setor de Gabv,True,True,disjoint,False,False,
component,physical-component:3e4540fdd63763b3ef63ed0df6e172c4672e72bffc9aef7efc8898e0858f2207,simplified,13655514B65471558325414,Setor de Xitole,True,True,disjoint,False,False,
component,physical-component:3e4540fdd63763b3ef63ed0df6e172c4672e72bffc9aef7efc8898e0858f2207,simplified,13655514B65726406107890,Setor de Gamamundo,True,True,disjoint,False,False,
component,physical-component:3e4540fdd63763b3ef63ed0df6e172c4672e72bffc9aef7efc8898e0858f2207,simplified,13655514B65757043009502,Setor de Safim,True,True,disjoint,False,False,
component,physical-component:3e4540fdd63763b3ef63ed0df6e172c4672e72bffc9aef7efc8898e0858f2207,simplified,13655514B66751603958816,Setor de Quinh,True,True,disjoint,False,False,
component,physical-component:3e4540fdd63763b3ef63ed0df6e172c4672e72bffc9aef7efc8898e0858f2207,simplified,13655514B71925291750028,Setor de Cacine,True,True,disjoint,False,False,
component,physical-component:3e4540fdd63763b3ef63ed0df6e172c4672e72bffc9aef7efc8898e0858f2207,simplified,13655514B76388735674013,Setor de Bigene,True,True,disjoint,False,False,
component,physical-component:3e4540fdd63763b3ef63ed0df6e172c4672e72bffc9aef7efc8898e0858f2207,simplified,13655514B77006902429960,Setor de Bolama,True,True,positive-area,False,False,component:physical-component:3e4540fdd63763b3ef63ed0df6e172c4672e72bffc9aef7efc8898e0858f2207|simplified:13655514B77006902429960
component,physical-component:3e4540fdd63763b3ef63ed0df6e172c4672e72bffc9aef7efc8898e0858f2207,simplified,13655514B8216177448850,Setor de Caiv,True,True,disjoint,False,False,
component,physical-component:3e4540fdd63763b3ef63ed0df6e172c4672e72bffc9aef7efc8898e0858f2207,simplified,13655514B91246233663569,Setor de Canghungo,True,True,disjoint,False,False,
component,physical-component:3e4540fdd63763b3ef63ed0df6e172c4672e72bffc9aef7efc8898e0858f2207,simplified,13655514B91994517778696,Setor de Sto Domingos,True,True,disjoint,False,False,
component,physical-component:3e4540fdd63763b3ef63ed0df6e172c4672e72bffc9aef7efc8898e0858f2207,simplified,13655514B9524670555472,Setor de Fulacunda,True,True,disjoint,False,False,
component,physical-component:3e4540fdd63763b3ef63ed0df6e172c4672e72bffc9aef7efc8898e0858f2207,simplified,13655514B95678269815128,Setor de Cacheu,True,True,disjoint,False,False,
component,physical-component:3e4540fdd63763b3ef63ed0df6e172c4672e72bffc9aef7efc8898e0858f2207,simplified,13655514B97576906537580,Setor de Pitche,True,True,disjoint,False,False,
component,physical-component:3e4540fdd63763b3ef63ed0df6e172c4672e72bffc9aef7efc8898e0858f2207,simplified,13655514B98496568253651,Setor de Bubaque,True,True,disjoint,False,False,
component,physical-component:3e4540fdd63763b3ef63ed0df6e172c4672e72bffc9aef7efc8898e0858f2207,simplified,13655514B99052541590952,Setor de Boe,True,True,disjoint,False,False,
component,physical-component:3e9b8941c625dc8ef27e1eac62181cd234010b0a87aca74a0c96fe63e6f182e0,full,13655514B11561761851968,Setor de Bula,True,True,disjoint,False,False,
component,physical-component:3e9b8941c625dc8ef27e1eac62181cd234010b0a87aca74a0c96fe63e6f182e0,full,13655514B12793543239296,Setor de Quebo,True,True,disjoint,False,False,
component,physical-component:3e9b8941c625dc8ef27e1eac62181cd234010b0a87aca74a0c96fe63e6f182e0,full,13655514B15077734082289,Setor de Bafata,True,True,disjoint,False,False,
component,physical-component:3e9b8941c625dc8ef27e1eac62181cd234010b0a87aca74a0c96fe63e6f182e0,full,13655514B15408487636665,Setor de Madina do Bo˒,True,True,disjoint,False,False,
component,physical-component:3e9b8941c625dc8ef27e1eac62181cd234010b0a87aca74a0c96fe63e6f182e0,full,13655514B16168252486838,Setor de Pirada,True,True,disjoint,False,False,
component,physical-component:3e9b8941c625dc8ef27e1eac62181cd234010b0a87aca74a0c96fe63e6f182e0,full,13655514B168355566476,Setor de Bambadinca,True,True,disjoint,False,False,
component,physical-component:3e9b8941c625dc8ef27e1eac62181cd234010b0a87aca74a0c96fe63e6f182e0,full,13655514B24413703823033,Setor de Catie,True,True,disjoint,False,False,
component,physical-component:3e9b8941c625dc8ef27e1eac62181cd234010b0a87aca74a0c96fe63e6f182e0,full,13655514B30693048438959,Setor de Empada,True,True,disjoint,False,False,
component,physical-component:3e9b8941c625dc8ef27e1eac62181cd234010b0a87aca74a0c96fe63e6f182e0,full,13655514B31772276876031,Setor de Mansoa,True,True,disjoint,False,False,
component,physical-component:3e9b8941c625dc8ef27e1eac62181cd234010b0a87aca74a0c96fe63e6f182e0,full,13655514B37452641895852,Setor de Buba,True,True,disjoint,False,False,
component,physical-component:3e9b8941c625dc8ef27e1eac62181cd234010b0a87aca74a0c96fe63e6f182e0,full,13655514B37576476310465,Setor de Tite,True,True,disjoint,False,False,
component,physical-component:3e9b8941c625dc8ef27e1eac62181cd234010b0a87aca74a0c96fe63e6f182e0,full,13655514B38974563194217,Bissau Autonomous Sector,True,True,disjoint,False,False,
component,physical-component:3e9b8941c625dc8ef27e1eac62181cd234010b0a87aca74a0c96fe63e6f182e0,full,13655514B4319146558278,Setor de Galomaro,True,True,disjoint,False,False,
component,physical-component:3e9b8941c625dc8ef27e1eac62181cd234010b0a87aca74a0c96fe63e6f182e0,full,13655514B44985576134462,Setor de Uno,True,True,disjoint,False,False,
component,physical-component:3e9b8941c625dc8ef27e1eac62181cd234010b0a87aca74a0c96fe63e6f182e0,full,13655514B47112439721810,Setor de Nhacra,True,True,disjoint,False,False,
component,physical-component:3e9b8941c625dc8ef27e1eac62181cd234010b0a87aca74a0c96fe63e6f182e0,full,13655514B47480576799194,Setor de Sonaco,True,True,disjoint,False,False,
component,physical-component:3e9b8941c625dc8ef27e1eac62181cd234010b0a87aca74a0c96fe63e6f182e0,full,13655514B48763126228848,Setor de Bedanda,True,True,disjoint,False,False,
component,physical-component:3e9b8941c625dc8ef27e1eac62181cd234010b0a87aca74a0c96fe63e6f182e0,full,13655514B49812801634354,Setor de Mansaba,True,True,disjoint,False,False,
component,physical-component:3e9b8941c625dc8ef27e1eac62181cd234010b0a87aca74a0c96fe63e6f182e0,full,13655514B51179315853055,Contuboel,True,True,disjoint,False,False,
component,physical-component:3e9b8941c625dc8ef27e1eac62181cd234010b0a87aca74a0c96fe63e6f182e0,full,13655514B53615250576563,Setor de Prabis,True,True,disjoint,False,False,
component,physical-component:3e9b8941c625dc8ef27e1eac62181cd234010b0a87aca74a0c96fe63e6f182e0,full,13655514B57644193184055,Setor de Farim,True,True,disjoint,False,False,
component,physical-component:3e9b8941c625dc8ef27e1eac62181cd234010b0a87aca74a0c96fe63e6f182e0,full,13655514B57740331915335,Setor de Bissora,True,True,disjoint,False,False,
component,physical-component:3e9b8941c625dc8ef27e1eac62181cd234010b0a87aca74a0c96fe63e6f182e0,full,13655514B59106895169358,Setor de Caravela,True,True,positive-area,False,False,component:physical-component:3e9b8941c625dc8ef27e1eac62181cd234010b0a87aca74a0c96fe63e6f182e0|full:13655514B59106895169358
component,physical-component:3e9b8941c625dc8ef27e1eac62181cd234010b0a87aca74a0c96fe63e6f182e0,full,13655514B65296626482863,Setor de Gabv,True,True,disjoint,False,False,
component,physical-component:3e9b8941c625dc8ef27e1eac62181cd234010b0a87aca74a0c96fe63e6f182e0,full,13655514B65471558325414,Setor de Xitole,True,True,disjoint,False,False,
component,physical-component:3e9b8941c625dc8ef27e1eac62181cd234010b0a87aca74a0c96fe63e6f182e0,full,13655514B65726406107890,Setor de Gamamundo,True,True,disjoint,False,False,
component,physical-component:3e9b8941c625dc8ef27e1eac62181cd234010b0a87aca74a0c96fe63e6f182e0,full,13655514B65757043009502,Setor de Safim,True,True,disjoint,False,False,
component,physical-component:3e9b8941c625dc8ef27e1eac62181cd234010b0a87aca74a0c96fe63e6f182e0,full,13655514B66751603958816,Setor de Quinh,True,True,disjoint,False,False,
component,physical-component:3e9b8941c625dc8ef27e1eac62181cd234010b0a87aca74a0c96fe63e6f182e0,full,13655514B71925291750028,Setor de Cacine,True,True,disjoint,False,False,
component,physical-component:3e9b8941c625dc8ef27e1eac62181cd234010b0a87aca74a0c96fe63e6f182e0,full,13655514B76388735674013,Setor de Bigene,True,True,disjoint,False,False,
component,physical-component:3e9b8941c625dc8ef27e1eac62181cd234010b0a87aca74a0c96fe63e6f182e0,full,13655514B77006902429960,Setor de Bolama,True,True,disjoint,False,False,
component,physical-component:3e9b8941c625dc8ef27e1eac62181cd234010b0a87aca74a0c96fe63e6f182e0,full,13655514B8216177448850,Setor de Caiv,True,True,disjoint,False,False,
component,physical-component:3e9b8941c625dc8ef27e1eac62181cd234010b0a87aca74a0c96fe63e6f182e0,full,13655514B91246233663569,Setor de Canghungo,True,True,disjoint,False,False,
component,physical-component:3e9b8941c625dc8ef27e1eac62181cd234010b0a87aca74a0c96fe63e6f182e0,full,13655514B91994517778696,Setor de Sto Domingos,True,True,disjoint,False,False,
component,physical-component:3e9b8941c625dc8ef27e1eac62181cd234010b0a87aca74a0c96fe63e6f182e0,full,13655514B9524670555472,Setor de Fulacunda,True,True,disjoint,False,False,
component,physical-component:3e9b8941c625dc8ef27e1eac62181cd234010b0a87aca74a0c96fe63e6f182e0,full,13655514B95678269815128,Setor de Cacheu,True,True,disjoint,False,False,
component,physical-component:3e9b8941c625dc8ef27e1eac62181cd234010b0a87aca74a0c96fe63e6f182e0,full,13655514B97576906537580,Setor de Pitche,True,True,disjoint,False,False,
component,physical-component:3e9b8941c625dc8ef27e1eac62181cd234010b0a87aca74a0c96fe63e6f182e0,full,13655514B98496568253651,Setor de Bubaque,True,True,disjoint,False,False,
component,physical-component:3e9b8941c625dc8ef27e1eac62181cd234010b0a87aca74a0c96fe63e6f182e0,full,13655514B99052541590952,Setor de Boe,True,True,disjoint,False,False,
component,physical-component:3e9b8941c625dc8ef27e1eac62181cd234010b0a87aca74a0c96fe63e6f182e0,simplified,13655514B11561761851968,Setor de Bula,True,True,disjoint,False,False,
component,physical-component:3e9b8941c625dc8ef27e1eac62181cd234010b0a87aca74a0c96fe63e6f182e0,simplified,13655514B12793543239296,Setor de Quebo,True,True,disjoint,False,False,
component,physical-component:3e9b8941c625dc8ef27e1eac62181cd234010b0a87aca74a0c96fe63e6f182e0,simplified,13655514B15077734082289,Setor de Bafata,True,True,disjoint,False,False,
component,physical-component:3e9b8941c625dc8ef27e1eac62181cd234010b0a87aca74a0c96fe63e6f182e0,simplified,13655514B15408487636665,Setor de Madina do Bo˒,True,True,disjoint,False,False,
component,physical-component:3e9b8941c625dc8ef27e1eac62181cd234010b0a87aca74a0c96fe63e6f182e0,simplified,13655514B16168252486838,Setor de Pirada,True,True,disjoint,False,False,
component,physical-component:3e9b8941c625dc8ef27e1eac62181cd234010b0a87aca74a0c96fe63e6f182e0,simplified,13655514B168355566476,Setor de Bambadinca,True,True,disjoint,False,False,
component,physical-component:3e9b8941c625dc8ef27e1eac62181cd234010b0a87aca74a0c96fe63e6f182e0,simplified,13655514B24413703823033,Setor de Catie,True,True,disjoint,False,False,
component,physical-component:3e9b8941c625dc8ef27e1eac62181cd234010b0a87aca74a0c96fe63e6f182e0,simplified,13655514B30693048438959,Setor de Empada,True,True,disjoint,False,False,
component,physical-component:3e9b8941c625dc8ef27e1eac62181cd234010b0a87aca74a0c96fe63e6f182e0,simplified,13655514B31772276876031,Setor de Mansoa,True,True,disjoint,False,False,
component,physical-component:3e9b8941c625dc8ef27e1eac62181cd234010b0a87aca74a0c96fe63e6f182e0,simplified,13655514B37452641895852,Setor de Buba,True,True,disjoint,False,False,
component,physical-component:3e9b8941c625dc8ef27e1eac62181cd234010b0a87aca74a0c96fe63e6f182e0,simplified,13655514B37576476310465,Setor de Tite,True,True,disjoint,False,False,
component,physical-component:3e9b8941c625dc8ef27e1eac62181cd234010b0a87aca74a0c96fe63e6f182e0,simplified,13655514B38974563194217,Bissau Autonomous Sector,True,True,disjoint,False,False,
component,physical-component:3e9b8941c625dc8ef27e1eac62181cd234010b0a87aca74a0c96fe63e6f182e0,simplified,13655514B4319146558278,Setor de Galomaro,True,True,disjoint,False,False,
component,physical-component:3e9b8941c625dc8ef27e1eac62181cd234010b0a87aca74a0c96fe63e6f182e0,simplified,13655514B44985576134462,Setor de Uno,True,True,disjoint,False,False,
component,physical-component:3e9b8941c625dc8ef27e1eac62181cd234010b0a87aca74a0c96fe63e6f182e0,simplified,13655514B47112439721810,Setor de Nhacra,True,True,disjoint,False,False,
component,physical-component:3e9b8941c625dc8ef27e1eac62181cd234010b0a87aca74a0c96fe63e6f182e0,simplified,13655514B47480576799194,Setor de Sonaco,True,True,disjoint,False,False,
component,physical-component:3e9b8941c625dc8ef27e1eac62181cd234010b0a87aca74a0c96fe63e6f182e0,simplified,13655514B48763126228848,Setor de Bedanda,True,True,disjoint,False,False,
component,physical-component:3e9b8941c625dc8ef27e1eac62181cd234010b0a87aca74a0c96fe63e6f182e0,simplified,13655514B49812801634354,Setor de Mansaba,True,True,disjoint,False,False,
component,physical-component:3e9b8941c625dc8ef27e1eac62181cd234010b0a87aca74a0c96fe63e6f182e0,simplified,13655514B51179315853055,Contuboel,True,True,disjoint,False,False,
component,physical-component:3e9b8941c625dc8ef27e1eac62181cd234010b0a87aca74a0c96fe63e6f182e0,simplified,13655514B53615250576563,Setor de Prabis,True,True,disjoint,False,False,
component,physical-component:3e9b8941c625dc8ef27e1eac62181cd234010b0a87aca74a0c96fe63e6f182e0,simplified,13655514B57644193184055,Setor de Farim,True,True,disjoint,False,False,
component,physical-component:3e9b8941c625dc8ef27e1eac62181cd234010b0a87aca74a0c96fe63e6f182e0,simplified,13655514B57740331915335,Setor de Bissora,True,True,disjoint,False,False,
component,physical-component:3e9b8941c625dc8ef27e1eac62181cd234010b0a87aca74a0c96fe63e6f182e0,simplified,13655514B59106895169358,Setor de Caravela,True,True,positive-area,False,False,component:physical-component:3e9b8941c625dc8ef27e1eac62181cd234010b0a87aca74a0c96fe63e6f182e0|simplified:13655514B59106895169358
component,physical-component:3e9b8941c625dc8ef27e1eac62181cd234010b0a87aca74a0c96fe63e6f182e0,simplified,13655514B65296626482863,Setor de Gabv,True,True,disjoint,False,False,
component,physical-component:3e9b8941c625dc8ef27e1eac62181cd234010b0a87aca74a0c96fe63e6f182e0,simplified,13655514B65471558325414,Setor de Xitole,True,True,disjoint,False,False,
component,physical-component:3e9b8941c625dc8ef27e1eac62181cd234010b0a87aca74a0c96fe63e6f182e0,simplified,13655514B65726406107890,Setor de Gamamundo,True,True,disjoint,False,False,
component,physical-component:3e9b8941c625dc8ef27e1eac62181cd234010b0a87aca74a0c96fe63e6f182e0,simplified,13655514B65757043009502,Setor de Safim,True,True,disjoint,False,False,
component,physical-component:3e9b8941c625dc8ef27e1eac62181cd234010b0a87aca74a0c96fe63e6f182e0,simplified,13655514B66751603958816,Setor de Quinh,True,True,disjoint,False,False,
component,physical-component:3e9b8941c625dc8ef27e1eac62181cd234010b0a87aca74a0c96fe63e6f182e0,simplified,13655514B71925291750028,Setor de Cacine,True,True,disjoint,False,False,
component,physical-component:3e9b8941c625dc8ef27e1eac62181cd234010b0a87aca74a0c96fe63e6f182e0,simplified,13655514B76388735674013,Setor de Bigene,True,True,disjoint,False,False,
component,physical-component:3e9b8941c625dc8ef27e1eac62181cd234010b0a87aca74a0c96fe63e6f182e0,simplified,13655514B77006902429960,Setor de Bolama,True,True,disjoint,False,False,
component,physical-component:3e9b8941c625dc8ef27e1eac62181cd234010b0a87aca74a0c96fe63e6f182e0,simplified,13655514B8216177448850,Setor de Caiv,True,True,disjoint,False,False,
component,physical-component:3e9b8941c625dc8ef27e1eac62181cd234010b0a87aca74a0c96fe63e6f182e0,simplified,13655514B91246233663569,Setor de Canghungo,True,True,disjoint,False,False,
component,physical-component:3e9b8941c625dc8ef27e1eac62181cd234010b0a87aca74a0c96fe63e6f182e0,simplified,13655514B91994517778696,Setor de Sto Domingos,True,True,disjoint,False,False,
component,physical-component:3e9b8941c625dc8ef27e1eac62181cd234010b0a87aca74a0c96fe63e6f182e0,simplified,13655514B9524670555472,Setor de Fulacunda,True,True,disjoint,False,False,
component,physical-component:3e9b8941c625dc8ef27e1eac62181cd234010b0a87aca74a0c96fe63e6f182e0,simplified,13655514B95678269815128,Setor de Cacheu,True,True,disjoint,False,False,
component,physical-component:3e9b8941c625dc8ef27e1eac62181cd234010b0a87aca74a0c96fe63e6f182e0,simplified,13655514B97576906537580,Setor de Pitche,True,True,disjoint,False,False,
component,physical-component:3e9b8941c625dc8ef27e1eac62181cd234010b0a87aca74a0c96fe63e6f182e0,simplified,13655514B98496568253651,Setor de Bubaque,True,True,disjoint,False,False,
component,physical-component:3e9b8941c625dc8ef27e1eac62181cd234010b0a87aca74a0c96fe63e6f182e0,simplified,13655514B99052541590952,Setor de Boe,True,True,disjoint,False,False,
component,physical-component:46e4bfde0e928108d2da84bd92fb59970d55f19e17a6f85be737b96f1dc04751,full,13655514B11561761851968,Setor de Bula,True,True,disjoint,False,False,
component,physical-component:46e4bfde0e928108d2da84bd92fb59970d55f19e17a6f85be737b96f1dc04751,full,13655514B12793543239296,Setor de Quebo,True,True,disjoint,False,False,
component,physical-component:46e4bfde0e928108d2da84bd92fb59970d55f19e17a6f85be737b96f1dc04751,full,13655514B15077734082289,Setor de Bafata,True,True,disjoint,False,False,
component,physical-component:46e4bfde0e928108d2da84bd92fb59970d55f19e17a6f85be737b96f1dc04751,full,13655514B15408487636665,Setor de Madina do Bo˒,True,True,disjoint,False,False,
component,physical-component:46e4bfde0e928108d2da84bd92fb59970d55f19e17a6f85be737b96f1dc04751,full,13655514B16168252486838,Setor de Pirada,True,True,disjoint,False,False,
component,physical-component:46e4bfde0e928108d2da84bd92fb59970d55f19e17a6f85be737b96f1dc04751,full,13655514B168355566476,Setor de Bambadinca,True,True,disjoint,False,False,
component,physical-component:46e4bfde0e928108d2da84bd92fb59970d55f19e17a6f85be737b96f1dc04751,full,13655514B24413703823033,Setor de Catie,True,True,disjoint,False,False,
component,physical-component:46e4bfde0e928108d2da84bd92fb59970d55f19e17a6f85be737b96f1dc04751,full,13655514B30693048438959,Setor de Empada,True,True,disjoint,False,False,
component,physical-component:46e4bfde0e928108d2da84bd92fb59970d55f19e17a6f85be737b96f1dc04751,full,13655514B31772276876031,Setor de Mansoa,True,True,disjoint,False,False,
component,physical-component:46e4bfde0e928108d2da84bd92fb59970d55f19e17a6f85be737b96f1dc04751,full,13655514B37452641895852,Setor de Buba,True,True,disjoint,False,False,
component,physical-component:46e4bfde0e928108d2da84bd92fb59970d55f19e17a6f85be737b96f1dc04751,full,13655514B37576476310465,Setor de Tite,True,True,disjoint,False,False,
component,physical-component:46e4bfde0e928108d2da84bd92fb59970d55f19e17a6f85be737b96f1dc04751,full,13655514B38974563194217,Bissau Autonomous Sector,True,True,disjoint,False,False,
component,physical-component:46e4bfde0e928108d2da84bd92fb59970d55f19e17a6f85be737b96f1dc04751,full,13655514B4319146558278,Setor de Galomaro,True,True,disjoint,False,False,
component,physical-component:46e4bfde0e928108d2da84bd92fb59970d55f19e17a6f85be737b96f1dc04751,full,13655514B44985576134462,Setor de Uno,True,True,disjoint,False,False,
component,physical-component:46e4bfde0e928108d2da84bd92fb59970d55f19e17a6f85be737b96f1dc04751,full,13655514B47112439721810,Setor de Nhacra,True,True,disjoint,False,False,
component,physical-component:46e4bfde0e928108d2da84bd92fb59970d55f19e17a6f85be737b96f1dc04751,full,13655514B47480576799194,Setor de Sonaco,True,True,disjoint,False,False,
component,physical-component:46e4bfde0e928108d2da84bd92fb59970d55f19e17a6f85be737b96f1dc04751,full,13655514B48763126228848,Setor de Bedanda,True,True,disjoint,False,False,
component,physical-component:46e4bfde0e928108d2da84bd92fb59970d55f19e17a6f85be737b96f1dc04751,full,13655514B49812801634354,Setor de Mansaba,True,True,disjoint,False,False,
component,physical-component:46e4bfde0e928108d2da84bd92fb59970d55f19e17a6f85be737b96f1dc04751,full,13655514B51179315853055,Contuboel,True,True,disjoint,False,False,
component,physical-component:46e4bfde0e928108d2da84bd92fb59970d55f19e17a6f85be737b96f1dc04751,full,13655514B53615250576563,Setor de Prabis,True,True,disjoint,False,False,
component,physical-component:46e4bfde0e928108d2da84bd92fb59970d55f19e17a6f85be737b96f1dc04751,full,13655514B57644193184055,Setor de Farim,True,True,disjoint,False,False,
component,physical-component:46e4bfde0e928108d2da84bd92fb59970d55f19e17a6f85be737b96f1dc04751,full,13655514B57740331915335,Setor de Bissora,True,True,disjoint,False,False,
component,physical-component:46e4bfde0e928108d2da84bd92fb59970d55f19e17a6f85be737b96f1dc04751,full,13655514B59106895169358,Setor de Caravela,True,True,disjoint,False,False,
component,physical-component:46e4bfde0e928108d2da84bd92fb59970d55f19e17a6f85be737b96f1dc04751,full,13655514B65296626482863,Setor de Gabv,True,True,disjoint,False,False,
component,physical-component:46e4bfde0e928108d2da84bd92fb59970d55f19e17a6f85be737b96f1dc04751,full,13655514B65471558325414,Setor de Xitole,True,True,disjoint,False,False,
component,physical-component:46e4bfde0e928108d2da84bd92fb59970d55f19e17a6f85be737b96f1dc04751,full,13655514B65726406107890,Setor de Gamamundo,True,True,disjoint,False,False,
component,physical-component:46e4bfde0e928108d2da84bd92fb59970d55f19e17a6f85be737b96f1dc04751,full,13655514B65757043009502,Setor de Safim,True,True,disjoint,False,False,
component,physical-component:46e4bfde0e928108d2da84bd92fb59970d55f19e17a6f85be737b96f1dc04751,full,13655514B66751603958816,Setor de Quinh,True,True,disjoint,False,False,
component,physical-component:46e4bfde0e928108d2da84bd92fb59970d55f19e17a6f85be737b96f1dc04751,full,13655514B71925291750028,Setor de Cacine,True,True,disjoint,False,False,
component,physical-component:46e4bfde0e928108d2da84bd92fb59970d55f19e17a6f85be737b96f1dc04751,full,13655514B76388735674013,Setor de Bigene,True,True,disjoint,False,False,
component,physical-component:46e4bfde0e928108d2da84bd92fb59970d55f19e17a6f85be737b96f1dc04751,full,13655514B77006902429960,Setor de Bolama,True,True,disjoint,False,False,
component,physical-component:46e4bfde0e928108d2da84bd92fb59970d55f19e17a6f85be737b96f1dc04751,full,13655514B8216177448850,Setor de Caiv,True,True,disjoint,False,False,
component,physical-component:46e4bfde0e928108d2da84bd92fb59970d55f19e17a6f85be737b96f1dc04751,full,13655514B91246233663569,Setor de Canghungo,True,True,disjoint,False,False,
component,physical-component:46e4bfde0e928108d2da84bd92fb59970d55f19e17a6f85be737b96f1dc04751,full,13655514B91994517778696,Setor de Sto Domingos,True,True,disjoint,False,False,
component,physical-component:46e4bfde0e928108d2da84bd92fb59970d55f19e17a6f85be737b96f1dc04751,full,13655514B9524670555472,Setor de Fulacunda,True,True,disjoint,False,False,
component,physical-component:46e4bfde0e928108d2da84bd92fb59970d55f19e17a6f85be737b96f1dc04751,full,13655514B95678269815128,Setor de Cacheu,True,True,disjoint,False,False,
component,physical-component:46e4bfde0e928108d2da84bd92fb59970d55f19e17a6f85be737b96f1dc04751,full,13655514B97576906537580,Setor de Pitche,True,True,disjoint,False,False,
component,physical-component:46e4bfde0e928108d2da84bd92fb59970d55f19e17a6f85be737b96f1dc04751,full,13655514B98496568253651,Setor de Bubaque,True,True,positive-area,False,False,component:physical-component:46e4bfde0e928108d2da84bd92fb59970d55f19e17a6f85be737b96f1dc04751|full:13655514B98496568253651
component,physical-component:46e4bfde0e928108d2da84bd92fb59970d55f19e17a6f85be737b96f1dc04751,full,13655514B99052541590952,Setor de Boe,True,True,disjoint,False,False,
component,physical-component:46e4bfde0e928108d2da84bd92fb59970d55f19e17a6f85be737b96f1dc04751,simplified,13655514B11561761851968,Setor de Bula,True,True,disjoint,False,False,
component,physical-component:46e4bfde0e928108d2da84bd92fb59970d55f19e17a6f85be737b96f1dc04751,simplified,13655514B12793543239296,Setor de Quebo,True,True,disjoint,False,False,
component,physical-component:46e4bfde0e928108d2da84bd92fb59970d55f19e17a6f85be737b96f1dc04751,simplified,13655514B15077734082289,Setor de Bafata,True,True,disjoint,False,False,
component,physical-component:46e4bfde0e928108d2da84bd92fb59970d55f19e17a6f85be737b96f1dc04751,simplified,13655514B15408487636665,Setor de Madina do Bo˒,True,True,disjoint,False,False,
component,physical-component:46e4bfde0e928108d2da84bd92fb59970d55f19e17a6f85be737b96f1dc04751,simplified,13655514B16168252486838,Setor de Pirada,True,True,disjoint,False,False,
component,physical-component:46e4bfde0e928108d2da84bd92fb59970d55f19e17a6f85be737b96f1dc04751,simplified,13655514B168355566476,Setor de Bambadinca,True,True,disjoint,False,False,
component,physical-component:46e4bfde0e928108d2da84bd92fb59970d55f19e17a6f85be737b96f1dc04751,simplified,13655514B24413703823033,Setor de Catie,True,True,disjoint,False,False,
component,physical-component:46e4bfde0e928108d2da84bd92fb59970d55f19e17a6f85be737b96f1dc04751,simplified,13655514B30693048438959,Setor de Empada,True,True,disjoint,False,False,
component,physical-component:46e4bfde0e928108d2da84bd92fb59970d55f19e17a6f85be737b96f1dc04751,simplified,13655514B31772276876031,Setor de Mansoa,True,True,disjoint,False,False,
component,physical-component:46e4bfde0e928108d2da84bd92fb59970d55f19e17a6f85be737b96f1dc04751,simplified,13655514B37452641895852,Setor de Buba,True,True,disjoint,False,False,
component,physical-component:46e4bfde0e928108d2da84bd92fb59970d55f19e17a6f85be737b96f1dc04751,simplified,13655514B37576476310465,Setor de Tite,True,True,disjoint,False,False,
component,physical-component:46e4bfde0e928108d2da84bd92fb59970d55f19e17a6f85be737b96f1dc04751,simplified,13655514B38974563194217,Bissau Autonomous Sector,True,True,disjoint,False,False,
component,physical-component:46e4bfde0e928108d2da84bd92fb59970d55f19e17a6f85be737b96f1dc04751,simplified,13655514B4319146558278,Setor de Galomaro,True,True,disjoint,False,False,
component,physical-component:46e4bfde0e928108d2da84bd92fb59970d55f19e17a6f85be737b96f1dc04751,simplified,13655514B44985576134462,Setor de Uno,True,True,disjoint,False,False,
component,physical-component:46e4bfde0e928108d2da84bd92fb59970d55f19e17a6f85be737b96f1dc04751,simplified,13655514B47112439721810,Setor de Nhacra,True,True,disjoint,False,False,
component,physical-component:46e4bfde0e928108d2da84bd92fb59970d55f19e17a6f85be737b96f1dc04751,simplified,13655514B47480576799194,Setor de Sonaco,True,True,disjoint,False,False,
component,physical-component:46e4bfde0e928108d2da84bd92fb59970d55f19e17a6f85be737b96f1dc04751,simplified,13655514B48763126228848,Setor de Bedanda,True,True,disjoint,False,False,
component,physical-component:46e4bfde0e928108d2da84bd92fb59970d55f19e17a6f85be737b96f1dc04751,simplified,13655514B49812801634354,Setor de Mansaba,True,True,disjoint,False,False,
component,physical-component:46e4bfde0e928108d2da84bd92fb59970d55f19e17a6f85be737b96f1dc04751,simplified,13655514B51179315853055,Contuboel,True,True,disjoint,False,False,
component,physical-component:46e4bfde0e928108d2da84bd92fb59970d55f19e17a6f85be737b96f1dc04751,simplified,13655514B53615250576563,Setor de Prabis,True,True,disjoint,False,False,
component,physical-component:46e4bfde0e928108d2da84bd92fb59970d55f19e17a6f85be737b96f1dc04751,simplified,13655514B57644193184055,Setor de Farim,True,True,disjoint,False,False,
component,physical-component:46e4bfde0e928108d2da84bd92fb59970d55f19e17a6f85be737b96f1dc04751,simplified,13655514B57740331915335,Setor de Bissora,True,True,disjoint,False,False,
component,physical-component:46e4bfde0e928108d2da84bd92fb59970d55f19e17a6f85be737b96f1dc04751,simplified,13655514B59106895169358,Setor de Caravela,True,True,disjoint,False,False,
component,physical-component:46e4bfde0e928108d2da84bd92fb59970d55f19e17a6f85be737b96f1dc04751,simplified,13655514B65296626482863,Setor de Gabv,True,True,disjoint,False,False,
component,physical-component:46e4bfde0e928108d2da84bd92fb59970d55f19e17a6f85be737b96f1dc04751,simplified,13655514B65471558325414,Setor de Xitole,True,True,disjoint,False,False,
component,physical-component:46e4bfde0e928108d2da84bd92fb59970d55f19e17a6f85be737b96f1dc04751,simplified,13655514B65726406107890,Setor de Gamamundo,True,True,disjoint,False,False,
component,physical-component:46e4bfde0e928108d2da84bd92fb59970d55f19e17a6f85be737b96f1dc04751,simplified,13655514B65757043009502,Setor de Safim,True,True,disjoint,False,False,
component,physical-component:46e4bfde0e928108d2da84bd92fb59970d55f19e17a6f85be737b96f1dc04751,simplified,13655514B66751603958816,Setor de Quinh,True,True,disjoint,False,False,
component,physical-component:46e4bfde0e928108d2da84bd92fb59970d55f19e17a6f85be737b96f1dc04751,simplified,13655514B71925291750028,Setor de Cacine,True,True,disjoint,False,False,
component,physical-component:46e4bfde0e928108d2da84bd92fb59970d55f19e17a6f85be737b96f1dc04751,simplified,13655514B76388735674013,Setor de Bigene,True,True,disjoint,False,False,
component,physical-component:46e4bfde0e928108d2da84bd92fb59970d55f19e17a6f85be737b96f1dc04751,simplified,13655514B77006902429960,Setor de Bolama,True,True,disjoint,False,False,
component,physical-component:46e4bfde0e928108d2da84bd92fb59970d55f19e17a6f85be737b96f1dc04751,simplified,13655514B8216177448850,Setor de Caiv,True,True,disjoint,False,False,
component,physical-component:46e4bfde0e928108d2da84bd92fb59970d55f19e17a6f85be737b96f1dc04751,simplified,13655514B91246233663569,Setor de Canghungo,True,True,disjoint,False,False,
component,physical-component:46e4bfde0e928108d2da84bd92fb59970d55f19e17a6f85be737b96f1dc04751,simplified,13655514B91994517778696,Setor de Sto Domingos,True,True,disjoint,False,False,
component,physical-component:46e4bfde0e928108d2da84bd92fb59970d55f19e17a6f85be737b96f1dc04751,simplified,13655514B9524670555472,Setor de Fulacunda,True,True,disjoint,False,False,
component,physical-component:46e4bfde0e928108d2da84bd92fb59970d55f19e17a6f85be737b96f1dc04751,simplified,13655514B95678269815128,Setor de Cacheu,True,True,disjoint,False,False,
component,physical-component:46e4bfde0e928108d2da84bd92fb59970d55f19e17a6f85be737b96f1dc04751,simplified,13655514B97576906537580,Setor de Pitche,True,True,disjoint,False,False,
component,physical-component:46e4bfde0e928108d2da84bd92fb59970d55f19e17a6f85be737b96f1dc04751,simplified,13655514B98496568253651,Setor de Bubaque,True,True,positive-area,False,False,component:physical-component:46e4bfde0e928108d2da84bd92fb59970d55f19e17a6f85be737b96f1dc04751|simplified:13655514B98496568253651
component,physical-component:46e4bfde0e928108d2da84bd92fb59970d55f19e17a6f85be737b96f1dc04751,simplified,13655514B99052541590952,Setor de Boe,True,True,disjoint,False,False,
component,physical-component:4f5d2c12ed9ccaef496ced278ec9d8dfb516e141d2de6e8bf54e26662ade9669,full,13655514B11561761851968,Setor de Bula,True,True,disjoint,False,False,
component,physical-component:4f5d2c12ed9ccaef496ced278ec9d8dfb516e141d2de6e8bf54e26662ade9669,full,13655514B12793543239296,Setor de Quebo,True,True,disjoint,False,False,
component,physical-component:4f5d2c12ed9ccaef496ced278ec9d8dfb516e141d2de6e8bf54e26662ade9669,full,13655514B15077734082289,Setor de Bafata,True,True,disjoint,False,False,
component,physical-component:4f5d2c12ed9ccaef496ced278ec9d8dfb516e141d2de6e8bf54e26662ade9669,full,13655514B15408487636665,Setor de Madina do Bo˒,True,True,disjoint,False,False,
component,physical-component:4f5d2c12ed9ccaef496ced278ec9d8dfb516e141d2de6e8bf54e26662ade9669,full,13655514B16168252486838,Setor de Pirada,True,True,disjoint,False,False,
component,physical-component:4f5d2c12ed9ccaef496ced278ec9d8dfb516e141d2de6e8bf54e26662ade9669,full,13655514B168355566476,Setor de Bambadinca,True,True,disjoint,False,False,
component,physical-component:4f5d2c12ed9ccaef496ced278ec9d8dfb516e141d2de6e8bf54e26662ade9669,full,13655514B24413703823033,Setor de Catie,True,True,disjoint,False,False,
component,physical-component:4f5d2c12ed9ccaef496ced278ec9d8dfb516e141d2de6e8bf54e26662ade9669,full,13655514B30693048438959,Setor de Empada,True,True,disjoint,False,False,
component,physical-component:4f5d2c12ed9ccaef496ced278ec9d8dfb516e141d2de6e8bf54e26662ade9669,full,13655514B31772276876031,Setor de Mansoa,True,True,disjoint,False,False,
component,physical-component:4f5d2c12ed9ccaef496ced278ec9d8dfb516e141d2de6e8bf54e26662ade9669,full,13655514B37452641895852,Setor de Buba,True,True,disjoint,False,False,
component,physical-component:4f5d2c12ed9ccaef496ced278ec9d8dfb516e141d2de6e8bf54e26662ade9669,full,13655514B37576476310465,Setor de Tite,True,True,disjoint,False,False,
component,physical-component:4f5d2c12ed9ccaef496ced278ec9d8dfb516e141d2de6e8bf54e26662ade9669,full,13655514B38974563194217,Bissau Autonomous Sector,True,True,disjoint,False,False,
component,physical-component:4f5d2c12ed9ccaef496ced278ec9d8dfb516e141d2de6e8bf54e26662ade9669,full,13655514B4319146558278,Setor de Galomaro,True,True,disjoint,False,False,
component,physical-component:4f5d2c12ed9ccaef496ced278ec9d8dfb516e141d2de6e8bf54e26662ade9669,full,13655514B44985576134462,Setor de Uno,True,True,disjoint,False,False,
component,physical-component:4f5d2c12ed9ccaef496ced278ec9d8dfb516e141d2de6e8bf54e26662ade9669,full,13655514B47112439721810,Setor de Nhacra,True,True,disjoint,False,False,
component,physical-component:4f5d2c12ed9ccaef496ced278ec9d8dfb516e141d2de6e8bf54e26662ade9669,full,13655514B47480576799194,Setor de Sonaco,True,True,disjoint,False,False,
component,physical-component:4f5d2c12ed9ccaef496ced278ec9d8dfb516e141d2de6e8bf54e26662ade9669,full,13655514B48763126228848,Setor de Bedanda,True,True,disjoint,False,False,
component,physical-component:4f5d2c12ed9ccaef496ced278ec9d8dfb516e141d2de6e8bf54e26662ade9669,full,13655514B49812801634354,Setor de Mansaba,True,True,disjoint,False,False,
component,physical-component:4f5d2c12ed9ccaef496ced278ec9d8dfb516e141d2de6e8bf54e26662ade9669,full,13655514B51179315853055,Contuboel,True,True,disjoint,False,False,
component,physical-component:4f5d2c12ed9ccaef496ced278ec9d8dfb516e141d2de6e8bf54e26662ade9669,full,13655514B53615250576563,Setor de Prabis,True,True,disjoint,False,False,
component,physical-component:4f5d2c12ed9ccaef496ced278ec9d8dfb516e141d2de6e8bf54e26662ade9669,full,13655514B57644193184055,Setor de Farim,True,True,disjoint,False,False,
component,physical-component:4f5d2c12ed9ccaef496ced278ec9d8dfb516e141d2de6e8bf54e26662ade9669,full,13655514B57740331915335,Setor de Bissora,True,True,disjoint,False,False,
component,physical-component:4f5d2c12ed9ccaef496ced278ec9d8dfb516e141d2de6e8bf54e26662ade9669,full,13655514B59106895169358,Setor de Caravela,True,True,disjoint,False,False,
component,physical-component:4f5d2c12ed9ccaef496ced278ec9d8dfb516e141d2de6e8bf54e26662ade9669,full,13655514B65296626482863,Setor de Gabv,True,True,disjoint,False,False,
component,physical-component:4f5d2c12ed9ccaef496ced278ec9d8dfb516e141d2de6e8bf54e26662ade9669,full,13655514B65471558325414,Setor de Xitole,True,True,disjoint,False,False,
component,physical-component:4f5d2c12ed9ccaef496ced278ec9d8dfb516e141d2de6e8bf54e26662ade9669,full,13655514B65726406107890,Setor de Gamamundo,True,True,disjoint,False,False,
component,physical-component:4f5d2c12ed9ccaef496ced278ec9d8dfb516e141d2de6e8bf54e26662ade9669,full,13655514B65757043009502,Setor de Safim,True,True,disjoint,False,False,
component,physical-component:4f5d2c12ed9ccaef496ced278ec9d8dfb516e141d2de6e8bf54e26662ade9669,full,13655514B66751603958816,Setor de Quinh,True,True,disjoint,False,False,
component,physical-component:4f5d2c12ed9ccaef496ced278ec9d8dfb516e141d2de6e8bf54e26662ade9669,full,13655514B71925291750028,Setor de Cacine,True,True,disjoint,False,False,
component,physical-component:4f5d2c12ed9ccaef496ced278ec9d8dfb516e141d2de6e8bf54e26662ade9669,full,13655514B76388735674013,Setor de Bigene,True,True,disjoint,False,False,
component,physical-component:4f5d2c12ed9ccaef496ced278ec9d8dfb516e141d2de6e8bf54e26662ade9669,full,13655514B77006902429960,Setor de Bolama,True,True,positive-area,False,False,component:physical-component:4f5d2c12ed9ccaef496ced278ec9d8dfb516e141d2de6e8bf54e26662ade9669|full:13655514B77006902429960
component,physical-component:4f5d2c12ed9ccaef496ced278ec9d8dfb516e141d2de6e8bf54e26662ade9669,full,13655514B8216177448850,Setor de Caiv,True,True,disjoint,False,False,
component,physical-component:4f5d2c12ed9ccaef496ced278ec9d8dfb516e141d2de6e8bf54e26662ade9669,full,13655514B91246233663569,Setor de Canghungo,True,True,disjoint,False,False,
component,physical-component:4f5d2c12ed9ccaef496ced278ec9d8dfb516e141d2de6e8bf54e26662ade9669,full,13655514B91994517778696,Setor de Sto Domingos,True,True,disjoint,False,False,
component,physical-component:4f5d2c12ed9ccaef496ced278ec9d8dfb516e141d2de6e8bf54e26662ade9669,full,13655514B9524670555472,Setor de Fulacunda,True,True,disjoint,False,False,
component,physical-component:4f5d2c12ed9ccaef496ced278ec9d8dfb516e141d2de6e8bf54e26662ade9669,full,13655514B95678269815128,Setor de Cacheu,True,True,disjoint,False,False,
component,physical-component:4f5d2c12ed9ccaef496ced278ec9d8dfb516e141d2de6e8bf54e26662ade9669,full,13655514B97576906537580,Setor de Pitche,True,True,disjoint,False,False,
component,physical-component:4f5d2c12ed9ccaef496ced278ec9d8dfb516e141d2de6e8bf54e26662ade9669,full,13655514B98496568253651,Setor de Bubaque,True,True,disjoint,False,False,
component,physical-component:4f5d2c12ed9ccaef496ced278ec9d8dfb516e141d2de6e8bf54e26662ade9669,full,13655514B99052541590952,Setor de Boe,True,True,disjoint,False,False,
component,physical-component:4f5d2c12ed9ccaef496ced278ec9d8dfb516e141d2de6e8bf54e26662ade9669,simplified,13655514B11561761851968,Setor de Bula,True,True,disjoint,False,False,
component,physical-component:4f5d2c12ed9ccaef496ced278ec9d8dfb516e141d2de6e8bf54e26662ade9669,simplified,13655514B12793543239296,Setor de Quebo,True,True,disjoint,False,False,
component,physical-component:4f5d2c12ed9ccaef496ced278ec9d8dfb516e141d2de6e8bf54e26662ade9669,simplified,13655514B15077734082289,Setor de Bafata,True,True,disjoint,False,False,
component,physical-component:4f5d2c12ed9ccaef496ced278ec9d8dfb516e141d2de6e8bf54e26662ade9669,simplified,13655514B15408487636665,Setor de Madina do Bo˒,True,True,disjoint,False,False,
component,physical-component:4f5d2c12ed9ccaef496ced278ec9d8dfb516e141d2de6e8bf54e26662ade9669,simplified,13655514B16168252486838,Setor de Pirada,True,True,disjoint,False,False,
component,physical-component:4f5d2c12ed9ccaef496ced278ec9d8dfb516e141d2de6e8bf54e26662ade9669,simplified,13655514B168355566476,Setor de Bambadinca,True,True,disjoint,False,False,
component,physical-component:4f5d2c12ed9ccaef496ced278ec9d8dfb516e141d2de6e8bf54e26662ade9669,simplified,13655514B24413703823033,Setor de Catie,True,True,disjoint,False,False,
component,physical-component:4f5d2c12ed9ccaef496ced278ec9d8dfb516e141d2de6e8bf54e26662ade9669,simplified,13655514B30693048438959,Setor de Empada,True,True,disjoint,False,False,
component,physical-component:4f5d2c12ed9ccaef496ced278ec9d8dfb516e141d2de6e8bf54e26662ade9669,simplified,13655514B31772276876031,Setor de Mansoa,True,True,disjoint,False,False,
component,physical-component:4f5d2c12ed9ccaef496ced278ec9d8dfb516e141d2de6e8bf54e26662ade9669,simplified,13655514B37452641895852,Setor de Buba,True,True,disjoint,False,False,
component,physical-component:4f5d2c12ed9ccaef496ced278ec9d8dfb516e141d2de6e8bf54e26662ade9669,simplified,13655514B37576476310465,Setor de Tite,True,True,disjoint,False,False,
component,physical-component:4f5d2c12ed9ccaef496ced278ec9d8dfb516e141d2de6e8bf54e26662ade9669,simplified,13655514B38974563194217,Bissau Autonomous Sector,True,True,disjoint,False,False,
component,physical-component:4f5d2c12ed9ccaef496ced278ec9d8dfb516e141d2de6e8bf54e26662ade9669,simplified,13655514B4319146558278,Setor de Galomaro,True,True,disjoint,False,False,
component,physical-component:4f5d2c12ed9ccaef496ced278ec9d8dfb516e141d2de6e8bf54e26662ade9669,simplified,13655514B44985576134462,Setor de Uno,True,True,disjoint,False,False,
component,physical-component:4f5d2c12ed9ccaef496ced278ec9d8dfb516e141d2de6e8bf54e26662ade9669,simplified,13655514B47112439721810,Setor de Nhacra,True,True,disjoint,False,False,
component,physical-component:4f5d2c12ed9ccaef496ced278ec9d8dfb516e141d2de6e8bf54e26662ade9669,simplified,13655514B47480576799194,Setor de Sonaco,True,True,disjoint,False,False,
component,physical-component:4f5d2c12ed9ccaef496ced278ec9d8dfb516e141d2de6e8bf54e26662ade9669,simplified,13655514B48763126228848,Setor de Bedanda,True,True,disjoint,False,False,
component,physical-component:4f5d2c12ed9ccaef496ced278ec9d8dfb516e141d2de6e8bf54e26662ade9669,simplified,13655514B49812801634354,Setor de Mansaba,True,True,disjoint,False,False,
component,physical-component:4f5d2c12ed9ccaef496ced278ec9d8dfb516e141d2de6e8bf54e26662ade9669,simplified,13655514B51179315853055,Contuboel,True,True,disjoint,False,False,
component,physical-component:4f5d2c12ed9ccaef496ced278ec9d8dfb516e141d2de6e8bf54e26662ade9669,simplified,13655514B53615250576563,Setor de Prabis,True,True,disjoint,False,False,
component,physical-component:4f5d2c12ed9ccaef496ced278ec9d8dfb516e141d2de6e8bf54e26662ade9669,simplified,13655514B57644193184055,Setor de Farim,True,True,disjoint,False,False,
component,physical-component:4f5d2c12ed9ccaef496ced278ec9d8dfb516e141d2de6e8bf54e26662ade9669,simplified,13655514B57740331915335,Setor de Bissora,True,True,disjoint,False,False,
component,physical-component:4f5d2c12ed9ccaef496ced278ec9d8dfb516e141d2de6e8bf54e26662ade9669,simplified,13655514B59106895169358,Setor de Caravela,True,True,disjoint,False,False,
component,physical-component:4f5d2c12ed9ccaef496ced278ec9d8dfb516e141d2de6e8bf54e26662ade9669,simplified,13655514B65296626482863,Setor de Gabv,True,True,disjoint,False,False,
component,physical-component:4f5d2c12ed9ccaef496ced278ec9d8dfb516e141d2de6e8bf54e26662ade9669,simplified,13655514B65471558325414,Setor de Xitole,True,True,disjoint,False,False,
component,physical-component:4f5d2c12ed9ccaef496ced278ec9d8dfb516e141d2de6e8bf54e26662ade9669,simplified,13655514B65726406107890,Setor de Gamamundo,True,True,disjoint,False,False,
component,physical-component:4f5d2c12ed9ccaef496ced278ec9d8dfb516e141d2de6e8bf54e26662ade9669,simplified,13655514B65757043009502,Setor de Safim,True,True,disjoint,False,False,
component,physical-component:4f5d2c12ed9ccaef496ced278ec9d8dfb516e141d2de6e8bf54e26662ade9669,simplified,13655514B66751603958816,Setor de Quinh,True,True,disjoint,False,False,
component,physical-component:4f5d2c12ed9ccaef496ced278ec9d8dfb516e141d2de6e8bf54e26662ade9669,simplified,13655514B71925291750028,Setor de Cacine,True,True,disjoint,False,False,
component,physical-component:4f5d2c12ed9ccaef496ced278ec9d8dfb516e141d2de6e8bf54e26662ade9669,simplified,13655514B76388735674013,Setor de Bigene,True,True,disjoint,False,False,
component,physical-component:4f5d2c12ed9ccaef496ced278ec9d8dfb516e141d2de6e8bf54e26662ade9669,simplified,13655514B77006902429960,Setor de Bolama,True,True,positive-area,False,False,component:physical-component:4f5d2c12ed9ccaef496ced278ec9d8dfb516e141d2de6e8bf54e26662ade9669|simplified:13655514B77006902429960
component,physical-component:4f5d2c12ed9ccaef496ced278ec9d8dfb516e141d2de6e8bf54e26662ade9669,simplified,13655514B8216177448850,Setor de Caiv,True,True,disjoint,False,False,
component,physical-component:4f5d2c12ed9ccaef496ced278ec9d8dfb516e141d2de6e8bf54e26662ade9669,simplified,13655514B91246233663569,Setor de Canghungo,True,True,disjoint,False,False,
component,physical-component:4f5d2c12ed9ccaef496ced278ec9d8dfb516e141d2de6e8bf54e26662ade9669,simplified,13655514B91994517778696,Setor de Sto Domingos,True,True,disjoint,False,False,
component,physical-component:4f5d2c12ed9ccaef496ced278ec9d8dfb516e141d2de6e8bf54e26662ade9669,simplified,13655514B9524670555472,Setor de Fulacunda,True,True,disjoint,False,False,
component,physical-component:4f5d2c12ed9ccaef496ced278ec9d8dfb516e141d2de6e8bf54e26662ade9669,simplified,13655514B95678269815128,Setor de Cacheu,True,True,disjoint,False,False,
component,physical-component:4f5d2c12ed9ccaef496ced278ec9d8dfb516e141d2de6e8bf54e26662ade9669,simplified,13655514B97576906537580,Setor de Pitche,True,True,disjoint,False,False,
component,physical-component:4f5d2c12ed9ccaef496ced278ec9d8dfb516e141d2de6e8bf54e26662ade9669,simplified,13655514B98496568253651,Setor de Bubaque,True,True,disjoint,False,False,
component,physical-component:4f5d2c12ed9ccaef496ced278ec9d8dfb516e141d2de6e8bf54e26662ade9669,simplified,13655514B99052541590952,Setor de Boe,True,True,disjoint,False,False,
component,physical-component:510b551e955b8d25acd14910e5f3c65167d0e8d9535be3f83df290b6b7c6820a,full,13655514B11561761851968,Setor de Bula,True,True,disjoint,False,False,
component,physical-component:510b551e955b8d25acd14910e5f3c65167d0e8d9535be3f83df290b6b7c6820a,full,13655514B12793543239296,Setor de Quebo,True,True,disjoint,False,False,
component,physical-component:510b551e955b8d25acd14910e5f3c65167d0e8d9535be3f83df290b6b7c6820a,full,13655514B15077734082289,Setor de Bafata,True,True,disjoint,False,False,
component,physical-component:510b551e955b8d25acd14910e5f3c65167d0e8d9535be3f83df290b6b7c6820a,full,13655514B15408487636665,Setor de Madina do Bo˒,True,True,disjoint,False,False,
component,physical-component:510b551e955b8d25acd14910e5f3c65167d0e8d9535be3f83df290b6b7c6820a,full,13655514B16168252486838,Setor de Pirada,True,True,disjoint,False,False,
component,physical-component:510b551e955b8d25acd14910e5f3c65167d0e8d9535be3f83df290b6b7c6820a,full,13655514B168355566476,Setor de Bambadinca,True,True,disjoint,False,False,
component,physical-component:510b551e955b8d25acd14910e5f3c65167d0e8d9535be3f83df290b6b7c6820a,full,13655514B24413703823033,Setor de Catie,True,True,disjoint,False,False,
component,physical-component:510b551e955b8d25acd14910e5f3c65167d0e8d9535be3f83df290b6b7c6820a,full,13655514B30693048438959,Setor de Empada,True,True,disjoint,False,False,
component,physical-component:510b551e955b8d25acd14910e5f3c65167d0e8d9535be3f83df290b6b7c6820a,full,13655514B31772276876031,Setor de Mansoa,True,True,disjoint,False,False,
component,physical-component:510b551e955b8d25acd14910e5f3c65167d0e8d9535be3f83df290b6b7c6820a,full,13655514B37452641895852,Setor de Buba,True,True,disjoint,False,False,
component,physical-component:510b551e955b8d25acd14910e5f3c65167d0e8d9535be3f83df290b6b7c6820a,full,13655514B37576476310465,Setor de Tite,True,True,disjoint,False,False,
component,physical-component:510b551e955b8d25acd14910e5f3c65167d0e8d9535be3f83df290b6b7c6820a,full,13655514B38974563194217,Bissau Autonomous Sector,True,True,disjoint,False,False,
component,physical-component:510b551e955b8d25acd14910e5f3c65167d0e8d9535be3f83df290b6b7c6820a,full,13655514B4319146558278,Setor de Galomaro,True,True,disjoint,False,False,
component,physical-component:510b551e955b8d25acd14910e5f3c65167d0e8d9535be3f83df290b6b7c6820a,full,13655514B44985576134462,Setor de Uno,True,True,disjoint,False,False,
component,physical-component:510b551e955b8d25acd14910e5f3c65167d0e8d9535be3f83df290b6b7c6820a,full,13655514B47112439721810,Setor de Nhacra,True,True,disjoint,False,False,
component,physical-component:510b551e955b8d25acd14910e5f3c65167d0e8d9535be3f83df290b6b7c6820a,full,13655514B47480576799194,Setor de Sonaco,True,True,disjoint,False,False,
component,physical-component:510b551e955b8d25acd14910e5f3c65167d0e8d9535be3f83df290b6b7c6820a,full,13655514B48763126228848,Setor de Bedanda,True,True,disjoint,False,False,
component,physical-component:510b551e955b8d25acd14910e5f3c65167d0e8d9535be3f83df290b6b7c6820a,full,13655514B49812801634354,Setor de Mansaba,True,True,disjoint,False,False,
component,physical-component:510b551e955b8d25acd14910e5f3c65167d0e8d9535be3f83df290b6b7c6820a,full,13655514B51179315853055,Contuboel,True,True,disjoint,False,False,
component,physical-component:510b551e955b8d25acd14910e5f3c65167d0e8d9535be3f83df290b6b7c6820a,full,13655514B53615250576563,Setor de Prabis,True,True,disjoint,False,False,
component,physical-component:510b551e955b8d25acd14910e5f3c65167d0e8d9535be3f83df290b6b7c6820a,full,13655514B57644193184055,Setor de Farim,True,True,disjoint,False,False,
component,physical-component:510b551e955b8d25acd14910e5f3c65167d0e8d9535be3f83df290b6b7c6820a,full,13655514B57740331915335,Setor de Bissora,True,True,disjoint,False,False,
component,physical-component:510b551e955b8d25acd14910e5f3c65167d0e8d9535be3f83df290b6b7c6820a,full,13655514B59106895169358,Setor de Caravela,True,True,disjoint,False,False,
component,physical-component:510b551e955b8d25acd14910e5f3c65167d0e8d9535be3f83df290b6b7c6820a,full,13655514B65296626482863,Setor de Gabv,True,True,disjoint,False,False,
component,physical-component:510b551e955b8d25acd14910e5f3c65167d0e8d9535be3f83df290b6b7c6820a,full,13655514B65471558325414,Setor de Xitole,True,True,disjoint,False,False,
component,physical-component:510b551e955b8d25acd14910e5f3c65167d0e8d9535be3f83df290b6b7c6820a,full,13655514B65726406107890,Setor de Gamamundo,True,True,disjoint,False,False,
component,physical-component:510b551e955b8d25acd14910e5f3c65167d0e8d9535be3f83df290b6b7c6820a,full,13655514B65757043009502,Setor de Safim,True,True,disjoint,False,False,
component,physical-component:510b551e955b8d25acd14910e5f3c65167d0e8d9535be3f83df290b6b7c6820a,full,13655514B66751603958816,Setor de Quinh,True,True,disjoint,False,False,
component,physical-component:510b551e955b8d25acd14910e5f3c65167d0e8d9535be3f83df290b6b7c6820a,full,13655514B71925291750028,Setor de Cacine,True,True,disjoint,False,False,
component,physical-component:510b551e955b8d25acd14910e5f3c65167d0e8d9535be3f83df290b6b7c6820a,full,13655514B76388735674013,Setor de Bigene,True,True,disjoint,False,False,
component,physical-component:510b551e955b8d25acd14910e5f3c65167d0e8d9535be3f83df290b6b7c6820a,full,13655514B77006902429960,Setor de Bolama,True,True,disjoint,False,False,
component,physical-component:510b551e955b8d25acd14910e5f3c65167d0e8d9535be3f83df290b6b7c6820a,full,13655514B8216177448850,Setor de Caiv,True,True,disjoint,False,False,
component,physical-component:510b551e955b8d25acd14910e5f3c65167d0e8d9535be3f83df290b6b7c6820a,full,13655514B91246233663569,Setor de Canghungo,True,True,disjoint,False,False,
component,physical-component:510b551e955b8d25acd14910e5f3c65167d0e8d9535be3f83df290b6b7c6820a,full,13655514B91994517778696,Setor de Sto Domingos,True,True,disjoint,False,False,
component,physical-component:510b551e955b8d25acd14910e5f3c65167d0e8d9535be3f83df290b6b7c6820a,full,13655514B9524670555472,Setor de Fulacunda,True,True,disjoint,False,False,
component,physical-component:510b551e955b8d25acd14910e5f3c65167d0e8d9535be3f83df290b6b7c6820a,full,13655514B95678269815128,Setor de Cacheu,True,True,disjoint,False,False,
component,physical-component:510b551e955b8d25acd14910e5f3c65167d0e8d9535be3f83df290b6b7c6820a,full,13655514B97576906537580,Setor de Pitche,True,True,disjoint,False,False,
component,physical-component:510b551e955b8d25acd14910e5f3c65167d0e8d9535be3f83df290b6b7c6820a,full,13655514B98496568253651,Setor de Bubaque,True,True,positive-area,False,False,component:physical-component:510b551e955b8d25acd14910e5f3c65167d0e8d9535be3f83df290b6b7c6820a|full:13655514B98496568253651
component,physical-component:510b551e955b8d25acd14910e5f3c65167d0e8d9535be3f83df290b6b7c6820a,full,13655514B99052541590952,Setor de Boe,True,True,disjoint,False,False,
component,physical-component:510b551e955b8d25acd14910e5f3c65167d0e8d9535be3f83df290b6b7c6820a,simplified,13655514B11561761851968,Setor de Bula,True,True,disjoint,False,False,
component,physical-component:510b551e955b8d25acd14910e5f3c65167d0e8d9535be3f83df290b6b7c6820a,simplified,13655514B12793543239296,Setor de Quebo,True,True,disjoint,False,False,
component,physical-component:510b551e955b8d25acd14910e5f3c65167d0e8d9535be3f83df290b6b7c6820a,simplified,13655514B15077734082289,Setor de Bafata,True,True,disjoint,False,False,
component,physical-component:510b551e955b8d25acd14910e5f3c65167d0e8d9535be3f83df290b6b7c6820a,simplified,13655514B15408487636665,Setor de Madina do Bo˒,True,True,disjoint,False,False,
component,physical-component:510b551e955b8d25acd14910e5f3c65167d0e8d9535be3f83df290b6b7c6820a,simplified,13655514B16168252486838,Setor de Pirada,True,True,disjoint,False,False,
component,physical-component:510b551e955b8d25acd14910e5f3c65167d0e8d9535be3f83df290b6b7c6820a,simplified,13655514B168355566476,Setor de Bambadinca,True,True,disjoint,False,False,
component,physical-component:510b551e955b8d25acd14910e5f3c65167d0e8d9535be3f83df290b6b7c6820a,simplified,13655514B24413703823033,Setor de Catie,True,True,disjoint,False,False,
component,physical-component:510b551e955b8d25acd14910e5f3c65167d0e8d9535be3f83df290b6b7c6820a,simplified,13655514B30693048438959,Setor de Empada,True,True,disjoint,False,False,
component,physical-component:510b551e955b8d25acd14910e5f3c65167d0e8d9535be3f83df290b6b7c6820a,simplified,13655514B31772276876031,Setor de Mansoa,True,True,disjoint,False,False,
component,physical-component:510b551e955b8d25acd14910e5f3c65167d0e8d9535be3f83df290b6b7c6820a,simplified,13655514B37452641895852,Setor de Buba,True,True,disjoint,False,False,
component,physical-component:510b551e955b8d25acd14910e5f3c65167d0e8d9535be3f83df290b6b7c6820a,simplified,13655514B37576476310465,Setor de Tite,True,True,disjoint,False,False,
component,physical-component:510b551e955b8d25acd14910e5f3c65167d0e8d9535be3f83df290b6b7c6820a,simplified,13655514B38974563194217,Bissau Autonomous Sector,True,True,disjoint,False,False,
component,physical-component:510b551e955b8d25acd14910e5f3c65167d0e8d9535be3f83df290b6b7c6820a,simplified,13655514B4319146558278,Setor de Galomaro,True,True,disjoint,False,False,
component,physical-component:510b551e955b8d25acd14910e5f3c65167d0e8d9535be3f83df290b6b7c6820a,simplified,13655514B44985576134462,Setor de Uno,True,True,disjoint,False,False,
component,physical-component:510b551e955b8d25acd14910e5f3c65167d0e8d9535be3f83df290b6b7c6820a,simplified,13655514B47112439721810,Setor de Nhacra,True,True,disjoint,False,False,
component,physical-component:510b551e955b8d25acd14910e5f3c65167d0e8d9535be3f83df290b6b7c6820a,simplified,13655514B47480576799194,Setor de Sonaco,True,True,disjoint,False,False,
component,physical-component:510b551e955b8d25acd14910e5f3c65167d0e8d9535be3f83df290b6b7c6820a,simplified,13655514B48763126228848,Setor de Bedanda,True,True,disjoint,False,False,
component,physical-component:510b551e955b8d25acd14910e5f3c65167d0e8d9535be3f83df290b6b7c6820a,simplified,13655514B49812801634354,Setor de Mansaba,True,True,disjoint,False,False,
component,physical-component:510b551e955b8d25acd14910e5f3c65167d0e8d9535be3f83df290b6b7c6820a,simplified,13655514B51179315853055,Contuboel,True,True,disjoint,False,False,
component,physical-component:510b551e955b8d25acd14910e5f3c65167d0e8d9535be3f83df290b6b7c6820a,simplified,13655514B53615250576563,Setor de Prabis,True,True,disjoint,False,False,
component,physical-component:510b551e955b8d25acd14910e5f3c65167d0e8d9535be3f83df290b6b7c6820a,simplified,13655514B57644193184055,Setor de Farim,True,True,disjoint,False,False,
component,physical-component:510b551e955b8d25acd14910e5f3c65167d0e8d9535be3f83df290b6b7c6820a,simplified,13655514B57740331915335,Setor de Bissora,True,True,disjoint,False,False,
component,physical-component:510b551e955b8d25acd14910e5f3c65167d0e8d9535be3f83df290b6b7c6820a,simplified,13655514B59106895169358,Setor de Caravela,True,True,disjoint,False,False,
component,physical-component:510b551e955b8d25acd14910e5f3c65167d0e8d9535be3f83df290b6b7c6820a,simplified,13655514B65296626482863,Setor de Gabv,True,True,disjoint,False,False,
component,physical-component:510b551e955b8d25acd14910e5f3c65167d0e8d9535be3f83df290b6b7c6820a,simplified,13655514B65471558325414,Setor de Xitole,True,True,disjoint,False,False,
component,physical-component:510b551e955b8d25acd14910e5f3c65167d0e8d9535be3f83df290b6b7c6820a,simplified,13655514B65726406107890,Setor de Gamamundo,True,True,disjoint,False,False,
component,physical-component:510b551e955b8d25acd14910e5f3c65167d0e8d9535be3f83df290b6b7c6820a,simplified,13655514B65757043009502,Setor de Safim,True,True,disjoint,False,False,
component,physical-component:510b551e955b8d25acd14910e5f3c65167d0e8d9535be3f83df290b6b7c6820a,simplified,13655514B66751603958816,Setor de Quinh,True,True,disjoint,False,False,
component,physical-component:510b551e955b8d25acd14910e5f3c65167d0e8d9535be3f83df290b6b7c6820a,simplified,13655514B71925291750028,Setor de Cacine,True,True,disjoint,False,False,
component,physical-component:510b551e955b8d25acd14910e5f3c65167d0e8d9535be3f83df290b6b7c6820a,simplified,13655514B76388735674013,Setor de Bigene,True,True,disjoint,False,False,
component,physical-component:510b551e955b8d25acd14910e5f3c65167d0e8d9535be3f83df290b6b7c6820a,simplified,13655514B77006902429960,Setor de Bolama,True,True,disjoint,False,False,
component,physical-component:510b551e955b8d25acd14910e5f3c65167d0e8d9535be3f83df290b6b7c6820a,simplified,13655514B8216177448850,Setor de Caiv,True,True,disjoint,False,False,
component,physical-component:510b551e955b8d25acd14910e5f3c65167d0e8d9535be3f83df290b6b7c6820a,simplified,13655514B91246233663569,Setor de Canghungo,True,True,disjoint,False,False,
component,physical-component:510b551e955b8d25acd14910e5f3c65167d0e8d9535be3f83df290b6b7c6820a,simplified,13655514B91994517778696,Setor de Sto Domingos,True,True,disjoint,False,False,
component,physical-component:510b551e955b8d25acd14910e5f3c65167d0e8d9535be3f83df290b6b7c6820a,simplified,13655514B9524670555472,Setor de Fulacunda,True,True,disjoint,False,False,
component,physical-component:510b551e955b8d25acd14910e5f3c65167d0e8d9535be3f83df290b6b7c6820a,simplified,13655514B95678269815128,Setor de Cacheu,True,True,disjoint,False,False,
component,physical-component:510b551e955b8d25acd14910e5f3c65167d0e8d9535be3f83df290b6b7c6820a,simplified,13655514B97576906537580,Setor de Pitche,True,True,disjoint,False,False,
component,physical-component:510b551e955b8d25acd14910e5f3c65167d0e8d9535be3f83df290b6b7c6820a,simplified,13655514B98496568253651,Setor de Bubaque,True,True,positive-area,False,False,component:physical-component:510b551e955b8d25acd14910e5f3c65167d0e8d9535be3f83df290b6b7c6820a|simplified:13655514B98496568253651
component,physical-component:510b551e955b8d25acd14910e5f3c65167d0e8d9535be3f83df290b6b7c6820a,simplified,13655514B99052541590952,Setor de Boe,True,True,disjoint,False,False,
component,physical-component:5413f871fd483f6dc4d15e3875766f55ced255c2f7b218a9d85fc16c16041cb4,full,13655514B11561761851968,Setor de Bula,True,True,disjoint,False,False,
component,physical-component:5413f871fd483f6dc4d15e3875766f55ced255c2f7b218a9d85fc16c16041cb4,full,13655514B12793543239296,Setor de Quebo,True,True,disjoint,False,False,
component,physical-component:5413f871fd483f6dc4d15e3875766f55ced255c2f7b218a9d85fc16c16041cb4,full,13655514B15077734082289,Setor de Bafata,True,True,disjoint,False,False,
component,physical-component:5413f871fd483f6dc4d15e3875766f55ced255c2f7b218a9d85fc16c16041cb4,full,13655514B15408487636665,Setor de Madina do Bo˒,True,True,disjoint,False,False,
component,physical-component:5413f871fd483f6dc4d15e3875766f55ced255c2f7b218a9d85fc16c16041cb4,full,13655514B16168252486838,Setor de Pirada,True,True,disjoint,False,False,
component,physical-component:5413f871fd483f6dc4d15e3875766f55ced255c2f7b218a9d85fc16c16041cb4,full,13655514B168355566476,Setor de Bambadinca,True,True,disjoint,False,False,
component,physical-component:5413f871fd483f6dc4d15e3875766f55ced255c2f7b218a9d85fc16c16041cb4,full,13655514B24413703823033,Setor de Catie,True,True,disjoint,False,False,
component,physical-component:5413f871fd483f6dc4d15e3875766f55ced255c2f7b218a9d85fc16c16041cb4,full,13655514B30693048438959,Setor de Empada,True,True,disjoint,False,False,
component,physical-component:5413f871fd483f6dc4d15e3875766f55ced255c2f7b218a9d85fc16c16041cb4,full,13655514B31772276876031,Setor de Mansoa,True,True,disjoint,False,False,
component,physical-component:5413f871fd483f6dc4d15e3875766f55ced255c2f7b218a9d85fc16c16041cb4,full,13655514B37452641895852,Setor de Buba,True,True,disjoint,False,False,
component,physical-component:5413f871fd483f6dc4d15e3875766f55ced255c2f7b218a9d85fc16c16041cb4,full,13655514B37576476310465,Setor de Tite,True,True,disjoint,False,False,
component,physical-component:5413f871fd483f6dc4d15e3875766f55ced255c2f7b218a9d85fc16c16041cb4,full,13655514B38974563194217,Bissau Autonomous Sector,True,True,disjoint,False,False,
component,physical-component:5413f871fd483f6dc4d15e3875766f55ced255c2f7b218a9d85fc16c16041cb4,full,13655514B4319146558278,Setor de Galomaro,True,True,disjoint,False,False,
component,physical-component:5413f871fd483f6dc4d15e3875766f55ced255c2f7b218a9d85fc16c16041cb4,full,13655514B44985576134462,Setor de Uno,True,True,disjoint,False,False,
component,physical-component:5413f871fd483f6dc4d15e3875766f55ced255c2f7b218a9d85fc16c16041cb4,full,13655514B47112439721810,Setor de Nhacra,True,True,disjoint,False,False,
component,physical-component:5413f871fd483f6dc4d15e3875766f55ced255c2f7b218a9d85fc16c16041cb4,full,13655514B47480576799194,Setor de Sonaco,True,True,disjoint,False,False,
component,physical-component:5413f871fd483f6dc4d15e3875766f55ced255c2f7b218a9d85fc16c16041cb4,full,13655514B48763126228848,Setor de Bedanda,True,True,disjoint,False,False,
component,physical-component:5413f871fd483f6dc4d15e3875766f55ced255c2f7b218a9d85fc16c16041cb4,full,13655514B49812801634354,Setor de Mansaba,True,True,disjoint,False,False,
component,physical-component:5413f871fd483f6dc4d15e3875766f55ced255c2f7b218a9d85fc16c16041cb4,full,13655514B51179315853055,Contuboel,True,True,disjoint,False,False,
component,physical-component:5413f871fd483f6dc4d15e3875766f55ced255c2f7b218a9d85fc16c16041cb4,full,13655514B53615250576563,Setor de Prabis,True,True,disjoint,False,False,
component,physical-component:5413f871fd483f6dc4d15e3875766f55ced255c2f7b218a9d85fc16c16041cb4,full,13655514B57644193184055,Setor de Farim,True,True,disjoint,False,False,
component,physical-component:5413f871fd483f6dc4d15e3875766f55ced255c2f7b218a9d85fc16c16041cb4,full,13655514B57740331915335,Setor de Bissora,True,True,disjoint,False,False,
component,physical-component:5413f871fd483f6dc4d15e3875766f55ced255c2f7b218a9d85fc16c16041cb4,full,13655514B59106895169358,Setor de Caravela,True,True,disjoint,False,False,
component,physical-component:5413f871fd483f6dc4d15e3875766f55ced255c2f7b218a9d85fc16c16041cb4,full,13655514B65296626482863,Setor de Gabv,True,True,disjoint,False,False,
component,physical-component:5413f871fd483f6dc4d15e3875766f55ced255c2f7b218a9d85fc16c16041cb4,full,13655514B65471558325414,Setor de Xitole,True,True,disjoint,False,False,
component,physical-component:5413f871fd483f6dc4d15e3875766f55ced255c2f7b218a9d85fc16c16041cb4,full,13655514B65726406107890,Setor de Gamamundo,True,True,disjoint,False,False,
component,physical-component:5413f871fd483f6dc4d15e3875766f55ced255c2f7b218a9d85fc16c16041cb4,full,13655514B65757043009502,Setor de Safim,True,True,disjoint,False,False,
component,physical-component:5413f871fd483f6dc4d15e3875766f55ced255c2f7b218a9d85fc16c16041cb4,full,13655514B66751603958816,Setor de Quinh,True,True,disjoint,False,False,
component,physical-component:5413f871fd483f6dc4d15e3875766f55ced255c2f7b218a9d85fc16c16041cb4,full,13655514B71925291750028,Setor de Cacine,True,True,disjoint,False,False,
component,physical-component:5413f871fd483f6dc4d15e3875766f55ced255c2f7b218a9d85fc16c16041cb4,full,13655514B76388735674013,Setor de Bigene,True,True,disjoint,False,False,
component,physical-component:5413f871fd483f6dc4d15e3875766f55ced255c2f7b218a9d85fc16c16041cb4,full,13655514B77006902429960,Setor de Bolama,True,True,disjoint,False,False,
component,physical-component:5413f871fd483f6dc4d15e3875766f55ced255c2f7b218a9d85fc16c16041cb4,full,13655514B8216177448850,Setor de Caiv,True,True,disjoint,False,False,
component,physical-component:5413f871fd483f6dc4d15e3875766f55ced255c2f7b218a9d85fc16c16041cb4,full,13655514B91246233663569,Setor de Canghungo,True,True,disjoint,False,False,
component,physical-component:5413f871fd483f6dc4d15e3875766f55ced255c2f7b218a9d85fc16c16041cb4,full,13655514B91994517778696,Setor de Sto Domingos,True,True,disjoint,False,False,
component,physical-component:5413f871fd483f6dc4d15e3875766f55ced255c2f7b218a9d85fc16c16041cb4,full,13655514B9524670555472,Setor de Fulacunda,True,True,disjoint,False,False,
component,physical-component:5413f871fd483f6dc4d15e3875766f55ced255c2f7b218a9d85fc16c16041cb4,full,13655514B95678269815128,Setor de Cacheu,True,True,disjoint,False,False,
component,physical-component:5413f871fd483f6dc4d15e3875766f55ced255c2f7b218a9d85fc16c16041cb4,full,13655514B97576906537580,Setor de Pitche,True,True,disjoint,False,False,
component,physical-component:5413f871fd483f6dc4d15e3875766f55ced255c2f7b218a9d85fc16c16041cb4,full,13655514B98496568253651,Setor de Bubaque,True,True,positive-area,False,False,component:physical-component:5413f871fd483f6dc4d15e3875766f55ced255c2f7b218a9d85fc16c16041cb4|full:13655514B98496568253651
component,physical-component:5413f871fd483f6dc4d15e3875766f55ced255c2f7b218a9d85fc16c16041cb4,full,13655514B99052541590952,Setor de Boe,True,True,disjoint,False,False,
component,physical-component:5413f871fd483f6dc4d15e3875766f55ced255c2f7b218a9d85fc16c16041cb4,simplified,13655514B11561761851968,Setor de Bula,True,True,disjoint,False,False,
component,physical-component:5413f871fd483f6dc4d15e3875766f55ced255c2f7b218a9d85fc16c16041cb4,simplified,13655514B12793543239296,Setor de Quebo,True,True,disjoint,False,False,
component,physical-component:5413f871fd483f6dc4d15e3875766f55ced255c2f7b218a9d85fc16c16041cb4,simplified,13655514B15077734082289,Setor de Bafata,True,True,disjoint,False,False,
component,physical-component:5413f871fd483f6dc4d15e3875766f55ced255c2f7b218a9d85fc16c16041cb4,simplified,13655514B15408487636665,Setor de Madina do Bo˒,True,True,disjoint,False,False,
component,physical-component:5413f871fd483f6dc4d15e3875766f55ced255c2f7b218a9d85fc16c16041cb4,simplified,13655514B16168252486838,Setor de Pirada,True,True,disjoint,False,False,
component,physical-component:5413f871fd483f6dc4d15e3875766f55ced255c2f7b218a9d85fc16c16041cb4,simplified,13655514B168355566476,Setor de Bambadinca,True,True,disjoint,False,False,
component,physical-component:5413f871fd483f6dc4d15e3875766f55ced255c2f7b218a9d85fc16c16041cb4,simplified,13655514B24413703823033,Setor de Catie,True,True,disjoint,False,False,
component,physical-component:5413f871fd483f6dc4d15e3875766f55ced255c2f7b218a9d85fc16c16041cb4,simplified,13655514B30693048438959,Setor de Empada,True,True,disjoint,False,False,
component,physical-component:5413f871fd483f6dc4d15e3875766f55ced255c2f7b218a9d85fc16c16041cb4,simplified,13655514B31772276876031,Setor de Mansoa,True,True,disjoint,False,False,
component,physical-component:5413f871fd483f6dc4d15e3875766f55ced255c2f7b218a9d85fc16c16041cb4,simplified,13655514B37452641895852,Setor de Buba,True,True,disjoint,False,False,
component,physical-component:5413f871fd483f6dc4d15e3875766f55ced255c2f7b218a9d85fc16c16041cb4,simplified,13655514B37576476310465,Setor de Tite,True,True,disjoint,False,False,
component,physical-component:5413f871fd483f6dc4d15e3875766f55ced255c2f7b218a9d85fc16c16041cb4,simplified,13655514B38974563194217,Bissau Autonomous Sector,True,True,disjoint,False,False,
component,physical-component:5413f871fd483f6dc4d15e3875766f55ced255c2f7b218a9d85fc16c16041cb4,simplified,13655514B4319146558278,Setor de Galomaro,True,True,disjoint,False,False,
component,physical-component:5413f871fd483f6dc4d15e3875766f55ced255c2f7b218a9d85fc16c16041cb4,simplified,13655514B44985576134462,Setor de Uno,True,True,disjoint,False,False,
component,physical-component:5413f871fd483f6dc4d15e3875766f55ced255c2f7b218a9d85fc16c16041cb4,simplified,13655514B47112439721810,Setor de Nhacra,True,True,disjoint,False,False,
component,physical-component:5413f871fd483f6dc4d15e3875766f55ced255c2f7b218a9d85fc16c16041cb4,simplified,13655514B47480576799194,Setor de Sonaco,True,True,disjoint,False,False,
component,physical-component:5413f871fd483f6dc4d15e3875766f55ced255c2f7b218a9d85fc16c16041cb4,simplified,13655514B48763126228848,Setor de Bedanda,True,True,disjoint,False,False,
component,physical-component:5413f871fd483f6dc4d15e3875766f55ced255c2f7b218a9d85fc16c16041cb4,simplified,13655514B49812801634354,Setor de Mansaba,True,True,disjoint,False,False,
component,physical-component:5413f871fd483f6dc4d15e3875766f55ced255c2f7b218a9d85fc16c16041cb4,simplified,13655514B51179315853055,Contuboel,True,True,disjoint,False,False,
component,physical-component:5413f871fd483f6dc4d15e3875766f55ced255c2f7b218a9d85fc16c16041cb4,simplified,13655514B53615250576563,Setor de Prabis,True,True,disjoint,False,False,
component,physical-component:5413f871fd483f6dc4d15e3875766f55ced255c2f7b218a9d85fc16c16041cb4,simplified,13655514B57644193184055,Setor de Farim,True,True,disjoint,False,False,
component,physical-component:5413f871fd483f6dc4d15e3875766f55ced255c2f7b218a9d85fc16c16041cb4,simplified,13655514B57740331915335,Setor de Bissora,True,True,disjoint,False,False,
component,physical-component:5413f871fd483f6dc4d15e3875766f55ced255c2f7b218a9d85fc16c16041cb4,simplified,13655514B59106895169358,Setor de Caravela,True,True,disjoint,False,False,
component,physical-component:5413f871fd483f6dc4d15e3875766f55ced255c2f7b218a9d85fc16c16041cb4,simplified,13655514B65296626482863,Setor de Gabv,True,True,disjoint,False,False,
component,physical-component:5413f871fd483f6dc4d15e3875766f55ced255c2f7b218a9d85fc16c16041cb4,simplified,13655514B65471558325414,Setor de Xitole,True,True,disjoint,False,False,
component,physical-component:5413f871fd483f6dc4d15e3875766f55ced255c2f7b218a9d85fc16c16041cb4,simplified,13655514B65726406107890,Setor de Gamamundo,True,True,disjoint,False,False,
component,physical-component:5413f871fd483f6dc4d15e3875766f55ced255c2f7b218a9d85fc16c16041cb4,simplified,13655514B65757043009502,Setor de Safim,True,True,disjoint,False,False,
component,physical-component:5413f871fd483f6dc4d15e3875766f55ced255c2f7b218a9d85fc16c16041cb4,simplified,13655514B66751603958816,Setor de Quinh,True,True,disjoint,False,False,
component,physical-component:5413f871fd483f6dc4d15e3875766f55ced255c2f7b218a9d85fc16c16041cb4,simplified,13655514B71925291750028,Setor de Cacine,True,True,disjoint,False,False,
component,physical-component:5413f871fd483f6dc4d15e3875766f55ced255c2f7b218a9d85fc16c16041cb4,simplified,13655514B76388735674013,Setor de Bigene,True,True,disjoint,False,False,
component,physical-component:5413f871fd483f6dc4d15e3875766f55ced255c2f7b218a9d85fc16c16041cb4,simplified,13655514B77006902429960,Setor de Bolama,True,True,disjoint,False,False,
component,physical-component:5413f871fd483f6dc4d15e3875766f55ced255c2f7b218a9d85fc16c16041cb4,simplified,13655514B8216177448850,Setor de Caiv,True,True,disjoint,False,False,
component,physical-component:5413f871fd483f6dc4d15e3875766f55ced255c2f7b218a9d85fc16c16041cb4,simplified,13655514B91246233663569,Setor de Canghungo,True,True,disjoint,False,False,
component,physical-component:5413f871fd483f6dc4d15e3875766f55ced255c2f7b218a9d85fc16c16041cb4,simplified,13655514B91994517778696,Setor de Sto Domingos,True,True,disjoint,False,False,
component,physical-component:5413f871fd483f6dc4d15e3875766f55ced255c2f7b218a9d85fc16c16041cb4,simplified,13655514B9524670555472,Setor de Fulacunda,True,True,disjoint,False,False,
component,physical-component:5413f871fd483f6dc4d15e3875766f55ced255c2f7b218a9d85fc16c16041cb4,simplified,13655514B95678269815128,Setor de Cacheu,True,True,disjoint,False,False,
component,physical-component:5413f871fd483f6dc4d15e3875766f55ced255c2f7b218a9d85fc16c16041cb4,simplified,13655514B97576906537580,Setor de Pitche,True,True,disjoint,False,False,
component,physical-component:5413f871fd483f6dc4d15e3875766f55ced255c2f7b218a9d85fc16c16041cb4,simplified,13655514B98496568253651,Setor de Bubaque,True,True,positive-area,False,False,component:physical-component:5413f871fd483f6dc4d15e3875766f55ced255c2f7b218a9d85fc16c16041cb4|simplified:13655514B98496568253651
component,physical-component:5413f871fd483f6dc4d15e3875766f55ced255c2f7b218a9d85fc16c16041cb4,simplified,13655514B99052541590952,Setor de Boe,True,True,disjoint,False,False,
component,physical-component:649d89ccfe5d24412648cb652520847ea41d0ee1a17df0340ffd597d4d389b6c,full,13655514B11561761851968,Setor de Bula,True,True,disjoint,False,False,
component,physical-component:649d89ccfe5d24412648cb652520847ea41d0ee1a17df0340ffd597d4d389b6c,full,13655514B12793543239296,Setor de Quebo,True,True,disjoint,False,False,
component,physical-component:649d89ccfe5d24412648cb652520847ea41d0ee1a17df0340ffd597d4d389b6c,full,13655514B15077734082289,Setor de Bafata,True,True,disjoint,False,False,
component,physical-component:649d89ccfe5d24412648cb652520847ea41d0ee1a17df0340ffd597d4d389b6c,full,13655514B15408487636665,Setor de Madina do Bo˒,True,True,disjoint,False,False,
component,physical-component:649d89ccfe5d24412648cb652520847ea41d0ee1a17df0340ffd597d4d389b6c,full,13655514B16168252486838,Setor de Pirada,True,True,disjoint,False,False,
component,physical-component:649d89ccfe5d24412648cb652520847ea41d0ee1a17df0340ffd597d4d389b6c,full,13655514B168355566476,Setor de Bambadinca,True,True,disjoint,False,False,
component,physical-component:649d89ccfe5d24412648cb652520847ea41d0ee1a17df0340ffd597d4d389b6c,full,13655514B24413703823033,Setor de Catie,True,True,disjoint,False,False,
component,physical-component:649d89ccfe5d24412648cb652520847ea41d0ee1a17df0340ffd597d4d389b6c,full,13655514B30693048438959,Setor de Empada,True,True,disjoint,False,False,
component,physical-component:649d89ccfe5d24412648cb652520847ea41d0ee1a17df0340ffd597d4d389b6c,full,13655514B31772276876031,Setor de Mansoa,True,True,disjoint,False,False,
component,physical-component:649d89ccfe5d24412648cb652520847ea41d0ee1a17df0340ffd597d4d389b6c,full,13655514B37452641895852,Setor de Buba,True,True,disjoint,False,False,
component,physical-component:649d89ccfe5d24412648cb652520847ea41d0ee1a17df0340ffd597d4d389b6c,full,13655514B37576476310465,Setor de Tite,True,True,disjoint,False,False,
component,physical-component:649d89ccfe5d24412648cb652520847ea41d0ee1a17df0340ffd597d4d389b6c,full,13655514B38974563194217,Bissau Autonomous Sector,True,True,disjoint,False,False,
component,physical-component:649d89ccfe5d24412648cb652520847ea41d0ee1a17df0340ffd597d4d389b6c,full,13655514B4319146558278,Setor de Galomaro,True,True,disjoint,False,False,
component,physical-component:649d89ccfe5d24412648cb652520847ea41d0ee1a17df0340ffd597d4d389b6c,full,13655514B44985576134462,Setor de Uno,True,True,disjoint,False,False,
component,physical-component:649d89ccfe5d24412648cb652520847ea41d0ee1a17df0340ffd597d4d389b6c,full,13655514B47112439721810,Setor de Nhacra,True,True,disjoint,False,False,
component,physical-component:649d89ccfe5d24412648cb652520847ea41d0ee1a17df0340ffd597d4d389b6c,full,13655514B47480576799194,Setor de Sonaco,True,True,disjoint,False,False,
component,physical-component:649d89ccfe5d24412648cb652520847ea41d0ee1a17df0340ffd597d4d389b6c,full,13655514B48763126228848,Setor de Bedanda,True,True,disjoint,False,False,
component,physical-component:649d89ccfe5d24412648cb652520847ea41d0ee1a17df0340ffd597d4d389b6c,full,13655514B49812801634354,Setor de Mansaba,True,True,disjoint,False,False,
component,physical-component:649d89ccfe5d24412648cb652520847ea41d0ee1a17df0340ffd597d4d389b6c,full,13655514B51179315853055,Contuboel,True,True,disjoint,False,False,
component,physical-component:649d89ccfe5d24412648cb652520847ea41d0ee1a17df0340ffd597d4d389b6c,full,13655514B53615250576563,Setor de Prabis,True,True,disjoint,False,False,
component,physical-component:649d89ccfe5d24412648cb652520847ea41d0ee1a17df0340ffd597d4d389b6c,full,13655514B57644193184055,Setor de Farim,True,True,disjoint,False,False,
component,physical-component:649d89ccfe5d24412648cb652520847ea41d0ee1a17df0340ffd597d4d389b6c,full,13655514B57740331915335,Setor de Bissora,True,True,disjoint,False,False,
component,physical-component:649d89ccfe5d24412648cb652520847ea41d0ee1a17df0340ffd597d4d389b6c,full,13655514B59106895169358,Setor de Caravela,True,True,disjoint,False,False,
component,physical-component:649d89ccfe5d24412648cb652520847ea41d0ee1a17df0340ffd597d4d389b6c,full,13655514B65296626482863,Setor de Gabv,True,True,disjoint,False,False,
component,physical-component:649d89ccfe5d24412648cb652520847ea41d0ee1a17df0340ffd597d4d389b6c,full,13655514B65471558325414,Setor de Xitole,True,True,disjoint,False,False,
component,physical-component:649d89ccfe5d24412648cb652520847ea41d0ee1a17df0340ffd597d4d389b6c,full,13655514B65726406107890,Setor de Gamamundo,True,True,disjoint,False,False,
component,physical-component:649d89ccfe5d24412648cb652520847ea41d0ee1a17df0340ffd597d4d389b6c,full,13655514B65757043009502,Setor de Safim,True,True,disjoint,False,False,
component,physical-component:649d89ccfe5d24412648cb652520847ea41d0ee1a17df0340ffd597d4d389b6c,full,13655514B66751603958816,Setor de Quinh,True,True,disjoint,False,False,
component,physical-component:649d89ccfe5d24412648cb652520847ea41d0ee1a17df0340ffd597d4d389b6c,full,13655514B71925291750028,Setor de Cacine,True,True,disjoint,False,False,
component,physical-component:649d89ccfe5d24412648cb652520847ea41d0ee1a17df0340ffd597d4d389b6c,full,13655514B76388735674013,Setor de Bigene,True,True,disjoint,False,False,
component,physical-component:649d89ccfe5d24412648cb652520847ea41d0ee1a17df0340ffd597d4d389b6c,full,13655514B77006902429960,Setor de Bolama,True,True,disjoint,False,False,
component,physical-component:649d89ccfe5d24412648cb652520847ea41d0ee1a17df0340ffd597d4d389b6c,full,13655514B8216177448850,Setor de Caiv,True,True,disjoint,False,False,
component,physical-component:649d89ccfe5d24412648cb652520847ea41d0ee1a17df0340ffd597d4d389b6c,full,13655514B91246233663569,Setor de Canghungo,True,True,disjoint,False,False,
component,physical-component:649d89ccfe5d24412648cb652520847ea41d0ee1a17df0340ffd597d4d389b6c,full,13655514B91994517778696,Setor de Sto Domingos,True,True,disjoint,False,False,
component,physical-component:649d89ccfe5d24412648cb652520847ea41d0ee1a17df0340ffd597d4d389b6c,full,13655514B9524670555472,Setor de Fulacunda,True,True,disjoint,False,False,
component,physical-component:649d89ccfe5d24412648cb652520847ea41d0ee1a17df0340ffd597d4d389b6c,full,13655514B95678269815128,Setor de Cacheu,True,True,disjoint,False,False,
component,physical-component:649d89ccfe5d24412648cb652520847ea41d0ee1a17df0340ffd597d4d389b6c,full,13655514B97576906537580,Setor de Pitche,True,True,disjoint,False,False,
component,physical-component:649d89ccfe5d24412648cb652520847ea41d0ee1a17df0340ffd597d4d389b6c,full,13655514B98496568253651,Setor de Bubaque,True,True,positive-area,False,False,component:physical-component:649d89ccfe5d24412648cb652520847ea41d0ee1a17df0340ffd597d4d389b6c|full:13655514B98496568253651
component,physical-component:649d89ccfe5d24412648cb652520847ea41d0ee1a17df0340ffd597d4d389b6c,full,13655514B99052541590952,Setor de Boe,True,True,disjoint,False,False,
component,physical-component:649d89ccfe5d24412648cb652520847ea41d0ee1a17df0340ffd597d4d389b6c,simplified,13655514B11561761851968,Setor de Bula,True,True,disjoint,False,False,
component,physical-component:649d89ccfe5d24412648cb652520847ea41d0ee1a17df0340ffd597d4d389b6c,simplified,13655514B12793543239296,Setor de Quebo,True,True,disjoint,False,False,
component,physical-component:649d89ccfe5d24412648cb652520847ea41d0ee1a17df0340ffd597d4d389b6c,simplified,13655514B15077734082289,Setor de Bafata,True,True,disjoint,False,False,
component,physical-component:649d89ccfe5d24412648cb652520847ea41d0ee1a17df0340ffd597d4d389b6c,simplified,13655514B15408487636665,Setor de Madina do Bo˒,True,True,disjoint,False,False,
component,physical-component:649d89ccfe5d24412648cb652520847ea41d0ee1a17df0340ffd597d4d389b6c,simplified,13655514B16168252486838,Setor de Pirada,True,True,disjoint,False,False,
component,physical-component:649d89ccfe5d24412648cb652520847ea41d0ee1a17df0340ffd597d4d389b6c,simplified,13655514B168355566476,Setor de Bambadinca,True,True,disjoint,False,False,
component,physical-component:649d89ccfe5d24412648cb652520847ea41d0ee1a17df0340ffd597d4d389b6c,simplified,13655514B24413703823033,Setor de Catie,True,True,disjoint,False,False,
component,physical-component:649d89ccfe5d24412648cb652520847ea41d0ee1a17df0340ffd597d4d389b6c,simplified,13655514B30693048438959,Setor de Empada,True,True,disjoint,False,False,
component,physical-component:649d89ccfe5d24412648cb652520847ea41d0ee1a17df0340ffd597d4d389b6c,simplified,13655514B31772276876031,Setor de Mansoa,True,True,disjoint,False,False,
component,physical-component:649d89ccfe5d24412648cb652520847ea41d0ee1a17df0340ffd597d4d389b6c,simplified,13655514B37452641895852,Setor de Buba,True,True,disjoint,False,False,
component,physical-component:649d89ccfe5d24412648cb652520847ea41d0ee1a17df0340ffd597d4d389b6c,simplified,13655514B37576476310465,Setor de Tite,True,True,disjoint,False,False,
component,physical-component:649d89ccfe5d24412648cb652520847ea41d0ee1a17df0340ffd597d4d389b6c,simplified,13655514B38974563194217,Bissau Autonomous Sector,True,True,disjoint,False,False,
component,physical-component:649d89ccfe5d24412648cb652520847ea41d0ee1a17df0340ffd597d4d389b6c,simplified,13655514B4319146558278,Setor de Galomaro,True,True,disjoint,False,False,
component,physical-component:649d89ccfe5d24412648cb652520847ea41d0ee1a17df0340ffd597d4d389b6c,simplified,13655514B44985576134462,Setor de Uno,True,True,disjoint,False,False,
component,physical-component:649d89ccfe5d24412648cb652520847ea41d0ee1a17df0340ffd597d4d389b6c,simplified,13655514B47112439721810,Setor de Nhacra,True,True,disjoint,False,False,
component,physical-component:649d89ccfe5d24412648cb652520847ea41d0ee1a17df0340ffd597d4d389b6c,simplified,13655514B47480576799194,Setor de Sonaco,True,True,disjoint,False,False,
component,physical-component:649d89ccfe5d24412648cb652520847ea41d0ee1a17df0340ffd597d4d389b6c,simplified,13655514B48763126228848,Setor de Bedanda,True,True,disjoint,False,False,
component,physical-component:649d89ccfe5d24412648cb652520847ea41d0ee1a17df0340ffd597d4d389b6c,simplified,13655514B49812801634354,Setor de Mansaba,True,True,disjoint,False,False,
component,physical-component:649d89ccfe5d24412648cb652520847ea41d0ee1a17df0340ffd597d4d389b6c,simplified,13655514B51179315853055,Contuboel,True,True,disjoint,False,False,
component,physical-component:649d89ccfe5d24412648cb652520847ea41d0ee1a17df0340ffd597d4d389b6c,simplified,13655514B53615250576563,Setor de Prabis,True,True,disjoint,False,False,
component,physical-component:649d89ccfe5d24412648cb652520847ea41d0ee1a17df0340ffd597d4d389b6c,simplified,13655514B57644193184055,Setor de Farim,True,True,disjoint,False,False,
component,physical-component:649d89ccfe5d24412648cb652520847ea41d0ee1a17df0340ffd597d4d389b6c,simplified,13655514B57740331915335,Setor de Bissora,True,True,disjoint,False,False,
component,physical-component:649d89ccfe5d24412648cb652520847ea41d0ee1a17df0340ffd597d4d389b6c,simplified,13655514B59106895169358,Setor de Caravela,True,True,disjoint,False,False,
component,physical-component:649d89ccfe5d24412648cb652520847ea41d0ee1a17df0340ffd597d4d389b6c,simplified,13655514B65296626482863,Setor de Gabv,True,True,disjoint,False,False,
component,physical-component:649d89ccfe5d24412648cb652520847ea41d0ee1a17df0340ffd597d4d389b6c,simplified,13655514B65471558325414,Setor de Xitole,True,True,disjoint,False,False,
component,physical-component:649d89ccfe5d24412648cb652520847ea41d0ee1a17df0340ffd597d4d389b6c,simplified,13655514B65726406107890,Setor de Gamamundo,True,True,disjoint,False,False,
component,physical-component:649d89ccfe5d24412648cb652520847ea41d0ee1a17df0340ffd597d4d389b6c,simplified,13655514B65757043009502,Setor de Safim,True,True,disjoint,False,False,
component,physical-component:649d89ccfe5d24412648cb652520847ea41d0ee1a17df0340ffd597d4d389b6c,simplified,13655514B66751603958816,Setor de Quinh,True,True,disjoint,False,False,
component,physical-component:649d89ccfe5d24412648cb652520847ea41d0ee1a17df0340ffd597d4d389b6c,simplified,13655514B71925291750028,Setor de Cacine,True,True,disjoint,False,False,
component,physical-component:649d89ccfe5d24412648cb652520847ea41d0ee1a17df0340ffd597d4d389b6c,simplified,13655514B76388735674013,Setor de Bigene,True,True,disjoint,False,False,
component,physical-component:649d89ccfe5d24412648cb652520847ea41d0ee1a17df0340ffd597d4d389b6c,simplified,13655514B77006902429960,Setor de Bolama,True,True,disjoint,False,False,
component,physical-component:649d89ccfe5d24412648cb652520847ea41d0ee1a17df0340ffd597d4d389b6c,simplified,13655514B8216177448850,Setor de Caiv,True,True,disjoint,False,False,
component,physical-component:649d89ccfe5d24412648cb652520847ea41d0ee1a17df0340ffd597d4d389b6c,simplified,13655514B91246233663569,Setor de Canghungo,True,True,disjoint,False,False,
component,physical-component:649d89ccfe5d24412648cb652520847ea41d0ee1a17df0340ffd597d4d389b6c,simplified,13655514B91994517778696,Setor de Sto Domingos,True,True,disjoint,False,False,
component,physical-component:649d89ccfe5d24412648cb652520847ea41d0ee1a17df0340ffd597d4d389b6c,simplified,13655514B9524670555472,Setor de Fulacunda,True,True,disjoint,False,False,
component,physical-component:649d89ccfe5d24412648cb652520847ea41d0ee1a17df0340ffd597d4d389b6c,simplified,13655514B95678269815128,Setor de Cacheu,True,True,disjoint,False,False,
component,physical-component:649d89ccfe5d24412648cb652520847ea41d0ee1a17df0340ffd597d4d389b6c,simplified,13655514B97576906537580,Setor de Pitche,True,True,disjoint,False,False,
component,physical-component:649d89ccfe5d24412648cb652520847ea41d0ee1a17df0340ffd597d4d389b6c,simplified,13655514B98496568253651,Setor de Bubaque,True,True,positive-area,False,False,component:physical-component:649d89ccfe5d24412648cb652520847ea41d0ee1a17df0340ffd597d4d389b6c|simplified:13655514B98496568253651
component,physical-component:649d89ccfe5d24412648cb652520847ea41d0ee1a17df0340ffd597d4d389b6c,simplified,13655514B99052541590952,Setor de Boe,True,True,disjoint,False,False,
component,physical-component:6b69f60f89e1ab9b94616dc787e8472af16c2f138552cd15c83bc2c28cde9d56,full,13655514B11561761851968,Setor de Bula,True,True,disjoint,False,False,
component,physical-component:6b69f60f89e1ab9b94616dc787e8472af16c2f138552cd15c83bc2c28cde9d56,full,13655514B12793543239296,Setor de Quebo,True,True,disjoint,False,False,
component,physical-component:6b69f60f89e1ab9b94616dc787e8472af16c2f138552cd15c83bc2c28cde9d56,full,13655514B15077734082289,Setor de Bafata,True,True,disjoint,False,False,
component,physical-component:6b69f60f89e1ab9b94616dc787e8472af16c2f138552cd15c83bc2c28cde9d56,full,13655514B15408487636665,Setor de Madina do Bo˒,True,True,disjoint,False,False,
component,physical-component:6b69f60f89e1ab9b94616dc787e8472af16c2f138552cd15c83bc2c28cde9d56,full,13655514B16168252486838,Setor de Pirada,True,True,disjoint,False,False,
component,physical-component:6b69f60f89e1ab9b94616dc787e8472af16c2f138552cd15c83bc2c28cde9d56,full,13655514B168355566476,Setor de Bambadinca,True,True,disjoint,False,False,
component,physical-component:6b69f60f89e1ab9b94616dc787e8472af16c2f138552cd15c83bc2c28cde9d56,full,13655514B24413703823033,Setor de Catie,True,True,disjoint,False,False,
component,physical-component:6b69f60f89e1ab9b94616dc787e8472af16c2f138552cd15c83bc2c28cde9d56,full,13655514B30693048438959,Setor de Empada,True,True,disjoint,False,False,
component,physical-component:6b69f60f89e1ab9b94616dc787e8472af16c2f138552cd15c83bc2c28cde9d56,full,13655514B31772276876031,Setor de Mansoa,True,True,disjoint,False,False,
component,physical-component:6b69f60f89e1ab9b94616dc787e8472af16c2f138552cd15c83bc2c28cde9d56,full,13655514B37452641895852,Setor de Buba,True,True,disjoint,False,False,
component,physical-component:6b69f60f89e1ab9b94616dc787e8472af16c2f138552cd15c83bc2c28cde9d56,full,13655514B37576476310465,Setor de Tite,True,True,disjoint,False,False,
component,physical-component:6b69f60f89e1ab9b94616dc787e8472af16c2f138552cd15c83bc2c28cde9d56,full,13655514B38974563194217,Bissau Autonomous Sector,True,True,disjoint,False,False,
component,physical-component:6b69f60f89e1ab9b94616dc787e8472af16c2f138552cd15c83bc2c28cde9d56,full,13655514B4319146558278,Setor de Galomaro,True,True,disjoint,False,False,
component,physical-component:6b69f60f89e1ab9b94616dc787e8472af16c2f138552cd15c83bc2c28cde9d56,full,13655514B44985576134462,Setor de Uno,True,True,disjoint,False,False,
component,physical-component:6b69f60f89e1ab9b94616dc787e8472af16c2f138552cd15c83bc2c28cde9d56,full,13655514B47112439721810,Setor de Nhacra,True,True,disjoint,False,False,
component,physical-component:6b69f60f89e1ab9b94616dc787e8472af16c2f138552cd15c83bc2c28cde9d56,full,13655514B47480576799194,Setor de Sonaco,True,True,disjoint,False,False,
component,physical-component:6b69f60f89e1ab9b94616dc787e8472af16c2f138552cd15c83bc2c28cde9d56,full,13655514B48763126228848,Setor de Bedanda,True,True,disjoint,False,False,
component,physical-component:6b69f60f89e1ab9b94616dc787e8472af16c2f138552cd15c83bc2c28cde9d56,full,13655514B49812801634354,Setor de Mansaba,True,True,disjoint,False,False,
component,physical-component:6b69f60f89e1ab9b94616dc787e8472af16c2f138552cd15c83bc2c28cde9d56,full,13655514B51179315853055,Contuboel,True,True,disjoint,False,False,
component,physical-component:6b69f60f89e1ab9b94616dc787e8472af16c2f138552cd15c83bc2c28cde9d56,full,13655514B53615250576563,Setor de Prabis,True,True,disjoint,False,False,
component,physical-component:6b69f60f89e1ab9b94616dc787e8472af16c2f138552cd15c83bc2c28cde9d56,full,13655514B57644193184055,Setor de Farim,True,True,disjoint,False,False,
component,physical-component:6b69f60f89e1ab9b94616dc787e8472af16c2f138552cd15c83bc2c28cde9d56,full,13655514B57740331915335,Setor de Bissora,True,True,disjoint,False,False,
component,physical-component:6b69f60f89e1ab9b94616dc787e8472af16c2f138552cd15c83bc2c28cde9d56,full,13655514B59106895169358,Setor de Caravela,True,True,positive-area,False,False,component:physical-component:6b69f60f89e1ab9b94616dc787e8472af16c2f138552cd15c83bc2c28cde9d56|full:13655514B59106895169358
component,physical-component:6b69f60f89e1ab9b94616dc787e8472af16c2f138552cd15c83bc2c28cde9d56,full,13655514B65296626482863,Setor de Gabv,True,True,disjoint,False,False,
component,physical-component:6b69f60f89e1ab9b94616dc787e8472af16c2f138552cd15c83bc2c28cde9d56,full,13655514B65471558325414,Setor de Xitole,True,True,disjoint,False,False,
component,physical-component:6b69f60f89e1ab9b94616dc787e8472af16c2f138552cd15c83bc2c28cde9d56,full,13655514B65726406107890,Setor de Gamamundo,True,True,disjoint,False,False,
component,physical-component:6b69f60f89e1ab9b94616dc787e8472af16c2f138552cd15c83bc2c28cde9d56,full,13655514B65757043009502,Setor de Safim,True,True,disjoint,False,False,
component,physical-component:6b69f60f89e1ab9b94616dc787e8472af16c2f138552cd15c83bc2c28cde9d56,full,13655514B66751603958816,Setor de Quinh,True,True,disjoint,False,False,
component,physical-component:6b69f60f89e1ab9b94616dc787e8472af16c2f138552cd15c83bc2c28cde9d56,full,13655514B71925291750028,Setor de Cacine,True,True,disjoint,False,False,
component,physical-component:6b69f60f89e1ab9b94616dc787e8472af16c2f138552cd15c83bc2c28cde9d56,full,13655514B76388735674013,Setor de Bigene,True,True,disjoint,False,False,
component,physical-component:6b69f60f89e1ab9b94616dc787e8472af16c2f138552cd15c83bc2c28cde9d56,full,13655514B77006902429960,Setor de Bolama,True,True,disjoint,False,False,
component,physical-component:6b69f60f89e1ab9b94616dc787e8472af16c2f138552cd15c83bc2c28cde9d56,full,13655514B8216177448850,Setor de Caiv,True,True,disjoint,False,False,
component,physical-component:6b69f60f89e1ab9b94616dc787e8472af16c2f138552cd15c83bc2c28cde9d56,full,13655514B91246233663569,Setor de Canghungo,True,True,disjoint,False,False,
component,physical-component:6b69f60f89e1ab9b94616dc787e8472af16c2f138552cd15c83bc2c28cde9d56,full,13655514B91994517778696,Setor de Sto Domingos,True,True,disjoint,False,False,
component,physical-component:6b69f60f89e1ab9b94616dc787e8472af16c2f138552cd15c83bc2c28cde9d56,full,13655514B9524670555472,Setor de Fulacunda,True,True,disjoint,False,False,
component,physical-component:6b69f60f89e1ab9b94616dc787e8472af16c2f138552cd15c83bc2c28cde9d56,full,13655514B95678269815128,Setor de Cacheu,True,True,disjoint,False,False,
component,physical-component:6b69f60f89e1ab9b94616dc787e8472af16c2f138552cd15c83bc2c28cde9d56,full,13655514B97576906537580,Setor de Pitche,True,True,disjoint,False,False,
component,physical-component:6b69f60f89e1ab9b94616dc787e8472af16c2f138552cd15c83bc2c28cde9d56,full,13655514B98496568253651,Setor de Bubaque,True,True,disjoint,False,False,
component,physical-component:6b69f60f89e1ab9b94616dc787e8472af16c2f138552cd15c83bc2c28cde9d56,full,13655514B99052541590952,Setor de Boe,True,True,disjoint,False,False,
component,physical-component:6b69f60f89e1ab9b94616dc787e8472af16c2f138552cd15c83bc2c28cde9d56,simplified,13655514B11561761851968,Setor de Bula,True,True,disjoint,False,False,
component,physical-component:6b69f60f89e1ab9b94616dc787e8472af16c2f138552cd15c83bc2c28cde9d56,simplified,13655514B12793543239296,Setor de Quebo,True,True,disjoint,False,False,
component,physical-component:6b69f60f89e1ab9b94616dc787e8472af16c2f138552cd15c83bc2c28cde9d56,simplified,13655514B15077734082289,Setor de Bafata,True,True,disjoint,False,False,
component,physical-component:6b69f60f89e1ab9b94616dc787e8472af16c2f138552cd15c83bc2c28cde9d56,simplified,13655514B15408487636665,Setor de Madina do Bo˒,True,True,disjoint,False,False,
component,physical-component:6b69f60f89e1ab9b94616dc787e8472af16c2f138552cd15c83bc2c28cde9d56,simplified,13655514B16168252486838,Setor de Pirada,True,True,disjoint,False,False,
component,physical-component:6b69f60f89e1ab9b94616dc787e8472af16c2f138552cd15c83bc2c28cde9d56,simplified,13655514B168355566476,Setor de Bambadinca,True,True,disjoint,False,False,
component,physical-component:6b69f60f89e1ab9b94616dc787e8472af16c2f138552cd15c83bc2c28cde9d56,simplified,13655514B24413703823033,Setor de Catie,True,True,disjoint,False,False,
component,physical-component:6b69f60f89e1ab9b94616dc787e8472af16c2f138552cd15c83bc2c28cde9d56,simplified,13655514B30693048438959,Setor de Empada,True,True,disjoint,False,False,
component,physical-component:6b69f60f89e1ab9b94616dc787e8472af16c2f138552cd15c83bc2c28cde9d56,simplified,13655514B31772276876031,Setor de Mansoa,True,True,disjoint,False,False,
component,physical-component:6b69f60f89e1ab9b94616dc787e8472af16c2f138552cd15c83bc2c28cde9d56,simplified,13655514B37452641895852,Setor de Buba,True,True,disjoint,False,False,
component,physical-component:6b69f60f89e1ab9b94616dc787e8472af16c2f138552cd15c83bc2c28cde9d56,simplified,13655514B37576476310465,Setor de Tite,True,True,disjoint,False,False,
component,physical-component:6b69f60f89e1ab9b94616dc787e8472af16c2f138552cd15c83bc2c28cde9d56,simplified,13655514B38974563194217,Bissau Autonomous Sector,True,True,disjoint,False,False,
component,physical-component:6b69f60f89e1ab9b94616dc787e8472af16c2f138552cd15c83bc2c28cde9d56,simplified,13655514B4319146558278,Setor de Galomaro,True,True,disjoint,False,False,
component,physical-component:6b69f60f89e1ab9b94616dc787e8472af16c2f138552cd15c83bc2c28cde9d56,simplified,13655514B44985576134462,Setor de Uno,True,True,disjoint,False,False,
component,physical-component:6b69f60f89e1ab9b94616dc787e8472af16c2f138552cd15c83bc2c28cde9d56,simplified,13655514B47112439721810,Setor de Nhacra,True,True,disjoint,False,False,
component,physical-component:6b69f60f89e1ab9b94616dc787e8472af16c2f138552cd15c83bc2c28cde9d56,simplified,13655514B47480576799194,Setor de Sonaco,True,True,disjoint,False,False,
component,physical-component:6b69f60f89e1ab9b94616dc787e8472af16c2f138552cd15c83bc2c28cde9d56,simplified,13655514B48763126228848,Setor de Bedanda,True,True,disjoint,False,False,
component,physical-component:6b69f60f89e1ab9b94616dc787e8472af16c2f138552cd15c83bc2c28cde9d56,simplified,13655514B49812801634354,Setor de Mansaba,True,True,disjoint,False,False,
component,physical-component:6b69f60f89e1ab9b94616dc787e8472af16c2f138552cd15c83bc2c28cde9d56,simplified,13655514B51179315853055,Contuboel,True,True,disjoint,False,False,
component,physical-component:6b69f60f89e1ab9b94616dc787e8472af16c2f138552cd15c83bc2c28cde9d56,simplified,13655514B53615250576563,Setor de Prabis,True,True,disjoint,False,False,
component,physical-component:6b69f60f89e1ab9b94616dc787e8472af16c2f138552cd15c83bc2c28cde9d56,simplified,13655514B57644193184055,Setor de Farim,True,True,disjoint,False,False,
component,physical-component:6b69f60f89e1ab9b94616dc787e8472af16c2f138552cd15c83bc2c28cde9d56,simplified,13655514B57740331915335,Setor de Bissora,True,True,disjoint,False,False,
component,physical-component:6b69f60f89e1ab9b94616dc787e8472af16c2f138552cd15c83bc2c28cde9d56,simplified,13655514B59106895169358,Setor de Caravela,True,True,positive-area,False,False,component:physical-component:6b69f60f89e1ab9b94616dc787e8472af16c2f138552cd15c83bc2c28cde9d56|simplified:13655514B59106895169358
component,physical-component:6b69f60f89e1ab9b94616dc787e8472af16c2f138552cd15c83bc2c28cde9d56,simplified,13655514B65296626482863,Setor de Gabv,True,True,disjoint,False,False,
component,physical-component:6b69f60f89e1ab9b94616dc787e8472af16c2f138552cd15c83bc2c28cde9d56,simplified,13655514B65471558325414,Setor de Xitole,True,True,disjoint,False,False,
component,physical-component:6b69f60f89e1ab9b94616dc787e8472af16c2f138552cd15c83bc2c28cde9d56,simplified,13655514B65726406107890,Setor de Gamamundo,True,True,disjoint,False,False,
component,physical-component:6b69f60f89e1ab9b94616dc787e8472af16c2f138552cd15c83bc2c28cde9d56,simplified,13655514B65757043009502,Setor de Safim,True,True,disjoint,False,False,
component,physical-component:6b69f60f89e1ab9b94616dc787e8472af16c2f138552cd15c83bc2c28cde9d56,simplified,13655514B66751603958816,Setor de Quinh,True,True,disjoint,False,False,
component,physical-component:6b69f60f89e1ab9b94616dc787e8472af16c2f138552cd15c83bc2c28cde9d56,simplified,13655514B71925291750028,Setor de Cacine,True,True,disjoint,False,False,
component,physical-component:6b69f60f89e1ab9b94616dc787e8472af16c2f138552cd15c83bc2c28cde9d56,simplified,13655514B76388735674013,Setor de Bigene,True,True,disjoint,False,False,
component,physical-component:6b69f60f89e1ab9b94616dc787e8472af16c2f138552cd15c83bc2c28cde9d56,simplified,13655514B77006902429960,Setor de Bolama,True,True,disjoint,False,False,
component,physical-component:6b69f60f89e1ab9b94616dc787e8472af16c2f138552cd15c83bc2c28cde9d56,simplified,13655514B8216177448850,Setor de Caiv,True,True,disjoint,False,False,
component,physical-component:6b69f60f89e1ab9b94616dc787e8472af16c2f138552cd15c83bc2c28cde9d56,simplified,13655514B91246233663569,Setor de Canghungo,True,True,disjoint,False,False,
component,physical-component:6b69f60f89e1ab9b94616dc787e8472af16c2f138552cd15c83bc2c28cde9d56,simplified,13655514B91994517778696,Setor de Sto Domingos,True,True,disjoint,False,False,
component,physical-component:6b69f60f89e1ab9b94616dc787e8472af16c2f138552cd15c83bc2c28cde9d56,simplified,13655514B9524670555472,Setor de Fulacunda,True,True,disjoint,False,False,
component,physical-component:6b69f60f89e1ab9b94616dc787e8472af16c2f138552cd15c83bc2c28cde9d56,simplified,13655514B95678269815128,Setor de Cacheu,True,True,disjoint,False,False,
component,physical-component:6b69f60f89e1ab9b94616dc787e8472af16c2f138552cd15c83bc2c28cde9d56,simplified,13655514B97576906537580,Setor de Pitche,True,True,disjoint,False,False,
component,physical-component:6b69f60f89e1ab9b94616dc787e8472af16c2f138552cd15c83bc2c28cde9d56,simplified,13655514B98496568253651,Setor de Bubaque,True,True,disjoint,False,False,
component,physical-component:6b69f60f89e1ab9b94616dc787e8472af16c2f138552cd15c83bc2c28cde9d56,simplified,13655514B99052541590952,Setor de Boe,True,True,disjoint,False,False,
component,physical-component:6d999c2471198d9137fa2671633afc9fd9bdcd383ab4391be78ffc8c2f7684d6,full,13655514B11561761851968,Setor de Bula,True,True,disjoint,False,False,
component,physical-component:6d999c2471198d9137fa2671633afc9fd9bdcd383ab4391be78ffc8c2f7684d6,full,13655514B12793543239296,Setor de Quebo,True,True,disjoint,False,False,
component,physical-component:6d999c2471198d9137fa2671633afc9fd9bdcd383ab4391be78ffc8c2f7684d6,full,13655514B15077734082289,Setor de Bafata,True,True,disjoint,False,False,
component,physical-component:6d999c2471198d9137fa2671633afc9fd9bdcd383ab4391be78ffc8c2f7684d6,full,13655514B15408487636665,Setor de Madina do Bo˒,True,True,disjoint,False,False,
component,physical-component:6d999c2471198d9137fa2671633afc9fd9bdcd383ab4391be78ffc8c2f7684d6,full,13655514B16168252486838,Setor de Pirada,True,True,disjoint,False,False,
component,physical-component:6d999c2471198d9137fa2671633afc9fd9bdcd383ab4391be78ffc8c2f7684d6,full,13655514B168355566476,Setor de Bambadinca,True,True,disjoint,False,False,
component,physical-component:6d999c2471198d9137fa2671633afc9fd9bdcd383ab4391be78ffc8c2f7684d6,full,13655514B24413703823033,Setor de Catie,True,True,disjoint,False,False,
component,physical-component:6d999c2471198d9137fa2671633afc9fd9bdcd383ab4391be78ffc8c2f7684d6,full,13655514B30693048438959,Setor de Empada,True,True,disjoint,False,False,
component,physical-component:6d999c2471198d9137fa2671633afc9fd9bdcd383ab4391be78ffc8c2f7684d6,full,13655514B31772276876031,Setor de Mansoa,True,True,disjoint,False,False,
component,physical-component:6d999c2471198d9137fa2671633afc9fd9bdcd383ab4391be78ffc8c2f7684d6,full,13655514B37452641895852,Setor de Buba,True,True,disjoint,False,False,
component,physical-component:6d999c2471198d9137fa2671633afc9fd9bdcd383ab4391be78ffc8c2f7684d6,full,13655514B37576476310465,Setor de Tite,True,True,disjoint,False,False,
component,physical-component:6d999c2471198d9137fa2671633afc9fd9bdcd383ab4391be78ffc8c2f7684d6,full,13655514B38974563194217,Bissau Autonomous Sector,True,True,disjoint,False,False,
component,physical-component:6d999c2471198d9137fa2671633afc9fd9bdcd383ab4391be78ffc8c2f7684d6,full,13655514B4319146558278,Setor de Galomaro,True,True,disjoint,False,False,
component,physical-component:6d999c2471198d9137fa2671633afc9fd9bdcd383ab4391be78ffc8c2f7684d6,full,13655514B44985576134462,Setor de Uno,True,True,positive-area,False,False,component:physical-component:6d999c2471198d9137fa2671633afc9fd9bdcd383ab4391be78ffc8c2f7684d6|full:13655514B44985576134462
component,physical-component:6d999c2471198d9137fa2671633afc9fd9bdcd383ab4391be78ffc8c2f7684d6,full,13655514B47112439721810,Setor de Nhacra,True,True,disjoint,False,False,
component,physical-component:6d999c2471198d9137fa2671633afc9fd9bdcd383ab4391be78ffc8c2f7684d6,full,13655514B47480576799194,Setor de Sonaco,True,True,disjoint,False,False,
component,physical-component:6d999c2471198d9137fa2671633afc9fd9bdcd383ab4391be78ffc8c2f7684d6,full,13655514B48763126228848,Setor de Bedanda,True,True,disjoint,False,False,
component,physical-component:6d999c2471198d9137fa2671633afc9fd9bdcd383ab4391be78ffc8c2f7684d6,full,13655514B49812801634354,Setor de Mansaba,True,True,disjoint,False,False,
component,physical-component:6d999c2471198d9137fa2671633afc9fd9bdcd383ab4391be78ffc8c2f7684d6,full,13655514B51179315853055,Contuboel,True,True,disjoint,False,False,
component,physical-component:6d999c2471198d9137fa2671633afc9fd9bdcd383ab4391be78ffc8c2f7684d6,full,13655514B53615250576563,Setor de Prabis,True,True,disjoint,False,False,
component,physical-component:6d999c2471198d9137fa2671633afc9fd9bdcd383ab4391be78ffc8c2f7684d6,full,13655514B57644193184055,Setor de Farim,True,True,disjoint,False,False,
component,physical-component:6d999c2471198d9137fa2671633afc9fd9bdcd383ab4391be78ffc8c2f7684d6,full,13655514B57740331915335,Setor de Bissora,True,True,disjoint,False,False,
component,physical-component:6d999c2471198d9137fa2671633afc9fd9bdcd383ab4391be78ffc8c2f7684d6,full,13655514B59106895169358,Setor de Caravela,True,True,disjoint,False,False,
component,physical-component:6d999c2471198d9137fa2671633afc9fd9bdcd383ab4391be78ffc8c2f7684d6,full,13655514B65296626482863,Setor de Gabv,True,True,disjoint,False,False,
component,physical-component:6d999c2471198d9137fa2671633afc9fd9bdcd383ab4391be78ffc8c2f7684d6,full,13655514B65471558325414,Setor de Xitole,True,True,disjoint,False,False,
component,physical-component:6d999c2471198d9137fa2671633afc9fd9bdcd383ab4391be78ffc8c2f7684d6,full,13655514B65726406107890,Setor de Gamamundo,True,True,disjoint,False,False,
component,physical-component:6d999c2471198d9137fa2671633afc9fd9bdcd383ab4391be78ffc8c2f7684d6,full,13655514B65757043009502,Setor de Safim,True,True,disjoint,False,False,
component,physical-component:6d999c2471198d9137fa2671633afc9fd9bdcd383ab4391be78ffc8c2f7684d6,full,13655514B66751603958816,Setor de Quinh,True,True,disjoint,False,False,
component,physical-component:6d999c2471198d9137fa2671633afc9fd9bdcd383ab4391be78ffc8c2f7684d6,full,13655514B71925291750028,Setor de Cacine,True,True,disjoint,False,False,
component,physical-component:6d999c2471198d9137fa2671633afc9fd9bdcd383ab4391be78ffc8c2f7684d6,full,13655514B76388735674013,Setor de Bigene,True,True,disjoint,False,False,
component,physical-component:6d999c2471198d9137fa2671633afc9fd9bdcd383ab4391be78ffc8c2f7684d6,full,13655514B77006902429960,Setor de Bolama,True,True,disjoint,False,False,
component,physical-component:6d999c2471198d9137fa2671633afc9fd9bdcd383ab4391be78ffc8c2f7684d6,full,13655514B8216177448850,Setor de Caiv,True,True,disjoint,False,False,
component,physical-component:6d999c2471198d9137fa2671633afc9fd9bdcd383ab4391be78ffc8c2f7684d6,full,13655514B91246233663569,Setor de Canghungo,True,True,disjoint,False,False,
component,physical-component:6d999c2471198d9137fa2671633afc9fd9bdcd383ab4391be78ffc8c2f7684d6,full,13655514B91994517778696,Setor de Sto Domingos,True,True,disjoint,False,False,
component,physical-component:6d999c2471198d9137fa2671633afc9fd9bdcd383ab4391be78ffc8c2f7684d6,full,13655514B9524670555472,Setor de Fulacunda,True,True,disjoint,False,False,
component,physical-component:6d999c2471198d9137fa2671633afc9fd9bdcd383ab4391be78ffc8c2f7684d6,full,13655514B95678269815128,Setor de Cacheu,True,True,disjoint,False,False,
component,physical-component:6d999c2471198d9137fa2671633afc9fd9bdcd383ab4391be78ffc8c2f7684d6,full,13655514B97576906537580,Setor de Pitche,True,True,disjoint,False,False,
component,physical-component:6d999c2471198d9137fa2671633afc9fd9bdcd383ab4391be78ffc8c2f7684d6,full,13655514B98496568253651,Setor de Bubaque,True,True,disjoint,False,False,
component,physical-component:6d999c2471198d9137fa2671633afc9fd9bdcd383ab4391be78ffc8c2f7684d6,full,13655514B99052541590952,Setor de Boe,True,True,disjoint,False,False,
component,physical-component:6d999c2471198d9137fa2671633afc9fd9bdcd383ab4391be78ffc8c2f7684d6,simplified,13655514B11561761851968,Setor de Bula,True,True,disjoint,False,False,
component,physical-component:6d999c2471198d9137fa2671633afc9fd9bdcd383ab4391be78ffc8c2f7684d6,simplified,13655514B12793543239296,Setor de Quebo,True,True,disjoint,False,False,
component,physical-component:6d999c2471198d9137fa2671633afc9fd9bdcd383ab4391be78ffc8c2f7684d6,simplified,13655514B15077734082289,Setor de Bafata,True,True,disjoint,False,False,
component,physical-component:6d999c2471198d9137fa2671633afc9fd9bdcd383ab4391be78ffc8c2f7684d6,simplified,13655514B15408487636665,Setor de Madina do Bo˒,True,True,disjoint,False,False,
component,physical-component:6d999c2471198d9137fa2671633afc9fd9bdcd383ab4391be78ffc8c2f7684d6,simplified,13655514B16168252486838,Setor de Pirada,True,True,disjoint,False,False,
component,physical-component:6d999c2471198d9137fa2671633afc9fd9bdcd383ab4391be78ffc8c2f7684d6,simplified,13655514B168355566476,Setor de Bambadinca,True,True,disjoint,False,False,
component,physical-component:6d999c2471198d9137fa2671633afc9fd9bdcd383ab4391be78ffc8c2f7684d6,simplified,13655514B24413703823033,Setor de Catie,True,True,disjoint,False,False,
component,physical-component:6d999c2471198d9137fa2671633afc9fd9bdcd383ab4391be78ffc8c2f7684d6,simplified,13655514B30693048438959,Setor de Empada,True,True,disjoint,False,False,
component,physical-component:6d999c2471198d9137fa2671633afc9fd9bdcd383ab4391be78ffc8c2f7684d6,simplified,13655514B31772276876031,Setor de Mansoa,True,True,disjoint,False,False,
component,physical-component:6d999c2471198d9137fa2671633afc9fd9bdcd383ab4391be78ffc8c2f7684d6,simplified,13655514B37452641895852,Setor de Buba,True,True,disjoint,False,False,
component,physical-component:6d999c2471198d9137fa2671633afc9fd9bdcd383ab4391be78ffc8c2f7684d6,simplified,13655514B37576476310465,Setor de Tite,True,True,disjoint,False,False,
component,physical-component:6d999c2471198d9137fa2671633afc9fd9bdcd383ab4391be78ffc8c2f7684d6,simplified,13655514B38974563194217,Bissau Autonomous Sector,True,True,disjoint,False,False,
component,physical-component:6d999c2471198d9137fa2671633afc9fd9bdcd383ab4391be78ffc8c2f7684d6,simplified,13655514B4319146558278,Setor de Galomaro,True,True,disjoint,False,False,
component,physical-component:6d999c2471198d9137fa2671633afc9fd9bdcd383ab4391be78ffc8c2f7684d6,simplified,13655514B44985576134462,Setor de Uno,True,True,positive-area,False,False,component:physical-component:6d999c2471198d9137fa2671633afc9fd9bdcd383ab4391be78ffc8c2f7684d6|simplified:13655514B44985576134462
component,physical-component:6d999c2471198d9137fa2671633afc9fd9bdcd383ab4391be78ffc8c2f7684d6,simplified,13655514B47112439721810,Setor de Nhacra,True,True,disjoint,False,False,
component,physical-component:6d999c2471198d9137fa2671633afc9fd9bdcd383ab4391be78ffc8c2f7684d6,simplified,13655514B47480576799194,Setor de Sonaco,True,True,disjoint,False,False,
component,physical-component:6d999c2471198d9137fa2671633afc9fd9bdcd383ab4391be78ffc8c2f7684d6,simplified,13655514B48763126228848,Setor de Bedanda,True,True,disjoint,False,False,
component,physical-component:6d999c2471198d9137fa2671633afc9fd9bdcd383ab4391be78ffc8c2f7684d6,simplified,13655514B49812801634354,Setor de Mansaba,True,True,disjoint,False,False,
component,physical-component:6d999c2471198d9137fa2671633afc9fd9bdcd383ab4391be78ffc8c2f7684d6,simplified,13655514B51179315853055,Contuboel,True,True,disjoint,False,False,
component,physical-component:6d999c2471198d9137fa2671633afc9fd9bdcd383ab4391be78ffc8c2f7684d6,simplified,13655514B53615250576563,Setor de Prabis,True,True,disjoint,False,False,
component,physical-component:6d999c2471198d9137fa2671633afc9fd9bdcd383ab4391be78ffc8c2f7684d6,simplified,13655514B57644193184055,Setor de Farim,True,True,disjoint,False,False,
component,physical-component:6d999c2471198d9137fa2671633afc9fd9bdcd383ab4391be78ffc8c2f7684d6,simplified,13655514B57740331915335,Setor de Bissora,True,True,disjoint,False,False,
component,physical-component:6d999c2471198d9137fa2671633afc9fd9bdcd383ab4391be78ffc8c2f7684d6,simplified,13655514B59106895169358,Setor de Caravela,True,True,disjoint,False,False,
component,physical-component:6d999c2471198d9137fa2671633afc9fd9bdcd383ab4391be78ffc8c2f7684d6,simplified,13655514B65296626482863,Setor de Gabv,True,True,disjoint,False,False,
component,physical-component:6d999c2471198d9137fa2671633afc9fd9bdcd383ab4391be78ffc8c2f7684d6,simplified,13655514B65471558325414,Setor de Xitole,True,True,disjoint,False,False,
component,physical-component:6d999c2471198d9137fa2671633afc9fd9bdcd383ab4391be78ffc8c2f7684d6,simplified,13655514B65726406107890,Setor de Gamamundo,True,True,disjoint,False,False,
component,physical-component:6d999c2471198d9137fa2671633afc9fd9bdcd383ab4391be78ffc8c2f7684d6,simplified,13655514B65757043009502,Setor de Safim,True,True,disjoint,False,False,
component,physical-component:6d999c2471198d9137fa2671633afc9fd9bdcd383ab4391be78ffc8c2f7684d6,simplified,13655514B66751603958816,Setor de Quinh,True,True,disjoint,False,False,
component,physical-component:6d999c2471198d9137fa2671633afc9fd9bdcd383ab4391be78ffc8c2f7684d6,simplified,13655514B71925291750028,Setor de Cacine,True,True,disjoint,False,False,
component,physical-component:6d999c2471198d9137fa2671633afc9fd9bdcd383ab4391be78ffc8c2f7684d6,simplified,13655514B76388735674013,Setor de Bigene,True,True,disjoint,False,False,
component,physical-component:6d999c2471198d9137fa2671633afc9fd9bdcd383ab4391be78ffc8c2f7684d6,simplified,13655514B77006902429960,Setor de Bolama,True,True,disjoint,False,False,
component,physical-component:6d999c2471198d9137fa2671633afc9fd9bdcd383ab4391be78ffc8c2f7684d6,simplified,13655514B8216177448850,Setor de Caiv,True,True,disjoint,False,False,
component,physical-component:6d999c2471198d9137fa2671633afc9fd9bdcd383ab4391be78ffc8c2f7684d6,simplified,13655514B91246233663569,Setor de Canghungo,True,True,disjoint,False,False,
component,physical-component:6d999c2471198d9137fa2671633afc9fd9bdcd383ab4391be78ffc8c2f7684d6,simplified,13655514B91994517778696,Setor de Sto Domingos,True,True,disjoint,False,False,
component,physical-component:6d999c2471198d9137fa2671633afc9fd9bdcd383ab4391be78ffc8c2f7684d6,simplified,13655514B9524670555472,Setor de Fulacunda,True,True,disjoint,False,False,
component,physical-component:6d999c2471198d9137fa2671633afc9fd9bdcd383ab4391be78ffc8c2f7684d6,simplified,13655514B95678269815128,Setor de Cacheu,True,True,disjoint,False,False,
component,physical-component:6d999c2471198d9137fa2671633afc9fd9bdcd383ab4391be78ffc8c2f7684d6,simplified,13655514B97576906537580,Setor de Pitche,True,True,disjoint,False,False,
component,physical-component:6d999c2471198d9137fa2671633afc9fd9bdcd383ab4391be78ffc8c2f7684d6,simplified,13655514B98496568253651,Setor de Bubaque,True,True,disjoint,False,False,
component,physical-component:6d999c2471198d9137fa2671633afc9fd9bdcd383ab4391be78ffc8c2f7684d6,simplified,13655514B99052541590952,Setor de Boe,True,True,disjoint,False,False,
component,physical-component:87bce46681af899d2001fe9f2bb42ed9566b6ce6b7d160960097c786a624ea20,full,13655514B11561761851968,Setor de Bula,True,True,disjoint,False,False,
component,physical-component:87bce46681af899d2001fe9f2bb42ed9566b6ce6b7d160960097c786a624ea20,full,13655514B12793543239296,Setor de Quebo,True,True,disjoint,False,False,
component,physical-component:87bce46681af899d2001fe9f2bb42ed9566b6ce6b7d160960097c786a624ea20,full,13655514B15077734082289,Setor de Bafata,True,True,disjoint,False,False,
component,physical-component:87bce46681af899d2001fe9f2bb42ed9566b6ce6b7d160960097c786a624ea20,full,13655514B15408487636665,Setor de Madina do Bo˒,True,True,disjoint,False,False,
component,physical-component:87bce46681af899d2001fe9f2bb42ed9566b6ce6b7d160960097c786a624ea20,full,13655514B16168252486838,Setor de Pirada,True,True,disjoint,False,False,
component,physical-component:87bce46681af899d2001fe9f2bb42ed9566b6ce6b7d160960097c786a624ea20,full,13655514B168355566476,Setor de Bambadinca,True,True,disjoint,False,False,
component,physical-component:87bce46681af899d2001fe9f2bb42ed9566b6ce6b7d160960097c786a624ea20,full,13655514B24413703823033,Setor de Catie,True,True,disjoint,False,False,
component,physical-component:87bce46681af899d2001fe9f2bb42ed9566b6ce6b7d160960097c786a624ea20,full,13655514B30693048438959,Setor de Empada,True,True,disjoint,False,False,
component,physical-component:87bce46681af899d2001fe9f2bb42ed9566b6ce6b7d160960097c786a624ea20,full,13655514B31772276876031,Setor de Mansoa,True,True,disjoint,False,False,
component,physical-component:87bce46681af899d2001fe9f2bb42ed9566b6ce6b7d160960097c786a624ea20,full,13655514B37452641895852,Setor de Buba,True,True,disjoint,False,False,
component,physical-component:87bce46681af899d2001fe9f2bb42ed9566b6ce6b7d160960097c786a624ea20,full,13655514B37576476310465,Setor de Tite,True,True,disjoint,False,False,
component,physical-component:87bce46681af899d2001fe9f2bb42ed9566b6ce6b7d160960097c786a624ea20,full,13655514B38974563194217,Bissau Autonomous Sector,True,True,disjoint,False,False,
component,physical-component:87bce46681af899d2001fe9f2bb42ed9566b6ce6b7d160960097c786a624ea20,full,13655514B4319146558278,Setor de Galomaro,True,True,disjoint,False,False,
component,physical-component:87bce46681af899d2001fe9f2bb42ed9566b6ce6b7d160960097c786a624ea20,full,13655514B44985576134462,Setor de Uno,True,True,disjoint,False,False,
component,physical-component:87bce46681af899d2001fe9f2bb42ed9566b6ce6b7d160960097c786a624ea20,full,13655514B47112439721810,Setor de Nhacra,True,True,disjoint,False,False,
component,physical-component:87bce46681af899d2001fe9f2bb42ed9566b6ce6b7d160960097c786a624ea20,full,13655514B47480576799194,Setor de Sonaco,True,True,disjoint,False,False,
component,physical-component:87bce46681af899d2001fe9f2bb42ed9566b6ce6b7d160960097c786a624ea20,full,13655514B48763126228848,Setor de Bedanda,True,True,disjoint,False,False,
component,physical-component:87bce46681af899d2001fe9f2bb42ed9566b6ce6b7d160960097c786a624ea20,full,13655514B49812801634354,Setor de Mansaba,True,True,disjoint,False,False,
component,physical-component:87bce46681af899d2001fe9f2bb42ed9566b6ce6b7d160960097c786a624ea20,full,13655514B51179315853055,Contuboel,True,True,disjoint,False,False,
component,physical-component:87bce46681af899d2001fe9f2bb42ed9566b6ce6b7d160960097c786a624ea20,full,13655514B53615250576563,Setor de Prabis,True,True,disjoint,False,False,
component,physical-component:87bce46681af899d2001fe9f2bb42ed9566b6ce6b7d160960097c786a624ea20,full,13655514B57644193184055,Setor de Farim,True,True,disjoint,False,False,
component,physical-component:87bce46681af899d2001fe9f2bb42ed9566b6ce6b7d160960097c786a624ea20,full,13655514B57740331915335,Setor de Bissora,True,True,disjoint,False,False,
component,physical-component:87bce46681af899d2001fe9f2bb42ed9566b6ce6b7d160960097c786a624ea20,full,13655514B59106895169358,Setor de Caravela,True,True,positive-area,False,False,component:physical-component:87bce46681af899d2001fe9f2bb42ed9566b6ce6b7d160960097c786a624ea20|full:13655514B59106895169358
component,physical-component:87bce46681af899d2001fe9f2bb42ed9566b6ce6b7d160960097c786a624ea20,full,13655514B65296626482863,Setor de Gabv,True,True,disjoint,False,False,
component,physical-component:87bce46681af899d2001fe9f2bb42ed9566b6ce6b7d160960097c786a624ea20,full,13655514B65471558325414,Setor de Xitole,True,True,disjoint,False,False,
component,physical-component:87bce46681af899d2001fe9f2bb42ed9566b6ce6b7d160960097c786a624ea20,full,13655514B65726406107890,Setor de Gamamundo,True,True,disjoint,False,False,
component,physical-component:87bce46681af899d2001fe9f2bb42ed9566b6ce6b7d160960097c786a624ea20,full,13655514B65757043009502,Setor de Safim,True,True,disjoint,False,False,
component,physical-component:87bce46681af899d2001fe9f2bb42ed9566b6ce6b7d160960097c786a624ea20,full,13655514B66751603958816,Setor de Quinh,True,True,disjoint,False,False,
component,physical-component:87bce46681af899d2001fe9f2bb42ed9566b6ce6b7d160960097c786a624ea20,full,13655514B71925291750028,Setor de Cacine,True,True,disjoint,False,False,
component,physical-component:87bce46681af899d2001fe9f2bb42ed9566b6ce6b7d160960097c786a624ea20,full,13655514B76388735674013,Setor de Bigene,True,True,disjoint,False,False,
component,physical-component:87bce46681af899d2001fe9f2bb42ed9566b6ce6b7d160960097c786a624ea20,full,13655514B77006902429960,Setor de Bolama,True,True,disjoint,False,False,
component,physical-component:87bce46681af899d2001fe9f2bb42ed9566b6ce6b7d160960097c786a624ea20,full,13655514B8216177448850,Setor de Caiv,True,True,disjoint,False,False,
component,physical-component:87bce46681af899d2001fe9f2bb42ed9566b6ce6b7d160960097c786a624ea20,full,13655514B91246233663569,Setor de Canghungo,True,True,disjoint,False,False,
component,physical-component:87bce46681af899d2001fe9f2bb42ed9566b6ce6b7d160960097c786a624ea20,full,13655514B91994517778696,Setor de Sto Domingos,True,True,disjoint,False,False,
component,physical-component:87bce46681af899d2001fe9f2bb42ed9566b6ce6b7d160960097c786a624ea20,full,13655514B9524670555472,Setor de Fulacunda,True,True,disjoint,False,False,
component,physical-component:87bce46681af899d2001fe9f2bb42ed9566b6ce6b7d160960097c786a624ea20,full,13655514B95678269815128,Setor de Cacheu,True,True,disjoint,False,False,
component,physical-component:87bce46681af899d2001fe9f2bb42ed9566b6ce6b7d160960097c786a624ea20,full,13655514B97576906537580,Setor de Pitche,True,True,disjoint,False,False,
component,physical-component:87bce46681af899d2001fe9f2bb42ed9566b6ce6b7d160960097c786a624ea20,full,13655514B98496568253651,Setor de Bubaque,True,True,disjoint,False,False,
component,physical-component:87bce46681af899d2001fe9f2bb42ed9566b6ce6b7d160960097c786a624ea20,full,13655514B99052541590952,Setor de Boe,True,True,disjoint,False,False,
component,physical-component:87bce46681af899d2001fe9f2bb42ed9566b6ce6b7d160960097c786a624ea20,simplified,13655514B11561761851968,Setor de Bula,True,True,disjoint,False,False,
component,physical-component:87bce46681af899d2001fe9f2bb42ed9566b6ce6b7d160960097c786a624ea20,simplified,13655514B12793543239296,Setor de Quebo,True,True,disjoint,False,False,
component,physical-component:87bce46681af899d2001fe9f2bb42ed9566b6ce6b7d160960097c786a624ea20,simplified,13655514B15077734082289,Setor de Bafata,True,True,disjoint,False,False,
component,physical-component:87bce46681af899d2001fe9f2bb42ed9566b6ce6b7d160960097c786a624ea20,simplified,13655514B15408487636665,Setor de Madina do Bo˒,True,True,disjoint,False,False,
component,physical-component:87bce46681af899d2001fe9f2bb42ed9566b6ce6b7d160960097c786a624ea20,simplified,13655514B16168252486838,Setor de Pirada,True,True,disjoint,False,False,
component,physical-component:87bce46681af899d2001fe9f2bb42ed9566b6ce6b7d160960097c786a624ea20,simplified,13655514B168355566476,Setor de Bambadinca,True,True,disjoint,False,False,
component,physical-component:87bce46681af899d2001fe9f2bb42ed9566b6ce6b7d160960097c786a624ea20,simplified,13655514B24413703823033,Setor de Catie,True,True,disjoint,False,False,
component,physical-component:87bce46681af899d2001fe9f2bb42ed9566b6ce6b7d160960097c786a624ea20,simplified,13655514B30693048438959,Setor de Empada,True,True,disjoint,False,False,
component,physical-component:87bce46681af899d2001fe9f2bb42ed9566b6ce6b7d160960097c786a624ea20,simplified,13655514B31772276876031,Setor de Mansoa,True,True,disjoint,False,False,
component,physical-component:87bce46681af899d2001fe9f2bb42ed9566b6ce6b7d160960097c786a624ea20,simplified,13655514B37452641895852,Setor de Buba,True,True,disjoint,False,False,
component,physical-component:87bce46681af899d2001fe9f2bb42ed9566b6ce6b7d160960097c786a624ea20,simplified,13655514B37576476310465,Setor de Tite,True,True,disjoint,False,False,
component,physical-component:87bce46681af899d2001fe9f2bb42ed9566b6ce6b7d160960097c786a624ea20,simplified,13655514B38974563194217,Bissau Autonomous Sector,True,True,disjoint,False,False,
component,physical-component:87bce46681af899d2001fe9f2bb42ed9566b6ce6b7d160960097c786a624ea20,simplified,13655514B4319146558278,Setor de Galomaro,True,True,disjoint,False,False,
component,physical-component:87bce46681af899d2001fe9f2bb42ed9566b6ce6b7d160960097c786a624ea20,simplified,13655514B44985576134462,Setor de Uno,True,True,disjoint,False,False,
component,physical-component:87bce46681af899d2001fe9f2bb42ed9566b6ce6b7d160960097c786a624ea20,simplified,13655514B47112439721810,Setor de Nhacra,True,True,disjoint,False,False,
component,physical-component:87bce46681af899d2001fe9f2bb42ed9566b6ce6b7d160960097c786a624ea20,simplified,13655514B47480576799194,Setor de Sonaco,True,True,disjoint,False,False,
component,physical-component:87bce46681af899d2001fe9f2bb42ed9566b6ce6b7d160960097c786a624ea20,simplified,13655514B48763126228848,Setor de Bedanda,True,True,disjoint,False,False,
component,physical-component:87bce46681af899d2001fe9f2bb42ed9566b6ce6b7d160960097c786a624ea20,simplified,13655514B49812801634354,Setor de Mansaba,True,True,disjoint,False,False,
component,physical-component:87bce46681af899d2001fe9f2bb42ed9566b6ce6b7d160960097c786a624ea20,simplified,13655514B51179315853055,Contuboel,True,True,disjoint,False,False,
component,physical-component:87bce46681af899d2001fe9f2bb42ed9566b6ce6b7d160960097c786a624ea20,simplified,13655514B53615250576563,Setor de Prabis,True,True,disjoint,False,False,
component,physical-component:87bce46681af899d2001fe9f2bb42ed9566b6ce6b7d160960097c786a624ea20,simplified,13655514B57644193184055,Setor de Farim,True,True,disjoint,False,False,
component,physical-component:87bce46681af899d2001fe9f2bb42ed9566b6ce6b7d160960097c786a624ea20,simplified,13655514B57740331915335,Setor de Bissora,True,True,disjoint,False,False,
component,physical-component:87bce46681af899d2001fe9f2bb42ed9566b6ce6b7d160960097c786a624ea20,simplified,13655514B59106895169358,Setor de Caravela,True,True,positive-area,False,False,component:physical-component:87bce46681af899d2001fe9f2bb42ed9566b6ce6b7d160960097c786a624ea20|simplified:13655514B59106895169358
component,physical-component:87bce46681af899d2001fe9f2bb42ed9566b6ce6b7d160960097c786a624ea20,simplified,13655514B65296626482863,Setor de Gabv,True,True,disjoint,False,False,
component,physical-component:87bce46681af899d2001fe9f2bb42ed9566b6ce6b7d160960097c786a624ea20,simplified,13655514B65471558325414,Setor de Xitole,True,True,disjoint,False,False,
component,physical-component:87bce46681af899d2001fe9f2bb42ed9566b6ce6b7d160960097c786a624ea20,simplified,13655514B65726406107890,Setor de Gamamundo,True,True,disjoint,False,False,
component,physical-component:87bce46681af899d2001fe9f2bb42ed9566b6ce6b7d160960097c786a624ea20,simplified,13655514B65757043009502,Setor de Safim,True,True,disjoint,False,False,
component,physical-component:87bce46681af899d2001fe9f2bb42ed9566b6ce6b7d160960097c786a624ea20,simplified,13655514B66751603958816,Setor de Quinh,True,True,disjoint,False,False,
component,physical-component:87bce46681af899d2001fe9f2bb42ed9566b6ce6b7d160960097c786a624ea20,simplified,13655514B71925291750028,Setor de Cacine,True,True,disjoint,False,False,
component,physical-component:87bce46681af899d2001fe9f2bb42ed9566b6ce6b7d160960097c786a624ea20,simplified,13655514B76388735674013,Setor de Bigene,True,True,disjoint,False,False,
component,physical-component:87bce46681af899d2001fe9f2bb42ed9566b6ce6b7d160960097c786a624ea20,simplified,13655514B77006902429960,Setor de Bolama,True,True,disjoint,False,False,
component,physical-component:87bce46681af899d2001fe9f2bb42ed9566b6ce6b7d160960097c786a624ea20,simplified,13655514B8216177448850,Setor de Caiv,True,True,disjoint,False,False,
component,physical-component:87bce46681af899d2001fe9f2bb42ed9566b6ce6b7d160960097c786a624ea20,simplified,13655514B91246233663569,Setor de Canghungo,True,True,disjoint,False,False,
component,physical-component:87bce46681af899d2001fe9f2bb42ed9566b6ce6b7d160960097c786a624ea20,simplified,13655514B91994517778696,Setor de Sto Domingos,True,True,disjoint,False,False,
component,physical-component:87bce46681af899d2001fe9f2bb42ed9566b6ce6b7d160960097c786a624ea20,simplified,13655514B9524670555472,Setor de Fulacunda,True,True,disjoint,False,False,
component,physical-component:87bce46681af899d2001fe9f2bb42ed9566b6ce6b7d160960097c786a624ea20,simplified,13655514B95678269815128,Setor de Cacheu,True,True,disjoint,False,False,
component,physical-component:87bce46681af899d2001fe9f2bb42ed9566b6ce6b7d160960097c786a624ea20,simplified,13655514B97576906537580,Setor de Pitche,True,True,disjoint,False,False,
component,physical-component:87bce46681af899d2001fe9f2bb42ed9566b6ce6b7d160960097c786a624ea20,simplified,13655514B98496568253651,Setor de Bubaque,True,True,disjoint,False,False,
component,physical-component:87bce46681af899d2001fe9f2bb42ed9566b6ce6b7d160960097c786a624ea20,simplified,13655514B99052541590952,Setor de Boe,True,True,disjoint,False,False,
component,physical-component:8c094e9de9be8171c826885e96678e13304571edf86a0c54c2cd5f58e7e6cc91,full,13655514B11561761851968,Setor de Bula,True,True,disjoint,False,False,
component,physical-component:8c094e9de9be8171c826885e96678e13304571edf86a0c54c2cd5f58e7e6cc91,full,13655514B12793543239296,Setor de Quebo,True,True,disjoint,False,False,
component,physical-component:8c094e9de9be8171c826885e96678e13304571edf86a0c54c2cd5f58e7e6cc91,full,13655514B15077734082289,Setor de Bafata,True,True,disjoint,False,False,
component,physical-component:8c094e9de9be8171c826885e96678e13304571edf86a0c54c2cd5f58e7e6cc91,full,13655514B15408487636665,Setor de Madina do Bo˒,True,True,disjoint,False,False,
component,physical-component:8c094e9de9be8171c826885e96678e13304571edf86a0c54c2cd5f58e7e6cc91,full,13655514B16168252486838,Setor de Pirada,True,True,disjoint,False,False,
component,physical-component:8c094e9de9be8171c826885e96678e13304571edf86a0c54c2cd5f58e7e6cc91,full,13655514B168355566476,Setor de Bambadinca,True,True,disjoint,False,False,
component,physical-component:8c094e9de9be8171c826885e96678e13304571edf86a0c54c2cd5f58e7e6cc91,full,13655514B24413703823033,Setor de Catie,True,True,disjoint,False,False,
component,physical-component:8c094e9de9be8171c826885e96678e13304571edf86a0c54c2cd5f58e7e6cc91,full,13655514B30693048438959,Setor de Empada,True,True,disjoint,False,False,
component,physical-component:8c094e9de9be8171c826885e96678e13304571edf86a0c54c2cd5f58e7e6cc91,full,13655514B31772276876031,Setor de Mansoa,True,True,disjoint,False,False,
component,physical-component:8c094e9de9be8171c826885e96678e13304571edf86a0c54c2cd5f58e7e6cc91,full,13655514B37452641895852,Setor de Buba,True,True,disjoint,False,False,
component,physical-component:8c094e9de9be8171c826885e96678e13304571edf86a0c54c2cd5f58e7e6cc91,full,13655514B37576476310465,Setor de Tite,True,True,disjoint,False,False,
component,physical-component:8c094e9de9be8171c826885e96678e13304571edf86a0c54c2cd5f58e7e6cc91,full,13655514B38974563194217,Bissau Autonomous Sector,True,True,disjoint,False,False,
component,physical-component:8c094e9de9be8171c826885e96678e13304571edf86a0c54c2cd5f58e7e6cc91,full,13655514B4319146558278,Setor de Galomaro,True,True,disjoint,False,False,
component,physical-component:8c094e9de9be8171c826885e96678e13304571edf86a0c54c2cd5f58e7e6cc91,full,13655514B44985576134462,Setor de Uno,True,True,positive-area,False,False,component:physical-component:8c094e9de9be8171c826885e96678e13304571edf86a0c54c2cd5f58e7e6cc91|full:13655514B44985576134462
component,physical-component:8c094e9de9be8171c826885e96678e13304571edf86a0c54c2cd5f58e7e6cc91,full,13655514B47112439721810,Setor de Nhacra,True,True,disjoint,False,False,
component,physical-component:8c094e9de9be8171c826885e96678e13304571edf86a0c54c2cd5f58e7e6cc91,full,13655514B47480576799194,Setor de Sonaco,True,True,disjoint,False,False,
component,physical-component:8c094e9de9be8171c826885e96678e13304571edf86a0c54c2cd5f58e7e6cc91,full,13655514B48763126228848,Setor de Bedanda,True,True,disjoint,False,False,
component,physical-component:8c094e9de9be8171c826885e96678e13304571edf86a0c54c2cd5f58e7e6cc91,full,13655514B49812801634354,Setor de Mansaba,True,True,disjoint,False,False,
component,physical-component:8c094e9de9be8171c826885e96678e13304571edf86a0c54c2cd5f58e7e6cc91,full,13655514B51179315853055,Contuboel,True,True,disjoint,False,False,
component,physical-component:8c094e9de9be8171c826885e96678e13304571edf86a0c54c2cd5f58e7e6cc91,full,13655514B53615250576563,Setor de Prabis,True,True,disjoint,False,False,
component,physical-component:8c094e9de9be8171c826885e96678e13304571edf86a0c54c2cd5f58e7e6cc91,full,13655514B57644193184055,Setor de Farim,True,True,disjoint,False,False,
component,physical-component:8c094e9de9be8171c826885e96678e13304571edf86a0c54c2cd5f58e7e6cc91,full,13655514B57740331915335,Setor de Bissora,True,True,disjoint,False,False,
component,physical-component:8c094e9de9be8171c826885e96678e13304571edf86a0c54c2cd5f58e7e6cc91,full,13655514B59106895169358,Setor de Caravela,True,True,disjoint,False,False,
component,physical-component:8c094e9de9be8171c826885e96678e13304571edf86a0c54c2cd5f58e7e6cc91,full,13655514B65296626482863,Setor de Gabv,True,True,disjoint,False,False,
component,physical-component:8c094e9de9be8171c826885e96678e13304571edf86a0c54c2cd5f58e7e6cc91,full,13655514B65471558325414,Setor de Xitole,True,True,disjoint,False,False,
component,physical-component:8c094e9de9be8171c826885e96678e13304571edf86a0c54c2cd5f58e7e6cc91,full,13655514B65726406107890,Setor de Gamamundo,True,True,disjoint,False,False,
component,physical-component:8c094e9de9be8171c826885e96678e13304571edf86a0c54c2cd5f58e7e6cc91,full,13655514B65757043009502,Setor de Safim,True,True,disjoint,False,False,
component,physical-component:8c094e9de9be8171c826885e96678e13304571edf86a0c54c2cd5f58e7e6cc91,full,13655514B66751603958816,Setor de Quinh,True,True,disjoint,False,False,
component,physical-component:8c094e9de9be8171c826885e96678e13304571edf86a0c54c2cd5f58e7e6cc91,full,13655514B71925291750028,Setor de Cacine,True,True,disjoint,False,False,
component,physical-component:8c094e9de9be8171c826885e96678e13304571edf86a0c54c2cd5f58e7e6cc91,full,13655514B76388735674013,Setor de Bigene,True,True,disjoint,False,False,
component,physical-component:8c094e9de9be8171c826885e96678e13304571edf86a0c54c2cd5f58e7e6cc91,full,13655514B77006902429960,Setor de Bolama,True,True,disjoint,False,False,
component,physical-component:8c094e9de9be8171c826885e96678e13304571edf86a0c54c2cd5f58e7e6cc91,full,13655514B8216177448850,Setor de Caiv,True,True,disjoint,False,False,
component,physical-component:8c094e9de9be8171c826885e96678e13304571edf86a0c54c2cd5f58e7e6cc91,full,13655514B91246233663569,Setor de Canghungo,True,True,disjoint,False,False,
component,physical-component:8c094e9de9be8171c826885e96678e13304571edf86a0c54c2cd5f58e7e6cc91,full,13655514B91994517778696,Setor de Sto Domingos,True,True,disjoint,False,False,
component,physical-component:8c094e9de9be8171c826885e96678e13304571edf86a0c54c2cd5f58e7e6cc91,full,13655514B9524670555472,Setor de Fulacunda,True,True,disjoint,False,False,
component,physical-component:8c094e9de9be8171c826885e96678e13304571edf86a0c54c2cd5f58e7e6cc91,full,13655514B95678269815128,Setor de Cacheu,True,True,disjoint,False,False,
component,physical-component:8c094e9de9be8171c826885e96678e13304571edf86a0c54c2cd5f58e7e6cc91,full,13655514B97576906537580,Setor de Pitche,True,True,disjoint,False,False,
component,physical-component:8c094e9de9be8171c826885e96678e13304571edf86a0c54c2cd5f58e7e6cc91,full,13655514B98496568253651,Setor de Bubaque,True,True,disjoint,False,False,
component,physical-component:8c094e9de9be8171c826885e96678e13304571edf86a0c54c2cd5f58e7e6cc91,full,13655514B99052541590952,Setor de Boe,True,True,disjoint,False,False,
component,physical-component:8c094e9de9be8171c826885e96678e13304571edf86a0c54c2cd5f58e7e6cc91,simplified,13655514B11561761851968,Setor de Bula,True,True,disjoint,False,False,
component,physical-component:8c094e9de9be8171c826885e96678e13304571edf86a0c54c2cd5f58e7e6cc91,simplified,13655514B12793543239296,Setor de Quebo,True,True,disjoint,False,False,
component,physical-component:8c094e9de9be8171c826885e96678e13304571edf86a0c54c2cd5f58e7e6cc91,simplified,13655514B15077734082289,Setor de Bafata,True,True,disjoint,False,False,
component,physical-component:8c094e9de9be8171c826885e96678e13304571edf86a0c54c2cd5f58e7e6cc91,simplified,13655514B15408487636665,Setor de Madina do Bo˒,True,True,disjoint,False,False,
component,physical-component:8c094e9de9be8171c826885e96678e13304571edf86a0c54c2cd5f58e7e6cc91,simplified,13655514B16168252486838,Setor de Pirada,True,True,disjoint,False,False,
component,physical-component:8c094e9de9be8171c826885e96678e13304571edf86a0c54c2cd5f58e7e6cc91,simplified,13655514B168355566476,Setor de Bambadinca,True,True,disjoint,False,False,
component,physical-component:8c094e9de9be8171c826885e96678e13304571edf86a0c54c2cd5f58e7e6cc91,simplified,13655514B24413703823033,Setor de Catie,True,True,disjoint,False,False,
component,physical-component:8c094e9de9be8171c826885e96678e13304571edf86a0c54c2cd5f58e7e6cc91,simplified,13655514B30693048438959,Setor de Empada,True,True,disjoint,False,False,
component,physical-component:8c094e9de9be8171c826885e96678e13304571edf86a0c54c2cd5f58e7e6cc91,simplified,13655514B31772276876031,Setor de Mansoa,True,True,disjoint,False,False,
component,physical-component:8c094e9de9be8171c826885e96678e13304571edf86a0c54c2cd5f58e7e6cc91,simplified,13655514B37452641895852,Setor de Buba,True,True,disjoint,False,False,
component,physical-component:8c094e9de9be8171c826885e96678e13304571edf86a0c54c2cd5f58e7e6cc91,simplified,13655514B37576476310465,Setor de Tite,True,True,disjoint,False,False,
component,physical-component:8c094e9de9be8171c826885e96678e13304571edf86a0c54c2cd5f58e7e6cc91,simplified,13655514B38974563194217,Bissau Autonomous Sector,True,True,disjoint,False,False,
component,physical-component:8c094e9de9be8171c826885e96678e13304571edf86a0c54c2cd5f58e7e6cc91,simplified,13655514B4319146558278,Setor de Galomaro,True,True,disjoint,False,False,
component,physical-component:8c094e9de9be8171c826885e96678e13304571edf86a0c54c2cd5f58e7e6cc91,simplified,13655514B44985576134462,Setor de Uno,True,True,positive-area,False,False,component:physical-component:8c094e9de9be8171c826885e96678e13304571edf86a0c54c2cd5f58e7e6cc91|simplified:13655514B44985576134462
component,physical-component:8c094e9de9be8171c826885e96678e13304571edf86a0c54c2cd5f58e7e6cc91,simplified,13655514B47112439721810,Setor de Nhacra,True,True,disjoint,False,False,
component,physical-component:8c094e9de9be8171c826885e96678e13304571edf86a0c54c2cd5f58e7e6cc91,simplified,13655514B47480576799194,Setor de Sonaco,True,True,disjoint,False,False,
component,physical-component:8c094e9de9be8171c826885e96678e13304571edf86a0c54c2cd5f58e7e6cc91,simplified,13655514B48763126228848,Setor de Bedanda,True,True,disjoint,False,False,
component,physical-component:8c094e9de9be8171c826885e96678e13304571edf86a0c54c2cd5f58e7e6cc91,simplified,13655514B49812801634354,Setor de Mansaba,True,True,disjoint,False,False,
component,physical-component:8c094e9de9be8171c826885e96678e13304571edf86a0c54c2cd5f58e7e6cc91,simplified,13655514B51179315853055,Contuboel,True,True,disjoint,False,False,
component,physical-component:8c094e9de9be8171c826885e96678e13304571edf86a0c54c2cd5f58e7e6cc91,simplified,13655514B53615250576563,Setor de Prabis,True,True,disjoint,False,False,
component,physical-component:8c094e9de9be8171c826885e96678e13304571edf86a0c54c2cd5f58e7e6cc91,simplified,13655514B57644193184055,Setor de Farim,True,True,disjoint,False,False,
component,physical-component:8c094e9de9be8171c826885e96678e13304571edf86a0c54c2cd5f58e7e6cc91,simplified,13655514B57740331915335,Setor de Bissora,True,True,disjoint,False,False,
component,physical-component:8c094e9de9be8171c826885e96678e13304571edf86a0c54c2cd5f58e7e6cc91,simplified,13655514B59106895169358,Setor de Caravela,True,True,disjoint,False,False,
component,physical-component:8c094e9de9be8171c826885e96678e13304571edf86a0c54c2cd5f58e7e6cc91,simplified,13655514B65296626482863,Setor de Gabv,True,True,disjoint,False,False,
component,physical-component:8c094e9de9be8171c826885e96678e13304571edf86a0c54c2cd5f58e7e6cc91,simplified,13655514B65471558325414,Setor de Xitole,True,True,disjoint,False,False,
component,physical-component:8c094e9de9be8171c826885e96678e13304571edf86a0c54c2cd5f58e7e6cc91,simplified,13655514B65726406107890,Setor de Gamamundo,True,True,disjoint,False,False,
component,physical-component:8c094e9de9be8171c826885e96678e13304571edf86a0c54c2cd5f58e7e6cc91,simplified,13655514B65757043009502,Setor de Safim,True,True,disjoint,False,False,
component,physical-component:8c094e9de9be8171c826885e96678e13304571edf86a0c54c2cd5f58e7e6cc91,simplified,13655514B66751603958816,Setor de Quinh,True,True,disjoint,False,False,
component,physical-component:8c094e9de9be8171c826885e96678e13304571edf86a0c54c2cd5f58e7e6cc91,simplified,13655514B71925291750028,Setor de Cacine,True,True,disjoint,False,False,
component,physical-component:8c094e9de9be8171c826885e96678e13304571edf86a0c54c2cd5f58e7e6cc91,simplified,13655514B76388735674013,Setor de Bigene,True,True,disjoint,False,False,
component,physical-component:8c094e9de9be8171c826885e96678e13304571edf86a0c54c2cd5f58e7e6cc91,simplified,13655514B77006902429960,Setor de Bolama,True,True,disjoint,False,False,
component,physical-component:8c094e9de9be8171c826885e96678e13304571edf86a0c54c2cd5f58e7e6cc91,simplified,13655514B8216177448850,Setor de Caiv,True,True,disjoint,False,False,
component,physical-component:8c094e9de9be8171c826885e96678e13304571edf86a0c54c2cd5f58e7e6cc91,simplified,13655514B91246233663569,Setor de Canghungo,True,True,disjoint,False,False,
component,physical-component:8c094e9de9be8171c826885e96678e13304571edf86a0c54c2cd5f58e7e6cc91,simplified,13655514B91994517778696,Setor de Sto Domingos,True,True,disjoint,False,False,
component,physical-component:8c094e9de9be8171c826885e96678e13304571edf86a0c54c2cd5f58e7e6cc91,simplified,13655514B9524670555472,Setor de Fulacunda,True,True,disjoint,False,False,
component,physical-component:8c094e9de9be8171c826885e96678e13304571edf86a0c54c2cd5f58e7e6cc91,simplified,13655514B95678269815128,Setor de Cacheu,True,True,disjoint,False,False,
component,physical-component:8c094e9de9be8171c826885e96678e13304571edf86a0c54c2cd5f58e7e6cc91,simplified,13655514B97576906537580,Setor de Pitche,True,True,disjoint,False,False,
component,physical-component:8c094e9de9be8171c826885e96678e13304571edf86a0c54c2cd5f58e7e6cc91,simplified,13655514B98496568253651,Setor de Bubaque,True,True,disjoint,False,False,
component,physical-component:8c094e9de9be8171c826885e96678e13304571edf86a0c54c2cd5f58e7e6cc91,simplified,13655514B99052541590952,Setor de Boe,True,True,disjoint,False,False,
component,physical-component:a2645bf2ae32d27f75cc01ccf84fb25f52a56ea0fc5462dd234d9b09a28cbdae,full,13655514B11561761851968,Setor de Bula,True,True,disjoint,False,False,
component,physical-component:a2645bf2ae32d27f75cc01ccf84fb25f52a56ea0fc5462dd234d9b09a28cbdae,full,13655514B12793543239296,Setor de Quebo,True,True,disjoint,False,False,
component,physical-component:a2645bf2ae32d27f75cc01ccf84fb25f52a56ea0fc5462dd234d9b09a28cbdae,full,13655514B15077734082289,Setor de Bafata,True,True,disjoint,False,False,
component,physical-component:a2645bf2ae32d27f75cc01ccf84fb25f52a56ea0fc5462dd234d9b09a28cbdae,full,13655514B15408487636665,Setor de Madina do Bo˒,True,True,disjoint,False,False,
component,physical-component:a2645bf2ae32d27f75cc01ccf84fb25f52a56ea0fc5462dd234d9b09a28cbdae,full,13655514B16168252486838,Setor de Pirada,True,True,disjoint,False,False,
component,physical-component:a2645bf2ae32d27f75cc01ccf84fb25f52a56ea0fc5462dd234d9b09a28cbdae,full,13655514B168355566476,Setor de Bambadinca,True,True,disjoint,False,False,
component,physical-component:a2645bf2ae32d27f75cc01ccf84fb25f52a56ea0fc5462dd234d9b09a28cbdae,full,13655514B24413703823033,Setor de Catie,True,True,disjoint,False,False,
component,physical-component:a2645bf2ae32d27f75cc01ccf84fb25f52a56ea0fc5462dd234d9b09a28cbdae,full,13655514B30693048438959,Setor de Empada,True,True,disjoint,False,False,
component,physical-component:a2645bf2ae32d27f75cc01ccf84fb25f52a56ea0fc5462dd234d9b09a28cbdae,full,13655514B31772276876031,Setor de Mansoa,True,True,disjoint,False,False,
component,physical-component:a2645bf2ae32d27f75cc01ccf84fb25f52a56ea0fc5462dd234d9b09a28cbdae,full,13655514B37452641895852,Setor de Buba,True,True,disjoint,False,False,
component,physical-component:a2645bf2ae32d27f75cc01ccf84fb25f52a56ea0fc5462dd234d9b09a28cbdae,full,13655514B37576476310465,Setor de Tite,True,True,disjoint,False,False,
component,physical-component:a2645bf2ae32d27f75cc01ccf84fb25f52a56ea0fc5462dd234d9b09a28cbdae,full,13655514B38974563194217,Bissau Autonomous Sector,True,True,disjoint,False,False,
component,physical-component:a2645bf2ae32d27f75cc01ccf84fb25f52a56ea0fc5462dd234d9b09a28cbdae,full,13655514B4319146558278,Setor de Galomaro,True,True,disjoint,False,False,
component,physical-component:a2645bf2ae32d27f75cc01ccf84fb25f52a56ea0fc5462dd234d9b09a28cbdae,full,13655514B44985576134462,Setor de Uno,True,True,positive-area,False,False,component:physical-component:a2645bf2ae32d27f75cc01ccf84fb25f52a56ea0fc5462dd234d9b09a28cbdae|full:13655514B44985576134462
component,physical-component:a2645bf2ae32d27f75cc01ccf84fb25f52a56ea0fc5462dd234d9b09a28cbdae,full,13655514B47112439721810,Setor de Nhacra,True,True,disjoint,False,False,
component,physical-component:a2645bf2ae32d27f75cc01ccf84fb25f52a56ea0fc5462dd234d9b09a28cbdae,full,13655514B47480576799194,Setor de Sonaco,True,True,disjoint,False,False,
component,physical-component:a2645bf2ae32d27f75cc01ccf84fb25f52a56ea0fc5462dd234d9b09a28cbdae,full,13655514B48763126228848,Setor de Bedanda,True,True,disjoint,False,False,
component,physical-component:a2645bf2ae32d27f75cc01ccf84fb25f52a56ea0fc5462dd234d9b09a28cbdae,full,13655514B49812801634354,Setor de Mansaba,True,True,disjoint,False,False,
component,physical-component:a2645bf2ae32d27f75cc01ccf84fb25f52a56ea0fc5462dd234d9b09a28cbdae,full,13655514B51179315853055,Contuboel,True,True,disjoint,False,False,
component,physical-component:a2645bf2ae32d27f75cc01ccf84fb25f52a56ea0fc5462dd234d9b09a28cbdae,full,13655514B53615250576563,Setor de Prabis,True,True,disjoint,False,False,
component,physical-component:a2645bf2ae32d27f75cc01ccf84fb25f52a56ea0fc5462dd234d9b09a28cbdae,full,13655514B57644193184055,Setor de Farim,True,True,disjoint,False,False,
component,physical-component:a2645bf2ae32d27f75cc01ccf84fb25f52a56ea0fc5462dd234d9b09a28cbdae,full,13655514B57740331915335,Setor de Bissora,True,True,disjoint,False,False,
component,physical-component:a2645bf2ae32d27f75cc01ccf84fb25f52a56ea0fc5462dd234d9b09a28cbdae,full,13655514B59106895169358,Setor de Caravela,True,True,disjoint,False,False,
component,physical-component:a2645bf2ae32d27f75cc01ccf84fb25f52a56ea0fc5462dd234d9b09a28cbdae,full,13655514B65296626482863,Setor de Gabv,True,True,disjoint,False,False,
component,physical-component:a2645bf2ae32d27f75cc01ccf84fb25f52a56ea0fc5462dd234d9b09a28cbdae,full,13655514B65471558325414,Setor de Xitole,True,True,disjoint,False,False,
component,physical-component:a2645bf2ae32d27f75cc01ccf84fb25f52a56ea0fc5462dd234d9b09a28cbdae,full,13655514B65726406107890,Setor de Gamamundo,True,True,disjoint,False,False,
component,physical-component:a2645bf2ae32d27f75cc01ccf84fb25f52a56ea0fc5462dd234d9b09a28cbdae,full,13655514B65757043009502,Setor de Safim,True,True,disjoint,False,False,
component,physical-component:a2645bf2ae32d27f75cc01ccf84fb25f52a56ea0fc5462dd234d9b09a28cbdae,full,13655514B66751603958816,Setor de Quinh,True,True,disjoint,False,False,
component,physical-component:a2645bf2ae32d27f75cc01ccf84fb25f52a56ea0fc5462dd234d9b09a28cbdae,full,13655514B71925291750028,Setor de Cacine,True,True,disjoint,False,False,
component,physical-component:a2645bf2ae32d27f75cc01ccf84fb25f52a56ea0fc5462dd234d9b09a28cbdae,full,13655514B76388735674013,Setor de Bigene,True,True,disjoint,False,False,
component,physical-component:a2645bf2ae32d27f75cc01ccf84fb25f52a56ea0fc5462dd234d9b09a28cbdae,full,13655514B77006902429960,Setor de Bolama,True,True,disjoint,False,False,
component,physical-component:a2645bf2ae32d27f75cc01ccf84fb25f52a56ea0fc5462dd234d9b09a28cbdae,full,13655514B8216177448850,Setor de Caiv,True,True,disjoint,False,False,
component,physical-component:a2645bf2ae32d27f75cc01ccf84fb25f52a56ea0fc5462dd234d9b09a28cbdae,full,13655514B91246233663569,Setor de Canghungo,True,True,disjoint,False,False,
component,physical-component:a2645bf2ae32d27f75cc01ccf84fb25f52a56ea0fc5462dd234d9b09a28cbdae,full,13655514B91994517778696,Setor de Sto Domingos,True,True,disjoint,False,False,
component,physical-component:a2645bf2ae32d27f75cc01ccf84fb25f52a56ea0fc5462dd234d9b09a28cbdae,full,13655514B9524670555472,Setor de Fulacunda,True,True,disjoint,False,False,
component,physical-component:a2645bf2ae32d27f75cc01ccf84fb25f52a56ea0fc5462dd234d9b09a28cbdae,full,13655514B95678269815128,Setor de Cacheu,True,True,disjoint,False,False,
component,physical-component:a2645bf2ae32d27f75cc01ccf84fb25f52a56ea0fc5462dd234d9b09a28cbdae,full,13655514B97576906537580,Setor de Pitche,True,True,disjoint,False,False,
component,physical-component:a2645bf2ae32d27f75cc01ccf84fb25f52a56ea0fc5462dd234d9b09a28cbdae,full,13655514B98496568253651,Setor de Bubaque,True,True,disjoint,False,False,
component,physical-component:a2645bf2ae32d27f75cc01ccf84fb25f52a56ea0fc5462dd234d9b09a28cbdae,full,13655514B99052541590952,Setor de Boe,True,True,disjoint,False,False,
component,physical-component:a2645bf2ae32d27f75cc01ccf84fb25f52a56ea0fc5462dd234d9b09a28cbdae,simplified,13655514B11561761851968,Setor de Bula,True,True,disjoint,False,False,
component,physical-component:a2645bf2ae32d27f75cc01ccf84fb25f52a56ea0fc5462dd234d9b09a28cbdae,simplified,13655514B12793543239296,Setor de Quebo,True,True,disjoint,False,False,
component,physical-component:a2645bf2ae32d27f75cc01ccf84fb25f52a56ea0fc5462dd234d9b09a28cbdae,simplified,13655514B15077734082289,Setor de Bafata,True,True,disjoint,False,False,
component,physical-component:a2645bf2ae32d27f75cc01ccf84fb25f52a56ea0fc5462dd234d9b09a28cbdae,simplified,13655514B15408487636665,Setor de Madina do Bo˒,True,True,disjoint,False,False,
component,physical-component:a2645bf2ae32d27f75cc01ccf84fb25f52a56ea0fc5462dd234d9b09a28cbdae,simplified,13655514B16168252486838,Setor de Pirada,True,True,disjoint,False,False,
component,physical-component:a2645bf2ae32d27f75cc01ccf84fb25f52a56ea0fc5462dd234d9b09a28cbdae,simplified,13655514B168355566476,Setor de Bambadinca,True,True,disjoint,False,False,
component,physical-component:a2645bf2ae32d27f75cc01ccf84fb25f52a56ea0fc5462dd234d9b09a28cbdae,simplified,13655514B24413703823033,Setor de Catie,True,True,disjoint,False,False,
component,physical-component:a2645bf2ae32d27f75cc01ccf84fb25f52a56ea0fc5462dd234d9b09a28cbdae,simplified,13655514B30693048438959,Setor de Empada,True,True,disjoint,False,False,
component,physical-component:a2645bf2ae32d27f75cc01ccf84fb25f52a56ea0fc5462dd234d9b09a28cbdae,simplified,13655514B31772276876031,Setor de Mansoa,True,True,disjoint,False,False,
component,physical-component:a2645bf2ae32d27f75cc01ccf84fb25f52a56ea0fc5462dd234d9b09a28cbdae,simplified,13655514B37452641895852,Setor de Buba,True,True,disjoint,False,False,
component,physical-component:a2645bf2ae32d27f75cc01ccf84fb25f52a56ea0fc5462dd234d9b09a28cbdae,simplified,13655514B37576476310465,Setor de Tite,True,True,disjoint,False,False,
component,physical-component:a2645bf2ae32d27f75cc01ccf84fb25f52a56ea0fc5462dd234d9b09a28cbdae,simplified,13655514B38974563194217,Bissau Autonomous Sector,True,True,disjoint,False,False,
component,physical-component:a2645bf2ae32d27f75cc01ccf84fb25f52a56ea0fc5462dd234d9b09a28cbdae,simplified,13655514B4319146558278,Setor de Galomaro,True,True,disjoint,False,False,
component,physical-component:a2645bf2ae32d27f75cc01ccf84fb25f52a56ea0fc5462dd234d9b09a28cbdae,simplified,13655514B44985576134462,Setor de Uno,True,True,positive-area,False,False,component:physical-component:a2645bf2ae32d27f75cc01ccf84fb25f52a56ea0fc5462dd234d9b09a28cbdae|simplified:13655514B44985576134462
component,physical-component:a2645bf2ae32d27f75cc01ccf84fb25f52a56ea0fc5462dd234d9b09a28cbdae,simplified,13655514B47112439721810,Setor de Nhacra,True,True,disjoint,False,False,
component,physical-component:a2645bf2ae32d27f75cc01ccf84fb25f52a56ea0fc5462dd234d9b09a28cbdae,simplified,13655514B47480576799194,Setor de Sonaco,True,True,disjoint,False,False,
component,physical-component:a2645bf2ae32d27f75cc01ccf84fb25f52a56ea0fc5462dd234d9b09a28cbdae,simplified,13655514B48763126228848,Setor de Bedanda,True,True,disjoint,False,False,
component,physical-component:a2645bf2ae32d27f75cc01ccf84fb25f52a56ea0fc5462dd234d9b09a28cbdae,simplified,13655514B49812801634354,Setor de Mansaba,True,True,disjoint,False,False,
component,physical-component:a2645bf2ae32d27f75cc01ccf84fb25f52a56ea0fc5462dd234d9b09a28cbdae,simplified,13655514B51179315853055,Contuboel,True,True,disjoint,False,False,
component,physical-component:a2645bf2ae32d27f75cc01ccf84fb25f52a56ea0fc5462dd234d9b09a28cbdae,simplified,13655514B53615250576563,Setor de Prabis,True,True,disjoint,False,False,
component,physical-component:a2645bf2ae32d27f75cc01ccf84fb25f52a56ea0fc5462dd234d9b09a28cbdae,simplified,13655514B57644193184055,Setor de Farim,True,True,disjoint,False,False,
component,physical-component:a2645bf2ae32d27f75cc01ccf84fb25f52a56ea0fc5462dd234d9b09a28cbdae,simplified,13655514B57740331915335,Setor de Bissora,True,True,disjoint,False,False,
component,physical-component:a2645bf2ae32d27f75cc01ccf84fb25f52a56ea0fc5462dd234d9b09a28cbdae,simplified,13655514B59106895169358,Setor de Caravela,True,True,disjoint,False,False,
component,physical-component:a2645bf2ae32d27f75cc01ccf84fb25f52a56ea0fc5462dd234d9b09a28cbdae,simplified,13655514B65296626482863,Setor de Gabv,True,True,disjoint,False,False,
component,physical-component:a2645bf2ae32d27f75cc01ccf84fb25f52a56ea0fc5462dd234d9b09a28cbdae,simplified,13655514B65471558325414,Setor de Xitole,True,True,disjoint,False,False,
component,physical-component:a2645bf2ae32d27f75cc01ccf84fb25f52a56ea0fc5462dd234d9b09a28cbdae,simplified,13655514B65726406107890,Setor de Gamamundo,True,True,disjoint,False,False,
component,physical-component:a2645bf2ae32d27f75cc01ccf84fb25f52a56ea0fc5462dd234d9b09a28cbdae,simplified,13655514B65757043009502,Setor de Safim,True,True,disjoint,False,False,
component,physical-component:a2645bf2ae32d27f75cc01ccf84fb25f52a56ea0fc5462dd234d9b09a28cbdae,simplified,13655514B66751603958816,Setor de Quinh,True,True,disjoint,False,False,
component,physical-component:a2645bf2ae32d27f75cc01ccf84fb25f52a56ea0fc5462dd234d9b09a28cbdae,simplified,13655514B71925291750028,Setor de Cacine,True,True,disjoint,False,False,
component,physical-component:a2645bf2ae32d27f75cc01ccf84fb25f52a56ea0fc5462dd234d9b09a28cbdae,simplified,13655514B76388735674013,Setor de Bigene,True,True,disjoint,False,False,
component,physical-component:a2645bf2ae32d27f75cc01ccf84fb25f52a56ea0fc5462dd234d9b09a28cbdae,simplified,13655514B77006902429960,Setor de Bolama,True,True,disjoint,False,False,
component,physical-component:a2645bf2ae32d27f75cc01ccf84fb25f52a56ea0fc5462dd234d9b09a28cbdae,simplified,13655514B8216177448850,Setor de Caiv,True,True,disjoint,False,False,
component,physical-component:a2645bf2ae32d27f75cc01ccf84fb25f52a56ea0fc5462dd234d9b09a28cbdae,simplified,13655514B91246233663569,Setor de Canghungo,True,True,disjoint,False,False,
component,physical-component:a2645bf2ae32d27f75cc01ccf84fb25f52a56ea0fc5462dd234d9b09a28cbdae,simplified,13655514B91994517778696,Setor de Sto Domingos,True,True,disjoint,False,False,
component,physical-component:a2645bf2ae32d27f75cc01ccf84fb25f52a56ea0fc5462dd234d9b09a28cbdae,simplified,13655514B9524670555472,Setor de Fulacunda,True,True,disjoint,False,False,
component,physical-component:a2645bf2ae32d27f75cc01ccf84fb25f52a56ea0fc5462dd234d9b09a28cbdae,simplified,13655514B95678269815128,Setor de Cacheu,True,True,disjoint,False,False,
component,physical-component:a2645bf2ae32d27f75cc01ccf84fb25f52a56ea0fc5462dd234d9b09a28cbdae,simplified,13655514B97576906537580,Setor de Pitche,True,True,disjoint,False,False,
component,physical-component:a2645bf2ae32d27f75cc01ccf84fb25f52a56ea0fc5462dd234d9b09a28cbdae,simplified,13655514B98496568253651,Setor de Bubaque,True,True,disjoint,False,False,
component,physical-component:a2645bf2ae32d27f75cc01ccf84fb25f52a56ea0fc5462dd234d9b09a28cbdae,simplified,13655514B99052541590952,Setor de Boe,True,True,disjoint,False,False,
component,physical-component:a4aec54379a400260dfa9e2ca3df1203d24699c4649f8f28ae332cd3ffcf5242,full,13655514B11561761851968,Setor de Bula,True,True,disjoint,False,False,
component,physical-component:a4aec54379a400260dfa9e2ca3df1203d24699c4649f8f28ae332cd3ffcf5242,full,13655514B12793543239296,Setor de Quebo,True,True,disjoint,False,False,
component,physical-component:a4aec54379a400260dfa9e2ca3df1203d24699c4649f8f28ae332cd3ffcf5242,full,13655514B15077734082289,Setor de Bafata,True,True,disjoint,False,False,
component,physical-component:a4aec54379a400260dfa9e2ca3df1203d24699c4649f8f28ae332cd3ffcf5242,full,13655514B15408487636665,Setor de Madina do Bo˒,True,True,disjoint,False,False,
component,physical-component:a4aec54379a400260dfa9e2ca3df1203d24699c4649f8f28ae332cd3ffcf5242,full,13655514B16168252486838,Setor de Pirada,True,True,disjoint,False,False,
component,physical-component:a4aec54379a400260dfa9e2ca3df1203d24699c4649f8f28ae332cd3ffcf5242,full,13655514B168355566476,Setor de Bambadinca,True,True,disjoint,False,False,
component,physical-component:a4aec54379a400260dfa9e2ca3df1203d24699c4649f8f28ae332cd3ffcf5242,full,13655514B24413703823033,Setor de Catie,True,True,disjoint,False,False,
component,physical-component:a4aec54379a400260dfa9e2ca3df1203d24699c4649f8f28ae332cd3ffcf5242,full,13655514B30693048438959,Setor de Empada,True,True,disjoint,False,False,
component,physical-component:a4aec54379a400260dfa9e2ca3df1203d24699c4649f8f28ae332cd3ffcf5242,full,13655514B31772276876031,Setor de Mansoa,True,True,disjoint,False,False,
component,physical-component:a4aec54379a400260dfa9e2ca3df1203d24699c4649f8f28ae332cd3ffcf5242,full,13655514B37452641895852,Setor de Buba,True,True,disjoint,False,False,
component,physical-component:a4aec54379a400260dfa9e2ca3df1203d24699c4649f8f28ae332cd3ffcf5242,full,13655514B37576476310465,Setor de Tite,True,True,disjoint,False,False,
component,physical-component:a4aec54379a400260dfa9e2ca3df1203d24699c4649f8f28ae332cd3ffcf5242,full,13655514B38974563194217,Bissau Autonomous Sector,True,True,disjoint,False,False,
component,physical-component:a4aec54379a400260dfa9e2ca3df1203d24699c4649f8f28ae332cd3ffcf5242,full,13655514B4319146558278,Setor de Galomaro,True,True,disjoint,False,False,
component,physical-component:a4aec54379a400260dfa9e2ca3df1203d24699c4649f8f28ae332cd3ffcf5242,full,13655514B44985576134462,Setor de Uno,True,True,disjoint,False,False,
component,physical-component:a4aec54379a400260dfa9e2ca3df1203d24699c4649f8f28ae332cd3ffcf5242,full,13655514B47112439721810,Setor de Nhacra,True,True,disjoint,False,False,
component,physical-component:a4aec54379a400260dfa9e2ca3df1203d24699c4649f8f28ae332cd3ffcf5242,full,13655514B47480576799194,Setor de Sonaco,True,True,disjoint,False,False,
component,physical-component:a4aec54379a400260dfa9e2ca3df1203d24699c4649f8f28ae332cd3ffcf5242,full,13655514B48763126228848,Setor de Bedanda,True,True,disjoint,False,False,
component,physical-component:a4aec54379a400260dfa9e2ca3df1203d24699c4649f8f28ae332cd3ffcf5242,full,13655514B49812801634354,Setor de Mansaba,True,True,disjoint,False,False,
component,physical-component:a4aec54379a400260dfa9e2ca3df1203d24699c4649f8f28ae332cd3ffcf5242,full,13655514B51179315853055,Contuboel,True,True,disjoint,False,False,
component,physical-component:a4aec54379a400260dfa9e2ca3df1203d24699c4649f8f28ae332cd3ffcf5242,full,13655514B53615250576563,Setor de Prabis,True,True,disjoint,False,False,
component,physical-component:a4aec54379a400260dfa9e2ca3df1203d24699c4649f8f28ae332cd3ffcf5242,full,13655514B57644193184055,Setor de Farim,True,True,disjoint,False,False,
component,physical-component:a4aec54379a400260dfa9e2ca3df1203d24699c4649f8f28ae332cd3ffcf5242,full,13655514B57740331915335,Setor de Bissora,True,True,disjoint,False,False,
component,physical-component:a4aec54379a400260dfa9e2ca3df1203d24699c4649f8f28ae332cd3ffcf5242,full,13655514B59106895169358,Setor de Caravela,True,True,disjoint,False,False,
component,physical-component:a4aec54379a400260dfa9e2ca3df1203d24699c4649f8f28ae332cd3ffcf5242,full,13655514B65296626482863,Setor de Gabv,True,True,disjoint,False,False,
component,physical-component:a4aec54379a400260dfa9e2ca3df1203d24699c4649f8f28ae332cd3ffcf5242,full,13655514B65471558325414,Setor de Xitole,True,True,disjoint,False,False,
component,physical-component:a4aec54379a400260dfa9e2ca3df1203d24699c4649f8f28ae332cd3ffcf5242,full,13655514B65726406107890,Setor de Gamamundo,True,True,disjoint,False,False,
component,physical-component:a4aec54379a400260dfa9e2ca3df1203d24699c4649f8f28ae332cd3ffcf5242,full,13655514B65757043009502,Setor de Safim,True,True,disjoint,False,False,
component,physical-component:a4aec54379a400260dfa9e2ca3df1203d24699c4649f8f28ae332cd3ffcf5242,full,13655514B66751603958816,Setor de Quinh,True,True,disjoint,False,False,
component,physical-component:a4aec54379a400260dfa9e2ca3df1203d24699c4649f8f28ae332cd3ffcf5242,full,13655514B71925291750028,Setor de Cacine,True,True,disjoint,False,False,
component,physical-component:a4aec54379a400260dfa9e2ca3df1203d24699c4649f8f28ae332cd3ffcf5242,full,13655514B76388735674013,Setor de Bigene,True,True,disjoint,False,False,
component,physical-component:a4aec54379a400260dfa9e2ca3df1203d24699c4649f8f28ae332cd3ffcf5242,full,13655514B77006902429960,Setor de Bolama,True,True,disjoint,False,False,
component,physical-component:a4aec54379a400260dfa9e2ca3df1203d24699c4649f8f28ae332cd3ffcf5242,full,13655514B8216177448850,Setor de Caiv,True,True,disjoint,False,False,
component,physical-component:a4aec54379a400260dfa9e2ca3df1203d24699c4649f8f28ae332cd3ffcf5242,full,13655514B91246233663569,Setor de Canghungo,True,True,disjoint,False,False,
component,physical-component:a4aec54379a400260dfa9e2ca3df1203d24699c4649f8f28ae332cd3ffcf5242,full,13655514B91994517778696,Setor de Sto Domingos,True,True,disjoint,False,False,
component,physical-component:a4aec54379a400260dfa9e2ca3df1203d24699c4649f8f28ae332cd3ffcf5242,full,13655514B9524670555472,Setor de Fulacunda,True,True,disjoint,False,False,
component,physical-component:a4aec54379a400260dfa9e2ca3df1203d24699c4649f8f28ae332cd3ffcf5242,full,13655514B95678269815128,Setor de Cacheu,True,True,disjoint,False,False,
component,physical-component:a4aec54379a400260dfa9e2ca3df1203d24699c4649f8f28ae332cd3ffcf5242,full,13655514B97576906537580,Setor de Pitche,True,True,disjoint,False,False,
component,physical-component:a4aec54379a400260dfa9e2ca3df1203d24699c4649f8f28ae332cd3ffcf5242,full,13655514B98496568253651,Setor de Bubaque,True,True,positive-area,False,False,component:physical-component:a4aec54379a400260dfa9e2ca3df1203d24699c4649f8f28ae332cd3ffcf5242|full:13655514B98496568253651
component,physical-component:a4aec54379a400260dfa9e2ca3df1203d24699c4649f8f28ae332cd3ffcf5242,full,13655514B99052541590952,Setor de Boe,True,True,disjoint,False,False,
component,physical-component:a4aec54379a400260dfa9e2ca3df1203d24699c4649f8f28ae332cd3ffcf5242,simplified,13655514B11561761851968,Setor de Bula,True,True,disjoint,False,False,
component,physical-component:a4aec54379a400260dfa9e2ca3df1203d24699c4649f8f28ae332cd3ffcf5242,simplified,13655514B12793543239296,Setor de Quebo,True,True,disjoint,False,False,
component,physical-component:a4aec54379a400260dfa9e2ca3df1203d24699c4649f8f28ae332cd3ffcf5242,simplified,13655514B15077734082289,Setor de Bafata,True,True,disjoint,False,False,
component,physical-component:a4aec54379a400260dfa9e2ca3df1203d24699c4649f8f28ae332cd3ffcf5242,simplified,13655514B15408487636665,Setor de Madina do Bo˒,True,True,disjoint,False,False,
component,physical-component:a4aec54379a400260dfa9e2ca3df1203d24699c4649f8f28ae332cd3ffcf5242,simplified,13655514B16168252486838,Setor de Pirada,True,True,disjoint,False,False,
component,physical-component:a4aec54379a400260dfa9e2ca3df1203d24699c4649f8f28ae332cd3ffcf5242,simplified,13655514B168355566476,Setor de Bambadinca,True,True,disjoint,False,False,
component,physical-component:a4aec54379a400260dfa9e2ca3df1203d24699c4649f8f28ae332cd3ffcf5242,simplified,13655514B24413703823033,Setor de Catie,True,True,disjoint,False,False,
component,physical-component:a4aec54379a400260dfa9e2ca3df1203d24699c4649f8f28ae332cd3ffcf5242,simplified,13655514B30693048438959,Setor de Empada,True,True,disjoint,False,False,
component,physical-component:a4aec54379a400260dfa9e2ca3df1203d24699c4649f8f28ae332cd3ffcf5242,simplified,13655514B31772276876031,Setor de Mansoa,True,True,disjoint,False,False,
component,physical-component:a4aec54379a400260dfa9e2ca3df1203d24699c4649f8f28ae332cd3ffcf5242,simplified,13655514B37452641895852,Setor de Buba,True,True,disjoint,False,False,
component,physical-component:a4aec54379a400260dfa9e2ca3df1203d24699c4649f8f28ae332cd3ffcf5242,simplified,13655514B37576476310465,Setor de Tite,True,True,disjoint,False,False,
component,physical-component:a4aec54379a400260dfa9e2ca3df1203d24699c4649f8f28ae332cd3ffcf5242,simplified,13655514B38974563194217,Bissau Autonomous Sector,True,True,disjoint,False,False,
component,physical-component:a4aec54379a400260dfa9e2ca3df1203d24699c4649f8f28ae332cd3ffcf5242,simplified,13655514B4319146558278,Setor de Galomaro,True,True,disjoint,False,False,
component,physical-component:a4aec54379a400260dfa9e2ca3df1203d24699c4649f8f28ae332cd3ffcf5242,simplified,13655514B44985576134462,Setor de Uno,True,True,disjoint,False,False,
component,physical-component:a4aec54379a400260dfa9e2ca3df1203d24699c4649f8f28ae332cd3ffcf5242,simplified,13655514B47112439721810,Setor de Nhacra,True,True,disjoint,False,False,
component,physical-component:a4aec54379a400260dfa9e2ca3df1203d24699c4649f8f28ae332cd3ffcf5242,simplified,13655514B47480576799194,Setor de Sonaco,True,True,disjoint,False,False,
component,physical-component:a4aec54379a400260dfa9e2ca3df1203d24699c4649f8f28ae332cd3ffcf5242,simplified,13655514B48763126228848,Setor de Bedanda,True,True,disjoint,False,False,
component,physical-component:a4aec54379a400260dfa9e2ca3df1203d24699c4649f8f28ae332cd3ffcf5242,simplified,13655514B49812801634354,Setor de Mansaba,True,True,disjoint,False,False,
component,physical-component:a4aec54379a400260dfa9e2ca3df1203d24699c4649f8f28ae332cd3ffcf5242,simplified,13655514B51179315853055,Contuboel,True,True,disjoint,False,False,
component,physical-component:a4aec54379a400260dfa9e2ca3df1203d24699c4649f8f28ae332cd3ffcf5242,simplified,13655514B53615250576563,Setor de Prabis,True,True,disjoint,False,False,
component,physical-component:a4aec54379a400260dfa9e2ca3df1203d24699c4649f8f28ae332cd3ffcf5242,simplified,13655514B57644193184055,Setor de Farim,True,True,disjoint,False,False,
component,physical-component:a4aec54379a400260dfa9e2ca3df1203d24699c4649f8f28ae332cd3ffcf5242,simplified,13655514B57740331915335,Setor de Bissora,True,True,disjoint,False,False,
component,physical-component:a4aec54379a400260dfa9e2ca3df1203d24699c4649f8f28ae332cd3ffcf5242,simplified,13655514B59106895169358,Setor de Caravela,True,True,disjoint,False,False,
component,physical-component:a4aec54379a400260dfa9e2ca3df1203d24699c4649f8f28ae332cd3ffcf5242,simplified,13655514B65296626482863,Setor de Gabv,True,True,disjoint,False,False,
component,physical-component:a4aec54379a400260dfa9e2ca3df1203d24699c4649f8f28ae332cd3ffcf5242,simplified,13655514B65471558325414,Setor de Xitole,True,True,disjoint,False,False,
component,physical-component:a4aec54379a400260dfa9e2ca3df1203d24699c4649f8f28ae332cd3ffcf5242,simplified,13655514B65726406107890,Setor de Gamamundo,True,True,disjoint,False,False,
component,physical-component:a4aec54379a400260dfa9e2ca3df1203d24699c4649f8f28ae332cd3ffcf5242,simplified,13655514B65757043009502,Setor de Safim,True,True,disjoint,False,False,
component,physical-component:a4aec54379a400260dfa9e2ca3df1203d24699c4649f8f28ae332cd3ffcf5242,simplified,13655514B66751603958816,Setor de Quinh,True,True,disjoint,False,False,
component,physical-component:a4aec54379a400260dfa9e2ca3df1203d24699c4649f8f28ae332cd3ffcf5242,simplified,13655514B71925291750028,Setor de Cacine,True,True,disjoint,False,False,
component,physical-component:a4aec54379a400260dfa9e2ca3df1203d24699c4649f8f28ae332cd3ffcf5242,simplified,13655514B76388735674013,Setor de Bigene,True,True,disjoint,False,False,
component,physical-component:a4aec54379a400260dfa9e2ca3df1203d24699c4649f8f28ae332cd3ffcf5242,simplified,13655514B77006902429960,Setor de Bolama,True,True,disjoint,False,False,
component,physical-component:a4aec54379a400260dfa9e2ca3df1203d24699c4649f8f28ae332cd3ffcf5242,simplified,13655514B8216177448850,Setor de Caiv,True,True,disjoint,False,False,
component,physical-component:a4aec54379a400260dfa9e2ca3df1203d24699c4649f8f28ae332cd3ffcf5242,simplified,13655514B91246233663569,Setor de Canghungo,True,True,disjoint,False,False,
component,physical-component:a4aec54379a400260dfa9e2ca3df1203d24699c4649f8f28ae332cd3ffcf5242,simplified,13655514B91994517778696,Setor de Sto Domingos,True,True,disjoint,False,False,
component,physical-component:a4aec54379a400260dfa9e2ca3df1203d24699c4649f8f28ae332cd3ffcf5242,simplified,13655514B9524670555472,Setor de Fulacunda,True,True,disjoint,False,False,
component,physical-component:a4aec54379a400260dfa9e2ca3df1203d24699c4649f8f28ae332cd3ffcf5242,simplified,13655514B95678269815128,Setor de Cacheu,True,True,disjoint,False,False,
component,physical-component:a4aec54379a400260dfa9e2ca3df1203d24699c4649f8f28ae332cd3ffcf5242,simplified,13655514B97576906537580,Setor de Pitche,True,True,disjoint,False,False,
component,physical-component:a4aec54379a400260dfa9e2ca3df1203d24699c4649f8f28ae332cd3ffcf5242,simplified,13655514B98496568253651,Setor de Bubaque,True,True,positive-area,False,False,component:physical-component:a4aec54379a400260dfa9e2ca3df1203d24699c4649f8f28ae332cd3ffcf5242|simplified:13655514B98496568253651
component,physical-component:a4aec54379a400260dfa9e2ca3df1203d24699c4649f8f28ae332cd3ffcf5242,simplified,13655514B99052541590952,Setor de Boe,True,True,disjoint,False,False,
component,physical-component:ad97e6681e15f2ddeba063466cde1dd0e78d08f712ac37a304c614ddf91c0108,full,13655514B11561761851968,Setor de Bula,True,True,disjoint,False,False,
component,physical-component:ad97e6681e15f2ddeba063466cde1dd0e78d08f712ac37a304c614ddf91c0108,full,13655514B12793543239296,Setor de Quebo,True,True,disjoint,False,False,
component,physical-component:ad97e6681e15f2ddeba063466cde1dd0e78d08f712ac37a304c614ddf91c0108,full,13655514B15077734082289,Setor de Bafata,True,True,disjoint,False,False,
component,physical-component:ad97e6681e15f2ddeba063466cde1dd0e78d08f712ac37a304c614ddf91c0108,full,13655514B15408487636665,Setor de Madina do Bo˒,True,True,disjoint,False,False,
component,physical-component:ad97e6681e15f2ddeba063466cde1dd0e78d08f712ac37a304c614ddf91c0108,full,13655514B16168252486838,Setor de Pirada,True,True,disjoint,False,False,
component,physical-component:ad97e6681e15f2ddeba063466cde1dd0e78d08f712ac37a304c614ddf91c0108,full,13655514B168355566476,Setor de Bambadinca,True,True,disjoint,False,False,
component,physical-component:ad97e6681e15f2ddeba063466cde1dd0e78d08f712ac37a304c614ddf91c0108,full,13655514B24413703823033,Setor de Catie,True,True,disjoint,False,False,
component,physical-component:ad97e6681e15f2ddeba063466cde1dd0e78d08f712ac37a304c614ddf91c0108,full,13655514B30693048438959,Setor de Empada,True,True,disjoint,False,False,
component,physical-component:ad97e6681e15f2ddeba063466cde1dd0e78d08f712ac37a304c614ddf91c0108,full,13655514B31772276876031,Setor de Mansoa,True,True,disjoint,False,False,
component,physical-component:ad97e6681e15f2ddeba063466cde1dd0e78d08f712ac37a304c614ddf91c0108,full,13655514B37452641895852,Setor de Buba,True,True,disjoint,False,False,
component,physical-component:ad97e6681e15f2ddeba063466cde1dd0e78d08f712ac37a304c614ddf91c0108,full,13655514B37576476310465,Setor de Tite,True,True,disjoint,False,False,
component,physical-component:ad97e6681e15f2ddeba063466cde1dd0e78d08f712ac37a304c614ddf91c0108,full,13655514B38974563194217,Bissau Autonomous Sector,True,True,disjoint,False,False,
component,physical-component:ad97e6681e15f2ddeba063466cde1dd0e78d08f712ac37a304c614ddf91c0108,full,13655514B4319146558278,Setor de Galomaro,True,True,disjoint,False,False,
component,physical-component:ad97e6681e15f2ddeba063466cde1dd0e78d08f712ac37a304c614ddf91c0108,full,13655514B44985576134462,Setor de Uno,True,True,positive-area,False,False,component:physical-component:ad97e6681e15f2ddeba063466cde1dd0e78d08f712ac37a304c614ddf91c0108|full:13655514B44985576134462
component,physical-component:ad97e6681e15f2ddeba063466cde1dd0e78d08f712ac37a304c614ddf91c0108,full,13655514B47112439721810,Setor de Nhacra,True,True,disjoint,False,False,
component,physical-component:ad97e6681e15f2ddeba063466cde1dd0e78d08f712ac37a304c614ddf91c0108,full,13655514B47480576799194,Setor de Sonaco,True,True,disjoint,False,False,
component,physical-component:ad97e6681e15f2ddeba063466cde1dd0e78d08f712ac37a304c614ddf91c0108,full,13655514B48763126228848,Setor de Bedanda,True,True,disjoint,False,False,
component,physical-component:ad97e6681e15f2ddeba063466cde1dd0e78d08f712ac37a304c614ddf91c0108,full,13655514B49812801634354,Setor de Mansaba,True,True,disjoint,False,False,
component,physical-component:ad97e6681e15f2ddeba063466cde1dd0e78d08f712ac37a304c614ddf91c0108,full,13655514B51179315853055,Contuboel,True,True,disjoint,False,False,
component,physical-component:ad97e6681e15f2ddeba063466cde1dd0e78d08f712ac37a304c614ddf91c0108,full,13655514B53615250576563,Setor de Prabis,True,True,disjoint,False,False,
component,physical-component:ad97e6681e15f2ddeba063466cde1dd0e78d08f712ac37a304c614ddf91c0108,full,13655514B57644193184055,Setor de Farim,True,True,disjoint,False,False,
component,physical-component:ad97e6681e15f2ddeba063466cde1dd0e78d08f712ac37a304c614ddf91c0108,full,13655514B57740331915335,Setor de Bissora,True,True,disjoint,False,False,
component,physical-component:ad97e6681e15f2ddeba063466cde1dd0e78d08f712ac37a304c614ddf91c0108,full,13655514B59106895169358,Setor de Caravela,True,True,disjoint,False,False,
component,physical-component:ad97e6681e15f2ddeba063466cde1dd0e78d08f712ac37a304c614ddf91c0108,full,13655514B65296626482863,Setor de Gabv,True,True,disjoint,False,False,
component,physical-component:ad97e6681e15f2ddeba063466cde1dd0e78d08f712ac37a304c614ddf91c0108,full,13655514B65471558325414,Setor de Xitole,True,True,disjoint,False,False,
component,physical-component:ad97e6681e15f2ddeba063466cde1dd0e78d08f712ac37a304c614ddf91c0108,full,13655514B65726406107890,Setor de Gamamundo,True,True,disjoint,False,False,
component,physical-component:ad97e6681e15f2ddeba063466cde1dd0e78d08f712ac37a304c614ddf91c0108,full,13655514B65757043009502,Setor de Safim,True,True,disjoint,False,False,
component,physical-component:ad97e6681e15f2ddeba063466cde1dd0e78d08f712ac37a304c614ddf91c0108,full,13655514B66751603958816,Setor de Quinh,True,True,disjoint,False,False,
component,physical-component:ad97e6681e15f2ddeba063466cde1dd0e78d08f712ac37a304c614ddf91c0108,full,13655514B71925291750028,Setor de Cacine,True,True,disjoint,False,False,
component,physical-component:ad97e6681e15f2ddeba063466cde1dd0e78d08f712ac37a304c614ddf91c0108,full,13655514B76388735674013,Setor de Bigene,True,True,disjoint,False,False,
component,physical-component:ad97e6681e15f2ddeba063466cde1dd0e78d08f712ac37a304c614ddf91c0108,full,13655514B77006902429960,Setor de Bolama,True,True,disjoint,False,False,
component,physical-component:ad97e6681e15f2ddeba063466cde1dd0e78d08f712ac37a304c614ddf91c0108,full,13655514B8216177448850,Setor de Caiv,True,True,disjoint,False,False,
component,physical-component:ad97e6681e15f2ddeba063466cde1dd0e78d08f712ac37a304c614ddf91c0108,full,13655514B91246233663569,Setor de Canghungo,True,True,disjoint,False,False,
component,physical-component:ad97e6681e15f2ddeba063466cde1dd0e78d08f712ac37a304c614ddf91c0108,full,13655514B91994517778696,Setor de Sto Domingos,True,True,disjoint,False,False,
component,physical-component:ad97e6681e15f2ddeba063466cde1dd0e78d08f712ac37a304c614ddf91c0108,full,13655514B9524670555472,Setor de Fulacunda,True,True,disjoint,False,False,
component,physical-component:ad97e6681e15f2ddeba063466cde1dd0e78d08f712ac37a304c614ddf91c0108,full,13655514B95678269815128,Setor de Cacheu,True,True,disjoint,False,False,
component,physical-component:ad97e6681e15f2ddeba063466cde1dd0e78d08f712ac37a304c614ddf91c0108,full,13655514B97576906537580,Setor de Pitche,True,True,disjoint,False,False,
component,physical-component:ad97e6681e15f2ddeba063466cde1dd0e78d08f712ac37a304c614ddf91c0108,full,13655514B98496568253651,Setor de Bubaque,True,True,disjoint,False,False,
component,physical-component:ad97e6681e15f2ddeba063466cde1dd0e78d08f712ac37a304c614ddf91c0108,full,13655514B99052541590952,Setor de Boe,True,True,disjoint,False,False,
component,physical-component:ad97e6681e15f2ddeba063466cde1dd0e78d08f712ac37a304c614ddf91c0108,simplified,13655514B11561761851968,Setor de Bula,True,True,disjoint,False,False,
component,physical-component:ad97e6681e15f2ddeba063466cde1dd0e78d08f712ac37a304c614ddf91c0108,simplified,13655514B12793543239296,Setor de Quebo,True,True,disjoint,False,False,
component,physical-component:ad97e6681e15f2ddeba063466cde1dd0e78d08f712ac37a304c614ddf91c0108,simplified,13655514B15077734082289,Setor de Bafata,True,True,disjoint,False,False,
component,physical-component:ad97e6681e15f2ddeba063466cde1dd0e78d08f712ac37a304c614ddf91c0108,simplified,13655514B15408487636665,Setor de Madina do Bo˒,True,True,disjoint,False,False,
component,physical-component:ad97e6681e15f2ddeba063466cde1dd0e78d08f712ac37a304c614ddf91c0108,simplified,13655514B16168252486838,Setor de Pirada,True,True,disjoint,False,False,
component,physical-component:ad97e6681e15f2ddeba063466cde1dd0e78d08f712ac37a304c614ddf91c0108,simplified,13655514B168355566476,Setor de Bambadinca,True,True,disjoint,False,False,
component,physical-component:ad97e6681e15f2ddeba063466cde1dd0e78d08f712ac37a304c614ddf91c0108,simplified,13655514B24413703823033,Setor de Catie,True,True,disjoint,False,False,
component,physical-component:ad97e6681e15f2ddeba063466cde1dd0e78d08f712ac37a304c614ddf91c0108,simplified,13655514B30693048438959,Setor de Empada,True,True,disjoint,False,False,
component,physical-component:ad97e6681e15f2ddeba063466cde1dd0e78d08f712ac37a304c614ddf91c0108,simplified,13655514B31772276876031,Setor de Mansoa,True,True,disjoint,False,False,
component,physical-component:ad97e6681e15f2ddeba063466cde1dd0e78d08f712ac37a304c614ddf91c0108,simplified,13655514B37452641895852,Setor de Buba,True,True,disjoint,False,False,
component,physical-component:ad97e6681e15f2ddeba063466cde1dd0e78d08f712ac37a304c614ddf91c0108,simplified,13655514B37576476310465,Setor de Tite,True,True,disjoint,False,False,
component,physical-component:ad97e6681e15f2ddeba063466cde1dd0e78d08f712ac37a304c614ddf91c0108,simplified,13655514B38974563194217,Bissau Autonomous Sector,True,True,disjoint,False,False,
component,physical-component:ad97e6681e15f2ddeba063466cde1dd0e78d08f712ac37a304c614ddf91c0108,simplified,13655514B4319146558278,Setor de Galomaro,True,True,disjoint,False,False,
component,physical-component:ad97e6681e15f2ddeba063466cde1dd0e78d08f712ac37a304c614ddf91c0108,simplified,13655514B44985576134462,Setor de Uno,True,True,positive-area,False,False,component:physical-component:ad97e6681e15f2ddeba063466cde1dd0e78d08f712ac37a304c614ddf91c0108|simplified:13655514B44985576134462
component,physical-component:ad97e6681e15f2ddeba063466cde1dd0e78d08f712ac37a304c614ddf91c0108,simplified,13655514B47112439721810,Setor de Nhacra,True,True,disjoint,False,False,
component,physical-component:ad97e6681e15f2ddeba063466cde1dd0e78d08f712ac37a304c614ddf91c0108,simplified,13655514B47480576799194,Setor de Sonaco,True,True,disjoint,False,False,
component,physical-component:ad97e6681e15f2ddeba063466cde1dd0e78d08f712ac37a304c614ddf91c0108,simplified,13655514B48763126228848,Setor de Bedanda,True,True,disjoint,False,False,
component,physical-component:ad97e6681e15f2ddeba063466cde1dd0e78d08f712ac37a304c614ddf91c0108,simplified,13655514B49812801634354,Setor de Mansaba,True,True,disjoint,False,False,
component,physical-component:ad97e6681e15f2ddeba063466cde1dd0e78d08f712ac37a304c614ddf91c0108,simplified,13655514B51179315853055,Contuboel,True,True,disjoint,False,False,
component,physical-component:ad97e6681e15f2ddeba063466cde1dd0e78d08f712ac37a304c614ddf91c0108,simplified,13655514B53615250576563,Setor de Prabis,True,True,disjoint,False,False,
component,physical-component:ad97e6681e15f2ddeba063466cde1dd0e78d08f712ac37a304c614ddf91c0108,simplified,13655514B57644193184055,Setor de Farim,True,True,disjoint,False,False,
component,physical-component:ad97e6681e15f2ddeba063466cde1dd0e78d08f712ac37a304c614ddf91c0108,simplified,13655514B57740331915335,Setor de Bissora,True,True,disjoint,False,False,
component,physical-component:ad97e6681e15f2ddeba063466cde1dd0e78d08f712ac37a304c614ddf91c0108,simplified,13655514B59106895169358,Setor de Caravela,True,True,disjoint,False,False,
component,physical-component:ad97e6681e15f2ddeba063466cde1dd0e78d08f712ac37a304c614ddf91c0108,simplified,13655514B65296626482863,Setor de Gabv,True,True,disjoint,False,False,
component,physical-component:ad97e6681e15f2ddeba063466cde1dd0e78d08f712ac37a304c614ddf91c0108,simplified,13655514B65471558325414,Setor de Xitole,True,True,disjoint,False,False,
component,physical-component:ad97e6681e15f2ddeba063466cde1dd0e78d08f712ac37a304c614ddf91c0108,simplified,13655514B65726406107890,Setor de Gamamundo,True,True,disjoint,False,False,
component,physical-component:ad97e6681e15f2ddeba063466cde1dd0e78d08f712ac37a304c614ddf91c0108,simplified,13655514B65757043009502,Setor de Safim,True,True,disjoint,False,False,
component,physical-component:ad97e6681e15f2ddeba063466cde1dd0e78d08f712ac37a304c614ddf91c0108,simplified,13655514B66751603958816,Setor de Quinh,True,True,disjoint,False,False,
component,physical-component:ad97e6681e15f2ddeba063466cde1dd0e78d08f712ac37a304c614ddf91c0108,simplified,13655514B71925291750028,Setor de Cacine,True,True,disjoint,False,False,
component,physical-component:ad97e6681e15f2ddeba063466cde1dd0e78d08f712ac37a304c614ddf91c0108,simplified,13655514B76388735674013,Setor de Bigene,True,True,disjoint,False,False,
component,physical-component:ad97e6681e15f2ddeba063466cde1dd0e78d08f712ac37a304c614ddf91c0108,simplified,13655514B77006902429960,Setor de Bolama,True,True,disjoint,False,False,
component,physical-component:ad97e6681e15f2ddeba063466cde1dd0e78d08f712ac37a304c614ddf91c0108,simplified,13655514B8216177448850,Setor de Caiv,True,True,disjoint,False,False,
component,physical-component:ad97e6681e15f2ddeba063466cde1dd0e78d08f712ac37a304c614ddf91c0108,simplified,13655514B91246233663569,Setor de Canghungo,True,True,disjoint,False,False,
component,physical-component:ad97e6681e15f2ddeba063466cde1dd0e78d08f712ac37a304c614ddf91c0108,simplified,13655514B91994517778696,Setor de Sto Domingos,True,True,disjoint,False,False,
component,physical-component:ad97e6681e15f2ddeba063466cde1dd0e78d08f712ac37a304c614ddf91c0108,simplified,13655514B9524670555472,Setor de Fulacunda,True,True,disjoint,False,False,
component,physical-component:ad97e6681e15f2ddeba063466cde1dd0e78d08f712ac37a304c614ddf91c0108,simplified,13655514B95678269815128,Setor de Cacheu,True,True,disjoint,False,False,
component,physical-component:ad97e6681e15f2ddeba063466cde1dd0e78d08f712ac37a304c614ddf91c0108,simplified,13655514B97576906537580,Setor de Pitche,True,True,disjoint,False,False,
component,physical-component:ad97e6681e15f2ddeba063466cde1dd0e78d08f712ac37a304c614ddf91c0108,simplified,13655514B98496568253651,Setor de Bubaque,True,True,disjoint,False,False,
component,physical-component:ad97e6681e15f2ddeba063466cde1dd0e78d08f712ac37a304c614ddf91c0108,simplified,13655514B99052541590952,Setor de Boe,True,True,disjoint,False,False,
component,physical-component:afe2b405838b2e61a606a8c93ae5075a73aff81123ec82dbc0581948c8cd16dc,full,13655514B11561761851968,Setor de Bula,True,True,disjoint,False,False,
component,physical-component:afe2b405838b2e61a606a8c93ae5075a73aff81123ec82dbc0581948c8cd16dc,full,13655514B12793543239296,Setor de Quebo,True,True,disjoint,False,False,
component,physical-component:afe2b405838b2e61a606a8c93ae5075a73aff81123ec82dbc0581948c8cd16dc,full,13655514B15077734082289,Setor de Bafata,True,True,disjoint,False,False,
component,physical-component:afe2b405838b2e61a606a8c93ae5075a73aff81123ec82dbc0581948c8cd16dc,full,13655514B15408487636665,Setor de Madina do Bo˒,True,True,disjoint,False,False,
component,physical-component:afe2b405838b2e61a606a8c93ae5075a73aff81123ec82dbc0581948c8cd16dc,full,13655514B16168252486838,Setor de Pirada,True,True,disjoint,False,False,
component,physical-component:afe2b405838b2e61a606a8c93ae5075a73aff81123ec82dbc0581948c8cd16dc,full,13655514B168355566476,Setor de Bambadinca,True,True,disjoint,False,False,
component,physical-component:afe2b405838b2e61a606a8c93ae5075a73aff81123ec82dbc0581948c8cd16dc,full,13655514B24413703823033,Setor de Catie,True,True,disjoint,False,False,
component,physical-component:afe2b405838b2e61a606a8c93ae5075a73aff81123ec82dbc0581948c8cd16dc,full,13655514B30693048438959,Setor de Empada,True,True,disjoint,False,False,
component,physical-component:afe2b405838b2e61a606a8c93ae5075a73aff81123ec82dbc0581948c8cd16dc,full,13655514B31772276876031,Setor de Mansoa,True,True,disjoint,False,False,
component,physical-component:afe2b405838b2e61a606a8c93ae5075a73aff81123ec82dbc0581948c8cd16dc,full,13655514B37452641895852,Setor de Buba,True,True,disjoint,False,False,
component,physical-component:afe2b405838b2e61a606a8c93ae5075a73aff81123ec82dbc0581948c8cd16dc,full,13655514B37576476310465,Setor de Tite,True,True,disjoint,False,False,
component,physical-component:afe2b405838b2e61a606a8c93ae5075a73aff81123ec82dbc0581948c8cd16dc,full,13655514B38974563194217,Bissau Autonomous Sector,True,True,disjoint,False,False,
component,physical-component:afe2b405838b2e61a606a8c93ae5075a73aff81123ec82dbc0581948c8cd16dc,full,13655514B4319146558278,Setor de Galomaro,True,True,disjoint,False,False,
component,physical-component:afe2b405838b2e61a606a8c93ae5075a73aff81123ec82dbc0581948c8cd16dc,full,13655514B44985576134462,Setor de Uno,True,True,positive-area,False,False,component:physical-component:afe2b405838b2e61a606a8c93ae5075a73aff81123ec82dbc0581948c8cd16dc|full:13655514B44985576134462
component,physical-component:afe2b405838b2e61a606a8c93ae5075a73aff81123ec82dbc0581948c8cd16dc,full,13655514B47112439721810,Setor de Nhacra,True,True,disjoint,False,False,
component,physical-component:afe2b405838b2e61a606a8c93ae5075a73aff81123ec82dbc0581948c8cd16dc,full,13655514B47480576799194,Setor de Sonaco,True,True,disjoint,False,False,
component,physical-component:afe2b405838b2e61a606a8c93ae5075a73aff81123ec82dbc0581948c8cd16dc,full,13655514B48763126228848,Setor de Bedanda,True,True,disjoint,False,False,
component,physical-component:afe2b405838b2e61a606a8c93ae5075a73aff81123ec82dbc0581948c8cd16dc,full,13655514B49812801634354,Setor de Mansaba,True,True,disjoint,False,False,
component,physical-component:afe2b405838b2e61a606a8c93ae5075a73aff81123ec82dbc0581948c8cd16dc,full,13655514B51179315853055,Contuboel,True,True,disjoint,False,False,
component,physical-component:afe2b405838b2e61a606a8c93ae5075a73aff81123ec82dbc0581948c8cd16dc,full,13655514B53615250576563,Setor de Prabis,True,True,disjoint,False,False,
component,physical-component:afe2b405838b2e61a606a8c93ae5075a73aff81123ec82dbc0581948c8cd16dc,full,13655514B57644193184055,Setor de Farim,True,True,disjoint,False,False,
component,physical-component:afe2b405838b2e61a606a8c93ae5075a73aff81123ec82dbc0581948c8cd16dc,full,13655514B57740331915335,Setor de Bissora,True,True,disjoint,False,False,
component,physical-component:afe2b405838b2e61a606a8c93ae5075a73aff81123ec82dbc0581948c8cd16dc,full,13655514B59106895169358,Setor de Caravela,True,True,disjoint,False,False,
component,physical-component:afe2b405838b2e61a606a8c93ae5075a73aff81123ec82dbc0581948c8cd16dc,full,13655514B65296626482863,Setor de Gabv,True,True,disjoint,False,False,
component,physical-component:afe2b405838b2e61a606a8c93ae5075a73aff81123ec82dbc0581948c8cd16dc,full,13655514B65471558325414,Setor de Xitole,True,True,disjoint,False,False,
component,physical-component:afe2b405838b2e61a606a8c93ae5075a73aff81123ec82dbc0581948c8cd16dc,full,13655514B65726406107890,Setor de Gamamundo,True,True,disjoint,False,False,
component,physical-component:afe2b405838b2e61a606a8c93ae5075a73aff81123ec82dbc0581948c8cd16dc,full,13655514B65757043009502,Setor de Safim,True,True,disjoint,False,False,
component,physical-component:afe2b405838b2e61a606a8c93ae5075a73aff81123ec82dbc0581948c8cd16dc,full,13655514B66751603958816,Setor de Quinh,True,True,disjoint,False,False,
component,physical-component:afe2b405838b2e61a606a8c93ae5075a73aff81123ec82dbc0581948c8cd16dc,full,13655514B71925291750028,Setor de Cacine,True,True,disjoint,False,False,
component,physical-component:afe2b405838b2e61a606a8c93ae5075a73aff81123ec82dbc0581948c8cd16dc,full,13655514B76388735674013,Setor de Bigene,True,True,disjoint,False,False,
component,physical-component:afe2b405838b2e61a606a8c93ae5075a73aff81123ec82dbc0581948c8cd16dc,full,13655514B77006902429960,Setor de Bolama,True,True,disjoint,False,False,
component,physical-component:afe2b405838b2e61a606a8c93ae5075a73aff81123ec82dbc0581948c8cd16dc,full,13655514B8216177448850,Setor de Caiv,True,True,disjoint,False,False,
component,physical-component:afe2b405838b2e61a606a8c93ae5075a73aff81123ec82dbc0581948c8cd16dc,full,13655514B91246233663569,Setor de Canghungo,True,True,disjoint,False,False,
component,physical-component:afe2b405838b2e61a606a8c93ae5075a73aff81123ec82dbc0581948c8cd16dc,full,13655514B91994517778696,Setor de Sto Domingos,True,True,disjoint,False,False,
component,physical-component:afe2b405838b2e61a606a8c93ae5075a73aff81123ec82dbc0581948c8cd16dc,full,13655514B9524670555472,Setor de Fulacunda,True,True,disjoint,False,False,
component,physical-component:afe2b405838b2e61a606a8c93ae5075a73aff81123ec82dbc0581948c8cd16dc,full,13655514B95678269815128,Setor de Cacheu,True,True,disjoint,False,False,
component,physical-component:afe2b405838b2e61a606a8c93ae5075a73aff81123ec82dbc0581948c8cd16dc,full,13655514B97576906537580,Setor de Pitche,True,True,disjoint,False,False,
component,physical-component:afe2b405838b2e61a606a8c93ae5075a73aff81123ec82dbc0581948c8cd16dc,full,13655514B98496568253651,Setor de Bubaque,True,True,disjoint,False,False,
component,physical-component:afe2b405838b2e61a606a8c93ae5075a73aff81123ec82dbc0581948c8cd16dc,full,13655514B99052541590952,Setor de Boe,True,True,disjoint,False,False,
component,physical-component:afe2b405838b2e61a606a8c93ae5075a73aff81123ec82dbc0581948c8cd16dc,simplified,13655514B11561761851968,Setor de Bula,True,True,disjoint,False,False,
component,physical-component:afe2b405838b2e61a606a8c93ae5075a73aff81123ec82dbc0581948c8cd16dc,simplified,13655514B12793543239296,Setor de Quebo,True,True,disjoint,False,False,
component,physical-component:afe2b405838b2e61a606a8c93ae5075a73aff81123ec82dbc0581948c8cd16dc,simplified,13655514B15077734082289,Setor de Bafata,True,True,disjoint,False,False,
component,physical-component:afe2b405838b2e61a606a8c93ae5075a73aff81123ec82dbc0581948c8cd16dc,simplified,13655514B15408487636665,Setor de Madina do Bo˒,True,True,disjoint,False,False,
component,physical-component:afe2b405838b2e61a606a8c93ae5075a73aff81123ec82dbc0581948c8cd16dc,simplified,13655514B16168252486838,Setor de Pirada,True,True,disjoint,False,False,
component,physical-component:afe2b405838b2e61a606a8c93ae5075a73aff81123ec82dbc0581948c8cd16dc,simplified,13655514B168355566476,Setor de Bambadinca,True,True,disjoint,False,False,
component,physical-component:afe2b405838b2e61a606a8c93ae5075a73aff81123ec82dbc0581948c8cd16dc,simplified,13655514B24413703823033,Setor de Catie,True,True,disjoint,False,False,
component,physical-component:afe2b405838b2e61a606a8c93ae5075a73aff81123ec82dbc0581948c8cd16dc,simplified,13655514B30693048438959,Setor de Empada,True,True,disjoint,False,False,
component,physical-component:afe2b405838b2e61a606a8c93ae5075a73aff81123ec82dbc0581948c8cd16dc,simplified,13655514B31772276876031,Setor de Mansoa,True,True,disjoint,False,False,
component,physical-component:afe2b405838b2e61a606a8c93ae5075a73aff81123ec82dbc0581948c8cd16dc,simplified,13655514B37452641895852,Setor de Buba,True,True,disjoint,False,False,
component,physical-component:afe2b405838b2e61a606a8c93ae5075a73aff81123ec82dbc0581948c8cd16dc,simplified,13655514B37576476310465,Setor de Tite,True,True,disjoint,False,False,
component,physical-component:afe2b405838b2e61a606a8c93ae5075a73aff81123ec82dbc0581948c8cd16dc,simplified,13655514B38974563194217,Bissau Autonomous Sector,True,True,disjoint,False,False,
component,physical-component:afe2b405838b2e61a606a8c93ae5075a73aff81123ec82dbc0581948c8cd16dc,simplified,13655514B4319146558278,Setor de Galomaro,True,True,disjoint,False,False,
component,physical-component:afe2b405838b2e61a606a8c93ae5075a73aff81123ec82dbc0581948c8cd16dc,simplified,13655514B44985576134462,Setor de Uno,True,True,positive-area,False,False,component:physical-component:afe2b405838b2e61a606a8c93ae5075a73aff81123ec82dbc0581948c8cd16dc|simplified:13655514B44985576134462
component,physical-component:afe2b405838b2e61a606a8c93ae5075a73aff81123ec82dbc0581948c8cd16dc,simplified,13655514B47112439721810,Setor de Nhacra,True,True,disjoint,False,False,
component,physical-component:afe2b405838b2e61a606a8c93ae5075a73aff81123ec82dbc0581948c8cd16dc,simplified,13655514B47480576799194,Setor de Sonaco,True,True,disjoint,False,False,
component,physical-component:afe2b405838b2e61a606a8c93ae5075a73aff81123ec82dbc0581948c8cd16dc,simplified,13655514B48763126228848,Setor de Bedanda,True,True,disjoint,False,False,
component,physical-component:afe2b405838b2e61a606a8c93ae5075a73aff81123ec82dbc0581948c8cd16dc,simplified,13655514B49812801634354,Setor de Mansaba,True,True,disjoint,False,False,
component,physical-component:afe2b405838b2e61a606a8c93ae5075a73aff81123ec82dbc0581948c8cd16dc,simplified,13655514B51179315853055,Contuboel,True,True,disjoint,False,False,
component,physical-component:afe2b405838b2e61a606a8c93ae5075a73aff81123ec82dbc0581948c8cd16dc,simplified,13655514B53615250576563,Setor de Prabis,True,True,disjoint,False,False,
component,physical-component:afe2b405838b2e61a606a8c93ae5075a73aff81123ec82dbc0581948c8cd16dc,simplified,13655514B57644193184055,Setor de Farim,True,True,disjoint,False,False,
component,physical-component:afe2b405838b2e61a606a8c93ae5075a73aff81123ec82dbc0581948c8cd16dc,simplified,13655514B57740331915335,Setor de Bissora,True,True,disjoint,False,False,
component,physical-component:afe2b405838b2e61a606a8c93ae5075a73aff81123ec82dbc0581948c8cd16dc,simplified,13655514B59106895169358,Setor de Caravela,True,True,disjoint,False,False,
component,physical-component:afe2b405838b2e61a606a8c93ae5075a73aff81123ec82dbc0581948c8cd16dc,simplified,13655514B65296626482863,Setor de Gabv,True,True,disjoint,False,False,
component,physical-component:afe2b405838b2e61a606a8c93ae5075a73aff81123ec82dbc0581948c8cd16dc,simplified,13655514B65471558325414,Setor de Xitole,True,True,disjoint,False,False,
component,physical-component:afe2b405838b2e61a606a8c93ae5075a73aff81123ec82dbc0581948c8cd16dc,simplified,13655514B65726406107890,Setor de Gamamundo,True,True,disjoint,False,False,
component,physical-component:afe2b405838b2e61a606a8c93ae5075a73aff81123ec82dbc0581948c8cd16dc,simplified,13655514B65757043009502,Setor de Safim,True,True,disjoint,False,False,
component,physical-component:afe2b405838b2e61a606a8c93ae5075a73aff81123ec82dbc0581948c8cd16dc,simplified,13655514B66751603958816,Setor de Quinh,True,True,disjoint,False,False,
component,physical-component:afe2b405838b2e61a606a8c93ae5075a73aff81123ec82dbc0581948c8cd16dc,simplified,13655514B71925291750028,Setor de Cacine,True,True,disjoint,False,False,
component,physical-component:afe2b405838b2e61a606a8c93ae5075a73aff81123ec82dbc0581948c8cd16dc,simplified,13655514B76388735674013,Setor de Bigene,True,True,disjoint,False,False,
component,physical-component:afe2b405838b2e61a606a8c93ae5075a73aff81123ec82dbc0581948c8cd16dc,simplified,13655514B77006902429960,Setor de Bolama,True,True,disjoint,False,False,
component,physical-component:afe2b405838b2e61a606a8c93ae5075a73aff81123ec82dbc0581948c8cd16dc,simplified,13655514B8216177448850,Setor de Caiv,True,True,disjoint,False,False,
component,physical-component:afe2b405838b2e61a606a8c93ae5075a73aff81123ec82dbc0581948c8cd16dc,simplified,13655514B91246233663569,Setor de Canghungo,True,True,disjoint,False,False,
component,physical-component:afe2b405838b2e61a606a8c93ae5075a73aff81123ec82dbc0581948c8cd16dc,simplified,13655514B91994517778696,Setor de Sto Domingos,True,True,disjoint,False,False,
component,physical-component:afe2b405838b2e61a606a8c93ae5075a73aff81123ec82dbc0581948c8cd16dc,simplified,13655514B9524670555472,Setor de Fulacunda,True,True,disjoint,False,False,
component,physical-component:afe2b405838b2e61a606a8c93ae5075a73aff81123ec82dbc0581948c8cd16dc,simplified,13655514B95678269815128,Setor de Cacheu,True,True,disjoint,False,False,
component,physical-component:afe2b405838b2e61a606a8c93ae5075a73aff81123ec82dbc0581948c8cd16dc,simplified,13655514B97576906537580,Setor de Pitche,True,True,disjoint,False,False,
component,physical-component:afe2b405838b2e61a606a8c93ae5075a73aff81123ec82dbc0581948c8cd16dc,simplified,13655514B98496568253651,Setor de Bubaque,True,True,disjoint,False,False,
component,physical-component:afe2b405838b2e61a606a8c93ae5075a73aff81123ec82dbc0581948c8cd16dc,simplified,13655514B99052541590952,Setor de Boe,True,True,disjoint,False,False,
component,physical-component:c31b9d3ed3d27472293bb0ccd2e7f882e16de77e949c0a48559671d64b63bb85,full,13655514B11561761851968,Setor de Bula,True,True,disjoint,False,False,
component,physical-component:c31b9d3ed3d27472293bb0ccd2e7f882e16de77e949c0a48559671d64b63bb85,full,13655514B12793543239296,Setor de Quebo,True,True,disjoint,False,False,
component,physical-component:c31b9d3ed3d27472293bb0ccd2e7f882e16de77e949c0a48559671d64b63bb85,full,13655514B15077734082289,Setor de Bafata,True,True,disjoint,False,False,
component,physical-component:c31b9d3ed3d27472293bb0ccd2e7f882e16de77e949c0a48559671d64b63bb85,full,13655514B15408487636665,Setor de Madina do Bo˒,True,True,disjoint,False,False,
component,physical-component:c31b9d3ed3d27472293bb0ccd2e7f882e16de77e949c0a48559671d64b63bb85,full,13655514B16168252486838,Setor de Pirada,True,True,disjoint,False,False,
component,physical-component:c31b9d3ed3d27472293bb0ccd2e7f882e16de77e949c0a48559671d64b63bb85,full,13655514B168355566476,Setor de Bambadinca,True,True,disjoint,False,False,
component,physical-component:c31b9d3ed3d27472293bb0ccd2e7f882e16de77e949c0a48559671d64b63bb85,full,13655514B24413703823033,Setor de Catie,True,True,disjoint,False,False,
component,physical-component:c31b9d3ed3d27472293bb0ccd2e7f882e16de77e949c0a48559671d64b63bb85,full,13655514B30693048438959,Setor de Empada,True,True,disjoint,False,False,
component,physical-component:c31b9d3ed3d27472293bb0ccd2e7f882e16de77e949c0a48559671d64b63bb85,full,13655514B31772276876031,Setor de Mansoa,True,True,disjoint,False,False,
component,physical-component:c31b9d3ed3d27472293bb0ccd2e7f882e16de77e949c0a48559671d64b63bb85,full,13655514B37452641895852,Setor de Buba,True,True,disjoint,False,False,
component,physical-component:c31b9d3ed3d27472293bb0ccd2e7f882e16de77e949c0a48559671d64b63bb85,full,13655514B37576476310465,Setor de Tite,True,True,disjoint,False,False,
component,physical-component:c31b9d3ed3d27472293bb0ccd2e7f882e16de77e949c0a48559671d64b63bb85,full,13655514B38974563194217,Bissau Autonomous Sector,True,True,disjoint,False,False,
component,physical-component:c31b9d3ed3d27472293bb0ccd2e7f882e16de77e949c0a48559671d64b63bb85,full,13655514B4319146558278,Setor de Galomaro,True,True,disjoint,False,False,
component,physical-component:c31b9d3ed3d27472293bb0ccd2e7f882e16de77e949c0a48559671d64b63bb85,full,13655514B44985576134462,Setor de Uno,True,True,disjoint,False,False,
component,physical-component:c31b9d3ed3d27472293bb0ccd2e7f882e16de77e949c0a48559671d64b63bb85,full,13655514B47112439721810,Setor de Nhacra,True,True,disjoint,False,False,
component,physical-component:c31b9d3ed3d27472293bb0ccd2e7f882e16de77e949c0a48559671d64b63bb85,full,13655514B47480576799194,Setor de Sonaco,True,True,disjoint,False,False,
component,physical-component:c31b9d3ed3d27472293bb0ccd2e7f882e16de77e949c0a48559671d64b63bb85,full,13655514B48763126228848,Setor de Bedanda,True,True,disjoint,False,False,
component,physical-component:c31b9d3ed3d27472293bb0ccd2e7f882e16de77e949c0a48559671d64b63bb85,full,13655514B49812801634354,Setor de Mansaba,True,True,disjoint,False,False,
component,physical-component:c31b9d3ed3d27472293bb0ccd2e7f882e16de77e949c0a48559671d64b63bb85,full,13655514B51179315853055,Contuboel,True,True,disjoint,False,False,
component,physical-component:c31b9d3ed3d27472293bb0ccd2e7f882e16de77e949c0a48559671d64b63bb85,full,13655514B53615250576563,Setor de Prabis,True,True,disjoint,False,False,
component,physical-component:c31b9d3ed3d27472293bb0ccd2e7f882e16de77e949c0a48559671d64b63bb85,full,13655514B57644193184055,Setor de Farim,True,True,disjoint,False,False,
component,physical-component:c31b9d3ed3d27472293bb0ccd2e7f882e16de77e949c0a48559671d64b63bb85,full,13655514B57740331915335,Setor de Bissora,True,True,disjoint,False,False,
component,physical-component:c31b9d3ed3d27472293bb0ccd2e7f882e16de77e949c0a48559671d64b63bb85,full,13655514B59106895169358,Setor de Caravela,True,True,positive-area,False,False,component:physical-component:c31b9d3ed3d27472293bb0ccd2e7f882e16de77e949c0a48559671d64b63bb85|full:13655514B59106895169358
component,physical-component:c31b9d3ed3d27472293bb0ccd2e7f882e16de77e949c0a48559671d64b63bb85,full,13655514B65296626482863,Setor de Gabv,True,True,disjoint,False,False,
component,physical-component:c31b9d3ed3d27472293bb0ccd2e7f882e16de77e949c0a48559671d64b63bb85,full,13655514B65471558325414,Setor de Xitole,True,True,disjoint,False,False,
component,physical-component:c31b9d3ed3d27472293bb0ccd2e7f882e16de77e949c0a48559671d64b63bb85,full,13655514B65726406107890,Setor de Gamamundo,True,True,disjoint,False,False,
component,physical-component:c31b9d3ed3d27472293bb0ccd2e7f882e16de77e949c0a48559671d64b63bb85,full,13655514B65757043009502,Setor de Safim,True,True,disjoint,False,False,
component,physical-component:c31b9d3ed3d27472293bb0ccd2e7f882e16de77e949c0a48559671d64b63bb85,full,13655514B66751603958816,Setor de Quinh,True,True,disjoint,False,False,
component,physical-component:c31b9d3ed3d27472293bb0ccd2e7f882e16de77e949c0a48559671d64b63bb85,full,13655514B71925291750028,Setor de Cacine,True,True,disjoint,False,False,
component,physical-component:c31b9d3ed3d27472293bb0ccd2e7f882e16de77e949c0a48559671d64b63bb85,full,13655514B76388735674013,Setor de Bigene,True,True,disjoint,False,False,
component,physical-component:c31b9d3ed3d27472293bb0ccd2e7f882e16de77e949c0a48559671d64b63bb85,full,13655514B77006902429960,Setor de Bolama,True,True,disjoint,False,False,
component,physical-component:c31b9d3ed3d27472293bb0ccd2e7f882e16de77e949c0a48559671d64b63bb85,full,13655514B8216177448850,Setor de Caiv,True,True,disjoint,False,False,
component,physical-component:c31b9d3ed3d27472293bb0ccd2e7f882e16de77e949c0a48559671d64b63bb85,full,13655514B91246233663569,Setor de Canghungo,True,True,disjoint,False,False,
component,physical-component:c31b9d3ed3d27472293bb0ccd2e7f882e16de77e949c0a48559671d64b63bb85,full,13655514B91994517778696,Setor de Sto Domingos,True,True,disjoint,False,False,
component,physical-component:c31b9d3ed3d27472293bb0ccd2e7f882e16de77e949c0a48559671d64b63bb85,full,13655514B9524670555472,Setor de Fulacunda,True,True,disjoint,False,False,
component,physical-component:c31b9d3ed3d27472293bb0ccd2e7f882e16de77e949c0a48559671d64b63bb85,full,13655514B95678269815128,Setor de Cacheu,True,True,disjoint,False,False,
component,physical-component:c31b9d3ed3d27472293bb0ccd2e7f882e16de77e949c0a48559671d64b63bb85,full,13655514B97576906537580,Setor de Pitche,True,True,disjoint,False,False,
component,physical-component:c31b9d3ed3d27472293bb0ccd2e7f882e16de77e949c0a48559671d64b63bb85,full,13655514B98496568253651,Setor de Bubaque,True,True,disjoint,False,False,
component,physical-component:c31b9d3ed3d27472293bb0ccd2e7f882e16de77e949c0a48559671d64b63bb85,full,13655514B99052541590952,Setor de Boe,True,True,disjoint,False,False,
component,physical-component:c31b9d3ed3d27472293bb0ccd2e7f882e16de77e949c0a48559671d64b63bb85,simplified,13655514B11561761851968,Setor de Bula,True,True,disjoint,False,False,
component,physical-component:c31b9d3ed3d27472293bb0ccd2e7f882e16de77e949c0a48559671d64b63bb85,simplified,13655514B12793543239296,Setor de Quebo,True,True,disjoint,False,False,
component,physical-component:c31b9d3ed3d27472293bb0ccd2e7f882e16de77e949c0a48559671d64b63bb85,simplified,13655514B15077734082289,Setor de Bafata,True,True,disjoint,False,False,
component,physical-component:c31b9d3ed3d27472293bb0ccd2e7f882e16de77e949c0a48559671d64b63bb85,simplified,13655514B15408487636665,Setor de Madina do Bo˒,True,True,disjoint,False,False,
component,physical-component:c31b9d3ed3d27472293bb0ccd2e7f882e16de77e949c0a48559671d64b63bb85,simplified,13655514B16168252486838,Setor de Pirada,True,True,disjoint,False,False,
component,physical-component:c31b9d3ed3d27472293bb0ccd2e7f882e16de77e949c0a48559671d64b63bb85,simplified,13655514B168355566476,Setor de Bambadinca,True,True,disjoint,False,False,
component,physical-component:c31b9d3ed3d27472293bb0ccd2e7f882e16de77e949c0a48559671d64b63bb85,simplified,13655514B24413703823033,Setor de Catie,True,True,disjoint,False,False,
component,physical-component:c31b9d3ed3d27472293bb0ccd2e7f882e16de77e949c0a48559671d64b63bb85,simplified,13655514B30693048438959,Setor de Empada,True,True,disjoint,False,False,
component,physical-component:c31b9d3ed3d27472293bb0ccd2e7f882e16de77e949c0a48559671d64b63bb85,simplified,13655514B31772276876031,Setor de Mansoa,True,True,disjoint,False,False,
component,physical-component:c31b9d3ed3d27472293bb0ccd2e7f882e16de77e949c0a48559671d64b63bb85,simplified,13655514B37452641895852,Setor de Buba,True,True,disjoint,False,False,
component,physical-component:c31b9d3ed3d27472293bb0ccd2e7f882e16de77e949c0a48559671d64b63bb85,simplified,13655514B37576476310465,Setor de Tite,True,True,disjoint,False,False,
component,physical-component:c31b9d3ed3d27472293bb0ccd2e7f882e16de77e949c0a48559671d64b63bb85,simplified,13655514B38974563194217,Bissau Autonomous Sector,True,True,disjoint,False,False,
component,physical-component:c31b9d3ed3d27472293bb0ccd2e7f882e16de77e949c0a48559671d64b63bb85,simplified,13655514B4319146558278,Setor de Galomaro,True,True,disjoint,False,False,
component,physical-component:c31b9d3ed3d27472293bb0ccd2e7f882e16de77e949c0a48559671d64b63bb85,simplified,13655514B44985576134462,Setor de Uno,True,True,disjoint,False,False,
component,physical-component:c31b9d3ed3d27472293bb0ccd2e7f882e16de77e949c0a48559671d64b63bb85,simplified,13655514B47112439721810,Setor de Nhacra,True,True,disjoint,False,False,
component,physical-component:c31b9d3ed3d27472293bb0ccd2e7f882e16de77e949c0a48559671d64b63bb85,simplified,13655514B47480576799194,Setor de Sonaco,True,True,disjoint,False,False,
component,physical-component:c31b9d3ed3d27472293bb0ccd2e7f882e16de77e949c0a48559671d64b63bb85,simplified,13655514B48763126228848,Setor de Bedanda,True,True,disjoint,False,False,
component,physical-component:c31b9d3ed3d27472293bb0ccd2e7f882e16de77e949c0a48559671d64b63bb85,simplified,13655514B49812801634354,Setor de Mansaba,True,True,disjoint,False,False,
component,physical-component:c31b9d3ed3d27472293bb0ccd2e7f882e16de77e949c0a48559671d64b63bb85,simplified,13655514B51179315853055,Contuboel,True,True,disjoint,False,False,
component,physical-component:c31b9d3ed3d27472293bb0ccd2e7f882e16de77e949c0a48559671d64b63bb85,simplified,13655514B53615250576563,Setor de Prabis,True,True,disjoint,False,False,
component,physical-component:c31b9d3ed3d27472293bb0ccd2e7f882e16de77e949c0a48559671d64b63bb85,simplified,13655514B57644193184055,Setor de Farim,True,True,disjoint,False,False,
component,physical-component:c31b9d3ed3d27472293bb0ccd2e7f882e16de77e949c0a48559671d64b63bb85,simplified,13655514B57740331915335,Setor de Bissora,True,True,disjoint,False,False,
component,physical-component:c31b9d3ed3d27472293bb0ccd2e7f882e16de77e949c0a48559671d64b63bb85,simplified,13655514B59106895169358,Setor de Caravela,True,True,positive-area,False,False,component:physical-component:c31b9d3ed3d27472293bb0ccd2e7f882e16de77e949c0a48559671d64b63bb85|simplified:13655514B59106895169358
component,physical-component:c31b9d3ed3d27472293bb0ccd2e7f882e16de77e949c0a48559671d64b63bb85,simplified,13655514B65296626482863,Setor de Gabv,True,True,disjoint,False,False,
component,physical-component:c31b9d3ed3d27472293bb0ccd2e7f882e16de77e949c0a48559671d64b63bb85,simplified,13655514B65471558325414,Setor de Xitole,True,True,disjoint,False,False,
component,physical-component:c31b9d3ed3d27472293bb0ccd2e7f882e16de77e949c0a48559671d64b63bb85,simplified,13655514B65726406107890,Setor de Gamamundo,True,True,disjoint,False,False,
component,physical-component:c31b9d3ed3d27472293bb0ccd2e7f882e16de77e949c0a48559671d64b63bb85,simplified,13655514B65757043009502,Setor de Safim,True,True,disjoint,False,False,
component,physical-component:c31b9d3ed3d27472293bb0ccd2e7f882e16de77e949c0a48559671d64b63bb85,simplified,13655514B66751603958816,Setor de Quinh,True,True,disjoint,False,False,
component,physical-component:c31b9d3ed3d27472293bb0ccd2e7f882e16de77e949c0a48559671d64b63bb85,simplified,13655514B71925291750028,Setor de Cacine,True,True,disjoint,False,False,
component,physical-component:c31b9d3ed3d27472293bb0ccd2e7f882e16de77e949c0a48559671d64b63bb85,simplified,13655514B76388735674013,Setor de Bigene,True,True,disjoint,False,False,
component,physical-component:c31b9d3ed3d27472293bb0ccd2e7f882e16de77e949c0a48559671d64b63bb85,simplified,13655514B77006902429960,Setor de Bolama,True,True,disjoint,False,False,
component,physical-component:c31b9d3ed3d27472293bb0ccd2e7f882e16de77e949c0a48559671d64b63bb85,simplified,13655514B8216177448850,Setor de Caiv,True,True,disjoint,False,False,
component,physical-component:c31b9d3ed3d27472293bb0ccd2e7f882e16de77e949c0a48559671d64b63bb85,simplified,13655514B91246233663569,Setor de Canghungo,True,True,disjoint,False,False,
component,physical-component:c31b9d3ed3d27472293bb0ccd2e7f882e16de77e949c0a48559671d64b63bb85,simplified,13655514B91994517778696,Setor de Sto Domingos,True,True,disjoint,False,False,
component,physical-component:c31b9d3ed3d27472293bb0ccd2e7f882e16de77e949c0a48559671d64b63bb85,simplified,13655514B9524670555472,Setor de Fulacunda,True,True,disjoint,False,False,
component,physical-component:c31b9d3ed3d27472293bb0ccd2e7f882e16de77e949c0a48559671d64b63bb85,simplified,13655514B95678269815128,Setor de Cacheu,True,True,disjoint,False,False,
component,physical-component:c31b9d3ed3d27472293bb0ccd2e7f882e16de77e949c0a48559671d64b63bb85,simplified,13655514B97576906537580,Setor de Pitche,True,True,disjoint,False,False,
component,physical-component:c31b9d3ed3d27472293bb0ccd2e7f882e16de77e949c0a48559671d64b63bb85,simplified,13655514B98496568253651,Setor de Bubaque,True,True,disjoint,False,False,
component,physical-component:c31b9d3ed3d27472293bb0ccd2e7f882e16de77e949c0a48559671d64b63bb85,simplified,13655514B99052541590952,Setor de Boe,True,True,disjoint,False,False,
component,physical-component:caf626fbd27b7331f702febf15f0c147183aa1897feb9e0ce9734df63cb5f4ec,full,13655514B11561761851968,Setor de Bula,True,True,disjoint,False,False,
component,physical-component:caf626fbd27b7331f702febf15f0c147183aa1897feb9e0ce9734df63cb5f4ec,full,13655514B12793543239296,Setor de Quebo,True,True,disjoint,False,False,
component,physical-component:caf626fbd27b7331f702febf15f0c147183aa1897feb9e0ce9734df63cb5f4ec,full,13655514B15077734082289,Setor de Bafata,True,True,disjoint,False,False,
component,physical-component:caf626fbd27b7331f702febf15f0c147183aa1897feb9e0ce9734df63cb5f4ec,full,13655514B15408487636665,Setor de Madina do Bo˒,True,True,disjoint,False,False,
component,physical-component:caf626fbd27b7331f702febf15f0c147183aa1897feb9e0ce9734df63cb5f4ec,full,13655514B16168252486838,Setor de Pirada,True,True,disjoint,False,False,
component,physical-component:caf626fbd27b7331f702febf15f0c147183aa1897feb9e0ce9734df63cb5f4ec,full,13655514B168355566476,Setor de Bambadinca,True,True,disjoint,False,False,
component,physical-component:caf626fbd27b7331f702febf15f0c147183aa1897feb9e0ce9734df63cb5f4ec,full,13655514B24413703823033,Setor de Catie,True,True,disjoint,False,False,
component,physical-component:caf626fbd27b7331f702febf15f0c147183aa1897feb9e0ce9734df63cb5f4ec,full,13655514B30693048438959,Setor de Empada,True,True,disjoint,False,False,
component,physical-component:caf626fbd27b7331f702febf15f0c147183aa1897feb9e0ce9734df63cb5f4ec,full,13655514B31772276876031,Setor de Mansoa,True,True,disjoint,False,False,
component,physical-component:caf626fbd27b7331f702febf15f0c147183aa1897feb9e0ce9734df63cb5f4ec,full,13655514B37452641895852,Setor de Buba,True,True,disjoint,False,False,
component,physical-component:caf626fbd27b7331f702febf15f0c147183aa1897feb9e0ce9734df63cb5f4ec,full,13655514B37576476310465,Setor de Tite,True,True,disjoint,False,False,
component,physical-component:caf626fbd27b7331f702febf15f0c147183aa1897feb9e0ce9734df63cb5f4ec,full,13655514B38974563194217,Bissau Autonomous Sector,True,True,disjoint,False,False,
component,physical-component:caf626fbd27b7331f702febf15f0c147183aa1897feb9e0ce9734df63cb5f4ec,full,13655514B4319146558278,Setor de Galomaro,True,True,disjoint,False,False,
component,physical-component:caf626fbd27b7331f702febf15f0c147183aa1897feb9e0ce9734df63cb5f4ec,full,13655514B44985576134462,Setor de Uno,True,True,positive-area,False,False,component:physical-component:caf626fbd27b7331f702febf15f0c147183aa1897feb9e0ce9734df63cb5f4ec|full:13655514B44985576134462
component,physical-component:caf626fbd27b7331f702febf15f0c147183aa1897feb9e0ce9734df63cb5f4ec,full,13655514B47112439721810,Setor de Nhacra,True,True,disjoint,False,False,
component,physical-component:caf626fbd27b7331f702febf15f0c147183aa1897feb9e0ce9734df63cb5f4ec,full,13655514B47480576799194,Setor de Sonaco,True,True,disjoint,False,False,
component,physical-component:caf626fbd27b7331f702febf15f0c147183aa1897feb9e0ce9734df63cb5f4ec,full,13655514B48763126228848,Setor de Bedanda,True,True,disjoint,False,False,
component,physical-component:caf626fbd27b7331f702febf15f0c147183aa1897feb9e0ce9734df63cb5f4ec,full,13655514B49812801634354,Setor de Mansaba,True,True,disjoint,False,False,
component,physical-component:caf626fbd27b7331f702febf15f0c147183aa1897feb9e0ce9734df63cb5f4ec,full,13655514B51179315853055,Contuboel,True,True,disjoint,False,False,
component,physical-component:caf626fbd27b7331f702febf15f0c147183aa1897feb9e0ce9734df63cb5f4ec,full,13655514B53615250576563,Setor de Prabis,True,True,disjoint,False,False,
component,physical-component:caf626fbd27b7331f702febf15f0c147183aa1897feb9e0ce9734df63cb5f4ec,full,13655514B57644193184055,Setor de Farim,True,True,disjoint,False,False,
component,physical-component:caf626fbd27b7331f702febf15f0c147183aa1897feb9e0ce9734df63cb5f4ec,full,13655514B57740331915335,Setor de Bissora,True,True,disjoint,False,False,
component,physical-component:caf626fbd27b7331f702febf15f0c147183aa1897feb9e0ce9734df63cb5f4ec,full,13655514B59106895169358,Setor de Caravela,True,True,disjoint,False,False,
component,physical-component:caf626fbd27b7331f702febf15f0c147183aa1897feb9e0ce9734df63cb5f4ec,full,13655514B65296626482863,Setor de Gabv,True,True,disjoint,False,False,
component,physical-component:caf626fbd27b7331f702febf15f0c147183aa1897feb9e0ce9734df63cb5f4ec,full,13655514B65471558325414,Setor de Xitole,True,True,disjoint,False,False,
component,physical-component:caf626fbd27b7331f702febf15f0c147183aa1897feb9e0ce9734df63cb5f4ec,full,13655514B65726406107890,Setor de Gamamundo,True,True,disjoint,False,False,
component,physical-component:caf626fbd27b7331f702febf15f0c147183aa1897feb9e0ce9734df63cb5f4ec,full,13655514B65757043009502,Setor de Safim,True,True,disjoint,False,False,
component,physical-component:caf626fbd27b7331f702febf15f0c147183aa1897feb9e0ce9734df63cb5f4ec,full,13655514B66751603958816,Setor de Quinh,True,True,disjoint,False,False,
component,physical-component:caf626fbd27b7331f702febf15f0c147183aa1897feb9e0ce9734df63cb5f4ec,full,13655514B71925291750028,Setor de Cacine,True,True,disjoint,False,False,
component,physical-component:caf626fbd27b7331f702febf15f0c147183aa1897feb9e0ce9734df63cb5f4ec,full,13655514B76388735674013,Setor de Bigene,True,True,disjoint,False,False,
component,physical-component:caf626fbd27b7331f702febf15f0c147183aa1897feb9e0ce9734df63cb5f4ec,full,13655514B77006902429960,Setor de Bolama,True,True,disjoint,False,False,
component,physical-component:caf626fbd27b7331f702febf15f0c147183aa1897feb9e0ce9734df63cb5f4ec,full,13655514B8216177448850,Setor de Caiv,True,True,disjoint,False,False,
component,physical-component:caf626fbd27b7331f702febf15f0c147183aa1897feb9e0ce9734df63cb5f4ec,full,13655514B91246233663569,Setor de Canghungo,True,True,disjoint,False,False,
component,physical-component:caf626fbd27b7331f702febf15f0c147183aa1897feb9e0ce9734df63cb5f4ec,full,13655514B91994517778696,Setor de Sto Domingos,True,True,disjoint,False,False,
component,physical-component:caf626fbd27b7331f702febf15f0c147183aa1897feb9e0ce9734df63cb5f4ec,full,13655514B9524670555472,Setor de Fulacunda,True,True,disjoint,False,False,
component,physical-component:caf626fbd27b7331f702febf15f0c147183aa1897feb9e0ce9734df63cb5f4ec,full,13655514B95678269815128,Setor de Cacheu,True,True,disjoint,False,False,
component,physical-component:caf626fbd27b7331f702febf15f0c147183aa1897feb9e0ce9734df63cb5f4ec,full,13655514B97576906537580,Setor de Pitche,True,True,disjoint,False,False,
component,physical-component:caf626fbd27b7331f702febf15f0c147183aa1897feb9e0ce9734df63cb5f4ec,full,13655514B98496568253651,Setor de Bubaque,True,True,disjoint,False,False,
component,physical-component:caf626fbd27b7331f702febf15f0c147183aa1897feb9e0ce9734df63cb5f4ec,full,13655514B99052541590952,Setor de Boe,True,True,disjoint,False,False,
component,physical-component:caf626fbd27b7331f702febf15f0c147183aa1897feb9e0ce9734df63cb5f4ec,simplified,13655514B11561761851968,Setor de Bula,True,True,disjoint,False,False,
component,physical-component:caf626fbd27b7331f702febf15f0c147183aa1897feb9e0ce9734df63cb5f4ec,simplified,13655514B12793543239296,Setor de Quebo,True,True,disjoint,False,False,
component,physical-component:caf626fbd27b7331f702febf15f0c147183aa1897feb9e0ce9734df63cb5f4ec,simplified,13655514B15077734082289,Setor de Bafata,True,True,disjoint,False,False,
component,physical-component:caf626fbd27b7331f702febf15f0c147183aa1897feb9e0ce9734df63cb5f4ec,simplified,13655514B15408487636665,Setor de Madina do Bo˒,True,True,disjoint,False,False,
component,physical-component:caf626fbd27b7331f702febf15f0c147183aa1897feb9e0ce9734df63cb5f4ec,simplified,13655514B16168252486838,Setor de Pirada,True,True,disjoint,False,False,
component,physical-component:caf626fbd27b7331f702febf15f0c147183aa1897feb9e0ce9734df63cb5f4ec,simplified,13655514B168355566476,Setor de Bambadinca,True,True,disjoint,False,False,
component,physical-component:caf626fbd27b7331f702febf15f0c147183aa1897feb9e0ce9734df63cb5f4ec,simplified,13655514B24413703823033,Setor de Catie,True,True,disjoint,False,False,
component,physical-component:caf626fbd27b7331f702febf15f0c147183aa1897feb9e0ce9734df63cb5f4ec,simplified,13655514B30693048438959,Setor de Empada,True,True,disjoint,False,False,
component,physical-component:caf626fbd27b7331f702febf15f0c147183aa1897feb9e0ce9734df63cb5f4ec,simplified,13655514B31772276876031,Setor de Mansoa,True,True,disjoint,False,False,
component,physical-component:caf626fbd27b7331f702febf15f0c147183aa1897feb9e0ce9734df63cb5f4ec,simplified,13655514B37452641895852,Setor de Buba,True,True,disjoint,False,False,
component,physical-component:caf626fbd27b7331f702febf15f0c147183aa1897feb9e0ce9734df63cb5f4ec,simplified,13655514B37576476310465,Setor de Tite,True,True,disjoint,False,False,
component,physical-component:caf626fbd27b7331f702febf15f0c147183aa1897feb9e0ce9734df63cb5f4ec,simplified,13655514B38974563194217,Bissau Autonomous Sector,True,True,disjoint,False,False,
component,physical-component:caf626fbd27b7331f702febf15f0c147183aa1897feb9e0ce9734df63cb5f4ec,simplified,13655514B4319146558278,Setor de Galomaro,True,True,disjoint,False,False,
component,physical-component:caf626fbd27b7331f702febf15f0c147183aa1897feb9e0ce9734df63cb5f4ec,simplified,13655514B44985576134462,Setor de Uno,True,True,positive-area,False,False,component:physical-component:caf626fbd27b7331f702febf15f0c147183aa1897feb9e0ce9734df63cb5f4ec|simplified:13655514B44985576134462
component,physical-component:caf626fbd27b7331f702febf15f0c147183aa1897feb9e0ce9734df63cb5f4ec,simplified,13655514B47112439721810,Setor de Nhacra,True,True,disjoint,False,False,
component,physical-component:caf626fbd27b7331f702febf15f0c147183aa1897feb9e0ce9734df63cb5f4ec,simplified,13655514B47480576799194,Setor de Sonaco,True,True,disjoint,False,False,
component,physical-component:caf626fbd27b7331f702febf15f0c147183aa1897feb9e0ce9734df63cb5f4ec,simplified,13655514B48763126228848,Setor de Bedanda,True,True,disjoint,False,False,
component,physical-component:caf626fbd27b7331f702febf15f0c147183aa1897feb9e0ce9734df63cb5f4ec,simplified,13655514B49812801634354,Setor de Mansaba,True,True,disjoint,False,False,
component,physical-component:caf626fbd27b7331f702febf15f0c147183aa1897feb9e0ce9734df63cb5f4ec,simplified,13655514B51179315853055,Contuboel,True,True,disjoint,False,False,
component,physical-component:caf626fbd27b7331f702febf15f0c147183aa1897feb9e0ce9734df63cb5f4ec,simplified,13655514B53615250576563,Setor de Prabis,True,True,disjoint,False,False,
component,physical-component:caf626fbd27b7331f702febf15f0c147183aa1897feb9e0ce9734df63cb5f4ec,simplified,13655514B57644193184055,Setor de Farim,True,True,disjoint,False,False,
component,physical-component:caf626fbd27b7331f702febf15f0c147183aa1897feb9e0ce9734df63cb5f4ec,simplified,13655514B57740331915335,Setor de Bissora,True,True,disjoint,False,False,
component,physical-component:caf626fbd27b7331f702febf15f0c147183aa1897feb9e0ce9734df63cb5f4ec,simplified,13655514B59106895169358,Setor de Caravela,True,True,disjoint,False,False,
component,physical-component:caf626fbd27b7331f702febf15f0c147183aa1897feb9e0ce9734df63cb5f4ec,simplified,13655514B65296626482863,Setor de Gabv,True,True,disjoint,False,False,
component,physical-component:caf626fbd27b7331f702febf15f0c147183aa1897feb9e0ce9734df63cb5f4ec,simplified,13655514B65471558325414,Setor de Xitole,True,True,disjoint,False,False,
component,physical-component:caf626fbd27b7331f702febf15f0c147183aa1897feb9e0ce9734df63cb5f4ec,simplified,13655514B65726406107890,Setor de Gamamundo,True,True,disjoint,False,False,
component,physical-component:caf626fbd27b7331f702febf15f0c147183aa1897feb9e0ce9734df63cb5f4ec,simplified,13655514B65757043009502,Setor de Safim,True,True,disjoint,False,False,
component,physical-component:caf626fbd27b7331f702febf15f0c147183aa1897feb9e0ce9734df63cb5f4ec,simplified,13655514B66751603958816,Setor de Quinh,True,True,disjoint,False,False,
component,physical-component:caf626fbd27b7331f702febf15f0c147183aa1897feb9e0ce9734df63cb5f4ec,simplified,13655514B71925291750028,Setor de Cacine,True,True,disjoint,False,False,
component,physical-component:caf626fbd27b7331f702febf15f0c147183aa1897feb9e0ce9734df63cb5f4ec,simplified,13655514B76388735674013,Setor de Bigene,True,True,disjoint,False,False,
component,physical-component:caf626fbd27b7331f702febf15f0c147183aa1897feb9e0ce9734df63cb5f4ec,simplified,13655514B77006902429960,Setor de Bolama,True,True,disjoint,False,False,
component,physical-component:caf626fbd27b7331f702febf15f0c147183aa1897feb9e0ce9734df63cb5f4ec,simplified,13655514B8216177448850,Setor de Caiv,True,True,disjoint,False,False,
component,physical-component:caf626fbd27b7331f702febf15f0c147183aa1897feb9e0ce9734df63cb5f4ec,simplified,13655514B91246233663569,Setor de Canghungo,True,True,disjoint,False,False,
component,physical-component:caf626fbd27b7331f702febf15f0c147183aa1897feb9e0ce9734df63cb5f4ec,simplified,13655514B91994517778696,Setor de Sto Domingos,True,True,disjoint,False,False,
component,physical-component:caf626fbd27b7331f702febf15f0c147183aa1897feb9e0ce9734df63cb5f4ec,simplified,13655514B9524670555472,Setor de Fulacunda,True,True,disjoint,False,False,
component,physical-component:caf626fbd27b7331f702febf15f0c147183aa1897feb9e0ce9734df63cb5f4ec,simplified,13655514B95678269815128,Setor de Cacheu,True,True,disjoint,False,False,
component,physical-component:caf626fbd27b7331f702febf15f0c147183aa1897feb9e0ce9734df63cb5f4ec,simplified,13655514B97576906537580,Setor de Pitche,True,True,disjoint,False,False,
component,physical-component:caf626fbd27b7331f702febf15f0c147183aa1897feb9e0ce9734df63cb5f4ec,simplified,13655514B98496568253651,Setor de Bubaque,True,True,disjoint,False,False,
component,physical-component:caf626fbd27b7331f702febf15f0c147183aa1897feb9e0ce9734df63cb5f4ec,simplified,13655514B99052541590952,Setor de Boe,True,True,disjoint,False,False,
component,physical-component:cb29de16edddb4ce823b5b2a3e26ad9e29edb250cc1e72986031c5bf5e75dba1,full,13655514B11561761851968,Setor de Bula,True,True,disjoint,False,False,
component,physical-component:cb29de16edddb4ce823b5b2a3e26ad9e29edb250cc1e72986031c5bf5e75dba1,full,13655514B12793543239296,Setor de Quebo,True,True,disjoint,False,False,
component,physical-component:cb29de16edddb4ce823b5b2a3e26ad9e29edb250cc1e72986031c5bf5e75dba1,full,13655514B15077734082289,Setor de Bafata,True,True,disjoint,False,False,
component,physical-component:cb29de16edddb4ce823b5b2a3e26ad9e29edb250cc1e72986031c5bf5e75dba1,full,13655514B15408487636665,Setor de Madina do Bo˒,True,True,disjoint,False,False,
component,physical-component:cb29de16edddb4ce823b5b2a3e26ad9e29edb250cc1e72986031c5bf5e75dba1,full,13655514B16168252486838,Setor de Pirada,True,True,disjoint,False,False,
component,physical-component:cb29de16edddb4ce823b5b2a3e26ad9e29edb250cc1e72986031c5bf5e75dba1,full,13655514B168355566476,Setor de Bambadinca,True,True,disjoint,False,False,
component,physical-component:cb29de16edddb4ce823b5b2a3e26ad9e29edb250cc1e72986031c5bf5e75dba1,full,13655514B24413703823033,Setor de Catie,True,True,disjoint,False,False,
component,physical-component:cb29de16edddb4ce823b5b2a3e26ad9e29edb250cc1e72986031c5bf5e75dba1,full,13655514B30693048438959,Setor de Empada,True,True,disjoint,False,False,
component,physical-component:cb29de16edddb4ce823b5b2a3e26ad9e29edb250cc1e72986031c5bf5e75dba1,full,13655514B31772276876031,Setor de Mansoa,True,True,disjoint,False,False,
component,physical-component:cb29de16edddb4ce823b5b2a3e26ad9e29edb250cc1e72986031c5bf5e75dba1,full,13655514B37452641895852,Setor de Buba,True,True,disjoint,False,False,
component,physical-component:cb29de16edddb4ce823b5b2a3e26ad9e29edb250cc1e72986031c5bf5e75dba1,full,13655514B37576476310465,Setor de Tite,True,True,disjoint,False,False,
component,physical-component:cb29de16edddb4ce823b5b2a3e26ad9e29edb250cc1e72986031c5bf5e75dba1,full,13655514B38974563194217,Bissau Autonomous Sector,True,True,disjoint,False,False,
component,physical-component:cb29de16edddb4ce823b5b2a3e26ad9e29edb250cc1e72986031c5bf5e75dba1,full,13655514B4319146558278,Setor de Galomaro,True,True,disjoint,False,False,
component,physical-component:cb29de16edddb4ce823b5b2a3e26ad9e29edb250cc1e72986031c5bf5e75dba1,full,13655514B44985576134462,Setor de Uno,True,True,positive-area,False,False,component:physical-component:cb29de16edddb4ce823b5b2a3e26ad9e29edb250cc1e72986031c5bf5e75dba1|full:13655514B44985576134462
component,physical-component:cb29de16edddb4ce823b5b2a3e26ad9e29edb250cc1e72986031c5bf5e75dba1,full,13655514B47112439721810,Setor de Nhacra,True,True,disjoint,False,False,
component,physical-component:cb29de16edddb4ce823b5b2a3e26ad9e29edb250cc1e72986031c5bf5e75dba1,full,13655514B47480576799194,Setor de Sonaco,True,True,disjoint,False,False,
component,physical-component:cb29de16edddb4ce823b5b2a3e26ad9e29edb250cc1e72986031c5bf5e75dba1,full,13655514B48763126228848,Setor de Bedanda,True,True,disjoint,False,False,
component,physical-component:cb29de16edddb4ce823b5b2a3e26ad9e29edb250cc1e72986031c5bf5e75dba1,full,13655514B49812801634354,Setor de Mansaba,True,True,disjoint,False,False,
component,physical-component:cb29de16edddb4ce823b5b2a3e26ad9e29edb250cc1e72986031c5bf5e75dba1,full,13655514B51179315853055,Contuboel,True,True,disjoint,False,False,
component,physical-component:cb29de16edddb4ce823b5b2a3e26ad9e29edb250cc1e72986031c5bf5e75dba1,full,13655514B53615250576563,Setor de Prabis,True,True,disjoint,False,False,
component,physical-component:cb29de16edddb4ce823b5b2a3e26ad9e29edb250cc1e72986031c5bf5e75dba1,full,13655514B57644193184055,Setor de Farim,True,True,disjoint,False,False,
component,physical-component:cb29de16edddb4ce823b5b2a3e26ad9e29edb250cc1e72986031c5bf5e75dba1,full,13655514B57740331915335,Setor de Bissora,True,True,disjoint,False,False,
component,physical-component:cb29de16edddb4ce823b5b2a3e26ad9e29edb250cc1e72986031c5bf5e75dba1,full,13655514B59106895169358,Setor de Caravela,True,True,disjoint,False,False,
component,physical-component:cb29de16edddb4ce823b5b2a3e26ad9e29edb250cc1e72986031c5bf5e75dba1,full,13655514B65296626482863,Setor de Gabv,True,True,disjoint,False,False,
component,physical-component:cb29de16edddb4ce823b5b2a3e26ad9e29edb250cc1e72986031c5bf5e75dba1,full,13655514B65471558325414,Setor de Xitole,True,True,disjoint,False,False,
component,physical-component:cb29de16edddb4ce823b5b2a3e26ad9e29edb250cc1e72986031c5bf5e75dba1,full,13655514B65726406107890,Setor de Gamamundo,True,True,disjoint,False,False,
component,physical-component:cb29de16edddb4ce823b5b2a3e26ad9e29edb250cc1e72986031c5bf5e75dba1,full,13655514B65757043009502,Setor de Safim,True,True,disjoint,False,False,
component,physical-component:cb29de16edddb4ce823b5b2a3e26ad9e29edb250cc1e72986031c5bf5e75dba1,full,13655514B66751603958816,Setor de Quinh,True,True,disjoint,False,False,
component,physical-component:cb29de16edddb4ce823b5b2a3e26ad9e29edb250cc1e72986031c5bf5e75dba1,full,13655514B71925291750028,Setor de Cacine,True,True,disjoint,False,False,
component,physical-component:cb29de16edddb4ce823b5b2a3e26ad9e29edb250cc1e72986031c5bf5e75dba1,full,13655514B76388735674013,Setor de Bigene,True,True,disjoint,False,False,
component,physical-component:cb29de16edddb4ce823b5b2a3e26ad9e29edb250cc1e72986031c5bf5e75dba1,full,13655514B77006902429960,Setor de Bolama,True,True,disjoint,False,False,
component,physical-component:cb29de16edddb4ce823b5b2a3e26ad9e29edb250cc1e72986031c5bf5e75dba1,full,13655514B8216177448850,Setor de Caiv,True,True,disjoint,False,False,
component,physical-component:cb29de16edddb4ce823b5b2a3e26ad9e29edb250cc1e72986031c5bf5e75dba1,full,13655514B91246233663569,Setor de Canghungo,True,True,disjoint,False,False,
component,physical-component:cb29de16edddb4ce823b5b2a3e26ad9e29edb250cc1e72986031c5bf5e75dba1,full,13655514B91994517778696,Setor de Sto Domingos,True,True,disjoint,False,False,
component,physical-component:cb29de16edddb4ce823b5b2a3e26ad9e29edb250cc1e72986031c5bf5e75dba1,full,13655514B9524670555472,Setor de Fulacunda,True,True,disjoint,False,False,
component,physical-component:cb29de16edddb4ce823b5b2a3e26ad9e29edb250cc1e72986031c5bf5e75dba1,full,13655514B95678269815128,Setor de Cacheu,True,True,disjoint,False,False,
component,physical-component:cb29de16edddb4ce823b5b2a3e26ad9e29edb250cc1e72986031c5bf5e75dba1,full,13655514B97576906537580,Setor de Pitche,True,True,disjoint,False,False,
component,physical-component:cb29de16edddb4ce823b5b2a3e26ad9e29edb250cc1e72986031c5bf5e75dba1,full,13655514B98496568253651,Setor de Bubaque,True,True,disjoint,False,False,
component,physical-component:cb29de16edddb4ce823b5b2a3e26ad9e29edb250cc1e72986031c5bf5e75dba1,full,13655514B99052541590952,Setor de Boe,True,True,disjoint,False,False,
component,physical-component:cb29de16edddb4ce823b5b2a3e26ad9e29edb250cc1e72986031c5bf5e75dba1,simplified,13655514B11561761851968,Setor de Bula,True,True,disjoint,False,False,
component,physical-component:cb29de16edddb4ce823b5b2a3e26ad9e29edb250cc1e72986031c5bf5e75dba1,simplified,13655514B12793543239296,Setor de Quebo,True,True,disjoint,False,False,
component,physical-component:cb29de16edddb4ce823b5b2a3e26ad9e29edb250cc1e72986031c5bf5e75dba1,simplified,13655514B15077734082289,Setor de Bafata,True,True,disjoint,False,False,
component,physical-component:cb29de16edddb4ce823b5b2a3e26ad9e29edb250cc1e72986031c5bf5e75dba1,simplified,13655514B15408487636665,Setor de Madina do Bo˒,True,True,disjoint,False,False,
component,physical-component:cb29de16edddb4ce823b5b2a3e26ad9e29edb250cc1e72986031c5bf5e75dba1,simplified,13655514B16168252486838,Setor de Pirada,True,True,disjoint,False,False,
component,physical-component:cb29de16edddb4ce823b5b2a3e26ad9e29edb250cc1e72986031c5bf5e75dba1,simplified,13655514B168355566476,Setor de Bambadinca,True,True,disjoint,False,False,
component,physical-component:cb29de16edddb4ce823b5b2a3e26ad9e29edb250cc1e72986031c5bf5e75dba1,simplified,13655514B24413703823033,Setor de Catie,True,True,disjoint,False,False,
component,physical-component:cb29de16edddb4ce823b5b2a3e26ad9e29edb250cc1e72986031c5bf5e75dba1,simplified,13655514B30693048438959,Setor de Empada,True,True,disjoint,False,False,
component,physical-component:cb29de16edddb4ce823b5b2a3e26ad9e29edb250cc1e72986031c5bf5e75dba1,simplified,13655514B31772276876031,Setor de Mansoa,True,True,disjoint,False,False,
component,physical-component:cb29de16edddb4ce823b5b2a3e26ad9e29edb250cc1e72986031c5bf5e75dba1,simplified,13655514B37452641895852,Setor de Buba,True,True,disjoint,False,False,
component,physical-component:cb29de16edddb4ce823b5b2a3e26ad9e29edb250cc1e72986031c5bf5e75dba1,simplified,13655514B37576476310465,Setor de Tite,True,True,disjoint,False,False,
component,physical-component:cb29de16edddb4ce823b5b2a3e26ad9e29edb250cc1e72986031c5bf5e75dba1,simplified,13655514B38974563194217,Bissau Autonomous Sector,True,True,disjoint,False,False,
component,physical-component:cb29de16edddb4ce823b5b2a3e26ad9e29edb250cc1e72986031c5bf5e75dba1,simplified,13655514B4319146558278,Setor de Galomaro,True,True,disjoint,False,False,
component,physical-component:cb29de16edddb4ce823b5b2a3e26ad9e29edb250cc1e72986031c5bf5e75dba1,simplified,13655514B44985576134462,Setor de Uno,True,True,positive-area,False,False,component:physical-component:cb29de16edddb4ce823b5b2a3e26ad9e29edb250cc1e72986031c5bf5e75dba1|simplified:13655514B44985576134462
component,physical-component:cb29de16edddb4ce823b5b2a3e26ad9e29edb250cc1e72986031c5bf5e75dba1,simplified,13655514B47112439721810,Setor de Nhacra,True,True,disjoint,False,False,
component,physical-component:cb29de16edddb4ce823b5b2a3e26ad9e29edb250cc1e72986031c5bf5e75dba1,simplified,13655514B47480576799194,Setor de Sonaco,True,True,disjoint,False,False,
component,physical-component:cb29de16edddb4ce823b5b2a3e26ad9e29edb250cc1e72986031c5bf5e75dba1,simplified,13655514B48763126228848,Setor de Bedanda,True,True,disjoint,False,False,
component,physical-component:cb29de16edddb4ce823b5b2a3e26ad9e29edb250cc1e72986031c5bf5e75dba1,simplified,13655514B49812801634354,Setor de Mansaba,True,True,disjoint,False,False,
component,physical-component:cb29de16edddb4ce823b5b2a3e26ad9e29edb250cc1e72986031c5bf5e75dba1,simplified,13655514B51179315853055,Contuboel,True,True,disjoint,False,False,
component,physical-component:cb29de16edddb4ce823b5b2a3e26ad9e29edb250cc1e72986031c5bf5e75dba1,simplified,13655514B53615250576563,Setor de Prabis,True,True,disjoint,False,False,
component,physical-component:cb29de16edddb4ce823b5b2a3e26ad9e29edb250cc1e72986031c5bf5e75dba1,simplified,13655514B57644193184055,Setor de Farim,True,True,disjoint,False,False,
component,physical-component:cb29de16edddb4ce823b5b2a3e26ad9e29edb250cc1e72986031c5bf5e75dba1,simplified,13655514B57740331915335,Setor de Bissora,True,True,disjoint,False,False,
component,physical-component:cb29de16edddb4ce823b5b2a3e26ad9e29edb250cc1e72986031c5bf5e75dba1,simplified,13655514B59106895169358,Setor de Caravela,True,True,disjoint,False,False,
component,physical-component:cb29de16edddb4ce823b5b2a3e26ad9e29edb250cc1e72986031c5bf5e75dba1,simplified,13655514B65296626482863,Setor de Gabv,True,True,disjoint,False,False,
component,physical-component:cb29de16edddb4ce823b5b2a3e26ad9e29edb250cc1e72986031c5bf5e75dba1,simplified,13655514B65471558325414,Setor de Xitole,True,True,disjoint,False,False,
component,physical-component:cb29de16edddb4ce823b5b2a3e26ad9e29edb250cc1e72986031c5bf5e75dba1,simplified,13655514B65726406107890,Setor de Gamamundo,True,True,disjoint,False,False,
component,physical-component:cb29de16edddb4ce823b5b2a3e26ad9e29edb250cc1e72986031c5bf5e75dba1,simplified,13655514B65757043009502,Setor de Safim,True,True,disjoint,False,False,
component,physical-component:cb29de16edddb4ce823b5b2a3e26ad9e29edb250cc1e72986031c5bf5e75dba1,simplified,13655514B66751603958816,Setor de Quinh,True,True,disjoint,False,False,
component,physical-component:cb29de16edddb4ce823b5b2a3e26ad9e29edb250cc1e72986031c5bf5e75dba1,simplified,13655514B71925291750028,Setor de Cacine,True,True,disjoint,False,False,
component,physical-component:cb29de16edddb4ce823b5b2a3e26ad9e29edb250cc1e72986031c5bf5e75dba1,simplified,13655514B76388735674013,Setor de Bigene,True,True,disjoint,False,False,
component,physical-component:cb29de16edddb4ce823b5b2a3e26ad9e29edb250cc1e72986031c5bf5e75dba1,simplified,13655514B77006902429960,Setor de Bolama,True,True,disjoint,False,False,
component,physical-component:cb29de16edddb4ce823b5b2a3e26ad9e29edb250cc1e72986031c5bf5e75dba1,simplified,13655514B8216177448850,Setor de Caiv,True,True,disjoint,False,False,
component,physical-component:cb29de16edddb4ce823b5b2a3e26ad9e29edb250cc1e72986031c5bf5e75dba1,simplified,13655514B91246233663569,Setor de Canghungo,True,True,disjoint,False,False,
component,physical-component:cb29de16edddb4ce823b5b2a3e26ad9e29edb250cc1e72986031c5bf5e75dba1,simplified,13655514B91994517778696,Setor de Sto Domingos,True,True,disjoint,False,False,
component,physical-component:cb29de16edddb4ce823b5b2a3e26ad9e29edb250cc1e72986031c5bf5e75dba1,simplified,13655514B9524670555472,Setor de Fulacunda,True,True,disjoint,False,False,
component,physical-component:cb29de16edddb4ce823b5b2a3e26ad9e29edb250cc1e72986031c5bf5e75dba1,simplified,13655514B95678269815128,Setor de Cacheu,True,True,disjoint,False,False,
component,physical-component:cb29de16edddb4ce823b5b2a3e26ad9e29edb250cc1e72986031c5bf5e75dba1,simplified,13655514B97576906537580,Setor de Pitche,True,True,disjoint,False,False,
component,physical-component:cb29de16edddb4ce823b5b2a3e26ad9e29edb250cc1e72986031c5bf5e75dba1,simplified,13655514B98496568253651,Setor de Bubaque,True,True,disjoint,False,False,
component,physical-component:cb29de16edddb4ce823b5b2a3e26ad9e29edb250cc1e72986031c5bf5e75dba1,simplified,13655514B99052541590952,Setor de Boe,True,True,disjoint,False,False,
component,physical-component:cd5d3662c7f59d0ee0562c38e5ef729715ee369bcf480db6dca656f54b3a6218,full,13655514B11561761851968,Setor de Bula,True,True,disjoint,False,False,
component,physical-component:cd5d3662c7f59d0ee0562c38e5ef729715ee369bcf480db6dca656f54b3a6218,full,13655514B12793543239296,Setor de Quebo,True,True,disjoint,False,False,
component,physical-component:cd5d3662c7f59d0ee0562c38e5ef729715ee369bcf480db6dca656f54b3a6218,full,13655514B15077734082289,Setor de Bafata,True,True,disjoint,False,False,
component,physical-component:cd5d3662c7f59d0ee0562c38e5ef729715ee369bcf480db6dca656f54b3a6218,full,13655514B15408487636665,Setor de Madina do Bo˒,True,True,disjoint,False,False,
component,physical-component:cd5d3662c7f59d0ee0562c38e5ef729715ee369bcf480db6dca656f54b3a6218,full,13655514B16168252486838,Setor de Pirada,True,True,disjoint,False,False,
component,physical-component:cd5d3662c7f59d0ee0562c38e5ef729715ee369bcf480db6dca656f54b3a6218,full,13655514B168355566476,Setor de Bambadinca,True,True,disjoint,False,False,
component,physical-component:cd5d3662c7f59d0ee0562c38e5ef729715ee369bcf480db6dca656f54b3a6218,full,13655514B24413703823033,Setor de Catie,True,True,disjoint,False,False,
component,physical-component:cd5d3662c7f59d0ee0562c38e5ef729715ee369bcf480db6dca656f54b3a6218,full,13655514B30693048438959,Setor de Empada,True,True,disjoint,False,False,
component,physical-component:cd5d3662c7f59d0ee0562c38e5ef729715ee369bcf480db6dca656f54b3a6218,full,13655514B31772276876031,Setor de Mansoa,True,True,disjoint,False,False,
component,physical-component:cd5d3662c7f59d0ee0562c38e5ef729715ee369bcf480db6dca656f54b3a6218,full,13655514B37452641895852,Setor de Buba,True,True,disjoint,False,False,
component,physical-component:cd5d3662c7f59d0ee0562c38e5ef729715ee369bcf480db6dca656f54b3a6218,full,13655514B37576476310465,Setor de Tite,True,True,disjoint,False,False,
component,physical-component:cd5d3662c7f59d0ee0562c38e5ef729715ee369bcf480db6dca656f54b3a6218,full,13655514B38974563194217,Bissau Autonomous Sector,True,True,disjoint,False,False,
component,physical-component:cd5d3662c7f59d0ee0562c38e5ef729715ee369bcf480db6dca656f54b3a6218,full,13655514B4319146558278,Setor de Galomaro,True,True,disjoint,False,False,
component,physical-component:cd5d3662c7f59d0ee0562c38e5ef729715ee369bcf480db6dca656f54b3a6218,full,13655514B44985576134462,Setor de Uno,True,True,disjoint,False,False,
component,physical-component:cd5d3662c7f59d0ee0562c38e5ef729715ee369bcf480db6dca656f54b3a6218,full,13655514B47112439721810,Setor de Nhacra,True,True,disjoint,False,False,
component,physical-component:cd5d3662c7f59d0ee0562c38e5ef729715ee369bcf480db6dca656f54b3a6218,full,13655514B47480576799194,Setor de Sonaco,True,True,disjoint,False,False,
component,physical-component:cd5d3662c7f59d0ee0562c38e5ef729715ee369bcf480db6dca656f54b3a6218,full,13655514B48763126228848,Setor de Bedanda,True,True,disjoint,False,False,
component,physical-component:cd5d3662c7f59d0ee0562c38e5ef729715ee369bcf480db6dca656f54b3a6218,full,13655514B49812801634354,Setor de Mansaba,True,True,disjoint,False,False,
component,physical-component:cd5d3662c7f59d0ee0562c38e5ef729715ee369bcf480db6dca656f54b3a6218,full,13655514B51179315853055,Contuboel,True,True,disjoint,False,False,
component,physical-component:cd5d3662c7f59d0ee0562c38e5ef729715ee369bcf480db6dca656f54b3a6218,full,13655514B53615250576563,Setor de Prabis,True,True,disjoint,False,False,
component,physical-component:cd5d3662c7f59d0ee0562c38e5ef729715ee369bcf480db6dca656f54b3a6218,full,13655514B57644193184055,Setor de Farim,True,True,disjoint,False,False,
component,physical-component:cd5d3662c7f59d0ee0562c38e5ef729715ee369bcf480db6dca656f54b3a6218,full,13655514B57740331915335,Setor de Bissora,True,True,disjoint,False,False,
component,physical-component:cd5d3662c7f59d0ee0562c38e5ef729715ee369bcf480db6dca656f54b3a6218,full,13655514B59106895169358,Setor de Caravela,True,True,disjoint,False,False,
component,physical-component:cd5d3662c7f59d0ee0562c38e5ef729715ee369bcf480db6dca656f54b3a6218,full,13655514B65296626482863,Setor de Gabv,True,True,disjoint,False,False,
component,physical-component:cd5d3662c7f59d0ee0562c38e5ef729715ee369bcf480db6dca656f54b3a6218,full,13655514B65471558325414,Setor de Xitole,True,True,disjoint,False,False,
component,physical-component:cd5d3662c7f59d0ee0562c38e5ef729715ee369bcf480db6dca656f54b3a6218,full,13655514B65726406107890,Setor de Gamamundo,True,True,disjoint,False,False,
component,physical-component:cd5d3662c7f59d0ee0562c38e5ef729715ee369bcf480db6dca656f54b3a6218,full,13655514B65757043009502,Setor de Safim,True,True,disjoint,False,False,
component,physical-component:cd5d3662c7f59d0ee0562c38e5ef729715ee369bcf480db6dca656f54b3a6218,full,13655514B66751603958816,Setor de Quinh,True,True,disjoint,False,False,
component,physical-component:cd5d3662c7f59d0ee0562c38e5ef729715ee369bcf480db6dca656f54b3a6218,full,13655514B71925291750028,Setor de Cacine,True,True,disjoint,False,False,
component,physical-component:cd5d3662c7f59d0ee0562c38e5ef729715ee369bcf480db6dca656f54b3a6218,full,13655514B76388735674013,Setor de Bigene,True,True,disjoint,False,False,
component,physical-component:cd5d3662c7f59d0ee0562c38e5ef729715ee369bcf480db6dca656f54b3a6218,full,13655514B77006902429960,Setor de Bolama,True,True,disjoint,False,False,
component,physical-component:cd5d3662c7f59d0ee0562c38e5ef729715ee369bcf480db6dca656f54b3a6218,full,13655514B8216177448850,Setor de Caiv,True,True,disjoint,False,False,
component,physical-component:cd5d3662c7f59d0ee0562c38e5ef729715ee369bcf480db6dca656f54b3a6218,full,13655514B91246233663569,Setor de Canghungo,True,True,disjoint,False,False,
component,physical-component:cd5d3662c7f59d0ee0562c38e5ef729715ee369bcf480db6dca656f54b3a6218,full,13655514B91994517778696,Setor de Sto Domingos,True,True,disjoint,False,False,
component,physical-component:cd5d3662c7f59d0ee0562c38e5ef729715ee369bcf480db6dca656f54b3a6218,full,13655514B9524670555472,Setor de Fulacunda,True,True,disjoint,False,False,
component,physical-component:cd5d3662c7f59d0ee0562c38e5ef729715ee369bcf480db6dca656f54b3a6218,full,13655514B95678269815128,Setor de Cacheu,True,True,disjoint,False,False,
component,physical-component:cd5d3662c7f59d0ee0562c38e5ef729715ee369bcf480db6dca656f54b3a6218,full,13655514B97576906537580,Setor de Pitche,True,True,disjoint,False,False,
component,physical-component:cd5d3662c7f59d0ee0562c38e5ef729715ee369bcf480db6dca656f54b3a6218,full,13655514B98496568253651,Setor de Bubaque,True,True,positive-area,False,False,component:physical-component:cd5d3662c7f59d0ee0562c38e5ef729715ee369bcf480db6dca656f54b3a6218|full:13655514B98496568253651
component,physical-component:cd5d3662c7f59d0ee0562c38e5ef729715ee369bcf480db6dca656f54b3a6218,full,13655514B99052541590952,Setor de Boe,True,True,disjoint,False,False,
component,physical-component:cd5d3662c7f59d0ee0562c38e5ef729715ee369bcf480db6dca656f54b3a6218,simplified,13655514B11561761851968,Setor de Bula,True,True,disjoint,False,False,
component,physical-component:cd5d3662c7f59d0ee0562c38e5ef729715ee369bcf480db6dca656f54b3a6218,simplified,13655514B12793543239296,Setor de Quebo,True,True,disjoint,False,False,
component,physical-component:cd5d3662c7f59d0ee0562c38e5ef729715ee369bcf480db6dca656f54b3a6218,simplified,13655514B15077734082289,Setor de Bafata,True,True,disjoint,False,False,
component,physical-component:cd5d3662c7f59d0ee0562c38e5ef729715ee369bcf480db6dca656f54b3a6218,simplified,13655514B15408487636665,Setor de Madina do Bo˒,True,True,disjoint,False,False,
component,physical-component:cd5d3662c7f59d0ee0562c38e5ef729715ee369bcf480db6dca656f54b3a6218,simplified,13655514B16168252486838,Setor de Pirada,True,True,disjoint,False,False,
component,physical-component:cd5d3662c7f59d0ee0562c38e5ef729715ee369bcf480db6dca656f54b3a6218,simplified,13655514B168355566476,Setor de Bambadinca,True,True,disjoint,False,False,
component,physical-component:cd5d3662c7f59d0ee0562c38e5ef729715ee369bcf480db6dca656f54b3a6218,simplified,13655514B24413703823033,Setor de Catie,True,True,disjoint,False,False,
component,physical-component:cd5d3662c7f59d0ee0562c38e5ef729715ee369bcf480db6dca656f54b3a6218,simplified,13655514B30693048438959,Setor de Empada,True,True,disjoint,False,False,
component,physical-component:cd5d3662c7f59d0ee0562c38e5ef729715ee369bcf480db6dca656f54b3a6218,simplified,13655514B31772276876031,Setor de Mansoa,True,True,disjoint,False,False,
component,physical-component:cd5d3662c7f59d0ee0562c38e5ef729715ee369bcf480db6dca656f54b3a6218,simplified,13655514B37452641895852,Setor de Buba,True,True,disjoint,False,False,
component,physical-component:cd5d3662c7f59d0ee0562c38e5ef729715ee369bcf480db6dca656f54b3a6218,simplified,13655514B37576476310465,Setor de Tite,True,True,disjoint,False,False,
component,physical-component:cd5d3662c7f59d0ee0562c38e5ef729715ee369bcf480db6dca656f54b3a6218,simplified,13655514B38974563194217,Bissau Autonomous Sector,True,True,disjoint,False,False,
component,physical-component:cd5d3662c7f59d0ee0562c38e5ef729715ee369bcf480db6dca656f54b3a6218,simplified,13655514B4319146558278,Setor de Galomaro,True,True,disjoint,False,False,
component,physical-component:cd5d3662c7f59d0ee0562c38e5ef729715ee369bcf480db6dca656f54b3a6218,simplified,13655514B44985576134462,Setor de Uno,True,True,disjoint,False,False,
component,physical-component:cd5d3662c7f59d0ee0562c38e5ef729715ee369bcf480db6dca656f54b3a6218,simplified,13655514B47112439721810,Setor de Nhacra,True,True,disjoint,False,False,
component,physical-component:cd5d3662c7f59d0ee0562c38e5ef729715ee369bcf480db6dca656f54b3a6218,simplified,13655514B47480576799194,Setor de Sonaco,True,True,disjoint,False,False,
component,physical-component:cd5d3662c7f59d0ee0562c38e5ef729715ee369bcf480db6dca656f54b3a6218,simplified,13655514B48763126228848,Setor de Bedanda,True,True,disjoint,False,False,
component,physical-component:cd5d3662c7f59d0ee0562c38e5ef729715ee369bcf480db6dca656f54b3a6218,simplified,13655514B49812801634354,Setor de Mansaba,True,True,disjoint,False,False,
component,physical-component:cd5d3662c7f59d0ee0562c38e5ef729715ee369bcf480db6dca656f54b3a6218,simplified,13655514B51179315853055,Contuboel,True,True,disjoint,False,False,
component,physical-component:cd5d3662c7f59d0ee0562c38e5ef729715ee369bcf480db6dca656f54b3a6218,simplified,13655514B53615250576563,Setor de Prabis,True,True,disjoint,False,False,
component,physical-component:cd5d3662c7f59d0ee0562c38e5ef729715ee369bcf480db6dca656f54b3a6218,simplified,13655514B57644193184055,Setor de Farim,True,True,disjoint,False,False,
component,physical-component:cd5d3662c7f59d0ee0562c38e5ef729715ee369bcf480db6dca656f54b3a6218,simplified,13655514B57740331915335,Setor de Bissora,True,True,disjoint,False,False,
component,physical-component:cd5d3662c7f59d0ee0562c38e5ef729715ee369bcf480db6dca656f54b3a6218,simplified,13655514B59106895169358,Setor de Caravela,True,True,disjoint,False,False,
component,physical-component:cd5d3662c7f59d0ee0562c38e5ef729715ee369bcf480db6dca656f54b3a6218,simplified,13655514B65296626482863,Setor de Gabv,True,True,disjoint,False,False,
component,physical-component:cd5d3662c7f59d0ee0562c38e5ef729715ee369bcf480db6dca656f54b3a6218,simplified,13655514B65471558325414,Setor de Xitole,True,True,disjoint,False,False,
component,physical-component:cd5d3662c7f59d0ee0562c38e5ef729715ee369bcf480db6dca656f54b3a6218,simplified,13655514B65726406107890,Setor de Gamamundo,True,True,disjoint,False,False,
component,physical-component:cd5d3662c7f59d0ee0562c38e5ef729715ee369bcf480db6dca656f54b3a6218,simplified,13655514B65757043009502,Setor de Safim,True,True,disjoint,False,False,
component,physical-component:cd5d3662c7f59d0ee0562c38e5ef729715ee369bcf480db6dca656f54b3a6218,simplified,13655514B66751603958816,Setor de Quinh,True,True,disjoint,False,False,
component,physical-component:cd5d3662c7f59d0ee0562c38e5ef729715ee369bcf480db6dca656f54b3a6218,simplified,13655514B71925291750028,Setor de Cacine,True,True,disjoint,False,False,
component,physical-component:cd5d3662c7f59d0ee0562c38e5ef729715ee369bcf480db6dca656f54b3a6218,simplified,13655514B76388735674013,Setor de Bigene,True,True,disjoint,False,False,
component,physical-component:cd5d3662c7f59d0ee0562c38e5ef729715ee369bcf480db6dca656f54b3a6218,simplified,13655514B77006902429960,Setor de Bolama,True,True,disjoint,False,False,
component,physical-component:cd5d3662c7f59d0ee0562c38e5ef729715ee369bcf480db6dca656f54b3a6218,simplified,13655514B8216177448850,Setor de Caiv,True,True,disjoint,False,False,
component,physical-component:cd5d3662c7f59d0ee0562c38e5ef729715ee369bcf480db6dca656f54b3a6218,simplified,13655514B91246233663569,Setor de Canghungo,True,True,disjoint,False,False,
component,physical-component:cd5d3662c7f59d0ee0562c38e5ef729715ee369bcf480db6dca656f54b3a6218,simplified,13655514B91994517778696,Setor de Sto Domingos,True,True,disjoint,False,False,
component,physical-component:cd5d3662c7f59d0ee0562c38e5ef729715ee369bcf480db6dca656f54b3a6218,simplified,13655514B9524670555472,Setor de Fulacunda,True,True,disjoint,False,False,
component,physical-component:cd5d3662c7f59d0ee0562c38e5ef729715ee369bcf480db6dca656f54b3a6218,simplified,13655514B95678269815128,Setor de Cacheu,True,True,disjoint,False,False,
component,physical-component:cd5d3662c7f59d0ee0562c38e5ef729715ee369bcf480db6dca656f54b3a6218,simplified,13655514B97576906537580,Setor de Pitche,True,True,disjoint,False,False,
component,physical-component:cd5d3662c7f59d0ee0562c38e5ef729715ee369bcf480db6dca656f54b3a6218,simplified,13655514B98496568253651,Setor de Bubaque,True,True,positive-area,False,False,component:physical-component:cd5d3662c7f59d0ee0562c38e5ef729715ee369bcf480db6dca656f54b3a6218|simplified:13655514B98496568253651
component,physical-component:cd5d3662c7f59d0ee0562c38e5ef729715ee369bcf480db6dca656f54b3a6218,simplified,13655514B99052541590952,Setor de Boe,True,True,disjoint,False,False,
component,physical-component:cddeea63e6ebfa59bfbe5c0564aa0a4e8fc8f52d7bca65e51eebf4d65128197a,full,13655514B11561761851968,Setor de Bula,True,True,disjoint,False,False,
component,physical-component:cddeea63e6ebfa59bfbe5c0564aa0a4e8fc8f52d7bca65e51eebf4d65128197a,full,13655514B12793543239296,Setor de Quebo,True,True,disjoint,False,False,
component,physical-component:cddeea63e6ebfa59bfbe5c0564aa0a4e8fc8f52d7bca65e51eebf4d65128197a,full,13655514B15077734082289,Setor de Bafata,True,True,disjoint,False,False,
component,physical-component:cddeea63e6ebfa59bfbe5c0564aa0a4e8fc8f52d7bca65e51eebf4d65128197a,full,13655514B15408487636665,Setor de Madina do Bo˒,True,True,disjoint,False,False,
component,physical-component:cddeea63e6ebfa59bfbe5c0564aa0a4e8fc8f52d7bca65e51eebf4d65128197a,full,13655514B16168252486838,Setor de Pirada,True,True,disjoint,False,False,
component,physical-component:cddeea63e6ebfa59bfbe5c0564aa0a4e8fc8f52d7bca65e51eebf4d65128197a,full,13655514B168355566476,Setor de Bambadinca,True,True,disjoint,False,False,
component,physical-component:cddeea63e6ebfa59bfbe5c0564aa0a4e8fc8f52d7bca65e51eebf4d65128197a,full,13655514B24413703823033,Setor de Catie,True,True,disjoint,False,False,
component,physical-component:cddeea63e6ebfa59bfbe5c0564aa0a4e8fc8f52d7bca65e51eebf4d65128197a,full,13655514B30693048438959,Setor de Empada,True,True,disjoint,False,False,
component,physical-component:cddeea63e6ebfa59bfbe5c0564aa0a4e8fc8f52d7bca65e51eebf4d65128197a,full,13655514B31772276876031,Setor de Mansoa,True,True,disjoint,False,False,
component,physical-component:cddeea63e6ebfa59bfbe5c0564aa0a4e8fc8f52d7bca65e51eebf4d65128197a,full,13655514B37452641895852,Setor de Buba,True,True,disjoint,False,False,
component,physical-component:cddeea63e6ebfa59bfbe5c0564aa0a4e8fc8f52d7bca65e51eebf4d65128197a,full,13655514B37576476310465,Setor de Tite,True,True,disjoint,False,False,
component,physical-component:cddeea63e6ebfa59bfbe5c0564aa0a4e8fc8f52d7bca65e51eebf4d65128197a,full,13655514B38974563194217,Bissau Autonomous Sector,True,True,disjoint,False,False,
component,physical-component:cddeea63e6ebfa59bfbe5c0564aa0a4e8fc8f52d7bca65e51eebf4d65128197a,full,13655514B4319146558278,Setor de Galomaro,True,True,disjoint,False,False,
component,physical-component:cddeea63e6ebfa59bfbe5c0564aa0a4e8fc8f52d7bca65e51eebf4d65128197a,full,13655514B44985576134462,Setor de Uno,True,True,disjoint,False,False,
component,physical-component:cddeea63e6ebfa59bfbe5c0564aa0a4e8fc8f52d7bca65e51eebf4d65128197a,full,13655514B47112439721810,Setor de Nhacra,True,True,disjoint,False,False,
component,physical-component:cddeea63e6ebfa59bfbe5c0564aa0a4e8fc8f52d7bca65e51eebf4d65128197a,full,13655514B47480576799194,Setor de Sonaco,True,True,disjoint,False,False,
component,physical-component:cddeea63e6ebfa59bfbe5c0564aa0a4e8fc8f52d7bca65e51eebf4d65128197a,full,13655514B48763126228848,Setor de Bedanda,True,True,disjoint,False,False,
component,physical-component:cddeea63e6ebfa59bfbe5c0564aa0a4e8fc8f52d7bca65e51eebf4d65128197a,full,13655514B49812801634354,Setor de Mansaba,True,True,disjoint,False,False,
component,physical-component:cddeea63e6ebfa59bfbe5c0564aa0a4e8fc8f52d7bca65e51eebf4d65128197a,full,13655514B51179315853055,Contuboel,True,True,disjoint,False,False,
component,physical-component:cddeea63e6ebfa59bfbe5c0564aa0a4e8fc8f52d7bca65e51eebf4d65128197a,full,13655514B53615250576563,Setor de Prabis,True,True,disjoint,False,False,
component,physical-component:cddeea63e6ebfa59bfbe5c0564aa0a4e8fc8f52d7bca65e51eebf4d65128197a,full,13655514B57644193184055,Setor de Farim,True,True,disjoint,False,False,
component,physical-component:cddeea63e6ebfa59bfbe5c0564aa0a4e8fc8f52d7bca65e51eebf4d65128197a,full,13655514B57740331915335,Setor de Bissora,True,True,disjoint,False,False,
component,physical-component:cddeea63e6ebfa59bfbe5c0564aa0a4e8fc8f52d7bca65e51eebf4d65128197a,full,13655514B59106895169358,Setor de Caravela,True,True,positive-area,False,False,component:physical-component:cddeea63e6ebfa59bfbe5c0564aa0a4e8fc8f52d7bca65e51eebf4d65128197a|full:13655514B59106895169358
component,physical-component:cddeea63e6ebfa59bfbe5c0564aa0a4e8fc8f52d7bca65e51eebf4d65128197a,full,13655514B65296626482863,Setor de Gabv,True,True,disjoint,False,False,
component,physical-component:cddeea63e6ebfa59bfbe5c0564aa0a4e8fc8f52d7bca65e51eebf4d65128197a,full,13655514B65471558325414,Setor de Xitole,True,True,disjoint,False,False,
component,physical-component:cddeea63e6ebfa59bfbe5c0564aa0a4e8fc8f52d7bca65e51eebf4d65128197a,full,13655514B65726406107890,Setor de Gamamundo,True,True,disjoint,False,False,
component,physical-component:cddeea63e6ebfa59bfbe5c0564aa0a4e8fc8f52d7bca65e51eebf4d65128197a,full,13655514B65757043009502,Setor de Safim,True,True,disjoint,False,False,
component,physical-component:cddeea63e6ebfa59bfbe5c0564aa0a4e8fc8f52d7bca65e51eebf4d65128197a,full,13655514B66751603958816,Setor de Quinh,True,True,disjoint,False,False,
component,physical-component:cddeea63e6ebfa59bfbe5c0564aa0a4e8fc8f52d7bca65e51eebf4d65128197a,full,13655514B71925291750028,Setor de Cacine,True,True,disjoint,False,False,
component,physical-component:cddeea63e6ebfa59bfbe5c0564aa0a4e8fc8f52d7bca65e51eebf4d65128197a,full,13655514B76388735674013,Setor de Bigene,True,True,disjoint,False,False,
component,physical-component:cddeea63e6ebfa59bfbe5c0564aa0a4e8fc8f52d7bca65e51eebf4d65128197a,full,13655514B77006902429960,Setor de Bolama,True,True,disjoint,False,False,
component,physical-component:cddeea63e6ebfa59bfbe5c0564aa0a4e8fc8f52d7bca65e51eebf4d65128197a,full,13655514B8216177448850,Setor de Caiv,True,True,disjoint,False,False,
component,physical-component:cddeea63e6ebfa59bfbe5c0564aa0a4e8fc8f52d7bca65e51eebf4d65128197a,full,13655514B91246233663569,Setor de Canghungo,True,True,disjoint,False,False,
component,physical-component:cddeea63e6ebfa59bfbe5c0564aa0a4e8fc8f52d7bca65e51eebf4d65128197a,full,13655514B91994517778696,Setor de Sto Domingos,True,True,disjoint,False,False,
component,physical-component:cddeea63e6ebfa59bfbe5c0564aa0a4e8fc8f52d7bca65e51eebf4d65128197a,full,13655514B9524670555472,Setor de Fulacunda,True,True,disjoint,False,False,
component,physical-component:cddeea63e6ebfa59bfbe5c0564aa0a4e8fc8f52d7bca65e51eebf4d65128197a,full,13655514B95678269815128,Setor de Cacheu,True,True,disjoint,False,False,
component,physical-component:cddeea63e6ebfa59bfbe5c0564aa0a4e8fc8f52d7bca65e51eebf4d65128197a,full,13655514B97576906537580,Setor de Pitche,True,True,disjoint,False,False,
component,physical-component:cddeea63e6ebfa59bfbe5c0564aa0a4e8fc8f52d7bca65e51eebf4d65128197a,full,13655514B98496568253651,Setor de Bubaque,True,True,disjoint,False,False,
component,physical-component:cddeea63e6ebfa59bfbe5c0564aa0a4e8fc8f52d7bca65e51eebf4d65128197a,full,13655514B99052541590952,Setor de Boe,True,True,disjoint,False,False,
component,physical-component:cddeea63e6ebfa59bfbe5c0564aa0a4e8fc8f52d7bca65e51eebf4d65128197a,simplified,13655514B11561761851968,Setor de Bula,True,True,disjoint,False,False,
component,physical-component:cddeea63e6ebfa59bfbe5c0564aa0a4e8fc8f52d7bca65e51eebf4d65128197a,simplified,13655514B12793543239296,Setor de Quebo,True,True,disjoint,False,False,
component,physical-component:cddeea63e6ebfa59bfbe5c0564aa0a4e8fc8f52d7bca65e51eebf4d65128197a,simplified,13655514B15077734082289,Setor de Bafata,True,True,disjoint,False,False,
component,physical-component:cddeea63e6ebfa59bfbe5c0564aa0a4e8fc8f52d7bca65e51eebf4d65128197a,simplified,13655514B15408487636665,Setor de Madina do Bo˒,True,True,disjoint,False,False,
component,physical-component:cddeea63e6ebfa59bfbe5c0564aa0a4e8fc8f52d7bca65e51eebf4d65128197a,simplified,13655514B16168252486838,Setor de Pirada,True,True,disjoint,False,False,
component,physical-component:cddeea63e6ebfa59bfbe5c0564aa0a4e8fc8f52d7bca65e51eebf4d65128197a,simplified,13655514B168355566476,Setor de Bambadinca,True,True,disjoint,False,False,
component,physical-component:cddeea63e6ebfa59bfbe5c0564aa0a4e8fc8f52d7bca65e51eebf4d65128197a,simplified,13655514B24413703823033,Setor de Catie,True,True,disjoint,False,False,
component,physical-component:cddeea63e6ebfa59bfbe5c0564aa0a4e8fc8f52d7bca65e51eebf4d65128197a,simplified,13655514B30693048438959,Setor de Empada,True,True,disjoint,False,False,
component,physical-component:cddeea63e6ebfa59bfbe5c0564aa0a4e8fc8f52d7bca65e51eebf4d65128197a,simplified,13655514B31772276876031,Setor de Mansoa,True,True,disjoint,False,False,
component,physical-component:cddeea63e6ebfa59bfbe5c0564aa0a4e8fc8f52d7bca65e51eebf4d65128197a,simplified,13655514B37452641895852,Setor de Buba,True,True,disjoint,False,False,
component,physical-component:cddeea63e6ebfa59bfbe5c0564aa0a4e8fc8f52d7bca65e51eebf4d65128197a,simplified,13655514B37576476310465,Setor de Tite,True,True,disjoint,False,False,
component,physical-component:cddeea63e6ebfa59bfbe5c0564aa0a4e8fc8f52d7bca65e51eebf4d65128197a,simplified,13655514B38974563194217,Bissau Autonomous Sector,True,True,disjoint,False,False,
component,physical-component:cddeea63e6ebfa59bfbe5c0564aa0a4e8fc8f52d7bca65e51eebf4d65128197a,simplified,13655514B4319146558278,Setor de Galomaro,True,True,disjoint,False,False,
component,physical-component:cddeea63e6ebfa59bfbe5c0564aa0a4e8fc8f52d7bca65e51eebf4d65128197a,simplified,13655514B44985576134462,Setor de Uno,True,True,disjoint,False,False,
component,physical-component:cddeea63e6ebfa59bfbe5c0564aa0a4e8fc8f52d7bca65e51eebf4d65128197a,simplified,13655514B47112439721810,Setor de Nhacra,True,True,disjoint,False,False,
component,physical-component:cddeea63e6ebfa59bfbe5c0564aa0a4e8fc8f52d7bca65e51eebf4d65128197a,simplified,13655514B47480576799194,Setor de Sonaco,True,True,disjoint,False,False,
component,physical-component:cddeea63e6ebfa59bfbe5c0564aa0a4e8fc8f52d7bca65e51eebf4d65128197a,simplified,13655514B48763126228848,Setor de Bedanda,True,True,disjoint,False,False,
component,physical-component:cddeea63e6ebfa59bfbe5c0564aa0a4e8fc8f52d7bca65e51eebf4d65128197a,simplified,13655514B49812801634354,Setor de Mansaba,True,True,disjoint,False,False,
component,physical-component:cddeea63e6ebfa59bfbe5c0564aa0a4e8fc8f52d7bca65e51eebf4d65128197a,simplified,13655514B51179315853055,Contuboel,True,True,disjoint,False,False,
component,physical-component:cddeea63e6ebfa59bfbe5c0564aa0a4e8fc8f52d7bca65e51eebf4d65128197a,simplified,13655514B53615250576563,Setor de Prabis,True,True,disjoint,False,False,
component,physical-component:cddeea63e6ebfa59bfbe5c0564aa0a4e8fc8f52d7bca65e51eebf4d65128197a,simplified,13655514B57644193184055,Setor de Farim,True,True,disjoint,False,False,
component,physical-component:cddeea63e6ebfa59bfbe5c0564aa0a4e8fc8f52d7bca65e51eebf4d65128197a,simplified,13655514B57740331915335,Setor de Bissora,True,True,disjoint,False,False,
component,physical-component:cddeea63e6ebfa59bfbe5c0564aa0a4e8fc8f52d7bca65e51eebf4d65128197a,simplified,13655514B59106895169358,Setor de Caravela,True,True,positive-area,False,False,component:physical-component:cddeea63e6ebfa59bfbe5c0564aa0a4e8fc8f52d7bca65e51eebf4d65128197a|simplified:13655514B59106895169358
component,physical-component:cddeea63e6ebfa59bfbe5c0564aa0a4e8fc8f52d7bca65e51eebf4d65128197a,simplified,13655514B65296626482863,Setor de Gabv,True,True,disjoint,False,False,
component,physical-component:cddeea63e6ebfa59bfbe5c0564aa0a4e8fc8f52d7bca65e51eebf4d65128197a,simplified,13655514B65471558325414,Setor de Xitole,True,True,disjoint,False,False,
component,physical-component:cddeea63e6ebfa59bfbe5c0564aa0a4e8fc8f52d7bca65e51eebf4d65128197a,simplified,13655514B65726406107890,Setor de Gamamundo,True,True,disjoint,False,False,
component,physical-component:cddeea63e6ebfa59bfbe5c0564aa0a4e8fc8f52d7bca65e51eebf4d65128197a,simplified,13655514B65757043009502,Setor de Safim,True,True,disjoint,False,False,
component,physical-component:cddeea63e6ebfa59bfbe5c0564aa0a4e8fc8f52d7bca65e51eebf4d65128197a,simplified,13655514B66751603958816,Setor de Quinh,True,True,disjoint,False,False,
component,physical-component:cddeea63e6ebfa59bfbe5c0564aa0a4e8fc8f52d7bca65e51eebf4d65128197a,simplified,13655514B71925291750028,Setor de Cacine,True,True,disjoint,False,False,
component,physical-component:cddeea63e6ebfa59bfbe5c0564aa0a4e8fc8f52d7bca65e51eebf4d65128197a,simplified,13655514B76388735674013,Setor de Bigene,True,True,disjoint,False,False,
component,physical-component:cddeea63e6ebfa59bfbe5c0564aa0a4e8fc8f52d7bca65e51eebf4d65128197a,simplified,13655514B77006902429960,Setor de Bolama,True,True,disjoint,False,False,
component,physical-component:cddeea63e6ebfa59bfbe5c0564aa0a4e8fc8f52d7bca65e51eebf4d65128197a,simplified,13655514B8216177448850,Setor de Caiv,True,True,disjoint,False,False,
component,physical-component:cddeea63e6ebfa59bfbe5c0564aa0a4e8fc8f52d7bca65e51eebf4d65128197a,simplified,13655514B91246233663569,Setor de Canghungo,True,True,disjoint,False,False,
component,physical-component:cddeea63e6ebfa59bfbe5c0564aa0a4e8fc8f52d7bca65e51eebf4d65128197a,simplified,13655514B91994517778696,Setor de Sto Domingos,True,True,disjoint,False,False,
component,physical-component:cddeea63e6ebfa59bfbe5c0564aa0a4e8fc8f52d7bca65e51eebf4d65128197a,simplified,13655514B9524670555472,Setor de Fulacunda,True,True,disjoint,False,False,
component,physical-component:cddeea63e6ebfa59bfbe5c0564aa0a4e8fc8f52d7bca65e51eebf4d65128197a,simplified,13655514B95678269815128,Setor de Cacheu,True,True,disjoint,False,False,
component,physical-component:cddeea63e6ebfa59bfbe5c0564aa0a4e8fc8f52d7bca65e51eebf4d65128197a,simplified,13655514B97576906537580,Setor de Pitche,True,True,disjoint,False,False,
component,physical-component:cddeea63e6ebfa59bfbe5c0564aa0a4e8fc8f52d7bca65e51eebf4d65128197a,simplified,13655514B98496568253651,Setor de Bubaque,True,True,disjoint,False,False,
component,physical-component:cddeea63e6ebfa59bfbe5c0564aa0a4e8fc8f52d7bca65e51eebf4d65128197a,simplified,13655514B99052541590952,Setor de Boe,True,True,disjoint,False,False,
component,physical-component:d276bc347ce22b20bee0a2d86601a95e729fba3aab59b240790ba104f230b4dc,full,13655514B11561761851968,Setor de Bula,True,True,disjoint,False,False,
component,physical-component:d276bc347ce22b20bee0a2d86601a95e729fba3aab59b240790ba104f230b4dc,full,13655514B12793543239296,Setor de Quebo,True,True,disjoint,False,False,
component,physical-component:d276bc347ce22b20bee0a2d86601a95e729fba3aab59b240790ba104f230b4dc,full,13655514B15077734082289,Setor de Bafata,True,True,disjoint,False,False,
component,physical-component:d276bc347ce22b20bee0a2d86601a95e729fba3aab59b240790ba104f230b4dc,full,13655514B15408487636665,Setor de Madina do Bo˒,True,True,disjoint,False,False,
component,physical-component:d276bc347ce22b20bee0a2d86601a95e729fba3aab59b240790ba104f230b4dc,full,13655514B16168252486838,Setor de Pirada,True,True,disjoint,False,False,
component,physical-component:d276bc347ce22b20bee0a2d86601a95e729fba3aab59b240790ba104f230b4dc,full,13655514B168355566476,Setor de Bambadinca,True,True,disjoint,False,False,
component,physical-component:d276bc347ce22b20bee0a2d86601a95e729fba3aab59b240790ba104f230b4dc,full,13655514B24413703823033,Setor de Catie,True,True,disjoint,False,False,
component,physical-component:d276bc347ce22b20bee0a2d86601a95e729fba3aab59b240790ba104f230b4dc,full,13655514B30693048438959,Setor de Empada,True,True,disjoint,False,False,
component,physical-component:d276bc347ce22b20bee0a2d86601a95e729fba3aab59b240790ba104f230b4dc,full,13655514B31772276876031,Setor de Mansoa,True,True,disjoint,False,False,
component,physical-component:d276bc347ce22b20bee0a2d86601a95e729fba3aab59b240790ba104f230b4dc,full,13655514B37452641895852,Setor de Buba,True,True,disjoint,False,False,
component,physical-component:d276bc347ce22b20bee0a2d86601a95e729fba3aab59b240790ba104f230b4dc,full,13655514B37576476310465,Setor de Tite,True,True,disjoint,False,False,
component,physical-component:d276bc347ce22b20bee0a2d86601a95e729fba3aab59b240790ba104f230b4dc,full,13655514B38974563194217,Bissau Autonomous Sector,True,True,disjoint,False,False,
component,physical-component:d276bc347ce22b20bee0a2d86601a95e729fba3aab59b240790ba104f230b4dc,full,13655514B4319146558278,Setor de Galomaro,True,True,disjoint,False,False,
component,physical-component:d276bc347ce22b20bee0a2d86601a95e729fba3aab59b240790ba104f230b4dc,full,13655514B44985576134462,Setor de Uno,True,True,positive-area,False,False,component:physical-component:d276bc347ce22b20bee0a2d86601a95e729fba3aab59b240790ba104f230b4dc|full:13655514B44985576134462
component,physical-component:d276bc347ce22b20bee0a2d86601a95e729fba3aab59b240790ba104f230b4dc,full,13655514B47112439721810,Setor de Nhacra,True,True,disjoint,False,False,
component,physical-component:d276bc347ce22b20bee0a2d86601a95e729fba3aab59b240790ba104f230b4dc,full,13655514B47480576799194,Setor de Sonaco,True,True,disjoint,False,False,
component,physical-component:d276bc347ce22b20bee0a2d86601a95e729fba3aab59b240790ba104f230b4dc,full,13655514B48763126228848,Setor de Bedanda,True,True,disjoint,False,False,
component,physical-component:d276bc347ce22b20bee0a2d86601a95e729fba3aab59b240790ba104f230b4dc,full,13655514B49812801634354,Setor de Mansaba,True,True,disjoint,False,False,
component,physical-component:d276bc347ce22b20bee0a2d86601a95e729fba3aab59b240790ba104f230b4dc,full,13655514B51179315853055,Contuboel,True,True,disjoint,False,False,
component,physical-component:d276bc347ce22b20bee0a2d86601a95e729fba3aab59b240790ba104f230b4dc,full,13655514B53615250576563,Setor de Prabis,True,True,disjoint,False,False,
component,physical-component:d276bc347ce22b20bee0a2d86601a95e729fba3aab59b240790ba104f230b4dc,full,13655514B57644193184055,Setor de Farim,True,True,disjoint,False,False,
component,physical-component:d276bc347ce22b20bee0a2d86601a95e729fba3aab59b240790ba104f230b4dc,full,13655514B57740331915335,Setor de Bissora,True,True,disjoint,False,False,
component,physical-component:d276bc347ce22b20bee0a2d86601a95e729fba3aab59b240790ba104f230b4dc,full,13655514B59106895169358,Setor de Caravela,True,True,disjoint,False,False,
component,physical-component:d276bc347ce22b20bee0a2d86601a95e729fba3aab59b240790ba104f230b4dc,full,13655514B65296626482863,Setor de Gabv,True,True,disjoint,False,False,
component,physical-component:d276bc347ce22b20bee0a2d86601a95e729fba3aab59b240790ba104f230b4dc,full,13655514B65471558325414,Setor de Xitole,True,True,disjoint,False,False,
component,physical-component:d276bc347ce22b20bee0a2d86601a95e729fba3aab59b240790ba104f230b4dc,full,13655514B65726406107890,Setor de Gamamundo,True,True,disjoint,False,False,
component,physical-component:d276bc347ce22b20bee0a2d86601a95e729fba3aab59b240790ba104f230b4dc,full,13655514B65757043009502,Setor de Safim,True,True,disjoint,False,False,
component,physical-component:d276bc347ce22b20bee0a2d86601a95e729fba3aab59b240790ba104f230b4dc,full,13655514B66751603958816,Setor de Quinh,True,True,disjoint,False,False,
component,physical-component:d276bc347ce22b20bee0a2d86601a95e729fba3aab59b240790ba104f230b4dc,full,13655514B71925291750028,Setor de Cacine,True,True,disjoint,False,False,
component,physical-component:d276bc347ce22b20bee0a2d86601a95e729fba3aab59b240790ba104f230b4dc,full,13655514B76388735674013,Setor de Bigene,True,True,disjoint,False,False,
component,physical-component:d276bc347ce22b20bee0a2d86601a95e729fba3aab59b240790ba104f230b4dc,full,13655514B77006902429960,Setor de Bolama,True,True,disjoint,False,False,
component,physical-component:d276bc347ce22b20bee0a2d86601a95e729fba3aab59b240790ba104f230b4dc,full,13655514B8216177448850,Setor de Caiv,True,True,disjoint,False,False,
component,physical-component:d276bc347ce22b20bee0a2d86601a95e729fba3aab59b240790ba104f230b4dc,full,13655514B91246233663569,Setor de Canghungo,True,True,disjoint,False,False,
component,physical-component:d276bc347ce22b20bee0a2d86601a95e729fba3aab59b240790ba104f230b4dc,full,13655514B91994517778696,Setor de Sto Domingos,True,True,disjoint,False,False,
component,physical-component:d276bc347ce22b20bee0a2d86601a95e729fba3aab59b240790ba104f230b4dc,full,13655514B9524670555472,Setor de Fulacunda,True,True,disjoint,False,False,
component,physical-component:d276bc347ce22b20bee0a2d86601a95e729fba3aab59b240790ba104f230b4dc,full,13655514B95678269815128,Setor de Cacheu,True,True,disjoint,False,False,
component,physical-component:d276bc347ce22b20bee0a2d86601a95e729fba3aab59b240790ba104f230b4dc,full,13655514B97576906537580,Setor de Pitche,True,True,disjoint,False,False,
component,physical-component:d276bc347ce22b20bee0a2d86601a95e729fba3aab59b240790ba104f230b4dc,full,13655514B98496568253651,Setor de Bubaque,True,True,positive-area,False,False,component:physical-component:d276bc347ce22b20bee0a2d86601a95e729fba3aab59b240790ba104f230b4dc|full:13655514B98496568253651
component,physical-component:d276bc347ce22b20bee0a2d86601a95e729fba3aab59b240790ba104f230b4dc,full,13655514B99052541590952,Setor de Boe,True,True,disjoint,False,False,
component,physical-component:d276bc347ce22b20bee0a2d86601a95e729fba3aab59b240790ba104f230b4dc,simplified,13655514B11561761851968,Setor de Bula,True,True,disjoint,False,False,
component,physical-component:d276bc347ce22b20bee0a2d86601a95e729fba3aab59b240790ba104f230b4dc,simplified,13655514B12793543239296,Setor de Quebo,True,True,disjoint,False,False,
component,physical-component:d276bc347ce22b20bee0a2d86601a95e729fba3aab59b240790ba104f230b4dc,simplified,13655514B15077734082289,Setor de Bafata,True,True,disjoint,False,False,
component,physical-component:d276bc347ce22b20bee0a2d86601a95e729fba3aab59b240790ba104f230b4dc,simplified,13655514B15408487636665,Setor de Madina do Bo˒,True,True,disjoint,False,False,
component,physical-component:d276bc347ce22b20bee0a2d86601a95e729fba3aab59b240790ba104f230b4dc,simplified,13655514B16168252486838,Setor de Pirada,True,True,disjoint,False,False,
component,physical-component:d276bc347ce22b20bee0a2d86601a95e729fba3aab59b240790ba104f230b4dc,simplified,13655514B168355566476,Setor de Bambadinca,True,True,disjoint,False,False,
component,physical-component:d276bc347ce22b20bee0a2d86601a95e729fba3aab59b240790ba104f230b4dc,simplified,13655514B24413703823033,Setor de Catie,True,True,disjoint,False,False,
component,physical-component:d276bc347ce22b20bee0a2d86601a95e729fba3aab59b240790ba104f230b4dc,simplified,13655514B30693048438959,Setor de Empada,True,True,disjoint,False,False,
component,physical-component:d276bc347ce22b20bee0a2d86601a95e729fba3aab59b240790ba104f230b4dc,simplified,13655514B31772276876031,Setor de Mansoa,True,True,disjoint,False,False,
component,physical-component:d276bc347ce22b20bee0a2d86601a95e729fba3aab59b240790ba104f230b4dc,simplified,13655514B37452641895852,Setor de Buba,True,True,disjoint,False,False,
component,physical-component:d276bc347ce22b20bee0a2d86601a95e729fba3aab59b240790ba104f230b4dc,simplified,13655514B37576476310465,Setor de Tite,True,True,disjoint,False,False,
component,physical-component:d276bc347ce22b20bee0a2d86601a95e729fba3aab59b240790ba104f230b4dc,simplified,13655514B38974563194217,Bissau Autonomous Sector,True,True,disjoint,False,False,
component,physical-component:d276bc347ce22b20bee0a2d86601a95e729fba3aab59b240790ba104f230b4dc,simplified,13655514B4319146558278,Setor de Galomaro,True,True,disjoint,False,False,
component,physical-component:d276bc347ce22b20bee0a2d86601a95e729fba3aab59b240790ba104f230b4dc,simplified,13655514B44985576134462,Setor de Uno,True,True,positive-area,False,False,component:physical-component:d276bc347ce22b20bee0a2d86601a95e729fba3aab59b240790ba104f230b4dc|simplified:13655514B44985576134462
component,physical-component:d276bc347ce22b20bee0a2d86601a95e729fba3aab59b240790ba104f230b4dc,simplified,13655514B47112439721810,Setor de Nhacra,True,True,disjoint,False,False,
component,physical-component:d276bc347ce22b20bee0a2d86601a95e729fba3aab59b240790ba104f230b4dc,simplified,13655514B47480576799194,Setor de Sonaco,True,True,disjoint,False,False,
component,physical-component:d276bc347ce22b20bee0a2d86601a95e729fba3aab59b240790ba104f230b4dc,simplified,13655514B48763126228848,Setor de Bedanda,True,True,disjoint,False,False,
component,physical-component:d276bc347ce22b20bee0a2d86601a95e729fba3aab59b240790ba104f230b4dc,simplified,13655514B49812801634354,Setor de Mansaba,True,True,disjoint,False,False,
component,physical-component:d276bc347ce22b20bee0a2d86601a95e729fba3aab59b240790ba104f230b4dc,simplified,13655514B51179315853055,Contuboel,True,True,disjoint,False,False,
component,physical-component:d276bc347ce22b20bee0a2d86601a95e729fba3aab59b240790ba104f230b4dc,simplified,13655514B53615250576563,Setor de Prabis,True,True,disjoint,False,False,
component,physical-component:d276bc347ce22b20bee0a2d86601a95e729fba3aab59b240790ba104f230b4dc,simplified,13655514B57644193184055,Setor de Farim,True,True,disjoint,False,False,
component,physical-component:d276bc347ce22b20bee0a2d86601a95e729fba3aab59b240790ba104f230b4dc,simplified,13655514B57740331915335,Setor de Bissora,True,True,disjoint,False,False,
component,physical-component:d276bc347ce22b20bee0a2d86601a95e729fba3aab59b240790ba104f230b4dc,simplified,13655514B59106895169358,Setor de Caravela,True,True,disjoint,False,False,
component,physical-component:d276bc347ce22b20bee0a2d86601a95e729fba3aab59b240790ba104f230b4dc,simplified,13655514B65296626482863,Setor de Gabv,True,True,disjoint,False,False,
component,physical-component:d276bc347ce22b20bee0a2d86601a95e729fba3aab59b240790ba104f230b4dc,simplified,13655514B65471558325414,Setor de Xitole,True,True,disjoint,False,False,
component,physical-component:d276bc347ce22b20bee0a2d86601a95e729fba3aab59b240790ba104f230b4dc,simplified,13655514B65726406107890,Setor de Gamamundo,True,True,disjoint,False,False,
component,physical-component:d276bc347ce22b20bee0a2d86601a95e729fba3aab59b240790ba104f230b4dc,simplified,13655514B65757043009502,Setor de Safim,True,True,disjoint,False,False,
component,physical-component:d276bc347ce22b20bee0a2d86601a95e729fba3aab59b240790ba104f230b4dc,simplified,13655514B66751603958816,Setor de Quinh,True,True,disjoint,False,False,
component,physical-component:d276bc347ce22b20bee0a2d86601a95e729fba3aab59b240790ba104f230b4dc,simplified,13655514B71925291750028,Setor de Cacine,True,True,disjoint,False,False,
component,physical-component:d276bc347ce22b20bee0a2d86601a95e729fba3aab59b240790ba104f230b4dc,simplified,13655514B76388735674013,Setor de Bigene,True,True,disjoint,False,False,
component,physical-component:d276bc347ce22b20bee0a2d86601a95e729fba3aab59b240790ba104f230b4dc,simplified,13655514B77006902429960,Setor de Bolama,True,True,disjoint,False,False,
component,physical-component:d276bc347ce22b20bee0a2d86601a95e729fba3aab59b240790ba104f230b4dc,simplified,13655514B8216177448850,Setor de Caiv,True,True,disjoint,False,False,
component,physical-component:d276bc347ce22b20bee0a2d86601a95e729fba3aab59b240790ba104f230b4dc,simplified,13655514B91246233663569,Setor de Canghungo,True,True,disjoint,False,False,
component,physical-component:d276bc347ce22b20bee0a2d86601a95e729fba3aab59b240790ba104f230b4dc,simplified,13655514B91994517778696,Setor de Sto Domingos,True,True,disjoint,False,False,
component,physical-component:d276bc347ce22b20bee0a2d86601a95e729fba3aab59b240790ba104f230b4dc,simplified,13655514B9524670555472,Setor de Fulacunda,True,True,disjoint,False,False,
component,physical-component:d276bc347ce22b20bee0a2d86601a95e729fba3aab59b240790ba104f230b4dc,simplified,13655514B95678269815128,Setor de Cacheu,True,True,disjoint,False,False,
component,physical-component:d276bc347ce22b20bee0a2d86601a95e729fba3aab59b240790ba104f230b4dc,simplified,13655514B97576906537580,Setor de Pitche,True,True,disjoint,False,False,
component,physical-component:d276bc347ce22b20bee0a2d86601a95e729fba3aab59b240790ba104f230b4dc,simplified,13655514B98496568253651,Setor de Bubaque,True,True,positive-area,False,False,component:physical-component:d276bc347ce22b20bee0a2d86601a95e729fba3aab59b240790ba104f230b4dc|simplified:13655514B98496568253651
component,physical-component:d276bc347ce22b20bee0a2d86601a95e729fba3aab59b240790ba104f230b4dc,simplified,13655514B99052541590952,Setor de Boe,True,True,disjoint,False,False,
component,physical-component:d3caafaef120c8b47461ce642d824982141fc0f6198fc2da394f3f7b6cb05154,full,13655514B11561761851968,Setor de Bula,True,True,disjoint,False,False,
component,physical-component:d3caafaef120c8b47461ce642d824982141fc0f6198fc2da394f3f7b6cb05154,full,13655514B12793543239296,Setor de Quebo,True,True,disjoint,False,False,
component,physical-component:d3caafaef120c8b47461ce642d824982141fc0f6198fc2da394f3f7b6cb05154,full,13655514B15077734082289,Setor de Bafata,True,True,disjoint,False,False,
component,physical-component:d3caafaef120c8b47461ce642d824982141fc0f6198fc2da394f3f7b6cb05154,full,13655514B15408487636665,Setor de Madina do Bo˒,True,True,disjoint,False,False,
component,physical-component:d3caafaef120c8b47461ce642d824982141fc0f6198fc2da394f3f7b6cb05154,full,13655514B16168252486838,Setor de Pirada,True,True,disjoint,False,False,
component,physical-component:d3caafaef120c8b47461ce642d824982141fc0f6198fc2da394f3f7b6cb05154,full,13655514B168355566476,Setor de Bambadinca,True,True,disjoint,False,False,
component,physical-component:d3caafaef120c8b47461ce642d824982141fc0f6198fc2da394f3f7b6cb05154,full,13655514B24413703823033,Setor de Catie,True,True,disjoint,False,False,
component,physical-component:d3caafaef120c8b47461ce642d824982141fc0f6198fc2da394f3f7b6cb05154,full,13655514B30693048438959,Setor de Empada,True,True,disjoint,False,False,
component,physical-component:d3caafaef120c8b47461ce642d824982141fc0f6198fc2da394f3f7b6cb05154,full,13655514B31772276876031,Setor de Mansoa,True,True,disjoint,False,False,
component,physical-component:d3caafaef120c8b47461ce642d824982141fc0f6198fc2da394f3f7b6cb05154,full,13655514B37452641895852,Setor de Buba,True,True,disjoint,False,False,
component,physical-component:d3caafaef120c8b47461ce642d824982141fc0f6198fc2da394f3f7b6cb05154,full,13655514B37576476310465,Setor de Tite,True,True,disjoint,False,False,
component,physical-component:d3caafaef120c8b47461ce642d824982141fc0f6198fc2da394f3f7b6cb05154,full,13655514B38974563194217,Bissau Autonomous Sector,True,True,disjoint,False,False,
component,physical-component:d3caafaef120c8b47461ce642d824982141fc0f6198fc2da394f3f7b6cb05154,full,13655514B4319146558278,Setor de Galomaro,True,True,disjoint,False,False,
component,physical-component:d3caafaef120c8b47461ce642d824982141fc0f6198fc2da394f3f7b6cb05154,full,13655514B44985576134462,Setor de Uno,True,True,disjoint,False,False,
component,physical-component:d3caafaef120c8b47461ce642d824982141fc0f6198fc2da394f3f7b6cb05154,full,13655514B47112439721810,Setor de Nhacra,True,True,disjoint,False,False,
component,physical-component:d3caafaef120c8b47461ce642d824982141fc0f6198fc2da394f3f7b6cb05154,full,13655514B47480576799194,Setor de Sonaco,True,True,disjoint,False,False,
component,physical-component:d3caafaef120c8b47461ce642d824982141fc0f6198fc2da394f3f7b6cb05154,full,13655514B48763126228848,Setor de Bedanda,True,True,disjoint,False,False,
component,physical-component:d3caafaef120c8b47461ce642d824982141fc0f6198fc2da394f3f7b6cb05154,full,13655514B49812801634354,Setor de Mansaba,True,True,disjoint,False,False,
component,physical-component:d3caafaef120c8b47461ce642d824982141fc0f6198fc2da394f3f7b6cb05154,full,13655514B51179315853055,Contuboel,True,True,disjoint,False,False,
component,physical-component:d3caafaef120c8b47461ce642d824982141fc0f6198fc2da394f3f7b6cb05154,full,13655514B53615250576563,Setor de Prabis,True,True,disjoint,False,False,
component,physical-component:d3caafaef120c8b47461ce642d824982141fc0f6198fc2da394f3f7b6cb05154,full,13655514B57644193184055,Setor de Farim,True,True,disjoint,False,False,
component,physical-component:d3caafaef120c8b47461ce642d824982141fc0f6198fc2da394f3f7b6cb05154,full,13655514B57740331915335,Setor de Bissora,True,True,disjoint,False,False,
component,physical-component:d3caafaef120c8b47461ce642d824982141fc0f6198fc2da394f3f7b6cb05154,full,13655514B59106895169358,Setor de Caravela,True,True,positive-area,False,False,component:physical-component:d3caafaef120c8b47461ce642d824982141fc0f6198fc2da394f3f7b6cb05154|full:13655514B59106895169358
component,physical-component:d3caafaef120c8b47461ce642d824982141fc0f6198fc2da394f3f7b6cb05154,full,13655514B65296626482863,Setor de Gabv,True,True,disjoint,False,False,
component,physical-component:d3caafaef120c8b47461ce642d824982141fc0f6198fc2da394f3f7b6cb05154,full,13655514B65471558325414,Setor de Xitole,True,True,disjoint,False,False,
component,physical-component:d3caafaef120c8b47461ce642d824982141fc0f6198fc2da394f3f7b6cb05154,full,13655514B65726406107890,Setor de Gamamundo,True,True,disjoint,False,False,
component,physical-component:d3caafaef120c8b47461ce642d824982141fc0f6198fc2da394f3f7b6cb05154,full,13655514B65757043009502,Setor de Safim,True,True,disjoint,False,False,
component,physical-component:d3caafaef120c8b47461ce642d824982141fc0f6198fc2da394f3f7b6cb05154,full,13655514B66751603958816,Setor de Quinh,True,True,disjoint,False,False,
component,physical-component:d3caafaef120c8b47461ce642d824982141fc0f6198fc2da394f3f7b6cb05154,full,13655514B71925291750028,Setor de Cacine,True,True,disjoint,False,False,
component,physical-component:d3caafaef120c8b47461ce642d824982141fc0f6198fc2da394f3f7b6cb05154,full,13655514B76388735674013,Setor de Bigene,True,True,disjoint,False,False,
component,physical-component:d3caafaef120c8b47461ce642d824982141fc0f6198fc2da394f3f7b6cb05154,full,13655514B77006902429960,Setor de Bolama,True,True,disjoint,False,False,
component,physical-component:d3caafaef120c8b47461ce642d824982141fc0f6198fc2da394f3f7b6cb05154,full,13655514B8216177448850,Setor de Caiv,True,True,disjoint,False,False,
component,physical-component:d3caafaef120c8b47461ce642d824982141fc0f6198fc2da394f3f7b6cb05154,full,13655514B91246233663569,Setor de Canghungo,True,True,disjoint,False,False,
component,physical-component:d3caafaef120c8b47461ce642d824982141fc0f6198fc2da394f3f7b6cb05154,full,13655514B91994517778696,Setor de Sto Domingos,True,True,disjoint,False,False,
component,physical-component:d3caafaef120c8b47461ce642d824982141fc0f6198fc2da394f3f7b6cb05154,full,13655514B9524670555472,Setor de Fulacunda,True,True,disjoint,False,False,
component,physical-component:d3caafaef120c8b47461ce642d824982141fc0f6198fc2da394f3f7b6cb05154,full,13655514B95678269815128,Setor de Cacheu,True,True,disjoint,False,False,
component,physical-component:d3caafaef120c8b47461ce642d824982141fc0f6198fc2da394f3f7b6cb05154,full,13655514B97576906537580,Setor de Pitche,True,True,disjoint,False,False,
component,physical-component:d3caafaef120c8b47461ce642d824982141fc0f6198fc2da394f3f7b6cb05154,full,13655514B98496568253651,Setor de Bubaque,True,True,disjoint,False,False,
component,physical-component:d3caafaef120c8b47461ce642d824982141fc0f6198fc2da394f3f7b6cb05154,full,13655514B99052541590952,Setor de Boe,True,True,disjoint,False,False,
component,physical-component:d3caafaef120c8b47461ce642d824982141fc0f6198fc2da394f3f7b6cb05154,simplified,13655514B11561761851968,Setor de Bula,True,True,disjoint,False,False,
component,physical-component:d3caafaef120c8b47461ce642d824982141fc0f6198fc2da394f3f7b6cb05154,simplified,13655514B12793543239296,Setor de Quebo,True,True,disjoint,False,False,
component,physical-component:d3caafaef120c8b47461ce642d824982141fc0f6198fc2da394f3f7b6cb05154,simplified,13655514B15077734082289,Setor de Bafata,True,True,disjoint,False,False,
component,physical-component:d3caafaef120c8b47461ce642d824982141fc0f6198fc2da394f3f7b6cb05154,simplified,13655514B15408487636665,Setor de Madina do Bo˒,True,True,disjoint,False,False,
component,physical-component:d3caafaef120c8b47461ce642d824982141fc0f6198fc2da394f3f7b6cb05154,simplified,13655514B16168252486838,Setor de Pirada,True,True,disjoint,False,False,
component,physical-component:d3caafaef120c8b47461ce642d824982141fc0f6198fc2da394f3f7b6cb05154,simplified,13655514B168355566476,Setor de Bambadinca,True,True,disjoint,False,False,
component,physical-component:d3caafaef120c8b47461ce642d824982141fc0f6198fc2da394f3f7b6cb05154,simplified,13655514B24413703823033,Setor de Catie,True,True,disjoint,False,False,
component,physical-component:d3caafaef120c8b47461ce642d824982141fc0f6198fc2da394f3f7b6cb05154,simplified,13655514B30693048438959,Setor de Empada,True,True,disjoint,False,False,
component,physical-component:d3caafaef120c8b47461ce642d824982141fc0f6198fc2da394f3f7b6cb05154,simplified,13655514B31772276876031,Setor de Mansoa,True,True,disjoint,False,False,
component,physical-component:d3caafaef120c8b47461ce642d824982141fc0f6198fc2da394f3f7b6cb05154,simplified,13655514B37452641895852,Setor de Buba,True,True,disjoint,False,False,
component,physical-component:d3caafaef120c8b47461ce642d824982141fc0f6198fc2da394f3f7b6cb05154,simplified,13655514B37576476310465,Setor de Tite,True,True,disjoint,False,False,
component,physical-component:d3caafaef120c8b47461ce642d824982141fc0f6198fc2da394f3f7b6cb05154,simplified,13655514B38974563194217,Bissau Autonomous Sector,True,True,disjoint,False,False,
component,physical-component:d3caafaef120c8b47461ce642d824982141fc0f6198fc2da394f3f7b6cb05154,simplified,13655514B4319146558278,Setor de Galomaro,True,True,disjoint,False,False,
component,physical-component:d3caafaef120c8b47461ce642d824982141fc0f6198fc2da394f3f7b6cb05154,simplified,13655514B44985576134462,Setor de Uno,True,True,disjoint,False,False,
component,physical-component:d3caafaef120c8b47461ce642d824982141fc0f6198fc2da394f3f7b6cb05154,simplified,13655514B47112439721810,Setor de Nhacra,True,True,disjoint,False,False,
component,physical-component:d3caafaef120c8b47461ce642d824982141fc0f6198fc2da394f3f7b6cb05154,simplified,13655514B47480576799194,Setor de Sonaco,True,True,disjoint,False,False,
component,physical-component:d3caafaef120c8b47461ce642d824982141fc0f6198fc2da394f3f7b6cb05154,simplified,13655514B48763126228848,Setor de Bedanda,True,True,disjoint,False,False,
component,physical-component:d3caafaef120c8b47461ce642d824982141fc0f6198fc2da394f3f7b6cb05154,simplified,13655514B49812801634354,Setor de Mansaba,True,True,disjoint,False,False,
component,physical-component:d3caafaef120c8b47461ce642d824982141fc0f6198fc2da394f3f7b6cb05154,simplified,13655514B51179315853055,Contuboel,True,True,disjoint,False,False,
component,physical-component:d3caafaef120c8b47461ce642d824982141fc0f6198fc2da394f3f7b6cb05154,simplified,13655514B53615250576563,Setor de Prabis,True,True,disjoint,False,False,
component,physical-component:d3caafaef120c8b47461ce642d824982141fc0f6198fc2da394f3f7b6cb05154,simplified,13655514B57644193184055,Setor de Farim,True,True,disjoint,False,False,
component,physical-component:d3caafaef120c8b47461ce642d824982141fc0f6198fc2da394f3f7b6cb05154,simplified,13655514B57740331915335,Setor de Bissora,True,True,disjoint,False,False,
component,physical-component:d3caafaef120c8b47461ce642d824982141fc0f6198fc2da394f3f7b6cb05154,simplified,13655514B59106895169358,Setor de Caravela,True,True,positive-area,False,False,component:physical-component:d3caafaef120c8b47461ce642d824982141fc0f6198fc2da394f3f7b6cb05154|simplified:13655514B59106895169358
component,physical-component:d3caafaef120c8b47461ce642d824982141fc0f6198fc2da394f3f7b6cb05154,simplified,13655514B65296626482863,Setor de Gabv,True,True,disjoint,False,False,
component,physical-component:d3caafaef120c8b47461ce642d824982141fc0f6198fc2da394f3f7b6cb05154,simplified,13655514B65471558325414,Setor de Xitole,True,True,disjoint,False,False,
component,physical-component:d3caafaef120c8b47461ce642d824982141fc0f6198fc2da394f3f7b6cb05154,simplified,13655514B65726406107890,Setor de Gamamundo,True,True,disjoint,False,False,
component,physical-component:d3caafaef120c8b47461ce642d824982141fc0f6198fc2da394f3f7b6cb05154,simplified,13655514B65757043009502,Setor de Safim,True,True,disjoint,False,False,
component,physical-component:d3caafaef120c8b47461ce642d824982141fc0f6198fc2da394f3f7b6cb05154,simplified,13655514B66751603958816,Setor de Quinh,True,True,disjoint,False,False,
component,physical-component:d3caafaef120c8b47461ce642d824982141fc0f6198fc2da394f3f7b6cb05154,simplified,13655514B71925291750028,Setor de Cacine,True,True,disjoint,False,False,
component,physical-component:d3caafaef120c8b47461ce642d824982141fc0f6198fc2da394f3f7b6cb05154,simplified,13655514B76388735674013,Setor de Bigene,True,True,disjoint,False,False,
component,physical-component:d3caafaef120c8b47461ce642d824982141fc0f6198fc2da394f3f7b6cb05154,simplified,13655514B77006902429960,Setor de Bolama,True,True,disjoint,False,False,
component,physical-component:d3caafaef120c8b47461ce642d824982141fc0f6198fc2da394f3f7b6cb05154,simplified,13655514B8216177448850,Setor de Caiv,True,True,disjoint,False,False,
component,physical-component:d3caafaef120c8b47461ce642d824982141fc0f6198fc2da394f3f7b6cb05154,simplified,13655514B91246233663569,Setor de Canghungo,True,True,disjoint,False,False,
component,physical-component:d3caafaef120c8b47461ce642d824982141fc0f6198fc2da394f3f7b6cb05154,simplified,13655514B91994517778696,Setor de Sto Domingos,True,True,disjoint,False,False,
component,physical-component:d3caafaef120c8b47461ce642d824982141fc0f6198fc2da394f3f7b6cb05154,simplified,13655514B9524670555472,Setor de Fulacunda,True,True,disjoint,False,False,
component,physical-component:d3caafaef120c8b47461ce642d824982141fc0f6198fc2da394f3f7b6cb05154,simplified,13655514B95678269815128,Setor de Cacheu,True,True,disjoint,False,False,
component,physical-component:d3caafaef120c8b47461ce642d824982141fc0f6198fc2da394f3f7b6cb05154,simplified,13655514B97576906537580,Setor de Pitche,True,True,disjoint,False,False,
component,physical-component:d3caafaef120c8b47461ce642d824982141fc0f6198fc2da394f3f7b6cb05154,simplified,13655514B98496568253651,Setor de Bubaque,True,True,disjoint,False,False,
component,physical-component:d3caafaef120c8b47461ce642d824982141fc0f6198fc2da394f3f7b6cb05154,simplified,13655514B99052541590952,Setor de Boe,True,True,disjoint,False,False,
component,physical-component:d7de26c005e9d120ffbbee70f1c5a37c4f2f906bbb67ebe7dcfebd3dded42f94,full,13655514B11561761851968,Setor de Bula,True,True,disjoint,False,False,
component,physical-component:d7de26c005e9d120ffbbee70f1c5a37c4f2f906bbb67ebe7dcfebd3dded42f94,full,13655514B12793543239296,Setor de Quebo,True,True,disjoint,False,False,
component,physical-component:d7de26c005e9d120ffbbee70f1c5a37c4f2f906bbb67ebe7dcfebd3dded42f94,full,13655514B15077734082289,Setor de Bafata,True,True,disjoint,False,False,
component,physical-component:d7de26c005e9d120ffbbee70f1c5a37c4f2f906bbb67ebe7dcfebd3dded42f94,full,13655514B15408487636665,Setor de Madina do Bo˒,True,True,disjoint,False,False,
component,physical-component:d7de26c005e9d120ffbbee70f1c5a37c4f2f906bbb67ebe7dcfebd3dded42f94,full,13655514B16168252486838,Setor de Pirada,True,True,disjoint,False,False,
component,physical-component:d7de26c005e9d120ffbbee70f1c5a37c4f2f906bbb67ebe7dcfebd3dded42f94,full,13655514B168355566476,Setor de Bambadinca,True,True,disjoint,False,False,
component,physical-component:d7de26c005e9d120ffbbee70f1c5a37c4f2f906bbb67ebe7dcfebd3dded42f94,full,13655514B24413703823033,Setor de Catie,True,True,disjoint,False,False,
component,physical-component:d7de26c005e9d120ffbbee70f1c5a37c4f2f906bbb67ebe7dcfebd3dded42f94,full,13655514B30693048438959,Setor de Empada,True,True,disjoint,False,False,
component,physical-component:d7de26c005e9d120ffbbee70f1c5a37c4f2f906bbb67ebe7dcfebd3dded42f94,full,13655514B31772276876031,Setor de Mansoa,True,True,disjoint,False,False,
component,physical-component:d7de26c005e9d120ffbbee70f1c5a37c4f2f906bbb67ebe7dcfebd3dded42f94,full,13655514B37452641895852,Setor de Buba,True,True,disjoint,False,False,
component,physical-component:d7de26c005e9d120ffbbee70f1c5a37c4f2f906bbb67ebe7dcfebd3dded42f94,full,13655514B37576476310465,Setor de Tite,True,True,disjoint,False,False,
component,physical-component:d7de26c005e9d120ffbbee70f1c5a37c4f2f906bbb67ebe7dcfebd3dded42f94,full,13655514B38974563194217,Bissau Autonomous Sector,True,True,disjoint,False,False,
component,physical-component:d7de26c005e9d120ffbbee70f1c5a37c4f2f906bbb67ebe7dcfebd3dded42f94,full,13655514B4319146558278,Setor de Galomaro,True,True,disjoint,False,False,
component,physical-component:d7de26c005e9d120ffbbee70f1c5a37c4f2f906bbb67ebe7dcfebd3dded42f94,full,13655514B44985576134462,Setor de Uno,True,True,disjoint,False,False,
component,physical-component:d7de26c005e9d120ffbbee70f1c5a37c4f2f906bbb67ebe7dcfebd3dded42f94,full,13655514B47112439721810,Setor de Nhacra,True,True,disjoint,False,False,
component,physical-component:d7de26c005e9d120ffbbee70f1c5a37c4f2f906bbb67ebe7dcfebd3dded42f94,full,13655514B47480576799194,Setor de Sonaco,True,True,disjoint,False,False,
component,physical-component:d7de26c005e9d120ffbbee70f1c5a37c4f2f906bbb67ebe7dcfebd3dded42f94,full,13655514B48763126228848,Setor de Bedanda,True,True,disjoint,False,False,
component,physical-component:d7de26c005e9d120ffbbee70f1c5a37c4f2f906bbb67ebe7dcfebd3dded42f94,full,13655514B49812801634354,Setor de Mansaba,True,True,disjoint,False,False,
component,physical-component:d7de26c005e9d120ffbbee70f1c5a37c4f2f906bbb67ebe7dcfebd3dded42f94,full,13655514B51179315853055,Contuboel,True,True,disjoint,False,False,
component,physical-component:d7de26c005e9d120ffbbee70f1c5a37c4f2f906bbb67ebe7dcfebd3dded42f94,full,13655514B53615250576563,Setor de Prabis,True,True,disjoint,False,False,
component,physical-component:d7de26c005e9d120ffbbee70f1c5a37c4f2f906bbb67ebe7dcfebd3dded42f94,full,13655514B57644193184055,Setor de Farim,True,True,disjoint,False,False,
component,physical-component:d7de26c005e9d120ffbbee70f1c5a37c4f2f906bbb67ebe7dcfebd3dded42f94,full,13655514B57740331915335,Setor de Bissora,True,True,disjoint,False,False,
component,physical-component:d7de26c005e9d120ffbbee70f1c5a37c4f2f906bbb67ebe7dcfebd3dded42f94,full,13655514B59106895169358,Setor de Caravela,True,True,positive-area,False,False,component:physical-component:d7de26c005e9d120ffbbee70f1c5a37c4f2f906bbb67ebe7dcfebd3dded42f94|full:13655514B59106895169358
component,physical-component:d7de26c005e9d120ffbbee70f1c5a37c4f2f906bbb67ebe7dcfebd3dded42f94,full,13655514B65296626482863,Setor de Gabv,True,True,disjoint,False,False,
component,physical-component:d7de26c005e9d120ffbbee70f1c5a37c4f2f906bbb67ebe7dcfebd3dded42f94,full,13655514B65471558325414,Setor de Xitole,True,True,disjoint,False,False,
component,physical-component:d7de26c005e9d120ffbbee70f1c5a37c4f2f906bbb67ebe7dcfebd3dded42f94,full,13655514B65726406107890,Setor de Gamamundo,True,True,disjoint,False,False,
component,physical-component:d7de26c005e9d120ffbbee70f1c5a37c4f2f906bbb67ebe7dcfebd3dded42f94,full,13655514B65757043009502,Setor de Safim,True,True,disjoint,False,False,
component,physical-component:d7de26c005e9d120ffbbee70f1c5a37c4f2f906bbb67ebe7dcfebd3dded42f94,full,13655514B66751603958816,Setor de Quinh,True,True,disjoint,False,False,
component,physical-component:d7de26c005e9d120ffbbee70f1c5a37c4f2f906bbb67ebe7dcfebd3dded42f94,full,13655514B71925291750028,Setor de Cacine,True,True,disjoint,False,False,
component,physical-component:d7de26c005e9d120ffbbee70f1c5a37c4f2f906bbb67ebe7dcfebd3dded42f94,full,13655514B76388735674013,Setor de Bigene,True,True,disjoint,False,False,
component,physical-component:d7de26c005e9d120ffbbee70f1c5a37c4f2f906bbb67ebe7dcfebd3dded42f94,full,13655514B77006902429960,Setor de Bolama,True,True,disjoint,False,False,
component,physical-component:d7de26c005e9d120ffbbee70f1c5a37c4f2f906bbb67ebe7dcfebd3dded42f94,full,13655514B8216177448850,Setor de Caiv,True,True,disjoint,False,False,
component,physical-component:d7de26c005e9d120ffbbee70f1c5a37c4f2f906bbb67ebe7dcfebd3dded42f94,full,13655514B91246233663569,Setor de Canghungo,True,True,disjoint,False,False,
component,physical-component:d7de26c005e9d120ffbbee70f1c5a37c4f2f906bbb67ebe7dcfebd3dded42f94,full,13655514B91994517778696,Setor de Sto Domingos,True,True,disjoint,False,False,
component,physical-component:d7de26c005e9d120ffbbee70f1c5a37c4f2f906bbb67ebe7dcfebd3dded42f94,full,13655514B9524670555472,Setor de Fulacunda,True,True,disjoint,False,False,
component,physical-component:d7de26c005e9d120ffbbee70f1c5a37c4f2f906bbb67ebe7dcfebd3dded42f94,full,13655514B95678269815128,Setor de Cacheu,True,True,disjoint,False,False,
component,physical-component:d7de26c005e9d120ffbbee70f1c5a37c4f2f906bbb67ebe7dcfebd3dded42f94,full,13655514B97576906537580,Setor de Pitche,True,True,disjoint,False,False,
component,physical-component:d7de26c005e9d120ffbbee70f1c5a37c4f2f906bbb67ebe7dcfebd3dded42f94,full,13655514B98496568253651,Setor de Bubaque,True,True,disjoint,False,False,
component,physical-component:d7de26c005e9d120ffbbee70f1c5a37c4f2f906bbb67ebe7dcfebd3dded42f94,full,13655514B99052541590952,Setor de Boe,True,True,disjoint,False,False,
component,physical-component:d7de26c005e9d120ffbbee70f1c5a37c4f2f906bbb67ebe7dcfebd3dded42f94,simplified,13655514B11561761851968,Setor de Bula,True,True,disjoint,False,False,
component,physical-component:d7de26c005e9d120ffbbee70f1c5a37c4f2f906bbb67ebe7dcfebd3dded42f94,simplified,13655514B12793543239296,Setor de Quebo,True,True,disjoint,False,False,
component,physical-component:d7de26c005e9d120ffbbee70f1c5a37c4f2f906bbb67ebe7dcfebd3dded42f94,simplified,13655514B15077734082289,Setor de Bafata,True,True,disjoint,False,False,
component,physical-component:d7de26c005e9d120ffbbee70f1c5a37c4f2f906bbb67ebe7dcfebd3dded42f94,simplified,13655514B15408487636665,Setor de Madina do Bo˒,True,True,disjoint,False,False,
component,physical-component:d7de26c005e9d120ffbbee70f1c5a37c4f2f906bbb67ebe7dcfebd3dded42f94,simplified,13655514B16168252486838,Setor de Pirada,True,True,disjoint,False,False,
component,physical-component:d7de26c005e9d120ffbbee70f1c5a37c4f2f906bbb67ebe7dcfebd3dded42f94,simplified,13655514B168355566476,Setor de Bambadinca,True,True,disjoint,False,False,
component,physical-component:d7de26c005e9d120ffbbee70f1c5a37c4f2f906bbb67ebe7dcfebd3dded42f94,simplified,13655514B24413703823033,Setor de Catie,True,True,disjoint,False,False,
component,physical-component:d7de26c005e9d120ffbbee70f1c5a37c4f2f906bbb67ebe7dcfebd3dded42f94,simplified,13655514B30693048438959,Setor de Empada,True,True,disjoint,False,False,
component,physical-component:d7de26c005e9d120ffbbee70f1c5a37c4f2f906bbb67ebe7dcfebd3dded42f94,simplified,13655514B31772276876031,Setor de Mansoa,True,True,disjoint,False,False,
component,physical-component:d7de26c005e9d120ffbbee70f1c5a37c4f2f906bbb67ebe7dcfebd3dded42f94,simplified,13655514B37452641895852,Setor de Buba,True,True,disjoint,False,False,
component,physical-component:d7de26c005e9d120ffbbee70f1c5a37c4f2f906bbb67ebe7dcfebd3dded42f94,simplified,13655514B37576476310465,Setor de Tite,True,True,disjoint,False,False,
component,physical-component:d7de26c005e9d120ffbbee70f1c5a37c4f2f906bbb67ebe7dcfebd3dded42f94,simplified,13655514B38974563194217,Bissau Autonomous Sector,True,True,disjoint,False,False,
component,physical-component:d7de26c005e9d120ffbbee70f1c5a37c4f2f906bbb67ebe7dcfebd3dded42f94,simplified,13655514B4319146558278,Setor de Galomaro,True,True,disjoint,False,False,
component,physical-component:d7de26c005e9d120ffbbee70f1c5a37c4f2f906bbb67ebe7dcfebd3dded42f94,simplified,13655514B44985576134462,Setor de Uno,True,True,disjoint,False,False,
component,physical-component:d7de26c005e9d120ffbbee70f1c5a37c4f2f906bbb67ebe7dcfebd3dded42f94,simplified,13655514B47112439721810,Setor de Nhacra,True,True,disjoint,False,False,
component,physical-component:d7de26c005e9d120ffbbee70f1c5a37c4f2f906bbb67ebe7dcfebd3dded42f94,simplified,13655514B47480576799194,Setor de Sonaco,True,True,disjoint,False,False,
component,physical-component:d7de26c005e9d120ffbbee70f1c5a37c4f2f906bbb67ebe7dcfebd3dded42f94,simplified,13655514B48763126228848,Setor de Bedanda,True,True,disjoint,False,False,
component,physical-component:d7de26c005e9d120ffbbee70f1c5a37c4f2f906bbb67ebe7dcfebd3dded42f94,simplified,13655514B49812801634354,Setor de Mansaba,True,True,disjoint,False,False,
component,physical-component:d7de26c005e9d120ffbbee70f1c5a37c4f2f906bbb67ebe7dcfebd3dded42f94,simplified,13655514B51179315853055,Contuboel,True,True,disjoint,False,False,
component,physical-component:d7de26c005e9d120ffbbee70f1c5a37c4f2f906bbb67ebe7dcfebd3dded42f94,simplified,13655514B53615250576563,Setor de Prabis,True,True,disjoint,False,False,
component,physical-component:d7de26c005e9d120ffbbee70f1c5a37c4f2f906bbb67ebe7dcfebd3dded42f94,simplified,13655514B57644193184055,Setor de Farim,True,True,disjoint,False,False,
component,physical-component:d7de26c005e9d120ffbbee70f1c5a37c4f2f906bbb67ebe7dcfebd3dded42f94,simplified,13655514B57740331915335,Setor de Bissora,True,True,disjoint,False,False,
component,physical-component:d7de26c005e9d120ffbbee70f1c5a37c4f2f906bbb67ebe7dcfebd3dded42f94,simplified,13655514B59106895169358,Setor de Caravela,True,True,positive-area,False,False,component:physical-component:d7de26c005e9d120ffbbee70f1c5a37c4f2f906bbb67ebe7dcfebd3dded42f94|simplified:13655514B59106895169358
component,physical-component:d7de26c005e9d120ffbbee70f1c5a37c4f2f906bbb67ebe7dcfebd3dded42f94,simplified,13655514B65296626482863,Setor de Gabv,True,True,disjoint,False,False,
component,physical-component:d7de26c005e9d120ffbbee70f1c5a37c4f2f906bbb67ebe7dcfebd3dded42f94,simplified,13655514B65471558325414,Setor de Xitole,True,True,disjoint,False,False,
component,physical-component:d7de26c005e9d120ffbbee70f1c5a37c4f2f906bbb67ebe7dcfebd3dded42f94,simplified,13655514B65726406107890,Setor de Gamamundo,True,True,disjoint,False,False,
component,physical-component:d7de26c005e9d120ffbbee70f1c5a37c4f2f906bbb67ebe7dcfebd3dded42f94,simplified,13655514B65757043009502,Setor de Safim,True,True,disjoint,False,False,
component,physical-component:d7de26c005e9d120ffbbee70f1c5a37c4f2f906bbb67ebe7dcfebd3dded42f94,simplified,13655514B66751603958816,Setor de Quinh,True,True,disjoint,False,False,
component,physical-component:d7de26c005e9d120ffbbee70f1c5a37c4f2f906bbb67ebe7dcfebd3dded42f94,simplified,13655514B71925291750028,Setor de Cacine,True,True,disjoint,False,False,
component,physical-component:d7de26c005e9d120ffbbee70f1c5a37c4f2f906bbb67ebe7dcfebd3dded42f94,simplified,13655514B76388735674013,Setor de Bigene,True,True,disjoint,False,False,
component,physical-component:d7de26c005e9d120ffbbee70f1c5a37c4f2f906bbb67ebe7dcfebd3dded42f94,simplified,13655514B77006902429960,Setor de Bolama,True,True,disjoint,False,False,
component,physical-component:d7de26c005e9d120ffbbee70f1c5a37c4f2f906bbb67ebe7dcfebd3dded42f94,simplified,13655514B8216177448850,Setor de Caiv,True,True,disjoint,False,False,
component,physical-component:d7de26c005e9d120ffbbee70f1c5a37c4f2f906bbb67ebe7dcfebd3dded42f94,simplified,13655514B91246233663569,Setor de Canghungo,True,True,disjoint,False,False,
component,physical-component:d7de26c005e9d120ffbbee70f1c5a37c4f2f906bbb67ebe7dcfebd3dded42f94,simplified,13655514B91994517778696,Setor de Sto Domingos,True,True,disjoint,False,False,
component,physical-component:d7de26c005e9d120ffbbee70f1c5a37c4f2f906bbb67ebe7dcfebd3dded42f94,simplified,13655514B9524670555472,Setor de Fulacunda,True,True,disjoint,False,False,
component,physical-component:d7de26c005e9d120ffbbee70f1c5a37c4f2f906bbb67ebe7dcfebd3dded42f94,simplified,13655514B95678269815128,Setor de Cacheu,True,True,disjoint,False,False,
component,physical-component:d7de26c005e9d120ffbbee70f1c5a37c4f2f906bbb67ebe7dcfebd3dded42f94,simplified,13655514B97576906537580,Setor de Pitche,True,True,disjoint,False,False,
component,physical-component:d7de26c005e9d120ffbbee70f1c5a37c4f2f906bbb67ebe7dcfebd3dded42f94,simplified,13655514B98496568253651,Setor de Bubaque,True,True,disjoint,False,False,
component,physical-component:d7de26c005e9d120ffbbee70f1c5a37c4f2f906bbb67ebe7dcfebd3dded42f94,simplified,13655514B99052541590952,Setor de Boe,True,True,disjoint,False,False,
component,physical-component:dfdb1273d6ac41e3acd4fb9cb2fc123552bf3de45ebaef5892daa46e27d7128e,full,13655514B11561761851968,Setor de Bula,True,True,disjoint,False,False,
component,physical-component:dfdb1273d6ac41e3acd4fb9cb2fc123552bf3de45ebaef5892daa46e27d7128e,full,13655514B12793543239296,Setor de Quebo,True,True,disjoint,False,False,
component,physical-component:dfdb1273d6ac41e3acd4fb9cb2fc123552bf3de45ebaef5892daa46e27d7128e,full,13655514B15077734082289,Setor de Bafata,True,True,disjoint,False,False,
component,physical-component:dfdb1273d6ac41e3acd4fb9cb2fc123552bf3de45ebaef5892daa46e27d7128e,full,13655514B15408487636665,Setor de Madina do Bo˒,True,True,disjoint,False,False,
component,physical-component:dfdb1273d6ac41e3acd4fb9cb2fc123552bf3de45ebaef5892daa46e27d7128e,full,13655514B16168252486838,Setor de Pirada,True,True,disjoint,False,False,
component,physical-component:dfdb1273d6ac41e3acd4fb9cb2fc123552bf3de45ebaef5892daa46e27d7128e,full,13655514B168355566476,Setor de Bambadinca,True,True,disjoint,False,False,
component,physical-component:dfdb1273d6ac41e3acd4fb9cb2fc123552bf3de45ebaef5892daa46e27d7128e,full,13655514B24413703823033,Setor de Catie,True,True,disjoint,False,False,
component,physical-component:dfdb1273d6ac41e3acd4fb9cb2fc123552bf3de45ebaef5892daa46e27d7128e,full,13655514B30693048438959,Setor de Empada,True,True,disjoint,False,False,
component,physical-component:dfdb1273d6ac41e3acd4fb9cb2fc123552bf3de45ebaef5892daa46e27d7128e,full,13655514B31772276876031,Setor de Mansoa,True,True,disjoint,False,False,
component,physical-component:dfdb1273d6ac41e3acd4fb9cb2fc123552bf3de45ebaef5892daa46e27d7128e,full,13655514B37452641895852,Setor de Buba,True,True,disjoint,False,False,
component,physical-component:dfdb1273d6ac41e3acd4fb9cb2fc123552bf3de45ebaef5892daa46e27d7128e,full,13655514B37576476310465,Setor de Tite,True,True,disjoint,False,False,
component,physical-component:dfdb1273d6ac41e3acd4fb9cb2fc123552bf3de45ebaef5892daa46e27d7128e,full,13655514B38974563194217,Bissau Autonomous Sector,True,True,disjoint,False,False,
component,physical-component:dfdb1273d6ac41e3acd4fb9cb2fc123552bf3de45ebaef5892daa46e27d7128e,full,13655514B4319146558278,Setor de Galomaro,True,True,disjoint,False,False,
component,physical-component:dfdb1273d6ac41e3acd4fb9cb2fc123552bf3de45ebaef5892daa46e27d7128e,full,13655514B44985576134462,Setor de Uno,True,True,disjoint,False,False,
component,physical-component:dfdb1273d6ac41e3acd4fb9cb2fc123552bf3de45ebaef5892daa46e27d7128e,full,13655514B47112439721810,Setor de Nhacra,True,True,disjoint,False,False,
component,physical-component:dfdb1273d6ac41e3acd4fb9cb2fc123552bf3de45ebaef5892daa46e27d7128e,full,13655514B47480576799194,Setor de Sonaco,True,True,disjoint,False,False,
component,physical-component:dfdb1273d6ac41e3acd4fb9cb2fc123552bf3de45ebaef5892daa46e27d7128e,full,13655514B48763126228848,Setor de Bedanda,True,True,disjoint,False,False,
component,physical-component:dfdb1273d6ac41e3acd4fb9cb2fc123552bf3de45ebaef5892daa46e27d7128e,full,13655514B49812801634354,Setor de Mansaba,True,True,disjoint,False,False,
component,physical-component:dfdb1273d6ac41e3acd4fb9cb2fc123552bf3de45ebaef5892daa46e27d7128e,full,13655514B51179315853055,Contuboel,True,True,disjoint,False,False,
component,physical-component:dfdb1273d6ac41e3acd4fb9cb2fc123552bf3de45ebaef5892daa46e27d7128e,full,13655514B53615250576563,Setor de Prabis,True,True,disjoint,False,False,
component,physical-component:dfdb1273d6ac41e3acd4fb9cb2fc123552bf3de45ebaef5892daa46e27d7128e,full,13655514B57644193184055,Setor de Farim,True,True,disjoint,False,False,
component,physical-component:dfdb1273d6ac41e3acd4fb9cb2fc123552bf3de45ebaef5892daa46e27d7128e,full,13655514B57740331915335,Setor de Bissora,True,True,disjoint,False,False,
component,physical-component:dfdb1273d6ac41e3acd4fb9cb2fc123552bf3de45ebaef5892daa46e27d7128e,full,13655514B59106895169358,Setor de Caravela,True,True,disjoint,False,False,
component,physical-component:dfdb1273d6ac41e3acd4fb9cb2fc123552bf3de45ebaef5892daa46e27d7128e,full,13655514B65296626482863,Setor de Gabv,True,True,disjoint,False,False,
component,physical-component:dfdb1273d6ac41e3acd4fb9cb2fc123552bf3de45ebaef5892daa46e27d7128e,full,13655514B65471558325414,Setor de Xitole,True,True,disjoint,False,False,
component,physical-component:dfdb1273d6ac41e3acd4fb9cb2fc123552bf3de45ebaef5892daa46e27d7128e,full,13655514B65726406107890,Setor de Gamamundo,True,True,disjoint,False,False,
component,physical-component:dfdb1273d6ac41e3acd4fb9cb2fc123552bf3de45ebaef5892daa46e27d7128e,full,13655514B65757043009502,Setor de Safim,True,True,disjoint,False,False,
component,physical-component:dfdb1273d6ac41e3acd4fb9cb2fc123552bf3de45ebaef5892daa46e27d7128e,full,13655514B66751603958816,Setor de Quinh,True,True,disjoint,False,False,
component,physical-component:dfdb1273d6ac41e3acd4fb9cb2fc123552bf3de45ebaef5892daa46e27d7128e,full,13655514B71925291750028,Setor de Cacine,True,True,disjoint,False,False,
component,physical-component:dfdb1273d6ac41e3acd4fb9cb2fc123552bf3de45ebaef5892daa46e27d7128e,full,13655514B76388735674013,Setor de Bigene,True,True,disjoint,False,False,
component,physical-component:dfdb1273d6ac41e3acd4fb9cb2fc123552bf3de45ebaef5892daa46e27d7128e,full,13655514B77006902429960,Setor de Bolama,True,True,disjoint,False,False,
component,physical-component:dfdb1273d6ac41e3acd4fb9cb2fc123552bf3de45ebaef5892daa46e27d7128e,full,13655514B8216177448850,Setor de Caiv,True,True,disjoint,False,False,
component,physical-component:dfdb1273d6ac41e3acd4fb9cb2fc123552bf3de45ebaef5892daa46e27d7128e,full,13655514B91246233663569,Setor de Canghungo,True,True,disjoint,False,False,
component,physical-component:dfdb1273d6ac41e3acd4fb9cb2fc123552bf3de45ebaef5892daa46e27d7128e,full,13655514B91994517778696,Setor de Sto Domingos,True,True,disjoint,False,False,
component,physical-component:dfdb1273d6ac41e3acd4fb9cb2fc123552bf3de45ebaef5892daa46e27d7128e,full,13655514B9524670555472,Setor de Fulacunda,True,True,disjoint,False,False,
component,physical-component:dfdb1273d6ac41e3acd4fb9cb2fc123552bf3de45ebaef5892daa46e27d7128e,full,13655514B95678269815128,Setor de Cacheu,True,True,disjoint,False,False,
component,physical-component:dfdb1273d6ac41e3acd4fb9cb2fc123552bf3de45ebaef5892daa46e27d7128e,full,13655514B97576906537580,Setor de Pitche,True,True,disjoint,False,False,
component,physical-component:dfdb1273d6ac41e3acd4fb9cb2fc123552bf3de45ebaef5892daa46e27d7128e,full,13655514B98496568253651,Setor de Bubaque,True,True,positive-area,False,False,component:physical-component:dfdb1273d6ac41e3acd4fb9cb2fc123552bf3de45ebaef5892daa46e27d7128e|full:13655514B98496568253651
component,physical-component:dfdb1273d6ac41e3acd4fb9cb2fc123552bf3de45ebaef5892daa46e27d7128e,full,13655514B99052541590952,Setor de Boe,True,True,disjoint,False,False,
component,physical-component:dfdb1273d6ac41e3acd4fb9cb2fc123552bf3de45ebaef5892daa46e27d7128e,simplified,13655514B11561761851968,Setor de Bula,True,True,disjoint,False,False,
component,physical-component:dfdb1273d6ac41e3acd4fb9cb2fc123552bf3de45ebaef5892daa46e27d7128e,simplified,13655514B12793543239296,Setor de Quebo,True,True,disjoint,False,False,
component,physical-component:dfdb1273d6ac41e3acd4fb9cb2fc123552bf3de45ebaef5892daa46e27d7128e,simplified,13655514B15077734082289,Setor de Bafata,True,True,disjoint,False,False,
component,physical-component:dfdb1273d6ac41e3acd4fb9cb2fc123552bf3de45ebaef5892daa46e27d7128e,simplified,13655514B15408487636665,Setor de Madina do Bo˒,True,True,disjoint,False,False,
component,physical-component:dfdb1273d6ac41e3acd4fb9cb2fc123552bf3de45ebaef5892daa46e27d7128e,simplified,13655514B16168252486838,Setor de Pirada,True,True,disjoint,False,False,
component,physical-component:dfdb1273d6ac41e3acd4fb9cb2fc123552bf3de45ebaef5892daa46e27d7128e,simplified,13655514B168355566476,Setor de Bambadinca,True,True,disjoint,False,False,
component,physical-component:dfdb1273d6ac41e3acd4fb9cb2fc123552bf3de45ebaef5892daa46e27d7128e,simplified,13655514B24413703823033,Setor de Catie,True,True,disjoint,False,False,
component,physical-component:dfdb1273d6ac41e3acd4fb9cb2fc123552bf3de45ebaef5892daa46e27d7128e,simplified,13655514B30693048438959,Setor de Empada,True,True,disjoint,False,False,
component,physical-component:dfdb1273d6ac41e3acd4fb9cb2fc123552bf3de45ebaef5892daa46e27d7128e,simplified,13655514B31772276876031,Setor de Mansoa,True,True,disjoint,False,False,
component,physical-component:dfdb1273d6ac41e3acd4fb9cb2fc123552bf3de45ebaef5892daa46e27d7128e,simplified,13655514B37452641895852,Setor de Buba,True,True,disjoint,False,False,
component,physical-component:dfdb1273d6ac41e3acd4fb9cb2fc123552bf3de45ebaef5892daa46e27d7128e,simplified,13655514B37576476310465,Setor de Tite,True,True,disjoint,False,False,
component,physical-component:dfdb1273d6ac41e3acd4fb9cb2fc123552bf3de45ebaef5892daa46e27d7128e,simplified,13655514B38974563194217,Bissau Autonomous Sector,True,True,disjoint,False,False,
component,physical-component:dfdb1273d6ac41e3acd4fb9cb2fc123552bf3de45ebaef5892daa46e27d7128e,simplified,13655514B4319146558278,Setor de Galomaro,True,True,disjoint,False,False,
component,physical-component:dfdb1273d6ac41e3acd4fb9cb2fc123552bf3de45ebaef5892daa46e27d7128e,simplified,13655514B44985576134462,Setor de Uno,True,True,disjoint,False,False,
component,physical-component:dfdb1273d6ac41e3acd4fb9cb2fc123552bf3de45ebaef5892daa46e27d7128e,simplified,13655514B47112439721810,Setor de Nhacra,True,True,disjoint,False,False,
component,physical-component:dfdb1273d6ac41e3acd4fb9cb2fc123552bf3de45ebaef5892daa46e27d7128e,simplified,13655514B47480576799194,Setor de Sonaco,True,True,disjoint,False,False,
component,physical-component:dfdb1273d6ac41e3acd4fb9cb2fc123552bf3de45ebaef5892daa46e27d7128e,simplified,13655514B48763126228848,Setor de Bedanda,True,True,disjoint,False,False,
component,physical-component:dfdb1273d6ac41e3acd4fb9cb2fc123552bf3de45ebaef5892daa46e27d7128e,simplified,13655514B49812801634354,Setor de Mansaba,True,True,disjoint,False,False,
component,physical-component:dfdb1273d6ac41e3acd4fb9cb2fc123552bf3de45ebaef5892daa46e27d7128e,simplified,13655514B51179315853055,Contuboel,True,True,disjoint,False,False,
component,physical-component:dfdb1273d6ac41e3acd4fb9cb2fc123552bf3de45ebaef5892daa46e27d7128e,simplified,13655514B53615250576563,Setor de Prabis,True,True,disjoint,False,False,
component,physical-component:dfdb1273d6ac41e3acd4fb9cb2fc123552bf3de45ebaef5892daa46e27d7128e,simplified,13655514B57644193184055,Setor de Farim,True,True,disjoint,False,False,
component,physical-component:dfdb1273d6ac41e3acd4fb9cb2fc123552bf3de45ebaef5892daa46e27d7128e,simplified,13655514B57740331915335,Setor de Bissora,True,True,disjoint,False,False,
component,physical-component:dfdb1273d6ac41e3acd4fb9cb2fc123552bf3de45ebaef5892daa46e27d7128e,simplified,13655514B59106895169358,Setor de Caravela,True,True,disjoint,False,False,
component,physical-component:dfdb1273d6ac41e3acd4fb9cb2fc123552bf3de45ebaef5892daa46e27d7128e,simplified,13655514B65296626482863,Setor de Gabv,True,True,disjoint,False,False,
component,physical-component:dfdb1273d6ac41e3acd4fb9cb2fc123552bf3de45ebaef5892daa46e27d7128e,simplified,13655514B65471558325414,Setor de Xitole,True,True,disjoint,False,False,
component,physical-component:dfdb1273d6ac41e3acd4fb9cb2fc123552bf3de45ebaef5892daa46e27d7128e,simplified,13655514B65726406107890,Setor de Gamamundo,True,True,disjoint,False,False,
component,physical-component:dfdb1273d6ac41e3acd4fb9cb2fc123552bf3de45ebaef5892daa46e27d7128e,simplified,13655514B65757043009502,Setor de Safim,True,True,disjoint,False,False,
component,physical-component:dfdb1273d6ac41e3acd4fb9cb2fc123552bf3de45ebaef5892daa46e27d7128e,simplified,13655514B66751603958816,Setor de Quinh,True,True,disjoint,False,False,
component,physical-component:dfdb1273d6ac41e3acd4fb9cb2fc123552bf3de45ebaef5892daa46e27d7128e,simplified,13655514B71925291750028,Setor de Cacine,True,True,disjoint,False,False,
component,physical-component:dfdb1273d6ac41e3acd4fb9cb2fc123552bf3de45ebaef5892daa46e27d7128e,simplified,13655514B76388735674013,Setor de Bigene,True,True,disjoint,False,False,
component,physical-component:dfdb1273d6ac41e3acd4fb9cb2fc123552bf3de45ebaef5892daa46e27d7128e,simplified,13655514B77006902429960,Setor de Bolama,True,True,disjoint,False,False,
component,physical-component:dfdb1273d6ac41e3acd4fb9cb2fc123552bf3de45ebaef5892daa46e27d7128e,simplified,13655514B8216177448850,Setor de Caiv,True,True,disjoint,False,False,
component,physical-component:dfdb1273d6ac41e3acd4fb9cb2fc123552bf3de45ebaef5892daa46e27d7128e,simplified,13655514B91246233663569,Setor de Canghungo,True,True,disjoint,False,False,
component,physical-component:dfdb1273d6ac41e3acd4fb9cb2fc123552bf3de45ebaef5892daa46e27d7128e,simplified,13655514B91994517778696,Setor de Sto Domingos,True,True,disjoint,False,False,
component,physical-component:dfdb1273d6ac41e3acd4fb9cb2fc123552bf3de45ebaef5892daa46e27d7128e,simplified,13655514B9524670555472,Setor de Fulacunda,True,True,disjoint,False,False,
component,physical-component:dfdb1273d6ac41e3acd4fb9cb2fc123552bf3de45ebaef5892daa46e27d7128e,simplified,13655514B95678269815128,Setor de Cacheu,True,True,disjoint,False,False,
component,physical-component:dfdb1273d6ac41e3acd4fb9cb2fc123552bf3de45ebaef5892daa46e27d7128e,simplified,13655514B97576906537580,Setor de Pitche,True,True,disjoint,False,False,
component,physical-component:dfdb1273d6ac41e3acd4fb9cb2fc123552bf3de45ebaef5892daa46e27d7128e,simplified,13655514B98496568253651,Setor de Bubaque,True,True,positive-area,False,False,component:physical-component:dfdb1273d6ac41e3acd4fb9cb2fc123552bf3de45ebaef5892daa46e27d7128e|simplified:13655514B98496568253651
component,physical-component:dfdb1273d6ac41e3acd4fb9cb2fc123552bf3de45ebaef5892daa46e27d7128e,simplified,13655514B99052541590952,Setor de Boe,True,True,disjoint,False,False,
component,physical-component:e3f2ee019b052e6a33ce3088bc74d2b91dc82999ef35fb700b1236870bd45a87,full,13655514B11561761851968,Setor de Bula,True,True,disjoint,False,False,
component,physical-component:e3f2ee019b052e6a33ce3088bc74d2b91dc82999ef35fb700b1236870bd45a87,full,13655514B12793543239296,Setor de Quebo,True,True,disjoint,False,False,
component,physical-component:e3f2ee019b052e6a33ce3088bc74d2b91dc82999ef35fb700b1236870bd45a87,full,13655514B15077734082289,Setor de Bafata,True,True,disjoint,False,False,
component,physical-component:e3f2ee019b052e6a33ce3088bc74d2b91dc82999ef35fb700b1236870bd45a87,full,13655514B15408487636665,Setor de Madina do Bo˒,True,True,disjoint,False,False,
component,physical-component:e3f2ee019b052e6a33ce3088bc74d2b91dc82999ef35fb700b1236870bd45a87,full,13655514B16168252486838,Setor de Pirada,True,True,disjoint,False,False,
component,physical-component:e3f2ee019b052e6a33ce3088bc74d2b91dc82999ef35fb700b1236870bd45a87,full,13655514B168355566476,Setor de Bambadinca,True,True,disjoint,False,False,
component,physical-component:e3f2ee019b052e6a33ce3088bc74d2b91dc82999ef35fb700b1236870bd45a87,full,13655514B24413703823033,Setor de Catie,True,True,disjoint,False,False,
component,physical-component:e3f2ee019b052e6a33ce3088bc74d2b91dc82999ef35fb700b1236870bd45a87,full,13655514B30693048438959,Setor de Empada,True,True,disjoint,False,False,
component,physical-component:e3f2ee019b052e6a33ce3088bc74d2b91dc82999ef35fb700b1236870bd45a87,full,13655514B31772276876031,Setor de Mansoa,True,True,disjoint,False,False,
component,physical-component:e3f2ee019b052e6a33ce3088bc74d2b91dc82999ef35fb700b1236870bd45a87,full,13655514B37452641895852,Setor de Buba,True,True,disjoint,False,False,
component,physical-component:e3f2ee019b052e6a33ce3088bc74d2b91dc82999ef35fb700b1236870bd45a87,full,13655514B37576476310465,Setor de Tite,True,True,disjoint,False,False,
component,physical-component:e3f2ee019b052e6a33ce3088bc74d2b91dc82999ef35fb700b1236870bd45a87,full,13655514B38974563194217,Bissau Autonomous Sector,True,True,disjoint,False,False,
component,physical-component:e3f2ee019b052e6a33ce3088bc74d2b91dc82999ef35fb700b1236870bd45a87,full,13655514B4319146558278,Setor de Galomaro,True,True,disjoint,False,False,
component,physical-component:e3f2ee019b052e6a33ce3088bc74d2b91dc82999ef35fb700b1236870bd45a87,full,13655514B44985576134462,Setor de Uno,True,True,disjoint,False,False,
component,physical-component:e3f2ee019b052e6a33ce3088bc74d2b91dc82999ef35fb700b1236870bd45a87,full,13655514B47112439721810,Setor de Nhacra,True,True,disjoint,False,False,
component,physical-component:e3f2ee019b052e6a33ce3088bc74d2b91dc82999ef35fb700b1236870bd45a87,full,13655514B47480576799194,Setor de Sonaco,True,True,disjoint,False,False,
component,physical-component:e3f2ee019b052e6a33ce3088bc74d2b91dc82999ef35fb700b1236870bd45a87,full,13655514B48763126228848,Setor de Bedanda,True,True,disjoint,False,False,
component,physical-component:e3f2ee019b052e6a33ce3088bc74d2b91dc82999ef35fb700b1236870bd45a87,full,13655514B49812801634354,Setor de Mansaba,True,True,disjoint,False,False,
component,physical-component:e3f2ee019b052e6a33ce3088bc74d2b91dc82999ef35fb700b1236870bd45a87,full,13655514B51179315853055,Contuboel,True,True,disjoint,False,False,
component,physical-component:e3f2ee019b052e6a33ce3088bc74d2b91dc82999ef35fb700b1236870bd45a87,full,13655514B53615250576563,Setor de Prabis,True,True,disjoint,False,False,
component,physical-component:e3f2ee019b052e6a33ce3088bc74d2b91dc82999ef35fb700b1236870bd45a87,full,13655514B57644193184055,Setor de Farim,True,True,disjoint,False,False,
component,physical-component:e3f2ee019b052e6a33ce3088bc74d2b91dc82999ef35fb700b1236870bd45a87,full,13655514B57740331915335,Setor de Bissora,True,True,disjoint,False,False,
component,physical-component:e3f2ee019b052e6a33ce3088bc74d2b91dc82999ef35fb700b1236870bd45a87,full,13655514B59106895169358,Setor de Caravela,True,True,disjoint,False,False,
component,physical-component:e3f2ee019b052e6a33ce3088bc74d2b91dc82999ef35fb700b1236870bd45a87,full,13655514B65296626482863,Setor de Gabv,True,True,disjoint,False,False,
component,physical-component:e3f2ee019b052e6a33ce3088bc74d2b91dc82999ef35fb700b1236870bd45a87,full,13655514B65471558325414,Setor de Xitole,True,True,disjoint,False,False,
component,physical-component:e3f2ee019b052e6a33ce3088bc74d2b91dc82999ef35fb700b1236870bd45a87,full,13655514B65726406107890,Setor de Gamamundo,True,True,disjoint,False,False,
component,physical-component:e3f2ee019b052e6a33ce3088bc74d2b91dc82999ef35fb700b1236870bd45a87,full,13655514B65757043009502,Setor de Safim,True,True,disjoint,False,False,
component,physical-component:e3f2ee019b052e6a33ce3088bc74d2b91dc82999ef35fb700b1236870bd45a87,full,13655514B66751603958816,Setor de Quinh,True,True,disjoint,False,False,
component,physical-component:e3f2ee019b052e6a33ce3088bc74d2b91dc82999ef35fb700b1236870bd45a87,full,13655514B71925291750028,Setor de Cacine,True,True,disjoint,False,False,
component,physical-component:e3f2ee019b052e6a33ce3088bc74d2b91dc82999ef35fb700b1236870bd45a87,full,13655514B76388735674013,Setor de Bigene,True,True,disjoint,False,False,
component,physical-component:e3f2ee019b052e6a33ce3088bc74d2b91dc82999ef35fb700b1236870bd45a87,full,13655514B77006902429960,Setor de Bolama,True,True,disjoint,False,False,
component,physical-component:e3f2ee019b052e6a33ce3088bc74d2b91dc82999ef35fb700b1236870bd45a87,full,13655514B8216177448850,Setor de Caiv,True,True,disjoint,False,False,
component,physical-component:e3f2ee019b052e6a33ce3088bc74d2b91dc82999ef35fb700b1236870bd45a87,full,13655514B91246233663569,Setor de Canghungo,True,True,disjoint,False,False,
component,physical-component:e3f2ee019b052e6a33ce3088bc74d2b91dc82999ef35fb700b1236870bd45a87,full,13655514B91994517778696,Setor de Sto Domingos,True,True,disjoint,False,False,
component,physical-component:e3f2ee019b052e6a33ce3088bc74d2b91dc82999ef35fb700b1236870bd45a87,full,13655514B9524670555472,Setor de Fulacunda,True,True,disjoint,False,False,
component,physical-component:e3f2ee019b052e6a33ce3088bc74d2b91dc82999ef35fb700b1236870bd45a87,full,13655514B95678269815128,Setor de Cacheu,True,True,disjoint,False,False,
component,physical-component:e3f2ee019b052e6a33ce3088bc74d2b91dc82999ef35fb700b1236870bd45a87,full,13655514B97576906537580,Setor de Pitche,True,True,disjoint,False,False,
component,physical-component:e3f2ee019b052e6a33ce3088bc74d2b91dc82999ef35fb700b1236870bd45a87,full,13655514B98496568253651,Setor de Bubaque,True,True,positive-area,False,False,component:physical-component:e3f2ee019b052e6a33ce3088bc74d2b91dc82999ef35fb700b1236870bd45a87|full:13655514B98496568253651
component,physical-component:e3f2ee019b052e6a33ce3088bc74d2b91dc82999ef35fb700b1236870bd45a87,full,13655514B99052541590952,Setor de Boe,True,True,disjoint,False,False,
component,physical-component:e3f2ee019b052e6a33ce3088bc74d2b91dc82999ef35fb700b1236870bd45a87,simplified,13655514B11561761851968,Setor de Bula,True,True,disjoint,False,False,
component,physical-component:e3f2ee019b052e6a33ce3088bc74d2b91dc82999ef35fb700b1236870bd45a87,simplified,13655514B12793543239296,Setor de Quebo,True,True,disjoint,False,False,
component,physical-component:e3f2ee019b052e6a33ce3088bc74d2b91dc82999ef35fb700b1236870bd45a87,simplified,13655514B15077734082289,Setor de Bafata,True,True,disjoint,False,False,
component,physical-component:e3f2ee019b052e6a33ce3088bc74d2b91dc82999ef35fb700b1236870bd45a87,simplified,13655514B15408487636665,Setor de Madina do Bo˒,True,True,disjoint,False,False,
component,physical-component:e3f2ee019b052e6a33ce3088bc74d2b91dc82999ef35fb700b1236870bd45a87,simplified,13655514B16168252486838,Setor de Pirada,True,True,disjoint,False,False,
component,physical-component:e3f2ee019b052e6a33ce3088bc74d2b91dc82999ef35fb700b1236870bd45a87,simplified,13655514B168355566476,Setor de Bambadinca,True,True,disjoint,False,False,
component,physical-component:e3f2ee019b052e6a33ce3088bc74d2b91dc82999ef35fb700b1236870bd45a87,simplified,13655514B24413703823033,Setor de Catie,True,True,disjoint,False,False,
component,physical-component:e3f2ee019b052e6a33ce3088bc74d2b91dc82999ef35fb700b1236870bd45a87,simplified,13655514B30693048438959,Setor de Empada,True,True,disjoint,False,False,
component,physical-component:e3f2ee019b052e6a33ce3088bc74d2b91dc82999ef35fb700b1236870bd45a87,simplified,13655514B31772276876031,Setor de Mansoa,True,True,disjoint,False,False,
component,physical-component:e3f2ee019b052e6a33ce3088bc74d2b91dc82999ef35fb700b1236870bd45a87,simplified,13655514B37452641895852,Setor de Buba,True,True,disjoint,False,False,
component,physical-component:e3f2ee019b052e6a33ce3088bc74d2b91dc82999ef35fb700b1236870bd45a87,simplified,13655514B37576476310465,Setor de Tite,True,True,disjoint,False,False,
component,physical-component:e3f2ee019b052e6a33ce3088bc74d2b91dc82999ef35fb700b1236870bd45a87,simplified,13655514B38974563194217,Bissau Autonomous Sector,True,True,disjoint,False,False,
component,physical-component:e3f2ee019b052e6a33ce3088bc74d2b91dc82999ef35fb700b1236870bd45a87,simplified,13655514B4319146558278,Setor de Galomaro,True,True,disjoint,False,False,
component,physical-component:e3f2ee019b052e6a33ce3088bc74d2b91dc82999ef35fb700b1236870bd45a87,simplified,13655514B44985576134462,Setor de Uno,True,True,disjoint,False,False,
component,physical-component:e3f2ee019b052e6a33ce3088bc74d2b91dc82999ef35fb700b1236870bd45a87,simplified,13655514B47112439721810,Setor de Nhacra,True,True,disjoint,False,False,
component,physical-component:e3f2ee019b052e6a33ce3088bc74d2b91dc82999ef35fb700b1236870bd45a87,simplified,13655514B47480576799194,Setor de Sonaco,True,True,disjoint,False,False,
component,physical-component:e3f2ee019b052e6a33ce3088bc74d2b91dc82999ef35fb700b1236870bd45a87,simplified,13655514B48763126228848,Setor de Bedanda,True,True,disjoint,False,False,
component,physical-component:e3f2ee019b052e6a33ce3088bc74d2b91dc82999ef35fb700b1236870bd45a87,simplified,13655514B49812801634354,Setor de Mansaba,True,True,disjoint,False,False,
component,physical-component:e3f2ee019b052e6a33ce3088bc74d2b91dc82999ef35fb700b1236870bd45a87,simplified,13655514B51179315853055,Contuboel,True,True,disjoint,False,False,
component,physical-component:e3f2ee019b052e6a33ce3088bc74d2b91dc82999ef35fb700b1236870bd45a87,simplified,13655514B53615250576563,Setor de Prabis,True,True,disjoint,False,False,
component,physical-component:e3f2ee019b052e6a33ce3088bc74d2b91dc82999ef35fb700b1236870bd45a87,simplified,13655514B57644193184055,Setor de Farim,True,True,disjoint,False,False,
component,physical-component:e3f2ee019b052e6a33ce3088bc74d2b91dc82999ef35fb700b1236870bd45a87,simplified,13655514B57740331915335,Setor de Bissora,True,True,disjoint,False,False,
component,physical-component:e3f2ee019b052e6a33ce3088bc74d2b91dc82999ef35fb700b1236870bd45a87,simplified,13655514B59106895169358,Setor de Caravela,True,True,disjoint,False,False,
component,physical-component:e3f2ee019b052e6a33ce3088bc74d2b91dc82999ef35fb700b1236870bd45a87,simplified,13655514B65296626482863,Setor de Gabv,True,True,disjoint,False,False,
component,physical-component:e3f2ee019b052e6a33ce3088bc74d2b91dc82999ef35fb700b1236870bd45a87,simplified,13655514B65471558325414,Setor de Xitole,True,True,disjoint,False,False,
component,physical-component:e3f2ee019b052e6a33ce3088bc74d2b91dc82999ef35fb700b1236870bd45a87,simplified,13655514B65726406107890,Setor de Gamamundo,True,True,disjoint,False,False,
component,physical-component:e3f2ee019b052e6a33ce3088bc74d2b91dc82999ef35fb700b1236870bd45a87,simplified,13655514B65757043009502,Setor de Safim,True,True,disjoint,False,False,
component,physical-component:e3f2ee019b052e6a33ce3088bc74d2b91dc82999ef35fb700b1236870bd45a87,simplified,13655514B66751603958816,Setor de Quinh,True,True,disjoint,False,False,
component,physical-component:e3f2ee019b052e6a33ce3088bc74d2b91dc82999ef35fb700b1236870bd45a87,simplified,13655514B71925291750028,Setor de Cacine,True,True,disjoint,False,False,
component,physical-component:e3f2ee019b052e6a33ce3088bc74d2b91dc82999ef35fb700b1236870bd45a87,simplified,13655514B76388735674013,Setor de Bigene,True,True,disjoint,False,False,
component,physical-component:e3f2ee019b052e6a33ce3088bc74d2b91dc82999ef35fb700b1236870bd45a87,simplified,13655514B77006902429960,Setor de Bolama,True,True,disjoint,False,False,
component,physical-component:e3f2ee019b052e6a33ce3088bc74d2b91dc82999ef35fb700b1236870bd45a87,simplified,13655514B8216177448850,Setor de Caiv,True,True,disjoint,False,False,
component,physical-component:e3f2ee019b052e6a33ce3088bc74d2b91dc82999ef35fb700b1236870bd45a87,simplified,13655514B91246233663569,Setor de Canghungo,True,True,disjoint,False,False,
component,physical-component:e3f2ee019b052e6a33ce3088bc74d2b91dc82999ef35fb700b1236870bd45a87,simplified,13655514B91994517778696,Setor de Sto Domingos,True,True,disjoint,False,False,
component,physical-component:e3f2ee019b052e6a33ce3088bc74d2b91dc82999ef35fb700b1236870bd45a87,simplified,13655514B9524670555472,Setor de Fulacunda,True,True,disjoint,False,False,
component,physical-component:e3f2ee019b052e6a33ce3088bc74d2b91dc82999ef35fb700b1236870bd45a87,simplified,13655514B95678269815128,Setor de Cacheu,True,True,disjoint,False,False,
component,physical-component:e3f2ee019b052e6a33ce3088bc74d2b91dc82999ef35fb700b1236870bd45a87,simplified,13655514B97576906537580,Setor de Pitche,True,True,disjoint,False,False,
component,physical-component:e3f2ee019b052e6a33ce3088bc74d2b91dc82999ef35fb700b1236870bd45a87,simplified,13655514B98496568253651,Setor de Bubaque,True,True,positive-area,False,False,component:physical-component:e3f2ee019b052e6a33ce3088bc74d2b91dc82999ef35fb700b1236870bd45a87|simplified:13655514B98496568253651
component,physical-component:e3f2ee019b052e6a33ce3088bc74d2b91dc82999ef35fb700b1236870bd45a87,simplified,13655514B99052541590952,Setor de Boe,True,True,disjoint,False,False,
component,physical-component:e8c67eee7f99988e389ea2905e0c4ad18faa6f7952703eb8f2b4b8e38b507906,full,13655514B11561761851968,Setor de Bula,True,True,disjoint,False,False,
component,physical-component:e8c67eee7f99988e389ea2905e0c4ad18faa6f7952703eb8f2b4b8e38b507906,full,13655514B12793543239296,Setor de Quebo,True,True,disjoint,False,False,
component,physical-component:e8c67eee7f99988e389ea2905e0c4ad18faa6f7952703eb8f2b4b8e38b507906,full,13655514B15077734082289,Setor de Bafata,True,True,disjoint,False,False,
component,physical-component:e8c67eee7f99988e389ea2905e0c4ad18faa6f7952703eb8f2b4b8e38b507906,full,13655514B15408487636665,Setor de Madina do Bo˒,True,True,disjoint,False,False,
component,physical-component:e8c67eee7f99988e389ea2905e0c4ad18faa6f7952703eb8f2b4b8e38b507906,full,13655514B16168252486838,Setor de Pirada,True,True,disjoint,False,False,
component,physical-component:e8c67eee7f99988e389ea2905e0c4ad18faa6f7952703eb8f2b4b8e38b507906,full,13655514B168355566476,Setor de Bambadinca,True,True,disjoint,False,False,
component,physical-component:e8c67eee7f99988e389ea2905e0c4ad18faa6f7952703eb8f2b4b8e38b507906,full,13655514B24413703823033,Setor de Catie,True,True,disjoint,False,False,
component,physical-component:e8c67eee7f99988e389ea2905e0c4ad18faa6f7952703eb8f2b4b8e38b507906,full,13655514B30693048438959,Setor de Empada,True,True,disjoint,False,False,
component,physical-component:e8c67eee7f99988e389ea2905e0c4ad18faa6f7952703eb8f2b4b8e38b507906,full,13655514B31772276876031,Setor de Mansoa,True,True,disjoint,False,False,
component,physical-component:e8c67eee7f99988e389ea2905e0c4ad18faa6f7952703eb8f2b4b8e38b507906,full,13655514B37452641895852,Setor de Buba,True,True,disjoint,False,False,
component,physical-component:e8c67eee7f99988e389ea2905e0c4ad18faa6f7952703eb8f2b4b8e38b507906,full,13655514B37576476310465,Setor de Tite,True,True,disjoint,False,False,
component,physical-component:e8c67eee7f99988e389ea2905e0c4ad18faa6f7952703eb8f2b4b8e38b507906,full,13655514B38974563194217,Bissau Autonomous Sector,True,True,disjoint,False,False,
component,physical-component:e8c67eee7f99988e389ea2905e0c4ad18faa6f7952703eb8f2b4b8e38b507906,full,13655514B4319146558278,Setor de Galomaro,True,True,disjoint,False,False,
component,physical-component:e8c67eee7f99988e389ea2905e0c4ad18faa6f7952703eb8f2b4b8e38b507906,full,13655514B44985576134462,Setor de Uno,True,True,positive-area,False,False,component:physical-component:e8c67eee7f99988e389ea2905e0c4ad18faa6f7952703eb8f2b4b8e38b507906|full:13655514B44985576134462
component,physical-component:e8c67eee7f99988e389ea2905e0c4ad18faa6f7952703eb8f2b4b8e38b507906,full,13655514B47112439721810,Setor de Nhacra,True,True,disjoint,False,False,
component,physical-component:e8c67eee7f99988e389ea2905e0c4ad18faa6f7952703eb8f2b4b8e38b507906,full,13655514B47480576799194,Setor de Sonaco,True,True,disjoint,False,False,
component,physical-component:e8c67eee7f99988e389ea2905e0c4ad18faa6f7952703eb8f2b4b8e38b507906,full,13655514B48763126228848,Setor de Bedanda,True,True,disjoint,False,False,
component,physical-component:e8c67eee7f99988e389ea2905e0c4ad18faa6f7952703eb8f2b4b8e38b507906,full,13655514B49812801634354,Setor de Mansaba,True,True,disjoint,False,False,
component,physical-component:e8c67eee7f99988e389ea2905e0c4ad18faa6f7952703eb8f2b4b8e38b507906,full,13655514B51179315853055,Contuboel,True,True,disjoint,False,False,
component,physical-component:e8c67eee7f99988e389ea2905e0c4ad18faa6f7952703eb8f2b4b8e38b507906,full,13655514B53615250576563,Setor de Prabis,True,True,disjoint,False,False,
component,physical-component:e8c67eee7f99988e389ea2905e0c4ad18faa6f7952703eb8f2b4b8e38b507906,full,13655514B57644193184055,Setor de Farim,True,True,disjoint,False,False,
component,physical-component:e8c67eee7f99988e389ea2905e0c4ad18faa6f7952703eb8f2b4b8e38b507906,full,13655514B57740331915335,Setor de Bissora,True,True,disjoint,False,False,
component,physical-component:e8c67eee7f99988e389ea2905e0c4ad18faa6f7952703eb8f2b4b8e38b507906,full,13655514B59106895169358,Setor de Caravela,True,True,disjoint,False,False,
component,physical-component:e8c67eee7f99988e389ea2905e0c4ad18faa6f7952703eb8f2b4b8e38b507906,full,13655514B65296626482863,Setor de Gabv,True,True,disjoint,False,False,
component,physical-component:e8c67eee7f99988e389ea2905e0c4ad18faa6f7952703eb8f2b4b8e38b507906,full,13655514B65471558325414,Setor de Xitole,True,True,disjoint,False,False,
component,physical-component:e8c67eee7f99988e389ea2905e0c4ad18faa6f7952703eb8f2b4b8e38b507906,full,13655514B65726406107890,Setor de Gamamundo,True,True,disjoint,False,False,
component,physical-component:e8c67eee7f99988e389ea2905e0c4ad18faa6f7952703eb8f2b4b8e38b507906,full,13655514B65757043009502,Setor de Safim,True,True,disjoint,False,False,
component,physical-component:e8c67eee7f99988e389ea2905e0c4ad18faa6f7952703eb8f2b4b8e38b507906,full,13655514B66751603958816,Setor de Quinh,True,True,disjoint,False,False,
component,physical-component:e8c67eee7f99988e389ea2905e0c4ad18faa6f7952703eb8f2b4b8e38b507906,full,13655514B71925291750028,Setor de Cacine,True,True,disjoint,False,False,
component,physical-component:e8c67eee7f99988e389ea2905e0c4ad18faa6f7952703eb8f2b4b8e38b507906,full,13655514B76388735674013,Setor de Bigene,True,True,disjoint,False,False,
component,physical-component:e8c67eee7f99988e389ea2905e0c4ad18faa6f7952703eb8f2b4b8e38b507906,full,13655514B77006902429960,Setor de Bolama,True,True,disjoint,False,False,
component,physical-component:e8c67eee7f99988e389ea2905e0c4ad18faa6f7952703eb8f2b4b8e38b507906,full,13655514B8216177448850,Setor de Caiv,True,True,disjoint,False,False,
component,physical-component:e8c67eee7f99988e389ea2905e0c4ad18faa6f7952703eb8f2b4b8e38b507906,full,13655514B91246233663569,Setor de Canghungo,True,True,disjoint,False,False,
component,physical-component:e8c67eee7f99988e389ea2905e0c4ad18faa6f7952703eb8f2b4b8e38b507906,full,13655514B91994517778696,Setor de Sto Domingos,True,True,disjoint,False,False,
component,physical-component:e8c67eee7f99988e389ea2905e0c4ad18faa6f7952703eb8f2b4b8e38b507906,full,13655514B9524670555472,Setor de Fulacunda,True,True,disjoint,False,False,
component,physical-component:e8c67eee7f99988e389ea2905e0c4ad18faa6f7952703eb8f2b4b8e38b507906,full,13655514B95678269815128,Setor de Cacheu,True,True,disjoint,False,False,
component,physical-component:e8c67eee7f99988e389ea2905e0c4ad18faa6f7952703eb8f2b4b8e38b507906,full,13655514B97576906537580,Setor de Pitche,True,True,disjoint,False,False,
component,physical-component:e8c67eee7f99988e389ea2905e0c4ad18faa6f7952703eb8f2b4b8e38b507906,full,13655514B98496568253651,Setor de Bubaque,True,True,disjoint,False,False,
component,physical-component:e8c67eee7f99988e389ea2905e0c4ad18faa6f7952703eb8f2b4b8e38b507906,full,13655514B99052541590952,Setor de Boe,True,True,disjoint,False,False,
component,physical-component:e8c67eee7f99988e389ea2905e0c4ad18faa6f7952703eb8f2b4b8e38b507906,simplified,13655514B11561761851968,Setor de Bula,True,True,disjoint,False,False,
component,physical-component:e8c67eee7f99988e389ea2905e0c4ad18faa6f7952703eb8f2b4b8e38b507906,simplified,13655514B12793543239296,Setor de Quebo,True,True,disjoint,False,False,
component,physical-component:e8c67eee7f99988e389ea2905e0c4ad18faa6f7952703eb8f2b4b8e38b507906,simplified,13655514B15077734082289,Setor de Bafata,True,True,disjoint,False,False,
component,physical-component:e8c67eee7f99988e389ea2905e0c4ad18faa6f7952703eb8f2b4b8e38b507906,simplified,13655514B15408487636665,Setor de Madina do Bo˒,True,True,disjoint,False,False,
component,physical-component:e8c67eee7f99988e389ea2905e0c4ad18faa6f7952703eb8f2b4b8e38b507906,simplified,13655514B16168252486838,Setor de Pirada,True,True,disjoint,False,False,
component,physical-component:e8c67eee7f99988e389ea2905e0c4ad18faa6f7952703eb8f2b4b8e38b507906,simplified,13655514B168355566476,Setor de Bambadinca,True,True,disjoint,False,False,
component,physical-component:e8c67eee7f99988e389ea2905e0c4ad18faa6f7952703eb8f2b4b8e38b507906,simplified,13655514B24413703823033,Setor de Catie,True,True,disjoint,False,False,
component,physical-component:e8c67eee7f99988e389ea2905e0c4ad18faa6f7952703eb8f2b4b8e38b507906,simplified,13655514B30693048438959,Setor de Empada,True,True,disjoint,False,False,
component,physical-component:e8c67eee7f99988e389ea2905e0c4ad18faa6f7952703eb8f2b4b8e38b507906,simplified,13655514B31772276876031,Setor de Mansoa,True,True,disjoint,False,False,
component,physical-component:e8c67eee7f99988e389ea2905e0c4ad18faa6f7952703eb8f2b4b8e38b507906,simplified,13655514B37452641895852,Setor de Buba,True,True,disjoint,False,False,
component,physical-component:e8c67eee7f99988e389ea2905e0c4ad18faa6f7952703eb8f2b4b8e38b507906,simplified,13655514B37576476310465,Setor de Tite,True,True,disjoint,False,False,
component,physical-component:e8c67eee7f99988e389ea2905e0c4ad18faa6f7952703eb8f2b4b8e38b507906,simplified,13655514B38974563194217,Bissau Autonomous Sector,True,True,disjoint,False,False,
component,physical-component:e8c67eee7f99988e389ea2905e0c4ad18faa6f7952703eb8f2b4b8e38b507906,simplified,13655514B4319146558278,Setor de Galomaro,True,True,disjoint,False,False,
component,physical-component:e8c67eee7f99988e389ea2905e0c4ad18faa6f7952703eb8f2b4b8e38b507906,simplified,13655514B44985576134462,Setor de Uno,True,True,positive-area,False,False,component:physical-component:e8c67eee7f99988e389ea2905e0c4ad18faa6f7952703eb8f2b4b8e38b507906|simplified:13655514B44985576134462
component,physical-component:e8c67eee7f99988e389ea2905e0c4ad18faa6f7952703eb8f2b4b8e38b507906,simplified,13655514B47112439721810,Setor de Nhacra,True,True,disjoint,False,False,
component,physical-component:e8c67eee7f99988e389ea2905e0c4ad18faa6f7952703eb8f2b4b8e38b507906,simplified,13655514B47480576799194,Setor de Sonaco,True,True,disjoint,False,False,
component,physical-component:e8c67eee7f99988e389ea2905e0c4ad18faa6f7952703eb8f2b4b8e38b507906,simplified,13655514B48763126228848,Setor de Bedanda,True,True,disjoint,False,False,
component,physical-component:e8c67eee7f99988e389ea2905e0c4ad18faa6f7952703eb8f2b4b8e38b507906,simplified,13655514B49812801634354,Setor de Mansaba,True,True,disjoint,False,False,
component,physical-component:e8c67eee7f99988e389ea2905e0c4ad18faa6f7952703eb8f2b4b8e38b507906,simplified,13655514B51179315853055,Contuboel,True,True,disjoint,False,False,
component,physical-component:e8c67eee7f99988e389ea2905e0c4ad18faa6f7952703eb8f2b4b8e38b507906,simplified,13655514B53615250576563,Setor de Prabis,True,True,disjoint,False,False,
component,physical-component:e8c67eee7f99988e389ea2905e0c4ad18faa6f7952703eb8f2b4b8e38b507906,simplified,13655514B57644193184055,Setor de Farim,True,True,disjoint,False,False,
component,physical-component:e8c67eee7f99988e389ea2905e0c4ad18faa6f7952703eb8f2b4b8e38b507906,simplified,13655514B57740331915335,Setor de Bissora,True,True,disjoint,False,False,
component,physical-component:e8c67eee7f99988e389ea2905e0c4ad18faa6f7952703eb8f2b4b8e38b507906,simplified,13655514B59106895169358,Setor de Caravela,True,True,disjoint,False,False,
component,physical-component:e8c67eee7f99988e389ea2905e0c4ad18faa6f7952703eb8f2b4b8e38b507906,simplified,13655514B65296626482863,Setor de Gabv,True,True,disjoint,False,False,
component,physical-component:e8c67eee7f99988e389ea2905e0c4ad18faa6f7952703eb8f2b4b8e38b507906,simplified,13655514B65471558325414,Setor de Xitole,True,True,disjoint,False,False,
component,physical-component:e8c67eee7f99988e389ea2905e0c4ad18faa6f7952703eb8f2b4b8e38b507906,simplified,13655514B65726406107890,Setor de Gamamundo,True,True,disjoint,False,False,
component,physical-component:e8c67eee7f99988e389ea2905e0c4ad18faa6f7952703eb8f2b4b8e38b507906,simplified,13655514B65757043009502,Setor de Safim,True,True,disjoint,False,False,
component,physical-component:e8c67eee7f99988e389ea2905e0c4ad18faa6f7952703eb8f2b4b8e38b507906,simplified,13655514B66751603958816,Setor de Quinh,True,True,disjoint,False,False,
component,physical-component:e8c67eee7f99988e389ea2905e0c4ad18faa6f7952703eb8f2b4b8e38b507906,simplified,13655514B71925291750028,Setor de Cacine,True,True,disjoint,False,False,
component,physical-component:e8c67eee7f99988e389ea2905e0c4ad18faa6f7952703eb8f2b4b8e38b507906,simplified,13655514B76388735674013,Setor de Bigene,True,True,disjoint,False,False,
component,physical-component:e8c67eee7f99988e389ea2905e0c4ad18faa6f7952703eb8f2b4b8e38b507906,simplified,13655514B77006902429960,Setor de Bolama,True,True,disjoint,False,False,
component,physical-component:e8c67eee7f99988e389ea2905e0c4ad18faa6f7952703eb8f2b4b8e38b507906,simplified,13655514B8216177448850,Setor de Caiv,True,True,disjoint,False,False,
component,physical-component:e8c67eee7f99988e389ea2905e0c4ad18faa6f7952703eb8f2b4b8e38b507906,simplified,13655514B91246233663569,Setor de Canghungo,True,True,disjoint,False,False,
component,physical-component:e8c67eee7f99988e389ea2905e0c4ad18faa6f7952703eb8f2b4b8e38b507906,simplified,13655514B91994517778696,Setor de Sto Domingos,True,True,disjoint,False,False,
component,physical-component:e8c67eee7f99988e389ea2905e0c4ad18faa6f7952703eb8f2b4b8e38b507906,simplified,13655514B9524670555472,Setor de Fulacunda,True,True,disjoint,False,False,
component,physical-component:e8c67eee7f99988e389ea2905e0c4ad18faa6f7952703eb8f2b4b8e38b507906,simplified,13655514B95678269815128,Setor de Cacheu,True,True,disjoint,False,False,
component,physical-component:e8c67eee7f99988e389ea2905e0c4ad18faa6f7952703eb8f2b4b8e38b507906,simplified,13655514B97576906537580,Setor de Pitche,True,True,disjoint,False,False,
component,physical-component:e8c67eee7f99988e389ea2905e0c4ad18faa6f7952703eb8f2b4b8e38b507906,simplified,13655514B98496568253651,Setor de Bubaque,True,True,disjoint,False,False,
component,physical-component:e8c67eee7f99988e389ea2905e0c4ad18faa6f7952703eb8f2b4b8e38b507906,simplified,13655514B99052541590952,Setor de Boe,True,True,disjoint,False,False,
component,physical-component:f1fdb8837c510836da5dc0004f5f7d6196a5cf3a236f66178acf3b93dcd45124,full,13655514B11561761851968,Setor de Bula,True,True,disjoint,False,False,
component,physical-component:f1fdb8837c510836da5dc0004f5f7d6196a5cf3a236f66178acf3b93dcd45124,full,13655514B12793543239296,Setor de Quebo,True,True,disjoint,False,False,
component,physical-component:f1fdb8837c510836da5dc0004f5f7d6196a5cf3a236f66178acf3b93dcd45124,full,13655514B15077734082289,Setor de Bafata,True,True,disjoint,False,False,
component,physical-component:f1fdb8837c510836da5dc0004f5f7d6196a5cf3a236f66178acf3b93dcd45124,full,13655514B15408487636665,Setor de Madina do Bo˒,True,True,disjoint,False,False,
component,physical-component:f1fdb8837c510836da5dc0004f5f7d6196a5cf3a236f66178acf3b93dcd45124,full,13655514B16168252486838,Setor de Pirada,True,True,disjoint,False,False,
component,physical-component:f1fdb8837c510836da5dc0004f5f7d6196a5cf3a236f66178acf3b93dcd45124,full,13655514B168355566476,Setor de Bambadinca,True,True,disjoint,False,False,
component,physical-component:f1fdb8837c510836da5dc0004f5f7d6196a5cf3a236f66178acf3b93dcd45124,full,13655514B24413703823033,Setor de Catie,True,True,disjoint,False,False,
component,physical-component:f1fdb8837c510836da5dc0004f5f7d6196a5cf3a236f66178acf3b93dcd45124,full,13655514B30693048438959,Setor de Empada,True,True,disjoint,False,False,
component,physical-component:f1fdb8837c510836da5dc0004f5f7d6196a5cf3a236f66178acf3b93dcd45124,full,13655514B31772276876031,Setor de Mansoa,True,True,disjoint,False,False,
component,physical-component:f1fdb8837c510836da5dc0004f5f7d6196a5cf3a236f66178acf3b93dcd45124,full,13655514B37452641895852,Setor de Buba,True,True,disjoint,False,False,
component,physical-component:f1fdb8837c510836da5dc0004f5f7d6196a5cf3a236f66178acf3b93dcd45124,full,13655514B37576476310465,Setor de Tite,True,True,disjoint,False,False,
component,physical-component:f1fdb8837c510836da5dc0004f5f7d6196a5cf3a236f66178acf3b93dcd45124,full,13655514B38974563194217,Bissau Autonomous Sector,True,True,disjoint,False,False,
component,physical-component:f1fdb8837c510836da5dc0004f5f7d6196a5cf3a236f66178acf3b93dcd45124,full,13655514B4319146558278,Setor de Galomaro,True,True,disjoint,False,False,
component,physical-component:f1fdb8837c510836da5dc0004f5f7d6196a5cf3a236f66178acf3b93dcd45124,full,13655514B44985576134462,Setor de Uno,True,True,disjoint,False,False,
component,physical-component:f1fdb8837c510836da5dc0004f5f7d6196a5cf3a236f66178acf3b93dcd45124,full,13655514B47112439721810,Setor de Nhacra,True,True,disjoint,False,False,
component,physical-component:f1fdb8837c510836da5dc0004f5f7d6196a5cf3a236f66178acf3b93dcd45124,full,13655514B47480576799194,Setor de Sonaco,True,True,disjoint,False,False,
component,physical-component:f1fdb8837c510836da5dc0004f5f7d6196a5cf3a236f66178acf3b93dcd45124,full,13655514B48763126228848,Setor de Bedanda,True,True,disjoint,False,False,
component,physical-component:f1fdb8837c510836da5dc0004f5f7d6196a5cf3a236f66178acf3b93dcd45124,full,13655514B49812801634354,Setor de Mansaba,True,True,disjoint,False,False,
component,physical-component:f1fdb8837c510836da5dc0004f5f7d6196a5cf3a236f66178acf3b93dcd45124,full,13655514B51179315853055,Contuboel,True,True,disjoint,False,False,
component,physical-component:f1fdb8837c510836da5dc0004f5f7d6196a5cf3a236f66178acf3b93dcd45124,full,13655514B53615250576563,Setor de Prabis,True,True,disjoint,False,False,
component,physical-component:f1fdb8837c510836da5dc0004f5f7d6196a5cf3a236f66178acf3b93dcd45124,full,13655514B57644193184055,Setor de Farim,True,True,disjoint,False,False,
component,physical-component:f1fdb8837c510836da5dc0004f5f7d6196a5cf3a236f66178acf3b93dcd45124,full,13655514B57740331915335,Setor de Bissora,True,True,disjoint,False,False,
component,physical-component:f1fdb8837c510836da5dc0004f5f7d6196a5cf3a236f66178acf3b93dcd45124,full,13655514B59106895169358,Setor de Caravela,True,True,positive-area,False,False,component:physical-component:f1fdb8837c510836da5dc0004f5f7d6196a5cf3a236f66178acf3b93dcd45124|full:13655514B59106895169358
component,physical-component:f1fdb8837c510836da5dc0004f5f7d6196a5cf3a236f66178acf3b93dcd45124,full,13655514B65296626482863,Setor de Gabv,True,True,disjoint,False,False,
component,physical-component:f1fdb8837c510836da5dc0004f5f7d6196a5cf3a236f66178acf3b93dcd45124,full,13655514B65471558325414,Setor de Xitole,True,True,disjoint,False,False,
component,physical-component:f1fdb8837c510836da5dc0004f5f7d6196a5cf3a236f66178acf3b93dcd45124,full,13655514B65726406107890,Setor de Gamamundo,True,True,disjoint,False,False,
component,physical-component:f1fdb8837c510836da5dc0004f5f7d6196a5cf3a236f66178acf3b93dcd45124,full,13655514B65757043009502,Setor de Safim,True,True,disjoint,False,False,
component,physical-component:f1fdb8837c510836da5dc0004f5f7d6196a5cf3a236f66178acf3b93dcd45124,full,13655514B66751603958816,Setor de Quinh,True,True,disjoint,False,False,
component,physical-component:f1fdb8837c510836da5dc0004f5f7d6196a5cf3a236f66178acf3b93dcd45124,full,13655514B71925291750028,Setor de Cacine,True,True,disjoint,False,False,
component,physical-component:f1fdb8837c510836da5dc0004f5f7d6196a5cf3a236f66178acf3b93dcd45124,full,13655514B76388735674013,Setor de Bigene,True,True,disjoint,False,False,
component,physical-component:f1fdb8837c510836da5dc0004f5f7d6196a5cf3a236f66178acf3b93dcd45124,full,13655514B77006902429960,Setor de Bolama,True,True,disjoint,False,False,
component,physical-component:f1fdb8837c510836da5dc0004f5f7d6196a5cf3a236f66178acf3b93dcd45124,full,13655514B8216177448850,Setor de Caiv,True,True,disjoint,False,False,
component,physical-component:f1fdb8837c510836da5dc0004f5f7d6196a5cf3a236f66178acf3b93dcd45124,full,13655514B91246233663569,Setor de Canghungo,True,True,disjoint,False,False,
component,physical-component:f1fdb8837c510836da5dc0004f5f7d6196a5cf3a236f66178acf3b93dcd45124,full,13655514B91994517778696,Setor de Sto Domingos,True,True,disjoint,False,False,
component,physical-component:f1fdb8837c510836da5dc0004f5f7d6196a5cf3a236f66178acf3b93dcd45124,full,13655514B9524670555472,Setor de Fulacunda,True,True,disjoint,False,False,
component,physical-component:f1fdb8837c510836da5dc0004f5f7d6196a5cf3a236f66178acf3b93dcd45124,full,13655514B95678269815128,Setor de Cacheu,True,True,disjoint,False,False,
component,physical-component:f1fdb8837c510836da5dc0004f5f7d6196a5cf3a236f66178acf3b93dcd45124,full,13655514B97576906537580,Setor de Pitche,True,True,disjoint,False,False,
component,physical-component:f1fdb8837c510836da5dc0004f5f7d6196a5cf3a236f66178acf3b93dcd45124,full,13655514B98496568253651,Setor de Bubaque,True,True,disjoint,False,False,
component,physical-component:f1fdb8837c510836da5dc0004f5f7d6196a5cf3a236f66178acf3b93dcd45124,full,13655514B99052541590952,Setor de Boe,True,True,disjoint,False,False,
component,physical-component:f1fdb8837c510836da5dc0004f5f7d6196a5cf3a236f66178acf3b93dcd45124,simplified,13655514B11561761851968,Setor de Bula,True,True,disjoint,False,False,
component,physical-component:f1fdb8837c510836da5dc0004f5f7d6196a5cf3a236f66178acf3b93dcd45124,simplified,13655514B12793543239296,Setor de Quebo,True,True,disjoint,False,False,
component,physical-component:f1fdb8837c510836da5dc0004f5f7d6196a5cf3a236f66178acf3b93dcd45124,simplified,13655514B15077734082289,Setor de Bafata,True,True,disjoint,False,False,
component,physical-component:f1fdb8837c510836da5dc0004f5f7d6196a5cf3a236f66178acf3b93dcd45124,simplified,13655514B15408487636665,Setor de Madina do Bo˒,True,True,disjoint,False,False,
component,physical-component:f1fdb8837c510836da5dc0004f5f7d6196a5cf3a236f66178acf3b93dcd45124,simplified,13655514B16168252486838,Setor de Pirada,True,True,disjoint,False,False,
component,physical-component:f1fdb8837c510836da5dc0004f5f7d6196a5cf3a236f66178acf3b93dcd45124,simplified,13655514B168355566476,Setor de Bambadinca,True,True,disjoint,False,False,
component,physical-component:f1fdb8837c510836da5dc0004f5f7d6196a5cf3a236f66178acf3b93dcd45124,simplified,13655514B24413703823033,Setor de Catie,True,True,disjoint,False,False,
component,physical-component:f1fdb8837c510836da5dc0004f5f7d6196a5cf3a236f66178acf3b93dcd45124,simplified,13655514B30693048438959,Setor de Empada,True,True,disjoint,False,False,
component,physical-component:f1fdb8837c510836da5dc0004f5f7d6196a5cf3a236f66178acf3b93dcd45124,simplified,13655514B31772276876031,Setor de Mansoa,True,True,disjoint,False,False,
component,physical-component:f1fdb8837c510836da5dc0004f5f7d6196a5cf3a236f66178acf3b93dcd45124,simplified,13655514B37452641895852,Setor de Buba,True,True,disjoint,False,False,
component,physical-component:f1fdb8837c510836da5dc0004f5f7d6196a5cf3a236f66178acf3b93dcd45124,simplified,13655514B37576476310465,Setor de Tite,True,True,disjoint,False,False,
component,physical-component:f1fdb8837c510836da5dc0004f5f7d6196a5cf3a236f66178acf3b93dcd45124,simplified,13655514B38974563194217,Bissau Autonomous Sector,True,True,disjoint,False,False,
component,physical-component:f1fdb8837c510836da5dc0004f5f7d6196a5cf3a236f66178acf3b93dcd45124,simplified,13655514B4319146558278,Setor de Galomaro,True,True,disjoint,False,False,
component,physical-component:f1fdb8837c510836da5dc0004f5f7d6196a5cf3a236f66178acf3b93dcd45124,simplified,13655514B44985576134462,Setor de Uno,True,True,disjoint,False,False,
component,physical-component:f1fdb8837c510836da5dc0004f5f7d6196a5cf3a236f66178acf3b93dcd45124,simplified,13655514B47112439721810,Setor de Nhacra,True,True,disjoint,False,False,
component,physical-component:f1fdb8837c510836da5dc0004f5f7d6196a5cf3a236f66178acf3b93dcd45124,simplified,13655514B47480576799194,Setor de Sonaco,True,True,disjoint,False,False,
component,physical-component:f1fdb8837c510836da5dc0004f5f7d6196a5cf3a236f66178acf3b93dcd45124,simplified,13655514B48763126228848,Setor de Bedanda,True,True,disjoint,False,False,
component,physical-component:f1fdb8837c510836da5dc0004f5f7d6196a5cf3a236f66178acf3b93dcd45124,simplified,13655514B49812801634354,Setor de Mansaba,True,True,disjoint,False,False,
component,physical-component:f1fdb8837c510836da5dc0004f5f7d6196a5cf3a236f66178acf3b93dcd45124,simplified,13655514B51179315853055,Contuboel,True,True,disjoint,False,False,
component,physical-component:f1fdb8837c510836da5dc0004f5f7d6196a5cf3a236f66178acf3b93dcd45124,simplified,13655514B53615250576563,Setor de Prabis,True,True,disjoint,False,False,
component,physical-component:f1fdb8837c510836da5dc0004f5f7d6196a5cf3a236f66178acf3b93dcd45124,simplified,13655514B57644193184055,Setor de Farim,True,True,disjoint,False,False,
component,physical-component:f1fdb8837c510836da5dc0004f5f7d6196a5cf3a236f66178acf3b93dcd45124,simplified,13655514B57740331915335,Setor de Bissora,True,True,disjoint,False,False,
component,physical-component:f1fdb8837c510836da5dc0004f5f7d6196a5cf3a236f66178acf3b93dcd45124,simplified,13655514B59106895169358,Setor de Caravela,True,True,positive-area,False,False,component:physical-component:f1fdb8837c510836da5dc0004f5f7d6196a5cf3a236f66178acf3b93dcd45124|simplified:13655514B59106895169358
component,physical-component:f1fdb8837c510836da5dc0004f5f7d6196a5cf3a236f66178acf3b93dcd45124,simplified,13655514B65296626482863,Setor de Gabv,True,True,disjoint,False,False,
component,physical-component:f1fdb8837c510836da5dc0004f5f7d6196a5cf3a236f66178acf3b93dcd45124,simplified,13655514B65471558325414,Setor de Xitole,True,True,disjoint,False,False,
component,physical-component:f1fdb8837c510836da5dc0004f5f7d6196a5cf3a236f66178acf3b93dcd45124,simplified,13655514B65726406107890,Setor de Gamamundo,True,True,disjoint,False,False,
component,physical-component:f1fdb8837c510836da5dc0004f5f7d6196a5cf3a236f66178acf3b93dcd45124,simplified,13655514B65757043009502,Setor de Safim,True,True,disjoint,False,False,
component,physical-component:f1fdb8837c510836da5dc0004f5f7d6196a5cf3a236f66178acf3b93dcd45124,simplified,13655514B66751603958816,Setor de Quinh,True,True,disjoint,False,False,
component,physical-component:f1fdb8837c510836da5dc0004f5f7d6196a5cf3a236f66178acf3b93dcd45124,simplified,13655514B71925291750028,Setor de Cacine,True,True,disjoint,False,False,
component,physical-component:f1fdb8837c510836da5dc0004f5f7d6196a5cf3a236f66178acf3b93dcd45124,simplified,13655514B76388735674013,Setor de Bigene,True,True,disjoint,False,False,
component,physical-component:f1fdb8837c510836da5dc0004f5f7d6196a5cf3a236f66178acf3b93dcd45124,simplified,13655514B77006902429960,Setor de Bolama,True,True,disjoint,False,False,
component,physical-component:f1fdb8837c510836da5dc0004f5f7d6196a5cf3a236f66178acf3b93dcd45124,simplified,13655514B8216177448850,Setor de Caiv,True,True,disjoint,False,False,
component,physical-component:f1fdb8837c510836da5dc0004f5f7d6196a5cf3a236f66178acf3b93dcd45124,simplified,13655514B91246233663569,Setor de Canghungo,True,True,disjoint,False,False,
component,physical-component:f1fdb8837c510836da5dc0004f5f7d6196a5cf3a236f66178acf3b93dcd45124,simplified,13655514B91994517778696,Setor de Sto Domingos,True,True,disjoint,False,False,
component,physical-component:f1fdb8837c510836da5dc0004f5f7d6196a5cf3a236f66178acf3b93dcd45124,simplified,13655514B9524670555472,Setor de Fulacunda,True,True,disjoint,False,False,
component,physical-component:f1fdb8837c510836da5dc0004f5f7d6196a5cf3a236f66178acf3b93dcd45124,simplified,13655514B95678269815128,Setor de Cacheu,True,True,disjoint,False,False,
component,physical-component:f1fdb8837c510836da5dc0004f5f7d6196a5cf3a236f66178acf3b93dcd45124,simplified,13655514B97576906537580,Setor de Pitche,True,True,disjoint,False,False,
component,physical-component:f1fdb8837c510836da5dc0004f5f7d6196a5cf3a236f66178acf3b93dcd45124,simplified,13655514B98496568253651,Setor de Bubaque,True,True,disjoint,False,False,
component,physical-component:f1fdb8837c510836da5dc0004f5f7d6196a5cf3a236f66178acf3b93dcd45124,simplified,13655514B99052541590952,Setor de Boe,True,True,disjoint,False,False,
component,physical-component:f5e9efe7987d597a2d1c757337b1153280af3987d239a5ee6f8d1b4429d87c61,full,13655514B11561761851968,Setor de Bula,True,True,disjoint,False,False,
component,physical-component:f5e9efe7987d597a2d1c757337b1153280af3987d239a5ee6f8d1b4429d87c61,full,13655514B12793543239296,Setor de Quebo,True,True,disjoint,False,False,
component,physical-component:f5e9efe7987d597a2d1c757337b1153280af3987d239a5ee6f8d1b4429d87c61,full,13655514B15077734082289,Setor de Bafata,True,True,disjoint,False,False,
component,physical-component:f5e9efe7987d597a2d1c757337b1153280af3987d239a5ee6f8d1b4429d87c61,full,13655514B15408487636665,Setor de Madina do Bo˒,True,True,disjoint,False,False,
component,physical-component:f5e9efe7987d597a2d1c757337b1153280af3987d239a5ee6f8d1b4429d87c61,full,13655514B16168252486838,Setor de Pirada,True,True,disjoint,False,False,
component,physical-component:f5e9efe7987d597a2d1c757337b1153280af3987d239a5ee6f8d1b4429d87c61,full,13655514B168355566476,Setor de Bambadinca,True,True,disjoint,False,False,
component,physical-component:f5e9efe7987d597a2d1c757337b1153280af3987d239a5ee6f8d1b4429d87c61,full,13655514B24413703823033,Setor de Catie,True,True,disjoint,False,False,
component,physical-component:f5e9efe7987d597a2d1c757337b1153280af3987d239a5ee6f8d1b4429d87c61,full,13655514B30693048438959,Setor de Empada,True,True,disjoint,False,False,
component,physical-component:f5e9efe7987d597a2d1c757337b1153280af3987d239a5ee6f8d1b4429d87c61,full,13655514B31772276876031,Setor de Mansoa,True,True,disjoint,False,False,
component,physical-component:f5e9efe7987d597a2d1c757337b1153280af3987d239a5ee6f8d1b4429d87c61,full,13655514B37452641895852,Setor de Buba,True,True,disjoint,False,False,
component,physical-component:f5e9efe7987d597a2d1c757337b1153280af3987d239a5ee6f8d1b4429d87c61,full,13655514B37576476310465,Setor de Tite,True,True,disjoint,False,False,
component,physical-component:f5e9efe7987d597a2d1c757337b1153280af3987d239a5ee6f8d1b4429d87c61,full,13655514B38974563194217,Bissau Autonomous Sector,True,True,disjoint,False,False,
component,physical-component:f5e9efe7987d597a2d1c757337b1153280af3987d239a5ee6f8d1b4429d87c61,full,13655514B4319146558278,Setor de Galomaro,True,True,disjoint,False,False,
component,physical-component:f5e9efe7987d597a2d1c757337b1153280af3987d239a5ee6f8d1b4429d87c61,full,13655514B44985576134462,Setor de Uno,True,True,disjoint,False,False,
component,physical-component:f5e9efe7987d597a2d1c757337b1153280af3987d239a5ee6f8d1b4429d87c61,full,13655514B47112439721810,Setor de Nhacra,True,True,disjoint,False,False,
component,physical-component:f5e9efe7987d597a2d1c757337b1153280af3987d239a5ee6f8d1b4429d87c61,full,13655514B47480576799194,Setor de Sonaco,True,True,disjoint,False,False,
component,physical-component:f5e9efe7987d597a2d1c757337b1153280af3987d239a5ee6f8d1b4429d87c61,full,13655514B48763126228848,Setor de Bedanda,True,True,disjoint,False,False,
component,physical-component:f5e9efe7987d597a2d1c757337b1153280af3987d239a5ee6f8d1b4429d87c61,full,13655514B49812801634354,Setor de Mansaba,True,True,disjoint,False,False,
component,physical-component:f5e9efe7987d597a2d1c757337b1153280af3987d239a5ee6f8d1b4429d87c61,full,13655514B51179315853055,Contuboel,True,True,disjoint,False,False,
component,physical-component:f5e9efe7987d597a2d1c757337b1153280af3987d239a5ee6f8d1b4429d87c61,full,13655514B53615250576563,Setor de Prabis,True,True,disjoint,False,False,
component,physical-component:f5e9efe7987d597a2d1c757337b1153280af3987d239a5ee6f8d1b4429d87c61,full,13655514B57644193184055,Setor de Farim,True,True,disjoint,False,False,
component,physical-component:f5e9efe7987d597a2d1c757337b1153280af3987d239a5ee6f8d1b4429d87c61,full,13655514B57740331915335,Setor de Bissora,True,True,disjoint,False,False,
component,physical-component:f5e9efe7987d597a2d1c757337b1153280af3987d239a5ee6f8d1b4429d87c61,full,13655514B59106895169358,Setor de Caravela,True,True,positive-area,False,False,component:physical-component:f5e9efe7987d597a2d1c757337b1153280af3987d239a5ee6f8d1b4429d87c61|full:13655514B59106895169358
component,physical-component:f5e9efe7987d597a2d1c757337b1153280af3987d239a5ee6f8d1b4429d87c61,full,13655514B65296626482863,Setor de Gabv,True,True,disjoint,False,False,
component,physical-component:f5e9efe7987d597a2d1c757337b1153280af3987d239a5ee6f8d1b4429d87c61,full,13655514B65471558325414,Setor de Xitole,True,True,disjoint,False,False,
component,physical-component:f5e9efe7987d597a2d1c757337b1153280af3987d239a5ee6f8d1b4429d87c61,full,13655514B65726406107890,Setor de Gamamundo,True,True,disjoint,False,False,
component,physical-component:f5e9efe7987d597a2d1c757337b1153280af3987d239a5ee6f8d1b4429d87c61,full,13655514B65757043009502,Setor de Safim,True,True,disjoint,False,False,
component,physical-component:f5e9efe7987d597a2d1c757337b1153280af3987d239a5ee6f8d1b4429d87c61,full,13655514B66751603958816,Setor de Quinh,True,True,disjoint,False,False,
component,physical-component:f5e9efe7987d597a2d1c757337b1153280af3987d239a5ee6f8d1b4429d87c61,full,13655514B71925291750028,Setor de Cacine,True,True,disjoint,False,False,
component,physical-component:f5e9efe7987d597a2d1c757337b1153280af3987d239a5ee6f8d1b4429d87c61,full,13655514B76388735674013,Setor de Bigene,True,True,disjoint,False,False,
component,physical-component:f5e9efe7987d597a2d1c757337b1153280af3987d239a5ee6f8d1b4429d87c61,full,13655514B77006902429960,Setor de Bolama,True,True,disjoint,False,False,
component,physical-component:f5e9efe7987d597a2d1c757337b1153280af3987d239a5ee6f8d1b4429d87c61,full,13655514B8216177448850,Setor de Caiv,True,True,disjoint,False,False,
component,physical-component:f5e9efe7987d597a2d1c757337b1153280af3987d239a5ee6f8d1b4429d87c61,full,13655514B91246233663569,Setor de Canghungo,True,True,disjoint,False,False,
component,physical-component:f5e9efe7987d597a2d1c757337b1153280af3987d239a5ee6f8d1b4429d87c61,full,13655514B91994517778696,Setor de Sto Domingos,True,True,disjoint,False,False,
component,physical-component:f5e9efe7987d597a2d1c757337b1153280af3987d239a5ee6f8d1b4429d87c61,full,13655514B9524670555472,Setor de Fulacunda,True,True,disjoint,False,False,
component,physical-component:f5e9efe7987d597a2d1c757337b1153280af3987d239a5ee6f8d1b4429d87c61,full,13655514B95678269815128,Setor de Cacheu,True,True,disjoint,False,False,
component,physical-component:f5e9efe7987d597a2d1c757337b1153280af3987d239a5ee6f8d1b4429d87c61,full,13655514B97576906537580,Setor de Pitche,True,True,disjoint,False,False,
component,physical-component:f5e9efe7987d597a2d1c757337b1153280af3987d239a5ee6f8d1b4429d87c61,full,13655514B98496568253651,Setor de Bubaque,True,True,disjoint,False,False,
component,physical-component:f5e9efe7987d597a2d1c757337b1153280af3987d239a5ee6f8d1b4429d87c61,full,13655514B99052541590952,Setor de Boe,True,True,disjoint,False,False,
component,physical-component:f5e9efe7987d597a2d1c757337b1153280af3987d239a5ee6f8d1b4429d87c61,simplified,13655514B11561761851968,Setor de Bula,True,True,disjoint,False,False,
component,physical-component:f5e9efe7987d597a2d1c757337b1153280af3987d239a5ee6f8d1b4429d87c61,simplified,13655514B12793543239296,Setor de Quebo,True,True,disjoint,False,False,
component,physical-component:f5e9efe7987d597a2d1c757337b1153280af3987d239a5ee6f8d1b4429d87c61,simplified,13655514B15077734082289,Setor de Bafata,True,True,disjoint,False,False,
component,physical-component:f5e9efe7987d597a2d1c757337b1153280af3987d239a5ee6f8d1b4429d87c61,simplified,13655514B15408487636665,Setor de Madina do Bo˒,True,True,disjoint,False,False,
component,physical-component:f5e9efe7987d597a2d1c757337b1153280af3987d239a5ee6f8d1b4429d87c61,simplified,13655514B16168252486838,Setor de Pirada,True,True,disjoint,False,False,
component,physical-component:f5e9efe7987d597a2d1c757337b1153280af3987d239a5ee6f8d1b4429d87c61,simplified,13655514B168355566476,Setor de Bambadinca,True,True,disjoint,False,False,
component,physical-component:f5e9efe7987d597a2d1c757337b1153280af3987d239a5ee6f8d1b4429d87c61,simplified,13655514B24413703823033,Setor de Catie,True,True,disjoint,False,False,
component,physical-component:f5e9efe7987d597a2d1c757337b1153280af3987d239a5ee6f8d1b4429d87c61,simplified,13655514B30693048438959,Setor de Empada,True,True,disjoint,False,False,
component,physical-component:f5e9efe7987d597a2d1c757337b1153280af3987d239a5ee6f8d1b4429d87c61,simplified,13655514B31772276876031,Setor de Mansoa,True,True,disjoint,False,False,
component,physical-component:f5e9efe7987d597a2d1c757337b1153280af3987d239a5ee6f8d1b4429d87c61,simplified,13655514B37452641895852,Setor de Buba,True,True,disjoint,False,False,
component,physical-component:f5e9efe7987d597a2d1c757337b1153280af3987d239a5ee6f8d1b4429d87c61,simplified,13655514B37576476310465,Setor de Tite,True,True,disjoint,False,False,
component,physical-component:f5e9efe7987d597a2d1c757337b1153280af3987d239a5ee6f8d1b4429d87c61,simplified,13655514B38974563194217,Bissau Autonomous Sector,True,True,disjoint,False,False,
component,physical-component:f5e9efe7987d597a2d1c757337b1153280af3987d239a5ee6f8d1b4429d87c61,simplified,13655514B4319146558278,Setor de Galomaro,True,True,disjoint,False,False,
component,physical-component:f5e9efe7987d597a2d1c757337b1153280af3987d239a5ee6f8d1b4429d87c61,simplified,13655514B44985576134462,Setor de Uno,True,True,disjoint,False,False,
component,physical-component:f5e9efe7987d597a2d1c757337b1153280af3987d239a5ee6f8d1b4429d87c61,simplified,13655514B47112439721810,Setor de Nhacra,True,True,disjoint,False,False,
component,physical-component:f5e9efe7987d597a2d1c757337b1153280af3987d239a5ee6f8d1b4429d87c61,simplified,13655514B47480576799194,Setor de Sonaco,True,True,disjoint,False,False,
component,physical-component:f5e9efe7987d597a2d1c757337b1153280af3987d239a5ee6f8d1b4429d87c61,simplified,13655514B48763126228848,Setor de Bedanda,True,True,disjoint,False,False,
component,physical-component:f5e9efe7987d597a2d1c757337b1153280af3987d239a5ee6f8d1b4429d87c61,simplified,13655514B49812801634354,Setor de Mansaba,True,True,disjoint,False,False,
component,physical-component:f5e9efe7987d597a2d1c757337b1153280af3987d239a5ee6f8d1b4429d87c61,simplified,13655514B51179315853055,Contuboel,True,True,disjoint,False,False,
component,physical-component:f5e9efe7987d597a2d1c757337b1153280af3987d239a5ee6f8d1b4429d87c61,simplified,13655514B53615250576563,Setor de Prabis,True,True,disjoint,False,False,
component,physical-component:f5e9efe7987d597a2d1c757337b1153280af3987d239a5ee6f8d1b4429d87c61,simplified,13655514B57644193184055,Setor de Farim,True,True,disjoint,False,False,
component,physical-component:f5e9efe7987d597a2d1c757337b1153280af3987d239a5ee6f8d1b4429d87c61,simplified,13655514B57740331915335,Setor de Bissora,True,True,disjoint,False,False,
component,physical-component:f5e9efe7987d597a2d1c757337b1153280af3987d239a5ee6f8d1b4429d87c61,simplified,13655514B59106895169358,Setor de Caravela,True,True,positive-area,False,False,component:physical-component:f5e9efe7987d597a2d1c757337b1153280af3987d239a5ee6f8d1b4429d87c61|simplified:13655514B59106895169358
component,physical-component:f5e9efe7987d597a2d1c757337b1153280af3987d239a5ee6f8d1b4429d87c61,simplified,13655514B65296626482863,Setor de Gabv,True,True,disjoint,False,False,
component,physical-component:f5e9efe7987d597a2d1c757337b1153280af3987d239a5ee6f8d1b4429d87c61,simplified,13655514B65471558325414,Setor de Xitole,True,True,disjoint,False,False,
component,physical-component:f5e9efe7987d597a2d1c757337b1153280af3987d239a5ee6f8d1b4429d87c61,simplified,13655514B65726406107890,Setor de Gamamundo,True,True,disjoint,False,False,
component,physical-component:f5e9efe7987d597a2d1c757337b1153280af3987d239a5ee6f8d1b4429d87c61,simplified,13655514B65757043009502,Setor de Safim,True,True,disjoint,False,False,
component,physical-component:f5e9efe7987d597a2d1c757337b1153280af3987d239a5ee6f8d1b4429d87c61,simplified,13655514B66751603958816,Setor de Quinh,True,True,disjoint,False,False,
component,physical-component:f5e9efe7987d597a2d1c757337b1153280af3987d239a5ee6f8d1b4429d87c61,simplified,13655514B71925291750028,Setor de Cacine,True,True,disjoint,False,False,
component,physical-component:f5e9efe7987d597a2d1c757337b1153280af3987d239a5ee6f8d1b4429d87c61,simplified,13655514B76388735674013,Setor de Bigene,True,True,disjoint,False,False,
component,physical-component:f5e9efe7987d597a2d1c757337b1153280af3987d239a5ee6f8d1b4429d87c61,simplified,13655514B77006902429960,Setor de Bolama,True,True,disjoint,False,False,
component,physical-component:f5e9efe7987d597a2d1c757337b1153280af3987d239a5ee6f8d1b4429d87c61,simplified,13655514B8216177448850,Setor de Caiv,True,True,disjoint,False,False,
component,physical-component:f5e9efe7987d597a2d1c757337b1153280af3987d239a5ee6f8d1b4429d87c61,simplified,13655514B91246233663569,Setor de Canghungo,True,True,disjoint,False,False,
component,physical-component:f5e9efe7987d597a2d1c757337b1153280af3987d239a5ee6f8d1b4429d87c61,simplified,13655514B91994517778696,Setor de Sto Domingos,True,True,disjoint,False,False,
component,physical-component:f5e9efe7987d597a2d1c757337b1153280af3987d239a5ee6f8d1b4429d87c61,simplified,13655514B9524670555472,Setor de Fulacunda,True,True,disjoint,False,False,
component,physical-component:f5e9efe7987d597a2d1c757337b1153280af3987d239a5ee6f8d1b4429d87c61,simplified,13655514B95678269815128,Setor de Cacheu,True,True,disjoint,False,False,
component,physical-component:f5e9efe7987d597a2d1c757337b1153280af3987d239a5ee6f8d1b4429d87c61,simplified,13655514B97576906537580,Setor de Pitche,True,True,disjoint,False,False,
component,physical-component:f5e9efe7987d597a2d1c757337b1153280af3987d239a5ee6f8d1b4429d87c61,simplified,13655514B98496568253651,Setor de Bubaque,True,True,disjoint,False,False,
component,physical-component:f5e9efe7987d597a2d1c757337b1153280af3987d239a5ee6f8d1b4429d87c61,simplified,13655514B99052541590952,Setor de Boe,True,True,disjoint,False,False,
component,physical-component:fb76d87cf13478fd5e1f2ebccc6ebc3be38da633ff8864c8efba7c1cb2630212,full,13655514B11561761851968,Setor de Bula,True,True,disjoint,False,False,
component,physical-component:fb76d87cf13478fd5e1f2ebccc6ebc3be38da633ff8864c8efba7c1cb2630212,full,13655514B12793543239296,Setor de Quebo,True,True,disjoint,False,False,
component,physical-component:fb76d87cf13478fd5e1f2ebccc6ebc3be38da633ff8864c8efba7c1cb2630212,full,13655514B15077734082289,Setor de Bafata,True,True,disjoint,False,False,
component,physical-component:fb76d87cf13478fd5e1f2ebccc6ebc3be38da633ff8864c8efba7c1cb2630212,full,13655514B15408487636665,Setor de Madina do Bo˒,True,True,disjoint,False,False,
component,physical-component:fb76d87cf13478fd5e1f2ebccc6ebc3be38da633ff8864c8efba7c1cb2630212,full,13655514B16168252486838,Setor de Pirada,True,True,disjoint,False,False,
component,physical-component:fb76d87cf13478fd5e1f2ebccc6ebc3be38da633ff8864c8efba7c1cb2630212,full,13655514B168355566476,Setor de Bambadinca,True,True,disjoint,False,False,
component,physical-component:fb76d87cf13478fd5e1f2ebccc6ebc3be38da633ff8864c8efba7c1cb2630212,full,13655514B24413703823033,Setor de Catie,True,True,disjoint,False,False,
component,physical-component:fb76d87cf13478fd5e1f2ebccc6ebc3be38da633ff8864c8efba7c1cb2630212,full,13655514B30693048438959,Setor de Empada,True,True,disjoint,False,False,
component,physical-component:fb76d87cf13478fd5e1f2ebccc6ebc3be38da633ff8864c8efba7c1cb2630212,full,13655514B31772276876031,Setor de Mansoa,True,True,disjoint,False,False,
component,physical-component:fb76d87cf13478fd5e1f2ebccc6ebc3be38da633ff8864c8efba7c1cb2630212,full,13655514B37452641895852,Setor de Buba,True,True,disjoint,False,False,
component,physical-component:fb76d87cf13478fd5e1f2ebccc6ebc3be38da633ff8864c8efba7c1cb2630212,full,13655514B37576476310465,Setor de Tite,True,True,disjoint,False,False,
component,physical-component:fb76d87cf13478fd5e1f2ebccc6ebc3be38da633ff8864c8efba7c1cb2630212,full,13655514B38974563194217,Bissau Autonomous Sector,True,True,disjoint,False,False,
component,physical-component:fb76d87cf13478fd5e1f2ebccc6ebc3be38da633ff8864c8efba7c1cb2630212,full,13655514B4319146558278,Setor de Galomaro,True,True,disjoint,False,False,
component,physical-component:fb76d87cf13478fd5e1f2ebccc6ebc3be38da633ff8864c8efba7c1cb2630212,full,13655514B44985576134462,Setor de Uno,True,True,disjoint,False,False,
component,physical-component:fb76d87cf13478fd5e1f2ebccc6ebc3be38da633ff8864c8efba7c1cb2630212,full,13655514B47112439721810,Setor de Nhacra,True,True,disjoint,False,False,
component,physical-component:fb76d87cf13478fd5e1f2ebccc6ebc3be38da633ff8864c8efba7c1cb2630212,full,13655514B47480576799194,Setor de Sonaco,True,True,disjoint,False,False,
component,physical-component:fb76d87cf13478fd5e1f2ebccc6ebc3be38da633ff8864c8efba7c1cb2630212,full,13655514B48763126228848,Setor de Bedanda,True,True,disjoint,False,False,
component,physical-component:fb76d87cf13478fd5e1f2ebccc6ebc3be38da633ff8864c8efba7c1cb2630212,full,13655514B49812801634354,Setor de Mansaba,True,True,disjoint,False,False,
component,physical-component:fb76d87cf13478fd5e1f2ebccc6ebc3be38da633ff8864c8efba7c1cb2630212,full,13655514B51179315853055,Contuboel,True,True,disjoint,False,False,
component,physical-component:fb76d87cf13478fd5e1f2ebccc6ebc3be38da633ff8864c8efba7c1cb2630212,full,13655514B53615250576563,Setor de Prabis,True,True,disjoint,False,False,
component,physical-component:fb76d87cf13478fd5e1f2ebccc6ebc3be38da633ff8864c8efba7c1cb2630212,full,13655514B57644193184055,Setor de Farim,True,True,disjoint,False,False,
component,physical-component:fb76d87cf13478fd5e1f2ebccc6ebc3be38da633ff8864c8efba7c1cb2630212,full,13655514B57740331915335,Setor de Bissora,True,True,disjoint,False,False,
component,physical-component:fb76d87cf13478fd5e1f2ebccc6ebc3be38da633ff8864c8efba7c1cb2630212,full,13655514B59106895169358,Setor de Caravela,True,True,disjoint,False,False,
component,physical-component:fb76d87cf13478fd5e1f2ebccc6ebc3be38da633ff8864c8efba7c1cb2630212,full,13655514B65296626482863,Setor de Gabv,True,True,disjoint,False,False,
component,physical-component:fb76d87cf13478fd5e1f2ebccc6ebc3be38da633ff8864c8efba7c1cb2630212,full,13655514B65471558325414,Setor de Xitole,True,True,disjoint,False,False,
component,physical-component:fb76d87cf13478fd5e1f2ebccc6ebc3be38da633ff8864c8efba7c1cb2630212,full,13655514B65726406107890,Setor de Gamamundo,True,True,disjoint,False,False,
component,physical-component:fb76d87cf13478fd5e1f2ebccc6ebc3be38da633ff8864c8efba7c1cb2630212,full,13655514B65757043009502,Setor de Safim,True,True,disjoint,False,False,
component,physical-component:fb76d87cf13478fd5e1f2ebccc6ebc3be38da633ff8864c8efba7c1cb2630212,full,13655514B66751603958816,Setor de Quinh,True,True,disjoint,False,False,
component,physical-component:fb76d87cf13478fd5e1f2ebccc6ebc3be38da633ff8864c8efba7c1cb2630212,full,13655514B71925291750028,Setor de Cacine,True,True,disjoint,False,False,
component,physical-component:fb76d87cf13478fd5e1f2ebccc6ebc3be38da633ff8864c8efba7c1cb2630212,full,13655514B76388735674013,Setor de Bigene,True,True,disjoint,False,False,
component,physical-component:fb76d87cf13478fd5e1f2ebccc6ebc3be38da633ff8864c8efba7c1cb2630212,full,13655514B77006902429960,Setor de Bolama,True,True,disjoint,False,False,
component,physical-component:fb76d87cf13478fd5e1f2ebccc6ebc3be38da633ff8864c8efba7c1cb2630212,full,13655514B8216177448850,Setor de Caiv,True,True,disjoint,False,False,
component,physical-component:fb76d87cf13478fd5e1f2ebccc6ebc3be38da633ff8864c8efba7c1cb2630212,full,13655514B91246233663569,Setor de Canghungo,True,True,disjoint,False,False,
component,physical-component:fb76d87cf13478fd5e1f2ebccc6ebc3be38da633ff8864c8efba7c1cb2630212,full,13655514B91994517778696,Setor de Sto Domingos,True,True,disjoint,False,False,
component,physical-component:fb76d87cf13478fd5e1f2ebccc6ebc3be38da633ff8864c8efba7c1cb2630212,full,13655514B9524670555472,Setor de Fulacunda,True,True,disjoint,False,False,
component,physical-component:fb76d87cf13478fd5e1f2ebccc6ebc3be38da633ff8864c8efba7c1cb2630212,full,13655514B95678269815128,Setor de Cacheu,True,True,disjoint,False,False,
component,physical-component:fb76d87cf13478fd5e1f2ebccc6ebc3be38da633ff8864c8efba7c1cb2630212,full,13655514B97576906537580,Setor de Pitche,True,True,disjoint,False,False,
component,physical-component:fb76d87cf13478fd5e1f2ebccc6ebc3be38da633ff8864c8efba7c1cb2630212,full,13655514B98496568253651,Setor de Bubaque,True,True,positive-area,False,False,component:physical-component:fb76d87cf13478fd5e1f2ebccc6ebc3be38da633ff8864c8efba7c1cb2630212|full:13655514B98496568253651
component,physical-component:fb76d87cf13478fd5e1f2ebccc6ebc3be38da633ff8864c8efba7c1cb2630212,full,13655514B99052541590952,Setor de Boe,True,True,disjoint,False,False,
component,physical-component:fb76d87cf13478fd5e1f2ebccc6ebc3be38da633ff8864c8efba7c1cb2630212,simplified,13655514B11561761851968,Setor de Bula,True,True,disjoint,False,False,
component,physical-component:fb76d87cf13478fd5e1f2ebccc6ebc3be38da633ff8864c8efba7c1cb2630212,simplified,13655514B12793543239296,Setor de Quebo,True,True,disjoint,False,False,
component,physical-component:fb76d87cf13478fd5e1f2ebccc6ebc3be38da633ff8864c8efba7c1cb2630212,simplified,13655514B15077734082289,Setor de Bafata,True,True,disjoint,False,False,
component,physical-component:fb76d87cf13478fd5e1f2ebccc6ebc3be38da633ff8864c8efba7c1cb2630212,simplified,13655514B15408487636665,Setor de Madina do Bo˒,True,True,disjoint,False,False,
component,physical-component:fb76d87cf13478fd5e1f2ebccc6ebc3be38da633ff8864c8efba7c1cb2630212,simplified,13655514B16168252486838,Setor de Pirada,True,True,disjoint,False,False,
component,physical-component:fb76d87cf13478fd5e1f2ebccc6ebc3be38da633ff8864c8efba7c1cb2630212,simplified,13655514B168355566476,Setor de Bambadinca,True,True,disjoint,False,False,
component,physical-component:fb76d87cf13478fd5e1f2ebccc6ebc3be38da633ff8864c8efba7c1cb2630212,simplified,13655514B24413703823033,Setor de Catie,True,True,disjoint,False,False,
component,physical-component:fb76d87cf13478fd5e1f2ebccc6ebc3be38da633ff8864c8efba7c1cb2630212,simplified,13655514B30693048438959,Setor de Empada,True,True,disjoint,False,False,
component,physical-component:fb76d87cf13478fd5e1f2ebccc6ebc3be38da633ff8864c8efba7c1cb2630212,simplified,13655514B31772276876031,Setor de Mansoa,True,True,disjoint,False,False,
component,physical-component:fb76d87cf13478fd5e1f2ebccc6ebc3be38da633ff8864c8efba7c1cb2630212,simplified,13655514B37452641895852,Setor de Buba,True,True,disjoint,False,False,
component,physical-component:fb76d87cf13478fd5e1f2ebccc6ebc3be38da633ff8864c8efba7c1cb2630212,simplified,13655514B37576476310465,Setor de Tite,True,True,disjoint,False,False,
component,physical-component:fb76d87cf13478fd5e1f2ebccc6ebc3be38da633ff8864c8efba7c1cb2630212,simplified,13655514B38974563194217,Bissau Autonomous Sector,True,True,disjoint,False,False,
component,physical-component:fb76d87cf13478fd5e1f2ebccc6ebc3be38da633ff8864c8efba7c1cb2630212,simplified,13655514B4319146558278,Setor de Galomaro,True,True,disjoint,False,False,
component,physical-component:fb76d87cf13478fd5e1f2ebccc6ebc3be38da633ff8864c8efba7c1cb2630212,simplified,13655514B44985576134462,Setor de Uno,True,True,disjoint,False,False,
component,physical-component:fb76d87cf13478fd5e1f2ebccc6ebc3be38da633ff8864c8efba7c1cb2630212,simplified,13655514B47112439721810,Setor de Nhacra,True,True,disjoint,False,False,
component,physical-component:fb76d87cf13478fd5e1f2ebccc6ebc3be38da633ff8864c8efba7c1cb2630212,simplified,13655514B47480576799194,Setor de Sonaco,True,True,disjoint,False,False,
component,physical-component:fb76d87cf13478fd5e1f2ebccc6ebc3be38da633ff8864c8efba7c1cb2630212,simplified,13655514B48763126228848,Setor de Bedanda,True,True,disjoint,False,False,
component,physical-component:fb76d87cf13478fd5e1f2ebccc6ebc3be38da633ff8864c8efba7c1cb2630212,simplified,13655514B49812801634354,Setor de Mansaba,True,True,disjoint,False,False,
component,physical-component:fb76d87cf13478fd5e1f2ebccc6ebc3be38da633ff8864c8efba7c1cb2630212,simplified,13655514B51179315853055,Contuboel,True,True,disjoint,False,False,
component,physical-component:fb76d87cf13478fd5e1f2ebccc6ebc3be38da633ff8864c8efba7c1cb2630212,simplified,13655514B53615250576563,Setor de Prabis,True,True,disjoint,False,False,
component,physical-component:fb76d87cf13478fd5e1f2ebccc6ebc3be38da633ff8864c8efba7c1cb2630212,simplified,13655514B57644193184055,Setor de Farim,True,True,disjoint,False,False,
component,physical-component:fb76d87cf13478fd5e1f2ebccc6ebc3be38da633ff8864c8efba7c1cb2630212,simplified,13655514B57740331915335,Setor de Bissora,True,True,disjoint,False,False,
component,physical-component:fb76d87cf13478fd5e1f2ebccc6ebc3be38da633ff8864c8efba7c1cb2630212,simplified,13655514B59106895169358,Setor de Caravela,True,True,disjoint,False,False,
component,physical-component:fb76d87cf13478fd5e1f2ebccc6ebc3be38da633ff8864c8efba7c1cb2630212,simplified,13655514B65296626482863,Setor de Gabv,True,True,disjoint,False,False,
component,physical-component:fb76d87cf13478fd5e1f2ebccc6ebc3be38da633ff8864c8efba7c1cb2630212,simplified,13655514B65471558325414,Setor de Xitole,True,True,disjoint,False,False,
component,physical-component:fb76d87cf13478fd5e1f2ebccc6ebc3be38da633ff8864c8efba7c1cb2630212,simplified,13655514B65726406107890,Setor de Gamamundo,True,True,disjoint,False,False,
component,physical-component:fb76d87cf13478fd5e1f2ebccc6ebc3be38da633ff8864c8efba7c1cb2630212,simplified,13655514B65757043009502,Setor de Safim,True,True,disjoint,False,False,
component,physical-component:fb76d87cf13478fd5e1f2ebccc6ebc3be38da633ff8864c8efba7c1cb2630212,simplified,13655514B66751603958816,Setor de Quinh,True,True,disjoint,False,False,
component,physical-component:fb76d87cf13478fd5e1f2ebccc6ebc3be38da633ff8864c8efba7c1cb2630212,simplified,13655514B71925291750028,Setor de Cacine,True,True,disjoint,False,False,
component,physical-component:fb76d87cf13478fd5e1f2ebccc6ebc3be38da633ff8864c8efba7c1cb2630212,simplified,13655514B76388735674013,Setor de Bigene,True,True,disjoint,False,False,
component,physical-component:fb76d87cf13478fd5e1f2ebccc6ebc3be38da633ff8864c8efba7c1cb2630212,simplified,13655514B77006902429960,Setor de Bolama,True,True,disjoint,False,False,
component,physical-component:fb76d87cf13478fd5e1f2ebccc6ebc3be38da633ff8864c8efba7c1cb2630212,simplified,13655514B8216177448850,Setor de Caiv,True,True,disjoint,False,False,
component,physical-component:fb76d87cf13478fd5e1f2ebccc6ebc3be38da633ff8864c8efba7c1cb2630212,simplified,13655514B91246233663569,Setor de Canghungo,True,True,disjoint,False,False,
component,physical-component:fb76d87cf13478fd5e1f2ebccc6ebc3be38da633ff8864c8efba7c1cb2630212,simplified,13655514B91994517778696,Setor de Sto Domingos,True,True,disjoint,False,False,
component,physical-component:fb76d87cf13478fd5e1f2ebccc6ebc3be38da633ff8864c8efba7c1cb2630212,simplified,13655514B9524670555472,Setor de Fulacunda,True,True,disjoint,False,False,
component,physical-component:fb76d87cf13478fd5e1f2ebccc6ebc3be38da633ff8864c8efba7c1cb2630212,simplified,13655514B95678269815128,Setor de Cacheu,True,True,disjoint,False,False,
component,physical-component:fb76d87cf13478fd5e1f2ebccc6ebc3be38da633ff8864c8efba7c1cb2630212,simplified,13655514B97576906537580,Setor de Pitche,True,True,disjoint,False,False,
component,physical-component:fb76d87cf13478fd5e1f2ebccc6ebc3be38da633ff8864c8efba7c1cb2630212,simplified,13655514B98496568253651,Setor de Bubaque,True,True,positive-area,False,False,component:physical-component:fb76d87cf13478fd5e1f2ebccc6ebc3be38da633ff8864c8efba7c1cb2630212|simplified:13655514B98496568253651
component,physical-component:fb76d87cf13478fd5e1f2ebccc6ebc3be38da633ff8864c8efba7c1cb2630212,simplified,13655514B99052541590952,Setor de Boe,True,True,disjoint,False,False,
component,physical-component:ff43ac7694999de1f87f95102ed19231b6c246fb1aa9dc815f47596f0bb7b274,full,13655514B11561761851968,Setor de Bula,True,True,disjoint,False,False,
component,physical-component:ff43ac7694999de1f87f95102ed19231b6c246fb1aa9dc815f47596f0bb7b274,full,13655514B12793543239296,Setor de Quebo,True,True,disjoint,False,False,
component,physical-component:ff43ac7694999de1f87f95102ed19231b6c246fb1aa9dc815f47596f0bb7b274,full,13655514B15077734082289,Setor de Bafata,True,True,disjoint,False,False,
component,physical-component:ff43ac7694999de1f87f95102ed19231b6c246fb1aa9dc815f47596f0bb7b274,full,13655514B15408487636665,Setor de Madina do Bo˒,True,True,disjoint,False,False,
component,physical-component:ff43ac7694999de1f87f95102ed19231b6c246fb1aa9dc815f47596f0bb7b274,full,13655514B16168252486838,Setor de Pirada,True,True,disjoint,False,False,
component,physical-component:ff43ac7694999de1f87f95102ed19231b6c246fb1aa9dc815f47596f0bb7b274,full,13655514B168355566476,Setor de Bambadinca,True,True,disjoint,False,False,
component,physical-component:ff43ac7694999de1f87f95102ed19231b6c246fb1aa9dc815f47596f0bb7b274,full,13655514B24413703823033,Setor de Catie,True,True,disjoint,False,False,
component,physical-component:ff43ac7694999de1f87f95102ed19231b6c246fb1aa9dc815f47596f0bb7b274,full,13655514B30693048438959,Setor de Empada,True,True,disjoint,False,False,
component,physical-component:ff43ac7694999de1f87f95102ed19231b6c246fb1aa9dc815f47596f0bb7b274,full,13655514B31772276876031,Setor de Mansoa,True,True,disjoint,False,False,
component,physical-component:ff43ac7694999de1f87f95102ed19231b6c246fb1aa9dc815f47596f0bb7b274,full,13655514B37452641895852,Setor de Buba,True,True,disjoint,False,False,
component,physical-component:ff43ac7694999de1f87f95102ed19231b6c246fb1aa9dc815f47596f0bb7b274,full,13655514B37576476310465,Setor de Tite,True,True,disjoint,False,False,
component,physical-component:ff43ac7694999de1f87f95102ed19231b6c246fb1aa9dc815f47596f0bb7b274,full,13655514B38974563194217,Bissau Autonomous Sector,True,True,disjoint,False,False,
component,physical-component:ff43ac7694999de1f87f95102ed19231b6c246fb1aa9dc815f47596f0bb7b274,full,13655514B4319146558278,Setor de Galomaro,True,True,disjoint,False,False,
component,physical-component:ff43ac7694999de1f87f95102ed19231b6c246fb1aa9dc815f47596f0bb7b274,full,13655514B44985576134462,Setor de Uno,True,True,positive-area,False,False,component:physical-component:ff43ac7694999de1f87f95102ed19231b6c246fb1aa9dc815f47596f0bb7b274|full:13655514B44985576134462
component,physical-component:ff43ac7694999de1f87f95102ed19231b6c246fb1aa9dc815f47596f0bb7b274,full,13655514B47112439721810,Setor de Nhacra,True,True,disjoint,False,False,
component,physical-component:ff43ac7694999de1f87f95102ed19231b6c246fb1aa9dc815f47596f0bb7b274,full,13655514B47480576799194,Setor de Sonaco,True,True,disjoint,False,False,
component,physical-component:ff43ac7694999de1f87f95102ed19231b6c246fb1aa9dc815f47596f0bb7b274,full,13655514B48763126228848,Setor de Bedanda,True,True,disjoint,False,False,
component,physical-component:ff43ac7694999de1f87f95102ed19231b6c246fb1aa9dc815f47596f0bb7b274,full,13655514B49812801634354,Setor de Mansaba,True,True,disjoint,False,False,
component,physical-component:ff43ac7694999de1f87f95102ed19231b6c246fb1aa9dc815f47596f0bb7b274,full,13655514B51179315853055,Contuboel,True,True,disjoint,False,False,
component,physical-component:ff43ac7694999de1f87f95102ed19231b6c246fb1aa9dc815f47596f0bb7b274,full,13655514B53615250576563,Setor de Prabis,True,True,disjoint,False,False,
component,physical-component:ff43ac7694999de1f87f95102ed19231b6c246fb1aa9dc815f47596f0bb7b274,full,13655514B57644193184055,Setor de Farim,True,True,disjoint,False,False,
component,physical-component:ff43ac7694999de1f87f95102ed19231b6c246fb1aa9dc815f47596f0bb7b274,full,13655514B57740331915335,Setor de Bissora,True,True,disjoint,False,False,
component,physical-component:ff43ac7694999de1f87f95102ed19231b6c246fb1aa9dc815f47596f0bb7b274,full,13655514B59106895169358,Setor de Caravela,True,True,disjoint,False,False,
component,physical-component:ff43ac7694999de1f87f95102ed19231b6c246fb1aa9dc815f47596f0bb7b274,full,13655514B65296626482863,Setor de Gabv,True,True,disjoint,False,False,
component,physical-component:ff43ac7694999de1f87f95102ed19231b6c246fb1aa9dc815f47596f0bb7b274,full,13655514B65471558325414,Setor de Xitole,True,True,disjoint,False,False,
component,physical-component:ff43ac7694999de1f87f95102ed19231b6c246fb1aa9dc815f47596f0bb7b274,full,13655514B65726406107890,Setor de Gamamundo,True,True,disjoint,False,False,
component,physical-component:ff43ac7694999de1f87f95102ed19231b6c246fb1aa9dc815f47596f0bb7b274,full,13655514B65757043009502,Setor de Safim,True,True,disjoint,False,False,
component,physical-component:ff43ac7694999de1f87f95102ed19231b6c246fb1aa9dc815f47596f0bb7b274,full,13655514B66751603958816,Setor de Quinh,True,True,disjoint,False,False,
component,physical-component:ff43ac7694999de1f87f95102ed19231b6c246fb1aa9dc815f47596f0bb7b274,full,13655514B71925291750028,Setor de Cacine,True,True,disjoint,False,False,
component,physical-component:ff43ac7694999de1f87f95102ed19231b6c246fb1aa9dc815f47596f0bb7b274,full,13655514B76388735674013,Setor de Bigene,True,True,disjoint,False,False,
component,physical-component:ff43ac7694999de1f87f95102ed19231b6c246fb1aa9dc815f47596f0bb7b274,full,13655514B77006902429960,Setor de Bolama,True,True,disjoint,False,False,
component,physical-component:ff43ac7694999de1f87f95102ed19231b6c246fb1aa9dc815f47596f0bb7b274,full,13655514B8216177448850,Setor de Caiv,True,True,disjoint,False,False,
component,physical-component:ff43ac7694999de1f87f95102ed19231b6c246fb1aa9dc815f47596f0bb7b274,full,13655514B91246233663569,Setor de Canghungo,True,True,disjoint,False,False,
component,physical-component:ff43ac7694999de1f87f95102ed19231b6c246fb1aa9dc815f47596f0bb7b274,full,13655514B91994517778696,Setor de Sto Domingos,True,True,disjoint,False,False,
component,physical-component:ff43ac7694999de1f87f95102ed19231b6c246fb1aa9dc815f47596f0bb7b274,full,13655514B9524670555472,Setor de Fulacunda,True,True,disjoint,False,False,
component,physical-component:ff43ac7694999de1f87f95102ed19231b6c246fb1aa9dc815f47596f0bb7b274,full,13655514B95678269815128,Setor de Cacheu,True,True,disjoint,False,False,
component,physical-component:ff43ac7694999de1f87f95102ed19231b6c246fb1aa9dc815f47596f0bb7b274,full,13655514B97576906537580,Setor de Pitche,True,True,disjoint,False,False,
component,physical-component:ff43ac7694999de1f87f95102ed19231b6c246fb1aa9dc815f47596f0bb7b274,full,13655514B98496568253651,Setor de Bubaque,True,True,disjoint,False,False,
component,physical-component:ff43ac7694999de1f87f95102ed19231b6c246fb1aa9dc815f47596f0bb7b274,full,13655514B99052541590952,Setor de Boe,True,True,disjoint,False,False,
component,physical-component:ff43ac7694999de1f87f95102ed19231b6c246fb1aa9dc815f47596f0bb7b274,simplified,13655514B11561761851968,Setor de Bula,True,True,disjoint,False,False,
component,physical-component:ff43ac7694999de1f87f95102ed19231b6c246fb1aa9dc815f47596f0bb7b274,simplified,13655514B12793543239296,Setor de Quebo,True,True,disjoint,False,False,
component,physical-component:ff43ac7694999de1f87f95102ed19231b6c246fb1aa9dc815f47596f0bb7b274,simplified,13655514B15077734082289,Setor de Bafata,True,True,disjoint,False,False,
component,physical-component:ff43ac7694999de1f87f95102ed19231b6c246fb1aa9dc815f47596f0bb7b274,simplified,13655514B15408487636665,Setor de Madina do Bo˒,True,True,disjoint,False,False,
component,physical-component:ff43ac7694999de1f87f95102ed19231b6c246fb1aa9dc815f47596f0bb7b274,simplified,13655514B16168252486838,Setor de Pirada,True,True,disjoint,False,False,
component,physical-component:ff43ac7694999de1f87f95102ed19231b6c246fb1aa9dc815f47596f0bb7b274,simplified,13655514B168355566476,Setor de Bambadinca,True,True,disjoint,False,False,
component,physical-component:ff43ac7694999de1f87f95102ed19231b6c246fb1aa9dc815f47596f0bb7b274,simplified,13655514B24413703823033,Setor de Catie,True,True,disjoint,False,False,
component,physical-component:ff43ac7694999de1f87f95102ed19231b6c246fb1aa9dc815f47596f0bb7b274,simplified,13655514B30693048438959,Setor de Empada,True,True,disjoint,False,False,
component,physical-component:ff43ac7694999de1f87f95102ed19231b6c246fb1aa9dc815f47596f0bb7b274,simplified,13655514B31772276876031,Setor de Mansoa,True,True,disjoint,False,False,
component,physical-component:ff43ac7694999de1f87f95102ed19231b6c246fb1aa9dc815f47596f0bb7b274,simplified,13655514B37452641895852,Setor de Buba,True,True,disjoint,False,False,
component,physical-component:ff43ac7694999de1f87f95102ed19231b6c246fb1aa9dc815f47596f0bb7b274,simplified,13655514B37576476310465,Setor de Tite,True,True,disjoint,False,False,
component,physical-component:ff43ac7694999de1f87f95102ed19231b6c246fb1aa9dc815f47596f0bb7b274,simplified,13655514B38974563194217,Bissau Autonomous Sector,True,True,disjoint,False,False,
component,physical-component:ff43ac7694999de1f87f95102ed19231b6c246fb1aa9dc815f47596f0bb7b274,simplified,13655514B4319146558278,Setor de Galomaro,True,True,disjoint,False,False,
component,physical-component:ff43ac7694999de1f87f95102ed19231b6c246fb1aa9dc815f47596f0bb7b274,simplified,13655514B44985576134462,Setor de Uno,True,True,positive-area,False,False,component:physical-component:ff43ac7694999de1f87f95102ed19231b6c246fb1aa9dc815f47596f0bb7b274|simplified:13655514B44985576134462
component,physical-component:ff43ac7694999de1f87f95102ed19231b6c246fb1aa9dc815f47596f0bb7b274,simplified,13655514B47112439721810,Setor de Nhacra,True,True,disjoint,False,False,
component,physical-component:ff43ac7694999de1f87f95102ed19231b6c246fb1aa9dc815f47596f0bb7b274,simplified,13655514B47480576799194,Setor de Sonaco,True,True,disjoint,False,False,
component,physical-component:ff43ac7694999de1f87f95102ed19231b6c246fb1aa9dc815f47596f0bb7b274,simplified,13655514B48763126228848,Setor de Bedanda,True,True,disjoint,False,False,
component,physical-component:ff43ac7694999de1f87f95102ed19231b6c246fb1aa9dc815f47596f0bb7b274,simplified,13655514B49812801634354,Setor de Mansaba,True,True,disjoint,False,False,
component,physical-component:ff43ac7694999de1f87f95102ed19231b6c246fb1aa9dc815f47596f0bb7b274,simplified,13655514B51179315853055,Contuboel,True,True,disjoint,False,False,
component,physical-component:ff43ac7694999de1f87f95102ed19231b6c246fb1aa9dc815f47596f0bb7b274,simplified,13655514B53615250576563,Setor de Prabis,True,True,disjoint,False,False,
component,physical-component:ff43ac7694999de1f87f95102ed19231b6c246fb1aa9dc815f47596f0bb7b274,simplified,13655514B57644193184055,Setor de Farim,True,True,disjoint,False,False,
component,physical-component:ff43ac7694999de1f87f95102ed19231b6c246fb1aa9dc815f47596f0bb7b274,simplified,13655514B57740331915335,Setor de Bissora,True,True,disjoint,False,False,
component,physical-component:ff43ac7694999de1f87f95102ed19231b6c246fb1aa9dc815f47596f0bb7b274,simplified,13655514B59106895169358,Setor de Caravela,True,True,disjoint,False,False,
component,physical-component:ff43ac7694999de1f87f95102ed19231b6c246fb1aa9dc815f47596f0bb7b274,simplified,13655514B65296626482863,Setor de Gabv,True,True,disjoint,False,False,
component,physical-component:ff43ac7694999de1f87f95102ed19231b6c246fb1aa9dc815f47596f0bb7b274,simplified,13655514B65471558325414,Setor de Xitole,True,True,disjoint,False,False,
component,physical-component:ff43ac7694999de1f87f95102ed19231b6c246fb1aa9dc815f47596f0bb7b274,simplified,13655514B65726406107890,Setor de Gamamundo,True,True,disjoint,False,False,
component,physical-component:ff43ac7694999de1f87f95102ed19231b6c246fb1aa9dc815f47596f0bb7b274,simplified,13655514B65757043009502,Setor de Safim,True,True,disjoint,False,False,
component,physical-component:ff43ac7694999de1f87f95102ed19231b6c246fb1aa9dc815f47596f0bb7b274,simplified,13655514B66751603958816,Setor de Quinh,True,True,disjoint,False,False,
component,physical-component:ff43ac7694999de1f87f95102ed19231b6c246fb1aa9dc815f47596f0bb7b274,simplified,13655514B71925291750028,Setor de Cacine,True,True,disjoint,False,False,
component,physical-component:ff43ac7694999de1f87f95102ed19231b6c246fb1aa9dc815f47596f0bb7b274,simplified,13655514B76388735674013,Setor de Bigene,True,True,disjoint,False,False,
component,physical-component:ff43ac7694999de1f87f95102ed19231b6c246fb1aa9dc815f47596f0bb7b274,simplified,13655514B77006902429960,Setor de Bolama,True,True,disjoint,False,False,
component,physical-component:ff43ac7694999de1f87f95102ed19231b6c246fb1aa9dc815f47596f0bb7b274,simplified,13655514B8216177448850,Setor de Caiv,True,True,disjoint,False,False,
component,physical-component:ff43ac7694999de1f87f95102ed19231b6c246fb1aa9dc815f47596f0bb7b274,simplified,13655514B91246233663569,Setor de Canghungo,True,True,disjoint,False,False,
component,physical-component:ff43ac7694999de1f87f95102ed19231b6c246fb1aa9dc815f47596f0bb7b274,simplified,13655514B91994517778696,Setor de Sto Domingos,True,True,disjoint,False,False,
component,physical-component:ff43ac7694999de1f87f95102ed19231b6c246fb1aa9dc815f47596f0bb7b274,simplified,13655514B9524670555472,Setor de Fulacunda,True,True,disjoint,False,False,
component,physical-component:ff43ac7694999de1f87f95102ed19231b6c246fb1aa9dc815f47596f0bb7b274,simplified,13655514B95678269815128,Setor de Cacheu,True,True,disjoint,False,False,
component,physical-component:ff43ac7694999de1f87f95102ed19231b6c246fb1aa9dc815f47596f0bb7b274,simplified,13655514B97576906537580,Setor de Pitche,True,True,disjoint,False,False,
component,physical-component:ff43ac7694999de1f87f95102ed19231b6c246fb1aa9dc815f47596f0bb7b274,simplified,13655514B98496568253651,Setor de Bubaque,True,True,disjoint,False,False,
component,physical-component:ff43ac7694999de1f87f95102ed19231b6c246fb1aa9dc815f47596f0bb7b274,simplified,13655514B99052541590952,Setor de Boe,True,True,disjoint,False,False,
contact,gb:GNB:ADM2:13655514B44985576134462,full,13655514B11561761851968,Setor de Bula,True,True,disjoint,False,False,
contact,gb:GNB:ADM2:13655514B44985576134462,full,13655514B12793543239296,Setor de Quebo,True,True,disjoint,False,False,
contact,gb:GNB:ADM2:13655514B44985576134462,full,13655514B15077734082289,Setor de Bafata,True,True,disjoint,False,False,
contact,gb:GNB:ADM2:13655514B44985576134462,full,13655514B15408487636665,Setor de Madina do Bo˒,True,True,disjoint,False,False,
contact,gb:GNB:ADM2:13655514B44985576134462,full,13655514B16168252486838,Setor de Pirada,True,True,disjoint,False,False,
contact,gb:GNB:ADM2:13655514B44985576134462,full,13655514B168355566476,Setor de Bambadinca,True,True,disjoint,False,False,
contact,gb:GNB:ADM2:13655514B44985576134462,full,13655514B24413703823033,Setor de Catie,True,True,disjoint,False,False,
contact,gb:GNB:ADM2:13655514B44985576134462,full,13655514B30693048438959,Setor de Empada,True,True,disjoint,False,False,
contact,gb:GNB:ADM2:13655514B44985576134462,full,13655514B31772276876031,Setor de Mansoa,True,True,disjoint,False,False,
contact,gb:GNB:ADM2:13655514B44985576134462,full,13655514B37452641895852,Setor de Buba,True,True,disjoint,False,False,
contact,gb:GNB:ADM2:13655514B44985576134462,full,13655514B37576476310465,Setor de Tite,True,True,disjoint,False,False,
contact,gb:GNB:ADM2:13655514B44985576134462,full,13655514B38974563194217,Bissau Autonomous Sector,True,True,disjoint,False,False,
contact,gb:GNB:ADM2:13655514B44985576134462,full,13655514B4319146558278,Setor de Galomaro,True,True,disjoint,False,False,
contact,gb:GNB:ADM2:13655514B44985576134462,full,13655514B44985576134462,Setor de Uno,True,True,positive-area,False,False,contact:gb:GNB:ADM2:13655514B44985576134462|full:13655514B44985576134462
contact,gb:GNB:ADM2:13655514B44985576134462,full,13655514B47112439721810,Setor de Nhacra,True,True,disjoint,False,False,
contact,gb:GNB:ADM2:13655514B44985576134462,full,13655514B47480576799194,Setor de Sonaco,True,True,disjoint,False,False,
contact,gb:GNB:ADM2:13655514B44985576134462,full,13655514B48763126228848,Setor de Bedanda,True,True,disjoint,False,False,
contact,gb:GNB:ADM2:13655514B44985576134462,full,13655514B49812801634354,Setor de Mansaba,True,True,disjoint,False,False,
contact,gb:GNB:ADM2:13655514B44985576134462,full,13655514B51179315853055,Contuboel,True,True,disjoint,False,False,
contact,gb:GNB:ADM2:13655514B44985576134462,full,13655514B53615250576563,Setor de Prabis,True,True,disjoint,False,False,
contact,gb:GNB:ADM2:13655514B44985576134462,full,13655514B57644193184055,Setor de Farim,True,True,disjoint,False,False,
contact,gb:GNB:ADM2:13655514B44985576134462,full,13655514B57740331915335,Setor de Bissora,True,True,disjoint,False,False,
contact,gb:GNB:ADM2:13655514B44985576134462,full,13655514B59106895169358,Setor de Caravela,True,True,disjoint,False,False,
contact,gb:GNB:ADM2:13655514B44985576134462,full,13655514B65296626482863,Setor de Gabv,True,True,disjoint,False,False,
contact,gb:GNB:ADM2:13655514B44985576134462,full,13655514B65471558325414,Setor de Xitole,True,True,disjoint,False,False,
contact,gb:GNB:ADM2:13655514B44985576134462,full,13655514B65726406107890,Setor de Gamamundo,True,True,disjoint,False,False,
contact,gb:GNB:ADM2:13655514B44985576134462,full,13655514B65757043009502,Setor de Safim,True,True,disjoint,False,False,
contact,gb:GNB:ADM2:13655514B44985576134462,full,13655514B66751603958816,Setor de Quinh,True,True,disjoint,False,False,
contact,gb:GNB:ADM2:13655514B44985576134462,full,13655514B71925291750028,Setor de Cacine,True,True,disjoint,False,False,
contact,gb:GNB:ADM2:13655514B44985576134462,full,13655514B76388735674013,Setor de Bigene,True,True,disjoint,False,False,
contact,gb:GNB:ADM2:13655514B44985576134462,full,13655514B77006902429960,Setor de Bolama,True,True,disjoint,False,False,
contact,gb:GNB:ADM2:13655514B44985576134462,full,13655514B8216177448850,Setor de Caiv,True,True,disjoint,False,False,
contact,gb:GNB:ADM2:13655514B44985576134462,full,13655514B91246233663569,Setor de Canghungo,True,True,disjoint,False,False,
contact,gb:GNB:ADM2:13655514B44985576134462,full,13655514B91994517778696,Setor de Sto Domingos,True,True,disjoint,False,False,
contact,gb:GNB:ADM2:13655514B44985576134462,full,13655514B9524670555472,Setor de Fulacunda,True,True,disjoint,False,False,
contact,gb:GNB:ADM2:13655514B44985576134462,full,13655514B95678269815128,Setor de Cacheu,True,True,disjoint,False,False,
contact,gb:GNB:ADM2:13655514B44985576134462,full,13655514B97576906537580,Setor de Pitche,True,True,disjoint,False,False,
contact,gb:GNB:ADM2:13655514B44985576134462,full,13655514B98496568253651,Setor de Bubaque,True,True,disjoint,False,False,
contact,gb:GNB:ADM2:13655514B44985576134462,full,13655514B99052541590952,Setor de Boe,True,True,disjoint,False,False,
contact,gb:GNB:ADM2:13655514B44985576134462,simplified,13655514B11561761851968,Setor de Bula,True,True,disjoint,False,False,
contact,gb:GNB:ADM2:13655514B44985576134462,simplified,13655514B12793543239296,Setor de Quebo,True,True,disjoint,False,False,
contact,gb:GNB:ADM2:13655514B44985576134462,simplified,13655514B15077734082289,Setor de Bafata,True,True,disjoint,False,False,
contact,gb:GNB:ADM2:13655514B44985576134462,simplified,13655514B15408487636665,Setor de Madina do Bo˒,True,True,disjoint,False,False,
contact,gb:GNB:ADM2:13655514B44985576134462,simplified,13655514B16168252486838,Setor de Pirada,True,True,disjoint,False,False,
contact,gb:GNB:ADM2:13655514B44985576134462,simplified,13655514B168355566476,Setor de Bambadinca,True,True,disjoint,False,False,
contact,gb:GNB:ADM2:13655514B44985576134462,simplified,13655514B24413703823033,Setor de Catie,True,True,disjoint,False,False,
contact,gb:GNB:ADM2:13655514B44985576134462,simplified,13655514B30693048438959,Setor de Empada,True,True,disjoint,False,False,
contact,gb:GNB:ADM2:13655514B44985576134462,simplified,13655514B31772276876031,Setor de Mansoa,True,True,disjoint,False,False,
contact,gb:GNB:ADM2:13655514B44985576134462,simplified,13655514B37452641895852,Setor de Buba,True,True,disjoint,False,False,
contact,gb:GNB:ADM2:13655514B44985576134462,simplified,13655514B37576476310465,Setor de Tite,True,True,disjoint,False,False,
contact,gb:GNB:ADM2:13655514B44985576134462,simplified,13655514B38974563194217,Bissau Autonomous Sector,True,True,disjoint,False,False,
contact,gb:GNB:ADM2:13655514B44985576134462,simplified,13655514B4319146558278,Setor de Galomaro,True,True,disjoint,False,False,
contact,gb:GNB:ADM2:13655514B44985576134462,simplified,13655514B44985576134462,Setor de Uno,True,True,positive-area,False,False,contact:gb:GNB:ADM2:13655514B44985576134462|simplified:13655514B44985576134462
contact,gb:GNB:ADM2:13655514B44985576134462,simplified,13655514B47112439721810,Setor de Nhacra,True,True,disjoint,False,False,
contact,gb:GNB:ADM2:13655514B44985576134462,simplified,13655514B47480576799194,Setor de Sonaco,True,True,disjoint,False,False,
contact,gb:GNB:ADM2:13655514B44985576134462,simplified,13655514B48763126228848,Setor de Bedanda,True,True,disjoint,False,False,
contact,gb:GNB:ADM2:13655514B44985576134462,simplified,13655514B49812801634354,Setor de Mansaba,True,True,disjoint,False,False,
contact,gb:GNB:ADM2:13655514B44985576134462,simplified,13655514B51179315853055,Contuboel,True,True,disjoint,False,False,
contact,gb:GNB:ADM2:13655514B44985576134462,simplified,13655514B53615250576563,Setor de Prabis,True,True,disjoint,False,False,
contact,gb:GNB:ADM2:13655514B44985576134462,simplified,13655514B57644193184055,Setor de Farim,True,True,disjoint,False,False,
contact,gb:GNB:ADM2:13655514B44985576134462,simplified,13655514B57740331915335,Setor de Bissora,True,True,disjoint,False,False,
contact,gb:GNB:ADM2:13655514B44985576134462,simplified,13655514B59106895169358,Setor de Caravela,True,True,disjoint,False,False,
contact,gb:GNB:ADM2:13655514B44985576134462,simplified,13655514B65296626482863,Setor de Gabv,True,True,disjoint,False,False,
contact,gb:GNB:ADM2:13655514B44985576134462,simplified,13655514B65471558325414,Setor de Xitole,True,True,disjoint,False,False,
contact,gb:GNB:ADM2:13655514B44985576134462,simplified,13655514B65726406107890,Setor de Gamamundo,True,True,disjoint,False,False,
contact,gb:GNB:ADM2:13655514B44985576134462,simplified,13655514B65757043009502,Setor de Safim,True,True,disjoint,False,False,
contact,gb:GNB:ADM2:13655514B44985576134462,simplified,13655514B66751603958816,Setor de Quinh,True,True,disjoint,False,False,
contact,gb:GNB:ADM2:13655514B44985576134462,simplified,13655514B71925291750028,Setor de Cacine,True,True,disjoint,False,False,
contact,gb:GNB:ADM2:13655514B44985576134462,simplified,13655514B76388735674013,Setor de Bigene,True,True,disjoint,False,False,
contact,gb:GNB:ADM2:13655514B44985576134462,simplified,13655514B77006902429960,Setor de Bolama,True,True,disjoint,False,False,
contact,gb:GNB:ADM2:13655514B44985576134462,simplified,13655514B8216177448850,Setor de Caiv,True,True,disjoint,False,False,
contact,gb:GNB:ADM2:13655514B44985576134462,simplified,13655514B91246233663569,Setor de Canghungo,True,True,disjoint,False,False,
contact,gb:GNB:ADM2:13655514B44985576134462,simplified,13655514B91994517778696,Setor de Sto Domingos,True,True,disjoint,False,False,
contact,gb:GNB:ADM2:13655514B44985576134462,simplified,13655514B9524670555472,Setor de Fulacunda,True,True,disjoint,False,False,
contact,gb:GNB:ADM2:13655514B44985576134462,simplified,13655514B95678269815128,Setor de Cacheu,True,True,disjoint,False,False,
contact,gb:GNB:ADM2:13655514B44985576134462,simplified,13655514B97576906537580,Setor de Pitche,True,True,disjoint,False,False,
contact,gb:GNB:ADM2:13655514B44985576134462,simplified,13655514B98496568253651,Setor de Bubaque,True,True,disjoint,False,False,
contact,gb:GNB:ADM2:13655514B44985576134462,simplified,13655514B99052541590952,Setor de Boe,True,True,disjoint,False,False,
contact,gb:GNB:ADM2:13655514B59106895169358,full,13655514B11561761851968,Setor de Bula,True,True,disjoint,False,False,
contact,gb:GNB:ADM2:13655514B59106895169358,full,13655514B12793543239296,Setor de Quebo,True,True,disjoint,False,False,
contact,gb:GNB:ADM2:13655514B59106895169358,full,13655514B15077734082289,Setor de Bafata,True,True,disjoint,False,False,
contact,gb:GNB:ADM2:13655514B59106895169358,full,13655514B15408487636665,Setor de Madina do Bo˒,True,True,disjoint,False,False,
contact,gb:GNB:ADM2:13655514B59106895169358,full,13655514B16168252486838,Setor de Pirada,True,True,disjoint,False,False,
contact,gb:GNB:ADM2:13655514B59106895169358,full,13655514B168355566476,Setor de Bambadinca,True,True,disjoint,False,False,
contact,gb:GNB:ADM2:13655514B59106895169358,full,13655514B24413703823033,Setor de Catie,True,True,disjoint,False,False,
contact,gb:GNB:ADM2:13655514B59106895169358,full,13655514B30693048438959,Setor de Empada,True,True,disjoint,False,False,
contact,gb:GNB:ADM2:13655514B59106895169358,full,13655514B31772276876031,Setor de Mansoa,True,True,disjoint,False,False,
contact,gb:GNB:ADM2:13655514B59106895169358,full,13655514B37452641895852,Setor de Buba,True,True,disjoint,False,False,
contact,gb:GNB:ADM2:13655514B59106895169358,full,13655514B37576476310465,Setor de Tite,True,True,disjoint,False,False,
contact,gb:GNB:ADM2:13655514B59106895169358,full,13655514B38974563194217,Bissau Autonomous Sector,True,True,disjoint,False,False,
contact,gb:GNB:ADM2:13655514B59106895169358,full,13655514B4319146558278,Setor de Galomaro,True,True,disjoint,False,False,
contact,gb:GNB:ADM2:13655514B59106895169358,full,13655514B44985576134462,Setor de Uno,True,True,disjoint,False,False,
contact,gb:GNB:ADM2:13655514B59106895169358,full,13655514B47112439721810,Setor de Nhacra,True,True,disjoint,False,False,
contact,gb:GNB:ADM2:13655514B59106895169358,full,13655514B47480576799194,Setor de Sonaco,True,True,disjoint,False,False,
contact,gb:GNB:ADM2:13655514B59106895169358,full,13655514B48763126228848,Setor de Bedanda,True,True,disjoint,False,False,
contact,gb:GNB:ADM2:13655514B59106895169358,full,13655514B49812801634354,Setor de Mansaba,True,True,disjoint,False,False,
contact,gb:GNB:ADM2:13655514B59106895169358,full,13655514B51179315853055,Contuboel,True,True,disjoint,False,False,
contact,gb:GNB:ADM2:13655514B59106895169358,full,13655514B53615250576563,Setor de Prabis,True,True,disjoint,False,False,
contact,gb:GNB:ADM2:13655514B59106895169358,full,13655514B57644193184055,Setor de Farim,True,True,disjoint,False,False,
contact,gb:GNB:ADM2:13655514B59106895169358,full,13655514B57740331915335,Setor de Bissora,True,True,disjoint,False,False,
contact,gb:GNB:ADM2:13655514B59106895169358,full,13655514B59106895169358,Setor de Caravela,True,True,positive-area,False,False,contact:gb:GNB:ADM2:13655514B59106895169358|full:13655514B59106895169358
contact,gb:GNB:ADM2:13655514B59106895169358,full,13655514B65296626482863,Setor de Gabv,True,True,disjoint,False,False,
contact,gb:GNB:ADM2:13655514B59106895169358,full,13655514B65471558325414,Setor de Xitole,True,True,disjoint,False,False,
contact,gb:GNB:ADM2:13655514B59106895169358,full,13655514B65726406107890,Setor de Gamamundo,True,True,disjoint,False,False,
contact,gb:GNB:ADM2:13655514B59106895169358,full,13655514B65757043009502,Setor de Safim,True,True,disjoint,False,False,
contact,gb:GNB:ADM2:13655514B59106895169358,full,13655514B66751603958816,Setor de Quinh,True,True,disjoint,False,False,
contact,gb:GNB:ADM2:13655514B59106895169358,full,13655514B71925291750028,Setor de Cacine,True,True,disjoint,False,False,
contact,gb:GNB:ADM2:13655514B59106895169358,full,13655514B76388735674013,Setor de Bigene,True,True,disjoint,False,False,
contact,gb:GNB:ADM2:13655514B59106895169358,full,13655514B77006902429960,Setor de Bolama,True,True,disjoint,False,False,
contact,gb:GNB:ADM2:13655514B59106895169358,full,13655514B8216177448850,Setor de Caiv,True,True,disjoint,False,False,
contact,gb:GNB:ADM2:13655514B59106895169358,full,13655514B91246233663569,Setor de Canghungo,True,True,disjoint,False,False,
contact,gb:GNB:ADM2:13655514B59106895169358,full,13655514B91994517778696,Setor de Sto Domingos,True,True,disjoint,False,False,
contact,gb:GNB:ADM2:13655514B59106895169358,full,13655514B9524670555472,Setor de Fulacunda,True,True,disjoint,False,False,
contact,gb:GNB:ADM2:13655514B59106895169358,full,13655514B95678269815128,Setor de Cacheu,True,True,disjoint,False,False,
contact,gb:GNB:ADM2:13655514B59106895169358,full,13655514B97576906537580,Setor de Pitche,True,True,disjoint,False,False,
contact,gb:GNB:ADM2:13655514B59106895169358,full,13655514B98496568253651,Setor de Bubaque,True,True,disjoint,False,False,
contact,gb:GNB:ADM2:13655514B59106895169358,full,13655514B99052541590952,Setor de Boe,True,True,disjoint,False,False,
contact,gb:GNB:ADM2:13655514B59106895169358,simplified,13655514B11561761851968,Setor de Bula,True,True,disjoint,False,False,
contact,gb:GNB:ADM2:13655514B59106895169358,simplified,13655514B12793543239296,Setor de Quebo,True,True,disjoint,False,False,
contact,gb:GNB:ADM2:13655514B59106895169358,simplified,13655514B15077734082289,Setor de Bafata,True,True,disjoint,False,False,
contact,gb:GNB:ADM2:13655514B59106895169358,simplified,13655514B15408487636665,Setor de Madina do Bo˒,True,True,disjoint,False,False,
contact,gb:GNB:ADM2:13655514B59106895169358,simplified,13655514B16168252486838,Setor de Pirada,True,True,disjoint,False,False,
contact,gb:GNB:ADM2:13655514B59106895169358,simplified,13655514B168355566476,Setor de Bambadinca,True,True,disjoint,False,False,
contact,gb:GNB:ADM2:13655514B59106895169358,simplified,13655514B24413703823033,Setor de Catie,True,True,disjoint,False,False,
contact,gb:GNB:ADM2:13655514B59106895169358,simplified,13655514B30693048438959,Setor de Empada,True,True,disjoint,False,False,
contact,gb:GNB:ADM2:13655514B59106895169358,simplified,13655514B31772276876031,Setor de Mansoa,True,True,disjoint,False,False,
contact,gb:GNB:ADM2:13655514B59106895169358,simplified,13655514B37452641895852,Setor de Buba,True,True,disjoint,False,False,
contact,gb:GNB:ADM2:13655514B59106895169358,simplified,13655514B37576476310465,Setor de Tite,True,True,disjoint,False,False,
contact,gb:GNB:ADM2:13655514B59106895169358,simplified,13655514B38974563194217,Bissau Autonomous Sector,True,True,disjoint,False,False,
contact,gb:GNB:ADM2:13655514B59106895169358,simplified,13655514B4319146558278,Setor de Galomaro,True,True,disjoint,False,False,
contact,gb:GNB:ADM2:13655514B59106895169358,simplified,13655514B44985576134462,Setor de Uno,True,True,disjoint,False,False,
contact,gb:GNB:ADM2:13655514B59106895169358,simplified,13655514B47112439721810,Setor de Nhacra,True,True,disjoint,False,False,
contact,gb:GNB:ADM2:13655514B59106895169358,simplified,13655514B47480576799194,Setor de Sonaco,True,True,disjoint,False,False,
contact,gb:GNB:ADM2:13655514B59106895169358,simplified,13655514B48763126228848,Setor de Bedanda,True,True,disjoint,False,False,
contact,gb:GNB:ADM2:13655514B59106895169358,simplified,13655514B49812801634354,Setor de Mansaba,True,True,disjoint,False,False,
contact,gb:GNB:ADM2:13655514B59106895169358,simplified,13655514B51179315853055,Contuboel,True,True,disjoint,False,False,
contact,gb:GNB:ADM2:13655514B59106895169358,simplified,13655514B53615250576563,Setor de Prabis,True,True,disjoint,False,False,
contact,gb:GNB:ADM2:13655514B59106895169358,simplified,13655514B57644193184055,Setor de Farim,True,True,disjoint,False,False,
contact,gb:GNB:ADM2:13655514B59106895169358,simplified,13655514B57740331915335,Setor de Bissora,True,True,disjoint,False,False,
contact,gb:GNB:ADM2:13655514B59106895169358,simplified,13655514B59106895169358,Setor de Caravela,True,True,positive-area,False,False,contact:gb:GNB:ADM2:13655514B59106895169358|simplified:13655514B59106895169358
contact,gb:GNB:ADM2:13655514B59106895169358,simplified,13655514B65296626482863,Setor de Gabv,True,True,disjoint,False,False,
contact,gb:GNB:ADM2:13655514B59106895169358,simplified,13655514B65471558325414,Setor de Xitole,True,True,disjoint,False,False,
contact,gb:GNB:ADM2:13655514B59106895169358,simplified,13655514B65726406107890,Setor de Gamamundo,True,True,disjoint,False,False,
contact,gb:GNB:ADM2:13655514B59106895169358,simplified,13655514B65757043009502,Setor de Safim,True,True,disjoint,False,False,
contact,gb:GNB:ADM2:13655514B59106895169358,simplified,13655514B66751603958816,Setor de Quinh,True,True,disjoint,False,False,
contact,gb:GNB:ADM2:13655514B59106895169358,simplified,13655514B71925291750028,Setor de Cacine,True,True,disjoint,False,False,
contact,gb:GNB:ADM2:13655514B59106895169358,simplified,13655514B76388735674013,Setor de Bigene,True,True,disjoint,False,False,
contact,gb:GNB:ADM2:13655514B59106895169358,simplified,13655514B77006902429960,Setor de Bolama,True,True,disjoint,False,False,
contact,gb:GNB:ADM2:13655514B59106895169358,simplified,13655514B8216177448850,Setor de Caiv,True,True,disjoint,False,False,
contact,gb:GNB:ADM2:13655514B59106895169358,simplified,13655514B91246233663569,Setor de Canghungo,True,True,disjoint,False,False,
contact,gb:GNB:ADM2:13655514B59106895169358,simplified,13655514B91994517778696,Setor de Sto Domingos,True,True,disjoint,False,False,
contact,gb:GNB:ADM2:13655514B59106895169358,simplified,13655514B9524670555472,Setor de Fulacunda,True,True,disjoint,False,False,
contact,gb:GNB:ADM2:13655514B59106895169358,simplified,13655514B95678269815128,Setor de Cacheu,True,True,disjoint,False,False,
contact,gb:GNB:ADM2:13655514B59106895169358,simplified,13655514B97576906537580,Setor de Pitche,True,True,disjoint,False,False,
contact,gb:GNB:ADM2:13655514B59106895169358,simplified,13655514B98496568253651,Setor de Bubaque,True,True,disjoint,False,False,
contact,gb:GNB:ADM2:13655514B59106895169358,simplified,13655514B99052541590952,Setor de Boe,True,True,disjoint,False,False,
contact,gb:GNB:ADM2:13655514B77006902429960,full,13655514B11561761851968,Setor de Bula,True,True,disjoint,False,False,
contact,gb:GNB:ADM2:13655514B77006902429960,full,13655514B12793543239296,Setor de Quebo,True,True,disjoint,False,False,
contact,gb:GNB:ADM2:13655514B77006902429960,full,13655514B15077734082289,Setor de Bafata,True,True,disjoint,False,False,
contact,gb:GNB:ADM2:13655514B77006902429960,full,13655514B15408487636665,Setor de Madina do Bo˒,True,True,disjoint,False,False,
contact,gb:GNB:ADM2:13655514B77006902429960,full,13655514B16168252486838,Setor de Pirada,True,True,disjoint,False,False,
contact,gb:GNB:ADM2:13655514B77006902429960,full,13655514B168355566476,Setor de Bambadinca,True,True,disjoint,False,False,
contact,gb:GNB:ADM2:13655514B77006902429960,full,13655514B24413703823033,Setor de Catie,True,True,disjoint,False,False,
contact,gb:GNB:ADM2:13655514B77006902429960,full,13655514B30693048438959,Setor de Empada,True,True,positive-area,False,False,contact:gb:GNB:ADM2:13655514B77006902429960|full:13655514B30693048438959
contact,gb:GNB:ADM2:13655514B77006902429960,full,13655514B31772276876031,Setor de Mansoa,True,True,disjoint,False,False,
contact,gb:GNB:ADM2:13655514B77006902429960,full,13655514B37452641895852,Setor de Buba,True,True,disjoint,False,False,
contact,gb:GNB:ADM2:13655514B77006902429960,full,13655514B37576476310465,Setor de Tite,True,True,positive-area,False,False,contact:gb:GNB:ADM2:13655514B77006902429960|full:13655514B37576476310465
contact,gb:GNB:ADM2:13655514B77006902429960,full,13655514B38974563194217,Bissau Autonomous Sector,True,True,disjoint,False,False,
contact,gb:GNB:ADM2:13655514B77006902429960,full,13655514B4319146558278,Setor de Galomaro,True,True,disjoint,False,False,
contact,gb:GNB:ADM2:13655514B77006902429960,full,13655514B44985576134462,Setor de Uno,True,True,disjoint,False,False,
contact,gb:GNB:ADM2:13655514B77006902429960,full,13655514B47112439721810,Setor de Nhacra,True,True,disjoint,False,False,
contact,gb:GNB:ADM2:13655514B77006902429960,full,13655514B47480576799194,Setor de Sonaco,True,True,disjoint,False,False,
contact,gb:GNB:ADM2:13655514B77006902429960,full,13655514B48763126228848,Setor de Bedanda,True,True,disjoint,False,False,
contact,gb:GNB:ADM2:13655514B77006902429960,full,13655514B49812801634354,Setor de Mansaba,True,True,disjoint,False,False,
contact,gb:GNB:ADM2:13655514B77006902429960,full,13655514B51179315853055,Contuboel,True,True,disjoint,False,False,
contact,gb:GNB:ADM2:13655514B77006902429960,full,13655514B53615250576563,Setor de Prabis,True,True,disjoint,False,False,
contact,gb:GNB:ADM2:13655514B77006902429960,full,13655514B57644193184055,Setor de Farim,True,True,disjoint,False,False,
contact,gb:GNB:ADM2:13655514B77006902429960,full,13655514B57740331915335,Setor de Bissora,True,True,disjoint,False,False,
contact,gb:GNB:ADM2:13655514B77006902429960,full,13655514B59106895169358,Setor de Caravela,True,True,disjoint,False,False,
contact,gb:GNB:ADM2:13655514B77006902429960,full,13655514B65296626482863,Setor de Gabv,True,True,disjoint,False,False,
contact,gb:GNB:ADM2:13655514B77006902429960,full,13655514B65471558325414,Setor de Xitole,True,True,disjoint,False,False,
contact,gb:GNB:ADM2:13655514B77006902429960,full,13655514B65726406107890,Setor de Gamamundo,True,True,disjoint,False,False,
contact,gb:GNB:ADM2:13655514B77006902429960,full,13655514B65757043009502,Setor de Safim,True,True,disjoint,False,False,
contact,gb:GNB:ADM2:13655514B77006902429960,full,13655514B66751603958816,Setor de Quinh,True,True,disjoint,False,False,
contact,gb:GNB:ADM2:13655514B77006902429960,full,13655514B71925291750028,Setor de Cacine,True,True,disjoint,False,False,
contact,gb:GNB:ADM2:13655514B77006902429960,full,13655514B76388735674013,Setor de Bigene,True,True,disjoint,False,False,
contact,gb:GNB:ADM2:13655514B77006902429960,full,13655514B77006902429960,Setor de Bolama,True,True,positive-area,False,False,contact:gb:GNB:ADM2:13655514B77006902429960|full:13655514B77006902429960
contact,gb:GNB:ADM2:13655514B77006902429960,full,13655514B8216177448850,Setor de Caiv,True,True,disjoint,False,False,
contact,gb:GNB:ADM2:13655514B77006902429960,full,13655514B91246233663569,Setor de Canghungo,True,True,disjoint,False,False,
contact,gb:GNB:ADM2:13655514B77006902429960,full,13655514B91994517778696,Setor de Sto Domingos,True,True,disjoint,False,False,
contact,gb:GNB:ADM2:13655514B77006902429960,full,13655514B9524670555472,Setor de Fulacunda,True,True,disjoint,False,False,
contact,gb:GNB:ADM2:13655514B77006902429960,full,13655514B95678269815128,Setor de Cacheu,True,True,disjoint,False,False,
contact,gb:GNB:ADM2:13655514B77006902429960,full,13655514B97576906537580,Setor de Pitche,True,True,disjoint,False,False,
contact,gb:GNB:ADM2:13655514B77006902429960,full,13655514B98496568253651,Setor de Bubaque,True,True,disjoint,False,False,
contact,gb:GNB:ADM2:13655514B77006902429960,full,13655514B99052541590952,Setor de Boe,True,True,disjoint,False,False,
contact,gb:GNB:ADM2:13655514B77006902429960,simplified,13655514B11561761851968,Setor de Bula,True,True,disjoint,False,False,
contact,gb:GNB:ADM2:13655514B77006902429960,simplified,13655514B12793543239296,Setor de Quebo,True,True,disjoint,False,False,
contact,gb:GNB:ADM2:13655514B77006902429960,simplified,13655514B15077734082289,Setor de Bafata,True,True,disjoint,False,False,
contact,gb:GNB:ADM2:13655514B77006902429960,simplified,13655514B15408487636665,Setor de Madina do Bo˒,True,True,disjoint,False,False,
contact,gb:GNB:ADM2:13655514B77006902429960,simplified,13655514B16168252486838,Setor de Pirada,True,True,disjoint,False,False,
contact,gb:GNB:ADM2:13655514B77006902429960,simplified,13655514B168355566476,Setor de Bambadinca,True,True,disjoint,False,False,
contact,gb:GNB:ADM2:13655514B77006902429960,simplified,13655514B24413703823033,Setor de Catie,True,True,disjoint,False,False,
contact,gb:GNB:ADM2:13655514B77006902429960,simplified,13655514B30693048438959,Setor de Empada,True,True,positive-area,False,False,contact:gb:GNB:ADM2:13655514B77006902429960|simplified:13655514B30693048438959
contact,gb:GNB:ADM2:13655514B77006902429960,simplified,13655514B31772276876031,Setor de Mansoa,True,True,disjoint,False,False,
contact,gb:GNB:ADM2:13655514B77006902429960,simplified,13655514B37452641895852,Setor de Buba,True,True,disjoint,False,False,
contact,gb:GNB:ADM2:13655514B77006902429960,simplified,13655514B37576476310465,Setor de Tite,True,True,positive-area,False,False,contact:gb:GNB:ADM2:13655514B77006902429960|simplified:13655514B37576476310465
contact,gb:GNB:ADM2:13655514B77006902429960,simplified,13655514B38974563194217,Bissau Autonomous Sector,True,True,disjoint,False,False,
contact,gb:GNB:ADM2:13655514B77006902429960,simplified,13655514B4319146558278,Setor de Galomaro,True,True,disjoint,False,False,
contact,gb:GNB:ADM2:13655514B77006902429960,simplified,13655514B44985576134462,Setor de Uno,True,True,disjoint,False,False,
contact,gb:GNB:ADM2:13655514B77006902429960,simplified,13655514B47112439721810,Setor de Nhacra,True,True,disjoint,False,False,
contact,gb:GNB:ADM2:13655514B77006902429960,simplified,13655514B47480576799194,Setor de Sonaco,True,True,disjoint,False,False,
contact,gb:GNB:ADM2:13655514B77006902429960,simplified,13655514B48763126228848,Setor de Bedanda,True,True,disjoint,False,False,
contact,gb:GNB:ADM2:13655514B77006902429960,simplified,13655514B49812801634354,Setor de Mansaba,True,True,disjoint,False,False,
contact,gb:GNB:ADM2:13655514B77006902429960,simplified,13655514B51179315853055,Contuboel,True,True,disjoint,False,False,
contact,gb:GNB:ADM2:13655514B77006902429960,simplified,13655514B53615250576563,Setor de Prabis,True,True,disjoint,False,False,
contact,gb:GNB:ADM2:13655514B77006902429960,simplified,13655514B57644193184055,Setor de Farim,True,True,disjoint,False,False,
contact,gb:GNB:ADM2:13655514B77006902429960,simplified,13655514B57740331915335,Setor de Bissora,True,True,disjoint,False,False,
contact,gb:GNB:ADM2:13655514B77006902429960,simplified,13655514B59106895169358,Setor de Caravela,True,True,disjoint,False,False,
contact,gb:GNB:ADM2:13655514B77006902429960,simplified,13655514B65296626482863,Setor de Gabv,True,True,disjoint,False,False,
contact,gb:GNB:ADM2:13655514B77006902429960,simplified,13655514B65471558325414,Setor de Xitole,True,True,disjoint,False,False,
contact,gb:GNB:ADM2:13655514B77006902429960,simplified,13655514B65726406107890,Setor de Gamamundo,True,True,disjoint,False,False,
contact,gb:GNB:ADM2:13655514B77006902429960,simplified,13655514B65757043009502,Setor de Safim,True,True,disjoint,False,False,
contact,gb:GNB:ADM2:13655514B77006902429960,simplified,13655514B66751603958816,Setor de Quinh,True,True,disjoint,False,False,
contact,gb:GNB:ADM2:13655514B77006902429960,simplified,13655514B71925291750028,Setor de Cacine,True,True,disjoint,False,False,
contact,gb:GNB:ADM2:13655514B77006902429960,simplified,13655514B76388735674013,Setor de Bigene,True,True,disjoint,False,False,
contact,gb:GNB:ADM2:13655514B77006902429960,simplified,13655514B77006902429960,Setor de Bolama,True,True,positive-area,False,False,contact:gb:GNB:ADM2:13655514B77006902429960|simplified:13655514B77006902429960
contact,gb:GNB:ADM2:13655514B77006902429960,simplified,13655514B8216177448850,Setor de Caiv,True,True,disjoint,False,False,
contact,gb:GNB:ADM2:13655514B77006902429960,simplified,13655514B91246233663569,Setor de Canghungo,True,True,disjoint,False,False,
contact,gb:GNB:ADM2:13655514B77006902429960,simplified,13655514B91994517778696,Setor de Sto Domingos,True,True,disjoint,False,False,
contact,gb:GNB:ADM2:13655514B77006902429960,simplified,13655514B9524670555472,Setor de Fulacunda,True,True,disjoint,False,False,
contact,gb:GNB:ADM2:13655514B77006902429960,simplified,13655514B95678269815128,Setor de Cacheu,True,True,disjoint,False,False,
contact,gb:GNB:ADM2:13655514B77006902429960,simplified,13655514B97576906537580,Setor de Pitche,True,True,disjoint,False,False,
contact,gb:GNB:ADM2:13655514B77006902429960,simplified,13655514B98496568253651,Setor de Bubaque,True,True,disjoint,False,False,
contact,gb:GNB:ADM2:13655514B77006902429960,simplified,13655514B99052541590952,Setor de Boe,True,True,disjoint,False,False,
contact,gb:GNB:ADM2:13655514B98496568253651,full,13655514B11561761851968,Setor de Bula,True,True,disjoint,False,False,
contact,gb:GNB:ADM2:13655514B98496568253651,full,13655514B12793543239296,Setor de Quebo,True,True,disjoint,False,False,
contact,gb:GNB:ADM2:13655514B98496568253651,full,13655514B15077734082289,Setor de Bafata,True,True,disjoint,False,False,
contact,gb:GNB:ADM2:13655514B98496568253651,full,13655514B15408487636665,Setor de Madina do Bo˒,True,True,disjoint,False,False,
contact,gb:GNB:ADM2:13655514B98496568253651,full,13655514B16168252486838,Setor de Pirada,True,True,disjoint,False,False,
contact,gb:GNB:ADM2:13655514B98496568253651,full,13655514B168355566476,Setor de Bambadinca,True,True,disjoint,False,False,
contact,gb:GNB:ADM2:13655514B98496568253651,full,13655514B24413703823033,Setor de Catie,True,True,disjoint,False,False,
contact,gb:GNB:ADM2:13655514B98496568253651,full,13655514B30693048438959,Setor de Empada,True,True,disjoint,False,False,
contact,gb:GNB:ADM2:13655514B98496568253651,full,13655514B31772276876031,Setor de Mansoa,True,True,disjoint,False,False,
contact,gb:GNB:ADM2:13655514B98496568253651,full,13655514B37452641895852,Setor de Buba,True,True,disjoint,False,False,
contact,gb:GNB:ADM2:13655514B98496568253651,full,13655514B37576476310465,Setor de Tite,True,True,disjoint,False,False,
contact,gb:GNB:ADM2:13655514B98496568253651,full,13655514B38974563194217,Bissau Autonomous Sector,True,True,disjoint,False,False,
contact,gb:GNB:ADM2:13655514B98496568253651,full,13655514B4319146558278,Setor de Galomaro,True,True,disjoint,False,False,
contact,gb:GNB:ADM2:13655514B98496568253651,full,13655514B44985576134462,Setor de Uno,True,True,disjoint,False,False,
contact,gb:GNB:ADM2:13655514B98496568253651,full,13655514B47112439721810,Setor de Nhacra,True,True,disjoint,False,False,
contact,gb:GNB:ADM2:13655514B98496568253651,full,13655514B47480576799194,Setor de Sonaco,True,True,disjoint,False,False,
contact,gb:GNB:ADM2:13655514B98496568253651,full,13655514B48763126228848,Setor de Bedanda,True,True,disjoint,False,False,
contact,gb:GNB:ADM2:13655514B98496568253651,full,13655514B49812801634354,Setor de Mansaba,True,True,disjoint,False,False,
contact,gb:GNB:ADM2:13655514B98496568253651,full,13655514B51179315853055,Contuboel,True,True,disjoint,False,False,
contact,gb:GNB:ADM2:13655514B98496568253651,full,13655514B53615250576563,Setor de Prabis,True,True,disjoint,False,False,
contact,gb:GNB:ADM2:13655514B98496568253651,full,13655514B57644193184055,Setor de Farim,True,True,disjoint,False,False,
contact,gb:GNB:ADM2:13655514B98496568253651,full,13655514B57740331915335,Setor de Bissora,True,True,disjoint,False,False,
contact,gb:GNB:ADM2:13655514B98496568253651,full,13655514B59106895169358,Setor de Caravela,True,True,disjoint,False,False,
contact,gb:GNB:ADM2:13655514B98496568253651,full,13655514B65296626482863,Setor de Gabv,True,True,disjoint,False,False,
contact,gb:GNB:ADM2:13655514B98496568253651,full,13655514B65471558325414,Setor de Xitole,True,True,disjoint,False,False,
contact,gb:GNB:ADM2:13655514B98496568253651,full,13655514B65726406107890,Setor de Gamamundo,True,True,disjoint,False,False,
contact,gb:GNB:ADM2:13655514B98496568253651,full,13655514B65757043009502,Setor de Safim,True,True,disjoint,False,False,
contact,gb:GNB:ADM2:13655514B98496568253651,full,13655514B66751603958816,Setor de Quinh,True,True,disjoint,False,False,
contact,gb:GNB:ADM2:13655514B98496568253651,full,13655514B71925291750028,Setor de Cacine,True,True,disjoint,False,False,
contact,gb:GNB:ADM2:13655514B98496568253651,full,13655514B76388735674013,Setor de Bigene,True,True,disjoint,False,False,
contact,gb:GNB:ADM2:13655514B98496568253651,full,13655514B77006902429960,Setor de Bolama,True,True,disjoint,False,False,
contact,gb:GNB:ADM2:13655514B98496568253651,full,13655514B8216177448850,Setor de Caiv,True,True,disjoint,False,False,
contact,gb:GNB:ADM2:13655514B98496568253651,full,13655514B91246233663569,Setor de Canghungo,True,True,disjoint,False,False,
contact,gb:GNB:ADM2:13655514B98496568253651,full,13655514B91994517778696,Setor de Sto Domingos,True,True,disjoint,False,False,
contact,gb:GNB:ADM2:13655514B98496568253651,full,13655514B9524670555472,Setor de Fulacunda,True,True,disjoint,False,False,
contact,gb:GNB:ADM2:13655514B98496568253651,full,13655514B95678269815128,Setor de Cacheu,True,True,disjoint,False,False,
contact,gb:GNB:ADM2:13655514B98496568253651,full,13655514B97576906537580,Setor de Pitche,True,True,disjoint,False,False,
contact,gb:GNB:ADM2:13655514B98496568253651,full,13655514B98496568253651,Setor de Bubaque,True,True,positive-area,False,False,contact:gb:GNB:ADM2:13655514B98496568253651|full:13655514B98496568253651
contact,gb:GNB:ADM2:13655514B98496568253651,full,13655514B99052541590952,Setor de Boe,True,True,disjoint,False,False,
contact,gb:GNB:ADM2:13655514B98496568253651,simplified,13655514B11561761851968,Setor de Bula,True,True,disjoint,False,False,
contact,gb:GNB:ADM2:13655514B98496568253651,simplified,13655514B12793543239296,Setor de Quebo,True,True,disjoint,False,False,
contact,gb:GNB:ADM2:13655514B98496568253651,simplified,13655514B15077734082289,Setor de Bafata,True,True,disjoint,False,False,
contact,gb:GNB:ADM2:13655514B98496568253651,simplified,13655514B15408487636665,Setor de Madina do Bo˒,True,True,disjoint,False,False,
contact,gb:GNB:ADM2:13655514B98496568253651,simplified,13655514B16168252486838,Setor de Pirada,True,True,disjoint,False,False,
contact,gb:GNB:ADM2:13655514B98496568253651,simplified,13655514B168355566476,Setor de Bambadinca,True,True,disjoint,False,False,
contact,gb:GNB:ADM2:13655514B98496568253651,simplified,13655514B24413703823033,Setor de Catie,True,True,disjoint,False,False,
contact,gb:GNB:ADM2:13655514B98496568253651,simplified,13655514B30693048438959,Setor de Empada,True,True,disjoint,False,False,
contact,gb:GNB:ADM2:13655514B98496568253651,simplified,13655514B31772276876031,Setor de Mansoa,True,True,disjoint,False,False,
contact,gb:GNB:ADM2:13655514B98496568253651,simplified,13655514B37452641895852,Setor de Buba,True,True,disjoint,False,False,
contact,gb:GNB:ADM2:13655514B98496568253651,simplified,13655514B37576476310465,Setor de Tite,True,True,disjoint,False,False,
contact,gb:GNB:ADM2:13655514B98496568253651,simplified,13655514B38974563194217,Bissau Autonomous Sector,True,True,disjoint,False,False,
contact,gb:GNB:ADM2:13655514B98496568253651,simplified,13655514B4319146558278,Setor de Galomaro,True,True,disjoint,False,False,
contact,gb:GNB:ADM2:13655514B98496568253651,simplified,13655514B44985576134462,Setor de Uno,True,True,disjoint,False,False,
contact,gb:GNB:ADM2:13655514B98496568253651,simplified,13655514B47112439721810,Setor de Nhacra,True,True,disjoint,False,False,
contact,gb:GNB:ADM2:13655514B98496568253651,simplified,13655514B47480576799194,Setor de Sonaco,True,True,disjoint,False,False,
contact,gb:GNB:ADM2:13655514B98496568253651,simplified,13655514B48763126228848,Setor de Bedanda,True,True,disjoint,False,False,
contact,gb:GNB:ADM2:13655514B98496568253651,simplified,13655514B49812801634354,Setor de Mansaba,True,True,disjoint,False,False,
contact,gb:GNB:ADM2:13655514B98496568253651,simplified,13655514B51179315853055,Contuboel,True,True,disjoint,False,False,
contact,gb:GNB:ADM2:13655514B98496568253651,simplified,13655514B53615250576563,Setor de Prabis,True,True,disjoint,False,False,
contact,gb:GNB:ADM2:13655514B98496568253651,simplified,13655514B57644193184055,Setor de Farim,True,True,disjoint,False,False,
contact,gb:GNB:ADM2:13655514B98496568253651,simplified,13655514B57740331915335,Setor de Bissora,True,True,disjoint,False,False,
contact,gb:GNB:ADM2:13655514B98496568253651,simplified,13655514B59106895169358,Setor de Caravela,True,True,disjoint,False,False,
contact,gb:GNB:ADM2:13655514B98496568253651,simplified,13655514B65296626482863,Setor de Gabv,True,True,disjoint,False,False,
contact,gb:GNB:ADM2:13655514B98496568253651,simplified,13655514B65471558325414,Setor de Xitole,True,True,disjoint,False,False,
contact,gb:GNB:ADM2:13655514B98496568253651,simplified,13655514B65726406107890,Setor de Gamamundo,True,True,disjoint,False,False,
contact,gb:GNB:ADM2:13655514B98496568253651,simplified,13655514B65757043009502,Setor de Safim,True,True,disjoint,False,False,
contact,gb:GNB:ADM2:13655514B98496568253651,simplified,13655514B66751603958816,Setor de Quinh,True,True,disjoint,False,False,
contact,gb:GNB:ADM2:13655514B98496568253651,simplified,13655514B71925291750028,Setor de Cacine,True,True,disjoint,False,False,
contact,gb:GNB:ADM2:13655514B98496568253651,simplified,13655514B76388735674013,Setor de Bigene,True,True,disjoint,False,False,
contact,gb:GNB:ADM2:13655514B98496568253651,simplified,13655514B77006902429960,Setor de Bolama,True,True,disjoint,False,False,
contact,gb:GNB:ADM2:13655514B98496568253651,simplified,13655514B8216177448850,Setor de Caiv,True,True,disjoint,False,False,
contact,gb:GNB:ADM2:13655514B98496568253651,simplified,13655514B91246233663569,Setor de Canghungo,True,True,disjoint,False,False,
contact,gb:GNB:ADM2:13655514B98496568253651,simplified,13655514B91994517778696,Setor de Sto Domingos,True,True,disjoint,False,False,
contact,gb:GNB:ADM2:13655514B98496568253651,simplified,13655514B9524670555472,Setor de Fulacunda,True,True,disjoint,False,False,
contact,gb:GNB:ADM2:13655514B98496568253651,simplified,13655514B95678269815128,Setor de Cacheu,True,True,disjoint,False,False,
contact,gb:GNB:ADM2:13655514B98496568253651,simplified,13655514B97576906537580,Setor de Pitche,True,True,disjoint,False,False,
contact,gb:GNB:ADM2:13655514B98496568253651,simplified,13655514B98496568253651,Setor de Bubaque,True,True,positive-area,False,False,contact:gb:GNB:ADM2:13655514B98496568253651|simplified:13655514B98496568253651
contact,gb:GNB:ADM2:13655514B98496568253651,simplified,13655514B99052541590952,Setor de Boe,True,True,disjoint,False,False,
