location_id,location_name,country,current_admin2_pcode,component_index_source_order,component_count,component_area_km2,bbox_lonlat,settlement_points_inside_this_component,settlement_point_names,interpretation
gb:SLE:ADM2:65957751B248885957650,Kailahun,Sierra Leone,SL0101,0,1,3937.714164,"[-11.042945125999893, 7.614162949000104, -10.273922849999906, 8.505992735000063]",765,"[""Mayengema"", ""Mogbaiima"", ""Misila"", ""Gobi"", ""Patama"", ""Bandajuma"", ""Masahun"", ""Lasaru"", ""Kangbwema"", ""Yoro"", ""Mamawa"", ""Levuma"", ""Teyama"", ""Dambara"", ""Kpandema"", ""Libi"", ""Kongo"", ""Nyeleme"", ""Vaama"", ""Jabama"", ""Taninahun"", ""Nyandehun"", ""Bumpe"", ""Magboima"", ""Baoma"", ""Tolobu"", ""Malema"", ""Bunjema"", ""Madina"", ""Sembehun"", ""Sagboihun"", ""Kumbwema"", ""Neama"", ""Kakoyiehun"", ""Sonigiema"", ""Jopowahun"", ""Bobo Gieya"", ""Dodo"", ""Maka"", ""Gbendela"", ""Yawe"", ""Njama"", ""Guabu"", ""Kpendema"", ""Gbendema"", ""Gogondo"", ""Ndarobu"", ""Gbendema"", ""Periwama"", ""Motehun"", ""Jombohun"", ""Gaigba"", ""Taninahun"", ""Sembehun"", ""Bumpe"", ""Jago"", ""Peli"", ""Giema"", ""Kpangiema"", ""Giehun"", ""Taworo"", ""Njaunwulo"", ""Fobu"", ""Bembeyema"", ""Kukubu"", ""Magbwema"", ""Kwango"", ""Wilo"", ""Mamabu"", ""Kalu"", ""Njala"", ""Tenehun"", ""Njala"", ""Gomsua"", ""Jojoima"", ""Bolilahun"", ""Hegbwema"", ""Bandajuma"", ""Njewote"", ""Geblama"", ""Bafehun"", ""Nyandehun"", ""Nagbena"", ""Njaweworo"", ""Takpoima"", ""(unnamed)"", ""Kpubu"", ""Manowa"", ""Baiima"", ""Salina"", ""Tewema"", ""Bwema"", ""Besebu"", ""Bomboma"", ""Bahama"", ""Kambama"", ""Tomiyama"", ""Giehun"", ""Giehun"", ""Gbanjauma"", ""Fagoya"", ""Ngerehun"", ""Nalagolehun"", ""Giehun"", ""Tikonko"", ""Nyandehun"", ""Bewobu"", ""Baoma"", ""Folu"", ""Tomboma"", ""Baka"", ""Kotuma"", ""Nyandehun"", ""Nagbena"", ""Yoya"", ""Woroma"", ""Kuiva"", ""Konia"", ""Tongolu"", ""Wunde"", ""Kanga"", ""Patama"", ""Senga"", ""Goma"", ""Gohun"", ""Bandajuma"", ""Kuiva"", ""Njewoma"", ""Pendembu"", ""Feja"", ""Wumoima"", ""Laoma"", ""Laoma"", ""Gandohun"", ""Manomenima"", ""Go"", ""Bogema"", ""Baiima"", ""Maka"", ""Kambema"", ""Gahun"", ""Hanjama"", ""Grima"", ""Bombohun"", ""Yengema"", ""Fomaya"", ""Bogema"", ""Dodo"", ""Polubu"", ""Sasahun"", ""Sipayema"", ""Grima"", ""Fola"", ""Dambu"", ""Kpeima"", ""Mandoworo"", ""Feja"", ""Buyama"", ""Kangama"", ""Malema"", ""Potolu"", ""Mendekelema"", ""Daru"", ""Bohekema"", ""Baiwala"", ""Mobai"", ""Njala"", ""Segbwema"", ""Malonta"", ""Pewama"", ""Giehun"", ""Dablama"", ""Yikando"", ""Lago"", ""Gbama"", ""Benduma"", ""Yendema"", ""Tongoma"", ""Sakiema"", ""Kotuma"", ""Jopowahun"", ""Pewama"", ""Morfindo"", ""Bomaru"", ""Mirahun"", ""Tawi"", ""Ngokolu"", ""Mendama"", ""Periwahun"", ""Poruma"", ""Kpeyama"", ""Semeibu"", ""Tambiama"", ""Bandajuma"", ""Njala"", ""Baoma"", ""Godi"", ""Fumbala"", ""Magbwema"", ""Baima"", ""Gbatema"", ""Taninahun"", ""Falaba"", ""Levuma"", ""Maloma"", ""Salon"", ""Dakaw"", ""Jaihu"", ""Siama"", ""Gondama"", ""Wunde"", ""Nyandehun"", ""Fabaina"", ""Blama"", ""Gbeka"", ""Naiagolehun"", ""Loweya"", ""Babahun"", ""Kponporu"", ""Sengema"", ""Bonde"", ""Giehun"", ""Jawu"", ""Bombohun"", ""Grilahun"", ""Giema"", ""Kangama"", ""Manoworo"", ""Mandulawahun"", ""Moindu"", ""Gbolabu"", ""Tokpombu"", ""Jomoihun"", ""Manoworo"", ""Jalu"", ""Nyandehun-Gbuyama"", ""Sembehun"", ""Sembehun"", ""Gorama"", ""Baoma"", ""Mayubu"", ""Magoma"", ""Yandohun"", ""Shengboma"", ""Gorahun"", ""Gokoru"", ""Periwahun"", ""Laa"", ""Jopowahun"", ""Taninahun"", ""Jambailu"", ""Humalahun"", ""Yowema"", ""Naiagolehun"", ""Katahun"", ""Kpandema"", ""Gendema"", ""Mamboma"", ""Palima"", ""Njala"", ""Kamalu"", ""Joei"", ""Sekenema"", ""Glima"", ""Gpamgbauahun"", ""Walima"", ""Tovulahun"", ""Pendembu"", ""Giema"", ""Giehun"", ""Kanga"", ""Baoma"", ""Naiagolehun"", ""Banahun"", ""Pujehun"", ""Fowaya"", ""Lelehun"", ""Petema"", ""Gigbema"", ""Jene"", ""Bajibo"", ""Yikando"", ""Njala"", ""Dema"", ""Jahun"", ""Batwoma"", ""Tolobu"", ""Naiagolehun"", ""Togboie"", ""Semabu"", ""Manjulu"", ""Tagbero"", ""(unnamed)"", ""Gandorhun"", ""Belebu"", ""Tolobu"", ""Foindu"", ""Kulubema"", ""Kondibu"", ""Koliayama"", ""Benduma"", ""Shangaima"", ""Lahun"", ""(unnamed)"", ""Gbokulahun"", ""Dodo"", ""Kigbai"", ""Tikonko"", ""Masagpa"", ""Tombodu"", ""Babahun"", ""Kosiala"", ""(unnamed)"", ""Jopowahun"", ""Blama"", ""Jokibu"", ""Njarma"", ""(unnamed)"", ""Konabe"", ""Wami"", ""Pujehun"", ""Ndablama"", ""Sembehun"", ""Gpoijaima"", ""Shangaima"", ""Njama"", ""Nagbena"", ""Hakula"", ""Kotohun"", ""(unnamed)"", ""Njama"", ""Semabu"", ""Lambo"", ""Malema"", ""Giema"", ""Kaimblama"", ""Mendekelema"", ""Botiwa"", ""Tobu"", ""Panguma"", ""Periwahun"", ""Samoru"", ""Bo"", ""Lalehun"", ""Gbaiya"", ""Petema"", ""Manowa Junction"", ""Sembehun"", ""Honayema"", ""Kaimbaitohun"", ""Bandiworo"", ""Gbaikiya"", ""Giema"", ""Mano"", ""Bainaru"", ""Bonekune"", ""Naiagolehun"", ""Malema"", ""Giema"", ""Manowa"", ""Teema"", ""Gorahun"", ""Bunumbu"", ""Kwelu"", ""Kaniva"", ""Gaivolu"", ""Giema"", ""Namema"", ""Jalia"", ""Lago"", ""Pejeworo"", ""Malema"", ""Senga"", ""Baoma"", ""Senga"", ""Foindu"", ""Baomahun"", ""Nja-Ijia"", ""Baama"", ""Betesu"", ""Kundehun"", ""Petema"", ""Jabu"", ""Mendekelema"", ""Buelu"", ""Dambalu"", ""Solema"", ""Levuma"", ""Lekpeyama"", ""Boyama"", ""Gorahun"", ""Kpakabu"", ""Mende"", ""Beyama"", ""Sanga"", ""(unnamed)"", ""Konjo"", ""Mamboma"", ""Koindu"", ""Giehun"", ""Talia"", ""Batiyema"", ""Sanga"", ""Sandia"", ""Nyandehun"", ""Nyeyama"", ""Mesima"", ""Tuyama"", ""Tambateko"", ""Sanga"", ""(unnamed)"", ""Yama"", ""Konia"", ""Guala"", ""Kangama"", ""Bambisu"", ""Kunuyema"", ""Bunumbu"", ""Manduvulahun"", ""Kebaluahun"", ""Pejewa"", ""Petema"", ""Falaba"", ""Juwema"", ""Pejevulahun"", ""Tokpombu"", ""Gaigo"", ""Njama"", ""Koindu"", ""Kambalu"", ""Swaku"", ""Poruma"", ""Salinga"", ""Nagbena"", ""Fowaya"", ""Mamboma"", ""Bandajuma"", ""Madina"", ""Kosima"", ""Misadu"", ""Suwadu"", ""Yamehun"", ""Naiagolehun"", ""Fandu"", ""Sungayama"", ""Tokpombu"", ""Senga"", ""Vaahun"", ""Kosima"", ""Naiagolehun"", ""Benoko"", ""Tagbwema"", ""Tumbonwa"", ""Toniama"", ""Fagoia"", ""Benoko"", ""Fobu"", ""Fobu"", ""Nagbena"", ""Bonjema"", ""Magbadu"", ""Bahama"", ""Maka"", ""Bandoma"", ""Baoma"", ""Njama"", ""Gene"", ""Petema"", ""Golala"", ""Sukebu"", ""Bomboru"", ""Kpakpoibu"", ""Nyadohun"", ""Gbarama"", ""Fangamadu"", ""Jombohun"", ""Bomboru"", ""Fulahun"", ""Safataun"", ""Baiima"", ""Pandobu"", ""Kongboma"", ""Kenewa"", ""Kondama"", ""Garama"", ""Gerema"", ""Dodo"", ""Yaama"", ""Jopowahun"", ""Gerema"", ""Balahun"", ""Yambalu"", ""Masayama"", ""Woroma"", ""Sembehun"", ""Bonjeya"", ""Dawa"", ""Benalu"", ""Jaluahun"", ""Bandivulahun"", ""Buobobu"", ""Kodibu"", ""Panguama"", ""Babahun"", ""Jerihun"", ""Kpakadu"", ""Kundowahun"", ""Kangama"", ""Gendema"", ""Bongo"", ""Madina"", ""Folima"", ""Gegbwema"", ""Lepallu"", ""Sakiema"", ""Kpukema"", ""Giero"", ""Lungai"", ""Jagbwema"", ""Nyandehun"", ""Baoma"", ""Palima"", ""Guabu"", ""Mendekelema"", ""Kailahun"", ""Kpendema"", ""Manjama"", ""Buedu"", ""Jopowahun"", ""Jombohun"", ""Njama"", ""Jobu"", ""Giema"", ""Mano"", ""Gboyama"", ""Gondama"", ""Petema"", ""Kangama"", ""Kondebu"", ""Kangahun"", ""Bundobu"", ""Foya"", ""Yandahun"", ""Jaluahun"", ""Baoma"", ""Tiloma"", ""Soru"", ""Baiama"", ""Bedu"", ""Njala"", ""Jopowahun"", ""Kpemalu"", ""(unnamed)"", ""(unnamed)"", ""Baoma"", ""Naiahun"", ""Lomabu"", ""Bwedu"", ""Jarbarma"", ""Dakaw"", ""Jagbwema"", ""Sandialu"", ""Tokpombu"", ""Kelema"", ""Nyandehun"", ""Balu"", ""Takpoima"", ""(unnamed)"", ""Tangaba"", ""Falahun"", ""Sengema"", ""Dambara"", ""Kundiu"", ""Belebu"", ""Komadu"", ""Makor"", ""Fulawahun"", ""Gelehun"", ""(unnamed)"", ""Baiama"", ""Belu"", ""Dukono"", ""Sadupampo"", ""Kukudu"", ""Golala"", ""Benduma"", ""Galu"", ""Bandajuma"", ""Petema"", ""Sandokoro"", ""Jaluahun"", ""Guagoma"", ""Bendu"", ""Wei"", ""Teibo"", ""(unnamed)"", ""Teilu"", ""Manjama"", ""Buyegema"", ""(unnamed)"", ""Mafindo"", ""Dambo"", ""Melama"", ""Bandajuma"", ""(unnamed)"", ""Jawa"", ""Jaluahun"", ""Simbeck"", ""Bundema"", ""Kweko"", ""Wogondo"", ""Kpandobu"", ""Tangabu"", ""Fagoya"", ""Baoma"", ""Nyandeama"", ""Mano"", ""Yengema"", ""Vaama"", ""Kudu"", ""Nyandehun"", ""Fogbodu"", ""Sumbadu"", ""Gondima"", ""Saima"", ""Suagolu"", ""Kanjalu"", ""Kabawana"", ""Sambalu"", ""Fogbodu"", ""Fowa"", ""Bowo"", ""(unnamed)"", ""Kangama"", ""Poruma"", ""Karvuama"", ""Dambara"", ""Magoma"", ""Naiagolehun"", ""Pujehun"", ""Bahama"", ""Kundowahun"", ""Levuma"", ""Mamuta"", ""Bowobu"", ""Bandama"", ""Bosodu"", ""Karvuama"", ""Bandajuma"", ""Niagulahun"", ""Gega"", ""Fagoya"", ""Lagbalu"", ""Peyama"", ""Malema"", ""Yiboma"", ""Njala"", ""Kongorma"", ""Boko"", ""Grima"", ""Koining"", ""Benkisi"", ""Kumantandu"", ""Jaluahun"", ""Gbekedu"", ""Sodokorobendu"", ""Koleine"", ""Dar-Es-Salaam"", ""Koyama"", ""Konabe"", ""Tedu"", ""Bongboru"", ""Weima"", ""Nafudu"", ""Nyamandu"", ""Gokodu"", ""Kondoma"", ""(unnamed)"", ""Kekehun"", ""Kwiko"", ""Musala"", ""Kpayamalu"", ""Sakpe"", ""Kaine"", ""Mano"", ""Dia"", ""Panguima"", ""Leobengu"", ""Yandahun"", ""Sandia"", ""Kenema"", ""Kokoma"", ""Moimandu"", ""Yelendu"", ""Ndambadu"", ""Jama"", ""Sandaru"", ""Selu"", ""Yengbelahun"", ""Goomadu"", ""Ngogahun"", ""(unnamed)"", ""Laowa"", ""Kwelu"", ""Grima"", ""Kunduma"", ""Bongoadu"", ""Bokolu"", ""Kpaye"", ""Fandu"", ""Salu"", ""Saama"", ""Siabu"", ""Bandakoro"", ""Fulako"", ""Nyandeama"", ""Bendu"", ""Mahun"", ""Siabu"", ""Kemoru"", ""Yende"", ""Kamapodu"", ""Lalehun"", ""Dambo"", ""Lolu"", ""Dongowa"", ""Konjo"", ""Sanga"", ""(unnamed)"", ""Komende"", ""Folodu"", ""Gbandu"", ""Konkonani"", ""Kpangbani"", ""Koindu"", ""Kondoma"", ""Fasonkodu"", ""Moimardu"", ""Wabengu"", ""Kudu"", ""Kosongudu"", ""Kudu"", ""Gbongboru"", ""Keredu"", ""Koindu"", ""(unnamed)"", ""Nyehun"", ""Foindu"", ""Baradu"", ""Turadu"", ""Mano"", ""Bandama"", ""Konehun"", ""Gbingbangordu"", ""Kpasabu"", ""Welma"", ""Kpemadu"", ""Konja"", ""Dindi"", ""Korosa"", ""Gbondu"", ""Yenga"", ""Sokoma"", ""Sokoma"", ""Periwahun""]",Disconnected polygon component; identity as island or administrative fragment not independently established.
gb:SLE:ADM2:65957751B2614126839094,Pujehun,Sierra Leone,SL0304,0,3,4179.512273,"[-11.959818359999929, 6.922675730000094, -11.141882023999926, 7.676939584000138]",526,"[""Mano-Kpende"", ""Mano Salija"", ""Poima"", ""Zozo"", ""Sullima"", ""Tuso"", ""Male"", ""Koijei"", ""Pokondu"", ""Pokondu"", ""Dibia"", ""Godiama"", ""Folu"", ""Jonbaba"", ""Kurako"", ""Gonohun"", ""Juring"", ""Kulako"", ""Jabama"", ""Latu"", ""Naiagolehun"", ""Madina"", ""Baraka"", ""Sangara"", ""Bombohun"", ""Kposso"", ""Semabu Town"", ""Glaya"", ""Mina"", ""Gonghu"", ""Kawala"", ""Galu"", ""Fogbanjo"", ""Fabaina"", ""Gongwa"", ""Kalia"", ""Seima"", ""Malomei"", ""Wai"", ""Bimaso"", ""Sini"", ""Gbangbima"", ""Gbandi"", ""Foindu"", ""Melima"", ""Toroko"", ""Bongboma"", ""Malema"", ""Keba"", ""Gong"", ""Sola"", ""Gbese"", ""Dumagbe"", ""Jene"", ""Masibi"", ""Sebengu"", ""Dia"", ""Semabu"", ""Njala"", ""Dar-Es-Salaam"", ""Makasi"", ""Fairo"", ""Jembe"", ""Gerlo"", ""Jijama"", ""Giema"", ""Denibe"", ""Funehun"", ""Kasi"", ""Sinjo"", ""Siniye"", ""Sembehun"", ""Jijama"", ""Gondama"", ""Mosine"", ""Somu"", ""Koindu"", ""Blama"", ""Mano"", ""Madeira"", ""Mani"", ""Periwahun"", ""Maka"", ""Talia"", ""Mokaba"", ""Hegbema"", ""Mende"", ""Petema"", ""Kundowahun"", ""Yangahun"", ""Buma"", ""Madina"", ""Jombosin"", ""Kakama"", ""Bundukaw"", ""Gombu"", ""Mano Bunjema"", ""Wonde"", ""Paku"", ""Motanga"", ""Taninahun"", ""Buma"", ""Werikenda"", ""Petema"", ""Wale"", ""Gberu"", ""Banahun"", ""Giehun"", ""Mina"", ""Gbama"", ""Bopo"", ""Navali"", ""Boma"", ""Magonda"", ""Bopon"", ""Bengani"", ""Gandorhun"", ""Widaro"", ""Mali"", ""Sumbuya"", ""Suako"", ""Bempa"", ""Wonyomo"", ""Bopan"", ""Nyandehun"", ""Gaugba"", ""Yengeveni"", ""Laoma"", ""Gonohun"", ""Wopo"", ""Jaluahun"", ""Dibia"", ""Periwahun"", ""Mambo"", ""Kobumpe"", ""Gbomukor"", ""Tobanda"", ""Futa"", ""Golawoma"", ""Baryeh"", ""Baoma"", ""Kumende"", ""Gonohun"", ""Lah"", ""Maipeko"", ""Mokele"", ""Giema"", ""Saama"", ""Mesima"", ""Buma"", ""Bomboma"", ""Bopo"", ""Saama"", ""Belebu"", ""Futa"", ""Betesu"", ""Dowoma"", ""Senehun Bulema"", ""Bangoma"", ""Bo"", ""Nyandehun"", ""Dama"", ""Kenema"", ""Hoya"", ""Konbilima"", ""Barwoh Street"", ""Kubong"", ""Jeoma"", ""Tokoma"", ""Vaikia"", ""Malema"", ""Disalami"", ""Gomnaw Sembehun"", ""Boloma"", ""Sembehun"", ""Fanima"", ""Jaluahun"", ""Jagbwema"", ""Kalu"", ""Saama"", ""Soaworo"", ""Bomi"", ""Mopalma"", ""Gofo"", ""Fanima"", ""Bepon"", ""Gbomei"", ""Giehun"", ""Benyama"", ""Benyama"", ""Petema"", ""Konehun"", ""Taninahun"", ""Gorahun"", ""Sembehun"", ""Dumagbe"", ""Tosser"", ""Gonorhun"", ""Gola"", ""Lahun"", ""Naiagolehun"", ""Tuso"", ""Matru"", ""Golawoma"", ""Twasu"", ""Njala"", ""Manjama"", ""Kisiwuru"", ""Tikonko"", ""Manjema"", ""Golawahun"", ""Gba"", ""Naiagolehun"", ""Vaama"", ""Gbanahun"", ""Kpasumba"", ""Bandako"", ""Jibima"", ""Gbema"", ""Misila"", ""Koma"", ""Bumbe"", ""Go"", ""Gombu"", ""Potehun"", ""Mando"", ""Gandorhun"", ""(unnamed)"", ""Sahun"", ""Sengema"", ""(unnamed)"", ""Bo"", ""Madina"", ""Nagbena"", ""Blama"", ""Maka"", ""Gbahama"", ""Gbahama"", ""Sawula"", ""Madina"", ""Londoma"", ""Fonima"", ""Vaama"", ""(unnamed)"", ""Skinner Village"", ""Skinner Village"", ""Diyange"", ""Gorahun"", ""Lotu"", ""Bangoma"", ""Zimmi"", ""Ngorgo"", ""Senehun"", ""Kotomahun"", ""Dombu"", ""Misiba"", ""Gajubaoma"", ""Kondigbama"", ""Bangulihun"", ""Basale"", ""Gbondapi"", ""Mategbema"", ""Fuhiko"", ""Wunde"", ""Manjama"", ""Vaama"", ""Kuraka"", ""Mani"", ""Baoma"", ""Kolima"", ""Dia"", ""Jabama"", ""Vawahun"", ""Sahun"", ""Vahun"", ""Baiama"", ""Vaama"", ""(unnamed)"", ""(unnamed)"", ""Jeoma"", ""Gendemwolo"", ""Kpowubu"", ""Faiama"", ""Naji"", ""Batahol"", ""Blama Massaquoi"", ""Konabu"", ""Baoma"", ""(unnamed)"", ""Masamwa"", ""Batoma"", ""Bama"", ""Bambako"", ""Yonni"", ""Massam"", ""Kangasa"", ""Pelewa"", ""Pujehun"", ""Pujehun"", ""Kouma"", ""(unnamed)"", ""Jaiwulo"", ""Gobaru"", ""Gubaru"", ""Gibina"", ""Yikandaw"", ""Tungie"", ""Blama"", ""Kowubu"", ""Geiawahun"", ""Giema"", ""Nyeyama"", ""Benga"", ""Bandajuma"", ""(unnamed)"", ""Kuranko"", ""(unnamed)"", ""Matepoma"", ""Semabu"", ""Kaina"", ""Kpaku"", ""Jakama"", ""Walima"", ""Sundu"", ""Baraka"", ""(unnamed)"", ""Kabawana"", ""Kaina"", ""Konovulahun"", ""Senehun"", ""Pattu"", ""Tungie"", ""Bandama"", ""Bo"", ""Dambara"", ""(unnamed)"", ""Bale"", ""(unnamed)"", ""(unnamed)"", ""(unnamed)"", ""Jaluahun"", ""Taninahun"", ""Makoma"", ""Kpakayema"", ""Walima"", ""Hunkan"", ""Semabu"", ""Sembehun"", ""Gangama"", ""Nyandehun"", ""Misila"", ""Jombohun"", ""Bobobu"", ""Dandegahun"", ""Blama"", ""Mokengi"", ""Hinan"", ""(unnamed)"", ""Madina"", ""Baiama"", ""Foindu"", ""(unnamed)"", ""Taninahun"", ""Soso"", ""Samatia"", ""Samatia"", ""(unnamed)"", ""Yawe"", ""Giawama"", ""Gombahun"", ""Taninahun"", ""Falaba"", ""Maiepema"", ""Gerihun"", ""Niayama"", ""Kotomahun"", ""Jumbu"", ""Komendi"", ""Sahun"", ""Boumu Samba"", ""Grima"", ""Diamei"", ""Sinjo"", ""Saba"", ""(unnamed)"", ""Bandalahun"", ""(unnamed)"", ""Kowama"", ""Kpeyima"", ""Sembehun"", ""Mandema"", ""Sembehun"", ""Selabu"", ""Kangasa"", ""(unnamed)"", ""Nongowa"", ""Foindu"", ""Waima"", ""Ribi"", ""Masakpa"", ""Kambama"", ""Bevehun"", ""Kpombu"", ""Bengi"", ""Konia"", ""Naiahun"", ""Kangama"", ""Kotuyama"", ""Yuabu"", ""Bomu"", ""Luguema"", ""Pelewahun"", ""Baoma"", ""Gbongboma"", ""Kase"", ""Sagwehun"", ""Mopani"", ""Basale"", ""Kongohun"", ""Tambiyama"", ""Dandabu"", ""Banale"", ""Fakai"", ""Salima"", ""(unnamed)"", ""Busu"", ""Komende"", ""Kongo"", ""Kpangba"", ""Baka"", ""(unnamed)"", ""Mema"", ""Sahun"", ""Sembehun"", ""Bumbe"", ""Giema"", ""Giema"", ""Jalahun"", ""Sengema"", ""Golala"", ""Gandorhun"", ""Masau"", ""Bomuvulahun"", ""Bahama"", ""Tikonko"", ""(unnamed)"", ""Maka"", ""Kaipo"", ""Konela"", ""Potoru"", ""Jagbwema"", ""Jeoma"", ""Tisana"", ""Jeoma Jago"", ""Bamata"", ""(unnamed)"", ""Largo"", ""Mano"", ""Magbwema"", ""Blama"", ""Pehala"", ""Naiahun"", ""(unnamed)"", ""Gbongay"", ""Buyama"", ""Panguma"", ""Kundorwahun"", ""Guabu"", ""(unnamed)"", ""Wokoya"", ""Pewama"", ""Jala"", ""Bongere"", ""(unnamed)"", ""Felegoma"", ""Male"", ""(unnamed)"", ""Vaama"", ""(unnamed)"", ""Jalandama"", ""Taninahun"", ""Gbewebu"", ""Ngaiagoehun"", ""Faiama"", ""Massah"", ""Kobeibu"", ""Gandorhun"", ""Helebu"", ""Baiama"", ""Gomahun"", ""Foutah"", ""Bobobu"", ""Libi"", ""Baraka"", ""Bandajuma"", ""Mbelebu"", ""Bendu"", ""Konko"", ""Jene"", ""Tuala"", ""Nyeyama"", ""Lain"", ""Giema"", ""(unnamed)"", ""Kpejewa"", ""Nyandehun"", ""Gombu"", ""Koiva"", ""Kenema"", ""Pejewulu"", ""Lowoma"", ""(unnamed)"", ""Vawahun"", ""(unnamed)"", ""Faiama"", ""Talia"", ""Ngarjibaoma"", ""Mani"", ""Upper Komende"", ""(unnamed)"", ""Nongowa"", ""Jama"", ""Njagbema"", ""Bontiwo"", ""Wanjama"", ""Gamayama""]",Disconnected polygon component; identity as island or administrative fragment not independently established.
gb:SLE:ADM2:65957751B2614126839094,Pujehun,Sierra Leone,SL0304,1,3,1.145544,"[-11.58770469999996, 6.973825, -11.57364, 6.987485601000117]",0,[],Disconnected polygon component; identity as island or administrative fragment not independently established.
gb:SLE:ADM2:65957751B2614126839094,Pujehun,Sierra Leone,SL0304,2,3,0.062641,"[-11.618367299999932, 6.993113401000187, -11.615454399999976, 6.997295501000167]",0,[],Disconnected polygon component; identity as island or administrative fragment not independently established.
gb:SLE:ADM2:65957751B29483301504535,Bombali,Sierra Leone,SL0201,0,1,3998.95389,"[-12.440203277999899, 8.663490595000098, -11.762359335999975, 9.540768385000035]",486,"[""Raboli"", ""Makani"", ""Makintha"", ""Massabingpil"", ""Makanqoi"", ""Rogbanka"", ""Masori"", ""Mayendeh"", ""Masatie"", ""Mayendeh"", ""Fotani"", ""Masabong"", ""Masuba"", ""Makitie"", ""Rogbaray"", ""Makump"", ""Mabai"", ""Setnyin"", ""Mayoloh"", ""Mayawlaw"", ""Makeni"", ""Maserry"", ""Mane"", ""Konta"", ""Mamaso"", ""Masaybana"", ""Makuna"", ""Petifu Mamaso"", ""Rolunk"", ""Makaiba"", ""Mayagba"", ""Mankeneh"", ""Makotha"", ""Moria"", ""Lungi"", ""Makolor"", ""Maserry"", ""Nosenti"", ""Sint"", ""Rogbanka"", ""Matamba"", ""Waribana"", ""Rogbessya"", ""Maleften"", ""Mabando"", ""Kolisoko"", ""Rosente"", ""Madina"", ""Mafina"", ""Makaprr"", ""Manonkoh"", ""Mofunday"", ""Mabunt"", ""Mashema"", ""Royebeh"", ""Wari"", ""Masathie"", ""Kepu"", ""Masingbi"", ""Konto"", ""Rogbonko"", ""Mamanso"", ""Mapakie"", ""Rochain"", ""Gbonshera"", ""Roching"", ""Maforay 2"", ""Figi"", ""Yema"", ""Matene"", ""Mabrake"", ""Yengkisa"", ""Doyeama"", ""Yanka"", ""Malai"", ""Malimp"", ""Rosanda"", ""Mayendeh"", ""Makump Bana"", ""(unnamed)"", ""Mabidungung"", ""Maso"", ""Bumba"", ""Mamoru"", ""Wari"", ""(unnamed)"", ""Makeh"", ""Malilia"", ""Makump"", ""Barinia"", ""Makumine"", ""Yima"", ""Boli"", ""Maforaka"", ""Mabole"", ""Mabanta"", ""Rogberi"", ""Moria"", ""(unnamed)"", ""One House"", ""Makup"", ""Ketar"", ""Rogbom"", ""Mankene"", ""Tekeya"", ""Petbana"", ""Makambri"", ""Makambo"", ""Mayata"", ""Baka"", ""Wari"", ""Wari"", ""Makapr"", ""Gbane"", ""Laia"", ""Masuba"", ""Makrombo"", ""Mankane"", ""Gbankan"", ""Minka"", ""Tekaw"", ""Keche"", ""Matak"", ""Makama"", ""(unnamed)"", ""Mayorba"", ""Masinkpi"", ""Makari"", ""Mabai"", ""Baka"", ""Tongkomba"", ""Buia"", ""Magbingbi"", ""Maiyemberi"", ""Bombe"", ""Baibunda"", ""Tanta"", ""Mawria"", ""Kamoriah"", ""Mabuya"", ""Makeni"", ""Matamba"", ""Maseri"", ""Makrombom"", ""Robani"", ""Simbriyan"", ""Katribana"", ""Masuba"", ""Petifu"", ""Katiri"", ""Petifu"", ""Matoko"", ""Mabanta"", ""Makpele"", ""Maketane"", ""Mankane"", ""Mabebana"", ""Mabanta"", ""Mano"", ""Tekeya"", ""Matekere"", ""Kapeti"", ""Mabaikuli"", ""Makerifi"", ""Rosint"", ""Panlap"", ""Mankoreh"", ""Manke"", ""Mankore"", ""Mabonkai"", ""Mende"", ""Futani"", ""Bake"", ""Mafonike"", ""Kugbun"", ""Pundung"", ""Bare"", ""Sowlia"", ""Miliki"", ""Mafari"", ""Gbogoboyan"", ""Bare"", ""Mabaio"", ""Bure"", ""Masuba"", ""Karangawa"", ""Makai"", ""Mabama"", ""Matadi"", ""Maburagwa"", ""Makekaw"", ""Kikina"", ""Makeri"", ""(unnamed)"", ""Makundu"", ""Kunshu"", ""Binkolo"", ""Mafari"", ""Bombalibana"", ""Madu"", ""Kotela"", ""Masama"", ""Makolio"", ""Masungbo"", ""(unnamed)"", ""Mangowka"", ""Kamanka"", ""Mahari"", ""Mabombo"", ""Kagberi"", ""Kabu"", ""Borbana"", ""Masunbum"", ""Mapema"", ""Maron"", ""Monkoi"", ""Bunka"", ""Bunguema"", ""Bumba"", ""Kapete"", ""Katene"", ""Marampa"", ""Mafori"", ""Tambianu"", ""Tanehun"", ""Mabonkai"", ""Maiyata"", ""Makane"", ""Bare"", ""Mawure"", ""Matorgo"", ""Gberi"", ""Kabonka"", ""Mankaw"", ""Mafoye"", ""Mafure"", ""Mamuka"", ""Maketi"", ""Kamata"", ""Makanshu"", ""Sauria"", ""Maseli"", ""Tawnkawnba"", ""Mafe"", ""Mamaka"", ""Kanebo"", ""Matuka"", ""Makaita"", ""Kambaya"", ""Matogo"", ""Kponkpona"", ""Mayarebo"", ""Makawgo"", ""Tekea"", ""Yasi"", ""Kalangba"", ""Katankina"", ""Makambi"", ""Mapore"", ""Makundi"", ""Kadala"", ""Makump"", ""Makihe"", ""Suinya"", ""Gbankona"", ""Mato"", ""Makoen"", ""Kadala"", ""Mayetedi"", ""Tekea"", ""Kitori"", ""Makonko"", ""Magbenta"", ""Mayafendi"", ""Kayele"", ""Mapeinya"", ""Mafore"", ""Bumba"", ""Kagbo"", ""Kenema"", ""Talani"", ""Makokoi"", ""Magbane"", ""Makago"", ""Gbungbuna"", ""Wangurunu"", ""Bonkohun"", ""Moi"", ""Matehun"", ""Mahumbu"", ""Kasengbe"", ""Masapi"", ""Magbonka"", ""Kadanda"", ""Mamaria"", ""Kapete"", ""Matedi"", ""Kapete"", ""Maiyamba"", ""Mafuri"", ""Rongohun"", ""Maniaga"", ""Makeha"", ""Sehun"", ""Bunbande"", ""Kakeako"", ""Serafula"", ""Manye"", ""Kampan"", ""Mabombo"", ""Boiguru"", ""Madina"", ""Katanta"", ""Kamaron"", ""Wehun"", ""Kasasi"", ""Pendembu"", ""Kadagbana"", ""Mabunko"", ""Makpintaw"", ""Manke"", ""Matunko"", ""Kasine"", ""Kagbonka"", ""Kotohun"", ""Bumban"", ""(unnamed)"", ""Mabendi"", ""Kagbumbo"", ""Kawere"", ""(unnamed)"", ""Kasasi"", ""Manlokoko"", ""Makako"", ""Mayera"", ""Sendugu"", ""Masogo"", ""(unnamed)"", ""Maboima"", ""Mafure"", ""Katombo"", ""Bangahun"", ""Kamabai"", ""Masasa"", ""Matempe"", ""Mahai"", ""Mafutike"", ""Magbengbe"", ""Lilia"", ""Kambaya"", ""Kantiri"", ""Masuba"", ""Bonaia"", ""Manami"", ""Kabari"", ""Barabara"", ""Karina"", ""Mapore"", ""Kasompona"", ""Katene"", ""Mabala"", ""Mateli"", ""Makombon"", ""Mabai"", ""Piriwara"", ""Mankorokoro"", ""Kawono"", ""Katala"", ""Makoini"", ""Makala"", ""Moribia"", ""Senkuya"", ""Makehe"", ""Kafukuta"", ""Yongaro"", ""Bumban"", ""Wari"", ""Sakutan"", ""Kubake"", ""Mawore"", ""Kagbete"", ""Kamareki"", ""Gbanka"", ""Kagberi"", ""Samiya"", ""Kamaharin"", ""Kasengbe"", ""Manyaga"", ""Masankori"", ""Katimbo"", ""Makorogbo"", ""Bombali"", ""Duago"", ""Yema"", ""Rosint"", ""Kasasi"", ""Mayobi"", ""Kantiri"", ""Madina"", ""Matimeli"", ""Dawambu"", ""Kampan"", ""Dendehun"", ""Lilia"", ""Fonaia"", ""Masama"", ""Kabake"", ""Bongka"", ""Manami"", ""Kasansa"", ""Makolo"", ""Baga"", ""Manyoro"", ""Guhao"", ""Darina"", ""Sengbe"", ""Magbengbe"", ""Konakri"", ""Magbugu"", ""Sakuma"", ""Mareke"", ""Kagbane"", ""Kagbane"", ""Kamaranka"", ""Kanike"", ""Masipo"", ""Malahiri"", ""Masunkari"", ""Mahia"", ""Kategian"", ""Dar-Es-Salaam"", ""Makaranki"", ""Mamunde"", ""Kamasiki"", ""Fula Town"", ""Masei"", ""Bandankoro"", ""Kabutcha"", ""Kabara"", ""Daambu"", ""Matandoko"", ""Kagbunko"", ""Bagahun"", ""Gberi"", ""Senguinya"", ""Kamaron"", ""Babakalia"", ""Mamaha"", ""Kabuita"", ""Maleni"", ""Makeha"", ""Bouria"", ""Tunisi"", ""Makumbo"", ""Sinegal"", ""Kayasi"", ""Madete"", ""Makeku"", ""Karakana"", ""Warakasona"", ""Mogbaihita"", ""Kakumankoro"", ""Masandi"", ""Kantirina"", ""Mayarakabi"", ""Kakia"", ""Kasan"", ""Kadaina"", ""Kolifa"", ""Mayaso"", ""Kamatogu"", ""Kagbankuna"", ""Malimba"", ""Konakri"", ""Mafufure"", ""Kakayu"", ""Kasompona"", ""Maseka"", ""(unnamed)"", ""Heremakono"", ""Kambana"", ""Kayungbula"", ""Katumpu"", ""Nagafaii"", ""Dubaia"", ""Koya""]",Disconnected polygon component; identity as island or administrative fragment not independently established.
gb:SLE:ADM2:65957751B35726846399821,Moyamba,Sierra Leone,SL0303,0,8,6933.134847,"[-12.992274299999906, 7.661921678000112, -11.779639031999977, 8.397739765000097]",1023,"[""Tolobu"", ""Tekibe"", ""Tisana"", ""Mongongbay"", ""Mosapor"", ""Mogbei"", ""(unnamed)"", ""(unnamed)"", ""(unnamed)"", ""Mongeriwo"", ""(unnamed)"", ""(unnamed)"", ""(unnamed)"", ""(unnamed)"", ""Vaama"", ""Mokelleh"", ""(unnamed)"", ""Talie"", ""Pinto"", ""(unnamed)"", ""(unnamed)"", ""Mokepi"", ""(unnamed)"", ""(unnamed)"", ""Bembelo Njala"", ""Mombawa"", ""(unnamed)"", ""Sahan"", ""Nonkoba"", ""Mogbandi"", ""Talai"", ""Bembellor"", ""Funkio"", ""(unnamed)"", ""Titibul"", ""(unnamed)"", ""Mai"", ""(unnamed)"", ""Pejebu"", ""Mandu"", ""Giehun"", ""(unnamed)"", ""Foya"", ""Baba"", ""Matakan"", ""Mondorkor"", ""Tisana"", ""Kamasundu"", ""Mokonde"", ""Tisana"", ""Mogbewa"", ""Petema"", ""(unnamed)"", ""(unnamed)"", ""Mobeki"", ""Mosampo"", ""Mokonvandi"", ""Senehun"", ""Mokpanabom"", ""(unnamed)"", ""Mokende"", ""Mokpanguma"", ""Mokaba"", ""Nyandehun"", ""Rontok"", ""Nitti"", ""Mai"", ""Bengeh Mandu"", ""Hemabu"", ""(unnamed)"", ""(unnamed)"", ""Ndendemoia"", ""Lantibole"", ""Pendembu"", ""Balo"", ""Mokombo"", ""Manjama"", ""Benkeh"", ""(unnamed)"", ""(unnamed)"", ""Gondoma"", ""Mokpandimo"", ""Kandagbe"", ""Domo"", ""Monga"", ""Gbana"", ""Golala"", ""Mosagbe"", ""Mobonda"", ""Tombeh"", ""Belebu"", ""Molakul"", ""Mosan"", ""Modrisa"", ""Kambotok"", ""Bele"", ""Mongongon"", ""Mogbomoh"", ""Bamba"", ""Cher"", ""Kopama"", ""Mogben"", ""Gbangbatok"", ""(unnamed)"", ""Momengi"", ""Bunde"", ""Gendema"", ""Sembehunworo"", ""Bumpetoke"", ""Tombe"", ""Gendema"", ""Pulunye"", ""Matagalemah"", ""Yakagi"", ""Jande"", ""Yoke"", ""Nyandehun"", ""Lago Junction"", ""Bomotoke"", ""Gbamusu"", ""Bengelo"", ""Kangama"", ""Windi"", ""Kambia"", ""Lago"", ""Nyandehun"", ""Mobeabo"", ""Benkeh"", ""Gerehun"", ""Wulbangay"", ""Mosepi"", ""Mopiye"", ""Mongawo"", ""Manjama"", ""Chokolo"", ""Sembehun"", ""Mobunji"", ""Monunk"", ""Makumpa"", ""Patema"", ""Kangama"", ""Potok"", ""(unnamed)"", ""Kanga"", ""Nyandehun"", ""Kabati"", ""Kainke"", ""Mohite"", ""Mosenesie"", ""(unnamed)"", ""(unnamed)"", ""Mania"", ""Bahama"", ""Bonjema"", ""Bondam"", ""Tongolo"", ""Mano"", ""Monjalo"", ""Mosako"", ""Mokone"", ""Shenge"", ""Moyengi"", ""Bisawo"", ""Gondama"", ""Tisana"", ""Gbencha"", ""Moseilolo"", ""Yeibana"", ""Mambo"", ""Tokpombu"", ""Mofindo"", ""Bith"", ""Mosungi"", ""Talia"", ""Bunde"", ""Panguma"", ""Tumbo"", ""(unnamed)"", ""Mosungi"", ""(unnamed)"", ""Bendu"", ""Gondama"", ""(unnamed)"", ""Mofoyo"", ""Bumpe"", ""Mattru Bangay"", ""Foya"", ""Mogbemorkor"", ""(unnamed)"", ""Mogbambo"", ""Movahun"", ""Movia"", ""(unnamed)"", ""Vaama"", ""Samani"", ""Bunti"", ""Yogbofo"", ""Mokango"", ""Kangahun"", ""Foya"", ""Mabonkise"", ""Maboni"", ""Mosangawo"", ""Rontok"", ""Mokambebome"", ""Mogbowu"", ""Mosenengo"", ""(unnamed)"", ""Dogema"", ""Taso"", ""Mochebil"", ""Mobashiru"", ""Funkia"", ""Kangama"", ""(unnamed)"", ""Yapoma"", ""(unnamed)"", ""Mosankon"", ""Motaso"", ""Mopile"", ""Senehun"", ""Mabambi"", ""Gogwema"", ""Nyandehun"", ""Motimbo"", ""Nyandehun"", ""Baka"", ""Kigbal"", ""Bure"", ""(unnamed)"", ""Moyirasa"", ""Misila"", ""Tepron"", ""Molaga"", ""Mokehe"", ""Naiaguehun"", ""Moyolo"", ""Gbangbama"", ""Bomdei"", ""Mokele"", ""Mokebe"", ""Modogbo"", ""Mokandor"", ""Moyema"", ""Tonhe"", ""Ngiehun"", ""Jiyahun"", ""(unnamed)"", ""(unnamed)"", ""Bassah"", ""Bandasuma"", ""Mosanda"", ""Mokegbe"", ""Nyandehun"", ""Victoria"", ""Konta"", ""Mobang"", ""Mohite"", ""Mokota"", ""Kangahun"", ""Mabua"", ""Petifu"", ""Mokanji"", ""(unnamed)"", ""Sigi"", ""Mojoka"", ""Momana"", ""Mobasi"", ""Momaia"", ""Gibiabehun"", ""Kasama"", ""(unnamed)"", ""Mosisiworo"", ""Funkia"", ""Benduma"", ""Shengama"", ""Mobela"", ""Mondema"", ""Shengeputu"", ""Moyombo"", ""Dibia"", ""Njagbahun"", ""Jagbahun"", ""Mogbem"", ""Taso"", ""Njala"", ""Gambia"", ""Mofanthane"", ""Mosala"", ""Mokombo"", ""Shunge"", ""Mohera"", ""Benduma"", ""Wungulo"", ""Bambuibu"", ""Mojombo"", ""Katta"", ""Moseki"", ""Bangba"", ""Tisana"", ""Mogbese"", ""Moyogbo"", ""Moko"", ""Ngeihehun"", ""Palima"", ""(unnamed)"", ""Mowanga"", ""Petewoma"", ""Mojohnson"", ""Jaluahun"", ""Nyandehun"", ""Mokana"", ""Mosandi"", ""Mawujo"", ""Wonkifore"", ""Naiagolehun"", ""Mogbando"", ""Sembehun"", ""Periwahun"", ""Mokeni"", ""Gbangbama"", ""(unnamed)"", ""Mokewa"", ""Komendi"", ""Mokombo"", ""Mobe"", ""Kailahun"", ""Motuakoi"", ""Mokabanda"", ""Bambuibu"", ""Nyandehun"", ""Gbeteoma"", ""Kamatipa"", ""Mokobo"", ""Baoma"", ""Kpandobu"", ""Mambo"", ""Salema"", ""(unnamed)"", ""Kabaima"", ""(unnamed)"", ""Mowil"", ""Kawaya"", ""Magbwema"", ""Kabaima"", ""Moyavita"", ""Mogbap"", ""Mokoli"", ""Baoma"", ""Makombo"", ""Gbap"", ""Sulima"", ""Martin"", ""Moyibo"", ""Borma"", ""Mogbintimi"", ""Gbangbama"", ""(unnamed)"", ""Yawema"", ""Maboana"", ""Moya"", ""Koyama"", ""Leicester"", ""Maboana"", ""(unnamed)"", ""Taninahun"", ""Mosago"", ""Matakan"", ""Mongutu"", ""Modogbo"", ""Mongeri"", ""Mathainkil"", ""(unnamed)"", ""Bambuibu"", ""Mokumba"", ""Madina"", ""Mobin"", ""Jayahun"", ""(unnamed)"", ""Moritown"", ""(unnamed)"", ""Foya Tewei"", ""Mabunsa"", ""Bamba"", ""Mokombo"", ""Fakabai"", ""Gbamusa"", ""Bonjema"", ""Giebu"", ""Maka"", ""Moyambawa"", ""Ngeiyeihun"", ""Banda"", ""Dodo"", ""Mayutai"", ""Bajia"", ""Mobin"", ""(unnamed)"", ""Bondal"", ""Sembehunwo"", ""Bandajuma"", ""(unnamed)"", ""Mobaikura"", ""Semabu"", ""Senehun"", ""Masatjamama"", ""Movunde"", ""(unnamed)"", ""Mosundu"", ""Mosawa"", ""Gbandi"", ""Naiaguehun"", ""Mokonbetti"", ""Gbangbatoke Junction"", ""Benduma"", ""(unnamed)"", ""Mokanasi"", ""Mogbamu"", ""Mokaisumana"", ""(unnamed)"", ""Lawana"", ""Mokassi"", ""Moyagba"", ""Kania"", ""Madina"", ""Taninahun"", ""Gambia"", ""Kerebu"", ""Makolo"", ""Yondu"", ""Monjama"", ""Gberi"", ""Bongoya"", ""Gbap"", ""(unnamed)"", ""Kambia"", ""(unnamed)"", ""Helawa"", ""Mobiakefi"", ""Levuma"", ""Kpaoga"", ""Kabiama"", ""Jerihun"", ""Nyandehun"", ""Naiaguehun"", ""Nyandehun"", ""Makondo"", ""Tokpombu"", ""Makombo"", ""Moyomboma"", ""Tabe"", ""Nyamaina"", ""Bundobu"", ""Pemdembu"", ""Loponga"", ""Yele"", ""Moyogbu"", ""(unnamed)"", ""(unnamed)"", ""Bondayilahun"", ""Gbodumma"", ""Yebana"", ""Moyeni"", ""Rembee"", ""Vahun"", ""Jene"", ""Gbanti"", ""Limayema"", ""(unnamed)"", ""Salina"", ""Molango"", ""Mofino"", ""Mobele"", ""Giehun"", ""(unnamed)"", ""Kabaka"", ""Periwahun"", ""Petema"", ""Kania"", ""Mapuntu"", ""Wunde"", ""Kowama"", ""Fabaina"", ""Mokawa"", ""Mobele"", ""Taiamaworo"", ""Magbakan"", ""Bambuibu"", ""Kortuhun"", ""Gbonge"", ""Gogbebu"", ""Rokai"", ""(unnamed)"", ""Mokaiyegbe"", ""(unnamed)"", ""Gambia"", ""Mano"", ""(unnamed)"", ""Periwahun"", ""Gbongoya"", ""Nitty Junction"", ""Barema"", ""Lungi"", ""Mokoti"", ""Mai"", ""(unnamed)"", ""Bandama"", ""Kagboma"", ""(unnamed)"", ""Baraka"", ""(unnamed)"", ""Mendetown"", ""Mogbaseke"", ""Mokamba"", ""Domboma"", ""Mogbasike"", ""Momengi"", ""Mosimbara"", ""(unnamed)"", ""Bonjema"", ""Kangahunworo"", ""Madina"", ""Kogbotima"", ""Komendi"", ""Mogoviwa"", ""(unnamed)"", ""Taninahun"", ""Fulawahun"", ""Mokoli"", ""Moyongolo"", ""Moyegbe"", ""Bauya"", ""Mokakumor"", ""(unnamed)"", ""Gberi"", ""(unnamed)"", ""Konjokehun"", ""Mosadugu"", ""Tongbai"", ""(unnamed)"", ""Tisana"", ""(unnamed)"", ""Manjehun"", ""Mishon"", ""Mokaba"", ""Bonge"", ""Mongoro"", ""(unnamed)"", ""Tisana"", ""(unnamed)"", ""Kangama"", ""Mokpakpayagbe"", ""Tolobu"", ""Moyema"", ""Semabu"", ""Bandama"", ""Samu"", ""(unnamed)"", ""(unnamed)"", ""Mabona"", ""Mobiko"", ""(unnamed)"", ""Kangahun"", ""Baraka"", ""Gbongboto"", ""Siwal"", ""Njama"", ""Komende"", ""Niti"", ""Moyambaworo"", ""Pulun"", ""Dabu"", ""Batiema"", ""Yalo"", ""Mofure"", ""(unnamed)"", ""Lawana"", ""Salina"", ""Bembe"", ""Kenema"", ""Mabobo"", ""Mosunkara"", ""(unnamed)"", ""Periwahun"", ""(unnamed)"", ""Manjehun"", ""Gieya"", ""(unnamed)"", ""Movembe"", ""Mokohun"", ""Periwahun"", ""Naiaguehun"", ""Nikihun"", ""Vaama"", ""(unnamed)"", ""Naiaguehun"", ""Mamu"", ""Bondayilahun"", ""(unnamed)"", ""Bpatema"", ""Pujehun"", ""Lower Moyamba"", ""Gbesibu"", ""Kania"", ""Fungia"", ""Kangahun"", ""Mokonia"", ""Mogbun"", ""(unnamed)"", ""Balantin"", ""Giegbolia"", ""Mobiadao"", ""Gbanjeima"", ""Bambuya Junction"", ""Taninahun"", ""Jene"", ""Gondama"", ""(unnamed)"", ""Mosungo"", ""(unnamed)"", ""Bangagolehun"", ""Fulewama"", ""Maundu"", ""Vaama"", ""Njala"", ""Gpowama"", ""Levum"", ""Bonjema"", ""Petifu"", ""Motobon"", ""Nyandehun"", ""Bambuibu"", ""Banda"", ""Bambuibu"", ""Gendema"", ""Bumpetok"", ""Bowama"", ""Bonganema"", ""(unnamed)"", ""Motabe"", ""Moyah Town"", ""(unnamed)"", ""Kotia"", ""Foya"", ""Mondo"", ""(unnamed)"", ""Tagbehun"", ""Kassipoto"", ""Bembebu"", ""Bunabu"", ""Kundobi"", ""Makoande"", ""Baoma"", ""Mogbenje"", ""Senehun"", ""Makumba"", ""Manahun"", ""Nomiama"", ""Gieboya"", ""Mosimbara"", ""Mokurigbe"", ""Moyamba"", ""Mogbencha"", ""Bohoi"", ""Gbamusu"", ""Mofombu"", ""Gondama"", ""Bondayirahun"", ""Lunge"", ""Pende"", ""Kwiva"", ""Bumpe"", ""Belebu"", ""(unnamed)"", ""Manjehun"", ""(unnamed)"", ""(unnamed)"", ""Faiama"", ""Jene"", ""(unnamed)"", ""Susuworo"", ""Kangahun"", ""Mabureh"", ""Senehun"", ""Foya"", ""Molain"", ""Kowama"", ""Takpanga"", ""Bonge"", ""Bagbwema"", ""Periwahun"", ""Nyamawabu"", ""Kongama"", ""Naiaguehun"", ""Tuelo"", ""(unnamed)"", ""Mogbendu"", ""Sunya"", ""Foya"", ""(unnamed)"", ""Mosebonkane"", ""(unnamed)"", ""Tolobu"", ""Mabake"", ""Yenkisa"", ""Nyandehun"", ""Gorehun"", ""Moyoro"", ""(unnamed)"", ""(unnamed)"", ""Moyamba"", ""Tamnahun"", ""Baoma"", ""Njala"", ""Benge"", ""Suen"", ""Mokobo"", ""Fala"", ""Kotomahun"", ""(unnamed)"", ""Batema"", ""Mawoto"", ""Palahai"", ""Mogbanaboi"", ""Baba"", ""Madina"", ""Kondebotihun"", ""Jaluahun"", ""Niahalahun"", ""Mosendema"", ""Senehun"", ""Mokit"", ""(unnamed)"", ""Wunde"", ""Makore"", ""(unnamed)"", ""Mokasi"", ""Yoyema"", ""Hima"", ""Yengema"", ""Jolohun"", ""Kumrabai"", ""(unnamed)"", ""Magbenka"", ""Mosuri"", ""Batbai"", ""Mogbuya"", ""Jaiahun"", ""Tike"", ""Bambuibu"", ""Moyambaworo"", ""Ganguhun"", ""Taninahun"", ""Kimbima"", ""Magburkise"", ""Semabu"", ""Mosanasi"", ""Shimbekihun"", ""Jioma"", ""Dambu"", ""Modenkema"", ""Gola"", ""Yiwaye"", ""Taninahun"", ""Moko"", ""Mondema"", ""Somtabaka"", ""Moyamba"", ""Jaluahun"", ""Mosako"", ""(unnamed)"", ""Balo"", ""Tolobu"", ""Bauya"", ""Bangagolehun"", ""(unnamed)"", ""Mogbanawill"", ""Mokori"", ""Kondia"", ""Jamboma"", ""Bandasuma"", ""Gibina"", ""Mokorbu"", ""Jene"", ""Mokaba"", ""Kangahun"", ""(unnamed)"", ""Bomahun"", ""Taninahun"", ""Foinda"", ""Guabu"", ""Taiama"", ""Taiama"", ""Mokoli"", ""Martin"", ""Magbanasatia"", ""Tungie"", ""Mosando"", ""Kindema"", ""Belebu"", ""(unnamed)"", ""Mogbencha"", ""(unnamed)"", ""(unnamed)"", ""Manjawo"", ""Petema"", ""(unnamed)"", ""Magbwama"", ""Pendembu"", ""Mosemei"", ""Yoni"", ""Mokebbie"", ""Falaba"", ""Kobbanka"", ""(unnamed)"", ""Petema"", ""Banda"", ""Mokende"", ""(unnamed)"", ""(unnamed)"", ""Mokombo"", ""Goahun"", ""Sembehun"", ""Mokalikut"", ""Ponka"", ""Jajubu"", ""Molemu"", ""Moyumbo"", ""Mosenge"", ""Gbane"", ""Mogbundu"", ""Sengema"", ""Siena"", ""Moyamba"", ""Lago"", ""Banda"", ""Madina Taninahun"", ""Fulawahun"", ""Mokoli"", ""Mambayema"", ""Kwelu"", ""Motail"", ""Kowehun"", ""Rotifunk"", ""Kangahun"", ""(unnamed)"", ""Nyandehun"", ""(unnamed)"", ""Molamina"", ""Majundu"", ""Gbap"", ""(unnamed)"", ""Njala"", ""Mokonowa"", ""Kagbindi"", ""Mokerifuma"", ""Mogbetu"", ""Bambuibu"", ""Molankono"", ""Laoma"", ""Mosebana"", ""Matula"", ""Waima"", ""Barmouth"", ""Mafumgbe"", ""Bangoma"", ""Jombohun"", ""Watai"", ""Baoma"", ""Kebawana"", ""Foya"", ""Yoni"", ""Moyambaworo"", ""Vaama"", ""Mofengeri"", ""Kai"", ""Gbangbama"", ""Mongoro"", ""Nyandehun"", ""Monjobu"", ""Mokebi"", ""Gandohun"", ""Buyebu"", ""Yesan"", ""Mataine"", ""Gendema"", ""Mokende"", ""Mosengo"", ""(unnamed)"", ""Gbengbebu"", ""Momange"", ""Bangbema"", ""Jurma"", ""Mongeri"", ""Makobo"", ""Gbangba"", ""Tendehun"", ""Ribimen"", ""Gerehun"", ""Masokobi"", ""Jagbahun"", ""Taua"", ""Levuma"", ""Motonkoh"", ""Jabama"", ""(unnamed)"", ""Fuendu"", ""Gendema"", ""Lumbelebu"", ""Kowama"", ""Bauya"", ""Ngokoma"", ""Mobunu"", ""Gombahun"", ""Pelawahun"", ""Bahama"", ""Mondema"", ""Ribimakeni"", ""Masanda"", ""Magbenka"", ""Nyandehun"", ""Rowal"", ""Mangoni"", ""Njala"", ""Hendobu"", ""Manere"", ""Malulom"", ""Roten"", ""Madina"", ""Periwahun"", ""Moyenken"", ""Lago"", ""Lago"", ""Monjobo"", ""Katema"", ""Baoma"", ""Giegboia"", ""Gbonumbu"", ""Bumbeworo"", ""Kumrabai"", ""Kowama"", ""Gbogonma"", ""Benduma"", ""Pewahun"", ""Waterloo"", ""Periwama"", ""Susuworo"", ""Sembehun"", ""Makarambe"", ""Foya"", ""Botima"", ""Mapoli"", ""Bradford"", ""(unnamed)"", ""(unnamed)"", ""Kondayama Junction"", ""Mamboima"", ""Fogbo"", ""Mokiri"", ""Mangoni"", ""Tongbai"", ""Gondama"", ""Molamina"", ""Periwahun"", ""Jopowahun"", ""Moyambabasi"", ""Kantine"", ""Falaba"", ""Motoni"", ""Batpo"", ""Mobai"", ""(unnamed)"", ""Yerima"", ""Kowama"", ""(unnamed)"", ""Rokon"", ""Semabu"", ""Panguma"", ""Jerihun"", ""(unnamed)"", ""Makabi"", ""Vaama"", ""Mokea"", ""Moniambe"", ""Vaama"", ""Maramu"", ""Mogbessie"", ""Kongo"", ""Masanki"", ""Surikamara"", ""Buya"", ""Blama"", ""Rotawa"", ""Moyamba Junction"", ""Gbahama"", ""Rosint"", ""Jabama"", ""Fulawahun"", ""Masanka"", ""Bambaworo"", ""Matongu"", ""Konta"", ""Mamara"", ""Yandu"", ""Makoma"", ""Yema"", ""Wangele"", ""Mobaiwa"", ""Jagbwema"", ""Mabang"", ""Moindu"", ""Pujehun"", ""Makali"", ""Gbasati"", ""Katoma"", ""Yenkisa"", ""Rosint"", ""Marsarakule"", ""Pipo"", ""Makoba"", ""Mafulumu Koya"", ""Walsas"", ""Yandihun""]",Disconnected polygon component; identity as island or administrative fragment not independently established.
gb:SLE:ADM2:65957751B35726846399821,Moyamba,Sierra Leone,SL0303,1,8,0.012173,"[-13.001521, 7.907692, -12.99945, 7.908466]",0,[],Disconnected polygon component; identity as island or administrative fragment not independently established.
gb:SLE:ADM2:65957751B35726846399821,Moyamba,Sierra Leone,SL0303,2,8,0.000812,"[-13.00978, 7.909795000000145, -13.00952, 7.910054]",0,[],Disconnected polygon component; identity as island or administrative fragment not independently established.
gb:SLE:ADM2:65957751B35726846399821,Moyamba,Sierra Leone,SL0303,3,8,0.00081,"[-12.994525, 7.911526, -12.994266, 7.911785000000123]",0,[],Disconnected polygon component; identity as island or administrative fragment not independently established.
gb:SLE:ADM2:65957751B35726846399821,Moyamba,Sierra Leone,SL0303,4,8,0.002439,"[-12.997365, 7.911796000000152, -12.996846999999889, 7.912314]",0,[],Disconnected polygon component; identity as island or administrative fragment not independently established.
gb:SLE:ADM2:65957751B35726846399821,Moyamba,Sierra Leone,SL0303,5,8,0.317412,"[-12.994796999999892, 7.908028000000115, -12.983673000999943, 7.913566]",0,[],Disconnected polygon component; identity as island or administrative fragment not independently established.
gb:SLE:ADM2:65957751B35726846399821,Moyamba,Sierra Leone,SL0303,6,8,0.001624,"[-12.98960099999988, 7.914594, -12.98934, 7.91511]",0,[],Disconnected polygon component; identity as island or administrative fragment not independently established.
gb:SLE:ADM2:65957751B35726846399821,Moyamba,Sierra Leone,SL0303,7,8,0.013449,"[-12.966483499999981, 7.913881600000025, -12.964974699999857, 7.915233599999965]",0,[],Disconnected polygon component; identity as island or administrative fragment not independently established.
gb:SLE:ADM2:65957751B39294828597109,Kono,Sierra Leone,SL0103,0,1,5392.514559,"[-11.357724222999934, 8.33385019200017, -10.464631349999934, 9.077826702000095]",746,"[""Dandabu"", ""Gorewoma"", ""(unnamed)"", ""Giema"", ""Patolu"", ""Petema"", ""(unnamed)"", ""Vaama"", ""Godiwa"", ""Baoma"", ""Wongoma"", ""Silema"", ""Bandama"", ""Matama"", ""Belebu"", ""Madina"", ""(unnamed)"", ""Kangama"", ""Gandohun"", ""Jombohun"", ""Pakpakia"", ""(unnamed)"", ""Bukema"", ""Baoma"", ""(unnamed)"", ""Marima"", ""Gpendeima"", ""(unnamed)"", ""Foinba"", ""Tohobu"", ""Panguma"", ""Fonima"", ""Giema"", ""Lawalu"", ""(unnamed)"", ""Butehun"", ""(unnamed)"", ""Guala"", ""Pujehun"", ""Guala"", ""(unnamed)"", ""(unnamed)"", ""Jopowahun"", ""Manjama"", ""Tikonko"", ""(unnamed)"", ""Taimbela"", ""(unnamed)"", ""Shorema"", ""Walima"", ""Tokpombu"", ""Komende"", ""Yemberu"", ""Palima"", ""Guala"", ""Yendema"", ""Sagbe"", ""Koidu"", ""Bunumbu"", ""Kangama"", ""Duyamahun"", ""Njala"", ""Yandehun"", ""Teoma"", ""Bandama"", ""Mano"", ""Motema"", ""Levuma"", ""Yemahun"", ""Foindu"", ""Naiagolehun"", ""Gondama"", ""Teyema"", ""Taninahun"", ""Kalahun"", ""Gandorhun"", ""Paninga"", ""Jaluahun"", ""Kpawura"", ""Yomboia"", ""Sandu"", ""Sanga"", ""Kumbuma"", ""Fuendu"", ""Yoabu"", ""Tekuyema"", ""Fuendu"", ""Bandaru"", ""Kpendema"", ""Malia"", ""Pidu"", ""Koidu"", ""Navuro"", ""Wairaw"", ""Mandu"", ""Bumpe"", ""Tungbibu"", ""Sumbaidu"", ""Konkoworo"", ""Bada"", ""Levuma"", ""Koroma"", ""Giehun"", ""Bodu"", ""Petema"", ""Bwedu"", ""Dukono"", ""Kundowahun"", ""Jafuya"", ""Tumbudu"", ""Bukuya"", ""Guabu"", ""Fonayama"", ""Matama"", ""Konendu"", ""Bandama"", ""Bangema"", ""Gbaidu"", ""Gumbukeima"", ""Bendu"", ""Taia"", ""Kanekor"", ""Kundu"", ""Sengema"", ""Peiya"", ""Gbokadu"", ""Kpanpanbu"", ""Ngeihun"", ""Deyaw"", ""Fembedu"", ""Wondema"", ""Pujehun"", ""Baidu"", ""Bakuya"", ""Boaia"", ""Bibodu"", ""Sukudu"", ""Mania"", ""Dombadu"", ""Yamandu"", ""Malema"", ""Masundu"", ""Kamadu"", ""Gbongbokoro"", ""Njafidu"", ""Sawulla"", ""Woko"", ""Papuima"", ""Gbogboragfeh"", ""Fakoya"", ""Konsoya"", ""Dugbema"", ""Bobobu"", ""Biama"", ""Bendu"", ""Bongema"", ""Kokuma"", ""Palima"", ""Singeko"", ""Benduwan"", ""Braia"", ""Bambara"", ""Ngangbordu"", ""Kukor"", ""Bandasuma"", ""Kangordu"", ""Singema"", ""(unnamed)"", ""Komende"", ""Gangodu"", ""Bosudu"", ""Konkorako"", ""Gbondoru"", ""Dugbudu"", ""Mafindo"", ""Koindu"", ""(unnamed)"", ""Wugbadu"", ""Ngawama"", ""Sidu"", ""New London"", ""Sayima"", ""Gbetewama"", ""Beyima"", ""Kpanyoma"", ""Kambodu"", ""Senehun"", ""Nongowa"", ""Tiandu"", ""Koidu"", ""Jaiama"", ""Baidu"", ""Basea"", ""Tombu"", ""Bongoia"", ""Kabama"", ""Jaiama Nimiyama"", ""Sumbidu"", ""Fiawoh"", ""Baiima"", ""Nyamundu"", ""Sukudu"", ""Sawoko"", ""Jaiama Nimikoro"", ""Singema"", ""Motema"", ""Yaradu"", ""Kongodako"", ""Kuawgor"", ""Kurundo"", ""Woama"", ""Nuala"", ""Ngiehun"", ""Nyandahun"", ""Bondodu"", ""Njawama"", ""Kweo"", ""Sengeko"", ""Baidu"", ""Paima"", ""Yibema"", ""Laoma"", ""Foidu"", ""Wanjama"", ""Jopowahun"", ""Tedu"", ""Bwaia"", ""Njopoia"", ""Puidu"", ""Gbatodu"", ""Kaimbadu"", ""Sandia"", ""Tongbodu"", ""Pakidu"", ""Dukono"", ""Yekilo"", ""Njala"", ""Nimini Hills"", ""Gbasiakonke"", ""Foindu"", ""Yandema"", ""Sukudu"", ""Wunde"", ""Benduma"", ""Baoma"", ""Gbetema"", ""Yekilo"", ""Koardu"", ""Sanankoreko"", ""Maidu"", ""Taiko"", ""Periwahun"", ""Kuidu"", ""Kpendima"", ""Waiya"", ""Kagbema"", ""Moima"", ""Kalia"", ""Yende"", ""Sadu"", ""Wokoh"", ""Bandaseidu"", ""Bosadu"", ""Kungamadu"", ""Twilo"", ""Falo"", ""Yamaro"", ""Baadu"", ""Sedu"", ""Kembadu"", ""Dagbu"", ""Fuero"", ""Sandima"", ""Mano"", ""Nyamundu"", ""Yomanja"", ""Dewadu"", ""Gayia"", ""Fandehun"", ""Tembedu"", ""Yabema"", ""Kasadu"", ""Komau"", ""Bendu"", ""Popoma"", ""Fembedu"", ""Tumbu"", ""Tintambaia"", ""Yendu"", ""Marko"", ""Gbetema"", ""Sangbanbaro"", ""Kania"", ""Gbeko"", ""Senehun"", ""Motema"", ""Kalia"", ""Wuade"", ""New Meama"", ""Tongoma"", ""Tiama"", ""Gboidu"", ""Tungoro"", ""Sengema"", ""Koardu"", ""Kainfodu"", ""Bomboafuidu"", ""Dambo"", ""Simbakoro"", ""Yambama"", ""Kugbao"", ""Bumpe"", ""Seama"", ""Koidu"", ""Bate"", ""Bakodu"", ""Bandko"", ""Kunduma"", ""Sandia"", ""Sumbaidu"", ""Nyandeama"", ""Kpeko"", ""Yengema"", ""Kainkordu"", ""Kundima"", ""Bombadu"", ""Manjamadu"", ""Meama"", ""Gbekpe"", ""Kamadu"", ""Kpandu"", ""Mbaoma"", ""Jagbwema"", ""Dambadu"", ""Bendu"", ""Sagbe"", ""Tama"", ""Gegbadu"", ""Kpatadu"", ""Dengedu"", ""Kinse"", ""Kunte"", ""Koiyima"", ""Yituma"", ""Gbeko"", ""Konkoako"", ""Bekoro"", ""Tinsiko"", ""Kainkordu"", ""Fuitingaya"", ""Makoro"", ""Waima"", ""Beko"", ""Venima"", ""Njagbema"", ""Twiyo"", ""Gbamundu"", ""Bendumu"", ""Gama"", ""Koidu"", ""Meilo"", ""Meiyor"", ""Kunduko"", ""Dunemaro"", ""Fanda"", ""Mambodu"", ""Yagbea"", ""Sufidu"", ""Kwelo"", ""Kurako"", ""Medu"", ""Koindu"", ""Gbakio"", ""Dunamaro"", ""Gbanbalo"", ""Yamadu"", ""Kongoma"", ""Boaia"", ""Bamandu"", ""Sefadu"", ""Bagayima"", ""Sumbedu"", ""Wundidu"", ""Sedu"", ""Tongoma"", ""Dembema"", ""Tongoma"", ""Tiandu"", ""Kamadu"", ""Fandu"", ""Morigbedu"", ""Yandu"", ""Saokoro"", ""Kamadu"", ""Fada"", ""Dunamo"", ""Bakedu"", ""Sengima"", ""Boma"", ""Yituma"", ""Konkofinja"", ""Bikidu"", ""Fimbaia"", ""Gbanfalo"", ""Galema"", ""Kpekoro"", ""Bendu"", ""Kombundu"", ""Tikonko"", ""Sawi"", ""Nongoko"", ""Sandia"", ""Yaradu"", ""Chanchadu"", ""Sembehun"", ""Gbambiadu"", ""Sindadu"", ""Komao"", ""Farandu"", ""Kadu"", ""Maima"", ""Bandako"", ""Kamiendo"", ""Gbendema"", ""Sumbaidu"", ""Kamadonkea"", ""Sangbando"", ""Samakuidu"", ""Kono"", ""Masundu"", ""Fomadu"", ""Bendu"", ""(unnamed)"", ""Sahia"", ""Kamiendo"", ""Dakadu"", ""Peyima"", ""Kagbadu"", ""Koyandu"", ""Sakua"", ""Samakuidu"", ""Tansakoro"", ""Temajadu"", ""Kisene"", ""Singbinja"", ""Bendu"", ""Yandaworo"", ""Gbakilo"", ""Komando"", ""Konkoworo"", ""Tumbodu"", ""Komandor"", ""Njafoia"", ""Mara"", ""Siamandu"", ""Kapaira"", ""Kolobengu"", ""Tefea"", ""Bagbema"", ""Kamboli"", ""Dandando"", ""Ndema"", ""Boma"", ""Kumandu"", ""Bambara"", ""Wokoro"", ""Foindu"", ""Keama"", ""Kundo"", ""Sedukonkoma"", ""Yengema"", ""Kwidadu"", ""Yeida"", ""Bololo"", ""Faindu"", ""Gbikundu"", ""Bafodu"", ""Dombadu"", ""Fauia"", ""Damando"", ""Borokonko"", ""Hemakono"", ""Konkombadu"", ""Dangbwidu"", ""Namasaidu"", ""Sedu"", ""Tolo"", ""Duako"", ""Maikodu"", ""Yendama"", ""Tabema"", ""Buguma"", ""Baiama"", ""Kakpadu"", ""Gbondu"", ""Bawa"", ""Wadu"", ""Moindema"", ""Gbaima"", ""Gbematambadu"", ""Yadusinero"", ""Waima"", ""Yomadu"", ""Yambaro"", ""Yakoi"", ""Dombadu"", ""Nyandoworo"", ""Yituma"", ""Yamadu"", ""Kpandakadu"", ""Komendinja"", ""Solindo"", ""Yaradu"", ""Foiboma"", ""Kamadu"", ""Sagbawa"", ""(unnamed)"", ""Titambaia"", ""Saifoida"", ""Peyima"", ""Sefadu"", ""Kpadu"", ""Nyamoima"", ""Sami"", ""Sukudu"", ""Gbangbaro"", ""Sumbidu"", ""Tama"", ""Fuyero"", ""Kanama"", ""Kaikudu"", ""Yengima"", ""Baoma"", ""Waidu"", ""Fakoro"", ""Kuyadu"", ""Bandadu"", ""Kongowakoro"", ""Baradu"", ""Sukudu"", ""Dombadu"", ""Yakunda"", ""Sedu"", ""Fada"", ""Kwelo"", ""Yima"", ""Koidu"", ""Kamadu"", ""Mangadu"", ""Gbogboma"", ""Baiama"", ""Lero"", ""Foiboma"", ""Kamadu"", ""Bumbolo"", ""Yokodu"", ""Kendea"", ""Makombo"", ""Gbangadu"", ""Kagbadu"", ""Fuidu"", ""Woma"", ""Yaradu"", ""Kokoma"", ""Kongoife"", ""Kundundu"", ""Kangama"", ""Tegbadu"", ""Kunyindo"", ""Deadu"", ""Towala"", ""(unnamed)"", ""Masundu"", ""Kurako"", ""Kongowafeh"", ""Kaiya"", ""Kindea"", ""Fero"", ""Kasikoia"", ""Kurako"", ""Memesea"", ""Maima"", ""Bendu"", ""Soma"", ""Makonko"", ""Gbodu"", ""Gbetema"", ""Gbandidu"", ""Koema"", ""Bosaia"", ""Kafaidu"", ""Saiama"", ""Bankanbaia"", ""Kutima"", ""Wembadu"", ""Kwelo"", ""Gbamundu"", ""Faiama"", ""Yabaia"", ""Kenewa"", ""Kaifindu"", ""Yiwadu"", ""Nongowa"", ""Kenema"", ""Somafema"", ""Worokaw"", ""Kenema"", ""Sandu"", ""Kiagbasima"", ""Timbaidu"", ""Kambaia"", ""Bendu"", ""Teibo"", ""Gbensendo"", ""Masakundu"", ""Bendu"", ""Wonkoma"", ""Kanjadu"", ""Yawando"", ""Fensedu"", ""Bakuidu"", ""Dugbema"", ""Fafo"", ""Sowaia"", ""Sufidu"", ""Bandaia"", ""Wundidu"", ""Komandu"", ""Kangbaro"", ""Dakaro"", ""Baoma"", ""Konelo"", ""Kamengodu"", ""Sondodu"", ""Fanda"", ""Koya"", ""Kengudu"", ""Kandaia"", ""Yaiamba"", ""Kwikuma"", ""Kingimadu"", ""Bendu"", ""Mafidu"", ""(unnamed)"", ""Sangbando"", ""Bengomaia"", ""Kayima"", ""Kunkuwaraw"", ""Gbeaia"", ""Sedu"", ""Sedu"", ""Kalia"", ""Gbongonko"", ""Kabengu"", ""Koidu"", ""Kundundu"", ""Kamba"", ""Sulima"", ""Kandilo"", ""Koya"", ""Nekoro"", ""Gbemaia"", ""Yindimi"", ""Sumoya"", ""Woko"", ""Sengisengi"", ""Fimbadu"", ""Fomaia"", ""Kokero"", ""Foimangadu"", ""Kabaidu"", ""Wingifi"", ""Kurumbaia"", ""Yilandu"", ""Masundu"", ""Kindia"", ""Dombadu"", ""Yaraia"", ""Yundunduyi"", ""Yuya"", ""Baiama"", ""Makadu"", ""Morikpandidu"", ""Tudu"", ""Bumbanjia"", ""Dandu"", ""(unnamed)"", ""Worodu"", ""Sogboro"", ""Koafuni"", ""Nyandeworo"", ""Boni"", ""(unnamed)"", ""(unnamed)"", ""(unnamed)"", ""Tiria"", ""Bundundo"", ""(unnamed)"", ""Samadu"", ""(unnamed)"", ""Suinkonkoma"", ""(unnamed)"", ""(unnamed)"", ""(unnamed)"", ""(unnamed)"", ""(unnamed)"", ""Kekeya"", ""(unnamed)"", ""(unnamed)"", ""(unnamed)"", ""Skola-In"", ""Wonela"", ""(unnamed)"", ""(unnamed)"", ""Makonkodu"", ""(unnamed)"", ""Kawama"", ""Sumana"", ""(unnamed)"", ""(unnamed)"", ""(unnamed)"", ""Bawadu"", ""Baiawaindu"", ""Poliye"", ""Gbangidu"", ""Fuidu"", ""Bendu"", ""Fanama"", ""Yayima"", ""Yendibengu"", ""Gbolia"", ""Toto"", ""Kondea"", ""Kombandu"", ""Yaliwandu"", ""Sekuya"", ""Fakor"", ""Seidu"", ""Konkoia"", ""Dunduwa"", ""Duwulema"", ""Fintibaia"", ""Kondewakoro"", ""Dunamaro"", ""Lebema"", ""Fandala""]",Disconnected polygon component; identity as island or administrative fragment not independently established.
gb:SLE:ADM2:65957751B39959109464342,Tonkolili,Sierra Leone,SL0205,0,1,6433.351348,"[-12.647649502999968, 8.236510140000064, -11.3367983629999, 9.290983101999984]",995,"[""Petifu"", ""Mangobu"", ""Gbangbama"", ""Mafinta"", ""Konta"", ""Kaprsira"", ""Boma"", ""Foindu"", ""Mokaima"", ""Bankafu"", ""Mafala"", ""Momal"", ""Periwahun"", ""Malanchor"", ""Waiwai"", ""Gbonka"", ""Maraka"", ""Batbana"", ""Magbila"", ""Mafan"", ""Mafenti"", ""Nwala"", ""Konta 1"", ""Mayogbo"", ""Makump"", ""One House"", ""One House"", ""Mathamba"", ""Ronietta Line"", ""Mamomoh"", ""Mabalie"", ""Cibaki"", ""Masemgbe"", ""Taua"", ""Bonkababay"", ""Wankalay"", ""Makint"", ""Ronietta Inside"", ""Roboff"", ""Banbutt"", ""Makundu"", ""Kamaya"", ""Maboka"", ""Mapoli"", ""Petifu"", ""Makonon"", ""Mafokoya"", ""Makabin"", ""Magbinti"", ""Gbonkolal"", ""Mapoli"", ""Mathibo"", ""Mabendu"", ""Magboto"", ""Melkeya"", ""Ronuri"", ""Mamapam"", ""Mabolu"", ""Makabie"", ""Mafokia"", ""Makura"", ""Manowo"", ""Makui"", ""Mayegboh"", ""Matopy"", ""(unnamed)"", ""Ronieta"", ""Mowo"", ""Gbom"", ""Ro-Barrie"", ""Magbolu"", ""(unnamed)"", ""Makoloyma"", ""Rosent"", ""Magbassia"", ""Mangara"", ""Roruks"", ""Mamayah"", ""Makai"", ""Magbankori"", ""Masoya"", ""Batsint"", ""Magbanamoi"", ""Mapoli"", ""Moria"", ""Rosar"", ""Yesa"", ""Magbanonkoh"", ""Mokebi"", ""Rokrot"", ""Magbuyu"", ""Rongethor"", ""Roban"", ""Petifu"", ""Malempeh"", ""Rogbon Kana Selly"", ""Mapoli"", ""Mataba"", ""Mafola"", ""Roline"", ""Mayara Koroma"", ""(unnamed)"", ""Mamankara"", ""Makarangba"", ""Kondobie"", ""(unnamed)"", ""Makanthi"", ""Mafala"", ""Manjehun"", ""Mala"", ""(unnamed)"", ""Mayemry"", ""Opothka"", ""Maconteh"", ""Romanor"", ""Mayora"", ""Mabansa"", ""Ronllah"", ""(unnamed)"", ""Makapr"", ""Rokania"", ""Makafie"", ""(unnamed)"", ""Naprsanka"", ""Mayimbo"", ""Maboala"", ""Bakeloko 2"", ""Makagbo"", ""Magboto"", ""Patfumayagbo"", ""Yiben"", ""Robonka"", ""Kondobe"", ""Maranda"", ""Petifu 2"", ""Roten"", ""Makumbu"", ""Bake Loko"", ""Royeama"", ""Makokma"", ""Masebeh"", ""Rofunk"", ""Sumbuya"", ""Makump"", ""Subuya"", ""Rogbon"", ""Magbareh"", ""Kitete"", ""Mayate"", ""Mabilla Banna"", ""Kaprsira"", ""Rokon"", ""Marokeh"", ""Yelelol"", ""Mabethe"", ""Makanende"", ""Maberroh"", ""Rokel"", ""Matoineh"", ""(unnamed)"", ""Marukor"", ""Magburaka Lol"", ""Magbundo"", ""Malokon"", ""Shimbek"", ""Mayongoba"", ""Mafala"", ""Rogbla"", ""Makundor"", ""Monyan"", ""Matambo"", ""(unnamed)"", ""Magbenka"", ""(unnamed)"", ""Romendae"", ""Rochain"", ""Mamancha"", ""Makonkari"", ""Mabonge"", ""Kuron"", ""Mabonth"", ""Fullah Town"", ""Makaba"", ""Yele"", ""Mamanbo"", ""Magbongbon"", ""Magbongbon"", ""(unnamed)"", ""Mabot"", ""Matamba"", ""Rosint"", ""Magbese"", ""Makomp Masco"", ""Roten"", ""Mafonie"", ""Magbomgba"", ""Ropapa"", ""Maka"", ""Makrugba"", ""Royika"", ""Makani"", ""Mokamre"", ""Makoro"", ""Mayagba"", ""Magbant"", ""Mabom"", ""Pintkele"", ""Ro Mafi"", ""(unnamed)"", ""Walbana"", ""Masakon"", ""Marusia"", ""Makawo"", ""Roline Kagbla"", ""Masakong"", ""(unnamed)"", ""Masetileh 1"", ""Makaineh"", ""Makasie"", ""Matopi"", ""(unnamed)"", ""Mawuka"", ""Maramneh"", ""Masesay"", ""Romankneh"", ""Maserry Bana"", ""Mabundu"", ""Roline Kapabia"", ""Yanka"", ""Moserah"", ""Mamorka"", ""Roline Kanasoko"", ""Makeba"", ""Malumpa"", ""Mamuta"", ""Magbanka"", ""Kumrabai"", ""Masaingba"", ""Mamusa"", ""Mamatie"", ""Petifu Road"", ""Petifu"", ""Gbombana"", ""Masobi"", ""Rogbangba"", ""Rosint"", ""Petifu"", ""Rongallah"", ""Marrofour"", ""Magbuneh"", ""Robara 1"", ""Kockri"", ""Rokon"", ""Teko"", ""Yonibanna"", ""Ronyollah"", ""Matope"", ""Yonibana"", ""Teko"", ""Royeal"", ""Roshathkyn"", ""Makankinsa"", ""Dowarama"", ""Maseray"", ""Mateti"", ""Malempe"", ""Petifu"", ""Makombo"", ""Rogbaray"", ""Miro"", ""Malosia"", ""Masipr"", ""Tendokom"", ""Makoyah"", ""Matope"", ""Malakoh"", ""Mabaliwai"", ""Mayessie"", ""Mabombo"", ""Mapamant"", ""Mafoko"", ""Robathpla"", ""Maforabia"", ""Konta"", ""Rothawa"", ""Magbafath"", ""Nyahun"", ""Robise Line"", ""(unnamed)"", ""Kulkos"", ""Mapoli"", ""Magbosie"", ""Mayira"", ""Masomanor"", ""Gbiton"", ""Malai"", ""Magbla"", ""Maworoko"", ""Rosarr 1"", ""Mile 91"", ""Mabothima"", ""Rosarr 2"", ""Rolinekaparoke"", ""(unnamed)"", ""Mile 71"", ""Masorie"", ""Mafunde"", ""Mile 88"", ""Mayesl"", ""Makeleh"", ""Miro"", ""Makump"", ""Rokor"", ""Maserah"", ""Makali"", ""Petifu"", ""Masetle"", ""Makandeh"", ""Katima"", ""Mafullath"", ""Masumana"", ""Matoir"", ""Mafahun"", ""Maseri"", ""Rokumbi 2"", ""Makaneh"", ""Mafunde"", ""Royanka"", ""Mabureh"", ""Magbeti"", ""Rokumbi 1"", ""Rokumbi 1"", ""Lebia"", ""Magbama"", ""Ngawa"", ""Morka Juction"", ""Mapankili"", ""Madina"", ""Mafoyoka"", ""Masanki"", ""Masethleh 2 Highway"", ""Masemoi"", ""Nwala"", ""Rongolla"", ""Masere"", ""Magbafth"", ""Magbla"", ""Kendima"", ""Rogbai"", ""Morka"", ""Mathoir"", ""Matak"", ""Masorie"", ""Manane"", ""Magblu"", ""Mabai"", ""Petifu 2"", ""Morokiebana"", ""Mamurankay"", ""Robisbana"", ""Bukbuka"", ""Mayoko"", ""Mabange"", ""Masorie"", ""Roponatenk"", ""Makrugbe"", ""Mamurankay"", ""Ropolie"", ""Mabankra"", ""Robun"", ""Ro-Nyola"", ""Masimira 1"", ""Makobolo"", ""Rogbutu"", ""Robis"", ""Mamah"", ""Mamala"", ""Masimoh"", ""Rosint Mayepoh"", ""Masete"", ""Mayerah"", ""Mayopoh"", ""Ngawla"", ""Mamurankay"", ""Robunthun"", ""Mamansu"", ""Masabi"", ""Makera Konta"", ""Magbokie"", ""Mawor"", ""Magbolu"", ""Makelleh Mayepoh"", ""Mabgbolu Ferry"", ""Tongbai"", ""Mashriffu"", ""Mashim"", ""Bolyine"", ""Makong"", ""Mamaka"", ""Yeima 1"", ""Makoni"", ""Robis"", ""Patifu Mayepoh"", ""Mayamba M'Bombor"", ""Makuseri"", ""Maruba"", ""Ronko"", ""Magbakayie"", ""Ropothka"", ""Mathonor"", ""Madina"", ""Makeni"", ""Kumrabai Matuku"", ""Magbesseh Kamara"", ""Taima"", ""Kumrabai Junction"", ""Baranin One"", ""Rorenka"", ""Kumrabai Mamila"", ""Baranin Two"", ""Kumrabai Mamila"", ""Konima"", ""Rogbabai"", ""Lungi Tima"", ""Rotutrble"", ""Mayeyeh 3"", ""Mayeyeh 2"", ""Kumrabai"", ""Makonteh"", ""Mamilla Gbla"", ""Maraka"", ""Mabai"", ""Makoya"", ""Kumrabai"", ""Marunia"", ""Masete"", ""Makera"", ""Kumrabaimamilla"", ""Yema"", ""Sar"", ""Karife"", ""Matamp"", ""Mathinka Bana"", ""Makarabai"", ""Mathombo Bana"", ""Yema"", ""Maiyanko"", ""Rofunk"", ""Mabar Polie"", ""Mathabay"", ""Magbontho"", ""Mabonka"", ""Mababay"", ""Mashereku"", ""Worreh"", ""Gbongba"", ""Moyamba Morlai"", ""Fundu"", ""Tuobu"", ""(unnamed)"", ""Masang"", ""Mantie"", ""Mawolman"", ""Mabura"", ""Mayola"", ""Makonte"", ""Masang"", ""Mamuri"", ""Makonkuri"", ""Armed Forces"", ""Maiyanko"", ""Petifu"", ""Magbokeh"", ""Magbanapoli"", ""Mafari"", ""Rogbankan"", ""Kumrabai"", ""Gbongbaday"", ""Mamano"", ""Mabang"", ""Mamanor"", ""Futani"", ""Mayamba"", ""Mabura"", ""Mamanso Moi"", ""(unnamed)"", ""Kankr"", ""Basia"", ""(unnamed)"", ""Makong"", ""Ma-Kargbo"", ""Gbomsanda"", ""Fothono Thama"", ""Fotani"", ""Mayata"", ""Rosar"", ""Makeni"", ""Robise"", ""Masaba"", ""Makrugbe"", ""Tongbai"", ""Makargbo"", ""(unnamed)"", ""Konta"", ""Rokomeh"", ""Limba Corner"", ""Romangoro"", ""Robon"", ""(unnamed)"", ""Farama"", ""Masiaka"", ""Mangi"", ""Masimira"", ""Sengbe"", ""Matoli"", ""Masurite"", ""Rawarrah"", ""Pulun"", ""Mayawso"", ""Malemor"", ""Masimora"", ""Royeal"", ""Mayirima"", ""Patifu Limba"", ""Mayawso"", ""Petifu-Makasira"", ""Makera"", ""Kanigba"", ""Masakoray"", ""Meshie"", ""Mathabay"", ""Taporon"", ""Makent"", ""Matinke"", ""Musaia"", ""Makaba"", ""Mayinka"", ""Oto"", ""Wankobaw"", ""Rokubi"", ""Makelfa"", ""Maseka"", ""Makama"", ""Rowala"", ""Manasi"", ""Rofunk"", ""Makelfa"", ""Mamentia"", ""Mayawso Line"", ""Makanigba"", ""Mayambafona"", ""Masugbe"", ""Mabobor"", ""Mafenka"", ""Makwali"", ""Magbodo"", ""Maworr"", ""Mapa"", ""Mabobor"", ""Gbomsaidu"", ""Rokamp"", ""Mamankuro"", ""Makongbi"", ""Mankomba"", ""Magbafat"", ""Makobabana"", ""Bolabombor"", ""Mabenki"", ""Petifu Cheh"", ""Yenkisa"", ""Mamunta Kasete"", ""Waka"", ""Birthma"", ""Mamar"", ""Mabeki"", ""Mathele Lol"", ""Makeni"", ""Bariyaine"", ""Magbasia"", ""Robossor"", ""Mabeko"", ""Masinte"", ""Mayemi"", ""Matanko"", ""Mayata Lower"", ""Matumkara"", ""Madina"", ""Marinki"", ""Makona"", ""Bonkomataka"", ""Mabanglol"", ""Makali"", ""Makomo"", ""Mapoli"", ""Rosembek"", ""Rowaka"", ""Mapeki"", ""Mafabani"", ""Masumanakole"", ""Bonge"", ""Masuba"", ""Mamunta"", ""Mafomba"", ""Mabis"", ""Matufuri"", ""Mabireka"", ""Masingbi"", ""Makoni Line"", ""Sierra Leone"", ""Rothogbai"", ""Maketi"", ""Waka"", ""Bina"", ""Masuba"", ""Mamuri"", ""Matumbu"", ""Old Makeli"", ""(unnamed)"", ""Mafari"", ""Pulun"", ""Mabatoff"", ""Robakeh"", ""Mabankara"", ""Manki Bo Roab"", ""Madura"", ""Mathlebana"", ""Mamunalo"", ""Fotani"", ""(unnamed)"", ""Makrugbe"", ""Tonkolele"", ""Polo"", ""Runia Magboca"", ""Maikonko"", ""Fivemile"", ""Mabure"", ""Masagble"", ""Makenti"", ""Masoria"", ""Makoli"", ""Mabum"", ""Yall"", ""Roten"", ""Marunia"", ""Forobine"", ""Matotaka"", ""Kenewa"", ""Magbansor"", ""Mayunto"", ""Masira"", ""Marah"", ""Makombi"", ""Bumbe"", ""Mamarah"", ""Patifu Mayoma"", ""Makondu"", ""Mara"", ""Masaka"", ""Komrabai"", ""Magbala"", ""Masankoro"", ""Tonkolili"", ""Nonkoba"", ""Masheku"", ""Mayoma"", ""Rochen"", ""Maqui"", ""Masina"", ""Mayira"", ""Malon"", ""Mafulaka"", ""Rofunk"", ""Mabum"", ""Rokupr"", ""Makump"", ""Makump"", ""Mayata"", ""Lat"", ""Mameleh"", ""Mankibana"", ""Mabecthe"", ""Rosar"", ""Rubun"", ""Makapr"", ""Magbass"", ""Mathorkoh"", ""Fotani"", ""Mabai"", ""(unnamed)"", ""Makuri"", ""Matenemoi"", ""Makill"", ""Royema-Falima"", ""Magbuna"", ""Mafanta"", ""Makill 1"", ""Maria"", ""Mafanta Prison"", ""Mataro"", ""Magbakre"", ""Masampa"", ""Polo"", ""Maberi"", ""Sera"", ""Robol"", ""Masati"", ""Robol 1"", ""(unnamed)"", ""Mamanki"", ""Mabobo"", ""Marokie"", ""Piti"", ""Rogbane"", ""Masesebe"", ""Yemeri"", ""Mananthelie"", ""Petifu-Bomothollie"", ""Mamonu"", ""Rothongbai"", ""Rokonla"", ""Kamato"", ""Manewa"", ""Matal"", ""Mayata"", ""Mabar"", ""Magbesseh 2"", ""Bundima"", ""Mabamp"", ""Bilefu"", ""Petifu"", ""Magbesseh 1"", ""Mamuna-Bana"", ""Matuk"", ""Mamallah"", ""Patifu"", ""Polo"", ""Mayamie"", ""Yiben"", ""Mawolie"", ""Mawruku"", ""Matenki"", ""Masimo-Kani"", ""Petifu"", ""Yema-Sembu"", ""Rotonka"", ""Mamansu"", ""Mabai"", ""Rothatha"", ""Masoko"", ""Magbanto"", ""Macca"", ""Buya"", ""Baga"", ""Mafara"", ""Madina"", ""Magburaka"", ""Rosint"", ""Madibi"", ""Mamankie"", ""Makump"", ""Maseku"", ""Rowala"", ""(unnamed)"", ""Makombo"", ""Makema"", ""Magbogba"", ""Farama"", ""Matura"", ""Lumgba"", ""Robek"", ""Maberi"", ""Magbankoh"", ""Madina"", ""(unnamed)"", ""Mayinda"", ""Malako"", ""Rogbenthneh 2"", ""Masagbe"", ""Rogbenthneh 1"", ""Makele"", ""Maraka"", ""Masanga"", ""(unnamed)"", ""Matunkara"", ""Bonma"", ""Makimo"", ""Rogbom"", ""Romango"", ""Rokon"", ""Robun"", ""Mafori"", ""Mamaya"", ""Mabente"", ""Matamba"", ""Mabai"", ""Petaw"", ""Petifu"", ""Matam"", ""Madama"", ""Makuful"", ""Matamba"", ""Mieta"", ""Makari"", ""Rosinkim"", ""Rogbese"", ""Fundu"", ""Mabeki"", ""Masulinki"", ""Petifu"", ""Petifu"", ""Futani"", ""Mabourka"", ""Magbonto"", ""Masokori"", ""Mayeriba"", ""Bamfira"", ""Masoko"", ""Manki"", ""Malumpo"", ""Kalmaro"", ""Magbanabum"", ""Makamba"", ""Marako"", ""Kamadugu"", ""Makuli"", ""Mayira"", ""Masuri"", ""Malumpo"", ""Mabasia"", ""Kombolkaya"", ""Makamba"", ""Mawoso"", ""Masosingbi"", ""Royema-Thonkolie"", ""Makoma"", ""Kalmoro"", ""Mamusa"", ""Masumbiri"", ""Tabila"", ""Futani"", ""Makonti"", ""Mafila"", ""Yoni"", ""Matunkaraboi"", ""(unnamed)"", ""Magboloko"", ""Mabua"", ""Nonkoba"", ""Rokonto"", ""Makekura"", ""Kpafaia"", ""Danda"", ""Lungi"", ""Simria"", ""Mabonto"", ""Mankore"", ""Kankorobaia"", ""Furibalia"", ""Kalifaiya"", ""Nonkosobia"", ""Makombom"", ""Ma-Uzni"", ""Basaya"", ""Maforika"", ""Faransula"", ""Trowaia"", ""Kendembia"", ""Dandaya"", ""Yinaiya"", ""Magbiti"", ""Kuyi"", ""Karandugu"", ""Matapi"", ""Makump"", ""Nerekoro"", ""Sokurela"", ""Yase"", ""Maketika"", ""Balia"", ""Mayagba"", ""Kombadugu"", ""Dankowolia"", ""Makama"", ""Gbamabalia"", ""Bradali"", ""Yarawaia"", ""Kawria"", ""Malie"", ""Bradali"", ""Sokoya"", ""Maside"", ""Makende"", ""Sengbe"", ""Kanigba"", ""Furia"", ""Kailankoro"", ""Fenkembaia"", ""Basaiya"", ""Mayaso"", ""Keradugu"", ""Mawduku"", ""Bolia"", ""Bari"", ""Mata"", ""Sangbaya"", ""Makaima"", ""Sankpamba"", ""Jandugu"", ""Sundulukoro"", ""Babura"", ""Farataw"", ""Kpou"", ""Masekere"", ""Kasikoro"", ""Domliyan"", ""Nunkekoro"", ""Sumania"", ""Farangbaya"", ""Tanta"", ""Yiben"", ""Kawla"", ""Pete"", ""Kabaia"", ""Keimadugu"", ""Sahafaria"", ""Bumban"", ""Kegbema"", ""Kabari"", ""Kamero"", ""Kandeya"", ""(unnamed)"", ""Kawana"", ""Kuria"", ""Sunkoni"", ""Masindugu"", ""Kulufaga"", ""Bumbuna"", ""Gbonbomba"", ""Kandambaya"", ""(unnamed)"", ""Kanigba"", ""Sakasakala"", ""Kamato"", ""Bendugu"", ""Mindia"", ""Maposo"", ""Katombo"", ""Mamuria"", ""(unnamed)"", ""Gberikoro"", ""Kegbema"", ""(unnamed)"", ""Kadagbana"", ""Kawono"", ""Kasokira"", ""Funkuya"", ""Marepe"", ""Gbulia"", ""Kakonta"", ""Kadanso"", ""Sangbamba"", ""Kassafonie"", ""Masepena"", ""Kamera"", ""Masinkotaw"", ""Kamera"", ""Kakonta"", ""Maghere"", ""Sekuya"", ""Yakala"", ""Kamaron"", ""Kurakoro"", ""Kasompona"", ""(unnamed)"", ""Marimbi"", ""Kunya"", ""Wesima"", ""Kapoto"", ""Kakutan"", ""Nanfayi"", ""Herako"", ""Kamasiki"", ""(unnamed)"", ""Katengbe"", ""Kamasapi"", ""Kagbanka"", ""Kakutan"", ""Bumban"", ""Kafogo"", ""Katene"", ""Karima"", ""Kawungulu"", ""Masepina"", ""Sankori"", ""Katoina""]",Disconnected polygon component; identity as island or administrative fragment not independently established.
gb:SLE:ADM2:65957751B6503620183485,Kenema,Sierra Leone,SL0102,0,1,6354.753266,"[-11.592258344999891, 7.340846381000063, -10.790121876999876, 8.552763193000033]",824,"[""Bagbe"", ""Tolo"", ""Nemahugoima"", ""Bunjema"", ""(unnamed)"", ""Vaama"", ""Bongoma"", ""Bindalahun"", ""Golawoma"", ""Jagbaka"", ""Bondehun"", ""Tigbema"", ""Gorahun"", ""Maka"", ""Fatio"", ""Komende"", ""Semabu"", ""Sesila"", ""Njama"", ""Damawuro"", ""Tanima"", ""Tayehun"", ""Tolobu"", ""Gondama"", ""Gieumbu"", ""Daru"", ""Buma"", ""Folima"", ""Giema"", ""Kanga"", ""Jamiru"", ""Nyeminga"", ""Segbwema"", ""Gobioma"", ""Baoma"", ""Mano"", ""Dambara"", ""Faiama"", ""Gnanyahun"", ""Jene"", ""Periwama"", ""Taninahun"", ""Jaiahun"", ""Kwaoma"", ""Tiloma"", ""Laoma"", ""Konkohun"", ""Komende"", ""Jaluahun"", ""Baoma"", ""Mapumanobuma"", ""Beobu"", ""Kanga"", ""Kadina"", ""Bandalahun"", ""Gorahun"", ""Jombehun"", ""Bongo"", ""Njala"", ""Woroma"", ""Gegbwema"", ""Gbonima"", ""Semabu"", ""Kotobu"", ""Pandebu"", ""Gengema"", ""Bahama"", ""Benduhun"", ""Bogboabu"", ""Giewahun"", ""Bamayama"", ""Waiawayehun"", ""Kamboma"", ""Vaama"", ""Kamasu"", ""Jagbwema"", ""Selabu"", ""Belebu"", ""Bongo"", ""Giewahun"", ""Nyandehun"", ""Vaama"", ""Jawe"", ""Gondama"", ""Gbuahun"", ""Gandorhun Town"", ""Senehun"", ""Bobobu"", ""Patobu"", ""Gorahun"", ""Tijoema"", ""Kokoru"", ""Kamaso"", ""Kamaso"", ""Ndarobu"", ""Perewama"", ""Matakahun"", ""Yabaima"", ""Jagbwema"", ""Fayima"", ""Puabu"", ""Kebawana"", ""Mani"", ""Jowi"", ""Komiyehun"", ""Baiama"", ""Gorahun Vaama"", ""Sembehun"", ""(unnamed)"", ""Koila"", ""Maka"", ""Peri"", ""Jaiama"", ""Gbema"", ""Weilo"", ""Bangema"", ""Menima"", ""Beliya"", ""Baoma"", ""Lopa"", ""Lalehun"", ""Menima"", ""Wunde"", ""Yibaima"", ""Wunde"", ""Laoma"", ""Vanima"", ""Tikonko"", ""Boyama"", ""Gorahunwa"", ""Joru"", ""Woyama"", ""Naiawama"", ""Beobu"", ""Yoka"", ""Malema"", ""Baoma"", ""Magbwema"", ""Senduma"", ""Gbeorbu"", ""Gahun"", ""Nema"", ""Bafawahun"", ""Kanga"", ""Baraka"", ""Nyandehun"", ""Diame"", ""Tanima"", ""Sembehun"", ""Senehun"", ""Konia"", ""Gama"", ""Manjama"", ""Senehun"", ""Gavuyema"", ""Boyago"", ""Jopowahun"", ""Tewo"", ""Taninahun"", ""Guala"", ""Baoma"", ""Gerehun"", ""Bubama"", ""Pekebobu"", ""Pendabu"", ""Bonoyema"", ""Petema"", ""Kotomahun"", ""Gbandawo"", ""Mendekelema"", ""Giehun"", ""Sahun"", ""Sandaru"", ""Gbese"", ""Korma"", ""Giema"", ""Joru"", ""Kundowahun"", ""Semabu"", ""Komende"", ""Bewobu"", ""Diama"", ""Wanjiela"", ""Torobu"", ""Buguma"", ""Komende"", ""Jaluahon"", ""Senehun"", ""Giewoma"", ""(unnamed)"", ""(unnamed)"", ""Jahun"", ""Jahun"", ""Haila"", ""Gofor"", ""Pendembu"", ""Lilema"", ""Kunjo"", ""Semabu"", ""Dowoju"", ""Tobanda"", ""Gombohun"", ""Gorahun"", ""Tulurma"", ""Boaboabu"", ""Njala"", ""Tokpombu"", ""Govokpahun"", ""(unnamed)"", ""Madina"", ""Konjo"", ""Kamboma"", ""Siama"", ""Saama"", ""Gbenderu"", ""Belu"", ""Gondama"", ""(unnamed)"", ""Palima"", ""Baiama"", ""Jolomei"", ""Masalu"", ""Baka"", ""Jeneh"", ""Jeneh"", ""Bandajuma"", ""Kpandobu"", ""Jeoma"", ""Majihun"", ""Batoru"", ""Dandabu"", ""Waima Tokpombu"", ""Wanjama"", ""Biama"", ""Bandama"", ""Petema"", ""Serabu"", ""Yawuema"", ""Gbatawoma"", ""Kalia"", ""Tawahun"", ""Konia"", ""Tungie"", ""Waima"", ""Kenjama"", ""Bobobu"", ""Mattru"", ""Blama"", ""Kombema"", ""Giehun"", ""Kenema"", ""Yabaima"", ""Kpatewoma"", ""Komende"", ""Foya"", ""Konabu"", ""Bumbe"", ""Gelehun"", ""Male"", ""Kpema"", ""Toso"", ""Manina"", ""Levuma"", ""Mano"", ""Gbaru"", ""Lime"", ""Bomboima"", ""Talia"", ""Dia"", ""Yovohun"", ""Dia"", ""Nekabu"", ""Gandorhun"", ""Sengema"", ""Woloma"", ""Sagwehun"", ""Bo"", ""Sami"", ""Hangha"", ""Victoria"", ""(unnamed)"", ""Jomu"", ""Gbandorma"", ""Jolu"", ""Naiagolehun"", ""Tinehun"", ""Nongoba"", ""Sawula"", ""Sami"", ""Panderu"", ""Panderu"", ""Mendama"", ""Gegwema"", ""Gelahun"", ""Putahun"", ""Mufiahun"", ""Gbongboma"", ""Yendema"", ""Levuma"", ""Kagbwama"", ""Gidani"", ""Deima"", ""Komende Luyama"", ""Nyandeama"", ""Babalahun"", ""Masahun"", ""Gnanyahun Bulima"", ""Kpanjala"", ""Mattru"", ""(unnamed)"", ""Gbangba"", ""Komaru"", ""Gnanyahun Sawilla"", ""(unnamed)"", ""Bongama"", ""Gbombo"", ""Kuranko"", ""Giyahun"", ""Gerehun"", ""Jene"", ""(unnamed)"", ""Buwibu"", ""Jawe"", ""Gangama"", ""Kotong"", ""Faabu"", ""Majihun"", ""Bado"", ""Malehun"", ""Bambawo"", ""Naiahun"", ""Jerihun"", ""Taninahun"", ""Ngelehun"", ""Baoma"", ""Giebu"", ""Jopowahun"", ""Jombohun"", ""(unnamed)"", ""Kataiama"", ""Poyama"", ""Sembehun"", ""Mano-Kotuhun"", ""Bongbu"", ""Wunde"", ""Guama"", ""Mano Junction"", ""Giehun"", ""Vaahun"", ""Jagbwema"", ""(unnamed)"", ""Kundorwahun"", ""Naiagolehun"", ""Taninahun"", ""Dige"", ""Koye"", ""(unnamed)"", ""Barve"", ""Gandorhun"", ""Baoma"", ""Bandajuma"", ""(unnamed)"", ""Talia"", ""Nyadehun"", ""Gorahun"", ""Simabu"", ""Lekpeyama"", ""Yandehu"", ""Bo Ngieha"", ""Lago"", ""Dahama"", ""Masahun"", ""Gangama"", ""Manjama"", ""Yangahun"", ""(unnamed)"", ""Tagboima"", ""Lilema"", ""Konja"", ""Gaahun"", ""Banda"", ""(unnamed)"", ""Komende-Luyama"", ""Yoni"", ""Bandi"", ""Walima"", ""Gondama"", ""Teibo"", ""Geima"", ""Disa"", ""Tekwiyama"", ""Masaru"", ""Dia"", ""Tokpombu"", ""Bondobu"", ""Gbondu"", ""Jawi"", ""Juma"", ""Baoma"", ""Gbangema"", ""Jago"", ""Mano-Gieha"", ""Fabaina"", ""Lorlu"", ""Petema"", ""Godi"", ""Palima"", ""Bendu"", ""Grima"", ""Boleyama"", ""Duvubu"", ""Mandu"", ""Baoma"", ""Gangama"", ""Misila"", ""Meema"", ""Belihu"", ""Koyama"", ""Foindu"", ""Jagbwema"", ""Patama"", ""Konia"", ""Jolu"", ""Mondema"", ""Banahu"", ""Benduma"", ""Gurala"", ""Pegama"", ""Fulawahun"", ""Simbabu"", ""Gbawula"", ""Masalu"", ""Konovulahun"", ""Piwoma"", ""Goyama"", ""Yakama"", ""Yumbuma"", ""Setema"", ""New Kamboma"", ""Simbaru"", ""Bobobu"", ""Tekwiama"", ""Gogehun"", ""Sendema"", ""Kamboma-Mamayema"", ""Sewaoma"", ""Varma"", ""Berebu"", ""Patama"", ""Soyema"", ""(unnamed)"", ""Bobobu"", ""Koyehun"", ""Lileima"", ""Jopowahun"", ""(unnamed)"", ""Fulawahun"", ""Bobobu"", ""(unnamed)"", ""Tukoyema"", ""Tomajo"", ""Komende"", ""Kpandoma"", ""Varma"", ""Gandorhun"", ""Luwulu"", ""Bohun"", ""Pujehun"", ""Fiama"", ""Dodo"", ""Ngogbebu"", ""Sagpati"", ""Manjama"", ""Ketuma"", ""Njala"", ""Bandajuma"", ""Kowama"", ""Batoma"", ""Sang"", ""Goma"", ""Yandehun"", ""Mamboma"", ""Jamesi"", ""Bunjema"", ""Naiagolehun"", ""Yahama"", ""Kpakuyama"", ""Niahun"", ""Goala"", ""Gandorhun"", ""Bindika"", ""Giehun"", ""Lomabu"", ""Wilima"", ""Kwalu"", ""Kambeyama"", ""Bunjema"", ""Taiama"", ""Giehun"", ""Guwobu"", ""Mende"", ""Bendu"", ""Simabu"", ""Lembilema"", ""Sumbaru"", ""Jujuma"", ""Panguma"", ""Tokpombu"", ""Tangahun"", ""Bobobu"", ""Feja"", ""Boajibu"", ""Mongeri"", ""Sembehun"", ""Nenehun"", ""Kondema"", ""Guabu"", ""Lalehun"", ""Giema"", ""Bumbe"", ""Pangbalia"", ""Tolobu"", ""Petema"", ""Gogboma"", ""Gandorhun"", ""Giehun"", ""Mamboma"", ""Guabu"", ""Jokibu"", ""Jagbwema"", ""Bindika"", ""Yambama"", ""Yambama"", ""Bukema"", ""Paninga"", ""Tokpombu"", ""Gehama"", ""Baama"", ""Naiyama"", ""Tongo"", ""Jerihun"", ""Bewobu"", ""Pandobu"", ""Pendehun"", ""Laoma"", ""Gorala"", ""Jaluahun"", ""Blama"", ""(unnamed)"", ""Sahun"", ""Valama"", ""(unnamed)"", ""(unnamed)"", ""Bangabu"", ""Bandajuma"", ""Garwama"", ""Benduma"", ""Foau"", ""Gendema"", ""Naiagolehun"", ""Mandahun"", ""(unnamed)"", ""Koyama Bulima"", ""Varma"", ""(unnamed)"", ""Taninahun"", ""Londoma"", ""Naiawama"", ""(unnamed)"", ""Jombohun"", ""(unnamed)"", ""Funima"", ""Kpolia"", ""Geringa"", ""Bawahun"", ""Komboma"", ""Periwama"", ""Masahun"", ""Jagundoma"", ""Jago"", ""Yangahun"", ""Moimadu"", ""Komandu"", ""Vandima"", ""Gbeka"", ""Sanjama"", ""Dagbahun"", ""Moyamba"", ""Gondama"", ""Levuma"", ""Foya"", ""Limayema"", ""Jaluahun"", ""Baoma"", ""Kondea"", ""Giebu"", ""Goriama"", ""Mano"", ""Beshebu"", ""Beshebu"", ""Jojoima"", ""Fagona"", ""Blama"", ""Kotohun"", ""Moindu"", ""Mano"", ""Giehun"", ""Konia"", ""Kondea"", ""Koyama Jego"", ""Gorahun"", ""Sargolehun"", ""Gorahun"", ""(unnamed)"", ""Kakogboma"", ""Banda"", ""Yongoima"", ""Petema"", ""Petema"", ""Koyama"", ""Majebu"", ""Peteoma"", ""Pujehun"", ""Laiama"", ""Bejorma"", ""Tajoma"", ""Sabama"", ""Yoombarmo"", ""Tungie"", ""Twema"", ""Fala"", ""Jembe"", ""Kpama"", ""Gilima"", ""Banda Bulima"", ""Diwa"", ""Kpetewoma"", ""Gohuma"", ""Sandahun"", ""Katima"", ""Manjehun"", ""Gokoma"", ""Periwama"", ""Lokaju"", ""Motehun"", ""Bandajuma"", ""Taninahun"", ""Jaiahun"", ""Boabu"", ""Wima"", ""Galahun"", ""Tikonko"", ""Jopowahun"", ""(unnamed)"", ""Lotahun"", ""Kenema"", ""Baoma"", ""Gangama"", ""Kwango"", ""Manjehun"", ""Kundoma"", ""Gbandi"", ""Venima"", ""Levuma"", ""Popalahun"", ""Gikon"", ""Kpefe"", ""Bambara"", ""Gilehun"", ""Tolo"", ""Laimbema"", ""Tokpombu"", ""Giwahun"", ""Sungaru"", ""Baama"", ""Dema"", ""Pendembu"", ""Teibo"", ""Jerihun"", ""Komende"", ""Tolobu"", ""Galahun"", ""Telu"", ""Bapi"", ""Joborhu"", ""Yarbuma"", ""Naiawama"", ""Tungie"", ""Pelewahun"", ""Tolobu"", ""Kajalu"", ""Bobobu"", ""Kojehun"", ""Guabu"", ""Jagbwema"", ""Jerihun"", ""Kamaima"", ""Gpowobu"", ""(unnamed)"", ""Dambu"", ""Kongbama"", ""Yamandu"", ""Woroma"", ""Tamboya"", ""(unnamed)"", ""Konjo"", ""Konia"", ""(unnamed)"", ""Mofindo"", ""Bumpe"", ""Sirabu"", ""Barma"", ""Yuabu"", ""Foniama"", ""(unnamed)"", ""Galu"", ""Gawmbu"", ""Gilima"", ""Kamboma"", ""Tokpombu"", ""Fagoya"", ""Badja"", ""(unnamed)"", ""Tangabu"", ""Helegonba"", ""Tokpombu"", ""Balu"", ""Gewojahun"", ""Sembehun"", ""Kogboma"", ""Tolobu"", ""Gendema"", ""Taluke"", ""Manjehun"", ""Bundayirahun"", ""Tekwiama"", ""Moriya"", ""Konta"", ""Kanjowola"", ""Langrama"", ""Gbandi"", ""Kamasu-Tanineba"", ""Gbawima"", ""Juma"", ""Nyandehun"", ""Tendehun"", ""Levuma"", ""Naiahun"", ""Blama"", ""Fala"", ""Bahama"", ""Gbarama"", ""Poyama"", ""Sandea"", ""Berembe"", ""Londoma"", ""Benduma"", ""Londoma"", ""Pahundu"", ""Jagbwema"", ""Naiagolehun"", ""Mano"", ""Tungie"", ""Varama"", ""Simbaru"", ""Sipahun"", ""Ndambala"", ""Goabu"", ""Kutohun"", ""Panguma"", ""Kogbwendehun"", ""Duvubu"", ""Monjema"", ""Petema"", ""Blama"", ""Peyima"", ""Dumbilibu"", ""Yombohun"", ""Goroya"", ""Banjema"", ""Giewahun"", ""Fulawahun"", ""Kigbie"", ""Yombohun"", ""Baoma"", ""Vingima"", ""Manjundu"", ""Njala"", ""Masahun"", ""Jojohun"", ""Kenyema"", ""Baomahun"", ""Bambakalema"", ""Sisawema"", ""Mondema"", ""Petema"", ""Kanwaya"", ""Jaomahun"", ""Jaigbahun"", ""Bunumbu"", ""Tongorma"", ""Mafuri"", ""Punduru"", ""Gieha"", ""Bangwama"", ""Bambawo"", ""Jagbahun"", ""Manihun"", ""Fomaia"", ""Kundaima"", ""Taninahun"", ""Kegbolia"", ""Konima"", ""Yalima"", ""Gangama"", ""Bondoma"", ""Pujehun"", ""Senehun"", ""Ngaiagoehun"", ""Njorahun"", ""Bungema"", ""Heligohun"", ""Bundoia"", ""Makump""]",Disconnected polygon component; identity as island or administrative fragment not independently established.
gb:SLE:ADM2:65957751B7874629800584,Kambia,Sierra Leone,SL0501,0,20,2876.179678,"[-13.302569835999918, 8.836803078000173, -12.366084071999978, 9.604940760000034]",430,"[""(unnamed)"", ""Rogbom Konkolikot"", ""Rotain - Lol"", ""Bake - Laimbray"", ""Tombo - Banka"", ""Yale Kakonko"", ""Laminaia"", ""Tenbana"", ""Mando"", ""Makiribo"", ""Kamalo"", ""Robis"", ""Balie"", ""Makawmok"", ""Rofunk"", ""Mahela"", ""Mahera"", ""Rokithegbeh"", ""Mapagbo"", ""Rokupr - Yemp"", ""Misra"", ""(unnamed)"", ""(unnamed)"", ""Rogbom"", ""Moribaya"", ""(unnamed)"", ""Rocustom"", ""(unnamed)"", ""Yenkesa"", ""(unnamed)"", ""Kalenkay"", ""Kutr"", ""Mayompo"", ""(unnamed)"", ""Matimpeh"", ""(unnamed)"", ""Malambay"", ""Rokothr"", ""Gbomkupr"", ""Robanka"", ""Kobia"", ""Mateti"", ""Masampa"", ""Makompa"", ""Yale-Bakeh"", ""Robana"", ""Rokel"", ""Romaneh"", ""Mayakie"", ""Ropet"", ""Menkiya"", ""Rolal"", ""Masankoro"", ""Benkeh - Sallie"", ""Korbolie"", ""Roloko"", ""Rokbop"", ""Madina"", ""Benkiya Wharf"", ""Royoka"", ""Wolaw"", ""Rofokor"", ""Fokaw"", ""Mambolo"", ""Rowollon"", ""Katema"", ""Makorth"", ""Kaineh"", ""Royark"", ""Katik"", ""Mankara"", ""Royoil"", ""Royeama"", ""Kasiri"", ""Tomaia"", ""Kabaya"", ""Mayorgbor"", ""Yenasapuya"", ""Mahay"", ""Kagbanha"", ""Rokontha"", ""Kagbulor"", ""Magboka"", ""Gbonkomaria"", ""Mafesone"", ""Mafuri"", ""Funkudeh"", ""Rochain"", ""Makumpan"", ""Masheri"", ""Lutty"", ""Kiampudi"", ""Kambiadi"", ""Rowula"", ""Kindoia"", ""Koya"", ""Gbonkomaparay"", ""Katakera"", ""Dumbuya"", ""Makoute"", ""Tintafol"", ""Rolal"", ""Mafofitima"", ""Mataety"", ""Gbonkomakent"", ""Fodaya"", ""Mabonkaw"", ""Saka"", ""Rogberay"", ""Gbainkfay"", ""Bambali"", ""Kain Filly"", ""Maroh"", ""Mamanki"", ""Keybon"", ""Kagbet"", ""Mafufuneh"", ""Tombo Walla"", ""Kianfil"", ""Kiamp - Dee Soraia"", ""Mataka"", ""Gberrka"", ""Bumbe"", ""Kagbungbaw"", ""Fodeia"", ""Kamayean"", ""Tambaia"", ""Bondie Mosque"", ""Tongbai"", ""Rokon Bana"", ""Layah"", ""Lungi"", ""Tassor"", ""Gbunkuia"", ""Forogoya"", ""Bumbe (At Bridge)"", ""Rochain"", ""Rotuk"", ""Bokaria"", ""Saymaya"", ""Matantu"", ""Yomforia"", ""Rokonbana"", ""Matemie"", ""Robenk"", ""Buraia"", ""Yongoro"", ""Hamdalaye"", ""Rokai"", ""Dar-Es Salaam"", ""Makatic"", ""Rokon"", ""Bapuya"", ""Rothain-Thalla"", ""Fonkoya"", ""Makorombo"", ""Matisaw"", ""Shimbeck"", ""Moribaia"", ""Kon-Femu"", ""(unnamed)"", ""Kila"", ""Rokupr"", ""Shekaia"", ""Konta"", ""Magbapsa"", ""Mayaki"", ""Sanguia"", ""Gonkormaseseh"", ""Makure"", ""Rotain"", ""Fodaia"", ""Makuma"", ""Rok-Toloh"", ""Bubuya"", ""Gbalan"", ""(unnamed)"", ""(unnamed)"", ""Gbonkor"", ""Rolal"", ""(unnamed)"", ""(unnamed)"", ""Pamaro"", ""Robat"", ""Bucha"", ""Kiragba"", ""Malal"", ""(unnamed)"", ""Komboya"", ""Banka Thalla"", ""Timbo"", ""Mafuri"", ""Pamalap"", ""(unnamed)"", ""(unnamed)"", ""Sindugu"", ""Royil"", ""Misilaia"", ""Bululaminaia"", ""Kania"", ""Manompu"", ""(unnamed)"", ""Mborna"", ""Gbonko-Thalla"", ""Masama"", ""Rolup"", ""Mane"", ""Manki"", ""Yama"", ""Karawane"", ""(unnamed)"", ""Kamba"", ""Mabugoli"", ""Kayankassa"", ""Rokantin"", ""Mapotolon"", ""(unnamed)"", ""Matukbu"", ""Makoi"", ""Kenedaf"", ""(unnamed)"", ""(unnamed)"", ""Maseba"", ""Kabaia"", ""(unnamed)"", ""Petifu"", ""Koria"", ""Magbema"", ""Suribulomia"", ""Saraia"", ""Magbeti"", ""Dimbaia"", ""Dintilipan"", ""Royel"", ""Bantomy"", ""Rolal-Kamathma"", ""Taliyi"", ""Kayenkesa"", ""Kelfalaia"", ""Maturane"", ""Kachick"", ""Sentai"", ""Kabaranka"", ""Gbongbor"", ""(unnamed)"", ""Rogbanthy"", ""Laya"", ""Ponka"", ""Benneh"", ""Magbengbe"", ""Tambaia"", ""Dibia"", ""Yema"", ""Rotun"", ""Pintikilie"", ""Makanka"", ""Gbinti"", ""Maron"", ""Kon-Bis"", ""Birun"", ""Lokoya"", ""Tanene"", ""Bom"", ""Masu"", ""Barmoi"", ""Malal"", ""Sumbuya"", ""Kayimbo-Lol"", ""Romaneh"", ""Romyema"", ""Robat"", ""Masene"", ""(unnamed)"", ""Kitenti"", ""Mafuri"", ""Karene"", ""(unnamed)"", ""Makoba"", ""(unnamed)"", ""Tauyia"", ""Pintikeli"", ""Maserie"", ""Mafaray"", ""Krima Kamp"", ""Mange"", ""Mayola"", ""Ribie"", ""Mafof"", ""Gberi"", ""Kambia"", ""Kambia"", ""Rolabie"", ""Kamalo"", ""Wula"", ""Kayenkisa"", ""Benna"", ""Bena"", ""Kukunadi"", ""Robomp"", ""Matinta"", ""Matilba"", ""Walibana"", ""Sheakaia"", ""Maselleh"", ""Laia"", ""Masutu"", ""Ka-Konta"", ""Gbalamuya"", ""Basia"", ""Petifu"", ""Katiri"", ""Malal"", ""Musaia"", ""Rotifunk"", ""Suriburaia"", ""Kampudi"", ""Sanama"", ""Timbo"", ""(unnamed)"", ""Mafafila"", ""Kotoeke"", ""Ka-Konkie"", ""Matidinga"", ""Masselleh"", ""Laia - Gboray"", ""Mafari"", ""Manki"", ""Ka-Dalu"", ""Lungi"", ""Kasoria"", ""Masumbala"", ""Kasengenta"", ""Sumbuya"", ""Kasonya"", ""Samaia"", ""Konta"", ""Kindia"", ""Madina"", ""Mafari"", ""Ka-Sasi"", ""Madembae"", ""Kagboto"", ""Kamattoto"", ""Furikaria"", ""Kafanye"", ""Kagboria-Kamafera"", ""Bubuya"", ""Kamabendefay"", ""Matara"", ""Kasimbara"", ""Kabaya"", ""Maton"", ""Kamagbewu"", ""Ka-Konta"", ""Kongatalla"", ""Kamalo"", ""Kundaia"", ""Miligi"", ""Ka-Matama"", ""Mabanda"", ""Fotori"", ""Madine"", ""Mayehe"", ""N'Yagbanta"", ""Tantini"", ""Petifu"", ""Laiadi"", ""Fodia"", ""Leni"", ""Ka-Fanta"", ""Yankambu"", ""Limri"", ""Ka-Katula"", ""Madina Junction"", ""Kabaia"", ""Ka-Yanka-Kagbag"", ""Yibaia"", ""(unnamed)"", ""Sheakaia"", ""Ka-Soeleh"", ""Matoto"", ""Mawala Katante"", ""Puntun"", ""Wongkifu"", ""(unnamed)"", ""Kasobo"", ""Modia"", ""Ka-Linti"", ""Konte"", ""Basa"", ""Gbulun"", ""Malal"", ""Kasakundi"", ""Kasikhuri"", ""Mabala"", ""Mabanta"", ""Robat"", ""Bimbaiya"", ""Masasa"", ""Dibo"", ""Fasinaia"", ""Kukuna"", ""Sitafaia"", ""Kabaia"", ""Berekhuri"", ""Mahinti"", ""Sasa"", ""Kalikhuri"", ""Kuradara"", ""Tonia"", ""Soli"", ""Susudara"", ""Yoka-Iri"", ""Dakanene"", ""Tambi"", ""Berekhuri"", ""Yiriki"", ""Luria"", ""Bugami"", ""Yomboro Duladi"", ""Bendia"", ""Sendakha"", ""Yomboro Konta"", ""Kufuru"", ""Kilitewondi"", ""Yankone"", ""Konta"", ""Kurumbunia"", ""Borobofu"", ""Tambakura""]",Disconnected polygon component; identity as island or administrative fragment not independently established.
gb:SLE:ADM2:65957751B7874629800584,Kambia,Sierra Leone,SL0501,1,20,0.631816,"[-13.152079200999935, 8.853720500000122, -13.138553099999967, 8.862443400000132]",0,[],Disconnected polygon component; identity as island or administrative fragment not independently established.
gb:SLE:ADM2:65957751B7874629800584,Kambia,Sierra Leone,SL0501,2,20,0.725824,"[-13.144970600999898, 8.856666000000132, -13.132462499999974, 8.86990730000008]",0,[],Disconnected polygon component; identity as island or administrative fragment not independently established.
gb:SLE:ADM2:65957751B7874629800584,Kambia,Sierra Leone,SL0501,3,20,0.421453,"[-13.164966600999946, 8.867445900000178, -13.150948899999833, 8.876827000000105]",0,[],Disconnected polygon component; identity as island or administrative fragment not independently established.
gb:SLE:ADM2:65957751B7874629800584,Kambia,Sierra Leone,SL0501,4,20,1.361634,"[-13.171159900999896, 8.868254600000114, -13.14663570099998, 8.88760990000003]",0,[],Disconnected polygon component; identity as island or administrative fragment not independently established.
gb:SLE:ADM2:65957751B7874629800584,Kambia,Sierra Leone,SL0501,5,20,2.023401,"[-13.159678499999927, 8.869864200000052, -13.140700600999935, 8.891861300000073]",0,[],Disconnected polygon component; identity as island or administrative fragment not independently established.
gb:SLE:ADM2:65957751B7874629800584,Kambia,Sierra Leone,SL0501,6,20,0.161147,"[-13.1656463999999, 8.889230300000122, -13.16004049999998, 8.893186400000104]",0,[],Disconnected polygon component; identity as island or administrative fragment not independently established.
gb:SLE:ADM2:65957751B7874629800584,Kambia,Sierra Leone,SL0501,7,20,0.111364,"[-13.172890699999869, 8.891368000000114, -13.168567099999962, 8.89404740000009]",0,[],Disconnected polygon component; identity as island or administrative fragment not independently established.
gb:SLE:ADM2:65957751B7874629800584,Kambia,Sierra Leone,SL0501,8,20,0.169684,"[-13.16234789999993, 8.902097900000058, -13.156694, 8.905744200000129]",0,[],Disconnected polygon component; identity as island or administrative fragment not independently established.
gb:SLE:ADM2:65957751B7874629800584,Kambia,Sierra Leone,SL0501,9,20,0.250569,"[-13.204112099999975, 8.906053199000041, -13.196465599999954, 8.911939699000186]",0,[],Disconnected polygon component; identity as island or administrative fragment not independently established.
gb:SLE:ADM2:65957751B7874629800584,Kambia,Sierra Leone,SL0501,10,20,10.351222,"[-13.23886159999995, 8.887038600000153, -13.197933699999965, 8.92248440000003]",0,[],Disconnected polygon component; identity as island or administrative fragment not independently established.
gb:SLE:ADM2:65957751B7874629800584,Kambia,Sierra Leone,SL0501,11,20,0.045514,"[-13.119028199999946, 8.921425200000158, -13.116654199999914, 8.92540020000007]",0,[],Disconnected polygon component; identity as island or administrative fragment not independently established.
gb:SLE:ADM2:65957751B7874629800584,Kambia,Sierra Leone,SL0501,12,20,3.730977,"[-13.148177799999871, 8.898046600000043, -13.117177, 8.926941400000032]",0,[],Disconnected polygon component; identity as island or administrative fragment not independently established.
gb:SLE:ADM2:65957751B7874629800584,Kambia,Sierra Leone,SL0501,13,20,0.389094,"[-13.065472499999942, 8.923468900000103, -13.055379699999946, 8.9289035]",0,[],Disconnected polygon component; identity as island or administrative fragment not independently established.
gb:SLE:ADM2:65957751B7874629800584,Kambia,Sierra Leone,SL0501,14,20,7.123349,"[-13.0895076999999, 8.926433200000076, -13.045566999999892, 8.952933799999983]",1,"[""Kamem""]",Disconnected polygon component; identity as island or administrative fragment not independently established.
gb:SLE:ADM2:65957751B7874629800584,Kambia,Sierra Leone,SL0501,15,20,33.129993,"[-13.232990899999947, 8.907706, -13.140737698999942, 8.979374400000154]",10,"[""Balensera Wharf"", ""Magbema"", ""Rogbom"", ""Rosata"", ""Kipimp"", ""Bonga"", ""Kpunga"", ""(unnamed)"", ""Mayoroh"", ""Pomwalal""]",Disconnected polygon component; identity as island or administrative fragment not independently established.
gb:SLE:ADM2:65957751B7874629800584,Kambia,Sierra Leone,SL0501,16,20,1.942749,"[-13.197219399999938, 8.963706500000171, -13.181354299999896, 8.979771]",0,[],Disconnected polygon component; identity as island or administrative fragment not independently established.
gb:SLE:ADM2:65957751B7874629800584,Kambia,Sierra Leone,SL0501,17,20,0.02812,"[-13.186469599999953, 8.982735699000159, -13.184365199999888, 8.98457970000004]",0,[],Disconnected polygon component; identity as island or administrative fragment not independently established.
gb:SLE:ADM2:65957751B7874629800584,Kambia,Sierra Leone,SL0501,18,20,0.409584,"[-13.25774719999987, 8.989463400000034, -13.244757500999981, 8.996785300000113]",0,[],Disconnected polygon component; identity as island or administrative fragment not independently established.
gb:SLE:ADM2:65957751B7874629800584,Kambia,Sierra Leone,SL0501,19,20,0.008405,"[-13.258065099999953, 9.015624400000092, -13.256859800999905, 9.016661200000101]",0,[],Disconnected polygon component; identity as island or administrative fragment not independently established.
gb:SLE:ADM2:65957751B90425188102960,Bonthe,Sierra Leone,SL0302,0,83,2878.664116,"[-12.547606299999927, 7.191690924000056, -11.878120838999962, 7.807827919000033]",178,"[""Yeni"", ""Tisana"", ""Mogbewa"", ""Mattru"", ""Mina"", ""Vile"", ""Mano"", ""Gbaan"", ""Mabompa"", ""Subu"", ""Kasseh"", ""Bondebu"", ""Mesima"", ""Gbeli"", ""Gondama"", ""Kase"", ""Maikel"", ""Gbamani"", ""Gbembu"", ""Hahun"", ""Tuso"", ""Tuakam"", ""Mani"", ""Yah"", ""Ruko"", ""Yoni"", ""(unnamed)"", ""Yile"", ""Waima"", ""Kanga"", ""Baoma"", ""Batahol"", ""Samie"", ""Periwahun"", ""Nyandehun"", ""Kartin"", ""Gbap"", ""(unnamed)"", ""Mocharch"", ""Gbehan"", ""Lopa"", ""(unnamed)"", ""Tangeima"", ""Bullom Town"", ""Mobe"", ""Bandajuma"", ""Bohol"", ""Sembehun"", ""Boto"", ""Garinga"", ""Bohol"", ""Gondama"", ""Komende"", ""Gondama"", ""Senehun"", ""Petewoma"", ""Dama"", ""Mesima"", ""Moseba"", ""Giehun"", ""Masahun"", ""Koyema"", ""Mamu"", ""(unnamed)"", ""Gondama"", ""Gumassa"", ""Fowah"", ""(unnamed)"", ""Sargor"", ""(unnamed)"", ""Mesima"", ""(unnamed)"", ""(unnamed)"", ""(unnamed)"", ""(unnamed)"", ""Naaba"", ""Mojigba"", ""(unnamed)"", ""Mosalay"", ""Gordie"", ""Lomboko"", ""(unnamed)"", ""Gbenbu"", ""Ngieya"", ""Mambwema"", ""Baka"", ""Jenneh"", ""Mokasi"", ""Taso"", ""Jopowahun"", ""Motifu"", ""Manjama"", ""(unnamed)"", ""Mokosie"", ""Pendembu"", ""(unnamed)"", ""Nyondehun"", ""Blama"", ""Talia"", ""Periwehun"", ""(unnamed)"", ""Kebawana"", ""Manjama"", ""Pelewahun"", ""Gewojahun"", ""Babu"", ""Baoma Kpenge"", ""Kamato"", ""Kpawama"", ""Malema"", ""Kengesi"", ""(unnamed)"", ""(unnamed)"", ""Mindohun"", ""Mandu"", ""Kongo"", ""Dambara"", ""Tongo Field"", ""Tuk"", ""Lilema"", ""(unnamed)"", ""Hahun"", ""Gondama"", ""(unnamed)"", ""(unnamed)"", ""(unnamed)"", ""(unnamed)"", ""Kente"", ""Gbaninga"", ""Gubaru"", ""Balo"", ""Gbaninga"", ""Ngueh"", ""Mojajua"", ""Baoma"", ""Bomemahun"", ""Mano"", ""Kpowuibu"", ""Benti"", ""Bendu Town"", ""Mokenewa"", ""Moseibom"", ""Bahama"", ""Tanfoi"", ""Mobefah"", ""Mosimbo"", ""Dipala"", ""Mosanjo"", ""Megi"", ""Gola"", ""Moburi"", ""Sa"", ""Mobuli"", ""Kanga"", ""Baha"", ""(unnamed)"", ""Sembehun"", ""Njala"", ""Gibina"", ""Wombe"", ""Mokaikele"", ""Batoke"", ""Mabombo"", ""Funiko"", ""Baiamawa"", ""Moliko"", ""Moyorgboh"", ""Tonsu"", ""Gerehun"", ""Tihun"", ""Keyehun"", ""Karleh"", ""Grima"", ""(unnamed)"", ""Semabu"", ""Nyandehun"", ""Naijeh"", ""Bauya""]",Disconnected polygon component; identity as island or administrative fragment not independently established.
gb:SLE:ADM2:65957751B90425188102960,Bonthe,Sierra Leone,SL0302,1,83,0.008097,"[-12.389169399999957, 7.398854, -12.387449698999944, 7.400046899000017]",0,[],Disconnected polygon component; identity as island or administrative fragment not independently established.
gb:SLE:ADM2:65957751B90425188102960,Bonthe,Sierra Leone,SL0302,2,83,0.014097,"[-12.572112999999888, 7.402235999000141, -12.570955, 7.404173000000128]",0,[],Disconnected polygon component; identity as island or administrative fragment not independently established.
gb:SLE:ADM2:65957751B90425188102960,Bonthe,Sierra Leone,SL0302,3,83,0.342746,"[-12.411310599999865, 7.408316800000136, -12.400194899999917, 7.415707899000154]",0,[],Disconnected polygon component; identity as island or administrative fragment not independently established.
gb:SLE:ADM2:65957751B90425188102960,Bonthe,Sierra Leone,SL0302,4,83,0.122624,"[-12.4490396999999, 7.412988700000142, -12.44445629899991, 7.417119300000138]",0,[],Disconnected polygon component; identity as island or administrative fragment not independently established.
gb:SLE:ADM2:65957751B90425188102960,Bonthe,Sierra Leone,SL0302,5,83,0.750192,"[-12.448593, 7.410953599999971, -12.431787699999859, 7.417177700000025]",0,[],Disconnected polygon component; identity as island or administrative fragment not independently established.
gb:SLE:ADM2:65957751B90425188102960,Bonthe,Sierra Leone,SL0302,6,83,0.254976,"[-12.440784399999927, 7.415084100000172, -12.428449299999954, 7.418479100000013]",0,[],Disconnected polygon component; identity as island or administrative fragment not independently established.
gb:SLE:ADM2:65957751B90425188102960,Bonthe,Sierra Leone,SL0302,7,83,0.036582,"[-12.444559699999957, 7.417363299000158, -12.44082249999991, 7.418637999000111]",0,[],Disconnected polygon component; identity as island or administrative fragment not independently established.
gb:SLE:ADM2:65957751B90425188102960,Bonthe,Sierra Leone,SL0302,8,83,0.107765,"[-12.47043409999992, 7.416215799999975, -12.462908499999969, 7.419497600000113]",0,[],Disconnected polygon component; identity as island or administrative fragment not independently established.
gb:SLE:ADM2:65957751B90425188102960,Bonthe,Sierra Leone,SL0302,9,83,0.020977,"[-12.406177299999968, 7.418486800000153, -12.403591399999925, 7.419528899000113]",0,[],Disconnected polygon component; identity as island or administrative fragment not independently established.
gb:SLE:ADM2:65957751B90425188102960,Bonthe,Sierra Leone,SL0302,10,83,3.365856,"[-12.422325998999895, 7.394145300000162, -12.36595669899998, 7.4204]",0,[],Disconnected polygon component; identity as island or administrative fragment not independently established.
gb:SLE:ADM2:65957751B90425188102960,Bonthe,Sierra Leone,SL0302,11,83,0.11078,"[-12.435143098999902, 7.418327200000078, -12.42675319999995, 7.420783900000117]",0,[],Disconnected polygon component; identity as island or administrative fragment not independently established.
gb:SLE:ADM2:65957751B90425188102960,Bonthe,Sierra Leone,SL0302,12,83,0.082031,"[-12.38930119999992, 7.416038900000103, -12.38711509999996, 7.421144600000105]",0,[],Disconnected polygon component; identity as island or administrative fragment not independently established.
gb:SLE:ADM2:65957751B90425188102960,Bonthe,Sierra Leone,SL0302,13,83,0.048123,"[-12.402279899999883, 7.423800500000141, -12.398332699999969, 7.425181800000018]",0,[],Disconnected polygon component; identity as island or administrative fragment not independently established.
gb:SLE:ADM2:65957751B90425188102960,Bonthe,Sierra Leone,SL0302,14,83,2.642522,"[-12.4054157999999, 7.403203100000155, -12.365372599999887, 7.425392800000111]",0,[],Disconnected polygon component; identity as island or administrative fragment not independently established.
gb:SLE:ADM2:65957751B90425188102960,Bonthe,Sierra Leone,SL0302,15,83,1.571179,"[-12.431976099999815, 7.419341699000086, -12.402889598999877, 7.428380600000025]",0,[],Disconnected polygon component; identity as island or administrative fragment not independently established.
gb:SLE:ADM2:65957751B90425188102960,Bonthe,Sierra Leone,SL0302,16,83,0.218148,"[-12.504062199999964, 7.428508800000145, -12.499882199999945, 7.435165]",0,[],Disconnected polygon component; identity as island or administrative fragment not independently established.
gb:SLE:ADM2:65957751B90425188102960,Bonthe,Sierra Leone,SL0302,17,83,0.198472,"[-12.48385739999992, 7.430565100000138, -12.47963200099997, 7.436641000000122]",0,[],Disconnected polygon component; identity as island or administrative fragment not independently established.
gb:SLE:ADM2:65957751B90425188102960,Bonthe,Sierra Leone,SL0302,18,83,0.199499,"[-12.489835, 7.440207600000178, -12.482997, 7.445546301000036]",0,[],Disconnected polygon component; identity as island or administrative fragment not independently established.
gb:SLE:ADM2:65957751B90425188102960,Bonthe,Sierra Leone,SL0302,19,83,1.284439,"[-12.49573879999997, 7.42977, -12.48204, 7.447921399999984]",0,[],Disconnected polygon component; identity as island or administrative fragment not independently established.
gb:SLE:ADM2:65957751B90425188102960,Bonthe,Sierra Leone,SL0302,20,83,0.23345,"[-12.499626700999954, 7.446151400000076, -12.494550699999877, 7.453073200000119]",0,[],Disconnected polygon component; identity as island or administrative fragment not independently established.
gb:SLE:ADM2:65957751B90425188102960,Bonthe,Sierra Leone,SL0302,21,83,0.006495,"[-12.516335999999853, 7.456925000000126, -12.51529799999986, 7.45795]",0,[],Disconnected polygon component; identity as island or administrative fragment not independently established.
gb:SLE:ADM2:65957751B90425188102960,Bonthe,Sierra Leone,SL0302,22,83,0.084505,"[-12.500833600999954, 7.466135800000188, -12.497212899999965, 7.468869]",0,[],Disconnected polygon component; identity as island or administrative fragment not independently established.
gb:SLE:ADM2:65957751B90425188102960,Bonthe,Sierra Leone,SL0302,23,83,0.381557,"[-12.516806899999892, 7.465319400000112, -12.508713699999873, 7.470537400000069]",0,[],Disconnected polygon component; identity as island or administrative fragment not independently established.
gb:SLE:ADM2:65957751B90425188102960,Bonthe,Sierra Leone,SL0302,24,83,0.004885,"[-12.50848, 7.476970000000108, -12.507447, 7.477739]",0,[],Disconnected polygon component; identity as island or administrative fragment not independently established.
gb:SLE:ADM2:65957751B90425188102960,Bonthe,Sierra Leone,SL0302,25,83,0.001622,"[-12.494925, 7.500846, -12.494664, 7.501363]",0,[],Disconnected polygon component; identity as island or administrative fragment not independently established.
gb:SLE:ADM2:65957751B90425188102960,Bonthe,Sierra Leone,SL0302,26,83,0.004374,"[-12.494404, 7.500714100000039, -12.493675100999894, 7.501618]",0,[],Disconnected polygon component; identity as island or administrative fragment not independently established.
gb:SLE:ADM2:65957751B90425188102960,Bonthe,Sierra Leone,SL0302,27,83,0.001622,"[-12.495697, 7.501108000000102, -12.495436, 7.501625000000104]",0,[],Disconnected polygon component; identity as island or administrative fragment not independently established.
gb:SLE:ADM2:65957751B90425188102960,Bonthe,Sierra Leone,SL0302,28,83,0.602227,"[-12.502409299999954, 7.496897600000068, -12.495587, 7.50841680000002]",0,[],Disconnected polygon component; identity as island or administrative fragment not independently established.
gb:SLE:ADM2:65957751B90425188102960,Bonthe,Sierra Leone,SL0302,29,83,0.028152,"[-12.498751499999912, 7.508159601000102, -12.497105699999906, 7.510191600000098]",0,[],Disconnected polygon component; identity as island or administrative fragment not independently established.
gb:SLE:ADM2:65957751B90425188102960,Bonthe,Sierra Leone,SL0302,30,83,0.063378,"[-12.501035399999978, 7.509368800000061, -12.498768299999881, 7.513903]",0,[],Disconnected polygon component; identity as island or administrative fragment not independently established.
gb:SLE:ADM2:65957751B90425188102960,Bonthe,Sierra Leone,SL0302,31,83,0.307047,"[-12.492936799999939, 7.505918700000052, -12.488892199999952, 7.515529000000129]",0,[],Disconnected polygon component; identity as island or administrative fragment not independently established.
gb:SLE:ADM2:65957751B90425188102960,Bonthe,Sierra Leone,SL0302,32,83,0.596735,"[-12.49868319999996, 7.501283900000089, -12.490339099999915, 7.519752300000164]",0,[],Disconnected polygon component; identity as island or administrative fragment not independently established.
gb:SLE:ADM2:65957751B90425188102960,Bonthe,Sierra Leone,SL0302,33,83,0.791646,"[-12.479106199999933, 7.512527400000124, -12.470673700999953, 7.528538500000082]",0,[],Disconnected polygon component; identity as island or administrative fragment not independently established.
gb:SLE:ADM2:65957751B90425188102960,Bonthe,Sierra Leone,SL0302,34,83,0.654893,"[-12.491601300999946, 7.520807900000079, -12.482385100999977, 7.535707400000092]",0,[],Disconnected polygon component; identity as island or administrative fragment not independently established.
gb:SLE:ADM2:65957751B90425188102960,Bonthe,Sierra Leone,SL0302,35,83,0.007207,"[-12.507813599999906, 7.543415, -12.507037599999933, 7.544705]",0,[],Disconnected polygon component; identity as island or administrative fragment not independently established.
gb:SLE:ADM2:65957751B90425188102960,Bonthe,Sierra Leone,SL0302,36,83,3.603904,"[-12.477079699999933, 7.521497800000191, -12.458154200999957, 7.544772999000145]",0,[],Disconnected polygon component; identity as island or administrative fragment not independently established.
gb:SLE:ADM2:65957751B90425188102960,Bonthe,Sierra Leone,SL0302,37,83,0.003847,"[-12.50780159999988, 7.546506, -12.507024599999909, 7.547021]",0,[],Disconnected polygon component; identity as island or administrative fragment not independently established.
gb:SLE:ADM2:65957751B90425188102960,Bonthe,Sierra Leone,SL0302,38,83,0.761264,"[-12.496875000999978, 7.532020900000077, -12.491345300999967, 7.54753490000013]",0,[],Disconnected polygon component; identity as island or administrative fragment not independently established.
gb:SLE:ADM2:65957751B90425188102960,Bonthe,Sierra Leone,SL0302,39,83,0.288886,"[-12.439217299999939, 7.543743, -12.431799799999965, 7.547869600000126]",0,[],Disconnected polygon component; identity as island or administrative fragment not independently established.
gb:SLE:ADM2:65957751B90425188102960,Bonthe,Sierra Leone,SL0302,40,83,0.839282,"[-12.380870300999902, 7.537631499000042, -12.367941999999857, 7.549515]",0,[],Disconnected polygon component; identity as island or administrative fragment not independently established.
gb:SLE:ADM2:65957751B90425188102960,Bonthe,Sierra Leone,SL0302,41,83,0.488525,"[-12.482385100999977, 7.5426708, -12.472042499999873, 7.550709300000051]",0,[],Disconnected polygon component; identity as island or administrative fragment not independently established.
gb:SLE:ADM2:65957751B90425188102960,Bonthe,Sierra Leone,SL0302,42,83,0.206525,"[-12.367354399999897, 7.548078600000167, -12.363697899999977, 7.555326200000138]",0,[],Disconnected polygon component; identity as island or administrative fragment not independently established.
gb:SLE:ADM2:65957751B90425188102960,Bonthe,Sierra Leone,SL0302,43,83,0.021217,"[-12.534115400999838, 7.553828400000043, -12.532374300999948, 7.5554406]",0,[],Disconnected polygon component; identity as island or administrative fragment not independently established.
gb:SLE:ADM2:65957751B90425188102960,Bonthe,Sierra Leone,SL0302,44,83,0.204682,"[-12.364437000999942, 7.557258900000022, -12.35883740099996, 7.563903300000163]",0,[],Disconnected polygon component; identity as island or administrative fragment not independently established.
gb:SLE:ADM2:65957751B90425188102960,Bonthe,Sierra Leone,SL0302,45,83,0.365068,"[-12.469071499999927, 7.559547300000133, -12.46363749999989, 7.566893400000083]",0,[],Disconnected polygon component; identity as island or administrative fragment not independently established.
gb:SLE:ADM2:65957751B90425188102960,Bonthe,Sierra Leone,SL0302,46,83,0.287471,"[-12.469005799999877, 7.56496850000002, -12.459611299999835, 7.57231180000008]",0,[],Disconnected polygon component; identity as island or administrative fragment not independently established.
gb:SLE:ADM2:65957751B90425188102960,Bonthe,Sierra Leone,SL0302,47,83,0.028007,"[-12.473641499999928, 7.571831900000177, -12.472109199999977, 7.574653000000183]",0,[],Disconnected polygon component; identity as island or administrative fragment not independently established.
gb:SLE:ADM2:65957751B90425188102960,Bonthe,Sierra Leone,SL0302,48,83,0.123288,"[-12.475104299999884, 7.5737474, -12.471226299999955, 7.580889300000138]",0,[],Disconnected polygon component; identity as island or administrative fragment not independently established.
gb:SLE:ADM2:65957751B90425188102960,Bonthe,Sierra Leone,SL0302,49,83,0.036117,"[-12.904169, 7.576914, -12.900573, 7.581054]",0,[],Disconnected polygon component; identity as island or administrative fragment not independently established.
gb:SLE:ADM2:65957751B90425188102960,Bonthe,Sierra Leone,SL0302,50,83,0.496593,"[-12.929322699999886, 7.583995, -12.921229299999936, 7.592063400000086]",0,[],Disconnected polygon component; identity as island or administrative fragment not independently established.
gb:SLE:ADM2:65957751B90425188102960,Bonthe,Sierra Leone,SL0302,51,83,5.246313,"[-13.000844, 7.564542, -12.965135099999884, 7.592987800000174]",1,"[""Yele""]",Disconnected polygon component; identity as island or administrative fragment not independently established.
gb:SLE:ADM2:65957751B90425188102960,Bonthe,Sierra Leone,SL0302,52,83,0.001625,"[-13.001973, 7.592848000000174, -13.001455, 7.593108]",0,[],Disconnected polygon component; identity as island or administrative fragment not independently established.
gb:SLE:ADM2:65957751B90425188102960,Bonthe,Sierra Leone,SL0302,53,83,1.069299,"[-12.484168, 7.581839500000058, -12.474248599999896, 7.596983500000022]",0,[],Disconnected polygon component; identity as island or administrative fragment not independently established.
gb:SLE:ADM2:65957751B90425188102960,Bonthe,Sierra Leone,SL0302,54,83,0.005098,"[-12.981555, 7.596878000000174, -12.980518, 7.597648000000106]",0,[],Disconnected polygon component; identity as island or administrative fragment not independently established.
gb:SLE:ADM2:65957751B90425188102960,Bonthe,Sierra Leone,SL0302,55,83,0.301263,"[-12.482825799999944, 7.59206290000003, -12.474805699999877, 7.598965]",0,[],Disconnected polygon component; identity as island or administrative fragment not independently established.
gb:SLE:ADM2:65957751B90425188102960,Bonthe,Sierra Leone,SL0302,56,83,1.812761,"[-13.021033999999872, 7.59042600000015, -13.001839, 7.604784000000109]",0,[],Disconnected polygon component; identity as island or administrative fragment not independently established.
gb:SLE:ADM2:65957751B90425188102960,Bonthe,Sierra Leone,SL0302,57,83,0.524977,"[-12.613247499999943, 7.597508800000128, -12.606282, 7.608988000000124]",0,[],Disconnected polygon component; identity as island or administrative fragment not independently established.
gb:SLE:ADM2:65957751B90425188102960,Bonthe,Sierra Leone,SL0302,58,83,48.013443,"[-12.593504199999927, 7.545150700000022, -12.49327630099998, 7.61344970000016]",6,"[""Foya"", ""Pujehun"", ""Bomatok"", ""Macauley Island"", ""Periwahun"", ""Yangisei""]",Disconnected polygon component; identity as island or administrative fragment not independently established.
gb:SLE:ADM2:65957751B90425188102960,Bonthe,Sierra Leone,SL0302,59,83,0.017585,"[-13.012708, 7.616861000000142, -13.010116, 7.618911000000139]",0,[],Disconnected polygon component; identity as island or administrative fragment not independently established.
gb:SLE:ADM2:65957751B90425188102960,Bonthe,Sierra Leone,SL0302,60,83,3.340207,"[-12.508040299999948, 7.603959800000098, -12.47796429999994, 7.621157700000026]",0,[],Disconnected polygon component; identity as island or administrative fragment not independently established.
gb:SLE:ADM2:65957751B90425188102960,Bonthe,Sierra Leone,SL0302,61,83,0.031919,"[-12.805581499999903, 7.620709200000078, -12.803423799999962, 7.6223319]",0,[],Disconnected polygon component; identity as island or administrative fragment not independently established.
gb:SLE:ADM2:65957751B90425188102960,Bonthe,Sierra Leone,SL0302,62,83,0.007112,"[-13.071822, 7.622024000000124, -13.070527, 7.622792]",0,[],Disconnected polygon component; identity as island or administrative fragment not independently established.
gb:SLE:ADM2:65957751B90425188102960,Bonthe,Sierra Leone,SL0302,63,83,0.021818,"[-13.01087299999989, 7.621487000000116, -13.00894, 7.623037000000124]",0,[],Disconnected polygon component; identity as island or administrative fragment not independently established.
gb:SLE:ADM2:65957751B90425188102960,Bonthe,Sierra Leone,SL0302,64,83,0.314311,"[-12.917802499999823, 7.616417600000034, -12.909681299999932, 7.623339400000077]",0,[],Disconnected polygon component; identity as island or administrative fragment not independently established.
gb:SLE:ADM2:65957751B90425188102960,Bonthe,Sierra Leone,SL0302,65,83,0.004056,"[-13.067681999999877, 7.62380800000011, -13.066906, 7.62458]",0,[],Disconnected polygon component; identity as island or administrative fragment not independently established.
gb:SLE:ADM2:65957751B90425188102960,Bonthe,Sierra Leone,SL0302,66,83,0.004057,"[-13.065098, 7.624053000000117, -13.064578, 7.624826000000155]",0,[],Disconnected polygon component; identity as island or administrative fragment not independently established.
gb:SLE:ADM2:65957751B90425188102960,Bonthe,Sierra Leone,SL0302,67,83,0.377023,"[-13.070650999999884, 7.605222, -13.059096, 7.625622000000135]",0,[],Disconnected polygon component; identity as island or administrative fragment not independently established.
gb:SLE:ADM2:65957751B90425188102960,Bonthe,Sierra Leone,SL0302,68,83,0.015823,"[-13.009572, 7.62483200000014, -13.007761, 7.626379]",0,[],Disconnected polygon component; identity as island or administrative fragment not independently established.
gb:SLE:ADM2:65957751B90425188102960,Bonthe,Sierra Leone,SL0302,69,83,0.006304,"[-13.004655, 7.62713, -13.003873999999882, 7.628417]",0,[],Disconnected polygon component; identity as island or administrative fragment not independently established.
gb:SLE:ADM2:65957751B90425188102960,Bonthe,Sierra Leone,SL0302,70,83,0.138435,"[-12.505608399999971, 7.626095600000042, -12.50139819999987, 7.631358300000102]",0,[],Disconnected polygon component; identity as island or administrative fragment not independently established.
gb:SLE:ADM2:65957751B90425188102960,Bonthe,Sierra Leone,SL0302,71,83,0.049981,"[-12.958494099999939, 7.629016900000181, -12.953358599999945, 7.632711300000153]",0,[],Disconnected polygon component; identity as island or administrative fragment not independently established.
gb:SLE:ADM2:65957751B90425188102960,Bonthe,Sierra Leone,SL0302,72,83,0.295477,"[-12.561196199999927, 7.630224200000043, -12.553974899999957, 7.635882800000161]",0,[],Disconnected polygon component; identity as island or administrative fragment not independently established.
gb:SLE:ADM2:65957751B90425188102960,Bonthe,Sierra Leone,SL0302,73,83,0.001623,"[-13.006679, 7.636156, -13.006417999999883, 7.636673]",0,[],Disconnected polygon component; identity as island or administrative fragment not independently established.
gb:SLE:ADM2:65957751B90425188102960,Bonthe,Sierra Leone,SL0302,74,83,0.039348,"[-13.006162, 7.635894, -13.00305, 7.64001]",0,[],Disconnected polygon component; identity as island or administrative fragment not independently established.
gb:SLE:ADM2:65957751B90425188102960,Bonthe,Sierra Leone,SL0302,75,83,556.253127,"[-12.958669799999882, 7.388145199000121, -12.49962789999995, 7.64119600000015]",84,"[""Mania"", ""Bilo"", ""(unnamed)"", ""Bamba"", ""(unnamed)"", ""(unnamed)"", ""Dinga"", ""(unnamed)"", ""Wa"", ""Waah"", ""(unnamed)"", ""(unnamed)"", ""(unnamed)"", ""(unnamed)"", ""Gimai"", ""Yeman"", ""Tengisa"", ""Mogbovu"", ""Sanbengu"", ""Dibia"", ""Sabi"", ""Yoni"", ""(unnamed)"", ""Hendo"", ""Balalo"", ""Mokolo"", ""Bango"", ""Movaudi"", ""Fakaisana"", ""Giehun"", ""Gbie"", ""Polbo"", ""Bambe"", ""Mange"", ""San"", ""Mokombi"", ""Taldale"", ""Kobo"", ""Gbin"", ""Bomatok"", ""Bemebu"", ""Belbul"", ""Danda"", ""Bunge"", ""Gbonko Talia"", ""Balalo"", ""Sherbro Island"", ""Tamful"", ""Bachalo"", ""Bobe"", ""Petewoma"", ""Madina"", ""Balalo"", ""Tangabu"", ""Foya"", ""Talayin"", ""Tatama"", ""Goabu"", ""Wale"", ""Torakeni"", ""Gbonkobe"", ""Yo"", ""Dablama"", ""Bachalo"", ""Manjabai"", ""Tim"", ""Sembehun"", ""Mogbago"", ""Bonge"", ""Matakan"", ""Tombay"", ""Baoma"", ""Machan"", ""Konolo"", ""Thunman"", ""Mambuya"", ""Jopowahun"", ""Delken"", ""Pakandi"", ""Pekam"", ""Sand Point"", ""Nyandehun"", ""Sahama"", ""Yenkin""]",Disconnected polygon component; identity as island or administrative fragment not independently established.
gb:SLE:ADM2:65957751B90425188102960,Bonthe,Sierra Leone,SL0302,76,83,1.147066,"[-13.00668, 7.629448000000139, -12.989382, 7.642547]",0,[],Disconnected polygon component; identity as island or administrative fragment not independently established.
gb:SLE:ADM2:65957751B90425188102960,Bonthe,Sierra Leone,SL0302,77,83,0.002438,"[-13.011513, 7.651895, -13.010993999999869, 7.652412]",0,[],Disconnected polygon component; identity as island or administrative fragment not independently established.
gb:SLE:ADM2:65957751B90425188102960,Bonthe,Sierra Leone,SL0302,78,83,0.014711,"[-13.010996, 7.6515050000001, -13.008931, 7.652659]",0,[],Disconnected polygon component; identity as island or administrative fragment not independently established.
gb:SLE:ADM2:65957751B90425188102960,Bonthe,Sierra Leone,SL0302,79,83,6.849143,"[-12.555537700999878, 7.624026300000082, -12.52094319999992, 7.658053700000153]",0,[],Disconnected polygon component; identity as island or administrative fragment not independently established.
gb:SLE:ADM2:65957751B90425188102960,Bonthe,Sierra Leone,SL0302,80,83,6.243634,"[-13.065957, 7.617527, -13.021303, 7.660853000000145]",0,[],Disconnected polygon component; identity as island or administrative fragment not independently established.
gb:SLE:ADM2:65957751B90425188102960,Bonthe,Sierra Leone,SL0302,81,83,0.690494,"[-13.073666, 7.670055000000161, -13.056346, 7.676727000000142]",0,[],Disconnected polygon component; identity as island or administrative fragment not independently established.
gb:SLE:ADM2:65957751B90425188102960,Bonthe,Sierra Leone,SL0302,82,83,4.422285,"[-12.540314199999898, 7.693262800000127, -12.515954099999874, 7.716210600000124]",0,[],Disconnected polygon component; identity as island or administrative fragment not independently established.
gb:SLE:ADM2:65957751B90762568654783,Port Loko,Sierra Leone,SL0503,0,22,4605.274112,"[-13.24851839999991, 8.258829109000146, -12.290067172999954, 9.032241781000039]",676,"[""Mosogbul"", ""Gbane"", ""Mojusu"", ""Gbailo"", ""Makeson"", ""Kigbal"", ""Makoba"", ""Makoi"", ""Jabama"", ""Masiafa"", ""Masantigi"", ""Sbongo"", ""Batpo"", ""Maballay"", ""Makambori"", ""Songo Village"", ""Mamboima"", ""Robis"", ""Magbandoma"", ""Yemere"", ""Makuntor Koya"", ""Magbana"", ""Matanko"", ""Mabokari"", ""Matombo"", ""Makabi"", ""Matongbai"", ""Mayomra"", ""Mafengeri"", ""Grima"", ""Mabamba"", ""Mafemgbe"", ""Malanko"", ""Makoloh Junction"", ""Masoko"", ""Mayom"", ""Sanda"", ""Mabangura"", ""Masinka"", ""Matebe"", ""Magbandoma"", ""Matimba"", ""Malimba"", ""Magbenta"", ""Matoli"", ""Ro-Yema"", ""Mafile"", ""Bakebana"", ""Kisi"", ""Makarankay"", ""Mamara"", ""Loko"", ""Makondo"", ""Naboi"", ""Mayoko"", ""Kumrabai"", ""Makali"", ""Malahaisoko"", ""Pebul"", ""Mamaliki"", ""Masimbara"", ""Mathirie"", ""Gberi"", ""Forodugu"", ""Robia"", ""Marampa"", ""Masampa"", ""Yof"", ""Malamina"", ""Mate"", ""Motaiko"", ""Gbandoma"", ""Kumrabai"", ""Kamatereh"", ""Gboro"", ""Magbanku"", ""Matombo"", ""Mile 36"", ""Kupru"", ""Mabuya"", ""Masankere"", ""Magbema"", ""Matam"", ""Mamara"", ""Timbo"", ""Fondu"", ""Masembu"", ""Makite"", ""Mapath"", ""Malal"", ""Makindeh"", ""Mamamah"", ""Makali"", ""Tendokom"", ""Makanshan"", ""Makoloh"", ""Marifa"", ""Rowal"", ""Mapiret"", ""Yema"", ""Magbontoso"", ""Konta"", ""Gbabai"", ""Yema"", ""Gbese"", ""Mokankre"", ""Magbuntubana"", ""Masurakata"", ""Mamoi"", ""Mawoto"", ""Mahoma"", ""Matale"", ""Bake Mamule"", ""Robun"", ""Petifu"", ""Gbonkopil"", ""Mamoi"", ""Kumrabai"", ""Masire"", ""Mokera"", ""Kakande"", ""Roten"", ""Kumrabai"", ""Mamawa"", ""Petifu"", ""Masumana"", ""Konta-Line"", ""Matoli"", ""Mamiri"", ""Mabembadama"", ""Wake"", ""Rokon"", ""Nwala"", ""Ropat"", ""Masesay"", ""Malegbe"", ""Makaribay"", ""Mayombo"", ""Futa"", ""Masiala"", ""Baine"", ""Mayogbo"", ""Konta Kuma Town"", ""Mange"", ""Masiaka"", ""Sengbe"", ""Mabua"", ""Baka"", ""(unnamed)"", ""Mamowa"", ""(unnamed)"", ""Gbonko-Mabuya"", ""Magbuntukali"", ""Mamalikie"", ""Mamana"", ""Magbende"", ""Wharf"", ""Makolerr"", ""Makabu"", ""Makonkubo"", ""Mabin"", ""Matene"", ""(unnamed)"", ""Matei"", ""Bumbe"", ""Komrabai"", ""Makalkump"", ""Masumba"", ""Konta"", ""Maronko"", ""Mayawma"", ""Mamiri"", ""Laia"", ""Bikie"", ""Makuseri"", ""Rokawlon"", ""Ropat"", ""Robis"", ""Makire"", ""Boisoloh"", ""(unnamed)"", ""Majackson"", ""Masuri"", ""Rogbom"", ""Lunseni"", ""Petifu"", ""Bankalol"", ""Mamosaw"", ""Wula"", ""Robis"", ""Roline Kapa Ballah"", ""Madigba"", ""Royemaban"", ""Makonte"", ""Kagbunkoh"", ""Mabathe"", ""Yema-Kimbi"", ""Mamottor"", ""Robunth"", ""Mabuya"", ""Belibap"", ""Matiri"", ""Banka"", ""Makombaw"", ""Makoya"", ""Marenkaw"", ""Yema"", ""Mathaineh Bana"", ""Ponka"", ""Petifu"", ""Magboko"", ""Mafare"", ""Rogbom"", ""Madimsi"", ""Benkeya"", ""Masanton"", ""Masantigi"", ""Lungi"", ""Magbengbeh"", ""Makabi"", ""Mataine"", ""Mabora"", ""Masauur"", ""Forodugu"", ""Rosint"", ""Makomba"", ""Mamasa"", ""Magbeni"", ""Mayengbay"", ""Manta"", ""Barimbe"", ""Madina"", ""Tendokom"", ""Rosar"", ""Mankara"", ""Rogbore"", ""Masine"", ""Yenkisa"", ""Tumba"", ""Komrabai"", ""Mamanki"", ""Magbanku"", ""Madimoh-Yema"", ""Mabanka"", ""Magbafat"", ""Mayola"", ""Roworeh"", ""Petifu"", ""Sumbuya"", ""Rotifunk"", ""Kambia"", ""Furawa"", ""Masebe"", ""Masankin"", ""Masafi"", ""Magbeteh"", ""Tendokom"", ""Maloko"", ""Yongro"", ""Taren"", ""Rokon"", ""Kafunka"", ""Rokel"", ""Rosar"", ""Maso"", ""Kamem"", ""Makunduma"", ""Matuka"", ""Rothoma"", ""Robis"", ""Mataine"", ""Makeni"", ""Tulomasaw"", ""Masuri"", ""Kirima"", ""Nonkoba"", ""Magbile"", ""Masimaw"", ""Makundu"", ""Yema"", ""Mabundu"", ""Mahera"", ""Rogbalan"", ""Rotifunk"", ""Maforay-Loko"", ""Malap"", ""Makaba"", ""Tulun"", ""Makrakoh"", ""Gbonko"", ""Makelfa"", ""Makoko"", ""Fundu"", ""Sengbe"", ""Kasuan"", ""Masoyila"", ""Kasongha"", ""Mabasi"", ""Kambia"", ""Yoni-Pet"", ""Maroto"", ""Konta"", ""Bambali"", ""Bambali"", ""Taiama"", ""Lawmpa"", ""Kaito"", ""Tumbu Bana"", ""Manane"", ""Futa"", ""Mayola"", ""Maseka"", ""Krima"", ""Gbanelol"", ""Mayagba"", ""Rabila"", ""Making"", ""Petifu"", ""Masalun"", ""Tintafor"", ""Slpp Residential Quarters"", ""Magbala"", ""Masetra"", ""Mabendu"", ""Toro"", ""Mapolie"", ""Mapoli"", ""Kamasundo"", ""Sawkta"", ""Makabo"", ""Fanye"", ""Mamina"", ""Mamoyor"", ""Matamba"", ""Mabonto"", ""Benke"", ""Masuba"", ""Makasa"", ""Kukuna"", ""Petifu"", ""Kirima"", ""Kumrabai"", ""Lungi"", ""Makabo"", ""Mamasa"", ""Katik"", ""Sokohana"", ""Mapeles"", ""Matim"", ""Makontebana"", ""Kagbanlama"", ""Kurankoya"", ""Masimera"", ""Bumbe"", ""Yaba"", ""Lankono"", ""Ponka"", ""Gbonko"", ""Balinia"", ""Kitonki"", ""Eneya"", ""Magbansaw"", ""Moribaia"", ""Robis Bana"", ""Benkia"", ""Konta"", ""Mayawke"", ""Pulun"", ""Mafuta"", ""Makoya"", ""Baia"", ""Koboia"", ""Rosar"", ""Bimbaia"", ""Gbain"", ""Piwoli"", ""Tonkoya"", ""Rowal"", ""Aku Town"", ""Bonka"", ""Yuria"", ""Magbambo"", ""Gbane"", ""Masom"", ""Masitaha"", ""Kalangba"", ""Matumbo"", ""Samuya"", ""Mafari"", ""Mamansu"", ""Makumpan Tadi"", ""Ketelle"", ""Pulun"", ""Malua"", ""Aku Town"", ""Mafuri"", ""Rogbane Bana"", ""Robros"", ""Petifu"", ""Gbane"", ""Madik"", ""Samarank"", ""Mayaia"", ""Bonkiri"", ""Mesa"", ""Mapotee"", ""Banka"", ""Lungi"", ""Mando"", ""Mayeno"", ""Polot"", ""Matankaw"", ""Makoya"", ""Lungi-Lol"", ""Kigbal"", ""Petifu"", ""Bure"", ""Santigiyadodi"", ""Kataiku"", ""Kenenday"", ""Batgbet"", ""Petifu"", ""Mondo"", ""Konta"", ""Lunsar"", ""Matawn"", ""Lokomasama"", ""Mahun"", ""Tendokom"", ""Lungi"", ""Mabom"", ""Madonke"", ""Mabombo"", ""Kumrabai"", ""Kambia"", ""Marampa"", ""Rowal"", ""Mapita"", ""Mamboi"", ""Dentema"", ""Maworoko"", ""Lansetee"", ""Masine"", ""Makambisa"", ""Petifu Junction"", ""Makonto"", ""Sekuya"", ""Magbenkiti"", ""Matamp"", ""Maten"", ""Konakridee"", ""Mafari"", ""Laia"", ""Yema"", ""Denti"", ""Kolia"", ""Yindia"", ""Yema"", ""Besane"", ""Mange"", ""Sania"", ""Masetle"", ""Makonte"", ""Manonko"", ""Mawil"", ""Malai"", ""Mape"", ""Solar"", ""Masulimani"", ""Barbara"", ""Kambia"", ""Kantaia"", ""Laminaia"", ""Wari Bana"", ""Raka"", ""Rogbere"", ""Yindia"", ""Tekeya"", ""Ponka"", ""Gberi"", ""Mapanwom"", ""Kipulun"", ""Rogbaray"", ""Mana"", ""Sangoya"", ""Kigbal"", ""Gore"", ""Wari"", ""Makump"", ""Batpulun"", ""Bakolo"", ""Kamayen"", ""Maseri"", ""Manika"", ""Gbombana"", ""Rogbap"", ""Makasa"", ""Yemiya"", ""Heremankono"", ""Rogbom"", ""Taua"", ""Forikolo"", ""Magamba"", ""Tadi"", ""Mayonkoli"", ""Kuntaia"", ""Wula"", ""Magbokwaw"", ""Wari Lol"", ""Karima"", ""Wusia"", ""Kama"", ""Amaria"", ""Kerife"", ""Mafuis"", ""Tintafol"", ""Rokon"", ""Mabata"", ""Gbonkowili"", ""Satamodia"", ""Sino"", ""Rokon"", ""Marunku"", ""Laminaia"", ""Rogbom"", ""Moria"", ""Robumpah"", ""Magbili"", ""(unnamed)"", ""Petifu"", ""Santigiyanene"", ""Masewa"", ""Rosar"", ""Mayan"", ""Magbankita"", ""Yalefudia"", ""Bakinia"", ""Shian"", ""Kenkeli"", ""Karine"", ""Yurika"", ""Gbonko"", ""Mayine"", ""Mamori"", ""Mapila"", ""Fengka"", ""Yurika Wharf"", ""Gbeseya"", ""Mamaso"", ""Port Loko"", ""Mabundulai"", ""Port Loko"", ""Manangpe"", ""Mafuri"", ""Makaniko"", ""Malai"", ""Roten"", ""Kawbana"", ""Makot"", ""Benkia"", ""Mataska"", ""Yema"", ""Gbonko"", ""Kaliyiri"", ""Kumrabai"", ""Maiogbo"", ""Mabang"", ""Sheakaia"", ""Taua"", ""Rosint"", ""Modiya"", ""Bath-Sint"", ""Magbung"", ""Makali"", ""Masene"", ""Matai"", ""Robis"", ""Mayumbo"", ""Petifu"", ""Katikin"", ""Musaia"", ""Masisi"", ""Gberi"", ""Fulun"", ""Makombaw"", ""Royel"", ""Melikuru"", ""Maseka"", ""Gbenti"", ""Kabat"", ""Masungbun"", ""Sanda"", ""Tainkabereh"", ""Mankara"", ""Kamalo"", ""Kasanko"", ""Robe"", ""Masuri"", ""Kambia"", ""Kalangba"", ""Barlo"", ""Malai"", ""Tifin"", ""Bomia"", ""Mango"", ""Katik"", ""Konta"", ""Makane"", ""Barlo Wharf"", ""Katoma"", ""Makanre"", ""Bunga"", ""Katonga"", ""Manaiyepe"", ""Gbonkomayemi"", ""Gbonkeh"", ""Mafengbe"", ""Masulimani"", ""Mang-Ata"", ""Konta"", ""Tauya"", ""Makelma"", ""Bane"", ""Malal"", ""Sengbeh"", ""Kisama"", ""Baka"", ""Rotung"", ""Making"", ""Kontabana"", ""Banguru"", ""Robat"", ""Gbela"", ""Makapr"", ""Masimera"", ""Mayan"", ""Makama"", ""Sanda"", ""Bantoro"", ""Makonda"", ""Rogap"", ""Mamboi"", ""Mabure"", ""Kayimbo"", ""Romeni"", ""Roten"", ""Kalangba"", ""Mabure"", ""Konta"", ""Mange"", ""Malal"", ""Sengbe"", ""Kumrabai"", ""Karina"", ""Mabing"", ""Mafuri"", ""Forodugu"", ""Hagbantama"", ""Koya"", ""Makoba"", ""Marenka"", ""Kamalan"", ""Gbese"", ""Mafare"", ""Kitenti"", ""Kukuna"", ""Bombo"", ""Barmoi"", ""Kiampudi"", ""Kuniki"", ""Makoba"", ""Mabanta"", ""Mintomo"", ""Minthormore"", ""Gbonko"", ""Makumri""]",Disconnected polygon component; identity as island or administrative fragment not independently established.
gb:SLE:ADM2:65957751B90762568654783,Port Loko,Sierra Leone,SL0503,1,22,0.006722,"[-13.088, 8.416199000000177, -13.08696, 8.41723]",0,[],Disconnected polygon component; identity as island or administrative fragment not independently established.
gb:SLE:ADM2:65957751B90762568654783,Port Loko,Sierra Leone,SL0503,2,22,0.058662,"[-13.131602998999881, 8.537146600000142, -13.129665398999975, 8.540287500000147]",0,[],Disconnected polygon component; identity as island or administrative fragment not independently established.
gb:SLE:ADM2:65957751B90762568654783,Port Loko,Sierra Leone,SL0503,3,22,0.783489,"[-13.12478359899984, 8.537482800000078, -13.115317299999958, 8.550589200000047]",0,[],Disconnected polygon component; identity as island or administrative fragment not independently established.
gb:SLE:ADM2:65957751B90762568654783,Port Loko,Sierra Leone,SL0503,4,22,8.286587,"[-12.962460299999918, 8.531598800000154, -12.923515099999975, 8.556254599999988]",1,"[""Makambo""]",Disconnected polygon component; identity as island or administrative fragment not independently established.
gb:SLE:ADM2:65957751B90762568654783,Port Loko,Sierra Leone,SL0503,5,22,0.183253,"[-13.123084199999937, 8.558982200000116, -13.119453300999965, 8.56487570000013]",0,[],Disconnected polygon component; identity as island or administrative fragment not independently established.
gb:SLE:ADM2:65957751B90762568654783,Port Loko,Sierra Leone,SL0503,6,22,0.732951,"[-13.113587099999961, 8.559040200000084, -13.104880999999864, 8.568836]",0,[],Disconnected polygon component; identity as island or administrative fragment not independently established.
gb:SLE:ADM2:65957751B90762568654783,Port Loko,Sierra Leone,SL0503,7,22,0.067662,"[-13.04135789999998, 8.567408001000103, -13.039009299999918, 8.572160500000166]",0,[],Disconnected polygon component; identity as island or administrative fragment not independently established.
gb:SLE:ADM2:65957751B90762568654783,Port Loko,Sierra Leone,SL0503,8,22,0.303272,"[-12.956335599999932, 8.569680700000163, -12.948038699999927, 8.574156600000094]",0,[],Disconnected polygon component; identity as island or administrative fragment not independently established.
gb:SLE:ADM2:65957751B90762568654783,Port Loko,Sierra Leone,SL0503,9,22,0.372391,"[-13.073826698999937, 8.572892400000114, -13.06692239999984, 8.580221700000095]",0,[],Disconnected polygon component; identity as island or administrative fragment not independently established.
gb:SLE:ADM2:65957751B90762568654783,Port Loko,Sierra Leone,SL0503,10,22,0.766617,"[-13.014458799999943, 8.574986500000023, -12.998110199999871, 8.581324100000188]",0,[],Disconnected polygon component; identity as island or administrative fragment not independently established.
gb:SLE:ADM2:65957751B90762568654783,Port Loko,Sierra Leone,SL0503,11,22,3.789467,"[-13.009327699999972, 8.567979900000125, -12.960253, 8.583439]",0,[],Disconnected polygon component; identity as island or administrative fragment not independently established.
gb:SLE:ADM2:65957751B90762568654783,Port Loko,Sierra Leone,SL0503,12,22,3.774947,"[-13.124801699999978, 8.564509300000168, -13.10223470099993, 8.594650100000024]",0,[],Disconnected polygon component; identity as island or administrative fragment not independently established.
gb:SLE:ADM2:65957751B90762568654783,Port Loko,Sierra Leone,SL0503,13,22,0.071313,"[-13.109722899999895, 8.596343600000182, -13.10741499999989, 8.600245700000073]",0,[],Disconnected polygon component; identity as island or administrative fragment not independently established.
gb:SLE:ADM2:65957751B90762568654783,Port Loko,Sierra Leone,SL0503,14,22,14.288873,"[-13.024560598999926, 8.593201300999965, -12.96896819899996, 8.628278499999965]",2,"[""Gbonkobankala"", ""Masabom""]",Disconnected polygon component; identity as island or administrative fragment not independently established.
gb:SLE:ADM2:65957751B90762568654783,Port Loko,Sierra Leone,SL0503,15,22,0.002982,"[-13.246709, 8.680026, -13.245993399999918, 8.68061790000013]",0,[],Disconnected polygon component; identity as island or administrative fragment not independently established.
gb:SLE:ADM2:65957751B90762568654783,Port Loko,Sierra Leone,SL0503,16,22,0.130766,"[-13.15893599999987, 8.839823700000125, -13.153613899999982, 8.843511600000113]",0,[],Disconnected polygon component; identity as island or administrative fragment not independently established.
gb:SLE:ADM2:65957751B90762568654783,Port Loko,Sierra Leone,SL0503,17,22,0.338028,"[-13.143715099999952, 8.843396499999983, -13.133059899999921, 8.84701270000005]",0,[],Disconnected polygon component; identity as island or administrative fragment not independently established.
gb:SLE:ADM2:65957751B90762568654783,Port Loko,Sierra Leone,SL0503,18,22,1.282236,"[-13.176403899999912, 8.837505000000135, -13.158383900999922, 8.850048300000083]",0,[],Disconnected polygon component; identity as island or administrative fragment not independently established.
gb:SLE:ADM2:65957751B90762568654783,Port Loko,Sierra Leone,SL0503,19,22,0.332338,"[-13.154252, 8.847934, -13.141823199999976, 8.85232650000006]",0,[],Disconnected polygon component; identity as island or administrative fragment not independently established.
gb:SLE:ADM2:65957751B90762568654783,Port Loko,Sierra Leone,SL0503,20,22,0.180392,"[-13.157552298999974, 8.8536353, -13.150495499999977, 8.856905800000106]",0,[],Disconnected polygon component; identity as island or administrative fragment not independently established.
gb:SLE:ADM2:65957751B90762568654783,Port Loko,Sierra Leone,SL0503,21,22,0.120705,"[-13.158179699999835, 8.856674100000077, -13.151251000999935, 8.86040070000007]",0,[],Disconnected polygon component; identity as island or administrative fragment not independently established.
gb:SLE:ADM2:65957751B93581480515289,Bo,Sierra Leone,SL0301,0,1,5465.66537,"[-12.146998150999877, 7.480752580000058, -11.334540149999953, 8.488801902000091]",1048,"[""(unnamed)"", ""Mando"", ""Bum"", ""Gbale"", ""Mogbum"", ""Gbeha"", ""Momajo"", ""Kassi"", ""(unnamed)"", ""Fula"", ""(unnamed)"", ""Lago"", ""Dandabu"", ""Tengbele"", ""Yesa"", ""Dema"", ""Gorapo"", ""(unnamed)"", ""(unnamed)"", ""(unnamed)"", ""Mano"", ""Gondama"", ""Senehun"", ""Yegele"", ""Tisana"", ""Bangbalia"", ""Dina"", ""Momajo"", ""(unnamed)"", ""Njala"", ""(unnamed)"", ""Baoma"", ""(unnamed)"", ""(unnamed)"", ""(unnamed)"", ""Mondoko"", ""(unnamed)"", ""Golawoma"", ""Mowe"", ""Naiagolehun"", ""Mogbain"", ""Malima"", ""Komendi"", ""(unnamed)"", ""Jimi"", ""Naiagolehun"", ""Senehun"", ""Mosogbo"", ""Tawamahehun"", ""(unnamed)"", ""Pawama"", ""Gendema"", ""Sembehun"", ""(unnamed)"", ""Mattru"", ""(unnamed)"", ""Bamba"", ""Fabu"", ""Garinga"", ""Yenge"", ""Kakama"", ""Bathurst"", ""Mafuri"", ""Gombu"", ""Bandajuma"", ""Kigbema"", ""(unnamed)"", ""Limba"", ""Yandehun"", ""(unnamed)"", ""Gaioura"", ""Lower Saama"", ""Sumbuya"", ""(unnamed)"", ""Mandu"", ""Kpeyama"", ""(unnamed)"", ""Peteoma"", ""Yameama"", ""Masam"", ""Potobu"", ""Periwahun"", ""Nyandehun"", ""(unnamed)"", ""(unnamed)"", ""Levuma"", ""Nyalahun"", ""Upper Saama"", ""Koadima"", ""Mofuwe"", ""Mogbevo"", ""Kamasu"", ""Peje"", ""Lago"", ""Nyandehun"", ""Bontiworo"", ""Febena"", ""Gendema"", ""Buma"", ""Nyandehun"", ""Faima"", ""Naiagolehun"", ""(unnamed)"", ""Manoworo"", ""Upper Benduma"", ""Kamasu"", ""Benduma"", ""Mandehun"", ""Ponima"", ""(unnamed)"", ""Kitoma"", ""(unnamed)"", ""Grima"", ""Lungi"", ""Giehun"", ""(unnamed)"", ""Tevulahun"", ""Juhun"", ""(unnamed)"", ""Kpuwuta"", ""Bepi"", ""Dama"", ""Faiama"", ""Blama"", ""Yengemaworo"", ""Fanima"", ""(unnamed)"", ""Petebu"", ""(unnamed)"", ""Bandasa"", ""Kpetema"", ""Mowuto"", ""Levuma"", ""Koribondo"", ""Gondama"", ""(unnamed)"", ""Powubu"", ""Mokpende"", ""Buyama"", ""Meyama"", ""Jawabundeima"", ""Gerihun"", ""Kando"", ""Kale"", ""Gembo"", ""Sahawa"", ""Sogoma"", ""Walihun"", ""Yawaju"", ""(unnamed)"", ""(unnamed)"", ""(unnamed)"", ""Jagbwema"", ""Petewoma"", ""Kiambe"", ""Benduma"", ""(unnamed)"", ""Jambohun"", ""Sogoma"", ""Negbema"", ""Semabu"", ""Buawola"", ""(unnamed)"", ""Wunde"", ""Konta"", ""Bendu"", ""Buma"", ""Hima"", ""Kpuawala"", ""Tikonkoworo"", ""Konia"", ""Tungie"", ""Bangoma"", ""Lajelahun"", ""Baiima"", ""Mokpende"", ""Petema"", ""(unnamed)"", ""Mangeme"", ""Buma"", ""Mano"", ""Bevehun"", ""Bunjema"", ""Mowuto"", ""(unnamed)"", ""Yenkisa"", ""Makoba"", ""Bandajuma"", ""Gorahun"", ""(unnamed)"", ""Mano"", ""Tongima"", ""Yandama"", ""Wonde"", ""Bangema"", ""Segbwema"", ""Walihun"", ""Moyoro Junction"", ""Tuba"", ""Sengema"", ""Walihun"", ""(unnamed)"", ""Mano"", ""Bongor Town"", ""(unnamed)"", ""(unnamed)"", ""(unnamed)"", ""Yengema"", ""Juhun"", ""Sembehun"", ""Failahun"", ""Baoma"", ""(unnamed)"", ""(unnamed)"", ""(unnamed)"", ""Gboyama"", ""Wotebehun"", ""(unnamed)"", ""(unnamed)"", ""Baomahun"", ""Mangama"", ""(unnamed)"", ""Yoni"", ""(unnamed)"", ""Majihun"", ""Sulehun"", ""(unnamed)"", ""Belebu"", ""Serabu"", ""Kassama"", ""Panguma"", ""(unnamed)"", ""(unnamed)"", ""Dulipuibu"", ""Sembehun"", ""Mende Kelema"", ""(unnamed)"", ""Fajkundo"", ""(unnamed)"", ""Gorahun"", ""Taninahun"", ""Sulima"", ""Gangama"", ""Gbap"", ""(unnamed)"", ""Godi"", ""(unnamed)"", ""(unnamed)"", ""Maboima"", ""Telu"", ""Gombu"", ""Dia"", ""Wubangay"", ""Juring"", ""Ponima"", ""(unnamed)"", ""Gubehun"", ""Lungi"", ""Gandorhun"", ""(unnamed)"", ""Pelewahun"", ""Sami"", ""Kpetema"", ""Mokumba"", ""Sami"", ""Kpakuma"", ""Golalo"", ""Periwahun"", ""Yengema"", ""(unnamed)"", ""Hegbema"", ""Baiima"", ""(unnamed)"", ""(unnamed)"", ""(unnamed)"", ""Golala"", ""(unnamed)"", ""Gbalehun"", ""(unnamed)"", ""Magbwema"", ""Dikpaya"", ""Blama"", ""Volima"", ""(unnamed)"", ""Nagbema"", ""(unnamed)"", ""(unnamed)"", ""(unnamed)"", ""(unnamed)"", ""Kpawugbahun"", ""Gbaama"", ""Lembima"", ""Mamboma"", ""Gangama"", ""(unnamed)"", ""(unnamed)"", ""Gendema"", ""Fayama"", ""Nyanyama"", ""Kigbai"", ""(unnamed)"", ""Magbwema"", ""Naiagolehun"", ""(unnamed)"", ""Nyalema"", ""Magihun"", ""Makoro"", ""Sunga"", ""Tokpombu"", ""Yabaima"", ""(unnamed)"", ""(unnamed)"", ""Koyama"", ""(unnamed)"", ""Kpetema"", ""(unnamed)"", ""(unnamed)"", ""Fabu"", ""Kotomahun"", ""Makayoni"", ""Surgbehun"", ""Konta"", ""Nyayagolehun"", ""(unnamed)"", ""(unnamed)"", ""Pendembu"", ""(unnamed)"", ""(unnamed)"", ""(unnamed)"", ""Ngebina"", ""Futawoma"", ""(unnamed)"", ""Kotumahun"", ""Gondama"", ""Kowama"", ""Dodo"", ""(unnamed)"", ""(unnamed)"", ""Balie"", ""Gugbebu"", ""(unnamed)"", ""Tungie"", ""Kigbai"", ""Magibeh"", ""(unnamed)"", ""Matagema"", ""(unnamed)"", ""Juma"", ""Molunia"", ""Gbanahun"", ""(unnamed)"", ""Gerehun"", ""(unnamed)"", ""Kpetowoma"", ""Tongwebu"", ""(unnamed)"", ""Tongiama"", ""Ballie"", ""Tikonko"", ""Laoma"", ""(unnamed)"", ""Sembehun"", ""Gbenega"", ""Kakpwema"", ""Sembehun"", ""Tobola"", ""Tolobu"", ""Tobanda"", ""Bauya"", ""Gboyeiya"", ""(unnamed)"", ""Kowama"", ""Periwahun"", ""Samabobu"", ""(unnamed)"", ""Yoviama"", ""Gondama"", ""Komende Sewama"", ""(unnamed)"", ""(unnamed)"", ""(unnamed)"", ""Mana"", ""Taninahun"", ""(unnamed)"", ""Guabu"", ""Bumpe"", ""(unnamed)"", ""Potehun"", ""(unnamed)"", ""Mokande"", ""Feba"", ""(unnamed)"", ""Gawura"", ""(unnamed)"", ""Nagbwema"", ""(unnamed)"", ""Gendema"", ""(unnamed)"", ""(unnamed)"", ""Nogorba"", ""Lembema"", ""Ngually"", ""Bangema"", ""(unnamed)"", ""Buma Sewama"", ""Jombohun"", ""Masakpa"", ""Lungi"", ""(unnamed)"", ""Fulaninahun"", ""Nyandehun"", ""Jandama"", ""Fawaneemaa"", ""Kpakru"", ""Dassamor"", ""Sami"", ""Njama"", ""(unnamed)"", ""(unnamed)"", ""Gieya"", ""(unnamed)"", ""Konia"", ""(unnamed)"", ""Golala"", ""(unnamed)"", ""(unnamed)"", ""Konima"", ""Nyandehun"", ""(unnamed)"", ""Kpawula"", ""(unnamed)"", ""Petemo"", ""(unnamed)"", ""Motopi"", ""Ngeyawami"", ""(unnamed)"", ""Motoko"", ""(unnamed)"", ""(unnamed)"", ""(unnamed)"", ""Jembe"", ""Ngukpabu"", ""(unnamed)"", ""Kalia"", ""Balahun"", ""(unnamed)"", ""Bawura"", ""Bundobu"", ""Kenyema"", ""Palima"", ""(unnamed)"", ""Ndogborgoma"", ""(unnamed)"", ""Kpetema"", ""Tanganema"", ""Towama"", ""Foya"", ""Mogiba"", ""(unnamed)"", ""(unnamed)"", ""(unnamed)"", ""(unnamed)"", ""Potoru"", ""Baomo"", ""Waima"", ""(unnamed)"", ""Gerihun"", ""Waima"", ""(unnamed)"", ""(unnamed)"", ""Baiima"", ""Moyoli"", ""Komolu"", ""(unnamed)"", ""Maminhun"", ""Falu"", ""(unnamed)"", ""Kenedeyama"", ""(unnamed)"", ""(unnamed)"", ""Yamandu"", ""Gbandi"", ""Bevehun"", ""(unnamed)"", ""New Site"", ""Manjama Extension"", ""Njaluahun"", ""Nyandehun"", ""Mendewa"", ""Manjama"", ""Gendema"", ""(unnamed)"", ""Bandajuma"", ""(unnamed)"", ""Vo Vaama"", ""(unnamed)"", ""Kanga"", ""Tengbewabu"", ""(unnamed)"", ""Mulema Town"", ""Gbondo Town 1"", ""Old Baoma"", ""Moroso"", ""Lewabu"", ""Timidi"", ""Grima"", ""Bo Airfield"", ""Kandeh Town Extension"", ""Gbondo Town 2"", ""Matru"", ""Goma Town"", ""Pujehun"", ""Shelmingo"", ""(unnamed)"", ""Mokemoh"", ""(unnamed)"", ""Bawomahun"", ""Korwama"", ""Eastern Police Barracks"", ""Kennedy"", ""Chinese Farm"", ""Gpa"", ""Blama"", ""Kandeh Town"", ""Timindi"", ""Vaama"", ""(unnamed)"", ""Golahun"", ""(unnamed)"", ""(unnamed)"", ""Jaluahun"", ""Messima"", ""Kortumahun"", ""Kortumahun"", ""(unnamed)"", ""Belebu"", ""Sewa Road Area"", ""Fuliwama"", ""Salina"", ""Torkpoi Town"", ""Kpan"", ""(unnamed)"", ""Kwellu"", ""(unnamed)"", ""Bunumbu"", ""Niama"", ""Cooronation Field Area"", ""New London"", ""Njaluahun"", ""Njaboima"", ""(unnamed)"", ""Baoma"", ""(unnamed)"", ""Bumpewulo"", ""Moriba Town"", ""Fargoya"", ""Nikibu"", ""Kindia Town"", ""Kwalema"", ""Clock Tower Area"", ""Kpetewoma"", ""Fulawahun"", ""(unnamed)"", ""Baoma"", ""Old Barracks"", ""Kpawuma"", ""(unnamed)"", ""Bo"", ""Bo"", ""Roma"", ""Komende"", ""New Site North"", ""Gbuyama"", ""(unnamed)"", ""Yemoh Town"", ""Bumbeworo"", ""New York"", ""Brima Town"", ""Hangha Town"", ""Kundiyama"", ""(unnamed)"", ""Dodo"", ""Bo Central"", ""(unnamed)"", ""Dorba Ground"", ""Jagbakahun"", ""Toubu"", ""Kpandobu"", ""(unnamed)"", ""Banda"", ""Naiaguehun"", ""(unnamed)"", ""Kortubguma"", ""Petewama"", ""Bangema"", ""Samami"", ""Borbor Kombor"", ""(unnamed)"", ""Mokime"", ""Kissi Town"", ""Clerk'S Quarter"", ""(unnamed)"", ""(unnamed)"", ""Reservation"", ""(unnamed)"", ""(unnamed)"", ""Moibawo Farm"", ""Bo Number 2"", ""Kebbie Town"", ""Foindu"", ""(unnamed)"", ""Kpumbu"", ""Kunju"", ""Bo Commercial"", ""Gangama"", ""Kulanda Town"", ""Njai Town"", ""(unnamed)"", ""(unnamed)"", ""(unnamed)"", ""Fengehun"", ""(unnamed)"", ""(unnamed)"", ""Goba Town"", ""Simbo Town"", ""Bo No. 2 Extension"", ""(unnamed)"", ""(unnamed)"", ""Fulawahun"", ""Falabu"", ""(unnamed)"", ""Manowa"", ""Nduvuibu"", ""Juhun"", ""Dema"", ""Ckc Area"", ""Joe Town 1"", ""Gieya"", ""Batiyema"", ""Gbanda Town"", ""(unnamed)"", ""Sembehun"", ""(unnamed)"", ""(unnamed)"", ""Bumbe"", ""Petewoma"", ""Tolobu"", ""Gbanja Town"", ""Joe Town 2"", ""Kotumahun"", ""(unnamed)"", ""(unnamed)"", ""(unnamed)"", ""Koni"", ""(unnamed)"", ""(unnamed)"", ""(unnamed)"", ""Meboyama"", ""Levuma"", ""(unnamed)"", ""Jibima"", ""(unnamed)"", ""(unnamed)"", ""Bangabu"", ""Bandawa"", ""Kpetema"", ""Naiahun"", ""Mateima"", ""Bangba"", ""Jagbwema"", ""Baoma"", ""(unnamed)"", ""(unnamed)"", ""(unnamed)"", ""Sembehun"", ""Batema"", ""Laoma"", ""Periwahun"", ""Wojema"", ""Loama"", ""(unnamed)"", ""(unnamed)"", ""Yakaji"", ""Bobobu"", ""(unnamed)"", ""(unnamed)"", ""Koyama"", ""(unnamed)"", ""Pindegumahun"", ""(unnamed)"", ""Guabu"", ""(unnamed)"", ""Manguama"", ""Manjama"", ""Levuma"", ""(unnamed)"", ""(unnamed)"", ""Nagbwema"", ""Bari"", ""Bambara"", ""Bonjema"", ""(unnamed)"", ""Kenyema"", ""(unnamed)"", ""Bahama"", ""Vengema"", ""(unnamed)"", ""Panguma"", ""Koa"", ""Benduma"", ""Pendembu"", ""Bondoma"", ""Giehun"", ""(unnamed)"", ""(unnamed)"", ""Kumbavulahun"", ""Kugbahun"", ""Gumahun"", ""Njala"", ""Banda"", ""(unnamed)"", ""Petema"", ""Yengema"", ""(unnamed)"", ""(unnamed)"", ""Yankabu"", ""Gbanahun"", ""(unnamed)"", ""Matama"", ""Baoma"", ""Yandama"", ""(unnamed)"", ""(unnamed)"", ""(unnamed)"", ""(unnamed)"", ""Bobobu"", ""(unnamed)"", ""Walihun"", ""(unnamed)"", ""(unnamed)"", ""(unnamed)"", ""Jumu"", ""Bundobu"", ""(unnamed)"", ""Sumbuya"", ""Giehun"", ""Tendehun"", ""Kondiama"", ""Fala"", ""Gbahun"", ""Komende"", ""Hagbahun"", ""Kandu"", ""(unnamed)"", ""(unnamed)"", ""Kotumahun"", ""(unnamed)"", ""Gbatema"", ""(unnamed)"", ""Fulawahun"", ""Vaama"", ""(unnamed)"", ""(unnamed)"", ""Koluliama"", ""(unnamed)"", ""(unnamed)"", ""Baula"", ""(unnamed)"", ""Benduma"", ""Naiaguehun"", ""Kovehun"", ""Tokpombu"", ""(unnamed)"", ""Boabu"", ""(unnamed)"", ""Kowama"", ""Koindu"", ""Gondama"", ""Kobu"", ""Kotohun"", ""Jaluahun"", ""Bokeni"", ""Mano Pendobu"", ""Jawe"", ""Bangema"", ""Jokibu"", ""Luvulu"", ""Konima"", ""Taninahun"", ""(unnamed)"", ""Yalu"", ""(unnamed)"", ""(unnamed)"", ""Bahama"", ""Sami"", ""Baoma"", ""Bandajuma"", ""Giehun"", ""Dodo"", ""Gbangbama"", ""(unnamed)"", ""Hangahun"", ""(unnamed)"", ""Kpatobu"", ""Grima"", ""Jaluahun"", ""Baoma"", ""Jagbwema"", ""Fuendo"", ""Mamboma"", ""Pepema"", ""Nomiama"", ""Venima"", ""Baoma"", ""Nyadehun"", ""Yawe"", ""Jahun"", ""Gbesebu"", ""Konima"", ""Mogbisi"", ""Foya"", ""Palima"", ""Korjehun"", ""Potoru"", ""Ngelehun"", ""Baoma"", ""Mambwema"", ""Kasema"", ""Mogbende"", ""Dawambu"", ""Kunjondoma"", ""Galu"", ""Lawa"", ""Petema"", ""Baiima"", ""Baama"", ""Teyama"", ""Bisibu"", ""Batiema"", ""Lembilema"", ""Tabema"", ""Nyandeama"", ""Naiaguehun"", ""Sengima"", ""Gondama"", ""Periwahun"", ""Gangama"", ""Bandi"", ""Baiima"", ""Gobahun"", ""Bangba"", ""Dambara"", ""(unnamed)"", ""Blama"", ""Kunjogiehun"", ""Tondoya"", ""Negbema"", ""Baama"", ""(unnamed)"", ""Bompeworo"", ""Kpetema"", ""(unnamed)"", ""Bumbe"", ""Yobohun"", ""Buabu"", ""Buyehun"", ""Segbwema"", ""(unnamed)"", ""(unnamed)"", ""Jeru"", ""Tokpombu"", ""Bitima"", ""(unnamed)"", ""Jagban"", ""Goabu"", ""Kpakuma"", ""Gorahun"", ""Dandabu"", ""Giehun"", ""Jalwala"", ""Sahun"", ""Mendewa"", ""Yengeme"", ""Tombalu"", ""Gba"", ""Kobundala"", ""Panguma"", ""Koyama"", ""(unnamed)"", ""Talia"", ""Kongabahun"", ""Bama"", ""Pondonga"", ""Jago"", ""Simabu"", ""Bendehun"", ""Naiagolehun"", ""Gbitima"", ""Semabu"", ""Mema"", ""Sioma"", ""Yamandu"", ""Foya"", ""Boabu"", ""(unnamed)"", ""Fulawahun"", ""Hendobu"", ""Kondoma"", ""Korkorti"", ""Bendugu"", ""Magbwema"", ""Gumahun"", ""Jala"", ""(unnamed)"", ""Semabu"", ""Giewabu"", ""Komboya"", ""(unnamed)"", ""Mandu"", ""Kotomahun"", ""Gbarama"", ""Jaro"", ""Gabweba"", ""Kenema"", ""Bewobu"", ""Sengema"", ""Petema"", ""Gorahun"", ""Poiama"", ""Jawor"", ""Banyamahun"", ""Ganjama"", ""Jagbwema"", ""(unnamed)"", ""Mogbwe"", ""Periwahun"", ""Sami"", ""Naiagolehon"", ""Kowa"", ""Nyandeama"", ""(unnamed)"", ""(unnamed)"", ""Jopowahun"", ""Tebo"", ""Selu"", ""Bendu"", ""Periwahun"", ""Giebu"", ""Giema"", ""(unnamed)"", ""Kundawma"", ""Laoma"", ""Baiima"", ""Pujehun"", ""(unnamed)"", ""Bandajuma"", ""Giehun"", ""Perewahun"", ""Sungaru"", ""Baoma"", ""Masahun"", ""Mano"", ""Talia"", ""Naiahun"", ""Bauya"", ""(unnamed)"", ""Hewebu"", ""Pakibu"", ""(unnamed)"", ""Yengema"", ""Nonkoba"", ""Jalihun"", ""Foya"", ""Manjehun"", ""Baomahun"", ""Nyandehun"", ""Kenyema"", ""Gomahun"", ""Londoma"", ""Gbashama"", ""Bamanjama"", ""Bandajuma"", ""Garahun"", ""Gurubu"", ""Wunde"", ""Kanjahun"", ""Benduma"", ""Belebu"", ""Bahama"", ""Konima"", ""Dambu"", ""Palima"", ""Ketuma"", ""Foindu"", ""Mongeri"", ""Majiebu"", ""Bokuma"", ""Nayema"", ""Giebu"", ""Jagbea"", ""Petema"", ""Perewahun"", ""Tokpombu"", ""Mangobo"", ""Gbewama"", ""Logbana"", ""Duya"", ""Pateya"", ""Bunjema"", ""Belihun"", ""Levuma"", ""Pakibu"", ""Dambara"", ""Yawema"", ""Naiahun"", ""Baoma"", ""Sembehun"", ""Kofima"", ""Gaidehun"", ""Naiaguehun"", ""Bohehun"", ""Batema"", ""Basama"", ""Bombe"", ""Konima"", ""Njala"", ""Jojohun"", ""Fulawahun"", ""Nyandehun"", ""Kongopa"", ""Kotohun"", ""Semabu"", ""Mayemberi Tendokom"", ""Bunabu"", ""Taninahun"", ""Baoma"", ""Kamalo"", ""Gewojahun"", ""Moyogbo"", ""Kawoma"", ""Baomahun"", ""Kowama"", ""Mayemberi"", ""Jagbwemu"", ""Pujehun"", ""Mendegerem"", ""Lablama"", ""Victoria""]",Disconnected polygon component; identity as island or administrative fragment not independently established.
gb:SLE:ADM2:65957751B98964407864499,Koinadugu,Sierra Leone,SL0203,0,1,5851.848749,"[-12.135437305999915, 8.659543016999976, -11.01864608699998, 9.999931231000062]",0,[],Disconnected polygon component; identity as island or administrative fragment not independently established.
gb:TGO:ADM2:56601680B12249670822801,Dankpen,Togo,TG0204,0,1,2540.94431,"[0.224401000000171, 9.42225500000012, 0.878689000000122, 10.0309]",313,"[""Beoaja"", ""Louholoubo"", ""Diab"", ""Koukbon"", ""Koukpam"", ""Koukpan"", ""Koupou"", ""Kukub"", ""Kupon"", ""Kupone"", ""Taman"", ""Bapele"", ""Koudyopongpong"", ""Koujioponpon"", ""Namanjo"", ""Niniando"", ""Boro"", ""Insadou"", ""Nanjere"", ""Tabara"", ""Namore"", ""Bamoundo"", ""Tchotchopola"", ""Nabouni"", ""Nankoul"", ""Nandiale"", ""Kandiado"", ""Weripi"", ""Poutamele"", ""Pabouale"", ""Infalebou"", ""Garka"", ""Gbom"", ""Weripi"", ""Nanaeni"", ""Tiepakdo"", ""Bitiakpa"", ""Bouele"", ""Bapure"", ""Borbogou"", ""Sapounoumbo"", ""Dioubo"", ""Taman"", ""Kpandia"", ""Patieli"", ""Louakban"", ""Dondonne"", ""Patadou"", ""Bikpandib"", ""Pikpandib"", ""Ntchiado"", ""Tchiale"", ""Kpaliba Number 1"", ""Paliba"", ""Manniedo"", ""Naware"", ""Passao"", ""Niagbangbou"", ""Lidiobilbou"", ""Lidyobilbou"", ""Tibado"", ""Inkoukoumamne"", ""Koutobdo"", ""Wapambouni"", ""Wapammbouni"", ""Padioule"", ""Bidjabe"", ""Bitjabe"", ""Sitiboubou"", ""Pipidioule"", ""Koudaboubou"", ""Nandouta"", ""Boundido"", ""Kouboabo"", ""Koutobi"", ""Koudyabyaou"", ""Koutchicheou"", ""Kudjetjeu"", ""Kudjetju"", ""Binadioub"", ""Insandiapo"", ""Isandiapo"", ""Kpale"", ""Naware"", ""Tiakbal"", ""Koussatine"", ""Oussalne"", ""Nahile"", ""Koukoumboul"", ""Nanioumboul"", ""Liagalbou"", ""Kaka"", ""Boundiale"", ""Kiniakara"", ""Wadiado"", ""Massipou"", ""Nagbidjabou"", ""Nammpoa"", ""Nampoa"", ""Naboukor"", ""Dakpetab"", ""Wagam"", ""Wagram"", ""Takpapie"", ""Takpapier"", ""Makalea"", ""Diammpele"", ""Diampele"", ""Djepil"", ""Nintin"", ""Pirinio"", ""Bougab"", ""Boungbale"", ""Kotateou"", ""Immoudo"", ""Ladiek"", ""Koulamon"", ""Kubun"", ""Kulamon"", ""Tchirkpambo"", ""Tchirkpammbo"", ""Nambowedo"", ""Nammbowedo"", ""Nayombo"", ""Nayommbo"", ""Taniamboul"", ""Tianamboul"", ""Nachitipi"", ""Natchitchikpi"", ""Natchitipi"", ""Bassassin"", ""Gbangbale"", ""Gerin-Kuka"", ""Guerin Kuka"", ""Guerin N'Kouka"", ""Guerin-Kouba"", ""Guerin-Kouka"", ""Borokpindo"", ""Maboualabi"", ""Bikpadiab"", ""Nouhoulme"", ""Bouman"", ""Kaktapalessi"", ""Namandioure"", ""Niantoule"", ""Tiamou"", ""Koubongou"", ""Sakpale"", ""Nafindioul"", ""Boutiatiale"", ""Petab"", ""Koumaye"", ""Koupassassi"", ""Tipil"", ""Kabangbag"", ""Namon"", ""Napateou"", ""Nabouab"", ""Nassibiki"", ""Nawallo"", ""Nabib"", ""Egbetab"", ""Koumbiretou"", ""Garimbomb"", ""Garimbommb"", ""Garimmbommb"", ""Bidjabe"", ""Bitjabe"", ""Payoubo"", ""Oubombo"", ""Oubommbo"", ""Nanguele"", ""Niakambou"", ""Niakammbou"", ""Pamboa"", ""Pammboa"", ""Kouni"", ""Kuge"", ""Kuni"", ""Diakpanion"", ""Kossamossi"", ""Kissaboui"", ""Wangbale"", ""Nammpoak"", ""Nampoach"", ""Nampoak"", ""Nlaman"", ""Sayagali"", ""Wabounian"", ""Dianbildo"", ""Natchikpil"", ""Kitoman"", ""Bassambo"", ""Bassammbo"", ""Liboungdial"", ""Nakbako"", ""Tapoun"", ""Boungbale"", ""Sadjale"", ""Diangouyadou"", ""Sandiado"", ""Gassema"", ""Napitik"", ""Patalabo"", ""Diabagbal"", ""Bekando"", ""Diotaoul"", ""Kidjaboum"", ""Kidjaboun"", ""Kouteo"", ""Konassi"", ""Ikpasse"", ""Bongboldo"", ""Natchiboura"", ""Tirka"", ""Yapoutando"", ""Bamandou"", ""Mabo"", ""Idambado"", ""Idammbado"", ""Manando"", ""Moukpido"", ""Koumalo"", ""Pokpon"", ""Papoual"", ""Nanpimmbo"", ""Napimbo"", ""Napimbou"", ""Napimmbo"", ""Namab"", ""Namalo"", ""Ouyombo"", ""Ounado"", ""Koutian"", ""Tipakpane"", ""Lidiomalbo"", ""Lidyomalbo"", ""Wango"", ""Iboundiou"", ""Tema"", ""Oukredo"", ""Koutie"", ""Koutier"", ""Koutiere"", ""Dolardo"", ""Mewindo"", ""Toguen"", ""Toguene"", ""Latioubdo"", ""Kolaboun"", ""Koussatieou"", ""Nabouri"", ""Tiambilibi"", ""Pakando"", ""Demon"", ""Diabirdo"", ""Lidialabo"", ""Diadiaba"", ""Djajaba"", ""Etiola"", ""Etiotia"", ""Bandiadou"", ""Kikpan"", ""Boungbale"", ""Nimbeolo"", ""Nimmbeolo"", ""Bangbou"", ""Koudioman"", ""Koudyoman"", ""Ligbale"", ""Tounabopi"", ""Ikokoueni"", ""Kouteo"", ""Meifogou"", ""Bongbon"", ""Koulanion"", ""Atontebou"", ""Narbale"", ""Bankpande"", ""Kpankpade"", ""Kpankpande"", ""Inyior"", ""Inyor"", ""Navako"", ""Nawako"", ""Nassakini"", ""Sapone"", ""Napoulou"", ""Titiar"", ""Kadjamba"", ""Kadjambe"", ""Kadyamba"", ""Kajamba"", ""Katchamba"", ""Katchammba"", ""Bittindam"", ""Kpoimbek"", ""Kpouembek"", ""Kadogou"", ""Gbangbale"", ""Boussie"", ""Tieressou"", ""Diabogou"", ""Diabougou"", ""Yabido"", ""Nammbi-Kara"", ""Niambi Kara"", ""Nanhal"", ""Ligbalebou"", ""Segou"", ""Koulifiagou"", ""Wangbale"", ""Wande Nadoum""]",Disconnected polygon component; identity as island or administrative fragment not independently established.
gb:TGO:ADM2:56601680B12598387573686,Bassar,Togo,TG0202,0,1,3454.429056,"[0.452893, 8.841021, 1.03346, 9.664502]",216,"[""Gangan"", ""Taouleba"", ""Fougo"", ""Niankale"", ""Bakoule"", ""Massejioon"", ""Massejioun"", ""Yankassia"", ""Tchapossi"", ""Bangan"", ""Lekpande"", ""Bokourobe"", ""Dibanjori"", ""Nafou"", ""Chapouko"", ""Bekouroube"", ""Lajoudoun"", ""Benata"", ""Bukurwe"", ""Bukutibe"", ""Kountoum"", ""Kountoun"", ""Kuntum"", ""Kuntun"", ""Kampale"", ""Siene"", ""Kakpale"", ""Binako"", ""Tekfate"", ""Kadio"", ""Dimori"", ""Dimouri"", ""Kankounde"", ""Langonde"", ""Dibeti"", ""Tabalo"", ""Taman"", ""Moande"", ""Seni"", ""Bigabo"", ""Jimbiri"", ""Jimmbiri"", ""Naoulema"", ""Kpajaba"", ""Binaparba"", ""Kiteou"", ""Kissachieou"", ""Bikoutikpandi"", ""Boukpassiba"", ""Kamaama"", ""Bidaibe"", ""Dibaldi"", ""Binatape"", ""Bekouleb"", ""Binanoualiba"", ""Aketa"", ""Dianta"", ""Bassar"", ""Bassari"", ""Yachiboule"", ""Apoeidounpo"", ""Apoeydoumpo"", ""Natako"", ""Inare"", ""Kalanga"", ""Sanpale"", ""Sichalebe"", ""Ketangbao"", ""Bakpaya"", ""Kissaboun"", ""Bakari"", ""Nagbeni"", ""Nangbani"", ""Wadande"", ""Katcha"", ""Bisoukpabe"", ""Bissokpabe"", ""Boulou"", ""Koutanbado"", ""Nianpandi"", ""Binadioube"", ""Tchatchaminade"", ""Labo"", ""Bessarakpenbe"", ""Bessarakpennbe"", ""Koumalou"", ""Baoulinse"", ""Didyoyeri"", ""Dijioyeri"", ""Bidjabe"", ""Bitchabe"", ""Bitjaba"", ""Bitjabe"", ""Bityaba"", ""Pebadjibe"", ""Bounkoulinki"", ""Kikpeou"", ""Bijobebe"", ""Bijomanbe"", ""Koubodohon"", ""Baya"", ""Pennsaka"", ""Pensaka"", ""Boutado"", ""Boutob"", ""Mogbante"", ""Waman"", ""Loajoule"", ""Baga"", ""Yakassi"", ""Chodouko"", ""Kali"", ""Jiunjiunde"", ""Tiore"", ""Tamabade"", ""Natchamba"", ""Natchammba"", ""Kadjika"", ""Chaboua"", ""Alidounpo"", ""Tayaro"", ""Loande"", ""Bikambombe"", ""Bikambonbe"", ""Bikammbommbe"", ""Bounlare"", ""Tchoutchoubeni"", ""Koudyobe"", ""Koujiobe"", ""Lele"", ""Lelle"", ""Sansale"", ""Tcheoka"", ""Tchiorgo"", ""Laou"", ""Wakade"", ""Boukoukpanbe"", ""Kabikou"", ""Biakopabe"", ""Biakpabe"", ""Bandjal"", ""Bandjeli"", ""Bangeli"", ""Banjeli"", ""Banyeli"", ""Panjere"", ""Douande"", ""Bissibi"", ""Fono"", ""Bouzem"", ""Kadoue"", ""Ditanpayabouri"", ""Tabale"", ""Akalede"", ""Dengbaza"", ""Sanpa"", ""Kanboua"", ""Niadou"", ""Kojenade"", ""Banjena"", ""Tchitchoa"", ""Onbatedempo"", ""Badao"", ""Belemele"", ""Sara"", ""Afoou"", ""Bitankpan"", ""Bounkouloum"", ""Kabanda"", ""Kabou"", ""Kabu"", ""Insalabou"", ""Kabanda"", ""Kouangan"", ""Koudyobon"", ""Koujioubon"", ""Boussekou"", ""Tameme"", ""Kalia"", ""Bassoude"", ""Wakade"", ""Sante-Haut"", ""Sante-Bas"", ""Koudyoman"", ""Koujioman"", ""Bia"", ""Sondina"", ""Nintambada"", ""Nintammbada"", ""Kperea"", ""Koundouta"", ""Pitambade"", ""Pitammbade"", ""Konadiou"", ""Niempenou"", ""Pesside Koundoum"", ""Bindiba"", ""Tioutiou"", ""Manka"", ""Paktanga"", ""Nikpakpare"", ""Haba"", ""Daboute"", ""Kada"", ""Kakourou"", ""Samba"", ""Sammba"", ""Takoundou"", ""Lie"", ""Tikakan"", ""Koulassi"", ""Lanke"", ""Nakpate"", ""Tiakasso"", ""Akomomboua"", ""Akomommboua""]",Disconnected polygon component; identity as island or administrative fragment not independently established.
gb:TGO:ADM2:56601680B13855645397073,Yoto,Togo,TG0307,0,1,1261.096411,"[1.245695, 6.423160000000109, 1.641075, 6.922085]",140,"[""Gnagbali Kope"", ""Nyagbali Kope"", ""Tchekpo Deve"", ""Gati"", ""Anagali"", ""Tchekpo Anagani"", ""Adire Kope"", ""Adjirekope"", ""Kodji Kope"", ""Rhodemi"", ""Tchekpo"", ""Tchekpo Dedekpoe"", ""Adjire Kouba Kondji"", ""Djirikouba"", ""Zoume"", ""Ahepe Kpoula"", ""Ahepe-Kpooula"", ""Ese Nadje"", ""Esse Nadje"", ""Esse Nadjin"", ""Ahepe Nouatche"", ""Ahepe Nuatche"", ""Awesi"", ""Tabligbo"", ""Tablizhbo"", ""Kpokou Kondji"", ""Ese Zogbedji"", ""Esse Zogbedji"", ""Sogbedji"", ""Soghedji"", ""Maosi Djogbe"", ""Maossi Djogbe"", ""Aoute Kondji"", ""Awoute Kondji"", ""Zebe"", ""Kini Kondji"", ""Sikpe Adegou"", ""Ahepe Agbleta"", ""Ahepe Agbletta"", ""Saba"", ""Ahepe"", ""Ahepe Asiko"", ""Ahepe Assiko"", ""Ahepe Akposo"", ""Ahepe Akposso"", ""Ahepe Pokli"", ""Asou Kondji"", ""Assou Kondji"", ""Kondji Kpodonou"", ""Kpodonoukope"", ""Podonou Kope"", ""Dome"", ""Dekadye"", ""Ahepe Hekpoui"", ""Ahepe Rhekpoui"", ""Dzafi"", ""Zafi"", ""Koudjonou"", ""Afadonou"", ""Afadonou Kondji"", ""Meboudanou Kondji"", ""Akplagasou Kope"", ""Akplagassoukope"", ""Kplagassou Kope"", ""Ounsouvi"", ""Sika Kondji"", ""Ametonou"", ""Amosime"", ""Amoussime"", ""Agbati Kope"", ""Haho Kpodji"", ""Atakpamede"", ""Kouve Gboli"", ""Adabiam"", ""Adabyaou"", ""Akonda Kondji"", ""Dekou Kope"", ""Bemina Kondji"", ""Gboto Asigame"", ""Gboto Assigame"", ""Ese Zogbedji"", ""Gboto Vodougba"", ""Gboto Vodougbe"", ""Kouve"", ""Kouve Atra"", ""Kouve Atran"", ""Kouwe"", ""Pate Diyogbe"", ""Tokpli"", ""Topli"", ""Gboto Eklohome"", ""Amou Kope"", ""Gbenbleve"", ""Gboto Atchame"", ""Gboto Atcheme"", ""Alogbale Kope"", ""Nousourou Kope"", ""Noussouroukope"", ""Agbodrafo"", ""Gboto Koisidame"", ""Gboto Koissidame"", ""Ese Godjen"", ""Ese-Godje"", ""Esse Godjen"", ""Esse-Godjin"", ""Evi Kope"", ""Yoto Kope"", ""Gboto Zeve"", ""Gboto-Seve"", ""Esse Ana"", ""Tove"", ""Kovi Kope"", ""Rhonyo Kondji"", ""Zouvi"", ""Godjeme"", ""Adate Kope"", ""Yoto Kope"", ""Lakata Kondji"", ""Aglenosihoue"", ""Afidenjonskpe"", ""Afidenyon-Sikpe"", ""Afidenyukonyi"", ""Ksipe Afidegnon"", ""Ksipe Afidenyon"", ""Midegode"", ""Dahoue"", ""Daroue"", ""Atouikondji"", ""Dekondji"", ""Zohoudji"", ""Tometikondji"", ""Adjakope"", ""Zouvi"", ""Guagane"", ""Kodjilou"", ""Djombe"", ""Tetekpokoudji"", ""Rapides D' Arandoule"", ""Rapides D' Adjarala"", ""Rapides De Begba""]",Disconnected polygon component; identity as island or administrative fragment not independently established.
gb:TGO:ADM2:56601680B14222633765071,Tchaoudjo,Togo,TG0105,0,1,2395.634231,"[0.87326800000011, 8.658666, 1.444546000000116, 9.324488]",126,"[""Sada"", ""Ssada"", ""Lagoro"", ""Yare Kabre"", ""Kediebi"", ""Batchang"", ""Yare Yare"", ""Bayaide"", ""Tema"", ""Lama Tessi"", ""Kotomboua"", ""Kotonmboua"", ""Station-Despalang"", ""Yaokope"", ""Kalare"", ""Kassena"", ""Sassemmpte"", ""Sassempte"", ""Birini"", ""Dubouide"", ""Chalo"", ""Tchalo"", ""Tschalo"", ""Tsohalo"", ""Katambara"", ""Katammbara"", ""Jelifa"", ""Paratao"", ""Parataou"", ""Paratau"", ""Yelifa"", ""Perigue"", ""Kouya"", ""Segbegouni"", ""Douakouya"", ""Salimde"", ""Salimmde"", ""Sabarangade"", ""Sokode"", ""Kouvon"", ""Koubon"", ""Wassara Bo"", ""Saheringabe"", ""Niaranga"", ""Tchavade"", ""Aguidagbade"", ""Bambouye"", ""Kedji Kandjo"", ""Kedeode"", ""Kedia"", ""Doubouranda"", ""Pangalan"", ""Foulandi"", ""Baounda"", ""Kaode"", ""Loso-Tchitchao"", ""Losso Tchitchao"", ""Tchalanide"", ""Boumberi"", ""Sagbade"", ""Segoede"", ""Afadade"", ""Passawa"", ""Passoua"", ""Koumoniade"", ""Koumonyade"", ""Avadade"", ""Wassera Kadero"", ""Egouandi"", ""Tiodiga"", ""Flandi"", ""Kiangue"", ""Barangade"", ""Skapatei"", ""Azanade"", ""Tchaouronde"", ""Kaode"", ""Agbanjalade"", ""Avalao"", ""Chalande"", ""Tao"", ""Toa"", ""Kagnelo"", ""Katiao"", ""Agoulou"", ""Agoutou"", ""Bayakou"", ""Beiaku"", ""Akpode"", ""Kolina Kohidji"", ""Bouzaloda"", ""Legouanselande"", ""Amande"", ""Djuelo"", ""Massoo"", ""Asasa"", ""Azaza"", ""Tambo"", ""Tambou"", ""Tamdo"", ""Tammbou"", ""Amaoude"", ""Amaide"", ""Toregade"", ""Torogode"", ""Flandi"", ""Ekbese"", ""Kadiozoura"", ""Kokouba"", ""Bojonk"", ""Kevena"", ""Foulandi"", ""Lao"", ""Sodeme"", ""Aleheride"", ""Kivinga"", ""Adanauara"", ""Kouka"", ""Kangandem"", ""Pasa"", ""Kemini"", ""Fazade"", ""Soulou"", ""Toboni"", ""Bomboua"", ""Kado""]",Disconnected polygon component; identity as island or administrative fragment not independently established.
gb:TGO:ADM2:56601680B17532793096074,Tchamba,Togo,TG0104,0,1,3197.338425,"[1.226982, 8.351032, 1.650192000000118, 9.284278000000143]",80,"[""Dogokodji"", ""Fouloum"", ""Iba"", ""Ofe"", ""Samai"", ""Samanyi"", ""Mono"", ""Afitialakofe"", ""Odonko"", ""Diamassi"", ""Bagou"", ""Bagu"", ""Tinande"", ""Agoumana"", ""Diome"", ""Samana"", ""Goubi"", ""Gubi"", ""Adjouga"", ""Kokbete"", ""Igbometji"", ""Cabole"", ""Cambole"", ""Gambole"", ""Kaboli"", ""Kambole"", ""Kanmbole"", ""Danhadanha"", ""Kofe Agba"", ""Kofordia"", ""Babansaoude"", ""Banbansaoude"", ""Koussountou"", ""Bouya"", ""Balanka"", ""Bariba"", ""Parampa"", ""Paremmpa"", ""Parempa"", ""Koutangoli"", ""Yelemmpa"", ""Yelempa"", ""Koutiona"", ""Kouloumi"", ""Gbebare"", ""Koloware"", ""Alibi"", ""Kangba"", ""Dantcho"", ""Dantjo"", ""Atou Goudoni"", ""Satode"", ""Kokuolo"", ""Ntchourou"", ""Kouboni"", ""Kuboni"", ""Larini"", ""Tchamba"", ""Guifela"", ""Akoua"", ""Dangma"", ""Adjeouro"", ""Afem"", ""Kazale"", ""Tchamba Kabre"", ""Ketou"", ""Talo"", ""Isas"", ""Kion"", ""Azam"", ""Kominide"", ""Adjeide"", ""Adjkrede"", ""Kirikri"", ""Kjirkjiri"", ""Kri-Kri"", ""Kyiridyiri"", ""Kazakale"", ""Sominide"", ""Kapan""]",Disconnected polygon component; identity as island or administrative fragment not independently established.
gb:TGO:ADM2:56601680B17683608517106,Oti,Togo,TG0514,0,1,1541.855629,"[0.183349, 10.12462, 0.680883, 10.686127000000113]",95,"[""Fareo"", ""Nantchare"", ""Fare"", ""Diadoni"", ""Tiande"", ""Nakpouekou"", ""Padori"", ""Koumongoukan"", ""Be├╝Ni"", ""Paiokou"", ""Payokou"", ""Nabouakou"", ""Sadori"", ""Natiri"", ""Tchawouikan"", ""Nadoti"", ""Niambade"", ""Niammbade"", ""Koukombou"", ""Koukommbou"", ""Mankie"", ""Manian"", ""Sadori"", ""Bonsougou"", ""Saka"", ""Tchiri"", ""Toutionga"", ""Sangbana"", ""Maniadjoti"", ""Manja"", ""Manya"", ""Fonboro"", ""Mango"", ""Nsara"", ""N'Zara"", ""Sansane-Mangu"", ""Sansanne-Mango"", ""Sanssane-Mango"", ""Kpelo"", ""Tiekou"", ""Awareke"", ""Akpoissou"", ""Nabati"", ""Kerkete"", ""Nanbouessou"", ""Jawari"", ""Domaine Gravillou"", ""Wandegue"", ""Koundjouare"", ""Nawakassou"", ""Pouapouarakou"", ""Sabouenou"", ""Politi"", ""Tchanaga"", ""Tsanaga"", ""Galangachi"", ""Galangashi"", ""Gatangachi"", ""Kalangachi"", ""Kalangaschi"", ""Karangatji"", ""Djanbori"", ""Gbinba"", ""Ponio"", ""Tontondi"", ""Barkoisi"", ""Barkoissi"", ""Barkouassi"", ""Papoualoni"", ""Kaditieri"", ""Nasiegou"", ""Nassiegou"", ""Namiele"", ""Loko"", ""Ponio"", ""Sinteri"", ""Tianaka"", ""Nagbeni"", ""Hachingou"", ""Hatchingou"", ""Nagbeni"", ""Nagbeni Tchokossisse"", ""Nagbeni-Tchokosise"", ""Bouase"", ""Bouasse"", ""Biaga"", ""Tiankalhou"", ""Nyimountchiga"", ""Moulimane"", ""Kpinbonga"", ""Boubogou"", ""Napirkang"", ""Naprekango"", ""Napretango"", ""Titiegou""]",Disconnected polygon component; identity as island or administrative fragment not independently established.
gb:TGO:ADM2:56601680B24632394959352,Sotouboua,Togo,TG0103,0,1,3146.163966,"[0.616985, 8.359717000000103, 1.268684, 9.053793000000155]",53,"[""Kasa"", ""Kaza"", ""Tchebebe"", ""Bodjonde"", ""Bondjonde"", ""Kasaboua"", ""Kazaboua"", ""Lama Wede"", ""Ta Wede"", ""Tigbada"", ""Djabataoure"", ""Djabataure"", ""Djabatore"", ""Djabotaure"", ""Djebotaure"", ""Dyabotaoure"", ""Sotouboua"", ""Dereboua"", ""Bouvolem"", ""Bouvoleme"", ""Bowolem"", ""Sessaro"", ""Titigbe"", ""Kaniamboua"", ""Kanyamboua"", ""Kanyiammboua"", ""Dalangda"", ""Niangoulam"", ""Niangoulame"", ""Ayengre"", ""Ayenngre"", ""Melamboua"", ""Melanmboua"", ""Koumbatara"", ""Kelouda"", ""Fasao"", ""Fasaou"", ""Fasau"", ""Fasuu"", ""Fazao"", ""Fazaou"", ""Fisao"", ""Babade"", ""Kedjeboua"", ""Ketgebona"", ""Agbale"", ""Kolonabois"", ""Kolonaboua"", ""Kolonabua"", ""Kolonbua"", ""Kolonouboua"", ""Aou Losso"", ""Aou-Lasso""]",Disconnected polygon component; identity as island or administrative fragment not independently established.
gb:TGO:ADM2:56601680B28886338508193,Danyi,Togo,TG0404,0,1,396.118582,"[0.598244, 7.072362, 0.800817000000166, 7.389851]",34,"[""Sadome"", ""Ikpa Anigbe"", ""Ykpa-Anigbe"", ""Ndigbe"", ""Ndigbe Apedome"", ""Koudjravi"", ""Afegame"", ""Wli Apegame"", ""Koudjiragan"", ""Koudjragan"", ""Kakpa"", ""Keteme"", ""Djedrame"", ""Apeyeme"", ""Dalave Todome"", ""Mimpassem"", ""Dzogbegan"", ""Dafo"", ""Kpeto"", ""Bogo"", ""Bogo Ahlo"", ""Bogo Arlon"", ""Illigo"", ""Ouetrape"", ""Tinipe"", ""Elavagnon"", ""Elawagnon"", ""Afiadegniba"", ""Afidegnigba"", ""Denou"", ""Babahoe"", ""Ounadjassi"", ""Todome"", ""Amouta""]",Disconnected polygon component; identity as island or administrative fragment not independently established.
gb:TGO:ADM2:56601680B30245465113687,Keran,Togo,TG0206,0,1,2017.961525,"[0.643524000000184, 9.844559, 1.310982, 10.289993]",123,"[""Awassa"", ""Nandoundia"", ""Tiasside"", ""Likadiol"", ""Tounta"", ""Fouleo"", ""Ouarde"", ""Uarde"", ""Warte"", ""Tirte"", ""Oukoure"", ""Anima"", ""Pandia"", ""Atelo"", ""Sandiane"", ""Intioungouta"", ""Akponte"", ""Atetou"", ""Anima"", ""Kountelaou"", ""Atetou"", ""Tapounte"", ""Tapouta"", ""Adjaite"", ""Anatoa"", ""Tapouhoukou"", ""Mantinteleo"", ""Atalote"", ""Nalemate"", ""Pangadieka"", ""Mandou"", ""Pamou"", ""Npoula Tieka"", ""Pamber"", ""Pammber"", ""Tantanierta"", ""Boutaniempa"", ""Kande"", ""Kante"", ""Niande"", ""Nyande"", ""Soute"", ""Tiofolempo"", ""Nialo"", ""Mandouta"", ""Wihote"", ""Tagbese"", ""Tagbesse"", ""Sola"", ""Fiangata"", ""Oukouyote"", ""Titira"", ""Selebino"", ""Kpasside"", ""Pesside"", ""Tapounde"", ""Tapounte"", ""Kouba Tie"", ""Soute"", ""Bontan"", ""Baredjian"", ""Komite"", ""Animene Tie"", ""Gonbde"", ""Koupagou"", ""Nangoua Nangre"", ""Pango"", ""Nandri"", ""Diboni"", ""Dissani"", ""Pesside"", ""Namoute"", ""Koutougou"", ""Kouilo"", ""Kon"", ""Oungan"", ""Pagou"", ""Namoute"", ""Namoute"", ""Ayandete"", ""Ayanelete"", ""Gonnete"", ""Kouatie"", ""Kankangbe"", ""Koukouo Tougou"", ""Koudouogou"", ""Niatari"", ""Kankangbe"", ""Soute"", ""Soute"", ""Gonnete"", ""Atigbe"", ""Bako Samaba"", ""Koudan-Mangou"", ""Gonnete"", ""Bako Touga"", ""Namoute"", ""Namoute"", ""Kankangbe"", ""Kouadangou"", ""Tchintchingou"", ""Gonnete"", ""Kankangbe"", ""Namoute"", ""Soute"", ""Koumagou"", ""Kankangbe"", ""Namoute"", ""Naboulgou"", ""Nabulgu"", ""Nadoba"", ""Koukouangou"", ""Kondia"", ""Natiboni"", ""Tankpapieni"", ""Koumakanga"", ""Kondala"", ""Adoukbe"", ""Koyer"", ""Wo"", ""Tiankouene"", ""Dozo"", ""Baniane""]",Disconnected polygon component; identity as island or administrative fragment not independently established.
gb:TGO:ADM2:56601680B4042875560778,Kloto,Togo,TG0412,0,1,527.751938,"[0.51471800000013, 6.748674000000108, 0.76356, 7.092195]",77,"[""Gnive"", ""Iwe"", ""Nieve"", ""Njiwe"", ""Nyive"", ""Toko"", ""Yousakofe"", ""Youssakofe"", ""Kalakala"", ""Komiyaokofe"", ""Agoukpoeta"", ""Agripakope"", ""Klukofe"", ""Yeviefe"", ""Kavou"", ""Tome"", ""Bolomegble"", ""Mayondi"", ""Atchave"", ""Ouame"", ""Wome"", ""Kpadafe"", ""Kpadape"", ""Donokofe"", ""Ahoundjo"", ""Djigbe"", ""Aveno"", ""Aweno"", ""Sadome"", ""Tove"", ""Agbessia"", ""Hadede"", ""Volove"", ""Agome-Palime"", ""Kpalime"", ""Palime"", ""Todji"", ""Douga"", ""Kpodji"", ""Anguedi"", ""Kousountou"", ""Koussountou"", ""Tsame"", ""Konda"", ""Misahoehe"", ""Misahohe"", ""Missahohe"", ""Tomegbe"", ""Yokele"", ""Asotodji"", ""Heme"", ""Kakleve"", ""Agouam Yo"", ""Yo"", ""Amousoukofe"", ""Amoussoukofe"", ""Hausberg"", ""Kloto"", ""Klouto"", ""Kluto"", ""Tokpli"", ""Bloma"", ""Tomegbe"", ""Tongbe"", ""Kame"", ""Woame"", ""Woume"", ""Wudome"", ""Adame"", ""Apoti"", ""Balla"", ""Seva"", ""Apedome"", ""Echouime"", ""Echouine"", ""Echuime"", ""Huime""]",Disconnected polygon component; identity as island or administrative fragment not independently established.
gb:TGO:ADM2:56601680B41562196478781,Ave,Togo,TG0301,0,1,1049.322574,"[0.71859000000012, 6.172836000000189, 1.104245000000162, 6.703035000000114]",304,"[""Zigbli"", ""Adyenyenya"", ""Asyabi"", ""Kemavo"", ""Kehodou"", ""Mesan"", ""Fyegbo"", ""Akancha"", ""Evohoun"", ""Adokpo"", ""Afangbedji"", ""Ablogbe"", ""Djikousere"", ""Komla"", ""Apelete"", ""Tekpolo"", ""Mikeso"", ""Dougan"", ""Hamenukorpe"", ""Kepodo"", ""Kpola"", ""Akepe"", ""Agbanati"", ""Bame"", ""Atidji"", ""Atidjon"", ""Alokenou"", ""Akepe Dzogbepime"", ""Akpa"", ""Nomanyo"", ""Fagbedji"", ""Halte"", ""Djeve"", ""Dagbesito"", ""Dangbessito"", ""Ahiamable"", ""Ayamagble"", ""Noepe"", ""Tonu"", ""Djodje"", ""Adjadebe"", ""Anviche"", ""Amassakope"", ""Kamasa Kope"", ""Kamassakope"", ""Kpevi Donion"", ""Blameke"", ""Weve"", ""Seveho"", ""Bame"", ""Bavi"", ""Gbave"", ""Agbalaho"", ""Balanbo"", ""Agove"", ""Bagbe"", ""Kpeveme"", ""Peveme"", ""Bagbe"", ""Bogdelo Kope"", ""Leketekope"", ""Dzoubeto"", ""Atiga Kope"", ""Doplala"", ""Dota"", ""Vodome"", ""Zebede"", ""Kpedje"", ""Zolo"", ""Batoume"", ""Zoubegan"", ""Edji"", ""Badja"", ""Dodji"", ""Atchakpati"", ""Atiapati"", ""Azano"", ""Valo"", ""Agoudiabadja"", ""Agoudja"", ""Agoudja Badja"", ""Agoudoukpe"", ""Kpeduhoe"", ""Atite Kope"", ""Hoholou"", ""Okpla"", ""Kouve"", ""Adjove"", ""Ahotokope"", ""Hle"", ""Abessakope"", ""Amake"", ""Voui"", ""Vwi"", ""Have Yope"", ""Tsiviepe"", ""Tsivyepe"", ""Kpetohi"", ""Vonougba"", ""Ando"", ""Vakbo"", ""Vakpo"", ""Fefehoe"", ""Tsiwi"", ""Apeyeme"", ""Keve"", ""Kewe"", ""Kewega"", ""Ozopekope"", ""Zogbe Kope"", ""Avedome"", ""Tenouve"", ""Tounouve"", ""Hetovi"", ""Kretove"", ""Rhetovi"", ""Ati"", ""Atti"", ""Voukope"", ""Vouto"", ""Avazikope"", ""Dokuikope"", ""Tawana"", ""Sogbepeme"", ""Zogbepeme"", ""Zogbepime"", ""Avoikope"", ""Goroume"", ""Kloumekpe"", ""Kobikope"", ""Koueve"", ""Abofla Kope"", ""Kebekope"", ""Adzahoun"", ""Asahoun"", ""Assahoun"", ""Kpesoume"", ""Kpessoume"", ""Kedji"", ""Garokope"", ""Diogbakpe"", ""Djegba"", ""Yekplekodji"", ""Kpatsougome"", ""Kpesougome"", ""Zomai"", ""Agodome"", ""Agorome"", ""Djaka Kope"", ""Hevou"", ""Rhevou"", ""Adjakpekope"", ""Ajiakpekope"", ""Gatoga"", ""Govi"", ""Tove"", ""Tove Kpedji"", ""Atchave"", ""Atiave"", ""Yometie"", ""Yomechin"", ""Yometchen"", ""Yometchin"", ""Badjanake"", ""Flakodzi"", ""Fyakodji"", ""Akinfenou"", ""Atenioufoue"", ""Atenyoufwe"", ""Ziwo"", ""Atiagome"", ""Koudasi"", ""Koudassi"", ""Ablame"", ""Amenoukpe"", ""Lomoi"", ""Menoukpoe"", ""Atchyonfre"", ""Zionou"", ""Agadji"", ""Bleterikope"", ""Essankope"", ""Ana"", ""Anha"", ""Bedo"", ""Oulenou"", ""Yoto"", ""Abowikovhe"", ""Batome"", ""Batoume"", ""Lome"", ""Avevoen"", ""Avevwen"", ""Vevoin"", ""Kolobo"", ""Woume"", ""Ga Kope"", ""Gbakope"", ""Alokpa"", ""Atiakope"", ""Atekoui"", ""Atekwi"", ""Atiave"", ""Gbafa Kope"", ""Abolegbe"", ""Adjogbenouko"", ""Diakope"", ""Komikope"", ""Kpodji"", ""Bekodji"", ""Kpekodji"", ""Touvoui"", ""Touvwi"", ""Rhoukope"", ""Wo Kope"", ""Agnoron"", ""Agnron"", ""Anyron"", ""Bedo"", ""Bodo"", ""Bedikpe"", ""Bedjikpe"", ""Gbome"", ""Agotime"", ""Kaedo"", ""Kodio"", ""Akakble"", ""Akakpoe"", ""Lemoue"", ""Lomoe"", ""Ankoukope"", ""Zioveme"", ""Zovieme"", ""Fokpo"", ""Toukouikope"", ""Avedjeta"", ""Avieteta"", ""Kaedo"", ""Setegbe"", ""Setekpe"", ""Adakope"", ""Helehoui"", ""Helenou"", ""Atatikope"", ""Zikpe"", ""Akoutsave"", ""Koutsave"", ""Zeve"", ""Didokoui"", ""Doudokpoe"", ""Abledo"", ""Agbledo"", ""Nagble Kope"", ""Aki"", ""Atti"", ""Amaniokpe"", ""Amenyoukpe"", ""Avego"", ""Agbesia"", ""Agbessia"", ""Tavega"", ""Tove"", ""Tovega"", ""Tovegan"", ""Towe"", ""Towega"", ""Zongo"", ""Avogo"", ""Dasi Kope"", ""Dassikope"", ""Hekpe"", ""Rhekpe"", ""Adiblikope"", ""Adigbli"", ""Agnave"", ""Agoniokope"", ""Agonyo Kope"", ""Anyave"", ""Agobaba"", ""Koudassi"", ""Amatetoukope"", ""Ametekou Kope"", ""Koudasi"", ""Koudassi"", ""Nyitakpo"", ""Yokbakope"", ""Adjakakope"", ""Adzyaka Kope"", ""Alakpa"", ""Alakpa Kope"", ""Aziakakope"", ""Tsipe"", ""Baka Kope"", ""Takbla"", ""Takpla"", ""Agotime"", ""Kpetavi"", ""Tedahoe"", ""Tedarhoe"", ""Banikope"", ""Banyi Kope"", ""Dafonou"", ""Dafounoukope"", ""Segbedji Kope""]",Disconnected polygon component; identity as island or administrative fragment not independently established.
gb:TGO:ADM2:56601680B43007755983133,Vo,Togo,TG0306,0,1,755.433577,"[1.36662500000017, 6.212149, 1.629509000000155, 6.578211]",218,"[""Togo"", ""Togoville"", ""Koumako"", ""Agbantokope"", ""Djankase"", ""Djankasse"", ""Badougbe"", ""Badougbe Bezoume"", ""Tagovi"", ""Kakpoui"", ""Kondo"", ""Agodeke"", ""Aisou"", ""Koui"", ""Rhosegbado"", ""Ekpoui"", ""Ekpui"", ""Kohoun"", ""Feglo"", ""Akoda"", ""Kouenou"", ""Koye Kope"", ""Kwenou"", ""Adjido Deka"", ""Agnrokope"", ""Agnronkope"", ""Amedjonokou"", ""Anyro Kope"", ""Oba"", ""Vogba"", ""Wogba"", ""Amento Kope"", ""Tonou Kondji"", ""Badji Kope"", ""Sokpo"", ""Agbedevi Kope"", ""Seva Tonou"", ""Seva-Apedome"", ""Sevaga"", ""Sevagan"", ""Sewaga"", ""Sewagan"", ""Zevaga"", ""Apenyigbe"", ""Adabou Kope"", ""Dabou Kope"", ""Akweta Kpegan"", ""Afidegnigban"", ""Afidenyigban"", ""Rhanou"", ""Apeda Kondji"", ""Kpota"", ""Tchideme"", ""Tchileme Kope"", ""Potassou Redje"", ""Potassou Rhedje"", ""Potosou"", ""Agbonagban"", ""Voga"", ""Vogan"", ""Woga"", ""Wogan"", ""Rhedjekope"", ""Ayata"", ""Gotivi"", ""Tome"", ""Adjodogou"", ""Devego"", ""Togodo"", ""Togodo Azimagle"", ""Gleve"", ""Bebeme"", ""Bebeme"", ""Beheme"", ""Akode Seva"", ""Akodesea"", ""Akodessea"", ""Akodessewa"", ""Hedjegan"", ""Redje"", ""Rhedjegan"", ""Sokome"", ""Zenkpleme"", ""Kloutche Kope"", ""Agoume"", ""Akakpo Kope"", ""Asinyo Kope"", ""Assinyokope"", ""Kouma"", ""Afatodji Kope"", ""Adourho Kondji"", ""Atouko Kondji"", ""Live"", ""Adakpo Kondji"", ""Hahatoe"", ""Hahote"", ""Hahotoe"", ""Legbanou"", ""Vo Koutime"", ""Vo Tokpli"", ""Wo Kotine"", ""Wo Koutime"", ""Wo-Kutime"", ""Adidogome"", ""Mamisi"", ""Mamissi"", ""Togome"", ""Afwime"", ""Avevonou"", ""Vo-Afouime"", ""Akbodia Kondj"", ""Tchelime"", ""Tchileme"", ""Voudjagble"", ""Hotatime"", ""Hottatime"", ""Sapeme"", ""Logoba"", ""Atisogbe"", ""Atissogbe"", ""Kponou"", ""Glope"", ""Kpota Oundadji"", ""Akoumape"", ""Kpotave"", ""Sagape"", ""Tometihonou"", ""Djeyi"", ""Djeypeme"", ""Zoume"", ""Popoin Doume"", ""Zogbedji"", ""Zogbedji Papedome"", ""Akpahonou"", ""Tigoe"", ""Tigoue"", ""Tigwetolome"", ""Vodje"", ""Kietchi"", ""Kletchi"", ""Kleti"", ""Atikpame"", ""Atiwe"", ""Vo Ative"", ""Vo-Attive"", ""Badjenope"", ""Klologo"", ""Klologokpodji"", ""Zooti Segbedji"", ""Tourhasi Kope"", ""Tourhassikope"", ""Zooti"", ""Hoeta"", ""Atetime"", ""Animabio"", ""Animaoio"", ""Akatchan"", ""Akatchang"", ""Mamissi"", ""Kpapala Kenou"", ""Logove"", ""Toka"", ""Tokagame"", ""Koveto"", ""Atchave"", ""Boko"", ""Atchadipeme"", ""Atchasi"", ""Atchassi"", ""Agbedepeme"", ""Yorhonou"", ""Mome Gbave"", ""Ologwe"", ""Nita"", ""Nita Zogbedji"", ""Nyita Dzogbedji"", ""Damabali"", ""Atchachime"", ""Atchetime"", ""Amegnran"", ""Amegnrankope"", ""Amenyran"", ""Balime"", ""Dzogbetoe"", ""Mome Baleme"", ""Mome Hounkpati"", ""Odjekpo"", ""Agoponou"", ""Apegame"", ""Atitolome Apegame"", ""Sagada Kope"", ""Dagbati"", ""Amavi Kope"", ""Djirekpo Rhagou"", ""Mome Rhagou"", ""Mome-Agouti"", ""Amegble"", ""Aso"", ""Vo Asso"", ""Vo-Aso"", ""Woaso"", ""Djokoko"", ""Djokoto"", ""Kpedji"", ""Kpedji Afiokou"", ""Ouatchidome"", ""Ouatchigome"", ""Watigome"", ""Adjegnio Kope"", ""Adjenyokope"", ""Atikpoevikope"", ""Atikpovi Kope"", ""Djenyo Kope"", ""Houndebakin Kondji"", ""Ounlewakin"", ""Ayahohou Kope"", ""Ayaouo Kope"", ""Yanou Kope""]",Disconnected polygon component; identity as island or administrative fragment not independently established.
gb:TGO:ADM2:56601680B43372711183576,Est-Mono,Togo,TG0405,0,1,2652.649466,"[1.121837, 7.795771000000116, 1.650547000000188, 8.47829]",127,"[""Afakodja"", ""Tetouiabakope"", ""Akapokope"", ""Golgossou"", ""Kablikodji"", ""Koundjanlonkope"", ""Agnougbate"", ""Mokelegbe"", ""Gaougble"", ""Kima"", ""Adjoekpa"", ""Afagome"", ""Avakodja"", ""Alemodji"", ""Katchoukouma"", ""Dousekboule"", ""Efofami Yeye"", ""Gougou"", ""Njamassila"", ""Njamassilla"", ""Nyamasila"", ""Nyamassila"", ""Nyamoussila"", ""Oliboukou"", ""Kiata"", ""Adjodo"", ""Afidenioumba"", ""Afodi"", ""Elavagnon"", ""Gbegue"", ""Gbagbadjakou"", ""Kokote"", ""Kotakota"", ""Mangouasi"", ""Mangouassi"", ""Oguapi"", ""Ogoufo"", ""Foufami"", ""Tokodie"", ""Abegba"", ""Abekba"", ""Patiama"", ""Afevi"", ""Akakahonhon"", ""Okbo"", ""Okpo"", ""Abalo Kakaou"", ""Abalou-Kakaou"", ""Ogouala"", ""Haduo"", ""Neyepa"", ""Avedome"", ""Jebou-Jebou"", ""Yebou Yebou"", ""Assolakpo"", ""Adiakiti"", ""Igboloudja"", ""Dagou"", ""Mondlabele"", ""Ofe"", ""Tiati"", ""Ayekpada"", ""Anyibou"", ""Atikpai"", ""Adoubatou"", ""Atioukoufe"", ""Matregbedje"", ""Atiakodio"", ""Ekpa"", ""Agodeka"", ""Agorika"", ""Kalekodi"", ""Kpedji"", ""Kpessi"", ""Pessi"", ""Aganho"", ""Doba"", ""Agbodrafo"", ""Afoudenyiban"", ""Agbanho"", ""Dogba"", ""Bodie"", ""Apaki"", ""Dadja"", ""Agbeleou"", ""Alakope"", ""Kamina"", ""Kotongbo"", ""Atake"", ""Moretan"", ""Morita"", ""Tchekele"", ""Ekpa"", ""Ligo"", ""Tiadikoffe"", ""Kpokodje"", ""Attia"", ""Gougoume"", ""Foudjae"", ""Foudjai"", ""Foudjaye"", ""Agan"", ""Agala"", ""Onko"", ""Lekoan"", ""Atepa"", ""Badia"", ""Kaniame"", ""Odigouro"", ""Konta"", ""Tchekita"", ""Kouladabo"", ""Atikpai"", ""Atikpay"", ""Atitpaye"", ""Kokolo"", ""Borobodji"", ""Totoi"", ""Amodoukoute"", ""Adioba"", ""Kounyion"", ""Kounyon"", ""Deguere"", ""Tientioubessa"", ""Niada"", ""Beledai"", ""Issati""]",Disconnected polygon component; identity as island or administrative fragment not independently established.
gb:TGO:ADM2:56601680B44378348729827,Kozah,Togo,TG0207,0,1,1085.738975,"[0.913277, 9.362844000000166, 1.39821400000011, 9.75175600000017]",81,"[""Fadao"", ""Pampouelou"", ""Kadieka"", ""Noumbanda"", ""Noumbannda"", ""Kiande"", ""Lamba"", ""Filandi"", ""Awandjello"", ""Awandjelo"", ""Kokondi"", ""Kokoudi"", ""Atchangbade"", ""Kakioumba"", ""Pasonde"", ""Aranda"", ""Gbao"", ""Lambo"", ""Katiombiya"", ""Sumbo"", ""Yaka"", ""Aban"", ""Kpindi"", ""Agougou"", ""Kpouindi"", ""Waya"", ""Bounon"", ""Baouda"", ""Diamde"", ""Djamde"", ""Dyambe"", ""Kpezinde"", ""Landa"", ""Landa Pozenda"", ""Meda"", ""Welou"", ""Kozah"", ""Alembonda"", ""Kara"", ""Lama"", ""Lama-Kara"", ""Bo"", ""Bohou"", ""Bao"", ""Baou"", ""Sahoude"", ""Kpeda"", ""Tikou"", ""Yade"", ""Lasa"", ""Lassa"", ""Tihalea"", ""Akinda"", ""Tchitchao"", ""Kaoua"", ""Kaua"", ""Sarakaoa"", ""Sara-Kawa"", ""Lama Bou"", ""Tchawia"", ""Touli"", ""Kpesside"", ""Pesside"", ""Soumdina"", ""Soundina"", ""Lohou"", ""Pangalo"", ""Houde"", ""Ouyamde"", ""Tchare"", ""Kase"", ""Kasse"", ""Piya"", ""Pya"", ""Landa"", ""Kpadayo"", ""Kodiene Ite"", ""Kodiene Isoda"", ""Kodiene Issoda"", ""Kemea"", ""Koumea""]",Disconnected polygon component; identity as island or administrative fragment not independently established.
gb:TGO:ADM2:56601680B44610096966608,Zio,Togo,TG0308,0,1,2163.539974,"[0.896983000000148, 6.190031, 1.405788, 6.871072]",511,"[""Akakpo"", ""Asou"", ""Ziogba"", ""Lebe"", ""Lebega"", ""Sidomi"", ""Klouvi"", ""Kwengan"", ""Mirhedo"", ""Touta Kope"", ""Dosavi"", ""Djavedji"", ""Homakue"", ""Akouse"", ""Apougon"", ""Avougon Kope"", ""Fatao Kope"", ""Adidome"", ""Adjidome"", ""Ameleke"", ""Kodeme"", ""Abobo"", ""Kodesoa"", ""Vokeme"", ""Bodave"", ""Klou Kope"", ""Gagban"", ""Kalape"", ""Koudemo Kope"", ""Djagble"", ""Kpogede"", ""Kpoguede"", ""Kledoume"", ""Alaglo"", ""Alaglo Kope"", ""Kope"", ""Kpogede"", ""Kpoguede"", ""Sagonou"", ""Bama"", ""Bama Kope"", ""Kepegble"", ""Kepekble"", ""Have"", ""Hiama Kope"", ""Erhlan"", ""Hla"", ""Aveta"", ""Aweta"", ""Aondou"", ""De Kope"", ""Kleme"", ""Dekpo"", ""Atitoe"", ""Aziadome"", ""Gaokope"", ""Zegle"", ""Zeglegan"", ""Loue"", ""Tovegble"", ""Kounadjekou Kope"", ""Tefia"", ""Tovegble"", ""Saouve"", ""Seouve"", ""Noegpeble"", ""Diaoule Kope"", ""Dyaoule"", ""Sevagbleta"", ""Adjobeti Kope"", ""Adjogidi"", ""Adjoguidi"", ""Tedo"", ""Kpeli Kope"", ""Pevienoukope"", ""Diassekope"", ""Diose Kope"", ""Agligo"", ""Bogame"", ""Kpogame"", ""Boga Kope"", ""Emoe Kope"", ""Moekope"", ""Atitso Kope"", ""Savime"", ""Wasouke"", ""Wassouke"", ""Aye"", ""Rhaye"", ""Avalepo"", ""Djimeki"", ""Avalepo"", ""Emone"", ""Voume"", ""Djiossegble"", ""Djossegble"", ""Bini Kope"", ""Agoute"", ""Tahasi"", ""Tahassi"", ""Tahassie"", ""Tansi"", ""Michon-Tove"", ""Mission-Tove"", ""Tsame"", ""Kloutse Kope"", ""Akadiame"", ""Kadiame"", ""Kota"", ""Kota Bleta"", ""Vogan"", ""Adidovi"", ""Adidovikope"", ""Didovi Kope"", ""Koulosi Kope"", ""Koulossikope"", ""Agome"", ""Azome"", ""Tsive"", ""Komla Kope"", ""Tagakope"", ""Tanakope"", ""Akoviepe"", ""Akovyepe"", ""Kovie"", ""Koviepe"", ""Kovyepe"", ""Heknovi"", ""Lanbade Kope"", ""Sohoukope"", ""Asome"", ""Assome"", ""Zobekope"", ""Aziakpo Kope"", ""Ablochrhi Kope"", ""Togble"", ""Amebleve"", ""Amegbleve"", ""Agondavi"", ""Lable Kope"", ""Valakope"", ""Valokope"", ""Atchanve"", ""Atchave"", ""Vegoueme"", ""Voeve"", ""Atchave"", ""Golodome"", ""Labavi Kope"", ""Tekpo"", ""Tsologou"", ""Deponou"", ""Pakli Kope"", ""Davie"", ""Davye"", ""Dawie-Dekpo"", ""Dalave"", ""Ziovounou"", ""Agbate Kope"", ""Begame"", ""Gbegame"", ""Klovi Kope"", ""Ezo"", ""Adjira Kope"", ""Fli"", ""Viy"", ""Vly"", ""Kouawe"", ""Kuahoe"", ""Kwahwe"", ""Sedjro"", ""Iobo"", ""Yobo"", ""Kagen Kope"", ""Kaguenkope"", ""Kodjagbo"", ""Gatible"", ""Agbalame"", ""Nossi Kope"", ""Nyosi Kope"", ""Nyossikope"", ""Ativeme"", ""Bolou"", ""Bolougan"", ""Kondoive"", ""Zogbe Kope"", ""Tsevie"", ""Tsevye"", ""Tzevie"", ""Agbadome"", ""Agbadoume"", ""Vedekou"", ""Kpali"", ""Deve"", ""Kpatefi"", ""Kpeme"", ""Davede"", ""Adato"", ""Alokoegbe"", ""Agbatope"", ""Blevie"", ""Gblainvie"", ""Gblenvie"", ""Enuy"", ""Vamassi"", ""Vamatchi"", ""Kpetchi"", ""Kpoedji"", ""Bolou Kpeta"", ""Kpeta"", ""Tchati"", ""Ttchati"", ""Guedje"", ""Guedji"", ""Fogbe"", ""Fongbe"", ""Fongbe Dzogbedji"", ""Dekpo"", ""Bodougpe"", ""Bodoukpe"", ""Kolokpe"", ""Kolokope"", ""Petchi Kope"", ""Fokoun"", ""Foukonou"", ""Agoreke"", ""Hedjene"", ""Mediene"", ""Atisobe Kope"", ""Atissobekope"", ""Avedji"", ""Kodji"", ""Poguiessou"", ""Pogyesou"", ""Kodjo"", ""Apedome Fongbe"", ""Fogbe Apedome"", ""Fongbe Apedome"", ""Glokpui"", ""Klokpe"", ""Klokpoe"", ""Klokpwe"", ""Tchati"", ""Glidji"", ""Dedje"", ""Zobedji"", ""Ave Djen"", ""Edjene"", ""Avedie"", ""Avedje"", ""Esoun"", ""Essoun"", ""Have"", ""Have Kope"", ""Djodjire"", ""Atiove"", ""Have"", ""Hawe"", ""Ekpeve"", ""Kpeve"", ""Bedieme"", ""Erhe"", ""Hehe"", ""Notchekpe"", ""Abazikope"", ""Agoreke"", ""Doulogoe"", ""Toume"", ""Valoufou"", ""Dafoleame"", ""Dafolenyame"", ""Djogbedji"", ""Kpogede"", ""Kpoguede"", ""Kpoguere"", ""Flelouve"", ""Flemouve"", ""Afate"", ""Atchave"", ""Avlata"", ""Wodou"", ""Atindou"", ""Atinndou"", ""Enyidje"", ""Nyide"", ""Asenou Kope"", ""Assenoukope"", ""Heti Kope"", ""Amave"", ""Tsingoe"", ""Tsinngoe"", ""Adangbe"", ""Kpedji"", ""Adjodakope"", ""Nirekpe"", ""Nyilekpe Kpenou"", ""Tsevietokope"", ""Akpafia"", ""Dono"", ""Dzikale"", ""Tzikane"", ""Balekpo"", ""Batekpo"", ""Nosi Kope"", ""Nossikope"", ""Sevo Kope"", ""Toumali"", ""Agadjakpe"", ""Kavege Kope"", ""Kaveguekope"", ""Koubinoukoue"", ""Koubinoukwe"", ""Lili Kope"", ""Lilikove"", ""Abidikope"", ""Vogba Kope"", ""Voukpe"", ""Tave"", ""Tavekweme"", ""Aholoukope"", ""Agokpe"", ""Agokpwe"", ""Ouatam"", ""Wato"", ""Anazive"", ""Hilhagbe"", ""Rhli Agbe"", ""Djatikpo"", ""Djiatikpo"", ""Agodoukope"", ""Niassive"", ""Nyasive"", ""Nyassive"", ""Didokpo"", ""Afokponoe"", ""Dekame"", ""Adjave"", ""Atchanve"", ""Atchave"", ""Nyita"", ""Toutou Kope"", ""Etoe Kope"", ""Touekope"", ""Azikope"", ""Djogbekope"", ""Eglozoukope"", ""Glozou Kope"", ""Agbetim"", ""Agbetime"", ""Djakpo"", ""Nyanetchi"", ""Gafe"", ""Gape"", ""Jafade"", ""Yafade"", ""Avegan"", ""Kouni"", ""Kouni Kope"", ""Djebe"", ""Zebe"", ""Begbe"", ""Kpevego"", ""Lokodope"", ""Deve"", ""Doeve"", ""Tonoumase"", ""Tounoumasse"", ""Bokokope"", ""Deve"", ""Abvelebe"", ""Avelebe"", ""Kpeve"", ""Egbe"", ""Simane"", ""Adokpoue"", ""Adokpwe"", ""Agadia"", ""Agadja"", ""Dahoume"", ""Bidoeme"", ""Biduime"", ""Agligbe"", ""Dekleme"", ""Nouko"", ""Averekpe"", ""Dadekpe"", ""Djaveme"", ""Dzaveme"", ""Ntitidome"", ""Adjablekope"", ""Adjiable Kope"", ""Dafolenyame"", ""Kpedome"", ""Pedome"", ""Yorodo"", ""Agbodjekpoui"", ""Agbodjekpwe"", ""Todome"", ""Boga"", ""Bogan"", ""Kove"", ""Lonvo"", ""Lovo"", ""Adjido"", ""Veve"", ""Weve"", ""Blakpa Kope"", ""Klikape"", ""Klikapo"", ""Dedeke"", ""Derheke"", ""Vole Kope"", ""Voule Kope"", ""Aloyi"", ""Djakpo"", ""Djakpo Djobedji"", ""Avedje"", ""Agbelouve"", ""Tomegbe"", ""Togodoe"", ""Togodue"", ""Boga Afoudome"", ""Bogan"", ""Bogan Afoudome"", ""Kodji"", ""Kpodji"", ""Agokpe"", ""Kpetoe"", ""Atchakpwe"", ""Adjonikope"", ""Agokpe"", ""Djobedji Agokpo Tokpli"", ""Adialakope"", ""Adjrhala Kope"", ""Djobe Kope"", ""Dzobekope"", ""Avati Djobedji"", ""Djobedji"", ""Nyibo"", ""Nyigbe"", ""Akoli Kope"", ""Alikope"", ""Agbouto Kope"", ""Tafouroume"", ""Tafouroume Kewedji"", ""Abolokope"", ""Agokope"", ""Folivikope"", ""Nyative"", ""Nyiative"", ""Gamelili"", ""Sovou"", ""Gedji"", ""Guedji"", ""Fagadue"", ""Fragadouya"", ""Atite"", ""Atitoe"", ""Gamahe"", ""Gamarhe"", ""Gamegble"", ""Mesan Kope"", ""Messakope"", ""Abekope"", ""Batoume"", ""Adjetakope"", ""Ateta Kope"", ""Djeta Kope"", ""Atsoglokope"", ""Haviko"", ""Kpetzikope"", ""Togbli"", ""Tokpli"", ""Gaine"", ""Game"", ""Zive"", ""Koulekope"", ""Avedio"", ""Avedje"", ""Kodje"", ""Togba"", ""Toi Kope"", ""Ake"", ""Denakapoe"", ""Kpoli Kope"", ""Kpouli"", ""Avolokope"", ""Kplaba"", ""Kplagba"", ""Kplakba"", ""Voudoukope"", ""Wonougba"", ""Agonpala"", ""Atikole"", ""Haousakope"", ""Haoussakope"", ""Poklolo"", ""Tokpevie"", ""Gbedjeme"", ""Tokpo"", ""Toklolo"", ""Messaoue"", ""Fokpoe"", ""Djakpo"", ""Agbolokope"", ""Sokoukope"", ""Akakpodje"", ""Agbodjekpo"", ""Kotiokope"", ""Vedome"", ""Tokou""]",Disconnected polygon component; identity as island or administrative fragment not independently established.
gb:TGO:ADM2:56601680B44914344892125,Binah,Togo,TG0203,0,1,580.758105,"[1.188436000000138, 9.486571, 1.369754, 10.024984000000188]",62,"[""Kpeli"", ""Kueli"", ""Adumde"", ""Anande"", ""Lolu"", ""Sirka"", ""Ssirka"", ""Tialaide"", ""Beha"", ""Bohoun"", ""Ketao"", ""Koutaou"", ""Kuta"", ""Kutau"", ""Kemerida"", ""Koumerida"", ""Kanandia"", ""Dewa"", ""Aloumboukou"", ""Tereouda"", ""Kadianga"", ""Alemande"", ""Kaoua"", ""Kaua"", ""Siou Kawa"", ""Koukoude"", ""Kawa"", ""Farende"", ""Kpagouda"", ""Pagouda"", ""Tikare"", ""Lori"", ""Sonde"", ""Koloum"", ""Kagnisi"", ""Kagnissi"", ""Sode"", ""Asire"", ""Assire"", ""Kara"", ""Konfese"", ""Konfesse"", ""Pesere"", ""Pessare"", ""Pessere"", ""Boufale"", ""Koudja"", ""Kouyobe"", ""Sola"", ""Sorouba"", ""Ssorouba"", ""Sola"", ""Solla"", ""Kaparama"", ""Kouwahaya"", ""Kounianetme"", ""Kounyanetme"", ""Sihebi"", ""Nhoubokoi"", ""Ntounkoi"", ""Ntounkwe"", ""Ntounkoue""]",Disconnected polygon component; identity as island or administrative fragment not independently established.
gb:TGO:ADM2:56601680B47682688566924,Plaine de Mô,Togo,TG0102,0,1,1254.473953,"[0.376739, 8.513291, 0.788113000000124, 9.014805000000138]",21,"[""Agbamassoumou"", ""Tachi"", ""Taschi"", ""Tasse"", ""Tassi"", ""Souroukou"", ""Boulo"", ""Boulohou"", ""Gboloho"", ""Djarakpana"", ""Djereponi"", ""Kadiambara"", ""Kadianmbara"", ""Kadjambara"", ""Fala"", ""Folo"", ""Foloo"", ""Fukore"", ""Tolo"", ""Bolo"", ""Bongoulou""]",Disconnected polygon component; identity as island or administrative fragment not independently established.
gb:TGO:ADM2:56601680B4810153335262,Tone,Togo,TG0516,0,1,1219.845592,"[-0.075552, 10.662805000000105, 0.408578, 11.071766]",143,"[""Padouane"", ""Touangou"", ""Gbanouaga"", ""Kamelagou"", ""Dabogou"", ""Bidjanga"", ""Bidjenga"", ""Nagbong"", ""Kintik"", ""Kounkouate"", ""Morbagou"", ""Ganlore"", ""Konbogou"", ""Pana"", ""Pana Tierou"", ""Dasouti"", ""Dassouti"", ""Kpinparbagou"", ""Sigure"", ""Naloague"", ""Natala"", ""Bating"", ""Pana Kounkogo"", ""Batemane"", ""Parbiak"", ""Bakpansouga"", ""Nabonga"", ""Pana Bagou"", ""Parbiak"", ""Kourdjoaga"", ""Makou"", ""Djangou"", ""Naboague"", ""Ouarkambou"", ""Tanbangou"", ""Nadagou"", ""Gouzilles"", ""Balkok"", ""Mandime"", ""Boundjouare"", ""Boundjouaro"", ""Nadegre"", ""Batanbouare"", ""Nakiyakou"", ""Gouani"", ""Kourdjoaga"", ""Babona"", ""Gosieti"", ""Gossieti"", ""Tamatgou"", ""Tamatougou"", ""Kounkongbane"", ""Badore"", ""Dapanpergou"", ""Ligbatre"", ""Koumpiague"", ""Bomongue"", ""Kounkong"", ""Nagbong"", ""Nioukpourma"", ""Djabargou"", ""Jami"", ""Nakre"", ""Lodgekonkrugu"", ""Bomongue"", ""Ourgou Tigou"", ""Niongou"", ""Tamandjouare"", ""Djakperga"", ""Karsome"", ""Koudakou"", ""Nagmon"", ""Kogoudakou"", ""Dapango"", ""Dapaong"", ""Dapong"", ""Gbangbangtcha"", ""Natchare"", ""Konbonloga"", ""Konboulouaka"", ""Naloate"", ""Kariata"", ""Louanga"", ""Oulongou"", ""Kountongbong"", ""Deomouana"", ""Nasable"", ""Nassable"", ""Gabongbong"", ""Diabanta"", ""Nabogban"", ""Baniame Kantindi"", ""Nabonton"", ""Gouandjoga"", ""Oulongou"", ""Nayeng"", ""Banmiamie Kantindi"", ""Kantindi"", ""Katindi"", ""Nadjitindi"", ""Nadjondi"", ""Naki-Ouest"", ""Nakitindi"", ""Nakitindi-Ouest"", ""Nankitendi-Ouest"", ""Natjintend"", ""Nanergou"", ""Kounsogou"", ""Farenag"", ""Danpiong"", ""Namongou"", ""Logode"", ""Louanga"", ""Outimbiangou"", ""Outimmbiangou"", ""Paladi"", ""Nanbong"", ""Diapieni"", ""Nagouangou"", ""Kankongo"", ""Naklogo"", ""Naboulpiou"", ""Kpadjenta"", ""Kalagbangbong"", ""Gbetou"", ""Korbongou"", ""Nagbong"", ""Dontougou"", ""Kpong"", ""Namandouba"", ""Basoudougou"", ""Bassoutougou"", ""Kotouri"", ""Dalagou"", ""Diepieni"", ""Niobadjoani"", ""Dalagou"", ""Natigou"", ""Kong"", ""Kourientre"", ""Kourientre"", ""Bougou"", ""Baniame""]",Disconnected polygon component; identity as island or administrative fragment not independently established.
gb:TGO:ADM2:56601680B48376088277440,Wawa,Togo,TG0402,0,1,1243.849764,"[0.502243, 7.375391, 1.007868, 7.711109]",60,"[""Aminto"", ""Gbadi Bena"", ""Amekoussikope"", ""Adomi Abra"", ""Kemedisso"", ""Kpete Bena"", ""Agbokope"", ""Itoudou"", ""Elavagnon Agoudie"", ""Enaoue"", ""Enawe"", ""Kpete Maflo"", ""Boissi"", ""Gbadi Kougna"", ""Gbadi Atakpame"", ""Amouti"", ""Omouti"", ""Eketo"", ""Ekote"", ""Todomekope"", ""Agadja"", ""Akroa"", ""Tomegbe"", ""Gobe"", ""Ohan Okou"", ""Ong Ha"", ""Obe"", ""Bena"", ""Doume"", ""Todome"", ""Adossa"", ""Zougbega"", ""Ahoue Houe"", ""Zougbega Ouga"", ""Oudje"", ""Okou"", ""Oku"", ""Oklou"", ""Ounabe"", ""Badou"", ""Badu"", ""Kokoukope"", ""Benali"", ""Letobe"", ""Kaliko Agbo"", ""Djalouma"", ""Djidji"", ""Otandjobo"", ""Soto"", ""Klabe Afokpa"", ""Klabe Ofokpa"", ""Babiaille"", ""Tasso"", ""Abreouanko"", ""Abrewanko"", ""Kitchibo"", ""Ekoukoifoute"", ""Ekoukouafoute"", ""Klabe"", ""Klabe Apegame""]",Disconnected polygon component; identity as island or administrative fragment not independently established.
gb:TGO:ADM2:56601680B48471181858151,Ogou,Togo,TG0409,0,1,1943.990662,"[1.038974, 7.189569000000176, 1.677426, 7.738907]",235,"[""Kpegnon Atchikiti"", ""Djijonoukope"", ""Chila"", ""Zinnglakope"", ""Adanka"", ""Dokochroe"", ""Atiakeke"", ""Lekpakoji"", ""Arigono"", ""Ekrame"", ""Pogan"", ""Onetekope"", ""Akpakikope"", ""Tchaoro"", ""Atakpara"", ""Arengbo"", ""Odoli"", ""Baladjekope"", ""Boebe"", ""Ayole"", ""Zolou"", ""Gnavon"", ""Gnaguidikope"", ""Ganave"", ""Lilihoue"", ""Niebodji"", ""Adkepai Tchokoukon"", ""Kablekope"", ""Badji"", ""Amoukope"", ""Tchaloumikope"", ""Tialoum"", ""Tyaloum"", ""Tyaloumikope"", ""Glei"", ""Gohokope"", ""Jauwikovhe"", ""Aissaoui"", ""Koyachroe"", ""Sahou"", ""Gniboudji"", ""Yeyehoue"", ""Adiaboulkoukope"", ""Toboesse"", ""Kofigato"", ""Abouloukope"", ""Laroukope"", ""Safoukope"", ""Djambloukou"", ""Adedakope"", ""Teba"", ""Yacoubokope"", ""Yakoubokope"", ""Amoukope"", ""Amou Akpekpe"", ""Atake"", ""Egbegbekope"", ""Laouloukope"", ""Amounou"", ""Amoussale"", ""Kadjokope"", ""Ounlivou"", ""Ountivou"", ""Godocope"", ""Godokope"", ""Atake"", ""Djodji"", ""Ketabo"", ""Abessankope"", ""Aroukakope"", ""Sagnakope"", ""Atome"", ""Akboessoukope"", ""Afikope"", ""Aoukoukope"", ""Agouanta"", ""Badji"", ""Enadomi"", ""Afidegnigba"", ""Afidegnigban"", ""Tchantcha"", ""Abodji"", ""Tingue"", ""Afikope"", ""Amouchou"", ""Amoutchou"", ""Amutschu"", ""Nytorade"", ""Hamavou"", ""Beloue"", ""Betoue"", ""Fondecope"", ""Fondekope"", ""Atidie"", ""Tchouboupoue"", ""Klepe"", ""Egoukope"", ""Koussoukope"", ""Sodogacope"", ""Sodogakope"", ""Adanou"", ""Logossa"", ""Kotokope"", ""Atchakope"", ""Kpakpo"", ""Badegoekopermi"", ""Ngoboto"", ""Akouekpe"", ""Kelete Tale"", ""Asante"", ""Assante"", ""Akpakope"", ""Ayero"", ""Saragamada"", ""Nangbeto"", ""Nangbeto"", ""Nangbetou"", ""Nganbeto"", ""Koffikope"", ""Tota"", ""Kparafe"", ""Kpodjive"", ""Lomnava"", ""Akakai"", ""Djonougoue"", ""Egbeli"", ""Abalo Kpele"", ""Agbodjrovi"", ""Avedje"", ""Dadja"", ""Obi"", ""Agbokoro"", ""Koloukope"", ""Bovele"", ""Sicinni"", ""Tchoglitcho"", ""Ahomma Kpele"", ""Atokodje"", ""Akotea"", ""Konagoui"", ""Akpare"", ""Kolokope"", ""Katole"", ""Avete"", ""Atchahoue"", ""Togbe Ayiho"", ""Ahomma Gligohoue"", ""Afole"", ""Late"", ""Abagatchi"", ""Kofetchouko"", ""Akoutchobli"", ""Kafalouka"", ""Kporave"", ""Adjanouhoue"", ""Atalo"", ""Gbemaho"", ""Bleonoukope"", ""Tialakope"", ""Yolikope"", ""Alakoyo"", ""Digbare"", ""Koetadi"", ""Kossikope"", ""Afole"", ""Kofedo"", ""Okoutalakou"", ""Agbofon"", ""Atchou"", ""Gnougbo"", ""Tchonou"", ""Adjido"", ""Tiadi"", ""Agbonou"", ""Akpaka"", ""Katobodjo"", ""Lomnava"", ""Lette"", ""Toigbekope"", ""Toigbokope"", ""Oniadokope"", ""Gbeloe"", ""Kougnohou"", ""Ekloukope"", ""Kamina"", ""Oyo"", ""Adolokope"", ""Abotesse"", ""Toukou"", ""Atiadekope"", ""Atakpame"", ""Gogakope"", ""Negakope"", ""Gbecon"", ""Gbekon"", ""Sada"", ""Amegadiani"", ""Mediamekou"", ""Koledjo"", ""Adjomi"", ""Etchale"", ""Etchiale"", ""Yorokoto"", ""Matekouo"", ""Lasse"", ""Boko"", ""Kouatchou"", ""Oholoboue"", ""Akpaka"", ""Kodjatcha"", ""Banouba"", ""Barouba"", ""Have"", ""Hawe"", ""Yorokoudji"", ""Tikple"", ""Akpakope"", ""Djerehouye"", ""Kpouedji"", ""Gakope"", ""Aouagome"", ""Awagome"", ""Awogame"", ""Odjoubo"", ""Agoune"", ""Agbafrou"", ""Todjai"", ""Agoune"", ""Bouto"", ""Aoudomo"", ""Keseve"", ""Kezeve"", ""Mikini"", ""Miniki"", ""Agadja""]",Disconnected polygon component; identity as island or administrative fragment not independently established.
gb:TGO:ADM2:56601680B49010054481747,Akébou,Togo,TG0410,0,1,1145.904879,"[0.60828400000014, 7.613581000000181, 1.082313, 8.038742]",68,"[""Kougnohou"", ""Kouniohou"", ""Anigouamenio"", ""Boinkere"", ""Dakpa"", ""Niele"", ""Venkounia"", ""Akominekope"", ""Kalakongon"", ""Kalakoum"", ""Alavanio"", ""Kouaro"", ""Modjai"", ""Bafeo"", ""Bateo"", ""Brekoukou"", ""Yade"", ""Dafe"", ""Tessiam"", ""Djetriame"", ""Djitriame"", ""Dijon"", ""Djon"", ""Kotaro"", ""Blomfou"", ""Bloumfou"", ""Blumfu"", ""Brouffou"", ""Akiafe"", ""Akiafe Hohoue"", ""Egbouende"", ""Tikamou"", ""Ayaba"", ""Ayagba"", ""Adjakpodji"", ""Djabodji"", ""Danle"", ""Yala"", ""Kpalafe"", ""Kpalave"", ""Kpalavhe"", ""Dagnivi"", ""Kapo"", ""Fonhouo"", ""Foto"", ""Dagni"", ""Aka"", ""Broda"", ""Sansanfon"", ""Sekounde"", ""Gaoukope"", ""Sanoubi"", ""Agbedjipe"", ""Ouadagni"", ""Azigo"", ""Adoukrom"", ""Seregbane"", ""Salaga"", ""Tomegboue"", ""Kabagni"", ""Massouekope"", ""Afidegniba"", ""Toigbo"", ""Kamina"", ""Ananoukope"", ""Dogokope"", ""Garbade"", ""Guarbade""]",Disconnected polygon component; identity as island or administrative fragment not independently established.
gb:TGO:ADM2:56601680B59402294179516,Golfe,Togo,TG0303,0,2,68.291384,"[1.229371000000128, 6.150601, 1.397270000000162, 6.256776]",33,"[""Doevi"", ""Adjatogo"", ""Amewawou"", ""Agbose"", ""Koudakpokome"", ""Baka"", ""Amenyaglo"", ""Bagida"", ""Bagnida"", ""Baguid"", ""Baguida"", ""Avefodzo"", ""Avepozo"", ""Bobole"", ""Foli Kope"", ""Kpogan"", ""Pogan"", ""Koumazan"", ""Agodeke"", ""Kokou Kope"", ""Yovo Kope"", ""Tamagne"", ""Tamanye"", ""Lawadan"", ""Devego"", ""Agbodo"", ""Ondito"", ""Agbetchafan"", ""Sofo"", ""Logose"", ""Sodoke"", ""Kloubateme"", ""Klovateme""]",Disconnected polygon component; identity as island or administrative fragment not independently established.
gb:TGO:ADM2:56601680B59402294179516,Golfe,Togo,TG0303,1,2,67.875861,"[1.084511, 6.15460205100004, 1.194204, 6.224807]",88,"[""Kpanu"", ""Betsima"", ""Akporkploe"", ""Darege"", ""Adedido"", ""Yama"", ""Sagbado"", ""Avoeme"", ""Lankouve"", ""Dzokyasi"", ""Agbemenya"", ""Agbeve"", ""Sohonou"", ""Yokoe Kopegan"", ""Vonhoto"", ""Akato"", ""Akato Viepe"", ""Akato Vyepe"", ""Djaka"", ""Mesan"", ""Kouvi"", ""Agbakou"", ""Gande"", ""Gamadekou"", ""Aeto"", ""Tiglikpo"", ""Yokoe"", ""Yokoe Ablegan"", ""Pasra"", ""Sagbado Agotime"", ""Agbo Akounou"", ""Agbodinou"", ""Myeso"", ""Adido Gome"", ""Amousou"", ""Avedji Anyigbe"", ""Azakope"", ""Asato"", ""Davo"", ""Sakani"", ""Avedji"", ""Kagave"", ""Aveho"", ""Seleg"", ""Ba Kope"", ""Sagbado"", ""Wonyome"", ""Kpesoudji"", ""Adjivon"", ""Sagbado Logote"", ""Segbe"", ""Akato"", ""Akato Aveme"", ""Akato Avoeme"", ""Rhetchevi"", ""Avedjikpodji"", ""Agbedinou"", ""Yovokope"", ""Gbouame"", ""Djanyipeme"", ""Djamesi"", ""Kpodji"", ""Apedo"", ""Gavi"", ""Amenyaglo"", ""Godeka"", ""Kosi"", ""Djakli"", ""Madeome"", ""Sagbado"", ""Rhime"", ""Avegwime"", ""Agbonagle"", ""Djeremegan"", ""Adjakove"", ""Kopegan"", ""Atigan"", ""Amousou"", ""Amoussou"", ""Sohou"", ""Afangbedji"", ""Agbo"", ""Alakope"", ""Kleme"", ""Atinyo"", ""Dekpo"", ""Rhotou"", ""Djava""]",Disconnected polygon component; identity as island or administrative fragment not independently established.
gb:TGO:ADM2:56601680B59731994726086,Assoli,Togo,TG0201,0,1,933.109073,"[0.954129000000137, 9.212393000000134, 1.413074, 9.462758]",65,"[""Tafdeman"", ""Kpalanda"", ""Aledjo Kadara"", ""Hungbeu"", ""Doukorode"", ""Dourokode"", ""Effolo"", ""Agarade"", ""Pewa"", ""Koumande"", ""Koumonde"", ""Kumonde"", ""Kajalawa"", ""Katai"", ""Agbandaode"", ""Bola"", ""Soudou"", ""Dako"", ""Daude"", ""Soreda"", ""Tiavaleme"", ""Tchoubona"", ""Bodoude"", ""Pedaude"", ""Payambou"", ""Agouebou"", ""Taou"", ""Soudore"", ""Tchambao"", ""Tchambo"", ""Bafilo"", ""Tchonoro"", ""Flandi"", ""Foulenda"", ""Gnata"", ""Soudou"", ""Sudu"", ""Watalangue"", ""Kolo"", ""Kpayando"", ""Gande"", ""Aledjame"", ""Touazi"", ""Afoudi"", ""Sorogadanga"", ""Sorrogadanga"", ""Akoutia"", ""Djandje"", ""Kao"", ""Groungouboui"", ""Groungrouboui"", ""Kpayaora"", ""Peou"", ""Lakodayo"", ""Abakouande"", ""Kajamboue"", ""Tadoum"", ""Kolanda"", ""Tamboulado"", ""Djanguela"", ""Paywawaya"", ""Loukou"", ""Boulade"", ""Kedeouri"", ""Ogougou""]",Disconnected polygon component; identity as island or administrative fragment not independently established.
gb:TGO:ADM2:56601680B61332506890313,Lacs,Togo,TG0304,0,1,416.398926,"[1.380171, 6.174155, 1.807527, 6.424339000000145]",182,"[""Afidenigba"", ""Afidenyigba"", ""Kouasi Agbavi"", ""Kpaglikouta"", ""Toudji"", ""Amoukondji"", ""Devikame"", ""Anyimanya"", ""Nimanya"", ""Adiseou"", ""Gbodjome"", ""Kodzovya"", ""Gbata"", ""Lankome"", ""Agbedrafo"", ""Agbodrafo"", ""Agbodrafo (Porto-Seguro)"", ""Porto-Segouro"", ""Porto-Seguro"", ""Dage"", ""Dague"", ""Kokou"", ""Komlavi"", ""Zongo"", ""Aziza"", ""Agbodan"", ""Touglo"", ""Amede Koueve"", ""Amede Kove"", ""Togokome"", ""Agogoudjou"", ""Kpesikonou"", ""Abati Kope"", ""Batekope"", ""Gounkope"", ""Kpeme"", ""Nlensi"", ""Togbe Sokou"", ""Asou Kondji"", ""Assou Kondji"", ""Eveme"", ""Adyena Kondji"", ""Seouatchikope"", ""Sewati"", ""Agbesitonou"", ""Agomekpota"", ""Zongo"", ""Anecho"", ""Aneho"", ""Anekho"", ""Anerho"", ""Apounonkpa"", ""Fante Kome"", ""Klein-Popo"", ""Landjo"", ""Little Popo"", ""Manyan"", ""Petit Popo"", ""Zebe"", ""Asou Kope"", ""Assoukope"", ""Fyo Kondji"", ""Glidji"", ""Glidji Kpodji"", ""Zalive"", ""Zaliwe"", ""Klovidonou"", ""Agogpame"", ""Agokpame"", ""Agouegan"", ""Agwegan"", ""Medelou"", ""Medelou Kondji"", ""Adjegan Kope"", ""Sigbewe"", ""Seko"", ""Agoume"", ""Zoolagan"", ""Zowolagan"", ""Podji"", ""Abatame"", ""Aglomedji"", ""Kobe Kondji"", ""Djoundou Yondo"", ""Zanve"", ""Hounlokoue"", ""Hounlokwe"", ""Pondaha"", ""Seluga"", ""Soholo"", ""Zoola Kpoguede"", ""Zowla"", ""Zowola Kpogere"", ""Zowola Kpoguede"", ""Sibame"", ""Sivame"", ""Dakondji"", ""Kpade"", ""Bakari"", ""Bakari Kondji"", ""Kagni Kondji"", ""Kanyi Kondji"", ""Mikoume Kondji"", ""Ougatome"", ""Tagbame"", ""Kounounia"", ""Kounounya"", ""Tokpo Kondji"", ""Topo Kondji"", ""Zogbedji"", ""Djondo"", ""Aname"", ""Atikpo"", ""Atikpo Kope"", ""Ganave"", ""Kpodji"", ""Gakenou"", ""Klougakenou"", ""Amadou"", ""Azime"", ""Azimegan"", ""Atoueta"", ""Atweta"", ""Safenou"", ""Fiata"", ""Fyoata"", ""Kakwe"", ""Hlande"", ""Rhlande"", ""Adoukoe"", ""Adoukoue"", ""Apeda"", ""Anfei"", ""Anfeou"", ""Anfoi"", ""Anfoin"", ""Anfouin"", ""Anfwen"", ""Angfeu"", ""Gan Kope"", ""Logope"", ""Logoue"", ""Mesan Kondji"", ""Messan Kondji"", ""Atiso Kondji"", ""Atisso Kondji"", ""Zoki Kondji"", ""Amauidje"", ""Meli"", ""Meti"", ""Gabyan Doume"", ""Adame"", ""Gbobo Kope"", ""Yovo Kondji"", ""Aklakou"", ""Aklakougan"", ""Aklaku"", ""Nomlo Kome"", ""Aklakou Etchavi"", ""Aklakou Molokou"", ""Hedschawi"", ""Zongo"", ""Amenoudji"", ""Amenoudji Kondji"", ""Avele"", ""Zogbegan"", ""Koutchigbe"", ""Seydjro"", ""Kpondave"", ""Kpondave"", ""Komla Kondji"", ""Komlan Kope"", ""Hehoun"", ""Rhehou"", ""Niamavo"", ""Nyamavo"", ""Sakpove"", ""Koutidji Kope"", ""Ganave"", ""Avere"", ""Aveve"", ""Awewe""]",Disconnected polygon component; identity as island or administrative fragment not independently established.
gb:TGO:ADM2:56601680B64184766281932,Haho,Togo,TG0406,0,1,3050.707016,"[0.892333000000178, 6.745994, 1.577700000000164, 7.302288000000146]",247,"[""Amakpave"", ""Atime"", ""Avouko"", ""Atimede"", ""Djobedji"", ""Adakakpe"", ""Abali"", ""Dalia"", ""Djebe"", ""Kpedigni"", ""Agoto"", ""Adakoui"", ""Dodo Vego"", ""Dodo Vegou"", ""Abodjopo"", ""Kpele"", ""Lokokpe"", ""Kpota"", ""Tseva"", ""Atchanve"", ""Atchave"", ""Atschawe"", ""Bossou Vegou"", ""Gbinoukope"", ""Wouhokoue"", ""Dewe"", ""Hahogodou"", ""Adanouve"", ""Agotove"", ""Missahome"", ""Batoume"", ""Doundoudjeme"", ""Tsiravokoue"", ""Tsriravokoue"", ""Agokpo"", ""Didoume"", ""Atisowe"", ""Djekloue"", ""Tiokou"", ""Wouley"", ""Hahomogbe"", ""Tremahonle"", ""Inokope"", ""Jatekpe"", ""Agbave"", ""Gbohoule"", ""Lossokope"", ""Hahomogbe"", ""Dafo"", ""Bogokope"", ""Djoukoudaou"", ""Kpodji"", ""Abagnivegoui"", ""Golowou"", ""Melia Moutsougalo"", ""Atchoukpe"", ""Tadome"", ""Tiave"", ""Kloupossi"", ""Santo"", ""Xantho"", ""Bissaome"", ""Mamao"", ""Demini"", ""Djemegni"", ""Djemendji"", ""Dyemenyi"", ""Yimeni"", ""Glegbe"", ""Aketchom"", ""Aketohoin"", ""Djeminimotonou"", ""Kable"", ""Povekope"", ""Wedeme"", ""Notse"", ""Nouatja"", ""Nuatia"", ""Nuatja"", ""Nuatya"", ""Sedou"", ""Agueloufe"", ""Adjivou"", ""Kpedome"", ""Alikope"", ""Aledji"", ""Badji"", ""Akake"", ""Koueve"", ""Kpeve"", ""Atchitchouvikope"", ""Kpele"", ""Totoki"", ""Blakpa"", ""Blakpe"", ""Agokpo"", ""Agorke"", ""Kpedji"", ""Gbohoulevedji"", ""Avedjeme"", ""Amegade"", ""Tsaga"", ""Tsagba"", ""Abalakope"", ""Abissoukope"", ""Kiossoume"", ""Tekou"", ""Agnikoe"", ""Bogokope"", ""Alokoueve"", ""Empekope"", ""Goedekope"", ""Aladjove"", ""Asrama"", ""Boanakope"", ""Kabrekope"", ""Tenanekope"", ""Ahion"", ""Khouitokope"", ""Kokolepe"", ""Amadjikakope"", ""Atiogbekope"", ""Dogokono"", ""Azapoue"", ""Alati"", ""Latime"", ""Gblikope"", ""Kpoguede"", ""Zokouve Kpoguede"", ""Atchavou"", ""Avou"", ""Tetetou"", ""Tetetu"", ""Adjakpohoue"", ""Gdemeinkope"", ""Akope"", ""Koutiopokope"", ""Baluikope"", ""Adjigeme"", ""Kame"", ""Adekoe"", ""Tchikoe"", ""Siniga"", ""Kabrekope"", ""Avedji Sagada"", ""Kplele"", ""Kafie"", ""Gninokope"", ""Kapakope"", ""Alati"", ""Kofou"", ""Latekope"", ""Atilkave"", ""Laokope"", ""Sagada"", ""Rodokope"", ""Rodokpe"", ""Koudogouti"", ""Ahonessipe"", ""Loloboave"", ""Kabrekope"", ""Kadrekope"", ""Kopegan"", ""Abonakope"", ""Kabrekope"", ""Apakpokope"", ""Koudokodji"", ""Agbatitoe"", ""Bidokekope"", ""Tialemde"", ""Azakpe"", ""Betekpo"", ""Akpaka Sagada"", ""Kokoukope"", ""Koledjikope"", ""Akakepo"", ""Assogbakope"", ""Akalokope"", ""Ekpokope"", ""Nissiguekope"", ""Agpaido"", ""Dadiereme"", ""Alisoumkope"", ""Djaga"", ""Saramakope"", ""Tiarome"", ""Gnezerekope"", ""Diaokope"", ""Somnade"", ""Djapatakope"", ""Djiapatakope"", ""Zomae"", ""Kpeteta"", ""Hake"", ""Djurvita"", ""Lato"", ""Seva"", ""Apakpakpekope"", ""Samanoukope"", ""Kzekzetoroui"", ""Komoukope"", ""Somonekope"", ""Kome"", ""Komlakope"", ""Houdikoukope"", ""Kokpli"", ""Lomnava"", ""Afidegnigban"", ""Kablikpe"", ""Paris"", ""Sampadjakope"", ""Kablekope"", ""Tafia"", ""Kooda"", ""Gota"", ""Gotakable"", ""Lemokope"", ""Keoume"", ""Taguegankope"", ""Palajakope"", ""Amouzoukope"", ""Podji"", ""Dovikope"", ""Kpegnon Agorome"", ""Avoukouekope"", ""Kablekpegnon"", ""Chra"", ""Khra"", ""Kra"", ""Tatrakondji"", ""Atgamazete"", ""Tielakope"", ""Tyelakope"", ""Karigora"", ""Niamtougou"", ""Koutazome"", ""Kouete"", ""Toutchikope"", ""Kpambiribi"", ""Agoto"", ""Bato"", ""Kougnohou"", ""Lossokope"", ""Madiamakou"", ""Agadjame"", ""Arrikope"", ""Tokpa""]",Disconnected polygon component; identity as island or administrative fragment not independently established.
gb:TGO:ADM2:56601680B64387003159978,Cinkassé,Togo,TG0517,0,1,275.620808,"[-0.142457, 10.966156, 0.219207, 11.13804000000016]",6,"[""Kouanhou"", ""Konkon"", ""Nadjoundi"", ""Natjoundi"", ""Biankouri"", ""Cinkasse""]",Disconnected polygon component; identity as island or administrative fragment not independently established.
gb:TGO:ADM2:56601680B67578860005589,Moyen-Mono,Togo,TG0408,0,1,626.261422,"[1.441158, 6.99399000000011, 1.641587000000129, 7.400688]",100,"[""Hometove"", ""Totchagni"", ""Alovikote"", ""Alovitoke"", ""Atovikote"", ""Tchouri"", ""Tohou"", ""Tohoun"", ""Tohoun"", ""Tonoun"", ""Tun"", ""Ouagba"", ""Aglamarhoe"", ""Tchikoue"", ""Lahiougan"", ""Agbondji"", ""Douvihoe"", ""Achikopoui"", ""Aboundji"", ""Dairohoe"", ""Lome"", ""Monota"", ""Chenakoe"", ""Adjaradome Adjarado"", ""Tekpohoe"", ""Possourhe"", ""Esuime"", ""Alagbame"", ""Aoutele"", ""Fantome"", ""Kpei"", ""Gbogbo"", ""Donoume"", ""Chialakoe"", ""Afidegni"", ""Avedje"", ""Agrougbe"", ""Allou"", ""Kpodji Dasse"", ""Ouagba"", ""Adjache"", ""Dome"", ""Tabo"", ""Tado"", ""Akolochi"", ""Apapahoe"", ""Dodohoe"", ""Pativeme"", ""Petchikoe"", ""Bessameke"", ""Pegolou"", ""Peyolou"", ""Oualime"", ""Afrotokpoui"", ""Afrotrokpoui"", ""Agbata"", ""Koutchikoue"", ""Sossakoue"", ""Poroudji"", ""Saligbe"", ""Ahassome"", ""Dagakou"", ""Konouga"", ""Avedjeme"", ""Donoume"", ""Adjikame"", ""Bokohoe"", ""Djikame"", ""Kpome"", ""Ahuizime"", ""Game"", ""Toboichre"", ""Avedjeme"", ""Koklomite"", ""Kativou"", ""Azevou"", ""Sogbohoe"", ""Metonokoe"", ""Sedjikoe"", ""Fote"", ""Detokpo"", ""Atifoutou"", ""Tchieme"", ""Tchiheme"", ""Didokepo"", ""Kolohoue"", ""Kjekpleme"", ""Kpekpleme"", ""Daidehoue"", ""Djidjandonou"", ""Fissohoue"", ""Bovime"", ""Kongouhoue"", ""Agondogui"", ""Agdgome"", ""Kateme"", ""Katome"", ""Adjanohoue"", ""Katahoue"", ""Tsomanehoue""]",Disconnected polygon component; identity as island or administrative fragment not independently established.
gb:TGO:ADM2:56601680B83789166363061,Blitta,Togo,TG0101,0,1,3127.999685,"[0.589538000000175, 7.89096300000017, 1.264443, 8.412714000000108]",95,"[""Amesodjikope"", ""Amezodjikope"", ""Fohe"", ""Didjare"", ""Kodiokpegble"", ""Sie"", ""Tche"", ""Tchie"", ""Tchakala Kossou"", ""Sessikouravi"", ""Babame"", ""Bate"", ""Koulan"", ""Yade"", ""Dogoble"", ""Dogogble"", ""Nalomi"", ""Yadekope"", ""Kofiti"", ""Tcharabaou"", ""Tchare-Baou"", ""Tchiarabaou"", ""Adome"", ""Foudjai"", ""Matekpo"", ""Deguingue"", ""Tinkiro"", ""Atikpai"", ""Niama Niama"", ""Tchare"", ""Tchiare"", ""Yeloum"", ""Amouble"", ""Abossoumkofe"", ""Akouble"", ""Tatekoidi"", ""Langabou"", ""Alomanie"", ""Matioukpli"", ""Nkingbe"", ""Agodeka"", ""Agbeninou"", ""Gbegue"", ""Lalamila"", ""Toumoulmou"", ""Tchanie"", ""Yeoum"", ""Gassi Gaki"", ""Gassi-Gagni"", ""Jege"", ""Yegue"", ""Pagala"", ""Pagala-Gare"", ""Assoumakodji"", ""Assoumakondji"", ""Konkoa"", ""Tiefouma"", ""Tioufouma"", ""Tsifama"", ""Adamiabo"", ""Adaniabo"", ""Dikpekou"", ""Dikpeleou"", ""Katchanke"", ""Ketchekpe"", ""Kababo"", ""Kalabo"", ""Kabre Lassa"", ""Agbadi"", ""Agbandi"", ""Anamanie"", ""Pagala"", ""Urenji"", ""Adiougbe"", ""Mpoti"", ""Assouma Kedeme"", ""Diguina"", ""Koue"", ""Kue"", ""Oranyi"", ""Ouregui"", ""Akoura"", ""Defale"", ""Dofoli"", ""Doufouli"", ""Boufouli Boko Losso"", ""Defali-Boco"", ""Bliba"", ""Blibba"", ""Blita"", ""Blita-Gare"", ""Blitta"", ""Blita"", ""Blitta Kotokoli"", ""Blitta Losso""]",Disconnected polygon component; identity as island or administrative fragment not independently established.
gb:TGO:ADM2:56601680B89112535430785,Tandjouare,Togo,TG0515,0,1,951.368554,"[-0.087976, 10.412761, 0.335642000000121, 10.805765]",117,"[""Wagagu"", ""Diapa"", ""Nayargou"", ""Nayergou"", ""Jagos"", ""Jambule"", ""Koundoungou"", ""Yamboul"", ""Yamboule"", ""Yammboul"", ""Yemboule"", ""Bourgue"", ""Lammpogo"", ""Lampogo"", ""Nason"", ""Nasson"", ""Tanbingue"", ""Banntierk"", ""Bantierk"", ""Saon"", ""Tamong"", ""Tamongue"", ""Tiouk"", ""Tigou"", ""Daho"", ""Lokpano"", ""Natigou"", ""Nadari"", ""Natomone"", ""Bourk"", ""Matougou"", ""Lonbene"", ""Bougou"", ""Louankpongou"", ""Kounkokou"", ""Kong"", ""Nabrouk"", ""Matougou"", ""Sakre"", ""Koumbok"", ""Koubangou"", ""Loko"", ""Momoane"", ""Moumouane"", ""Doungou"", ""Lekin"", ""Tanbimongou"", ""Djabire"", ""Dokle"", ""Sikibagou"", ""Kounkolone"", ""Niangou"", ""Mandiare"", ""Bogou"", ""Bogu"", ""Nakdon"", ""Sidjitre"", ""Tandjouare"", ""Ganganakounkok"", ""Bakokoze"", ""Nandodani"", ""Djapake"", ""Boulogou"", ""Djabili"", ""Kounkogue"", ""Djoine"", ""Pantogou"", ""Nandoga"", ""Bakokoze"", ""Kangou"", ""Kong Kpintingue"", ""Goundoga"", ""Kouloge"", ""Sagoudanhang"", ""Louanou"", ""Bopake"", ""Tolon"", ""Soungou"", ""Toungbandangou"", ""Djabargou"", ""Kpankpark"", ""Sagou"", ""Nadjok"", ""Sankpong"", ""Kpouparo"", ""Kpierk"", ""Djalogue"", ""Dote"", ""Samboume"", ""Sammboume"", ""Nano"", ""Bombouaka"", ""Boumbouaka"", ""Kpouata"", ""Nouat"", ""Dore"", ""Nasiete"", ""Nassiete"", ""Mone"", ""Moak"", ""Toman"", ""Koumbienbagou"", ""Koummbienbagou"", ""Sounsouri"", ""Tanbangou"", ""Djalere"", ""Warke"", ""Monel"", ""Morbak"", ""Tampialeme"", ""Tampialim"", ""Tanpialeme"", ""Sisiaga"", ""Sissiaga"", ""Bounoubana"", ""Nakpalikonkog"", ""Nakpabak""]",Disconnected polygon component; identity as island or administrative fragment not independently established.
gb:TGO:ADM2:56601680B89390870579143,Doufelgou,Togo,TG0205,0,1,1157.547603,"[0.836765000000185, 9.638907, 1.341565, 10.042406]",93,"[""Yaka"", ""Agbande"", ""Angbande"", ""Paboute"", ""Leon"", ""Misseouta"", ""Yaoute"", ""Akpante"", ""Passoute"", ""Akare"", ""Pouffa"", ""Bourgou"", ""Kawanga"", ""Yaka"", ""Aloum"", ""Aloun"", ""Pilia"", ""Agbande"", ""Kpadero"", ""Palaka"", ""Kouka"", ""Iawaka"", ""Yawaka"", ""Niatin"", ""Anima"", ""Oundemba"", ""Undemba"", ""Niamtougou"", ""Niamtuu"", ""Njamtuu"", ""Nyamtouhou"", ""Palako"", ""Kounfaga"", ""Koukou"", ""Baga"", ""Koussourkou"", ""Koularo"", ""Hago"", ""Padebe"", ""Palanko"", ""Aniandide"", ""Lao"", ""Kadjala"", ""Kadjalla"", ""Sioudouga"", ""Agounde"", ""Koubakou"", ""Koukpandiada"", ""Aliande"", ""Birgou"", ""Biruu"", ""Boaga"", ""Siou"", ""Siu"", ""Ssiu"", ""Tjou"", ""Djorergou"", ""Djorero"", ""Tenega"", ""Soulao"", ""Tidira"", ""Oudiran"", ""Lokorea"", ""Kpabide"", ""Walade"", ""Pouroum"", ""Atiaka"", ""Defale"", ""Kpaha"", ""Kore"", ""Andjide"", ""Tchitchide"", ""Pouda"", ""Houde"", ""Aloumere"", ""Talada"", ""Masedena"", ""Massedena"", ""Walade"", ""Wiane"", ""Wianne"", ""Togarhaouide"", ""Tchitchide Tare"", ""Kapoo"", ""Tanakou"", ""Akole"", ""Binah"", ""Kouiyao"", ""Ounou"", ""Doudongue"", ""Semouhourl"", ""Tapouennta"", ""Tapouenta""]",Disconnected polygon component; identity as island or administrative fragment not independently established.
gb:TGO:ADM2:56601680B89691125732498,Lome Commune,Togo,TG0305,0,1,104.57055,"[1.17535, 6.109305859000187, 1.315397000000132, 6.20633800000013]",137,"[""Aflahu"", ""Dano"", ""Porura"", ""Kodjovya"", ""Nyenakpoe"", ""Lome"", ""Kpehenou"", ""Ablogame"", ""Kofiwendje"", ""Apeyeme"", ""Alagbo"", ""Be"", ""Be-Apeyeme"", ""Sope"", ""Ayivi Adjavon"", ""Avete"", ""Ayivi"", ""Amoutive"", ""Lantigban"", ""Gbadago"", ""Kawekondji"", ""Houveme"", ""Ladjekpo"", ""Edje"", ""Agbetyafan"", ""Gbesogbe"", ""Gbessogbe"", ""Anoukou"", ""Akodesewa"", ""Tokoin"", ""Tokouin"", ""Tokwen"", ""Adjigo"", ""Gadjepe"", ""Manase"", ""Oundo"", ""Ema Kope"", ""Bosou"", ""Kletigan"", ""Hotonou"", ""Sosou"", ""Anfame"", ""Dogbeavi"", ""Tokpokondji"", ""Ako"", ""Kponou"", ""Kpese"", ""Kanyi"", ""Viti"", ""Witi"", ""Dosou"", ""Atchave"", ""Rhatose"", ""Tise"", ""Nyaso"", ""Rhodan"", ""Aduta"", ""Migbodji"", ""Houndanou"", ""Gali"", ""Boyi"", ""Kosivi"", ""Ounpe"", ""Betoglo"", ""Etame"", ""Akuikame"", ""Agoyema"", ""Avenou"", ""Amousouvi"", ""Adakpame"", ""Kebolo"", ""Station Meteo"", ""Seme"", ""Kosi Kope"", ""Vikpakpa"", ""Noubklo"", ""Sekoteli"", ""Aglami"", ""Glami Kope"", ""Klekame"", ""Klikame"", ""Gbolovou"", ""Adakouse"", ""Magbla"", ""Aboni Kope"", ""Soklito"", ""Gakle"", ""Gakli"", ""Ongode"", ""Seou"", ""Afotoude"", ""Souepe"", ""Sovipe"", ""Azyagbang"", ""Amousoukope"", ""Avoutsou"", ""Aflagadjido"", ""Aflagatito"", ""Flagajido"", ""Atchati"", ""Agbenya"", ""Avemene"", ""Sedjro"", ""Koulehoho"", ""Diavon"", ""Tativi"", ""Tame"", ""Kofi"", ""Madodji"", ""Afanbo"", ""Adgenou"", ""Edjanaoue"", ""Aide"", ""Adjogble"", ""Awen"", ""Totigan"", ""Agbale Pedo"", ""Bale Pedogan"", ""Soagede"", ""Gblenkome"", ""Glenkove"", ""Badoga"", ""Togbidji"", ""Mesan"", ""Apedo"", ""Koumaho"", ""Aglali"", ""Aoudja"", ""Kelegouvi"", ""Honkope"", ""Azogenou"", ""Onsou"", ""Atiso"", ""Agoue"", ""Hebe"", ""Tameklo"", ""Aogan""]",Disconnected polygon component; identity as island or administrative fragment not independently established.
gb:TGO:ADM2:56601680B91306020007274,Kpélé,Togo,TG0407,0,1,930.332127,"[0.6578540000001, 6.911858000000109, 0.967000000000155, 7.322773]",76,"[""Gabakoui"", ""Gabakoui"", ""Agoreke"", ""Litito"", ""Adame"", ""Agame"", ""Agawe"", ""Kouaketa"", ""Ologuime"", ""Adagali"", ""Akpokli"", ""Guegueu"", ""Siokope"", ""Yosiou"", ""Alokope"", ""Edakope"", ""Beme"", ""Gbeme"", ""Toutou"", ""Torossi"", ""Tokpognikope"", ""Tsiko"", ""Atime"", ""Avebadie"", ""Dodikope"", ""Latikope"", ""Adeta"", ""Govie"", ""Gowie"", ""Konda"", ""Atiba"", ""Atigba"", ""Atikpa"", ""Tokpli"", ""Tokele"", ""Dougba"", ""Goudeve"", ""Godzo"", ""Hlonvie"", ""Kayes"", ""Kponvie"", ""Lanvie"", ""Tsavie"", ""Kayikope"", ""Djanipe"", ""Gazalui"", ""Tomane"", ""Kouakope"", ""Lemme"", ""Gaibo"", ""Katare"", ""Aveho"", ""Aveho-Tongbe"", ""Dzogbepime"", ""Dzogbepimevi"", ""Agave"", ""Goudeve Veho"", ""Agote"", ""Agotevi"", ""Kalakoue"", ""Tokplikope"", ""Agoreke"", ""Tokplikope"", ""Bazirekope"", ""Agbagho"", ""Agbanon"", ""Agoreke"", ""Ouessove"", ""Azivego"", ""Evedakope"", ""Ele"", ""Bassikope"", ""Kouban"", ""Afassani"", ""Mamakope"", ""Komivikope""]",Disconnected polygon component; identity as island or administrative fragment not independently established.
gb:TGO:ADM2:56601680B9516770320708,Kpendjal,Togo,TG0513,0,1,1393.158946,"[0.481349, 10.607871, 0.912287, 10.999571000000117]",93,"[""Lakourgou"", ""Dayebou"", ""Panseri"", ""Koinietaga"", ""Yagou"", ""Yagou"", ""Djaboni"", ""Toubigou"", ""Nalenou"", ""Poiporga"", ""Penezeil"", ""Boilougou"", ""Bergou"", ""Borgou"", ""Borgu"", ""Natongo"", ""Natongpargou"", ""Boutonboanga"", ""Laatongo"", ""Nialiano"", ""Nalienou"", ""Wokon"", ""Napakon"", ""Tuandi"", ""Tanbiga"", ""Koinedadeni"", ""Kindohou"", ""Donie"", ""Kouinieteri"", ""Panseni"", ""Toubeloelhou"", ""Latiele"", ""Biakou"", ""Koinetediouaga"", ""Donga"", ""Kondonga"", ""Kontenga"", ""Kontjenga"", ""Kontjonga"", ""Kontyionya"", ""Kotenga"", ""Koutienga"", ""Saako"", ""Gnalem"", ""Nialeme"", ""Donga"", ""Mandouri"", ""Dihiaga"", ""Boulougiouale"", ""Boulouguiouale"", ""Sasiaga"", ""Natianbonga"", ""Naani"", ""Dayerou"", ""Mokaga"", ""Bagare"", ""Bagre"", ""Niali"", ""Pakounga"", ""Yoro"", ""Tora"", ""Banboli"", ""Sasiega"", ""Sassiega"", ""Lalora"", ""Bilamoinga"", ""Kondjouare"", ""Koundjouare"", ""Koisega"", ""Koissega"", ""Kandjouare"", ""Kondjeare"", ""Kondjuare"", ""Koudjouare"", ""Koundjoare"", ""Koundjouare"", ""Kundjore"", ""Pelele"", ""Koundjoare"", ""Koundjouare"", ""Tambatodeni"", ""Tanbatodeni"", ""Yabdouare"", ""Djoidou"", ""Naaboumbo"", ""Teouli"", ""Imoindini"", ""Tanbina"", ""Konpiena"", ""Bandali"", ""Sandogo"", ""Boudiedou"", ""Soutehoum""]",Disconnected polygon component; identity as island or administrative fragment not independently established.
gb:TGO:ADM2:56601680B95177776630805,Anié,Togo,TG0411,0,1,1985.971419,"[1.038290000000131, 7.423034000000143, 1.659431, 7.966074000000106]",111,"[""Gogovikope"", ""Tokoro"", ""Agbare"", ""Atchineboukope"", ""Daboukope"", ""Djibe"", ""Abalokope"", ""Agouna Deve"", ""Lopoli"", ""Atome Atchine"", ""Lopoli"", ""Atcheki"", ""Couffota"", ""Kouffota"", ""Sekpo"", ""Love"", ""Agbato"", ""Atchenedji"", ""Atchinedji"", ""Glito"", ""Ayore"", ""Adjigo"", ""Beloukoue"", ""Pakpassa"", ""Kaogale"", ""Kaoguale"", ""Zonachrakope"", ""Alale"", ""Agbeave"", ""Foukote"", ""Dasagba"", ""Dazagba"", ""Zamoue"", ""Bodjendi Sada"", ""Kpoumoue"", ""Eko"", ""Ainakope"", ""Alamassou"", ""Diamoukope"", ""Kpehou"", ""Kpehoum"", ""Nonava"", ""Pedigbe"", ""Yovokodji"", ""Nianpopo"", ""Nyampopo"", ""Pakroupa"", ""Kabrekope"", ""Kapre Kope"", ""Bouandaou"", ""Monooare"", ""Abassakope"", ""Okeloukoutou"", ""Djidopo"", ""Ikoueteka"", ""Ykoueteka"", ""Ana"", ""Anie"", ""Kahora"", ""Latihou"", ""Adeli"", ""Sapalo"", ""Anielakou"", ""Tchabe"", ""Patala"", ""Patata"", ""Kounigbo"", ""Koutchi"", ""Kebou"", ""Aloufakope"", ""Koulokope"", ""Kolokope"", ""Tchabikope"", ""Bague"", ""Atakedibato"", ""Houndjogokope"", ""Illougba"", ""Koutio"", ""Dotekope"", ""Alokodje"", ""Tchapritchapra"", ""Avole"", ""Zongo"", ""Akabasim"", ""Akabazim"", ""Palakoko"", ""Pallakoko"", ""Djenon"", ""Kombakope"", ""Illekohan"", ""Niantoukou"", ""Yibouekope"", ""Djanbassoukope"", ""Kofioden"", ""Kofoiden"", ""Djena"", ""Palakokokope"", ""Agodjololo"", ""Agbota"", ""Atehoue"", ""Ateoue"", ""Bimalde"", ""Sarou"", ""Kepeagsoba"", ""Akaba Kabre"", ""Akabacabrais"", ""Akabakabrais"", ""Akabavi"", ""Datoukope"", ""Akaba"", ""Simkokikope""]",Disconnected polygon component; identity as island or administrative fragment not independently established.
gb:TGO:ADM2:56601680B95494992900514,Bas-Mono,Togo,TG0302,0,1,329.482641,"[1.551674, 6.356334000000174, 1.780794, 6.585526]",84,"[""Agbozome"", ""Danou"", ""Tanou"", ""Todjoini"", ""Totchenti"", ""Kounyaglo Kope"", ""Blama Kondji"", ""Tota Kondji"", ""Totagan"", ""Logosou Kondji"", ""Logossou Kondji"", ""Todome Kope"", ""Torome Kope"", ""Tounato Kondji"", ""Atitogo"", ""Atitogon"", ""Attitogon"", ""Hebuidome"", ""Rhebwidome"", ""Asou Kondji"", ""Assou Kondji"", ""Atou Kondji"", ""Mesan Kope"", ""Messankope"", ""Hanhou"", ""Hompou"", ""Djigbe"", ""Batonou"", ""Kpota Kope"", ""Zotchi Kpota"", ""Agbandji"", ""Akbandi"", ""Badji"", ""Maseda"", ""Masseda"", ""Ative"", ""Atiwe"", ""Akwadoudje"", ""Deveme"", ""Dokohui Kope"", ""Atikple Kope"", ""Attikple Kope"", ""Motchan Kope"", ""Agome Seva"", ""Logome"", ""Afagnagnan"", ""Afangnagan"", ""Afanjaga"", ""Afanya"", ""Afanyangan"", ""Afranyanga"", ""Ametogan Kope"", ""Houmblasso Kope"", ""Hounbleso Kope"", ""Djonokouve"", ""Anyinoume"", ""Nyinoume"", ""Dasou Kondji"", ""Dassou Kondji"", ""Afagnan-Bletta"", ""Afanyan Bleta"", ""Didome"", ""Eveme"", ""Zogbedji"", ""Bosofeme"", ""Bossofeme"", ""Kpessou"", ""Kpote"", ""Vontou"", ""Alouenou"", ""Gaotome"", ""Katikoue"", ""Djassakope"", ""Djyasakope"", ""Amenyaglo"", ""Agome Glozou"", ""Klikame"", ""Fokome"", ""Lyato"", ""Gladjoe"", ""Soglode"", ""Athieme"", ""Atieme"", ""Attieme""]",Disconnected polygon component; identity as island or administrative fragment not independently established.
gb:TGO:ADM2:56601680B97066679611380,Amou,Togo,TG0401,0,1,1807.762485,"[0.759312, 7.192983, 1.154613, 7.886195]",184,"[""Adogli"", ""Kpegnon"", ""Abedinekope"", ""Gnaoulou"", ""Agbobolo"", ""Oronka"", ""Engnire"", ""Sodo"", ""Ssodo"", ""Tchepakope"", ""Kpadegan"", ""Namagnan"", ""Tchapali"", ""Patatoukou"", ""Boatzanarou"", ""Moloube"", ""Mouloube"", ""Basse Adjido"", ""Basse Djigbe"", ""Basse Gnamassi"", ""Enabedje"", ""Iounabe"", ""Younabe"", ""Bonodoko"", ""Adigo"", ""Patikope"", ""Aoroka"", ""Amoukope"", ""Kabre Todji"", ""Amoukope"", ""Amou Oblo"", ""Samakope"", ""Amoukope"", ""Amouakpa"", ""Gboamou"", ""Mapa"", ""Kouakato"", ""Djimene"", ""Ohouloka"", ""Zave"", ""Fiabome"", ""Padoume"", ""Satito"", ""Todogo"", ""Togodo"", ""Niasankope"", ""Niazankope"", ""Abonkope"", ""Gbohou Loto"", ""Agadja"", ""Agbedomodji"", ""Pokede"", ""Ouapa"", ""Wapa"", ""Kotoniakope"", ""Amoukope"", ""Odikope"", ""Aiaokope"", ""Poda"", ""Agadji"", ""Oulita Hohoe"", ""Afilahou"", ""Atigozo"", ""Gnamidro"", ""Gnamiro"", ""Avedje"", ""Amlame"", ""Emla"", ""Dassekope"", ""Bougnarou"", ""Teme"", ""Akossikope"", ""Odere"", ""Teme-Odere"", ""Oulatche"", ""Esime"", ""Ezime"", ""Isidje"", ""Malome"", ""Malomi"", ""Edifou"", ""Adjahoun"", ""Evou Gnamidro"", ""Ajome"", ""Ayome"", ""Dadome"", ""Dedome"", ""Azafi Teme"", ""Temedja"", ""Oulita"", ""Ebeva"", ""Ebewa"", ""Kofodua"", ""Adiva"", ""Agame-Koutoukapa"", ""Agome Kotoukpa"", ""Agome-Kotukpa"", ""Koutoukpa"", ""Yaokope"", ""Temedjolo"", ""Ewou"", ""Vou"", ""Vou Apega"", ""Tchakpali"", ""Hihetro"", ""Apegame"", ""Doufio"", ""Abokoukope"", ""Adjan"", ""Expounoume"", ""Afidemgha"", ""Azafi"", ""Sagouda"", ""Ohouritcho"", ""Agoudeve"", ""Glefe"", ""Amou"", ""Obedi"", ""Afidenigba"", ""Amoussa"", ""Ihouassi"", ""Yoro Demadeli"", ""Kanokope"", ""Abanakope"", ""Agbokope"", ""Kodjo Aza"", ""Oubo"", ""Deme"", ""Demi-Okpahoue"", ""Ogobe"", ""Ouyou"", ""Sagognon"", ""Oya"", ""Ihoua"", ""Okpahoue"", ""Okpahoui"", ""Ohanebe"", ""Idifiou"", ""Idifou"", ""Kofelakou"", ""Mouna"", ""Oga"", ""Itokoube"", ""Okama"", ""Yalla"", ""Gbetei"", ""Didokouo"", ""Ofon"", ""Otadi"", ""Illiko"", ""Aposso"", ""Lodji"", ""Petchi"", ""Okouati"", ""Ouali"", ""Beko"", ""Gbekon"", ""Bouenaou"", ""Niamassila"", ""Nyamassila"", ""Kodji"", ""Kodji Tsevie"", ""Alaousso"", ""Game"", ""Kouete Amava"", ""Ogome"", ""Goune"", ""Yekou"", ""Agoudeve"", ""Djanahoussi"", ""Outisibe"", ""Doume"", ""Itounou"", ""Betia"", ""Bafo"", ""Bato"", ""Kadjafe"", ""Ogato"", ""Koulama"", ""Ogodji"", ""Ouorouo"", ""Akapokope"", ""Betia"", ""Ate""]",Disconnected polygon component; identity as island or administrative fragment not independently established.
gb:TGO:ADM2:56601680B98633254865748,Agou,Togo,TG0403,0,1,1095.219976,"[0.628920000000107, 6.516742, 0.964056, 6.984609]",178,"[""Adiemasi Kope"", ""Adiemassikope"", ""Agomonigbe"", ""Ouakpo"", ""Vakpo"", ""Agoudouvou"", ""Diadoukope"", ""Tagba"", ""Agnaoui"", ""Anyahoui"", ""Anyarhwi"", ""Atakpame"", ""Atapame"", ""Bedekope"", ""Adjawola"", ""Agbofakope"", ""Galekope"", ""Kpe Kope"", ""Adjaboukope"", ""Azyabou Kope"", ""Yaboukope"", ""Akpavou"", ""Kpavou"", ""Lakwi"", ""Lankui"", ""Beme"", ""Agohoume"", ""Agorome"", ""Savanie"", ""Tsamanye"", ""Agotime Kpodjaho"", ""Dokpe Kope"", ""Akpaloukope"", ""Amangomassi"", ""Aglagokope"", ""Tamaklokope"", ""Glikpo"", ""Kodje"", ""Kpeve"", ""Bokope"", ""Gbo Kope"", ""Adjakpa"", ""Kpokou Kope"", ""Aboudiokope"", ""Aboudyo Kope"", ""Sodjisi Kope"", ""Sodjissikope"", ""Blidokope"", ""Koklovi"", ""Kokovikope"", ""Kosi Kope"", ""Kossikope"", ""Amousou Kope"", ""Amoussokope"", ""Amouzoukope"", ""Setodji Kope"", ""Nitoue"", ""Njitoe"", ""Nyite"", ""Nyitoe"", ""Nyitoe-Zoukpe"", ""Zoukpe"", ""Mavenou"", ""Nyative"", ""Adafokope"", ""Adavo Kope"", ""Dafokope"", ""Alakope"", ""Mangose"", ""Mangosse"", ""Dye Kope"", ""Betekpo Kope"", ""Betepo"", ""Voukpo"", ""Woukpo"", ""Tohou"", ""Tohou Kope"", ""Omono Kope"", ""Vomeno Kope"", ""Rhenonvi"", ""Amavenou"", ""Davime"", ""Kokou Kope"", ""Atsou Kope"", ""Tagbalo Kope"", ""Adame"", ""Damade"", ""Ando Gbegame"", ""Glekope"", ""Glekove"", ""Fofovi"", ""Tikoe"", ""Tsikoe"", ""Voutegble"", ""Woutegble"", ""Djakbou Kope"", ""Djikboukope"", ""Tsetse Kope"", ""Tadienou"", ""Glekope"", ""Glekove"", ""Nyekonakpoe"", ""Kokope"", ""Koumase"", ""Koumassi"", ""Koumassie"", ""Agbave"", ""Ali Kodji"", ""Glekove"", ""Atikpui"", ""Atikpui Adedze"", ""Wotokou"", ""Agoue"", ""Agoue Kope"", ""Koresewa"", ""Koressewa"", ""Fokpo"", ""Seva"", ""Wonougba Seva"", ""Fokpou"", ""Sadoulakope"", ""Sodokekope"", ""Sofie"", ""Adame"", ""Agnibe"", ""Niamessi"", ""Kpando"", ""Kpovenou"", ""Assahun Fiagbe"", ""Avetonou"", ""Togo-Plantation"", ""Djokounekope"", ""Zozokondji"", ""Gadja"", ""Gadjagan"", ""Gadya"", ""Gadza"", ""Messiobe"", ""Messlobe"", ""Kolo"", ""Missahome"", ""Votrome"", ""Dzogbepime"", ""Tafie"", ""Agokplame"", ""Atigbe"", ""Gadjawoukpe"", ""Klonou"", ""Dalave"", ""Etoe"", ""Agou Tomegbe"", ""Akoumahou"", ""Apegame"", ""Tomegbe"", ""Agou-Gare"", ""Agbladome"", ""Avedje"", ""Avesido"", ""Avessido"", ""Bouita"", ""Dougadji"", ""Blakpa"", ""Akplolowogboe"", ""Houmokodji"", ""Agou Iboe"", ""Ibo"", ""Agou"", ""Agou Gadzepe"", ""Agou-Nyongbo"", ""Liatonou"", ""Kevikope"", ""Ekpla"", ""Kati"", ""Tohoum"", ""Agbedjikpo"", ""Agbetiko"", ""Azio Anou"", ""Koviakope""]",Disconnected polygon component; identity as island or administrative fragment not independently established.
