assigned_location_id,assigned_location_name,assigned_current_admin2_pcode,point_object_id,point_name,geojson_lon_lat,catalog_admin2_name,catalog_admin2_pcode,containing_current_codab_candidates,last_modified,source,finding
gb:SLE:ADM2:65957751B248885957650,Kailahun,SL0101,137703,Bwedu,"[-10.643691, 8.463241]",Kailahun,SL0101,Kono[SL0103],2021-07-01,OCHAfrom ctrylayers,"Assigned-code point falls outside its matched current polygon; destination is a crosswalk candidate, not an automatic transfer."
gb:SLE:ADM2:65957751B2614126839094,Pujehun,SL0304,111798,Senehun,"[-11.98217, 7.201518]",Pujehun,SL0304,Bonthe[SL0302],2021-07-01,OCHAfrom ctrylayers,"Assigned-code point falls outside its matched current polygon; destination is a crosswalk candidate, not an automatic transfer."
gb:SLE:ADM2:65957751B2614126839094,Pujehun,SL0304,111800,Panguma,"[-11.98333, 7.201782]",Pujehun,SL0304,Bonthe[SL0302],2021-07-01,OCHAfrom ctrylayers,"Assigned-code point falls outside its matched current polygon; destination is a crosswalk candidate, not an automatic transfer."
gb:SLE:ADM2:65957751B2614126839094,Pujehun,SL0304,111803,Lilema,"[-11.982743, 7.202082]",Pujehun,SL0304,Bonthe[SL0302],2021-07-01,OCHAfrom ctrylayers,"Assigned-code point falls outside its matched current polygon; destination is a crosswalk candidate, not an automatic transfer."
gb:SLE:ADM2:65957751B2614126839094,Pujehun,SL0304,111811,Masao,"[-11.970406, 7.202168]",Pujehun,SL0304,Bonthe[SL0302],2021-07-01,OCHAfrom ctrylayers,"Assigned-code point falls outside its matched current polygon; destination is a crosswalk candidate, not an automatic transfer."
gb:SLE:ADM2:65957751B2614126839094,Pujehun,SL0304,111868,Mesima,"[-11.980798, 7.206271]",Pujehun,SL0304,Bonthe[SL0302],2021-07-01,OCHAfrom ctrylayers,"Assigned-code point falls outside its matched current polygon; destination is a crosswalk candidate, not an automatic transfer."
gb:SLE:ADM2:65957751B2614126839094,Pujehun,SL0304,112055,Mogbese,"[-12.0, 7.216667]",Pujehun,SL0304,Bonthe[SL0302],2021-07-01,OCHAfrom ctrylayers,"Assigned-code point falls outside its matched current polygon; destination is a crosswalk candidate, not an automatic transfer."
gb:SLE:ADM2:65957751B2614126839094,Pujehun,SL0304,112261,Masa,"[-11.98401, 7.218127]",Pujehun,SL0304,Bonthe[SL0302],2021-07-01,OCHAfrom ctrylayers,"Assigned-code point falls outside its matched current polygon; destination is a crosswalk candidate, not an automatic transfer."
gb:SLE:ADM2:65957751B2614126839094,Pujehun,SL0304,112364,Mokusi,"[-12.029042, 7.225427]",Pujehun,SL0304,Bonthe[SL0302],2021-07-01,OCHAfrom ctrylayers,"Assigned-code point falls outside its matched current polygon; destination is a crosswalk candidate, not an automatic transfer."
gb:SLE:ADM2:65957751B2614126839094,Pujehun,SL0304,112435,Diamani,"[-11.903086, 7.231014]",Pujehun,SL0304,Bonthe[SL0302],2021-07-01,OCHAfrom ctrylayers,"Assigned-code point falls outside its matched current polygon; destination is a crosswalk candidate, not an automatic transfer."
gb:SLE:ADM2:65957751B2614126839094,Pujehun,SL0304,112482,Faikundo,"[-11.9, 7.233333]",Pujehun,SL0304,Bonthe[SL0302],2021-07-01,OCHAfrom ctrylayers,"Assigned-code point falls outside its matched current polygon; destination is a crosswalk candidate, not an automatic transfer."
gb:SLE:ADM2:65957751B2614126839094,Pujehun,SL0304,112814,Tei,"[-12.014978, 7.246031]",Pujehun,SL0304,Bonthe[SL0302],2021-07-01,OCHAfrom ctrylayers,"Assigned-code point falls outside its matched current polygon; destination is a crosswalk candidate, not an automatic transfer."
gb:SLE:ADM2:65957751B2614126839094,Pujehun,SL0304,112820,Kuranko,"[-12.079675, 7.246246]",Pujehun,SL0304,Bonthe[SL0302],2021-07-01,OCHAfrom ctrylayers,"Assigned-code point falls outside its matched current polygon; destination is a crosswalk candidate, not an automatic transfer."
gb:SLE:ADM2:65957751B2614126839094,Pujehun,SL0304,112827,Mano,"[-12.08591, 7.246659]",Pujehun,SL0304,Bonthe[SL0302],2021-07-01,OCHAfrom ctrylayers,"Assigned-code point falls outside its matched current polygon; destination is a crosswalk candidate, not an automatic transfer."
gb:SLE:ADM2:65957751B2614126839094,Pujehun,SL0304,112882,Woroma,"[-11.933333, 7.25]",Pujehun,SL0304,Bonthe[SL0302],2021-07-01,OCHAfrom ctrylayers,"Assigned-code point falls outside its matched current polygon; destination is a crosswalk candidate, not an automatic transfer."
gb:SLE:ADM2:65957751B2614126839094,Pujehun,SL0304,113114,Hoya,"[-11.8937, 7.252611]",Pujehun,SL0304,Bonthe[SL0302],2021-07-01,OCHAfrom ctrylayers,"Assigned-code point falls outside its matched current polygon; destination is a crosswalk candidate, not an automatic transfer."
gb:SLE:ADM2:65957751B2614126839094,Pujehun,SL0304,113120,Karleh,"[-12.064061, 7.252906]",Pujehun,SL0304,Bonthe[SL0302],2021-07-01,OCHAfrom ctrylayers,"Assigned-code point falls outside its matched current polygon; destination is a crosswalk candidate, not an automatic transfer."
gb:SLE:ADM2:65957751B2614126839094,Pujehun,SL0304,113325,Benduma,"[-11.962836, 7.266287]",Pujehun,SL0304,Bonthe[SL0302],2021-07-01,OCHAfrom ctrylayers,"Assigned-code point falls outside its matched current polygon; destination is a crosswalk candidate, not an automatic transfer."
gb:SLE:ADM2:65957751B2614126839094,Pujehun,SL0304,113691,Kendema,"[-11.967269, 7.275318]",Pujehun,SL0304,Bonthe[SL0302],2021-07-01,OCHAfrom ctrylayers,"Assigned-code point falls outside its matched current polygon; destination is a crosswalk candidate, not an automatic transfer."
gb:SLE:ADM2:65957751B2614126839094,Pujehun,SL0304,113739,Sahun,"[-12.000355, 7.279108]",Pujehun,SL0304,Bonthe[SL0302],2021-07-01,OCHAfrom ctrylayers,"Assigned-code point falls outside its matched current polygon; destination is a crosswalk candidate, not an automatic transfer."
gb:SLE:ADM2:65957751B2614126839094,Pujehun,SL0304,113806,Bohun,"[-11.9, 7.283333]",Pujehun,SL0304,Bonthe[SL0302],2021-07-01,OCHAfrom ctrylayers,"Assigned-code point falls outside its matched current polygon; destination is a crosswalk candidate, not an automatic transfer."
gb:SLE:ADM2:65957751B2614126839094,Pujehun,SL0304,114069,Topan,"[-11.932041, 7.286258]",Pujehun,SL0304,Bonthe[SL0302],2021-07-01,OCHAfrom ctrylayers,"Assigned-code point falls outside its matched current polygon; destination is a crosswalk candidate, not an automatic transfer."
gb:SLE:ADM2:65957751B2614126839094,Pujehun,SL0304,114071,,"[-11.956322, 7.286318]",Pujehun,SL0304,Bonthe[SL0302],2021-07-01,OCHAfrom ctrylayers,"Assigned-code point falls outside its matched current polygon; destination is a crosswalk candidate, not an automatic transfer."
gb:SLE:ADM2:65957751B2614126839094,Pujehun,SL0304,114072,Lembilema,"[-12.005065, 7.286434]",Pujehun,SL0304,Bonthe[SL0302],2021-07-01,OCHAfrom ctrylayers,"Assigned-code point falls outside its matched current polygon; destination is a crosswalk candidate, not an automatic transfer."
gb:SLE:ADM2:65957751B2614126839094,Pujehun,SL0304,114191,Momatenda,"[-11.915821, 7.295424]",Pujehun,SL0304,Bonthe[SL0302],2021-07-01,OCHAfrom ctrylayers,"Assigned-code point falls outside its matched current polygon; destination is a crosswalk candidate, not an automatic transfer."
gb:SLE:ADM2:65957751B2614126839094,Pujehun,SL0304,114222,Nyandehun,"[-11.983956, 7.297732]",Pujehun,SL0304,Bonthe[SL0302],2021-07-01,OCHAfrom ctrylayers,"Assigned-code point falls outside its matched current polygon; destination is a crosswalk candidate, not an automatic transfer."
gb:SLE:ADM2:65957751B2614126839094,Pujehun,SL0304,114254,Kebawana,"[-12.066667, 7.3]",Pujehun,SL0304,Bonthe[SL0302],2021-07-01,OCHAfrom ctrylayers,"Assigned-code point falls outside its matched current polygon; destination is a crosswalk candidate, not an automatic transfer."
gb:SLE:ADM2:65957751B2614126839094,Pujehun,SL0304,114255,Boma,"[-11.933333, 7.3]",Pujehun,SL0304,Bonthe[SL0302],2021-07-01,OCHAfrom ctrylayers,"Assigned-code point falls outside its matched current polygon; destination is a crosswalk candidate, not an automatic transfer."
gb:SLE:ADM2:65957751B2614126839094,Pujehun,SL0304,114481,Movugba,"[-11.992237, 7.300103]",Pujehun,SL0304,Bonthe[SL0302],2021-07-01,OCHAfrom ctrylayers,"Assigned-code point falls outside its matched current polygon; destination is a crosswalk candidate, not an automatic transfer."
gb:SLE:ADM2:65957751B2614126839094,Pujehun,SL0304,114491,Folima,"[-11.981052, 7.300646]",Pujehun,SL0304,Bonthe[SL0302],2021-07-01,OCHAfrom ctrylayers,"Assigned-code point falls outside its matched current polygon; destination is a crosswalk candidate, not an automatic transfer."
gb:SLE:ADM2:65957751B2614126839094,Pujehun,SL0304,114518,Movugba,"[-11.996654, 7.302001]",Pujehun,SL0304,Bonthe[SL0302],2021-07-01,OCHAfrom ctrylayers,"Assigned-code point falls outside its matched current polygon; destination is a crosswalk candidate, not an automatic transfer."
gb:SLE:ADM2:65957751B2614126839094,Pujehun,SL0304,114525,Bobowaleh,"[-12.002748, 7.302329]",Pujehun,SL0304,Bonthe[SL0302],2021-07-01,OCHAfrom ctrylayers,"Assigned-code point falls outside its matched current polygon; destination is a crosswalk candidate, not an automatic transfer."
gb:SLE:ADM2:65957751B2614126839094,Pujehun,SL0304,114553,Gbongeh,"[-11.907879, 7.304749]",Pujehun,SL0304,Bonthe[SL0302],2021-07-01,OCHAfrom ctrylayers,"Assigned-code point falls outside its matched current polygon; destination is a crosswalk candidate, not an automatic transfer."
gb:SLE:ADM2:65957751B2614126839094,Pujehun,SL0304,114571,Kwako,"[-11.997131, 7.306328]",Pujehun,SL0304,Bonthe[SL0302],2021-07-01,OCHAfrom ctrylayers,"Assigned-code point falls outside its matched current polygon; destination is a crosswalk candidate, not an automatic transfer."
gb:SLE:ADM2:65957751B2614126839094,Pujehun,SL0304,114987,Lingbon,"[-11.96191, 7.318143]",Pujehun,SL0304,Bonthe[SL0302],2021-07-01,OCHAfrom ctrylayers,"Assigned-code point falls outside its matched current polygon; destination is a crosswalk candidate, not an automatic transfer."
gb:SLE:ADM2:65957751B2614126839094,Pujehun,SL0304,115007,Blama,"[-11.970302, 7.319843]",Pujehun,SL0304,Bonthe[SL0302],2021-07-01,OCHAfrom ctrylayers,"Assigned-code point falls outside its matched current polygon; destination is a crosswalk candidate, not an automatic transfer."
gb:SLE:ADM2:65957751B2614126839094,Pujehun,SL0304,115057,Kamasu,"[-11.970954, 7.323539]",Pujehun,SL0304,Bonthe[SL0302],2021-07-01,OCHAfrom ctrylayers,"Assigned-code point falls outside its matched current polygon; destination is a crosswalk candidate, not an automatic transfer."
gb:SLE:ADM2:65957751B2614126839094,Pujehun,SL0304,115079,Tom,"[-12.004722, 7.325556]",Pujehun,SL0304,Bonthe[SL0302],2021-07-01,OCHAfrom ctrylayers,"Assigned-code point falls outside its matched current polygon; destination is a crosswalk candidate, not an automatic transfer."
gb:SLE:ADM2:65957751B2614126839094,Pujehun,SL0304,115090,Njandama,"[-11.931432, 7.326643]",Pujehun,SL0304,Bonthe[SL0302],2021-07-01,OCHAfrom ctrylayers,"Assigned-code point falls outside its matched current polygon; destination is a crosswalk candidate, not an automatic transfer."
gb:SLE:ADM2:65957751B2614126839094,Pujehun,SL0304,115118,Gbojeima,"[-11.91878, 7.32841]",Pujehun,SL0304,Bonthe[SL0302],2021-07-01,OCHAfrom ctrylayers,"Assigned-code point falls outside its matched current polygon; destination is a crosswalk candidate, not an automatic transfer."
gb:SLE:ADM2:65957751B2614126839094,Pujehun,SL0304,115142,Rontuk,"[-12.015811, 7.330902]",Pujehun,SL0304,Bonthe[SL0302],2021-07-01,OCHAfrom ctrylayers,"Assigned-code point falls outside its matched current polygon; destination is a crosswalk candidate, not an automatic transfer."
gb:SLE:ADM2:65957751B35726846399821,Moyamba,SL0303,118338,,"[-12.28039, 7.464064]",Moyamba,SL0303,Bonthe[SL0302],2021-07-01,OCHAfrom ctrylayers,"Assigned-code point falls outside its matched current polygon; destination is a crosswalk candidate, not an automatic transfer."
gb:SLE:ADM2:65957751B35726846399821,Moyamba,SL0303,118342,Mai,"[-12.299204, 7.464348]",Moyamba,SL0303,Bonthe[SL0302],2021-07-01,OCHAfrom ctrylayers,"Assigned-code point falls outside its matched current polygon; destination is a crosswalk candidate, not an automatic transfer."
gb:SLE:ADM2:65957751B35726846399821,Moyamba,SL0303,118697,,"[-12.278176, 7.476636]",Moyamba,SL0303,Bonthe[SL0302],2021-07-01,OCHAfrom ctrylayers,"Assigned-code point falls outside its matched current polygon; destination is a crosswalk candidate, not an automatic transfer."
gb:SLE:ADM2:65957751B35726846399821,Moyamba,SL0303,118718,Petema,"[-12.219888, 7.477955]",Moyamba,SL0303,Bonthe[SL0302],2021-07-01,OCHAfrom ctrylayers,"Assigned-code point falls outside its matched current polygon; destination is a crosswalk candidate, not an automatic transfer."
gb:SLE:ADM2:65957751B35726846399821,Moyamba,SL0303,118806,Semabu,"[-12.283333, 7.483333]",Moyamba,SL0303,Bonthe[SL0302],2021-07-01,OCHAfrom ctrylayers,"Assigned-code point falls outside its matched current polygon; destination is a crosswalk candidate, not an automatic transfer."
gb:SLE:ADM2:65957751B35726846399821,Moyamba,SL0303,118952,,"[-12.233556, 7.485552]",Moyamba,SL0303,Bonthe[SL0302],2021-07-01,OCHAfrom ctrylayers,"Assigned-code point falls outside its matched current polygon; destination is a crosswalk candidate, not an automatic transfer."
gb:SLE:ADM2:65957751B35726846399821,Moyamba,SL0303,118964,Mandu,"[-12.28821, 7.486367]",Moyamba,SL0303,Bonthe[SL0302],2021-07-01,OCHAfrom ctrylayers,"Assigned-code point falls outside its matched current polygon; destination is a crosswalk candidate, not an automatic transfer."
gb:SLE:ADM2:65957751B35726846399821,Moyamba,SL0303,119009,,"[-12.292779, 7.489734]",Moyamba,SL0303,Bonthe[SL0302],2021-07-01,OCHAfrom ctrylayers,"Assigned-code point falls outside its matched current polygon; destination is a crosswalk candidate, not an automatic transfer."
gb:SLE:ADM2:65957751B35726846399821,Moyamba,SL0303,119030,Gbangba,"[-12.200348, 7.491682]",Moyamba,SL0303,Bonthe[SL0302],2021-07-01,OCHAfrom ctrylayers,"Assigned-code point falls outside its matched current polygon; destination is a crosswalk candidate, not an automatic transfer."
gb:SLE:ADM2:65957751B35726846399821,Moyamba,SL0303,119044,Dodo,"[-12.217057, 7.493114]",Moyamba,SL0303,Bonthe[SL0302],2021-07-01,OCHAfrom ctrylayers,"Assigned-code point falls outside its matched current polygon; destination is a crosswalk candidate, not an automatic transfer."
gb:SLE:ADM2:65957751B35726846399821,Moyamba,SL0303,119263,,"[-12.27473, 7.501065]",Moyamba,SL0303,Bonthe[SL0302],2021-07-01,OCHAfrom ctrylayers,"Assigned-code point falls outside its matched current polygon; destination is a crosswalk candidate, not an automatic transfer."
gb:SLE:ADM2:65957751B35726846399821,Moyamba,SL0303,119288,Baiama,"[-12.252715, 7.502802]",Moyamba,SL0303,Bonthe[SL0302],2021-07-01,OCHAfrom ctrylayers,"Assigned-code point falls outside its matched current polygon; destination is a crosswalk candidate, not an automatic transfer."
gb:SLE:ADM2:65957751B35726846399821,Moyamba,SL0303,119382,Mosunga,"[-12.202142, 7.510791]",Moyamba,SL0303,Bonthe[SL0302],2021-07-01,OCHAfrom ctrylayers,"Assigned-code point falls outside its matched current polygon; destination is a crosswalk candidate, not an automatic transfer."
gb:SLE:ADM2:65957751B35726846399821,Moyamba,SL0303,119440,Yenkisa,"[-12.146474, 7.514597]",Moyamba,SL0303,Bonthe[SL0302],2021-07-01,OCHAfrom ctrylayers,"Assigned-code point falls outside its matched current polygon; destination is a crosswalk candidate, not an automatic transfer."
gb:SLE:ADM2:65957751B35726846399821,Moyamba,SL0303,119447,,"[-12.282361, 7.515205]",Moyamba,SL0303,Bonthe[SL0302],2021-07-01,OCHAfrom ctrylayers,"Assigned-code point falls outside its matched current polygon; destination is a crosswalk candidate, not an automatic transfer."
gb:SLE:ADM2:65957751B35726846399821,Moyamba,SL0303,119461,Komendi,"[-12.232202, 7.51567]",Moyamba,SL0303,Bonthe[SL0302],2021-07-01,OCHAfrom ctrylayers,"Assigned-code point falls outside its matched current polygon; destination is a crosswalk candidate, not an automatic transfer."
gb:SLE:ADM2:65957751B35726846399821,Moyamba,SL0303,119660,Sonfo,"[-12.166511, 7.517078]",Moyamba,SL0303,Bonthe[SL0302],2021-07-01,OCHAfrom ctrylayers,"Assigned-code point falls outside its matched current polygon; destination is a crosswalk candidate, not an automatic transfer."
gb:SLE:ADM2:65957751B35726846399821,Moyamba,SL0303,119694,,"[-12.265675, 7.519834]",Moyamba,SL0303,Bonthe[SL0302],2021-07-01,OCHAfrom ctrylayers,"Assigned-code point falls outside its matched current polygon; destination is a crosswalk candidate, not an automatic transfer."
gb:SLE:ADM2:65957751B35726846399821,Moyamba,SL0303,119734,Factri,"[-12.251427, 7.523673]",Moyamba,SL0303,Bonthe[SL0302],2021-07-01,OCHAfrom ctrylayers,"Assigned-code point falls outside its matched current polygon; destination is a crosswalk candidate, not an automatic transfer."
gb:SLE:ADM2:65957751B35726846399821,Moyamba,SL0303,119801,Gombu,"[-12.239722, 7.528889]",Moyamba,SL0303,Bonthe[SL0302],2021-07-01,OCHAfrom ctrylayers,"Assigned-code point falls outside its matched current polygon; destination is a crosswalk candidate, not an automatic transfer."
gb:SLE:ADM2:65957751B35726846399821,Moyamba,SL0303,119997,Gambia,"[-12.177435, 7.533859]",Moyamba,SL0303,Bonthe[SL0302],2021-07-01,OCHAfrom ctrylayers,"Assigned-code point falls outside its matched current polygon; destination is a crosswalk candidate, not an automatic transfer."
gb:SLE:ADM2:65957751B35726846399821,Moyamba,SL0303,120032,Sembehun,"[-12.287835, 7.536607]",Moyamba,SL0303,Bonthe[SL0302],2021-07-01,OCHAfrom ctrylayers,"Assigned-code point falls outside its matched current polygon; destination is a crosswalk candidate, not an automatic transfer."
gb:SLE:ADM2:65957751B35726846399821,Moyamba,SL0303,120102,Bo,"[-12.259573, 7.542104]",Moyamba,SL0303,Bonthe[SL0302],2021-07-01,OCHAfrom ctrylayers,"Assigned-code point falls outside its matched current polygon; destination is a crosswalk candidate, not an automatic transfer."
gb:SLE:ADM2:65957751B35726846399821,Moyamba,SL0303,120150,,"[-12.191413, 7.546508]",Moyamba,SL0303,Bonthe[SL0302],2021-07-01,OCHAfrom ctrylayers,"Assigned-code point falls outside its matched current polygon; destination is a crosswalk candidate, not an automatic transfer."
gb:SLE:ADM2:65957751B35726846399821,Moyamba,SL0303,120340,Baba,"[-12.281386, 7.550463]",Moyamba,SL0303,Bonthe[SL0302],2021-07-01,OCHAfrom ctrylayers,"Assigned-code point falls outside its matched current polygon; destination is a crosswalk candidate, not an automatic transfer."
gb:SLE:ADM2:65957751B35726846399821,Moyamba,SL0303,120356,Mosapo,"[-12.200141, 7.551485]",Moyamba,SL0303,Bonthe[SL0302],2021-07-01,OCHAfrom ctrylayers,"Assigned-code point falls outside its matched current polygon; destination is a crosswalk candidate, not an automatic transfer."
gb:SLE:ADM2:65957751B35726846399821,Moyamba,SL0303,120414,Gangama,"[-12.160556, 7.555]",Moyamba,SL0303,Bonthe[SL0302],2021-07-01,OCHAfrom ctrylayers,"Assigned-code point falls outside its matched current polygon; destination is a crosswalk candidate, not an automatic transfer."
gb:SLE:ADM2:65957751B35726846399821,Moyamba,SL0303,120469,Segbwema,"[-12.153182, 7.559042]",Moyamba,SL0303,Bonthe[SL0302],2021-07-01,OCHAfrom ctrylayers,"Assigned-code point falls outside its matched current polygon; destination is a crosswalk candidate, not an automatic transfer."
gb:SLE:ADM2:65957751B35726846399821,Moyamba,SL0303,120479,Bandama,"[-12.231414, 7.559476]",Moyamba,SL0303,Bonthe[SL0302],2021-07-01,OCHAfrom ctrylayers,"Assigned-code point falls outside its matched current polygon; destination is a crosswalk candidate, not an automatic transfer."
gb:SLE:ADM2:65957751B35726846399821,Moyamba,SL0303,120529,Mai,"[-12.269481, 7.565542]",Moyamba,SL0303,Bonthe[SL0302],2021-07-01,OCHAfrom ctrylayers,"Assigned-code point falls outside its matched current polygon; destination is a crosswalk candidate, not an automatic transfer."
gb:SLE:ADM2:65957751B35726846399821,Moyamba,SL0303,120757,,"[-12.169532, 7.570062]",Moyamba,SL0303,Bonthe[SL0302],2021-07-01,OCHAfrom ctrylayers,"Assigned-code point falls outside its matched current polygon; destination is a crosswalk candidate, not an automatic transfer."
gb:SLE:ADM2:65957751B35726846399821,Moyamba,SL0303,120790,Tissana,"[-12.203306, 7.572232]",Moyamba,SL0303,Bonthe[SL0302],2021-07-01,OCHAfrom ctrylayers,"Assigned-code point falls outside its matched current polygon; destination is a crosswalk candidate, not an automatic transfer."
gb:SLE:ADM2:65957751B35726846399821,Moyamba,SL0303,120797,Yargoi,"[-12.337585, 7.572731]",Moyamba,SL0303,Bonthe[SL0302],2021-07-01,OCHAfrom ctrylayers,"Assigned-code point falls outside its matched current polygon; destination is a crosswalk candidate, not an automatic transfer."
gb:SLE:ADM2:65957751B35726846399821,Moyamba,SL0303,120801,Blama,"[-12.151488, 7.573077]",Moyamba,SL0303,Bonthe[SL0302],2021-07-01,OCHAfrom ctrylayers,"Assigned-code point falls outside its matched current polygon; destination is a crosswalk candidate, not an automatic transfer."
gb:SLE:ADM2:65957751B35726846399821,Moyamba,SL0303,120846,Kambalo,"[-12.195575, 7.576446]",Moyamba,SL0303,Bonthe[SL0302],2021-07-01,OCHAfrom ctrylayers,"Assigned-code point falls outside its matched current polygon; destination is a crosswalk candidate, not an automatic transfer."
gb:SLE:ADM2:65957751B35726846399821,Moyamba,SL0303,120856,Keiga,"[-12.306501, 7.577311]",Moyamba,SL0303,Bonthe[SL0302],2021-07-01,OCHAfrom ctrylayers,"Assigned-code point falls outside its matched current polygon; destination is a crosswalk candidate, not an automatic transfer."
gb:SLE:ADM2:65957751B35726846399821,Moyamba,SL0303,120871,Yele,"[-12.2299, 7.57868]",Moyamba,SL0303,Bonthe[SL0302],2021-07-01,OCHAfrom ctrylayers,"Assigned-code point falls outside its matched current polygon; destination is a crosswalk candidate, not an automatic transfer."
gb:SLE:ADM2:65957751B35726846399821,Moyamba,SL0303,121139,Pepaw,"[-12.197775, 7.584171]",Moyamba,SL0303,Bonthe[SL0302],2021-07-01,OCHAfrom ctrylayers,"Assigned-code point falls outside its matched current polygon; destination is a crosswalk candidate, not an automatic transfer."
gb:SLE:ADM2:65957751B35726846399821,Moyamba,SL0303,121147,Mowago,"[-12.172477, 7.584432]",Moyamba,SL0303,Bonthe[SL0302],2021-07-01,OCHAfrom ctrylayers,"Assigned-code point falls outside its matched current polygon; destination is a crosswalk candidate, not an automatic transfer."
gb:SLE:ADM2:65957751B35726846399821,Moyamba,SL0303,121157,Moporpu,"[-12.361739, 7.585105]",Moyamba,SL0303,Bonthe[SL0302],2021-07-01,OCHAfrom ctrylayers,"Assigned-code point falls outside its matched current polygon; destination is a crosswalk candidate, not an automatic transfer."
gb:SLE:ADM2:65957751B35726846399821,Moyamba,SL0303,121202,,"[-12.18917, 7.589091]",Moyamba,SL0303,Bonthe[SL0302],2021-07-01,OCHAfrom ctrylayers,"Assigned-code point falls outside its matched current polygon; destination is a crosswalk candidate, not an automatic transfer."
gb:SLE:ADM2:65957751B35726846399821,Moyamba,SL0303,121217,East Island,"[-12.478474, 7.590184]",Moyamba,SL0303,Bonthe[SL0302],2021-07-01,OCHAfrom ctrylayers,"Assigned-code point falls outside its matched current polygon; destination is a crosswalk candidate, not an automatic transfer."
gb:SLE:ADM2:65957751B35726846399821,Moyamba,SL0303,121221,,"[-12.192018, 7.590802]",Moyamba,SL0303,Bonthe[SL0302],2021-07-01,OCHAfrom ctrylayers,"Assigned-code point falls outside its matched current polygon; destination is a crosswalk candidate, not an automatic transfer."
gb:SLE:ADM2:65957751B35726846399821,Moyamba,SL0303,121242,Mochas,"[-12.280774, 7.592613]",Moyamba,SL0303,Bonthe[SL0302],2021-07-01,OCHAfrom ctrylayers,"Assigned-code point falls outside its matched current polygon; destination is a crosswalk candidate, not an automatic transfer."
gb:SLE:ADM2:65957751B35726846399821,Moyamba,SL0303,121296,Mesima,"[-12.33936, 7.596244]",Moyamba,SL0303,Bonthe[SL0302],2021-07-01,OCHAfrom ctrylayers,"Assigned-code point falls outside its matched current polygon; destination is a crosswalk candidate, not an automatic transfer."
gb:SLE:ADM2:65957751B35726846399821,Moyamba,SL0303,121505,Mongerewa,"[-12.221034, 7.60192]",Moyamba,SL0303,Bonthe[SL0302],2021-07-01,OCHAfrom ctrylayers,"Assigned-code point falls outside its matched current polygon; destination is a crosswalk candidate, not an automatic transfer."
gb:SLE:ADM2:65957751B35726846399821,Moyamba,SL0303,121539,Mongeri,"[-12.219452, 7.604676]",Moyamba,SL0303,Bonthe[SL0302],2021-07-01,OCHAfrom ctrylayers,"Assigned-code point falls outside its matched current polygon; destination is a crosswalk candidate, not an automatic transfer."
gb:SLE:ADM2:65957751B35726846399821,Moyamba,SL0303,121567,Mattru Jong,"[-12.179959, 7.607117]",Moyamba,SL0303,Bonthe[SL0302],2021-07-01,OCHAfrom ctrylayers,"Assigned-code point falls outside its matched current polygon; destination is a crosswalk candidate, not an automatic transfer."
gb:SLE:ADM2:65957751B35726846399821,Moyamba,SL0303,121616,Senehun,"[-12.186311, 7.611369]",Moyamba,SL0303,Bonthe[SL0302],2021-07-01,OCHAfrom ctrylayers,"Assigned-code point falls outside its matched current polygon; destination is a crosswalk candidate, not an automatic transfer."
gb:SLE:ADM2:65957751B35726846399821,Moyamba,SL0303,121632,Momaligi,"[-12.360289, 7.612179]",Moyamba,SL0303,Bonthe[SL0302],2021-07-01,OCHAfrom ctrylayers,"Assigned-code point falls outside its matched current polygon; destination is a crosswalk candidate, not an automatic transfer."
gb:SLE:ADM2:65957751B35726846399821,Moyamba,SL0303,121646,Mo-Wimi,"[-12.257433, 7.61318]",Moyamba,SL0303,Bonthe[SL0302],2021-07-01,OCHAfrom ctrylayers,"Assigned-code point falls outside its matched current polygon; destination is a crosswalk candidate, not an automatic transfer."
gb:SLE:ADM2:65957751B35726846399821,Moyamba,SL0303,121650,Long Island,"[-12.490299, 7.613434]",Moyamba,SL0303,Bonthe[SL0302],2021-07-01,OCHAfrom ctrylayers,"Assigned-code point falls outside its matched current polygon; destination is a crosswalk candidate, not an automatic transfer."
gb:SLE:ADM2:65957751B35726846399821,Moyamba,SL0303,121657,Saura,"[-12.255119, 7.614323]",Moyamba,SL0303,Bonthe[SL0302],2021-07-01,OCHAfrom ctrylayers,"Assigned-code point falls outside its matched current polygon; destination is a crosswalk candidate, not an automatic transfer."
gb:SLE:ADM2:65957751B35726846399821,Moyamba,SL0303,121665,Luawa,"[-12.143101, 7.615021]",Moyamba,SL0303,Bonthe[SL0302],2021-07-01,OCHAfrom ctrylayers,"Assigned-code point falls outside its matched current polygon; destination is a crosswalk candidate, not an automatic transfer."
gb:SLE:ADM2:65957751B35726846399821,Moyamba,SL0303,121669,Timbo,"[-12.182122, 7.615301]",Moyamba,SL0303,Bonthe[SL0302],2021-07-01,OCHAfrom ctrylayers,"Assigned-code point falls outside its matched current polygon; destination is a crosswalk candidate, not an automatic transfer."
gb:SLE:ADM2:65957751B35726846399821,Moyamba,SL0303,121880,,"[-12.221392, 7.620759]",Moyamba,SL0303,Bonthe[SL0302],2021-07-01,OCHAfrom ctrylayers,"Assigned-code point falls outside its matched current polygon; destination is a crosswalk candidate, not an automatic transfer."
gb:SLE:ADM2:65957751B35726846399821,Moyamba,SL0303,121882,Semabu,"[-12.10907, 7.62081]",Moyamba,SL0303,Bonthe[SL0302],2021-07-01,OCHAfrom ctrylayers,"Assigned-code point falls outside its matched current polygon; destination is a crosswalk candidate, not an automatic transfer."
gb:SLE:ADM2:65957751B35726846399821,Moyamba,SL0303,121904,Rontoke,"[-12.428491, 7.622752]",Moyamba,SL0303,Bonthe[SL0302],2021-07-01,OCHAfrom ctrylayers,"Assigned-code point falls outside its matched current polygon; destination is a crosswalk candidate, not an automatic transfer."
gb:SLE:ADM2:65957751B35726846399821,Moyamba,SL0303,121935,Wulai,"[-12.191022, 7.624802]",Moyamba,SL0303,Bonthe[SL0302],2021-07-01,OCHAfrom ctrylayers,"Assigned-code point falls outside its matched current polygon; destination is a crosswalk candidate, not an automatic transfer."
gb:SLE:ADM2:65957751B35726846399821,Moyamba,SL0303,121942,Matakan,"[-12.320035, 7.62554]",Moyamba,SL0303,Bonthe[SL0302],2021-07-01,OCHAfrom ctrylayers,"Assigned-code point falls outside its matched current polygon; destination is a crosswalk candidate, not an automatic transfer."
gb:SLE:ADM2:65957751B35726846399821,Moyamba,SL0303,121962,Shenge,"[-12.263056, 7.628056]",Moyamba,SL0303,Bonthe[SL0302],2021-07-01,OCHAfrom ctrylayers,"Assigned-code point falls outside its matched current polygon; destination is a crosswalk candidate, not an automatic transfer."
gb:SLE:ADM2:65957751B35726846399821,Moyamba,SL0303,121972,Bandajuma,"[-12.335106, 7.628774]",Moyamba,SL0303,Bonthe[SL0302],2021-07-01,OCHAfrom ctrylayers,"Assigned-code point falls outside its matched current polygon; destination is a crosswalk candidate, not an automatic transfer."
gb:SLE:ADM2:65957751B35726846399821,Moyamba,SL0303,121974,Vaama,"[-12.232622, 7.629035]",Moyamba,SL0303,Bonthe[SL0302],2021-07-01,OCHAfrom ctrylayers,"Assigned-code point falls outside its matched current polygon; destination is a crosswalk candidate, not an automatic transfer."
gb:SLE:ADM2:65957751B35726846399821,Moyamba,SL0303,121976,,"[-12.232784, 7.62909]",Moyamba,SL0303,Bonthe[SL0302],2021-07-01,OCHAfrom ctrylayers,"Assigned-code point falls outside its matched current polygon; destination is a crosswalk candidate, not an automatic transfer."
gb:SLE:ADM2:65957751B35726846399821,Moyamba,SL0303,122014,Chokolo,"[-12.362347, 7.63196]",Moyamba,SL0303,Bonthe[SL0302],2021-07-01,OCHAfrom ctrylayers,"Assigned-code point falls outside its matched current polygon; destination is a crosswalk candidate, not an automatic transfer."
gb:SLE:ADM2:65957751B35726846399821,Moyamba,SL0303,122159,Magona,"[-12.266378, 7.634171]",Moyamba,SL0303,Bonthe[SL0302],2021-07-01,OCHAfrom ctrylayers,"Assigned-code point falls outside its matched current polygon; destination is a crosswalk candidate, not an automatic transfer."
gb:SLE:ADM2:65957751B35726846399821,Moyamba,SL0303,122225,Bisawo,"[-12.155914, 7.640048]",Moyamba,SL0303,Bonthe[SL0302],2021-07-01,OCHAfrom ctrylayers,"Assigned-code point falls outside its matched current polygon; destination is a crosswalk candidate, not an automatic transfer."
gb:SLE:ADM2:65957751B35726846399821,Moyamba,SL0303,122237,Gendema,"[-12.207312, 7.640808]",Moyamba,SL0303,Bonthe[SL0302],2021-07-01,OCHAfrom ctrylayers,"Assigned-code point falls outside its matched current polygon; destination is a crosswalk candidate, not an automatic transfer."
gb:SLE:ADM2:65957751B35726846399821,Moyamba,SL0303,122253,Teso,"[-12.323491, 7.642029]",Moyamba,SL0303,Bonthe[SL0302],2021-07-01,OCHAfrom ctrylayers,"Assigned-code point falls outside its matched current polygon; destination is a crosswalk candidate, not an automatic transfer."
gb:SLE:ADM2:65957751B35726846399821,Moyamba,SL0303,122283,Gendema,"[-12.38468, 7.644736]",Moyamba,SL0303,Bonthe[SL0302],2021-07-01,OCHAfrom ctrylayers,"Assigned-code point falls outside its matched current polygon; destination is a crosswalk candidate, not an automatic transfer."
gb:SLE:ADM2:65957751B35726846399821,Moyamba,SL0303,122294,Moyowa,"[-12.100629, 7.64552]",Moyamba,SL0303,Bonthe[SL0302],2021-07-01,OCHAfrom ctrylayers,"Assigned-code point falls outside its matched current polygon; destination is a crosswalk candidate, not an automatic transfer."
gb:SLE:ADM2:65957751B35726846399821,Moyamba,SL0303,122298,Sembehun,"[-12.396905, 7.645982]",Moyamba,SL0303,Bonthe[SL0302],2021-07-01,OCHAfrom ctrylayers,"Assigned-code point falls outside its matched current polygon; destination is a crosswalk candidate, not an automatic transfer."
gb:SLE:ADM2:65957751B35726846399821,Moyamba,SL0303,122312,Lablama,"[-12.084438, 7.646861]",Moyamba,SL0303,Bonthe[SL0302],2021-07-01,OCHAfrom ctrylayers,"Assigned-code point falls outside its matched current polygon; destination is a crosswalk candidate, not an automatic transfer."
gb:SLE:ADM2:65957751B35726846399821,Moyamba,SL0303,122316,Gbaninga,"[-12.276111, 7.647222]",Moyamba,SL0303,Bonthe[SL0302],2021-07-01,OCHAfrom ctrylayers,"Assigned-code point falls outside its matched current polygon; destination is a crosswalk candidate, not an automatic transfer."
gb:SLE:ADM2:65957751B35726846399821,Moyamba,SL0303,122317,Victoria,"[-12.331871, 7.64727]",Moyamba,SL0303,Bonthe[SL0302],2021-07-01,OCHAfrom ctrylayers,"Assigned-code point falls outside its matched current polygon; destination is a crosswalk candidate, not an automatic transfer."
gb:SLE:ADM2:65957751B35726846399821,Moyamba,SL0303,122321,Logbana,"[-12.185254, 7.647592]",Moyamba,SL0303,Bonthe[SL0302],2021-07-01,OCHAfrom ctrylayers,"Assigned-code point falls outside its matched current polygon; destination is a crosswalk candidate, not an automatic transfer."
gb:SLE:ADM2:65957751B35726846399821,Moyamba,SL0303,122523,Nyandehun,"[-12.126469, 7.651648]",Moyamba,SL0303,Bonthe[SL0302],2021-07-01,OCHAfrom ctrylayers,"Assigned-code point falls outside its matched current polygon; destination is a crosswalk candidate, not an automatic transfer."
gb:SLE:ADM2:65957751B35726846399821,Moyamba,SL0303,122554,Nyandehun,"[-12.29912, 7.653995]",Moyamba,SL0303,Bonthe[SL0302],2021-07-01,OCHAfrom ctrylayers,"Assigned-code point falls outside its matched current polygon; destination is a crosswalk candidate, not an automatic transfer."
gb:SLE:ADM2:65957751B35726846399821,Moyamba,SL0303,122567,Njala,"[-12.187675, 7.655722]",Moyamba,SL0303,Bonthe[SL0302],2021-07-01,OCHAfrom ctrylayers,"Assigned-code point falls outside its matched current polygon; destination is a crosswalk candidate, not an automatic transfer."
gb:SLE:ADM2:65957751B35726846399821,Moyamba,SL0303,122623,Worgifor,"[-12.149706, 7.659753]",Moyamba,SL0303,Bonthe[SL0302],2021-07-01,OCHAfrom ctrylayers,"Assigned-code point falls outside its matched current polygon; destination is a crosswalk candidate, not an automatic transfer."
gb:SLE:ADM2:65957751B35726846399821,Moyamba,SL0303,122630,Bobarsene,"[-12.350627, 7.660453]",Moyamba,SL0303,Bonthe[SL0302],2021-07-01,OCHAfrom ctrylayers,"Assigned-code point falls outside its matched current polygon; destination is a crosswalk candidate, not an automatic transfer."
gb:SLE:ADM2:65957751B35726846399821,Moyamba,SL0303,122647,Kanga,"[-12.286655, 7.662352]",Moyamba,SL0303,Bonthe[SL0302],2021-07-01,OCHAfrom ctrylayers,"Assigned-code point falls outside its matched current polygon; destination is a crosswalk candidate, not an automatic transfer."
gb:SLE:ADM2:65957751B35726846399821,Moyamba,SL0303,122658,Mossavie,"[-12.212853, 7.662961]",Moyamba,SL0303,Bonthe[SL0302],2021-07-01,OCHAfrom ctrylayers,"Assigned-code point falls outside its matched current polygon; destination is a crosswalk candidate, not an automatic transfer."
gb:SLE:ADM2:65957751B35726846399821,Moyamba,SL0303,122667,Mbaoma,"[-12.410099, 7.664167]",Moyamba,SL0303,Bonthe[SL0302],2021-07-01,OCHAfrom ctrylayers,"Assigned-code point falls outside its matched current polygon; destination is a crosswalk candidate, not an automatic transfer."
gb:SLE:ADM2:65957751B35726846399821,Moyamba,SL0303,122682,Gbangba,"[-12.384147, 7.665058]",Moyamba,SL0303,Bonthe[SL0302],2021-07-01,OCHAfrom ctrylayers,"Assigned-code point falls outside its matched current polygon; destination is a crosswalk candidate, not an automatic transfer."
gb:SLE:ADM2:65957751B35726846399821,Moyamba,SL0303,122820,Sembehun,"[-12.317392, 7.666994]",Moyamba,SL0303,Bonthe[SL0302],2021-07-01,OCHAfrom ctrylayers,"Assigned-code point falls outside its matched current polygon; destination is a crosswalk candidate, not an automatic transfer."
gb:SLE:ADM2:65957751B35726846399821,Moyamba,SL0303,122821,Mokaba,"[-12.274964, 7.667073]",Moyamba,SL0303,Bonthe[SL0302],2021-07-01,OCHAfrom ctrylayers,"Assigned-code point falls outside its matched current polygon; destination is a crosswalk candidate, not an automatic transfer."
gb:SLE:ADM2:65957751B35726846399821,Moyamba,SL0303,122827,Mogbodo,"[-12.160451, 7.667673]",Moyamba,SL0303,Bonthe[SL0302],2021-07-01,OCHAfrom ctrylayers,"Assigned-code point falls outside its matched current polygon; destination is a crosswalk candidate, not an automatic transfer."
gb:SLE:ADM2:65957751B35726846399821,Moyamba,SL0303,122832,Kabati,"[-12.2459, 7.667847]",Moyamba,SL0303,Bonthe[SL0302],2021-07-01,OCHAfrom ctrylayers,"Assigned-code point falls outside its matched current polygon; destination is a crosswalk candidate, not an automatic transfer."
gb:SLE:ADM2:65957751B35726846399821,Moyamba,SL0303,122960,Madina,"[-12.320185, 7.681064]",Moyamba,SL0303,Bonthe[SL0302],2021-07-01,OCHAfrom ctrylayers,"Assigned-code point falls outside its matched current polygon; destination is a crosswalk candidate, not an automatic transfer."
gb:SLE:ADM2:65957751B35726846399821,Moyamba,SL0303,122968,Moteva,"[-12.428265, 7.681522]",Moyamba,SL0303,Bonthe[SL0302],2021-07-01,OCHAfrom ctrylayers,"Assigned-code point falls outside its matched current polygon; destination is a crosswalk candidate, not an automatic transfer."
gb:SLE:ADM2:65957751B35726846399821,Moyamba,SL0303,123151,Jangalo,"[-12.386892, 7.685598]",Moyamba,SL0303,Bonthe[SL0302],2021-07-01,OCHAfrom ctrylayers,"Assigned-code point falls outside its matched current polygon; destination is a crosswalk candidate, not an automatic transfer."
gb:SLE:ADM2:65957751B35726846399821,Moyamba,SL0303,123160,Foinda,"[-12.327695, 7.686408]",Moyamba,SL0303,Bonthe[SL0302],2021-07-01,OCHAfrom ctrylayers,"Assigned-code point falls outside its matched current polygon; destination is a crosswalk candidate, not an automatic transfer."
gb:SLE:ADM2:65957751B35726846399821,Moyamba,SL0303,123227,Imperi,"[-12.291588, 7.692664]",Moyamba,SL0303,Bonthe[SL0302],2021-07-01,OCHAfrom ctrylayers,"Assigned-code point falls outside its matched current polygon; destination is a crosswalk candidate, not an automatic transfer."
gb:SLE:ADM2:65957751B35726846399821,Moyamba,SL0303,123242,Moboso,"[-12.413309, 7.693808]",Moyamba,SL0303,Bonthe[SL0302],2021-07-01,OCHAfrom ctrylayers,"Assigned-code point falls outside its matched current polygon; destination is a crosswalk candidate, not an automatic transfer."
gb:SLE:ADM2:65957751B35726846399821,Moyamba,SL0303,123276,,"[-12.303953, 7.695879]",Moyamba,SL0303,Bonthe[SL0302],2021-07-01,OCHAfrom ctrylayers,"Assigned-code point falls outside its matched current polygon; destination is a crosswalk candidate, not an automatic transfer."
gb:SLE:ADM2:65957751B35726846399821,Moyamba,SL0303,123295,Bompiya,"[-12.539421, 7.6973]",Moyamba,SL0303,Bonthe[SL0302],2021-07-01,OCHAfrom ctrylayers,"Assigned-code point falls outside its matched current polygon; destination is a crosswalk candidate, not an automatic transfer."
gb:SLE:ADM2:65957751B35726846399821,Moyamba,SL0303,123298,Moyeve,"[-12.351393, 7.697603]",Moyamba,SL0303,Bonthe[SL0302],2021-07-01,OCHAfrom ctrylayers,"Assigned-code point falls outside its matched current polygon; destination is a crosswalk candidate, not an automatic transfer."
gb:SLE:ADM2:65957751B35726846399821,Moyamba,SL0303,123434,Edmonstone Island,"[-12.531883, 7.700854]",Moyamba,SL0303,Bonthe[SL0302],2021-07-01,OCHAfrom ctrylayers,"Assigned-code point falls outside its matched current polygon; destination is a crosswalk candidate, not an automatic transfer."
gb:SLE:ADM2:65957751B35726846399821,Moyamba,SL0303,123471,Mojajua,"[-12.535908, 7.704018]",Moyamba,SL0303,Bonthe[SL0302],2021-07-01,OCHAfrom ctrylayers,"Assigned-code point falls outside its matched current polygon; destination is a crosswalk candidate, not an automatic transfer."
gb:SLE:ADM2:65957751B35726846399821,Moyamba,SL0303,123483,,"[-12.257815, 7.705115]",Moyamba,SL0303,Bonthe[SL0302],2021-07-01,OCHAfrom ctrylayers,"Assigned-code point falls outside its matched current polygon; destination is a crosswalk candidate, not an automatic transfer."
gb:SLE:ADM2:65957751B35726846399821,Moyamba,SL0303,123499,Gbamgbama,"[-12.309401, 7.706653]",Moyamba,SL0303,Bonthe[SL0302],2021-07-01,OCHAfrom ctrylayers,"Assigned-code point falls outside its matched current polygon; destination is a crosswalk candidate, not an automatic transfer."
gb:SLE:ADM2:65957751B35726846399821,Moyamba,SL0303,123593,Pungi,"[-12.426352, 7.713617]",Moyamba,SL0303,Bonthe[SL0302],2021-07-01,OCHAfrom ctrylayers,"Assigned-code point falls outside its matched current polygon; destination is a crosswalk candidate, not an automatic transfer."
gb:SLE:ADM2:65957751B35726846399821,Moyamba,SL0303,123778,Segbwema,"[-12.266667, 7.716759]",Moyamba,SL0303,Bonthe[SL0302],2021-07-01,OCHAfrom ctrylayers,"Assigned-code point falls outside its matched current polygon; destination is a crosswalk candidate, not an automatic transfer."
gb:SLE:ADM2:65957751B35726846399821,Moyamba,SL0303,123795,Bandajuma,"[-12.394759, 7.718408]",Moyamba,SL0303,Bonthe[SL0302],2021-07-01,OCHAfrom ctrylayers,"Assigned-code point falls outside its matched current polygon; destination is a crosswalk candidate, not an automatic transfer."
gb:SLE:ADM2:65957751B35726846399821,Moyamba,SL0303,123827,Gangama,"[-12.357494, 7.721075]",Moyamba,SL0303,Bonthe[SL0302],2021-07-01,OCHAfrom ctrylayers,"Assigned-code point falls outside its matched current polygon; destination is a crosswalk candidate, not an automatic transfer."
gb:SLE:ADM2:65957751B35726846399821,Moyamba,SL0303,123882,Mokaipi,"[-12.280034, 7.726782]",Moyamba,SL0303,Bonthe[SL0302],2021-07-01,OCHAfrom ctrylayers,"Assigned-code point falls outside its matched current polygon; destination is a crosswalk candidate, not an automatic transfer."
gb:SLE:ADM2:65957751B35726846399821,Moyamba,SL0303,123988,Motinga,"[-12.277996, 7.733333]",Moyamba,SL0303,Bonthe[SL0302],2021-07-01,OCHAfrom ctrylayers,"Assigned-code point falls outside its matched current polygon; destination is a crosswalk candidate, not an automatic transfer."
gb:SLE:ADM2:65957751B35726846399821,Moyamba,SL0303,124124,Junctuela,"[-12.340015, 7.73618]",Moyamba,SL0303,Bonthe[SL0302],2021-07-01,OCHAfrom ctrylayers,"Assigned-code point falls outside its matched current polygon; destination is a crosswalk candidate, not an automatic transfer."
gb:SLE:ADM2:65957751B35726846399821,Moyamba,SL0303,124130,Semabu,"[-12.369359, 7.736794]",Moyamba,SL0303,Bonthe[SL0302],2021-07-01,OCHAfrom ctrylayers,"Assigned-code point falls outside its matched current polygon; destination is a crosswalk candidate, not an automatic transfer."
gb:SLE:ADM2:65957751B35726846399821,Moyamba,SL0303,124187,Gondama,"[-12.312505, 7.741711]",Moyamba,SL0303,Bonthe[SL0302],2021-07-01,OCHAfrom ctrylayers,"Assigned-code point falls outside its matched current polygon; destination is a crosswalk candidate, not an automatic transfer."
gb:SLE:ADM2:65957751B35726846399821,Moyamba,SL0303,124268,,"[-12.353474, 7.748269]",Moyamba,SL0303,Bonthe[SL0302],2021-07-01,OCHAfrom ctrylayers,"Assigned-code point falls outside its matched current polygon; destination is a crosswalk candidate, not an automatic transfer."
gb:SLE:ADM2:65957751B35726846399821,Moyamba,SL0303,124483,Mokombe,"[-12.391512, 7.755394]",Moyamba,SL0303,Bonthe[SL0302],2021-07-01,OCHAfrom ctrylayers,"Assigned-code point falls outside its matched current polygon; destination is a crosswalk candidate, not an automatic transfer."
gb:SLE:ADM2:65957751B35726846399821,Moyamba,SL0303,124576,Mogbwemo,"[-12.309409, 7.76356]",Moyamba,SL0303,Bonthe[SL0302],2021-07-01,OCHAfrom ctrylayers,"Assigned-code point falls outside its matched current polygon; destination is a crosswalk candidate, not an automatic transfer."
gb:SLE:ADM2:65957751B35726846399821,Moyamba,SL0303,124739,Gbangbaia,"[-12.333284, 7.766763]",Moyamba,SL0303,Bonthe[SL0302],2021-07-01,OCHAfrom ctrylayers,"Assigned-code point falls outside its matched current polygon; destination is a crosswalk candidate, not an automatic transfer."
gb:SLE:ADM2:65957751B35726846399821,Moyamba,SL0303,124741,Mongeri,"[-12.349773, 7.766892]",Moyamba,SL0303,Bonthe[SL0302],2021-07-01,OCHAfrom ctrylayers,"Assigned-code point falls outside its matched current polygon; destination is a crosswalk candidate, not an automatic transfer."
gb:SLE:ADM2:65957751B35726846399821,Moyamba,SL0303,125078,Modagba,"[-12.316375, 7.783558]",Moyamba,SL0303,Bonthe[SL0302],2021-07-01,OCHAfrom ctrylayers,"Assigned-code point falls outside its matched current polygon; destination is a crosswalk candidate, not an automatic transfer."
gb:SLE:ADM2:65957751B35726846399821,Moyamba,SL0303,125090,Gbangbaia,"[-12.364797, 7.784438]",Moyamba,SL0303,Bonthe[SL0302],2021-07-01,OCHAfrom ctrylayers,"Assigned-code point falls outside its matched current polygon; destination is a crosswalk candidate, not an automatic transfer."
gb:SLE:ADM2:65957751B35726846399821,Moyamba,SL0303,125223,Mokanagbo,"[-12.334799, 7.797821]",Moyamba,SL0303,Bonthe[SL0302],2021-07-01,OCHAfrom ctrylayers,"Assigned-code point falls outside its matched current polygon; destination is a crosswalk candidate, not an automatic transfer."
gb:SLE:ADM2:65957751B35726846399821,Moyamba,SL0303,125261,Salina,"[-12.334799, 7.8]",Moyamba,SL0303,Bonthe[SL0302],2021-07-01,OCHAfrom ctrylayers,"Assigned-code point falls outside its matched current polygon; destination is a crosswalk candidate, not an automatic transfer."
gb:SLE:ADM2:65957751B93581480515289,Bo,SL0301,115574,Jabama,"[-11.978825, 7.343325]",Bo,SL0301,Bonthe[SL0302],2021-07-01,OCHAfrom ctrylayers,"Assigned-code point falls outside its matched current polygon; destination is a crosswalk candidate, not an automatic transfer."
gb:SLE:ADM2:65957751B93581480515289,Bo,SL0301,115937,Tala,"[-11.966577, 7.357022]",Bo,SL0301,Bonthe[SL0302],2021-07-01,OCHAfrom ctrylayers,"Assigned-code point falls outside its matched current polygon; destination is a crosswalk candidate, not an automatic transfer."
gb:SLE:ADM2:65957751B93581480515289,Bo,SL0301,116094,Kebawana,"[-11.916667, 7.366667]",Bo,SL0301,Bonthe[SL0302],2021-07-01,OCHAfrom ctrylayers,"Assigned-code point falls outside its matched current polygon; destination is a crosswalk candidate, not an automatic transfer."
gb:SLE:ADM2:65957751B93581480515289,Bo,SL0301,116095,Wubange,"[-11.916667, 7.366667]",Bo,SL0301,Bonthe[SL0302],2021-07-01,OCHAfrom ctrylayers,"Assigned-code point falls outside its matched current polygon; destination is a crosswalk candidate, not an automatic transfer."
gb:SLE:ADM2:65957751B93581480515289,Bo,SL0301,116334,Ngesehun,"[-11.943938, 7.370496]",Bo,SL0301,Bonthe[SL0302],2021-07-01,OCHAfrom ctrylayers,"Assigned-code point falls outside its matched current polygon; destination is a crosswalk candidate, not an automatic transfer."
gb:SLE:ADM2:65957751B93581480515289,Bo,SL0301,116475,Loponga,"[-12.030393, 7.381133]",Bo,SL0301,Bonthe[SL0302],2021-07-01,OCHAfrom ctrylayers,"Assigned-code point falls outside its matched current polygon; destination is a crosswalk candidate, not an automatic transfer."
gb:SLE:ADM2:65957751B93581480515289,Bo,SL0301,116740,Tisana,"[-11.991744, 7.38532]",Bo,SL0301,Bonthe[SL0302],2021-07-01,OCHAfrom ctrylayers,"Assigned-code point falls outside its matched current polygon; destination is a crosswalk candidate, not an automatic transfer."
gb:SLE:ADM2:65957751B93581480515289,Bo,SL0301,116747,Makita,"[-12.042919, 7.385829]",Bo,SL0301,Bonthe[SL0302],2021-07-01,OCHAfrom ctrylayers,"Assigned-code point falls outside its matched current polygon; destination is a crosswalk candidate, not an automatic transfer."
gb:SLE:ADM2:65957751B93581480515289,Bo,SL0301,116772,Shenge,"[-11.964444, 7.389722]",Bo,SL0301,Bonthe[SL0302],2021-07-01,OCHAfrom ctrylayers,"Assigned-code point falls outside its matched current polygon; destination is a crosswalk candidate, not an automatic transfer."
gb:SLE:ADM2:65957751B93581480515289,Bo,SL0301,116787,Wa,"[-12.01186, 7.391046]",Bo,SL0301,Bonthe[SL0302],2021-07-01,OCHAfrom ctrylayers,"Assigned-code point falls outside its matched current polygon; destination is a crosswalk candidate, not an automatic transfer."
gb:SLE:ADM2:65957751B93581480515289,Bo,SL0301,116804,Sampo,"[-11.952891, 7.393333]",Bo,SL0301,Bonthe[SL0302],2021-07-01,OCHAfrom ctrylayers,"Assigned-code point falls outside its matched current polygon; destination is a crosswalk candidate, not an automatic transfer."
gb:SLE:ADM2:65957751B93581480515289,Bo,SL0301,116819,Tungie,"[-11.92101, 7.394474]",Bo,SL0301,Bonthe[SL0302],2021-07-01,OCHAfrom ctrylayers,"Assigned-code point falls outside its matched current polygon; destination is a crosswalk candidate, not an automatic transfer."
gb:SLE:ADM2:65957751B93581480515289,Bo,SL0301,116838,Dudia,"[-11.944419, 7.396049]",Bo,SL0301,Bonthe[SL0302],2021-07-01,OCHAfrom ctrylayers,"Assigned-code point falls outside its matched current polygon; destination is a crosswalk candidate, not an automatic transfer."
gb:SLE:ADM2:65957751B93581480515289,Bo,SL0301,116867,Lago,"[-12.022277, 7.398947]",Bo,SL0301,Bonthe[SL0302],2021-07-01,OCHAfrom ctrylayers,"Assigned-code point falls outside its matched current polygon; destination is a crosswalk candidate, not an automatic transfer."
gb:SLE:ADM2:65957751B93581480515289,Bo,SL0301,117094,Bumpetok,"[-12.036111, 7.4025]",Bo,SL0301,Bonthe[SL0302],2021-07-01,OCHAfrom ctrylayers,"Assigned-code point falls outside its matched current polygon; destination is a crosswalk candidate, not an automatic transfer."
gb:SLE:ADM2:65957751B93581480515289,Bo,SL0301,117194,Benkisa,"[-11.951509, 7.410933]",Bo,SL0301,Bonthe[SL0302],2021-07-01,OCHAfrom ctrylayers,"Assigned-code point falls outside its matched current polygon; destination is a crosswalk candidate, not an automatic transfer."
gb:SLE:ADM2:65957751B93581480515289,Bo,SL0301,117246,Boyipie,"[-11.93049, 7.414904]",Bo,SL0301,Bonthe[SL0302],2021-07-01,OCHAfrom ctrylayers,"Assigned-code point falls outside its matched current polygon; destination is a crosswalk candidate, not an automatic transfer."
gb:SLE:ADM2:65957751B93581480515289,Bo,SL0301,117263,Torma Bum,"[-12.006553, 7.415983]",Bo,SL0301,Bonthe[SL0302],2021-07-01,OCHAfrom ctrylayers,"Assigned-code point falls outside its matched current polygon; destination is a crosswalk candidate, not an automatic transfer."
gb:SLE:ADM2:65957751B93581480515289,Bo,SL0301,117274,Solon,"[-11.985142, 7.416616]",Bo,SL0301,Bonthe[SL0302],2021-07-01,OCHAfrom ctrylayers,"Assigned-code point falls outside its matched current polygon; destination is a crosswalk candidate, not an automatic transfer."
gb:SLE:ADM2:65957751B93581480515289,Bo,SL0301,117316,Kale,"[-11.9, 7.416667]",Bo,SL0301,Bonthe[SL0302],2021-07-01,OCHAfrom ctrylayers,"Assigned-code point falls outside its matched current polygon; destination is a crosswalk candidate, not an automatic transfer."
gb:SLE:ADM2:65957751B93581480515289,Bo,SL0301,117317,Bisao,"[-11.883333, 7.416667]",Bo,SL0301,Bonthe[SL0302],2021-07-01,OCHAfrom ctrylayers,"Assigned-code point falls outside its matched current polygon; destination is a crosswalk candidate, not an automatic transfer."
gb:SLE:ADM2:65957751B93581480515289,Bo,SL0301,117507,Benge,"[-11.968562, 7.420907]",Bo,SL0301,Bonthe[SL0302],2021-07-01,OCHAfrom ctrylayers,"Assigned-code point falls outside its matched current polygon; destination is a crosswalk candidate, not an automatic transfer."
gb:SLE:ADM2:65957751B93581480515289,Bo,SL0301,117516,Sugbale,"[-11.937838, 7.422703]",Bo,SL0301,Bonthe[SL0302],2021-07-01,OCHAfrom ctrylayers,"Assigned-code point falls outside its matched current polygon; destination is a crosswalk candidate, not an automatic transfer."
gb:SLE:ADM2:65957751B93581480515289,Bo,SL0301,117569,Tormandi,"[-11.915394, 7.427343]",Bo,SL0301,Bonthe[SL0302],2021-07-01,OCHAfrom ctrylayers,"Assigned-code point falls outside its matched current polygon; destination is a crosswalk candidate, not an automatic transfer."
gb:SLE:ADM2:65957751B93581480515289,Bo,SL0301,117625,Kelei,"[-11.989494, 7.432115]",Bo,SL0301,Bonthe[SL0302],2021-07-01,OCHAfrom ctrylayers,"Assigned-code point falls outside its matched current polygon; destination is a crosswalk candidate, not an automatic transfer."
gb:SLE:ADM2:65957751B93581480515289,Bo,SL0301,117839,Malema,"[-11.973177, 7.434293]",Bo,SL0301,Bonthe[SL0302],2021-07-01,OCHAfrom ctrylayers,"Assigned-code point falls outside its matched current polygon; destination is a crosswalk candidate, not an automatic transfer."
gb:SLE:ADM2:65957751B93581480515289,Bo,SL0301,117842,Tangahun,"[-11.930368, 7.434444]",Bo,SL0301,Bonthe[SL0302],2021-07-01,OCHAfrom ctrylayers,"Assigned-code point falls outside its matched current polygon; destination is a crosswalk candidate, not an automatic transfer."
gb:SLE:ADM2:65957751B93581480515289,Bo,SL0301,117871,Monjigba,"[-12.017001, 7.436687]",Bo,SL0301,Bonthe[SL0302],2021-07-01,OCHAfrom ctrylayers,"Assigned-code point falls outside its matched current polygon; destination is a crosswalk candidate, not an automatic transfer."
gb:SLE:ADM2:65957751B93581480515289,Bo,SL0301,117958,Kpandebu,"[-11.921553, 7.444242]",Bo,SL0301,Bonthe[SL0302],2021-07-01,OCHAfrom ctrylayers,"Assigned-code point falls outside its matched current polygon; destination is a crosswalk candidate, not an automatic transfer."
gb:SLE:ADM2:65957751B93581480515289,Bo,SL0301,117962,Bali,"[-12.05685, 7.444448]",Bo,SL0301,Bonthe[SL0302],2021-07-01,OCHAfrom ctrylayers,"Assigned-code point falls outside its matched current polygon; destination is a crosswalk candidate, not an automatic transfer."
gb:SLE:ADM2:65957751B93581480515289,Bo,SL0301,118012,Nyandehun,"[-11.932085, 7.448136]",Bo,SL0301,Bonthe[SL0302],2021-07-01,OCHAfrom ctrylayers,"Assigned-code point falls outside its matched current polygon; destination is a crosswalk candidate, not an automatic transfer."
gb:SLE:ADM2:65957751B93581480515289,Bo,SL0301,118014,Gbondama,"[-11.954525, 7.448225]",Bo,SL0301,Bonthe[SL0302],2021-07-01,OCHAfrom ctrylayers,"Assigned-code point falls outside its matched current polygon; destination is a crosswalk candidate, not an automatic transfer."
gb:SLE:ADM2:65957751B93581480515289,Bo,SL0301,118164,Gbangba,"[-12.016082, 7.450347]",Bo,SL0301,Bonthe[SL0302],2021-07-01,OCHAfrom ctrylayers,"Assigned-code point falls outside its matched current polygon; destination is a crosswalk candidate, not an automatic transfer."
gb:SLE:ADM2:65957751B93581480515289,Bo,SL0301,118178,Tongole,"[-11.900814, 7.451246]",Bo,SL0301,Bonthe[SL0302],2021-07-01,OCHAfrom ctrylayers,"Assigned-code point falls outside its matched current polygon; destination is a crosswalk candidate, not an automatic transfer."
gb:SLE:ADM2:65957751B93581480515289,Bo,SL0301,118206,Matagema,"[-12.062872, 7.453356]",Bo,SL0301,Bonthe[SL0302],2021-07-01,OCHAfrom ctrylayers,"Assigned-code point falls outside its matched current polygon; destination is a crosswalk candidate, not an automatic transfer."
gb:SLE:ADM2:65957751B93581480515289,Bo,SL0301,118208,Dema,"[-11.952652, 7.453463]",Bo,SL0301,Bonthe[SL0302],2021-07-01,OCHAfrom ctrylayers,"Assigned-code point falls outside its matched current polygon; destination is a crosswalk candidate, not an automatic transfer."
gb:SLE:ADM2:65957751B93581480515289,Bo,SL0301,118244,Yoni,"[-11.98775, 7.456186]",Bo,SL0301,Bonthe[SL0302],2021-07-01,OCHAfrom ctrylayers,"Assigned-code point falls outside its matched current polygon; destination is a crosswalk candidate, not an automatic transfer."
gb:SLE:ADM2:65957751B93581480515289,Bo,SL0301,118319,Madina,"[-11.946705, 7.46262]",Bo,SL0301,Bonthe[SL0302],2021-07-01,OCHAfrom ctrylayers,"Assigned-code point falls outside its matched current polygon; destination is a crosswalk candidate, not an automatic transfer."
gb:SLE:ADM2:65957751B93581480515289,Bo,SL0301,118330,Taso,"[-12.02841, 7.463416]",Bo,SL0301,Bonthe[SL0302],2021-07-01,OCHAfrom ctrylayers,"Assigned-code point falls outside its matched current polygon; destination is a crosswalk candidate, not an automatic transfer."
gb:SLE:ADM2:65957751B93581480515289,Bo,SL0301,118584,Gbese,"[-11.988195, 7.468124]",Bo,SL0301,Bonthe[SL0302],2021-07-01,OCHAfrom ctrylayers,"Assigned-code point falls outside its matched current polygon; destination is a crosswalk candidate, not an automatic transfer."
gb:SLE:ADM2:65957751B93581480515289,Bo,SL0301,118617,Periwahun,"[-11.914182, 7.471018]",Bo,SL0301,Bonthe[SL0302],2021-07-01,OCHAfrom ctrylayers,"Assigned-code point falls outside its matched current polygon; destination is a crosswalk candidate, not an automatic transfer."
gb:SLE:ADM2:65957751B93581480515289,Bo,SL0301,118681,Grima,"[-11.948406, 7.475427]",Bo,SL0301,Bonthe[SL0302],2021-07-01,OCHAfrom ctrylayers,"Assigned-code point falls outside its matched current polygon; destination is a crosswalk candidate, not an automatic transfer."
gb:SLE:ADM2:65957751B93581480515289,Bo,SL0301,118710,Bendu,"[-12.009553, 7.477431]",Bo,SL0301,Bonthe[SL0302],2021-07-01,OCHAfrom ctrylayers,"Assigned-code point falls outside its matched current polygon; destination is a crosswalk candidate, not an automatic transfer."
gb:SLE:ADM2:65957751B93581480515289,Bo,SL0301,118728,Moyia,"[-11.925889, 7.478775]",Bo,SL0301,Bonthe[SL0302],2021-07-01,OCHAfrom ctrylayers,"Assigned-code point falls outside its matched current polygon; destination is a crosswalk candidate, not an automatic transfer."
gb:SLE:ADM2:65957751B93581480515289,Bo,SL0301,118766,Fakono,"[-12.015556, 7.482222]",Bo,SL0301,Bonthe[SL0302],2021-07-01,OCHAfrom ctrylayers,"Assigned-code point falls outside its matched current polygon; destination is a crosswalk candidate, not an automatic transfer."
gb:SLE:ADM2:65957751B93581480515289,Bo,SL0301,118938,Levuma,"[-11.966667, 7.484266]",Bo,SL0301,Bonthe[SL0302],2021-07-01,OCHAfrom ctrylayers,"Assigned-code point falls outside its matched current polygon; destination is a crosswalk candidate, not an automatic transfer."
gb:SLE:ADM2:65957751B93581480515289,Bo,SL0301,118939,Yawei,"[-11.899518, 7.484366]",Bo,SL0301,Bonthe[SL0302],2021-07-01,OCHAfrom ctrylayers,"Assigned-code point falls outside its matched current polygon; destination is a crosswalk candidate, not an automatic transfer."
gb:SLE:ADM2:65957751B93581480515289,Bo,SL0301,119037,Mami,"[-11.986256, 7.492313]",Bo,SL0301,Bonthe[SL0302],2021-07-01,OCHAfrom ctrylayers,"Assigned-code point falls outside its matched current polygon; destination is a crosswalk candidate, not an automatic transfer."
gb:SLE:ADM2:65957751B93581480515289,Bo,SL0301,119062,Mende,"[-11.907362, 7.495085]",Bo,SL0301,Bonthe[SL0302],2021-07-01,OCHAfrom ctrylayers,"Assigned-code point falls outside its matched current polygon; destination is a crosswalk candidate, not an automatic transfer."
gb:SLE:ADM2:65957751B93581480515289,Bo,SL0301,119066,Mania,"[-11.939839, 7.495363]",Bo,SL0301,Bonthe[SL0302],2021-07-01,OCHAfrom ctrylayers,"Assigned-code point falls outside its matched current polygon; destination is a crosswalk candidate, not an automatic transfer."
gb:SLE:ADM2:65957751B93581480515289,Bo,SL0301,119068,Wole,"[-11.925086, 7.495493]",Bo,SL0301,Bonthe[SL0302],2021-07-01,OCHAfrom ctrylayers,"Assigned-code point falls outside its matched current polygon; destination is a crosswalk candidate, not an automatic transfer."
gb:SLE:ADM2:65957751B93581480515289,Bo,SL0301,119300,Geseihun,"[-11.932466, 7.503931]",Bo,SL0301,Bonthe[SL0302],2021-07-01,OCHAfrom ctrylayers,"Assigned-code point falls outside its matched current polygon; destination is a crosswalk candidate, not an automatic transfer."
gb:SLE:ADM2:65957751B93581480515289,Bo,SL0301,119372,Weba,"[-11.952829, 7.510001]",Bo,SL0301,Bonthe[SL0302],2021-07-01,OCHAfrom ctrylayers,"Assigned-code point falls outside its matched current polygon; destination is a crosswalk candidate, not an automatic transfer."
gb:SLE:ADM2:65957751B93581480515289,Bo,SL0301,119718,Mogbavai,"[-11.998678, 7.522421]",Bo,SL0301,Bonthe[SL0302],2021-07-01,OCHAfrom ctrylayers,"Assigned-code point falls outside its matched current polygon; destination is a crosswalk candidate, not an automatic transfer."
gb:SLE:ADM2:65957751B93581480515289,Bo,SL0301,119740,Bolleh,"[-12.004966, 7.524098]",Bo,SL0301,Bonthe[SL0302],2021-07-01,OCHAfrom ctrylayers,"Assigned-code point falls outside its matched current polygon; destination is a crosswalk candidate, not an automatic transfer."
gb:SLE:ADM2:65957751B93581480515289,Bo,SL0301,119780,Bahol,"[-12.029463, 7.527018]",Bo,SL0301,Bonthe[SL0302],2021-07-01,OCHAfrom ctrylayers,"Assigned-code point falls outside its matched current polygon; destination is a crosswalk candidate, not an automatic transfer."
gb:SLE:ADM2:65957751B93581480515289,Bo,SL0301,119805,Gambia,"[-11.972941, 7.529056]",Bo,SL0301,Bonthe[SL0302],2021-07-01,OCHAfrom ctrylayers,"Assigned-code point falls outside its matched current polygon; destination is a crosswalk candidate, not an automatic transfer."
gb:SLE:ADM2:65957751B93581480515289,Bo,SL0301,119823,Senjehun,"[-12.016925, 7.530686]",Bo,SL0301,Bonthe[SL0302],2021-07-01,OCHAfrom ctrylayers,"Assigned-code point falls outside its matched current polygon; destination is a crosswalk candidate, not an automatic transfer."
gb:SLE:ADM2:65957751B93581480515289,Bo,SL0301,119833,,"[-12.036159, 7.531724]",Bo,SL0301,Bonthe[SL0302],2021-07-01,OCHAfrom ctrylayers,"Assigned-code point falls outside its matched current polygon; destination is a crosswalk candidate, not an automatic transfer."
gb:SLE:ADM2:65957751B93581480515289,Bo,SL0301,119843,Kangah,"[-11.919197, 7.532489]",Bo,SL0301,Bonthe[SL0302],2021-07-01,OCHAfrom ctrylayers,"Assigned-code point falls outside its matched current polygon; destination is a crosswalk candidate, not an automatic transfer."
gb:SLE:ADM2:65957751B93581480515289,Bo,SL0301,120003,,"[-12.038149, 7.53434]",Bo,SL0301,Bonthe[SL0302],2021-07-01,OCHAfrom ctrylayers,"Assigned-code point falls outside its matched current polygon; destination is a crosswalk candidate, not an automatic transfer."
gb:SLE:ADM2:65957751B93581480515289,Bo,SL0301,120005,Makola,"[-11.983075, 7.534602]",Bo,SL0301,Bonthe[SL0302],2021-07-01,OCHAfrom ctrylayers,"Assigned-code point falls outside its matched current polygon; destination is a crosswalk candidate, not an automatic transfer."
gb:SLE:ADM2:65957751B93581480515289,Bo,SL0301,120116,,"[-12.054845, 7.543129]",Bo,SL0301,Bonthe[SL0302],2021-07-01,OCHAfrom ctrylayers,"Assigned-code point falls outside its matched current polygon; destination is a crosswalk candidate, not an automatic transfer."
gb:SLE:ADM2:65957751B93581480515289,Bo,SL0301,120190,Pehun,"[-12.03783, 7.549866]",Bo,SL0301,Bonthe[SL0302],2021-07-01,OCHAfrom ctrylayers,"Assigned-code point falls outside its matched current polygon; destination is a crosswalk candidate, not an automatic transfer."
gb:SLE:ADM2:65957751B93581480515289,Bo,SL0301,120336,Mohuwa,"[-12.032239, 7.550231]",Bo,SL0301,Bonthe[SL0302],2021-07-01,OCHAfrom ctrylayers,"Assigned-code point falls outside its matched current polygon; destination is a crosswalk candidate, not an automatic transfer."
gb:SLE:ADM2:65957751B93581480515289,Bo,SL0301,120381,Demaboa,"[-12.000974, 7.55289]",Bo,SL0301,Bonthe[SL0302],2021-07-01,OCHAfrom ctrylayers,"Assigned-code point falls outside its matched current polygon; destination is a crosswalk candidate, not an automatic transfer."
gb:SLE:ADM2:65957751B93581480515289,Bo,SL0301,120441,Lilema,"[-12.01798, 7.557337]",Bo,SL0301,Bonthe[SL0302],2021-07-01,OCHAfrom ctrylayers,"Assigned-code point falls outside its matched current polygon; destination is a crosswalk candidate, not an automatic transfer."
gb:SLE:ADM2:65957751B93581480515289,Bo,SL0301,120708,Likono,"[-12.047864, 7.566695]",Bo,SL0301,Bonthe[SL0302],2021-07-01,OCHAfrom ctrylayers,"Assigned-code point falls outside its matched current polygon; destination is a crosswalk candidate, not an automatic transfer."
gb:SLE:ADM2:65957751B93581480515289,Bo,SL0301,120713,Petewoma,"[-12.031748, 7.566913]",Bo,SL0301,Bonthe[SL0302],2021-07-01,OCHAfrom ctrylayers,"Assigned-code point falls outside its matched current polygon; destination is a crosswalk candidate, not an automatic transfer."
gb:SLE:ADM2:65957751B93581480515289,Bo,SL0301,120774,,"[-12.054286, 7.571175]",Bo,SL0301,Bonthe[SL0302],2021-07-01,OCHAfrom ctrylayers,"Assigned-code point falls outside its matched current polygon; destination is a crosswalk candidate, not an automatic transfer."
gb:SLE:ADM2:65957751B93581480515289,Bo,SL0301,120898,Kisewa,"[-11.989592, 7.579953]",Bo,SL0301,Bonthe[SL0302],2021-07-01,OCHAfrom ctrylayers,"Assigned-code point falls outside its matched current polygon; destination is a crosswalk candidate, not an automatic transfer."
gb:SLE:ADM2:65957751B93581480515289,Bo,SL0301,120923,Jahun,"[-12.037098, 7.581696]",Bo,SL0301,Bonthe[SL0302],2021-07-01,OCHAfrom ctrylayers,"Assigned-code point falls outside its matched current polygon; destination is a crosswalk candidate, not an automatic transfer."
gb:SLE:ADM2:65957751B93581480515289,Bo,SL0301,121477,Gondama,"[-12.049977, 7.600139]",Bo,SL0301,Bonthe[SL0302],2021-07-01,OCHAfrom ctrylayers,"Assigned-code point falls outside its matched current polygon; destination is a crosswalk candidate, not an automatic transfer."
gb:SLE:ADM2:65957751B93581480515289,Bo,SL0301,121571,Kobotu,"[-12.003941, 7.607874]",Bo,SL0301,Bonthe[SL0302],2021-07-01,OCHAfrom ctrylayers,"Assigned-code point falls outside its matched current polygon; destination is a crosswalk candidate, not an automatic transfer."
gb:SLE:ADM2:65957751B93581480515289,Bo,SL0301,121577,,"[-12.044616, 7.608369]",Bo,SL0301,Bonthe[SL0302],2021-07-01,OCHAfrom ctrylayers,"Assigned-code point falls outside its matched current polygon; destination is a crosswalk candidate, not an automatic transfer."
gb:SLE:ADM2:65957751B93581480515289,Bo,SL0301,121651,Motua,"[-12.046691, 7.613837]",Bo,SL0301,Bonthe[SL0302],2021-07-01,OCHAfrom ctrylayers,"Assigned-code point falls outside its matched current polygon; destination is a crosswalk candidate, not an automatic transfer."
gb:SLE:ADM2:65957751B93581480515289,Bo,SL0301,121951,Mongere,"[-12.022351, 7.627376]",Bo,SL0301,Bonthe[SL0302],2021-07-01,OCHAfrom ctrylayers,"Assigned-code point falls outside its matched current polygon; destination is a crosswalk candidate, not an automatic transfer."
gb:SLE:ADM2:65957751B93581480515289,Bo,SL0301,122151,Wunde,"[-12.066502, 7.633529]",Bo,SL0301,Bonthe[SL0302],2021-07-01,OCHAfrom ctrylayers,"Assigned-code point falls outside its matched current polygon; destination is a crosswalk candidate, not an automatic transfer."
gb:SLE:ADM2:65957751B93581480515289,Bo,SL0301,122173,Ngiyebu,"[-12.070302, 7.635276]",Bo,SL0301,Bonthe[SL0302],2021-07-01,OCHAfrom ctrylayers,"Assigned-code point falls outside its matched current polygon; destination is a crosswalk candidate, not an automatic transfer."
gb:SLE:ADM2:65957751B93581480515289,Bo,SL0301,122275,Bandama,"[-12.013823, 7.644352]",Bo,SL0301,Bonthe[SL0302],2021-07-01,OCHAfrom ctrylayers,"Assigned-code point falls outside its matched current polygon; destination is a crosswalk candidate, not an automatic transfer."
gb:SLE:ADM2:65957751B93581480515289,Bo,SL0301,122323,Fomaia,"[-12.051711, 7.647723]",Bo,SL0301,Bonthe[SL0302],2021-07-01,OCHAfrom ctrylayers,"Assigned-code point falls outside its matched current polygon; destination is a crosswalk candidate, not an automatic transfer."
gb:SLE:ADM2:65957751B93581480515289,Bo,SL0301,122356,Mosungi,"[-12.05, 7.65]",Bo,SL0301,Bonthe[SL0302],2021-07-01,OCHAfrom ctrylayers,"Assigned-code point falls outside its matched current polygon; destination is a crosswalk candidate, not an automatic transfer."
gb:SLE:ADM2:65957751B93581480515289,Bo,SL0301,122521,Tisana,"[-11.97686, 7.651495]",Bo,SL0301,Bonthe[SL0302],2021-07-01,OCHAfrom ctrylayers,"Assigned-code point falls outside its matched current polygon; destination is a crosswalk candidate, not an automatic transfer."
gb:SLE:ADM2:65957751B93581480515289,Bo,SL0301,122614,Tobanda,"[-11.995099, 7.65919]",Bo,SL0301,Bonthe[SL0302],2021-07-01,OCHAfrom ctrylayers,"Assigned-code point falls outside its matched current polygon; destination is a crosswalk candidate, not an automatic transfer."
gb:SLE:ADM2:65957751B93581480515289,Bo,SL0301,122637,Madinawo,"[-11.99069, 7.66176]",Bo,SL0301,Bonthe[SL0302],2021-07-01,OCHAfrom ctrylayers,"Assigned-code point falls outside its matched current polygon; destination is a crosswalk candidate, not an automatic transfer."
gb:SLE:ADM2:65957751B93581480515289,Bo,SL0301,122881,Gbonge,"[-12.06623, 7.67293]",Bo,SL0301,Bonthe[SL0302],2021-07-01,OCHAfrom ctrylayers,"Assigned-code point falls outside its matched current polygon; destination is a crosswalk candidate, not an automatic transfer."
gb:SLE:ADM2:65957751B93581480515289,Bo,SL0301,122904,Motami,"[-12.098533, 7.674861]",Bo,SL0301,Bonthe[SL0302],2021-07-01,OCHAfrom ctrylayers,"Assigned-code point falls outside its matched current polygon; destination is a crosswalk candidate, not an automatic transfer."
gb:SLE:ADM2:65957751B98964407864499,Koinadugu,SL0203,144949,Yengima,"[-10.713429, 8.936852]",Koinadugu,SL0203,Fabala[SL0206],2021-07-01,OCHAfrom ctrylayers,"Assigned-code point falls outside its matched current polygon; destination is a crosswalk candidate, not an automatic transfer."
gb:SLE:ADM2:65957751B98964407864499,Koinadugu,SL0203,144965,Bendu,"[-10.737078, 8.940381]",Koinadugu,SL0203,Fabala[SL0206],2021-07-01,OCHAfrom ctrylayers,"Assigned-code point falls outside its matched current polygon; destination is a crosswalk candidate, not an automatic transfer."
gb:SLE:ADM2:65957751B98964407864499,Koinadugu,SL0203,145002,Gbiidala,"[-10.674798, 8.947647]",Koinadugu,SL0203,Fabala[SL0206],2021-07-01,OCHAfrom ctrylayers,"Assigned-code point falls outside its matched current polygon; destination is a crosswalk candidate, not an automatic transfer."
gb:SLE:ADM2:65957751B98964407864499,Koinadugu,SL0203,145156,Sonfondu,"[-10.691456, 8.950038]",Koinadugu,SL0203,Fabala[SL0206],2021-07-01,OCHAfrom ctrylayers,"Assigned-code point falls outside its matched current polygon; destination is a crosswalk candidate, not an automatic transfer."
gb:SLE:ADM2:65957751B98964407864499,Koinadugu,SL0203,145181,Bakando,"[-10.785231, 8.952626]",Koinadugu,SL0203,Fabala[SL0206],2021-07-01,OCHAfrom ctrylayers,"Assigned-code point falls outside its matched current polygon; destination is a crosswalk candidate, not an automatic transfer."
gb:SLE:ADM2:65957751B98964407864499,Koinadugu,SL0203,145191,Nelikoro,"[-10.850394, 8.955789]",Koinadugu,SL0203,Fabala[SL0206],2021-07-01,OCHAfrom ctrylayers,"Assigned-code point falls outside its matched current polygon; destination is a crosswalk candidate, not an automatic transfer."
gb:SLE:ADM2:65957751B98964407864499,Koinadugu,SL0203,145196,Popo,"[-10.76199, 8.956596]",Koinadugu,SL0203,Fabala[SL0206],2021-07-01,OCHAfrom ctrylayers,"Assigned-code point falls outside its matched current polygon; destination is a crosswalk candidate, not an automatic transfer."
gb:SLE:ADM2:65957751B98964407864499,Koinadugu,SL0203,145399,Yarakonko,"[-10.739681, 8.967558]",Koinadugu,SL0203,Fabala[SL0206],2021-07-01,OCHAfrom ctrylayers,"Assigned-code point falls outside its matched current polygon; destination is a crosswalk candidate, not an automatic transfer."
gb:SLE:ADM2:65957751B98964407864499,Koinadugu,SL0203,145412,Dandu,"[-10.744649, 8.970622]",Koinadugu,SL0203,Fabala[SL0206],2021-07-01,OCHAfrom ctrylayers,"Assigned-code point falls outside its matched current polygon; destination is a crosswalk candidate, not an automatic transfer."
gb:SLE:ADM2:65957751B98964407864499,Koinadugu,SL0203,145428,Kundudu,"[-10.844343, 8.972612]",Koinadugu,SL0203,Fabala[SL0206],2021-07-01,OCHAfrom ctrylayers,"Assigned-code point falls outside its matched current polygon; destination is a crosswalk candidate, not an automatic transfer."
gb:SLE:ADM2:65957751B98964407864499,Koinadugu,SL0203,145493,Yomankoro,"[-10.889603, 8.982201]",Koinadugu,SL0203,Fabala[SL0206],2021-07-01,OCHAfrom ctrylayers,"Assigned-code point falls outside its matched current polygon; destination is a crosswalk candidate, not an automatic transfer."
gb:SLE:ADM2:65957751B98964407864499,Koinadugu,SL0203,145668,Gbanguria,"[-10.825763, 8.987892]",Koinadugu,SL0203,Fabala[SL0206],2021-07-01,OCHAfrom ctrylayers,"Assigned-code point falls outside its matched current polygon; destination is a crosswalk candidate, not an automatic transfer."
gb:SLE:ADM2:65957751B98964407864499,Koinadugu,SL0203,145673,Fakundija,"[-10.769057, 8.988355]",Koinadugu,SL0203,Fabala[SL0206],2021-07-01,OCHAfrom ctrylayers,"Assigned-code point falls outside its matched current polygon; destination is a crosswalk candidate, not an automatic transfer."
gb:SLE:ADM2:65957751B98964407864499,Koinadugu,SL0203,145696,Fa-Iya,"[-10.770212, 8.992227]",Koinadugu,SL0203,Fabala[SL0206],2021-07-01,OCHAfrom ctrylayers,"Assigned-code point falls outside its matched current polygon; destination is a crosswalk candidate, not an automatic transfer."
gb:SLE:ADM2:65957751B98964407864499,Koinadugu,SL0203,145702,Gbeaia,"[-10.866758, 8.993663]",Koinadugu,SL0203,Fabala[SL0206],2021-07-01,OCHAfrom ctrylayers,"Assigned-code point falls outside its matched current polygon; destination is a crosswalk candidate, not an automatic transfer."
gb:SLE:ADM2:65957751B98964407864499,Koinadugu,SL0203,145889,Kagbeia,"[-10.896094, 9.006363]",Koinadugu,SL0203,Fabala[SL0206],2021-07-01,OCHAfrom ctrylayers,"Assigned-code point falls outside its matched current polygon; destination is a crosswalk candidate, not an automatic transfer."
gb:SLE:ADM2:65957751B98964407864499,Koinadugu,SL0203,145929,Tingi Mountains,"[-10.779944, 9.012421]",Koinadugu,SL0203,Fabala[SL0206],2021-07-01,OCHAfrom ctrylayers,"Assigned-code point falls outside its matched current polygon; destination is a crosswalk candidate, not an automatic transfer."
gb:SLE:ADM2:65957751B98964407864499,Koinadugu,SL0203,145937,Durukoro,"[-10.72864, 9.013262]",Koinadugu,SL0203,Fabala[SL0206],2021-07-01,OCHAfrom ctrylayers,"Assigned-code point falls outside its matched current polygon; destination is a crosswalk candidate, not an automatic transfer."
gb:SLE:ADM2:65957751B98964407864499,Koinadugu,SL0203,146136,Kulia,"[-10.840129, 9.018724]",Koinadugu,SL0203,Fabala[SL0206],2021-07-01,OCHAfrom ctrylayers,"Assigned-code point falls outside its matched current polygon; destination is a crosswalk candidate, not an automatic transfer."
gb:SLE:ADM2:65957751B98964407864499,Koinadugu,SL0203,146191,Baburo,"[-10.908418, 9.028233]",Koinadugu,SL0203,Fabala[SL0206],2021-07-01,OCHAfrom ctrylayers,"Assigned-code point falls outside its matched current polygon; destination is a crosswalk candidate, not an automatic transfer."
gb:SLE:ADM2:65957751B98964407864499,Koinadugu,SL0203,146204,Konkowakoro,"[-10.6775, 9.030325]",Koinadugu,SL0203,Fabala[SL0206],2021-07-01,OCHAfrom ctrylayers,"Assigned-code point falls outside its matched current polygon; destination is a crosswalk candidate, not an automatic transfer."
gb:SLE:ADM2:65957751B98964407864499,Koinadugu,SL0203,146330,Perankoro,"[-11.152256, 9.034568]",Koinadugu,SL0203,Fabala[SL0206],2021-07-01,OCHAfrom ctrylayers,"Assigned-code point falls outside its matched current polygon; destination is a crosswalk candidate, not an automatic transfer."
gb:SLE:ADM2:65957751B98964407864499,Koinadugu,SL0203,146378,Kulero,"[-10.83296, 9.041699]",Koinadugu,SL0203,Fabala[SL0206],2021-07-01,OCHAfrom ctrylayers,"Assigned-code point falls outside its matched current polygon; destination is a crosswalk candidate, not an automatic transfer."
gb:SLE:ADM2:65957751B98964407864499,Koinadugu,SL0203,146388,Yarawadogu,"[-10.644582, 9.043718]",Koinadugu,SL0203,Fabala[SL0206],2021-07-01,OCHAfrom ctrylayers,"Assigned-code point falls outside its matched current polygon; destination is a crosswalk candidate, not an automatic transfer."
gb:SLE:ADM2:65957751B98964407864499,Koinadugu,SL0203,146399,Sikindidu,"[-10.877088, 9.045442]",Koinadugu,SL0203,Fabala[SL0206],2021-07-01,OCHAfrom ctrylayers,"Assigned-code point falls outside its matched current polygon; destination is a crosswalk candidate, not an automatic transfer."
gb:SLE:ADM2:65957751B98964407864499,Koinadugu,SL0203,146407,Kondelema,"[-10.97599, 9.047066]",Koinadugu,SL0203,Fabala[SL0206],2021-07-01,OCHAfrom ctrylayers,"Assigned-code point falls outside its matched current polygon; destination is a crosswalk candidate, not an automatic transfer."
gb:SLE:ADM2:65957751B98964407864499,Koinadugu,SL0203,146430,Kundunkonko,"[-10.7, 9.05]",Koinadugu,SL0203,Fabala[SL0206],2021-07-01,OCHAfrom ctrylayers,"Assigned-code point falls outside its matched current polygon; destination is a crosswalk candidate, not an automatic transfer."
gb:SLE:ADM2:65957751B98964407864499,Koinadugu,SL0203,146558,Korodu,"[-10.574747, 9.050068]",Koinadugu,SL0203,Kono[SL0103],2021-07-01,OCHAfrom ctrylayers,"Assigned-code point falls outside its matched current polygon; destination is a crosswalk candidate, not an automatic transfer."
gb:SLE:ADM2:65957751B98964407864499,Koinadugu,SL0203,146612,Keama,"[-10.769477, 9.058169]",Koinadugu,SL0203,Fabala[SL0206],2021-07-01,OCHAfrom ctrylayers,"Assigned-code point falls outside its matched current polygon; destination is a crosswalk candidate, not an automatic transfer."
gb:SLE:ADM2:65957751B98964407864499,Koinadugu,SL0203,146614,Nerekoro,"[-10.591806, 9.05861]",Koinadugu,SL0203,Fabala[SL0206],2021-07-01,OCHAfrom ctrylayers,"Assigned-code point falls outside its matched current polygon; destination is a crosswalk candidate, not an automatic transfer."
gb:SLE:ADM2:65957751B98964407864499,Koinadugu,SL0203,146627,Tingibu,"[-10.887717, 9.061178]",Koinadugu,SL0203,Fabala[SL0206],2021-07-01,OCHAfrom ctrylayers,"Assigned-code point falls outside its matched current polygon; destination is a crosswalk candidate, not an automatic transfer."
gb:SLE:ADM2:65957751B98964407864499,Koinadugu,SL0203,146645,Nyenya,"[-10.905592, 9.065415]",Koinadugu,SL0203,Fabala[SL0206],2021-07-01,OCHAfrom ctrylayers,"Assigned-code point falls outside its matched current polygon; destination is a crosswalk candidate, not an automatic transfer."
gb:SLE:ADM2:65957751B98964407864499,Koinadugu,SL0203,146685,Sundodu,"[-10.816667, 9.066667]",Koinadugu,SL0203,Fabala[SL0206],2021-07-01,OCHAfrom ctrylayers,"Assigned-code point falls outside its matched current polygon; destination is a crosswalk candidate, not an automatic transfer."
gb:SLE:ADM2:65957751B98964407864499,Koinadugu,SL0203,146814,Manson,"[-10.650955, 9.069299]",Koinadugu,SL0203,Fabala[SL0206],2021-07-01,OCHAfrom ctrylayers,"Assigned-code point falls outside its matched current polygon; destination is a crosswalk candidate, not an automatic transfer."
gb:SLE:ADM2:65957751B98964407864499,Koinadugu,SL0203,146822,Kurakoro,"[-10.95857, 9.070174]",Koinadugu,SL0203,Fabala[SL0206],2021-07-01,OCHAfrom ctrylayers,"Assigned-code point falls outside its matched current polygon; destination is a crosswalk candidate, not an automatic transfer."
gb:SLE:ADM2:65957751B98964407864499,Koinadugu,SL0203,146829,Sendia,"[-10.777642, 9.070864]",Koinadugu,SL0203,Fabala[SL0206],2021-07-01,OCHAfrom ctrylayers,"Assigned-code point falls outside its matched current polygon; destination is a crosswalk candidate, not an automatic transfer."
gb:SLE:ADM2:65957751B98964407864499,Koinadugu,SL0203,146832,Tambaia,"[-10.836139, 9.071102]",Koinadugu,SL0203,Fabala[SL0206],2021-07-01,OCHAfrom ctrylayers,"Assigned-code point falls outside its matched current polygon; destination is a crosswalk candidate, not an automatic transfer."
gb:SLE:ADM2:65957751B98964407864499,Koinadugu,SL0203,146839,Fakunding-Ya,"[-10.692072, 9.072347]",Koinadugu,SL0203,Fabala[SL0206],2021-07-01,OCHAfrom ctrylayers,"Assigned-code point falls outside its matched current polygon; destination is a crosswalk candidate, not an automatic transfer."
gb:SLE:ADM2:65957751B98964407864499,Koinadugu,SL0203,146846,Siraia,"[-11.110469, 9.07417]",Koinadugu,SL0203,Fabala[SL0206],2021-07-01,OCHAfrom ctrylayers,"Assigned-code point falls outside its matched current polygon; destination is a crosswalk candidate, not an automatic transfer."
gb:SLE:ADM2:65957751B98964407864499,Koinadugu,SL0203,146847,Bendu,"[-10.677945, 9.074252]",Koinadugu,SL0203,Fabala[SL0206],2021-07-01,OCHAfrom ctrylayers,"Assigned-code point falls outside its matched current polygon; destination is a crosswalk candidate, not an automatic transfer."
gb:SLE:ADM2:65957751B98964407864499,Koinadugu,SL0203,146872,Mansofinia,"[-11.036349, 9.080082]",Koinadugu,SL0203,Fabala[SL0206],2021-07-01,OCHAfrom ctrylayers,"Assigned-code point falls outside its matched current polygon; destination is a crosswalk candidate, not an automatic transfer."
gb:SLE:ADM2:65957751B98964407864499,Koinadugu,SL0203,146883,Sumaworia,"[-10.82079, 9.081672]",Koinadugu,SL0203,Fabala[SL0206],2021-07-01,OCHAfrom ctrylayers,"Assigned-code point falls outside its matched current polygon; destination is a crosswalk candidate, not an automatic transfer."
gb:SLE:ADM2:65957751B98964407864499,Koinadugu,SL0203,147054,Yanleia,"[-11.018372, 9.089885]",Koinadugu,SL0203,Fabala[SL0206],2021-07-01,OCHAfrom ctrylayers,"Assigned-code point falls outside its matched current polygon; destination is a crosswalk candidate, not an automatic transfer."
gb:SLE:ADM2:65957751B98964407864499,Koinadugu,SL0203,147066,Balia,"[-10.979637, 9.09233]",Koinadugu,SL0203,Fabala[SL0206],2021-07-01,OCHAfrom ctrylayers,"Assigned-code point falls outside its matched current polygon; destination is a crosswalk candidate, not an automatic transfer."
gb:SLE:ADM2:65957751B98964407864499,Koinadugu,SL0203,147088,Gbambaia,"[-10.9399, 9.096351]",Koinadugu,SL0203,Fabala[SL0206],2021-07-01,OCHAfrom ctrylayers,"Assigned-code point falls outside its matched current polygon; destination is a crosswalk candidate, not an automatic transfer."
gb:SLE:ADM2:65957751B98964407864499,Koinadugu,SL0203,147273,Yiraia,"[-10.956075, 9.102638]",Koinadugu,SL0203,Fabala[SL0206],2021-07-01,OCHAfrom ctrylayers,"Assigned-code point falls outside its matched current polygon; destination is a crosswalk candidate, not an automatic transfer."
gb:SLE:ADM2:65957751B98964407864499,Koinadugu,SL0203,147289,Sankarama,"[-10.739511, 9.105516]",Koinadugu,SL0203,Fabala[SL0206],2021-07-01,OCHAfrom ctrylayers,"Assigned-code point falls outside its matched current polygon; destination is a crosswalk candidate, not an automatic transfer."
gb:SLE:ADM2:65957751B98964407864499,Koinadugu,SL0203,147294,Sokurela,"[-10.976162, 9.10691]",Koinadugu,SL0203,Fabala[SL0206],2021-07-01,OCHAfrom ctrylayers,"Assigned-code point falls outside its matched current polygon; destination is a crosswalk candidate, not an automatic transfer."
gb:SLE:ADM2:65957751B98964407864499,Koinadugu,SL0203,147313,Tengeya,"[-10.828242, 9.108635]",Koinadugu,SL0203,Fabala[SL0206],2021-07-01,OCHAfrom ctrylayers,"Assigned-code point falls outside its matched current polygon; destination is a crosswalk candidate, not an automatic transfer."
gb:SLE:ADM2:65957751B98964407864499,Koinadugu,SL0203,147330,Taiandu,"[-10.799143, 9.11286]",Koinadugu,SL0203,Fabala[SL0206],2021-07-01,OCHAfrom ctrylayers,"Assigned-code point falls outside its matched current polygon; destination is a crosswalk candidate, not an automatic transfer."
gb:SLE:ADM2:65957751B98964407864499,Koinadugu,SL0203,147338,Porpon,"[-10.873743, 9.116075]",Koinadugu,SL0203,Fabala[SL0206],2021-07-01,OCHAfrom ctrylayers,"Assigned-code point falls outside its matched current polygon; destination is a crosswalk candidate, not an automatic transfer."
gb:SLE:ADM2:65957751B98964407864499,Koinadugu,SL0203,147372,Kania,"[-11.002224, 9.116667]",Koinadugu,SL0203,Fabala[SL0206],2021-07-01,OCHAfrom ctrylayers,"Assigned-code point falls outside its matched current polygon; destination is a crosswalk candidate, not an automatic transfer."
gb:SLE:ADM2:65957751B98964407864499,Koinadugu,SL0203,147497,Kamirindugu,"[-10.764201, 9.116824]",Koinadugu,SL0203,Fabala[SL0206],2021-07-01,OCHAfrom ctrylayers,"Assigned-code point falls outside its matched current polygon; destination is a crosswalk candidate, not an automatic transfer."
gb:SLE:ADM2:65957751B98964407864499,Koinadugu,SL0203,147550,Yumawusudu,"[-10.747645, 9.127208]",Koinadugu,SL0203,Fabala[SL0206],2021-07-01,OCHAfrom ctrylayers,"Assigned-code point falls outside its matched current polygon; destination is a crosswalk candidate, not an automatic transfer."
gb:SLE:ADM2:65957751B98964407864499,Koinadugu,SL0203,147564,Mansonia,"[-11.084832, 9.130446]",Koinadugu,SL0203,Fabala[SL0206],2021-07-01,OCHAfrom ctrylayers,"Assigned-code point falls outside its matched current polygon; destination is a crosswalk candidate, not an automatic transfer."
gb:SLE:ADM2:65957751B98964407864499,Koinadugu,SL0203,147716,Seberandu,"[-10.77816, 9.13366]",Koinadugu,SL0203,Fabala[SL0206],2021-07-01,OCHAfrom ctrylayers,"Assigned-code point falls outside its matched current polygon; destination is a crosswalk candidate, not an automatic transfer."
gb:SLE:ADM2:65957751B98964407864499,Koinadugu,SL0203,147720,Boria,"[-10.796562, 9.135167]",Koinadugu,SL0203,Fabala[SL0206],2021-07-01,OCHAfrom ctrylayers,"Assigned-code point falls outside its matched current polygon; destination is a crosswalk candidate, not an automatic transfer."
gb:SLE:ADM2:65957751B98964407864499,Koinadugu,SL0203,147761,Toria,"[-10.840947, 9.1452]",Koinadugu,SL0203,Fabala[SL0206],2021-07-01,OCHAfrom ctrylayers,"Assigned-code point falls outside its matched current polygon; destination is a crosswalk candidate, not an automatic transfer."
gb:SLE:ADM2:65957751B98964407864499,Koinadugu,SL0203,147908,Bubania,"[-10.963109, 9.151271]",Koinadugu,SL0203,Fabala[SL0206],2021-07-01,OCHAfrom ctrylayers,"Assigned-code point falls outside its matched current polygon; destination is a crosswalk candidate, not an automatic transfer."
gb:SLE:ADM2:65957751B98964407864499,Koinadugu,SL0203,147940,Nerekoro,"[-10.750579, 9.159477]",Koinadugu,SL0203,Fabala[SL0206],2021-07-01,OCHAfrom ctrylayers,"Assigned-code point falls outside its matched current polygon; destination is a crosswalk candidate, not an automatic transfer."
gb:SLE:ADM2:65957751B98964407864499,Koinadugu,SL0203,147941,Kiriborodugu,"[-10.782278, 9.159518]",Koinadugu,SL0203,Fabala[SL0206],2021-07-01,OCHAfrom ctrylayers,"Assigned-code point falls outside its matched current polygon; destination is a crosswalk candidate, not an automatic transfer."
gb:SLE:ADM2:65957751B98964407864499,Koinadugu,SL0203,147950,Seradu,"[-10.822057, 9.161326]",Koinadugu,SL0203,Fabala[SL0206],2021-07-01,OCHAfrom ctrylayers,"Assigned-code point falls outside its matched current polygon; destination is a crosswalk candidate, not an automatic transfer."
gb:SLE:ADM2:65957751B98964407864499,Koinadugu,SL0203,147959,Marilia,"[-10.879588, 9.164038]",Koinadugu,SL0203,Fabala[SL0206],2021-07-01,OCHAfrom ctrylayers,"Assigned-code point falls outside its matched current polygon; destination is a crosswalk candidate, not an automatic transfer."
gb:SLE:ADM2:65957751B98964407864499,Koinadugu,SL0203,147962,Fankoya,"[-10.979074, 9.164703]",Koinadugu,SL0203,Fabala[SL0206],2021-07-01,OCHAfrom ctrylayers,"Assigned-code point falls outside its matched current polygon; destination is a crosswalk candidate, not an automatic transfer."
gb:SLE:ADM2:65957751B98964407864499,Koinadugu,SL0203,148107,Yorondo,"[-11.036096, 9.167709]",Koinadugu,SL0203,Fabala[SL0206],2021-07-01,OCHAfrom ctrylayers,"Assigned-code point falls outside its matched current polygon; destination is a crosswalk candidate, not an automatic transfer."
gb:SLE:ADM2:65957751B98964407864499,Koinadugu,SL0203,148108,Yiralaia,"[-10.995465, 9.168083]",Koinadugu,SL0203,Fabala[SL0206],2021-07-01,OCHAfrom ctrylayers,"Assigned-code point falls outside its matched current polygon; destination is a crosswalk candidate, not an automatic transfer."
gb:SLE:ADM2:65957751B98964407864499,Koinadugu,SL0203,148126,Yembama,"[-10.837011, 9.171878]",Koinadugu,SL0203,Fabala[SL0206],2021-07-01,OCHAfrom ctrylayers,"Assigned-code point falls outside its matched current polygon; destination is a crosswalk candidate, not an automatic transfer."
gb:SLE:ADM2:65957751B98964407864499,Koinadugu,SL0203,148326,Faragbema,"[-10.774891, 9.188398]",Koinadugu,SL0203,Fabala[SL0206],2021-07-01,OCHAfrom ctrylayers,"Assigned-code point falls outside its matched current polygon; destination is a crosswalk candidate, not an automatic transfer."
gb:SLE:ADM2:65957751B98964407864499,Koinadugu,SL0203,148336,Sangbania,"[-11.014101, 9.192647]",Koinadugu,SL0203,Fabala[SL0206],2021-07-01,OCHAfrom ctrylayers,"Assigned-code point falls outside its matched current polygon; destination is a crosswalk candidate, not an automatic transfer."
gb:SLE:ADM2:65957751B98964407864499,Koinadugu,SL0203,148345,Kurubonla,"[-10.948478, 9.195283]",Koinadugu,SL0203,Fabala[SL0206],2021-07-01,OCHAfrom ctrylayers,"Assigned-code point falls outside its matched current polygon; destination is a crosswalk candidate, not an automatic transfer."
gb:SLE:ADM2:65957751B98964407864499,Koinadugu,SL0203,148363,Tirero,"[-10.844558, 9.198556]",Koinadugu,SL0203,Fabala[SL0206],2021-07-01,OCHAfrom ctrylayers,"Assigned-code point falls outside its matched current polygon; destination is a crosswalk candidate, not an automatic transfer."
gb:SLE:ADM2:65957751B98964407864499,Koinadugu,SL0203,148377,Bale,"[-10.766667, 9.2]",Koinadugu,SL0203,Fabala[SL0206],2021-07-01,OCHAfrom ctrylayers,"Assigned-code point falls outside its matched current polygon; destination is a crosswalk candidate, not an automatic transfer."
gb:SLE:ADM2:65957751B98964407864499,Koinadugu,SL0203,148540,Bendu,"[-10.817603, 9.201502]",Koinadugu,SL0203,Fabala[SL0206],2021-07-01,OCHAfrom ctrylayers,"Assigned-code point falls outside its matched current polygon; destination is a crosswalk candidate, not an automatic transfer."
gb:SLE:ADM2:65957751B98964407864499,Koinadugu,SL0203,148572,Nyandankolia,"[-10.729851, 9.209071]",Koinadugu,SL0203,Fabala[SL0206],2021-07-01,OCHAfrom ctrylayers,"Assigned-code point falls outside its matched current polygon; destination is a crosswalk candidate, not an automatic transfer."
gb:SLE:ADM2:65957751B98964407864499,Koinadugu,SL0203,148586,,"[-11.053279, 9.212585]",Koinadugu,SL0203,Fabala[SL0206],2021-07-01,OCHAfrom ctrylayers,"Assigned-code point falls outside its matched current polygon; destination is a crosswalk candidate, not an automatic transfer."
gb:SLE:ADM2:65957751B98964407864499,Koinadugu,SL0203,148774,Kulakoya,"[-10.714197, 9.216814]",Koinadugu,SL0203,Fabala[SL0206],2021-07-01,OCHAfrom ctrylayers,"Assigned-code point falls outside its matched current polygon; destination is a crosswalk candidate, not an automatic transfer."
gb:SLE:ADM2:65957751B98964407864499,Koinadugu,SL0203,148779,Tabadu,"[-10.921509, 9.217933]",Koinadugu,SL0203,Fabala[SL0206],2021-07-01,OCHAfrom ctrylayers,"Assigned-code point falls outside its matched current polygon; destination is a crosswalk candidate, not an automatic transfer."
gb:SLE:ADM2:65957751B98964407864499,Koinadugu,SL0203,148784,Fundusuma,"[-10.7572, 9.218791]",Koinadugu,SL0203,Fabala[SL0206],2021-07-01,OCHAfrom ctrylayers,"Assigned-code point falls outside its matched current polygon; destination is a crosswalk candidate, not an automatic transfer."
gb:SLE:ADM2:65957751B98964407864499,Koinadugu,SL0203,148790,Worokoro,"[-10.877025, 9.219209]",Koinadugu,SL0203,Fabala[SL0206],2021-07-01,OCHAfrom ctrylayers,"Assigned-code point falls outside its matched current polygon; destination is a crosswalk candidate, not an automatic transfer."
gb:SLE:ADM2:65957751B98964407864499,Koinadugu,SL0203,148797,Balia,"[-10.805049, 9.220671]",Koinadugu,SL0203,Fabala[SL0206],2021-07-01,OCHAfrom ctrylayers,"Assigned-code point falls outside its matched current polygon; destination is a crosswalk candidate, not an automatic transfer."
gb:SLE:ADM2:65957751B98964407864499,Koinadugu,SL0203,148845,Bamboria,"[-10.868291, 9.230445]",Koinadugu,SL0203,Fabala[SL0206],2021-07-01,OCHAfrom ctrylayers,"Assigned-code point falls outside its matched current polygon; destination is a crosswalk candidate, not an automatic transfer."
gb:SLE:ADM2:65957751B98964407864499,Koinadugu,SL0203,149266,Farama,"[-10.751346, 9.25026]",Koinadugu,SL0203,Fabala[SL0206],2021-07-01,OCHAfrom ctrylayers,"Assigned-code point falls outside its matched current polygon; destination is a crosswalk candidate, not an automatic transfer."
gb:SLE:ADM2:65957751B98964407864499,Koinadugu,SL0203,149267,Sinkimbadu,"[-10.932909, 9.250837]",Koinadugu,SL0203,Fabala[SL0206],2021-07-01,OCHAfrom ctrylayers,"Assigned-code point falls outside its matched current polygon; destination is a crosswalk candidate, not an automatic transfer."
gb:SLE:ADM2:65957751B98964407864499,Koinadugu,SL0203,149286,Gboifira,"[-10.794465, 9.254738]",Koinadugu,SL0203,Fabala[SL0206],2021-07-01,OCHAfrom ctrylayers,"Assigned-code point falls outside its matched current polygon; destination is a crosswalk candidate, not an automatic transfer."
gb:SLE:ADM2:65957751B98964407864499,Koinadugu,SL0203,149294,Warkpakpa,"[-10.702322, 9.256604]",Koinadugu,SL0203,Fabala[SL0206],2021-07-01,OCHAfrom ctrylayers,"Assigned-code point falls outside its matched current polygon; destination is a crosswalk candidate, not an automatic transfer."
gb:SLE:ADM2:65957751B98964407864499,Koinadugu,SL0203,149504,Serafilaia,"[-10.903862, 9.268977]",Koinadugu,SL0203,Fabala[SL0206],2021-07-01,OCHAfrom ctrylayers,"Assigned-code point falls outside its matched current polygon; destination is a crosswalk candidate, not an automatic transfer."
gb:SLE:ADM2:65957751B98964407864499,Koinadugu,SL0203,149526,Madina,"[-10.86854, 9.272847]",Koinadugu,SL0203,Fabala[SL0206],2021-07-01,OCHAfrom ctrylayers,"Assigned-code point falls outside its matched current polygon; destination is a crosswalk candidate, not an automatic transfer."
gb:SLE:ADM2:65957751B98964407864499,Koinadugu,SL0203,149528,Seremodu,"[-10.717896, 9.274035]",Koinadugu,SL0203,Fabala[SL0206],2021-07-01,OCHAfrom ctrylayers,"Assigned-code point falls outside its matched current polygon; destination is a crosswalk candidate, not an automatic transfer."
gb:SLE:ADM2:65957751B98964407864499,Koinadugu,SL0203,149549,Dulema,"[-10.846085, 9.27736]",Koinadugu,SL0203,Fabala[SL0206],2021-07-01,OCHAfrom ctrylayers,"Assigned-code point falls outside its matched current polygon; destination is a crosswalk candidate, not an automatic transfer."
gb:SLE:ADM2:65957751B98964407864499,Koinadugu,SL0203,149553,Karafaia,"[-10.758032, 9.277531]",Koinadugu,SL0203,Fabala[SL0206],2021-07-01,OCHAfrom ctrylayers,"Assigned-code point falls outside its matched current polygon; destination is a crosswalk candidate, not an automatic transfer."
gb:SLE:ADM2:65957751B98964407864499,Koinadugu,SL0203,149731,Buru,"[-10.956317, 9.284075]",Koinadugu,SL0203,Fabala[SL0206],2021-07-01,OCHAfrom ctrylayers,"Assigned-code point falls outside its matched current polygon; destination is a crosswalk candidate, not an automatic transfer."
gb:SLE:ADM2:65957751B98964407864499,Koinadugu,SL0203,149734,Banfele,"[-10.932615, 9.284514]",Koinadugu,SL0203,Fabala[SL0206],2021-07-01,OCHAfrom ctrylayers,"Assigned-code point falls outside its matched current polygon; destination is a crosswalk candidate, not an automatic transfer."
gb:SLE:ADM2:65957751B98964407864499,Koinadugu,SL0203,149744,Karamon,"[-10.663205, 9.287719]",Koinadugu,SL0203,Fabala[SL0206],2021-07-01,OCHAfrom ctrylayers,"Assigned-code point falls outside its matched current polygon; destination is a crosswalk candidate, not an automatic transfer."
gb:SLE:ADM2:65957751B98964407864499,Koinadugu,SL0203,149748,Dandafara,"[-10.689927, 9.289429]",Koinadugu,SL0203,Fabala[SL0206],2021-07-01,OCHAfrom ctrylayers,"Assigned-code point falls outside its matched current polygon; destination is a crosswalk candidate, not an automatic transfer."
gb:SLE:ADM2:65957751B98964407864499,Koinadugu,SL0203,149756,Bumbunkoro,"[-10.988837, 9.292333]",Koinadugu,SL0203,Fabala[SL0206],2021-07-01,OCHAfrom ctrylayers,"Assigned-code point falls outside its matched current polygon; destination is a crosswalk candidate, not an automatic transfer."
gb:SLE:ADM2:65957751B98964407864499,Koinadugu,SL0203,149760,Birimba,"[-10.71457, 9.2933]",Koinadugu,SL0203,Fabala[SL0206],2021-07-01,OCHAfrom ctrylayers,"Assigned-code point falls outside its matched current polygon; destination is a crosswalk candidate, not an automatic transfer."
gb:SLE:ADM2:65957751B98964407864499,Koinadugu,SL0203,149766,Sanboria,"[-10.76428, 9.29536]",Koinadugu,SL0203,Fabala[SL0206],2021-07-01,OCHAfrom ctrylayers,"Assigned-code point falls outside its matched current polygon; destination is a crosswalk candidate, not an automatic transfer."
gb:SLE:ADM2:65957751B98964407864499,Koinadugu,SL0203,149775,Suria,"[-10.85123, 9.298238]",Koinadugu,SL0203,Fabala[SL0206],2021-07-01,OCHAfrom ctrylayers,"Assigned-code point falls outside its matched current polygon; destination is a crosswalk candidate, not an automatic transfer."
gb:SLE:ADM2:65957751B98964407864499,Koinadugu,SL0203,149959,Kemosaia,"[-10.885792, 9.302109]",Koinadugu,SL0203,Fabala[SL0206],2021-07-01,OCHAfrom ctrylayers,"Assigned-code point falls outside its matched current polygon; destination is a crosswalk candidate, not an automatic transfer."
gb:SLE:ADM2:65957751B98964407864499,Koinadugu,SL0203,149967,Komoia,"[-10.814048, 9.303422]",Koinadugu,SL0203,Fabala[SL0206],2021-07-01,OCHAfrom ctrylayers,"Assigned-code point falls outside its matched current polygon; destination is a crosswalk candidate, not an automatic transfer."
gb:SLE:ADM2:65957751B98964407864499,Koinadugu,SL0203,150013,Sokurela,"[-10.913636, 9.315513]",Koinadugu,SL0203,Fabala[SL0206],2021-07-01,OCHAfrom ctrylayers,"Assigned-code point falls outside its matched current polygon; destination is a crosswalk candidate, not an automatic transfer."
gb:SLE:ADM2:65957751B98964407864499,Koinadugu,SL0203,150197,Morigbaia,"[-10.735324, 9.317707]",Koinadugu,SL0203,Fabala[SL0206],2021-07-01,OCHAfrom ctrylayers,"Assigned-code point falls outside its matched current polygon; destination is a crosswalk candidate, not an automatic transfer."
gb:SLE:ADM2:65957751B98964407864499,Koinadugu,SL0203,150224,Balia,"[-10.944523, 9.324518]",Koinadugu,SL0203,Fabala[SL0206],2021-07-01,OCHAfrom ctrylayers,"Assigned-code point falls outside its matched current polygon; destination is a crosswalk candidate, not an automatic transfer."
gb:SLE:ADM2:65957751B98964407864499,Koinadugu,SL0203,150235,Sakosaria,"[-10.890495, 9.326919]",Koinadugu,SL0203,Fabala[SL0206],2021-07-01,OCHAfrom ctrylayers,"Assigned-code point falls outside its matched current polygon; destination is a crosswalk candidate, not an automatic transfer."
gb:SLE:ADM2:65957751B98964407864499,Koinadugu,SL0203,150241,Mambadia,"[-10.992658, 9.327842]",Koinadugu,SL0203,Fabala[SL0206],2021-07-01,OCHAfrom ctrylayers,"Assigned-code point falls outside its matched current polygon; destination is a crosswalk candidate, not an automatic transfer."
gb:SLE:ADM2:65957751B98964407864499,Koinadugu,SL0203,150255,Sokurela,"[-10.77513, 9.332569]",Koinadugu,SL0203,Fabala[SL0206],2021-07-01,OCHAfrom ctrylayers,"Assigned-code point falls outside its matched current polygon; destination is a crosswalk candidate, not an automatic transfer."
gb:SLE:ADM2:65957751B98964407864499,Koinadugu,SL0203,150257,Masadukoro,"[-10.716316, 9.332967]",Koinadugu,SL0203,Fabala[SL0206],2021-07-01,OCHAfrom ctrylayers,"Assigned-code point falls outside its matched current polygon; destination is a crosswalk candidate, not an automatic transfer."
gb:SLE:ADM2:65957751B98964407864499,Koinadugu,SL0203,150414,Foria,"[-10.809056, 9.334489]",Koinadugu,SL0203,Fabala[SL0206],2021-07-01,OCHAfrom ctrylayers,"Assigned-code point falls outside its matched current polygon; destination is a crosswalk candidate, not an automatic transfer."
gb:SLE:ADM2:65957751B98964407864499,Koinadugu,SL0203,150441,Fankaia,"[-10.80868, 9.342273]",Koinadugu,SL0203,Fabala[SL0206],2021-07-01,OCHAfrom ctrylayers,"Assigned-code point falls outside its matched current polygon; destination is a crosswalk candidate, not an automatic transfer."
gb:SLE:ADM2:65957751B98964407864499,Koinadugu,SL0203,150455,Kamaron,"[-10.872217, 9.345884]",Koinadugu,SL0203,Fabala[SL0206],2021-07-01,OCHAfrom ctrylayers,"Assigned-code point falls outside its matched current polygon; destination is a crosswalk candidate, not an automatic transfer."
gb:SLE:ADM2:65957751B98964407864499,Koinadugu,SL0203,150456,Banfele,"[-11.20119, 9.346206]",Koinadugu,SL0203,Fabala[SL0206],2021-07-01,OCHAfrom ctrylayers,"Assigned-code point falls outside its matched current polygon; destination is a crosswalk candidate, not an automatic transfer."
gb:SLE:ADM2:65957751B98964407864499,Koinadugu,SL0203,150459,Sorekoro,"[-11.090284, 9.347004]",Koinadugu,SL0203,Fabala[SL0206],2021-07-01,OCHAfrom ctrylayers,"Assigned-code point falls outside its matched current polygon; destination is a crosswalk candidate, not an automatic transfer."
gb:SLE:ADM2:65957751B98964407864499,Koinadugu,SL0203,150469,Kondea,"[-10.902519, 9.348627]",Koinadugu,SL0203,Fabala[SL0206],2021-07-01,OCHAfrom ctrylayers,"Assigned-code point falls outside its matched current polygon; destination is a crosswalk candidate, not an automatic transfer."
gb:SLE:ADM2:65957751B98964407864499,Koinadugu,SL0203,150471,Konkowakoro,"[-10.762364, 9.348931]",Koinadugu,SL0203,Fabala[SL0206],2021-07-01,OCHAfrom ctrylayers,"Assigned-code point falls outside its matched current polygon; destination is a crosswalk candidate, not an automatic transfer."
gb:SLE:ADM2:65957751B98964407864499,Koinadugu,SL0203,150708,,"[-11.069296, 9.358427]",Koinadugu,SL0203,Fabala[SL0206],2021-07-01,OCHAfrom ctrylayers,"Assigned-code point falls outside its matched current polygon; destination is a crosswalk candidate, not an automatic transfer."
gb:SLE:ADM2:65957751B98964407864499,Koinadugu,SL0203,150720,Finabania,"[-10.933862, 9.362211]",Koinadugu,SL0203,Fabala[SL0206],2021-07-01,OCHAfrom ctrylayers,"Assigned-code point falls outside its matched current polygon; destination is a crosswalk candidate, not an automatic transfer."
gb:SLE:ADM2:65957751B98964407864499,Koinadugu,SL0203,150725,Konkoya,"[-11.228287, 9.363704]",Koinadugu,SL0203,Fabala[SL0206],2021-07-01,OCHAfrom ctrylayers,"Assigned-code point falls outside its matched current polygon; destination is a crosswalk candidate, not an automatic transfer."
gb:SLE:ADM2:65957751B98964407864499,Koinadugu,SL0203,150732,Masadukura,"[-10.739315, 9.365544]",Koinadugu,SL0203,Fabala[SL0206],2021-07-01,OCHAfrom ctrylayers,"Assigned-code point falls outside its matched current polygon; destination is a crosswalk candidate, not an automatic transfer."
gb:SLE:ADM2:65957751B98964407864499,Koinadugu,SL0203,150901,Farawaro,"[-10.847307, 9.366725]",Koinadugu,SL0203,Fabala[SL0206],2021-07-01,OCHAfrom ctrylayers,"Assigned-code point falls outside its matched current polygon; destination is a crosswalk candidate, not an automatic transfer."
gb:SLE:ADM2:65957751B98964407864499,Koinadugu,SL0203,150910,Kiridu,"[-10.786293, 9.367361]",Koinadugu,SL0203,Fabala[SL0206],2021-07-01,OCHAfrom ctrylayers,"Assigned-code point falls outside its matched current polygon; destination is a crosswalk candidate, not an automatic transfer."
gb:SLE:ADM2:65957751B98964407864499,Koinadugu,SL0203,150931,Marimaia,"[-10.826189, 9.372468]",Koinadugu,SL0203,Fabala[SL0206],2021-07-01,OCHAfrom ctrylayers,"Assigned-code point falls outside its matched current polygon; destination is a crosswalk candidate, not an automatic transfer."
gb:SLE:ADM2:65957751B98964407864499,Koinadugu,SL0203,150952,Komoia,"[-11.464032, 9.377643]",Koinadugu,SL0203,Fabala[SL0206],2021-07-01,OCHAfrom ctrylayers,"Assigned-code point falls outside its matched current polygon; destination is a crosswalk candidate, not an automatic transfer."
gb:SLE:ADM2:65957751B98964407864499,Koinadugu,SL0203,150967,Bandankunduma,"[-10.871054, 9.380408]",Koinadugu,SL0203,Fabala[SL0206],2021-07-01,OCHAfrom ctrylayers,"Assigned-code point falls outside its matched current polygon; destination is a crosswalk candidate, not an automatic transfer."
gb:SLE:ADM2:65957751B98964407864499,Koinadugu,SL0203,151142,Nyeldu,"[-10.926715, 9.385856]",Koinadugu,SL0203,Fabala[SL0206],2021-07-01,OCHAfrom ctrylayers,"Assigned-code point falls outside its matched current polygon; destination is a crosswalk candidate, not an automatic transfer."
gb:SLE:ADM2:65957751B98964407864499,Koinadugu,SL0203,151152,Lansanabalia,"[-10.870238, 9.388705]",Koinadugu,SL0203,Fabala[SL0206],2021-07-01,OCHAfrom ctrylayers,"Assigned-code point falls outside its matched current polygon; destination is a crosswalk candidate, not an automatic transfer."
gb:SLE:ADM2:65957751B98964407864499,Koinadugu,SL0203,151410,Farama,"[-11.105092, 9.406413]",Koinadugu,SL0203,Fabala[SL0206],2021-07-01,OCHAfrom ctrylayers,"Assigned-code point falls outside its matched current polygon; destination is a crosswalk candidate, not an automatic transfer."
gb:SLE:ADM2:65957751B98964407864499,Koinadugu,SL0203,151411,Dugulama,"[-10.859017, 9.406816]",Koinadugu,SL0203,Fabala[SL0206],2021-07-01,OCHAfrom ctrylayers,"Assigned-code point falls outside its matched current polygon; destination is a crosswalk candidate, not an automatic transfer."
gb:SLE:ADM2:65957751B98964407864499,Koinadugu,SL0203,151432,Yarando,"[-10.838467, 9.408904]",Koinadugu,SL0203,Fabala[SL0206],2021-07-01,OCHAfrom ctrylayers,"Assigned-code point falls outside its matched current polygon; destination is a crosswalk candidate, not an automatic transfer."
gb:SLE:ADM2:65957751B98964407864499,Koinadugu,SL0203,151434,Momoria,"[-11.233064, 9.409413]",Koinadugu,SL0203,Fabala[SL0206],2021-07-01,OCHAfrom ctrylayers,"Assigned-code point falls outside its matched current polygon; destination is a crosswalk candidate, not an automatic transfer."
gb:SLE:ADM2:65957751B98964407864499,Koinadugu,SL0203,151435,Siraninkoro,"[-10.986417, 9.409637]",Koinadugu,SL0203,Fabala[SL0206],2021-07-01,OCHAfrom ctrylayers,"Assigned-code point falls outside its matched current polygon; destination is a crosswalk candidate, not an automatic transfer."
gb:SLE:ADM2:65957751B98964407864499,Koinadugu,SL0203,151462,Samgbamba,"[-11.417953, 9.412983]",Koinadugu,SL0203,Fabala[SL0206],2021-07-01,OCHAfrom ctrylayers,"Assigned-code point falls outside its matched current polygon; destination is a crosswalk candidate, not an automatic transfer."
gb:SLE:ADM2:65957751B98964407864499,Koinadugu,SL0203,151466,Kurumando,"[-10.886935, 9.414176]",Koinadugu,SL0203,Fabala[SL0206],2021-07-01,OCHAfrom ctrylayers,"Assigned-code point falls outside its matched current polygon; destination is a crosswalk candidate, not an automatic transfer."
gb:SLE:ADM2:65957751B98964407864499,Koinadugu,SL0203,151467,Tilikoro,"[-11.093611, 9.414258]",Koinadugu,SL0203,Fabala[SL0206],2021-07-01,OCHAfrom ctrylayers,"Assigned-code point falls outside its matched current polygon; destination is a crosswalk candidate, not an automatic transfer."
gb:SLE:ADM2:65957751B98964407864499,Koinadugu,SL0203,151668,Gberefi,"[-11.145082, 9.419039]",Koinadugu,SL0203,Fabala[SL0206],2021-07-01,OCHAfrom ctrylayers,"Assigned-code point falls outside its matched current polygon; destination is a crosswalk candidate, not an automatic transfer."
gb:SLE:ADM2:65957751B98964407864499,Koinadugu,SL0203,151671,Serafaia,"[-10.936303, 9.419189]",Koinadugu,SL0203,Fabala[SL0206],2021-07-01,OCHAfrom ctrylayers,"Assigned-code point falls outside its matched current polygon; destination is a crosswalk candidate, not an automatic transfer."
gb:SLE:ADM2:65957751B98964407864499,Koinadugu,SL0203,151680,Kuratuyila,"[-11.019826, 9.421118]",Koinadugu,SL0203,Fabala[SL0206],2021-07-01,OCHAfrom ctrylayers,"Assigned-code point falls outside its matched current polygon; destination is a crosswalk candidate, not an automatic transfer."
gb:SLE:ADM2:65957751B98964407864499,Koinadugu,SL0203,151682,Semisedu,"[-11.06984, 9.421281]",Koinadugu,SL0203,Fabala[SL0206],2021-07-01,OCHAfrom ctrylayers,"Assigned-code point falls outside its matched current polygon; destination is a crosswalk candidate, not an automatic transfer."
gb:SLE:ADM2:65957751B98964407864499,Koinadugu,SL0203,151696,Kurekunema,"[-11.536929, 9.426823]",Koinadugu,SL0203,Fabala[SL0206],2021-07-01,OCHAfrom ctrylayers,"Assigned-code point falls outside its matched current polygon; destination is a crosswalk candidate, not an automatic transfer."
gb:SLE:ADM2:65957751B98964407864499,Koinadugu,SL0203,151709,Karafasani,"[-10.873107, 9.429694]",Koinadugu,SL0203,Fabala[SL0206],2021-07-01,OCHAfrom ctrylayers,"Assigned-code point falls outside its matched current polygon; destination is a crosswalk candidate, not an automatic transfer."
gb:SLE:ADM2:65957751B98964407864499,Koinadugu,SL0203,151929,Kamadugu Sokurela,"[-11.483661, 9.443387]",Koinadugu,SL0203,Fabala[SL0206],2021-07-01,OCHAfrom ctrylayers,"Assigned-code point falls outside its matched current polygon; destination is a crosswalk candidate, not an automatic transfer."
gb:SLE:ADM2:65957751B98964407864499,Koinadugu,SL0203,151935,Kaliere,"[-10.859555, 9.44551]",Koinadugu,SL0203,Fabala[SL0206],2021-07-01,OCHAfrom ctrylayers,"Assigned-code point falls outside its matched current polygon; destination is a crosswalk candidate, not an automatic transfer."
gb:SLE:ADM2:65957751B98964407864499,Koinadugu,SL0203,151942,Musaia,"[-11.431452, 9.44717]",Koinadugu,SL0203,Fabala[SL0206],2021-07-01,OCHAfrom ctrylayers,"Assigned-code point falls outside its matched current polygon; destination is a crosswalk candidate, not an automatic transfer."
gb:SLE:ADM2:65957751B98964407864499,Koinadugu,SL0203,152132,Se-A-Du,"[-10.892808, 9.450385]",Koinadugu,SL0203,Fabala[SL0206],2021-07-01,OCHAfrom ctrylayers,"Assigned-code point falls outside its matched current polygon; destination is a crosswalk candidate, not an automatic transfer."
gb:SLE:ADM2:65957751B98964407864499,Koinadugu,SL0203,152146,Yiraia,"[-11.255197, 9.452624]",Koinadugu,SL0203,Fabala[SL0206],2021-07-01,OCHAfrom ctrylayers,"Assigned-code point falls outside its matched current polygon; destination is a crosswalk candidate, not an automatic transfer."
gb:SLE:ADM2:65957751B98964407864499,Koinadugu,SL0203,152154,Pampanko,"[-11.131066, 9.453927]",Koinadugu,SL0203,Fabala[SL0206],2021-07-01,OCHAfrom ctrylayers,"Assigned-code point falls outside its matched current polygon; destination is a crosswalk candidate, not an automatic transfer."
gb:SLE:ADM2:65957751B98964407864499,Koinadugu,SL0203,152164,Benikoro,"[-11.173024, 9.456038]",Koinadugu,SL0203,Fabala[SL0206],2021-07-01,OCHAfrom ctrylayers,"Assigned-code point falls outside its matched current polygon; destination is a crosswalk candidate, not an automatic transfer."
gb:SLE:ADM2:65957751B98964407864499,Koinadugu,SL0203,152176,Herako,"[-10.971661, 9.460304]",Koinadugu,SL0203,Fabala[SL0206],2021-07-01,OCHAfrom ctrylayers,"Assigned-code point falls outside its matched current polygon; destination is a crosswalk candidate, not an automatic transfer."
gb:SLE:ADM2:65957751B98964407864499,Koinadugu,SL0203,152197,Seria,"[-10.923415, 9.464878]",Koinadugu,SL0203,Fabala[SL0206],2021-07-01,OCHAfrom ctrylayers,"Assigned-code point falls outside its matched current polygon; destination is a crosswalk candidate, not an automatic transfer."
gb:SLE:ADM2:65957751B98964407864499,Koinadugu,SL0203,152379,Konyeko,"[-11.383195, 9.466803]",Koinadugu,SL0203,Fabala[SL0206],2021-07-01,OCHAfrom ctrylayers,"Assigned-code point falls outside its matched current polygon; destination is a crosswalk candidate, not an automatic transfer."
gb:SLE:ADM2:65957751B98964407864499,Koinadugu,SL0203,152386,Benikoro,"[-11.096615, 9.4678]",Koinadugu,SL0203,Fabala[SL0206],2021-07-01,OCHAfrom ctrylayers,"Assigned-code point falls outside its matched current polygon; destination is a crosswalk candidate, not an automatic transfer."
gb:SLE:ADM2:65957751B98964407864499,Koinadugu,SL0203,152398,Yirafilaia,"[-11.335904, 9.471263]",Koinadugu,SL0203,Fabala[SL0206],2021-07-01,OCHAfrom ctrylayers,"Assigned-code point falls outside its matched current polygon; destination is a crosswalk candidate, not an automatic transfer."
gb:SLE:ADM2:65957751B98964407864499,Koinadugu,SL0203,152400,Dakokalia,"[-10.884816, 9.471664]",Koinadugu,SL0203,Fabala[SL0206],2021-07-01,OCHAfrom ctrylayers,"Assigned-code point falls outside its matched current polygon; destination is a crosswalk candidate, not an automatic transfer."
gb:SLE:ADM2:65957751B98964407864499,Koinadugu,SL0203,152412,Sokurela,"[-10.862918, 9.473987]",Koinadugu,SL0203,Fabala[SL0206],2021-07-01,OCHAfrom ctrylayers,"Assigned-code point falls outside its matched current polygon; destination is a crosswalk candidate, not an automatic transfer."
gb:SLE:ADM2:65957751B98964407864499,Koinadugu,SL0203,152413,,"[-11.142526, 9.474376]",Koinadugu,SL0203,Fabala[SL0206],2021-07-01,OCHAfrom ctrylayers,"Assigned-code point falls outside its matched current polygon; destination is a crosswalk candidate, not an automatic transfer."
gb:SLE:ADM2:65957751B98964407864499,Koinadugu,SL0203,152414,Motia,"[-11.187304, 9.474583]",Koinadugu,SL0203,Fabala[SL0206],2021-07-01,OCHAfrom ctrylayers,"Assigned-code point falls outside its matched current polygon; destination is a crosswalk candidate, not an automatic transfer."
gb:SLE:ADM2:65957751B98964407864499,Koinadugu,SL0203,152429,Kiridu,"[-11.001895, 9.479528]",Koinadugu,SL0203,Fabala[SL0206],2021-07-01,OCHAfrom ctrylayers,"Assigned-code point falls outside its matched current polygon; destination is a crosswalk candidate, not an automatic transfer."
gb:SLE:ADM2:65957751B98964407864499,Koinadugu,SL0203,152437,Bambugu,"[-11.510087, 9.48279]",Koinadugu,SL0203,Fabala[SL0206],2021-07-01,OCHAfrom ctrylayers,"Assigned-code point falls outside its matched current polygon; destination is a crosswalk candidate, not an automatic transfer."
gb:SLE:ADM2:65957751B98964407864499,Koinadugu,SL0203,152630,Farandugu,"[-11.446708, 9.483366]",Koinadugu,SL0203,Fabala[SL0206],2021-07-01,OCHAfrom ctrylayers,"Assigned-code point falls outside its matched current polygon; destination is a crosswalk candidate, not an automatic transfer."
gb:SLE:ADM2:65957751B98964407864499,Koinadugu,SL0203,152667,Balia,"[-11.126743, 9.492288]",Koinadugu,SL0203,Fabala[SL0206],2021-07-01,OCHAfrom ctrylayers,"Assigned-code point falls outside its matched current polygon; destination is a crosswalk candidate, not an automatic transfer."
gb:SLE:ADM2:65957751B98964407864499,Koinadugu,SL0203,152668,Sinekoro,"[-11.120924, 9.492412]",Koinadugu,SL0203,Fabala[SL0206],2021-07-01,OCHAfrom ctrylayers,"Assigned-code point falls outside its matched current polygon; destination is a crosswalk candidate, not an automatic transfer."
gb:SLE:ADM2:65957751B98964407864499,Koinadugu,SL0203,152699,Manomoia,"[-11.246342, 9.49918]",Koinadugu,SL0203,Fabala[SL0206],2021-07-01,OCHAfrom ctrylayers,"Assigned-code point falls outside its matched current polygon; destination is a crosswalk candidate, not an automatic transfer."
gb:SLE:ADM2:65957751B98964407864499,Koinadugu,SL0203,152940,Firawa,"[-10.857497, 9.509889]",Koinadugu,SL0203,Fabala[SL0206],2021-07-01,OCHAfrom ctrylayers,"Assigned-code point falls outside its matched current polygon; destination is a crosswalk candidate, not an automatic transfer."
gb:SLE:ADM2:65957751B98964407864499,Koinadugu,SL0203,153176,Bokarikondea,"[-11.002798, 9.516829]",Koinadugu,SL0203,Fabala[SL0206],2021-07-01,OCHAfrom ctrylayers,"Assigned-code point falls outside its matched current polygon; destination is a crosswalk candidate, not an automatic transfer."
gb:SLE:ADM2:65957751B98964407864499,Koinadugu,SL0203,153189,Konsirefe,"[-10.872748, 9.519557]",Koinadugu,SL0203,Fabala[SL0206],2021-07-01,OCHAfrom ctrylayers,"Assigned-code point falls outside its matched current polygon; destination is a crosswalk candidate, not an automatic transfer."
gb:SLE:ADM2:65957751B98964407864499,Koinadugu,SL0203,153446,Bendugu,"[-10.957121, 9.533607]",Koinadugu,SL0203,Fabala[SL0206],2021-07-01,OCHAfrom ctrylayers,"Assigned-code point falls outside its matched current polygon; destination is a crosswalk candidate, not an automatic transfer."
gb:SLE:ADM2:65957751B98964407864499,Koinadugu,SL0203,153457,Biradu,"[-11.007732, 9.536255]",Koinadugu,SL0203,Fabala[SL0206],2021-07-01,OCHAfrom ctrylayers,"Assigned-code point falls outside its matched current polygon; destination is a crosswalk candidate, not an automatic transfer."
gb:SLE:ADM2:65957751B98964407864499,Koinadugu,SL0203,153462,Serekolia,"[-11.077475, 9.537216]",Koinadugu,SL0203,Fabala[SL0206],2021-07-01,OCHAfrom ctrylayers,"Assigned-code point falls outside its matched current polygon; destination is a crosswalk candidate, not an automatic transfer."
gb:SLE:ADM2:65957751B98964407864499,Koinadugu,SL0203,153692,Tomania,"[-11.157822, 9.551053]",Koinadugu,SL0203,Fabala[SL0206],2021-07-01,OCHAfrom ctrylayers,"Assigned-code point falls outside its matched current polygon; destination is a crosswalk candidate, not an automatic transfer."
gb:SLE:ADM2:65957751B98964407864499,Koinadugu,SL0203,153737,Kulia,"[-11.33813, 9.558969]",Koinadugu,SL0203,Fabala[SL0206],2021-07-01,OCHAfrom ctrylayers,"Assigned-code point falls outside its matched current polygon; destination is a crosswalk candidate, not an automatic transfer."
gb:SLE:ADM2:65957751B98964407864499,Koinadugu,SL0203,153757,Bambugu,"[-11.025286, 9.563388]",Koinadugu,SL0203,Fabala[SL0206],2021-07-01,OCHAfrom ctrylayers,"Assigned-code point falls outside its matched current polygon; destination is a crosswalk candidate, not an automatic transfer."
gb:SLE:ADM2:65957751B98964407864499,Koinadugu,SL0203,153761,Feremabalia,"[-10.939466, 9.564951]",Koinadugu,SL0203,Fabala[SL0206],2021-07-01,OCHAfrom ctrylayers,"Assigned-code point falls outside its matched current polygon; destination is a crosswalk candidate, not an automatic transfer."
gb:SLE:ADM2:65957751B98964407864499,Koinadugu,SL0203,153766,Momoria Bedela,"[-11.211401, 9.565494]",Koinadugu,SL0203,Fabala[SL0206],2021-07-01,OCHAfrom ctrylayers,"Assigned-code point falls outside its matched current polygon; destination is a crosswalk candidate, not an automatic transfer."
gb:SLE:ADM2:65957751B98964407864499,Koinadugu,SL0203,153991,Kunkura,"[-11.334274, 9.576934]",Koinadugu,SL0203,Fabala[SL0206],2021-07-01,OCHAfrom ctrylayers,"Assigned-code point falls outside its matched current polygon; destination is a crosswalk candidate, not an automatic transfer."
gb:SLE:ADM2:65957751B98964407864499,Koinadugu,SL0203,154210,Gbonbondo,"[-10.89525, 9.587599]",Koinadugu,SL0203,Fabala[SL0206],2021-07-01,OCHAfrom ctrylayers,"Assigned-code point falls outside its matched current polygon; destination is a crosswalk candidate, not an automatic transfer."
gb:SLE:ADM2:65957751B98964407864499,Koinadugu,SL0203,154224,Kamendugu,"[-11.139065, 9.590521]",Koinadugu,SL0203,Fabala[SL0206],2021-07-01,OCHAfrom ctrylayers,"Assigned-code point falls outside its matched current polygon; destination is a crosswalk candidate, not an automatic transfer."
gb:SLE:ADM2:65957751B98964407864499,Koinadugu,SL0203,154245,Kasunia,"[-11.254326, 9.59678]",Koinadugu,SL0203,Fabala[SL0206],2021-07-01,OCHAfrom ctrylayers,"Assigned-code point falls outside its matched current polygon; destination is a crosswalk candidate, not an automatic transfer."
gb:SLE:ADM2:65957751B98964407864499,Koinadugu,SL0203,154462,Moria,"[-11.214454, 9.604942]",Koinadugu,SL0203,Fabala[SL0206],2021-07-01,OCHAfrom ctrylayers,"Assigned-code point falls outside its matched current polygon; destination is a crosswalk candidate, not an automatic transfer."
gb:SLE:ADM2:65957751B98964407864499,Koinadugu,SL0203,154469,Mamesefe,"[-10.943881, 9.606143]",Koinadugu,SL0203,Fabala[SL0206],2021-07-01,OCHAfrom ctrylayers,"Assigned-code point falls outside its matched current polygon; destination is a crosswalk candidate, not an automatic transfer."
gb:SLE:ADM2:65957751B98964407864499,Koinadugu,SL0203,154478,Bokaria,"[-11.080134, 9.609484]",Koinadugu,SL0203,Fabala[SL0206],2021-07-01,OCHAfrom ctrylayers,"Assigned-code point falls outside its matched current polygon; destination is a crosswalk candidate, not an automatic transfer."
gb:SLE:ADM2:65957751B98964407864499,Koinadugu,SL0203,154495,Saiela,"[-11.132096, 9.612945]",Koinadugu,SL0203,Fabala[SL0206],2021-07-01,OCHAfrom ctrylayers,"Assigned-code point falls outside its matched current polygon; destination is a crosswalk candidate, not an automatic transfer."
gb:SLE:ADM2:65957751B98964407864499,Koinadugu,SL0203,154516,,"[-11.228763, 9.616247]",Koinadugu,SL0203,Fabala[SL0206],2021-07-01,OCHAfrom ctrylayers,"Assigned-code point falls outside its matched current polygon; destination is a crosswalk candidate, not an automatic transfer."
gb:SLE:ADM2:65957751B98964407864499,Koinadugu,SL0203,154730,Boalakarafaia,"[-10.996296, 9.624841]",Koinadugu,SL0203,Fabala[SL0206],2021-07-01,OCHAfrom ctrylayers,"Assigned-code point falls outside its matched current polygon; destination is a crosswalk candidate, not an automatic transfer."
gb:SLE:ADM2:65957751B98964407864499,Koinadugu,SL0203,154732,,"[-11.097286, 9.625067]",Koinadugu,SL0203,Fabala[SL0206],2021-07-01,OCHAfrom ctrylayers,"Assigned-code point falls outside its matched current polygon; destination is a crosswalk candidate, not an automatic transfer."
gb:SLE:ADM2:65957751B98964407864499,Koinadugu,SL0203,154736,Benekoro,"[-11.290798, 9.625417]",Koinadugu,SL0203,Fabala[SL0206],2021-07-01,OCHAfrom ctrylayers,"Assigned-code point falls outside its matched current polygon; destination is a crosswalk candidate, not an automatic transfer."
gb:SLE:ADM2:65957751B98964407864499,Koinadugu,SL0203,154752,Yamoria,"[-10.930718, 9.629896]",Koinadugu,SL0203,Fabala[SL0206],2021-07-01,OCHAfrom ctrylayers,"Assigned-code point falls outside its matched current polygon; destination is a crosswalk candidate, not an automatic transfer."
gb:SLE:ADM2:65957751B98964407864499,Koinadugu,SL0203,154762,Dankawali,"[-11.328745, 9.631379]",Koinadugu,SL0203,Fabala[SL0206],2021-07-01,OCHAfrom ctrylayers,"Assigned-code point falls outside its matched current polygon; destination is a crosswalk candidate, not an automatic transfer."
gb:SLE:ADM2:65957751B98964407864499,Koinadugu,SL0203,154932,Karafaia,"[-10.998762, 9.633476]",Koinadugu,SL0203,Fabala[SL0206],2021-07-01,OCHAfrom ctrylayers,"Assigned-code point falls outside its matched current polygon; destination is a crosswalk candidate, not an automatic transfer."
gb:SLE:ADM2:65957751B98964407864499,Koinadugu,SL0203,154942,Tinglfira,"[-11.210776, 9.637227]",Koinadugu,SL0203,Fabala[SL0206],2021-07-01,OCHAfrom ctrylayers,"Assigned-code point falls outside its matched current polygon; destination is a crosswalk candidate, not an automatic transfer."
gb:SLE:ADM2:65957751B98964407864499,Koinadugu,SL0203,154947,Felnabalia,"[-11.034902, 9.638317]",Koinadugu,SL0203,Fabala[SL0206],2021-07-01,OCHAfrom ctrylayers,"Assigned-code point falls outside its matched current polygon; destination is a crosswalk candidate, not an automatic transfer."
gb:SLE:ADM2:65957751B98964407864499,Koinadugu,SL0203,154962,Susuwalia,"[-10.948605, 9.641238]",Koinadugu,SL0203,Fabala[SL0206],2021-07-01,OCHAfrom ctrylayers,"Assigned-code point falls outside its matched current polygon; destination is a crosswalk candidate, not an automatic transfer."
gb:SLE:ADM2:65957751B98964407864499,Koinadugu,SL0203,155146,Didia,"[-11.41277, 9.650953]",Koinadugu,SL0203,Fabala[SL0206],2021-07-01,OCHAfrom ctrylayers,"Assigned-code point falls outside its matched current polygon; destination is a crosswalk candidate, not an automatic transfer."
gb:SLE:ADM2:65957751B98964407864499,Koinadugu,SL0203,155173,Balandugu,"[-11.562135, 9.659426]",Koinadugu,SL0203,Fabala[SL0206],2021-07-01,OCHAfrom ctrylayers,"Assigned-code point falls outside its matched current polygon; destination is a crosswalk candidate, not an automatic transfer."
gb:SLE:ADM2:65957751B98964407864499,Koinadugu,SL0203,155186,Fadugu,"[-11.453094, 9.66151]",Koinadugu,SL0203,Fabala[SL0206],2021-07-01,OCHAfrom ctrylayers,"Assigned-code point falls outside its matched current polygon; destination is a crosswalk candidate, not an automatic transfer."
gb:SLE:ADM2:65957751B98964407864499,Koinadugu,SL0203,155187,Farakoro,"[-11.485, 9.661634]",Koinadugu,SL0203,Fabala[SL0206],2021-07-01,OCHAfrom ctrylayers,"Assigned-code point falls outside its matched current polygon; destination is a crosswalk candidate, not an automatic transfer."
gb:SLE:ADM2:65957751B98964407864499,Koinadugu,SL0203,155192,Bokaria,"[-11.041444, 9.663098]",Koinadugu,SL0203,Fabala[SL0206],2021-07-01,OCHAfrom ctrylayers,"Assigned-code point falls outside its matched current polygon; destination is a crosswalk candidate, not an automatic transfer."
gb:SLE:ADM2:65957751B98964407864499,Koinadugu,SL0203,155408,Fadugu,"[-11.456942, 9.670153]",Koinadugu,SL0203,Fabala[SL0206],2021-07-01,OCHAfrom ctrylayers,"Assigned-code point falls outside its matched current polygon; destination is a crosswalk candidate, not an automatic transfer."
gb:SLE:ADM2:65957751B98964407864499,Koinadugu,SL0203,155409,,"[-11.051876, 9.671127]",Koinadugu,SL0203,Fabala[SL0206],2021-07-01,OCHAfrom ctrylayers,"Assigned-code point falls outside its matched current polygon; destination is a crosswalk candidate, not an automatic transfer."
gb:SLE:ADM2:65957751B98964407864499,Koinadugu,SL0203,155418,,"[-11.061287, 9.67291]",Koinadugu,SL0203,Fabala[SL0206],2021-07-01,OCHAfrom ctrylayers,"Assigned-code point falls outside its matched current polygon; destination is a crosswalk candidate, not an automatic transfer."
gb:SLE:ADM2:65957751B98964407864499,Koinadugu,SL0203,155436,Madina,"[-11.549613, 9.67676]",Koinadugu,SL0203,Fabala[SL0206],2021-07-01,OCHAfrom ctrylayers,"Assigned-code point falls outside its matched current polygon; destination is a crosswalk candidate, not an automatic transfer."
gb:SLE:ADM2:65957751B98964407864499,Koinadugu,SL0203,155440,Belforia,"[-10.974581, 9.678124]",Koinadugu,SL0203,Fabala[SL0206],2021-07-01,OCHAfrom ctrylayers,"Assigned-code point falls outside its matched current polygon; destination is a crosswalk candidate, not an automatic transfer."
gb:SLE:ADM2:65957751B98964407864499,Koinadugu,SL0203,155445,Mafenda,"[-11.578434, 9.681118]",Koinadugu,SL0203,Fabala[SL0206],2021-07-01,OCHAfrom ctrylayers,"Assigned-code point falls outside its matched current polygon; destination is a crosswalk candidate, not an automatic transfer."
gb:SLE:ADM2:65957751B98964407864499,Koinadugu,SL0203,155447,Karimbu,"[-11.192868, 9.681905]",Koinadugu,SL0203,Fabala[SL0206],2021-07-01,OCHAfrom ctrylayers,"Assigned-code point falls outside its matched current polygon; destination is a crosswalk candidate, not an automatic transfer."
gb:SLE:ADM2:65957751B98964407864499,Koinadugu,SL0203,155616,Marimbu,"[-11.314471, 9.683456]",Koinadugu,SL0203,Fabala[SL0206],2021-07-01,OCHAfrom ctrylayers,"Assigned-code point falls outside its matched current polygon; destination is a crosswalk candidate, not an automatic transfer."
gb:SLE:ADM2:65957751B98964407864499,Koinadugu,SL0203,155626,Salifuya,"[-11.167915, 9.685247]",Koinadugu,SL0203,Fabala[SL0206],2021-07-01,OCHAfrom ctrylayers,"Assigned-code point falls outside its matched current polygon; destination is a crosswalk candidate, not an automatic transfer."
gb:SLE:ADM2:65957751B98964407864499,Koinadugu,SL0203,155653,Pampanko,"[-11.521716, 9.692397]",Koinadugu,SL0203,Fabala[SL0206],2021-07-01,OCHAfrom ctrylayers,"Assigned-code point falls outside its matched current polygon; destination is a crosswalk candidate, not an automatic transfer."
gb:SLE:ADM2:65957751B98964407864499,Koinadugu,SL0203,155658,Kombile,"[-11.09643, 9.693152]",Koinadugu,SL0203,Fabala[SL0206],2021-07-01,OCHAfrom ctrylayers,"Assigned-code point falls outside its matched current polygon; destination is a crosswalk candidate, not an automatic transfer."
gb:SLE:ADM2:65957751B98964407864499,Koinadugu,SL0203,155664,,"[-11.593816, 9.694294]",Koinadugu,SL0203,Fabala[SL0206],2021-07-01,OCHAfrom ctrylayers,"Assigned-code point falls outside its matched current polygon; destination is a crosswalk candidate, not an automatic transfer."
gb:SLE:ADM2:65957751B98964407864499,Koinadugu,SL0203,155671,Nalfomoria,"[-11.342243, 9.696528]",Koinadugu,SL0203,Fabala[SL0206],2021-07-01,OCHAfrom ctrylayers,"Assigned-code point falls outside its matched current polygon; destination is a crosswalk candidate, not an automatic transfer."
gb:SLE:ADM2:65957751B98964407864499,Koinadugu,SL0203,155833,Momodumaria,"[-11.034117, 9.700704]",Koinadugu,SL0203,Fabala[SL0206],2021-07-01,OCHAfrom ctrylayers,"Assigned-code point falls outside its matched current polygon; destination is a crosswalk candidate, not an automatic transfer."
gb:SLE:ADM2:65957751B98964407864499,Koinadugu,SL0203,155836,Madogbo,"[-11.588817, 9.702056]",Koinadugu,SL0203,Fabala[SL0206],2021-07-01,OCHAfrom ctrylayers,"Assigned-code point falls outside its matched current polygon; destination is a crosswalk candidate, not an automatic transfer."
gb:SLE:ADM2:65957751B98964407864499,Koinadugu,SL0203,155844,Kansabalia,"[-11.002724, 9.705412]",Koinadugu,SL0203,Fabala[SL0206],2021-07-01,OCHAfrom ctrylayers,"Assigned-code point falls outside its matched current polygon; destination is a crosswalk candidate, not an automatic transfer."
gb:SLE:ADM2:65957751B98964407864499,Koinadugu,SL0203,155871,Walia,"[-11.618384, 9.711086]",Koinadugu,SL0203,Fabala[SL0206],2021-07-01,OCHAfrom ctrylayers,"Assigned-code point falls outside its matched current polygon; destination is a crosswalk candidate, not an automatic transfer."
gb:SLE:ADM2:65957751B98964407864499,Koinadugu,SL0203,155877,,"[-11.085347, 9.713864]",Koinadugu,SL0203,Fabala[SL0206],2021-07-01,OCHAfrom ctrylayers,"Assigned-code point falls outside its matched current polygon; destination is a crosswalk candidate, not an automatic transfer."
gb:SLE:ADM2:65957751B98964407864499,Koinadugu,SL0203,156046,Kobali,"[-11.484917, 9.717066]",Koinadugu,SL0203,Fabala[SL0206],2021-07-01,OCHAfrom ctrylayers,"Assigned-code point falls outside its matched current polygon; destination is a crosswalk candidate, not an automatic transfer."
gb:SLE:ADM2:65957751B98964407864499,Koinadugu,SL0203,156059,Yalia,"[-11.160027, 9.719594]",Koinadugu,SL0203,Fabala[SL0206],2021-07-01,OCHAfrom ctrylayers,"Assigned-code point falls outside its matched current polygon; destination is a crosswalk candidate, not an automatic transfer."
gb:SLE:ADM2:65957751B98964407864499,Koinadugu,SL0203,156060,,"[-11.58107, 9.719812]",Koinadugu,SL0203,Fabala[SL0206],2021-07-01,OCHAfrom ctrylayers,"Assigned-code point falls outside its matched current polygon; destination is a crosswalk candidate, not an automatic transfer."
gb:SLE:ADM2:65957751B98964407864499,Koinadugu,SL0203,156064,,"[-11.611513, 9.720124]",Koinadugu,SL0203,Fabala[SL0206],2021-07-01,OCHAfrom ctrylayers,"Assigned-code point falls outside its matched current polygon; destination is a crosswalk candidate, not an automatic transfer."
gb:SLE:ADM2:65957751B98964407864499,Koinadugu,SL0203,156065,,"[-11.619909, 9.720521]",Koinadugu,SL0203,Fabala[SL0206],2021-07-01,OCHAfrom ctrylayers,"Assigned-code point falls outside its matched current polygon; destination is a crosswalk candidate, not an automatic transfer."
gb:SLE:ADM2:65957751B98964407864499,Koinadugu,SL0203,156068,Yamfaka,"[-11.27077, 9.720915]",Koinadugu,SL0203,Fabala[SL0206],2021-07-01,OCHAfrom ctrylayers,"Assigned-code point falls outside its matched current polygon; destination is a crosswalk candidate, not an automatic transfer."
gb:SLE:ADM2:65957751B98964407864499,Koinadugu,SL0203,156070,Sonkonia,"[-11.383789, 9.72257]",Koinadugu,SL0203,Fabala[SL0206],2021-07-01,OCHAfrom ctrylayers,"Assigned-code point falls outside its matched current polygon; destination is a crosswalk candidate, not an automatic transfer."
gb:SLE:ADM2:65957751B98964407864499,Koinadugu,SL0203,156076,,"[-11.58886, 9.723629]",Koinadugu,SL0203,Fabala[SL0206],2021-07-01,OCHAfrom ctrylayers,"Assigned-code point falls outside its matched current polygon; destination is a crosswalk candidate, not an automatic transfer."
gb:SLE:ADM2:65957751B98964407864499,Koinadugu,SL0203,156080,,"[-11.59821, 9.724034]",Koinadugu,SL0203,Fabala[SL0206],2021-07-01,OCHAfrom ctrylayers,"Assigned-code point falls outside its matched current polygon; destination is a crosswalk candidate, not an automatic transfer."
gb:SLE:ADM2:65957751B98964407864499,Koinadugu,SL0203,156085,Tuludansaia,"[-11.022594, 9.725057]",Koinadugu,SL0203,Fabala[SL0206],2021-07-01,OCHAfrom ctrylayers,"Assigned-code point falls outside its matched current polygon; destination is a crosswalk candidate, not an automatic transfer."
gb:SLE:ADM2:65957751B98964407864499,Koinadugu,SL0203,156097,,"[-11.578254, 9.731376]",Koinadugu,SL0203,Fabala[SL0206],2021-07-01,OCHAfrom ctrylayers,"Assigned-code point falls outside its matched current polygon; destination is a crosswalk candidate, not an automatic transfer."
gb:SLE:ADM2:65957751B98964407864499,Koinadugu,SL0203,156098,,"[-11.559854, 9.731967]",Koinadugu,SL0203,Fabala[SL0206],2021-07-01,OCHAfrom ctrylayers,"Assigned-code point falls outside its matched current polygon; destination is a crosswalk candidate, not an automatic transfer."
gb:SLE:ADM2:65957751B98964407864499,Koinadugu,SL0203,156285,Fore,"[-11.152947, 9.736989]",Koinadugu,SL0203,Fabala[SL0206],2021-07-01,OCHAfrom ctrylayers,"Assigned-code point falls outside its matched current polygon; destination is a crosswalk candidate, not an automatic transfer."
gb:SLE:ADM2:65957751B98964407864499,Koinadugu,SL0203,156286,,"[-11.152922, 9.737012]",Koinadugu,SL0203,Fabala[SL0206],2021-07-01,OCHAfrom ctrylayers,"Assigned-code point falls outside its matched current polygon; destination is a crosswalk candidate, not an automatic transfer."
gb:SLE:ADM2:65957751B98964407864499,Koinadugu,SL0203,156292,,"[-11.059526, 9.739018]",Koinadugu,SL0203,Fabala[SL0206],2021-07-01,OCHAfrom ctrylayers,"Assigned-code point falls outside its matched current polygon; destination is a crosswalk candidate, not an automatic transfer."
gb:SLE:ADM2:65957751B98964407864499,Koinadugu,SL0203,156298,,"[-11.563244, 9.739586]",Koinadugu,SL0203,Fabala[SL0206],2021-07-01,OCHAfrom ctrylayers,"Assigned-code point falls outside its matched current polygon; destination is a crosswalk candidate, not an automatic transfer."
gb:SLE:ADM2:65957751B98964407864499,Koinadugu,SL0203,156315,Dagure,"[-11.323788, 9.747805]",Koinadugu,SL0203,Fabala[SL0206],2021-07-01,OCHAfrom ctrylayers,"Assigned-code point falls outside its matched current polygon; destination is a crosswalk candidate, not an automatic transfer."
gb:SLE:ADM2:65957751B98964407864499,Koinadugu,SL0203,156484,Kamba,"[-11.683955, 9.750102]",Koinadugu,SL0203,Fabala[SL0206],2021-07-01,OCHAfrom ctrylayers,"Assigned-code point falls outside its matched current polygon; destination is a crosswalk candidate, not an automatic transfer."
gb:SLE:ADM2:65957751B98964407864499,Koinadugu,SL0203,156486,Kate,"[-11.683913, 9.751021]",Koinadugu,SL0203,Fabala[SL0206],2021-07-01,OCHAfrom ctrylayers,"Assigned-code point falls outside its matched current polygon; destination is a crosswalk candidate, not an automatic transfer."
gb:SLE:ADM2:65957751B98964407864499,Koinadugu,SL0203,156487,Lago,"[-11.654241, 9.751229]",Koinadugu,SL0203,Fabala[SL0206],2021-07-01,OCHAfrom ctrylayers,"Assigned-code point falls outside its matched current polygon; destination is a crosswalk candidate, not an automatic transfer."
gb:SLE:ADM2:65957751B98964407864499,Koinadugu,SL0203,156488,Heviko,"[-11.447892, 9.751602]",Koinadugu,SL0203,Fabala[SL0206],2021-07-01,OCHAfrom ctrylayers,"Assigned-code point falls outside its matched current polygon; destination is a crosswalk candidate, not an automatic transfer."
gb:SLE:ADM2:65957751B98964407864499,Koinadugu,SL0203,156492,,"[-11.258897, 9.753217]",Koinadugu,SL0203,Fabala[SL0206],2021-07-01,OCHAfrom ctrylayers,"Assigned-code point falls outside its matched current polygon; destination is a crosswalk candidate, not an automatic transfer."
gb:SLE:ADM2:65957751B98964407864499,Koinadugu,SL0203,156495,Gberia Timbako,"[-11.194341, 9.754098]",Koinadugu,SL0203,Fabala[SL0206],2021-07-01,OCHAfrom ctrylayers,"Assigned-code point falls outside its matched current polygon; destination is a crosswalk candidate, not an automatic transfer."
gb:SLE:ADM2:65957751B98964407864499,Koinadugu,SL0203,156497,Manankon,"[-11.494113, 9.754313]",Koinadugu,SL0203,Fabala[SL0206],2021-07-01,OCHAfrom ctrylayers,"Assigned-code point falls outside its matched current polygon; destination is a crosswalk candidate, not an automatic transfer."
gb:SLE:ADM2:65957751B98964407864499,Koinadugu,SL0203,156505,,"[-11.240838, 9.755636]",Koinadugu,SL0203,Fabala[SL0206],2021-07-01,OCHAfrom ctrylayers,"Assigned-code point falls outside its matched current polygon; destination is a crosswalk candidate, not an automatic transfer."
gb:SLE:ADM2:65957751B98964407864499,Koinadugu,SL0203,156506,Santiga,"[-11.270882, 9.755889]",Koinadugu,SL0203,Fabala[SL0206],2021-07-01,OCHAfrom ctrylayers,"Assigned-code point falls outside its matched current polygon; destination is a crosswalk candidate, not an automatic transfer."
gb:SLE:ADM2:65957751B98964407864499,Koinadugu,SL0203,156510,,"[-11.037954, 9.757858]",Koinadugu,SL0203,Fabala[SL0206],2021-07-01,OCHAfrom ctrylayers,"Assigned-code point falls outside its matched current polygon; destination is a crosswalk candidate, not an automatic transfer."
gb:SLE:ADM2:65957751B98964407864499,Koinadugu,SL0203,156513,Mana,"[-11.488233, 9.758402]",Koinadugu,SL0203,Fabala[SL0206],2021-07-01,OCHAfrom ctrylayers,"Assigned-code point falls outside its matched current polygon; destination is a crosswalk candidate, not an automatic transfer."
gb:SLE:ADM2:65957751B98964407864499,Koinadugu,SL0203,156518,Musaia,"[-11.571419, 9.759677]",Koinadugu,SL0203,Fabala[SL0206],2021-07-01,OCHAfrom ctrylayers,"Assigned-code point falls outside its matched current polygon; destination is a crosswalk candidate, not an automatic transfer."
gb:SLE:ADM2:65957751B98964407864499,Koinadugu,SL0203,156522,Kemaia,"[-11.058285, 9.76278]",Koinadugu,SL0203,Fabala[SL0206],2021-07-01,OCHAfrom ctrylayers,"Assigned-code point falls outside its matched current polygon; destination is a crosswalk candidate, not an automatic transfer."
gb:SLE:ADM2:65957751B98964407864499,Koinadugu,SL0203,156532,Tadisuria,"[-11.363678, 9.766638]",Koinadugu,SL0203,Fabala[SL0206],2021-07-01,OCHAfrom ctrylayers,"Assigned-code point falls outside its matched current polygon; destination is a crosswalk candidate, not an automatic transfer."
gb:SLE:ADM2:65957751B98964407864499,Koinadugu,SL0203,156716,Sokoria,"[-11.508384, 9.766718]",Koinadugu,SL0203,Fabala[SL0206],2021-07-01,OCHAfrom ctrylayers,"Assigned-code point falls outside its matched current polygon; destination is a crosswalk candidate, not an automatic transfer."
gb:SLE:ADM2:65957751B98964407864499,Koinadugu,SL0203,156756,Manangbe,"[-11.326269, 9.775208]",Koinadugu,SL0203,Fabala[SL0206],2021-07-01,OCHAfrom ctrylayers,"Assigned-code point falls outside its matched current polygon; destination is a crosswalk candidate, not an automatic transfer."
gb:SLE:ADM2:65957751B98964407864499,Koinadugu,SL0203,156773,Malanga,"[-11.613795, 9.782062]",Koinadugu,SL0203,Fabala[SL0206],2021-07-01,OCHAfrom ctrylayers,"Assigned-code point falls outside its matched current polygon; destination is a crosswalk candidate, not an automatic transfer."
gb:SLE:ADM2:65957751B98964407864499,Koinadugu,SL0203,156960,Kondiea,"[-11.351347, 9.785697]",Koinadugu,SL0203,Fabala[SL0206],2021-07-01,OCHAfrom ctrylayers,"Assigned-code point falls outside its matched current polygon; destination is a crosswalk candidate, not an automatic transfer."
gb:SLE:ADM2:65957751B98964407864499,Koinadugu,SL0203,156961,Dalmusaia,"[-11.220302, 9.785716]",Koinadugu,SL0203,Fabala[SL0206],2021-07-01,OCHAfrom ctrylayers,"Assigned-code point falls outside its matched current polygon; destination is a crosswalk candidate, not an automatic transfer."
gb:SLE:ADM2:65957751B98964407864499,Koinadugu,SL0203,156972,Koba,"[-11.12367, 9.790575]",Koinadugu,SL0203,Fabala[SL0206],2021-07-01,OCHAfrom ctrylayers,"Assigned-code point falls outside its matched current polygon; destination is a crosswalk candidate, not an automatic transfer."
gb:SLE:ADM2:65957751B98964407864499,Koinadugu,SL0203,156974,Foremoria,"[-11.587835, 9.792617]",Koinadugu,SL0203,Fabala[SL0206],2021-07-01,OCHAfrom ctrylayers,"Assigned-code point falls outside its matched current polygon; destination is a crosswalk candidate, not an automatic transfer."
gb:SLE:ADM2:65957751B98964407864499,Koinadugu,SL0203,156975,Tenentilia,"[-11.282275, 9.793236]",Koinadugu,SL0203,Fabala[SL0206],2021-07-01,OCHAfrom ctrylayers,"Assigned-code point falls outside its matched current polygon; destination is a crosswalk candidate, not an automatic transfer."
gb:SLE:ADM2:65957751B98964407864499,Koinadugu,SL0203,156979,Yaganto,"[-11.403155, 9.795086]",Koinadugu,SL0203,Fabala[SL0206],2021-07-01,OCHAfrom ctrylayers,"Assigned-code point falls outside its matched current polygon; destination is a crosswalk candidate, not an automatic transfer."
gb:SLE:ADM2:65957751B98964407864499,Koinadugu,SL0203,156994,Mamudia,"[-11.658793, 9.799724]",Koinadugu,SL0203,Fabala[SL0206],2021-07-01,OCHAfrom ctrylayers,"Assigned-code point falls outside its matched current polygon; destination is a crosswalk candidate, not an automatic transfer."
gb:SLE:ADM2:65957751B98964407864499,Koinadugu,SL0203,157156,Kambaia,"[-11.067006, 9.802469]",Koinadugu,SL0203,Fabala[SL0206],2021-07-01,OCHAfrom ctrylayers,"Assigned-code point falls outside its matched current polygon; destination is a crosswalk candidate, not an automatic transfer."
gb:SLE:ADM2:65957751B98964407864499,Koinadugu,SL0203,157165,Manandi,"[-11.331698, 9.807159]",Koinadugu,SL0203,Fabala[SL0206],2021-07-01,OCHAfrom ctrylayers,"Assigned-code point falls outside its matched current polygon; destination is a crosswalk candidate, not an automatic transfer."
gb:SLE:ADM2:65957751B98964407864499,Koinadugu,SL0203,157177,Yenkisa,"[-11.471363, 9.812117]",Koinadugu,SL0203,Fabala[SL0206],2021-07-01,OCHAfrom ctrylayers,"Assigned-code point falls outside its matched current polygon; destination is a crosswalk candidate, not an automatic transfer."
gb:SLE:ADM2:65957751B98964407864499,Koinadugu,SL0203,157184,Yenkisa,"[-11.434198, 9.814677]",Koinadugu,SL0203,Fabala[SL0206],2021-07-01,OCHAfrom ctrylayers,"Assigned-code point falls outside its matched current polygon; destination is a crosswalk candidate, not an automatic transfer."
gb:SLE:ADM2:65957751B98964407864499,Koinadugu,SL0203,157189,Limbaya,"[-11.26322, 9.81533]",Koinadugu,SL0203,Fabala[SL0206],2021-07-01,OCHAfrom ctrylayers,"Assigned-code point falls outside its matched current polygon; destination is a crosswalk candidate, not an automatic transfer."
gb:SLE:ADM2:65957751B98964407864499,Koinadugu,SL0203,157191,Meliko,"[-11.11598, 9.815551]",Koinadugu,SL0203,Fabala[SL0206],2021-07-01,OCHAfrom ctrylayers,"Assigned-code point falls outside its matched current polygon; destination is a crosswalk candidate, not an automatic transfer."
gb:SLE:ADM2:65957751B98964407864499,Koinadugu,SL0203,157195,Sansankama,"[-11.097922, 9.816148]",Koinadugu,SL0203,Fabala[SL0206],2021-07-01,OCHAfrom ctrylayers,"Assigned-code point falls outside its matched current polygon; destination is a crosswalk candidate, not an automatic transfer."
gb:SLE:ADM2:65957751B98964407864499,Koinadugu,SL0203,157371,Saniria,"[-11.300213, 9.818115]",Koinadugu,SL0203,Fabala[SL0206],2021-07-01,OCHAfrom ctrylayers,"Assigned-code point falls outside its matched current polygon; destination is a crosswalk candidate, not an automatic transfer."
gb:SLE:ADM2:65957751B98964407864499,Koinadugu,SL0203,157374,Tokoroba,"[-11.137763, 9.818589]",Koinadugu,SL0203,Fabala[SL0206],2021-07-01,OCHAfrom ctrylayers,"Assigned-code point falls outside its matched current polygon; destination is a crosswalk candidate, not an automatic transfer."
gb:SLE:ADM2:65957751B98964407864499,Koinadugu,SL0203,157376,Biribaia,"[-11.173197, 9.818751]",Koinadugu,SL0203,Fabala[SL0206],2021-07-01,OCHAfrom ctrylayers,"Assigned-code point falls outside its matched current polygon; destination is a crosswalk candidate, not an automatic transfer."
gb:SLE:ADM2:65957751B98964407864499,Koinadugu,SL0203,157378,,"[-11.09745, 9.818946]",Koinadugu,SL0203,Fabala[SL0206],2021-07-01,OCHAfrom ctrylayers,"Assigned-code point falls outside its matched current polygon; destination is a crosswalk candidate, not an automatic transfer."
gb:SLE:ADM2:65957751B98964407864499,Koinadugu,SL0203,157384,Soronkura,"[-11.580496, 9.820981]",Koinadugu,SL0203,Fabala[SL0206],2021-07-01,OCHAfrom ctrylayers,"Assigned-code point falls outside its matched current polygon; destination is a crosswalk candidate, not an automatic transfer."
gb:SLE:ADM2:65957751B98964407864499,Koinadugu,SL0203,157400,Kutakalia,"[-11.23828, 9.823215]",Koinadugu,SL0203,Fabala[SL0206],2021-07-01,OCHAfrom ctrylayers,"Assigned-code point falls outside its matched current polygon; destination is a crosswalk candidate, not an automatic transfer."
gb:SLE:ADM2:65957751B98964407864499,Koinadugu,SL0203,157402,Soya,"[-11.417608, 9.823824]",Koinadugu,SL0203,Fabala[SL0206],2021-07-01,OCHAfrom ctrylayers,"Assigned-code point falls outside its matched current polygon; destination is a crosswalk candidate, not an automatic transfer."
gb:SLE:ADM2:65957751B98964407864499,Koinadugu,SL0203,157403,,"[-11.083547, 9.823852]",Koinadugu,SL0203,Fabala[SL0206],2021-07-01,OCHAfrom ctrylayers,"Assigned-code point falls outside its matched current polygon; destination is a crosswalk candidate, not an automatic transfer."
gb:SLE:ADM2:65957751B98964407864499,Koinadugu,SL0203,157423,Mondoya,"[-11.378987, 9.83273]",Koinadugu,SL0203,Fabala[SL0206],2021-07-01,OCHAfrom ctrylayers,"Assigned-code point falls outside its matched current polygon; destination is a crosswalk candidate, not an automatic transfer."
gb:SLE:ADM2:65957751B98964407864499,Koinadugu,SL0203,157592,,"[-11.103436, 9.83395]",Koinadugu,SL0203,Fabala[SL0206],2021-07-01,OCHAfrom ctrylayers,"Assigned-code point falls outside its matched current polygon; destination is a crosswalk candidate, not an automatic transfer."
gb:SLE:ADM2:65957751B98964407864499,Koinadugu,SL0203,157595,Kewulia,"[-11.350747, 9.83552]",Koinadugu,SL0203,Fabala[SL0206],2021-07-01,OCHAfrom ctrylayers,"Assigned-code point falls outside its matched current polygon; destination is a crosswalk candidate, not an automatic transfer."
gb:SLE:ADM2:65957751B98964407864499,Koinadugu,SL0203,157598,,"[-11.105108, 9.835832]",Koinadugu,SL0203,Fabala[SL0206],2021-07-01,OCHAfrom ctrylayers,"Assigned-code point falls outside its matched current polygon; destination is a crosswalk candidate, not an automatic transfer."
gb:SLE:ADM2:65957751B98964407864499,Koinadugu,SL0203,157620,Togobana,"[-11.214483, 9.840837]",Koinadugu,SL0203,Fabala[SL0206],2021-07-01,OCHAfrom ctrylayers,"Assigned-code point falls outside its matched current polygon; destination is a crosswalk candidate, not an automatic transfer."
gb:SLE:ADM2:65957751B98964407864499,Koinadugu,SL0203,157623,Karimbu,"[-11.280993, 9.842678]",Koinadugu,SL0203,Fabala[SL0206],2021-07-01,OCHAfrom ctrylayers,"Assigned-code point falls outside its matched current polygon; destination is a crosswalk candidate, not an automatic transfer."
gb:SLE:ADM2:65957751B98964407864499,Koinadugu,SL0203,157625,,"[-11.112425, 9.843239]",Koinadugu,SL0203,Fabala[SL0206],2021-07-01,OCHAfrom ctrylayers,"Assigned-code point falls outside its matched current polygon; destination is a crosswalk candidate, not an automatic transfer."
gb:SLE:ADM2:65957751B98964407864499,Koinadugu,SL0203,157627,Kamba,"[-11.697439, 9.843642]",Koinadugu,SL0203,Fabala[SL0206],2021-07-01,OCHAfrom ctrylayers,"Assigned-code point falls outside its matched current polygon; destination is a crosswalk candidate, not an automatic transfer."
gb:SLE:ADM2:65957751B98964407864499,Koinadugu,SL0203,157629,,"[-11.170025, 9.844531]",Koinadugu,SL0203,Fabala[SL0206],2021-07-01,OCHAfrom ctrylayers,"Assigned-code point falls outside its matched current polygon; destination is a crosswalk candidate, not an automatic transfer."
gb:SLE:ADM2:65957751B98964407864499,Koinadugu,SL0203,157811,,"[-11.161487, 9.850787]",Koinadugu,SL0203,Fabala[SL0206],2021-07-01,OCHAfrom ctrylayers,"Assigned-code point falls outside its matched current polygon; destination is a crosswalk candidate, not an automatic transfer."
gb:SLE:ADM2:65957751B98964407864499,Koinadugu,SL0203,157814,,"[-11.136343, 9.851681]",Koinadugu,SL0203,Fabala[SL0206],2021-07-01,OCHAfrom ctrylayers,"Assigned-code point falls outside its matched current polygon; destination is a crosswalk candidate, not an automatic transfer."
gb:SLE:ADM2:65957751B98964407864499,Koinadugu,SL0203,157816,Serania,"[-11.20517, 9.852381]",Koinadugu,SL0203,Fabala[SL0206],2021-07-01,OCHAfrom ctrylayers,"Assigned-code point falls outside its matched current polygon; destination is a crosswalk candidate, not an automatic transfer."
gb:SLE:ADM2:65957751B98964407864499,Koinadugu,SL0203,157817,,"[-11.13845, 9.85252]",Koinadugu,SL0203,Fabala[SL0206],2021-07-01,OCHAfrom ctrylayers,"Assigned-code point falls outside its matched current polygon; destination is a crosswalk candidate, not an automatic transfer."
gb:SLE:ADM2:65957751B98964407864499,Koinadugu,SL0203,157823,Duako,"[-11.283766, 9.853536]",Koinadugu,SL0203,Fabala[SL0206],2021-07-01,OCHAfrom ctrylayers,"Assigned-code point falls outside its matched current polygon; destination is a crosswalk candidate, not an automatic transfer."
gb:SLE:ADM2:65957751B98964407864499,Koinadugu,SL0203,157825,Dagohoya,"[-11.134283, 9.854331]",Koinadugu,SL0203,Fabala[SL0206],2021-07-01,OCHAfrom ctrylayers,"Assigned-code point falls outside its matched current polygon; destination is a crosswalk candidate, not an automatic transfer."
gb:SLE:ADM2:65957751B98964407864499,Koinadugu,SL0203,157826,Falaba,"[-11.321143, 9.85546]",Koinadugu,SL0203,Fabala[SL0206],2021-07-01,OCHAfrom ctrylayers,"Assigned-code point falls outside its matched current polygon; destination is a crosswalk candidate, not an automatic transfer."
gb:SLE:ADM2:65957751B98964407864499,Koinadugu,SL0203,157829,,"[-11.144312, 9.856704]",Koinadugu,SL0203,Fabala[SL0206],2021-07-01,OCHAfrom ctrylayers,"Assigned-code point falls outside its matched current polygon; destination is a crosswalk candidate, not an automatic transfer."
gb:SLE:ADM2:65957751B98964407864499,Koinadugu,SL0203,157843,Bantantia,"[-11.485547, 9.861651]",Koinadugu,SL0203,Fabala[SL0206],2021-07-01,OCHAfrom ctrylayers,"Assigned-code point falls outside its matched current polygon; destination is a crosswalk candidate, not an automatic transfer."
gb:SLE:ADM2:65957751B98964407864499,Koinadugu,SL0203,157844,Foremusaia,"[-11.370587, 9.861794]",Koinadugu,SL0203,Fabala[SL0206],2021-07-01,OCHAfrom ctrylayers,"Assigned-code point falls outside its matched current polygon; destination is a crosswalk candidate, not an automatic transfer."
gb:SLE:ADM2:65957751B98964407864499,Koinadugu,SL0203,157848,Sinkunia,"[-11.42885, 9.863292]",Koinadugu,SL0203,Fabala[SL0206],2021-07-01,OCHAfrom ctrylayers,"Assigned-code point falls outside its matched current polygon; destination is a crosswalk candidate, not an automatic transfer."
gb:SLE:ADM2:65957751B98964407864499,Koinadugu,SL0203,157852,Misila,"[-11.558534, 9.864401]",Koinadugu,SL0203,Fabala[SL0206],2021-07-01,OCHAfrom ctrylayers,"Assigned-code point falls outside its matched current polygon; destination is a crosswalk candidate, not an automatic transfer."
gb:SLE:ADM2:65957751B98964407864499,Koinadugu,SL0203,157858,Komboria,"[-11.464343, 9.865795]",Koinadugu,SL0203,Fabala[SL0206],2021-07-01,OCHAfrom ctrylayers,"Assigned-code point falls outside its matched current polygon; destination is a crosswalk candidate, not an automatic transfer."
gb:SLE:ADM2:65957751B98964407864499,Koinadugu,SL0203,158046,Masindi,"[-11.383572, 9.867589]",Koinadugu,SL0203,Fabala[SL0206],2021-07-01,OCHAfrom ctrylayers,"Assigned-code point falls outside its matched current polygon; destination is a crosswalk candidate, not an automatic transfer."
gb:SLE:ADM2:65957751B98964407864499,Koinadugu,SL0203,158055,Kankaia,"[-11.686865, 9.870147]",Koinadugu,SL0203,Fabala[SL0206],2021-07-01,OCHAfrom ctrylayers,"Assigned-code point falls outside its matched current polygon; destination is a crosswalk candidate, not an automatic transfer."
gb:SLE:ADM2:65957751B98964407864499,Koinadugu,SL0203,158062,Manga Tambaia,"[-11.352595, 9.871938]",Koinadugu,SL0203,Fabala[SL0206],2021-07-01,OCHAfrom ctrylayers,"Assigned-code point falls outside its matched current polygon; destination is a crosswalk candidate, not an automatic transfer."
gb:SLE:ADM2:65957751B98964407864499,Koinadugu,SL0203,158074,Gberia Fotumbu,"[-11.167171, 9.876859]",Koinadugu,SL0203,Fabala[SL0206],2021-07-01,OCHAfrom ctrylayers,"Assigned-code point falls outside its matched current polygon; destination is a crosswalk candidate, not an automatic transfer."
gb:SLE:ADM2:65957751B98964407864499,Koinadugu,SL0203,158076,Sumanferikia,"[-11.279693, 9.877862]",Koinadugu,SL0203,Fabala[SL0206],2021-07-01,OCHAfrom ctrylayers,"Assigned-code point falls outside its matched current polygon; destination is a crosswalk candidate, not an automatic transfer."
gb:SLE:ADM2:65957751B98964407864499,Koinadugu,SL0203,158081,Kondokuba,"[-11.624308, 9.878307]",Koinadugu,SL0203,Fabala[SL0206],2021-07-01,OCHAfrom ctrylayers,"Assigned-code point falls outside its matched current polygon; destination is a crosswalk candidate, not an automatic transfer."
gb:SLE:ADM2:65957751B98964407864499,Koinadugu,SL0203,158085,Koindu Kura,"[-11.162622, 9.87879]",Koinadugu,SL0203,Fabala[SL0206],2021-07-01,OCHAfrom ctrylayers,"Assigned-code point falls outside its matched current polygon; destination is a crosswalk candidate, not an automatic transfer."
gb:SLE:ADM2:65957751B98964407864499,Koinadugu,SL0203,158086,Yenkisa,"[-11.678428, 9.878984]",Koinadugu,SL0203,Fabala[SL0206],2021-07-01,OCHAfrom ctrylayers,"Assigned-code point falls outside its matched current polygon; destination is a crosswalk candidate, not an automatic transfer."
gb:SLE:ADM2:65957751B98964407864499,Koinadugu,SL0203,158087,Kambaia,"[-11.208726, 9.879065]",Koinadugu,SL0203,Fabala[SL0206],2021-07-01,OCHAfrom ctrylayers,"Assigned-code point falls outside its matched current polygon; destination is a crosswalk candidate, not an automatic transfer."
gb:SLE:ADM2:65957751B98964407864499,Koinadugu,SL0203,158090,Koba,"[-11.560236, 9.881033]",Koinadugu,SL0203,Fabala[SL0206],2021-07-01,OCHAfrom ctrylayers,"Assigned-code point falls outside its matched current polygon; destination is a crosswalk candidate, not an automatic transfer."
gb:SLE:ADM2:65957751B98964407864499,Koinadugu,SL0203,158265,Numula,"[-11.328097, 9.884376]",Koinadugu,SL0203,Fabala[SL0206],2021-07-01,OCHAfrom ctrylayers,"Assigned-code point falls outside its matched current polygon; destination is a crosswalk candidate, not an automatic transfer."
gb:SLE:ADM2:65957751B98964407864499,Koinadugu,SL0203,158270,Masafita,"[-11.709978, 9.886417]",Koinadugu,SL0203,Fabala[SL0206],2021-07-01,OCHAfrom ctrylayers,"Assigned-code point falls outside its matched current polygon; destination is a crosswalk candidate, not an automatic transfer."
gb:SLE:ADM2:65957751B98964407864499,Koinadugu,SL0203,158286,Momi,"[-11.385631, 9.889772]",Koinadugu,SL0203,Fabala[SL0206],2021-07-01,OCHAfrom ctrylayers,"Assigned-code point falls outside its matched current polygon; destination is a crosswalk candidate, not an automatic transfer."
gb:SLE:ADM2:65957751B98964407864499,Koinadugu,SL0203,158306,Wulumbu,"[-11.251298, 9.896085]",Koinadugu,SL0203,Fabala[SL0206],2021-07-01,OCHAfrom ctrylayers,"Assigned-code point falls outside its matched current polygon; destination is a crosswalk candidate, not an automatic transfer."
gb:SLE:ADM2:65957751B98964407864499,Koinadugu,SL0203,158307,Fusia,"[-11.331002, 9.89613]",Koinadugu,SL0203,Fabala[SL0206],2021-07-01,OCHAfrom ctrylayers,"Assigned-code point falls outside its matched current polygon; destination is a crosswalk candidate, not an automatic transfer."
gb:SLE:ADM2:65957751B98964407864499,Koinadugu,SL0203,158525,Wulumbu,"[-11.262206, 9.903116]",Koinadugu,SL0203,Fabala[SL0206],2021-07-01,OCHAfrom ctrylayers,"Assigned-code point falls outside its matched current polygon; destination is a crosswalk candidate, not an automatic transfer."
gb:SLE:ADM2:65957751B98964407864499,Koinadugu,SL0203,158526,Mangadantilia,"[-11.31543, 9.903388]",Koinadugu,SL0203,Fabala[SL0206],2021-07-01,OCHAfrom ctrylayers,"Assigned-code point falls outside its matched current polygon; destination is a crosswalk candidate, not an automatic transfer."
gb:SLE:ADM2:65957751B98964407864499,Koinadugu,SL0203,158543,Soron,"[-11.588227, 9.908534]",Koinadugu,SL0203,Fabala[SL0206],2021-07-01,OCHAfrom ctrylayers,"Assigned-code point falls outside its matched current polygon; destination is a crosswalk candidate, not an automatic transfer."
gb:SLE:ADM2:65957751B98964407864499,Koinadugu,SL0203,158550,Bindi,"[-11.445917, 9.913165]",Koinadugu,SL0203,Fabala[SL0206],2021-07-01,OCHAfrom ctrylayers,"Assigned-code point falls outside its matched current polygon; destination is a crosswalk candidate, not an automatic transfer."
gb:SLE:ADM2:65957751B98964407864499,Koinadugu,SL0203,158556,Sami,"[-11.724576, 9.916588]",Koinadugu,SL0203,Fabala[SL0206],2021-07-01,OCHAfrom ctrylayers,"Assigned-code point falls outside its matched current polygon; destination is a crosswalk candidate, not an automatic transfer."
gb:SLE:ADM2:65957751B98964407864499,Koinadugu,SL0203,158735,Filina,"[-11.670906, 9.920811]",Koinadugu,SL0203,Fabala[SL0206],2021-07-01,OCHAfrom ctrylayers,"Assigned-code point falls outside its matched current polygon; destination is a crosswalk candidate, not an automatic transfer."
gb:SLE:ADM2:65957751B98964407864499,Koinadugu,SL0203,158741,Banjuguya,"[-11.215745, 9.923441]",Koinadugu,SL0203,Fabala[SL0206],2021-07-01,OCHAfrom ctrylayers,"Assigned-code point falls outside its matched current polygon; destination is a crosswalk candidate, not an automatic transfer."
gb:SLE:ADM2:65957751B98964407864499,Koinadugu,SL0203,158742,Melebum,"[-11.333098, 9.923737]",Koinadugu,SL0203,Fabala[SL0206],2021-07-01,OCHAfrom ctrylayers,"Assigned-code point falls outside its matched current polygon; destination is a crosswalk candidate, not an automatic transfer."
gb:SLE:ADM2:65957751B98964407864499,Koinadugu,SL0203,158744,Kensuya,"[-11.267966, 9.924006]",Koinadugu,SL0203,Fabala[SL0206],2021-07-01,OCHAfrom ctrylayers,"Assigned-code point falls outside its matched current polygon; destination is a crosswalk candidate, not an automatic transfer."
gb:SLE:ADM2:65957751B98964407864499,Koinadugu,SL0203,158746,Kumidagi,"[-11.457314, 9.92507]",Koinadugu,SL0203,Fabala[SL0206],2021-07-01,OCHAfrom ctrylayers,"Assigned-code point falls outside its matched current polygon; destination is a crosswalk candidate, not an automatic transfer."
gb:SLE:ADM2:65957751B98964407864499,Koinadugu,SL0203,158748,Heremakono,"[-11.680056, 9.925318]",Koinadugu,SL0203,Fabala[SL0206],2021-07-01,OCHAfrom ctrylayers,"Assigned-code point falls outside its matched current polygon; destination is a crosswalk candidate, not an automatic transfer."
gb:SLE:ADM2:65957751B98964407864499,Koinadugu,SL0203,158754,Mesandankude,"[-11.186156, 9.927055]",Koinadugu,SL0203,Fabala[SL0206],2021-07-01,OCHAfrom ctrylayers,"Assigned-code point falls outside its matched current polygon; destination is a crosswalk candidate, not an automatic transfer."
gb:SLE:ADM2:65957751B98964407864499,Koinadugu,SL0203,158944,Mordia,"[-11.386449, 9.934036]",Koinadugu,SL0203,Fabala[SL0206],2021-07-01,OCHAfrom ctrylayers,"Assigned-code point falls outside its matched current polygon; destination is a crosswalk candidate, not an automatic transfer."
gb:SLE:ADM2:65957751B98964407864499,Koinadugu,SL0203,158945,Ganya,"[-11.284387, 9.934156]",Koinadugu,SL0203,Fabala[SL0206],2021-07-01,OCHAfrom ctrylayers,"Assigned-code point falls outside its matched current polygon; destination is a crosswalk candidate, not an automatic transfer."
gb:SLE:ADM2:65957751B98964407864499,Koinadugu,SL0203,158950,Kaliyereh,"[-11.284966, 9.934632]",Koinadugu,SL0203,Fabala[SL0206],2021-07-01,OCHAfrom ctrylayers,"Assigned-code point falls outside its matched current polygon; destination is a crosswalk candidate, not an automatic transfer."
gb:SLE:ADM2:65957751B98964407864499,Koinadugu,SL0203,158955,Sikidia,"[-11.18009, 9.935894]",Koinadugu,SL0203,Fabala[SL0206],2021-07-01,OCHAfrom ctrylayers,"Assigned-code point falls outside its matched current polygon; destination is a crosswalk candidate, not an automatic transfer."
gb:SLE:ADM2:65957751B98964407864499,Koinadugu,SL0203,158958,Konokude,"[-11.237764, 9.937835]",Koinadugu,SL0203,Fabala[SL0206],2021-07-01,OCHAfrom ctrylayers,"Assigned-code point falls outside its matched current polygon; destination is a crosswalk candidate, not an automatic transfer."
gb:SLE:ADM2:65957751B98964407864499,Koinadugu,SL0203,158961,Dansaia,"[-11.214123, 9.940093]",Koinadugu,SL0203,Fabala[SL0206],2021-07-01,OCHAfrom ctrylayers,"Assigned-code point falls outside its matched current polygon; destination is a crosswalk candidate, not an automatic transfer."
gb:SLE:ADM2:65957751B98964407864499,Koinadugu,SL0203,158965,Kalia,"[-11.743461, 9.941398]",Koinadugu,SL0203,Fabala[SL0206],2021-07-01,OCHAfrom ctrylayers,"Assigned-code point falls outside its matched current polygon; destination is a crosswalk candidate, not an automatic transfer."
gb:SLE:ADM2:65957751B98964407864499,Koinadugu,SL0203,158966,Gbentu,"[-11.644328, 9.941599]",Koinadugu,SL0203,Fabala[SL0206],2021-07-01,OCHAfrom ctrylayers,"Assigned-code point falls outside its matched current polygon; destination is a crosswalk candidate, not an automatic transfer."
gb:SLE:ADM2:65957751B98964407864499,Koinadugu,SL0203,158976,Kambitambaia,"[-11.343596, 9.9456]",Koinadugu,SL0203,Fabala[SL0206],2021-07-01,OCHAfrom ctrylayers,"Assigned-code point falls outside its matched current polygon; destination is a crosswalk candidate, not an automatic transfer."
gb:SLE:ADM2:65957751B98964407864499,Koinadugu,SL0203,159173,Kaso,"[-11.742353, 9.954837]",Koinadugu,SL0203,Fabala[SL0206],2021-07-01,OCHAfrom ctrylayers,"Assigned-code point falls outside its matched current polygon; destination is a crosswalk candidate, not an automatic transfer."
gb:SLE:ADM2:65957751B98964407864499,Koinadugu,SL0203,159175,Makaia,"[-11.346205, 9.956152]",Koinadugu,SL0203,Fabala[SL0206],2021-07-01,OCHAfrom ctrylayers,"Assigned-code point falls outside its matched current polygon; destination is a crosswalk candidate, not an automatic transfer."
gb:SLE:ADM2:65957751B98964407864499,Koinadugu,SL0203,159186,Sagalireh,"[-11.475936, 9.96123]",Koinadugu,SL0203,Fabala[SL0206],2021-07-01,OCHAfrom ctrylayers,"Assigned-code point falls outside its matched current polygon; destination is a crosswalk candidate, not an automatic transfer."
gb:SLE:ADM2:65957751B98964407864499,Koinadugu,SL0203,159197,Gbangan,"[-11.412416, 9.964412]",Koinadugu,SL0203,Fabala[SL0206],2021-07-01,OCHAfrom ctrylayers,"Assigned-code point falls outside its matched current polygon; destination is a crosswalk candidate, not an automatic transfer."
gb:SLE:ADM2:65957751B98964407864499,Koinadugu,SL0203,159401,Kaneia,"[-11.252652, 9.970272]",Koinadugu,SL0203,Fabala[SL0206],2021-07-01,OCHAfrom ctrylayers,"Assigned-code point falls outside its matched current polygon; destination is a crosswalk candidate, not an automatic transfer."
gb:SLE:ADM2:65957751B98964407864499,Koinadugu,SL0203,159403,Kaliyereh,"[-11.194093, 9.970641]",Koinadugu,SL0203,Fabala[SL0206],2021-07-01,OCHAfrom ctrylayers,"Assigned-code point falls outside its matched current polygon; destination is a crosswalk candidate, not an automatic transfer."
gb:SLE:ADM2:65957751B98964407864499,Koinadugu,SL0203,159409,Nomokoya,"[-11.399324, 9.973467]",Koinadugu,SL0203,Fabala[SL0206],2021-07-01,OCHAfrom ctrylayers,"Assigned-code point falls outside its matched current polygon; destination is a crosswalk candidate, not an automatic transfer."
gb:SLE:ADM2:65957751B98964407864499,Koinadugu,SL0203,159411,Fulamansa,"[-11.48771, 9.974486]",Koinadugu,SL0203,Fabala[SL0206],2021-07-01,OCHAfrom ctrylayers,"Assigned-code point falls outside its matched current polygon; destination is a crosswalk candidate, not an automatic transfer."
gb:SLE:ADM2:65957751B98964407864499,Koinadugu,SL0203,159412,Beyambu,"[-11.313728, 9.974628]",Koinadugu,SL0203,Fabala[SL0206],2021-07-01,OCHAfrom ctrylayers,"Assigned-code point falls outside its matched current polygon; destination is a crosswalk candidate, not an automatic transfer."
gb:SLE:ADM2:65957751B98964407864499,Koinadugu,SL0203,159415,,"[-11.280977, 9.974742]",Koinadugu,SL0203,Fabala[SL0206],2021-07-01,OCHAfrom ctrylayers,"Assigned-code point falls outside its matched current polygon; destination is a crosswalk candidate, not an automatic transfer."
gb:SLE:ADM2:65957751B98964407864499,Koinadugu,SL0203,159425,Kakaratamba,"[-11.266219, 9.97706]",Koinadugu,SL0203,Fabala[SL0206],2021-07-01,OCHAfrom ctrylayers,"Assigned-code point falls outside its matched current polygon; destination is a crosswalk candidate, not an automatic transfer."
gb:SLE:ADM2:65957751B98964407864499,Koinadugu,SL0203,159432,Konta,"[-11.310657, 9.980506]",Koinadugu,SL0203,Fabala[SL0206],2021-07-01,OCHAfrom ctrylayers,"Assigned-code point falls outside its matched current polygon; destination is a crosswalk candidate, not an automatic transfer."
gb:SLE:ADM2:65957751B98964407864499,Koinadugu,SL0203,159632,Simithia,"[-11.287602, 9.985069]",Koinadugu,SL0203,Fabala[SL0206],2021-07-01,OCHAfrom ctrylayers,"Assigned-code point falls outside its matched current polygon; destination is a crosswalk candidate, not an automatic transfer."
gb:SLE:ADM2:65957751B98964407864499,Koinadugu,SL0203,159633,Tomania,"[-11.391104, 9.985129]",Koinadugu,SL0203,Fabala[SL0206],2021-07-01,OCHAfrom ctrylayers,"Assigned-code point falls outside its matched current polygon; destination is a crosswalk candidate, not an automatic transfer."
gb:SLE:ADM2:65957751B98964407864499,Koinadugu,SL0203,159643,Dansadia,"[-11.231094, 9.99075]",Koinadugu,SL0203,Fabala[SL0206],2021-07-01,OCHAfrom ctrylayers,"Assigned-code point falls outside its matched current polygon; destination is a crosswalk candidate, not an automatic transfer."
gb:SLE:ADM2:65957751B98964407864499,Koinadugu,SL0203,159647,,"[-11.306679, 9.991838]",Koinadugu,SL0203,Fabala[SL0206],2021-07-01,OCHAfrom ctrylayers,"Assigned-code point falls outside its matched current polygon; destination is a crosswalk candidate, not an automatic transfer."
gb:SLE:ADM2:65957751B98964407864499,Koinadugu,SL0203,159648,Badembaia,"[-11.528593, 9.992192]",Koinadugu,SL0203,Fabala[SL0206],2021-07-01,OCHAfrom ctrylayers,"Assigned-code point falls outside its matched current polygon; destination is a crosswalk candidate, not an automatic transfer."
gb:SLE:ADM2:65957751B98964407864499,Koinadugu,SL0203,159657,Karimbu,"[-11.348765, 9.995786]",Koinadugu,SL0203,Fabala[SL0206],2021-07-01,OCHAfrom ctrylayers,"Assigned-code point falls outside its matched current polygon; destination is a crosswalk candidate, not an automatic transfer."
