{"type":"FeatureCollection","features":[{"type":"Feature","geometry":{"type":"Polygon","coordinates":[[[-85.127329000256282,31.762563000122888],[-85.127229999623765,31.762663000352791],[-85.127130000064653,31.762762999710855],[-85.126730000031586,31.762962999630375],[-85.126629999574135,31.762962999630375],[-85.126591000114402,31.763001999625441],[-85.126230000439378,31.763362999700341],[-85.12603000042283,31.763662999763763],[-85.125630000389748,31.764462999760884],[-85.12552999993234,31.764963000256763],[-85.125479999703614,31.765187000372528],[-85.125329999915778,31.765863000298374],[-85.125314999847177,31.765922999989879],[-85.12523000035668,31.766263000052902],[-85.12523000035668,31.767062999720618],[-85.125327000441047,31.767354000082825],[-85.125333000288848,31.767371999933435],[-85.12552999993234,31.767863000108907],[-85.125729999948859,31.768163000094205],[-85.126329999998489,31.768862999841041],[-85.126629999574135,31.769063000323403],[-85.127130000064653,31.769562999637884],[-85.127429999640313,31.769763000134539],[-85.128431000446241,31.770563000088643],[-85.128830999581012,31.770862999719931],[-85.129430999630628,31.771362999998388],[-85.129731000104599,31.771462999882566],[-85.130531000170762,31.772062999972338],[-85.130731000187311,31.772262999646589],[-85.131050999854452,31.772505000033728],[-85.131207000388372,31.772622999803541],[-85.132898999683889,31.773901999786041],[-85.134831000077256,31.775362999635462],[-85.136330999752147,31.776462999835353],[-85.137031000259199,31.776962999628189],[-85.138130999901023,31.777762999936634],[-85.138730999950639,31.778263000338292],[-85.13973100003335,31.779063000093181],[-85.140094000256497,31.779373999912064],[-85.140430999642064,31.779662999758976],[-85.140931000132596,31.780162999816014],[-85.14113000032421,31.780462999621786],[-85.141230999708242,31.780462999621786],[-85.14143099972479,31.780663000224365],[-85.14173100019876,31.781163000220246],[-85.141830999757872,31.781263000200454],[-85.141931000215294,31.78196300008867],[-85.141875999963716,31.782180999761579],[-85.141830999757872,31.78236299971838],[-85.141331000165678,31.783162999896067],[-85.141030999691694,31.783462999896464],[-85.140430999642064,31.784262999720728],[-85.140030999608996,31.784663000091726],[-85.139758999622444,31.78493500027189],[-85.139231000441143,31.785463000224031],[-85.138730999950639,31.786063000362393],[-85.137930999884475,31.787063000339831],[-85.137631000308829,31.787563000090444],[-85.13716199978046,31.788313000373083],[-85.137130999818297,31.788363000328332],[-85.136815000349131,31.788679000000176],[-85.136530999768681,31.788962999972483],[-85.135431000126871,31.790063000277943],[-85.135323000171823,31.790171000301996],[-85.134831000077256,31.790663000342068],[-85.13333100040235,31.791963000101507],[-85.132931000369254,31.792362999990864],[-85.13243099987875,31.793462000087079],[-85.132331000319638,31.79416200000383],[-85.132230999862202,31.795162000178173],[-85.132331000319638,31.795962000315466],[-85.132630999895284,31.797061999791168],[-85.13273100035272,31.797662000233668],[-85.132830999911846,31.798862000121265],[-85.132630999895284,31.799562000367345],[-85.132513999719421,31.80037600031357],[-85.13243099987875,31.800962000221524],[-85.132334999619275,31.801440999890058],[-85.132331000319638,31.801462000373345],[-85.132337000167411,31.801532999790744],[-85.13243099987875,31.802562000039931],[-85.132531000336172,31.803261999741846],[-85.13273100035272,31.804862000195342],[-85.132830999911846,31.805662000337943],[-85.132923999798237,31.80714399984835],[-85.132931000369254,31.807261999690056],[-85.132931000369254,31.808061999662442],[-85.132630999895284,31.809761999884387],[-85.132331000319638,31.81056200034476],[-85.13183099982912,31.812162000327397],[-85.131531000253474,31.813061999779297],[-85.131331000236926,31.814661999966582],[-85.131230999779504,31.815261999856286],[-85.131230999779504,31.816761999701459],[-85.131331000236926,31.817561999834542],[-85.13162400013988,31.818516000321974],[-85.131731000270008,31.818861999772359],[-85.132129999579874,31.819527000321713],[-85.132331000319638,31.819861999777366],[-85.133131000385802,31.820962000174173],[-85.133430999961462,31.821361999706291],[-85.133630999977996,31.82166200012642],[-85.134031000011092,31.822161999678194],[-85.134487000120657,31.824715999979837],[-85.134530999603271,31.824961999947185],[-85.133630999977996,31.826061999880341],[-85.133230999944914,31.826262000264084],[-85.13213100030309,31.82666199973152],[-85.131931000286556,31.827061999755582],[-85.132106000188742,31.827851999958256],[-85.13213100030309,31.827961999769091],[-85.132531000336172,31.828462000309969],[-85.133731000435418,31.829462000135724],[-85.134530999603271,31.829862000238062],[-85.135195000125321,31.830146000319374],[-85.135930999719051,31.830461999812691],[-85.136431000209583,31.830862000160696],[-85.137231000275747,31.831561999842091],[-85.137730999867927,31.8321619998137],[-85.138831000408075,31.833561000312216],[-85.139231000441143,31.834161000262277],[-85.140030999608996,31.835461000000159],[-85.140230999625544,31.836060999807895],[-85.140376000288811,31.836329999762636],[-85.140931000132596,31.837361000253694],[-85.141109000407809,31.837598999885298],[-85.141230999708242,31.837760999700233],[-85.141346000234279,31.838047999865942],[-85.141727999825704,31.83900299977093],[-85.141830999757872,31.839261000306042],[-85.141830999757872,31.839860999825667],[-85.141331000165678,31.841061000132871],[-85.140931000132596,31.841560999915213],[-85.140030999608996,31.84226100009478],[-85.139630999575914,31.842761000241779],[-85.138730999950639,31.843660999782312],[-85.138330999917542,31.84416099997263],[-85.137930999884475,31.845160999854144],[-85.137730999867927,31.845861000189025],[-85.137730999867927,31.847361000351984],[-85.137730999867927,31.848061000016255],[-85.137631000308829,31.849361000014767],[-85.137730999867927,31.849961000232003],[-85.138031000341897,31.851261999749291],[-85.138330999917542,31.851960999980481],[-85.138941999837826,31.852921999807961],[-85.139031000424609,31.853061000087092],[-85.13943099955938,31.853461000132945],[-85.139830999592448,31.85446099990547],[-85.140230999625544,31.855260999850913],[-85.140630999658626,31.856660999840571],[-85.140731000116034,31.857460999773863],[-85.14048699971859,31.85798900021544],[-85.140223999952838,31.858559000098602],[-85.140131000066418,31.858761000025371],[-85.139630999575914,31.859260999995339],[-85.138730999950639,31.859860999889673],[-85.138231000358445,31.860061000258352],[-85.137431000292267,31.860661000287021],[-85.137031000259199,31.861261000225642],[-85.136231000193021,31.862060999918587],[-85.135831000159953,31.862460999832017],[-85.135431000126871,31.863560999799738],[-85.135231000110338,31.864261000088771],[-85.134831000077256,31.865461000314767],[-85.134730999619805,31.866261000178444],[-85.134631000060708,31.867360999810973],[-85.13443100004416,31.868061000232199],[-85.133930999553641,31.869460999619804],[-85.133731000435418,31.870061000257969],[-85.133030999928366,31.871260999732606],[-85.132630999895284,31.871760999797022],[-85.131630999812586,31.872760000056168],[-85.131131000220392,31.873260000378593],[-85.13043099971334,31.874359999624136],[-85.130131000137681,31.874760000324308],[-85.129931000121147,31.875060000282023],[-85.129779999610093,31.875160000050862],[-85.129630999647176,31.875259999711179],[-85.129331000071517,31.87576000019898],[-85.129230999614094,31.875959999634382],[-85.128830999581012,31.876360000254074],[-85.128796000319213,31.876428999872616],[-85.128731000021901,31.87655999991275],[-85.128614999670944,31.876948000056746],[-85.128505999891004,31.877309999724311],[-85.128474999928869,31.877412000246235],[-85.128431000446241,31.877560000084738],[-85.128431000446241,31.878159999860021],[-85.128431000446241,31.879060000205872],[-85.128431000446241,31.879660000128627],[-85.128698000409941,31.880728999664523],[-85.128731000021901,31.880859999692763],[-85.128796000319213,31.881032000116598],[-85.128951999954836,31.881449999816862],[-85.129030999597546,31.881660000125645],[-85.129331000071517,31.88245999971306],[-85.129731000104599,31.883259999980311],[-85.129751000196094,31.883310999631171],[-85.129829000013899,31.883484000060989],[-85.129842000432674,31.883513000229112],[-85.130531000170762,31.884960000074994],[-85.130731000187311,31.885260000379198],[-85.131430999796038,31.886359999744904],[-85.131630999812586,31.886760000209371],[-85.132531000336172,31.887760000253145],[-85.132931000369254,31.88826000001686],[-85.133731000435418,31.889559999816765],[-85.134031000011092,31.890159999988548],[-85.134330999586737,31.891059999780534],[-85.134330999586737,31.891408000026583],[-85.134330999586737,31.891459999661155],[-85.134318000066258,31.89150399991567],[-85.134130999570189,31.892160000037979],[-85.13383099999453,31.892459999769034],[-85.13333100040235,31.89285999966955],[-85.132931000369254,31.893060000112211],[-85.13243099987875,31.89295999994518],[-85.131931000286556,31.89295999994518],[-85.131331000236926,31.893060000112211],[-85.131030999762956,31.893060000112211],[-85.130230999696792,31.893060000112211],[-85.129630999647176,31.893060000112211],[-85.128330999988819,31.893060000112211],[-85.127930999955737,31.893060000112211],[-85.126330999823409,31.89295999994518],[-85.125831000231202,31.89295999994518],[-85.125231000181572,31.89295999994518],[-85.124930999707615,31.892809999872338],[-85.123930999624918,31.892760000048025],[-85.121131000291641,31.893260000120446],[-85.120931000275121,31.893260000120446],[-85.120630999801151,31.89335999996171],[-85.119931000192395,31.893260000120446],[-85.119030999668809,31.893160000170631],[-85.118331000060081,31.893060000112211],[-85.11763399992607,31.892973000209459],[-85.117530999993917,31.89295999994518],[-85.117031000401724,31.89285999966955],[-85.116031000319012,31.89295999994518],[-85.115031000236314,31.893060000112211],[-85.115011000144818,31.893066000286606],[-85.114031000153588,31.89335999996171],[-85.113130999630002,31.893859999826706],[-85.112530999580372,31.894360000027202],[-85.112030000163273,31.894760000062981],[-85.111630000130205,31.895159999886324],[-85.111230000097109,31.895659999891038],[-85.110878999569536,31.896361000235476],[-85.110830000064027,31.896459999894226],[-85.110630000047493,31.896859999958259],[-85.110830000064027,31.89755999970162],[-85.111030000080575,31.898460000375589],[-85.111329999656235,31.899359999877028],[-85.111531000395999,31.89985999995007],[-85.111830999971659,31.900559999760414],[-85.112131000445615,31.901260000348518],[-85.112231000004726,31.902059999731641],[-85.112231000004726,31.902760000351524],[-85.112030999988193,31.90326000025853],[-85.111531000395999,31.903559999661557],[-85.110929999623139,31.903759999737101],[-85.110029999997863,31.90386000037455],[-85.108829999898617,31.904059999798186],[-85.108229999849002,31.904260000312433],[-85.108029999832468,31.904560000268912],[-85.108029999832468,31.905160000298523],[-85.108229999849002,31.905760000229421],[-85.108429999865535,31.906259999852683],[-85.108730000339506,31.906759999809829],[-85.109130000372588,31.90716000010724],[-85.109629999964781,31.907759999962455],[-85.109829999981329,31.908059999948168],[-85.111830999971659,31.909259000297975],[-85.112730999596934,31.909859000193215],[-85.113031000070904,31.910358999659152],[-85.113130999630002,31.910959000007086],[-85.113231000087438,31.911559000255238],[-85.113130999630002,31.911859000055834],[-85.112730999596934,31.912158999640877],[-85.112030999988193,31.91255900010766],[-85.111531000395999,31.913059000152014],[-85.111131000362917,31.913259000171429],[-85.110630999872413,31.913259000171429],[-85.110230999839317,31.91355899976665],[-85.109731000247137,31.913959000246994],[-85.109130000372588,31.914358999750693],[-85.108530000322972,31.914459000308028],[-85.10782999981592,31.914558999994195],[-85.10722999976629,31.914758999802842],[-85.106629999716674,31.915158999640806],[-85.10613000012448,31.915659000042602],[-85.105629999633948,31.916058999779867],[-85.104829999567798,31.916359000157083],[-85.103929999942522,31.916659000318482],[-85.103230000333781,31.916959000263944],[-85.102430000267631,31.917358999686055],[-85.101729999760565,31.917959000132839],[-85.101329999727497,31.918659000282574],[-85.101030000151837,31.919658999969847],[-85.100729999677867,31.920858999730516],[-85.100630000118755,31.921958999926705],[-85.100430000102222,31.923159000177204],[-85.100230000085659,31.924058999810978],[-85.099929999611689,31.924659000010699],[-85.099529999578621,31.925259000107928],[-85.098930000427316,31.925758999739916],[-85.09822999992025,31.926258999702988],[-85.0974299998541,31.926559000358186],[-85.096629999787922,31.926859000034625],[-85.095629999705238,31.927159000257191],[-85.094629999622512,31.927459000263365],[-85.093630000438125,31.927858999765625],[-85.092529999897991,31.928358999746088],[-85.091830000289264,31.928859000057265],[-85.091230000239634,31.929358999936664],[-85.090529999732567,31.930158999729937],[-85.090129999699499,31.930959000186164],[-85.089630000107292,31.931959000306513],[-85.089030000057676,31.932759000347485],[-85.088430000008046,31.933559000288209],[-85.087930000415867,31.93435900012831],[-85.0872299999088,31.935158999867578],[-85.08642999984265,31.93595900026817],[-85.085429999759938,31.936758999804937],[-85.084730000151197,31.937359000224625],[-85.083629999611077,31.937859000377752],[-85.082529999969253,31.938359000097908],[-85.08143000032743,31.938859000147414],[-85.079830000195102,31.939558999763527],[-85.078929999671516,31.940159000200659],[-85.078729999654982,31.94085899982559],[-85.078929999671516,31.941459000161014],[-85.079329999704598,31.941858999733032],[-85.07972999973768,31.942058999628458],[-85.08032999978731,31.94255900013076],[-85.08032999978731,31.9426589997523],[-85.082129999936171,31.944657999719009],[-85.082430000410142,31.945358000139194],[-85.082529999969253,31.945958000066405],[-85.082729999985787,31.946758000226914],[-85.082930000002335,31.947657999799496],[-85.083229999577995,31.948358000232314],[-85.083429999594529,31.948957999625254],[-85.083629999611077,31.949758000342971],[-85.083829999627625,31.950558000192235],[-85.083930000085033,31.951357999935077],[-85.084029999644159,31.951858000142987],[-85.084130000101581,31.952458000306372],[-85.084229999660693,31.953058000361899],[-85.084330000118129,31.953658000309439],[-85.084429999677241,31.954058000129702],[-85.084730000151197,31.954657999642929],[-85.085130000184279,31.955257999810005],[-85.085629999776486,31.955857999868712],[-85.086029999809554,31.956457999818834],[-85.086530000300073,31.957158000269054],[-85.086829999875732,31.957758000110669],[-85.086829999875732,31.958457999798828],[-85.086730000316621,31.959158000248873],[-85.086330000283525,31.95995799978289],[-85.085730000233909,31.960757999969292],[-85.085361000162976,31.961072999688014],[-85.085029999726871,31.961357999917887],[-85.084530000134663,31.961757999738062],[-85.084029999644159,31.962058000365055],[-85.083229999577995,31.962458000184569],[-85.082329999952705,31.962658000203096],[-85.081529999886556,31.96285799978595],[-85.079830000195102,31.96305799969533],[-85.078430000079322,31.963357999885783],[-85.077029999963543,31.963558000230393],[-85.075330000272089,31.963858000311475],[-85.073930000156295,31.964158000174574],[-85.072330000023968,31.964758000008619],[-85.071030000365624,31.965257999669667],[-85.070230000299446,31.965658000029251],[-85.06932999977586,31.966158000123908],[-85.068429000325665,31.966857999797146],[-85.067829000276035,31.967358000215533],[-85.067328999785545,31.968257999898327],[-85.066928999752449,31.968958000325749],[-85.066728999735915,31.969558000036553],[-85.066429000160269,31.970157999636193],[-85.066229000143721,31.970557999984809],[-85.065928999669751,31.971157999906907],[-85.065928999669751,31.971657999767334],[-85.065928999669751,31.972458000128032],[-85.066128999686299,31.97325800037466],[-85.066429000160269,31.973858000175106],[-85.066829000193351,31.974758000141907],[-85.067328999785545,31.975358000043038],[-85.067728999818627,31.975757999830098],[-85.068129999676614,31.976358000052031],[-85.068630000167133,31.976857999780567],[-85.069230000216763,31.977357999833128],[-85.06963000024983,31.977858000209519],[-85.069929999825476,31.978358000147786],[-85.070129999842038,31.978757999813361],[-85.070329999858558,31.979158000021361],[-85.070329999858558,31.97945800017618],[-85.070329999858558,31.979657999734478],[-85.070830000349076,31.980957999954114],[-85.070929999908188,31.981658000298093],[-85.070830000349076,31.982156999647327],[-85.070630000332528,31.98285699998787],[-85.070329999858558,31.983357000118176],[-85.069929999825476,31.983957000182848],[-85.069430000233282,31.984656999743827],[-85.068929999742792,31.985357000059548],[-85.068529999709696,31.986057000367953],[-85.068329999693162,31.986756999906845],[-85.068230000134037,31.987457000199957],[-85.068129999676614,31.988357000129714],[-85.068129999676614,31.989156999681086],[-85.068230000134037,31.989756999908934],[-85.068230000134037,31.990557000202877],[-85.068230000134037,31.991156999653995],[-85.068230000134037,31.991556999901192],[-85.068230000134037,31.991657000261842],[-85.068230000134037,31.99175699975158],[-85.068230000134037,31.991856999894186],[-85.068230000134037,31.991956999927812],[-85.068230000134037,31.992056999852345],[-85.068329999693162,31.992156999667873],[-85.068230000134037,31.992356999733726],[-85.068230000134037,31.992557000125306],[-85.068230000134037,31.992657000157582],[-85.068129999676614,31.992856999895036],[-85.068129999676614,31.993056999958203],[-85.068030000117517,31.993357000378076],[-85.067929999660066,31.993557000112872],[-85.067830000100955,31.993856999659073],[-85.067729999643532,31.99395699979771],[-85.067729999643532,31.994156999747815],[-85.067630000084421,31.994457000378841],[-85.067529999626984,31.994657000000444],[-85.067430000067887,31.995057000220708],[-85.067430000067887,31.995257000057585],[-85.06732999961045,31.995557000137765],[-85.067129999593902,31.995957000241912],[-85.066830000018243,31.996557000174121],[-85.066630000001709,31.997257000339392],[-85.066429999985175,31.997756999689202],[-85.065281999764451,32.000157000365768],[-85.064543999622572,32.002487999712308],[-85.063440999607721,32.004139999641311],[-85.058374999970255,32.008389999896927],[-85.055075000146488,32.010713999891266],[-85.053814999772797,32.013502000160159],[-85.054627000432831,32.015786000224146],[-85.055307999774996,32.017752999786381],[-85.054962999993506,32.0187450002215],[-85.053669000182907,32.020661999925359],[-85.051202000037264,32.020666000073462],[-85.049006999878188,32.021178000078059],[-85.04882500030331,32.021700999789843],[-85.048841000196845,32.022215000143582],[-85.048866000311207,32.023006999699142],[-85.0502120000003,32.024196000282721],[-85.052633999940113,32.025733000292057],[-85.054241999570039,32.026654000138244],[-85.055217000436727,32.027213000102606],[-85.056252999606116,32.028336000225387],[-85.057123999817392,32.029919000183561],[-85.057768000247947,32.031815000115216],[-85.058034000386712,32.033605999977276],[-85.056933999846578,32.03435399966564],[-85.054993000130722,32.035100000338822],[-85.053531999915577,32.035952000267677],[-85.053468000341468,32.037823000130516],[-85.054151000231769,32.039323999815572],[-85.055229999957177,32.040755999682517],[-85.055629999990273,32.041155999739765],[-85.056129999582453,32.041656000209088],[-85.056729999632083,32.042256000213342],[-85.057030000106053,32.042554999704215],[-85.057529999698247,32.043055999939469],[-85.057830000172217,32.043455999845776],[-85.058030000188765,32.043755999770667],[-85.058030000188765,32.044054999692158],[-85.058030000188765,32.044254999965446],[-85.058030000188765,32.044556000093664],[-85.058129999747862,32.044655999737593],[-85.058129999747862,32.044956000298214],[-85.058329999764425,32.045156000125729],[-85.058430000221833,32.045455999809029],[-85.058529999780944,32.045755000268869],[-85.058729999797492,32.046355999812207],[-85.058830000254929,32.046656000130952],[-85.058830000254929,32.046956000227809],[-85.058729999797492,32.047454999728565],[-85.058630000238395,32.048056000291673],[-85.058329999764425,32.04875500022505],[-85.058030000188765,32.04955599997642],[-85.057729999714795,32.050155999971345],[-85.057430000139149,32.051254000237051],[-85.057230000122587,32.052155000021244],[-85.057030000106053,32.052654999794655],[-85.056830000089519,32.053054999625864],[-85.056630000072971,32.054155000233763],[-85.056630000072971,32.055054999962273],[-85.056529999615549,32.055954000322558],[-85.056430000056423,32.057154999669187],[-85.056430000056423,32.058055000341092],[-85.056630000072971,32.058754000027875],[-85.056729999632083,32.059254999899366],[-85.056830000089519,32.059754999701042],[-85.056729999632083,32.060354999814514],[-85.056529999615549,32.061054999794678],[-85.056329999599001,32.061953999816375],[-85.056129999582453,32.062754999740449],[-85.055929999565933,32.063055000347212],[-85.05602900019845,32.063055000347212],[-85.054178999820863,32.067984999695604],[-85.054084000284632,32.070209999706123],[-85.054222000376868,32.070912000123641],[-85.054290999973858,32.07098500003228],[-85.05486199971115,32.071638000189033],[-85.055491000073104,32.072657000025572],[-85.055813000288367,32.074439000314086],[-85.054056999622105,32.077902999720145],[-85.053232000339918,32.080603999892752],[-85.051161000029396,32.082526999639661],[-85.048982999588759,32.083062999706677],[-85.046851999902074,32.083784000160989],[-85.044761000398395,32.085835999764342],[-85.045062999623866,32.088063000039476],[-85.045937000208198,32.08914500032914],[-85.047692999976135,32.09190699979397],[-85.049550000026414,32.09536200019641],[-85.050294000016081,32.097927999821685],[-85.051686999560857,32.101518999923798],[-85.053402000219236,32.104843999716323],[-85.053777000137956,32.107684000374086],[-85.055045000009258,32.113669999779773],[-85.057194000137571,32.119559999878838],[-85.0591800000593,32.125151999915069],[-85.059159999967804,32.125255000144563],[-85.059422999733542,32.125885999825286],[-85.059704999765842,32.126403999918722],[-85.060073000011883,32.126970000139437],[-85.060374000310773,32.127408000056327],[-85.06069499980282,32.127860999868837],[-85.06094900024604,32.128281999664829],[-85.061334000210493,32.129163999966693],[-85.061540000074814,32.129671999843296],[-85.06167099959606,32.130086000157611],[-85.061914000168628,32.130902000039185],[-85.06203499964414,32.131564999893712],[-85.062060999583409,32.132080999774644],[-85.062059999758503,32.132485999826052],[-85.061906999597625,32.13286300020205],[-85.061601000174193,32.133411999696364],[-85.061144000239707,32.134065000182595],[-85.060554000235825,32.134675999635689],[-85.060002999691676,32.135125999712074],[-85.059395000144448,32.135567999715228],[-85.058749000064068,32.13601799995503],[-85.05840699975731,32.136201000162949],[-85.057466000124165,32.136803000205973],[-85.056895000386845,32.13714099977981],[-85.056307000032788,32.137500999721716],[-85.055547000149588,32.137797000266012],[-85.054931000206452,32.138004999991573],[-85.054248000316136,32.138188000016065],[-85.053536000113539,32.138516999635456],[-85.052833000131741,32.138868999624968],[-85.052471999558406,32.139053999965135],[-85.052044999761137,32.13939800036465],[-85.052014999623921,32.139418999741167],[-85.051934000331372,32.13947600008904],[-85.051560000237572,32.139736000209872],[-85.051037000180841,32.140137999745072],[-85.050362999613057,32.140538000055365],[-85.049811999967233,32.140844000032509],[-85.049684999745622,32.140905999947513],[-85.049355999857653,32.141067000241527],[-85.04904500041134,32.141244000288658],[-85.048776999724424,32.141396000123784],[-85.048130999644044,32.141862999913641],[-85.047865000403576,32.14203200036885],[-85.047503999830255,32.142263000263846],[-85.046886000237279,32.14271300017689],[-85.04614499972233,32.143275999716295],[-85.045988000261815,32.143412999768707],[-85.045593000251614,32.143757999910569],[-85.045401999557583,32.143983999708105],[-85.045079000415726,32.144370000045917],[-85.044630999803744,32.144941000077218],[-85.044297999717813,32.14541499980465],[-85.044070000112157,32.145718000337084],[-85.043916000126387,32.145923999873098],[-85.043516000093319,32.146495000060206],[-85.043029999846496,32.147059000001946],[-85.042526000056341,32.147580999954236],[-85.041955000319049,32.148143999858767],[-85.041421000391651,32.148853000235299],[-85.041096999628238,32.149319999861319],[-85.040764000440618,32.149633000304199],[-85.040182999759253,32.150439000361317],[-85.03971599977902,32.151130999669242],[-85.038744000183712,32.152265000260471],[-85.038211000081247,32.152810999738897],[-85.03766899975794,32.153277999622958],[-85.036585000009651,32.154121000010058],[-85.035188000266913,32.155245999892067],[-85.035092000007452,32.155327000004789],[-85.0344839995619,32.155799999647904],[-85.033988999992573,32.156348000153962],[-85.033484000377513,32.156927000235513],[-85.03291199991699,32.157788999925593],[-85.032338999631534,32.158690000208487],[-85.031594999641868,32.159874999838223],[-85.030869999918778,32.160929000023657],[-85.030335999991379,32.161726999691162],[-85.029716999675188,32.162482999693715],[-85.028991999952098,32.163416999848756],[-85.028172999619358,32.164317999997067],[-85.027344999964114,32.165259000187881],[-85.026583000431089,32.166102999977475],[-85.025868999680327,32.166731000020057],[-85.024937000268011,32.167540999998081],[-85.024023000399026,32.168345999905085],[-85.02318700034786,32.169004999975499],[-85.022425999741429,32.169607000119356],[-85.021941000217865,32.169928000247246],[-85.020572000064192,32.170899000003843],[-85.018906999634552,32.172095000201871],[-85.018183999561273,32.172665999908212],[-85.017622999869715,32.173083000091331],[-85.017220000361903,32.173405000022285],[-85.017079999721503,32.173516000341522],[-85.016556999664772,32.174071999788154],[-85.016222999753936,32.174480999855007],[-85.015775000040279,32.175102000086945],[-85.015431000083694,32.175608999626895],[-85.015077999906268,32.176189000342305],[-85.014647999735956,32.176882000123769],[-85.014123999854306,32.177655000144561],[-85.01375999980624,32.17829899999267],[-85.013445999986885,32.178694000198618],[-85.013065000220365,32.179111999976826],[-85.012599000065052,32.179497999795942],[-85.012209000077718,32.179802999929699],[-85.011638000340398,32.18023600016226],[-85.011266999721329,32.180493000151785],[-85.011203999972125,32.180532000305675],[-85.010896000000571,32.180726000257856],[-85.010459000157553,32.180973999869181],[-85.010079000215953,32.181199000333073],[-85.009613000060639,32.181455000086736],[-85.009223999898211,32.181646000203344],[-85.008530999962176,32.181903000014543],[-85.007800000391299,32.182101000013368],[-85.006272000228989,32.182426000114738],[-85.005523000216456,32.18253600029562],[-85.004754999937347,32.182597000193567],[-85.003938999977649,32.182712999637339],[-85.002686999999867,32.182798000315721],[-85.001407000432991,32.182938000365624],[-85.000533999673578,32.183086999747772],[-84.999928999601082,32.183300999709395],[-84.999228999992354,32.183751999757867],[-84.998129000350531,32.184150999713211],[-84.996929000251285,32.184550999965396],[-84.995929000168587,32.18485200009296],[-84.994828999628453,32.185152000227589],[-84.994028999562275,32.185451000379146],[-84.993528999970096,32.185650999769635],[-84.99262900034482,32.185952000061555],[-84.992528999887369,32.185952000061555],[-84.992429000328258,32.185952000061555],[-84.990429000162848,32.186751999707546],[-84.990128999688878,32.186852000309315],[-84.98942900008015,32.186951000302713],[-84.988528999556564,32.187151000199016],[-84.987929000405245,32.187350999655877],[-84.987428999914741,32.187452000092691],[-84.986929000322533,32.187651999648445],[-84.985929000239835,32.188051999722518],[-84.984428999666619,32.188450999837464],[-84.983129000008262,32.18885100020168],[-84.982248999576157,32.189145000276035],[-84.98162799961014,32.189352000177593],[-84.980327999951768,32.189751999623248],[-84.979228000309959,32.190052000334603],[-84.978428000243795,32.19025200025952],[-84.978028000210713,32.19035100035623],[-84.977828000194165,32.190451999744987],[-84.977028000128001,32.190550999624143],[-84.976228000061838,32.190751999669544],[-84.975727999571333,32.190851999678067],[-84.975027999962592,32.191052000125744],[-84.974427999912976,32.191252000133936],[-84.973728000304234,32.191551999702313],[-84.9735280002877,32.191650999905441],[-84.973027999797196,32.191952000122619],[-84.972427999747566,32.192251999664329],[-84.97182799969795,32.192551999737489],[-84.971427999664854,32.192752000250515],[-84.971027999631772,32.192852000342242],[-84.970427999582142,32.193151000287862],[-84.969828000430837,32.193452000105346],[-84.969228000381221,32.193752000023885],[-84.969127999923799,32.193851999777024],[-84.968228000298524,32.19405199971375],[-84.967828000265428,32.19405199971375],[-84.967628000248894,32.19405199971375],[-84.967428000232346,32.193952000180374],[-84.967127999758375,32.193851999777024],[-84.96682800018273,32.193952000180374],[-84.9662280001331,32.194251999971144],[-84.965727999642596,32.194552000293264],[-84.965228000050388,32.19475200021202],[-84.965127999592966,32.194850999974967],[-84.965028000033854,32.194850999974967],[-84.96482800001732,32.194951999691227],[-84.96482800001732,32.195050999996738],[-84.964628000000758,32.195152000251234],[-84.964628000000758,32.195251999986318],[-84.963928000392045,32.195752000054149],[-84.963728000375482,32.195851999890046],[-84.963627999918074,32.196051999992434],[-84.963528000358963,32.196150999861445],[-84.963427999901512,32.196351000066848],[-84.963427999901512,32.196550999832624],[-84.963128000325867,32.196951999954521],[-84.963027999868444,32.197051999992063],[-84.962728000292799,32.197251999737482],[-84.962528000276237,32.197552000051751],[-84.962227999802266,32.197850999758387],[-84.962027999785747,32.198151000378246],[-84.961780999913529,32.198480999765586],[-84.961728000210087,32.198550999919448],[-84.961728000210087,32.198650000110298],[-84.961728000210087,32.198751000170887],[-84.961892000241633,32.19957199977803],[-84.961928000226621,32.199751000154933],[-84.962227999802266,32.200050999831298],[-84.962328000259717,32.200549999785281],[-84.962427999818829,32.200851000213468],[-84.962528000276237,32.201050999969993],[-84.962728000292799,32.201551000098426],[-84.962958000446548,32.201872999681193],[-84.96314000002144,32.202128000248869],[-84.963227999884992,32.202250000348208],[-84.964027999951142,32.203050999958762],[-84.964628000000758,32.20355000018111],[-84.965228000050388,32.203950999861384],[-84.966028000116566,32.204150999644078],[-84.966927999741841,32.204451000013876],[-84.967828000265428,32.204451000013876],[-84.96882800034814,32.204451000013876],[-84.96942800039777,32.204451000013876],[-84.970028000447385,32.204350999747156],[-84.970627999598705,32.204150999644078],[-84.971627999681388,32.203750000085236],[-84.97232800018844,32.20355000018111],[-84.972770999879231,32.203402999967366],[-84.97292800023807,32.203349999837243],[-84.972976999743551,32.203349999837243],[-84.973128000254604,32.203349999837243],[-84.973427999830264,32.203349999837243],[-84.97402799987988,32.203451000001245],[-84.974427999912976,32.20355000018111],[-84.97462799992951,32.203651000123067],[-84.974928000403466,32.203750000085236],[-84.975227999979126,32.204050999807698],[-84.975527999554799,32.204350999747156],[-84.976028000045304,32.204651000217503],[-84.976428000078371,32.205049999766139],[-84.976927999670579,32.205551000252953],[-84.977127999687113,32.205751000318386],[-84.977628000177617,32.206250999698362],[-84.978029000035619,32.206450999744938],[-84.978429000068715,32.206749999849549],[-84.979029000118331,32.207150999865334],[-84.97932899969399,32.207251000094296],[-84.979829000184495,32.207451000222363],[-84.98012899976014,32.207650999910655],[-84.980229000217577,32.207751000350022],[-84.980328999776688,32.208049999981647],[-84.980429000234111,32.208450000084717],[-84.980429000234111,32.20885100020655],[-84.980429000234111,32.209451000117944],[-84.980229000217577,32.210050999871576],[-84.980029000201029,32.210550999936132],[-84.979829000184495,32.211050000058556],[-84.979528999710524,32.211449999888607],[-84.978728999644375,32.212549999850388],[-84.978328999611279,32.212949999923303],[-84.97752900044344,32.213950999830047],[-84.977028999952921,32.214551000296247],[-84.976129000327646,32.215351000079622],[-84.975227999979126,32.216250999878163],[-84.974227999896428,32.216950999811623],[-84.973328000271152,32.217650000275107],[-84.972128000171907,32.218251000047658],[-84.970827999615224,32.218851000259676],[-84.969927999989949,32.219050999957119],[-84.969028000364673,32.219250999974548],[-84.968127999841087,32.219350999818296],[-84.967527999791457,32.219350999818296],[-84.967428000232346,32.219350999818296],[-84.965228000050388,32.21894999963672],[-84.963728000375482,32.2186510001223],[-84.962528000276237,32.218351000231301],[-84.962027999785747,32.218251000047658],[-84.961427999736117,32.218051000110428],[-84.960427999653405,32.217951000356777],[-84.959400999806519,32.217856999925743],[-84.95817300011818,32.217853000050738],[-84.957727999879253,32.217850999733194],[-84.956327999763474,32.217850999733194],[-84.955228000121664,32.217951000356777],[-84.954428000055486,32.217951000356777],[-84.953627999989322,32.218051000110428],[-84.952827999923173,32.218251000047658],[-84.951627999823927,32.218351000231301],[-84.950227999708133,32.218451000304952],[-84.949451000106492,32.218511000296346],[-84.948928000049762,32.218550000117524],[-84.947828000407952,32.218451000304952],[-84.94682800032524,32.218451000304952],[-84.945527999768572,32.218251000047658],[-84.944727999702408,32.218150999754037],[-84.943684999962002,32.218054999976665],[-84.943628000060599,32.218051000110428],[-84.942728000435324,32.217951000356777],[-84.942128000385694,32.217951000356777],[-84.942072000309196,32.217951000356777],[-84.94132800031953,32.217951000356777],[-84.940328000236818,32.217951000356777],[-84.939857000058623,32.217951000356777],[-84.93932800015412,32.217951000356777],[-84.938026999772532,32.218051000110428],[-84.93702699968982,32.218150999754037],[-84.935527000014929,32.218351000231301],[-84.933726999866053,32.2186510001223],[-84.932126999733725,32.218851000259676],[-84.930726999617931,32.21894999963672],[-84.93032699958485,32.219050999957119],[-84.930126999568316,32.219050999957119],[-84.929527000416996,32.219250999974548],[-84.928927000367366,32.219550999935763],[-84.928226999860328,32.219850999667059],[-84.927727000268121,32.220250000169756],[-84.926727000185437,32.220750999761059],[-84.925727000102725,32.221351000193671],[-84.925426999628755,32.221550000353083],[-84.925026999595673,32.222150000072105],[-84.92489299970137,32.222311999750453],[-84.924527000003479,32.222750999735666],[-84.924227000427834,32.223150999770141],[-84.923726999937315,32.223649999902918],[-84.92342700036167,32.224050999871814],[-84.922926999871137,32.22474999970256],[-84.922926999871137,32.225150000059884],[-84.923027000328588,32.225551000250938],[-84.923027000328588,32.226051000196037],[-84.923227000345108,32.226850999858677],[-84.923326999904234,32.227351000251581],[-84.923526999920767,32.227851000173715],[-84.923526999920767,32.228550999698932],[-84.923526999920767,32.229351000153628],[-84.923526999920767,32.229751000019832],[-84.923484000263073,32.229880999749291],[-84.92342700036167,32.230051000283964],[-84.923326999904234,32.230250999656583],[-84.923326999904234,32.230550999789898],[-84.923326000079314,32.23085099969277],[-84.923027000328588,32.23085099969277],[-84.922926999871137,32.231150000112613],[-84.92282700031204,32.231350000106062],[-84.922627000295492,32.231751000298154],[-84.922227000262424,32.232351000309038],[-84.921827000229328,32.232850000084326],[-84.921126999722276,32.23345099966474],[-84.920627000130082,32.23395000023821],[-84.920027000080452,32.234350000377397],[-84.919427000030836,32.234650999870041],[-84.919026999997755,32.234850999756596],[-84.918226999931591,32.235351000206371],[-84.917727000339411,32.235551000071801],[-84.917127000289781,32.235850000223508],[-84.916626999799263,32.236350999690153],[-84.916527000240166,32.23645099971705],[-84.916426999782715,32.236550999633863],[-84.916327000223603,32.236550999633863],[-84.915727000173987,32.237650999812836],[-84.915527000157439,32.238151000050451],[-84.915226999683469,32.238751000350362],[-84.914826999650387,32.239350999726938],[-84.914527000074742,32.239850999726116],[-84.914226999600771,32.240350000101436],[-84.914021999561342,32.240693000152355],[-84.913927000025112,32.240850999826542],[-84.913626999551141,32.241250999975577],[-84.913602000335104,32.241312000012542],[-84.913561000327221,32.241412999796935],[-84.913427000432918,32.241751000154316],[-84.913126999958948,32.24225099986031],[-84.913027000399836,32.242550999882397],[-84.9129269999424,32.242950000260862],[-84.912726999925866,32.243350000284465],[-84.912827000383302,32.24364999971597],[-84.9129269999424,32.243850000306068],[-84.913126999958948,32.244049999696053],[-84.913326999975496,32.244250000165174],[-84.913626999551141,32.244749999791132],[-84.913927000025112,32.24515000024531],[-84.914226999600771,32.245449999809779],[-84.914826999650387,32.245849000369496],[-84.915426999700017,32.246048999916269],[-84.916527000240166,32.246149999751751],[-84.916927000273233,32.246048999916269],[-84.917226999848879,32.245949999667616],[-84.917527000322849,32.245648999622532],[-84.917927000355931,32.245349999811815],[-84.918626999964687,32.244950000238447],[-84.9193269995734,32.244450000193915],[-84.919827000063933,32.244148999736396],[-84.920326999656112,32.244049999696053],[-84.920926999705728,32.244148999736396],[-84.921326999738824,32.244148999736396],[-84.92252699983807,32.244450000193915],[-84.923027000328588,32.244548999798276],[-84.923227000345108,32.24464999978224],[-84.923526999920767,32.244849999689983],[-84.923726999937315,32.24515000024531],[-84.923926999953864,32.245449999809779],[-84.924126999970383,32.245648999622532],[-84.924326999986945,32.246048999916269],[-84.924326999986945,32.246350000155246],[-84.924326999986945,32.246850000376682],[-84.924326999986945,32.247249999939413],[-84.924326999986945,32.247450000199777],[-84.924326999986945,32.248149999921722],[-84.924326999986945,32.248349999719572],[-84.924326999986945,32.24904900028627],[-84.924427000444354,32.24979699971464],[-84.924427000444354,32.250149000307935],[-84.923863000379754,32.250581999971224],[-84.923014999734704,32.250821999933954],[-84.922230999562061,32.250709000131813],[-84.92194299968196,32.25066199977605],[-84.921751000061363,32.25066199977605],[-84.921047000254646,32.250389999696303],[-84.920103000248432,32.250181999889975],[-84.91992699962303,32.250149000307935],[-84.919726999606482,32.250149000307935],[-84.919227000014303,32.249850000117853],[-84.918626999964687,32.249549999893027],[-84.918026999915057,32.249250000196675],[-84.917327000306315,32.24904900028627],[-84.916527000240166,32.24904900028627],[-84.916026999749633,32.24904900028627],[-84.915727000173987,32.24904900028627],[-84.915527000157439,32.249149999824382],[-84.915226999683469,32.249250000196675],[-84.914927000107824,32.249349999699099],[-84.914626999633853,32.249250000196675],[-84.914426999617305,32.249149999824382],[-84.914327000058194,32.24904900028627],[-84.914226999600771,32.248848999748638],[-84.914026999584223,32.248750000273027],[-84.913526999992015,32.248649000290058],[-84.9129269999424,32.248750000273027],[-84.91262700036674,32.248848999748638],[-84.91242700035022,32.248950000268948],[-84.912227000333672,32.248950000268948],[-84.91212699987625,32.248848999748638],[-84.911726999843154,32.248848999748638],[-84.911627000284057,32.248750000273027],[-84.911427000267494,32.248750000273027],[-84.910827000217878,32.248649000290058],[-84.91012699971084,32.248649000290058],[-84.909627000118633,32.248750000273027],[-84.909227000085565,32.248848999748638],[-84.908627000035935,32.248950000268948],[-84.908227000002853,32.248848999748638],[-84.907826999969771,32.248950000268948],[-84.907226999920141,32.24904900028627],[-84.906826999887073,32.249349999699099],[-84.906127000278317,32.249649999824847],[-84.905426999771279,32.249949999719242],[-84.905226999754731,32.250149000307935],[-84.904599000116022,32.250486000264345],[-84.904086999929945,32.25083799970632],[-84.903895000309319,32.251174000352549],[-84.903799000049858,32.25141299972092],[-84.903830999836913,32.252133000233556],[-84.903958999883429,32.253430000059083],[-84.903830999836913,32.254502000203765],[-84.903479000382717,32.255605999992575],[-84.902967000196639,32.256630000237053],[-84.902070999871015,32.257750000051438],[-84.901191000337221,32.258373999966409],[-84.900151000071546,32.258773999662154],[-84.899575000311359,32.2589659996801],[-84.898278999952652,32.259029999849076],[-84.896406999833758,32.258757999768967],[-84.894167000367148,32.258421999840635],[-84.893127000101487,32.25806899969777],[-84.891990999576336,32.257638000236014],[-84.891191000408469,32.257494000053185],[-84.89050299959699,32.257620999661803],[-84.890054999883333,32.257814000318042],[-84.889141999839268,32.258389999927331],[-84.888566000079081,32.258902000225731],[-84.888278000199008,32.259334000225387],[-84.888246000411954,32.259669999816602],[-84.888519000223425,32.260869000347547],[-84.888982999830617,32.261509999941183],[-84.889431000442585,32.261941000009728],[-84.890711000009446,32.262900999766238],[-84.891751000275121,32.263621000326488],[-84.893014999948491,32.264501999736325],[-84.893543000028075,32.265302000326749],[-84.893958999954691,32.265845999951239],[-84.894646999867859,32.266278000323801],[-84.895655000346494,32.266726000169783],[-84.896534999880274,32.267381000084107],[-84.897638999720058,32.267973999906637],[-84.898647000198693,32.268438000203666],[-84.898998999652875,32.26882199996485],[-84.899351000005382,32.269430000187846],[-84.899382999792437,32.269508999744112],[-84.900135000178011,32.27003800013479],[-84.900791000304139,32.270661999881824],[-84.901351000170791,32.271414000282469],[-84.901670999837918,32.271734000081693],[-84.902391000436467,32.27240500007413],[-84.902870999937164,32.27272500017591],[-84.903152999969478,32.27295300013899],[-84.903623000322753,32.273333000070167],[-84.904023000355835,32.273749000208625],[-84.904439000282451,32.274004999930042],[-84.905255000242136,32.274371999961645],[-84.906166999562984,32.274836000200629],[-84.907303000088135,32.27534899990745],[-84.910214999574379,32.276469000375478],[-84.911126999793538,32.276949000249111],[-84.912039000012697,32.277605000298067],[-84.912823000185341,32.278148999834009],[-84.914151000331103,32.279349000252957],[-84.915158999911412,32.280004999654025],[-84.916040000168437,32.280772999889166],[-84.916136000427898,32.280948999913186],[-84.917959999967906,32.281876999846524],[-84.91880799971463,32.282451999929066],[-84.920167999647447,32.283284999918465],[-84.920760000199465,32.283797000255426],[-84.921735999992734,32.284565000277432],[-84.922871999619559,32.285332999871052],[-84.923848000311125,32.286371999769685],[-84.924727999844933,32.287300999803392],[-84.925512000017562,32.288373000060261],[-84.926296000190206,32.289444999793815],[-84.926856000056873,32.290084000021096],[-84.927703999803597,32.291091999738057],[-84.928391999716766,32.292115999727827],[-84.929656000288432,32.293540000125155],[-84.930712000447642,32.294836999680903],[-84.931639999661996,32.295844999706418],[-84.932504000200595,32.296755999748619],[-84.933176000220229,32.297492000320354],[-84.933799999660991,32.298259999761591],[-84.934648000306055,32.298915999794488],[-84.935096000019698,32.299139999885099],[-84.935943999766451,32.29953999980895],[-84.936536000318469,32.29973200011726],[-84.937240000125144,32.300019999817067],[-84.938078999651069,32.300420999662464],[-84.938159000017009,32.300457999979166],[-84.938680000423915,32.300708000204558],[-84.939015999984591,32.300947999711383],[-84.939400000124138,32.301172000095036],[-84.940151999611416,32.301699000332789],[-84.940807999737544,32.302067999889722],[-84.941863999896739,32.302579999700008],[-84.943096999607945,32.302963999937347],[-84.944073000299511,32.303348000066073],[-84.945161000245776,32.303507999955819],[-84.946249000192012,32.303700000209943],[-84.947384999818865,32.304051999745816],[-84.948472999765102,32.304291000301433],[-84.949465000350202,32.304419999627783],[-84.950569000189972,32.304659999934103],[-84.95130499978373,32.304884000253963],[-84.952073000062839,32.305315000003077],[-84.953048999856108,32.305540000174574],[-84.953561000042171,32.305892000155673],[-84.954440999575979,32.306260000157842],[-84.955273000327495,32.306612000378919],[-84.955536999918138,32.306694000014076],[-84.955784999615261,32.306771999820334],[-84.9561110000285,32.306895999724553],[-84.956121999899153,32.30690499991919],[-84.956584999681425,32.307059999925109],[-84.956735000367559,32.307143999783179],[-84.957128999654557,32.307364000307949],[-84.957465000113544,32.307422000150247],[-84.958521000272739,32.307602999720466],[-84.95960900021899,32.307939999634883],[-84.960425000178674,32.308179999728907],[-84.961272999925427,32.308562999852946],[-84.962264999612202,32.308916000153012],[-84.962632999858229,32.309155999939463],[-84.963513000290334,32.309555999689159],[-84.964489000083603,32.309844000055385],[-84.965289000149752,32.310003999863248],[-84.965833000122885,32.310227999878727],[-84.96708099990272,32.310724000057185],[-84.967945000441304,32.311058999968388],[-84.969897000027814,32.311683999766068],[-84.971704999674287,32.312436000113117],[-84.973304999806615,32.313203999694267],[-84.974569000378281,32.313651000186553],[-84.975657000324546,32.31400299978268],[-84.977321000030969,32.314692000140454],[-84.978730000367577,32.315091999740815],[-84.979737999947901,32.315460000333601],[-84.981801999687406,32.316275999714613],[-84.983113999939661,32.316724000059573],[-84.983866000325236,32.316947000333919],[-84.985642000184669,32.317714999627086],[-84.987449999831142,32.31848299999956],[-84.988825999657479,32.319171999681707],[-84.989513999570647,32.319315999876359],[-84.991018000341811,32.319650999896666],[-84.992044000363791,32.319892999677542],[-84.992650000261207,32.320035999692635],[-84.994122000347019,32.320468000023226],[-84.995401999913881,32.320770999658095],[-84.997049999726784,32.321122999672198],[-84.998126999802395,32.321371000258033],[-84.998196000297682,32.321386999733789],[-84.999887999593213,32.321371000258033],[-84.999907999684694,32.321371000258033],[-84.999931000149218,32.321371000258033],[-85.000270999907841,32.321409999924114],[-85.000342999877873,32.321417999658898],[-85.001874000413224,32.322014999697394],[-85.00279099975694,32.322428000351799],[-85.003276000178843,32.322793999701211],[-85.003841999893268,32.323321000183377],[-85.003841999893268,32.323436000138784],[-85.005350999789002,32.32504000017996],[-85.00640199992533,32.326756999987509],[-85.006940999875582,32.328085999649055],[-85.007103000257288,32.328362000105258],[-85.007290999679952,32.329323999732843],[-85.007326999664969,32.330109000220205],[-85.007396999985176,32.331614999996056],[-85.007719000200439,32.333790000005138],[-85.008095999768997,32.33523399979569],[-85.008095999768997,32.336676999710491],[-85.007257000243087,32.338989999757999],[-85.006489999788883,32.340269000018374],[-85.006102000349685,32.340918000211232],[-85.005900999609921,32.341252999993245],[-85.005555999828417,32.341827999775099],[-85.005339999918348,32.34235599980699],[-85.005062999908901,32.344080999798123],[-85.005041999992514,32.34421099965499],[-85.004581999684959,32.345196000294671],[-85.004231000055697,32.345607999655925],[-85.003097000078682,32.346706999996698],[-85.002934999696976,32.34693600004227],[-85.002773000213594,32.346981000082486],[-85.002492999831105,32.347268000318394],[-85.002014000155299,32.347758000282802],[-85.00172000042744,32.348057999679057],[-84.999930000324312,32.34954500005901],[-84.999407000267581,32.349539000224986],[-84.996186000086524,32.35142500029427],[-84.992713999835303,32.353842000071459],[-84.991447999613811,32.354859999998098],[-84.991241999749505,32.355026000165338],[-84.989609999830108,32.356546000154403],[-84.988058000276681,32.357809999876203],[-84.988058000276681,32.357937000094417],[-84.98677799981148,32.359057000378925],[-84.98596199985181,32.359968999816459],[-84.984714000071975,32.361377999643793],[-84.984216000129592,32.361969999720579],[-84.983866000325236,32.36238599965008],[-84.983466000292154,32.363185999738114],[-84.983338000245638,32.363714000304306],[-84.983226000092642,32.364545000351725],[-84.983241999986177,32.365122000143856],[-84.983610000232204,32.365777999901141],[-84.984010000265286,32.36619399976059],[-84.985977999745316,32.367665999767567],[-84.986330000097837,32.368689999688542],[-84.986298000310782,32.369666000031025],[-84.986058000111257,32.370737999631196],[-84.9858980002777,32.371153000198873],[-84.985658000078189,32.371730000300786],[-84.985321999619202,32.372514000102505],[-84.984729999965509,32.372977999971262],[-84.984089999732902,32.373522000367927],[-84.983338000245638,32.373938000246994],[-84.983001999786651,32.374048999787156],[-84.982522000285954,32.374225999858616],[-84.982041999886931,32.374337999754765],[-84.981178000246658,32.374450000270791],[-84.980281999921019,32.374385999667773],[-84.979418000280745,32.374225999858616],[-84.978425999695659,32.374000999695156],[-84.977274000175299,32.373841999919655],[-84.976186000229049,32.373874000040097],[-84.975226000329315,32.374161999855609],[-84.974330000003675,32.374577999823472],[-84.973594000409932,32.374994000152448],[-84.973161999691484,32.375330000362482],[-84.972698000084293,32.375954000256122],[-84.972154000111161,32.376914000024207],[-84.971961999592239,32.377698000374401],[-84.972026000064659,32.378064999877957],[-84.972089999638769,32.37828899987813],[-84.972554000144257,32.378959999681463],[-84.972985999964393,32.379393000056993],[-84.973817999817598,32.379873000017469],[-84.974810000402712,32.380257000122405],[-84.976474000109121,32.38052899968342],[-84.977914000407907,32.380656999729027],[-84.979353999808353,32.380705000078706],[-84.98053800001405,32.380401000215123],[-84.981913999840415,32.380192999838933],[-84.983289999666752,32.380016999963587],[-84.984217999779432,32.37998399985397],[-84.984938000377966,32.379953000268785],[-84.986282000417262,32.380336000148965],[-84.987386000257032,32.381200000300581],[-84.988074000170201,32.382129000116336],[-84.988490000096803,32.383105000220205],[-84.988553999670913,32.384080999642045],[-84.988409999730862,32.385215999663608],[-84.987930000230165,32.38628799989727],[-84.987353999571667,32.387281000351955],[-84.987226000423476,32.38763300028355],[-84.98682600039038,32.388305000274705],[-84.986489999931393,32.388879999748795],[-84.985977999745316,32.389664999967756],[-84.985498000244618,32.390320999834273],[-84.984617999812514,32.390977000245989],[-84.983385999926213,32.39176099992725],[-84.983001999786651,32.39195300032879],[-84.982538000179474,32.391857000179073],[-84.981562000386205,32.391584999832695],[-84.980281999921019,32.390945000114456],[-84.978362000121564,32.390497000116397],[-84.978009999769043,32.390560999927089],[-84.977465999795939,32.390640999816263],[-84.977081999656363,32.390817000233383],[-84.976393999743181,32.3910249996635],[-84.975689999936506,32.391056999766739],[-84.975049999703899,32.390993000307525],[-84.974298000216635,32.3910249996635],[-84.972905999598439,32.390833000323262],[-84.971417999619106,32.390593000194677],[-84.970569999872367,32.390624999692427],[-84.969497999819637,32.391007999841108],[-84.968730000438839,32.391457000100118],[-84.968409999873387,32.392000999986124],[-84.968441999660442,32.392449000109039],[-84.968762000225894,32.393008999792258],[-84.969274000411971,32.393440999840898],[-84.970073999579824,32.393712999907024],[-84.971001999692504,32.393921000252462],[-84.971834000444034,32.394015999991993],[-84.972489999671836,32.394385000172058],[-84.973114000010909,32.39494499998623],[-84.973882000290033,32.395217000073295],[-84.974745999930292,32.395601000184541],[-84.974858000083287,32.395792000293497],[-84.974665999564351,32.395872999812575],[-84.974698000249717,32.395985000179813],[-84.974889999870328,32.396161000042788],[-84.975161999856894,32.396288999934498],[-84.975370000269365,32.396400000078863],[-84.975689999936506,32.39657700035486],[-84.976330000169085,32.396912000235957],[-84.977033999975788,32.397345000271748],[-84.977609999735975,32.397488999671147],[-84.977769999569546,32.397904999932905],[-84.978025999662577,32.398320999794976],[-84.978553999742175,32.399056999756631],[-84.979225999761823,32.399647999839829],[-84.979897999781457,32.400097000372703],[-84.980409999967534,32.400784999995594],[-84.980713999741141,32.401535999651159],[-84.981097999880703,32.402832999783477],[-84.981081999987182,32.403745000374549],[-84.981034000306622,32.405008999797303],[-84.980953999940667,32.406064000170936],[-84.980630000075578,32.40734399993017],[-84.979430999801238,32.412243999672846],[-84.976930000218715,32.414243000133851],[-84.975169000427897,32.414934999902755],[-84.971830000246072,32.416244000027035],[-84.966029999766377,32.420943999773073],[-84.964689999925056,32.421769000038701],[-84.963429999551352,32.422543999918133],[-84.963310999725664,32.423047999799799],[-84.963222000037206,32.423427999900753],[-84.96303000041658,32.424244000303048],[-84.964315999831243,32.426588999921862],[-84.964730000108034,32.427342999799123],[-84.966694000288427,32.434172999888723],[-84.967030999674009,32.435342999834766],[-84.969830999905582,32.440442999862285],[-84.971831000070978,32.442843000067214],[-84.977531000093251,32.443942000314706],[-84.979327000044165,32.444302000110241],[-84.981030999933552,32.444642999790766],[-84.983831000165139,32.445641999851922],[-84.985631000314001,32.446543000046361],[-84.98822999980581,32.44794300029789],[-84.98993000039556,32.449042999641001],[-84.99039099962971,32.44926000023159],[-84.993529999795001,32.450742999986836],[-84.99519699987448,32.453055000290675],[-84.995244999555055,32.453121999966406],[-84.995329999943863,32.453242999797666],[-84.996631000325451,32.456542999938165],[-84.996657000264733,32.456914000191638],[-84.996730999884562,32.457943000207052],[-84.997070999643185,32.458937000250039],[-84.997693000332433,32.460755999702961],[-84.99803100044123,32.461743000080112],[-84.99803100044123,32.461813000093898],[-84.99803100044123,32.461930999647514],[-84.99803100044123,32.461955000193008],[-84.99803100044123,32.463441999819764],[-84.998035999565786,32.463462000318223],[-84.998042000311898,32.463485999697795],[-84.998233999932509,32.46425199977925],[-84.998430999576001,32.465043000351805],[-84.998397999964055,32.465372000167307],[-84.99833100001689,32.466042000088521],[-84.998430999576001,32.466541000125851],[-84.99842999975111,32.46664200033468],[-84.998430999576001,32.467441999749589],[-84.998531000033424,32.468742000030105],[-84.998230999559468,32.469842000066386],[-84.997679000088738,32.470867000096725],[-84.996831000341984,32.47244199971378],[-84.996721999663734,32.47260999970392],[-84.995730999801864,32.474142000307275],[-84.995227999836629,32.475298999698303],[-84.995330999768782,32.477240999909363],[-84.995314999875248,32.477356999815015],[-84.99530800020257,32.477409000037795],[-84.995119000056675,32.478775000376814],[-84.994930999735701,32.480141999982571],[-84.99492700043605,32.481045999994556],[-84.994923000238089,32.48174100007256],[-84.994923000238089,32.481788999690124],[-84.994894999750684,32.483088999677278],[-84.994877000207339,32.483915999949559],[-84.994857999940749,32.484758000056075],[-84.994841000222323,32.485566000249165],[-84.994830000351655,32.486100000082452],[-84.995061000330352,32.487149999988951],[-84.995432000051125,32.488942000060852],[-84.99587100044225,32.490091000193814],[-84.996731999709482,32.492341999761251],[-84.998331999841795,32.494140999680404],[-84.998398999788947,32.494528000217088],[-84.998572999866226,32.495541999629914],[-84.998832000332314,32.497041000360845],[-84.997807000135253,32.498919000223275],[-84.997632000233068,32.499239999821846],[-84.996656000439813,32.501369999862824],[-84.996531999692934,32.501641000087368],[-84.99693199972603,32.503140999971059],[-84.999832000415012,32.504340000323474],[-84.999832000415012,32.505141000289925],[-84.998931999891425,32.506340999735286],[-84.999075999831476,32.506666000111849],[-84.999264000152451,32.507088000362963],[-84.99931100000812,32.507193999734206],[-84.999341000145336,32.507261000029906],[-84.999439999879542,32.507482999657896],[-84.999471999666596,32.507555999675169],[-84.999552000032551,32.507735999869219],[-84.999731999957604,32.508140999935186],[-85.000932000056849,32.508740999821946],[-85.001019999920388,32.510156999769215],[-85.001031999615947,32.510339999934224],[-85.001051999707443,32.510477000202989],[-85.001116000179849,32.511065000246354],[-85.00131000034861,32.512844999675359],[-85.001323999693994,32.512972999794371],[-85.001532000106465,32.514740999646953],[-85.003431999814453,32.516641000084256],[-85.003964000092012,32.517052000239744],[-85.005052000038248,32.517724999827102],[-85.006380000184009,32.518493000044813],[-85.006683999957644,32.520077000123749],[-85.006603999591704,32.52122799981602],[-85.006476000443499,32.52241200017879],[-85.007099999884247,32.523867999779561],[-85.0083850003723,32.524867000096087],[-85.008396000242968,32.524875999782303],[-85.00991699983426,32.525338999930213],[-85.010235999676496,32.525436000115306],[-85.012204000054851,32.525931000350589],[-85.013788000293658,32.526107999997741],[-85.014411999734406,32.526571999634115],[-85.015261000204376,32.527675999869416],[-85.015805000177494,32.528427000210513],[-85.015468999718507,32.529212000120125],[-85.014877000064814,32.530139999773738],[-85.015261000204376,32.531114999759339],[-85.015303000037164,32.531149000328334],[-85.015645000343923,32.531418999667785],[-85.016317000363571,32.531852000277389],[-85.017468999883931,32.532907999670336],[-85.01817299969062,32.533515999954588],[-85.018525000043127,32.53439600029143],[-85.019037000229204,32.534604000116417],[-85.02023700032845,32.534747999829655],[-85.020876999662732,32.535852000311003],[-85.02119700022817,32.537547999692464],[-85.022044999974923,32.540044000126414],[-85.022044999974923,32.540826999990763],[-85.02138899984881,32.54135599996404],[-85.020957000028687,32.541963999853266],[-85.020797000195103,32.542764000370163],[-85.02130900038118,32.543083000198656],[-85.022508999582115,32.542922999870861],[-85.023645000107265,32.542954999807755],[-85.02447699996047,32.543563000228595],[-85.02553300011968,32.544458999880646],[-85.026189000245793,32.544843000131486],[-85.026908999946016,32.544779000077519],[-85.02863700012486,32.544634999789324],[-85.030300999831283,32.544521999827353],[-85.031388999777548,32.544171000318578],[-85.032029000010141,32.544843000131486],[-85.032701000029775,32.54589899973584],[-85.03303699959045,32.546954000241215],[-85.033085000169336,32.549449999692314],[-85.033404999836492,32.550730999976693],[-85.033469000308898,32.550891000018915],[-85.033932999916075,32.551690999737865],[-85.03494100039471,32.55217099993272],[-85.03506900044124,32.55271500033146],[-85.03518099969591,32.553258000223842],[-85.035726000392245,32.553963000189988],[-85.036637999713108,32.554410999963942],[-85.037390000098682,32.554395000145732],[-85.038158000377791,32.554410999963942],[-85.038286000424321,32.555083000353548],[-85.038990000231024,32.555819000054541],[-85.039822000084229,32.556105999898776],[-85.04106999986405,32.55578700016013],[-85.042622000315816,32.555802000277673],[-85.043661999683167,32.556523000144779],[-85.044861999782412,32.557707000128318],[-85.044589999795861,32.558570999772563],[-85.044605999689381,32.559498999630613],[-85.045005999722449,32.56060300013273],[-85.045050000103387,32.560711000275418],[-85.045470000227965,32.561722999951101],[-85.045805999788627,32.56207499986197],[-85.045876000108834,32.562140999975426],[-85.046814000267247,32.563018000246821],[-85.048062000047082,32.56391300015072],[-85.048941999580862,32.564073000161329],[-85.049981999846551,32.564346000017551],[-85.050269999726623,32.565177999755086],[-85.051406000251774,32.566266000057048],[-85.052669999925115,32.567225000104557],[-85.053789999658434,32.568153999858488],[-85.055373999897228,32.569737999947534],[-85.05692600034898,32.571241000096812],[-85.056958000136035,32.571881999925395],[-85.056589999890008,32.572697999829806],[-85.056686000149455,32.573306000126934],[-85.057230000122587,32.573993999914599],[-85.057902000142249,32.574649999743542],[-85.059310999580546,32.575977999902456],[-85.060687000305194,32.577274000276155],[-85.061982999765604,32.578249000064822],[-85.063902999565073,32.579113000194333],[-85.065295000183241,32.579130000095851],[-85.067199000089204,32.579306000133506],[-85.067534999649851,32.579546000109772],[-85.067662999696381,32.580009999857253],[-85.069583000394147,32.583929999764287],[-85.071262999994133,32.586568000093848],[-85.071806999967237,32.587384000323773],[-85.072510999773939,32.5886969996697],[-85.07351900025256,32.590104999742834],[-85.073925000133443,32.590632000206739],[-85.07459100030529,32.591495999821817],[-85.075119000384902,32.592392999704821],[-85.075423000158509,32.592905000372795],[-85.075567000098545,32.593288999900139],[-85.075630999672654,32.593448999722142],[-85.07601499981223,32.594039999975081],[-85.076398999951778,32.594665000083275],[-85.076639000151289,32.595129000283144],[-85.076783000091339,32.595497000064185],[-85.076990999605471,32.596071999723783],[-85.077518999685068,32.597065000191485],[-85.077855000144055,32.597576999896894],[-85.077967000297036,32.598104000314827],[-85.077855000144055,32.598136999985108],[-85.07791899971815,32.59845700019391],[-85.078286999964192,32.598953000075163],[-85.078558999950758,32.599271999915018],[-85.078718999784314,32.599593000332078],[-85.07897499987736,32.600168999908604],[-85.079071000136835,32.600665000150201],[-85.07910299992389,32.601463999715705],[-85.079359000016922,32.602153000290748],[-85.079534999744013,32.60244099988001],[-85.079662999790528,32.602632000161144],[-85.079934999777095,32.602887999986415],[-85.080287999954507,32.603577000203799],[-85.080463999681598,32.60407299973874],[-85.080591999728128,32.604712000078813],[-85.080575999834593,32.605449000035328],[-85.080575999834593,32.606216999650478],[-85.080624000413493,32.607113000085626],[-85.080784000247064,32.608071999843034],[-85.080800000140584,32.608920999724567],[-85.080800000140584,32.609352999794147],[-85.080794000292812,32.609508000116953],[-85.08076800035353,32.610151999805751],[-85.080991999761224,32.610695000017344],[-85.081472000160247,32.611239999902701],[-85.081903999980369,32.61163999974211],[-85.082175999966921,32.611991999666493],[-85.082304000013451,32.612391999930381],[-85.082272000226396,32.613319999684492],[-85.08212800028636,32.614440000043516],[-85.08206399981394,32.615463999937845],[-85.082240000439356,32.616264000195542],[-85.082495999634077,32.616583999961819],[-85.082800000305994,32.616775999877937],[-85.082805000328861,32.616791999915442],[-85.082976000033085,32.617287999659013],[-85.083616000265692,32.61780000029534],[-85.084304000178861,32.61810400006808],[-85.085360000338071,32.618535999721672],[-85.086336000131311,32.619256000312689],[-85.087327999818115,32.619927999725732],[-85.087615999698187,32.620215999659393],[-85.087936000263653,32.6205200003076],[-85.088383999977296,32.620983999744709],[-85.088959999737483,32.621720000232521],[-85.089536000395981,32.622487000054456],[-85.090208000415629,32.623640000093985],[-85.090447999716829,32.624056000020175],[-85.090589000182121,32.624404999707195],[-85.090886000283049,32.625134999660233],[-85.09093599961345,32.625736000013603],[-85.09093599961345,32.625835999649325],[-85.09093599961345,32.625935999929915],[-85.09093599961345,32.626136000155839],[-85.09093599961345,32.626236000101223],[-85.090836000054338,32.626335999934831],[-85.090735999596902,32.626536000023485],[-85.09063600003779,32.626735999665215],[-85.09063600003779,32.626835000279577],[-85.090535999580382,32.626936000373142],[-85.090535999580382,32.627035000009656],[-85.090436000021256,32.627135999877524],[-85.09033599956382,32.627335999691596],[-85.090136000445597,32.627535999815215],[-85.090035999988174,32.627635999709433],[-85.089835999971626,32.627736000248476],[-85.089736000412515,32.627835999919277],[-85.089635999955107,32.627936000234776],[-85.089435999938544,32.628035999682098],[-85.089336000379447,32.628035999682098],[-85.08923599992201,32.628135000371486],[-85.089136000362899,32.62823599975453],[-85.089035999905477,32.62823599975453],[-85.086736000164407,32.629036000113899],[-85.086536000147859,32.629236000221127],[-85.086336000131311,32.629335999728816],[-85.086136000114777,32.62943599988138],[-85.085936000098243,32.629634999708699],[-85.085736000081681,32.629834999990329],[-85.085536000065161,32.630034999824957],[-85.085435999607711,32.630234999969105],[-85.085235999591191,32.630435999799815],[-85.085136000032065,32.630635999804319],[-85.085035999574643,32.630836000118336],[-85.084936000015531,32.631035999985322],[-85.084835999558095,32.631236000161849],[-85.084835999558095,32.631335000337259],[-85.084636000439886,32.631435999891309],[-85.084535999982435,32.631534999845492],[-85.084436000423338,32.631534999845492],[-85.084135999949368,32.631635999930346],[-85.084036000390256,32.631836000278845],[-85.083836000373722,32.631935999907228],[-85.083735999916286,32.632136000341724],[-85.08363600035716,32.63233600032919],[-85.08363600035716,32.632635000119812],[-85.083735999916286,32.632834999748454],[-85.083735999916286,32.633136000347903],[-85.083735999916286,32.63323499993416],[-85.083735999916286,32.633336000369695],[-85.08363600035716,32.633435999834703],[-85.08343600034064,32.633535999944456],[-85.08333599988319,32.633635999942513],[-85.083236000324092,32.633635999942513],[-85.08313599986667,32.633735999828751],[-85.082935999850122,32.633836000359729],[-85.082735999833574,32.6340360003299],[-85.082735999833574,32.634134999676874],[-85.082735999833574,32.634535000102908],[-85.082735999833574,32.634635999827502],[-85.082817000024448,32.634880000197185],[-85.082844999613513,32.635626999960536],[-85.082846000336744,32.635645999880232],[-85.082847000161664,32.635680000164534],[-85.082934000200297,32.635835000295501],[-85.08311800032331,32.636161000109439],[-85.083468999952601,32.636435999898993],[-85.083983999613395,32.63657299982259],[-85.08416100006373,32.636560999799009],[-85.08423600040679,32.636636000109029],[-85.084436000423338,32.636636000109029],[-85.084636000439886,32.636636000109029],[-85.084735999998998,32.636636000109029],[-85.084835999558095,32.636636000109029],[-85.084936000015531,32.636636000109029],[-85.085136000032065,32.636535999681662],[-85.085235999591191,32.636535999681662],[-85.085336000048613,32.636435999898993],[-85.085635999624273,32.636336000004562],[-85.085835999640807,32.636234999929613],[-85.086035999657341,32.636035000336072],[-85.086336000131311,32.635835000295501],[-85.086635999706957,32.635634999807777],[-85.087035999740053,32.635435999707134],[-85.087235999756587,32.635235999840475],[-85.087435999773135,32.635136000117711],[-85.087635999789683,32.635036000283243],[-85.087835999806202,32.634836000278874],[-85.087936000263653,32.634836000278874],[-85.088035999822765,32.634735000023603],[-85.088235999839299,32.634635999827502],[-85.088336000296735,32.634535000102908],[-85.088435999855861,32.634535000102908],[-85.08863599987238,32.634435999685493],[-85.088736000329817,32.634435999685493],[-85.088835999888929,32.634334999735195],[-85.089035999905477,32.634334999735195],[-85.08923599992201,32.634235999852997],[-85.089435999938544,32.634134999676874],[-85.089736000412515,32.634134999676874],[-85.090035999988174,32.6340360003299],[-85.09033599956382,32.6340360003299],[-85.090535999580382,32.6340360003299],[-85.090735999596902,32.6340360003299],[-85.09093599961345,32.6340360003299],[-85.09123600008742,32.6340360003299],[-85.091335999646532,32.6340360003299],[-85.091636000120502,32.6340360003299],[-85.091935999696148,32.634134999676874],[-85.092236000170118,32.634235999852997],[-85.092481000392524,32.634317999717332],[-85.092483000042336,32.634349000236938],[-85.092633999655064,32.634368999761179],[-85.094513000344975,32.63460099981603],[-85.094621000300009,32.634739000365414],[-85.094621000300009,32.634858999946601],[-85.094735999927735,32.634935000253684],[-85.095036000401706,32.635035000201107],[-85.095335999977351,32.63523499976057],[-85.095635999553011,32.635533999697969],[-85.095936000026981,32.635733999654967],[-85.096235999602641,32.635934999993424],[-85.096435999619175,32.636134999810515],[-85.096684000214594,32.636197000336288],[-85.096787000146762,32.636155999761591],[-85.096218000059281,32.635309000346659],[-85.096218000059281,32.634828999688153],[-85.096597000175976,32.634667000236874],[-85.097571000319419,32.634506999911942],[-85.098059000216026,32.634575999907504],[-85.098735000433649,32.634758999802479],[-85.098896000092111,32.634963000310762],[-85.098952000168609,32.635033000036827],[-85.0990359998342,32.635027999625891],[-85.099276999858617,32.635010999739755],[-85.099763999930346,32.634622000127116],[-85.100088999620354,32.634575999907504],[-85.10006199985618,32.634804999928051],[-85.099521000256104,32.635148999656799],[-85.099411999577839,32.635630000187035],[-85.099185999622037,32.635983999728992],[-85.098844000213589,32.636522000278632],[-85.09889899956687,32.636934999903183],[-85.099087999712751,32.637003000235552],[-85.099211999561305,32.63698599996814],[-85.099423000346818,32.636955000362278],[-85.099574999784451,32.636934999903183],[-85.099819000181938,32.637118000268345],[-85.100388000269419,32.637118000268345],[-85.100272999743382,32.637483999875784],[-85.10025199982698,32.637551999790787],[-85.100388000269419,32.637690000327282],[-85.100421999706299,32.637682999959829],[-85.100536000407402,32.637835000250469],[-85.100635999966528,32.63803500035889],[-85.100736000423964,32.638334000016087],[-85.100835999983076,32.638635000270654],[-85.100835999983076,32.638934000191817],[-85.100835999983076,32.639135000148883],[-85.100835999983076,32.639335000376754],[-85.100936000440498,32.639735000247406],[-85.100936000440498,32.639834000096265],[-85.101039000372666,32.639980999623809],[-85.101554000033474,32.640392999899312],[-85.102175999824411,32.640323999851418],[-85.10258300042851,32.640598999703641],[-85.102989000309364,32.641032999736488],[-85.103340999763546,32.641147999883785],[-85.103909000026121,32.641079999676414],[-85.104261000378628,32.640849999815572],[-85.104531999641978,32.6410110001585],[-85.104478000113616,32.641398999968054],[-85.104233999716143,32.641628999930148],[-85.104233999716143,32.641730999974023],[-85.10423500043936,32.642041000179432],[-85.10461399965773,32.642454000043102],[-85.104790000283145,32.642541999928746],[-85.104837000138801,32.642634999713827],[-85.104936999697927,32.642833999685521],[-85.105037000155349,32.642934999874313],[-85.10513699971446,32.643233999794504],[-85.105237000171897,32.643335000287991],[-85.105237000171897,32.643433999934615],[-85.105336999731009,32.643535000202256],[-85.105336999731009,32.643635000369891],[-85.105336999731009,32.643734999669292],[-85.105237000171897,32.644034999922262],[-85.105237000171897,32.644135000287299],[-85.105336999731009,32.644333999947271],[-85.105336999731009,32.64443499995506],[-85.105336999731009,32.6446349996788],[-85.105336999731009,32.644834999711662],[-85.105432000165564,32.644933999967165],[-85.105336999731009,32.645035000053753],[-85.105237000171897,32.645135000057053],[-85.105037000155349,32.645334999728206],[-85.104837000138801,32.645634999909262],[-85.104736999681379,32.645834999975115],[-85.10453699966483,32.645934999840307],[-85.104437000105719,32.646234000320916],[-85.104336999648297,32.646433999803634],[-85.104037000072651,32.646735000031327],[-85.103736999598681,32.647035000054409],[-85.103536999582147,32.647235000015002],[-85.103237000006473,32.647435000284595],[-85.103036999989939,32.647533999931106],[-85.102836999973405,32.647635000106959],[-85.102636999956857,32.647835000238423],[-85.102366999620116,32.647902999848434],[-85.102236999923775,32.647934000198511],[-85.10193700034813,32.6482349999158],[-85.101436999857611,32.648635000073156],[-85.101137000281952,32.649034000028372],[-85.100836999807981,32.649433999637196],[-85.100537000232336,32.649834999642444],[-85.100337000215788,32.65013499985497],[-85.100236999758366,32.650334999689584],[-85.100036999741818,32.650634999737292],[-85.099836999725298,32.650834999966307],[-85.099537000149638,32.651133999947049],[-85.099137000116542,32.651435000238251],[-85.09873700008346,32.651735000377109],[-85.098336000225473,32.652034000373725],[-85.097936000192391,32.652233999742514],[-85.09763599971842,32.652334999904177],[-85.097136000126227,32.652434000176598],[-85.096635999635723,32.652535000112337],[-85.096336000060049,32.652835000342129],[-85.096035999586093,32.65293499994295],[-85.095736000010433,32.653135000321676],[-85.095436000434773,32.653235000343308],[-85.095335999977351,32.653335000253016],[-85.095135999960803,32.653335000253016],[-85.094935999944269,32.653435000050955],[-85.094636000368624,32.653533999861715],[-85.094335999894639,32.653733999656865],[-85.094036000318994,32.653834999636707],[-85.093735999845023,32.653933999760902],[-85.093436000269364,32.654035000271207],[-85.093135999795393,32.65413400017394],[-85.092836000219748,32.654234999701913],[-85.092636000203214,32.654435000197957],[-85.092436000186666,32.654635000246529],[-85.092135999712696,32.654834999847679],[-85.091935999696148,32.655033999899224],[-85.091735999679628,32.655134999923185],[-85.091535999663066,32.655134999923185],[-85.09123600008742,32.655234000120451],[-85.091135999629998,32.655433999894271],[-85.091036000070872,32.655433999894271],[-85.09093599961345,32.655535000222606],[-85.09033599956382,32.655535000222606],[-85.090136000445597,32.655633999976942],[-85.090035999988174,32.655633999976942],[-85.089936000429063,32.655633999976942],[-85.089835999971626,32.655633999976942],[-85.089736000412515,32.655633999976942],[-85.089635999955107,32.655735000079318],[-85.089635999955107,32.655835000218083],[-85.089536000395981,32.655835000218083],[-85.089456999854946,32.655994000359634],[-85.089420000045038,32.656026999868345],[-85.088915000429949,32.656474999969809],[-85.088888999592371,32.656498000123797],[-85.088830999866062,32.656635000326304],[-85.088536000313269,32.657333999631483],[-85.088482999711502,32.657459999651955],[-85.088482999711502,32.657758000338049],[-85.088672999682316,32.658146999916639],[-85.089025000034823,32.658582999887827],[-85.089593000297384,32.658971999657666],[-85.089620000061558,32.659002000137349],[-85.08965900041963,32.659047000081628],[-85.089936000429063,32.659358999627024],[-85.090081000194033,32.659522000296882],[-85.090324999693166,32.659613000202853],[-85.091462000043222,32.66082600024901],[-85.09154800025695,32.660991999888182],[-85.091535999663066,32.661334999692187],[-85.091535999663066,32.661433999829647],[-85.091535999663066,32.661535000185303],[-85.091535999663066,32.661634000101195],[-85.091436000103968,32.661735000230848],[-85.09123600008742,32.661834999707686],[-85.091135999629998,32.661934999828922],[-85.091135999629998,32.662034999838205],[-85.091135999629998,32.662134999735656],[-85.091135999629998,32.662235000277455],[-85.09123600008742,32.662334999951149],[-85.091272999897342,32.66237100022974],[-85.091436000103968,32.662534999719085],[-85.091519999769559,32.662618999654519],[-85.091535999663066,32.662634999813328],[-85.091636000120502,32.662734000023335],[-85.091836000137036,32.662933999654634],[-85.092091000405176,32.66319000019346],[-85.092135999712696,32.663235000298016],[-85.092436000186666,32.663634000133541],[-85.092735999762311,32.664034000214372],[-85.093036000236282,32.664434000017359],[-85.093135999795393,32.664834000298789],[-85.09323600025283,32.66523299980166],[-85.093335999811941,32.665733999679595],[-85.093335999811941,32.666134000192166],[-85.093335999811941,32.666633999827511],[-85.093436000269364,32.667233999931895],[-85.093335999811941,32.66813400009692],[-85.093335999811941,32.668933999775653],[-85.093335999811941,32.669234000171727],[-85.093535999828489,32.669634000141322],[-85.093535999828489,32.669733999853946],[-85.093735999845023,32.669933000007703],[-85.094135999878105,32.670233999762921],[-85.094536999736107,32.670534000331394],[-85.095037000226597,32.670833999892565],[-85.095437000259693,32.671333999695456],[-85.096037000309323,32.671833000054349],[-85.096736999918051,32.67273399968343],[-85.097437000425089,32.673633999649574],[-85.097737000000748,32.674233999631056],[-85.097937000017296,32.674734000066138],[-85.098036999576408,32.674934000061533],[-85.098137000033844,32.675033000256484],[-85.098337000050364,32.675233999971169],[-85.098937000100008,32.675434000359445],[-85.099436999692202,32.675634000299929],[-85.099937000182706,32.675833999792644],[-85.100337000215788,32.675932999746422],[-85.100636999791448,32.67623399970325],[-85.10103699982453,32.676634000091106],[-85.1013370002985,32.677034000200059],[-85.10163699987416,32.677333999862441],[-85.102036999907227,32.677832999977731],[-85.10273700041428,32.678334000281815],[-85.102784000269949,32.678404000080917],[-85.102816000057004,32.678550999707362],[-85.102944999928425,32.67864599978472],[-85.103137000447376,32.678933999696369],[-85.103536999582147,32.679233999782504],[-85.104037000072651,32.67963400034629],[-85.104237000089185,32.67973400020729],[-85.104336999648297,32.679833999956379],[-85.104637000122267,32.679934000349654],[-85.105037000155349,32.680033999874773],[-85.105637000204965,32.68013400004412],[-85.10623700025458,32.680433999880236],[-85.106736999846788,32.680734000220923],[-85.107237000337307,32.681032999986265],[-85.107536999912952,32.681334000147523],[-85.1077369999295,32.681533999731371],[-85.108037000403456,32.681633999733407],[-85.108336999979116,32.681633999733407],[-85.108737000012198,32.681733999623461],[-85.109236999604391,32.681834000157671],[-85.109636999637473,32.682034000133996],[-85.109937000111444,32.682133000020876],[-85.110236999687103,32.682133000020876],[-85.110318999702869,32.682177000103366],[-85.110318999702869,32.682211999638],[-85.110616999628689,32.682464999970591],[-85.110974000004063,32.68251899993686],[-85.112337000309935,32.68323399965962],[-85.112636999885609,32.683434000281196],[-85.112737000343017,32.683533999667894],[-85.112937000359565,32.683734000373683],[-85.113036999918677,32.683933999875435],[-85.113236999935225,32.684133999685407],[-85.113337000392647,32.684333999803492],[-85.113436999951759,32.684534000229739],[-85.113537000409181,32.684633999896839],[-85.113836999984855,32.684833999651204],[-85.114037000001375,32.68503399971366],[-85.114237000017923,32.68513300005521],[-85.114437000034471,32.685234000084307],[-85.114536999593568,32.685434000006971],[-85.11473699961013,32.685634000237819],[-85.114837000067538,32.685933999744087],[-85.115037000084101,32.686433999705812],[-85.115136999643198,32.686833000273538],[-85.115237000100635,32.687333999990734],[-85.115336999659746,32.687831999934424],[-85.115336999659746,32.688231999790588],[-85.115437000117169,32.688433000043624],[-85.115437000117169,32.688732999974562],[-85.115437000117169,32.68883300023159],[-85.115437000117169,32.688933000376558],[-85.115437000117169,32.689233000139595],[-85.115336999659746,32.689433000177573],[-85.115437000117169,32.689632999767603],[-85.115536999676294,32.689832999665661],[-85.115637000133717,32.690032999871676],[-85.115936999709376,32.690432999695709],[-85.11613699972591,32.690732999710718],[-85.11643700019988,32.691032000017927],[-85.116637000216414,32.69133299974056],[-85.116837000232962,32.691533000366448],[-85.11693699979206,32.691832999709192],[-85.11703700024951,32.692032999970984],[-85.117136999808622,32.692432999906394],[-85.117136999808622,32.692932000327829],[-85.117136999808622,32.693232999692427],[-85.11703700024951,32.693633000299023],[-85.11703700024951,32.693933000144774],[-85.11703700024951,32.694232000318344],[-85.117136999808622,32.694532999835552],[-85.11723700026603,32.694632999643943],[-85.117336999825156,32.694832999680621],[-85.117437000282592,32.695033000025184],[-85.117437000282592,32.695232999921636],[-85.117336999825156,32.695532000276714],[-85.117336999825156,32.695731999811123],[-85.117336999825156,32.695931999653354],[-85.11723700026603,32.696332999657791],[-85.11723700026603,32.696432999717608],[-85.11723700026603,32.696532999665386],[-85.117336999825156,32.696832000201681],[-85.117336999825156,32.696932999848045],[-85.117437000282592,32.697133000023193],[-85.117437000282592,32.697231999800401],[-85.117637000299126,32.697332999750138],[-85.117736999858238,32.697532999784961],[-85.11783700031566,32.697633000012246],[-85.117936999874786,32.697833000130764],[-85.118037000332208,32.698232999779293],[-85.118136999891306,32.698632999903047],[-85.118137999716225,32.699032999746045],[-85.118337999732759,32.699433000064154],[-85.118438000190196,32.699833000101478],[-85.118537999749307,32.700231999749263],[-85.118638000206744,32.700633000089368],[-85.118737999765855,32.700833000288746],[-85.118737999765855,32.701133000125331],[-85.118737999765855,32.701332999960108],[-85.118838000223278,32.701632999627805],[-85.118838000223278,32.70183299985387],[-85.118838000223278,32.702032999631705],[-85.118737999765855,32.70223299971726],[-85.118838000223278,32.702332999969911],[-85.118838000223278,32.70243300011051],[-85.118937999782403,32.702633000055528],[-85.119038000239826,32.702833000308253],[-85.119137999798937,32.702932999888546],[-85.119337999815471,32.703133000224774],[-85.119337999815471,32.703232000149811],[-85.119438000272908,32.703431999815905],[-85.119438000272908,32.70373300005587],[-85.119537999832033,32.703933000110929],[-85.119537999832033,32.704233000108935],[-85.119537999832033,32.704432999799266],[-85.119537999832033,32.704632999797191],[-85.119537999832033,32.704732000325762],[-85.119438000272908,32.704931999653574],[-85.119337999815471,32.705132000044877],[-85.119337999815471,32.705233000125027],[-85.11923800025636,32.705333000039381],[-85.11923800025636,32.705533000287794],[-85.119337999815471,32.705632999865941],[-85.119337999815471,32.705733000087918],[-85.119438000272908,32.705733000087918],[-85.119537999832033,32.705833000197821],[-85.119638000289441,32.705933000195586],[-85.119737999848553,32.706032000037716],[-85.11983800030599,32.70623200023109],[-85.119937999865101,32.706431999976239],[-85.120038000322523,32.70653300009667],[-85.120038000322523,32.706732999922949],[-85.119937999865101,32.706933000056821],[-85.11983800030599,32.70703300033356],[-85.119737999848553,32.707232999794968],[-85.119537999832033,32.707433000319782],[-85.119438000272908,32.707632999640445],[-85.11923800025636,32.707731999863945],[-85.119038000239826,32.708032999960295],[-85.118638000206744,32.708332999779167],[-85.118337999732759,32.708633000100988],[-85.118238000173662,32.708732999984122],[-85.118238000173662,32.709031999706788],[-85.118137999716225,32.709231999978265],[-85.118137999716225,32.709431999801325],[-85.118238000173662,32.709631999931908],[-85.118337999732759,32.709833000371042],[-85.118537999749307,32.710133000184172],[-85.118737999765855,32.710333000254913],[-85.118937999782403,32.710432999744292],[-85.119137999798937,32.710531999884168],[-85.119438000272908,32.710731999816282],[-85.120038000322523,32.710932000055898],[-85.120337999898183,32.711033000373128],[-85.120433000332739,32.711127999901073],[-85.120638000372153,32.7113329999301],[-85.120937999947799,32.711632999989924],[-85.121137999964347,32.711832999721217],[-85.121337999980895,32.712032999760005],[-85.121537999997429,32.712332999733263],[-85.121837999573074,32.712632000239587],[-85.122037999589622,32.712932999676347],[-85.122138000047045,32.713232999646159],[-85.12223799960617,32.713533000118723],[-85.122338000063593,32.714032999671922],[-85.122437999622704,32.71423300006893],[-85.122437999622704,32.714433000017493],[-85.122538000080141,32.714633000273409],[-85.122538000080141,32.714833000080922],[-85.122637999639238,32.715130999823806],[-85.122738000096675,32.715223999641189],[-85.122581999562755,32.715257999883463],[-85.122581999562755,32.715532999654712],[-85.122671000149523,32.715701000276809],[-85.122691000241005,32.715739000076709],[-85.122738000096675,32.715727000101857],[-85.122738000096675,32.715832000015979],[-85.122738000096675,32.716032000158251],[-85.122637999639238,32.716230999922672],[-85.122538000080141,32.716430999926054],[-85.122437999622704,32.716532000063395],[-85.122437999622704,32.71673200014758],[-85.122437999622704,32.716831000098914],[-85.122437999622704,32.71703200018883],[-85.122437999622704,32.717331999976736],[-85.122437999622704,32.717531999778593],[-85.122437999622704,32.717632000267088],[-85.122338000063593,32.717832000152022],[-85.122138000047045,32.718131000364117],[-85.121938000030525,32.71843200013889],[-85.121837999573074,32.718631999741355],[-85.121738000013963,32.718831999651094],[-85.121637999556555,32.719031999868108],[-85.121537999997429,32.719230999740873],[-85.121438000438317,32.719532000337779],[-85.121337999980895,32.719731999740752],[-85.121238000421769,32.720032000271495],[-85.121238000421769,32.720331999793039],[-85.121137999964347,32.720531999669156],[-85.121137999964347,32.720831999775953],[-85.121238000421769,32.721032000042271],[-85.121337999980895,32.721231999859974],[-85.121337999980895,32.721431999984901],[-85.121238000421769,32.721831999644827],[-85.121137999964347,32.722131999912747],[-85.121038000405235,32.722532000211459],[-85.120838000388687,32.722932000227395],[-85.120638000372153,32.723231999817521],[-85.120438000355605,32.723431999991213],[-85.120337999898183,32.723631999716247],[-85.120038000322523,32.723831999748491],[-85.119737999848553,32.724131000248569],[-85.119438000272908,32.72423199997862],[-85.11923800025636,32.724432000176499],[-85.119038000239826,32.724631999925762],[-85.118838000223278,32.724831999982143],[-85.118537999749307,32.724931999842084],[-85.118438000190196,32.725131999981286],[-85.118137999716225,32.725430999900546],[-85.117937999699691,32.725731999974244],[-85.117737999683143,32.726031000148602],[-85.117537999666609,32.726331999708108],[-85.117337999650061,32.726631999950193],[-85.116937999616979,32.726832000054543],[-85.116537999583898,32.727131000318494],[-85.116337999567364,32.727231999673037],[-85.116138000449126,32.727431999942866],[-85.115938000432578,32.727732000262094],[-85.115637999958608,32.728032000327474],[-85.115338000382962,32.728431000059388],[-85.115037999908992,32.728831000060651],[-85.114738000333332,32.729331999776832],[-85.114437999859376,32.729831999923398],[-85.114138000283717,32.730432000024763],[-85.113938000267183,32.730932000047034],[-85.113878999817643,32.731282000056424],[-85.113166999615018,32.732812999683681],[-85.113328999996725,32.735750999867307],[-85.11479500023475,32.738104000037389],[-85.116756000042116,32.739938999818172],[-85.118550000343191,32.740816999985555],[-85.120510000325623,32.741551000371004],[-85.12263000014164,32.741990000016855],[-85.124938000278632,32.74213600029411],[-85.126253999830524,32.742130999833172],[-85.126338000394426,32.742130999833172],[-85.126538000410946,32.742130999833172],[-85.126938000444042,32.742130999833172],[-85.127337999578813,32.742130999833172],[-85.127638000052784,32.742130999833172],[-85.128238000102399,32.742232000325416],[-85.128638000135467,32.742432000184266],[-85.129038000168563,32.742731000254281],[-85.129537999760743,32.743030999705269],[-85.129937999793839,32.743330000031889],[-85.130438000284343,32.743529999692846],[-85.131038000333959,32.743729999660488],[-85.132238000433205,32.744131000131993],[-85.132738000025412,32.744431000158087],[-85.13313800005848,32.744631000369878],[-85.133538000091576,32.745029999840177],[-85.133938000124658,32.745430999749594],[-85.134338000157754,32.745931000247317],[-85.134738000190822,32.746231000256813],[-85.134837999749934,32.746431000205639],[-85.135037999766482,32.746529999666556],[-85.135691000417864,32.746946000198193],[-85.136156999674867,32.747276000095447],[-85.136489999760812,32.747697000314588],[-85.136861000379881,32.748220999701317],[-85.137222000054905,32.748881999723395],[-85.137837999998055,32.750130999865824],[-85.138361999879706,32.750661999869678],[-85.138581000162802,32.75086400028497],[-85.139055999640647,32.751269000033048],[-85.139454999848823,32.751829000027755],[-85.139567000001804,32.752265000316463],[-85.139669000109066,32.752864000208127],[-85.139705999918988,32.753234000314215],[-85.139732999683162,32.753615000293443],[-85.139901999737575,32.754229000274535],[-85.140506999810057,32.755515999695817],[-85.140731999940954,32.756243999946555],[-85.141015999623093,32.756971000061952],[-85.141470999907767,32.757578999754664],[-85.141737000046533,32.757941999906976],[-85.142069000307558,32.75834699995373],[-85.142609999907634,32.759003000103739],[-85.142885000267242,32.759466000132235],[-85.14298700037449,32.759934000236882],[-85.143014000138663,32.760483999766286],[-85.14302099981137,32.760847000163075],[-85.143009999940716,32.761308000065569],[-85.142979999803487,32.761654000169536],[-85.142834000213611,32.762114999670743],[-85.142554999656056,32.762630999791376],[-85.142306000134013,32.762904999799247],[-85.142036999622178,32.763218999990002],[-85.14182400008518,32.76387200005454],[-85.141622000418806,32.764162000107888],[-85.141219999837588,32.764460000366434],[-85.140961000269812,32.764667999793538],[-85.140444000060867,32.765039000092891],[-85.13964900001757,32.765503999968665],[-85.138700999813395,32.766114999935347],[-85.138622000170699,32.766156999891557],[-85.13805899993099,32.766539999962525],[-85.13757000020945,32.767016000061659],[-85.137417000048572,32.767192999839708],[-85.137360999972074,32.767546999850723],[-85.137357999599033,32.767564000191392],[-85.137392999759129,32.768130000304168],[-85.137391999934209,32.768485999807297],[-85.137665999570601,32.769036000136254],[-85.137730999867927,32.769333999941487],[-85.137700999730711,32.769666000141349],[-85.137719000172368,32.769844000020711],[-85.13750699956195,32.770287000271402],[-85.137324000162138,32.770642000137478],[-85.137046000327814,32.77091599965965],[-85.136692000325496,32.771172000132552],[-85.136309000010826,32.771243999731617],[-85.135518000165504,32.771137000002199],[-85.135011999827199,32.770998000168632],[-85.134611999794132,32.770851000298649],[-85.134174000126222,32.77066300018312],[-85.133868999629371,32.770501000134658],[-85.133457999725636,32.770417999846408],[-85.133152000302189,32.770448999954006],[-85.132159999717103,32.770269000372387],[-85.131425999773157,32.769992000124688],[-85.131141000266126,32.769781000044723],[-85.130884000348189,32.769562000284743],[-85.130520000300109,32.769770999960514],[-85.124938000278632,32.771631000072134],[-85.124138000212454,32.77183099962955],[-85.124037999755046,32.771931000372781],[-85.123738000179387,32.772031000248234],[-85.123437999705416,32.772230000361105],[-85.123420999986976,32.772246999807308],[-85.123327000275651,32.772274999865658],[-85.122513999790684,32.772826000246248],[-85.122189000100676,32.773352999945004],[-85.122326000368034,32.774382999785594],[-85.122759999837996,32.77518500008452],[-85.122976999572955,32.775482999694951],[-85.123600999912028,32.775711000147481],[-85.123785999859962,32.775852000204566],[-85.123898999837863,32.775940000030545],[-85.123908000058691,32.776001000150686],[-85.123954000089441,32.776307000134608],[-85.124278999779449,32.776696000374777],[-85.124467000100424,32.77715399976897],[-85.124734999889043,32.777320999787825],[-85.124938000278632,32.777448000347604],[-85.125436000220986,32.778089000371132],[-85.125596000054571,32.778615999869125],[-85.126108000240635,32.779085999707569],[-85.126218999670414,32.779188999785667],[-85.126515999771343,32.779265000360745],[-85.126920999827291,32.779369000207794],[-85.127465999625315,32.779509999755469],[-85.12869699968671,32.779476999833157],[-85.129120000184329,32.77946500013303],[-85.129933999595877,32.779648999888941],[-85.131099000433338,32.780312999882938],[-85.132184000006546,32.781184000354351],[-85.132238000433205,32.78132200018414],[-85.132671999903181,32.781618999682848],[-85.132996999593189,32.781734000000611],[-85.133322000181508,32.782078000116257],[-85.133295000417334,32.782217000013958],[-85.133240000165756,32.782513000360325],[-85.133737000283205,32.783157999880196],[-85.13394499979735,32.783430000276987],[-85.134378000340703,32.7838190003406],[-85.134486000295752,32.784076999792056],[-85.134540999649019,32.784208000213667],[-85.134703999855631,32.784325999967031],[-85.134811999810665,32.784401999930154],[-85.134850000343832,32.78442999993991],[-85.134893000001526,32.784460999697707],[-85.135570999868946,32.784643999777579],[-85.136067999986409,32.784527000364207],[-85.136546999662215,32.784416000313747],[-85.137034999558836,32.784484000095745],[-85.137487000368779,32.784595000061351],[-85.138634999691163,32.784874999910343],[-85.139284999969504,32.784919999817404],[-85.139664999911119,32.785150000077536],[-85.139880999821173,32.785653999953873],[-85.139880999821173,32.785975000009408],[-85.139861999554611,32.786014999852796],[-85.139772999866139,32.78620300000874],[-85.139813000049102,32.786917999933081],[-85.139825999569595,32.787143000114675],[-85.140239000021467,32.787692000042007],[-85.140394999657076,32.787898999667256],[-85.140697999605777,32.788189999847184],[-85.141009999775292,32.788491000077443],[-85.141181000377841,32.788655000346225],[-85.141424999877003,32.789341000366164],[-85.141559999596197,32.789478999625281],[-85.141696000038664,32.790007000231221],[-85.141614000022884,32.79135800011251],[-85.141721999977918,32.791655999924522],[-85.142183000110364,32.792136000183049],[-85.142568000074846,32.792210999682673],[-85.142778999962033,32.792250999742301],[-85.143000999719888,32.79216700027586],[-85.143023000359506,32.792159999939159],[-85.143034000230159,32.792135000350399],[-85.143105000375272,32.791977000219163],[-85.143593000271892,32.791632000032401],[-85.144087999841219,32.791497999697462],[-85.144352000330201,32.791428000310098],[-85.14462900033962,32.791428000310098],[-85.145108999840332,32.791428000310098],[-85.14538300037502,32.791428000310098],[-85.146332000404115,32.791566000106833],[-85.146437999810999,32.791596999643168],[-85.147495999620034,32.791905000028009],[-85.147741999667318,32.791978000053575],[-85.148295999686198,32.79223400034212],[-85.148579000441728,32.792366999738064],[-85.149321999708178,32.79271299992034],[-85.150645999655978,32.793329000199925],[-85.150994999635415,32.793491000219426],[-85.15113899957548,32.793587000007847],[-85.151912999702375,32.794102999643613],[-85.152024999855357,32.794179000314593],[-85.152891999868672,32.794957999671261],[-85.153000999648611,32.794981000375437],[-85.153435000016884,32.79555300005029],[-85.153655000124928,32.795923999959349],[-85.153859000339409,32.796269999894207],[-85.154030999868553,32.796560000085698],[-85.15457300019186,32.797226000257403],[-85.15506100008848,32.798095999967202],[-85.155712000191741,32.798753999629426],[-85.156308000043396,32.799356000051283],[-85.157499999746733,32.800135999856458],[-85.157934999939926,32.800319000152676],[-85.158422999836532,32.80084600008972],[-85.158693999998192,32.801394999994379],[-85.158815000372016,32.801492000037712],[-85.159181999894813,32.801784999736157],[-85.159308000291503,32.801996999900268],[-85.159535000072239,32.802379999734228],[-85.16010400015972,32.802931000159248],[-85.161622000276282,32.803800999917407],[-85.162136999937104,32.804237000075375],[-85.16243599968783,32.804830999827871],[-85.162951000246963,32.805494999835354],[-85.163104000407841,32.805624999983969],[-85.163167999981937,32.805677999670564],[-85.163271999739024,32.805860999884068],[-85.163547000098632,32.806342999819151],[-85.163850999872238,32.806599999945888],[-85.163927000040232,32.806663000274817],[-85.164414999936852,32.807260000168846],[-85.164485000257059,32.807273999974051],[-85.164522999891886,32.807282000293227],[-85.164537999960501,32.80732700018747],[-85.164577000318559,32.807443000145291],[-85.164698999618977,32.807532000088464],[-85.164869000396607,32.807658000135554],[-85.165019000184429,32.807768999867214],[-85.165387000430471,32.808038999676576],[-85.165635000127594,32.808222000314203],[-85.165851999862568,32.808497000010917],[-85.166041999833368,32.808862999778327],[-85.166096000260026,32.80934399964989],[-85.166610999920835,32.810030999749017],[-85.166637999685037,32.810214999689379],[-85.166990000037529,32.810673000135189],[-85.167395000093478,32.811074000287142],[-85.167862999898631,32.811536999663453],[-85.167939000066596,32.811610999793558],[-85.167987999572091,32.811713999953625],[-85.168047999846564,32.811840999722776],[-85.16807799998378,32.812035999918606],[-85.168129000037396,32.81236800005361],[-85.168240000365486,32.812526999790435],[-85.168400000199071,32.81275600001311],[-85.168396999826015,32.812831999837869],[-85.168373000434883,32.813604999766987],[-85.168643999698205,32.813948999658585],[-85.168643999698205,32.814245000079552],[-85.168616000109139,32.814259999878246],[-85.168426999963245,32.814359999729703],[-85.167965999830798,32.814337999847496],[-85.167287000138444,32.815413000280323],[-85.166683999715787,32.816214000221088],[-85.165251999812924,32.818116999917564],[-85.164984000024333,32.818734000355967],[-85.164953999887103,32.818804000136261],[-85.164911000229409,32.819195000019278],[-85.164845000107164,32.819789000201631],[-85.16505199979639,32.820439000184074],[-85.165240000117379,32.821029000057251],[-85.165396999577894,32.821520000058214],[-85.165604000165445,32.822170000208487],[-85.165875000327091,32.82256000012935],[-85.166010000046313,32.823040999837623],[-85.166334999736321,32.823604999761038],[-85.166932000311192,32.824644000110375],[-85.167872000119445,32.825733999766406],[-85.167881000340287,32.825744000352316],[-85.168314999810249,32.826500000020168],[-85.16842500031342,32.826824999830691],[-85.168532000443534,32.827141999921615],[-85.168407999696655,32.82803699974356],[-85.168341999574423,32.828515999629509],[-85.168016000059509,32.829203000192635],[-85.167400000116345,32.830368000271974],[-85.167180999833235,32.830782000323751],[-85.166225000131462,32.832593000373194],[-85.165957000342857,32.832889999941109],[-85.165790999763189,32.833074000092523],[-85.165655000219061,32.833394000136828],[-85.165584000073949,32.833492000094303],[-85.164774999786957,32.834618000023895],[-85.164650999938416,32.834790999940125],[-85.16410799979019,32.835294999912335],[-85.162073000362994,32.836759999793841],[-85.161661999560948,32.837167999749347],[-85.161018000028704,32.837811999659593],[-85.160803999768461,32.838026000053631],[-85.160580000360781,32.838247999726804],[-85.160330000115536,32.83836500013696],[-85.159304000093556,32.838838999852989],[-85.159196000138522,32.838889999982143],[-85.157431999974662,32.839439000316268],[-85.156157000430667,32.839667999843918],[-85.155281000196524,32.839682999878086],[-85.154855000224174,32.839689000192948],[-85.154584000062513,32.839805000162265],[-85.15451499956724,32.840006999694978],[-85.154440000122463,32.840228999697423],[-85.154365999604323,32.840445999680071],[-85.154013000325207,32.840744000189879],[-85.153905000370173,32.841018000312786],[-85.153795999691908,32.841911999872941],[-85.153496999941183,32.842780999803828],[-85.153461999781086,32.843445999964189],[-85.153449000260593,32.843707999963208],[-85.153388000161229,32.844864999953941],[-85.153712999851251,32.845666999921463],[-85.154255000174544,32.847475999794526],[-85.154610000001767,32.848009999717952],[-85.154877999790401,32.848411000358901],[-85.155339999747738,32.849102999907885],[-85.156288999776834,32.850523999869097],[-85.157154000140324,32.851495000138797],[-85.157862000144974,32.852287999858341],[-85.158350000041608,32.853111999997935],[-85.159054999673216,32.853889999709203],[-85.159109000099889,32.854052000245851],[-85.159760000203136,32.854739000156925],[-85.159841000393982,32.854944999934958],[-85.161089000173817,32.856044999803821],[-85.161902999585351,32.8563889998088],[-85.16231000018945,32.856479000375316],[-85.163558999794191,32.856433999726192],[-85.164317999852472,32.856183000365299],[-85.165457999677258,32.855449000173806],[-85.165974000061297,32.855243999933997],[-85.166591999654258,32.854849000031962],[-85.166760999708671,32.854740000039776],[-85.167222999666038,32.854191000023349],[-85.167414000360054,32.853804999756498],[-85.167630000270123,32.853367000094217],[-85.167805999997228,32.853163000226793],[-85.168063999740085,32.852863000102246],[-85.168688000079143,32.852586999755921],[-85.169821000231238,32.85251399971488],[-85.169954000300635,32.852505999696412],[-85.170099000065591,32.852496999769045],[-85.170750999993757,32.852633999905649],[-85.172131000018055,32.853056000230822],[-85.172512999609467,32.853172999987052],[-85.172623000112637,32.853205999716266],[-85.175634000231412,32.853523999839304],[-85.177124999685475,32.853889999709203],[-85.177965999759522,32.854279000025024],[-85.178421999869101,32.854602000252179],[-85.178508000082829,32.854663999855234],[-85.1785759998549,32.854714000063403],[-85.178671000289441,32.854780999754851],[-85.178845000366707,32.85490600005766],[-85.179353000354837,32.85526899987817],[-85.180113000238023,32.855911000015624],[-85.180145999849984,32.855946999843432],[-85.181523000399565,32.857491000342137],[-85.181767999723618,32.857698000370938],[-85.182582000033491,32.858728000116685],[-85.182879999959326,32.859049000323509],[-85.182934000386012,32.85920900007509],[-85.183993000019939,32.860491999980013],[-85.184024999806979,32.860557000200586],[-85.184399999725727,32.861316999941685],[-85.184345000372446,32.861407000035769],[-85.184887999622347,32.863355000199675],[-85.184886999797442,32.863446000274145],[-85.184860999858159,32.865048999859049],[-85.18475200007822,32.865234000259264],[-85.184778999842393,32.867111999999985],[-85.184860000033268,32.867272000296865],[-85.184913999561616,32.868943999897809],[-85.184833000269066,32.869356000147491],[-85.184696999826642,32.869494000370885],[-85.184723999590815,32.869585000181978],[-85.184556000259633,32.869849999846039],[-85.184131000112203,32.870525000153016],[-85.184737000009605,32.870513999625871],[-85.185061999699613,32.872000000042213],[-85.185348999754794,32.873323000274816],[-85.185614999893588,32.874534999746579],[-85.185741000290278,32.875127000013883],[-85.185775999552064,32.875304000287009],[-85.185890000253195,32.875921999748329],[-85.186185999630879,32.877258999631991],[-85.186419999982618,32.878597000087851],[-85.186466999838274,32.878842000209701],[-85.186687999771223,32.879761999794347],[-85.186775999634762,32.880230999909415],[-85.186819000190795,32.880459999766863],[-85.186989000070099,32.881642000279562],[-85.187040999948636,32.881926000365631],[-85.187460000248279,32.883884000179343],[-85.187528999845256,32.884206999703693],[-85.187940999573911,32.886127000220924],[-85.187998000373639,32.886387000330352],[-85.188740999640075,32.889727000327639],[-85.188969999968933,32.890899999636211],[-85.189071000251261,32.891412999688548],[-85.189488999827702,32.893551999661021],[-85.189641000163675,32.894325999832397],[-85.190641000246373,32.899526999755892],[-85.190728000285006,32.899956000298943],[-85.191025000385935,32.901414000262378],[-85.191278000105925,32.902651999711594],[-85.191633999758082,32.904386999719812],[-85.191692000382702,32.904695999639237],[-85.19184299999543,32.905490000261835],[-85.191868000109793,32.90562000028013],[-85.192766999910177,32.910339000162395],[-85.192841000428331,32.910725000134363],[-85.193300999837547,32.912860999821049],[-85.1934039997697,32.913338000237722],[-85.193582000044927,32.91416399997555],[-85.19394100007014,32.915825999939315],[-85.194180000444732,32.917214999679366],[-85.194293000422647,32.917875999934132],[-85.194438000187603,32.918705000053166],[-85.194529000424197,32.919154000146825],[-85.194608999891827,32.919541999949843],[-85.195053000305833,32.921704000210823],[-85.195880000136185,32.925731000050291],[-85.196004999809659,32.926335999815699],[-85.197260999985389,32.932448000119756],[-85.197359999719595,32.93292700002791],[-85.197441999735375,32.933326000022085],[-85.197723999767661,32.934713999771475],[-85.199308000006468,32.942500000227618],[-85.199841999933867,32.945124000147331],[-85.200414000394389,32.948413999783014],[-85.200642000000016,32.949724999794839],[-85.201282000232609,32.952795999982122],[-85.201530999754652,32.953988999664183],[-85.202141999674907,32.956924999940277],[-85.202482000331855,32.958864999995257],[-85.203141999757634,32.962625000183017],[-85.203484000064392,32.964258000155255],[-85.203547999638488,32.964565000209625],[-85.2039839996566,32.966648000041573],[-85.204941999906495,32.971224000229405],[-85.204971000218819,32.971364000103975],[-85.205434000001077,32.973602000226165],[-85.205557999849646,32.974202000058249],[-85.206092999601935,32.976788000285566],[-85.206137999807794,32.977022999838717],[-85.206511000076688,32.979132000163801],[-85.207026999562416,32.981582999696812],[-85.207204000012737,32.982497000239782],[-85.207441999664098,32.983723999758553],[-85.208158999889591,32.987083000255424],[-85.20904199979644,32.991223999983546],[-85.209062999712842,32.991334999700719],[-85.209451999875256,32.993368999837159],[-85.210165999727693,32.997134999726782],[-85.210733000165362,33.000123999762621],[-85.210830000249743,33.000610000216213],[-85.212581999819719,33.009363000014609],[-85.213207999808617,33.012484000363457],[-85.214130999898416,33.017072000328277],[-85.214214999564007,33.017491000024798],[-85.214832000230373,33.019796000186666],[-85.215024999675919,33.021517999876373],[-85.215526999816248,33.024016999890755],[-85.216859999984891,33.030626999670517],[-85.21726400021592,33.032672999839463],[-85.217795999595168,33.035350000073237],[-85.218174999711849,33.037249000171869],[-85.218578999942892,33.039272999701645],[-85.218769999738612,33.040099000079714],[-85.219219000175499,33.042333000075594],[-85.219219000175499,33.042476000146856],[-85.219220000000405,33.042547000085442],[-85.219377000359245,33.043315000006061],[-85.219384999856857,33.043355999703685],[-85.219769999821324,33.045081999857246],[-85.220157000333927,33.047010000120835],[-85.22026000026608,33.047644000194445],[-85.2207480001627,33.049963999865291],[-85.221137000325143,33.051895999824886],[-85.221337000341691,33.052898000355739],[-85.221904999705941,33.055722000233892],[-85.223473000051229,33.06356000006781],[-85.223521999556709,33.063856000337687],[-85.223605000295692,33.064320999750834],[-85.223794000441586,33.065399000291528],[-85.223935999833486,33.066186999952059],[-85.224883000212756,33.070776999743941],[-85.226026000410585,33.07648800029726],[-85.227762000087026,33.085146999984474],[-85.228870999949692,33.090598000234507],[-85.232378000360995,33.108076999867023],[-85.232514999730043,33.108759000375947],[-85.233108000106967,33.111714000102666],[-85.233566999691291,33.114083999859844],[-85.235685999682389,33.125120999938851],[-85.236443000090844,33.12915999998048],[-85.236509000213076,33.12951100001596],[-85.236518000433918,33.12955900015605],[-85.236529000304571,33.129614000252964],[-85.23654100000013,33.129647999625455],[-85.236555000243825,33.129760999768436],[-85.238203000056743,33.13862100015011],[-85.239963999847561,33.148093000194528],[-85.240449000269436,33.15049999999728],[-85.240640000065156,33.15151799989323],[-85.240792000401129,33.15232399966564],[-85.241277999749599,33.154915999854289],[-85.242822999630363,33.162674999861331],[-85.245044999553613,33.173833999999339],[-85.246569000416287,33.181488000184252],[-85.246592999807419,33.181607000121197],[-85.247216000321558,33.184614000204228],[-85.248888000423904,33.193897000166132],[-85.249945000408033,33.199725000339598],[-85.250726000207621,33.203865000227601],[-85.251702000000876,33.208903000077001],[-85.251820999826563,33.209521999786674],[-85.251857999636499,33.209714999762554],[-85.252097999835996,33.210946000350567],[-85.253539999784579,33.218271000040154],[-85.254523000148851,33.22368099987623],[-85.255551999645547,33.229362000246716],[-85.255658999775676,33.229942000007597],[-85.256002999732274,33.231778999963502],[-85.256068000029586,33.231870000349808],[-85.25685800005003,33.235791000105429],[-85.257036000325257,33.236544000351209],[-85.257443000031031,33.238079000075103],[-85.257905999813303,33.241086999728786],[-85.25806700037009,33.242132999749231],[-85.259302999556041,33.248397999988896],[-85.259531999884899,33.250057000020618],[-85.26043499988323,33.254719999807527],[-85.262505000368833,33.265563000184663],[-85.262512999866431,33.265603999777547],[-85.263954999815027,33.273151000289815],[-85.264646000101237,33.276774999808829],[-85.266929000123852,33.288721999975692],[-85.268170000230995,33.295223000262524],[-85.269679999951634,33.303302999849507],[-85.270957999868685,33.309737999797036],[-85.273452999603421,33.32282200002679],[-85.275558000249148,33.333857999923381],[-85.276575000050286,33.339191000118767],[-85.277494999767029,33.344012000150094],[-85.278586999911255,33.349877000263923],[-85.281044000011164,33.362485000248483],[-85.281143999570261,33.362998999951273],[-85.281167999859704,33.363122000076579],[-85.281302999578912,33.363815999928867],[-85.28133199989125,33.364120000038632],[-85.281430999625442,33.364625999796111],[-85.28347599999671,33.375113999935976],[-85.284346000383067,33.379509000054924],[-85.286323000083939,33.389502000005493],[-85.290139000291745,33.409422000017024],[-85.291526999813655,33.416569000332629],[-85.291819999716623,33.417807999918189],[-85.292315000184246,33.420677999898835],[-85.293059000173926,33.424320999937578],[-85.293804999813403,33.428098000286319],[-85.293876999783421,33.428459999685408],[-85.296465000302902,33.440476999963707],[-85.296492000067076,33.44062400003282],[-85.297636999914744,33.446913999796806],[-85.299040000403579,33.454230999699611],[-85.299494999789928,33.456663999898396],[-85.301267000349696,33.466115999992326],[-85.302992000155513,33.475233999963727],[-85.303408000082129,33.477417000132384],[-85.304439000126962,33.482883999664779],[-85.30542599979087,33.487410999761323],[-85.305631999655205,33.488351999724316],[-85.306172000328672,33.490831000208125],[-85.306620000042344,33.49293099970189],[-85.307945999639969,33.500110000057845],[-85.30834300019832,33.502353000177784],[-85.308385999856029,33.502598000313732],[-85.309636000183971,33.508656999635285],[-85.311662000288663,33.518479000138271],[-85.311919000206615,33.519719999984552],[-85.312874999908374,33.524566000157456],[-85.313462000437525,33.527307000303317],[-85.313986000319176,33.52977199989531],[-85.31399899983964,33.529788999937722],[-85.313993999816773,33.529942999861255],[-85.31399899983964,33.530153000131946],[-85.314004999687441,33.530259999827699],[-85.314011000433524,33.530357999957729],[-85.314033000174845,33.530565999850339],[-85.314060999763925,33.530766000283265],[-85.314100999946888,33.530983000061262],[-85.314147999802557,33.531207999711462],[-85.31418600033571,33.531415000130529],[-85.314742999829321,33.534121999712092],[-85.314834000065915,33.534536999967351],[-85.314907999685744,33.53494100000546],[-85.314912999708625,33.534971000266644],[-85.314963999762256,33.535396000227045],[-85.314976000356125,33.535738999663394],[-85.314978999830871,33.535821000344377],[-85.31499100042474,33.535867000272269],[-85.315338999680975,33.5376469996488],[-85.315731000216459,33.53964199965327],[-85.316542000153277,33.543753999997314],[-85.317527999992279,33.548764000144779],[-85.318528999899897,33.553837000190661],[-85.318527000250086,33.553903999960696],[-85.318524999701921,33.553992000104813],[-85.318812999582022,33.556031000230007],[-85.319176999630102,33.557130000192508],[-85.32030300010949,33.56284199973566],[-85.322535999903408,33.574165999750221],[-85.32255699981981,33.574270999729926],[-85.323314000228265,33.578115999931988],[-85.323752999721094,33.58033800032922],[-85.325533999603394,33.589366999747917],[-85.328220999857052,33.602994000368163],[-85.329153999992599,33.607724999678808],[-85.33227600043945,33.623541000228549],[-85.332715999757212,33.625104999643142],[-85.335073000297982,33.637077999660349],[-85.336199999703993,33.642805000179727],[-85.337783999942786,33.650847999898346],[-85.338230000006632,33.653116999892141],[-85.33842400017538,33.654099999765698],[-85.338430999848086,33.654138999726889],[-85.341856000243624,33.671534000147588],[-85.34189300005356,33.671720000243283],[-85.342672000203308,33.675673999685692],[-85.342723000256953,33.675935000175791],[-85.342725999731684,33.675951999833636],[-85.34405200022762,33.682685999666653],[-85.344078000166888,33.682822000360083],[-85.346542999764381,33.695338000264528],[-85.346550000335398,33.695375000177577],[-85.347351000226482,33.699442000304451],[-85.347357999899188,33.699477999975052],[-85.349869000425741,33.712477999802545],[-85.349974000007748,33.713019000061671],[-85.3524989998797,33.725876999816201],[-85.352503000077661,33.725900000269213],[-85.352529000016929,33.726129000318373],[-85.352615000230642,33.72644299968939],[-85.352664999561057,33.726578999855107],[-85.355152999623087,33.739242999853019],[-85.355193999630984,33.739451000103827],[-85.355609999557586,33.741564000290047],[-85.356874000129238,33.747983999659922],[-85.356920999984908,33.748232999770778],[-85.357403000033756,33.750103999661953],[-85.357998999885424,33.753556000147817],[-85.358292999613298,33.755256000308997],[-85.358545000406679,33.75673600015223],[-85.35864599979071,33.757318000273301],[-85.360297999801574,33.766843000202378],[-85.360302999824441,33.766870999784082],[-85.3603630000989,33.766962000228261],[-85.360466999855987,33.76730900005041],[-85.360610999796023,33.767971000326597],[-85.360676999918255,33.768299999837268],[-85.360847999622479,33.768977999931657],[-85.361045000164282,33.769864000295875],[-85.361164999814889,33.770435999745473],[-85.361235999960002,33.770732000264246],[-85.361389000120866,33.771308000159188],[-85.361410999862187,33.771414000044629],[-85.361462999740723,33.77166100030459],[-85.361529999687875,33.772027000311574],[-85.361589000137414,33.772309000168626],[-85.361789999978868,33.773192999975656],[-85.361839000382673,33.773481000348667],[-85.361847999705205,33.773711000158649],[-85.361820000116111,33.773950000232269],[-85.362821000023715,33.779108999735364],[-85.362836999917235,33.779192000079973],[-85.362943000222444,33.779746999957545],[-85.362959000115978,33.77983699963918],[-85.364592999685172,33.788444999651574],[-85.367768999660399,33.805182000350833],[-85.367782000079174,33.805250000338759],[-85.370059000254017,33.817337000024715],[-85.370051999683014,33.817350999771804],[-85.370215999714546,33.81821999984593],[-85.370291999882525,33.818616000087722],[-85.37182099986974,33.826627000181901],[-85.37183500011345,33.826703000120581],[-85.372034000305092,33.827768000343852],[-85.372126000366592,33.828260999646645],[-85.372796999663009,33.831852000186757],[-85.372825999975319,33.832005000324955],[-85.374077000128196,33.838500000106805],[-85.374472000138411,33.840548000119625],[-85.374529999864734,33.840851000140866],[-85.374948000339472,33.842986000078561],[-85.375360000068127,33.845135999829495],[-85.375987999706837,33.848461999700014],[-85.376432999945763,33.85065000017746],[-85.37643700014371,33.85067000012247],[-85.376465999557709,33.850818000166953],[-85.377167999714601,33.854260999845245],[-85.377172999737468,33.854286000210983],[-85.377426000355769,33.856046000256747],[-85.378894000243619,33.863281000236981],[-85.37950900036185,33.866279999965727],[-85.379825999655964,33.867812999832296],[-85.379832000402047,33.867842000188759],[-85.380573999843563,33.871460000060836],[-85.38104099982381,33.873477000191791],[-85.381418000290665,33.875102000304402],[-85.381774999767728,33.876945999744272],[-85.38183000001932,33.87723299977624],[-85.384708000068699,33.892042000308557],[-85.384718999939352,33.892099000244869],[-85.384728000160194,33.892146999769203],[-85.384914999757939,33.893126999935497],[-85.384971999659342,33.893429999818622],[-85.384975000032398,33.893444999718447],[-85.385667999968447,33.897012000303704],[-85.386252000124529,33.900010000357369],[-85.386261000345357,33.900057999902764],[-85.386581000012498,33.90171899971196],[-85.386595000256222,33.901791999659302],[-85.387925000051794,33.908648000333834],[-85.387926999701634,33.908658000222204],[-85.388783999669187,33.913031000087777],[-85.389575000412833,33.917066999712652],[-85.391541000243052,33.927059000122668],[-85.394035000152883,33.939735999976776],[-85.395884999632159,33.949135000335687],[-85.396096000417657,33.950209000163134],[-85.396154999968886,33.950504999652253],[-85.397422999840202,33.95694600021821],[-85.397657000191927,33.958145000027507],[-85.398072000293624,33.960242999665908],[-85.398837000199705,33.964128999734925],[-85.3993230004465,33.966605999781329],[-85.399381999997729,33.966904999819313],[-85.399546000029261,33.967726999950862],[-85.399616000349468,33.968085999722732],[-85.402446999644852,33.982469000038577],[-85.404870000307881,33.994778999719685],[-85.405918000071182,34.000100000006739],[-85.406748000274547,34.002313999772035],[-85.406797999604947,34.002574000128284],[-85.406837999787925,34.002782000138154],[-85.409211000222228,34.015131999634143],[-85.40933099987285,34.015750999697744],[-85.409376000078694,34.015986000029088],[-85.409798999677989,34.018177000368865],[-85.409875999670874,34.018577999943787],[-85.410807999981515,34.023403999889915],[-85.410869999905813,34.023727000280751],[-85.41241999980943,34.031755999784011],[-85.415814000242833,34.049378999852152],[-85.417852000043084,34.059960999939719],[-85.418483000054849,34.063233999858419],[-85.419218999648578,34.067055000205599],[-85.41943100025901,34.068154999654375],[-85.420232000150079,34.072277999721024],[-85.420862000336939,34.075601000368714],[-85.420944000352705,34.076033000246234],[-85.421852000373889,34.080821999818248],[-85.422327999676639,34.083329999997503],[-85.42237500043062,34.083576999875135],[-85.426666000116285,34.106197999763033],[-85.426851000064204,34.107173999876402],[-85.426885000399409,34.107353000190407],[-85.427887999956823,34.112640000077931],[-85.428221999867674,34.114396999770058],[-85.428231999913407,34.11448099987232],[-85.42946999964748,34.125095999714446],[-85.432474999918483,34.139510000270832],[-85.432968999662904,34.141876000086889],[-85.434374999626471,34.148376000100427],[-85.434437000449066,34.148662999987181],[-85.436382000362883,34.158077000075224],[-85.4364679996783,34.158509000338526],[-85.437062999705034,34.161475999892595],[-85.437066999902996,34.161497000122935],[-85.438559000080289,34.168938000139576],[-85.442109000149316,34.186637000324268],[-85.44212400021793,34.186709999899321],[-85.443023999843206,34.191198000355833],[-85.443720000152311,34.194285000330936],[-85.444305000133326,34.197666999861383],[-85.444316999828885,34.197773999920472],[-85.444329000422769,34.197878999693657],[-85.444404999692424,34.198538999838057],[-85.444454999921149,34.198795999634847],[-85.444497999578857,34.199017000154811],[-85.444670999831217,34.199900000105529],[-85.44482099961904,34.200661999924243],[-85.444983999825652,34.201489000176721],[-85.445091999780701,34.202037999740533],[-85.445486999790901,34.203882000256826],[-85.445824000074794,34.205542999940057],[-85.445891000021945,34.205771999712184],[-85.446026999566072,34.206603000239326],[-85.446715000377566,34.21001800036823],[-85.446732000095992,34.210102999664862],[-85.448010000013042,34.21644500005177],[-85.448026999731482,34.216527999843684],[-85.451601000089937,34.234283000237454],[-85.453817999990349,34.245159999654042],[-85.45419600028211,34.247029000102934],[-85.454238999939818,34.247243999702867],[-85.454496999682675,34.24851699990905],[-85.454957999815122,34.250092999773258],[-85.455057000447638,34.250688999749656],[-85.455060999747289,34.250719000269797],[-85.455371000266993,34.25285400028978],[-85.456379999672222,34.257574000147727],[-85.458071000041144,34.265736000238988],[-85.458132999965429,34.266082999936451],[-85.45821699963102,34.266293999824832],[-85.458331000332151,34.266479999853892],[-85.458316000263537,34.266786000227953],[-85.458303999669639,34.266939999995088],[-85.458338999829763,34.267238000228303],[-85.458527000150724,34.267570999807567],[-85.458626999709836,34.268047999656545],[-85.458588000250103,34.268659999758285],[-85.458690000357336,34.26941699981635],[-85.458692999832081,34.269436999918675],[-85.459306000300501,34.272458000054648],[-85.461390999956407,34.282451999781856],[-85.462206999916091,34.286385999979728],[-85.462939000210184,34.289911999991922],[-85.462981000042987,34.290115000191904],[-85.463259999702245,34.291550000055857],[-85.463547999582346,34.293027999824275],[-85.464749000404822,34.298862999884641],[-85.464799999560114,34.299110999727226],[-85.465861999567096,34.304269999805705],[-85.46587400016098,34.304329000153672],[-85.465875999810805,34.304339999685702],[-85.465894000252476,34.304430000187708],[-85.467800999633155,34.314341999888107],[-85.467807000379239,34.314377000088989],[-85.468454000284538,34.317731999718767],[-85.468475000200939,34.317841000282399],[-85.468479000398901,34.317863000256459],[-85.468482999698537,34.317886000358079],[-85.468501000140193,34.317981999746401],[-85.470415000091876,34.328053000192348],[-85.470435000183386,34.328159999940944],[-85.470436999833197,34.328174000092062],[-85.470450000251972,34.328239000021327],[-85.474023999712145,34.344548000216768],[-85.474437999988936,34.346472999775727],[-85.474453999882456,34.346553000201425],[-85.478133999647824,34.363679999993764],[-85.478187000249591,34.363934999675401],[-85.480527000173623,34.37508900022727],[-85.481726000447949,34.380661000086164],[-85.484369000320683,34.392938000192842],[-85.484513000260748,34.393541999689184],[-85.484533000352229,34.393626000280264],[-85.484539000200002,34.393640999847435],[-85.484590000253633,34.393875000160413],[-85.485429999604449,34.397755999741008],[-85.485448000046119,34.397840999729688],[-85.486433000060188,34.402387999694994],[-85.486428999862241,34.402402000049022],[-85.486479999915872,34.40260699982877],[-85.486546999863023,34.402915000339767],[-85.486595000441909,34.403137000149343],[-85.48849299960176,34.411912000208098],[-85.488552999876219,34.412193999662776],[-85.488638000265041,34.412582999820565],[-85.488682999572561,34.412789000333589],[-85.489840999839004,34.418138000120017],[-85.489870000151328,34.418271000208051],[-85.489944999596091,34.418619000356927],[-85.491599999979996,34.42593499978841],[-85.49484399972728,34.440434999726115],[-85.494869999666534,34.440554000010074],[-85.497002000076421,34.450044999904009],[-85.497089000115068,34.450428000040809],[-85.49714299964343,34.450660999968747],[-85.497157999712044,34.45072699970622],[-85.497183999651298,34.450843000061226],[-85.498268000297927,34.455669999724279],[-85.498337999719794,34.455982000185472],[-85.499716999919187,34.462119000113063],[-85.499952000095831,34.46346399999387],[-85.500337999885204,34.464848000164942],[-85.500788999971917,34.466980000000284],[-85.500886999881203,34.46744699998159],[-85.500906999972699,34.467541999981449],[-85.500938999759754,34.467695000174984],[-85.501168999913517,34.468799999910686],[-85.501317000051515,34.46950700013133],[-85.502050000170527,34.472936000244545],[-85.502316000309307,34.47395399968476],[-85.502363000164991,34.474184999633842],[-85.502446999830568,34.47452799999428],[-85.502938999925149,34.476625999830006],[-85.50450100042265,34.484357999956174],[-85.504799000348484,34.485580000269607],[-85.504797999625254,34.485645000186537],[-85.504821000089777,34.485744000122196],[-85.504823999564522,34.485761999761323],[-85.504831999960444,34.485797999768337],[-85.50484600020414,34.485859999949696],[-85.505174000267203,34.48731099969185],[-85.505452999926462,34.488544000209842],[-85.506172999626685,34.491953999766856],[-85.50650499988771,34.493477000166692],[-85.506766999828528,34.49469099967623],[-85.507405000411296,34.497731000260934],[-85.507778999606785,34.499380999648082],[-85.507971999950627,34.500085000039206],[-85.50815699989856,34.500590999864002],[-85.508152999700599,34.500619000238679],[-85.508159000446696,34.500835000063098],[-85.50817699999007,34.500977000287122],[-85.508207000127285,34.501125999949259],[-85.508202999929324,34.50113600012574],[-85.508231000416728,34.501237999932414],[-85.508259000005822,34.501335000278743],[-85.508336999823612,34.501693000213507],[-85.50839500044826,34.502057000279002],[-85.508413999816526,34.502159999852388],[-85.50843999975578,34.502304999754926],[-85.508459000022356,34.502412999773711],[-85.508539000388311,34.502768999968943],[-85.508638999947436,34.503125000124349],[-85.508726999810975,34.503481000239965],[-85.508797999956087,34.503837000315748],[-85.509121999821176,34.505251999914165],[-85.509192999966274,34.505601999896804],[-85.509259000088534,34.505845000124395],[-85.509470999800641,34.50685000012168],[-85.509516999831391,34.507102999872622],[-85.509525000227299,34.507176000044218],[-85.509524000402408,34.507211000337065],[-85.509541999945739,34.507278999954458],[-85.509553999641298,34.507354000154002],[-85.509573999732794,34.507429999635967],[-85.509644999877906,34.507802999848252],[-85.509722999695725,34.508169000043445],[-85.509972000116051,34.509260000131228],[-85.510202000269828,34.510345999725317],[-85.510613000173564,34.512145000293408],[-85.510917999772076,34.513586999921245],[-85.511157000146682,34.514670000109881],[-85.511503999578011,34.516104999809016],[-85.511737999929721,34.517181000024486],[-85.511804000051981,34.517540999927256],[-85.511835999839036,34.51768699968293],[-85.511865000151346,34.517761000171134],[-85.511890000265709,34.517889000180318],[-85.511923999702574,34.518024999696948],[-85.511946000342192,34.518091000187887],[-85.511977000304341,34.518154999963535],[-85.512015999764088,34.518222000312036],[-85.512069000365855,34.518293999665396],[-85.512137000137898,34.51836299982002],[-85.512798000286892,34.520888999862414],[-85.512803000309773,34.520910999768958],[-85.512885000325539,34.521221999844499],[-85.513039000311323,34.521773000145124],[-85.513611999698455,34.523824999751703],[-85.513758000186627,34.524573000254065],[-85.513929999715771,34.525191999651732],[-85.513981999594307,34.525481999725145],[-85.514123999884532,34.526274000094482],[-85.514240000235489,34.526911999663632],[-85.514553000229924,34.528649999676965],[-85.514696000345069,34.529443000087646],[-85.514740999652588,34.52969600006135],[-85.514878999744852,34.530454999810793],[-85.514924999775602,34.530707999670042],[-85.515139999860764,34.531901999702939],[-85.515611999863864,34.534518999977998],[-85.515623999559423,34.534575999881397],[-85.515656000244803,34.534750000124092],[-85.515687000206924,34.534924999763177],[-85.515787999590955,34.535483999935195],[-85.515960999843315,34.536439000168933],[-85.516004000399334,34.536678000300462],[-85.516217999761253,34.537860999888977],[-85.516859999643685,34.541412999689058],[-85.517073999903928,34.542598000139535],[-85.517273000095543,34.543497000136057],[-85.517870999597037,34.546192999951991],[-85.518070999613585,34.547092999945797],[-85.518124000215352,34.54733599974778],[-85.518284999873828,34.548065000075688],[-85.518339000300486,34.548309000338222],[-85.518344000323381,34.548333000337514],[-85.518361999866713,34.548407999828306],[-85.518367999714499,34.548433000136804],[-85.518370000262649,34.548444999749471],[-85.518377999760261,34.54848199965425],[-85.518381000133303,34.548495000336771],[-85.518405000422746,34.54859699987302],[-85.518422000141186,34.548682000254296],[-85.518482000415631,34.54896699972398],[-85.51854000014194,34.549245999949335],[-85.518578999601701,34.549435000310446],[-85.518614999586717,34.549597999967837],[-85.518649999746799,34.549761000045841],[-85.518867000380112,34.550738999727464],[-85.518939000350116,34.551065000273042],[-85.519100999833526,34.551798000196321],[-85.519587999905241,34.553999999766226],[-85.519746000088986,34.554710000356451],[-85.519751000111839,34.554733999989182],[-85.519806000363445,34.554985000264907],[-85.519972999869708,34.555740000007454],[-85.520017000250647,34.555934999680105],[-85.520029999771097,34.55599199971433],[-85.520079000174917,34.556214000215263],[-85.520225999589698,34.556883000351689],[-85.52023499981054,34.55692000020332],[-85.520276999643329,34.557106000188014],[-85.520502999599131,34.558128000216783],[-85.521181000364876,34.561197000237208],[-85.521383000031221,34.56210700020322],[-85.521407000320679,34.562219999739867],[-85.521825999722026,34.564113999857128],[-85.523082999722675,34.569798999810352],[-85.523502999847253,34.571693999723074],[-85.524071000109814,34.574262999658337],[-85.524984999978813,34.578394000241666],[-85.525774999999214,34.581971000124696],[-85.526344000086709,34.584540999643487],[-85.526359999980215,34.58461200015644],[-85.52650300009536,34.585260000357856],[-85.526980999946247,34.587420000280488],[-85.527136999581856,34.588121000046058],[-85.527140999779817,34.588140000349853],[-85.527165000069274,34.588247999970086],[-85.527237000039293,34.588573999917053],[-85.527261000328735,34.588683000305899],[-85.530796000329133,34.606892999733333],[-85.530811000397762,34.606971999654384],[-85.532168999782442,34.613963000180995],[-85.532636999587581,34.616402000047749],[-85.533802000425041,34.622376999675751],[-85.534088999581897,34.623857999882567],[-85.534327000131597,34.625082000099177],[-85.536544000031981,34.635190999954432],[-85.539330999844779,34.647890999774006],[-85.541224999704966,34.656521000301176],[-85.541264000063038,34.656701000347617],[-85.541267000436079,34.65678300019816],[-85.541956000174167,34.659930000062701],[-85.542014999725396,34.660190999795951],[-85.542505000170152,34.662441000096848],[-85.545830999933187,34.677629999749577],[-85.546411999716241,34.680286999738698],[-85.546897999963051,34.682508000245178],[-85.54724299974454,34.684082999942021],[-85.547311000414936,34.684390999916197],[-85.547414000347075,34.684863999993631],[-85.547528999974816,34.685387999935308],[-85.548376999721555,34.689261000026249],[-85.548391999790155,34.689331000208334],[-85.54943399970567,34.694092000075983],[-85.54948200028457,34.69431099979019],[-85.549515999721436,34.694464999727863],[-85.550264999733983,34.69788000012197],[-85.55070900014799,34.699962999877918],[-85.55123200020472,34.702412999862069],[-85.55209599984498,34.706462000204439],[-85.552454000045273,34.708137999870523],[-85.552481999634367,34.708320999654788],[-85.552660999734513,34.709148000265373],[-85.552890999888277,34.710209999833843],[-85.553116000019173,34.711250999926243],[-85.553454999952876,34.712815000191462],[-85.553673000411081,34.713839999882758],[-85.553731999962324,34.714118000156418],[-85.553774999620032,34.71431499964649],[-85.557247999696159,34.730571999810941],[-85.557256999916987,34.730614999689827],[-85.558071000226846,34.734425000328116],[-85.558686000345091,34.737305000095255],[-85.558853999676273,34.738088000276825],[-85.561310999776182,34.749587999836578],[-85.561416000256472,34.750078999855845],[-85.563935000280651,34.762683000056469],[-85.564143999619702,34.763726999661408],[-85.564947999883827,34.767750999747669],[-85.566225999800878,34.77414400021965],[-85.567360999602798,34.779827000270259],[-85.572570000253691,34.805889000320818],[-85.572751000003677,34.806802999634542],[-85.573047000279672,34.808277999753756],[-85.57449000005316,34.815498999891027],[-85.575535000341716,34.820724000271099],[-85.575619999832227,34.821150999742656],[-85.576091000010408,34.823701999862124],[-85.576148999736731,34.823897999783661],[-85.576465000104221,34.825452000087751],[-85.576609999869177,34.826207999798314],[-85.576736000265882,34.826865999633192],[-85.576779999748496,34.827099000345051],[-85.578215999849277,34.834597999752319],[-85.579015999915455,34.838781000259743],[-85.580482000153467,34.846445999945146],[-85.581616999955401,34.85238200021606],[-85.582078000087847,34.854793000004499],[-85.582982999735989,34.85952600034372],[-85.58314500011771,34.860370999896652],[-85.583166000034097,34.860478999749468],[-85.583991000214624,34.8648739997791],[-85.58410699966727,34.86549400002243],[-85.584479999936164,34.867451999991594],[-85.58471900031077,34.868767999817493],[-85.584830999565455,34.869320999755764],[-85.5851290003896,34.870902000274405],[-85.58591600003696,34.875078000195458],[-85.585930000280669,34.875161000141283],[-85.585999999702551,34.87555500001082],[-85.586371000321634,34.877637000138812],[-85.587027000447748,34.881334000253538],[-85.587036999595171,34.881391999708114],[-85.587328999673232,34.88304499974857],[-85.589102999882826,34.891876999876679],[-85.590317000225781,34.898023000109305],[-85.590478999709177,34.898844000244502],[-85.590501000348794,34.898944999658347],[-85.590853999627896,34.901270999806663],[-85.591144999881024,34.903178999807778],[-85.591348000270614,34.904502000294499],[-85.591379000232763,34.904698999746579],[-85.591510999578929,34.9051370001295],[-85.591580999899122,34.905376999641177],[-85.591696000425173,34.905754000340124],[-85.591791999786324,34.90629899987951],[-85.592196000017367,34.908717999821462],[-85.59231599966796,34.909887999920585],[-85.592379000315475,34.910491999937889],[-85.59241100010253,34.910611000042977],[-85.592457999958171,34.910779000287739],[-85.592517000407724,34.911025999957481],[-85.592602999723127,34.911611999645771],[-85.592734999967618,34.912256000072894],[-85.592985000212863,34.913467000173362],[-85.594571999926416,34.921126999879057],[-85.595162999755203,34.92417100027243],[-85.595191000242608,34.924330999755718],[-85.595811000383705,34.92767100022688],[-85.596628999993229,34.931965000074932],[-85.596973999774733,34.933765999814],[-85.596952000033411,34.933878000085336],[-85.598224999927609,34.94149499998349],[-85.598754999657032,34.944663000088561],[-85.598768000075822,34.944731000152046],[-85.598772000273783,34.944781999978538],[-85.599240999903827,34.950133000004868],[-85.599384999843878,34.951765999924767],[-85.60010299989429,34.955852000017238],[-85.600960999686762,34.960740000190931],[-85.601507000208017,34.963847000162595],[-85.601539999819991,34.96403599989133],[-85.60248200017638,34.969403000153712],[-85.603826000215662,34.977054999797055],[-85.605165000232091,34.984678000277604],[-85.610558999932593,34.984814000184087],[-85.611493999717965,34.98483699997275],[-85.612697000190266,34.984867999997689],[-85.622034000320198,34.985104000182652],[-85.624966999722844,34.985178000337605],[-85.627337999609026,34.985213999811933],[-85.627609999595578,34.985217999916081],[-85.636211000131752,34.985350000299995],[-85.636247000116768,34.985350999772422],[-85.637641000384775,34.985371999729985],[-85.638299000160714,34.985381000130673],[-85.654615999879766,34.985628999825771],[-85.654866999949945,34.985632999909647],[-85.655930999606767,34.985649000243278],[-85.667908999959593,34.98583099977008],[-85.668315999665381,34.985837000249042],[-85.676965999707036,34.985968999634949],[-85.690979000385383,34.98618299964803],[-85.691417000053292,34.986190000299274],[-85.69249900015177,34.986205999788055],[-85.694715000227248,34.986239999887282],[-85.694763999732743,34.986241000084846],[-85.695438000300527,34.98625099985145],[-85.69642300031461,34.986265999867058],[-85.696583999973086,34.986268000261489],[-85.699245000287505,34.986309000240105],[-85.699395999900233,34.986310999897434],[-85.700303000096525,34.986324000245077],[-85.700823999605106,34.986332999805185],[-85.702067000260371,34.986351999854563],[-85.702248999835263,34.986354999706961],[-85.713842000223636,34.986531000180598],[-85.715987999978907,34.986563999951301],[-85.718987000402123,34.986610000010927],[-85.719769000026616,34.986622000118182],[-85.720282999862519,34.986630000188725],[-85.722153000331588,34.986657000237074],[-85.722273999807101,34.986658999885968],[-85.722353000348122,34.986660000078352],[-85.726237000327998,34.986719999824622],[-85.726722999676483,34.986726000238441],[-85.727260999801828,34.98673400029881],[-85.729603000273997,34.986769999824922],[-85.732258999667224,34.986811000288121],[-85.735603999696821,34.986861999686788],[-85.735776000124289,34.986865000256536],[-85.744933000329141,34.987004000038574],[-85.745415000377989,34.987010999883744],[-85.748941000157586,34.987064999720175],[-85.749972000202419,34.987080999773944],[-85.757947999676304,34.987166000191024],[-85.763071999938404,34.987219999925273],[-85.772676999856927,34.987322999837502],[-85.772773000116388,34.987324000021779],[-85.77307900043813,34.987326999838622],[-85.77796599997545,34.987378999835421],[-85.78343500001904,34.987437000160902],[-85.783787000371532,34.987441000156437],[-85.787571999718878,34.987481000101234],[-85.79420099967875,34.987575999707779],[-85.795819000252735,34.987599999637411],[-85.796117000178583,34.987604000360967],[-85.796922000267614,34.987616000322532],[-85.798202999659381,34.987633999893674],[-85.802240999625056,34.987692000038429],[-85.807888999768778,34.987774000020778],[-85.808116000447811,34.987775999642373],[-85.808611000017137,34.987781999978786],[-85.810781999886771,34.98780899964715],[-85.810853999856789,34.98780899964715],[-85.812858000220146,34.98783499986461],[-85.813814999746839,34.987846000350409],[-85.813854999929802,34.987847999970256],[-85.822545999979354,34.98808999997437],[-85.823788999736308,34.988124000027135],[-85.824023000088047,34.98813099977648],[-85.824045999654274,34.988125999640118],[-85.82407499996657,34.988116000102529],[-85.82414399956356,34.988100999689927],[-85.824216000431889,34.988096999726629],[-85.824285999853757,34.988100999689927],[-85.824337999732322,34.988107000002515],[-85.824348999602947,34.988117999715783],[-85.824373999717338,34.988054999732157],[-85.824403999854553,34.988042999834889],[-85.824515000182615,34.988036000078012],[-85.824855999766172,34.988024000178022],[-85.825372999975102,34.988016000243647],[-85.825894000382021,34.988023000002229],[-85.826414999890616,34.988024000178022],[-85.828411999682984,34.988053000117375],[-85.828676999996858,34.98807199976757],[-85.828767000408533,34.98806899997804],[-85.836530000345405,34.988125999640118],[-85.836915000309858,34.988129000163546],[-85.847865000092582,34.988202999792122],[-85.85057099971452,34.988210999708166],[-85.85162799969865,34.988214000228467],[-85.860901000254458,34.988243000100518],[-85.86092100034594,34.988243000100518],[-85.86393499993946,34.988253000358569],[-85.865284999826514,34.988257000314242],[-85.873017999626171,34.988281000044232],[-85.873076000250791,34.988282000216806],[-85.874975999958778,34.988381999750764],[-85.875340999831749,34.988385000264792],[-85.882146000417038,34.988449000164991],[-85.884415000195958,34.988471000234171],[-85.885960000076693,34.988490999957321],[-85.890593999894008,34.988550999833592],[-85.892139999599664,34.988571999706274],[-85.892161000414376,34.988571999706274],[-85.892230000011367,34.988567000332843],[-85.892500000348093,34.988552000002869],[-85.892589999861471,34.988546999892286],[-85.893049000344092,34.988549999664308],[-85.894429000368405,34.988559999884799],[-85.894888999777606,34.98856399982553],[-85.895190999901402,34.988566000163743],[-85.896098999922614,34.988574000044309],[-85.896401999871316,34.988576999815329],[-85.8969359997987,34.988580999755186],[-85.898540000128975,34.988594999911101],[-85.898900999803999,34.988598999850112],[-85.898987999842646,34.988600000018806],[-85.899074999881279,34.988601000187487],[-85.899161000094992,34.988602000356146],[-85.899248000133653,34.988602999788881],[-85.903779999843721,34.988642999901828],[-85.903869000430475,34.988644000069975],[-85.904076999944621,34.988645999670325],[-85.908202999773835,34.988681999827548],[-85.92347500010267,34.988593999742356],[-85.925373999985723,34.988583000093044],[-85.931263999978782,34.98861699994103],[-85.940868999897319,34.988672000357873],[-85.954377000062294,34.988748999996304],[-85.954645999675805,34.988751000330005],[-85.955125000249907,34.98875299992774],[-85.955584999659138,34.988755999692216],[-85.956025999700103,34.988758000025733],[-85.957353000020973,34.988764000290175],[-85.957794999886843,34.988765999887541],[-85.960380000033268,34.988782999775303],[-85.962402999764905,34.988794000133701],[-85.967803000211504,34.988826999728168],[-85.976229999772073,34.988876999913472],[-85.977179999626074,34.988883000169189],[-85.980839000373379,34.988906999715653],[-85.980866999962458,34.988906999715653],[-85.980950999628035,34.988906999715653],[-85.980979999940359,34.988907999880574],[-85.986350000249743,34.988942999758095],[-85.999981000438368,34.989033999958366],[-86.002461000104475,34.989028999877227],[-86.007496999604712,34.98902100004107],[-86.007832000238778,34.98902399979572],[-86.011805999732019,34.989055999870274],[-86.018688000310178,34.989113000317111],[-86.023729999658187,34.989154000342779],[-86.027704999874643,34.989186999792103],[-86.038668999901063,34.989277000296639],[-86.051726999804259,34.989384999888372],[-86.061619999602854,34.989466999646794],[-86.067068999554962,34.989513000282997],[-86.067137000225344,34.989513999704606],[-86.067211999670093,34.989513999704606],[-86.073009999601666,34.989540000116456],[-86.084648000195884,34.989593999756671],[-86.085603000072723,34.989601000116231],[-86.088471000076353,34.989621999719624],[-86.089426999778155,34.98963000023295],[-86.091924000061013,34.989648000097169],[-86.099415000011305,34.989703999976541],[-86.101912000294192,34.989722999979456],[-86.10270999981222,34.989725000289418],[-86.105106999637641,34.989730999746953],[-86.105905999878914,34.989734000211541],[-86.10838600044336,34.98973999966848],[-86.115828999814752,34.989760999972113],[-86.11831000020409,34.989768000317454],[-86.12207899965793,34.989777999653242],[-86.124985000194712,34.989786000151319],[-86.133385999816042,34.989827999993643],[-86.137005000380356,34.989846999967781],[-86.137155000168164,34.989848000121221],[-86.137691999570293,34.989849999692154],[-86.139302999573289,34.989858000183204],[-86.13984099969862,34.989860999907187],[-86.152753000011927,34.989926000277819],[-86.152814000111292,34.989926000277819],[-86.15282699963177,34.989926000277819],[-86.152918999693284,34.989926000277819],[-86.153255999977176,34.989927999846856],[-86.155065000346866,34.989936999746739],[-86.161644000078013,34.98997000035228],[-86.163836999688954,34.989981999967029],[-86.178540999755228,34.990057000279251],[-86.180036000305563,34.990065000014162],[-86.185710000388553,34.990092999816],[-86.186179999843517,34.990096000267272],[-86.188826999914212,34.990109000013845],[-86.192227000195416,34.990126000358664],[-86.202427999965607,34.990176999899965],[-86.205829000071731,34.990194999643904],[-86.20692899971354,34.990199999653882],[-86.210229000435632,34.990216999979737],[-86.211329000077441,34.990223000137227],[-86.212843999820947,34.990229999707097],[-86.217390999599644,34.990254000330566],[-86.21890700006638,34.990262000046165],[-86.222529999930359,34.990287000072357],[-86.225736999867692,34.990309999795365],[-86.233399000420533,34.990362000105151],[-86.237023000109417,34.990387000100796],[-86.24752500017847,34.990413999645988],[-86.248018999922891,34.990420999935473],[-86.24998499975311,34.990580000251846],[-86.253140999636841,34.990606999733373],[-86.253947000449102,34.990612999862215],[-86.254101000434886,34.990612999862215],[-86.255211000122443,34.990611999718112],[-86.255806000149207,34.990616000294473],[-86.257592999879279,34.990631000246239],[-86.258188999730947,34.990636000229578],[-86.264901000429802,34.990702000127825],[-86.285041000029352,34.990900000239265],[-86.291753999654802,34.990967000064465],[-86.29337100040388,34.99097099988753],[-86.297006999788309,34.990983000091532],[-86.298225000329225,34.990985999774288],[-86.299843000004884,34.990990999735892],[-86.302129000400583,34.99101199971858],[-86.308986999790974,34.991075999772768],[-86.311274000011565,34.991097999871819],[-86.31277100021174,34.991112000333153],[-86.317262999738844,34.99115400023107],[-86.31876099976391,34.991169000084227],[-86.321134000198228,34.991192000295364],[-86.321257000221863,34.991192999696416],[-86.333770000327007,34.991311000324409],[-86.333823999855369,34.991311999724012],[-86.335573999775519,34.991327999683641],[-86.335665000012114,34.991328999818982],[-86.340127000300299,34.991371000341438],[-86.341763000417629,34.99138600015484],[-86.343458000086201,34.991403000234435],[-86.343654999729708,34.991404999767397],[-86.343734000270729,34.991405999901794],[-86.352083999838428,34.991484000045688],[-86.355371000141716,34.99151599989451],[-86.358422000443454,34.991543999935899],[-86.367576000275292,34.991628000002734],[-86.370628000401936,34.991656000005875],[-86.370748000052529,34.991657000137224],[-86.374317000388132,34.991696000098855],[-86.374965999943242,34.991737999697101],[-86.37740100030183,34.991720999687097],[-86.377490999815208,34.991725000209243],[-86.384307000271136,34.991683999999445],[-86.38517299956122,34.991677999949047],[-86.38777199995134,34.991663000189149],[-86.38863899996467,34.991658000268593],[-86.388722999630247,34.991659999795267],[-86.38885700042286,34.991664000320405],[-86.389586000343911,34.991686999656501],[-86.389950000391977,34.991688999918409],[-86.390220999655313,34.991691000180325],[-86.390807000359558,34.991686999656501],[-86.392564999777321,34.991677999949047],[-86.393148999933416,34.991669000240655],[-86.393172000397954,34.991675000291657],[-86.397201999967692,34.991641999637537],[-86.397279999785511,34.991641999637537],[-86.397895999728647,34.991620999816526],[-86.398237000210486,34.991592999801419],[-86.399064000040838,34.991579000158239],[-86.399193999737165,34.991574000232497],[-86.399270999730078,34.991580000290519],[-86.399298000392577,34.991584000083627],[-86.399478000317629,34.991563999644264],[-86.399786000289183,34.991569999702968],[-86.401198999925455,34.991528000018562],[-86.402356000366993,34.99151599989451],[-86.402593000193463,34.991514000364269],[-86.403960999623891,34.991459999782876],[-86.405630000251506,34.991421999843041],[-86.405949999918633,34.991414999639161],[-86.406051000200989,34.991414000240766],[-86.408013999658138,34.991392000226639],[-86.408406000193651,34.991378999947926],[-86.408501999554787,34.991376999678394],[-86.409976000188735,34.991356999924406],[-86.410599999629483,34.991366999801976],[-86.410659999903942,34.991364000133188],[-86.410917999646799,34.991355999789349],[-86.411731000131766,34.991304000111029],[-86.411748999675098,34.991302999975382],[-86.411800999553648,34.991300000304243],[-86.412215999655345,34.991282000067351],[-86.413388000165497,34.99123199987914],[-86.414185999683525,34.991208999679309],[-86.414445999974518,34.991202000193098],[-86.414693999671641,34.991196000107436],[-86.416749000088629,34.991147000004268],[-86.418134999960728,34.991123999780541],[-86.418487000313235,34.991118999827066],[-86.418622999857348,34.991117000287119],[-86.418854999660937,34.991113999873221],[-86.419673000168785,34.991103999964679],[-86.419735999917961,34.991105000102813],[-86.419869999812263,34.991105000102813],[-86.420695999817696,34.991105000102813],[-86.420946000062955,34.991106999642994],[-86.422897999649464,34.991060999902508],[-86.423779999731394,34.991065999859579],[-86.424378000131199,34.991053999667791],[-86.425168000151615,34.991023999916521],[-86.427088999776004,34.990984000231087],[-86.428324000035346,34.990958000277907],[-86.428637000029795,34.990927000351192],[-86.428662999969063,34.990925000070661],[-86.429117000428818,34.990906999751296],[-86.429728000349101,34.990857000069973],[-86.430391000147907,34.990838000330228],[-86.431761000126471,34.990860999898416],[-86.433059000134989,34.990873000118491],[-86.434101999875409,34.990859999757291],[-86.436717999983969,34.991057000083842],[-86.439202999672972,34.991031000153839],[-86.439328000244743,34.991030000014852],[-86.43941899958304,34.99102600019468],[-86.439662999980499,34.990984000231087],[-86.43977900033147,34.990984000231087],[-86.447291000198149,34.990951000034336],[-86.450846000290056,34.990935000001024],[-86.450986000032145,34.990932999720691],[-86.455439999924408,34.990869000290637],[-86.455491999802931,34.990868000149682],[-86.45955599970786,34.990808999905582],[-86.459786999686543,34.990806000216338],[-86.46002799971096,34.9908029997911],[-86.464155000263389,34.990744000236106],[-86.464243000126942,34.990741999951105],[-86.467716000203069,34.99069300031212],[-86.46794100033398,34.990485999861434],[-86.468115000411245,34.990479999723235],[-86.468399000093385,34.990500999837018],[-86.469065000265246,34.99050699997369],[-86.472690999603941,34.990538000059416],[-86.473104999880718,34.990540999758466],[-86.473191999919351,34.990541999903485],[-86.473299000049465,34.99054300004844],[-86.476820999631087,34.990540000349455],[-86.477363999779314,34.990544000193374],[-86.479471000074838,34.990602999892523],[-86.481770999815907,34.990684999902683],[-86.481789000257578,34.990589000080028],[-86.481959000136882,34.990591999777216],[-86.483097000311844,34.990596999762886],[-86.484242000159497,34.990600000195734],[-86.484966999882616,34.990601000339971],[-86.487038000193124,34.990607999877518],[-86.487121000033795,34.990609000021671],[-86.487269000171821,34.990612999862215],[-86.488665999914545,34.990657999710933],[-86.491116000341762,34.990731999997116],[-86.491106000296014,34.990616999702631],[-86.493113999959036,34.990610000165844],[-86.494490999610264,34.990638999925046],[-86.497223000069781,34.99065000003403],[-86.49736500036002,34.990648999890389],[-86.497505999927,34.990648999890389],[-86.500086000050572,34.990636000229578],[-86.500286999892012,34.990636000229578],[-86.500331000272936,34.990636000229578],[-86.502420000126804,34.990638999925046],[-86.502696000311332,34.990640000068815],[-86.50299199968903,34.990642000356296],[-86.504360999842675,34.990646000195291],[-86.504796999860773,34.990658999854467],[-86.505139999992451,34.99066799967396],[-86.505471000428557,34.99067600008506],[-86.507826000421204,34.990672999654997],[-86.509008000078779,34.990672999654997],[-86.510024000055012,34.990662999692631],[-86.513124999687165,34.990655000016169],[-86.515764000260248,34.990636000229578],[-86.517032000131564,34.990658999854467],[-86.517737999588078,34.990661000141543],[-86.517808999733177,34.990661000141543],[-86.517832000197728,34.990661000141543],[-86.517879999878318,34.990661000141543],[-86.517937999604612,34.990662000285049],[-86.519387000124198,34.990662000285049],[-86.520808000156393,34.990678999779057],[-86.521234999953663,34.990681000065599],[-86.522207000447253,34.990667000266434],[-86.522460000167271,34.990656000159738],[-86.522707999864366,34.990715999920994],[-86.523023000406951,34.990741999951105],[-86.526745000005121,34.990683999759419],[-86.526846000287449,34.990684999902683],[-86.527257000191199,34.990678999779057],[-86.527713000300778,34.990678999779057],[-86.528549000351958,34.990677000228366],[-86.528586000161866,34.990677000228366],[-86.536247999816396,34.990774000089949],[-86.538207999798843,34.990798999959772],[-86.538685999649729,34.990805000074609],[-86.5458080004274,34.990885999741671],[-86.549441000337097,34.990927000351192],[-86.555226999674773,34.990993000014804],[-86.555769999822985,34.990753000046254],[-86.555922000158958,34.99076500028216],[-86.55603799961159,34.99076500028216],[-86.556567000414418,34.990761999855373],[-86.558553000336133,34.990770999663539],[-86.558914999836048,34.990772999947822],[-86.559103999981943,34.990775000232119],[-86.559320999716931,34.990776999780358],[-86.55966200019877,34.990779000064556],[-86.559857000192437,34.990781000348662],[-86.561335999950941,34.990791999702665],[-86.562074999917741,34.990797999817957],[-86.562291999652729,34.990793999986444],[-86.562310999919305,34.990793999986444],[-86.562741999914522,34.990787999870818],[-86.564444999979017,34.990775999638274],[-86.566045000111345,34.990807999763888],[-86.566670000275323,34.990819999991736],[-86.568104999652888,34.990854999787686],[-86.569235000330266,34.990912999858153],[-86.569304999752134,34.990912999858153],[-86.569366999676419,34.990911999717724],[-86.569400000186704,34.990911999717724],[-86.569930999741032,34.990932000316398],[-86.570526999592701,34.991016999678592],[-86.570780000211002,34.991013999996987],[-86.571087000357664,34.991023999916521],[-86.5713080002906,34.99101199971858],[-86.571381000085537,34.991016000275394],[-86.577815000051729,34.991070999816301],[-86.578131000419219,34.991080000326448],[-86.578744999814219,34.991085000282311],[-86.588415999854988,34.991170000221572],[-86.588712000130997,34.991171999760162],[-86.588803000367605,34.991196000107436],[-86.588841999827338,34.991196000107436],[-86.588962000376256,34.99121900031092],[-86.588990999790255,34.99121900031092],[-86.589078999653808,34.991063000179764],[-86.589985000025194,34.991080999728872],[-86.590862000084257,34.991111000195161],[-86.591565000066026,34.991086999823032],[-86.59189099958094,34.991080000326448],[-86.592102000366467,34.991092999916695],[-86.592348000413736,34.991117000287119],[-86.592754000294619,34.991117000287119],[-86.593196000160489,34.991099000009974],[-86.593479000017709,34.991091999778462],[-86.594833999927644,34.991111000195161],[-86.596182999989821,34.991138000237477],[-86.596316000059204,34.991139999776856],[-86.596458000349429,34.991143000189801],[-86.597711999977037,34.991164000133494],[-86.598943999863337,34.991192000295364],[-86.600040000205496,34.991240999635586],[-86.600088999711005,34.991242999908444],[-86.60087600025669,34.99124400004483],[-86.600966999594959,34.991245000181209],[-86.608638000368629,34.991260000017746],[-86.608870999997151,34.991262000290085],[-86.624976000004096,34.991371000341438],[-86.626508000364367,34.991389999957484],[-86.626679999893497,34.991400999965549],[-86.626698000335153,34.991402000099988],[-86.627213999820881,34.991416999907713],[-86.627260999676551,34.991418000041975],[-86.629055999802532,34.991514000364269],[-86.629245999773346,34.991521999956731],[-86.629850999845843,34.991514999761407],[-86.629876999785111,34.991514999761407],[-86.630239000183366,34.99151599989451],[-86.630335000442827,34.991518000160596],[-86.632390999786409,34.991569000306519],[-86.632444000388176,34.991569000306519],[-86.632591999627863,34.991571999967789],[-86.633253999601777,34.991558000321014],[-86.633956999583546,34.99156599990917],[-86.637566000102112,34.991636999715702],[-86.63767400005716,34.991637999847264],[-86.639203999869295,34.991647999690564],[-86.639681999720182,34.991658000268593],[-86.641215999730264,34.991733999911538],[-86.641333999731032,34.99173999995778],[-86.641393000180585,34.991686999656501],[-86.650854999983991,34.991766999792617],[-86.651126000145638,34.991767999922594],[-86.658356999804937,34.991736000172288],[-86.658386999942181,34.991735000041913],[-86.659453999972015,34.991743999743058],[-86.659462000367938,34.991776000226174],[-86.659607999957814,34.991748000264081],[-86.659648000140777,34.991741000088147],[-86.6616919997888,34.991732999781085],[-86.661731000146872,34.991733999911538],[-86.66263999999299,34.991754000309356],[-86.662696000069474,34.991754999703552],[-86.662886999865194,34.991720999687097],[-86.662963000033173,34.991720999687097],[-86.66550799999662,34.991720999687097],[-86.667379000290595,34.991720999687097],[-86.667453999735343,34.99175200004904],[-86.6679349999593,34.991746000003623],[-86.668150999869368,34.991731000256195],[-86.668274999717909,34.99174200021843],[-86.668397999741558,34.991777000356052],[-86.668544000229744,34.991877000036069],[-86.668821000239191,34.992029000316585],[-86.669104999921302,34.992175000300854],[-86.669309000135797,34.992269000223438],[-86.669564000403923,34.992339000033112],[-86.669664999787955,34.992336999787042],[-86.669772999742989,34.992317999654929],[-86.669859999781622,34.992293999636658],[-86.670012000117595,34.992203000116824],[-86.67024899994405,34.991990999904914],[-86.670392999884086,34.991877000036069],[-86.670500999839135,34.991804000178689],[-86.670638999931398,34.991754999703552],[-86.67074000021374,34.991736000172288],[-86.670845999620624,34.991735000041913],[-86.671510000142675,34.991754999703552],[-86.67190500015289,34.991759000224043],[-86.6720759998571,34.99177000018252],[-86.672100000146557,34.991771000312525],[-86.672215999599189,34.99178700018237],[-86.672327999752184,34.991792000095096],[-86.67380900005881,34.991811999742808],[-86.6739200003869,34.991815000131119],[-86.675532000214801,34.99193500011831],[-86.676598000419744,34.991900000048204],[-86.67764199998507,34.992012000366991],[-86.677674999597016,34.992016000138982],[-86.677965000025253,34.991975000074952],[-86.679479999768773,34.991874999778702],[-86.679504000058216,34.991875999907421],[-86.679652000196214,34.991879000293338],[-86.67986499973324,34.991883000071887],[-86.68057299973789,34.991915999892889],[-86.680726999723689,34.991921999925786],[-86.681388999697575,34.991917000021054],[-86.681655999661274,34.991906000082338],[-86.682806000430134,34.99193500011831],[-86.684845999880196,34.991965999663272],[-86.686015999842198,34.991965000271598],[-86.686719999648901,34.991967999918359],[-86.68673399989261,34.991967999918359],[-86.687843999580181,34.991975000074952],[-86.688154999924777,34.991976000202392],[-86.688632999775677,34.991982000230934],[-86.69026399987014,34.991995999805191],[-86.691212999899221,34.992005000213567],[-86.691778999613661,34.992010000112927],[-86.692135999989034,34.992013999885081],[-86.692431000440138,34.992015000012039],[-86.692865999735005,34.992017999656966],[-86.693742999794054,34.992023000291468],[-86.693978999795632,34.992024999809288],[-86.694301999835801,34.992025999936118],[-86.694333999622856,34.992027000062926],[-86.694474000263256,34.992033000087744],[-86.69489799968747,34.992041000365433],[-86.695344999576207,34.992029000316585],[-86.696825000057942,34.992028000189727],[-86.696963999975125,34.992028000189727],[-86.698317000235235,34.9920440000094],[-86.698416999794347,34.992045000136002],[-86.698642999750163,34.992047999779835],[-86.70019199982886,34.992050000032911],[-86.700447999921906,34.992051000159485],[-86.702238999849939,34.992091000059439],[-86.702277000383106,34.992092000185465],[-86.702643000080982,34.992105000350932],[-86.702751000036017,34.992110000244239],[-86.703134000350659,34.992123999796583],[-86.703339000390059,34.992122999670947],[-86.703429999728357,34.992123999796583],[-86.703552999751992,34.992126000047818],[-86.704214999725906,34.992111999759913],[-86.706223000287238,34.992116999652737],[-86.706414000082958,34.992109000118433],[-86.707866000077274,34.992122000281199],[-86.708985999810579,34.992116999652737],[-86.710101000419314,34.992109000118433],[-86.710837000013086,34.992104000225069],[-86.712340999885924,34.992107999992562],[-86.712739000269195,34.992101999973301],[-86.713275999671296,34.992093000311478],[-86.713396000220214,34.992091000059439],[-86.718887000005111,34.9921059997409],[-86.719092000044526,34.992135999831504],[-86.719153000143891,34.992128000299047],[-86.719338999916729,34.992105000350932],[-86.721303000097123,34.992095999953541],[-86.721356999625485,34.992081999660456],[-86.72162600013732,34.991960999761169],[-86.721724000046606,34.991930000214317],[-86.721835000374696,34.991930000214317],[-86.728910000398386,34.991954999731078],[-86.728941000360535,34.991954999731078],[-86.73060800044,34.992006000340645],[-86.731810000189071,34.992042999882791],[-86.732329000047841,34.992058999699474],[-86.732653999737849,34.992069000227289],[-86.733232000046172,34.992087000291107],[-86.734067000272432,34.992111999759913],[-86.734186999923025,34.992115000137183],[-86.73467399999474,34.992134000316412],[-86.734696999560967,34.992133000190897],[-86.736298000416511,34.992111999759913],[-86.737089000261847,34.992100999847402],[-86.73746400018058,34.992095999953541],[-86.739394999850703,34.991982000230934],[-86.739409000094412,34.991982000230934],[-86.74805199956505,34.992006999731814],[-86.748097999595814,34.992007999858856],[-86.748721000109967,34.992056000056046],[-86.748813000171481,34.992059999825877],[-86.748948999715608,34.992059999825877],[-86.74903199955628,34.992060999952344],[-86.749906999965518,34.992064999721933],[-86.750523999733574,34.992066999974604],[-86.751357000310023,34.992070000353564],[-86.751368000180676,34.992070999743909],[-86.752616999785403,34.992051000159485],[-86.752861000182875,34.992047999779835],[-86.753553000294005,34.992048999906373],[-86.754327000420915,34.992050000032911],[-86.755738000407348,34.992052999676559],[-86.756299999923826,34.992064000331467],[-86.75632599986308,34.992064000331467],[-86.757054999784145,34.992054999929579],[-86.757074000050721,34.992053999803105],[-86.757106999662682,34.992053999803105],[-86.759219999805993,34.992046000262583],[-86.760802000394975,34.992040000238774],[-86.761153999849171,34.992023999682381],[-86.761315000405972,34.992017000265925],[-86.761435000056565,34.992019999910788],[-86.761445999927219,34.992019999910788],[-86.762341000427938,34.992040000238774],[-86.76268200001148,34.992033000087744],[-86.766552999572554,34.992017999656966],[-86.766858999894296,34.992012999758046],[-86.76723299998811,34.992006000340645],[-86.767745000174187,34.992006999731814],[-86.768070999689115,34.992007999858856],[-86.769335000260781,34.992008999985899],[-86.770028000196831,34.991996999932375],[-86.770902999707744,34.991994999677942],[-86.77095100028663,34.991994999677942],[-86.772065000172148,34.991995999805191],[-86.772646999780108,34.991996999932375],[-86.773056000034032,34.992005000213567],[-86.773547000303722,34.991996999932375],[-86.77423299966874,34.991998000059546],[-86.774723000113497,34.991984999877083],[-86.774739000007031,34.992012000366991],[-86.775043999605558,34.992002999959389],[-86.775339999881567,34.991995999805191],[-86.776057999931965,34.991982000230934],[-86.776087000244289,34.991971999692495],[-86.776340999789184,34.991983000358296],[-86.776938000364069,34.991996999932375],[-86.777133000357736,34.991994999677942],[-86.777202999779632,34.991990999904914],[-86.777499999880547,34.991990999904914],[-86.777535999865549,34.991977000329818],[-86.778224999603637,34.991973999947497],[-86.778875999706898,34.99197799972135],[-86.779382000045175,34.991979999976145],[-86.779589999559335,34.991979999976145],[-86.779936000064055,34.991971999692495],[-86.780753999673564,34.991967999918359],[-86.782024999917923,34.991944999925337],[-86.782829000182048,34.991948000308717],[-86.783519999569947,34.991942999669625],[-86.783628000423306,34.991948000308717],[-86.783876000120401,34.991941000149872],[-86.784692000080113,34.991941000149872],[-86.785443999567377,34.991936999638277],[-86.785600000101311,34.991936999638277],[-86.785867999889902,34.991936000246241],[-86.788785000297352,34.991925999702232],[-86.79258999973618,34.991925999702232],[-86.792766000361596,34.991926999830277],[-86.79406000017218,34.991923000053923],[-86.79483099992602,34.991920999797699],[-86.796143000178262,34.991917000021054],[-86.79845399978997,34.991909999859509],[-86.800082000409702,34.991910999987738],[-86.801394999588538,34.991912000116017],[-86.801442000342533,34.991910999987738],[-86.801584999559353,34.991908999731251],[-86.801633000138239,34.991908999731251],[-86.802492999580537,34.991909999859509],[-86.804500000316978,34.991904999954031],[-86.805486000155966,34.991898999919847],[-86.805844000356259,34.991900000048204],[-86.806918000058815,34.991902999697352],[-86.807277000084014,34.991904999954031],[-86.807309999695974,34.991904999954031],[-86.807709999729056,34.991902000304961],[-86.808267999945883,34.991897999791455],[-86.808346999588593,34.991897999791455],[-86.808688000070433,34.991896000270543],[-86.81016400035422,34.991892999885195],[-86.811279000064658,34.991883000071887],[-86.81174199984693,34.991878000164718],[-86.81213500020732,34.991874999778702],[-86.814382000244933,34.991884000200457],[-86.814408000184201,34.991884000200457],[-86.814461999712549,34.991885000328999],[-86.814798999996455,34.991881999943253],[-86.815279000395478,34.991878000164718],[-86.81552299989464,34.991875999907421],[-86.81560300026058,34.991874999778702],[-86.816050000149332,34.991873000257279],[-86.81646699990084,34.991870999999833],[-86.819132000413205,34.991877000036069],[-86.81933400007955,34.991879999686063],[-86.819389000331142,34.991880999814661],[-86.819421999943103,34.991880999814661],[-86.819722000417073,34.991873000257279],[-86.819848999740373,34.991886999850188],[-86.820699999860153,34.99184199994118],[-86.821879000043012,34.991881999943253],[-86.827290000360264,34.991887999978701],[-86.828971999610062,34.991890000235692],[-86.834019999704168,34.991896000270543],[-86.83421300004801,34.991896000270543],[-86.835702999677153,34.991897999791455],[-86.835782000218188,34.991897999791455],[-86.836019000044658,34.991897999791455],[-86.836097999687368,34.991898999919847],[-86.836138999695251,34.991898999919847],[-86.836264000267036,34.991898999919847],[-86.836306000099839,34.991898999919847],[-86.837276000045307,34.991925999702232],[-86.837677999728214,34.991925999702232],[-86.837739999652499,34.991925999702232],[-86.838675000336195,34.991929000086316],[-86.840282999966121,34.991937999766165],[-86.840903999932138,34.991953000211616],[-86.8412110000788,34.991959999633544],[-86.841591999845321,34.991969000045877],[-86.841709999846088,34.991971999692495],[-86.8419500000456,34.991975000074952],[-86.842067000221462,34.991976000202392],[-86.843104000114096,34.991989999777672],[-86.844495999833953,34.992000000313901],[-86.844609999636774,34.992000999705098],[-86.844715999941997,34.992001999832226],[-86.846461999664186,34.992006000340645],[-86.846717999757217,34.992001999832226],[-86.846848000351883,34.992000000313901],[-86.847307999761099,34.991993000159461],[-86.847816999574135,34.991986000004403],[-86.847835000015792,34.991979999976145],[-86.848481000096172,34.992000999705098],[-86.849935999565233,34.992001999832226],[-86.852652000131215,34.992017000265925],[-86.854016000261993,34.992023999682381],[-86.855100999835187,34.992040000238774],[-86.855353999555177,34.9920440000094],[-86.856689000271956,34.992046000262583],[-86.857422000390983,34.992058999699474],[-86.857582000224525,34.992062000078725],[-86.857682999608571,34.992062000078725],[-86.859069000378966,34.992064999721933],[-86.859090000295367,34.992064999721933],[-86.859368000129706,34.992065999848265],[-86.860128000012907,34.992080000144099],[-86.861426000021424,34.992087000291107],[-86.86150999968703,34.992065999848265],[-86.861532000326648,34.992052999676559],[-86.861549999869993,34.992042999882791],[-86.861580999832128,34.992025999936118],[-86.861590000052971,34.992013999885081],[-86.862147000444892,34.991956999986485],[-86.866500000054813,34.992052999676559],[-86.868199999746267,34.992079000017867],[-86.873303000091937,34.992157000256377],[-86.875003999608296,34.992182999828714],[-86.875545999931589,34.992187999717196],[-86.877175000376255,34.992203000116824],[-86.877717999626142,34.992208000004133],[-86.877943999581944,34.992212999891095],[-86.878623999997515,34.992230999923265],[-86.878850999778237,34.99223699993312],[-86.878897999633907,34.992238000057355],[-86.87895700008346,34.992239000181584],[-86.87923900011576,34.992246000314999],[-86.87946199969852,34.992252000323759],[-86.881280000289053,34.992288999754649],[-86.888083000326176,34.992464999981109],[-86.889008999890734,34.992488999949245],[-86.895238999642402,34.992651000285818],[-86.895287000221288,34.992651000285818],[-86.898612999984337,34.992782000341656],[-86.898695000000103,34.992786000076023],[-86.899902999596961,34.992795999779069],[-86.902871000058028,34.992763000312863],[-86.904740999628771,34.992743000161589],[-86.904914999706051,34.99273800030695],[-86.905538000220204,34.992728999979171],[-86.912792000344041,34.992926000222951],[-86.915487000095325,34.992998999815597],[-86.91668200017169,34.993041000217055],[-86.917129999885347,34.9930569998387],[-86.92268599996757,34.993255000140771],[-86.92740099997576,34.993423999729821],[-86.929982999749114,34.99359399981352],[-86.930116999643417,34.993601999938612],[-86.937456000156075,34.993906999801546],[-86.938971999724501,34.993886999929828],[-86.939043999694519,34.993885999825736],[-86.940598999621002,34.993929999979173],[-86.940755999979842,34.993933999657486],[-86.940911999615452,34.993939000174933],[-86.943594999671163,34.994016000010127],[-86.949643999672872,34.994092999772946],[-86.951738000447932,34.994120000303383],[-86.952395000398965,34.994127999641158],[-86.952536999790894,34.994130999944566],[-86.965484000264297,34.994369000114666],[-86.967121000206532,34.994401000307427],[-86.967144999597664,34.994401999669293],[-86.967219000115833,34.994404999962669],[-86.967244000230181,34.994406000060415],[-86.96760300025538,34.994423000248695],[-86.968681000155897,34.994475000153187],[-86.969041000006001,34.994492999687893],[-86.969179999923185,34.994492000327135],[-86.969596999674692,34.994492000327135],[-86.969737000315106,34.994492000327135],[-86.969805000087149,34.994499000267858],[-86.970011999776389,34.994522000279112],[-86.970081000271676,34.994530000313503],[-86.970236999907286,34.994546999740102],[-86.972540999846302,34.994460000169965],[-86.972601999945681,34.994431999654275],[-86.972678000113675,34.994426999902849],[-86.97275799958129,34.994423000248695],[-86.973031000291087,34.994417999760756],[-86.974265999652118,34.994414000106147],[-86.974383999652886,34.994414000106147],[-86.974724000309834,34.994471999862441],[-86.974874000097643,34.994490000133666],[-86.975596000346016,34.994505000111403],[-86.976034000013925,34.994514000243925],[-86.977661999735346,34.994530999673806],[-86.98306499965669,34.994628000119469],[-86.985729000344136,34.994685000365649],[-86.986254000050693,34.994695999930883],[-86.988395999608016,34.994719999980695],[-86.988681000013372,34.994736000010036],[-86.988776000447928,34.994741999836215],[-86.989113999658414,34.994750999942696],[-86.989769999784528,34.99477000024585],[-86.990219000221416,34.994778000256055],[-86.990810000050217,34.994787999715669],[-86.992024000393158,34.994809000196014],[-86.992181999678593,34.994810999645715],[-86.992246000151013,34.994811999738552],[-86.992279999587879,34.994812999831325],[-86.992323000143912,34.994811999738552],[-86.992415000205412,34.99481000028883],[-86.992648999658826,34.994819999744593],[-86.995211000239024,34.994863000039672],[-86.99541799992825,34.99486699967234],[-86.997197000160725,34.994906999667911],[-86.998353999703966,34.99491100003435],[-87.002538000157799,34.994963999719779],[-87.003966999687606,34.994994000234598],[-87.005105999687473,34.995005999848786],[-87.007491999642269,34.995075000171632],[-87.00813600007281,34.995074000082056],[-87.008757000038827,34.995083000151972],[-87.009100000170505,34.995085000330874],[-87.009381000377886,34.995085999684456],[-87.010891000098553,34.995118000332717],[-87.010978000137172,34.995129999928665],[-87.011060000152952,34.995151999673972],[-87.011173999955773,34.995161999823871],[-87.012247999658314,34.995179999943353],[-87.029637000328421,34.995453000044094],[-87.029700999902516,34.995456999647935],[-87.029847000390703,34.995465999675716],[-87.029992999980564,34.995474000353745],[-87.030095000087812,34.995480000125873],[-87.030131999897748,34.995482000295084],[-87.03024599970054,34.995489000151132],[-87.030284000233706,34.995491999668744],[-87.030407000257355,34.995499000259848],[-87.031405999616837,34.995516000221023],[-87.034773000286066,34.995573999932269],[-87.035896000392427,34.99559400012766],[-87.040546999928168,34.995759999794622],[-87.042654000223706,34.995837000124318],[-87.04582199980301,34.995926999939954],[-87.047073999780778,34.995964999995934],[-87.0473490001404,34.995979999703323],[-87.048386000033034,34.996042000132746],[-87.055394999934478,34.996184000013457],[-87.056620000148087,34.996196000189016],[-87.07282999973701,34.996355000325323],[-87.073009999662062,34.996358999885075],[-87.079446000176404,34.996414000251029],[-87.084880999884788,34.996462000071936],[-87.085225999666307,34.996485000267427],[-87.085720000309024,34.996513000080739],[-87.089894999643704,34.996589999701939],[-87.091478999882511,34.996619000285925],[-87.094471999559616,34.996672999671198],[-87.105115000094003,34.996865999717656],[-87.111357000439568,34.996981000062696],[-87.111399000272371,34.996982000128966],[-87.120322000125498,34.997143999667031],[-87.122647999805835,34.997199000241302],[-87.125048999829247,34.997345999895458],[-87.125396000158872,34.99735200026624],[-87.125616000266902,34.99735599977727],[-87.126599999557769,34.997372000027106],[-87.129554999600032,34.99742200014375],[-87.130539999614129,34.997438999705537],[-87.130703999645675,34.997440999826857],[-87.131195999740243,34.997449999636522],[-87.131360999596708,34.997452999818094],[-87.132116000355339,34.997464999807576],[-87.134381999761217,34.997503999945202],[-87.135138000344739,34.997516999986971],[-87.136033999772067,34.997532000145753],[-87.138725000223701,34.997576999869828],[-87.139622000374246,34.997592000017654],[-87.140559999634348,34.997608000221362],[-87.143375999759456,34.997656000077775],[-87.144314999742789,34.997672000268963],[-87.144394000283825,34.99767799987989],[-87.144631000110294,34.99769900035453],[-87.144709999753005,34.997706000020898],[-87.144943000279824,34.997724999638081],[-87.153988000331694,34.997897999783696],[-87.156746999657088,34.997950999742329],[-87.161003000080939,34.998032999749597],[-87.161403999938926,34.998039000069944],[-87.162753000001089,34.99806600003442],[-87.1735189996608,34.998272999711396],[-87.177250000378123,34.998344000322547],[-87.177272000119416,34.998344999636274],[-87.178822999847938,34.998374999647631],[-87.183475999931829,34.998466999711894],[-87.185026999660366,34.998497999726261],[-87.185070000216399,34.998498999773993],[-87.192342999708487,34.998638999714572],[-87.192424999724253,34.998640999806568],[-87.192506999740019,34.998642999898586],[-87.192592000128826,34.998644999990482],[-87.192675999794417,34.998646000036423],[-87.193711999862145,34.99866700026265],[-87.193845999756448,34.998670999709411],[-87.193977000175991,34.998672999800625],[-87.203278000320907,34.998866000281303],[-87.21075900022548,34.999024000339745],[-87.214645999680073,34.999104999967372],[-87.215237000407171,34.999116999714595],[-87.21645000002691,34.999140999939591],[-87.216850000060006,34.999263000300218],[-87.218138999847696,34.999328999864524],[-87.218160999589003,34.999354000064677],[-87.218717000156019,34.999378000220219],[-87.219768000292348,34.999378000220219],[-87.219780999812812,34.999378000220219],[-87.220477999946809,34.999384999743022],[-87.221596000030303,34.99938799985371],[-87.221703000160417,34.99938899989057],[-87.221972999598847,34.999401000332028],[-87.222222999844107,34.999407999852806],[-87.222447000150098,34.999409999926065],[-87.222482000310194,34.999409999926065],[-87.222576999846439,34.999406999816181],[-87.223569000431539,34.99940000029526],[-87.223823999801354,34.999390999964241],[-87.224002000076581,34.99937700018323],[-87.224052000305292,34.99937700018323],[-87.225008000007065,34.999378000220219],[-87.225632000346138,34.999396000148259],[-87.2262499999391,34.999428999883492],[-87.226952999920883,34.999442000355273],[-87.227475999977628,34.999440000282796],[-87.227843000398735,34.999444999728006],[-87.228471999862364,34.999438000210326],[-87.228856999826846,34.999441000319017],[-87.229236999768432,34.999442999655599],[-87.230032999636634,34.999440000282796],[-87.230261999965492,34.999446999800305],[-87.230386999638952,34.999488999836146],[-87.230625000188653,34.999489999871813],[-87.231339999865995,34.999494000014231],[-87.231579000240586,34.99949600008533],[-87.232322000405361,34.999500000227442],[-87.234552999651143,34.999515000022775],[-87.235296999640795,34.999520000199219],[-87.235572000000403,34.999524999639476],[-87.236398999830755,34.999541000201098],[-87.236675000015282,34.999546999675054],[-87.237168999759703,34.999555999988914],[-87.238650000066329,34.999584000223216],[-87.239144999635656,34.999593999831482],[-87.240712000156023,34.999634999758044],[-87.245413999745409,34.999761000247325],[-87.246982000090682,34.999803000121993],[-87.24815600025066,34.999829000208862],[-87.250060000156608,34.999872000079577],[-87.251681000205338,34.999900000205749],[-87.252856000190221,34.999922000140508],[-87.254640000445562,34.999953999633611],[-87.259992000313275,35.00005000024543],[-87.26177599967032,35.000082999716852],[-87.262065000273637,35.000082999716852],[-87.262934999761669,35.000082999716852],[-87.263225000189905,35.000082999716852],[-87.263655000360203,35.00010400031011],[-87.264944999972826,35.000169999931984],[-87.265375999968057,35.00019199979414],[-87.266303000255817,35.000182000258889],[-87.269085000045735,35.000155000256719],[-87.270013000158414,35.000146000008733],[-87.272659000404218,35.000066999997088],[-87.274237999721819,35.000157000311717],[-87.274535999647654,35.000180000204558],[-87.274568000333034,35.000182000258889],[-87.275071000298269,35.000209000252163],[-87.275554999996928,35.000223999917473],[-87.276186000008707,35.000251999923201],[-87.276945999891893,35.00029799964895],[-87.278212999938276,35.00035599965031],[-87.278627000215081,35.000365999900104],[-87.279193999754412,35.000384000346678],[-87.279767000039868,35.000416999683402],[-87.280136999935706,35.000433000070601],[-87.280237000393157,35.000436000142855],[-87.281046999606744,35.000480999741683],[-87.281418000225813,35.000485999859094],[-87.283164999772922,35.000533000212044],[-87.284810000111094,35.0005429997044],[-87.286820000322251,35.00056500020208],[-87.28768499978743,35.000584999913549],[-87.288925000069639,35.000606999664079],[-87.290443000186201,35.000625000057688],[-87.290891999724778,35.00062900014462],[-87.291443000268913,35.000650999883312],[-87.292121000136348,35.000655999990336],[-87.292830999790823,35.000666000203459],[-87.293600999719757,35.000673000351952],[-87.293913999714206,35.000680999785061],[-87.295098999744823,35.000711999696541],[-87.296971999688637,35.000745999657127],[-87.297677000218556,35.000754999839103],[-87.298854999678184,35.000756999879442],[-87.299222000099306,35.00077700027979],[-87.299618999759346,35.000781999643308],[-87.302482999565029,35.000932000273664],[-87.302710000244048,35.000940999699324],[-87.303393000134349,35.000971000230599],[-87.303620999739977,35.00098099966943],[-87.305241999788706,35.001005000083559],[-87.310105999759784,35.001077999828411],[-87.311727999633419,35.001103000230046],[-87.312951000197202,35.001120999778621],[-87.316620999916836,35.001176999902448],[-87.317845000305525,35.001196000185367],[-87.318195000109895,35.001201000259094],[-87.319247999896049,35.001216999757133],[-87.319599000423636,35.001222999844053],[-87.319982999664887,35.001227999916125],[-87.321136999733383,35.00124500015891],[-87.32152199969785,35.001251000243727],[-87.322137999641001,35.001259999634364],[-87.323988999843493,35.001288000021376],[-87.324605999611549,35.00129800015732],[-87.325836999672944,35.001315999662992],[-87.329529999857087,35.001372999665975],[-87.330761999743387,35.001391999903383],[-87.332052000254308,35.001411000136436],[-87.335921999990489,35.001470000096077],[-87.337211999603113,35.001490000322157],[-87.33726199983181,35.001490000322157],[-87.337411999619647,35.001493000355666],[-87.337461999848358,35.001494000366783],[-87.338728999894755,35.001509999807524],[-87.342533000407002,35.001558000318546],[-87.343801000278319,35.001574999756905],[-87.344905000118075,35.00159099991766],[-87.348219000185551,35.001641999673289],[-87.349323999850242,35.001658999830063],[-87.350978000409256,35.001673999965419],[-87.355942999764352,35.001720000363463],[-87.357598000148286,35.001735999760022],[-87.35836800007722,35.001740999800738],[-87.358464000336681,35.001740999800738],[-87.358575999591352,35.001738999784514],[-87.358963999928861,35.001747999857265],[-87.359278999573135,35.001759999952753],[-87.359620999879908,35.001768000015446],[-87.36051200018268,35.001773000054193],[-87.361198000446024,35.001777000084999],[-87.361653999657278,35.001788000168659],[-87.362925999726556,35.001802000273074],[-87.36335800044499,35.001814000360589],[-87.364615000445653,35.001815999639177],[-87.365255999604855,35.001820999675019],[-87.365640999569308,35.00183199975281],[-87.366064999891847,35.001834999773784],[-87.366408000023526,35.001844999842817],[-87.367225999633035,35.001860999950772],[-87.368316999952341,35.001867999996982],[-87.369718999717932,35.001874000036182],[-87.370547000271515,35.001886000113181],[-87.371328000071117,35.001916000297975],[-87.371784000180668,35.001918000309878],[-87.372199000282365,35.001925000351264],[-87.37232700032888,35.001929999644581],[-87.372380000032351,35.0019319996562],[-87.372539999865907,35.001937999690639],[-87.37259400029258,35.00193999970206],[-87.372694999676611,35.001943999724702],[-87.373851000293243,35.001959999813245],[-87.373950000027449,35.001961999824132],[-87.375269999777288,35.001915000291959],[-87.376243000095812,35.001905000231474],[-87.37727800033862,35.001905000231474],[-87.37762399994503,35.001907000243698],[-87.377736999922931,35.00190800024977],[-87.378714000439416,35.001922000333593],[-87.378881999770599,35.001927999632976],[-87.379326000184605,35.001941999713374],[-87.379933999731847,35.001962999829523],[-87.380234000205817,35.001969999867057],[-87.380659000353234,35.001987999960761],[-87.380702999835862,35.001989999970903],[-87.381103999693849,35.001977999909201],[-87.381991999623565,35.002027000150228],[-87.384657999960837,35.002173999961471],[-87.385546999715444,35.002224000087381],[-87.386068999947284,35.002224000087381],[-87.387634999744421,35.002226000091746],[-87.388157999801152,35.002227000093924],[-87.391477999716415,35.00220700004801],[-87.392014000191921,35.002215000066926],[-87.392410000027041,35.002235000110943],[-87.393303999804544,35.002246000133077],[-87.39406200003792,35.002254000148241],[-87.395014000440028,35.002281000193598],[-87.396663999902771,35.002282000195095],[-87.397073000156681,35.002288000203933],[-87.397885999743323,35.002286000201018],[-87.398168999600529,35.002285000199564],[-87.398715000121811,35.002290000206735],[-87.399756000212392,35.002316000239148],[-87.400420999661037,35.002340000261746],[-87.401010999664905,35.002350000269068],[-87.401466999774499,35.002368000279176],[-87.401896999944796,35.002375000282058],[-87.402353000054376,35.002391000286373],[-87.402661000025944,35.002401000287456],[-87.403249000380001,35.002421000286006],[-87.403586999590502,35.002436000281669],[-87.4038960002853,35.002451000274633],[-87.404081000233234,35.002460000269075],[-87.404106000347596,35.002460000269075],[-87.404313000036822,35.002464000266293],[-87.404503999832528,35.00244500027781],[-87.404630000229218,35.00242400028538],[-87.404735999636117,35.002428000284354],[-87.404811999804096,35.002431000283416],[-87.404947000421629,35.002432000283136],[-87.405073999744914,35.002433000282792],[-87.405139999867174,35.002435000282055],[-87.405719999825294,35.002455000272292],[-87.405913999994056,35.002462000267734],[-87.406257000125734,35.002474000258452],[-87.406498000150165,35.002471000260961],[-87.406671000402511,35.002470000261724],[-87.40759899961688,35.002452000274062],[-87.408253000093183,35.002417000286684],[-87.408664999821838,35.002396000287071],[-87.408838000074184,35.002393000286666],[-87.40919200007653,35.002387000285587],[-87.409295999833589,35.002388000285784],[-87.409895000058313,35.002396000287071],[-87.410671999659925,35.002396000287071],[-87.411131000142547,35.002397000287154],[-87.411356000273457,35.002402000287482],[-87.411778000047846,35.002414000287054],[-87.412030999767822,35.00241500028698],[-87.412256999723652,35.002416000286836],[-87.413213000323736,35.002426000284871],[-87.413854000381249,35.002433000282792],[-87.415487000125523,35.002442000279203],[-87.415846000150736,35.002446000277303],[-87.416081000327381,35.002444000278253],[-87.416284999643565,35.002443000278731],[-87.416982999602467,35.002428000284354],[-87.41703799985406,35.002428000284354],[-87.417258999786995,35.002426000284871],[-87.417406999924992,35.002429000284053],[-87.417495999613465,35.002432000283136],[-87.417802999760113,35.002452000274062],[-87.417998999578714,35.0024730002593],[-87.418217999861838,35.002515000213613],[-87.418500999719043,35.002581000098303],[-87.418756999812075,35.002641999944323],[-87.418859999744242,35.002667999864869],[-87.419381000151148,35.002628999980956],[-87.42094500029846,35.002514000214973],[-87.42146699963196,35.00247600025677],[-87.421634000036548,35.002457000271015],[-87.421880999908751,35.00242300028556],[-87.422084000298341,35.002402000287482],[-87.422143999674475,35.002397000287154],[-87.422374999653158,35.002380000283722],[-87.422629999921298,35.002373000281324],[-87.423229000145994,35.00238300028461],[-87.423948999846218,35.002409000287457],[-87.424570999637169,35.002433000282792],[-87.425338000091358,35.002463000267028],[-87.425593000359484,35.00247600025677],[-87.426523999946909,35.002504000227646],[-87.426846000162172,35.002508000222711],[-87.42766299994679,35.002488000245478],[-87.42788100040498,35.002477000255887],[-87.428349000210119,35.002470000261724],[-87.428444999571269,35.002468000263313],[-87.428785000228217,35.0024730002593],[-87.428899000031052,35.002475000257647],[-87.429043999796008,35.002491000242344],[-87.429216000223448,35.002520000206736],[-87.42963299997497,35.002660999887048],[-87.429967999710712,35.002791000112907],[-87.437073999696551,35.002776000182266],[-87.438315999628585,35.002773000195802],[-87.442043999972853,35.002767000222583],[-87.443286999729807,35.002765000231442],[-87.444039999940301,35.002763000240186],[-87.446298999673473,35.002761000248938],[-87.447052999708902,35.00276000025324],[-87.449802999711736,35.002752000287607],[-87.458055000268473,35.002731999634122],[-87.460806000096241,35.002725999657905],[-87.462501999589733,35.002736000353885],[-87.467592000414939,35.002767000222583],[-87.469288999733337,35.002778000173208],[-87.469451999939949,35.00277900016863],[-87.469940999661489,35.00278200015488],[-87.470104999693021,35.002783000150245],[-87.472478000127339,35.002797000084357],[-87.479600000006684,35.00283899987236],[-87.481974000265922,35.002853999791441],[-87.48272400010336,35.00285799976934],[-87.484976999988774,35.002872999684946],[-87.485727999651132,35.002877999656178],[-87.48641399991449,35.002881999632962],[-87.488475000179264,35.002894000297985],[-87.489162000267513,35.002899000267931],[-87.489895000386539,35.002930000074876],[-87.492094999670172,35.003023000161129],[-87.49282899961409,35.003053999921093],[-87.492852999903548,35.003052999929032],[-87.492927000421716,35.003052999929032],[-87.492951999637754,35.003052999929032],[-87.493479999717351,35.003040000030964],[-87.49506499978105,35.003004000302404],[-87.495593999685568,35.002992999646395],[-87.497057000448862,35.002947999957392],[-87.497266999612833,35.002958999883667],[-87.499984000003735,35.003110000193566],[-87.502286000292941,35.003103000253553],[-87.503960999870003,35.00309800029607],[-87.505113000288688,35.003094000329853],[-87.508568999748064,35.003084999669305],[-87.509721999991669,35.00308299968593],[-87.509987000305514,35.003080999702455],[-87.510783999998623,35.003078999718973],[-87.511050000137416,35.003077999727232],[-87.513039000432187,35.003072999768207],[-87.51900600041813,35.003059999873308],[-87.520995999639467,35.003055999905236],[-87.521358999862642,35.003053999921093],[-87.522301000219031,35.003048999960605],[-87.522451000006853,35.003048999960605],[-87.52266299971896,35.003050999944818],[-87.522815000054919,35.003051999936957],[-87.523302999951554,35.003056999897261],[-87.528038000051225,35.003103000253553],[-87.543706000215167,35.003259000245691],[-87.548930000036364,35.003310999686398],[-87.54972199970662,35.003318000344393],[-87.55210000016379,35.003342000073076],[-87.552892999658937,35.003349999981076],[-87.553014000032775,35.003349999981076],[-87.55337899990576,35.003349999981076],[-87.55350100010449,35.003350999969506],[-87.555799000195734,35.003373999700329],[-87.562695000119277,35.003446000287617],[-87.564994000035441,35.003470999965714],[-87.56598400007239,35.003477999874171],[-87.568955999833094,35.003502000291775],[-87.569946999694992,35.003510000184129],[-87.571406000260311,35.003524999980144],[-87.574224999860149,35.003554000313876],[-87.575783000159674,35.003546999676018],[-87.577242999651617,35.003541999745664],[-87.577288999682352,35.003541999745664],[-87.577359999827493,35.003541999745664],[-87.577430999972592,35.003541999745664],[-87.577477999828247,35.003541999745664],[-87.577598000377165,35.003541999745664],[-87.577718999852692,35.003540999759572],[-87.582929000328491,35.003529999911528],[-87.585881999822618,35.003522000021185],[-87.594742999751475,35.003499000331921],[-87.597696999968861,35.003491999689423],[-87.598505000430933,35.003487999742461],[-87.600933000218518,35.003475999900409],[-87.601741999607199,35.003472999939611],[-87.604886999620277,35.003464000056603],[-87.606030999643011,35.003424999816261],[-87.607561000353456,35.003468999991732],[-87.607634999973314,35.003470999965714],[-87.60780800022566,35.003476999887305],[-87.61515500023593,35.003543999717884],[-87.615556000093932,35.003546999676018],[-87.616760000391125,35.003557000271705],[-87.617162000074018,35.003561000215292],[-87.617368999763258,35.003570000087628],[-87.61798899990437,35.003596999698701],[-87.61819700031684,35.003607000288234],[-87.618388000112546,35.003609000258855],[-87.618962000222893,35.003616000155503],[-87.619153999843519,35.003619000111058],[-87.619177000308071,35.003619000111058],[-87.619245999905033,35.003619000111058],[-87.619270000194462,35.003620000096213],[-87.619293999585608,35.003620000096213],[-87.619365999555626,35.003621000081338],[-87.619389999845069,35.003622000066514],[-87.620095000374988,35.003630999932142],[-87.622212999642883,35.003658000258916],[-87.622918999997708,35.003667000120586],[-87.623908000209752,35.003696999652362],[-87.625193999624415,35.003736999746742],[-87.626876999597414,35.003731999828013],[-87.627866999634378,35.003729999860454],[-87.628655000004969,35.003726999908949],[-87.631019000218458,35.003721000005712],[-87.631808000413955,35.003719000037826],[-87.632129999730935,35.003718000053887],[-87.633096000376767,35.003717000069948],[-87.633419000416964,35.003717000069948],[-87.633433999587254,35.003717000069948],[-87.63348100034122,35.003717000069948],[-87.633497000234755,35.003717000069948],[-87.63493300033555,35.003714000117981],[-87.639241999564547,35.003707000229653],[-87.640679000388573,35.003705000261476],[-87.640902999796239,35.003700000340785],[-87.641575999640807,35.003687999793989],[-87.641800999771689,35.003684999840964],[-87.642100000420754,35.003678999934628],[-87.643000000046044,35.003664000166786],[-87.643299999621689,35.003659000243594],[-87.646151999731813,35.003639999796775],[-87.654709999711955,35.00358499987265],[-87.657562999646984,35.003567000130282],[-87.662255999913839,35.003536999815005],[-87.66580500015796,35.003617000140743],[-87.666989000363671,35.003603000346892],[-87.669034999661534,35.003603000346892],[-87.670766000213419,35.003590999785914],[-87.671624000005906,35.003597999684118],[-87.671644999922293,35.003597999684118],[-87.685404000157433,35.003710000181869],[-87.686549999830021,35.003725999925123],[-87.688709999828987,35.003753000220549],[-87.696841000011887,35.003851000018869],[-87.697605999917954,35.003871999645042],[-87.700338000377457,35.00394799971874],[-87.700379000385354,35.003955000322229],[-87.700502000408989,35.003979999844795],[-87.700543000416886,35.003987999690416],[-87.70232099992613,35.00394499977525],[-87.702398999743934,35.003919000260495],[-87.709458999699009,35.004086999922571],[-87.711878999988997,35.004113000119702],[-87.720247999823258,35.004208000288841],[-87.722343000423223,35.004227999845675],[-87.729291000225317,35.004304000324453],[-87.733965000225609,35.004330999693302],[-87.738270999979861,35.004355999836818],[-87.739064000373347,35.004359999741347],[-87.741446000130168,35.004373000165508],[-87.742240000348545,35.004378000045079],[-87.743859999674058,35.004386999827545],[-87.748722999820217,35.004413999904841],[-87.750028000399766,35.004421999708015],[-87.750343999868946,35.004439999998105],[-87.750460000219903,35.00444699982372],[-87.750808000374434,35.004469000007504],[-87.750924999651986,35.004476999805306],[-87.751558000211901,35.004496000057742],[-87.759012000352271,35.004662000061742],[-87.75962400009746,35.004674999702154],[-87.759707999763052,35.004680000299032],[-87.759963999856097,35.004685000159895],[-87.760219000124223,35.004674999702154],[-87.760657999617038,35.004643999820495],[-87.760829000219573,35.004636000039078],[-87.762398000389766,35.004657000199529],[-87.763207999603367,35.004663000034199],[-87.763838999615132,35.004654000282088],[-87.764278000006257,35.004666999923714],[-87.764812999758561,35.004666999923714],[-87.764994000406858,35.004660000116921],[-87.765170999958841,35.004638999957187],[-87.765431000249848,35.004593999701896],[-87.765605000327142,35.004574000234534],[-87.765781000054233,35.004564999736864],[-87.766229999592795,35.00456799965756],[-87.766605000409825,35.00457900010187],[-87.767233999873454,35.004600000276959],[-87.767546999867903,35.004605000142703],[-87.76888900025736,35.004610999981132],[-87.769588999866116,35.004631000175223],[-87.769850999806934,35.004637999984489],[-87.770397000328202,35.004662000061742],[-87.770577000253255,35.004664999978957],[-87.770932000080492,35.004661000089342],[-87.771546000373803,35.004666999923714],[-87.771901000201055,35.004664999978957],[-87.772709999589736,35.004670999813023],[-87.772983000299519,35.004678000354652],[-87.773631000029724,35.004683000215586],[-87.776382999682397,35.004782000342566],[-87.779531999893436,35.004894999924801],[-87.780106999828689,35.004915000049536],[-87.781835000007561,35.004977000331429],[-87.78241099976772,35.004997999668575],[-87.782955999565772,35.005001000309228],[-87.784590999858196,35.005010000023169],[-87.78513700037945,35.005013999895716],[-87.785512000298183,35.00501599983194],[-87.786640000427411,35.005021999640221],[-87.787016000171022,35.005024000312027],[-87.788216000270296,35.005032000055564],[-87.791817000392925,35.005056000017277],[-87.79301800031709,35.005063999757624],[-87.793185999648273,35.005063999757624],[-87.793690000336753,35.005064999725171],[-87.793857999667907,35.005065999692633],[-87.812666999646993,35.005180000320337],[-87.812786000370991,35.005168999956886],[-87.813157000091749,35.00513600032923],[-87.813675999950519,35.005140000195624],[-87.813691000019148,35.005140000195624],[-87.819124999902613,35.005173999787814],[-87.821135999938676,35.005187000082628],[-87.830514000076491,35.005203000272807],[-87.840570000081726,35.005416000069381],[-87.848582000438938,35.005588000180964],[-87.851601999880216,35.005560999755296],[-87.851904000004012,35.005566000298082],[-87.852606999985795,35.005608000136206],[-87.853268000134776,35.005560999755296],[-87.855927999725964,35.005595999869342],[-87.859323999809206,35.005621000362062],[-87.85965100004735,35.00562300028345],[-87.860634000411608,35.005630000007784],[-87.860961999576361,35.005632999889507],[-87.861977999552593,35.005640000348805],[-87.865026000379601,35.005662000211778],[-87.866042000355847,35.005669999892923],[-87.867808000169518,35.005683000108924],[-87.86823999998964,35.005673999733204],[-87.872693999881903,35.005574999949872],[-87.873118000204443,35.005546000332508],[-87.874094999822603,35.005546000332508],[-87.874796000154561,35.005552000101972],[-87.875776999970711,35.005562999678105],[-87.876603999801048,35.0055510001404],[-87.877374999554888,35.00553999982683],[-87.877550000355399,35.005523999702575],[-87.877721999884542,35.005490000255833],[-87.87780600044843,35.005464999723024],[-87.877824999816696,35.005457999984579],[-87.881237999618378,35.00566600005245],[-87.881658999567833,35.005664000132164],[-87.881969999912471,35.005667999972744],[-87.882226999830422,35.005668999932837],[-87.883000000132398,35.005671999813117],[-87.883257999875255,35.005672999773161],[-87.886795000423803,35.005685000028741],[-87.897406000272824,35.005722999968143],[-87.90094399974798,35.005736000175716],[-87.901178000099691,35.005737000134992],[-87.901880000256583,35.005740000012771],[-87.902115000433227,35.005740999971991],[-87.903152000325832,35.005744999808798],[-87.905237999806658,35.005754000176701],[-87.906263999828639,35.005740999971991],[-87.907302000444488,35.005728999724575],[-87.907908000341891,35.005732000338469],[-87.909726999859018,35.005740999971991],[-87.910333999581354,35.005744999808798],[-87.910572999955946,35.005745999767953],[-87.911291999831249,35.005748999645405],[-87.911532000030761,35.005751000299433],[-87.912508999648935,35.005756000094784],[-87.91544000030008,35.005771000214843],[-87.916416999918255,35.0057769999678],[-87.916450000428526,35.0057769999678],[-87.916515999652461,35.005776000009021],[-87.927064999577198,35.005801999669451],[-87.938500999606731,35.005830999931824],[-87.943589999708706,35.005843000164269],[-87.946595999804629,35.005849999869795],[-87.955615999742136,35.005872999633901],[-87.958622999662936,35.005881000030229],[-87.959010000175553,35.005881999987729],[-87.960170999916741,35.005884999860186],[-87.960559000254264,35.005885999817643],[-87.962059999754061,35.005888999689958],[-87.96656300005013,35.005900999913848],[-87.968064000448265,35.005904999742846],[-87.969184000181556,35.005906999657284],[-87.972544000279782,35.005916000007367],[-87.973664000013088,35.005918999878539],[-87.974458000231465,35.005916999964434],[-87.9768399999883,35.005910000264599],[-87.977635000031597,35.005909000307447],[-87.978153000065447,35.005910000264599],[-87.979707000167025,35.005915000050287],[-87.980225000200875,35.005916999964434],[-87.981163000359302,35.005919999835626],[-87.983976999936274,35.005929000184274],[-87.984915999919608,35.005933000011893],[-87.985141000050518,35.005933999968754],[-87.985816000443208,35.005937999796124],[-87.986040999675794,35.005939999709703],[-87.987126999972219,35.005936999839264],[-87.990386999613023,35.005929000184274],[-87.991473999734367,35.005927000270368],[-87.994201000171003,35.005931000098087],[-88.000031999714523,35.005942000359056],[-88.002252999812868,35.005969999879639],[-88.002384000232439,35.005969999879639],[-88.004396999918313,35.005985999916668],[-88.005111999595684,35.005991999653865],[-88.006730999994573,35.006000999994598],[-88.008937000024318,35.006015000113869],[-88.011590999767705,35.006035999920343],[-88.013210999991514,35.006049000078185],[-88.014565999901478,35.006060000323359],[-88.01811599997049,35.006088999758461],[-88.018630999631299,35.006094000268966],[-88.019986000439559,35.006109000327037],[-88.022692000061497,35.006132999972813],[-88.025399000406637,35.006157000347301],[-88.026893000233756,35.006170999704075],[-88.028392000083755,35.006185999748077],[-88.03042200038638,35.006203999650054],[-88.03245799963851,35.006222000283827],[-88.03275499973941,35.006225000143829],[-88.037498000235004,35.006303000143788],[-88.040171000244968,35.006331000276568],[-88.048192999749602,35.006417999734566],[-88.05070400027617,35.006444999877381],[-88.050865999759566,35.006422000274085],[-88.050929000407081,35.006412999979666],[-88.05102099957027,35.006400999830824],[-88.051121999852597,35.006400999830824],[-88.051187000149937,35.006401999781964],[-88.054355999554133,35.006432999733228],[-88.05782899963026,35.00646700025964],[-88.059807999879268,35.00648700000005],[-88.063862999563369,35.006517999919105],[-88.067032999690809,35.006543000130065],[-88.075419999966726,35.006607999759943],[-88.075594000044006,35.006609999657144],[-88.075772000319247,35.006612000290112],[-88.080559000297441,35.006648999850817],[-88.085349999575271,35.006688000025839],[-88.086634000238419,35.006698000237527],[-88.08876400010017,35.006715000079552],[-88.089455000386394,35.006718999868731],[-88.091528000346742,35.006731999918031],[-88.092218999734641,35.006736999653441],[-88.094695000101126,35.006756000116788],[-88.102124000127134,35.006813999954936],[-88.104601000318539,35.006834000346274],[-88.105464000133878,35.00684299985857],[-88.108055000128076,35.006869999861109],[-88.108918999768349,35.006879000105251],[-88.110760999750013,35.006902000315868],[-88.116289000243142,35.006973000061457],[-88.118132000049727,35.006997000189514],[-88.118220999738185,35.006997000189514],[-88.118491000074911,35.006998000133414],[-88.118580999588289,35.006999000077272],[-88.119392000423417,35.007001999908773],[-88.121826000058803,35.007012000082064],[-88.122637999820526,35.007015999856733],[-88.125034999645948,35.007041999858821],[-88.125401000242178,35.007044999688752],[-88.140693999589075,35.007164000211247],[-88.142780999793132,35.007180000014763],[-88.147016000300596,35.007214000230746],[-88.156530999807444,35.007291000083228],[-88.160287999565696,35.007353000036048],[-88.171701999853937,35.007497000029922],[-88.180429999713397,35.007674999794638],[-88.180750000278849,35.007680000208204],[-88.181712999653328,35.007697999781456],[-88.182034000043686,35.007704000128896],[-88.182449999970302,35.007712000346103],[-88.18261400000182,35.007714000216374],[-88.184357000249278,35.007742999800961],[-88.184938000032332,35.007752999883664],[-88.185512000142694,35.007762000030667],[-88.186373000308208,35.007776999782884],[-88.18723299975052,35.007791000334016],[-88.187807999685788,35.007800999675119],[-88.188843999753502,35.007818000023669],[-88.191953999606483,35.007870000245639],[-88.192991000397427,35.007887999777083],[-88.194337999911454,35.007910999704009],[-88.19486299961801,35.007919999833618],[-88.198379000250156,35.007965999663007],[-88.199726999589089,35.007983999909129],[-88.200020000390367,35.007987999636264],[-88.200463000081157,35.007993999962387],[-88.200903000297203,35.007999000356449],[-88.201197999849981,35.008004000014417],[-88.201426000353948,35.008006999809069],[-88.201767999762396,35.008012000202349],[-88.202109000244235,35.008015999928112],[-88.202337999674782,35.00801999965369],[-88.202462000421647,35.008021000320831],[-88.202649000019406,35.008024000114808],[-88.202833999967325,35.008025999977455],[-88.202958999640799,35.008027999839989],[-88.202914000333266,35.00791899990103],[-88.202848000211034,35.007755999687518],[-88.202781000263883,35.007591999948396],[-88.202736999882958,35.007484000102195],[-88.202551999935025,35.007031999689197],[-88.202430999561201,35.00671100029016],[-88.202165000320718,35.006003999862649],[-88.201987000045492,35.005420999885203],[-88.201766000112571,35.004467000057915],[-88.201744000371249,35.004318999974949],[-88.201622999997426,35.003497000358664],[-88.201567999745848,35.003195000152843],[-88.201446000445415,35.002519000208153],[-88.20140299988941,35.00229200020955],[-88.201346999812898,35.001991999981065],[-88.201185000329502,35.001119999762942],[-88.201166999887846,35.000986999773609],[-88.201080999674133,35.00031500008496],[-88.201065999605504,35.000201000037059],[-88.20105200026012,35.000087999858579],[-88.200952999627603,34.999113000289576],[-88.200857000266453,34.998139000193554],[-88.200837000174971,34.997956000014398],[-88.200819999558206,34.997774000218413],[-88.20081600025857,34.997763999651788],[-88.200760000182072,34.997535000324376],[-88.200304999897398,34.996348999881491],[-88.200285999630836,34.996298999845123],[-88.200285999630836,34.996046999785548],[-88.200063999872995,34.995633999767861],[-88.200030000436101,34.99564000026416],[-88.199643999748417,34.994618999999524],[-88.199149000179091,34.993308000162649],[-88.198178000408703,34.990647999746685],[-88.19804600016424,34.990284999776193],[-88.196068999565043,34.987213000098038],[-88.194700000309695,34.984986999652051],[-88.192327999700296,34.981557000007555],[-88.191186000225684,34.980070000009796],[-88.189991000149305,34.978512999711612],[-88.188764000285886,34.976604000190989],[-88.188348000359284,34.975956999774532],[-88.187759000180321,34.97523299963558],[-88.186245000261707,34.973374000296864],[-88.184398000257175,34.971393999872298],[-88.184275000233526,34.971263000191264],[-88.183055000042785,34.970353999690971],[-88.182097999617795,34.969641999733049],[-88.181163999657315,34.968872000028092],[-88.180228999871943,34.967552999685715],[-88.178843999824764,34.965682000290315],[-88.177017999736634,34.963216000138885],[-88.174981999586194,34.960198000090031],[-88.172538999730023,34.9569000002504],[-88.169852000374661,34.951322000208229],[-88.169043999912589,34.949643000100615],[-88.168236000348813,34.947963000284119],[-88.166986999845747,34.945368000141315],[-88.164598000416234,34.94097999966089],[-88.164578000324738,34.940942999879248],[-88.163927000221491,34.939458999949984],[-88.161925000406271,34.934891999856411],[-88.161604000015913,34.934159999920354],[-88.161536000243842,34.933300999793929],[-88.161492999687823,34.932758000064247],[-88.161436999611311,34.93204400023474],[-88.16099200027071,34.931243999780996],[-88.160839999934751,34.930968999710387],[-88.160783999858253,34.930869000058713],[-88.160728999606661,34.93076900028521],[-88.15973000024718,34.928971000040868],[-88.159146000091084,34.928195000209669],[-88.157929000273384,34.926579999767455],[-88.153496000297523,34.921083999916426],[-88.152413000374139,34.919740999696685],[-88.151435000032748,34.918882999884687],[-88.149998999931952,34.917623000252306],[-88.147970000352544,34.915842999832407],[-88.145504000031806,34.914083999664044],[-88.143968000371899,34.912988000216188],[-88.143950999755162,34.912973999664814],[-88.143910999572185,34.912942000079376],[-88.142504999608605,34.911802999712592],[-88.13891299970679,34.90889199973936],[-88.138084000226627,34.908414999693932],[-88.136472000398726,34.90748900016365],[-88.135838999838825,34.907133000179179],[-88.133939999955757,34.906067999649942],[-88.133840000396646,34.906012000076835],[-88.13357400025788,34.905862000242919],[-88.133308000119087,34.905712999841839],[-88.131963000254885,34.90495800030407],[-88.128220999666922,34.903093000211072],[-88.125104000141263,34.902085999911591],[-88.124714000153901,34.901973999716645],[-88.123282000251081,34.901578000275862],[-88.121882999960206,34.901102000236861],[-88.120680000386216,34.900694000112679],[-88.11557299984257,34.899027999813178],[-88.112519999891006,34.898291999802026],[-88.111267000088318,34.897855000289809],[-88.109706000314048,34.897309999970282],[-88.106254999979214,34.895875000368015],[-88.103314000180646,34.894907000326207],[-88.102247999975702,34.894680999678677],[-88.101413999574362,34.894504000328403],[-88.101319999863023,34.894483999774216],[-88.099999000288264,34.894095000000391],[-88.099175999757549,34.893705000005056],[-88.09904199986326,34.893594999879419],[-88.098714999625116,34.893327000135706],[-88.098445000186686,34.892993999686965],[-88.098322000163037,34.892842999791036],[-88.098219000230884,34.892715000203445],[-88.097993000275054,34.892364000363081],[-88.097887999794764,34.892201999987641],[-88.09789100016782,34.892177000251436],[-88.097896000190701,34.89213999983216],[-88.097900000388663,34.892102000260486],[-88.097902999863379,34.892076999757002],[-88.098006999620466,34.89124299982327],[-88.098163999979292,34.889993000157517],[-88.098319999614901,34.888741000068599],[-88.098424000270285,34.887908000090732],[-88.098523999829396,34.887106999859533],[-88.098673999617233,34.885908000216951],[-88.098824000303367,34.884707000103027],[-88.098924999687398,34.8839080003006],[-88.098933999908226,34.883836000050295],[-88.098948000151935,34.883729999874035],[-88.0989609996724,34.883620999633578],[-88.098969999893242,34.883549999845457],[-88.098975999741029,34.883501000236087],[-88.098985999786763,34.883427999651055],[-88.098995000007605,34.883353999758967],[-88.099000999855377,34.883305000032735],[-88.099066999977609,34.882776000241087],[-88.099167000435045,34.88198300006237],[-88.099266000169251,34.881189000332789],[-88.099333000116403,34.880660000185863],[-88.099339999789095,34.880598000164447],[-88.099352000382993,34.880506999703613],[-88.099363000253618,34.880414999864115],[-88.09937099975123,34.880353999673474],[-88.099427999652633,34.879888999957792],[-88.099516000414496,34.879191999888242],[-88.099601999729913,34.878494999803785],[-88.099660000354547,34.878030999932299],[-88.099678999722812,34.877876999669233],[-88.099708999860027,34.877646999887574],[-88.099738000172351,34.877417000199344],[-88.099758000263833,34.877264000313041],[-88.099811999792195,34.876828000293614],[-88.099893999807961,34.876176000114604],[-88.099975999823727,34.875522999848691],[-88.100031000075319,34.875088000255523],[-88.100096000372645,34.874469000213978],[-88.100195000106851,34.873541999667275],[-88.100292000191232,34.87261300024047],[-88.100358000313449,34.871995000106068],[-88.100471000291364,34.870937999807737],[-88.100640000345777,34.869350999821989],[-88.100806999852026,34.867764000161422],[-88.100919999829927,34.866707000014074],[-88.101127000417492,34.864748999996046],[-88.101440000411927,34.861812999778728],[-88.10175099985824,34.8588759998838],[-88.101959000270696,34.856919000227677],[-88.10206899987557,34.855874999670363],[-88.102236000280129,34.854310000125665],[-88.102401999961501,34.852745000297482],[-88.102513000289576,34.85170200021318],[-88.102518000312458,34.851649000067908],[-88.102528000358191,34.851571000334502],[-88.102535999855803,34.851492000160583],[-88.102541999703575,34.851440000247308],[-88.102550000099484,34.851360999947616],[-88.102564000343207,34.851244000278875],[-88.102576999863672,34.851126999706558],[-88.1025860000845,34.851049000215511],[-88.102612000023782,34.8508249998862],[-88.10265200020676,34.850491000112214],[-88.102690999666493,34.850156000074023],[-88.102718000328977,34.849932999910799],[-88.102730000024536,34.849825000219539],[-88.102749000291112,34.849663999699864],[-88.102767999659378,34.849501999948806],[-88.102781000078167,34.849395000083938],[-88.102935000063965,34.848174999965892],[-88.103397000021332,34.844515000201319],[-88.103551999832035,34.843295999717398],[-88.103698000320193,34.842138999922554],[-88.104136999813036,34.838669999849429],[-88.104284000126128,34.837513999712385],[-88.104361000119013,34.83689800017352],[-88.104593999747507,34.835052000103829],[-88.104673000288543,34.834436999676008],[-88.104890000023531,34.832719000013242],[-88.104895000046398,34.832672000063788],[-88.104904000267226,34.832601999650045],[-88.104911999764823,34.832531999914174],[-88.10491900033584,34.832485999718251],[-88.104927999658372,34.832409999979411],[-88.104941999902067,34.832297999964837],[-88.104956000145776,34.832184999933929],[-88.10496600019151,34.832109999782098],[-88.10496799984135,34.832093999731043],[-88.104972999864202,34.832048000027811],[-88.104976000237258,34.832032999830481],[-88.10520300001798,34.830237999993187],[-88.105208000040832,34.830194999654779],[-88.105217000261675,34.830130000266763],[-88.105223999934381,34.830065999979631],[-88.105229999782154,34.830023000288818],[-88.10523599962994,34.829972999865547],[-88.105245999675674,34.829898999802815],[-88.105254000071582,34.829823999780992],[-88.105260999744289,34.829774999867446],[-88.10526499994225,34.829741999698584],[-88.105268000315306,34.829710000147891],[-88.105274999987984,34.829662000061077],[-88.105280000010865,34.829613999946339],[-88.105285000033746,34.829583000241428],[-88.105391000338955,34.828746000110122],[-88.105550000347591,34.827491999697536],[-88.105709000356285,34.826236000227865],[-88.105814999763169,34.825399999946271],[-88.105914000395671,34.824615000003938],[-88.106064000183508,34.823438000058246],[-88.10621200032152,34.822260000270077],[-88.106311999880631,34.821475999893124],[-88.106561000300971,34.819506000050353],[-88.106936000219704,34.816551999768123],[-88.107310000313518,34.813596999680492],[-88.107559999660438,34.811628000352997],[-88.107670999988528,34.810759999789461],[-88.107742999958546,34.810210999937702],[-88.107788000164405,34.809874000197304],[-88.107891000096572,34.80909499994371],[-88.107917000035826,34.80890099976159],[-88.108112999854413,34.807447999656731],[-88.108185999649336,34.806915999821285],[-88.108198000243206,34.806828999678181],[-88.108230000030261,34.806581999669994],[-88.108327000114656,34.805842999997054],[-88.108359999726616,34.805597000170998],[-88.108481000100426,34.804680000166734],[-88.10884299960037,34.801930999889727],[-88.108964999799113,34.801014999912994],[-88.109281000166604,34.79862600019721],[-88.109455000243869,34.797305999645836],[-88.110734999810745,34.78762400024798],[-88.110968000337564,34.785860000019518],[-88.1116670001214,34.780568999978634],[-88.1119009995748,34.778805999905046],[-88.111932000435274,34.778562000125284],[-88.111936999559816,34.77852600003618],[-88.112093000093751,34.777349000010751],[-88.112681000447807,34.772920000317299],[-88.112708000211981,34.772715999921239],[-88.112787999679611,34.772105999844797],[-88.112816000167001,34.771903000245629],[-88.113370000185881,34.767815999632212],[-88.113433999759991,34.76734099963695],[-88.113627000103833,34.765926000260166],[-88.113646000370409,34.765782999828808],[-88.11364899984514,34.765758999990169],[-88.114251000442891,34.761531000209786],[-88.114254999742528,34.761511999789889],[-88.114258000115598,34.761492000120036],[-88.114930000135246,34.756826000079826],[-88.115002000105264,34.756316000180384],[-88.115347999711673,34.753867000285567],[-88.115409999635943,34.753421999971316],[-88.115443999971149,34.753186999708568],[-88.115731000026315,34.751147999918807],[-88.115828000110696,34.750468999951224],[-88.115838000156444,34.750392999872744],[-88.115869999943499,34.750164999955636],[-88.115881999639058,34.750089999719123],[-88.116377000106695,34.746592000358575],[-88.116418000114578,34.746302999679898],[-88.116430999635043,34.746162999723182],[-88.116561000229709,34.744871999948465],[-88.116604999712322,34.744441999786183],[-88.116665999811687,34.743827000170278],[-88.116853000307756,34.741981999688058],[-88.116915000232041,34.741367999702319],[-88.117034999882634,34.739763999688385],[-88.117397000280889,34.7349549997598],[-88.117517999756387,34.733352000340403],[-88.117520000304523,34.733313999818456],[-88.117528999627055,34.733202999864538],[-88.117532000000082,34.73316600033894],[-88.117537000022978,34.733141000290949],[-88.118212000415653,34.726278000344742],[-88.118229000134093,34.726100000272261],[-88.118398000188506,34.724380000034756],[-88.11840700040932,34.724292000282851],[-88.118476999831216,34.723778999763631],[-88.119713999740384,34.714834000149629],[-88.120282999827865,34.711228000342373],[-88.120383000285301,34.710570000260361],[-88.120422999569954,34.710303999731224],[-88.120542000293952,34.709505999657452],[-88.120583000301835,34.709241000015084],[-88.120586999601485,34.709208000354081],[-88.120601999670086,34.709113000070424],[-88.120606999692967,34.709081000237923],[-88.120610000066009,34.709057000170816],[-88.120620999936676,34.708984999927701],[-88.120625000134623,34.708961999713793],[-88.120933999931111,34.706918999729957],[-88.121143999993407,34.705542999876059],[-88.122029000448379,34.700820999953166],[-88.122410000214899,34.698790999865011],[-88.122538000261414,34.698106000238042],[-88.122923000225882,34.69605099983287],[-88.123052000097303,34.695366999728016],[-88.123206000083101,34.694535999995921],[-88.123304999817293,34.694057000158999],[-88.12337400031258,34.693721000350706],[-88.12354800038986,34.692868000159677],[-88.123596000070421,34.692630000310245],[-88.123694999804627,34.691940000217912],[-88.123695999629547,34.69191699969722],[-88.123956999745445,34.690373000161244],[-88.124000000301479,34.6900440001994],[-88.124765000207532,34.684129000159615],[-88.124766999857357,34.684117999644236],[-88.125039999668829,34.682552000198875],[-88.125993999720791,34.676293999701514],[-88.126951999970714,34.670007000026494],[-88.127789999671691,34.664513000301604],[-88.128429000079379,34.660321000228357],[-88.128465999889301,34.660074999851787],[-88.128896999884532,34.657254000282236],[-88.129605999714101,34.652607999948238],[-88.130173000151743,34.648894000106274],[-88.130187000395452,34.648808000366998],[-88.130199999915931,34.648724000277731],[-88.130214999984545,34.64862700030632],[-88.130229000228255,34.648530000221342],[-88.130794999942694,34.644818999973658],[-88.131576999567173,34.63969500022727],[-88.131593000359032,34.639594000121328],[-88.131604000229672,34.639518000150773],[-88.133504999762565,34.62706000005187],[-88.13350800013562,34.627047999959622],[-88.133597999648998,34.626457999690679],[-88.133806000061455,34.625093000321229],[-88.133928000260198,34.624441999923761],[-88.133995000207335,34.624085000327383],[-88.134195000223897,34.623016000074358],[-88.13426299999594,34.622659999701561],[-88.134367999577933,34.62190100010163],[-88.13525999970561,34.616806000307889],[-88.135203999629113,34.61587800004574],[-88.137100000037435,34.602220999719393],[-88.137199999596547,34.601514000206947],[-88.137500000070517,34.599393000311373],[-88.137599999629643,34.598685999647728],[-88.137609999675377,34.598615999803634],[-88.137619999721124,34.59854500016565],[-88.13763399996482,34.598444999989383],[-88.137637000337875,34.598422000138861],[-88.138307999634293,34.592856999714272],[-88.138311999832254,34.592820000324075],[-88.138721999911084,34.589190999838465],[-88.138771000314875,34.589169000231685],[-88.138838000262041,34.589121999976499],[-88.138895999988364,34.589058999891726],[-88.138933999623191,34.588989000070164],[-88.138946000217061,34.588941999713207],[-88.138955000437903,34.588906999760539],[-88.138962999935501,34.58883000010853],[-88.139008000141345,34.588613000167584],[-88.139015999638957,34.588553999857304],[-88.139054000172109,34.588254999721471],[-88.139159999578993,34.587666000192343],[-88.139947000124678,34.582024000329383],[-88.139968999865985,34.581839999738776],[-88.139988000132561,34.581703000260461],[-88.141363999958912,34.571756000339562],[-88.141384999875314,34.571607999865165],[-88.142138999910713,34.566142999690797],[-88.142658999594389,34.562643999820565],[-88.143333000162187,34.558098999715824],[-88.143405000132205,34.557571999667864],[-88.144804000423079,34.547167000201171],[-88.145317000434076,34.543518999989558],[-88.145787999713946,34.540003999755655],[-88.145803999607466,34.539884000259896],[-88.146215000409526,34.536977999909297],[-88.147074999851839,34.530908000056051],[-88.147291999586798,34.529370000183434],[-88.147725999955071,34.526307000038912],[-88.147945000238181,34.524757000238658],[-88.148162999798075,34.523219999906203],[-88.148207000179013,34.522908999889125],[-88.148339000423476,34.521973999700741],[-88.148383999731024,34.521663000212421],[-88.14928400025461,34.515300999767319],[-88.149885000129132,34.51105999976307],[-88.150183999879886,34.508940999981782],[-88.15051000029311,34.506634999697539],[-88.151436999682588,34.500095999778402],[-88.152512000108345,34.491805000001563],[-88.152517000131226,34.491758999806599],[-88.152534999674572,34.491583000274865],[-88.152590999751069,34.491053999904857],[-88.152610000017631,34.490878999914401],[-88.152613000390701,34.490847999843915],[-88.152618000413568,34.490803999700255],[-88.152621999713219,34.490757999693543],[-88.15262599991118,34.490727999868589],[-88.152627999560991,34.490704999847438],[-88.152635999956914,34.490638999880289],[-88.152637999606739,34.490617000126392],[-88.152698999706104,34.49016099981543],[-88.152880000354386,34.488791999898098],[-88.15294099955544,34.488335999974382],[-88.152950999601188,34.488260000114956],[-88.152960999646922,34.488184999766773],[-88.1529720004159,34.48810600028478],[-88.152981999563323,34.488026999987497],[-88.153000000004994,34.487890000063182],[-88.153054000431666,34.487480000009732],[-88.153072999799917,34.487344000258396],[-88.154152000423665,34.479244999846664],[-88.154462999869949,34.476950999728089],[-88.154830000291071,34.474194000330584],[-88.154838999613602,34.474119999674357],[-88.155145999760265,34.471816000114082],[-88.155185999943242,34.471509999743937],[-88.155250000415649,34.471033999982609],[-88.155308000141972,34.470592999839376],[-88.15534900014984,34.470287999964057],[-88.155407999701083,34.469844000180849],[-88.155585000151419,34.468512999805974],[-88.155645000425864,34.46807000002952],[-88.156057000154519,34.464973000370215],[-88.156292000331149,34.463214000061448],[-88.156298000178936,34.463160999751459],[-88.156545000051139,34.460983000015929],[-88.156738000394981,34.459275999993473],[-88.15691199957395,34.457748999845229],[-88.157007000008505,34.456932999826357],[-88.157262000276617,34.454763999669048],[-88.157508000323929,34.452596000217341],[-88.157516999646433,34.452486000124559],[-88.157898000311249,34.449327000290197],[-88.158588999699177,34.442847000130271],[-88.158731999814307,34.441595999813835],[-88.15906800027328,34.43939800034412],[-88.159182999901006,34.438392000251405],[-88.159387000115501,34.436385000298351],[-88.159418999902556,34.436067999699169],[-88.159601000375744,34.434637999867633],[-88.160078000401725,34.43073999976],[-88.16039200022108,34.428253000243615],[-88.160511999871687,34.427309000055629],[-88.160784999683159,34.425073000305282],[-88.160967999981267,34.423587999633746],[-88.16139999980139,34.419909000015615],[-88.161433000311675,34.419626000237216],[-88.161521000175213,34.418867999964249],[-88.161552000137348,34.41861000033937],[-88.161585999574228,34.418324999776672],[-88.161805999682258,34.41676700013312],[-88.161830999796607,34.416531999669559],[-88.161838000367624,34.416459000229921],[-88.161900000291922,34.415918000112875],[-88.161931000254043,34.415426999831737],[-88.161953999820255,34.415230000270007],[-88.161962000216178,34.415145000161537],[-88.16206199977529,34.414376999833699],[-88.162202000415704,34.413044999911413],[-88.162578999984248,34.409670999646146],[-88.163133000003114,34.404965000024561],[-88.163348000088263,34.403189999996769],[-88.163554999777517,34.401279000265291],[-88.163563000173426,34.401207999875304],[-88.163758999992012,34.399806999713718],[-88.164456000125995,34.394351000007141],[-88.164953000243486,34.390444000190357],[-88.165094999635386,34.389100999973081],[-88.165360999774151,34.386617999678656],[-88.16557699968422,34.384543000043664],[-88.165583000430317,34.383943999806341],[-88.165732000393234,34.382805999940238],[-88.165740999715766,34.382554000185664],[-88.165796999792249,34.382036999942045],[-88.165811999860864,34.38189599992819],[-88.165862000089575,34.381553000322818],[-88.165912000318286,34.381292000178895],[-88.167123000288186,34.372015000362524],[-88.168037000157184,34.364703999779934],[-88.168057000248652,34.364551000133488],[-88.169178999631782,34.355794000100644],[-88.170883000419508,34.34250400007906],[-88.17121800015525,34.339891000206848],[-88.171654999998253,34.336478999938144],[-88.17270000028681,34.328330000134443],[-88.173390999674709,34.322931999789432],[-88.17350600020076,34.322041999673552],[-88.173512000048532,34.321997000342336],[-88.17363199969914,34.32105400010073],[-88.173678999554795,34.32068599973794],[-88.173820000020115,34.319582000096823],[-88.17386799970069,34.319215000074585],[-88.173918999754321,34.318809999744069],[-88.17407399956501,34.317595999776863],[-88.174127000166777,34.3171919999373],[-88.174174000022461,34.316823000302016],[-88.174314999589427,34.315716999984254],[-88.174363000168327,34.315348999964158],[-88.174414000221944,34.314950999965347],[-88.174425999917517,34.3148529997395],[-88.175610000123228,34.305321999865455],[-88.175831000056178,34.30354299997699],[-88.175831999881083,34.303532000340567],[-88.17583799972887,34.30348699999147],[-88.175841000101926,34.303328000345779],[-88.175843999576657,34.303219999798728],[-88.175865000391369,34.302247000178859],[-88.17588600030777,34.302217999809756],[-88.175918000094811,34.302154999664246],[-88.175939999836118,34.302087999669745],[-88.175945999683904,34.302062000211244],[-88.175955999729652,34.302018999719152],[-88.175980999844001,34.301759000105989],[-88.175996999737535,34.301598999829842],[-88.17603000024782,34.301309999718022],[-88.176101000392919,34.30058799970999],[-88.176202999601841,34.299775999976056],[-88.176251000180756,34.299279000162173],[-88.176292000188624,34.298924000296836],[-88.176425000258021,34.29801899984156],[-88.176518000144426,34.297173000205539],[-88.176632999772167,34.296436000364395],[-88.176671000305305,34.296113000313362],[-88.176729999856533,34.295385999639109],[-88.176770999864431,34.295056000135688],[-88.176831999963795,34.294677000051195],[-88.176881000367587,34.294312000345052],[-88.176884999667237,34.294270999683242],[-88.176905999583624,34.294037000301756],[-88.177287000248455,34.292263000327459],[-88.177662999992108,34.289355000287841],[-88.178747999565289,34.280950999733413],[-88.17927300017017,34.276879000172158],[-88.179631000370463,34.274135999778089],[-88.180284999948441,34.269051000295974],[-88.180936999876593,34.263995000125746],[-88.181700000132835,34.258093000138594],[-88.181701999782661,34.258068999896373],[-88.181937999784225,34.256241999684491],[-88.181958999700612,34.256093999651178],[-88.182632000443476,34.250888000351601],[-88.18266099985749,34.250658999961402],[-88.182735000375644,34.250100999870646],[-88.182761000314926,34.249972999706003],[-88.182808999995487,34.249747999861277],[-88.183094000400843,34.248369999871784],[-88.185548999952616,34.229388000265637],[-88.186667000036095,34.220951999804328],[-88.186927000327088,34.218353000002125],[-88.186988000426453,34.217094999725106],[-88.186990999901198,34.217039999946955],[-88.187304999720538,34.210619999797792],[-88.187318000139342,34.210368000024296],[-88.187354000124358,34.209623999869557],[-88.187537000422438,34.205924999703122],[-88.187621000088043,34.204765999765286],[-88.187816000081696,34.203772999767061],[-88.188315999673904,34.201382999665093],[-88.188354000207056,34.201206000237974],[-88.188466000360052,34.200668000176293],[-88.190678000237568,34.190123000028734],[-88.190699999978889,34.19001899968282],[-88.190879999903942,34.188169999683275],[-88.192124000384112,34.175346999929062],[-88.192520000219233,34.172468000056938],[-88.194510000338894,34.158001999907633],[-88.194547000148816,34.157706999840883],[-88.194846999724476,34.15530100022125],[-88.194871000013919,34.155124999834293],[-88.195008000281277,34.154120000037473],[-88.196229000296924,34.145126999741173],[-88.196923000057879,34.140010000057536],[-88.198479999634188,34.128545999654392],[-88.198739000100261,34.126641000363236],[-88.198945999789515,34.12511999990285],[-88.19944899975475,34.121523000327741],[-88.199987999705002,34.117682999790446],[-88.200046000329635,34.117201999818519],[-88.200196000117458,34.115947999894416],[-88.200718000349269,34.111671999652984],[-88.201879999915377,34.102146000221609],[-88.202153999551768,34.100626000056323],[-88.202500999881394,34.097779999731131],[-88.203264000137636,34.091511000027126],[-88.203687999561851,34.088046999745259],[-88.203864000187266,34.086564000300903],[-88.203865000012172,34.086549000228523],[-88.203870000035053,34.086506999714068],[-88.20387300040808,34.086493000281919],[-88.204253000349695,34.083302000080401],[-88.205392000349562,34.073727999689311],[-88.205773000116082,34.070538000036542],[-88.205824000169699,34.070103000112297],[-88.205978999980388,34.068798999704086],[-88.206031999683844,34.068364999901078],[-88.206149999684627,34.067377000185871],[-88.206502999862053,34.064413999802348],[-88.206621999687727,34.063427000334954],[-88.206743000061536,34.062407999646766],[-88.207107000109616,34.059350999975479],[-88.207220999912451,34.058404000188702],[-88.207229000308359,34.058332999635311],[-88.207391999616661,34.056955999707782],[-88.207882999886351,34.052825999978616],[-88.208047999742774,34.051450000225536],[-88.208745999701705,34.04550299993771],[-88.208942000418588,34.043842000240012],[-88.209093000031331,34.042617000018232],[-88.20920199981127,34.041721999686359],[-88.209527000399603,34.039082999942323],[-88.210740999844234,34.029199999687165],[-88.21095000008161,34.027674999996755],[-88.211737999553904,34.021941999948979],[-88.211766000041294,34.021743000043237],[-88.21180299985123,34.02147099966809],[-88.211915999829131,34.02065799982951],[-88.211954000362283,34.020388000328275],[-88.212226000348835,34.018400000358866],[-88.213043999958344,34.012438999696009],[-88.21331799959475,34.010451999793354],[-88.213393999762715,34.009897000304214],[-88.213622000266668,34.00823400034762],[-88.213699000259567,34.00767999985721],[-88.213830999605733,34.006712999681895],[-88.214229999813909,34.003810999976054],[-88.214362999883278,34.002844999832931],[-88.214655999786245,34.000714000053925],[-88.214742999824878,34.000090999868746],[-88.215014999811444,33.998035000034513],[-88.215033000253101,33.997898000127115],[-88.21505099979646,33.997759999790496],[-88.215505000256201,33.994318999705328],[-88.215787000288515,33.992187999800564],[-88.215887999672546,33.991424000098547],[-88.216193000169369,33.989133000307667],[-88.216296000101536,33.988370000271154],[-88.2164190001252,33.987444000120114],[-88.216598000225332,33.986105000128504],[-88.216789000021038,33.984668999805187],[-88.216912999869592,33.98374500029886],[-88.216974999793891,33.983275000079978],[-88.217061000007618,33.982641000361717],[-88.217092999794644,33.982395000320786],[-88.217163000114866,33.981865999868241],[-88.217189000054134,33.981679999860383],[-88.217190999703959,33.981658000048846],[-88.217218000366444,33.981395999688083],[-88.217271999894805,33.980872000268462],[-88.217432999553282,33.979301999868511],[-88.21748799980486,33.978778999891631],[-88.218015999884472,33.975035000133822],[-88.21808799985449,33.974525000285716],[-88.21827799982529,33.973180999907072],[-88.219600000123265,33.963803000349507],[-88.220038999616108,33.960689999874589],[-88.220128000202891,33.96005999976294],[-88.220221999914202,33.959387000150031],[-88.220507000319557,33.957368999855838],[-88.220602999680708,33.956696999765256],[-88.220616999924417,33.956592000109957],[-88.220661000305356,33.956279000269156],[-88.220677000198876,33.956175000050514],[-88.22100500026194,33.953884999632706],[-88.221988999552792,33.94701599977661],[-88.222318000339087,33.94472699964232],[-88.222679000014111,33.94147500011556],[-88.2237629997624,33.93172199999951],[-88.224125000160655,33.928470999676641],[-88.224140000229269,33.928329999861589],[-88.224186000260019,33.927909000330416],[-88.224202000153539,33.92776899987129],[-88.22428099979625,33.927042000330161],[-88.224577999897178,33.924996999747108],[-88.225783999844211,33.916692999882137],[-88.226187000250334,33.913924999737361],[-88.226224000060256,33.91363899986235],[-88.226338999687982,33.912780999696956],[-88.226377000221134,33.912496000175885],[-88.226408000183284,33.912304999746311],[-88.22650500026765,33.911732000362427],[-88.226513999590168,33.911681999729922],[-88.226525000359146,33.911562000030578],[-88.226530000382013,33.911540999711704],[-88.226520000336279,33.911528000221679],[-88.226649000207701,33.91070200034715],[-88.227035999821979,33.908222999892089],[-88.227166000416645,33.907397999826834],[-88.227246999709195,33.906871999908567],[-88.227488999558517,33.905294999868673],[-88.227570999574283,33.904770000204827],[-88.227609999932355,33.904514999627565],[-88.227727000108217,33.903753000243022],[-88.22776700029118,33.903499000177277],[-88.227819000169717,33.903159999714859],[-88.22797499980534,33.902142999932472],[-88.228028000407079,33.901804999888476],[-88.228036999729611,33.901746000036844],[-88.228086000133416,33.901357000081319],[-88.228256000012735,33.900012999956949],[-88.228313999739029,33.89956600029867],[-88.228352000272196,33.899272000216747],[-88.22847500029583,33.898041000313782],[-88.228933999880155,33.893465000077867],[-88.22907299979731,33.892086000027277],[-88.229076999995272,33.892052999867538],[-88.229083999667978,33.891996999860986],[-88.229092000063901,33.891940999817706],[-88.229098999736593,33.891884999737599],[-88.229107000132515,33.891829000366485],[-88.229132000246878,33.891639999793853],[-88.229254000445607,33.890739000010718],[-88.229296000278396,33.890439000198],[-88.22939099981464,33.889742000220892],[-88.229676000219996,33.887650999674428],[-88.229770999756241,33.88695400003364],[-88.229773000304377,33.886934999658713],[-88.229780999801989,33.886880000041188],[-88.22978400017503,33.886861999670529],[-88.229791999672642,33.886802999920498],[-88.229815000137165,33.886627999726606],[-88.229909999673396,33.88592899986719],[-88.229942000358776,33.885696999669953],[-88.230109999689958,33.884457000261484],[-88.230615000203315,33.880738999986271],[-88.230784000257742,33.879500000222002],[-88.230928000197778,33.878444000032829],[-88.230992999596779,33.877971999813084],[-88.231401999850704,33.875282999719623],[-88.231428999614877,33.875107999763756],[-88.2315349999201,33.874226000132978],[-88.231576999752889,33.873855000098409],[-88.23170599962431,33.872743999641237],[-88.231750000005249,33.872374000067879],[-88.231763000424039,33.872262000287989],[-88.231765999898784,33.872215000210062],[-88.231804000431936,33.87173700015326],[-88.2318169999524,33.871577999854694],[-88.231826000173228,33.871458999859634],[-88.231853999762336,33.871255000334536],[-88.231986999831705,33.870289000306457],[-88.232032000037563,33.869966999856807],[-88.232601999949949,33.866176999779888],[-88.233433999803168,33.860650999785975],[-88.234315999885098,33.854809999836782],[-88.23488900017054,33.851021000335145],[-88.235008999821147,33.850256999710872],[-88.235371000219388,33.847965999843169],[-88.235491999694901,33.847202999987132],[-88.235869999986676,33.8439659999597],[-88.236102999615184,33.841979000319867],[-88.237942999947023,33.826307999997113],[-88.238103999605499,33.824945000115882],[-88.238635999883044,33.821094999790667],[-88.238656999799446,33.82094200027867],[-88.238720000446946,33.820483000100374],[-88.238742000188267,33.820331000293464],[-88.239172000358579,33.817233999789146],[-88.239198000297861,33.817048000042156],[-88.240054000440523,33.810879000320391],[-88.240601999713277,33.807969000132026],[-88.241181999671426,33.804898000036602],[-88.241252999816538,33.80451000015497],[-88.241467999901687,33.803348999668501],[-88.241539999871691,33.802961999738393],[-88.241641000154047,33.802469000162752],[-88.241943000277828,33.800991000351317],[-88.24204500038509,33.800499000157636],[-88.242852999948852,33.796519999728702],[-88.243025000376306,33.795679000081215],[-88.243505999701938,33.789650000211715],[-88.243925000001582,33.784391999716057],[-88.244141999736556,33.781672999829624],[-88.244301999570141,33.780350000349401],[-88.24461399973967,33.777733000133445],[-88.245551999898098,33.769881999926788],[-88.245865999717452,33.767266000215407],[-88.245876999588106,33.767173000238053],[-88.245910000098377,33.76689700024086],[-88.24592199979395,33.76680499979539],[-88.246296999712669,33.76381699981566],[-88.246412000238706,33.762911000108922],[-88.247430999689669,33.754854000040872],[-88.247808999981444,33.751867000315606],[-88.247870000080823,33.751429000309962],[-88.248053000378917,33.750116999820214],[-88.248126999998775,33.749682000234685],[-88.248284000357614,33.748741000001488],[-88.24859999982678,33.74686299984203],[-88.24875800001054,33.745918000090732],[-88.248916000194285,33.744976999638055],[-88.249014999928477,33.744227999756866],[-88.249312000029406,33.741983999629902],[-88.249411999588503,33.741235999987296],[-88.249472999687882,33.740770999822686],[-88.249480000258899,33.740719999723552],[-88.249656999810895,33.739378999901668],[-88.249698999643684,33.739066999821489],[-88.249719999560085,33.738915999897166],[-88.24978200038268,33.738470999885287],[-88.249789000055387,33.738418000132896],[-88.249846999781695,33.737750000094557],[-88.250308999739062,33.732749000215719],[-88.251092999911691,33.726182999849421],[-88.25145500030996,33.723141999907732],[-88.251911000419526,33.719478999770487],[-88.251934999810672,33.719290999690223],[-88.252230000261747,33.716513999794344],[-88.252683999823191,33.712689000112938],[-88.252739999899703,33.712240999887548],[-88.25312499986417,33.70902100006812],[-88.254123000297042,33.700140999868374],[-88.254186999871138,33.6997270003354],[-88.254328000336457,33.698811000286369],[-88.254338000382191,33.698769999698449],[-88.254350000077764,33.698295999793196],[-88.254341999681841,33.698249999786178],[-88.254352999552495,33.697814000348778],[-88.254442999964184,33.697178000348998],[-88.254535999850603,33.696588000299791],[-88.254622000064316,33.695779999638262],[-88.255092000417605,33.691753999797179],[-88.255674999850484,33.686753000091052],[-88.255875999691924,33.685036000151555],[-88.256152999701371,33.682749999755927],[-88.256165000295255,33.682646999939223],[-88.256186000211642,33.682528000316736],[-88.256197999907215,33.682284999727877],[-88.256213999800721,33.682140999802286],[-88.256217999998682,33.682035000232474],[-88.256443000129593,33.680699000359375],[-88.256951999942629,33.677495000077215],[-88.257014999691805,33.676879999628312],[-88.257101999730452,33.675987000130092],[-88.257115999974147,33.675861000042829],[-88.257305000120027,33.674105999763668],[-88.25733000023439,33.67392099986246],[-88.257403999854233,33.673364999740151],[-88.257456999557689,33.672944999630907],[-88.257464000128692,33.672881999998289],[-88.257475999824266,33.672797999668795],[-88.257530000250924,33.672335000215888],[-88.257649000076626,33.671285000342365],[-88.257695000107375,33.670871000115348],[-88.257707999627854,33.670785999760717],[-88.257961000246155,33.668944000000515],[-88.258070000026109,33.668531999631703],[-88.258174999608087,33.667521999902149],[-88.258183999828915,33.667449000348952],[-88.258320000271368,33.665757999648363],[-88.258330000317102,33.665642999788865],[-88.258930000366732,33.66042200021451],[-88.25895499958277,33.660206999955278],[-88.259212000399032,33.658163999633473],[-88.259214000048843,33.658152000208545],[-88.25924199963795,33.657920000031346],[-88.259844000235702,33.653050000149285],[-88.259886000068491,33.652705000000303],[-88.259958000038523,33.652118999675082],[-88.260173999948591,33.650361999978301],[-88.260246999743515,33.649776999952302],[-88.260578000179621,33.647097000162724],[-88.26156999986641,33.639059000365471],[-88.261902000127435,33.63637999969761],[-88.261924999693647,33.636192000326417],[-88.261994000188935,33.635626999785785],[-88.262017999580067,33.635440000233281],[-88.262394000222031,33.632399999958587],[-88.262439000427861,33.632023999884616],[-88.263284999626464,33.625157999732899],[-88.263436999962437,33.623820999954589],[-88.263575000054701,33.622610000075994],[-88.263662999918239,33.621840000347049],[-88.263878000003388,33.61995700027073],[-88.264298999952885,33.616451999968803],[-88.264319000044352,33.616286000167612],[-88.265283999966968,33.608249000314565],[-88.265598999611242,33.605626999825766],[-88.265663999908568,33.605090999628182],[-88.265985000298926,33.602411999886598],[-88.266002000017366,33.602274000106455],[-88.266802999908435,33.595883999793124],[-88.266807999931316,33.595841000181792],[-88.266925999932099,33.594166000259506],[-88.267063000199443,33.59307200036541],[-88.26711799955271,33.592709999798032],[-88.267151000062981,33.592422999760984],[-88.267161999933649,33.592246000177248],[-88.267166999956515,33.5920279996582],[-88.26815899964329,33.585179999878747],[-88.26818999960544,33.584982000033875],[-88.268373999728439,33.583592000343792],[-88.268558999676372,33.582100000165347],[-88.268726999905866,33.58063199988279],[-88.268921000074627,33.579187999974359],[-88.268931999945281,33.579084999733091],[-88.268951000211871,33.57895100029603],[-88.269105000197641,33.577733000341219],[-88.269167999946831,33.577186999994929],[-88.269191000411368,33.576992000210289],[-88.269274000252068,33.57627800012925],[-88.269327999780401,33.575693999940199],[-88.2693550004429,33.57541400033471],[-88.269521000124257,33.573657999826729],[-88.269588000071394,33.572955999927423],[-88.26976299997358,33.571106999917106],[-88.269799999783501,33.570819999879056],[-88.269803000156543,33.570772999878351],[-88.270259000266137,33.568190000105886],[-88.270461999757416,33.566345999918866],[-88.270501999940379,33.565936999871127],[-88.270590999628837,33.565025999741451],[-88.270592000352067,33.564997000218717],[-88.270651999728216,33.564384999630725],[-88.271036999692683,33.561043999872126],[-88.271168000112255,33.560142999942741],[-88.271266000021541,33.559480000333373],[-88.271337999991573,33.55889899986969],[-88.271384999847214,33.558524999858804],[-88.271476000083823,33.557773999862029],[-88.271722999956026,33.555741999955373],[-88.27179599975095,33.555144999657557],[-88.27241300041733,33.550069999638559],[-88.272795000008756,33.546961999744326],[-88.273714999725513,33.539987000112802],[-88.27386299986351,33.53885100020554],[-88.273978000389576,33.537969000064884],[-88.27398800043531,33.537879999725654],[-88.274333000216799,33.535311999882524],[-88.274461000263315,33.534286000319902],[-88.274494999700195,33.53399999963343],[-88.274656000256996,33.53268999976099],[-88.275514999874389,33.525637000122337],[-88.275566999752925,33.525204999643215],[-88.276236000297828,33.520067000169156],[-88.276580000254413,33.517657000200892],[-88.276802000012282,33.516584999686572],[-88.276944000302493,33.51561599977213],[-88.277001000203896,33.515179000107267],[-88.2771560000146,33.514199999933155],[-88.277227000159712,33.513719999793253],[-88.27736400042707,33.512695999981702],[-88.277366999901801,33.512666000231626],[-88.277207000068216,33.512341000275363],[-88.277988999692738,33.506090000092648],[-88.278156000097297,33.504759000286874],[-88.27860700018401,33.500952000196108],[-88.278659999887452,33.500496000017002],[-88.278870999774639,33.498794999771171],[-88.279357999846383,33.495411999631372],[-88.279485999892884,33.494360999899875],[-88.27952299970282,33.494077000015423],[-88.279885000101061,33.49112000020633],[-88.280000999553707,33.490096999856213],[-88.280012000322671,33.490007999703984],[-88.280182000201989,33.488498000116806],[-88.280715000304468,33.484277000303308],[-88.280788999924297,33.48413100028742],[-88.281635999846131,33.477121999800026],[-88.281650000089826,33.477010000309967],[-88.281747999999112,33.47619699973837],[-88.281850999931279,33.4753410001342],[-88.28210600019942,33.473236000270383],[-88.282440999935162,33.470453999960448],[-88.282753000104705,33.467873999999831],[-88.283126000373599,33.464790000228369],[-88.283150999589637,33.46458200036443],[-88.283184000099936,33.464306000120366],[-88.283348000131454,33.462949000189518],[-88.283369000047855,33.462777999747004],[-88.283877000035957,33.458569999888589],[-88.284850000354496,33.450507999760454],[-88.285585999948239,33.444411000047957],[-88.285601999841759,33.444280000061859],[-88.285920999683981,33.441640000028876],[-88.286238999701311,33.439005999824268],[-88.286467000205263,33.437115999643034],[-88.287694999893603,33.426940000063844],[-88.289683000363425,33.410483999871644],[-88.289705000104746,33.410301999680293],[-88.290056999558942,33.407386000318837],[-88.290796000424052,33.401263999905133],[-88.291061999664521,33.399065000088001],[-88.291063000387723,33.399052999902587],[-88.292192000341871,33.389709999842779],[-88.292202000387633,33.389628000341332],[-88.292574999758202,33.386537000155208],[-88.292573000108391,33.386522000198681],[-88.293005999753419,33.382962000323431],[-88.29321699964062,33.381216000368454],[-88.293233000432465,33.381082999724931],[-88.293953000132689,33.375120999784194],[-88.294867000001659,33.367103000242565],[-88.295836000122222,33.359137000197002],[-88.295858999688448,33.358944999642432],[-88.29624500037616,33.355792999701862],[-88.296278999813012,33.355507999886989],[-88.297058999787708,33.349082999634959],[-88.297102000343727,33.348739000284048],[-88.297115999689112,33.34862200028882],[-88.298725000042268,33.335531999677258],[-88.29873199971496,33.335473000366434],[-88.299434999696743,33.329719999647722],[-88.300506999749473,33.320847000292382],[-88.300798000002601,33.318440000223376],[-88.300992999996268,33.316825999990051],[-88.30260999984705,33.303446999769086],[-88.30263900015936,33.303209000128227],[-88.302758999809967,33.302211000354347],[-88.303696999968381,33.294448000041484],[-88.304133999811384,33.29081100037186],[-88.304226999697804,33.290036000006552],[-88.304369999812948,33.288850999669954],[-88.304399000125258,33.288611000313097],[-88.304434000285355,33.288320000141837],[-88.304717999967494,33.28602999964447],[-88.304747000279804,33.285797999810846],[-88.305729999745779,33.277900999667132],[-88.30629499963527,33.273359000212963],[-88.307756999675348,33.261603000028202],[-88.307961999714763,33.259954999904743],[-88.308114000050722,33.258733000064716],[-88.308171999777059,33.258267999861964],[-88.308227000028637,33.257824000217795],[-88.308279999732079,33.257401999777294],[-88.308725999795925,33.253812000144357],[-88.308781000047503,33.253371999885324],[-88.309042999988336,33.251260999850963],[-88.309231000309296,33.25029099998229],[-88.309185000278546,33.250121000329244],[-88.309559000372374,33.24708399985709],[-88.309569000418108,33.247002999742818],[-88.309761000038705,33.245443999807136],[-88.309792000000868,33.245194000170457],[-88.30987599966646,33.244509999835842],[-88.309889999910155,33.244395999635351],[-88.310043000071019,33.243153000282916],[-88.310108000368359,33.242621000084121],[-88.310114000216132,33.242572000248977],[-88.310139000330494,33.242366999889533],[-88.310562999754708,33.23892900019132],[-88.310571000150631,33.238863999912972],[-88.310636000447943,33.238335000046291],[-88.310660999663995,33.238134999757165],[-88.310724000311495,33.237619999987388],[-88.310730000159296,33.237574999819593],[-88.310746999877722,33.237434000346148],[-88.310751000075697,33.237408999701714],[-88.310834999741274,33.236721999872763],[-88.311583999753822,33.229759000244457],[-88.311895999923351,33.226854999785843],[-88.311912999641791,33.226694999926565],[-88.31206499997775,33.225287999710659],[-88.312535000331025,33.220923000276485],[-88.313629000125076,33.21377899998155],[-88.313634000147943,33.213743000256969],[-88.31398899997518,33.211444000119094],[-88.313990999624991,33.211427999732933],[-88.314897999821284,33.205518999695627],[-88.314938000004261,33.205262999888035],[-88.314962000293704,33.205104999727084],[-88.315235000105162,33.203321999680327],[-88.315651999856712,33.199105000014093],[-88.315749999765984,33.19811299983315],[-88.316347000340869,33.192083999728155],[-88.316354999838481,33.192005000195884],[-88.316901000359735,33.186483999941814],[-88.316908000032441,33.18641099994413],[-88.317025000208289,33.185236999823623],[-88.317029000406251,33.185195000233549],[-88.317134999813163,33.184122999834614],[-88.317211999806062,33.183497000050515],[-88.317765999824928,33.179040000314764],[-88.318028999590652,33.176927000305568],[-88.318053999705015,33.176727000258161],[-88.318061000276032,33.176670000375367],[-88.318077999994443,33.176530999753872],[-88.319134000153653,33.168024000175798],[-88.319589000438327,33.164587999875224],[-88.319673999928824,33.163947999912352],[-88.319800000325529,33.162992999876238],[-88.31981899969378,33.162845999629589],[-88.320164000373595,33.160232999793791],[-88.320171999871192,33.160175000279125],[-88.32175500028508,33.148181999673554],[-88.321843000148647,33.14751799990583],[-88.321935000210132,33.146823999999299],[-88.321989999563414,33.146344999665438],[-88.322034999769258,33.145953000013733],[-88.322095999868623,33.145553000298257],[-88.322475999810223,33.14306300011765],[-88.322512999620159,33.142829000022694],[-88.322505000122533,33.142357999800524],[-88.324568999862052,33.133245999907352],[-88.325443000446384,33.120988999780991],[-88.326338999873698,33.109948000350315],[-88.326353000117393,33.109779999849835],[-88.3270369998326,33.104303999844703],[-88.327122000221422,33.10362400028238],[-88.327993000432699,33.096655000329477],[-88.328006999778083,33.096541999737084],[-88.328838999631301,33.089887999737506],[-88.330934000231267,33.073125000168211],[-88.330996000155537,33.072605999912184],[-88.33101000039926,33.072490000238382],[-88.333458000278327,33.051943000278207],[-88.333470999798791,33.051837000373709],[-88.334201000443088,33.045710000352059],[-88.33421099959051,33.045623000192194],[-88.334213999963566,33.045600999765981],[-88.335964999708622,33.030910000223479],[-88.336106999998833,33.029703999907717],[-88.336497999811101,33.026429999773946],[-88.336507000031929,33.026361000058301],[-88.338451999945747,33.010043999985648],[-88.339291000369982,33.003002999989654],[-88.339633999603322,33.000126999759672],[-88.3398200002745,32.998044000100769],[-88.340432000019675,32.991198999994005],[-88.341359000307449,32.983428000048065],[-88.342781000164535,32.971520000154982],[-88.342782999814361,32.971501000293948],[-88.343131999793812,32.968571999729718],[-88.343141000014654,32.968500999762405],[-88.343163999580867,32.968303999745302],[-88.343264999863223,32.967458999887292],[-88.34410500011235,32.960422000210166],[-88.344351000159648,32.958355999805669],[-88.344366000228263,32.958232000211282],[-88.344717999682445,32.955281000325471],[-88.344726000078367,32.955211999989295],[-88.344733999575965,32.955140999838349],[-88.34473799977394,32.955108999889738],[-88.34475100019273,32.955000999883303],[-88.34522200037091,32.951126999669157],[-88.345710000267545,32.947119999817176],[-88.347159999713725,32.935215000294235],[-88.347454000339923,32.932738000196082],[-88.347886999984965,32.929082000128247],[-88.348940999596024,32.920197999922195],[-88.350005000151143,32.911245999990932],[-88.350862999943629,32.90359299976587],[-88.351061000310352,32.901941999828942],[-88.351838999736898,32.895470999651153],[-88.351998999570469,32.89415199965805],[-88.352011999989259,32.894047999919557],[-88.352012999814164,32.894035999854808],[-88.352025000408048,32.893942999863889],[-88.352350999922976,32.891221999761775],[-88.3526139996887,32.889047000155195],[-88.354177000011106,32.876079999951862],[-88.354272000445661,32.875287999833581],[-88.354291999638846,32.875131000134765],[-88.354304000232716,32.874980000349588],[-88.354788999756295,32.868747999700375],[-88.354905999932157,32.867240000260594],[-88.354920000175866,32.867044000069328],[-88.356819999883854,32.850446999915285],[-88.357193999977667,32.847180999904779],[-88.357665999980767,32.843057999720187],[-88.357865999997301,32.841305000035966],[-88.357902999807237,32.840984999824975],[-88.357939999617145,32.840663999928395],[-88.358861999882052,32.832611999866991],[-88.359098999708522,32.830538999854511],[-88.360328000120077,32.8198039998193],[-88.360898000032464,32.814814999709178],[-88.361688000052894,32.807874000016383],[-88.361886000419602,32.806140000301383],[-88.36189800011519,32.806028000368975],[-88.361908999985829,32.80591099964164],[-88.361918000206657,32.805858000093984],[-88.36243200004256,32.801417000060233],[-88.362602999746784,32.799914999813545],[-88.363591999958828,32.791073000303363],[-88.363678999997475,32.790290999827121],[-88.364293000290786,32.784964999701643],[-88.365139000387728,32.777632999738529],[-88.366799999721096,32.763454999861487],[-88.366925000292895,32.762348999867648],[-88.366952000057069,32.762115999840752],[-88.366977999996337,32.761881999786901],[-88.367013999981339,32.7615550001439],[-88.367277999571982,32.759219999749504],[-88.36801200041424,32.752732000214799],[-88.368311000164965,32.750130999865824],[-88.368151000331395,32.749134000336724],[-88.368130000414993,32.74896700032474],[-88.368311000164965,32.747886000144526],[-88.36857899995357,32.746006000155511],[-88.369055000154646,32.742583999806968],[-88.369200999744507,32.741490999716078],[-88.36976200033439,32.737362999859663],[-88.370955999687524,32.728586000263405],[-88.370974000129195,32.728460000083913],[-88.373328000296937,32.711895999864957],[-88.37333800034267,32.711823999913044],[-88.373514000069761,32.710057000326898],[-88.373525999765334,32.709932999664993],[-88.374703000298368,32.698684000296453],[-88.375022000140589,32.694777000017908],[-88.376357999783977,32.683261000170432],[-88.37639799996694,32.682909999698261],[-88.376984999597767,32.677855000324776],[-88.376993999818595,32.677781999771128],[-88.377187000162451,32.676165999716261],[-88.377228000170334,32.675819000110899],[-88.377601000439228,32.672541999626276],[-88.377617000332762,32.672406000029362],[-88.378435999767177,32.66546799993565],[-88.37846099988154,32.665252999981924],[-88.379347999986337,32.657655999666829],[-88.379553999850657,32.655821000054154],[-88.379561000421674,32.655756999816894],[-88.379978999998102,32.65206699983144],[-88.381112000150196,32.642762000020568],[-88.381164999853652,32.642325000054207],[-88.381507000160411,32.63958300015927],[-88.381798000413539,32.63705899980296],[-88.382816999864517,32.628249000295995],[-88.382856000222574,32.627916000029337],[-88.382968000375556,32.627142000143309],[-88.383038999622357,32.626679000270563],[-88.38325399970752,32.625134999660233],[-88.38413499996453,32.616467999734191],[-88.384139000162492,32.616438000120482],[-88.38440100010331,32.614190000319887],[-88.384439999563071,32.613863999922238],[-88.384895999672636,32.610004999708892],[-88.384914999939198,32.609850000246311],[-88.385234999606354,32.607142999796423],[-88.385580000286154,32.604216000298401],[-88.385694000088975,32.603252999885179],[-88.386018999778983,32.600563999934579],[-88.386027999999826,32.600487000248208],[-88.387019999686615,32.592291000200959],[-88.387054000021791,32.59200800031649],[-88.388194999671498,32.582587999787208],[-88.388720000276365,32.578692999867577],[-88.38879700026925,32.578122999791923],[-88.389420999710026,32.572222999805092],[-88.389788999956039,32.568743000193329],[-88.390162000224947,32.565556000094979],[-88.390487999739861,32.562769999652957],[-88.390768999947269,32.560268000195158],[-88.391470000279227,32.554335999702992],[-88.391851999870639,32.551108000339774],[-88.392175999735741,32.548376999784438],[-88.392318000025966,32.547248000278316],[-88.392549999829555,32.545396999733093],[-88.393247999788457,32.539846999745166],[-88.393481000315276,32.537997000005142],[-88.393595999943017,32.537083000289762],[-88.393939999899615,32.534343000000504],[-88.394056000250544,32.533429999910155],[-88.394195000167727,32.532317000255333],[-88.394474999651905,32.530098999895138],[-88.394615000292291,32.528978000342704],[-88.394755000034365,32.527865000058299],[-88.394991000035944,32.525978999865735],[-88.396279999823619,32.515726999726574],[-88.397176999974178,32.50859400015937],[-88.397867000435497,32.502341999709145],[-88.398110000109739,32.500142000257767],[-88.399147000002358,32.491843999701373],[-88.399388000026789,32.489837000165522],[-88.39959399989111,32.488663000139162],[-88.399562000104055,32.488539999760384],[-88.399535000339881,32.488535999714415],[-88.399531999966825,32.488461999968969],[-88.399612000332766,32.487902999864332],[-88.39983099971758,32.486375000231895],[-88.39988199977121,32.486007000045596],[-88.399971000357979,32.485375000068657],[-88.400050000000704,32.484690000181494],[-88.400290000200201,32.482640999629197],[-88.400371000391061,32.481957999939524],[-88.400588999950955,32.480089000286043],[-88.401166000434344,32.475174000058765],[-88.401245000077068,32.474482999962326],[-88.401460999987137,32.472613999699881],[-88.401882999761526,32.468955999662384],[-88.402719999637611,32.46170899979392],[-88.403010999890753,32.457971000187584],[-88.40329799994592,32.454301000239333],[-88.403399000228262,32.453383000095073],[-88.403703999826789,32.450628999637182],[-88.403785999842555,32.449890000036923],[-88.403790999865407,32.449710999983076],[-88.403793000413572,32.449676999703968],[-88.403822999652476,32.449032000184062],[-88.403831000048385,32.448865999946108],[-88.403841999919052,32.448773000108417],[-88.404144000042848,32.446283999640002],[-88.40526899979902,32.437046000102356],[-88.405295999563194,32.436825000361878],[-88.406309999889601,32.428654999909853],[-88.406644999625357,32.425914000144999],[-88.407542999600821,32.41859899975357],[-88.407806000264856,32.416453999755404],[-88.407809999564506,32.416422000312231],[-88.407941999808983,32.415345999632571],[-88.408349000413068,32.412024999651081],[-88.408485999782116,32.410918000051176],[-88.408597999935097,32.410002999702549],[-88.409121999816747,32.405742000273762],[-88.409449999879797,32.403128999900765],[-88.409957000043022,32.399271999929113],[-88.4102940003269,32.396714000021746],[-88.410458000358432,32.395510999937564],[-88.410949999554688,32.391901999858973],[-88.411115000309465,32.390699999916762],[-88.411906999979706,32.384592999847932],[-88.412230000019889,32.382102999834146],[-88.412497999808494,32.380037999889154],[-88.413509999586765,32.375140000171406],[-88.413781999573317,32.3740689996283],[-88.413819000281578,32.373922000199542],[-88.414714999708892,32.366269999819949],[-88.414918000098467,32.364522999801551],[-88.415775000066063,32.357207999994465],[-88.416354000199291,32.35225699964176],[-88.416602999721306,32.35013799965148],[-88.417442000145527,32.342970999952968],[-88.41779899962259,32.339917999636427],[-88.417823999736953,32.339705999652296],[-88.418006000210127,32.338176999676449],[-88.418751000024713,32.331743999880878],[-88.418756000047594,32.331700999939706],[-88.42082399998506,32.314049999970301],[-88.420842000426731,32.313899999835364],[-88.420950000381751,32.312975999964387],[-88.42132699995031,32.309753000323326],[-88.421453000347,32.308680000160713],[-88.421712999739682,32.306464999902872],[-88.422492999714365,32.299821000011491],[-88.422753000005372,32.297605000335949],[-88.422754999655183,32.297594999937047],[-88.423018000319217,32.29534199964084],[-88.423811999639298,32.288553000322828],[-88.424076999953172,32.286289999975054],[-88.424081999976039,32.286243999983625],[-88.424275000319881,32.284605000021315],[-88.424866999973588,32.279545999707835],[-88.425065000340311,32.277860000273137],[-88.425076000210979,32.277762000036901],[-88.425108999822925,32.277485000106417],[-88.42510999964783,32.277469999976347],[-88.425122000241728,32.277372000078287],[-88.425236999869441,32.276393000105585],[-88.425580000001119,32.273455000290191],[-88.425694999628831,32.272475000264045],[-88.42572300011625,32.272239999901075],[-88.425776999644611,32.271776999622155],[-88.426021999867004,32.269678999786692],[-88.426102000232945,32.269000999935166],[-88.426103999882756,32.268980000067238],[-88.426441999991553,32.266099000299363],[-88.42745600031796,32.257453999750844],[-88.427794000426772,32.254571999768764],[-88.427803999574195,32.254484000046489],[-88.427830000411788,32.254265000125564],[-88.427938000366822,32.253342999757784],[-88.427974000351824,32.253035999757586],[-88.428021000207494,32.252635999850561],[-88.428161999774488,32.251430999727347],[-88.428207999805238,32.251040999802242],[-88.428208999630158,32.251029999793715],[-88.428278000125431,32.250142999968205],[-88.428443999806788,32.248981999710807],[-88.429321999690771,32.242854000084286],[-88.429614999593724,32.240810999790696],[-88.429796000242007,32.239547000224768],[-88.430340000215139,32.235753000180495],[-88.430520999965097,32.234487000196928],[-88.430536000033712,32.234382999620671],[-88.430577999866514,32.234047999907069],[-88.430744000446182,32.232726000013827],[-88.43079899979945,32.232286000334582],[-88.430838000157507,32.231978999826751],[-88.43095299978522,32.231057999679031],[-88.430983999747383,32.230810999813627],[-88.430992000143306,32.230750000324917],[-88.431042000372003,32.230353000360154],[-88.43119100033492,32.229160999904359],[-88.431234999817548,32.228815000277955],[-88.43124099966532,32.228763999837263],[-88.431269000152724,32.228545000212257],[-88.431351000168505,32.22788600035399],[-88.431378999757584,32.227666000082365],[-88.431796000407431,32.224354000213857],[-88.433045999837063,32.214416999897018],[-88.43346099993876,32.211117999956173],[-88.433462999588585,32.211104999968484],[-88.433527999885911,32.210584999697836],[-88.433723999704497,32.209022000041152],[-88.433767000260502,32.208681000310136],[-88.433789000001823,32.208500999760474],[-88.433947000185555,32.207246999752783],[-88.434420000013574,32.203485000136567],[-88.434573000174453,32.202270999682099],[-88.434578000197334,32.202229999819771],[-88.434791999559266,32.200595000278803],[-88.435432999616751,32.195688000162299],[-88.435646000052103,32.19405199971375],[-88.435657999747662,32.193952999841812],[-88.435907999992921,32.191959999869873],[-88.436693999815375,32.185683999961341],[-88.436955999756194,32.183591000361105],[-88.436971999649742,32.183500000245573],[-88.437066000259378,32.182957999812082],[-88.437395999972239,32.181058000087113],[-88.437505999577098,32.180425000174822],[-88.437632999798723,32.179697000280733],[-88.437678999829473,32.1794320002383],[-88.437841000211165,32.17748899987987],[-88.437902000310544,32.176756999922148],[-88.438052000098367,32.175961999946395],[-88.438499999812024,32.173594999650597],[-88.438649999599861,32.172806000328471],[-88.43858199982779,32.172700000138647],[-88.43858400037594,32.172670000249056],[-88.438608999591978,32.172241000138506],[-88.438627999858539,32.172210000197595],[-88.438709999874305,32.172078000355526],[-88.438770999973684,32.171245000194197],[-88.438951999723656,32.168745999626829],[-88.439012999823021,32.167912000224],[-88.439027999891636,32.167791999621443],[-88.439186999900286,32.166515999938206],[-88.439708000307206,32.162322999967031],[-88.439863999942801,32.16106800020826],[-88.439882000384472,32.160925999951715],[-88.440241000409671,32.158044000019828],[-88.441316999762051,32.149398000225332],[-88.44167599978725,32.14651499990206],[-88.441690000030945,32.146406999943451],[-88.441873000329053,32.14493199980339],[-88.442464000157841,32.14018500017103],[-88.442660999801333,32.138601000205846],[-88.442711000030044,32.138200000254272],[-88.442859999992962,32.136996000183586],[-88.442910000221673,32.136595000021217],[-88.443046999590706,32.135492000297404],[-88.443459000217686,32.132185000128494],[-88.443595999586705,32.131080999976767],[-88.443603000157722,32.131021000172822],[-88.44389400041085,32.128597000045062],[-88.444306999964425,32.125145999698688],[-88.444779999792431,32.12113999996334],[-88.445074000418614,32.118654000038006],[-88.445190999696166,32.11771299964996],[-88.445541000398848,32.114889999625113],[-88.445655000201654,32.113969000128222],[-88.445657999676413,32.113948000219722],[-88.445903999723697,32.111963000101127],[-88.446642999690496,32.106006999641586],[-88.4468899995627,32.104020999722984],[-88.447104999647863,32.102294000356324],[-88.447748000253512,32.097111999648106],[-88.44796300033866,32.095383999794862],[-88.448166999654845,32.09381299992976],[-88.44878000012325,32.089099000304657],[-88.448984000337745,32.087527000375488],[-88.449499999823473,32.083495000290313],[-88.45104899990217,32.071396000046498],[-88.451565000286209,32.067362000374992],[-88.45156799976094,32.067338999832472],[-88.451930999984114,32.064499999991625],[-88.453028000151193,32.055913000130019],[-88.453393999849084,32.053049999686351],[-88.45349099993345,32.052295000355009],[-88.453781000361687,32.050027999815221],[-88.453876999722837,32.04927299991553],[-88.454065999868732,32.047750999764276],[-88.454634999956212,32.043180000021202],[-88.454824000102107,32.041657000016947],[-88.454855999889162,32.04138500010334],[-88.454952000148623,32.040566999681367],[-88.454984999760583,32.040293999752407],[-88.454961000369451,32.040259999681894],[-88.454968000042143,32.040171999978355],[-88.455040000012175,32.040049000216371],[-88.455054000255871,32.039977999640868],[-88.455087999692736,32.039768999943803],[-88.455039000187256,32.039718000302393],[-88.455132999898595,32.039183000365796],[-88.455281000036592,32.038341999850296],[-88.455659000328367,32.036192999874558],[-88.455814000139057,32.035310999786944],[-88.456006999584602,32.033721000100812],[-88.456587000441047,32.02895199984318],[-88.456779999886592,32.027363000143275],[-88.456793000305368,32.027256000134301],[-88.456795999780098,32.027235000103637],[-88.456841999810862,32.026851999642517],[-88.456857999704383,32.026724999621237],[-88.457114999622334,32.024613000225095],[-88.457883999726349,32.018280000259878],[-88.458140999644314,32.016169999811368],[-88.458353000254732,32.014430000304777],[-88.458986999741242,32.009210000088103],[-88.459199000351646,32.007470999640702],[-88.459202999651296,32.007438999936639],[-88.459286000390279,32.006797000084894],[-88.459549000156017,32.00477499986907],[-88.459637000019555,32.00410199975336],[-88.459693999920972,32.003641000278655],[-88.459862999975371,32.002258000134745],[-88.459919999876774,32.001796999767656],[-88.460047000098385,32.000519000362438],[-88.460083999908321,32.000148999802548],[-88.460524000124366,31.996699000012779],[-88.460685999607762,31.995425999682517],[-88.460934000203196,31.993486999645818],[-88.461677000367942,31.987669000040356],[-88.461807999889189,31.986645999620105],[-88.46192699971489,31.985729999834987],[-88.46193799958553,31.985649000214881],[-88.462345000189629,31.982523000117091],[-88.463262000431655,31.975482000300644],[-88.463603000015212,31.972903000335151],[-88.464028000162628,31.969695999666818],[-88.464095999934699,31.969182999629016],[-88.464135000292757,31.968888999981836],[-88.464455999784803,31.966464999918006],[-88.464562999914932,31.965657000154359],[-88.464742999839984,31.964243000033782],[-88.46528099996533,31.960001000110161],[-88.465460999890382,31.958586999778678],[-88.465901000106442,31.955119999821342],[-88.46663500005036,31.949343000068428],[-88.467164999779797,31.944709999750629],[-88.467538000048691,31.941448000163479],[-88.467562000338134,31.941236999677788],[-88.467630000110191,31.94073600022206],[-88.4678340003247,31.939230999627057],[-88.467876999982408,31.938915000312896],[-88.467902000096771,31.938728000334855],[-88.46794300010464,31.938281999776901],[-88.468065000303383,31.93694099980226],[-88.468106000311252,31.936493000098888],[-88.468194000174805,31.935904000025122],[-88.468478999681864,31.934158000031463],[-88.468580999789111,31.933583999792955],[-88.468559999872696,31.933275999656413],[-88.468584000162167,31.932946000270952],[-88.468850000300932,31.930980000151081],[-88.468904999654214,31.930570000222918],[-88.468903000004374,31.930395000096645],[-88.468882999912893,31.930323999998301],[-88.468878999714931,31.930261999899866],[-88.469118999914443,31.928415999726759],[-88.469862000079189,31.922692000004716],[-88.470108999951421,31.92078399996586],[-88.470359000196666,31.918855000315411],[-88.470529000075985,31.91752499968274],[-88.47150400004432,31.909917999638683],[-88.471755000114484,31.907742000023728],[-88.472130999858123,31.904476999669583],[-88.472345000118366,31.902352000062148],[-88.472781000136465,31.898028999777953],[-88.47308200043534,31.895987999840834],[-88.473089000108033,31.895938000216972],[-88.473227000200296,31.893856000253447],[-88.473197000063081,31.893008999758433],[-88.47311300039749,31.890605999744238],[-88.47311000002442,31.890464999784786],[-88.473090999757858,31.88961600025247],[-88.473065999643495,31.888429999684249],[-88.47298899965061,31.884873000147255],[-88.472967999734223,31.883880000042264],[-88.472961999886422,31.883726999661924],[-88.472960000236611,31.883686000279607],[-88.472903000335194,31.882167000347287],[-88.472734000280809,31.87760400011457],[-88.472677000379392,31.876083999737617],[-88.472675999656161,31.87606499962191],[-88.472642000219281,31.875153000139253],[-88.472629999625397,31.874923999903494],[-88.472439999654611,31.871446000019244],[-88.472376999905421,31.870285999776268],[-88.47231199960811,31.869323999972725],[-88.472119000162564,31.866437999819563],[-88.472053999865238,31.865476000285476],[-88.472047000192546,31.865359999736295],[-88.472022000078184,31.864979999756088],[-88.471920999795842,31.863490000018444],[-88.471889000008787,31.862993000018299],[-88.47183700013025,31.862213999655577],[-88.471680999596316,31.859872999985086],[-88.471653999832142,31.859467000213613],[-88.471628999717794,31.859092999691438],[-88.471545999877122,31.857552000029468],[-88.471297000355079,31.852926999969899],[-88.471213999616097,31.851384999915407],[-88.47119299969971,31.851298999928208],[-88.471128000300695,31.851037000342412],[-88.471105999661049,31.850949000075712],[-88.471095999615315,31.850693000140435],[-88.471067000201316,31.849924000279362],[-88.471057000155582,31.849665999805406],[-88.470934000131919,31.846420999989835],[-88.470564000236081,31.836684999651716],[-88.47051300018245,31.835334000146041],[-88.470422999770761,31.833455999996215],[-88.470421999945842,31.833438000039095],[-88.470338000280279,31.831679999775766],[-88.47008499966195,31.826401000260244],[-88.470000000171481,31.824641999656578],[-88.469996999798411,31.824574999972917],[-88.469949000117836,31.823573999979697],[-88.469920999630432,31.822973999903969],[-88.469797999606783,31.820371000025833],[-88.469746999553152,31.819303999734565],[-88.46974099970538,31.819166999620236],[-88.469735999682499,31.819068000135413],[-88.469717000314262,31.818670999662473],[-88.469702000245633,31.818358000110926],[-88.469691000374979,31.818120999669063],[-88.469658999689614,31.817424000229913],[-88.469524999795311,31.81531499968079],[-88.469481000312683,31.814613999715434],[-88.46948700016047,31.81431100008275],[-88.469487999985404,31.814237999811056],[-88.469509999726682,31.813107000055993],[-88.469517000297699,31.812730000113444],[-88.469499999680949,31.812303000205098],[-88.469450000350548,31.811023000115217],[-88.469432999733797,31.810594999916255],[-88.469414000365532,31.810088000062922],[-88.469402999596582,31.80979100033791],[-88.469309999710148,31.807376999940693],[-88.469278999748013,31.806570999683924],[-88.469230000242533,31.805301999794999],[-88.469083999754346,31.801495000141585],[-88.469035000248866,31.800224999865403],[-88.468948000210219,31.797971999928606],[-88.468687999919226,31.791210999930001],[-88.46866899965265,31.790721999733393],[-88.468585999811978,31.78895699989604],[-88.46857699959115,31.788787999619526],[-88.468553000200004,31.788343999707145],[-88.468452999742581,31.786508000069187],[-88.468422999605352,31.785953000284849],[-88.468422999605352,31.785894999677627],[-88.468422999605352,31.785495000054826],[-88.468421999780446,31.784291999777203],[-88.468421999780446,31.78389099976998],[-88.468419000305701,31.783850999858561],[-88.46838499997051,31.783445999685732],[-88.468273999642435,31.782106999727038],[-88.468247999703181,31.781786000305416],[-88.468241999855394,31.781658999945957],[-88.468209000243419,31.780929999709318],[-88.468108999785997,31.778738999663151],[-88.468076000174051,31.778008999696191],[-88.467960999647985,31.77592799985867],[-88.467619000239551,31.769683000293249],[-88.467507000086556,31.767642000327491],[-88.4675039997135,31.767602000262286],[-88.467396999583372,31.76543999980337],[-88.467071999893363,31.758950999854378],[-88.466963999938343,31.756787999845304],[-88.466938999823981,31.756381999721881],[-88.466879000447832,31.755435000102516],[-88.466625999829532,31.751379000350653],[-88.466549999661552,31.750158000090096],[-88.466597000415547,31.750035000315965],[-88.466373999934461,31.745906000048755],[-88.465707999762586,31.733520000271746],[-88.465490000202692,31.729454000363219],[-88.465486000004731,31.7293919996638],[-88.465398000141192,31.727750000178425],[-88.465132999827318,31.722823999844543],[-88.465106000063145,31.722311999872719],[-88.465096000017411,31.721180999898195],[-88.465085999971663,31.720137000016773],[-88.465055999834433,31.717008000204867],[-88.465045999788686,31.715965000232622],[-88.465044000138874,31.715720000183602],[-88.465036999567857,31.714984999972764],[-88.465034999918032,31.714760000380895],[-88.465034999918032,31.714740999931838],[-88.465019999849417,31.713309000291254],[-88.464979999666454,31.709013000120226],[-88.46496600032107,31.707580999906899],[-88.464962000123109,31.707418000080882],[-88.464911999894397,31.705637999797311],[-88.464907999696436,31.705476000018727],[-88.464547999846317,31.699820000365115],[-88.464429999845535,31.697952000300479],[-88.46442800019571,31.697925999880351],[-88.464059000124763,31.692121000119148],[-88.463854000085362,31.688893999966403],[-88.463486999664255,31.683124999690421],[-88.462802000124114,31.672020000097259],[-88.462802000124114,31.671998000064285],[-88.462638000092596,31.669404000163137],[-88.462628999871768,31.669262999712569],[-88.46230400018176,31.66408599967491],[-88.46211199966281,31.661036999997638],[-88.46200299988287,31.65930999986233],[-88.461776999927054,31.655698000088435],[-88.461678000192862,31.654130999949952],[-88.461653000078499,31.653723000212018],[-88.461572999712558,31.652405000144],[-88.461561000016985,31.652229000042009],[-88.461525000031969,31.651701000030457],[-88.461514000161316,31.651525000124757],[-88.461478000176314,31.650942999862121],[-88.461314000144782,31.647950999801537],[-88.460781999867223,31.638255000181989],[-88.46066100039171,31.636048000276951],[-88.460396000077836,31.631212999965424],[-88.460386000032102,31.631023999884984],[-88.46006499964173,31.625160999955718],[-88.459848999731662,31.624542999817834],[-88.459883000066867,31.624457999837929],[-88.459925999724561,31.624292000175227],[-88.460042999900423,31.623779999774069],[-88.460063999816811,31.623637999958628],[-88.460067000189881,31.623422000168453],[-88.460036000227731,31.623221000125881],[-88.459930999747442,31.622640999703776],[-88.459895999587332,31.622397000207783],[-88.459876000394175,31.622291999779481],[-88.459760999868124,31.621833000253414],[-88.459708999989587,31.621689000205482],[-88.459431999980168,31.62092899983077],[-88.459158000343763,31.616411000297088],[-88.458902000250717,31.611625999662287],[-88.458867999915526,31.610984000189742],[-88.45773399993854,31.58970700003816],[-88.457728999915659,31.589589000170054],[-88.457295000445711,31.581454999789226],[-88.457282999851827,31.581235000004828],[-88.456921000351883,31.574428000035937],[-88.456557000303818,31.567592000061374],[-88.456501000227334,31.566565999822707],[-88.456336000370868,31.563490999943063],[-88.456291000165038,31.56264800027505],[-88.45628100011929,31.562466999808521],[-88.456113999714717,31.559339999985873],[-88.455614000122523,31.549962000187524],[-88.45544800044118,31.54683599978533],[-88.45544599989303,31.546805000131034],[-88.455443000418299,31.546751000091255],[-88.45542999999951,31.546497000363981],[-88.455425999801548,31.546413000181506],[-88.455260999945111,31.543316999770944],[-88.455224000135175,31.542612999952034],[-88.455123999677753,31.54094199974794],[-88.454989999783464,31.538712000353009],[-88.454853000414417,31.536407999786388],[-88.454807000383667,31.535620999921235],[-88.454712999774017,31.534032000138303],[-88.454530000374234,31.530938000246675],[-88.454513999582403,31.530691000292517],[-88.454467999551639,31.529951000335302],[-88.454453000381335,31.529705000066958],[-88.454364999619486,31.528213999935534],[-88.454101000028828,31.523740999917784],[-88.454013000165276,31.522251000377626],[-88.453977000180274,31.521654000253985],[-88.453870999875065,31.519866000279308],[-88.453835999714968,31.519270000341109],[-88.453796000430302,31.518608999668604],[-88.453679000254439,31.516626000224409],[-88.453639999896367,31.515964999991752],[-88.453371000282857,31.51140600020732],[-88.453346999993414,31.510664999678671],[-88.453299000312853,31.509180000251543],[-88.453178999763935,31.505387999632628],[-88.453012000257672,31.500169000321701],[-88.45254699992725,31.49356399983602],[-88.452540000254572,31.493452000188658],[-88.452531999858635,31.493341000029609],[-88.452527999660674,31.493290000119405],[-88.452509000292423,31.493061000375043],[-88.451572999783821,31.481531000240221],[-88.451458999981,31.477887000060512],[-88.451299999972349,31.472885000154456],[-88.450970000259474,31.460868000332329],[-88.450985000328089,31.460579000298463],[-88.451029999635608,31.459714000172745],[-88.451044999704223,31.459450000025868],[-88.451043999879317,31.4594259996273],[-88.450980000305208,31.458481000021589],[-88.450787999786272,31.455649000005927],[-88.450725000037082,31.45470499987319],[-88.450576000074165,31.452499999721613],[-88.450314999958252,31.448641000025848],[-88.450311999585196,31.448580000039655],[-88.450043999796605,31.444612999764423],[-88.450029999552896,31.44442699981483],[-88.450016000207512,31.444241000262437],[-88.45001299983447,31.444198000066169],[-88.450003999613628,31.444070999656365],[-88.450001000138897,31.444029000297679],[-88.449888000160996,31.442389999728164],[-88.449550000052199,31.437474999677612],[-88.449437999899203,31.435836999689673],[-88.449416999982802,31.435232000215912],[-88.44941299978484,31.435128000172742],[-88.44941000031011,31.43503299992193],[-88.449406999937068,31.434938000341297],[-88.449334999967036,31.433165000039132],[-88.44897099991897,31.426740000350815],[-88.448950000002569,31.426370000341223],[-88.448929999911087,31.42603599966294],[-88.448683000038884,31.421266999786052],[-88.448682000213964,31.420848999790749],[-88.448710999627963,31.420788000114324],[-88.448729000069633,31.420698999987465],[-88.448751999635846,31.420671000334949],[-88.448735999742325,31.420657000122215],[-88.448688999886656,31.420617999901967],[-88.448673999818041,31.420605000080485],[-88.44866999962008,31.42053499971335],[-88.448657999924521,31.420326999869392],[-88.44865399972656,31.420257999697625],[-88.448596999825156,31.419116000347987],[-88.448426000120918,31.415692999957198],[-88.448369000219529,31.414551999923681],[-88.448228999579115,31.411751999933959],[-88.447796999758992,31.403111000276752],[-88.447795999934073,31.403083999794472],[-88.447764000147018,31.402605999880887],[-88.447559999932523,31.397926000013001],[-88.447552000434911,31.397750999634127],[-88.447528999970388,31.397226000373948],[-88.447522000297681,31.397051000223669],[-88.447498000008238,31.396515999690973],[-88.447426999863112,31.394914000221885],[-88.447404000296899,31.394379999691711],[-88.447388000403379,31.394021999864208],[-88.447339999824493,31.39294799985948],[-88.447323999930973,31.392589999939499],[-88.447316000433361,31.392411999783889],[-88.447292000143918,31.391878000359824],[-88.447283999747995,31.391701000328617],[-88.447232999694364,31.390573000128285],[-88.447092999952289,31.387393000015155],[-88.447081000256716,31.387189000279456],[-88.44701599995939,31.386062000328025],[-88.446979000149469,31.385378999794515],[-88.446871000194449,31.383329999835112],[-88.446835000209433,31.382648000177518],[-88.446774999934959,31.381520000137883],[-88.446598000382963,31.378137000125893],[-88.446548000154237,31.377169999727336],[-88.446534999735462,31.377009999701031],[-88.446466999963391,31.376323999759219],[-88.44635399998549,31.3751709998715],[-88.446321000373544,31.374264000307253],[-88.446296000259181,31.373575999990305],[-88.446270000319899,31.372890999659937],[-88.446194999976839,31.370836000154007],[-88.446169999862491,31.370151999961589],[-88.446129999679513,31.369607000137837],[-88.446010999853812,31.367973999730747],[-88.445972000394079,31.367429999747742],[-88.445912999944525,31.366583000086631],[-88.445737000217434,31.364041999794992],[-88.445678999592801,31.363195999762233],[-88.445595999752115,31.362021999870819],[-88.445584000056556,31.361853000110752],[-88.445221999658301,31.356218999747458],[-88.445214000160689,31.356036999971082],[-88.445210999787648,31.35599700020061],[-88.445209000137837,31.355968999660746],[-88.445180999650432,31.355854000287447],[-88.444974999786098,31.35238200026312],[-88.44493799997619,31.35176399963758],[-88.4448269996481,31.349912999866209],[-88.444790999663084,31.349296000285701],[-88.444752000203337,31.348657000166195],[-88.444638000400531,31.346739999844463],[-88.444599999867378,31.346101000005685],[-88.444197000359551,31.339298000000667],[-88.443891999862714,31.334098999657591],[-88.443870000121407,31.333728999811452],[-88.443870000121407,31.333713000100488],[-88.4436580004093,31.330175999730105],[-88.443608000180589,31.329331000284721],[-88.443504000423516,31.327562999913454],[-88.443192000253987,31.322260999674253],[-88.44308900032182,31.320493999981558],[-88.443029000047375,31.319470000248288],[-88.442850999772133,31.316398000233814],[-88.442792000220905,31.315374999688476],[-88.44277700015229,31.315101000341329],[-88.442731999946432,31.314278999819354],[-88.442716999877831,31.31400600035299],[-88.442634000037145,31.312614999993645],[-88.44238499961682,31.30844500017102],[-88.44230199977612,31.307054999886411],[-88.442189999623139,31.305189999778506],[-88.44191299961372,31.300583000171521],[-88.4419119997888,31.300561000115497],[-88.441799999635805,31.298682999847149],[-88.441447000356703,31.292748999902667],[-88.441306999716289,31.290408000351729],[-88.441280999777035,31.289984000116956],[-88.440837000261325,31.282594999745434],[-88.440689000123328,31.281023000029183],[-88.440585000366269,31.278555000268195],[-88.439929000240141,31.267610000172848],[-88.43971800035294,31.263776999917447],[-88.439595000329291,31.261548000056845],[-88.439294999855321,31.258224999686099],[-88.438833999722874,31.253219000150231],[-88.438781000019418,31.252651000304088],[-88.438740000011549,31.250174000290514],[-88.43898000021106,31.24689600019482],[-88.438966999792271,31.246664999942197],[-88.438929999982335,31.245973000355136],[-88.438918000286776,31.245743000104348],[-88.438888000149532,31.245193999865876],[-88.438800000285994,31.243550999885624],[-88.438770999973684,31.243002999945837],[-88.438765000125898,31.242903999885318],[-88.438749000232377,31.242606999849144],[-88.438744000209496,31.242508000141569],[-88.438667000216611,31.241078000044542],[-88.438436000237942,31.236790999812996],[-88.438360000069949,31.235362000027081],[-88.438358000420124,31.235283000199043],[-88.438354000222162,31.235046999619414],[-88.438353000397242,31.234969000365759],[-88.438350999849121,31.234852999899147],[-88.43834500000132,31.234506000023636],[-88.438344000176428,31.234390999832396],[-88.438333000305775,31.233826999980415],[-88.438329999932719,31.233622999989279],[-88.43825600031289,31.232138999825377],[-88.438227999825472,31.231576999799643],[-88.438218999604629,31.231497999879341],[-88.438191999840456,31.231386000190273],[-88.438182999619613,31.231336000176462],[-88.4381449999848,31.231126999632689],[-88.438097000304197,31.230981999660031],[-88.438073999839673,31.230612999923256],[-88.438067000166981,31.230498000370638],[-88.438052000098367,31.230369999909179],[-88.438045000425674,31.230315000299765],[-88.438037999854657,31.230253999941354],[-88.43801899958811,31.230153000104981],[-88.438009000440658,31.230099999843482],[-88.438006000067631,31.229808000116034],[-88.437999000394925,31.228932000128765],[-88.437996999846789,31.228639999864733],[-88.437534000064517,31.219429000294632],[-88.437155999772742,31.21196799981816],[-88.437155999772742,31.211952000186585],[-88.436974000197864,31.208299000224059],[-88.436862999869788,31.206051999697468],[-88.436764999960488,31.204506999942257],[-88.436749000066968,31.204271000121558],[-88.436703999861109,31.203563999833531],[-88.436688999792494,31.203329000369557],[-88.436647999784626,31.20270199983236],[-88.436524999760977,31.200821999841338],[-88.436483999753094,31.200196000029621],[-88.436432999699463,31.199348000179242],[-88.43628200008672,31.196807000243009],[-88.436231999858009,31.195959999699383],[-88.436190000025221,31.195265000040685],[-88.436067000001586,31.193181000149131],[-88.436025999993689,31.192486999809795],[-88.435711000349428,31.187117000312096],[-88.435580999754777,31.184964000281852],[-88.435203000361312,31.17856300020685],[-88.435179000071855,31.17815500034957],[-88.435158000155454,31.177800999806216],[-88.435095000406278,31.176740000143955],[-88.435075000314797,31.176387000379869],[-88.435067999743779,31.176268999679731],[-88.435057999698046,31.176094000122813],[-88.435046999827392,31.175916999622689],[-88.435040000154686,31.175799999800901],[-88.435035999956725,31.175731000212675],[-88.435030000108938,31.17562899986045],[-88.435024000261166,31.175526000237269],[-88.435020000063204,31.175458000379834],[-88.434988000276149,31.174932000149582],[-88.434895000389744,31.173354000375546],[-88.434865000252501,31.172827999988161],[-88.434861999879459,31.172533000326119],[-88.434852999658631,31.17165100035038],[-88.4348500001839,31.171357000070447],[-88.434865000252501,31.170838999955464],[-88.434886000168902,31.170119999872739],[-88.434824000244618,31.169290000269456],[-88.434787000434696,31.168775000382823],[-88.434770999642865,31.168554999906064],[-88.43472299996229,31.167897000042519],[-88.434716000289583,31.167797999742223],[-88.434708999718566,31.167677999845118],[-88.434630999900762,31.16615499994726],[-88.434562000303799,31.164807000143007],[-88.434559999755663,31.163308000084751],[-88.434445999952857,31.161588000319547],[-88.434368000135052,31.160405999709244],[-88.434379000005691,31.160067000331065],[-88.434399999922093,31.159414999766085],[-88.43443799955692,31.158310999993038],[-88.434419000188655,31.157461999958308],[-88.434404999944974,31.156811000046545],[-88.434380999655502,31.155688000350949],[-88.434363999937091,31.154844999999472],[-88.434167000293598,31.152329000046176],[-88.434080000254966,31.151210999683574],[-88.433498999573587,31.143636999839956],[-88.433444000220319,31.142625000196119],[-88.433151000317366,31.137067000158357],[-88.432798999964874,31.131143999618974],[-88.432726000169922,31.129174000063486],[-88.432713999576052,31.128993999859954],[-88.432489000343452,31.125197000376513],[-88.432521999955426,31.124659999806305],[-88.432522999780332,31.124639999703458],[-88.432525000328468,31.124600000254119],[-88.432464000229089,31.123472000381234],[-88.432352000076108,31.121439999702496],[-88.432007000294618,31.114298000051647],[-88.43163300020079,31.106566999982924],[-88.431632000375885,31.106534999715517],[-88.431330000252103,31.100274000144498],[-88.430901999731617,31.092610999967196],[-88.43070599991303,31.089124000320467],[-88.430676999600706,31.088558999707111],[-88.430669999928014,31.08841299980709],[-88.430511999744283,31.0853179999372],[-88.430508000444632,31.085237000087435],[-88.430495999850734,31.084994000123839],[-88.430491999652773,31.084912999997886],[-88.43024499978057,31.077980000278988],[-88.430105000038495,31.076774000237794],[-88.430141000023497,31.075439000253535],[-88.430055999634689,31.074505999912631],[-88.429992999885499,31.073464000101875],[-88.429976000167059,31.07318199995294],[-88.42996299974827,31.072962000123631],[-88.429888000303507,31.071473999692444],[-88.429864999838983,31.070589000185581],[-88.429864000014064,31.070540999684681],[-88.429864000014064,31.070512999894284],[-88.429653999951796,31.068662000024556],[-88.429629999662339,31.068224999821883],[-88.429612000119008,31.067843000031711],[-88.429335999934466,31.061802000302116],[-88.429320999865851,31.061480000328846],[-88.429315000018079,31.061350999653765],[-88.429311999645009,31.061272999715428],[-88.42929999994945,31.06099700024896],[-88.429274999835101,31.060432000215265],[-88.429051000427421,31.057595000279502],[-88.429039999658457,31.057461000008143],[-88.428718000341505,31.053391999936622],[-88.428551999761837,31.051280000247587],[-88.428400000324174,31.048587999844614],[-88.428396000126213,31.048542000013065],[-88.427924999948033,31.040210000243192],[-88.427899999833684,31.039765000089528],[-88.42767700025091,31.035814000076108],[-88.427492000302976,31.032671999834708],[-88.426864999590862,31.021985000041045],[-88.426848999697327,31.021704999771423],[-88.426831999978901,31.021416000095524],[-88.426743000290443,31.019903999695654],[-88.426725999673693,31.019618000043618],[-88.426587999581429,31.01731699967176],[-88.426574000236045,31.016221999774132],[-88.426565999840108,31.015818999912202],[-88.426558000342524,31.015254999721694],[-88.426549000121682,31.014242999720864],[-88.42654599974864,31.013922999961384],[-88.425934999828357,31.003656000141479],[-88.425794000261362,31.001280000262806],[-88.425806999781827,31.001130000274642],[-88.425728999964022,31.000182999686082],[-88.425431999863122,30.998322999795377],[-88.425323000083182,30.995410000338232],[-88.425318000060301,30.995265999775672],[-88.425308999839459,30.995156000365217],[-88.425282000075285,30.994322999899687],[-88.425277000052418,30.994180999834967],[-88.42518599981581,30.991786999835565],[-88.425051000096587,30.988130999918408],[-88.425003000416027,30.986838000153273],[-88.424836000011453,30.982374999968876],[-88.424836000011453,30.982352000243164],[-88.424846999882121,30.981923000123434],[-88.424610000055651,30.977325999777836],[-88.424611999705462,30.976354000249383],[-88.42449399970468,30.975331999869862],[-88.424328999848242,30.972419999816466],[-88.424215000045422,30.971376999925429],[-88.42424199980961,30.96740500034144],[-88.42422500009117,30.967031999655077],[-88.424178000235514,30.966125000156651],[-88.424152000296232,30.965594999901064],[-88.423994999937406,30.962481999740238],[-88.423973000196085,30.962090000096715],[-88.423888999632197,30.960431999864035],[-88.4238040001417,30.958746999727964],[-88.423641999759994,30.955564999715484],[-88.423510000413827,30.952975000318453],[-88.423502000017919,30.952820000078866],[-88.423435999895659,30.951535000212672],[-88.423426999674831,30.951350999820839],[-88.423265000191449,30.948184000150686],[-88.423236999704045,30.947628000056238],[-88.423230000031324,30.947487999893934],[-88.423220999810511,30.947311000325165],[-88.423080000243516,30.944515999916153],[-88.423074000395744,30.944404999750041],[-88.422834000196218,30.939686000112872],[-88.422825999800295,30.939546999974706],[-88.422773000096853,30.938514999839029],[-88.422767000249067,30.938391999816634],[-88.422754999655183,30.938143999835273],[-88.422751000355547,30.938063999753684],[-88.42274600033268,30.937965999793729],[-88.422691999905993,30.936910999656483],[-88.422453000429712,30.93220899985123],[-88.422250000040108,30.928221999648766],[-88.422133999689166,30.925958000373367],[-88.422089000381632,30.925064000304666],[-88.422044000175802,30.924181999650298],[-88.422041999627666,30.924154000010049],[-88.421610999632435,30.915676999864754],[-88.42160800015769,30.91561000020463],[-88.420943999635654,30.902553999859379],[-88.42076200006079,30.89897099981679],[-88.420730000273736,30.898338999965556],[-88.420700999961426,30.897765000207833],[-88.420688000440947,30.897519000029067],[-88.420680000045024,30.897358999673791],[-88.420428999974845,30.892421000168675],[-88.420425999601804,30.892347000106209],[-88.420206000392099,30.887868000061822],[-88.420202000194138,30.88776299968357],[-88.419876999605791,30.881389999842881],[-88.419866999560057,30.881210999887706],[-88.419570000357453,30.875362999668507],[-88.419561999961545,30.875187000028589],[-88.418632000199025,30.866570000202742],[-88.418632000199025,30.86654700037047],[-88.418484999885948,30.863279999650093],[-88.418472000365455,30.86295299981569],[-88.418470999642238,30.862900999935025],[-88.418480999687986,30.862467999877548],[-88.418477000388336,30.862369000246929],[-88.41847400001528,30.862280999718291],[-88.418469999817319,30.862195000157644],[-88.418459999771585,30.862038999968636],[-88.418449999725851,30.861899999625987],[-88.418448000076012,30.861856999684402],[-88.418442000228225,30.861754999763843],[-88.418432000182491,30.861593000302026],[-88.418427000159625,30.861512000082872],[-88.418417000113877,30.861366000257657],[-88.418278000196707,30.859255999816607],[-88.418265999602824,30.85907700016179],[-88.418251000432534,30.858837999787283],[-88.418249999709289,30.858814999642412],[-88.418243000036597,30.858585000203458],[-88.418243000036597,30.858554000126226],[-88.418237000188824,30.858477000363713],[-88.418232000165958,30.858399999768263],[-88.418232000165958,30.858389000118805],[-88.418231000341038,30.858161000019827],[-88.418228999792902,30.85790800019209],[-88.418228999792902,30.857859999853783],[-88.418217000097343,30.857658000255288],[-88.4182079998765,30.857649000122038],[-88.418211000249556,30.857514000335197],[-88.418206000226689,30.85740600006039],[-88.418203999678539,30.857366999631409],[-88.418187999785019,30.857014000068968],[-88.418161999845751,30.856451000120632],[-88.418135000081577,30.855875999809399],[-88.417925000019281,30.851413999755206],[-88.417919000171509,30.851278999674893],[-88.417738000421537,30.848201999637649],[-88.417730000025628,30.848072000323651],[-88.417704999911265,30.847652999846478],[-88.417699999888384,30.847559999781367],[-88.41768499981977,30.847186000342528],[-88.417678000147077,30.846983999857674],[-88.417669999751155,30.846784999846161],[-88.417626000268541,30.845862999994573],[-88.417622999895499,30.845802999938066],[-88.417519999963332,30.842844000265973],[-88.41751400011556,30.842717000116416],[-88.417446000343489,30.841269000034089],[-88.417439999597391,30.841140000168409],[-88.417391000091897,30.840105999660508],[-88.417380000221257,30.839882000009663],[-88.417369000350604,30.839669999693289],[-88.417200000296191,30.836078999737776],[-88.417149000242574,30.834988000081669],[-88.41710300021181,30.834012999715753],[-88.417059999655791,30.833097999798024],[-88.416919000088782,30.830119000018069],[-88.416825000377472,30.828115000339054],[-88.416779000346708,30.827135000153479],[-88.416767999577743,30.826880999767116],[-88.416755999882184,30.826636000209504],[-88.416611000117229,30.823568999925659],[-88.416599000421655,30.823323999631352],[-88.416572999584062,30.822779999897932],[-88.416570999934251,30.82272000006764],[-88.416567999561209,30.822653999979568],[-88.416546999644808,30.822219999766791],[-88.415995999998984,30.810528000133015],[-88.415994000349158,30.810494000242866],[-88.415568000376808,30.801482000365723],[-88.415370999835005,30.797298999795526],[-88.415210000176529,30.793932999770792],[-88.415209000351609,30.793904999883836],[-88.415206999803473,30.793845999847278],[-88.415035000274329,30.790192999994638],[-88.415031000076368,30.790091000312923],[-88.414969999977004,30.788806000018173],[-88.414862999846889,30.786529000096113],[-88.414837999732526,30.785988000106034],[-88.414820000189181,30.785667000323702],[-88.414820000189181,30.785615999639401],[-88.414759000089816,30.784346000099873],[-88.414528000111133,30.779461000262319],[-88.413993000358843,30.769534999660532],[-88.413974999917187,30.769093000007388],[-88.413957000373827,30.768638999629751],[-88.413697999907754,30.762359000332467],[-88.413693999709778,30.762262000192379],[-88.413454000408592,30.757292000319328],[-88.413447999662495,30.757176999907003],[-88.41335200030133,30.755175999923658],[-88.413355999600995,30.755151000236079],[-88.413322999989006,30.754577999657332],[-88.413319999615979,30.754497000266369],[-88.413031999735892,30.746410000159575],[-88.41300599979661,30.74516200021451],[-88.412809999978037,30.740413000255156],[-88.412803000305331,30.74023499982135],[-88.412611999611315,30.735589999682887],[-88.412568999953621,30.735119000242811],[-88.41226400035508,30.731772000009574],[-88.412189000012006,30.73094500032628],[-88.412178000141367,30.730275000218811],[-88.412173999943406,30.730017999629698],[-88.412127999912656,30.729247999906669],[-88.412116000217083,30.729047000144849],[-88.412092999752559,30.728401999657468],[-88.41209100010272,30.728291000226527],[-88.412049000269931,30.727851999645534],[-88.411968999903991,30.726594000183685],[-88.411891000086186,30.725013999995117],[-88.41187099999469,30.724742999697668],[-88.41185400027625,30.724521000003307],[-88.411767000237617,30.72334399971388],[-88.411764999689495,30.723214999897497],[-88.411741000298349,30.72304499970225],[-88.41172600022972,30.722701999817584],[-88.411710000336214,30.721881999925074],[-88.411698999567236,30.721407999729493],[-88.411660999932408,30.719819000352413],[-88.411655000084622,30.7192250002641],[-88.411645999863794,30.718624999845481],[-88.411609000053872,30.717606999877102],[-88.411475999984489,30.715389999791917],[-88.411404999839363,30.714209999618046],[-88.411388999945842,30.71378099963875],[-88.411368000029455,30.713203000204615],[-88.411373999877227,30.71310300032783],[-88.411376000425378,30.713023000197314],[-88.411424000105939,30.712888999733426],[-88.411499000449027,30.712744999903475],[-88.411542000106721,30.712702999783886],[-88.411348999762865,30.706609999838012],[-88.411238000333114,30.706511000291677],[-88.411169999662718,30.706414000302132],[-88.411122999807077,30.706346000307065],[-88.411085999997141,30.706292999652984],[-88.411046999639083,30.706218000368096],[-88.411039999966391,30.706203000195131],[-88.411024999897776,30.706136000269634],[-88.411009999829176,30.706065000194013],[-88.411009999829176,30.70605299988236],[-88.411005999631215,30.705917000107782],[-88.410983000064988,30.705161999797909],[-88.410979999691932,30.70499099998742],[-88.410978000042121,30.704895000245514],[-88.410964999623317,30.704250999861177],[-88.410931000186437,30.702489999862163],[-88.410909000445145,30.702156000267141],[-88.410890000178554,30.702002999830608],[-88.410889000353649,30.7019769999898],[-88.410860999866259,30.701269000027164],[-88.410839000124938,30.700536000323531],[-88.410803000139921,30.699769000068486],[-88.410787000246401,30.699440000217663],[-88.410786000421496,30.699411999882752],[-88.410778000025559,30.698070000346288],[-88.410726999971956,30.697088000150796],[-88.410716000101303,30.696849000199084],[-88.410695000184901,30.696617999874022],[-88.410682999591018,30.696492000025415],[-88.410610999620999,30.695695000323141],[-88.410586000404962,30.69516999974012],[-88.410538999650967,30.694577999937149],[-88.410520000282702,30.694179999742975],[-88.410514000434929,30.694042000313374],[-88.410485000122605,30.693017000300454],[-88.4104359997188,30.691924000101345],[-88.410424000023241,30.691642999704037],[-88.410403999931759,30.691122999807742],[-88.410355000426264,30.68982300017203],[-88.410336000159688,30.689363999732329],[-88.410330000311916,30.689228000384642],[-88.410326000113955,30.689139000082928],[-88.41029500015182,30.688385999862692],[-88.410255999793748,30.687634000359346],[-88.410228000204654,30.687095999972129],[-88.410214999785879,30.686857000000014],[-88.410194999694383,30.686484999803689],[-88.410182000173904,30.68610199966994],[-88.410157999884461,30.68538699996148],[-88.410147999838728,30.685017000383514],[-88.410060999800081,30.682952999991091],[-88.409997000225999,30.682366000210443],[-88.409998000050891,30.682106000350529],[-88.409994999677835,30.682026999710658],[-88.409942999799313,30.680672000199152],[-88.40990099996651,30.679582000010065],[-88.409860999783533,30.678358000137699],[-88.409833000194453,30.677771999979409],[-88.409770000445263,30.676172000041159],[-88.409761000224421,30.675935000362539],[-88.409671999637638,30.673714000207337],[-88.409664000140054,30.673554000247112],[-88.409598999842714,30.672270000337576],[-88.409572000078541,30.671728999937958],[-88.409521999849829,30.670197000358936],[-88.409485000039922,30.669342999781772],[-88.409442000382199,30.668643000227718],[-88.409428999963396,30.66859300001029],[-88.409406000397183,30.668503000171899],[-88.409253000236305,30.66563000031654],[-88.409197000159821,30.664827000073664],[-88.40916299982463,30.664332000335886],[-88.409074000136158,30.662141000158879],[-88.409043999998943,30.66198599986614],[-88.408966000181124,30.661866999746895],[-88.408920000150388,30.661527999941566],[-88.408922999625119,30.661253000199274],[-88.408905000081774,30.661002999824774],[-88.408792999928764,30.660884999954952],[-88.408694000194586,30.660683000039938],[-88.408711999737932,30.660539000370644],[-88.408765000339685,30.660395999633501],[-88.408907999556504,30.660263000211593],[-88.40887499994453,30.659868999699633],[-88.408725999981613,30.656731999738536],[-88.408664999882248,30.649802999878794],[-88.408647000338902,30.649412000109898],[-88.408469000063675,30.645596999681583],[-88.408335999994279,30.642751999630654],[-88.408191000229323,30.639595999750348],[-88.408181000183589,30.639379999813904],[-88.408165000290055,30.63921300001185],[-88.408012999954082,30.636946999656757],[-88.407956000052693,30.635804999652944],[-88.407908000372103,30.634665999865021],[-88.407891999580272,30.634301000248758],[-88.407869000014045,30.633802000343128],[-88.40783999970175,30.633156000098623],[-88.407827000181257,30.632712999640653],[-88.407826000356337,30.632683999854006],[-88.407792999846066,30.632308999937582],[-88.407741999792435,30.632148000020123],[-88.407705999807419,30.632065999642357],[-88.407523000407636,30.631680999805141],[-88.407504000141074,30.631632000011123],[-88.407452000262538,30.631497000008515],[-88.407335999911581,30.63128700031718],[-88.407221000283855,30.63096000033207],[-88.407084999841402,30.630638999832115],[-88.407005000373786,30.630341999930938],[-88.406919999984964,30.630204999984173],[-88.406919000160073,30.630092000023204],[-88.406977999711287,30.629924000186158],[-88.407120999826418,30.629790999818471],[-88.407381000117411,30.629574000168606],[-88.407419999577172,30.629545999679642],[-88.407483000224673,30.629500000294261],[-88.40749099972227,30.628726000097839],[-88.407499999943113,30.627676000254279],[-88.407468999980949,30.625648999906655],[-88.407468000156058,30.625586000104949],[-88.407434999645787,30.625216999890533],[-88.407422999950214,30.624876999631283],[-88.407359000376118,30.624297999635228],[-88.407337999561406,30.623766999678192],[-88.407340999934448,30.623498999787394],[-88.407321999667872,30.623153000169374],[-88.407330000063794,30.622733999986032],[-88.407315999820085,30.622233999642667],[-88.407263999941563,30.622008000300401],[-88.407241000375336,30.621847000252131],[-88.407169000405304,30.620659999674086],[-88.407103000283072,30.619949999886387],[-88.407093000237339,30.619684000158024],[-88.407092000412419,30.61963000031577],[-88.407074999795668,30.618959999938934],[-88.407048999856414,30.618554999677837],[-88.407053000054376,30.618381000110457],[-88.407093000237339,30.61775300004809],[-88.407260999568521,30.615112000370203],[-88.407337999561406,30.613910999747183],[-88.407331999713634,30.613606999810788],[-88.407331999713634,30.61354900037573],[-88.407233999804319,30.611398000137729],[-88.407125000024379,30.609008000103024],[-88.407114999978646,30.608798000328331],[-88.407059999727039,30.607585000085248],[-88.407042000183708,30.607198000126797],[-88.406822999900598,30.602364000345524],[-88.406811000205025,30.602087999663794],[-88.406570000180594,30.597201999668965],[-88.406538000393539,30.596549000113811],[-88.406437000111211,30.594499000083935],[-88.406348000422753,30.592693999660149],[-88.406343000399872,30.592586999851385],[-88.406201000109661,30.58970800011166],[-88.40610400002528,30.588620999673445],[-88.406094999804452,30.588521999892894],[-88.406033999705073,30.587845000027144],[-88.40597699980367,30.587208000047337],[-88.40594400019171,30.58693400008443],[-88.405541999610492,30.583551999918594],[-88.405478000036382,30.582946000233783],[-88.405390999997749,30.581533999823062],[-88.405289999715407,30.578747000355282],[-88.405251000255674,30.577944999836426],[-88.405195000179177,30.575416999701385],[-88.405189000331376,30.575146999778763],[-88.405175999912586,30.574631000001105],[-88.405129999881837,30.573395000269173],[-88.405012999705974,30.567186999746362],[-88.404945999758823,30.567009000298778],[-88.404934000063264,30.566632999679427],[-88.404987999591626,30.56654900006604],[-88.405192999631026,30.566457000221792],[-88.40546100031797,30.566352999653919],[-88.405631000197261,30.566237999989458],[-88.405718000235908,30.566064000056272],[-88.405818999619925,30.565352999927104],[-88.405877000244558,30.565088999844942],[-88.405986000024498,30.564950000157538],[-88.405884999742156,30.564701000225242],[-88.405818999619925,30.564422000175604],[-88.405772999589175,30.564100000240995],[-88.405743000350256,30.563963000194601],[-88.405699999794251,30.563855999617278],[-88.405682000250891,30.56353400012474],[-88.405726999558425,30.563289000248982],[-88.405677000228025,30.563042000224687],[-88.405647000090795,30.562840999693922],[-88.405563000425204,30.562556000317191],[-88.405508000173612,30.562433000303141],[-88.405498000127878,30.56240999976125],[-88.40544200005138,30.562240999950678],[-88.405432999830538,30.561568999979482],[-88.405368000431537,30.561446000261249],[-88.405240000385021,30.561239000043976],[-88.404877000161861,30.560802999856776],[-88.404616999870868,30.560372000153738],[-88.404585000083813,30.560318999923485],[-88.404457999862203,30.560211999968796],[-88.404340999686326,30.560151999928117],[-88.404286000333059,30.560044000380206],[-88.404238999579093,30.559912000167937],[-88.404176999654794,30.559512000022046],[-88.404175000004983,30.559455000114539],[-88.404118999928485,30.558380000203531],[-88.404169000157182,30.558100999769785],[-88.404390999915037,30.557788000050216],[-88.404424000425323,30.557739000007683],[-88.404458999687108,30.557691000147233],[-88.404713999955234,30.557462999905731],[-88.404800999993867,30.557409999633787],[-88.404795999971,30.557309000057035],[-88.404791999773039,30.55721999982206],[-88.404782999552225,30.556997000317729],[-88.404746999567209,30.556234000354188],[-88.404723000176062,30.555662999630528],[-88.404677000145313,30.554565999646243],[-88.404727000374024,30.554397000099236],[-88.404873999788805,30.554285000141181],[-88.405365999883387,30.553940999848802],[-88.405340999769052,30.553726000207252],[-88.405238999661776,30.553589000212476],[-88.405072000155528,30.553046999827938],[-88.404991999789573,30.552865999973147],[-88.404961999652357,30.552717999793995],[-88.404795999971,30.552313999891656],[-88.404596999779358,30.551891999699382],[-88.404517000311742,30.551295999880939],[-88.404332000363823,30.550314000157528],[-88.404282999960017,30.550004000165565],[-88.40418000002785,30.54976200026238],[-88.404175000004983,30.549572999694639],[-88.404124999776258,30.549126000325995],[-88.404107000232926,30.548971000104128],[-88.403884999576761,30.547000999806031],[-88.403799000261344,30.546241999929656],[-88.403713000047631,30.545481999976253],[-88.403657999796039,30.544993999655034],[-88.403656000146214,30.54493299992598],[-88.403636000054718,30.544159999925188],[-88.403627999658809,30.543616000348848],[-88.403606999742408,30.543388999894596],[-88.403598000419876,30.543292000302149],[-88.403589000199062,30.543196999777809],[-88.403593000397024,30.542095000210676],[-88.403593000397024,30.54206699997308],[-88.403593000397024,30.541992999803696],[-88.403493999764507,30.541597999629037],[-88.403333000106016,30.541267999876972],[-88.403016999738526,30.540671999827595],[-88.402985999776391,30.540610000095331],[-88.402783000285112,30.540208000097149],[-88.40266500028433,30.53997399978228],[-88.402611999682577,30.539706999894896],[-88.402625000101366,30.539507000176449],[-88.402626999751178,30.539391999648927],[-88.402636999796911,30.538948000256756],[-88.402641999819807,30.538743000059807],[-88.402631999774059,30.538408999815964],[-88.402654000413676,30.538074000335701],[-88.402631999774059,30.537291000367222],[-88.402629000299328,30.537054999922312],[-88.4026200000785,30.536455999821268],[-88.402605000009885,30.535788000251028],[-88.402615000055633,30.535357999785962],[-88.402691000223612,30.535256999704774],[-88.402855000255144,30.535149999979101],[-88.403200000036634,30.534989000336136],[-88.403263999610743,30.534955000045809],[-88.403306000341843,30.534862999655676],[-88.403323999885188,30.534751000375092],[-88.403338000128883,30.534245999631707],[-88.403343000151764,30.534053000331902],[-88.403355999672243,30.533506999710617],[-88.403368000266113,30.533103000342013],[-88.403371999565763,30.532776999887076],[-88.403379999961686,30.532207999870625],[-88.403427999642247,30.531632999859816],[-88.403429000365492,30.530705000027123],[-88.403420000144664,30.530681999705259],[-88.403429000365492,30.530592000109127],[-88.403429000365492,30.530513000369098],[-88.40340699972586,30.53036000004353],[-88.40298699960131,30.526854999944078],[-88.402965999684909,30.526677000047503],[-88.402942000293763,30.525751000376591],[-88.40288799986709,30.524942999679844],[-88.402899999562663,30.524594000259516],[-88.402891000240132,30.52425600023356],[-88.402878999646262,30.523775000074526],[-88.402878999646262,30.523679999806628],[-88.402878999646262,30.523058000229753],[-88.402840000186529,30.522541999771558],[-88.402829000315862,30.522281000282504],[-88.402897000087933,30.521989000082606],[-88.402899999562663,30.521907000133691],[-88.402904999585544,30.521754999988858],[-88.402854000430224,30.520943999907015],[-88.402786999584762,30.52087700013],[-88.402758000170749,30.520791999803631],[-88.402666999934155,30.519794999957789],[-88.402637999621845,30.519337000078465],[-88.402545999560331,30.5167620001206],[-88.402421999711777,30.513284000355807],[-88.402416999688896,30.513145999915583],[-88.402282999794608,30.510851999863675],[-88.402277999771741,30.510758999954032],[-88.401921000294664,30.504669000187665],[-88.401833000431125,30.503628000312553],[-88.401792000423242,30.503146000252148],[-88.401543000002889,30.500197000182425],[-88.400884000402044,30.483021000069282],[-88.400623000286132,30.476219000152472],[-88.400618000263265,30.476083999817256],[-88.400490000216749,30.474455000267046],[-88.400487999668599,30.474431999800675],[-88.400470000125253,30.474213000373148],[-88.400354999599216,30.472601999849989],[-88.400352999949391,30.472571000347013],[-88.400347000101604,30.472448000223807],[-88.400229000100836,30.470176999680636],[-88.400048000350878,30.466704000091099],[-88.399605999586669,30.458215999697472],[-88.39885599974923,30.443222999617454],[-88.398848000251618,30.443054000132989],[-88.398603999854146,30.437915000061057],[-88.398664999953525,30.437206000258488],[-88.398572000067091,30.435473999943113],[-88.398192999950425,30.428401999693161],[-88.398044999812399,30.425642000135042],[-88.39797000036765,30.424254999911156],[-88.397843999970945,30.421904999867259],[-88.397746999886579,30.420098999816648],[-88.397725000145272,30.419800000066957],[-88.397721999772216,30.419774999717315],[-88.396670999635887,30.400036999942696],[-88.396664999788101,30.399932000106041],[-88.396340999922998,30.393917000103695],[-88.396220000447485,30.391620999927802],[-88.396151999777118,30.390451999983025],[-88.396146999754251,30.390270000259754],[-88.396099999898567,30.389224000308925],[-88.396099000073676,30.38918600024067],[-88.396085999654886,30.389100000031586],[-88.3960799998071,30.389009000115344],[-88.395944000262986,30.386482000059285],[-88.395918000323704,30.385936000159045],[-88.395893000209341,30.385390999960944],[-88.39587599959259,30.385013000068682],[-88.395858999874164,30.384635000264087],[-88.395781999881279,30.382975999759758],[-88.395704999888366,30.381316000069734],[-88.395704000063461,30.381295000271631],[-88.395698000215674,30.381196000166408],[-88.395667000253539,30.380642999941418],[-88.39563600029139,30.380089999687343],[-88.39549800019914,30.377644000005599],[-88.395360000106876,30.375199000096426],[-88.39502299982297,30.369424999929311],[-88.394679999691306,30.362461000197925],[-88.394626000162958,30.361361000314947],[-88.394297000274975,30.354636000360017],[-88.394168000403553,30.352752000143685],[-88.394149999961897,30.352494000027679],[-88.394062000098344,30.350812999718233],[-88.393990999953218,30.349514999944642],[-88.393786999738737,30.345659999658697],[-88.393270000428089,30.335874000301558],[-88.392163000215277,30.312714999778692],[-88.392159999842221,30.312661999711754],[-88.392143000123767,30.312332000113209],[-88.389880000192647,30.26953200002605],[-88.388859000193534,30.250201000001891],[-88.387661999569019,30.223499999997838],[-88.387218000053338,30.213613000090966],[-88.38709800040273,30.210915000114571],[-88.386515999896446,30.198254000020604],[-88.385778999579472,30.182242999930761],[-88.384431000240539,30.158543000197394],[-88.381119999647794,30.160336000155375],[-88.375006000247055,30.163946000170402],[-88.371163000275089,30.16560800018042],[-88.364752999700031,30.170404999888696],[-88.359755999659555,30.174535999936175],[-88.353813999787945,30.180901000321242],[-88.349939999853831,30.186383999624525],[-88.347718999755486,30.190088000031409],[-88.343781000247262,30.187817999671985],[-88.338041999866917,30.18484600008237],[-88.33130699960185,30.182295999728712],[-88.324933999735038,30.180241999855788],[-88.319319999926492,30.178945000119391],[-88.31030199963881,30.177815999754419],[-88.303023000298921,30.177962000297395],[-88.291192000259173,30.178834999944865],[-88.277939000362338,30.180071000165956],[-88.266592999846154,30.181704000336552],[-88.253371999736373,30.18414699970738],[-88.250001999592399,30.184643999921477],[-88.234363999565659,30.188372000076289],[-88.216311000170165,30.192422999933314],[-88.210002999702354,30.193612000145681],[-88.205005999661878,30.194365999734796],[-88.199078000033978,30.195209000310527],[-88.191604999627017,30.19648999974472],[-88.184979000040215,30.197449999821696],[-88.175636000062511,30.198638999890441],[-88.167488999986091,30.199429999726487],[-88.162628000388054,30.200018999737988],[-88.162043000407039,30.200089999903366],[-88.162021999592326,30.200092999876471],[-88.161742000108148,30.199505000304679],[-88.161198000135016,30.198364000247992],[-88.157631000347564,30.19437700027509],[-88.153480000404016,30.190371000212547],[-88.151973999983028,30.189296000362869],[-88.149191000368191,30.187038999662761],[-88.146191000120069,30.185358999797689],[-88.145386999855944,30.184369000020702],[-88.143458999660552,30.182060000072106],[-88.141154999721536,30.180228999680871],[-88.138373999756539,30.177973000340209],[-88.134107000360331,30.175414000082046],[-88.131610000077472,30.173621000223729],[-88.128497999676355,30.172077999647737],[-88.124998999660946,30.170472000043805],[-88.12162199984428,30.169618000360149],[-88.118146000293422,30.168526999730439],[-88.115597000132013,30.167743000144892],[-88.112504999822377,30.167225000284532],[-88.109178000234436,30.166974000010331],[-88.106742999875848,30.166560000346227],[-88.103417000112813,30.166377000098095],[-88.099109999635331,30.162088000222287],[-88.092761000057948,30.156343000322188],[-88.090220000292462,30.154516000114285],[-88.086943999859812,30.152484000321625],[-88.080346999687023,30.149561999693859],[-88.07486900032093,30.147149000218931],[-88.069189000390139,30.146012000360116],[-88.060689000136293,30.144425000011907],[-88.057092000211611,30.144441000361574],[-88.046103999895735,30.144688999623916],[-88.041494000367862,30.145607999693478],[-88.03730900008911,30.146561000054639],[-88.036729000130975,30.146692999810014],[-88.028037000256504,30.150380999627622],[-88.020769999713892,30.15521799994713],[-88.020246999657147,30.155601000120267],[-88.01415900019569,30.16005899997328],[-88.009797000364941,30.164172000041997],[-88.006043000081405,30.169732999893814],[-88.003617999768565,30.173416999822162],[-88.00000900014831,30.174572999879121],[-87.999985999683773,30.174577000102961],[-87.999992000429856,30.174547999835259],[-87.997242000427008,30.175130000174381],[-87.993755000107171,30.176146000259603],[-87.990421999773105,30.177018000240075],[-87.987409000004519,30.1778900002694],[-87.986459999975452,30.177599999969104],[-87.983766000049087,30.176874000305052],[-87.981041000160573,30.176484999849077],[-87.980893000022576,30.176517999691832],[-87.980879999603786,30.176521000382952],[-87.971709000053522,30.176737999655426],[-87.955652999552058,30.178343000216842],[-87.925755999698012,30.179560999914354],[-87.874991000148228,30.177192999910257],[-87.837420000045782,30.176994999714559],[-87.831673000167854,30.177067999844752],[-87.811263000231563,30.177326000041859],[-87.807153000295884,30.177377999933608],[-87.79719600002484,30.178905999852695],[-87.771292999755502,30.182879999672981],[-87.749987000391883,30.186557999612628],[-87.744380000256044,30.187469999957802],[-87.71800199961055,30.191760000156297],[-87.694209999834726,30.194809000334811],[-87.683638000343763,30.196164000300499],[-87.681539000444133,30.196432999707753],[-87.660347999809943,30.198179000042202],[-87.647823999834159,30.199210999978156],[-87.625020000445446,30.205940000324549],[-87.624981000087388,30.205948999708561],[-87.59954099960035,30.211830000367062],[-87.574101000011595,30.217709999828855],[-87.56704100005652,30.219342000071787],[-87.518346000094041,30.22950599976317],[-87.518372000033324,30.23423999989074],[-87.518403999820364,30.240119000310422],[-87.518459000071942,30.250001000266177],[-87.518459999896862,30.250202000259492],[-87.518445999653153,30.253301000099309],[-87.518425999561686,30.257799999999381],[-87.518381000254138,30.267658000187488],[-87.518339000421363,30.276997999739205],[-87.518331000025427,30.278649000131498],[-87.51832500017764,30.28020599980227],[-87.518324000352735,30.2804419998259],[-87.518386000277019,30.280649000033545],[-87.518386000277019,30.281561999812443],[-87.518386000277019,30.281585999877279],[-87.518383999728869,30.282029000084279],[-87.518383999728869,30.282084000285636],[-87.518382999903977,30.28213100022165],[-87.518382999903977,30.282141000320667],[-87.518382999903977,30.282158999875794],[-87.518382999903977,30.282257000153688],[-87.518382999903977,30.282319999671195],[-87.518382999903977,30.28235600026386],[-87.518382999903977,30.282374999709386],[-87.518381000254138,30.282934000041255],[-87.518380000429246,30.283901000322754],[-87.515090999577822,30.284592999888776],[-87.514580000114947,30.284700999900867],[-87.512029000303727,30.285568000064099],[-87.511917000150717,30.285606000034658],[-87.511707000088435,30.285635000145177],[-87.510480000225016,30.285800999917431],[-87.508880000092688,30.286100999756012],[-87.507380000417797,30.286500999923632],[-87.505479999811485,30.287100999832141],[-87.503679999662623,30.287500999800912],[-87.501979999971184,30.288001000183311],[-87.501080000345908,30.288100999798807],[-87.500003000270311,30.287904999960048],[-87.499979999805774,30.287900999690155],[-87.492739999925647,30.289771999730046],[-87.452377999812427,30.300200999670523],[-87.451150999949007,30.30601400002374],[-87.451134000230567,30.306096999760843],[-87.451130999857511,30.30610899989459],[-87.451125999834659,30.306135999996169],[-87.450078000071358,30.311099999807599],[-87.450278000087906,30.311099999807599],[-87.450777999680099,30.311099999807599],[-87.451177999713181,30.310900000074458],[-87.4516780002037,30.31079999966709],[-87.452278000253315,30.310600000097278],[-87.452678000286397,30.310400000119337],[-87.453177999878591,30.310400000119337],[-87.453878000385643,30.310199999733278],[-87.454377999977837,30.310299999977353],[-87.454978000027467,30.310299999977353],[-87.455578000077082,30.310199999733278],[-87.455877999652756,30.310100000162691],[-87.456477999702372,30.309800000063376],[-87.45687799973544,30.309499999821256],[-87.45717800020941,30.309299999925223],[-87.457778000259026,30.309099999621068],[-87.458277999851234,30.308800000338511],[-87.458778000341752,30.30859999978966],[-87.45917800037482,30.308500000137737],[-87.459578000407902,30.308299999752279],[-87.460278000016643,30.308199999794297],[-87.460977999625385,30.308099999734274],[-87.461878000148971,30.308000000347803],[-87.462478000198601,30.307900000083688],[-87.462977999790795,30.307799999717606],[-87.463777999856973,30.307799999717606],[-87.464278000347463,30.307700000025061],[-87.465078000413627,30.307600000230448],[-87.465778000022368,30.307600000230448],[-87.465877999581494,30.307700000025061],[-87.466178000055464,30.307799999717606],[-87.466578000088532,30.307799999717606],[-87.467178000138148,30.307799999717606],[-87.46737800015471,30.307799999717606],[-87.467778000187778,30.307900000083688],[-87.46817800022086,30.308099999734274],[-87.468677999813053,30.308199999794297],[-87.469178000303572,30.308199999794297],[-87.469779000178093,30.308000000347803],[-87.470678999803368,30.307900000083688],[-87.471278999852984,30.307900000083688],[-87.471779000343517,30.307900000083688],[-87.472579000409681,30.308000000347803],[-87.473479000034956,30.308000000347803],[-87.473978999627164,30.308000000347803],[-87.474479000117654,30.308000000347803],[-87.475279000183818,30.308000000347803],[-87.475879000233448,30.307900000083688],[-87.47627900026653,30.307700999696756],[-87.476578999842175,30.307501000007584],[-87.477178999891805,30.307200999708723],[-87.477879000398872,30.306901000042817],[-87.478479000448488,30.306901000042817],[-87.478878999583245,30.306801000208626],[-87.479579000090297,30.306801000208626],[-87.480278999699038,30.306801000208626],[-87.480579000173009,30.306701000272426],[-87.480878999748668,30.306601000234259],[-87.481379000239173,30.306400999851814],[-87.481579000255707,30.306200999836825],[-87.481878999831352,30.306001000189354],[-87.483678999980228,30.304800999940078],[-87.483779000437664,30.304800999940078],[-87.484178999572435,30.304901000263389],[-87.484778999622051,30.304901000263389],[-87.485178999655119,30.305000999709119],[-87.485679000145652,30.305100999828404],[-87.486047000391679,30.305100999828404],[-87.48623999983721,30.305100999828404],[-87.486378999754365,30.305100999828404],[-87.486978999803995,30.305100999828404],[-87.487378999837091,30.305000999709119],[-87.488178999903241,30.304800999940078],[-87.488679000393759,30.304800999940078],[-87.489178999985953,30.304901000263389],[-87.489878999594694,30.304901000263389],[-87.490678999660858,30.304901000263389],[-87.491278999710474,30.304901000263389],[-87.491979000217526,30.304800999940078],[-87.49247899980972,30.304901000263389],[-87.492878999842802,30.304901000263389],[-87.49337900033332,30.304901000263389],[-87.494078999942047,30.304901000263389],[-87.494379000416018,30.305000999709119],[-87.494879000008211,30.305000999709119],[-87.495178999583871,30.305100999828404],[-87.495580000340183,30.305300999760966],[-87.495980000373251,30.305401000349789],[-87.496479999965459,30.305600999670286],[-87.496780000439429,30.305700999953089],[-87.4971799995742,30.305801000133872],[-87.497379999590734,30.305901000212636],[-87.497680000064705,30.306101000064093],[-87.497979999640364,30.306200999836825],[-87.498379999673446,30.30630100028311],[-87.498779999706528,30.30630100028311],[-87.498979999723062,30.306200999836825],[-87.49917999973961,30.306200999836825],[-87.499280000197018,30.306200999836825],[-87.499579999772692,30.306200999836825],[-87.499880000246662,30.306200999836825],[-87.499979999805774,30.306200999836825],[-87.499979999805774,30.306451000373446],[-87.500979999888472,30.306801000208626],[-87.501680000395538,30.306901000042817],[-87.502179999987717,30.307101000180641],[-87.502307000209328,30.307142999824201],[-87.502780000037347,30.307300999910346],[-87.503479999646089,30.307600999903226],[-87.503879999679157,30.308001000016443],[-87.504679999745335,30.308901000119373],[-87.505180000235825,30.309901000364771],[-87.505580000268921,30.311099999807599],[-87.505780000285455,30.312499999695184],[-87.505879999844581,30.313899999745985],[-87.505810000422699,30.315085999714519],[-87.505942999593771,30.319396000080925],[-87.504700999661736,30.324039000182704],[-87.502571999624877,30.327405000023791],[-87.499979999805774,30.328956999767964],[-87.499779999789226,30.328899999810218],[-87.499280000197018,30.329100000019235],[-87.498680000147402,30.329299999819817],[-87.498179999656898,30.329499999987306],[-87.497280000031623,30.329699999746399],[-87.495879999915843,30.330000000169914],[-87.494879999833131,30.330199999683241],[-87.494180000224389,30.330400000338845],[-87.493580000174759,30.330599999810644],[-87.493079999684269,30.330599999810644],[-87.492479999634625,30.33079999964934],[-87.492045000339772,30.330872000111569],[-87.491878999760104,30.330899999803179],[-87.490878999677406,30.33099999985496],[-87.489979000052131,30.331099999804568],[-87.489079000426855,30.331099999804568],[-87.488378999919789,30.331099999804568],[-87.487778999870173,30.33099999985496],[-87.487479000294513,30.33099999985496],[-87.486679000228335,30.331099999804568],[-87.485879000162186,30.331099999804568],[-87.48467900006294,30.331099999804568],[-87.48357900042113,30.331099999804568],[-87.482779000354952,30.331099999804568],[-87.481678999814832,30.331099999804568],[-87.480878999748668,30.331099999804568],[-87.48007899968249,30.331099999804568],[-87.479998000389955,30.331113000185969],[-87.47947899963286,30.331199999652057],[-87.478579000007585,30.331199999652057],[-87.477479000365776,30.331300000172853],[-87.476879000316146,30.331300000172853],[-87.47627900026653,30.331399999816124],[-87.475578999759477,30.331399999816124],[-87.474778999693314,30.331500000132628],[-87.473578999594068,30.331600000347009],[-87.472678999968792,30.331699999683917],[-87.471878999902614,30.331799999694134],[-87.470878999819917,30.332000000183431],[-87.470078999753753,30.332200000264283],[-87.469478999704123,30.332299999763819],[-87.468779000095395,30.332399999936627],[-87.468078999588343,30.332599999975788],[-87.467578999996149,30.33269999984223],[-87.467260999978848,30.332827000106882],[-87.467079000403942,30.332900000044056],[-87.466279000337792,30.333000000379414],[-87.465478000446709,30.333199999968528],[-87.464878000397093,30.333299999997575],[-87.464377999906588,30.333499999749225],[-87.464057000414527,30.333605999793104],[-87.463777999856973,30.333699999867722],[-87.463278000264765,30.333900000353065],[-87.463129000301848,30.333948999843646],[-87.462977999790795,30.33399999966716],[-87.461278000099355,30.335199999752717],[-87.461078000082793,30.33530000006516],[-87.460777999608837,30.335599999614391],[-87.460377999575755,30.336000000167786],[-87.459978000440998,30.336299999898053],[-87.459677999967028,30.33660000025975],[-87.459277999933931,30.336999999828954],[-87.458877999900864,30.337499999705859],[-87.458477999867782,30.337900000249849],[-87.458077999834686,30.338400000182137],[-87.457677999801618,30.338800000150055],[-87.457277999768536,30.339200000034236],[-87.45687799973544,30.3397000003046],[-87.456277999685824,30.340200000347036],[-87.45577800009363,30.340700000161473],[-87.455378000060549,30.341199999747904],[-87.454978000027467,30.341599999904048],[-87.454478000435259,30.342100000320261],[-87.454177999961303,30.342399999964282],[-87.453777999928221,30.342799999868362],[-87.453678000369109,30.342799999868362],[-87.453678000369109,30.342899000082639],[-87.453377999895139,30.34309900038226],[-87.452977999862057,30.343498999755607],[-87.452278000253315,30.344098999626866],[-87.451977999779345,30.344499000340242],[-87.451577999746263,30.344998999902181],[-87.451377999729729,30.345298999963813],[-87.45107800015407,30.345598999881084],[-87.450977999696647,30.346199000057826],[-87.450961999803113,30.346262000343611],[-87.450878000137536,30.346598999941016],[-87.450777999680099,30.346998999739753],[-87.450878000137536,30.347598999861013],[-87.450977999696647,30.347999000223854],[-87.450977999696647,30.348798999920731],[-87.45107800015407,30.349498999620277],[-87.45107800015407,30.350098999917755],[-87.45107800015407,30.350999000055115],[-87.45107800015407,30.351498999741501],[-87.45107800015407,30.351898999666485],[-87.451177999713181,30.352498999976316],[-87.451177999713181,30.352898999689153],[-87.451177999713181,30.353398999743789],[-87.451278000170603,30.353999000157316],[-87.451377999729729,30.354899000079833],[-87.451577999746263,30.355898999671563],[-87.451777999762811,30.356698999891972],[-87.451777999762811,30.357498999771448],[-87.451878000220219,30.358299000084983],[-87.451977999779345,30.359198999981075],[-87.451977999779345,30.359798999703891],[-87.451977999779345,30.360299000149531],[-87.451977999779345,30.36109900004201],[-87.452078000236781,30.361899000367327],[-87.451977999779345,30.362498999805137],[-87.451878000220219,30.36339899981143],[-87.451777999762811,30.363999000123425],[-87.451777999762811,30.364598999854774],[-87.451878000220219,30.364998999697544],[-87.451777999762811,30.365898999950051],[-87.451478000187151,30.366698999766072],[-87.451377999729729,30.366998999947466],[-87.451377999729729,30.36719899981545],[-87.450177999630483,30.36879900030937],[-87.449977999613935,30.369298999696532],[-87.449777999597401,30.369598999651714],[-87.449377999564319,30.370099000373312],[-87.44907799998866,30.370399000199033],[-87.448778000413014,30.370599000088149],[-87.448477999939044,30.370898999929747],[-87.447978000346836,30.371198999625918],[-87.447677999872866,30.371498999951648],[-87.447378000297206,30.371698999915722],[-87.446978000264139,30.371999000257279],[-87.446578000231057,30.372298999678293],[-87.446178000197961,30.372698999799425],[-87.445978000181441,30.372898999633808],[-87.445477999690922,30.373298999625138],[-87.444978000098715,30.373699000304889],[-87.444277999591677,30.374099000123042],[-87.444077999575129,30.374399000075094],[-87.443678000440372,30.374799000129091],[-87.443478000423823,30.375099000258061],[-87.44288400022198,30.375199000096426],[-87.441823000039903,30.376304000373736],[-87.441659999833306,30.376499000311316],[-87.44157799981754,30.376599000267529],[-87.441535000159817,30.376663000092837],[-87.441377999800977,30.376899000297314],[-87.440878000208784,30.377598999627775],[-87.440577999734813,30.377998999762344],[-87.439977999685198,30.378798999770467],[-87.439878000126086,30.378898999698574],[-87.439377999635568,30.379897999842697],[-87.439078000059922,30.380197999821672],[-87.43867800002684,30.380798000116897],[-87.438577999569389,30.380997999655083],[-87.438478000010292,30.381198000333942],[-87.438478000010292,30.381397999828479],[-87.438478000010292,30.381797999914664],[-87.43867800002684,30.382098000261053],[-87.439078000059922,30.382898000040573],[-87.439377999635568,30.383298000186805],[-87.439777999668664,30.383898000048571],[-87.439878000126086,30.384198000147808],[-87.440177999701731,30.384597999622411],[-87.440278000159168,30.384897999897479],[-87.440678000192264,30.386098000311524],[-87.440878000208784,30.386698000029135],[-87.441078000225332,30.387697999895067],[-87.441078000225332,30.387997999951352],[-87.441177999784443,30.388597999625187],[-87.441078000225332,30.388997999685429],[-87.441078000225332,30.389798000317235],[-87.441078000225332,30.389998000032783],[-87.440777999751361,30.390998000218001],[-87.440678000192264,30.391497999959086],[-87.439878000126086,30.392798000327126],[-87.439478000093018,30.393497999677727],[-87.438577999569389,30.394597999813268],[-87.43807799997721,30.395097999724598],[-87.437277999911046,30.395897999992918],[-87.436877999877964,30.39619799966334],[-87.435978000252689,30.396598000373423],[-87.435477999762185,30.396898000218368],[-87.434677999696007,30.397197999916688],[-87.434578000136909,30.397298000386151],[-87.434277999662939,30.397498000243157],[-87.434077999646391,30.397797999648141],[-87.433477999596761,30.398898000171748],[-87.433277999580227,30.39939799976548],[-87.432978000004582,30.40039799979623],[-87.432878000445456,30.400898000233088],[-87.432278000395826,30.402098000134135],[-87.432078000379306,30.402398000129661],[-87.431878000362758,30.402997999680036],[-87.431777999905336,30.403198000260439],[-87.43137799987224,30.403798000318648],[-87.431278000313142,30.404097999739918],[-87.43087800028006,30.404798000228499],[-87.430793999716158,30.404909000077442],[-87.43057799980609,30.405197999804077],[-87.430177999772994,30.405697999680775],[-87.429777999739926,30.406198000096047],[-87.429577999723378,30.406497999890867],[-87.429478000164266,30.406598000134093],[-87.428377999624132,30.407598000032362],[-87.427777999574502,30.408098000014149],[-87.427477999998857,30.408398000168624],[-87.426877000124335,30.408797999715222],[-87.426776999666885,30.408797999715222],[-87.426376999633803,30.409098000042821],[-87.426176999617269,30.409197999947153],[-87.425877000041609,30.409297999749043],[-87.425576999567639,30.409398000223188],[-87.425076999975431,30.409497999820214],[-87.424977000416334,30.409598000089542],[-87.424777000399786,30.409598000089542],[-87.424476999925815,30.409698000256434],[-87.424377000366718,30.409798000320833],[-87.423676999859666,30.409898000282862],[-87.42327699982657,30.409998000142433],[-87.422676999776954,30.410097999899566],[-87.422276999743872,30.410097999899566],[-87.421577000135144,30.410198000328958],[-87.421177000102048,30.410198000328958],[-87.420577000052432,30.410198000328958],[-87.420177000019351,30.410198000328958],[-87.419477000410623,30.410198000328958],[-87.419176999936653,30.410198000328958],[-87.418576999887023,30.410097999899566],[-87.418376999870489,30.410097999899566],[-87.417976999837393,30.409998000142433],[-87.417677000261747,30.409998000142433],[-87.417176999771243,30.409898000282862],[-87.416677000179035,30.409698000256434],[-87.415677000096338,30.409497999820214],[-87.415277000063256,30.409398000223188],[-87.414576999556203,30.409297999749043],[-87.414177000421432,30.409197999947153],[-87.413577000371816,30.408998000036064],[-87.413177000338735,30.408998000036064],[-87.412476999831682,30.408897999926857],[-87.412177000256023,30.408897999926857],[-87.411476999748956,30.408797999715222],[-87.411076999715888,30.408797999715222],[-87.410676999682806,30.408797999715222],[-87.410377000107161,30.408797999715222],[-87.409577000040997,30.408797999715222],[-87.409377000024435,30.408797999715222],[-87.408877000432255,30.408797999715222],[-87.408477000399159,30.408897999926857],[-87.407776999892121,30.408897999926857],[-87.407376999859039,30.408998000036064],[-87.406477000233764,30.409197999947153],[-87.406077000200668,30.409197999947153],[-87.405677000167586,30.409398000223188],[-87.405277000134518,30.409497999820214],[-87.404776999644014,30.409598000089542],[-87.403476999985656,30.410198000328958],[-87.402977000393449,30.410398000105733],[-87.402777000376901,30.410598000247475],[-87.402276999886396,30.410998000076415],[-87.401777000294203,30.411397999815676],[-87.401276999803684,30.411997999837478],[-87.400977000228039,30.412297999627423],[-87.400577000194957,30.412898000314758],[-87.400476999737521,30.413197999662675],[-87.400377000178409,30.413398000265175],[-87.400276999720987,30.413497999637958],[-87.398776000221162,30.415097999685223],[-87.398475999747205,30.415497999665838],[-87.397675999681027,30.415998000241334],[-87.397376000105382,30.416298000131722],[-87.396275999565262,30.417197000364748],[-87.395676000413957,30.417597000263903],[-87.394575999873808,30.418097000156251],[-87.393975999824178,30.418297000015674],[-87.393175999758014,30.418497000239814],[-87.392575999708399,30.41869700005406],[-87.390576000441285,30.419196999733057],[-87.390275999967315,30.419297000136098],[-87.389475999901165,30.419596999955637],[-87.389075999868069,30.419696999948769],[-87.388075999785386,30.4199970000879],[-87.387675999752304,30.420096999671109],[-87.386776000127028,30.42039700012975],[-87.386376000093932,30.420497000077702],[-87.385475999570346,30.420996999829395],[-87.384876000419027,30.421296999844984],[-87.384348000339443,30.421612999855459],[-87.383876000336343,30.421897000207572],[-87.383375999845825,30.422097000024973],[-87.382575999779661,30.422597000098754],[-87.382076000187467,30.422896999842749],[-87.380876000088222,30.423796999737114],[-87.380076000022058,30.424296999619909],[-87.378675999906264,30.425196999768232],[-87.378376000330604,30.425396999792557],[-87.377576000264455,30.426097000134614],[-87.377275999790484,30.426396999960936],[-87.37647599972432,30.427097000099028],[-87.376176000148661,30.427297000101181],[-87.375376000082497,30.427996999977921],[-87.375275999625075,30.428096999882278],[-87.375075999608526,30.428196999684079],[-87.374976000049415,30.428347000356442],[-87.374976000049415,30.428302000101464],[-87.373149999961271,30.429397000153745],[-87.371169000062437,30.430490000374473],[-87.369383000157285,30.431947999915444],[-87.368190999555637,30.433407000059681],[-87.367440999718184,30.434494999866672],[-87.366591000321606,30.436648000151155],[-87.36693899957784,30.440479999715954],[-87.368680000175502,30.444630999734926],[-87.370768000204436,30.446864999983916],[-87.374976000049415,30.448465000296302],[-87.374976000049415,30.448547000191436],[-87.375001000163778,30.448558999887005],[-87.375075999608526,30.448597000074745],[-87.375576000099045,30.448696999764461],[-87.37587599967469,30.448797000125914],[-87.376675999740868,30.448996999766678],[-87.377075999773936,30.449096999820394],[-87.377675999823566,30.449296999620007],[-87.377776000280988,30.449296999620007],[-87.378209999750936,30.449383000228533],[-87.378275999873182,30.449397000140348],[-87.378675999906264,30.449597000098723],[-87.379176000396768,30.449697000311275],[-87.379475999972428,30.449697000311275],[-87.379975999564635,30.449896999654108],[-87.380375999597703,30.449896999654108],[-87.381175999663881,30.450097000135329],[-87.381476000137852,30.450097000135329],[-87.381876000170919,30.450097000135329],[-87.382175999746579,30.450097000135329],[-87.382975999812743,30.450097000135329],[-87.383575999862373,30.450196999834805],[-87.384375999928537,30.450297000206156],[-87.384575999945071,30.450297000206156],[-87.385175999994686,30.450396999700409],[-87.385376000011235,30.450396999700409],[-87.385675999586894,30.450396999700409],[-87.385776000044302,30.450396999700409],[-87.386309000146781,30.450396999700409],[-87.386376000093932,30.450396999700409],[-87.386776000127028,30.450396999700409],[-87.38690499999845,30.450396999700409],[-87.387776000209726,30.450396999700409],[-87.387875999768838,30.450396999700409],[-87.388475999818453,30.450596999930024],[-87.38887599985155,30.450796999749215],[-87.389776000375136,30.451097000257256],[-87.38997600039167,30.4511969997051],[-87.390775999559523,30.451296999824805],[-87.391276000050041,30.451496999756273],[-87.391975999658769,30.451597000342499],[-87.392276000132739,30.451597000342499],[-87.393077000023808,30.451597000342499],[-87.393477000056905,30.451496999756273],[-87.393877000089972,30.45139699984184],[-87.394176999665632,30.45139699984184],[-87.395077000189218,30.451097000257256],[-87.395376999764878,30.450996999932393],[-87.396477000305026,30.45069699989094],[-87.396877000338094,30.450596999930024],[-87.397027000125931,30.450596999930024],[-87.397109999966602,30.450596999930024],[-87.397776999963369,30.450596999930024],[-87.397976999979917,30.450596999930024],[-87.398577000029547,30.45069699989094],[-87.398876999605193,30.450796999749215],[-87.399577000112231,30.450897000279291],[-87.399777000128793,30.450996999932393],[-87.399876999687905,30.450996999932393],[-87.400076999704439,30.451097000257256],[-87.401076999787151,30.451496999756273],[-87.401676999836766,30.451697000051723],[-87.402777000376901,30.452097000185702],[-87.403177000409997,30.452297000024235],[-87.403877000018724,30.452497000226725],[-87.404277000051806,30.45269700001877],[-87.404302999991074,30.452709999716134],[-87.404313000036822,30.452714999956694],[-87.404677000084902,30.452897000174694],[-87.404877000101422,30.453096999920213],[-87.405277000134518,30.453696999791511],[-87.405477000151052,30.453996999890556],[-87.40597699974326,30.454596999641105],[-87.406176999759793,30.454897000066907],[-87.406677000250298,30.455397000014813],[-87.406976999825943,30.455697000300788],[-87.40767700033301,30.456296999650537],[-87.407877000349544,30.45639600025677],[-87.408677000415707,30.456695999790085],[-87.409276999567027,30.456795999687355],[-87.410577000123681,30.456896000256407],[-87.411076999715888,30.456896000256407],[-87.411977000239489,30.456896000256407],[-87.412476999831682,30.456896000256407],[-87.413076999881298,30.456896000256407],[-87.41347699991438,30.456995999948404],[-87.41377700038835,30.456995999948404],[-87.41383799958939,30.457021999743144],[-87.414476999997092,30.457295999957491],[-87.414677000013626,30.457295999957491],[-87.414877000030174,30.45749599996654],[-87.414919999687868,30.457538999760022],[-87.414929999733616,30.457548999745292],[-87.41547700007979,30.458095999853686],[-87.415677000096338,30.45819599986282],[-87.415976999671997,30.458695999917698],[-87.415976999671997,30.458896000150389],[-87.416376999705065,30.459395999710217],[-87.416677000179035,30.459696000072842],[-87.416776999738147,30.459895999801414],[-87.416877000195583,30.459895999801414],[-87.417677000261747,30.460896000028747],[-87.417776999820859,30.461095999616816],[-87.418678000169351,30.461596000275055],[-87.419078000202447,30.461896000057624],[-87.419878000268596,30.462195999690667],[-87.420377999860804,30.462395999707091],[-87.421177999926968,30.46269600012333],[-87.421478000400938,30.462796000056702],[-87.42217800000968,30.463196000312475],[-87.422677999601873,30.463595999700058],[-87.42357800012546,30.464295999902461],[-87.423677999684571,30.464395999741946],[-87.423995999701901,30.464662000100606],[-87.424277999734201,30.464895999722408],[-87.424578000208172,30.465196000182182],[-87.425077999800365,30.465595999874079],[-87.425277999816913,30.465795999878331],[-87.425778000307403,30.466295999640824],[-87.426077999883063,30.466595999660001],[-87.426677999932693,30.467196000023339],[-87.426778000390129,30.467295999982603],[-87.427077999965775,30.467496000367479],[-87.427277999982309,30.46779599978754],[-87.427777999574502,30.46839599972677],[-87.42797799959105,30.468696000245917],[-87.428040000413645,30.468769000116311],[-87.42857799964068,30.469396000186219],[-87.428878000114651,30.469795999662843],[-87.42937799970683,30.470395999668575],[-87.429577999723378,30.470595999881319],[-87.429777999739926,30.471095999777482],[-87.429878000197334,30.471395999721739],[-87.429878000197334,30.47159600020343],[-87.430078000213896,30.471995999934524],[-87.430177999772994,30.472696000155732],[-87.430177999772994,30.472815000289046],[-87.430177999772994,30.473096000013705],[-87.430177999772994,30.474096000212004],[-87.430177999772994,30.474295999793444],[-87.430177999772994,30.475195999794281],[-87.43027800023043,30.475696000071132],[-87.430316999690177,30.475834000221841],[-87.430478000246964,30.476396000015939],[-87.43057799980609,30.476596000292396],[-87.430977999839172,30.477096000347384],[-87.431278000313142,30.477295999960059],[-87.431577999888788,30.477696000275383],[-87.431977999921855,30.477896000203899],[-87.432577999971485,30.478196000100393],[-87.432878000445456,30.478296000376595],[-87.433677999613309,30.478595999814733],[-87.433778000070731,30.478695999680046],[-87.433978000087279,30.478796000216771],[-87.434277999662939,30.478895999876656],[-87.434677999696007,30.479195999788352],[-87.434778000153443,30.479295999811548],[-87.435277999745622,30.479896000115932],[-87.435578000219593,30.480495999818899],[-87.435477999762185,30.480896000146934],[-87.435477999762185,30.481095999694535],[-87.435276999920731,30.481395000349842],[-87.435228000415236,30.48149599987952],[-87.435178000186525,30.481595999862485],[-87.434978000169977,30.481796000294356],[-87.434794000046978,30.481887999813118],[-87.434578000136909,30.481996000315313],[-87.434467999633725,30.481996000315313],[-87.434378000120347,30.481996000315313],[-87.434277999662939,30.481996000315313],[-87.434077999646391,30.482195999925313],[-87.434077999646391,30.482395999898561],[-87.433378000037663,30.483296000111679],[-87.433277999580227,30.483595999623695],[-87.433126000142579,30.483850000185662],[-87.432978000004582,30.484096000110199],[-87.432878000445456,30.484296000050115],[-87.432978000004582,30.484895999726326],[-87.433178000021101,30.485496000348512],[-87.433677999613309,30.486296000068975],[-87.433778000070731,30.486595999623471],[-87.433971000414587,30.486981999728354],[-87.434077999646391,30.487195999828739],[-87.434040999836469,30.487287999662122],[-87.433877999629857,30.487695999625355],[-87.43366500009283,30.487909000326809],[-87.433578000054197,30.48799600028298],[-87.433178000021101,30.488195999949532],[-87.432870000049547,30.488195999949532],[-87.432078000379306,30.488195999949532],[-87.431478000329676,30.488095999780583],[-87.43087800028006,30.487796000205346],[-87.430494000140499,30.48770000023886],[-87.430478000246964,30.487695999625355],[-87.430038000030919,30.487506999866419],[-87.429777999739926,30.487396000365276],[-87.429577999723378,30.487396000365276],[-87.429258000056237,30.487396999747652],[-87.429177999690296,30.487396000365276],[-87.42909599967453,30.487478000002035],[-87.428977999673748,30.487595999716724],[-87.428777999657214,30.487796000205346],[-87.42857799964068,30.488095999780583],[-87.428458999814978,30.488333000037439],[-87.428377999624132,30.488495999839845],[-87.428377999624132,30.488696000027055],[-87.428377999624132,30.488751000141963],[-87.428377999624132,30.488892000012971],[-87.428377999624132,30.489032999679736],[-87.428377999624132,30.489095999942407],[-87.428377999624132,30.489195999857881],[-87.428437999898577,30.489378000028569],[-87.428477000256649,30.48949599976174],[-87.428502000370997,30.48954500016649],[-87.42857799964068,30.489696000215954],[-87.42895400028263,30.490069000282272],[-87.428980000221898,30.490094999762494],[-87.42907800013117,30.490196000327227],[-87.429104000070453,30.490204999927961],[-87.42937799970683,30.490295999886378],[-87.429777999739926,30.490596000269434],[-87.429868999976506,30.490686999862199],[-87.429878000197334,30.490696000191562],[-87.42997799975646,30.490696000191562],[-87.43027800023043,30.490796000010985],[-87.43057799980609,30.491095999626598],[-87.43073199979186,30.491404000013947],[-87.430777999822624,30.491495999739474],[-87.43107800029658,30.49179600029326],[-87.431278000313142,30.492095999922029],[-87.431478000329676,30.492596000086063],[-87.431567999843054,30.492730999968508],[-87.43167800034621,30.492896000344491],[-87.431777999905336,30.493396000267783],[-87.431878000362758,30.49369600038175],[-87.431823000111166,30.494196000064058],[-87.431777999905336,30.494594999735135],[-87.43167800034621,30.494895000022229],[-87.431177999855706,30.495794999977353],[-87.430998999755573,30.496063999898471],[-87.430977999839172,30.496094999660269],[-87.430478000246964,30.496595000172189],[-87.43057799980609,30.497194999871162],[-87.430678000263512,30.497594999678654],[-87.43087800028006,30.498095000221223],[-87.430977999839172,30.498295000028243],[-87.431021000395177,30.498331000073687],[-87.431577999888788,30.498795000068906],[-87.431977999921855,30.498994999984792],[-87.432478000412388,30.499094999788525],[-87.432978000004582,30.499195000263434],[-87.433127999792404,30.4992249997667],[-87.433477999596761,30.499294999861565],[-87.433677999613309,30.499395000130921],[-87.433877999629857,30.499495000297468],[-87.433978000087279,30.499595000361147],[-87.43451799986245,30.500244999817486],[-87.434548999824585,30.500313999928686],[-87.434650000106927,30.500536000290861],[-87.435261999852116,30.501466000275339],[-87.435866000099693,30.50200399974349],[-87.436162000375703,30.502206000035628],[-87.436508999807032,30.502452999995104],[-87.436712000196621,30.502983000225896],[-87.437174999978879,30.503726000019793],[-87.437676000294303,30.504630000228172],[-87.43826899977293,30.505357000274696],[-87.438845000431414,30.505841000146436],[-87.439197999710515,30.50623700014944],[-87.439689999805125,30.506649000199882],[-87.440386000114202,30.506626000376464],[-87.441139000324696,30.506651000116982],[-87.441901999682628,30.506724000158449],[-87.442421000439722,30.506772999625419],[-87.442902999590231,30.506778000185648],[-87.442927999704594,30.506778000185648],[-87.443219999782656,30.506782000014486],[-87.443925000312575,30.507202999653938],[-87.44471399960976,30.507494000205337],[-87.445056999741439,30.508195999626654],[-87.446069000418021,30.508866999846514],[-87.446476999948715,30.509455999688161],[-87.447173000257806,30.509924999634485],[-87.447190999801137,30.509942999828226],[-87.44728100021284,30.510032999973298],[-87.447344999786949,30.510097999639225],[-87.447651000108692,30.510407000147861],[-87.447660000329535,30.510416000200543],[-87.447702000162323,30.51045799991947],[-87.447717000230938,30.510504999988854],[-87.447721000428885,30.510516999788841],[-87.447725999553441,30.510533999954426],[-87.447785000002995,30.510728000222333],[-87.447800999896529,30.510779999741679],[-87.447860000346068,30.510969999862336],[-87.447866000193855,30.510991000378343],[-87.447877999889414,30.511031000021923],[-87.44791399987443,30.511820999671787],[-87.447978000346836,30.512564000042438],[-87.447934999790832,30.512978000158306],[-87.44792700029322,30.51305700022316],[-87.448354999915395,30.513740000350193],[-87.44903199995791,30.514219999988605],[-87.449765999901828,30.514471999778756],[-87.449840000419996,30.514470999900631],[-87.449892000298519,30.514470000022531],[-87.450370999974339,30.514462000223308],[-87.450023999644685,30.514912000094228],[-87.449781999795348,30.515226000132323],[-87.449122000369584,30.515300999666046],[-87.448528999992675,30.515053999837811],[-87.448019000354734,30.514602000096854],[-87.447322000220723,30.513871999867895],[-87.446677999790168,30.513654000087243],[-87.445629000201976,30.513657999633228],[-87.44495299998438,30.513763000038665],[-87.44452399963896,30.514247999739588],[-87.444424999904768,30.514906999952327],[-87.444562000172112,30.515330999618076],[-87.444985999596327,30.515491000237883],[-87.4458149999748,30.515386000151047],[-87.446404000153763,30.514753999819668],[-87.446758999981014,30.51460600037769],[-87.446962000370618,30.51464899971063],[-87.44726799979405,30.515044000342222],[-87.447271000167092,30.515601000317758],[-87.447173000257806,30.516407000032199],[-87.44690399974597,30.516773999922165],[-87.446498999690021,30.516995000001383],[-87.446127000144358,30.51696700026779],[-87.44572000043857,30.516895000031294],[-87.445568999927517,30.51708599966037],[-87.445452999576574,30.517671999701182],[-87.445726000286371,30.51818400034465],[-87.44588100009706,30.518666999986369],[-87.446020999839135,30.519720999846367],[-87.446413000374605,30.520379000282503],[-87.447144999770387,30.521256000188902],[-87.447282999862651,30.521973000173531],[-87.447206999694686,30.522198000007531],[-87.447099999564557,30.522515999678927],[-87.447066000127691,30.522540999976432],[-87.44629000035097,30.523147999840109],[-87.44507500018311,30.523856000213314],[-87.444669000302241,30.523754999781456],[-87.444261999698142,30.523608999684228],[-87.443922999764425,30.523567000230418],[-87.443788000045217,30.523625999881755],[-87.443805999588577,30.523948000193528],[-87.444076999750237,30.524207000292513],[-87.444645999837689,30.524492000045861],[-87.444855999899985,30.524711000054044],[-87.444947999961485,30.524870999935317],[-87.445049000243827,30.52504699973257],[-87.445118999665723,30.525432999684075],[-87.445204999879451,30.525710999825982],[-87.445353000017448,30.525969000108965],[-87.445664000362072,30.526237000373325],[-87.445998000272908,30.526377000309896],[-87.446974000066177,30.526457000072561],[-87.447164999861897,30.526353999737282],[-87.447266000144225,30.526172999649788],[-87.447265000319305,30.525928999648034],[-87.447111000333535,30.525563000044258],[-87.446923000012546,30.525186999836048],[-87.447035000165556,30.525005999896219],[-87.447237999656821,30.524941999909476],[-87.447655000306654,30.524897000171631],[-87.447970999775848,30.524944999994421],[-87.448134999807351,30.525080999621462],[-87.448152000424102,30.525158000372862],[-87.448183000386265,30.525296000009142],[-87.448205000127558,30.52551399998843],[-87.447979999996662,30.526607000320553],[-87.447723000078724,30.527089999886215],[-87.447465000335853,30.527349999867841],[-87.44718699960319,30.527349999867841],[-87.446827999577991,30.527282999864752],[-87.446649000376169,30.527214000321361],[-87.446250000167993,30.527199000245911],[-87.445912999884087,30.527371999685581],[-87.445677999707456,30.528286000231404],[-87.445102999772203,30.528909000119583],[-87.444725000378739,30.528892999802316],[-87.444544999555362,30.528737999784187],[-87.444443000346425,30.528222000083712],[-87.444402000338556,30.527843000110217],[-87.444142999872454,30.527843000110217],[-87.443646999579897,30.528137999729143],[-87.443369999570464,30.528673000202197],[-87.443074000192794,30.529088000297524],[-87.442618999908106,30.529762000161671],[-87.442639999824507,30.529967999687766],[-87.442899000290595,30.530087999901518],[-87.443316999867037,30.530052000007682],[-87.443814999809391,30.530068000134076],[-87.4441939999261,30.53027300006957],[-87.444197000299141,30.53092800034247],[-87.443901000023118,30.531481000227448],[-87.443165000429374,30.531689999854063],[-87.442546999938088,30.531450999844299],[-87.441967999804874,30.531056000125734],[-87.44198600024653,30.530608000146582],[-87.442043000147933,30.530142999820935],[-87.441941999865605,30.529867000192581],[-87.44170300038931,30.529746999705875],[-87.44118500035546,30.529748999921498],[-87.440468999954874,30.529820999920307],[-87.43949499981143,30.530167999703735],[-87.438958000409315,30.530291000364048],[-87.43889899995979,30.530395000108907],[-87.438919000051257,30.53046300000096],[-87.439139999984206,30.530841999813063],[-87.439459999651348,30.531151000145954],[-87.43985800003459,30.531219000282569],[-87.440277000334262,30.531338000020234],[-87.440576999909908,30.531595000360923],[-87.440597999826309,30.531939999827483],[-87.44033099986261,30.532319999761977],[-87.440232999953338,30.532561999804802],[-87.440254999694631,30.533061000349555],[-87.440372999695413,30.533854999934082],[-87.440377999718294,30.533888000157376],[-87.440701999583382,30.535006999756824],[-87.440745999964307,30.536041000252297],[-87.440767999705628,30.536419999966171],[-87.440791000170165,30.536484000129178],[-87.440848000071568,30.536643999965303],[-87.441147999647228,30.536798000100205],[-87.441566999946872,30.537089000251264],[-87.441568999596697,30.537450999647675],[-87.441370000303394,30.537590000032043],[-87.441012000103086,30.537660000356201],[-87.440615000443074,30.537781999629061],[-87.440176999876812,30.537955999975669],[-87.43985899985951,30.538111999621155],[-87.439859999684415,30.538284000110369],[-87.43992099978378,30.538439000371316],[-87.440239999626016,30.538523999960077],[-87.440539000275081,30.538678000208922],[-87.440600000374445,30.538954000335263],[-87.440402999832642,30.539386000371195],[-87.440027000089003,30.539989999821806],[-87.43975000007957,30.540300999678841],[-87.439570000154518,30.540232999710607],[-87.439550000063022,30.54007799999183],[-87.439607999789345,30.539852999785221],[-87.439667000238899,30.539560000165146],[-87.439646000322497,30.539423000295681],[-87.439467000222351,30.539370999854118],[-87.439247999939241,30.539389000010111],[-87.438872000195587,30.539872999859092],[-87.438555000003177,30.540252999706233],[-87.438335999720081,30.540340000025971],[-87.438276000343933,30.540288999687906],[-87.438155999795029,30.540100000021905],[-87.437917000318748,30.540065999973351],[-87.437658999677566,30.540136000060315],[-87.437279999560872,30.540136999674377],[-87.436981999635037,30.540154999688379],[-87.436822999626386,30.540242000095986],[-87.436784999991545,30.540724999954186],[-87.436666999990763,30.541086999724278],[-87.436369999889848,30.541329000361117],[-87.43639099980625,30.541535999714284],[-87.436491000263672,30.54163900019984],[-87.436729999739953,30.541689999828975],[-87.437386999691,30.541756999953279],[-87.437427999698897,30.541998000099241],[-87.437190000047508,30.542188000306272],[-87.436793000387468,30.54251699966342],[-87.436754999854315,30.542809999645787],[-87.436416999745518,30.543001000169603],[-87.436217999553875,30.542949999681685],[-87.435978000252689,30.542863999738795],[-87.435678999603638,30.542659000071588],[-87.435440000127343,30.542711000299903],[-87.435321000301656,30.542867000043977],[-87.435403000317422,30.543279999907142],[-87.435344999692774,30.543589999706811],[-87.43530500040815,30.54367700013163],[-87.43530500040815,30.543728000237692],[-87.435346000416018,30.543883000319816],[-87.435506000249589,30.543985999863139],[-87.435903999734535,30.54403699980692],[-87.436342000300755,30.544087000150579],[-87.436619000310188,30.543688999703893],[-87.436738999960795,30.543688999703893],[-87.436719999694219,30.543912999957708],[-87.436641999876414,30.544223999629445],[-87.436662999792816,30.544620000294742],[-87.436465000324418,30.54491399968548],[-87.436246000041294,30.544932000361278],[-87.436147000307088,30.544948999922024],[-87.436148000132007,30.545156000068509],[-87.436209000231386,30.54551800034038],[-87.435991999598073,30.545932000086847],[-87.435734999680136,30.546295000110661],[-87.43533700019519,30.546279000336416],[-87.435266000050078,30.546310000331804],[-87.435240999935715,30.546321000028335],[-87.435178000186525,30.546348000262721],[-87.435077999729103,30.546400000062679],[-87.435078999554008,30.546554999747514],[-87.435379999852898,30.54705400034635],[-87.435360999586322,30.547381999922852],[-87.435203000300888,30.547641000206539],[-87.434906000199973,30.547866000160901],[-87.434896999979131,30.548106999843089],[-87.435039000269342,30.548709999675413],[-87.435119999561891,30.549089000230623],[-87.434882999735436,30.549434000217023],[-87.433050999799505,30.54957800037343],[-87.431858000271262,30.549772000052947],[-87.431182000053667,30.550015000217197],[-87.43092400031081,30.550273999665212],[-87.430824999678293,30.550498999706036],[-87.430708000400742,30.550946999991375],[-87.430390000383412,30.551190000308722],[-87.429437000156369,30.551744000356013],[-87.428883000137503,30.552452999886963],[-87.42854500002872,30.552625999987082],[-87.428129000102103,30.553092999929582],[-87.427554000166836,30.553680999880214],[-87.42729800007379,30.554285000141181],[-87.427159999981541,30.554784999921463],[-87.427001999797795,30.555043999792797],[-87.427024000437413,30.555353999933853],[-87.427202999639235,30.555473999722604],[-87.427243999647132,30.555731999848977],[-87.427010000193704,30.556749999748234],[-87.4268899996448,30.556785000358847],[-87.426790999910594,30.556785000358847],[-87.426709999719748,30.556613000154154],[-87.426549000061257,30.556216999675325],[-87.426488999786784,30.556147999801677],[-87.42628999959517,30.556149000024408],[-87.4260529997687,30.556476999812443],[-87.425636000017192,30.55691000022642],[-87.425657999758499,30.557288999707108],[-87.425937000316083,30.557425999894058],[-87.426395999900393,30.557492999988479],[-87.426357000440632,30.557872000286583],[-87.426405000121207,30.558292999804994],[-87.426447999778915,30.558773999973937],[-87.426316000432749,30.558963999837328],[-87.426071000210385,30.559107999779059],[-87.425773000284536,30.559276000214581],[-87.425661999956461,30.559782000146672],[-87.425359000007759,30.560311000032176],[-87.425107000112675,30.560357999964374],[-87.424759999783049,30.559973999950085],[-87.424773000201824,30.559854000310843],[-87.424718999775166,30.559733000337427],[-87.424585999705755,30.55967599978624],[-87.424341000381702,30.559630999897394],[-87.424194999893516,30.559712000301097],[-87.424076000067842,30.559879000280141],[-87.423917999884097,30.560275999919728],[-87.423886000097042,30.560487999987508],[-87.42405299960329,30.560775000373923],[-87.4239749997855,30.560958999921741],[-87.423662999615956,30.561006000313618],[-87.423536000292671,30.56090899975964],[-87.423369999713003,30.560835000029375],[-87.423244000214623,30.560875000036901],[-87.423239000191742,30.561277999715095],[-87.423127000038761,30.561484999849192],[-87.423008000213073,30.561491000081929],[-87.422895000235144,30.561428000327158],[-87.422754999594758,30.561278999884955],[-87.422574999669706,30.56112999998744],[-87.422354999561691,30.560970000278822],[-87.422194999728106,30.560763999994734],[-87.422187000230508,30.560487999987508],[-87.422205999598773,30.560194999986823],[-87.422085999948166,30.560115000168139],[-87.421912999695806,30.560127000029148],[-87.421788000022332,30.560334000298074],[-87.421768999755756,30.560668000148535],[-87.421697999610657,30.560989999870085],[-87.421598000051546,30.561029999813705],[-87.421538999601992,30.561024000326004],[-87.421439000042866,30.560979000288739],[-87.421352000004248,30.560904999838389],[-87.421252000445136,30.560789999904483],[-87.421165000406489,30.560647000314553],[-87.421071999621745,30.560548999997813],[-87.420926000031884,30.560526999960491],[-87.42071299959656,30.560545000061726],[-87.420500999884453,30.560621000366485],[-87.419937999644745,30.561056999824384],[-87.419597999886136,30.561306999995914],[-87.419213999746574,30.561327000291186],[-87.418980000293146,30.561474999718381],[-87.418545000099968,30.561994000352563],[-87.418268000090535,30.562104999761189],[-87.418011999997503,30.562105999922586],[-87.417916999562948,30.562253999708574],[-87.417928000331912,30.56240200004234],[-87.418186000074783,30.562715000349559],[-87.418325999816858,30.563027999647044],[-87.418299999877604,30.563268000208723],[-87.418046000332694,30.563693000101438],[-87.417982999685179,30.563980000289934],[-87.41822000040996,30.564422000175604],[-87.418467000282163,30.5648090000041],[-87.418308000273512,30.565105000386033],[-87.417965999966754,30.565050000158635],[-87.417837000095304,30.564847999787276],[-87.417740000010923,30.564616999712523],[-87.417591000048006,30.564489000080528],[-87.417377999612697,30.564673999681617],[-87.417294999772011,30.565116999629858],[-87.417294999772011,30.565246000109298],[-87.417103999976305,30.565533000344722],[-87.416827999791764,30.565837999623866],[-87.416402999644347,30.566034000302992],[-87.416137000403864,30.5661449997306],[-87.416148000274518,30.566293000316787],[-87.416560000003173,30.56655899967393],[-87.416720999661663,30.566808000251843],[-87.41675400017192,30.567149000239347],[-87.416664999585166,30.567441000017659],[-87.41662799977523,30.567564999975556],[-87.416596999813095,30.567905999622489],[-87.416714999813863,30.56804499971534],[-87.417002999693963,30.567988000179906],[-87.417323000259415,30.568005999670454],[-87.417462000176599,30.568152999638873],[-87.417473999872144,30.568476000139306],[-87.417474999697063,30.568707000306844],[-87.41757199978143,30.568927999788219],[-87.417786000041701,30.569065999874002],[-87.418181999876822,30.569415000346943],[-87.418391999939089,30.569755999678225],[-87.418520999810525,30.570133999951633],[-87.418382999718261,30.570272999945679],[-87.418180000226982,30.570180999766034],[-87.417997999753794,30.570033999777081],[-87.417709000048802,30.569822999766565],[-87.417591000048006,30.569839000300302],[-87.417155000029922,30.569897999683569],[-87.417048999724727,30.570110999688559],[-87.417179000319379,30.570378000254305],[-87.417136999588266,30.570691999651824],[-87.416871000347797,30.570756999722779],[-87.4166460002169,30.570638000345074],[-87.416508000124637,30.570610999907018],[-87.416401999819428,30.570749999990962],[-87.416288000016607,30.570973999668119],[-87.416200999977974,30.571147000007379],[-87.416298000062369,30.571552999748281],[-87.416364000184586,30.571950000345172],[-87.416098999870727,30.57237500010082],[-87.41571599955607,30.572670999825906],[-87.415215999963877,30.572756000376973],[-87.414927000258885,30.572619000180051],[-87.41453200024867,30.572508999706834],[-87.414405000027074,30.572776999910175],[-87.414278999630369,30.573312999642202],[-87.414142000261322,30.573617999982545],[-87.413928000001079,30.573562999941309],[-87.413810000000325,30.573444000139155],[-87.413691000174623,30.573037999806274],[-87.413392000423883,30.572945999929011],[-87.413105000368716,30.573012000085207],[-87.41279700039712,30.573298999773428],[-87.412635999840333,30.573390000044288],[-87.41260800025124,30.573405999989593],[-87.412552000174742,30.573437999872308],[-87.412508999618737,30.573471999832762],[-87.412476000006762,30.573497000160064],[-87.412434999998879,30.573527999969187],[-87.412404000036744,30.573552000238738],[-87.41238800014321,30.573565000027752],[-87.412373000074595,30.573566000070937],[-87.412357000181075,30.573580999944195],[-87.412190999601407,30.573716000245863],[-87.412164999662153,30.57376499995366],[-87.411947000102259,30.574169000262881],[-87.41193299985855,30.574245999985408],[-87.411822000428771,30.574878999937162],[-87.411748999735536,30.575358999832947],[-87.411830999751302,30.575575000287078],[-87.411845999819917,30.575709000112184],[-87.411876999782052,30.575696999858341],[-87.412022000445333,30.575864000163733],[-87.412267999594292,30.576148999886371],[-87.412523999687338,30.576485000225755],[-87.412629999992561,30.576704999762011],[-87.412451999717319,30.577120000270579],[-87.412286999860868,30.577133000354728],[-87.412226999586423,30.577068999923611],[-87.412137000073045,30.576913000242662],[-87.41209000021739,30.576538000131542],[-87.412014999874316,30.576395999793448],[-87.411834999949264,30.576319000231219],[-87.411700000230041,30.576344999839122],[-87.411567000160659,30.576747000207352],[-87.411509000434336,30.577123000290172],[-87.411540000396485,30.577395000132373],[-87.411795999591192,30.577795000015573],[-87.411767000177193,30.578002999704932],[-87.411482999596757,30.578055000330956],[-87.411079000264024,30.578057000324705],[-87.410823999995898,30.578147999997821],[-87.410571000275908,30.578342999783192],[-87.410521999872117,30.578510000172074],[-87.410438000206526,30.57879699983042],[-87.410274000174994,30.57893999973389],[-87.410049999869017,30.579043999953022],[-87.409812000217627,30.579395000062522],[-87.409797999973932,30.579731999961275],[-87.410038000173429,30.579885999791344],[-87.410263000304326,30.579834000147244],[-87.410425999612627,30.57958699971697],[-87.410755000398936,30.579495999847548],[-87.410996000423353,30.579844999910719],[-87.410983000004549,30.580362999731616],[-87.410804999729336,30.580622000150996],[-87.410505999978568,30.580739999682688],[-87.410162000021998,30.580961000359238],[-87.409761000163996,30.58157099992038],[-87.409299000206644,30.581986999666526],[-87.409194999551246,30.582323999836465],[-87.409167999787073,30.583010999824921],[-87.409137999649843,30.583044000350235],[-87.408899999998468,30.583310000166957],[-87.408316999667292,30.583545000336901],[-87.408017999916538,30.583701000174596],[-87.408033999810073,30.583947000241469],[-87.408289999903104,30.584375999732256],[-87.408745000187778,30.585132000060259],[-87.408750000210645,30.585140000224545],[-87.409207000145116,30.585441000028286],[-87.409216000365959,30.585447000325743],[-87.409228000061518,30.585454999690668],[-87.409355000283128,30.585852999742368],[-87.409171999985034,30.58607099984749],[-87.408976999991367,30.586202000121801],[-87.408792999868353,30.58632500015328],[-87.408110999802958,30.587202999761484],[-87.407690999678394,30.587458999994091],[-87.40768099963266,30.587465000166631],[-87.40766399991422,30.587474999937836],[-87.407473999943406,30.587589999939205],[-87.407314999934755,30.587896000118945],[-87.407402999798293,30.588088999844121],[-87.407417999866908,30.588122000187433],[-87.407428999737576,30.588125999759551],[-87.407499999882688,30.588150000282376],[-87.408017000091647,30.588323000137454],[-87.408022999939419,30.5883360002661],[-87.40815299963576,30.588618999897562],[-87.408176000100298,30.588670000355371],[-87.408139000290376,30.588720000126148],[-87.407716999617676,30.589274999948106],[-87.407613999685509,30.589410999931061],[-87.407781999914988,30.590107000358952],[-87.40782000044814,30.590265000204468],[-87.407852000235181,30.590966999868478],[-87.407852000235181,30.590977999915339],[-87.407852000235181,30.591011999911476],[-87.407852000235181,30.591022999953175],[-87.407853999885006,30.591074999781895],[-87.407766999846373,30.591351000130725],[-87.407713000318026,30.59152399968529],[-87.407692000401624,30.591590000341345],[-87.407148000428492,30.592299000183925],[-87.40708099958303,30.592386000238108],[-87.406831000236096,30.593373999969085],[-87.40684100028183,30.593418999667669],[-87.406992999719492,30.594072000211021],[-87.407002999765226,30.594757999850643],[-87.407006000138281,30.594963999842616],[-87.407295999668179,30.595552000383549],[-87.407340999874023,30.595642999872258],[-87.407314000109849,30.595904999885878],[-87.407304999889007,30.59598399975393],[-87.40712699961378,30.596238000371276],[-87.405520999633666,30.59736299971194],[-87.405446000188917,30.597415999802021],[-87.405452999861609,30.597521000099142],[-87.40545700005957,30.59754700020666],[-87.405691000411281,30.597830000004031],[-87.405985000139168,30.597978999961391],[-87.406005000230664,30.597989000194183],[-87.406194000376544,30.598083999648395],[-87.40619600002637,30.598136000327546],[-87.406205000247198,30.598370000332174],[-87.405949999979072,30.598526000279104],[-87.405928000237751,30.598540000371088],[-87.405672999969639,30.59855100033149],[-87.40553300022755,30.598556999817308],[-87.40551899998384,30.598564999646619],[-87.405416999876593,30.59862300032264],[-87.405296000401094,30.598692000135031],[-87.405313999944426,30.598777000295936],[-87.405395000135286,30.599167999766024],[-87.405474999602916,30.599331999740475],[-87.405479999625783,30.59934199983363],[-87.4054870001968,30.599357000358125],[-87.405822999757461,30.600047000322395],[-87.40584899969673,30.600101000260192],[-87.406366999730594,30.59998599964052],[-87.406914999901673,30.599863999708013],[-87.407321999607461,30.599974999843042],[-87.407350000094866,30.599981999784596],[-87.407494999859807,30.600175000183309],[-87.407566999829825,30.600271000354589],[-87.407586000096416,30.600844999861227],[-87.407586999921335,30.60086499973421],[-87.407151999728143,30.601526999695391],[-87.406851000327563,30.601667999807013],[-87.406718000258195,30.601730999708323],[-87.406524999914339,30.601742999832158],[-87.406441000248748,30.601748000141022],[-87.40584899969673,30.601373999983618],[-87.405710999604466,30.601475999818327],[-87.405691000411281,30.601764999797563],[-87.405923000214898,30.602181000241863],[-87.406004000405744,30.602328000200334],[-87.406105999614667,30.602511999770872],[-87.40608600042151,30.603257999659412],[-87.405691000411281,30.603411000261538],[-87.405668999771677,30.603396000364821],[-87.405197999593469,30.603071999708714],[-87.404902000215785,30.60300399966248],[-87.404884999599034,30.603005000175163],[-87.404082000058125,30.603035000087448],[-87.403993000369695,30.603038000078133],[-87.403909999630685,30.603102000373376],[-87.403501000275085,30.60341700021959],[-87.403413000411547,30.603534000100414],[-87.403341000441515,30.6038200001592],[-87.403564000024275,30.6045480003643],[-87.403528999864179,30.605044000386552],[-87.403483999658334,30.605102999994088],[-87.4033609996347,30.605263000334734],[-87.403286000189937,30.605361000306537],[-87.403224000265652,30.605381999735304],[-87.402810999813781,30.605521000221],[-87.40231700006936,30.605564999977151],[-87.402066999824115,30.605586999847723],[-87.401542000117558,30.605567000176439],[-87.400921000151541,30.605981000339099],[-87.400249999956813,30.606162999742295],[-87.399614999747087,30.605910999823358],[-87.398941000077613,30.605416999804117],[-87.398770000373389,30.605396000382868],[-87.39864899999958,30.605524000134693],[-87.398527999625742,30.605819000217256],[-87.398505000059515,30.606093999838876],[-87.398408999800054,30.606537999668959],[-87.397952999690474,30.607024999950838],[-87.397188999609313,30.608305000028771],[-87.397105999768641,30.608393999768179],[-87.396654999681928,30.608876000054781],[-87.396584000435141,30.609479000161858],[-87.396586000084966,30.610069999743075],[-87.396468000084184,30.611019999957119],[-87.39623799993042,30.611538000145153],[-87.395620000337431,30.612722999638784],[-87.395134999915555,30.613516000188444],[-87.3949130001577,30.61426599962962],[-87.394672000133269,30.61523900003699],[-87.394735999707379,30.615902999922877],[-87.394775999890356,30.615963999857495],[-87.394853999708161,30.616083000024897],[-87.394956999640314,30.616241000027607],[-87.395287000251514,30.616270999705382],[-87.395664999644978,30.616239000048768],[-87.396043999761645,30.616289999883058],[-87.396386999893338,30.616616000357158],[-87.396474999756876,30.61710199984169],[-87.396463000061331,30.617333999683364],[-87.396148000417057,30.617809999697474],[-87.395844999570031,30.618497000114502],[-87.395799000437592,30.619077999942466],[-87.39587499970726,30.61970099975856],[-87.395924000111052,30.619848999747177],[-87.395986000035336,30.620091000233561],[-87.395815000331112,30.620165999906924],[-87.395449999559816,30.620303999710668],[-87.395279999680497,30.620463000114526],[-87.395318000213649,30.621001000385299],[-87.395294999749126,30.621381000125346],[-87.395066000318565,30.62189899976887],[-87.395055000447925,30.622216000172742],[-87.395215000281482,30.622480000050878],[-87.39527700020578,30.62276500027944],[-87.395168000425841,30.62309200012632],[-87.395108000151367,30.623314000364456],[-87.395120999671846,30.623462000240337],[-87.395267999984938,30.623578000339993],[-87.395647000101619,30.623671000379506],[-87.395853999790859,30.623745000072788],[-87.396013999624444,30.623902999938874],[-87.396027000043219,30.624134999715192],[-87.395796000064536,30.624303999845232],[-87.395319000038569,30.624253000367659],[-87.394855000431377,30.624190999951068],[-87.394575000048903,30.624255000180931],[-87.3943929995757,30.624562000018983],[-87.394354000115968,30.624998000235571],[-87.393846000127851,30.625723999911674],[-87.393733999974856,30.626117999632502],[-87.39362199982186,30.62664899983233],[-87.393590999859711,30.626867999616447],[-87.393293999758811,30.627218000145003],[-87.39341500013262,30.627730999730097],[-87.393416999782445,30.628228000293685],[-87.393538000156283,30.628861000101438],[-87.39369799998984,30.629134999741567],[-87.393678999723249,30.629341000049127],[-87.393499999623117,30.629914000159097],[-87.39338599982031,30.630289000081728],[-87.393400000063991,30.630386000002432],[-87.393487000102652,30.630969000027346],[-87.393456000140517,30.631192999645087],[-87.393410000109753,30.631534000348587],[-87.393687999944092,30.631687999773721],[-87.393985000045021,30.631687000330377],[-87.394242999787892,30.63170299992548],[-87.394481000337564,30.631787999710873],[-87.394640000346214,30.631993000341026],[-87.394878999822524,30.632215000258331],[-87.39517699974833,30.632419999983885],[-87.395554000215199,30.63265900011088],[-87.395654999599245,30.632984000132012],[-87.395397999681293,30.633292999731875],[-87.394447999827293,30.633398999975174],[-87.394072000083654,30.633502000282594],[-87.394113000091551,30.633794000332998],[-87.394293000016603,30.634289999711619],[-87.39469100039986,30.634751000139165],[-87.39514900015925,30.635417999652685],[-87.39521199990844,30.636069000334725],[-87.394904999761778,30.636706999909858],[-87.394585000094651,30.63700700008015],[-87.394364999986621,30.637540999735517],[-87.394268999727146,30.638288999770445],[-87.39423500029028,30.639099999750865],[-87.394236999940105,30.639463000311697],[-87.394385999903022,30.639826000283197],[-87.394339000047353,30.640401999735253],[-87.394021999854942,30.641363999676525],[-87.394024000403078,30.641854999876845],[-87.394247999810744,30.642175000153305],[-87.394594000315465,30.642344999797107],[-87.395016000089868,30.642769999917942],[-87.395289999726259,30.643432000085006],[-87.395687000284582,30.643963999643844],[-87.395739000163147,30.64456200024512],[-87.395420000320911,30.644969000023288],[-87.394951999617447,30.645248000022928],[-87.394779000263398,30.645226999967885],[-87.394334000024472,30.64527100022524],[-87.394335999674283,30.645611999995182],[-87.395303000145034,30.646569999646069],[-87.395579000329562,30.6467940002365],[-87.396195000272712,30.64729399964126],[-87.396863999919304,30.647932000141818],[-87.396988999592779,30.64827299980244],[-87.39686700029236,30.648701000269511],[-87.396597999780525,30.649150000368358],[-87.396426000251395,30.649470999723707],[-87.395908000217531,30.650159000277633],[-87.395919999913104,30.650540999925017],[-87.395975000164682,30.650860000035998],[-87.396273999915437,30.651649000261589],[-87.396597999780525,30.652288999854235],[-87.396600000328661,30.652652000370143],[-87.39650499989412,30.653784000181751],[-87.396595000305794,30.654467000279322],[-87.396817999888555,30.654849999883357],[-87.397785000359306,30.65563800003433],[-87.398388999708573,30.656217000244766],[-87.398404999602093,30.656232999646122],[-87.398603999793721,30.656279000228551],[-87.398776000221162,30.656318000285243],[-87.399070999773969,30.656166999780133],[-87.399663000325972,30.655824000207705],[-87.399835999680022,30.65597299977275],[-87.399863000342521,30.656442000083523],[-87.399864999992332,30.657061999779955],[-87.400212000321986,30.657253000064301],[-87.40050799969967,30.657059999872097],[-87.400628000248574,30.656376000360225],[-87.401071999764284,30.656224999945774],[-87.40171700001973,30.65677800008357],[-87.402137000144307,30.656884000089622],[-87.402656000003077,30.657032000384753],[-87.403102999891829,30.657478999759533],[-87.403327000197805,30.658032999621955],[-87.402934999662335,30.658782000279398],[-87.402913999745934,30.659571999915155],[-87.402397000435315,30.660107000075435],[-87.402202000441633,30.660599000065702],[-87.402327999940013,30.661409999940055],[-87.402577000360381,30.661750999970145],[-87.403047999640236,30.66211199992361],[-87.403347000289315,30.662837000104002],[-87.403103999716734,30.663755999711082],[-87.402636999736515,30.66435599974012],[-87.402688999615037,30.66484699986146],[-87.403086999998294,30.665528999961914],[-87.40353300006214,30.665911999776018],[-87.404200999883813,30.666144000018644],[-87.404694999628248,30.666143000158677],[-87.40520299961635,30.666297999965312],[-87.405349999929442,30.66634299976289],[-87.405386999739363,30.666353999744587],[-87.405758000358432,30.666438999982205],[-87.405832999803209,30.666673000213834],[-87.405799000366329,30.666720000317479],[-87.405513999960988,30.667123000136353],[-87.40539400031038,30.667997999995965],[-87.405544999923123,30.668638000284389],[-87.406016999926223,30.669234999876799],[-87.405950999803977,30.669668000141126],[-87.405837000001171,30.670112000336665],[-87.405838999650996,30.67042299991796],[-87.405878999833959,30.670910999911303],[-87.406136999576816,30.67119799999438],[-87.406458999792093,30.671374999784746],[-87.407151999728143,30.671571999964641],[-87.407384000430042,30.671815999685347],[-87.407386000079853,30.672259000256748],[-87.40708099958303,30.672914999863782],[-87.406699999816524,30.673770000323941],[-87.406355999859926,30.67443700032074],[-87.406331999570497,30.674879999689217],[-87.406473999860708,30.675145999833649],[-87.406756999717913,30.675289000375404],[-87.407232999918989,30.67538800026982],[-87.40777199986924,30.675474999812369],[-87.408311999644411,30.675684000355734],[-87.408801000264262,30.676003999908414],[-87.409173999634859,30.676324999700796],[-87.409689000193993,30.676645000220326],[-87.410305999962048,30.67694200006531],[-87.410927999752971,30.677156999773459],[-87.411720000321537,30.677569000086873],[-87.412200999647141,30.67773399982266],[-87.412533999733085,30.677860999942421],[-87.412936000314303,30.677919999959435],[-87.413434000256686,30.677964000014189],[-87.4137310003576,30.678008000048891],[-87.413984999902496,30.678060000274748],[-87.414553000165071,30.678216999746748],[-87.415179000153955,30.678373999736198],[-87.416123999985089,30.678726000275908],[-87.416719999836744,30.679298000058431],[-87.416903999959757,30.679312000053869],[-87.417052000097755,30.679244000277802],[-87.41716500007567,30.679031999759705],[-87.4172599996119,30.678789999955242],[-87.417451000305931,30.678471999826534],[-87.417684999759359,30.678199999614524],[-87.417920999760909,30.678145999992566],[-87.418305999725376,30.678251000002344],[-87.418628999765559,30.678363000350487],[-87.419041000392511,30.678528000275023],[-87.419058000110965,30.678549999780088],[-87.419084999875139,30.67864799969189],[-87.419077000377527,30.678889999852167],[-87.419166999890905,30.679426000161797],[-87.419247000256846,30.67969700029159],[-87.419491999580913,30.679893000005695],[-87.419905000032799,30.680389999787629],[-87.420229999722807,30.680932000057119],[-87.420493000386841,30.680976999991177],[-87.420963999666725,30.680869999667216],[-87.421312999646176,30.680815999993037],[-87.421522999708458,30.680853000001985],[-87.421716000052299,30.680913000216044],[-87.421996000434788,30.681016999829154],[-87.422127999780955,30.681334000373276],[-87.42209699981882,30.681702999686298],[-87.422167999963932,30.681931000303209],[-87.422398000117695,30.682203000050286],[-87.42269699986845,30.682384000073775],[-87.423451999728769,30.682668999909716],[-87.424331000335968,30.683061000009584],[-87.424613000368268,30.683271999725733],[-87.424982000439201,30.683361999709714],[-87.425420000107124,30.683270000360348],[-87.426084999555755,30.682842999705056],[-87.426296000341267,30.682856999959135],[-87.426611999810461,30.68305300021261],[-87.42712499982143,30.68399200033889],[-87.427486000394765,30.684248999965721],[-87.427785999970425,30.684505000011157],[-87.427735999741714,30.685158000116356],[-87.427791999818197,30.685884999706499],[-87.428302000354464,30.686323000067645],[-87.428688999968756,30.686382999973013],[-87.429443000004156,30.686380000249009],[-87.429935000098752,30.686530000240101],[-87.430113000373993,30.687091000211492],[-87.429818999747795,30.687986999996873],[-87.430135999940205,30.688258999679626],[-87.430469000026136,30.688256999645052],[-87.431134000373106,30.687769999635073],[-87.43169500006465,30.687647000281359],[-87.432064000135597,30.687720999685222],[-87.432504000351656,30.688113999765221],[-87.432961000286141,30.688370000378058],[-87.433610999666172,30.688352999715658],[-87.434101000110928,30.688199999799377],[-87.434680000244157,30.688197999763506],[-87.435733999855216,30.688300999624857],[-87.436210999881197,30.688385999862692],[-87.436308999790484,30.68840400014885],[-87.436400999851983,30.688419999627847],[-87.436420999943493,30.688790000069933],[-87.436555999662687,30.688903999803447],[-87.436964999916597,30.688932999720954],[-87.43736999997256,30.689387000250658],[-87.437722000325067,30.689628000145827],[-87.438319999826547,30.689853999815089],[-87.43864899971453,30.68995700022711],[-87.438699999768147,30.689973000221247],[-87.439040000425081,30.690079000115524],[-87.440023999715947,30.690258000058929],[-87.440342999558183,30.690353000075312],[-87.440375000243534,30.690361999649177],[-87.44061399971983,30.690599999834973],[-87.440709999979291,30.690695000287292],[-87.441310000028906,30.691375000226127],[-87.441802999948422,30.691844000175962],[-87.442279999974403,30.692373000209464],[-87.442685000030352,30.69273599999504],[-87.442770000419173,30.692986000128176],[-87.442844999863937,30.693205000284419],[-87.443109000352891,30.693447000267156],[-87.44334000033156,30.693916000191699],[-87.443675999892221,30.694536999971628],[-87.444362000155579,30.694914000166548],[-87.44501200043392,30.695123999909054],[-87.445363000063196,30.695137999927113],[-87.445732000134143,30.695181999860342],[-87.446030999884869,30.695422999964141],[-87.446242999596976,30.695619999752598],[-87.446452999659272,30.695633999698725],[-87.447154999816149,30.695631999816879],[-87.447489999551905,30.695934000042776],[-87.447877999889414,30.696417999620795],[-87.448441000129108,30.696568000235771],[-87.448484999611736,30.696592000127154],[-87.448661000237138,30.69668799963301],[-87.448802999629052,30.697158000341283],[-87.448699999696885,30.697552999692306],[-87.448718999963461,30.697916000079555],[-87.448913000132222,30.698172999715457],[-87.44912400001941,30.69832400021923],[-87.449214000431098,30.698672999747942],[-87.449565999885294,30.698959999972846],[-87.449847000092674,30.698974000206903],[-87.450249999600501,30.698850999681152],[-87.450636000288185,30.698895000238917],[-87.450900999703748,30.699122000129321],[-87.45113000003262,30.699499999694201],[-87.451305999759711,30.699591000283778],[-87.451603999685531,30.699392999816396],[-87.451879999870044,30.698451000291218],[-87.452160000252547,30.69819300032265],[-87.452616000362127,30.69819099972139],[-87.452932999656213,30.698371999895091],[-87.453249999848609,30.698688999842172],[-87.45361899991957,30.698717999909615],[-87.453881999685294,30.698687000023636],[-87.454008000081984,30.698560999786643],[-87.454143999626112,30.698427999615436],[-87.454738999652861,30.698047000352211],[-87.455177000219095,30.697848000274789],[-87.455773000070749,30.69777099999504],[-87.45626400034044,30.697754000215895],[-87.456614000144796,30.697585999783961],[-87.456928999789071,30.697220999851382],[-87.457261000050096,30.697021999615693],[-87.457505000447583,30.696748000048103],[-87.45801300043567,30.696398000190609],[-87.458293999744754,30.696563999738355],[-87.45847100019509,30.696820999884835],[-87.458614000310206,30.697365999989888],[-87.458652999769953,30.697723000020243],[-87.458668999663487,30.697866000341396],[-87.458916000434016,30.698077999671327],[-87.459214000359836,30.698167999756095],[-87.459671000294335,30.698165999926822],[-87.459986999763501,30.698270999793053],[-87.460446000246137,30.698769999795651],[-87.460816999966895,30.69933000017938],[-87.461047000120672,30.699663000001909],[-87.46130999988641,30.699767999784253],[-87.461661000413997,30.699767000272388],[-87.46190699956297,30.699841999937341],[-87.462159000356365,30.700150999765221],[-87.462190000318515,30.700189000368137],[-87.462669999819212,30.700313999745728],[-87.462936999782912,30.700402000279404],[-87.463248000127521,30.700494000295134],[-87.463494999999725,30.700555999668531],[-87.463778999681864,30.700594999615316],[-87.464189999585599,30.700584999947338],[-87.464911999833959,30.700401000001673],[-87.465177000147833,30.700463000207254],[-87.465345000377326,30.700516000201944],[-87.465526000127284,30.700572999726511],[-87.465901000046017,30.700665999854138],[-87.46636800002625,30.700704000254287],[-87.466742000120064,30.700654999918495],[-87.467125000434706,30.700360999698407],[-87.467517000071879,30.700075000059261],[-87.467662999661741,30.700043000327828],[-87.467919999579678,30.700153000325795],[-87.46808500033444,30.700208000277758],[-87.468214000205876,30.700388999757969],[-87.468159999779203,30.700696999876804],[-87.467840999936968,30.700896000258368],[-87.467732000157028,30.70108600011163],[-87.467808000325007,30.701521000216601],[-87.468103999702706,30.702183999805829],[-87.468270000282374,30.702498999849134],[-87.468526000375405,30.702568999976545],[-87.468764000026781,30.702624000096236],[-87.46907600019631,30.702740999698861],[-87.469461000160777,30.702967999810507],[-87.4696109999486,30.703208999780049],[-87.469611999773534,30.703354000189616],[-87.469521000435236,30.7038699996452],[-87.469523999909981,30.704384999966678],[-87.469636999887882,30.704804000023827],[-87.469805999942267,30.705020999935414],[-87.470104999693021,30.705124000381137],[-87.470477999961915,30.705178999816706],[-87.470944000117242,30.705113000181328],[-87.471200000210288,30.70511199995244],[-87.471760999901861,30.705440000319971],[-87.47222799988208,30.705664000363452],[-87.472627999915161,30.705637999964406],[-87.472803999642267,30.705412000181443],[-87.472793999596504,30.705163000026289],[-87.472566999815811,30.704534999783331],[-87.472771000030292,30.704357000294316],[-87.47314500012412,30.704436999888323],[-87.473631000370915,30.704812999794964],[-87.473947999665,30.704804000023827],[-87.474208999780913,30.704842999798316],[-87.474340000200485,30.704955999650039],[-87.474667000438643,30.705107999809172],[-87.475264000115203,30.705218000211996],[-87.47580499971528,30.705248000089423],[-87.476019999800442,30.705464999774758],[-87.475978999792559,30.705706999908852],[-87.47586800036278,30.705820000293372],[-87.475375000443293,30.706047000112161],[-87.47463999977613,30.706299999624463],[-87.474493000361363,30.706653999947061],[-87.47465300019492,30.70704800038008],[-87.475270999787909,30.707682000153181],[-87.475618000117535,30.708100000367967],[-87.475480000025271,30.708326000032702],[-87.475090000037937,30.708601000127363],[-87.475171000228784,30.709060000212826],[-87.475469999979538,30.709259999750376],[-87.476506999872157,30.709683000213687],[-87.477151000302726,30.709914000154665],[-87.477449000228546,30.709912999975543],[-87.477803000230878,30.709880000238194],[-87.478035999859372,30.709742000090742],[-87.478389000036799,30.709547000150184],[-87.478743000039131,30.709497999671409],[-87.47906899955403,30.709528999945668],[-87.479312000126612,30.709599999788828],[-87.479491000226744,30.710001999655667],[-87.479830000160476,30.710733999871223],[-87.480181999614658,30.71128000033347],[-87.480268999653305,30.711786999981236],[-87.480066000162012,30.712246999735139],[-87.480034000374971,30.712284000053227],[-87.47973200025119,30.71264300002256],[-87.479378000248843,30.712691999675972],[-87.478866000062766,30.712670000228727],[-87.478333999785221,30.712624000244869],[-87.478111000202446,30.712785999855523],[-87.477992000376773,30.713277000093054],[-87.478292999777324,30.71371099992372],[-87.479064000429489,30.714208000121275],[-87.479512999968065,30.714511999618285],[-87.479924999696706,30.714929000227723],[-87.48053499979207,30.715755999841619],[-87.480975000008115,30.716124999618785],[-87.481266000261257,30.716527000092114],[-87.481277999956845,30.717001999674832],[-87.481619000438684,30.717172999816828],[-87.481699999731219,30.717214000203249],[-87.481898999922862,30.717313999678726],[-87.482233999658604,30.717191000139344],[-87.482577999615188,30.716907999743174],[-87.483021000204289,30.716117000245514],[-87.483205000327303,30.71556099970314],[-87.483371999833579,30.715390999914167],[-87.48362299990373,30.715310000013794],[-87.483959000362717,30.715396999875491],[-87.484229999626052,30.715573000376551],[-87.484453999932043,30.715652999936449],[-87.484622999986442,30.715918000369761],[-87.484577999780612,30.716256999993529],[-87.484459999779816,30.716861000129093],[-87.484601000245135,30.717077999947044],[-87.484909000216703,30.717230000311641],[-87.485151999890945,30.717284999795197],[-87.485469000083356,30.717373000293723],[-87.485758999613267,30.717500000002758],[-87.485983999744178,30.717676999853399],[-87.486291999715746,30.717933000039888],[-87.486577999946007,30.718181999665873],[-87.487054000147069,30.718324999780709],[-87.487315000262981,30.718380000184233],[-87.487623000234564,30.718339000293597],[-87.487827000449059,30.718137000088085],[-87.488103999560181,30.717740999963713],[-87.488290000231331,30.717580000280876],[-87.488402000384312,30.717563000130827],[-87.488578999936337,30.717595000229093],[-87.488612000446608,30.717603000252051],[-87.488774999754909,30.717642000257712],[-87.489055999962304,30.718011999863705],[-87.489423000383425,30.718662000033383],[-87.489788000256425,30.718814000217986],[-87.490254000411738,30.718972999986967],[-87.490533999895902,30.719029000105468],[-87.490711000346224,30.719012000210828],[-87.490897999943968,30.718962999907223],[-87.491102000158463,30.718922000264467],[-87.491190999846935,30.718953999911818],[-87.491434000419488,30.719024999767129],[-87.491611999796405,30.719178000234766],[-87.491846999973049,30.719724000000355],[-87.492093000020347,30.720391999938176],[-87.492410000212757,30.72045499972122],[-87.492679999651173,30.720341000193947],[-87.492780999933515,30.719913999838607],[-87.492965999881434,30.719711999843518],[-87.493254999586455,30.719719000385691],[-87.493564000281253,30.719951000304118],[-87.494011000169991,30.720030000019111],[-87.494475999602088,30.719747000232349],[-87.494670999595755,30.719657000199753],[-87.494821000281902,30.719665000051634],[-87.495203999698219,30.719872999827949],[-87.495306999630387,30.719891999722023],[-87.495754000417449,30.719974999784473],[-87.496258000207618,30.720118000329258],[-87.49648199961527,30.72017399978278],[-87.496828000120004,30.720268999691466],[-87.497069999969341,30.720259999817941],[-87.497340000306082,30.720114000036084],[-87.497598999873858,30.719855000006152],[-87.497859999989757,30.719879000282678],[-87.49802900004417,30.720031000093297],[-87.498105000212163,30.720344999705429],[-87.498050999785463,30.720682999915983],[-87.498132999801243,30.720877999736022],[-87.49818300002994,30.720996999721518],[-87.498285999962107,30.721060999945035],[-87.49850000022235,30.720986999851689],[-87.498704000436859,30.720817999655164],[-87.499039000172601,30.720712000322088],[-87.499420999764027,30.720725999716123],[-87.49999800024743,30.720889999747683],[-87.500575999657443,30.721148000023859],[-87.50088000032936,30.721133999918848],[-87.501183000278047,30.721092999654761],[-87.501502000120283,30.721092000363846],[-87.501943999986167,30.721274000105389],[-87.502338999996368,30.721474999857818],[-87.502431000057896,30.721522000311932],[-87.502965999810201,30.722122999745029],[-87.503058999696592,30.722530000165758],[-87.503093000031782,30.723303999657563],[-87.503277999979716,30.723854000135219],[-87.503735999739121,30.724207000091514],[-87.50431400004743,30.724427999708151],[-87.505083000151473,30.724634999993707],[-87.505706999592206,30.724921000175506],[-87.505950999989693,30.725064000334335],[-87.506027999982578,30.725299999824674],[-87.505679000003127,30.725471999940073],[-87.505164000342319,30.725710000006607],[-87.505043999793401,30.726000000137063],[-87.50513699967982,30.726288000148774],[-87.505442000176672,30.726509999634899],[-87.50603499965527,30.72666499981829],[-87.506674000062958,30.726793999651328],[-87.507115999928843,30.727093999619104],[-87.507361000151221,30.727564999669411],[-87.507681999643268,30.727799999993042],[-87.508213999920827,30.72798200019832],[-87.50879200022915,30.72808500006041],[-87.509022000382913,30.72846399962485],[-87.508874000244916,30.72927900000937],[-87.508958999735412,30.729592999615551],[-87.50929699984421,30.730156000103346],[-87.509450999829994,30.730693999760941],[-87.509576000401779,30.731204999862641],[-87.50989600006892,30.731400000019871],[-87.510229999979757,30.731504000045383],[-87.510595999677662,30.73171299971262],[-87.510613000294413,30.732067000180301],[-87.51047799967688,30.732461000253764],[-87.510490000270778,30.732590000051253],[-87.510491999920589,30.732607999811751],[-87.510510000362245,30.732789000262134],[-87.510633000385894,30.732907000274626],[-87.511286000138966,30.73299600035201],[-87.511621999699628,30.733178000011467],[-87.511743999898371,30.733440000343268],[-87.511928000021371,30.733768000108174],[-87.512140999558412,30.733701000030329],[-87.512548999987402,30.733266999838634],[-87.513124999747575,30.733145999680488],[-87.51361199981929,30.733262000154173],[-87.514098000066113,30.733220999643265],[-87.514553000350773,30.733009000339084],[-87.514633999643308,30.733041999882612],[-87.514903000155144,30.733152000081212],[-87.514934999942199,30.73327600004211],[-87.515042000072313,30.733690000001584],[-87.515136999608572,30.734305999678153],[-87.515402999747337,30.734409999656187],[-87.515873999925518,30.734382000207709],[-87.516253000042212,30.734209999777008],[-87.516783999596555,30.734168999669418],[-87.517392999866999,30.734323999890304],[-87.517881999588553,30.734964999675633],[-87.518160000321217,30.735763999788738],[-87.518253000207608,30.736078999793595],[-87.518314000306987,30.73610600038587],[-87.518603000012007,30.736234999936791],[-87.519074000190187,30.736272000314838],[-87.519378999788728,30.736375999715321],[-87.51977700017197,30.73692100023224],[-87.519914000439329,30.737109000354238],[-87.520296000030754,30.73739599970579],[-87.520859000270434,30.73753799999432],[-87.521593000214366,30.737580000104789],[-87.522363000143301,30.737623999980297],[-87.522909999591164,30.737687000082946],[-87.523184999950772,30.737843999828488],[-87.523596999679427,30.73828799987346],[-87.524130999606811,30.738719000201655],[-87.524633999572046,30.7388870000187],[-87.525226999948984,30.739056000191752],[-87.525441000209227,30.739212000147802],[-87.525534000095647,30.739670999667027],[-87.525871000379539,30.740221000172365],[-87.526145999840821,30.740455999746757],[-87.526510999713807,30.740532999919562],[-87.527422000108061,30.740476999940356],[-87.528077000409269,30.740632000051374],[-87.528626000405268,30.741062999930971],[-87.529248000196205,30.740916000145713],[-87.529977000117256,30.740951999641126],[-87.530237000408263,30.741265999817159],[-87.530162999890081,30.74147599978177],[-87.529982000140123,30.741766000340668],[-87.529575000434349,30.742293000215899],[-87.529582000107041,30.742417999836533],[-87.529591000327883,30.74258100017915],[-87.529748999613304,30.742701000231406],[-87.529865999789152,30.742789999755413],[-87.530306999830131,30.742932999651234],[-87.530687999596651,30.743048999923747],[-87.531036999576102,30.743252000257453],[-87.531069000261468,30.743271000175518],[-87.531600999640702,30.743321000307699],[-87.532162000230585,30.743095999894532],[-87.5325570002408,30.743198999816062],[-87.532588000202935,30.743277999778652],[-87.532513999684767,30.74365799964156],[-87.532517000057837,30.744157000279234],[-87.532641999731297,30.744812999845902],[-87.532385999638265,30.745207000300564],[-87.53162900012812,30.745657000004424],[-87.531661999740081,30.746063000060673],[-87.531982000305533,30.746232999800309],[-87.532529999578315,30.746467000349906],[-87.533003000304632,30.746923999681837],[-87.533339999690227,30.747433999618043],[-87.533480000330613,30.747997999872542],[-87.533558999973323,30.748456999991006],[-87.533855000249332,30.748626000359931],[-87.533924999671228,30.748665999942432],[-87.534472999842322,30.748964999982061],[-87.535113999899821,30.749447999985598],[-87.535248999619043,30.749778000369307],[-87.535339999855623,30.749999000017457],[-87.535224000402991,30.750539000335905],[-87.535168000326479,30.751131999907962],[-87.53522000020503,30.751629999906747],[-87.53530200022081,30.752093999950567],[-87.535293999824873,30.752360000291848],[-87.535084999587497,30.752378000218766],[-87.534786999661677,30.752431000241305],[-87.534465000344696,30.752672999827912],[-87.534425999986652,30.752887999837299],[-87.534437999682197,30.753215000051625],[-87.534299999589948,30.753533000073212],[-87.534302000138084,30.753867999741786],[-87.534524999720858,30.754486000296211],[-87.534706000369127,30.754881000262873],[-87.534985000028385,30.754983000221664],[-87.535174999999185,30.755136999667062],[-87.53523600009855,30.755445999841573],[-87.535224000402991,30.755927000358508],[-87.53520599996132,30.756305000325501],[-87.5351900000678,30.757019000331404],[-87.535401999779907,30.757448000075154],[-87.535452999833538,30.757773999788032],[-87.535284999604059,30.758041000328969],[-87.535246999969203,30.758222000083688],[-87.535281000304408,30.758341999946762],[-87.535308000068582,30.758436000378314],[-87.535477999947901,30.758624999867731],[-87.535589000275976,30.758855999854902],[-87.535704999728594,30.759233999901525],[-87.535648999652111,30.759861000014354],[-87.535939999905239,30.760247000317079],[-87.535981999738041,30.760668000036528],[-87.535985000111097,30.761192000206776],[-87.536068999776674,30.761299999846042],[-87.536284999686742,30.76157799980404],[-87.536633999666208,30.761661999883277],[-87.536833999682727,30.761807000371427],[-87.536854999599143,30.76208199995202],[-87.536883999911453,30.762717999809539],[-87.537093999973735,30.762967000273079],[-87.537893000215007,30.763383999634659],[-87.538371000065879,30.763546000376547],[-87.538750000182574,30.763647000024491],[-87.539058999979048,30.763801000277304],[-87.539499000195093,30.764117000064527],[-87.539909000273923,30.764561999793891],[-87.540280999819601,30.765092999940872],[-87.540337999721018,30.765488000385844],[-87.540347999766752,30.765659999768083],[-87.540599999661836,30.766080000145251],[-87.541220999627853,30.766824999806389],[-87.541800999585988,30.767407000149202],[-87.541962999967708,30.767615000295947],[-87.542162000159337,30.767870000222505],[-87.542839000201838,30.768838000234055],[-87.543120000409246,30.769181000274813],[-87.54351000039658,30.769565999919756],[-87.543881000117352,30.770002999623021],[-87.544183000241148,30.770526000364757],[-87.544199000134668,30.770641000266171],[-87.544296000219049,30.771307000066383],[-87.544368000189053,30.771616000049281],[-87.544717000168518,30.771744000353518],[-87.545204000240233,30.771681999684748],[-87.545646999931037,30.771688000000218],[-87.545846999947557,30.771756000204512],[-87.546046999964105,30.772055999851158],[-87.546067999880492,30.772211000073977],[-87.545950999704644,30.772589000157975],[-87.545488999747278,30.773647999921941],[-87.545221999783578,30.774870000089336],[-87.545253999570633,30.775222000382119],[-87.545176999577748,30.775652000303452],[-87.54496099966768,30.776142999731963],[-87.544972000436658,30.776434999824478],[-87.545032999637698,30.776675000294201],[-87.545970999796126,30.777092999940066],[-87.545952000427874,30.777238999813076],[-87.545643999557981,30.777351999679013],[-87.54519699966923,30.777483000047226],[-87.544850000237915,30.777639000264834],[-87.54477099969688,30.777870999625826],[-87.54478900013855,30.778395000288626],[-87.545081000216598,30.778952999894777],[-87.545431999845874,30.779388999954094],[-87.545780999825325,30.779550999992949],[-87.546250000353695,30.779670000047847],[-87.546648999663546,30.779797000216384],[-87.54700900041199,30.780096000036185],[-87.547119999841755,30.780474000011385],[-87.547211999903254,30.780852000044646],[-87.547540999791224,30.780979000196147],[-87.547759000249428,30.780771999826676],[-87.547897000341678,30.780599000227582],[-87.548077000266744,30.780685000343798],[-87.548468999903903,30.781319000317133],[-87.548718000324257,30.781395000016438],[-87.54896600002138,30.781300000190011],[-87.549511999644324,30.780987999799414],[-87.549761000064663,30.781012999722101],[-87.5502849999463,30.781250999926037],[-87.550416000365885,30.781516999956438],[-87.550567999803519,30.781971999968594],[-87.550859000056661,30.782400000191565],[-87.551162000005363,30.782779999990669],[-87.551180000447033,30.782802999830803],[-87.551220999556591,30.783086000366445],[-87.551142999738786,30.783439000110192],[-87.550843000163141,30.783990000052409],[-87.550736000033012,30.784369000337218],[-87.551054999875248,30.784565000291597],[-87.551474000174906,30.784743999975802],[-87.551604999696153,30.784992000380203],[-87.551398000006927,30.785310999764018],[-87.55131099996828,30.785690000245193],[-87.55147099980185,30.785930000003468],[-87.552029999843597,30.786193999894756],[-87.552259999997361,30.786389999988327],[-87.55258999971025,30.786646999852248],[-87.552979999697584,30.786937000168106],[-87.553250000034325,30.787117000217044],[-87.553327999852129,30.787102999667976],[-87.553547999960145,30.787064000001791],[-87.553865999977461,30.78699400028438],[-87.554164999728215,30.786958000255524],[-87.55447900044588,30.787119999893456],[-87.554589999875645,30.787342999758501],[-87.554611999616967,30.787617999672506],[-87.554851999816464,30.787858000021089],[-87.555311000299099,30.78808799992176],[-87.555719999654698,30.788223000110545],[-87.556057999763496,30.788239000000281],[-87.556358000237466,30.788427000241985],[-87.556579000170402,30.788674999637308],[-87.556729999783144,30.789044000229843],[-87.556929999799678,30.789111999741209],[-87.557298000045719,30.789128000254742],[-87.557437999787794,30.789255999637049],[-87.557312000289429,30.78958100028143],[-87.557271000281546,30.789686000100527],[-87.557045000325729,30.790143000285255],[-87.557164999976337,30.790262999698449],[-87.557533000222378,30.790251999957796],[-87.557950999798791,30.790189999642372],[-87.558299999778242,30.790326000082793],[-87.558648999757708,30.790436999777693],[-87.559057000186712,30.790375000353258],[-87.55920799979944,30.790632000370518],[-87.558900999652792,30.790967999882362],[-87.558931999614927,30.791165999720107],[-87.559271000446941,30.791267999804784],[-87.559719999985518,30.791428999793933],[-87.559877000344343,30.791857999699616],[-87.559997999819871,30.792054999921582],[-87.560186999965765,30.792156999834813],[-87.560457000302492,30.792267999730917],[-87.560874999878934,30.792300999800446],[-87.561154000436503,30.79237700008122],[-87.560936999803204,30.79269599965999],[-87.560939000351325,30.792970999698074],[-87.560959000442836,30.793091000211739],[-87.561084000116296,30.79325100014924],[-87.561160000284275,30.7933479999142],[-87.561350000255075,30.793553000058061],[-87.561770000379639,30.793843999688459],[-87.56198100026684,30.794126000065084],[-87.562239999834617,30.794287999973069],[-87.562618999951312,30.794355999633972],[-87.562630999646856,30.794621999683827],[-87.562552000004132,30.794863000367009],[-87.562721999883451,30.794948000005931],[-87.562962000082962,30.795127999719604],[-87.563013999961512,30.79540199968266],[-87.563473000444148,30.795598000298007],[-87.563672999562357,30.795803000273871],[-87.563695000201989,30.796138000178136],[-87.563875000127041,30.796267000313655],[-87.564602000398267,30.796443999715407],[-87.564994000035441,30.796802000050768],[-87.565194000051974,30.7968210002016],[-87.565416999634735,30.796759000264164],[-87.565523999764864,30.796808999619412],[-87.565630000070058,30.796901000186256],[-87.565806999622069,30.796990999800048],[-87.566303999739532,30.797313999674877],[-87.566660000290014,30.797801000248526],[-87.566839000390146,30.798055000370432],[-87.567051000102254,30.798083999855638],[-87.56736800029465,30.798021999961168],[-87.567627999687346,30.7980510002279],[-87.567794000267,30.798345000229801],[-87.568089999644712,30.798588000127292],[-87.568174000208614,30.79875000023209],[-87.568045000337165,30.798821999933875],[-87.567928000161302,30.798975000181965],[-87.568011000001988,30.799168000384565],[-87.567871000259899,30.799340999757025],[-87.567872000084805,30.79959599968717],[-87.568062000055619,30.799818999936949],[-87.568252000026419,30.800112999932338],[-87.568488000027955,30.800161999844136],[-87.568795000174632,30.800181000102434],[-87.569149000176949,30.800331999706632],[-87.56937400030786,30.800473999751684],[-87.569539000164283,30.800492999948254],[-87.569702000370924,30.800227999953581],[-87.569888999968654,30.800024000170399],[-87.57006600041899,30.800034000321119],[-87.570220000404774,30.800145000381505],[-87.570350999926021,30.800439000151265],[-87.570434999591598,30.800581000038228],[-87.570587999752476,30.800569999934947],[-87.570880999655458,30.800294000017644],[-87.571173999558411,30.800130000172242],[-87.5714690000095,30.800139000298049],[-87.57175199986672,30.800199000343657],[-87.571881999563075,30.800371000163768],[-87.571884000111211,30.800605000259221],[-87.57190900022556,30.800930000346888],[-87.572074999906917,30.801082000321689],[-87.57233500019791,30.801141999778601],[-87.572607000184476,30.801395000329975],[-87.572596000313808,30.801548000340286],[-87.572373999657657,30.801905000188764],[-87.572269999900598,30.802118999771253],[-87.572330000175029,30.802392999867944],[-87.572484000160827,30.802534999954254],[-87.572707999568493,30.802614999812704],[-87.573121000020365,30.802715000120823],[-87.57349900031214,30.80287600022843],[-87.574101999836486,30.803269999862227],[-87.574280999936647,30.803604999976116],[-87.574378000021028,30.804062000348981],[-87.574593000106177,30.80448800029605],[-87.574676999771754,30.804720999660198],[-87.574537000029679,30.805058000042536],[-87.574757000137708,30.805331000287143],[-87.574971000397952,30.805655999824232],[-87.575552000181005,30.806313999828056],[-87.575811999573673,30.806445000090729],[-87.576035000054759,30.806402999937642],[-87.576224000200639,30.806463999878378],[-87.576389999881997,30.806575000227802],[-87.576675000287352,30.806939000293283],[-87.57660699961697,30.80744800011173],[-87.576503999684817,30.807855000198717],[-87.576599000119373,30.808119000063215],[-87.576943000075943,30.808524999695926],[-87.577215999887429,30.808778000098883],[-87.577487999873995,30.80887800016588],[-87.57767600019497,30.80883700022817],[-87.57785299974698,30.8088560003144],[-87.578437999727996,30.809158999719969],[-87.578604000307664,30.809392000102559],[-87.578723000133337,30.809624999920128],[-87.578795000103369,30.809878999653723],[-87.578949999914059,30.81009200008511],[-87.579376999711315,30.810619000006728],[-87.579566999682129,30.810891999882124],[-87.579755999828024,30.810881000187564],[-87.580097000309863,30.810757999799979],[-87.58024999957243,30.810766999701965],[-87.580297000326397,30.810859000023196],[-87.58026299999122,30.810991000162428],[-87.580123000249145,30.811185000049651],[-87.580170000104786,30.811285999823912],[-87.580381999816893,30.811264999650476],[-87.580759000283777,30.811262999854101],[-87.580982999691443,30.81130299963036],[-87.581089999821558,30.811425000195225],[-87.581021000224581,30.811669000088688],[-87.581022000049487,30.811811000354801],[-87.581164000339726,30.811952999639534],[-87.581541999733176,30.812154999781662],[-87.581802999849089,30.812316000274457],[-87.581909999979203,30.812569999837194],[-87.582241000415323,30.812741000005943],[-87.582559000432639,30.812720000150499],[-87.582829999695974,30.812789999650754],[-87.583194999568946,30.812767999923548],[-87.583466999555512,30.812806999962579],[-87.583556000142281,30.812887999636995],[-87.5835569999672,30.813182999645477],[-87.583640999632792,30.813426999702891],[-87.583854000068115,30.813486999938284],[-87.58407699965089,30.813343000081922],[-87.584193999826738,30.81319000033556],[-87.584335000292057,30.81319000033556],[-87.584547999829084,30.813331000019868],[-87.584748999670524,30.813543999741405],[-87.585069000235976,30.813724999988384],[-87.585209999802984,30.81371399984673],[-87.585408999994598,30.813550999633716],[-87.585620999706705,30.813549999759317],[-87.585774999692504,30.813609999917883],[-87.586117999824168,30.813821999920755],[-87.586471000001595,30.81382100004917],[-87.586718999698718,30.813940999990308],[-87.586861999813848,30.814143999677903],[-87.586864000361984,30.814459000073153],[-87.586934999608786,30.814561000126698],[-87.587122999929747,30.814427999626965],[-87.587287999786199,30.814417000337279],[-87.587276999915545,30.814641000002094],[-87.587233000432917,30.815017000221488],[-87.587281000113506,30.815199999721923],[-87.58752899981063,30.815239000316627],[-87.587668999552704,30.815085999732641],[-87.587798000322451,30.814913000160367],[-87.587938999889431,30.814921999673039],[-87.58808100017967,30.815044000270905],[-87.588246000036094,30.815084000015805],[-87.588506000327101,30.815093000284026],[-87.588800000054974,30.815122000028119],[-87.589283999753633,30.815220999806737],[-87.589650000349863,30.815433000111685],[-87.590064999553235,30.815786999738062],[-87.590195000147887,30.815919000049412],[-87.590395000164435,30.81585700008938],[-87.590548000325313,30.815733999901003],[-87.590843999703011,30.81599699986754],[-87.591021000153319,30.816047000014372],[-87.591350999866208,30.816015000231999],[-87.591657000187951,30.815953000333991],[-87.591893000189515,30.816012999763064],[-87.592069999741511,30.816092999972227],[-87.592316999613729,30.816092000124303],[-87.592516999630249,30.815969000236844],[-87.592729000240681,30.815999000336816],[-87.592978999587629,30.816403999997895],[-87.593074000022185,30.816506000300528],[-87.593191000198033,30.81647499974353],[-87.593331999765056,30.816382000326868],[-87.593498000344724,30.816433000117676],[-87.593592999880968,30.816685999753524],[-87.59364200028476,30.816940000105014],[-87.593735999996085,30.816959999970514],[-87.593925000141965,30.816908999688085],[-87.594207000174279,30.816927999720818],[-87.594345000266529,30.817012999902584],[-87.594363999634794,30.817075999725574],[-87.594309000281527,30.817156999657627],[-87.59417700003705,30.817244999915971],[-87.59406700043219,30.817356999987886],[-87.594141999876953,30.817500999998671],[-87.594623999925801,30.817561999836386],[-87.595019999760908,30.817624000238705],[-87.595124000416305,30.817639999863271],[-87.595660999818435,30.817670000212768],[-87.595868000405972,30.818195999624322],[-87.596053000353905,30.818274999732974],[-87.596275000111746,30.818162000133711],[-87.596533999679536,30.818193000146223],[-87.596922999841937,30.818303000234419],[-87.597517000043794,30.818618999927168],[-87.597888999589472,30.818905000168773],[-87.598281000124942,30.819351000016532],[-87.59865299967062,30.819748000179814],[-87.599230000154037,30.820225000098244],[-87.599656999951293,30.82046299965354],[-87.600102000190219,30.820508000008818],[-87.60052999981238,30.820921999665046],[-87.600791999753199,30.821287999730753],[-87.600850000377847,30.821751000355288],[-87.601041000173552,30.822723999954633],[-87.601231000144352,30.823505999733378],[-87.601235000342314,30.823538999875947],[-87.601346999596984,30.824304000143709],[-87.601406999871443,30.825070999996939],[-87.601502000305999,30.82534200017902],[-87.601650000443996,30.825389000064426],[-87.602186999846111,30.825466999905593],[-87.6021700001277,30.82562600018667],[-87.60204200008117,30.825850999683304],[-87.602042999906075,30.826058000173902],[-87.602081000439227,30.826146999733378],[-87.602088999936825,30.826166000252709],[-87.602118000249135,30.826233999725705],[-87.602267000212052,30.82632899988446],[-87.602693000184402,30.826423000208855],[-87.603046000361843,30.82656500026178],[-87.603151999768741,30.82676000005743],[-87.603152999593632,30.82679599983398],[-87.603001000155984,30.827023999648208],[-87.602781000047955,30.827253000195459],[-87.602883000155217,30.8279060002051],[-87.603037000141001,30.82809699992837],[-87.603047000186749,30.828354000115464],[-87.603092000392579,30.828713000065484],[-87.603094000042404,30.828948999982476],[-87.60290700044466,30.828986000194675],[-87.602847999995106,30.829163000262014],[-87.602935000033753,30.829374999873924],[-87.603114999958805,30.829667999967839],[-87.603480999656711,30.830206000268021],[-87.603489999877524,30.830219999937377],[-87.603841000405112,30.830715999908026],[-87.604108000368825,30.83117000027859],[-87.604314000233146,30.831419000132467],[-87.604551999884507,30.831402999718282],[-87.60472099993892,30.831130000291381],[-87.604865999703875,30.831151999669341],[-87.605037000306396,30.831327000221414],[-87.6052840001786,30.831384999924044],[-87.605393999783473,30.831185999960216],[-87.605485999844973,30.830950000142863],[-87.605562000012966,30.830897999882833],[-87.605707999602814,30.83105199965139],[-87.605895999923803,30.831175999966678],[-87.606160000412757,30.831203999791718],[-87.60637299994977,30.83120300010118],[-87.60664499993635,30.831245999899753],[-87.60681700036379,30.831414000147905],[-87.607046999619243,30.83156700017323],[-87.607456999698073,30.831771000084775],[-87.608323999711374,30.832170999620953],[-87.608529999575708,30.832419999963758],[-87.608666999843066,30.832639999815932],[-87.609025999868265,30.832734000131914],[-87.609367000350119,30.832812999850404],[-87.609723999827182,30.83279599999457],[-87.609902000102409,30.832648999981458],[-87.610104999593688,30.832501000066099],[-87.610395000021896,30.832506999671008],[-87.610581999619669,30.832556999706512],[-87.610754000047109,30.832710999899007],[-87.611225000225318,30.833267000330785],[-87.611405000150356,30.833412999729944],[-87.611584000250517,30.833470999714908],[-87.611754000129821,30.833403999636044],[-87.611907000290699,30.833286000212354],[-87.612042999834827,30.833307000198822],[-87.612312000346662,30.833393999873515],[-87.612823999634415,30.833627000085741],[-87.613720999784945,30.834078000048265],[-87.613960000159551,30.834157000203252],[-87.614206000206849,30.834105000137846],[-87.614462000299881,30.834103999706151],[-87.614658000118467,30.834184000270671],[-87.614761000050621,30.834286000199452],[-87.614862000332963,30.834211999989648],[-87.615058000151549,30.834137999722799],[-87.615244999749308,30.834209999899794],[-87.615382999841557,30.83448900007555],[-87.615590000429108,30.834810999955948],[-87.615710000079702,30.835030999727412],[-87.615669000071833,30.835259000038263],[-87.615423000024535,30.835311000249824],[-87.615159000433891,30.8352830000801],[-87.615048999930707,30.835488999870744],[-87.615110000030086,30.835701999810965],[-87.615239999726427,30.835988000077226],[-87.615240999551347,30.836135000376029],[-87.615053000128668,30.836150000362338],[-87.614947999648379,30.83623200004061],[-87.614940000150767,30.836429999934296],[-87.615137999619179,30.836737999985463],[-87.615506999690112,30.83723600024096],[-87.615474000078166,30.837389999868122],[-87.61537299979581,30.8375589997856],[-87.615493000344728,30.837720999732934],[-87.615612999995321,30.837808000034567],[-87.615859999867553,30.837873000110925],[-87.616081999625393,30.837901000296362],[-87.616209999671895,30.838033000289339],[-87.616270999771274,30.838143000016235],[-87.616238000159299,30.838340999823995],[-87.616155000318628,30.83870899981498],[-87.61617799988484,30.838871000134962],[-87.616340000266561,30.839039000149416],[-87.616880000041718,30.83950599997128],[-87.617136000134764,30.839673999645406],[-87.61717100029486,30.839835999878975],[-87.616986000346927,30.840197000044178],[-87.617071999662343,30.840328000368654],[-87.617413999969102,30.840473999824848],[-87.61792500033026,30.840596000351724],[-87.618087999638576,30.84077899969429],[-87.618192000293973,30.840947000224908],[-87.618371000394106,30.841005000284653],[-87.618600999649559,30.841018999921541],[-87.618823000305724,30.841106000318447],[-87.61895200017716,30.841282000046839],[-87.618901999948449,30.841501999639057],[-87.618923999689741,30.841663999871738],[-87.618900000298623,30.841898999989752],[-87.619003000230791,30.84195700024538],[-87.619163999889267,30.841948999760085],[-87.619231999661324,30.841831000044316],[-87.619298999608475,30.841632999724599],[-87.619554999701506,30.841777999928624],[-87.619845000129729,30.841858000266576],[-87.620092000001961,30.841864000057878],[-87.620236999766888,30.841900000340175],[-87.620297000041361,30.842047000067318],[-87.620389000102861,30.842234000344511],[-87.620400999798434,30.842258999759974],[-87.620649000393868,30.842398000031864],[-87.620990999802316,30.842609000148496],[-87.621195999841731,30.842792000279722],[-87.621163000229757,30.842880000180607],[-87.621010000068878,30.843050000023524],[-87.621019000289721,30.843115999972071],[-87.621138999940314,30.84318899992077],[-87.621343999979743,30.843217000097667],[-87.621683999738366,30.843208000151868],[-87.622145999695732,30.843595000143374],[-87.622455000390516,30.843844000155617],[-87.622396999765897,30.844138000369647],[-87.622440000321902,30.844305999646721],[-87.622534999858132,30.844386999744],[-87.622581999713816,30.844398999781145],[-87.622646000186222,30.844415999895482],[-87.622816000065541,30.844415000342561],[-87.622836999981942,30.84443300000682],[-87.622909999776866,30.844495000024391],[-87.62297099987623,30.844692999837076],[-87.623211000075756,30.845001000361712],[-87.623340999772097,30.845359999747846],[-87.623420000313118,30.845433999845284],[-87.623498999955842,30.845507999885715],[-87.623770000117503,30.845762000340624],[-87.623898000164019,30.845804999786296],[-87.624126999594552,30.845722999804355],[-87.624304999869778,30.845692999736976],[-87.624425000418697,30.845781000062196],[-87.624613999666266,30.846051999618794],[-87.624836000322432,30.846160999873415],[-87.625006000201736,30.846096000012452],[-87.625340000112587,30.845944999856808],[-87.625455999565233,30.846052999925924],[-87.625467000334211,30.846207000056935],[-87.62560399970323,30.846377999707496],[-87.625919000245815,30.846458000066235],[-87.625993999690564,30.84650900007696],[-87.626042000269479,30.846540999722073],[-87.626223999844342,30.846663999776819],[-87.626224999669247,30.846763000195466],[-87.626152999699244,30.847016999641436],[-87.626196000255248,30.847142999973297],[-87.626416000363278,30.847178000293184],[-87.626582000044635,30.847257999984873],[-87.62659700011325,30.847264999732989],[-87.626679000129002,30.847303999642406],[-87.626976000229917,30.847825999810674],[-87.627055999697546,30.848088000272433],[-87.6270669995682,30.848250999695271],[-87.626921999803244,30.848458999976035],[-87.626922999628164,30.848639999957232],[-87.627071999591081,30.848928000007227],[-87.627084000184965,30.849136000362542],[-87.62706900011635,30.849240999873736],[-87.6270230000856,30.849560999841987],[-87.62690900028278,30.849625000170242],[-87.626720000136885,30.849599000090244],[-87.626521999770176,30.849708000170864],[-87.62637700000522,30.849935000047388],[-87.626399999571433,30.85025999978825],[-87.626401000294678,30.850521999771995],[-87.62629800036251,30.850767000054141],[-87.625975000322327,30.851029999679529],[-87.625993999690564,30.851481999849405],[-87.625955000230817,30.852016000274197],[-87.62591800042091,30.852693999701454],[-87.625782999803377,30.852839000154621],[-87.625531999733212,30.852930000029183],[-87.625397000014004,30.853093999941091],[-87.62549200044856,30.853282999971459],[-87.625473000181984,30.853580999935982],[-87.625191999974589,30.853898999627443],[-87.625089999867328,30.854233999723675],[-87.625072000323996,30.854658999750377],[-87.62522499958655,30.854829999757747],[-87.625475999656715,30.854847000337145],[-87.625664999802609,30.854872999765778],[-87.625949000383045,30.855132999833916],[-87.625950000207951,30.855241999795165],[-87.625814999590432,30.855440999999136],[-87.625711999658265,30.855713000233958],[-87.625724000252148,30.855957000162405],[-87.625761000062084,30.85601299999523],[-87.625904000177201,30.856227000073972],[-87.626011000307315,30.856515999905351],[-87.626002000086501,30.856832000271854],[-87.626006000284463,30.857437999925992],[-87.626238000088037,30.857662000228597],[-87.626720000136885,30.857722999993122],[-87.626816000396374,30.857930999783406],[-87.626818000046185,30.858184000321614],[-87.626935000222048,30.858481000302852],[-87.627136000063501,30.858868999772714],[-87.627202000185747,30.859230000033939],[-87.627634000005884,30.859670999841811],[-87.627792000189629,30.859868999945604],[-87.627782999968801,30.860076999707783],[-87.627868000357594,30.860185000058848],[-87.628119000427773,30.86016600010587],[-87.628369999599613,30.860038000365076],[-87.628620999669778,30.860081999741009],[-87.628685000142212,30.860253000103238],[-87.628802000318075,30.860469999672876],[-87.62899099956563,30.860594999912788],[-87.629612000429972,30.861044000047396],[-87.63006599999143,30.861449000122178],[-87.63026699983287,30.861800000037004],[-87.630425999841535,30.862169999768767],[-87.630719999569408,30.862268000237968],[-87.631045000157727,30.862284000131968],[-87.631369000022829,30.862137999940046],[-87.631558000168724,30.862181999894535],[-87.631549999772787,30.862517000357958],[-87.63144699984062,30.862905999820988],[-87.631501000267306,30.86311399993485],[-87.631709999606358,30.863057999622335],[-87.631877999835851,30.863075999643765],[-87.631942000308271,30.863193000086046],[-87.631806999690752,30.863437000259001],[-87.631830000155276,30.863680999811038],[-87.631955999653655,30.863725999951328],[-87.632175999761685,30.863769999948154],[-87.632261000150493,30.863913999726389],[-87.632282999891814,30.864184999713213],[-87.632462999816866,30.864392000020828],[-87.632924999774232,30.864607000019806],[-87.633616999885348,30.864649000157005],[-87.633754000152706,30.864793000157167],[-87.633630000304152,30.864974000155808],[-87.633652000045458,30.865146000383159],[-87.633913999986291,30.865261999734606],[-87.634544000173122,30.865420999621335],[-87.634744000189656,30.865610000031179],[-87.634724999923094,30.865809000308776],[-87.634767999580802,30.8660710002226],[-87.63483600025117,30.86610699990171],[-87.634866000388399,30.866183999705431],[-87.634895999627332,30.866261000218401],[-87.634871000411295,30.866343999700643],[-87.634851000319784,30.866536000113488],[-87.634787999672284,30.866706999759824],[-87.634558000416831,30.866970999710553],[-87.634322000415281,30.867422000225499],[-87.634232000003593,30.867657999775812],[-87.634092000261504,30.867811999914011],[-87.633874999628219,30.868131000294483],[-87.633728000213424,30.868273999615223],[-87.633390000104626,30.868443999942933],[-87.63307100026239,30.868802000182178],[-87.633035000277403,30.868949000317539],[-87.63302600005656,30.868988999958599],[-87.633103000049445,30.869158999789317],[-87.633128000163808,30.869258000118691],[-87.6331349998365,30.869357000345893],[-87.633089999630656,30.869483999919005],[-87.632892000162258,30.869896000217189],[-87.63291700027662,30.871090000128618],[-87.632872000070776,30.871204999952809],[-87.632757000443036,30.871260000088121],[-87.632547000380768,30.871292999999948],[-87.63239400021989,30.871391999667324],[-87.632386999648872,30.871677999930913],[-87.63231700022699,30.87177199977727],[-87.632246999906798,30.871805000283857],[-87.632195999853153,30.871793999859275],[-87.632061999958864,30.871875999910028],[-87.63184500022389,30.872150999887758],[-87.631704999583476,30.872294000150365],[-87.63168600021524,30.872326999706171],[-87.631851000071677,30.872348999660726],[-87.631890000429735,30.872343000234373],[-87.631991999638672,30.872348999660726],[-87.632016999753034,30.872393000325737],[-87.632016999753034,30.872591000369802],[-87.631933999912334,30.872733999975836],[-87.631896000277507,30.872832999696747],[-87.631805999865833,30.872920999791162],[-87.631703999758585,30.873002999648694],[-87.631455000236556,30.873311000235795],[-87.631225999907699,30.873812000340354],[-87.631162000333589,30.874312000126473],[-87.631001999601722,30.874553999733767],[-87.631001999601722,30.874823999702166],[-87.630900000392757,30.875000000008779],[-87.630783000216908,30.87518400001878],[-87.630661999843085,30.875431999741398],[-87.630533999796569,30.875540999755316],[-87.63045799962859,30.875876999789085],[-87.630387000381788,30.875987000062757],[-87.630246999741374,30.876151999850986],[-87.630183000167293,30.876212000194176],[-87.630151000380238,30.876416000000599],[-87.630060999968549,30.87733399992306],[-87.629946000340823,30.877626000053638],[-87.629716000187059,30.877996000377355],[-87.629594999813222,30.878191999694845],[-87.629569999698859,30.878258000130078],[-87.62961999992757,30.878381000364236],[-87.629659000285642,30.878477999710466],[-87.629582000292743,30.878627000358897],[-87.629474000337723,30.878670999683344],[-87.629460999918919,30.878741999619493],[-87.629492999705974,30.878802999848389],[-87.629594999813222,30.878907000060611],[-87.629576000444956,30.879215000175236],[-87.629614000079798,30.879341999791489],[-87.629415999713075,30.879561999966807],[-87.629434999979637,30.879771000128084],[-87.629421999560861,30.879853000291813],[-87.629326000199697,30.879941000107422],[-87.629281999818772,30.880012999826391],[-87.62921099967366,30.880194000379916],[-87.62910299971864,30.880425000346897],[-87.628923999618493,30.880463999875857],[-87.628822000409556,30.88051299963713],[-87.628280000086249,30.880682999841866],[-87.628146000191961,30.880798999663337],[-87.627979999612279,30.880997000070884],[-87.627521000027983,30.881618000201698],[-87.62695899961318,30.881783000315679],[-87.62683200028988,30.881881999939274],[-87.626588999717328,30.882090999665316],[-87.626391000248915,30.882327000098929],[-87.626218999821475,30.882574999836688],[-87.626098000345962,30.882832999709393],[-87.626045999569115,30.882980999830735],[-87.625981999995005,30.883310999705227],[-87.625893000306561,30.883410000062643],[-87.625504000144119,30.883784000061283],[-87.625439999671713,30.883811999948829],[-87.625382999770309,30.88382800010119],[-87.625313000348413,30.88382800010119],[-87.625000000353964,30.883773000240915],[-87.624731999667048,30.883777999808967],[-87.624540000046423,30.883816000372622],[-87.624349000250731,30.883959000187925],[-87.624253999816162,30.884091000005832],[-87.624292000349314,30.884174000236218],[-87.624572999658398,30.884174000236218],[-87.624699999879994,30.884234000181532],[-87.624674999765631,30.884371999835995],[-87.624483999969925,30.884482000379034],[-87.624324000136355,30.884536999832246],[-87.623647999918759,30.88459200002481],[-87.623431000183771,30.88459200002481],[-87.623170000067859,30.884674999821161],[-87.622946999586802,30.88484000006645],[-87.622819000438597,30.884895000085052],[-87.62243699994886,30.88486799964533],[-87.622277000115275,30.884895000085052],[-87.622155999741466,30.885033000329127],[-87.622155999741466,30.885220000041009],[-87.62196499994576,30.885451000224066],[-87.62161400031647,30.8854789996244],[-87.621543999996263,30.8854789996244],[-87.621455000307805,30.885534000047045],[-87.621296000299154,30.885831000087595],[-87.621162000404851,30.885858000255876],[-87.621129999719486,30.886084000223821],[-87.621041000031028,30.886249000354887],[-87.621104999605137,30.886523999941677],[-87.621104999605137,30.886550999914622],[-87.621003000396186,30.886578999764293],[-87.620912999984512,30.886634000326222],[-87.62093899992378,30.886716999895011],[-87.621072999818082,30.886875999648357],[-87.621041000031028,30.88695899977839],[-87.620913999809432,30.887014000122107],[-87.620531000393086,30.887040999956938],[-87.620339999699056,30.887272000373997],[-87.620306000262204,30.887335000320977],[-87.620270000277188,30.887404000252079],[-87.620396999600473,30.887568999651098],[-87.620396999600473,30.887596999974125],[-87.620537000240859,30.887640999804354],[-87.620585999746368,30.887663999970432],[-87.620595999792101,30.887669000106325],[-87.620652999693519,30.887766999942379],[-87.620652999693519,30.887816999694216],[-87.620372000384435,30.888063999997279],[-87.620339999699056,30.888063999997279],[-87.620339999699056,30.888262000036203],[-87.620532000218006,30.888646999625401],[-87.62055800015726,30.888971999956176],[-87.620468999570505,30.889307000056139],[-87.620430000110744,30.889472999885477],[-87.62043099993565,30.890006000062808],[-87.620717999990831,30.890659999786994],[-87.620749999777885,30.890659999786994],[-87.621203000412734,30.891408000295481],[-87.621210999910332,30.891594000063208],[-87.621229000352002,30.891985999700356],[-87.621292999926098,30.892172999713193],[-87.621363000246305,30.892211000029796],[-87.621523000079861,30.892260999774276],[-87.621745999662636,30.892481000343995],[-87.62202799969495,30.893614000169194],[-87.622026999870016,30.893668999774654],[-87.622001999755668,30.893993000215016],[-87.622034000441033,30.894246000374793],[-87.62224500032822,30.89460399979686],[-87.622212999642883,30.894795999857074],[-87.622212999642883,30.89482400037976],[-87.621893999800648,30.895103999759847],[-87.621862999838498,30.895103999759847],[-87.621646000103524,30.895132000192422],[-87.621333000109075,30.895072000136448],[-87.62110999962799,30.895099000012134],[-87.620918999832284,30.895270000332708],[-87.620881000197457,30.895461999828346],[-87.620918999832284,30.895736999940969],[-87.621071999993163,30.895901999629416],[-87.621231999826733,30.896033999946305],[-87.621231999826733,30.896183000266358],[-87.621327000261303,30.896315000195852],[-87.62164699992843,30.896540000374497],[-87.621862999838498,30.896566999836214],[-87.622022999672069,30.896566999836214],[-87.622124999779331,30.896616999618722],[-87.622124999779331,30.896754000153152],[-87.621831999876349,30.896951999954627],[-87.621743000187905,30.897089999784328],[-87.621805999937095,30.897200000366343],[-87.621863999663418,30.897556999765829],[-87.621806999762001,30.897722999940083],[-87.621424000345669,30.897888000060195],[-87.621072999818082,30.898046999766837],[-87.621041999855933,30.898196000037583],[-87.620882000022377,30.898328000275132],[-87.62062099990645,30.898383000256178],[-87.620372000384435,30.898657999687437],[-87.620347000270073,30.898657999687437],[-87.620155999576042,30.899070999928096],[-87.619926000320604,30.899273999863684],[-87.619767000311924,30.899274999615464],[-87.619224000163712,30.899076999993156],[-87.618975999568292,30.899104000281064],[-87.61884199967399,30.899186999833862],[-87.618752999985531,30.899483999928801],[-87.618593000151961,30.899880000163755],[-87.618459000257658,30.899956999805088],[-87.61824300034759,30.899956999805088],[-87.617891999820003,30.899880000163755],[-87.617789999712755,30.899907999970424],[-87.617350000394993,30.900094999928342],[-87.617317999709641,30.900094999928342],[-87.616705999964452,30.900650999694211],[-87.61632299964981,30.900947999872148],[-87.616003999807589,30.901256000025548],[-87.615972000020534,30.90128400020059],[-87.615685999790273,30.901640999787244],[-87.615455999636495,30.90208200020437],[-87.615272000411792,30.902779999735746],[-87.615272000411792,30.903104999887876],[-87.61534199983366,30.903545000019548],[-87.615272000411792,30.903681999889358],[-87.614832000195747,30.903825999805591],[-87.614761999875526,30.903853000295669],[-87.614411000246264,30.904133999948343],[-87.614378999560884,30.904314999622429],[-87.614411000246264,30.904457999659471],[-87.614608999714662,30.904568000254134],[-87.61469900012635,30.904854000129429],[-87.615113000403142,30.905007999826918],[-87.615240999551347,30.90516700004034],[-87.615240999551347,30.905206000285052],[-87.615151999862874,30.905474999721861],[-87.615017999968572,30.905641000040077],[-87.61469900012635,30.905838999959538],[-87.614674000011988,30.905838999959538],[-87.614380000284129,30.906163000065359],[-87.614316999636614,30.906558999647256],[-87.61434900032198,30.906917000042935],[-87.614099999901626,30.907186999735373],[-87.614068000114585,30.907186999735373],[-87.61387700031888,30.907439999712263],[-87.613838999785727,30.907466999953623],[-87.613838999785727,30.907660000086825],[-87.614125999840908,30.907989999700394],[-87.614100999726546,30.908258999790856],[-87.613998999619312,30.908485000070304],[-87.613966999832257,30.908485000070304],[-87.613718000310215,30.908705000354878],[-87.613266000398596,30.909068000219726],[-87.612953000404147,30.90944799962017],[-87.612755999862344,30.909969999691278],[-87.612667000173886,30.910080000116736],[-87.612565000066638,30.910195999783781],[-87.612565000066638,30.910223000018295],[-87.612341999585553,30.910609000340447],[-87.61228399985923,30.910944000266468],[-87.61228499968415,30.911796999867782],[-87.61228499968415,30.91292400002423],[-87.61222199993496,30.913369999655576],[-87.612062000101389,30.913699999617187],[-87.611712000297032,30.91400199968227],[-87.611520999603002,30.914553000083252],[-87.611386999708714,30.914833000328539],[-87.610947000390951,30.915114000111512],[-87.610908000032893,30.915114000111512],[-87.610749000024242,30.915350000078721],[-87.610684999551808,30.915416000337675],[-87.610627999650418,30.915768999758619],[-87.610558000228536,30.916044000103561],[-87.61017499991388,30.916291000028231],[-87.609952000331134,30.916516999834311],[-87.609895000429717,30.916737000148974],[-87.609924999668621,30.91710699964236],[-87.609927000216757,30.917122000060257],[-87.609768000208106,30.917671999888238],[-87.609601999628438,30.918089999862286],[-87.609091999990497,30.919167999884447],[-87.608659000345455,30.919521000103913],[-87.608429000191677,30.919763000298616],[-87.608276000030813,30.920125999828059],[-87.608301999970081,30.920736000299843],[-87.607639000171261,30.921732000109831],[-87.607735000430736,30.922221999643959],[-87.607696999897584,30.922479999799059],[-87.607499000429186,30.922953000074038],[-87.607506000101878,30.923294000022029],[-87.607435999781686,30.92391000037626],[-87.607244999985966,30.924707999735148],[-87.60705300036534,30.925121000067101],[-87.606963999778586,30.925231000026457],[-87.606613000149295,30.925257999871047],[-87.606352000033382,30.925621000123748],[-87.605823000128865,30.926605999631374],[-87.605791000341824,30.926804000091465],[-87.605823000128865,30.927023999865039],[-87.605758999656459,30.927222000230302],[-87.605530000225912,30.927360000335895],[-87.605337999706975,30.92757399978181],[-87.605306999744826,30.927854999897104],[-87.605249000018503,30.928019999695142],[-87.605058000222812,30.928123999617771],[-87.604898000389241,30.928355999748835],[-87.604867000427106,30.928679999893394],[-87.604899000214161,30.928877999912231],[-87.60482899989394,30.928960999840982],[-87.604739000380576,30.929037999970419],[-87.60451599989949,30.929175000327628],[-87.604387999852975,30.929456000361789],[-87.604222999996537,30.929977999914467],[-87.603872000367247,30.930534000198108],[-87.603680999673244,30.930617000230622],[-87.603520999839674,30.930831000093406],[-87.603520999839674,30.931111999884511],[-87.603463999938256,30.931193999996932],[-87.603304999929605,30.93130399990574],[-87.603273000142551,30.931331999764303],[-87.602986000087384,30.931435999937548],[-87.602820000406027,30.931600999721031],[-87.602787999720661,30.931798999855882],[-87.602954000300329,30.932069000219634],[-87.603082000346845,30.93234900004834],[-87.6031140001339,30.932564000062065],[-87.603082000346845,30.932564000062065],[-87.602789000443877,30.933119999948683],[-87.602427999870557,30.93378900030498],[-87.602087000287,30.934422999804081],[-87.601997999700245,30.93475300033467],[-87.601806999904539,30.934946000128761],[-87.60171099964505,30.935083999874379],[-87.601769000269684,30.935330999943496],[-87.601769000269684,30.935579000288001],[-87.601678999858009,30.935748999792125],[-87.601328000228719,30.935858999854059],[-87.601194000334431,30.93596899978937],[-87.600945999738997,30.936375999990691],[-87.600715999585233,30.936656999665669],[-87.599702000157137,30.937817999931003],[-87.599350999629522,30.937950000215242],[-87.598457999676953,30.938037999789842],[-87.598228000421486,30.938202999736905],[-87.598195999736134,30.938202999736905],[-87.598110000420732,30.93828700016094],[-87.598004999940429,30.938390000359981],[-87.598004999940429,30.938527999756996],[-87.597916000251956,30.938968000323118],[-87.597756000418386,30.939303999657778],[-87.597334999570606,30.939881000160018],[-87.596862999567492,30.940574000071933],[-87.596736000244206,30.940932000300656],[-87.596703999558841,30.941013999695134],[-87.596480999976066,30.941510000301911],[-87.596167999981631,30.941811999618778],[-87.596060000026597,30.941927000021099],[-87.596008999972966,30.941982999671158],[-87.595810999606243,30.94242800009906],[-87.59581800017726,30.942483000155281],[-87.595741000184375,30.942779999911767],[-87.595466999649659,30.943358000294065],[-87.595013999913135,30.944634000291426],[-87.594886999691525,30.945370999893669],[-87.594886999691525,30.945706999832048],[-87.594849000056698,30.945734000057872],[-87.594599999636358,30.946124999761906],[-87.594465999742042,30.946476999825588],[-87.594447000373805,30.946834000259795],[-87.59438299990137,30.94697199979182],[-87.594064000059149,30.947604999663959],[-87.593905000050484,30.948050000107905],[-87.593905000050484,30.948353000339146],[-87.593802999943222,30.948687999801912],[-87.593802999943222,30.94912799981859],[-87.593893000354925,30.949452999667944],[-87.594115999937671,30.949650999804742],[-87.594186000257892,30.949733000192559],[-87.594186000257892,30.949871000160257],[-87.594155000295743,30.949897999979925],[-87.59383599955521,30.950128999665694],[-87.593516999712975,30.950316000066191],[-87.593293000305309,30.950613000131284],[-87.593038000037168,30.950921999833824],[-87.592662000293529,30.951163999905276],[-87.591985000251015,30.951197000007603],[-87.591735999830689,30.951362000348233],[-87.591608999609065,30.951669999964906],[-87.591666000408779,30.951938999695802],[-87.591858000029418,30.952296999720804],[-87.591826000242364,30.952549999781663],[-87.591417999813359,30.952798000128904],[-87.591092000298431,30.953133000184565],[-87.590933000289766,30.953513000148028],[-87.590933000289766,30.953820999763508],[-87.591093000123351,30.954343000305897],[-87.591195000230599,30.954617999876834],[-87.591355000064169,30.955036000112131],[-87.591386999851224,30.955718000258909],[-87.591355000064169,30.956405999709229],[-87.591317000429328,30.95665899967285],[-87.591189000382812,30.957126000044074],[-87.590895999581548,30.957462000243208],[-87.590513000165217,30.957841999933741],[-87.590423999578434,30.958121999751967],[-87.590072999949157,30.958556999946097],[-87.589881000328532,30.958891999834346],[-87.589919999788279,30.959227999983774],[-87.589951999575334,30.959309999854547],[-87.590041000162117,30.959723000134556],[-87.589944999902627,30.959888000385035],[-87.589951999575334,30.959965000250332],[-87.589728999992559,30.960157999969997],[-87.589632999733112,30.960437999931628],[-87.589530999625865,30.960774000034505],[-87.589410000150338,30.960911000351626],[-87.589402999579335,30.96093299997375],[-87.589122000270251,30.9611260000482],[-87.588957000413814,30.961351000305175],[-87.588957000413814,30.961383999969616],[-87.589026999835696,30.961647999955954],[-87.589116000422464,30.961873999621247],[-87.589148000209519,30.961929000038321],[-87.589116000422464,30.962039000007103],[-87.58905899962275,30.96226399965364],[-87.588899999614085,30.962726000285802],[-87.588887000093621,30.963282000323954],[-87.588677000031325,30.963837000358794],[-87.588670000358633,30.964162000234968],[-87.588887000093621,30.964519000056551],[-87.588830000192203,30.964942999882215],[-87.588798000405149,30.965272999777124],[-87.588861999979258,30.965790000220924],[-87.589053999599884,30.966263000321835],[-87.589053999599884,30.966285000251595],[-87.589308999867995,30.966625999670011],[-87.589692000182652,30.966922999860873],[-87.589973000390046,30.967275000317223],[-87.590043999636833,30.967556000017009],[-87.59036300037738,30.967968000263603],[-87.590452000065852,30.968435000023717],[-87.590452000065852,30.968577999689714],[-87.590611999899409,30.969068000168861],[-87.590745999793711,30.969348000193847],[-87.590905999627282,30.969661999839325],[-87.591186999834676,30.969936999975648],[-87.591538000362277,30.970091000383853],[-87.591666000408779,30.970178999625229],[-87.591729999982903,30.970425999863643],[-87.591774000363827,30.970542000260206],[-87.591883000143767,30.970739999814747],[-87.591934000197398,30.970949000311052],[-87.591934000197398,30.971290000016989],[-87.591952999565649,30.971360999779964],[-87.592080999612165,30.971840000131529],[-87.592330000032533,30.972329000284905],[-87.59264999969966,30.972659000069093],[-87.592682000385025,30.972874000271641],[-87.592458000079034,30.973352000215762],[-87.592489999866075,30.973929999703227],[-87.59264999969966,30.974121999955265],[-87.592829999624712,30.974459000165723],[-87.592944000325843,30.974671999927402],[-87.592944000325843,30.975111999625906],[-87.593002000052152,30.975365000093763],[-87.593072000372359,30.975393000134748],[-87.59323100038101,30.975474999987572],[-87.593511999690108,30.975667999935983],[-87.593537999629362,30.975958999862709],[-87.593480999727959,30.976074999697321],[-87.593346999833656,30.976240000188618],[-87.593315000046601,30.976273000098587],[-87.593192999847872,30.976498000091027],[-87.593263999992985,30.976718000221119],[-87.593263999992985,30.976750999965812],[-87.593513000413324,30.976993000055696],[-87.593551000048166,30.976987999967754],[-87.593551000048166,30.977103000383842],[-87.593493000321843,30.97743799990204],[-87.593480999727959,30.977510000187532],[-87.593253999947237,30.977695999646812],[-87.593200000418875,30.977741000095065],[-87.592848999891274,30.978181999976318],[-87.592848999891274,30.978369000131519],[-87.592778999571081,30.978560999926138],[-87.59245999972886,30.979061999641143],[-87.592530999873972,30.979392000022806],[-87.592499000086917,30.979579000117639],[-87.592339000253347,30.979755000279969],[-87.592237000146099,30.979941999663517],[-87.592300999720194,30.980184000133949],[-87.592499000086917,30.980276999998761],[-87.592939000302962,30.980305000139058],[-87.593130999923602,30.980463999899783],[-87.593201000243795,30.980794000054402],[-87.593105999809239,30.98110799978615],[-87.592849999716194,30.981376999772152],[-87.592849999716194,30.981636000081384],[-87.592971999914937,30.982102999977624],[-87.593068000174398,30.982432999855408],[-87.593131999748493,30.983038000261271],[-87.593284999909372,30.983395999989579],[-87.593604999576513,30.9839510001507],[-87.593763999585178,30.984050000318909],[-87.594434999779907,30.984225999936399],[-87.594818000094563,30.984556000173384],[-87.595105000149729,30.984968000206742],[-87.595048000248312,30.985161000210521],[-87.594696999720725,30.985463999756085],[-87.594729000406105,30.985794000331978],[-87.595111999822421,30.986123999766455],[-87.59513799976169,30.986117999772933],[-87.595521000076346,30.986316000130383],[-87.595648000297942,30.986640000108995],[-87.59591000023876,30.986783000224975],[-87.596229000080996,30.986783000224975],[-87.596504000440603,30.987229000227781],[-87.596542999900365,30.988471999843309],[-87.596664000274188,30.988714000242979],[-87.596767000206341,30.988824000151698],[-87.59679200032069,30.9891039999771],[-87.596735000419287,30.989434000283943],[-87.596472999580158,30.989731000354173],[-87.59644800036412,30.989813999783273],[-87.5963839998917,30.989923999963764],[-87.596702999733921,30.990644000113299],[-87.597143999774886,30.99078200025291],[-87.597175999561941,30.99078200025291],[-87.597336000293822,30.99100199979484],[-87.59743800040107,30.991277000048832],[-87.597598000234655,30.991611999861192],[-87.597686999923098,30.992134999719426],[-87.597758000068211,30.992431999850872],[-87.598165999598905,30.992993000143006],[-87.59819800028427,30.992993000143006],[-87.598108999697487,30.993349999941028],[-87.59813499963677,30.993675000206554],[-87.598236999744017,30.994291000369923],[-87.598429000262954,30.994587999948504],[-87.598709999572037,30.995028000219499],[-87.59858900009651,30.995412999657809],[-87.598620999883565,30.995633000069123],[-87.59899800035042,30.996297999644629],[-87.598990999779417,30.996551000151808],[-87.598837999618553,30.996765999656542],[-87.598799999983726,30.996765999656542],[-87.598646999822847,30.996820999989229],[-87.598620999883565,30.997041000232713],[-87.598620999883565,30.997073999878999],[-87.598711000295253,30.997239000248989],[-87.598839000341769,30.997398000279428],[-87.598839000341769,30.997426000015221],[-87.598829000296035,30.997455000007868],[-87.59608400031604,30.997473999653081],[-87.593082000418093,30.997482000232115],[-87.585889000393635,30.997619000225303],[-87.585516000124727,30.997627000022121],[-87.58142700010545,30.997607999637328],[-87.581212999845206,30.997607000143844],[-87.581176000035285,30.997607000143844],[-87.58116000014175,30.997607000143844],[-87.581149000271111,30.997607000143844],[-87.581094000019519,30.997605999880314],[-87.570771999875504,30.997546000219682],[-87.570760000179931,30.997546000219682],[-87.570749000309277,30.997546999713816],[-87.570519999980419,30.997546999713816],[-87.569062999963222,30.99754399969131],[-87.568786999778709,30.997546999713816],[-87.568591999785042,30.997543000197155],[-87.56853599970853,30.997541999932935],[-87.568411999859975,30.997540000174521],[-87.5664279995881,30.997534999623298],[-87.565532000160772,30.997535999887592],[-87.565167000287801,30.997535999887592],[-87.564747000163223,30.997535999887592],[-87.564448000412483,30.997540000174521],[-87.564121999999244,30.997541999932935],[-87.563793999936195,30.99754399969131],[-87.56371600011839,30.997546000219682],[-87.5629429998164,30.997551000000346],[-87.560478000218893,30.997579999954993],[-87.559294000013153,30.997596000324481],[-87.557514999780693,30.997608999900859],[-87.556663999660913,30.997611999921315],[-87.555697999913377,30.997587999755069],[-87.555524999661031,30.997587000261372],[-87.555500000444994,30.997587000261372],[-87.554861999862212,30.997581999712551],[-87.552439999922413,30.997613000184732],[-87.551254000066862,30.997607000143844],[-87.550953999592892,30.997599000345346],[-87.550396000274375,30.997567000374712],[-87.550126999762568,30.99755800030881],[-87.549920000073314,30.997551000000346],[-87.549734000300489,30.997546000219682],[-87.549012000052116,30.99751599999022],[-87.548869999761905,30.99750999994319],[-87.548791000119181,30.997508000184091],[-87.54871300030139,30.997517999749142],[-87.54866499972249,30.997529999841795],[-87.548627999912568,30.997541999932935],[-87.54861600021701,30.997544999955501],[-87.548560000140498,30.997569999626453],[-87.548391000086099,30.997671000047525],[-87.54822299985662,30.99779699997309],[-87.548196999917337,30.997816999811505],[-87.548175000176045,30.997833000141252],[-87.54814099984084,30.997857999736684],[-87.548059999649993,30.997922000241957],[-87.548042999931567,30.997916999710775],[-87.542694000436882,30.997857999736684],[-87.541377999986693,30.997842000181187],[-87.54110000015234,30.997839000167968],[-87.540952999839249,30.997836999645752],[-87.540930000273036,30.997836999645752],[-87.540834999838467,30.997834999893509],[-87.540809999724118,30.997834999893509],[-87.533667999753263,30.997748000235735],[-87.530825999688915,30.99771800006982],[-87.530805999597405,30.99771800006982],[-87.528017999959715,30.997684999876402],[-87.52800399971602,30.997684999876402],[-87.527986000172675,30.997684999876402],[-87.527967999731004,30.997684000383657],[-87.527877000392721,30.997683000120993],[-87.527463999940849,30.99767800034725],[-87.527102000440934,30.997674000066034],[-87.520142999869876,30.997592000039898],[-87.517751999892198,30.997593999797214],[-87.515565000129044,30.99758499973386],[-87.514944999987932,30.997543000197155],[-87.514832999834951,30.997547999977968],[-87.513409000328025,30.997593000303517],[-87.513337000358007,30.997601000102527],[-87.513229000402973,30.997613000184732],[-87.507731000047087,30.997637000344671],[-87.505191999931412,30.997648000159312],[-87.499980999630679,30.997672000310395],[-87.498973999875275,30.997852999972128],[-87.498511999917923,30.997936000033992],[-87.498441999597716,30.997937000294012],[-87.498428000252332,30.997937000294012],[-87.498376000373796,30.997937999784046],[-87.496515999950475,30.997946999814083],[-87.490009000189346,30.997979999916829],[-87.488439000194262,30.997996999708622],[-87.488420999752577,30.997996999708622],[-87.488373999896922,30.997997999968071],[-87.488342000109867,30.997999000227491],[-87.487622000409644,30.998019000023557],[-87.486100999920026,30.998052000101396],[-87.486061999561969,30.998053000360258],[-87.485992000140087,30.998053999849084],[-87.485172999807347,30.998071999886356],[-87.483772999691567,30.998106999692403],[-87.482714999882546,30.998139000251875],[-87.481600000172094,30.998073999633611],[-87.480291000292908,30.997996999708622],[-87.480020000131262,30.997981000176445],[-87.479866000145492,30.997972000149616],[-87.479701000289026,30.997961999862191],[-87.479627999595778,30.997958000362935],[-87.479609000227526,30.997940000304151],[-87.479584999938083,30.997922999732143],[-87.479558000173895,30.997910000198644],[-87.479528999861586,30.997901999655575],[-87.479456000066648,30.997892000130786],[-87.479353999959415,30.997887000367999],[-87.479194999950735,30.997880000083679],[-87.479165999638425,30.997878999823023],[-87.478995999759107,30.997878000332367],[-87.478712000076996,30.997877000071657],[-87.478267999662961,30.997875000320267],[-87.477988000178811,30.997872999798801],[-87.477870000178029,30.997872999798801],[-87.477737000108633,30.997869999786552],[-87.47765000007,30.997868000035023],[-87.477600999666194,30.997866999774224],[-87.477453000426507,30.997865000022671],[-87.477392000327143,30.997863999761847],[-87.477236999618142,30.997862000010176],[-87.477193000135514,30.997862000010176],[-87.476080999899821,30.997866999774224],[-87.473545000157188,30.997869999786552],[-87.472692000387582,30.997871000047336],[-87.472468000081605,30.997869000295804],[-87.471678000061161,30.997863000271035],[-87.469811999790068,30.997860999749303],[-87.467477999713807,30.997865000022671],[-87.467291000116049,30.997854999723977],[-87.467127999909437,30.997833000141252],[-87.467118999688608,30.997901999655575],[-87.467095000297491,30.997940000304151],[-87.467026999627109,30.997973999898981],[-87.466876000014366,30.997975999648297],[-87.46682400013583,30.997976999907952],[-87.466681999845605,30.997978999657203],[-87.466428000300709,30.997987999683371],[-87.466330000391409,30.997988999942908],[-87.466151000291276,30.997990999691908],[-87.466094000389859,30.997991999951342],[-87.465636999557063,30.997984000185195],[-87.46550299966276,30.997985999934308],[-87.465434999890689,30.997996000219224],[-87.465335000331578,30.998010000000317],[-87.465275999882039,30.998023000290296],[-87.465255999790557,30.998026999786767],[-87.464684000228345,30.997905999927159],[-87.462602999872075,30.997902999915954],[-87.462227000128436,30.9978980001538],[-87.462063999921824,30.997895999632817],[-87.461842999988875,30.997896999893321],[-87.461728000361148,30.997919999721535],[-87.461587999720749,30.997946999814083],[-87.459758000332968,30.997982999925608],[-87.459184000222606,30.998133000244028],[-87.458924999756519,30.9980629998681],[-87.458681000257357,30.997934000283838],[-87.458508999829917,30.997946000324148],[-87.458465000347303,30.997934999773896],[-87.458384000156457,30.997914999960223],[-87.458241000041312,30.997901000165108],[-87.458108999796849,30.997893999881821],[-87.455682999659075,30.997871000047336],[-87.454805999600012,30.997865000022671],[-87.454100999968404,30.9978559999849],[-87.453806000415639,30.997852999972128],[-87.453721000026817,30.997851999711166],[-87.453489000223215,30.997851000220226],[-87.453322999643547,30.997849999959239],[-87.451664999784896,30.997839999659032],[-87.450798999596515,30.997842000181187],[-87.449781999795348,30.997837999906853],[-87.449760999878947,30.997837999906853],[-87.449611999916044,30.997836999645752],[-87.447312999999895,30.997860000258481],[-87.447256999923397,30.997860000258481],[-87.446901000271254,30.997863999761847],[-87.446531000375387,30.997872999798801],[-87.444598999982048,30.997893999881821],[-87.443552999868572,30.997887999858566],[-87.441458000166932,30.997877000071657],[-87.441443000098317,30.997877000071657],[-87.437201999743053,30.997857000245812],[-87.435687999824466,30.997848999698252],[-87.435662999710104,30.997848999698252],[-87.435336000370285,30.997848000207291],[-87.434316000196091,30.997819999825424],[-87.433741000260824,30.997807000277863],[-87.432025999602445,30.997754999759749],[-87.432011000432155,30.997754999759749],[-87.431342999712143,30.997742999695351],[-87.430119000221765,30.997745000219556],[-87.426422999664567,30.997737999924816],[-87.425968000278218,30.997739999679069],[-87.425630999994311,30.997740999941151],[-87.425615999925711,30.997740999941151],[-87.415297000154737,30.998059000373143],[-87.415286000284084,30.998059000373143],[-87.415073999673652,30.998065999874282],[-87.40975600014113,30.998052000101396],[-87.408760000256393,30.998050000353683],[-87.408116999650744,30.99804799983588],[-87.408104000130265,30.99804799983588],[-87.408054999726474,30.99804799983588],[-87.40794599994652,30.99804799983588],[-87.407919000182332,30.99804799983588],[-87.407892000418158,30.998047000347004],[-87.407848999862139,30.998047000347004],[-87.407800000356659,30.998047000347004],[-87.407381000057001,30.998046000088078],[-87.407304000064087,30.998046000088078],[-87.404476000243434,30.998040000074429],[-87.404285000447729,30.998040000074429],[-87.404045000248217,30.998040000074429],[-87.403573000245117,30.998038999815424],[-87.401923999708984,30.998035999808405],[-87.400377000178409,30.998032999801293],[-87.398685999809487,30.998029000305014],[-87.398638999953818,30.998029000305014],[-87.39858500042547,30.998029000305014],[-87.398539000394706,30.998029000305014],[-87.398509000257476,30.998029000305014],[-87.398475999747205,30.998028000045895],[-87.397920999903434,30.998026999786767],[-87.394728000209781,30.998020000282764],[-87.391872999726615,30.998014000267435],[-87.391845000137522,30.998014000267435],[-87.391687999778668,30.998014000267435],[-87.387509000246027,30.998005000243776],[-87.38151799997064,30.997988999942908],[-87.381485000358666,30.997988999942908],[-87.381435999954874,30.997988999942908],[-87.381384000076338,30.997988999942908],[-87.381324999626798,30.997987999683371],[-87.381307000083424,30.997987999683371],[-87.380800999745148,30.997987000193859],[-87.37496000015588,30.997972000149616],[-87.373560999865006,30.998091999667114],[-87.373499999765642,30.998097000189116],[-87.373438999666263,30.998103000199226],[-87.37341600010005,30.998104999945848],[-87.37335400017578,30.998109999697199],[-87.373052000051985,30.998136000248007],[-87.37204500029658,30.998222000064779],[-87.370630999937106,30.998342000037699],[-87.370471999928441,30.998343000293467],[-87.370280000307815,30.998310000316341],[-87.370255000193467,30.998306000061689],[-87.367832000428749,30.997893999881821],[-87.367706999856949,30.99788199983497],[-87.367290000105442,30.997878999823023],[-87.367049000081025,30.997890999870243],[-87.366859000110225,30.997896999893321],[-87.366152999755386,30.997910999688955],[-87.365438000078029,30.997895999632817],[-87.364667000324175,30.997884999846775],[-87.36422799993305,30.997860999749303],[-87.36411699960496,30.997860999749303],[-87.364026000266676,30.997872000308096],[-87.363979000411007,30.997886000107407],[-87.363909000090828,30.997892999621303],[-87.36388399997648,30.997895999632817],[-87.363868000082931,30.997892000130786],[-87.363764000325872,30.997866000283441],[-87.363720999769839,30.997860999749303],[-87.363415000346407,30.997862000010176],[-87.362881000419037,30.997854000233076],[-87.362371999707676,30.997839999659032],[-87.361174000156566,30.997831999880074],[-87.360606999718911,30.997836000154649],[-87.360205999860938,30.997843999933263],[-87.359563999978505,30.9978559999849],[-87.359553000107852,30.9978559999849],[-87.359355999566034,30.997860000258481],[-87.35831600019867,30.9978559999849],[-87.357209999810749,30.997860999749303],[-87.355570000393783,30.997858999997597],[-87.355450999669785,30.997865000022671],[-87.350799000309095,30.998166999770106],[-87.350781999692344,30.998168000027697],[-87.347893999597247,30.998270000072079],[-87.347326000232968,30.998270000072079],[-87.3444830003437,30.998270000072079],[-87.343965000309822,30.998271000328604],[-87.338319999640845,30.998271999815202],[-87.338087000012351,30.998247999815057],[-87.337794999934289,30.998217999806439],[-87.337433000434359,30.99818400029854],[-87.337252999610982,30.998166999770106],[-87.336934999593666,30.998136000248007],[-87.335270000062337,30.997972000149616],[-87.335069000220869,30.997952000343751],[-87.335029999862826,30.99794800007405],[-87.334991000403079,30.997943999804171],[-87.334290000071121,30.997875000320267],[-87.334270999804545,30.99788199983497],[-87.334259999933877,30.997877000071657],[-87.334230999621568,30.997869999786552],[-87.334192000161806,30.997866000283441],[-87.334112999620785,30.997857999736684],[-87.334078000359014,30.997854999723977],[-87.334044999848714,30.997860000258481],[-87.334007000213902,30.997860000258481],[-87.333982999924444,30.997860000258481],[-87.333049999788898,30.997849999959239],[-87.332622999991628,30.997848000207291],[-87.332101999584737,30.997848000207291],[-87.331570000205474,30.997842999672212],[-87.329484999651257,30.997842000181187],[-87.329097000212059,30.997851999711166],[-87.329057000029081,30.997851999711166],[-87.327113999765089,30.997845000194314],[-87.327013000381044,30.997845000194314],[-87.326888999634178,30.997842000181187],[-87.326691000165781,30.997837999906853],[-87.326202000444241,30.997842999672212],[-87.326011999575115,30.997842999672212],[-87.325676999839374,30.997842999672212],[-87.323839000055656,30.997833999632356],[-87.322707999553387,30.997836000154649],[-87.322689000185136,30.997836000154649],[-87.322673000291616,30.997836000154649],[-87.321064999763351,30.997839000167968],[-87.319601000073476,30.997836000154649],[-87.318782999565641,30.997836999645752],[-87.318466000271542,30.997839999659032],[-87.318142000406439,30.997839000167968],[-87.317256999951468,30.997845000194314],[-87.317241000057962,30.997843999933263],[-87.317094999569761,30.997833000141252],[-87.316964000048515,30.997845000194314],[-87.316747000313526,30.997848999698252],[-87.31583099989642,30.997846999946329],[-87.315235999869657,30.997849999959239],[-87.315205999732441,30.997849999959239],[-87.315187000364176,30.997849999959239],[-87.315174999770292,30.997849999959239],[-87.314927999898089,30.997851999711166],[-87.314692999721444,30.997848999698252],[-87.314671999805043,30.997848000207291],[-87.314655000086603,30.997848000207291],[-87.314116000136366,30.997839999659032],[-87.312664999966955,30.997834999893509],[-87.312623000134153,30.997839999659032],[-87.312555000362082,30.997854999723977],[-87.312521999851811,30.997863000271035],[-87.312445999683831,30.997892000130786],[-87.312367999866026,30.997936000033992],[-87.312355000345562,30.997943000314191],[-87.312338999553702,30.997958999852752],[-87.312264000108968,30.99803800032646],[-87.312130000214651,30.998207000057544],[-87.311996000320349,30.998376000259174],[-87.311948999566368,30.998434999912778],[-87.30982499955239,30.998364999758547],[-87.309616000213353,30.998358000279342],[-87.309488999991714,30.998355000282359],[-87.309279999754366,30.998349000288112],[-87.309235000446847,30.998346000290823],[-87.309223999677869,30.998346000290823],[-87.309192999715734,30.998345000035052],[-87.30905299997363,30.998339000040218],[-87.304029999993887,30.99819099979057],[-87.303987000336193,30.998250999815411],[-87.303662999572765,30.998321000053338],[-87.301547999779629,30.998436999652423],[-87.301527999688147,30.998437999907253],[-87.299361999841395,30.99841599968898],[-87.29772099970117,30.998400000227107],[-87.295713999863068,30.998388999729229],[-87.295468999640704,30.998386999988575],[-87.290994999656931,30.998352000285273],[-87.289200000429261,30.998343999779252],[-87.289180000337765,30.998343999779252],[-87.28914900037563,30.998343999779252],[-87.289080999705249,30.998343999779252],[-87.288964000427697,30.998343999779252],[-87.288828999810192,30.998343999779252],[-87.288781999954509,30.998343999779252],[-87.288740999946612,30.998343000293467],[-87.288728000426147,30.998343000293467],[-87.288638000014473,30.998343000293467],[-87.284870000385553,30.998339000040218],[-87.284730999570073,30.998339000040218],[-87.27817799977818,30.998310000316341],[-87.278074000021121,30.998309000060161],[-87.277969000439128,30.998309000060161],[-87.276273999872259,30.99830199980682],[-87.26665899990796,30.997766999822581],[-87.266485999655629,30.997757000283645],[-87.265714999901761,30.997789999682155],[-87.265692000335534,30.997789999682155],[-87.265002999699163,30.997803000002069],[-87.264822999774083,30.997806000016432],[-87.264652000069873,30.997804999754958],[-87.264021000058108,30.997803000002069],[-87.263847999805748,30.997803000002069],[-87.262964000073978,30.997799999987617],[-87.261606999615907,30.997801999740584],[-87.261213000328922,30.997801999740584],[-87.261159999727155,30.997801999740584],[-87.260824000166494,30.997795000220005],[-87.260444000224908,30.997801000249126],[-87.260004999833768,30.997807999769257],[-87.259808000190262,30.99782800037536],[-87.25967799959561,30.997831999880074],[-87.259414999829886,30.997830999618948],[-87.258074999988551,30.997845000194314],[-87.258012000239361,30.997845999685303],[-87.257481999611613,30.997854999723977],[-87.257434999755958,30.9978559999849],[-87.257294000188963,30.997860000258481],[-87.25723700028756,30.997860999749303],[-87.257163999594297,30.997862000010176],[-87.25713900037826,30.997863000271035],[-87.257031000423225,30.997851000220226],[-87.255836000346861,30.997896999893321],[-87.255540999895743,30.997905999927159],[-87.25520299978696,30.997927000002914],[-87.254780000187651,30.997928000263087],[-87.25240199973048,30.997936000033992],[-87.251778000289704,30.997913000209632],[-87.249973000117961,30.997757999775612],[-87.249927000087212,30.997751999743798],[-87.249239999998963,30.997668000028927],[-87.241558000252951,30.99672500003194],[-87.24052700020809,30.996642999959786],[-87.240415000055108,30.996636000354211],[-87.240225999909228,30.99661099966837],[-87.240076000121377,30.996596999681891],[-87.239912000089873,30.996587000020273],[-87.239672999715253,30.99656999997713],[-87.239419000170372,30.996552999930959],[-87.238865999976397,30.996499999994029],[-87.238313999607357,30.996447000027633],[-87.238112999765903,30.996428000177808],[-87.238076999780887,30.996425999625988],[-87.237905000251743,30.996412000382342],[-87.237685000143728,30.996392999755482],[-87.237162999911916,30.996414999670407],[-87.229739999733681,30.996802000213904],[-87.229539999717133,30.996816000170284],[-87.227178999876685,30.996981000216685],[-87.226389999681189,30.997041999732147],[-87.225601000384003,30.997102999978679],[-87.225173999688408,30.997136000373491],[-87.224746000066233,30.997167999718751],[-87.224413999805208,30.997178000089455],[-87.221462000136,30.997280999919589],[-87.218179000030673,30.997395999747948],[-87.211837999950887,30.997613999678215],[-87.206235000013024,30.997807000277863],[-87.20549699987113,30.997833000141252],[-87.200585000219462,30.998002000235683],[-87.200153000399339,30.998016000015912],[-87.200131999584627,30.998017000275158],[-87.196700000414694,30.998136999735955],[-87.193398000042762,30.998252000072188],[-87.189713000254542,30.998346000290823],[-87.188238999620594,30.998383999992509],[-87.188179000244446,30.998385000247872],[-87.188002999619044,30.998389999984557],[-87.183326000144021,30.998512000254138],[-87.183260000021761,30.99851399999217],[-87.179385000262727,30.998618000172296],[-87.175508999780476,30.998722000238939],[-87.175444000381475,30.998723999972569],[-87.17537999990904,30.998725000224372],[-87.175308999763942,30.998726999957938],[-87.17523799961883,30.998728999691465],[-87.174801999600746,30.998741999883368],[-87.17405599996124,30.998756999806496],[-87.172506999882529,30.998798000097501],[-87.171490000081391,30.998823999690746],[-87.170473000280253,30.998850000046883],[-87.165457999798107,30.99898799986391],[-87.164661000104999,30.999002000269396],[-87.164393000316409,30.999008999701388],[-87.164343000087683,30.999009999950214],[-87.164214000216248,30.999012999926538],[-87.164083999621596,30.999017000151571],[-87.16381400018318,30.999024000352481],[-87.163652999626365,30.999029000055604],[-87.163543000021505,30.999032000031381],[-87.163313999692647,30.999037999982665],[-87.163084000437209,30.999045000181972],[-87.162798000206934,30.999052999859178],[-87.16078899982071,30.999105999917326],[-87.150593999898291,30.999322000067501],[-87.149593999815579,30.999342999831434],[-87.149370000407899,30.999348000287849],[-87.140754999628015,30.999531999808582],[-87.135797999770531,30.999294000118432],[-87.135590000256371,30.999283999969581],[-87.133980000078296,30.999207000251644],[-87.126992999918158,30.998872000165029],[-87.124969000361602,30.998802999812529],[-87.118872999605927,30.99942700038083],[-87.11646999993269,30.999413000037734],[-87.115151000007756,30.999404000146118],[-87.115073000189952,30.999402999901427],[-87.105399999601033,30.999348999763086],[-87.096911999941085,30.999304000266175],[-87.09689799969739,30.999304000266175],[-87.089886000321187,30.999261999946491],[-87.089619000357501,30.999260000224197],[-87.085589999714358,30.999241999641143],[-87.080970000140738,30.999207000251644],[-87.076107999819484,30.99918399996379],[-87.075978000123158,30.999182999716798],[-87.070992999778227,30.999154999726915],[-87.068632999762698,30.999142999838746],[-87.068507000264319,30.999098999722431],[-87.067601999717866,30.99930499974187],[-87.067042999676119,30.999396999973104],[-87.066883999667468,30.999373999731141],[-87.064063000417804,30.99919100015245],[-87.060202000004153,30.999151999755007],[-87.055045999955027,30.999099999970316],[-87.055029000236573,30.999099999970316],[-87.053679000349518,30.999130999949013],[-87.05352500036372,30.999133999921582],[-87.053359999608958,30.999180999992799],[-87.053173000011213,30.9992149999152],[-87.052583999832251,30.999229999763863],[-87.05254899967214,30.999229000287379],[-87.051661999567344,30.999213000191862],[-87.050660999659726,30.999213000191862],[-87.049818999760788,30.999207000251644],[-87.04883000044704,30.999210999698523],[-87.048324000108735,30.999204000281377],[-87.04796599990847,30.999204999758117],[-87.047026999925109,30.999207000251644],[-87.045841000069586,30.999204999758117],[-87.044408000341818,30.999197000093684],[-87.043744999644701,30.999197000093684],[-87.042790999592739,30.999185000210797],[-87.042215999657472,30.999192999876247],[-87.042157000106243,30.999194000123136],[-87.041890999967464,30.999203000034587],[-87.041656999615739,30.999210000221836],[-87.041343999621304,30.999256000009353],[-87.04097999957321,30.999338000144711],[-87.04077500043212,30.999391000044454],[-87.040763999663156,30.999394000008856],[-87.040228999910852,30.999547000377412],[-87.040119000305992,30.999537999728418],[-87.037154000217981,30.999311999921588],[-87.037131999578364,30.999310000200335],[-87.036493000069001,30.999260999700375],[-87.036464999581582,30.999258999977993],[-87.035837999767779,30.999222000101568],[-87.035302000190583,30.999189999905532],[-87.030747999840884,30.999172000079273],[-87.030110000156427,30.999170000355043],[-87.029960000368618,30.999170000355043],[-87.029204999609973,30.999170000355043],[-87.029086999609191,30.999170000355043],[-87.02840500044212,30.999155999974214],[-87.028159000394822,30.999151000277696],[-87.02739500031366,30.999154999726915],[-87.026945999876773,30.999163999642043],[-87.02443600007345,30.999360999625392],[-87.024420000179902,30.999361999870477],[-87.024144999820294,30.999372000011135],[-87.023888999727248,30.999374999976133],[-87.019858000332619,30.999360000150283],[-87.013467000024136,30.999338999620065],[-87.013386999658195,30.999338999620065],[-87.00974299987783,30.999323999788547],[-87.007263000211722,30.999320000346415],[-87.004736999616526,30.999317000379698],[-87.00433900013158,30.999317000379698],[-86.999964999706933,30.998996000315845],[-86.998545000397982,30.998676000193822],[-86.9984769997276,30.998661000258021],[-86.987597000265083,30.998515000246137],[-86.987145000353465,30.99850900026199],[-86.982097000259358,30.998437999907253],[-86.97994399993307,30.998409999698612],[-86.97111599961616,30.998292000323978],[-86.965926000130153,30.998222000064779],[-86.965887999597001,30.998220999807685],[-86.965686999755562,30.998216000062197],[-86.960477000178059,30.998144000001446],[-86.960448999690655,30.998144000001446],[-86.956065999943519,30.998085000167823],[-86.954587000185001,30.998064999615561],[-86.953691999684281,30.998053000360258],[-86.953370000367329,30.998049000094781],[-86.953309000267964,30.99804799983588],[-86.953243999970624,30.998047000347004],[-86.95321100035865,30.998047000347004],[-86.953190000442248,30.998047000347004],[-86.953062000395747,30.998044999829137],[-86.944464000232614,30.997928000263087],[-86.944151000238165,30.99792399999237],[-86.937913000090575,30.997842000181187],[-86.937846000143423,30.997840999920108],[-86.937825000227022,30.997839999659032],[-86.937812999633124,30.997839999659032],[-86.937796999739604,30.997839999659032],[-86.932158999641629,30.997762000053253],[-86.930771999944625,30.997742999695351],[-86.930739000332665,30.997742999695351],[-86.92781000022967,30.99770400024579],[-86.925707999956998,30.997677000084444],[-86.925578000260657,30.997675000328854],[-86.922791000447859,30.997678999839994],[-86.919621000320447,30.997683000120993],[-86.915753000234119,30.997686999631775],[-86.915488999745136,30.997684999876402],[-86.915215000108759,30.997681999858248],[-86.911105999998,30.997640999857399],[-86.91085099972986,30.997637999837846],[-86.906693000113606,30.997590999776186],[-86.906257999920427,30.997587000261372],[-86.906103999934643,30.99758499973386],[-86.905226999875595,30.997573999912017],[-86.904708000016825,30.997567000374712],[-86.903778000254306,30.997554000022621],[-86.899321999813907,30.997686999631775],[-86.899150000284777,30.997695999685448],[-86.890722000000963,30.997745999711597],[-86.8887109999649,30.997757000283645],[-86.88864700039079,30.997754000267808],[-86.888459999894735,30.997745999711597],[-86.888445999651026,30.997745000219556],[-86.888417000237027,30.997743999957461],[-86.887802000118782,30.99771800006982],[-86.887187999825457,30.997692000175032],[-86.886126999643395,30.997660000235605],[-86.885897000387942,30.997620999982061],[-86.884016000048206,30.997687999894403],[-86.881979000072874,30.997637999837846],[-86.881317000098974,30.997643000383725],[-86.880489000443717,30.99762299973877],[-86.88013700009121,30.997613999678215],[-86.879623000255307,30.997619000225303],[-86.879280000123643,30.997604999616755],[-86.878818999991182,30.997604999616755],[-86.874565000115467,30.997599999838918],[-86.867199999663541,30.997593000303517],[-86.866705000094228,30.997593000303517],[-86.86277199971056,30.997569999626453],[-86.854767999749271,30.997526000324424],[-86.854544000341591,30.997523999795629],[-86.852165000059486,30.997511000207727],[-86.849507999943057,30.997494000329297],[-86.849466000110269,30.997494000329297],[-86.84921599986501,30.997493000064569],[-86.840560999800473,30.997444000171011],[-86.838672999788045,30.997433999828161],[-86.838393000303881,30.997432000067484],[-86.831933000398422,30.997378000353123],[-86.83049700029764,30.997401000306525],[-86.830204000394659,30.997398000279428],[-86.827467999737195,30.997369999765429],[-86.819026999932902,30.997285000217225],[-86.810216000232742,30.99719800005769],[-86.809959000314805,30.997195000024206],[-86.808768000436373,30.997181999621418],[-86.801067000423799,30.997115999622253],[-86.796479999563843,30.997075999647169],[-86.793833000391459,30.997052000116092],[-86.791186000320735,30.997027000309359],[-86.78829099965462,30.996998999686443],[-86.788258999867566,30.996998999686443],[-86.785872999912783,30.996981999716731],[-86.785692000162811,30.996979999946589],[-86.778109000151005,30.996910000264357],[-86.775920999664621,30.996890000235716],[-86.772435000068015,30.996859000298553],[-86.764169999990813,30.996791000301748],[-86.755267000229153,30.996709000286359],[-86.751196999578127,30.996470000205505],[-86.749957000194229,30.996397000090425],[-86.745369000407663,30.996292999798332],[-86.745239999637917,30.996289999736387],[-86.744977999697099,30.996390999972974],[-86.741136000448336,30.996436000074485],[-86.739732000134609,30.99655700025918],[-86.737480999899006,30.996768999703523],[-86.736751000153049,30.996555999984633],[-86.732745999799363,30.996417999728422],[-86.729605999809152,30.996574999808963],[-86.728234000180777,30.996256000311181],[-86.728220999761987,30.996242999780385],[-86.728003000202094,30.996295999860134],[-86.727598000146145,30.996395999814197],[-86.727142999861485,30.996510999939748],[-86.727112999724241,30.996518999829515],[-86.727069000241627,30.996524999938913],[-86.726670000033451,30.99653500037703],[-86.726645999744022,30.996535999881758],[-86.726399999696724,30.996541999990072],[-86.725695000065116,30.996509000159708],[-86.725541999904237,30.996501999774246],[-86.72550099989634,30.996512999719737],[-86.724406000277398,30.996551000151808],[-86.723585000294847,30.996568999702706],[-86.722857000198701,30.996479000374084],[-86.720142000355949,30.99633300010176],[-86.718421999674703,30.995960000047297],[-86.718388000237823,30.99595500018323],[-86.71830200002411,30.995938000027429],[-86.718198000267023,30.995931999881151],[-86.714624999733459,30.995731000152027],[-86.712986999966304,30.995680000325748],[-86.711271000381345,30.99525900006903],[-86.708189999942363,30.995052000259911],[-86.707665000235821,30.995028999740079],[-86.706700000313205,30.994951000145353],[-86.706552000175208,30.99486700027358],[-86.70625900027224,30.994702999944025],[-86.705610999643724,30.994487000112592],[-86.704483000412807,30.994667999658702],[-86.701401000148948,30.994636999769366],[-86.6968219996849,30.994592000359155],[-86.688317000306498,30.99450699987516],[-86.684897999758732,30.994563999791328],[-86.6848740003676,30.994563999791328],[-86.678473999838289,30.994670999771678],[-86.677620000243763,30.994685000040882],[-86.677537000403078,30.994685000040882],[-86.675873999623249,30.9946889996774],[-86.675825999942674,30.9946889996774],[-86.675795999805445,30.9946889996774],[-86.675774999889043,30.9946889996774],[-86.675759999820428,30.9946889996774],[-86.675739999728961,30.9946889996774],[-86.675707000116972,30.9946889996774],[-86.675541000435643,30.994689999971527],[-86.675142000227467,30.9946889996774],[-86.674194999848197,30.994686999859166],[-86.672165000443883,30.994683000222562],[-86.672131000108692,30.994683000222562],[-86.672111999842116,30.994683000222562],[-86.671837000380819,30.994681999928407],[-86.671787000152108,30.994683999746755],[-86.671771000258573,30.994683999746755],[-86.671751999992011,30.994683999746755],[-86.671729000425799,30.994683999746755],[-86.671702999588206,30.994683999746755],[-86.671674999999112,30.994683999746755],[-86.671645999686788,30.994683999746755],[-86.671618000097695,30.994683999746755],[-86.671592000158441,30.994683999746755],[-86.671568999693903,30.994683999746755],[-86.66996799973667,30.99469499990192],[-86.666471000269397,30.994696999719999],[-86.666317000283613,30.994685000040882],[-86.666210999978389,30.994676999997342],[-86.666190000062002,30.994686999859166],[-86.665147000321596,30.994672000066007],[-86.658829999632943,30.99464199970253],[-86.658714000180325,30.994641000177907],[-86.653242999588585,30.994615000214377],[-86.653218000372547,30.994615000214377],[-86.653184000037356,30.994615000214377],[-86.65149699986641,30.994835999678859],[-86.6513699996448,30.994851999738664],[-86.65124199959827,30.994869000088048],[-86.651192000267869,30.994875000301246],[-86.650937999824663,30.994854999845849],[-86.650710000219036,30.994836999971398],[-86.648531999778385,30.994664000021295],[-86.648431000394353,30.994664000021295],[-86.648401000257138,30.994664000021295],[-86.642230000056671,30.99473199999462],[-86.642163999934439,30.994733000288292],[-86.639728999575823,30.994764999669787],[-86.6393450003346,30.994770000366245],[-86.637171000091925,30.994822000201825],[-86.636811000241806,30.994830999755859],[-86.636232999933497,30.994845000001579],[-86.636144000245025,30.994846999816506],[-86.636128000351519,30.994846999816506],[-86.635026999986479,30.994872999716854],[-86.634707000319324,30.994880999743959],[-86.634636000174211,30.994883000328183],[-86.634610000234943,30.994883999850213],[-86.634533000242044,30.994885999664337],[-86.633435000250046,30.99491499965935],[-86.627755000319283,30.99485699966057],[-86.627344000415533,30.994859000245242],[-86.627319000301171,30.994859000245242],[-86.62500399959319,30.994870000380292],[-86.622888999800054,30.99491700024285],[-86.62273399998935,30.99491700024285],[-86.619775999574017,30.994923999974603],[-86.615972999785015,30.99493300028907],[-86.608183999908888,30.994931999997497],[-86.602385999977329,30.994938000206737],[-86.597966000420257,30.994943000124064],[-86.59792500041236,30.994943000124064],[-86.59696799998737,30.994930999705886],[-86.59430300037333,30.994896999796271],[-86.594203999740813,30.994896000274355],[-86.593677000384432,30.99490799992687],[-86.592094999795449,30.994941000311147],[-86.591689999739501,30.994949000332603],[-86.591568000439068,30.994951999666686],[-86.591528000256105,30.994951999666686],[-86.588906000299772,30.994952999958066],[-86.5840580002222,30.994959999687225],[-86.580467000145291,30.994965000373469],[-86.57425599976186,30.994973999914002],[-86.570729999982291,30.995044000247145],[-86.5679210004282,30.995099000032788],[-86.567882000070128,30.99510000032263],[-86.56757400009856,30.99510899985043],[-86.565532000100362,30.994967000185873],[-86.564101000022433,30.995063000372696],[-86.564085999953818,30.995066999993362],[-86.563767000111596,30.995145000263218],[-86.563435999675491,30.995222999699219],[-86.555169999773355,30.994849999923844],[-86.555066000016296,30.994845000001579],[-86.549079999763762,30.994570000023725],[-86.542819000049931,30.994285000120023],[-86.542654000193494,30.994278000341325],[-86.542487999613826,30.994270000263587],[-86.542383999856739,30.994265000310918],[-86.535651000139836,30.993944000183468],[-86.535630000223435,30.993952999820287],[-86.52916600012,30.993655000269587],[-86.529013999784041,30.993643999994465],[-86.528998999715427,30.9936470001396],[-86.524672000044774,30.993456000206223],[-86.524586999655966,30.993441000219406],[-86.524463999632317,30.99343600022328],[-86.520196000411204,30.993258000036768],[-86.520147000007398,30.993401999780716],[-86.520070999839419,30.993486000172677],[-86.513424000336229,30.993672000062258],[-86.513251000083855,30.993677000046006],[-86.513119999664283,30.993685000173489],[-86.512842999654836,30.993703000265299],[-86.509294000309055,30.993602999797758],[-86.500015999730351,30.993341999785518],[-86.499949999608106,30.99333899963074],[-86.495108000276645,30.993439000375002],[-86.493512000342278,30.993471999727458],[-86.488603000165355,30.993574000173968],[-86.488589999746551,30.993574000173968],[-86.486291999655307,30.993622999745689],[-86.485098000302159,30.9936470001396],[-86.484920999851852,30.993650999819639],[-86.484668000131848,30.993657000109462],[-86.484478999985967,30.993660999789093],[-86.483565999941916,30.993680999724813],[-86.483548000398557,30.993680999724813],[-86.483344000184047,30.993685000173489],[-86.477942999912543,30.993678999885422],[-86.477890000209086,30.993678999885422],[-86.475685999829167,30.993677000046006],[-86.474504999996498,30.993701999960816],[-86.473264999714289,30.993733999688203],[-86.473071000443852,30.993738999668707],[-86.466408000148789,30.993911999756474],[-86.460732000415973,30.993980000265925],[-86.458318999798692,30.993998000302049],[-86.458143000071601,30.993949999684784],[-86.45812299998012,30.993949999684784],[-86.455496000000892,30.993937000379745],[-86.455480000107372,30.993937000379745],[-86.455381000373166,30.993937000379745],[-86.455352000060856,30.993937000379745],[-86.455340000365297,30.993937000379745],[-86.455163999739881,30.993937999911701],[-86.454991000385832,30.993972000163186],[-86.454947000004893,30.993880000088804],[-86.454704000330651,30.993791000066331],[-86.445738999746411,30.993896000309039],[-86.438497000216458,30.993954999653926],[-86.425979999913352,30.994061000016814],[-86.425586999552962,30.994064000148818],[-86.425573000207564,30.994064000148818],[-86.42554700026831,30.994064000148818],[-86.425430999917353,30.994064999679448],[-86.422736999990974,30.994087000131366],[-86.422281999706314,30.99409099979297],[-86.415098999727604,30.994072000243847],[-86.414798000327039,30.994072000243847],[-86.414497999853069,30.994070999943229],[-86.414303999684293,30.994069999642601],[-86.414287999790773,30.994069999642601],[-86.414264000399655,30.994070999943229],[-86.413436999670992,30.994100999716281],[-86.41331799984529,30.994105000147364],[-86.413212000438406,30.994108999808141],[-86.413040000010952,30.994115000069161],[-86.412972000238881,30.994118000199528],[-86.412732999864289,30.994126000290013],[-86.412650000023618,30.99412899964997],[-86.407068000002113,30.994329000147232],[-86.4052009999061,30.994402000305087],[-86.405144000004697,30.994404000129297],[-86.405097999973947,30.994418999964669],[-86.403187000395306,30.994438999741433],[-86.402487999713159,30.994430999677192],[-86.400789999671545,30.994394999764975],[-86.398942999667014,30.994392999940573],[-86.398665999657581,30.994402999832168],[-86.39574499995048,30.994410999898761],[-86.393764000051647,30.99442899985354],[-86.391973000123613,30.994425999732961],[-86.391956000405187,30.994425000206121],[-86.388645999637362,30.994180999834967],[-86.383853999636287,30.994236000118327],[-86.379070000031135,30.994291000369923],[-86.378966000274062,30.994295000022966],[-86.374371999741399,30.994472000287971],[-86.374272000182302,30.994475999933432],[-86.37320699980225,30.994482000171349],[-86.373140999680018,30.994482000171349],[-86.372574000140673,30.994477999756093],[-86.372328999918295,30.994482999697603],[-86.372029000342636,30.994482999697603],[-86.370898999665272,30.994509999993145],[-86.36983900020644,30.994519999872526],[-86.369397000340555,30.994532000342407],[-86.36936300000535,30.994532000342407],[-86.368547999870586,30.994522999990156],[-86.368377999991282,30.994518000050743],[-86.368121000073316,30.994516999754808],[-86.367522999673525,30.994531000046621],[-86.365474000002621,30.99455299962105],[-86.365218999734509,30.994547000157649],[-86.365136999718743,30.994540999923803],[-86.365049999680096,30.994542999745114],[-86.36495099994589,30.99450300023101],[-86.364765999997971,30.994451000221503],[-86.356561000195214,30.994418999964669],[-86.35043900039858,30.994391999643327],[-86.350230000161204,30.994391000116117],[-86.348829000220505,30.994384999872462],[-86.348506000180308,30.994384000345192],[-86.348398000225288,30.994384000345192],[-86.342893000196682,30.99436800020689],[-86.342529999973522,30.994366999909374],[-86.340790000099105,30.994348999942879],[-86.339887999925708,30.994340000343364],[-86.339384000135539,30.994334999624297],[-86.33926100011189,30.994334000096504],[-86.338931000399015,30.994330999972984],[-86.338409000167204,30.994326000023509],[-86.337479000404684,30.994317999949793],[-86.335552000034212,30.994299999974057],[-86.335152000001116,30.994296999849418],[-86.334042000313559,30.994301999800406],[-86.332282000347661,30.994286999946706],[-86.33196799963001,30.994283999821647],[-86.331119000058351,30.994260000358047],[-86.330931999562281,30.994257999760745],[-86.330889999729493,30.99425700023215],[-86.33081600010965,30.99425700023215],[-86.327876999960907,30.994241000072524],[-86.32731700009424,30.994239000244889],[-86.324931000139458,30.994226999738089],[-86.322546000009581,30.99421499999989],[-86.31746899960315,30.994190000219557],[-86.317445000212032,30.994190000219557],[-86.31587500021692,30.994052999920868],[-86.315609999903046,30.994029999930127],[-86.309267000173463,30.993998000302049],[-86.309120999685277,30.993998999833369],[-86.306611999706845,30.994016000334781],[-86.305234000230669,30.994026000265968],[-86.305184999826864,30.994018000167095],[-86.304862999611601,30.993967000194946],[-86.304444000210253,30.993916999727642],[-86.304275000155855,30.993906999785029],[-86.303751000274218,30.993904999950399],[-86.303589999717417,30.993904999950399],[-86.303163999745081,30.993891000336767],[-86.302753999666237,30.993870000142365],[-86.302314000348517,30.993847999640387],[-86.300788999660924,30.993827000206593],[-86.299940000089279,30.993819000091019],[-86.299090999619324,30.993789000229267],[-86.298750999860687,30.993786000088612],[-86.298238999674609,30.993781999644145],[-86.297727000386857,30.993772999991133],[-86.297150999728345,30.993761999729625],[-86.296922000297812,30.993758000054228],[-86.296458999617215,30.993749999932877],[-86.295641000007706,30.993748999628888],[-86.294798000283848,30.993738999668707],[-86.294620000008607,30.993736999830553],[-86.294328999755479,30.993733999688203],[-86.293187000280867,30.993726999869061],[-86.29305400021147,30.993726000334892],[-86.292773999828995,30.993725000030651],[-86.292070000022292,30.993723999726395],[-86.291946000173738,30.993723999726395],[-86.291095999878848,30.993705999638554],[-86.290156999895515,30.993693999834822],[-86.289643999884518,30.993693999834822],[-86.288988999583339,30.993700999656319],[-86.288848999841235,30.993701999960816],[-86.274805000099065,30.993804999694692],[-86.271193000105754,30.993810999974784],[-86.267940000137656,30.993814999647952],[-86.260389999737811,30.993825000370272],[-86.260270999912109,30.993825000370272],[-86.259104000323148,30.993840999829626],[-86.258521999816878,30.993847999640387],[-86.257941000033824,30.993855999753531],[-86.256359000343167,30.993857000056337],[-86.249943999745227,30.99413300007982],[-86.238335000361658,30.994370000031815],[-86.233848999784016,30.994267000138006],[-86.233769000316386,30.994265000310918],[-86.233643999744601,30.994262000185238],[-86.228091000035434,30.994134000379773],[-86.227286999771309,30.994115000069161],[-86.221376999686754,30.994100000186034],[-86.217696000096495,30.99409099979297],[-86.214725999985589,30.994084000000086],[-86.214607000159901,30.994084000000086],[-86.206289000379272,30.994069999642601],[-86.206153999761739,30.994069999642601],[-86.200580000136171,30.994049000257686],[-86.200432999823079,30.994047999956827],[-86.195547999935584,30.994038000027995],[-86.190867000262614,30.994028000098066],[-86.187246000048461,30.994021000300513],[-86.180817999930071,30.994008000235134],[-86.180745000135119,30.993977999662743],[-86.180586000126468,30.99392600013709],[-86.18042000044511,30.993886999896702],[-86.180253000040551,30.993862000030404],[-86.180083000161233,30.993843999968604],[-86.179145000002791,30.993789000229267],[-86.178889999734679,30.993784000251434],[-86.176168000219221,30.993690000156576],[-86.175574000017377,30.993658999949297],[-86.175404999962979,30.993660000254241],[-86.17523599990858,30.993670000222689],[-86.175185999679869,30.993677000046006],[-86.175066999854181,30.993695000139333],[-86.174901000172824,30.993728999707432],[-86.174655000125526,30.993787999925672],[-86.173670999936348,30.993772999991133],[-86.173315000284205,30.993768000012409],[-86.171946000130546,30.993761000195825],[-86.171914000343506,30.993761000195825],[-86.170762999749741,30.993802000324557],[-86.170750000229262,30.993799999717648],[-86.170318000409125,30.993723999726395],[-86.169320999801144,30.993557999899714],[-86.16926499972466,30.993557999899714],[-86.168402999734226,30.9935590002057],[-86.166646999966275,30.993584999687091],[-86.166053999589337,30.993589000139803],[-86.165886000258183,30.993595999969074],[-86.165844000425395,30.993597000274665],[-86.165724999701368,30.993599000115758],[-86.165471000156472,30.993604000103286],[-86.165302999926979,30.993599999651249],[-86.165031999765347,30.993627000196756],[-86.164893999673069,30.993640999849191],[-86.164881000152604,30.993642000154313],[-86.164476999921561,30.993660999789093],[-86.164286999950761,30.993670000222689],[-86.163983000177154,30.993688000317391],[-86.162997000338152,30.993683999868814],[-86.162978000071575,30.993685999708088],[-86.16295799998008,30.993678000350773],[-86.158152999560215,30.993559999741624],[-86.145476000321878,30.993438000067759],[-86.132722000192302,30.99331499992935],[-86.132604000191549,30.993313999620796],[-86.131060000135705,30.993369999941958],[-86.130953999830496,30.993373999633615],[-86.130846999700367,30.993378000095191],[-86.130722999851798,30.993383000094347],[-86.13065300042993,30.993386000247749],[-86.124940999813788,30.993117000237259],[-86.121539999707679,30.99288399996426],[-86.121370999653266,30.992885999820302],[-86.117449000038576,30.992907999774108],[-86.117116999777551,30.992909999629642],[-86.112435000279675,30.992912000255213],[-86.10431599979232,30.9929040000629],[-86.102495999551977,30.992902000207238],[-86.102385999947103,30.992902000207238],[-86.09152099965489,30.992894000014132],[-86.091187999568945,30.992894000014132],[-86.085598999874762,30.992885999820302],[-86.078647999699626,30.99288099979508],[-86.078488999690975,30.99288099979508],[-86.071364000336885,30.992870999743911],[-86.066251999770373,30.992865000174714],[-86.063794999670463,30.992862000004937],[-86.063464999957588,30.992862000004937],[-86.063366000223382,30.9928659997179],[-86.063265999765946,30.992868999887548],[-86.063238000176852,30.992870999743911],[-86.063132999696563,30.992870999743911],[-86.063028000114571,30.992870999743911],[-86.062423999866994,30.992860000148383],[-86.061811000296885,30.992860000148383],[-86.061376000103721,30.992858999835057],[-86.061232999988576,30.992867000031151],[-86.061167999691264,30.992870999743911],[-86.060974000420799,30.99288099979508],[-86.060226000233172,30.992946000102428],[-86.059478999870464,30.99301100036541],[-86.056255000214662,30.993391999784112],[-86.056169000000949,30.993391999784112],[-86.055891999991502,30.993393000091853],[-86.054787000326826,30.993394999937223],[-86.054275000140748,30.993401000243153],[-86.05350600003672,30.993393000091853],[-86.052581000297096,30.993346000248369],[-86.052345000295531,30.993348999632854],[-86.036667000085856,30.993328999627519],[-86.035775999783084,30.993323999625517],[-86.035039000364421,30.99331999993176],[-86.032296000034265,30.99330600023227],[-86.02421199970702,30.993269999895357],[-86.016339000165289,30.993222999991275],[-86.016161999714996,30.993221999681801],[-86.015984000338065,30.993221000142277],[-86.0158250003294,30.993219999832807],[-86.015666000320749,30.993219999832807],[-86.007057000286963,30.993184999773359],[-86.006413999681314,30.993187999932971],[-85.999937000057429,30.993134000125817],[-85.998610999561492,30.992870000200774],[-85.997289999986734,30.992877000082803],[-85.986878000329341,30.992941999622733],[-85.985981000178796,30.992947999957174],[-85.985099999921786,30.992963000021454],[-85.985084000028252,30.992952999978819],[-85.978865999972143,30.99299199983108],[-85.978685000222171,30.992993000143006],[-85.978508999596755,30.992993999684856],[-85.978332999869664,30.992994999996771],[-85.977813000185989,30.992996999850476],[-85.977292999604003,30.992998999704152],[-85.965940000313452,30.993040000160445],[-85.965803999871,30.993040000160445],[-85.965668000326872,30.993040999701797],[-85.965556000173876,30.993042000013205],[-85.965444999845801,30.993042000013205],[-85.96493900040582,30.993045999718635],[-85.962174000334358,30.993063999931017],[-85.95813100034583,30.993089000006496],[-85.950887000267713,30.993134999666179],[-85.94752200014662,30.993154999712186],[-85.942837000275688,30.993184000233505],[-85.940115999686824,30.993202999959529],[-85.94000400043214,30.993204000269245],[-85.939890999555914,30.993204000269245],[-85.939071000296593,30.993209999817118],[-85.938951999572595,30.993209999817118],[-85.938832999746907,30.993211000126756],[-85.935836999696747,30.993229999847387],[-85.932957999822463,30.993249000334306],[-85.932469000100909,30.993251000182688],[-85.931930999975563,30.993256999727613],[-85.931905999861215,30.993256999727613],[-85.931294000116026,30.993259000345908],[-85.926466000129949,30.993289000374372],[-85.917771999707355,30.993343999631893],[-85.911428999977758,30.993383999632115],[-85.911274000167069,30.993384999939931],[-85.911119000356365,30.993386000247749],[-85.906041999949949,30.993419999925937],[-85.899336999822097,30.993461999738184],[-85.893472999768306,30.993466999732959],[-85.891080000140832,30.993486999709351],[-85.887822000149853,30.993512999980425],[-85.881143999786204,30.993567999878916],[-85.878526999852724,30.993587999834123],[-85.878310000117722,30.993589999675407],[-85.874930999752948,30.993617999759092],[-85.874602999689884,30.993630000342463],[-85.870844000281792,30.993772999991133],[-85.87039599966981,30.993777999969602],[-85.865141999711383,30.993822000230697],[-85.865051000373114,30.993822999763857],[-85.856588999754109,30.993898000143862],[-85.839985999804767,30.994046000125149],[-85.832269999723579,30.994110999638501],[-85.83124899972448,30.994116999899394],[-85.831123000226086,30.994120000029692],[-85.830960000019459,30.994121000329802],[-85.830795999987942,30.994121999859821],[-85.830623999560501,30.994123999689911],[-85.830451000206452,30.994124999989968],[-85.830265000433613,30.994126999819994],[-85.828793000347787,30.994139000339324],[-85.813623000126228,30.994270999792054],[-85.801074999860973,30.994384000345192],[-85.779978999661338,30.994571000319098],[-85.779925000132977,30.994571000319098],[-85.779657000344372,30.994571999844414],[-85.772671999834046,30.994633999655324],[-85.769004999589171,30.99466700013441],[-85.76895000023589,30.994667999658702],[-85.76234499966715,30.994725999772466],[-85.760655999846378,30.994741000327213],[-85.759998000070425,30.994748000071933],[-85.759957999887462,30.994748000071933],[-85.759871999673734,30.994748000071933],[-85.756892000415419,30.994775000292453],[-85.752264000445876,30.994815999985285],[-85.749932000019442,30.994836999971398],[-85.749619000025021,30.995292000331837],[-85.741627999584182,30.995326000100654],[-85.73919700032188,30.995343000365548],[-85.732966999671874,30.99537599982931],[-85.727090999922524,30.995404999675319],[-85.72452300039285,30.995418000320349],[-85.714505000022456,30.995456999934689],[-85.692207000073736,30.995572999937274],[-85.692140000126557,30.995572999937274],[-85.690699000002908,30.995579999620936],[-85.690611999964261,30.995579999620936],[-85.6878679998092,30.9955939997567],[-85.685366000401757,30.995601000208875],[-85.684940000429407,30.995601000208875],[-85.684296999823772,30.995603000007936],[-85.683773999767041,30.995604000292484],[-85.6829970001654,30.995607999890478],[-85.682510000093686,30.995604999806972],[-85.681555000216832,30.99561200025828],[-85.681330999910841,30.995618999939083],[-85.681270999636382,30.995615000341559],[-85.68123100035173,30.995612999772678],[-85.681191000168752,30.9956099996894],[-85.67976699976353,30.995617999654687],[-85.67621800041772,30.99563699966588],[-85.672561000218565,30.995644000114901],[-85.670971000131985,30.995648999995282],[-85.669470999558783,30.995674000163188],[-85.667810000225387,30.995682999636827],[-85.663428000303156,30.995707999795879],[-85.659817999959671,30.995728000072397],[-85.652467999576359,30.995767000330023],[-85.65220099961266,30.995767999842794],[-85.647524000137651,30.995796000057094],[-85.647458000015405,30.995796000057094],[-85.647391000068254,30.995796000057094],[-85.647242000105337,30.995797000339621],[-85.647093999967339,30.995797999852083],[-85.646256000266334,30.995802999724386],[-85.644396999667919,30.99581399975056],[-85.636938000402978,30.995854999766802],[-85.631435999849117,30.995884999748728],[-85.628789999603342,30.995898999839724],[-85.624933000285964,30.995922999660944],[-85.623590999896507,30.995933999673277],[-85.61966099988588,30.99596600019186],[-85.616879000095963,30.995982000062092],[-85.614032999833626,30.99599400034802],[-85.603264999625779,30.996056000004589],[-85.602898000102968,30.996056000004589],[-85.602530999681861,30.996056000004589],[-85.602317000319914,30.996056000004589],[-85.599984000068574,30.996067000001592],[-85.598583999952808,30.996076000208134],[-85.586237000427332,30.996153999652837],[-85.5833979998377,30.996172000048723],[-85.579785000019484,30.996190999949565],[-85.579488999743475,30.996192999736259],[-85.577423000354131,30.996209000338464],[-85.577362000254766,30.996209000338464],[-85.577325000444844,30.996209000338464],[-85.576679000364464,30.996214000189177],[-85.576056999675217,30.996230000017857],[-85.576033000284099,30.996219000039673],[-85.575854000183938,30.996220000317759],[-85.575675000083805,30.99622099982578],[-85.575371000310184,30.996223999889914],[-85.575066999638253,30.996225999675907],[-85.572809999554892,30.99623900020902],[-85.56900699976589,30.996259000374195],[-85.568112000163481,30.996244000058219],[-85.562700999846214,30.996295999860134],[-85.555400999691628,30.996364999716469],[-85.552438000151739,30.996392999755482],[-85.552213999845762,30.996395000308006],[-85.551988999714865,30.996397000090425],[-85.551778999652569,30.996400000149009],[-85.551567999765382,30.996401999931326],[-85.548785999975465,30.996428000177808],[-85.547729999816269,30.996437999856038],[-85.547640000302906,30.996439000131836],[-85.547549999891217,30.99643999963757],[-85.547440000286358,30.996440999913339],[-85.547329999783173,30.996442000189099],[-85.546024000277043,30.996454999922719],[-85.538254999594074,30.996527999993415],[-85.534153000054317,30.996605000334434],[-85.533636999670293,30.996619999823643],[-85.532414999829726,30.996652000112029],[-85.53160800009087,30.99667599974379],[-85.529120999853745,30.996689999718669],[-85.527171999741952,30.996703999691498],[-85.52470499959631,30.996721999983585],[-85.51558000007681,30.996783999936923],[-85.513153999939064,30.996800999941925],[-85.508572000000257,30.996828000351343],[-85.504405000163189,30.996864999616527],[-85.503907000220806,30.996867000159138],[-85.503738000166408,30.996868999931674],[-85.503147000337606,30.99686200034261],[-85.50130299980782,30.996873000246588],[-85.501287999739191,30.996884000149347],[-85.49993200000435,30.996895000050767],[-85.497992000113385,30.996930999789392],[-85.496923000433725,30.996944999726892],[-85.493715999598038,30.996989000066964],[-85.492647999743284,30.997004000265772],[-85.492626000001977,30.997004000265772],[-85.491777000430304,30.997015000153414],[-85.48916700016953,30.997050999846735],[-85.488297999608093,30.997064000267393],[-85.486385000379627,30.997090000333387],[-85.480649000372352,30.997168999986904],[-85.478763000009749,30.997196000292064],[-85.478737000070495,30.997196000292064],[-85.478068000423889,30.997205999889825],[-85.476063000235612,30.997237999981603],[-85.475395000413911,30.997250000109485],[-85.474595000347762,30.997262999733021],[-85.47219500014927,30.997300999866233],[-85.471395999907998,30.997314999749371],[-85.470513999826096,30.997326999867557],[-85.467870999953348,30.997361999947042],[-85.466991000419554,30.997375000325313],[-85.465329000362942,30.997397000013681],[-85.460343000193134,30.997465000348441],[-85.458681999961414,30.997488000280864],[-85.456184999678555,30.997520999772462],[-85.448694999553169,30.997622000245443],[-85.446198999993527,30.997657000216662],[-85.444095000071044,30.997684999876402],[-85.437784000128502,30.997771000099892],[-85.435681000030925,30.997799999987617],[-85.432573999652689,30.997842000181187],[-85.423254999964428,30.997967999880803],[-85.420149000309408,30.998011000259623],[-85.41371000032035,30.998097999677547],[-85.413564999657069,30.99810600020415],[-85.413368999838511,30.998116999964633],[-85.412526000114624,30.998162000021743],[-85.412043000240871,30.998169999772955],[-85.411916000019261,30.9981720002882],[-85.409981000151177,30.998202000311281],[-85.409870999648021,30.998205000313074],[-85.409540999935132,30.998208999801989],[-85.408222000010198,30.998225000065936],[-85.407782999619045,30.998231000067996],[-85.407756999679791,30.998231000067996],[-85.407681000410122,30.99823200032499],[-85.407656000295759,30.998232999811929],[-85.407543000317844,30.998234000068898],[-85.407324000034734,30.998235000325838],[-85.406327000325092,30.998244000327794],[-85.405995999888987,30.998247000328277],[-85.405791999674463,30.99825000032866],[-85.40518300030233,30.998261000072542],[-85.40497999991274,30.998265000329113],[-85.403439000229952,30.998289999811316],[-85.398818999758021,30.998367000269695],[-85.397315999710088,30.998392999980446],[-85.397279999725072,30.99839400023567],[-85.396189000304091,30.99841200020877],[-85.392917000069403,30.998467000362186],[-85.391826999575017,30.998485999805794],[-85.389811000414397,30.998519999975986],[-85.383763000237593,30.998621000160945],[-85.381747000178635,30.998655999765514],[-85.38017200016067,30.998682999649734],[-85.375448999756571,30.998765000277821],[-85.374932000445952,30.998774000229755],[-85.373874999563512,30.998764000026426],[-85.373022999618811,30.998756000324985],[-85.370466999784725,30.998731999676693],[-85.36961599966493,30.998723999972569],[-85.368642000419811,30.998737999646846],[-85.365719000164589,30.998781999929694],[-85.36474599984605,30.998796999846462],[-85.349681000104781,30.999024999831118],[-85.348537000082032,30.999042000206654],[-85.346726000062503,30.999068999981528],[-85.337864000308727,30.999204000281377],[-85.334910000091369,30.999250000071783],[-85.333710999817029,30.999267999883298],[-85.330114999717253,30.999320999821943],[-85.328917000166143,30.999339999865427],[-85.327168999895818,30.999364000360696],[-85.321928000356181,30.999437999989006],[-85.320180999910747,30.999464000177728],[-85.318820000153039,30.999483000192701],[-85.314737999806439,30.999540999688186],[-85.313377999873623,30.999560999930814],[-85.312782000021969,30.999569999807687],[-85.310996999941722,30.999597999675704],[-85.310401999914944,30.999607999791628],[-85.31029499978483,30.99960900003412],[-85.310135999776179,30.99961199999165],[-85.309975000117689,30.999613999706618],[-85.30986899981248,30.999616000191558],[-85.308360999741666,30.999639000375154],[-85.303835999704305,30.999709999835684],[-85.302329000356693,30.99973400023789],[-85.30036699982611,30.999763999769588],[-85.294480000206107,30.999855000088029],[-85.292519000398755,30.999885999821291],[-85.292187000137744,30.999891000249299],[-85.291191000252994,30.999905999991633],[-85.290859999816874,30.999911999887917],[-85.288141999601081,30.9999650002386],[-85.27999100022501,31.000124999811078],[-85.277274999659014,31.000179000279978],[-85.277028999611716,31.000183999922594],[-85.276358000315298,31.000183999922594],[-85.273609000137355,31.000183999922594],[-85.272692999720221,31.000183999922594],[-85.272563999848813,31.000183999922594],[-85.272481999833033,31.000183999922594],[-85.272244000181658,31.00018999980135],[-85.272177000234507,31.00019100003778],[-85.272049000187991,31.000195000213402],[-85.272004999807052,31.000195999679772],[-85.27180899998848,31.000199999855177],[-85.271516999910446,31.000206999969183],[-85.271224000007464,31.000214000082732],[-85.271029000013797,31.000218999723515],[-85.269720000134612,31.000251000344218],[-85.265795999971758,31.000346000367202],[-85.264488999742383,31.000378999639761],[-85.262810999792265,31.000418999769419],[-85.257780000314909,31.000541999985888],[-85.256124999931004,31.000583000279438],[-85.256103000189682,31.000583999741739],[-85.255363000397992,31.000602000071453],[-85.253145999599283,31.000655000038677],[-85.252406999632484,31.000673999816303],[-85.251895000344717,31.000686000281881],[-85.250361000334635,31.000723000360207],[-85.250106999891415,31.000729999665854],[-85.249849999973478,31.000736000280259],[-85.247898000386954,31.000782000101655],[-85.243631999917341,31.000883999659987],[-85.242042999655681,31.000883999659987],[-85.240091999894076,31.000883999659987],[-85.238004999690006,31.000883999659987],[-85.231744999801109,31.000883999659987],[-85.229659000320282,31.000883999659987],[-85.22937100044021,31.000883999659987],[-85.228507999726531,31.000883999659987],[-85.228220999671365,31.000883999659987],[-85.227032000341069,31.000883999659987],[-85.225201000230058,31.000873000218615],[-85.216141999934479,31.000819000142794],[-85.21312300031812,31.000802000084065],[-85.213107000424571,31.000802000084065],[-85.211180000054114,31.000789999633142],[-85.21003100000847,31.000783999792095],[-85.205351999985325,31.00081099984379],[-85.203410000444535,31.000823000292066],[-85.200616999885654,31.000839000117441],[-85.192831000382569,31.000883999659987],[-85.19223999965547,31.000884999889131],[-85.189447999819819,31.000893999640983],[-85.189313000100611,31.000893999640983],[-85.189112000259158,31.000894999870038],[-85.188911000417704,31.000894999870038],[-85.188776999625091,31.000896000099079],[-85.188749999860889,31.000896000099079],[-85.188672000043113,31.000896000099079],[-85.18864600010383,31.000896000099079],[-85.18810999962831,31.000897000328109],[-85.18650100017345,31.000901999933077],[-85.185966000421161,31.000903999620999],[-85.18405999996709,31.000908999995545],[-85.178344000051297,31.000926000035204],[-85.176439000320443,31.000931999867319],[-85.176323999794405,31.000931999867319],[-85.175979999837821,31.00093300009598],[-85.175866000035001,31.000934000324552],[-85.175839000270827,31.000934000324552],[-85.175760999554697,31.000934000324552],[-85.175734999615443,31.000934000324552],[-85.174327000002052,31.000937999699005],[-85.170103000263552,31.000951000359759],[-85.168695999576755,31.000955999961903],[-85.168489999712435,31.000955999961903],[-85.167873999769284,31.000957999648691],[-85.167668999729869,31.000958999877071],[-85.167029000395587,31.00096000010544],[-85.165111000245929,31.000964999707101],[-85.16447199983827,31.000967999621924],[-85.162597000244645,31.000943000071835],[-85.156971999667135,31.000867999842171],[-85.155097999898416,31.000843999725436],[-85.155044000370069,31.000867000382847],[-85.154929999668923,31.000896000099079],[-85.154810999843249,31.000913000141054],[-85.154686000169761,31.000923000119005],[-85.15455999977307,31.000927000263928],[-85.154195999725005,31.000924000347755],[-85.153527000078398,31.000911999912191],[-85.152680999981484,31.000907999766643],[-85.1523370000249,31.000930000179999],[-85.15208400030491,31.000887999806526],[-85.149486999564616,31.000807999923978],[-85.148098000217786,31.000765000036388],[-85.14670899997266,31.000722000129343],[-85.145835000286652,31.000695000052495],[-85.14535499988763,31.00069799997587],[-85.14391899978682,31.000706999745365],[-85.143440000111028,31.000710999899347],[-85.143343000026661,31.000710999899347],[-85.143055999971466,31.00071399982221],[-85.142959999712005,31.000715000053134],[-85.142913999681255,31.000715000053134],[-85.142775999588991,31.000715000053134],[-85.142731000281458,31.000716000284072],[-85.142616999580326,31.000716999744984],[-85.142404999868219,31.000716000284072],[-85.141949999583545,31.000716000284072],[-85.139608999834593,31.000716000284072],[-85.138828999859925,31.000716000284072],[-85.137063000046254,31.00074300035498],[-85.131764999706903,31.000826999671173],[-85.129999999718109,31.000854999940106],[-85.129606000431139,31.000846000184527],[-85.12842600042336,31.000822000062275],[-85.128033000062999,31.000813999763462],[-85.127376999936857,31.000799999623997],[-85.127053000071768,31.000799000163962],[-85.125687000291165,31.000797999933901],[-85.124113000098106,31.000776000260164],[-85.12313399993181,31.000762000115127],[-85.121946000426433,31.000756000272325],[-85.121485000293987,31.000755000041806],[-85.118656999574995,31.000776000260164],[-85.118386000311673,31.000775000029861],[-85.117198999732892,31.000773999799549],[-85.117053999967922,31.000779000180994],[-85.116806000270813,31.000777999950717],[-85.115632999935755,31.000773999799549],[-85.11523799992554,31.000776000260164],[-85.113939999917008,31.000783000331882],[-85.113395999943876,31.00078699971267],[-85.112702000182921,31.00078699971267],[-85.111512000129423,31.000779999641232],[-85.110046999716303,31.000780999871481],[-85.108750000430987,31.000783000331882],[-85.107773999739422,31.000790999863277],[-85.107424999759957,31.000792000093412],[-85.104735999856473,31.000803999774071],[-85.104361999762659,31.000802000084065],[-85.103524000061654,31.000769999648227],[-85.103450000441825,31.000769000187873],[-85.102970000042788,31.000765000036388],[-85.1021259995957,31.00076600026674],[-85.100921000371898,31.000766999727169],[-85.100445999995728,31.000763999805972],[-85.098987000328734,31.000755000041806],[-85.095407000122464,31.000759000193764],[-85.093728000347411,31.000760999884672],[-85.093387999690478,31.000763000345554],[-85.092765000074635,31.000766999727169],[-85.092369000239515,31.000776000260164],[-85.092030000305797,31.000785000022294],[-85.088746000375565,31.000779000180994],[-85.088408000266753,31.000779000180994],[-85.085392000125111,31.000789999633142],[-85.083644999679692,31.000776000260164],[-85.082415000341527,31.000779000180994],[-85.079075000334782,31.000750999889672],[-85.07889600023465,31.00074900019861],[-85.075007000231906,31.000706999745365],[-85.074893000429086,31.000705000053326],[-85.0745629998179,31.000696000283639],[-85.073196000212377,31.000683000358141],[-85.072366000008984,31.000679000202975],[-85.071119000054068,31.000673000354944],[-85.069097000147352,31.000643000339217],[-85.064787000195125,31.000613000314047],[-85.064773999776335,31.000613000314047],[-85.063837000341138,31.000615000008022],[-85.063213000002065,31.000623000323515],[-85.062590000386237,31.00063999964415],[-85.062262000323187,31.000656000270236],[-85.062171999911499,31.000659999656289],[-85.061990000336607,31.000669000199437],[-85.061901999574744,31.000669000199437],[-85.06181200006138,31.000669000199437],[-85.061601000174193,31.000676000279018],[-85.060969000337508,31.00065900019478],[-85.060759000275212,31.00065699973177],[-85.060416000143562,31.00063999964415],[-85.059390000121581,31.000599000145066],[-85.059047999814823,31.000572000033397],[-85.059016999852673,31.00057000033852],[-85.058925999616079,31.000566999641102],[-85.05889600037716,31.000566000178623],[-85.058861000217064,31.00056399971367],[-85.05875699956168,31.000560000323546],[-85.0587230001248,31.000559000090977],[-85.057128000015354,31.00056399971367],[-85.052345000235107,31.000579000120155],[-85.050750999950566,31.000584999974038],[-85.048759000181079,31.000584999974038],[-85.042782999974293,31.000584999974038],[-85.041068000214224,31.000584999974038],[-85.040792000029711,31.000584999974038],[-85.040781000159058,31.000584999974038],[-85.040699999968197,31.000584999974038],[-85.04042700015674,31.000586000206336],[-85.040335999920117,31.000586999668595],[-85.038626000182944,31.000597999912905],[-85.033499000446128,31.000630999868282],[-85.031791000358766,31.000643000339217],[-85.031700999947091,31.000643000339217],[-85.031433000158486,31.000645000032566],[-85.031343999571703,31.000646000264219],[-85.031155000324119,31.000646999725866],[-85.031136000057558,31.000646999725866],[-85.030931000018143,31.000647999957504],[-85.030618999848613,31.000649999650754],[-85.030513000441715,31.000649999650754],[-85.030305999854164,31.000652000113952],[-85.030106999662536,31.00065300034554],[-85.029746999812417,31.000655000038677],[-85.02806999968719,31.00066600027515],[-85.027512000368674,31.000669999660833],[-85.026995000159744,31.000649999650754],[-85.026580999882952,31.000635000025454],[-85.025949000046268,31.000676999740335],[-85.025596999693775,31.000700999899141],[-85.025446999905952,31.000690999897856],[-85.025277000026648,31.000679999664271],[-85.02493200024513,31.000657999963256],[-85.024767000388692,31.000662000119274],[-85.024328999822458,31.000675000047661],[-85.024271999921055,31.000676000279018],[-85.024107999889537,31.000680999895565],[-85.024060000208948,31.000680999895565],[-85.023916000268898,31.000680999895565],[-85.023869000413242,31.000680999895565],[-85.022896999919624,31.000680999895565],[-85.019982000060324,31.000680999895565],[-85.019011000289936,31.000682000126844],[-85.018193999607021,31.000682000126844],[-85.015745999727955,31.000682000126844],[-85.014929999768256,31.000683000358141],[-85.013091000159648,31.000683000358141],[-85.007576999910228,31.000683000358141],[-85.005739000126525,31.000683999819383],[-85.005154000145524,31.000683999819383],[-85.003399000202478,31.000683999819383],[-85.002815000046382,31.000685000050627],[-85.002750999573962,31.000685000050627],[-85.002562000326392,31.000685000050627],[-85.002498999678892,31.000685000050627],[-85.002266000050383,31.00146500012853],[-85.002234000263343,31.001712000234743],[-85.002200999753057,31.001958999701042],[-85.002136000354042,31.002456999874763],[-85.001975999622161,31.003074999933986],[-85.001471999832006,31.004471000334238],[-85.001366000425094,31.005044999976061],[-85.000327999809258,31.007702000013015],[-84.999953999715444,31.00856400033037],[-84.999931000149218,31.009010000110667],[-84.999428000183983,31.012085999690946],[-84.999428000183983,31.013844000331733],[-84.999927999776176,31.014439000024552],[-84.999950000415794,31.01453000019351],[-84.999972000157115,31.014620000190504],[-85.000015999639729,31.014802000095898],[-85.000060000020653,31.014983000342315],[-85.000357999946488,31.015234000383167],[-85.000655999872322,31.015483999686889],[-85.00093399970666,31.015719000312977],[-85.002316000279095,31.017048000197651],[-85.002743000076364,31.017332999808293],[-85.003139999736405,31.017597999802536],[-85.003805999908252,31.018291999958606],[-85.004282999934233,31.018789000217968],[-85.004325999591927,31.018860000043432],[-85.004436000095112,31.019020000236768],[-85.004547000423187,31.019182000235858],[-85.00476099978512,31.01961700001107],[-85.004920999618705,31.020923999776223],[-85.004836999953099,31.023234999978342],[-85.005051000213356,31.024702000038072],[-85.005112000312707,31.024844000061037],[-85.005447000048463,31.025641999733441],[-85.007705999781635,31.029215000281127],[-85.007972999745348,31.029833000034099],[-85.00914000023262,31.031782000114756],[-85.009407000196333,31.032377000170133],[-85.009514000326448,31.032903999951767],[-85.009459999899761,31.033964000064799],[-85.009378999708915,31.035550999682751],[-85.009300000066204,31.037096999829991],[-85.008842000306799,31.040606999645238],[-85.008551999878563,31.042824000106968],[-85.008576999992925,31.044061000376402],[-85.008606000305235,31.044246000309162],[-85.008819999667168,31.045574000330227],[-85.009131999836711,31.046534999638439],[-85.010254000118152,31.048253999926828],[-85.011024000047072,31.05088800001317],[-85.011046999613299,31.051162999859795],[-85.011131000177201,31.051232999707825],[-85.011177000207951,31.052859999710545],[-85.011390999569898,31.053546999913024],[-85.011978000099035,31.054326999735721],[-85.01264199972276,31.055400999695681],[-85.013122999946702,31.05583800033029],[-85.013947000302309,31.05632000002144],[-85.014318000023067,31.056485999793658],[-85.014557000397659,31.056595000330294],[-85.014763000261993,31.056723000116161],[-85.015703000070246,31.057439000336032],[-85.015970999858851,31.057578000347398],[-85.016791999841402,31.057992999903913],[-85.016898999971531,31.058092000120354],[-85.017170000133191,31.058344000066505],[-85.017441000294852,31.058596000114726],[-85.017796000122075,31.058925000263173],[-85.018150000124407,31.059254000043385],[-85.018684000051778,31.060147999914381],[-85.018706999618004,31.060307999993078],[-85.019135000138505,31.061041000251031],[-85.020377999895459,31.063446000062644],[-85.021285999916643,31.06537200017214],[-85.021736000178436,31.065896999782677],[-85.022056999670482,31.066496000206087],[-85.02271299979661,31.067167000208155],[-85.023018000293433,31.067477999950935],[-85.023727000123017,31.068134000180315],[-85.024926000397357,31.069229999720019],[-85.026404000330956,31.071200999831039],[-85.026878999808787,31.071996999737713],[-85.027189000328491,31.072502999641667],[-85.027600000232226,31.073023999700364],[-85.027656000308738,31.073187999850205],[-85.028113000243223,31.073780999884676],[-85.028360999940347,31.074102000298858],[-85.028406999971097,31.074206999738948],[-85.028572999652454,31.07458300031465],[-85.028571999827534,31.075248999870137],[-85.028564000329922,31.075522999864642],[-85.028565999979747,31.075795999626976],[-85.028427999887498,31.076434000332402],[-85.028333000351253,31.076851000341609],[-85.028165999946665,31.077332999724629],[-85.027791999852852,31.078408000152159],[-85.027719999882819,31.078614999629487],[-85.027498999949898,31.079222999996546],[-85.027363000405757,31.079596000221677],[-85.026094999636157,31.083080999939565],[-85.026067999871984,31.084179999879243],[-85.026476000300974,31.085778000196722],[-85.026518999958682,31.085945000199953],[-85.027103999939683,31.087526000108902],[-85.027184000305624,31.087571000232256],[-85.027323000222808,31.087966000314974],[-85.027370000078463,31.088097999748733],[-85.028114999893049,31.089816999742276],[-85.028247999962446,31.090595999746448],[-85.028381000031814,31.09084799971372],[-85.028672000284971,31.092393999830872],[-85.028858999882715,31.093391000168111],[-85.028960000165043,31.093710999719544],[-85.029735999941764,31.096162999962182],[-85.032831999551036,31.100569999991947],[-85.033274000315231,31.101200000203018],[-85.033593999982386,31.101570999662812],[-85.033933999740981,31.102190000113005],[-85.034072999658164,31.10244200009263],[-85.034524999569797,31.102922999741857],[-85.035456999880438,31.104343999869052],[-85.03550999958388,31.104664000211031],[-85.035496000238481,31.10493800000264],[-85.035485000367842,31.105137000150076],[-85.035375999689577,31.107161000055616],[-85.035410999849688,31.107310000010113],[-85.035615000064169,31.108192000222814],[-85.035723999844123,31.108357000312996],[-85.036174000105916,31.10904000001829],[-85.037062000035633,31.109752999678371],[-85.040447000248207,31.111607000159999],[-85.0425229996833,31.112607999622192],[-85.044200999633418,31.113625000162621],[-85.045300000348647,31.114570000121347],[-85.046210000019656,31.11580600020001],[-85.046400999815376,31.115953000083014],[-85.046420000081952,31.115967000206485],[-85.04690100030588,31.116603999794872],[-85.047328999928055,31.116876999957789],[-85.050177999665124,31.118915999742221],[-85.050709999942697,31.119167999934408],[-85.051366000068811,31.119299999841306],[-85.051452000282524,31.119317000270431],[-85.051509000183941,31.119328999621491],[-85.052866999568636,31.119489000052518],[-85.05330299958672,31.119745000027361],[-85.053453000272839,31.119833000219725],[-85.053758999696285,31.120056999711963],[-85.054331000156822,31.120473999744476],[-85.054676999763231,31.12081800018656],[-85.054875000129954,31.121145000052106],[-85.055019999894895,31.121384000118329],[-85.055679000394065,31.122490000206593],[-85.055782000326218,31.123169000114562],[-85.055820999785993,31.123422999969691],[-85.055948000007575,31.123899000150054],[-85.055958999878243,31.123987000335497],[-85.056071000031224,31.124733999688814],[-85.056224000192117,31.125180999923757],[-85.057636999828375,31.12709999994885],[-85.058195999870122,31.128200000047102],[-85.058195999870122,31.128360000131408],[-85.059266000273027,31.129770999857278],[-85.059847000056067,31.130536999807585],[-85.059959000209048,31.130721999865173],[-85.060432999861987,31.131499000319526],[-85.06056599993137,31.131889000283334],[-85.060626000205829,31.132168000320558],[-85.060863000032299,31.133260999771906],[-85.061072000269675,31.134225000302646],[-85.061151999737305,31.134271000191546],[-85.06168499983977,31.136585000181945],[-85.061870999612609,31.137685000248364],[-85.062350000186726,31.13924300037554],[-85.062429999654356,31.139311000082447],[-85.062429999654356,31.139517999839736],[-85.0630389999248,31.140584999868153],[-85.063122999590391,31.140731000278564],[-85.063283000322272,31.140799999983503],[-85.063442000330923,31.141372000084019],[-85.063628999928682,31.141601000138309],[-85.063958999641571,31.142340000023193],[-85.064028000136858,31.142495000237005],[-85.06512000028107,31.143685999805342],[-85.067198000264284,31.145610999824555],[-85.06890299997859,31.146664000279937],[-85.06932899995094,31.147008000318205],[-85.069355999715128,31.147168000196793],[-85.069702000219863,31.147534999743986],[-85.069750999725329,31.147653000100952],[-85.070180999895641,31.148680000015972],[-85.070528000225281,31.149620000383365],[-85.070802999686578,31.150006999803491],[-85.070821000128248,31.150032000164646],[-85.072684999851219,31.152094000240723],[-85.073751000056163,31.152986999630521],[-85.075131999905381,31.15438899981682],[-85.075669000205821,31.154934000064159],[-85.076036999553523,31.155536999976558],[-85.076229000072459,31.155850999828278],[-85.076388999906015,31.156538000265318],[-85.076628000280635,31.156927000135077],[-85.076753999779001,31.157031000120263],[-85.077416999577821,31.157574000310582],[-85.077800999717368,31.157888999678846],[-85.080051999952971,31.1587360002864],[-85.080784000247064,31.159012000197581],[-85.082314000059185,31.159350000174772],[-85.082613999634845,31.15941599986591],[-85.083581999930502,31.159630000225317],[-85.083928000435222,31.159560999619824],[-85.084193999675676,31.159676000088584],[-85.085909000334055,31.159805000221098],[-85.087844000202139,31.159950000148481],[-85.088619999978874,31.160068999748191],[-85.0896290002824,31.160224000184794],[-85.092105999575466,31.16029300030749],[-85.092488999890108,31.16044600019983],[-85.09290599964163,31.16061300029779],[-85.093026000190548,31.160706999988669],[-85.093812000013003,31.161323000332786],[-85.097808999970781,31.163910999749998],[-85.098448000378468,31.164185999911435],[-85.099646999754484,31.164941999688082],[-85.099915000441385,31.165204000197932],[-85.099974999817547,31.165263000157033],[-85.100206999621136,31.165490000073966],[-85.100527000186588,31.165993999807455],[-85.100446999820647,31.166727000011822],[-85.09980800031127,31.168582999995142],[-85.099638000431966,31.169338000044551],[-85.099621999640135,31.169407999673034],[-85.099329999562073,31.172362999829904],[-85.098728999687552,31.175957999637713],[-85.098425999738836,31.177769999650032],[-85.098506999929683,31.180153000133661],[-85.098587000295637,31.180244999888433],[-85.098773999893382,31.180749000266776],[-85.099410999752948,31.181641000234059],[-85.099952000251321,31.182397999649169],[-85.100719999632133,31.183473999690662],[-85.102051999975842,31.184733999895371],[-85.102904999745448,31.185261000064383],[-85.1037319995758,31.18555799968366],[-85.104423999686929,31.185650000334078],[-85.104762999620647,31.185608999904872],[-85.105383999586664,31.185534999891299],[-85.105942999628411,31.185283000096604],[-85.106503000393374,31.185305000123702],[-85.106930000190644,31.185478999738741],[-85.107008999833354,31.185511000269155],[-85.107301999736322,31.185947000269824],[-85.107435999630624,31.186405000339203],[-85.107515999996565,31.186451000263965],[-85.107675999830121,31.187435999787738],[-85.107676999655041,31.188490000150406],[-85.107597000187411,31.188649999909924],[-85.107543999585644,31.189841000316058],[-85.107437000353826,31.190254000169187],[-85.10743800017876,31.191880000176099],[-85.107697999571442,31.192997000335687],[-85.107705000142431,31.193025999858108],[-85.107726999883752,31.193067999892676],[-85.107919000402703,31.193437999903551],[-85.108073000388472,31.195023000337859],[-85.108095000129794,31.195248000167481],[-85.108132999764607,31.195637000117024],[-85.107804999701557,31.197631999889921],[-85.10757500044609,31.199026999999706],[-85.107148999575429,31.200355999975397],[-85.107110999940616,31.201588999906992],[-85.107095999871987,31.202096999714833],[-85.106962999802604,31.202692999974524],[-85.106674000097613,31.203118999733402],[-85.106403999760857,31.203517999775158],[-85.106248999950154,31.203733999621335],[-85.105631000357192,31.204594999815814],[-85.105337999555914,31.204686999631058],[-85.104387999701913,31.20567300026692],[-85.103154000165816,31.206955000321937],[-85.101235000191252,31.208540000192432],[-85.100585999737831,31.20907700029796],[-85.099902999847515,31.20964100032776],[-85.099769999778133,31.20975099975637],[-85.099211999561305,31.210314000045926],[-85.099157000208038,31.210370000098894],[-85.099137000116542,31.210410999787324],[-85.098703999573189,31.211285999769792],[-85.098496999883949,31.212915999857429],[-85.098465000096894,31.213164999682391],[-85.098568000029061,31.214543999701952],[-85.098706000121325,31.216394999640038],[-85.098839000190708,31.21699099968383],[-85.098808000228573,31.217592999796448],[-85.098747999954114,31.218737000176478],[-85.098706999946231,31.219511000248264],[-85.098521000173406,31.220702000090487],[-85.097974999652124,31.222176999788275],[-85.097782000206607,31.222699000116588],[-85.096886999705887,31.225119000184716],[-85.096843000223274,31.225239000232659],[-85.096762999857333,31.2256509997755],[-85.096818999933816,31.226081999866043],[-85.096834999827337,31.226207000271394],[-85.096976000292642,31.227301000260379],[-85.09706599980602,31.227429000269918],[-85.097136000126227,31.227529999945023],[-85.097459999991315,31.228487999717469],[-85.097856999651356,31.229660000046394],[-85.098070000086693,31.230324999951797],[-85.098149999554323,31.230369999909179],[-85.098177000216822,31.230598999838268],[-85.09822999992025,31.230644999780537],[-85.098402000347718,31.231170999866432],[-85.098451999678105,31.231323000306801],[-85.098706000121325,31.232101999974308],[-85.098844000213589,31.232523999740984],[-85.099163999880716,31.233209999780758],[-85.100018000373552,31.233943000170552],[-85.100148999894813,31.234096000071059],[-85.100456999866395,31.234595999775092],[-85.100728999852947,31.23480799977251],[-85.100821999739381,31.234915999733204],[-85.101170999718832,31.235543000181217],[-85.101789000210118,31.236656999885568],[-85.101964999937209,31.236973999630415],[-85.102152000433279,31.23730999993353],[-85.102178000372547,31.237470000060174],[-85.10247200010042,31.237859999953564],[-85.103086000393745,31.239257000354851],[-85.103698999963854,31.240586000166893],[-85.103885999561598,31.240905999804191],[-85.103939999988256,31.241273000040898],[-85.104259999655397,31.241868999881685],[-85.104847000184549,31.244114000079154],[-85.105061000444806,31.245809000220255],[-85.105247000217631,31.246299999820835],[-85.105460999579563,31.246862999754491],[-85.106182000003002,31.248076999635312],[-85.106289000133131,31.248122000352577],[-85.106670999724557,31.248789999859483],[-85.107464999942934,31.25017700001635],[-85.107474999988682,31.250202000032136],[-85.10808099988607,31.251769000067771],[-85.108535000345839,31.253349000118508],[-85.109148999740853,31.254609000104725],[-85.110456999795133,31.256556000209226],[-85.111153999929144,31.257370999995103],[-85.111711000321051,31.258022000000093],[-85.111871000154622,31.258387999935081],[-85.111897999918796,31.259006999616545],[-85.112164999882495,31.259212999694547],[-85.112352000378564,31.259580000195676],[-85.112390000013377,31.259773999804509],[-85.112485000447933,31.260267000103688],[-85.112467000006291,31.261453999957215],[-85.112460000333584,31.26196199975713],[-85.112806999764913,31.263221999956151],[-85.113058999659998,31.263842999712306],[-85.113261000224654,31.264343000102386],[-85.113169000163154,31.264643999895199],[-85.112968000321715,31.265305999949522],[-85.112169000080456,31.267070000273076],[-85.111983000307603,31.267986999772493],[-85.111824000298952,31.270461000095306],[-85.111871000154622,31.271625000366708],[-85.111904999591502,31.272476999947457],[-85.112199000217686,31.273827999882229],[-85.112545999649001,31.274377999853208],[-85.11331499975303,31.275268999803146],[-85.11353400003614,31.275523000093909],[-85.114146999606248,31.275867000038073],[-85.114548000362547,31.276301999818362],[-85.114587999647213,31.277081000019056],[-85.114601000066003,31.27733300002733],[-85.114493000110969,31.277518000348266],[-85.113937000442263,31.278745999666693],[-85.113903000107086,31.278799000263334],[-85.113432999753798,31.279470999856144],[-85.112881000283053,31.28004900003522],[-85.111865000306835,31.280829999932546],[-85.110358000060927,31.281747000030112],[-85.108234999871883,31.282376000296779],[-85.108015999588758,31.282444000032804],[-85.106975000396474,31.282421000014637],[-85.106042000260928,31.282513000053523],[-85.101560999706166,31.283362000114678],[-85.10146299979688,31.283384999903273],[-85.100352000284403,31.283740000034584],[-85.09982599985463,31.284024000098604],[-85.09965199977735,31.284078000349194],[-85.099144999614154,31.284206999713746],[-85.098712999794017,31.284455000156619],[-85.098359999616591,31.284714999833817],[-85.098188999912381,31.284878000381958],[-85.098005999614259,31.285052999724279],[-85.097312999678238,31.285715000119374],[-85.096900999949582,31.286066999802749],[-85.09678399977372,31.286243999829644],[-85.095920000133447,31.286964000053324],[-85.095655999644492,31.287225000004842],[-85.095618000009651,31.287263000031682],[-85.095549000412674,31.287329999799233],[-85.095165000273127,31.287709999722569],[-85.094929000271577,31.28785399981054],[-85.093446000315112,31.289406000190521],[-85.09316000008485,31.289688000329072],[-85.091586999716696,31.29168099982968],[-85.090333999914009,31.293606000100869],[-85.089774000047356,31.295025999864421],[-85.089614000213786,31.295920000268641],[-85.089827999575704,31.296995999808193],[-85.089774999872262,31.297707000027739],[-85.089615000038705,31.29827900025138],[-85.089134999639654,31.299219000034796],[-85.088067999609819,31.302174000025669],[-85.087695000239236,31.304052999904286],[-85.087749999592489,31.307558000102933],[-85.087643000360686,31.30794699963721],[-85.087650999858297,31.308676999650313],[-85.087670000124874,31.310169000115881],[-85.08740399998608,31.31122299978427],[-85.085295999865636,31.314681999887778],[-85.084869999893286,31.315484000288276],[-85.084816000364938,31.315724999913286],[-85.084762999763171,31.315964999710403],[-85.084551999875984,31.316129999887625],[-85.084469000035284,31.316193999925066],[-85.084255999599975,31.316720999754903],[-85.084193999675676,31.316911000129409],[-85.084084000070845,31.317253000298031],[-85.083776000099263,31.318210000328865],[-85.083776000099263,31.319332999724903],[-85.084017000123694,31.320936999659466],[-85.084043999887868,31.322631999999732],[-85.083696999558214,31.323846000071157],[-85.0838279999778,31.326970999940784],[-85.084042000238028,31.327857999802283],[-85.084151999842888,31.328312999834097],[-85.084684999945353,31.329252999941662],[-85.08505900003918,31.32982499967742],[-85.08682099965489,31.331336999786856],[-85.0875949997818,31.332345000177227],[-85.0875949997818,31.332528000327972],[-85.088532999940213,31.333625000107126],[-85.088989000049807,31.334287999706159],[-85.089367000341582,31.33540900036019],[-85.089423000418066,31.336028000016441],[-85.089184000043474,31.336372999847683],[-85.088517999871598,31.336901999792065],[-85.087828000308619,31.337981999726185],[-85.08708900034182,31.340320999920365],[-85.086881999754269,31.342362000122819],[-85.086834999898613,31.344149999931194],[-85.086413999949116,31.345893000211881],[-85.086393999857634,31.347910000195416],[-85.086069999992532,31.349480999701999],[-85.086063000319854,31.349518000308755],[-85.085881999671557,31.35018600030002],[-85.085992999999647,31.350496000163339],[-85.086076999665238,31.350693999818457],[-85.08608000003828,31.350776000003027],[-85.086104000327722,31.351450000176996],[-85.085890999892399,31.352801999725841],[-85.085917999656573,31.35314599983192],[-85.086050999725956,31.35348899986667],[-85.086453000307188,31.353821999817278],[-85.086825999677771,31.354130999628989],[-85.087413000206908,31.354427999749664],[-85.088054000264435,31.354566000152907],[-85.090215999913227,31.354543000099774],[-85.090594000205002,31.354420999690451],[-85.090642999710496,31.354404999662769],[-85.090990000040122,31.354427999749664],[-85.091790999931192,31.35520699990461],[-85.092512000354645,31.35658099991625],[-85.092618999586463,31.357474000172775],[-85.092646000248948,31.360154999699411],[-85.092539999943739,31.361964999813218],[-85.092487000240297,31.362880999877472],[-85.092299999744228,31.36370600004069],[-85.092327000406712,31.364048999904902],[-85.092166999674831,31.364576000220666],[-85.088251999732833,31.371513999804602],[-85.087634000139857,31.372737000103967],[-85.087213000190374,31.374028000159708],[-85.087183000053159,31.374071999673195],[-85.086910000241673,31.374473999712592],[-85.086819000005079,31.37517799991948],[-85.086813999982212,31.375192000013922],[-85.086439999888398,31.376128999948239],[-85.085686999677904,31.378537000250855],[-85.085686999677904,31.378652000249581],[-85.085686999677904,31.378742999762018],[-85.085633000149542,31.378796000069453],[-85.085500000080145,31.378927000209217],[-85.085039999772604,31.380153000073893],[-85.084700000013981,31.381057000143215],[-85.083945000153662,31.382050000003836],[-85.083498000264896,31.382637999808384],[-85.083028999736555,31.383474000152898],[-85.082431000235061,31.384540000251157],[-85.081683000047434,31.386899000095426],[-85.080990000111385,31.391021999955779],[-85.080909999745444,31.391137000005202],[-85.080860000415043,31.391649000342621],[-85.080797999592448,31.392280000114056],[-85.080749999911873,31.39276300011197],[-85.080402999582233,31.393931999735727],[-85.07992200025663,31.394801999920105],[-85.079892999944292,31.394842000043223],[-85.079282000024023,31.395673000375478],[-85.079227999597336,31.395833000048043],[-85.078933999869463,31.395971000227171],[-85.07864099996651,31.396359999979126],[-85.077999999909011,31.397529000055513],[-85.077625999815197,31.398880000105407],[-85.07733299991223,31.400850999672123],[-85.077387000338916,31.402843999936852],[-85.077893999603802,31.4051120000026],[-85.077973999969743,31.405157000085318],[-85.078000999733916,31.405454999730363],[-85.078936000417627,31.407242000188013],[-85.078968000204668,31.407300999923979],[-85.079523999873345,31.408296000084611],[-85.079897999967173,31.40960199979358],[-85.079978000333114,31.410471999640688],[-85.079897999967173,31.411343000352058],[-85.079817999601232,31.41173200002773],[-85.079757000400164,31.411780999675418],[-85.07941799956815,31.412053000039368],[-85.077762000257636,31.414251999869737],[-85.077708999655869,31.414435999730379],[-85.077441999692184,31.414619000300448],[-85.076746000281403,31.415971000103522],[-85.07637200018759,31.417597000076963],[-85.076212000354033,31.41892600026571],[-85.076131000163159,31.42169500026063],[-85.076053000345368,31.4243549997732],[-85.075892999613473,31.424927999891352],[-85.075336999944795,31.42622299965452],[-85.074664000100228,31.42779100020817],[-85.073752999705988,31.42889700002171],[-85.073701999652357,31.428959000099141],[-85.073327999558543,31.429165000111457],[-85.071885999609961,31.429257000022776],[-85.071350999857671,31.42905100021267],[-85.070709999800158,31.428501000340326],[-85.0701490001086,31.427746000250725],[-85.069320999555032,31.427265000054952],[-85.068545999603231,31.427310999804288],[-85.068502000120617,31.427336000325159],[-85.068427999602449,31.427373000163925],[-85.068406999686047,31.427390000354265],[-85.068078999622983,31.42758500024317],[-85.067240000097073,31.428333000179208],[-85.067214999982724,31.428444000004575],[-85.067036999707497,31.428581000201675],[-85.066407000418948,31.42950100021703],[-85.066012000408733,31.430528999942734],[-85.065918999624017,31.431085000373557],[-85.065952000134274,31.432881000196236],[-85.066029999952093,31.432981999631707],[-85.066091000051458,31.433436000212478],[-85.066092999701297,31.433450000050232],[-85.066189999785664,31.434312999973994],[-85.065983999921329,31.436816000112003],[-85.065639000139839,31.439521000307831],[-85.065911000126405,31.44260299973341],[-85.065954999609005,31.442979000248467],[-85.066435999832947,31.445109999750763],[-85.066435999832947,31.44536200037739],[-85.066516000198888,31.445430999700879],[-85.066702999796647,31.447285999631841],[-85.068173000232633,31.451134999999947],[-85.068948000184449,31.452463999898477],[-85.069267999851576,31.453471999680001],[-85.069267999851576,31.454433999899855],[-85.06918800038396,31.454823000122747],[-85.069294999615764,31.459176000026819],[-85.069508999876007,31.460230000052295],[-85.069670000432808,31.460618999955962],[-85.069963000335761,31.461030999801618],[-85.070338000254495,31.462017000277612],[-85.07041799972211,31.462497999880824],[-85.07060500021818,31.46346000010335],[-85.070684999685795,31.463505999710314],[-85.07129999980404,31.465933000339138],[-85.071575999988553,31.468038999825001],[-85.071621000194412,31.468383999757361],[-85.071498999995669,31.468728000065262],[-85.071006000076167,31.47012499973086],[-85.069055000314563,31.474478000032136],[-85.068333000066204,31.476860000319839],[-85.067692000008691,31.478990999647014],[-85.06691700005689,31.481007000223936],[-85.066055000066441,31.483189999918075],[-85.065916000149272,31.483542000314646],[-85.0656869998204,31.484121999637431],[-85.065233000258985,31.4848099997403],[-85.065259000198239,31.484923999967933],[-85.065045999762916,31.4849930000181],[-85.06470900037732,31.485326999652525],[-85.064377000116323,31.485657000042202],[-85.064255999742485,31.485878000378957],[-85.064162999856066,31.486046999698424],[-85.064101999756716,31.486063000266359],[-85.063895999892381,31.486114999986661],[-85.062960000282089,31.487031999732942],[-85.062104999964347,31.488017000120436],[-85.061961000024297,31.488375000325448],[-85.061543000447855,31.489413999874227],[-85.060981999857987,31.490468000299472],[-85.060580999999999,31.492232000020007],[-85.060206000081266,31.49406400004538],[-85.059779000283996,31.4947969997332],[-85.058923000141348,31.495989000021595],[-85.057959999868558,31.497707000152758],[-85.057131000388395,31.499011999691866],[-85.056927999998805,31.500171000186612],[-85.056816999670716,31.500171000186612],[-85.055840999877461,31.501879000165744],[-85.054499000386315,31.503021999625169],[-85.054475999921792,31.503078000244706],[-85.052951000132524,31.506517999691674],[-85.05177000029984,31.507997999663456],[-85.050966999860634,31.509061000153036],[-85.050570000200594,31.509672999701909],[-85.05022600024401,31.51060700013349],[-85.049761999738507,31.511348000356143],[-85.049278999864768,31.512250000306253],[-85.048805000211829,31.513054999651988],[-85.04844500036171,31.51368399969278],[-85.047983000404358,31.514314999656996],[-85.045641999757095,31.516813000052281],[-85.045495000342314,31.517129000024664],[-85.044985999630981,31.518230000090796],[-85.044819000124704,31.518679000250874],[-85.044604000039556,31.519262000218458],[-85.044477999642865,31.519962999657714],[-85.04455600035898,31.520908000118087],[-85.046055000208966,31.522446000284013],[-85.046988000344527,31.523118999916989],[-85.047252999760076,31.523372999691297],[-85.047648999595211,31.523750999783019],[-85.04792499977971,31.524550000027784],[-85.048127000344408,31.525284999665029],[-85.048262999888536,31.526012000099936],[-85.048128000169314,31.526592000150067],[-85.047727000311312,31.527736999861027],[-85.047195999858673,31.528670999665707],[-85.046138000049652,31.529909999697438],[-85.045568999962157,31.530956999980539],[-85.045255000142816,31.531657999708486],[-85.044867999630185,31.532149000054218],[-85.044691000078174,31.532407999625359],[-85.044157999975738,31.533187000077966],[-85.042982999990841,31.535199999908361],[-85.04181300002881,31.53775399970722],[-85.041428000064343,31.539293000280971],[-85.041305000040694,31.540986999649167],[-85.041361000117192,31.542495000195771],[-85.041880999800881,31.544684000047269],[-85.042546999972728,31.54595299977376],[-85.043608999979725,31.547021999791497],[-85.044465999947292,31.547592999680234],[-85.044484000388948,31.547603999860961],[-85.044500000282497,31.547618000228329],[-85.044520000373964,31.547636999629926],[-85.045697999833578,31.54870700005824],[-85.046394999967589,31.549597000075792],[-85.047241000064503,31.550769999941338],[-85.048477999973684,31.552195000304224],[-85.049909999876519,31.554119999933629],[-85.050837999989199,31.555551000287597],[-85.050925999852751,31.555788000036216],[-85.05145899995523,31.55672299984446],[-85.051873000232007,31.557871000359121],[-85.051848000117644,31.55892700034676],[-85.052423000052912,31.561260999743183],[-85.052931000041028,31.562890000113239],[-85.053022000277622,31.562890000113239],[-85.053145000301271,31.562890000113239],[-85.054916000137837,31.566254999876833],[-85.055712999830945,31.567448999927837],[-85.056006999558818,31.567770000226346],[-85.057528000048436,31.569920000277101],[-85.057611999714013,31.570037999791715],[-85.057611999714013,31.570129000158669],[-85.057611999714013,31.570175000091687],[-85.057641000026337,31.57019499982254],[-85.057745999608315,31.57026699988959],[-85.057959999868558,31.570839999749012],[-85.057985999807826,31.572329000260225],[-85.057718999844141,31.573061999628145],[-85.056754999746445,31.574572999983218],[-85.056702000043003,31.574709999742115],[-85.056507000049322,31.574802999938505],[-85.056461000018572,31.574825000004314],[-85.055416999554936,31.576519999692785],[-85.055284000383878,31.577091999895472],[-85.055284000383878,31.577596000178321],[-85.055344999584904,31.577700999734869],[-85.05536399985148,31.577734000336303],[-85.055416999554936,31.578696000120217],[-85.056031999673181,31.579979000278986],[-85.056296999987055,31.580292000044199],[-85.057718000019221,31.581971999802086],[-85.058263999642165,31.582950000274359],[-85.058307000198198,31.583025999680977],[-85.058440000267581,31.583690000077013],[-85.058440000267581,31.58381599971036],[-85.058440000267581,31.584431999716639],[-85.058440000267581,31.585110000139547],[-85.058427999673711,31.585141000072547],[-85.058333000137466,31.58538500002458],[-85.058318000068851,31.585518000061811],[-85.058190999847241,31.586637999893611],[-85.058027999640629,31.588083999970038],[-85.058011999747094,31.588225999687264],[-85.058022999617762,31.589400999864029],[-85.058037999686363,31.59113500031545],[-85.058108999831475,31.593343000353773],[-85.058114999679262,31.593514999834202],[-85.058118000052318,31.593608999709669],[-85.058027999640629,31.594369999767512],[-85.05790399979206,31.595418999896843],[-85.057732000262931,31.596194999719195],[-85.057609000239282,31.596747999947631],[-85.057046999824493,31.598625999828677],[-85.056645999966491,31.60034399983968],[-85.056404999942075,31.600962999981956],[-85.056271000047772,31.602588999793266],[-85.056066000008357,31.603760000248261],[-85.056003000259167,31.604124000304218],[-85.056002000434248,31.604227999840266],[-85.055999999886126,31.604293999838735],[-85.055975999596683,31.60517499989378],[-85.056267999674731,31.60586500021595],[-85.056933000021687,31.606455999726229],[-85.05732100035921,31.606712999671153],[-85.057877000027887,31.606952000055077],[-85.058116000402492,31.60705600025782],[-85.058224000357527,31.607102000325153],[-85.058758000284897,31.607160000344411],[-85.059365999832124,31.607225999794732],[-85.059696000443338,31.607261999683832],[-85.060150999829688,31.607491000118973],[-85.060391999854119,31.607742999863312],[-85.060551999687675,31.608223999852974],[-85.060427999839121,31.609484000195121],[-85.060391999854119,31.609849999870754],[-85.0604060000978,31.610631999703074],[-85.060417999793373,31.611270999638453],[-85.059802999675142,31.612346999666421],[-85.059400999992221,31.612805000203291],[-85.059359999984352,31.612872000114614],[-85.058722000299895,31.613909000048437],[-85.058374999970255,31.614471999974853],[-85.058329999764425,31.614545999964736],[-85.058266000190315,31.614733000152455],[-85.057527000223516,31.616882999872786],[-85.057506000307129,31.617563000109804],[-85.057472999796829,31.618623999853511],[-85.057820999951389,31.619472000124489],[-85.057916000385944,31.619678000378705],[-85.058169000105934,31.62022699966094],[-85.058944999882669,31.621120999883345],[-85.059534000061632,31.62171700010478],[-85.062156999842884,31.622908000039835],[-85.063896999717272,31.623504000289525],[-85.064406000428633,31.623732999778387],[-85.064485999896263,31.623792999654796],[-85.064628000186474,31.623897999919187],[-85.065003000105193,31.62417800029986],[-85.065235999733702,31.624350999941829],[-85.065940000438729,31.624858999755077],[-85.067428000418062,31.625166999929458],[-85.067628000434581,31.625266999945694],[-85.067928000010241,31.625567000114241],[-85.068627999618982,31.626067000030343],[-85.068728000076419,31.626067000030343],[-85.069227999668612,31.626567000319053],[-85.070528000225281,31.627266999880334],[-85.071427999850556,31.62786700012019],[-85.071627999867104,31.628067000360044],[-85.072128000357594,31.628566999843578],[-85.072929000248692,31.62896699994311],[-85.073828999873967,31.629566999927111],[-85.074028999890501,31.629866999997635],[-85.074828999956665,31.630667000299947],[-85.074929000414087,31.6307669997584],[-85.075329000447184,31.63126700002719],[-85.075528999565407,31.631466999841052],[-85.076528999648119,31.632666999637049],[-85.076629000105527,31.632867000264984],[-85.077229000155157,31.633566999841022],[-85.077528999730816,31.633966999855772],[-85.078128999780446,31.63476700007838],[-85.078229000237855,31.634866999717961],[-85.079029000304018,31.635867000143072],[-85.079328999879692,31.636166999780006],[-85.079829000370196,31.636567000085101],[-85.080029000386745,31.636866999758489],[-85.080528999978938,31.637166999993724],[-85.080828999554583,31.637367000122808],[-85.08122899958768,31.637467000026032],[-85.081628999620747,31.637566999821775],[-85.082828999719993,31.637967000223739],[-85.083428999769623,31.638067000246576],[-85.083828999802705,31.638167000161896],[-85.084329000293209,31.638167000161896],[-85.084929000342839,31.638167000161896],[-85.085828999968115,31.63836699966993],[-85.086229000001197,31.638567000277458],[-85.086629000034293,31.639066999914384],[-85.086928999609938,31.639466999982641],[-85.087029000067361,31.640167000359327],[-85.087029000067361,31.640307999839141],[-85.087029000067361,31.640466999891],[-85.087029000067361,31.640666999805852],[-85.087029000067361,31.640965999683033],[-85.086429000017731,31.64256599978382],[-85.086229000001197,31.642865999987812],[-85.085828999968115,31.643366000216066],[-85.085729000409003,31.64366600013302],[-85.085428999935047,31.64436600025352],[-85.085228999918485,31.644765999704038],[-85.084729000326291,31.645465999954634],[-85.084628999868869,31.645665999822935],[-85.084329000293209,31.64616600028781],[-85.084129000276675,31.646666000357712],[-85.083628999786171,31.647865999800796],[-85.083428999769623,31.648165999726526],[-85.083212000034635,31.648671999732329],[-85.083129000193964,31.648866000376383],[-85.082828999719993,31.649065999812386],[-85.082729000160882,31.649765999802469],[-85.082628999703459,31.650265999626818],[-85.082129000111266,31.650765999820365],[-85.081428999604213,31.650965999756437],[-85.080229000403264,31.650965999756437],[-85.079636999851246,31.650899999978027],[-85.079328999879692,31.6508659998422],[-85.079080000357663,31.650956999997973],[-85.078229000237855,31.651265999618342],[-85.078029000221335,31.651566000041306],[-85.077829000204773,31.652366000258802],[-85.077928999763898,31.652666000190003],[-85.078229000237855,31.653266000206141],[-85.07832899979698,31.653365999832289],[-85.078829000287485,31.654266000036756],[-85.07912899986313,31.654766000122724],[-85.079928999929308,31.655665999768701],[-85.080429000419826,31.655965999752851],[-85.081729000078184,31.656266000297887],[-85.082529000144348,31.65646599986831],[-85.084529000309757,31.657065999820151],[-85.085628999951567,31.657365999872606],[-85.087229000083909,31.657765999965267],[-85.087829000133539,31.657866000101663],[-85.08992899985806,31.658566000337387],[-85.090829000381646,31.658965999852253],[-85.092428999615649,31.659966000281322],[-85.092828999648745,31.660365999886327],[-85.093628999714895,31.661266000347478],[-85.094028999747991,31.661865999889535],[-85.094929000271577,31.663066000347495],[-85.095529000321207,31.663765999637285],[-85.096828999979564,31.665066000053596],[-85.097629000045728,31.665766000329548],[-85.098528999671004,31.666565999865739],[-85.099029000161522,31.667066000282233],[-85.100229000260768,31.668365999626275],[-85.100629000293836,31.668765999763284],[-85.101629000376548,31.669465999680714],[-85.101928999952193,31.669965999777673],[-85.102628999560949,31.670865999744159],[-85.102828999577468,31.671265999818132],[-85.103729000101069,31.672465999642117],[-85.104529999992153,31.673466000010677],[-85.106029999667044,31.675066000220369],[-85.106629999716674,31.675565999983895],[-85.108029999832468,31.676265999869603],[-85.108429999865535,31.676465999959859],[-85.109429999948247,31.677465000122492],[-85.109930000438752,31.678264999800106],[-85.110630000047493,31.679665000232649],[-85.110729999606605,31.680265000180494],[-85.112630000212889,31.685164999851537],[-85.113030000245971,31.685864999985203],[-85.11392999987126,31.686864999754864],[-85.114529999920876,31.6872649997037],[-85.115829999579248,31.6880649997806],[-85.116629999645411,31.688564999862333],[-85.11853000025171,31.689565000353127],[-85.119330000317873,31.689865000157361],[-85.120829999992765,31.690464999914042],[-85.121529999601506,31.690764999866463],[-85.12232999966767,31.691264999925171],[-85.122929999717286,31.691765000347438],[-85.123630000224338,31.692864999895811],[-85.124129999816532,31.693264999973024],[-85.124529999849614,31.693565000045989],[-85.12492999988271,31.693914999669524],[-85.125430000373214,31.694764999810705],[-85.125430000373214,31.694864999854929],[-85.12552999993234,31.694964999791395],[-85.12583000040631,31.6959650001074],[-85.125929999965408,31.69626499985857],[-85.125929999965408,31.696765000090782],[-85.125929999965408,31.697065000312545],[-85.125929999965408,31.697565000055139],[-85.125929999965408,31.697964999743476],[-85.125929999965408,31.698365000000212],[-85.12583000040631,31.698964999826778],[-85.12583000040631,31.699465000029981],[-85.125832000056121,31.699713999800149],[-85.12583000040631,31.69996499983133],[-85.125729999948859,31.700464999995084],[-85.125729999948859,31.700865000172854],[-85.125630000389748,31.701165000129716],[-85.125630000389748,31.701498999837089],[-85.125630000389748,31.701565000346342],[-85.125729999948859,31.701865000332248],[-85.12583000040631,31.702464999686246],[-85.125929999965408,31.702965000132089],[-85.12603000042283,31.703365000229621],[-85.12603000042283,31.703765000130797],[-85.126129999981956,31.704164999835534],[-85.126230000439378,31.704765000361718],[-85.126329999998489,31.705064999933644],[-85.126429999557615,31.705465000146145],[-85.126429999557615,31.705964999705529],[-85.126530000015023,31.706565000051363],[-85.126530000015023,31.707064999794532],[-85.126629999574135,31.707764999797568],[-85.126730000031586,31.708364999961958],[-85.126829999590697,31.7089650000657],[-85.126829999590697,31.709565000108569],[-85.126730000031586,31.710064999726281],[-85.126730000031586,31.710665000294146],[-85.126730000031586,31.711008000235122],[-85.126730000031586,31.711065000044449],[-85.126730000031586,31.711328999790336],[-85.126730000031586,31.711764999658694],[-85.126730000031586,31.712364999925665],[-85.126730000031586,31.712965000131209],[-85.126689999848608,31.71316299996602],[-85.126629999574135,31.713464999756557],[-85.126629999574135,31.713745000019692],[-85.126629999574135,31.714265000120932],[-85.126629999574135,31.714863999954488],[-85.126530000015023,31.715464000036398],[-85.126530000015023,31.716263999964223],[-85.126530000015023,31.716764000138891],[-85.126329999998489,31.717263999909449],[-85.126230000439378,31.717764000039921],[-85.126129999981956,31.718163999731029],[-85.125929999965408,31.718563999988582],[-85.125729999948859,31.718864000004299],[-85.125430000373214,31.719163999813301],[-85.125329999915778,31.71936399991073],[-85.125129999899244,31.719564000340796],[-85.12492999988271,31.71976400033936],[-85.12492999988271,31.719663999629866],[-85.124729999866162,31.719963999906412],[-85.124430000290502,31.720263999976208],[-85.123830000240886,31.720963999674431],[-85.123529999766916,31.721364000075923],[-85.123030000174722,31.721864000251749],[-85.12263000014164,31.722063999872553],[-85.122230000108573,31.722763999731498],[-85.12203000009201,31.723463999652626],[-85.12203000009201,31.724763999888815],[-85.12203000009201,31.725163999937124],[-85.122230000108573,31.726164000145793],[-85.122230000108573,31.726464000014449],[-85.121929999634588,31.727363999906281],[-85.12172999961804,31.727964000072021],[-85.121329999584958,31.728863999913244],[-85.120929999551876,31.729263999838455],[-85.120229999943149,31.729863999926994],[-85.119730000350955,31.73016400004245],[-85.119130000301325,31.730963999931408],[-85.119029999843903,31.731663999803061],[-85.118930000284777,31.732664000160032],[-85.119029999843903,31.733163999729236],[-85.119530000334393,31.734264000285258],[-85.119730000350955,31.734663999819183],[-85.120229999943149,31.735364000004974],[-85.120330000400571,31.735964000320184],[-85.120429999959683,31.736964000104528],[-85.120629999976231,31.737364000204504],[-85.120829999992765,31.737863999619503],[-85.120929999551876,31.738263999653157],[-85.121030000009313,31.73906399988639],[-85.121129999568424,31.739364000006987],[-85.121230000025847,31.740363999758035],[-85.121329999584958,31.740763999691325],[-85.121529999601506,31.741864000150148],[-85.12172999961804,31.74236399972088],[-85.121830000075477,31.743464000275569],[-85.12203000009201,31.744064000071639],[-85.12263000014164,31.745264000224939],[-85.122929999717286,31.7457639997738],[-85.123630000224338,31.746964000051783],[-85.123929999799998,31.747564000088605],[-85.124329999833094,31.74856399991338],[-85.124430000290502,31.748964000333306],[-85.124729999866162,31.74916400027719],[-85.12492999988271,31.749363999789093],[-85.125129999899244,31.749664000156638],[-85.125129999899244,31.749763999808561],[-85.12523000035668,31.749864000116311],[-85.12523000035668,31.749964000316066],[-85.12523000035668,31.749985000267905],[-85.12523000035668,31.750063999643977],[-85.125290999557734,31.750063999643977],[-85.125329999915778,31.750063999643977],[-85.125329999915778,31.750113999649315],[-85.125329999915778,31.75016399962772],[-85.125329999915778,31.750264000267354],[-85.12552999993234,31.750463999694869],[-85.125695999613683,31.750712999982472],[-85.125729999948859,31.750764000317687],[-85.126129999981956,31.751364000174839],[-85.126329999998489,31.751664000173097],[-85.12644399980131,31.751968000340717],[-85.126629999574135,31.752463000100914],[-85.126829999590697,31.752862999717472],[-85.127029999607231,31.75346299972113],[-85.127229999623765,31.753963000063653],[-85.127629999656861,31.754762999883262],[-85.127829999673381,31.755362999794034],[-85.128330000163913,31.756162999736233],[-85.128433999920986,31.756423999764593],[-85.128530000180447,31.756663000008327],[-85.128829999756107,31.75736299967107],[-85.129029999772627,31.757663000088336],[-85.129230999614094,31.758663000058181],[-85.129130000230077,31.759063000381747],[-85.128829999756107,31.759862999661909],[-85.128629999739559,31.760062999738206],[-85.128029999689943,31.761062999746954],[-85.127930000130831,31.761263000285261],[-85.127629999656861,31.761762999740018],[-85.127530000097735,31.762162999650176],[-85.127329000256282,31.762563000122888]]]},"properties":{"GEOID":"01","STATE":"01","STATENS":"01779775","BASENAME":"Alabama","NAME":"Alabama","LSADC":"00","FUNCSTAT":"A","AREALAND":131187053413,"AREAWATER":4580104668}}]}