2026-10-04T01:59:40.0129638Z Current runner version: '2.337.0'
2026-10-04T01:59:40.0146754Z ##[group]Runner Image Provisioner
2026-10-04T01:59:40.0147285Z Hosted Compute Agent
2026-10-04T01:59:40.0147726Z Version: 20260901.588
2026-10-04T01:59:40.0148148Z Commit: f88ec8081b781fac6c440065ac7ff9e710ce3d0b
2026-10-04T01:59:40.0148784Z Build Date: 2026-09-01T19:56:44Z
2026-10-04T01:59:40.0149350Z Worker ID: {ec98fef7-990f-4fac-8285-c7be533f143c}
2026-10-04T01:59:40.0149779Z Azure Region: centralus
2026-10-04T01:59:40.0150158Z ##[endgroup]
2026-10-04T01:59:40.0151003Z ##[group]Operating System
2026-10-04T01:59:40.0151368Z Ubuntu
2026-10-04T01:59:40.0151729Z 24.04.5
2026-10-04T01:59:40.0152036Z LTS
2026-10-04T01:59:40.0152334Z ##[endgroup]
2026-10-04T01:59:40.0152738Z ##[group]Runner Image
2026-10-04T01:59:40.0153103Z Image: ubuntu-24.04
2026-10-04T01:59:40.0153504Z Version: 20260927.320.1
2026-10-04T01:59:40.0154225Z Included Software: https://github.com/actions/runner-images/blob/ubuntu24/20260927.320/images/ubuntu/Ubuntu2404-Readme.md
2026-10-04T01:59:40.0155184Z Image Release: https://github.com/actions/runner-images/releases/tag/ubuntu24%2F20260927.320
2026-10-04T01:59:40.0155779Z ##[endgroup]
2026-10-04T01:59:40.0156503Z ##[group]GITHUB_TOKEN Permissions
2026-10-04T01:59:40.0157687Z Contents: read
2026-10-04T01:59:40.0158123Z Metadata: read
2026-10-04T01:59:40.0158459Z PullRequests: read
2026-10-04T01:59:40.0158972Z ##[endgroup]
2026-10-04T01:59:40.0160282Z Secret source: Actions
2026-10-04T01:59:40.0160817Z Cache mode: write
2026-10-04T01:59:40.0161409Z Prepare workflow directory
2026-10-04T01:59:40.0391553Z Prepare all required actions
2026-10-04T01:59:40.0422536Z Getting action download info
2026-10-04T01:59:40.3203775Z Download action repository 'actions/checkout@d23441a48e516b6c34aea4fa41551a30e30af803' (SHA:d23441a48e516b6c34aea4fa41551a30e30af803)
2026-10-04T01:59:40.4345020Z Download action repository 'actions/setup-node@249970729cb0ef3589644e2896645e5dc5ba9c38' (SHA:249970729cb0ef3589644e2896645e5dc5ba9c38)
2026-10-04T01:59:40.6084893Z Download action repository 'actions/setup-python@a26af69be951a213d495a4c3e4e4022e16d87065' (SHA:a26af69be951a213d495a4c3e4e4022e16d87065)
2026-10-04T01:59:40.8064326Z Complete job name: regression (0)
2026-10-04T01:59:40.8574229Z ##[group]Run actions/checkout@d23441a48e516b6c34aea4fa41551a30e30af803
2026-10-04T01:59:40.8574726Z with:
2026-10-04T01:59:40.8574977Z   ref: f44057a61733792493e70dbda8c439eb42a41ec2
2026-10-04T01:59:40.8575304Z   persist-credentials: false
2026-10-04T01:59:40.8575587Z   repository: ChengshuLi/WorldAtlas
2026-10-04T01:59:40.8577560Z   token: ***
2026-10-04T01:59:40.8577787Z   ssh-strict: true
2026-10-04T01:59:40.8578023Z   ssh-user: git
2026-10-04T01:59:40.8578247Z   clean: true
2026-10-04T01:59:40.8578486Z   sparse-checkout-cone-mode: true
2026-10-04T01:59:40.8578965Z   fetch-depth: 1
2026-10-04T01:59:40.8579199Z   fetch-tags: false
2026-10-04T01:59:40.8579438Z   show-progress: true
2026-10-04T01:59:40.8579677Z   lfs: false
2026-10-04T01:59:40.8579898Z   submodules: false
2026-10-04T01:59:40.8580160Z   set-safe-directory: true
2026-10-04T01:59:40.8580433Z   allow-unsafe-pr-checkout: false
2026-10-04T01:59:40.8580797Z ##[endgroup]
2026-10-04T01:59:40.9472632Z Syncing repository: ChengshuLi/WorldAtlas
2026-10-04T01:59:40.9474263Z ##[group]Getting Git version info
2026-10-04T01:59:40.9474876Z Working directory is '/home/runner/work/WorldAtlas/WorldAtlas'
2026-10-04T01:59:40.9475730Z [command]/usr/bin/git version
2026-10-04T01:59:40.9568521Z git version 2.55.0
2026-10-04T01:59:40.9570865Z ##[endgroup]
2026-10-04T01:59:40.9605828Z Temporarily overriding HOME='/home/runner/work/_temp/9dc8a93a-350e-47cc-9011-461be158f038' before making global git config changes
2026-10-04T01:59:40.9607339Z Adding repository directory to the temporary git global config as a safe directory
2026-10-04T01:59:40.9608901Z [command]/usr/bin/git config --global --add safe.directory /home/runner/work/WorldAtlas/WorldAtlas
2026-10-04T01:59:40.9681939Z Deleting the contents of '/home/runner/work/WorldAtlas/WorldAtlas'
2026-10-04T01:59:40.9685425Z ##[group]Determining repository object format
2026-10-04T01:59:40.9686316Z ##[endgroup]
2026-10-04T01:59:40.9688979Z ##[group]Initializing the repository
2026-10-04T01:59:40.9689600Z [command]/usr/bin/git init /home/runner/work/WorldAtlas/WorldAtlas
2026-10-04T01:59:40.9772184Z hint: Using 'master' as the name for the initial branch. This default branch name
2026-10-04T01:59:40.9773021Z hint: will change to "main" in Git 3.0. To configure the initial branch name
2026-10-04T01:59:40.9773792Z hint: to use in all of your new repositories, which will suppress this warning,
2026-10-04T01:59:40.9774350Z hint: call:
2026-10-04T01:59:40.9774812Z hint:
2026-10-04T01:59:40.9775440Z hint: 	git config --global init.defaultBranch <name>
2026-10-04T01:59:40.9776008Z hint:
2026-10-04T01:59:40.9776824Z hint: Names commonly chosen instead of 'master' are 'main', 'trunk' and
2026-10-04T01:59:40.9778248Z hint: 'development'. The just-created branch can be renamed via this command:
2026-10-04T01:59:40.9779323Z hint:
2026-10-04T01:59:40.9780059Z hint: 	git branch -m <name>
2026-10-04T01:59:40.9780672Z hint:
2026-10-04T01:59:40.9781597Z hint: Disable this message with "git config set advice.defaultBranchName false"
2026-10-04T01:59:40.9782695Z Initialized empty Git repository in /home/runner/work/WorldAtlas/WorldAtlas/.git/
2026-10-04T01:59:40.9785106Z [command]/usr/bin/git remote add origin https://github.com/ChengshuLi/WorldAtlas
2026-10-04T01:59:40.9854972Z ##[endgroup]
2026-10-04T01:59:40.9855856Z ##[group]Disabling automatic garbage collection
2026-10-04T01:59:40.9857290Z [command]/usr/bin/git config --local gc.auto 0
2026-10-04T01:59:41.0090230Z ##[endgroup]
2026-10-04T01:59:41.0091231Z ##[group]Setting up auth
2026-10-04T01:59:41.0091934Z Removing SSH command configuration
2026-10-04T01:59:41.0157969Z [command]/usr/bin/git config --local --name-only --get-regexp core\.sshCommand
2026-10-04T01:59:41.0161826Z [command]/usr/bin/git submodule foreach --recursive sh -c "git config --local --name-only --get-regexp 'core\.sshCommand' && git config --local --unset-all 'core.sshCommand' || :"
2026-10-04T01:59:41.0360231Z Removing HTTP extra header
2026-10-04T01:59:41.0362755Z [command]/usr/bin/git config --local --name-only --get-regexp http\.https\:\/\/github\.com\/\.extraheader
2026-10-04T01:59:41.0391850Z [command]/usr/bin/git submodule foreach --recursive sh -c "git config --local --name-only --get-regexp 'http\.https\:\/\/github\.com\/\.extraheader' && git config --local --unset-all 'http.https://github.com/.extraheader' || :"
2026-10-04T01:59:41.1178273Z Removing includeIf entries pointing to credentials config files
2026-10-04T01:59:41.1179292Z [command]/usr/bin/git config --local --name-only --get-regexp ^includeIf\.gitdir:
2026-10-04T01:59:41.1180360Z [command]/usr/bin/git submodule foreach --recursive git config --local --show-origin --name-only --get-regexp remote.origin.url
2026-10-04T01:59:41.1182066Z [command]/usr/bin/git config --file /home/runner/work/_temp/git-credentials-6827f0bc-42b3-4d2c-b1b4-42ae174950af.config http.https://github.com/.extraheader AUTHORIZATION: basic ***
2026-10-04T01:59:41.1183644Z [command]/usr/bin/git config --local includeIf.gitdir:/home/runner/work/WorldAtlas/WorldAtlas/.git.path /home/runner/work/_temp/git-credentials-6827f0bc-42b3-4d2c-b1b4-42ae174950af.config
2026-10-04T01:59:41.1185212Z [command]/usr/bin/git config --local includeIf.gitdir:/home/runner/work/WorldAtlas/WorldAtlas/.git/worktrees/*.path /home/runner/work/_temp/git-credentials-6827f0bc-42b3-4d2c-b1b4-42ae174950af.config
2026-10-04T01:59:41.1187057Z [command]/usr/bin/git config --local includeIf.gitdir:/github/workspace/.git.path /github/runner_temp/git-credentials-6827f0bc-42b3-4d2c-b1b4-42ae174950af.config
2026-10-04T01:59:41.1188422Z [command]/usr/bin/git config --local includeIf.gitdir:/github/workspace/.git/worktrees/*.path /github/runner_temp/git-credentials-6827f0bc-42b3-4d2c-b1b4-42ae174950af.config
2026-10-04T01:59:41.1190059Z ##[endgroup]
2026-10-04T01:59:41.1190683Z ##[group]Fetching the repository
2026-10-04T01:59:41.1191533Z [command]/usr/bin/git -c protocol.version=2 fetch --no-tags --prune --no-recurse-submodules --depth=1 origin f44057a61733792493e70dbda8c439eb42a41ec2
2026-10-04T02:00:07.3715495Z From https://github.com/ChengshuLi/WorldAtlas
2026-10-04T02:00:07.3719446Z  * branch            f44057a61733792493e70dbda8c439eb42a41ec2 -> FETCH_HEAD
2026-10-04T02:00:07.3728187Z [command]/usr/bin/git rev-parse --verify --quiet f44057a61733792493e70dbda8c439eb42a41ec2^{object}
2026-10-04T02:00:07.3749875Z f44057a61733792493e70dbda8c439eb42a41ec2
2026-10-04T02:00:07.3766723Z ##[endgroup]
2026-10-04T02:00:07.3767300Z ##[group]Determining the checkout info
2026-10-04T02:00:07.3767918Z ##[endgroup]
2026-10-04T02:00:07.3768493Z [command]/usr/bin/git sparse-checkout disable
2026-10-04T02:00:07.3819397Z [command]/usr/bin/git config --local --unset-all extensions.worktreeConfig
2026-10-04T02:00:07.3886939Z ##[group]Checking out the ref
2026-10-04T02:00:07.3890372Z [command]/usr/bin/git checkout --progress --force f44057a61733792493e70dbda8c439eb42a41ec2
2026-10-04T02:00:08.5659887Z Updating files:  45% (2936/6504)
2026-10-04T02:00:08.5761413Z Updating files:  46% (2992/6504)
2026-10-04T02:00:08.5854983Z Updating files:  47% (3057/6504)
2026-10-04T02:00:08.5941989Z Updating files:  48% (3122/6504)
2026-10-04T02:00:08.6027999Z Updating files:  49% (3187/6504)
2026-10-04T02:00:08.6110904Z Updating files:  50% (3252/6504)
2026-10-04T02:00:08.6192609Z Updating files:  51% (3318/6504)
2026-10-04T02:00:08.6611054Z Updating files:  52% (3383/6504)
2026-10-04T02:00:08.6807449Z Updating files:  53% (3448/6504)
2026-10-04T02:00:08.7147611Z Updating files:  54% (3513/6504)
2026-10-04T02:00:08.7411529Z Updating files:  55% (3578/6504)
2026-10-04T02:00:08.7707713Z Updating files:  56% (3643/6504)
2026-10-04T02:00:08.8016339Z Updating files:  57% (3708/6504)
2026-10-04T02:00:08.8543236Z Updating files:  58% (3773/6504)
2026-10-04T02:00:08.9296109Z Updating files:  59% (3838/6504)
2026-10-04T02:00:08.9985045Z Updating files:  60% (3903/6504)
2026-10-04T02:00:09.1722766Z Updating files:  61% (3968/6504)
2026-10-04T02:00:09.2475074Z Updating files:  62% (4033/6504)
2026-10-04T02:00:09.2871649Z Updating files:  63% (4098/6504)
2026-10-04T02:00:09.3400767Z Updating files:  64% (4163/6504)
2026-10-04T02:00:09.3639523Z Updating files:  65% (4228/6504)
2026-10-04T02:00:09.3969227Z Updating files:  66% (4293/6504)
2026-10-04T02:00:09.4671483Z Updating files:  66% (4320/6504)
2026-10-04T02:00:09.9035215Z Updating files:  67% (4358/6504)
2026-10-04T02:00:10.2547457Z Updating files:  68% (4423/6504)
2026-10-04T02:00:10.3349413Z Updating files:  69% (4488/6504)
2026-10-04T02:00:10.3794373Z Updating files:  70% (4553/6504)
2026-10-04T02:00:10.3973089Z Updating files:  71% (4618/6504)
2026-10-04T02:00:10.4262232Z Updating files:  71% (4634/6504)
2026-10-04T02:00:10.5868162Z Updating files:  72% (4683/6504)
2026-10-04T02:00:10.9021894Z Updating files:  73% (4748/6504)
2026-10-04T02:00:11.2714195Z Updating files:  74% (4813/6504)
2026-10-04T02:00:11.3259657Z Updating files:  75% (4878/6504)
2026-10-04T02:00:11.4160207Z Updating files:  76% (4944/6504)
2026-10-04T02:00:11.4160688Z Updating files:  76% (4996/6504)
2026-10-04T02:00:11.6139767Z Updating files:  77% (5009/6504)
2026-10-04T02:00:12.3699174Z Updating files:  78% (5074/6504)
2026-10-04T02:00:12.5399928Z Updating files:  79% (5139/6504)
2026-10-04T02:00:12.7537091Z Updating files:  79% (5184/6504)
2026-10-04T02:00:13.3018890Z Updating files:  80% (5204/6504)
2026-10-04T02:00:13.4113117Z Updating files:  81% (5269/6504)
2026-10-04T02:00:14.7004787Z Updating files:  81% (5270/6504)
2026-10-04T02:00:14.8009695Z Updating files:  81% (5322/6504)
2026-10-04T02:00:15.4004858Z Updating files:  82% (5334/6504)
2026-10-04T02:00:15.4010888Z Updating files:  82% (5398/6504)
2026-10-04T02:00:16.3404953Z Updating files:  83% (5399/6504)
2026-10-04T02:00:16.4502041Z Updating files:  84% (5464/6504)
2026-10-04T02:00:17.3409124Z Updating files:  84% (5469/6504)
2026-10-04T02:00:17.4104539Z Updating files:  85% (5529/6504)
2026-10-04T02:00:18.3595466Z Updating files:  85% (5548/6504)
2026-10-04T02:00:18.4180672Z Updating files:  86% (5594/6504)
2026-10-04T02:00:18.4186546Z Updating files:  86% (5655/6504)
2026-10-04T02:00:19.1882386Z Updating files:  87% (5659/6504)
2026-10-04T02:00:19.1981241Z Updating files:  88% (5724/6504)
2026-10-04T02:00:19.2284837Z Updating files:  89% (5789/6504)
2026-10-04T02:00:19.3896732Z Updating files:  90% (5854/6504)
2026-10-04T02:00:19.3934985Z Updating files:  91% (5919/6504)
2026-10-04T02:00:19.4079877Z Updating files:  92% (5984/6504)
2026-10-04T02:00:19.4097848Z Updating files:  92% (6021/6504)
2026-10-04T02:00:19.4125789Z Updating files:  93% (6049/6504)
2026-10-04T02:00:19.4162851Z Updating files:  94% (6114/6504)
2026-10-04T02:00:19.4305359Z Updating files:  95% (6179/6504)
2026-10-04T02:00:19.4340876Z Updating files:  96% (6244/6504)
2026-10-04T02:00:19.4371688Z Updating files:  97% (6309/6504)
2026-10-04T02:00:19.4508931Z Updating files:  98% (6374/6504)
2026-10-04T02:00:19.4546480Z Updating files:  99% (6439/6504)
2026-10-04T02:00:19.4548212Z Updating files: 100% (6504/6504)
2026-10-04T02:00:19.4548761Z Updating files: 100% (6504/6504), done.
2026-10-04T02:00:19.5269613Z Note: switching to 'f44057a61733792493e70dbda8c439eb42a41ec2'.
2026-10-04T02:00:19.5269981Z 
2026-10-04T02:00:19.5270321Z You are in 'detached HEAD' state. You can look around, make experimental
2026-10-04T02:00:19.5270865Z changes and commit them, and you can discard any commits you make in this
2026-10-04T02:00:19.5271390Z state without impacting any branches by switching back to a branch.
2026-10-04T02:00:19.5271747Z 
2026-10-04T02:00:19.5272036Z If you want to create a new branch to retain commits you create, you may
2026-10-04T02:00:19.5272544Z do so (now or later) by using -c with the switch command. Example:
2026-10-04T02:00:19.5272994Z 
2026-10-04T02:00:19.5277576Z   git switch -c <new-branch-name>
2026-10-04T02:00:19.5277895Z 
2026-10-04T02:00:19.5278118Z Or undo this operation with:
2026-10-04T02:00:19.5278391Z 
2026-10-04T02:00:19.5278837Z   git switch -
2026-10-04T02:00:19.5279071Z 
2026-10-04T02:00:19.5279383Z Turn off this advice by setting config variable advice.detachedHead to false
2026-10-04T02:00:19.5279996Z 
2026-10-04T02:00:19.5280319Z HEAD is now at f44057a Bind archived controls and refresh frozen integration baseline
2026-10-04T02:00:19.5460569Z ##[endgroup]
2026-10-04T02:00:19.5496869Z [command]/usr/bin/git log -1 --format=%H
2026-10-04T02:00:19.5522332Z f44057a61733792493e70dbda8c439eb42a41ec2
2026-10-04T02:00:19.5532428Z ##[group]Removing auth
2026-10-04T02:00:19.5532675Z Removing SSH command configuration
2026-10-04T02:00:19.5540480Z [command]/usr/bin/git config --local --name-only --get-regexp core\.sshCommand
2026-10-04T02:00:19.5561953Z [command]/usr/bin/git submodule foreach --recursive sh -c "git config --local --name-only --get-regexp 'core\.sshCommand' && git config --local --unset-all 'core.sshCommand' || :"
2026-10-04T02:00:19.5746349Z Removing HTTP extra header
2026-10-04T02:00:19.5747423Z [command]/usr/bin/git config --local --name-only --get-regexp http\.https\:\/\/github\.com\/\.extraheader
2026-10-04T02:00:19.5782025Z [command]/usr/bin/git submodule foreach --recursive sh -c "git config --local --name-only --get-regexp 'http\.https\:\/\/github\.com\/\.extraheader' && git config --local --unset-all 'http.https://github.com/.extraheader' || :"
2026-10-04T02:00:19.5961675Z Removing includeIf entries pointing to credentials config files
2026-10-04T02:00:19.5962103Z [command]/usr/bin/git config --local --name-only --get-regexp ^includeIf\.gitdir:
2026-10-04T02:00:19.5977028Z includeif.gitdir:/home/runner/work/WorldAtlas/WorldAtlas/.git.path
2026-10-04T02:00:19.5978544Z includeif.gitdir:/home/runner/work/WorldAtlas/WorldAtlas/.git/worktrees/*.path
2026-10-04T02:00:19.5979243Z includeif.gitdir:/github/workspace/.git.path
2026-10-04T02:00:19.5979742Z includeif.gitdir:/github/workspace/.git/worktrees/*.path
2026-10-04T02:00:19.5989606Z [command]/usr/bin/git config --local --get-all includeif.gitdir:/home/runner/work/WorldAtlas/WorldAtlas/.git.path
2026-10-04T02:00:19.6006655Z /home/runner/work/_temp/git-credentials-6827f0bc-42b3-4d2c-b1b4-42ae174950af.config
2026-10-04T02:00:19.6025199Z [command]/usr/bin/git config --local --unset includeif.gitdir:/home/runner/work/WorldAtlas/WorldAtlas/.git.path /home/runner/work/_temp/git-credentials-6827f0bc-42b3-4d2c-b1b4-42ae174950af.config
2026-10-04T02:00:19.8369320Z [command]/usr/bin/git config --local --get-all includeif.gitdir:/home/runner/work/WorldAtlas/WorldAtlas/.git/worktrees/*.path
2026-10-04T02:00:19.8396495Z /home/runner/work/_temp/git-credentials-6827f0bc-42b3-4d2c-b1b4-42ae174950af.config
2026-10-04T02:00:19.8404639Z [command]/usr/bin/git config --local --unset includeif.gitdir:/home/runner/work/WorldAtlas/WorldAtlas/.git/worktrees/*.path /home/runner/work/_temp/git-credentials-6827f0bc-42b3-4d2c-b1b4-42ae174950af.config
2026-10-04T02:00:20.1069836Z [command]/usr/bin/git config --local --get-all includeif.gitdir:/github/workspace/.git.path
2026-10-04T02:00:20.1113599Z /github/runner_temp/git-credentials-6827f0bc-42b3-4d2c-b1b4-42ae174950af.config
2026-10-04T02:00:20.1128104Z [command]/usr/bin/git config --local --unset includeif.gitdir:/github/workspace/.git.path /github/runner_temp/git-credentials-6827f0bc-42b3-4d2c-b1b4-42ae174950af.config
2026-10-04T02:00:20.2150302Z [command]/usr/bin/git config --local --get-all includeif.gitdir:/github/workspace/.git/worktrees/*.path
2026-10-04T02:00:20.2172780Z /github/runner_temp/git-credentials-6827f0bc-42b3-4d2c-b1b4-42ae174950af.config
2026-10-04T02:00:20.2179254Z [command]/usr/bin/git config --local --unset includeif.gitdir:/github/workspace/.git/worktrees/*.path /github/runner_temp/git-credentials-6827f0bc-42b3-4d2c-b1b4-42ae174950af.config
2026-10-04T02:00:20.3942222Z [command]/usr/bin/git submodule foreach --recursive git config --local --show-origin --name-only --get-regexp remote.origin.url
2026-10-04T02:00:20.4134807Z Removing credentials config '/home/runner/work/_temp/git-credentials-6827f0bc-42b3-4d2c-b1b4-42ae174950af.config'
2026-10-04T02:00:20.4154497Z ##[endgroup]
2026-10-04T02:00:20.4335236Z ##[group]Run actions/setup-node@249970729cb0ef3589644e2896645e5dc5ba9c38
2026-10-04T02:00:20.4335439Z with:
2026-10-04T02:00:20.4335548Z   node-version: 24
2026-10-04T02:00:20.4335666Z   check-latest: false
2026-10-04T02:00:20.4336882Z   token: ***
2026-10-04T02:00:20.4337000Z   package-manager-cache: true
2026-10-04T02:00:20.4337136Z ##[endgroup]
2026-10-04T02:00:20.5210127Z Found in cache @ /opt/hostedtoolcache/node/24.21.0/x64
2026-10-04T02:00:20.5210756Z ##[group]Environment details
2026-10-04T02:00:20.9326728Z node: v24.21.0
2026-10-04T02:00:20.9339334Z npm: 11.19.0
2026-10-04T02:00:20.9340337Z yarn: 1.22.22
2026-10-04T02:00:20.9341101Z ##[endgroup]
2026-10-04T02:00:20.9480895Z ##[group]Run actions/setup-python@a26af69be951a213d495a4c3e4e4022e16d87065
2026-10-04T02:00:20.9481120Z with:
2026-10-04T02:00:20.9481241Z   python-version: 3.12
2026-10-04T02:00:20.9481382Z   check-latest: false
2026-10-04T02:00:20.9482707Z   token: ***
2026-10-04T02:00:20.9482824Z   update-environment: true
2026-10-04T02:00:20.9482961Z   allow-prereleases: false
2026-10-04T02:00:20.9483087Z   freethreaded: false
2026-10-04T02:00:20.9483209Z ##[endgroup]
2026-10-04T02:00:21.0321894Z ##[group]Installed versions
2026-10-04T02:00:21.0382575Z (node:2104) [DEP0040] DeprecationWarning: The `punycode` module is deprecated. Please use a userland alternative instead.
2026-10-04T02:00:21.0383134Z Successfully set up CPython (3.12.14)
2026-10-04T02:00:21.0399184Z (Use `node --trace-deprecation ...` to show where the warning was created)
2026-10-04T02:00:21.0409653Z ##[endgroup]
2026-10-04T02:00:21.0575977Z ##[group]Run npm ci --no-audit --no-fund
2026-10-04T02:00:21.0576339Z [36;1mnpm ci --no-audit --no-fund[0m
2026-10-04T02:00:21.2324703Z shell: /usr/bin/bash -e {0}
2026-10-04T02:00:21.2324890Z env:
2026-10-04T02:00:21.2325073Z   pythonLocation: /opt/hostedtoolcache/Python/3.12.14/x64
2026-10-04T02:00:21.2325356Z   PKG_CONFIG_PATH: /opt/hostedtoolcache/Python/3.12.14/x64/lib/pkgconfig
2026-10-04T02:00:21.2325787Z   Python_ROOT_DIR: /opt/hostedtoolcache/Python/3.12.14/x64
2026-10-04T02:00:21.2325994Z   Python2_ROOT_DIR: /opt/hostedtoolcache/Python/3.12.14/x64
2026-10-04T02:00:21.2326200Z   Python3_ROOT_DIR: /opt/hostedtoolcache/Python/3.12.14/x64
2026-10-04T02:00:21.2326406Z   LD_LIBRARY_PATH: /opt/hostedtoolcache/Python/3.12.14/x64/lib
2026-10-04T02:00:21.2326586Z ##[endgroup]
2026-10-04T02:00:23.2003286Z npm warn deprecated geographiclib@1.48.0: This package has been split into geographic-geodesic + geographiclib-dms; use one or both of these instead of geographiclib.  WARNING: there's a potential buffer overrun on this package.  SWITCH TO THE NEW PACKAGES NOW.
2026-10-04T02:00:23.6374178Z npm warn deprecated @esbuild-kit/esm-loader@2.6.5: Merged into tsx: https://tsx.hirok.io
2026-10-04T02:00:23.6404007Z npm warn deprecated @esbuild-kit/core-utils@3.3.2: Merged into tsx: https://tsx.hirok.io
2026-10-04T02:00:37.5284049Z 
2026-10-04T02:00:37.5284978Z added 322 packages in 16s
2026-10-04T02:00:37.5296435Z npm warn install-scripts 7 packages have install scripts not yet covered by allowScripts:
2026-10-04T02:00:37.5297656Z npm warn install-scripts   esbuild@0.18.20 (postinstall: node install.js)
2026-10-04T02:00:37.5304365Z npm warn install-scripts   better-sqlite3@13.0.3 (install: node-gyp rebuild)
2026-10-04T02:00:37.5305114Z npm warn install-scripts   esbuild@0.25.12 (postinstall: node install.js)
2026-10-04T02:00:37.5305757Z npm warn install-scripts   esbuild@0.28.2 (postinstall: node install.js)
2026-10-04T02:00:37.5306495Z npm warn install-scripts   msgpackr-extract@3.0.4 (install: node-gyp-build-optional-packages)
2026-10-04T02:00:37.5307270Z npm warn install-scripts   workerd@1.20261001.1 (postinstall: node install.js)
2026-10-04T02:00:37.5307943Z npm warn install-scripts   esbuild@0.28.1 (postinstall: node install.js)
2026-10-04T02:00:37.5313122Z npm warn install-scripts
2026-10-04T02:00:37.5313814Z npm warn install-scripts Run `npm install-scripts ls` to review, or `npm install-scripts approve <pkg>` to allow.
2026-10-04T02:00:37.5857645Z ##[group]Run python -m pip install -r requirements.txt
2026-10-04T02:00:37.5857949Z [36;1mpython -m pip install -r requirements.txt[0m
2026-10-04T02:00:37.5927096Z shell: /usr/bin/bash -e {0}
2026-10-04T02:00:37.5927252Z env:
2026-10-04T02:00:37.5927415Z   pythonLocation: /opt/hostedtoolcache/Python/3.12.14/x64
2026-10-04T02:00:37.5927662Z   PKG_CONFIG_PATH: /opt/hostedtoolcache/Python/3.12.14/x64/lib/pkgconfig
2026-10-04T02:00:37.5927909Z   Python_ROOT_DIR: /opt/hostedtoolcache/Python/3.12.14/x64
2026-10-04T02:00:37.5928129Z   Python2_ROOT_DIR: /opt/hostedtoolcache/Python/3.12.14/x64
2026-10-04T02:00:37.5928351Z   Python3_ROOT_DIR: /opt/hostedtoolcache/Python/3.12.14/x64
2026-10-04T02:00:37.5928694Z   LD_LIBRARY_PATH: /opt/hostedtoolcache/Python/3.12.14/x64/lib
2026-10-04T02:00:37.5928885Z ##[endgroup]
2026-10-04T02:00:38.5322304Z Collecting numpy==2.3.5 (from -r requirements.txt (line 2))
2026-10-04T02:00:38.6028547Z   Downloading numpy-2.3.5-cp312-cp312-manylinux_2_27_x86_64.manylinux_2_28_x86_64.whl.metadata (62 kB)
2026-10-04T02:00:38.6790814Z Collecting shapely==2.1.2 (from -r requirements.txt (line 3))
2026-10-04T02:00:38.6893504Z   Downloading shapely-2.1.2-cp312-cp312-manylinux2014_x86_64.manylinux_2_17_x86_64.whl.metadata (6.8 kB)
2026-10-04T02:00:38.7385623Z Collecting pyproj==3.7.2 (from -r requirements.txt (line 4))
2026-10-04T02:00:38.7487022Z   Downloading pyproj-3.7.2-cp312-cp312-manylinux_2_28_x86_64.whl.metadata (31 kB)
2026-10-04T02:00:38.8139783Z Collecting rasterio==1.4.3 (from -r requirements.txt (line 5))
2026-10-04T02:00:38.8254103Z   Downloading rasterio-1.4.3-cp312-cp312-manylinux_2_17_x86_64.manylinux2014_x86_64.whl.metadata (9.1 kB)
2026-10-04T02:00:38.9084799Z Collecting scipy==1.17.0 (from -r requirements.txt (line 6))
2026-10-04T02:00:38.9188197Z   Downloading scipy-1.17.0-cp312-cp312-manylinux_2_27_x86_64.manylinux_2_28_x86_64.whl.metadata (62 kB)
2026-10-04T02:00:38.9562316Z Collecting certifi (from pyproj==3.7.2->-r requirements.txt (line 4))
2026-10-04T02:00:38.9659524Z   Downloading certifi-2026.7.22-py3-none-any.whl.metadata (2.5 kB)
2026-10-04T02:00:38.9871923Z Collecting affine (from rasterio==1.4.3->-r requirements.txt (line 5))
2026-10-04T02:00:38.9970115Z   Downloading affine-3.0.1-py3-none-any.whl.metadata (4.5 kB)
2026-10-04T02:00:39.0187685Z Collecting attrs (from rasterio==1.4.3->-r requirements.txt (line 5))
2026-10-04T02:00:39.0285646Z   Downloading attrs-26.1.0-py3-none-any.whl.metadata (8.8 kB)
2026-10-04T02:00:39.0514784Z Collecting click>=4.0 (from rasterio==1.4.3->-r requirements.txt (line 5))
2026-10-04T02:00:39.0613933Z   Downloading click-8.5.0-py3-none-any.whl.metadata (2.6 kB)
2026-10-04T02:00:39.0817616Z Collecting cligj>=0.5 (from rasterio==1.4.3->-r requirements.txt (line 5))
2026-10-04T02:00:39.0917873Z   Downloading cligj-0.7.2-py3-none-any.whl.metadata (5.0 kB)
2026-10-04T02:00:39.1124356Z Collecting click-plugins (from rasterio==1.4.3->-r requirements.txt (line 5))
2026-10-04T02:00:39.1224890Z   Downloading click_plugins-1.1.1.2-py2.py3-none-any.whl.metadata (6.5 kB)
2026-10-04T02:00:39.1487674Z Collecting pyparsing (from rasterio==1.4.3->-r requirements.txt (line 5))
2026-10-04T02:00:39.1589039Z   Downloading pyparsing-3.3.3-py3-none-any.whl.metadata (5.9 kB)
2026-10-04T02:00:39.1742910Z Downloading numpy-2.3.5-cp312-cp312-manylinux_2_27_x86_64.manylinux_2_28_x86_64.whl (16.6 MB)
2026-10-04T02:00:40.1850755Z    ━━━━━━━━━━━━━━━━━━━━━━━━━━━━━━━━━━━━━━━━ 16.6/16.6 MB 16.7 MB/s  0:00:01
2026-10-04T02:00:40.1960099Z Downloading shapely-2.1.2-cp312-cp312-manylinux2014_x86_64.manylinux_2_17_x86_64.whl (3.1 MB)
2026-10-04T02:00:40.5212948Z    ━━━━━━━━━━━━━━━━━━━━━━━━━━━━━━━━━━━━━━━━ 3.1/3.1 MB 8.8 MB/s  0:00:00
2026-10-04T02:00:40.5343269Z Downloading pyproj-3.7.2-cp312-cp312-manylinux_2_28_x86_64.whl (9.6 MB)
2026-10-04T02:00:40.8649337Z    ━━━━━━━━━━━━━━━━━━━━━━━━━━━━━━━━━━━━━━━━ 9.6/9.6 MB 28.6 MB/s  0:00:00
2026-10-04T02:00:40.8750819Z Downloading rasterio-1.4.3-cp312-cp312-manylinux_2_17_x86_64.manylinux2014_x86_64.whl (22.3 MB)
2026-10-04T02:00:41.2837303Z    ━━━━━━━━━━━━━━━━━━━━━━━━━━━━━━━━━━━━━━━━ 22.3/22.3 MB 54.3 MB/s  0:00:00
2026-10-04T02:00:41.2930787Z Downloading scipy-1.17.0-cp312-cp312-manylinux_2_27_x86_64.manylinux_2_28_x86_64.whl (35.0 MB)
2026-10-04T02:00:42.0224305Z    ━━━━━━━━━━━━━━━━━━━━━━━━━━━━━━━━━━━━━━━━ 35.0/35.0 MB 47.8 MB/s  0:00:00
2026-10-04T02:00:42.0319144Z Downloading click-8.5.0-py3-none-any.whl (125 kB)
2026-10-04T02:00:42.1078456Z Downloading cligj-0.7.2-py3-none-any.whl (7.1 kB)
2026-10-04T02:00:42.2087333Z Downloading affine-3.0.1-py3-none-any.whl (10 kB)
2026-10-04T02:00:42.2704224Z Downloading attrs-26.1.0-py3-none-any.whl (67 kB)
2026-10-04T02:00:42.3775651Z Downloading certifi-2026.7.22-py3-none-any.whl (136 kB)
2026-10-04T02:00:42.4585424Z Downloading click_plugins-1.1.1.2-py2.py3-none-any.whl (11 kB)
2026-10-04T02:00:42.7094747Z Downloading pyparsing-3.3.3-py3-none-any.whl (126 kB)
2026-10-04T02:00:43.0571722Z Installing collected packages: pyparsing, numpy, click, certifi, attrs, shapely, scipy, pyproj, cligj, click-plugins, affine, rasterio
2026-10-04T02:00:47.7999666Z 
2026-10-04T02:00:47.8007815Z Successfully installed affine-3.0.1 attrs-26.1.0 certifi-2026.7.22 click-8.5.0 click-plugins-1.1.1.2 cligj-0.7.2 numpy-2.3.5 pyparsing-3.3.3 pyproj-3.7.2 rasterio-1.4.3 scipy-1.17.0 shapely-2.1.2
2026-10-04T02:00:47.8613967Z ##[group]Run if node --input-type=module -e "import {integrationNeedsBrowser} from './scripts/run-integration-tests.mjs'; process.exit(integrationNeedsBrowser(process.env.INTEGRATION_PROFILE, Number(process.env.INTEGRATION_SHARD)) ? 0 : 1)"; then
2026-10-04T02:00:47.8614883Z [36;1mif node --input-type=module -e "import {integrationNeedsBrowser} from './scripts/run-integration-tests.mjs'; process.exit(integrationNeedsBrowser(process.env.INTEGRATION_PROFILE, Number(process.env.INTEGRATION_SHARD)) ? 0 : 1)"; then[0m
2026-10-04T02:00:47.8615411Z [36;1m  npx playwright install --with-deps chromium[0m
2026-10-04T02:00:47.8615714Z [36;1mfi[0m
2026-10-04T02:00:47.8695613Z shell: /usr/bin/bash -e {0}
2026-10-04T02:00:47.8695758Z env:
2026-10-04T02:00:47.8695906Z   pythonLocation: /opt/hostedtoolcache/Python/3.12.14/x64
2026-10-04T02:00:47.8696140Z   PKG_CONFIG_PATH: /opt/hostedtoolcache/Python/3.12.14/x64/lib/pkgconfig
2026-10-04T02:00:47.8696393Z   Python_ROOT_DIR: /opt/hostedtoolcache/Python/3.12.14/x64
2026-10-04T02:00:47.8696596Z   Python2_ROOT_DIR: /opt/hostedtoolcache/Python/3.12.14/x64
2026-10-04T02:00:47.8696800Z   Python3_ROOT_DIR: /opt/hostedtoolcache/Python/3.12.14/x64
2026-10-04T02:00:47.8697008Z   LD_LIBRARY_PATH: /opt/hostedtoolcache/Python/3.12.14/x64/lib
2026-10-04T02:00:47.8697187Z   INTEGRATION_PROFILE: full
2026-10-04T02:00:47.8697314Z   INTEGRATION_SHARD: 0
2026-10-04T02:00:47.8697435Z ##[endgroup]
2026-10-04T02:00:48.4398379Z Installing dependencies...
2026-10-04T02:00:48.4499949Z Switching to root user to install dependencies...
2026-10-04T02:00:48.5836376Z Get:1 file:/etc/apt/apt-mirrors.txt Mirrorlist [144 B]
2026-10-04T02:00:48.6150612Z Get:6 https://packages.microsoft.com/ubuntu/24.04/prod noble InRelease [3600 B]
2026-10-04T02:00:48.6310330Z Hit:2 http://azure.archive.ubuntu.com/ubuntu noble InRelease
2026-10-04T02:00:48.6341310Z Get:3 http://azure.archive.ubuntu.com/ubuntu noble-updates InRelease [126 kB]
2026-10-04T02:00:48.6490833Z Get:4 http://azure.archive.ubuntu.com/ubuntu noble-backports InRelease [126 kB]
2026-10-04T02:00:48.6560117Z Get:5 http://azure.archive.ubuntu.com/ubuntu noble-security InRelease [126 kB]
2026-10-04T02:00:48.7085049Z Get:7 https://packages.microsoft.com/ubuntu/24.04/prod noble/main amd64 Packages [511 kB]
2026-10-04T02:00:48.7342142Z Get:8 https://packages.microsoft.com/ubuntu/24.04/prod noble/main arm64 Packages [458 kB]
2026-10-04T02:00:48.7479683Z Get:9 https://packages.microsoft.com/ubuntu/24.04/prod noble/main armhf Packages [12.6 kB]
2026-10-04T02:00:48.8031120Z Get:10 http://azure.archive.ubuntu.com/ubuntu noble-updates/main amd64 Packages [1364 kB]
2026-10-04T02:00:48.8119849Z Get:11 http://azure.archive.ubuntu.com/ubuntu noble-updates/main Translation-en [304 kB]
2026-10-04T02:00:48.8157535Z Get:12 http://azure.archive.ubuntu.com/ubuntu noble-updates/main amd64 Components [181 kB]
2026-10-04T02:00:48.8199591Z Get:13 http://azure.archive.ubuntu.com/ubuntu noble-updates/universe amd64 Packages [1699 kB]
2026-10-04T02:00:48.8343877Z Get:14 http://azure.archive.ubuntu.com/ubuntu noble-updates/universe Translation-en [341 kB]
2026-10-04T02:00:48.8384200Z Get:15 http://azure.archive.ubuntu.com/ubuntu noble-updates/universe amd64 Components [388 kB]
2026-10-04T02:00:48.8433497Z Get:16 http://azure.archive.ubuntu.com/ubuntu noble-updates/restricted amd64 Packages [1720 kB]
2026-10-04T02:00:48.8555320Z Get:17 http://azure.archive.ubuntu.com/ubuntu noble-updates/restricted Translation-en [394 kB]
2026-10-04T02:00:48.8601814Z Get:18 http://azure.archive.ubuntu.com/ubuntu noble-updates/multiverse amd64 Components [940 B]
2026-10-04T02:00:48.8602761Z Get:19 http://azure.archive.ubuntu.com/ubuntu noble-backports/main amd64 Components [5736 B]
2026-10-04T02:00:48.9070061Z Get:20 http://azure.archive.ubuntu.com/ubuntu noble-backports/universe amd64 Components [12.6 kB]
2026-10-04T02:00:48.9087858Z Get:21 http://azure.archive.ubuntu.com/ubuntu noble-security/main amd64 Packages [1069 kB]
2026-10-04T02:00:48.9106146Z Get:22 http://azure.archive.ubuntu.com/ubuntu noble-security/main Translation-en [221 kB]
2026-10-04T02:00:48.9119482Z Get:23 http://azure.archive.ubuntu.com/ubuntu noble-security/main amd64 Components [46.5 kB]
2026-10-04T02:00:48.9139230Z Get:24 http://azure.archive.ubuntu.com/ubuntu noble-security/universe amd64 Packages [1216 kB]
2026-10-04T02:00:48.9199404Z Get:25 http://azure.archive.ubuntu.com/ubuntu noble-security/universe Translation-en [244 kB]
2026-10-04T02:00:48.9201709Z Get:26 http://azure.archive.ubuntu.com/ubuntu noble-security/universe amd64 Components [76.3 kB]
2026-10-04T02:00:48.9219187Z Get:27 http://azure.archive.ubuntu.com/ubuntu noble-security/restricted amd64 Packages [1566 kB]
2026-10-04T02:00:48.9299371Z Get:28 http://azure.archive.ubuntu.com/ubuntu noble-security/restricted Translation-en [361 kB]
2026-10-04T02:00:54.9460026Z Fetched 12.6 MB in 1s (10.7 MB/s)
2026-10-04T02:00:55.5187286Z Reading package lists...
2026-10-04T02:00:55.5350029Z Reading package lists...
2026-10-04T02:00:55.7092685Z Building dependency tree...
2026-10-04T02:00:55.7099066Z Reading state information...
2026-10-04T02:00:55.8432358Z libasound2t64 is already the newest version (1.2.11-1ubuntu0.3).
2026-10-04T02:00:55.8433708Z libasound2t64 set to manually installed.
2026-10-04T02:00:55.8434543Z libatk-bridge2.0-0t64 is already the newest version (2.52.0-1build1).
2026-10-04T02:00:55.8435332Z libatk-bridge2.0-0t64 set to manually installed.
2026-10-04T02:00:55.8436038Z libatk1.0-0t64 is already the newest version (2.52.0-1build1).
2026-10-04T02:00:55.8436694Z libatk1.0-0t64 set to manually installed.
2026-10-04T02:00:55.8437368Z libatspi2.0-0t64 is already the newest version (2.52.0-1build1).
2026-10-04T02:00:55.8438044Z libatspi2.0-0t64 set to manually installed.
2026-10-04T02:00:55.8438777Z libcairo2 is already the newest version (1.18.0-3build1).
2026-10-04T02:00:55.8439278Z libcairo2 set to manually installed.
2026-10-04T02:00:55.8439919Z libcups2t64 is already the newest version (2.4.7-1.2ubuntu7.14).
2026-10-04T02:00:55.8440560Z libcups2t64 set to manually installed.
2026-10-04T02:00:55.8441191Z libdbus-1-3 is already the newest version (1.14.10-4ubuntu4.1).
2026-10-04T02:00:55.8441810Z libdbus-1-3 set to manually installed.
2026-10-04T02:00:55.8442469Z libdrm2 is already the newest version (2.4.125-1ubuntu0.1~24.04.2).
2026-10-04T02:00:55.8443094Z libdrm2 set to manually installed.
2026-10-04T02:00:55.8443719Z libglib2.0-0t64 is already the newest version (2.80.0-6ubuntu3.9).
2026-10-04T02:00:55.8444262Z libglib2.0-0t64 set to manually installed.
2026-10-04T02:00:55.8444722Z libnspr4 is already the newest version (2:4.35-1.1build1).
2026-10-04T02:00:55.8445153Z libnspr4 set to manually installed.
2026-10-04T02:00:55.8445583Z libnss3 is already the newest version (2:3.98-1ubuntu0.2).
2026-10-04T02:00:55.8446023Z libnss3 set to manually installed.
2026-10-04T02:00:55.8446366Z libpango-1.0-0 is already the newest version (1.52.1+ds-1build1).
2026-10-04T02:00:55.8446708Z libpango-1.0-0 set to manually installed.
2026-10-04T02:00:55.8447042Z libx11-6 is already the newest version (2:1.8.7-1build1).
2026-10-04T02:00:55.8447338Z libx11-6 set to manually installed.
2026-10-04T02:00:55.8447632Z libxcb1 is already the newest version (1.15-1ubuntu2).
2026-10-04T02:00:55.8447936Z libxcb1 set to manually installed.
2026-10-04T02:00:55.8448276Z libxcomposite1 is already the newest version (1:0.4.5-1build3).
2026-10-04T02:00:55.8449339Z libxcomposite1 set to manually installed.
2026-10-04T02:00:55.8449684Z libxdamage1 is already the newest version (1:1.1.6-1build1).
2026-10-04T02:00:55.8450002Z libxdamage1 set to manually installed.
2026-10-04T02:00:55.8450320Z libxext6 is already the newest version (2:1.3.4-1build2).
2026-10-04T02:00:55.8450633Z libxext6 set to manually installed.
2026-10-04T02:00:55.8450951Z libxfixes3 is already the newest version (1:6.0.0-2build1).
2026-10-04T02:00:55.8451269Z libxfixes3 set to manually installed.
2026-10-04T02:00:55.8451622Z libxkbcommon0 is already the newest version (1.6.0-1build1).
2026-10-04T02:00:55.8452747Z libxkbcommon0 set to manually installed.
2026-10-04T02:00:55.8453104Z libxrandr2 is already the newest version (2:1.5.2-2build1).
2026-10-04T02:00:55.8453434Z libxrandr2 set to manually installed.
2026-10-04T02:00:55.8453771Z xvfb is already the newest version (2:21.1.12-1ubuntu1.8).
2026-10-04T02:00:55.8454235Z fonts-noto-color-emoji is already the newest version (2.047-0ubuntu0.24.04.1).
2026-10-04T02:00:55.8457754Z libfontconfig1 is already the newest version (2.15.0-1.1ubuntu2).
2026-10-04T02:00:55.8457991Z libfontconfig1 set to manually installed.
2026-10-04T02:00:55.8458238Z libfreetype6 is already the newest version (2.13.2+dfsg-1ubuntu0.1).
2026-10-04T02:00:55.8458933Z libfreetype6 set to manually installed.
2026-10-04T02:00:55.8459194Z fonts-liberation is already the newest version (1:2.1.5-3).
2026-10-04T02:00:55.8459426Z fonts-liberation set to manually installed.
2026-10-04T02:00:55.8459649Z The following additional packages will be installed:
2026-10-04T02:00:55.8459945Z   libgl1-mesa-dri libglx-mesa0 mesa-libgallium xfonts-encodings xfonts-utils
2026-10-04T02:00:55.8461883Z Recommended packages:
2026-10-04T02:00:55.8462044Z   fonts-ipafont-mincho fonts-tlwg-loma
2026-10-04T02:00:55.8611768Z The following NEW packages will be installed:
2026-10-04T02:00:55.8613895Z   fonts-freefont-ttf fonts-ipafont-gothic fonts-tlwg-loma-otf fonts-unifont
2026-10-04T02:00:55.8616450Z   fonts-wqy-zenhei xfonts-cyrillic xfonts-encodings xfonts-scalable
2026-10-04T02:00:55.8616884Z   xfonts-utils
2026-10-04T02:00:55.8624973Z The following packages will be upgraded:
2026-10-04T02:00:55.8625670Z   libgbm1 libgl1-mesa-dri libglx-mesa0 mesa-libgallium
2026-10-04T02:00:55.8773176Z 4 upgraded, 9 newly installed, 0 to remove and 21 not upgraded.
2026-10-04T02:00:55.8775648Z Need to get 32.1 MB of archives.
2026-10-04T02:00:55.8850335Z After this operation, 79.5 MB of additional disk space will be used.
2026-10-04T02:00:55.8851051Z Get:1 file:/etc/apt/apt-mirrors.txt Mirrorlist [144 B]
2026-10-04T02:00:55.9356332Z Get:2 http://azure.archive.ubuntu.com/ubuntu noble/universe amd64 fonts-ipafont-gothic all 00303-21ubuntu1 [3513 kB]
2026-10-04T02:00:56.0009850Z Get:3 http://azure.archive.ubuntu.com/ubuntu noble/main amd64 fonts-freefont-ttf all 20211204+svn4273-2 [5641 kB]
2026-10-04T02:00:56.0731896Z Get:4 http://azure.archive.ubuntu.com/ubuntu noble/universe amd64 fonts-tlwg-loma-otf all 1:0.7.3-1 [107 kB]
2026-10-04T02:00:56.1012943Z Get:5 http://azure.archive.ubuntu.com/ubuntu noble/universe amd64 fonts-unifont all 1:15.1.01-1build1 [2993 kB]
2026-10-04T02:00:56.1549820Z Get:6 http://azure.archive.ubuntu.com/ubuntu noble/universe amd64 fonts-wqy-zenhei all 0.9.45-8 [7472 kB]
2026-10-04T02:00:56.2490731Z Get:7 http://azure.archive.ubuntu.com/ubuntu noble-updates/main amd64 libgl1-mesa-dri amd64 25.2.8-0ubuntu0.24.04.4 [38.0 kB]
2026-10-04T02:00:56.2769362Z Get:8 http://azure.archive.ubuntu.com/ubuntu noble-updates/main amd64 libglx-mesa0 amd64 25.2.8-0ubuntu0.24.04.4 [110 kB]
2026-10-04T02:00:56.3050235Z Get:9 http://azure.archive.ubuntu.com/ubuntu noble-updates/main amd64 libgbm1 amd64 25.2.8-0ubuntu0.24.04.4 [34.2 kB]
2026-10-04T02:00:56.3328004Z Get:10 http://azure.archive.ubuntu.com/ubuntu noble-updates/main amd64 mesa-libgallium amd64 25.2.8-0ubuntu0.24.04.4 [10.8 MB]
2026-10-04T02:00:56.4566186Z Get:11 http://azure.archive.ubuntu.com/ubuntu noble/main amd64 xfonts-encodings all 1:1.0.5-0ubuntu2 [578 kB]
2026-10-04T02:00:56.4884976Z Get:12 http://azure.archive.ubuntu.com/ubuntu noble/main amd64 xfonts-utils amd64 1:7.7+6build3 [94.4 kB]
2026-10-04T02:00:56.5164058Z Get:13 http://azure.archive.ubuntu.com/ubuntu noble/universe amd64 xfonts-cyrillic all 1:1.0.5+nmu1 [384 kB]
2026-10-04T02:00:56.5470334Z Get:14 http://azure.archive.ubuntu.com/ubuntu noble/main amd64 xfonts-scalable all 1:1.0.3-1.3 [304 kB]
2026-10-04T02:00:56.7706707Z Fetched 32.1 MB in 1s (47.0 MB/s)
2026-10-04T02:00:56.7939283Z Selecting previously unselected package fonts-ipafont-gothic.
2026-10-04T02:00:56.8236924Z (Reading database ... 
2026-10-04T02:00:56.8237626Z (Reading database ... 5%
2026-10-04T02:00:56.8238045Z (Reading database ... 10%
2026-10-04T02:00:56.8238831Z (Reading database ... 15%
2026-10-04T02:00:56.8239168Z (Reading database ... 20%
2026-10-04T02:00:56.8239868Z (Reading database ... 25%
2026-10-04T02:00:56.8240196Z (Reading database ... 30%
2026-10-04T02:00:56.8240751Z (Reading database ... 35%
2026-10-04T02:00:56.8241093Z (Reading database ... 40%
2026-10-04T02:00:56.8241654Z (Reading database ... 45%
2026-10-04T02:00:56.8242062Z (Reading database ... 50%
2026-10-04T02:00:56.8284025Z (Reading database ... 55%
2026-10-04T02:00:56.9453021Z (Reading database ... 60%
2026-10-04T02:00:57.1346350Z (Reading database ... 65%
2026-10-04T02:00:57.3391420Z (Reading database ... 70%
2026-10-04T02:00:57.4935578Z (Reading database ... 75%
2026-10-04T02:00:57.6432549Z (Reading database ... 80%
2026-10-04T02:00:57.7851718Z (Reading database ... 85%
2026-10-04T02:00:57.9379810Z (Reading database ... 90%
2026-10-04T02:00:58.0471292Z (Reading database ... 95%
2026-10-04T02:00:58.0471837Z (Reading database ... 100%
2026-10-04T02:00:58.0473442Z (Reading database ... 202296 files and directories currently installed.)
2026-10-04T02:00:58.0510763Z Preparing to unpack .../00-fonts-ipafont-gothic_00303-21ubuntu1_all.deb ...
2026-10-04T02:00:58.0662818Z Unpacking fonts-ipafont-gothic (00303-21ubuntu1) ...
2026-10-04T02:00:58.3510815Z Selecting previously unselected package fonts-freefont-ttf.
2026-10-04T02:00:58.3569335Z Preparing to unpack .../01-fonts-freefont-ttf_20211204+svn4273-2_all.deb ...
2026-10-04T02:00:58.3574201Z Unpacking fonts-freefont-ttf (20211204+svn4273-2) ...
2026-10-04T02:00:58.5147219Z Selecting previously unselected package fonts-tlwg-loma-otf.
2026-10-04T02:00:58.5251927Z Preparing to unpack .../02-fonts-tlwg-loma-otf_1%3a0.7.3-1_all.deb ...
2026-10-04T02:00:58.5257539Z Unpacking fonts-tlwg-loma-otf (1:0.7.3-1) ...
2026-10-04T02:00:58.5437847Z Selecting previously unselected package fonts-unifont.
2026-10-04T02:00:58.5544110Z Preparing to unpack .../03-fonts-unifont_1%3a15.1.01-1build1_all.deb ...
2026-10-04T02:00:58.5549697Z Unpacking fonts-unifont (1:15.1.01-1build1) ...
2026-10-04T02:00:59.1612404Z Selecting previously unselected package fonts-wqy-zenhei.
2026-10-04T02:00:59.1716637Z Preparing to unpack .../04-fonts-wqy-zenhei_0.9.45-8_all.deb ...
2026-10-04T02:00:59.1801885Z Unpacking fonts-wqy-zenhei (0.9.45-8) ...
2026-10-04T02:00:59.7563985Z Preparing to unpack .../05-libgl1-mesa-dri_25.2.8-0ubuntu0.24.04.4_amd64.deb ...
2026-10-04T02:00:59.7687206Z Unpacking libgl1-mesa-dri:amd64 (25.2.8-0ubuntu0.24.04.4) over (25.2.8-0ubuntu0.24.04.2) ...
2026-10-04T02:00:59.8101117Z Preparing to unpack .../06-libglx-mesa0_25.2.8-0ubuntu0.24.04.4_amd64.deb ...
2026-10-04T02:00:59.8129628Z Unpacking libglx-mesa0:amd64 (25.2.8-0ubuntu0.24.04.4) over (25.2.8-0ubuntu0.24.04.2) ...
2026-10-04T02:00:59.8436695Z Preparing to unpack .../07-libgbm1_25.2.8-0ubuntu0.24.04.4_amd64.deb ...
2026-10-04T02:00:59.8459222Z Unpacking libgbm1:amd64 (25.2.8-0ubuntu0.24.04.4) over (25.2.8-0ubuntu0.24.04.2) ...
2026-10-04T02:00:59.8771533Z Preparing to unpack .../08-mesa-libgallium_25.2.8-0ubuntu0.24.04.4_amd64.deb ...
2026-10-04T02:00:59.8790332Z Unpacking mesa-libgallium:amd64 (25.2.8-0ubuntu0.24.04.4) over (25.2.8-0ubuntu0.24.04.2) ...
2026-10-04T02:01:00.4104385Z Selecting previously unselected package xfonts-encodings.
2026-10-04T02:01:00.4211653Z Preparing to unpack .../09-xfonts-encodings_1%3a1.0.5-0ubuntu2_all.deb ...
2026-10-04T02:01:00.4216940Z Unpacking xfonts-encodings (1:1.0.5-0ubuntu2) ...
2026-10-04T02:01:00.4485562Z Selecting previously unselected package xfonts-utils.
2026-10-04T02:01:00.4592420Z Preparing to unpack .../10-xfonts-utils_1%3a7.7+6build3_amd64.deb ...
2026-10-04T02:01:00.4598954Z Unpacking xfonts-utils (1:7.7+6build3) ...
2026-10-04T02:01:00.4898948Z Selecting previously unselected package xfonts-cyrillic.
2026-10-04T02:01:00.5002933Z Preparing to unpack .../11-xfonts-cyrillic_1%3a1.0.5+nmu1_all.deb ...
2026-10-04T02:01:00.5009424Z Unpacking xfonts-cyrillic (1:1.0.5+nmu1) ...
2026-10-04T02:01:00.5285647Z Selecting previously unselected package xfonts-scalable.
2026-10-04T02:01:00.5389857Z Preparing to unpack .../12-xfonts-scalable_1%3a1.0.3-1.3_all.deb ...
2026-10-04T02:01:00.5395944Z Unpacking xfonts-scalable (1:1.0.3-1.3) ...
2026-10-04T02:01:00.5869102Z Setting up mesa-libgallium:amd64 (25.2.8-0ubuntu0.24.04.4) ...
2026-10-04T02:01:00.5893874Z Setting up libgbm1:amd64 (25.2.8-0ubuntu0.24.04.4) ...
2026-10-04T02:01:00.5909741Z Setting up libgl1-mesa-dri:amd64 (25.2.8-0ubuntu0.24.04.4) ...
2026-10-04T02:01:00.5969309Z Setting up fonts-wqy-zenhei (0.9.45-8) ...
2026-10-04T02:01:00.6061848Z Setting up fonts-freefont-ttf (20211204+svn4273-2) ...
2026-10-04T02:01:00.6077482Z Setting up fonts-tlwg-loma-otf (1:0.7.3-1) ...
2026-10-04T02:01:00.6093207Z Setting up xfonts-encodings (1:1.0.5-0ubuntu2) ...
2026-10-04T02:01:00.6108504Z Setting up fonts-ipafont-gothic (00303-21ubuntu1) ...
2026-10-04T02:01:00.6415129Z update-alternatives: using /usr/share/fonts/opentype/ipafont-gothic/ipag.ttf to provide /usr/share/fonts/truetype/fonts-japanese-gothic.ttf (fonts-japanese-gothic.ttf) in auto mode
2026-10-04T02:01:00.6428874Z Setting up fonts-unifont (1:15.1.01-1build1) ...
2026-10-04T02:01:00.6447185Z Setting up libglx-mesa0:amd64 (25.2.8-0ubuntu0.24.04.4) ...
2026-10-04T02:01:00.6463315Z Setting up xfonts-utils (1:7.7+6build3) ...
2026-10-04T02:01:00.6497043Z Setting up xfonts-cyrillic (1:1.0.5+nmu1) ...
2026-10-04T02:01:00.6738117Z Setting up xfonts-scalable (1:1.0.3-1.3) ...
2026-10-04T02:01:00.6959133Z Processing triggers for libc-bin (2.39-0ubuntu8.9) ...
2026-10-04T02:01:00.9665509Z Processing triggers for man-db (2.12.0-4build2) ...
2026-10-04T02:01:00.9684722Z Not building database; man-db/auto-update is not 'true'.
2026-10-04T02:01:00.9812628Z Processing triggers for fontconfig (2.15.0-1.1ubuntu2) ...
2026-10-04T02:01:01.5443677Z 
2026-10-04T02:01:01.5444666Z Running kernel seems to be up-to-date.
2026-10-04T02:01:01.5445323Z 
2026-10-04T02:01:01.5445676Z No services need to be restarted.
2026-10-04T02:01:01.5445960Z 
2026-10-04T02:01:01.5446229Z No containers need to be restarted.
2026-10-04T02:01:01.5446533Z 
2026-10-04T02:01:01.5446819Z No user sessions are running outdated binaries.
2026-10-04T02:01:01.5447141Z 
2026-10-04T02:01:01.5447525Z No VM guests are running outdated hypervisor (qemu) binaries on this host.
2026-10-04T02:01:02.2870609Z Downloading Chrome for Testing 153.0.8010.12 (playwright chromium v1243) from https://cdn.playwright.dev/builds/cft/153.0.8010.12/linux64/chrome-linux64.zip
2026-10-04T02:01:02.6225413Z |                                                                                |   0% of 186.8 MiB
2026-10-04T02:01:02.9839271Z |■■■■■■■■                                                                        |  10% of 186.8 MiB
2026-10-04T02:01:03.0656636Z |■■■■■■■■■■■■■■■■                                                                |  20% of 186.8 MiB
2026-10-04T02:01:03.1712643Z |■■■■■■■■■■■■■■■■■■■■■■■■                                                        |  30% of 186.8 MiB
2026-10-04T02:01:03.2376151Z |■■■■■■■■■■■■■■■■■■■■■■■■■■■■■■■■                                                |  40% of 186.8 MiB
2026-10-04T02:01:03.3324300Z |■■■■■■■■■■■■■■■■■■■■■■■■■■■■■■■■■■■■■■■■                                        |  50% of 186.8 MiB
2026-10-04T02:01:03.3957160Z |■■■■■■■■■■■■■■■■■■■■■■■■■■■■■■■■■■■■■■■■■■■■■■■■                                |  60% of 186.8 MiB
2026-10-04T02:01:03.5237721Z |■■■■■■■■■■■■■■■■■■■■■■■■■■■■■■■■■■■■■■■■■■■■■■■■■■■■■■■■                        |  70% of 186.8 MiB
2026-10-04T02:01:03.6102788Z |■■■■■■■■■■■■■■■■■■■■■■■■■■■■■■■■■■■■■■■■■■■■■■■■■■■■■■■■■■■■■■■■                |  80% of 186.8 MiB
2026-10-04T02:01:03.7059368Z |■■■■■■■■■■■■■■■■■■■■■■■■■■■■■■■■■■■■■■■■■■■■■■■■■■■■■■■■■■■■■■■■■■■■■■■■        |  90% of 186.8 MiB
2026-10-04T02:01:03.8180887Z |■■■■■■■■■■■■■■■■■■■■■■■■■■■■■■■■■■■■■■■■■■■■■■■■■■■■■■■■■■■■■■■■■■■■■■■■■■■■■■■■| 100% of 186.8 MiB
2026-10-04T02:01:06.8274513Z Chrome for Testing 153.0.8010.12 (playwright chromium v1243) downloaded to /home/runner/.cache/ms-playwright/chromium-1243
2026-10-04T02:01:06.8278841Z Downloading FFmpeg (playwright ffmpeg v1011) from https://cdn.playwright.dev/dbazure/download/playwright/builds/ffmpeg/1011/ffmpeg-linux.zip
2026-10-04T02:01:07.1362061Z |                                                                                |   0% of 2.3 MiB
2026-10-04T02:01:07.1614681Z |■■■■■■■■                                                                        |  10% of 2.3 MiB
2026-10-04T02:01:07.1765492Z |■■■■■■■■■■■■■■■■                                                                |  20% of 2.3 MiB
2026-10-04T02:01:07.1866316Z |■■■■■■■■■■■■■■■■■■■■■■■■                                                        |  30% of 2.3 MiB
2026-10-04T02:01:07.1949651Z |■■■■■■■■■■■■■■■■■■■■■■■■■■■■■■■■                                                |  40% of 2.3 MiB
2026-10-04T02:01:07.2010181Z |■■■■■■■■■■■■■■■■■■■■■■■■■■■■■■■■■■■■■■■■                                        |  50% of 2.3 MiB
2026-10-04T02:01:07.2044395Z |■■■■■■■■■■■■■■■■■■■■■■■■■■■■■■■■■■■■■■■■■■■■■■■■                                |  60% of 2.3 MiB
2026-10-04T02:01:07.2128798Z |■■■■■■■■■■■■■■■■■■■■■■■■■■■■■■■■■■■■■■■■■■■■■■■■■■■■■■■■                        |  70% of 2.3 MiB
2026-10-04T02:01:07.2151147Z |■■■■■■■■■■■■■■■■■■■■■■■■■■■■■■■■■■■■■■■■■■■■■■■■■■■■■■■■■■■■■■■■                |  80% of 2.3 MiB
2026-10-04T02:01:07.2178779Z |■■■■■■■■■■■■■■■■■■■■■■■■■■■■■■■■■■■■■■■■■■■■■■■■■■■■■■■■■■■■■■■■■■■■■■■■        |  90% of 2.3 MiB
2026-10-04T02:01:07.2259523Z |■■■■■■■■■■■■■■■■■■■■■■■■■■■■■■■■■■■■■■■■■■■■■■■■■■■■■■■■■■■■■■■■■■■■■■■■■■■■■■■■| 100% of 2.3 MiB
2026-10-04T02:01:07.2731640Z FFmpeg (playwright ffmpeg v1011) downloaded to /home/runner/.cache/ms-playwright/ffmpeg-1011
2026-10-04T02:01:07.2733505Z Downloading Chrome Headless Shell 153.0.8010.12 (playwright chromium-headless-shell v1243) from https://cdn.playwright.dev/builds/cft/153.0.8010.12/linux64/chrome-headless-shell-linux64.zip
2026-10-04T02:01:07.6149907Z |                                                                                |   0% of 114.3 MiB
2026-10-04T02:01:07.9541712Z |■■■■■■■■                                                                        |  10% of 114.3 MiB
2026-10-04T02:01:08.0311211Z |■■■■■■■■■■■■■■■■                                                                |  20% of 114.3 MiB
2026-10-04T02:01:08.0762497Z |■■■■■■■■■■■■■■■■■■■■■■■■                                                        |  30% of 114.3 MiB
2026-10-04T02:01:08.1354964Z |■■■■■■■■■■■■■■■■■■■■■■■■■■■■■■■■                                                |  40% of 114.3 MiB
2026-10-04T02:01:08.1983770Z |■■■■■■■■■■■■■■■■■■■■■■■■■■■■■■■■■■■■■■■■                                        |  50% of 114.3 MiB
2026-10-04T02:01:08.2730475Z |■■■■■■■■■■■■■■■■■■■■■■■■■■■■■■■■■■■■■■■■■■■■■■■■                                |  60% of 114.3 MiB
2026-10-04T02:01:08.3060660Z |■■■■■■■■■■■■■■■■■■■■■■■■■■■■■■■■■■■■■■■■■■■■■■■■■■■■■■■■                        |  70% of 114.3 MiB
2026-10-04T02:01:08.3778441Z |■■■■■■■■■■■■■■■■■■■■■■■■■■■■■■■■■■■■■■■■■■■■■■■■■■■■■■■■■■■■■■■■                |  80% of 114.3 MiB
2026-10-04T02:01:08.4141566Z |■■■■■■■■■■■■■■■■■■■■■■■■■■■■■■■■■■■■■■■■■■■■■■■■■■■■■■■■■■■■■■■■■■■■■■■■        |  90% of 114.3 MiB
2026-10-04T02:01:08.4580459Z |■■■■■■■■■■■■■■■■■■■■■■■■■■■■■■■■■■■■■■■■■■■■■■■■■■■■■■■■■■■■■■■■■■■■■■■■■■■■■■■■| 100% of 114.3 MiB
2026-10-04T02:01:10.5129060Z Chrome Headless Shell 153.0.8010.12 (playwright chromium-headless-shell v1243) downloaded to /home/runner/.cache/ms-playwright/chromium_headless_shell-1243
2026-10-04T02:01:10.5462700Z ##[group]Run npm run build:hosted
2026-10-04T02:01:10.5462996Z [36;1mnpm run build:hosted[0m
2026-10-04T02:01:10.5519864Z shell: /usr/bin/bash -e {0}
2026-10-04T02:01:10.5520098Z env:
2026-10-04T02:01:10.5520365Z   pythonLocation: /opt/hostedtoolcache/Python/3.12.14/x64
2026-10-04T02:01:10.5520714Z   PKG_CONFIG_PATH: /opt/hostedtoolcache/Python/3.12.14/x64/lib/pkgconfig
2026-10-04T02:01:10.5521021Z   Python_ROOT_DIR: /opt/hostedtoolcache/Python/3.12.14/x64
2026-10-04T02:01:10.5521294Z   Python2_ROOT_DIR: /opt/hostedtoolcache/Python/3.12.14/x64
2026-10-04T02:01:10.5521647Z   Python3_ROOT_DIR: /opt/hostedtoolcache/Python/3.12.14/x64
2026-10-04T02:01:10.5521963Z   LD_LIBRARY_PATH: /opt/hostedtoolcache/Python/3.12.14/x64/lib
2026-10-04T02:01:10.5522249Z ##[endgroup]
2026-10-04T02:01:10.7849063Z 
2026-10-04T02:01:10.7859280Z > world-atlas@0.1.0 build:hosted
2026-10-04T02:01:10.7859661Z > node scripts/build-hosted.mjs
2026-10-04T02:01:10.7884105Z 
2026-10-04T02:02:11.0540584Z [36mvite v7.3.6 [32mbuilding client environment for production...[36m[39m
2026-10-04T02:02:11.1216044Z transforming...
2026-10-04T02:02:12.2257674Z [32m✓[39m 40 modules transformed.
2026-10-04T02:02:12.3269738Z rendering chunks...
2026-10-04T02:02:12.3325777Z computing gzip size...
2026-10-04T02:02:12.3431982Z [2mdist/[22m[32mindex.html                           [39m[1m[2m  0.46 kB[22m[1m[22m[2m │ gzip:   0.30 kB[22m
2026-10-04T02:02:12.3434162Z [2mdist/[22m[2massets/[22m[32mpixel-gpu-worker-DOOaZKfq.js  [39m[1m[2m  2.33 kB[22m[1m[22m
2026-10-04T02:02:12.3435221Z [2mdist/[22m[2massets/[22m[32mpixel-worker-DTOGFbAn.js      [39m[1m[2m  2.59 kB[22m[1m[22m
2026-10-04T02:02:12.3436225Z [2mdist/[22m[2massets/[22m[35mindex-bXIaIiI7.css            [39m[1m[2m 31.40 kB[22m[1m[22m[2m │ gzip:  10.62 kB[22m
2026-10-04T02:02:12.3437289Z [2mdist/[22m[2massets/[22m[36mindex-BHcfV7ll.js             [39m[1m[2m354.34 kB[22m[1m[22m[2m │ gzip: 107.80 kB[22m
2026-10-04T02:02:12.3438037Z [32m✓ built in 1.26s[39m
2026-10-04T02:02:26.6032466Z Static atlas ready: 49625 polygons and 4 dated records.
2026-10-04T02:02:32.2890601Z Deployment: 262127864 file bytes; tar 262574080 bytes; gzip 186388974 bytes.
2026-10-04T02:02:32.2892251Z Package reserve: 4194304 bytes; asset reserve: 1048576 bytes (1 MiB = 1048576 bytes).
2026-10-04T02:02:32.2897382Z Categories:
2026-10-04T02:02:32.2897695Z   hosting-config: 95 bytes (1 files)
2026-10-04T02:02:32.2898062Z   review-and-reference: 105380903 bytes (82 files)
2026-10-04T02:02:32.2898426Z   application: 391126 bytes (5 files)
2026-10-04T02:02:32.2898963Z   prepared-evidence: 2442574 bytes (89 files)
2026-10-04T02:02:32.2899301Z   geography: 39967574 bytes (88 files)
2026-10-04T02:02:32.2899619Z   ownership: 112363748 bytes (238 files)
2026-10-04T02:02:32.2900017Z   migration-transport: 1198772 bytes (42 files)
2026-10-04T02:02:32.2900352Z   worker: 383072 bytes (2 files)
2026-10-04T02:02:32.2900626Z Largest files:
2026-10-04T02:02:32.2900950Z   dist/client/pixel-audit.json: 14261738 bytes
2026-10-04T02:02:32.2901379Z   dist/client/geographic-migration-archive.json.gz: 10765139 bytes
2026-10-04T02:02:32.2902244Z   dist/client/atlas-geography.json: 10525834 bytes
2026-10-04T02:02:32.2902619Z   dist/client/granularity-audit.json: 10364271 bytes
2026-10-04T02:02:32.2903054Z   dist/client/ownership-history/candidate-recovery.json: 8663175 bytes
2026-10-04T02:02:32.2903528Z   dist/client/global-semantic-closure.json.gz: 8647580 bytes
2026-10-04T02:02:32.2903922Z   dist/client/world-review.json: 7716794 bytes
2026-10-04T02:02:32.2904278Z   dist/client/semantic-report.json: 6091596 bytes
2026-10-04T02:02:32.2904736Z   dist/client/ownership-history/location-identity-map.json.gz: 5087769 bytes
2026-10-04T02:02:32.2905235Z   dist/client/geographic-migration-review.json.gz: 3674892 bytes
2026-10-04T02:02:32.2905862Z Hosted atlas ready: Worker API, persistent database declarations, media storage and fixed map assets.
2026-10-04T02:02:32.5109471Z ##[group]Run node scripts/run-integration-tests.mjs
2026-10-04T02:02:32.5109847Z [36;1mnode scripts/run-integration-tests.mjs[0m
2026-10-04T02:02:32.5302768Z shell: /usr/bin/bash -e {0}
2026-10-04T02:02:32.5303025Z env:
2026-10-04T02:02:32.5303289Z   pythonLocation: /opt/hostedtoolcache/Python/3.12.14/x64
2026-10-04T02:02:32.5303682Z   PKG_CONFIG_PATH: /opt/hostedtoolcache/Python/3.12.14/x64/lib/pkgconfig
2026-10-04T02:02:32.5304061Z   Python_ROOT_DIR: /opt/hostedtoolcache/Python/3.12.14/x64
2026-10-04T02:02:32.5304396Z   Python2_ROOT_DIR: /opt/hostedtoolcache/Python/3.12.14/x64
2026-10-04T02:02:32.5304736Z   Python3_ROOT_DIR: /opt/hostedtoolcache/Python/3.12.14/x64
2026-10-04T02:02:32.5305081Z   LD_LIBRARY_PATH: /opt/hostedtoolcache/Python/3.12.14/x64/lib
2026-10-04T02:02:32.5305388Z   INTEGRATION_PROFILE: full
2026-10-04T02:02:32.5305603Z   INTEGRATION_SHARD: 0
2026-10-04T02:02:32.5305798Z ##[endgroup]
2026-10-04T02:02:32.5642567Z {"profile":"full","shard":0,"files":["test/compact-ownership.test.mjs","test/prepared-parity.test.mjs","test/attributes.test.mjs","test/category-presentation.test.mjs","test/content-backend.test.mjs","test/credential-envelope.test.mjs","test/environment-classification-db.test.mjs","test/evidence-suppression.test.mjs","test/geographic-archive.test.mjs","test/geographic-release-manifest.test.mjs","test/geography-worker-lane.test.mjs","test/hosted-evidence-availability.test.mjs","test/hosted-temporal-client.test.mjs","test/install-macro-reference.test.mjs","test/issue-claims.test.mjs","test/macro-reference-split.test.mjs","test/map-color-neighbors.test.mjs","test/media-provenance.test.mjs","test/merge-integration.test.mjs","test/neon-forward-migrations.test.mjs","test/oceania-land-restoration.test.mjs","test/palette-intervals.test.mjs","test/pixel-metadata.test.mjs","test/postgres-contract.test.mjs","test/premerge-evidence.test.mjs","test/reference-archive.test.mjs","test/regional-research-gate.test.mjs","test/research-media-upload.test.mjs","test/source-policy-corrections.test.mjs","test/storage-export-v2.test.mjs","test/supplement-source-hints.test.mjs","test/temporal.test.mjs","test/typed-integration.test.mjs","test/unsettled-rank.test.mjs"]}
2026-10-04T02:05:37.6170384Z TAP version 13
2026-10-04T02:05:37.6173524Z # Subtest: attributes resolve independently with direct evidence ahead of spatial derivations and examples
2026-10-04T02:05:37.6174264Z ok 1 - attributes resolve independently with direct evidence ahead of spatial derivations and examples
2026-10-04T02:05:37.6174670Z   ---
2026-10-04T02:05:37.6174898Z   duration_ms: 2.12691
2026-10-04T02:05:37.6175110Z   type: 'test'
2026-10-04T02:05:37.6175291Z   ...
2026-10-04T02:05:37.6175836Z # Subtest: field evidence does not erase an independently supported attribute and examples do not mask modern reference
2026-10-04T02:05:37.6176662Z ok 2 - field evidence does not erase an independently supported attribute and examples do not mask modern reference
2026-10-04T02:05:37.6177121Z   ---
2026-10-04T02:05:37.6177345Z   duration_ms: 0.257793
2026-10-04T02:05:37.6177530Z   type: 'test'
2026-10-04T02:05:37.6177700Z   ...
2026-10-04T02:05:37.6178103Z # Subtest: typed imports reject overlapping field records and preserve stable category IDs
2026-10-04T02:05:37.6179372Z ok 3 - typed imports reject overlapping field records and preserve stable category IDs
2026-10-04T02:05:37.6179733Z   ---
2026-10-04T02:05:37.6179906Z   duration_ms: 17.114528
2026-10-04T02:05:37.6180104Z   type: 'test'
2026-10-04T02:05:37.6180274Z   ...
2026-10-04T02:05:37.6180717Z # Subtest: no-year-zero resolution, exclusive interval ends and opt-in examples remain deterministic
2026-10-04T02:05:37.6181383Z ok 4 - no-year-zero resolution, exclusive interval ends and opt-in examples remain deterministic
2026-10-04T02:05:37.6181767Z   ---
2026-10-04T02:05:37.6181934Z   duration_ms: 0.687852
2026-10-04T02:05:37.6182118Z   type: 'test'
2026-10-04T02:05:37.6182286Z   ...
2026-10-04T02:05:37.6182977Z # Subtest: compact references preserve supported dates and field provenance
2026-10-04T02:05:37.6183531Z ok 5 - compact references preserve supported dates and field provenance
2026-10-04T02:05:37.6183872Z   ---
2026-10-04T02:05:37.6184047Z   duration_ms: 1.303777
2026-10-04T02:05:37.6184234Z   type: 'test'
2026-10-04T02:05:37.6184398Z   ...
2026-10-04T02:05:37.6184910Z # Subtest: reference territories resolve to their political owner without changing geographic identity
2026-10-04T02:05:37.6185641Z ok 6 - reference territories resolve to their political owner without changing geographic identity
2026-10-04T02:05:37.6186054Z   ---
2026-10-04T02:05:37.6186245Z   duration_ms: 0.211645
2026-10-04T02:05:37.6186456Z   type: 'test'
2026-10-04T02:05:37.6186636Z   ...
2026-10-04T02:05:37.6187126Z # Subtest: map and legend presentation keys preserve source identities and distinguish concurrent names
2026-10-04T02:05:37.6187842Z ok 7 - map and legend presentation keys preserve source identities and distinguish concurrent names
2026-10-04T02:05:37.6188262Z   ---
2026-10-04T02:05:37.6188452Z   duration_ms: 0.765407
2026-10-04T02:05:37.6189094Z   type: 'test'
2026-10-04T02:05:37.6189260Z   ...
2026-10-04T02:05:37.6189803Z # Subtest: shared named modes distinguish display groups; fixed classifications and hierarchy use stable IDs
2026-10-04T02:05:37.6190554Z ok 8 - shared named modes distinguish display groups; fixed classifications and hierarchy use stable IDs
2026-10-04T02:05:37.6191048Z   ---
2026-10-04T02:05:37.6191227Z   duration_ms: 0.662143
2026-10-04T02:05:37.6191433Z   type: 'test'
2026-10-04T02:05:37.6191603Z   ...
2026-10-04T02:05:37.6192093Z # {"baselineRuns":28809329,"boundaryAndGapCells":115237316,"legacyBytes":463046592,"compactBytes":232571960}
2026-10-04T02:05:37.6192850Z # Subtest: every published canonical run survives compact packing, including its boundary cells and gaps
2026-10-04T02:05:37.6193582Z ok 9 - every published canonical run survives compact packing, including its boundary cells and gaps
2026-10-04T02:05:37.6194024Z   ---
2026-10-04T02:05:37.6194214Z   duration_ms: 35789.19051
2026-10-04T02:05:37.6194443Z   type: 'test'
2026-10-04T02:05:37.6194631Z   ...
2026-10-04T02:05:37.6195121Z # Subtest: compact full coordinate range, split high owner bits, seam cells and owner capacity are exact
2026-10-04T02:05:37.6195819Z ok 10 - compact full coordinate range, split high owner bits, seam cells and owner capacity are exact
2026-10-04T02:05:37.6196227Z   ---
2026-10-04T02:05:37.6196408Z   duration_ms: 159.07323
2026-10-04T02:05:37.6196615Z   type: 'test'
2026-10-04T02:05:37.6196784Z   ...
2026-10-04T02:05:37.6197217Z # Subtest: v1 and v2 asset loaders preserve gzip/raw words, split row chunks and reject ambiguous manifests
2026-10-04T02:05:37.6197907Z ok 11 - v1 and v2 asset loaders preserve gzip/raw words, split row chunks and reject ambiguous manifests
2026-10-04T02:05:37.6198298Z   ---
2026-10-04T02:05:37.6198978Z   duration_ms: 95.250208
2026-10-04T02:05:37.6199201Z   type: 'test'
2026-10-04T02:05:37.6199367Z   ...
2026-10-04T02:05:37.6201208Z # Subtest: shuffled and row-local varint transports reconstruct every packed bit across chunk and empty-row boundaries
2026-10-04T02:05:37.6202110Z ok 12 - shuffled and row-local varint transports reconstruct every packed bit across chunk and empty-row boundaries
2026-10-04T02:05:37.6202832Z   ---
2026-10-04T02:05:37.6203003Z   duration_ms: 276.685403
2026-10-04T02:05:37.6203197Z   type: 'test'
2026-10-04T02:05:37.6203358Z   ...
2026-10-04T02:05:37.6204118Z # {"results":[{"version":1,"mismatches":0,"error":0},{"version":2,"mismatches":0,"error":0}],"high":{"pixel":[193,71,29,255],"error":0,"size":262144,"maxTextureSize":8192,"navigationOwnershipUploads":0}}
2026-10-04T02:05:37.6205031Z # Subtest: real WebGL framebuffer agrees for legacy/compact holes, odd runs, maximum coordinates and high IDs
2026-10-04T02:05:37.6205770Z ok 13 - real WebGL framebuffer agrees for legacy/compact holes, odd runs, maximum coordinates and high IDs
2026-10-04T02:05:37.6206160Z   ---
2026-10-04T02:05:37.6206323Z   duration_ms: 2093.341161
2026-10-04T02:05:37.6206653Z   type: 'test'
2026-10-04T02:05:37.6206841Z   ...
2026-10-04T02:05:37.6207214Z # Subtest: backend cutover is explicit and cannot expose credentials or silently return D1
2026-10-04T02:05:37.6207785Z ok 14 - backend cutover is explicit and cannot expose credentials or silently return D1
2026-10-04T02:05:37.6208123Z   ---
2026-10-04T02:05:37.6208283Z   duration_ms: 1.14454
2026-10-04T02:05:37.6208470Z   type: 'test'
2026-10-04T02:05:37.6208975Z   ...
2026-10-04T02:05:37.6209395Z # Subtest: transfer maintenance blocks every API mutation before touching a database or object bucket
2026-10-04T02:05:37.6210045Z ok 15 - transfer maintenance blocks every API mutation before touching a database or object bucket
2026-10-04T02:05:37.6210420Z   ---
2026-10-04T02:05:37.6210584Z   duration_ms: 27.112872
2026-10-04T02:05:37.6210776Z   type: 'test'
2026-10-04T02:05:37.6210932Z   ...
2026-10-04T02:05:37.6211397Z # Subtest: PostgreSQL diagnostics and raw export routes use the selected backend and retain honest quota status
2026-10-04T02:05:37.6212095Z ok 16 - PostgreSQL diagnostics and raw export routes use the selected backend and retain honest quota status
2026-10-04T02:05:37.6212499Z   ---
2026-10-04T02:05:37.6212664Z   duration_ms: 2748.039459
2026-10-04T02:05:37.6212860Z   type: 'test'
2026-10-04T02:05:37.6213027Z   ...
2026-10-04T02:05:37.6213481Z # Subtest: standard envelope roundtrip uses fresh randomness, authenticated context and no plaintext fields
2026-10-04T02:05:37.6214170Z ok 17 - standard envelope roundtrip uses fresh randomness, authenticated context and no plaintext fields
2026-10-04T02:05:37.6214563Z   ---
2026-10-04T02:05:37.6214730Z   duration_ms: 10.071694
2026-10-04T02:05:37.6214923Z   type: 'test'
2026-10-04T02:05:37.6215087Z   ...
2026-10-04T02:05:37.6215487Z # Subtest: tampered ciphertext, authentication tag, IV, wrapped key and recipient are rejected
2026-10-04T02:05:37.6216092Z ok 18 - tampered ciphertext, authentication tag, IV, wrapped key and recipient are rejected
2026-10-04T02:05:37.6216455Z   ---
2026-10-04T02:05:37.6216620Z   duration_ms: 8.528912
2026-10-04T02:05:37.6216809Z   type: 'test'
2026-10-04T02:05:37.6216977Z   ...
2026-10-04T02:05:37.6217400Z # Subtest: malformed or oversized envelopes, unapproved algorithms and invalid intervals fail closed
2026-10-04T02:05:37.6218042Z ok 19 - malformed or oversized envelopes, unapproved algorithms and invalid intervals fail closed
2026-10-04T02:05:37.6218420Z   ---
2026-10-04T02:05:37.6218723Z   duration_ms: 1.829779
2026-10-04T02:05:37.6218914Z   type: 'test'
2026-10-04T02:05:37.6219081Z   ...
2026-10-04T02:05:37.6219489Z # Subtest: owner credentials, other endpoints, missing TLS and non-RSA keys cannot be transported
2026-10-04T02:05:37.6220094Z ok 20 - owner credentials, other endpoints, missing TLS and non-RSA keys cannot be transported
2026-10-04T02:05:37.6220451Z   ---
2026-10-04T02:05:37.6220614Z   duration_ms: 1.543333
2026-10-04T02:05:37.6220805Z   type: 'test'
2026-10-04T02:05:37.6220973Z   ...
2026-10-04T02:05:37.6221512Z # Subtest: private delivery writes owner-only outside-Git file and refuses wrong digest, unsafe permissions, symlinks and overwrite
2026-10-04T02:05:37.6222496Z ok 21 - private delivery writes owner-only outside-Git file and refuses wrong digest, unsafe permissions, symlinks and overwrite
2026-10-04T02:05:37.6222960Z   ---
2026-10-04T02:05:37.6223125Z   duration_ms: 10.08277
2026-10-04T02:05:37.6223319Z   type: 'test'
2026-10-04T02:05:37.6223484Z   ...
2026-10-04T02:05:37.6223940Z # Subtest: CLI encryption/decryption returns metadata only and failures never print plaintext or key material
2026-10-04T02:05:37.6224625Z ok 22 - CLI encryption/decryption returns metadata only and failures never print plaintext or key material
2026-10-04T02:05:37.6225021Z   ---
2026-10-04T02:05:37.6225182Z   duration_ms: 169.610825
2026-10-04T02:05:37.6225373Z   type: 'test'
2026-10-04T02:05:37.6225537Z   ...
2026-10-04T02:05:37.6225984Z # Subtest: fixed environmental database guards reproduce exactly from the shared registry
2026-10-04T02:05:37.6226713Z ok 23 - fixed environmental database guards reproduce exactly from the shared registry
2026-10-04T02:05:37.6227062Z   ---
2026-10-04T02:05:37.6227229Z   duration_ms: 2.398063
2026-10-04T02:05:37.6227419Z   type: 'test'
2026-10-04T02:05:37.6227585Z   ...
2026-10-04T02:05:37.6228024Z # Subtest: all fixed IDs, display labels, explicit legacy aliases and null pass raw local and hosted SQL
2026-10-04T02:05:37.6228858Z ok 24 - all fixed IDs, display labels, explicit legacy aliases and null pass raw local and hosted SQL
2026-10-04T02:05:37.6229257Z   ---
2026-10-04T02:05:37.6229436Z   duration_ms: 269.788549
2026-10-04T02:05:37.6229639Z   type: 'test'
2026-10-04T02:05:37.6229808Z   ...
2026-10-04T02:05:37.6230265Z # Subtest: unlisted environmental values reject every local import and raw snapshot/history/typed insertion
2026-10-04T02:05:37.6231047Z ok 25 - unlisted environmental values reject every local import and raw snapshot/history/typed insertion
2026-10-04T02:05:37.6231445Z   ---
2026-10-04T02:05:37.6231616Z   duration_ms: 24.491347
2026-10-04T02:05:37.6231803Z   type: 'test'
2026-10-04T02:05:37.6231959Z   ...
2026-10-04T02:05:37.6232458Z # Subtest: adding local guards preserves existing unrecognized evidence byte for byte and blocks changed values
2026-10-04T02:05:37.6233222Z ok 26 - adding local guards preserves existing unrecognized evidence byte for byte and blocks changed values
2026-10-04T02:05:37.6233660Z   ---
2026-10-04T02:05:37.6233831Z   duration_ms: 6.046804
2026-10-04T02:05:37.6234020Z   type: 'test'
2026-10-04T02:05:37.6234184Z   ...
2026-10-04T02:05:37.6238831Z # Subtest: hosted migration retains old claim bytes, permits exact retries and still rejects stable-ID collisions
2026-10-04T02:05:37.6239310Z ok 27 - hosted migration retains old claim bytes, permits exact retries and still rejects stable-ID collisions
2026-10-04T02:05:37.6239567Z   ---
2026-10-04T02:05:37.6239679Z   duration_ms: 17.623114
2026-10-04T02:05:37.6239805Z   type: 'test'
2026-10-04T02:05:37.6239913Z   ...
2026-10-04T02:05:37.6240219Z # Subtest: unverified withdrawals suppress every attribute source and modern owner fallback without modifying content
2026-10-04T02:05:37.6240680Z ok 28 - unverified withdrawals suppress every attribute source and modern owner fallback without modifying content
2026-10-04T02:05:37.6240946Z   ---
2026-10-04T02:05:37.6241052Z   duration_ms: 1.791031
2026-10-04T02:05:37.6241174Z   type: 'test'
2026-10-04T02:05:37.6241283Z   ...
2026-10-04T02:05:37.6241568Z # Subtest: a reference correction retains exact claim bytes, original coordinates and the complete original chain
2026-10-04T02:05:37.6242006Z ok 29 - a reference correction retains exact claim bytes, original coordinates and the complete original chain
2026-10-04T02:05:37.6242261Z   ---
2026-10-04T02:05:37.6242366Z   duration_ms: 7.239736
2026-10-04T02:05:37.6242489Z   type: 'test'
2026-10-04T02:05:37.6242595Z   ...
2026-10-04T02:05:37.6242895Z # Subtest: all receipted predecessor identities restore without overwriting active geography or transferring evidence
2026-10-04T02:05:37.6243355Z ok 30 - all receipted predecessor identities restore without overwriting active geography or transferring evidence
2026-10-04T02:05:37.6243742Z   ---
2026-10-04T02:05:37.6243850Z   duration_ms: 512.940388
2026-10-04T02:05:37.6243981Z   type: 'test'
2026-10-04T02:05:37.6244087Z   ...
2026-10-04T02:05:37.6244460Z # Subtest: legacy index remains unchanged; verified extension resolves new release
2026-10-04T02:05:37.6244783Z ok 31 - legacy index remains unchanged; verified extension resolves new release
2026-10-04T02:05:37.6244985Z   ---
2026-10-04T02:05:37.6245092Z   duration_ms: 3.879734
2026-10-04T02:05:37.6245214Z   type: 'test'
2026-10-04T02:05:37.6245320Z   ...
2026-10-04T02:05:37.6245538Z # Subtest: pointer rejects traversal, wrong digest and changed predecessor bytes
2026-10-04T02:05:37.6245857Z ok 32 - pointer rejects traversal, wrong digest and changed predecessor bytes
2026-10-04T02:05:37.6246056Z   ---
2026-10-04T02:05:37.6246250Z   duration_ms: 2.844967
2026-10-04T02:05:37.6246404Z   type: 'test'
2026-10-04T02:05:37.6246515Z   ...
2026-10-04T02:05:37.6246718Z # Subtest: extension rejects altered predecessor release or batch metadata
2026-10-04T02:05:37.6247020Z ok 33 - extension rejects altered predecessor release or batch metadata
2026-10-04T02:05:37.6247211Z   ---
2026-10-04T02:05:37.6247319Z   duration_ms: 1.877469
2026-10-04T02:05:37.6247442Z   type: 'test'
2026-10-04T02:05:37.6247549Z   ...
2026-10-04T02:05:37.6247802Z # Subtest: extension rejects duplicate identities, decreasing versions and repeated batch paths
2026-10-04T02:05:37.6248181Z ok 34 - extension rejects duplicate identities, decreasing versions and repeated batch paths
2026-10-04T02:05:37.6248429Z   ---
2026-10-04T02:05:37.6248539Z   duration_ms: 2.623357
2026-10-04T02:05:37.6249417Z   type: 'test'
2026-10-04T02:05:37.6249575Z   ...
2026-10-04T02:05:37.6249840Z # Subtest: manifest pointers cannot load symbolic links
2026-10-04T02:05:37.6250212Z ok 35 - manifest pointers cannot load symbolic links
2026-10-04T02:05:37.6250471Z   ---
2026-10-04T02:05:37.6250643Z   duration_ms: 0.838816
2026-10-04T02:05:37.6250836Z   type: 'test'
2026-10-04T02:05:37.6251007Z   ...
2026-10-04T02:05:37.6251436Z # Subtest: compressed transport retains exact JSON bytes and rejects transport or payload tampering
2026-10-04T02:05:37.6252084Z ok 36 - compressed transport retains exact JSON bytes and rejects transport or payload tampering
2026-10-04T02:05:37.6252431Z   ---
2026-10-04T02:05:37.6252542Z   duration_ms: 0.39003
2026-10-04T02:05:37.6252666Z   type: 'test'
2026-10-04T02:05:37.6252772Z   ...
2026-10-04T02:05:37.6252965Z # Subtest: geography has its own branch and exactly one matching type
2026-10-04T02:05:37.6253240Z ok 37 - geography has its own branch and exactly one matching type
2026-10-04T02:05:37.6253420Z   ---
2026-10-04T02:05:37.6253527Z   duration_ms: 8.257822
2026-10-04T02:05:37.6253648Z   type: 'test'
2026-10-04T02:05:37.6253753Z   ...
2026-10-04T02:05:37.6254008Z # Subtest: declared geography ownership is finite, safe and limited to source evidence namespaces
2026-10-04T02:05:37.6254386Z ok 38 - declared geography ownership is finite, safe and limited to source evidence namespaces
2026-10-04T02:05:37.6254617Z   ---
2026-10-04T02:05:37.6254727Z   duration_ms: 0.374637
2026-10-04T02:05:37.6254849Z   type: 'test'
2026-10-04T02:05:37.6254954Z   ...
2026-10-04T02:05:37.6255206Z # Subtest: geography cannot edit core, history, another packet or an undeclared proposal directory
2026-10-04T02:05:37.6255586Z ok 39 - geography cannot edit core, history, another packet or an undeclared proposal directory
2026-10-04T02:05:37.6255818Z   ---
2026-10-04T02:05:37.6255925Z   duration_ms: 0.348187
2026-10-04T02:05:37.6256048Z   type: 'test'
2026-10-04T02:05:37.6256154Z   ...
2026-10-04T02:05:37.6256406Z # Subtest: engineering consumes but preserves geography evidence while existing lanes still work
2026-10-04T02:05:37.6256785Z ok 40 - engineering consumes but preserves geography evidence while existing lanes still work
2026-10-04T02:05:37.6257015Z   ---
2026-10-04T02:05:37.6257119Z   duration_ms: 0.143333
2026-10-04T02:05:37.6257240Z   type: 'test'
2026-10-04T02:05:37.6257452Z   ...
2026-10-04T02:05:37.6257725Z # Subtest: geography claims retain exact ownership through renewal and rotation, without content approval
2026-10-04T02:05:37.6258135Z ok 41 - geography claims retain exact ownership through renewal and rotation, without content approval
2026-10-04T02:05:37.6258383Z   ---
2026-10-04T02:05:37.6258488Z   duration_ms: 5.425931
2026-10-04T02:05:37.6259201Z   type: 'test'
2026-10-04T02:05:37.6259311Z   ...
2026-10-04T02:05:37.6259531Z # Subtest: claims and PRs refuse issue ownership expansion and incompatible modes
2026-10-04T02:05:37.6259844Z ok 42 - claims and PRs refuse issue ownership expansion and incompatible modes
2026-10-04T02:05:37.6260046Z   ---
2026-10-04T02:05:37.6260151Z   duration_ms: 0.551339
2026-10-04T02:05:37.6260275Z   type: 'test'
2026-10-04T02:05:37.6260380Z   ...
2026-10-04T02:05:37.6260745Z # Subtest: actual linked GitHub issue supplies geography ownership, not a PR-controlled declaration
2026-10-04T02:05:37.6261134Z ok 43 - actual linked GitHub issue supplies geography ownership, not a PR-controlled declaration
2026-10-04T02:05:37.6261371Z   ---
2026-10-04T02:05:37.6261476Z   duration_ms: 7.082362
2026-10-04T02:05:37.6261595Z   type: 'test'
2026-10-04T02:05:37.6261701Z   ...
2026-10-04T02:05:37.6261969Z # Subtest: real geography Git scope checks renamed source paths, symlinks and issue-backed CLI ownership
2026-10-04T02:05:37.6262371Z ok 44 - real geography Git scope checks renamed source paths, symlinks and issue-backed CLI ownership
2026-10-04T02:05:37.6262608Z   ---
2026-10-04T02:05:37.6262715Z   duration_ms: 252.620154
2026-10-04T02:05:37.6262843Z   type: 'test'
2026-10-04T02:05:37.6262949Z   ...
2026-10-04T02:05:37.6263186Z # Subtest: a failed evidence stream cannot mix live claims with an absent retirement snapshot
2026-10-04T02:05:37.6263546Z ok 45 - a failed evidence stream cannot mix live claims with an absent retirement snapshot
2026-10-04T02:05:37.6263765Z   ---
2026-10-04T02:05:37.6263873Z   duration_ms: 36.889147
2026-10-04T02:05:37.6264002Z   type: 'test'
2026-10-04T02:05:37.6264110Z   ...
2026-10-04T02:05:37.6264340Z # Subtest: dated geography shares scalar revision and complete same-year cache authority
2026-10-04T02:05:37.6264686Z ok 46 - dated geography shares scalar revision and complete same-year cache authority
2026-10-04T02:05:37.6264898Z   ---
2026-10-04T02:05:37.6265004Z   duration_ms: 21.514154
2026-10-04T02:05:37.6265128Z   type: 'test'
2026-10-04T02:05:37.6265234Z   ...
2026-10-04T02:05:37.6265510Z # Subtest: both sparse streams complete under fixed pins/revision before legacy history becomes authoritative
2026-10-04T02:05:37.6265939Z ok 47 - both sparse streams complete under fixed pins/revision before legacy history becomes authoritative
2026-10-04T02:05:37.6266185Z   ---
2026-10-04T02:05:37.6266292Z   duration_ms: 4.602118
2026-10-04T02:05:37.6266414Z   type: 'test'
2026-10-04T02:05:37.6266524Z   ...
2026-10-04T02:05:37.6266795Z # Subtest: a source-free year makes exactly two bounded requests and retains caller-owned unrelated history
2026-10-04T02:05:37.6267206Z ok 48 - a source-free year makes exactly two bounded requests and retains caller-owned unrelated history
2026-10-04T02:05:37.6267442Z   ---
2026-10-04T02:05:37.6267545Z   duration_ms: 1.375534
2026-10-04T02:05:37.6267665Z   type: 'test'
2026-10-04T02:05:37.6267772Z   ...
2026-10-04T02:05:37.6268068Z # Subtest: identical affected rows and sources across pages deduplicate without granting conflicting claims authority
2026-10-04T02:05:37.6268523Z ok 49 - identical affected rows and sources across pages deduplicate without granting conflicting claims authority
2026-10-04T02:05:37.6268944Z   ---
2026-10-04T02:05:37.6269051Z   duration_ms: 2.614745
2026-10-04T02:05:37.6269172Z   type: 'test'
2026-10-04T02:05:37.6269278Z   ...
2026-10-04T02:05:37.6269589Z # Subtest: permanent withdrawals apply independently and cross-stream active/withdrawn contradictions reject completion
2026-10-04T02:05:37.6270058Z ok 50 - permanent withdrawals apply independently and cross-stream active/withdrawn contradictions reject completion
2026-10-04T02:05:37.6270425Z   ---
2026-10-04T02:05:37.6270530Z   duration_ms: 1.22455
2026-10-04T02:05:37.6270652Z   type: 'test'
2026-10-04T02:05:37.6270758Z   ...
2026-10-04T02:05:37.6271009Z # Subtest: expected scalar revision never silently repins or locally retries a partial snapshot
2026-10-04T02:05:37.6271378Z ok 51 - expected scalar revision never silently repins or locally retries a partial snapshot
2026-10-04T02:05:37.6271603Z   ---
2026-10-04T02:05:37.6271708Z   duration_ms: 1.262015
2026-10-04T02:05:37.6271830Z   type: 'test'
2026-10-04T02:05:37.6271939Z   ...
2026-10-04T02:05:37.6272178Z # Subtest: unanchored standalone reads retry both streams within the bounded attempt budget
2026-10-04T02:05:37.6272532Z ok 52 - unanchored standalone reads retry both streams within the bounded attempt budget
2026-10-04T02:05:37.6272830Z   ---
2026-10-04T02:05:37.6272935Z   duration_ms: 1.498276
2026-10-04T02:05:37.6273058Z   type: 'test'
2026-10-04T02:05:37.6273171Z   ...
2026-10-04T02:05:37.6273419Z # Subtest: abort/cancellation preserves its reason and no completed or partial result escapes
2026-10-04T02:05:37.6273787Z ok 53 - abort/cancellation preserves its reason and no completed or partial result escapes
2026-10-04T02:05:37.6274011Z   ---
2026-10-04T02:05:37.6274120Z   duration_ms: 0.428216
2026-10-04T02:05:37.6274242Z   type: 'test'
2026-10-04T02:05:37.6274353Z   ...
2026-10-04T02:05:37.6274610Z # Subtest: retryable oversized pages reduce only that stream limit and keep the same cursor/revision
2026-10-04T02:05:37.6274994Z ok 54 - retryable oversized pages reduce only that stream limit and keep the same cursor/revision
2026-10-04T02:05:37.6275226Z   ---
2026-10-04T02:05:37.6275332Z   duration_ms: 0.624678
2026-10-04T02:05:37.6275453Z   type: 'test'
2026-10-04T02:05:37.6275563Z   ...
2026-10-04T02:05:37.6275824Z # Subtest: rows, cursors, response/aggregate budgets and malformed source/capability reject authority
2026-10-04T02:05:37.6276214Z ok 55 - rows, cursors, response/aggregate budgets and malformed source/capability reject authority
2026-10-04T02:05:37.6276448Z   ---
2026-10-04T02:05:37.6276552Z   duration_ms: 1.678994
2026-10-04T02:05:37.6276676Z   type: 'test'
2026-10-04T02:05:37.6276783Z   ...
2026-10-04T02:05:37.6277039Z # Subtest: explicit unknown parents and BC/AD boundaries retain source evidence and reference context
2026-10-04T02:05:37.6277425Z ok 56 - explicit unknown parents and BC/AD boundaries retain source evidence and reference context
2026-10-04T02:05:37.6277655Z   ---
2026-10-04T02:05:37.6277760Z   duration_ms: 0.835982
2026-10-04T02:05:37.6277884Z   type: 'test'
2026-10-04T02:05:37.6277992Z   ...
2026-10-04T02:05:37.6278249Z # Subtest: JSON projection retains original nested formatting and appends bounded one-line entries
2026-10-04T02:05:37.6278830Z ok 57 - JSON projection retains original nested formatting and appends bounded one-line entries
2026-10-04T02:05:37.6279064Z   ---
2026-10-04T02:05:37.6279170Z   duration_ms: 2.136764
2026-10-04T02:05:37.6279295Z   type: 'test'
2026-10-04T02:05:37.6279401Z   ...
2026-10-04T02:05:37.6279657Z # Subtest: JSON projection handles changed array rows, escaped strings, empty containers and removals
2026-10-04T02:05:37.6280045Z ok 58 - JSON projection handles changed array rows, escaped strings, empty containers and removals
2026-10-04T02:05:37.6280276Z   ---
2026-10-04T02:05:37.6280383Z   duration_ms: 0.394676
2026-10-04T02:05:37.6280507Z   type: 'test'
2026-10-04T02:05:37.6280614Z   ...
2026-10-04T02:05:37.6280871Z # Subtest: province projection changes only province metadata and retains canonical cell/index bounds
2026-10-04T02:05:37.6281262Z ok 59 - province projection changes only province metadata and retains canonical cell/index bounds
2026-10-04T02:05:37.6281497Z   ---
2026-10-04T02:05:37.6281605Z   duration_ms: 1.245991
2026-10-04T02:05:37.6281727Z   type: 'test'
2026-10-04T02:05:37.6281835Z   ...
2026-10-04T02:05:37.6282074Z # Subtest: append-only release retains original generations and drops regenerated baseline
2026-10-04T02:05:37.6282525Z ok 60 - append-only release retains original generations and drops regenerated baseline
2026-10-04T02:05:37.6282744Z   ---
2026-10-04T02:05:37.6282851Z   duration_ms: 1.069458
2026-10-04T02:05:37.6282973Z   type: 'test'
2026-10-04T02:05:37.6283079Z   ...
2026-10-04T02:05:37.6283315Z # Subtest: evidence composes unchanged territory while preserving original supported facts
2026-10-04T02:05:37.6283677Z ok 61 - evidence composes unchanged territory while preserving original supported facts
2026-10-04T02:05:37.6283896Z   ---
2026-10-04T02:05:37.6284008Z   duration_ms: 1.114095
2026-10-04T02:05:37.6284133Z   type: 'test'
2026-10-04T02:05:37.6284243Z   ...
2026-10-04T02:05:37.6284469Z # Subtest: apply rejects unapproved hash and rolls back partial metadata transaction
2026-10-04T02:05:37.6284880Z ok 62 - apply rejects unapproved hash and rolls back partial metadata transaction
2026-10-04T02:05:37.6285089Z   ---
2026-10-04T02:05:37.6285202Z   duration_ms: 3.220795
2026-10-04T02:05:37.6285328Z   type: 'test'
2026-10-04T02:05:37.6285437Z   ...
2026-10-04T02:05:37.6285636Z # Subtest: immutable bytes changing after preparation block application
2026-10-04T02:05:37.6286000Z ok 63 - immutable bytes changing after preparation block application
2026-10-04T02:05:37.6303235Z   ---
2026-10-04T02:05:37.6303458Z   duration_ms: 0.745578
2026-10-04T02:05:37.6303649Z   type: 'test'
2026-10-04T02:05:37.6303813Z   ...
2026-10-04T02:05:37.6304212Z # Subtest: successful metadata install records a committed journal and retains rollback originals
2026-10-04T02:05:37.6304801Z ok 64 - successful metadata install records a committed journal and retains rollback originals
2026-10-04T02:05:37.6305147Z   ---
2026-10-04T02:05:37.6305309Z   duration_ms: 2.028033
2026-10-04T02:05:37.6305489Z   type: 'test'
2026-10-04T02:05:37.6305650Z   ...
2026-10-04T02:05:37.6306072Z # Subtest: serialized contenders on one issue have exactly one holder even under the same GitHub account
2026-10-04T02:05:37.6306674Z ok 65 - serialized contenders on one issue have exactly one holder even under the same GitHub account
2026-10-04T02:05:37.6307024Z   ---
2026-10-04T02:05:37.6307181Z   duration_ms: 2.607214
2026-10-04T02:05:37.6307360Z   type: 'test'
2026-10-04T02:05:37.6307517Z   ...
2026-10-04T02:05:37.6307828Z # Subtest: renewal and release require the actual worker plus ownership nonce
2026-10-04T02:05:37.6308289Z ok 66 - renewal and release require the actual worker plus ownership nonce
2026-10-04T02:05:37.6308758Z   ---
2026-10-04T02:05:37.6308922Z   duration_ms: 0.553933
2026-10-04T02:05:37.6309106Z   type: 'test'
2026-10-04T02:05:37.6309276Z   ...
2026-10-04T02:05:37.6309586Z # Subtest: an idempotent lost-response retry retains original ownership
2026-10-04T02:05:37.6310036Z ok 67 - an idempotent lost-response retry retains original ownership
2026-10-04T02:05:37.6310335Z   ---
2026-10-04T02:05:37.6310504Z   duration_ms: 0.360406
2026-10-04T02:05:37.6310704Z   type: 'test'
2026-10-04T02:05:37.6310885Z   ...
2026-10-04T02:05:37.6311221Z # Subtest: renewal, rotation and reassignment retain one canonical comment ID
2026-10-04T02:05:37.6311716Z ok 68 - renewal, rotation and reassignment retain one canonical comment ID
2026-10-04T02:05:37.6312041Z   ---
2026-10-04T02:05:37.6312212Z   duration_ms: 0.358903
2026-10-04T02:05:37.6312404Z   type: 'test'
2026-10-04T02:05:37.6312577Z   ...
2026-10-04T02:05:37.6312960Z # Subtest: umbrella, blocked, oversized and unresolved dependency scopes cannot be claimed
2026-10-04T02:05:37.6313518Z ok 69 - umbrella, blocked, oversized and unresolved dependency scopes cannot be claimed
2026-10-04T02:05:37.6313881Z   ---
2026-10-04T02:05:37.6314007Z   duration_ms: 0.456348
2026-10-04T02:05:37.6314133Z   type: 'test'
2026-10-04T02:05:37.6314239Z   ...
2026-10-04T02:05:37.6314491Z # Subtest: expired reservations cannot silently discard branches or active PR/live operations
2026-10-04T02:05:37.6314861Z ok 70 - expired reservations cannot silently discard branches or active PR/live operations
2026-10-04T02:05:37.6315241Z   ---
2026-10-04T02:05:37.6315344Z   duration_ms: 0.394906
2026-10-04T02:05:37.6315466Z   type: 'test'
2026-10-04T02:05:37.6315571Z   ...
2026-10-04T02:05:37.6315818Z # Subtest: multiple PRs retain ownership and rotate branches only after previous work completes
2026-10-04T02:05:37.6316186Z ok 71 - multiple PRs retain ownership and rotate branches only after previous work completes
2026-10-04T02:05:37.6316408Z   ---
2026-10-04T02:05:37.6316511Z   duration_ms: 1.491666
2026-10-04T02:05:37.6316635Z   type: 'test'
2026-10-04T02:05:37.6316740Z   ...
2026-10-04T02:05:37.6316924Z # Subtest: canonical comments cannot be impersonated or ambiguous
2026-10-04T02:05:37.6317181Z ok 72 - canonical comments cannot be impersonated or ambiguous
2026-10-04T02:05:37.6317352Z   ---
2026-10-04T02:05:37.6317456Z   duration_ms: 0.402318
2026-10-04T02:05:37.6317660Z   type: 'test'
2026-10-04T02:05:37.6317767Z   ...
2026-10-04T02:05:37.6318020Z # Subtest: PR validation uses current exact-branch ownership and rejects expired or blocked claims
2026-10-04T02:05:37.6318404Z ok 73 - PR validation uses current exact-branch ownership and rejects expired or blocked claims
2026-10-04T02:05:37.6322710Z   ---
2026-10-04T02:05:37.6322899Z   duration_ms: 0.675123
2026-10-04T02:05:37.6323113Z   type: 'test'
2026-10-04T02:05:37.6323305Z   ...
2026-10-04T02:05:37.6323733Z # Subtest: location-content claims wait for worldwide approval while source-only work can start
2026-10-04T02:05:37.6324337Z ok 74 - location-content claims wait for worldwide approval while source-only work can start
2026-10-04T02:05:37.6324692Z   ---
2026-10-04T02:05:37.6324852Z   duration_ms: 47.879694
2026-10-04T02:05:37.6325048Z   type: 'test'
2026-10-04T02:05:37.6325210Z   ...
2026-10-04T02:05:37.6325528Z # Subtest: the PR budget cannot be bypassed by claiming another part indefinitely
2026-10-04T02:05:37.6325997Z ok 75 - the PR budget cannot be bypassed by claiming another part indefinitely
2026-10-04T02:05:37.6326287Z   ---
2026-10-04T02:05:37.6326602Z   duration_ms: 0.423319
2026-10-04T02:05:37.6326991Z   type: 'test'
2026-10-04T02:05:37.6327231Z   ...
2026-10-04T02:05:37.6327692Z # Subtest: pagination inspects later pages rather than assuming only the first page exists
2026-10-04T02:05:37.6328301Z ok 76 - pagination inspects later pages rather than assuming only the first page exists
2026-10-04T02:05:37.6328859Z   ---
2026-10-04T02:05:37.6329021Z   duration_ms: 0.244483
2026-10-04T02:05:37.6329202Z   type: 'test'
2026-10-04T02:05:37.6329368Z   ...
2026-10-04T02:05:37.6329824Z # Subtest: claim lock keys use canonical issue numbers so aliases cannot acquire independent locks
2026-10-04T02:05:37.6330429Z ok 77 - claim lock keys use canonical issue numbers so aliases cannot acquire independent locks
2026-10-04T02:05:37.6330787Z   ---
2026-10-04T02:05:37.6330951Z   duration_ms: 1.105763
2026-10-04T02:05:37.6331140Z   type: 'test'
2026-10-04T02:05:37.6331305Z   ...
2026-10-04T02:05:37.6331755Z # Subtest: approved research is bound to all three geographic pins and ordinary bot audit text is not authority
2026-10-04T02:05:37.6332284Z ok 78 - approved research is bound to all three geographic pins and ordinary bot audit text is not authority
2026-10-04T02:05:37.6332531Z   ---
2026-10-04T02:05:37.6332635Z   duration_ms: 0.344962
2026-10-04T02:05:37.6332754Z   type: 'test'
2026-10-04T02:05:37.6332861Z   ...
2026-10-04T02:05:37.6333100Z # Subtest: large source collections retain a bounded reference to the exact archived receipt
2026-10-04T02:05:37.6333461Z ok 79 - large source collections retain a bounded reference to the exact archived receipt
2026-10-04T02:05:37.6333678Z   ---
2026-10-04T02:05:37.6333781Z   duration_ms: 2.220569
2026-10-04T02:05:37.6333901Z   type: 'test'
2026-10-04T02:05:37.6334009Z   ...
2026-10-04T02:05:37.6334278Z # Subtest: same-tier reference split preserves exact archived originals and disjoint descendant members
2026-10-04T02:05:37.6334681Z ok 80 - same-tier reference split preserves exact archived originals and disjoint descendant members
2026-10-04T02:05:37.6335023Z   ---
2026-10-04T02:05:37.6335126Z   duration_ms: 2.096475
2026-10-04T02:05:37.6335245Z   type: 'test'
2026-10-04T02:05:37.6335350Z   ...
2026-10-04T02:05:37.6335591Z # Subtest: split successors require unique explicit new-group deltas and a complete crosswalk
2026-10-04T02:05:37.6335956Z ok 81 - split successors require unique explicit new-group deltas and a complete crosswalk
2026-10-04T02:05:37.6336176Z   ---
2026-10-04T02:05:37.6336279Z   duration_ms: 2.683086
2026-10-04T02:05:37.6336399Z   type: 'test'
2026-10-04T02:05:37.6336506Z   ...
2026-10-04T02:05:37.6336779Z # Subtest: split endpoints cannot change tier, containing parent, registry identity or source/history proof
2026-10-04T02:05:37.6337193Z ok 82 - split endpoints cannot change tier, containing parent, registry identity or source/history proof
2026-10-04T02:05:37.6337432Z   ---
2026-10-04T02:05:37.6337612Z   duration_ms: 5.204873
2026-10-04T02:05:37.6337733Z   type: 'test'
2026-10-04T02:05:37.6337838Z   ...
2026-10-04T02:05:37.6338076Z # Subtest: a same-count swap of unrelated territory fails exact split-member conservation
2026-10-04T02:05:37.6338417Z ok 83 - a same-count swap of unrelated territory fails exact split-member conservation
2026-10-04T02:05:37.6338803Z   ---
2026-10-04T02:05:37.6338916Z   duration_ms: 0.731497
2026-10-04T02:05:37.6339037Z   type: 'test'
2026-10-04T02:05:37.6339142Z   ...
2026-10-04T02:05:37.6339380Z # Subtest: explicit local-group retirement retains every descendant and exact full archive
2026-10-04T02:05:37.6339729Z ok 84 - explicit local-group retirement retains every descendant and exact full archive
2026-10-04T02:05:37.6339945Z   ---
2026-10-04T02:05:37.6340049Z   duration_ms: 1.98516
2026-10-04T02:05:37.6340169Z   type: 'test'
2026-10-04T02:05:37.6340274Z   ...
2026-10-04T02:05:37.6340559Z # Subtest: preparation emits every split pair and retains new identities, predecessor and original baseline
2026-10-04T02:05:37.6340975Z ok 85 - preparation emits every split pair and retains new identities, predecessor and original baseline
2026-10-04T02:05:37.6341222Z   ---
2026-10-04T02:05:37.6341327Z   duration_ms: 26.609164
2026-10-04T02:05:37.6341451Z   type: 'test'
2026-10-04T02:05:37.6341556Z   ...
2026-10-04T02:05:37.6341826Z # Subtest: explicit reference creation can extract a location while retaining its original populated groups
2026-10-04T02:05:37.6342239Z ok 86 - explicit reference creation can extract a location while retaining its original populated groups
2026-10-04T02:05:37.6342481Z   ---
2026-10-04T02:05:37.6342583Z   duration_ms: 3.090341
2026-10-04T02:05:37.6342703Z   type: 'test'
2026-10-04T02:05:37.6342809Z   ...
2026-10-04T02:05:37.6343055Z # Subtest: sourced creations and explicit local-group retirements can share a conserving receipt
2026-10-04T02:05:37.6343437Z ok 87 - sourced creations and explicit local-group retirements can share a conserving receipt
2026-10-04T02:05:37.6343662Z   ---
2026-10-04T02:05:37.6343766Z   duration_ms: 1.522833
2026-10-04T02:05:37.6343884Z   type: 'test'
2026-10-04T02:05:37.6343993Z   ...
2026-10-04T02:05:37.6344279Z # Subtest: release creation crosswalks retain source relationship evidence without null-old retirement collisions
2026-10-04T02:05:37.6344726Z ok 88 - release creation crosswalks retain source relationship evidence without null-old retirement collisions
2026-10-04T02:05:37.6344980Z   ---
2026-10-04T02:05:37.6345082Z   duration_ms: 6.524153
2026-10-04T02:05:37.6345203Z   type: 'test'
2026-10-04T02:05:37.6345309Z   ...
2026-10-04T02:05:37.6345535Z # Subtest: raster presentation graph includes true horizontal and vertical shared cells
2026-10-04T02:05:37.6345875Z ok 89 - raster presentation graph includes true horizontal and vertical shared cells
2026-10-04T02:05:37.6346084Z   ---
2026-10-04T02:05:37.6346187Z   duration_ms: 1.619245
2026-10-04T02:05:37.6346305Z   type: 'test'
2026-10-04T02:05:37.6346412Z   ...
2026-10-04T02:05:37.6346619Z # Subtest: ocean gaps and diagonal corners do not become territorial adjacency
2026-10-04T02:05:37.6346922Z ok 90 - ocean gaps and diagonal corners do not become territorial adjacency
2026-10-04T02:05:37.6347212Z   ---
2026-10-04T02:05:37.6347316Z   duration_ms: 0.516427
2026-10-04T02:05:37.6347435Z   type: 'test'
2026-10-04T02:05:37.6347540Z   ...
2026-10-04T02:05:37.6347749Z # Subtest: date-line screen wrap is included and same-owner contact is ignored
2026-10-04T02:05:37.6348053Z ok 91 - date-line screen wrap is included and same-owner contact is ignored
2026-10-04T02:05:37.6348247Z   ---
2026-10-04T02:05:37.6348352Z   duration_ms: 0.232685
2026-10-04T02:05:37.6348471Z   type: 'test'
2026-10-04T02:05:37.6348738Z   ...
2026-10-04T02:05:37.6348996Z # Subtest: malformed packed rows fail closed instead of emitting an incomplete graph
2026-10-04T02:05:37.6349327Z ok 92 - malformed packed rows fail closed instead of emitting an incomplete graph
2026-10-04T02:05:37.6349530Z   ---
2026-10-04T02:05:37.6349718Z   duration_ms: 0.399904
2026-10-04T02:05:37.6349840Z   type: 'test'
2026-10-04T02:05:37.6349945Z   ...
2026-10-04T02:05:37.6350201Z # Atlas request failed /api/media/upload Media ID already identifies a different immutable object
2026-10-04T02:05:37.6350604Z # Subtest: media bytes and sourced provenance survive upload, metadata-only reads and identical retries
2026-10-04T02:05:37.6351004Z ok 93 - media bytes and sourced provenance survive upload, metadata-only reads and identical retries
2026-10-04T02:05:37.6351239Z   ---
2026-10-04T02:05:37.6351346Z   duration_ms: 49.228891
2026-10-04T02:05:37.6351470Z   type: 'test'
2026-10-04T02:05:37.6351579Z   ...
2026-10-04T02:05:37.6351801Z # Subtest: invalid or oversized provenance and maintenance never write source objects
2026-10-04T02:05:37.6352130Z ok 94 - invalid or oversized provenance and maintenance never write source objects
2026-10-04T02:05:37.6352333Z   ---
2026-10-04T02:05:37.6352438Z   duration_ms: 18.364094
2026-10-04T02:05:37.6352562Z   type: 'test'
2026-10-04T02:05:37.6352669Z   ...
2026-10-04T02:05:37.6352878Z # Subtest: only staging-test shards prepare the immutable migration derivative
2026-10-04T02:05:37.6353185Z ok 95 - only staging-test shards prepare the immutable migration derivative
2026-10-04T02:05:37.6353378Z   ---
2026-10-04T02:05:37.6353481Z   duration_ms: 18.743908
2026-10-04T02:05:37.6353604Z   type: 'test'
2026-10-04T02:05:37.6353711Z   ...
2026-10-04T02:05:37.6353947Z # Subtest: two reviewed PRs sharing a base integrate serially without changing authored head
2026-10-04T02:05:37.6354295Z ok 96 - two reviewed PRs sharing a base integrate serially without changing authored head
2026-10-04T02:05:37.6354506Z   ---
2026-10-04T02:05:37.6354609Z   duration_ms: 4.82621
2026-10-04T02:05:37.6354732Z   type: 'test'
2026-10-04T02:05:37.6354837Z   ...
2026-10-04T02:05:37.6355065Z # Subtest: conflicts and non-conflicting changes to reviewed bytes require intervention
2026-10-04T02:05:37.6355404Z ok 97 - conflicts and non-conflicting changes to reviewed bytes require intervention
2026-10-04T02:05:37.6355613Z   ---
2026-10-04T02:05:37.6355716Z   duration_ms: 1.308184
2026-10-04T02:05:37.6355841Z   type: 'test'
2026-10-04T02:05:37.6355948Z   ...
2026-10-04T02:05:37.6356135Z # Subtest: stale merge object and truncated inventories fail closed
2026-10-04T02:05:37.6356398Z ok 98 - stale merge object and truncated inventories fail closed
2026-10-04T02:05:37.6356575Z   ---
2026-10-04T02:05:37.6356679Z   duration_ms: 0.78731
2026-10-04T02:05:37.6356802Z   type: 'test'
2026-10-04T02:05:37.6356906Z   ...
2026-10-04T02:05:37.6357104Z # Subtest: stale head or review and expired ownership prohibit integration
2026-10-04T02:05:37.6357392Z ok 99 - stale head or review and expired ownership prohibit integration
2026-10-04T02:05:37.6357577Z   ---
2026-10-04T02:05:37.6357681Z   duration_ms: 0.676325
2026-10-04T02:05:37.6357804Z   type: 'test'
2026-10-04T02:05:37.6357909Z   ...
2026-10-04T02:05:37.6358096Z # Subtest: failed or skipped candidate tests never merge an open PR
2026-10-04T02:05:37.6358362Z ok 100 - failed or skipped candidate tests never merge an open PR
2026-10-04T02:05:37.6358539Z   ---
2026-10-04T02:05:37.6358916Z   duration_ms: 0.445943
2026-10-04T02:05:37.6359038Z   type: 'test'
2026-10-04T02:05:37.6359144Z   ...
2026-10-04T02:05:37.6359387Z # Subtest: base advances before or during final validation are retryable without branch updates
2026-10-04T02:05:37.6359758Z ok 101 - base advances before or during final validation are retryable without branch updates
2026-10-04T02:05:37.6359979Z   ---
2026-10-04T02:05:37.6360085Z   duration_ms: 0.641463
2026-10-04T02:05:37.6360208Z   type: 'test'
2026-10-04T02:05:37.6360314Z   ...
2026-10-04T02:05:37.6360491Z # Subtest: latest failed or pending check replaces old success
2026-10-04T02:05:37.6360740Z ok 102 - latest failed or pending check replaces old success
2026-10-04T02:05:37.6360908Z   ---
2026-10-04T02:05:37.6361011Z   duration_ms: 0.939987
2026-10-04T02:05:37.6361132Z   type: 'test'
2026-10-04T02:05:37.6361316Z   ...
2026-10-04T02:05:37.6361591Z # Subtest: workflow separates untrusted candidate tests from write credentials and serializes the lifecycle
2026-10-04T02:05:37.6362013Z ok 103 - workflow separates untrusted candidate tests from write credentials and serializes the lifecycle
2026-10-04T02:05:37.6362257Z   ---
2026-10-04T02:05:37.6362359Z   duration_ms: 0.877564
2026-10-04T02:05:37.6362483Z   type: 'test'
2026-10-04T02:05:37.6362589Z   ...
2026-10-04T02:05:37.6362784Z # Subtest: commit status changing during final review prevents the merge
2026-10-04T02:05:37.6363067Z ok 104 - commit status changing during final review prevents the merge
2026-10-04T02:05:37.6363253Z   ---
2026-10-04T02:05:37.6363358Z   duration_ms: 1.143429
2026-10-04T02:05:37.6363481Z   type: 'test'
2026-10-04T02:05:37.6363586Z   ...
2026-10-04T02:05:37.6363813Z # Subtest: trusted profile uses focused invariants only for isolated evidence and docs
2026-10-04T02:05:37.6364153Z ok 105 - trusted profile uses focused invariants only for isolated evidence and docs
2026-10-04T02:05:37.6364361Z   ---
2026-10-04T02:05:37.6364466Z   duration_ms: 0.303982
2026-10-04T02:05:37.6364592Z   type: 'test'
2026-10-04T02:05:37.6364697Z   ...
2026-10-04T02:05:37.6364972Z # Subtest: parallel full-regression shards cover each unit file once and focused profile retains core gates
2026-10-04T02:05:37.6365394Z ok 106 - parallel full-regression shards cover each unit file once and focused profile retains core gates
2026-10-04T02:05:37.6365638Z   ---
2026-10-04T02:05:37.6365745Z   duration_ms: 5.898164
2026-10-04T02:05:37.6365865Z   type: 'test'
2026-10-04T02:05:37.6365971Z   ...
2026-10-04T02:05:37.6366247Z # Subtest: prepare pins successful exact-tree run; skipped candidate job merges only after final proof reread
2026-10-04T02:05:37.6366669Z ok 107 - prepare pins successful exact-tree run; skipped candidate job merges only after final proof reread
2026-10-04T02:05:37.6366916Z   ---
2026-10-04T02:05:37.6367026Z   duration_ms: 2.851767
2026-10-04T02:05:37.6367149Z   type: 'test'
2026-10-04T02:05:37.6367254Z   ...
2026-10-04T02:05:37.6367483Z # Subtest: failed proof reread and stale main prevent merge despite prior accepted proof
2026-10-04T02:05:37.6367826Z ok 108 - failed proof reread and stale main prevent merge despite prior accepted proof
2026-10-04T02:05:37.6368036Z   ---
2026-10-04T02:05:37.6368141Z   duration_ms: 1.975465
2026-10-04T02:05:37.6368261Z   type: 'test'
2026-10-04T02:05:37.6368366Z   ...
2026-10-04T02:05:37.6368759Z # Subtest: successful rerun after preparation invalidates the pinned attempt and refuses merge
2026-10-04T02:05:37.6369135Z ok 109 - successful rerun after preparation invalidates the pinned attempt and refuses merge
2026-10-04T02:05:37.6369361Z   ---
2026-10-04T02:05:37.6369465Z   duration_ms: 0.604448
2026-10-04T02:05:37.6369584Z   type: 'test'
2026-10-04T02:05:37.6369689Z   ...
2026-10-04T02:05:37.6370037Z # Subtest: actual PostgreSQL forward DDL preserves every baseline byte and sequence, grants minimum runtime access, and retries idempotently
2026-10-04T02:05:37.6370587Z ok 110 - actual PostgreSQL forward DDL preserves every baseline byte and sequence, grants minimum runtime access, and retries idempotently
2026-10-04T02:05:37.6370991Z   ---
2026-10-04T02:05:37.6371099Z   duration_ms: 4022.692755
2026-10-04T02:05:37.6371226Z   type: 'test'
2026-10-04T02:05:37.6371333Z   ...
2026-10-04T02:05:37.6371572Z # Subtest: forward failure rolls back DDL, registry and grants without changing original bytes
2026-10-04T02:05:37.6371932Z ok 111 - forward failure rolls back DDL, registry and grants without changing original bytes
2026-10-04T02:05:37.6372155Z   ---
2026-10-04T02:05:37.6372261Z   duration_ms: 2069.434482
2026-10-04T02:05:37.6372389Z   type: 'test'
2026-10-04T02:05:37.6372497Z   ...
2026-10-04T02:05:37.6372775Z # Subtest: registered catalog tampering and unreviewed hashes reject instead of silently repairing a database
2026-10-04T02:05:37.6373284Z ok 112 - registered catalog tampering and unreviewed hashes reject instead of silently repairing a database
2026-10-04T02:05:37.6373539Z   ---
2026-10-04T02:05:37.6373643Z   duration_ms: 1988.492654
2026-10-04T02:05:37.6373769Z   type: 'test'
2026-10-04T02:05:37.6373877Z   ...
2026-10-04T02:05:37.6374135Z # Subtest: missing reviewed rehearsal operation performs no management requests or database mutation
2026-10-04T02:05:37.6374531Z ok 113 - missing reviewed rehearsal operation performs no management requests or database mutation
2026-10-04T02:05:37.6374766Z   ---
2026-10-04T02:05:37.6374868Z   duration_ms: 2.231195
2026-10-04T02:05:37.6374988Z   type: 'test'
2026-10-04T02:05:37.6375093Z   ...
2026-10-04T02:05:37.6375348Z # Subtest: reviewed forward operation requires an actual production baseline and exact ordered files
2026-10-04T02:05:37.6375740Z ok 114 - reviewed forward operation requires an actual production baseline and exact ordered files
2026-10-04T02:05:37.6375973Z   ---
2026-10-04T02:05:37.6376076Z   duration_ms: 0.857805
2026-10-04T02:05:37.6376197Z   type: 'test'
2026-10-04T02:05:37.6376302Z   ...
2026-10-04T02:05:37.6376588Z # Subtest: fresh hash-pinned private Site maintenance attestation rejects stale, writable and mismatched context
2026-10-04T02:05:37.6377031Z ok 115 - fresh hash-pinned private Site maintenance attestation rejects stale, writable and mismatched context
2026-10-04T02:05:37.6377285Z   ---
2026-10-04T02:05:37.6377388Z   duration_ms: 2.996303
2026-10-04T02:05:37.6377508Z   type: 'test'
2026-10-04T02:05:37.6377615Z   ...
2026-10-04T02:05:37.6377853Z # Subtest: management workflows require explicit manual dispatch and reject push selection
2026-10-04T02:05:37.6378210Z ok 116 - management workflows require explicit manual dispatch and reject push selection
2026-10-04T02:05:37.6378429Z   ---
2026-10-04T02:05:37.6378534Z   duration_ms: 108.849222
2026-10-04T02:05:37.6378746Z   type: 'test'
2026-10-04T02:05:37.6378894Z   ...
2026-10-04T02:05:37.6379239Z # Subtest: third reviewed forward migration installs typed runtime privileges without changing retained core contracts or replay identity
2026-10-04T02:05:37.6379776Z ok 117 - third reviewed forward migration installs typed runtime privileges without changing retained core contracts or replay identity
2026-10-04T02:05:37.6380073Z   ---
2026-10-04T02:05:37.6380178Z   duration_ms: 3168.807565
2026-10-04T02:05:37.6380305Z   type: 'test'
2026-10-04T02:05:37.6380413Z   ...
2026-10-04T02:05:37.6380662Z # Subtest: canonical screen reports actual source-land cells for a compact territorial polygon
2026-10-04T02:05:37.6381029Z ok 118 - canonical screen reports actual source-land cells for a compact territorial polygon
2026-10-04T02:05:37.6381253Z   ---
2026-10-04T02:05:37.6381357Z   duration_ms: 1.408593
2026-10-04T02:05:37.6381478Z   type: 'test'
2026-10-04T02:05:37.6381585Z   ...
2026-10-04T02:05:37.6381823Z # Subtest: a genuine polygon smaller than a cell remains unrepresented without assigning water
2026-10-04T02:05:37.6382183Z ok 119 - a genuine polygon smaller than a cell remains unrepresented without assigning water
2026-10-04T02:05:37.6382403Z   ---
2026-10-04T02:05:37.6382507Z   duration_ms: 0.696855
2026-10-04T02:05:37.6382625Z   type: 'test'
2026-10-04T02:05:37.6382827Z   ...
2026-10-04T02:05:37.6383045Z # Subtest: archived original dry land blocks a purported new identity on that land
2026-10-04T02:05:37.6383364Z ok 120 - archived original dry land blocks a purported new identity on that land
2026-10-04T02:05:37.6383565Z   ---
2026-10-04T02:05:37.6383669Z   duration_ms: 126.385416
2026-10-04T02:05:37.6383794Z   type: 'test'
2026-10-04T02:05:37.6383900Z   ...
2026-10-04T02:05:37.6384142Z # Subtest: an exact-name homonym on different land does not transfer or reuse archived identity
2026-10-04T02:05:37.6384504Z ok 121 - an exact-name homonym on different land does not transfer or reuse archived identity
2026-10-04T02:05:37.6384723Z   ---
2026-10-04T02:05:37.6384828Z   duration_ms: 179.745303
2026-10-04T02:05:37.6384951Z   type: 'test'
2026-10-04T02:05:37.6385056Z   ...
2026-10-04T02:05:37.6385379Z # Subtest: changed archive bytes fail before considering identity absence
2026-10-04T02:05:37.6385670Z ok 122 - changed archive bytes fail before considering identity absence
2026-10-04T02:05:37.6385859Z   ---
2026-10-04T02:05:37.6385963Z   duration_ms: 172.732354
2026-10-04T02:05:37.6386084Z   type: 'test'
2026-10-04T02:05:37.6386191Z   ...
2026-10-04T02:05:37.6386426Z # Subtest: candidate preparation refuses an existing output instead of overwriting evidence
2026-10-04T02:05:37.6386782Z ok 123 - candidate preparation refuses an existing output instead of overwriting evidence
2026-10-04T02:05:37.6386998Z   ---
2026-10-04T02:05:37.6387099Z   duration_ms: 1.70283
2026-10-04T02:05:37.6387219Z   type: 'test'
2026-10-04T02:05:37.6387327Z   ...
2026-10-04T02:05:37.6387565Z # Subtest: contrast constraints use actual half-open interval overlap, never range envelopes
2026-10-04T02:05:37.6387924Z ok 124 - contrast constraints use actual half-open interval overlap, never range envelopes
2026-10-04T02:05:37.6388144Z   ---
2026-10-04T02:05:37.6388249Z   duration_ms: 39.406096
2026-10-04T02:05:37.6388373Z   type: 'test'
2026-10-04T02:05:37.6388478Z   ...
2026-10-04T02:05:37.6388849Z # Subtest: dated membership changes province lookup and picking records while retaining exact grid cells and geometry
2026-10-04T02:05:37.6389307Z ok 125 - dated membership changes province lookup and picking records while retaining exact grid cells and geometry
2026-10-04T02:05:37.6389568Z   ---
2026-10-04T02:05:37.6389672Z   duration_ms: 3.038484
2026-10-04T02:05:37.6389794Z   type: 'test'
2026-10-04T02:05:37.6389897Z   ...
2026-10-04T02:05:37.6390210Z # Subtest: metadata refresh accepts reordered identities and atomically rejects replacements, missing and duplicate locations
2026-10-04T02:05:37.6390701Z ok 126 - metadata refresh accepts reordered identities and atomically rejects replacements, missing and duplicate locations
2026-10-04T02:05:37.6390977Z   ---
2026-10-04T02:05:37.6391080Z   duration_ms: 0.98257
2026-10-04T02:05:37.6391199Z   type: 'test'
2026-10-04T02:05:37.6391304Z   ...
2026-10-04T02:05:37.6391581Z # Subtest: boundary geometry cache ignores source/date/provenance changes but detects actual dated footprints
2026-10-04T02:05:37.6392008Z ok 127 - boundary geometry cache ignores source/date/provenance changes but detects actual dated footprints
2026-10-04T02:05:37.6392254Z   ---
2026-10-04T02:05:37.6392358Z   duration_ms: 0.298072
2026-10-04T02:05:37.6392477Z   type: 'test'
2026-10-04T02:05:37.6392580Z   ...
2026-10-04T02:05:37.6392871Z # Subtest: PostgreSQL evidence-only map pages retain retirement-only subjects without enumerating empty geography
2026-10-04T02:05:37.6393318Z ok 128 - PostgreSQL evidence-only map pages retain retirement-only subjects without enumerating empty geography
2026-10-04T02:05:37.6393577Z   ---
2026-10-04T02:05:37.6393683Z   duration_ms: 2999.897386
2026-10-04T02:05:37.6393808Z   type: 'test'
2026-10-04T02:05:37.6393912Z   ...
2026-10-04T02:05:37.6394176Z # Subtest: actual PostgreSQL applies all 14 tables and hosted smoke preserves original corrected evidence
2026-10-04T02:05:37.6394580Z ok 129 - actual PostgreSQL applies all 14 tables and hosted smoke preserves original corrected evidence
2026-10-04T02:05:37.6394913Z   ---
2026-10-04T02:05:37.6395017Z   duration_ms: 1529.811706
2026-10-04T02:05:37.6395140Z   type: 'test'
2026-10-04T02:05:37.6395244Z   ...
2026-10-04T02:05:37.6395534Z # Subtest: PostgreSQL claim/name readers preserve JSON bytes, stable identities, half-open dates, nulls and examples
2026-10-04T02:05:37.6395984Z ok 130 - PostgreSQL claim/name readers preserve JSON bytes, stable identities, half-open dates, nulls and examples
2026-10-04T02:05:37.6396244Z   ---
2026-10-04T02:05:37.6396347Z   duration_ms: 1588.084108
2026-10-04T02:05:37.6396470Z   type: 'test'
2026-10-04T02:05:37.6396574Z   ...
2026-10-04T02:05:37.6396892Z # Subtest: PostgreSQL guards reject interval/source/classification/owner contradictions and roll back complete failed batches
2026-10-04T02:05:37.6397465Z ok 131 - PostgreSQL guards reject interval/source/classification/owner contradictions and roll back complete failed batches
2026-10-04T02:05:37.6397747Z   ---
2026-10-04T02:05:37.6397850Z   duration_ms: 1470.643948
2026-10-04T02:05:37.6397977Z   type: 'test'
2026-10-04T02:05:37.6398082Z   ...
2026-10-04T02:05:37.6398368Z # Subtest: PostgreSQL atomic correction retires overlap, retains old bytes and cannot resurrect immutable evidence
2026-10-04T02:05:37.6398897Z ok 132 - PostgreSQL atomic correction retires overlap, retains old bytes and cannot resurrect immutable evidence
2026-10-04T02:05:37.6399153Z   ---
2026-10-04T02:05:37.6399258Z   duration_ms: 1589.361609
2026-10-04T02:05:37.6399381Z   type: 'test'
2026-10-04T02:05:37.6399485Z   ...
2026-10-04T02:05:37.6399740Z # Subtest: PostgreSQL rank/habitation and fixed environment guards match literal-zero proof policy
2026-10-04T02:05:37.6400127Z ok 133 - PostgreSQL rank/habitation and fixed environment guards match literal-zero proof policy
2026-10-04T02:05:37.6400357Z   ---
2026-10-04T02:05:37.6400462Z   duration_ms: 1566.383196
2026-10-04T02:05:37.6400585Z   type: 'test'
2026-10-04T02:05:37.6400689Z   ...
2026-10-04T02:05:37.6400977Z # Subtest: PostgreSQL catalogs/graph/media paging and compact map use actual hosted SQL with whole-location parity
2026-10-04T02:05:37.6401425Z ok 134 - PostgreSQL catalogs/graph/media paging and compact map use actual hosted SQL with whole-location parity
2026-10-04T02:05:37.6401682Z   ---
2026-10-04T02:05:37.6401786Z   duration_ms: 1569.783152
2026-10-04T02:05:37.6401909Z   type: 'test'
2026-10-04T02:05:37.6402012Z   ...
2026-10-04T02:05:37.6402300Z # Subtest: PostgreSQL stages and publishes complete pinned reference geography without mutating registry/evidence
2026-10-04T02:05:37.6402740Z ok 135 - PostgreSQL stages and publishes complete pinned reference geography without mutating registry/evidence
2026-10-04T02:05:37.6402995Z   ---
2026-10-04T02:05:37.6403098Z   duration_ms: 1534.688045
2026-10-04T02:05:37.6403220Z   type: 'test'
2026-10-04T02:05:37.6403326Z   ...
2026-10-04T02:05:37.6403617Z # Subtest: actual PostgreSQL and frozen D1 produce identical evidence/source bytes and selected-year service values
2026-10-04T02:05:37.6404063Z ok 136 - actual PostgreSQL and frozen D1 produce identical evidence/source bytes and selected-year service values
2026-10-04T02:05:37.6404319Z   ---
2026-10-04T02:05:37.6404421Z   duration_ms: 1528.141081
2026-10-04T02:05:37.6404544Z   type: 'test'
2026-10-04T02:05:37.6404648Z   ...
2026-10-04T02:05:37.6404924Z # Subtest: PostgreSQL compact metadata summaries retain zero-population proof semantics and evidence links
2026-10-04T02:05:37.6405346Z ok 137 - PostgreSQL compact metadata summaries retain zero-population proof semantics and evidence links
2026-10-04T02:05:37.6405589Z   ---
2026-10-04T02:05:37.6405692Z   duration_ms: 1557.24514
2026-10-04T02:05:37.6405815Z   type: 'test'
2026-10-04T02:05:37.6405921Z   ...
2026-10-04T02:05:37.6406219Z # Subtest: PostgreSQL geographic transaction guards reject unpublished/stale hashes and retain pinned replay receipts
2026-10-04T02:05:37.6406678Z ok 138 - PostgreSQL geographic transaction guards reject unpublished/stale hashes and retain pinned replay receipts
2026-10-04T02:05:37.6407038Z   ---
2026-10-04T02:05:37.6407140Z   duration_ms: 1667.609552
2026-10-04T02:05:37.6407263Z   type: 'test'
2026-10-04T02:05:37.6407371Z   ...
2026-10-04T02:05:37.6407644Z # Subtest: new requirements preserve old scopes, enforce new declarations and permit explicit legacy adoption
2026-10-04T02:05:37.6408066Z ok 139 - new requirements preserve old scopes, enforce new declarations and permit explicit legacy adoption
2026-10-04T02:05:37.6408311Z   ---
2026-10-04T02:05:37.6408413Z   duration_ms: 1.885431
2026-10-04T02:05:37.6408535Z   type: 'test'
2026-10-04T02:05:37.6408713Z   ...
2026-10-04T02:05:37.6408955Z # Subtest: positive real-format ledger validates actual files and binds an independent review
2026-10-04T02:05:37.6409322Z ok 140 - positive real-format ledger validates actual files and binds an independent review
2026-10-04T02:05:37.6409623Z   ---
2026-10-04T02:05:37.6409727Z   duration_ms: 2.015836
2026-10-04T02:05:37.6409850Z   type: 'test'
2026-10-04T02:05:37.6409954Z   ...
2026-10-04T02:05:37.6410221Z # Subtest: regressions: stale vintage, entry hash, wrong source/path and conflicting generated result fail
2026-10-04T02:05:37.6410625Z ok 141 - regressions: stale vintage, entry hash, wrong source/path and conflicting generated result fail
2026-10-04T02:05:37.6410862Z   ---
2026-10-04T02:05:37.6410964Z   duration_ms: 1.472738
2026-10-04T02:05:37.6411085Z   type: 'test'
2026-10-04T02:05:37.6411190Z   ...
2026-10-04T02:05:37.6411488Z # Subtest: full changes include rename/deletion originals; immutable original-source refresh cannot overwrite evidence
2026-10-04T02:05:37.6411951Z ok 142 - full changes include rename/deletion originals; immutable original-source refresh cannot overwrite evidence
2026-10-04T02:05:37.6412213Z   ---
2026-10-04T02:05:37.6412317Z   duration_ms: 0.582446
2026-10-04T02:05:37.6412435Z   type: 'test'
2026-10-04T02:05:37.6412539Z   ...
2026-10-04T02:05:37.6412816Z # Subtest: coordinate/helper policies require positive and negative controls; generators need reproducibility
2026-10-04T02:05:37.6413244Z ok 143 - coordinate/helper policies require positive and negative controls; generators need reproducibility
2026-10-04T02:05:37.6413493Z   ---
2026-10-04T02:05:37.6413596Z   duration_ms: 0.962811
2026-10-04T02:05:37.6413714Z   type: 'test'
2026-10-04T02:05:37.6413818Z   ...
2026-10-04T02:05:37.6414053Z # Subtest: generator controls bind actual positive, negative and equal two-run output bytes
2026-10-04T02:05:37.6414409Z ok 144 - generator controls bind actual positive, negative and equal two-run output bytes
2026-10-04T02:05:37.6414626Z   ---
2026-10-04T02:05:37.6414728Z   duration_ms: 0.633742
2026-10-04T02:05:37.6414847Z   type: 'test'
2026-10-04T02:05:37.6414951Z   ...
2026-10-04T02:05:37.6415210Z # Subtest: Washington-style generated narrative/table mismatch fails against the same numeric ledger
2026-10-04T02:05:37.6415607Z ok 145 - Washington-style generated narrative/table mismatch fails against the same numeric ledger
2026-10-04T02:05:37.6415843Z   ---
2026-10-04T02:05:37.6415947Z   duration_ms: 0.919225
2026-10-04T02:05:37.6416064Z   type: 'test'
2026-10-04T02:05:37.6416167Z   ...
2026-10-04T02:05:37.6416438Z # Subtest: reviews reject self approval, stale heads, omitted hashes/files and absent factual/geometry review
2026-10-04T02:05:37.6416857Z ok 146 - reviews reject self approval, stale heads, omitted hashes/files and absent factual/geometry review
2026-10-04T02:05:37.6417102Z   ---
2026-10-04T02:05:37.6417204Z   duration_ms: 0.949611
2026-10-04T02:05:37.6417323Z   type: 'test'
2026-10-04T02:05:37.6417425Z   ...
2026-10-04T02:05:37.6417671Z # Subtest: mock remote queue checks exact blobs/head/independent receipt with read-only requests
2026-10-04T02:05:37.6418038Z ok 147 - mock remote queue checks exact blobs/head/independent receipt with read-only requests
2026-10-04T02:05:37.6418262Z   ---
2026-10-04T02:05:37.6418364Z   duration_ms: 2.955029
2026-10-04T02:05:37.6418483Z   type: 'test'
2026-10-04T02:05:37.6418663Z   ...
2026-10-04T02:05:37.6418854Z # Subtest: incomplete remote trees cannot become a passed byte check
2026-10-04T02:05:37.6419219Z ok 148 - incomplete remote trees cannot become a passed byte check
2026-10-04T02:05:37.6419399Z   ---
2026-10-04T02:05:37.6419500Z   duration_ms: 0.993966
2026-10-04T02:05:37.6419619Z   type: 'test'
2026-10-04T02:05:37.6419722Z   ...
2026-10-04T02:05:37.6419944Z # Subtest: remote decisions reject stale exact-head reviews and a later change request
2026-10-04T02:05:37.6420277Z ok 149 - remote decisions reject stale exact-head reviews and a later change request
2026-10-04T02:05:37.6420487Z   ---
2026-10-04T02:05:37.6420588Z   duration_ms: 1.445978
2026-10-04T02:05:37.6420706Z   type: 'test'
2026-10-04T02:05:37.6420809Z   ...
2026-10-04T02:05:37.6421083Z # Subtest: unchanged authored evidence survives unrelated main advance, while current metrics require refresh
2026-10-04T02:05:37.6421583Z ok 150 - unchanged authored evidence survives unrelated main advance, while current metrics require refresh
2026-10-04T02:05:37.6421835Z   ---
2026-10-04T02:05:37.6421938Z   duration_ms: 0.314076
2026-10-04T02:05:37.6422057Z   type: 'test'
2026-10-04T02:05:37.6422161Z   ...
2026-10-04T02:05:37.6422411Z # Subtest: ownership codecs preserve identity, dated labels, competing evidence and the BC/AD edge
2026-10-04T02:05:37.6422792Z ok 151 - ownership codecs preserve identity, dated labels, competing evidence and the BC/AD edge
2026-10-04T02:05:37.6423019Z   ---
2026-10-04T02:05:37.6423120Z   duration_ms: 2.010438
2026-10-04T02:05:37.6423239Z   type: 'test'
2026-10-04T02:05:37.6423345Z   ...
2026-10-04T02:05:37.6423569Z # Subtest: actual environmental tables decode exactly at all normal-period boundaries
2026-10-04T02:05:37.6423909Z ok 152 - actual environmental tables decode exactly at all normal-period boundaries
2026-10-04T02:05:37.6424118Z   ---
2026-10-04T02:05:37.6424226Z   duration_ms: 14235.344439
2026-10-04T02:05:37.6424353Z   type: 'test'
2026-10-04T02:05:37.6424458Z   ...
2026-10-04T02:05:37.6424707Z # Subtest: reference codecs preserve supported precision and do not bridge unsupported intervals
2026-10-04T02:05:37.6425090Z ok 153 - reference codecs preserve supported precision and do not bridge unsupported intervals
2026-10-04T02:05:37.6425318Z   ---
2026-10-04T02:05:37.6425420Z   duration_ms: 0.514254
2026-10-04T02:05:37.6425539Z   type: 'test'
2026-10-04T02:05:37.6425643Z   ...
2026-10-04T02:05:37.6425883Z # Subtest: actual prepared historical records match independent compact-table interpretation
2026-10-04T02:05:37.6426251Z ok 154 - actual prepared historical records match independent compact-table interpretation
2026-10-04T02:05:37.6426472Z   ---
2026-10-04T02:05:37.6426577Z   duration_ms: 21668.101862
2026-10-04T02:05:37.6426704Z   type: 'test'
2026-10-04T02:05:37.6426810Z   ...
2026-10-04T02:05:37.6427072Z # Subtest: static and server exports resolve every active location identically, with examples on and off
2026-10-04T02:05:37.6427475Z ok 155 - static and server exports resolve every active location identically, with examples on and off
2026-10-04T02:05:37.6427711Z   ---
2026-10-04T02:05:37.6427818Z   duration_ms: 111786.042098
2026-10-04T02:05:37.6427946Z   type: 'test'
2026-10-04T02:05:37.6428049Z   ...
2026-10-04T02:05:37.6428333Z # Subtest: reference restoration preserves archived IDs, source context and exact original records idempotently
2026-10-04T02:05:37.6428845Z ok 156 - reference restoration preserves archived IDs, source context and exact original records idempotently
2026-10-04T02:05:37.6429097Z   ---
2026-10-04T02:05:37.6429199Z   duration_ms: 9.899769
2026-10-04T02:05:37.6429320Z   type: 'test'
2026-10-04T02:05:37.6429425Z   ...
2026-10-04T02:05:37.6429707Z # Subtest: existing active territory names, geometry, parents and owner context are never overwritten
2026-10-04T02:05:37.6430099Z ok 157 - existing active territory names, geometry, parents and owner context are never overwritten
2026-10-04T02:05:37.6430333Z   ---
2026-10-04T02:05:37.6430434Z   duration_ms: 6.051031
2026-10-04T02:05:37.6430554Z   type: 'test'
2026-10-04T02:05:37.6430755Z   ...
2026-10-04T02:05:37.6431010Z # Subtest: original record ID conflicts fail explicitly and restoration rolls back broken archives
2026-10-04T02:05:37.6431386Z ok 158 - original record ID conflicts fail explicitly and restoration rolls back broken archives
2026-10-04T02:05:37.6431612Z   ---
2026-10-04T02:05:37.6431713Z   duration_ms: 5.461365
2026-10-04T02:05:37.6431830Z   type: 'test'
2026-10-04T02:05:37.6431934Z   ...
2026-10-04T02:05:37.6432194Z # Subtest: the published source archive restores every original record into a fresh reference database
2026-10-04T02:05:37.6432587Z ok 159 - the published source archive restores every original record into a fresh reference database
2026-10-04T02:05:37.6432820Z   ---
2026-10-04T02:05:37.6432924Z   duration_ms: 5890.501708
2026-10-04T02:05:37.6433047Z   type: 'test'
2026-10-04T02:05:37.6433231Z   ...
2026-10-04T02:05:37.6433443Z # Subtest: current manifest is closed and no region can claim invented approvals
2026-10-04T02:05:37.6433755Z ok 160 - current manifest is closed and no region can claim invented approvals
2026-10-04T02:05:37.6433957Z   ---
2026-10-04T02:05:37.6434060Z   duration_ms: 1.562101
2026-10-04T02:05:37.6434180Z   type: 'test'
2026-10-04T02:05:37.6434287Z   ...
2026-10-04T02:05:37.6434441Z # Subtest: v1 worldwide approval remains compatible
2026-10-04T02:05:37.6434652Z ok 161 - v1 worldwide approval remains compatible
2026-10-04T02:05:37.6434808Z   ---
2026-10-04T02:05:37.6434910Z   duration_ms: 0.719849
2026-10-04T02:05:37.6435029Z   type: 'test'
2026-10-04T02:05:37.6435138Z   ...
2026-10-04T02:05:37.6435411Z # Subtest: regional content claims depend on macro and branch approval, not unfinished worldwide descendants
2026-10-04T02:05:37.6435828Z ok 162 - regional content claims depend on macro and branch approval, not unfinished worldwide descendants
2026-10-04T02:05:37.6436073Z   ---
2026-10-04T02:05:37.6436175Z   duration_ms: 1.731312
2026-10-04T02:05:37.6436294Z   type: 'test'
2026-10-04T02:05:37.6436401Z   ...
2026-10-04T02:05:37.6436615Z # Subtest: macro approval and explicit complete region certificates are required
2026-10-04T02:05:37.6436926Z ok 163 - macro approval and explicit complete region certificates are required
2026-10-04T02:05:37.6437123Z   ---
2026-10-04T02:05:37.6437225Z   duration_ms: 0.527303
2026-10-04T02:05:37.6437344Z   type: 'test'
2026-10-04T02:05:37.6437450Z   ...
2026-10-04T02:05:37.6437679Z # Subtest: pins and every location target are checked against explicitly selected regions
2026-10-04T02:05:37.6438023Z ok 164 - pins and every location target are checked against explicitly selected regions
2026-10-04T02:05:37.6438238Z   ---
2026-10-04T02:05:37.6438341Z   duration_ms: 0.826928
2026-10-04T02:05:37.6438461Z   type: 'test'
2026-10-04T02:05:37.6438642Z   ...
2026-10-04T02:05:37.6438807Z # Subtest: ambiguous territorial membership fails closed
2026-10-04T02:05:37.6439042Z ok 165 - ambiguous territorial membership fails closed
2026-10-04T02:05:37.6439204Z   ---
2026-10-04T02:05:37.6439309Z   duration_ms: 0.150373
2026-10-04T02:05:37.6439433Z   type: 'test'
2026-10-04T02:05:37.6439545Z   ...
2026-10-04T02:05:37.6439907Z # Subtest: all name, relationship and media targets are scoped; ancillary or geographic writes are refused
2026-10-04T02:05:37.6440558Z ok 166 - all name, relationship and media targets are scoped; ancillary or geographic writes are refused
2026-10-04T02:05:37.6440939Z   ---
2026-10-04T02:05:37.6441103Z   duration_ms: 0.611138
2026-10-04T02:05:37.6441290Z   type: 'test'
2026-10-04T02:05:37.6441460Z   ...
2026-10-04T02:05:37.6441835Z # Subtest: verified raw batches are inspected rather than trusting caller target summaries
2026-10-04T02:05:37.6442395Z ok 167 - verified raw batches are inspected rather than trusting caller target summaries
2026-10-04T02:05:37.6442845Z   ---
2026-10-04T02:05:37.6443095Z   duration_ms: 1.832754
2026-10-04T02:05:37.6443559Z   type: 'test'
2026-10-04T02:05:37.6443736Z   ...
2026-10-04T02:05:37.6444131Z # Subtest: corrections require a territorial crosswalk and cannot transfer facts to another location
2026-10-04T02:05:37.6444702Z ok 168 - corrections require a territorial crosswalk and cannot transfer facts to another location
2026-10-04T02:05:37.6445009Z   ---
2026-10-04T02:05:37.6445247Z   duration_ms: 1.022078
2026-10-04T02:05:37.6455195Z   type: 'test'
2026-10-04T02:05:37.6455408Z   ...
2026-10-04T02:05:37.6455734Z # Subtest: media campaign dry run validates original bytes and rights without network or receipts
2026-10-04T02:05:37.6456121Z ok 169 - media campaign dry run validates original bytes and rights without network or receipts
2026-10-04T02:05:37.6456350Z   ---
2026-10-04T02:05:37.6456460Z   duration_ms: 90.024173
2026-10-04T02:05:37.6456587Z   type: 'test'
2026-10-04T02:05:37.6456696Z   ...
2026-10-04T02:05:37.6457138Z # Subtest: actual Worker and registerMedia roundtrip retains provenance, immutable R2 bytes and resumable receipt hashes
2026-10-04T02:05:37.6457620Z ok 170 - actual Worker and registerMedia roundtrip retains provenance, immutable R2 bytes and resumable receipt hashes
2026-10-04T02:05:37.6457896Z   ---
2026-10-04T02:05:37.6458001Z   duration_ms: 82.252326
2026-10-04T02:05:37.6458125Z   type: 'test'
2026-10-04T02:05:37.6458233Z   ...
2026-10-04T02:05:37.6458482Z # Subtest: lost upload response rereads committed identity and full bytes without a second POST
2026-10-04T02:05:37.6458947Z ok 171 - lost upload response rereads committed identity and full bytes without a second POST
2026-10-04T02:05:37.6459173Z   ---
2026-10-04T02:05:37.6459278Z   duration_ms: 30.007164
2026-10-04T02:05:37.6459401Z   type: 'test'
2026-10-04T02:05:37.6459507Z   ...
2026-10-04T02:05:37.6459757Z # Subtest: failed campaign preserves verified objects and safely resumes only missing identities
2026-10-04T02:05:37.6460132Z ok 172 - failed campaign preserves verified objects and safely resumes only missing identities
2026-10-04T02:05:37.6460362Z   ---
2026-10-04T02:05:37.6460467Z   duration_ms: 35.56165
2026-10-04T02:05:37.6460588Z   type: 'test'
2026-10-04T02:05:37.6460693Z   ...
2026-10-04T02:05:37.6460974Z # Subtest: source mismatches, changed claims and changed local or remote bytes stop before replacing originals
2026-10-04T02:05:37.6461400Z ok 173 - source mismatches, changed claims and changed local or remote bytes stop before replacing originals
2026-10-04T02:05:37.6461646Z   ---
2026-10-04T02:05:37.6461750Z   duration_ms: 35.935425
2026-10-04T02:05:37.6461870Z   type: 'test'
2026-10-04T02:05:37.6461976Z   ...
2026-10-04T02:05:37.6462250Z # Subtest: tampered checkpoints, duplicate content identities and missing source dependencies are rejected
2026-10-04T02:05:37.6462666Z ok 174 - tampered checkpoints, duplicate content identities and missing source dependencies are rejected
2026-10-04T02:05:37.6462911Z   ---
2026-10-04T02:05:37.6463014Z   duration_ms: 36.486835
2026-10-04T02:05:37.6463134Z   type: 'test'
2026-10-04T02:05:37.6463244Z   ...
2026-10-04T02:05:37.6463497Z # Subtest: redirects never forward the private credential and untrusted API errors are not persisted
2026-10-04T02:05:37.6463887Z ok 175 - redirects never forward the private credential and untrusted API errors are not persisted
2026-10-04T02:05:37.6464122Z   ---
2026-10-04T02:05:37.6464225Z   duration_ms: 24.100971
2026-10-04T02:05:37.6464346Z   type: 'test'
2026-10-04T02:05:37.6464454Z   ...
2026-10-04T02:05:37.6464673Z # Subtest: encoded URL bounds and escaped local paths are enforced before any upload
2026-10-04T02:05:37.6465002Z ok 176 - encoded URL bounds and escaped local paths are enforced before any upload
2026-10-04T02:05:37.6465207Z   ---
2026-10-04T02:05:37.6465311Z   duration_ms: 28.701606
2026-10-04T02:05:37.6465433Z   type: 'test'
2026-10-04T02:05:37.6465540Z   ...
2026-10-04T02:05:37.6465782Z # Subtest: a truncated successful POST receipt is resolved by direct immutable metadata reread
2026-10-04T02:05:37.6466147Z ok 177 - a truncated successful POST receipt is resolved by direct immutable metadata reread
2026-10-04T02:05:37.6466368Z   ---
2026-10-04T02:05:37.6466471Z   duration_ms: 24.540073
2026-10-04T02:05:37.6466690Z   type: 'test'
2026-10-04T02:05:37.6466797Z   ...
2026-10-04T02:05:37.6467069Z # Subtest: optional registered source archives are checked by stable ID and digest before linking provenance
2026-10-04T02:05:37.6467490Z ok 178 - optional registered source archives are checked by stable ID and digest before linking provenance
2026-10-04T02:05:37.6467737Z   ---
2026-10-04T02:05:37.6467842Z   duration_ms: 31.72563
2026-10-04T02:05:37.6467965Z   type: 'test'
2026-10-04T02:05:37.6468072Z   ...
2026-10-04T02:05:37.6468341Z # Subtest: older services without provenance capability stop before creating immutable incomplete metadata
2026-10-04T02:05:37.6468838Z ok 179 - older services without provenance capability stop before creating immutable incomplete metadata
2026-10-04T02:05:37.6469080Z   ---
2026-10-04T02:05:37.6469182Z   duration_ms: 24.94222
2026-10-04T02:05:37.6469382Z   type: 'test'
2026-10-04T02:05:37.6469489Z   ...
2026-10-04T02:05:37.6469769Z # Subtest: sourced policy overlay changes exactly the three proven roles without mutating original source policy
2026-10-04T02:05:37.6470201Z ok 180 - sourced policy overlay changes exactly the three proven roles without mutating original source policy
2026-10-04T02:05:37.6470453Z   ---
2026-10-04T02:05:37.6470561Z   duration_ms: 3.898232
2026-10-04T02:05:37.6470681Z   type: 'test'
2026-10-04T02:05:37.6470786Z   ...
2026-10-04T02:05:37.6471049Z # Subtest: unrelated original-policy edits and duplicate correction identities require new review
2026-10-04T02:05:37.6471440Z ok 181 - unrelated original-policy edits and duplicate correction identities require new review
2026-10-04T02:05:37.6471671Z   ---
2026-10-04T02:05:37.6471780Z   duration_ms: 15.02194
2026-10-04T02:05:37.6471901Z   type: 'test'
2026-10-04T02:05:37.6472008Z   ...
2026-10-04T02:05:37.6472282Z # Subtest: every crosswalked location exposes its individually supported role and unchanged source vintage
2026-10-04T02:05:37.6472697Z ok 182 - every crosswalked location exposes its individually supported role and unchanged source vintage
2026-10-04T02:05:37.6472942Z   ---
2026-10-04T02:05:37.6473049Z   duration_ms: 3.097032
2026-10-04T02:05:37.6473170Z   type: 'test'
2026-10-04T02:05:37.6473275Z   ...
2026-10-04T02:05:37.6473521Z # Subtest: Monaco and Luxembourg remain explicit stable-ID proposals with no hierarchy mutation
2026-10-04T02:05:37.6473897Z ok 183 - Monaco and Luxembourg remain explicit stable-ID proposals with no hierarchy mutation
2026-10-04T02:05:37.6474126Z   ---
2026-10-04T02:05:37.6474234Z   duration_ms: 61.242678
2026-10-04T02:05:37.6474359Z   type: 'test'
2026-10-04T02:05:37.6474464Z   ...
2026-10-04T02:05:37.6474711Z # Subtest: v2 inventories all twenty-three tables and pins every reviewed D1/PostgreSQL migration
2026-10-04T02:05:37.6475091Z ok 184 - v2 inventories all twenty-three tables and pins every reviewed D1/PostgreSQL migration
2026-10-04T02:05:37.6475320Z   ---
2026-10-04T02:05:37.6475425Z   duration_ms: 19.351463
2026-10-04T02:05:37.6475547Z   type: 'test'
2026-10-04T02:05:37.6475654Z   ...
2026-10-04T02:05:37.6475925Z # Subtest: empty forward migrations preserve every v1 marker/page byte and existing fourteen-table restore
2026-10-04T02:05:37.6476338Z ok 185 - empty forward migrations preserve every v1 marker/page byte and existing fourteen-table restore
2026-10-04T02:05:37.6476581Z   ---
2026-10-04T02:05:37.6476688Z   duration_ms: 2944.990697
2026-10-04T02:05:37.6476813Z   type: 'test'
2026-10-04T02:05:37.6476918Z   ...
2026-10-04T02:05:37.6477221Z # Subtest: forward owner restoration streams all twenty-three tables, original JSON bytes, deferred receipts and sequence
2026-10-04T02:05:37.6477691Z ok 186 - forward owner restoration streams all twenty-three tables, original JSON bytes, deferred receipts and sequence
2026-10-04T02:05:37.6477962Z   ---
2026-10-04T02:05:37.6478069Z   duration_ms: 2504.703552
2026-10-04T02:05:37.6478197Z   type: 'test'
2026-10-04T02:05:37.6478302Z   ...
2026-10-04T02:05:37.6478560Z # Subtest: v2 detects changing staged publication, missing source guards and unexpected factual tables
2026-10-04T02:05:37.6479129Z ok 187 - v2 detects changing staged publication, missing source guards and unexpected factual tables
2026-10-04T02:05:37.6479367Z   ---
2026-10-04T02:05:37.6479472Z   duration_ms: 1788.773817
2026-10-04T02:05:37.6479596Z   type: 'test'
2026-10-04T02:05:37.6479701Z   ...
2026-10-04T02:05:37.6479949Z # Subtest: a missing target guard or source migration/raw-row proof fails before any target writes
2026-10-04T02:05:37.6480330Z ok 188 - a missing target guard or source migration/raw-row proof fails before any target writes
2026-10-04T02:05:37.6480558Z   ---
2026-10-04T02:05:37.6480663Z   duration_ms: 1698.235518
2026-10-04T02:05:37.6480787Z   type: 'test'
2026-10-04T02:05:37.6480891Z   ...
2026-10-04T02:05:37.6481222Z # Subtest: a deferred cross-table FK failure rolls back all twenty-three tables, guards and sequence
2026-10-04T02:05:37.6481607Z ok 189 - a deferred cross-table FK failure rolls back all twenty-three tables, guards and sequence
2026-10-04T02:05:37.6481837Z   ---
2026-10-04T02:05:37.6481944Z   duration_ms: 2001.713883
2026-10-04T02:05:37.6482067Z   type: 'test'
2026-10-04T02:05:37.6482172Z   ...
2026-10-04T02:05:37.6482419Z # Subtest: interrupted v2 capture resumes preserved pages and its v2 cursor cannot be sent to v1
2026-10-04T02:05:37.6482796Z ok 190 - interrupted v2 capture resumes preserved pages and its v2 cursor cannot be sent to v1
2026-10-04T02:05:37.6483024Z   ---
2026-10-04T02:05:37.6483130Z   duration_ms: 320.180901
2026-10-04T02:05:37.6483255Z   type: 'test'
2026-10-04T02:05:37.6483360Z   ...
2026-10-04T02:05:37.6483573Z # Subtest: stale body, state, candidate bytes and active worker/PR prevent writes
2026-10-04T02:05:37.6483886Z ok 191 - stale body, state, candidate bytes and active worker/PR prevent writes
2026-10-04T02:05:37.6484085Z   ---
2026-10-04T02:05:37.6484191Z   duration_ms: 2.366257
2026-10-04T02:05:37.6484319Z   type: 'test'
2026-10-04T02:05:37.6484425Z   ...
2026-10-04T02:05:37.6484615Z # Subtest: unrelated scope and original prose cannot be overwritten
2026-10-04T02:05:37.6484888Z ok 192 - unrelated scope and original prose cannot be overwritten
2026-10-04T02:05:37.6485066Z   ---
2026-10-04T02:05:37.6485170Z   duration_ms: 0.479973
2026-10-04T02:05:37.6485291Z   type: 'test'
2026-10-04T02:05:37.6485395Z   ...
2026-10-04T02:05:37.6485637Z # Subtest: read-only preflight issues no writes and checks the complete batch before applying
2026-10-04T02:05:37.6486005Z ok 193 - read-only preflight issues no writes and checks the complete batch before applying
2026-10-04T02:05:37.6486229Z   ---
2026-10-04T02:05:37.6486334Z   duration_ms: 5.205416
2026-10-04T02:05:37.6486453Z   type: 'test'
2026-10-04T02:05:37.6486557Z   ...
2026-10-04T02:05:37.6486760Z # Subtest: bounded application reads back each correction and is idempotent
2026-10-04T02:05:37.6487059Z ok 194 - bounded application reads back each correction and is idempotent
2026-10-04T02:05:37.6487252Z   ---
2026-10-04T02:05:37.6487356Z   duration_ms: 4.002849
2026-10-04T02:05:37.6487476Z   type: 'test'
2026-10-04T02:05:37.6487581Z   ...
2026-10-04T02:05:37.6487801Z # Subtest: failed readback retains partial receipt and stops before remaining writes
2026-10-04T02:05:37.6488137Z ok 195 - failed readback retains partial receipt and stops before remaining writes
2026-10-04T02:05:37.6488342Z   ---
2026-10-04T02:05:37.6488447Z   duration_ms: 2.573975
2026-10-04T02:05:37.6488708Z   type: 'test'
2026-10-04T02:05:37.6488881Z   ...
2026-10-04T02:05:37.6489070Z # Subtest: unexpected issue scope cannot expand the mutation targets
2026-10-04T02:05:37.6489345Z ok 196 - unexpected issue scope cannot expand the mutation targets
2026-10-04T02:05:37.6489523Z   ---
2026-10-04T02:05:37.6489627Z   duration_ms: 0.300076
2026-10-04T02:05:37.6489747Z   type: 'test'
2026-10-04T02:05:37.6489850Z   ...
2026-10-04T02:05:37.6490065Z # Subtest: fresh body recheck prevents overwriting an edit after batch preflight
2026-10-04T02:05:37.6490378Z ok 197 - fresh body recheck prevents overwriting an edit after batch preflight
2026-10-04T02:05:37.6490671Z   ---
2026-10-04T02:05:37.6490775Z   duration_ms: 1.484667
2026-10-04T02:05:37.6490894Z   type: 'test'
2026-10-04T02:05:37.6490998Z   ...
2026-10-04T02:05:37.6491231Z # Subtest: scope property serialization order does not imply changed release or ownership
2026-10-04T02:05:37.6491583Z ok 198 - scope property serialization order does not imply changed release or ownership
2026-10-04T02:05:37.6491800Z   ---
2026-10-04T02:05:37.6491906Z   duration_ms: 0.25616
2026-10-04T02:05:37.6492027Z   type: 'test'
2026-10-04T02:05:37.6492132Z   ...
2026-10-04T02:05:37.6492352Z # Subtest: a wrong hash label is rejected even when source scope is otherwise unchanged
2026-10-04T02:05:37.6492678Z ok 199 - a wrong hash label is rejected even when source scope is otherwise unchanged
2026-10-04T02:05:37.6492882Z   ---
2026-10-04T02:05:37.6493064Z   duration_ms: 0.358393
2026-10-04T02:05:37.6493185Z   type: 'test'
2026-10-04T02:05:37.6493290Z   ...
2026-10-04T02:05:37.6493573Z # Subtest: direct dated names precede reference attestations in any language, with stable ties and examples last
2026-10-04T02:05:37.6494011Z ok 200 - direct dated names precede reference attestations in any language, with stable ties and examples last
2026-10-04T02:05:37.6494264Z   ---
2026-10-04T02:05:37.6494366Z   duration_ms: 5.072769
2026-10-04T02:05:37.6494486Z   type: 'test'
2026-10-04T02:05:37.6494590Z   ...
2026-10-04T02:05:37.6494828Z # Subtest: unknown historical name and habitation do not imply an absent or rural settlement
2026-10-04T02:05:37.6495185Z ok 201 - unknown historical name and habitation do not imply an absent or rural settlement
2026-10-04T02:05:37.6495405Z   ---
2026-10-04T02:05:37.6495511Z   duration_ms: 6.780637
2026-10-04T02:05:37.6495630Z   type: 'test'
2026-10-04T02:05:37.6495735Z   ...
2026-10-04T02:05:37.6496006Z # Subtest: dated names at every level retain stable identity; aliases remain searchable outside their dates
2026-10-04T02:05:37.6496484Z ok 202 - dated names at every level retain stable identity; aliases remain searchable outside their dates
2026-10-04T02:05:37.6496726Z   ---
2026-10-04T02:05:37.6496831Z   duration_ms: 19.599617
2026-10-04T02:05:37.6496954Z   type: 'test'
2026-10-04T02:05:37.6497063Z   ...
2026-10-04T02:05:37.6497294Z # Subtest: dated membership changes the hierarchy used by map colors and province borders
2026-10-04T02:05:37.6497637Z ok 203 - dated membership changes the hierarchy used by map colors and province borders
2026-10-04T02:05:37.6497851Z   ---
2026-10-04T02:05:37.6497954Z   duration_ms: 9.643552
2026-10-04T02:05:37.6498074Z   type: 'test'
2026-10-04T02:05:37.6498181Z   ...
2026-10-04T02:05:37.6498462Z # Subtest: settlement attributes and existence are separate from a location and successor links keep distinct IDs
2026-10-04T02:05:37.6498983Z ok 204 - settlement attributes and existence are separate from a location and successor links keep distinct IDs
2026-10-04T02:05:37.6499238Z   ---
2026-10-04T02:05:37.6499343Z   duration_ms: 15.399415
2026-10-04T02:05:37.6499469Z   type: 'test'
2026-10-04T02:05:37.6499573Z   ...
2026-10-04T02:05:37.6499798Z # Subtest: explicit uninhabited differs from unknown, and sourced states beat examples
2026-10-04T02:05:37.6500136Z ok 205 - explicit uninhabited differs from unknown, and sourced states beat examples
2026-10-04T02:05:37.6500346Z   ---
2026-10-04T02:05:37.6500450Z   duration_ms: 7.525103
2026-10-04T02:05:37.6500572Z   type: 'test'
2026-10-04T02:05:37.6500678Z   ...
2026-10-04T02:05:37.6500920Z # Subtest: broken dated parent chains, invalid dates and interval overlaps roll back atomically
2026-10-04T02:05:37.6501285Z ok 206 - broken dated parent chains, invalid dates and interval overlaps roll back atomically
2026-10-04T02:05:37.6501507Z   ---
2026-10-04T02:05:37.6501610Z   duration_ms: 9.519357
2026-10-04T02:05:37.6501732Z   type: 'test'
2026-10-04T02:05:37.6501838Z   ...
2026-10-04T02:05:37.6502057Z # Subtest: future historical graph entities do not enter geographic grouping tiers
2026-10-04T02:05:37.6502378Z ok 207 - future historical graph entities do not enter geographic grouping tiers
2026-10-04T02:05:37.6502676Z   ---
2026-10-04T02:05:37.6502780Z   duration_ms: 2.435009
2026-10-04T02:05:37.6502901Z   type: 'test'
2026-10-04T02:05:37.6503008Z   ...
2026-10-04T02:05:37.6503338Z # Subtest: typed imports preserve raw zero/false/unknown, exact retries and BC/AD shared snapshot semantics on actual SQLite/PostgreSQL
2026-10-04T02:05:37.6503853Z ok 208 - typed imports preserve raw zero/false/unknown, exact retries and BC/AD shared snapshot semantics on actual SQLite/PostgreSQL
2026-10-04T02:05:37.6504139Z   ---
2026-10-04T02:05:37.6504250Z   duration_ms: 3334.302619
2026-10-04T02:05:37.6504375Z   type: 'test'
2026-10-04T02:05:37.6504479Z   ...
2026-10-04T02:05:37.6504949Z # Subtest: typed API rejects missing approval, bad source/registry/raw pins, unsupported labels and missing correction/derivation identities without partial writes
2026-10-04T02:05:37.6505585Z ok 209 - typed API rejects missing approval, bad source/registry/raw pins, unsupported labels and missing correction/derivation identities without partial writes
2026-10-04T02:05:37.6505926Z   ---
2026-10-04T02:05:37.6506033Z   duration_ms: 2829.143655
2026-10-04T02:05:37.6506157Z   type: 'test'
2026-10-04T02:05:37.6506262Z   ...
2026-10-04T02:05:37.6506475Z # Subtest: legacy or altered installed schemas never advertise typed capabilities
2026-10-04T02:05:37.6506793Z ok 210 - legacy or altered installed schemas never advertise typed capabilities
2026-10-04T02:05:37.6506994Z   ---
2026-10-04T02:05:37.6507099Z   duration_ms: 30.695864
2026-10-04T02:05:37.6507221Z   type: 'test'
2026-10-04T02:05:37.6507326Z   ...
2026-10-04T02:05:37.6507567Z # Atlas request failed /api/typed/v1/import Typed import rejected; no partial batch may be used
2026-10-04T02:05:37.6507979Z # Atlas request failed /api/typed/v1/import Typed correction cannot transfer evidence between subjects or fields
2026-10-04T02:05:37.6508371Z # Atlas request failed /api/typed/v1/snapshot Typed snapshot changed; restart all streams
2026-10-04T02:05:37.6508784Z # Atlas request failed /api/typed/v1/import Cross-origin writes are not permitted
2026-10-04T02:05:37.6509132Z # Atlas request failed /api/typed/v1/import Typed import rejected; no partial batch may be used
2026-10-04T02:05:37.6509540Z # Atlas request failed /api/typed/v1/import Typed correction cannot transfer evidence between subjects or fields
2026-10-04T02:05:37.6509927Z # Atlas request failed /api/typed/v1/snapshot Typed snapshot changed; restart all streams
2026-10-04T02:05:37.6510259Z # Atlas request failed /api/typed/v1/import Cross-origin writes are not permitted
2026-10-04T02:05:37.6510714Z # Subtest: actual Worker typed routes enforce transport/maintenance and keep atomic corrections, raw source pins and snapshot paging consistent
2026-10-04T02:05:37.6511272Z ok 211 - actual Worker typed routes enforce transport/maintenance and keep atomic corrections, raw source pins and snapshot paging consistent
2026-10-04T02:05:37.6511579Z   ---
2026-10-04T02:05:37.6511687Z   duration_ms: 2561.824895
2026-10-04T02:05:37.6511817Z   type: 'test'
2026-10-04T02:05:37.6511923Z   ...
2026-10-04T02:05:37.6512258Z # Subtest: legacy23-table projections require the complete known schema and current maintenance clients refuse them as complete backups
2026-10-04T02:05:37.6512782Z ok 212 - legacy23-table projections require the complete known schema and current maintenance clients refuse them as complete backups
2026-10-04T02:05:37.6513073Z   ---
2026-10-04T02:05:37.6513186Z   duration_ms: 2829.383585
2026-10-04T02:05:37.6513310Z   type: 'test'
2026-10-04T02:05:37.6513416Z   ...
2026-10-04T02:05:37.6513813Z # Subtest: derivation closures reject example promotion, cycles and ambiguous roots while example-only acyclic chains remain available under the paused factual gate
2026-10-04T02:05:37.6514459Z ok 213 - derivation closures reject example promotion, cycles and ambiguous roots while example-only acyclic chains remain available under the paused factual gate
2026-10-04T02:05:37.6514900Z   ---
2026-10-04T02:05:37.6515006Z   duration_ms: 2411.955521
2026-10-04T02:05:37.6515131Z   type: 'test'
2026-10-04T02:05:37.6515236Z   ...
2026-10-04T02:05:37.6515610Z # Subtest: bounded hosted client and exact-byte prepared/static resolver agree on all retained values and fail closed on mixed snapshots and corrupted bytes
2026-10-04T02:05:37.6516209Z ok 214 - bounded hosted client and exact-byte prepared/static resolver agree on all retained values and fail closed on mixed snapshots and corrupted bytes
2026-10-04T02:05:37.6516534Z   ---
2026-10-04T02:05:37.6516638Z   duration_ms: 6252.587548
2026-10-04T02:05:37.6516763Z   type: 'test'
2026-10-04T02:05:37.6516869Z   ...
2026-10-04T02:05:37.6517182Z # Subtest: factual typed geography is retained per claim and cannot be silently repinned on import, correction or prepared reads
2026-10-04T02:05:37.6517753Z ok 215 - factual typed geography is retained per claim and cannot be silently repinned on import, correction or prepared reads
2026-10-04T02:05:37.6518034Z   ---
2026-10-04T02:05:37.6518138Z   duration_ms: 2388.700114
2026-10-04T02:05:37.6518262Z   type: 'test'
2026-10-04T02:05:37.6518368Z   ...
2026-10-04T02:05:37.6518741Z # Subtest: explicit no-inhabitant evidence produces unsettled with its supported interval and source record provenance
2026-10-04T02:05:37.6519208Z ok 216 - explicit no-inhabitant evidence produces unsettled with its supported interval and source record provenance
2026-10-04T02:05:37.6519475Z   ---
2026-10-04T02:05:37.6519581Z   duration_ms: 1.961618
2026-10-04T02:05:37.6519702Z   type: 'test'
2026-10-04T02:05:37.6519808Z   ...
2026-10-04T02:05:37.6520050Z # Subtest: unknown, reference, modeled, rounded and untyped legacy zeros never imply unsettled
2026-10-04T02:05:37.6520413Z ok 217 - unknown, reference, modeled, rounded and untyped legacy zeros never imply unsettled
2026-10-04T02:05:37.6520637Z   ---
2026-10-04T02:05:37.6520741Z   duration_ms: 0.718527
2026-10-04T02:05:37.6520863Z   type: 'test'
2026-10-04T02:05:37.6520967Z   ...
2026-10-04T02:05:37.6521228Z # Subtest: settlement contradictions obey cross-field precedence and tied evidence remains disputed
2026-10-04T02:05:37.6521620Z ok 218 - settlement contradictions obey cross-field precedence and tied evidence remains disputed
2026-10-04T02:05:37.6521854Z   ---
2026-10-04T02:05:37.6521957Z   duration_ms: 0.819959
2026-10-04T02:05:37.6522077Z   type: 'test'
2026-10-04T02:05:37.6522183Z   ...
2026-10-04T02:05:37.6522516Z # Subtest: local imports accept canonical unsettled, reject both orders of direct contradictions and retain unknown/model-zero behavior
2026-10-04T02:05:37.6523035Z ok 219 - local imports accept canonical unsettled, reject both orders of direct contradictions and retain unknown/model-zero behavior
2026-10-04T02:05:37.6523326Z   ---
2026-10-04T02:05:37.6523430Z   duration_ms: 13.530686
2026-10-04T02:05:37.6523556Z   type: 'test'
2026-10-04T02:05:37.6523661Z   ...
2026-10-04T02:05:37.6523908Z # Subtest: hosted imports and shared resolver agree; corrections exclude retired negative claims
2026-10-04T02:05:37.6524279Z ok 220 - hosted imports and shared resolver agree; corrections exclude retired negative claims
2026-10-04T02:05:37.6524503Z   ---
2026-10-04T02:05:37.6524609Z   duration_ms: 74.643074
2026-10-04T02:05:37.6524733Z   type: 'test'
2026-10-04T02:05:37.6524841Z   ...
2026-10-04T02:05:37.6525091Z # Subtest: 0003 migration preserves all old claim fields, retirement pointers, indexes and triggers
2026-10-04T02:05:37.6525474Z ok 221 - 0003 migration preserves all old claim fields, retirement pointers, indexes and triggers
2026-10-04T02:05:37.6525702Z   ---
2026-10-04T02:05:37.6525806Z   duration_ms: 20.236337
2026-10-04T02:05:37.6525928Z   type: 'test'
2026-10-04T02:05:37.6526036Z   ...
2026-10-04T02:05:37.6526327Z # Subtest: existing local enum migration preserves snapshots/history and enables new rank without touching geometry
2026-10-04T02:05:37.6526772Z ok 222 - existing local enum migration preserves snapshots/history and enables new rank without touching geometry
2026-10-04T02:05:37.6527164Z   ---
2026-10-04T02:05:37.6527272Z   duration_ms: 137.216402
2026-10-04T02:05:37.6527398Z   type: 'test'
2026-10-04T02:05:37.6527506Z   ...
2026-10-04T02:05:37.6527764Z # Subtest: precision flags prevent false habitation conflicts in both local and hosted import orders
2026-10-04T02:05:37.6528155Z ok 223 - precision flags prevent false habitation conflicts in both local and hosted import orders
2026-10-04T02:05:37.6528389Z   ---
2026-10-04T02:05:37.6528495Z   duration_ms: 192.446101
2026-10-04T02:05:37.6528805Z   type: 'test'
2026-10-04T02:05:37.6528946Z   ...
2026-10-04T02:05:37.6529191Z # Subtest: 0004 precision migration preserves claims, retirements, indexes and all other triggers
2026-10-04T02:05:37.6529587Z ok 224 - 0004 precision migration preserves claims, retirements, indexes and all other triggers
2026-10-04T02:05:37.6529897Z   ---
2026-10-04T02:05:37.6530003Z   duration_ms: 21.268354
2026-10-04T02:05:37.6530128Z   type: 'test'
2026-10-04T02:05:37.6530233Z   ...
2026-10-04T02:05:37.6530480Z # Subtest: source classes protect literal-zero evidence and example opt-in at the SQL boundary
2026-10-04T02:05:37.6530848Z ok 225 - source classes protect literal-zero evidence and example opt-in at the SQL boundary
2026-10-04T02:05:37.6531071Z   ---
2026-10-04T02:05:37.6531175Z   duration_ms: 50.744346
2026-10-04T02:05:37.6531298Z   type: 'test'
2026-10-04T02:05:37.6531402Z   ...
2026-10-04T02:05:37.6531715Z # Subtest: 0005 source-class migration preserves claims and retirement-aware contracts while matching example-zero resolution
2026-10-04T02:05:37.6532207Z ok 226 - 0005 source-class migration preserves claims and retirement-aware contracts while matching example-zero resolution
2026-10-04T02:05:37.6532486Z   ---
2026-10-04T02:05:37.6532593Z   duration_ms: 23.934029
2026-10-04T02:05:37.6532715Z   type: 'test'
2026-10-04T02:05:37.6532821Z   ...
2026-10-04T02:05:37.6532920Z 1..226
2026-10-04T02:05:37.6533025Z # tests 226
2026-10-04T02:05:37.6533132Z # suites 0
2026-10-04T02:05:37.6533239Z # pass 226
2026-10-04T02:05:37.6533345Z # fail 0
2026-10-04T02:05:37.6533449Z # cancelled 0
2026-10-04T02:05:37.6533557Z # skipped 0
2026-10-04T02:05:37.6533660Z # todo 0
2026-10-04T02:05:37.6533777Z # duration_ms 185016.223761
2026-10-04T02:05:37.6600488Z Post job cleanup.
2026-10-04T02:05:37.9033407Z (node:3577) [DEP0040] DeprecationWarning: The `punycode` module is deprecated. Please use a userland alternative instead.
2026-10-04T02:05:37.9034393Z (Use `node --trace-deprecation ...` to show where the warning was created)
2026-10-04T02:05:37.9323619Z Post job cleanup.
2026-10-04T02:05:38.0609329Z Post job cleanup.
2026-10-04T02:05:38.1314264Z [command]/usr/bin/git version
2026-10-04T02:05:38.1372262Z git version 2.55.0
2026-10-04T02:05:38.1439832Z Temporarily overriding HOME='/home/runner/work/_temp/74705459-d4bd-4324-a55f-df596dc091e0' before making global git config changes
2026-10-04T02:05:38.1442721Z Adding repository directory to the temporary git global config as a safe directory
2026-10-04T02:05:38.1446037Z [command]/usr/bin/git config --global --add safe.directory /home/runner/work/WorldAtlas/WorldAtlas
2026-10-04T02:05:38.1531504Z Removing SSH command configuration
2026-10-04T02:05:38.1532140Z [command]/usr/bin/git config --local --name-only --get-regexp core\.sshCommand
2026-10-04T02:05:38.1580722Z [command]/usr/bin/git submodule foreach --recursive sh -c "git config --local --name-only --get-regexp 'core\.sshCommand' && git config --local --unset-all 'core.sshCommand' || :"
2026-10-04T02:05:38.1985116Z Removing HTTP extra header
2026-10-04T02:05:38.1985949Z [command]/usr/bin/git config --local --name-only --get-regexp http\.https\:\/\/github\.com\/\.extraheader
2026-10-04T02:05:38.2031216Z [command]/usr/bin/git submodule foreach --recursive sh -c "git config --local --name-only --get-regexp 'http\.https\:\/\/github\.com\/\.extraheader' && git config --local --unset-all 'http.https://github.com/.extraheader' || :"
2026-10-04T02:05:38.2323230Z Removing includeIf entries pointing to credentials config files
2026-10-04T02:05:38.2324444Z [command]/usr/bin/git config --local --name-only --get-regexp ^includeIf\.gitdir:
2026-10-04T02:05:38.2379999Z [command]/usr/bin/git submodule foreach --recursive git config --local --show-origin --name-only --get-regexp remote.origin.url
2026-10-04T02:05:38.2914000Z Cleaning up orphan processes
2026-10-04T02:05:38.3277843Z ##[warning]Node.js 20 is deprecated. The following actions target Node.js 20 but are being forced to run on Node.js 24: actions/setup-python@a26af69be951a213d495a4c3e4e4022e16d87065. For more information see: https://github.blog/changelog/2025-09-19-deprecation-of-node-20-on-github-actions-runners/
