integration (1)	Set up job	﻿2026-10-09T10:49:00.4491762Z Current runner version: '2.337.0'
integration (1)	Set up job	2026-10-09T10:49:00.4519322Z ##[group]Runner Image Provisioner
integration (1)	Set up job	2026-10-09T10:49:00.4520917Z Hosted Compute Agent
integration (1)	Set up job	2026-10-09T10:49:00.4521566Z Version: 20261002.596
integration (1)	Set up job	2026-10-09T10:49:00.4522183Z Commit: c3d12f3313a95f25162a1503be624f3b0617f8c0
integration (1)	Set up job	2026-10-09T10:49:00.4522999Z Build Date: 2026-10-02T22:28:27Z
integration (1)	Set up job	2026-10-09T10:49:00.4523691Z Worker ID: {8d19d6aa-f6fa-4948-9678-92da75723246}
integration (1)	Set up job	2026-10-09T10:49:00.4524552Z Region: eastus
integration (1)	Set up job	2026-10-09T10:49:00.4525154Z Cloud: Azure
integration (1)	Set up job	2026-10-09T10:49:00.4525691Z ##[endgroup]
integration (1)	Set up job	2026-10-09T10:49:00.4527351Z ##[group]Operating System
integration (1)	Set up job	2026-10-09T10:49:00.4528015Z Ubuntu
integration (1)	Set up job	2026-10-09T10:49:00.4528605Z 24.04.5
integration (1)	Set up job	2026-10-09T10:49:00.4529173Z LTS
integration (1)	Set up job	2026-10-09T10:49:00.4530308Z ##[endgroup]
integration (1)	Set up job	2026-10-09T10:49:00.4531249Z ##[group]Runner Image
integration (1)	Set up job	2026-10-09T10:49:00.4531912Z Image: ubuntu-24.04
integration (1)	Set up job	2026-10-09T10:49:00.4532589Z Version: 20261004.327.1
integration (1)	Set up job	2026-10-09T10:49:00.4533724Z Included Software: https://github.com/actions/runner-images/blob/ubuntu24/20261004.327/images/ubuntu/Ubuntu2404-Readme.md
integration (1)	Set up job	2026-10-09T10:49:00.4536017Z Image Release: https://github.com/actions/runner-images/releases/tag/ubuntu24%2F20261004.327
integration (1)	Set up job	2026-10-09T10:49:00.4537009Z ##[endgroup]
integration (1)	Set up job	2026-10-09T10:49:00.4538171Z ##[group]GITHUB_TOKEN Permissions
integration (1)	Set up job	2026-10-09T10:49:00.4540652Z Contents: read
integration (1)	Set up job	2026-10-09T10:49:00.4541366Z Metadata: read
integration (1)	Set up job	2026-10-09T10:49:00.4541944Z ##[endgroup]
integration (1)	Set up job	2026-10-09T10:49:00.4544223Z Secret source: Actions
integration (1)	Set up job	2026-10-09T10:49:00.4545283Z Cache mode: write
integration (1)	Set up job	2026-10-09T10:49:00.4546319Z Prepare workflow directory
integration (1)	Set up job	2026-10-09T10:49:00.4889128Z Prepare all required actions
integration (1)	Set up job	2026-10-09T10:49:00.4938487Z Getting action download info
integration (1)	Set up job	2026-10-09T10:49:00.7288704Z Download action repository 'actions/checkout@d23441a48e516b6c34aea4fa41551a30e30af803' (SHA:d23441a48e516b6c34aea4fa41551a30e30af803)
integration (1)	Set up job	2026-10-09T10:49:00.8741483Z Download action repository 'actions/setup-node@249970729cb0ef3589644e2896645e5dc5ba9c38' (SHA:249970729cb0ef3589644e2896645e5dc5ba9c38)
integration (1)	Set up job	2026-10-09T10:49:00.9613370Z Download action repository 'actions/setup-python@a26af69be951a213d495a4c3e4e4022e16d87065' (SHA:a26af69be951a213d495a4c3e4e4022e16d87065)
integration (1)	Set up job	2026-10-09T10:49:01.1608275Z Complete job name: integration (1)
integration (1)	Checkout complete candidate for application regression	﻿2026-10-09T10:49:01.2451702Z ##[group]Run actions/checkout@d23441a48e516b6c34aea4fa41551a30e30af803
integration (1)	Checkout complete candidate for application regression	2026-10-09T10:49:01.2452804Z with:
integration (1)	Checkout complete candidate for application regression	2026-10-09T10:49:01.2453282Z   ref: a42387fc27b6e51d6d245504fcc478307bd2a20a
integration (1)	Checkout complete candidate for application regression	2026-10-09T10:49:01.2453894Z   persist-credentials: false
integration (1)	Checkout complete candidate for application regression	2026-10-09T10:49:01.2454430Z   repository: ChengshuLi/WorldAtlas
integration (1)	Checkout complete candidate for application regression	2026-10-09T10:49:01.2458849Z   token: ***
integration (1)	Checkout complete candidate for application regression	2026-10-09T10:49:01.2459298Z   ssh-strict: true
integration (1)	Checkout complete candidate for application regression	2026-10-09T10:49:01.2459907Z   ssh-user: git
integration (1)	Checkout complete candidate for application regression	2026-10-09T10:49:01.2460332Z   clean: true
integration (1)	Checkout complete candidate for application regression	2026-10-09T10:49:01.2460773Z   sparse-checkout-cone-mode: true
integration (1)	Checkout complete candidate for application regression	2026-10-09T10:49:01.2461302Z   fetch-depth: 1
integration (1)	Checkout complete candidate for application regression	2026-10-09T10:49:01.2461729Z   fetch-tags: false
integration (1)	Checkout complete candidate for application regression	2026-10-09T10:49:01.2462181Z   show-progress: true
integration (1)	Checkout complete candidate for application regression	2026-10-09T10:49:01.2462621Z   lfs: false
integration (1)	Checkout complete candidate for application regression	2026-10-09T10:49:01.2463030Z   submodules: false
integration (1)	Checkout complete candidate for application regression	2026-10-09T10:49:01.2463499Z   set-safe-directory: true
integration (1)	Checkout complete candidate for application regression	2026-10-09T10:49:01.2464015Z   allow-unsafe-pr-checkout: false
integration (1)	Checkout complete candidate for application regression	2026-10-09T10:49:01.2464851Z ##[endgroup]
integration (1)	Checkout complete candidate for application regression	2026-10-09T10:49:01.3496752Z Syncing repository: ChengshuLi/WorldAtlas
integration (1)	Checkout complete candidate for application regression	2026-10-09T10:49:01.3498808Z ##[group]Getting Git version info
integration (1)	Checkout complete candidate for application regression	2026-10-09T10:49:01.3499880Z Working directory is '/home/runner/work/WorldAtlas/WorldAtlas'
integration (1)	Checkout complete candidate for application regression	2026-10-09T10:49:01.3543298Z [command]/usr/bin/git version
integration (1)	Checkout complete candidate for application regression	2026-10-09T10:49:01.3694970Z git version 2.55.0
integration (1)	Checkout complete candidate for application regression	2026-10-09T10:49:01.3721580Z ##[endgroup]
integration (1)	Checkout complete candidate for application regression	2026-10-09T10:49:01.3740437Z Temporarily overriding HOME='/home/runner/work/_temp/2390e7e6-80f3-41dd-bb57-42fbcf5f3ea9' before making global git config changes
integration (1)	Checkout complete candidate for application regression	2026-10-09T10:49:01.3742914Z Adding repository directory to the temporary git global config as a safe directory
integration (1)	Checkout complete candidate for application regression	2026-10-09T10:49:01.3747416Z [command]/usr/bin/git config --global --add safe.directory /home/runner/work/WorldAtlas/WorldAtlas
integration (1)	Checkout complete candidate for application regression	2026-10-09T10:49:01.3807000Z Deleting the contents of '/home/runner/work/WorldAtlas/WorldAtlas'
integration (1)	Checkout complete candidate for application regression	2026-10-09T10:49:01.3810350Z ##[group]Determining repository object format
integration (1)	Checkout complete candidate for application regression	2026-10-09T10:49:01.3818412Z ##[endgroup]
integration (1)	Checkout complete candidate for application regression	2026-10-09T10:49:01.3827777Z ##[group]Initializing the repository
integration (1)	Checkout complete candidate for application regression	2026-10-09T10:49:01.3829828Z [command]/usr/bin/git init /home/runner/work/WorldAtlas/WorldAtlas
integration (1)	Checkout complete candidate for application regression	2026-10-09T10:49:01.3933839Z hint: Using 'master' as the name for the initial branch. This default branch name
integration (1)	Checkout complete candidate for application regression	2026-10-09T10:49:01.3938046Z hint: will change to "main" in Git 3.0. To configure the initial branch name
integration (1)	Checkout complete candidate for application regression	2026-10-09T10:49:01.3939826Z hint: to use in all of your new repositories, which will suppress this warning,
integration (1)	Checkout complete candidate for application regression	2026-10-09T10:49:01.3940610Z hint: call:
integration (1)	Checkout complete candidate for application regression	2026-10-09T10:49:01.3941164Z hint:
integration (1)	Checkout complete candidate for application regression	2026-10-09T10:49:01.3942101Z hint: 	git config --global init.defaultBranch <name>
integration (1)	Checkout complete candidate for application regression	2026-10-09T10:49:01.3942904Z hint:
integration (1)	Checkout complete candidate for application regression	2026-10-09T10:49:01.3943698Z hint: Names commonly chosen instead of 'master' are 'main', 'trunk' and
integration (1)	Checkout complete candidate for application regression	2026-10-09T10:49:01.3944649Z hint: 'development'. The just-created branch can be renamed via this command:
integration (1)	Checkout complete candidate for application regression	2026-10-09T10:49:01.3945382Z hint:
integration (1)	Checkout complete candidate for application regression	2026-10-09T10:49:01.3945829Z hint: 	git branch -m <name>
integration (1)	Checkout complete candidate for application regression	2026-10-09T10:49:01.3946297Z hint:
integration (1)	Checkout complete candidate for application regression	2026-10-09T10:49:01.3946923Z hint: Disable this message with "git config set advice.defaultBranchName false"
integration (1)	Checkout complete candidate for application regression	2026-10-09T10:49:01.3947998Z Initialized empty Git repository in /home/runner/work/WorldAtlas/WorldAtlas/.git/
integration (1)	Checkout complete candidate for application regression	2026-10-09T10:49:01.3950833Z [command]/usr/bin/git remote add origin https://github.com/ChengshuLi/WorldAtlas
integration (1)	Checkout complete candidate for application regression	2026-10-09T10:49:01.4005036Z ##[endgroup]
integration (1)	Checkout complete candidate for application regression	2026-10-09T10:49:01.4005873Z ##[group]Disabling automatic garbage collection
integration (1)	Checkout complete candidate for application regression	2026-10-09T10:49:01.4009044Z [command]/usr/bin/git config --local gc.auto 0
integration (1)	Checkout complete candidate for application regression	2026-10-09T10:49:01.4046858Z ##[endgroup]
integration (1)	Checkout complete candidate for application regression	2026-10-09T10:49:01.4048215Z ##[group]Setting up auth
integration (1)	Checkout complete candidate for application regression	2026-10-09T10:49:01.4049099Z Removing SSH command configuration
integration (1)	Checkout complete candidate for application regression	2026-10-09T10:49:01.4076469Z [command]/usr/bin/git config --local --name-only --get-regexp core\.sshCommand
integration (1)	Checkout complete candidate for application regression	2026-10-09T10:49:01.4126029Z [command]/usr/bin/git submodule foreach --recursive sh -c "git config --local --name-only --get-regexp 'core\.sshCommand' && git config --local --unset-all 'core.sshCommand' || :"
integration (1)	Checkout complete candidate for application regression	2026-10-09T10:49:01.4533048Z Removing HTTP extra header
integration (1)	Checkout complete candidate for application regression	2026-10-09T10:49:01.4543186Z [command]/usr/bin/git config --local --name-only --get-regexp http\.https\:\/\/github\.com\/\.extraheader
integration (1)	Checkout complete candidate for application regression	2026-10-09T10:49:01.4586342Z [command]/usr/bin/git submodule foreach --recursive sh -c "git config --local --name-only --get-regexp 'http\.https\:\/\/github\.com\/\.extraheader' && git config --local --unset-all 'http.https://github.com/.extraheader' || :"
integration (1)	Checkout complete candidate for application regression	2026-10-09T10:49:01.4853594Z Removing includeIf entries pointing to credentials config files
integration (1)	Checkout complete candidate for application regression	2026-10-09T10:49:01.4855904Z [command]/usr/bin/git config --local --name-only --get-regexp ^includeIf\.gitdir:
integration (1)	Checkout complete candidate for application regression	2026-10-09T10:49:01.4894591Z [command]/usr/bin/git submodule foreach --recursive git config --local --show-origin --name-only --get-regexp remote.origin.url
integration (1)	Checkout complete candidate for application regression	2026-10-09T10:49:01.5165099Z [command]/usr/bin/git config --file /home/runner/work/_temp/git-credentials-b7d5ea6e-5020-4df8-8e4e-643fcbe2dbe5.config http.https://github.com/.extraheader AUTHORIZATION: basic ***
integration (1)	Checkout complete candidate for application regression	2026-10-09T10:49:01.5211945Z [command]/usr/bin/git config --local includeIf.gitdir:/home/runner/work/WorldAtlas/WorldAtlas/.git.path /home/runner/work/_temp/git-credentials-b7d5ea6e-5020-4df8-8e4e-643fcbe2dbe5.config
integration (1)	Checkout complete candidate for application regression	2026-10-09T10:49:01.5253562Z [command]/usr/bin/git config --local includeIf.gitdir:/home/runner/work/WorldAtlas/WorldAtlas/.git/worktrees/*.path /home/runner/work/_temp/git-credentials-b7d5ea6e-5020-4df8-8e4e-643fcbe2dbe5.config
integration (1)	Checkout complete candidate for application regression	2026-10-09T10:49:01.5299227Z [command]/usr/bin/git config --local includeIf.gitdir:/github/workspace/.git.path /github/runner_temp/git-credentials-b7d5ea6e-5020-4df8-8e4e-643fcbe2dbe5.config
integration (1)	Checkout complete candidate for application regression	2026-10-09T10:49:01.5337543Z [command]/usr/bin/git config --local includeIf.gitdir:/github/workspace/.git/worktrees/*.path /github/runner_temp/git-credentials-b7d5ea6e-5020-4df8-8e4e-643fcbe2dbe5.config
integration (1)	Checkout complete candidate for application regression	2026-10-09T10:49:01.5378521Z ##[endgroup]
integration (1)	Checkout complete candidate for application regression	2026-10-09T10:49:01.5379733Z ##[group]Fetching the repository
integration (1)	Checkout complete candidate for application regression	2026-10-09T10:49:01.5388832Z [command]/usr/bin/git -c protocol.version=2 fetch --no-tags --prune --no-recurse-submodules --depth=1 origin a42387fc27b6e51d6d245504fcc478307bd2a20a
integration (1)	Checkout complete candidate for application regression	2026-10-09T10:50:22.2277171Z From https://github.com/ChengshuLi/WorldAtlas
integration (1)	Checkout complete candidate for application regression	2026-10-09T10:50:22.2279181Z  * branch              a42387fc27b6e51d6d245504fcc478307bd2a20a -> FETCH_HEAD
integration (1)	Checkout complete candidate for application regression	2026-10-09T10:50:22.2301866Z [command]/usr/bin/git rev-parse --verify --quiet a42387fc27b6e51d6d245504fcc478307bd2a20a^{object}
integration (1)	Checkout complete candidate for application regression	2026-10-09T10:50:22.2333460Z a42387fc27b6e51d6d245504fcc478307bd2a20a
integration (1)	Checkout complete candidate for application regression	2026-10-09T10:50:22.2348135Z ##[endgroup]
integration (1)	Checkout complete candidate for application regression	2026-10-09T10:50:22.2349896Z ##[group]Determining the checkout info
integration (1)	Checkout complete candidate for application regression	2026-10-09T10:50:22.2350628Z ##[endgroup]
integration (1)	Checkout complete candidate for application regression	2026-10-09T10:50:22.2351167Z [command]/usr/bin/git sparse-checkout disable
integration (1)	Checkout complete candidate for application regression	2026-10-09T10:50:22.2482602Z [command]/usr/bin/git config --local --unset-all extensions.worktreeConfig
integration (1)	Checkout complete candidate for application regression	2026-10-09T10:50:22.2486134Z ##[group]Checking out the ref
integration (1)	Checkout complete candidate for application regression	2026-10-09T10:50:22.2487501Z [command]/usr/bin/git checkout --progress --force a42387fc27b6e51d6d245504fcc478307bd2a20a
integration (1)	Checkout complete candidate for application regression	2026-10-09T10:50:23.2888662Z Updating files:   4% (1343/26898)
integration (1)	Checkout complete candidate for application regression	2026-10-09T10:50:23.6668236Z Updating files:   5% (1345/26898)
integration (1)	Checkout complete candidate for application regression	2026-10-09T10:50:24.1069850Z Updating files:   6% (1614/26898)
integration (1)	Checkout complete candidate for application regression	2026-10-09T10:50:24.2886023Z Updating files:   7% (1883/26898)
integration (1)	Checkout complete candidate for application regression	2026-10-09T10:50:24.3302308Z Updating files:   7% (2024/26898)
integration (1)	Checkout complete candidate for application regression	2026-10-09T10:50:24.5995725Z Updating files:   8% (2152/26898)
integration (1)	Checkout complete candidate for application regression	2026-10-09T10:50:25.2257308Z Updating files:   9% (2421/26898)
integration (1)	Checkout complete candidate for application regression	2026-10-09T10:50:25.2932294Z Updating files:  10% (2690/26898)
integration (1)	Checkout complete candidate for application regression	2026-10-09T10:50:25.7396877Z Updating files:  10% (2699/26898)
integration (1)	Checkout complete candidate for application regression	2026-10-09T10:50:26.0573527Z Updating files:  11% (2959/26898)
integration (1)	Checkout complete candidate for application regression	2026-10-09T10:50:26.2880174Z Updating files:  12% (3228/26898)
integration (1)	Checkout complete candidate for application regression	2026-10-09T10:50:26.4274367Z Updating files:  12% (3396/26898)
integration (1)	Checkout complete candidate for application regression	2026-10-09T10:50:26.6879142Z Updating files:  13% (3497/26898)
integration (1)	Checkout complete candidate for application regression	2026-10-09T10:50:27.1243850Z Updating files:  14% (3766/26898)
integration (1)	Checkout complete candidate for application regression	2026-10-09T10:50:27.3154216Z Updating files:  15% (4035/26898)
integration (1)	Checkout complete candidate for application regression	2026-10-09T10:50:27.3509778Z Updating files:  15% (4205/26898)
integration (1)	Checkout complete candidate for application regression	2026-10-09T10:50:27.4283636Z Updating files:  16% (4304/26898)
integration (1)	Checkout complete candidate for application regression	2026-10-09T10:50:27.6946320Z Updating files:  17% (4573/26898)
integration (1)	Checkout complete candidate for application regression	2026-10-09T10:50:27.8657452Z Updating files:  18% (4842/26898)
integration (1)	Checkout complete candidate for application regression	2026-10-09T10:50:28.0570986Z Updating files:  19% (5111/26898)
integration (1)	Checkout complete candidate for application regression	2026-10-09T10:50:28.1525793Z Updating files:  20% (5380/26898)
integration (1)	Checkout complete candidate for application regression	2026-10-09T10:50:28.2897280Z Updating files:  21% (5649/26898)
integration (1)	Checkout complete candidate for application regression	2026-10-09T10:50:28.5103022Z Updating files:  21% (5800/26898)
integration (1)	Checkout complete candidate for application regression	2026-10-09T10:50:28.6940228Z Updating files:  22% (5918/26898)
integration (1)	Checkout complete candidate for application regression	2026-10-09T10:50:29.2080884Z Updating files:  23% (6187/26898)
integration (1)	Checkout complete candidate for application regression	2026-10-09T10:50:29.2874547Z Updating files:  24% (6456/26898)
integration (1)	Checkout complete candidate for application regression	2026-10-09T10:50:29.4260252Z Updating files:  24% (6487/26898)
integration (1)	Checkout complete candidate for application regression	2026-10-09T10:50:29.5563490Z Updating files:  25% (6725/26898)
integration (1)	Checkout complete candidate for application regression	2026-10-09T10:50:29.8968454Z Updating files:  26% (6994/26898)
integration (1)	Checkout complete candidate for application regression	2026-10-09T10:50:30.2876483Z Updating files:  27% (7263/26898)
integration (1)	Checkout complete candidate for application regression	2026-10-09T10:50:30.3095221Z Updating files:  27% (7464/26898)
integration (1)	Checkout complete candidate for application regression	2026-10-09T10:50:30.3591373Z Updating files:  28% (7532/26898)
integration (1)	Checkout complete candidate for application regression	2026-10-09T10:50:30.4110238Z Updating files:  29% (7801/26898)
integration (1)	Checkout complete candidate for application regression	2026-10-09T10:50:30.6990886Z Updating files:  30% (8070/26898)
integration (1)	Checkout complete candidate for application regression	2026-10-09T10:50:30.7635467Z Updating files:  31% (8339/26898)
integration (1)	Checkout complete candidate for application regression	2026-10-09T10:50:31.0456503Z Updating files:  32% (8608/26898)
integration (1)	Checkout complete candidate for application regression	2026-10-09T10:50:31.1016461Z Updating files:  33% (8877/26898)
integration (1)	Checkout complete candidate for application regression	2026-10-09T10:50:31.1876829Z Updating files:  34% (9146/26898)
integration (1)	Checkout complete candidate for application regression	2026-10-09T10:50:31.2865821Z Updating files:  35% (9415/26898)
integration (1)	Checkout complete candidate for application regression	2026-10-09T10:50:31.3261708Z Updating files:  35% (9584/26898)
integration (1)	Checkout complete candidate for application regression	2026-10-09T10:50:31.4356869Z Updating files:  36% (9684/26898)
integration (1)	Checkout complete candidate for application regression	2026-10-09T10:50:31.4547622Z Updating files:  37% (9953/26898)
integration (1)	Checkout complete candidate for application regression	2026-10-09T10:50:31.4732312Z Updating files:  38% (10222/26898)
integration (1)	Checkout complete candidate for application regression	2026-10-09T10:50:31.4920378Z Updating files:  39% (10491/26898)
integration (1)	Checkout complete candidate for application regression	2026-10-09T10:50:31.5152784Z Updating files:  40% (10760/26898)
integration (1)	Checkout complete candidate for application regression	2026-10-09T10:50:31.5521428Z Updating files:  41% (11029/26898)
integration (1)	Checkout complete candidate for application regression	2026-10-09T10:50:32.2866164Z Updating files:  42% (11298/26898)
integration (1)	Checkout complete candidate for application regression	2026-10-09T10:50:32.3141826Z Updating files:  42% (11448/26898)
integration (1)	Checkout complete candidate for application regression	2026-10-09T10:50:32.3599807Z Updating files:  43% (11567/26898)
integration (1)	Checkout complete candidate for application regression	2026-10-09T10:50:32.5347173Z Updating files:  44% (11836/26898)
integration (1)	Checkout complete candidate for application regression	2026-10-09T10:50:32.6959246Z Updating files:  45% (12105/26898)
integration (1)	Checkout complete candidate for application regression	2026-10-09T10:50:33.2935009Z Updating files:  46% (12374/26898)
integration (1)	Checkout complete candidate for application regression	2026-10-09T10:50:33.2939805Z Updating files:  46% (12642/26898)
integration (1)	Checkout complete candidate for application regression	2026-10-09T10:50:33.4848244Z Updating files:  47% (12643/26898)
integration (1)	Checkout complete candidate for application regression	2026-10-09T10:50:33.8023012Z Updating files:  48% (12912/26898)
integration (1)	Checkout complete candidate for application regression	2026-10-09T10:50:33.9998623Z Updating files:  49% (13181/26898)
integration (1)	Checkout complete candidate for application regression	2026-10-09T10:50:34.2866654Z Updating files:  50% (13449/26898)
integration (1)	Checkout complete candidate for application regression	2026-10-09T10:50:34.3752517Z Updating files:  50% (13594/26898)
integration (1)	Checkout complete candidate for application regression	2026-10-09T10:50:34.5495946Z Updating files:  51% (13718/26898)
integration (1)	Checkout complete candidate for application regression	2026-10-09T10:50:34.9422837Z Updating files:  52% (13987/26898)
integration (1)	Checkout complete candidate for application regression	2026-10-09T10:50:35.0619311Z Updating files:  53% (14256/26898)
integration (1)	Checkout complete candidate for application regression	2026-10-09T10:50:35.3234105Z Updating files:  54% (14525/26898)
integration (1)	Checkout complete candidate for application regression	2026-10-09T10:50:35.3974911Z Updating files:  54% (14639/26898)
integration (1)	Checkout complete candidate for application regression	2026-10-09T10:50:35.7839735Z Updating files:  55% (14794/26898)
integration (1)	Checkout complete candidate for application regression	2026-10-09T10:50:36.2963680Z Updating files:  56% (15063/26898)
integration (1)	Checkout complete candidate for application regression	2026-10-09T10:50:36.5966851Z Updating files:  56% (15230/26898)
integration (1)	Checkout complete candidate for application regression	2026-10-09T10:50:37.2865998Z Updating files:  57% (15332/26898)
integration (1)	Checkout complete candidate for application regression	2026-10-09T10:50:37.4335196Z Updating files:  57% (15535/26898)
integration (1)	Checkout complete candidate for application regression	2026-10-09T10:50:38.1200195Z Updating files:  58% (15601/26898)
integration (1)	Checkout complete candidate for application regression	2026-10-09T10:50:38.3079236Z Updating files:  59% (15870/26898)
integration (1)	Checkout complete candidate for application regression	2026-10-09T10:50:38.6127690Z Updating files:  59% (15948/26898)
integration (1)	Checkout complete candidate for application regression	2026-10-09T10:50:39.2967655Z Updating files:  60% (16139/26898)
integration (1)	Checkout complete candidate for application regression	2026-10-09T10:50:39.4900902Z Updating files:  60% (16280/26898)
integration (1)	Checkout complete candidate for application regression	2026-10-09T10:50:40.4122865Z Updating files:  61% (16408/26898)
integration (1)	Checkout complete candidate for application regression	2026-10-09T10:50:40.4123311Z Updating files:  62% (16677/26898)
integration (1)	Checkout complete candidate for application regression	2026-10-09T10:50:41.4219752Z Updating files:  62% (16694/26898)
integration (1)	Checkout complete candidate for application regression	2026-10-09T10:50:41.4220809Z Updating files:  63% (16946/26898)
integration (1)	Checkout complete candidate for application regression	2026-10-09T10:50:42.3388383Z Updating files:  63% (17024/26898)
integration (1)	Checkout complete candidate for application regression	2026-10-09T10:50:42.3427099Z Updating files:  63% (17195/26898)
integration (1)	Checkout complete candidate for application regression	2026-10-09T10:50:42.4503385Z Updating files:  64% (17215/26898)
integration (1)	Checkout complete candidate for application regression	2026-10-09T10:50:42.4850102Z Updating files:  65% (17484/26898)
integration (1)	Checkout complete candidate for application regression	2026-10-09T10:50:42.5310394Z Updating files:  66% (17753/26898)
integration (1)	Checkout complete candidate for application regression	2026-10-09T10:50:42.6340202Z Updating files:  67% (18022/26898)
integration (1)	Checkout complete candidate for application regression	2026-10-09T10:50:43.0643996Z Updating files:  68% (18291/26898)
integration (1)	Checkout complete candidate for application regression	2026-10-09T10:50:43.5716717Z Updating files:  69% (18560/26898)
integration (1)	Checkout complete candidate for application regression	2026-10-09T10:50:43.8776098Z Updating files:  70% (18829/26898)
integration (1)	Checkout complete candidate for application regression	2026-10-09T10:50:44.3587103Z Updating files:  70% (19053/26898)
integration (1)	Checkout complete candidate for application regression	2026-10-09T10:50:45.7712629Z Updating files:  70% (19054/26898)
integration (1)	Checkout complete candidate for application regression	2026-10-09T10:50:45.8468255Z Updating files:  70% (19057/26898)
integration (1)	Checkout complete candidate for application regression	2026-10-09T10:50:45.8894800Z Updating files:  71% (19098/26898)
integration (1)	Checkout complete candidate for application regression	2026-10-09T10:50:46.0002181Z Updating files:  72% (19367/26898)
integration (1)	Checkout complete candidate for application regression	2026-10-09T10:50:46.0796123Z Updating files:  73% (19636/26898)
integration (1)	Checkout complete candidate for application regression	2026-10-09T10:50:46.3322939Z Updating files:  74% (19905/26898)
integration (1)	Checkout complete candidate for application regression	2026-10-09T10:50:46.4417910Z Updating files:  74% (20172/26898)
integration (1)	Checkout complete candidate for application regression	2026-10-09T10:50:46.4871169Z Updating files:  75% (20174/26898)
integration (1)	Checkout complete candidate for application regression	2026-10-09T10:50:46.5490769Z Updating files:  76% (20443/26898)
integration (1)	Checkout complete candidate for application regression	2026-10-09T10:50:46.7250084Z Updating files:  77% (20712/26898)
integration (1)	Checkout complete candidate for application regression	2026-10-09T10:50:46.8889309Z Updating files:  78% (20981/26898)
integration (1)	Checkout complete candidate for application regression	2026-10-09T10:50:46.9880198Z Updating files:  79% (21250/26898)
integration (1)	Checkout complete candidate for application regression	2026-10-09T10:50:47.2895424Z Updating files:  80% (21519/26898)
integration (1)	Checkout complete candidate for application regression	2026-10-09T10:50:47.8084824Z Updating files:  80% (21677/26898)
integration (1)	Checkout complete candidate for application regression	2026-10-09T10:50:48.3187762Z Updating files:  81% (21788/26898)
integration (1)	Checkout complete candidate for application regression	2026-10-09T10:50:49.0623276Z Updating files:  81% (21842/26898)
integration (1)	Checkout complete candidate for application regression	2026-10-09T10:50:49.3826749Z Updating files:  82% (22057/26898)
integration (1)	Checkout complete candidate for application regression	2026-10-09T10:50:49.9334975Z Updating files:  82% (22111/26898)
integration (1)	Checkout complete candidate for application regression	2026-10-09T10:50:50.1621066Z Updating files:  83% (22326/26898)
integration (1)	Checkout complete candidate for application regression	2026-10-09T10:50:50.2935090Z Updating files:  84% (22595/26898)
integration (1)	Checkout complete candidate for application regression	2026-10-09T10:50:51.0434301Z Updating files:  84% (22647/26898)
integration (1)	Checkout complete candidate for application regression	2026-10-09T10:50:51.3128912Z Updating files:  85% (22864/26898)
integration (1)	Checkout complete candidate for application regression	2026-10-09T10:50:51.7724287Z Updating files:  85% (22956/26898)
integration (1)	Checkout complete candidate for application regression	2026-10-09T10:50:51.9390241Z Updating files:  86% (23133/26898)
integration (1)	Checkout complete candidate for application regression	2026-10-09T10:50:52.2890230Z Updating files:  87% (23402/26898)
integration (1)	Checkout complete candidate for application regression	2026-10-09T10:50:52.3468529Z Updating files:  87% (23501/26898)
integration (1)	Checkout complete candidate for application regression	2026-10-09T10:50:52.4615178Z Updating files:  88% (23671/26898)
integration (1)	Checkout complete candidate for application regression	2026-10-09T10:50:52.8782422Z Updating files:  89% (23940/26898)
integration (1)	Checkout complete candidate for application regression	2026-10-09T10:50:53.3032370Z Updating files:  90% (24209/26898)
integration (1)	Checkout complete candidate for application regression	2026-10-09T10:50:53.3797406Z Updating files:  90% (24292/26898)
integration (1)	Checkout complete candidate for application regression	2026-10-09T10:50:53.3989204Z Updating files:  91% (24478/26898)
integration (1)	Checkout complete candidate for application regression	2026-10-09T10:50:53.5788495Z Updating files:  92% (24747/26898)
integration (1)	Checkout complete candidate for application regression	2026-10-09T10:50:54.5921347Z Updating files:  93% (25016/26898)
integration (1)	Checkout complete candidate for application regression	2026-10-09T10:50:54.8409092Z Updating files:  93% (25218/26898)
integration (1)	Checkout complete candidate for application regression	2026-10-09T10:50:55.3372550Z Updating files:  94% (25285/26898)
integration (1)	Checkout complete candidate for application regression	2026-10-09T10:50:55.4441714Z Updating files:  94% (25360/26898)
integration (1)	Checkout complete candidate for application regression	2026-10-09T10:50:55.4643209Z Updating files:  95% (25554/26898)
integration (1)	Checkout complete candidate for application regression	2026-10-09T10:50:55.5719685Z Updating files:  96% (25823/26898)
integration (1)	Checkout complete candidate for application regression	2026-10-09T10:50:55.6018415Z Updating files:  97% (26092/26898)
integration (1)	Checkout complete candidate for application regression	2026-10-09T10:50:55.6228692Z Updating files:  98% (26361/26898)
integration (1)	Checkout complete candidate for application regression	2026-10-09T10:50:55.6460769Z Updating files:  99% (26630/26898)
integration (1)	Checkout complete candidate for application regression	2026-10-09T10:50:55.6461872Z Updating files: 100% (26898/26898)
integration (1)	Checkout complete candidate for application regression	2026-10-09T10:50:55.6469348Z Updating files: 100% (26898/26898), done.
integration (1)	Checkout complete candidate for application regression	2026-10-09T10:50:55.6758950Z Note: switching to 'a42387fc27b6e51d6d245504fcc478307bd2a20a'.
integration (1)	Checkout complete candidate for application regression	2026-10-09T10:50:55.6759856Z 
integration (1)	Checkout complete candidate for application regression	2026-10-09T10:50:55.6762159Z You are in 'detached HEAD' state. You can look around, make experimental
integration (1)	Checkout complete candidate for application regression	2026-10-09T10:50:55.6762777Z changes and commit them, and you can discard any commits you make in this
integration (1)	Checkout complete candidate for application regression	2026-10-09T10:50:55.6763345Z state without impacting any branches by switching back to a branch.
integration (1)	Checkout complete candidate for application regression	2026-10-09T10:50:55.6763680Z 
integration (1)	Checkout complete candidate for application regression	2026-10-09T10:50:55.6763896Z If you want to create a new branch to retain commits you create, you may
integration (1)	Checkout complete candidate for application regression	2026-10-09T10:50:55.6764433Z do so (now or later) by using -c with the switch command. Example:
integration (1)	Checkout complete candidate for application regression	2026-10-09T10:50:55.6764796Z 
integration (1)	Checkout complete candidate for application regression	2026-10-09T10:50:55.6764921Z   git switch -c <new-branch-name>
integration (1)	Checkout complete candidate for application regression	2026-10-09T10:50:55.6765127Z 
integration (1)	Checkout complete candidate for application regression	2026-10-09T10:50:55.6765248Z Or undo this operation with:
integration (1)	Checkout complete candidate for application regression	2026-10-09T10:50:55.6765434Z 
integration (1)	Checkout complete candidate for application regression	2026-10-09T10:50:55.6765536Z   git switch -
integration (1)	Checkout complete candidate for application regression	2026-10-09T10:50:55.6765697Z 
integration (1)	Checkout complete candidate for application regression	2026-10-09T10:50:55.6765944Z Turn off this advice by setting config variable advice.detachedHead to false
integration (1)	Checkout complete candidate for application regression	2026-10-09T10:50:55.6766319Z 
integration (1)	Checkout complete candidate for application regression	2026-10-09T10:50:55.6766731Z HEAD is now at a42387fc Merge dc7a4435806e927f478ab61c6eb7736d5156f766 into f0c44a8c2e6bdf11fa83286c463709c69fa61c3d
integration (1)	Checkout complete candidate for application regression	2026-10-09T10:50:55.7339521Z ##[endgroup]
integration (1)	Checkout complete candidate for application regression	2026-10-09T10:50:55.7467728Z [command]/usr/bin/git log -1 --format=%H
integration (1)	Checkout complete candidate for application regression	2026-10-09T10:50:55.7503432Z a42387fc27b6e51d6d245504fcc478307bd2a20a
integration (1)	Checkout complete candidate for application regression	2026-10-09T10:50:55.7556501Z ##[group]Removing auth
integration (1)	Checkout complete candidate for application regression	2026-10-09T10:50:55.7560158Z Removing SSH command configuration
integration (1)	Checkout complete candidate for application regression	2026-10-09T10:50:55.7567505Z [command]/usr/bin/git config --local --name-only --get-regexp core\.sshCommand
integration (1)	Checkout complete candidate for application regression	2026-10-09T10:50:55.7612287Z [command]/usr/bin/git submodule foreach --recursive sh -c "git config --local --name-only --get-regexp 'core\.sshCommand' && git config --local --unset-all 'core.sshCommand' || :"
integration (1)	Checkout complete candidate for application regression	2026-10-09T10:50:55.7915796Z Removing HTTP extra header
integration (1)	Checkout complete candidate for application regression	2026-10-09T10:50:55.7923243Z [command]/usr/bin/git config --local --name-only --get-regexp http\.https\:\/\/github\.com\/\.extraheader
integration (1)	Checkout complete candidate for application regression	2026-10-09T10:50:55.7967362Z [command]/usr/bin/git submodule foreach --recursive sh -c "git config --local --name-only --get-regexp 'http\.https\:\/\/github\.com\/\.extraheader' && git config --local --unset-all 'http.https://github.com/.extraheader' || :"
integration (1)	Checkout complete candidate for application regression	2026-10-09T10:50:55.8226455Z Removing includeIf entries pointing to credentials config files
integration (1)	Checkout complete candidate for application regression	2026-10-09T10:50:55.8232807Z [command]/usr/bin/git config --local --name-only --get-regexp ^includeIf\.gitdir:
integration (1)	Checkout complete candidate for application regression	2026-10-09T10:50:55.8262407Z includeif.gitdir:/home/runner/work/WorldAtlas/WorldAtlas/.git.path
integration (1)	Checkout complete candidate for application regression	2026-10-09T10:50:55.8263249Z includeif.gitdir:/home/runner/work/WorldAtlas/WorldAtlas/.git/worktrees/*.path
integration (1)	Checkout complete candidate for application regression	2026-10-09T10:50:55.8263730Z includeif.gitdir:/github/workspace/.git.path
integration (1)	Checkout complete candidate for application regression	2026-10-09T10:50:55.8264113Z includeif.gitdir:/github/workspace/.git/worktrees/*.path
integration (1)	Checkout complete candidate for application regression	2026-10-09T10:50:55.8280691Z [command]/usr/bin/git config --local --get-all includeif.gitdir:/home/runner/work/WorldAtlas/WorldAtlas/.git.path
integration (1)	Checkout complete candidate for application regression	2026-10-09T10:50:55.8302488Z /home/runner/work/_temp/git-credentials-b7d5ea6e-5020-4df8-8e4e-643fcbe2dbe5.config
integration (1)	Checkout complete candidate for application regression	2026-10-09T10:50:55.8328703Z [command]/usr/bin/git config --local --unset includeif.gitdir:/home/runner/work/WorldAtlas/WorldAtlas/.git.path /home/runner/work/_temp/git-credentials-b7d5ea6e-5020-4df8-8e4e-643fcbe2dbe5.config
integration (1)	Checkout complete candidate for application regression	2026-10-09T10:50:55.8369586Z [command]/usr/bin/git config --local --get-all includeif.gitdir:/home/runner/work/WorldAtlas/WorldAtlas/.git/worktrees/*.path
integration (1)	Checkout complete candidate for application regression	2026-10-09T10:50:55.8407495Z /home/runner/work/_temp/git-credentials-b7d5ea6e-5020-4df8-8e4e-643fcbe2dbe5.config
integration (1)	Checkout complete candidate for application regression	2026-10-09T10:50:55.8417314Z [command]/usr/bin/git config --local --unset includeif.gitdir:/home/runner/work/WorldAtlas/WorldAtlas/.git/worktrees/*.path /home/runner/work/_temp/git-credentials-b7d5ea6e-5020-4df8-8e4e-643fcbe2dbe5.config
integration (1)	Checkout complete candidate for application regression	2026-10-09T10:50:55.8454561Z [command]/usr/bin/git config --local --get-all includeif.gitdir:/github/workspace/.git.path
integration (1)	Checkout complete candidate for application regression	2026-10-09T10:50:55.8481896Z /github/runner_temp/git-credentials-b7d5ea6e-5020-4df8-8e4e-643fcbe2dbe5.config
integration (1)	Checkout complete candidate for application regression	2026-10-09T10:50:55.8490679Z [command]/usr/bin/git config --local --unset includeif.gitdir:/github/workspace/.git.path /github/runner_temp/git-credentials-b7d5ea6e-5020-4df8-8e4e-643fcbe2dbe5.config
integration (1)	Checkout complete candidate for application regression	2026-10-09T10:50:55.8528252Z [command]/usr/bin/git config --local --get-all includeif.gitdir:/github/workspace/.git/worktrees/*.path
integration (1)	Checkout complete candidate for application regression	2026-10-09T10:50:55.8554492Z /github/runner_temp/git-credentials-b7d5ea6e-5020-4df8-8e4e-643fcbe2dbe5.config
integration (1)	Checkout complete candidate for application regression	2026-10-09T10:50:55.8561475Z [command]/usr/bin/git config --local --unset includeif.gitdir:/github/workspace/.git/worktrees/*.path /github/runner_temp/git-credentials-b7d5ea6e-5020-4df8-8e4e-643fcbe2dbe5.config
integration (1)	Checkout complete candidate for application regression	2026-10-09T10:50:55.8596776Z [command]/usr/bin/git submodule foreach --recursive git config --local --show-origin --name-only --get-regexp remote.origin.url
integration (1)	Checkout complete candidate for application regression	2026-10-09T10:50:55.8850435Z Removing credentials config '/home/runner/work/_temp/git-credentials-b7d5ea6e-5020-4df8-8e4e-643fcbe2dbe5.config'
integration (1)	Checkout complete candidate for application regression	2026-10-09T10:50:55.8871851Z ##[endgroup]
integration (1)	Run actions/setup-node@249970729cb0ef3589644e2896645e5dc5ba9c38	﻿2026-10-09T10:50:55.9343957Z ##[group]Run actions/setup-node@249970729cb0ef3589644e2896645e5dc5ba9c38
integration (1)	Run actions/setup-node@249970729cb0ef3589644e2896645e5dc5ba9c38	2026-10-09T10:50:55.9344409Z with:
integration (1)	Run actions/setup-node@249970729cb0ef3589644e2896645e5dc5ba9c38	2026-10-09T10:50:55.9344615Z   node-version: 24
integration (1)	Run actions/setup-node@249970729cb0ef3589644e2896645e5dc5ba9c38	2026-10-09T10:50:55.9344840Z   check-latest: false
integration (1)	Run actions/setup-node@249970729cb0ef3589644e2896645e5dc5ba9c38	2026-10-09T10:50:55.9347546Z   token: ***
integration (1)	Run actions/setup-node@249970729cb0ef3589644e2896645e5dc5ba9c38	2026-10-09T10:50:55.9347772Z   package-manager-cache: true
integration (1)	Run actions/setup-node@249970729cb0ef3589644e2896645e5dc5ba9c38	2026-10-09T10:50:55.9348025Z ##[endgroup]
integration (1)	Run actions/setup-node@249970729cb0ef3589644e2896645e5dc5ba9c38	2026-10-09T10:50:56.1278318Z Found in cache @ /opt/hostedtoolcache/node/24.21.0/x64
integration (1)	Run actions/setup-node@249970729cb0ef3589644e2896645e5dc5ba9c38	2026-10-09T10:50:56.1282016Z ##[group]Environment details
integration (1)	Run actions/setup-node@249970729cb0ef3589644e2896645e5dc5ba9c38	2026-10-09T10:50:56.5334055Z node: v24.21.0
integration (1)	Run actions/setup-node@249970729cb0ef3589644e2896645e5dc5ba9c38	2026-10-09T10:50:56.5334576Z npm: 11.19.0
integration (1)	Run actions/setup-node@249970729cb0ef3589644e2896645e5dc5ba9c38	2026-10-09T10:50:56.5334947Z yarn: 1.22.22
integration (1)	Run actions/setup-node@249970729cb0ef3589644e2896645e5dc5ba9c38	2026-10-09T10:50:56.5336453Z ##[endgroup]
integration (1)	Run actions/setup-python@a26af69be951a213d495a4c3e4e4022e16d87065	﻿2026-10-09T10:50:56.5550858Z ##[group]Run actions/setup-python@a26af69be951a213d495a4c3e4e4022e16d87065
integration (1)	Run actions/setup-python@a26af69be951a213d495a4c3e4e4022e16d87065	2026-10-09T10:50:56.5551330Z with:
integration (1)	Run actions/setup-python@a26af69be951a213d495a4c3e4e4022e16d87065	2026-10-09T10:50:56.5551545Z   python-version: 3.12
integration (1)	Run actions/setup-python@a26af69be951a213d495a4c3e4e4022e16d87065	2026-10-09T10:50:56.5551786Z   check-latest: false
integration (1)	Run actions/setup-python@a26af69be951a213d495a4c3e4e4022e16d87065	2026-10-09T10:50:56.5554521Z   token: ***
integration (1)	Run actions/setup-python@a26af69be951a213d495a4c3e4e4022e16d87065	2026-10-09T10:50:56.5554744Z   update-environment: true
integration (1)	Run actions/setup-python@a26af69be951a213d495a4c3e4e4022e16d87065	2026-10-09T10:50:56.5554997Z   allow-prereleases: false
integration (1)	Run actions/setup-python@a26af69be951a213d495a4c3e4e4022e16d87065	2026-10-09T10:50:56.5555229Z   freethreaded: false
integration (1)	Run actions/setup-python@a26af69be951a213d495a4c3e4e4022e16d87065	2026-10-09T10:50:56.5555445Z ##[endgroup]
integration (1)	Run actions/setup-python@a26af69be951a213d495a4c3e4e4022e16d87065	2026-10-09T10:50:56.7001304Z ##[group]Installed versions
integration (1)	Run actions/setup-python@a26af69be951a213d495a4c3e4e4022e16d87065	2026-10-09T10:50:56.7118859Z (node:2454) [DEP0040] DeprecationWarning: The `punycode` module is deprecated. Please use a userland alternative instead.
integration (1)	Run actions/setup-python@a26af69be951a213d495a4c3e4e4022e16d87065	2026-10-09T10:50:56.7120557Z Successfully set up CPython (3.12.15)
integration (1)	Run actions/setup-python@a26af69be951a213d495a4c3e4e4022e16d87065	2026-10-09T10:50:56.7121451Z ##[endgroup]
integration (1)	Run actions/setup-python@a26af69be951a213d495a4c3e4e4022e16d87065	2026-10-09T10:50:56.7128458Z (Use `node --trace-deprecation ...` to show where the warning was created)
integration (1)	Run npm ci --no-audit --no-fund	﻿2026-10-09T10:50:56.7286328Z ##[group]Run npm ci --no-audit --no-fund
integration (1)	Run npm ci --no-audit --no-fund	2026-10-09T10:50:56.7286816Z ^[[36;1mnpm ci --no-audit --no-fund^[[0m
integration (1)	Run npm ci --no-audit --no-fund	2026-10-09T10:50:56.8150684Z shell: /usr/bin/bash -e {0}
integration (1)	Run npm ci --no-audit --no-fund	2026-10-09T10:50:56.8151079Z env:
integration (1)	Run npm ci --no-audit --no-fund	2026-10-09T10:50:56.8151427Z   pythonLocation: /opt/hostedtoolcache/Python/3.12.15/x64
integration (1)	Run npm ci --no-audit --no-fund	2026-10-09T10:50:56.8152008Z   PKG_CONFIG_PATH: /opt/hostedtoolcache/Python/3.12.15/x64/lib/pkgconfig
integration (1)	Run npm ci --no-audit --no-fund	2026-10-09T10:50:56.8152811Z   Python_ROOT_DIR: /opt/hostedtoolcache/Python/3.12.15/x64
integration (1)	Run npm ci --no-audit --no-fund	2026-10-09T10:50:56.8153280Z   Python2_ROOT_DIR: /opt/hostedtoolcache/Python/3.12.15/x64
integration (1)	Run npm ci --no-audit --no-fund	2026-10-09T10:50:56.8153742Z   Python3_ROOT_DIR: /opt/hostedtoolcache/Python/3.12.15/x64
integration (1)	Run npm ci --no-audit --no-fund	2026-10-09T10:50:56.8154212Z   LD_LIBRARY_PATH: /opt/hostedtoolcache/Python/3.12.15/x64/lib
integration (1)	Run npm ci --no-audit --no-fund	2026-10-09T10:50:56.8154612Z ##[endgroup]
integration (1)	Run npm ci --no-audit --no-fund	2026-10-09T10:51:00.4640400Z npm warn deprecated geographiclib@1.48.0: This package has been split into geographic-geodesic + geographiclib-dms; use one or both of these instead of geographiclib.  WARNING: there's a potential buffer overrun on this package.  SWITCH TO THE NEW PACKAGES NOW.
integration (1)	Run npm ci --no-audit --no-fund	2026-10-09T10:51:00.4987329Z npm warn deprecated @esbuild-kit/core-utils@3.3.2: Merged into tsx: https://tsx.hirok.io
integration (1)	Run npm ci --no-audit --no-fund	2026-10-09T10:51:00.4991513Z npm warn deprecated @esbuild-kit/esm-loader@2.6.5: Merged into tsx: https://tsx.hirok.io
integration (1)	Run npm ci --no-audit --no-fund	2026-10-09T10:51:12.6847760Z 
integration (1)	Run npm ci --no-audit --no-fund	2026-10-09T10:51:12.6848618Z added 324 packages in 16s
integration (1)	Run npm ci --no-audit --no-fund	2026-10-09T10:51:12.6866695Z npm warn install-scripts 7 packages have install scripts not yet covered by allowScripts:
integration (1)	Run npm ci --no-audit --no-fund	2026-10-09T10:51:12.6868035Z npm warn install-scripts   esbuild@0.18.20 (postinstall: node install.js)
integration (1)	Run npm ci --no-audit --no-fund	2026-10-09T10:51:12.6868795Z npm warn install-scripts   better-sqlite3@13.0.3 (install: node-gyp rebuild)
integration (1)	Run npm ci --no-audit --no-fund	2026-10-09T10:51:12.6869899Z npm warn install-scripts   esbuild@0.25.12 (postinstall: node install.js)
integration (1)	Run npm ci --no-audit --no-fund	2026-10-09T10:51:12.6870689Z npm warn install-scripts   esbuild@0.28.2 (postinstall: node install.js)
integration (1)	Run npm ci --no-audit --no-fund	2026-10-09T10:51:12.6871606Z npm warn install-scripts   msgpackr-extract@3.0.4 (install: node-gyp-build-optional-packages)
integration (1)	Run npm ci --no-audit --no-fund	2026-10-09T10:51:12.6872866Z npm warn install-scripts   workerd@1.20261001.1 (postinstall: node install.js)
integration (1)	Run npm ci --no-audit --no-fund	2026-10-09T10:51:12.6874115Z npm warn install-scripts   esbuild@0.28.1 (postinstall: node install.js)
integration (1)	Run npm ci --no-audit --no-fund	2026-10-09T10:51:12.6874994Z npm warn install-scripts
integration (1)	Run npm ci --no-audit --no-fund	2026-10-09T10:51:12.6876369Z npm warn install-scripts Run `npm install-scripts ls` to review, or `npm install-scripts approve <pkg>` to allow.
integration (1)	Run python -m pip install -r requirements.txt	﻿2026-10-09T10:51:12.7554149Z ##[group]Run python -m pip install -r requirements.txt
integration (1)	Run python -m pip install -r requirements.txt	2026-10-09T10:51:12.7554610Z ^[[36;1mpython -m pip install -r requirements.txt^[[0m
integration (1)	Run python -m pip install -r requirements.txt	2026-10-09T10:51:12.7622006Z shell: /usr/bin/bash -e {0}
integration (1)	Run python -m pip install -r requirements.txt	2026-10-09T10:51:12.7622274Z env:
integration (1)	Run python -m pip install -r requirements.txt	2026-10-09T10:51:12.7622552Z   pythonLocation: /opt/hostedtoolcache/Python/3.12.15/x64
integration (1)	Run python -m pip install -r requirements.txt	2026-10-09T10:51:12.7623008Z   PKG_CONFIG_PATH: /opt/hostedtoolcache/Python/3.12.15/x64/lib/pkgconfig
integration (1)	Run python -m pip install -r requirements.txt	2026-10-09T10:51:12.7623465Z   Python_ROOT_DIR: /opt/hostedtoolcache/Python/3.12.15/x64
integration (1)	Run python -m pip install -r requirements.txt	2026-10-09T10:51:12.7623852Z   Python2_ROOT_DIR: /opt/hostedtoolcache/Python/3.12.15/x64
integration (1)	Run python -m pip install -r requirements.txt	2026-10-09T10:51:12.7624230Z   Python3_ROOT_DIR: /opt/hostedtoolcache/Python/3.12.15/x64
integration (1)	Run python -m pip install -r requirements.txt	2026-10-09T10:51:12.7624615Z   LD_LIBRARY_PATH: /opt/hostedtoolcache/Python/3.12.15/x64/lib
integration (1)	Run python -m pip install -r requirements.txt	2026-10-09T10:51:12.7624940Z ##[endgroup]
integration (1)	Run python -m pip install -r requirements.txt	2026-10-09T10:51:13.8558320Z Collecting numpy==2.3.5 (from -r requirements.txt (line 2))
integration (1)	Run python -m pip install -r requirements.txt	2026-10-09T10:51:13.9058399Z   Downloading numpy-2.3.5-cp312-cp312-manylinux_2_27_x86_64.manylinux_2_28_x86_64.whl.metadata (62 kB)
integration (1)	Run python -m pip install -r requirements.txt	2026-10-09T10:51:14.0167060Z Collecting shapely==2.1.2 (from -r requirements.txt (line 3))
integration (1)	Run python -m pip install -r requirements.txt	2026-10-09T10:51:14.0209988Z   Downloading shapely-2.1.2-cp312-cp312-manylinux2014_x86_64.manylinux_2_17_x86_64.whl.metadata (6.8 kB)
integration (1)	Run python -m pip install -r requirements.txt	2026-10-09T10:51:14.0869262Z Collecting pyproj==3.7.2 (from -r requirements.txt (line 4))
integration (1)	Run python -m pip install -r requirements.txt	2026-10-09T10:51:14.0907382Z   Downloading pyproj-3.7.2-cp312-cp312-manylinux_2_28_x86_64.whl.metadata (31 kB)
integration (1)	Run python -m pip install -r requirements.txt	2026-10-09T10:51:14.1796230Z Collecting rasterio==1.4.3 (from -r requirements.txt (line 5))
integration (1)	Run python -m pip install -r requirements.txt	2026-10-09T10:51:14.1846560Z   Downloading rasterio-1.4.3-cp312-cp312-manylinux_2_17_x86_64.manylinux2014_x86_64.whl.metadata (9.1 kB)
integration (1)	Run python -m pip install -r requirements.txt	2026-10-09T10:51:14.3121194Z Collecting scipy==1.17.0 (from -r requirements.txt (line 6))
integration (1)	Run python -m pip install -r requirements.txt	2026-10-09T10:51:14.3167212Z   Downloading scipy-1.17.0-cp312-cp312-manylinux_2_27_x86_64.manylinux_2_28_x86_64.whl.metadata (62 kB)
integration (1)	Run python -m pip install -r requirements.txt	2026-10-09T10:51:14.3502575Z Collecting certifi (from pyproj==3.7.2->-r requirements.txt (line 4))
integration (1)	Run python -m pip install -r requirements.txt	2026-10-09T10:51:14.3544126Z   Downloading certifi-2026.7.22-py3-none-any.whl.metadata (2.5 kB)
integration (1)	Run python -m pip install -r requirements.txt	2026-10-09T10:51:14.3667072Z Collecting affine (from rasterio==1.4.3->-r requirements.txt (line 5))
integration (1)	Run python -m pip install -r requirements.txt	2026-10-09T10:51:14.3703861Z   Downloading affine-3.0.1-py3-none-any.whl.metadata (4.5 kB)
integration (1)	Run python -m pip install -r requirements.txt	2026-10-09T10:51:14.3851248Z Collecting attrs (from rasterio==1.4.3->-r requirements.txt (line 5))
integration (1)	Run python -m pip install -r requirements.txt	2026-10-09T10:51:14.3888202Z   Downloading attrs-26.1.0-py3-none-any.whl.metadata (8.8 kB)
integration (1)	Run python -m pip install -r requirements.txt	2026-10-09T10:51:14.4067010Z Collecting click>=4.0 (from rasterio==1.4.3->-r requirements.txt (line 5))
integration (1)	Run python -m pip install -r requirements.txt	2026-10-09T10:51:14.4101770Z   Downloading click-8.5.0-py3-none-any.whl.metadata (2.6 kB)
integration (1)	Run python -m pip install -r requirements.txt	2026-10-09T10:51:14.4232870Z Collecting cligj>=0.5 (from rasterio==1.4.3->-r requirements.txt (line 5))
integration (1)	Run python -m pip install -r requirements.txt	2026-10-09T10:51:14.4265817Z   Downloading cligj-0.7.2-py3-none-any.whl.metadata (5.0 kB)
integration (1)	Run python -m pip install -r requirements.txt	2026-10-09T10:51:14.4383032Z Collecting click-plugins (from rasterio==1.4.3->-r requirements.txt (line 5))
integration (1)	Run python -m pip install -r requirements.txt	2026-10-09T10:51:14.4417037Z   Downloading click_plugins-1.1.1.2-py2.py3-none-any.whl.metadata (6.5 kB)
integration (1)	Run python -m pip install -r requirements.txt	2026-10-09T10:51:14.4652344Z Collecting pyparsing (from rasterio==1.4.3->-r requirements.txt (line 5))
integration (1)	Run python -m pip install -r requirements.txt	2026-10-09T10:51:14.4689449Z   Downloading pyparsing-3.3.3-py3-none-any.whl.metadata (5.9 kB)
integration (1)	Run python -m pip install -r requirements.txt	2026-10-09T10:51:14.4807136Z Downloading numpy-2.3.5-cp312-cp312-manylinux_2_27_x86_64.manylinux_2_28_x86_64.whl (16.6 MB)
integration (1)	Run python -m pip install -r requirements.txt	2026-10-09T10:51:14.5735735Z    ━━━━━━━━━━━━━━━━━━━━━━━━━━━━━━━━━━━━━━━━ 16.6/16.6 MB 188.2 MB/s  0:00:00
integration (1)	Run python -m pip install -r requirements.txt	2026-10-09T10:51:14.5777151Z Downloading shapely-2.1.2-cp312-cp312-manylinux2014_x86_64.manylinux_2_17_x86_64.whl (3.1 MB)
integration (1)	Run python -m pip install -r requirements.txt	2026-10-09T10:51:14.5960939Z    ━━━━━━━━━━━━━━━━━━━━━━━━━━━━━━━━━━━━━━━━ 3.1/3.1 MB 185.1 MB/s  0:00:00
integration (1)	Run python -m pip install -r requirements.txt	2026-10-09T10:51:14.5998014Z Downloading pyproj-3.7.2-cp312-cp312-manylinux_2_28_x86_64.whl (9.6 MB)
integration (1)	Run python -m pip install -r requirements.txt	2026-10-09T10:51:14.6637162Z    ━━━━━━━━━━━━━━━━━━━━━━━━━━━━━━━━━━━━━━━━ 9.6/9.6 MB 152.3 MB/s  0:00:00
integration (1)	Run python -m pip install -r requirements.txt	2026-10-09T10:51:14.6695435Z Downloading rasterio-1.4.3-cp312-cp312-manylinux_2_17_x86_64.manylinux2014_x86_64.whl (22.3 MB)
integration (1)	Run python -m pip install -r requirements.txt	2026-10-09T10:51:14.7828314Z    ━━━━━━━━━━━━━━━━━━━━━━━━━━━━━━━━━━━━━━━━ 22.3/22.3 MB 199.0 MB/s  0:00:00
integration (1)	Run python -m pip install -r requirements.txt	2026-10-09T10:51:14.7866458Z Downloading scipy-1.17.0-cp312-cp312-manylinux_2_27_x86_64.manylinux_2_28_x86_64.whl (35.0 MB)
integration (1)	Run python -m pip install -r requirements.txt	2026-10-09T10:51:14.9832833Z    ━━━━━━━━━━━━━━━━━━━━━━━━━━━━━━━━━━━━━━━━ 35.0/35.0 MB 179.5 MB/s  0:00:00
integration (1)	Run python -m pip install -r requirements.txt	2026-10-09T10:51:14.9868202Z Downloading click-8.5.0-py3-none-any.whl (125 kB)
integration (1)	Run python -m pip install -r requirements.txt	2026-10-09T10:51:14.9926341Z Downloading cligj-0.7.2-py3-none-any.whl (7.1 kB)
integration (1)	Run python -m pip install -r requirements.txt	2026-10-09T10:51:14.9977761Z Downloading affine-3.0.1-py3-none-any.whl (10 kB)
integration (1)	Run python -m pip install -r requirements.txt	2026-10-09T10:51:15.0032286Z Downloading attrs-26.1.0-py3-none-any.whl (67 kB)
integration (1)	Run python -m pip install -r requirements.txt	2026-10-09T10:51:15.0091478Z Downloading certifi-2026.7.22-py3-none-any.whl (136 kB)
integration (1)	Run python -m pip install -r requirements.txt	2026-10-09T10:51:15.0146825Z Downloading click_plugins-1.1.1.2-py2.py3-none-any.whl (11 kB)
integration (1)	Run python -m pip install -r requirements.txt	2026-10-09T10:51:15.0198692Z Downloading pyparsing-3.3.3-py3-none-any.whl (126 kB)
integration (1)	Run python -m pip install -r requirements.txt	2026-10-09T10:51:15.2296353Z Installing collected packages: pyparsing, numpy, click, certifi, attrs, shapely, scipy, pyproj, cligj, click-plugins, affine, rasterio
integration (1)	Run python -m pip install -r requirements.txt	2026-10-09T10:51:22.5832605Z 
integration (1)	Run python -m pip install -r requirements.txt	2026-10-09T10:51:22.5851689Z Successfully installed affine-3.0.1 attrs-26.1.0 certifi-2026.7.22 click-8.5.0 click-plugins-1.1.1.2 cligj-0.7.2 numpy-2.3.5 pyparsing-3.3.3 pyproj-3.7.2 rasterio-1.4.3 scipy-1.17.0 shapely-2.1.2
integration (1)	Install browser dependencies only for tests that use Playwright	﻿2026-10-09T10:51:22.6626039Z ##[group]Run if node --input-type=module -e "import {integrationNeedsBrowser} from './scripts/run-integration-tests.mjs'; process.exit(integrationNeedsBrowser(process.env.INTEGRATION_PROFILE, Number(process.env.INTEGRATION_SHARD)) ? 0 : 1)"; then
integration (1)	Install browser dependencies only for tests that use Playwright	2026-10-09T10:51:22.6627850Z ^[[36;1mif node --input-type=module -e "import {integrationNeedsBrowser} from './scripts/run-integration-tests.mjs'; process.exit(integrationNeedsBrowser(process.env.INTEGRATION_PROFILE, Number(process.env.INTEGRATION_SHARD)) ? 0 : 1)"; then^[[0m
integration (1)	Install browser dependencies only for tests that use Playwright	2026-10-09T10:51:22.6628903Z ^[[36;1m  npx playwright install --with-deps chromium^[[0m
integration (1)	Install browser dependencies only for tests that use Playwright	2026-10-09T10:51:22.6629710Z ^[[36;1mfi^[[0m
integration (1)	Install browser dependencies only for tests that use Playwright	2026-10-09T10:51:22.6694304Z shell: /usr/bin/bash -e {0}
integration (1)	Install browser dependencies only for tests that use Playwright	2026-10-09T10:51:22.6694566Z env:
integration (1)	Install browser dependencies only for tests that use Playwright	2026-10-09T10:51:22.6694836Z   pythonLocation: /opt/hostedtoolcache/Python/3.12.15/x64
integration (1)	Install browser dependencies only for tests that use Playwright	2026-10-09T10:51:22.6695287Z   PKG_CONFIG_PATH: /opt/hostedtoolcache/Python/3.12.15/x64/lib/pkgconfig
integration (1)	Install browser dependencies only for tests that use Playwright	2026-10-09T10:51:22.6695723Z   Python_ROOT_DIR: /opt/hostedtoolcache/Python/3.12.15/x64
integration (1)	Install browser dependencies only for tests that use Playwright	2026-10-09T10:51:22.6696160Z   Python2_ROOT_DIR: /opt/hostedtoolcache/Python/3.12.15/x64
integration (1)	Install browser dependencies only for tests that use Playwright	2026-10-09T10:51:22.6696549Z   Python3_ROOT_DIR: /opt/hostedtoolcache/Python/3.12.15/x64
integration (1)	Install browser dependencies only for tests that use Playwright	2026-10-09T10:51:22.6696937Z   LD_LIBRARY_PATH: /opt/hostedtoolcache/Python/3.12.15/x64/lib
integration (1)	Install browser dependencies only for tests that use Playwright	2026-10-09T10:51:22.6697272Z   INTEGRATION_PROFILE: full
integration (1)	Install browser dependencies only for tests that use Playwright	2026-10-09T10:51:22.6697508Z   INTEGRATION_SHARD: 1
integration (1)	Install browser dependencies only for tests that use Playwright	2026-10-09T10:51:22.6697722Z ##[endgroup]
integration (1)	Install browser dependencies only for tests that use Playwright	2026-10-09T10:51:23.4814214Z Installing dependencies...
integration (1)	Install browser dependencies only for tests that use Playwright	2026-10-09T10:51:23.4900493Z Switching to root user to install dependencies...
integration (1)	Install browser dependencies only for tests that use Playwright	2026-10-09T10:51:23.6307776Z Get:1 file:/etc/apt/apt-mirrors.txt Mirrorlist [144 B]
integration (1)	Install browser dependencies only for tests that use Playwright	2026-10-09T10:51:23.6656167Z Hit:2 http://azure.archive.ubuntu.com/ubuntu noble InRelease
integration (1)	Install browser dependencies only for tests that use Playwright	2026-10-09T10:51:23.6657591Z Get:6 https://packages.microsoft.com/ubuntu/24.04/prod noble InRelease [3600 B]
integration (1)	Install browser dependencies only for tests that use Playwright	2026-10-09T10:51:23.6681223Z Get:3 http://azure.archive.ubuntu.com/ubuntu noble-updates InRelease [126 kB]
integration (1)	Install browser dependencies only for tests that use Playwright	2026-10-09T10:51:23.6710357Z Get:4 http://azure.archive.ubuntu.com/ubuntu noble-backports InRelease [126 kB]
integration (1)	Install browser dependencies only for tests that use Playwright	2026-10-09T10:51:23.6740550Z Get:5 http://azure.archive.ubuntu.com/ubuntu noble-security InRelease [126 kB]
integration (1)	Install browser dependencies only for tests that use Playwright	2026-10-09T10:51:23.8263828Z Get:7 https://packages.microsoft.com/ubuntu/24.04/prod noble/main all Packages [640 B]
integration (1)	Install browser dependencies only for tests that use Playwright	2026-10-09T10:51:23.8399962Z Get:8 https://packages.microsoft.com/ubuntu/24.04/prod noble/main amd64 Packages [531 kB]
integration (1)	Install browser dependencies only for tests that use Playwright	2026-10-09T10:51:23.8503380Z Get:9 https://packages.microsoft.com/ubuntu/24.04/prod noble/main arm64 Packages [475 kB]
integration (1)	Install browser dependencies only for tests that use Playwright	2026-10-09T10:51:23.8581890Z Get:10 https://packages.microsoft.com/ubuntu/24.04/prod noble/main armhf Packages [12.3 kB]
integration (1)	Install browser dependencies only for tests that use Playwright	2026-10-09T10:51:23.8811143Z Get:11 http://azure.archive.ubuntu.com/ubuntu noble-updates/main amd64 Packages [1375 kB]
integration (1)	Install browser dependencies only for tests that use Playwright	2026-10-09T10:51:23.8930891Z Get:12 http://azure.archive.ubuntu.com/ubuntu noble-updates/main Translation-en [306 kB]
integration (1)	Install browser dependencies only for tests that use Playwright	2026-10-09T10:51:23.8950806Z Get:13 http://azure.archive.ubuntu.com/ubuntu noble-updates/universe amd64 Packages [1702 kB]
integration (1)	Install browser dependencies only for tests that use Playwright	2026-10-09T10:51:23.9030847Z Get:14 http://azure.archive.ubuntu.com/ubuntu noble-updates/universe Translation-en [342 kB]
integration (1)	Install browser dependencies only for tests that use Playwright	2026-10-09T10:51:23.9061127Z Get:15 http://azure.archive.ubuntu.com/ubuntu noble-updates/restricted amd64 Packages [1761 kB]
integration (1)	Install browser dependencies only for tests that use Playwright	2026-10-09T10:51:23.9171373Z Get:16 http://azure.archive.ubuntu.com/ubuntu noble-updates/restricted Translation-en [401 kB]
integration (1)	Install browser dependencies only for tests that use Playwright	2026-10-09T10:51:23.9181746Z Get:17 http://azure.archive.ubuntu.com/ubuntu noble-updates/multiverse amd64 Packages [55.0 kB]
integration (1)	Install browser dependencies only for tests that use Playwright	2026-10-09T10:51:23.9186054Z Get:18 http://azure.archive.ubuntu.com/ubuntu noble-updates/multiverse Translation-en [14.3 kB]
integration (1)	Install browser dependencies only for tests that use Playwright	2026-10-09T10:51:23.9941103Z Get:19 http://azure.archive.ubuntu.com/ubuntu noble-security/main amd64 Packages [1118 kB]
integration (1)	Install browser dependencies only for tests that use Playwright	2026-10-09T10:51:23.9974056Z Get:20 http://azure.archive.ubuntu.com/ubuntu noble-security/main Translation-en [228 kB]
integration (1)	Install browser dependencies only for tests that use Playwright	2026-10-09T10:51:24.0428440Z Get:21 http://azure.archive.ubuntu.com/ubuntu noble-security/universe amd64 Packages [1220 kB]
integration (1)	Install browser dependencies only for tests that use Playwright	2026-10-09T10:51:24.0488140Z Get:22 http://azure.archive.ubuntu.com/ubuntu noble-security/universe Translation-en [245 kB]
integration (1)	Install browser dependencies only for tests that use Playwright	2026-10-09T10:51:24.0506411Z Get:23 http://azure.archive.ubuntu.com/ubuntu noble-security/restricted amd64 Packages [1667 kB]
integration (1)	Install browser dependencies only for tests that use Playwright	2026-10-09T10:51:24.0592374Z Get:24 http://azure.archive.ubuntu.com/ubuntu noble-security/restricted Translation-en [383 kB]
integration (1)	Install browser dependencies only for tests that use Playwright	2026-10-09T10:51:24.0618793Z Get:25 http://azure.archive.ubuntu.com/ubuntu noble-security/multiverse amd64 Packages [49.8 kB]
integration (1)	Install browser dependencies only for tests that use Playwright	2026-10-09T10:51:24.0625457Z Get:26 http://azure.archive.ubuntu.com/ubuntu noble-security/multiverse Translation-en [12.4 kB]
integration (1)	Install browser dependencies only for tests that use Playwright	2026-10-09T10:51:27.3086094Z Fetched 12.3 MB in 1s (9446 kB/s)
integration (1)	Install browser dependencies only for tests that use Playwright	2026-10-09T10:51:28.2016868Z Reading package lists...
integration (1)	Install browser dependencies only for tests that use Playwright	2026-10-09T10:51:28.2264313Z Reading package lists...
integration (1)	Install browser dependencies only for tests that use Playwright	2026-10-09T10:51:28.4408517Z Building dependency tree...
integration (1)	Install browser dependencies only for tests that use Playwright	2026-10-09T10:51:28.4416555Z Reading state information...
integration (1)	Install browser dependencies only for tests that use Playwright	2026-10-09T10:51:28.6247476Z libasound2t64 is already the newest version (1.2.11-1ubuntu0.3).
integration (1)	Install browser dependencies only for tests that use Playwright	2026-10-09T10:51:28.6248549Z libasound2t64 set to manually installed.
integration (1)	Install browser dependencies only for tests that use Playwright	2026-10-09T10:51:28.6249641Z libatk-bridge2.0-0t64 is already the newest version (2.52.0-1build1).
integration (1)	Install browser dependencies only for tests that use Playwright	2026-10-09T10:51:28.6250591Z libatk-bridge2.0-0t64 set to manually installed.
integration (1)	Install browser dependencies only for tests that use Playwright	2026-10-09T10:51:28.6251421Z libatk1.0-0t64 is already the newest version (2.52.0-1build1).
integration (1)	Install browser dependencies only for tests that use Playwright	2026-10-09T10:51:28.6252052Z libatk1.0-0t64 set to manually installed.
integration (1)	Install browser dependencies only for tests that use Playwright	2026-10-09T10:51:28.6252601Z libatspi2.0-0t64 is already the newest version (2.52.0-1build1).
integration (1)	Install browser dependencies only for tests that use Playwright	2026-10-09T10:51:28.6253337Z libatspi2.0-0t64 set to manually installed.
integration (1)	Install browser dependencies only for tests that use Playwright	2026-10-09T10:51:28.6253985Z libcairo2 is already the newest version (1.18.0-3build1).
integration (1)	Install browser dependencies only for tests that use Playwright	2026-10-09T10:51:28.6254497Z libcairo2 set to manually installed.
integration (1)	Install browser dependencies only for tests that use Playwright	2026-10-09T10:51:28.6255244Z libcups2t64 is already the newest version (2.4.7-1.2ubuntu7.14).
integration (1)	Install browser dependencies only for tests that use Playwright	2026-10-09T10:51:28.6255783Z libcups2t64 set to manually installed.
integration (1)	Install browser dependencies only for tests that use Playwright	2026-10-09T10:51:28.6256257Z libdbus-1-3 is already the newest version (1.14.10-4ubuntu4.1).
integration (1)	Install browser dependencies only for tests that use Playwright	2026-10-09T10:51:28.6256962Z libdbus-1-3 set to manually installed.
integration (1)	Install browser dependencies only for tests that use Playwright	2026-10-09T10:51:28.6257601Z libdrm2 is already the newest version (2.4.125-1ubuntu0.1~24.04.2).
integration (1)	Install browser dependencies only for tests that use Playwright	2026-10-09T10:51:28.6258079Z libdrm2 set to manually installed.
integration (1)	Install browser dependencies only for tests that use Playwright	2026-10-09T10:51:28.6258537Z libgbm1 is already the newest version (25.2.8-0ubuntu0.24.04.4).
integration (1)	Install browser dependencies only for tests that use Playwright	2026-10-09T10:51:28.6258984Z libgbm1 set to manually installed.
integration (1)	Install browser dependencies only for tests that use Playwright	2026-10-09T10:51:28.6259774Z libglib2.0-0t64 is already the newest version (2.80.0-6ubuntu3.9).
integration (1)	Install browser dependencies only for tests that use Playwright	2026-10-09T10:51:28.6260268Z libglib2.0-0t64 set to manually installed.
integration (1)	Install browser dependencies only for tests that use Playwright	2026-10-09T10:51:28.6260700Z libnspr4 is already the newest version (2:4.35-1.1build1).
integration (1)	Install browser dependencies only for tests that use Playwright	2026-10-09T10:51:28.6261404Z libnspr4 set to manually installed.
integration (1)	Install browser dependencies only for tests that use Playwright	2026-10-09T10:51:28.6261803Z libnss3 is already the newest version (2:3.98-1ubuntu0.2).
integration (1)	Install browser dependencies only for tests that use Playwright	2026-10-09T10:51:28.6262187Z libnss3 set to manually installed.
integration (1)	Install browser dependencies only for tests that use Playwright	2026-10-09T10:51:28.6262587Z libpango-1.0-0 is already the newest version (1.52.1+ds-1build1).
integration (1)	Install browser dependencies only for tests that use Playwright	2026-10-09T10:51:28.6263020Z libpango-1.0-0 set to manually installed.
integration (1)	Install browser dependencies only for tests that use Playwright	2026-10-09T10:51:28.6263428Z libx11-6 is already the newest version (2:1.8.7-1build1).
integration (1)	Install browser dependencies only for tests that use Playwright	2026-10-09T10:51:28.6263800Z libx11-6 set to manually installed.
integration (1)	Install browser dependencies only for tests that use Playwright	2026-10-09T10:51:28.6264170Z libxcb1 is already the newest version (1.15-1ubuntu2).
integration (1)	Install browser dependencies only for tests that use Playwright	2026-10-09T10:51:28.6264536Z libxcb1 set to manually installed.
integration (1)	Install browser dependencies only for tests that use Playwright	2026-10-09T10:51:28.6264935Z libxcomposite1 is already the newest version (1:0.4.5-1build3).
integration (1)	Install browser dependencies only for tests that use Playwright	2026-10-09T10:51:28.6265346Z libxcomposite1 set to manually installed.
integration (1)	Install browser dependencies only for tests that use Playwright	2026-10-09T10:51:28.6265757Z libxdamage1 is already the newest version (1:1.1.6-1build1).
integration (1)	Install browser dependencies only for tests that use Playwright	2026-10-09T10:51:28.6266155Z libxdamage1 set to manually installed.
integration (1)	Install browser dependencies only for tests that use Playwright	2026-10-09T10:51:28.6266544Z libxext6 is already the newest version (2:1.3.4-1build2).
integration (1)	Install browser dependencies only for tests that use Playwright	2026-10-09T10:51:28.6266912Z libxext6 set to manually installed.
integration (1)	Install browser dependencies only for tests that use Playwright	2026-10-09T10:51:28.6267307Z libxfixes3 is already the newest version (1:6.0.0-2build1).
integration (1)	Install browser dependencies only for tests that use Playwright	2026-10-09T10:51:28.6267688Z libxfixes3 set to manually installed.
integration (1)	Install browser dependencies only for tests that use Playwright	2026-10-09T10:51:28.6268080Z libxkbcommon0 is already the newest version (1.6.0-1build1).
integration (1)	Install browser dependencies only for tests that use Playwright	2026-10-09T10:51:28.6268467Z libxkbcommon0 set to manually installed.
integration (1)	Install browser dependencies only for tests that use Playwright	2026-10-09T10:51:28.6268913Z libxrandr2 is already the newest version (2:1.5.2-2build1).
integration (1)	Install browser dependencies only for tests that use Playwright	2026-10-09T10:51:28.6269881Z libxrandr2 set to manually installed.
integration (1)	Install browser dependencies only for tests that use Playwright	2026-10-09T10:51:28.6270277Z xvfb is already the newest version (2:21.1.12-1ubuntu1.8).
integration (1)	Install browser dependencies only for tests that use Playwright	2026-10-09T10:51:28.6270814Z fonts-noto-color-emoji is already the newest version (2.047-0ubuntu0.24.04.1).
integration (1)	Install browser dependencies only for tests that use Playwright	2026-10-09T10:51:28.6271372Z libfontconfig1 is already the newest version (2.15.0-1.1ubuntu2).
integration (1)	Install browser dependencies only for tests that use Playwright	2026-10-09T10:51:28.6271793Z libfontconfig1 set to manually installed.
integration (1)	Install browser dependencies only for tests that use Playwright	2026-10-09T10:51:28.6272201Z fonts-liberation is already the newest version (1:2.1.5-3).
integration (1)	Install browser dependencies only for tests that use Playwright	2026-10-09T10:51:28.6272602Z fonts-liberation set to manually installed.
integration (1)	Install browser dependencies only for tests that use Playwright	2026-10-09T10:51:28.6273162Z The following additional packages will be installed:
integration (1)	Install browser dependencies only for tests that use Playwright	2026-10-09T10:51:28.6273525Z   xfonts-encodings xfonts-utils
integration (1)	Install browser dependencies only for tests that use Playwright	2026-10-09T10:51:28.6273811Z Recommended packages:
integration (1)	Install browser dependencies only for tests that use Playwright	2026-10-09T10:51:28.6274094Z   fonts-ipafont-mincho fonts-tlwg-loma
integration (1)	Install browser dependencies only for tests that use Playwright	2026-10-09T10:51:28.6553209Z The following NEW packages will be installed:
integration (1)	Install browser dependencies only for tests that use Playwright	2026-10-09T10:51:28.6554305Z   fonts-freefont-ttf fonts-ipafont-gothic fonts-tlwg-loma-otf fonts-unifont
integration (1)	Install browser dependencies only for tests that use Playwright	2026-10-09T10:51:28.6564134Z   fonts-wqy-zenhei xfonts-cyrillic xfonts-encodings xfonts-scalable
integration (1)	Install browser dependencies only for tests that use Playwright	2026-10-09T10:51:28.6564643Z   xfonts-utils
integration (1)	Install browser dependencies only for tests that use Playwright	2026-10-09T10:51:28.6570384Z The following packages will be upgraded:
integration (1)	Install browser dependencies only for tests that use Playwright	2026-10-09T10:51:28.6577010Z   libfreetype6
integration (1)	Install browser dependencies only for tests that use Playwright	2026-10-09T10:51:28.6783134Z 1 upgraded, 9 newly installed, 0 to remove and 22 not upgraded.
integration (1)	Install browser dependencies only for tests that use Playwright	2026-10-09T10:51:28.6783960Z Need to get 21.5 MB of archives.
integration (1)	Install browser dependencies only for tests that use Playwright	2026-10-09T10:51:28.6784723Z After this operation, 79.5 MB of additional disk space will be used.
integration (1)	Install browser dependencies only for tests that use Playwright	2026-10-09T10:51:28.6785487Z Get:1 file:/etc/apt/apt-mirrors.txt Mirrorlist [144 B]
integration (1)	Install browser dependencies only for tests that use Playwright	2026-10-09T10:51:28.7900512Z Get:2 http://azure.archive.ubuntu.com/ubuntu noble/universe amd64 fonts-ipafont-gothic all 00303-21ubuntu1 [3513 kB]
integration (1)	Install browser dependencies only for tests that use Playwright	2026-10-09T10:51:28.8237832Z Get:3 http://azure.archive.ubuntu.com/ubuntu noble/main amd64 fonts-freefont-ttf all 20211204+svn4273-2 [5641 kB]
integration (1)	Install browser dependencies only for tests that use Playwright	2026-10-09T10:51:28.8700186Z Get:4 http://azure.archive.ubuntu.com/ubuntu noble/universe amd64 fonts-tlwg-loma-otf all 1:0.7.3-1 [107 kB]
integration (1)	Install browser dependencies only for tests that use Playwright	2026-10-09T10:51:28.8854475Z Get:5 http://azure.archive.ubuntu.com/ubuntu noble/universe amd64 fonts-unifont all 1:15.1.01-1build1 [2993 kB]
integration (1)	Install browser dependencies only for tests that use Playwright	2026-10-09T10:51:28.9193472Z Get:6 http://azure.archive.ubuntu.com/ubuntu noble/universe amd64 fonts-wqy-zenhei all 0.9.45-8 [7472 kB]
integration (1)	Install browser dependencies only for tests that use Playwright	2026-10-09T10:51:28.9756512Z Get:7 http://azure.archive.ubuntu.com/ubuntu noble-updates/main amd64 libfreetype6 amd64 2.13.2+dfsg-1ubuntu0.2 [403 kB]
integration (1)	Install browser dependencies only for tests that use Playwright	2026-10-09T10:51:28.9918890Z Get:8 http://azure.archive.ubuntu.com/ubuntu noble/main amd64 xfonts-encodings all 1:1.0.5-0ubuntu2 [578 kB]
integration (1)	Install browser dependencies only for tests that use Playwright	2026-10-09T10:51:29.0091013Z Get:9 http://azure.archive.ubuntu.com/ubuntu noble/main amd64 xfonts-utils amd64 1:7.7+6build3 [94.4 kB]
integration (1)	Install browser dependencies only for tests that use Playwright	2026-10-09T10:51:29.0237276Z Get:10 http://azure.archive.ubuntu.com/ubuntu noble/universe amd64 xfonts-cyrillic all 1:1.0.5+nmu1 [384 kB]
integration (1)	Install browser dependencies only for tests that use Playwright	2026-10-09T10:51:29.0400244Z Get:11 http://azure.archive.ubuntu.com/ubuntu noble/main amd64 xfonts-scalable all 1:1.0.3-1.3 [304 kB]
integration (1)	Install browser dependencies only for tests that use Playwright	2026-10-09T10:51:29.3329164Z Fetched 21.5 MB in 0s (57.4 MB/s)
integration (1)	Install browser dependencies only for tests that use Playwright	2026-10-09T10:51:29.3835426Z Selecting previously unselected package fonts-ipafont-gothic.
integration (1)	Install browser dependencies only for tests that use Playwright	2026-10-09T10:51:29.4203944Z (Reading database ... 
integration (1)	Install browser dependencies only for tests that use Playwright	2026-10-09T10:51:29.4204705Z (Reading database ... 5%
integration (1)	Install browser dependencies only for tests that use Playwright	2026-10-09T10:51:29.4205267Z (Reading database ... 10%
integration (1)	Install browser dependencies only for tests that use Playwright	2026-10-09T10:51:29.4205816Z (Reading database ... 15%
integration (1)	Install browser dependencies only for tests that use Playwright	2026-10-09T10:51:29.4206399Z (Reading database ... 20%
integration (1)	Install browser dependencies only for tests that use Playwright	2026-10-09T10:51:29.4206906Z (Reading database ... 25%
integration (1)	Install browser dependencies only for tests that use Playwright	2026-10-09T10:51:29.4207383Z (Reading database ... 30%
integration (1)	Install browser dependencies only for tests that use Playwright	2026-10-09T10:51:29.4207864Z (Reading database ... 35%
integration (1)	Install browser dependencies only for tests that use Playwright	2026-10-09T10:51:29.4208204Z (Reading database ... 40%
integration (1)	Install browser dependencies only for tests that use Playwright	2026-10-09T10:51:29.4208518Z (Reading database ... 45%
integration (1)	Install browser dependencies only for tests that use Playwright	2026-10-09T10:51:29.4208794Z (Reading database ... 50%
integration (1)	Install browser dependencies only for tests that use Playwright	2026-10-09T10:51:29.4546849Z (Reading database ... 55%
integration (1)	Install browser dependencies only for tests that use Playwright	2026-10-09T10:51:29.7520812Z (Reading database ... 60%
integration (1)	Install browser dependencies only for tests that use Playwright	2026-10-09T10:51:29.9933691Z (Reading database ... 65%
integration (1)	Install browser dependencies only for tests that use Playwright	2026-10-09T10:51:30.2489122Z (Reading database ... 70%
integration (1)	Install browser dependencies only for tests that use Playwright	2026-10-09T10:51:30.5339961Z (Reading database ... 75%
integration (1)	Install browser dependencies only for tests that use Playwright	2026-10-09T10:51:30.8570052Z (Reading database ... 80%
integration (1)	Install browser dependencies only for tests that use Playwright	2026-10-09T10:51:31.3969444Z (Reading database ... 85%
integration (1)	Install browser dependencies only for tests that use Playwright	2026-10-09T10:51:31.9068291Z (Reading database ... 90%
integration (1)	Install browser dependencies only for tests that use Playwright	2026-10-09T10:51:32.4394162Z (Reading database ... 95%
integration (1)	Install browser dependencies only for tests that use Playwright	2026-10-09T10:51:32.4394826Z (Reading database ... 100%
integration (1)	Install browser dependencies only for tests that use Playwright	2026-10-09T10:51:32.4395723Z (Reading database ... 203191 files and directories currently installed.)
integration (1)	Install browser dependencies only for tests that use Playwright	2026-10-09T10:51:32.4440514Z Preparing to unpack .../0-fonts-ipafont-gothic_00303-21ubuntu1_all.deb ...
integration (1)	Install browser dependencies only for tests that use Playwright	2026-10-09T10:51:32.4538674Z Unpacking fonts-ipafont-gothic (00303-21ubuntu1) ...
integration (1)	Install browser dependencies only for tests that use Playwright	2026-10-09T10:51:32.6908255Z Selecting previously unselected package fonts-freefont-ttf.
integration (1)	Install browser dependencies only for tests that use Playwright	2026-10-09T10:51:32.7034010Z Preparing to unpack .../1-fonts-freefont-ttf_20211204+svn4273-2_all.deb ...
integration (1)	Install browser dependencies only for tests that use Playwright	2026-10-09T10:51:32.7040934Z Unpacking fonts-freefont-ttf (20211204+svn4273-2) ...
integration (1)	Install browser dependencies only for tests that use Playwright	2026-10-09T10:51:32.7822454Z Selecting previously unselected package fonts-tlwg-loma-otf.
integration (1)	Install browser dependencies only for tests that use Playwright	2026-10-09T10:51:32.7945793Z Preparing to unpack .../2-fonts-tlwg-loma-otf_1%3a0.7.3-1_all.deb ...
integration (1)	Install browser dependencies only for tests that use Playwright	2026-10-09T10:51:32.7952993Z Unpacking fonts-tlwg-loma-otf (1:0.7.3-1) ...
integration (1)	Install browser dependencies only for tests that use Playwright	2026-10-09T10:51:32.8169250Z Selecting previously unselected package fonts-unifont.
integration (1)	Install browser dependencies only for tests that use Playwright	2026-10-09T10:51:32.8295078Z Preparing to unpack .../3-fonts-unifont_1%3a15.1.01-1build1_all.deb ...
integration (1)	Install browser dependencies only for tests that use Playwright	2026-10-09T10:51:32.8303301Z Unpacking fonts-unifont (1:15.1.01-1build1) ...
integration (1)	Install browser dependencies only for tests that use Playwright	2026-10-09T10:51:32.9336539Z Selecting previously unselected package fonts-wqy-zenhei.
integration (1)	Install browser dependencies only for tests that use Playwright	2026-10-09T10:51:32.9466615Z Preparing to unpack .../4-fonts-wqy-zenhei_0.9.45-8_all.deb ...
integration (1)	Install browser dependencies only for tests that use Playwright	2026-10-09T10:51:32.9572826Z Unpacking fonts-wqy-zenhei (0.9.45-8) ...
integration (1)	Install browser dependencies only for tests that use Playwright	2026-10-09T10:51:33.4434018Z Preparing to unpack .../5-libfreetype6_2.13.2+dfsg-1ubuntu0.2_amd64.deb ...
integration (1)	Install browser dependencies only for tests that use Playwright	2026-10-09T10:51:33.4468929Z Unpacking libfreetype6:amd64 (2.13.2+dfsg-1ubuntu0.2) over (2.13.2+dfsg-1ubuntu0.1) ...
integration (1)	Install browser dependencies only for tests that use Playwright	2026-10-09T10:51:33.4752029Z Selecting previously unselected package xfonts-encodings.
integration (1)	Install browser dependencies only for tests that use Playwright	2026-10-09T10:51:33.4880269Z Preparing to unpack .../6-xfonts-encodings_1%3a1.0.5-0ubuntu2_all.deb ...
integration (1)	Install browser dependencies only for tests that use Playwright	2026-10-09T10:51:33.4887011Z Unpacking xfonts-encodings (1:1.0.5-0ubuntu2) ...
integration (1)	Install browser dependencies only for tests that use Playwright	2026-10-09T10:51:33.5175278Z Selecting previously unselected package xfonts-utils.
integration (1)	Install browser dependencies only for tests that use Playwright	2026-10-09T10:51:33.5303348Z Preparing to unpack .../7-xfonts-utils_1%3a7.7+6build3_amd64.deb ...
integration (1)	Install browser dependencies only for tests that use Playwright	2026-10-09T10:51:33.5311583Z Unpacking xfonts-utils (1:7.7+6build3) ...
integration (1)	Install browser dependencies only for tests that use Playwright	2026-10-09T10:51:33.6218185Z Selecting previously unselected package xfonts-cyrillic.
integration (1)	Install browser dependencies only for tests that use Playwright	2026-10-09T10:51:33.6347008Z Preparing to unpack .../8-xfonts-cyrillic_1%3a1.0.5+nmu1_all.deb ...
integration (1)	Install browser dependencies only for tests that use Playwright	2026-10-09T10:51:33.6356129Z Unpacking xfonts-cyrillic (1:1.0.5+nmu1) ...
integration (1)	Install browser dependencies only for tests that use Playwright	2026-10-09T10:51:33.6697942Z Selecting previously unselected package xfonts-scalable.
integration (1)	Install browser dependencies only for tests that use Playwright	2026-10-09T10:51:33.6823133Z Preparing to unpack .../9-xfonts-scalable_1%3a1.0.3-1.3_all.deb ...
integration (1)	Install browser dependencies only for tests that use Playwright	2026-10-09T10:51:33.6855542Z Unpacking xfonts-scalable (1:1.0.3-1.3) ...
integration (1)	Install browser dependencies only for tests that use Playwright	2026-10-09T10:51:33.7281071Z Setting up fonts-wqy-zenhei (0.9.45-8) ...
integration (1)	Install browser dependencies only for tests that use Playwright	2026-10-09T10:51:33.7400847Z Setting up fonts-freefont-ttf (20211204+svn4273-2) ...
integration (1)	Install browser dependencies only for tests that use Playwright	2026-10-09T10:51:33.7418101Z Setting up fonts-tlwg-loma-otf (1:0.7.3-1) ...
integration (1)	Install browser dependencies only for tests that use Playwright	2026-10-09T10:51:33.7436048Z Setting up libfreetype6:amd64 (2.13.2+dfsg-1ubuntu0.2) ...
integration (1)	Install browser dependencies only for tests that use Playwright	2026-10-09T10:51:33.7453483Z Setting up xfonts-encodings (1:1.0.5-0ubuntu2) ...
integration (1)	Install browser dependencies only for tests that use Playwright	2026-10-09T10:51:33.7476524Z Setting up fonts-ipafont-gothic (00303-21ubuntu1) ...
integration (1)	Install browser dependencies only for tests that use Playwright	2026-10-09T10:51:33.7896603Z update-alternatives: using /usr/share/fonts/opentype/ipafont-gothic/ipag.ttf to provide /usr/share/fonts/truetype/fonts-japanese-gothic.ttf (fonts-japanese-gothic.ttf) in auto mode
integration (1)	Install browser dependencies only for tests that use Playwright	2026-10-09T10:51:33.7916578Z Setting up fonts-unifont (1:15.1.01-1build1) ...
integration (1)	Install browser dependencies only for tests that use Playwright	2026-10-09T10:51:33.7933904Z Setting up xfonts-utils (1:7.7+6build3) ...
integration (1)	Install browser dependencies only for tests that use Playwright	2026-10-09T10:51:33.7984871Z Setting up xfonts-cyrillic (1:1.0.5+nmu1) ...
integration (1)	Install browser dependencies only for tests that use Playwright	2026-10-09T10:51:33.8335819Z Setting up xfonts-scalable (1:1.0.3-1.3) ...
integration (1)	Install browser dependencies only for tests that use Playwright	2026-10-09T10:51:33.8606185Z Processing triggers for libc-bin (2.39-0ubuntu8.9) ...
integration (1)	Install browser dependencies only for tests that use Playwright	2026-10-09T10:51:33.9135656Z Processing triggers for man-db (2.12.0-4build2) ...
integration (1)	Install browser dependencies only for tests that use Playwright	2026-10-09T10:51:33.9158618Z Not building database; man-db/auto-update is not 'true'.
integration (1)	Install browser dependencies only for tests that use Playwright	2026-10-09T10:51:33.9173349Z Processing triggers for fontconfig (2.15.0-1.1ubuntu2) ...
integration (1)	Install browser dependencies only for tests that use Playwright	2026-10-09T10:51:35.2560866Z 
integration (1)	Install browser dependencies only for tests that use Playwright	2026-10-09T10:51:35.2561606Z Running kernel seems to be up-to-date.
integration (1)	Install browser dependencies only for tests that use Playwright	2026-10-09T10:51:35.2562009Z 
integration (1)	Install browser dependencies only for tests that use Playwright	2026-10-09T10:51:35.2562207Z Restarting services...
integration (1)	Install browser dependencies only for tests that use Playwright	2026-10-09T10:51:35.2642627Z  systemctl restart php8.3-fpm.service
integration (1)	Install browser dependencies only for tests that use Playwright	2026-10-09T10:51:35.4269000Z 
integration (1)	Install browser dependencies only for tests that use Playwright	2026-10-09T10:51:35.4270753Z No containers need to be restarted.
integration (1)	Install browser dependencies only for tests that use Playwright	2026-10-09T10:51:35.4271152Z 
integration (1)	Install browser dependencies only for tests that use Playwright	2026-10-09T10:51:35.4271485Z No user sessions are running outdated binaries.
integration (1)	Install browser dependencies only for tests that use Playwright	2026-10-09T10:51:35.4271854Z 
integration (1)	Install browser dependencies only for tests that use Playwright	2026-10-09T10:51:35.4272174Z No VM guests are running outdated hypervisor (qemu) binaries on this host.
integration (1)	Install browser dependencies only for tests that use Playwright	2026-10-09T10:51:36.4859300Z Downloading Chrome for Testing 153.0.8010.12 (playwright chromium v1243) from https://cdn.playwright.dev/builds/cft/153.0.8010.12/linux64/chrome-linux64.zip
integration (1)	Install browser dependencies only for tests that use Playwright	2026-10-09T10:51:36.8573146Z |                                                                                |   0% of 186.8 MiB
integration (1)	Install browser dependencies only for tests that use Playwright	2026-10-09T10:51:37.0693594Z |■■■■■■■■                                                                        |  10% of 186.8 MiB
integration (1)	Install browser dependencies only for tests that use Playwright	2026-10-09T10:51:37.1662845Z |■■■■■■■■■■■■■■■■                                                                |  20% of 186.8 MiB
integration (1)	Install browser dependencies only for tests that use Playwright	2026-10-09T10:51:37.2715047Z |■■■■■■■■■■■■■■■■■■■■■■■■                                                        |  30% of 186.8 MiB
integration (1)	Install browser dependencies only for tests that use Playwright	2026-10-09T10:51:37.3364860Z |■■■■■■■■■■■■■■■■■■■■■■■■■■■■■■■■                                                |  40% of 186.8 MiB
integration (1)	Install browser dependencies only for tests that use Playwright	2026-10-09T10:51:37.4150991Z |■■■■■■■■■■■■■■■■■■■■■■■■■■■■■■■■■■■■■■■■                                        |  50% of 186.8 MiB
integration (1)	Install browser dependencies only for tests that use Playwright	2026-10-09T10:51:37.4835347Z |■■■■■■■■■■■■■■■■■■■■■■■■■■■■■■■■■■■■■■■■■■■■■■■■                                |  60% of 186.8 MiB
integration (1)	Install browser dependencies only for tests that use Playwright	2026-10-09T10:51:37.5682234Z |■■■■■■■■■■■■■■■■■■■■■■■■■■■■■■■■■■■■■■■■■■■■■■■■■■■■■■■■                        |  70% of 186.8 MiB
integration (1)	Install browser dependencies only for tests that use Playwright	2026-10-09T10:51:37.6503796Z |■■■■■■■■■■■■■■■■■■■■■■■■■■■■■■■■■■■■■■■■■■■■■■■■■■■■■■■■■■■■■■■■                |  80% of 186.8 MiB
integration (1)	Install browser dependencies only for tests that use Playwright	2026-10-09T10:51:37.7211434Z |■■■■■■■■■■■■■■■■■■■■■■■■■■■■■■■■■■■■■■■■■■■■■■■■■■■■■■■■■■■■■■■■■■■■■■■■        |  90% of 186.8 MiB
integration (1)	Install browser dependencies only for tests that use Playwright	2026-10-09T10:51:37.8074132Z |■■■■■■■■■■■■■■■■■■■■■■■■■■■■■■■■■■■■■■■■■■■■■■■■■■■■■■■■■■■■■■■■■■■■■■■■■■■■■■■■| 100% of 186.8 MiB
integration (1)	Install browser dependencies only for tests that use Playwright	2026-10-09T10:51:41.0330957Z Chrome for Testing 153.0.8010.12 (playwright chromium v1243) downloaded to /home/runner/.cache/ms-playwright/chromium-1243
integration (1)	Install browser dependencies only for tests that use Playwright	2026-10-09T10:51:41.0336937Z Downloading FFmpeg (playwright ffmpeg v1011) from https://cdn.playwright.dev/dbazure/download/playwright/builds/ffmpeg/1011/ffmpeg-linux.zip
integration (1)	Install browser dependencies only for tests that use Playwright	2026-10-09T10:51:41.3971148Z |                                                                                |   0% of 2.3 MiB
integration (1)	Install browser dependencies only for tests that use Playwright	2026-10-09T10:51:41.4012894Z |■■■■■■■■                                                                        |  10% of 2.3 MiB
integration (1)	Install browser dependencies only for tests that use Playwright	2026-10-09T10:51:41.4048602Z |■■■■■■■■■■■■■■■■                                                                |  20% of 2.3 MiB
integration (1)	Install browser dependencies only for tests that use Playwright	2026-10-09T10:51:41.4068264Z |■■■■■■■■■■■■■■■■■■■■■■■■                                                        |  30% of 2.3 MiB
integration (1)	Install browser dependencies only for tests that use Playwright	2026-10-09T10:51:41.4091203Z |■■■■■■■■■■■■■■■■■■■■■■■■■■■■■■■■                                                |  40% of 2.3 MiB
integration (1)	Install browser dependencies only for tests that use Playwright	2026-10-09T10:51:41.4109919Z |■■■■■■■■■■■■■■■■■■■■■■■■■■■■■■■■■■■■■■■■                                        |  50% of 2.3 MiB
integration (1)	Install browser dependencies only for tests that use Playwright	2026-10-09T10:51:41.4122380Z |■■■■■■■■■■■■■■■■■■■■■■■■■■■■■■■■■■■■■■■■■■■■■■■■                                |  60% of 2.3 MiB
integration (1)	Install browser dependencies only for tests that use Playwright	2026-10-09T10:51:41.4142022Z |■■■■■■■■■■■■■■■■■■■■■■■■■■■■■■■■■■■■■■■■■■■■■■■■■■■■■■■■                        |  70% of 2.3 MiB
integration (1)	Install browser dependencies only for tests that use Playwright	2026-10-09T10:51:41.4165574Z |■■■■■■■■■■■■■■■■■■■■■■■■■■■■■■■■■■■■■■■■■■■■■■■■■■■■■■■■■■■■■■■■                |  80% of 2.3 MiB
integration (1)	Install browser dependencies only for tests that use Playwright	2026-10-09T10:51:41.4171562Z |■■■■■■■■■■■■■■■■■■■■■■■■■■■■■■■■■■■■■■■■■■■■■■■■■■■■■■■■■■■■■■■■■■■■■■■■        |  90% of 2.3 MiB
integration (1)	Install browser dependencies only for tests that use Playwright	2026-10-09T10:51:41.4180969Z |■■■■■■■■■■■■■■■■■■■■■■■■■■■■■■■■■■■■■■■■■■■■■■■■■■■■■■■■■■■■■■■■■■■■■■■■■■■■■■■■| 100% of 2.3 MiB
integration (1)	Install browser dependencies only for tests that use Playwright	2026-10-09T10:51:41.4807278Z FFmpeg (playwright ffmpeg v1011) downloaded to /home/runner/.cache/ms-playwright/ffmpeg-1011
integration (1)	Install browser dependencies only for tests that use Playwright	2026-10-09T10:51:41.4810550Z Downloading Chrome Headless Shell 153.0.8010.12 (playwright chromium-headless-shell v1243) from https://cdn.playwright.dev/builds/cft/153.0.8010.12/linux64/chrome-headless-shell-linux64.zip
integration (1)	Install browser dependencies only for tests that use Playwright	2026-10-09T10:51:41.8540054Z |                                                                                |   0% of 114.3 MiB
integration (1)	Install browser dependencies only for tests that use Playwright	2026-10-09T10:51:42.0264935Z |■■■■■■■■                                                                        |  10% of 114.3 MiB
integration (1)	Install browser dependencies only for tests that use Playwright	2026-10-09T10:51:42.1289196Z |■■■■■■■■■■■■■■■■                                                                |  20% of 114.3 MiB
integration (1)	Install browser dependencies only for tests that use Playwright	2026-10-09T10:51:42.1840205Z |■■■■■■■■■■■■■■■■■■■■■■■■                                                        |  30% of 114.3 MiB
integration (1)	Install browser dependencies only for tests that use Playwright	2026-10-09T10:51:42.2448690Z |■■■■■■■■■■■■■■■■■■■■■■■■■■■■■■■■                                                |  40% of 114.3 MiB
integration (1)	Install browser dependencies only for tests that use Playwright	2026-10-09T10:51:42.3086960Z |■■■■■■■■■■■■■■■■■■■■■■■■■■■■■■■■■■■■■■■■                                        |  50% of 114.3 MiB
integration (1)	Install browser dependencies only for tests that use Playwright	2026-10-09T10:51:42.3489100Z |■■■■■■■■■■■■■■■■■■■■■■■■■■■■■■■■■■■■■■■■■■■■■■■■                                |  60% of 114.3 MiB
integration (1)	Install browser dependencies only for tests that use Playwright	2026-10-09T10:51:42.3822256Z |■■■■■■■■■■■■■■■■■■■■■■■■■■■■■■■■■■■■■■■■■■■■■■■■■■■■■■■■                        |  70% of 114.3 MiB
integration (1)	Install browser dependencies only for tests that use Playwright	2026-10-09T10:51:42.4375871Z |■■■■■■■■■■■■■■■■■■■■■■■■■■■■■■■■■■■■■■■■■■■■■■■■■■■■■■■■■■■■■■■■                |  80% of 114.3 MiB
integration (1)	Install browser dependencies only for tests that use Playwright	2026-10-09T10:51:42.4791031Z |■■■■■■■■■■■■■■■■■■■■■■■■■■■■■■■■■■■■■■■■■■■■■■■■■■■■■■■■■■■■■■■■■■■■■■■■        |  90% of 114.3 MiB
integration (1)	Install browser dependencies only for tests that use Playwright	2026-10-09T10:51:42.5372715Z |■■■■■■■■■■■■■■■■■■■■■■■■■■■■■■■■■■■■■■■■■■■■■■■■■■■■■■■■■■■■■■■■■■■■■■■■■■■■■■■■| 100% of 114.3 MiB
integration (1)	Install browser dependencies only for tests that use Playwright	2026-10-09T10:51:44.8126300Z Chrome Headless Shell 153.0.8010.12 (playwright chromium-headless-shell v1243) downloaded to /home/runner/.cache/ms-playwright/chromium_headless_shell-1243
integration (1)	Test applicable combined-tree invariants without publishing or live imports	﻿2026-10-09T10:51:44.8482743Z ##[group]Run node scripts/run-integration-tests.mjs
integration (1)	Test applicable combined-tree invariants without publishing or live imports	2026-10-09T10:51:44.8483173Z ^[[36;1mnode scripts/run-integration-tests.mjs^[[0m
integration (1)	Test applicable combined-tree invariants without publishing or live imports	2026-10-09T10:51:44.8548933Z shell: /usr/bin/bash -e {0}
integration (1)	Test applicable combined-tree invariants without publishing or live imports	2026-10-09T10:51:44.8549198Z env:
integration (1)	Test applicable combined-tree invariants without publishing or live imports	2026-10-09T10:51:44.8549704Z   pythonLocation: /opt/hostedtoolcache/Python/3.12.15/x64
integration (1)	Test applicable combined-tree invariants without publishing or live imports	2026-10-09T10:51:44.8550167Z   PKG_CONFIG_PATH: /opt/hostedtoolcache/Python/3.12.15/x64/lib/pkgconfig
integration (1)	Test applicable combined-tree invariants without publishing or live imports	2026-10-09T10:51:44.8550604Z   Python_ROOT_DIR: /opt/hostedtoolcache/Python/3.12.15/x64
integration (1)	Test applicable combined-tree invariants without publishing or live imports	2026-10-09T10:51:44.8550994Z   Python2_ROOT_DIR: /opt/hostedtoolcache/Python/3.12.15/x64
integration (1)	Test applicable combined-tree invariants without publishing or live imports	2026-10-09T10:51:44.8551379Z   Python3_ROOT_DIR: /opt/hostedtoolcache/Python/3.12.15/x64
integration (1)	Test applicable combined-tree invariants without publishing or live imports	2026-10-09T10:51:44.8551766Z   LD_LIBRARY_PATH: /opt/hostedtoolcache/Python/3.12.15/x64/lib
integration (1)	Test applicable combined-tree invariants without publishing or live imports	2026-10-09T10:51:44.8552310Z   INTEGRATION_PROFILE: full
integration (1)	Test applicable combined-tree invariants without publishing or live imports	2026-10-09T10:51:44.8552553Z   INTEGRATION_SHARD: 1
integration (1)	Test applicable combined-tree invariants without publishing or live imports	2026-10-09T10:51:44.8552769Z ##[endgroup]
integration (1)	Test applicable combined-tree invariants without publishing or live imports	2026-10-09T10:51:44.9014482Z {"setup_phase":"immutable-regression-inputs","status":"started"}
integration (1)	Test applicable combined-tree invariants without publishing or live imports	2026-10-09T10:52:39.5702776Z {"setup_phase":"immutable-regression-inputs","status":"success","elapsed_ms":54668.715459,"counters":{"controlled_rest_attempts":0,"controlled_quota_sleep_ms":0,"git_command_attempts":29,"git_fetch_attempts":1,"git_command_elapsed_ms":54667.34580899999,"git_fetch_elapsed_ms":54594.315195999996,"http_observation_ms":null,"transport_quota_sleep_ms":null},"process_peak_rss_bytes":58843136,"limits":["RSS is the process high-water mark, not an isolated phase maximum.","Git/Actions internal HTTP attempts and waits are not established by this record."]}
integration (1)	Test applicable combined-tree invariants without publishing or live imports	2026-10-09T10:52:39.5711959Z {"native_inputs":{"applicable":true,"fetched":["d55795e4c0ad01527029db0bd1d774124a12a61a","548c5f89f00271050823076a84695bb41e1b8454","d70c5d86e345a225b6bc78d67451b3cbbf7a5eed","65cfcef5ffd7d8b98077b9058a374d1e27047430","35d2d3ff48957d34ee8d4329824b268ecadc6d3c","ff566eab31ef072084c548f67dee8ee727ab3d47","e67eeafc1aa130aa5c1a6d1222d39116625fd003","8b61b9303553f2068f18ad5a000d4cba14059547","b6e0d0d21cfd6dde68c3c292c9513d3a24896a11","85571b6ef23f5565f08693a542fa7dad20c651b8","c603befd3aaf4da90d59b12378e1e0739331efba","8f6dc184d1a41b634cec4759bb57b3cc04dd980a","6ed6406f9fad4c7c468b06a376346b216cb50db7","bf9e8a6580e997d82d0414235e3a0d2a81e1e24a"]}}
integration (1)	Test applicable combined-tree invariants without publishing or live imports	2026-10-09T10:52:39.5716849Z {"setup_phase":"canonical-checkout","status":"started"}
integration (1)	Test applicable combined-tree invariants without publishing or live imports	2026-10-09T10:52:51.5175027Z {"setup_phase":"canonical-checkout","status":"success","elapsed_ms":11946.531002999996,"counters":{"controlled_rest_attempts":0,"controlled_quota_sleep_ms":0,"http_observation_ms":null,"transport_quota_sleep_ms":null},"process_peak_rss_bytes":467025920,"limits":["RSS is the process high-water mark, not an isolated phase maximum.","Git/Actions internal HTTP attempts and waits are not established by this record."]}
integration (1)	Test applicable combined-tree invariants without publishing or live imports	2026-10-09T10:52:51.5189229Z {"canonical_checkout":{"applicable":true,"mode":"explicit-checkout","receipt":{"version":1,"issue":1295,"canonical_paths":302,"prior_paths":122,"canonical_index_sha256":"b82b195d94530d9b1f48153f7e47616f8b841cb1438ddf59994ba4869a1d7876","prior_index_sha256":"ca1ab5fc3ef24470bcb79412f1d47a88281c6df0931461c5eb356079b75986fe","original_prior_index_sha256":"e34743a84df2aaaa668b4e7b23c4f6870379edfe7eb88a427d6005b47333a393","byte_inverse":{"original_world_files":34,"current_context_members":34,"original_canonical_index_sha256":"3a343812f25b02f4472dbe5338a72e9541e4de180b916e0cf8bbc9a00464f097","original_prior_index_sha256":"7c555e617c6843b070a0799088420ff535f210c2cf8d795b437230d79402c916","all_original_image_whole_bodies_and_modes_verified":true,"scientific_producers_invoked":false},"priorImage":"/home/runner/work/WorldAtlas/WorldAtlas/.cache/1295-canonical-DdPztG/original-v1-image","temporary":"/home/runner/work/WorldAtlas/WorldAtlas/.cache/1295-canonical-DdPztG","new_release_memberships":{"index_sha256":"9e21c69da2d4eb68ff66a586c3efa716a71224ce9344338fb2c9da1b2d62989c","canonical_paths":340,"memberships":84833,"source_commit":"bad783529fa35d0bd45cd65ed899c02ea96c93b6","scientific_records_recomputed":false},"scientific_producers_invoked":false,"original_vintages_and_unknowns_preserved":true,"reproducible_staging_objects_released":[{"directory":"/home/runner/work/WorldAtlas/WorldAtlas/.cache/1295-canonical-DdPztG/release-memberships","files":340,"bytes":3756863},{"directory":"/home/runner/work/WorldAtlas/WorldAtlas/.cache/1295-canonical-DdPztG/canonical-objects","files":289,"bytes":220939874},{"directory":"/home/runner/work/WorldAtlas/WorldAtlas/.cache/1295-canonical-DdPztG/prior-objects","files":149,"bytes":264480979}],"complete_installed_and_prior_bodies_retained":true}}}
integration (1)	Test applicable combined-tree invariants without publishing or live imports	2026-10-09T10:52:51.5215998Z {"profile":"full","shard":1,"files":["test/hosted-catalog.test.mjs","test/model-semantic-migration.test.mjs","test/neon-storage-migration.test.mjs","test/postgres-restore.test.mjs","test/postgres-runtime-role.test.mjs","test/reference-hierarchy-release.test.mjs","test/temporal-geography.test.mjs","test/additive-native-consumers.test.mjs","test/audit-grid-intervals.test.mjs","test/build-context-validation-vintage.test.mjs","test/category-presentation.test.mjs","test/cloudflare-access.test.mjs","test/compact-context-inputs.test.mjs","test/compact-membership-profile.test.mjs","test/content-backend.test.mjs","test/coverage-classification.test.mjs","test/coverage-source-policy.test.mjs","test/deployment-budget-scope.test.mjs","test/effective-geographic-regression.test.mjs","test/evidence-family-record-binding.test.mjs","test/evidence-prevention.test.mjs","test/evidence-suppression.test.mjs","test/footprint-versions.test.mjs","test/geographic-adjudication.test.mjs","test/geographic-components.test.mjs","test/geographic-proof-chronology.test.mjs","test/geographic-release-manifest.test.mjs","test/geographic-water.test.mjs","test/geography-subject-binding.test.mjs","test/github-admission.test.mjs","test/handoff-scope.test.mjs","test/hosted-migration-transport.test.mjs","test/hosted-temporal-geography.test.mjs","test/install-macro-reference.test.mjs","test/integration-streaming.test.mjs","test/issue-lease-checkpoint.test.mjs","test/issue-readiness.test.mjs","test/live-membership-api-functions.test.mjs","test/macro-foundation-contract.test.mjs","test/macro-restoration-proofs.test.mjs","test/marcus-restoration.test.mjs","test/merge-integration-client.test.mjs","test/merge-scheduler.test.mjs","test/native-dated-browser.test.mjs","test/native-location-context.test.mjs","test/native-preparation.test.mjs","test/native-source-digest.test.mjs","test/neon-capacity.test.mjs","test/neon-verification.test.mjs","test/ownership-delivery.test.mjs","test/package-startup-ownership.test.mjs","test/physical-audit-evidence.test.mjs","test/physical-component-custody.test.mjs","test/physical-component-evidence-controls.test.mjs","test/physical-component-fixture.test.mjs","test/physical-gap-crosswalk.test.mjs","test/physical-gap-priority-evidence.test.mjs","test/pixel-grid.test.mjs","test/postgres-adapter.test.mjs","test/pr-gates.test.mjs","test/publication-cloudflare.test.mjs","test/quota-demand-evidence.test.mjs","test/rebind-coverage-manifest.test.mjs","test/reference-bundle.test.mjs","test/regional-research-gate.test.mjs","test/research-media-upload.test.mjs","test/runtime-ownership.test.mjs","test/site-r2-export.test.mjs","test/storage-checkpoint.test.mjs","test/supplement-source-hints.test.mjs","test/trusted-geography-check.test.mjs","test/typed-integration.test.mjs","test/unsettled-rank.test.mjs","test/worker-identity.test.mjs","test/worldwide-gap-successor.test.mjs"]}
integration (1)	Test applicable combined-tree invariants without publishing or live imports	2026-10-09T10:52:51.5865676Z TAP version 13
integration (1)	Test applicable combined-tree invariants without publishing or live imports	2026-10-09T10:52:51.7316432Z # Subtest: all primitives aggregate one stable reference owner and continuous membership preserves base and adds exact area
integration (1)	Test applicable combined-tree invariants without publishing or live imports	2026-10-09T10:52:51.7318527Z ok 1 - all primitives aggregate one stable reference owner and continuous membership preserves base and adds exact area
integration (1)	Test applicable combined-tree invariants without publishing or live imports	2026-10-09T10:52:51.7320013Z   ---
integration (1)	Test applicable combined-tree invariants without publishing or live imports	2026-10-09T10:52:51.7321291Z   duration_ms: 4.829778
integration (1)	Test applicable combined-tree invariants without publishing or live imports	2026-10-09T10:52:51.7322688Z   type: 'test'
integration (1)	Test applicable combined-tree invariants without publishing or live imports	2026-10-09T10:52:51.7323347Z   ...
integration (1)	Test applicable combined-tree invariants without publishing or live imports	2026-10-09T10:52:51.7324838Z # Subtest: legacy digests remain literal; ledger-only change invalidates effective source digest without changing the historical OGC digest
integration (1)	Test applicable combined-tree invariants without publishing or live imports	2026-10-09T10:52:51.7327608Z ok 2 - legacy digests remain literal; ledger-only change invalidates effective source digest without changing the historical OGC digest
integration (1)	Test applicable combined-tree invariants without publishing or live imports	2026-10-09T10:52:51.7329057Z   ---
integration (1)	Test applicable combined-tree invariants without publishing or live imports	2026-10-09T10:52:51.7329821Z   duration_ms: 2.234431
integration (1)	Test applicable combined-tree invariants without publishing or live imports	2026-10-09T10:52:51.7330482Z   type: 'test'
integration (1)	Test applicable combined-tree invariants without publishing or live imports	2026-10-09T10:52:51.7330889Z   ...
integration (1)	Test applicable combined-tree invariants without publishing or live imports	2026-10-09T10:52:51.7332011Z # Subtest: complete approved original pointsets produce identical native intervals under the explicit primitive adapter
integration (1)	Test applicable combined-tree invariants without publishing or live imports	2026-10-09T10:52:51.7333814Z ok 3 - complete approved original pointsets produce identical native intervals under the explicit primitive adapter
integration (1)	Test applicable combined-tree invariants without publishing or live imports	2026-10-09T10:52:51.7334834Z   ---
integration (1)	Test applicable combined-tree invariants without publishing or live imports	2026-10-09T10:52:51.7335228Z   duration_ms: 87.263777
integration (1)	Test applicable combined-tree invariants without publishing or live imports	2026-10-09T10:52:51.7335989Z   type: 'test'
integration (1)	Test applicable combined-tree invariants without publishing or live imports	2026-10-09T10:52:51.7336365Z   ...
integration (1)	Test applicable combined-tree invariants without publishing or live imports	2026-10-09T10:52:51.7337252Z # Subtest: legacy byte hashing does not bypass strict validation for actual additive records
integration (1)	Test applicable combined-tree invariants without publishing or live imports	2026-10-09T10:52:51.7338578Z ok 4 - legacy byte hashing does not bypass strict validation for actual additive records
integration (1)	Test applicable combined-tree invariants without publishing or live imports	2026-10-09T10:52:51.7339773Z   ---
integration (1)	Test applicable combined-tree invariants without publishing or live imports	2026-10-09T10:52:51.7340181Z   duration_ms: 0.989
integration (1)	Test applicable combined-tree invariants without publishing or live imports	2026-10-09T10:52:51.7340608Z   type: 'test'
integration (1)	Test applicable combined-tree invariants without publishing or live imports	2026-10-09T10:52:51.7340989Z   ...
integration (1)	Test applicable combined-tree invariants without publishing or live imports	2026-10-09T10:52:51.7512490Z # Subtest: sparse intervals match actual rasterizer and compiler, preserving deterministic first-owner priority
integration (1)	Test applicable combined-tree invariants without publishing or live imports	2026-10-09T10:52:51.7521923Z ok 5 - sparse intervals match actual rasterizer and compiler, preserving deterministic first-owner priority
integration (1)	Test applicable combined-tree invariants without publishing or live imports	2026-10-09T10:52:51.7525636Z   ---
integration (1)	Test applicable combined-tree invariants without publishing or live imports	2026-10-09T10:52:51.7526313Z   duration_ms: 5.038669
integration (1)	Test applicable combined-tree invariants without publishing or live imports	2026-10-09T10:52:51.7527046Z   type: 'test'
integration (1)	Test applicable combined-tree invariants without publishing or live imports	2026-10-09T10:52:51.7527687Z   ...
integration (1)	Test applicable combined-tree invariants without publishing or live imports	2026-10-09T10:52:51.7528736Z # Subtest: finds a grid-only gap anywhere in an interval, without a component sample
integration (1)	Test applicable combined-tree invariants without publishing or live imports	2026-10-09T10:52:51.7530542Z ok 6 - finds a grid-only gap anywhere in an interval, without a component sample
integration (1)	Test applicable combined-tree invariants without publishing or live imports	2026-10-09T10:52:51.7531547Z   ---
integration (1)	Test applicable combined-tree invariants without publishing or live imports	2026-10-09T10:52:51.7532190Z   duration_ms: 0.346709
integration (1)	Test applicable combined-tree invariants without publishing or live imports	2026-10-09T10:52:51.7532875Z   type: 'test'
integration (1)	Test applicable combined-tree invariants without publishing or live imports	2026-10-09T10:52:51.7533568Z   ...
integration (1)	Test applicable combined-tree invariants without publishing or live imports	2026-10-09T10:52:51.7534474Z # Subtest: holes and separate islands retain zero-covered cells
integration (1)	Test applicable combined-tree invariants without publishing or live imports	2026-10-09T10:52:51.7535671Z ok 7 - holes and separate islands retain zero-covered cells
integration (1)	Test applicable combined-tree invariants without publishing or live imports	2026-10-09T10:52:51.7536579Z   ---
integration (1)	Test applicable combined-tree invariants without publishing or live imports	2026-10-09T10:52:51.7537189Z   duration_ms: 0.411861
integration (1)	Test applicable combined-tree invariants without publishing or live imports	2026-10-09T10:52:51.7537914Z   type: 'test'
integration (1)	Test applicable combined-tree invariants without publishing or live imports	2026-10-09T10:52:51.7538536Z   ...
integration (1)	Test applicable combined-tree invariants without publishing or live imports	2026-10-09T10:52:51.7539774Z # Subtest: half-open centre ties and clipping use the application arithmetic
integration (1)	Test applicable combined-tree invariants without publishing or live imports	2026-10-09T10:52:51.7541083Z ok 8 - half-open centre ties and clipping use the application arithmetic
integration (1)	Test applicable combined-tree invariants without publishing or live imports	2026-10-09T10:52:51.7542028Z   ---
integration (1)	Test applicable combined-tree invariants without publishing or live imports	2026-10-09T10:52:51.7542657Z   duration_ms: 0.462165
integration (1)	Test applicable combined-tree invariants without publishing or live imports	2026-10-09T10:52:51.7543345Z   type: 'test'
integration (1)	Test applicable combined-tree invariants without publishing or live imports	2026-10-09T10:52:51.7544029Z   ...
integration (1)	Test applicable combined-tree invariants without publishing or live imports	2026-10-09T10:52:51.7545105Z # Subtest: duplicate polygons belonging to one owner are not cross-owner overlap
integration (1)	Test applicable combined-tree invariants without publishing or live imports	2026-10-09T10:52:51.7546481Z ok 9 - duplicate polygons belonging to one owner are not cross-owner overlap
integration (1)	Test applicable combined-tree invariants without publishing or live imports	2026-10-09T10:52:51.7547446Z   ---
integration (1)	Test applicable combined-tree invariants without publishing or live imports	2026-10-09T10:52:51.7548106Z   duration_ms: 0.173985
integration (1)	Test applicable combined-tree invariants without publishing or live imports	2026-10-09T10:52:51.7548789Z   type: 'test'
integration (1)	Test applicable combined-tree invariants without publishing or live imports	2026-10-09T10:52:51.7549762Z   ...
integration (1)	Test applicable combined-tree invariants without publishing or live imports	2026-10-09T10:52:51.7550777Z # Subtest: outside coverage and foreign ownership remain distinct
integration (1)	Test applicable combined-tree invariants without publishing or live imports	2026-10-09T10:52:51.7551987Z ok 10 - outside coverage and foreign ownership remain distinct
integration (1)	Test applicable combined-tree invariants without publishing or live imports	2026-10-09T10:52:51.7552912Z   ---
integration (1)	Test applicable combined-tree invariants without publishing or live imports	2026-10-09T10:52:51.7553558Z   duration_ms: 0.189445
integration (1)	Test applicable combined-tree invariants without publishing or live imports	2026-10-09T10:52:51.7554261Z   type: 'test'
integration (1)	Test applicable combined-tree invariants without publishing or live imports	2026-10-09T10:52:51.7554896Z   ...
integration (1)	Test applicable combined-tree invariants without publishing or live imports	2026-10-09T10:52:51.7555993Z # Subtest: partitioned rows produce the same sparse intervals as a complete small domain
integration (1)	Test applicable combined-tree invariants without publishing or live imports	2026-10-09T10:52:51.7557645Z ok 11 - partitioned rows produce the same sparse intervals as a complete small domain
integration (1)	Test applicable combined-tree invariants without publishing or live imports	2026-10-09T10:52:51.7558728Z   ---
integration (1)	Test applicable combined-tree invariants without publishing or live imports	2026-10-09T10:52:51.7559609Z   duration_ms: 0.284653
integration (1)	Test applicable combined-tree invariants without publishing or live imports	2026-10-09T10:52:51.7560313Z   type: 'test'
integration (1)	Test applicable combined-tree invariants without publishing or live imports	2026-10-09T10:52:51.7560954Z   ...
integration (1)	Test applicable combined-tree invariants without publishing or live imports	2026-10-09T10:52:51.7562149Z # Subtest: malformed native rows and coordinates fail instead of silently leaving unchecked cells
integration (1)	Test applicable combined-tree invariants without publishing or live imports	2026-10-09T10:52:51.7564222Z ok 12 - malformed native rows and coordinates fail instead of silently leaving unchecked cells
integration (1)	Test applicable combined-tree invariants without publishing or live imports	2026-10-09T10:52:51.7565278Z   ---
integration (1)	Test applicable combined-tree invariants without publishing or live imports	2026-10-09T10:52:51.7565839Z   duration_ms: 1.343294
integration (1)	Test applicable combined-tree invariants without publishing or live imports	2026-10-09T10:52:51.7566431Z   type: 'test'
integration (1)	Test applicable combined-tree invariants without publishing or live imports	2026-10-09T10:52:51.7566990Z   ...
integration (1)	Test applicable combined-tree invariants without publishing or live imports	2026-10-09T10:52:51.7567944Z # Subtest: split dateline geometry stays at both edges of the actual world grid
integration (1)	Test applicable combined-tree invariants without publishing or live imports	2026-10-09T10:52:51.7569254Z ok 13 - split dateline geometry stays at both edges of the actual world grid
integration (1)	Test applicable combined-tree invariants without publishing or live imports	2026-10-09T10:52:51.7570433Z   ---
integration (1)	Test applicable combined-tree invariants without publishing or live imports	2026-10-09T10:52:51.7570986Z   duration_ms: 3.295908
integration (1)	Test applicable combined-tree invariants without publishing or live imports	2026-10-09T10:52:51.7571602Z   type: 'test'
integration (1)	Test applicable combined-tree invariants without publishing or live imports	2026-10-09T10:52:51.7572144Z   ...
integration (1)	Test applicable combined-tree invariants without publishing or live imports	2026-10-09T10:52:51.7573176Z # Subtest: using unprojected longitude/latitude is detected as a representation mismatch
integration (1)	Test applicable combined-tree invariants without publishing or live imports	2026-10-09T10:52:51.7574932Z ok 14 - using unprojected longitude/latitude is detected as a representation mismatch
integration (1)	Test applicable combined-tree invariants without publishing or live imports	2026-10-09T10:52:51.7575920Z   ---
integration (1)	Test applicable combined-tree invariants without publishing or live imports	2026-10-09T10:52:51.7576524Z   duration_ms: 3.15344
integration (1)	Test applicable combined-tree invariants without publishing or live imports	2026-10-09T10:52:51.7577205Z   type: 'test'
integration (1)	Test applicable combined-tree invariants without publishing or live imports	2026-10-09T10:52:51.7577867Z   ...
integration (1)	Test applicable combined-tree invariants without publishing or live imports	2026-10-09T10:52:51.7579040Z # Subtest: horizontal boundary centres include both endpoints and clip to the declared domain
integration (1)	Test applicable combined-tree invariants without publishing or live imports	2026-10-09T10:52:51.7581067Z ok 15 - horizontal boundary centres include both endpoints and clip to the declared domain
integration (1)	Test applicable combined-tree invariants without publishing or live imports	2026-10-09T10:52:51.7582197Z   ---
integration (1)	Test applicable combined-tree invariants without publishing or live imports	2026-10-09T10:52:51.7582794Z   duration_ms: 0.36341
integration (1)	Test applicable combined-tree invariants without publishing or live imports	2026-10-09T10:52:51.7583488Z   type: 'test'
integration (1)	Test applicable combined-tree invariants without publishing or live imports	2026-10-09T10:52:51.7584113Z   ...
integration (1)	Test applicable combined-tree invariants without publishing or live imports	2026-10-09T10:52:51.7585195Z # Subtest: excluded upper vertices remain boundary diagnostics without changing fill
integration (1)	Test applicable combined-tree invariants without publishing or live imports	2026-10-09T10:52:51.7586946Z ok 16 - excluded upper vertices remain boundary diagnostics without changing fill
integration (1)	Test applicable combined-tree invariants without publishing or live imports	2026-10-09T10:52:51.7587922Z   ---
integration (1)	Test applicable combined-tree invariants without publishing or live imports	2026-10-09T10:52:51.7588559Z   duration_ms: 0.337442
integration (1)	Test applicable combined-tree invariants without publishing or live imports	2026-10-09T10:52:51.7589218Z   type: 'test'
integration (1)	Test applicable combined-tree invariants without publishing or live imports	2026-10-09T10:52:51.7589928Z   ...
integration (1)	Test applicable combined-tree invariants without publishing or live imports	2026-10-09T10:52:51.7712521Z # Subtest: complete literal original validator imports authenticate and execute their own realm
integration (1)	Test applicable combined-tree invariants without publishing or live imports	2026-10-09T10:52:51.7714194Z ok 17 - complete literal original validator imports authenticate and execute their own realm
integration (1)	Test applicable combined-tree invariants without publishing or live imports	2026-10-09T10:52:51.7715149Z   ---
integration (1)	Test applicable combined-tree invariants without publishing or live imports	2026-10-09T10:52:51.7715673Z   duration_ms: 25.912597
integration (1)	Test applicable combined-tree invariants without publishing or live imports	2026-10-09T10:52:51.7716391Z   type: 'test'
integration (1)	Test applicable combined-tree invariants without publishing or live imports	2026-10-09T10:52:51.7716922Z   ...
integration (1)	Test applicable combined-tree invariants without publishing or live imports	2026-10-09T10:52:51.7957490Z # Subtest: changed captured implementation and coherently rebound inventory reject before import
integration (1)	Test applicable combined-tree invariants without publishing or live imports	2026-10-09T10:52:51.7958986Z ok 18 - changed captured implementation and coherently rebound inventory reject before import
integration (1)	Test applicable combined-tree invariants without publishing or live imports	2026-10-09T10:52:51.7960325Z   ---
integration (1)	Test applicable combined-tree invariants without publishing or live imports	2026-10-09T10:52:51.7960748Z   duration_ms: 27.854435
integration (1)	Test applicable combined-tree invariants without publishing or live imports	2026-10-09T10:52:51.7961421Z   type: 'test'
integration (1)	Test applicable combined-tree invariants without publishing or live imports	2026-10-09T10:52:51.7961925Z   ...
integration (1)	Test applicable combined-tree invariants without publishing or live imports	2026-10-09T10:52:51.8151893Z # Subtest: missing original package/module and changed ordinary mode reject
integration (1)	Test applicable combined-tree invariants without publishing or live imports	2026-10-09T10:52:51.8155519Z ok 19 - missing original package/module and changed ordinary mode reject
integration (1)	Test applicable combined-tree invariants without publishing or live imports	2026-10-09T10:52:51.8156675Z   ---
integration (1)	Test applicable combined-tree invariants without publishing or live imports	2026-10-09T10:52:51.8157026Z   duration_ms: 19.764194
integration (1)	Test applicable combined-tree invariants without publishing or live imports	2026-10-09T10:52:51.8157424Z   type: 'test'
integration (1)	Test applicable combined-tree invariants without publishing or live imports	2026-10-09T10:52:51.8157754Z   ...
integration (1)	Test applicable combined-tree invariants without publishing or live imports	2026-10-09T10:52:51.8323961Z # Subtest: leaf and ancestor symlinks never become captured original code
integration (1)	Test applicable combined-tree invariants without publishing or live imports	2026-10-09T10:52:51.8325143Z ok 20 - leaf and ancestor symlinks never become captured original code
integration (1)	Test applicable combined-tree invariants without publishing or live imports	2026-10-09T10:52:51.8330652Z   ---
integration (1)	Test applicable combined-tree invariants without publishing or live imports	2026-10-09T10:52:51.8331363Z   duration_ms: 16.984922
integration (1)	Test applicable combined-tree invariants without publishing or live imports	2026-10-09T10:52:51.8332131Z   type: 'test'
integration (1)	Test applicable combined-tree invariants without publishing or live imports	2026-10-09T10:52:51.8332916Z   ...
integration (1)	Test applicable combined-tree invariants without publishing or live imports	2026-10-09T10:52:51.8521149Z # Subtest: actual original-stage entry rejects changed stage and reaches authenticated data guard
integration (1)	Test applicable combined-tree invariants without publishing or live imports	2026-10-09T10:52:51.8524025Z ok 21 - actual original-stage entry rejects changed stage and reaches authenticated data guard
integration (1)	Test applicable combined-tree invariants without publishing or live imports	2026-10-09T10:52:51.8525245Z   ---
integration (1)	Test applicable combined-tree invariants without publishing or live imports	2026-10-09T10:52:51.8525883Z   duration_ms: 10.335593
integration (1)	Test applicable combined-tree invariants without publishing or live imports	2026-10-09T10:52:51.8526586Z   type: 'test'
integration (1)	Test applicable combined-tree invariants without publishing or live imports	2026-10-09T10:52:51.8527200Z   ...
integration (1)	Test applicable combined-tree invariants without publishing or live imports	2026-10-09T10:52:51.8773353Z # Subtest: genuine old realm proof rejects in current consumer; same validated operands mint current proof
integration (1)	Test applicable combined-tree invariants without publishing or live imports	2026-10-09T10:52:51.8775092Z ok 22 - genuine old realm proof rejects in current consumer; same validated operands mint current proof
integration (1)	Test applicable combined-tree invariants without publishing or live imports	2026-10-09T10:52:51.8776725Z   ---
integration (1)	Test applicable combined-tree invariants without publishing or live imports	2026-10-09T10:52:51.8776959Z   duration_ms: 34.497033
integration (1)	Test applicable combined-tree invariants without publishing or live imports	2026-10-09T10:52:51.8777218Z   type: 'test'
integration (1)	Test applicable combined-tree invariants without publishing or live imports	2026-10-09T10:52:51.8777418Z   ...
integration (1)	Test applicable combined-tree invariants without publishing or live imports	2026-10-09T10:52:51.8931074Z # Subtest: map and legend presentation keys preserve source identities and distinguish concurrent names
integration (1)	Test applicable combined-tree invariants without publishing or live imports	2026-10-09T10:52:51.8933725Z ok 23 - map and legend presentation keys preserve source identities and distinguish concurrent names
integration (1)	Test applicable combined-tree invariants without publishing or live imports	2026-10-09T10:52:51.8934855Z   ---
integration (1)	Test applicable combined-tree invariants without publishing or live imports	2026-10-09T10:52:51.8935470Z   duration_ms: 1.668503
integration (1)	Test applicable combined-tree invariants without publishing or live imports	2026-10-09T10:52:51.8935956Z   type: 'test'
integration (1)	Test applicable combined-tree invariants without publishing or live imports	2026-10-09T10:52:51.8936339Z   ...
integration (1)	Test applicable combined-tree invariants without publishing or live imports	2026-10-09T10:52:51.8937519Z # Subtest: shared named modes distinguish display groups; fixed classifications and hierarchy use stable IDs
integration (1)	Test applicable combined-tree invariants without publishing or live imports	2026-10-09T10:52:51.8939978Z ok 24 - shared named modes distinguish display groups; fixed classifications and hierarchy use stable IDs
integration (1)	Test applicable combined-tree invariants without publishing or live imports	2026-10-09T10:52:51.8940927Z   ---
integration (1)	Test applicable combined-tree invariants without publishing or live imports	2026-10-09T10:52:51.8941294Z   duration_ms: 0.741718
integration (1)	Test applicable combined-tree invariants without publishing or live imports	2026-10-09T10:52:51.8941706Z   type: 'test'
integration (1)	Test applicable combined-tree invariants without publishing or live imports	2026-10-09T10:52:51.8942070Z   ...
integration (1)	Test applicable combined-tree invariants without publishing or live imports	2026-10-09T10:52:52.0771555Z # Subtest: all static and API paths fail closed before the app can access data
integration (1)	Test applicable combined-tree invariants without publishing or live imports	2026-10-09T10:52:52.0773041Z ok 25 - all static and API paths fail closed before the app can access data
integration (1)	Test applicable combined-tree invariants without publishing or live imports	2026-10-09T10:52:52.0774093Z   ---
integration (1)	Test applicable combined-tree invariants without publishing or live imports	2026-10-09T10:52:52.0774710Z   duration_ms: 44.798667
integration (1)	Test applicable combined-tree invariants without publishing or live imports	2026-10-09T10:52:52.0775329Z   type: 'test'
integration (1)	Test applicable combined-tree invariants without publishing or live imports	2026-10-09T10:52:52.0775659Z   ...
integration (1)	Test applicable combined-tree invariants without publishing or live imports	2026-10-09T10:52:52.0930011Z # Subtest: forged, expired, wrong-issuer/audience and incomplete JWTs never reach the app
integration (1)	Test applicable combined-tree invariants without publishing or live imports	2026-10-09T10:52:52.0937028Z ok 26 - forged, expired, wrong-issuer/audience and incomplete JWTs never reach the app
integration (1)	Test applicable combined-tree invariants without publishing or live imports	2026-10-09T10:52:52.0937979Z   ---
integration (1)	Test applicable combined-tree invariants without publishing or live imports	2026-10-09T10:52:52.0938760Z   duration_ms: 16.1465
integration (1)	Test applicable combined-tree invariants without publishing or live imports	2026-10-09T10:52:52.0939691Z   type: 'test'
integration (1)	Test applicable combined-tree invariants without publishing or live imports	2026-10-09T10:52:52.0940508Z   ...
integration (1)	Test applicable combined-tree invariants without publishing or live imports	2026-10-09T10:52:52.1039144Z # Subtest: authenticated reads route normally and writes require explicit cutover
integration (1)	Test applicable combined-tree invariants without publishing or live imports	2026-10-09T10:52:52.1056403Z ok 27 - authenticated reads route normally and writes require explicit cutover
integration (1)	Test applicable combined-tree invariants without publishing or live imports	2026-10-09T10:52:52.1057433Z   ---
integration (1)	Test applicable combined-tree invariants without publishing or live imports	2026-10-09T10:52:52.1058017Z   duration_ms: 7.393874
integration (1)	Test applicable combined-tree invariants without publishing or live imports	2026-10-09T10:52:52.1058586Z   type: 'test'
integration (1)	Test applicable combined-tree invariants without publishing or live imports	2026-10-09T10:52:52.1059066Z   ...
integration (1)	Test applicable combined-tree invariants without publishing or live imports	2026-10-09T10:52:52.1060135Z # Subtest: Cloudflare config protects assets and never provisions or migrates D1
integration (1)	Test applicable combined-tree invariants without publishing or live imports	2026-10-09T10:52:52.1061367Z ok 28 - Cloudflare config protects assets and never provisions or migrates D1
integration (1)	Test applicable combined-tree invariants without publishing or live imports	2026-10-09T10:52:52.1062168Z   ---
integration (1)	Test applicable combined-tree invariants without publishing or live imports	2026-10-09T10:52:52.1062638Z   duration_ms: 0.537927
integration (1)	Test applicable combined-tree invariants without publishing or live imports	2026-10-09T10:52:52.1063154Z   type: 'test'
integration (1)	Test applicable combined-tree invariants without publishing or live imports	2026-10-09T10:52:52.1063626Z   ...
integration (1)	Test applicable combined-tree invariants without publishing or live imports	2026-10-09T10:52:52.1064517Z # Subtest: explicit public mode permits real assets/API reads and always blocks writes
integration (1)	Test applicable combined-tree invariants without publishing or live imports	2026-10-09T10:52:52.1065786Z ok 29 - explicit public mode permits real assets/API reads and always blocks writes
integration (1)	Test applicable combined-tree invariants without publishing or live imports	2026-10-09T10:52:52.1066625Z   ---
integration (1)	Test applicable combined-tree invariants without publishing or live imports	2026-10-09T10:52:52.1067089Z   duration_ms: 2.92854
integration (1)	Test applicable combined-tree invariants without publishing or live imports	2026-10-09T10:52:52.1067607Z   type: 'test'
integration (1)	Test applicable combined-tree invariants without publishing or live imports	2026-10-09T10:52:52.1068071Z   ...
integration (1)	Test applicable combined-tree invariants without publishing or live imports	2026-10-09T10:52:52.1123065Z # Subtest: authenticated wrapper preserves the real atlas API and static asset routing
integration (1)	Test applicable combined-tree invariants without publishing or live imports	2026-10-09T10:52:52.1128573Z ok 30 - authenticated wrapper preserves the real atlas API and static asset routing
integration (1)	Test applicable combined-tree invariants without publishing or live imports	2026-10-09T10:52:52.1129784Z   ---
integration (1)	Test applicable combined-tree invariants without publishing or live imports	2026-10-09T10:52:52.1130290Z   duration_ms: 8.616484
integration (1)	Test applicable combined-tree invariants without publishing or live imports	2026-10-09T10:52:52.1130943Z   type: 'test'
integration (1)	Test applicable combined-tree invariants without publishing or live imports	2026-10-09T10:52:52.1131576Z   ...
integration (1)	Test applicable combined-tree invariants without publishing or live imports	2026-10-09T10:52:52.1285561Z # Subtest: compact derivative preserves exact native geometry type, coordinates and original owner/parent mapping
integration (1)	Test applicable combined-tree invariants without publishing or live imports	2026-10-09T10:52:52.1295550Z ok 31 - compact derivative preserves exact native geometry type, coordinates and original owner/parent mapping
integration (1)	Test applicable combined-tree invariants without publishing or live imports	2026-10-09T10:52:52.1296786Z   ---
integration (1)	Test applicable combined-tree invariants without publishing or live imports	2026-10-09T10:52:52.1297351Z   duration_ms: 2.228379
integration (1)	Test applicable combined-tree invariants without publishing or live imports	2026-10-09T10:52:52.1297956Z   type: 'test'
integration (1)	Test applicable combined-tree invariants without publishing or live imports	2026-10-09T10:52:52.1298471Z   ...
integration (1)	Test applicable combined-tree invariants without publishing or live imports	2026-10-09T10:52:52.1299766Z # Subtest: incomplete IDs, wrong parents, drifted source digest and malformed native rings reject
integration (1)	Test applicable combined-tree invariants without publishing or live imports	2026-10-09T10:52:52.1301272Z ok 32 - incomplete IDs, wrong parents, drifted source digest and malformed native rings reject
integration (1)	Test applicable combined-tree invariants without publishing or live imports	2026-10-09T10:52:52.1302757Z   ---
integration (1)	Test applicable combined-tree invariants without publishing or live imports	2026-10-09T10:52:52.1303303Z   duration_ms: 0.783516
integration (1)	Test applicable combined-tree invariants without publishing or live imports	2026-10-09T10:52:52.1303848Z   type: 'test'
integration (1)	Test applicable combined-tree invariants without publishing or live imports	2026-10-09T10:52:52.1304321Z   ...
integration (1)	Test applicable combined-tree invariants without publishing or live imports	2026-10-09T10:53:00.9780948Z # Subtest: compact V4 preserves every raw collection and restricted runtime over frozen V2
integration (1)	Test applicable combined-tree invariants without publishing or live imports	2026-10-09T10:53:00.9791410Z ok 33 - compact V4 preserves every raw collection and restricted runtime over frozen V2
integration (1)	Test applicable combined-tree invariants without publishing or live imports	2026-10-09T10:53:00.9792448Z   ---
integration (1)	Test applicable combined-tree invariants without publishing or live imports	2026-10-09T10:53:00.9793072Z   duration_ms: 8915.769326
integration (1)	Test applicable combined-tree invariants without publishing or live imports	2026-10-09T10:53:00.9793617Z   type: 'test'
integration (1)	Test applicable combined-tree invariants without publishing or live imports	2026-10-09T10:53:00.9794054Z   ...
integration (1)	Test applicable combined-tree invariants without publishing or live imports	2026-10-09T10:53:08.8417968Z # Subtest: compact V4 preserves every raw collection and restricted runtime over frozen V3
integration (1)	Test applicable combined-tree invariants without publishing or live imports	2026-10-09T10:53:08.8419918Z ok 34 - compact V4 preserves every raw collection and restricted runtime over frozen V3
integration (1)	Test applicable combined-tree invariants without publishing or live imports	2026-10-09T10:53:08.8429027Z   ---
integration (1)	Test applicable combined-tree invariants without publishing or live imports	2026-10-09T10:53:08.8429833Z   duration_ms: 7863.560151
integration (1)	Test applicable combined-tree invariants without publishing or live imports	2026-10-09T10:53:08.8430291Z   type: 'test'
integration (1)	Test applicable combined-tree invariants without publishing or live imports	2026-10-09T10:53:08.8430505Z   ...
integration (1)	Test applicable combined-tree invariants without publishing or live imports	2026-10-09T10:53:11.8917185Z # Subtest: compact profile rejects changed lookup/guard/index/ACL contracts and extra private tables
integration (1)	Test applicable combined-tree invariants without publishing or live imports	2026-10-09T10:53:11.8941321Z ok 35 - compact profile rejects changed lookup/guard/index/ACL contracts and extra private tables
integration (1)	Test applicable combined-tree invariants without publishing or live imports	2026-10-09T10:53:11.8957516Z   ---
integration (1)	Test applicable combined-tree invariants without publishing or live imports	2026-10-09T10:53:11.8957891Z   duration_ms: 3051.922096
integration (1)	Test applicable combined-tree invariants without publishing or live imports	2026-10-09T10:53:11.8958283Z   type: 'test'
integration (1)	Test applicable combined-tree invariants without publishing or live imports	2026-10-09T10:53:11.8958604Z   ...
integration (1)	Test applicable combined-tree invariants without publishing or live imports	2026-10-09T10:53:13.6363496Z # Subtest: bulk owner copy preserves duplicate JSON keys and rolls back missing keys/duplicate identities
integration (1)	Test applicable combined-tree invariants without publishing or live imports	2026-10-09T10:53:13.6364902Z ok 36 - bulk owner copy preserves duplicate JSON keys and rolls back missing keys/duplicate identities
integration (1)	Test applicable combined-tree invariants without publishing or live imports	2026-10-09T10:53:13.6365668Z   ---
integration (1)	Test applicable combined-tree invariants without publishing or live imports	2026-10-09T10:53:13.6366010Z   duration_ms: 1738.334356
integration (1)	Test applicable combined-tree invariants without publishing or live imports	2026-10-09T10:53:13.6366412Z   type: 'test'
integration (1)	Test applicable combined-tree invariants without publishing or live imports	2026-10-09T10:53:13.6366715Z   ...
integration (1)	Test applicable combined-tree invariants without publishing or live imports	2026-10-09T10:53:20.5801483Z # Subtest: V4 bounded export and logical restore retain exact original fields in an independent empty base target
integration (1)	Test applicable combined-tree invariants without publishing or live imports	2026-10-09T10:53:20.5803291Z ok 37 - V4 bounded export and logical restore retain exact original fields in an independent empty base target
integration (1)	Test applicable combined-tree invariants without publishing or live imports	2026-10-09T10:53:20.5804370Z   ---
integration (1)	Test applicable combined-tree invariants without publishing or live imports	2026-10-09T10:53:20.5804761Z   duration_ms: 6938.047801
integration (1)	Test applicable combined-tree invariants without publishing or live imports	2026-10-09T10:53:20.5821895Z   type: 'test'
integration (1)	Test applicable combined-tree invariants without publishing or live imports	2026-10-09T10:53:20.5822547Z   ...
integration (1)	Test applicable combined-tree invariants without publishing or live imports	2026-10-09T10:53:23.0452706Z # Subtest: compact typed imports and paged snapshots preserve zero, false, retries and maintenance guards
integration (1)	Test applicable combined-tree invariants without publishing or live imports	2026-10-09T10:53:23.0454889Z ok 38 - compact typed imports and paged snapshots preserve zero, false, retries and maintenance guards
integration (1)	Test applicable combined-tree invariants without publishing or live imports	2026-10-09T10:53:23.0460680Z   ---
integration (1)	Test applicable combined-tree invariants without publishing or live imports	2026-10-09T10:53:23.0461393Z   duration_ms: 2469.013205
integration (1)	Test applicable combined-tree invariants without publishing or live imports	2026-10-09T10:53:23.0462344Z   type: 'test'
integration (1)	Test applicable combined-tree invariants without publishing or live imports	2026-10-09T10:53:23.0462970Z   ...
integration (1)	Test applicable combined-tree invariants without publishing or live imports	2026-10-09T10:53:28.7997569Z # Subtest: V4 export resumes durable pages after interruption and adapts to bounded 413 responses
integration (1)	Test applicable combined-tree invariants without publishing or live imports	2026-10-09T10:53:28.8013818Z ok 39 - V4 export resumes durable pages after interruption and adapts to bounded 413 responses
integration (1)	Test applicable combined-tree invariants without publishing or live imports	2026-10-09T10:53:28.8015595Z   ---
integration (1)	Test applicable combined-tree invariants without publishing or live imports	2026-10-09T10:53:28.8015957Z   duration_ms: 5757.264407
integration (1)	Test applicable combined-tree invariants without publishing or live imports	2026-10-09T10:53:28.8016373Z   type: 'test'
integration (1)	Test applicable combined-tree invariants without publishing or live imports	2026-10-09T10:53:28.8016685Z   ...
integration (1)	Test applicable combined-tree invariants without publishing or live imports	2026-10-09T10:53:31.8232910Z # Subtest: V4 metadata batching preserves exact pages and checks under a bounded external request budget
integration (1)	Test applicable combined-tree invariants without publishing or live imports	2026-10-09T10:53:31.8262334Z ok 40 - V4 metadata batching preserves exact pages and checks under a bounded external request budget
integration (1)	Test applicable combined-tree invariants without publishing or live imports	2026-10-09T10:53:31.8263695Z   ---
integration (1)	Test applicable combined-tree invariants without publishing or live imports	2026-10-09T10:53:31.8264179Z   duration_ms: 3024.309484
integration (1)	Test applicable combined-tree invariants without publishing or live imports	2026-10-09T10:53:31.8264582Z   type: 'test'
integration (1)	Test applicable combined-tree invariants without publishing or live imports	2026-10-09T10:53:31.8264890Z   ...
integration (1)	Test applicable combined-tree invariants without publishing or live imports	2026-10-09T10:53:33.6891655Z # Subtest: batched V4 catalog remains fail closed for ACL exposure, disabled guards and failed transactions
integration (1)	Test applicable combined-tree invariants without publishing or live imports	2026-10-09T10:53:33.6920914Z ok 41 - batched V4 catalog remains fail closed for ACL exposure, disabled guards and failed transactions
integration (1)	Test applicable combined-tree invariants without publishing or live imports	2026-10-09T10:53:33.6922758Z   ---
integration (1)	Test applicable combined-tree invariants without publishing or live imports	2026-10-09T10:53:33.6923345Z   duration_ms: 1864.691793
integration (1)	Test applicable combined-tree invariants without publishing or live imports	2026-10-09T10:53:33.6924017Z   type: 'test'
integration (1)	Test applicable combined-tree invariants without publishing or live imports	2026-10-09T10:53:33.6924583Z   ...
integration (1)	Test applicable combined-tree invariants without publishing or live imports	2026-10-09T10:53:35.4307566Z # Subtest: V4 batching rechecks private privileges after reading a page
integration (1)	Test applicable combined-tree invariants without publishing or live imports	2026-10-09T10:53:35.4314512Z ok 42 - V4 batching rechecks private privileges after reading a page
integration (1)	Test applicable combined-tree invariants without publishing or live imports	2026-10-09T10:53:35.4315502Z   ---
integration (1)	Test applicable combined-tree invariants without publishing or live imports	2026-10-09T10:53:35.4316133Z   duration_ms: 1747.357377
integration (1)	Test applicable combined-tree invariants without publishing or live imports	2026-10-09T10:53:35.4318075Z   type: 'test'
integration (1)	Test applicable combined-tree invariants without publishing or live imports	2026-10-09T10:53:35.4321486Z   ...
integration (1)	Test applicable combined-tree invariants without publishing or live imports	2026-10-09T10:53:35.4900034Z # Subtest: backend cutover is explicit and cannot expose credentials or silently return D1
integration (1)	Test applicable combined-tree invariants without publishing or live imports	2026-10-09T10:53:35.4903985Z ok 43 - backend cutover is explicit and cannot expose credentials or silently return D1
integration (1)	Test applicable combined-tree invariants without publishing or live imports	2026-10-09T10:53:35.4905116Z   ---
integration (1)	Test applicable combined-tree invariants without publishing or live imports	2026-10-09T10:53:35.4905757Z   duration_ms: 1.789869
integration (1)	Test applicable combined-tree invariants without publishing or live imports	2026-10-09T10:53:35.4906337Z   type: 'test'
integration (1)	Test applicable combined-tree invariants without publishing or live imports	2026-10-09T10:53:35.4906851Z   ...
integration (1)	Test applicable combined-tree invariants without publishing or live imports	2026-10-09T10:53:35.4907877Z # Subtest: transfer maintenance blocks every API mutation before touching a database or object bucket
integration (1)	Test applicable combined-tree invariants without publishing or live imports	2026-10-09T10:53:35.4910103Z ok 44 - transfer maintenance blocks every API mutation before touching a database or object bucket
integration (1)	Test applicable combined-tree invariants without publishing or live imports	2026-10-09T10:53:35.4911119Z   ---
integration (1)	Test applicable combined-tree invariants without publishing or live imports	2026-10-09T10:53:35.4911735Z   duration_ms: 39.212898
integration (1)	Test applicable combined-tree invariants without publishing or live imports	2026-10-09T10:53:35.4912345Z   type: 'test'
integration (1)	Test applicable combined-tree invariants without publishing or live imports	2026-10-09T10:53:35.4912863Z   ...
integration (1)	Test applicable combined-tree invariants without publishing or live imports	2026-10-09T10:53:35.4914023Z # Subtest: PostgreSQL diagnostics and raw export routes use the selected backend and retain honest quota status
integration (1)	Test applicable combined-tree invariants without publishing or live imports	2026-10-09T10:53:35.4915795Z ok 45 - PostgreSQL diagnostics and raw export routes use the selected backend and retain honest quota status
integration (1)	Test applicable combined-tree invariants without publishing or live imports	2026-10-09T10:53:35.4916866Z   ---
integration (1)	Test applicable combined-tree invariants without publishing or live imports	2026-10-09T10:53:35.4917404Z   duration_ms: 3037.58304
integration (1)	Test applicable combined-tree invariants without publishing or live imports	2026-10-09T10:53:35.4917984Z   type: 'test'
integration (1)	Test applicable combined-tree invariants without publishing or live imports	2026-10-09T10:53:35.4918513Z   ...
integration (1)	Test applicable combined-tree invariants without publishing or live imports	2026-10-09T10:53:35.4919835Z # Subtest: physical classes preserve land, water and unknown holes without creating location IDs
integration (1)	Test applicable combined-tree invariants without publishing or live imports	2026-10-09T10:53:35.4921467Z ok 46 - physical classes preserve land, water and unknown holes without creating location IDs
integration (1)	Test applicable combined-tree invariants without publishing or live imports	2026-10-09T10:53:35.4922527Z   ---
integration (1)	Test applicable combined-tree invariants without publishing or live imports	2026-10-09T10:53:35.4923051Z   duration_ms: 45.486528
integration (1)	Test applicable combined-tree invariants without publishing or live imports	2026-10-09T10:53:35.4923610Z   type: 'test'
integration (1)	Test applicable combined-tree invariants without publishing or live imports	2026-10-09T10:53:35.4924105Z   ...
integration (1)	Test applicable combined-tree invariants without publishing or live imports	2026-10-09T10:53:35.4925006Z # Subtest: stale release/grid/source pins and allocation/path abuse fail before fetch
integration (1)	Test applicable combined-tree invariants without publishing or live imports	2026-10-09T10:53:35.4926330Z ok 47 - stale release/grid/source pins and allocation/path abuse fail before fetch
integration (1)	Test applicable combined-tree invariants without publishing or live imports	2026-10-09T10:53:35.4927219Z   ---
integration (1)	Test applicable combined-tree invariants without publishing or live imports	2026-10-09T10:53:35.4927723Z   duration_ms: 3.867047
integration (1)	Test applicable combined-tree invariants without publishing or live imports	2026-10-09T10:53:35.4928263Z   type: 'test'
integration (1)	Test applicable combined-tree invariants without publishing or live imports	2026-10-09T10:53:35.4928761Z   ...
integration (1)	Test applicable combined-tree invariants without publishing or live imports	2026-10-09T10:53:35.4930133Z # Subtest: corrupt transport and decoded classes fail; automatic host decompression is supported
integration (1)	Test applicable combined-tree invariants without publishing or live imports	2026-10-09T10:53:35.4931618Z ok 48 - corrupt transport and decoded classes fail; automatic host decompression is supported
integration (1)	Test applicable combined-tree invariants without publishing or live imports	2026-10-09T10:53:35.4932624Z   ---
integration (1)	Test applicable combined-tree invariants without publishing or live imports	2026-10-09T10:53:35.4933134Z   duration_ms: 8.33096
integration (1)	Test applicable combined-tree invariants without publishing or live imports	2026-10-09T10:53:35.4933691Z   type: 'test'
integration (1)	Test applicable combined-tree invariants without publishing or live imports	2026-10-09T10:53:35.4934201Z   ...
integration (1)	Test applicable combined-tree invariants without publishing or live imports	2026-10-09T10:53:35.4935025Z # Subtest: overlapping packed runs are rejected even with valid hashes
integration (1)	Test applicable combined-tree invariants without publishing or live imports	2026-10-09T10:53:35.4936361Z ok 49 - overlapping packed runs are rejected even with valid hashes
integration (1)	Test applicable combined-tree invariants without publishing or live imports	2026-10-09T10:53:35.4937165Z   ---
integration (1)	Test applicable combined-tree invariants without publishing or live imports	2026-10-09T10:53:35.4937693Z   duration_ms: 4.614845
integration (1)	Test applicable combined-tree invariants without publishing or live imports	2026-10-09T10:53:35.4938262Z   type: 'test'
integration (1)	Test applicable combined-tree invariants without publishing or live imports	2026-10-09T10:53:35.4938773Z   ...
integration (1)	Test applicable combined-tree invariants without publishing or live imports	2026-10-09T10:53:35.4940061Z # Subtest: scientific scanlines preserve holes, priority, unknowns and reproducibility
integration (1)	Test applicable combined-tree invariants without publishing or live imports	2026-10-09T10:53:35.4941479Z ok 50 - scientific scanlines preserve holes, priority, unknowns and reproducibility
integration (1)	Test applicable combined-tree invariants without publishing or live imports	2026-10-09T10:53:35.4942391Z   ---
integration (1)	Test applicable combined-tree invariants without publishing or live imports	2026-10-09T10:53:35.4942938Z   duration_ms: 371.128793
integration (1)	Test applicable combined-tree invariants without publishing or live imports	2026-10-09T10:53:35.4943547Z   type: 'test'
integration (1)	Test applicable combined-tree invariants without publishing or live imports	2026-10-09T10:53:35.4944076Z   ...
integration (1)	Test applicable combined-tree invariants without publishing or live imports	2026-10-09T10:53:35.4945122Z # Subtest: bounded source-policy projection is exact, reproducible, and small enough to deploy
integration (1)	Test applicable combined-tree invariants without publishing or live imports	2026-10-09T10:53:35.4946610Z ok 51 - bounded source-policy projection is exact, reproducible, and small enough to deploy
integration (1)	Test applicable combined-tree invariants without publishing or live imports	2026-10-09T10:53:35.4947581Z   ---
integration (1)	Test applicable combined-tree invariants without publishing or live imports	2026-10-09T10:53:35.4948120Z   duration_ms: 81.958229
integration (1)	Test applicable combined-tree invariants without publishing or live imports	2026-10-09T10:53:35.4948725Z   type: 'test'
integration (1)	Test applicable combined-tree invariants without publishing or live imports	2026-10-09T10:53:35.4949292Z   ...
integration (1)	Test applicable combined-tree invariants without publishing or live imports	2026-10-09T10:53:35.4950693Z # Subtest: coverage corrections count selected location identities on every applicable continent
integration (1)	Test applicable combined-tree invariants without publishing or live imports	2026-10-09T10:53:35.4952555Z ok 52 - coverage corrections count selected location identities on every applicable continent
integration (1)	Test applicable combined-tree invariants without publishing or live imports	2026-10-09T10:53:35.4953812Z   ---
integration (1)	Test applicable combined-tree invariants without publishing or live imports	2026-10-09T10:53:35.4954350Z   duration_ms: 167.331185
integration (1)	Test applicable combined-tree invariants without publishing or live imports	2026-10-09T10:53:35.4954947Z   type: 'test'
integration (1)	Test applicable combined-tree invariants without publishing or live imports	2026-10-09T10:53:35.4955487Z   ...
integration (1)	Test applicable combined-tree invariants without publishing or live imports	2026-10-09T10:53:35.4956719Z # Subtest: coverage presents corrected roles with collapsed evidence and explicitly retained earlier descriptions
integration (1)	Test applicable combined-tree invariants without publishing or live imports	2026-10-09T10:53:35.4958551Z ok 53 - coverage presents corrected roles with collapsed evidence and explicitly retained earlier descriptions
integration (1)	Test applicable combined-tree invariants without publishing or live imports	2026-10-09T10:53:35.4960259Z   ---
integration (1)	Test applicable combined-tree invariants without publishing or live imports	2026-10-09T10:53:35.4960971Z   duration_ms: 19.61773
integration (1)	Test applicable combined-tree invariants without publishing or live imports	2026-10-09T10:53:35.4961750Z   type: 'test'
integration (1)	Test applicable combined-tree invariants without publishing or live imports	2026-10-09T10:53:35.4962333Z   ...
integration (1)	Test applicable combined-tree invariants without publishing or live imports	2026-10-09T10:53:35.4963685Z # Subtest: duplicate role IDs and stale policy assumptions cannot silently update coverage
integration (1)	Test applicable combined-tree invariants without publishing or live imports	2026-10-09T10:53:35.4965508Z ok 54 - duplicate role IDs and stale policy assumptions cannot silently update coverage
integration (1)	Test applicable combined-tree invariants without publishing or live imports	2026-10-09T10:53:35.4966604Z   ---
integration (1)	Test applicable combined-tree invariants without publishing or live imports	2026-10-09T10:53:35.4967175Z   duration_ms: 2.166525
integration (1)	Test applicable combined-tree invariants without publishing or live imports	2026-10-09T10:53:35.4967764Z   type: 'test'
integration (1)	Test applicable combined-tree invariants without publishing or live imports	2026-10-09T10:53:35.4968275Z   ...
integration (1)	Test applicable combined-tree invariants without publishing or live imports	2026-10-09T10:53:35.4969181Z # Subtest: package applicability comes only from the enforced declaration
integration (1)	Test applicable combined-tree invariants without publishing or live imports	2026-10-09T10:53:35.4970663Z ok 55 - package applicability comes only from the enforced declaration
integration (1)	Test applicable combined-tree invariants without publishing or live imports	2026-10-09T10:53:35.4971533Z   ---
integration (1)	Test applicable combined-tree invariants without publishing or live imports	2026-10-09T10:53:35.4972102Z   duration_ms: 47.717994
integration (1)	Test applicable combined-tree invariants without publishing or live imports	2026-10-09T10:53:35.4972686Z   type: 'test'
integration (1)	Test applicable combined-tree invariants without publishing or live imports	2026-10-09T10:53:35.4973216Z   ...
integration (1)	Test applicable combined-tree invariants without publishing or live imports	2026-10-09T10:53:35.4974446Z # Subtest: renamed or copied runtime origins cannot hide behind documentation or receipt destinations
integration (1)	Test applicable combined-tree invariants without publishing or live imports	2026-10-09T10:53:35.4976101Z ok 56 - renamed or copied runtime origins cannot hide behind documentation or receipt destinations
integration (1)	Test applicable combined-tree invariants without publishing or live imports	2026-10-09T10:53:35.4977136Z   ---
integration (1)	Test applicable combined-tree invariants without publishing or live imports	2026-10-09T10:53:35.4977670Z   duration_ms: 9.044315
integration (1)	Test applicable combined-tree invariants without publishing or live imports	2026-10-09T10:53:35.4978224Z   type: 'test'
integration (1)	Test applicable combined-tree invariants without publishing or live imports	2026-10-09T10:53:35.4978716Z   ...
integration (1)	Test applicable combined-tree invariants without publishing or live imports	2026-10-09T10:53:35.4979867Z # Subtest: PR inventory exhausts pages and catches a relevant path on a later page
integration (1)	Test applicable combined-tree invariants without publishing or live imports	2026-10-09T10:53:35.4982823Z ok 57 - PR inventory exhausts pages and catches a relevant path on a later page
integration (1)	Test applicable combined-tree invariants without publishing or live imports	2026-10-09T10:53:35.4983686Z   ---
integration (1)	Test applicable combined-tree invariants without publishing or live imports	2026-10-09T10:53:35.4984187Z   duration_ms: 3.771278
integration (1)	Test applicable combined-tree invariants without publishing or live imports	2026-10-09T10:53:35.4984721Z   type: 'test'
integration (1)	Test applicable combined-tree invariants without publishing or live imports	2026-10-09T10:53:35.4985207Z   ...
integration (1)	Test applicable combined-tree invariants without publishing or live imports	2026-10-09T10:53:35.4986237Z # Subtest: PR missing pages, changed heads, unavailable lookup and malformed inventories default full
integration (1)	Test applicable combined-tree invariants without publishing or live imports	2026-10-09T10:53:35.4987729Z ok 58 - PR missing pages, changed heads, unavailable lookup and malformed inventories default full
integration (1)	Test applicable combined-tree invariants without publishing or live imports	2026-10-09T10:53:35.4988660Z   ---
integration (1)	Test applicable combined-tree invariants without publishing or live imports	2026-10-09T10:53:35.4989141Z   duration_ms: 2.226075
integration (1)	Test applicable combined-tree invariants without publishing or live imports	2026-10-09T10:53:35.4989952Z   type: 'test'
integration (1)	Test applicable combined-tree invariants without publishing or live imports	2026-10-09T10:53:35.4990449Z   ...
integration (1)	Test applicable combined-tree invariants without publishing or live imports	2026-10-09T10:53:35.4991572Z # Subtest: push before/after comparison includes rename origins and fails full for missing or capped inventories
integration (1)	Test applicable combined-tree invariants without publishing or live imports	2026-10-09T10:53:35.4993235Z ok 59 - push before/after comparison includes rename origins and fails full for missing or capped inventories
integration (1)	Test applicable combined-tree invariants without publishing or live imports	2026-10-09T10:53:35.4994241Z   ---
integration (1)	Test applicable combined-tree invariants without publishing or live imports	2026-10-09T10:53:35.4994724Z   duration_ms: 4.534345
integration (1)	Test applicable combined-tree invariants without publishing or live imports	2026-10-09T10:53:35.4995253Z   type: 'test'
integration (1)	Test applicable combined-tree invariants without publishing or live imports	2026-10-09T10:53:35.4995730Z   ...
integration (1)	Test applicable combined-tree invariants without publishing or live imports	2026-10-09T10:53:35.4996508Z # Subtest: API failures use bounded authenticated read-only requests
integration (1)	Test applicable combined-tree invariants without publishing or live imports	2026-10-09T10:53:35.4997542Z ok 60 - API failures use bounded authenticated read-only requests
integration (1)	Test applicable combined-tree invariants without publishing or live imports	2026-10-09T10:53:35.4998264Z   ---
integration (1)	Test applicable combined-tree invariants without publishing or live imports	2026-10-09T10:53:35.4998747Z   duration_ms: 26.878908
integration (1)	Test applicable combined-tree invariants without publishing or live imports	2026-10-09T10:53:35.4999281Z   type: 'test'
integration (1)	Test applicable combined-tree invariants without publishing or live imports	2026-10-09T10:53:35.5000094Z   ...
integration (1)	Test applicable combined-tree invariants without publishing or live imports	2026-10-09T10:53:35.5001202Z # Subtest: workflow keeps trusted bootstrap fallback and runs package checks only when their inputs can change
integration (1)	Test applicable combined-tree invariants without publishing or live imports	2026-10-09T10:53:35.5002815Z ok 61 - workflow keeps trusted bootstrap fallback and runs package checks only when their inputs can change
integration (1)	Test applicable combined-tree invariants without publishing or live imports	2026-10-09T10:53:35.5003805Z   ---
integration (1)	Test applicable combined-tree invariants without publishing or live imports	2026-10-09T10:53:35.5004291Z   duration_ms: 83.936397
integration (1)	Test applicable combined-tree invariants without publishing or live imports	2026-10-09T10:53:35.5004824Z   type: 'test'
integration (1)	Test applicable combined-tree invariants without publishing or live imports	2026-10-09T10:53:35.5005299Z   ...
integration (1)	Test applicable combined-tree invariants without publishing or live imports	2026-10-09T10:53:35.5006237Z # Subtest: promoting research is explicit and exact, without freezing implementation bytes
integration (1)	Test applicable combined-tree invariants without publishing or live imports	2026-10-09T10:53:35.5007830Z ok 62 - promoting research is explicit and exact, without freezing implementation bytes
integration (1)	Test applicable combined-tree invariants without publishing or live imports	2026-10-09T10:53:35.5008699Z   ---
integration (1)	Test applicable combined-tree invariants without publishing or live imports	2026-10-09T10:53:35.5009179Z   duration_ms: 6.522906
integration (1)	Test applicable combined-tree invariants without publishing or live imports	2026-10-09T10:53:35.5009908Z   type: 'test'
integration (1)	Test applicable combined-tree invariants without publishing or live imports	2026-10-09T10:53:35.5010395Z   ...
integration (1)	Test applicable combined-tree invariants without publishing or live imports	2026-10-09T10:53:35.5011357Z # Subtest: unavailable or altered declaration bytes conservatively require the package build
integration (1)	Test applicable combined-tree invariants without publishing or live imports	2026-10-09T10:53:35.5012735Z ok 63 - unavailable or altered declaration bytes conservatively require the package build
integration (1)	Test applicable combined-tree invariants without publishing or live imports	2026-10-09T10:53:35.5013612Z   ---
integration (1)	Test applicable combined-tree invariants without publishing or live imports	2026-10-09T10:53:35.5014091Z   duration_ms: 1.129113
integration (1)	Test applicable combined-tree invariants without publishing or live imports	2026-10-09T10:53:35.5014615Z   type: 'test'
integration (1)	Test applicable combined-tree invariants without publishing or live imports	2026-10-09T10:53:35.5015098Z   ...
integration (1)	Test applicable combined-tree invariants without publishing or live imports	2026-10-09T10:53:35.5016452Z # Subtest: quota-blocked classification fails the required package job before expensive setup
integration (1)	Test applicable combined-tree invariants without publishing or live imports	2026-10-09T10:53:35.5018142Z ok 64 - quota-blocked classification fails the required package job before expensive setup
integration (1)	Test applicable combined-tree invariants without publishing or live imports	2026-10-09T10:53:35.5019203Z   ---
integration (1)	Test applicable combined-tree invariants without publishing or live imports	2026-10-09T10:53:35.5020061Z   duration_ms: 0.488524
integration (1)	Test applicable combined-tree invariants without publishing or live imports	2026-10-09T10:53:35.5020672Z   type: 'test'
integration (1)	Test applicable combined-tree invariants without publishing or live imports	2026-10-09T10:53:35.5021194Z   ...
integration (1)	Test applicable combined-tree invariants without publishing or live imports	2026-10-09T10:53:35.5022402Z # Subtest: only read-only superseded PR work is cancelled; main package and merge scheduling remain separate
integration (1)	Test applicable combined-tree invariants without publishing or live imports	2026-10-09T10:53:35.5024008Z ok 65 - only read-only superseded PR work is cancelled; main package and merge scheduling remain separate
integration (1)	Test applicable combined-tree invariants without publishing or live imports	2026-10-09T10:53:35.5025048Z   ---
integration (1)	Test applicable combined-tree invariants without publishing or live imports	2026-10-09T10:53:35.5025555Z   duration_ms: 0.396482
integration (1)	Test applicable combined-tree invariants without publishing or live imports	2026-10-09T10:53:35.5026088Z   type: 'test'
integration (1)	Test applicable combined-tree invariants without publishing or live imports	2026-10-09T10:53:35.5026573Z   ...
integration (1)	Test applicable combined-tree invariants without publishing or live imports	2026-10-09T10:53:35.5027607Z # Subtest: actual immutable entry rejects owner loss/reassignment with rawworld geometry unchanged
integration (1)	Test applicable combined-tree invariants without publishing or live imports	2026-10-09T10:53:35.5029115Z ok 66 - actual immutable entry rejects owner loss/reassignment with rawworld geometry unchanged
integration (1)	Test applicable combined-tree invariants without publishing or live imports	2026-10-09T10:53:35.5030346Z   ---
integration (1)	Test applicable combined-tree invariants without publishing or live imports	2026-10-09T10:53:35.5030867Z   duration_ms: 1569.864263
integration (1)	Test applicable combined-tree invariants without publishing or live imports	2026-10-09T10:53:35.5031448Z   type: 'test'
integration (1)	Test applicable combined-tree invariants without publishing or live imports	2026-10-09T10:53:35.5031994Z   ...
integration (1)	Test applicable combined-tree invariants without publishing or live imports	2026-10-09T10:53:35.5033122Z # Subtest: missing native selection, dishonest row partition and unsupported additive hook fail closed
integration (1)	Test applicable combined-tree invariants without publishing or live imports	2026-10-09T10:53:35.5034810Z ok 67 - missing native selection, dishonest row partition and unsupported additive hook fail closed
integration (1)	Test applicable combined-tree invariants without publishing or live imports	2026-10-09T10:53:35.5035863Z   ---
integration (1)	Test applicable combined-tree invariants without publishing or live imports	2026-10-09T10:53:35.5036414Z   duration_ms: 510.624733
integration (1)	Test applicable combined-tree invariants without publishing or live imports	2026-10-09T10:53:35.5037012Z   type: 'test'
integration (1)	Test applicable combined-tree invariants without publishing or live imports	2026-10-09T10:53:35.5037528Z   ...
integration (1)	Test applicable combined-tree invariants without publishing or live imports	2026-10-09T10:53:35.5038495Z # Subtest: changed actual asset body cannot hide behind an unchanged manifest descriptor
integration (1)	Test applicable combined-tree invariants without publishing or live imports	2026-10-09T10:53:35.5040135Z ok 68 - changed actual asset body cannot hide behind an unchanged manifest descriptor
integration (1)	Test applicable combined-tree invariants without publishing or live imports	2026-10-09T10:53:35.5041102Z   ---
integration (1)	Test applicable combined-tree invariants without publishing or live imports	2026-10-09T10:53:35.5041631Z   duration_ms: 260.433636
integration (1)	Test applicable combined-tree invariants without publishing or live imports	2026-10-09T10:53:35.5042231Z   type: 'test'
integration (1)	Test applicable combined-tree invariants without publishing or live imports	2026-10-09T10:53:35.5042761Z   ...
integration (1)	Test applicable combined-tree invariants without publishing or live imports	2026-10-09T10:53:35.5043766Z # Subtest: full stable owner identity detects coherent index relabel and boundary-sized gaps
integration (1)	Test applicable combined-tree invariants without publishing or live imports	2026-10-09T10:53:35.5045164Z ok 69 - full stable owner identity detects coherent index relabel and boundary-sized gaps
integration (1)	Test applicable combined-tree invariants without publishing or live imports	2026-10-09T10:53:35.5050975Z   ---
integration (1)	Test applicable combined-tree invariants without publishing or live imports	2026-10-09T10:53:35.5051806Z   duration_ms: 0.43818
integration (1)	Test applicable combined-tree invariants without publishing or live imports	2026-10-09T10:53:35.5052365Z   type: 'test'
integration (1)	Test applicable combined-tree invariants without publishing or live imports	2026-10-09T10:53:35.5052860Z   ...
integration (1)	Test applicable combined-tree invariants without publishing or live imports	2026-10-09T10:53:35.5053941Z # Subtest: full ledger comparison retains zero-cell primitives and rejects coherent omission/source drift
integration (1)	Test applicable combined-tree invariants without publishing or live imports	2026-10-09T10:53:35.5055565Z ok 70 - full ledger comparison retains zero-cell primitives and rejects coherent omission/source drift
integration (1)	Test applicable combined-tree invariants without publishing or live imports	2026-10-09T10:53:35.5056612Z   ---
integration (1)	Test applicable combined-tree invariants without publishing or live imports	2026-10-09T10:53:35.5057203Z   duration_ms: 0.618687
integration (1)	Test applicable combined-tree invariants without publishing or live imports	2026-10-09T10:53:35.5057745Z   type: 'test'
integration (1)	Test applicable combined-tree invariants without publishing or live imports	2026-10-09T10:53:35.5058233Z   ...
integration (1)	Test applicable combined-tree invariants without publishing or live imports	2026-10-09T10:53:35.5059011Z # Subtest: aggregate admission rejects before any actual body read
integration (1)	Test applicable combined-tree invariants without publishing or live imports	2026-10-09T10:53:35.5060334Z ok 71 - aggregate admission rejects before any actual body read
integration (1)	Test applicable combined-tree invariants without publishing or live imports	2026-10-09T10:53:35.5061398Z   ---
integration (1)	Test applicable combined-tree invariants without publishing or live imports	2026-10-09T10:53:35.5061923Z   duration_ms: 0.530213
integration (1)	Test applicable combined-tree invariants without publishing or live imports	2026-10-09T10:53:35.5062510Z   type: 'test'
integration (1)	Test applicable combined-tree invariants without publishing or live imports	2026-10-09T10:53:35.5063018Z   ...
integration (1)	Test applicable combined-tree invariants without publishing or live imports	2026-10-09T10:53:35.5063942Z # Subtest: complete bootstrap admission precedes runtime opens and trusted code reads
integration (1)	Test applicable combined-tree invariants without publishing or live imports	2026-10-09T10:53:35.5065557Z ok 72 - complete bootstrap admission precedes runtime opens and trusted code reads
integration (1)	Test applicable combined-tree invariants without publishing or live imports	2026-10-09T10:53:35.5066422Z   ---
integration (1)	Test applicable combined-tree invariants without publishing or live imports	2026-10-09T10:53:35.5066908Z   duration_ms: 0.903711
integration (1)	Test applicable combined-tree invariants without publishing or live imports	2026-10-09T10:53:35.5068747Z   type: 'test'
integration (1)	Test applicable combined-tree invariants without publishing or live imports	2026-10-09T10:53:35.5069259Z   ...
integration (1)	Test applicable combined-tree invariants without publishing or live imports	2026-10-09T10:53:35.5070507Z # Subtest: missing original proof object uses only the exact whole same-path retained receipt
integration (1)	Test applicable combined-tree invariants without publishing or live imports	2026-10-09T10:53:35.5072062Z ok 73 - missing original proof object uses only the exact whole same-path retained receipt
integration (1)	Test applicable combined-tree invariants without publishing or live imports	2026-10-09T10:53:35.5073002Z   ---
integration (1)	Test applicable combined-tree invariants without publishing or live imports	2026-10-09T10:53:35.5073569Z   duration_ms: 375.70526
integration (1)	Test applicable combined-tree invariants without publishing or live imports	2026-10-09T10:53:35.5074167Z   type: 'test'
integration (1)	Test applicable combined-tree invariants without publishing or live imports	2026-10-09T10:53:35.5074670Z   ...
integration (1)	Test applicable combined-tree invariants without publishing or live imports	2026-10-09T10:53:35.5075946Z # Subtest: manifest-bound immutable native transport restores full cross-fragment original members
integration (1)	Test applicable combined-tree invariants without publishing or live imports	2026-10-09T10:53:35.5077466Z ok 74 - manifest-bound immutable native transport restores full cross-fragment original members
integration (1)	Test applicable combined-tree invariants without publishing or live imports	2026-10-09T10:53:35.5078434Z   ---
integration (1)	Test applicable combined-tree invariants without publishing or live imports	2026-10-09T10:53:35.5078930Z   duration_ms: 178.983804
integration (1)	Test applicable combined-tree invariants without publishing or live imports	2026-10-09T10:53:35.5079733Z   type: 'test'
integration (1)	Test applicable combined-tree invariants without publishing or live imports	2026-10-09T10:53:35.5080257Z   ...
integration (1)	Test applicable combined-tree invariants without publishing or live imports	2026-10-09T10:53:35.5081261Z # Subtest: actual selected entry compares typed whole native bank against ordinary predecessor
integration (1)	Test applicable combined-tree invariants without publishing or live imports	2026-10-09T10:53:35.5082715Z ok 75 - actual selected entry compares typed whole native bank against ordinary predecessor
integration (1)	Test applicable combined-tree invariants without publishing or live imports	2026-10-09T10:53:35.5083631Z   ---
integration (1)	Test applicable combined-tree invariants without publishing or live imports	2026-10-09T10:53:35.5084132Z   duration_ms: 804.390212
integration (1)	Test applicable combined-tree invariants without publishing or live imports	2026-10-09T10:53:35.5084691Z   type: 'test'
integration (1)	Test applicable combined-tree invariants without publishing or live imports	2026-10-09T10:53:35.5085178Z   ...
integration (1)	Test applicable combined-tree invariants without publishing or live imports	2026-10-09T10:53:35.5086290Z # Subtest: selected continuous source consumes exact encoded override and rejects incomplete or stale maps
integration (1)	Test applicable combined-tree invariants without publishing or live imports	2026-10-09T10:53:35.5087955Z ok 76 - selected continuous source consumes exact encoded override and rejects incomplete or stale maps
integration (1)	Test applicable combined-tree invariants without publishing or live imports	2026-10-09T10:53:35.5088994Z   ---
integration (1)	Test applicable combined-tree invariants without publishing or live imports	2026-10-09T10:53:35.5089717Z   duration_ms: 1729.972726
integration (1)	Test applicable combined-tree invariants without publishing or live imports	2026-10-09T10:53:35.5090311Z   type: 'test'
integration (1)	Test applicable combined-tree invariants without publishing or live imports	2026-10-09T10:53:35.5090854Z   ...
integration (1)	Test applicable combined-tree invariants without publishing or live imports	2026-10-09T10:53:35.5091995Z # Subtest: explicit v2 authority conservation permits append but preserves every original zero-cell primitive
integration (1)	Test applicable combined-tree invariants without publishing or live imports	2026-10-09T10:53:35.5093671Z ok 77 - explicit v2 authority conservation permits append but preserves every original zero-cell primitive
integration (1)	Test applicable combined-tree invariants without publishing or live imports	2026-10-09T10:53:35.5094790Z   ---
integration (1)	Test applicable combined-tree invariants without publishing or live imports	2026-10-09T10:53:35.5095290Z   duration_ms: 3.009381
integration (1)	Test applicable combined-tree invariants without publishing or live imports	2026-10-09T10:53:35.5095829Z   type: 'test'
integration (1)	Test applicable combined-tree invariants without publishing or live imports	2026-10-09T10:53:35.5096320Z   ...
integration (1)	Test applicable combined-tree invariants without publishing or live imports	2026-10-09T10:53:35.5097414Z # Subtest: whole original rule custody derives actual issued preimage and refuses rebinding before selection
integration (1)	Test applicable combined-tree invariants without publishing or live imports	2026-10-09T10:53:35.5099044Z ok 78 - whole original rule custody derives actual issued preimage and refuses rebinding before selection
integration (1)	Test applicable combined-tree invariants without publishing or live imports	2026-10-09T10:53:35.5100317Z   ---
integration (1)	Test applicable combined-tree invariants without publishing or live imports	2026-10-09T10:53:35.5100826Z   duration_ms: 535.311454
integration (1)	Test applicable combined-tree invariants without publishing or live imports	2026-10-09T10:53:35.5101399Z   type: 'test'
integration (1)	Test applicable combined-tree invariants without publishing or live imports	2026-10-09T10:53:35.5101888Z   ...
integration (1)	Test applicable combined-tree invariants without publishing or live imports	2026-10-09T10:53:35.5103031Z # Subtest: cold selected continuous operands preserve complete neighbors and original loss/overlap comparisons
integration (1)	Test applicable combined-tree invariants without publishing or live imports	2026-10-09T10:53:35.5104781Z ok 79 - cold selected continuous operands preserve complete neighbors and original loss/overlap comparisons
integration (1)	Test applicable combined-tree invariants without publishing or live imports	2026-10-09T10:53:35.5105812Z   ---
integration (1)	Test applicable combined-tree invariants without publishing or live imports	2026-10-09T10:53:35.5106309Z   duration_ms: 10082.666593
integration (1)	Test applicable combined-tree invariants without publishing or live imports	2026-10-09T10:53:35.5106867Z   type: 'test'
integration (1)	Test applicable combined-tree invariants without publishing or live imports	2026-10-09T10:53:35.5107367Z   ...
integration (1)	Test applicable combined-tree invariants without publishing or live imports	2026-10-09T10:53:35.5108372Z # Subtest: renewed immutable artifact entry binds complete catalogue and independent authority
integration (1)	Test applicable combined-tree invariants without publishing or live imports	2026-10-09T10:53:35.5110079Z ok 80 - renewed immutable artifact entry binds complete catalogue and independent authority
integration (1)	Test applicable combined-tree invariants without publishing or live imports	2026-10-09T10:53:35.5111092Z   ---
integration (1)	Test applicable combined-tree invariants without publishing or live imports	2026-10-09T10:53:35.5111620Z   duration_ms: 386.19919
integration (1)	Test applicable combined-tree invariants without publishing or live imports	2026-10-09T10:53:35.5112165Z   type: 'test'
integration (1)	Test applicable combined-tree invariants without publishing or live imports	2026-10-09T10:53:35.5112653Z   ...
integration (1)	Test applicable combined-tree invariants without publishing or live imports	2026-10-09T10:53:35.5113585Z # Subtest: whole original family records retain scope and explicit identity-only limits
integration (1)	Test applicable combined-tree invariants without publishing or live imports	2026-10-09T10:53:35.5114959Z ok 81 - whole original family records retain scope and explicit identity-only limits
integration (1)	Test applicable combined-tree invariants without publishing or live imports	2026-10-09T10:53:35.5115844Z   ---
integration (1)	Test applicable combined-tree invariants without publishing or live imports	2026-10-09T10:53:35.5116355Z   duration_ms: 5.017791
integration (1)	Test applicable combined-tree invariants without publishing or live imports	2026-10-09T10:53:35.5117177Z   type: 'test'
integration (1)	Test applicable combined-tree invariants without publishing or live imports	2026-10-09T10:53:35.5117661Z   ...
integration (1)	Test applicable combined-tree invariants without publishing or live imports	2026-10-09T10:53:35.5118561Z # Subtest: missing, partial, foreign and drifted records cannot become original subjects
integration (1)	Test applicable combined-tree invariants without publishing or live imports	2026-10-09T10:53:35.5120278Z ok 82 - missing, partial, foreign and drifted records cannot become original subjects
integration (1)	Test applicable combined-tree invariants without publishing or live imports	2026-10-09T10:53:35.5121193Z   ---
integration (1)	Test applicable combined-tree invariants without publishing or live imports	2026-10-09T10:53:35.5121696Z   duration_ms: 5.076882
integration (1)	Test applicable combined-tree invariants without publishing or live imports	2026-10-09T10:53:35.5122244Z   type: 'test'
integration (1)	Test applicable combined-tree invariants without publishing or live imports	2026-10-09T10:53:35.5122740Z   ...
integration (1)	Test applicable combined-tree invariants without publishing or live imports	2026-10-09T10:53:35.5123758Z # Subtest: duplicate original native IDs, foreign record types and missing final newlines reject
integration (1)	Test applicable combined-tree invariants without publishing or live imports	2026-10-09T10:53:35.5125227Z ok 83 - duplicate original native IDs, foreign record types and missing final newlines reject
integration (1)	Test applicable combined-tree invariants without publishing or live imports	2026-10-09T10:53:35.5126174Z   ---
integration (1)	Test applicable combined-tree invariants without publishing or live imports	2026-10-09T10:53:35.5126941Z   duration_ms: 1.681828
integration (1)	Test applicable combined-tree invariants without publishing or live imports	2026-10-09T10:53:35.5127481Z   type: 'test'
integration (1)	Test applicable combined-tree invariants without publishing or live imports	2026-10-09T10:53:35.5127962Z   ...
integration (1)	Test applicable combined-tree invariants without publishing or live imports	2026-10-09T10:53:35.5128994Z # Subtest: encoded, decoded, combined and future output admission reject before any body read or gunzip
integration (1)	Test applicable combined-tree invariants without publishing or live imports	2026-10-09T10:53:35.5130917Z ok 84 - encoded, decoded, combined and future output admission reject before any body read or gunzip
integration (1)	Test applicable combined-tree invariants without publishing or live imports	2026-10-09T10:53:35.5131873Z   ---
integration (1)	Test applicable combined-tree invariants without publishing or live imports	2026-10-09T10:53:35.5132346Z   duration_ms: 2.968456
integration (1)	Test applicable combined-tree invariants without publishing or live imports	2026-10-09T10:53:35.5132850Z   type: 'test'
integration (1)	Test applicable combined-tree invariants without publishing or live imports	2026-10-09T10:53:35.5133375Z   ...
integration (1)	Test applicable combined-tree invariants without publishing or live imports	2026-10-09T10:53:35.5134159Z # Subtest: record sources retain ancestry and declared whole decoded pins
integration (1)	Test applicable combined-tree invariants without publishing or live imports	2026-10-09T10:53:35.5135386Z ok 85 - record sources retain ancestry and declared whole decoded pins
integration (1)	Test applicable combined-tree invariants without publishing or live imports	2026-10-09T10:53:35.5136170Z   ---
integration (1)	Test applicable combined-tree invariants without publishing or live imports	2026-10-09T10:53:35.5136638Z   duration_ms: 1.071826
integration (1)	Test applicable combined-tree invariants without publishing or live imports	2026-10-09T10:53:35.5137150Z   type: 'test'
integration (1)	Test applicable combined-tree invariants without publishing or live imports	2026-10-09T10:53:35.5137604Z   ...
integration (1)	Test applicable combined-tree invariants without publishing or live imports	2026-10-09T10:53:35.5138712Z # Subtest: actual control CLI rejects files, dangling destinations and symlink parents before source/control execution
integration (1)	Test applicable combined-tree invariants without publishing or live imports	2026-10-09T10:53:35.5140708Z ok 86 - actual control CLI rejects files, dangling destinations and symlink parents before source/control execution
integration (1)	Test applicable combined-tree invariants without publishing or live imports	2026-10-09T10:53:35.5141762Z   ---
integration (1)	Test applicable combined-tree invariants without publishing or live imports	2026-10-09T10:53:35.5142238Z   duration_ms: 142.46184
integration (1)	Test applicable combined-tree invariants without publishing or live imports	2026-10-09T10:53:35.5142766Z   type: 'test'
integration (1)	Test applicable combined-tree invariants without publishing or live imports	2026-10-09T10:53:35.5143243Z   ...
integration (1)	Test applicable combined-tree invariants without publishing or live imports	2026-10-09T10:53:35.5144325Z # Subtest: shared evidence execution/admission regressions run without provider credentials or large datasets
integration (1)	Test applicable combined-tree invariants without publishing or live imports	2026-10-09T10:53:35.5146057Z ok 87 - shared evidence execution/admission regressions run without provider credentials or large datasets
integration (1)	Test applicable combined-tree invariants without publishing or live imports	2026-10-09T10:53:35.5147114Z   ---
integration (1)	Test applicable combined-tree invariants without publishing or live imports	2026-10-09T10:53:35.5147616Z   duration_ms: 1054.960766
integration (1)	Test applicable combined-tree invariants without publishing or live imports	2026-10-09T10:53:35.5148173Z   type: 'test'
integration (1)	Test applicable combined-tree invariants without publishing or live imports	2026-10-09T10:53:35.5148654Z   ...
integration (1)	Test applicable combined-tree invariants without publishing or live imports	2026-10-09T10:53:35.5150112Z # Subtest: scientific helper and real preparation CLI regressions reject native CRS assumptions and unsafe destinations
integration (1)	Test applicable combined-tree invariants without publishing or live imports	2026-10-09T10:53:35.5152014Z ok 88 - scientific helper and real preparation CLI regressions reject native CRS assumptions and unsafe destinations
integration (1)	Test applicable combined-tree invariants without publishing or live imports	2026-10-09T10:53:35.5153147Z   ---
integration (1)	Test applicable combined-tree invariants without publishing or live imports	2026-10-09T10:53:35.5153651Z   duration_ms: 1869.673164
integration (1)	Test applicable combined-tree invariants without publishing or live imports	2026-10-09T10:53:35.5154226Z   type: 'test'
integration (1)	Test applicable combined-tree invariants without publishing or live imports	2026-10-09T10:53:35.5154736Z   ...
integration (1)	Test applicable combined-tree invariants without publishing or live imports	2026-10-09T10:53:35.5155973Z # Subtest: unverified withdrawals suppress every attribute source and modern owner fallback without modifying content
integration (1)	Test applicable combined-tree invariants without publishing or live imports	2026-10-09T10:53:35.5157777Z ok 89 - unverified withdrawals suppress every attribute source and modern owner fallback without modifying content
integration (1)	Test applicable combined-tree invariants without publishing or live imports	2026-10-09T10:53:35.5158851Z   ---
integration (1)	Test applicable combined-tree invariants without publishing or live imports	2026-10-09T10:53:35.5159552Z   duration_ms: 2.227722
integration (1)	Test applicable combined-tree invariants without publishing or live imports	2026-10-09T10:53:35.5160136Z   type: 'test'
integration (1)	Test applicable combined-tree invariants without publishing or live imports	2026-10-09T10:53:35.5160632Z   ...
integration (1)	Test applicable combined-tree invariants without publishing or live imports	2026-10-09T10:53:35.5161632Z # Subtest: maintainer gate publishes complete signed, byte-verified products on both databases
integration (1)	Test applicable combined-tree invariants without publishing or live imports	2026-10-09T10:53:35.5163105Z ok 90 - maintainer gate publishes complete signed, byte-verified products on both databases
integration (1)	Test applicable combined-tree invariants without publishing or live imports	2026-10-09T10:53:35.5164034Z   ---
integration (1)	Test applicable combined-tree invariants without publishing or live imports	2026-10-09T10:53:35.5164539Z   duration_ms: 2909.222508
integration (1)	Test applicable combined-tree invariants without publishing or live imports	2026-10-09T10:53:35.5165101Z   type: 'test'
integration (1)	Test applicable combined-tree invariants without publishing or live imports	2026-10-09T10:53:35.5165592Z   ...
integration (1)	Test applicable combined-tree invariants without publishing or live imports	2026-10-09T10:53:35.5166528Z # Subtest: forged signatures, altered R2 bytes and incomplete inventories cannot publish
integration (1)	Test applicable combined-tree invariants without publishing or live imports	2026-10-09T10:53:35.5167873Z ok 91 - forged signatures, altered R2 bytes and incomplete inventories cannot publish
integration (1)	Test applicable combined-tree invariants without publishing or live imports	2026-10-09T10:53:35.5169038Z   ---
integration (1)	Test applicable combined-tree invariants without publishing or live imports	2026-10-09T10:53:35.5169783Z   duration_ms: 1884.499095
integration (1)	Test applicable combined-tree invariants without publishing or live imports	2026-10-09T10:53:35.5170362Z   type: 'test'
integration (1)	Test applicable combined-tree invariants without publishing or live imports	2026-10-09T10:53:35.5170847Z   ...
integration (1)	Test applicable combined-tree invariants without publishing or live imports	2026-10-09T10:53:35.5171946Z # Subtest: selection corrections are source bounded, sealed, retirement-aware and preserve original bytes
integration (1)	Test applicable combined-tree invariants without publishing or live imports	2026-10-09T10:53:35.5173660Z ok 92 - selection corrections are source bounded, sealed, retirement-aware and preserve original bytes
integration (1)	Test applicable combined-tree invariants without publishing or live imports	2026-10-09T10:53:35.5174930Z   ---
integration (1)	Test applicable combined-tree invariants without publishing or live imports	2026-10-09T10:53:35.5175551Z   duration_ms: 1792.797713
integration (1)	Test applicable combined-tree invariants without publishing or live imports	2026-10-09T10:53:35.5176363Z   type: 'test'
integration (1)	Test applicable combined-tree invariants without publishing or live imports	2026-10-09T10:53:35.5176981Z   ...
integration (1)	Test applicable combined-tree invariants without publishing or live imports	2026-10-09T10:53:35.5178313Z # Subtest: manifest and streamed object limits reject arbitrary classifications, duplicate IDs and registry byte tampering
integration (1)	Test applicable combined-tree invariants without publishing or live imports	2026-10-09T10:53:35.5180919Z ok 93 - manifest and streamed object limits reject arbitrary classifications, duplicate IDs and registry byte tampering
integration (1)	Test applicable combined-tree invariants without publishing or live imports	2026-10-09T10:53:35.5182169Z   ---
integration (1)	Test applicable combined-tree invariants without publishing or live imports	2026-10-09T10:53:35.5182932Z   duration_ms: 1685.872407
integration (1)	Test applicable combined-tree invariants without publishing or live imports	2026-10-09T10:53:35.5183626Z   type: 'test'
integration (1)	Test applicable combined-tree invariants without publishing or live imports	2026-10-09T10:53:35.5184258Z   ...
integration (1)	Test applicable combined-tree invariants without publishing or live imports	2026-10-09T10:53:35.5185729Z # Subtest: obsolete known evidence is removed before precedence while explicit unknown and sourced continuity remain eligible
integration (1)	Test applicable combined-tree invariants without publishing or live imports	2026-10-09T10:53:35.5187792Z ok 94 - obsolete known evidence is removed before precedence while explicit unknown and sourced continuity remain eligible
integration (1)	Test applicable combined-tree invariants without publishing or live imports	2026-10-09T10:53:35.5189173Z   ---
integration (1)	Test applicable combined-tree invariants without publishing or live imports	2026-10-09T10:53:35.5201853Z   duration_ms: 1.172785
integration (1)	Test applicable combined-tree invariants without publishing or live imports	2026-10-09T10:53:35.5202459Z   type: 'test'
integration (1)	Test applicable combined-tree invariants without publishing or live imports	2026-10-09T10:53:35.5202811Z   ...
integration (1)	Test applicable combined-tree invariants without publishing or live imports	2026-10-09T10:53:35.5203735Z # Subtest: even a trusted signed receipt cannot publish overlapping grid runs or wrong decoded bytes
integration (1)	Test applicable combined-tree invariants without publishing or live imports	2026-10-09T10:53:35.5205034Z ok 95 - even a trusted signed receipt cannot publish overlapping grid runs or wrong decoded bytes
integration (1)	Test applicable combined-tree invariants without publishing or live imports	2026-10-09T10:53:35.5205773Z   ---
integration (1)	Test applicable combined-tree invariants without publishing or live imports	2026-10-09T10:53:35.5206084Z   duration_ms: 1825.46592
integration (1)	Test applicable combined-tree invariants without publishing or live imports	2026-10-09T10:53:35.5206476Z   type: 'test'
integration (1)	Test applicable combined-tree invariants without publishing or live imports	2026-10-09T10:53:35.5206803Z   ...
integration (1)	Test applicable combined-tree invariants without publishing or live imports	2026-10-09T10:53:35.5207664Z # Subtest: whole-loss source support retains actual native water and explicit uncertainty controls
integration (1)	Test applicable combined-tree invariants without publishing or live imports	2026-10-09T10:53:35.5208959Z ok 96 - whole-loss source support retains actual native water and explicit uncertainty controls
integration (1)	Test applicable combined-tree invariants without publishing or live imports	2026-10-09T10:53:35.5213969Z   ---
integration (1)	Test applicable combined-tree invariants without publishing or live imports	2026-10-09T10:53:35.5214349Z   duration_ms: 2937.741822
integration (1)	Test applicable combined-tree invariants without publishing or live imports	2026-10-09T10:53:35.5214788Z   type: 'test'
integration (1)	Test applicable combined-tree invariants without publishing or live imports	2026-10-09T10:53:35.5215140Z   ...
integration (1)	Test applicable combined-tree invariants without publishing or live imports	2026-10-09T10:53:35.5215850Z # Subtest: exact gap components preserve tiles, dateline, holes and ambiguous contacts
integration (1)	Test applicable combined-tree invariants without publishing or live imports	2026-10-09T10:53:35.5217004Z ok 97 - exact gap components preserve tiles, dateline, holes and ambiguous contacts
integration (1)	Test applicable combined-tree invariants without publishing or live imports	2026-10-09T10:53:35.5217749Z   ---
integration (1)	Test applicable combined-tree invariants without publishing or live imports	2026-10-09T10:53:35.5218106Z   duration_ms: 639.080922
integration (1)	Test applicable combined-tree invariants without publishing or live imports	2026-10-09T10:53:35.5218533Z   type: 'test'
integration (1)	Test applicable combined-tree invariants without publishing or live imports	2026-10-09T10:53:35.5218853Z   ...
integration (1)	Test applicable combined-tree invariants without publishing or live imports	2026-10-09T10:53:35.5220012Z # Subtest: four retained metadata predecessors replay before a late creation and a future second addition
integration (1)	Test applicable combined-tree invariants without publishing or live imports	2026-10-09T10:53:35.5221564Z ok 98 - four retained metadata predecessors replay before a late creation and a future second addition
integration (1)	Test applicable combined-tree invariants without publishing or live imports	2026-10-09T10:53:35.5222354Z   ---
integration (1)	Test applicable combined-tree invariants without publishing or live imports	2026-10-09T10:53:35.5222678Z   duration_ms: 7.363962
integration (1)	Test applicable combined-tree invariants without publishing or live imports	2026-10-09T10:53:35.5223044Z   type: 'test'
integration (1)	Test applicable combined-tree invariants without publishing or live imports	2026-10-09T10:53:35.5223356Z   ...
integration (1)	Test applicable combined-tree invariants without publishing or live imports	2026-10-09T10:53:35.5223999Z # Subtest: mixed creation and metadata chronology must be explicit
integration (1)	Test applicable combined-tree invariants without publishing or live imports	2026-10-09T10:53:35.5224930Z ok 99 - mixed creation and metadata chronology must be explicit
integration (1)	Test applicable combined-tree invariants without publishing or live imports	2026-10-09T10:53:35.5225498Z   ---
integration (1)	Test applicable combined-tree invariants without publishing or live imports	2026-10-09T10:53:35.5225855Z   duration_ms: 1.69376
integration (1)	Test applicable combined-tree invariants without publishing or live imports	2026-10-09T10:53:35.5226257Z   type: 'test'
integration (1)	Test applicable combined-tree invariants without publishing or live imports	2026-10-09T10:53:35.5226612Z   ...
integration (1)	Test applicable combined-tree invariants without publishing or live imports	2026-10-09T10:53:35.5236734Z # Subtest: a creation snapshot cannot advance a previous metadata identity or alter its full source record
integration (1)	Test applicable combined-tree invariants without publishing or live imports	2026-10-09T10:53:35.5238255Z ok 100 - a creation snapshot cannot advance a previous metadata identity or alter its full source record
integration (1)	Test applicable combined-tree invariants without publishing or live imports	2026-10-09T10:53:35.5239153Z   ---
integration (1)	Test applicable combined-tree invariants without publishing or live imports	2026-10-09T10:53:35.5239807Z   duration_ms: 6.001432
integration (1)	Test applicable combined-tree invariants without publishing or live imports	2026-10-09T10:53:35.5240248Z   type: 'test'
integration (1)	Test applicable combined-tree invariants without publishing or live imports	2026-10-09T10:53:35.5240616Z   ...
integration (1)	Test applicable combined-tree invariants without publishing or live imports	2026-10-09T10:53:35.5242575Z # Subtest: skipped, duplicate, reordered and mutated sequence pins fail
integration (1)	Test applicable combined-tree invariants without publishing or live imports	2026-10-09T10:53:35.5243592Z ok 101 - skipped, duplicate, reordered and mutated sequence pins fail
integration (1)	Test applicable combined-tree invariants without publishing or live imports	2026-10-09T10:53:35.5244216Z   ---
integration (1)	Test applicable combined-tree invariants without publishing or live imports	2026-10-09T10:53:35.5244555Z   duration_ms: 5.748409
integration (1)	Test applicable combined-tree invariants without publishing or live imports	2026-10-09T10:53:35.5244953Z   type: 'test'
integration (1)	Test applicable combined-tree invariants without publishing or live imports	2026-10-09T10:53:35.5245294Z   ...
integration (1)	Test applicable combined-tree invariants without publishing or live imports	2026-10-09T10:53:35.5246067Z # Subtest: metadata archive tampering still fails at its chronological predecessor
integration (1)	Test applicable combined-tree invariants without publishing or live imports	2026-10-09T10:53:35.5247313Z ok 102 - metadata archive tampering still fails at its chronological predecessor
integration (1)	Test applicable combined-tree invariants without publishing or live imports	2026-10-09T10:53:35.5248022Z   ---
integration (1)	Test applicable combined-tree invariants without publishing or live imports	2026-10-09T10:53:35.5248359Z   duration_ms: 1.569267
integration (1)	Test applicable combined-tree invariants without publishing or live imports	2026-10-09T10:53:35.5248746Z   type: 'test'
integration (1)	Test applicable combined-tree invariants without publishing or live imports	2026-10-09T10:53:35.5249084Z   ...
integration (1)	Test applicable combined-tree invariants without publishing or live imports	2026-10-09T10:53:35.5250464Z # Subtest: legacy noncreation order remains stable and an unused new group is rejected
integration (1)	Test applicable combined-tree invariants without publishing or live imports	2026-10-09T10:53:35.5251952Z ok 103 - legacy noncreation order remains stable and an unused new group is rejected
integration (1)	Test applicable combined-tree invariants without publishing or live imports	2026-10-09T10:53:35.5252698Z   ---
integration (1)	Test applicable combined-tree invariants without publishing or live imports	2026-10-09T10:53:35.5253055Z   duration_ms: 3.023278
integration (1)	Test applicable combined-tree invariants without publishing or live imports	2026-10-09T10:53:35.5253442Z   type: 'test'
integration (1)	Test applicable combined-tree invariants without publishing or live imports	2026-10-09T10:53:35.5253769Z   ...
integration (1)	Test applicable combined-tree invariants without publishing or live imports	2026-10-09T10:53:35.5254552Z # Subtest: derived child counts must equal actual before and after immediate memberships
integration (1)	Test applicable combined-tree invariants without publishing or live imports	2026-10-09T10:53:35.5255735Z ok 104 - derived child counts must equal actual before and after immediate memberships
integration (1)	Test applicable combined-tree invariants without publishing or live imports	2026-10-09T10:53:35.5256474Z   ---
integration (1)	Test applicable combined-tree invariants without publishing or live imports	2026-10-09T10:53:35.5256814Z   duration_ms: 4.023871
integration (1)	Test applicable combined-tree invariants without publishing or live imports	2026-10-09T10:53:35.5257237Z   type: 'test'
integration (1)	Test applicable combined-tree invariants without publishing or live imports	2026-10-09T10:53:35.5257597Z   ...
integration (1)	Test applicable combined-tree invariants without publishing or live imports	2026-10-09T10:53:35.5258363Z # Subtest: legacy index remains unchanged; verified extension resolves new release
integration (1)	Test applicable combined-tree invariants without publishing or live imports	2026-10-09T10:53:35.5260039Z ok 105 - legacy index remains unchanged; verified extension resolves new release
integration (1)	Test applicable combined-tree invariants without publishing or live imports	2026-10-09T10:53:35.5260796Z   ---
integration (1)	Test applicable combined-tree invariants without publishing or live imports	2026-10-09T10:53:35.5261156Z   duration_ms: 4.316659
integration (1)	Test applicable combined-tree invariants without publishing or live imports	2026-10-09T10:53:35.5261564Z   type: 'test'
integration (1)	Test applicable combined-tree invariants without publishing or live imports	2026-10-09T10:53:35.5261898Z   ...
integration (1)	Test applicable combined-tree invariants without publishing or live imports	2026-10-09T10:53:35.5262622Z # Subtest: pointer rejects traversal, wrong digest and changed predecessor bytes
integration (1)	Test applicable combined-tree invariants without publishing or live imports	2026-10-09T10:53:35.5263715Z ok 106 - pointer rejects traversal, wrong digest and changed predecessor bytes
integration (1)	Test applicable combined-tree invariants without publishing or live imports	2026-10-09T10:53:35.5264390Z   ---
integration (1)	Test applicable combined-tree invariants without publishing or live imports	2026-10-09T10:53:35.5264728Z   duration_ms: 2.877996
integration (1)	Test applicable combined-tree invariants without publishing or live imports	2026-10-09T10:53:35.5265124Z   type: 'test'
integration (1)	Test applicable combined-tree invariants without publishing or live imports	2026-10-09T10:53:35.5265456Z   ...
integration (1)	Test applicable combined-tree invariants without publishing or live imports	2026-10-09T10:53:35.5266119Z # Subtest: extension rejects altered predecessor release or batch metadata
integration (1)	Test applicable combined-tree invariants without publishing or live imports	2026-10-09T10:53:35.5267133Z ok 107 - extension rejects altered predecessor release or batch metadata
integration (1)	Test applicable combined-tree invariants without publishing or live imports	2026-10-09T10:53:35.5267782Z   ---
integration (1)	Test applicable combined-tree invariants without publishing or live imports	2026-10-09T10:53:35.5268153Z   duration_ms: 1.905576
integration (1)	Test applicable combined-tree invariants without publishing or live imports	2026-10-09T10:53:35.5268561Z   type: 'test'
integration (1)	Test applicable combined-tree invariants without publishing or live imports	2026-10-09T10:53:35.5268901Z   ...
integration (1)	Test applicable combined-tree invariants without publishing or live imports	2026-10-09T10:53:35.5270047Z # Subtest: extension rejects duplicate identities, decreasing versions and repeated batch paths
integration (1)	Test applicable combined-tree invariants without publishing or live imports	2026-10-09T10:53:35.5271466Z ok 108 - extension rejects duplicate identities, decreasing versions and repeated batch paths
integration (1)	Test applicable combined-tree invariants without publishing or live imports	2026-10-09T10:53:35.5272275Z   ---
integration (1)	Test applicable combined-tree invariants without publishing or live imports	2026-10-09T10:53:35.5272630Z   duration_ms: 2.563758
integration (1)	Test applicable combined-tree invariants without publishing or live imports	2026-10-09T10:53:35.5273027Z   type: 'test'
integration (1)	Test applicable combined-tree invariants without publishing or live imports	2026-10-09T10:53:35.5273389Z   ...
integration (1)	Test applicable combined-tree invariants without publishing or live imports	2026-10-09T10:53:35.5274030Z # Subtest: manifest pointers cannot load symbolic links
integration (1)	Test applicable combined-tree invariants without publishing or live imports	2026-10-09T10:53:35.5274799Z ok 109 - manifest pointers cannot load symbolic links
integration (1)	Test applicable combined-tree invariants without publishing or live imports	2026-10-09T10:53:35.5275317Z   ---
integration (1)	Test applicable combined-tree invariants without publishing or live imports	2026-10-09T10:53:35.5275661Z   duration_ms: 0.873044
integration (1)	Test applicable combined-tree invariants without publishing or live imports	2026-10-09T10:53:35.5276059Z   type: 'test'
integration (1)	Test applicable combined-tree invariants without publishing or live imports	2026-10-09T10:53:35.5276406Z   ...
integration (1)	Test applicable combined-tree invariants without publishing or live imports	2026-10-09T10:53:35.5277319Z # Subtest: compressed transport retains exact JSON bytes and rejects transport or payload tampering
integration (1)	Test applicable combined-tree invariants without publishing or live imports	2026-10-09T10:53:35.5280395Z ok 110 - compressed transport retains exact JSON bytes and rejects transport or payload tampering
integration (1)	Test applicable combined-tree invariants without publishing or live imports	2026-10-09T10:53:35.5281325Z   ---
integration (1)	Test applicable combined-tree invariants without publishing or live imports	2026-10-09T10:53:35.5281708Z   duration_ms: 0.478305
integration (1)	Test applicable combined-tree invariants without publishing or live imports	2026-10-09T10:53:35.5282129Z   type: 'test'
integration (1)	Test applicable combined-tree invariants without publishing or live imports	2026-10-09T10:53:35.5282509Z   ...
integration (1)	Test applicable combined-tree invariants without publishing or live imports	2026-10-09T10:53:35.5283419Z # Subtest: native monthly water diagnostics retain missing observations and spatial uncertainty
integration (1)	Test applicable combined-tree invariants without publishing or live imports	2026-10-09T10:53:35.5284806Z ok 111 - native monthly water diagnostics retain missing observations and spatial uncertainty
integration (1)	Test applicable combined-tree invariants without publishing or live imports	2026-10-09T10:53:35.5285865Z   ---
integration (1)	Test applicable combined-tree invariants without publishing or live imports	2026-10-09T10:53:35.5286257Z   duration_ms: 362.348117
integration (1)	Test applicable combined-tree invariants without publishing or live imports	2026-10-09T10:53:35.5286679Z   type: 'test'
integration (1)	Test applicable combined-tree invariants without publishing or live imports	2026-10-09T10:53:35.5287036Z   ...
integration (1)	Test applicable combined-tree invariants without publishing or live imports	2026-10-09T10:53:35.5287892Z # Subtest: canonical contact IDs bind to the exact pinned source rows by declared properties
integration (1)	Test applicable combined-tree invariants without publishing or live imports	2026-10-09T10:53:35.5289188Z ok 112 - canonical contact IDs bind to the exact pinned source rows by declared properties
integration (1)	Test applicable combined-tree invariants without publishing or live imports	2026-10-09T10:53:35.5290255Z   ---
integration (1)	Test applicable combined-tree invariants without publishing or live imports	2026-10-09T10:53:35.5290635Z   duration_ms: 5.617413
integration (1)	Test applicable combined-tree invariants without publishing or live imports	2026-10-09T10:53:35.5291049Z   type: 'test'
integration (1)	Test applicable combined-tree invariants without publishing or live imports	2026-10-09T10:53:35.5291388Z   ...
integration (1)	Test applicable combined-tree invariants without publishing or live imports	2026-10-09T10:53:35.5292339Z # Subtest: composed bindings reject missing, non-string, duplicate and omitted or fabricated identities
integration (1)	Test applicable combined-tree invariants without publishing or live imports	2026-10-09T10:53:35.5293836Z ok 113 - composed bindings reject missing, non-string, duplicate and omitted or fabricated identities
integration (1)	Test applicable combined-tree invariants without publishing or live imports	2026-10-09T10:53:35.5294988Z   ---
integration (1)	Test applicable combined-tree invariants without publishing or live imports	2026-10-09T10:53:35.5295356Z   duration_ms: 1.594574
integration (1)	Test applicable combined-tree invariants without publishing or live imports	2026-10-09T10:53:35.5295763Z   type: 'test'
integration (1)	Test applicable combined-tree invariants without publishing or live imports	2026-10-09T10:53:35.5296140Z   ...
integration (1)	Test applicable combined-tree invariants without publishing or live imports	2026-10-09T10:53:35.5297157Z # Subtest: composed bindings reject unsafe templates, inconsistent per-file descriptors and unpinned paths
integration (1)	Test applicable combined-tree invariants without publishing or live imports	2026-10-09T10:53:35.5298741Z ok 114 - composed bindings reject unsafe templates, inconsistent per-file descriptors and unpinned paths
integration (1)	Test applicable combined-tree invariants without publishing or live imports	2026-10-09T10:53:35.5299932Z   ---
integration (1)	Test applicable combined-tree invariants without publishing or live imports	2026-10-09T10:53:35.5300290Z   duration_ms: 1.414948
integration (1)	Test applicable combined-tree invariants without publishing or live imports	2026-10-09T10:53:35.5300681Z   type: 'test'
integration (1)	Test applicable combined-tree invariants without publishing or live imports	2026-10-09T10:53:35.5301023Z   ...
integration (1)	Test applicable combined-tree invariants without publishing or live imports	2026-10-09T10:53:35.5301983Z # Subtest: trusted premerge manifest path accepts composed identities only against the declared immutable bytes
integration (1)	Test applicable combined-tree invariants without publishing or live imports	2026-10-09T10:53:35.5303552Z ok 115 - trusted premerge manifest path accepts composed identities only against the declared immutable bytes
integration (1)	Test applicable combined-tree invariants without publishing or live imports	2026-10-09T10:53:35.5304514Z   ---
integration (1)	Test applicable combined-tree invariants without publishing or live imports	2026-10-09T10:53:35.5304895Z   duration_ms: 2.487635
integration (1)	Test applicable combined-tree invariants without publishing or live imports	2026-10-09T10:53:35.5305297Z   type: 'test'
integration (1)	Test applicable combined-tree invariants without publishing or live imports	2026-10-09T10:53:35.5305625Z   ...
integration (1)	Test applicable combined-tree invariants without publishing or live imports	2026-10-09T10:53:35.5306349Z # Subtest: a burst of launched reads drains without consuming the recovery floor
integration (1)	Test applicable combined-tree invariants without publishing or live imports	2026-10-09T10:53:35.5307484Z ok 116 - a burst of launched reads drains without consuming the recovery floor
integration (1)	Test applicable combined-tree invariants without publishing or live imports	2026-10-09T10:53:35.5308188Z   ---
integration (1)	Test applicable combined-tree invariants without publishing or live imports	2026-10-09T10:53:35.5308534Z   duration_ms: 37.80311
integration (1)	Test applicable combined-tree invariants without publishing or live imports	2026-10-09T10:53:35.5308951Z   type: 'test'
integration (1)	Test applicable combined-tree invariants without publishing or live imports	2026-10-09T10:53:35.5309304Z   ...
integration (1)	Test applicable combined-tree invariants without publishing or live imports	2026-10-09T10:53:35.5310369Z # Subtest: higher stale counters and an early different reset cannot mint capacity
integration (1)	Test applicable combined-tree invariants without publishing or live imports	2026-10-09T10:53:35.5311532Z ok 117 - higher stale counters and an early different reset cannot mint capacity
integration (1)	Test applicable combined-tree invariants without publishing or live imports	2026-10-09T10:53:35.5312231Z   ---
integration (1)	Test applicable combined-tree invariants without publishing or live imports	2026-10-09T10:53:35.5312578Z   duration_ms: 1.702566
integration (1)	Test applicable combined-tree invariants without publishing or live imports	2026-10-09T10:53:35.5312970Z   type: 'test'
integration (1)	Test applicable combined-tree invariants without publishing or live imports	2026-10-09T10:53:35.5313317Z   ...
integration (1)	Test applicable combined-tree invariants without publishing or live imports	2026-10-09T10:53:35.5314192Z # Subtest: later reset headers cannot perpetually postpone the first authenticated recovery window
integration (1)	Test applicable combined-tree invariants without publishing or live imports	2026-10-09T10:53:35.5315502Z ok 118 - later reset headers cannot perpetually postpone the first authenticated recovery window
integration (1)	Test applicable combined-tree invariants without publishing or live imports	2026-10-09T10:53:35.5316282Z   ---
integration (1)	Test applicable combined-tree invariants without publishing or live imports	2026-10-09T10:53:35.5316616Z   duration_ms: 1.36792
integration (1)	Test applicable combined-tree invariants without publishing or live imports	2026-10-09T10:53:35.5316997Z   type: 'test'
integration (1)	Test applicable combined-tree invariants without publishing or live imports	2026-10-09T10:53:35.5317333Z   ...
integration (1)	Test applicable combined-tree invariants without publishing or live imports	2026-10-09T10:53:35.5318172Z # Subtest: an authenticated unchanged response refunds the conservative possible paid attempt
integration (1)	Test applicable combined-tree invariants without publishing or live imports	2026-10-09T10:53:35.5319810Z ok 119 - an authenticated unchanged response refunds the conservative possible paid attempt
integration (1)	Test applicable combined-tree invariants without publishing or live imports	2026-10-09T10:53:35.5320652Z   ---
integration (1)	Test applicable combined-tree invariants without publishing or live imports	2026-10-09T10:53:35.5321023Z   duration_ms: 2.347152
integration (1)	Test applicable combined-tree invariants without publishing or live imports	2026-10-09T10:53:35.5321437Z   type: 'test'
integration (1)	Test applicable combined-tree invariants without publishing or live imports	2026-10-09T10:53:35.5321784Z   ...
integration (1)	Test applicable combined-tree invariants without publishing or live imports	2026-10-09T10:53:35.5322735Z # Subtest: a reset timestamp never grants unobserved capacity and a fresh positive probe is required
integration (1)	Test applicable combined-tree invariants without publishing or live imports	2026-10-09T10:53:35.5324189Z ok 120 - a reset timestamp never grants unobserved capacity and a fresh positive probe is required
integration (1)	Test applicable combined-tree invariants without publishing or live imports	2026-10-09T10:53:35.5325025Z   ---
integration (1)	Test applicable combined-tree invariants without publishing or live imports	2026-10-09T10:53:35.5325392Z   duration_ms: 2.115449
integration (1)	Test applicable combined-tree invariants without publishing or live imports	2026-10-09T10:53:35.5325791Z   type: 'test'
integration (1)	Test applicable combined-tree invariants without publishing or live imports	2026-10-09T10:53:35.5326143Z   ...
integration (1)	Test applicable combined-tree invariants without publishing or live imports	2026-10-09T10:53:35.5327085Z # Subtest: a first mutation requires positive actual capacity, never retries and preserves ambiguity
integration (1)	Test applicable combined-tree invariants without publishing or live imports	2026-10-09T10:53:35.5328817Z ok 121 - a first mutation requires positive actual capacity, never retries and preserves ambiguity
integration (1)	Test applicable combined-tree invariants without publishing or live imports	2026-10-09T10:53:35.5329881Z   ---
integration (1)	Test applicable combined-tree invariants without publishing or live imports	2026-10-09T10:53:35.5330217Z   duration_ms: 1.344717
integration (1)	Test applicable combined-tree invariants without publishing or live imports	2026-10-09T10:53:35.5330587Z   type: 'test'
integration (1)	Test applicable combined-tree invariants without publishing or live imports	2026-10-09T10:53:35.5330921Z   ...
integration (1)	Test applicable combined-tree invariants without publishing or live imports	2026-10-09T10:53:35.5331642Z # Subtest: missing core headers cannot support further authenticated work
integration (1)	Test applicable combined-tree invariants without publishing or live imports	2026-10-09T10:53:35.5332643Z ok 122 - missing core headers cannot support further authenticated work
integration (1)	Test applicable combined-tree invariants without publishing or live imports	2026-10-09T10:53:35.5333315Z   ---
integration (1)	Test applicable combined-tree invariants without publishing or live imports	2026-10-09T10:53:35.5333685Z   duration_ms: 0.671236
integration (1)	Test applicable combined-tree invariants without publishing or live imports	2026-10-09T10:53:35.5334098Z   type: 'test'
integration (1)	Test applicable combined-tree invariants without publishing or live imports	2026-10-09T10:53:35.5334442Z   ...
integration (1)	Test applicable combined-tree invariants without publishing or live imports	2026-10-09T10:53:35.5335437Z # Subtest: available capacity imposes no artificial sleeps and actual remaining deadline still binds reads/writes
integration (1)	Test applicable combined-tree invariants without publishing or live imports	2026-10-09T10:53:35.5337266Z ok 123 - available capacity imposes no artificial sleeps and actual remaining deadline still binds reads/writes
integration (1)	Test applicable combined-tree invariants without publishing or live imports	2026-10-09T10:53:35.5338162Z   ---
integration (1)	Test applicable combined-tree invariants without publishing or live imports	2026-10-09T10:53:35.5338493Z   duration_ms: 1.163487
integration (1)	Test applicable combined-tree invariants without publishing or live imports	2026-10-09T10:53:35.5338892Z   type: 'test'
integration (1)	Test applicable combined-tree invariants without publishing or live imports	2026-10-09T10:53:35.5339212Z   ...
integration (1)	Test applicable combined-tree invariants without publishing or live imports	2026-10-09T10:53:35.5340303Z # Subtest: artifact redirect consumes shared admission and preserves fixed-host credentials
integration (1)	Test applicable combined-tree invariants without publishing or live imports	2026-10-09T10:53:35.5341603Z ok 124 - artifact redirect consumes shared admission and preserves fixed-host credentials
integration (1)	Test applicable combined-tree invariants without publishing or live imports	2026-10-09T10:53:35.5342380Z   ---
integration (1)	Test applicable combined-tree invariants without publishing or live imports	2026-10-09T10:53:35.5342739Z   duration_ms: 0.806489
integration (1)	Test applicable combined-tree invariants without publishing or live imports	2026-10-09T10:53:35.5343158Z   type: 'test'
integration (1)	Test applicable combined-tree invariants without publishing or live imports	2026-10-09T10:53:35.5343498Z   ...
integration (1)	Test applicable combined-tree invariants without publishing or live imports	2026-10-09T10:53:35.5344289Z # Subtest: artifact redirects cannot bypass a known quota floor or fetch another host
integration (1)	Test applicable combined-tree invariants without publishing or live imports	2026-10-09T10:53:35.5345514Z ok 125 - artifact redirects cannot bypass a known quota floor or fetch another host
integration (1)	Test applicable combined-tree invariants without publishing or live imports	2026-10-09T10:53:35.5346276Z   ---
integration (1)	Test applicable combined-tree invariants without publishing or live imports	2026-10-09T10:53:35.5346650Z   duration_ms: 0.750425
integration (1)	Test applicable combined-tree invariants without publishing or live imports	2026-10-09T10:53:35.5347063Z   type: 'test'
integration (1)	Test applicable combined-tree invariants without publishing or live imports	2026-10-09T10:53:35.5347421Z   ...
integration (1)	Test applicable combined-tree invariants without publishing or live imports	2026-10-09T10:53:35.5348392Z # Subtest: protected capacity can finish exact owned cleanup and durable notification, but not new work
integration (1)	Test applicable combined-tree invariants without publishing or live imports	2026-10-09T10:53:35.5350472Z ok 126 - protected capacity can finish exact owned cleanup and durable notification, but not new work
integration (1)	Test applicable combined-tree invariants without publishing or live imports	2026-10-09T10:53:35.5351373Z   ---
integration (1)	Test applicable combined-tree invariants without publishing or live imports	2026-10-09T10:53:35.5351750Z   duration_ms: 6.816978
integration (1)	Test applicable combined-tree invariants without publishing or live imports	2026-10-09T10:53:35.5352279Z   type: 'test'
integration (1)	Test applicable combined-tree invariants without publishing or live imports	2026-10-09T10:53:35.5352698Z   ...
integration (1)	Test applicable combined-tree invariants without publishing or live imports	2026-10-09T10:53:35.5353739Z # Subtest: recovery preserves original ref ownership checks and never repeats ambiguous deletes
integration (1)	Test applicable combined-tree invariants without publishing or live imports	2026-10-09T10:53:35.5355156Z ok 127 - recovery preserves original ref ownership checks and never repeats ambiguous deletes
integration (1)	Test applicable combined-tree invariants without publishing or live imports	2026-10-09T10:53:35.5355947Z   ---
integration (1)	Test applicable combined-tree invariants without publishing or live imports	2026-10-09T10:53:35.5356323Z   duration_ms: 0.792863
integration (1)	Test applicable combined-tree invariants without publishing or live imports	2026-10-09T10:53:35.5356737Z   type: 'test'
integration (1)	Test applicable combined-tree invariants without publishing or live imports	2026-10-09T10:53:35.5357076Z   ...
integration (1)	Test applicable combined-tree invariants without publishing or live imports	2026-10-09T10:53:35.5357985Z # Subtest: concurrent 304 refunds only its own reservation and cannot erase other in-flight paid charges
integration (1)	Test applicable combined-tree invariants without publishing or live imports	2026-10-09T10:53:35.5359621Z ok 128 - concurrent 304 refunds only its own reservation and cannot erase other in-flight paid charges
integration (1)	Test applicable combined-tree invariants without publishing or live imports	2026-10-09T10:53:35.5360739Z   ---
integration (1)	Test applicable combined-tree invariants without publishing or live imports	2026-10-09T10:53:35.5361166Z   duration_ms: 0.96182
integration (1)	Test applicable combined-tree invariants without publishing or live imports	2026-10-09T10:53:35.5361601Z   type: 'test'
integration (1)	Test applicable combined-tree invariants without publishing or live imports	2026-10-09T10:53:35.5361976Z   ...
integration (1)	Test applicable combined-tree invariants without publishing or live imports	2026-10-09T10:53:35.5362487Z # Subtest: lane IDs must be explicit and safe
integration (1)	Test applicable combined-tree invariants without publishing or live imports	2026-10-09T10:53:35.5363174Z ok 129 - lane IDs must be explicit and safe
integration (1)	Test applicable combined-tree invariants without publishing or live imports	2026-10-09T10:53:35.5363684Z   ---
integration (1)	Test applicable combined-tree invariants without publishing or live imports	2026-10-09T10:53:35.5364039Z   duration_ms: 1.922669
integration (1)	Test applicable combined-tree invariants without publishing or live imports	2026-10-09T10:53:35.5364424Z   type: 'test'
integration (1)	Test applicable combined-tree invariants without publishing or live imports	2026-10-09T10:53:35.5364755Z   ...
integration (1)	Test applicable combined-tree invariants without publishing or live imports	2026-10-09T10:53:35.5365613Z # Subtest: research owns only campaign files, excluding shared handovers and other campaigns
integration (1)	Test applicable combined-tree invariants without publishing or live imports	2026-10-09T10:53:35.5366912Z ok 130 - research owns only campaign files, excluding shared handovers and other campaigns
integration (1)	Test applicable combined-tree invariants without publishing or live imports	2026-10-09T10:53:35.5367669Z   ---
integration (1)	Test applicable combined-tree invariants without publishing or live imports	2026-10-09T10:53:35.5368017Z   duration_ms: 0.457947
integration (1)	Test applicable combined-tree invariants without publishing or live imports	2026-10-09T10:53:35.5368426Z   type: 'test'
integration (1)	Test applicable combined-tree invariants without publishing or live imports	2026-10-09T10:53:35.5368775Z   ...
integration (1)	Test applicable combined-tree invariants without publishing or live imports	2026-10-09T10:53:35.5369674Z # Subtest: engineering preserves research and other engineering progress
integration (1)	Test applicable combined-tree invariants without publishing or live imports	2026-10-09T10:53:35.5370690Z ok 131 - engineering preserves research and other engineering progress
integration (1)	Test applicable combined-tree invariants without publishing or live imports	2026-10-09T10:53:35.5371554Z   ---
integration (1)	Test applicable combined-tree invariants without publishing or live imports	2026-10-09T10:53:35.5371894Z   duration_ms: 0.237484
integration (1)	Test applicable combined-tree invariants without publishing or live imports	2026-10-09T10:53:35.5372270Z   type: 'test'
integration (1)	Test applicable combined-tree invariants without publishing or live imports	2026-10-09T10:53:35.5372598Z   ...
integration (1)	Test applicable combined-tree invariants without publishing or live imports	2026-10-09T10:53:35.5373345Z # Subtest: partial and final PRs link one issue without needing a document tracker ID
integration (1)	Test applicable combined-tree invariants without publishing or live imports	2026-10-09T10:53:35.5374601Z ok 132 - partial and final PRs link one issue without needing a document tracker ID
integration (1)	Test applicable combined-tree invariants without publishing or live imports	2026-10-09T10:53:35.5375320Z   ---
integration (1)	Test applicable combined-tree invariants without publishing or live imports	2026-10-09T10:53:35.5375659Z   duration_ms: 0.668902
integration (1)	Test applicable combined-tree invariants without publishing or live imports	2026-10-09T10:53:35.5376008Z   type: 'test'
integration (1)	Test applicable combined-tree invariants without publishing or live imports	2026-10-09T10:53:35.5376314Z   ...
integration (1)	Test applicable combined-tree invariants without publishing or live imports	2026-10-09T10:53:35.5377006Z # Subtest: PR policy rejects ambiguous issue links and accidental additional closures
integration (1)	Test applicable combined-tree invariants without publishing or live imports	2026-10-09T10:53:35.5378059Z ok 133 - PR policy rejects ambiguous issue links and accidental additional closures
integration (1)	Test applicable combined-tree invariants without publishing or live imports	2026-10-09T10:53:35.5378956Z   ---
integration (1)	Test applicable combined-tree invariants without publishing or live imports	2026-10-09T10:53:35.5379287Z   duration_ms: 0.286967
integration (1)	Test applicable combined-tree invariants without publishing or live imports	2026-10-09T10:53:35.5379906Z   type: 'test'
integration (1)	Test applicable combined-tree invariants without publishing or live imports	2026-10-09T10:53:35.5380237Z   ...
integration (1)	Test applicable combined-tree invariants without publishing or live imports	2026-10-09T10:53:35.5382257Z # Subtest: GitHub issue type agrees with its lane and references an open issue
integration (1)	Test applicable combined-tree invariants without publishing or live imports	2026-10-09T10:53:35.5383405Z ok 134 - GitHub issue type agrees with its lane and references an open issue
integration (1)	Test applicable combined-tree invariants without publishing or live imports	2026-10-09T10:53:35.5384116Z   ---
integration (1)	Test applicable combined-tree invariants without publishing or live imports	2026-10-09T10:53:35.5384480Z   duration_ms: 0.313838
integration (1)	Test applicable combined-tree invariants without publishing or live imports	2026-10-09T10:53:35.5384898Z   type: 'test'
integration (1)	Test applicable combined-tree invariants without publishing or live imports	2026-10-09T10:53:35.5385253Z   ...
integration (1)	Test applicable combined-tree invariants without publishing or live imports	2026-10-09T10:53:35.5386029Z # Subtest: real git diff checks rename source paths, not only allowed destinations
integration (1)	Test applicable combined-tree invariants without publishing or live imports	2026-10-09T10:53:35.5387176Z ok 135 - real git diff checks rename source paths, not only allowed destinations
integration (1)	Test applicable combined-tree invariants without publishing or live imports	2026-10-09T10:53:35.5387893Z   ---
integration (1)	Test applicable combined-tree invariants without publishing or live imports	2026-10-09T10:53:35.5388245Z   duration_ms: 49.437332
integration (1)	Test applicable combined-tree invariants without publishing or live imports	2026-10-09T10:53:35.5388659Z   type: 'test'
integration (1)	Test applicable combined-tree invariants without publishing or live imports	2026-10-09T10:53:35.5389008Z   ...
integration (1)	Test applicable combined-tree invariants without publishing or live imports	2026-10-09T10:53:35.5390073Z # Subtest: another lane advancing work is not mistaken for this branch changing its files
integration (1)	Test applicable combined-tree invariants without publishing or live imports	2026-10-09T10:53:35.5391286Z ok 136 - another lane advancing work is not mistaken for this branch changing its files
integration (1)	Test applicable combined-tree invariants without publishing or live imports	2026-10-09T10:53:35.5392004Z   ---
integration (1)	Test applicable combined-tree invariants without publishing or live imports	2026-10-09T10:53:35.5392342Z   duration_ms: 75.649701
integration (1)	Test applicable combined-tree invariants without publishing or live imports	2026-10-09T10:53:35.5392730Z   type: 'test'
integration (1)	Test applicable combined-tree invariants without publishing or live imports	2026-10-09T10:53:35.5393036Z   ...
integration (1)	Test applicable combined-tree invariants without publishing or live imports	2026-10-09T10:53:35.5393971Z # Subtest: remote issue validation reads only the event repository and requires successful labeled issue metadata
integration (1)	Test applicable combined-tree invariants without publishing or live imports	2026-10-09T10:53:35.5395429Z ok 137 - remote issue validation reads only the event repository and requires successful labeled issue metadata
integration (1)	Test applicable combined-tree invariants without publishing or live imports	2026-10-09T10:53:35.5396266Z   ---
integration (1)	Test applicable combined-tree invariants without publishing or live imports	2026-10-09T10:53:35.5396592Z   duration_ms: 16.164663
integration (1)	Test applicable combined-tree invariants without publishing or live imports	2026-10-09T10:53:35.5396969Z   type: 'test'
integration (1)	Test applicable combined-tree invariants without publishing or live imports	2026-10-09T10:53:35.5397294Z   ...
integration (1)	Test applicable combined-tree invariants without publishing or live imports	2026-10-09T10:53:35.5398091Z # Subtest: geography may own narrower subdirectories without acquiring sibling or parent files
integration (1)	Test applicable combined-tree invariants without publishing or live imports	2026-10-09T10:53:35.5399666Z ok 138 - geography may own narrower subdirectories without acquiring sibling or parent files
integration (1)	Test applicable combined-tree invariants without publishing or live imports	2026-10-09T10:53:35.5400466Z   ---
integration (1)	Test applicable combined-tree invariants without publishing or live imports	2026-10-09T10:53:35.5400798Z   duration_ms: 0.956901
integration (1)	Test applicable combined-tree invariants without publishing or live imports	2026-10-09T10:53:35.5401168Z   type: 'test'
integration (1)	Test applicable combined-tree invariants without publishing or live imports	2026-10-09T10:53:35.5401373Z   ...
integration (1)	Test applicable combined-tree invariants without publishing or live imports	2026-10-09T10:53:49.5933055Z # Subtest: hosted catalog keeps active ancestor closure and categories as undated identities without ancient source coverage
integration (1)	Test applicable combined-tree invariants without publishing or live imports	2026-10-09T10:53:49.5953214Z ok 139 - hosted catalog keeps active ancestor closure and categories as undated identities without ancient source coverage
integration (1)	Test applicable combined-tree invariants without publishing or live imports	2026-10-09T10:53:49.5979965Z   ---
integration (1)	Test applicable combined-tree invariants without publishing or live imports	2026-10-09T10:53:49.5980340Z   duration_ms: 119.125933
integration (1)	Test applicable combined-tree invariants without publishing or live imports	2026-10-09T10:53:49.5980735Z   type: 'test'
integration (1)	Test applicable combined-tree invariants without publishing or live imports	2026-10-09T10:53:49.5981055Z   ...
integration (1)	Test applicable combined-tree invariants without publishing or live imports	2026-10-09T10:53:49.5982106Z # {"catalog_batches_imported":438,"entities":85315,"categories":1446,"sources":374,"active_units":5810,"archived_units":10259}
integration (1)	Test applicable combined-tree invariants without publishing or live imports	2026-10-09T10:53:49.6005731Z # Subtest: every generated hosted catalog batch imports through the actual service and generated D1 constraints
integration (1)	Test applicable combined-tree invariants without publishing or live imports	2026-10-09T10:53:49.6043317Z ok 140 - every generated hosted catalog batch imports through the actual service and generated D1 constraints
integration (1)	Test applicable combined-tree invariants without publishing or live imports	2026-10-09T10:53:49.6069734Z   ---
integration (1)	Test applicable combined-tree invariants without publishing or live imports	2026-10-09T10:53:49.6092486Z   duration_ms: 18060.231979
integration (1)	Test applicable combined-tree invariants without publishing or live imports	2026-10-09T10:53:49.6110403Z   type: 'test'
integration (1)	Test applicable combined-tree invariants without publishing or live imports	2026-10-09T10:53:49.6111984Z   ...
integration (1)	Test applicable combined-tree invariants without publishing or live imports	2026-10-09T10:53:49.6682941Z # Subtest: transport compiler changes exactly the pinned 21 guards and preserves all other raw SQL and metadata
integration (1)	Test applicable combined-tree invariants without publishing or live imports	2026-10-09T10:53:49.6703813Z ok 141 - transport compiler changes exactly the pinned 21 guards and preserves all other raw SQL and metadata
integration (1)	Test applicable combined-tree invariants without publishing or live imports	2026-10-09T10:53:49.6705049Z   ---
integration (1)	Test applicable combined-tree invariants without publishing or live imports	2026-10-09T10:53:49.6705610Z   duration_ms: 19.374959
integration (1)	Test applicable combined-tree invariants without publishing or live imports	2026-10-09T10:53:49.6706211Z   type: 'test'
integration (1)	Test applicable combined-tree invariants without publishing or live imports	2026-10-09T10:53:49.6706744Z   ...
integration (1)	Test applicable combined-tree invariants without publishing or live imports	2026-10-09T10:53:49.6708002Z # Subtest: raw and derivative guards have identical original schemas and preserve all 21 conditions and error messages
integration (1)	Test applicable combined-tree invariants without publishing or live imports	2026-10-09T10:53:49.6710251Z ok 142 - raw and derivative guards have identical original schemas and preserve all 21 conditions and error messages
integration (1)	Test applicable combined-tree invariants without publishing or live imports	2026-10-09T10:53:49.6711419Z   ---
integration (1)	Test applicable combined-tree invariants without publishing or live imports	2026-10-09T10:53:49.6712408Z   duration_ms: 14.724025
integration (1)	Test applicable combined-tree invariants without publishing or live imports	2026-10-09T10:53:49.6713017Z   type: 'test'
integration (1)	Test applicable combined-tree invariants without publishing or live imports	2026-10-09T10:53:49.6713542Z   ...
integration (1)	Test applicable combined-tree invariants without publishing or live imports	2026-10-09T10:53:49.6714793Z # Subtest: native workerd D1 reproduces CASE-block truncation and applies the derivative over populated retained claims
integration (1)	Test applicable combined-tree invariants without publishing or live imports	2026-10-09T10:53:49.6716736Z ok 143 - native workerd D1 reproduces CASE-block truncation and applies the derivative over populated retained claims
integration (1)	Test applicable combined-tree invariants without publishing or live imports	2026-10-09T10:53:49.6717849Z   ---
integration (1)	Test applicable combined-tree invariants without publishing or live imports	2026-10-09T10:53:49.6718378Z   duration_ms: 1385.738229
integration (1)	Test applicable combined-tree invariants without publishing or live imports	2026-10-09T10:53:49.6718964Z   type: 'test'
integration (1)	Test applicable combined-tree invariants without publishing or live imports	2026-10-09T10:53:49.6719763Z   ...
integration (1)	Test applicable combined-tree invariants without publishing or live imports	2026-10-09T10:53:49.6720913Z # Subtest: dated parent bridge preserves stable identity, source support and effective complete chains
integration (1)	Test applicable combined-tree invariants without publishing or live imports	2026-10-09T10:53:49.6722547Z ok 144 - dated parent bridge preserves stable identity, source support and effective complete chains
integration (1)	Test applicable combined-tree invariants without publishing or live imports	2026-10-09T10:53:49.6724684Z   ---
integration (1)	Test applicable combined-tree invariants without publishing or live imports	2026-10-09T10:53:49.6725262Z   duration_ms: 3.429097
integration (1)	Test applicable combined-tree invariants without publishing or live imports	2026-10-09T10:53:49.6725853Z   type: 'test'
integration (1)	Test applicable combined-tree invariants without publishing or live imports	2026-10-09T10:53:49.6726988Z   ...
integration (1)	Test applicable combined-tree invariants without publishing or live imports	2026-10-09T10:53:49.6745083Z # Subtest: explicit unknown membership keeps the reference chain and original uncertainty rather than adopting a weaker claim
integration (1)	Test applicable combined-tree invariants without publishing or live imports	2026-10-09T10:53:49.6747410Z ok 145 - explicit unknown membership keeps the reference chain and original uncertainty rather than adopting a weaker claim
integration (1)	Test applicable combined-tree invariants without publishing or live imports	2026-10-09T10:53:49.6748763Z   ---
integration (1)	Test applicable combined-tree invariants without publishing or live imports	2026-10-09T10:53:49.6749587Z   duration_ms: 0.39035
integration (1)	Test applicable combined-tree invariants without publishing or live imports	2026-10-09T10:53:49.6750308Z   type: 'test'
integration (1)	Test applicable combined-tree invariants without publishing or live imports	2026-10-09T10:53:49.6750840Z   ...
integration (1)	Test applicable combined-tree invariants without publishing or live imports	2026-10-09T10:53:49.6752589Z # Subtest: existence exclusions survive adaptation, including sourced unknown and BC/AD reference exclusions without year zero
integration (1)	Test applicable combined-tree invariants without publishing or live imports	2026-10-09T10:53:49.6754823Z ok 146 - existence exclusions survive adaptation, including sourced unknown and BC/AD reference exclusions without year zero
integration (1)	Test applicable combined-tree invariants without publishing or live imports	2026-10-09T10:53:49.6756227Z   ---
integration (1)	Test applicable combined-tree invariants without publishing or live imports	2026-10-09T10:53:49.6756765Z   duration_ms: 0.511387
integration (1)	Test applicable combined-tree invariants without publishing or live imports	2026-10-09T10:53:49.6757589Z   type: 'test'
integration (1)	Test applicable combined-tree invariants without publishing or live imports	2026-10-09T10:53:49.6758120Z   ...
integration (1)	Test applicable combined-tree invariants without publishing or live imports	2026-10-09T10:53:49.6759877Z # Subtest: bridge rejects wrong release, unsupported source/year, examples, withdrawn winners and unvetted footprints
integration (1)	Test applicable combined-tree invariants without publishing or live imports	2026-10-09T10:53:49.6762203Z ok 147 - bridge rejects wrong release, unsupported source/year, examples, withdrawn winners and unvetted footprints
integration (1)	Test applicable combined-tree invariants without publishing or live imports	2026-10-09T10:53:49.6763551Z   ---
integration (1)	Test applicable combined-tree invariants without publishing or live imports	2026-10-09T10:53:49.6764077Z   duration_ms: 1.316735
integration (1)	Test applicable combined-tree invariants without publishing or live imports	2026-10-09T10:53:49.6764897Z   type: 'test'
integration (1)	Test applicable combined-tree invariants without publishing or live imports	2026-10-09T10:53:49.6765646Z   ...
integration (1)	Test applicable combined-tree invariants without publishing or live imports	2026-10-09T10:53:49.6767100Z # Subtest: joined-source snapshots hydrate exact JSON text metadata without requiring a duplicate source dictionary
integration (1)	Test applicable combined-tree invariants without publishing or live imports	2026-10-09T10:53:49.6769322Z ok 148 - joined-source snapshots hydrate exact JSON text metadata without requiring a duplicate source dictionary
integration (1)	Test applicable combined-tree invariants without publishing or live imports	2026-10-09T10:53:49.6770837Z   ---
integration (1)	Test applicable combined-tree invariants without publishing or live imports	2026-10-09T10:53:49.6771590Z   duration_ms: 0.738843
integration (1)	Test applicable combined-tree invariants without publishing or live imports	2026-10-09T10:53:49.6772164Z   type: 'test'
integration (1)	Test applicable combined-tree invariants without publishing or live imports	2026-10-09T10:53:49.6772966Z   ...
integration (1)	Test applicable combined-tree invariants without publishing or live imports	2026-10-09T10:53:49.6774668Z # Subtest: shared temporal parent/existence resolution matches direct/derived/reference/example precedence independently of language and IDs
integration (1)	Test applicable combined-tree invariants without publishing or live imports	2026-10-09T10:53:49.6777311Z ok 149 - shared temporal parent/existence resolution matches direct/derived/reference/example precedence independently of language and IDs
integration (1)	Test applicable combined-tree invariants without publishing or live imports	2026-10-09T10:53:49.6778688Z   ---
integration (1)	Test applicable combined-tree invariants without publishing or live imports	2026-10-09T10:53:49.6833033Z   duration_ms: 0.592148
integration (1)	Test applicable combined-tree invariants without publishing or live imports	2026-10-09T10:53:49.6920700Z   type: 'test'
integration (1)	Test applicable combined-tree invariants without publishing or live imports	2026-10-09T10:53:49.6966898Z   ...
integration (1)	Test applicable combined-tree invariants without publishing or live imports	2026-10-09T10:53:49.6970013Z # Subtest: complete hosted snapshot authority removes withdrawn legacy IDs and overridden fields without reviving excluded entities
integration (1)	Test applicable combined-tree invariants without publishing or live imports	2026-10-09T10:53:49.6972097Z ok 150 - complete hosted snapshot authority removes withdrawn legacy IDs and overridden fields without reviving excluded entities
integration (1)	Test applicable combined-tree invariants without publishing or live imports	2026-10-09T10:53:49.6973309Z   ---
integration (1)	Test applicable combined-tree invariants without publishing or live imports	2026-10-09T10:53:49.6973783Z   duration_ms: 1.828812
integration (1)	Test applicable combined-tree invariants without publishing or live imports	2026-10-09T10:53:49.6974297Z   type: 'test'
integration (1)	Test applicable combined-tree invariants without publishing or live imports	2026-10-09T10:53:49.6974801Z   ...
integration (1)	Test applicable combined-tree invariants without publishing or live imports	2026-10-09T10:53:49.6976247Z # Subtest: bounded production pages hydrate source-deduplicated winners and generate histories/exclusions without a full reference registry
integration (1)	Test applicable combined-tree invariants without publishing or live imports	2026-10-09T10:53:49.6978417Z ok 151 - bounded production pages hydrate source-deduplicated winners and generate histories/exclusions without a full reference registry
integration (1)	Test applicable combined-tree invariants without publishing or live imports	2026-10-09T10:53:49.6980506Z   ---
integration (1)	Test applicable combined-tree invariants without publishing or live imports	2026-10-09T10:53:49.6981006Z   duration_ms: 0.747569
integration (1)	Test applicable combined-tree invariants without publishing or live imports	2026-10-09T10:53:49.6981552Z   type: 'test'
integration (1)	Test applicable combined-tree invariants without publishing or live imports	2026-10-09T10:53:49.6982046Z   ...
integration (1)	Test applicable combined-tree invariants without publishing or live imports	2026-10-09T10:53:49.6983453Z # Subtest: bounded withdrawals remain authoritative independently of selected-year claims; malformed stream/context cannot become history
integration (1)	Test applicable combined-tree invariants without publishing or live imports	2026-10-09T10:53:49.6985646Z ok 152 - bounded withdrawals remain authoritative independently of selected-year claims; malformed stream/context cannot become history
integration (1)	Test applicable combined-tree invariants without publishing or live imports	2026-10-09T10:53:49.6986886Z   ---
integration (1)	Test applicable combined-tree invariants without publishing or live imports	2026-10-09T10:53:49.6987374Z   duration_ms: 0.656088
integration (1)	Test applicable combined-tree invariants without publishing or live imports	2026-10-09T10:53:49.6987888Z   type: 'test'
integration (1)	Test applicable combined-tree invariants without publishing or live imports	2026-10-09T10:53:49.6988335Z   ...
integration (1)	Test applicable combined-tree invariants without publishing or live imports	2026-10-09T10:53:49.6989691Z # Subtest: source IDs are ordinary stable identities even when their spelling matches JavaScript object properties
integration (1)	Test applicable combined-tree invariants without publishing or live imports	2026-10-09T10:53:49.6991371Z ok 153 - source IDs are ordinary stable identities even when their spelling matches JavaScript object properties
integration (1)	Test applicable combined-tree invariants without publishing or live imports	2026-10-09T10:53:49.6992472Z   ---
integration (1)	Test applicable combined-tree invariants without publishing or live imports	2026-10-09T10:53:49.6993000Z   duration_ms: 0.572692
integration (1)	Test applicable combined-tree invariants without publishing or live imports	2026-10-09T10:53:49.6993579Z   type: 'test'
integration (1)	Test applicable combined-tree invariants without publishing or live imports	2026-10-09T10:53:49.6994054Z   ...
integration (1)	Test applicable combined-tree invariants without publishing or live imports	2026-10-09T10:53:49.6995081Z # Subtest: JSON projection retains original nested formatting and appends bounded one-line entries
integration (1)	Test applicable combined-tree invariants without publishing or live imports	2026-10-09T10:53:49.6996655Z ok 154 - JSON projection retains original nested formatting and appends bounded one-line entries
integration (1)	Test applicable combined-tree invariants without publishing or live imports	2026-10-09T10:53:49.6997691Z   ---
integration (1)	Test applicable combined-tree invariants without publishing or live imports	2026-10-09T10:53:49.6998167Z   duration_ms: 2.952736
integration (1)	Test applicable combined-tree invariants without publishing or live imports	2026-10-09T10:53:49.6998692Z   type: 'test'
integration (1)	Test applicable combined-tree invariants without publishing or live imports	2026-10-09T10:53:49.6999179Z   ...
integration (1)	Test applicable combined-tree invariants without publishing or live imports	2026-10-09T10:53:49.7000486Z # Subtest: JSON projection handles changed array rows, escaped strings, empty containers and removals
integration (1)	Test applicable combined-tree invariants without publishing or live imports	2026-10-09T10:53:49.7002053Z ok 155 - JSON projection handles changed array rows, escaped strings, empty containers and removals
integration (1)	Test applicable combined-tree invariants without publishing or live imports	2026-10-09T10:53:49.7003015Z   ---
integration (1)	Test applicable combined-tree invariants without publishing or live imports	2026-10-09T10:53:49.7003464Z   duration_ms: 0.642633
integration (1)	Test applicable combined-tree invariants without publishing or live imports	2026-10-09T10:53:49.7003950Z   type: 'test'
integration (1)	Test applicable combined-tree invariants without publishing or live imports	2026-10-09T10:53:49.7004441Z   ...
integration (1)	Test applicable combined-tree invariants without publishing or live imports	2026-10-09T10:53:49.7005558Z # Subtest: province projection changes only province metadata and retains canonical cell/index bounds
integration (1)	Test applicable combined-tree invariants without publishing or live imports	2026-10-09T10:53:49.7007185Z ok 156 - province projection changes only province metadata and retains canonical cell/index bounds
integration (1)	Test applicable combined-tree invariants without publishing or live imports	2026-10-09T10:53:49.7008216Z   ---
integration (1)	Test applicable combined-tree invariants without publishing or live imports	2026-10-09T10:53:49.7008686Z   duration_ms: 1.650198
integration (1)	Test applicable combined-tree invariants without publishing or live imports	2026-10-09T10:53:49.7009232Z   type: 'test'
integration (1)	Test applicable combined-tree invariants without publishing or live imports	2026-10-09T10:53:49.7010070Z   ...
integration (1)	Test applicable combined-tree invariants without publishing or live imports	2026-10-09T10:53:49.7011063Z # Subtest: append-only release retains original generations and drops regenerated baseline
integration (1)	Test applicable combined-tree invariants without publishing or live imports	2026-10-09T10:53:49.7012547Z ok 157 - append-only release retains original generations and drops regenerated baseline
integration (1)	Test applicable combined-tree invariants without publishing or live imports	2026-10-09T10:53:49.7013452Z   ---
integration (1)	Test applicable combined-tree invariants without publishing or live imports	2026-10-09T10:53:49.7013956Z   duration_ms: 1.338916
integration (1)	Test applicable combined-tree invariants without publishing or live imports	2026-10-09T10:53:49.7014487Z   type: 'test'
integration (1)	Test applicable combined-tree invariants without publishing or live imports	2026-10-09T10:53:49.7014947Z   ...
integration (1)	Test applicable combined-tree invariants without publishing or live imports	2026-10-09T10:53:49.7015905Z # Subtest: evidence composes unchanged territory while preserving original supported facts
integration (1)	Test applicable combined-tree invariants without publishing or live imports	2026-10-09T10:53:49.7017366Z ok 158 - evidence composes unchanged territory while preserving original supported facts
integration (1)	Test applicable combined-tree invariants without publishing or live imports	2026-10-09T10:53:49.7018290Z   ---
integration (1)	Test applicable combined-tree invariants without publishing or live imports	2026-10-09T10:53:49.7018750Z   duration_ms: 1.505418
integration (1)	Test applicable combined-tree invariants without publishing or live imports	2026-10-09T10:53:49.7019304Z   type: 'test'
integration (1)	Test applicable combined-tree invariants without publishing or live imports	2026-10-09T10:53:49.7020608Z   ...
integration (1)	Test applicable combined-tree invariants without publishing or live imports	2026-10-09T10:53:49.7021565Z # Subtest: apply rejects unapproved hash and rolls back partial metadata transaction
integration (1)	Test applicable combined-tree invariants without publishing or live imports	2026-10-09T10:53:49.7022944Z ok 159 - apply rejects unapproved hash and rolls back partial metadata transaction
integration (1)	Test applicable combined-tree invariants without publishing or live imports	2026-10-09T10:53:49.7023811Z   ---
integration (1)	Test applicable combined-tree invariants without publishing or live imports	2026-10-09T10:53:49.7024293Z   duration_ms: 4.339862
integration (1)	Test applicable combined-tree invariants without publishing or live imports	2026-10-09T10:53:49.7024820Z   type: 'test'
integration (1)	Test applicable combined-tree invariants without publishing or live imports	2026-10-09T10:53:49.7025312Z   ...
integration (1)	Test applicable combined-tree invariants without publishing or live imports	2026-10-09T10:53:49.7026237Z # Subtest: immutable bytes changing after preparation block application
integration (1)	Test applicable combined-tree invariants without publishing or live imports	2026-10-09T10:53:49.7027182Z ok 160 - immutable bytes changing after preparation block application
integration (1)	Test applicable combined-tree invariants without publishing or live imports	2026-10-09T10:53:49.7027820Z   ---
integration (1)	Test applicable combined-tree invariants without publishing or live imports	2026-10-09T10:53:49.7028172Z   duration_ms: 1.029106
integration (1)	Test applicable combined-tree invariants without publishing or live imports	2026-10-09T10:53:49.7028563Z   type: 'test'
integration (1)	Test applicable combined-tree invariants without publishing or live imports	2026-10-09T10:53:49.7028896Z   ...
integration (1)	Test applicable combined-tree invariants without publishing or live imports	2026-10-09T10:53:49.7030360Z # Subtest: successful metadata install records a committed journal and retains rollback originals
integration (1)	Test applicable combined-tree invariants without publishing or live imports	2026-10-09T10:53:49.7031757Z ok 161 - successful metadata install records a committed journal and retains rollback originals
integration (1)	Test applicable combined-tree invariants without publishing or live imports	2026-10-09T10:53:49.7032560Z   ---
integration (1)	Test applicable combined-tree invariants without publishing or live imports	2026-10-09T10:53:49.7032906Z   duration_ms: 2.401405
integration (1)	Test applicable combined-tree invariants without publishing or live imports	2026-10-09T10:53:49.7033305Z   type: 'test'
integration (1)	Test applicable combined-tree invariants without publishing or live imports	2026-10-09T10:53:49.7033641Z   ...
integration (1)	Test applicable combined-tree invariants without publishing or live imports	2026-10-09T10:53:49.7034552Z # Subtest: compressed release append preserves prior descriptors and checks compressed/payload bytes
integration (1)	Test applicable combined-tree invariants without publishing or live imports	2026-10-09T10:53:49.7035961Z ok 162 - compressed release append preserves prior descriptors and checks compressed/payload bytes
integration (1)	Test applicable combined-tree invariants without publishing or live imports	2026-10-09T10:53:49.7036767Z   ---
integration (1)	Test applicable combined-tree invariants without publishing or live imports	2026-10-09T10:53:49.7037112Z   duration_ms: 464.162299
integration (1)	Test applicable combined-tree invariants without publishing or live imports	2026-10-09T10:53:49.7037506Z   type: 'test'
integration (1)	Test applicable combined-tree invariants without publishing or live imports	2026-10-09T10:53:49.7037843Z   ...
integration (1)	Test applicable combined-tree invariants without publishing or live imports	2026-10-09T10:53:49.7038747Z # Subtest: reference-only metadata mode validates exact archived group and source-backed parent merge
integration (1)	Test applicable combined-tree invariants without publishing or live imports	2026-10-09T10:53:49.7040399Z ok 163 - reference-only metadata mode validates exact archived group and source-backed parent merge
integration (1)	Test applicable combined-tree invariants without publishing or live imports	2026-10-09T10:53:49.7041231Z   ---
integration (1)	Test applicable combined-tree invariants without publishing or live imports	2026-10-09T10:53:49.7041573Z   duration_ms: 6.738139
integration (1)	Test applicable combined-tree invariants without publishing or live imports	2026-10-09T10:53:49.7041957Z   type: 'test'
integration (1)	Test applicable combined-tree invariants without publishing or live imports	2026-10-09T10:53:49.7042294Z   ...
integration (1)	Test applicable combined-tree invariants without publishing or live imports	2026-10-09T10:53:49.7043181Z # Subtest: stdout and stderr arrive while the child is still waiting, with chunked zero-skips summary
integration (1)	Test applicable combined-tree invariants without publishing or live imports	2026-10-09T10:53:49.7044495Z ok 164 - stdout and stderr arrive while the child is still waiting, with chunked zero-skips summary
integration (1)	Test applicable combined-tree invariants without publishing or live imports	2026-10-09T10:53:49.7045277Z   ---
integration (1)	Test applicable combined-tree invariants without publishing or live imports	2026-10-09T10:53:49.7045617Z   duration_ms: 79.070793
integration (1)	Test applicable combined-tree invariants without publishing or live imports	2026-10-09T10:53:49.7046012Z   type: 'test'
integration (1)	Test applicable combined-tree invariants without publishing or live imports	2026-10-09T10:53:49.7046345Z   ...
integration (1)	Test applicable combined-tree invariants without publishing or live imports	2026-10-09T10:53:49.7047180Z # Subtest: the real Node TAP runner reports a finished test while the next test is still active
integration (1)	Test applicable combined-tree invariants without publishing or live imports	2026-10-09T10:53:49.7048428Z ok 165 - the real Node TAP runner reports a finished test while the next test is still active
integration (1)	Test applicable combined-tree invariants without publishing or live imports	2026-10-09T10:53:49.7049168Z   ---
integration (1)	Test applicable combined-tree invariants without publishing or live imports	2026-10-09T10:53:49.7050514Z   duration_ms: 617.542645
integration (1)	Test applicable combined-tree invariants without publishing or live imports	2026-10-09T10:53:49.7050963Z   type: 'test'
integration (1)	Test applicable combined-tree invariants without publishing or live imports	2026-10-09T10:53:49.7051316Z   ...
integration (1)	Test applicable combined-tree invariants without publishing or live imports	2026-10-09T10:53:49.7052349Z # Subtest: failed children retain their status and diagnostics; successful missing or skipped summaries reject
integration (1)	Test applicable combined-tree invariants without publishing or live imports	2026-10-09T10:53:49.7053849Z ok 166 - failed children retain their status and diagnostics; successful missing or skipped summaries reject
integration (1)	Test applicable combined-tree invariants without publishing or live imports	2026-10-09T10:53:49.7054723Z   ---
integration (1)	Test applicable combined-tree invariants without publishing or live imports	2026-10-09T10:53:49.7055074Z   duration_ms: 94.93918
integration (1)	Test applicable combined-tree invariants without publishing or live imports	2026-10-09T10:53:49.7055548Z   type: 'test'
integration (1)	Test applicable combined-tree invariants without publishing or live imports	2026-10-09T10:53:49.7055891Z   ...
integration (1)	Test applicable combined-tree invariants without publishing or live imports	2026-10-09T10:53:49.7056794Z # Subtest: large prior output cannot bury the final summary or require retention of the full transcript
integration (1)	Test applicable combined-tree invariants without publishing or live imports	2026-10-09T10:53:49.7058170Z ok 167 - large prior output cannot bury the final summary or require retention of the full transcript
integration (1)	Test applicable combined-tree invariants without publishing or live imports	2026-10-09T10:53:49.7058978Z   ---
integration (1)	Test applicable combined-tree invariants without publishing or live imports	2026-10-09T10:53:49.7059318Z   duration_ms: 38.54004
integration (1)	Test applicable combined-tree invariants without publishing or live imports	2026-10-09T10:53:49.7059979Z   type: 'test'
integration (1)	Test applicable combined-tree invariants without publishing or live imports	2026-10-09T10:53:49.7060334Z   ...
integration (1)	Test applicable combined-tree invariants without publishing or live imports	2026-10-09T10:53:49.7061137Z # Subtest: output overflow terminates the actual child and refuses its apparent success
integration (1)	Test applicable combined-tree invariants without publishing or live imports	2026-10-09T10:53:49.7062397Z ok 168 - output overflow terminates the actual child and refuses its apparent success
integration (1)	Test applicable combined-tree invariants without publishing or live imports	2026-10-09T10:53:49.7063166Z   ---
integration (1)	Test applicable combined-tree invariants without publishing or live imports	2026-10-09T10:53:49.7063513Z   duration_ms: 31.286069
integration (1)	Test applicable combined-tree invariants without publishing or live imports	2026-10-09T10:53:49.7064228Z   type: 'test'
integration (1)	Test applicable combined-tree invariants without publishing or live imports	2026-10-09T10:53:49.7064575Z   ...
integration (1)	Test applicable combined-tree invariants without publishing or live imports	2026-10-09T10:53:49.7065379Z # Subtest: cancellation terminates the actual test process group, including a descendant
integration (1)	Test applicable combined-tree invariants without publishing or live imports	2026-10-09T10:53:49.7066597Z ok 169 - cancellation terminates the actual test process group, including a descendant
integration (1)	Test applicable combined-tree invariants without publishing or live imports	2026-10-09T10:53:49.7067323Z   ---
integration (1)	Test applicable combined-tree invariants without publishing or live imports	2026-10-09T10:53:49.7067672Z   duration_ms: 86.123354
integration (1)	Test applicable combined-tree invariants without publishing or live imports	2026-10-09T10:53:49.7068075Z   type: 'test'
integration (1)	Test applicable combined-tree invariants without publishing or live imports	2026-10-09T10:53:49.7068418Z   ...
integration (1)	Test applicable combined-tree invariants without publishing or live imports	2026-10-09T10:53:49.7069295Z # Subtest: exited failures clean ignored/inherited-pipe descendants and successful orphans reject
integration (1)	Test applicable combined-tree invariants without publishing or live imports	2026-10-09T10:53:49.7071017Z ok 170 - exited failures clean ignored/inherited-pipe descendants and successful orphans reject
integration (1)	Test applicable combined-tree invariants without publishing or live imports	2026-10-09T10:53:49.7071821Z   ---
integration (1)	Test applicable combined-tree invariants without publishing or live imports	2026-10-09T10:53:49.7072399Z   duration_ms: 4412.9143
integration (1)	Test applicable combined-tree invariants without publishing or live imports	2026-10-09T10:53:49.7072793Z   type: 'test'
integration (1)	Test applicable combined-tree invariants without publishing or live imports	2026-10-09T10:53:49.7073132Z   ...
integration (1)	Test applicable combined-tree invariants without publishing or live imports	2026-10-09T10:53:49.7073984Z # Subtest: durable writer publishes complete checkpoints and serializes only its owned receipt
integration (1)	Test applicable combined-tree invariants without publishing or live imports	2026-10-09T10:53:49.7075179Z ok 171 - durable writer publishes complete checkpoints and serializes only its owned receipt
integration (1)	Test applicable combined-tree invariants without publishing or live imports	2026-10-09T10:53:49.7075831Z   ---
integration (1)	Test applicable combined-tree invariants without publishing or live imports	2026-10-09T10:53:49.7076143Z   duration_ms: 7.148398
integration (1)	Test applicable combined-tree invariants without publishing or live imports	2026-10-09T10:53:49.7076489Z   type: 'test'
integration (1)	Test applicable combined-tree invariants without publishing or live imports	2026-10-09T10:53:49.7076793Z   ...
integration (1)	Test applicable combined-tree invariants without publishing or live imports	2026-10-09T10:53:49.7077553Z # Subtest: external replacement cannot be silently overwritten by checkpoint publication
integration (1)	Test applicable combined-tree invariants without publishing or live imports	2026-10-09T10:53:49.7123303Z ok 172 - external replacement cannot be silently overwritten by checkpoint publication
integration (1)	Test applicable combined-tree invariants without publishing or live imports	2026-10-09T10:53:49.7124140Z   ---
integration (1)	Test applicable combined-tree invariants without publishing or live imports	2026-10-09T10:53:49.7124484Z   duration_ms: 2.01991
integration (1)	Test applicable combined-tree invariants without publishing or live imports	2026-10-09T10:53:49.7124863Z   type: 'test'
integration (1)	Test applicable combined-tree invariants without publishing or live imports	2026-10-09T10:53:49.7125192Z   ...
integration (1)	Test applicable combined-tree invariants without publishing or live imports	2026-10-09T10:53:49.7125962Z # Subtest: dead owner lock permits resume while retaining original pending identity
integration (1)	Test applicable combined-tree invariants without publishing or live imports	2026-10-09T10:53:49.7127119Z ok 173 - dead owner lock permits resume while retaining original pending identity
integration (1)	Test applicable combined-tree invariants without publishing or live imports	2026-10-09T10:53:49.7127798Z   ---
integration (1)	Test applicable combined-tree invariants without publishing or live imports	2026-10-09T10:53:49.7128125Z   duration_ms: 41.624785
integration (1)	Test applicable combined-tree invariants without publishing or live imports	2026-10-09T10:53:49.7128501Z   type: 'test'
integration (1)	Test applicable combined-tree invariants without publishing or live imports	2026-10-09T10:53:49.7128831Z   ...
integration (1)	Test applicable combined-tree invariants without publishing or live imports	2026-10-09T10:53:49.7129833Z # Subtest: symlink output and invalid collisions preserve existing bytes without leaking lock
integration (1)	Test applicable combined-tree invariants without publishing or live imports	2026-10-09T10:53:49.7131048Z ok 174 - symlink output and invalid collisions preserve existing bytes without leaking lock
integration (1)	Test applicable combined-tree invariants without publishing or live imports	2026-10-09T10:53:49.7131806Z   ---
integration (1)	Test applicable combined-tree invariants without publishing or live imports	2026-10-09T10:53:49.7132132Z   duration_ms: 0.864037
integration (1)	Test applicable combined-tree invariants without publishing or live imports	2026-10-09T10:53:49.7132503Z   type: 'test'
integration (1)	Test applicable combined-tree invariants without publishing or live imports	2026-10-09T10:53:49.7132827Z   ...
integration (1)	Test applicable combined-tree invariants without publishing or live imports	2026-10-09T10:53:49.7133292Z # Subtest: nonpending JSON null is preserved
integration (1)	Test applicable combined-tree invariants without publishing or live imports	2026-10-09T10:53:49.7133919Z ok 175 - nonpending JSON null is preserved
integration (1)	Test applicable combined-tree invariants without publishing or live imports	2026-10-09T10:53:49.7134394Z   ---
integration (1)	Test applicable combined-tree invariants without publishing or live imports	2026-10-09T10:53:49.7134729Z   duration_ms: 0.709398
integration (1)	Test applicable combined-tree invariants without publishing or live imports	2026-10-09T10:53:49.7135126Z   type: 'test'
integration (1)	Test applicable combined-tree invariants without publishing or live imports	2026-10-09T10:53:49.7135457Z   ...
integration (1)	Test applicable combined-tree invariants without publishing or live imports	2026-10-09T10:53:49.7135936Z # Subtest: nonpending JSON false is preserved
integration (1)	Test applicable combined-tree invariants without publishing or live imports	2026-10-09T10:53:49.7136564Z ok 176 - nonpending JSON false is preserved
integration (1)	Test applicable combined-tree invariants without publishing or live imports	2026-10-09T10:53:49.7137035Z   ---
integration (1)	Test applicable combined-tree invariants without publishing or live imports	2026-10-09T10:53:49.7137349Z   duration_ms: 0.602708
integration (1)	Test applicable combined-tree invariants without publishing or live imports	2026-10-09T10:53:49.7137711Z   type: 'test'
integration (1)	Test applicable combined-tree invariants without publishing or live imports	2026-10-09T10:53:49.7138025Z   ...
integration (1)	Test applicable combined-tree invariants without publishing or live imports	2026-10-09T10:53:49.7138442Z # Subtest: nonpending JSON 0 is preserved
integration (1)	Test applicable combined-tree invariants without publishing or live imports	2026-10-09T10:53:49.7138991Z ok 177 - nonpending JSON 0 is preserved
integration (1)	Test applicable combined-tree invariants without publishing or live imports	2026-10-09T10:53:49.7139674Z   ---
integration (1)	Test applicable combined-tree invariants without publishing or live imports	2026-10-09T10:53:49.7139992Z   duration_ms: 0.72134
integration (1)	Test applicable combined-tree invariants without publishing or live imports	2026-10-09T10:53:49.7140345Z   type: 'test'
integration (1)	Test applicable combined-tree invariants without publishing or live imports	2026-10-09T10:53:49.7140670Z   ...
integration (1)	Test applicable combined-tree invariants without publishing or live imports	2026-10-09T10:53:49.7141121Z # Subtest: nonpending JSON "" is preserved
integration (1)	Test applicable combined-tree invariants without publishing or live imports	2026-10-09T10:53:49.7141726Z ok 178 - nonpending JSON "" is preserved
integration (1)	Test applicable combined-tree invariants without publishing or live imports	2026-10-09T10:53:49.7142171Z   ---
integration (1)	Test applicable combined-tree invariants without publishing or live imports	2026-10-09T10:53:49.7142488Z   duration_ms: 0.613197
integration (1)	Test applicable combined-tree invariants without publishing or live imports	2026-10-09T10:53:49.7142856Z   type: 'test'
integration (1)	Test applicable combined-tree invariants without publishing or live imports	2026-10-09T10:53:49.7143173Z   ...
integration (1)	Test applicable combined-tree invariants without publishing or live imports	2026-10-09T10:53:49.7143613Z # Subtest: nonpending JSON [] is preserved
integration (1)	Test applicable combined-tree invariants without publishing or live imports	2026-10-09T10:53:49.7144224Z ok 179 - nonpending JSON [] is preserved
integration (1)	Test applicable combined-tree invariants without publishing or live imports	2026-10-09T10:53:49.7144671Z   ---
integration (1)	Test applicable combined-tree invariants without publishing or live imports	2026-10-09T10:53:49.7144985Z   duration_ms: 0.754141
integration (1)	Test applicable combined-tree invariants without publishing or live imports	2026-10-09T10:53:49.7145396Z   type: 'test'
integration (1)	Test applicable combined-tree invariants without publishing or live imports	2026-10-09T10:53:49.7145735Z   ...
integration (1)	Test applicable combined-tree invariants without publishing or live imports	2026-10-09T10:53:49.7146189Z # Subtest: nonpending JSON {} is preserved
integration (1)	Test applicable combined-tree invariants without publishing or live imports	2026-10-09T10:53:49.7147139Z ok 180 - nonpending JSON {} is preserved
integration (1)	Test applicable combined-tree invariants without publishing or live imports	2026-10-09T10:53:49.7147589Z   ---
integration (1)	Test applicable combined-tree invariants without publishing or live imports	2026-10-09T10:53:49.7147907Z   duration_ms: 0.764831
integration (1)	Test applicable combined-tree invariants without publishing or live imports	2026-10-09T10:53:49.7148277Z   type: 'test'
integration (1)	Test applicable combined-tree invariants without publishing or live imports	2026-10-09T10:53:49.7148595Z   ...
integration (1)	Test applicable combined-tree invariants without publishing or live imports	2026-10-09T10:53:49.7149747Z # Subtest: readiness and claiming reject the same invalid contracts, dependencies, budgets and evidence
integration (1)	Test applicable combined-tree invariants without publishing or live imports	2026-10-09T10:53:49.7150789Z ok 181 - readiness and claiming reject the same invalid contracts, dependencies, budgets and evidence
integration (1)	Test applicable combined-tree invariants without publishing or live imports	2026-10-09T10:53:49.7151263Z   ---
integration (1)	Test applicable combined-tree invariants without publishing or live imports	2026-10-09T10:53:49.7151461Z   duration_ms: 3.394222
integration (1)	Test applicable combined-tree invariants without publishing or live imports	2026-10-09T10:53:49.7151682Z   type: 'test'
integration (1)	Test applicable combined-tree invariants without publishing or live imports	2026-10-09T10:53:49.7151871Z   ...
integration (1)	Test applicable combined-tree invariants without publishing or live imports	2026-10-09T10:53:49.7152380Z # Subtest: geography ownership rejects both readiness and a new claim without taking over existing work
integration (1)	Test applicable combined-tree invariants without publishing or live imports	2026-10-09T10:53:49.7153929Z ok 182 - geography ownership rejects both readiness and a new claim without taking over existing work
integration (1)	Test applicable combined-tree invariants without publishing or live imports	2026-10-09T10:53:49.7154760Z   ---
integration (1)	Test applicable combined-tree invariants without publishing or live imports	2026-10-09T10:53:49.7155100Z   duration_ms: 0.659694
integration (1)	Test applicable combined-tree invariants without publishing or live imports	2026-10-09T10:53:49.7155535Z   type: 'test'
integration (1)	Test applicable combined-tree invariants without publishing or live imports	2026-10-09T10:53:49.7155858Z   ...
integration (1)	Test applicable combined-tree invariants without publishing or live imports	2026-10-09T10:53:49.7156728Z # Subtest: preflight reviews missing ready but never changes labels, and rejects open dependencies
integration (1)	Test applicable combined-tree invariants without publishing or live imports	2026-10-09T10:53:49.7158086Z ok 183 - preflight reviews missing ready but never changes labels, and rejects open dependencies
integration (1)	Test applicable combined-tree invariants without publishing or live imports	2026-10-09T10:53:49.7158880Z   ---
integration (1)	Test applicable combined-tree invariants without publishing or live imports	2026-10-09T10:53:49.7159208Z   duration_ms: 2.568226
integration (1)	Test applicable combined-tree invariants without publishing or live imports	2026-10-09T10:53:49.7159893Z   type: 'test'
integration (1)	Test applicable combined-tree invariants without publishing or live imports	2026-10-09T10:53:49.7160227Z   ...
integration (1)	Test applicable combined-tree invariants without publishing or live imports	2026-10-09T10:53:49.7161145Z # Subtest: partial reads, changed snapshots and expired ownership cannot permit maintenance or takeover
integration (1)	Test applicable combined-tree invariants without publishing or live imports	2026-10-09T10:53:49.7162562Z ok 184 - partial reads, changed snapshots and expired ownership cannot permit maintenance or takeover
integration (1)	Test applicable combined-tree invariants without publishing or live imports	2026-10-09T10:53:49.7163398Z   ---
integration (1)	Test applicable combined-tree invariants without publishing or live imports	2026-10-09T10:53:49.7163722Z   duration_ms: 1.497362
integration (1)	Test applicable combined-tree invariants without publishing or live imports	2026-10-09T10:53:49.7164095Z   type: 'test'
integration (1)	Test applicable combined-tree invariants without publishing or live imports	2026-10-09T10:53:49.7164424Z   ...
integration (1)	Test applicable combined-tree invariants without publishing or live imports	2026-10-09T10:53:49.7165429Z # Subtest: an explicit blocker must be resolved for readiness and claiming; ordinary historical prose is not authority
integration (1)	Test applicable combined-tree invariants without publishing or live imports	2026-10-09T10:53:49.7167041Z ok 185 - an explicit blocker must be resolved for readiness and claiming; ordinary historical prose is not authority
integration (1)	Test applicable combined-tree invariants without publishing or live imports	2026-10-09T10:53:49.7167928Z   ---
integration (1)	Test applicable combined-tree invariants without publishing or live imports	2026-10-09T10:53:49.7168239Z   duration_ms: 0.819974
integration (1)	Test applicable combined-tree invariants without publishing or live imports	2026-10-09T10:53:49.7168602Z   type: 'test'
integration (1)	Test applicable combined-tree invariants without publishing or live imports	2026-10-09T10:53:49.7168925Z   ...
integration (1)	Test applicable combined-tree invariants without publishing or live imports	2026-10-09T10:53:49.7169984Z # Subtest: a linked PR merging during preflight cannot leave a complete eligible exhausted issue
integration (1)	Test applicable combined-tree invariants without publishing or live imports	2026-10-09T10:53:49.7171304Z ok 186 - a linked PR merging during preflight cannot leave a complete eligible exhausted issue
integration (1)	Test applicable combined-tree invariants without publishing or live imports	2026-10-09T10:53:49.7172055Z   ---
integration (1)	Test applicable combined-tree invariants without publishing or live imports	2026-10-09T10:53:49.7172373Z   duration_ms: 1.418755
integration (1)	Test applicable combined-tree invariants without publishing or live imports	2026-10-09T10:53:49.7172742Z   type: 'test'
integration (1)	Test applicable combined-tree invariants without publishing or live imports	2026-10-09T10:53:49.7173064Z   ...
integration (1)	Test applicable combined-tree invariants without publishing or live imports	2026-10-09T10:53:49.7173876Z # Subtest: a conflicting geography owner added during preflight cannot be reported eligible
integration (1)	Test applicable combined-tree invariants without publishing or live imports	2026-10-09T10:53:49.7175117Z ok 187 - a conflicting geography owner added during preflight cannot be reported eligible
integration (1)	Test applicable combined-tree invariants without publishing or live imports	2026-10-09T10:53:49.7175851Z   ---
integration (1)	Test applicable combined-tree invariants without publishing or live imports	2026-10-09T10:53:49.7176193Z   duration_ms: 0.653964
integration (1)	Test applicable combined-tree invariants without publishing or live imports	2026-10-09T10:53:49.7176569Z   type: 'test'
integration (1)	Test applicable combined-tree invariants without publishing or live imports	2026-10-09T10:53:49.7176888Z   ...
integration (1)	Test applicable combined-tree invariants without publishing or live imports	2026-10-09T10:53:49.7177704Z # Subtest: narrow geography scopes remain disjoint but conflict with enclosing reservations
integration (1)	Test applicable combined-tree invariants without publishing or live imports	2026-10-09T10:53:49.7178955Z ok 188 - narrow geography scopes remain disjoint but conflict with enclosing reservations
integration (1)	Test applicable combined-tree invariants without publishing or live imports	2026-10-09T10:53:49.7179872Z   ---
integration (1)	Test applicable combined-tree invariants without publishing or live imports	2026-10-09T10:53:49.7180208Z   duration_ms: 0.826136
integration (1)	Test applicable combined-tree invariants without publishing or live imports	2026-10-09T10:53:49.7180578Z   type: 'test'
integration (1)	Test applicable combined-tree invariants without publishing or live imports	2026-10-09T10:53:49.7180909Z   ...
integration (1)	Test applicable combined-tree invariants without publishing or live imports	2026-10-09T10:53:49.7182040Z # Subtest: live function proof covers original cursor/parent/archived/profile responses and rejects changed output or privileges
integration (1)	Test applicable combined-tree invariants without publishing or live imports	2026-10-09T10:53:49.7183843Z ok 189 - live function proof covers original cursor/parent/archived/profile responses and rejects changed output or privileges
integration (1)	Test applicable combined-tree invariants without publishing or live imports	2026-10-09T10:53:49.7184892Z   ---
integration (1)	Test applicable combined-tree invariants without publishing or live imports	2026-10-09T10:53:49.7185223Z   duration_ms: 3127.2818
integration (1)	Test applicable combined-tree invariants without publishing or live imports	2026-10-09T10:53:49.7185845Z   type: 'test'
integration (1)	Test applicable combined-tree invariants without publishing or live imports	2026-10-09T10:53:49.7186170Z   ...
integration (1)	Test applicable combined-tree invariants without publishing or live imports	2026-10-09T10:53:49.7187139Z # Subtest: macro partition checks separate member coherence from source completeness and descendant approval
integration (1)	Test applicable combined-tree invariants without publishing or live imports	2026-10-09T10:53:49.7188634Z ok 190 - macro partition checks separate member coherence from source completeness and descendant approval
integration (1)	Test applicable combined-tree invariants without publishing or live imports	2026-10-09T10:53:49.7189680Z   ---
integration (1)	Test applicable combined-tree invariants without publishing or live imports	2026-10-09T10:53:49.7190013Z   duration_ms: 11.052112
integration (1)	Test applicable combined-tree invariants without publishing or live imports	2026-10-09T10:53:49.7190399Z   type: 'test'
integration (1)	Test applicable combined-tree invariants without publishing or live imports	2026-10-09T10:53:49.7190724Z   ...
integration (1)	Test applicable combined-tree invariants without publishing or live imports	2026-10-09T10:53:49.7191518Z # Subtest: a structural pass cannot invent semantic approval or permit regional interiors
integration (1)	Test applicable combined-tree invariants without publishing or live imports	2026-10-09T10:53:49.7192753Z ok 191 - a structural pass cannot invent semantic approval or permit regional interiors
integration (1)	Test applicable combined-tree invariants without publishing or live imports	2026-10-09T10:53:49.7193483Z   ---
integration (1)	Test applicable combined-tree invariants without publishing or live imports	2026-10-09T10:53:49.7194053Z   duration_ms: 1.876151
integration (1)	Test applicable combined-tree invariants without publishing or live imports	2026-10-09T10:53:49.7194439Z   type: 'test'
integration (1)	Test applicable combined-tree invariants without publishing or live imports	2026-10-09T10:53:49.7194760Z   ...
integration (1)	Test applicable combined-tree invariants without publishing or live imports	2026-10-09T10:53:49.7195709Z # Subtest: each current macro identity and adjacent-tier parent must have exact decision and envelope coverage
integration (1)	Test applicable combined-tree invariants without publishing or live imports	2026-10-09T10:53:49.7197234Z ok 192 - each current macro identity and adjacent-tier parent must have exact decision and envelope coverage
integration (1)	Test applicable combined-tree invariants without publishing or live imports	2026-10-09T10:53:49.7198086Z   ---
integration (1)	Test applicable combined-tree invariants without publishing or live imports	2026-10-09T10:53:49.7198408Z   duration_ms: 1.490159
integration (1)	Test applicable combined-tree invariants without publishing or live imports	2026-10-09T10:53:49.7198785Z   type: 'test'
integration (1)	Test applicable combined-tree invariants without publishing or live imports	2026-10-09T10:53:49.7199105Z   ...
integration (1)	Test applicable combined-tree invariants without publishing or live imports	2026-10-09T10:53:49.7200138Z # Subtest: member and footprint hashes detect cross-region reassignment and geometry edits
integration (1)	Test applicable combined-tree invariants without publishing or live imports	2026-10-09T10:53:49.7201374Z ok 193 - member and footprint hashes detect cross-region reassignment and geometry edits
integration (1)	Test applicable combined-tree invariants without publishing or live imports	2026-10-09T10:53:49.7202263Z   ---
integration (1)	Test applicable combined-tree invariants without publishing or live imports	2026-10-09T10:53:49.7202574Z   duration_ms: 0.747989
integration (1)	Test applicable combined-tree invariants without publishing or live imports	2026-10-09T10:53:49.7202944Z   type: 'test'
integration (1)	Test applicable combined-tree invariants without publishing or live imports	2026-10-09T10:53:49.7203266Z   ...
integration (1)	Test applicable combined-tree invariants without publishing or live imports	2026-10-09T10:53:49.7204204Z # Subtest: only inspected successful sources with URLs and reproducible hashes support boundary decisions
integration (1)	Test applicable combined-tree invariants without publishing or live imports	2026-10-09T10:53:49.7205645Z ok 194 - only inspected successful sources with URLs and reproducible hashes support boundary decisions
integration (1)	Test applicable combined-tree invariants without publishing or live imports	2026-10-09T10:53:49.7206484Z   ---
integration (1)	Test applicable combined-tree invariants without publishing or live imports	2026-10-09T10:53:49.7206891Z   duration_ms: 1.072046
integration (1)	Test applicable combined-tree invariants without publishing or live imports	2026-10-09T10:53:49.7207288Z   type: 'test'
integration (1)	Test applicable combined-tree invariants without publishing or live imports	2026-10-09T10:53:49.7207622Z   ...
integration (1)	Test applicable combined-tree invariants without publishing or live imports	2026-10-09T10:53:49.7208405Z # Subtest: named missing islands receive explicit routing without imaginary geometry
integration (1)	Test applicable combined-tree invariants without publishing or live imports	2026-10-09T10:53:49.7209735Z ok 195 - named missing islands receive explicit routing without imaginary geometry
integration (1)	Test applicable combined-tree invariants without publishing or live imports	2026-10-09T10:53:49.7210440Z   ---
integration (1)	Test applicable combined-tree invariants without publishing or live imports	2026-10-09T10:53:49.7210757Z   duration_ms: 1.798105
integration (1)	Test applicable combined-tree invariants without publishing or live imports	2026-10-09T10:53:49.7211122Z   type: 'test'
integration (1)	Test applicable combined-tree invariants without publishing or live imports	2026-10-09T10:53:49.7211449Z   ...
integration (1)	Test applicable combined-tree invariants without publishing or live imports	2026-10-09T10:53:49.7212419Z # Subtest: supplemental boundary sources receive the same inspection and pin requirements as retained ledgers
integration (1)	Test applicable combined-tree invariants without publishing or live imports	2026-10-09T10:53:49.7213943Z ok 196 - supplemental boundary sources receive the same inspection and pin requirements as retained ledgers
integration (1)	Test applicable combined-tree invariants without publishing or live imports	2026-10-09T10:53:49.7214800Z   ---
integration (1)	Test applicable combined-tree invariants without publishing or live imports	2026-10-09T10:53:49.7215143Z   duration_ms: 1.396754
integration (1)	Test applicable combined-tree invariants without publishing or live imports	2026-10-09T10:53:49.7215521Z   type: 'test'
integration (1)	Test applicable combined-tree invariants without publishing or live imports	2026-10-09T10:53:49.7215843Z   ...
integration (1)	Test applicable combined-tree invariants without publishing or live imports	2026-10-09T10:53:49.7216815Z # Subtest: partial named-land evidence preserves existing geometry while explicitly withholding completeness
integration (1)	Test applicable combined-tree invariants without publishing or live imports	2026-10-09T10:53:49.7218329Z ok 197 - partial named-land evidence preserves existing geometry while explicitly withholding completeness
integration (1)	Test applicable combined-tree invariants without publishing or live imports	2026-10-09T10:53:49.7219303Z   ---
integration (1)	Test applicable combined-tree invariants without publishing or live imports	2026-10-09T10:53:49.7233047Z   duration_ms: 1.093907
integration (1)	Test applicable combined-tree invariants without publishing or live imports	2026-10-09T10:53:49.7233488Z   type: 'test'
integration (1)	Test applicable combined-tree invariants without publishing or live imports	2026-10-09T10:53:49.7233832Z   ...
integration (1)	Test applicable combined-tree invariants without publishing or live imports	2026-10-09T10:53:49.7234705Z # Subtest: retained replacements archive all six exact originals without predecessor transfer
integration (1)	Test applicable combined-tree invariants without publishing or live imports	2026-10-09T10:53:49.7236008Z ok 198 - retained replacements archive all six exact originals without predecessor transfer
integration (1)	Test applicable combined-tree invariants without publishing or live imports	2026-10-09T10:53:49.7236767Z   ---
integration (1)	Test applicable combined-tree invariants without publishing or live imports	2026-10-09T10:53:49.7237127Z   duration_ms: 10.353294
integration (1)	Test applicable combined-tree invariants without publishing or live imports	2026-10-09T10:53:49.7237525Z   type: 'test'
integration (1)	Test applicable combined-tree invariants without publishing or live imports	2026-10-09T10:53:49.7237865Z   ...
integration (1)	Test applicable combined-tree invariants without publishing or live imports	2026-10-09T10:53:49.7238416Z # Subtest: an unrelated old feature mutation is rejected
integration (1)	Test applicable combined-tree invariants without publishing or live imports	2026-10-09T10:53:49.7239174Z ok 199 - an unrelated old feature mutation is rejected
integration (1)	Test applicable combined-tree invariants without publishing or live imports	2026-10-09T10:53:49.7239953Z   ---
integration (1)	Test applicable combined-tree invariants without publishing or live imports	2026-10-09T10:53:49.7240604Z   duration_ms: 0.770993
integration (1)	Test applicable combined-tree invariants without publishing or live imports	2026-10-09T10:53:49.7240994Z   type: 'test'
integration (1)	Test applicable combined-tree invariants without publishing or live imports	2026-10-09T10:53:49.7241325Z   ...
integration (1)	Test applicable combined-tree invariants without publishing or live imports	2026-10-09T10:53:49.7242043Z # Subtest: exact changed feature archives cannot substitute modified originals
integration (1)	Test applicable combined-tree invariants without publishing or live imports	2026-10-09T10:53:49.7243122Z ok 200 - exact changed feature archives cannot substitute modified originals
integration (1)	Test applicable combined-tree invariants without publishing or live imports	2026-10-09T10:53:49.7243788Z   ---
integration (1)	Test applicable combined-tree invariants without publishing or live imports	2026-10-09T10:53:49.7244107Z   duration_ms: 0.265387
integration (1)	Test applicable combined-tree invariants without publishing or live imports	2026-10-09T10:53:49.7244482Z   type: 'test'
integration (1)	Test applicable combined-tree invariants without publishing or live imports	2026-10-09T10:53:49.7244804Z   ...
integration (1)	Test applicable combined-tree invariants without publishing or live imports	2026-10-09T10:53:49.7245400Z # Subtest: duplicate or replaced stable identities are rejected
integration (1)	Test applicable combined-tree invariants without publishing or live imports	2026-10-09T10:53:49.7246249Z ok 201 - duplicate or replaced stable identities are rejected
integration (1)	Test applicable combined-tree invariants without publishing or live imports	2026-10-09T10:53:49.7246808Z   ---
integration (1)	Test applicable combined-tree invariants without publishing or live imports	2026-10-09T10:53:49.7247132Z   duration_ms: 0.277039
integration (1)	Test applicable combined-tree invariants without publishing or live imports	2026-10-09T10:53:49.7247795Z   type: 'test'
integration (1)	Test applicable combined-tree invariants without publishing or live imports	2026-10-09T10:53:49.7248126Z   ...
integration (1)	Test applicable combined-tree invariants without publishing or live imports	2026-10-09T10:53:49.7248964Z # Subtest: source proof cannot authorize historical transfer or missing independent validation
integration (1)	Test applicable combined-tree invariants without publishing or live imports	2026-10-09T10:53:49.7250481Z ok 202 - source proof cannot authorize historical transfer or missing independent validation
integration (1)	Test applicable combined-tree invariants without publishing or live imports	2026-10-09T10:53:49.7251248Z   ---
integration (1)	Test applicable combined-tree invariants without publishing or live imports	2026-10-09T10:53:49.7251585Z   duration_ms: 0.285554
integration (1)	Test applicable combined-tree invariants without publishing or live imports	2026-10-09T10:53:49.7251956Z   type: 'test'
integration (1)	Test applicable combined-tree invariants without publishing or live imports	2026-10-09T10:53:49.7252280Z   ...
integration (1)	Test applicable combined-tree invariants without publishing or live imports	2026-10-09T10:53:49.7253018Z # Subtest: bounded replacement subprocess writes the same exact validated receipt
integration (1)	Test applicable combined-tree invariants without publishing or live imports	2026-10-09T10:53:49.7254141Z ok 203 - bounded replacement subprocess writes the same exact validated receipt
integration (1)	Test applicable combined-tree invariants without publishing or live imports	2026-10-09T10:53:49.7254807Z   ---
integration (1)	Test applicable combined-tree invariants without publishing or live imports	2026-10-09T10:53:49.7255147Z   duration_ms: 54.731382
integration (1)	Test applicable combined-tree invariants without publishing or live imports	2026-10-09T10:53:49.7255610Z   type: 'test'
integration (1)	Test applicable combined-tree invariants without publishing or live imports	2026-10-09T10:53:49.7255943Z   ...
integration (1)	Test applicable combined-tree invariants without publishing or live imports	2026-10-09T10:53:49.7256875Z # Subtest: finite Marcus routing is independent of sovereignty and retains provisional lower-tier roles
integration (1)	Test applicable combined-tree invariants without publishing or live imports	2026-10-09T10:53:49.7258307Z ok 204 - finite Marcus routing is independent of sovereignty and retains provisional lower-tier roles
integration (1)	Test applicable combined-tree invariants without publishing or live imports	2026-10-09T10:53:49.7259117Z   ---
integration (1)	Test applicable combined-tree invariants without publishing or live imports	2026-10-09T10:53:49.7259662Z   duration_ms: 1.082326
integration (1)	Test applicable combined-tree invariants without publishing or live imports	2026-10-09T10:53:49.7260055Z   type: 'test'
integration (1)	Test applicable combined-tree invariants without publishing or live imports	2026-10-09T10:53:49.7260392Z   ...
integration (1)	Test applicable combined-tree invariants without publishing or live imports	2026-10-09T10:53:49.7261230Z # Subtest: reject asymmetric Japan exclusion, alternate macro routing and invented readiness
integration (1)	Test applicable combined-tree invariants without publishing or live imports	2026-10-09T10:53:49.7262484Z ok 205 - reject asymmetric Japan exclusion, alternate macro routing and invented readiness
integration (1)	Test applicable combined-tree invariants without publishing or live imports	2026-10-09T10:53:49.7263239Z   ---
integration (1)	Test applicable combined-tree invariants without publishing or live imports	2026-10-09T10:53:49.7263569Z   duration_ms: 0.765112
integration (1)	Test applicable combined-tree invariants without publishing or live imports	2026-10-09T10:53:49.7263942Z   type: 'test'
integration (1)	Test applicable combined-tree invariants without publishing or live imports	2026-10-09T10:53:49.7264253Z   ...
integration (1)	Test applicable combined-tree invariants without publishing or live imports	2026-10-09T10:53:49.7264957Z # Subtest: original water-masked Marcus land reconstructs from exact OSM bytes
integration (1)	Test applicable combined-tree invariants without publishing or live imports	2026-10-09T10:53:49.7266027Z ok 206 - original water-masked Marcus land reconstructs from exact OSM bytes
integration (1)	Test applicable combined-tree invariants without publishing or live imports	2026-10-09T10:53:49.7266676Z   ---
integration (1)	Test applicable combined-tree invariants without publishing or live imports	2026-10-09T10:53:49.7267000Z   duration_ms: 193.762931
integration (1)	Test applicable combined-tree invariants without publishing or live imports	2026-10-09T10:53:49.7267391Z   type: 'test'
integration (1)	Test applicable combined-tree invariants without publishing or live imports	2026-10-09T10:53:49.7267714Z   ...
integration (1)	Test applicable combined-tree invariants without publishing or live imports	2026-10-09T10:53:49.7268416Z # Subtest: removing the source water hole or changing the coastline is rejected
integration (1)	Test applicable combined-tree invariants without publishing or live imports	2026-10-09T10:53:49.7269670Z ok 207 - removing the source water hole or changing the coastline is rejected
integration (1)	Test applicable combined-tree invariants without publishing or live imports	2026-10-09T10:53:49.7270338Z   ---
integration (1)	Test applicable combined-tree invariants without publishing or live imports	2026-10-09T10:53:49.7270682Z   duration_ms: 233.301072
integration (1)	Test applicable combined-tree invariants without publishing or live imports	2026-10-09T10:53:49.7271067Z   type: 'test'
integration (1)	Test applicable combined-tree invariants without publishing or live imports	2026-10-09T10:53:49.7271388Z   ...
integration (1)	Test applicable combined-tree invariants without publishing or live imports	2026-10-09T10:53:49.7272240Z # Subtest: an hour waiting on a durable request uses only result reads after initial identity check
integration (1)	Test applicable combined-tree invariants without publishing or live imports	2026-10-09T10:53:49.7273549Z ok 208 - an hour waiting on a durable request uses only result reads after initial identity check
integration (1)	Test applicable combined-tree invariants without publishing or live imports	2026-10-09T10:53:49.7274310Z   ---
integration (1)	Test applicable combined-tree invariants without publishing or live imports	2026-10-09T10:53:49.7274644Z   duration_ms: 4.969089
integration (1)	Test applicable combined-tree invariants without publishing or live imports	2026-10-09T10:53:49.7275016Z   type: 'test'
integration (1)	Test applicable combined-tree invariants without publishing or live imports	2026-10-09T10:53:49.7275341Z   ...
integration (1)	Test applicable combined-tree invariants without publishing or live imports	2026-10-09T10:53:49.7276112Z # Subtest: successful receipt requires fresh actual merge, exact head and merge commit
integration (1)	Test applicable combined-tree invariants without publishing or live imports	2026-10-09T10:53:49.7277275Z ok 209 - successful receipt requires fresh actual merge, exact head and merge commit
integration (1)	Test applicable combined-tree invariants without publishing or live imports	2026-10-09T10:53:49.7277997Z   ---
integration (1)	Test applicable combined-tree invariants without publishing or live imports	2026-10-09T10:53:49.7278326Z   duration_ms: 0.572113
integration (1)	Test applicable combined-tree invariants without publishing or live imports	2026-10-09T10:53:49.7278708Z   type: 'test'
integration (1)	Test applicable combined-tree invariants without publishing or live imports	2026-10-09T10:53:49.7279033Z   ...
integration (1)	Test applicable combined-tree invariants without publishing or live imports	2026-10-09T10:53:49.7280205Z # Subtest: a completed merge can be observed after the original chat disappears
integration (1)	Test applicable combined-tree invariants without publishing or live imports	2026-10-09T10:53:49.7281276Z ok 210 - a completed merge can be observed after the original chat disappears
integration (1)	Test applicable combined-tree invariants without publishing or live imports	2026-10-09T10:53:49.7281929Z   ---
integration (1)	Test applicable combined-tree invariants without publishing or live imports	2026-10-09T10:53:49.7282255Z   duration_ms: 0.356687
integration (1)	Test applicable combined-tree invariants without publishing or live imports	2026-10-09T10:53:49.7282639Z   type: 'test'
integration (1)	Test applicable combined-tree invariants without publishing or live imports	2026-10-09T10:53:49.7282962Z   ...
integration (1)	Test applicable combined-tree invariants without publishing or live imports	2026-10-09T10:53:49.7283513Z # Subtest: mismatched merge receipt never reports success
integration (1)	Test applicable combined-tree invariants without publishing or live imports	2026-10-09T10:53:49.7284286Z ok 211 - mismatched merge receipt never reports success
integration (1)	Test applicable combined-tree invariants without publishing or live imports	2026-10-09T10:53:49.7284819Z   ---
integration (1)	Test applicable combined-tree invariants without publishing or live imports	2026-10-09T10:53:49.7285134Z   duration_ms: 0.903782
integration (1)	Test applicable combined-tree invariants without publishing or live imports	2026-10-09T10:53:49.7285519Z   type: 'test'
integration (1)	Test applicable combined-tree invariants without publishing or live imports	2026-10-09T10:53:49.7285906Z   ...
integration (1)	Test applicable combined-tree invariants without publishing or live imports	2026-10-09T10:53:49.7286518Z # Subtest: malformed accepted receipts cannot authorize success
integration (1)	Test applicable combined-tree invariants without publishing or live imports	2026-10-09T10:53:49.7287614Z ok 212 - malformed accepted receipts cannot authorize success
integration (1)	Test applicable combined-tree invariants without publishing or live imports	2026-10-09T10:53:49.7288188Z   ---
integration (1)	Test applicable combined-tree invariants without publishing or live imports	2026-10-09T10:53:49.7288516Z   duration_ms: 1.007445
integration (1)	Test applicable combined-tree invariants without publishing or live imports	2026-10-09T10:53:49.7288893Z   type: 'test'
integration (1)	Test applicable combined-tree invariants without publishing or live imports	2026-10-09T10:53:49.7289222Z   ...
integration (1)	Test applicable combined-tree invariants without publishing or live imports	2026-10-09T10:53:49.7290177Z # Subtest: jitter never exceeds the five-minute cap and reads receive bounded timeouts
integration (1)	Test applicable combined-tree invariants without publishing or live imports	2026-10-09T10:53:49.7291354Z ok 213 - jitter never exceeds the five-minute cap and reads receive bounded timeouts
integration (1)	Test applicable combined-tree invariants without publishing or live imports	2026-10-09T10:53:49.7292064Z   ---
integration (1)	Test applicable combined-tree invariants without publishing or live imports	2026-10-09T10:53:49.7292395Z   duration_ms: 0.715969
integration (1)	Test applicable combined-tree invariants without publishing or live imports	2026-10-09T10:53:49.7292771Z   type: 'test'
integration (1)	Test applicable combined-tree invariants without publishing or live imports	2026-10-09T10:53:49.7293097Z   ...
integration (1)	Test applicable combined-tree invariants without publishing or live imports	2026-10-09T10:53:49.7293922Z # Subtest: a response arriving after the observation deadline cannot authorize another action
integration (1)	Test applicable combined-tree invariants without publishing or live imports	2026-10-09T10:53:49.7295196Z ok 214 - a response arriving after the observation deadline cannot authorize another action
integration (1)	Test applicable combined-tree invariants without publishing or live imports	2026-10-09T10:53:49.7295950Z   ---
integration (1)	Test applicable combined-tree invariants without publishing or live imports	2026-10-09T10:53:49.7296273Z   duration_ms: 0.232295
integration (1)	Test applicable combined-tree invariants without publishing or live imports	2026-10-09T10:53:49.7296651Z   type: 'test'
integration (1)	Test applicable combined-tree invariants without publishing or live imports	2026-10-09T10:53:49.7296965Z   ...
integration (1)	Test applicable combined-tree invariants without publishing or live imports	2026-10-09T10:53:49.7297771Z # Subtest: rate limit during final verification cannot turn a receipt into confirmed success
integration (1)	Test applicable combined-tree invariants without publishing or live imports	2026-10-09T10:53:49.7299019Z ok 215 - rate limit during final verification cannot turn a receipt into confirmed success
integration (1)	Test applicable combined-tree invariants without publishing or live imports	2026-10-09T10:53:49.7299963Z   ---
integration (1)	Test applicable combined-tree invariants without publishing or live imports	2026-10-09T10:53:49.7300291Z   duration_ms: 0.543828
integration (1)	Test applicable combined-tree invariants without publishing or live imports	2026-10-09T10:53:49.7300657Z   type: 'test'
integration (1)	Test applicable combined-tree invariants without publishing or live imports	2026-10-09T10:53:49.7300975Z   ...
integration (1)	Test applicable combined-tree invariants without publishing or live imports	2026-10-09T10:53:49.7301519Z # Subtest: changed reviewed head stops before submission
integration (1)	Test applicable combined-tree invariants without publishing or live imports	2026-10-09T10:53:49.7302283Z ok 216 - changed reviewed head stops before submission
integration (1)	Test applicable combined-tree invariants without publishing or live imports	2026-10-09T10:53:49.7302800Z   ---
integration (1)	Test applicable combined-tree invariants without publishing or live imports	2026-10-09T10:53:49.7303118Z   duration_ms: 0.352931
integration (1)	Test applicable combined-tree invariants without publishing or live imports	2026-10-09T10:53:49.7303486Z   type: 'test'
integration (1)	Test applicable combined-tree invariants without publishing or live imports	2026-10-09T10:53:49.7303803Z   ...
integration (1)	Test applicable combined-tree invariants without publishing or live imports	2026-10-09T10:53:49.7304368Z # Subtest: known rejection ends observation without submission
integration (1)	Test applicable combined-tree invariants without publishing or live imports	2026-10-09T10:53:49.7305226Z ok 217 - known rejection ends observation without submission
integration (1)	Test applicable combined-tree invariants without publishing or live imports	2026-10-09T10:53:49.7305787Z   ---
integration (1)	Test applicable combined-tree invariants without publishing or live imports	2026-10-09T10:53:49.7306111Z   duration_ms: 0.671116
integration (1)	Test applicable combined-tree invariants without publishing or live imports	2026-10-09T10:53:49.7306482Z   type: 'test'
integration (1)	Test applicable combined-tree invariants without publishing or live imports	2026-10-09T10:53:49.7306804Z   ...
integration (1)	Test applicable combined-tree invariants without publishing or live imports	2026-10-09T10:53:49.7307561Z # Subtest: rate exhaustion pauses every read until the actual reset before continuing
integration (1)	Test applicable combined-tree invariants without publishing or live imports	2026-10-09T10:53:49.7308717Z ok 218 - rate exhaustion pauses every read until the actual reset before continuing
integration (1)	Test applicable combined-tree invariants without publishing or live imports	2026-10-09T10:53:49.7309664Z   ---
integration (1)	Test applicable combined-tree invariants without publishing or live imports	2026-10-09T10:53:49.7310000Z   duration_ms: 0.435845
integration (1)	Test applicable combined-tree invariants without publishing or live imports	2026-10-09T10:53:49.7310374Z   type: 'test'
integration (1)	Test applicable combined-tree invariants without publishing or live imports	2026-10-09T10:53:49.7310698Z   ...
integration (1)	Test applicable combined-tree invariants without publishing or live imports	2026-10-09T10:53:49.7311373Z # Subtest: secondary throttling honors retry-after and does not redispatch
integration (1)	Test applicable combined-tree invariants without publishing or live imports	2026-10-09T10:53:49.7312380Z ok 219 - secondary throttling honors retry-after and does not redispatch
integration (1)	Test applicable combined-tree invariants without publishing or live imports	2026-10-09T10:53:49.7313021Z   ---
integration (1)	Test applicable combined-tree invariants without publishing or live imports	2026-10-09T10:53:49.7313344Z   duration_ms: 0.321362
integration (1)	Test applicable combined-tree invariants without publishing or live imports	2026-10-09T10:53:49.7313723Z   type: 'test'
integration (1)	Test applicable combined-tree invariants without publishing or live imports	2026-10-09T10:53:49.7314046Z   ...
integration (1)	Test applicable combined-tree invariants without publishing or live imports	2026-10-09T10:53:49.7314768Z # Subtest: secondary retry-after does not wait for a non-exhausted primary reset
integration (1)	Test applicable combined-tree invariants without publishing or live imports	2026-10-09T10:53:49.7315873Z ok 220 - secondary retry-after does not wait for a non-exhausted primary reset
integration (1)	Test applicable combined-tree invariants without publishing or live imports	2026-10-09T10:53:49.7316558Z   ---
integration (1)	Test applicable combined-tree invariants without publishing or live imports	2026-10-09T10:53:49.7316886Z   duration_ms: 0.603029
integration (1)	Test applicable combined-tree invariants without publishing or live imports	2026-10-09T10:53:49.7317263Z   type: 'test'
integration (1)	Test applicable combined-tree invariants without publishing or live imports	2026-10-09T10:53:49.7317799Z   ...
integration (1)	Test applicable combined-tree invariants without publishing or live imports	2026-10-09T10:53:49.7318630Z # Subtest: repeated body-only secondary throttles have a finite exponential retry budget
integration (1)	Test applicable combined-tree invariants without publishing or live imports	2026-10-09T10:53:49.7320066Z ok 221 - repeated body-only secondary throttles have a finite exponential retry budget
integration (1)	Test applicable combined-tree invariants without publishing or live imports	2026-10-09T10:53:49.7320793Z   ---
integration (1)	Test applicable combined-tree invariants without publishing or live imports	2026-10-09T10:53:49.7321109Z   duration_ms: 0.327052
integration (1)	Test applicable combined-tree invariants without publishing or live imports	2026-10-09T10:53:49.7321496Z   type: 'test'
integration (1)	Test applicable combined-tree invariants without publishing or live imports	2026-10-09T10:53:49.7321825Z   ...
integration (1)	Test applicable combined-tree invariants without publishing or live imports	2026-10-09T10:53:49.7322618Z # Subtest: a reset beyond observation deadline returns pending without additional requests
integration (1)	Test applicable combined-tree invariants without publishing or live imports	2026-10-09T10:53:49.7323862Z ok 222 - a reset beyond observation deadline returns pending without additional requests
integration (1)	Test applicable combined-tree invariants without publishing or live imports	2026-10-09T10:53:49.7324602Z   ---
integration (1)	Test applicable combined-tree invariants without publishing or live imports	2026-10-09T10:53:49.7324929Z   duration_ms: 0.195887
integration (1)	Test applicable combined-tree invariants without publishing or live imports	2026-10-09T10:53:49.7325497Z   type: 'test'
integration (1)	Test applicable combined-tree invariants without publishing or live imports	2026-10-09T10:53:49.7325820Z   ...
integration (1)	Test applicable combined-tree invariants without publishing or live imports	2026-10-09T10:53:49.7326453Z # Subtest: ordinary permission denial is not disguised as a rate limit
integration (1)	Test applicable combined-tree invariants without publishing or live imports	2026-10-09T10:53:49.7327412Z ok 223 - ordinary permission denial is not disguised as a rate limit
integration (1)	Test applicable combined-tree invariants without publishing or live imports	2026-10-09T10:53:49.7328023Z   ---
integration (1)	Test applicable combined-tree invariants without publishing or live imports	2026-10-09T10:53:49.7328354Z   duration_ms: 0.268362
integration (1)	Test applicable combined-tree invariants without publishing or live imports	2026-10-09T10:53:49.7328730Z   type: 'test'
integration (1)	Test applicable combined-tree invariants without publishing or live imports	2026-10-09T10:53:49.7329065Z   ...
integration (1)	Test applicable combined-tree invariants without publishing or live imports	2026-10-09T10:53:49.7329848Z # Subtest: read-only observation never submits an absent request
integration (1)	Test applicable combined-tree invariants without publishing or live imports	2026-10-09T10:53:49.7330727Z ok 224 - read-only observation never submits an absent request
integration (1)	Test applicable combined-tree invariants without publishing or live imports	2026-10-09T10:53:49.7331312Z   ---
integration (1)	Test applicable combined-tree invariants without publishing or live imports	2026-10-09T10:53:49.7331637Z   duration_ms: 0.236232
integration (1)	Test applicable combined-tree invariants without publishing or live imports	2026-10-09T10:53:49.7332009Z   type: 'test'
integration (1)	Test applicable combined-tree invariants without publishing or live imports	2026-10-09T10:53:49.7332335Z   ...
integration (1)	Test applicable combined-tree invariants without publishing or live imports	2026-10-09T10:53:49.7333143Z # Subtest: resuming an uncertain request never submits even without explicit read-only mode
integration (1)	Test applicable combined-tree invariants without publishing or live imports	2026-10-09T10:53:49.7334369Z ok 225 - resuming an uncertain request never submits even without explicit read-only mode
integration (1)	Test applicable combined-tree invariants without publishing or live imports	2026-10-09T10:53:49.7335118Z   ---
integration (1)	Test applicable combined-tree invariants without publishing or live imports	2026-10-09T10:53:49.7335443Z   duration_ms: 0.680614
integration (1)	Test applicable combined-tree invariants without publishing or live imports	2026-10-09T10:53:49.7335937Z   type: 'test'
integration (1)	Test applicable combined-tree invariants without publishing or live imports	2026-10-09T10:53:49.7336258Z   ...
integration (1)	Test applicable combined-tree invariants without publishing or live imports	2026-10-09T10:53:49.7337033Z # Subtest: an existing registration workflow prevents duplicate dispatch and is latched
integration (1)	Test applicable combined-tree invariants without publishing or live imports	2026-10-09T10:53:49.7338220Z ok 226 - an existing registration workflow prevents duplicate dispatch and is latched
integration (1)	Test applicable combined-tree invariants without publishing or live imports	2026-10-09T10:53:49.7338933Z   ---
integration (1)	Test applicable combined-tree invariants without publishing or live imports	2026-10-09T10:53:49.7339262Z   duration_ms: 0.49683
integration (1)	Test applicable combined-tree invariants without publishing or live imports	2026-10-09T10:53:49.7339855Z   type: 'test'
integration (1)	Test applicable combined-tree invariants without publishing or live imports	2026-10-09T10:53:49.7340177Z   ...
integration (1)	Test applicable combined-tree invariants without publishing or live imports	2026-10-09T10:53:49.7340965Z # Subtest: registration discovered on a later complete page is resumed without submission
integration (1)	Test applicable combined-tree invariants without publishing or live imports	2026-10-09T10:53:49.7342191Z ok 227 - registration discovered on a later complete page is resumed without submission
integration (1)	Test applicable combined-tree invariants without publishing or live imports	2026-10-09T10:53:49.7342926Z   ---
integration (1)	Test applicable combined-tree invariants without publishing or live imports	2026-10-09T10:53:49.7343250Z   duration_ms: 0.32601
integration (1)	Test applicable combined-tree invariants without publishing or live imports	2026-10-09T10:53:49.7343619Z   type: 'test'
integration (1)	Test applicable combined-tree invariants without publishing or live imports	2026-10-09T10:53:49.7343912Z   ...
integration (1)	Test applicable combined-tree invariants without publishing or live imports	2026-10-09T10:53:49.7344690Z # Subtest: new submission happens once, then durable registration eliminates workflow checks
integration (1)	Test applicable combined-tree invariants without publishing or live imports	2026-10-09T10:53:49.7345835Z ok 228 - new submission happens once, then durable registration eliminates workflow checks
integration (1)	Test applicable combined-tree invariants without publishing or live imports	2026-10-09T10:53:49.7346550Z   ---
integration (1)	Test applicable combined-tree invariants without publishing or live imports	2026-10-09T10:53:49.7346879Z   duration_ms: 0.303518
integration (1)	Test applicable combined-tree invariants without publishing or live imports	2026-10-09T10:53:49.7347230Z   type: 'test'
integration (1)	Test applicable combined-tree invariants without publishing or live imports	2026-10-09T10:53:49.7347525Z   ...
integration (1)	Test applicable combined-tree invariants without publishing or live imports	2026-10-09T10:53:49.7348078Z # Subtest: uncertain submission is never automatically repeated
integration (1)	Test applicable combined-tree invariants without publishing or live imports	2026-10-09T10:53:49.7348874Z ok 229 - uncertain submission is never automatically repeated
integration (1)	Test applicable combined-tree invariants without publishing or live imports	2026-10-09T10:53:49.7349649Z   ---
integration (1)	Test applicable combined-tree invariants without publishing or live imports	2026-10-09T10:53:49.7349961Z   duration_ms: 0.271117
integration (1)	Test applicable combined-tree invariants without publishing or live imports	2026-10-09T10:53:49.7350317Z   type: 'test'
integration (1)	Test applicable combined-tree invariants without publishing or live imports	2026-10-09T10:53:49.7350617Z   ...
integration (1)	Test applicable combined-tree invariants without publishing or live imports	2026-10-09T10:53:49.7351457Z # Subtest: fresh submission refuses an already registered pending request for the same reviewed head
integration (1)	Test applicable combined-tree invariants without publishing or live imports	2026-10-09T10:53:49.7352755Z ok 230 - fresh submission refuses an already registered pending request for the same reviewed head
integration (1)	Test applicable combined-tree invariants without publishing or live imports	2026-10-09T10:53:49.7353517Z   ---
integration (1)	Test applicable combined-tree invariants without publishing or live imports	2026-10-09T10:53:49.7353824Z   duration_ms: 0.306093
integration (1)	Test applicable combined-tree invariants without publishing or live imports	2026-10-09T10:53:49.7354179Z   type: 'test'
integration (1)	Test applicable combined-tree invariants without publishing or live imports	2026-10-09T10:53:49.7354483Z   ...
integration (1)	Test applicable combined-tree invariants without publishing or live imports	2026-10-09T10:53:49.7355171Z # Subtest: incomplete registration search fails without dispatching a duplicate
integration (1)	Test applicable combined-tree invariants without publishing or live imports	2026-10-09T10:53:49.7356282Z ok 231 - incomplete registration search fails without dispatching a duplicate
integration (1)	Test applicable combined-tree invariants without publishing or live imports	2026-10-09T10:53:49.7357140Z   ---
integration (1)	Test applicable combined-tree invariants without publishing or live imports	2026-10-09T10:53:49.7357453Z   duration_ms: 0.98849
integration (1)	Test applicable combined-tree invariants without publishing or live imports	2026-10-09T10:53:49.7357801Z   type: 'test'
integration (1)	Test applicable combined-tree invariants without publishing or live imports	2026-10-09T10:53:49.7358101Z   ...
integration (1)	Test applicable combined-tree invariants without publishing or live imports	2026-10-09T10:53:49.7358801Z # Subtest: failed registration remains explicit rather than silently resubmitting
integration (1)	Test applicable combined-tree invariants without publishing or live imports	2026-10-09T10:53:49.7360059Z ok 232 - failed registration remains explicit rather than silently resubmitting
integration (1)	Test applicable combined-tree invariants without publishing or live imports	2026-10-09T10:53:49.7360699Z   ---
integration (1)	Test applicable combined-tree invariants without publishing or live imports	2026-10-09T10:53:49.7361012Z   duration_ms: 0.209753
integration (1)	Test applicable combined-tree invariants without publishing or live imports	2026-10-09T10:53:49.7361361Z   type: 'test'
integration (1)	Test applicable combined-tree invariants without publishing or live imports	2026-10-09T10:53:49.7361666Z   ...
integration (1)	Test applicable combined-tree invariants without publishing or live imports	2026-10-09T10:53:49.7362331Z # Subtest: CLI read-only resume confirms actual merged receipt without a write
integration (1)	Test applicable combined-tree invariants without publishing or live imports	2026-10-09T10:53:49.7363321Z ok 233 - CLI read-only resume confirms actual merged receipt without a write
integration (1)	Test applicable combined-tree invariants without publishing or live imports	2026-10-09T10:53:49.7364112Z   ---
integration (1)	Test applicable combined-tree invariants without publishing or live imports	2026-10-09T10:53:49.7364425Z   duration_ms: 160.436765
integration (1)	Test applicable combined-tree invariants without publishing or live imports	2026-10-09T10:53:49.7364784Z   type: 'test'
integration (1)	Test applicable combined-tree invariants without publishing or live imports	2026-10-09T10:53:49.7365083Z   ...
integration (1)	Test applicable combined-tree invariants without publishing or live imports	2026-10-09T10:53:49.7365725Z # Subtest: CLI parses actual rate headers and recovers without resubmission
integration (1)	Test applicable combined-tree invariants without publishing or live imports	2026-10-09T10:53:49.7366686Z ok 234 - CLI parses actual rate headers and recovers without resubmission
integration (1)	Test applicable combined-tree invariants without publishing or live imports	2026-10-09T10:53:49.7367284Z   ---
integration (1)	Test applicable combined-tree invariants without publishing or live imports	2026-10-09T10:53:49.7367593Z   duration_ms: 192.98054
integration (1)	Test applicable combined-tree invariants without publishing or live imports	2026-10-09T10:53:49.7367950Z   type: 'test'
integration (1)	Test applicable combined-tree invariants without publishing or live imports	2026-10-09T10:53:49.7368261Z   ...
integration (1)	Test applicable combined-tree invariants without publishing or live imports	2026-10-09T10:53:49.7369309Z # Subtest: CLI recognizes explicit body-only secondary throttling without treating ordinary permission denial as throttling
integration (1)	Test applicable combined-tree invariants without publishing or live imports	2026-10-09T10:53:49.7371157Z ok 235 - CLI recognizes explicit body-only secondary throttling without treating ordinary permission denial as throttling
integration (1)	Test applicable combined-tree invariants without publishing or live imports	2026-10-09T10:53:49.7372048Z   ---
integration (1)	Test applicable combined-tree invariants without publishing or live imports	2026-10-09T10:53:49.7372354Z   duration_ms: 186.655833
integration (1)	Test applicable combined-tree invariants without publishing or live imports	2026-10-09T10:53:49.7372714Z   type: 'test'
integration (1)	Test applicable combined-tree invariants without publishing or live imports	2026-10-09T10:53:49.7373017Z   ...
integration (1)	Test applicable combined-tree invariants without publishing or live imports	2026-10-09T10:53:49.7373734Z # Subtest: CLI prints request identity before uncertain submission and never repeats it
integration (1)	Test applicable combined-tree invariants without publishing or live imports	2026-10-09T10:53:49.7374862Z ok 236 - CLI prints request identity before uncertain submission and never repeats it
integration (1)	Test applicable combined-tree invariants without publishing or live imports	2026-10-09T10:53:49.7375542Z   ---
integration (1)	Test applicable combined-tree invariants without publishing or live imports	2026-10-09T10:53:49.7375837Z   duration_ms: 152.478367
integration (1)	Test applicable combined-tree invariants without publishing or live imports	2026-10-09T10:53:49.7376191Z   type: 'test'
integration (1)	Test applicable combined-tree invariants without publishing or live imports	2026-10-09T10:53:49.7376490Z   ...
integration (1)	Test applicable combined-tree invariants without publishing or live imports	2026-10-09T10:53:49.7377099Z # Subtest: CLI only claims registration after reading the durable request
integration (1)	Test applicable combined-tree invariants without publishing or live imports	2026-10-09T10:53:49.7377994Z ok 237 - CLI only claims registration after reading the durable request
integration (1)	Test applicable combined-tree invariants without publishing or live imports	2026-10-09T10:53:49.7378576Z   ---
integration (1)	Test applicable combined-tree invariants without publishing or live imports	2026-10-09T10:53:49.7378874Z   duration_ms: 229.181093
integration (1)	Test applicable combined-tree invariants without publishing or live imports	2026-10-09T10:53:49.7379228Z   type: 'test'
integration (1)	Test applicable combined-tree invariants without publishing or live imports	2026-10-09T10:53:49.7379733Z   ...
integration (1)	Test applicable combined-tree invariants without publishing or live imports	2026-10-09T10:53:49.7380401Z # Subtest: CLI ordinary permission errors stop without false rate-limit recovery
integration (1)	Test applicable combined-tree invariants without publishing or live imports	2026-10-09T10:53:49.7381413Z ok 238 - CLI ordinary permission errors stop without false rate-limit recovery
integration (1)	Test applicable combined-tree invariants without publishing or live imports	2026-10-09T10:53:49.7382043Z   ---
integration (1)	Test applicable combined-tree invariants without publishing or live imports	2026-10-09T10:53:49.7382343Z   duration_ms: 121.11408
integration (1)	Test applicable combined-tree invariants without publishing or live imports	2026-10-09T10:53:49.7382698Z   type: 'test'
integration (1)	Test applicable combined-tree invariants without publishing or live imports	2026-10-09T10:53:49.7382993Z   ...
integration (1)	Test applicable combined-tree invariants without publishing or live imports	2026-10-09T10:53:49.7383676Z # Subtest: CLI waiting timeout returns pending, avoids cleanup and has bounded reads
integration (1)	Test applicable combined-tree invariants without publishing or live imports	2026-10-09T10:53:49.7384730Z ok 239 - CLI waiting timeout returns pending, avoids cleanup and has bounded reads
integration (1)	Test applicable combined-tree invariants without publishing or live imports	2026-10-09T10:53:49.7385371Z   ---
integration (1)	Test applicable combined-tree invariants without publishing or live imports	2026-10-09T10:53:49.7385671Z   duration_ms: 591.181212
integration (1)	Test applicable combined-tree invariants without publishing or live imports	2026-10-09T10:53:49.7386023Z   type: 'test'
integration (1)	Test applicable combined-tree invariants without publishing or live imports	2026-10-09T10:53:49.7386324Z   ...
integration (1)	Test applicable combined-tree invariants without publishing or live imports	2026-10-09T10:53:49.7387149Z # Subtest: long request holds main admission amid arbitrarily many short arrivals and FIFO progresses
integration (1)	Test applicable combined-tree invariants without publishing or live imports	2026-10-09T10:53:49.7388429Z ok 240 - long request holds main admission amid arbitrarily many short arrivals and FIFO progresses
integration (1)	Test applicable combined-tree invariants without publishing or live imports	2026-10-09T10:53:49.7389179Z   ---
integration (1)	Test applicable combined-tree invariants without publishing or live imports	2026-10-09T10:53:49.7389657Z   duration_ms: 4.293364
integration (1)	Test applicable combined-tree invariants without publishing or live imports	2026-10-09T10:53:49.7390007Z   type: 'test'
integration (1)	Test applicable combined-tree invariants without publishing or live imports	2026-10-09T10:53:49.7390312Z   ...
integration (1)	Test applicable combined-tree invariants without publishing or live imports	2026-10-09T10:53:49.7391237Z # Subtest: coalesced scheduler ticks cannot lose FIFO registrations; duplicate request retains ticket
integration (1)	Test applicable combined-tree invariants without publishing or live imports	2026-10-09T10:53:49.7392517Z ok 241 - coalesced scheduler ticks cannot lose FIFO registrations; duplicate request retains ticket
integration (1)	Test applicable combined-tree invariants without publishing or live imports	2026-10-09T10:53:49.7393478Z   ---
integration (1)	Test applicable combined-tree invariants without publishing or live imports	2026-10-09T10:53:49.7393778Z   duration_ms: 4.156038
integration (1)	Test applicable combined-tree invariants without publishing or live imports	2026-10-09T10:53:49.7394118Z   type: 'test'
integration (1)	Test applicable combined-tree invariants without publishing or live imports	2026-10-09T10:53:49.7394419Z   ...
integration (1)	Test applicable combined-tree invariants without publishing or live imports	2026-10-09T10:53:49.7395217Z # Subtest: pending execution cancellation recovers same request and keeps every attempt receipt
integration (1)	Test applicable combined-tree invariants without publishing or live imports	2026-10-09T10:53:49.7396448Z ok 242 - pending execution cancellation recovers same request and keeps every attempt receipt
integration (1)	Test applicable combined-tree invariants without publishing or live imports	2026-10-09T10:53:49.7397222Z   ---
integration (1)	Test applicable combined-tree invariants without publishing or live imports	2026-10-09T10:53:49.7397520Z   duration_ms: 1.363862
integration (1)	Test applicable combined-tree invariants without publishing or live imports	2026-10-09T10:53:49.7397867Z   type: 'test'
integration (1)	Test applicable combined-tree invariants without publishing or live imports	2026-10-09T10:53:49.7398165Z   ...
integration (1)	Test applicable combined-tree invariants without publishing or live imports	2026-10-09T10:53:49.7398843Z # Subtest: observation timeout does not restart live queued/waiting/old executions
integration (1)	Test applicable combined-tree invariants without publishing or live imports	2026-10-09T10:53:49.7411237Z ok 243 - observation timeout does not restart live queued/waiting/old executions
integration (1)	Test applicable combined-tree invariants without publishing or live imports	2026-10-09T10:53:49.7412161Z   ---
integration (1)	Test applicable combined-tree invariants without publishing or live imports	2026-10-09T10:53:49.7412481Z   duration_ms: 1.342893
integration (1)	Test applicable combined-tree invariants without publishing or live imports	2026-10-09T10:53:49.7412848Z   type: 'test'
integration (1)	Test applicable combined-tree invariants without publishing or live imports	2026-10-09T10:53:49.7413159Z   ...
integration (1)	Test applicable combined-tree invariants without publishing or live imports	2026-10-09T10:53:49.7413892Z # Subtest: changed head and failed tests settle rejected requests and allow next ticket
integration (1)	Test applicable combined-tree invariants without publishing or live imports	2026-10-09T10:53:49.7431502Z ok 244 - changed head and failed tests settle rejected requests and allow next ticket
integration (1)	Test applicable combined-tree invariants without publishing or live imports	2026-10-09T10:53:49.7432239Z   ---
integration (1)	Test applicable combined-tree invariants without publishing or live imports	2026-10-09T10:53:49.7432571Z   duration_ms: 1.275938
integration (1)	Test applicable combined-tree invariants without publishing or live imports	2026-10-09T10:53:49.7432943Z   type: 'test'
integration (1)	Test applicable combined-tree invariants without publishing or live imports	2026-10-09T10:53:49.7433255Z   ...
integration (1)	Test applicable combined-tree invariants without publishing or live imports	2026-10-09T10:53:49.7441173Z # Subtest: authority rejection settles; main advancement retries original ticket without accepting untested tree
integration (1)	Test applicable combined-tree invariants without publishing or live imports	2026-10-09T10:53:49.7442742Z ok 245 - authority rejection settles; main advancement retries original ticket without accepting untested tree
integration (1)	Test applicable combined-tree invariants without publishing or live imports	2026-10-09T10:53:49.7446616Z   ---
integration (1)	Test applicable combined-tree invariants without publishing or live imports	2026-10-09T10:53:49.7446963Z   duration_ms: 0.882581
integration (1)	Test applicable combined-tree invariants without publishing or live imports	2026-10-09T10:53:49.7447340Z   type: 'test'
integration (1)	Test applicable combined-tree invariants without publishing or live imports	2026-10-09T10:53:49.7447680Z   ...
integration (1)	Test applicable combined-tree invariants without publishing or live imports	2026-10-09T10:53:49.7451575Z # Subtest: admission rejects bypass, duplicate older attempt, and changed exact head
integration (1)	Test applicable combined-tree invariants without publishing or live imports	2026-10-09T10:53:49.7452755Z ok 246 - admission rejects bypass, duplicate older attempt, and changed exact head
integration (1)	Test applicable combined-tree invariants without publishing or live imports	2026-10-09T10:53:49.7453439Z   ---
integration (1)	Test applicable combined-tree invariants without publishing or live imports	2026-10-09T10:53:49.7453757Z   duration_ms: 1.55492
integration (1)	Test applicable combined-tree invariants without publishing or live imports	2026-10-09T10:53:49.7455555Z   type: 'test'
integration (1)	Test applicable combined-tree invariants without publishing or live imports	2026-10-09T10:53:49.7455889Z   ...
integration (1)	Test applicable combined-tree invariants without publishing or live imports	2026-10-09T10:53:49.7456699Z # Subtest: absent dispatch recovers only after bounded discovery delay, exhaustion is durable
integration (1)	Test applicable combined-tree invariants without publishing or live imports	2026-10-09T10:53:49.7457942Z ok 247 - absent dispatch recovers only after bounded discovery delay, exhaustion is durable
integration (1)	Test applicable combined-tree invariants without publishing or live imports	2026-10-09T10:53:49.7458662Z   ---
integration (1)	Test applicable combined-tree invariants without publishing or live imports	2026-10-09T10:53:49.7458975Z   duration_ms: 2.160904
integration (1)	Test applicable combined-tree invariants without publishing or live imports	2026-10-09T10:53:49.7459569Z   type: 'test'
integration (1)	Test applicable combined-tree invariants without publishing or live imports	2026-10-09T10:53:49.7460013Z   ...
integration (1)	Test applicable combined-tree invariants without publishing or live imports	2026-10-09T10:55:06.2964558Z # Subtest: semantic replacements preserve source history and custom locations without transferring their values
integration (1)	Test applicable combined-tree invariants without publishing or live imports	2026-10-09T10:55:06.2969014Z ok 248 - semantic replacements preserve source history and custom locations without transferring their values
integration (1)	Test applicable combined-tree invariants without publishing or live imports	2026-10-09T10:55:06.2970507Z   ---
integration (1)	Test applicable combined-tree invariants without publishing or live imports	2026-10-09T10:55:06.2971049Z   duration_ms: 76850.011975
integration (1)	Test applicable combined-tree invariants without publishing or live imports	2026-10-09T10:55:06.2971627Z   type: 'test'
integration (1)	Test applicable combined-tree invariants without publishing or live imports	2026-10-09T10:55:06.2972121Z   ...
integration (1)	Test applicable combined-tree invariants without publishing or live imports	2026-10-09T10:55:06.7041272Z # Subtest: actual main year selection joins native browser worker to GPU/Canvas and rejects stale contexts
integration (1)	Test applicable combined-tree invariants without publishing or live imports	2026-10-09T10:55:06.7043142Z ok 249 - actual main year selection joins native browser worker to GPU/Canvas and rejects stale contexts
integration (1)	Test applicable combined-tree invariants without publishing or live imports	2026-10-09T10:55:06.7044252Z   ---
integration (1)	Test applicable combined-tree invariants without publishing or live imports	2026-10-09T10:55:06.7044801Z   duration_ms: 24530.608614
integration (1)	Test applicable combined-tree invariants without publishing or live imports	2026-10-09T10:55:06.7045398Z   type: 'test'
integration (1)	Test applicable combined-tree invariants without publishing or live imports	2026-10-09T10:55:06.7045938Z   ...
integration (1)	Test applicable combined-tree invariants without publishing or live imports	2026-10-09T10:55:06.7047255Z # Subtest: dated removal, replacement, holes and additions equal complete native compilation over every canonical row/run
integration (1)	Test applicable combined-tree invariants without publishing or live imports	2026-10-09T10:55:06.7054544Z ok 250 - dated removal, replacement, holes and additions equal complete native compilation over every canonical row/run
integration (1)	Test applicable combined-tree invariants without publishing or live imports	2026-10-09T10:55:06.7055889Z   ---
integration (1)	Test applicable combined-tree invariants without publishing or live imports	2026-10-09T10:55:06.7056519Z   duration_ms: 1584.293131
integration (1)	Test applicable combined-tree invariants without publishing or live imports	2026-10-09T10:55:06.7057165Z   type: 'test'
integration (1)	Test applicable combined-tree invariants without publishing or live imports	2026-10-09T10:55:06.7057715Z   ...
integration (1)	Test applicable combined-tree invariants without publishing or live imports	2026-10-09T10:55:06.7058850Z # Subtest: dated metadata changes reuse all native reference rows with explicit dense identity mapping
integration (1)	Test applicable combined-tree invariants without publishing or live imports	2026-10-09T10:55:06.7061304Z ok 251 - dated metadata changes reuse all native reference rows with explicit dense identity mapping
integration (1)	Test applicable combined-tree invariants without publishing or live imports	2026-10-09T10:55:06.7062373Z   ---
integration (1)	Test applicable combined-tree invariants without publishing or live imports	2026-10-09T10:55:06.7062942Z   duration_ms: 454.90913
integration (1)	Test applicable combined-tree invariants without publishing or live imports	2026-10-09T10:55:06.7063559Z   type: 'test'
integration (1)	Test applicable combined-tree invariants without publishing or live imports	2026-10-09T10:55:06.7064114Z   ...
integration (1)	Test applicable combined-tree invariants without publishing or live imports	2026-10-09T10:55:06.7065490Z # Subtest: changed source, original owner mapping, duplicate IDs, malformed geometry and cancellation reject without partial output
integration (1)	Test applicable combined-tree invariants without publishing or live imports	2026-10-09T10:55:06.7067529Z ok 252 - changed source, original owner mapping, duplicate IDs, malformed geometry and cancellation reject without partial output
integration (1)	Test applicable combined-tree invariants without publishing or live imports	2026-10-09T10:55:06.7068812Z   ---
integration (1)	Test applicable combined-tree invariants without publishing or live imports	2026-10-09T10:55:06.7069722Z   duration_ms: 90.373894
integration (1)	Test applicable combined-tree invariants without publishing or live imports	2026-10-09T10:55:06.7070428Z   type: 'test'
integration (1)	Test applicable combined-tree invariants without publishing or live imports	2026-10-09T10:55:06.7071845Z   ...
integration (1)	Test applicable combined-tree invariants without publishing or live imports	2026-10-09T10:55:06.7073203Z # Subtest: streamed reuse coalesces adjacent fragments without changing dense owners or untouched gaps
integration (1)	Test applicable combined-tree invariants without publishing or live imports	2026-10-09T10:55:06.7075196Z ok 253 - streamed reuse coalesces adjacent fragments without changing dense owners or untouched gaps
integration (1)	Test applicable combined-tree invariants without publishing or live imports	2026-10-09T10:55:06.7076475Z   ---
integration (1)	Test applicable combined-tree invariants without publishing or live imports	2026-10-09T10:55:06.7077072Z   duration_ms: 416.39179
integration (1)	Test applicable combined-tree invariants without publishing or live imports	2026-10-09T10:55:06.7077798Z   type: 'test'
integration (1)	Test applicable combined-tree invariants without publishing or live imports	2026-10-09T10:55:06.7078405Z   ...
integration (1)	Test applicable combined-tree invariants without publishing or live imports	2026-10-09T10:55:06.7079833Z # Subtest: same retained geometry object with a new additive ledger recomputes native rows and equals a full compile
integration (1)	Test applicable combined-tree invariants without publishing or live imports	2026-10-09T10:55:06.7081707Z ok 254 - same retained geometry object with a new additive ledger recomputes native rows and equals a full compile
integration (1)	Test applicable combined-tree invariants without publishing or live imports	2026-10-09T10:55:06.7083125Z   ---
integration (1)	Test applicable combined-tree invariants without publishing or live imports	2026-10-09T10:55:06.7083734Z   duration_ms: 505.567207
integration (1)	Test applicable combined-tree invariants without publishing or live imports	2026-10-09T10:55:06.7084394Z   type: 'test'
integration (1)	Test applicable combined-tree invariants without publishing or live imports	2026-10-09T10:55:06.7085333Z   ...
integration (1)	Test applicable combined-tree invariants without publishing or live imports	2026-10-09T10:55:06.7086388Z # Subtest: actual committed CLI fixture produces two identical complete offline candidates
integration (1)	Test applicable combined-tree invariants without publishing or live imports	2026-10-09T10:55:06.7087974Z ok 255 - actual committed CLI fixture produces two identical complete offline candidates
integration (1)	Test applicable combined-tree invariants without publishing or live imports	2026-10-09T10:55:06.7089027Z   ---
integration (1)	Test applicable combined-tree invariants without publishing or live imports	2026-10-09T10:55:06.7089881Z   duration_ms: 2467.57873
integration (1)	Test applicable combined-tree invariants without publishing or live imports	2026-10-09T10:55:06.7090535Z   type: 'test'
integration (1)	Test applicable combined-tree invariants without publishing or live imports	2026-10-09T10:55:06.7091110Z   ...
integration (1)	Test applicable combined-tree invariants without publishing or live imports	2026-10-09T10:55:06.7092192Z # Subtest: actual CLI refuses reused outputs and changed executed code before emitting a candidate
integration (1)	Test applicable combined-tree invariants without publishing or live imports	2026-10-09T10:55:06.7093677Z ok 256 - actual CLI refuses reused outputs and changed executed code before emitting a candidate
integration (1)	Test applicable combined-tree invariants without publishing or live imports	2026-10-09T10:55:06.7094600Z   ---
integration (1)	Test applicable combined-tree invariants without publishing or live imports	2026-10-09T10:55:06.7095111Z   duration_ms: 394.269432
integration (1)	Test applicable combined-tree invariants without publishing or live imports	2026-10-09T10:55:06.7095672Z   type: 'test'
integration (1)	Test applicable combined-tree invariants without publishing or live imports	2026-10-09T10:55:06.7096174Z   ...
integration (1)	Test applicable combined-tree invariants without publishing or live imports	2026-10-09T10:55:06.7097324Z # Subtest: aggregate byte/descriptor admission and explicit original identity references reject invalid contracts
integration (1)	Test applicable combined-tree invariants without publishing or live imports	2026-10-09T10:55:06.7099022Z ok 257 - aggregate byte/descriptor admission and explicit original identity references reject invalid contracts
integration (1)	Test applicable combined-tree invariants without publishing or live imports	2026-10-09T10:55:06.7100263Z   ---
integration (1)	Test applicable combined-tree invariants without publishing or live imports	2026-10-09T10:55:06.7100769Z   duration_ms: 1.249248
integration (1)	Test applicable combined-tree invariants without publishing or live imports	2026-10-09T10:55:06.7101323Z   type: 'test'
integration (1)	Test applicable combined-tree invariants without publishing or live imports	2026-10-09T10:55:06.7101821Z   ...
integration (1)	Test applicable combined-tree invariants without publishing or live imports	2026-10-09T10:55:06.7102905Z # Subtest: canonical owner packing crosses low/high word boundaries with independently checked row spans
integration (1)	Test applicable combined-tree invariants without publishing or live imports	2026-10-09T10:55:06.7104473Z ok 258 - canonical owner packing crosses low/high word boundaries with independently checked row spans
integration (1)	Test applicable combined-tree invariants without publishing or live imports	2026-10-09T10:55:06.7105451Z   ---
integration (1)	Test applicable combined-tree invariants without publishing or live imports	2026-10-09T10:55:06.7105955Z   duration_ms: 1017.444555
integration (1)	Test applicable combined-tree invariants without publishing or live imports	2026-10-09T10:55:06.7106516Z   type: 'test'
integration (1)	Test applicable combined-tree invariants without publishing or live imports	2026-10-09T10:55:06.7107020Z   ...
integration (1)	Test applicable combined-tree invariants without publishing or live imports	2026-10-09T10:55:06.7107907Z # Subtest: actual CLI refuses inherited execution flags before candidate creation
integration (1)	Test applicable combined-tree invariants without publishing or live imports	2026-10-09T10:55:06.7109129Z ok 259 - actual CLI refuses inherited execution flags before candidate creation
integration (1)	Test applicable combined-tree invariants without publishing or live imports	2026-10-09T10:55:06.7110279Z   ---
integration (1)	Test applicable combined-tree invariants without publishing or live imports	2026-10-09T10:55:06.7110893Z   duration_ms: 93.481688
integration (1)	Test applicable combined-tree invariants without publishing or live imports	2026-10-09T10:55:06.7111550Z   type: 'test'
integration (1)	Test applicable combined-tree invariants without publishing or live imports	2026-10-09T10:55:06.7112109Z   ...
integration (1)	Test applicable combined-tree invariants without publishing or live imports	2026-10-09T10:55:06.7113337Z # Subtest: retained topology binds every source and complete partition accounting without asserting source authority
integration (1)	Test applicable combined-tree invariants without publishing or live imports	2026-10-09T10:55:06.7115153Z ok 260 - retained topology binds every source and complete partition accounting without asserting source authority
integration (1)	Test applicable combined-tree invariants without publishing or live imports	2026-10-09T10:55:06.7116519Z   ---
integration (1)	Test applicable combined-tree invariants without publishing or live imports	2026-10-09T10:55:06.7117069Z   duration_ms: 246.720937
integration (1)	Test applicable combined-tree invariants without publishing or live imports	2026-10-09T10:55:06.7117676Z   type: 'test'
integration (1)	Test applicable combined-tree invariants without publishing or live imports	2026-10-09T10:55:06.7118209Z   ...
integration (1)	Test applicable combined-tree invariants without publishing or live imports	2026-10-09T10:55:06.7119184Z # Subtest: undeclared nested module configuration fails before immutable code admission
integration (1)	Test applicable combined-tree invariants without publishing or live imports	2026-10-09T10:55:06.7120930Z ok 261 - undeclared nested module configuration fails before immutable code admission
integration (1)	Test applicable combined-tree invariants without publishing or live imports	2026-10-09T10:55:06.7121865Z   ---
integration (1)	Test applicable combined-tree invariants without publishing or live imports	2026-10-09T10:55:06.7122400Z   duration_ms: 77.683381
integration (1)	Test applicable combined-tree invariants without publishing or live imports	2026-10-09T10:55:06.7122995Z   type: 'test'
integration (1)	Test applicable combined-tree invariants without publishing or live imports	2026-10-09T10:55:06.7123551Z   ...
integration (1)	Test applicable combined-tree invariants without publishing or live imports	2026-10-09T10:55:06.7124742Z # Subtest: streamed source digest equals original whole JSON bytes including Unicode, ordering and numeric edge cases
integration (1)	Test applicable combined-tree invariants without publishing or live imports	2026-10-09T10:55:06.7126512Z ok 262 - streamed source digest equals original whole JSON bytes including Unicode, ordering and numeric edge cases
integration (1)	Test applicable combined-tree invariants without publishing or live imports	2026-10-09T10:55:06.7127822Z   ---
integration (1)	Test applicable combined-tree invariants without publishing or live imports	2026-10-09T10:55:06.7128339Z   duration_ms: 22.633819
integration (1)	Test applicable combined-tree invariants without publishing or live imports	2026-10-09T10:55:06.7128919Z   type: 'test'
integration (1)	Test applicable combined-tree invariants without publishing or live imports	2026-10-09T10:55:06.7129637Z   ...
integration (1)	Test applicable combined-tree invariants without publishing or live imports	2026-10-09T10:55:06.7130743Z # Subtest: source changes alter digest and cancellation/callback errors never return a partial digest
integration (1)	Test applicable combined-tree invariants without publishing or live imports	2026-10-09T10:55:06.7132401Z ok 263 - source changes alter digest and cancellation/callback errors never return a partial digest
integration (1)	Test applicable combined-tree invariants without publishing or live imports	2026-10-09T10:55:06.7133434Z   ---
integration (1)	Test applicable combined-tree invariants without publishing or live imports	2026-10-09T10:55:06.7133974Z   duration_ms: 12.49805
integration (1)	Test applicable combined-tree invariants without publishing or live imports	2026-10-09T10:55:06.7134570Z   type: 'test'
integration (1)	Test applicable combined-tree invariants without publishing or live imports	2026-10-09T10:55:06.7135116Z   ...
integration (1)	Test applicable combined-tree invariants without publishing or live imports	2026-10-09T10:55:06.7136303Z # Subtest: account proof and configured quotas/compute remain typed, scoped and free of arbitrary private fields
integration (1)	Test applicable combined-tree invariants without publishing or live imports	2026-10-09T10:55:06.7138134Z ok 264 - account proof and configured quotas/compute remain typed, scoped and free of arbitrary private fields
integration (1)	Test applicable combined-tree invariants without publishing or live imports	2026-10-09T10:55:06.7139221Z   ---
integration (1)	Test applicable combined-tree invariants without publishing or live imports	2026-10-09T10:55:06.7140005Z   duration_ms: 33.660936
integration (1)	Test applicable combined-tree invariants without publishing or live imports	2026-10-09T10:55:06.7140629Z   type: 'test'
integration (1)	Test applicable combined-tree invariants without publishing or live imports	2026-10-09T10:55:06.7141175Z   ...
integration (1)	Test applicable combined-tree invariants without publishing or live imports	2026-10-09T10:55:06.7142345Z # Subtest: denied organization proof stays unavailable while actual project settings remain verified
integration (1)	Test applicable combined-tree invariants without publishing or live imports	2026-10-09T10:55:06.7143938Z ok 265 - denied organization proof stays unavailable while actual project settings remain verified
integration (1)	Test applicable combined-tree invariants without publishing or live imports	2026-10-09T10:55:06.7144993Z   ---
integration (1)	Test applicable combined-tree invariants without publishing or live imports	2026-10-09T10:55:06.7145550Z   duration_ms: 1.548127
integration (1)	Test applicable combined-tree invariants without publishing or live imports	2026-10-09T10:55:06.7146141Z   type: 'test'
integration (1)	Test applicable combined-tree invariants without publishing or live imports	2026-10-09T10:55:06.7146679Z   ...
integration (1)	Test applicable combined-tree invariants without publishing or live imports	2026-10-09T10:55:06.7147784Z # Subtest: missing organization and quota are explicit unknowns, never inferred from public pricing
integration (1)	Test applicable combined-tree invariants without publishing or live imports	2026-10-09T10:55:06.7149605Z ok 266 - missing organization and quota are explicit unknowns, never inferred from public pricing
integration (1)	Test applicable combined-tree invariants without publishing or live imports	2026-10-09T10:55:06.7150663Z   ---
integration (1)	Test applicable combined-tree invariants without publishing or live imports	2026-10-09T10:55:06.7151211Z   duration_ms: 1.358383
integration (1)	Test applicable combined-tree invariants without publishing or live imports	2026-10-09T10:55:06.7151805Z   type: 'test'
integration (1)	Test applicable combined-tree invariants without publishing or live imports	2026-10-09T10:55:06.7152339Z   ...
integration (1)	Test applicable combined-tree invariants without publishing or live imports	2026-10-09T10:55:06.7153420Z # Subtest: wrong project and lossy quotas fail before a misleading capacity receipt can be produced
integration (1)	Test applicable combined-tree invariants without publishing or live imports	2026-10-09T10:55:06.7154960Z ok 267 - wrong project and lossy quotas fail before a misleading capacity receipt can be produced
integration (1)	Test applicable combined-tree invariants without publishing or live imports	2026-10-09T10:55:06.7155942Z   ---
integration (1)	Test applicable combined-tree invariants without publishing or live imports	2026-10-09T10:55:06.7156478Z   duration_ms: 1.810348
integration (1)	Test applicable combined-tree invariants without publishing or live imports	2026-10-09T10:55:06.7157067Z   type: 'test'
integration (1)	Test applicable combined-tree invariants without publishing or live imports	2026-10-09T10:55:06.7157609Z   ...
integration (1)	Test applicable combined-tree invariants without publishing or live imports	2026-10-09T10:55:06.7158965Z # Subtest: full rehearsal restores every original table byte, authenticates restricted read-only services, and deletes only its child
integration (1)	Test applicable combined-tree invariants without publishing or live imports	2026-10-09T10:55:06.7161300Z ok 268 - full rehearsal restores every original table byte, authenticates restricted read-only services, and deletes only its child
integration (1)	Test applicable combined-tree invariants without publishing or live imports	2026-10-09T10:55:06.7162547Z   ---
integration (1)	Test applicable combined-tree invariants without publishing or live imports	2026-10-09T10:55:06.7163101Z   duration_ms: 3055.018914
integration (1)	Test applicable combined-tree invariants without publishing or live imports	2026-10-09T10:55:06.7163711Z   type: 'test'
integration (1)	Test applicable combined-tree invariants without publishing or live imports	2026-10-09T10:55:06.7164261Z   ...
integration (1)	Test applicable combined-tree invariants without publishing or live imports	2026-10-09T10:55:06.7165629Z # Subtest: production requires authenticated successful rehearsal artifact, restores once, and delivers only encrypted app credential
integration (1)	Test applicable combined-tree invariants without publishing or live imports	2026-10-09T10:55:06.7167813Z ok 269 - production requires authenticated successful rehearsal artifact, restores once, and delivers only encrypted app credential
integration (1)	Test applicable combined-tree invariants without publishing or live imports	2026-10-09T10:55:06.7169101Z   ---
integration (1)	Test applicable combined-tree invariants without publishing or live imports	2026-10-09T10:55:06.7169892Z   duration_ms: 4138.98421
integration (1)	Test applicable combined-tree invariants without publishing or live imports	2026-10-09T10:55:06.7170534Z   type: 'test'
integration (1)	Test applicable combined-tree invariants without publishing or live imports	2026-10-09T10:55:06.7171328Z   ...
integration (1)	Test applicable combined-tree invariants without publishing or live imports	2026-10-09T10:55:06.7172589Z # Subtest: missing or tampered reviewed checkpoints and missing production acknowledgement cause zero network/DB calls
integration (1)	Test applicable combined-tree invariants without publishing or live imports	2026-10-09T10:55:06.7174490Z ok 270 - missing or tampered reviewed checkpoints and missing production acknowledgement cause zero network/DB calls
integration (1)	Test applicable combined-tree invariants without publishing or live imports	2026-10-09T10:55:06.7175626Z   ---
integration (1)	Test applicable combined-tree invariants without publishing or live imports	2026-10-09T10:55:06.7176203Z   duration_ms: 99.806504
integration (1)	Test applicable combined-tree invariants without publishing or live imports	2026-10-09T10:55:06.7176819Z   type: 'test'
integration (1)	Test applicable combined-tree invariants without publishing or live imports	2026-10-09T10:55:06.7177358Z   ...
integration (1)	Test applicable combined-tree invariants without publishing or live imports	2026-10-09T10:55:06.7178586Z # Subtest: production branch IDs and mismatched endpoint hosts are refused before connection or production deletion
integration (1)	Test applicable combined-tree invariants without publishing or live imports	2026-10-09T10:55:06.7180642Z ok 271 - production branch IDs and mismatched endpoint hosts are refused before connection or production deletion
integration (1)	Test applicable combined-tree invariants without publishing or live imports	2026-10-09T10:55:06.7181986Z   ---
integration (1)	Test applicable combined-tree invariants without publishing or live imports	2026-10-09T10:55:06.7182538Z   duration_ms: 2745.143611
integration (1)	Test applicable combined-tree invariants without publishing or live imports	2026-10-09T10:55:06.7183131Z   type: 'test'
integration (1)	Test applicable combined-tree invariants without publishing or live imports	2026-10-09T10:55:06.7183666Z   ...
integration (1)	Test applicable combined-tree invariants without publishing or live imports	2026-10-09T10:55:06.7184844Z # Subtest: rehearsal failed cleanup preserves the exact child ID without claiming validated production handoff
integration (1)	Test applicable combined-tree invariants without publishing or live imports	2026-10-09T10:55:06.7186541Z ok 272 - rehearsal failed cleanup preserves the exact child ID without claiming validated production handoff
integration (1)	Test applicable combined-tree invariants without publishing or live imports	2026-10-09T10:55:06.7187634Z   ---
integration (1)	Test applicable combined-tree invariants without publishing or live imports	2026-10-09T10:55:06.7188224Z   duration_ms: 1789.64368
integration (1)	Test applicable combined-tree invariants without publishing or live imports	2026-10-09T10:55:06.7188854Z   type: 'test'
integration (1)	Test applicable combined-tree invariants without publishing or live imports	2026-10-09T10:55:06.7189611Z   ...
integration (1)	Test applicable combined-tree invariants without publishing or live imports	2026-10-09T10:55:06.7190826Z # Subtest: artifact reader accepts one bounded receipt without extracting paths and rejects malformed archive bytes
integration (1)	Test applicable combined-tree invariants without publishing or live imports	2026-10-09T10:55:06.7192552Z ok 273 - artifact reader accepts one bounded receipt without extracting paths and rejects malformed archive bytes
integration (1)	Test applicable combined-tree invariants without publishing or live imports	2026-10-09T10:55:06.7193613Z   ---
integration (1)	Test applicable combined-tree invariants without publishing or live imports	2026-10-09T10:55:06.7194116Z   duration_ms: 1.988061
integration (1)	Test applicable combined-tree invariants without publishing or live imports	2026-10-09T10:55:06.7194682Z   type: 'test'
integration (1)	Test applicable combined-tree invariants without publishing or live imports	2026-10-09T10:55:06.7195196Z   ...
integration (1)	Test applicable combined-tree invariants without publishing or live imports	2026-10-09T10:55:06.7196356Z # Subtest: authorized direct production preserves exhaustive verification and refuses a second installation
integration (1)	Test applicable combined-tree invariants without publishing or live imports	2026-10-09T10:55:06.7198094Z ok 274 - authorized direct production preserves exhaustive verification and refuses a second installation
integration (1)	Test applicable combined-tree invariants without publishing or live imports	2026-10-09T10:55:06.7199239Z   ---
integration (1)	Test applicable combined-tree invariants without publishing or live imports	2026-10-09T10:55:06.7200051Z   duration_ms: 1808.592486
integration (1)	Test applicable combined-tree invariants without publishing or live imports	2026-10-09T10:55:06.7200683Z   type: 'test'
integration (1)	Test applicable combined-tree invariants without publishing or live imports	2026-10-09T10:55:06.7201220Z   ...
integration (1)	Test applicable combined-tree invariants without publishing or live imports	2026-10-09T10:55:06.7202531Z # Subtest: Neon metadata verification authenticates read-only requests, follows pagination, and omits secret response fields
integration (1)	Test applicable combined-tree invariants without publishing or live imports	2026-10-09T10:55:06.7204579Z ok 275 - Neon metadata verification authenticates read-only requests, follows pagination, and omits secret response fields
integration (1)	Test applicable combined-tree invariants without publishing or live imports	2026-10-09T10:55:06.7205785Z   ---
integration (1)	Test applicable combined-tree invariants without publishing or live imports	2026-10-09T10:55:06.7206359Z   duration_ms: 34.025963
integration (1)	Test applicable combined-tree invariants without publishing or live imports	2026-10-09T10:55:06.7206990Z   type: 'test'
integration (1)	Test applicable combined-tree invariants without publishing or live imports	2026-10-09T10:55:06.7207538Z   ...
integration (1)	Test applicable combined-tree invariants without publishing or live imports	2026-10-09T10:55:06.7208651Z # Subtest: Neon verifier rejects wrong project configuration and absent credentials without requests
integration (1)	Test applicable combined-tree invariants without publishing or live imports	2026-10-09T10:55:06.7210492Z ok 276 - Neon verifier rejects wrong project configuration and absent credentials without requests
integration (1)	Test applicable combined-tree invariants without publishing or live imports	2026-10-09T10:55:06.7211526Z   ---
integration (1)	Test applicable combined-tree invariants without publishing or live imports	2026-10-09T10:55:06.7212066Z   duration_ms: 3.344007
integration (1)	Test applicable combined-tree invariants without publishing or live imports	2026-10-09T10:55:06.7212655Z   type: 'test'
integration (1)	Test applicable combined-tree invariants without publishing or live imports	2026-10-09T10:55:06.7213187Z   ...
integration (1)	Test applicable combined-tree invariants without publishing or live imports	2026-10-09T10:55:06.7214468Z # Subtest: Neon metadata failures never retain raw HTTP/network bodies, mismatched projects, or repeated pagination cursors
integration (1)	Test applicable combined-tree invariants without publishing or live imports	2026-10-09T10:55:06.7216362Z ok 277 - Neon metadata failures never retain raw HTTP/network bodies, mismatched projects, or repeated pagination cursors
integration (1)	Test applicable combined-tree invariants without publishing or live imports	2026-10-09T10:55:06.7217526Z   ---
integration (1)	Test applicable combined-tree invariants without publishing or live imports	2026-10-09T10:55:06.7218071Z   duration_ms: 5.162389
integration (1)	Test applicable combined-tree invariants without publishing or live imports	2026-10-09T10:55:06.7218662Z   type: 'test'
integration (1)	Test applicable combined-tree invariants without publishing or live imports	2026-10-09T10:55:06.7219189Z   ...
integration (1)	Test applicable combined-tree invariants without publishing or live imports	2026-10-09T10:55:06.7220899Z # Subtest: PostgreSQL schema splitter retains command bytes while respecting nested comments, quoted identifiers, strings and dollar bodies
integration (1)	Test applicable combined-tree invariants without publishing or live imports	2026-10-09T10:55:06.7223044Z ok 278 - PostgreSQL schema splitter retains command bytes while respecting nested comments, quoted identifiers, strings and dollar bodies
integration (1)	Test applicable combined-tree invariants without publishing or live imports	2026-10-09T10:55:06.7224301Z   ---
integration (1)	Test applicable combined-tree invariants without publishing or live imports	2026-10-09T10:55:06.7224886Z   duration_ms: 1.10634
integration (1)	Test applicable combined-tree invariants without publishing or live imports	2026-10-09T10:55:06.7225589Z   type: 'test'
integration (1)	Test applicable combined-tree invariants without publishing or live imports	2026-10-09T10:55:06.7225930Z   ...
integration (1)	Test applicable combined-tree invariants without publishing or live imports	2026-10-09T10:55:06.7227068Z # Subtest: isolated Neon verifier applies the exact schema atomically on real PostgreSQL and exercises actual hosted services
integration (1)	Test applicable combined-tree invariants without publishing or live imports	2026-10-09T10:55:06.7228864Z ok 279 - isolated Neon verifier applies the exact schema atomically on real PostgreSQL and exercises actual hosted services
integration (1)	Test applicable combined-tree invariants without publishing or live imports	2026-10-09T10:55:06.7230052Z   ---
integration (1)	Test applicable combined-tree invariants without publishing or live imports	2026-10-09T10:55:06.7230400Z   duration_ms: 2797.558885
integration (1)	Test applicable combined-tree invariants without publishing or live imports	2026-10-09T10:55:06.7230815Z   type: 'test'
integration (1)	Test applicable combined-tree invariants without publishing or live imports	2026-10-09T10:55:06.7231143Z   ...
integration (1)	Test applicable combined-tree invariants without publishing or live imports	2026-10-09T10:55:06.7232127Z # Subtest: private owner connection failures remain sanitized and cleanup still deletes the validation branch
integration (1)	Test applicable combined-tree invariants without publishing or live imports	2026-10-09T10:55:06.7233660Z ok 280 - private owner connection failures remain sanitized and cleanup still deletes the validation branch
integration (1)	Test applicable combined-tree invariants without publishing or live imports	2026-10-09T10:55:06.7234736Z   ---
integration (1)	Test applicable combined-tree invariants without publishing or live imports	2026-10-09T10:55:06.7235067Z   duration_ms: 7.549586
integration (1)	Test applicable combined-tree invariants without publishing or live imports	2026-10-09T10:55:06.7235455Z   type: 'test'
integration (1)	Test applicable combined-tree invariants without publishing or live imports	2026-10-09T10:55:06.7235785Z   ...
integration (1)	Test applicable combined-tree invariants without publishing or live imports	2026-10-09T10:55:06.7236703Z # Subtest: isolated SQL verifier refuses production IDs and production hosts before any SQL connection
integration (1)	Test applicable combined-tree invariants without publishing or live imports	2026-10-09T10:55:06.7238117Z ok 281 - isolated SQL verifier refuses production IDs and production hosts before any SQL connection
integration (1)	Test applicable combined-tree invariants without publishing or live imports	2026-10-09T10:55:06.7238913Z   ---
integration (1)	Test applicable combined-tree invariants without publishing or live imports	2026-10-09T10:55:06.7239242Z   duration_ms: 14.807045
integration (1)	Test applicable combined-tree invariants without publishing or live imports	2026-10-09T10:55:06.7239865Z   type: 'test'
integration (1)	Test applicable combined-tree invariants without publishing or live imports	2026-10-09T10:55:06.7240199Z   ...
integration (1)	Test applicable combined-tree invariants without publishing or live imports	2026-10-09T10:55:06.7241086Z # Subtest: SQL driver errors are sanitized and clean up only the newly created branch
integration (1)	Test applicable combined-tree invariants without publishing or live imports	2026-10-09T10:55:06.7242238Z ok 282 - SQL driver errors are sanitized and clean up only the newly created branch
integration (1)	Test applicable combined-tree invariants without publishing or live imports	2026-10-09T10:55:06.7242920Z   ---
integration (1)	Test applicable combined-tree invariants without publishing or live imports	2026-10-09T10:55:06.7243251Z   duration_ms: 4.902794
integration (1)	Test applicable combined-tree invariants without publishing or live imports	2026-10-09T10:55:06.7243628Z   type: 'test'
integration (1)	Test applicable combined-tree invariants without publishing or live imports	2026-10-09T10:55:06.7243955Z   ...
integration (1)	Test applicable combined-tree invariants without publishing or live imports	2026-10-09T10:55:06.7244829Z # Subtest: cleanup failures retain the exact validation branch ID and fail the verification receipt
integration (1)	Test applicable combined-tree invariants without publishing or live imports	2026-10-09T10:55:06.7246184Z ok 283 - cleanup failures retain the exact validation branch ID and fail the verification receipt
integration (1)	Test applicable combined-tree invariants without publishing or live imports	2026-10-09T10:55:06.7246967Z   ---
integration (1)	Test applicable combined-tree invariants without publishing or live imports	2026-10-09T10:55:06.7247289Z   duration_ms: 4.793359
integration (1)	Test applicable combined-tree invariants without publishing or live imports	2026-10-09T10:55:06.7247655Z   type: 'test'
integration (1)	Test applicable combined-tree invariants without publishing or live imports	2026-10-09T10:55:06.7247974Z   ...
integration (1)	Test applicable combined-tree invariants without publishing or live imports	2026-10-09T10:55:06.7248922Z # Subtest: ambiguous creation persists its unique name without guessing a deletion target or SQL connection
integration (1)	Test applicable combined-tree invariants without publishing or live imports	2026-10-09T10:55:06.7252179Z ok 284 - ambiguous creation persists its unique name without guessing a deletion target or SQL connection
integration (1)	Test applicable combined-tree invariants without publishing or live imports	2026-10-09T10:55:06.7253086Z   ---
integration (1)	Test applicable combined-tree invariants without publishing or live imports	2026-10-09T10:55:06.7253443Z   duration_ms: 3.430238
integration (1)	Test applicable combined-tree invariants without publishing or live imports	2026-10-09T10:55:06.7253827Z   type: 'test'
integration (1)	Test applicable combined-tree invariants without publishing or live imports	2026-10-09T10:55:06.7254155Z   ...
integration (1)	Test applicable combined-tree invariants without publishing or live imports	2026-10-09T10:55:06.7254998Z # Subtest: read-only metadata helper does not accept a project mismatch supplied by the API
integration (1)	Test applicable combined-tree invariants without publishing or live imports	2026-10-09T10:55:06.7256264Z ok 285 - read-only metadata helper does not accept a project mismatch supplied by the API
integration (1)	Test applicable combined-tree invariants without publishing or live imports	2026-10-09T10:55:06.7257003Z   ---
integration (1)	Test applicable combined-tree invariants without publishing or live imports	2026-10-09T10:55:06.7257330Z   duration_ms: 0.697826
integration (1)	Test applicable combined-tree invariants without publishing or live imports	2026-10-09T10:55:06.7257705Z   type: 'test'
integration (1)	Test applicable combined-tree invariants without publishing or live imports	2026-10-09T10:55:06.7258036Z   ...
integration (1)	Test applicable combined-tree invariants without publishing or live imports	2026-10-09T10:55:06.7258943Z # Subtest: hosted omission accounts for all prior bytes and preserves every current/source file exactly
integration (1)	Test applicable combined-tree invariants without publishing or live imports	2026-10-09T10:55:06.7260610Z ok 286 - hosted omission accounts for all prior bytes and preserves every current/source file exactly
integration (1)	Test applicable combined-tree invariants without publishing or live imports	2026-10-09T10:55:06.7261421Z   ---
integration (1)	Test applicable combined-tree invariants without publishing or live imports	2026-10-09T10:55:06.7261743Z   duration_ms: 35.292576
integration (1)	Test applicable combined-tree invariants without publishing or live imports	2026-10-09T10:55:06.7262130Z   type: 'test'
integration (1)	Test applicable combined-tree invariants without publishing or live imports	2026-10-09T10:55:06.7262453Z   ...
integration (1)	Test applicable combined-tree invariants without publishing or live imports	2026-10-09T10:55:06.7263202Z # Subtest: portable static export retains the full tree without a delivery manifest
integration (1)	Test applicable combined-tree invariants without publishing or live imports	2026-10-09T10:55:06.7264347Z ok 287 - portable static export retains the full tree without a delivery manifest
integration (1)	Test applicable combined-tree invariants without publishing or live imports	2026-10-09T10:55:06.7265044Z   ---
integration (1)	Test applicable combined-tree invariants without publishing or live imports	2026-10-09T10:55:06.7265369Z   duration_ms: 17.905169
integration (1)	Test applicable combined-tree invariants without publishing or live imports	2026-10-09T10:55:06.7265755Z   type: 'test'
integration (1)	Test applicable combined-tree invariants without publishing or live imports	2026-10-09T10:55:06.7266074Z   ...
integration (1)	Test applicable combined-tree invariants without publishing or live imports	2026-10-09T10:55:06.7266709Z # Subtest: existing pinned archive tampering fails before packaging
integration (1)	Test applicable combined-tree invariants without publishing or live imports	2026-10-09T10:55:06.7267640Z ok 288 - existing pinned archive tampering fails before packaging
integration (1)	Test applicable combined-tree invariants without publishing or live imports	2026-10-09T10:55:06.7268465Z   ---
integration (1)	Test applicable combined-tree invariants without publishing or live imports	2026-10-09T10:55:06.7268795Z   duration_ms: 7.283087
integration (1)	Test applicable combined-tree invariants without publishing or live imports	2026-10-09T10:55:06.7269169Z   type: 'test'
integration (1)	Test applicable combined-tree invariants without publishing or live imports	2026-10-09T10:55:06.7269699Z   ...
integration (1)	Test applicable combined-tree invariants without publishing or live imports	2026-10-09T10:55:06.7270632Z # Subtest: verification rejects unlisted excluded files, altered retained bytes and deployed tampering
integration (1)	Test applicable combined-tree invariants without publishing or live imports	2026-10-09T10:55:06.7272069Z ok 289 - verification rejects unlisted excluded files, altered retained bytes and deployed tampering
integration (1)	Test applicable combined-tree invariants without publishing or live imports	2026-10-09T10:55:06.7272875Z   ---
integration (1)	Test applicable combined-tree invariants without publishing or live imports	2026-10-09T10:55:06.7273198Z   duration_ms: 24.784392
integration (1)	Test applicable combined-tree invariants without publishing or live imports	2026-10-09T10:55:06.7273587Z   type: 'test'
integration (1)	Test applicable combined-tree invariants without publishing or live imports	2026-10-09T10:55:06.7273918Z   ...
integration (1)	Test applicable combined-tree invariants without publishing or live imports	2026-10-09T10:55:06.7274485Z # Subtest: symbolic links cannot silently omit archive content
integration (1)	Test applicable combined-tree invariants without publishing or live imports	2026-10-09T10:55:06.7275308Z ok 290 - symbolic links cannot silently omit archive content
integration (1)	Test applicable combined-tree invariants without publishing or live imports	2026-10-09T10:55:06.7276051Z   ---
integration (1)	Test applicable combined-tree invariants without publishing or live imports	2026-10-09T10:55:06.7276381Z   duration_ms: 6.752474
integration (1)	Test applicable combined-tree invariants without publishing or live imports	2026-10-09T10:55:06.7276752Z   type: 'test'
integration (1)	Test applicable combined-tree invariants without publishing or live imports	2026-10-09T10:55:06.7277069Z   ...
integration (1)	Test applicable combined-tree invariants without publishing or live imports	2026-10-09T10:55:06.7277962Z # Subtest: hosted receipt compression preserves exact original bytes with explicit transport proof
integration (1)	Test applicable combined-tree invariants without publishing or live imports	2026-10-09T10:55:06.7281181Z ok 291 - hosted receipt compression preserves exact original bytes with explicit transport proof
integration (1)	Test applicable combined-tree invariants without publishing or live imports	2026-10-09T10:55:06.7282080Z   ---
integration (1)	Test applicable combined-tree invariants without publishing or live imports	2026-10-09T10:55:06.7282421Z   duration_ms: 24.721635
integration (1)	Test applicable combined-tree invariants without publishing or live imports	2026-10-09T10:55:06.7282818Z   type: 'test'
integration (1)	Test applicable combined-tree invariants without publishing or live imports	2026-10-09T10:55:06.7283145Z   ...
integration (1)	Test applicable combined-tree invariants without publishing or live imports	2026-10-09T10:55:06.7283935Z # Subtest: startup ownership packaging preserves original GPU words and source files
integration (1)	Test applicable combined-tree invariants without publishing or live imports	2026-10-09T10:55:06.7285101Z ok 292 - startup ownership packaging preserves original GPU words and source files
integration (1)	Test applicable combined-tree invariants without publishing or live imports	2026-10-09T10:55:06.7285797Z   ---
integration (1)	Test applicable combined-tree invariants without publishing or live imports	2026-10-09T10:55:06.7286117Z   duration_ms: 72.476356
integration (1)	Test applicable combined-tree invariants without publishing or live imports	2026-10-09T10:55:06.7286498Z   type: 'test'
integration (1)	Test applicable combined-tree invariants without publishing or live imports	2026-10-09T10:55:06.7286812Z   ...
integration (1)	Test applicable combined-tree invariants without publishing or live imports	2026-10-09T10:55:06.7287565Z # Subtest: startup ownership rejects altered, unpinned or unsafe canonical sources
integration (1)	Test applicable combined-tree invariants without publishing or live imports	2026-10-09T10:55:06.7288684Z ok 293 - startup ownership rejects altered, unpinned or unsafe canonical sources
integration (1)	Test applicable combined-tree invariants without publishing or live imports	2026-10-09T10:55:06.7289617Z   ---
integration (1)	Test applicable combined-tree invariants without publishing or live imports	2026-10-09T10:55:06.7290160Z   duration_ms: 5.540597
integration (1)	Test applicable combined-tree invariants without publishing or live imports	2026-10-09T10:55:06.7290550Z   type: 'test'
integration (1)	Test applicable combined-tree invariants without publishing or live imports	2026-10-09T10:55:06.7290875Z   ...
integration (1)	Test applicable combined-tree invariants without publishing or live imports	2026-10-09T10:55:45.6469713Z # fatal: not a tree object
integration (1)	Test applicable combined-tree invariants without publishing or live imports	2026-10-09T10:55:45.6471117Z # Subtest: retained worldwide physical audit restores every original and verifies all five complete vintages
integration (1)	Test applicable combined-tree invariants without publishing or live imports	2026-10-09T10:55:45.6472898Z ok 294 - retained worldwide physical audit restores every original and verifies all five complete vintages
integration (1)	Test applicable combined-tree invariants without publishing or live imports	2026-10-09T10:55:45.6473910Z   ---
integration (1)	Test applicable combined-tree invariants without publishing or live imports	2026-10-09T10:55:45.6474447Z   duration_ms: 65381.88317
integration (1)	Test applicable combined-tree invariants without publishing or live imports	2026-10-09T10:55:45.6475176Z   type: 'test'
integration (1)	Test applicable combined-tree invariants without publishing or live imports	2026-10-09T10:55:45.6475747Z   ...
integration (1)	Test applicable combined-tree invariants without publishing or live imports	2026-10-09T10:55:45.6641679Z # Subtest: component custody preserves whole runs and rejects missing, duplicate and redirected aliases
integration (1)	Test applicable combined-tree invariants without publishing or live imports	2026-10-09T10:55:45.6655631Z ok 295 - component custody preserves whole runs and rejects missing, duplicate and redirected aliases
integration (1)	Test applicable combined-tree invariants without publishing or live imports	2026-10-09T10:55:45.6657682Z   ---
integration (1)	Test applicable combined-tree invariants without publishing or live imports	2026-10-09T10:55:45.6658442Z   duration_ms: 728.60832
integration (1)	Test applicable combined-tree invariants without publishing or live imports	2026-10-09T10:55:45.6658891Z   type: 'test'
integration (1)	Test applicable combined-tree invariants without publishing or live imports	2026-10-09T10:55:45.6659296Z   ...
integration (1)	Test applicable combined-tree invariants without publishing or live imports	2026-10-09T10:56:47.1423814Z # test_component_link_cannot_omit_a_pair (__main__.Controls.test_component_link_cannot_omit_a_pair) ... ok
integration (1)	Test applicable combined-tree invariants without publishing or live imports	2026-10-09T10:57:31.6040709Z # test_edge_point_dateline_contacts_cannot_be_erased (__main__.Controls.test_edge_point_dateline_contacts_cannot_be_erased) ... ok
integration (1)	Test applicable combined-tree invariants without publishing or live imports	2026-10-09T10:58:22.9607497Z # test_missing_fragment_with_self_consistent_reported_count (__main__.Controls.test_missing_fragment_with_self_consistent_reported_count) ... ok
integration (1)	Test applicable combined-tree invariants without publishing or live imports	2026-10-09T10:59:29.6976331Z # test_original_blocked_tile_binding_cannot_be_redirected (__main__.Controls.test_original_blocked_tile_binding_cannot_be_redirected) ... ok
integration (1)	Test applicable combined-tree invariants without publishing or live imports	2026-10-09T11:00:21.7047381Z # test_original_unmeasured_area_cannot_be_fabricated (__main__.Controls.test_original_unmeasured_area_cannot_be_fabricated) ... ok
integration (1)	Test applicable combined-tree invariants without publishing or live imports	2026-10-09T11:01:07.7993201Z # test_pair_cannot_claim_another_component (__main__.Controls.test_pair_cannot_claim_another_component) ... ok
integration (1)	Test applicable combined-tree invariants without publishing or live imports	2026-10-09T11:02:14.5458983Z # test_unlinked_component_cannot_disappear (__main__.Controls.test_unlinked_component_cannot_disappear) ... ok
integration (1)	Test applicable combined-tree invariants without publishing or live imports	2026-10-09T11:02:14.5476503Z # ----------------------------------------------------------------------
integration (1)	Test applicable combined-tree invariants without publishing or live imports	2026-10-09T11:02:14.5477162Z # Ran 7 tests in 426.859s
integration (1)	Test applicable combined-tree invariants without publishing or live imports	2026-10-09T11:02:14.5477525Z # OK
integration (1)	Test applicable combined-tree invariants without publishing or live imports	2026-10-09T11:02:14.5933016Z # Subtest: complete world component evidence rejects rehashed identity, uncertainty and relationship omissions
integration (1)	Test applicable combined-tree invariants without publishing or live imports	2026-10-09T11:02:14.5934283Z ok 296 - complete world component evidence rejects rehashed identity, uncertainty and relationship omissions
integration (1)	Test applicable combined-tree invariants without publishing or live imports	2026-10-09T11:02:14.5935126Z   ---
integration (1)	Test applicable combined-tree invariants without publishing or live imports	2026-10-09T11:02:14.5935516Z   duration_ms: 427070.53824
integration (1)	Test applicable combined-tree invariants without publishing or live imports	2026-10-09T11:02:14.5935792Z   type: 'test'
integration (1)	Test applicable combined-tree invariants without publishing or live imports	2026-10-09T11:02:14.5935998Z   ...
integration (1)	Test applicable combined-tree invariants without publishing or live imports	2026-10-09T11:02:14.6017071Z # Subtest: control fixture retains actual shared-output custody and refuses unchanged bad descriptors
integration (1)	Test applicable combined-tree invariants without publishing or live imports	2026-10-09T11:02:14.6020791Z ok 297 - control fixture retains actual shared-output custody and refuses unchanged bad descriptors
integration (1)	Test applicable combined-tree invariants without publishing or live imports	2026-10-09T11:02:14.6021833Z   ---
integration (1)	Test applicable combined-tree invariants without publishing or live imports	2026-10-09T11:02:14.6022243Z   duration_ms: 15084.807188
integration (1)	Test applicable combined-tree invariants without publishing or live imports	2026-10-09T11:02:14.6022701Z   type: 'test'
integration (1)	Test applicable combined-tree invariants without publishing or live imports	2026-10-09T11:02:14.6023083Z   ...
integration (1)	Test applicable combined-tree invariants without publishing or live imports	2026-10-09T11:02:14.6023987Z # Subtest: actual ephemeral component cache invalidates every input family and a fresh method
integration (1)	Test applicable combined-tree invariants without publishing or live imports	2026-10-09T11:02:14.6025343Z ok 298 - actual ephemeral component cache invalidates every input family and a fresh method
integration (1)	Test applicable combined-tree invariants without publishing or live imports	2026-10-09T11:02:14.6026176Z   ---
integration (1)	Test applicable combined-tree invariants without publishing or live imports	2026-10-09T11:02:14.6026552Z   duration_ms: 232.091091
integration (1)	Test applicable combined-tree invariants without publishing or live imports	2026-10-09T11:02:14.6026983Z   type: 'test'
integration (1)	Test applicable combined-tree invariants without publishing or live imports	2026-10-09T11:02:14.6027341Z   ...
integration (1)	Test applicable combined-tree invariants without publishing or live imports	2026-10-09T11:02:14.6028246Z # Subtest: physical gap crosswalk preserves split/merged, tiny, unknown and dateline identities
integration (1)	Test applicable combined-tree invariants without publishing or live imports	2026-10-09T11:02:14.6029967Z ok 299 - physical gap crosswalk preserves split/merged, tiny, unknown and dateline identities
integration (1)	Test applicable combined-tree invariants without publishing or live imports	2026-10-09T11:02:14.6030762Z   ---
integration (1)	Test applicable combined-tree invariants without publishing or live imports	2026-10-09T11:02:14.6031176Z   duration_ms: 190.425504
integration (1)	Test applicable combined-tree invariants without publishing or live imports	2026-10-09T11:02:14.6031432Z   type: 'test'
integration (1)	Test applicable combined-tree invariants without publishing or live imports	2026-10-09T11:02:14.6031629Z   ...
integration (1)	Test applicable combined-tree invariants without publishing or live imports	2026-10-09T11:02:14.6033267Z # Subtest: complete worldwide priority inventory matches original source ledgers and exhaustive ranks
integration (1)	Test applicable combined-tree invariants without publishing or live imports	2026-10-09T11:02:14.6034492Z ok 300 - complete worldwide priority inventory matches original source ledgers and exhaustive ranks
integration (1)	Test applicable combined-tree invariants without publishing or live imports	2026-10-09T11:02:14.6035316Z   ---
integration (1)	Test applicable combined-tree invariants without publishing or live imports	2026-10-09T11:02:14.6035659Z   duration_ms: 65850.867717
integration (1)	Test applicable combined-tree invariants without publishing or live imports	2026-10-09T11:02:14.6036053Z   type: 'test'
integration (1)	Test applicable combined-tree invariants without publishing or live imports	2026-10-09T11:02:14.6036376Z   ...
integration (1)	Test applicable combined-tree invariants without publishing or live imports	2026-10-09T11:02:14.6037093Z # Subtest: pixel ownership is exclusive and adjacent locations tile without a seam
integration (1)	Test applicable combined-tree invariants without publishing or live imports	2026-10-09T11:02:14.6038174Z ok 301 - pixel ownership is exclusive and adjacent locations tile without a seam
integration (1)	Test applicable combined-tree invariants without publishing or live imports	2026-10-09T11:02:14.6038648Z   ---
integration (1)	Test applicable combined-tree invariants without publishing or live imports	2026-10-09T11:02:14.6038861Z   duration_ms: 1.744375
integration (1)	Test applicable combined-tree invariants without publishing or live imports	2026-10-09T11:02:14.6039087Z   type: 'test'
integration (1)	Test applicable combined-tree invariants without publishing or live imports	2026-10-09T11:02:14.6039281Z   ...
integration (1)	Test applicable combined-tree invariants without publishing or live imports	2026-10-09T11:02:14.6040355Z # Subtest: holes, water and defensive overlap handling have one integer ID per cell
integration (1)	Test applicable combined-tree invariants without publishing or live imports	2026-10-09T11:02:14.6041510Z ok 302 - holes, water and defensive overlap handling have one integer ID per cell
integration (1)	Test applicable combined-tree invariants without publishing or live imports	2026-10-09T11:02:14.6042219Z   ---
integration (1)	Test applicable combined-tree invariants without publishing or live imports	2026-10-09T11:02:14.6042619Z   duration_ms: 0.446836
integration (1)	Test applicable combined-tree invariants without publishing or live imports	2026-10-09T11:02:14.6043054Z   type: 'test'
integration (1)	Test applicable combined-tree invariants without publishing or live imports	2026-10-09T11:02:14.6043421Z   ...
integration (1)	Test applicable combined-tree invariants without publishing or live imports	2026-10-09T11:02:14.6044325Z # Subtest: panning and lower-detail views sample the same canonical geographic cells
integration (1)	Test applicable combined-tree invariants without publishing or live imports	2026-10-09T11:02:14.6045578Z ok 303 - panning and lower-detail views sample the same canonical geographic cells
integration (1)	Test applicable combined-tree invariants without publishing or live imports	2026-10-09T11:02:14.6046408Z   ---
integration (1)	Test applicable combined-tree invariants without publishing or live imports	2026-10-09T11:02:14.6046786Z   duration_ms: 1.067828
integration (1)	Test applicable combined-tree invariants without publishing or live imports	2026-10-09T11:02:14.6047192Z   type: 'test'
integration (1)	Test applicable combined-tree invariants without publishing or live imports	2026-10-09T11:02:14.6047548Z   ...
integration (1)	Test applicable combined-tree invariants without publishing or live imports	2026-10-09T11:02:14.6048348Z # Subtest: province borders are stronger and local borders disappear at distant zoom
integration (1)	Test applicable combined-tree invariants without publishing or live imports	2026-10-09T11:02:14.6050036Z ok 304 - province borders are stronger and local borders disappear at distant zoom
integration (1)	Test applicable combined-tree invariants without publishing or live imports	2026-10-09T11:02:14.6050847Z   ---
integration (1)	Test applicable combined-tree invariants without publishing or live imports	2026-10-09T11:02:14.6051233Z   duration_ms: 0.226294
integration (1)	Test applicable combined-tree invariants without publishing or live imports	2026-10-09T11:02:14.6051651Z   type: 'test'
integration (1)	Test applicable combined-tree invariants without publishing or live imports	2026-10-09T11:02:14.6052022Z   ...
integration (1)	Test applicable combined-tree invariants without publishing or live imports	2026-10-09T11:02:14.6052825Z # Subtest: Canvas fallback samples near screen resolution without four-pixel blocks
integration (1)	Test applicable combined-tree invariants without publishing or live imports	2026-10-09T11:02:14.6054416Z ok 305 - Canvas fallback samples near screen resolution without four-pixel blocks
integration (1)	Test applicable combined-tree invariants without publishing or live imports	2026-10-09T11:02:14.6055175Z   ---
integration (1)	Test applicable combined-tree invariants without publishing or live imports	2026-10-09T11:02:14.6055548Z   duration_ms: 0.344074
integration (1)	Test applicable combined-tree invariants without publishing or live imports	2026-10-09T11:02:14.6055958Z   type: 'test'
integration (1)	Test applicable combined-tree invariants without publishing or live imports	2026-10-09T11:02:14.6056323Z   ...
integration (1)	Test applicable combined-tree invariants without publishing or live imports	2026-10-09T11:02:14.6057090Z # Subtest: fixed non-power-of-two grid projects the entire world consistently
integration (1)	Test applicable combined-tree invariants without publishing or live imports	2026-10-09T11:02:14.6058206Z ok 306 - fixed non-power-of-two grid projects the entire world consistently
integration (1)	Test applicable combined-tree invariants without publishing or live imports	2026-10-09T11:02:14.6058914Z   ---
integration (1)	Test applicable combined-tree invariants without publishing or live imports	2026-10-09T11:02:14.6059281Z   duration_ms: 0.270356
integration (1)	Test applicable combined-tree invariants without publishing or live imports	2026-10-09T11:02:14.6060021Z   type: 'test'
integration (1)	Test applicable combined-tree invariants without publishing or live imports	2026-10-09T11:02:14.6060385Z   ...
integration (1)	Test applicable combined-tree invariants without publishing or live imports	2026-10-09T11:02:14.6061278Z # Subtest: placeholder translation preserves quoted values, dollar bodies and nested comments exactly
integration (1)	Test applicable combined-tree invariants without publishing or live imports	2026-10-09T11:02:14.6062889Z ok 307 - placeholder translation preserves quoted values, dollar bodies and nested comments exactly
integration (1)	Test applicable combined-tree invariants without publishing or live imports	2026-10-09T11:02:14.6063663Z   ---
integration (1)	Test applicable combined-tree invariants without publishing or live imports	2026-10-09T11:02:14.6063960Z   duration_ms: 3.091085
integration (1)	Test applicable combined-tree invariants without publishing or live imports	2026-10-09T11:02:14.6064323Z   type: 'test'
integration (1)	Test applicable combined-tree invariants without publishing or live imports	2026-10-09T11:02:14.6064638Z   ...
integration (1)	Test applicable combined-tree invariants without publishing or live imports	2026-10-09T11:02:14.6065482Z # Subtest: only reviewed inserts and index hints are adapted; SQLite metadata needs an explicit query
integration (1)	Test applicable combined-tree invariants without publishing or live imports	2026-10-09T11:02:14.6066801Z ok 308 - only reviewed inserts and index hints are adapted; SQLite metadata needs an explicit query
integration (1)	Test applicable combined-tree invariants without publishing or live imports	2026-10-09T11:02:14.6067731Z   ---
integration (1)	Test applicable combined-tree invariants without publishing or live imports	2026-10-09T11:02:14.6068104Z   duration_ms: 0.807
integration (1)	Test applicable combined-tree invariants without publishing or live imports	2026-10-09T11:02:14.6068503Z   type: 'test'
integration (1)	Test applicable combined-tree invariants without publishing or live imports	2026-10-09T11:02:14.6068860Z   ...
integration (1)	Test applicable combined-tree invariants without publishing or live imports	2026-10-09T11:02:14.6070032Z # Subtest: injected driver returns D1 results with safe numeric dates and unchanged text evidence
integration (1)	Test applicable combined-tree invariants without publishing or live imports	2026-10-09T11:02:14.6071434Z ok 309 - injected driver returns D1 results with safe numeric dates and unchanged text evidence
integration (1)	Test applicable combined-tree invariants without publishing or live imports	2026-10-09T11:02:14.6072250Z   ---
integration (1)	Test applicable combined-tree invariants without publishing or live imports	2026-10-09T11:02:14.6072643Z   duration_ms: 2.447911
integration (1)	Test applicable combined-tree invariants without publishing or live imports	2026-10-09T11:02:14.6073061Z   type: 'test'
integration (1)	Test applicable combined-tree invariants without publishing or live imports	2026-10-09T11:02:14.6073421Z   ...
integration (1)	Test applicable combined-tree invariants without publishing or live imports	2026-10-09T11:02:14.6074253Z # Subtest: batches remain ordered, atomic and ingestion-locked before identity allocation
integration (1)	Test applicable combined-tree invariants without publishing or live imports	2026-10-09T11:02:14.6075516Z ok 310 - batches remain ordered, atomic and ingestion-locked before identity allocation
integration (1)	Test applicable combined-tree invariants without publishing or live imports	2026-10-09T11:02:14.6076263Z   ---
integration (1)	Test applicable combined-tree invariants without publishing or live imports	2026-10-09T11:02:14.6076609Z   duration_ms: 0.889404
integration (1)	Test applicable combined-tree invariants without publishing or live imports	2026-10-09T11:02:14.6077010Z   type: 'test'
integration (1)	Test applicable combined-tree invariants without publishing or live imports	2026-10-09T11:02:14.6077357Z   ...
integration (1)	Test applicable combined-tree invariants without publishing or live imports	2026-10-09T11:02:14.6078252Z # Subtest: publication and guarded imports share a lock before fresh ReadCommitted guard snapshots
integration (1)	Test applicable combined-tree invariants without publishing or live imports	2026-10-09T11:02:14.6079894Z ok 311 - publication and guarded imports share a lock before fresh ReadCommitted guard snapshots
integration (1)	Test applicable combined-tree invariants without publishing or live imports	2026-10-09T11:02:14.6080760Z   ---
integration (1)	Test applicable combined-tree invariants without publishing or live imports	2026-10-09T11:02:14.6081115Z   duration_ms: 0.712083
integration (1)	Test applicable combined-tree invariants without publishing or live imports	2026-10-09T11:02:14.6081502Z   type: 'test'
integration (1)	Test applicable combined-tree invariants without publishing or live imports	2026-10-09T11:02:14.6081858Z   ...
integration (1)	Test applicable combined-tree invariants without publishing or live imports	2026-10-09T11:02:14.6082783Z # Subtest: driver failures preserve SQLSTATE while removing credentials, payloads and server details
integration (1)	Test applicable combined-tree invariants without publishing or live imports	2026-10-09T11:02:14.6084152Z ok 312 - driver failures preserve SQLSTATE while removing credentials, payloads and server details
integration (1)	Test applicable combined-tree invariants without publishing or live imports	2026-10-09T11:02:14.6084652Z   ---
integration (1)	Test applicable combined-tree invariants without publishing or live imports	2026-10-09T11:02:14.6084867Z   duration_ms: 1.315802
integration (1)	Test applicable combined-tree invariants without publishing or live imports	2026-10-09T11:02:14.6085093Z   type: 'test'
integration (1)	Test applicable combined-tree invariants without publishing or live imports	2026-10-09T11:02:14.6085289Z   ...
integration (1)	Test applicable combined-tree invariants without publishing or live imports	2026-10-09T11:02:14.6085821Z # Subtest: bounded timeouts cancel network work and preserve uncertain commit status for idempotent retries
integration (1)	Test applicable combined-tree invariants without publishing or live imports	2026-10-09T11:02:14.6086657Z ok 313 - bounded timeouts cancel network work and preserve uncertain commit status for idempotent retries
integration (1)	Test applicable combined-tree invariants without publishing or live imports	2026-10-09T11:02:14.6087127Z   ---
integration (1)	Test applicable combined-tree invariants without publishing or live imports	2026-10-09T11:02:14.6087321Z   duration_ms: 100.26874
integration (1)	Test applicable combined-tree invariants without publishing or live imports	2026-10-09T11:02:14.6087545Z   type: 'test'
integration (1)	Test applicable combined-tree invariants without publishing or live imports	2026-10-09T11:02:14.6087732Z   ...
integration (1)	Test applicable combined-tree invariants without publishing or live imports	2026-10-09T11:02:14.6088213Z # Subtest: Neon HTTP wrapper submits lazy ordered queries as one transaction without exposing its URL
integration (1)	Test applicable combined-tree invariants without publishing or live imports	2026-10-09T11:02:14.6088964Z ok 314 - Neon HTTP wrapper submits lazy ordered queries as one transaction without exposing its URL
integration (1)	Test applicable combined-tree invariants without publishing or live imports	2026-10-09T11:02:14.6090018Z   ---
integration (1)	Test applicable combined-tree invariants without publishing or live imports	2026-10-09T11:02:14.6090410Z   duration_ms: 1.370384
integration (1)	Test applicable combined-tree invariants without publishing or live imports	2026-10-09T11:02:14.6090824Z   type: 'test'
integration (1)	Test applicable combined-tree invariants without publishing or live imports	2026-10-09T11:02:14.6091187Z   ...
integration (1)	Test applicable combined-tree invariants without publishing or live imports	2026-10-09T11:02:14.6092362Z # Subtest: actual PostgreSQL parses translated placeholders, idempotence and rollback without touching immutable evidence text
integration (1)	Test applicable combined-tree invariants without publishing or live imports	2026-10-09T11:02:14.6094580Z ok 315 - actual PostgreSQL parses translated placeholders, idempotence and rollback without touching immutable evidence text
integration (1)	Test applicable combined-tree invariants without publishing or live imports	2026-10-09T11:02:14.6095623Z   ---
integration (1)	Test applicable combined-tree invariants without publishing or live imports	2026-10-09T11:02:14.6095959Z   duration_ms: 2020.317954
integration (1)	Test applicable combined-tree invariants without publishing or live imports	2026-10-09T11:02:14.6096370Z   type: 'test'
integration (1)	Test applicable combined-tree invariants without publishing or live imports	2026-10-09T11:02:14.6096754Z   ...
integration (1)	Test applicable combined-tree invariants without publishing or live imports	2026-10-09T11:02:14.6097883Z # Subtest: verified owner restore copies all fourteen original tables, legacy bytes, archives, examples, releases and rowids
integration (1)	Test applicable combined-tree invariants without publishing or live imports	2026-10-09T11:02:14.6099912Z ok 316 - verified owner restore copies all fourteen original tables, legacy bytes, archives, examples, releases and rowids
integration (1)	Test applicable combined-tree invariants without publishing or live imports	2026-10-09T11:02:14.6100935Z   ---
integration (1)	Test applicable combined-tree invariants without publishing or live imports	2026-10-09T11:02:14.6101620Z   duration_ms: 2582.040534
integration (1)	Test applicable combined-tree invariants without publishing or live imports	2026-10-09T11:02:14.6102035Z   type: 'test'
integration (1)	Test applicable combined-tree invariants without publishing or live imports	2026-10-09T11:02:14.6102353Z   ...
integration (1)	Test applicable combined-tree invariants without publishing or live imports	2026-10-09T11:02:14.6103215Z # Subtest: nonempty target refuses restoration without replacing evidence or disabled guards
integration (1)	Test applicable combined-tree invariants without publishing or live imports	2026-10-09T11:02:14.6104557Z ok 317 - nonempty target refuses restoration without replacing evidence or disabled guards
integration (1)	Test applicable combined-tree invariants without publishing or live imports	2026-10-09T11:02:14.6105346Z   ---
integration (1)	Test applicable combined-tree invariants without publishing or live imports	2026-10-09T11:02:14.6105705Z   duration_ms: 1469.768399
integration (1)	Test applicable combined-tree invariants without publishing or live imports	2026-10-09T11:02:14.6106131Z   type: 'test'
integration (1)	Test applicable combined-tree invariants without publishing or live imports	2026-10-09T11:02:14.6106485Z   ...
integration (1)	Test applicable combined-tree invariants without publishing or live imports	2026-10-09T11:02:14.6107470Z # Subtest: insert failure rolls back every copied table and USER-trigger state with no unsafe partial resume
integration (1)	Test applicable combined-tree invariants without publishing or live imports	2026-10-09T11:02:14.6108990Z ok 318 - insert failure rolls back every copied table and USER-trigger state with no unsafe partial resume
integration (1)	Test applicable combined-tree invariants without publishing or live imports	2026-10-09T11:02:14.6110158Z   ---
integration (1)	Test applicable combined-tree invariants without publishing or live imports	2026-10-09T11:02:14.6110530Z   duration_ms: 1524.195541
integration (1)	Test applicable combined-tree invariants without publishing or live imports	2026-10-09T11:02:14.6110960Z   type: 'test'
integration (1)	Test applicable combined-tree invariants without publishing or live imports	2026-10-09T11:02:14.6111310Z   ...
integration (1)	Test applicable combined-tree invariants without publishing or live imports	2026-10-09T11:02:14.6112228Z # Subtest: read-back verification failure rolls back source rows and prevents sequence advancement
integration (1)	Test applicable combined-tree invariants without publishing or live imports	2026-10-09T11:02:14.6113651Z ok 319 - read-back verification failure rolls back source rows and prevents sequence advancement
integration (1)	Test applicable combined-tree invariants without publishing or live imports	2026-10-09T11:02:14.6114474Z   ---
integration (1)	Test applicable combined-tree invariants without publishing or live imports	2026-10-09T11:02:14.6114854Z   duration_ms: 1440.890821
integration (1)	Test applicable combined-tree invariants without publishing or live imports	2026-10-09T11:02:14.6115268Z   type: 'test'
integration (1)	Test applicable combined-tree invariants without publishing or live imports	2026-10-09T11:02:14.6115617Z   ...
integration (1)	Test applicable combined-tree invariants without publishing or live imports	2026-10-09T11:02:14.6116422Z # Subtest: tampered source parts and unacknowledged owner restore make no target writes
integration (1)	Test applicable combined-tree invariants without publishing or live imports	2026-10-09T11:02:14.6117643Z ok 320 - tampered source parts and unacknowledged owner restore make no target writes
integration (1)	Test applicable combined-tree invariants without publishing or live imports	2026-10-09T11:02:14.6118393Z   ---
integration (1)	Test applicable combined-tree invariants without publishing or live imports	2026-10-09T11:02:14.6118753Z   duration_ms: 1381.711815
integration (1)	Test applicable combined-tree invariants without publishing or live imports	2026-10-09T11:02:14.6119164Z   type: 'test'
integration (1)	Test applicable combined-tree invariants without publishing or live imports	2026-10-09T11:02:14.6119776Z   ...
integration (1)	Test applicable combined-tree invariants without publishing or live imports	2026-10-09T11:02:14.6120705Z # Subtest: sequence-reset failure rolls back transactional RESTART and preserves all original guards
integration (1)	Test applicable combined-tree invariants without publishing or live imports	2026-10-09T11:02:14.6122162Z ok 321 - sequence-reset failure rolls back transactional RESTART and preserves all original guards
integration (1)	Test applicable combined-tree invariants without publishing or live imports	2026-10-09T11:02:14.6123036Z   ---
integration (1)	Test applicable combined-tree invariants without publishing or live imports	2026-10-09T11:02:14.6123390Z   duration_ms: 1438.542934
integration (1)	Test applicable combined-tree invariants without publishing or live imports	2026-10-09T11:02:14.6123805Z   type: 'test'
integration (1)	Test applicable combined-tree invariants without publishing or live imports	2026-10-09T11:02:14.6124152Z   ...
integration (1)	Test applicable combined-tree invariants without publishing or live imports	2026-10-09T11:02:14.6124957Z # Subtest: lost commit acknowledgement requires read-only verification before any retry
integration (1)	Test applicable combined-tree invariants without publishing or live imports	2026-10-09T11:02:14.6126197Z ok 322 - lost commit acknowledgement requires read-only verification before any retry
integration (1)	Test applicable combined-tree invariants without publishing or live imports	2026-10-09T11:02:14.6126965Z   ---
integration (1)	Test applicable combined-tree invariants without publishing or live imports	2026-10-09T11:02:14.6127317Z   duration_ms: 1456.898006
integration (1)	Test applicable combined-tree invariants without publishing or live imports	2026-10-09T11:02:14.6127731Z   type: 'test'
integration (1)	Test applicable combined-tree invariants without publishing or live imports	2026-10-09T11:02:14.6128070Z   ...
integration (1)	Test applicable combined-tree invariants without publishing or live imports	2026-10-09T11:02:14.6128786Z # Subtest: raw row digests preserve original text and obey D1 binary key order
integration (1)	Test applicable combined-tree invariants without publishing or live imports	2026-10-09T11:02:14.6130117Z ok 323 - raw row digests preserve original text and obey D1 binary key order
integration (1)	Test applicable combined-tree invariants without publishing or live imports	2026-10-09T11:02:14.6130788Z   ---
integration (1)	Test applicable combined-tree invariants without publishing or live imports	2026-10-09T11:02:14.6131130Z   duration_ms: 0.73214
integration (1)	Test applicable combined-tree invariants without publishing or live imports	2026-10-09T11:02:14.6131523Z   type: 'test'
integration (1)	Test applicable combined-tree invariants without publishing or live imports	2026-10-09T11:02:14.6131863Z   ...
integration (1)	Test applicable combined-tree invariants without publishing or live imports	2026-10-09T11:02:14.6132873Z # Subtest: actual restricted LOGIN runs hosted imports, corrections, idempotent retries and selected-year readers
integration (1)	Test applicable combined-tree invariants without publishing or live imports	2026-10-09T11:02:14.6134499Z ok 324 - actual restricted LOGIN runs hosted imports, corrections, idempotent retries and selected-year readers
integration (1)	Test applicable combined-tree invariants without publishing or live imports	2026-10-09T11:02:14.6135708Z   ---
integration (1)	Test applicable combined-tree invariants without publishing or live imports	2026-10-09T11:02:14.6136064Z   duration_ms: 2449.221859
integration (1)	Test applicable combined-tree invariants without publishing or live imports	2026-10-09T11:02:14.6136408Z   type: 'test'
integration (1)	Test applicable combined-tree invariants without publishing or live imports	2026-10-09T11:02:14.6136608Z   ...
integration (1)	Test applicable combined-tree invariants without publishing or live imports	2026-10-09T11:02:14.6137201Z # Subtest: runtime role cannot mutate facts, suppress guards, restore revisions or escalate privileges
integration (1)	Test applicable combined-tree invariants without publishing or live imports	2026-10-09T11:02:14.6138064Z ok 325 - runtime role cannot mutate facts, suppress guards, restore revisions or escalate privileges
integration (1)	Test applicable combined-tree invariants without publishing or live imports	2026-10-09T11:02:14.6138680Z   ---
integration (1)	Test applicable combined-tree invariants without publishing or live imports	2026-10-09T11:02:14.6138883Z   duration_ms: 1516.097671
integration (1)	Test applicable combined-tree invariants without publishing or live imports	2026-10-09T11:02:14.6139116Z   type: 'test'
integration (1)	Test applicable combined-tree invariants without publishing or live imports	2026-10-09T11:02:14.6139323Z   ...
integration (1)	Test applicable combined-tree invariants without publishing or live imports	2026-10-09T11:02:14.6140343Z # Subtest: restricted publication updates only validated status and publication columns
integration (1)	Test applicable combined-tree invariants without publishing or live imports	2026-10-09T11:02:14.6141546Z ok 326 - restricted publication updates only validated status and publication columns
integration (1)	Test applicable combined-tree invariants without publishing or live imports	2026-10-09T11:02:14.6142494Z   ---
integration (1)	Test applicable combined-tree invariants without publishing or live imports	2026-10-09T11:02:14.6142828Z   duration_ms: 1505.567291
integration (1)	Test applicable combined-tree invariants without publishing or live imports	2026-10-09T11:02:14.6143213Z   type: 'test'
integration (1)	Test applicable combined-tree invariants without publishing or live imports	2026-10-09T11:02:14.6143530Z   ...
integration (1)	Test applicable combined-tree invariants without publishing or live imports	2026-10-09T11:02:14.6144498Z # Subtest: idempotent maintenance preserves existing password and explicit rotation safely changes it
integration (1)	Test applicable combined-tree invariants without publishing or live imports	2026-10-09T11:02:14.6145882Z ok 327 - idempotent maintenance preserves existing password and explicit rotation safely changes it
integration (1)	Test applicable combined-tree invariants without publishing or live imports	2026-10-09T11:02:14.6146673Z   ---
integration (1)	Test applicable combined-tree invariants without publishing or live imports	2026-10-09T11:02:14.6146875Z   duration_ms: 1598.054077
integration (1)	Test applicable combined-tree invariants without publishing or live imports	2026-10-09T11:02:14.6147105Z   type: 'test'
integration (1)	Test applicable combined-tree invariants without publishing or live imports	2026-10-09T11:02:14.6147295Z   ...
integration (1)	Test applicable combined-tree invariants without publishing or live imports	2026-10-09T11:02:14.6147843Z # Subtest: existing inherited, privileged, owning or broadly granted role is rejected without silent downgrade
integration (1)	Test applicable combined-tree invariants without publishing or live imports	2026-10-09T11:02:14.6148690Z ok 328 - existing inherited, privileged, owning or broadly granted role is rejected without silent downgrade
integration (1)	Test applicable combined-tree invariants without publishing or live imports	2026-10-09T11:02:14.6149177Z   ---
integration (1)	Test applicable combined-tree invariants without publishing or live imports	2026-10-09T11:02:14.6149654Z   duration_ms: 12469.55778
integration (1)	Test applicable combined-tree invariants without publishing or live imports	2026-10-09T11:02:14.6149918Z   type: 'test'
integration (1)	Test applicable combined-tree invariants without publishing or live imports	2026-10-09T11:02:14.6150110Z   ...
integration (1)	Test applicable combined-tree invariants without publishing or live imports	2026-10-09T11:02:14.6150948Z # Subtest: weak credentials and inherited PUBLIC schema CREATE prevent reopening without weakening PUBLIC permissions
integration (1)	Test applicable combined-tree invariants without publishing or live imports	2026-10-09T11:02:14.6152585Z ok 329 - weak credentials and inherited PUBLIC schema CREATE prevent reopening without weakening PUBLIC permissions
integration (1)	Test applicable combined-tree invariants without publishing or live imports	2026-10-09T11:02:14.6153305Z   ---
integration (1)	Test applicable combined-tree invariants without publishing or live imports	2026-10-09T11:02:14.6153635Z   duration_ms: 1361.35232
integration (1)	Test applicable combined-tree invariants without publishing or live imports	2026-10-09T11:02:14.6153872Z   type: 'test'
integration (1)	Test applicable combined-tree invariants without publishing or live imports	2026-10-09T11:02:14.6154065Z   ...
integration (1)	Test applicable combined-tree invariants without publishing or live imports	2026-10-09T11:02:14.6154604Z # Subtest: non-superuser schema owner retains only automatic ADMIN-without-INHERIT-or-SET role management
integration (1)	Test applicable combined-tree invariants without publishing or live imports	2026-10-09T11:02:14.6155444Z ok 330 - non-superuser schema owner retains only automatic ADMIN-without-INHERIT-or-SET role management
integration (1)	Test applicable combined-tree invariants without publishing or live imports	2026-10-09T11:02:14.6155921Z   ---
integration (1)	Test applicable combined-tree invariants without publishing or live imports	2026-10-09T11:02:14.6156114Z   duration_ms: 1628.806872
integration (1)	Test applicable combined-tree invariants without publishing or live imports	2026-10-09T11:02:14.6156344Z   type: 'test'
integration (1)	Test applicable combined-tree invariants without publishing or live imports	2026-10-09T11:02:14.6156539Z   ...
integration (1)	Test applicable combined-tree invariants without publishing or live imports	2026-10-09T11:02:14.6157033Z # Subtest: composed evidence keeps bulk transport, authenticates bytes and rechecks mutable authority
integration (1)	Test applicable combined-tree invariants without publishing or live imports	2026-10-09T11:02:14.6157804Z ok 331 - composed evidence keeps bulk transport, authenticates bytes and rechecks mutable authority
integration (1)	Test applicable combined-tree invariants without publishing or live imports	2026-10-09T11:02:14.6158254Z   ---
integration (1)	Test applicable combined-tree invariants without publishing or live imports	2026-10-09T11:02:14.6158449Z   duration_ms: 17.154045
integration (1)	Test applicable combined-tree invariants without publishing or live imports	2026-10-09T11:02:14.6158670Z   type: 'test'
integration (1)	Test applicable combined-tree invariants without publishing or live imports	2026-10-09T11:02:14.6158861Z   ...
integration (1)	Test applicable combined-tree invariants without publishing or live imports	2026-10-09T11:02:14.6159312Z # Subtest: real composed gates retain engineering focused selection without factual approval
integration (1)	Test applicable combined-tree invariants without publishing or live imports	2026-10-09T11:02:14.6160334Z ok 332 - real composed gates retain engineering focused selection without factual approval
integration (1)	Test applicable combined-tree invariants without publishing or live imports	2026-10-09T11:02:14.6160759Z   ---
integration (1)	Test applicable combined-tree invariants without publishing or live imports	2026-10-09T11:02:14.6160949Z   duration_ms: 5.646107
integration (1)	Test applicable combined-tree invariants without publishing or live imports	2026-10-09T11:02:14.6161169Z   type: 'test'
integration (1)	Test applicable combined-tree invariants without publishing or live imports	2026-10-09T11:02:14.6161358Z   ...
integration (1)	Test applicable combined-tree invariants without publishing or live imports	2026-10-09T11:02:14.6161796Z # Subtest: real composed gates retain geography focused selection without factual approval
integration (1)	Test applicable combined-tree invariants without publishing or live imports	2026-10-09T11:02:14.6162469Z ok 333 - real composed gates retain geography focused selection without factual approval
integration (1)	Test applicable combined-tree invariants without publishing or live imports	2026-10-09T11:02:14.6162882Z   ---
integration (1)	Test applicable combined-tree invariants without publishing or live imports	2026-10-09T11:02:14.6163065Z   duration_ms: 4.378615
integration (1)	Test applicable combined-tree invariants without publishing or live imports	2026-10-09T11:02:14.6163289Z   type: 'test'
integration (1)	Test applicable combined-tree invariants without publishing or live imports	2026-10-09T11:02:14.6163476Z   ...
integration (1)	Test applicable combined-tree invariants without publishing or live imports	2026-10-09T11:02:14.6163912Z # Subtest: real composed gates retain research focused selection without factual approval
integration (1)	Test applicable combined-tree invariants without publishing or live imports	2026-10-09T11:02:14.6164785Z ok 334 - real composed gates retain research focused selection without factual approval
integration (1)	Test applicable combined-tree invariants without publishing or live imports	2026-10-09T11:02:14.6165184Z   ---
integration (1)	Test applicable combined-tree invariants without publishing or live imports	2026-10-09T11:02:14.6165370Z   duration_ms: 4.195923
integration (1)	Test applicable combined-tree invariants without publishing or live imports	2026-10-09T11:02:14.6165584Z   type: 'test'
integration (1)	Test applicable combined-tree invariants without publishing or live imports	2026-10-09T11:02:14.6165767Z   ...
integration (1)	Test applicable combined-tree invariants without publishing or live imports	2026-10-09T11:02:14.6166131Z # Subtest: new required evidence cannot succeed using the legacy fixture
integration (1)	Test applicable combined-tree invariants without publishing or live imports	2026-10-09T11:02:14.6166661Z ok 335 - new required evidence cannot succeed using the legacy fixture
integration (1)	Test applicable combined-tree invariants without publishing or live imports	2026-10-09T11:02:14.6167007Z   ---
integration (1)	Test applicable combined-tree invariants without publishing or live imports	2026-10-09T11:02:14.6167189Z   duration_ms: 1.806752
integration (1)	Test applicable combined-tree invariants without publishing or live imports	2026-10-09T11:02:14.6167417Z   type: 'test'
integration (1)	Test applicable combined-tree invariants without publishing or live imports	2026-10-09T11:02:14.6167602Z   ...
integration (1)	Test applicable combined-tree invariants without publishing or live imports	2026-10-09T11:02:14.6168002Z # Subtest: code head change during byte/selection work prevents a coherent success
integration (1)	Test applicable combined-tree invariants without publishing or live imports	2026-10-09T11:02:14.6168754Z ok 336 - code head change during byte/selection work prevents a coherent success
integration (1)	Test applicable combined-tree invariants without publishing or live imports	2026-10-09T11:02:14.6169132Z   ---
integration (1)	Test applicable combined-tree invariants without publishing or live imports	2026-10-09T11:02:14.6169525Z   duration_ms: 3.421303
integration (1)	Test applicable combined-tree invariants without publishing or live imports	2026-10-09T11:02:14.6169796Z   type: 'test'
integration (1)	Test applicable combined-tree invariants without publishing or live imports	2026-10-09T11:02:14.6169981Z   ...
integration (1)	Test applicable combined-tree invariants without publishing or live imports	2026-10-09T11:02:14.6170379Z # Subtest: contract change during byte/selection work prevents a coherent success
integration (1)	Test applicable combined-tree invariants without publishing or live imports	2026-10-09T11:02:14.6170990Z ok 337 - contract change during byte/selection work prevents a coherent success
integration (1)	Test applicable combined-tree invariants without publishing or live imports	2026-10-09T11:02:14.6171369Z   ---
integration (1)	Test applicable combined-tree invariants without publishing or live imports	2026-10-09T11:02:14.6171557Z   duration_ms: 3.388582
integration (1)	Test applicable combined-tree invariants without publishing or live imports	2026-10-09T11:02:14.6171778Z   type: 'test'
integration (1)	Test applicable combined-tree invariants without publishing or live imports	2026-10-09T11:02:14.6171962Z   ...
integration (1)	Test applicable combined-tree invariants without publishing or live imports	2026-10-09T11:02:14.6172376Z # Subtest: disposition change during byte/selection work prevents a coherent success
integration (1)	Test applicable combined-tree invariants without publishing or live imports	2026-10-09T11:02:14.6173009Z ok 338 - disposition change during byte/selection work prevents a coherent success
integration (1)	Test applicable combined-tree invariants without publishing or live imports	2026-10-09T11:02:14.6173398Z   ---
integration (1)	Test applicable combined-tree invariants without publishing or live imports	2026-10-09T11:02:14.6173583Z   duration_ms: 3.571394
integration (1)	Test applicable combined-tree invariants without publishing or live imports	2026-10-09T11:02:14.6173803Z   type: 'test'
integration (1)	Test applicable combined-tree invariants without publishing or live imports	2026-10-09T11:02:14.6173987Z   ...
integration (1)	Test applicable combined-tree invariants without publishing or live imports	2026-10-09T11:02:14.6174391Z # Subtest: ownership change during byte/selection work prevents a coherent success
integration (1)	Test applicable combined-tree invariants without publishing or live imports	2026-10-09T11:02:14.6175000Z ok 339 - ownership change during byte/selection work prevents a coherent success
integration (1)	Test applicable combined-tree invariants without publishing or live imports	2026-10-09T11:02:14.6175384Z   ---
integration (1)	Test applicable combined-tree invariants without publishing or live imports	2026-10-09T11:02:14.6175573Z   duration_ms: 3.391538
integration (1)	Test applicable combined-tree invariants without publishing or live imports	2026-10-09T11:02:14.6175780Z   type: 'test'
integration (1)	Test applicable combined-tree invariants without publishing or live imports	2026-10-09T11:02:14.6175964Z   ...
integration (1)	Test applicable combined-tree invariants without publishing or live imports	2026-10-09T11:02:14.6176369Z # Subtest: ready label change during byte/selection work prevents a coherent success
integration (1)	Test applicable combined-tree invariants without publishing or live imports	2026-10-09T11:02:14.6176985Z ok 340 - ready label change during byte/selection work prevents a coherent success
integration (1)	Test applicable combined-tree invariants without publishing or live imports	2026-10-09T11:02:14.6177360Z   ---
integration (1)	Test applicable combined-tree invariants without publishing or live imports	2026-10-09T11:02:14.6177558Z   duration_ms: 3.39821
integration (1)	Test applicable combined-tree invariants without publishing or live imports	2026-10-09T11:02:14.6177768Z   type: 'test'
integration (1)	Test applicable combined-tree invariants without publishing or live imports	2026-10-09T11:02:14.6177951Z   ...
integration (1)	Test applicable combined-tree invariants without publishing or live imports	2026-10-09T11:02:14.6178365Z # Subtest: PR allowance change during byte/selection work prevents a coherent success
integration (1)	Test applicable combined-tree invariants without publishing or live imports	2026-10-09T11:02:14.6178996Z ok 341 - PR allowance change during byte/selection work prevents a coherent success
integration (1)	Test applicable combined-tree invariants without publishing or live imports	2026-10-09T11:02:14.6179606Z   ---
integration (1)	Test applicable combined-tree invariants without publishing or live imports	2026-10-09T11:02:14.6179803Z   duration_ms: 3.730812
integration (1)	Test applicable combined-tree invariants without publishing or live imports	2026-10-09T11:02:14.6180013Z   type: 'test'
integration (1)	Test applicable combined-tree invariants without publishing or live imports	2026-10-09T11:02:14.6180195Z   ...
integration (1)	Test applicable combined-tree invariants without publishing or live imports	2026-10-09T11:02:14.6180600Z # Subtest: ordinary progress and same-holder renewal do not invalidate disposition
integration (1)	Test applicable combined-tree invariants without publishing or live imports	2026-10-09T11:02:14.6181225Z ok 342 - ordinary progress and same-holder renewal do not invalidate disposition
integration (1)	Test applicable combined-tree invariants without publishing or live imports	2026-10-09T11:02:14.6181886Z   ---
integration (1)	Test applicable combined-tree invariants without publishing or live imports	2026-10-09T11:02:14.6182214Z   duration_ms: 3.22694
integration (1)	Test applicable combined-tree invariants without publishing or live imports	2026-10-09T11:02:14.6182580Z   type: 'test'
integration (1)	Test applicable combined-tree invariants without publishing or live imports	2026-10-09T11:02:14.6182896Z   ...
integration (1)	Test applicable combined-tree invariants without publishing or live imports	2026-10-09T11:02:14.6183758Z # Subtest: authenticated conditional reads reduce paid repeats while changed authority is still read
integration (1)	Test applicable combined-tree invariants without publishing or live imports	2026-10-09T11:02:14.6185105Z ok 343 - authenticated conditional reads reduce paid repeats while changed authority is still read
integration (1)	Test applicable combined-tree invariants without publishing or live imports	2026-10-09T11:02:14.6185880Z   ---
integration (1)	Test applicable combined-tree invariants without publishing or live imports	2026-10-09T11:02:14.6186202Z   duration_ms: 32.139121
integration (1)	Test applicable combined-tree invariants without publishing or live imports	2026-10-09T11:02:14.6186569Z   type: 'test'
integration (1)	Test applicable combined-tree invariants without publishing or live imports	2026-10-09T11:02:14.6186882Z   ...
integration (1)	Test applicable combined-tree invariants without publishing or live imports	2026-10-09T11:02:14.6187575Z # Subtest: a failed real gate closes transport and cannot publish profile outputs
integration (1)	Test applicable combined-tree invariants without publishing or live imports	2026-10-09T11:02:14.6188609Z ok 344 - a failed real gate closes transport and cannot publish profile outputs
integration (1)	Test applicable combined-tree invariants without publishing or live imports	2026-10-09T11:02:14.6189235Z   ---
integration (1)	Test applicable combined-tree invariants without publishing or live imports	2026-10-09T11:02:14.6189969Z   duration_ms: 1.67748
integration (1)	Test applicable combined-tree invariants without publishing or live imports	2026-10-09T11:02:14.6190330Z   type: 'test'
integration (1)	Test applicable combined-tree invariants without publishing or live imports	2026-10-09T11:02:14.6190632Z   ...
integration (1)	Test applicable combined-tree invariants without publishing or live imports	2026-10-09T11:02:14.6191096Z # Subtest: incomplete and duplicate changed-file inventories cannot produce focused success
integration (1)	Test applicable combined-tree invariants without publishing or live imports	2026-10-09T11:02:14.6192173Z ok 345 - incomplete and duplicate changed-file inventories cannot produce focused success
integration (1)	Test applicable combined-tree invariants without publishing or live imports	2026-10-09T11:02:14.6192908Z   ---
integration (1)	Test applicable combined-tree invariants without publishing or live imports	2026-10-09T11:02:14.6193241Z   duration_ms: 3.931809
integration (1)	Test applicable combined-tree invariants without publishing or live imports	2026-10-09T11:02:14.6193610Z   type: 'test'
integration (1)	Test applicable combined-tree invariants without publishing or live imports	2026-10-09T11:02:14.6193917Z   ...
integration (1)	Test applicable combined-tree invariants without publishing or live imports	2026-10-09T11:02:14.6194616Z # Subtest: unavailable package definition retains conservative full verification
integration (1)	Test applicable combined-tree invariants without publishing or live imports	2026-10-09T11:02:14.6195679Z ok 346 - unavailable package definition retains conservative full verification
integration (1)	Test applicable combined-tree invariants without publishing or live imports	2026-10-09T11:02:14.6196560Z   ---
integration (1)	Test applicable combined-tree invariants without publishing or live imports	2026-10-09T11:02:14.6196871Z   duration_ms: 2.077168
integration (1)	Test applicable combined-tree invariants without publishing or live imports	2026-10-09T11:02:14.6197233Z   type: 'test'
integration (1)	Test applicable combined-tree invariants without publishing or live imports	2026-10-09T11:02:14.6197542Z   ...
integration (1)	Test applicable combined-tree invariants without publishing or live imports	2026-10-09T11:02:14.6198311Z # Subtest: a changed disposition is fetched through the real conditional client and rejected
integration (1)	Test applicable combined-tree invariants without publishing or live imports	2026-10-09T11:02:14.6199697Z ok 347 - a changed disposition is fetched through the real conditional client and rejected
integration (1)	Test applicable combined-tree invariants without publishing or live imports	2026-10-09T11:02:14.6200435Z   ---
integration (1)	Test applicable combined-tree invariants without publishing or live imports	2026-10-09T11:02:14.6200751Z   duration_ms: 5.839569
integration (1)	Test applicable combined-tree invariants without publishing or live imports	2026-10-09T11:02:14.6201106Z   type: 'test'
integration (1)	Test applicable combined-tree invariants without publishing or live imports	2026-10-09T11:02:14.6201415Z   ...
integration (1)	Test applicable combined-tree invariants without publishing or live imports	2026-10-09T11:02:14.6202156Z # Subtest: hosted gate timing charges actual setup and retains runner finalization margin
integration (1)	Test applicable combined-tree invariants without publishing or live imports	2026-10-09T11:02:14.6203102Z ok 348 - hosted gate timing charges actual setup and retains runner finalization margin
integration (1)	Test applicable combined-tree invariants without publishing or live imports	2026-10-09T11:02:14.6203629Z   ---
integration (1)	Test applicable combined-tree invariants without publishing or live imports	2026-10-09T11:02:14.6203965Z   duration_ms: 4.795845
integration (1)	Test applicable combined-tree invariants without publishing or live imports	2026-10-09T11:02:14.6204367Z   type: 'test'
integration (1)	Test applicable combined-tree invariants without publishing or live imports	2026-10-09T11:02:14.6204690Z   ...
integration (1)	Test applicable combined-tree invariants without publishing or live imports	2026-10-09T11:02:14.6205307Z # Subtest: exhausted actual job refuses before Git transport or PR work
integration (1)	Test applicable combined-tree invariants without publishing or live imports	2026-10-09T11:02:14.6206241Z ok 349 - exhausted actual job refuses before Git transport or PR work
integration (1)	Test applicable combined-tree invariants without publishing or live imports	2026-10-09T11:02:14.6206852Z   ---
integration (1)	Test applicable combined-tree invariants without publishing or live imports	2026-10-09T11:02:14.6207162Z   duration_ms: 1.336562
integration (1)	Test applicable combined-tree invariants without publishing or live imports	2026-10-09T11:02:14.6207525Z   type: 'test'
integration (1)	Test applicable combined-tree invariants without publishing or live imports	2026-10-09T11:02:14.6207833Z   ...
integration (1)	Test applicable combined-tree invariants without publishing or live imports	2026-10-09T11:02:14.6208561Z # Subtest: deadline refuses changed immutable workflow before expensive or mutable work
integration (1)	Test applicable combined-tree invariants without publishing or live imports	2026-10-09T11:02:14.6209883Z ok 350 - deadline refuses changed immutable workflow before expensive or mutable work
integration (1)	Test applicable combined-tree invariants without publishing or live imports	2026-10-09T11:02:14.6210602Z   ---
integration (1)	Test applicable combined-tree invariants without publishing or live imports	2026-10-09T11:02:14.6210921Z   duration_ms: 1.158197
integration (1)	Test applicable combined-tree invariants without publishing or live imports	2026-10-09T11:02:14.6211279Z   type: 'test'
integration (1)	Test applicable combined-tree invariants without publishing or live imports	2026-10-09T11:02:14.6211589Z   ...
integration (1)	Test applicable combined-tree invariants without publishing or live imports	2026-10-09T11:02:14.6212296Z # Subtest: deadline refuses missing literal budget before expensive or mutable work
integration (1)	Test applicable combined-tree invariants without publishing or live imports	2026-10-09T11:02:14.6213370Z ok 351 - deadline refuses missing literal budget before expensive or mutable work
integration (1)	Test applicable combined-tree invariants without publishing or live imports	2026-10-09T11:02:14.6214027Z   ---
integration (1)	Test applicable combined-tree invariants without publishing or live imports	2026-10-09T11:02:14.6214335Z   duration_ms: 1.104307
integration (1)	Test applicable combined-tree invariants without publishing or live imports	2026-10-09T11:02:14.6214695Z   type: 'test'
integration (1)	Test applicable combined-tree invariants without publishing or live imports	2026-10-09T11:02:14.6215009Z   ...
integration (1)	Test applicable combined-tree invariants without publishing or live imports	2026-10-09T11:02:14.6215474Z # Subtest: deadline refuses incomplete current job inventory before expensive or mutable work
integration (1)	Test applicable combined-tree invariants without publishing or live imports	2026-10-09T11:02:14.6216563Z ok 352 - deadline refuses incomplete current job inventory before expensive or mutable work
integration (1)	Test applicable combined-tree invariants without publishing or live imports	2026-10-09T11:02:14.6217325Z   ---
integration (1)	Test applicable combined-tree invariants without publishing or live imports	2026-10-09T11:02:14.6217638Z   duration_ms: 2.074302
integration (1)	Test applicable combined-tree invariants without publishing or live imports	2026-10-09T11:02:14.6217994Z   type: 'test'
integration (1)	Test applicable combined-tree invariants without publishing or live imports	2026-10-09T11:02:14.6218301Z   ...
integration (1)	Test applicable combined-tree invariants without publishing or live imports	2026-10-09T11:02:14.6218816Z # Subtest: deadline refuses wrong run attempt before expensive or mutable work
integration (1)	Test applicable combined-tree invariants without publishing or live imports	2026-10-09T11:02:14.6219716Z ok 353 - deadline refuses wrong run attempt before expensive or mutable work
integration (1)	Test applicable combined-tree invariants without publishing or live imports	2026-10-09T11:02:14.6220121Z   ---
integration (1)	Test applicable combined-tree invariants without publishing or live imports	2026-10-09T11:02:14.6220305Z   duration_ms: 2.217992
integration (1)	Test applicable combined-tree invariants without publishing or live imports	2026-10-09T11:02:14.6220514Z   type: 'test'
integration (1)	Test applicable combined-tree invariants without publishing or live imports	2026-10-09T11:02:14.6220696Z   ...
integration (1)	Test applicable combined-tree invariants without publishing or live imports	2026-10-09T11:02:14.6221076Z # Subtest: deadline refuses ambiguous phase before expensive or mutable work
integration (1)	Test applicable combined-tree invariants without publishing or live imports	2026-10-09T11:02:14.6221652Z ok 354 - deadline refuses ambiguous phase before expensive or mutable work
integration (1)	Test applicable combined-tree invariants without publishing or live imports	2026-10-09T11:02:14.6222022Z   ---
integration (1)	Test applicable combined-tree invariants without publishing or live imports	2026-10-09T11:02:14.6222205Z   duration_ms: 1.189436
integration (1)	Test applicable combined-tree invariants without publishing or live imports	2026-10-09T11:02:14.6222413Z   type: 'test'
integration (1)	Test applicable combined-tree invariants without publishing or live imports	2026-10-09T11:02:14.6222598Z   ...
integration (1)	Test applicable combined-tree invariants without publishing or live imports	2026-10-09T11:02:14.6223015Z # Subtest: metadata-only engineering selection does not allocate evidence transport
integration (1)	Test applicable combined-tree invariants without publishing or live imports	2026-10-09T11:02:14.6223836Z ok 355 - metadata-only engineering selection does not allocate evidence transport
integration (1)	Test applicable combined-tree invariants without publishing or live imports	2026-10-09T11:02:14.6224221Z   ---
integration (1)	Test applicable combined-tree invariants without publishing or live imports	2026-10-09T11:02:14.6224402Z   duration_ms: 4.363466
integration (1)	Test applicable combined-tree invariants without publishing or live imports	2026-10-09T11:02:14.6224608Z   type: 'test'
integration (1)	Test applicable combined-tree invariants without publishing or live imports	2026-10-09T11:02:14.6224790Z   ...
integration (1)	Test applicable combined-tree invariants without publishing or live imports	2026-10-09T11:02:14.6225191Z # Subtest: metadata-only geography selection does not allocate evidence transport
integration (1)	Test applicable combined-tree invariants without publishing or live imports	2026-10-09T11:02:14.6225798Z ok 356 - metadata-only geography selection does not allocate evidence transport
integration (1)	Test applicable combined-tree invariants without publishing or live imports	2026-10-09T11:02:14.6226177Z   ---
integration (1)	Test applicable combined-tree invariants without publishing or live imports	2026-10-09T11:02:14.6226360Z   duration_ms: 2.06202
integration (1)	Test applicable combined-tree invariants without publishing or live imports	2026-10-09T11:02:14.6226571Z   type: 'test'
integration (1)	Test applicable combined-tree invariants without publishing or live imports	2026-10-09T11:02:14.6226754Z   ...
integration (1)	Test applicable combined-tree invariants without publishing or live imports	2026-10-09T11:02:14.6227272Z # Subtest: metadata-only research selection does not allocate evidence transport
integration (1)	Test applicable combined-tree invariants without publishing or live imports	2026-10-09T11:02:14.6227874Z ok 357 - metadata-only research selection does not allocate evidence transport
integration (1)	Test applicable combined-tree invariants without publishing or live imports	2026-10-09T11:02:14.6228247Z   ---
integration (1)	Test applicable combined-tree invariants without publishing or live imports	2026-10-09T11:02:14.6228435Z   duration_ms: 1.870251
integration (1)	Test applicable combined-tree invariants without publishing or live imports	2026-10-09T11:02:14.6228645Z   type: 'test'
integration (1)	Test applicable combined-tree invariants without publishing or live imports	2026-10-09T11:02:14.6228826Z   ...
integration (1)	Test applicable combined-tree invariants without publishing or live imports	2026-10-09T11:02:14.6229268Z # Subtest: independent evidence phase verifies bytes without selecting or waiting for tests
integration (1)	Test applicable combined-tree invariants without publishing or live imports	2026-10-09T11:02:14.6230110Z ok 358 - independent evidence phase verifies bytes without selecting or waiting for tests
integration (1)	Test applicable combined-tree invariants without publishing or live imports	2026-10-09T11:02:14.6230641Z   ---
integration (1)	Test applicable combined-tree invariants without publishing or live imports	2026-10-09T11:02:14.6230969Z   duration_ms: 1.11185
integration (1)	Test applicable combined-tree invariants without publishing or live imports	2026-10-09T11:02:14.6231258Z   type: 'test'
integration (1)	Test applicable combined-tree invariants without publishing or live imports	2026-10-09T11:02:14.6231443Z   ...
integration (1)	Test applicable combined-tree invariants without publishing or live imports	2026-10-09T11:02:14.6231863Z # Subtest: independent evidence rejects unmet required evidence and changed ownership
integration (1)	Test applicable combined-tree invariants without publishing or live imports	2026-10-09T11:02:14.6232569Z ok 359 - independent evidence rejects unmet required evidence and changed ownership
integration (1)	Test applicable combined-tree invariants without publishing or live imports	2026-10-09T11:02:14.6232963Z   ---
integration (1)	Test applicable combined-tree invariants without publishing or live imports	2026-10-09T11:02:14.6233164Z   duration_ms: 2.326905
integration (1)	Test applicable combined-tree invariants without publishing or live imports	2026-10-09T11:02:14.6233373Z   type: 'test'
integration (1)	Test applicable combined-tree invariants without publishing or live imports	2026-10-09T11:02:14.6233554Z   ...
integration (1)	Test applicable combined-tree invariants without publishing or live imports	2026-10-09T11:02:14.6234141Z # Subtest: workflow starts real evidence independently, preserves test parallelism and separates edited-event cancellation
integration (1)	Test applicable combined-tree invariants without publishing or live imports	2026-10-09T11:02:14.6235085Z ok 360 - workflow starts real evidence independently, preserves test parallelism and separates edited-event cancellation
integration (1)	Test applicable combined-tree invariants without publishing or live imports	2026-10-09T11:02:14.6235610Z   ---
integration (1)	Test applicable combined-tree invariants without publishing or live imports	2026-10-09T11:02:14.6235796Z   duration_ms: 0.426719
integration (1)	Test applicable combined-tree invariants without publishing or live imports	2026-10-09T11:02:14.6236003Z   type: 'test'
integration (1)	Test applicable combined-tree invariants without publishing or live imports	2026-10-09T11:02:14.6236187Z   ...
integration (1)	Test applicable combined-tree invariants without publishing or live imports	2026-10-09T11:02:14.6236576Z # Subtest: parallel evidence phase binds its own actual job start and deadline
integration (1)	Test applicable combined-tree invariants without publishing or live imports	2026-10-09T11:02:14.6237167Z ok 361 - parallel evidence phase binds its own actual job start and deadline
integration (1)	Test applicable combined-tree invariants without publishing or live imports	2026-10-09T11:02:14.6237531Z   ---
integration (1)	Test applicable combined-tree invariants without publishing or live imports	2026-10-09T11:02:14.6237718Z   duration_ms: 1.354816
integration (1)	Test applicable combined-tree invariants without publishing or live imports	2026-10-09T11:02:14.6237926Z   type: 'test'
integration (1)	Test applicable combined-tree invariants without publishing or live imports	2026-10-09T11:02:14.6238106Z   ...
integration (1)	Test applicable combined-tree invariants without publishing or live imports	2026-10-09T11:02:14.6238537Z # Subtest: real split gates reduce paid metadata repeats against independent old readers
integration (1)	Test applicable combined-tree invariants without publishing or live imports	2026-10-09T11:02:14.6239186Z ok 362 - real split gates reduce paid metadata repeats against independent old readers
integration (1)	Test applicable combined-tree invariants without publishing or live imports	2026-10-09T11:02:14.6239887Z   ---
integration (1)	Test applicable combined-tree invariants without publishing or live imports	2026-10-09T11:02:14.6240086Z   duration_ms: 9.384934
integration (1)	Test applicable combined-tree invariants without publishing or live imports	2026-10-09T11:02:14.6240296Z   type: 'test'
integration (1)	Test applicable combined-tree invariants without publishing or live imports	2026-10-09T11:02:14.6240477Z   ...
integration (1)	Test applicable combined-tree invariants without publishing or live imports	2026-10-09T11:02:14.6241027Z # {"fixture_only":true,"old":{"attempts":15,"paid":14,"revalidated":1},"split":{"attempts":19,"paid":11,"revalidated":8}}
integration (1)	Test applicable combined-tree invariants without publishing or live imports	2026-10-09T11:02:14.6241782Z # Subtest: metadata-only draft readiness preserves code work and cannot replace its tests
integration (1)	Test applicable combined-tree invariants without publishing or live imports	2026-10-09T11:02:14.6242453Z ok 363 - metadata-only draft readiness preserves code work and cannot replace its tests
integration (1)	Test applicable combined-tree invariants without publishing or live imports	2026-10-09T11:02:14.6242863Z   ---
integration (1)	Test applicable combined-tree invariants without publishing or live imports	2026-10-09T11:02:14.6243048Z   duration_ms: 0.846605
integration (1)	Test applicable combined-tree invariants without publishing or live imports	2026-10-09T11:02:14.6243258Z   type: 'test'
integration (1)	Test applicable combined-tree invariants without publishing or live imports	2026-10-09T11:02:14.6243450Z   ...
integration (1)	Test applicable combined-tree invariants without publishing or live imports	2026-10-09T11:02:14.6243910Z # Subtest: actual Cloudflare primary/provider/package delivery without Site identity
integration (1)	Test applicable combined-tree invariants without publishing or live imports	2026-10-09T11:02:14.6244549Z ok 364 - actual Cloudflare primary/provider/package delivery without Site identity
integration (1)	Test applicable combined-tree invariants without publishing or live imports	2026-10-09T11:02:14.6244940Z   ---
integration (1)	Test applicable combined-tree invariants without publishing or live imports	2026-10-09T11:02:14.6245124Z   duration_ms: 3.318111
integration (1)	Test applicable combined-tree invariants without publishing or live imports	2026-10-09T11:02:14.6245339Z   type: 'test'
integration (1)	Test applicable combined-tree invariants without publishing or live imports	2026-10-09T11:02:14.6245760Z   ...
integration (1)	Test applicable combined-tree invariants without publishing or live imports	2026-10-09T11:02:14.6245990Z # Subtest: rejects invented mirror
integration (1)	Test applicable combined-tree invariants without publishing or live imports	2026-10-09T11:02:14.6246292Z ok 365 - rejects invented mirror
integration (1)	Test applicable combined-tree invariants without publishing or live imports	2026-10-09T11:02:14.6246530Z   ---
integration (1)	Test applicable combined-tree invariants without publishing or live imports	2026-10-09T11:02:14.6246710Z   duration_ms: 0.745605
integration (1)	Test applicable combined-tree invariants without publishing or live imports	2026-10-09T11:02:14.6246917Z   type: 'test'
integration (1)	Test applicable combined-tree invariants without publishing or live imports	2026-10-09T11:02:14.6247104Z   ...
integration (1)	Test applicable combined-tree invariants without publishing or live imports	2026-10-09T11:02:14.6247328Z # Subtest: rejects invented Site
integration (1)	Test applicable combined-tree invariants without publishing or live imports	2026-10-09T11:02:14.6247653Z ok 366 - rejects invented Site
integration (1)	Test applicable combined-tree invariants without publishing or live imports	2026-10-09T11:02:14.6247910Z   ---
integration (1)	Test applicable combined-tree invariants without publishing or live imports	2026-10-09T11:02:14.6248108Z   duration_ms: 0.490458
integration (1)	Test applicable combined-tree invariants without publishing or live imports	2026-10-09T11:02:14.6248315Z   type: 'test'
integration (1)	Test applicable combined-tree invariants without publishing or live imports	2026-10-09T11:02:14.6248530Z   ...
integration (1)	Test applicable combined-tree invariants without publishing or live imports	2026-10-09T11:02:14.6248785Z # Subtest: rejects wrong provider deployment
integration (1)	Test applicable combined-tree invariants without publishing or live imports	2026-10-09T11:02:14.6249138Z ok 367 - rejects wrong provider deployment
integration (1)	Test applicable combined-tree invariants without publishing or live imports	2026-10-09T11:02:14.6250038Z   ---
integration (1)	Test applicable combined-tree invariants without publishing or live imports	2026-10-09T11:02:14.6250254Z   duration_ms: 0.428732
integration (1)	Test applicable combined-tree invariants without publishing or live imports	2026-10-09T11:02:14.6250490Z   type: 'test'
integration (1)	Test applicable combined-tree invariants without publishing or live imports	2026-10-09T11:02:14.6250680Z   ...
integration (1)	Test applicable combined-tree invariants without publishing or live imports	2026-10-09T11:02:14.6250966Z # Subtest: rejects wrong registry identity
integration (1)	Test applicable combined-tree invariants without publishing or live imports	2026-10-09T11:02:14.6251327Z ok 368 - rejects wrong registry identity
integration (1)	Test applicable combined-tree invariants without publishing or live imports	2026-10-09T11:02:14.6251606Z   ---
integration (1)	Test applicable combined-tree invariants without publishing or live imports	2026-10-09T11:02:14.6251807Z   duration_ms: 0.578373
integration (1)	Test applicable combined-tree invariants without publishing or live imports	2026-10-09T11:02:14.6252015Z   type: 'test'
integration (1)	Test applicable combined-tree invariants without publishing or live imports	2026-10-09T11:02:14.6252218Z   ...
integration (1)	Test applicable combined-tree invariants without publishing or live imports	2026-10-09T11:02:14.6252505Z # Subtest: rejects mismatched runtime package
integration (1)	Test applicable combined-tree invariants without publishing or live imports	2026-10-09T11:02:14.6252914Z ok 369 - rejects mismatched runtime package
integration (1)	Test applicable combined-tree invariants without publishing or live imports	2026-10-09T11:02:14.6253209Z   ---
integration (1)	Test applicable combined-tree invariants without publishing or live imports	2026-10-09T11:02:14.6253417Z   duration_ms: 0.405719
integration (1)	Test applicable combined-tree invariants without publishing or live imports	2026-10-09T11:02:14.6253652Z   type: 'test'
integration (1)	Test applicable combined-tree invariants without publishing or live imports	2026-10-09T11:02:14.6253855Z   ...
integration (1)	Test applicable combined-tree invariants without publishing or live imports	2026-10-09T11:02:14.6254095Z # Subtest: rejects missing lookup
integration (1)	Test applicable combined-tree invariants without publishing or live imports	2026-10-09T11:02:14.6254416Z ok 370 - rejects missing lookup
integration (1)	Test applicable combined-tree invariants without publishing or live imports	2026-10-09T11:02:14.6254672Z   ---
integration (1)	Test applicable combined-tree invariants without publishing or live imports	2026-10-09T11:02:14.6254879Z   duration_ms: 0.524502
integration (1)	Test applicable combined-tree invariants without publishing or live imports	2026-10-09T11:02:14.6255089Z   type: 'test'
integration (1)	Test applicable combined-tree invariants without publishing or live imports	2026-10-09T11:02:14.6255301Z   ...
integration (1)	Test applicable combined-tree invariants without publishing or live imports	2026-10-09T11:02:14.6255556Z # Subtest: rejects missing catalog
integration (1)	Test applicable combined-tree invariants without publishing or live imports	2026-10-09T11:02:14.6255878Z ok 371 - rejects missing catalog
integration (1)	Test applicable combined-tree invariants without publishing or live imports	2026-10-09T11:02:14.6256133Z   ---
integration (1)	Test applicable combined-tree invariants without publishing or live imports	2026-10-09T11:02:14.6256333Z   duration_ms: 0.484878
integration (1)	Test applicable combined-tree invariants without publishing or live imports	2026-10-09T11:02:14.6256550Z   type: 'test'
integration (1)	Test applicable combined-tree invariants without publishing or live imports	2026-10-09T11:02:14.6256754Z   ...
integration (1)	Test applicable combined-tree invariants without publishing or live imports	2026-10-09T11:02:14.6257004Z # Subtest: rejects duplicate issue
integration (1)	Test applicable combined-tree invariants without publishing or live imports	2026-10-09T11:02:14.6257325Z ok 372 - rejects duplicate issue
integration (1)	Test applicable combined-tree invariants without publishing or live imports	2026-10-09T11:02:14.6257575Z   ---
integration (1)	Test applicable combined-tree invariants without publishing or live imports	2026-10-09T11:02:14.6257763Z   duration_ms: 0.462946
integration (1)	Test applicable combined-tree invariants without publishing or live imports	2026-10-09T11:02:14.6257993Z   type: 'test'
integration (1)	Test applicable combined-tree invariants without publishing or live imports	2026-10-09T11:02:14.6258194Z   ...
integration (1)	Test applicable combined-tree invariants without publishing or live imports	2026-10-09T11:02:14.6258430Z # Subtest: rejects missing issue
integration (1)	Test applicable combined-tree invariants without publishing or live imports	2026-10-09T11:02:14.6258740Z ok 373 - rejects missing issue
integration (1)	Test applicable combined-tree invariants without publishing or live imports	2026-10-09T11:02:14.6258990Z   ---
integration (1)	Test applicable combined-tree invariants without publishing or live imports	2026-10-09T11:02:14.6259192Z   duration_ms: 3.633951
integration (1)	Test applicable combined-tree invariants without publishing or live imports	2026-10-09T11:02:14.6259559Z   type: 'test'
integration (1)	Test applicable combined-tree invariants without publishing or live imports	2026-10-09T11:02:14.6259771Z   ...
integration (1)	Test applicable combined-tree invariants without publishing or live imports	2026-10-09T11:02:14.6260049Z # Subtest: rejects incoherent singular issue
integration (1)	Test applicable combined-tree invariants without publishing or live imports	2026-10-09T11:02:14.6260431Z ok 374 - rejects incoherent singular issue
integration (1)	Test applicable combined-tree invariants without publishing or live imports	2026-10-09T11:02:14.6260718Z   ---
integration (1)	Test applicable combined-tree invariants without publishing or live imports	2026-10-09T11:02:14.6260910Z   duration_ms: 0.402153
integration (1)	Test applicable combined-tree invariants without publishing or live imports	2026-10-09T11:02:14.6261146Z   type: 'test'
integration (1)	Test applicable combined-tree invariants without publishing or live imports	2026-10-09T11:02:14.6261352Z   ...
integration (1)	Test applicable combined-tree invariants without publishing or live imports	2026-10-09T11:02:14.6261606Z # Subtest: rejects wrong protocol
integration (1)	Test applicable combined-tree invariants without publishing or live imports	2026-10-09T11:02:14.6261936Z ok 375 - rejects wrong protocol
integration (1)	Test applicable combined-tree invariants without publishing or live imports	2026-10-09T11:02:14.6262193Z   ---
integration (1)	Test applicable combined-tree invariants without publishing or live imports	2026-10-09T11:02:14.6262379Z   duration_ms: 0.323034
integration (1)	Test applicable combined-tree invariants without publishing or live imports	2026-10-09T11:02:14.6262611Z   type: 'test'
integration (1)	Test applicable combined-tree invariants without publishing or live imports	2026-10-09T11:02:14.6262817Z   ...
integration (1)	Test applicable combined-tree invariants without publishing or live imports	2026-10-09T11:02:14.6263078Z # Subtest: rejects unbounded operation
integration (1)	Test applicable combined-tree invariants without publishing or live imports	2026-10-09T11:02:14.6263417Z ok 376 - rejects unbounded operation
integration (1)	Test applicable combined-tree invariants without publishing or live imports	2026-10-09T11:02:14.6263689Z   ---
integration (1)	Test applicable combined-tree invariants without publishing or live imports	2026-10-09T11:02:14.6263875Z   duration_ms: 0.216916
integration (1)	Test applicable combined-tree invariants without publishing or live imports	2026-10-09T11:02:14.6264102Z   type: 'test'
integration (1)	Test applicable combined-tree invariants without publishing or live imports	2026-10-09T11:02:14.6264303Z   ...
integration (1)	Test applicable combined-tree invariants without publishing or live imports	2026-10-09T11:02:14.6264535Z # Subtest: rejects missing rollback
integration (1)	Test applicable combined-tree invariants without publishing or live imports	2026-10-09T11:02:14.6264878Z ok 377 - rejects missing rollback
integration (1)	Test applicable combined-tree invariants without publishing or live imports	2026-10-09T11:02:14.6265141Z   ---
integration (1)	Test applicable combined-tree invariants without publishing or live imports	2026-10-09T11:02:14.6265344Z   duration_ms: 0.216114
integration (1)	Test applicable combined-tree invariants without publishing or live imports	2026-10-09T11:02:14.6265587Z   type: 'test'
integration (1)	Test applicable combined-tree invariants without publishing or live imports	2026-10-09T11:02:14.6265795Z   ...
integration (1)	Test applicable combined-tree invariants without publishing or live imports	2026-10-09T11:02:14.6266052Z # Subtest: rejects unreviewed runtime
integration (1)	Test applicable combined-tree invariants without publishing or live imports	2026-10-09T11:02:14.6266366Z ok 378 - rejects unreviewed runtime
integration (1)	Test applicable combined-tree invariants without publishing or live imports	2026-10-09T11:02:14.6266628Z   ---
integration (1)	Test applicable combined-tree invariants without publishing or live imports	2026-10-09T11:02:14.6267004Z   duration_ms: 0.885076
integration (1)	Test applicable combined-tree invariants without publishing or live imports	2026-10-09T11:02:14.6267215Z   type: 'test'
integration (1)	Test applicable combined-tree invariants without publishing or live imports	2026-10-09T11:02:14.6267402Z   ...
integration (1)	Test applicable combined-tree invariants without publishing or live imports	2026-10-09T11:02:14.6267669Z # Subtest: rejects anonymous result author
integration (1)	Test applicable combined-tree invariants without publishing or live imports	2026-10-09T11:02:14.6268023Z ok 379 - rejects anonymous result author
integration (1)	Test applicable combined-tree invariants without publishing or live imports	2026-10-09T11:02:14.6268438Z   ---
integration (1)	Test applicable combined-tree invariants without publishing or live imports	2026-10-09T11:02:14.6268764Z   duration_ms: 0.265987
integration (1)	Test applicable combined-tree invariants without publishing or live imports	2026-10-09T11:02:14.6269121Z   type: 'test'
integration (1)	Test applicable combined-tree invariants without publishing or live imports	2026-10-09T11:02:14.6269664Z   ...
integration (1)	Test applicable combined-tree invariants without publishing or live imports	2026-10-09T11:02:14.6270102Z # Subtest: rejects unconfirmed cleanup
integration (1)	Test applicable combined-tree invariants without publishing or live imports	2026-10-09T11:02:14.6270576Z ok 380 - rejects unconfirmed cleanup
integration (1)	Test applicable combined-tree invariants without publishing or live imports	2026-10-09T11:02:14.6270962Z   ---
integration (1)	Test applicable combined-tree invariants without publishing or live imports	2026-10-09T11:02:14.6271362Z   duration_ms: 0.351718
integration (1)	Test applicable combined-tree invariants without publishing or live imports	2026-10-09T11:02:14.6271845Z   type: 'test'
integration (1)	Test applicable combined-tree invariants without publishing or live imports	2026-10-09T11:02:14.6286176Z   ...
integration (1)	Test applicable combined-tree invariants without publishing or live imports	2026-10-09T11:02:14.6286645Z # Subtest: rejects missing acceptance row
integration (1)	Test applicable combined-tree invariants without publishing or live imports	2026-10-09T11:02:14.6287444Z ok 381 - rejects missing acceptance row
integration (1)	Test applicable combined-tree invariants without publishing or live imports	2026-10-09T11:02:14.6287876Z   ---
integration (1)	Test applicable combined-tree invariants without publishing or live imports	2026-10-09T11:02:14.6288197Z   duration_ms: 0.290864
integration (1)	Test applicable combined-tree invariants without publishing or live imports	2026-10-09T11:02:14.6288559Z   type: 'test'
integration (1)	Test applicable combined-tree invariants without publishing or live imports	2026-10-09T11:02:14.6288865Z   ...
integration (1)	Test applicable combined-tree invariants without publishing or live imports	2026-10-09T11:02:14.6289250Z # Subtest: rejects writes enabled
integration (1)	Test applicable combined-tree invariants without publishing or live imports	2026-10-09T11:02:14.6289977Z ok 382 - rejects writes enabled
integration (1)	Test applicable combined-tree invariants without publishing or live imports	2026-10-09T11:02:14.6290352Z   ---
integration (1)	Test applicable combined-tree invariants without publishing or live imports	2026-10-09T11:02:14.6290653Z   duration_ms: 0.25117
integration (1)	Test applicable combined-tree invariants without publishing or live imports	2026-10-09T11:02:14.6291012Z   type: 'test'
integration (1)	Test applicable combined-tree invariants without publishing or live imports	2026-10-09T11:02:14.6291319Z   ...
integration (1)	Test applicable combined-tree invariants without publishing or live imports	2026-10-09T11:02:14.6291666Z # Subtest: rejects other task
integration (1)	Test applicable combined-tree invariants without publishing or live imports	2026-10-09T11:02:14.6292086Z ok 383 - rejects other task
integration (1)	Test applicable combined-tree invariants without publishing or live imports	2026-10-09T11:02:14.6292446Z   ---
integration (1)	Test applicable combined-tree invariants without publishing or live imports	2026-10-09T11:02:14.6292747Z   duration_ms: 0.18162
integration (1)	Test applicable combined-tree invariants without publishing or live imports	2026-10-09T11:02:14.6293092Z   type: 'test'
integration (1)	Test applicable combined-tree invariants without publishing or live imports	2026-10-09T11:02:14.6293403Z   ...
integration (1)	Test applicable combined-tree invariants without publishing or live imports	2026-10-09T11:02:14.6293850Z # Subtest: rejects unknown Cloudflare environment
integration (1)	Test applicable combined-tree invariants without publishing or live imports	2026-10-09T11:02:14.6294490Z ok 384 - rejects unknown Cloudflare environment
integration (1)	Test applicable combined-tree invariants without publishing or live imports	2026-10-09T11:02:14.6294951Z   ---
integration (1)	Test applicable combined-tree invariants without publishing or live imports	2026-10-09T11:02:14.6295293Z   duration_ms: 0.254807
integration (1)	Test applicable combined-tree invariants without publishing or live imports	2026-10-09T11:02:14.6295664Z   type: 'test'
integration (1)	Test applicable combined-tree invariants without publishing or live imports	2026-10-09T11:02:14.6295994Z   ...
integration (1)	Test applicable combined-tree invariants without publishing or live imports	2026-10-09T11:02:14.6296524Z # Subtest: rejects unsettled receipt asserting delivery
integration (1)	Test applicable combined-tree invariants without publishing or live imports	2026-10-09T11:02:14.6297262Z ok 385 - rejects unsettled receipt asserting delivery
integration (1)	Test applicable combined-tree invariants without publishing or live imports	2026-10-09T11:02:14.6297731Z   ---
integration (1)	Test applicable combined-tree invariants without publishing or live imports	2026-10-09T11:02:14.6298022Z   duration_ms: 0.34194
integration (1)	Test applicable combined-tree invariants without publishing or live imports	2026-10-09T11:02:14.6298354Z   type: 'test'
integration (1)	Test applicable combined-tree invariants without publishing or live imports	2026-10-09T11:02:14.6298653Z   ...
integration (1)	Test applicable combined-tree invariants without publishing or live imports	2026-10-09T11:02:14.6299297Z # Subtest: failed CF operation is settled without advancing any boundary
integration (1)	Test applicable combined-tree invariants without publishing or live imports	2026-10-09T11:02:14.6300510Z ok 386 - failed CF operation is settled without advancing any boundary
integration (1)	Test applicable combined-tree invariants without publishing or live imports	2026-10-09T11:02:14.6301112Z   ---
integration (1)	Test applicable combined-tree invariants without publishing or live imports	2026-10-09T11:02:14.6301428Z   duration_ms: 0.26717
integration (1)	Test applicable combined-tree invariants without publishing or live imports	2026-10-09T11:02:14.6301790Z   type: 'test'
integration (1)	Test applicable combined-tree invariants without publishing or live imports	2026-10-09T11:02:14.6302147Z   ...
integration (1)	Test applicable combined-tree invariants without publishing or live imports	2026-10-09T11:02:14.6302723Z # Subtest: unsettled cleanup blocks even with terminal error status
integration (1)	Test applicable combined-tree invariants without publishing or live imports	2026-10-09T11:02:14.6303564Z ok 387 - unsettled cleanup blocks even with terminal error status
integration (1)	Test applicable combined-tree invariants without publishing or live imports	2026-10-09T11:02:14.6304176Z   ---
integration (1)	Test applicable combined-tree invariants without publishing or live imports	2026-10-09T11:02:14.6304501Z   duration_ms: 0.316242
integration (1)	Test applicable combined-tree invariants without publishing or live imports	2026-10-09T11:02:14.6304867Z   type: 'test'
integration (1)	Test applicable combined-tree invariants without publishing or live imports	2026-10-09T11:02:14.6305184Z   ...
integration (1)	Test applicable combined-tree invariants without publishing or live imports	2026-10-09T11:02:14.6305833Z # Subtest: staging or native activity cannot hide behind a newer public success
integration (1)	Test applicable combined-tree invariants without publishing or live imports	2026-10-09T11:02:14.6306475Z ok 388 - staging or native activity cannot hide behind a newer public success
integration (1)	Test applicable combined-tree invariants without publishing or live imports	2026-10-09T11:02:14.6306868Z   ---
integration (1)	Test applicable combined-tree invariants without publishing or live imports	2026-10-09T11:02:14.6307071Z   duration_ms: 0.825025
integration (1)	Test applicable combined-tree invariants without publishing or live imports	2026-10-09T11:02:14.6307295Z   type: 'test'
integration (1)	Test applicable combined-tree invariants without publishing or live imports	2026-10-09T11:02:14.6307496Z   ...
integration (1)	Test applicable combined-tree invariants without publishing or live imports	2026-10-09T11:02:14.6307986Z # Subtest: Cloudflare history never substitutes current main and residuals survive missing labels
integration (1)	Test applicable combined-tree invariants without publishing or live imports	2026-10-09T11:02:14.6308879Z ok 389 - Cloudflare history never substitutes current main and residuals survive missing labels
integration (1)	Test applicable combined-tree invariants without publishing or live imports	2026-10-09T11:02:14.6309583Z   ---
integration (1)	Test applicable combined-tree invariants without publishing or live imports	2026-10-09T11:02:14.6309830Z   duration_ms: 1.914684
integration (1)	Test applicable combined-tree invariants without publishing or live imports	2026-10-09T11:02:14.6310058Z   type: 'test'
integration (1)	Test applicable combined-tree invariants without publishing or live imports	2026-10-09T11:02:14.6310247Z   ...
integration (1)	Test applicable combined-tree invariants without publishing or live imports	2026-10-09T11:02:14.6310709Z # Subtest: a newer Site-only delivery cannot skip the undelivered Cloudflare application delta
integration (1)	Test applicable combined-tree invariants without publishing or live imports	2026-10-09T11:02:14.6311422Z ok 390 - a newer Site-only delivery cannot skip the undelivered Cloudflare application delta
integration (1)	Test applicable combined-tree invariants without publishing or live imports	2026-10-09T11:02:14.6311887Z   ---
integration (1)	Test applicable combined-tree invariants without publishing or live imports	2026-10-09T11:02:14.6312448Z   duration_ms: 1.29843
integration (1)	Test applicable combined-tree invariants without publishing or live imports	2026-10-09T11:02:14.6312841Z   type: 'test'
integration (1)	Test applicable combined-tree invariants without publishing or live imports	2026-10-09T11:02:14.6313110Z   ...
integration (1)	Test applicable combined-tree invariants without publishing or live imports	2026-10-09T11:02:14.6313491Z # Subtest: distinct registry IDs cannot reuse the same operation UUID
integration (1)	Test applicable combined-tree invariants without publishing or live imports	2026-10-09T11:02:14.6314019Z ok 391 - distinct registry IDs cannot reuse the same operation UUID
integration (1)	Test applicable combined-tree invariants without publishing or live imports	2026-10-09T11:02:14.6314360Z   ---
integration (1)	Test applicable combined-tree invariants without publishing or live imports	2026-10-09T11:02:14.6314552Z   duration_ms: 0.497862
integration (1)	Test applicable combined-tree invariants without publishing or live imports	2026-10-09T11:02:14.6314774Z   type: 'test'
integration (1)	Test applicable combined-tree invariants without publishing or live imports	2026-10-09T11:02:14.6314961Z   ...
integration (1)	Test applicable combined-tree invariants without publishing or live imports	2026-10-09T11:02:14.6315485Z # Subtest: replays complete real Site/native/CF history, without fabricating absent historical release pins
integration (1)	Test applicable combined-tree invariants without publishing or live imports	2026-10-09T11:02:14.6316300Z ok 392 - replays complete real Site/native/CF history, without fabricating absent historical release pins
integration (1)	Test applicable combined-tree invariants without publishing or live imports	2026-10-09T11:02:14.6316923Z   ---
integration (1)	Test applicable combined-tree invariants without publishing or live imports	2026-10-09T11:02:14.6317113Z   duration_ms: 4.773303
integration (1)	Test applicable combined-tree invariants without publishing or live imports	2026-10-09T11:02:14.6317333Z   type: 'test'
integration (1)	Test applicable combined-tree invariants without publishing or live imports	2026-10-09T11:02:14.6317521Z   ...
integration (1)	Test applicable combined-tree invariants without publishing or live imports	2026-10-09T11:02:14.6317829Z # Subtest: historical compatibility refuses payload drift
integration (1)	Test applicable combined-tree invariants without publishing or live imports	2026-10-09T11:02:14.6318275Z ok 393 - historical compatibility refuses payload drift
integration (1)	Test applicable combined-tree invariants without publishing or live imports	2026-10-09T11:02:14.6318576Z   ---
integration (1)	Test applicable combined-tree invariants without publishing or live imports	2026-10-09T11:02:14.6318763Z   duration_ms: 1.792124
integration (1)	Test applicable combined-tree invariants without publishing or live imports	2026-10-09T11:02:14.6318977Z   type: 'test'
integration (1)	Test applicable combined-tree invariants without publishing or live imports	2026-10-09T11:02:14.6319158Z   ...
integration (1)	Test applicable combined-tree invariants without publishing or live imports	2026-10-09T11:02:14.6319763Z # Subtest: historical compatibility refuses result drift
integration (1)	Test applicable combined-tree invariants without publishing or live imports	2026-10-09T11:02:14.6320195Z ok 394 - historical compatibility refuses result drift
integration (1)	Test applicable combined-tree invariants without publishing or live imports	2026-10-09T11:02:14.6320494Z   ---
integration (1)	Test applicable combined-tree invariants without publishing or live imports	2026-10-09T11:02:14.6320684Z   duration_ms: 1.580218
integration (1)	Test applicable combined-tree invariants without publishing or live imports	2026-10-09T11:02:14.6320909Z   type: 'test'
integration (1)	Test applicable combined-tree invariants without publishing or live imports	2026-10-09T11:02:14.6321094Z   ...
integration (1)	Test applicable combined-tree invariants without publishing or live imports	2026-10-09T11:02:14.6321395Z # Subtest: historical compatibility refuses new-id drift
integration (1)	Test applicable combined-tree invariants without publishing or live imports	2026-10-09T11:02:14.6321820Z ok 395 - historical compatibility refuses new-id drift
integration (1)	Test applicable combined-tree invariants without publishing or live imports	2026-10-09T11:02:14.6322110Z   ---
integration (1)	Test applicable combined-tree invariants without publishing or live imports	2026-10-09T11:02:14.6322303Z   duration_ms: 0.726369
integration (1)	Test applicable combined-tree invariants without publishing or live imports	2026-10-09T11:02:14.6322524Z   type: 'test'
integration (1)	Test applicable combined-tree invariants without publishing or live imports	2026-10-09T11:02:14.6322708Z   ...
integration (1)	Test applicable combined-tree invariants without publishing or live imports	2026-10-09T11:02:14.6323084Z # Subtest: new operation cannot opt into a singular-issue legacy exception
integration (1)	Test applicable combined-tree invariants without publishing or live imports	2026-10-09T11:02:14.6323653Z ok 396 - new operation cannot opt into a singular-issue legacy exception
integration (1)	Test applicable combined-tree invariants without publishing or live imports	2026-10-09T11:02:14.6324010Z   ---
integration (1)	Test applicable combined-tree invariants without publishing or live imports	2026-10-09T11:02:14.6324192Z   duration_ms: 0.198291
integration (1)	Test applicable combined-tree invariants without publishing or live imports	2026-10-09T11:02:14.6324405Z   type: 'test'
integration (1)	Test applicable combined-tree invariants without publishing or live imports	2026-10-09T11:02:14.6324588Z   ...
integration (1)	Test applicable combined-tree invariants without publishing or live imports	2026-10-09T11:02:14.6324977Z # Subtest: duplicate raw registry identities cannot be hidden by normalization
integration (1)	Test applicable combined-tree invariants without publishing or live imports	2026-10-09T11:02:14.6325566Z ok 397 - duplicate raw registry identities cannot be hidden by normalization
integration (1)	Test applicable combined-tree invariants without publishing or live imports	2026-10-09T11:02:14.6325934Z   ---
integration (1)	Test applicable combined-tree invariants without publishing or live imports	2026-10-09T11:02:14.6326117Z   duration_ms: 0.22497
integration (1)	Test applicable combined-tree invariants without publishing or live imports	2026-10-09T11:02:14.6326331Z   type: 'test'
integration (1)	Test applicable combined-tree invariants without publishing or live imports	2026-10-09T11:02:14.6326512Z   ...
integration (1)	Test applicable combined-tree invariants without publishing or live imports	2026-10-09T11:02:14.6327013Z # Subtest: altering the actually consumed historical inventory rejects at import with unchanged code pin
integration (1)	Test applicable combined-tree invariants without publishing or live imports	2026-10-09T11:02:14.6327820Z ok 398 - altering the actually consumed historical inventory rejects at import with unchanged code pin
integration (1)	Test applicable combined-tree invariants without publishing or live imports	2026-10-09T11:02:14.6328284Z   ---
integration (1)	Test applicable combined-tree invariants without publishing or live imports	2026-10-09T11:02:14.6328475Z   duration_ms: 76.933773
integration (1)	Test applicable combined-tree invariants without publishing or live imports	2026-10-09T11:02:14.6328700Z   type: 'test'
integration (1)	Test applicable combined-tree invariants without publishing or live imports	2026-10-09T11:02:14.6328890Z   ...
integration (1)	Test applicable combined-tree invariants without publishing or live imports	2026-10-09T11:02:14.6329614Z # Subtest: real aggregate entrypoint requires fresh output and preserves ordinary/symlink sentinels
integration (1)	Test applicable combined-tree invariants without publishing or live imports	2026-10-09T11:02:14.6330488Z ok 399 - real aggregate entrypoint requires fresh output and preserves ordinary/symlink sentinels
integration (1)	Test applicable combined-tree invariants without publishing or live imports	2026-10-09T11:02:14.6331081Z   ---
integration (1)	Test applicable combined-tree invariants without publishing or live imports	2026-10-09T11:02:14.6331346Z   duration_ms: 224.053372
integration (1)	Test applicable combined-tree invariants without publishing or live imports	2026-10-09T11:02:14.6331580Z   type: 'test'
integration (1)	Test applicable combined-tree invariants without publishing or live imports	2026-10-09T11:02:14.6331789Z   ...
integration (1)	Test applicable combined-tree invariants without publishing or live imports	2026-10-09T11:02:14.6332174Z # Subtest: aggregate import is pure and invalid inputs create no outputs
integration (1)	Test applicable combined-tree invariants without publishing or live imports	2026-10-09T11:02:14.6332739Z ok 400 - aggregate import is pure and invalid inputs create no outputs
integration (1)	Test applicable combined-tree invariants without publishing or live imports	2026-10-09T11:02:14.6333106Z   ---
integration (1)	Test applicable combined-tree invariants without publishing or live imports	2026-10-09T11:02:14.6333313Z   duration_ms: 71.741318
integration (1)	Test applicable combined-tree invariants without publishing or live imports	2026-10-09T11:02:14.6333577Z   type: 'test'
integration (1)	Test applicable combined-tree invariants without publishing or live imports	2026-10-09T11:02:14.6333766Z   ...
integration (1)	Test applicable combined-tree invariants without publishing or live imports	2026-10-09T11:02:14.6334251Z # Subtest: independent consumer join and missing-roster mutations reject before publishing
integration (1)	Test applicable combined-tree invariants without publishing or live imports	2026-10-09T11:02:14.6335007Z ok 401 - independent consumer join and missing-roster mutations reject before publishing
integration (1)	Test applicable combined-tree invariants without publishing or live imports	2026-10-09T11:02:14.6335631Z   ---
integration (1)	Test applicable combined-tree invariants without publishing or live imports	2026-10-09T11:02:14.6335849Z   duration_ms: 97.278734
integration (1)	Test applicable combined-tree invariants without publishing or live imports	2026-10-09T11:02:14.6336120Z   type: 'test'
integration (1)	Test applicable combined-tree invariants without publishing or live imports	2026-10-09T11:02:14.6336326Z   ...
integration (1)	Test applicable combined-tree invariants without publishing or live imports	2026-10-09T11:02:14.6336886Z # Subtest: native ownership binding retains all original physical bytes, sources, domain and uncertainties
integration (1)	Test applicable combined-tree invariants without publishing or live imports	2026-10-09T11:02:14.6337762Z ok 402 - native ownership binding retains all original physical bytes, sources, domain and uncertainties
integration (1)	Test applicable combined-tree invariants without publishing or live imports	2026-10-09T11:02:14.6338244Z   ---
integration (1)	Test applicable combined-tree invariants without publishing or live imports	2026-10-09T11:02:14.6338458Z   duration_ms: 2.804419
integration (1)	Test applicable combined-tree invariants without publishing or live imports	2026-10-09T11:02:14.6338692Z   type: 'test'
integration (1)	Test applicable combined-tree invariants without publishing or live imports	2026-10-09T11:02:14.6338875Z   ...
integration (1)	Test applicable combined-tree invariants without publishing or live imports	2026-10-09T11:02:14.6339640Z # Subtest: changed coordinate grid, sources, release or original ownership binding prohibit reuse
integration (1)	Test applicable combined-tree invariants without publishing or live imports	2026-10-09T11:02:14.6340596Z ok 403 - changed coordinate grid, sources, release or original ownership binding prohibit reuse
integration (1)	Test applicable combined-tree invariants without publishing or live imports	2026-10-09T11:02:14.6341071Z   ---
integration (1)	Test applicable combined-tree invariants without publishing or live imports	2026-10-09T11:02:14.6341272Z   duration_ms: 0.728574
integration (1)	Test applicable combined-tree invariants without publishing or live imports	2026-10-09T11:02:14.6341507Z   type: 'test'
integration (1)	Test applicable combined-tree invariants without publishing or live imports	2026-10-09T11:02:14.6341694Z   ...
integration (1)	Test applicable combined-tree invariants without publishing or live imports	2026-10-09T11:02:14.6342224Z # Subtest: validated geometry-only successor preserves physical assets and records both associations
integration (1)	Test applicable combined-tree invariants without publishing or live imports	2026-10-09T11:02:14.6343051Z ok 404 - validated geometry-only successor preserves physical assets and records both associations
integration (1)	Test applicable combined-tree invariants without publishing or live imports	2026-10-09T11:02:14.6343553Z   ---
integration (1)	Test applicable combined-tree invariants without publishing or live imports	2026-10-09T11:02:14.6343803Z   duration_ms: 18.228003
integration (1)	Test applicable combined-tree invariants without publishing or live imports	2026-10-09T11:02:14.6344026Z   type: 'test'
integration (1)	Test applicable combined-tree invariants without publishing or live imports	2026-10-09T11:02:14.6344231Z   ...
integration (1)	Test applicable combined-tree invariants without publishing or live imports	2026-10-09T11:02:14.6344794Z # Subtest: bundle preserves complete records, supported intervals, source context and original bytes
integration (1)	Test applicable combined-tree invariants without publishing or live imports	2026-10-09T11:02:14.6345547Z ok 405 - bundle preserves complete records, supported intervals, source context and original bytes
integration (1)	Test applicable combined-tree invariants without publishing or live imports	2026-10-09T11:02:14.6346012Z   ---
integration (1)	Test applicable combined-tree invariants without publishing or live imports	2026-10-09T11:02:14.6346201Z   duration_ms: 55.725965
integration (1)	Test applicable combined-tree invariants without publishing or live imports	2026-10-09T11:02:14.6346437Z   type: 'test'
integration (1)	Test applicable combined-tree invariants without publishing or live imports	2026-10-09T11:02:14.6346622Z   ...
integration (1)	Test applicable combined-tree invariants without publishing or live imports	2026-10-09T11:02:14.6347239Z # Subtest: separate bundle runs are byte-identical and cannot overwrite an earlier output
integration (1)	Test applicable combined-tree invariants without publishing or live imports	2026-10-09T11:02:14.6348504Z ok 406 - separate bundle runs are byte-identical and cannot overwrite an earlier output
integration (1)	Test applicable combined-tree invariants without publishing or live imports	2026-10-09T11:02:14.6349271Z   ---
integration (1)	Test applicable combined-tree invariants without publishing or live imports	2026-10-09T11:02:14.6349822Z   duration_ms: 10.835049
integration (1)	Test applicable combined-tree invariants without publishing or live imports	2026-10-09T11:02:14.6350109Z   type: 'test'
integration (1)	Test applicable combined-tree invariants without publishing or live imports	2026-10-09T11:02:14.6350318Z   ...
integration (1)	Test applicable combined-tree invariants without publishing or live imports	2026-10-09T11:02:14.6350980Z # Subtest: proof rejects mixed footprints, unsafe routes and oversized declarations before any fetch
integration (1)	Test applicable combined-tree invariants without publishing or live imports	2026-10-09T11:02:14.6351742Z ok 407 - proof rejects mixed footprints, unsafe routes and oversized declarations before any fetch
integration (1)	Test applicable combined-tree invariants without publishing or live imports	2026-10-09T11:02:14.6352184Z   ---
integration (1)	Test applicable combined-tree invariants without publishing or live imports	2026-10-09T11:02:14.6352374Z   duration_ms: 4.121954
integration (1)	Test applicable combined-tree invariants without publishing or live imports	2026-10-09T11:02:14.6352590Z   type: 'test'
integration (1)	Test applicable combined-tree invariants without publishing or live imports	2026-10-09T11:02:14.6352774Z   ...
integration (1)	Test applicable combined-tree invariants without publishing or live imports	2026-10-09T11:02:14.6353146Z # Subtest: bad hashes, truncated data and unavailable bundles fail closed
integration (1)	Test applicable combined-tree invariants without publishing or live imports	2026-10-09T11:02:14.6353699Z ok 408 - bad hashes, truncated data and unavailable bundles fail closed
integration (1)	Test applicable combined-tree invariants without publishing or live imports	2026-10-09T11:02:14.6354047Z   ---
integration (1)	Test applicable combined-tree invariants without publishing or live imports	2026-10-09T11:02:14.6354234Z   duration_ms: 6.887991
integration (1)	Test applicable combined-tree invariants without publishing or live imports	2026-10-09T11:02:14.6354451Z   type: 'test'
integration (1)	Test applicable combined-tree invariants without publishing or live imports	2026-10-09T11:02:14.6354635Z   ...
integration (1)	Test applicable combined-tree invariants without publishing or live imports	2026-10-09T11:02:14.6355087Z # Subtest: an internally incomplete roster is rejected even with matching transport hashes
integration (1)	Test applicable combined-tree invariants without publishing or live imports	2026-10-09T11:02:14.6355765Z ok 409 - an internally incomplete roster is rejected even with matching transport hashes
integration (1)	Test applicable combined-tree invariants without publishing or live imports	2026-10-09T11:02:14.6356168Z   ---
integration (1)	Test applicable combined-tree invariants without publishing or live imports	2026-10-09T11:02:14.6356351Z   duration_ms: 5.296433
integration (1)	Test applicable combined-tree invariants without publishing or live imports	2026-10-09T11:02:14.6356557Z   type: 'test'
integration (1)	Test applicable combined-tree invariants without publishing or live imports	2026-10-09T11:02:14.6356748Z   ...
integration (1)	Test applicable combined-tree invariants without publishing or live imports	2026-10-09T11:02:14.6357156Z # Subtest: packaging refuses unsafe source rosters and mismatched source footprints
integration (1)	Test applicable combined-tree invariants without publishing or live imports	2026-10-09T11:02:14.6357786Z ok 410 - packaging refuses unsafe source rosters and mismatched source footprints
integration (1)	Test applicable combined-tree invariants without publishing or live imports	2026-10-09T11:02:14.6358170Z   ---
integration (1)	Test applicable combined-tree invariants without publishing or live imports	2026-10-09T11:02:14.6358350Z   duration_ms: 6.725648
integration (1)	Test applicable combined-tree invariants without publishing or live imports	2026-10-09T11:02:14.6358564Z   type: 'test'
integration (1)	Test applicable combined-tree invariants without publishing or live imports	2026-10-09T11:02:14.6358752Z   ...
integration (1)	Test applicable combined-tree invariants without publishing or live imports	2026-10-09T11:02:14.6359292Z # Subtest: explicit metadata parent merge conserves full descendant identities and exact relationship provenance
integration (1)	Test applicable combined-tree invariants without publishing or live imports	2026-10-09T11:02:14.6360688Z ok 411 - explicit metadata parent merge conserves full descendant identities and exact relationship provenance
integration (1)	Test applicable combined-tree invariants without publishing or live imports	2026-10-09T11:02:14.6361366Z   ---
integration (1)	Test applicable combined-tree invariants without publishing or live imports	2026-10-09T11:02:14.6361552Z   duration_ms: 3.449455
integration (1)	Test applicable combined-tree invariants without publishing or live imports	2026-10-09T11:02:14.6361765Z   type: 'test'
integration (1)	Test applicable combined-tree invariants without publishing or live imports	2026-10-09T11:02:14.6361953Z   ...
integration (1)	Test applicable combined-tree invariants without publishing or live imports	2026-10-09T11:02:14.6362430Z # Subtest: receipts without the opt-in relationship field preserve the legacy preparation contract
integration (1)	Test applicable combined-tree invariants without publishing or live imports	2026-10-09T11:02:14.6363167Z ok 412 - receipts without the opt-in relationship field preserve the legacy preparation contract
integration (1)	Test applicable combined-tree invariants without publishing or live imports	2026-10-09T11:02:14.6363604Z   ---
integration (1)	Test applicable combined-tree invariants without publishing or live imports	2026-10-09T11:02:14.6363786Z   duration_ms: 0.616774
integration (1)	Test applicable combined-tree invariants without publishing or live imports	2026-10-09T11:02:14.6363994Z   type: 'test'
integration (1)	Test applicable combined-tree invariants without publishing or live imports	2026-10-09T11:02:14.6364180Z   ...
integration (1)	Test applicable combined-tree invariants without publishing or live imports	2026-10-09T11:02:14.6364694Z # Subtest: missing, duplicate, extra and unretired merge endpoints cannot masquerade as complete crosswalks
integration (1)	Test applicable combined-tree invariants without publishing or live imports	2026-10-09T11:02:14.6365626Z ok 413 - missing, duplicate, extra and unretired merge endpoints cannot masquerade as complete crosswalks
integration (1)	Test applicable combined-tree invariants without publishing or live imports	2026-10-09T11:02:14.6366089Z   ---
integration (1)	Test applicable combined-tree invariants without publishing or live imports	2026-10-09T11:02:14.6366275Z   duration_ms: 2.480242
integration (1)	Test applicable combined-tree invariants without publishing or live imports	2026-10-09T11:02:14.6366491Z   type: 'test'
integration (1)	Test applicable combined-tree invariants without publishing or live imports	2026-10-09T11:02:14.6366669Z   ...
integration (1)	Test applicable combined-tree invariants without publishing or live imports	2026-10-09T11:02:14.6367103Z # Subtest: same-tier registered identities and adjacent parent conservation are required
integration (1)	Test applicable combined-tree invariants without publishing or live imports	2026-10-09T11:02:14.6367786Z ok 414 - same-tier registered identities and adjacent parent conservation are required
integration (1)	Test applicable combined-tree invariants without publishing or live imports	2026-10-09T11:02:14.6368191Z   ---
integration (1)	Test applicable combined-tree invariants without publishing or live imports	2026-10-09T11:02:14.6368375Z   duration_ms: 1.569237
integration (1)	Test applicable combined-tree invariants without publishing or live imports	2026-10-09T11:02:14.6368590Z   type: 'test'
integration (1)	Test applicable combined-tree invariants without publishing or live imports	2026-10-09T11:02:14.6368773Z   ...
integration (1)	Test applicable combined-tree invariants without publishing or live imports	2026-10-09T11:02:14.6369297Z # Subtest: a same-count swap of unrelated territories fails exact descendant-footprint conservation
integration (1)	Test applicable combined-tree invariants without publishing or live imports	2026-10-09T11:02:14.6370314Z ok 415 - a same-count swap of unrelated territories fails exact descendant-footprint conservation
integration (1)	Test applicable combined-tree invariants without publishing or live imports	2026-10-09T11:02:14.6370761Z   ---
integration (1)	Test applicable combined-tree invariants without publishing or live imports	2026-10-09T11:02:14.6370947Z   duration_ms: 0.685503
integration (1)	Test applicable combined-tree invariants without publishing or live imports	2026-10-09T11:02:14.6371163Z   type: 'test'
integration (1)	Test applicable combined-tree invariants without publishing or live imports	2026-10-09T11:02:14.6371345Z   ...
integration (1)	Test applicable combined-tree invariants without publishing or live imports	2026-10-09T11:02:14.6371854Z # Subtest: complete original unit records, explicit source proof and zero historical transfer are required
integration (1)	Test applicable combined-tree invariants without publishing or live imports	2026-10-09T11:02:14.6372654Z ok 416 - complete original unit records, explicit source proof and zero historical transfer are required
integration (1)	Test applicable combined-tree invariants without publishing or live imports	2026-10-09T11:02:14.6373116Z   ---
integration (1)	Test applicable combined-tree invariants without publishing or live imports	2026-10-09T11:02:14.6373299Z   duration_ms: 2.211038
integration (1)	Test applicable combined-tree invariants without publishing or live imports	2026-10-09T11:02:14.6373524Z   type: 'test'
integration (1)	Test applicable combined-tree invariants without publishing or live imports	2026-10-09T11:02:14.6373705Z   ...
integration (1)	Test applicable combined-tree invariants without publishing or live imports	2026-10-09T11:02:14.6374209Z # Subtest: the complete real candidate validates all 49,589 locations and the 55-county source-backed merge
integration (1)	Test applicable combined-tree invariants without publishing or live imports	2026-10-09T11:02:14.6374999Z ok 417 - the complete real candidate validates all 49,589 locations and the 55-county source-backed merge
integration (1)	Test applicable combined-tree invariants without publishing or live imports	2026-10-09T11:02:14.6375452Z   ---
integration (1)	Test applicable combined-tree invariants without publishing or live imports	2026-10-09T11:02:14.6375644Z   duration_ms: 2106.758549
integration (1)	Test applicable combined-tree invariants without publishing or live imports	2026-10-09T11:02:14.6375867Z   type: 'test'
integration (1)	Test applicable combined-tree invariants without publishing or live imports	2026-10-09T11:02:14.6376051Z   ...
integration (1)	Test applicable combined-tree invariants without publishing or live imports	2026-10-09T11:02:14.6376624Z # Subtest: full candidate release preparation emits the explicit merge, archived predecessor and exact unchanged baseline
integration (1)	Test applicable combined-tree invariants without publishing or live imports	2026-10-09T11:02:14.6377543Z ok 418 - full candidate release preparation emits the explicit merge, archived predecessor and exact unchanged baseline
integration (1)	Test applicable combined-tree invariants without publishing or live imports	2026-10-09T11:02:14.6378062Z   ---
integration (1)	Test applicable combined-tree invariants without publishing or live imports	2026-10-09T11:02:14.6378252Z   duration_ms: 12236.090602
integration (1)	Test applicable combined-tree invariants without publishing or live imports	2026-10-09T11:02:14.6378476Z   type: 'test'
integration (1)	Test applicable combined-tree invariants without publishing or live imports	2026-10-09T11:02:14.6378660Z   ...
integration (1)	Test applicable combined-tree invariants without publishing or live imports	2026-10-09T11:02:14.6379054Z # Subtest: current manifest is closed and no region can claim invented approvals
integration (1)	Test applicable combined-tree invariants without publishing or live imports	2026-10-09T11:02:14.6379870Z ok 419 - current manifest is closed and no region can claim invented approvals
integration (1)	Test applicable combined-tree invariants without publishing or live imports	2026-10-09T11:02:14.6380248Z   ---
integration (1)	Test applicable combined-tree invariants without publishing or live imports	2026-10-09T11:02:14.6380438Z   duration_ms: 1.707165
integration (1)	Test applicable combined-tree invariants without publishing or live imports	2026-10-09T11:02:14.6380646Z   type: 'test'
integration (1)	Test applicable combined-tree invariants without publishing or live imports	2026-10-09T11:02:14.6380828Z   ...
integration (1)	Test applicable combined-tree invariants without publishing or live imports	2026-10-09T11:02:14.6381104Z # Subtest: v1 worldwide approval remains compatible
integration (1)	Test applicable combined-tree invariants without publishing or live imports	2026-10-09T11:02:14.6381494Z ok 420 - v1 worldwide approval remains compatible
integration (1)	Test applicable combined-tree invariants without publishing or live imports	2026-10-09T11:02:14.6381782Z   ---
integration (1)	Test applicable combined-tree invariants without publishing or live imports	2026-10-09T11:02:14.6381970Z   duration_ms: 0.773839
integration (1)	Test applicable combined-tree invariants without publishing or live imports	2026-10-09T11:02:14.6382178Z   type: 'test'
integration (1)	Test applicable combined-tree invariants without publishing or live imports	2026-10-09T11:02:14.6382360Z   ...
integration (1)	Test applicable combined-tree invariants without publishing or live imports	2026-10-09T11:02:14.6382869Z # Subtest: regional content claims depend on macro and branch approval, not unfinished worldwide descendants
integration (1)	Test applicable combined-tree invariants without publishing or live imports	2026-10-09T11:02:14.6383858Z ok 421 - regional content claims depend on macro and branch approval, not unfinished worldwide descendants
integration (1)	Test applicable combined-tree invariants without publishing or live imports	2026-10-09T11:02:14.6384329Z   ---
integration (1)	Test applicable combined-tree invariants without publishing or live imports	2026-10-09T11:02:14.6384511Z   duration_ms: 2.914825
integration (1)	Test applicable combined-tree invariants without publishing or live imports	2026-10-09T11:02:14.6384719Z   type: 'test'
integration (1)	Test applicable combined-tree invariants without publishing or live imports	2026-10-09T11:02:14.6384900Z   ...
integration (1)	Test applicable combined-tree invariants without publishing or live imports	2026-10-09T11:02:14.6385291Z # Subtest: macro approval and explicit complete region certificates are required
integration (1)	Test applicable combined-tree invariants without publishing or live imports	2026-10-09T11:02:14.6385883Z ok 422 - macro approval and explicit complete region certificates are required
integration (1)	Test applicable combined-tree invariants without publishing or live imports	2026-10-09T11:02:14.6386260Z   ---
integration (1)	Test applicable combined-tree invariants without publishing or live imports	2026-10-09T11:02:14.6386445Z   duration_ms: 0.568254
integration (1)	Test applicable combined-tree invariants without publishing or live imports	2026-10-09T11:02:14.6386655Z   type: 'test'
integration (1)	Test applicable combined-tree invariants without publishing or live imports	2026-10-09T11:02:14.6386837Z   ...
integration (1)	Test applicable combined-tree invariants without publishing or live imports	2026-10-09T11:02:14.6387401Z # Subtest: pins and every location target are checked against explicitly selected regions
integration (1)	Test applicable combined-tree invariants without publishing or live imports	2026-10-09T11:02:14.6388054Z ok 423 - pins and every location target are checked against explicitly selected regions
integration (1)	Test applicable combined-tree invariants without publishing or live imports	2026-10-09T11:02:14.6388463Z   ---
integration (1)	Test applicable combined-tree invariants without publishing or live imports	2026-10-09T11:02:14.6388649Z   duration_ms: 1.023756
integration (1)	Test applicable combined-tree invariants without publishing or live imports	2026-10-09T11:02:14.6388855Z   type: 'test'
integration (1)	Test applicable combined-tree invariants without publishing or live imports	2026-10-09T11:02:14.6389037Z   ...
integration (1)	Test applicable combined-tree invariants without publishing or live imports	2026-10-09T11:02:14.6389555Z # Subtest: ambiguous territorial membership fails closed
integration (1)	Test applicable combined-tree invariants without publishing or live imports	2026-10-09T11:02:14.6389990Z ok 424 - ambiguous territorial membership fails closed
integration (1)	Test applicable combined-tree invariants without publishing or live imports	2026-10-09T11:02:14.6390288Z   ---
integration (1)	Test applicable combined-tree invariants without publishing or live imports	2026-10-09T11:02:14.6390470Z   duration_ms: 0.217778
integration (1)	Test applicable combined-tree invariants without publishing or live imports	2026-10-09T11:02:14.6390676Z   type: 'test'
integration (1)	Test applicable combined-tree invariants without publishing or live imports	2026-10-09T11:02:14.6390856Z   ...
integration (1)	Test applicable combined-tree invariants without publishing or live imports	2026-10-09T11:02:14.6391354Z # Subtest: all name, relationship and media targets are scoped; ancillary or geographic writes are refused
integration (1)	Test applicable combined-tree invariants without publishing or live imports	2026-10-09T11:02:14.6392134Z ok 425 - all name, relationship and media targets are scoped; ancillary or geographic writes are refused
integration (1)	Test applicable combined-tree invariants without publishing or live imports	2026-10-09T11:02:14.6392590Z   ---
integration (1)	Test applicable combined-tree invariants without publishing or live imports	2026-10-09T11:02:14.6392778Z   duration_ms: 0.712053
integration (1)	Test applicable combined-tree invariants without publishing or live imports	2026-10-09T11:02:14.6392984Z   type: 'test'
integration (1)	Test applicable combined-tree invariants without publishing or live imports	2026-10-09T11:02:14.6393163Z   ...
integration (1)	Test applicable combined-tree invariants without publishing or live imports	2026-10-09T11:02:14.6393603Z # Subtest: verified raw batches are inspected rather than trusting caller target summaries
integration (1)	Test applicable combined-tree invariants without publishing or live imports	2026-10-09T11:02:14.6394263Z ok 426 - verified raw batches are inspected rather than trusting caller target summaries
integration (1)	Test applicable combined-tree invariants without publishing or live imports	2026-10-09T11:02:14.6394668Z   ---
integration (1)	Test applicable combined-tree invariants without publishing or live imports	2026-10-09T11:02:14.6394849Z   duration_ms: 0.555079
integration (1)	Test applicable combined-tree invariants without publishing or live imports	2026-10-09T11:02:14.6395057Z   type: 'test'
integration (1)	Test applicable combined-tree invariants without publishing or live imports	2026-10-09T11:02:14.6395237Z   ...
integration (1)	Test applicable combined-tree invariants without publishing or live imports	2026-10-09T11:02:14.6395720Z # Subtest: corrections require a territorial crosswalk and cannot transfer facts to another location
integration (1)	Test applicable combined-tree invariants without publishing or live imports	2026-10-09T11:02:14.6396477Z ok 427 - corrections require a territorial crosswalk and cannot transfer facts to another location
integration (1)	Test applicable combined-tree invariants without publishing or live imports	2026-10-09T11:02:14.6396928Z   ---
integration (1)	Test applicable combined-tree invariants without publishing or live imports	2026-10-09T11:02:14.6397114Z   duration_ms: 0.866682
integration (1)	Test applicable combined-tree invariants without publishing or live imports	2026-10-09T11:02:14.6397320Z   type: 'test'
integration (1)	Test applicable combined-tree invariants without publishing or live imports	2026-10-09T11:02:14.6397498Z   ...
integration (1)	Test applicable combined-tree invariants without publishing or live imports	2026-10-09T11:02:14.6397960Z # Subtest: media campaign dry run validates original bytes and rights without network or receipts
integration (1)	Test applicable combined-tree invariants without publishing or live imports	2026-10-09T11:02:14.6398688Z ok 428 - media campaign dry run validates original bytes and rights without network or receipts
integration (1)	Test applicable combined-tree invariants without publishing or live imports	2026-10-09T11:02:14.6399118Z   ---
integration (1)	Test applicable combined-tree invariants without publishing or live imports	2026-10-09T11:02:14.6399498Z   duration_ms: 90.744901
integration (1)	Test applicable combined-tree invariants without publishing or live imports	2026-10-09T11:02:14.6399815Z   type: 'test'
integration (1)	Test applicable combined-tree invariants without publishing or live imports	2026-10-09T11:02:14.6400004Z   ...
integration (1)	Test applicable combined-tree invariants without publishing or live imports	2026-10-09T11:02:14.6400583Z # Subtest: actual Worker and registerMedia roundtrip retains provenance, immutable R2 bytes and resumable receipt hashes
integration (1)	Test applicable combined-tree invariants without publishing or live imports	2026-10-09T11:02:14.6401507Z ok 429 - actual Worker and registerMedia roundtrip retains provenance, immutable R2 bytes and resumable receipt hashes
integration (1)	Test applicable combined-tree invariants without publishing or live imports	2026-10-09T11:02:14.6402021Z   ---
integration (1)	Test applicable combined-tree invariants without publishing or live imports	2026-10-09T11:02:14.6402206Z   duration_ms: 83.485477
integration (1)	Test applicable combined-tree invariants without publishing or live imports	2026-10-09T11:02:14.6402422Z   type: 'test'
integration (1)	Test applicable combined-tree invariants without publishing or live imports	2026-10-09T11:02:14.6402605Z   ...
integration (1)	Test applicable combined-tree invariants without publishing or live imports	2026-10-09T11:02:14.6403066Z # Subtest: lost upload response rereads committed identity and full bytes without a second POST
integration (1)	Test applicable combined-tree invariants without publishing or live imports	2026-10-09T11:02:14.6403776Z ok 430 - lost upload response rereads committed identity and full bytes without a second POST
integration (1)	Test applicable combined-tree invariants without publishing or live imports	2026-10-09T11:02:14.6404204Z   ---
integration (1)	Test applicable combined-tree invariants without publishing or live imports	2026-10-09T11:02:14.6404386Z   duration_ms: 26.290163
integration (1)	Test applicable combined-tree invariants without publishing or live imports	2026-10-09T11:02:14.6404611Z   type: 'test'
integration (1)	Test applicable combined-tree invariants without publishing or live imports	2026-10-09T11:02:14.6404794Z   ...
integration (1)	Test applicable combined-tree invariants without publishing or live imports	2026-10-09T11:02:14.6405257Z # Subtest: failed campaign preserves verified objects and safely resumes only missing identities
integration (1)	Test applicable combined-tree invariants without publishing or live imports	2026-10-09T11:02:14.6406117Z ok 431 - failed campaign preserves verified objects and safely resumes only missing identities
integration (1)	Test applicable combined-tree invariants without publishing or live imports	2026-10-09T11:02:14.6406545Z   ---
integration (1)	Test applicable combined-tree invariants without publishing or live imports	2026-10-09T11:02:14.6406726Z   duration_ms: 36.351854
integration (1)	Test applicable combined-tree invariants without publishing or live imports	2026-10-09T11:02:14.6406939Z   type: 'test'
integration (1)	Test applicable combined-tree invariants without publishing or live imports	2026-10-09T11:02:14.6407120Z   ...
integration (1)	Test applicable combined-tree invariants without publishing or live imports	2026-10-09T11:02:14.6407652Z # Subtest: source mismatches, changed claims and changed local or remote bytes stop before replacing originals
integration (1)	Test applicable combined-tree invariants without publishing or live imports	2026-10-09T11:02:14.6408483Z ok 432 - source mismatches, changed claims and changed local or remote bytes stop before replacing originals
integration (1)	Test applicable combined-tree invariants without publishing or live imports	2026-10-09T11:02:14.6408953Z   ---
integration (1)	Test applicable combined-tree invariants without publishing or live imports	2026-10-09T11:02:14.6409140Z   duration_ms: 34.787215
integration (1)	Test applicable combined-tree invariants without publishing or live imports	2026-10-09T11:02:14.6409791Z   type: 'test'
integration (1)	Test applicable combined-tree invariants without publishing or live imports	2026-10-09T11:02:14.6409985Z   ...
integration (1)	Test applicable combined-tree invariants without publishing or live imports	2026-10-09T11:02:14.6410512Z # Subtest: tampered checkpoints, duplicate content identities and missing source dependencies are rejected
integration (1)	Test applicable combined-tree invariants without publishing or live imports	2026-10-09T11:02:14.6411322Z ok 433 - tampered checkpoints, duplicate content identities and missing source dependencies are rejected
integration (1)	Test applicable combined-tree invariants without publishing or live imports	2026-10-09T11:02:14.6411793Z   ---
integration (1)	Test applicable combined-tree invariants without publishing or live imports	2026-10-09T11:02:14.6411980Z   duration_ms: 29.739899
integration (1)	Test applicable combined-tree invariants without publishing or live imports	2026-10-09T11:02:14.6412199Z   type: 'test'
integration (1)	Test applicable combined-tree invariants without publishing or live imports	2026-10-09T11:02:14.6412389Z   ...
integration (1)	Test applicable combined-tree invariants without publishing or live imports	2026-10-09T11:02:14.6412868Z # Subtest: redirects never forward the private credential and untrusted API errors are not persisted
integration (1)	Test applicable combined-tree invariants without publishing or live imports	2026-10-09T11:02:14.6413620Z ok 434 - redirects never forward the private credential and untrusted API errors are not persisted
integration (1)	Test applicable combined-tree invariants without publishing or live imports	2026-10-09T11:02:14.6414072Z   ---
integration (1)	Test applicable combined-tree invariants without publishing or live imports	2026-10-09T11:02:14.6414255Z   duration_ms: 25.077173
integration (1)	Test applicable combined-tree invariants without publishing or live imports	2026-10-09T11:02:14.6414470Z   type: 'test'
integration (1)	Test applicable combined-tree invariants without publishing or live imports	2026-10-09T11:02:14.6414658Z   ...
integration (1)	Test applicable combined-tree invariants without publishing or live imports	2026-10-09T11:02:14.6415098Z # Subtest: encoded URL bounds and escaped local paths are enforced before any upload
integration (1)	Test applicable combined-tree invariants without publishing or live imports	2026-10-09T11:02:14.6415725Z ok 435 - encoded URL bounds and escaped local paths are enforced before any upload
integration (1)	Test applicable combined-tree invariants without publishing or live imports	2026-10-09T11:02:14.6416106Z   ---
integration (1)	Test applicable combined-tree invariants without publishing or live imports	2026-10-09T11:02:14.6416293Z   duration_ms: 23.61139
integration (1)	Test applicable combined-tree invariants without publishing or live imports	2026-10-09T11:02:14.6416513Z   type: 'test'
integration (1)	Test applicable combined-tree invariants without publishing or live imports	2026-10-09T11:02:14.6416701Z   ...
integration (1)	Test applicable combined-tree invariants without publishing or live imports	2026-10-09T11:02:14.6417153Z # Subtest: a truncated successful POST receipt is resolved by direct immutable metadata reread
integration (1)	Test applicable combined-tree invariants without publishing or live imports	2026-10-09T11:02:14.6417853Z ok 436 - a truncated successful POST receipt is resolved by direct immutable metadata reread
integration (1)	Test applicable combined-tree invariants without publishing or live imports	2026-10-09T11:02:14.6418275Z   ---
integration (1)	Test applicable combined-tree invariants without publishing or live imports	2026-10-09T11:02:14.6418462Z   duration_ms: 27.107613
integration (1)	Test applicable combined-tree invariants without publishing or live imports	2026-10-09T11:02:14.6418680Z   type: 'test'
integration (1)	Test applicable combined-tree invariants without publishing or live imports	2026-10-09T11:02:14.6418867Z   ...
integration (1)	Test applicable combined-tree invariants without publishing or live imports	2026-10-09T11:02:14.6419610Z # Subtest: optional registered source archives are checked by stable ID and digest before linking provenance
integration (1)	Test applicable combined-tree invariants without publishing or live imports	2026-10-09T11:02:14.6420447Z ok 437 - optional registered source archives are checked by stable ID and digest before linking provenance
integration (1)	Test applicable combined-tree invariants without publishing or live imports	2026-10-09T11:02:14.6420920Z   ---
integration (1)	Test applicable combined-tree invariants without publishing or live imports	2026-10-09T11:02:14.6421108Z   duration_ms: 35.627308
integration (1)	Test applicable combined-tree invariants without publishing or live imports	2026-10-09T11:02:14.6421328Z   type: 'test'
integration (1)	Test applicable combined-tree invariants without publishing or live imports	2026-10-09T11:02:14.6421509Z   ...
integration (1)	Test applicable combined-tree invariants without publishing or live imports	2026-10-09T11:02:14.6422017Z # Subtest: older services without provenance capability stop before creating immutable incomplete metadata
integration (1)	Test applicable combined-tree invariants without publishing or live imports	2026-10-09T11:02:14.6422820Z ok 438 - older services without provenance capability stop before creating immutable incomplete metadata
integration (1)	Test applicable combined-tree invariants without publishing or live imports	2026-10-09T11:02:14.6423286Z   ---
integration (1)	Test applicable combined-tree invariants without publishing or live imports	2026-10-09T11:02:14.6423469Z   duration_ms: 21.792646
integration (1)	Test applicable combined-tree invariants without publishing or live imports	2026-10-09T11:02:14.6423688Z   type: 'test'
integration (1)	Test applicable combined-tree invariants without publishing or live imports	2026-10-09T11:02:14.6423877Z   ...
integration (1)	Test applicable combined-tree invariants without publishing or live imports	2026-10-09T11:02:14.6424464Z # Subtest: century transport preserves exact intervals, dated identities and contested provenance with deterministic assets
integration (1)	Test applicable combined-tree invariants without publishing or live imports	2026-10-09T11:02:14.6425408Z ok 439 - century transport preserves exact intervals, dated identities and contested provenance with deterministic assets
integration (1)	Test applicable combined-tree invariants without publishing or live imports	2026-10-09T11:02:14.6425931Z   ---
integration (1)	Test applicable combined-tree invariants without publishing or live imports	2026-10-09T11:02:14.6426121Z   duration_ms: 231.843785
integration (1)	Test applicable combined-tree invariants without publishing or live imports	2026-10-09T11:02:14.6426343Z   type: 'test'
integration (1)	Test applicable combined-tree invariants without publishing or live imports	2026-10-09T11:02:14.6426527Z   ...
integration (1)	Test applicable combined-tree invariants without publishing or live imports	2026-10-09T11:02:14.6426926Z # Subtest: real wrapper rejects missing/wrong/expired auth before any storage call
integration (1)	Test applicable combined-tree invariants without publishing or live imports	2026-10-09T11:02:14.6427532Z ok 440 - real wrapper rejects missing/wrong/expired auth before any storage call
integration (1)	Test applicable combined-tree invariants without publishing or live imports	2026-10-09T11:02:14.6428048Z   ---
integration (1)	Test applicable combined-tree invariants without publishing or live imports	2026-10-09T11:02:14.6428236Z   duration_ms: 39.225372
integration (1)	Test applicable combined-tree invariants without publishing or live imports	2026-10-09T11:02:14.6428449Z   type: 'test'
integration (1)	Test applicable combined-tree invariants without publishing or live imports	2026-10-09T11:02:14.6428630Z   ...
integration (1)	Test applicable combined-tree invariants without publishing or live imports	2026-10-09T11:02:14.6429076Z # Subtest: complete enumeration includes unregistered keys and original metadata and cursor
integration (1)	Test applicable combined-tree invariants without publishing or live imports	2026-10-09T11:02:14.6430004Z ok 441 - complete enumeration includes unregistered keys and original metadata and cursor
integration (1)	Test applicable combined-tree invariants without publishing or live imports	2026-10-09T11:02:14.6430422Z   ---
integration (1)	Test applicable combined-tree invariants without publishing or live imports	2026-10-09T11:02:14.6430613Z   duration_ms: 3.983566
integration (1)	Test applicable combined-tree invariants without publishing or live imports	2026-10-09T11:02:14.6430823Z   type: 'test'
integration (1)	Test applicable combined-tree invariants without publishing or live imports	2026-10-09T11:02:14.6431005Z   ...
integration (1)	Test applicable combined-tree invariants without publishing or live imports	2026-10-09T11:02:14.6431394Z # Subtest: opaque key read returns exact bytes and every write method is rejected
integration (1)	Test applicable combined-tree invariants without publishing or live imports	2026-10-09T11:02:14.6431980Z ok 442 - opaque key read returns exact bytes and every write method is rejected
integration (1)	Test applicable combined-tree invariants without publishing or live imports	2026-10-09T11:02:14.6432479Z   ---
integration (1)	Test applicable combined-tree invariants without publishing or live imports	2026-10-09T11:02:14.6432667Z   duration_ms: 4.775738
integration (1)	Test applicable combined-tree invariants without publishing or live imports	2026-10-09T11:02:14.6432874Z   type: 'test'
integration (1)	Test applicable combined-tree invariants without publishing or live imports	2026-10-09T11:02:14.6433054Z   ...
integration (1)	Test applicable combined-tree invariants without publishing or live imports	2026-10-09T11:02:14.6433542Z # Subtest: conditional read, missing body, provider failure and adjacent prefix preserve safe behavior
integration (1)	Test applicable combined-tree invariants without publishing or live imports	2026-10-09T11:02:14.6434304Z ok 443 - conditional read, missing body, provider failure and adjacent prefix preserve safe behavior
integration (1)	Test applicable combined-tree invariants without publishing or live imports	2026-10-09T11:02:14.6434752Z   ---
integration (1)	Test applicable combined-tree invariants without publishing or live imports	2026-10-09T11:02:14.6434937Z   duration_ms: 3.074985
integration (1)	Test applicable combined-tree invariants without publishing or live imports	2026-10-09T11:02:14.6435146Z   type: 'test'
integration (1)	Test applicable combined-tree invariants without publishing or live imports	2026-10-09T11:02:14.6435332Z   ...
integration (1)	Test applicable combined-tree invariants without publishing or live imports	2026-10-09T11:02:14.6435871Z # Subtest: checkpoint packing deterministically preserves all fourteen exported tables and every original byte
integration (1)	Test applicable combined-tree invariants without publishing or live imports	2026-10-09T11:02:14.6436725Z ok 444 - checkpoint packing deterministically preserves all fourteen exported tables and every original byte
integration (1)	Test applicable combined-tree invariants without publishing or live imports	2026-10-09T11:02:14.6437212Z   ---
integration (1)	Test applicable combined-tree invariants without publishing or live imports	2026-10-09T11:02:14.6437395Z   duration_ms: 257.71397
integration (1)	Test applicable combined-tree invariants without publishing or live imports	2026-10-09T11:02:14.6437608Z   type: 'test'
integration (1)	Test applicable combined-tree invariants without publishing or live imports	2026-10-09T11:02:14.6437795Z   ...
integration (1)	Test applicable combined-tree invariants without publishing or live imports	2026-10-09T11:02:14.6438398Z # Subtest: checkpoint rejects compressed tampering, original hashes and unsafe paths without publishing partial output
integration (1)	Test applicable combined-tree invariants without publishing or live imports	2026-10-09T11:02:14.6439544Z ok 445 - checkpoint rejects compressed tampering, original hashes and unsafe paths without publishing partial output
integration (1)	Test applicable combined-tree invariants without publishing or live imports	2026-10-09T11:02:14.6440156Z   ---
integration (1)	Test applicable combined-tree invariants without publishing or live imports	2026-10-09T11:02:14.6440375Z   duration_ms: 117.451387
integration (1)	Test applicable combined-tree invariants without publishing or live imports	2026-10-09T11:02:14.6440609Z   type: 'test'
integration (1)	Test applicable combined-tree invariants without publishing or live imports	2026-10-09T11:02:14.6440797Z   ...
integration (1)	Test applicable combined-tree invariants without publishing or live imports	2026-10-09T11:02:14.6441328Z # Subtest: a recomputed gzip hash cannot bypass the independent decompression bound
integration (1)	Test applicable combined-tree invariants without publishing or live imports	2026-10-09T11:02:14.6441961Z ok 446 - a recomputed gzip hash cannot bypass the independent decompression bound
integration (1)	Test applicable combined-tree invariants without publishing or live imports	2026-10-09T11:02:14.6442351Z   ---
integration (1)	Test applicable combined-tree invariants without publishing or live imports	2026-10-09T11:02:14.6442540Z   duration_ms: 109.453918
integration (1)	Test applicable combined-tree invariants without publishing or live imports	2026-10-09T11:02:14.6442759Z   type: 'test'
integration (1)	Test applicable combined-tree invariants without publishing or live imports	2026-10-09T11:02:14.6442944Z   ...
integration (1)	Test applicable combined-tree invariants without publishing or live imports	2026-10-09T11:02:14.6443448Z # Subtest: symlinked checkpoint parts and changed source exports are rejected without replacing evidence
integration (1)	Test applicable combined-tree invariants without publishing or live imports	2026-10-09T11:02:14.6444844Z ok 447 - symlinked checkpoint parts and changed source exports are rejected without replacing evidence
integration (1)	Test applicable combined-tree invariants without publishing or live imports	2026-10-09T11:02:14.6445662Z   ---
integration (1)	Test applicable combined-tree invariants without publishing or live imports	2026-10-09T11:02:14.6445997Z   duration_ms: 107.755319
integration (1)	Test applicable combined-tree invariants without publishing or live imports	2026-10-09T11:02:14.6446377Z   type: 'test'
integration (1)	Test applicable combined-tree invariants without publishing or live imports	2026-10-09T11:02:14.6446699Z   ...
integration (1)	Test applicable combined-tree invariants without publishing or live imports	2026-10-09T11:02:14.6447279Z # Subtest: existing destinations are immutable and ordinary restore validates source hashes before any database call
integration (1)	Test applicable combined-tree invariants without publishing or live imports	2026-10-09T11:02:14.6448180Z ok 448 - existing destinations are immutable and ordinary restore validates source hashes before any database call
integration (1)	Test applicable combined-tree invariants without publishing or live imports	2026-10-09T11:02:14.6448687Z   ---
integration (1)	Test applicable combined-tree invariants without publishing or live imports	2026-10-09T11:02:14.6448879Z   duration_ms: 133.339288
integration (1)	Test applicable combined-tree invariants without publishing or live imports	2026-10-09T11:02:14.6449102Z   type: 'test'
integration (1)	Test applicable combined-tree invariants without publishing or live imports	2026-10-09T11:02:14.6449291Z   ...
integration (1)	Test applicable combined-tree invariants without publishing or live imports	2026-10-09T11:02:14.6450094Z # Subtest: verified existing destinations reject checkpoint identity-summary tampering
integration (1)	Test applicable combined-tree invariants without publishing or live imports	2026-10-09T11:02:14.6450781Z ok 449 - verified existing destinations reject checkpoint identity-summary tampering
integration (1)	Test applicable combined-tree invariants without publishing or live imports	2026-10-09T11:02:14.6451185Z   ---
integration (1)	Test applicable combined-tree invariants without publishing or live imports	2026-10-09T11:02:14.6451386Z   duration_ms: 150.727082
integration (1)	Test applicable combined-tree invariants without publishing or live imports	2026-10-09T11:02:14.6451611Z   type: 'test'
integration (1)	Test applicable combined-tree invariants without publishing or live imports	2026-10-09T11:02:14.6451800Z   ...
integration (1)	Test applicable combined-tree invariants without publishing or live imports	2026-10-09T11:02:14.6452205Z # Subtest: stale body, state, candidate bytes and active worker/PR prevent writes
integration (1)	Test applicable combined-tree invariants without publishing or live imports	2026-10-09T11:02:14.6452977Z ok 450 - stale body, state, candidate bytes and active worker/PR prevent writes
integration (1)	Test applicable combined-tree invariants without publishing or live imports	2026-10-09T11:02:14.6453353Z   ---
integration (1)	Test applicable combined-tree invariants without publishing or live imports	2026-10-09T11:02:14.6453552Z   duration_ms: 3.008782
integration (1)	Test applicable combined-tree invariants without publishing or live imports	2026-10-09T11:02:14.6453770Z   type: 'test'
integration (1)	Test applicable combined-tree invariants without publishing or live imports	2026-10-09T11:02:14.6453962Z   ...
integration (1)	Test applicable combined-tree invariants without publishing or live imports	2026-10-09T11:02:14.6454309Z # Subtest: unrelated scope and original prose cannot be overwritten
integration (1)	Test applicable combined-tree invariants without publishing or live imports	2026-10-09T11:02:14.6454824Z ok 451 - unrelated scope and original prose cannot be overwritten
integration (1)	Test applicable combined-tree invariants without publishing or live imports	2026-10-09T11:02:14.6455154Z   ---
integration (1)	Test applicable combined-tree invariants without publishing or live imports	2026-10-09T11:02:14.6455343Z   duration_ms: 0.529772
integration (1)	Test applicable combined-tree invariants without publishing or live imports	2026-10-09T11:02:14.6455556Z   type: 'test'
integration (1)	Test applicable combined-tree invariants without publishing or live imports	2026-10-09T11:02:14.6455740Z   ...
integration (1)	Test applicable combined-tree invariants without publishing or live imports	2026-10-09T11:02:14.6456197Z # Subtest: read-only preflight issues no writes and checks the complete batch before applying
integration (1)	Test applicable combined-tree invariants without publishing or live imports	2026-10-09T11:02:14.6456907Z ok 452 - read-only preflight issues no writes and checks the complete batch before applying
integration (1)	Test applicable combined-tree invariants without publishing or live imports	2026-10-09T11:02:14.6457453Z   ---
integration (1)	Test applicable combined-tree invariants without publishing or live imports	2026-10-09T11:02:14.6457641Z   duration_ms: 6.464729
integration (1)	Test applicable combined-tree invariants without publishing or live imports	2026-10-09T11:02:14.6457852Z   type: 'test'
integration (1)	Test applicable combined-tree invariants without publishing or live imports	2026-10-09T11:02:14.6458037Z   ...
integration (1)	Test applicable combined-tree invariants without publishing or live imports	2026-10-09T11:02:14.6458446Z # Subtest: bounded application reads back each correction and is idempotent
integration (1)	Test applicable combined-tree invariants without publishing or live imports	2026-10-09T11:02:14.6459014Z ok 453 - bounded application reads back each correction and is idempotent
integration (1)	Test applicable combined-tree invariants without publishing or live imports	2026-10-09T11:02:14.6459616Z   ---
integration (1)	Test applicable combined-tree invariants without publishing or live imports	2026-10-09T11:02:14.6459925Z   duration_ms: 4.616911
integration (1)	Test applicable combined-tree invariants without publishing or live imports	2026-10-09T11:02:14.6460142Z   type: 'test'
integration (1)	Test applicable combined-tree invariants without publishing or live imports	2026-10-09T11:02:14.6460328Z   ...
integration (1)	Test applicable combined-tree invariants without publishing or live imports	2026-10-09T11:02:14.6460749Z # Subtest: failed readback retains partial receipt and stops before remaining writes
integration (1)	Test applicable combined-tree invariants without publishing or live imports	2026-10-09T11:02:14.6461386Z ok 454 - failed readback retains partial receipt and stops before remaining writes
integration (1)	Test applicable combined-tree invariants without publishing or live imports	2026-10-09T11:02:14.6461774Z   ---
integration (1)	Test applicable combined-tree invariants without publishing or live imports	2026-10-09T11:02:14.6461958Z   duration_ms: 1.326754
integration (1)	Test applicable combined-tree invariants without publishing or live imports	2026-10-09T11:02:14.6462170Z   type: 'test'
integration (1)	Test applicable combined-tree invariants without publishing or live imports	2026-10-09T11:02:14.6462353Z   ...
integration (1)	Test applicable combined-tree invariants without publishing or live imports	2026-10-09T11:02:14.6462712Z # Subtest: unexpected issue scope cannot expand the mutation targets
integration (1)	Test applicable combined-tree invariants without publishing or live imports	2026-10-09T11:02:14.6463229Z ok 455 - unexpected issue scope cannot expand the mutation targets
integration (1)	Test applicable combined-tree invariants without publishing or live imports	2026-10-09T11:02:14.6463561Z   ---
integration (1)	Test applicable combined-tree invariants without publishing or live imports	2026-10-09T11:02:14.6463762Z   duration_ms: 0.344034
integration (1)	Test applicable combined-tree invariants without publishing or live imports	2026-10-09T11:02:14.6463972Z   type: 'test'
integration (1)	Test applicable combined-tree invariants without publishing or live imports	2026-10-09T11:02:14.6464155Z   ...
integration (1)	Test applicable combined-tree invariants without publishing or live imports	2026-10-09T11:02:14.6464549Z # Subtest: fresh body recheck prevents overwriting an edit after batch preflight
integration (1)	Test applicable combined-tree invariants without publishing or live imports	2026-10-09T11:02:14.6465142Z ok 456 - fresh body recheck prevents overwriting an edit after batch preflight
integration (1)	Test applicable combined-tree invariants without publishing or live imports	2026-10-09T11:02:14.6465515Z   ---
integration (1)	Test applicable combined-tree invariants without publishing or live imports	2026-10-09T11:02:14.6465697Z   duration_ms: 1.910706
integration (1)	Test applicable combined-tree invariants without publishing or live imports	2026-10-09T11:02:14.6465904Z   type: 'test'
integration (1)	Test applicable combined-tree invariants without publishing or live imports	2026-10-09T11:02:14.6466087Z   ...
integration (1)	Test applicable combined-tree invariants without publishing or live imports	2026-10-09T11:02:14.6466539Z # Subtest: scope property serialization order does not imply changed release or ownership
integration (1)	Test applicable combined-tree invariants without publishing or live imports	2026-10-09T11:02:14.6467228Z ok 457 - scope property serialization order does not imply changed release or ownership
integration (1)	Test applicable combined-tree invariants without publishing or live imports	2026-10-09T11:02:14.6467640Z   ---
integration (1)	Test applicable combined-tree invariants without publishing or live imports	2026-10-09T11:02:14.6467829Z   duration_ms: 0.364732
integration (1)	Test applicable combined-tree invariants without publishing or live imports	2026-10-09T11:02:14.6468038Z   type: 'test'
integration (1)	Test applicable combined-tree invariants without publishing or live imports	2026-10-09T11:02:14.6468225Z   ...
integration (1)	Test applicable combined-tree invariants without publishing or live imports	2026-10-09T11:02:14.6468642Z # Subtest: a wrong hash label is rejected even when source scope is otherwise unchanged
integration (1)	Test applicable combined-tree invariants without publishing or live imports	2026-10-09T11:02:14.6469264Z ok 458 - a wrong hash label is rejected even when source scope is otherwise unchanged
integration (1)	Test applicable combined-tree invariants without publishing or live imports	2026-10-09T11:02:14.6469926Z   ---
integration (1)	Test applicable combined-tree invariants without publishing or live imports	2026-10-09T11:02:14.6470123Z   duration_ms: 0.412602
integration (1)	Test applicable combined-tree invariants without publishing or live imports	2026-10-09T11:02:14.6470342Z   type: 'test'
integration (1)	Test applicable combined-tree invariants without publishing or live imports	2026-10-09T11:02:14.6470535Z   ...
integration (1)	Test applicable combined-tree invariants without publishing or live imports	2026-10-09T11:02:14.6471111Z # Subtest: opt-in inline temporal pages retain exact standalone claims, permanent withdrawals, source and release pins
integration (1)	Test applicable combined-tree invariants without publishing or live imports	2026-10-09T11:02:14.6472013Z ok 459 - opt-in inline temporal pages retain exact standalone claims, permanent withdrawals, source and release pins
integration (1)	Test applicable combined-tree invariants without publishing or live imports	2026-10-09T11:02:14.6472516Z   ---
integration (1)	Test applicable combined-tree invariants without publishing or live imports	2026-10-09T11:02:14.6472704Z   duration_ms: 2654.32932
integration (1)	Test applicable combined-tree invariants without publishing or live imports	2026-10-09T11:02:14.6472925Z   type: 'test'
integration (1)	Test applicable combined-tree invariants without publishing or live imports	2026-10-09T11:02:14.6473120Z   ...
integration (1)	Test applicable combined-tree invariants without publishing or live imports	2026-10-09T11:02:14.6473594Z # Subtest: a revision change between scalar and inline temporal reads rejects the complete response
integration (1)	Test applicable combined-tree invariants without publishing or live imports	2026-10-09T11:02:14.6474339Z ok 460 - a revision change between scalar and inline temporal reads rejects the complete response
integration (1)	Test applicable combined-tree invariants without publishing or live imports	2026-10-09T11:02:14.6474774Z   ---
integration (1)	Test applicable combined-tree invariants without publishing or live imports	2026-10-09T11:02:14.6475114Z   duration_ms: 1566.937421
integration (1)	Test applicable combined-tree invariants without publishing or live imports	2026-10-09T11:02:14.6475336Z   type: 'test'
integration (1)	Test applicable combined-tree invariants without publishing or live imports	2026-10-09T11:02:14.6475527Z   ...
integration (1)	Test applicable combined-tree invariants without publishing or live imports	2026-10-09T11:02:14.6475942Z # Subtest: incomplete bounded temporal streams stay on the ordinary paging protocol
integration (1)	Test applicable combined-tree invariants without publishing or live imports	2026-10-09T11:02:14.6476570Z ok 461 - incomplete bounded temporal streams stay on the ordinary paging protocol
integration (1)	Test applicable combined-tree invariants without publishing or live imports	2026-10-09T11:02:14.6476955Z   ---
integration (1)	Test applicable combined-tree invariants without publishing or live imports	2026-10-09T11:02:14.6477139Z   duration_ms: 4054.684527
integration (1)	Test applicable combined-tree invariants without publishing or live imports	2026-10-09T11:02:14.6477358Z   type: 'test'
integration (1)	Test applicable combined-tree invariants without publishing or live imports	2026-10-09T11:02:14.6477546Z   ...
integration (1)	Test applicable combined-tree invariants without publishing or live imports	2026-10-09T11:02:14.6477936Z # Subtest: inline geography never widens the total scalar response byte limit
integration (1)	Test applicable combined-tree invariants without publishing or live imports	2026-10-09T11:02:14.6478514Z ok 462 - inline geography never widens the total scalar response byte limit
integration (1)	Test applicable combined-tree invariants without publishing or live imports	2026-10-09T11:02:14.6478878Z   ---
integration (1)	Test applicable combined-tree invariants without publishing or live imports	2026-10-09T11:02:14.6479202Z   duration_ms: 6097.440281
integration (1)	Test applicable combined-tree invariants without publishing or live imports	2026-10-09T11:02:14.6479702Z   type: 'test'
integration (1)	Test applicable combined-tree invariants without publishing or live imports	2026-10-09T11:02:14.6479902Z   ...
integration (1)	Test applicable combined-tree invariants without publishing or live imports	2026-10-09T11:02:14.6480518Z # Subtest: complete reference chains remain labeled fallback; BC/AD, exclusive end and province-level changes resolve identically
integration (1)	Test applicable combined-tree invariants without publishing or live imports	2026-10-09T11:02:14.6481495Z ok 463 - complete reference chains remain labeled fallback; BC/AD, exclusive end and province-level changes resolve identically
integration (1)	Test applicable combined-tree invariants without publishing or live imports	2026-10-09T11:02:14.6482027Z   ---
integration (1)	Test applicable combined-tree invariants without publishing or live imports	2026-10-09T11:02:14.6482211Z   duration_ms: 1528.124724
integration (1)	Test applicable combined-tree invariants without publishing or live imports	2026-10-09T11:02:14.6482434Z   type: 'test'
integration (1)	Test applicable combined-tree invariants without publishing or live imports	2026-10-09T11:02:14.6482615Z   ...
integration (1)	Test applicable combined-tree invariants without publishing or live imports	2026-10-09T11:02:14.6483146Z # Subtest: SQL source, tier, equal-precedence overlap, release and example guards reject atomic invalid imports
integration (1)	Test applicable combined-tree invariants without publishing or live imports	2026-10-09T11:02:14.6483983Z ok 464 - SQL source, tier, equal-precedence overlap, release and example guards reject atomic invalid imports
integration (1)	Test applicable combined-tree invariants without publishing or live imports	2026-10-09T11:02:14.6484462Z   ---
integration (1)	Test applicable combined-tree invariants without publishing or live imports	2026-10-09T11:02:14.6484646Z   duration_ms: 1483.363975
integration (1)	Test applicable combined-tree invariants without publishing or live imports	2026-10-09T11:02:14.6484870Z   type: 'test'
integration (1)	Test applicable combined-tree invariants without publishing or live imports	2026-10-09T11:02:14.6485052Z   ...
integration (1)	Test applicable combined-tree invariants without publishing or live imports	2026-10-09T11:02:14.6485607Z # Subtest: ancestor absence rejects disconnected descendants but permits atomic reparenting or existence suppression
integration (1)	Test applicable combined-tree invariants without publishing or live imports	2026-10-09T11:02:14.6486490Z ok 465 - ancestor absence rejects disconnected descendants but permits atomic reparenting or existence suppression
integration (1)	Test applicable combined-tree invariants without publishing or live imports	2026-10-09T11:02:14.6486995Z   ---
integration (1)	Test applicable combined-tree invariants without publishing or live imports	2026-10-09T11:02:14.6487190Z   duration_ms: 1523.815994
integration (1)	Test applicable combined-tree invariants without publishing or live imports	2026-10-09T11:02:14.6487417Z   type: 'test'
integration (1)	Test applicable combined-tree invariants without publishing or live imports	2026-10-09T11:02:14.6487604Z   ...
integration (1)	Test applicable combined-tree invariants without publishing or live imports	2026-10-09T11:02:14.6488051Z # Subtest: all overlapping ancestor transitions are validated, including interior absence outside child endpoints
integration (1)	Test applicable combined-tree invariants without publishing or live imports	2026-10-09T11:02:14.6488487Z ok 466 - all overlapping ancestor transitions are validated, including interior absence outside child endpoints
integration (1)	Test applicable combined-tree invariants without publishing or live imports	2026-10-09T11:02:14.6488570Z   ---
integration (1)	Test applicable combined-tree invariants without publishing or live imports	2026-10-09T11:02:14.6488661Z   duration_ms: 1511.783471
integration (1)	Test applicable combined-tree invariants without publishing or live imports	2026-10-09T11:02:14.6488750Z   type: 'test'
integration (1)	Test applicable combined-tree invariants without publishing or live imports	2026-10-09T11:02:14.6488830Z   ...
integration (1)	Test applicable combined-tree invariants without publishing or live imports	2026-10-09T11:02:14.6489249Z # Subtest: explicit unknown blocks weaker and opt-in examples while maintaining the complete reference chain
integration (1)	Test applicable combined-tree invariants without publishing or live imports	2026-10-09T11:02:14.6489897Z ok 467 - explicit unknown blocks weaker and opt-in examples while maintaining the complete reference chain
integration (1)	Test applicable combined-tree invariants without publishing or live imports	2026-10-09T11:02:14.6489985Z   ---
integration (1)	Test applicable combined-tree invariants without publishing or live imports	2026-10-09T11:02:14.6490084Z   duration_ms: 1488.919278
integration (1)	Test applicable combined-tree invariants without publishing or live imports	2026-10-09T11:02:14.6490252Z   type: 'test'
integration (1)	Test applicable combined-tree invariants without publishing or live imports	2026-10-09T11:02:14.6490388Z   ...
integration (1)	Test applicable combined-tree invariants without publishing or live imports	2026-10-09T11:02:14.6490873Z # Subtest: atomic corrections preserve original JSON text, withdrawals, stable retries and missing-replacement rollback
integration (1)	Test applicable combined-tree invariants without publishing or live imports	2026-10-09T11:02:14.6491343Z ok 468 - atomic corrections preserve original JSON text, withdrawals, stable retries and missing-replacement rollback
integration (1)	Test applicable combined-tree invariants without publishing or live imports	2026-10-09T11:02:14.6491430Z   ---
integration (1)	Test applicable combined-tree invariants without publishing or live imports	2026-10-09T11:02:14.6491524Z   duration_ms: 1542.15099
integration (1)	Test applicable combined-tree invariants without publishing or live imports	2026-10-09T11:02:14.6491610Z   type: 'test'
integration (1)	Test applicable combined-tree invariants without publishing or live imports	2026-10-09T11:02:14.6491685Z   ...
integration (1)	Test applicable combined-tree invariants without publishing or live imports	2026-10-09T11:02:14.6492123Z # Subtest: SQL independently prevents forged validation, dangling receipts and appending to a sealed receipt
integration (1)	Test applicable combined-tree invariants without publishing or live imports	2026-10-09T11:02:14.6492551Z ok 469 - SQL independently prevents forged validation, dangling receipts and appending to a sealed receipt
integration (1)	Test applicable combined-tree invariants without publishing or live imports	2026-10-09T11:02:14.6492632Z   ---
integration (1)	Test applicable combined-tree invariants without publishing or live imports	2026-10-09T11:02:14.6492732Z   duration_ms: 1504.642376
integration (1)	Test applicable combined-tree invariants without publishing or live imports	2026-10-09T11:02:14.6492819Z   type: 'test'
integration (1)	Test applicable combined-tree invariants without publishing or live imports	2026-10-09T11:02:14.6493045Z   ...
integration (1)	Test applicable combined-tree invariants without publishing or live imports	2026-10-09T11:02:14.6493384Z # Subtest: known identity lifetimes cannot be resurrected or widened by a dated claim
integration (1)	Test applicable combined-tree invariants without publishing or live imports	2026-10-09T11:02:14.6493701Z ok 470 - known identity lifetimes cannot be resurrected or widened by a dated claim
integration (1)	Test applicable combined-tree invariants without publishing or live imports	2026-10-09T11:02:14.6493777Z   ---
integration (1)	Test applicable combined-tree invariants without publishing or live imports	2026-10-09T11:02:14.6493871Z   duration_ms: 1501.057713
integration (1)	Test applicable combined-tree invariants without publishing or live imports	2026-10-09T11:02:14.6493952Z   type: 'test'
integration (1)	Test applicable combined-tree invariants without publishing or live imports	2026-10-09T11:02:14.6494036Z   ...
integration (1)	Test applicable combined-tree invariants without publishing or live imports	2026-10-09T11:02:14.6494376Z # Subtest: paged claims retain exclusions, provenance, release and one shared revision
integration (1)	Test applicable combined-tree invariants without publishing or live imports	2026-10-09T11:02:14.6494690Z ok 471 - paged claims retain exclusions, provenance, release and one shared revision
integration (1)	Test applicable combined-tree invariants without publishing or live imports	2026-10-09T11:02:14.6494776Z   ---
integration (1)	Test applicable combined-tree invariants without publishing or live imports	2026-10-09T11:02:14.6494877Z   duration_ms: 1461.954896
integration (1)	Test applicable combined-tree invariants without publishing or live imports	2026-10-09T11:02:14.6494961Z   type: 'test'
integration (1)	Test applicable combined-tree invariants without publishing or live imports	2026-10-09T11:02:14.6495158Z   ...
integration (1)	Test applicable combined-tree invariants without publishing or live imports	2026-10-09T11:02:14.6495710Z # Subtest: bounded production pages skip the reference registry in source-free years and return only winners with deduplicated sources
integration (1)	Test applicable combined-tree invariants without publishing or live imports	2026-10-09T11:02:14.6496238Z ok 472 - bounded production pages skip the reference registry in source-free years and return only winners with deduplicated sources
integration (1)	Test applicable combined-tree invariants without publishing or live imports	2026-10-09T11:02:14.6496325Z   ---
integration (1)	Test applicable combined-tree invariants without publishing or live imports	2026-10-09T11:02:14.6496423Z   duration_ms: 1532.523012
integration (1)	Test applicable combined-tree invariants without publishing or live imports	2026-10-09T11:02:14.6496505Z   type: 'test'
integration (1)	Test applicable combined-tree invariants without publishing or live imports	2026-10-09T11:02:14.6496587Z   ...
integration (1)	Test applicable combined-tree invariants without publishing or live imports	2026-10-09T11:02:14.6497011Z # Subtest: permanent withdrawal pages retain claims outside the selected year and share the pinned revision
integration (1)	Test applicable combined-tree invariants without publishing or live imports	2026-10-09T11:02:14.6497424Z ok 473 - permanent withdrawal pages retain claims outside the selected year and share the pinned revision
integration (1)	Test applicable combined-tree invariants without publishing or live imports	2026-10-09T11:02:14.6497505Z   ---
integration (1)	Test applicable combined-tree invariants without publishing or live imports	2026-10-09T11:02:14.6497597Z   duration_ms: 1646.019057
integration (1)	Test applicable combined-tree invariants without publishing or live imports	2026-10-09T11:02:14.6497685Z   type: 'test'
integration (1)	Test applicable combined-tree invariants without publishing or live imports	2026-10-09T11:02:14.6497766Z   ...
integration (1)	Test applicable combined-tree invariants without publishing or live imports	2026-10-09T11:02:14.6498315Z # Subtest: legacy source metadata is byte-preflighted before materialization and oversized pages fail with a bounded retry suggestion
integration (1)	Test applicable combined-tree invariants without publishing or live imports	2026-10-09T11:02:14.6498854Z ok 474 - legacy source metadata is byte-preflighted before materialization and oversized pages fail with a bounded retry suggestion
integration (1)	Test applicable combined-tree invariants without publishing or live imports	2026-10-09T11:02:14.6498938Z   ---
integration (1)	Test applicable combined-tree invariants without publishing or live imports	2026-10-09T11:02:14.6499029Z   duration_ms: 1704.041858
integration (1)	Test applicable combined-tree invariants without publishing or live imports	2026-10-09T11:02:14.6499117Z   type: 'test'
integration (1)	Test applicable combined-tree invariants without publishing or live imports	2026-10-09T11:02:14.6499198Z   ...
integration (1)	Test applicable combined-tree invariants without publishing or live imports	2026-10-09T11:02:14.6499786Z # Subtest: raw SQL cannot store fractional years or alter retained temporal facts and receipts
integration (1)	Test applicable combined-tree invariants without publishing or live imports	2026-10-09T11:02:14.6500281Z ok 475 - raw SQL cannot store fractional years or alter retained temporal facts and receipts
integration (1)	Test applicable combined-tree invariants without publishing or live imports	2026-10-09T11:02:14.6500364Z   ---
integration (1)	Test applicable combined-tree invariants without publishing or live imports	2026-10-09T11:02:14.6500464Z   duration_ms: 1457.983982
integration (1)	Test applicable combined-tree invariants without publishing or live imports	2026-10-09T11:02:14.6500551Z   type: 'test'
integration (1)	Test applicable combined-tree invariants without publishing or live imports	2026-10-09T11:02:14.6500627Z   ...
integration (1)	Test applicable combined-tree invariants without publishing or live imports	2026-10-09T11:02:14.6501071Z # Subtest: actual hosted winner and withdrawal streams hydrate the browser resolver without full registry reads
integration (1)	Test applicable combined-tree invariants without publishing or live imports	2026-10-09T11:02:14.6501499Z ok 476 - actual hosted winner and withdrawal streams hydrate the browser resolver without full registry reads
integration (1)	Test applicable combined-tree invariants without publishing or live imports	2026-10-09T11:02:14.6501575Z   ---
integration (1)	Test applicable combined-tree invariants without publishing or live imports	2026-10-09T11:02:14.6501668Z   duration_ms: 1523.684142
integration (1)	Test applicable combined-tree invariants without publishing or live imports	2026-10-09T11:02:14.6501754Z   type: 'test'
integration (1)	Test applicable combined-tree invariants without publishing or live imports	2026-10-09T11:02:14.6501833Z   ...
integration (1)	Test applicable combined-tree invariants without publishing or live imports	2026-10-09T11:02:14.6502264Z # Subtest: trusted geography controls reject candidate scripts, import shadows and conflicting integrations
integration (1)	Test applicable combined-tree invariants without publishing or live imports	2026-10-09T11:02:14.6502706Z not ok 477 - trusted geography controls reject candidate scripts, import shadows and conflicting integrations
integration (1)	Test applicable combined-tree invariants without publishing or live imports	2026-10-09T11:02:14.6502784Z   ---
integration (1)	Test applicable combined-tree invariants without publishing or live imports	2026-10-09T11:02:14.6502882Z   duration_ms: 6854.688469
integration (1)	Test applicable combined-tree invariants without publishing or live imports	2026-10-09T11:02:14.6502967Z   type: 'test'
integration (1)	Test applicable combined-tree invariants without publishing or live imports	2026-10-09T11:02:14.6503318Z   location: '/home/runner/work/WorldAtlas/WorldAtlas/test/trusted-geography-check.test.mjs:5:1'
integration (1)	Test applicable combined-tree invariants without publishing or live imports	2026-10-09T11:02:14.6503452Z   failureType: 'testCodeFailure'
integration (1)	Test applicable combined-tree invariants without publishing or live imports	2026-10-09T11:02:14.6503556Z   error: |-
integration (1)	Test applicable combined-tree invariants without publishing or live imports	2026-10-09T11:02:14.6503637Z     
integration (1)	Test applicable combined-tree invariants without publishing or live imports	2026-10-09T11:02:14.6504106Z     test_candidate_cannot_disable_gap_detection (__main__.TrustedCheckControls.test_candidate_cannot_disable_gap_detection) ... ok
integration (1)	Test applicable combined-tree invariants without publishing or live imports	2026-10-09T11:02:14.6504541Z     test_candidate_part_symlink_is_rejected (__main__.TrustedCheckControls.test_candidate_part_symlink_is_rejected) ... ok
integration (1)	Test applicable combined-tree invariants without publishing or live imports	2026-10-09T11:02:14.6505307Z     test_existing_invalid_geometry_is_checked_on_metadata_part_change (__main__.TrustedCheckControls.test_existing_invalid_geometry_is_checked_on_metadata_part_change) ... ok
integration (1)	Test applicable combined-tree invariants without publishing or live imports	2026-10-09T11:02:14.6505851Z     test_external_package_and_policy_tampering_is_rejected (__main__.TrustedCheckControls.test_external_package_and_policy_tampering_is_rejected) ... ok
integration (1)	Test applicable combined-tree invariants without publishing or live imports	2026-10-09T11:02:14.6506310Z     test_external_src_code_tampering_is_rejected (__main__.TrustedCheckControls.test_external_src_code_tampering_is_rejected) ... ok
integration (1)	Test applicable combined-tree invariants without publishing or live imports	2026-10-09T11:02:14.6506781Z     test_metadata_only_part_change_still_validates (__main__.TrustedCheckControls.test_metadata_only_part_change_still_validates) ... ok
integration (1)	Test applicable combined-tree invariants without publishing or live imports	2026-10-09T11:02:14.6507306Z     test_missing_or_symlinked_external_input_is_rejected (__main__.TrustedCheckControls.test_missing_or_symlinked_external_input_is_rejected) ... ok
integration (1)	Test applicable combined-tree invariants without publishing or live imports	2026-10-09T11:02:14.6507915Z     test_release_pointer_mismatch_is_not_inapplicable (__main__.TrustedCheckControls.test_release_pointer_mismatch_is_not_inapplicable) ... ok
integration (1)	Test applicable combined-tree invariants without publishing or live imports	2026-10-09T11:02:14.6508561Z     test_shallow_partial_fetch_reads_lazy_blobs_without_candidate_code (__main__.TrustedCheckControls.test_shallow_partial_fetch_reads_lazy_blobs_without_candidate_code) ... ERROR
integration (1)	Test applicable combined-tree invariants without publishing or live imports	2026-10-09T11:02:14.6509083Z     test_source_only_candidate_cannot_execute_its_script (__main__.TrustedCheckControls.test_source_only_candidate_cannot_execute_its_script) ... ok
integration (1)	Test applicable combined-tree invariants without publishing or live imports	2026-10-09T11:02:14.6509935Z     test_two_individually_valid_proposals_fail_when_combined (__main__.TrustedCheckControls.test_two_individually_valid_proposals_fail_when_combined) ... ok
integration (1)	Test applicable combined-tree invariants without publishing or live imports	2026-10-09T11:02:14.6510459Z     test_unfixed_commit_and_existing_report_fail_closed (__main__.TrustedCheckControls.test_unfixed_commit_and_existing_report_fail_closed) ... ok
integration (1)	Test applicable combined-tree invariants without publishing or live imports	2026-10-09T11:02:14.6510947Z     test_untracked_import_shadow_files_are_rejected (__main__.TrustedCheckControls.test_untracked_import_shadow_files_are_rejected) ... ok
integration (1)	Test applicable combined-tree invariants without publishing or live imports	2026-10-09T11:02:14.6511404Z     test_untracked_src_import_shadow_is_rejected (__main__.TrustedCheckControls.test_untracked_src_import_shadow_is_rejected) ... ok
integration (1)	Test applicable combined-tree invariants without publishing or live imports	2026-10-09T11:02:14.6511795Z     test_untrusted_checkout_cannot_run (__main__.TrustedCheckControls.test_untrusted_checkout_cannot_run) ... ok
integration (1)	Test applicable combined-tree invariants without publishing or live imports	2026-10-09T11:02:14.6512151Z     test_valid_joint_move_is_allowed (__main__.TrustedCheckControls.test_valid_joint_move_is_allowed) ... ok
integration (1)	Test applicable combined-tree invariants without publishing or live imports	2026-10-09T11:02:14.6512602Z     test_working_tree_checker_change_cannot_run (__main__.TrustedCheckControls.test_working_tree_checker_change_cannot_run) ... ok
integration (1)	Test applicable combined-tree invariants without publishing or live imports	2026-10-09T11:02:14.6512684Z     
integration (1)	Test applicable combined-tree invariants without publishing or live imports	2026-10-09T11:02:14.6512847Z     ======================================================================
integration (1)	Test applicable combined-tree invariants without publishing or live imports	2026-10-09T11:02:14.6513487Z     ERROR: test_shallow_partial_fetch_reads_lazy_blobs_without_candidate_code (__main__.TrustedCheckControls.test_shallow_partial_fetch_reads_lazy_blobs_without_candidate_code)
integration (1)	Test applicable combined-tree invariants without publishing or live imports	2026-10-09T11:02:14.6513687Z     ----------------------------------------------------------------------
integration (1)	Test applicable combined-tree invariants without publishing or live imports	2026-10-09T11:02:14.6513823Z     Traceback (most recent call last):
integration (1)	Test applicable combined-tree invariants without publishing or live imports	2026-10-09T11:02:14.6514483Z       File "/home/runner/work/WorldAtlas/WorldAtlas/test/trusted-geography-check.py", line 158, in test_shallow_partial_fetch_reads_lazy_blobs_without_candidate_code
integration (1)	Test applicable combined-tree invariants without publishing or live imports	2026-10-09T11:02:14.6514652Z         report = json.loads(output.read_bytes())
integration (1)	Test applicable combined-tree invariants without publishing or live imports	2026-10-09T11:02:14.6514784Z                             ^^^^^^^^^^^^^^^^^^^
integration (1)	Test applicable combined-tree invariants without publishing or live imports	2026-10-09T11:02:14.6515164Z       File "/opt/hostedtoolcache/Python/3.12.15/x64/lib/python3.12/pathlib.py", line 1019, in read_bytes
integration (1)	Test applicable combined-tree invariants without publishing or live imports	2026-10-09T11:02:14.6515296Z         with self.open(mode='rb') as f:
integration (1)	Test applicable combined-tree invariants without publishing or live imports	2026-10-09T11:02:14.6515411Z              ^^^^^^^^^^^^^^^^^^^^
integration (1)	Test applicable combined-tree invariants without publishing or live imports	2026-10-09T11:02:14.6515751Z       File "/opt/hostedtoolcache/Python/3.12.15/x64/lib/python3.12/pathlib.py", line 1013, in open
integration (1)	Test applicable combined-tree invariants without publishing or live imports	2026-10-09T11:02:14.6515977Z         return io.open(self, mode, buffering, encoding, errors, newline)
integration (1)	Test applicable combined-tree invariants without publishing or live imports	2026-10-09T11:02:14.6516137Z                ^^^^^^^^^^^^^^^^^^^^^^^^^^^^^^^^^^^^^^^^^^^^^^^^^^^^^^^^^
integration (1)	Test applicable combined-tree invariants without publishing or live imports	2026-10-09T11:02:14.6516860Z     FileNotFoundError: [Errno 2] No such file or directory: '/home/runner/work/WorldAtlas/WorldAtlas/.cache/trusted-geography-fixtures/tmpg3aqt1wx/isolated-fetch-control/fetch-report.json'
integration (1)	Test applicable combined-tree invariants without publishing or live imports	2026-10-09T11:02:14.6517074Z     
integration (1)	Test applicable combined-tree invariants without publishing or live imports	2026-10-09T11:02:14.6517270Z     ----------------------------------------------------------------------
integration (1)	Test applicable combined-tree invariants without publishing or live imports	2026-10-09T11:02:14.6517375Z     Ran 17 tests in 6.781s
integration (1)	Test applicable combined-tree invariants without publishing or live imports	2026-10-09T11:02:14.6517450Z     
integration (1)	Test applicable combined-tree invariants without publishing or live imports	2026-10-09T11:02:14.6517546Z     FAILED (errors=1)
integration (1)	Test applicable combined-tree invariants without publishing or live imports	2026-10-09T11:02:14.6517621Z     
integration (1)	Test applicable combined-tree invariants without publishing or live imports	2026-10-09T11:02:14.6517699Z     
integration (1)	Test applicable combined-tree invariants without publishing or live imports	2026-10-09T11:02:14.6517782Z     1 !== 0
integration (1)	Test applicable combined-tree invariants without publishing or live imports	2026-10-09T11:02:14.6517857Z     
integration (1)	Test applicable combined-tree invariants without publishing or live imports	2026-10-09T11:02:14.6517953Z   code: 'ERR_ASSERTION'
integration (1)	Test applicable combined-tree invariants without publishing or live imports	2026-10-09T11:02:14.6518052Z   name: 'AssertionError'
integration (1)	Test applicable combined-tree invariants without publishing or live imports	2026-10-09T11:02:14.6518142Z   expected: 0
integration (1)	Test applicable combined-tree invariants without publishing or live imports	2026-10-09T11:02:14.6518369Z   actual: 1
integration (1)	Test applicable combined-tree invariants without publishing or live imports	2026-10-09T11:02:14.6518468Z   operator: 'strictEqual'
integration (1)	Test applicable combined-tree invariants without publishing or live imports	2026-10-09T11:02:14.6518552Z   stack: |-
integration (1)	Test applicable combined-tree invariants without publishing or live imports	2026-10-09T11:02:14.6519005Z     TestContext.<anonymous> (file:///home/runner/work/WorldAtlas/WorldAtlas/test/trusted-geography-check.test.mjs:7:9)
integration (1)	Test applicable combined-tree invariants without publishing or live imports	2026-10-09T11:02:14.6519177Z     Test.runInAsyncScope (node:async_hooks:227:14)
integration (1)	Test applicable combined-tree invariants without publishing or live imports	2026-10-09T11:02:14.6519651Z     Test.run (node:internal/test_runner/test:1402:25)
integration (1)	Test applicable combined-tree invariants without publishing or live imports	2026-10-09T11:02:14.6519940Z     Test.start (node:internal/test_runner/test:1262:17)
integration (1)	Test applicable combined-tree invariants without publishing or live imports	2026-10-09T11:02:14.6520201Z     startSubtestAfterBootstrap (node:internal/test_runner/harness:387:17)
integration (1)	Test applicable combined-tree invariants without publishing or live imports	2026-10-09T11:02:14.6520289Z   ...
integration (1)	Test applicable combined-tree invariants without publishing or live imports	2026-10-09T11:02:14.6520846Z # Subtest: typed imports preserve raw zero/false/unknown, exact retries and BC/AD shared snapshot semantics on actual SQLite/PostgreSQL
integration (1)	Test applicable combined-tree invariants without publishing or live imports	2026-10-09T11:02:14.6521370Z ok 478 - typed imports preserve raw zero/false/unknown, exact retries and BC/AD shared snapshot semantics on actual SQLite/PostgreSQL
integration (1)	Test applicable combined-tree invariants without publishing or live imports	2026-10-09T11:02:14.6521458Z   ---
integration (1)	Test applicable combined-tree invariants without publishing or live imports	2026-10-09T11:02:14.6521563Z   duration_ms: 2804.719989
integration (1)	Test applicable combined-tree invariants without publishing or live imports	2026-10-09T11:02:14.6521649Z   type: 'test'
integration (1)	Test applicable combined-tree invariants without publishing or live imports	2026-10-09T11:02:14.6521730Z   ...
integration (1)	Test applicable combined-tree invariants without publishing or live imports	2026-10-09T11:02:14.6522405Z # Subtest: typed API rejects missing approval, bad source/registry/raw pins, unsupported labels and missing correction/derivation identities without partial writes
integration (1)	Test applicable combined-tree invariants without publishing or live imports	2026-10-09T11:02:14.6523071Z ok 479 - typed API rejects missing approval, bad source/registry/raw pins, unsupported labels and missing correction/derivation identities without partial writes
integration (1)	Test applicable combined-tree invariants without publishing or live imports	2026-10-09T11:02:14.6523154Z   ---
integration (1)	Test applicable combined-tree invariants without publishing or live imports	2026-10-09T11:02:14.6523246Z   duration_ms: 2515.887563
integration (1)	Test applicable combined-tree invariants without publishing or live imports	2026-10-09T11:02:14.6523334Z   type: 'test'
integration (1)	Test applicable combined-tree invariants without publishing or live imports	2026-10-09T11:02:14.6523414Z   ...
integration (1)	Test applicable combined-tree invariants without publishing or live imports	2026-10-09T11:02:14.6523720Z # Subtest: legacy or altered installed schemas never advertise typed capabilities
integration (1)	Test applicable combined-tree invariants without publishing or live imports	2026-10-09T11:02:14.6524017Z ok 480 - legacy or altered installed schemas never advertise typed capabilities
integration (1)	Test applicable combined-tree invariants without publishing or live imports	2026-10-09T11:02:14.6524099Z   ---
integration (1)	Test applicable combined-tree invariants without publishing or live imports	2026-10-09T11:02:14.6524190Z   duration_ms: 32.761246
integration (1)	Test applicable combined-tree invariants without publishing or live imports	2026-10-09T11:02:14.6524276Z   type: 'test'
integration (1)	Test applicable combined-tree invariants without publishing or live imports	2026-10-09T11:02:14.6524360Z   ...
integration (1)	Test applicable combined-tree invariants without publishing or live imports	2026-10-09T11:02:14.6524736Z # Atlas request failed /api/typed/v1/import Typed import rejected; no partial batch may be used
integration (1)	Test applicable combined-tree invariants without publishing or live imports	2026-10-09T11:02:14.6525185Z # Atlas request failed /api/typed/v1/import Typed correction cannot transfer evidence between subjects or fields
integration (1)	Test applicable combined-tree invariants without publishing or live imports	2026-10-09T11:02:14.6525530Z # Atlas request failed /api/typed/v1/snapshot Typed snapshot changed; restart all streams
integration (1)	Test applicable combined-tree invariants without publishing or live imports	2026-10-09T11:02:14.6525833Z # Atlas request failed /api/typed/v1/import Cross-origin writes are not permitted
integration (1)	Test applicable combined-tree invariants without publishing or live imports	2026-10-09T11:02:14.6526198Z # Atlas request failed /api/typed/v1/import Typed import rejected; no partial batch may be used
integration (1)	Test applicable combined-tree invariants without publishing or live imports	2026-10-09T11:02:14.6526632Z # Atlas request failed /api/typed/v1/import Typed correction cannot transfer evidence between subjects or fields
integration (1)	Test applicable combined-tree invariants without publishing or live imports	2026-10-09T11:02:14.6526967Z # Atlas request failed /api/typed/v1/snapshot Typed snapshot changed; restart all streams
integration (1)	Test applicable combined-tree invariants without publishing or live imports	2026-10-09T11:02:14.6527266Z # Atlas request failed /api/typed/v1/import Cross-origin writes are not permitted
integration (1)	Test applicable combined-tree invariants without publishing or live imports	2026-10-09T11:02:14.6527860Z # Subtest: actual Worker typed routes enforce transport/maintenance and keep atomic corrections, raw source pins and snapshot paging consistent
integration (1)	Test applicable combined-tree invariants without publishing or live imports	2026-10-09T11:02:14.6528433Z ok 481 - actual Worker typed routes enforce transport/maintenance and keep atomic corrections, raw source pins and snapshot paging consistent
integration (1)	Test applicable combined-tree invariants without publishing or live imports	2026-10-09T11:02:14.6528677Z   ---
integration (1)	Test applicable combined-tree invariants without publishing or live imports	2026-10-09T11:02:14.6528771Z   duration_ms: 2379.924141
integration (1)	Test applicable combined-tree invariants without publishing or live imports	2026-10-09T11:02:14.6528861Z   type: 'test'
integration (1)	Test applicable combined-tree invariants without publishing or live imports	2026-10-09T11:02:14.6528942Z   ...
integration (1)	Test applicable combined-tree invariants without publishing or live imports	2026-10-09T11:02:14.6529630Z # Subtest: legacy23-table projections require the complete known schema and current maintenance clients refuse them as complete backups
integration (1)	Test applicable combined-tree invariants without publishing or live imports	2026-10-09T11:02:14.6530177Z ok 482 - legacy23-table projections require the complete known schema and current maintenance clients refuse them as complete backups
integration (1)	Test applicable combined-tree invariants without publishing or live imports	2026-10-09T11:02:14.6530259Z   ---
integration (1)	Test applicable combined-tree invariants without publishing or live imports	2026-10-09T11:02:14.6530350Z   duration_ms: 2573.908005
integration (1)	Test applicable combined-tree invariants without publishing or live imports	2026-10-09T11:02:14.6530438Z   type: 'test'
integration (1)	Test applicable combined-tree invariants without publishing or live imports	2026-10-09T11:02:14.6530518Z   ...
integration (1)	Test applicable combined-tree invariants without publishing or live imports	2026-10-09T11:02:14.6531327Z # Subtest: derivation closures reject example promotion, cycles and ambiguous roots while example-only acyclic chains remain available under the paused factual gate
integration (1)	Test applicable combined-tree invariants without publishing or live imports	2026-10-09T11:02:14.6532005Z ok 483 - derivation closures reject example promotion, cycles and ambiguous roots while example-only acyclic chains remain available under the paused factual gate
integration (1)	Test applicable combined-tree invariants without publishing or live imports	2026-10-09T11:02:14.6532092Z   ---
integration (1)	Test applicable combined-tree invariants without publishing or live imports	2026-10-09T11:02:14.6532184Z   duration_ms: 2294.307953
integration (1)	Test applicable combined-tree invariants without publishing or live imports	2026-10-09T11:02:14.6532277Z   type: 'test'
integration (1)	Test applicable combined-tree invariants without publishing or live imports	2026-10-09T11:02:14.6532359Z   ...
integration (1)	Test applicable combined-tree invariants without publishing or live imports	2026-10-09T11:02:14.6532996Z # Subtest: bounded hosted client and exact-byte prepared/static resolver agree on all retained values and fail closed on mixed snapshots and corrupted bytes
integration (1)	Test applicable combined-tree invariants without publishing or live imports	2026-10-09T11:02:14.6533615Z ok 484 - bounded hosted client and exact-byte prepared/static resolver agree on all retained values and fail closed on mixed snapshots and corrupted bytes
integration (1)	Test applicable combined-tree invariants without publishing or live imports	2026-10-09T11:02:14.6533696Z   ---
integration (1)	Test applicable combined-tree invariants without publishing or live imports	2026-10-09T11:02:14.6533787Z   duration_ms: 4217.492562
integration (1)	Test applicable combined-tree invariants without publishing or live imports	2026-10-09T11:02:14.6533878Z   type: 'test'
integration (1)	Test applicable combined-tree invariants without publishing or live imports	2026-10-09T11:02:14.6533953Z   ...
integration (1)	Test applicable combined-tree invariants without publishing or live imports	2026-10-09T11:02:14.6534466Z # Subtest: factual typed geography is retained per claim and cannot be silently repinned on import, correction or prepared reads
integration (1)	Test applicable combined-tree invariants without publishing or live imports	2026-10-09T11:02:14.6534963Z ok 485 - factual typed geography is retained per claim and cannot be silently repinned on import, correction or prepared reads
integration (1)	Test applicable combined-tree invariants without publishing or live imports	2026-10-09T11:02:14.6535040Z   ---
integration (1)	Test applicable combined-tree invariants without publishing or live imports	2026-10-09T11:02:14.6535135Z   duration_ms: 1911.341327
integration (1)	Test applicable combined-tree invariants without publishing or live imports	2026-10-09T11:02:14.6535222Z   type: 'test'
integration (1)	Test applicable combined-tree invariants without publishing or live imports	2026-10-09T11:02:14.6535296Z   ...
integration (1)	Test applicable combined-tree invariants without publishing or live imports	2026-10-09T11:02:14.6535777Z # Subtest: explicit no-inhabitant evidence produces unsettled with its supported interval and source record provenance
integration (1)	Test applicable combined-tree invariants without publishing or live imports	2026-10-09T11:02:14.6536235Z ok 486 - explicit no-inhabitant evidence produces unsettled with its supported interval and source record provenance
integration (1)	Test applicable combined-tree invariants without publishing or live imports	2026-10-09T11:02:14.6536312Z   ---
integration (1)	Test applicable combined-tree invariants without publishing or live imports	2026-10-09T11:02:14.6536407Z   duration_ms: 2.202893
integration (1)	Test applicable combined-tree invariants without publishing or live imports	2026-10-09T11:02:14.6536495Z   type: 'test'
integration (1)	Test applicable combined-tree invariants without publishing or live imports	2026-10-09T11:02:14.6536569Z   ...
integration (1)	Test applicable combined-tree invariants without publishing or live imports	2026-10-09T11:02:14.6536934Z # Subtest: unknown, reference, modeled, rounded and untyped legacy zeros never imply unsettled
integration (1)	Test applicable combined-tree invariants without publishing or live imports	2026-10-09T11:02:14.6537275Z ok 487 - unknown, reference, modeled, rounded and untyped legacy zeros never imply unsettled
integration (1)	Test applicable combined-tree invariants without publishing or live imports	2026-10-09T11:02:14.6537363Z   ---
integration (1)	Test applicable combined-tree invariants without publishing or live imports	2026-10-09T11:02:14.6537456Z   duration_ms: 0.885767
integration (1)	Test applicable combined-tree invariants without publishing or live imports	2026-10-09T11:02:14.6537538Z   type: 'test'
integration (1)	Test applicable combined-tree invariants without publishing or live imports	2026-10-09T11:02:14.6537618Z   ...
integration (1)	Test applicable combined-tree invariants without publishing or live imports	2026-10-09T11:02:14.6538016Z # Subtest: settlement contradictions obey cross-field precedence and tied evidence remains disputed
integration (1)	Test applicable combined-tree invariants without publishing or live imports	2026-10-09T11:02:14.6538395Z ok 488 - settlement contradictions obey cross-field precedence and tied evidence remains disputed
integration (1)	Test applicable combined-tree invariants without publishing or live imports	2026-10-09T11:02:14.6538477Z   ---
integration (1)	Test applicable combined-tree invariants without publishing or live imports	2026-10-09T11:02:14.6538569Z   duration_ms: 1.116961
integration (1)	Test applicable combined-tree invariants without publishing or live imports	2026-10-09T11:02:14.6538650Z   type: 'test'
integration (1)	Test applicable combined-tree invariants without publishing or live imports	2026-10-09T11:02:14.6538730Z   ...
integration (1)	Test applicable combined-tree invariants without publishing or live imports	2026-10-09T11:02:14.6539274Z # Subtest: local imports accept canonical unsettled, reject both orders of direct contradictions and retain unknown/model-zero behavior
integration (1)	Test applicable combined-tree invariants without publishing or live imports	2026-10-09T11:02:14.6539932Z ok 489 - local imports accept canonical unsettled, reject both orders of direct contradictions and retain unknown/model-zero behavior
integration (1)	Test applicable combined-tree invariants without publishing or live imports	2026-10-09T11:02:14.6540020Z   ---
integration (1)	Test applicable combined-tree invariants without publishing or live imports	2026-10-09T11:02:14.6540108Z   duration_ms: 16.00805
integration (1)	Test applicable combined-tree invariants without publishing or live imports	2026-10-09T11:02:14.6540197Z   type: 'test'
integration (1)	Test applicable combined-tree invariants without publishing or live imports	2026-10-09T11:02:14.6540421Z   ...
integration (1)	Test applicable combined-tree invariants without publishing or live imports	2026-10-09T11:02:14.6540793Z # Subtest: hosted imports and shared resolver agree; corrections exclude retired negative claims
integration (1)	Test applicable combined-tree invariants without publishing or live imports	2026-10-09T11:02:14.6541157Z ok 490 - hosted imports and shared resolver agree; corrections exclude retired negative claims
integration (1)	Test applicable combined-tree invariants without publishing or live imports	2026-10-09T11:02:14.6541240Z   ---
integration (1)	Test applicable combined-tree invariants without publishing or live imports	2026-10-09T11:02:14.6541331Z   duration_ms: 75.66055
integration (1)	Test applicable combined-tree invariants without publishing or live imports	2026-10-09T11:02:14.6541418Z   type: 'test'
integration (1)	Test applicable combined-tree invariants without publishing or live imports	2026-10-09T11:02:14.6541502Z   ...
integration (1)	Test applicable combined-tree invariants without publishing or live imports	2026-10-09T11:02:14.6541882Z # Subtest: 0003 migration preserves all old claim fields, retirement pointers, indexes and triggers
integration (1)	Test applicable combined-tree invariants without publishing or live imports	2026-10-09T11:02:14.6542246Z ok 491 - 0003 migration preserves all old claim fields, retirement pointers, indexes and triggers
integration (1)	Test applicable combined-tree invariants without publishing or live imports	2026-10-09T11:02:14.6542323Z   ---
integration (1)	Test applicable combined-tree invariants without publishing or live imports	2026-10-09T11:02:14.6542582Z   duration_ms: 18.863735
integration (1)	Test applicable combined-tree invariants without publishing or live imports	2026-10-09T11:02:14.6542671Z   type: 'test'
integration (1)	Test applicable combined-tree invariants without publishing or live imports	2026-10-09T11:02:14.6542749Z   ...
integration (1)	Test applicable combined-tree invariants without publishing or live imports	2026-10-09T11:02:14.6543217Z # Subtest: existing local enum migration preserves snapshots/history and enables new rank without touching geometry
integration (1)	Test applicable combined-tree invariants without publishing or live imports	2026-10-09T11:02:14.6543670Z ok 492 - existing local enum migration preserves snapshots/history and enables new rank without touching geometry
integration (1)	Test applicable combined-tree invariants without publishing or live imports	2026-10-09T11:02:14.6543748Z   ---
integration (1)	Test applicable combined-tree invariants without publishing or live imports	2026-10-09T11:02:14.6543887Z   duration_ms: 130.368143
integration (1)	Test applicable combined-tree invariants without publishing or live imports	2026-10-09T11:02:14.6543978Z   type: 'test'
integration (1)	Test applicable combined-tree invariants without publishing or live imports	2026-10-09T11:02:14.6544055Z   ...
integration (1)	Test applicable combined-tree invariants without publishing or live imports	2026-10-09T11:02:14.6544451Z # Subtest: precision flags prevent false habitation conflicts in both local and hosted import orders
integration (1)	Test applicable combined-tree invariants without publishing or live imports	2026-10-09T11:02:14.6544831Z ok 493 - precision flags prevent false habitation conflicts in both local and hosted import orders
integration (1)	Test applicable combined-tree invariants without publishing or live imports	2026-10-09T11:02:14.6544907Z   ---
integration (1)	Test applicable combined-tree invariants without publishing or live imports	2026-10-09T11:02:14.6545002Z   duration_ms: 173.509331
integration (1)	Test applicable combined-tree invariants without publishing or live imports	2026-10-09T11:02:14.6545084Z   type: 'test'
integration (1)	Test applicable combined-tree invariants without publishing or live imports	2026-10-09T11:02:14.6545166Z   ...
integration (1)	Test applicable combined-tree invariants without publishing or live imports	2026-10-09T11:02:14.6545540Z # Subtest: 0004 precision migration preserves claims, retirements, indexes and all other triggers
integration (1)	Test applicable combined-tree invariants without publishing or live imports	2026-10-09T11:02:14.6545903Z ok 494 - 0004 precision migration preserves claims, retirements, indexes and all other triggers
integration (1)	Test applicable combined-tree invariants without publishing or live imports	2026-10-09T11:02:14.6545989Z   ---
integration (1)	Test applicable combined-tree invariants without publishing or live imports	2026-10-09T11:02:14.6546085Z   duration_ms: 21.250011
integration (1)	Test applicable combined-tree invariants without publishing or live imports	2026-10-09T11:02:14.6546167Z   type: 'test'
integration (1)	Test applicable combined-tree invariants without publishing or live imports	2026-10-09T11:02:14.6546249Z   ...
integration (1)	Test applicable combined-tree invariants without publishing or live imports	2026-10-09T11:02:14.6546615Z # Subtest: source classes protect literal-zero evidence and example opt-in at the SQL boundary
integration (1)	Test applicable combined-tree invariants without publishing or live imports	2026-10-09T11:02:14.6546961Z ok 495 - source classes protect literal-zero evidence and example opt-in at the SQL boundary
integration (1)	Test applicable combined-tree invariants without publishing or live imports	2026-10-09T11:02:14.6547109Z   ---
integration (1)	Test applicable combined-tree invariants without publishing or live imports	2026-10-09T11:02:14.6547421Z   duration_ms: 52.393317
integration (1)	Test applicable combined-tree invariants without publishing or live imports	2026-10-09T11:02:14.6547596Z   type: 'test'
integration (1)	Test applicable combined-tree invariants without publishing or live imports	2026-10-09T11:02:14.6547706Z   ...
integration (1)	Test applicable combined-tree invariants without publishing or live imports	2026-10-09T11:02:14.6548289Z # Subtest: 0005 source-class migration preserves claims and retirement-aware contracts while matching example-zero resolution
integration (1)	Test applicable combined-tree invariants without publishing or live imports	2026-10-09T11:02:14.6548840Z ok 496 - 0005 source-class migration preserves claims and retirement-aware contracts while matching example-zero resolution
integration (1)	Test applicable combined-tree invariants without publishing or live imports	2026-10-09T11:02:14.6549011Z   ---
integration (1)	Test applicable combined-tree invariants without publishing or live imports	2026-10-09T11:02:14.6549200Z   duration_ms: 21.478939
integration (1)	Test applicable combined-tree invariants without publishing or live imports	2026-10-09T11:02:14.6549648Z   type: 'test'
integration (1)	Test applicable combined-tree invariants without publishing or live imports	2026-10-09T11:02:14.6549756Z   ...
integration (1)	Test applicable combined-tree invariants without publishing or live imports	2026-10-09T11:02:14.6560080Z # Subtest: author identity accepts its chat, rejects copied identity, and documents unavailable identity
integration (1)	Test applicable combined-tree invariants without publishing or live imports	2026-10-09T11:02:14.6560531Z ok 497 - author identity accepts its chat, rejects copied identity, and documents unavailable identity
integration (1)	Test applicable combined-tree invariants without publishing or live imports	2026-10-09T11:02:14.6560618Z   ---
integration (1)	Test applicable combined-tree invariants without publishing or live imports	2026-10-09T11:02:14.6560731Z   duration_ms: 1.249678
integration (1)	Test applicable combined-tree invariants without publishing or live imports	2026-10-09T11:02:14.6560933Z   type: 'test'
integration (1)	Test applicable combined-tree invariants without publishing or live imports	2026-10-09T11:02:14.6561080Z   ...
integration (1)	Test applicable combined-tree invariants without publishing or live imports	2026-10-09T11:02:14.6561567Z # Subtest: claim/recover and default/explicit author allocation reject before GitHub or Git side effects
integration (1)	Test applicable combined-tree invariants without publishing or live imports	2026-10-09T11:02:14.6561987Z ok 498 - claim/recover and default/explicit author allocation reject before GitHub or Git side effects
integration (1)	Test applicable combined-tree invariants without publishing or live imports	2026-10-09T11:02:14.6562067Z   ---
integration (1)	Test applicable combined-tree invariants without publishing or live imports	2026-10-09T11:02:14.6562171Z   duration_ms: 173.994735
integration (1)	Test applicable combined-tree invariants without publishing or live imports	2026-10-09T11:02:14.6562266Z   type: 'test'
integration (1)	Test applicable combined-tree invariants without publishing or live imports	2026-10-09T11:02:14.6562349Z   ...
integration (1)	Test applicable combined-tree invariants without publishing or live imports	2026-10-09T11:02:14.6562751Z # Subtest: legacy renew/release, inspect and independent review are not mistaken for new author work
integration (1)	Test applicable combined-tree invariants without publishing or live imports	2026-10-09T11:02:14.6563365Z ok 499 - legacy renew/release, inspect and independent review are not mistaken for new author work
integration (1)	Test applicable combined-tree invariants without publishing or live imports	2026-10-09T11:02:14.6563447Z   ---
integration (1)	Test applicable combined-tree invariants without publishing or live imports	2026-10-09T11:02:14.6563549Z   duration_ms: 284.85915
integration (1)	Test applicable combined-tree invariants without publishing or live imports	2026-10-09T11:02:14.6563632Z   type: 'test'
integration (1)	Test applicable combined-tree invariants without publishing or live imports	2026-10-09T11:02:14.6563714Z   ...
integration (1)	Test applicable combined-tree invariants without publishing or live imports	2026-10-09T11:02:14.6564071Z # Subtest: actual worldwide successor custody, coordinates, deltas and lineage controls
integration (1)	Test applicable combined-tree invariants without publishing or live imports	2026-10-09T11:02:14.6564392Z ok 500 - actual worldwide successor custody, coordinates, deltas and lineage controls
integration (1)	Test applicable combined-tree invariants without publishing or live imports	2026-10-09T11:02:14.6564475Z   ---
integration (1)	Test applicable combined-tree invariants without publishing or live imports	2026-10-09T11:02:14.6564568Z   duration_ms: 260.758573
integration (1)	Test applicable combined-tree invariants without publishing or live imports	2026-10-09T11:02:14.6564655Z   type: 'test'
integration (1)	Test applicable combined-tree invariants without publishing or live imports	2026-10-09T11:02:14.6564734Z   ...
integration (1)	Test applicable combined-tree invariants without publishing or live imports	2026-10-09T11:02:14.6564809Z 1..500
integration (1)	Test applicable combined-tree invariants without publishing or live imports	2026-10-09T11:02:14.6564897Z # tests 500
integration (1)	Test applicable combined-tree invariants without publishing or live imports	2026-10-09T11:02:14.6565101Z # suites 0
integration (1)	Test applicable combined-tree invariants without publishing or live imports	2026-10-09T11:02:14.6565182Z # pass 499
integration (1)	Test applicable combined-tree invariants without publishing or live imports	2026-10-09T11:02:14.6565263Z # fail 1
integration (1)	Test applicable combined-tree invariants without publishing or live imports	2026-10-09T11:02:14.6565345Z # cancelled 0
integration (1)	Test applicable combined-tree invariants without publishing or live imports	2026-10-09T11:02:14.6565431Z # skipped 0
integration (1)	Test applicable combined-tree invariants without publishing or live imports	2026-10-09T11:02:14.6565513Z # todo 0
integration (1)	Test applicable combined-tree invariants without publishing or live imports	2026-10-09T11:02:14.6565622Z # duration_ms 563048.71585
integration (1)	Test applicable combined-tree invariants without publishing or live imports	2026-10-09T11:02:14.6575631Z ##[error]Process completed with exit code 1.
integration (1)	Post Checkout complete candidate for application regression	﻿2026-10-09T11:02:14.6701361Z Post job cleanup.
integration (1)	Post Checkout complete candidate for application regression	2026-10-09T11:02:14.7675172Z [command]/usr/bin/git version
integration (1)	Post Checkout complete candidate for application regression	2026-10-09T11:02:14.7720090Z git version 2.55.0
integration (1)	Post Checkout complete candidate for application regression	2026-10-09T11:02:14.7764700Z Temporarily overriding HOME='/home/runner/work/_temp/3a8c2bfc-7d02-4c5d-850e-440ddca1b7ef' before making global git config changes
integration (1)	Post Checkout complete candidate for application regression	2026-10-09T11:02:14.7765590Z Adding repository directory to the temporary git global config as a safe directory
integration (1)	Post Checkout complete candidate for application regression	2026-10-09T11:02:14.7773131Z [command]/usr/bin/git config --global --add safe.directory /home/runner/work/WorldAtlas/WorldAtlas
integration (1)	Post Checkout complete candidate for application regression	2026-10-09T11:02:14.7807771Z Removing SSH command configuration
integration (1)	Post Checkout complete candidate for application regression	2026-10-09T11:02:14.7815286Z [command]/usr/bin/git config --local --name-only --get-regexp core\.sshCommand
integration (1)	Post Checkout complete candidate for application regression	2026-10-09T11:02:14.7853209Z [command]/usr/bin/git submodule foreach --recursive sh -c "git config --local --name-only --get-regexp 'core\.sshCommand' && git config --local --unset-all 'core.sshCommand' || :"
integration (1)	Post Checkout complete candidate for application regression	2026-10-09T11:02:14.8226567Z Removing HTTP extra header
integration (1)	Post Checkout complete candidate for application regression	2026-10-09T11:02:14.8239100Z [command]/usr/bin/git config --local --name-only --get-regexp http\.https\:\/\/github\.com\/\.extraheader
integration (1)	Post Checkout complete candidate for application regression	2026-10-09T11:02:14.8284149Z [command]/usr/bin/git submodule foreach --recursive sh -c "git config --local --name-only --get-regexp 'http\.https\:\/\/github\.com\/\.extraheader' && git config --local --unset-all 'http.https://github.com/.extraheader' || :"
integration (1)	Post Checkout complete candidate for application regression	2026-10-09T11:02:14.8589948Z Removing includeIf entries pointing to credentials config files
integration (1)	Post Checkout complete candidate for application regression	2026-10-09T11:02:14.8598842Z [command]/usr/bin/git config --local --name-only --get-regexp ^includeIf\.gitdir:
integration (1)	Post Checkout complete candidate for application regression	2026-10-09T11:02:14.8646812Z [command]/usr/bin/git submodule foreach --recursive git config --local --show-origin --name-only --get-regexp remote.origin.url
integration (1)	Complete job	﻿2026-10-09T11:02:14.9150591Z Cleaning up orphan processes
integration (1)	Complete job	2026-10-09T11:02:14.9597808Z ##[warning]Node.js 20 is deprecated. The following actions target Node.js 20 but are being forced to run on Node.js 24: actions/setup-python@a26af69be951a213d495a4c3e4e4022e16d87065. For more information see: https://github.blog/changelog/2025-09-19-deprecation-of-node-20-on-github-actions-runners/
