subject_id,country_iso,source_shape_id,source_name,retained_name,name_exact,area_id,area_name,area_owned_subject_count,area_full_location_count,area_partial,declared_parent_id,declared_parent_name,overlay_parent_name,overlay_parent_shape_id,overlay_parent_area_share,parent_name_match,source_role,source_vintage,source_layer_count,source_license,retained_license_exact,retained_vintage_exact,source_type,source_components,source_vertices,source_area_epsg6933_km2,retained_area_km2,source_vs_retained_area_fraction,bounds_wgs84,classification,finding,independent_legal_boundary_check,source_url_exact_commit
gb:GHA:ADM2:2480657B1027184338147,GHA,2480657B1027184338147,Tamale Metropolitan,Tamale Metropolitan,True,framework:area:ghana:10a3784bfa3f,Ghana,147,260,True,framework:province:northern-region:1d76bea4bc40,Northern Region,Northern Region,69750345B37738609557703,0.99880612,True,Districts,2019,260,Creative Commons Attribution 4.0 International (CC BY 4.0),True,True,Polygon,1,2920,647.20534457,651.824,-0.00708574,"[-0.96319707, 9.27820474, -0.52509364, 9.48727862]",justified,"Exact source ID/name, source role and vintage, and spatial parent overlay agree with retained source and official country-level tier context; this does not establish legal boundary accuracy or completeness.",not established by geoBoundaries comparison,True
gb:GHA:ADM2:2480657B11085167902059,GHA,2480657B11085167902059,Ayensuano,Ayensuano,True,framework:area:ghana:10a3784bfa3f,Ghana,147,260,True,framework:province:eastern-region:ad4fd266d492,Eastern Region,Eastern Region,69750345B54645730941985,1.0,True,Districts,2019,260,Creative Commons Attribution 4.0 International (CC BY 4.0),True,True,Polygon,1,2167,499.20351239,500.496,-0.00258241,"[-0.65119883, 5.8296785, -0.28895369, 6.06215653]",justified,"Exact source ID/name, source role and vintage, and spatial parent overlay agree with retained source and official country-level tier context; this does not establish legal boundary accuracy or completeness.",not established by geoBoundaries comparison,True
gb:GHA:ADM2:2480657B11620193732867,GHA,2480657B11620193732867,Agotime Ziope,Agotime Ziope,True,framework:area:ghana:10a3784bfa3f,Ghana,147,260,True,framework:province:volta-region:c10898f0f555,Volta Region,Volta Region,69750345B58204744476950,0.98576437,True,Districts,2019,260,Creative Commons Attribution 4.0 International (CC BY 4.0),True,True,Polygon,1,910,315.53531262,307.735,0.0253475,"[0.58351023, 6.31192266, 0.79071392, 6.63263659]",justified,"Exact source ID/name, source role and vintage, and spatial parent overlay agree with retained source and official country-level tier context; this does not establish legal boundary accuracy or completeness.",not established by geoBoundaries comparison,True
gb:GHA:ADM2:2480657B11720749290533,GHA,2480657B11720749290533,Accra Metropolis,Accra Metropolis,True,framework:area:ghana:10a3784bfa3f,Ghana,147,260,True,framework:province:greater-accra-region:4fe9b307af95,Greater Accra Region,Greater Accra Region,69750345B46963341226980,0.99654002,True,Districts,2019,260,Creative Commons Attribution 4.0 International (CC BY 4.0),True,True,Polygon,1,81,5.61806741,5.78,-0.02801602,"[-0.22386202, 5.53077408, -0.19555508, 5.55858921]",justified,"Exact source ID/name, source role and vintage, and spatial parent overlay agree with retained source and official country-level tier context; this does not establish legal boundary accuracy or completeness.",not established by geoBoundaries comparison,True
gb:GHA:ADM2:2480657B12570528382412,GHA,2480657B12570528382412,Ablekuma West Municipal,Ablekuma West Municipal,True,framework:area:ghana:10a3784bfa3f,Ghana,147,260,True,framework:province:greater-accra-region:4fe9b307af95,Greater Accra Region,Greater Accra Region,69750345B46963341226980,0.99868582,True,Districts,2019,260,Creative Commons Attribution 4.0 International (CC BY 4.0),True,True,Polygon,1,137,12.90042842,12.813,0.00682342,"[-0.27975891, 5.51887436, -0.2170364, 5.55678346]",justified,"Exact source ID/name, source role and vintage, and spatial parent overlay agree with retained source and official country-level tier context; this does not establish legal boundary accuracy or completeness.",not established by geoBoundaries comparison,True
gb:GHA:ADM2:2480657B13680530894334,GHA,2480657B13680530894334,Nkwanta South Municipal,Nkwanta South Municipal,True,framework:area:ghana:10a3784bfa3f,Ghana,147,260,True,framework:province:oti-region:26dfa20a81aa,Oti Region,Oti Region,69750345B12045161590865,0.9891776,True,Districts,2019,260,Creative Commons Attribution 4.0 International (CC BY 4.0),True,True,Polygon,1,4414,2732.60837441,2699.842,0.0121364,"[0.12322358, 7.89968741, 0.73130024, 8.60028535]",justified,"Exact source ID/name, source role and vintage, and spatial parent overlay agree with retained source and official country-level tier context; this does not establish legal boundary accuracy or completeness.",not established by geoBoundaries comparison,True
gb:GHA:ADM2:2480657B14989848452061,GHA,2480657B14989848452061,Chereponi,Chereponi,True,framework:area:ghana:10a3784bfa3f,Ghana,147,260,True,framework:province:north-east-region:991aebf41c53,North East Region,North East Region,69750345B94584643914501,0.96682445,True,Districts,2019,260,Creative Commons Attribution 4.0 International (CC BY 4.0),True,True,Polygon,1,6650,1374.79307558,1372.339,0.00178824,"[0.05602943, 9.93213871, 0.41741595, 10.42654662]",insufficient-evidence,"Declared parent name matches, but the child overlay with the separate 2021 Open Street Map ADM1 layer covers 96.7%; the cross-vintage geometry mismatch is a screening flag, not proof the declared parent is wrong.",not established by geoBoundaries comparison,True
gb:GHA:ADM2:2480657B15531990631346,GHA,2480657B15531990631346,Gomoa Central,Gomoa Central,True,framework:area:ghana:10a3784bfa3f,Ghana,147,260,True,framework:province:central-region:dd7cc8bf1617,Central Region,Central Region,69750345B67040307067067,0.99829468,True,Districts,2019,260,Creative Commons Attribution 4.0 International (CC BY 4.0),True,True,Polygon,1,716,121.5255637,123.219,-0.01374331,"[-0.78207879, 5.27112071, -0.63966037, 5.43433646]",justified,"Exact source ID/name, source role and vintage, and spatial parent overlay agree with retained source and official country-level tier context; this does not establish legal boundary accuracy or completeness.",not established by geoBoundaries comparison,True
gb:GHA:ADM2:2480657B16330149254954,GHA,2480657B16330149254954,Yunyoo-nasuan,Yunyoo-nasuan,True,framework:area:ghana:10a3784bfa3f,Ghana,147,260,True,framework:province:north-east-region:991aebf41c53,North East Region,North East Region,69750345B94584643914501,1.0,True,Districts,2019,260,Creative Commons Attribution 4.0 International (CC BY 4.0),True,True,Polygon,1,1561,488.01961622,490.387,-0.00482758,"[-0.221128, 10.33006018, 0.06945999, 10.53781231]",justified,"Exact source ID/name, source role and vintage, and spatial parent overlay agree with retained source and official country-level tier context; this does not establish legal boundary accuracy or completeness.",not established by geoBoundaries comparison,True
gb:GHA:ADM2:2480657B16553972090858,GHA,2480657B16553972090858,Akwapem North,Akwapem North,True,framework:area:ghana:10a3784bfa3f,Ghana,147,260,True,framework:province:eastern-region:ad4fd266d492,Eastern Region,Eastern Region,69750345B54645730941985,1.0,True,Districts,2019,260,Creative Commons Attribution 4.0 International (CC BY 4.0),True,True,Polygon,1,1297,306.66822464,312.573,-0.01889087,"[-0.30224234, 5.85117181, -0.0043737, 6.06609357]",justified,"Exact source ID/name, source role and vintage, and spatial parent overlay agree with retained source and official country-level tier context; this does not establish legal boundary accuracy or completeness.",not established by geoBoundaries comparison,True
gb:GHA:ADM2:2480657B18075285363234,GHA,2480657B18075285363234,Mamprugu Moagduri,Mamprugu Moagduri,True,framework:area:ghana:10a3784bfa3f,Ghana,147,260,True,framework:province:north-east-region:991aebf41c53,North East Region,North East Region,69750345B94584643914501,0.95044744,True,Districts,2019,260,Creative Commons Attribution 4.0 International (CC BY 4.0),True,True,Polygon,1,2315,2122.2684191,2129.219,-0.00326438,"[-1.66355575, 10.02611247, -1.00417956, 10.49042832]",insufficient-evidence,"Declared parent name matches, but the child overlay with the separate 2021 Open Street Map ADM1 layer covers 95.0%; the cross-vintage geometry mismatch is a screening flag, not proof the declared parent is wrong.",not established by geoBoundaries comparison,True
gb:GHA:ADM2:2480657B19171272300465,GHA,2480657B19171272300465,Bolga  East,Bolga  East,True,framework:area:ghana:10a3784bfa3f,Ghana,147,260,True,framework:province:upper-east-region:fe93caa48e52,Upper East Region,Upper East Region,69750345B7467317238909,1.0,True,Districts,2019,260,Creative Commons Attribution 4.0 International (CC BY 4.0),True,True,Polygon,1,729,71.85650286,73.268,-0.01926485,"[-0.85801761, 10.74246243, -0.73948219, 10.86347113]",justified,"Exact source ID/name, source role and vintage, and spatial parent overlay agree with retained source and official country-level tier context; this does not establish legal boundary accuracy or completeness.",not established by geoBoundaries comparison,True
gb:GHA:ADM2:2480657B19246099956301,GHA,2480657B19246099956301,Awutu Senya,Awutu Senya,True,framework:area:ghana:10a3784bfa3f,Ghana,147,260,True,framework:province:central-region:dd7cc8bf1617,Central Region,Central Region,69750345B67040307067067,0.97284602,True,Districts,2019,260,Creative Commons Attribution 4.0 International (CC BY 4.0),True,True,Polygon,1,1283,244.57914708,245.661,-0.00440384,"[-0.62399346, 5.49991033, -0.42538778, 5.7403174]",insufficient-evidence,"Declared parent name matches, but the child overlay with the separate 2021 Open Street Map ADM1 layer covers 97.3%; the cross-vintage geometry mismatch is a screening flag, not proof the declared parent is wrong.",not established by geoBoundaries comparison,True
gb:GHA:ADM2:2480657B19364380807593,GHA,2480657B19364380807593,Bolgatanga Municipal,Bolgatanga Municipal,True,framework:area:ghana:10a3784bfa3f,Ghana,147,260,True,framework:province:upper-east-region:fe93caa48e52,Upper East Region,Upper East Region,69750345B7467317238909,1.0,True,Districts,2019,260,Creative Commons Attribution 4.0 International (CC BY 4.0),True,True,Polygon,1,3024,325.42418259,327.4,-0.00603487,"[-1.01453779, 10.61721335, -0.80702821, 10.87870662]",justified,"Exact source ID/name, source role and vintage, and spatial parent overlay agree with retained source and official country-level tier context; this does not establish legal boundary accuracy or completeness.",not established by geoBoundaries comparison,True
gb:GHA:ADM2:2480657B20036139360918,GHA,2480657B20036139360918,Awutu Senya East,Awutu Senya East,True,framework:area:ghana:10a3784bfa3f,Ghana,147,260,True,framework:province:central-region:dd7cc8bf1617,Central Region,Central Region,69750345B67040307067067,0.85035196,True,Districts,2019,260,Creative Commons Attribution 4.0 International (CC BY 4.0),True,True,MultiPolygon,2,923,108.04936853,110.091,-0.01854494,"[-0.55924898, 5.3650825, -0.39991066, 5.60845541]",insufficient-evidence,"Declared parent name matches, but the child overlay with the separate 2021 Open Street Map ADM1 layer covers 85.0%; the cross-vintage geometry mismatch is a screening flag, not proof the declared parent is wrong.",not established by geoBoundaries comparison,True
gb:GHA:ADM2:2480657B20464126159243,GHA,2480657B20464126159243,Hohoe Municipal,Hohoe Municipal,True,framework:area:ghana:10a3784bfa3f,Ghana,147,260,True,framework:province:volta-region:c10898f0f555,Volta Region,Volta Region,69750345B58204744476950,0.99803067,True,Districts,2019,260,Creative Commons Attribution 4.0 International (CC BY 4.0),True,True,Polygon,1,1503,684.04728311,676.678,0.01089038,"[0.32809349, 7.00242939, 0.64418859, 7.30511289]",justified,"Exact source ID/name, source role and vintage, and spatial parent overlay agree with retained source and official country-level tier context; this does not establish legal boundary accuracy or completeness.",not established by geoBoundaries comparison,True
gb:GHA:ADM2:2480657B20696154785284,GHA,2480657B20696154785284,Adaklu,Adaklu,True,framework:area:ghana:10a3784bfa3f,Ghana,147,260,True,framework:province:volta-region:c10898f0f555,Volta Region,Volta Region,69750345B58204744476950,1.0,True,Districts,2019,260,Creative Commons Attribution 4.0 International (CC BY 4.0),True,True,Polygon,1,2153,800.64080826,803.017,-0.00295908,"[0.40732787, 6.28158835, 0.71009264, 6.60119707]",justified,"Exact source ID/name, source role and vintage, and spatial parent overlay agree with retained source and official country-level tier context; this does not establish legal boundary accuracy or completeness.",not established by geoBoundaries comparison,True
gb:GHA:ADM2:2480657B20833842549797,GHA,2480657B20833842549797,Keta Municipal,Keta Municipal,True,framework:area:ghana:10a3784bfa3f,Ghana,147,260,True,framework:province:volta-region:c10898f0f555,Volta Region,Volta Region,69750345B58204744476950,0.99826721,True,Districts,2019,260,Creative Commons Attribution 4.0 International (CC BY 4.0),True,True,Polygon,1,948,516.47299515,519.221,-0.00529255,"[0.76113097, 5.80692137, 1.03136901, 6.06972614]",justified,"Exact source ID/name, source role and vintage, and spatial parent overlay agree with retained source and official country-level tier context; this does not establish legal boundary accuracy or completeness.",not established by geoBoundaries comparison,True
gb:GHA:ADM2:2480657B22323593180175,GHA,2480657B22323593180175,Ekumfi,Ekumfi,True,framework:area:ghana:10a3784bfa3f,Ghana,147,260,True,framework:province:central-region:dd7cc8bf1617,Central Region,Central Region,69750345B67040307067067,0.99816162,True,Districts,2019,260,Creative Commons Attribution 4.0 International (CC BY 4.0),True,True,Polygon,1,985,276.7892569,276.825,-0.00012912,"[-1.02256865, 5.20124506, -0.79584752, 5.37631956]",justified,"Exact source ID/name, source role and vintage, and spatial parent overlay agree with retained source and official country-level tier context; this does not establish legal boundary accuracy or completeness.",not established by geoBoundaries comparison,True
gb:GHA:ADM2:2480657B22724340600972,GHA,2480657B22724340600972,Ayawaso West,Ayawaso West,True,framework:area:ghana:10a3784bfa3f,Ghana,147,260,True,framework:province:greater-accra-region:4fe9b307af95,Greater Accra Region,Greater Accra Region,69750345B46963341226980,1.0,True,Districts,2019,260,Creative Commons Attribution 4.0 International (CC BY 4.0),True,True,Polygon,1,204,32.62335069,33.486,-0.02576149,"[-0.22327389, 5.59726956, -0.13325922, 5.66721487]",justified,"Exact source ID/name, source role and vintage, and spatial parent overlay agree with retained source and official country-level tier context; this does not establish legal boundary accuracy or completeness.",not established by geoBoundaries comparison,True
gb:GHA:ADM2:2480657B2289284937660,GHA,2480657B2289284937660,Twifo Atti-morkwa,Twifo Atti-morkwa,True,framework:area:ghana:10a3784bfa3f,Ghana,147,260,True,framework:province:central-region:dd7cc8bf1617,Central Region,Central Region,69750345B67040307067067,0.99372453,True,Districts,2019,260,Creative Commons Attribution 4.0 International (CC BY 4.0),True,True,Polygon,1,3093,955.7692385,957.035,-0.00132259,"[-1.83218079, 5.50392011, -1.42243381, 5.85704613]",justified,"Exact source ID/name, source role and vintage, and spatial parent overlay agree with retained source and official country-level tier context; this does not establish legal boundary accuracy or completeness.",not established by geoBoundaries comparison,True
gb:GHA:ADM2:2480657B23952932171735,GHA,2480657B23952932171735,Ablekuma North Municipal,Ablekuma North Municipal,True,framework:area:ghana:10a3784bfa3f,Ghana,147,260,True,framework:province:greater-accra-region:4fe9b307af95,Greater Accra Region,Greater Accra Region,69750345B46963341226980,1.0,True,Districts,2019,260,Creative Commons Attribution 4.0 International (CC BY 4.0),True,True,Polygon,1,152,29.49103345,27.694,0.06488891,"[-0.28288521, 5.55363519, -0.21110107, 5.6092398]",justified,"Exact source ID/name, source role and vintage, and spatial parent overlay agree with retained source and official country-level tier context; this does not establish legal boundary accuracy or completeness.",not established by geoBoundaries comparison,True
gb:GHA:ADM2:2480657B24635332146555,GHA,2480657B24635332146555,Ga East,Ga East,True,framework:area:ghana:10a3784bfa3f,Ghana,147,260,True,framework:province:greater-accra-region:4fe9b307af95,Greater Accra Region,Greater Accra Region,69750345B46963341226980,1.0,True,Districts,2019,260,Creative Commons Attribution 4.0 International (CC BY 4.0),True,True,Polygon,1,323,85.70443078,84.187,0.01802453,"[-0.27152879, 5.61990939, -0.17722824, 5.79146035]",justified,"Exact source ID/name, source role and vintage, and spatial parent overlay agree with retained source and official country-level tier context; this does not establish legal boundary accuracy or completeness.",not established by geoBoundaries comparison,True
gb:GHA:ADM2:2480657B24752518727633,GHA,2480657B24752518727633,Nanumba South,Nanumba South,True,framework:area:ghana:10a3784bfa3f,Ghana,147,260,True,framework:province:northern-region:1d76bea4bc40,Northern Region,Northern Region,69750345B37738609557703,0.9987936,True,Districts,2019,260,Creative Commons Attribution 4.0 International (CC BY 4.0),True,True,Polygon,1,5894,1789.44917791,1804.916,-0.00856928,"[-0.36369374, 8.52561186, 0.40129252, 9.00702434]",justified,"Exact source ID/name, source role and vintage, and spatial parent overlay agree with retained source and official country-level tier context; this does not establish legal boundary accuracy or completeness.",not established by geoBoundaries comparison,True
gb:GHA:ADM2:2480657B24956698199939,GHA,2480657B24956698199939,Assin Fosu,Assin Fosu,True,framework:area:ghana:10a3784bfa3f,Ghana,147,260,True,framework:province:central-region:dd7cc8bf1617,Central Region,Central Region,69750345B67040307067067,1.0,True,Districts,2019,260,Creative Commons Attribution 4.0 International (CC BY 4.0),True,True,Polygon,1,748,278.87577391,279.375,-0.00178694,"[-1.46037278, 5.65059515, -1.16523932, 5.7943017]",justified,"Exact source ID/name, source role and vintage, and spatial parent overlay agree with retained source and official country-level tier context; this does not establish legal boundary accuracy or completeness.",not established by geoBoundaries comparison,True
gb:GHA:ADM2:2480657B2570339807900,GHA,2480657B2570339807900,Suhum Municipal,Suhum Municipal,True,framework:area:ghana:10a3784bfa3f,Ghana,147,260,True,framework:province:eastern-region:ad4fd266d492,Eastern Region,Eastern Region,69750345B54645730941985,1.0,True,Districts,2019,260,Creative Commons Attribution 4.0 International (CC BY 4.0),True,True,Polygon,1,1749,359.12355744,359.096,7.674e-05,"[-0.55699744, 5.95273675, -0.26098364, 6.13270546]",justified,"Exact source ID/name, source role and vintage, and spatial parent overlay agree with retained source and official country-level tier context; this does not establish legal boundary accuracy or completeness.",not established by geoBoundaries comparison,True
gb:GHA:ADM2:2480657B2595733520620,GHA,2480657B2595733520620,Asikuma-odoben-brakwa,Asikuma-odoben-brakwa,True,framework:area:ghana:10a3784bfa3f,Ghana,147,260,True,framework:province:central-region:dd7cc8bf1617,Central Region,Central Region,69750345B67040307067067,1.0,True,Districts,2019,260,Creative Commons Attribution 4.0 International (CC BY 4.0),True,True,Polygon,1,2168,772.94251996,777.354,-0.00567499,"[-1.17739732, 5.50018603, -0.8572146, 5.75418082]",justified,"Exact source ID/name, source role and vintage, and spatial parent overlay agree with retained source and official country-level tier context; this does not establish legal boundary accuracy or completeness.",not established by geoBoundaries comparison,True
gb:GHA:ADM2:2480657B26264719340764,GHA,2480657B26264719340764,Gomoa East,Gomoa East,True,framework:area:ghana:10a3784bfa3f,Ghana,147,260,True,framework:province:central-region:dd7cc8bf1617,Central Region,Central Region,69750345B67040307067067,0.9990921,True,Districts,2019,260,Creative Commons Attribution 4.0 International (CC BY 4.0),True,True,Polygon,1,2393,539.93246186,545.432,-0.0100829,"[-0.77991159, 5.37011968, -0.40040618, 5.58349898]",justified,"Exact source ID/name, source role and vintage, and spatial parent overlay agree with retained source and official country-level tier context; this does not establish legal boundary accuracy or completeness.",not established by geoBoundaries comparison,True
gb:GHA:ADM2:2480657B26285365473669,GHA,2480657B26285365473669,Talensi,Talensi,True,framework:area:ghana:10a3784bfa3f,Ghana,147,260,True,framework:province:upper-east-region:fe93caa48e52,Upper East Region,Upper East Region,69750345B7467317238909,0.99976848,True,Districts,2019,260,Creative Commons Attribution 4.0 International (CC BY 4.0),True,True,Polygon,1,3838,838.77566618,839.501,-0.00086401,"[-0.95658783, 10.48004592, -0.51822344, 10.80398363]",justified,"Exact source ID/name, source role and vintage, and spatial parent overlay agree with retained source and official country-level tier context; this does not establish legal boundary accuracy or completeness.",not established by geoBoundaries comparison,True
gb:GHA:ADM2:2480657B26321648161032,GHA,2480657B26321648161032,Adenta Municipal,Adenta Municipal,True,framework:area:ghana:10a3784bfa3f,Ghana,147,260,True,framework:province:greater-accra-region:4fe9b307af95,Greater Accra Region,Greater Accra Region,69750345B46963341226980,1.0,True,Districts,2019,260,Creative Commons Attribution 4.0 International (CC BY 4.0),True,True,Polygon,1,203,77.95843835,77.297,0.0085571,"[-0.17162929, 5.63554378, -0.06461863, 5.79483806]",justified,"Exact source ID/name, source role and vintage, and spatial parent overlay agree with retained source and official country-level tier context; this does not establish legal boundary accuracy or completeness.",not established by geoBoundaries comparison,True
gb:GHA:ADM2:2480657B26354408705676,GHA,2480657B26354408705676,Akwapem South,Akwapem South,True,framework:area:ghana:10a3784bfa3f,Ghana,147,260,True,framework:province:eastern-region:ad4fd266d492,Eastern Region,Eastern Region,69750345B54645730941985,0.9217252,True,Districts,2019,260,Creative Commons Attribution 4.0 International (CC BY 4.0),True,True,Polygon,1,1268,224.2675292,222.379,0.00849239,"[-0.34035305, 5.7400658, -0.14392761, 5.94279132]",insufficient-evidence,"Declared parent name matches, but the child overlay with the separate 2021 Open Street Map ADM1 layer covers 92.2%; the cross-vintage geometry mismatch is a screening flag, not proof the declared parent is wrong.",not established by geoBoundaries comparison,True
gb:GHA:ADM2:2480657B27215926841583,GHA,2480657B27215926841583,Savelugu,Savelugu,True,framework:area:ghana:10a3784bfa3f,Ghana,147,260,True,framework:province:northern-region:1d76bea4bc40,Northern Region,Northern Region,69750345B37738609557703,0.99897517,True,Districts,2019,260,Creative Commons Attribution 4.0 International (CC BY 4.0),True,True,Polygon,1,7037,1546.86205486,1550.037,-0.0020483,"[-1.02725468, 9.54468342, -0.64841935, 10.1897425]",justified,"Exact source ID/name, source role and vintage, and spatial parent overlay agree with retained source and official country-level tier context; this does not establish legal boundary accuracy or completeness.",not established by geoBoundaries comparison,True
gb:GHA:ADM2:2480657B27395942809935,GHA,2480657B27395942809935,South Dayi,South Dayi,True,framework:area:ghana:10a3784bfa3f,Ghana,147,260,True,framework:province:volta-region:c10898f0f555,Volta Region,Volta Region,69750345B58204744476950,0.95733039,True,Districts,2019,260,Creative Commons Attribution 4.0 International (CC BY 4.0),True,True,Polygon,1,852,358.20873687,361.307,-0.00857515,"[0.10443572, 6.40121282, 0.35306485, 6.68979981]",insufficient-evidence,"Declared parent name matches, but the child overlay with the separate 2021 Open Street Map ADM1 layer covers 95.7%; the cross-vintage geometry mismatch is a screening flag, not proof the declared parent is wrong.",not established by geoBoundaries comparison,True
gb:GHA:ADM2:2480657B27736636353654,GHA,2480657B27736636353654,Biakoye,Biakoye,True,framework:area:ghana:10a3784bfa3f,Ghana,147,260,True,framework:province:oti-region:26dfa20a81aa,Oti Region,Oti Region,69750345B12045161590865,0.99978572,True,Districts,2019,260,Creative Commons Attribution 4.0 International (CC BY 4.0),True,True,Polygon,1,2020,1105.84695118,1115.609,-0.00875042,"[0.12406836, 7.08920338, 0.47943467, 7.69481728]",justified,"Exact source ID/name, source role and vintage, and spatial parent overlay agree with retained source and official country-level tier context; this does not establish legal boundary accuracy or completeness.",not established by geoBoundaries comparison,True
gb:GHA:ADM2:2480657B29295475961782,GHA,2480657B29295475961782,Kadjebi,Kadjebi,True,framework:area:ghana:10a3784bfa3f,Ghana,147,260,True,framework:province:oti-region:26dfa20a81aa,Oti Region,Oti Region,69750345B12045161590865,0.99288375,True,Districts,2019,260,Creative Commons Attribution 4.0 International (CC BY 4.0),True,True,MultiPolygon,3,1563,689.76528931,685.977,0.00552247,"[0.41981783, 7.51498992, 0.63098844, 7.9204328]",justified,"Exact source ID/name, source role and vintage, and spatial parent overlay agree with retained source and official country-level tier context; this does not establish legal boundary accuracy or completeness.",not established by geoBoundaries comparison,True
gb:GHA:ADM2:2480657B29980074443403,GHA,2480657B29980074443403,Ayawaso East Municipal,Ayawaso East Municipal,True,framework:area:ghana:10a3784bfa3f,Ghana,147,260,True,framework:province:greater-accra-region:4fe9b307af95,Greater Accra Region,Greater Accra Region,69750345B46963341226980,1.0,True,Districts,2019,260,Creative Commons Attribution 4.0 International (CC BY 4.0),True,True,Polygon,1,33,6.19445392,5.919,0.04653724,"[-0.20328291, 5.57200763, -0.17950585, 5.60729847]",justified,"Exact source ID/name, source role and vintage, and spatial parent overlay agree with retained source and official country-level tier context; this does not establish legal boundary accuracy or completeness.",not established by geoBoundaries comparison,True
gb:GHA:ADM2:2480657B30493820921,GHA,2480657B30493820921,Abura-asebu-kwamankese,Abura-asebu-kwamankese,True,framework:area:ghana:10a3784bfa3f,Ghana,147,260,True,framework:province:central-region:dd7cc8bf1617,Central Region,Central Region,69750345B67040307067067,0.99827084,True,Districts,2019,260,Creative Commons Attribution 4.0 International (CC BY 4.0),True,True,Polygon,1,1889,376.8684287,376.957,-0.00023496,"[-1.3102891, 5.11784235, -1.05197922, 5.41637808]",justified,"Exact source ID/name, source role and vintage, and spatial parent overlay agree with retained source and official country-level tier context; this does not establish legal boundary accuracy or completeness.",not established by geoBoundaries comparison,True
gb:GHA:ADM2:2480657B3117094904377,GHA,2480657B3117094904377,Ajumako-enyan-essiam,Ajumako-enyan-essiam,True,framework:area:ghana:10a3784bfa3f,Ghana,147,260,True,framework:province:central-region:dd7cc8bf1617,Central Region,Central Region,69750345B67040307067067,1.0,True,Districts,2019,260,Creative Commons Attribution 4.0 International (CC BY 4.0),True,True,Polygon,1,2197,521.42173736,523.937,-0.0048007,"[-1.12992823, 5.28716916, -0.84960557, 5.53793402]",justified,"Exact source ID/name, source role and vintage, and spatial parent overlay agree with retained source and official country-level tier context; this does not establish legal boundary accuracy or completeness.",not established by geoBoundaries comparison,True
gb:GHA:ADM2:2480657B31989943834082,GHA,2480657B31989943834082,Cape Coast Metropolitan,Cape Coast Metropolitan,True,framework:area:ghana:10a3784bfa3f,Ghana,147,260,True,framework:province:central-region:dd7cc8bf1617,Central Region,Central Region,69750345B67040307067067,0.98376586,True,Districts,2019,260,Creative Commons Attribution 4.0 International (CC BY 4.0),True,True,Polygon,1,1386,122.43893621,126.847,-0.03475103,"[-1.36287062, 5.09676957, -1.21127334, 5.254657]",justified,"Exact source ID/name, source role and vintage, and spatial parent overlay agree with retained source and official country-level tier context; this does not establish legal boundary accuracy or completeness.",not established by geoBoundaries comparison,True
gb:GHA:ADM2:2480657B32538733435540,GHA,2480657B32538733435540,Akyem Mansa,Akyem Mansa,True,framework:area:ghana:10a3784bfa3f,Ghana,147,260,True,framework:province:eastern-region:ad4fd266d492,Eastern Region,Eastern Region,69750345B54645730941985,0.99889306,True,Districts,2019,260,Creative Commons Attribution 4.0 International (CC BY 4.0),True,True,Polygon,1,3294,612.02513714,611.997,4.598e-05,"[-1.24684492, 5.93389385, -0.95184766, 6.22944297]",justified,"Exact source ID/name, source role and vintage, and spatial parent overlay agree with retained source and official country-level tier context; this does not establish legal boundary accuracy or completeness.",not established by geoBoundaries comparison,True
gb:GHA:ADM2:2480657B34044169329977,GHA,2480657B34044169329977,Tema Metropolitan,Tema Metropolitan,True,framework:area:ghana:10a3784bfa3f,Ghana,147,260,True,framework:province:greater-accra-region:4fe9b307af95,Greater Accra Region,Greater Accra Region,69750345B46963341226980,0.99066844,True,Districts,2019,260,Creative Commons Attribution 4.0 International (CC BY 4.0),True,True,Polygon,1,99,42.64605086,42.124,0.01239319,"[-0.04553746, 5.61090231, 0.03252869, 5.68771651]",justified,"Exact source ID/name, source role and vintage, and spatial parent overlay agree with retained source and official country-level tier context; this does not establish legal boundary accuracy or completeness.",not established by geoBoundaries comparison,True
gb:GHA:ADM2:2480657B35012095074914,GHA,2480657B35012095074914,North Tongu,North Tongu,True,framework:area:ghana:10a3784bfa3f,Ghana,147,260,True,framework:province:volta-region:c10898f0f555,Volta Region,Volta Region,69750345B58204744476950,0.99454279,True,Districts,2019,260,Creative Commons Attribution 4.0 International (CC BY 4.0),True,True,Polygon,1,2346,1131.67096512,1140.335,-0.0075978,"[0.09109028, 5.9539118, 0.50468964, 6.33378395]",justified,"Exact source ID/name, source role and vintage, and spatial parent overlay agree with retained source and official country-level tier context; this does not establish legal boundary accuracy or completeness.",not established by geoBoundaries comparison,True
gb:GHA:ADM2:2480657B35240131522033,GHA,2480657B35240131522033,Ho Municipal,Ho Municipal,True,framework:area:ghana:10a3784bfa3f,Ghana,147,260,True,framework:province:volta-region:c10898f0f555,Volta Region,Volta Region,69750345B58204744476950,0.99855316,True,Districts,2019,260,Creative Commons Attribution 4.0 International (CC BY 4.0),True,True,MultiPolygon,3,2913,573.54069442,578.266,-0.00817151,"[0.33863271, 6.52016596, 0.65051808, 6.83439347]",justified,"Exact source ID/name, source role and vintage, and spatial parent overlay agree with retained source and official country-level tier context; this does not establish legal boundary accuracy or completeness.",not established by geoBoundaries comparison,True
gb:GHA:ADM2:2480657B35357833911053,GHA,2480657B35357833911053,Korle Klottey Municipal,Korle Klottey Municipal,True,framework:area:ghana:10a3784bfa3f,Ghana,147,260,True,framework:province:greater-accra-region:4fe9b307af95,Greater Accra Region,Greater Accra Region,69750345B46963341226980,0.99909818,True,Districts,2019,260,Creative Commons Attribution 4.0 International (CC BY 4.0),True,True,Polygon,1,65,9.87254477,9.504,0.03877786,"[-0.2152558, 5.543831, -0.1740948, 5.57568696]",justified,"Exact source ID/name, source role and vintage, and spatial parent overlay agree with retained source and official country-level tier context; this does not establish legal boundary accuracy or completeness.",not established by geoBoundaries comparison,True
gb:GHA:ADM2:2480657B35637781657714,GHA,2480657B35637781657714,Bawku West,Bawku West,True,framework:area:ghana:10a3784bfa3f,Ghana,147,260,True,framework:province:upper-east-region:fe93caa48e52,Upper East Region,Upper East Region,69750345B7467317238909,0.99939907,True,Districts,2019,260,Creative Commons Attribution 4.0 International (CC BY 4.0),True,True,Polygon,1,4200,1071.59024458,1063.19,0.00790098,"[-0.61872512, 10.55875084, -0.32927153, 11.12688178]",justified,"Exact source ID/name, source role and vintage, and spatial parent overlay agree with retained source and official country-level tier context; this does not establish legal boundary accuracy or completeness.",not established by geoBoundaries comparison,True
gb:GHA:ADM2:2480657B36155100412367,GHA,2480657B36155100412367,Tolon,Tolon,True,framework:area:ghana:10a3784bfa3f,Ghana,147,260,True,framework:province:northern-region:1d76bea4bc40,Northern Region,Northern Region,69750345B37738609557703,0.94822525,True,Districts,2019,260,Creative Commons Attribution 4.0 International (CC BY 4.0),True,True,Polygon,1,6546,1354.30721779,1360.724,-0.00471571,"[-1.37358613, 9.28475577, -0.94505228, 9.82845875]",insufficient-evidence,"Declared parent name matches, but the child overlay with the separate 2021 Open Street Map ADM1 layer covers 94.8%; the cross-vintage geometry mismatch is a screening flag, not proof the declared parent is wrong.",not established by geoBoundaries comparison,True
gb:GHA:ADM2:2480657B36678414015123,GHA,2480657B36678414015123,Central Tongu,Central Tongu,True,framework:area:ghana:10a3784bfa3f,Ghana,147,260,True,framework:province:volta-region:c10898f0f555,Volta Region,Volta Region,69750345B58204744476950,1.0,True,Districts,2019,260,Creative Commons Attribution 4.0 International (CC BY 4.0),True,True,Polygon,1,2164,681.89287361,686.9,-0.00728945,"[0.42401533, 6.00185801, 0.72223834, 6.33032065]",justified,"Exact source ID/name, source role and vintage, and spatial parent overlay agree with retained source and official country-level tier context; this does not establish legal boundary accuracy or completeness.",not established by geoBoundaries comparison,True
gb:GHA:ADM2:2480657B37277876999120,GHA,2480657B37277876999120,Asuogyaman,Asuogyaman,True,framework:area:ghana:10a3784bfa3f,Ghana,147,260,True,framework:province:eastern-region:ad4fd266d492,Eastern Region,Eastern Region,69750345B54645730941985,0.52192111,True,Districts,2019,260,Creative Commons Attribution 4.0 International (CC BY 4.0),True,True,Polygon,1,1944,766.02790317,763.543,0.00325444,"[-0.01708594, 6.14783745, 0.21650472, 6.5778296]",insufficient-evidence,"Declared parent name matches, but the child overlay with the separate 2021 Open Street Map ADM1 layer covers 52.2%; the cross-vintage geometry mismatch is a screening flag, not proof the declared parent is wrong.",not established by geoBoundaries comparison,True
gb:GHA:ADM2:2480657B39319620746428,GHA,2480657B39319620746428,Ga North Municipal,Ga North Municipal,True,framework:area:ghana:10a3784bfa3f,Ghana,147,260,True,framework:province:greater-accra-region:4fe9b307af95,Greater Accra Region,Greater Accra Region,69750345B46963341226980,0.81714062,True,Districts,2019,260,Creative Commons Attribution 4.0 International (CC BY 4.0),True,True,Polygon,1,304,124.79853889,125.281,-0.00385103,"[-0.34657074, 5.61599935, -0.22976676, 5.8082567]",insufficient-evidence,"Declared parent name matches, but the child overlay with the separate 2021 Open Street Map ADM1 layer covers 81.7%; the cross-vintage geometry mismatch is a screening flag, not proof the declared parent is wrong.",not established by geoBoundaries comparison,True
gb:GHA:ADM2:2480657B39435178884870,GHA,2480657B39435178884870,Agona West Municipal,Agona West Municipal,True,framework:area:ghana:10a3784bfa3f,Ghana,147,260,True,framework:province:central-region:dd7cc8bf1617,Central Region,Central Region,69750345B67040307067067,0.99879704,True,Districts,2019,260,Creative Commons Attribution 4.0 International (CC BY 4.0),True,True,Polygon,1,1475,356.39052215,360.347,-0.01097963,"[-0.90375122, 5.4989643, -0.65788472, 5.75855496]",justified,"Exact source ID/name, source role and vintage, and spatial parent overlay agree with retained source and official country-level tier context; this does not establish legal boundary accuracy or completeness.",not established by geoBoundaries comparison,True
gb:GHA:ADM2:2480657B39710750100206,GHA,2480657B39710750100206,Ada West,Ada West,True,framework:area:ghana:10a3784bfa3f,Ghana,147,260,True,framework:province:greater-accra-region:4fe9b307af95,Greater Accra Region,Greater Accra Region,69750345B46963341226980,0.96527433,True,Districts,2019,260,Creative Commons Attribution 4.0 International (CC BY 4.0),True,True,Polygon,1,809,323.68405553,323.33,0.00109503,"[0.33781064, 5.78497101, 0.51501896, 6.00158668]",insufficient-evidence,"Declared parent name matches, but the child overlay with the separate 2021 Open Street Map ADM1 layer covers 96.5%; the cross-vintage geometry mismatch is a screening flag, not proof the declared parent is wrong.",not established by geoBoundaries comparison,True
gb:GHA:ADM2:2480657B39800519073464,GHA,2480657B39800519073464,Kpando Municipal,Kpando Municipal,True,framework:area:ghana:10a3784bfa3f,Ghana,147,260,True,framework:province:volta-region:c10898f0f555,Volta Region,Volta Region,69750345B58204744476950,1.0,True,Districts,2019,260,Creative Commons Attribution 4.0 International (CC BY 4.0),True,True,Polygon,1,965,314.0643807,315.872,-0.00572263,"[0.19668702, 6.90103734, 0.41341887, 7.09935172]",justified,"Exact source ID/name, source role and vintage, and spatial parent overlay agree with retained source and official country-level tier context; this does not establish legal boundary accuracy or completeness.",not established by geoBoundaries comparison,True
gb:GHA:ADM2:2480657B41485746076017,GHA,2480657B41485746076017,Ga South Municipal,Ga South Municipal,True,framework:area:ghana:10a3784bfa3f,Ghana,147,260,True,framework:province:greater-accra-region:4fe9b307af95,Greater Accra Region,Greater Accra Region,69750345B46963341226980,0.89569341,True,Districts,2019,260,Creative Commons Attribution 4.0 International (CC BY 4.0),True,True,Polygon,1,1280,178.25609109,176.107,0.01220333,"[-0.52056279, 5.6043312, -0.34798489, 5.74956813]",insufficient-evidence,"Declared parent name matches, but the child overlay with the separate 2021 Open Street Map ADM1 layer covers 89.6%; the cross-vintage geometry mismatch is a screening flag, not proof the declared parent is wrong.",not established by geoBoundaries comparison,True
gb:GHA:ADM2:2480657B42193515445029,GHA,2480657B42193515445029,Mion,Mion,True,framework:area:ghana:10a3784bfa3f,Ghana,147,260,True,framework:province:northern-region:1d76bea4bc40,Northern Region,Northern Region,69750345B37738609557703,0.99992769,True,Districts,2019,260,Creative Commons Attribution 4.0 International (CC BY 4.0),True,True,MultiPolygon,2,11179,2714.97000484,2723.077,-0.00297715,"[-0.61241354, 9.09891856, 0.17526483, 9.80305271]",justified,"Exact source ID/name, source role and vintage, and spatial parent overlay agree with retained source and official country-level tier context; this does not establish legal boundary accuracy or completeness.",not established by geoBoundaries comparison,True
gb:GHA:ADM2:2480657B42231307300111,GHA,2480657B42231307300111,Fanteakwa North,Fanteakwa North,True,framework:area:ghana:10a3784bfa3f,Ghana,147,260,True,framework:province:eastern-region:ad4fd266d492,Eastern Region,Eastern Region,69750345B54645730941985,1.0,True,Districts,2019,260,Creative Commons Attribution 4.0 International (CC BY 4.0),True,True,Polygon,1,871,836.98346035,842.955,-0.00708406,"[-0.54401133, 6.32996204, -0.17765692, 6.66743607]",justified,"Exact source ID/name, source role and vintage, and spatial parent overlay agree with retained source and official country-level tier context; this does not establish legal boundary accuracy or completeness.",not established by geoBoundaries comparison,True
gb:GHA:ADM2:2480657B42374646075926,GHA,2480657B42374646075926,Abuakwa North,Abuakwa North,True,framework:area:ghana:10a3784bfa3f,Ghana,147,260,True,framework:province:eastern-region:ad4fd266d492,Eastern Region,Eastern Region,69750345B54645730941985,1.0,True,Districts,2019,260,Creative Commons Attribution 4.0 International (CC BY 4.0),True,True,Polygon,1,497,158.9673643,160.805,-0.01142773,"[-0.47913991, 6.17180662, -0.30877779, 6.29917088]",justified,"Exact source ID/name, source role and vintage, and spatial parent overlay agree with retained source and official country-level tier context; this does not establish legal boundary accuracy or completeness.",not established by geoBoundaries comparison,True
gb:GHA:ADM2:2480657B42813544323317,GHA,2480657B42813544323317,Ayawaso North Municipal,Ayawaso North Municipal,True,framework:area:ghana:10a3784bfa3f,Ghana,147,260,True,framework:province:greater-accra-region:4fe9b307af95,Greater Accra Region,Greater Accra Region,69750345B46963341226980,1.0,True,Districts,2019,260,Creative Commons Attribution 4.0 International (CC BY 4.0),True,True,Polygon,1,37,4.93537295,5.328,-0.07369126,"[-0.21789051, 5.57686841, -0.1926781, 5.61255302]",justified,"Exact source ID/name, source role and vintage, and spatial parent overlay agree with retained source and official country-level tier context; this does not establish legal boundary accuracy or completeness.",not established by geoBoundaries comparison,True
gb:GHA:ADM2:2480657B44214183650816,GHA,2480657B44214183650816,Assin North,Assin North,True,framework:area:ghana:10a3784bfa3f,Ghana,147,260,True,framework:province:central-region:dd7cc8bf1617,Central Region,Central Region,69750345B67040307067067,0.94325405,True,Districts,2019,260,Creative Commons Attribution 4.0 International (CC BY 4.0),True,True,Polygon,1,3494,726.21361172,723.722,0.00344277,"[-1.59762062, 5.71118689, -1.15756072, 5.93981593]",insufficient-evidence,"Declared parent name matches, but the child overlay with the separate 2021 Open Street Map ADM1 layer covers 94.3%; the cross-vintage geometry mismatch is a screening flag, not proof the declared parent is wrong.",not established by geoBoundaries comparison,True
gb:GHA:ADM2:2480657B44541331554905,GHA,2480657B44541331554905,Twifo Hemang Lower Denkyira,Twifo Hemang Lower Denkyira,True,framework:area:ghana:10a3784bfa3f,Ghana,147,260,True,framework:province:central-region:dd7cc8bf1617,Central Region,Central Region,69750345B67040307067067,0.98262274,True,Districts,2019,260,Creative Commons Attribution 4.0 International (CC BY 4.0),True,True,Polygon,1,3003,575.75571078,577.149,-0.00241409,"[-1.62884823, 5.2141484, -1.28563503, 5.5414425]",justified,"Exact source ID/name, source role and vintage, and spatial parent overlay agree with retained source and official country-level tier context; this does not establish legal boundary accuracy or completeness.",not established by geoBoundaries comparison,True
gb:GHA:ADM2:2480657B45105521184723,GHA,2480657B45105521184723,Afadzato South,Afadzato South,True,framework:area:ghana:10a3784bfa3f,Ghana,147,260,True,framework:province:volta-region:c10898f0f555,Volta Region,Volta Region,69750345B58204744476950,0.99944586,True,Districts,2019,260,Creative Commons Attribution 4.0 International (CC BY 4.0),True,True,Polygon,1,2009,552.96498916,557.125,-0.00746693,"[0.2665778, 6.66799362, 0.59521285, 7.08395517]",justified,"Exact source ID/name, source role and vintage, and spatial parent overlay agree with retained source and official country-level tier context; this does not establish legal boundary accuracy or completeness.",not established by geoBoundaries comparison,True
gb:GHA:ADM2:2480657B45731574572143,GHA,2480657B45731574572143,Upper Denkyira East Municipal,Upper Denkyira East Municipal,True,framework:area:ghana:10a3784bfa3f,Ghana,147,260,True,framework:province:central-region:dd7cc8bf1617,Central Region,Central Region,69750345B67040307067067,0.96502012,True,Districts,2019,260,Creative Commons Attribution 4.0 International (CC BY 4.0),True,True,Polygon,1,1348,502.07959298,502.129,-9.84e-05,"[-1.89486437, 5.68094539, -1.55855526, 5.99024217]",insufficient-evidence,"Declared parent name matches, but the child overlay with the separate 2021 Open Street Map ADM1 layer covers 96.5%; the cross-vintage geometry mismatch is a screening flag, not proof the declared parent is wrong.",not established by geoBoundaries comparison,True
gb:GHA:ADM2:2480657B47242267083805,GHA,2480657B47242267083805,Ho West,Ho West,True,framework:area:ghana:10a3784bfa3f,Ghana,147,260,True,framework:province:volta-region:c10898f0f555,Volta Region,Volta Region,69750345B58204744476950,0.99925687,True,Districts,2019,260,Creative Commons Attribution 4.0 International (CC BY 4.0),True,True,MultiPolygon,2,3139,1002.75035982,1006.857,-0.00407867,"[0.17261133, 6.2591302, 0.56613991, 6.94159533]",justified,"Exact source ID/name, source role and vintage, and spatial parent overlay agree with retained source and official country-level tier context; this does not establish legal boundary accuracy or completeness.",not established by geoBoundaries comparison,True
gb:GHA:ADM2:2480657B4921606442052,GHA,2480657B4921606442052,Krachi East Municipal,Krachi East Municipal,True,framework:area:ghana:10a3784bfa3f,Ghana,147,260,True,framework:province:oti-region:26dfa20a81aa,Oti Region,Oti Region,69750345B12045161590865,0.99998241,True,Districts,2019,260,Creative Commons Attribution 4.0 International (CC BY 4.0),True,True,Polygon,1,2953,2759.51833145,2774.485,-0.0053944,"[-0.01683177, 7.40643539, 0.50787991, 8.20655922]",justified,"Exact source ID/name, source role and vintage, and spatial parent overlay agree with retained source and official country-level tier context; this does not establish legal boundary accuracy or completeness.",not established by geoBoundaries comparison,True
gb:GHA:ADM2:2480657B50723205918173,GHA,2480657B50723205918173,Kwahu West,Kwahu West,True,framework:area:ghana:10a3784bfa3f,Ghana,147,260,True,framework:province:eastern-region:ad4fd266d492,Eastern Region,Eastern Region,69750345B54645730941985,0.98938479,True,Districts,2019,260,Creative Commons Attribution 4.0 International (CC BY 4.0),True,True,Polygon,1,2491,401.04819754,403.927,-0.00712704,"[-0.96617828, 6.3688515, -0.59273323, 6.61372893]",justified,"Exact source ID/name, source role and vintage, and spatial parent overlay agree with retained source and official country-level tier context; this does not establish legal boundary accuracy or completeness.",not established by geoBoundaries comparison,True
gb:GHA:ADM2:2480657B50810028950834,GHA,2480657B50810028950834,Builsa South,Builsa South,True,framework:area:ghana:10a3784bfa3f,Ghana,147,260,True,framework:province:upper-east-region:fe93caa48e52,Upper East Region,Upper East Region,69750345B7467317238909,0.99604288,True,Districts,2019,260,Creative Commons Attribution 4.0 International (CC BY 4.0),True,True,Polygon,1,3532,1241.95876139,1246.508,-0.00364959,"[-1.57346318, 10.27461585, -1.06555583, 10.78617284]",justified,"Exact source ID/name, source role and vintage, and spatial parent overlay agree with retained source and official country-level tier context; this does not establish legal boundary accuracy or completeness.",not established by geoBoundaries comparison,True
gb:GHA:ADM2:2480657B5172435396617,GHA,2480657B5172435396617,Fanteakwa South,Fanteakwa South,True,framework:area:ghana:10a3784bfa3f,Ghana,147,260,True,framework:province:eastern-region:ad4fd266d492,Eastern Region,Eastern Region,69750345B54645730941985,1.0,True,Districts,2019,260,Creative Commons Attribution 4.0 International (CC BY 4.0),True,True,Polygon,1,1281,262.17891826,261.192,0.00377852,"[-0.53680542, 6.26339913, -0.20481295, 6.4788323]",justified,"Exact source ID/name, source role and vintage, and spatial parent overlay agree with retained source and official country-level tier context; this does not establish legal boundary accuracy or completeness.",not established by geoBoundaries comparison,True
gb:GHA:ADM2:2480657B52907018957478,GHA,2480657B52907018957478,Ketu North,Ketu North,True,framework:area:ghana:10a3784bfa3f,Ghana,147,260,True,framework:province:volta-region:c10898f0f555,Volta Region,Volta Region,69750345B58204744476950,0.99930822,True,Districts,2019,260,Creative Commons Attribution 4.0 International (CC BY 4.0),True,True,Polygon,1,1150,423.47706367,422.1,0.00326241,"[0.86305184, 6.04660969, 1.08103426, 6.33550062]",justified,"Exact source ID/name, source role and vintage, and spatial parent overlay agree with retained source and official country-level tier context; this does not establish legal boundary accuracy or completeness.",not established by geoBoundaries comparison,True
gb:GHA:ADM2:2480657B5340678211162,GHA,2480657B5340678211162,Mfantseman Municipal,Mfantseman Municipal,True,framework:area:ghana:10a3784bfa3f,Ghana,147,260,True,framework:province:central-region:dd7cc8bf1617,Central Region,Central Region,69750345B67040307067067,0.99914951,True,Districts,2019,260,Creative Commons Attribution 4.0 International (CC BY 4.0),True,True,Polygon,1,1407,300.81139805,301.642,-0.0027536,"[-1.23363378, 5.1329074, -1.0039279, 5.42081711]",justified,"Exact source ID/name, source role and vintage, and spatial parent overlay agree with retained source and official country-level tier context; this does not establish legal boundary accuracy or completeness.",not established by geoBoundaries comparison,True
gb:GHA:ADM2:2480657B53762921220630,GHA,2480657B53762921220630,Denkyembour,Denkyembour,True,framework:area:ghana:10a3784bfa3f,Ghana,147,260,True,framework:province:eastern-region:ad4fd266d492,Eastern Region,Eastern Region,69750345B54645730941985,1.0,True,Districts,2019,260,Creative Commons Attribution 4.0 International (CC BY 4.0),True,True,Polygon,1,1748,436.46199914,435.629,0.00191218,"[-0.97957033, 5.94908329, -0.64968796, 6.1648682]",justified,"Exact source ID/name, source role and vintage, and spatial parent overlay agree with retained source and official country-level tier context; this does not establish legal boundary accuracy or completeness.",not established by geoBoundaries comparison,True
gb:GHA:ADM2:2480657B54074930978119,GHA,2480657B54074930978119,Kwaebibirem,Kwaebibirem,True,framework:area:ghana:10a3784bfa3f,Ghana,147,260,True,framework:province:eastern-region:ad4fd266d492,Eastern Region,Eastern Region,69750345B54645730941985,1.0,True,Districts,2019,260,Creative Commons Attribution 4.0 International (CC BY 4.0),True,True,Polygon,1,1140,803.86873204,809.79,-0.0073121,"[-1.0326135, 6.07413572, -0.61742241, 6.39373595]",justified,"Exact source ID/name, source role and vintage, and spatial parent overlay agree with retained source and official country-level tier context; this does not establish legal boundary accuracy or completeness.",not established by geoBoundaries comparison,True
gb:GHA:ADM2:2480657B54162505201867,GHA,2480657B54162505201867,Kwahu East,Kwahu East,True,framework:area:ghana:10a3784bfa3f,Ghana,147,260,True,framework:province:eastern-region:ad4fd266d492,Eastern Region,Eastern Region,69750345B54645730941985,0.90652374,True,Districts,2019,260,Creative Commons Attribution 4.0 International (CC BY 4.0),True,True,Polygon,1,2591,623.40101612,618.945,0.00719937,"[-0.98593243, 6.59081031, -0.64065803, 6.86922962]",insufficient-evidence,"Declared parent name matches, but the child overlay with the separate 2021 Open Street Map ADM1 layer covers 90.7%; the cross-vintage geometry mismatch is a screening flag, not proof the declared parent is wrong.",not established by geoBoundaries comparison,True
gb:GHA:ADM2:2480657B54302337253194,GHA,2480657B54302337253194,Lower Manya,Lower Manya,True,framework:area:ghana:10a3784bfa3f,Ghana,147,260,True,framework:province:eastern-region:ad4fd266d492,Eastern Region,Eastern Region,69750345B54645730941985,0.98706631,True,Districts,2019,260,Creative Commons Attribution 4.0 International (CC BY 4.0),True,True,Polygon,1,1205,304.38110443,309.813,-0.01753282,"[-0.0900324, 6.09302486, 0.14678872, 6.33205844]",justified,"Exact source ID/name, source role and vintage, and spatial parent overlay agree with retained source and official country-level tier context; this does not establish legal boundary accuracy or completeness.",not established by geoBoundaries comparison,True
gb:GHA:ADM2:2480657B54607197552612,GHA,2480657B54607197552612,Agona East,Agona East,True,framework:area:ghana:10a3784bfa3f,Ghana,147,260,True,framework:province:central-region:dd7cc8bf1617,Central Region,Central Region,69750345B67040307067067,1.0,True,Districts,2019,260,Creative Commons Attribution 4.0 International (CC BY 4.0),True,True,Polygon,1,1189,327.46200432,326.126,0.00409659,"[-0.76113997, 5.53122726, -0.55747461, 5.73952598]",justified,"Exact source ID/name, source role and vintage, and spatial parent overlay agree with retained source and official country-level tier context; this does not establish legal boundary accuracy or completeness.",not established by geoBoundaries comparison,True
gb:GHA:ADM2:2480657B56307698722921,GHA,2480657B56307698722921,Saboba,Saboba,True,framework:area:ghana:10a3784bfa3f,Ghana,147,260,True,framework:province:northern-region:1d76bea4bc40,Northern Region,Northern Region,69750345B37738609557703,0.92861588,True,Districts,2019,260,Creative Commons Attribution 4.0 International (CC BY 4.0),True,True,Polygon,1,7685,1751.28620346,1760.615,-0.0052986,"[-0.02845512, 9.43132434, 0.38290057, 9.98610269]",insufficient-evidence,"Declared parent name matches, but the child overlay with the separate 2021 Open Street Map ADM1 layer covers 92.9%; the cross-vintage geometry mismatch is a screening flag, not proof the declared parent is wrong.",not established by geoBoundaries comparison,True
gb:GHA:ADM2:2480657B56494255769768,GHA,2480657B56494255769768,Gushegu,Gushegu,True,framework:area:ghana:10a3784bfa3f,Ghana,147,260,True,framework:province:northern-region:1d76bea4bc40,Northern Region,Northern Region,69750345B37738609557703,0.98006069,True,Districts,2019,260,Creative Commons Attribution 4.0 International (CC BY 4.0),True,True,Polygon,1,13561,2674.8423014,2682.603,-0.00289297,"[-0.50855458, 9.50374164, 0.12459577, 10.34268952]",justified,"Exact source ID/name, source role and vintage, and spatial parent overlay agree with retained source and official country-level tier context; this does not establish legal boundary accuracy or completeness.",not established by geoBoundaries comparison,True
gb:GHA:ADM2:2480657B5704764806917,GHA,2480657B5704764806917,Tempane,Tempane,True,framework:area:ghana:10a3784bfa3f,Ghana,147,260,True,framework:province:upper-east-region:fe93caa48e52,Upper East Region,Upper East Region,69750345B7467317238909,0.99800513,True,Districts,2019,260,Creative Commons Attribution 4.0 International (CC BY 4.0),True,True,Polygon,1,2000,385.8036139,387.433,-0.00420559,"[-0.18012739, 10.76616162, 0.03387791, 11.03554714]",justified,"Exact source ID/name, source role and vintage, and spatial parent overlay agree with retained source and official country-level tier context; this does not establish legal boundary accuracy or completeness.",not established by geoBoundaries comparison,True
gb:GHA:ADM2:2480657B57614018833162,GHA,2480657B57614018833162,West Akim,West Akim,True,framework:area:ghana:10a3784bfa3f,Ghana,147,260,True,framework:province:eastern-region:ad4fd266d492,Eastern Region,Eastern Region,69750345B54645730941985,1.0,True,Districts,2019,260,Creative Commons Attribution 4.0 International (CC BY 4.0),True,True,Polygon,1,2487,475.24787362,482.07,-0.01415173,"[-0.81618713, 5.76434819, -0.55753598, 6.05181823]",justified,"Exact source ID/name, source role and vintage, and spatial parent overlay agree with retained source and official country-level tier context; this does not establish legal boundary accuracy or completeness.",not established by geoBoundaries comparison,True
gb:GHA:ADM2:2480657B57636315193797,GHA,2480657B57636315193797,Ada East,Ada East,True,framework:area:ghana:10a3784bfa3f,Ghana,147,260,True,framework:province:greater-accra-region:4fe9b307af95,Greater Accra Region,Greater Accra Region,69750345B46963341226980,0.89139995,True,Districts,2019,260,Creative Commons Attribution 4.0 International (CC BY 4.0),True,True,Polygon,1,959,289.71468406,292.105,-0.00818307,"[0.45448321, 5.76852268, 0.68797404, 5.98287952]",insufficient-evidence,"Declared parent name matches, but the child overlay with the separate 2021 Open Street Map ADM1 layer covers 89.1%; the cross-vintage geometry mismatch is a screening flag, not proof the declared parent is wrong.",not established by geoBoundaries comparison,True
gb:GHA:ADM2:2480657B57712569843933,GHA,2480657B57712569843933,Nanumba North,Nanumba North,True,framework:area:ghana:10a3784bfa3f,Ghana,147,260,True,framework:province:northern-region:1d76bea4bc40,Northern Region,Northern Region,69750345B37738609557703,0.99993016,True,Districts,2019,260,Creative Commons Attribution 4.0 International (CC BY 4.0),True,True,Polygon,1,8431,2261.25640269,2256.88,0.00193914,"[-0.49064447, 8.58388389, 0.30380318, 9.26005363]",justified,"Exact source ID/name, source role and vintage, and spatial parent overlay agree with retained source and official country-level tier context; this does not establish legal boundary accuracy or completeness.",not established by geoBoundaries comparison,True
gb:GHA:ADM2:2480657B59311092791004,GHA,2480657B59311092791004,Okere,Okere,True,framework:area:ghana:10a3784bfa3f,Ghana,147,260,True,framework:province:eastern-region:ad4fd266d492,Eastern Region,Eastern Region,69750345B54645730941985,1.0,True,Districts,2019,260,Creative Commons Attribution 4.0 International (CC BY 4.0),True,True,Polygon,1,915,306.73889953,305.259,0.00484801,"[-0.23767086, 5.94191957, -0.00933397, 6.13713753]",justified,"Exact source ID/name, source role and vintage, and spatial parent overlay agree with retained source and official country-level tier context; this does not establish legal boundary accuracy or completeness.",not established by geoBoundaries comparison,True
gb:GHA:ADM2:2480657B60779202001283,GHA,2480657B60779202001283,La-nkwantanang-madina,La-nkwantanang-madina,True,framework:area:ghana:10a3784bfa3f,Ghana,147,260,True,framework:province:greater-accra-region:4fe9b307af95,Greater Accra Region,Greater Accra Region,69750345B46963341226980,0.99523127,True,Districts,2019,260,Creative Commons Attribution 4.0 International (CC BY 4.0),True,True,Polygon,1,197,70.90622132,72.061,-0.01602502,"[-0.19995027, 5.65894331, -0.12259216, 5.82301973]",justified,"Exact source ID/name, source role and vintage, and spatial parent overlay agree with retained source and official country-level tier context; this does not establish legal boundary accuracy or completeness.",not established by geoBoundaries comparison,True
gb:GHA:ADM2:2480657B63323125119927,GHA,2480657B63323125119927,Yilo Krobo,Yilo Krobo,True,framework:area:ghana:10a3784bfa3f,Ghana,147,260,True,framework:province:eastern-region:ad4fd266d492,Eastern Region,Eastern Region,69750345B54645730941985,1.0,True,Districts,2019,260,Creative Commons Attribution 4.0 International (CC BY 4.0),True,True,Polygon,1,1907,483.54839047,480.104,0.00717426,"[-0.36450946, 6.00771214, 0.14363597, 6.30597359]",justified,"Exact source ID/name, source role and vintage, and spatial parent overlay agree with retained source and official country-level tier context; this does not establish legal boundary accuracy or completeness.",not established by geoBoundaries comparison,True
gb:GHA:ADM2:2480657B63581433334614,GHA,2480657B63581433334614,Kpone Katamanso,Kpone Katamanso,True,framework:area:ghana:10a3784bfa3f,Ghana,147,260,True,framework:province:greater-accra-region:4fe9b307af95,Greater Accra Region,Greater Accra Region,69750345B46963341226980,0.90714304,True,Districts,2019,260,Creative Commons Attribution 4.0 International (CC BY 4.0),True,True,Polygon,1,652,239.94315549,242.501,-0.01054777,"[-0.16470867, 5.6564304, 0.07327717, 5.88016834]",insufficient-evidence,"Declared parent name matches, but the child overlay with the separate 2021 Open Street Map ADM1 layer covers 90.7%; the cross-vintage geometry mismatch is a screening flag, not proof the declared parent is wrong.",not established by geoBoundaries comparison,True
gb:GHA:ADM2:2480657B6434141016984,GHA,2480657B6434141016984,Abuakwa South,Abuakwa South,True,framework:area:ghana:10a3784bfa3f,Ghana,147,260,True,framework:province:eastern-region:ad4fd266d492,Eastern Region,Eastern Region,69750345B54645730941985,1.0,True,Districts,2019,260,Creative Commons Attribution 4.0 International (CC BY 4.0),True,True,Polygon,1,1491,349.55158653,353.855,-0.01216152,"[-0.60742837, 6.05769117, -0.34114821, 6.28778368]",justified,"Exact source ID/name, source role and vintage, and spatial parent overlay agree with retained source and official country-level tier context; this does not establish legal boundary accuracy or completeness.",not established by geoBoundaries comparison,True
gb:GHA:ADM2:2480657B6503151283934,GHA,2480657B6503151283934,Nkwanta North,Nkwanta North,True,framework:area:ghana:10a3784bfa3f,Ghana,147,260,True,framework:province:oti-region:26dfa20a81aa,Oti Region,Oti Region,69750345B12045161590865,0.98453573,True,Districts,2019,260,Creative Commons Attribution 4.0 International (CC BY 4.0),True,True,Polygon,1,2587,1098.95692376,1099.877,-0.00083653,"[0.08158358, 8.32825664, 0.47170154, 8.77488667]",justified,"Exact source ID/name, source role and vintage, and spatial parent overlay agree with retained source and official country-level tier context; this does not establish legal boundary accuracy or completeness.",not established by geoBoundaries comparison,True
gb:GHA:ADM2:2480657B65169023596143,GHA,2480657B65169023596143,Atiwa West,Atiwa West,True,framework:area:ghana:10a3784bfa3f,Ghana,147,260,True,framework:province:eastern-region:ad4fd266d492,Eastern Region,Eastern Region,69750345B54645730941985,1.0,True,Districts,2019,260,Creative Commons Attribution 4.0 International (CC BY 4.0),True,True,Polygon,1,665,585.77483998,585.724,8.68e-05,"[-0.77754517, 6.02511531, -0.51889902, 6.39231052]",justified,"Exact source ID/name, source role and vintage, and spatial parent overlay agree with retained source and official country-level tier context; this does not establish legal boundary accuracy or completeness.",not established by geoBoundaries comparison,True
gb:GHA:ADM2:2480657B66034837272834,GHA,2480657B66034837272834,Bongo,Bongo,True,framework:area:ghana:10a3784bfa3f,Ghana,147,260,True,framework:province:upper-east-region:fe93caa48e52,Upper East Region,Upper East Region,69750345B7467317238909,0.99723583,True,Districts,2019,260,Creative Commons Attribution 4.0 International (CC BY 4.0),True,True,Polygon,1,1603,414.95578044,403.579,0.02818972,"[-0.93385809, 10.8277177, -0.64507584, 11.00652918]",justified,"Exact source ID/name, source role and vintage, and spatial parent overlay agree with retained source and official country-level tier context; this does not establish legal boundary accuracy or completeness.",not established by geoBoundaries comparison,True
gb:GHA:ADM2:2480657B66464396810782,GHA,2480657B66464396810782,Shai Osudoku,Shai Osudoku,True,framework:area:ghana:10a3784bfa3f,Ghana,147,260,True,framework:province:greater-accra-region:4fe9b307af95,Greater Accra Region,Greater Accra Region,69750345B46963341226980,0.55407314,True,Districts,2019,260,Creative Commons Attribution 4.0 International (CC BY 4.0),True,True,Polygon,1,1206,968.59238918,970.874,-0.00235006,"[-0.12215687, 5.82107634, 0.35334047, 6.11027526]",insufficient-evidence,"Declared parent name matches, but the child overlay with the separate 2021 Open Street Map ADM1 layer covers 55.4%; the cross-vintage geometry mismatch is a screening flag, not proof the declared parent is wrong.",not established by geoBoundaries comparison,True
gb:GHA:ADM2:2480657B66646573774103,GHA,2480657B66646573774103,Binduri,Binduri,True,framework:area:ghana:10a3784bfa3f,Ghana,147,260,True,framework:province:upper-east-region:fe93caa48e52,Upper East Region,Upper East Region,69750345B7467317238909,0.99992713,True,Districts,2019,260,Creative Commons Attribution 4.0 International (CC BY 4.0),True,True,Polygon,1,1639,392.04654635,391.701,0.00088217,"[-0.39626907, 10.79987636, -0.21212854, 11.09161462]",justified,"Exact source ID/name, source role and vintage, and spatial parent overlay agree with retained source and official country-level tier context; this does not establish legal boundary accuracy or completeness.",not established by geoBoundaries comparison,True
gb:GHA:ADM2:2480657B6669757606157,GHA,2480657B6669757606157,Weija Gbawe Municipal,Weija Gbawe Municipal,True,framework:area:ghana:10a3784bfa3f,Ghana,147,260,True,framework:province:greater-accra-region:4fe9b307af95,Greater Accra Region,Greater Accra Region,69750345B46963341226980,0.96246127,True,Districts,2019,260,Creative Commons Attribution 4.0 International (CC BY 4.0),True,True,Polygon,1,883,163.70688483,166.785,-0.01845559,"[-0.42611971, 5.47044704, -0.27120941, 5.61269734]",insufficient-evidence,"Declared parent name matches, but the child overlay with the separate 2021 Open Street Map ADM1 layer covers 96.2%; the cross-vintage geometry mismatch is a screening flag, not proof the declared parent is wrong.",not established by geoBoundaries comparison,True
gb:GHA:ADM2:2480657B67017614982997,GHA,2480657B67017614982997,Bawku Municipal,Bawku Municipal,True,framework:area:ghana:10a3784bfa3f,Ghana,147,260,True,framework:province:upper-east-region:fe93caa48e52,Upper East Region,Upper East Region,69750345B7467317238909,0.998822,True,Districts,2019,260,Creative Commons Attribution 4.0 International (CC BY 4.0),True,True,Polygon,1,1393,247.31328014,242.635,0.01928114,"[-0.33873335, 10.90923349, -0.1425242, 11.17484167]",justified,"Exact source ID/name, source role and vintage, and spatial parent overlay agree with retained source and official country-level tier context; this does not establish legal boundary accuracy or completeness.",not established by geoBoundaries comparison,True
gb:GHA:ADM2:2480657B68256913631937,GHA,2480657B68256913631937,Kasena Nankana East,Kasena Nankana East,True,framework:area:ghana:10a3784bfa3f,Ghana,147,260,True,framework:province:upper-east-region:fe93caa48e52,Upper East Region,Upper East Region,69750345B7467317238909,0.99961543,True,Districts,2019,260,Creative Commons Attribution 4.0 International (CC BY 4.0),True,True,MultiPolygon,3,5943,767.41963275,766.196,0.00159702,"[-1.18165462, 10.49725837, -0.91097535, 11.00252725]",justified,"Exact source ID/name, source role and vintage, and spatial parent overlay agree with retained source and official country-level tier context; this does not establish legal boundary accuracy or completeness.",not established by geoBoundaries comparison,True
gb:GHA:ADM2:2480657B68278489034036,GHA,2480657B68278489034036,Asene Akroso Manso,Asene Akroso Manso,True,framework:area:ghana:10a3784bfa3f,Ghana,147,260,True,framework:province:eastern-region:ad4fd266d492,Eastern Region,Eastern Region,69750345B54645730941985,0.87916115,True,Districts,2019,260,Creative Commons Attribution 4.0 International (CC BY 4.0),True,True,Polygon,1,1614,419.05720152,419.607,-0.00131027,"[-0.95089053, 5.70611379, -0.69244716, 6.00266177]",insufficient-evidence,"Declared parent name matches, but the child overlay with the separate 2021 Open Street Map ADM1 layer covers 87.9%; the cross-vintage geometry mismatch is a screening flag, not proof the declared parent is wrong.",not established by geoBoundaries comparison,True
gb:GHA:ADM2:2480657B6837938265733,GHA,2480657B6837938265733,Kwahu Afram Plains North,Kwahu Afram Plains North,True,framework:area:ghana:10a3784bfa3f,Ghana,147,260,True,framework:province:eastern-region:ad4fd266d492,Eastern Region,Eastern Region,69750345B54645730941985,0.92051572,True,Districts,2019,260,Creative Commons Attribution 4.0 International (CC BY 4.0),True,True,Polygon,1,746,2341.70985439,2358.683,-0.00719603,"[-0.16974992, 6.53339322, 0.24371078, 7.1999003]",insufficient-evidence,"Declared parent name matches, but the child overlay with the separate 2021 Open Street Map ADM1 layer covers 92.1%; the cross-vintage geometry mismatch is a screening flag, not proof the declared parent is wrong.",not established by geoBoundaries comparison,True
gb:GHA:ADM2:2480657B68408124911047,GHA,2480657B68408124911047,Kwahu South,Kwahu South,True,framework:area:ghana:10a3784bfa3f,Ghana,147,260,True,framework:province:eastern-region:ad4fd266d492,Eastern Region,Eastern Region,69750345B54645730941985,1.0,True,Districts,2019,260,Creative Commons Attribution 4.0 International (CC BY 4.0),True,True,Polygon,1,1456,796.10564436,800.176,-0.00508683,"[-0.82257257, 6.49062816, -0.33186546, 6.76321422]",justified,"Exact source ID/name, source role and vintage, and spatial parent overlay agree with retained source and official country-level tier context; this does not establish legal boundary accuracy or completeness.",not established by geoBoundaries comparison,True
gb:GHA:ADM2:2480657B69717792501029,GHA,2480657B69717792501029,Tema West Municipal,Tema West Municipal,True,framework:area:ghana:10a3784bfa3f,Ghana,147,260,True,framework:province:greater-accra-region:4fe9b307af95,Greater Accra Region,Greater Accra Region,69750345B46963341226980,0.99939544,True,Districts,2019,260,Creative Commons Attribution 4.0 International (CC BY 4.0),True,True,Polygon,1,182,45.18196289,46.238,-0.02283916,"[-0.11749016, 5.60767569, -0.03108227, 5.69773059]",justified,"Exact source ID/name, source role and vintage, and spatial parent overlay agree with retained source and official country-level tier context; this does not establish legal boundary accuracy or completeness.",not established by geoBoundaries comparison,True
gb:GHA:ADM2:2480657B70680953475259,GHA,2480657B70680953475259,Kasena Nankana West,Kasena Nankana West,True,framework:area:ghana:10a3784bfa3f,Ghana,147,260,True,framework:province:upper-east-region:fe93caa48e52,Upper East Region,Upper East Region,69750345B7467317238909,0.99871473,True,Districts,2019,260,Creative Commons Attribution 4.0 International (CC BY 4.0),True,True,MultiPolygon,2,4742,873.23055909,883.388,-0.01149828,"[-1.52872746, 10.72713246, -0.88794929, 11.02026217]",justified,"Exact source ID/name, source role and vintage, and spatial parent overlay agree with retained source and official country-level tier context; this does not establish legal boundary accuracy or completeness.",not established by geoBoundaries comparison,True
gb:GHA:ADM2:2480657B71012260699376,GHA,2480657B71012260699376,Birim South,Birim South,True,framework:area:ghana:10a3784bfa3f,Ghana,147,260,True,framework:province:eastern-region:ad4fd266d492,Eastern Region,Eastern Region,69750345B54645730941985,0.99498955,True,Districts,2019,260,Creative Commons Attribution 4.0 International (CC BY 4.0),True,True,Polygon,1,3446,311.79985776,315.977,-0.01321977,"[-1.22470313, 5.82394701, -0.87238824, 5.97721182]",justified,"Exact source ID/name, source role and vintage, and spatial parent overlay agree with retained source and official country-level tier context; this does not establish legal boundary accuracy or completeness.",not established by geoBoundaries comparison,True
gb:GHA:ADM2:2480657B72113427832631,GHA,2480657B72113427832631,Upper Manya,Upper Manya,True,framework:area:ghana:10a3784bfa3f,Ghana,147,260,True,framework:province:eastern-region:ad4fd266d492,Eastern Region,Eastern Region,69750345B54645730941985,1.0,True,Districts,2019,260,Creative Commons Attribution 4.0 International (CC BY 4.0),True,True,Polygon,1,1227,859.33988519,868.719,-0.01079649,"[-0.30946735, 6.20970965, 0.0022476, 6.55767083]",justified,"Exact source ID/name, source role and vintage, and spatial parent overlay agree with retained source and official country-level tier context; this does not establish legal boundary accuracy or completeness.",not established by geoBoundaries comparison,True
gb:GHA:ADM2:2480657B72362309510067,GHA,2480657B72362309510067,Upper Denkyira West,Upper Denkyira West,True,framework:area:ghana:10a3784bfa3f,Ghana,147,260,True,framework:province:central-region:dd7cc8bf1617,Central Region,Central Region,69750345B67040307067067,0.90585028,True,Districts,2019,260,Creative Commons Attribution 4.0 International (CC BY 4.0),True,True,Polygon,1,1939,579.29837522,578.207,0.00188752,"[-2.20592567, 5.91698987, -1.79249921, 6.29567559]",insufficient-evidence,"Declared parent name matches, but the child overlay with the separate 2021 Open Street Map ADM1 layer covers 90.6%; the cross-vintage geometry mismatch is a screening flag, not proof the declared parent is wrong.",not established by geoBoundaries comparison,True
gb:GHA:ADM2:2480657B72410528378772,GHA,2480657B72410528378772,Zabzugu,Zabzugu,True,framework:area:ghana:10a3784bfa3f,Ghana,147,260,True,framework:province:northern-region:1d76bea4bc40,Northern Region,Northern Region,69750345B37738609557703,1.0,True,Districts,2019,260,Creative Commons Attribution 4.0 International (CC BY 4.0),True,True,Polygon,1,4876,1100.10278473,1104.833,-0.00428138,"[0.1673206, 8.80626506, 0.47134542, 9.37487276]",justified,"Exact source ID/name, source role and vintage, and spatial parent overlay agree with retained source and official country-level tier context; this does not establish legal boundary accuracy or completeness.",not established by geoBoundaries comparison,True
gb:GHA:ADM2:2480657B73071492710762,GHA,2480657B73071492710762,Assin South,Assin South,True,framework:area:ghana:10a3784bfa3f,Ghana,147,260,True,framework:province:central-region:dd7cc8bf1617,Central Region,Central Region,69750345B67040307067067,1.0,True,Districts,2019,260,Creative Commons Attribution 4.0 International (CC BY 4.0),True,True,Polygon,1,3683,1101.42395698,1106.785,-0.0048438,"[-1.44458172, 5.33956228, -1.0634518, 5.71887826]",justified,"Exact source ID/name, source role and vintage, and spatial parent overlay agree with retained source and official country-level tier context; this does not establish legal boundary accuracy or completeness.",not established by geoBoundaries comparison,True
gb:GHA:ADM2:2480657B73751367479109,GHA,2480657B73751367479109,Krachi Nchumuru,Krachi Nchumuru,True,framework:area:ghana:10a3784bfa3f,Ghana,147,260,True,framework:province:oti-region:26dfa20a81aa,Oti Region,Oti Region,69750345B12045161590865,0.99987447,True,Districts,2019,260,Creative Commons Attribution 4.0 International (CC BY 4.0),True,True,Polygon,1,1202,1195.18747276,1198.964,-0.00314983,"[-0.39076809, 8.02464722, 0.19699924, 8.35244661]",justified,"Exact source ID/name, source role and vintage, and spatial parent overlay agree with retained source and official country-level tier context; this does not establish legal boundary accuracy or completeness.",not established by geoBoundaries comparison,True
gb:GHA:ADM2:2480657B74011824532465,GHA,2480657B74011824532465,Anloga,Anloga,True,framework:area:ghana:10a3784bfa3f,Ghana,147,260,True,framework:province:volta-region:c10898f0f555,Volta Region,Volta Region,69750345B58204744476950,0.98521633,True,Districts,2019,260,Creative Commons Attribution 4.0 International (CC BY 4.0),True,True,Polygon,1,825,236.18307048,236.612,-0.0018128,"[0.67555655, 5.76559121, 0.95991556, 5.8842237]",justified,"Exact source ID/name, source role and vintage, and spatial parent overlay agree with retained source and official country-level tier context; this does not establish legal boundary accuracy or completeness.",not established by geoBoundaries comparison,True
gb:GHA:ADM2:2480657B74414618551217,GHA,2480657B74414618551217,Nabdam,Nabdam,True,framework:area:ghana:10a3784bfa3f,Ghana,147,260,True,framework:province:upper-east-region:fe93caa48e52,Upper East Region,Upper East Region,69750345B7467317238909,0.99982176,True,Districts,2019,260,Creative Commons Attribution 4.0 International (CC BY 4.0),True,True,Polygon,1,1193,245.05171068,243.062,0.00818602,"[-0.77142641, 10.74314376, -0.55671121, 10.9501374]",justified,"Exact source ID/name, source role and vintage, and spatial parent overlay agree with retained source and official country-level tier context; this does not establish legal boundary accuracy or completeness.",not established by geoBoundaries comparison,True
gb:GHA:ADM2:2480657B74727980909537,GHA,2480657B74727980909537,Nsawam Adoagyiri,Nsawam Adoagyiri,True,framework:area:ghana:10a3784bfa3f,Ghana,147,260,True,framework:province:eastern-region:ad4fd266d492,Eastern Region,Eastern Region,69750345B54645730941985,0.9993989,True,Districts,2019,260,Creative Commons Attribution 4.0 International (CC BY 4.0),True,True,Polygon,1,744,175.08747006,177.129,-0.01152567,"[-0.42787764, 5.75793094, -0.26735908, 5.8982852]",justified,"Exact source ID/name, source role and vintage, and spatial parent overlay agree with retained source and official country-level tier context; this does not establish legal boundary accuracy or completeness.",not established by geoBoundaries comparison,True
gb:GHA:ADM2:2480657B7526405183619,GHA,2480657B7526405183619,Atiwa East,Atiwa East,True,framework:area:ghana:10a3784bfa3f,Ghana,147,260,True,framework:province:eastern-region:ad4fd266d492,Eastern Region,Eastern Region,69750345B54645730941985,1.0,True,Districts,2019,260,Creative Commons Attribution 4.0 International (CC BY 4.0),True,True,Polygon,1,1685,580.05615863,581.527,-0.00252927,"[-0.88668555, 6.27857699, -0.460804, 6.51255334]",justified,"Exact source ID/name, source role and vintage, and spatial parent overlay agree with retained source and official country-level tier context; this does not establish legal boundary accuracy or completeness.",not established by geoBoundaries comparison,True
gb:GHA:ADM2:2480657B76285553918092,GHA,2480657B76285553918092,Karaga,Karaga,True,framework:area:ghana:10a3784bfa3f,Ghana,147,260,True,framework:province:northern-region:1d76bea4bc40,Northern Region,Northern Region,69750345B37738609557703,0.9562921,True,Districts,2019,260,Creative Commons Attribution 4.0 International (CC BY 4.0),True,True,Polygon,1,13469,3120.56621986,3142.471,-0.00697056,"[-0.81765558, 9.50895751, -0.11400883, 10.32745516]",insufficient-evidence,"Declared parent name matches, but the child overlay with the separate 2021 Open Street Map ADM1 layer covers 95.6%; the cross-vintage geometry mismatch is a screening flag, not proof the declared parent is wrong.",not established by geoBoundaries comparison,True
gb:GHA:ADM2:2480657B76540044095481,GHA,2480657B76540044095481,Tatale Sanguli,Tatale Sanguli,True,framework:area:ghana:10a3784bfa3f,Ghana,147,260,True,framework:province:northern-region:1d76bea4bc40,Northern Region,Northern Region,69750345B37738609557703,0.9870746,True,Districts,2019,260,Creative Commons Attribution 4.0 International (CC BY 4.0),True,True,Polygon,1,7402,1090.314724,1056.952,0.03156503,"[0.20817638, 8.77993252, 0.56659019, 9.50248439]",justified,"Exact source ID/name, source role and vintage, and spatial parent overlay agree with retained source and official country-level tier context; this does not establish legal boundary accuracy or completeness.",not established by geoBoundaries comparison,True
gb:GHA:ADM2:2480657B7709388821831,GHA,2480657B7709388821831,Ketu South,Ketu South,True,framework:area:ghana:10a3784bfa3f,Ghana,147,260,True,framework:province:volta-region:c10898f0f555,Volta Region,Volta Region,69750345B58204744476950,0.99136757,True,Districts,2019,260,Creative Commons Attribution 4.0 International (CC BY 4.0),True,True,Polygon,1,329,278.0882697,280.276,-0.00780563,"[0.97685953, 5.97915773, 1.20021459, 6.18184278]",justified,"Exact source ID/name, source role and vintage, and spatial parent overlay agree with retained source and official country-level tier context; this does not establish legal boundary accuracy or completeness.",not established by geoBoundaries comparison,True
gb:GHA:ADM2:2480657B77450065295387,GHA,2480657B77450065295387,Achiase,Achiase,True,framework:area:ghana:10a3784bfa3f,Ghana,147,260,True,framework:province:eastern-region:ad4fd266d492,Eastern Region,Eastern Region,69750345B54645730941985,0.69967159,True,Districts,2019,260,Creative Commons Attribution 4.0 International (CC BY 4.0),True,True,Polygon,1,1069,414.61694863,415.142,-0.00126475,"[-1.16796654, 5.70082311, -0.85043155, 5.88745747]",insufficient-evidence,"Declared parent name matches, but the child overlay with the separate 2021 Open Street Map ADM1 layer covers 70.0%; the cross-vintage geometry mismatch is a screening flag, not proof the declared parent is wrong.",not established by geoBoundaries comparison,True
gb:GHA:ADM2:2480657B77934780741907,GHA,2480657B77934780741907,Okaikwei North Municipal,Okaikwei North Municipal,True,framework:area:ghana:10a3784bfa3f,Ghana,147,260,True,framework:province:greater-accra-region:4fe9b307af95,Greater Accra Region,Greater Accra Region,69750345B46963341226980,1.0,True,Districts,2019,260,Creative Commons Attribution 4.0 International (CC BY 4.0),True,True,Polygon,1,102,22.43292713,23.016,-0.02533337,"[-0.26352137, 5.59399914, -0.18860233, 5.6637435]",justified,"Exact source ID/name, source role and vintage, and spatial parent overlay agree with retained source and official country-level tier context; this does not establish legal boundary accuracy or completeness.",not established by geoBoundaries comparison,True
gb:GHA:ADM2:2480657B78318361422462,GHA,2480657B78318361422462,Bunkpurugu Nakpanduri,Bunkpurugu Nakpanduri,True,framework:area:ghana:10a3784bfa3f,Ghana,147,260,True,framework:province:north-east-region:991aebf41c53,North East Region,North East Region,69750345B94584643914501,0.99842089,True,Districts,2019,260,Creative Commons Attribution 4.0 International (CC BY 4.0),True,True,Polygon,1,2825,769.38890576,764.265,0.00670436,"[-0.24432601, 10.30578583, 0.19881572, 10.71190205]",justified,"Exact source ID/name, source role and vintage, and spatial parent overlay agree with retained source and official country-level tier context; this does not establish legal boundary accuracy or completeness.",not established by geoBoundaries comparison,True
gb:GHA:ADM2:2480657B78422611914106,GHA,2480657B78422611914106,Krachi West,Krachi West,True,framework:area:ghana:10a3784bfa3f,Ghana,147,260,True,framework:province:oti-region:26dfa20a81aa,Oti Region,Oti Region,69750345B12045161590865,0.9998935,True,Districts,2019,260,Creative Commons Attribution 4.0 International (CC BY 4.0),True,True,Polygon,1,187,928.54543785,934.215,-0.0060688,"[-0.17382565, 7.68398553, 0.11864815, 8.10632153]",justified,"Exact source ID/name, source role and vintage, and spatial parent overlay agree with retained source and official country-level tier context; this does not establish legal boundary accuracy or completeness.",not established by geoBoundaries comparison,True
gb:GHA:ADM2:2480657B78562505377679,GHA,2480657B78562505377679,Akatsi North,Akatsi North,True,framework:area:ghana:10a3784bfa3f,Ghana,147,260,True,framework:province:volta-region:c10898f0f555,Volta Region,Volta Region,69750345B58204744476950,0.984243,True,Districts,2019,260,Creative Commons Attribution 4.0 International (CC BY 4.0),True,True,Polygon,1,1132,313.97607213,309.333,0.01500995,"[0.74567459, 6.17372564, 0.96551573, 6.44818928]",justified,"Exact source ID/name, source role and vintage, and spatial parent overlay agree with retained source and official country-level tier context; this does not establish legal boundary accuracy or completeness.",not established by geoBoundaries comparison,True
gb:GHA:ADM2:2480657B79217814678772,GHA,2480657B79217814678772,Jasikan,Jasikan,True,framework:area:ghana:10a3784bfa3f,Ghana,147,260,True,framework:province:oti-region:26dfa20a81aa,Oti Region,Oti Region,69750345B12045161590865,0.99429181,True,Districts,2019,260,Creative Commons Attribution 4.0 International (CC BY 4.0),True,True,Polygon,1,2321,555.70721115,557.236,-0.00274352,"[0.32532129, 7.22003069, 0.65890108, 7.53054915]",justified,"Exact source ID/name, source role and vintage, and spatial parent overlay agree with retained source and official country-level tier context; this does not establish legal boundary accuracy or completeness.",not established by geoBoundaries comparison,True
gb:GHA:ADM2:2480657B79468660523811,GHA,2480657B79468660523811,Builsa North,Builsa North,True,framework:area:ghana:10a3784bfa3f,Ghana,147,260,True,framework:province:upper-east-region:fe93caa48e52,Upper East Region,Upper East Region,69750345B7467317238909,1.0,True,Districts,2019,260,Creative Commons Attribution 4.0 International (CC BY 4.0),True,True,Polygon,1,3286,816.82633024,815.079,0.00214376,"[-1.40714695, 10.54264479, -1.08256511, 10.88010717]",justified,"Exact source ID/name, source role and vintage, and spatial parent overlay agree with retained source and official country-level tier context; this does not establish legal boundary accuracy or completeness.",not established by geoBoundaries comparison,True
gb:GHA:ADM2:2480657B79730913179219,GHA,2480657B79730913179219,Akatsi South,Akatsi South,True,framework:area:ghana:10a3784bfa3f,Ghana,147,260,True,framework:province:volta-region:c10898f0f555,Volta Region,Volta Region,69750345B58204744476950,1.0,True,Districts,2019,260,Creative Commons Attribution 4.0 International (CC BY 4.0),True,True,Polygon,1,2631,535.73804597,540.319,-0.00847824,"[0.67694442, 5.95484355, 0.89160247, 6.35335264]",justified,"Exact source ID/name, source role and vintage, and spatial parent overlay agree with retained source and official country-level tier context; this does not establish legal boundary accuracy or completeness.",not established by geoBoundaries comparison,True
gb:GHA:ADM2:2480657B80684943588404,GHA,2480657B80684943588404,Birim Central Municipal,Birim Central Municipal,True,framework:area:ghana:10a3784bfa3f,Ghana,147,260,True,framework:province:eastern-region:ad4fd266d492,Eastern Region,Eastern Region,69750345B54645730941985,1.0,True,Districts,2019,260,Creative Commons Attribution 4.0 International (CC BY 4.0),True,True,Polygon,1,942,106.4333481,108.605,-0.01999587,"[-1.07736516, 5.90704912, -0.94027125, 6.04740009]",justified,"Exact source ID/name, source role and vintage, and spatial parent overlay agree with retained source and official country-level tier context; this does not establish legal boundary accuracy or completeness.",not established by geoBoundaries comparison,True
gb:GHA:ADM2:2480657B81401264659986,GHA,2480657B81401264659986,Birim North,Birim North,True,framework:area:ghana:10a3784bfa3f,Ghana,147,260,True,framework:province:eastern-region:ad4fd266d492,Eastern Region,Eastern Region,69750345B54645730941985,0.99503107,True,Districts,2019,260,Creative Commons Attribution 4.0 International (CC BY 4.0),True,True,Polygon,1,3186,566.58606781,571.367,-0.00836753,"[-1.13864718, 6.19629538, -0.81903402, 6.53995981]",justified,"Exact source ID/name, source role and vintage, and spatial parent overlay agree with retained source and official country-level tier context; this does not establish legal boundary accuracy or completeness.",not established by geoBoundaries comparison,True
gb:GHA:ADM2:2480657B81635079362570,GHA,2480657B81635079362570,Gomoa West,Gomoa West,True,framework:area:ghana:10a3784bfa3f,Ghana,147,260,True,framework:province:central-region:dd7cc8bf1617,Central Region,Central Region,69750345B67040307067067,0.99967727,True,Districts,2019,260,Creative Commons Attribution 4.0 International (CC BY 4.0),True,True,Polygon,1,1248,337.18522516,340.87,-0.01080991,"[-0.91890858, 5.22311011, -0.7441085, 5.54980433]",justified,"Exact source ID/name, source role and vintage, and spatial parent overlay agree with retained source and official country-level tier context; this does not establish legal boundary accuracy or completeness.",not established by geoBoundaries comparison,True
gb:GHA:ADM2:2480657B81968156308620,GHA,2480657B81968156308620,Ningo/prampram,Ningo/prampram,True,framework:area:ghana:10a3784bfa3f,Ghana,147,260,True,framework:province:greater-accra-region:4fe9b307af95,Greater Accra Region,Greater Accra Region,69750345B46963341226980,0.99677125,True,Districts,2019,260,Creative Commons Attribution 4.0 International (CC BY 4.0),True,True,Polygon,1,1259,622.2448514,623.187,-0.00151182,"[-0.07144791, 5.69309162, 0.35870566, 5.93567695]",justified,"Exact source ID/name, source role and vintage, and spatial parent overlay agree with retained source and official country-level tier context; this does not establish legal boundary accuracy or completeness.",not established by geoBoundaries comparison,True
gb:GHA:ADM2:2480657B83789922051105,GHA,2480657B83789922051105,Effutu Municipal,Effutu Municipal,True,framework:area:ghana:10a3784bfa3f,Ghana,147,260,True,framework:province:central-region:dd7cc8bf1617,Central Region,Central Region,69750345B67040307067067,0.92912443,True,Districts,2019,260,Creative Commons Attribution 4.0 International (CC BY 4.0),True,True,Polygon,1,620,85.2315879,86.188,-0.01109681,"[-0.67424081, 5.32776507, -0.54887668, 5.44225421]",insufficient-evidence,"Declared parent name matches, but the child overlay with the separate 2021 Open Street Map ADM1 layer covers 92.9%; the cross-vintage geometry mismatch is a screening flag, not proof the declared parent is wrong.",not established by geoBoundaries comparison,True
gb:GHA:ADM2:2480657B84792930556748,GHA,2480657B84792930556748,East Mamprusi,East Mamprusi,True,framework:area:ghana:10a3784bfa3f,Ghana,147,260,True,framework:province:north-east-region:991aebf41c53,North East Region,North East Region,69750345B94584643914501,0.99877147,True,Districts,2019,260,Creative Commons Attribution 4.0 International (CC BY 4.0),True,True,Polygon,1,5340,1707.39418431,1715.412,-0.00467399,"[-0.67048206, 10.2616992, -0.00361325, 10.643921]",justified,"Exact source ID/name, source role and vintage, and spatial parent overlay agree with retained source and official country-level tier context; this does not establish legal boundary accuracy or completeness.",not established by geoBoundaries comparison,True
gb:GHA:ADM2:2480657B85535261310615,GHA,2480657B85535261310615,Ashaiman Municipal,Ashaiman Municipal,True,framework:area:ghana:10a3784bfa3f,Ghana,147,260,True,framework:province:greater-accra-region:4fe9b307af95,Greater Accra Region,Greater Accra Region,69750345B46963341226980,1.0,True,Districts,2019,260,Creative Commons Attribution 4.0 International (CC BY 4.0),True,True,Polygon,1,134,18.5496179,18.356,0.01054794,"[-0.05925577, 5.67575969, -0.01298258, 5.7230442]",justified,"Exact source ID/name, source role and vintage, and spatial parent overlay agree with retained source and official country-level tier context; this does not establish legal boundary accuracy or completeness.",not established by geoBoundaries comparison,True
gb:GHA:ADM2:2480657B8553529614763,GHA,2480657B8553529614763,North Dayi,North Dayi,True,framework:area:ghana:10a3784bfa3f,Ghana,147,260,True,framework:province:volta-region:c10898f0f555,Volta Region,Volta Region,69750345B58204744476950,0.82076043,True,Districts,2019,260,Creative Commons Attribution 4.0 International (CC BY 4.0),True,True,Polygon,1,909,462.75119414,461.661,0.00236146,"[0.11980257, 6.66224474, 0.35754367, 6.97397324]",insufficient-evidence,"Declared parent name matches, but the child overlay with the separate 2021 Open Street Map ADM1 layer covers 82.1%; the cross-vintage geometry mismatch is a screening flag, not proof the declared parent is wrong.",not established by geoBoundaries comparison,True
gb:GHA:ADM2:2480657B86034404720136,GHA,2480657B86034404720136,New Juaben South Municipal,New Juaben South Municipal,True,framework:area:ghana:10a3784bfa3f,Ghana,147,260,True,framework:province:eastern-region:ad4fd266d492,Eastern Region,Eastern Region,69750345B54645730941985,1.0,True,Districts,2019,260,Creative Commons Attribution 4.0 International (CC BY 4.0),True,True,Polygon,1,250,54.24153163,55.862,-0.02900842,"[-0.30984168, 6.03219245, -0.21492919, 6.12751038]",justified,"Exact source ID/name, source role and vintage, and spatial parent overlay agree with retained source and official country-level tier context; this does not establish legal boundary accuracy or completeness.",not established by geoBoundaries comparison,True
gb:GHA:ADM2:2480657B87039075961323,GHA,2480657B87039075961323,Kwahu Afram Plains South,Kwahu Afram Plains South,True,framework:area:ghana:10a3784bfa3f,Ghana,147,260,True,framework:province:eastern-region:ad4fd266d492,Eastern Region,Eastern Region,69750345B54645730941985,0.92085135,True,Districts,2019,260,Creative Commons Attribution 4.0 International (CC BY 4.0),True,True,Polygon,1,3025,3095.65284843,3110.507,-0.00477548,"[-0.75717494, 6.54264605, -0.07115792, 7.2127874]",insufficient-evidence,"Declared parent name matches, but the child overlay with the separate 2021 Open Street Map ADM1 layer covers 92.1%; the cross-vintage geometry mismatch is a screening flag, not proof the declared parent is wrong.",not established by geoBoundaries comparison,True
gb:GHA:ADM2:2480657B87566941811639,GHA,2480657B87566941811639,Sagnerigu,Sagnerigu,True,framework:area:ghana:10a3784bfa3f,Ghana,147,260,True,framework:province:northern-region:1d76bea4bc40,Northern Region,Northern Region,69750345B37738609557703,1.0,True,Districts,2019,260,Creative Commons Attribution 4.0 International (CC BY 4.0),True,True,Polygon,1,522,200.5169326,202.219,-0.00841695,"[-0.96572131, 9.40350182, -0.77884655, 9.56851154]",justified,"Exact source ID/name, source role and vintage, and spatial parent overlay agree with retained source and official country-level tier context; this does not establish legal boundary accuracy or completeness.",not established by geoBoundaries comparison,True
gb:GHA:ADM2:2480657B88791559733000,GHA,2480657B88791559733000,La Dade-kotopon,La Dade-kotopon,True,framework:area:ghana:10a3784bfa3f,Ghana,147,260,True,framework:province:greater-accra-region:4fe9b307af95,Greater Accra Region,Greater Accra Region,69750345B46963341226980,0.99856121,True,Districts,2019,260,Creative Commons Attribution 4.0 International (CC BY 4.0),True,True,Polygon,1,228,36.04313321,34.427,0.04694377,"[-0.19031476, 5.54981483, -0.13062697, 5.62907964]",justified,"Exact source ID/name, source role and vintage, and spatial parent overlay agree with retained source and official country-level tier context; this does not establish legal boundary accuracy or completeness.",not established by geoBoundaries comparison,True
gb:GHA:ADM2:2480657B89828953333594,GHA,2480657B89828953333594,Komenda-edina-eguafo-abirem Municipal,Komenda-edina-eguafo-abirem Municipal,True,framework:area:ghana:10a3784bfa3f,Ghana,147,260,True,framework:province:central-region:dd7cc8bf1617,Central Region,Central Region,69750345B67040307067067,0.99126947,True,Districts,2019,260,Creative Commons Attribution 4.0 International (CC BY 4.0),True,True,Polygon,1,1268,452.6751726,455.013,-0.00513794,"[-1.5818973, 5.03314008, -1.29619426, 5.22687113]",justified,"Exact source ID/name, source role and vintage, and spatial parent overlay agree with retained source and official country-level tier context; this does not establish legal boundary accuracy or completeness.",not established by geoBoundaries comparison,True
gb:GHA:ADM2:2480657B90334619080238,GHA,2480657B90334619080238,West Mamprusi Municipal,West Mamprusi Municipal,True,framework:area:ghana:10a3784bfa3f,Ghana,147,260,True,framework:province:north-east-region:991aebf41c53,North East Region,North East Region,69750345B94584643914501,0.98421639,True,Districts,2019,260,Creative Commons Attribution 4.0 International (CC BY 4.0),True,True,Polygon,1,4534,2611.68616005,2623.605,-0.00454292,"[-1.09371685, 9.94338716, -0.49697485, 10.65257452]",justified,"Exact source ID/name, source role and vintage, and spatial parent overlay agree with retained source and official country-level tier context; this does not establish legal boundary accuracy or completeness.",not established by geoBoundaries comparison,True
gb:GHA:ADM2:2480657B90617621807510,GHA,2480657B90617621807510,Ga West Municipal,Ga West Municipal,True,framework:area:ghana:10a3784bfa3f,Ghana,147,260,True,framework:province:greater-accra-region:4fe9b307af95,Greater Accra Region,Greater Accra Region,69750345B46963341226980,0.88792808,True,Districts,2019,260,Creative Commons Attribution 4.0 International (CC BY 4.0),True,True,Polygon,1,1364,174.92887818,177.841,-0.01637486,"[-0.49255375, 5.60902959, -0.24793771, 5.80080706]",insufficient-evidence,"Declared parent name matches, but the child overlay with the separate 2021 Open Street Map ADM1 layer covers 88.8%; the cross-vintage geometry mismatch is a screening flag, not proof the declared parent is wrong.",not established by geoBoundaries comparison,True
gb:GHA:ADM2:2480657B92273702685271,GHA,2480657B92273702685271,Ayawaso Central Municipal,Ayawaso Central Municipal,True,framework:area:ghana:10a3784bfa3f,Ghana,147,260,True,framework:province:greater-accra-region:4fe9b307af95,Greater Accra Region,Greater Accra Region,69750345B46963341226980,1.0,True,Districts,2019,260,Creative Commons Attribution 4.0 International (CC BY 4.0),True,True,Polygon,1,15,1.55676518,1.284,0.21243394,"[-0.21139783, 5.57243797, -0.19695797, 5.58812339]",justified,"Exact source ID/name, source role and vintage, and spatial parent overlay agree with retained source and official country-level tier context; this does not establish legal boundary accuracy or completeness.",not established by geoBoundaries comparison,True
gb:GHA:ADM2:2480657B92948775681515,GHA,2480657B92948775681515,South Tongu,South Tongu,True,framework:area:ghana:10a3784bfa3f,Ghana,147,260,True,framework:province:volta-region:c10898f0f555,Volta Region,Volta Region,69750345B58204744476950,0.96919583,True,Districts,2019,260,Creative Commons Attribution 4.0 International (CC BY 4.0),True,True,Polygon,1,2309,643.36068233,643.957,-0.00092602,"[0.49592324, 5.77397631, 0.78839196, 6.15623127]",insufficient-evidence,"Declared parent name matches, but the child overlay with the separate 2021 Open Street Map ADM1 layer covers 96.9%; the cross-vintage geometry mismatch is a screening flag, not proof the declared parent is wrong.",not established by geoBoundaries comparison,True
gb:GHA:ADM2:2480657B93484130612637,GHA,2480657B93484130612637,Kpandai,Kpandai,True,framework:area:ghana:10a3784bfa3f,Ghana,147,260,True,framework:province:northern-region:1d76bea4bc40,Northern Region,Northern Region,69750345B37738609557703,0.98930358,True,Districts,2019,260,Creative Commons Attribution 4.0 International (CC BY 4.0),True,True,Polygon,1,2547,1133.10357556,1140.768,-0.00671865,"[-0.32654285, 8.2145796, 0.24500756, 8.5590805]",justified,"Exact source ID/name, source role and vintage, and spatial parent overlay agree with retained source and official country-level tier context; this does not establish legal boundary accuracy or completeness.",not established by geoBoundaries comparison,True
gb:GHA:ADM2:2480657B94460481801793,GHA,2480657B94460481801793,Yendi Municipal,Yendi Municipal,True,framework:area:ghana:10a3784bfa3f,Ghana,147,260,True,framework:province:northern-region:1d76bea4bc40,Northern Region,Northern Region,69750345B37738609557703,1.0,True,Districts,2019,260,Creative Commons Attribution 4.0 International (CC BY 4.0),True,True,Polygon,1,4675,1446.61483393,1446.878,-0.00018189,"[-0.17520442, 9.19070843, 0.26001263, 9.75586543]",justified,"Exact source ID/name, source role and vintage, and spatial parent overlay agree with retained source and official country-level tier context; this does not establish legal boundary accuracy or completeness.",not established by geoBoundaries comparison,True
gb:GHA:ADM2:2480657B94892111901595,GHA,2480657B94892111901595,Ledzokuku Municipal,Ledzokuku Municipal,True,framework:area:ghana:10a3784bfa3f,Ghana,147,260,True,framework:province:greater-accra-region:4fe9b307af95,Greater Accra Region,Greater Accra Region,69750345B46963341226980,0.99469716,True,Districts,2019,260,Creative Commons Attribution 4.0 International (CC BY 4.0),True,True,Polygon,1,268,29.24348735,29.965,-0.02407851,"[-0.14076282, 5.56330923, -0.09019721, 5.64079955]",justified,"Exact source ID/name, source role and vintage, and spatial parent overlay agree with retained source and official country-level tier context; this does not establish legal boundary accuracy or completeness.",not established by geoBoundaries comparison,True
gb:GHA:ADM2:2480657B95199515281033,GHA,2480657B95199515281033,New Juaben North Municipal,New Juaben North Municipal,True,framework:area:ghana:10a3784bfa3f,Ghana,147,260,True,framework:province:eastern-region:ad4fd266d492,Eastern Region,Eastern Region,69750345B54645730941985,1.0,True,Districts,2019,260,Creative Commons Attribution 4.0 International (CC BY 4.0),True,True,Polygon,1,538,105.5134703,102.554,0.02885768,"[-0.37308161, 6.08113834, -0.24654919, 6.20945535]",justified,"Exact source ID/name, source role and vintage, and spatial parent overlay agree with retained source and official country-level tier context; this does not establish legal boundary accuracy or completeness.",not established by geoBoundaries comparison,True
gb:GHA:ADM2:2480657B96271436146347,GHA,2480657B96271436146347,Nanton,Nanton,True,framework:area:ghana:10a3784bfa3f,Ghana,147,260,True,framework:province:northern-region:1d76bea4bc40,Northern Region,Northern Region,69750345B37738609557703,1.0,True,Districts,2019,260,Creative Commons Attribution 4.0 International (CC BY 4.0),True,True,Polygon,1,2234,476.73927205,474.815,0.00405268,"[-0.82754469, 9.41338505, -0.5645485, 9.7036578]",justified,"Exact source ID/name, source role and vintage, and spatial parent overlay agree with retained source and official country-level tier context; this does not establish legal boundary accuracy or completeness.",not established by geoBoundaries comparison,True
gb:GHA:ADM2:2480657B96734395613726,GHA,2480657B96734395613726,Krowor Municipal,Krowor Municipal,True,framework:area:ghana:10a3784bfa3f,Ghana,147,260,True,framework:province:greater-accra-region:4fe9b307af95,Greater Accra Region,Greater Accra Region,69750345B46963341226980,0.99364433,True,Districts,2019,260,Creative Commons Attribution 4.0 International (CC BY 4.0),True,True,Polygon,1,171,18.34378251,17.204,0.06625102,"[-0.12784583, 5.58047673, -0.05507185, 5.64512458]",justified,"Exact source ID/name, source role and vintage, and spatial parent overlay agree with retained source and official country-level tier context; this does not establish legal boundary accuracy or completeness.",not established by geoBoundaries comparison,True
gb:GHA:ADM2:2480657B96936068561499,GHA,2480657B96936068561499,Ga Central Municipal,Ga Central Municipal,True,framework:area:ghana:10a3784bfa3f,Ghana,147,260,True,framework:province:greater-accra-region:4fe9b307af95,Greater Accra Region,Greater Accra Region,69750345B46963341226980,1.0,True,Districts,2019,260,Creative Commons Attribution 4.0 International (CC BY 4.0),True,True,Polygon,1,323,48.99098997,46.788,0.04708451,"[-0.36275254, 5.57914559, -0.26213284, 5.65570694]",justified,"Exact source ID/name, source role and vintage, and spatial parent overlay agree with retained source and official country-level tier context; this does not establish legal boundary accuracy or completeness.",not established by geoBoundaries comparison,True
gb:GHA:ADM2:2480657B97498759939018,GHA,2480657B97498759939018,Garu,Garu,True,framework:area:ghana:10a3784bfa3f,Ghana,147,260,True,framework:province:upper-east-region:fe93caa48e52,Upper East Region,Upper East Region,69750345B7467317238909,0.99931055,True,Districts,2019,260,Creative Commons Attribution 4.0 International (CC BY 4.0),True,True,Polygon,1,1923,675.41492216,679.537,-0.00606601,"[-0.37579603, 10.61949059, -0.07005211, 10.92170602]",justified,"Exact source ID/name, source role and vintage, and spatial parent overlay agree with retained source and official country-level tier context; this does not establish legal boundary accuracy or completeness.",not established by geoBoundaries comparison,True
gb:GHA:ADM2:2480657B98999442599484,GHA,2480657B98999442599484,Upper West Akim,Upper West Akim,True,framework:area:ghana:10a3784bfa3f,Ghana,147,260,True,framework:province:eastern-region:ad4fd266d492,Eastern Region,Eastern Region,69750345B54645730941985,0.90546854,True,Districts,2019,260,Creative Commons Attribution 4.0 International (CC BY 4.0),True,True,Polygon,1,1166,342.63353917,339.012,0.01068263,"[-0.70814654, 5.72097341, -0.41535369, 5.89204618]",insufficient-evidence,"Declared parent name matches, but the child overlay with the separate 2021 Open Street Map ADM1 layer covers 90.5%; the cross-vintage geometry mismatch is a screening flag, not proof the declared parent is wrong.",not established by geoBoundaries comparison,True
gb:GHA:ADM2:2480657B99246651758289,GHA,2480657B99246651758289,Kumbungu,Kumbungu,True,framework:area:ghana:10a3784bfa3f,Ghana,147,260,True,framework:province:northern-region:1d76bea4bc40,Northern Region,Northern Region,69750345B37738609557703,0.95106929,True,Districts,2019,260,Creative Commons Attribution 4.0 International (CC BY 4.0),True,True,Polygon,1,5407,1541.82149474,1549.626,-0.00503638,"[-1.24140756, 9.40893079, -0.88305449, 10.18709194]",insufficient-evidence,"Declared parent name matches, but the child overlay with the separate 2021 Open Street Map ADM1 layer covers 95.1%; the cross-vintage geometry mismatch is a screening flag, not proof the declared parent is wrong.",not established by geoBoundaries comparison,True
gb:GHA:ADM2:2480657B99533750399286,GHA,2480657B99533750399286,Ablekuma Central Municipal,Ablekuma Central Municipal,True,framework:area:ghana:10a3784bfa3f,Ghana,147,260,True,framework:province:greater-accra-region:4fe9b307af95,Greater Accra Region,Greater Accra Region,69750345B46963341226980,1.0,True,Districts,2019,260,Creative Commons Attribution 4.0 International (CC BY 4.0),True,True,Polygon,1,38,14.09311841,14.795,-0.04744046,"[-0.2630352, 5.53209933, -0.2152558, 5.57627769]",justified,"Exact source ID/name, source role and vintage, and spatial parent overlay agree with retained source and official country-level tier context; this does not establish legal boundary accuracy or completeness.",not established by geoBoundaries comparison,True
gb:GHA:ADM2:2480657B9973692574538,GHA,2480657B9973692574538,Pusiga,Pusiga,True,framework:area:ghana:10a3784bfa3f,Ghana,147,260,True,framework:province:upper-east-region:fe93caa48e52,Upper East Region,Upper East Region,69750345B7467317238909,0.99732468,True,Districts,2019,260,Creative Commons Attribution 4.0 International (CC BY 4.0),True,True,Polygon,1,1610,255.81200827,248.903,0.02775783,"[-0.22610513, 10.99145066, 0.02610826, 11.16017477]",justified,"Exact source ID/name, source role and vintage, and spatial parent overlay agree with retained source and official country-level tier context; this does not establish legal boundary accuracy or completeness.",not established by geoBoundaries comparison,True
gb:GIN:ADM2:49546643B14657084308206,GIN,49546643B14657084308206,Lola,Lola,True,framework:area:guinea:b255336b735c,Guinea,34,34,False,framework:province:nzerekore:543ec1a427f6,Nzerekore,Nzerekore,385441B82784678606818,1.0,True,prefecture,2017,34,Creative Commons Attribution 3.0 Intergovernmental Organisations (CC BY 3.0 IGO),True,True,Polygon,1,323,4541.32266063,4449.321,0.02067769,"[-8.608833, 7.53373, -7.945582, 8.497423]",justified,"Exact source ID/name, source role and vintage, and spatial parent overlay agree with retained source and official country-level tier context; this does not establish legal boundary accuracy or completeness.",not established by geoBoundaries comparison,True
gb:GIN:ADM2:49546643B20116898332008,GIN,49546643B20116898332008,Dubreka,Dubreka,True,framework:area:guinea:b255336b735c,Guinea,34,34,False,framework:province:kindia:27d242ad26ed,Kindia,Kindia,385441B58689174477974,1.0,True,prefecture,2017,34,Creative Commons Attribution 3.0 Intergovernmental Organisations (CC BY 3.0 IGO),True,True,MultiPolygon,3,252,3972.69733675,3991.455,-0.00469946,"[-13.9065, 9.73286, -13.14441, 10.51689037]",justified,"Exact source ID/name, source role and vintage, and spatial parent overlay agree with retained source and official country-level tier context; this does not establish legal boundary accuracy or completeness.",not established by geoBoundaries comparison,True
gb:GIN:ADM2:49546643B20526276358370,GIN,49546643B20526276358370,Gueckedou,Gueckedou,True,framework:area:guinea:b255336b735c,Guinea,34,34,False,framework:province:nzerekore:543ec1a427f6,Nzerekore,Nzerekore,385441B82784678606818,1.0,True,prefecture,2017,34,Creative Commons Attribution 3.0 Intergovernmental Organisations (CC BY 3.0 IGO),True,True,Polygon,1,514,4215.48732504,4222.068,-0.00155864,"[-10.71892, 8.27054, -9.854248, 9.109453]",justified,"Exact source ID/name, source role and vintage, and spatial parent overlay agree with retained source and official country-level tier context; this does not establish legal boundary accuracy or completeness.",not established by geoBoundaries comparison,True
gb:GIN:ADM2:49546643B25969650419510,GIN,49546643B25969650419510,Kouroussa,Kouroussa,True,framework:area:guinea:b255336b735c,Guinea,34,34,False,framework:province:kankan:2b417a965d0f,Kankan,Kankan,385441B85233176952124,1.0,True,prefecture,2017,34,Creative Commons Attribution 3.0 Intergovernmental Organisations (CC BY 3.0 IGO),True,True,Polygon,1,876,15769.29705069,15830.154,-0.00384437,"[-10.908789, 9.542492, -9.374717, 11.430617]",justified,"Exact source ID/name, source role and vintage, and spatial parent overlay agree with retained source and official country-level tier context; this does not establish legal boundary accuracy or completeness.",not established by geoBoundaries comparison,True
gb:GIN:ADM2:49546643B28661548838550,GIN,49546643B28661548838550,Gaoual,Gaoual,True,framework:area:guinea:b255336b735c,Guinea,34,34,False,framework:province:boke:a343768ae41d,Boke,Boke,385441B97135885584055,1.0,True,prefecture,2017,34,Creative Commons Attribution 3.0 Intergovernmental Organisations (CC BY 3.0 IGO),True,True,Polygon,1,1498,11151.63590299,11186.665,-0.00313133,"[-14.06553819, 11.05887, -12.694077, 12.324675]",justified,"Exact source ID/name, source role and vintage, and spatial parent overlay agree with retained source and official country-level tier context; this does not establish legal boundary accuracy or completeness.",not established by geoBoundaries comparison,True
gb:GIN:ADM2:49546643B29247776226513,GIN,49546643B29247776226513,Conakry,Conakry,True,framework:area:guinea:b255336b735c,Guinea,34,34,False,framework:province:conakry:282a33231bd7,Conakry,Conakry,385441B29247776226513,1.0,True,prefecture,2017,34,Creative Commons Attribution 3.0 Intergovernmental Organisations (CC BY 3.0 IGO),True,True,MultiPolygon,4,173,436.05410298,437.011,-0.00218964,"[-13.8438158, 9.44111252, -13.46002, 9.75329611]",correction-needed,Official Guinea source describes Conakry as a special zone and lists 33 prefectures; source metadata canonical='prefecture' and 34th ADM2 feature flatten that distinction.,not established by geoBoundaries comparison,True
gb:GIN:ADM2:49546643B29721322070698,GIN,49546643B29721322070698,Kankan,Kankan,True,framework:area:guinea:b255336b735c,Guinea,34,34,False,framework:province:kankan:2b417a965d0f,Kankan,Kankan,385441B85233176952124,1.0,True,prefecture,2017,34,Creative Commons Attribution 3.0 Intergovernmental Organisations (CC BY 3.0 IGO),True,True,Polygon,1,671,17314.61590178,17373.349,-0.00338064,"[-9.929428, 9.387556, -8.1014843, 11.063484]",justified,"Exact source ID/name, source role and vintage, and spatial parent overlay agree with retained source and official country-level tier context; this does not establish legal boundary accuracy or completeness.",not established by geoBoundaries comparison,True
gb:GIN:ADM2:49546643B38864499602181,GIN,49546643B38864499602181,Boffa,Boffa,True,framework:area:guinea:b255336b735c,Guinea,34,34,False,framework:province:boke:a343768ae41d,Boke,Boke,385441B97135885584055,1.0,True,prefecture,2017,34,Creative Commons Attribution 3.0 Intergovernmental Organisations (CC BY 3.0 IGO),True,True,MultiPolygon,4,372,5284.79900008,5302.849,-0.00340383,"[-14.55577946, 9.83557892, -13.63319, 10.86681]",justified,"Exact source ID/name, source role and vintage, and spatial parent overlay agree with retained source and official country-level tier context; this does not establish legal boundary accuracy or completeness.",not established by geoBoundaries comparison,True
gb:GIN:ADM2:49546643B45846614697329,GIN,49546643B45846614697329,Pita,Pita,True,framework:area:guinea:b255336b735c,Guinea,34,34,False,framework:province:mamou:b0b653f3346c,Mamou,Mamou,385441B8345275251802,1.0,True,prefecture,2017,34,Creative Commons Attribution 3.0 Intergovernmental Organisations (CC BY 3.0 IGO),True,True,Polygon,1,236,4495.87608931,4512.921,-0.00377691,"[-12.98175, 10.48125, -12.189854, 11.337872]",justified,"Exact source ID/name, source role and vintage, and spatial parent overlay agree with retained source and official country-level tier context; this does not establish legal boundary accuracy or completeness.",not established by geoBoundaries comparison,True
gb:GIN:ADM2:49546643B49131951551470,GIN,49546643B49131951551470,Tougue,Tougue,True,framework:area:guinea:b255336b735c,Guinea,34,34,False,framework:province:labe:1db63537c0a6,Labe,Labe,385441B21537995001042,1.0,True,prefecture,2017,34,Creative Commons Attribution 3.0 Intergovernmental Organisations (CC BY 3.0 IGO),True,True,Polygon,1,270,5989.78493089,6012.269,-0.0037397,"[-12.011669, 10.987454, -11.047884, 12.032625]",justified,"Exact source ID/name, source role and vintage, and spatial parent overlay agree with retained source and official country-level tier context; this does not establish legal boundary accuracy or completeness.",not established by geoBoundaries comparison,True
gb:GIN:ADM2:49546643B49159513129654,GIN,49546643B49159513129654,Mali,Mali,True,framework:area:guinea:b255336b735c,Guinea,34,34,False,framework:province:labe:1db63537c0a6,Labe,Labe,385441B21537995001042,1.0,True,prefecture,2017,34,Creative Commons Attribution 3.0 Intergovernmental Organisations (CC BY 3.0 IGO),True,True,Polygon,1,327,8351.06856747,8379.865,-0.00343638,"[-12.829768, 11.657418, -11.37375, 12.44284]",justified,"Exact source ID/name, source role and vintage, and spatial parent overlay agree with retained source and official country-level tier context; this does not establish legal boundary accuracy or completeness.",not established by geoBoundaries comparison,True
gb:GIN:ADM2:49546643B50480493924889,GIN,49546643B50480493924889,Telimele,Telimele,True,framework:area:guinea:b255336b735c,Guinea,34,34,False,framework:province:kindia:27d242ad26ed,Kindia,Kindia,385441B58689174477974,1.0,True,prefecture,2017,34,Creative Commons Attribution 3.0 Intergovernmental Organisations (CC BY 3.0 IGO),True,True,Polygon,1,339,7527.58899357,7555.818,-0.00373606,"[-13.98072, 10.39759, -12.78771, 11.38299]",justified,"Exact source ID/name, source role and vintage, and spatial parent overlay agree with retained source and official country-level tier context; this does not establish legal boundary accuracy or completeness.",not established by geoBoundaries comparison,True
gb:GIN:ADM2:49546643B54901917722686,GIN,49546643B54901917722686,Dalaba,Dalaba,True,framework:area:guinea:b255336b735c,Guinea,34,34,False,framework:province:mamou:b0b653f3346c,Mamou,Mamou,385441B8345275251802,1.0,True,prefecture,2017,34,Creative Commons Attribution 3.0 Intergovernmental Organisations (CC BY 3.0 IGO),True,True,Polygon,1,184,3096.12240759,3108.009,-0.0038245,"[-12.50854, 10.481095, -11.739682, 11.29792]",justified,"Exact source ID/name, source role and vintage, and spatial parent overlay agree with retained source and official country-level tier context; this does not establish legal boundary accuracy or completeness.",not established by geoBoundaries comparison,True
gb:GIN:ADM2:49546643B57120226425021,GIN,49546643B57120226425021,Boke,Boke,True,framework:area:guinea:b255336b735c,Guinea,34,34,False,framework:province:boke:a343768ae41d,Boke,Boke,385441B97135885584055,1.0,True,prefecture,2017,34,Creative Commons Attribution 3.0 Intergovernmental Organisations (CC BY 3.0 IGO),True,True,MultiPolygon,10,1085,10920.66718111,10966.314,-0.00416246,"[-15.08625603, 10.46462631, -13.74012, 11.67247635]",justified,"Exact source ID/name, source role and vintage, and spatial parent overlay agree with retained source and official country-level tier context; this does not establish legal boundary accuracy or completeness.",not established by geoBoundaries comparison,True
gb:GIN:ADM2:49546643B59034527585113,GIN,49546643B59034527585113,Kissidougou,Kissidougou,True,framework:area:guinea:b255336b735c,Guinea,34,34,False,framework:province:faranah:6c6bb9a6cdcf,Faranah,Faranah,385441B61717407014046,1.0,True,prefecture,2017,34,Creative Commons Attribution 3.0 Intergovernmental Organisations (CC BY 3.0 IGO),True,True,Polygon,1,323,6187.00960769,6215.121,-0.00452306,"[-10.468407, 8.808269, -9.597887, 9.700256]",justified,"Exact source ID/name, source role and vintage, and spatial parent overlay agree with retained source and official country-level tier context; this does not establish legal boundary accuracy or completeness.",not established by geoBoundaries comparison,True
gb:GIN:ADM2:49546643B6018429350706,GIN,49546643B6018429350706,Kerouane,Kerouane,True,framework:area:guinea:b255336b735c,Guinea,34,34,False,framework:province:kankan:2b417a965d0f,Kankan,Kankan,385441B85233176952124,1.0,True,prefecture,2017,34,Creative Commons Attribution 3.0 Intergovernmental Organisations (CC BY 3.0 IGO),True,True,Polygon,1,245,9371.8205617,9407.975,-0.00384296,"[-9.746353, 8.764279, -8.608682, 9.926731]",justified,"Exact source ID/name, source role and vintage, and spatial parent overlay agree with retained source and official country-level tier context; this does not establish legal boundary accuracy or completeness.",not established by geoBoundaries comparison,True
gb:GIN:ADM2:49546643B61238663992809,GIN,49546643B61238663992809,Beyla,Beyla,True,framework:area:guinea:b255336b735c,Guinea,34,34,False,framework:province:nzerekore:543ec1a427f6,Nzerekore,Nzerekore,385441B82784678606818,1.0,True,prefecture,2017,34,Creative Commons Attribution 3.0 Intergovernmental Organisations (CC BY 3.0 IGO),True,True,Polygon,1,666,12530.71255428,12554.52,-0.00189632,"[-8.957743, 8.231804, -7.64107153, 9.587204]",justified,"Exact source ID/name, source role and vintage, and spatial parent overlay agree with retained source and official country-level tier context; this does not establish legal boundary accuracy or completeness.",not established by geoBoundaries comparison,True
gb:GIN:ADM2:49546643B61702032280321,GIN,49546643B61702032280321,Coyah,Coyah,True,framework:area:guinea:b255336b735c,Guinea,34,34,False,framework:province:kindia:27d242ad26ed,Kindia,Kindia,385441B58689174477974,1.0,True,prefecture,2017,34,Creative Commons Attribution 3.0 Intergovernmental Organisations (CC BY 3.0 IGO),True,True,Polygon,1,109,1141.0610168,1143.968,-0.00254114,"[-13.50298, 9.539449, -13.11475, 9.96295]",justified,"Exact source ID/name, source role and vintage, and spatial parent overlay agree with retained source and official country-level tier context; this does not establish legal boundary accuracy or completeness.",not established by geoBoundaries comparison,True
gb:GIN:ADM2:49546643B62226026687736,GIN,49546643B62226026687736,Labe,Labe,True,framework:area:guinea:b255336b735c,Guinea,34,34,False,framework:province:labe:1db63537c0a6,Labe,Labe,385441B21537995001042,1.0,True,prefecture,2017,34,Creative Commons Attribution 3.0 Intergovernmental Organisations (CC BY 3.0 IGO),True,True,Polygon,1,133,2106.954621,2114.217,-0.00343502,"[-12.607821, 11.131298, -11.986852, 11.695563]",justified,"Exact source ID/name, source role and vintage, and spatial parent overlay agree with retained source and official country-level tier context; this does not establish legal boundary accuracy or completeness.",not established by geoBoundaries comparison,True
gb:GIN:ADM2:49546643B67473886511689,GIN,49546643B67473886511689,Mandiana,Mandiana,True,framework:area:guinea:b255336b735c,Guinea,34,34,False,framework:province:kankan:2b417a965d0f,Kankan,Kankan,385441B85233176952124,1.0,True,prefecture,2017,34,Creative Commons Attribution 3.0 Intergovernmental Organisations (CC BY 3.0 IGO),True,True,Polygon,1,586,11631.18069685,11613.254,0.00154364,"[-9.226534, 10.0, -7.94721, 11.63613]",justified,"Exact source ID/name, source role and vintage, and spatial parent overlay agree with retained source and official country-level tier context; this does not establish legal boundary accuracy or completeness.",not established by geoBoundaries comparison,True
gb:GIN:ADM2:49546643B72815389499799,GIN,49546643B72815389499799,Mamou,Mamou,True,framework:area:guinea:b255336b735c,Guinea,34,34,False,framework:province:mamou:b0b653f3346c,Mamou,Mamou,385441B8345275251802,1.0,True,prefecture,2017,34,Creative Commons Attribution 3.0 Intergovernmental Organisations (CC BY 3.0 IGO),True,True,Polygon,1,251,10189.32013757,10216.82,-0.00269163,"[-12.44323, 9.87138, -11.137166, 11.269235]",justified,"Exact source ID/name, source role and vintage, and spatial parent overlay agree with retained source and official country-level tier context; this does not establish legal boundary accuracy or completeness.",not established by geoBoundaries comparison,True
gb:GIN:ADM2:49546643B77076064318361,GIN,49546643B77076064318361,Koubia,Koubia,True,framework:area:guinea:b255336b735c,Guinea,34,34,False,framework:province:labe:1db63537c0a6,Labe,Labe,385441B21537995001042,1.0,True,prefecture,2017,34,Creative Commons Attribution 3.0 Intergovernmental Organisations (CC BY 3.0 IGO),True,True,Polygon,1,280,3542.87415938,3555.978,-0.00368502,"[-12.238168, 11.320463, -11.30453012, 12.21614396]",justified,"Exact source ID/name, source role and vintage, and spatial parent overlay agree with retained source and official country-level tier context; this does not establish legal boundary accuracy or completeness.",not established by geoBoundaries comparison,True
gb:GIN:ADM2:49546643B79531384041877,GIN,49546643B79531384041877,Lelouma,Lelouma,True,framework:area:guinea:b255336b735c,Guinea,34,34,False,framework:province:labe:1db63537c0a6,Labe,Labe,385441B21537995001042,1.0,True,prefecture,2017,34,Creative Commons Attribution 3.0 Intergovernmental Organisations (CC BY 3.0 IGO),True,True,Polygon,1,204,2717.30383941,2731.11,-0.00505515,"[-12.996361, 11.09863, -12.353651, 11.929343]",justified,"Exact source ID/name, source role and vintage, and spatial parent overlay agree with retained source and official country-level tier context; this does not establish legal boundary accuracy or completeness.",not established by geoBoundaries comparison,True
gb:GIN:ADM2:49546643B80456504828542,GIN,49546643B80456504828542,Faranah,Faranah,True,framework:area:guinea:b255336b735c,Guinea,34,34,False,framework:province:faranah:6c6bb9a6cdcf,Faranah,Faranah,385441B61717407014046,1.0,True,prefecture,2017,34,Creative Commons Attribution 3.0 Intergovernmental Organisations (CC BY 3.0 IGO),True,True,Polygon,1,461,12873.43146758,12922.707,-0.0038131,"[-11.477589, 9.050755, -10.109886, 10.591152]",justified,"Exact source ID/name, source role and vintage, and spatial parent overlay agree with retained source and official country-level tier context; this does not establish legal boundary accuracy or completeness.",not established by geoBoundaries comparison,True
gb:GIN:ADM2:49546643B82751767083924,GIN,49546643B82751767083924,Kindia,Kindia,True,framework:area:guinea:b255336b735c,Guinea,34,34,False,framework:province:kindia:27d242ad26ed,Kindia,Kindia,385441B58689174477974,1.0,True,prefecture,2017,34,Creative Commons Attribution 3.0 Intergovernmental Organisations (CC BY 3.0 IGO),True,True,Polygon,1,278,8779.38644353,8795.239,-0.0018024,"[-13.29204, 9.58057, -12.1251, 10.63553]",justified,"Exact source ID/name, source role and vintage, and spatial parent overlay agree with retained source and official country-level tier context; this does not establish legal boundary accuracy or completeness.",not established by geoBoundaries comparison,True
gb:GIN:ADM2:49546643B83328532988272,GIN,49546643B83328532988272,Siguiri,Siguiri,True,framework:area:guinea:b255336b735c,Guinea,34,34,False,framework:province:kankan:2b417a965d0f,Kankan,Kankan,385441B85233176952124,1.0,True,prefecture,2017,34,Creative Commons Attribution 3.0 Intergovernmental Organisations (CC BY 3.0 IGO),True,True,Polygon,1,739,17648.51977137,17693.307,-0.00253131,"[-10.265643, 10.857695, -8.76220295, 12.50262989]",justified,"Exact source ID/name, source role and vintage, and spatial parent overlay agree with retained source and official country-level tier context; this does not establish legal boundary accuracy or completeness.",not established by geoBoundaries comparison,True
gb:GIN:ADM2:49546643B8348239056405,GIN,49546643B8348239056405,Dinguiraye,Dinguiraye,True,framework:area:guinea:b255336b735c,Guinea,34,34,False,framework:province:faranah:6c6bb9a6cdcf,Faranah,Faranah,385441B61717407014046,1.0,True,prefecture,2017,34,Creative Commons Attribution 3.0 Intergovernmental Organisations (CC BY 3.0 IGO),True,True,Polygon,1,537,11456.8663632,11474.887,-0.00157044,"[-11.336954, 10.916456, -10.004753, 12.22547873]",justified,"Exact source ID/name, source role and vintage, and spatial parent overlay agree with retained source and official country-level tier context; this does not establish legal boundary accuracy or completeness.",not established by geoBoundaries comparison,True
gb:GIN:ADM2:49546643B89321000346935,GIN,49546643B89321000346935,Macenta,Macenta,True,framework:area:guinea:b255336b735c,Guinea,34,34,False,framework:province:nzerekore:543ec1a427f6,Nzerekore,Nzerekore,385441B82784678606818,1.0,True,prefecture,2017,34,Creative Commons Attribution 3.0 Intergovernmental Organisations (CC BY 3.0 IGO),True,True,Polygon,1,469,8008.30581543,8037.755,-0.00366386,"[-9.940766, 7.743213, -8.873133, 8.896439]",justified,"Exact source ID/name, source role and vintage, and spatial parent overlay agree with retained source and official country-level tier context; this does not establish legal boundary accuracy or completeness.",not established by geoBoundaries comparison,True
gb:GIN:ADM2:49546643B90650861539484,GIN,49546643B90650861539484,Nzerekore,Nzerekore,True,framework:area:guinea:b255336b735c,Guinea,34,34,False,framework:province:nzerekore:543ec1a427f6,Nzerekore,Nzerekore,385441B82784678606818,1.0,True,prefecture,2017,34,Creative Commons Attribution 3.0 Intergovernmental Organisations (CC BY 3.0 IGO),True,True,Polygon,1,342,4068.23839228,4074.638,-0.0015706,"[-9.213116, 7.40359722, -8.440683, 8.38237]",justified,"Exact source ID/name, source role and vintage, and spatial parent overlay agree with retained source and official country-level tier context; this does not establish legal boundary accuracy or completeness.",not established by geoBoundaries comparison,True
gb:GIN:ADM2:49546643B90846257605457,GIN,49546643B90846257605457,Forecariah,Forecariah,True,framework:area:guinea:b255336b735c,Guinea,34,34,False,framework:province:kindia:27d242ad26ed,Kindia,Kindia,385441B58689174477974,1.0,True,prefecture,2017,34,Creative Commons Attribution 3.0 Intergovernmental Organisations (CC BY 3.0 IGO),True,True,MultiPolygon,3,315,4212.14027786,4197.335,0.0035273,"[-13.52141571, 9.03753853, -12.58536, 9.73352]",justified,"Exact source ID/name, source role and vintage, and spatial parent overlay agree with retained source and official country-level tier context; this does not establish legal boundary accuracy or completeness.",not established by geoBoundaries comparison,True
gb:GIN:ADM2:49546643B93693461345641,GIN,49546643B93693461345641,Dabola,Dabola,True,framework:area:guinea:b255336b735c,Guinea,34,34,False,framework:province:faranah:6c6bb9a6cdcf,Faranah,Faranah,385441B61717407014046,1.0,True,prefecture,2017,34,Creative Commons Attribution 3.0 Intergovernmental Organisations (CC BY 3.0 IGO),True,True,Polygon,1,322,5177.00372502,5199.026,-0.00423585,"[-11.527931, 10.393562, -10.447493, 11.15179]",justified,"Exact source ID/name, source role and vintage, and spatial parent overlay agree with retained source and official country-level tier context; this does not establish legal boundary accuracy or completeness.",not established by geoBoundaries comparison,True
gb:GIN:ADM2:49546643B93814621089544,GIN,49546643B93814621089544,Yomou,Yomou,True,framework:area:guinea:b255336b735c,Guinea,34,34,False,framework:province:nzerekore:543ec1a427f6,Nzerekore,Nzerekore,385441B82784678606818,1.0,True,prefecture,2017,34,Creative Commons Attribution 3.0 Intergovernmental Organisations (CC BY 3.0 IGO),True,True,Polygon,1,367,3211.59677443,3191.47,0.00630643,"[-9.4787, 7.19355236, -8.79467, 7.881317]",justified,"Exact source ID/name, source role and vintage, and spatial parent overlay agree with retained source and official country-level tier context; this does not establish legal boundary accuracy or completeness.",not established by geoBoundaries comparison,True
gb:GIN:ADM2:49546643B96982587885478,GIN,49546643B96982587885478,Koundara,Koundara,True,framework:area:guinea:b255336b735c,Guinea,34,34,False,framework:province:boke:a343768ae41d,Boke,Boke,385441B97135885584055,1.0,True,prefecture,2017,34,Creative Commons Attribution 3.0 Intergovernmental Organisations (CC BY 3.0 IGO),True,True,Polygon,1,968,5285.82326317,5311.276,-0.00479221,"[-13.71189202, 11.999081, -12.561209, 12.67621277]",justified,"Exact source ID/name, source role and vintage, and spatial parent overlay agree with retained source and official country-level tier context; this does not establish legal boundary accuracy or completeness.",not established by geoBoundaries comparison,True
gb:GIN:ADM2:49546643B99930178329351,GIN,49546643B99930178329351,Fria,Fria,True,framework:area:guinea:b255336b735c,Guinea,34,34,False,framework:province:boke:a343768ae41d,Boke,Boke,385441B97135885584055,1.0,True,prefecture,2017,34,Creative Commons Attribution 3.0 Intergovernmental Organisations (CC BY 3.0 IGO),True,True,Polygon,1,154,1578.90420321,1582.055,-0.00199158,"[-13.84372, 10.25049, -13.35083, 10.8047]",justified,"Exact source ID/name, source role and vintage, and spatial parent overlay agree with retained source and official country-level tier context; this does not establish legal boundary accuracy or completeness.",not established by geoBoundaries comparison,True
gb:GNB:ADM2:13655514B11561761851968,GNB,13655514B11561761851968,Setor de Bula,Setor de Bula,True,framework:area:guinea-bissau:2c2212c60f5a,Guinea-Bissau,39,39,False,framework:province:cacheu:8c70976871f9,Cacheu,Cacheu,76643164B20603668674672,1.0,True,,2017,39,Open Data Commons Open Database License 1.0,True,True,Polygon,1,1423,667.38958579,674.696,-0.01082919,"[-15.9475941, 11.9739641, -15.6212067, 12.314631]",insufficient-evidence,Pinned 2017 39-feature source and 2024 UK/DGGC-referenced roster conflict with Guinea-Bissau's 2025 government report of 36 sectors; exact current sector completeness remains unresolved.,not established by geoBoundaries comparison,True
gb:GNB:ADM2:13655514B12793543239296,GNB,13655514B12793543239296,Setor de Quebo,Setor de Quebo,True,framework:area:guinea-bissau:2c2212c60f5a,Guinea-Bissau,39,39,False,framework:province:tombali:692952bab6f4,Tombali,Tombali,76643164B14801811690770,1.0,True,,2017,39,Open Data Commons Open Database License 1.0,True,True,Polygon,1,288,1069.06786966,1073.163,-0.00381594,"[-14.9556953, 11.3284036, -14.4112974, 11.7012075]",insufficient-evidence,Pinned 2017 39-feature source and 2024 UK/DGGC-referenced roster conflict with Guinea-Bissau's 2025 government report of 36 sectors; exact current sector completeness remains unresolved.,not established by geoBoundaries comparison,True
gb:GNB:ADM2:13655514B15077734082289,GNB,13655514B15077734082289,Setor de Bafata,Setor de Bafata,True,framework:area:guinea-bissau:2c2212c60f5a,Guinea-Bissau,39,39,False,framework:province:bafata:def125bd4ee9,Bafatá,Bafatá,76643164B84174472060432,1.0,True,,2017,39,Open Data Commons Open Database License 1.0,True,True,Polygon,1,1969,575.80793946,573.268,0.00443063,"[-14.6988134, 12.1075474, -14.4402409, 12.4670347]",insufficient-evidence,Pinned 2017 39-feature source and 2024 UK/DGGC-referenced roster conflict with Guinea-Bissau's 2025 government report of 36 sectors; exact current sector completeness remains unresolved.,not established by geoBoundaries comparison,True
gb:GNB:ADM2:13655514B15408487636665,GNB,13655514B15408487636665,Setor de Madina do Bo˒,Setor de Madina do Bo˒,True,framework:area:guinea-bissau:2c2212c60f5a,Guinea-Bissau,39,39,False,framework:province:gabu:1496fb36508d,Gabu,Gabu,76643164B38080973404583,1.0,True,,2017,39,Open Data Commons Open Database License 1.0,True,True,Polygon,1,4242,2569.23077328,2511.062,0.02316501,"[-14.4364576, 11.5567467, -13.6963488, 12.1489516]",insufficient-evidence,Pinned 2017 39-feature source and 2024 UK/DGGC-referenced roster conflict with Guinea-Bissau's 2025 government report of 36 sectors; exact current sector completeness remains unresolved.,not established by geoBoundaries comparison,True
gb:GNB:ADM2:13655514B16168252486838,GNB,13655514B16168252486838,Setor de Pirada,Setor de Pirada,True,framework:area:guinea-bissau:2c2212c60f5a,Guinea-Bissau,39,39,False,framework:province:gabu:1496fb36508d,Gabu,Gabu,76643164B38080973404583,1.0,True,,2017,39,Open Data Commons Open Database License 1.0,True,True,Polygon,1,1154,974.24591211,979.62,-0.00548589,"[-14.35003, 12.40866, -13.84448, 12.67727]",insufficient-evidence,Pinned 2017 39-feature source and 2024 UK/DGGC-referenced roster conflict with Guinea-Bissau's 2025 government report of 36 sectors; exact current sector completeness remains unresolved.,not established by geoBoundaries comparison,True
gb:GNB:ADM2:13655514B168355566476,GNB,13655514B168355566476,Setor de Bambadinca,Setor de Bambadinca,True,framework:area:guinea-bissau:2c2212c60f5a,Guinea-Bissau,39,39,False,framework:province:bafata:def125bd4ee9,Bafatá,Bafatá,76643164B84174472060432,1.0,True,,2017,39,Open Data Commons Open Database License 1.0,True,True,Polygon,1,213,879.85126801,883.539,-0.00417382,"[-15.07257, 11.7956231, -14.71699, 12.20489]",insufficient-evidence,Pinned 2017 39-feature source and 2024 UK/DGGC-referenced roster conflict with Guinea-Bissau's 2025 government report of 36 sectors; exact current sector completeness remains unresolved.,not established by geoBoundaries comparison,True
gb:GNB:ADM2:13655514B24413703823033,GNB,13655514B24413703823033,Setor de Catie,Setor de Catie,True,framework:area:guinea-bissau:2c2212c60f5a,Guinea-Bissau,39,39,False,framework:province:tombali:692952bab6f4,Tombali,Tombali,76643164B14801811690770,1.0,True,,2017,39,Open Data Commons Open Database License 1.0,True,True,Polygon,1,1458,859.21626704,865.738,-0.00753315,"[-15.4462744, 11.1047934, -15.0861044, 11.479806]",insufficient-evidence,Pinned 2017 39-feature source and 2024 UK/DGGC-referenced roster conflict with Guinea-Bissau's 2025 government report of 36 sectors; exact current sector completeness remains unresolved.,not established by geoBoundaries comparison,True
gb:GNB:ADM2:13655514B30693048438959,GNB,13655514B30693048438959,Setor de Empada,Setor de Empada,True,framework:area:guinea-bissau:2c2212c60f5a,Guinea-Bissau,39,39,False,framework:province:quinara:a0e3b196a3a4,Quinara,Quinara,76643164B25325276017448,1.0,True,,2017,39,Open Data Commons Open Database License 1.0,True,True,Polygon,1,2325,846.12775571,845.016,0.00131566,"[-15.5037543, 11.3068224, -15.0677297, 11.6457892]",insufficient-evidence,Pinned 2017 39-feature source and 2024 UK/DGGC-referenced roster conflict with Guinea-Bissau's 2025 government report of 36 sectors; exact current sector completeness remains unresolved.,not established by geoBoundaries comparison,True
gb:GNB:ADM2:13655514B31772276876031,GNB,13655514B31772276876031,Setor de Mansoa,Setor de Mansoa,True,framework:area:guinea-bissau:2c2212c60f5a,Guinea-Bissau,39,39,False,framework:province:oio:e1a310d50098,Oio,Oio,76643164B92913079273182,1.0,True,,2017,39,Open Data Commons Open Database License 1.0,True,True,Polygon,1,332,1310.90877996,1315.007,-0.0031165,"[-15.4592478, 11.893664, -14.9405383, 12.20889]",insufficient-evidence,Pinned 2017 39-feature source and 2024 UK/DGGC-referenced roster conflict with Guinea-Bissau's 2025 government report of 36 sectors; exact current sector completeness remains unresolved.,not established by geoBoundaries comparison,True
gb:GNB:ADM2:13655514B37452641895852,GNB,13655514B37452641895852,Setor de Buba,Setor de Buba,True,framework:area:guinea-bissau:2c2212c60f5a,Guinea-Bissau,39,39,False,framework:province:quinara:a0e3b196a3a4,Quinara,Quinara,76643164B25325276017448,1.0,True,,2017,39,Open Data Commons Open Database License 1.0,True,True,Polygon,1,1295,782.43368648,784.091,-0.00211367,"[-15.1272945, 11.4055109, -14.8236115, 11.7956231]",insufficient-evidence,Pinned 2017 39-feature source and 2024 UK/DGGC-referenced roster conflict with Guinea-Bissau's 2025 government report of 36 sectors; exact current sector completeness remains unresolved.,not established by geoBoundaries comparison,True
gb:GNB:ADM2:13655514B37576476310465,GNB,13655514B37576476310465,Setor de Tite,Setor de Tite,True,framework:area:guinea-bissau:2c2212c60f5a,Guinea-Bissau,39,39,False,framework:province:quinara:a0e3b196a3a4,Quinara,Quinara,76643164B25325276017448,1.0,True,,2017,39,Open Data Commons Open Database License 1.0,True,True,Polygon,1,311,756.60275412,757.954,-0.00178275,"[-15.6011446, 11.607047, -15.2605216, 11.9152315]",insufficient-evidence,Pinned 2017 39-feature source and 2024 UK/DGGC-referenced roster conflict with Guinea-Bissau's 2025 government report of 36 sectors; exact current sector completeness remains unresolved.,not established by geoBoundaries comparison,True
gb:GNB:ADM2:13655514B38974563194217,GNB,13655514B38974563194217,Bissau Autonomous Sector,Bissau Autonomous Sector,True,framework:area:guinea-bissau:2c2212c60f5a,Guinea-Bissau,39,39,False,framework:province:bissau:8673c43d44f4,Bissau,Bissau,76643164B96925829526723,1.0,True,,2017,39,Open Data Commons Open Database License 1.0,True,True,Polygon,1,512,188.16294999,188.443,-0.00148613,"[-15.6615723, 11.7534643, -15.5243771, 11.9450632]",insufficient-evidence,Pinned 2017 39-feature source and 2024 UK/DGGC-referenced roster conflict with Guinea-Bissau's 2025 government report of 36 sectors; exact current sector completeness remains unresolved.,not established by geoBoundaries comparison,True
gb:GNB:ADM2:13655514B4319146558278,GNB,13655514B4319146558278,Setor de Galomaro,Setor de Galomaro,True,framework:area:guinea-bissau:2c2212c60f5a,Guinea-Bissau,39,39,False,framework:province:bafata:def125bd4ee9,Bafatá,Bafatá,76643164B84174472060432,1.0,True,,2017,39,Open Data Commons Open Database License 1.0,True,True,Polygon,1,1567,864.12977524,871.423,-0.00836933,"[-14.8355591, 11.81284, -14.46991, 12.164502]",insufficient-evidence,Pinned 2017 39-feature source and 2024 UK/DGGC-referenced roster conflict with Guinea-Bissau's 2025 government report of 36 sectors; exact current sector completeness remains unresolved.,not established by geoBoundaries comparison,True
gb:GNB:ADM2:13655514B44985576134462,GNB,13655514B44985576134462,Setor de Uno,Setor de Uno,True,framework:area:guinea-bissau:2c2212c60f5a,Guinea-Bissau,39,39,False,framework:province:bolama:08258e19a5c1,Bolama,Bolama,76643164B18917431809987,1.0,True,,2017,39,Open Data Commons Open Database License 1.0,True,True,MultiPolygon,7,10913,334.16439691,331.488,0.00807389,"[-16.2852787, 11.021419, -15.999871, 11.3564554]",insufficient-evidence,Pinned 2017 39-feature source and 2024 UK/DGGC-referenced roster conflict with Guinea-Bissau's 2025 government report of 36 sectors; exact current sector completeness remains unresolved.,not established by geoBoundaries comparison,True
gb:GNB:ADM2:13655514B47112439721810,GNB,13655514B47112439721810,Setor de Nhacra,Setor de Nhacra,True,framework:area:guinea-bissau:2c2212c60f5a,Guinea-Bissau,39,39,False,framework:province:oio:e1a310d50098,Oio,Oio,76643164B92913079273182,1.0,True,,2017,39,Open Data Commons Open Database License 1.0,True,True,Polygon,1,1185,746.96264722,756.269,-0.01230561,"[-15.6769369, 11.8340633, -15.3841843, 12.21727]",insufficient-evidence,Pinned 2017 39-feature source and 2024 UK/DGGC-referenced roster conflict with Guinea-Bissau's 2025 government report of 36 sectors; exact current sector completeness remains unresolved.,not established by geoBoundaries comparison,True
gb:GNB:ADM2:13655514B47480576799194,GNB,13655514B47480576799194,Setor de Sonaco,Setor de Sonaco,True,framework:area:guinea-bissau:2c2212c60f5a,Guinea-Bissau,39,39,False,framework:province:gabu:1496fb36508d,Gabu,Gabu,76643164B38080973404583,1.0,True,,2017,39,Open Data Commons Open Database License 1.0,True,True,Polygon,1,3026,782.2486026,786.2,-0.00502594,"[-14.5530671, 12.1372064, -14.2354874, 12.6428613]",insufficient-evidence,Pinned 2017 39-feature source and 2024 UK/DGGC-referenced roster conflict with Guinea-Bissau's 2025 government report of 36 sectors; exact current sector completeness remains unresolved.,not established by geoBoundaries comparison,True
gb:GNB:ADM2:13655514B48763126228848,GNB,13655514B48763126228848,Setor de Bedanda,Setor de Bedanda,True,framework:area:guinea-bissau:2c2212c60f5a,Guinea-Bissau,39,39,False,framework:province:tombali:692952bab6f4,Tombali,Tombali,76643164B14801811690770,1.0,True,,2017,39,Open Data Commons Open Database License 1.0,True,True,Polygon,1,857,1128.73784708,1129.372,-0.00056151,"[-15.2718086, 10.9837513, -14.7877955, 11.4407184]",insufficient-evidence,Pinned 2017 39-feature source and 2024 UK/DGGC-referenced roster conflict with Guinea-Bissau's 2025 government report of 36 sectors; exact current sector completeness remains unresolved.,not established by geoBoundaries comparison,True
gb:GNB:ADM2:13655514B49812801634354,GNB,13655514B49812801634354,Setor de Mansaba,Setor de Mansaba,True,framework:area:guinea-bissau:2c2212c60f5a,Guinea-Bissau,39,39,False,framework:province:oio:e1a310d50098,Oio,Oio,76643164B92913079273182,1.0,True,,2017,39,Open Data Commons Open Database License 1.0,True,True,Polygon,1,1595,1240.74822779,1250.047,-0.00743874,"[-15.45967, 12.1748235, -14.93574, 12.4829408]",insufficient-evidence,Pinned 2017 39-feature source and 2024 UK/DGGC-referenced roster conflict with Guinea-Bissau's 2025 government report of 36 sectors; exact current sector completeness remains unresolved.,not established by geoBoundaries comparison,True
gb:GNB:ADM2:13655514B51179315853055,GNB,13655514B51179315853055,Contuboel,Contuboel,True,framework:area:guinea-bissau:2c2212c60f5a,Guinea-Bissau,39,39,False,framework:province:bafata:def125bd4ee9,Bafatá,Bafatá,76643164B84174472060432,1.0,True,,2017,39,Open Data Commons Open Database License 1.0,True,True,Polygon,1,1653,1342.94576661,1345.283,-0.00173735,"[-14.9129, 12.3116354, -14.3189355, 12.679754]",insufficient-evidence,Pinned 2017 39-feature source and 2024 UK/DGGC-referenced roster conflict with Guinea-Bissau's 2025 government report of 36 sectors; exact current sector completeness remains unresolved.,not established by geoBoundaries comparison,True
gb:GNB:ADM2:13655514B53615250576563,GNB,13655514B53615250576563,Setor de Prabis,Setor de Prabis,True,framework:area:guinea-bissau:2c2212c60f5a,Guinea-Bissau,39,39,False,framework:province:biombo:5213c731892e,Biombo,Biombo,76643164B78535055467734,1.0,True,,2017,39,Open Data Commons Open Database License 1.0,True,True,Polygon,1,303,168.50028626,170.545,-0.01198929,"[-15.8435992, 11.7432598, -15.6514073, 11.8777084]",insufficient-evidence,Pinned 2017 39-feature source and 2024 UK/DGGC-referenced roster conflict with Guinea-Bissau's 2025 government report of 36 sectors; exact current sector completeness remains unresolved.,not established by geoBoundaries comparison,True
gb:GNB:ADM2:13655514B57644193184055,GNB,13655514B57644193184055,Setor de Farim,Setor de Farim,True,framework:area:guinea-bissau:2c2212c60f5a,Guinea-Bissau,39,39,False,framework:province:oio:e1a310d50098,Oio,Oio,76643164B92913079273182,1.0,True,,2017,39,Open Data Commons Open Database License 1.0,True,True,Polygon,1,1492,1569.01630826,1573.282,-0.00271133,"[-15.4867, 12.3770868, -14.84621, 12.6862384]",insufficient-evidence,Pinned 2017 39-feature source and 2024 UK/DGGC-referenced roster conflict with Guinea-Bissau's 2025 government report of 36 sectors; exact current sector completeness remains unresolved.,not established by geoBoundaries comparison,True
gb:GNB:ADM2:13655514B57740331915335,GNB,13655514B57740331915335,Setor de Bissora,Setor de Bissora,True,framework:area:guinea-bissau:2c2212c60f5a,Guinea-Bissau,39,39,False,framework:province:oio:e1a310d50098,Oio,Oio,76643164B92913079273182,1.0,True,,2017,39,Open Data Commons Open Database License 1.0,True,True,Polygon,1,1711,808.00151973,807.932,8.605e-05,"[-15.7571178, 12.1355111, -15.28348, 12.4131262]",insufficient-evidence,Pinned 2017 39-feature source and 2024 UK/DGGC-referenced roster conflict with Guinea-Bissau's 2025 government report of 36 sectors; exact current sector completeness remains unresolved.,not established by geoBoundaries comparison,True
gb:GNB:ADM2:13655514B59106895169358,GNB,13655514B59106895169358,Setor de Caravela,Setor de Caravela,True,framework:area:guinea-bissau:2c2212c60f5a,Guinea-Bissau,39,39,False,framework:province:bolama:08258e19a5c1,Bolama,Bolama,76643164B18917431809987,1.0,True,,2017,39,Open Data Commons Open Database License 1.0,True,True,MultiPolygon,13,6816,409.56076123,383.941,0.06672838,"[-16.480056, 11.276401, -15.8949118, 11.60817]",insufficient-evidence,Pinned 2017 39-feature source and 2024 UK/DGGC-referenced roster conflict with Guinea-Bissau's 2025 government report of 36 sectors; exact current sector completeness remains unresolved.,not established by geoBoundaries comparison,True
gb:GNB:ADM2:13655514B65296626482863,GNB,13655514B65296626482863,Setor de Gabv,Setor de Gabv,True,framework:area:guinea-bissau:2c2212c60f5a,Guinea-Bissau,39,39,False,framework:province:gabu:1496fb36508d,Gabu,Gabu,76643164B38080973404583,1.0,True,,2017,39,Open Data Commons Open Database License 1.0,True,True,Polygon,1,2532,2826.22674092,2842.974,-0.00589075,"[-14.54585, 11.6089805, -13.9778121, 12.45352]",insufficient-evidence,Pinned 2017 39-feature source and 2024 UK/DGGC-referenced roster conflict with Guinea-Bissau's 2025 government report of 36 sectors; exact current sector completeness remains unresolved.,not established by geoBoundaries comparison,True
gb:GNB:ADM2:13655514B65471558325414,GNB,13655514B65471558325414,Setor de Xitole,Setor de Xitole,True,framework:area:guinea-bissau:2c2212c60f5a,Guinea-Bissau,39,39,False,framework:province:bafata:def125bd4ee9,Bafatá,Bafatá,76643164B84174472060432,1.0,True,,2017,39,Open Data Commons Open Database License 1.0,True,True,Polygon,1,492,1258.50011674,1264.455,-0.00470945,"[-15.0014592, 11.5899947, -14.44361, 11.93216]",insufficient-evidence,Pinned 2017 39-feature source and 2024 UK/DGGC-referenced roster conflict with Guinea-Bissau's 2025 government report of 36 sectors; exact current sector completeness remains unresolved.,not established by geoBoundaries comparison,True
gb:GNB:ADM2:13655514B65726406107890,GNB,13655514B65726406107890,Setor de Gamamundo,Setor de Gamamundo,True,framework:area:guinea-bissau:2c2212c60f5a,Guinea-Bissau,39,39,False,framework:province:bafata:def125bd4ee9,Bafatá,Bafatá,76643164B84174472060432,1.0,True,,2017,39,Open Data Commons Open Database License 1.0,True,True,Polygon,1,495,1068.55753906,1068.769,-0.00019785,"[-14.97644, 12.09913, -14.6506928, 12.5150555]",insufficient-evidence,Pinned 2017 39-feature source and 2024 UK/DGGC-referenced roster conflict with Guinea-Bissau's 2025 government report of 36 sectors; exact current sector completeness remains unresolved.,not established by geoBoundaries comparison,True
gb:GNB:ADM2:13655514B65757043009502,GNB,13655514B65757043009502,Setor de Safim,Setor de Safim,True,framework:area:guinea-bissau:2c2212c60f5a,Guinea-Bissau,39,39,False,framework:province:biombo:5213c731892e,Biombo,Biombo,76643164B78535055467734,1.0,True,,2017,39,Open Data Commons Open Database License 1.0,True,True,Polygon,1,849,171.3458067,169.315,0.01199425,"[-15.7286232, 11.8578094, -15.597598, 12.0289641]",insufficient-evidence,Pinned 2017 39-feature source and 2024 UK/DGGC-referenced roster conflict with Guinea-Bissau's 2025 government report of 36 sectors; exact current sector completeness remains unresolved.,not established by geoBoundaries comparison,True
gb:GNB:ADM2:13655514B66751603958816,GNB,13655514B66751603958816,Setor de Quinh,Setor de Quinh,True,framework:area:guinea-bissau:2c2212c60f5a,Guinea-Bissau,39,39,False,framework:province:biombo:5213c731892e,Biombo,Biombo,76643164B78535055467734,1.0,True,,2017,39,Open Data Commons Open Database License 1.0,True,True,Polygon,1,416,519.12658987,518.664,0.00089189,"[-15.9976477, 11.7343317, -15.7111363, 12.0171996]",insufficient-evidence,Pinned 2017 39-feature source and 2024 UK/DGGC-referenced roster conflict with Guinea-Bissau's 2025 government report of 36 sectors; exact current sector completeness remains unresolved.,not established by geoBoundaries comparison,True
gb:GNB:ADM2:13655514B71925291750028,GNB,13655514B71925291750028,Setor de Cacine,Setor de Cacine,True,framework:area:guinea-bissau:2c2212c60f5a,Guinea-Bissau,39,39,False,framework:province:tombali:692952bab6f4,Tombali,Tombali,76643164B14801811690770,1.0,True,,2017,39,Open Data Commons Open Database License 1.0,True,True,Polygon,1,325,648.53272522,639.911,0.01347332,"[-15.1561068, 10.8917638, -14.8154854, 11.28407]",insufficient-evidence,Pinned 2017 39-feature source and 2024 UK/DGGC-referenced roster conflict with Guinea-Bissau's 2025 government report of 36 sectors; exact current sector completeness remains unresolved.,not established by geoBoundaries comparison,True
gb:GNB:ADM2:13655514B76388735674013,GNB,13655514B76388735674013,Setor de Bigene,Setor de Bigene,True,framework:area:guinea-bissau:2c2212c60f5a,Guinea-Bissau,39,39,False,framework:province:cacheu:8c70976871f9,Cacheu,Cacheu,76643164B20603668674672,1.0,True,,2017,39,Open Data Commons Open Database License 1.0,True,True,Polygon,1,650,954.78640682,957.486,-0.00281946,"[-16.0845402, 12.2183658, -15.47995, 12.5153384]",insufficient-evidence,Pinned 2017 39-feature source and 2024 UK/DGGC-referenced roster conflict with Guinea-Bissau's 2025 government report of 36 sectors; exact current sector completeness remains unresolved.,not established by geoBoundaries comparison,True
gb:GNB:ADM2:13655514B77006902429960,GNB,13655514B77006902429960,Setor de Bolama,Setor de Bolama,True,framework:area:guinea-bissau:2c2212c60f5a,Guinea-Bissau,39,39,False,framework:province:bolama:08258e19a5c1,Bolama,Bolama,76643164B18917431809987,1.0,True,,2017,39,Open Data Commons Open Database License 1.0,True,True,MultiPolygon,3,3104,340.49980226,342.274,-0.00518356,"[-15.735097, 11.4328861, -15.3109813, 11.6978768]",insufficient-evidence,Pinned 2017 39-feature source and 2024 UK/DGGC-referenced roster conflict with Guinea-Bissau's 2025 government report of 36 sectors; exact current sector completeness remains unresolved.,not established by geoBoundaries comparison,True
gb:GNB:ADM2:13655514B8216177448850,GNB,13655514B8216177448850,Setor de Caiv,Setor de Caiv,True,framework:area:guinea-bissau:2c2212c60f5a,Guinea-Bissau,39,39,False,framework:province:cacheu:8c70976871f9,Cacheu,Cacheu,76643164B20603668674672,1.0,True,,2017,39,Open Data Commons Open Database License 1.0,True,True,Polygon,1,718,379.95798906,375.58,0.01165661,"[-16.3317032, 11.8379496, -16.0627597, 12.0343871]",insufficient-evidence,Pinned 2017 39-feature source and 2024 UK/DGGC-referenced roster conflict with Guinea-Bissau's 2025 government report of 36 sectors; exact current sector completeness remains unresolved.,not established by geoBoundaries comparison,True
gb:GNB:ADM2:13655514B91246233663569,GNB,13655514B91246233663569,Setor de Canghungo,Setor de Canghungo,True,framework:area:guinea-bissau:2c2212c60f5a,Guinea-Bissau,39,39,False,framework:province:cacheu:8c70976871f9,Cacheu,Cacheu,76643164B20603668674672,1.0,True,,2017,39,Open Data Commons Open Database License 1.0,True,True,Polygon,1,291,714.91366047,718.21,-0.00458966,"[-16.196255, 11.9010905, -15.8023087, 12.2261967]",insufficient-evidence,Pinned 2017 39-feature source and 2024 UK/DGGC-referenced roster conflict with Guinea-Bissau's 2025 government report of 36 sectors; exact current sector completeness remains unresolved.,not established by geoBoundaries comparison,True
gb:GNB:ADM2:13655514B91994517778696,GNB,13655514B91994517778696,Setor de Sto Domingos,Setor de Sto Domingos,True,framework:area:guinea-bissau:2c2212c60f5a,Guinea-Bissau,39,39,False,framework:province:cacheu:8c70976871f9,Cacheu,Cacheu,76643164B20603668674672,1.0,True,,2017,39,Open Data Commons Open Database License 1.0,True,True,Polygon,1,682,1134.46610766,1141.484,-0.00614804,"[-16.7173456, 12.1432124, -16.0222666, 12.4724485]",insufficient-evidence,Pinned 2017 39-feature source and 2024 UK/DGGC-referenced roster conflict with Guinea-Bissau's 2025 government report of 36 sectors; exact current sector completeness remains unresolved.,not established by geoBoundaries comparison,True
gb:GNB:ADM2:13655514B9524670555472,GNB,13655514B9524670555472,Setor de Fulacunda,Setor de Fulacunda,True,framework:area:guinea-bissau:2c2212c60f5a,Guinea-Bissau,39,39,False,framework:province:quinara:a0e3b196a3a4,Quinara,Quinara,76643164B25325276017448,1.0,True,,2017,39,Open Data Commons Open Database License 1.0,True,True,Polygon,1,234,850.93562928,854.234,-0.0038612,"[-15.30072, 11.6263845, -15.0014592, 11.9760887]",insufficient-evidence,Pinned 2017 39-feature source and 2024 UK/DGGC-referenced roster conflict with Guinea-Bissau's 2025 government report of 36 sectors; exact current sector completeness remains unresolved.,not established by geoBoundaries comparison,True
gb:GNB:ADM2:13655514B95678269815128,GNB,13655514B95678269815128,Setor de Cacheu,Setor de Cacheu,True,framework:area:guinea-bissau:2c2212c60f5a,Guinea-Bissau,39,39,False,framework:province:cacheu:8c70976871f9,Cacheu,Cacheu,76643164B20603668674672,1.0,True,,2017,39,Open Data Commons Open Database License 1.0,True,True,Polygon,1,946,1035.07152368,1042.954,-0.00755784,"[-16.3973211, 11.9863456, -15.9195897, 12.3504769]",insufficient-evidence,Pinned 2017 39-feature source and 2024 UK/DGGC-referenced roster conflict with Guinea-Bissau's 2025 government report of 36 sectors; exact current sector completeness remains unresolved.,not established by geoBoundaries comparison,True
gb:GNB:ADM2:13655514B97576906537580,GNB,13655514B97576906537580,Setor de Pitche,Setor de Pitche,True,framework:area:guinea-bissau:2c2212c60f5a,Guinea-Bissau,39,39,False,framework:province:gabu:1496fb36508d,Gabu,Gabu,76643164B38080973404583,1.0,True,,2017,39,Open Data Commons Open Database License 1.0,True,True,Polygon,1,1679,1948.18223084,1928.314,0.01030342,"[-14.1743795, 12.1237585, -13.6348777, 12.677311]",insufficient-evidence,Pinned 2017 39-feature source and 2024 UK/DGGC-referenced roster conflict with Guinea-Bissau's 2025 government report of 36 sectors; exact current sector completeness remains unresolved.,not established by geoBoundaries comparison,True
gb:GNB:ADM2:13655514B98496568253651,GNB,13655514B98496568253651,Setor de Bubaque,Setor de Bubaque,True,framework:area:guinea-bissau:2c2212c60f5a,Guinea-Bissau,39,39,False,framework:province:bolama:08258e19a5c1,Bolama,Bolama,76643164B18917431809987,1.0,True,,2017,39,Open Data Commons Open Database License 1.0,True,True,MultiPolygon,11,9329,247.88746463,231.455,0.07099637,"[-16.030915, 10.9606115, -15.6089727, 11.38066]",insufficient-evidence,Pinned 2017 39-feature source and 2024 UK/DGGC-referenced roster conflict with Guinea-Bissau's 2025 government report of 36 sectors; exact current sector completeness remains unresolved.,not established by geoBoundaries comparison,True
gb:GNB:ADM2:13655514B99052541590952,GNB,13655514B99052541590952,Setor de Boe,Setor de Boe,True,framework:area:guinea-bissau:2c2212c60f5a,Guinea-Bissau,39,39,False,framework:province:cacheu:8c70976871f9,Cacheu,Cacheu,76643164B20603668674672,1.0,True,,2017,39,Open Data Commons Open Database License 1.0,True,True,Polygon,1,191,297.0389967,297.752,-0.00239462,"[-16.1704041, 11.7480362, -15.9364775, 11.9143554]",insufficient-evidence,Pinned 2017 39-feature source and 2024 UK/DGGC-referenced roster conflict with Guinea-Bissau's 2025 government report of 36 sectors; exact current sector completeness remains unresolved.,not established by geoBoundaries comparison,True
gb:LBR:ADM2:62588387B21593373041420,LBR,62588387B21593373041420,Tewor,Tewor,True,framework:area:liberia:4aa46a82cd65,Liberia,9,136,True,framework:province:grand-cape-mount:345cf4f6d54c,Grand Cape Mount,Grand Cape Mount,1627179B74258959251724,1.0,True,Districts,2021,136,Creative Commons Attribution 3.0 Intergovernmental Organisations (CC BY 3.0 IGO),True,True,Polygon,1,358,635.60302759,639.576,-0.00621188,"[-11.50039656, 6.77469543, -11.15382439, 7.11037672]",insufficient-evidence,2021 UNMIL/OCHA-derived 136-district source is superseded/does not match LISGIS 2022's 160-district census cartography; unit-specific change crosswalk still required.,not established by geoBoundaries comparison,True
gb:LBR:ADM2:62588387B34365926899718,LBR,62588387B34365926899718,Suehn Mecca,Suehn Mecca,True,framework:area:liberia:4aa46a82cd65,Liberia,9,136,True,framework:province:bomi:d6bf71c82113,Bomi,Bomi,1627179B80972729563959,1.0,True,Districts,2021,136,Creative Commons Attribution 3.0 Intergovernmental Organisations (CC BY 3.0 IGO),True,True,Polygon,1,329,460.46660089,467.19,-0.01439115,"[-10.74901646, 6.55175616, -10.5042052, 6.88116621]",insufficient-evidence,2021 UNMIL/OCHA-derived 136-district source is superseded/does not match LISGIS 2022's 160-district census cartography; unit-specific change crosswalk still required.,not established by geoBoundaries comparison,True
gb:LBR:ADM2:62588387B44236806524966,LBR,62588387B44236806524966,Klay,Klay,True,framework:area:liberia:4aa46a82cd65,Liberia,9,136,True,framework:province:bomi:d6bf71c82113,Bomi,Bomi,1627179B80972729563959,1.0,True,Districts,2021,136,Creative Commons Attribution 3.0 Intergovernmental Organisations (CC BY 3.0 IGO),True,True,Polygon,1,479,608.34786411,607.558,0.00130006,"[-11.05328978, 6.54013943, -10.66397068, 6.87045456]",insufficient-evidence,2021 UNMIL/OCHA-derived 136-district source is superseded/does not match LISGIS 2022's 160-district census cartography; unit-specific change crosswalk still required.,not established by geoBoundaries comparison,True
gb:LBR:ADM2:62588387B58887581868104,LBR,62588387B58887581868104,Garwula,Garwula,True,framework:area:liberia:4aa46a82cd65,Liberia,9,136,True,framework:province:grand-cape-mount:345cf4f6d54c,Grand Cape Mount,Grand Cape Mount,1627179B74258959251724,1.0,True,Districts,2021,136,Creative Commons Attribution 3.0 Intergovernmental Organisations (CC BY 3.0 IGO),True,True,Polygon,1,310,812.48697729,817.415,-0.00602879,"[-11.28319853, 6.57294285, -10.97126264, 6.97392525]",insufficient-evidence,2021 UNMIL/OCHA-derived 136-district source is superseded/does not match LISGIS 2022's 160-district census cartography; unit-specific change crosswalk still required.,not established by geoBoundaries comparison,True
gb:LBR:ADM2:62588387B70898832426748,LBR,62588387B70898832426748,Golakonneh,Golakonneh,True,framework:area:liberia:4aa46a82cd65,Liberia,9,136,True,framework:province:grand-cape-mount:345cf4f6d54c,Grand Cape Mount,Grand Cape Mount,1627179B74258959251724,1.0,True,Districts,2021,136,Creative Commons Attribution 3.0 Intergovernmental Organisations (CC BY 3.0 IGO),True,True,Polygon,1,533,1798.19788397,1809.313,-0.00614328,"[-11.19524395, 6.78035489, -10.51543406, 7.43245646]",insufficient-evidence,2021 UNMIL/OCHA-derived 136-district source is superseded/does not match LISGIS 2022's 160-district census cartography; unit-specific change crosswalk still required.,not established by geoBoundaries comparison,True
gb:LBR:ADM2:62588387B7448810269647,LBR,62588387B7448810269647,Dowein,Dowein,True,framework:area:liberia:4aa46a82cd65,Liberia,9,136,True,framework:province:bomi:d6bf71c82113,Bomi,Bomi,1627179B80972729563959,1.0,True,Districts,2021,136,Creative Commons Attribution 3.0 Intergovernmental Organisations (CC BY 3.0 IGO),True,True,Polygon,1,475,305.23922786,307.112,-0.00609801,"[-11.08848652, 6.47423342, -10.72742441, 6.65816988]",insufficient-evidence,2021 UNMIL/OCHA-derived 136-district source is superseded/does not match LISGIS 2022's 160-district census cartography; unit-specific change crosswalk still required.,not established by geoBoundaries comparison,True
gb:LBR:ADM2:62588387B76680524179510,LBR,62588387B76680524179510,Porkpa,Porkpa,True,framework:area:liberia:4aa46a82cd65,Liberia,9,136,True,framework:province:grand-cape-mount:345cf4f6d54c,Grand Cape Mount,Grand Cape Mount,1627179B74258959251724,1.0,True,Districts,2021,136,Creative Commons Attribution 3.0 Intergovernmental Organisations (CC BY 3.0 IGO),True,True,Polygon,1,368,1277.87749404,1282.025,-0.00323512,"[-11.35210995, 7.07807148, -10.73363705, 7.53204818]",insufficient-evidence,2021 UNMIL/OCHA-derived 136-district source is superseded/does not match LISGIS 2022's 160-district census cartography; unit-specific change crosswalk still required.,not established by geoBoundaries comparison,True
gb:LBR:ADM2:62588387B80584494728088,LBR,62588387B80584494728088,Commonwealth,Commonwealth,True,framework:area:liberia:4aa46a82cd65,Liberia,9,136,True,framework:province:grand-cape-mount:345cf4f6d54c,Grand Cape Mount,Grand Cape Mount,1627179B74258959251724,1.0,True,Districts,2021,136,Creative Commons Attribution 3.0 Intergovernmental Organisations (CC BY 3.0 IGO),True,True,MultiPolygon,2,311,200.57366834,199.914,0.00329976,"[-11.38605159, 6.61953407, -11.14747095, 6.85656608]",insufficient-evidence,2021 UNMIL/OCHA-derived 136-district source is superseded/does not match LISGIS 2022's 160-district census cartography; unit-specific change crosswalk still required.,not established by geoBoundaries comparison,True
gb:LBR:ADM2:62588387B88523823709040,LBR,62588387B88523823709040,Senjeh,Senjeh,True,framework:area:liberia:4aa46a82cd65,Liberia,9,136,True,framework:province:bomi:d6bf71c82113,Bomi,Bomi,1627179B80972729563959,1.0,True,Districts,2021,136,Creative Commons Attribution 3.0 Intergovernmental Organisations (CC BY 3.0 IGO),True,True,Polygon,1,367,534.69441875,538.288,-0.00667595,"[-10.98878983, 6.68971382, -10.75284913, 6.98494961]",insufficient-evidence,2021 UNMIL/OCHA-derived 136-district source is superseded/does not match LISGIS 2022's 160-district census cartography; unit-specific change crosswalk still required.,not established by geoBoundaries comparison,True
