id,name,country,source_id,source_year,legacy_shape_id,legacy_source_name,legacy_source_role,legacy_source_shape_type,legacy_source_shape_group,legacy_source_shape_iso,legacy_source_geometry_type,legacy_source_geometry_valid,legacy_source_component_count,legacy_source_feature_present,legacy_source_feature_count_country,baseline_area_id,baseline_parent_id,complete_baseline_parent_chain,parent_chain_length,country_current_admin1_candidate_parents,parent_assignment_assessment,baseline_parent_label,current_parent_label,current_parent_candidates,parent_assignment_reason,current_candidate_codes,current_candidate_mapping_method,current_candidate_details,legacy_current_positive_intersection_pairs,legacy_current_top_overlap_screen,wca_assigned_code_point_rows,wca_name_parent_candidate_point_rows,wca_candidate_points_outside_geometry_rows,senegal_2017_points_by_candidate_codes,current_official_admin_capital_records,assessment_status,assessment_reasons,semantic_role_assessment,decision_limit
gb:NGA:ADM2:59680162B10831398447622,Wamakko,Nigeria,gb:NGA:ADM2,2022,59680162B10831398447622,Wamakko,Local Government Areas,ADM2,NGA,,Polygon,True,1,True,774,framework:province:sokoto:38a75936a981,framework:province:sokoto:38a75936a981,"['framework:province:sokoto:38a75936a981', 'framework:area:nigeria:13573928575a', 'framework:region:west-tropical-africa:ba6e06497098', 'framework:subcontinent:western-africa:6280a2b17f17', 'framework:continent:africa:d14fc0b285b2']",5,['Sokoto'],supported,sokoto,Sokoto,['Sokoto'],parent label matches normalized baseline,['NG034021'],unique normalized current name/explicit alias,"[{'current_name': 'Wamako', 'current_pcode': 'NG034021', 'current_parent': 'Sokoto', 'parent_pcode': 'NG034', 'valid_on': '2019-04-17', 'area_km2': 663.35417255, 'component_count': 1, 'WCA_point_count_by_code': 0, 'WCA_point_count_name_parent_candidate': 163, 'WCA_crosswalk_method': 'normalized ADM2+ADM1 labels; code-vintage mismatch candidate', 'WCA_points_inside_current_geometry': 163, 'WCA_same_code_points_outside_geometry': 0, 'Senegal_2017_OCHA_points_by_code': 0, 'Senegal_2017_points_inside_current_geometry': 0, 'admin_capital_records': 2, 'admin_capital_match_method': 'normalized ADM2+ADM1 name candidate; source-code vintage differs', 'admin_capital_exact_code_records': 0, 'admin_capital_name_parent_candidate_records': 2}]",9,"{'current_name': 'Wamako', 'current_pcode': 'NG034021', 'intersection_km2': 599.905111, 'legacy_coverage_pct': 86.40636, 'screen_only': True}",0,163,0,0,"[{'name': 'Sokoto', 'coordinates_lon_lat': [5.214285, 13.048025], 'adm_p_lvl': 1, 'admin2_name': 'Wamako', 'admin2_pcode': 'NG3421', 'admin1_name': 'Sokoto', 'admin1_pcode': 'NG34', 'valid_on': '2019-04-17', 'match_method': 'normalized ADM2+ADM1 name candidate; source-code vintage differs', 'capital_point_in_candidate_geometry': True}, {'name': 'Wamako', 'coordinates_lon_lat': [5.105336, 13.028737], 'adm_p_lvl': 2, 'admin2_name': 'Wamako', 'admin2_pcode': 'NG3421', 'admin1_name': 'Sokoto', 'admin1_pcode': 'NG34', 'valid_on': '2019-04-17', 'match_method': 'normalized ADM2+ADM1 name candidate; source-code vintage differs', 'capital_point_in_candidate_geometry': True}]",insufficient-evidence,['physical land/island completeness and current settlement completeness remain unverified'],Pinned source role 'Local Government Areas' is independently represented as COD-AB ADM2 for these features; source role and administrative level alone do not certify tier purpose or physical extent.,"Source name/code, administration and settlement screens remain separate. No political title, full settlement population, complete land/island footprint, or region approval is inferred."
gb:NGA:ADM2:59680162B10854216301983,Ndokwa East,Nigeria,gb:NGA:ADM2,2022,59680162B10854216301983,Ndokwa East,Local Government Areas,ADM2,NGA,,Polygon,True,1,True,774,framework:province:delta:c9181c18b197,framework:province:delta:c9181c18b197,"['framework:province:delta:c9181c18b197', 'framework:area:nigeria:13573928575a', 'framework:region:west-tropical-africa:ba6e06497098', 'framework:subcontinent:western-africa:6280a2b17f17', 'framework:continent:africa:d14fc0b285b2']",5,['Delta'],supported,delta,Delta,['Delta'],parent label matches normalized baseline,['NG010011'],unique normalized current name/explicit alias,"[{'current_name': 'Ndokwa East', 'current_pcode': 'NG010011', 'current_parent': 'Delta', 'parent_pcode': 'NG010', 'valid_on': '2019-04-17', 'area_km2': 1609.2121581, 'component_count': 1, 'WCA_point_count_by_code': 0, 'WCA_point_count_name_parent_candidate': 210, 'WCA_crosswalk_method': 'normalized ADM2+ADM1 labels; code-vintage mismatch candidate', 'WCA_points_inside_current_geometry': 210, 'WCA_same_code_points_outside_geometry': 0, 'Senegal_2017_OCHA_points_by_code': 0, 'Senegal_2017_points_inside_current_geometry': 0, 'admin_capital_records': 1, 'admin_capital_match_method': 'normalized ADM2+ADM1 name candidate; source-code vintage differs', 'admin_capital_exact_code_records': 0, 'admin_capital_name_parent_candidate_records': 1}]",9,"{'current_name': 'Ndokwa East', 'current_pcode': 'NG010011', 'intersection_km2': 1567.584762, 'legacy_coverage_pct': 98.1323, 'screen_only': True}",0,210,0,0,"[{'name': 'Aboh', 'coordinates_lon_lat': [6.52812, 5.546392], 'adm_p_lvl': 2, 'admin2_name': 'Ndokwa East', 'admin2_pcode': 'NG1011', 'admin1_name': 'Delta', 'admin1_pcode': 'NG10', 'valid_on': '2019-04-17', 'match_method': 'normalized ADM2+ADM1 name candidate; source-code vintage differs', 'capital_point_in_candidate_geometry': True}]",insufficient-evidence,['physical land/island completeness and current settlement completeness remain unverified'],Pinned source role 'Local Government Areas' is independently represented as COD-AB ADM2 for these features; source role and administrative level alone do not certify tier purpose or physical extent.,"Source name/code, administration and settlement screens remain separate. No political title, full settlement population, complete land/island footprint, or region approval is inferred."
gb:NGA:ADM2:59680162B11133908611483,Nwangele,Nigeria,gb:NGA:ADM2,2022,59680162B11133908611483,Nwangele,Local Government Areas,ADM2,NGA,,Polygon,True,1,True,774,framework:province:imo:a94708264d83,framework:province:imo:a94708264d83,"['framework:province:imo:a94708264d83', 'framework:area:nigeria:13573928575a', 'framework:region:west-tropical-africa:ba6e06497098', 'framework:subcontinent:western-africa:6280a2b17f17', 'framework:continent:africa:d14fc0b285b2']",5,['Imo'],supported,imo,Imo,['Imo'],parent label matches normalized baseline,['NG017015'],unique normalized current name/explicit alias,"[{'current_name': 'Nwangele', 'current_pcode': 'NG017015', 'current_parent': 'Imo', 'parent_pcode': 'NG017', 'valid_on': '2019-04-17', 'area_km2': 69.64521801, 'component_count': 1, 'WCA_point_count_by_code': 0, 'WCA_point_count_name_parent_candidate': 9, 'WCA_crosswalk_method': 'normalized ADM2+ADM1 labels; code-vintage mismatch candidate', 'WCA_points_inside_current_geometry': 9, 'WCA_same_code_points_outside_geometry': 0, 'Senegal_2017_OCHA_points_by_code': 0, 'Senegal_2017_points_inside_current_geometry': 0, 'admin_capital_records': 0, 'admin_capital_match_method': 'no capital record candidate', 'admin_capital_exact_code_records': 0, 'admin_capital_name_parent_candidate_records': 0}]",6,"{'current_name': 'Nwangele', 'current_pcode': 'NG017015', 'intersection_km2': 55.911103, 'legacy_coverage_pct': 78.00493, 'screen_only': True}",0,9,0,0,[],insufficient-evidence,['physical land/island completeness and current settlement completeness remain unverified'],Pinned source role 'Local Government Areas' is independently represented as COD-AB ADM2 for these features; source role and administrative level alone do not certify tier purpose or physical extent.,"Source name/code, administration and settlement screens remain separate. No political title, full settlement population, complete land/island footprint, or region approval is inferred."
gb:NGA:ADM2:59680162B11863934245151,Ankpa,Nigeria,gb:NGA:ADM2,2022,59680162B11863934245151,Ankpa,Local Government Areas,ADM2,NGA,,Polygon,True,1,True,774,framework:province:kogi:2143f75eb90a,framework:province:kogi:2143f75eb90a,"['framework:province:kogi:2143f75eb90a', 'framework:area:nigeria:13573928575a', 'framework:region:west-tropical-africa:ba6e06497098', 'framework:subcontinent:western-africa:6280a2b17f17', 'framework:continent:africa:d14fc0b285b2']",5,['Kogi'],supported,kogi,Kogi,['Kogi'],parent label matches normalized baseline,['NG023003'],unique normalized current name/explicit alias,"[{'current_name': 'Ankpa', 'current_pcode': 'NG023003', 'current_parent': 'Kogi', 'parent_pcode': 'NG023', 'valid_on': '2019-04-17', 'area_km2': 1281.44048084, 'component_count': 1, 'WCA_point_count_by_code': 0, 'WCA_point_count_name_parent_candidate': 42, 'WCA_crosswalk_method': 'normalized ADM2+ADM1 labels; code-vintage mismatch candidate', 'WCA_points_inside_current_geometry': 42, 'WCA_same_code_points_outside_geometry': 0, 'Senegal_2017_OCHA_points_by_code': 0, 'Senegal_2017_points_inside_current_geometry': 0, 'admin_capital_records': 1, 'admin_capital_match_method': 'normalized ADM2+ADM1 name candidate; source-code vintage differs', 'admin_capital_exact_code_records': 0, 'admin_capital_name_parent_candidate_records': 1}]",8,"{'current_name': 'Ankpa', 'current_pcode': 'NG023003', 'intersection_km2': 1146.673966, 'legacy_coverage_pct': 89.10895, 'screen_only': True}",0,42,0,0,"[{'name': 'Ankpa', 'coordinates_lon_lat': [7.6253, 7.370575], 'adm_p_lvl': 2, 'admin2_name': 'Ankpa', 'admin2_pcode': 'NG2303', 'admin1_name': 'Kogi', 'admin1_pcode': 'NG23', 'valid_on': '2019-04-17', 'match_method': 'normalized ADM2+ADM1 name candidate; source-code vintage differs', 'capital_point_in_candidate_geometry': True}]",insufficient-evidence,['physical land/island completeness and current settlement completeness remain unverified'],Pinned source role 'Local Government Areas' is independently represented as COD-AB ADM2 for these features; source role and administrative level alone do not certify tier purpose or physical extent.,"Source name/code, administration and settlement screens remain separate. No political title, full settlement population, complete land/island footprint, or region approval is inferred."
gb:NGA:ADM2:59680162B12426298681132,Tsafe,Nigeria,gb:NGA:ADM2,2022,59680162B12426298681132,Tsafe,Local Government Areas,ADM2,NGA,,Polygon,True,1,True,774,framework:province:zamfara:f060723678a4,framework:province:zamfara:f060723678a4,"['framework:province:zamfara:f060723678a4', 'framework:area:nigeria:13573928575a', 'framework:region:west-tropical-africa:ba6e06497098', 'framework:subcontinent:western-africa:6280a2b17f17', 'framework:continent:africa:d14fc0b285b2']",5,['Zamfara'],supported,zamfara,Zamfara,['Zamfara'],parent label matches normalized baseline,['NG037013'],unique normalized current name/explicit alias,"[{'current_name': 'Tsafe', 'current_pcode': 'NG037013', 'current_parent': 'Zamfara', 'parent_pcode': 'NG037', 'valid_on': '2019-04-17', 'area_km2': 1810.18555528, 'component_count': 1, 'WCA_point_count_by_code': 0, 'WCA_point_count_name_parent_candidate': 182, 'WCA_crosswalk_method': 'normalized ADM2+ADM1 labels; code-vintage mismatch candidate', 'WCA_points_inside_current_geometry': 182, 'WCA_same_code_points_outside_geometry': 0, 'Senegal_2017_OCHA_points_by_code': 0, 'Senegal_2017_points_inside_current_geometry': 0, 'admin_capital_records': 1, 'admin_capital_match_method': 'normalized ADM2+ADM1 name candidate; source-code vintage differs', 'admin_capital_exact_code_records': 0, 'admin_capital_name_parent_candidate_records': 1}]",5,"{'current_name': 'Tsafe', 'current_pcode': 'NG037013', 'intersection_km2': 1788.812923, 'legacy_coverage_pct': 92.58464, 'screen_only': True}",0,182,0,0,"[{'name': 'Chafe', 'coordinates_lon_lat': [6.922322, 11.955273], 'adm_p_lvl': 2, 'admin2_name': 'Tsafe', 'admin2_pcode': 'NG3713', 'admin1_name': 'Zamfara', 'admin1_pcode': 'NG37', 'valid_on': '2019-04-17', 'match_method': 'normalized ADM2+ADM1 name candidate; source-code vintage differs', 'capital_point_in_candidate_geometry': True}]",insufficient-evidence,['physical land/island completeness and current settlement completeness remain unverified'],Pinned source role 'Local Government Areas' is independently represented as COD-AB ADM2 for these features; source role and administrative level alone do not certify tier purpose or physical extent.,"Source name/code, administration and settlement screens remain separate. No political title, full settlement population, complete land/island footprint, or region approval is inferred."
gb:NGA:ADM2:59680162B12689851933854,Owan West,Nigeria,gb:NGA:ADM2,2022,59680162B12689851933854,Owan West,Local Government Areas,ADM2,NGA,,Polygon,True,1,True,774,framework:province:edo:837a456ad2ee,framework:province:edo:837a456ad2ee,"['framework:province:edo:837a456ad2ee', 'framework:area:nigeria:13573928575a', 'framework:region:west-tropical-africa:ba6e06497098', 'framework:subcontinent:western-africa:6280a2b17f17', 'framework:continent:africa:d14fc0b285b2']",5,['Edo'],supported,edo,Edo,['Edo'],parent label matches normalized baseline,['NG012017'],unique normalized current name/explicit alias,"[{'current_name': 'Owan West', 'current_pcode': 'NG012017', 'current_parent': 'Edo', 'parent_pcode': 'NG012', 'valid_on': '2019-04-17', 'area_km2': 739.86191526, 'component_count': 1, 'WCA_point_count_by_code': 0, 'WCA_point_count_name_parent_candidate': 38, 'WCA_crosswalk_method': 'normalized ADM2+ADM1 labels; code-vintage mismatch candidate', 'WCA_points_inside_current_geometry': 38, 'WCA_same_code_points_outside_geometry': 0, 'Senegal_2017_OCHA_points_by_code': 0, 'Senegal_2017_points_inside_current_geometry': 0, 'admin_capital_records': 0, 'admin_capital_match_method': 'no capital record candidate', 'admin_capital_exact_code_records': 0, 'admin_capital_name_parent_candidate_records': 0}]",5,"{'current_name': 'Owan West', 'current_pcode': 'NG012017', 'intersection_km2': 728.143435, 'legacy_coverage_pct': 99.54944, 'screen_only': True}",0,38,0,0,[],insufficient-evidence,['physical land/island completeness and current settlement completeness remain unverified'],Pinned source role 'Local Government Areas' is independently represented as COD-AB ADM2 for these features; source role and administrative level alone do not certify tier purpose or physical extent.,"Source name/code, administration and settlement screens remain separate. No political title, full settlement population, complete land/island footprint, or region approval is inferred."
gb:NGA:ADM2:59680162B14261849329471,Lapai,Nigeria,gb:NGA:ADM2,2022,59680162B14261849329471,Lapai,Local Government Areas,ADM2,NGA,,Polygon,True,1,True,774,framework:province:niger:76d278c157e8,framework:province:niger:76d278c157e8,"['framework:province:niger:76d278c157e8', 'framework:area:nigeria:13573928575a', 'framework:region:west-tropical-africa:ba6e06497098', 'framework:subcontinent:western-africa:6280a2b17f17', 'framework:continent:africa:d14fc0b285b2']",5,['Niger'],supported,niger,Niger,['Niger'],parent label matches normalized baseline,['NG027012'],unique normalized current name/explicit alias,"[{'current_name': 'Lapai', 'current_pcode': 'NG027012', 'current_parent': 'Niger', 'parent_pcode': 'NG027', 'valid_on': '2019-04-17', 'area_km2': 3030.36126524, 'component_count': 1, 'WCA_point_count_by_code': 0, 'WCA_point_count_name_parent_candidate': 92, 'WCA_crosswalk_method': 'normalized ADM2+ADM1 labels; code-vintage mismatch candidate', 'WCA_points_inside_current_geometry': 92, 'WCA_same_code_points_outside_geometry': 0, 'Senegal_2017_OCHA_points_by_code': 0, 'Senegal_2017_points_inside_current_geometry': 0, 'admin_capital_records': 1, 'admin_capital_match_method': 'normalized ADM2+ADM1 name candidate; source-code vintage differs', 'admin_capital_exact_code_records': 0, 'admin_capital_name_parent_candidate_records': 1}]",7,"{'current_name': 'Lapai', 'current_pcode': 'NG027012', 'intersection_km2': 2920.436059, 'legacy_coverage_pct': 96.70062, 'screen_only': True}",0,92,0,0,"[{'name': 'Lapai', 'coordinates_lon_lat': [6.716667, 9.066667], 'adm_p_lvl': 2, 'admin2_name': 'Lapai', 'admin2_pcode': 'NG2712', 'admin1_name': 'Niger', 'admin1_pcode': 'NG27', 'valid_on': '2019-04-17', 'match_method': 'normalized ADM2+ADM1 name candidate; source-code vintage differs', 'capital_point_in_candidate_geometry': True}]",insufficient-evidence,['physical land/island completeness and current settlement completeness remain unverified'],Pinned source role 'Local Government Areas' is independently represented as COD-AB ADM2 for these features; source role and administrative level alone do not certify tier purpose or physical extent.,"Source name/code, administration and settlement screens remain separate. No political title, full settlement population, complete land/island footprint, or region approval is inferred."
gb:NGA:ADM2:59680162B14396821090751,Esan Central,Nigeria,gb:NGA:ADM2,2022,59680162B14396821090751,Esan Central,Local Government Areas,ADM2,NGA,,Polygon,True,1,True,774,framework:province:edo:837a456ad2ee,framework:province:edo:837a456ad2ee,"['framework:province:edo:837a456ad2ee', 'framework:area:nigeria:13573928575a', 'framework:region:west-tropical-africa:ba6e06497098', 'framework:subcontinent:western-africa:6280a2b17f17', 'framework:continent:africa:d14fc0b285b2']",5,['Edo'],supported,edo,Edo,['Edo'],parent label matches normalized baseline,['NG012003'],unique normalized current name/explicit alias,"[{'current_name': 'Esan Central', 'current_pcode': 'NG012003', 'current_parent': 'Edo', 'parent_pcode': 'NG012', 'valid_on': '2019-04-17', 'area_km2': 263.96423636, 'component_count': 1, 'WCA_point_count_by_code': 0, 'WCA_point_count_name_parent_candidate': 24, 'WCA_crosswalk_method': 'normalized ADM2+ADM1 labels; code-vintage mismatch candidate', 'WCA_points_inside_current_geometry': 24, 'WCA_same_code_points_outside_geometry': 0, 'Senegal_2017_OCHA_points_by_code': 0, 'Senegal_2017_points_inside_current_geometry': 0, 'admin_capital_records': 1, 'admin_capital_match_method': 'normalized ADM2+ADM1 name candidate; source-code vintage differs', 'admin_capital_exact_code_records': 0, 'admin_capital_name_parent_candidate_records': 1}]",5,"{'current_name': 'Esan Central', 'current_pcode': 'NG012003', 'intersection_km2': 250.228939, 'legacy_coverage_pct': 99.89858, 'screen_only': True}",0,24,0,0,"[{'name': 'Irrua', 'coordinates_lon_lat': [6.218711, 6.733703], 'adm_p_lvl': 2, 'admin2_name': 'Esan Central', 'admin2_pcode': 'NG1203', 'admin1_name': 'Edo', 'admin1_pcode': 'NG12', 'valid_on': '2019-04-17', 'match_method': 'normalized ADM2+ADM1 name candidate; source-code vintage differs', 'capital_point_in_candidate_geometry': True}]",insufficient-evidence,['physical land/island completeness and current settlement completeness remain unverified'],Pinned source role 'Local Government Areas' is independently represented as COD-AB ADM2 for these features; source role and administrative level alone do not certify tier purpose or physical extent.,"Source name/code, administration and settlement screens remain separate. No political title, full settlement population, complete land/island footprint, or region approval is inferred."
gb:NGA:ADM2:59680162B14530293305891,Ihitte/Uboma,Nigeria,gb:NGA:ADM2,2022,59680162B14530293305891,Ihitte/Uboma,Local Government Areas,ADM2,NGA,,Polygon,True,1,True,774,framework:province:imo:a94708264d83,framework:province:imo:a94708264d83,"['framework:province:imo:a94708264d83', 'framework:area:nigeria:13573928575a', 'framework:region:west-tropical-africa:ba6e06497098', 'framework:subcontinent:western-africa:6280a2b17f17', 'framework:continent:africa:d14fc0b285b2']",5,['Imo'],supported,imo,Imo,['Imo'],parent label matches normalized baseline,['NG017007'],unique normalized current name/explicit alias,"[{'current_name': 'Ihitte/Uboma', 'current_pcode': 'NG017007', 'current_parent': 'Imo', 'parent_pcode': 'NG017', 'valid_on': '2019-04-17', 'area_km2': 108.43018101, 'component_count': 1, 'WCA_point_count_by_code': 0, 'WCA_point_count_name_parent_candidate': 18, 'WCA_crosswalk_method': 'normalized ADM2+ADM1 labels; code-vintage mismatch candidate', 'WCA_points_inside_current_geometry': 18, 'WCA_same_code_points_outside_geometry': 0, 'Senegal_2017_OCHA_points_by_code': 0, 'Senegal_2017_points_inside_current_geometry': 0, 'admin_capital_records': 0, 'admin_capital_match_method': 'no capital record candidate', 'admin_capital_exact_code_records': 0, 'admin_capital_name_parent_candidate_records': 0}]",5,"{'current_name': 'Ihitte/Uboma', 'current_pcode': 'NG017007', 'intersection_km2': 86.516452, 'legacy_coverage_pct': 88.9293, 'screen_only': True}",0,18,0,0,[],insufficient-evidence,['physical land/island completeness and current settlement completeness remain unverified'],Pinned source role 'Local Government Areas' is independently represented as COD-AB ADM2 for these features; source role and administrative level alone do not certify tier purpose or physical extent.,"Source name/code, administration and settlement screens remain separate. No political title, full settlement population, complete land/island footprint, or region approval is inferred."
gb:NGA:ADM2:59680162B15951041920960,Ijumu,Nigeria,gb:NGA:ADM2,2022,59680162B15951041920960,Ijumu,Local Government Areas,ADM2,NGA,,Polygon,True,1,True,774,framework:province:kogi:2143f75eb90a,framework:province:kogi:2143f75eb90a,"['framework:province:kogi:2143f75eb90a', 'framework:area:nigeria:13573928575a', 'framework:region:west-tropical-africa:ba6e06497098', 'framework:subcontinent:western-africa:6280a2b17f17', 'framework:continent:africa:d14fc0b285b2']",5,['Kogi'],supported,kogi,Kogi,['Kogi'],parent label matches normalized baseline,['NG023009'],unique normalized current name/explicit alias,"[{'current_name': 'Ijumu', 'current_pcode': 'NG023009', 'current_parent': 'Kogi', 'parent_pcode': 'NG023', 'valid_on': '2019-04-17', 'area_km2': 1282.45624253, 'component_count': 1, 'WCA_point_count_by_code': 0, 'WCA_point_count_name_parent_candidate': 43, 'WCA_crosswalk_method': 'normalized ADM2+ADM1 labels; code-vintage mismatch candidate', 'WCA_points_inside_current_geometry': 43, 'WCA_same_code_points_outside_geometry': 0, 'Senegal_2017_OCHA_points_by_code': 0, 'Senegal_2017_points_inside_current_geometry': 0, 'admin_capital_records': 0, 'admin_capital_match_method': 'no capital record candidate', 'admin_capital_exact_code_records': 0, 'admin_capital_name_parent_candidate_records': 0}]",9,"{'current_name': 'Ijumu', 'current_pcode': 'NG023009', 'intersection_km2': 1271.114941, 'legacy_coverage_pct': 97.40804, 'screen_only': True}",0,43,0,0,[],insufficient-evidence,['physical land/island completeness and current settlement completeness remain unverified'],Pinned source role 'Local Government Areas' is independently represented as COD-AB ADM2 for these features; source role and administrative level alone do not certify tier purpose or physical extent.,"Source name/code, administration and settlement screens remain separate. No political title, full settlement population, complete land/island footprint, or region approval is inferred."
gb:NGA:ADM2:59680162B15998169506024,Uhunmwonde,Nigeria,gb:NGA:ADM2,2022,59680162B15998169506024,Uhunmwonde,Local Government Areas,ADM2,NGA,,Polygon,True,1,True,774,framework:province:edo:837a456ad2ee,framework:province:edo:837a456ad2ee,"['framework:province:edo:837a456ad2ee', 'framework:area:nigeria:13573928575a', 'framework:region:west-tropical-africa:ba6e06497098', 'framework:subcontinent:western-africa:6280a2b17f17', 'framework:continent:africa:d14fc0b285b2']",5,['Edo'],supported,edo,Edo,['Edo'],parent label matches normalized baseline,['NG012018'],unique normalized current name/explicit alias,"[{'current_name': 'Uhunmwonde', 'current_pcode': 'NG012018', 'current_parent': 'Edo', 'parent_pcode': 'NG012', 'valid_on': '2019-04-17', 'area_km2': 1991.23656593, 'component_count': 1, 'WCA_point_count_by_code': 0, 'WCA_point_count_name_parent_candidate': 126, 'WCA_crosswalk_method': 'normalized ADM2+ADM1 labels; code-vintage mismatch candidate', 'WCA_points_inside_current_geometry': 126, 'WCA_same_code_points_outside_geometry': 0, 'Senegal_2017_OCHA_points_by_code': 0, 'Senegal_2017_points_inside_current_geometry': 0, 'admin_capital_records': 1, 'admin_capital_match_method': 'normalized ADM2+ADM1 name candidate; source-code vintage differs', 'admin_capital_exact_code_records': 0, 'admin_capital_name_parent_candidate_records': 1}]",8,"{'current_name': 'Uhunmwonde', 'current_pcode': 'NG012018', 'intersection_km2': 1972.000655, 'legacy_coverage_pct': 94.72639, 'screen_only': True}",0,126,0,0,"[{'name': 'Ehor', 'coordinates_lon_lat': [5.983837, 6.615559], 'adm_p_lvl': 2, 'admin2_name': 'Uhunmwonde', 'admin2_pcode': 'NG1218', 'admin1_name': 'Edo', 'admin1_pcode': 'NG12', 'valid_on': '2019-04-17', 'match_method': 'normalized ADM2+ADM1 name candidate; source-code vintage differs', 'capital_point_in_candidate_geometry': True}]",insufficient-evidence,['physical land/island completeness and current settlement completeness remain unverified'],Pinned source role 'Local Government Areas' is independently represented as COD-AB ADM2 for these features; source role and administrative level alone do not certify tier purpose or physical extent.,"Source name/code, administration and settlement screens remain separate. No political title, full settlement population, complete land/island footprint, or region approval is inferred."
gb:NGA:ADM2:59680162B16294292751838,Khana,Nigeria,gb:NGA:ADM2,2022,59680162B16294292751838,Khana,Local Government Areas,ADM2,NGA,,Polygon,True,1,True,774,framework:province:rivers:00c506c91c8a,framework:province:rivers:00c506c91c8a,"['framework:province:rivers:00c506c91c8a', 'framework:area:nigeria:13573928575a', 'framework:region:west-tropical-africa:ba6e06497098', 'framework:subcontinent:western-africa:6280a2b17f17', 'framework:continent:africa:d14fc0b285b2']",5,['Rivers'],supported,rivers,Rivers,['Rivers'],parent label matches normalized baseline,['NG033014'],unique normalized current name/explicit alias,"[{'current_name': 'Khana', 'current_pcode': 'NG033014', 'current_parent': 'Rivers', 'parent_pcode': 'NG033', 'valid_on': '2019-04-17', 'area_km2': 558.89314966, 'component_count': 1, 'WCA_point_count_by_code': 0, 'WCA_point_count_name_parent_candidate': 95, 'WCA_crosswalk_method': 'normalized ADM2+ADM1 labels; code-vintage mismatch candidate', 'WCA_points_inside_current_geometry': 95, 'WCA_same_code_points_outside_geometry': 0, 'Senegal_2017_OCHA_points_by_code': 0, 'Senegal_2017_points_inside_current_geometry': 0, 'admin_capital_records': 1, 'admin_capital_match_method': 'normalized ADM2+ADM1 name candidate; source-code vintage differs', 'admin_capital_exact_code_records': 0, 'admin_capital_name_parent_candidate_records': 1}]",7,"{'current_name': 'Khana', 'current_pcode': 'NG033014', 'intersection_km2': 486.129639, 'legacy_coverage_pct': 92.87462, 'screen_only': True}",0,95,0,0,"[{'name': 'Bori', 'coordinates_lon_lat': [7.362008, 4.673663], 'adm_p_lvl': 2, 'admin2_name': 'Khana', 'admin2_pcode': 'NG3314', 'admin1_name': 'Rivers', 'admin1_pcode': 'NG33', 'valid_on': '2019-04-17', 'match_method': 'normalized ADM2+ADM1 name candidate; source-code vintage differs', 'capital_point_in_candidate_geometry': True}]",insufficient-evidence,['physical land/island completeness and current settlement completeness remain unverified'],Pinned source role 'Local Government Areas' is independently represented as COD-AB ADM2 for these features; source role and administrative level alone do not certify tier purpose or physical extent.,"Source name/code, administration and settlement screens remain separate. No political title, full settlement population, complete land/island footprint, or region approval is inferred."
gb:NGA:ADM2:59680162B16609728895319,Irepodun/Ifelodun,Nigeria,gb:NGA:ADM2,2022,59680162B16609728895319,Irepodun/Ifelodun,Local Government Areas,ADM2,NGA,,Polygon,True,1,True,774,framework:province:ekiti:1dc223e0cd0e,framework:province:ekiti:1dc223e0cd0e,"['framework:province:ekiti:1dc223e0cd0e', 'framework:area:nigeria:13573928575a', 'framework:region:west-tropical-africa:ba6e06497098', 'framework:subcontinent:western-africa:6280a2b17f17', 'framework:continent:africa:d14fc0b285b2']",5,['Ekiti'],supported,ekiti,Ekiti,['Ekiti'],parent label matches normalized baseline,['NG013013'],unique normalized current name/explicit alias,"[{'current_name': 'Irepodun/Ifelodun', 'current_pcode': 'NG013013', 'current_parent': 'Ekiti', 'parent_pcode': 'NG013', 'valid_on': '2019-04-17', 'area_km2': 326.92712786, 'component_count': 1, 'WCA_point_count_by_code': 0, 'WCA_point_count_name_parent_candidate': 24, 'WCA_crosswalk_method': 'normalized ADM2+ADM1 labels; code-vintage mismatch candidate', 'WCA_points_inside_current_geometry': 24, 'WCA_same_code_points_outside_geometry': 0, 'Senegal_2017_OCHA_points_by_code': 0, 'Senegal_2017_points_inside_current_geometry': 0, 'admin_capital_records': 1, 'admin_capital_match_method': 'normalized ADM2+ADM1 name candidate; source-code vintage differs', 'admin_capital_exact_code_records': 0, 'admin_capital_name_parent_candidate_records': 1}]",7,"{'current_name': 'Irepodun/Ifelodun', 'current_pcode': 'NG013013', 'intersection_km2': 280.621585, 'legacy_coverage_pct': 82.69706, 'screen_only': True}",0,24,0,0,"[{'name': 'Igede', 'coordinates_lon_lat': [5.132047, 7.666765], 'adm_p_lvl': 2, 'admin2_name': 'Irepodun/Ifelodun', 'admin2_pcode': 'NG1313', 'admin1_name': 'Ekiti', 'admin1_pcode': 'NG13', 'valid_on': '2019-04-17', 'match_method': 'normalized ADM2+ADM1 name candidate; source-code vintage differs', 'capital_point_in_candidate_geometry': True}]",insufficient-evidence,['physical land/island completeness and current settlement completeness remain unverified'],Pinned source role 'Local Government Areas' is independently represented as COD-AB ADM2 for these features; source role and administrative level alone do not certify tier purpose or physical extent.,"Source name/code, administration and settlement screens remain separate. No political title, full settlement population, complete land/island footprint, or region approval is inferred."
gb:NGA:ADM2:59680162B16701148271715,Aniocha North,Nigeria,gb:NGA:ADM2,2022,59680162B16701148271715,Aniocha North,Local Government Areas,ADM2,NGA,,Polygon,True,1,True,774,framework:province:delta:c9181c18b197,framework:province:delta:c9181c18b197,"['framework:province:delta:c9181c18b197', 'framework:area:nigeria:13573928575a', 'framework:region:west-tropical-africa:ba6e06497098', 'framework:subcontinent:western-africa:6280a2b17f17', 'framework:continent:africa:d14fc0b285b2']",5,['Delta'],supported,delta,Delta,['Delta'],parent label matches normalized baseline,['NG010001'],unique normalized current name/explicit alias,"[{'current_name': 'Aniocha North', 'current_pcode': 'NG010001', 'current_parent': 'Delta', 'parent_pcode': 'NG010', 'valid_on': '2019-04-17', 'area_km2': 404.46681951, 'component_count': 1, 'WCA_point_count_by_code': 0, 'WCA_point_count_name_parent_candidate': 34, 'WCA_crosswalk_method': 'normalized ADM2+ADM1 labels; code-vintage mismatch candidate', 'WCA_points_inside_current_geometry': 34, 'WCA_same_code_points_outside_geometry': 0, 'Senegal_2017_OCHA_points_by_code': 0, 'Senegal_2017_points_inside_current_geometry': 0, 'admin_capital_records': 1, 'admin_capital_match_method': 'normalized ADM2+ADM1 name candidate; source-code vintage differs', 'admin_capital_exact_code_records': 0, 'admin_capital_name_parent_candidate_records': 1}]",5,"{'current_name': 'Aniocha North', 'current_pcode': 'NG010001', 'intersection_km2': 403.734039, 'legacy_coverage_pct': 99.44379, 'screen_only': True}",0,34,0,0,"[{'name': 'Issele-Uku', 'coordinates_lon_lat': [6.474054, 6.315172], 'adm_p_lvl': 2, 'admin2_name': 'Aniocha North', 'admin2_pcode': 'NG1001', 'admin1_name': 'Delta', 'admin1_pcode': 'NG10', 'valid_on': '2019-04-17', 'match_method': 'normalized ADM2+ADM1 name candidate; source-code vintage differs', 'capital_point_in_candidate_geometry': True}]",insufficient-evidence,['physical land/island completeness and current settlement completeness remain unverified'],Pinned source role 'Local Government Areas' is independently represented as COD-AB ADM2 for these features; source role and administrative level alone do not certify tier purpose or physical extent.,"Source name/code, administration and settlement screens remain separate. No political title, full settlement population, complete land/island footprint, or region approval is inferred."
gb:NGA:ADM2:59680162B16893313163973,Oguta,Nigeria,gb:NGA:ADM2,2022,59680162B16893313163973,Oguta,Local Government Areas,ADM2,NGA,,Polygon,True,1,True,774,framework:province:imo:a94708264d83,framework:province:imo:a94708264d83,"['framework:province:imo:a94708264d83', 'framework:area:nigeria:13573928575a', 'framework:region:west-tropical-africa:ba6e06497098', 'framework:subcontinent:western-africa:6280a2b17f17', 'framework:continent:africa:d14fc0b285b2']",5,['Imo'],supported,imo,Imo,['Imo'],parent label matches normalized baseline,['NG017017'],unique normalized current name/explicit alias,"[{'current_name': 'Oguta', 'current_pcode': 'NG017017', 'current_parent': 'Imo', 'parent_pcode': 'NG017', 'valid_on': '2019-04-17', 'area_km2': 422.25672522, 'component_count': 1, 'WCA_point_count_by_code': 0, 'WCA_point_count_name_parent_candidate': 45, 'WCA_crosswalk_method': 'normalized ADM2+ADM1 labels; code-vintage mismatch candidate', 'WCA_points_inside_current_geometry': 45, 'WCA_same_code_points_outside_geometry': 0, 'Senegal_2017_OCHA_points_by_code': 0, 'Senegal_2017_points_inside_current_geometry': 0, 'admin_capital_records': 1, 'admin_capital_match_method': 'normalized ADM2+ADM1 name candidate; source-code vintage differs', 'admin_capital_exact_code_records': 0, 'admin_capital_name_parent_candidate_records': 1}]",9,"{'current_name': 'Oguta', 'current_pcode': 'NG017017', 'intersection_km2': 409.529428, 'legacy_coverage_pct': 86.49494, 'screen_only': True}",0,45,0,0,"[{'name': 'Oguta', 'coordinates_lon_lat': [6.810265, 5.708901], 'adm_p_lvl': 2, 'admin2_name': 'Oguta', 'admin2_pcode': 'NG1717', 'admin1_name': 'Imo', 'admin1_pcode': 'NG17', 'valid_on': '2019-04-17', 'match_method': 'normalized ADM2+ADM1 name candidate; source-code vintage differs', 'capital_point_in_candidate_geometry': True}]",insufficient-evidence,['physical land/island completeness and current settlement completeness remain unverified'],Pinned source role 'Local Government Areas' is independently represented as COD-AB ADM2 for these features; source role and administrative level alone do not certify tier purpose or physical extent.,"Source name/code, administration and settlement screens remain separate. No political title, full settlement population, complete land/island footprint, or region approval is inferred."
gb:NGA:ADM2:59680162B16963737840115,Orumba South,Nigeria,gb:NGA:ADM2,2022,59680162B16963737840115,Orumba South,Local Government Areas,ADM2,NGA,,Polygon,True,1,True,774,framework:province:anambra:60457f483104,framework:province:anambra:60457f483104,"['framework:province:anambra:60457f483104', 'framework:area:nigeria:13573928575a', 'framework:region:west-tropical-africa:ba6e06497098', 'framework:subcontinent:western-africa:6280a2b17f17', 'framework:continent:africa:d14fc0b285b2']",5,['Anambra'],supported,anambra,Anambra,['Anambra'],parent label matches normalized baseline,['NG004020'],unique normalized current name/explicit alias,"[{'current_name': 'Orumba South', 'current_pcode': 'NG004020', 'current_parent': 'Anambra', 'parent_pcode': 'NG004', 'valid_on': '2019-04-17', 'area_km2': 188.24224248, 'component_count': 1, 'WCA_point_count_by_code': 0, 'WCA_point_count_name_parent_candidate': 18, 'WCA_crosswalk_method': 'normalized ADM2+ADM1 labels; code-vintage mismatch candidate', 'WCA_points_inside_current_geometry': 18, 'WCA_same_code_points_outside_geometry': 0, 'Senegal_2017_OCHA_points_by_code': 0, 'Senegal_2017_points_inside_current_geometry': 0, 'admin_capital_records': 1, 'admin_capital_match_method': 'normalized ADM2+ADM1 name candidate; source-code vintage differs', 'admin_capital_exact_code_records': 0, 'admin_capital_name_parent_candidate_records': 1}]",7,"{'current_name': 'Orumba South', 'current_pcode': 'NG004020', 'intersection_km2': 178.549038, 'legacy_coverage_pct': 89.14296, 'screen_only': True}",0,18,0,0,"[{'name': 'Umueje', 'coordinates_lon_lat': [7.266681, 6.024142], 'adm_p_lvl': 2, 'admin2_name': 'Orumba South', 'admin2_pcode': 'NG0420', 'admin1_name': 'Anambra', 'admin1_pcode': 'NG04', 'valid_on': '2019-04-17', 'match_method': 'normalized ADM2+ADM1 name candidate; source-code vintage differs', 'capital_point_in_candidate_geometry': True}]",insufficient-evidence,['physical land/island completeness and current settlement completeness remain unverified'],Pinned source role 'Local Government Areas' is independently represented as COD-AB ADM2 for these features; source role and administrative level alone do not certify tier purpose or physical extent.,"Source name/code, administration and settlement screens remain separate. No political title, full settlement population, complete land/island footprint, or region approval is inferred."
gb:NGA:ADM2:59680162B173222965225,Asari-Toru,Nigeria,gb:NGA:ADM2,2022,59680162B173222965225,Asari-Toru,Local Government Areas,ADM2,NGA,,Polygon,True,1,True,774,framework:province:rivers:00c506c91c8a,framework:province:rivers:00c506c91c8a,"['framework:province:rivers:00c506c91c8a', 'framework:area:nigeria:13573928575a', 'framework:region:west-tropical-africa:ba6e06497098', 'framework:subcontinent:western-africa:6280a2b17f17', 'framework:continent:africa:d14fc0b285b2']",5,['Rivers'],supported,rivers,Rivers,['Rivers'],parent label matches normalized baseline,['NG033006'],unique normalized current name/explicit alias,"[{'current_name': 'Asari-Toru', 'current_pcode': 'NG033006', 'current_parent': 'Rivers', 'parent_pcode': 'NG033', 'valid_on': '2019-04-17', 'area_km2': 115.01940087, 'component_count': 1, 'WCA_point_count_by_code': 0, 'WCA_point_count_name_parent_candidate': 41, 'WCA_crosswalk_method': 'normalized ADM2+ADM1 labels; code-vintage mismatch candidate', 'WCA_points_inside_current_geometry': 41, 'WCA_same_code_points_outside_geometry': 0, 'Senegal_2017_OCHA_points_by_code': 0, 'Senegal_2017_points_inside_current_geometry': 0, 'admin_capital_records': 0, 'admin_capital_match_method': 'no capital record candidate', 'admin_capital_exact_code_records': 0, 'admin_capital_name_parent_candidate_records': 0}]",4,"{'current_name': 'Asari-Toru', 'current_pcode': 'NG033006', 'intersection_km2': 110.377646, 'legacy_coverage_pct': 51.06951, 'screen_only': True}",0,41,0,0,[],insufficient-evidence,['physical land/island completeness and current settlement completeness remain unverified'],Pinned source role 'Local Government Areas' is independently represented as COD-AB ADM2 for these features; source role and administrative level alone do not certify tier purpose or physical extent.,"Source name/code, administration and settlement screens remain separate. No political title, full settlement population, complete land/island footprint, or region approval is inferred."
gb:NGA:ADM2:59680162B17520648889441,Orhionmwon,Nigeria,gb:NGA:ADM2,2022,59680162B17520648889441,Orhionmwon,Local Government Areas,ADM2,NGA,,Polygon,True,1,True,774,framework:province:edo:837a456ad2ee,framework:province:edo:837a456ad2ee,"['framework:province:edo:837a456ad2ee', 'framework:area:nigeria:13573928575a', 'framework:region:west-tropical-africa:ba6e06497098', 'framework:subcontinent:western-africa:6280a2b17f17', 'framework:continent:africa:d14fc0b285b2']",5,['Edo'],supported,edo,Edo,['Edo'],parent label matches normalized baseline,['NG012013'],unique normalized current name/explicit alias,"[{'current_name': 'Orhionmwon', 'current_pcode': 'NG012013', 'current_parent': 'Edo', 'parent_pcode': 'NG012', 'valid_on': '2019-04-17', 'area_km2': 2410.76364155, 'component_count': 1, 'WCA_point_count_by_code': 0, 'WCA_point_count_name_parent_candidate': 157, 'WCA_crosswalk_method': 'normalized ADM2+ADM1 labels; code-vintage mismatch candidate', 'WCA_points_inside_current_geometry': 157, 'WCA_same_code_points_outside_geometry': 0, 'Senegal_2017_OCHA_points_by_code': 0, 'Senegal_2017_points_inside_current_geometry': 0, 'admin_capital_records': 1, 'admin_capital_match_method': 'normalized ADM2+ADM1 name candidate; source-code vintage differs', 'admin_capital_exact_code_records': 0, 'admin_capital_name_parent_candidate_records': 1}]",13,"{'current_name': 'Orhionmwon', 'current_pcode': 'NG012013', 'intersection_km2': 2354.709464, 'legacy_coverage_pct': 98.73482, 'screen_only': True}",0,157,0,0,"[{'name': 'Abudu', 'coordinates_lon_lat': [6.036358, 6.29343], 'adm_p_lvl': 2, 'admin2_name': 'Orhionmwon', 'admin2_pcode': 'NG1213', 'admin1_name': 'Edo', 'admin1_pcode': 'NG12', 'valid_on': '2019-04-17', 'match_method': 'normalized ADM2+ADM1 name candidate; source-code vintage differs', 'capital_point_in_candidate_geometry': True}]",insufficient-evidence,['physical land/island completeness and current settlement completeness remain unverified'],Pinned source role 'Local Government Areas' is independently represented as COD-AB ADM2 for these features; source role and administrative level alone do not certify tier purpose or physical extent.,"Source name/code, administration and settlement screens remain separate. No political title, full settlement population, complete land/island footprint, or region approval is inferred."
gb:NGA:ADM2:59680162B17555212909244,Ido-Osi,Nigeria,gb:NGA:ADM2,2022,59680162B17555212909244,Ido-Osi,Local Government Areas,ADM2,NGA,,Polygon,True,1,True,774,framework:province:ekiti:1dc223e0cd0e,framework:province:ekiti:1dc223e0cd0e,"['framework:province:ekiti:1dc223e0cd0e', 'framework:area:nigeria:13573928575a', 'framework:region:west-tropical-africa:ba6e06497098', 'framework:subcontinent:western-africa:6280a2b17f17', 'framework:continent:africa:d14fc0b285b2']",5,['Ekiti'],supported,ekiti,Ekiti,['Ekiti'],parent label matches normalized baseline,['NG013008'],unique normalized current name/explicit alias,"[{'current_name': 'Ido-Osi', 'current_pcode': 'NG013008', 'current_parent': 'Ekiti', 'parent_pcode': 'NG013', 'valid_on': '2019-04-17', 'area_km2': 230.93417967, 'component_count': 1, 'WCA_point_count_by_code': 0, 'WCA_point_count_name_parent_candidate': 18, 'WCA_crosswalk_method': 'normalized ADM2+ADM1 labels; code-vintage mismatch candidate', 'WCA_points_inside_current_geometry': 18, 'WCA_same_code_points_outside_geometry': 0, 'Senegal_2017_OCHA_points_by_code': 0, 'Senegal_2017_points_inside_current_geometry': 0, 'admin_capital_records': 1, 'admin_capital_match_method': 'normalized ADM2+ADM1 name candidate; source-code vintage differs', 'admin_capital_exact_code_records': 0, 'admin_capital_name_parent_candidate_records': 1}]",4,"{'current_name': 'Ido-Osi', 'current_pcode': 'NG013008', 'intersection_km2': 188.482017, 'legacy_coverage_pct': 82.59913, 'screen_only': True}",0,18,0,0,"[{'name': 'Osi Ekiti', 'coordinates_lon_lat': [5.158324, 7.788256], 'adm_p_lvl': 2, 'admin2_name': 'Ido-Osi', 'admin2_pcode': 'NG1308', 'admin1_name': 'Ekiti', 'admin1_pcode': 'NG13', 'valid_on': '2019-04-17', 'match_method': 'normalized ADM2+ADM1 name candidate; source-code vintage differs', 'capital_point_in_candidate_geometry': True}]",insufficient-evidence,['physical land/island completeness and current settlement completeness remain unverified'],Pinned source role 'Local Government Areas' is independently represented as COD-AB ADM2 for these features; source role and administrative level alone do not certify tier purpose or physical extent.,"Source name/code, administration and settlement screens remain separate. No political title, full settlement population, complete land/island footprint, or region approval is inferred."
gb:NGA:ADM2:59680162B18196869714953,Anambra East,Nigeria,gb:NGA:ADM2,2022,59680162B18196869714953,Anambra East,Local Government Areas,ADM2,NGA,,Polygon,True,1,True,774,framework:province:anambra:60457f483104,framework:province:anambra:60457f483104,"['framework:province:anambra:60457f483104', 'framework:area:nigeria:13573928575a', 'framework:region:west-tropical-africa:ba6e06497098', 'framework:subcontinent:western-africa:6280a2b17f17', 'framework:continent:africa:d14fc0b285b2']",5,['Anambra'],supported,anambra,Anambra,['Anambra'],parent label matches normalized baseline,['NG004002'],unique normalized current name/explicit alias,"[{'current_name': 'Anambra East', 'current_pcode': 'NG004002', 'current_parent': 'Anambra', 'parent_pcode': 'NG004', 'valid_on': '2019-04-17', 'area_km2': 258.82737297, 'component_count': 1, 'WCA_point_count_by_code': 0, 'WCA_point_count_name_parent_candidate': 25, 'WCA_crosswalk_method': 'normalized ADM2+ADM1 labels; code-vintage mismatch candidate', 'WCA_points_inside_current_geometry': 25, 'WCA_same_code_points_outside_geometry': 0, 'Senegal_2017_OCHA_points_by_code': 0, 'Senegal_2017_points_inside_current_geometry': 0, 'admin_capital_records': 1, 'admin_capital_match_method': 'normalized ADM2+ADM1 name candidate; source-code vintage differs', 'admin_capital_exact_code_records': 0, 'admin_capital_name_parent_candidate_records': 1}]",7,"{'current_name': 'Anambra West', 'current_pcode': 'NG004003', 'intersection_km2': 324.076148, 'legacy_coverage_pct': 52.99834, 'screen_only': True}",0,25,0,0,"[{'name': 'Aguleri', 'coordinates_lon_lat': [6.890214, 6.322409], 'adm_p_lvl': 2, 'admin2_name': 'Anambra East', 'admin2_pcode': 'NG0402', 'admin1_name': 'Anambra', 'admin1_pcode': 'NG04', 'valid_on': '2019-04-17', 'match_method': 'normalized ADM2+ADM1 name candidate; source-code vintage differs', 'capital_point_in_candidate_geometry': True}]",insufficient-evidence,['physical land/island completeness and current settlement completeness remain unverified'],Pinned source role 'Local Government Areas' is independently represented as COD-AB ADM2 for these features; source role and administrative level alone do not certify tier purpose or physical extent.,"Source name/code, administration and settlement screens remain separate. No political title, full settlement population, complete land/island footprint, or region approval is inferred."
gb:NGA:ADM2:59680162B18488232241930,Awka North,Nigeria,gb:NGA:ADM2,2022,59680162B18488232241930,Awka North,Local Government Areas,ADM2,NGA,,Polygon,True,1,True,774,framework:province:anambra:60457f483104,framework:province:anambra:60457f483104,"['framework:province:anambra:60457f483104', 'framework:area:nigeria:13573928575a', 'framework:region:west-tropical-africa:ba6e06497098', 'framework:subcontinent:western-africa:6280a2b17f17', 'framework:continent:africa:d14fc0b285b2']",5,['Anambra'],supported,anambra,Anambra,['Anambra'],parent label matches normalized baseline,['NG004005'],unique normalized current name/explicit alias,"[{'current_name': 'Awka North', 'current_pcode': 'NG004005', 'current_parent': 'Anambra', 'parent_pcode': 'NG004', 'valid_on': '2019-04-17', 'area_km2': 345.40147309, 'component_count': 1, 'WCA_point_count_by_code': 0, 'WCA_point_count_name_parent_candidate': 25, 'WCA_crosswalk_method': 'normalized ADM2+ADM1 labels; code-vintage mismatch candidate', 'WCA_points_inside_current_geometry': 25, 'WCA_same_code_points_outside_geometry': 0, 'Senegal_2017_OCHA_points_by_code': 0, 'Senegal_2017_points_inside_current_geometry': 0, 'admin_capital_records': 1, 'admin_capital_match_method': 'normalized ADM2+ADM1 name candidate; source-code vintage differs', 'admin_capital_exact_code_records': 0, 'admin_capital_name_parent_candidate_records': 1}]",8,"{'current_name': 'Awka North', 'current_pcode': 'NG004005', 'intersection_km2': 337.528971, 'legacy_coverage_pct': 90.59339, 'screen_only': True}",0,25,0,0,"[{'name': 'Achalla', 'coordinates_lon_lat': [6.989788, 6.334484], 'adm_p_lvl': 2, 'admin2_name': 'Awka North', 'admin2_pcode': 'NG0405', 'admin1_name': 'Anambra', 'admin1_pcode': 'NG04', 'valid_on': '2019-04-17', 'match_method': 'normalized ADM2+ADM1 name candidate; source-code vintage differs', 'capital_point_in_candidate_geometry': True}]",insufficient-evidence,['physical land/island completeness and current settlement completeness remain unverified'],Pinned source role 'Local Government Areas' is independently represented as COD-AB ADM2 for these features; source role and administrative level alone do not certify tier purpose or physical extent.,"Source name/code, administration and settlement screens remain separate. No political title, full settlement population, complete land/island footprint, or region approval is inferred."
gb:NGA:ADM2:59680162B1935816053049,Ofu,Nigeria,gb:NGA:ADM2,2022,59680162B1935816053049,Ofu,Local Government Areas,ADM2,NGA,,Polygon,True,1,True,774,framework:province:kogi:2143f75eb90a,framework:province:kogi:2143f75eb90a,"['framework:province:kogi:2143f75eb90a', 'framework:area:nigeria:13573928575a', 'framework:region:west-tropical-africa:ba6e06497098', 'framework:subcontinent:western-africa:6280a2b17f17', 'framework:continent:africa:d14fc0b285b2']",5,['Kogi'],supported,kogi,Kogi,['Kogi'],parent label matches normalized baseline,['NG023014'],unique normalized current name/explicit alias,"[{'current_name': 'Ofu', 'current_pcode': 'NG023014', 'current_parent': 'Kogi', 'parent_pcode': 'NG023', 'valid_on': '2019-04-17', 'area_km2': 1715.42197407, 'component_count': 1, 'WCA_point_count_by_code': 0, 'WCA_point_count_name_parent_candidate': 47, 'WCA_crosswalk_method': 'normalized ADM2+ADM1 labels; code-vintage mismatch candidate', 'WCA_points_inside_current_geometry': 47, 'WCA_same_code_points_outside_geometry': 0, 'Senegal_2017_OCHA_points_by_code': 0, 'Senegal_2017_points_inside_current_geometry': 0, 'admin_capital_records': 1, 'admin_capital_match_method': 'normalized ADM2+ADM1 name candidate; source-code vintage differs', 'admin_capital_exact_code_records': 0, 'admin_capital_name_parent_candidate_records': 1}]",7,"{'current_name': 'Ofu', 'current_pcode': 'NG023014', 'intersection_km2': 1516.142136, 'legacy_coverage_pct': 97.56378, 'screen_only': True}",0,47,0,0,"[{'name': 'Gwalawo', 'coordinates_lon_lat': [6.9256, 7.2357], 'adm_p_lvl': 2, 'admin2_name': 'Ofu', 'admin2_pcode': 'NG2314', 'admin1_name': 'Kogi', 'admin1_pcode': 'NG23', 'valid_on': '2019-04-17', 'match_method': 'normalized ADM2+ADM1 name candidate; source-code vintage differs', 'capital_point_in_candidate_geometry': True}]",insufficient-evidence,['physical land/island completeness and current settlement completeness remain unverified'],Pinned source role 'Local Government Areas' is independently represented as COD-AB ADM2 for these features; source role and administrative level alone do not certify tier purpose or physical extent.,"Source name/code, administration and settlement screens remain separate. No political title, full settlement population, complete land/island footprint, or region approval is inferred."
gb:NGA:ADM2:59680162B2017456399117,Obowo,Nigeria,gb:NGA:ADM2,2022,59680162B2017456399117,Obowo,Local Government Areas,ADM2,NGA,,Polygon,True,1,True,774,framework:province:imo:a94708264d83,framework:province:imo:a94708264d83,"['framework:province:imo:a94708264d83', 'framework:area:nigeria:13573928575a', 'framework:region:west-tropical-africa:ba6e06497098', 'framework:subcontinent:western-africa:6280a2b17f17', 'framework:continent:africa:d14fc0b285b2']",5,['Imo'],supported,imo,Imo,['Imo'],parent label matches normalized baseline,['NG017016'],unique normalized current name/explicit alias,"[{'current_name': 'Obowo', 'current_pcode': 'NG017016', 'current_parent': 'Imo', 'parent_pcode': 'NG017', 'valid_on': '2019-04-17', 'area_km2': 86.4244058, 'component_count': 1, 'WCA_point_count_by_code': 0, 'WCA_point_count_name_parent_candidate': 11, 'WCA_crosswalk_method': 'normalized ADM2+ADM1 labels; code-vintage mismatch candidate', 'WCA_points_inside_current_geometry': 11, 'WCA_same_code_points_outside_geometry': 0, 'Senegal_2017_OCHA_points_by_code': 0, 'Senegal_2017_points_inside_current_geometry': 0, 'admin_capital_records': 0, 'admin_capital_match_method': 'no capital record candidate', 'admin_capital_exact_code_records': 0, 'admin_capital_name_parent_candidate_records': 0}]",6,"{'current_name': 'Obowo', 'current_pcode': 'NG017016', 'intersection_km2': 73.419768, 'legacy_coverage_pct': 89.48087, 'screen_only': True}",0,11,0,0,[],insufficient-evidence,['physical land/island completeness and current settlement completeness remain unverified'],Pinned source role 'Local Government Areas' is independently represented as COD-AB ADM2 for these features; source role and administrative level alone do not certify tier purpose or physical extent.,"Source name/code, administration and settlement screens remain separate. No political title, full settlement population, complete land/island footprint, or region approval is inferred."
gb:NGA:ADM2:59680162B20432910054227,Goronyo,Nigeria,gb:NGA:ADM2,2022,59680162B20432910054227,Goronyo,Local Government Areas,ADM2,NGA,,Polygon,True,1,True,774,framework:province:sokoto:38a75936a981,framework:province:sokoto:38a75936a981,"['framework:province:sokoto:38a75936a981', 'framework:area:nigeria:13573928575a', 'framework:region:west-tropical-africa:ba6e06497098', 'framework:subcontinent:western-africa:6280a2b17f17', 'framework:continent:africa:d14fc0b285b2']",5,['Sokoto'],supported,sokoto,Sokoto,['Sokoto'],parent label matches normalized baseline,['NG034006'],unique normalized current name/explicit alias,"[{'current_name': 'Goronyo', 'current_pcode': 'NG034006', 'current_parent': 'Sokoto', 'parent_pcode': 'NG034', 'valid_on': '2019-04-17', 'area_km2': 1708.91802575, 'component_count': 1, 'WCA_point_count_by_code': 0, 'WCA_point_count_name_parent_candidate': 158, 'WCA_crosswalk_method': 'normalized ADM2+ADM1 labels; code-vintage mismatch candidate', 'WCA_points_inside_current_geometry': 158, 'WCA_same_code_points_outside_geometry': 0, 'Senegal_2017_OCHA_points_by_code': 0, 'Senegal_2017_points_inside_current_geometry': 0, 'admin_capital_records': 1, 'admin_capital_match_method': 'normalized ADM2+ADM1 name candidate; source-code vintage differs', 'admin_capital_exact_code_records': 0, 'admin_capital_name_parent_candidate_records': 1}]",7,"{'current_name': 'Goronyo', 'current_pcode': 'NG034006', 'intersection_km2': 1634.714302, 'legacy_coverage_pct': 81.22772, 'screen_only': True}",0,158,0,0,"[{'name': 'Goronyo', 'coordinates_lon_lat': [5.676319, 13.44232], 'adm_p_lvl': 2, 'admin2_name': 'Goronyo', 'admin2_pcode': 'NG3406', 'admin1_name': 'Sokoto', 'admin1_pcode': 'NG34', 'valid_on': '2019-04-17', 'match_method': 'normalized ADM2+ADM1 name candidate; source-code vintage differs', 'capital_point_in_candidate_geometry': True}]",insufficient-evidence,['physical land/island completeness and current settlement completeness remain unverified'],Pinned source role 'Local Government Areas' is independently represented as COD-AB ADM2 for these features; source role and administrative level alone do not certify tier purpose or physical extent.,"Source name/code, administration and settlement screens remain separate. No political title, full settlement population, complete land/island footprint, or region approval is inferred."
gb:NGA:ADM2:59680162B21010588258079,Tambuwal,Nigeria,gb:NGA:ADM2,2022,59680162B21010588258079,Tambuwal,Local Government Areas,ADM2,NGA,,Polygon,True,1,True,774,framework:province:sokoto:38a75936a981,framework:province:sokoto:38a75936a981,"['framework:province:sokoto:38a75936a981', 'framework:area:nigeria:13573928575a', 'framework:region:west-tropical-africa:ba6e06497098', 'framework:subcontinent:western-africa:6280a2b17f17', 'framework:continent:africa:d14fc0b285b2']",5,['Sokoto'],supported,sokoto,Sokoto,['Sokoto'],parent label matches normalized baseline,['NG034018'],unique normalized current name/explicit alias,"[{'current_name': 'Tambuwal', 'current_pcode': 'NG034018', 'current_parent': 'Sokoto', 'parent_pcode': 'NG034', 'valid_on': '2019-04-17', 'area_km2': 1839.06293017, 'component_count': 1, 'WCA_point_count_by_code': 0, 'WCA_point_count_name_parent_candidate': 146, 'WCA_crosswalk_method': 'normalized ADM2+ADM1 labels; code-vintage mismatch candidate', 'WCA_points_inside_current_geometry': 146, 'WCA_same_code_points_outside_geometry': 0, 'Senegal_2017_OCHA_points_by_code': 0, 'Senegal_2017_points_inside_current_geometry': 0, 'admin_capital_records': 1, 'admin_capital_match_method': 'normalized ADM2+ADM1 name candidate; source-code vintage differs', 'admin_capital_exact_code_records': 0, 'admin_capital_name_parent_candidate_records': 1}]",10,"{'current_name': 'Tambuwal', 'current_pcode': 'NG034018', 'intersection_km2': 1619.408106, 'legacy_coverage_pct': 87.81529, 'screen_only': True}",0,146,0,0,"[{'name': 'Tambuwal', 'coordinates_lon_lat': [4.64692, 12.403858], 'adm_p_lvl': 2, 'admin2_name': 'Tambuwal', 'admin2_pcode': 'NG3418', 'admin1_name': 'Sokoto', 'admin1_pcode': 'NG34', 'valid_on': '2019-04-17', 'match_method': 'normalized ADM2+ADM1 name candidate; source-code vintage differs', 'capital_point_in_candidate_geometry': True}]",insufficient-evidence,['physical land/island completeness and current settlement completeness remain unverified'],Pinned source role 'Local Government Areas' is independently represented as COD-AB ADM2 for these features; source role and administrative level alone do not certify tier purpose or physical extent.,"Source name/code, administration and settlement screens remain separate. No political title, full settlement population, complete land/island footprint, or region approval is inferred."
gb:NGA:ADM2:59680162B21053239387442,Warri South,Nigeria,gb:NGA:ADM2,2022,59680162B21053239387442,Warri South,Local Government Areas,ADM2,NGA,,Polygon,True,1,True,774,framework:province:delta:c9181c18b197,framework:province:delta:c9181c18b197,"['framework:province:delta:c9181c18b197', 'framework:area:nigeria:13573928575a', 'framework:region:west-tropical-africa:ba6e06497098', 'framework:subcontinent:western-africa:6280a2b17f17', 'framework:continent:africa:d14fc0b285b2']",5,['Delta'],supported,delta,Delta,['Delta'],parent label matches normalized baseline,['NG010024'],unique normalized current name/explicit alias,"[{'current_name': 'Warri South', 'current_pcode': 'NG010024', 'current_parent': 'Delta', 'parent_pcode': 'NG010', 'valid_on': '2019-04-17', 'area_km2': 585.72480761, 'component_count': 1, 'WCA_point_count_by_code': 0, 'WCA_point_count_name_parent_candidate': 82, 'WCA_crosswalk_method': 'normalized ADM2+ADM1 labels; code-vintage mismatch candidate', 'WCA_points_inside_current_geometry': 82, 'WCA_same_code_points_outside_geometry': 0, 'Senegal_2017_OCHA_points_by_code': 0, 'Senegal_2017_points_inside_current_geometry': 0, 'admin_capital_records': 1, 'admin_capital_match_method': 'normalized ADM2+ADM1 name candidate; source-code vintage differs', 'admin_capital_exact_code_records': 0, 'admin_capital_name_parent_candidate_records': 1}]",6,"{'current_name': 'Warri South', 'current_pcode': 'NG010024', 'intersection_km2': 483.33063, 'legacy_coverage_pct': 88.8105, 'screen_only': True}",0,82,0,0,"[{'name': 'Warri', 'coordinates_lon_lat': [5.75, 5.516667], 'adm_p_lvl': 2, 'admin2_name': 'Warri South', 'admin2_pcode': 'NG1024', 'admin1_name': 'Delta', 'admin1_pcode': 'NG10', 'valid_on': '2019-04-17', 'match_method': 'normalized ADM2+ADM1 name candidate; source-code vintage differs', 'capital_point_in_candidate_geometry': True}]",insufficient-evidence,['physical land/island completeness and current settlement completeness remain unverified'],Pinned source role 'Local Government Areas' is independently represented as COD-AB ADM2 for these features; source role and administrative level alone do not certify tier purpose or physical extent.,"Source name/code, administration and settlement screens remain separate. No political title, full settlement population, complete land/island footprint, or region approval is inferred."
gb:NGA:ADM2:59680162B21067903036313,Patani,Nigeria,gb:NGA:ADM2,2022,59680162B21067903036313,Patani,Local Government Areas,ADM2,NGA,,MultiPolygon,True,2,True,774,framework:province:delta:c9181c18b197,framework:province:delta:c9181c18b197,"['framework:province:delta:c9181c18b197', 'framework:area:nigeria:13573928575a', 'framework:region:west-tropical-africa:ba6e06497098', 'framework:subcontinent:western-africa:6280a2b17f17', 'framework:continent:africa:d14fc0b285b2']",5,['Delta'],supported,delta,Delta,['Delta'],parent label matches normalized baseline,['NG010016'],unique normalized current name/explicit alias,"[{'current_name': 'Patani', 'current_pcode': 'NG010016', 'current_parent': 'Delta', 'parent_pcode': 'NG010', 'valid_on': '2019-04-17', 'area_km2': 226.05511835, 'component_count': 1, 'WCA_point_count_by_code': 0, 'WCA_point_count_name_parent_candidate': 99, 'WCA_crosswalk_method': 'normalized ADM2+ADM1 labels; code-vintage mismatch candidate', 'WCA_points_inside_current_geometry': 99, 'WCA_same_code_points_outside_geometry': 0, 'Senegal_2017_OCHA_points_by_code': 0, 'Senegal_2017_points_inside_current_geometry': 0, 'admin_capital_records': 1, 'admin_capital_match_method': 'normalized ADM2+ADM1 name candidate; source-code vintage differs', 'admin_capital_exact_code_records': 0, 'admin_capital_name_parent_candidate_records': 1}]",6,"{'current_name': 'Patani', 'current_pcode': 'NG010016', 'intersection_km2': 220.270756, 'legacy_coverage_pct': 95.8786, 'screen_only': True}",0,99,0,0,"[{'name': 'Patani', 'coordinates_lon_lat': [6.192382, 5.227239], 'adm_p_lvl': 2, 'admin2_name': 'Patani', 'admin2_pcode': 'NG1016', 'admin1_name': 'Delta', 'admin1_pcode': 'NG10', 'valid_on': '2019-04-17', 'match_method': 'normalized ADM2+ADM1 name candidate; source-code vintage differs', 'capital_point_in_candidate_geometry': True}]",insufficient-evidence,['physical land/island completeness and current settlement completeness remain unverified'],Pinned source role 'Local Government Areas' is independently represented as COD-AB ADM2 for these features; source role and administrative level alone do not certify tier purpose or physical extent.,"Source name/code, administration and settlement screens remain separate. No political title, full settlement population, complete land/island footprint, or region approval is inferred."
gb:NGA:ADM2:59680162B21365932465956,Ukwuani,Nigeria,gb:NGA:ADM2,2022,59680162B21365932465956,Ukwuani,Local Government Areas,ADM2,NGA,,Polygon,True,1,True,774,framework:province:delta:c9181c18b197,framework:province:delta:c9181c18b197,"['framework:province:delta:c9181c18b197', 'framework:area:nigeria:13573928575a', 'framework:region:west-tropical-africa:ba6e06497098', 'framework:subcontinent:western-africa:6280a2b17f17', 'framework:continent:africa:d14fc0b285b2']",5,['Delta'],supported,delta,Delta,['Delta'],parent label matches normalized baseline,['NG010021'],unique normalized current name/explicit alias,"[{'current_name': 'Ukwuani', 'current_pcode': 'NG010021', 'current_parent': 'Delta', 'parent_pcode': 'NG010', 'valid_on': '2019-04-17', 'area_km2': 408.72461039, 'component_count': 1, 'WCA_point_count_by_code': 0, 'WCA_point_count_name_parent_candidate': 19, 'WCA_crosswalk_method': 'normalized ADM2+ADM1 labels; code-vintage mismatch candidate', 'WCA_points_inside_current_geometry': 19, 'WCA_same_code_points_outside_geometry': 0, 'Senegal_2017_OCHA_points_by_code': 0, 'Senegal_2017_points_inside_current_geometry': 0, 'admin_capital_records': 1, 'admin_capital_match_method': 'normalized ADM2+ADM1 name candidate; source-code vintage differs', 'admin_capital_exact_code_records': 0, 'admin_capital_name_parent_candidate_records': 1}]",5,"{'current_name': 'Ukwuani', 'current_pcode': 'NG010021', 'intersection_km2': 396.712548, 'legacy_coverage_pct': 98.22464, 'screen_only': True}",0,19,0,0,"[{'name': 'Obiaruku', 'coordinates_lon_lat': [6.152566, 5.846712], 'adm_p_lvl': 2, 'admin2_name': 'Ukwuani', 'admin2_pcode': 'NG1021', 'admin1_name': 'Delta', 'admin1_pcode': 'NG10', 'valid_on': '2019-04-17', 'match_method': 'normalized ADM2+ADM1 name candidate; source-code vintage differs', 'capital_point_in_candidate_geometry': True}]",insufficient-evidence,['physical land/island completeness and current settlement completeness remain unverified'],Pinned source role 'Local Government Areas' is independently represented as COD-AB ADM2 for these features; source role and administrative level alone do not certify tier purpose or physical extent.,"Source name/code, administration and settlement screens remain separate. No political title, full settlement population, complete land/island footprint, or region approval is inferred."
gb:NGA:ADM2:59680162B21498960785654,Orlu,Nigeria,gb:NGA:ADM2,2022,59680162B21498960785654,Orlu,Local Government Areas,ADM2,NGA,,Polygon,True,1,True,774,framework:province:imo:a94708264d83,framework:province:imo:a94708264d83,"['framework:province:imo:a94708264d83', 'framework:area:nigeria:13573928575a', 'framework:region:west-tropical-africa:ba6e06497098', 'framework:subcontinent:western-africa:6280a2b17f17', 'framework:continent:africa:d14fc0b285b2']",5,['Imo'],supported,imo,Imo,['Imo'],parent label matches normalized baseline,['NG017020'],unique normalized current name/explicit alias,"[{'current_name': 'Orlu', 'current_pcode': 'NG017020', 'current_parent': 'Imo', 'parent_pcode': 'NG017', 'valid_on': '2019-04-17', 'area_km2': 122.71313296, 'component_count': 1, 'WCA_point_count_by_code': 0, 'WCA_point_count_name_parent_candidate': 11, 'WCA_crosswalk_method': 'normalized ADM2+ADM1 labels; code-vintage mismatch candidate', 'WCA_points_inside_current_geometry': 11, 'WCA_same_code_points_outside_geometry': 0, 'Senegal_2017_OCHA_points_by_code': 0, 'Senegal_2017_points_inside_current_geometry': 0, 'admin_capital_records': 1, 'admin_capital_match_method': 'normalized ADM2+ADM1 name candidate; source-code vintage differs', 'admin_capital_exact_code_records': 0, 'admin_capital_name_parent_candidate_records': 1}]",6,"{'current_name': 'Orlu', 'current_pcode': 'NG017020', 'intersection_km2': 99.535896, 'legacy_coverage_pct': 76.66544, 'screen_only': True}",0,11,0,0,"[{'name': 'Orlu', 'coordinates_lon_lat': [7.034947, 5.794635], 'adm_p_lvl': 2, 'admin2_name': 'Orlu', 'admin2_pcode': 'NG1720', 'admin1_name': 'Imo', 'admin1_pcode': 'NG17', 'valid_on': '2019-04-17', 'match_method': 'normalized ADM2+ADM1 name candidate; source-code vintage differs', 'capital_point_in_candidate_geometry': True}]",insufficient-evidence,['physical land/island completeness and current settlement completeness remain unverified'],Pinned source role 'Local Government Areas' is independently represented as COD-AB ADM2 for these features; source role and administrative level alone do not certify tier purpose or physical extent.,"Source name/code, administration and settlement screens remain separate. No political title, full settlement population, complete land/island footprint, or region approval is inferred."
gb:NGA:ADM2:59680162B22876202690460,Ekeremor,Nigeria,gb:NGA:ADM2,2022,59680162B22876202690460,Ekeremor,Local Government Areas,ADM2,NGA,,Polygon,True,1,True,774,framework:province:bayelsa:363005de2f54,framework:province:bayelsa:363005de2f54,"['framework:province:bayelsa:363005de2f54', 'framework:area:nigeria:13573928575a', 'framework:region:west-tropical-africa:ba6e06497098', 'framework:subcontinent:western-africa:6280a2b17f17', 'framework:continent:africa:d14fc0b285b2']",5,['Bayelsa'],supported,bayelsa,Bayelsa,['Bayelsa'],parent label matches normalized baseline,['NG006002'],unique normalized current name/explicit alias,"[{'current_name': 'Ekeremor', 'current_pcode': 'NG006002', 'current_parent': 'Bayelsa', 'parent_pcode': 'NG006', 'valid_on': '2019-04-17', 'area_km2': 1815.49232015, 'component_count': 1, 'WCA_point_count_by_code': 0, 'WCA_point_count_name_parent_candidate': 275, 'WCA_crosswalk_method': 'normalized ADM2+ADM1 labels; code-vintage mismatch candidate', 'WCA_points_inside_current_geometry': 275, 'WCA_same_code_points_outside_geometry': 0, 'Senegal_2017_OCHA_points_by_code': 0, 'Senegal_2017_points_inside_current_geometry': 0, 'admin_capital_records': 1, 'admin_capital_match_method': 'normalized ADM2+ADM1 name candidate; source-code vintage differs', 'admin_capital_exact_code_records': 0, 'admin_capital_name_parent_candidate_records': 1}]",5,"{'current_name': 'Ekeremor', 'current_pcode': 'NG006002', 'intersection_km2': 1808.361656, 'legacy_coverage_pct': 98.5257, 'screen_only': True}",0,275,0,0,"[{'name': 'Ekeremor', 'coordinates_lon_lat': [5.780063, 5.055631], 'adm_p_lvl': 2, 'admin2_name': 'Ekeremor', 'admin2_pcode': 'NG0602', 'admin1_name': 'Bayelsa', 'admin1_pcode': 'NG06', 'valid_on': '2019-04-17', 'match_method': 'normalized ADM2+ADM1 name candidate; source-code vintage differs', 'capital_point_in_candidate_geometry': True}]",insufficient-evidence,['physical land/island completeness and current settlement completeness remain unverified'],Pinned source role 'Local Government Areas' is independently represented as COD-AB ADM2 for these features; source role and administrative level alone do not certify tier purpose or physical extent.,"Source name/code, administration and settlement screens remain separate. No political title, full settlement population, complete land/island footprint, or region approval is inferred."
gb:NGA:ADM2:59680162B23155718085687,Mokwa,Nigeria,gb:NGA:ADM2,2022,59680162B23155718085687,Mokwa,Local Government Areas,ADM2,NGA,,Polygon,True,1,True,774,framework:province:niger:76d278c157e8,framework:province:niger:76d278c157e8,"['framework:province:niger:76d278c157e8', 'framework:area:nigeria:13573928575a', 'framework:region:west-tropical-africa:ba6e06497098', 'framework:subcontinent:western-africa:6280a2b17f17', 'framework:continent:africa:d14fc0b285b2']",5,['Niger'],supported,niger,Niger,['Niger'],parent label matches normalized baseline,['NG027017'],unique normalized current name/explicit alias,"[{'current_name': 'Mokwa', 'current_pcode': 'NG027017', 'current_parent': 'Niger', 'parent_pcode': 'NG027', 'valid_on': '2019-04-17', 'area_km2': 5301.00603435, 'component_count': 1, 'WCA_point_count_by_code': 0, 'WCA_point_count_name_parent_candidate': 143, 'WCA_crosswalk_method': 'normalized ADM2+ADM1 labels; code-vintage mismatch candidate', 'WCA_points_inside_current_geometry': 143, 'WCA_same_code_points_outside_geometry': 0, 'Senegal_2017_OCHA_points_by_code': 0, 'Senegal_2017_points_inside_current_geometry': 0, 'admin_capital_records': 1, 'admin_capital_match_method': 'normalized ADM2+ADM1 name candidate; source-code vintage differs', 'admin_capital_exact_code_records': 0, 'admin_capital_name_parent_candidate_records': 1}]",9,"{'current_name': 'Mokwa', 'current_pcode': 'NG027017', 'intersection_km2': 3644.020554, 'legacy_coverage_pct': 93.75779, 'screen_only': True}",0,143,0,0,"[{'name': 'Mokwa', 'coordinates_lon_lat': [5.05, 9.283333], 'adm_p_lvl': 2, 'admin2_name': 'Mokwa', 'admin2_pcode': 'NG2717', 'admin1_name': 'Niger', 'admin1_pcode': 'NG27', 'valid_on': '2019-04-17', 'match_method': 'normalized ADM2+ADM1 name candidate; source-code vintage differs', 'capital_point_in_candidate_geometry': True}]",insufficient-evidence,['physical land/island completeness and current settlement completeness remain unverified'],Pinned source role 'Local Government Areas' is independently represented as COD-AB ADM2 for these features; source role and administrative level alone do not certify tier purpose or physical extent.,"Source name/code, administration and settlement screens remain separate. No political title, full settlement population, complete land/island footprint, or region approval is inferred."
gb:NGA:ADM2:59680162B23369049466603,Ideato South,Nigeria,gb:NGA:ADM2,2022,59680162B23369049466603,Ideato South,Local Government Areas,ADM2,NGA,,MultiPolygon,True,2,True,774,framework:province:imo:a94708264d83,framework:province:imo:a94708264d83,"['framework:province:imo:a94708264d83', 'framework:area:nigeria:13573928575a', 'framework:region:west-tropical-africa:ba6e06497098', 'framework:subcontinent:western-africa:6280a2b17f17', 'framework:continent:africa:d14fc0b285b2']",5,['Imo'],supported,imo,Imo,['Imo'],parent label matches normalized baseline,['NG017006'],unique normalized current name/explicit alias,"[{'current_name': 'Ideato South', 'current_pcode': 'NG017006', 'current_parent': 'Imo', 'parent_pcode': 'NG017', 'valid_on': '2019-04-17', 'area_km2': 104.1558745, 'component_count': 1, 'WCA_point_count_by_code': 0, 'WCA_point_count_name_parent_candidate': 8, 'WCA_crosswalk_method': 'normalized ADM2+ADM1 labels; code-vintage mismatch candidate', 'WCA_points_inside_current_geometry': 8, 'WCA_same_code_points_outside_geometry': 0, 'Senegal_2017_OCHA_points_by_code': 0, 'Senegal_2017_points_inside_current_geometry': 0, 'admin_capital_records': 1, 'admin_capital_match_method': 'normalized ADM2+ADM1 name candidate; source-code vintage differs', 'admin_capital_exact_code_records': 0, 'admin_capital_name_parent_candidate_records': 1}]",7,"{'current_name': 'Ideato South', 'current_pcode': 'NG017006', 'intersection_km2': 58.75757, 'legacy_coverage_pct': 62.71757, 'screen_only': True}",0,8,0,0,"[{'name': 'Dikenafai', 'coordinates_lon_lat': [7.153128, 5.767071], 'adm_p_lvl': 2, 'admin2_name': 'Ideato South', 'admin2_pcode': 'NG1706', 'admin1_name': 'Imo', 'admin1_pcode': 'NG17', 'valid_on': '2019-04-17', 'match_method': 'normalized ADM2+ADM1 name candidate; source-code vintage differs', 'capital_point_in_candidate_geometry': True}]",insufficient-evidence,['physical land/island completeness and current settlement completeness remain unverified'],Pinned source role 'Local Government Areas' is independently represented as COD-AB ADM2 for these features; source role and administrative level alone do not certify tier purpose or physical extent.,"Source name/code, administration and settlement screens remain separate. No political title, full settlement population, complete land/island footprint, or region approval is inferred."
gb:NGA:ADM2:59680162B2351853936587,Ideato North,Nigeria,gb:NGA:ADM2,2022,59680162B2351853936587,Ideato North,Local Government Areas,ADM2,NGA,,Polygon,True,1,True,774,framework:province:imo:a94708264d83,framework:province:imo:a94708264d83,"['framework:province:imo:a94708264d83', 'framework:area:nigeria:13573928575a', 'framework:region:west-tropical-africa:ba6e06497098', 'framework:subcontinent:western-africa:6280a2b17f17', 'framework:continent:africa:d14fc0b285b2']",5,['Imo'],supported,imo,Imo,['Imo'],parent label matches normalized baseline,['NG017005'],unique normalized current name/explicit alias,"[{'current_name': 'Ideato North', 'current_pcode': 'NG017005', 'current_parent': 'Imo', 'parent_pcode': 'NG017', 'valid_on': '2019-04-17', 'area_km2': 182.18492458, 'component_count': 1, 'WCA_point_count_by_code': 0, 'WCA_point_count_name_parent_candidate': 17, 'WCA_crosswalk_method': 'normalized ADM2+ADM1 labels; code-vintage mismatch candidate', 'WCA_points_inside_current_geometry': 17, 'WCA_same_code_points_outside_geometry': 0, 'Senegal_2017_OCHA_points_by_code': 0, 'Senegal_2017_points_inside_current_geometry': 0, 'admin_capital_records': 1, 'admin_capital_match_method': 'normalized ADM2+ADM1 name candidate; source-code vintage differs', 'admin_capital_exact_code_records': 0, 'admin_capital_name_parent_candidate_records': 1}]",8,"{'current_name': 'Ideato North', 'current_pcode': 'NG017005', 'intersection_km2': 150.96093, 'legacy_coverage_pct': 73.3692, 'screen_only': True}",0,17,0,0,"[{'name': 'Urualla', 'coordinates_lon_lat': [7.099294, 5.853128], 'adm_p_lvl': 2, 'admin2_name': 'Ideato North', 'admin2_pcode': 'NG1705', 'admin1_name': 'Imo', 'admin1_pcode': 'NG17', 'valid_on': '2019-04-17', 'match_method': 'normalized ADM2+ADM1 name candidate; source-code vintage differs', 'capital_point_in_candidate_geometry': True}]",insufficient-evidence,['physical land/island completeness and current settlement completeness remain unverified'],Pinned source role 'Local Government Areas' is independently represented as COD-AB ADM2 for these features; source role and administrative level alone do not certify tier purpose or physical extent.,"Source name/code, administration and settlement screens remain separate. No political title, full settlement population, complete land/island footprint, or region approval is inferred."
gb:NGA:ADM2:59680162B23543460253472,Degema,Nigeria,gb:NGA:ADM2,2022,59680162B23543460253472,Degema,Local Government Areas,ADM2,NGA,,Polygon,True,1,True,774,framework:province:rivers:00c506c91c8a,framework:province:rivers:00c506c91c8a,"['framework:province:rivers:00c506c91c8a', 'framework:area:nigeria:13573928575a', 'framework:region:west-tropical-africa:ba6e06497098', 'framework:subcontinent:western-africa:6280a2b17f17', 'framework:continent:africa:d14fc0b285b2']",5,['Rivers'],supported,rivers,Rivers,['Rivers'],parent label matches normalized baseline,['NG033008'],unique normalized current name/explicit alias,"[{'current_name': 'Degema', 'current_pcode': 'NG033008', 'current_parent': 'Rivers', 'parent_pcode': 'NG033', 'valid_on': '2019-04-17', 'area_km2': 986.59806295, 'component_count': 1, 'WCA_point_count_by_code': 0, 'WCA_point_count_name_parent_candidate': 152, 'WCA_crosswalk_method': 'normalized ADM2+ADM1 labels; code-vintage mismatch candidate', 'WCA_points_inside_current_geometry': 152, 'WCA_same_code_points_outside_geometry': 0, 'Senegal_2017_OCHA_points_by_code': 0, 'Senegal_2017_points_inside_current_geometry': 0, 'admin_capital_records': 1, 'admin_capital_match_method': 'normalized ADM2+ADM1 name candidate; source-code vintage differs', 'admin_capital_exact_code_records': 0, 'admin_capital_name_parent_candidate_records': 1}]",5,"{'current_name': 'Degema', 'current_pcode': 'NG033008', 'intersection_km2': 624.720803, 'legacy_coverage_pct': 94.03504, 'screen_only': True}",0,152,0,0,"[{'name': 'Degema', 'coordinates_lon_lat': [6.767693, 4.746111], 'adm_p_lvl': 2, 'admin2_name': 'Degema', 'admin2_pcode': 'NG3308', 'admin1_name': 'Rivers', 'admin1_pcode': 'NG33', 'valid_on': '2019-04-17', 'match_method': 'normalized ADM2+ADM1 name candidate; source-code vintage differs', 'capital_point_in_candidate_geometry': True}]",insufficient-evidence,['physical land/island completeness and current settlement completeness remain unverified'],Pinned source role 'Local Government Areas' is independently represented as COD-AB ADM2 for these features; source role and administrative level alone do not certify tier purpose or physical extent.,"Source name/code, administration and settlement screens remain separate. No political title, full settlement population, complete land/island footprint, or region approval is inferred."
gb:NGA:ADM2:59680162B23595872951211,Shagari,Nigeria,gb:NGA:ADM2,2022,59680162B23595872951211,Shagari,Local Government Areas,ADM2,NGA,,Polygon,True,1,True,774,framework:province:sokoto:38a75936a981,framework:province:sokoto:38a75936a981,"['framework:province:sokoto:38a75936a981', 'framework:area:nigeria:13573928575a', 'framework:region:west-tropical-africa:ba6e06497098', 'framework:subcontinent:western-africa:6280a2b17f17', 'framework:continent:africa:d14fc0b285b2']",5,['Sokoto'],supported,sokoto,Sokoto,['Sokoto'],parent label matches normalized baseline,['NG034014'],unique normalized current name/explicit alias,"[{'current_name': 'Shagari', 'current_pcode': 'NG034014', 'current_parent': 'Sokoto', 'parent_pcode': 'NG034', 'valid_on': '2019-04-17', 'area_km2': 1310.00327289, 'component_count': 1, 'WCA_point_count_by_code': 0, 'WCA_point_count_name_parent_candidate': 124, 'WCA_crosswalk_method': 'normalized ADM2+ADM1 labels; code-vintage mismatch candidate', 'WCA_points_inside_current_geometry': 124, 'WCA_same_code_points_outside_geometry': 0, 'Senegal_2017_OCHA_points_by_code': 0, 'Senegal_2017_points_inside_current_geometry': 0, 'admin_capital_records': 1, 'admin_capital_match_method': 'normalized ADM2+ADM1 name candidate; source-code vintage differs', 'admin_capital_exact_code_records': 0, 'admin_capital_name_parent_candidate_records': 1}]",6,"{'current_name': 'Shagari', 'current_pcode': 'NG034014', 'intersection_km2': 1152.855777, 'legacy_coverage_pct': 84.11679, 'screen_only': True}",0,124,0,0,"[{'name': 'Shagari', 'coordinates_lon_lat': [4.993586, 12.62746], 'adm_p_lvl': 2, 'admin2_name': 'Shagari', 'admin2_pcode': 'NG3414', 'admin1_name': 'Sokoto', 'admin1_pcode': 'NG34', 'valid_on': '2019-04-17', 'match_method': 'normalized ADM2+ADM1 name candidate; source-code vintage differs', 'capital_point_in_candidate_geometry': True}]",insufficient-evidence,['physical land/island completeness and current settlement completeness remain unverified'],Pinned source role 'Local Government Areas' is independently represented as COD-AB ADM2 for these features; source role and administrative level alone do not certify tier purpose or physical extent.,"Source name/code, administration and settlement screens remain separate. No political title, full settlement population, complete land/island footprint, or region approval is inferred."
gb:NGA:ADM2:59680162B23598949397905,Esan North-East,Nigeria,gb:NGA:ADM2,2022,59680162B23598949397905,Esan North-East,Local Government Areas,ADM2,NGA,,Polygon,True,1,True,774,framework:province:edo:837a456ad2ee,framework:province:edo:837a456ad2ee,"['framework:province:edo:837a456ad2ee', 'framework:area:nigeria:13573928575a', 'framework:region:west-tropical-africa:ba6e06497098', 'framework:subcontinent:western-africa:6280a2b17f17', 'framework:continent:africa:d14fc0b285b2']",5,['Edo'],supported,edo,Edo,['Edo'],parent label matches normalized baseline,['NG012004'],unique normalized current name/explicit alias,"[{'current_name': 'Esan North East', 'current_pcode': 'NG012004', 'current_parent': 'Edo', 'parent_pcode': 'NG012', 'valid_on': '2019-04-17', 'area_km2': 342.03617993, 'component_count': 1, 'WCA_point_count_by_code': 0, 'WCA_point_count_name_parent_candidate': 29, 'WCA_crosswalk_method': 'normalized ADM2+ADM1 labels; code-vintage mismatch candidate', 'WCA_points_inside_current_geometry': 29, 'WCA_same_code_points_outside_geometry': 0, 'Senegal_2017_OCHA_points_by_code': 0, 'Senegal_2017_points_inside_current_geometry': 0, 'admin_capital_records': 1, 'admin_capital_match_method': 'normalized ADM2+ADM1 name candidate; source-code vintage differs', 'admin_capital_exact_code_records': 0, 'admin_capital_name_parent_candidate_records': 1}]",5,"{'current_name': 'Esan North East', 'current_pcode': 'NG012004', 'intersection_km2': 328.015075, 'legacy_coverage_pct': 94.99852, 'screen_only': True}",0,29,0,0,"[{'name': 'Uromi', 'coordinates_lon_lat': [6.328434, 6.707294], 'adm_p_lvl': 2, 'admin2_name': 'Esan North East', 'admin2_pcode': 'NG1204', 'admin1_name': 'Edo', 'admin1_pcode': 'NG12', 'valid_on': '2019-04-17', 'match_method': 'normalized ADM2+ADM1 name candidate; source-code vintage differs', 'capital_point_in_candidate_geometry': True}]",insufficient-evidence,['physical land/island completeness and current settlement completeness remain unverified'],Pinned source role 'Local Government Areas' is independently represented as COD-AB ADM2 for these features; source role and administrative level alone do not certify tier purpose or physical extent.,"Source name/code, administration and settlement screens remain separate. No political title, full settlement population, complete land/island footprint, or region approval is inferred."
gb:NGA:ADM2:59680162B23949108035203,Ajaokuta,Nigeria,gb:NGA:ADM2,2022,59680162B23949108035203,Ajaokuta,Local Government Areas,ADM2,NGA,,Polygon,True,1,True,774,framework:province:kogi:2143f75eb90a,framework:province:kogi:2143f75eb90a,"['framework:province:kogi:2143f75eb90a', 'framework:area:nigeria:13573928575a', 'framework:region:west-tropical-africa:ba6e06497098', 'framework:subcontinent:western-africa:6280a2b17f17', 'framework:continent:africa:d14fc0b285b2']",5,['Kogi'],supported,kogi,Kogi,['Kogi'],parent label matches normalized baseline,['NG023002'],unique normalized current name/explicit alias,"[{'current_name': 'Ajaokuta', 'current_pcode': 'NG023002', 'current_parent': 'Kogi', 'parent_pcode': 'NG023', 'valid_on': '2019-04-17', 'area_km2': 1380.92119183, 'component_count': 1, 'WCA_point_count_by_code': 0, 'WCA_point_count_name_parent_candidate': 31, 'WCA_crosswalk_method': 'normalized ADM2+ADM1 labels; code-vintage mismatch candidate', 'WCA_points_inside_current_geometry': 31, 'WCA_same_code_points_outside_geometry': 0, 'Senegal_2017_OCHA_points_by_code': 0, 'Senegal_2017_points_inside_current_geometry': 0, 'admin_capital_records': 1, 'admin_capital_match_method': 'normalized ADM2+ADM1 name candidate; source-code vintage differs', 'admin_capital_exact_code_records': 0, 'admin_capital_name_parent_candidate_records': 1}]",8,"{'current_name': 'Ajaokuta', 'current_pcode': 'NG023002', 'intersection_km2': 1360.475357, 'legacy_coverage_pct': 83.90287, 'screen_only': True}",0,31,0,0,"[{'name': 'Ajaokuta', 'coordinates_lon_lat': [6.6947, 7.4605], 'adm_p_lvl': 2, 'admin2_name': 'Ajaokuta', 'admin2_pcode': 'NG2302', 'admin1_name': 'Kogi', 'admin1_pcode': 'NG23', 'valid_on': '2019-04-17', 'match_method': 'normalized ADM2+ADM1 name candidate; source-code vintage differs', 'capital_point_in_candidate_geometry': True}]",insufficient-evidence,['physical land/island completeness and current settlement completeness remain unverified'],Pinned source role 'Local Government Areas' is independently represented as COD-AB ADM2 for these features; source role and administrative level alone do not certify tier purpose or physical extent.,"Source name/code, administration and settlement screens remain separate. No political title, full settlement population, complete land/island footprint, or region approval is inferred."
gb:NGA:ADM2:59680162B23991224305955,Okene,Nigeria,gb:NGA:ADM2,2022,59680162B23991224305955,Okene,Local Government Areas,ADM2,NGA,,Polygon,True,1,True,774,framework:province:kogi:2143f75eb90a,framework:province:kogi:2143f75eb90a,"['framework:province:kogi:2143f75eb90a', 'framework:area:nigeria:13573928575a', 'framework:region:west-tropical-africa:ba6e06497098', 'framework:subcontinent:western-africa:6280a2b17f17', 'framework:continent:africa:d14fc0b285b2']",5,['Kogi'],supported,kogi,Kogi,['Kogi'],parent label matches normalized baseline,['NG023017'],unique normalized current name/explicit alias,"[{'current_name': 'Okene', 'current_pcode': 'NG023017', 'current_parent': 'Kogi', 'parent_pcode': 'NG023', 'valid_on': '2019-04-17', 'area_km2': 298.31935396, 'component_count': 1, 'WCA_point_count_by_code': 0, 'WCA_point_count_name_parent_candidate': 5, 'WCA_crosswalk_method': 'normalized ADM2+ADM1 labels; code-vintage mismatch candidate', 'WCA_points_inside_current_geometry': 5, 'WCA_same_code_points_outside_geometry': 0, 'Senegal_2017_OCHA_points_by_code': 0, 'Senegal_2017_points_inside_current_geometry': 0, 'admin_capital_records': 1, 'admin_capital_match_method': 'normalized ADM2+ADM1 name candidate; source-code vintage differs', 'admin_capital_exact_code_records': 0, 'admin_capital_name_parent_candidate_records': 1}]",5,"{'current_name': 'Okene', 'current_pcode': 'NG023017', 'intersection_km2': 94.661042, 'legacy_coverage_pct': 86.04135, 'screen_only': True}",0,5,0,0,"[{'name': 'Okene', 'coordinates_lon_lat': [6.2538, 7.5456], 'adm_p_lvl': 2, 'admin2_name': 'Okene', 'admin2_pcode': 'NG2317', 'admin1_name': 'Kogi', 'admin1_pcode': 'NG23', 'valid_on': '2019-04-17', 'match_method': 'normalized ADM2+ADM1 name candidate; source-code vintage differs', 'capital_point_in_candidate_geometry': True}]",insufficient-evidence,['physical land/island completeness and current settlement completeness remain unverified'],Pinned source role 'Local Government Areas' is independently represented as COD-AB ADM2 for these features; source role and administrative level alone do not certify tier purpose or physical extent.,"Source name/code, administration and settlement screens remain separate. No political title, full settlement population, complete land/island footprint, or region approval is inferred."
gb:NGA:ADM2:59680162B24502748844916,Bakura,Nigeria,gb:NGA:ADM2,2022,59680162B24502748844916,Bakura,Local Government Areas,ADM2,NGA,,Polygon,True,1,True,774,framework:province:zamfara:f060723678a4,framework:province:zamfara:f060723678a4,"['framework:province:zamfara:f060723678a4', 'framework:area:nigeria:13573928575a', 'framework:region:west-tropical-africa:ba6e06497098', 'framework:subcontinent:western-africa:6280a2b17f17', 'framework:continent:africa:d14fc0b285b2']",5,['Zamfara'],supported,zamfara,Zamfara,['Zamfara'],parent label matches normalized baseline,['NG037002'],unique normalized current name/explicit alias,"[{'current_name': 'Bakura', 'current_pcode': 'NG037002', 'current_parent': 'Zamfara', 'parent_pcode': 'NG037', 'valid_on': '2019-04-17', 'area_km2': 1501.64652054, 'component_count': 1, 'WCA_point_count_by_code': 0, 'WCA_point_count_name_parent_candidate': 17, 'WCA_crosswalk_method': 'normalized ADM2+ADM1 labels; code-vintage mismatch candidate', 'WCA_points_inside_current_geometry': 17, 'WCA_same_code_points_outside_geometry': 0, 'Senegal_2017_OCHA_points_by_code': 0, 'Senegal_2017_points_inside_current_geometry': 0, 'admin_capital_records': 1, 'admin_capital_match_method': 'normalized ADM2+ADM1 name candidate; source-code vintage differs', 'admin_capital_exact_code_records': 0, 'admin_capital_name_parent_candidate_records': 1}]",7,"{'current_name': 'Bakura', 'current_pcode': 'NG037002', 'intersection_km2': 1464.816251, 'legacy_coverage_pct': 82.2736, 'screen_only': True}",0,17,0,0,"[{'name': 'Bakura', 'coordinates_lon_lat': [5.874872, 12.710459], 'adm_p_lvl': 2, 'admin2_name': 'Bakura', 'admin2_pcode': 'NG3702', 'admin1_name': 'Zamfara', 'admin1_pcode': 'NG37', 'valid_on': '2019-04-17', 'match_method': 'normalized ADM2+ADM1 name candidate; source-code vintage differs', 'capital_point_in_candidate_geometry': True}]",insufficient-evidence,['physical land/island completeness and current settlement completeness remain unverified'],Pinned source role 'Local Government Areas' is independently represented as COD-AB ADM2 for these features; source role and administrative level alone do not certify tier purpose or physical extent.,"Source name/code, administration and settlement screens remain separate. No political title, full settlement population, complete land/island footprint, or region approval is inferred."
gb:NGA:ADM2:59680162B24636018787341,Igalamela-Odolu,Nigeria,gb:NGA:ADM2,2022,59680162B24636018787341,Igalamela-Odolu,Local Government Areas,ADM2,NGA,,Polygon,True,1,True,774,framework:province:kogi:2143f75eb90a,framework:province:kogi:2143f75eb90a,"['framework:province:kogi:2143f75eb90a', 'framework:area:nigeria:13573928575a', 'framework:region:west-tropical-africa:ba6e06497098', 'framework:subcontinent:western-africa:6280a2b17f17', 'framework:continent:africa:d14fc0b285b2']",5,['Kogi'],supported,kogi,Kogi,['Kogi'],parent label matches normalized baseline,['NG023008'],unique normalized current name/explicit alias,"[{'current_name': 'Igalamela-Odolu', 'current_pcode': 'NG023008', 'current_parent': 'Kogi', 'parent_pcode': 'NG023', 'valid_on': '2019-04-17', 'area_km2': 2114.04087332, 'component_count': 1, 'WCA_point_count_by_code': 0, 'WCA_point_count_name_parent_candidate': 81, 'WCA_crosswalk_method': 'normalized ADM2+ADM1 labels; code-vintage mismatch candidate', 'WCA_points_inside_current_geometry': 81, 'WCA_same_code_points_outside_geometry': 0, 'Senegal_2017_OCHA_points_by_code': 0, 'Senegal_2017_points_inside_current_geometry': 0, 'admin_capital_records': 1, 'admin_capital_match_method': 'normalized ADM2+ADM1 name candidate; source-code vintage differs', 'admin_capital_exact_code_records': 0, 'admin_capital_name_parent_candidate_records': 1}]",10,"{'current_name': 'Igalamela-Odolu', 'current_pcode': 'NG023008', 'intersection_km2': 2043.149039, 'legacy_coverage_pct': 98.32014, 'screen_only': True}",0,81,0,0,"[{'name': 'Ajaka', 'coordinates_lon_lat': [6.8265, 7.1711], 'adm_p_lvl': 2, 'admin2_name': 'Igalamela-Odolu', 'admin2_pcode': 'NG2308', 'admin1_name': 'Kogi', 'admin1_pcode': 'NG23', 'valid_on': '2019-04-17', 'match_method': 'normalized ADM2+ADM1 name candidate; source-code vintage differs', 'capital_point_in_candidate_geometry': True}]",insufficient-evidence,['physical land/island completeness and current settlement completeness remain unverified'],Pinned source role 'Local Government Areas' is independently represented as COD-AB ADM2 for these features; source role and administrative level alone do not certify tier purpose or physical extent.,"Source name/code, administration and settlement screens remain separate. No political title, full settlement population, complete land/island footprint, or region approval is inferred."
gb:NGA:ADM2:59680162B25214275797379,Ado-Ekiti,Nigeria,gb:NGA:ADM2,2022,59680162B25214275797379,Ado-Ekiti,Local Government Areas,ADM2,NGA,,Polygon,True,1,True,774,framework:province:ekiti:1dc223e0cd0e,framework:province:ekiti:1dc223e0cd0e,"['framework:province:ekiti:1dc223e0cd0e', 'framework:area:nigeria:13573928575a', 'framework:region:west-tropical-africa:ba6e06497098', 'framework:subcontinent:western-africa:6280a2b17f17', 'framework:continent:africa:d14fc0b285b2']",5,['Ekiti'],supported,ekiti,Ekiti,['Ekiti'],parent label matches normalized baseline,['NG013001'],unique normalized current name/explicit alias,"[{'current_name': 'Ado Ekiti', 'current_pcode': 'NG013001', 'current_parent': 'Ekiti', 'parent_pcode': 'NG013', 'valid_on': '2019-04-17', 'area_km2': 361.10623616, 'component_count': 1, 'WCA_point_count_by_code': 0, 'WCA_point_count_name_parent_candidate': 51, 'WCA_crosswalk_method': 'normalized ADM2+ADM1 labels; code-vintage mismatch candidate', 'WCA_points_inside_current_geometry': 51, 'WCA_same_code_points_outside_geometry': 0, 'Senegal_2017_OCHA_points_by_code': 0, 'Senegal_2017_points_inside_current_geometry': 0, 'admin_capital_records': 1, 'admin_capital_match_method': 'normalized ADM2+ADM1 name candidate; source-code vintage differs', 'admin_capital_exact_code_records': 0, 'admin_capital_name_parent_candidate_records': 1}]",5,"{'current_name': 'Ado Ekiti', 'current_pcode': 'NG013001', 'intersection_km2': 254.128254, 'legacy_coverage_pct': 91.49517, 'screen_only': True}",0,51,0,0,"[{'name': 'Ado-Ekiti', 'coordinates_lon_lat': [5.221495, 7.621001], 'adm_p_lvl': 1, 'admin2_name': 'Ado Ekiti', 'admin2_pcode': 'NG1301', 'admin1_name': 'Ekiti', 'admin1_pcode': 'NG13', 'valid_on': '2019-04-17', 'match_method': 'normalized ADM2+ADM1 name candidate; source-code vintage differs', 'capital_point_in_candidate_geometry': True}]",insufficient-evidence,['physical land/island completeness and current settlement completeness remain unverified'],Pinned source role 'Local Government Areas' is independently represented as COD-AB ADM2 for these features; source role and administrative level alone do not certify tier purpose or physical extent.,"Source name/code, administration and settlement screens remain separate. No political title, full settlement population, complete land/island footprint, or region approval is inferred."
gb:NGA:ADM2:59680162B25309364748934,Maru,Nigeria,gb:NGA:ADM2,2022,59680162B25309364748934,Maru,Local Government Areas,ADM2,NGA,,Polygon,True,1,True,774,framework:province:zamfara:f060723678a4,framework:province:zamfara:f060723678a4,"['framework:province:zamfara:f060723678a4', 'framework:area:nigeria:13573928575a', 'framework:region:west-tropical-africa:ba6e06497098', 'framework:subcontinent:western-africa:6280a2b17f17', 'framework:continent:africa:d14fc0b285b2']",5,['Zamfara'],supported,zamfara,Zamfara,['Zamfara'],parent label matches normalized baseline,['NG037010'],unique normalized current name/explicit alias,"[{'current_name': 'Maru', 'current_pcode': 'NG037010', 'current_parent': 'Zamfara', 'parent_pcode': 'NG037', 'valid_on': '2019-04-17', 'area_km2': 7215.5101484, 'component_count': 1, 'WCA_point_count_by_code': 0, 'WCA_point_count_name_parent_candidate': 350, 'WCA_crosswalk_method': 'normalized ADM2+ADM1 labels; code-vintage mismatch candidate', 'WCA_points_inside_current_geometry': 350, 'WCA_same_code_points_outside_geometry': 0, 'Senegal_2017_OCHA_points_by_code': 0, 'Senegal_2017_points_inside_current_geometry': 0, 'admin_capital_records': 1, 'admin_capital_match_method': 'normalized ADM2+ADM1 name candidate; source-code vintage differs', 'admin_capital_exact_code_records': 0, 'admin_capital_name_parent_candidate_records': 1}]",12,"{'current_name': 'Maru', 'current_pcode': 'NG037010', 'intersection_km2': 6415.558296, 'legacy_coverage_pct': 86.45427, 'screen_only': True}",0,350,0,0,"[{'name': 'Maru', 'coordinates_lon_lat': [6.405686, 12.334166], 'adm_p_lvl': 2, 'admin2_name': 'Maru', 'admin2_pcode': 'NG3710', 'admin1_name': 'Zamfara', 'admin1_pcode': 'NG37', 'valid_on': '2019-04-17', 'match_method': 'normalized ADM2+ADM1 name candidate; source-code vintage differs', 'capital_point_in_candidate_geometry': True}]",insufficient-evidence,['physical land/island completeness and current settlement completeness remain unverified'],Pinned source role 'Local Government Areas' is independently represented as COD-AB ADM2 for these features; source role and administrative level alone do not certify tier purpose or physical extent.,"Source name/code, administration and settlement screens remain separate. No political title, full settlement population, complete land/island footprint, or region approval is inferred."
gb:NGA:ADM2:59680162B25728635468586,Tureta,Nigeria,gb:NGA:ADM2,2022,59680162B25728635468586,Tureta,Local Government Areas,ADM2,NGA,,Polygon,True,1,True,774,framework:province:sokoto:38a75936a981,framework:province:sokoto:38a75936a981,"['framework:province:sokoto:38a75936a981', 'framework:area:nigeria:13573928575a', 'framework:region:west-tropical-africa:ba6e06497098', 'framework:subcontinent:western-africa:6280a2b17f17', 'framework:continent:africa:d14fc0b285b2']",5,['Sokoto'],supported,sokoto,Sokoto,['Sokoto'],parent label matches normalized baseline,['NG034020'],unique normalized current name/explicit alias,"[{'current_name': 'Tureta', 'current_pcode': 'NG034020', 'current_parent': 'Sokoto', 'parent_pcode': 'NG034', 'valid_on': '2019-04-17', 'area_km2': 2299.36038524, 'component_count': 1, 'WCA_point_count_by_code': 0, 'WCA_point_count_name_parent_candidate': 48, 'WCA_crosswalk_method': 'normalized ADM2+ADM1 labels; code-vintage mismatch candidate', 'WCA_points_inside_current_geometry': 48, 'WCA_same_code_points_outside_geometry': 0, 'Senegal_2017_OCHA_points_by_code': 0, 'Senegal_2017_points_inside_current_geometry': 0, 'admin_capital_records': 1, 'admin_capital_match_method': 'normalized ADM2+ADM1 name candidate; source-code vintage differs', 'admin_capital_exact_code_records': 0, 'admin_capital_name_parent_candidate_records': 1}]",6,"{'current_name': 'Tureta', 'current_pcode': 'NG034020', 'intersection_km2': 1786.496172, 'legacy_coverage_pct': 95.62671, 'screen_only': True}",0,48,0,0,"[{'name': 'Tureta', 'coordinates_lon_lat': [5.54431, 12.591351], 'adm_p_lvl': 2, 'admin2_name': 'Tureta', 'admin2_pcode': 'NG3420', 'admin1_name': 'Sokoto', 'admin1_pcode': 'NG34', 'valid_on': '2019-04-17', 'match_method': 'normalized ADM2+ADM1 name candidate; source-code vintage differs', 'capital_point_in_candidate_geometry': True}]",insufficient-evidence,['physical land/island completeness and current settlement completeness remain unverified'],Pinned source role 'Local Government Areas' is independently represented as COD-AB ADM2 for these features; source role and administrative level alone do not certify tier purpose or physical extent.,"Source name/code, administration and settlement screens remain separate. No political title, full settlement population, complete land/island footprint, or region approval is inferred."
gb:NGA:ADM2:59680162B26925253941931,Yagba West,Nigeria,gb:NGA:ADM2,2022,59680162B26925253941931,Yagba West,Local Government Areas,ADM2,NGA,,Polygon,True,1,True,774,framework:province:kogi:2143f75eb90a,framework:province:kogi:2143f75eb90a,"['framework:province:kogi:2143f75eb90a', 'framework:area:nigeria:13573928575a', 'framework:region:west-tropical-africa:ba6e06497098', 'framework:subcontinent:western-africa:6280a2b17f17', 'framework:continent:africa:d14fc0b285b2']",5,['Kogi'],supported,kogi,Kogi,['Kogi'],parent label matches normalized baseline,['NG023021'],unique normalized current name/explicit alias,"[{'current_name': 'Yagba West', 'current_pcode': 'NG023021', 'current_parent': 'Kogi', 'parent_pcode': 'NG023', 'valid_on': '2019-04-17', 'area_km2': 1285.13115632, 'component_count': 1, 'WCA_point_count_by_code': 0, 'WCA_point_count_name_parent_candidate': 29, 'WCA_crosswalk_method': 'normalized ADM2+ADM1 labels; code-vintage mismatch candidate', 'WCA_points_inside_current_geometry': 29, 'WCA_same_code_points_outside_geometry': 0, 'Senegal_2017_OCHA_points_by_code': 0, 'Senegal_2017_points_inside_current_geometry': 0, 'admin_capital_records': 1, 'admin_capital_match_method': 'normalized ADM2+ADM1 name candidate; source-code vintage differs', 'admin_capital_exact_code_records': 0, 'admin_capital_name_parent_candidate_records': 1}]",8,"{'current_name': 'Yagba West', 'current_pcode': 'NG023021', 'intersection_km2': 1273.139887, 'legacy_coverage_pct': 99.78138, 'screen_only': True}",0,29,0,0,"[{'name': 'Odo Ere', 'coordinates_lon_lat': [5.55, 8.25], 'adm_p_lvl': 2, 'admin2_name': 'Yagba West', 'admin2_pcode': 'NG2321', 'admin1_name': 'Kogi', 'admin1_pcode': 'NG23', 'valid_on': '2019-04-17', 'match_method': 'normalized ADM2+ADM1 name candidate; source-code vintage differs', 'capital_point_in_candidate_geometry': True}]",insufficient-evidence,['physical land/island completeness and current settlement completeness remain unverified'],Pinned source role 'Local Government Areas' is independently represented as COD-AB ADM2 for these features; source role and administrative level alone do not certify tier purpose or physical extent.,"Source name/code, administration and settlement screens remain separate. No political title, full settlement population, complete land/island footprint, or region approval is inferred."
gb:NGA:ADM2:59680162B27389948970996,Illela,Nigeria,gb:NGA:ADM2,2022,59680162B27389948970996,Illela,Local Government Areas,ADM2,NGA,,Polygon,True,1,True,774,framework:province:sokoto:38a75936a981,framework:province:sokoto:38a75936a981,"['framework:province:sokoto:38a75936a981', 'framework:area:nigeria:13573928575a', 'framework:region:west-tropical-africa:ba6e06497098', 'framework:subcontinent:western-africa:6280a2b17f17', 'framework:continent:africa:d14fc0b285b2']",5,['Sokoto'],supported,sokoto,Sokoto,['Sokoto'],parent label matches normalized baseline,['NG034008'],unique normalized current name/explicit alias,"[{'current_name': 'Illela', 'current_pcode': 'NG034008', 'current_parent': 'Sokoto', 'parent_pcode': 'NG034', 'valid_on': '2019-04-17', 'area_km2': 1081.32899933, 'component_count': 1, 'WCA_point_count_by_code': 0, 'WCA_point_count_name_parent_candidate': 165, 'WCA_crosswalk_method': 'normalized ADM2+ADM1 labels; code-vintage mismatch candidate', 'WCA_points_inside_current_geometry': 165, 'WCA_same_code_points_outside_geometry': 0, 'Senegal_2017_OCHA_points_by_code': 0, 'Senegal_2017_points_inside_current_geometry': 0, 'admin_capital_records': 1, 'admin_capital_match_method': 'normalized ADM2+ADM1 name candidate; source-code vintage differs', 'admin_capital_exact_code_records': 0, 'admin_capital_name_parent_candidate_records': 1}]",4,"{'current_name': 'Illela', 'current_pcode': 'NG034008', 'intersection_km2': 976.500667, 'legacy_coverage_pct': 95.3127, 'screen_only': True}",0,165,0,0,"[{'name': 'Illela', 'coordinates_lon_lat': [5.297523, 13.72918], 'adm_p_lvl': 2, 'admin2_name': 'Illela', 'admin2_pcode': 'NG3408', 'admin1_name': 'Sokoto', 'admin1_pcode': 'NG34', 'valid_on': '2019-04-17', 'match_method': 'normalized ADM2+ADM1 name candidate; source-code vintage differs', 'capital_point_in_candidate_geometry': True}]",insufficient-evidence,['physical land/island completeness and current settlement completeness remain unverified'],Pinned source role 'Local Government Areas' is independently represented as COD-AB ADM2 for these features; source role and administrative level alone do not certify tier purpose or physical extent.,"Source name/code, administration and settlement screens remain separate. No political title, full settlement population, complete land/island footprint, or region approval is inferred."
gb:NGA:ADM2:59680162B27901935497545,Port-Harcourt,Nigeria,gb:NGA:ADM2,2022,59680162B27901935497545,Port-Harcourt,Local Government Areas,ADM2,NGA,,Polygon,True,1,True,774,framework:province:rivers:00c506c91c8a,framework:province:rivers:00c506c91c8a,"['framework:province:rivers:00c506c91c8a', 'framework:area:nigeria:13573928575a', 'framework:region:west-tropical-africa:ba6e06497098', 'framework:subcontinent:western-africa:6280a2b17f17', 'framework:continent:africa:d14fc0b285b2']",5,['Rivers'],supported,rivers,Rivers,['Rivers'],parent label matches normalized baseline,['NG033022'],unique normalized current name/explicit alias,"[{'current_name': 'Port-Harcourt', 'current_pcode': 'NG033022', 'current_parent': 'Rivers', 'parent_pcode': 'NG033', 'valid_on': '2019-04-17', 'area_km2': 108.19723343, 'component_count': 1, 'WCA_point_count_by_code': 0, 'WCA_point_count_name_parent_candidate': 33, 'WCA_crosswalk_method': 'normalized ADM2+ADM1 labels; code-vintage mismatch candidate', 'WCA_points_inside_current_geometry': 33, 'WCA_same_code_points_outside_geometry': 0, 'Senegal_2017_OCHA_points_by_code': 0, 'Senegal_2017_points_inside_current_geometry': 0, 'admin_capital_records': 1, 'admin_capital_match_method': 'normalized ADM2+ADM1 name candidate; source-code vintage differs', 'admin_capital_exact_code_records': 0, 'admin_capital_name_parent_candidate_records': 1}]",4,"{'current_name': 'Port-Harcourt', 'current_pcode': 'NG033022', 'intersection_km2': 66.057585, 'legacy_coverage_pct': 91.41102, 'screen_only': True}",0,33,0,0,"[{'name': 'Port Harcourt', 'coordinates_lon_lat': [7.013404, 4.777423], 'adm_p_lvl': 1, 'admin2_name': 'Port-Harcourt', 'admin2_pcode': 'NG3322', 'admin1_name': 'Rivers', 'admin1_pcode': 'NG33', 'valid_on': '2019-04-17', 'match_method': 'normalized ADM2+ADM1 name candidate; source-code vintage differs', 'capital_point_in_candidate_geometry': True}]",insufficient-evidence,['physical land/island completeness and current settlement completeness remain unverified'],Pinned source role 'Local Government Areas' is independently represented as COD-AB ADM2 for these features; source role and administrative level alone do not certify tier purpose or physical extent.,"Source name/code, administration and settlement screens remain separate. No political title, full settlement population, complete land/island footprint, or region approval is inferred."
gb:NGA:ADM2:59680162B28016750993437,Rabah,Nigeria,gb:NGA:ADM2,2022,59680162B28016750993437,Rabah,Local Government Areas,ADM2,NGA,,Polygon,True,1,True,774,framework:province:sokoto:38a75936a981,framework:province:sokoto:38a75936a981,"['framework:province:sokoto:38a75936a981', 'framework:area:nigeria:13573928575a', 'framework:region:west-tropical-africa:ba6e06497098', 'framework:subcontinent:western-africa:6280a2b17f17', 'framework:continent:africa:d14fc0b285b2']",5,['Sokoto'],supported,sokoto,Sokoto,['Sokoto'],parent label matches normalized baseline,['NG034012'],unique normalized current name/explicit alias,"[{'current_name': 'Rabah', 'current_pcode': 'NG034012', 'current_parent': 'Sokoto', 'parent_pcode': 'NG034', 'valid_on': '2019-04-17', 'area_km2': 2393.77436445, 'component_count': 1, 'WCA_point_count_by_code': 0, 'WCA_point_count_name_parent_candidate': 79, 'WCA_crosswalk_method': 'normalized ADM2+ADM1 labels; code-vintage mismatch candidate', 'WCA_points_inside_current_geometry': 79, 'WCA_same_code_points_outside_geometry': 0, 'Senegal_2017_OCHA_points_by_code': 0, 'Senegal_2017_points_inside_current_geometry': 0, 'admin_capital_records': 1, 'admin_capital_match_method': 'normalized ADM2+ADM1 name candidate; source-code vintage differs', 'admin_capital_exact_code_records': 0, 'admin_capital_name_parent_candidate_records': 1}]",8,"{'current_name': 'Rabah', 'current_pcode': 'NG034012', 'intersection_km2': 2050.409081, 'legacy_coverage_pct': 96.27069, 'screen_only': True}",0,79,0,0,"[{'name': 'Rabah', 'coordinates_lon_lat': [5.507414, 13.121329], 'adm_p_lvl': 2, 'admin2_name': 'Rabah', 'admin2_pcode': 'NG3412', 'admin1_name': 'Sokoto', 'admin1_pcode': 'NG34', 'valid_on': '2019-04-17', 'match_method': 'normalized ADM2+ADM1 name candidate; source-code vintage differs', 'capital_point_in_candidate_geometry': True}]",insufficient-evidence,['physical land/island completeness and current settlement completeness remain unverified'],Pinned source role 'Local Government Areas' is independently represented as COD-AB ADM2 for these features; source role and administrative level alone do not certify tier purpose or physical extent.,"Source name/code, administration and settlement screens remain separate. No political title, full settlement population, complete land/island footprint, or region approval is inferred."
gb:NGA:ADM2:59680162B28606864431003,Ndokwa West,Nigeria,gb:NGA:ADM2,2022,59680162B28606864431003,Ndokwa West,Local Government Areas,ADM2,NGA,,Polygon,True,1,True,774,framework:province:delta:c9181c18b197,framework:province:delta:c9181c18b197,"['framework:province:delta:c9181c18b197', 'framework:area:nigeria:13573928575a', 'framework:region:west-tropical-africa:ba6e06497098', 'framework:subcontinent:western-africa:6280a2b17f17', 'framework:continent:africa:d14fc0b285b2']",5,['Delta'],supported,delta,Delta,['Delta'],parent label matches normalized baseline,['NG010012'],unique normalized current name/explicit alias,"[{'current_name': 'Ndokwa West', 'current_pcode': 'NG010012', 'current_parent': 'Delta', 'parent_pcode': 'NG010', 'valid_on': '2019-04-17', 'area_km2': 821.93977482, 'component_count': 1, 'WCA_point_count_by_code': 0, 'WCA_point_count_name_parent_candidate': 48, 'WCA_crosswalk_method': 'normalized ADM2+ADM1 labels; code-vintage mismatch candidate', 'WCA_points_inside_current_geometry': 48, 'WCA_same_code_points_outside_geometry': 0, 'Senegal_2017_OCHA_points_by_code': 0, 'Senegal_2017_points_inside_current_geometry': 0, 'admin_capital_records': 1, 'admin_capital_match_method': 'normalized ADM2+ADM1 name candidate; source-code vintage differs', 'admin_capital_exact_code_records': 0, 'admin_capital_name_parent_candidate_records': 1}]",8,"{'current_name': 'Ndokwa West', 'current_pcode': 'NG010012', 'intersection_km2': 808.231171, 'legacy_coverage_pct': 99.95405, 'screen_only': True}",0,48,0,0,"[{'name': 'Kwale', 'coordinates_lon_lat': [6.43741, 5.706322], 'adm_p_lvl': 2, 'admin2_name': 'Ndokwa West', 'admin2_pcode': 'NG1012', 'admin1_name': 'Delta', 'admin1_pcode': 'NG10', 'valid_on': '2019-04-17', 'match_method': 'normalized ADM2+ADM1 name candidate; source-code vintage differs', 'capital_point_in_candidate_geometry': True}]",insufficient-evidence,['physical land/island completeness and current settlement completeness remain unverified'],Pinned source role 'Local Government Areas' is independently represented as COD-AB ADM2 for these features; source role and administrative level alone do not certify tier purpose or physical extent.,"Source name/code, administration and settlement screens remain separate. No political title, full settlement population, complete land/island footprint, or region approval is inferred."
gb:NGA:ADM2:59680162B28887917480980,Ogba/Egbema/Ndoni,Nigeria,gb:NGA:ADM2,2022,59680162B28887917480980,Ogba/Egbema/Ndoni,Local Government Areas,ADM2,NGA,,Polygon,True,1,True,774,framework:province:rivers:00c506c91c8a,framework:province:rivers:00c506c91c8a,"['framework:province:rivers:00c506c91c8a', 'framework:area:nigeria:13573928575a', 'framework:region:west-tropical-africa:ba6e06497098', 'framework:subcontinent:western-africa:6280a2b17f17', 'framework:continent:africa:d14fc0b285b2']",5,['Rivers'],supported,rivers,Rivers,['Rivers'],parent label matches normalized baseline,['NG033016'],unique normalized current name/explicit alias,"[{'current_name': 'Ogba/Egbema/Ndoni', 'current_pcode': 'NG033016', 'current_parent': 'Rivers', 'parent_pcode': 'NG033', 'valid_on': '2019-04-17', 'area_km2': 958.33095317, 'component_count': 1, 'WCA_point_count_by_code': 0, 'WCA_point_count_name_parent_candidate': 115, 'WCA_crosswalk_method': 'normalized ADM2+ADM1 labels; code-vintage mismatch candidate', 'WCA_points_inside_current_geometry': 115, 'WCA_same_code_points_outside_geometry': 0, 'Senegal_2017_OCHA_points_by_code': 0, 'Senegal_2017_points_inside_current_geometry': 0, 'admin_capital_records': 1, 'admin_capital_match_method': 'normalized ADM2+ADM1 name candidate; source-code vintage differs', 'admin_capital_exact_code_records': 0, 'admin_capital_name_parent_candidate_records': 1}]",7,"{'current_name': 'Ogba/Egbema/Ndoni', 'current_pcode': 'NG033016', 'intersection_km2': 879.468636, 'legacy_coverage_pct': 98.59388, 'screen_only': True}",0,115,0,0,"[{'name': 'Omoku', 'coordinates_lon_lat': [6.653208, 5.343504], 'adm_p_lvl': 2, 'admin2_name': 'Ogba/Egbema/Ndoni', 'admin2_pcode': 'NG3316', 'admin1_name': 'Rivers', 'admin1_pcode': 'NG33', 'valid_on': '2019-04-17', 'match_method': 'normalized ADM2+ADM1 name candidate; source-code vintage differs', 'capital_point_in_candidate_geometry': True}]",insufficient-evidence,['physical land/island completeness and current settlement completeness remain unverified'],Pinned source role 'Local Government Areas' is independently represented as COD-AB ADM2 for these features; source role and administrative level alone do not certify tier purpose or physical extent.,"Source name/code, administration and settlement screens remain separate. No political title, full settlement population, complete land/island footprint, or region approval is inferred."
gb:NGA:ADM2:59680162B2904770846082,Etsako East,Nigeria,gb:NGA:ADM2,2022,59680162B2904770846082,Etsako East,Local Government Areas,ADM2,NGA,,Polygon,True,1,True,774,framework:province:edo:837a456ad2ee,framework:province:edo:837a456ad2ee,"['framework:province:edo:837a456ad2ee', 'framework:area:nigeria:13573928575a', 'framework:region:west-tropical-africa:ba6e06497098', 'framework:subcontinent:western-africa:6280a2b17f17', 'framework:continent:africa:d14fc0b285b2']",5,['Edo'],supported,edo,Edo,['Edo'],parent label matches normalized baseline,['NG012008'],unique normalized current name/explicit alias,"[{'current_name': 'Etsako East', 'current_pcode': 'NG012008', 'current_parent': 'Edo', 'parent_pcode': 'NG012', 'valid_on': '2019-04-17', 'area_km2': 1131.6888707, 'component_count': 1, 'WCA_point_count_by_code': 0, 'WCA_point_count_name_parent_candidate': 44, 'WCA_crosswalk_method': 'normalized ADM2+ADM1 labels; code-vintage mismatch candidate', 'WCA_points_inside_current_geometry': 44, 'WCA_same_code_points_outside_geometry': 0, 'Senegal_2017_OCHA_points_by_code': 0, 'Senegal_2017_points_inside_current_geometry': 0, 'admin_capital_records': 1, 'admin_capital_match_method': 'normalized ADM2+ADM1 name candidate; source-code vintage differs', 'admin_capital_exact_code_records': 0, 'admin_capital_name_parent_candidate_records': 1}]",10,"{'current_name': 'Etsako East', 'current_pcode': 'NG012008', 'intersection_km2': 1129.021993, 'legacy_coverage_pct': 99.51346, 'screen_only': True}",0,44,0,0,"[{'name': 'Agenebode', 'coordinates_lon_lat': [6.6966, 7.106], 'adm_p_lvl': 2, 'admin2_name': 'Etsako East', 'admin2_pcode': 'NG1208', 'admin1_name': 'Edo', 'admin1_pcode': 'NG12', 'valid_on': '2019-04-17', 'match_method': 'normalized ADM2+ADM1 name candidate; source-code vintage differs', 'capital_point_in_candidate_geometry': True}]",insufficient-evidence,['physical land/island completeness and current settlement completeness remain unverified'],Pinned source role 'Local Government Areas' is independently represented as COD-AB ADM2 for these features; source role and administrative level alone do not certify tier purpose or physical extent.,"Source name/code, administration and settlement screens remain separate. No political title, full settlement population, complete land/island footprint, or region approval is inferred."
gb:NGA:ADM2:59680162B29085579275088,Ethiope East,Nigeria,gb:NGA:ADM2,2022,59680162B29085579275088,Ethiope East,Local Government Areas,ADM2,NGA,,Polygon,True,1,True,774,framework:province:delta:c9181c18b197,framework:province:delta:c9181c18b197,"['framework:province:delta:c9181c18b197', 'framework:area:nigeria:13573928575a', 'framework:region:west-tropical-africa:ba6e06497098', 'framework:subcontinent:western-africa:6280a2b17f17', 'framework:continent:africa:d14fc0b285b2']",5,['Delta'],supported,delta,Delta,['Delta'],parent label matches normalized baseline,['NG010005'],unique normalized current name/explicit alias,"[{'current_name': 'Ethiope East', 'current_pcode': 'NG010005', 'current_parent': 'Delta', 'parent_pcode': 'NG010', 'valid_on': '2019-04-17', 'area_km2': 379.80280988, 'component_count': 2, 'WCA_point_count_by_code': 0, 'WCA_point_count_name_parent_candidate': 85, 'WCA_crosswalk_method': 'normalized ADM2+ADM1 labels; code-vintage mismatch candidate', 'WCA_points_inside_current_geometry': 85, 'WCA_same_code_points_outside_geometry': 0, 'Senegal_2017_OCHA_points_by_code': 0, 'Senegal_2017_points_inside_current_geometry': 0, 'admin_capital_records': 1, 'admin_capital_match_method': 'normalized ADM2+ADM1 name candidate; source-code vintage differs', 'admin_capital_exact_code_records': 0, 'admin_capital_name_parent_candidate_records': 1}]",5,"{'current_name': 'Ethiope East', 'current_pcode': 'NG010005', 'intersection_km2': 370.84963, 'legacy_coverage_pct': 81.11388, 'screen_only': True}",0,85,0,0,"[{'name': 'Isiokolo', 'coordinates_lon_lat': [6.000513, 5.594958], 'adm_p_lvl': 2, 'admin2_name': 'Ethiope East', 'admin2_pcode': 'NG1005', 'admin1_name': 'Delta', 'admin1_pcode': 'NG10', 'valid_on': '2019-04-17', 'match_method': 'normalized ADM2+ADM1 name candidate; source-code vintage differs', 'capital_point_in_candidate_geometry': True}]",insufficient-evidence,['physical land/island completeness and current settlement completeness remain unverified'],Pinned source role 'Local Government Areas' is independently represented as COD-AB ADM2 for these features; source role and administrative level alone do not certify tier purpose or physical extent.,"Source name/code, administration and settlement screens remain separate. No political title, full settlement population, complete land/island footprint, or region approval is inferred."
gb:NGA:ADM2:59680162B29524904273451,Abaji,Nigeria,gb:NGA:ADM2,2022,59680162B29524904273451,Abaji,Local Government Areas,ADM2,NGA,,Polygon,True,1,True,774,framework:province:abuja-federal-capital-territory:24fe5cea0ae1,framework:province:abuja-federal-capital-territory:24fe5cea0ae1,"['framework:province:abuja-federal-capital-territory:24fe5cea0ae1', 'framework:area:nigeria:13573928575a', 'framework:region:west-tropical-africa:ba6e06497098', 'framework:subcontinent:western-africa:6280a2b17f17', 'framework:continent:africa:d14fc0b285b2']",5,['Federal Capital Territory'],insufficient-evidence,abuja federal capital territory,Federal Capital Territory,['Federal Capital Territory'],label variance; equivalence unresolved,['NG015001'],unique normalized current name/explicit alias,"[{'current_name': 'Abaji', 'current_pcode': 'NG015001', 'current_parent': 'Federal Capital Territory', 'parent_pcode': 'NG015', 'valid_on': '2019-04-17', 'area_km2': 831.96001657, 'component_count': 1, 'WCA_point_count_by_code': 0, 'WCA_point_count_name_parent_candidate': 36, 'WCA_crosswalk_method': 'normalized ADM2+ADM1 labels; code-vintage mismatch candidate', 'WCA_points_inside_current_geometry': 36, 'WCA_same_code_points_outside_geometry': 0, 'Senegal_2017_OCHA_points_by_code': 0, 'Senegal_2017_points_inside_current_geometry': 0, 'admin_capital_records': 2, 'admin_capital_match_method': 'normalized ADM2+ADM1 name candidate; source-code vintage differs', 'admin_capital_exact_code_records': 0, 'admin_capital_name_parent_candidate_records': 2}]",7,"{'current_name': 'Abaji', 'current_pcode': 'NG015001', 'intersection_km2': 792.312897, 'legacy_coverage_pct': 83.56469, 'screen_only': True}",0,36,0,0,"[{'name': 'Abaji', 'coordinates_lon_lat': [6.95, 8.466667], 'adm_p_lvl': 2, 'admin2_name': 'Abaji', 'admin2_pcode': 'NG1501', 'admin1_name': 'Federal Capital Territory', 'admin1_pcode': 'NG15', 'valid_on': '2019-04-17', 'match_method': 'normalized ADM2+ADM1 name candidate; source-code vintage differs', 'capital_point_in_candidate_geometry': True}, {'name': 'Gawu', 'coordinates_lon_lat': [6.85, 9.2], 'adm_p_lvl': 2, 'admin2_name': 'Abaji', 'admin2_pcode': 'NG1501', 'admin1_name': 'Federal Capital Territory', 'admin1_pcode': 'NG15', 'valid_on': '2019-04-17', 'match_method': 'normalized ADM2+ADM1 name candidate; source-code vintage differs', 'capital_point_in_candidate_geometry': True}]",insufficient-evidence,['baseline parent label Abuja Federal Capital Territory differs from current COD-AB Federal Capital Territory; authoritative name-equivalence and parent purpose are not independently verified'],Pinned source role 'Local Government Areas' is independently represented as COD-AB ADM2 for these features; source role and administrative level alone do not certify tier purpose or physical extent.,"Source name/code, administration and settlement screens remain separate. No political title, full settlement population, complete land/island footprint, or region approval is inferred."
gb:NGA:ADM2:59680162B29589714384573,Aniocha South,Nigeria,gb:NGA:ADM2,2022,59680162B29589714384573,Aniocha South,Local Government Areas,ADM2,NGA,,Polygon,True,1,True,774,framework:province:delta:c9181c18b197,framework:province:delta:c9181c18b197,"['framework:province:delta:c9181c18b197', 'framework:area:nigeria:13573928575a', 'framework:region:west-tropical-africa:ba6e06497098', 'framework:subcontinent:western-africa:6280a2b17f17', 'framework:continent:africa:d14fc0b285b2']",5,['Delta'],supported,delta,Delta,['Delta'],parent label matches normalized baseline,['NG010002'],unique normalized current name/explicit alias,"[{'current_name': 'Aniocha South', 'current_pcode': 'NG010002', 'current_parent': 'Delta', 'parent_pcode': 'NG010', 'valid_on': '2019-04-17', 'area_km2': 870.4803051, 'component_count': 1, 'WCA_point_count_by_code': 0, 'WCA_point_count_name_parent_candidate': 75, 'WCA_crosswalk_method': 'normalized ADM2+ADM1 labels; code-vintage mismatch candidate', 'WCA_points_inside_current_geometry': 75, 'WCA_same_code_points_outside_geometry': 0, 'Senegal_2017_OCHA_points_by_code': 0, 'Senegal_2017_points_inside_current_geometry': 0, 'admin_capital_records': 1, 'admin_capital_match_method': 'normalized ADM2+ADM1 name candidate; source-code vintage differs', 'admin_capital_exact_code_records': 0, 'admin_capital_name_parent_candidate_records': 1}]",8,"{'current_name': 'Aniocha South', 'current_pcode': 'NG010002', 'intersection_km2': 865.870231, 'legacy_coverage_pct': 99.82514, 'screen_only': True}",0,75,0,0,"[{'name': 'Ogwashi-Uku', 'coordinates_lon_lat': [6.524293, 6.178178], 'adm_p_lvl': 2, 'admin2_name': 'Aniocha South', 'admin2_pcode': 'NG1002', 'admin1_name': 'Delta', 'admin1_pcode': 'NG10', 'valid_on': '2019-04-17', 'match_method': 'normalized ADM2+ADM1 name candidate; source-code vintage differs', 'capital_point_in_candidate_geometry': True}]",insufficient-evidence,['physical land/island completeness and current settlement completeness remain unverified'],Pinned source role 'Local Government Areas' is independently represented as COD-AB ADM2 for these features; source role and administrative level alone do not certify tier purpose or physical extent.,"Source name/code, administration and settlement screens remain separate. No political title, full settlement population, complete land/island footprint, or region approval is inferred."
gb:NGA:ADM2:59680162B29680565367836,Ikpoba-Okha,Nigeria,gb:NGA:ADM2,2022,59680162B29680565367836,Ikpoba-Okha,Local Government Areas,ADM2,NGA,,Polygon,True,1,True,774,framework:province:edo:837a456ad2ee,framework:province:edo:837a456ad2ee,"['framework:province:edo:837a456ad2ee', 'framework:area:nigeria:13573928575a', 'framework:region:west-tropical-africa:ba6e06497098', 'framework:subcontinent:western-africa:6280a2b17f17', 'framework:continent:africa:d14fc0b285b2']",5,['Edo'],supported,edo,Edo,['Edo'],parent label matches normalized baseline,['NG012011'],unique normalized current name/explicit alias,"[{'current_name': 'Ikpoba-Okha', 'current_pcode': 'NG012011', 'current_parent': 'Edo', 'parent_pcode': 'NG012', 'valid_on': '2019-04-17', 'area_km2': 857.07639909, 'component_count': 1, 'WCA_point_count_by_code': 0, 'WCA_point_count_name_parent_candidate': 84, 'WCA_crosswalk_method': 'normalized ADM2+ADM1 labels; code-vintage mismatch candidate', 'WCA_points_inside_current_geometry': 84, 'WCA_same_code_points_outside_geometry': 0, 'Senegal_2017_OCHA_points_by_code': 0, 'Senegal_2017_points_inside_current_geometry': 0, 'admin_capital_records': 1, 'admin_capital_match_method': 'normalized ADM2+ADM1 name candidate; source-code vintage differs', 'admin_capital_exact_code_records': 0, 'admin_capital_name_parent_candidate_records': 1}]",7,"{'current_name': 'Ikpoba-Okha', 'current_pcode': 'NG012011', 'intersection_km2': 804.709451, 'legacy_coverage_pct': 99.6365, 'screen_only': True}",0,84,0,0,"[{'name': 'Idogbo', 'coordinates_lon_lat': [5.716667, 6.266667], 'adm_p_lvl': 2, 'admin2_name': 'Ikpoba-Okha', 'admin2_pcode': 'NG1211', 'admin1_name': 'Edo', 'admin1_pcode': 'NG12', 'valid_on': '2019-04-17', 'match_method': 'normalized ADM2+ADM1 name candidate; source-code vintage differs', 'capital_point_in_candidate_geometry': True}]",insufficient-evidence,['physical land/island completeness and current settlement completeness remain unverified'],Pinned source role 'Local Government Areas' is independently represented as COD-AB ADM2 for these features; source role and administrative level alone do not certify tier purpose or physical extent.,"Source name/code, administration and settlement screens remain separate. No political title, full settlement population, complete land/island footprint, or region approval is inferred."
gb:NGA:ADM2:59680162B30593466404451,Kolokuma/Opokuma,Nigeria,gb:NGA:ADM2,2022,59680162B30593466404451,Kolokuma/Opokuma,Local Government Areas,ADM2,NGA,,Polygon,True,1,True,774,framework:province:bayelsa:363005de2f54,framework:province:bayelsa:363005de2f54,"['framework:province:bayelsa:363005de2f54', 'framework:area:nigeria:13573928575a', 'framework:region:west-tropical-africa:ba6e06497098', 'framework:subcontinent:western-africa:6280a2b17f17', 'framework:continent:africa:d14fc0b285b2']",5,['Bayelsa'],supported,bayelsa,Bayelsa,['Bayelsa'],parent label matches normalized baseline,['NG006003'],unique normalized current name/explicit alias,"[{'current_name': 'Kolokuma/Opokuma', 'current_pcode': 'NG006003', 'current_parent': 'Bayelsa', 'parent_pcode': 'NG006', 'valid_on': '2019-04-17', 'area_km2': 350.51739554, 'component_count': 1, 'WCA_point_count_by_code': 0, 'WCA_point_count_name_parent_candidate': 40, 'WCA_crosswalk_method': 'normalized ADM2+ADM1 labels; code-vintage mismatch candidate', 'WCA_points_inside_current_geometry': 40, 'WCA_same_code_points_outside_geometry': 0, 'Senegal_2017_OCHA_points_by_code': 0, 'Senegal_2017_points_inside_current_geometry': 0, 'admin_capital_records': 1, 'admin_capital_match_method': 'normalized ADM2+ADM1 name candidate; source-code vintage differs', 'admin_capital_exact_code_records': 0, 'admin_capital_name_parent_candidate_records': 1}]",4,"{'current_name': 'Kolokuma/Opokuma', 'current_pcode': 'NG006003', 'intersection_km2': 350.088234, 'legacy_coverage_pct': 98.06156, 'screen_only': True}",0,40,0,0,"[{'name': 'Opokuma', 'coordinates_lon_lat': [6.26406, 5.076274], 'adm_p_lvl': 2, 'admin2_name': 'Kolokuma/Opokuma', 'admin2_pcode': 'NG0603', 'admin1_name': 'Bayelsa', 'admin1_pcode': 'NG06', 'valid_on': '2019-04-17', 'match_method': 'normalized ADM2+ADM1 name candidate; source-code vintage differs', 'capital_point_in_candidate_geometry': True}]",insufficient-evidence,['physical land/island completeness and current settlement completeness remain unverified'],Pinned source role 'Local Government Areas' is independently represented as COD-AB ADM2 for these features; source role and administrative level alone do not certify tier purpose or physical extent.,"Source name/code, administration and settlement screens remain separate. No political title, full settlement population, complete land/island footprint, or region approval is inferred."
gb:NGA:ADM2:59680162B30773772502776,Tai,Nigeria,gb:NGA:ADM2,2022,59680162B30773772502776,Tai,Local Government Areas,ADM2,NGA,,Polygon,True,1,True,774,framework:province:rivers:00c506c91c8a,framework:province:rivers:00c506c91c8a,"['framework:province:rivers:00c506c91c8a', 'framework:area:nigeria:13573928575a', 'framework:region:west-tropical-africa:ba6e06497098', 'framework:subcontinent:western-africa:6280a2b17f17', 'framework:continent:africa:d14fc0b285b2']",5,['Rivers'],supported,rivers,Rivers,['Rivers'],parent label matches normalized baseline,['NG033023'],unique normalized current name/explicit alias,"[{'current_name': 'Tai', 'current_pcode': 'NG033023', 'current_parent': 'Rivers', 'parent_pcode': 'NG033', 'valid_on': '2019-04-17', 'area_km2': 160.568126, 'component_count': 1, 'WCA_point_count_by_code': 0, 'WCA_point_count_name_parent_candidate': 33, 'WCA_crosswalk_method': 'normalized ADM2+ADM1 labels; code-vintage mismatch candidate', 'WCA_points_inside_current_geometry': 33, 'WCA_same_code_points_outside_geometry': 0, 'Senegal_2017_OCHA_points_by_code': 0, 'Senegal_2017_points_inside_current_geometry': 0, 'admin_capital_records': 1, 'admin_capital_match_method': 'normalized ADM2+ADM1 name candidate; source-code vintage differs', 'admin_capital_exact_code_records': 0, 'admin_capital_name_parent_candidate_records': 1}]",6,"{'current_name': 'Tai', 'current_pcode': 'NG033023', 'intersection_km2': 134.323678, 'legacy_coverage_pct': 82.03381, 'screen_only': True}",0,33,0,0,"[{'name': 'Okoloma-Tai', 'coordinates_lon_lat': [7.280003, 4.766061], 'adm_p_lvl': 2, 'admin2_name': 'Tai', 'admin2_pcode': 'NG3323', 'admin1_name': 'Rivers', 'admin1_pcode': 'NG33', 'valid_on': '2019-04-17', 'match_method': 'normalized ADM2+ADM1 name candidate; source-code vintage differs', 'capital_point_in_candidate_geometry': True}]",insufficient-evidence,['physical land/island completeness and current settlement completeness remain unverified'],Pinned source role 'Local Government Areas' is independently represented as COD-AB ADM2 for these features; source role and administrative level alone do not certify tier purpose or physical extent.,"Source name/code, administration and settlement screens remain separate. No political title, full settlement population, complete land/island footprint, or region approval is inferred."
gb:NGA:ADM2:59680162B30773939854921,Ughelli South,Nigeria,gb:NGA:ADM2,2022,59680162B30773939854921,Ughelli South,Local Government Areas,ADM2,NGA,,Polygon,True,1,True,774,framework:province:delta:c9181c18b197,framework:province:delta:c9181c18b197,"['framework:province:delta:c9181c18b197', 'framework:area:nigeria:13573928575a', 'framework:region:west-tropical-africa:ba6e06497098', 'framework:subcontinent:western-africa:6280a2b17f17', 'framework:continent:africa:d14fc0b285b2']",5,['Delta'],supported,delta,Delta,['Delta'],parent label matches normalized baseline,['NG010020'],unique normalized current name/explicit alias,"[{'current_name': 'Ughelli South', 'current_pcode': 'NG010020', 'current_parent': 'Delta', 'parent_pcode': 'NG010', 'valid_on': '2019-04-17', 'area_km2': 769.97494651, 'component_count': 1, 'WCA_point_count_by_code': 0, 'WCA_point_count_name_parent_candidate': 135, 'WCA_crosswalk_method': 'normalized ADM2+ADM1 labels; code-vintage mismatch candidate', 'WCA_points_inside_current_geometry': 135, 'WCA_same_code_points_outside_geometry': 0, 'Senegal_2017_OCHA_points_by_code': 0, 'Senegal_2017_points_inside_current_geometry': 0, 'admin_capital_records': 0, 'admin_capital_match_method': 'no capital record candidate', 'admin_capital_exact_code_records': 0, 'admin_capital_name_parent_candidate_records': 0}]",10,"{'current_name': 'Ughelli South', 'current_pcode': 'NG010020', 'intersection_km2': 703.282048, 'legacy_coverage_pct': 88.96195, 'screen_only': True}",0,135,0,0,[],insufficient-evidence,['physical land/island completeness and current settlement completeness remain unverified'],Pinned source role 'Local Government Areas' is independently represented as COD-AB ADM2 for these features; source role and administrative level alone do not certify tier purpose or physical extent.,"Source name/code, administration and settlement screens remain separate. No political title, full settlement population, complete land/island footprint, or region approval is inferred."
gb:NGA:ADM2:59680162B31003411858547,Ayamelum,Nigeria,gb:NGA:ADM2,2022,59680162B31003411858547,Ayamelum,Local Government Areas,ADM2,NGA,,Polygon,True,1,True,774,framework:province:anambra:60457f483104,framework:province:anambra:60457f483104,"['framework:province:anambra:60457f483104', 'framework:area:nigeria:13573928575a', 'framework:region:west-tropical-africa:ba6e06497098', 'framework:subcontinent:western-africa:6280a2b17f17', 'framework:continent:africa:d14fc0b285b2']",5,['Anambra'],supported,anambra,Anambra,['Anambra'],parent label matches normalized baseline,['NG004007'],unique normalized current name/explicit alias,"[{'current_name': 'Ayamelum', 'current_pcode': 'NG004007', 'current_parent': 'Anambra', 'parent_pcode': 'NG004', 'valid_on': '2019-04-17', 'area_km2': 590.32288353, 'component_count': 1, 'WCA_point_count_by_code': 0, 'WCA_point_count_name_parent_candidate': 22, 'WCA_crosswalk_method': 'normalized ADM2+ADM1 labels; code-vintage mismatch candidate', 'WCA_points_inside_current_geometry': 22, 'WCA_same_code_points_outside_geometry': 0, 'Senegal_2017_OCHA_points_by_code': 0, 'Senegal_2017_points_inside_current_geometry': 0, 'admin_capital_records': 1, 'admin_capital_match_method': 'normalized ADM2+ADM1 name candidate; source-code vintage differs', 'admin_capital_exact_code_records': 0, 'admin_capital_name_parent_candidate_records': 1}]",5,"{'current_name': 'Ayamelum', 'current_pcode': 'NG004007', 'intersection_km2': 540.619249, 'legacy_coverage_pct': 98.50377, 'screen_only': True}",0,22,0,0,"[{'name': 'Omo', 'coordinates_lon_lat': [6.964936, 6.519858], 'adm_p_lvl': 2, 'admin2_name': 'Ayamelum', 'admin2_pcode': 'NG0407', 'admin1_name': 'Anambra', 'admin1_pcode': 'NG04', 'valid_on': '2019-04-17', 'match_method': 'normalized ADM2+ADM1 name candidate; source-code vintage differs', 'capital_point_in_candidate_geometry': True}]",insufficient-evidence,['physical land/island completeness and current settlement completeness remain unverified'],Pinned source role 'Local Government Areas' is independently represented as COD-AB ADM2 for these features; source role and administrative level alone do not certify tier purpose or physical extent.,"Source name/code, administration and settlement screens remain separate. No political title, full settlement population, complete land/island footprint, or region approval is inferred."
gb:NGA:ADM2:59680162B31302026198632,Nkwerre,Nigeria,gb:NGA:ADM2,2022,59680162B31302026198632,Nkwerre,Local Government Areas,ADM2,NGA,,MultiPolygon,True,2,True,774,framework:province:imo:a94708264d83,framework:province:imo:a94708264d83,"['framework:province:imo:a94708264d83', 'framework:area:nigeria:13573928575a', 'framework:region:west-tropical-africa:ba6e06497098', 'framework:subcontinent:western-africa:6280a2b17f17', 'framework:continent:africa:d14fc0b285b2']",5,['Imo'],supported,imo,Imo,['Imo'],parent label matches normalized baseline,['NG017014'],unique normalized current name/explicit alias,"[{'current_name': 'Nkwerre', 'current_pcode': 'NG017014', 'current_parent': 'Imo', 'parent_pcode': 'NG017', 'valid_on': '2019-04-17', 'area_km2': 35.04408287, 'component_count': 1, 'WCA_point_count_by_code': 0, 'WCA_point_count_name_parent_candidate': 7, 'WCA_crosswalk_method': 'normalized ADM2+ADM1 labels; code-vintage mismatch candidate', 'WCA_points_inside_current_geometry': 7, 'WCA_same_code_points_outside_geometry': 0, 'Senegal_2017_OCHA_points_by_code': 0, 'Senegal_2017_points_inside_current_geometry': 0, 'admin_capital_records': 1, 'admin_capital_match_method': 'normalized ADM2+ADM1 name candidate; source-code vintage differs', 'admin_capital_exact_code_records': 0, 'admin_capital_name_parent_candidate_records': 1}]",5,"{'current_name': 'Nkwerre', 'current_pcode': 'NG017014', 'intersection_km2': 23.194662, 'legacy_coverage_pct': 48.88311, 'screen_only': True}",0,7,0,0,"[{'name': 'Nkwerre', 'coordinates_lon_lat': [7.106273, 5.75555], 'adm_p_lvl': 2, 'admin2_name': 'Nkwerre', 'admin2_pcode': 'NG1714', 'admin1_name': 'Imo', 'admin1_pcode': 'NG17', 'valid_on': '2019-04-17', 'match_method': 'normalized ADM2+ADM1 name candidate; source-code vintage differs', 'capital_point_in_candidate_geometry': True}]",insufficient-evidence,['physical land/island completeness and current settlement completeness remain unverified'],Pinned source role 'Local Government Areas' is independently represented as COD-AB ADM2 for these features; source role and administrative level alone do not certify tier purpose or physical extent.,"Source name/code, administration and settlement screens remain separate. No political title, full settlement population, complete land/island footprint, or region approval is inferred."
gb:NGA:ADM2:59680162B31350853830247,Nnewi South,Nigeria,gb:NGA:ADM2,2022,59680162B31350853830247,Nnewi South,Local Government Areas,ADM2,NGA,,Polygon,True,1,True,774,framework:province:anambra:60457f483104,framework:province:anambra:60457f483104,"['framework:province:anambra:60457f483104', 'framework:area:nigeria:13573928575a', 'framework:region:west-tropical-africa:ba6e06497098', 'framework:subcontinent:western-africa:6280a2b17f17', 'framework:continent:africa:d14fc0b285b2']",5,['Anambra'],supported,anambra,Anambra,['Anambra'],parent label matches normalized baseline,['NG004015'],unique normalized current name/explicit alias,"[{'current_name': 'Nnewi South', 'current_pcode': 'NG004015', 'current_parent': 'Anambra', 'parent_pcode': 'NG004', 'valid_on': '2019-04-17', 'area_km2': 154.22756316, 'component_count': 1, 'WCA_point_count_by_code': 0, 'WCA_point_count_name_parent_candidate': 19, 'WCA_crosswalk_method': 'normalized ADM2+ADM1 labels; code-vintage mismatch candidate', 'WCA_points_inside_current_geometry': 19, 'WCA_same_code_points_outside_geometry': 0, 'Senegal_2017_OCHA_points_by_code': 0, 'Senegal_2017_points_inside_current_geometry': 0, 'admin_capital_records': 1, 'admin_capital_match_method': 'normalized ADM2+ADM1 name candidate; source-code vintage differs', 'admin_capital_exact_code_records': 0, 'admin_capital_name_parent_candidate_records': 1}]",9,"{'current_name': 'Nnewi South', 'current_pcode': 'NG004015', 'intersection_km2': 144.829548, 'legacy_coverage_pct': 80.14788, 'screen_only': True}",0,19,0,0,"[{'name': 'Ukpor', 'coordinates_lon_lat': [6.929337, 5.940698], 'adm_p_lvl': 2, 'admin2_name': 'Nnewi South', 'admin2_pcode': 'NG0415', 'admin1_name': 'Anambra', 'admin1_pcode': 'NG04', 'valid_on': '2019-04-17', 'match_method': 'normalized ADM2+ADM1 name candidate; source-code vintage differs', 'capital_point_in_candidate_geometry': True}]",insufficient-evidence,['physical land/island completeness and current settlement completeness remain unverified'],Pinned source role 'Local Government Areas' is independently represented as COD-AB ADM2 for these features; source role and administrative level alone do not certify tier purpose or physical extent.,"Source name/code, administration and settlement screens remain separate. No political title, full settlement population, complete land/island footprint, or region approval is inferred."
gb:NGA:ADM2:59680162B31457176745984,Ahoada West,Nigeria,gb:NGA:ADM2,2022,59680162B31457176745984,Ahoada West,Local Government Areas,ADM2,NGA,,Polygon,True,1,True,774,framework:province:rivers:00c506c91c8a,framework:province:rivers:00c506c91c8a,"['framework:province:rivers:00c506c91c8a', 'framework:area:nigeria:13573928575a', 'framework:region:west-tropical-africa:ba6e06497098', 'framework:subcontinent:western-africa:6280a2b17f17', 'framework:continent:africa:d14fc0b285b2']",5,['Rivers'],supported,rivers,Rivers,['Rivers'],parent label matches normalized baseline,['NG033003'],unique normalized current name/explicit alias,"[{'current_name': 'Ahoada West', 'current_pcode': 'NG033003', 'current_parent': 'Rivers', 'parent_pcode': 'NG033', 'valid_on': '2019-04-17', 'area_km2': 440.40993381, 'component_count': 1, 'WCA_point_count_by_code': 0, 'WCA_point_count_name_parent_candidate': 64, 'WCA_crosswalk_method': 'normalized ADM2+ADM1 labels; code-vintage mismatch candidate', 'WCA_points_inside_current_geometry': 64, 'WCA_same_code_points_outside_geometry': 0, 'Senegal_2017_OCHA_points_by_code': 0, 'Senegal_2017_points_inside_current_geometry': 0, 'admin_capital_records': 1, 'admin_capital_match_method': 'normalized ADM2+ADM1 name candidate; source-code vintage differs', 'admin_capital_exact_code_records': 0, 'admin_capital_name_parent_candidate_records': 1}]",5,"{'current_name': 'Ahoada West', 'current_pcode': 'NG033003', 'intersection_km2': 363.057004, 'legacy_coverage_pct': 83.51262, 'screen_only': True}",0,64,0,0,"[{'name': 'Akinima', 'coordinates_lon_lat': [6.470887, 5.085797], 'adm_p_lvl': 2, 'admin2_name': 'Ahoada West', 'admin2_pcode': 'NG3303', 'admin1_name': 'Rivers', 'admin1_pcode': 'NG33', 'valid_on': '2019-04-17', 'match_method': 'normalized ADM2+ADM1 name candidate; source-code vintage differs', 'capital_point_in_candidate_geometry': True}]",insufficient-evidence,['physical land/island completeness and current settlement completeness remain unverified'],Pinned source role 'Local Government Areas' is independently represented as COD-AB ADM2 for these features; source role and administrative level alone do not certify tier purpose or physical extent.,"Source name/code, administration and settlement screens remain separate. No political title, full settlement population, complete land/island footprint, or region approval is inferred."
gb:NGA:ADM2:59680162B32427656470349,Esan South-East,Nigeria,gb:NGA:ADM2,2022,59680162B32427656470349,Esan South-East,Local Government Areas,ADM2,NGA,,Polygon,True,1,True,774,framework:province:edo:837a456ad2ee,framework:province:edo:837a456ad2ee,"['framework:province:edo:837a456ad2ee', 'framework:area:nigeria:13573928575a', 'framework:region:west-tropical-africa:ba6e06497098', 'framework:subcontinent:western-africa:6280a2b17f17', 'framework:continent:africa:d14fc0b285b2']",5,['Edo'],supported,edo,Edo,['Edo'],parent label matches normalized baseline,['NG012005'],unique normalized current name/explicit alias,"[{'current_name': 'Esan South East', 'current_pcode': 'NG012005', 'current_parent': 'Edo', 'parent_pcode': 'NG012', 'valid_on': '2019-04-17', 'area_km2': 1305.48175301, 'component_count': 1, 'WCA_point_count_by_code': 0, 'WCA_point_count_name_parent_candidate': 59, 'WCA_crosswalk_method': 'normalized ADM2+ADM1 labels; code-vintage mismatch candidate', 'WCA_points_inside_current_geometry': 59, 'WCA_same_code_points_outside_geometry': 0, 'Senegal_2017_OCHA_points_by_code': 0, 'Senegal_2017_points_inside_current_geometry': 0, 'admin_capital_records': 1, 'admin_capital_match_method': 'normalized ADM2+ADM1 name candidate; source-code vintage differs', 'admin_capital_exact_code_records': 0, 'admin_capital_name_parent_candidate_records': 1}]",10,"{'current_name': 'Esan South East', 'current_pcode': 'NG012005', 'intersection_km2': 1297.190937, 'legacy_coverage_pct': 99.97512, 'screen_only': True}",0,59,0,0,"[{'name': 'Ubiaja', 'coordinates_lon_lat': [6.386872, 6.655043], 'adm_p_lvl': 2, 'admin2_name': 'Esan South East', 'admin2_pcode': 'NG1205', 'admin1_name': 'Edo', 'admin1_pcode': 'NG12', 'valid_on': '2019-04-17', 'match_method': 'normalized ADM2+ADM1 name candidate; source-code vintage differs', 'capital_point_in_candidate_geometry': True}]",insufficient-evidence,['physical land/island completeness and current settlement completeness remain unverified'],Pinned source role 'Local Government Areas' is independently represented as COD-AB ADM2 for these features; source role and administrative level alone do not certify tier purpose or physical extent.,"Source name/code, administration and settlement screens remain separate. No political title, full settlement population, complete land/island footprint, or region approval is inferred."
gb:NGA:ADM2:59680162B326996000256,Lokoja,Nigeria,gb:NGA:ADM2,2022,59680162B326996000256,Lokoja,Local Government Areas,ADM2,NGA,,Polygon,True,1,True,774,framework:province:kogi:2143f75eb90a,framework:province:kogi:2143f75eb90a,"['framework:province:kogi:2143f75eb90a', 'framework:area:nigeria:13573928575a', 'framework:region:west-tropical-africa:ba6e06497098', 'framework:subcontinent:western-africa:6280a2b17f17', 'framework:continent:africa:d14fc0b285b2']",5,['Kogi'],supported,kogi,Kogi,['Kogi'],parent label matches normalized baseline,['NG023012'],unique normalized current name/explicit alias,"[{'current_name': 'Lokoja', 'current_pcode': 'NG023012', 'current_parent': 'Kogi', 'parent_pcode': 'NG023', 'valid_on': '2019-04-17', 'area_km2': 3201.49417727, 'component_count': 1, 'WCA_point_count_by_code': 0, 'WCA_point_count_name_parent_candidate': 84, 'WCA_crosswalk_method': 'normalized ADM2+ADM1 labels; code-vintage mismatch candidate', 'WCA_points_inside_current_geometry': 84, 'WCA_same_code_points_outside_geometry': 0, 'Senegal_2017_OCHA_points_by_code': 0, 'Senegal_2017_points_inside_current_geometry': 0, 'admin_capital_records': 1, 'admin_capital_match_method': 'normalized ADM2+ADM1 name candidate; source-code vintage differs', 'admin_capital_exact_code_records': 0, 'admin_capital_name_parent_candidate_records': 1}]",9,"{'current_name': 'Lokoja', 'current_pcode': 'NG023012', 'intersection_km2': 3137.708344, 'legacy_coverage_pct': 98.4523, 'screen_only': True}",0,84,0,0,"[{'name': 'Lokoja', 'coordinates_lon_lat': [6.743005, 7.802359], 'adm_p_lvl': 1, 'admin2_name': 'Lokoja', 'admin2_pcode': 'NG2312', 'admin1_name': 'Kogi', 'admin1_pcode': 'NG23', 'valid_on': '2019-04-17', 'match_method': 'normalized ADM2+ADM1 name candidate; source-code vintage differs', 'capital_point_in_candidate_geometry': True}]",insufficient-evidence,['physical land/island completeness and current settlement completeness remain unverified'],Pinned source role 'Local Government Areas' is independently represented as COD-AB ADM2 for these features; source role and administrative level alone do not certify tier purpose or physical extent.,"Source name/code, administration and settlement screens remain separate. No political title, full settlement population, complete land/island footprint, or region approval is inferred."
gb:NGA:ADM2:59680162B32871052171758,Onuimo,Nigeria,gb:NGA:ADM2,2022,59680162B32871052171758,Onuimo,Local Government Areas,ADM2,NGA,,MultiPolygon,True,2,True,774,framework:province:imo:a94708264d83,framework:province:imo:a94708264d83,"['framework:province:imo:a94708264d83', 'framework:area:nigeria:13573928575a', 'framework:region:west-tropical-africa:ba6e06497098', 'framework:subcontinent:western-africa:6280a2b17f17', 'framework:continent:africa:d14fc0b285b2']",5,['Imo'],supported,imo,Imo,['Imo'],parent label matches normalized baseline,['NG017027'],unique normalized current name/explicit alias,"[{'current_name': 'Unuimo', 'current_pcode': 'NG017027', 'current_parent': 'Imo', 'parent_pcode': 'NG017', 'valid_on': '2019-04-17', 'area_km2': 107.65928058, 'component_count': 1, 'WCA_point_count_by_code': 0, 'WCA_point_count_name_parent_candidate': 20, 'WCA_crosswalk_method': 'normalized ADM2+ADM1 labels; code-vintage mismatch candidate', 'WCA_points_inside_current_geometry': 20, 'WCA_same_code_points_outside_geometry': 0, 'Senegal_2017_OCHA_points_by_code': 0, 'Senegal_2017_points_inside_current_geometry': 0, 'admin_capital_records': 1, 'admin_capital_match_method': 'normalized ADM2+ADM1 name candidate; source-code vintage differs', 'admin_capital_exact_code_records': 0, 'admin_capital_name_parent_candidate_records': 1}]",5,"{'current_name': 'Unuimo', 'current_pcode': 'NG017027', 'intersection_km2': 59.881363, 'legacy_coverage_pct': 65.73384, 'screen_only': True}",0,20,0,0,"[{'name': 'Okwe', 'coordinates_lon_lat': [7.217474, 5.768701], 'adm_p_lvl': 2, 'admin2_name': 'Unuimo', 'admin2_pcode': 'NG1727', 'admin1_name': 'Imo', 'admin1_pcode': 'NG17', 'valid_on': '2019-04-17', 'match_method': 'normalized ADM2+ADM1 name candidate; source-code vintage differs', 'capital_point_in_candidate_geometry': True}]",insufficient-evidence,['physical land/island completeness and current settlement completeness remain unverified'],Pinned source role 'Local Government Areas' is independently represented as COD-AB ADM2 for these features; source role and administrative level alone do not certify tier purpose or physical extent.,"Source name/code, administration and settlement screens remain separate. No political title, full settlement population, complete land/island footprint, or region approval is inferred."
gb:NGA:ADM2:59680162B32979491305099,Oshimili South,Nigeria,gb:NGA:ADM2,2022,59680162B32979491305099,Oshimili South,Local Government Areas,ADM2,NGA,,Polygon,True,1,True,774,framework:province:delta:c9181c18b197,framework:province:delta:c9181c18b197,"['framework:province:delta:c9181c18b197', 'framework:area:nigeria:13573928575a', 'framework:region:west-tropical-africa:ba6e06497098', 'framework:subcontinent:western-africa:6280a2b17f17', 'framework:continent:africa:d14fc0b285b2']",5,['Delta'],supported,delta,Delta,['Delta'],parent label matches normalized baseline,['NG010015'],unique normalized current name/explicit alias,"[{'current_name': 'Oshimili South', 'current_pcode': 'NG010015', 'current_parent': 'Delta', 'parent_pcode': 'NG010', 'valid_on': '2019-04-17', 'area_km2': 266.43109837, 'component_count': 1, 'WCA_point_count_by_code': 0, 'WCA_point_count_name_parent_candidate': 23, 'WCA_crosswalk_method': 'normalized ADM2+ADM1 labels; code-vintage mismatch candidate', 'WCA_points_inside_current_geometry': 23, 'WCA_same_code_points_outside_geometry': 0, 'Senegal_2017_OCHA_points_by_code': 0, 'Senegal_2017_points_inside_current_geometry': 0, 'admin_capital_records': 1, 'admin_capital_match_method': 'normalized ADM2+ADM1 name candidate; source-code vintage differs', 'admin_capital_exact_code_records': 0, 'admin_capital_name_parent_candidate_records': 1}]",8,"{'current_name': 'Oshimili South', 'current_pcode': 'NG010015', 'intersection_km2': 259.452506, 'legacy_coverage_pct': 99.46974, 'screen_only': True}",0,23,0,0,"[{'name': 'Asaba', 'coordinates_lon_lat': [6.733845, 6.200643], 'adm_p_lvl': 1, 'admin2_name': 'Oshimili South', 'admin2_pcode': 'NG1015', 'admin1_name': 'Delta', 'admin1_pcode': 'NG10', 'valid_on': '2019-04-17', 'match_method': 'normalized ADM2+ADM1 name candidate; source-code vintage differs', 'capital_point_in_candidate_geometry': True}]",insufficient-evidence,['physical land/island completeness and current settlement completeness remain unverified'],Pinned source role 'Local Government Areas' is independently represented as COD-AB ADM2 for these features; source role and administrative level alone do not certify tier purpose or physical extent.,"Source name/code, administration and settlement screens remain separate. No political title, full settlement population, complete land/island footprint, or region approval is inferred."
gb:NGA:ADM2:59680162B33139882700556,Kware,Nigeria,gb:NGA:ADM2,2022,59680162B33139882700556,Kware,Local Government Areas,ADM2,NGA,,Polygon,True,1,True,774,framework:province:sokoto:38a75936a981,framework:province:sokoto:38a75936a981,"['framework:province:sokoto:38a75936a981', 'framework:area:nigeria:13573928575a', 'framework:region:west-tropical-africa:ba6e06497098', 'framework:subcontinent:western-africa:6280a2b17f17', 'framework:continent:africa:d14fc0b285b2']",5,['Sokoto'],supported,sokoto,Sokoto,['Sokoto'],parent label matches normalized baseline,['NG034011'],unique normalized current name/explicit alias,"[{'current_name': 'Kware', 'current_pcode': 'NG034011', 'current_parent': 'Sokoto', 'parent_pcode': 'NG034', 'valid_on': '2019-04-17', 'area_km2': 595.84474864, 'component_count': 1, 'WCA_point_count_by_code': 0, 'WCA_point_count_name_parent_candidate': 130, 'WCA_crosswalk_method': 'normalized ADM2+ADM1 labels; code-vintage mismatch candidate', 'WCA_points_inside_current_geometry': 130, 'WCA_same_code_points_outside_geometry': 0, 'Senegal_2017_OCHA_points_by_code': 0, 'Senegal_2017_points_inside_current_geometry': 0, 'admin_capital_records': 1, 'admin_capital_match_method': 'normalized ADM2+ADM1 name candidate; source-code vintage differs', 'admin_capital_exact_code_records': 0, 'admin_capital_name_parent_candidate_records': 1}]",9,"{'current_name': 'Kware', 'current_pcode': 'NG034011', 'intersection_km2': 546.242182, 'legacy_coverage_pct': 84.95495, 'screen_only': True}",0,130,0,0,"[{'name': 'Kware', 'coordinates_lon_lat': [5.263196, 13.21297], 'adm_p_lvl': 2, 'admin2_name': 'Kware', 'admin2_pcode': 'NG3411', 'admin1_name': 'Sokoto', 'admin1_pcode': 'NG34', 'valid_on': '2019-04-17', 'match_method': 'normalized ADM2+ADM1 name candidate; source-code vintage differs', 'capital_point_in_candidate_geometry': True}]",insufficient-evidence,['physical land/island completeness and current settlement completeness remain unverified'],Pinned source role 'Local Government Areas' is independently represented as COD-AB ADM2 for these features; source role and administrative level alone do not certify tier purpose or physical extent.,"Source name/code, administration and settlement screens remain separate. No political title, full settlement population, complete land/island footprint, or region approval is inferred."
gb:NGA:ADM2:59680162B34682847069002,Gwagwalada,Nigeria,gb:NGA:ADM2,2022,59680162B34682847069002,Gwagwalada,Local Government Areas,ADM2,NGA,,Polygon,True,1,True,774,framework:province:abuja-federal-capital-territory:24fe5cea0ae1,framework:province:abuja-federal-capital-territory:24fe5cea0ae1,"['framework:province:abuja-federal-capital-territory:24fe5cea0ae1', 'framework:area:nigeria:13573928575a', 'framework:region:west-tropical-africa:ba6e06497098', 'framework:subcontinent:western-africa:6280a2b17f17', 'framework:continent:africa:d14fc0b285b2']",5,['Federal Capital Territory'],insufficient-evidence,abuja federal capital territory,Federal Capital Territory,['Federal Capital Territory'],label variance; equivalence unresolved,['NG015004'],unique normalized current name/explicit alias,"[{'current_name': 'Gwagwalada', 'current_pcode': 'NG015004', 'current_parent': 'Federal Capital Territory', 'parent_pcode': 'NG015', 'valid_on': '2019-04-17', 'area_km2': 1001.07366757, 'component_count': 1, 'WCA_point_count_by_code': 0, 'WCA_point_count_name_parent_candidate': 59, 'WCA_crosswalk_method': 'normalized ADM2+ADM1 labels; code-vintage mismatch candidate', 'WCA_points_inside_current_geometry': 59, 'WCA_same_code_points_outside_geometry': 0, 'Senegal_2017_OCHA_points_by_code': 0, 'Senegal_2017_points_inside_current_geometry': 0, 'admin_capital_records': 1, 'admin_capital_match_method': 'normalized ADM2+ADM1 name candidate; source-code vintage differs', 'admin_capital_exact_code_records': 0, 'admin_capital_name_parent_candidate_records': 1}]",7,"{'current_name': 'Gwagwalada', 'current_pcode': 'NG015004', 'intersection_km2': 961.268535, 'legacy_coverage_pct': 92.74524, 'screen_only': True}",0,59,0,0,"[{'name': 'Gwagwalada', 'coordinates_lon_lat': [7.091944, 8.941389], 'adm_p_lvl': 2, 'admin2_name': 'Gwagwalada', 'admin2_pcode': 'NG1504', 'admin1_name': 'Federal Capital Territory', 'admin1_pcode': 'NG15', 'valid_on': '2019-04-17', 'match_method': 'normalized ADM2+ADM1 name candidate; source-code vintage differs', 'capital_point_in_candidate_geometry': True}]",insufficient-evidence,['baseline parent label Abuja Federal Capital Territory differs from current COD-AB Federal Capital Territory; authoritative name-equivalence and parent purpose are not independently verified'],Pinned source role 'Local Government Areas' is independently represented as COD-AB ADM2 for these features; source role and administrative level alone do not certify tier purpose or physical extent.,"Source name/code, administration and settlement screens remain separate. No political title, full settlement population, complete land/island footprint, or region approval is inferred."
gb:NGA:ADM2:59680162B35426409409773,Isiala Mbano,Nigeria,gb:NGA:ADM2,2022,59680162B35426409409773,Isiala Mbano,Local Government Areas,ADM2,NGA,,Polygon,True,1,True,774,framework:province:imo:a94708264d83,framework:province:imo:a94708264d83,"['framework:province:imo:a94708264d83', 'framework:area:nigeria:13573928575a', 'framework:region:west-tropical-africa:ba6e06497098', 'framework:subcontinent:western-africa:6280a2b17f17', 'framework:continent:africa:d14fc0b285b2']",5,['Imo'],supported,imo,Imo,['Imo'],parent label matches normalized baseline,['NG017009'],unique normalized current name/explicit alias,"[{'current_name': 'Isiala Mbano', 'current_pcode': 'NG017009', 'current_parent': 'Imo', 'parent_pcode': 'NG017', 'valid_on': '2019-04-17', 'area_km2': 153.49028851, 'component_count': 1, 'WCA_point_count_by_code': 0, 'WCA_point_count_name_parent_candidate': 31, 'WCA_crosswalk_method': 'normalized ADM2+ADM1 labels; code-vintage mismatch candidate', 'WCA_points_inside_current_geometry': 31, 'WCA_same_code_points_outside_geometry': 0, 'Senegal_2017_OCHA_points_by_code': 0, 'Senegal_2017_points_inside_current_geometry': 0, 'admin_capital_records': 1, 'admin_capital_match_method': 'normalized ADM2+ADM1 name candidate; source-code vintage differs', 'admin_capital_exact_code_records': 0, 'admin_capital_name_parent_candidate_records': 1}]",6,"{'current_name': 'Isiala Mbano', 'current_pcode': 'NG017009', 'intersection_km2': 110.996362, 'legacy_coverage_pct': 84.97194, 'screen_only': True}",0,31,0,0,"[{'name': 'Umu Elemai', 'coordinates_lon_lat': [7.233333, 5.683333], 'adm_p_lvl': 2, 'admin2_name': 'Isiala Mbano', 'admin2_pcode': 'NG1709', 'admin1_name': 'Imo', 'admin1_pcode': 'NG17', 'valid_on': '2019-04-17', 'match_method': 'normalized ADM2+ADM1 name candidate; source-code vintage differs', 'capital_point_in_candidate_geometry': True}]",insufficient-evidence,['physical land/island completeness and current settlement completeness remain unverified'],Pinned source role 'Local Government Areas' is independently represented as COD-AB ADM2 for these features; source role and administrative level alone do not certify tier purpose or physical extent.,"Source name/code, administration and settlement screens remain separate. No political title, full settlement population, complete land/island footprint, or region approval is inferred."
gb:NGA:ADM2:59680162B35912483761792,Etsako West,Nigeria,gb:NGA:ADM2,2022,59680162B35912483761792,Etsako West,Local Government Areas,ADM2,NGA,,Polygon,True,1,True,774,framework:province:edo:837a456ad2ee,framework:province:edo:837a456ad2ee,"['framework:province:edo:837a456ad2ee', 'framework:area:nigeria:13573928575a', 'framework:region:west-tropical-africa:ba6e06497098', 'framework:subcontinent:western-africa:6280a2b17f17', 'framework:continent:africa:d14fc0b285b2']",5,['Edo'],supported,edo,Edo,['Edo'],parent label matches normalized baseline,['NG012009'],unique normalized current name/explicit alias,"[{'current_name': 'Etsako West', 'current_pcode': 'NG012009', 'current_parent': 'Edo', 'parent_pcode': 'NG012', 'valid_on': '2019-04-17', 'area_km2': 938.74643079, 'component_count': 1, 'WCA_point_count_by_code': 0, 'WCA_point_count_name_parent_candidate': 41, 'WCA_crosswalk_method': 'normalized ADM2+ADM1 labels; code-vintage mismatch candidate', 'WCA_points_inside_current_geometry': 41, 'WCA_same_code_points_outside_geometry': 0, 'Senegal_2017_OCHA_points_by_code': 0, 'Senegal_2017_points_inside_current_geometry': 0, 'admin_capital_records': 1, 'admin_capital_match_method': 'normalized ADM2+ADM1 name candidate; source-code vintage differs', 'admin_capital_exact_code_records': 0, 'admin_capital_name_parent_candidate_records': 1}]",8,"{'current_name': 'Etsako West', 'current_pcode': 'NG012009', 'intersection_km2': 894.622643, 'legacy_coverage_pct': 99.88221, 'screen_only': True}",0,41,0,0,"[{'name': 'Auchi', 'coordinates_lon_lat': [6.266667, 7.066667], 'adm_p_lvl': 2, 'admin2_name': 'Etsako West', 'admin2_pcode': 'NG1209', 'admin1_name': 'Edo', 'admin1_pcode': 'NG12', 'valid_on': '2019-04-17', 'match_method': 'normalized ADM2+ADM1 name candidate; source-code vintage differs', 'capital_point_in_candidate_geometry': True}]",insufficient-evidence,['physical land/island completeness and current settlement completeness remain unverified'],Pinned source role 'Local Government Areas' is independently represented as COD-AB ADM2 for these features; source role and administrative level alone do not certify tier purpose or physical extent.,"Source name/code, administration and settlement screens remain separate. No political title, full settlement population, complete land/island footprint, or region approval is inferred."
gb:NGA:ADM2:59680162B35933805912396,Mopa-Muro,Nigeria,gb:NGA:ADM2,2022,59680162B35933805912396,Mopa-Muro,Local Government Areas,ADM2,NGA,,Polygon,True,1,True,774,framework:province:kogi:2143f75eb90a,framework:province:kogi:2143f75eb90a,"['framework:province:kogi:2143f75eb90a', 'framework:area:nigeria:13573928575a', 'framework:region:west-tropical-africa:ba6e06497098', 'framework:subcontinent:western-africa:6280a2b17f17', 'framework:continent:africa:d14fc0b285b2']",5,['Kogi'],supported,kogi,Kogi,['Kogi'],parent label matches normalized baseline,['NG023013'],unique normalized current name/explicit alias,"[{'current_name': 'Mopa-Muro', 'current_pcode': 'NG023013', 'current_parent': 'Kogi', 'parent_pcode': 'NG023', 'valid_on': '2019-04-17', 'area_km2': 833.24656486, 'component_count': 1, 'WCA_point_count_by_code': 0, 'WCA_point_count_name_parent_candidate': 24, 'WCA_crosswalk_method': 'normalized ADM2+ADM1 labels; code-vintage mismatch candidate', 'WCA_points_inside_current_geometry': 24, 'WCA_same_code_points_outside_geometry': 0, 'Senegal_2017_OCHA_points_by_code': 0, 'Senegal_2017_points_inside_current_geometry': 0, 'admin_capital_records': 1, 'admin_capital_match_method': 'normalized ADM2+ADM1 name candidate; source-code vintage differs', 'admin_capital_exact_code_records': 0, 'admin_capital_name_parent_candidate_records': 1}]",4,"{'current_name': 'Mopa-Muro', 'current_pcode': 'NG023013', 'intersection_km2': 771.952395, 'legacy_coverage_pct': 99.81863, 'screen_only': True}",0,24,0,0,"[{'name': 'Mopa', 'coordinates_lon_lat': [5.9, 8.1], 'adm_p_lvl': 2, 'admin2_name': 'Mopa-Muro', 'admin2_pcode': 'NG2313', 'admin1_name': 'Kogi', 'admin1_pcode': 'NG23', 'valid_on': '2019-04-17', 'match_method': 'normalized ADM2+ADM1 name candidate; source-code vintage differs', 'capital_point_in_candidate_geometry': True}]",insufficient-evidence,['physical land/island completeness and current settlement completeness remain unverified'],Pinned source role 'Local Government Areas' is independently represented as COD-AB ADM2 for these features; source role and administrative level alone do not certify tier purpose or physical extent.,"Source name/code, administration and settlement screens remain separate. No political title, full settlement population, complete land/island footprint, or region approval is inferred."
gb:NGA:ADM2:59680162B36304665045822,Emuoha,Nigeria,gb:NGA:ADM2,2022,59680162B36304665045822,Emuoha,Local Government Areas,ADM2,NGA,,MultiPolygon,True,2,True,774,framework:province:rivers:00c506c91c8a,framework:province:rivers:00c506c91c8a,"['framework:province:rivers:00c506c91c8a', 'framework:area:nigeria:13573928575a', 'framework:region:west-tropical-africa:ba6e06497098', 'framework:subcontinent:western-africa:6280a2b17f17', 'framework:continent:africa:d14fc0b285b2']",5,['Rivers'],supported,rivers,Rivers,['Rivers'],parent label matches normalized baseline,['NG033010'],unique normalized current name/explicit alias,"[{'current_name': 'Emohua', 'current_pcode': 'NG033010', 'current_parent': 'Rivers', 'parent_pcode': 'NG033', 'valid_on': '2019-04-17', 'area_km2': 833.00098329, 'component_count': 1, 'WCA_point_count_by_code': 0, 'WCA_point_count_name_parent_candidate': 85, 'WCA_crosswalk_method': 'normalized ADM2+ADM1 labels; code-vintage mismatch candidate', 'WCA_points_inside_current_geometry': 85, 'WCA_same_code_points_outside_geometry': 0, 'Senegal_2017_OCHA_points_by_code': 0, 'Senegal_2017_points_inside_current_geometry': 0, 'admin_capital_records': 1, 'admin_capital_match_method': 'normalized ADM2+ADM1 name candidate; source-code vintage differs', 'admin_capital_exact_code_records': 0, 'admin_capital_name_parent_candidate_records': 1}]",9,"{'current_name': 'Emohua', 'current_pcode': 'NG033010', 'intersection_km2': 695.120185, 'legacy_coverage_pct': 89.30209, 'screen_only': True}",0,85,0,0,"[{'name': 'Emohua', 'coordinates_lon_lat': [6.86247, 4.881621], 'adm_p_lvl': 2, 'admin2_name': 'Emohua', 'admin2_pcode': 'NG3310', 'admin1_name': 'Rivers', 'admin1_pcode': 'NG33', 'valid_on': '2019-04-17', 'match_method': 'normalized ADM2+ADM1 name candidate; source-code vintage differs', 'capital_point_in_candidate_geometry': True}]",insufficient-evidence,['physical land/island completeness and current settlement completeness remain unverified'],Pinned source role 'Local Government Areas' is independently represented as COD-AB ADM2 for these features; source role and administrative level alone do not certify tier purpose or physical extent.,"Source name/code, administration and settlement screens remain separate. No political title, full settlement population, complete land/island footprint, or region approval is inferred."
gb:NGA:ADM2:59680162B36658267128816,Ethiope West,Nigeria,gb:NGA:ADM2,2022,59680162B36658267128816,Ethiope West,Local Government Areas,ADM2,NGA,,Polygon,True,1,True,774,framework:province:delta:c9181c18b197,framework:province:delta:c9181c18b197,"['framework:province:delta:c9181c18b197', 'framework:area:nigeria:13573928575a', 'framework:region:west-tropical-africa:ba6e06497098', 'framework:subcontinent:western-africa:6280a2b17f17', 'framework:continent:africa:d14fc0b285b2']",5,['Delta'],supported,delta,Delta,['Delta'],parent label matches normalized baseline,['NG010006'],unique normalized current name/explicit alias,"[{'current_name': 'Ethiope West', 'current_pcode': 'NG010006', 'current_parent': 'Delta', 'parent_pcode': 'NG010', 'valid_on': '2019-04-17', 'area_km2': 537.11030729, 'component_count': 1, 'WCA_point_count_by_code': 0, 'WCA_point_count_name_parent_candidate': 98, 'WCA_crosswalk_method': 'normalized ADM2+ADM1 labels; code-vintage mismatch candidate', 'WCA_points_inside_current_geometry': 98, 'WCA_same_code_points_outside_geometry': 0, 'Senegal_2017_OCHA_points_by_code': 0, 'Senegal_2017_points_inside_current_geometry': 0, 'admin_capital_records': 0, 'admin_capital_match_method': 'no capital record candidate', 'admin_capital_exact_code_records': 0, 'admin_capital_name_parent_candidate_records': 0}]",6,"{'current_name': 'Ethiope West', 'current_pcode': 'NG010006', 'intersection_km2': 532.84804, 'legacy_coverage_pct': 97.87864, 'screen_only': True}",0,98,0,0,[],insufficient-evidence,['physical land/island completeness and current settlement completeness remain unverified'],Pinned source role 'Local Government Areas' is independently represented as COD-AB ADM2 for these features; source role and administrative level alone do not certify tier purpose or physical extent.,"Source name/code, administration and settlement screens remain separate. No political title, full settlement population, complete land/island footprint, or region approval is inferred."
gb:NGA:ADM2:59680162B37513478805829,Gummi,Nigeria,gb:NGA:ADM2,2022,59680162B37513478805829,Gummi,Local Government Areas,ADM2,NGA,,Polygon,True,1,True,774,framework:province:zamfara:f060723678a4,framework:province:zamfara:f060723678a4,"['framework:province:zamfara:f060723678a4', 'framework:area:nigeria:13573928575a', 'framework:region:west-tropical-africa:ba6e06497098', 'framework:subcontinent:western-africa:6280a2b17f17', 'framework:continent:africa:d14fc0b285b2']",5,['Zamfara'],supported,zamfara,Zamfara,['Zamfara'],parent label matches normalized baseline,['NG037006'],unique normalized current name/explicit alias,"[{'current_name': 'Gummi', 'current_pcode': 'NG037006', 'current_parent': 'Zamfara', 'parent_pcode': 'NG037', 'valid_on': '2019-04-17', 'area_km2': 2605.41539404, 'component_count': 1, 'WCA_point_count_by_code': 0, 'WCA_point_count_name_parent_candidate': 31, 'WCA_crosswalk_method': 'normalized ADM2+ADM1 labels; code-vintage mismatch candidate', 'WCA_points_inside_current_geometry': 31, 'WCA_same_code_points_outside_geometry': 0, 'Senegal_2017_OCHA_points_by_code': 0, 'Senegal_2017_points_inside_current_geometry': 0, 'admin_capital_records': 1, 'admin_capital_match_method': 'normalized ADM2+ADM1 name candidate; source-code vintage differs', 'admin_capital_exact_code_records': 0, 'admin_capital_name_parent_candidate_records': 1}]",8,"{'current_name': 'Gummi', 'current_pcode': 'NG037006', 'intersection_km2': 2433.517163, 'legacy_coverage_pct': 82.68367, 'screen_only': True}",0,31,0,0,"[{'name': 'Gummi', 'coordinates_lon_lat': [5.108087, 12.143575], 'adm_p_lvl': 2, 'admin2_name': 'Gummi', 'admin2_pcode': 'NG3706', 'admin1_name': 'Zamfara', 'admin1_pcode': 'NG37', 'valid_on': '2019-04-17', 'match_method': 'normalized ADM2+ADM1 name candidate; source-code vintage differs', 'capital_point_in_candidate_geometry': True}]",insufficient-evidence,['physical land/island completeness and current settlement completeness remain unverified'],Pinned source role 'Local Government Areas' is independently represented as COD-AB ADM2 for these features; source role and administrative level alone do not certify tier purpose or physical extent.,"Source name/code, administration and settlement screens remain separate. No political title, full settlement population, complete land/island footprint, or region approval is inferred."
gb:NGA:ADM2:59680162B38183120701356,Municipal Area Council,Nigeria,gb:NGA:ADM2,2022,59680162B38183120701356,Municipal Area Council,Local Government Areas,ADM2,NGA,,Polygon,True,1,True,774,framework:province:abuja-federal-capital-territory:24fe5cea0ae1,framework:province:abuja-federal-capital-territory:24fe5cea0ae1,"['framework:province:abuja-federal-capital-territory:24fe5cea0ae1', 'framework:area:nigeria:13573928575a', 'framework:region:west-tropical-africa:ba6e06497098', 'framework:subcontinent:western-africa:6280a2b17f17', 'framework:continent:africa:d14fc0b285b2']",5,['Federal Capital Territory'],insufficient-evidence,abuja federal capital territory,Federal Capital Territory,['Federal Capital Territory'],label variance; equivalence unresolved,['NG015002'],unique normalized current name/explicit alias,"[{'current_name': 'Abuja Municipal', 'current_pcode': 'NG015002', 'current_parent': 'Federal Capital Territory', 'parent_pcode': 'NG015', 'valid_on': '2019-04-17', 'area_km2': 1722.75199671, 'component_count': 1, 'WCA_point_count_by_code': 0, 'WCA_point_count_name_parent_candidate': 118, 'WCA_crosswalk_method': 'normalized ADM2+ADM1 labels; code-vintage mismatch candidate', 'WCA_points_inside_current_geometry': 118, 'WCA_same_code_points_outside_geometry': 0, 'Senegal_2017_OCHA_points_by_code': 0, 'Senegal_2017_points_inside_current_geometry': 0, 'admin_capital_records': 2, 'admin_capital_match_method': 'normalized ADM2+ADM1 name candidate; source-code vintage differs', 'admin_capital_exact_code_records': 0, 'admin_capital_name_parent_candidate_records': 2}]",6,"{'current_name': 'Abuja Municipal', 'current_pcode': 'NG015002', 'intersection_km2': 1380.170385, 'legacy_coverage_pct': 93.52767, 'screen_only': True}",0,118,0,0,"[{'name': 'Karu', 'coordinates_lon_lat': [7.575556, 8.996111], 'adm_p_lvl': 2, 'admin2_name': 'Abuja Municipal', 'admin2_pcode': 'NG1502', 'admin1_name': 'Federal Capital Territory', 'admin1_pcode': 'NG15', 'valid_on': '2019-04-17', 'match_method': 'normalized ADM2+ADM1 name candidate; source-code vintage differs', 'capital_point_in_candidate_geometry': True}, {'name': 'Kuje', 'coordinates_lon_lat': [7.243056, 8.896389], 'adm_p_lvl': 2, 'admin2_name': 'Abuja Municipal', 'admin2_pcode': 'NG1502', 'admin1_name': 'Federal Capital Territory', 'admin1_pcode': 'NG15', 'valid_on': '2019-04-17', 'match_method': 'normalized ADM2+ADM1 name candidate; source-code vintage differs', 'capital_point_in_candidate_geometry': True}]",insufficient-evidence,['baseline parent label Abuja Federal Capital Territory differs from current COD-AB Federal Capital Territory; authoritative name-equivalence and parent purpose are not independently verified'],Pinned source role 'Local Government Areas' is independently represented as COD-AB ADM2 for these features; source role and administrative level alone do not certify tier purpose or physical extent.,"Source name/code, administration and settlement screens remain separate. No political title, full settlement population, complete land/island footprint, or region approval is inferred."
gb:NGA:ADM2:59680162B38736391522213,Idemili South,Nigeria,gb:NGA:ADM2,2022,59680162B38736391522213,Idemili South,Local Government Areas,ADM2,NGA,,Polygon,True,1,True,774,framework:province:anambra:60457f483104,framework:province:anambra:60457f483104,"['framework:province:anambra:60457f483104', 'framework:area:nigeria:13573928575a', 'framework:region:west-tropical-africa:ba6e06497098', 'framework:subcontinent:western-africa:6280a2b17f17', 'framework:continent:africa:d14fc0b285b2']",5,['Anambra'],supported,anambra,Anambra,['Anambra'],parent label matches normalized baseline,['NG004011'],unique normalized current name/explicit alias,"[{'current_name': 'Idemili South', 'current_pcode': 'NG004011', 'current_parent': 'Anambra', 'parent_pcode': 'NG004', 'valid_on': '2019-04-17', 'area_km2': 131.25874073, 'component_count': 1, 'WCA_point_count_by_code': 0, 'WCA_point_count_name_parent_candidate': 13, 'WCA_crosswalk_method': 'normalized ADM2+ADM1 labels; code-vintage mismatch candidate', 'WCA_points_inside_current_geometry': 13, 'WCA_same_code_points_outside_geometry': 0, 'Senegal_2017_OCHA_points_by_code': 0, 'Senegal_2017_points_inside_current_geometry': 0, 'admin_capital_records': 0, 'admin_capital_match_method': 'no capital record candidate', 'admin_capital_exact_code_records': 0, 'admin_capital_name_parent_candidate_records': 0}]",6,"{'current_name': 'Idemili South', 'current_pcode': 'NG004011', 'intersection_km2': 95.498381, 'legacy_coverage_pct': 91.82924, 'screen_only': True}",0,13,0,0,[],insufficient-evidence,['physical land/island completeness and current settlement completeness remain unverified'],Pinned source role 'Local Government Areas' is independently represented as COD-AB ADM2 for these features; source role and administrative level alone do not certify tier purpose or physical extent.,"Source name/code, administration and settlement screens remain separate. No political title, full settlement population, complete land/island footprint, or region approval is inferred."
gb:NGA:ADM2:59680162B39308677673484,Ibaji,Nigeria,gb:NGA:ADM2,2022,59680162B39308677673484,Ibaji,Local Government Areas,ADM2,NGA,,Polygon,True,1,True,774,framework:province:kogi:2143f75eb90a,framework:province:kogi:2143f75eb90a,"['framework:province:kogi:2143f75eb90a', 'framework:area:nigeria:13573928575a', 'framework:region:west-tropical-africa:ba6e06497098', 'framework:subcontinent:western-africa:6280a2b17f17', 'framework:continent:africa:d14fc0b285b2']",5,['Kogi'],supported,kogi,Kogi,['Kogi'],parent label matches normalized baseline,['NG023006'],unique normalized current name/explicit alias,"[{'current_name': 'Ibaji', 'current_pcode': 'NG023006', 'current_parent': 'Kogi', 'parent_pcode': 'NG023', 'valid_on': '2019-04-17', 'area_km2': 1334.99314744, 'component_count': 1, 'WCA_point_count_by_code': 0, 'WCA_point_count_name_parent_candidate': 31, 'WCA_crosswalk_method': 'normalized ADM2+ADM1 labels; code-vintage mismatch candidate', 'WCA_points_inside_current_geometry': 31, 'WCA_same_code_points_outside_geometry': 0, 'Senegal_2017_OCHA_points_by_code': 0, 'Senegal_2017_points_inside_current_geometry': 0, 'admin_capital_records': 1, 'admin_capital_match_method': 'normalized ADM2+ADM1 name candidate; source-code vintage differs', 'admin_capital_exact_code_records': 0, 'admin_capital_name_parent_candidate_records': 1}]",7,"{'current_name': 'Ibaji', 'current_pcode': 'NG023006', 'intersection_km2': 1310.50579, 'legacy_coverage_pct': 97.34291, 'screen_only': True}",0,31,0,0,"[{'name': 'Ofu, River', 'coordinates_lon_lat': [6.941511, 6.791359], 'adm_p_lvl': 2, 'admin2_name': 'Ibaji', 'admin2_pcode': 'NG2306', 'admin1_name': 'Kogi', 'admin1_pcode': 'NG23', 'valid_on': '2019-04-17', 'match_method': 'normalized ADM2+ADM1 name candidate; source-code vintage differs', 'capital_point_in_candidate_geometry': True}]",insufficient-evidence,['physical land/island completeness and current settlement completeness remain unverified'],Pinned source role 'Local Government Areas' is independently represented as COD-AB ADM2 for these features; source role and administrative level alone do not certify tier purpose or physical extent.,"Source name/code, administration and settlement screens remain separate. No political title, full settlement population, complete land/island footprint, or region approval is inferred."
gb:NGA:ADM2:59680162B39513276000218,Owerri North,Nigeria,gb:NGA:ADM2,2022,59680162B39513276000218,Owerri North,Local Government Areas,ADM2,NGA,,Polygon,True,1,True,774,framework:province:imo:a94708264d83,framework:province:imo:a94708264d83,"['framework:province:imo:a94708264d83', 'framework:area:nigeria:13573928575a', 'framework:region:west-tropical-africa:ba6e06497098', 'framework:subcontinent:western-africa:6280a2b17f17', 'framework:continent:africa:d14fc0b285b2']",5,['Imo'],supported,imo,Imo,['Imo'],parent label matches normalized baseline,['NG017024'],unique normalized current name/explicit alias,"[{'current_name': 'Owerri North', 'current_pcode': 'NG017024', 'current_parent': 'Imo', 'parent_pcode': 'NG017', 'valid_on': '2019-04-17', 'area_km2': 193.94643899, 'component_count': 1, 'WCA_point_count_by_code': 0, 'WCA_point_count_name_parent_candidate': 22, 'WCA_crosswalk_method': 'normalized ADM2+ADM1 labels; code-vintage mismatch candidate', 'WCA_points_inside_current_geometry': 22, 'WCA_same_code_points_outside_geometry': 0, 'Senegal_2017_OCHA_points_by_code': 0, 'Senegal_2017_points_inside_current_geometry': 0, 'admin_capital_records': 0, 'admin_capital_match_method': 'no capital record candidate', 'admin_capital_exact_code_records': 0, 'admin_capital_name_parent_candidate_records': 0}]",7,"{'current_name': 'Owerri North', 'current_pcode': 'NG017024', 'intersection_km2': 153.944461, 'legacy_coverage_pct': 83.53657, 'screen_only': True}",0,22,0,0,[],insufficient-evidence,['physical land/island completeness and current settlement completeness remain unverified'],Pinned source role 'Local Government Areas' is independently represented as COD-AB ADM2 for these features; source role and administrative level alone do not certify tier purpose or physical extent.,"Source name/code, administration and settlement screens remain separate. No political title, full settlement population, complete land/island footprint, or region approval is inferred."
gb:NGA:ADM2:59680162B40491222708573,Magama,Nigeria,gb:NGA:ADM2,2022,59680162B40491222708573,Magama,Local Government Areas,ADM2,NGA,,Polygon,True,1,True,774,framework:province:niger:76d278c157e8,framework:province:niger:76d278c157e8,"['framework:province:niger:76d278c157e8', 'framework:area:nigeria:13573928575a', 'framework:region:west-tropical-africa:ba6e06497098', 'framework:subcontinent:western-africa:6280a2b17f17', 'framework:continent:africa:d14fc0b285b2']",5,['Niger'],supported,niger,Niger,['Niger'],parent label matches normalized baseline,['NG027014'],unique normalized current name/explicit alias,"[{'current_name': 'Magama', 'current_pcode': 'NG027014', 'current_parent': 'Niger', 'parent_pcode': 'NG027', 'valid_on': '2019-04-17', 'area_km2': 4056.23000818, 'component_count': 1, 'WCA_point_count_by_code': 0, 'WCA_point_count_name_parent_candidate': 142, 'WCA_crosswalk_method': 'normalized ADM2+ADM1 labels; code-vintage mismatch candidate', 'WCA_points_inside_current_geometry': 142, 'WCA_same_code_points_outside_geometry': 0, 'Senegal_2017_OCHA_points_by_code': 0, 'Senegal_2017_points_inside_current_geometry': 0, 'admin_capital_records': 1, 'admin_capital_match_method': 'normalized ADM2+ADM1 name candidate; source-code vintage differs', 'admin_capital_exact_code_records': 0, 'admin_capital_name_parent_candidate_records': 1}]",6,"{'current_name': 'Magama', 'current_pcode': 'NG027014', 'intersection_km2': 3551.869512, 'legacy_coverage_pct': 97.55417, 'screen_only': True}",0,142,0,0,"[{'name': 'Nasko', 'coordinates_lon_lat': [4.879207, 10.487156], 'adm_p_lvl': 2, 'admin2_name': 'Magama', 'admin2_pcode': 'NG2714', 'admin1_name': 'Niger', 'admin1_pcode': 'NG27', 'valid_on': '2019-04-17', 'match_method': 'normalized ADM2+ADM1 name candidate; source-code vintage differs', 'capital_point_in_candidate_geometry': True}]",insufficient-evidence,['physical land/island completeness and current settlement completeness remain unverified'],Pinned source role 'Local Government Areas' is independently represented as COD-AB ADM2 for these features; source role and administrative level alone do not certify tier purpose or physical extent.,"Source name/code, administration and settlement screens remain separate. No political title, full settlement population, complete land/island footprint, or region approval is inferred."
gb:NGA:ADM2:59680162B42022523568798,Njikoka,Nigeria,gb:NGA:ADM2,2022,59680162B42022523568798,Njikoka,Local Government Areas,ADM2,NGA,,Polygon,True,1,True,774,framework:province:anambra:60457f483104,framework:province:anambra:60457f483104,"['framework:province:anambra:60457f483104', 'framework:area:nigeria:13573928575a', 'framework:region:west-tropical-africa:ba6e06497098', 'framework:subcontinent:western-africa:6280a2b17f17', 'framework:continent:africa:d14fc0b285b2']",5,['Anambra'],supported,anambra,Anambra,['Anambra'],parent label matches normalized baseline,['NG004013'],unique normalized current name/explicit alias,"[{'current_name': 'Njikoka', 'current_pcode': 'NG004013', 'current_parent': 'Anambra', 'parent_pcode': 'NG004', 'valid_on': '2019-04-17', 'area_km2': 97.44535338, 'component_count': 1, 'WCA_point_count_by_code': 0, 'WCA_point_count_name_parent_candidate': 13, 'WCA_crosswalk_method': 'normalized ADM2+ADM1 labels; code-vintage mismatch candidate', 'WCA_points_inside_current_geometry': 13, 'WCA_same_code_points_outside_geometry': 0, 'Senegal_2017_OCHA_points_by_code': 0, 'Senegal_2017_points_inside_current_geometry': 0, 'admin_capital_records': 2, 'admin_capital_match_method': 'normalized ADM2+ADM1 name candidate; source-code vintage differs', 'admin_capital_exact_code_records': 0, 'admin_capital_name_parent_candidate_records': 2}]",2,"{'current_name': 'Njikoka', 'current_pcode': 'NG004013', 'intersection_km2': 53.196153, 'legacy_coverage_pct': 96.19054, 'screen_only': True}",0,13,0,0,"[{'name': 'Abagana', 'coordinates_lon_lat': [6.976553, 6.184196], 'adm_p_lvl': 2, 'admin2_name': 'Njikoka', 'admin2_pcode': 'NG0413', 'admin1_name': 'Anambra', 'admin1_pcode': 'NG04', 'valid_on': '2019-04-17', 'match_method': 'normalized ADM2+ADM1 name candidate; source-code vintage differs', 'capital_point_in_candidate_geometry': True}, {'name': 'Ukpo', 'coordinates_lon_lat': [6.964155, 6.212867], 'adm_p_lvl': 2, 'admin2_name': 'Njikoka', 'admin2_pcode': 'NG0413', 'admin1_name': 'Anambra', 'admin1_pcode': 'NG04', 'valid_on': '2019-04-17', 'match_method': 'normalized ADM2+ADM1 name candidate; source-code vintage differs', 'capital_point_in_candidate_geometry': True}]",insufficient-evidence,['physical land/island completeness and current settlement completeness remain unverified'],Pinned source role 'Local Government Areas' is independently represented as COD-AB ADM2 for these features; source role and administrative level alone do not certify tier purpose or physical extent.,"Source name/code, administration and settlement screens remain separate. No political title, full settlement population, complete land/island footprint, or region approval is inferred."
gb:NGA:ADM2:59680162B42162352171568,Birnin Magaji-Kiyaw,Nigeria,gb:NGA:ADM2,2022,59680162B42162352171568,Birnin Magaji-Kiyaw,Local Government Areas,ADM2,NGA,,Polygon,True,1,True,774,framework:province:zamfara:f060723678a4,framework:province:zamfara:f060723678a4,"['framework:province:zamfara:f060723678a4', 'framework:area:nigeria:13573928575a', 'framework:region:west-tropical-africa:ba6e06497098', 'framework:subcontinent:western-africa:6280a2b17f17', 'framework:continent:africa:d14fc0b285b2']",5,['Zamfara'],supported,zamfara,Zamfara,['Zamfara'],parent label matches normalized baseline,['NG037003'],unique normalized current name/explicit alias,"[{'current_name': 'Birnin Magaji', 'current_pcode': 'NG037003', 'current_parent': 'Zamfara', 'parent_pcode': 'NG037', 'valid_on': '2019-04-17', 'area_km2': 1239.957662, 'component_count': 1, 'WCA_point_count_by_code': 0, 'WCA_point_count_name_parent_candidate': 47, 'WCA_crosswalk_method': 'normalized ADM2+ADM1 labels; code-vintage mismatch candidate', 'WCA_points_inside_current_geometry': 47, 'WCA_same_code_points_outside_geometry': 0, 'Senegal_2017_OCHA_points_by_code': 0, 'Senegal_2017_points_inside_current_geometry': 0, 'admin_capital_records': 1, 'admin_capital_match_method': 'normalized ADM2+ADM1 name candidate; source-code vintage differs', 'admin_capital_exact_code_records': 0, 'admin_capital_name_parent_candidate_records': 1}]",6,"{'current_name': 'Birnin Magaji', 'current_pcode': 'NG037003', 'intersection_km2': 1040.987785, 'legacy_coverage_pct': 84.33478, 'screen_only': True}",0,47,0,0,"[{'name': 'Birni Mogaji', 'coordinates_lon_lat': [6.811283, 12.543635], 'adm_p_lvl': 2, 'admin2_name': 'Birnin Magaji', 'admin2_pcode': 'NG3703', 'admin1_name': 'Zamfara', 'admin1_pcode': 'NG37', 'valid_on': '2019-04-17', 'match_method': 'normalized ADM2+ADM1 name candidate; source-code vintage differs', 'capital_point_in_candidate_geometry': True}]",insufficient-evidence,['physical land/island completeness and current settlement completeness remain unverified'],Pinned source role 'Local Government Areas' is independently represented as COD-AB ADM2 for these features; source role and administrative level alone do not certify tier purpose or physical extent.,"Source name/code, administration and settlement screens remain separate. No political title, full settlement population, complete land/island footprint, or region approval is inferred."
gb:NGA:ADM2:59680162B42207826884677,Gbako,Nigeria,gb:NGA:ADM2,2022,59680162B42207826884677,Gbako,Local Government Areas,ADM2,NGA,,Polygon,True,1,True,774,framework:province:niger:76d278c157e8,framework:province:niger:76d278c157e8,"['framework:province:niger:76d278c157e8', 'framework:area:nigeria:13573928575a', 'framework:region:west-tropical-africa:ba6e06497098', 'framework:subcontinent:western-africa:6280a2b17f17', 'framework:continent:africa:d14fc0b285b2']",5,['Niger'],supported,niger,Niger,['Niger'],parent label matches normalized baseline,['NG027008'],unique normalized current name/explicit alias,"[{'current_name': 'Gbako', 'current_pcode': 'NG027008', 'current_parent': 'Niger', 'parent_pcode': 'NG027', 'valid_on': '2019-04-17', 'area_km2': 1750.318045, 'component_count': 1, 'WCA_point_count_by_code': 0, 'WCA_point_count_name_parent_candidate': 138, 'WCA_crosswalk_method': 'normalized ADM2+ADM1 labels; code-vintage mismatch candidate', 'WCA_points_inside_current_geometry': 138, 'WCA_same_code_points_outside_geometry': 0, 'Senegal_2017_OCHA_points_by_code': 0, 'Senegal_2017_points_inside_current_geometry': 0, 'admin_capital_records': 1, 'admin_capital_match_method': 'normalized ADM2+ADM1 name candidate; source-code vintage differs', 'admin_capital_exact_code_records': 0, 'admin_capital_name_parent_candidate_records': 1}]",5,"{'current_name': 'Gbako', 'current_pcode': 'NG027008', 'intersection_km2': 1386.914003, 'legacy_coverage_pct': 90.25302, 'screen_only': True}",0,138,0,0,"[{'name': 'Lemu', 'coordinates_lon_lat': [6.033333, 9.4], 'adm_p_lvl': 2, 'admin2_name': 'Gbako', 'admin2_pcode': 'NG2708', 'admin1_name': 'Niger', 'admin1_pcode': 'NG27', 'valid_on': '2019-04-17', 'match_method': 'normalized ADM2+ADM1 name candidate; source-code vintage differs', 'capital_point_in_candidate_geometry': True}]",insufficient-evidence,['physical land/island completeness and current settlement completeness remain unverified'],Pinned source role 'Local Government Areas' is independently represented as COD-AB ADM2 for these features; source role and administrative level alone do not certify tier purpose or physical extent.,"Source name/code, administration and settlement screens remain separate. No political title, full settlement population, complete land/island footprint, or region approval is inferred."
gb:NGA:ADM2:59680162B42338651294858,Awka South,Nigeria,gb:NGA:ADM2,2022,59680162B42338651294858,Awka South,Local Government Areas,ADM2,NGA,,Polygon,True,1,True,774,framework:province:anambra:60457f483104,framework:province:anambra:60457f483104,"['framework:province:anambra:60457f483104', 'framework:area:nigeria:13573928575a', 'framework:region:west-tropical-africa:ba6e06497098', 'framework:subcontinent:western-africa:6280a2b17f17', 'framework:continent:africa:d14fc0b285b2']",5,['Anambra'],supported,anambra,Anambra,['Anambra'],parent label matches normalized baseline,['NG004006'],unique normalized current name/explicit alias,"[{'current_name': 'Awka South', 'current_pcode': 'NG004006', 'current_parent': 'Anambra', 'parent_pcode': 'NG004', 'valid_on': '2019-04-17', 'area_km2': 173.42762836, 'component_count': 1, 'WCA_point_count_by_code': 0, 'WCA_point_count_name_parent_candidate': 18, 'WCA_crosswalk_method': 'normalized ADM2+ADM1 labels; code-vintage mismatch candidate', 'WCA_points_inside_current_geometry': 18, 'WCA_same_code_points_outside_geometry': 0, 'Senegal_2017_OCHA_points_by_code': 0, 'Senegal_2017_points_inside_current_geometry': 0, 'admin_capital_records': 1, 'admin_capital_match_method': 'normalized ADM2+ADM1 name candidate; source-code vintage differs', 'admin_capital_exact_code_records': 0, 'admin_capital_name_parent_candidate_records': 1}]",5,"{'current_name': 'Awka South', 'current_pcode': 'NG004006', 'intersection_km2': 139.402102, 'legacy_coverage_pct': 88.78713, 'screen_only': True}",0,18,0,0,"[{'name': 'Akwa', 'coordinates_lon_lat': [7.074115, 6.210095], 'adm_p_lvl': 1, 'admin2_name': 'Awka South', 'admin2_pcode': 'NG0406', 'admin1_name': 'Anambra', 'admin1_pcode': 'NG04', 'valid_on': '2019-04-17', 'match_method': 'normalized ADM2+ADM1 name candidate; source-code vintage differs', 'capital_point_in_candidate_geometry': True}]",insufficient-evidence,['physical land/island completeness and current settlement completeness remain unverified'],Pinned source role 'Local Government Areas' is independently represented as COD-AB ADM2 for these features; source role and administrative level alone do not certify tier purpose or physical extent.,"Source name/code, administration and settlement screens remain separate. No political title, full settlement population, complete land/island footprint, or region approval is inferred."
gb:NGA:ADM2:59680162B43558777101724,Bukkuyum,Nigeria,gb:NGA:ADM2,2022,59680162B43558777101724,Bukkuyum,Local Government Areas,ADM2,NGA,,Polygon,True,1,True,774,framework:province:zamfara:f060723678a4,framework:province:zamfara:f060723678a4,"['framework:province:zamfara:f060723678a4', 'framework:area:nigeria:13573928575a', 'framework:region:west-tropical-africa:ba6e06497098', 'framework:subcontinent:western-africa:6280a2b17f17', 'framework:continent:africa:d14fc0b285b2']",5,['Zamfara'],supported,zamfara,Zamfara,['Zamfara'],parent label matches normalized baseline,['NG037004'],unique normalized current name/explicit alias,"[{'current_name': 'Bukkuyum', 'current_pcode': 'NG037004', 'current_parent': 'Zamfara', 'parent_pcode': 'NG037', 'valid_on': '2019-04-17', 'area_km2': 3296.08348095, 'component_count': 1, 'WCA_point_count_by_code': 0, 'WCA_point_count_name_parent_candidate': 28, 'WCA_crosswalk_method': 'normalized ADM2+ADM1 labels; code-vintage mismatch candidate', 'WCA_points_inside_current_geometry': 28, 'WCA_same_code_points_outside_geometry': 0, 'Senegal_2017_OCHA_points_by_code': 0, 'Senegal_2017_points_inside_current_geometry': 0, 'admin_capital_records': 1, 'admin_capital_match_method': 'normalized ADM2+ADM1 name candidate; source-code vintage differs', 'admin_capital_exact_code_records': 0, 'admin_capital_name_parent_candidate_records': 1}]",7,"{'current_name': 'Bukkuyum', 'current_pcode': 'NG037004', 'intersection_km2': 3190.054073, 'legacy_coverage_pct': 85.02054, 'screen_only': True}",0,28,0,0,"[{'name': 'Bukkuyum', 'coordinates_lon_lat': [5.466486, 12.137692], 'adm_p_lvl': 2, 'admin2_name': 'Bukkuyum', 'admin2_pcode': 'NG3704', 'admin1_name': 'Zamfara', 'admin1_pcode': 'NG37', 'valid_on': '2019-04-17', 'match_method': 'normalized ADM2+ADM1 name candidate; source-code vintage differs', 'capital_point_in_candidate_geometry': True}]",insufficient-evidence,['physical land/island completeness and current settlement completeness remain unverified'],Pinned source role 'Local Government Areas' is independently represented as COD-AB ADM2 for these features; source role and administrative level alone do not certify tier purpose or physical extent.,"Source name/code, administration and settlement screens remain separate. No political title, full settlement population, complete land/island footprint, or region approval is inferred."
gb:NGA:ADM2:59680162B43671986122418,Gudu,Nigeria,gb:NGA:ADM2,2022,59680162B43671986122418,Gudu,Local Government Areas,ADM2,NGA,,Polygon,True,1,True,774,framework:province:sokoto:38a75936a981,framework:province:sokoto:38a75936a981,"['framework:province:sokoto:38a75936a981', 'framework:area:nigeria:13573928575a', 'framework:region:west-tropical-africa:ba6e06497098', 'framework:subcontinent:western-africa:6280a2b17f17', 'framework:continent:africa:d14fc0b285b2']",5,['Sokoto'],supported,sokoto,Sokoto,['Sokoto'],parent label matches normalized baseline,['NG034007'],unique normalized current name/explicit alias,"[{'current_name': 'Gudu', 'current_pcode': 'NG034007', 'current_parent': 'Sokoto', 'parent_pcode': 'NG034', 'valid_on': '2019-04-17', 'area_km2': 3281.83252971, 'component_count': 1, 'WCA_point_count_by_code': 0, 'WCA_point_count_name_parent_candidate': 173, 'WCA_crosswalk_method': 'normalized ADM2+ADM1 labels; code-vintage mismatch candidate', 'WCA_points_inside_current_geometry': 173, 'WCA_same_code_points_outside_geometry': 0, 'Senegal_2017_OCHA_points_by_code': 0, 'Senegal_2017_points_inside_current_geometry': 0, 'admin_capital_records': 1, 'admin_capital_match_method': 'normalized ADM2+ADM1 name candidate; source-code vintage differs', 'admin_capital_exact_code_records': 0, 'admin_capital_name_parent_candidate_records': 1}]",3,"{'current_name': 'Gudu', 'current_pcode': 'NG034007', 'intersection_km2': 2954.268965, 'legacy_coverage_pct': 98.86044, 'screen_only': True}",0,173,0,0,"[{'name': 'Balle', 'coordinates_lon_lat': [4.678966, 13.46856], 'adm_p_lvl': 2, 'admin2_name': 'Gudu', 'admin2_pcode': 'NG3407', 'admin1_name': 'Sokoto', 'admin1_pcode': 'NG34', 'valid_on': '2019-04-17', 'match_method': 'normalized ADM2+ADM1 name candidate; source-code vintage differs', 'capital_point_in_candidate_geometry': True}]",insufficient-evidence,['physical land/island completeness and current settlement completeness remain unverified'],Pinned source role 'Local Government Areas' is independently represented as COD-AB ADM2 for these features; source role and administrative level alone do not certify tier purpose or physical extent.,"Source name/code, administration and settlement screens remain separate. No political title, full settlement population, complete land/island footprint, or region approval is inferred."
gb:NGA:ADM2:59680162B43824241108050,Oye,Nigeria,gb:NGA:ADM2,2022,59680162B43824241108050,Oye,Local Government Areas,ADM2,NGA,,Polygon,True,1,True,774,framework:province:ekiti:1dc223e0cd0e,framework:province:ekiti:1dc223e0cd0e,"['framework:province:ekiti:1dc223e0cd0e', 'framework:area:nigeria:13573928575a', 'framework:region:west-tropical-africa:ba6e06497098', 'framework:subcontinent:western-africa:6280a2b17f17', 'framework:continent:africa:d14fc0b285b2']",5,['Ekiti'],supported,ekiti,Ekiti,['Ekiti'],parent label matches normalized baseline,['NG013016'],unique normalized current name/explicit alias,"[{'current_name': 'Oye', 'current_pcode': 'NG013016', 'current_parent': 'Ekiti', 'parent_pcode': 'NG013', 'valid_on': '2019-04-17', 'area_km2': 505.80857539, 'component_count': 1, 'WCA_point_count_by_code': 0, 'WCA_point_count_name_parent_candidate': 22, 'WCA_crosswalk_method': 'normalized ADM2+ADM1 labels; code-vintage mismatch candidate', 'WCA_points_inside_current_geometry': 22, 'WCA_same_code_points_outside_geometry': 0, 'Senegal_2017_OCHA_points_by_code': 0, 'Senegal_2017_points_inside_current_geometry': 0, 'admin_capital_records': 1, 'admin_capital_match_method': 'normalized ADM2+ADM1 name candidate; source-code vintage differs', 'admin_capital_exact_code_records': 0, 'admin_capital_name_parent_candidate_records': 1}]",6,"{'current_name': 'Oye', 'current_pcode': 'NG013016', 'intersection_km2': 477.889584, 'legacy_coverage_pct': 82.47694, 'screen_only': True}",0,22,0,0,"[{'name': 'Oye', 'coordinates_lon_lat': [5.332422, 7.799765], 'adm_p_lvl': 2, 'admin2_name': 'Oye', 'admin2_pcode': 'NG1316', 'admin1_name': 'Ekiti', 'admin1_pcode': 'NG13', 'valid_on': '2019-04-17', 'match_method': 'normalized ADM2+ADM1 name candidate; source-code vintage differs', 'capital_point_in_candidate_geometry': True}]",insufficient-evidence,['physical land/island completeness and current settlement completeness remain unverified'],Pinned source role 'Local Government Areas' is independently represented as COD-AB ADM2 for these features; source role and administrative level alone do not certify tier purpose or physical extent.,"Source name/code, administration and settlement screens remain separate. No political title, full settlement population, complete land/island footprint, or region approval is inferred."
gb:NGA:ADM2:59680162B43870676483034,Bomadi,Nigeria,gb:NGA:ADM2,2022,59680162B43870676483034,Bomadi,Local Government Areas,ADM2,NGA,,Polygon,True,1,True,774,framework:province:delta:c9181c18b197,framework:province:delta:c9181c18b197,"['framework:province:delta:c9181c18b197', 'framework:area:nigeria:13573928575a', 'framework:region:west-tropical-africa:ba6e06497098', 'framework:subcontinent:western-africa:6280a2b17f17', 'framework:continent:africa:d14fc0b285b2']",5,['Delta'],supported,delta,Delta,['Delta'],parent label matches normalized baseline,['NG010003'],unique normalized current name/explicit alias,"[{'current_name': 'Bomadi', 'current_pcode': 'NG010003', 'current_parent': 'Delta', 'parent_pcode': 'NG010', 'valid_on': '2019-04-17', 'area_km2': 128.71230952, 'component_count': 4, 'WCA_point_count_by_code': 0, 'WCA_point_count_name_parent_candidate': 29, 'WCA_crosswalk_method': 'normalized ADM2+ADM1 labels; code-vintage mismatch candidate', 'WCA_points_inside_current_geometry': 29, 'WCA_same_code_points_outside_geometry': 0, 'Senegal_2017_OCHA_points_by_code': 0, 'Senegal_2017_points_inside_current_geometry': 0, 'admin_capital_records': 1, 'admin_capital_match_method': 'normalized ADM2+ADM1 name candidate; source-code vintage differs', 'admin_capital_exact_code_records': 0, 'admin_capital_name_parent_candidate_records': 1}]",4,"{'current_name': 'Bomadi', 'current_pcode': 'NG010003', 'intersection_km2': 98.306326, 'legacy_coverage_pct': 47.38776, 'screen_only': True}",0,29,0,0,"[{'name': 'Bomadi', 'coordinates_lon_lat': [5.92516, 5.159311], 'adm_p_lvl': 2, 'admin2_name': 'Bomadi', 'admin2_pcode': 'NG1003', 'admin1_name': 'Delta', 'admin1_pcode': 'NG10', 'valid_on': '2019-04-17', 'match_method': 'normalized ADM2+ADM1 name candidate; source-code vintage differs', 'capital_point_in_candidate_geometry': True}]",insufficient-evidence,['physical land/island completeness and current settlement completeness remain unverified'],Pinned source role 'Local Government Areas' is independently represented as COD-AB ADM2 for these features; source role and administrative level alone do not certify tier purpose or physical extent.,"Source name/code, administration and settlement screens remain separate. No political title, full settlement population, complete land/island footprint, or region approval is inferred."
gb:NGA:ADM2:59680162B44112457363104,Bungudu,Nigeria,gb:NGA:ADM2,2022,59680162B44112457363104,Bungudu,Local Government Areas,ADM2,NGA,,Polygon,True,1,True,774,framework:province:zamfara:f060723678a4,framework:province:zamfara:f060723678a4,"['framework:province:zamfara:f060723678a4', 'framework:area:nigeria:13573928575a', 'framework:region:west-tropical-africa:ba6e06497098', 'framework:subcontinent:western-africa:6280a2b17f17', 'framework:continent:africa:d14fc0b285b2']",5,['Zamfara'],supported,zamfara,Zamfara,['Zamfara'],parent label matches normalized baseline,['NG037005'],unique normalized current name/explicit alias,"[{'current_name': 'Bungudu', 'current_pcode': 'NG037005', 'current_parent': 'Zamfara', 'parent_pcode': 'NG037', 'valid_on': '2019-04-17', 'area_km2': 2031.39664262, 'component_count': 1, 'WCA_point_count_by_code': 0, 'WCA_point_count_name_parent_candidate': 248, 'WCA_crosswalk_method': 'normalized ADM2+ADM1 labels; code-vintage mismatch candidate', 'WCA_points_inside_current_geometry': 248, 'WCA_same_code_points_outside_geometry': 0, 'Senegal_2017_OCHA_points_by_code': 0, 'Senegal_2017_points_inside_current_geometry': 0, 'admin_capital_records': 1, 'admin_capital_match_method': 'normalized ADM2+ADM1 name candidate; source-code vintage differs', 'admin_capital_exact_code_records': 0, 'admin_capital_name_parent_candidate_records': 1}]",7,"{'current_name': 'Bungudu', 'current_pcode': 'NG037005', 'intersection_km2': 1878.554067, 'legacy_coverage_pct': 90.42221, 'screen_only': True}",0,248,0,0,"[{'name': 'Bungudu', 'coordinates_lon_lat': [6.547476, 12.267152], 'adm_p_lvl': 2, 'admin2_name': 'Bungudu', 'admin2_pcode': 'NG3705', 'admin1_name': 'Zamfara', 'admin1_pcode': 'NG37', 'valid_on': '2019-04-17', 'match_method': 'normalized ADM2+ADM1 name candidate; source-code vintage differs', 'capital_point_in_candidate_geometry': True}]",insufficient-evidence,['physical land/island completeness and current settlement completeness remain unverified'],Pinned source role 'Local Government Areas' is independently represented as COD-AB ADM2 for these features; source role and administrative level alone do not certify tier purpose or physical extent.,"Source name/code, administration and settlement screens remain separate. No political title, full settlement population, complete land/island footprint, or region approval is inferred."
gb:NGA:ADM2:59680162B44242102017414,Ihiala,Nigeria,gb:NGA:ADM2,2022,59680162B44242102017414,Ihiala,Local Government Areas,ADM2,NGA,,Polygon,True,1,True,774,framework:province:anambra:60457f483104,framework:province:anambra:60457f483104,"['framework:province:anambra:60457f483104', 'framework:area:nigeria:13573928575a', 'framework:region:west-tropical-africa:ba6e06497098', 'framework:subcontinent:western-africa:6280a2b17f17', 'framework:continent:africa:d14fc0b285b2']",5,['Anambra'],supported,anambra,Anambra,['Anambra'],parent label matches normalized baseline,['NG004012'],unique normalized current name/explicit alias,"[{'current_name': 'Ihiala', 'current_pcode': 'NG004012', 'current_parent': 'Anambra', 'parent_pcode': 'NG004', 'valid_on': '2019-04-17', 'area_km2': 240.83021403, 'component_count': 1, 'WCA_point_count_by_code': 0, 'WCA_point_count_name_parent_candidate': 39, 'WCA_crosswalk_method': 'normalized ADM2+ADM1 labels; code-vintage mismatch candidate', 'WCA_points_inside_current_geometry': 39, 'WCA_same_code_points_outside_geometry': 0, 'Senegal_2017_OCHA_points_by_code': 0, 'Senegal_2017_points_inside_current_geometry': 0, 'admin_capital_records': 1, 'admin_capital_match_method': 'normalized ADM2+ADM1 name candidate; source-code vintage differs', 'admin_capital_exact_code_records': 0, 'admin_capital_name_parent_candidate_records': 1}]",7,"{'current_name': 'Ihiala', 'current_pcode': 'NG004012', 'intersection_km2': 222.254725, 'legacy_coverage_pct': 74.94636, 'screen_only': True}",0,39,0,0,"[{'name': 'Ihiala', 'coordinates_lon_lat': [6.860265, 5.853769], 'adm_p_lvl': 2, 'admin2_name': 'Ihiala', 'admin2_pcode': 'NG0412', 'admin1_name': 'Anambra', 'admin1_pcode': 'NG04', 'valid_on': '2019-04-17', 'match_method': 'normalized ADM2+ADM1 name candidate; source-code vintage differs', 'capital_point_in_candidate_geometry': True}]",insufficient-evidence,['physical land/island completeness and current settlement completeness remain unverified'],Pinned source role 'Local Government Areas' is independently represented as COD-AB ADM2 for these features; source role and administrative level alone do not certify tier purpose or physical extent.,"Source name/code, administration and settlement screens remain separate. No political title, full settlement population, complete land/island footprint, or region approval is inferred."
gb:NGA:ADM2:59680162B44850901768514,Orsu,Nigeria,gb:NGA:ADM2,2022,59680162B44850901768514,Orsu,Local Government Areas,ADM2,NGA,,Polygon,True,1,True,774,framework:province:imo:a94708264d83,framework:province:imo:a94708264d83,"['framework:province:imo:a94708264d83', 'framework:area:nigeria:13573928575a', 'framework:region:west-tropical-africa:ba6e06497098', 'framework:subcontinent:western-africa:6280a2b17f17', 'framework:continent:africa:d14fc0b285b2']",5,['Imo'],supported,imo,Imo,['Imo'],parent label matches normalized baseline,['NG017021'],unique normalized current name/explicit alias,"[{'current_name': 'Orsu', 'current_pcode': 'NG017021', 'current_parent': 'Imo', 'parent_pcode': 'NG017', 'valid_on': '2019-04-17', 'area_km2': 75.05410525, 'component_count': 1, 'WCA_point_count_by_code': 0, 'WCA_point_count_name_parent_candidate': 17, 'WCA_crosswalk_method': 'normalized ADM2+ADM1 labels; code-vintage mismatch candidate', 'WCA_points_inside_current_geometry': 17, 'WCA_same_code_points_outside_geometry': 0, 'Senegal_2017_OCHA_points_by_code': 0, 'Senegal_2017_points_inside_current_geometry': 0, 'admin_capital_records': 1, 'admin_capital_match_method': 'normalized ADM2+ADM1 name candidate; source-code vintage differs', 'admin_capital_exact_code_records': 0, 'admin_capital_name_parent_candidate_records': 1}]",6,"{'current_name': 'Orsu', 'current_pcode': 'NG017021', 'intersection_km2': 49.911442, 'legacy_coverage_pct': 76.18945, 'screen_only': True}",0,17,0,0,"[{'name': 'Awo Idemiri', 'coordinates_lon_lat': [6.935979, 5.823884], 'adm_p_lvl': 2, 'admin2_name': 'Orsu', 'admin2_pcode': 'NG1721', 'admin1_name': 'Imo', 'admin1_pcode': 'NG17', 'valid_on': '2019-04-17', 'match_method': 'normalized ADM2+ADM1 name candidate; source-code vintage differs', 'capital_point_in_candidate_geometry': True}]",insufficient-evidence,['physical land/island completeness and current settlement completeness remain unverified'],Pinned source role 'Local Government Areas' is independently represented as COD-AB ADM2 for these features; source role and administrative level alone do not certify tier purpose or physical extent.,"Source name/code, administration and settlement screens remain separate. No political title, full settlement population, complete land/island footprint, or region approval is inferred."
gb:NGA:ADM2:59680162B45171834970391,Olamaboro,Nigeria,gb:NGA:ADM2,2022,59680162B45171834970391,Olamaboro,Local Government Areas,ADM2,NGA,,Polygon,True,1,True,774,framework:province:kogi:2143f75eb90a,framework:province:kogi:2143f75eb90a,"['framework:province:kogi:2143f75eb90a', 'framework:area:nigeria:13573928575a', 'framework:region:west-tropical-africa:ba6e06497098', 'framework:subcontinent:western-africa:6280a2b17f17', 'framework:continent:africa:d14fc0b285b2']",5,['Kogi'],supported,kogi,Kogi,['Kogi'],parent label matches normalized baseline,['NG023018'],unique normalized current name/explicit alias,"[{'current_name': 'Olamabolo', 'current_pcode': 'NG023018', 'current_parent': 'Kogi', 'parent_pcode': 'NG023', 'valid_on': '2019-04-17', 'area_km2': 990.46473238, 'component_count': 1, 'WCA_point_count_by_code': 0, 'WCA_point_count_name_parent_candidate': 37, 'WCA_crosswalk_method': 'normalized ADM2+ADM1 labels; code-vintage mismatch candidate', 'WCA_points_inside_current_geometry': 37, 'WCA_same_code_points_outside_geometry': 0, 'Senegal_2017_OCHA_points_by_code': 0, 'Senegal_2017_points_inside_current_geometry': 0, 'admin_capital_records': 1, 'admin_capital_match_method': 'normalized ADM2+ADM1 name candidate; source-code vintage differs', 'admin_capital_exact_code_records': 0, 'admin_capital_name_parent_candidate_records': 1}]",8,"{'current_name': 'Olamabolo', 'current_pcode': 'NG023018', 'intersection_km2': 970.426144, 'legacy_coverage_pct': 85.96623, 'screen_only': True}",0,37,0,0,"[{'name': 'Okpo', 'coordinates_lon_lat': [7.5596, 7.1844], 'adm_p_lvl': 2, 'admin2_name': 'Olamabolo', 'admin2_pcode': 'NG2318', 'admin1_name': 'Kogi', 'admin1_pcode': 'NG23', 'valid_on': '2019-04-17', 'match_method': 'normalized ADM2+ADM1 name candidate; source-code vintage differs', 'capital_point_in_candidate_geometry': True}]",insufficient-evidence,['physical land/island completeness and current settlement completeness remain unverified'],Pinned source role 'Local Government Areas' is independently represented as COD-AB ADM2 for these features; source role and administrative level alone do not certify tier purpose or physical extent.,"Source name/code, administration and settlement screens remain separate. No political title, full settlement population, complete land/island footprint, or region approval is inferred."
gb:NGA:ADM2:59680162B45761990386675,Mashegu,Nigeria,gb:NGA:ADM2,2022,59680162B45761990386675,Mashegu,Local Government Areas,ADM2,NGA,,Polygon,True,1,True,774,framework:province:niger:76d278c157e8,framework:province:niger:76d278c157e8,"['framework:province:niger:76d278c157e8', 'framework:area:nigeria:13573928575a', 'framework:region:west-tropical-africa:ba6e06497098', 'framework:subcontinent:western-africa:6280a2b17f17', 'framework:continent:africa:d14fc0b285b2']",5,['Niger'],supported,niger,Niger,['Niger'],parent label matches normalized baseline,['NG027016'],unique normalized current name/explicit alias,"[{'current_name': 'Mashegu', 'current_pcode': 'NG027016', 'current_parent': 'Niger', 'parent_pcode': 'NG027', 'valid_on': '2019-04-17', 'area_km2': 9300.54260562, 'component_count': 1, 'WCA_point_count_by_code': 0, 'WCA_point_count_name_parent_candidate': 97, 'WCA_crosswalk_method': 'normalized ADM2+ADM1 labels; code-vintage mismatch candidate', 'WCA_points_inside_current_geometry': 97, 'WCA_same_code_points_outside_geometry': 0, 'Senegal_2017_OCHA_points_by_code': 0, 'Senegal_2017_points_inside_current_geometry': 0, 'admin_capital_records': 0, 'admin_capital_match_method': 'no capital record candidate', 'admin_capital_exact_code_records': 0, 'admin_capital_name_parent_candidate_records': 0}]",9,"{'current_name': 'Mashegu', 'current_pcode': 'NG027016', 'intersection_km2': 8640.902402, 'legacy_coverage_pct': 99.01045, 'screen_only': True}",0,97,0,0,[],insufficient-evidence,['physical land/island completeness and current settlement completeness remain unverified'],Pinned source role 'Local Government Areas' is independently represented as COD-AB ADM2 for these features; source role and administrative level alone do not certify tier purpose or physical extent.,"Source name/code, administration and settlement screens remain separate. No political title, full settlement population, complete land/island footprint, or region approval is inferred."
gb:NGA:ADM2:59680162B46174350236230,Warri South-West,Nigeria,gb:NGA:ADM2,2022,59680162B46174350236230,Warri South-West,Local Government Areas,ADM2,NGA,,MultiPolygon,True,3,True,774,framework:province:delta:c9181c18b197,framework:province:delta:c9181c18b197,"['framework:province:delta:c9181c18b197', 'framework:area:nigeria:13573928575a', 'framework:region:west-tropical-africa:ba6e06497098', 'framework:subcontinent:western-africa:6280a2b17f17', 'framework:continent:africa:d14fc0b285b2']",5,['Delta'],supported,delta,Delta,['Delta'],parent label matches normalized baseline,['NG010025'],unique normalized current name/explicit alias,"[{'current_name': 'Warri South West', 'current_pcode': 'NG010025', 'current_parent': 'Delta', 'parent_pcode': 'NG010', 'valid_on': '2019-04-17', 'area_km2': 1694.96709945, 'component_count': 1, 'WCA_point_count_by_code': 0, 'WCA_point_count_name_parent_candidate': 106, 'WCA_crosswalk_method': 'normalized ADM2+ADM1 labels; code-vintage mismatch candidate', 'WCA_points_inside_current_geometry': 106, 'WCA_same_code_points_outside_geometry': 0, 'Senegal_2017_OCHA_points_by_code': 0, 'Senegal_2017_points_inside_current_geometry': 0, 'admin_capital_records': 0, 'admin_capital_match_method': 'no capital record candidate', 'admin_capital_exact_code_records': 0, 'admin_capital_name_parent_candidate_records': 0}]",6,"{'current_name': 'Warri South West', 'current_pcode': 'NG010025', 'intersection_km2': 1202.918075, 'legacy_coverage_pct': 94.08581, 'screen_only': True}",0,106,0,0,[],insufficient-evidence,['physical land/island completeness and current settlement completeness remain unverified'],Pinned source role 'Local Government Areas' is independently represented as COD-AB ADM2 for these features; source role and administrative level alone do not certify tier purpose or physical extent.,"Source name/code, administration and settlement screens remain separate. No political title, full settlement population, complete land/island footprint, or region approval is inferred."
gb:NGA:ADM2:59680162B46774046834533,Ekiti South-West,Nigeria,gb:NGA:ADM2,2022,59680162B46774046834533,Ekiti South-West,Local Government Areas,ADM2,NGA,,Polygon,True,1,True,774,framework:province:ekiti:1dc223e0cd0e,framework:province:ekiti:1dc223e0cd0e,"['framework:province:ekiti:1dc223e0cd0e', 'framework:area:nigeria:13573928575a', 'framework:region:west-tropical-africa:ba6e06497098', 'framework:subcontinent:western-africa:6280a2b17f17', 'framework:continent:africa:d14fc0b285b2']",5,['Ekiti'],supported,ekiti,Ekiti,['Ekiti'],parent label matches normalized baseline,['NG013005'],unique normalized current name/explicit alias,"[{'current_name': 'Ekiti South West', 'current_pcode': 'NG013005', 'current_parent': 'Ekiti', 'parent_pcode': 'NG013', 'valid_on': '2019-04-17', 'area_km2': 336.02361391, 'component_count': 1, 'WCA_point_count_by_code': 0, 'WCA_point_count_name_parent_candidate': 9, 'WCA_crosswalk_method': 'normalized ADM2+ADM1 labels; code-vintage mismatch candidate', 'WCA_points_inside_current_geometry': 9, 'WCA_same_code_points_outside_geometry': 0, 'Senegal_2017_OCHA_points_by_code': 0, 'Senegal_2017_points_inside_current_geometry': 0, 'admin_capital_records': 1, 'admin_capital_match_method': 'normalized ADM2+ADM1 name candidate; source-code vintage differs', 'admin_capital_exact_code_records': 0, 'admin_capital_name_parent_candidate_records': 1}]",7,"{'current_name': 'Ekiti South West', 'current_pcode': 'NG013005', 'intersection_km2': 282.895009, 'legacy_coverage_pct': 97.14667, 'screen_only': True}",0,9,0,0,"[{'name': 'Ilawe-Ekiti', 'coordinates_lon_lat': [5.1086, 7.5986], 'adm_p_lvl': 2, 'admin2_name': 'Ekiti South West', 'admin2_pcode': 'NG1305', 'admin1_name': 'Ekiti', 'admin1_pcode': 'NG13', 'valid_on': '2019-04-17', 'match_method': 'normalized ADM2+ADM1 name candidate; source-code vintage differs', 'capital_point_in_candidate_geometry': True}]",insufficient-evidence,['physical land/island completeness and current settlement completeness remain unverified'],Pinned source role 'Local Government Areas' is independently represented as COD-AB ADM2 for these features; source role and administrative level alone do not certify tier purpose or physical extent.,"Source name/code, administration and settlement screens remain separate. No political title, full settlement population, complete land/island footprint, or region approval is inferred."
gb:NGA:ADM2:59680162B46802984315739,Opobo/Nkoro,Nigeria,gb:NGA:ADM2,2022,59680162B46802984315739,Opobo/Nkoro,Local Government Areas,ADM2,NGA,,Polygon,True,1,True,774,framework:province:rivers:00c506c91c8a,framework:province:rivers:00c506c91c8a,"['framework:province:rivers:00c506c91c8a', 'framework:area:nigeria:13573928575a', 'framework:region:west-tropical-africa:ba6e06497098', 'framework:subcontinent:western-africa:6280a2b17f17', 'framework:continent:africa:d14fc0b285b2']",5,['Rivers'],supported,rivers,Rivers,['Rivers'],parent label matches normalized baseline,['NG033020'],unique normalized current name/explicit alias,"[{'current_name': 'Opobo/Nkoro', 'current_pcode': 'NG033020', 'current_parent': 'Rivers', 'parent_pcode': 'NG033', 'valid_on': '2019-04-17', 'area_km2': 114.95588599, 'component_count': 1, 'WCA_point_count_by_code': 0, 'WCA_point_count_name_parent_candidate': 16, 'WCA_crosswalk_method': 'normalized ADM2+ADM1 labels; code-vintage mismatch candidate', 'WCA_points_inside_current_geometry': 16, 'WCA_same_code_points_outside_geometry': 0, 'Senegal_2017_OCHA_points_by_code': 0, 'Senegal_2017_points_inside_current_geometry': 0, 'admin_capital_records': 1, 'admin_capital_match_method': 'normalized ADM2+ADM1 name candidate; source-code vintage differs', 'admin_capital_exact_code_records': 0, 'admin_capital_name_parent_candidate_records': 1}]",3,"{'current_name': 'Opobo/Nkoro', 'current_pcode': 'NG033020', 'intersection_km2': 72.57974, 'legacy_coverage_pct': 73.03233, 'screen_only': True}",0,16,0,0,"[{'name': 'Nkoro', 'coordinates_lon_lat': [7.461163, 4.545627], 'adm_p_lvl': 2, 'admin2_name': 'Opobo/Nkoro', 'admin2_pcode': 'NG3320', 'admin1_name': 'Rivers', 'admin1_pcode': 'NG33', 'valid_on': '2019-04-17', 'match_method': 'normalized ADM2+ADM1 name candidate; source-code vintage differs', 'capital_point_in_candidate_geometry': True}]",insufficient-evidence,['physical land/island completeness and current settlement completeness remain unverified'],Pinned source role 'Local Government Areas' is independently represented as COD-AB ADM2 for these features; source role and administrative level alone do not certify tier purpose or physical extent.,"Source name/code, administration and settlement screens remain separate. No political title, full settlement population, complete land/island footprint, or region approval is inferred."
gb:NGA:ADM2:59680162B47068494760958,Yagba East,Nigeria,gb:NGA:ADM2,2022,59680162B47068494760958,Yagba East,Local Government Areas,ADM2,NGA,,Polygon,True,1,True,774,framework:province:kogi:2143f75eb90a,framework:province:kogi:2143f75eb90a,"['framework:province:kogi:2143f75eb90a', 'framework:area:nigeria:13573928575a', 'framework:region:west-tropical-africa:ba6e06497098', 'framework:subcontinent:western-africa:6280a2b17f17', 'framework:continent:africa:d14fc0b285b2']",5,['Kogi'],supported,kogi,Kogi,['Kogi'],parent label matches normalized baseline,['NG023020'],unique normalized current name/explicit alias,"[{'current_name': 'Yagba East', 'current_pcode': 'NG023020', 'current_parent': 'Kogi', 'parent_pcode': 'NG023', 'valid_on': '2019-04-17', 'area_km2': 1472.71809712, 'component_count': 1, 'WCA_point_count_by_code': 0, 'WCA_point_count_name_parent_candidate': 32, 'WCA_crosswalk_method': 'normalized ADM2+ADM1 labels; code-vintage mismatch candidate', 'WCA_points_inside_current_geometry': 32, 'WCA_same_code_points_outside_geometry': 0, 'Senegal_2017_OCHA_points_by_code': 0, 'Senegal_2017_points_inside_current_geometry': 0, 'admin_capital_records': 1, 'admin_capital_match_method': 'normalized ADM2+ADM1 name candidate; source-code vintage differs', 'admin_capital_exact_code_records': 0, 'admin_capital_name_parent_candidate_records': 1}]",8,"{'current_name': 'Yagba East', 'current_pcode': 'NG023020', 'intersection_km2': 1468.30553, 'legacy_coverage_pct': 96.57696, 'screen_only': True}",0,32,0,0,"[{'name': 'Isanlu Itedo', 'coordinates_lon_lat': [5.833333, 8.283333], 'adm_p_lvl': 2, 'admin2_name': 'Yagba East', 'admin2_pcode': 'NG2320', 'admin1_name': 'Kogi', 'admin1_pcode': 'NG23', 'valid_on': '2019-04-17', 'match_method': 'normalized ADM2+ADM1 name candidate; source-code vintage differs', 'capital_point_in_candidate_geometry': True}]",insufficient-evidence,['physical land/island completeness and current settlement completeness remain unverified'],Pinned source role 'Local Government Areas' is independently represented as COD-AB ADM2 for these features; source role and administrative level alone do not certify tier purpose or physical extent.,"Source name/code, administration and settlement screens remain separate. No political title, full settlement population, complete land/island footprint, or region approval is inferred."
gb:NGA:ADM2:59680162B47841916602322,Ikeduru,Nigeria,gb:NGA:ADM2,2022,59680162B47841916602322,Ikeduru,Local Government Areas,ADM2,NGA,,Polygon,True,1,True,774,framework:province:imo:a94708264d83,framework:province:imo:a94708264d83,"['framework:province:imo:a94708264d83', 'framework:area:nigeria:13573928575a', 'framework:region:west-tropical-africa:ba6e06497098', 'framework:subcontinent:western-africa:6280a2b17f17', 'framework:continent:africa:d14fc0b285b2']",5,['Imo'],supported,imo,Imo,['Imo'],parent label matches normalized baseline,['NG017008'],unique normalized current name/explicit alias,"[{'current_name': 'Ikeduru', 'current_pcode': 'NG017008', 'current_parent': 'Imo', 'parent_pcode': 'NG017', 'valid_on': '2019-04-17', 'area_km2': 181.14775484, 'component_count': 1, 'WCA_point_count_by_code': 0, 'WCA_point_count_name_parent_candidate': 30, 'WCA_crosswalk_method': 'normalized ADM2+ADM1 labels; code-vintage mismatch candidate', 'WCA_points_inside_current_geometry': 30, 'WCA_same_code_points_outside_geometry': 0, 'Senegal_2017_OCHA_points_by_code': 0, 'Senegal_2017_points_inside_current_geometry': 0, 'admin_capital_records': 1, 'admin_capital_match_method': 'normalized ADM2+ADM1 name candidate; source-code vintage differs', 'admin_capital_exact_code_records': 0, 'admin_capital_name_parent_candidate_records': 1}]",6,"{'current_name': 'Ikeduru', 'current_pcode': 'NG017008', 'intersection_km2': 151.827957, 'legacy_coverage_pct': 86.01408, 'screen_only': True}",0,30,0,0,"[{'name': 'Ihuo', 'coordinates_lon_lat': [7.1, 5.566667], 'adm_p_lvl': 2, 'admin2_name': 'Ikeduru', 'admin2_pcode': 'NG1708', 'admin1_name': 'Imo', 'admin1_pcode': 'NG17', 'valid_on': '2019-04-17', 'match_method': 'normalized ADM2+ADM1 name candidate; source-code vintage differs', 'capital_point_in_candidate_geometry': True}]",insufficient-evidence,['physical land/island completeness and current settlement completeness remain unverified'],Pinned source role 'Local Government Areas' is independently represented as COD-AB ADM2 for these features; source role and administrative level alone do not certify tier purpose or physical extent.,"Source name/code, administration and settlement screens remain separate. No political title, full settlement population, complete land/island footprint, or region approval is inferred."
gb:NGA:ADM2:59680162B48318677941344,Sabon Birni,Nigeria,gb:NGA:ADM2,2022,59680162B48318677941344,Sabon Birni,Local Government Areas,ADM2,NGA,,Polygon,True,1,True,774,framework:province:sokoto:38a75936a981,framework:province:sokoto:38a75936a981,"['framework:province:sokoto:38a75936a981', 'framework:area:nigeria:13573928575a', 'framework:region:west-tropical-africa:ba6e06497098', 'framework:subcontinent:western-africa:6280a2b17f17', 'framework:continent:africa:d14fc0b285b2']",5,['Sokoto'],supported,sokoto,Sokoto,['Sokoto'],parent label matches normalized baseline,['NG034013'],unique normalized current name/explicit alias,"[{'current_name': 'Sabon Birni', 'current_pcode': 'NG034013', 'current_parent': 'Sokoto', 'parent_pcode': 'NG034', 'valid_on': '2019-04-17', 'area_km2': 2377.44615586, 'component_count': 1, 'WCA_point_count_by_code': 0, 'WCA_point_count_name_parent_candidate': 79, 'WCA_crosswalk_method': 'normalized ADM2+ADM1 labels; code-vintage mismatch candidate', 'WCA_points_inside_current_geometry': 79, 'WCA_same_code_points_outside_geometry': 0, 'Senegal_2017_OCHA_points_by_code': 0, 'Senegal_2017_points_inside_current_geometry': 0, 'admin_capital_records': 1, 'admin_capital_match_method': 'normalized ADM2+ADM1 name candidate; source-code vintage differs', 'admin_capital_exact_code_records': 0, 'admin_capital_name_parent_candidate_records': 1}]",4,"{'current_name': 'Sabon Birni', 'current_pcode': 'NG034013', 'intersection_km2': 2196.42782, 'legacy_coverage_pct': 95.61053, 'screen_only': True}",0,79,0,0,"[{'name': 'Sabon Birni', 'coordinates_lon_lat': [6.325007, 13.561045], 'adm_p_lvl': 2, 'admin2_name': 'Sabon Birni', 'admin2_pcode': 'NG3413', 'admin1_name': 'Sokoto', 'admin1_pcode': 'NG34', 'valid_on': '2019-04-17', 'match_method': 'normalized ADM2+ADM1 name candidate; source-code vintage differs', 'capital_point_in_candidate_geometry': True}]",insufficient-evidence,['physical land/island completeness and current settlement completeness remain unverified'],Pinned source role 'Local Government Areas' is independently represented as COD-AB ADM2 for these features; source role and administrative level alone do not certify tier purpose or physical extent.,"Source name/code, administration and settlement screens remain separate. No political title, full settlement population, complete land/island footprint, or region approval is inferred."
gb:NGA:ADM2:59680162B48603200461333,Okehi,Nigeria,gb:NGA:ADM2,2022,59680162B48603200461333,Okehi,Local Government Areas,ADM2,NGA,,Polygon,True,1,True,774,framework:province:kogi:2143f75eb90a,framework:province:kogi:2143f75eb90a,"['framework:province:kogi:2143f75eb90a', 'framework:area:nigeria:13573928575a', 'framework:region:west-tropical-africa:ba6e06497098', 'framework:subcontinent:western-africa:6280a2b17f17', 'framework:continent:africa:d14fc0b285b2']",5,['Kogi'],supported,kogi,Kogi,['Kogi'],parent label matches normalized baseline,['NG023016'],unique normalized current name/explicit alias,"[{'current_name': 'Okehi', 'current_pcode': 'NG023016', 'current_parent': 'Kogi', 'parent_pcode': 'NG023', 'valid_on': '2019-04-17', 'area_km2': 661.11010209, 'component_count': 1, 'WCA_point_count_by_code': 0, 'WCA_point_count_name_parent_candidate': 19, 'WCA_crosswalk_method': 'normalized ADM2+ADM1 labels; code-vintage mismatch candidate', 'WCA_points_inside_current_geometry': 19, 'WCA_same_code_points_outside_geometry': 0, 'Senegal_2017_OCHA_points_by_code': 0, 'Senegal_2017_points_inside_current_geometry': 0, 'admin_capital_records': 1, 'admin_capital_match_method': 'normalized ADM2+ADM1 name candidate; source-code vintage differs', 'admin_capital_exact_code_records': 0, 'admin_capital_name_parent_candidate_records': 1}]",6,"{'current_name': 'Okehi', 'current_pcode': 'NG023016', 'intersection_km2': 647.546139, 'legacy_coverage_pct': 84.63076, 'screen_only': True}",0,19,0,0,"[{'name': 'Ogaminana', 'coordinates_lon_lat': [6.2014, 7.6004], 'adm_p_lvl': 2, 'admin2_name': 'Okehi', 'admin2_pcode': 'NG2316', 'admin1_name': 'Kogi', 'admin1_pcode': 'NG23', 'valid_on': '2019-04-17', 'match_method': 'normalized ADM2+ADM1 name candidate; source-code vintage differs', 'capital_point_in_candidate_geometry': True}]",insufficient-evidence,['physical land/island completeness and current settlement completeness remain unverified'],Pinned source role 'Local Government Areas' is independently represented as COD-AB ADM2 for these features; source role and administrative level alone do not certify tier purpose or physical extent.,"Source name/code, administration and settlement screens remain separate. No political title, full settlement population, complete land/island footprint, or region approval is inferred."
gb:NGA:ADM2:59680162B48615386953659,Ovia North-East,Nigeria,gb:NGA:ADM2,2022,59680162B48615386953659,Ovia North-East,Local Government Areas,ADM2,NGA,,Polygon,True,1,True,774,framework:province:edo:837a456ad2ee,framework:province:edo:837a456ad2ee,"['framework:province:edo:837a456ad2ee', 'framework:area:nigeria:13573928575a', 'framework:region:west-tropical-africa:ba6e06497098', 'framework:subcontinent:western-africa:6280a2b17f17', 'framework:continent:africa:d14fc0b285b2']",5,['Edo'],supported,edo,Edo,['Edo'],parent label matches normalized baseline,['NG012014'],unique normalized current name/explicit alias,"[{'current_name': 'Ovia North East', 'current_pcode': 'NG012014', 'current_parent': 'Edo', 'parent_pcode': 'NG012', 'valid_on': '2019-04-17', 'area_km2': 2338.00581204, 'component_count': 1, 'WCA_point_count_by_code': 0, 'WCA_point_count_name_parent_candidate': 220, 'WCA_crosswalk_method': 'normalized ADM2+ADM1 labels; code-vintage mismatch candidate', 'WCA_points_inside_current_geometry': 220, 'WCA_same_code_points_outside_geometry': 0, 'Senegal_2017_OCHA_points_by_code': 0, 'Senegal_2017_points_inside_current_geometry': 0, 'admin_capital_records': 1, 'admin_capital_match_method': 'normalized ADM2+ADM1 name candidate; source-code vintage differs', 'admin_capital_exact_code_records': 0, 'admin_capital_name_parent_candidate_records': 1}]",10,"{'current_name': 'Ovia North East', 'current_pcode': 'NG012014', 'intersection_km2': 2289.535321, 'legacy_coverage_pct': 98.49973, 'screen_only': True}",0,220,0,0,"[{'name': 'Okada', 'coordinates_lon_lat': [5.389892, 6.732728], 'adm_p_lvl': 2, 'admin2_name': 'Ovia North East', 'admin2_pcode': 'NG1214', 'admin1_name': 'Edo', 'admin1_pcode': 'NG12', 'valid_on': '2019-04-17', 'match_method': 'normalized ADM2+ADM1 name candidate; source-code vintage differs', 'capital_point_in_candidate_geometry': True}]",insufficient-evidence,['physical land/island completeness and current settlement completeness remain unverified'],Pinned source role 'Local Government Areas' is independently represented as COD-AB ADM2 for these features; source role and administrative level alone do not certify tier purpose or physical extent.,"Source name/code, administration and settlement screens remain separate. No political title, full settlement population, complete land/island footprint, or region approval is inferred."
gb:NGA:ADM2:59680162B49362321791702,Nembe,Nigeria,gb:NGA:ADM2,2022,59680162B49362321791702,Nembe,Local Government Areas,ADM2,NGA,,MultiPolygon,True,2,True,774,framework:province:bayelsa:363005de2f54,framework:province:bayelsa:363005de2f54,"['framework:province:bayelsa:363005de2f54', 'framework:area:nigeria:13573928575a', 'framework:region:west-tropical-africa:ba6e06497098', 'framework:subcontinent:western-africa:6280a2b17f17', 'framework:continent:africa:d14fc0b285b2']",5,['Bayelsa'],supported,bayelsa,Bayelsa,['Bayelsa'],parent label matches normalized baseline,['NG006004'],unique normalized current name/explicit alias,"[{'current_name': 'Nembe', 'current_pcode': 'NG006004', 'current_parent': 'Bayelsa', 'parent_pcode': 'NG006', 'valid_on': '2019-04-17', 'area_km2': 1403.07594007, 'component_count': 1, 'WCA_point_count_by_code': 0, 'WCA_point_count_name_parent_candidate': 194, 'WCA_crosswalk_method': 'normalized ADM2+ADM1 labels; code-vintage mismatch candidate', 'WCA_points_inside_current_geometry': 194, 'WCA_same_code_points_outside_geometry': 0, 'Senegal_2017_OCHA_points_by_code': 0, 'Senegal_2017_points_inside_current_geometry': 0, 'admin_capital_records': 1, 'admin_capital_match_method': 'normalized ADM2+ADM1 name candidate; source-code vintage differs', 'admin_capital_exact_code_records': 0, 'admin_capital_name_parent_candidate_records': 1}]",4,"{'current_name': 'Nembe', 'current_pcode': 'NG006004', 'intersection_km2': 818.624441, 'legacy_coverage_pct': 97.84427, 'screen_only': True}",0,194,0,0,"[{'name': 'Nembe', 'coordinates_lon_lat': [6.400344, 4.539402], 'adm_p_lvl': 2, 'admin2_name': 'Nembe', 'admin2_pcode': 'NG0604', 'admin1_name': 'Bayelsa', 'admin1_pcode': 'NG06', 'valid_on': '2019-04-17', 'match_method': 'normalized ADM2+ADM1 name candidate; source-code vintage differs', 'capital_point_in_candidate_geometry': True}]",insufficient-evidence,['physical land/island completeness and current settlement completeness remain unverified'],Pinned source role 'Local Government Areas' is independently represented as COD-AB ADM2 for these features; source role and administrative level alone do not certify tier purpose or physical extent.,"Source name/code, administration and settlement screens remain separate. No political title, full settlement population, complete land/island footprint, or region approval is inferred."
gb:NGA:ADM2:59680162B49614598703533,Chanchaga,Nigeria,gb:NGA:ADM2,2022,59680162B49614598703533,Chanchaga,Local Government Areas,ADM2,NGA,,Polygon,True,1,True,774,framework:province:niger:76d278c157e8,framework:province:niger:76d278c157e8,"['framework:province:niger:76d278c157e8', 'framework:area:nigeria:13573928575a', 'framework:region:west-tropical-africa:ba6e06497098', 'framework:subcontinent:western-africa:6280a2b17f17', 'framework:continent:africa:d14fc0b285b2']",5,['Niger'],supported,niger,Niger,['Niger'],parent label matches normalized baseline,['NG027006'],unique normalized current name/explicit alias,"[{'current_name': 'Chanchaga', 'current_pcode': 'NG027006', 'current_parent': 'Niger', 'parent_pcode': 'NG027', 'valid_on': '2019-04-17', 'area_km2': 63.18088169, 'component_count': 1, 'WCA_point_count_by_code': 0, 'WCA_point_count_name_parent_candidate': 1, 'WCA_crosswalk_method': 'normalized ADM2+ADM1 labels; code-vintage mismatch candidate', 'WCA_points_inside_current_geometry': 1, 'WCA_same_code_points_outside_geometry': 0, 'Senegal_2017_OCHA_points_by_code': 0, 'Senegal_2017_points_inside_current_geometry': 0, 'admin_capital_records': 1, 'admin_capital_match_method': 'normalized ADM2+ADM1 name candidate; source-code vintage differs', 'admin_capital_exact_code_records': 0, 'admin_capital_name_parent_candidate_records': 1}]",2,"{'current_name': 'Chanchaga', 'current_pcode': 'NG027006', 'intersection_km2': 53.304961, 'legacy_coverage_pct': 66.74219, 'screen_only': True}",0,1,0,0,"[{'name': 'Minna', 'coordinates_lon_lat': [6.556944, 9.613889], 'adm_p_lvl': 1, 'admin2_name': 'Chanchaga', 'admin2_pcode': 'NG2706', 'admin1_name': 'Niger', 'admin1_pcode': 'NG27', 'valid_on': '2019-04-17', 'match_method': 'normalized ADM2+ADM1 name candidate; source-code vintage differs', 'capital_point_in_candidate_geometry': True}]",insufficient-evidence,['physical land/island completeness and current settlement completeness remain unverified'],Pinned source role 'Local Government Areas' is independently represented as COD-AB ADM2 for these features; source role and administrative level alone do not certify tier purpose or physical extent.,"Source name/code, administration and settlement screens remain separate. No political title, full settlement population, complete land/island footprint, or region approval is inferred."
gb:NGA:ADM2:59680162B49809531314946,Rafi,Nigeria,gb:NGA:ADM2,2022,59680162B49809531314946,Rafi,Local Government Areas,ADM2,NGA,,Polygon,True,1,True,774,framework:province:niger:76d278c157e8,framework:province:niger:76d278c157e8,"['framework:province:niger:76d278c157e8', 'framework:area:nigeria:13573928575a', 'framework:region:west-tropical-africa:ba6e06497098', 'framework:subcontinent:western-africa:6280a2b17f17', 'framework:continent:africa:d14fc0b285b2']",5,['Niger'],supported,niger,Niger,['Niger'],parent label matches normalized baseline,['NG027020'],unique normalized current name/explicit alias,"[{'current_name': 'Rafi', 'current_pcode': 'NG027020', 'current_parent': 'Niger', 'parent_pcode': 'NG027', 'valid_on': '2019-04-17', 'area_km2': 3681.85673137, 'component_count': 1, 'WCA_point_count_by_code': 0, 'WCA_point_count_name_parent_candidate': 284, 'WCA_crosswalk_method': 'normalized ADM2+ADM1 labels; code-vintage mismatch candidate', 'WCA_points_inside_current_geometry': 284, 'WCA_same_code_points_outside_geometry': 0, 'Senegal_2017_OCHA_points_by_code': 0, 'Senegal_2017_points_inside_current_geometry': 0, 'admin_capital_records': 1, 'admin_capital_match_method': 'normalized ADM2+ADM1 name candidate; source-code vintage differs', 'admin_capital_exact_code_records': 0, 'admin_capital_name_parent_candidate_records': 1}]",6,"{'current_name': 'Rafi', 'current_pcode': 'NG027020', 'intersection_km2': 3534.719961, 'legacy_coverage_pct': 92.05725, 'screen_only': True}",0,284,0,0,"[{'name': 'Kagara', 'coordinates_lon_lat': [6.253361, 10.18437], 'adm_p_lvl': 2, 'admin2_name': 'Rafi', 'admin2_pcode': 'NG2720', 'admin1_name': 'Niger', 'admin1_pcode': 'NG27', 'valid_on': '2019-04-17', 'match_method': 'normalized ADM2+ADM1 name candidate; source-code vintage differs', 'capital_point_in_candidate_geometry': True}]",insufficient-evidence,['physical land/island completeness and current settlement completeness remain unverified'],Pinned source role 'Local Government Areas' is independently represented as COD-AB ADM2 for these features; source role and administrative level alone do not certify tier purpose or physical extent.,"Source name/code, administration and settlement screens remain separate. No political title, full settlement population, complete land/island footprint, or region approval is inferred."
gb:NGA:ADM2:59680162B50771081897552,Ezinihitte,Nigeria,gb:NGA:ADM2,2022,59680162B50771081897552,Ezinihitte,Local Government Areas,ADM2,NGA,,Polygon,True,1,True,774,framework:province:imo:a94708264d83,framework:province:imo:a94708264d83,"['framework:province:imo:a94708264d83', 'framework:area:nigeria:13573928575a', 'framework:region:west-tropical-africa:ba6e06497098', 'framework:subcontinent:western-africa:6280a2b17f17', 'framework:continent:africa:d14fc0b285b2']",5,['Imo'],supported,imo,Imo,['Imo'],parent label matches normalized baseline,['NG017004'],unique normalized current name/explicit alias,"[{'current_name': 'Ezinihitte', 'current_pcode': 'NG017004', 'current_parent': 'Imo', 'parent_pcode': 'NG017', 'valid_on': '2019-04-17', 'area_km2': 120.42330348, 'component_count': 1, 'WCA_point_count_by_code': 0, 'WCA_point_count_name_parent_candidate': 16, 'WCA_crosswalk_method': 'normalized ADM2+ADM1 labels; code-vintage mismatch candidate', 'WCA_points_inside_current_geometry': 16, 'WCA_same_code_points_outside_geometry': 0, 'Senegal_2017_OCHA_points_by_code': 0, 'Senegal_2017_points_inside_current_geometry': 0, 'admin_capital_records': 1, 'admin_capital_match_method': 'normalized ADM2+ADM1 name candidate; source-code vintage differs', 'admin_capital_exact_code_records': 0, 'admin_capital_name_parent_candidate_records': 1}]",6,"{'current_name': 'Ezinihitte', 'current_pcode': 'NG017004', 'intersection_km2': 104.987471, 'legacy_coverage_pct': 93.05949, 'screen_only': True}",0,16,0,0,"[{'name': 'Okpofe', 'coordinates_lon_lat': [7.300303, 5.474134], 'adm_p_lvl': 2, 'admin2_name': 'Ezinihitte', 'admin2_pcode': 'NG1704', 'admin1_name': 'Imo', 'admin1_pcode': 'NG17', 'valid_on': '2019-04-17', 'match_method': 'normalized ADM2+ADM1 name candidate; source-code vintage differs', 'capital_point_in_candidate_geometry': True}]",insufficient-evidence,['physical land/island completeness and current settlement completeness remain unverified'],Pinned source role 'Local Government Areas' is independently represented as COD-AB ADM2 for these features; source role and administrative level alone do not certify tier purpose or physical extent.,"Source name/code, administration and settlement screens remain separate. No political title, full settlement population, complete land/island footprint, or region approval is inferred."
gb:NGA:ADM2:59680162B51019344443676,Ika South,Nigeria,gb:NGA:ADM2,2022,59680162B51019344443676,Ika South,Local Government Areas,ADM2,NGA,,Polygon,True,1,True,774,framework:province:delta:c9181c18b197,framework:province:delta:c9181c18b197,"['framework:province:delta:c9181c18b197', 'framework:area:nigeria:13573928575a', 'framework:region:west-tropical-africa:ba6e06497098', 'framework:subcontinent:western-africa:6280a2b17f17', 'framework:continent:africa:d14fc0b285b2']",5,['Delta'],supported,delta,Delta,['Delta'],parent label matches normalized baseline,['NG010008'],unique normalized current name/explicit alias,"[{'current_name': 'Ika South', 'current_pcode': 'NG010008', 'current_parent': 'Delta', 'parent_pcode': 'NG010', 'valid_on': '2019-04-17', 'area_km2': 435.59292097, 'component_count': 1, 'WCA_point_count_by_code': 0, 'WCA_point_count_name_parent_candidate': 69, 'WCA_crosswalk_method': 'normalized ADM2+ADM1 labels; code-vintage mismatch candidate', 'WCA_points_inside_current_geometry': 69, 'WCA_same_code_points_outside_geometry': 0, 'Senegal_2017_OCHA_points_by_code': 0, 'Senegal_2017_points_inside_current_geometry': 0, 'admin_capital_records': 1, 'admin_capital_match_method': 'normalized ADM2+ADM1 name candidate; source-code vintage differs', 'admin_capital_exact_code_records': 0, 'admin_capital_name_parent_candidate_records': 1}]",5,"{'current_name': 'Ika South', 'current_pcode': 'NG010008', 'intersection_km2': 404.523649, 'legacy_coverage_pct': 97.56536, 'screen_only': True}",0,69,0,0,"[{'name': 'Agbor', 'coordinates_lon_lat': [6.150523, 6.266193], 'adm_p_lvl': 2, 'admin2_name': 'Ika South', 'admin2_pcode': 'NG1008', 'admin1_name': 'Delta', 'admin1_pcode': 'NG10', 'valid_on': '2019-04-17', 'match_method': 'normalized ADM2+ADM1 name candidate; source-code vintage differs', 'capital_point_in_candidate_geometry': True}]",insufficient-evidence,['physical land/island completeness and current settlement completeness remain unverified'],Pinned source role 'Local Government Areas' is independently represented as COD-AB ADM2 for these features; source role and administrative level alone do not certify tier purpose or physical extent.,"Source name/code, administration and settlement screens remain separate. No political title, full settlement population, complete land/island footprint, or region approval is inferred."
gb:NGA:ADM2:59680162B51317919954642,Oredo,Nigeria,gb:NGA:ADM2,2022,59680162B51317919954642,Oredo,Local Government Areas,ADM2,NGA,,Polygon,True,1,True,774,framework:province:edo:837a456ad2ee,framework:province:edo:837a456ad2ee,"['framework:province:edo:837a456ad2ee', 'framework:area:nigeria:13573928575a', 'framework:region:west-tropical-africa:ba6e06497098', 'framework:subcontinent:western-africa:6280a2b17f17', 'framework:continent:africa:d14fc0b285b2']",5,['Edo'],supported,edo,Edo,['Edo'],parent label matches normalized baseline,['NG012012'],unique normalized current name/explicit alias,"[{'current_name': 'Oredo', 'current_pcode': 'NG012012', 'current_parent': 'Edo', 'parent_pcode': 'NG012', 'valid_on': '2019-04-17', 'area_km2': 250.4196664, 'component_count': 1, 'WCA_point_count_by_code': 0, 'WCA_point_count_name_parent_candidate': 34, 'WCA_crosswalk_method': 'normalized ADM2+ADM1 labels; code-vintage mismatch candidate', 'WCA_points_inside_current_geometry': 34, 'WCA_same_code_points_outside_geometry': 0, 'Senegal_2017_OCHA_points_by_code': 0, 'Senegal_2017_points_inside_current_geometry': 0, 'admin_capital_records': 1, 'admin_capital_match_method': 'normalized ADM2+ADM1 name candidate; source-code vintage differs', 'admin_capital_exact_code_records': 0, 'admin_capital_name_parent_candidate_records': 1}]",4,"{'current_name': 'Oredo', 'current_pcode': 'NG012012', 'intersection_km2': 246.180503, 'legacy_coverage_pct': 98.6132, 'screen_only': True}",0,34,0,0,"[{'name': 'Benin City', 'coordinates_lon_lat': [5.627492, 6.335045], 'adm_p_lvl': 1, 'admin2_name': 'Oredo', 'admin2_pcode': 'NG1212', 'admin1_name': 'Edo', 'admin1_pcode': 'NG12', 'valid_on': '2019-04-17', 'match_method': 'normalized ADM2+ADM1 name candidate; source-code vintage differs', 'capital_point_in_candidate_geometry': True}]",insufficient-evidence,['physical land/island completeness and current settlement completeness remain unverified'],Pinned source role 'Local Government Areas' is independently represented as COD-AB ADM2 for these features; source role and administrative level alone do not certify tier purpose or physical extent.,"Source name/code, administration and settlement screens remain separate. No political title, full settlement population, complete land/island footprint, or region approval is inferred."
gb:NGA:ADM2:59680162B51611927546147,Kontagora,Nigeria,gb:NGA:ADM2,2022,59680162B51611927546147,Kontagora,Local Government Areas,ADM2,NGA,,Polygon,True,1,True,774,framework:province:niger:76d278c157e8,framework:province:niger:76d278c157e8,"['framework:province:niger:76d278c157e8', 'framework:area:nigeria:13573928575a', 'framework:region:west-tropical-africa:ba6e06497098', 'framework:subcontinent:western-africa:6280a2b17f17', 'framework:continent:africa:d14fc0b285b2']",5,['Niger'],supported,niger,Niger,['Niger'],parent label matches normalized baseline,['NG027011'],unique normalized current name/explicit alias,"[{'current_name': 'Kontagora', 'current_pcode': 'NG027011', 'current_parent': 'Niger', 'parent_pcode': 'NG027', 'valid_on': '2019-04-17', 'area_km2': 1772.31005885, 'component_count': 1, 'WCA_point_count_by_code': 0, 'WCA_point_count_name_parent_candidate': 21, 'WCA_crosswalk_method': 'normalized ADM2+ADM1 labels; code-vintage mismatch candidate', 'WCA_points_inside_current_geometry': 21, 'WCA_same_code_points_outside_geometry': 0, 'Senegal_2017_OCHA_points_by_code': 0, 'Senegal_2017_points_inside_current_geometry': 0, 'admin_capital_records': 1, 'admin_capital_match_method': 'normalized ADM2+ADM1 name candidate; source-code vintage differs', 'admin_capital_exact_code_records': 0, 'admin_capital_name_parent_candidate_records': 1}]",4,"{'current_name': 'Kontagora', 'current_pcode': 'NG027011', 'intersection_km2': 1732.251291, 'legacy_coverage_pct': 95.20932, 'screen_only': True}",0,21,0,0,"[{'name': 'Kontagora', 'coordinates_lon_lat': [5.469491, 10.399893], 'adm_p_lvl': 2, 'admin2_name': 'Kontagora', 'admin2_pcode': 'NG2711', 'admin1_name': 'Niger', 'admin1_pcode': 'NG27', 'valid_on': '2019-04-17', 'match_method': 'normalized ADM2+ADM1 name candidate; source-code vintage differs', 'capital_point_in_candidate_geometry': True}]",insufficient-evidence,['physical land/island completeness and current settlement completeness remain unverified'],Pinned source role 'Local Government Areas' is independently represented as COD-AB ADM2 for these features; source role and administrative level alone do not certify tier purpose or physical extent.,"Source name/code, administration and settlement screens remain separate. No political title, full settlement population, complete land/island footprint, or region approval is inferred."
gb:NGA:ADM2:59680162B51712615582520,Ijero,Nigeria,gb:NGA:ADM2,2022,59680162B51712615582520,Ijero,Local Government Areas,ADM2,NGA,,Polygon,True,1,True,774,framework:province:ekiti:1dc223e0cd0e,framework:province:ekiti:1dc223e0cd0e,"['framework:province:ekiti:1dc223e0cd0e', 'framework:area:nigeria:13573928575a', 'framework:region:west-tropical-africa:ba6e06497098', 'framework:subcontinent:western-africa:6280a2b17f17', 'framework:continent:africa:d14fc0b285b2']",5,['Ekiti'],supported,ekiti,Ekiti,['Ekiti'],parent label matches normalized baseline,['NG013009'],unique normalized current name/explicit alias,"[{'current_name': 'Ijero', 'current_pcode': 'NG013009', 'current_parent': 'Ekiti', 'parent_pcode': 'NG013', 'valid_on': '2019-04-17', 'area_km2': 376.8517079, 'component_count': 1, 'WCA_point_count_by_code': 0, 'WCA_point_count_name_parent_candidate': 43, 'WCA_crosswalk_method': 'normalized ADM2+ADM1 labels; code-vintage mismatch candidate', 'WCA_points_inside_current_geometry': 43, 'WCA_same_code_points_outside_geometry': 0, 'Senegal_2017_OCHA_points_by_code': 0, 'Senegal_2017_points_inside_current_geometry': 0, 'admin_capital_records': 1, 'admin_capital_match_method': 'normalized ADM2+ADM1 name candidate; source-code vintage differs', 'admin_capital_exact_code_records': 0, 'admin_capital_name_parent_candidate_records': 1}]",7,"{'current_name': 'Ijero', 'current_pcode': 'NG013009', 'intersection_km2': 316.274694, 'legacy_coverage_pct': 87.40516, 'screen_only': True}",0,43,0,0,"[{'name': 'Ijero-Ekiti', 'coordinates_lon_lat': [5.0742, 7.8139], 'adm_p_lvl': 2, 'admin2_name': 'Ijero', 'admin2_pcode': 'NG1309', 'admin1_name': 'Ekiti', 'admin1_pcode': 'NG13', 'valid_on': '2019-04-17', 'match_method': 'normalized ADM2+ADM1 name candidate; source-code vintage differs', 'capital_point_in_candidate_geometry': True}]",insufficient-evidence,['physical land/island completeness and current settlement completeness remain unverified'],Pinned source role 'Local Government Areas' is independently represented as COD-AB ADM2 for these features; source role and administrative level alone do not certify tier purpose or physical extent.,"Source name/code, administration and settlement screens remain separate. No political title, full settlement population, complete land/island footprint, or region approval is inferred."
gb:NGA:ADM2:59680162B52281011363885,Gada,Nigeria,gb:NGA:ADM2,2022,59680162B52281011363885,Gada,Local Government Areas,ADM2,NGA,,Polygon,True,1,True,774,framework:province:sokoto:38a75936a981,framework:province:sokoto:38a75936a981,"['framework:province:sokoto:38a75936a981', 'framework:area:nigeria:13573928575a', 'framework:region:west-tropical-africa:ba6e06497098', 'framework:subcontinent:western-africa:6280a2b17f17', 'framework:continent:africa:d14fc0b285b2']",5,['Sokoto'],supported,sokoto,Sokoto,['Sokoto'],parent label matches normalized baseline,['NG034004'],unique normalized current name/explicit alias,"[{'current_name': 'Gada', 'current_pcode': 'NG034004', 'current_parent': 'Sokoto', 'parent_pcode': 'NG034', 'valid_on': '2019-04-17', 'area_km2': 1515.21451367, 'component_count': 1, 'WCA_point_count_by_code': 0, 'WCA_point_count_name_parent_candidate': 170, 'WCA_crosswalk_method': 'normalized ADM2+ADM1 labels; code-vintage mismatch candidate', 'WCA_points_inside_current_geometry': 170, 'WCA_same_code_points_outside_geometry': 0, 'Senegal_2017_OCHA_points_by_code': 0, 'Senegal_2017_points_inside_current_geometry': 0, 'admin_capital_records': 1, 'admin_capital_match_method': 'normalized ADM2+ADM1 name candidate; source-code vintage differs', 'admin_capital_exact_code_records': 0, 'admin_capital_name_parent_candidate_records': 1}]",5,"{'current_name': 'Gada', 'current_pcode': 'NG034004', 'intersection_km2': 1357.458396, 'legacy_coverage_pct': 95.98291, 'screen_only': True}",0,170,0,0,"[{'name': 'Gada', 'coordinates_lon_lat': [5.66144, 13.755578], 'adm_p_lvl': 2, 'admin2_name': 'Gada', 'admin2_pcode': 'NG3404', 'admin1_name': 'Sokoto', 'admin1_pcode': 'NG34', 'valid_on': '2019-04-17', 'match_method': 'normalized ADM2+ADM1 name candidate; source-code vintage differs', 'capital_point_in_candidate_geometry': True}]",insufficient-evidence,['physical land/island completeness and current settlement completeness remain unverified'],Pinned source role 'Local Government Areas' is independently represented as COD-AB ADM2 for these features; source role and administrative level alone do not certify tier purpose or physical extent.,"Source name/code, administration and settlement screens remain separate. No political title, full settlement population, complete land/island footprint, or region approval is inferred."
gb:NGA:ADM2:59680162B52775693188226,Oyigbo,Nigeria,gb:NGA:ADM2,2022,59680162B52775693188226,Oyigbo,Local Government Areas,ADM2,NGA,,Polygon,True,1,True,774,framework:province:rivers:00c506c91c8a,framework:province:rivers:00c506c91c8a,"['framework:province:rivers:00c506c91c8a', 'framework:area:nigeria:13573928575a', 'framework:region:west-tropical-africa:ba6e06497098', 'framework:subcontinent:western-africa:6280a2b17f17', 'framework:continent:africa:d14fc0b285b2']",5,['Rivers'],supported,rivers,Rivers,['Rivers'],parent label matches normalized baseline,['NG033021'],unique normalized current name/explicit alias,"[{'current_name': 'Oyigbo', 'current_pcode': 'NG033021', 'current_parent': 'Rivers', 'parent_pcode': 'NG033', 'valid_on': '2019-04-17', 'area_km2': 247.28674846, 'component_count': 1, 'WCA_point_count_by_code': 0, 'WCA_point_count_name_parent_candidate': 26, 'WCA_crosswalk_method': 'normalized ADM2+ADM1 labels; code-vintage mismatch candidate', 'WCA_points_inside_current_geometry': 26, 'WCA_same_code_points_outside_geometry': 0, 'Senegal_2017_OCHA_points_by_code': 0, 'Senegal_2017_points_inside_current_geometry': 0, 'admin_capital_records': 1, 'admin_capital_match_method': 'normalized ADM2+ADM1 name candidate; source-code vintage differs', 'admin_capital_exact_code_records': 0, 'admin_capital_name_parent_candidate_records': 1}]",9,"{'current_name': 'Oyigbo', 'current_pcode': 'NG033021', 'intersection_km2': 216.015514, 'legacy_coverage_pct': 77.43553, 'screen_only': True}",0,26,0,0,"[{'name': 'Obigbo', 'coordinates_lon_lat': [7.148817, 4.875448], 'adm_p_lvl': 2, 'admin2_name': 'Oyigbo', 'admin2_pcode': 'NG3321', 'admin1_name': 'Rivers', 'admin1_pcode': 'NG33', 'valid_on': '2019-04-17', 'match_method': 'normalized ADM2+ADM1 name candidate; source-code vintage differs', 'capital_point_in_candidate_geometry': True}]",insufficient-evidence,['physical land/island completeness and current settlement completeness remain unverified'],Pinned source role 'Local Government Areas' is independently represented as COD-AB ADM2 for these features; source role and administrative level alone do not certify tier purpose or physical extent.,"Source name/code, administration and settlement screens remain separate. No political title, full settlement population, complete land/island footprint, or region approval is inferred."
gb:NGA:ADM2:59680162B53120698145103,Oru West,Nigeria,gb:NGA:ADM2,2022,59680162B53120698145103,Oru West,Local Government Areas,ADM2,NGA,,Polygon,True,1,True,774,framework:province:imo:a94708264d83,framework:province:imo:a94708264d83,"['framework:province:imo:a94708264d83', 'framework:area:nigeria:13573928575a', 'framework:region:west-tropical-africa:ba6e06497098', 'framework:subcontinent:western-africa:6280a2b17f17', 'framework:continent:africa:d14fc0b285b2']",5,['Imo'],supported,imo,Imo,['Imo'],parent label matches normalized baseline,['NG017023'],unique normalized current name/explicit alias,"[{'current_name': 'Oru West', 'current_pcode': 'NG017023', 'current_parent': 'Imo', 'parent_pcode': 'NG017', 'valid_on': '2019-04-17', 'area_km2': 96.7378619, 'component_count': 1, 'WCA_point_count_by_code': 0, 'WCA_point_count_name_parent_candidate': 9, 'WCA_crosswalk_method': 'normalized ADM2+ADM1 labels; code-vintage mismatch candidate', 'WCA_points_inside_current_geometry': 9, 'WCA_same_code_points_outside_geometry': 0, 'Senegal_2017_OCHA_points_by_code': 0, 'Senegal_2017_points_inside_current_geometry': 0, 'admin_capital_records': 1, 'admin_capital_match_method': 'normalized ADM2+ADM1 name candidate; source-code vintage differs', 'admin_capital_exact_code_records': 0, 'admin_capital_name_parent_candidate_records': 1}]",5,"{'current_name': 'Oru West', 'current_pcode': 'NG017023', 'intersection_km2': 84.912558, 'legacy_coverage_pct': 71.53012, 'screen_only': True}",0,9,0,0,"[{'name': 'Mgbidi', 'coordinates_lon_lat': [6.890952, 5.730125], 'adm_p_lvl': 2, 'admin2_name': 'Oru West', 'admin2_pcode': 'NG1723', 'admin1_name': 'Imo', 'admin1_pcode': 'NG17', 'valid_on': '2019-04-17', 'match_method': 'normalized ADM2+ADM1 name candidate; source-code vintage differs', 'capital_point_in_candidate_geometry': True}]",insufficient-evidence,['physical land/island completeness and current settlement completeness remain unverified'],Pinned source role 'Local Government Areas' is independently represented as COD-AB ADM2 for these features; source role and administrative level alone do not certify tier purpose or physical extent.,"Source name/code, administration and settlement screens remain separate. No political title, full settlement population, complete land/island footprint, or region approval is inferred."
gb:NGA:ADM2:59680162B53228015633193,Tangaza,Nigeria,gb:NGA:ADM2,2022,59680162B53228015633193,Tangaza,Local Government Areas,ADM2,NGA,,Polygon,True,1,True,774,framework:province:sokoto:38a75936a981,framework:province:sokoto:38a75936a981,"['framework:province:sokoto:38a75936a981', 'framework:area:nigeria:13573928575a', 'framework:region:west-tropical-africa:ba6e06497098', 'framework:subcontinent:western-africa:6280a2b17f17', 'framework:continent:africa:d14fc0b285b2']",5,['Sokoto'],supported,sokoto,Sokoto,['Sokoto'],parent label matches normalized baseline,['NG034019'],unique normalized current name/explicit alias,"[{'current_name': 'Tangaza', 'current_pcode': 'NG034019', 'current_parent': 'Sokoto', 'parent_pcode': 'NG034', 'valid_on': '2019-04-17', 'area_km2': 2375.12330145, 'component_count': 1, 'WCA_point_count_by_code': 0, 'WCA_point_count_name_parent_candidate': 180, 'WCA_crosswalk_method': 'normalized ADM2+ADM1 labels; code-vintage mismatch candidate', 'WCA_points_inside_current_geometry': 180, 'WCA_same_code_points_outside_geometry': 0, 'Senegal_2017_OCHA_points_by_code': 0, 'Senegal_2017_points_inside_current_geometry': 0, 'admin_capital_records': 1, 'admin_capital_match_method': 'normalized ADM2+ADM1 name candidate; source-code vintage differs', 'admin_capital_exact_code_records': 0, 'admin_capital_name_parent_candidate_records': 1}]",7,"{'current_name': 'Tangaza', 'current_pcode': 'NG034019', 'intersection_km2': 2204.058421, 'legacy_coverage_pct': 95.05394, 'screen_only': True}",0,180,0,0,"[{'name': 'Tangaza', 'coordinates_lon_lat': [4.937319, 13.365305], 'adm_p_lvl': 2, 'admin2_name': 'Tangaza', 'admin2_pcode': 'NG3419', 'admin1_name': 'Sokoto', 'admin1_pcode': 'NG34', 'valid_on': '2019-04-17', 'match_method': 'normalized ADM2+ADM1 name candidate; source-code vintage differs', 'capital_point_in_candidate_geometry': True}]",insufficient-evidence,['physical land/island completeness and current settlement completeness remain unverified'],Pinned source role 'Local Government Areas' is independently represented as COD-AB ADM2 for these features; source role and administrative level alone do not certify tier purpose or physical extent.,"Source name/code, administration and settlement screens remain separate. No political title, full settlement population, complete land/island footprint, or region approval is inferred."
gb:NGA:ADM2:59680162B53652676960042,Gbonyin,Nigeria,gb:NGA:ADM2,2022,59680162B53652676960042,Gbonyin,Local Government Areas,ADM2,NGA,,Polygon,True,1,True,774,framework:province:ekiti:1dc223e0cd0e,framework:province:ekiti:1dc223e0cd0e,"['framework:province:ekiti:1dc223e0cd0e', 'framework:area:nigeria:13573928575a', 'framework:region:west-tropical-africa:ba6e06497098', 'framework:subcontinent:western-africa:6280a2b17f17', 'framework:continent:africa:d14fc0b285b2']",5,['Ekiti'],supported,ekiti,Ekiti,['Ekiti'],parent label matches normalized baseline,['NG013002'],unique normalized current name/explicit alias,"[{'current_name': 'Aiyekire (Gbonyin)', 'current_pcode': 'NG013002', 'current_parent': 'Ekiti', 'parent_pcode': 'NG013', 'valid_on': '2019-04-17', 'area_km2': 434.51310569, 'component_count': 1, 'WCA_point_count_by_code': 0, 'WCA_point_count_name_parent_candidate': 15, 'WCA_crosswalk_method': 'normalized ADM2+ADM1 labels; code-vintage mismatch candidate', 'WCA_points_inside_current_geometry': 15, 'WCA_same_code_points_outside_geometry': 0, 'Senegal_2017_OCHA_points_by_code': 0, 'Senegal_2017_points_inside_current_geometry': 0, 'admin_capital_records': 1, 'admin_capital_match_method': 'normalized ADM2+ADM1 name candidate; source-code vintage differs', 'admin_capital_exact_code_records': 0, 'admin_capital_name_parent_candidate_records': 1}]",9,"{'current_name': 'Aiyekire (Gbonyin)', 'current_pcode': 'NG013002', 'intersection_km2': 392.072136, 'legacy_coverage_pct': 85.4275, 'screen_only': True}",0,15,0,0,"[{'name': 'Ode', 'coordinates_lon_lat': [5.552041, 7.645671], 'adm_p_lvl': 2, 'admin2_name': 'Aiyekire (Gbonyin)', 'admin2_pcode': 'NG1302', 'admin1_name': 'Ekiti', 'admin1_pcode': 'NG13', 'valid_on': '2019-04-17', 'match_method': 'normalized ADM2+ADM1 name candidate; source-code vintage differs', 'capital_point_in_candidate_geometry': True}]",insufficient-evidence,['physical land/island completeness and current settlement completeness remain unverified'],Pinned source role 'Local Government Areas' is independently represented as COD-AB ADM2 for these features; source role and administrative level alone do not certify tier purpose or physical extent.,"Source name/code, administration and settlement screens remain separate. No political title, full settlement population, complete land/island footprint, or region approval is inferred."
gb:NGA:ADM2:59680162B53803782710688,Talata Mafara,Nigeria,gb:NGA:ADM2,2022,59680162B53803782710688,Talata Mafara,Local Government Areas,ADM2,NGA,,Polygon,True,1,True,774,framework:province:zamfara:f060723678a4,framework:province:zamfara:f060723678a4,"['framework:province:zamfara:f060723678a4', 'framework:area:nigeria:13573928575a', 'framework:region:west-tropical-africa:ba6e06497098', 'framework:subcontinent:western-africa:6280a2b17f17', 'framework:continent:africa:d14fc0b285b2']",5,['Zamfara'],supported,zamfara,Zamfara,['Zamfara'],parent label matches normalized baseline,['NG037012'],unique normalized current name/explicit alias,"[{'current_name': 'Talata Mafara', 'current_pcode': 'NG037012', 'current_parent': 'Zamfara', 'parent_pcode': 'NG037', 'valid_on': '2019-04-17', 'area_km2': 1465.80990859, 'component_count': 1, 'WCA_point_count_by_code': 0, 'WCA_point_count_name_parent_candidate': 47, 'WCA_crosswalk_method': 'normalized ADM2+ADM1 labels; code-vintage mismatch candidate', 'WCA_points_inside_current_geometry': 47, 'WCA_same_code_points_outside_geometry': 0, 'Senegal_2017_OCHA_points_by_code': 0, 'Senegal_2017_points_inside_current_geometry': 0, 'admin_capital_records': 1, 'admin_capital_match_method': 'normalized ADM2+ADM1 name candidate; source-code vintage differs', 'admin_capital_exact_code_records': 0, 'admin_capital_name_parent_candidate_records': 1}]",5,"{'current_name': 'Talata Mafara', 'current_pcode': 'NG037012', 'intersection_km2': 1398.854606, 'legacy_coverage_pct': 91.00969, 'screen_only': True}",0,47,0,0,"[{'name': 'Talata Mafara', 'coordinates_lon_lat': [6.05971, 12.573167], 'adm_p_lvl': 2, 'admin2_name': 'Talata Mafara', 'admin2_pcode': 'NG3712', 'admin1_name': 'Zamfara', 'admin1_pcode': 'NG37', 'valid_on': '2019-04-17', 'match_method': 'normalized ADM2+ADM1 name candidate; source-code vintage differs', 'capital_point_in_candidate_geometry': True}]",insufficient-evidence,['physical land/island completeness and current settlement completeness remain unverified'],Pinned source role 'Local Government Areas' is independently represented as COD-AB ADM2 for these features; source role and administrative level alone do not certify tier purpose or physical extent.,"Source name/code, administration and settlement screens remain separate. No political title, full settlement population, complete land/island footprint, or region approval is inferred."
gb:NGA:ADM2:59680162B54275853767873,Akoko-Edo,Nigeria,gb:NGA:ADM2,2022,59680162B54275853767873,Akoko-Edo,Local Government Areas,ADM2,NGA,,Polygon,True,1,True,774,framework:province:edo:837a456ad2ee,framework:province:edo:837a456ad2ee,"['framework:province:edo:837a456ad2ee', 'framework:area:nigeria:13573928575a', 'framework:region:west-tropical-africa:ba6e06497098', 'framework:subcontinent:western-africa:6280a2b17f17', 'framework:continent:africa:d14fc0b285b2']",5,['Edo'],supported,edo,Edo,['Edo'],parent label matches normalized baseline,['NG012001'],unique normalized current name/explicit alias,"[{'current_name': 'Akoko-Edo', 'current_pcode': 'NG012001', 'current_parent': 'Edo', 'parent_pcode': 'NG012', 'valid_on': '2019-04-17', 'area_km2': 1341.57313518, 'component_count': 1, 'WCA_point_count_by_code': 0, 'WCA_point_count_name_parent_candidate': 57, 'WCA_crosswalk_method': 'normalized ADM2+ADM1 labels; code-vintage mismatch candidate', 'WCA_points_inside_current_geometry': 57, 'WCA_same_code_points_outside_geometry': 0, 'Senegal_2017_OCHA_points_by_code': 0, 'Senegal_2017_points_inside_current_geometry': 0, 'admin_capital_records': 1, 'admin_capital_match_method': 'normalized ADM2+ADM1 name candidate; source-code vintage differs', 'admin_capital_exact_code_records': 0, 'admin_capital_name_parent_candidate_records': 1}]",12,"{'current_name': 'Akoko-Edo', 'current_pcode': 'NG012001', 'intersection_km2': 1336.869968, 'legacy_coverage_pct': 97.81997, 'screen_only': True}",0,57,0,0,"[{'name': 'Igarra', 'coordinates_lon_lat': [6.0878, 7.2827], 'adm_p_lvl': 2, 'admin2_name': 'Akoko-Edo', 'admin2_pcode': 'NG1201', 'admin1_name': 'Edo', 'admin1_pcode': 'NG12', 'valid_on': '2019-04-17', 'match_method': 'normalized ADM2+ADM1 name candidate; source-code vintage differs', 'capital_point_in_candidate_geometry': True}]",insufficient-evidence,['physical land/island completeness and current settlement completeness remain unverified'],Pinned source role 'Local Government Areas' is independently represented as COD-AB ADM2 for these features; source role and administrative level alone do not certify tier purpose or physical extent.,"Source name/code, administration and settlement screens remain separate. No political title, full settlement population, complete land/island footprint, or region approval is inferred."
gb:NGA:ADM2:59680162B54356159238049,Orumba North,Nigeria,gb:NGA:ADM2,2022,59680162B54356159238049,Orumba North,Local Government Areas,ADM2,NGA,,Polygon,True,1,True,774,framework:province:anambra:60457f483104,framework:province:anambra:60457f483104,"['framework:province:anambra:60457f483104', 'framework:area:nigeria:13573928575a', 'framework:region:west-tropical-africa:ba6e06497098', 'framework:subcontinent:western-africa:6280a2b17f17', 'framework:continent:africa:d14fc0b285b2']",5,['Anambra'],supported,anambra,Anambra,['Anambra'],parent label matches normalized baseline,['NG004019'],unique normalized current name/explicit alias,"[{'current_name': 'Orumba North', 'current_pcode': 'NG004019', 'current_parent': 'Anambra', 'parent_pcode': 'NG004', 'valid_on': '2019-04-17', 'area_km2': 320.99166408, 'component_count': 1, 'WCA_point_count_by_code': 0, 'WCA_point_count_name_parent_candidate': 26, 'WCA_crosswalk_method': 'normalized ADM2+ADM1 labels; code-vintage mismatch candidate', 'WCA_points_inside_current_geometry': 26, 'WCA_same_code_points_outside_geometry': 0, 'Senegal_2017_OCHA_points_by_code': 0, 'Senegal_2017_points_inside_current_geometry': 0, 'admin_capital_records': 1, 'admin_capital_match_method': 'normalized ADM2+ADM1 name candidate; source-code vintage differs', 'admin_capital_exact_code_records': 0, 'admin_capital_name_parent_candidate_records': 1}]",6,"{'current_name': 'Orumba North', 'current_pcode': 'NG004019', 'intersection_km2': 295.342167, 'legacy_coverage_pct': 92.13226, 'screen_only': True}",0,26,0,0,"[{'name': 'Ufuma', 'coordinates_lon_lat': [7.20294, 6.084792], 'adm_p_lvl': 2, 'admin2_name': 'Orumba North', 'admin2_pcode': 'NG0419', 'admin1_name': 'Anambra', 'admin1_pcode': 'NG04', 'valid_on': '2019-04-17', 'match_method': 'normalized ADM2+ADM1 name candidate; source-code vintage differs', 'capital_point_in_candidate_geometry': True}]",insufficient-evidence,['physical land/island completeness and current settlement completeness remain unverified'],Pinned source role 'Local Government Areas' is independently represented as COD-AB ADM2 for these features; source role and administrative level alone do not certify tier purpose or physical extent.,"Source name/code, administration and settlement screens remain separate. No political title, full settlement population, complete land/island footprint, or region approval is inferred."
gb:NGA:ADM2:59680162B54887547034560,Emure,Nigeria,gb:NGA:ADM2,2022,59680162B54887547034560,Emure,Local Government Areas,ADM2,NGA,,Polygon,True,1,True,774,framework:province:ekiti:1dc223e0cd0e,framework:province:ekiti:1dc223e0cd0e,"['framework:province:ekiti:1dc223e0cd0e', 'framework:area:nigeria:13573928575a', 'framework:region:west-tropical-africa:ba6e06497098', 'framework:subcontinent:western-africa:6280a2b17f17', 'framework:continent:africa:d14fc0b285b2']",5,['Ekiti'],supported,ekiti,Ekiti,['Ekiti'],parent label matches normalized baseline,['NG013007'],unique normalized current name/explicit alias,"[{'current_name': 'Emure', 'current_pcode': 'NG013007', 'current_parent': 'Ekiti', 'parent_pcode': 'NG013', 'valid_on': '2019-04-17', 'area_km2': 249.94826652, 'component_count': 1, 'WCA_point_count_by_code': 0, 'WCA_point_count_name_parent_candidate': 18, 'WCA_crosswalk_method': 'normalized ADM2+ADM1 labels; code-vintage mismatch candidate', 'WCA_points_inside_current_geometry': 18, 'WCA_same_code_points_outside_geometry': 0, 'Senegal_2017_OCHA_points_by_code': 0, 'Senegal_2017_points_inside_current_geometry': 0, 'admin_capital_records': 1, 'admin_capital_match_method': 'normalized ADM2+ADM1 name candidate; source-code vintage differs', 'admin_capital_exact_code_records': 0, 'admin_capital_name_parent_candidate_records': 1}]",5,"{'current_name': 'Emure', 'current_pcode': 'NG013007', 'intersection_km2': 230.864851, 'legacy_coverage_pct': 90.10668, 'screen_only': True}",0,18,0,0,"[{'name': 'Emure-Ekiti', 'coordinates_lon_lat': [5.459322, 7.436137], 'adm_p_lvl': 2, 'admin2_name': 'Emure', 'admin2_pcode': 'NG1307', 'admin1_name': 'Ekiti', 'admin1_pcode': 'NG13', 'valid_on': '2019-04-17', 'match_method': 'normalized ADM2+ADM1 name candidate; source-code vintage differs', 'capital_point_in_candidate_geometry': True}]",insufficient-evidence,['physical land/island completeness and current settlement completeness remain unverified'],Pinned source role 'Local Government Areas' is independently represented as COD-AB ADM2 for these features; source role and administrative level alone do not certify tier purpose or physical extent.,"Source name/code, administration and settlement screens remain separate. No political title, full settlement population, complete land/island footprint, or region approval is inferred."
gb:NGA:ADM2:59680162B55239717258244,Zurmi,Nigeria,gb:NGA:ADM2,2022,59680162B55239717258244,Zurmi,Local Government Areas,ADM2,NGA,,Polygon,True,1,True,774,framework:province:zamfara:f060723678a4,framework:province:zamfara:f060723678a4,"['framework:province:zamfara:f060723678a4', 'framework:area:nigeria:13573928575a', 'framework:region:west-tropical-africa:ba6e06497098', 'framework:subcontinent:western-africa:6280a2b17f17', 'framework:continent:africa:d14fc0b285b2']",5,['Zamfara'],supported,zamfara,Zamfara,['Zamfara'],parent label matches normalized baseline,['NG037014'],unique normalized current name/explicit alias,"[{'current_name': 'Zurmi', 'current_pcode': 'NG037014', 'current_parent': 'Zamfara', 'parent_pcode': 'NG037', 'valid_on': '2019-04-17', 'area_km2': 2684.60535061, 'component_count': 1, 'WCA_point_count_by_code': 0, 'WCA_point_count_name_parent_candidate': 27, 'WCA_crosswalk_method': 'normalized ADM2+ADM1 labels; code-vintage mismatch candidate', 'WCA_points_inside_current_geometry': 27, 'WCA_same_code_points_outside_geometry': 0, 'Senegal_2017_OCHA_points_by_code': 0, 'Senegal_2017_points_inside_current_geometry': 0, 'admin_capital_records': 1, 'admin_capital_match_method': 'normalized ADM2+ADM1 name candidate; source-code vintage differs', 'admin_capital_exact_code_records': 0, 'admin_capital_name_parent_candidate_records': 1}]",8,"{'current_name': 'Zurmi', 'current_pcode': 'NG037014', 'intersection_km2': 2320.16957, 'legacy_coverage_pct': 92.35084, 'screen_only': True}",0,27,0,0,"[{'name': 'Zurmi', 'coordinates_lon_lat': [6.783401, 12.777604], 'adm_p_lvl': 2, 'admin2_name': 'Zurmi', 'admin2_pcode': 'NG3714', 'admin1_name': 'Zamfara', 'admin1_pcode': 'NG37', 'valid_on': '2019-04-17', 'match_method': 'normalized ADM2+ADM1 name candidate; source-code vintage differs', 'capital_point_in_candidate_geometry': True}]",insufficient-evidence,['physical land/island completeness and current settlement completeness remain unverified'],Pinned source role 'Local Government Areas' is independently represented as COD-AB ADM2 for these features; source role and administrative level alone do not certify tier purpose or physical extent.,"Source name/code, administration and settlement screens remain separate. No political title, full settlement population, complete land/island footprint, or region approval is inferred."
gb:NGA:ADM2:59680162B55690925628014,Efon,Nigeria,gb:NGA:ADM2,2022,59680162B55690925628014,Efon,Local Government Areas,ADM2,NGA,,Polygon,True,1,True,774,framework:province:ekiti:1dc223e0cd0e,framework:province:ekiti:1dc223e0cd0e,"['framework:province:ekiti:1dc223e0cd0e', 'framework:area:nigeria:13573928575a', 'framework:region:west-tropical-africa:ba6e06497098', 'framework:subcontinent:western-africa:6280a2b17f17', 'framework:continent:africa:d14fc0b285b2']",5,['Ekiti'],supported,ekiti,Ekiti,['Ekiti'],parent label matches normalized baseline,['NG013003'],unique normalized current name/explicit alias,"[{'current_name': 'Efon', 'current_pcode': 'NG013003', 'current_parent': 'Ekiti', 'parent_pcode': 'NG013', 'valid_on': '2019-04-17', 'area_km2': 230.21856142, 'component_count': 1, 'WCA_point_count_by_code': 0, 'WCA_point_count_name_parent_candidate': 3, 'WCA_crosswalk_method': 'normalized ADM2+ADM1 labels; code-vintage mismatch candidate', 'WCA_points_inside_current_geometry': 3, 'WCA_same_code_points_outside_geometry': 0, 'Senegal_2017_OCHA_points_by_code': 0, 'Senegal_2017_points_inside_current_geometry': 0, 'admin_capital_records': 1, 'admin_capital_match_method': 'normalized ADM2+ADM1 name candidate; source-code vintage differs', 'admin_capital_exact_code_records': 0, 'admin_capital_name_parent_candidate_records': 1}]",5,"{'current_name': 'Efon', 'current_pcode': 'NG013003', 'intersection_km2': 203.479975, 'legacy_coverage_pct': 85.40318, 'screen_only': True}",0,3,0,0,"[{'name': 'Efon-Alaiye', 'coordinates_lon_lat': [4.916667, 7.65], 'adm_p_lvl': 2, 'admin2_name': 'Efon', 'admin2_pcode': 'NG1303', 'admin1_name': 'Ekiti', 'admin1_pcode': 'NG13', 'valid_on': '2019-04-17', 'match_method': 'normalized ADM2+ADM1 name candidate; source-code vintage differs', 'capital_point_in_candidate_geometry': True}]",insufficient-evidence,['physical land/island completeness and current settlement completeness remain unverified'],Pinned source role 'Local Government Areas' is independently represented as COD-AB ADM2 for these features; source role and administrative level alone do not certify tier purpose or physical extent.,"Source name/code, administration and settlement screens remain separate. No political title, full settlement population, complete land/island footprint, or region approval is inferred."
gb:NGA:ADM2:59680162B56433787774877,Ika North East,Nigeria,gb:NGA:ADM2,2022,59680162B56433787774877,Ika North East,Local Government Areas,ADM2,NGA,,Polygon,True,1,True,774,framework:province:delta:c9181c18b197,framework:province:delta:c9181c18b197,"['framework:province:delta:c9181c18b197', 'framework:area:nigeria:13573928575a', 'framework:region:west-tropical-africa:ba6e06497098', 'framework:subcontinent:western-africa:6280a2b17f17', 'framework:continent:africa:d14fc0b285b2']",5,['Delta'],supported,delta,Delta,['Delta'],parent label matches normalized baseline,['NG010007'],unique normalized current name/explicit alias,"[{'current_name': 'Ika North East', 'current_pcode': 'NG010007', 'current_parent': 'Delta', 'parent_pcode': 'NG010', 'valid_on': '2019-04-17', 'area_km2': 467.70072246, 'component_count': 1, 'WCA_point_count_by_code': 0, 'WCA_point_count_name_parent_candidate': 41, 'WCA_crosswalk_method': 'normalized ADM2+ADM1 labels; code-vintage mismatch candidate', 'WCA_points_inside_current_geometry': 41, 'WCA_same_code_points_outside_geometry': 0, 'Senegal_2017_OCHA_points_by_code': 0, 'Senegal_2017_points_inside_current_geometry': 0, 'admin_capital_records': 1, 'admin_capital_match_method': 'normalized ADM2+ADM1 name candidate; source-code vintage differs', 'admin_capital_exact_code_records': 0, 'admin_capital_name_parent_candidate_records': 1}]",6,"{'current_name': 'Ika North East', 'current_pcode': 'NG010007', 'intersection_km2': 456.152572, 'legacy_coverage_pct': 95.66327, 'screen_only': True}",0,41,0,0,"[{'name': 'Owa Oyiebu', 'coordinates_lon_lat': [6.201218, 6.180779], 'adm_p_lvl': 2, 'admin2_name': 'Ika North East', 'admin2_pcode': 'NG1007', 'admin1_name': 'Delta', 'admin1_pcode': 'NG10', 'valid_on': '2019-04-17', 'match_method': 'normalized ADM2+ADM1 name candidate; source-code vintage differs', 'capital_point_in_candidate_geometry': True}]",insufficient-evidence,['physical land/island completeness and current settlement completeness remain unverified'],Pinned source role 'Local Government Areas' is independently represented as COD-AB ADM2 for these features; source role and administrative level alone do not certify tier purpose or physical extent.,"Source name/code, administration and settlement screens remain separate. No political title, full settlement population, complete land/island footprint, or region approval is inferred."
gb:NGA:ADM2:59680162B56562801938729,Bodinga,Nigeria,gb:NGA:ADM2,2022,59680162B56562801938729,Bodinga,Local Government Areas,ADM2,NGA,,Polygon,True,1,True,774,framework:province:sokoto:38a75936a981,framework:province:sokoto:38a75936a981,"['framework:province:sokoto:38a75936a981', 'framework:area:nigeria:13573928575a', 'framework:region:west-tropical-africa:ba6e06497098', 'framework:subcontinent:western-africa:6280a2b17f17', 'framework:continent:africa:d14fc0b285b2']",5,['Sokoto'],supported,sokoto,Sokoto,['Sokoto'],parent label matches normalized baseline,['NG034002'],unique normalized current name/explicit alias,"[{'current_name': 'Bodinga', 'current_pcode': 'NG034002', 'current_parent': 'Sokoto', 'parent_pcode': 'NG034', 'valid_on': '2019-04-17', 'area_km2': 637.81752326, 'component_count': 1, 'WCA_point_count_by_code': 0, 'WCA_point_count_name_parent_candidate': 66, 'WCA_crosswalk_method': 'normalized ADM2+ADM1 labels; code-vintage mismatch candidate', 'WCA_points_inside_current_geometry': 66, 'WCA_same_code_points_outside_geometry': 0, 'Senegal_2017_OCHA_points_by_code': 0, 'Senegal_2017_points_inside_current_geometry': 0, 'admin_capital_records': 1, 'admin_capital_match_method': 'normalized ADM2+ADM1 name candidate; source-code vintage differs', 'admin_capital_exact_code_records': 0, 'admin_capital_name_parent_candidate_records': 1}]",6,"{'current_name': 'Bodinga', 'current_pcode': 'NG034002', 'intersection_km2': 567.881174, 'legacy_coverage_pct': 81.81007, 'screen_only': True}",0,66,0,0,"[{'name': 'Bodinga', 'coordinates_lon_lat': [5.171944, 12.876111], 'adm_p_lvl': 2, 'admin2_name': 'Bodinga', 'admin2_pcode': 'NG3402', 'admin1_name': 'Sokoto', 'admin1_pcode': 'NG34', 'valid_on': '2019-04-17', 'match_method': 'normalized ADM2+ADM1 name candidate; source-code vintage differs', 'capital_point_in_candidate_geometry': True}]",insufficient-evidence,['physical land/island completeness and current settlement completeness remain unverified'],Pinned source role 'Local Government Areas' is independently represented as COD-AB ADM2 for these features; source role and administrative level alone do not certify tier purpose or physical extent.,"Source name/code, administration and settlement screens remain separate. No political title, full settlement population, complete land/island footprint, or region approval is inferred."
gb:NGA:ADM2:59680162B56887411771488,Ahiazu-Mbaise,Nigeria,gb:NGA:ADM2,2022,59680162B56887411771488,Ahiazu-Mbaise,Local Government Areas,ADM2,NGA,,Polygon,True,1,True,774,framework:province:imo:a94708264d83,framework:province:imo:a94708264d83,"['framework:province:imo:a94708264d83', 'framework:area:nigeria:13573928575a', 'framework:region:west-tropical-africa:ba6e06497098', 'framework:subcontinent:western-africa:6280a2b17f17', 'framework:continent:africa:d14fc0b285b2']",5,['Imo'],supported,imo,Imo,['Imo'],parent label matches normalized baseline,['NG017002'],unique normalized current name/explicit alias,"[{'current_name': 'Ahiazu-Mbaise', 'current_pcode': 'NG017002', 'current_parent': 'Imo', 'parent_pcode': 'NG017', 'valid_on': '2019-04-17', 'area_km2': 113.89882677, 'component_count': 1, 'WCA_point_count_by_code': 0, 'WCA_point_count_name_parent_candidate': 16, 'WCA_crosswalk_method': 'normalized ADM2+ADM1 labels; code-vintage mismatch candidate', 'WCA_points_inside_current_geometry': 16, 'WCA_same_code_points_outside_geometry': 0, 'Senegal_2017_OCHA_points_by_code': 0, 'Senegal_2017_points_inside_current_geometry': 0, 'admin_capital_records': 1, 'admin_capital_match_method': 'normalized ADM2+ADM1 name candidate; source-code vintage differs', 'admin_capital_exact_code_records': 0, 'admin_capital_name_parent_candidate_records': 1}]",6,"{'current_name': 'Ahiazu-Mbaise', 'current_pcode': 'NG017002', 'intersection_km2': 86.758794, 'legacy_coverage_pct': 87.11579, 'screen_only': True}",0,16,0,0,"[{'name': 'Oru', 'coordinates_lon_lat': [7.267071, 5.53414], 'adm_p_lvl': 2, 'admin2_name': 'Ahiazu-Mbaise', 'admin2_pcode': 'NG1702', 'admin1_name': 'Imo', 'admin1_pcode': 'NG17', 'valid_on': '2019-04-17', 'match_method': 'normalized ADM2+ADM1 name candidate; source-code vintage differs', 'capital_point_in_candidate_geometry': True}]",insufficient-evidence,['physical land/island completeness and current settlement completeness remain unverified'],Pinned source role 'Local Government Areas' is independently represented as COD-AB ADM2 for these features; source role and administrative level alone do not certify tier purpose or physical extent.,"Source name/code, administration and settlement screens remain separate. No political title, full settlement population, complete land/island footprint, or region approval is inferred."
gb:NGA:ADM2:59680162B58427071840888,Uvwie,Nigeria,gb:NGA:ADM2,2022,59680162B58427071840888,Uvwie,Local Government Areas,ADM2,NGA,,Polygon,True,1,True,774,framework:province:delta:c9181c18b197,framework:province:delta:c9181c18b197,"['framework:province:delta:c9181c18b197', 'framework:area:nigeria:13573928575a', 'framework:region:west-tropical-africa:ba6e06497098', 'framework:subcontinent:western-africa:6280a2b17f17', 'framework:continent:africa:d14fc0b285b2']",5,['Delta'],supported,delta,Delta,['Delta'],parent label matches normalized baseline,['NG010022'],unique normalized current name/explicit alias,"[{'current_name': 'Uvwie', 'current_pcode': 'NG010022', 'current_parent': 'Delta', 'parent_pcode': 'NG010', 'valid_on': '2019-04-17', 'area_km2': 112.43735367, 'component_count': 1, 'WCA_point_count_by_code': 0, 'WCA_point_count_name_parent_candidate': 19, 'WCA_crosswalk_method': 'normalized ADM2+ADM1 labels; code-vintage mismatch candidate', 'WCA_points_inside_current_geometry': 19, 'WCA_same_code_points_outside_geometry': 0, 'Senegal_2017_OCHA_points_by_code': 0, 'Senegal_2017_points_inside_current_geometry': 0, 'admin_capital_records': 1, 'admin_capital_match_method': 'normalized ADM2+ADM1 name candidate; source-code vintage differs', 'admin_capital_exact_code_records': 0, 'admin_capital_name_parent_candidate_records': 1}]",4,"{'current_name': 'Uvwie', 'current_pcode': 'NG010022', 'intersection_km2': 79.514579, 'legacy_coverage_pct': 95.41324, 'screen_only': True}",0,19,0,0,"[{'name': 'Effurun', 'coordinates_lon_lat': [5.786239, 5.554632], 'adm_p_lvl': 2, 'admin2_name': 'Uvwie', 'admin2_pcode': 'NG1022', 'admin1_name': 'Delta', 'admin1_pcode': 'NG10', 'valid_on': '2019-04-17', 'match_method': 'normalized ADM2+ADM1 name candidate; source-code vintage differs', 'capital_point_in_candidate_geometry': True}]",insufficient-evidence,['physical land/island completeness and current settlement completeness remain unverified'],Pinned source role 'Local Government Areas' is independently represented as COD-AB ADM2 for these features; source role and administrative level alone do not certify tier purpose or physical extent.,"Source name/code, administration and settlement screens remain separate. No political title, full settlement population, complete land/island footprint, or region approval is inferred."
gb:NGA:ADM2:59680162B58622494857171,Ovia South-West,Nigeria,gb:NGA:ADM2,2022,59680162B58622494857171,Ovia South-West,Local Government Areas,ADM2,NGA,,Polygon,True,1,True,774,framework:province:edo:837a456ad2ee,framework:province:edo:837a456ad2ee,"['framework:province:edo:837a456ad2ee', 'framework:area:nigeria:13573928575a', 'framework:region:west-tropical-africa:ba6e06497098', 'framework:subcontinent:western-africa:6280a2b17f17', 'framework:continent:africa:d14fc0b285b2']",5,['Edo'],supported,edo,Edo,['Edo'],parent label matches normalized baseline,['NG012015'],unique normalized current name/explicit alias,"[{'current_name': 'Ovia South West', 'current_pcode': 'NG012015', 'current_parent': 'Edo', 'parent_pcode': 'NG012', 'valid_on': '2019-04-17', 'area_km2': 2771.81799058, 'component_count': 1, 'WCA_point_count_by_code': 0, 'WCA_point_count_name_parent_candidate': 189, 'WCA_crosswalk_method': 'normalized ADM2+ADM1 labels; code-vintage mismatch candidate', 'WCA_points_inside_current_geometry': 189, 'WCA_same_code_points_outside_geometry': 0, 'Senegal_2017_OCHA_points_by_code': 0, 'Senegal_2017_points_inside_current_geometry': 0, 'admin_capital_records': 1, 'admin_capital_match_method': 'normalized ADM2+ADM1 name candidate; source-code vintage differs', 'admin_capital_exact_code_records': 0, 'admin_capital_name_parent_candidate_records': 1}]",7,"{'current_name': 'Ovia South West', 'current_pcode': 'NG012015', 'intersection_km2': 2737.87804, 'legacy_coverage_pct': 99.06821, 'screen_only': True}",0,189,0,0,"[{'name': 'Iguobazowa', 'coordinates_lon_lat': [5.353424, 6.565962], 'adm_p_lvl': 2, 'admin2_name': 'Ovia South West', 'admin2_pcode': 'NG1215', 'admin1_name': 'Edo', 'admin1_pcode': 'NG12', 'valid_on': '2019-04-17', 'match_method': 'normalized ADM2+ADM1 name candidate; source-code vintage differs', 'capital_point_in_candidate_geometry': True}]",insufficient-evidence,['physical land/island completeness and current settlement completeness remain unverified'],Pinned source role 'Local Government Areas' is independently represented as COD-AB ADM2 for these features; source role and administrative level alone do not certify tier purpose or physical extent.,"Source name/code, administration and settlement screens remain separate. No political title, full settlement population, complete land/island footprint, or region approval is inferred."
gb:NGA:ADM2:59680162B58812788921078,Moba,Nigeria,gb:NGA:ADM2,2022,59680162B58812788921078,Moba,Local Government Areas,ADM2,NGA,,Polygon,True,1,True,774,framework:province:ekiti:1dc223e0cd0e,framework:province:ekiti:1dc223e0cd0e,"['framework:province:ekiti:1dc223e0cd0e', 'framework:area:nigeria:13573928575a', 'framework:region:west-tropical-africa:ba6e06497098', 'framework:subcontinent:western-africa:6280a2b17f17', 'framework:continent:africa:d14fc0b285b2']",5,['Ekiti'],supported,ekiti,Ekiti,['Ekiti'],parent label matches normalized baseline,['NG013015'],unique normalized current name/explicit alias,"[{'current_name': 'Moba', 'current_pcode': 'NG013015', 'current_parent': 'Ekiti', 'parent_pcode': 'NG013', 'valid_on': '2019-04-17', 'area_km2': 197.17359814, 'component_count': 1, 'WCA_point_count_by_code': 0, 'WCA_point_count_name_parent_candidate': 17, 'WCA_crosswalk_method': 'normalized ADM2+ADM1 labels; code-vintage mismatch candidate', 'WCA_points_inside_current_geometry': 17, 'WCA_same_code_points_outside_geometry': 0, 'Senegal_2017_OCHA_points_by_code': 0, 'Senegal_2017_points_inside_current_geometry': 0, 'admin_capital_records': 1, 'admin_capital_match_method': 'normalized ADM2+ADM1 name candidate; source-code vintage differs', 'admin_capital_exact_code_records': 0, 'admin_capital_name_parent_candidate_records': 1}]",7,"{'current_name': 'Moba', 'current_pcode': 'NG013015', 'intersection_km2': 191.604539, 'legacy_coverage_pct': 87.17026, 'screen_only': True}",0,17,0,0,"[{'name': 'Otun', 'coordinates_lon_lat': [5.129883, 7.987706], 'adm_p_lvl': 2, 'admin2_name': 'Moba', 'admin2_pcode': 'NG1315', 'admin1_name': 'Ekiti', 'admin1_pcode': 'NG13', 'valid_on': '2019-04-17', 'match_method': 'normalized ADM2+ADM1 name candidate; source-code vintage differs', 'capital_point_in_candidate_geometry': True}]",insufficient-evidence,['physical land/island completeness and current settlement completeness remain unverified'],Pinned source role 'Local Government Areas' is independently represented as COD-AB ADM2 for these features; source role and administrative level alone do not certify tier purpose or physical extent.,"Source name/code, administration and settlement screens remain separate. No political title, full settlement population, complete land/island footprint, or region approval is inferred."
gb:NGA:ADM2:59680162B59329233871626,Akuku Toru,Nigeria,gb:NGA:ADM2,2022,59680162B59329233871626,Akuku Toru,Local Government Areas,ADM2,NGA,,Polygon,True,1,True,774,framework:province:rivers:00c506c91c8a,framework:province:rivers:00c506c91c8a,"['framework:province:rivers:00c506c91c8a', 'framework:area:nigeria:13573928575a', 'framework:region:west-tropical-africa:ba6e06497098', 'framework:subcontinent:western-africa:6280a2b17f17', 'framework:continent:africa:d14fc0b285b2']",5,['Rivers'],supported,rivers,Rivers,['Rivers'],parent label matches normalized baseline,['NG033004'],unique normalized current name/explicit alias,"[{'current_name': 'Akuku Toru', 'current_pcode': 'NG033004', 'current_parent': 'Rivers', 'parent_pcode': 'NG033', 'valid_on': '2019-04-17', 'area_km2': 1246.89062222, 'component_count': 1, 'WCA_point_count_by_code': 0, 'WCA_point_count_name_parent_candidate': 2592, 'WCA_crosswalk_method': 'normalized ADM2+ADM1 labels; code-vintage mismatch candidate', 'WCA_points_inside_current_geometry': 2592, 'WCA_same_code_points_outside_geometry': 0, 'Senegal_2017_OCHA_points_by_code': 0, 'Senegal_2017_points_inside_current_geometry': 0, 'admin_capital_records': 16, 'admin_capital_match_method': 'normalized ADM2+ADM1 name candidate; source-code vintage differs', 'admin_capital_exact_code_records': 0, 'admin_capital_name_parent_candidate_records': 16}]",6,"{'current_name': 'Akuku Toru', 'current_pcode': 'NG033004', 'intersection_km2': 1157.017194, 'legacy_coverage_pct': 81.74992, 'screen_only': True}",0,2592,0,0,"[{'name': 'Abonnema', 'coordinates_lon_lat': [6.793071, 4.708438], 'adm_p_lvl': 2, 'admin2_name': 'Akuku Toru', 'admin2_pcode': 'NG3304', 'admin1_name': 'Rivers', 'admin1_pcode': 'NG33', 'valid_on': '2019-04-17', 'match_method': 'normalized ADM2+ADM1 name candidate; source-code vintage differs', 'capital_point_in_candidate_geometry': True}, {'name': 'Abonnema', 'coordinates_lon_lat': [6.793071, 4.708438], 'adm_p_lvl': 2, 'admin2_name': 'Akuku Toru', 'admin2_pcode': 'NG3304', 'admin1_name': 'Rivers', 'admin1_pcode': 'NG33', 'valid_on': '2019-04-17', 'match_method': 'normalized ADM2+ADM1 name candidate; source-code vintage differs', 'capital_point_in_candidate_geometry': True}, {'name': 'Abonnema', 'coordinates_lon_lat': [6.793071, 4.708438], 'adm_p_lvl': 2, 'admin2_name': 'Akuku Toru', 'admin2_pcode': 'NG3304', 'admin1_name': 'Rivers', 'admin1_pcode': 'NG33', 'valid_on': '2019-04-17', 'match_method': 'normalized ADM2+ADM1 name candidate; source-code vintage differs', 'capital_point_in_candidate_geometry': True}, {'name': 'Abonnema', 'coordinates_lon_lat': [6.793071, 4.708438], 'adm_p_lvl': 2, 'admin2_name': 'Akuku Toru', 'admin2_pcode': 'NG3304', 'admin1_name': 'Rivers', 'admin1_pcode': 'NG33', 'valid_on': '2019-04-17', 'match_method': 'normalized ADM2+ADM1 name candidate; source-code vintage differs', 'capital_point_in_candidate_geometry': True}, {'name': 'Abonnema', 'coordinates_lon_lat': [6.793071, 4.708438], 'adm_p_lvl': 2, 'admin2_name': 'Akuku Toru', 'admin2_pcode': 'NG3304', 'admin1_name': 'Rivers', 'admin1_pcode': 'NG33', 'valid_on': '2019-04-17', 'match_method': 'normalized ADM2+ADM1 name candidate; source-code vintage differs', 'capital_point_in_candidate_geometry': True}, {'name': 'Abonnema', 'coordinates_lon_lat': [6.793071, 4.708438], 'adm_p_lvl': 2, 'admin2_name': 'Akuku Toru', 'admin2_pcode': 'NG3304', 'admin1_name': 'Rivers', 'admin1_pcode': 'NG33', 'valid_on': '2019-04-17', 'match_method': 'normalized ADM2+ADM1 name candidate; source-code vintage differs', 'capital_point_in_candidate_geometry': True}, {'name': 'Abonnema', 'coordinates_lon_lat': [6.793071, 4.708438], 'adm_p_lvl': 2, 'admin2_name': 'Akuku Toru', 'admin2_pcode': 'NG3304', 'admin1_name': 'Rivers', 'admin1_pcode': 'NG33', 'valid_on': '2019-04-17', 'match_method': 'normalized ADM2+ADM1 name candidate; source-code vintage differs', 'capital_point_in_candidate_geometry': True}, {'name': 'Abonnema', 'coordinates_lon_lat': [6.793071, 4.708438], 'adm_p_lvl': 2, 'admin2_name': 'Akuku Toru', 'admin2_pcode': 'NG3304', 'admin1_name': 'Rivers', 'admin1_pcode': 'NG33', 'valid_on': '2019-04-17', 'match_method': 'normalized ADM2+ADM1 name candidate; source-code vintage differs', 'capital_point_in_candidate_geometry': True}, {'name': 'Abonnema', 'coordinates_lon_lat': [6.793071, 4.708438], 'adm_p_lvl': 2, 'admin2_name': 'Akuku Toru', 'admin2_pcode': 'NG3304', 'admin1_name': 'Rivers', 'admin1_pcode': 'NG33', 'valid_on': '2019-04-17', 'match_method': 'normalized ADM2+ADM1 name candidate; source-code vintage differs', 'capital_point_in_candidate_geometry': True}, {'name': 'Abonnema', 'coordinates_lon_lat': [6.793071, 4.708438], 'adm_p_lvl': 2, 'admin2_name': 'Akuku Toru', 'admin2_pcode': 'NG3304', 'admin1_name': 'Rivers', 'admin1_pcode': 'NG33', 'valid_on': '2019-04-17', 'match_method': 'normalized ADM2+ADM1 name candidate; source-code vintage differs', 'capital_point_in_candidate_geometry': True}, {'name': 'Abonnema', 'coordinates_lon_lat': [6.793071, 4.708438], 'adm_p_lvl': 2, 'admin2_name': 'Akuku Toru', 'admin2_pcode': 'NG3304', 'admin1_name': 'Rivers', 'admin1_pcode': 'NG33', 'valid_on': '2019-04-17', 'match_method': 'normalized ADM2+ADM1 name candidate; source-code vintage differs', 'capital_point_in_candidate_geometry': True}, {'name': 'Abonnema', 'coordinates_lon_lat': [6.793071, 4.708438], 'adm_p_lvl': 2, 'admin2_name': 'Akuku Toru', 'admin2_pcode': 'NG3304', 'admin1_name': 'Rivers', 'admin1_pcode': 'NG33', 'valid_on': '2019-04-17', 'match_method': 'normalized ADM2+ADM1 name candidate; source-code vintage differs', 'capital_point_in_candidate_geometry': True}, {'name': 'Abonnema', 'coordinates_lon_lat': [6.793071, 4.708438], 'adm_p_lvl': 2, 'admin2_name': 'Akuku Toru', 'admin2_pcode': 'NG3304', 'admin1_name': 'Rivers', 'admin1_pcode': 'NG33', 'valid_on': '2019-04-17', 'match_method': 'normalized ADM2+ADM1 name candidate; source-code vintage differs', 'capital_point_in_candidate_geometry': True}, {'name': 'Abonnema', 'coordinates_lon_lat': [6.793071, 4.708438], 'adm_p_lvl': 2, 'admin2_name': 'Akuku Toru', 'admin2_pcode': 'NG3304', 'admin1_name': 'Rivers', 'admin1_pcode': 'NG33', 'valid_on': '2019-04-17', 'match_method': 'normalized ADM2+ADM1 name candidate; source-code vintage differs', 'capital_point_in_candidate_geometry': True}, {'name': 'Abonnema', 'coordinates_lon_lat': [6.793071, 4.708438], 'adm_p_lvl': 2, 'admin2_name': 'Akuku Toru', 'admin2_pcode': 'NG3304', 'admin1_name': 'Rivers', 'admin1_pcode': 'NG33', 'valid_on': '2019-04-17', 'match_method': 'normalized ADM2+ADM1 name candidate; source-code vintage differs', 'capital_point_in_candidate_geometry': True}, {'name': 'Abonnema', 'coordinates_lon_lat': [6.793071, 4.708438], 'adm_p_lvl': 2, 'admin2_name': 'Akuku Toru', 'admin2_pcode': 'NG3304', 'admin1_name': 'Rivers', 'admin1_pcode': 'NG33', 'valid_on': '2019-04-17', 'match_method': 'normalized ADM2+ADM1 name candidate; source-code vintage differs', 'capital_point_in_candidate_geometry': True}]",insufficient-evidence,['physical land/island completeness and current settlement completeness remain unverified'],Pinned source role 'Local Government Areas' is independently represented as COD-AB ADM2 for these features; source role and administrative level alone do not certify tier purpose or physical extent.,"Source name/code, administration and settlement screens remain separate. No political title, full settlement population, complete land/island footprint, or region approval is inferred."
gb:NGA:ADM2:59680162B59497895637604,Onitsha South,Nigeria,gb:NGA:ADM2,2022,59680162B59497895637604,Onitsha South,Local Government Areas,ADM2,NGA,,Polygon,True,1,True,774,framework:province:anambra:60457f483104,framework:province:anambra:60457f483104,"['framework:province:anambra:60457f483104', 'framework:area:nigeria:13573928575a', 'framework:region:west-tropical-africa:ba6e06497098', 'framework:subcontinent:western-africa:6280a2b17f17', 'framework:continent:africa:d14fc0b285b2']",5,['Anambra'],supported,anambra,Anambra,['Anambra'],parent label matches normalized baseline,['NG004018'],unique normalized current name/explicit alias,"[{'current_name': 'Onitsha South', 'current_pcode': 'NG004018', 'current_parent': 'Anambra', 'parent_pcode': 'NG004', 'valid_on': '2019-04-17', 'area_km2': 9.91953081, 'component_count': 1, 'WCA_point_count_by_code': 0, 'WCA_point_count_name_parent_candidate': 2, 'WCA_crosswalk_method': 'normalized ADM2+ADM1 labels; code-vintage mismatch candidate', 'WCA_points_inside_current_geometry': 2, 'WCA_same_code_points_outside_geometry': 0, 'Senegal_2017_OCHA_points_by_code': 0, 'Senegal_2017_points_inside_current_geometry': 0, 'admin_capital_records': 1, 'admin_capital_match_method': 'normalized ADM2+ADM1 name candidate; source-code vintage differs', 'admin_capital_exact_code_records': 0, 'admin_capital_name_parent_candidate_records': 1}]",4,"{'current_name': 'Onitsha South', 'current_pcode': 'NG004018', 'intersection_km2': 7.923938, 'legacy_coverage_pct': 94.82336, 'screen_only': True}",0,2,0,0,"[{'name': 'Onitsha', 'coordinates_lon_lat': [6.788452, 6.14543], 'adm_p_lvl': 2, 'admin2_name': 'Onitsha South', 'admin2_pcode': 'NG0418', 'admin1_name': 'Anambra', 'admin1_pcode': 'NG04', 'valid_on': '2019-04-17', 'match_method': 'normalized ADM2+ADM1 name candidate; source-code vintage differs', 'capital_point_in_candidate_geometry': True}]",insufficient-evidence,['physical land/island completeness and current settlement completeness remain unverified'],Pinned source role 'Local Government Areas' is independently represented as COD-AB ADM2 for these features; source role and administrative level alone do not certify tier purpose or physical extent.,"Source name/code, administration and settlement screens remain separate. No political title, full settlement population, complete land/island footprint, or region approval is inferred."
gb:NGA:ADM2:59680162B59739898555342,Mbatoli,Nigeria,gb:NGA:ADM2,2022,59680162B59739898555342,Mbatoli,Local Government Areas,ADM2,NGA,,Polygon,True,1,True,774,framework:province:imo:a94708264d83,framework:province:imo:a94708264d83,"['framework:province:imo:a94708264d83', 'framework:area:nigeria:13573928575a', 'framework:region:west-tropical-africa:ba6e06497098', 'framework:subcontinent:western-africa:6280a2b17f17', 'framework:continent:africa:d14fc0b285b2']",5,['Imo'],supported,imo,Imo,['Imo'],parent label matches normalized baseline,['NG017011'],unique normalized current name/explicit alias,"[{'current_name': 'Mbaitoli', 'current_pcode': 'NG017011', 'current_parent': 'Imo', 'parent_pcode': 'NG017', 'valid_on': '2019-04-17', 'area_km2': 199.99383112, 'component_count': 1, 'WCA_point_count_by_code': 0, 'WCA_point_count_name_parent_candidate': 26, 'WCA_crosswalk_method': 'normalized ADM2+ADM1 labels; code-vintage mismatch candidate', 'WCA_points_inside_current_geometry': 26, 'WCA_same_code_points_outside_geometry': 0, 'Senegal_2017_OCHA_points_by_code': 0, 'Senegal_2017_points_inside_current_geometry': 0, 'admin_capital_records': 0, 'admin_capital_match_method': 'no capital record candidate', 'admin_capital_exact_code_records': 0, 'admin_capital_name_parent_candidate_records': 0}]",7,"{'current_name': 'Mbaitoli', 'current_pcode': 'NG017011', 'intersection_km2': 147.982364, 'legacy_coverage_pct': 85.34813, 'screen_only': True}",0,26,0,0,[],insufficient-evidence,['physical land/island completeness and current settlement completeness remain unverified'],Pinned source role 'Local Government Areas' is independently represented as COD-AB ADM2 for these features; source role and administrative level alone do not certify tier purpose or physical extent.,"Source name/code, administration and settlement screens remain separate. No political title, full settlement population, complete land/island footprint, or region approval is inferred."
gb:NGA:ADM2:59680162B60219664923389,Gokana,Nigeria,gb:NGA:ADM2,2022,59680162B60219664923389,Gokana,Local Government Areas,ADM2,NGA,,Polygon,True,1,True,774,framework:province:rivers:00c506c91c8a,framework:province:rivers:00c506c91c8a,"['framework:province:rivers:00c506c91c8a', 'framework:area:nigeria:13573928575a', 'framework:region:west-tropical-africa:ba6e06497098', 'framework:subcontinent:western-africa:6280a2b17f17', 'framework:continent:africa:d14fc0b285b2']",5,['Rivers'],supported,rivers,Rivers,['Rivers'],parent label matches normalized baseline,['NG033012'],unique normalized current name/explicit alias,"[{'current_name': 'Gokana', 'current_pcode': 'NG033012', 'current_parent': 'Rivers', 'parent_pcode': 'NG033', 'valid_on': '2019-04-17', 'area_km2': 132.74240367, 'component_count': 1, 'WCA_point_count_by_code': 0, 'WCA_point_count_name_parent_candidate': 21, 'WCA_crosswalk_method': 'normalized ADM2+ADM1 labels; code-vintage mismatch candidate', 'WCA_points_inside_current_geometry': 21, 'WCA_same_code_points_outside_geometry': 0, 'Senegal_2017_OCHA_points_by_code': 0, 'Senegal_2017_points_inside_current_geometry': 0, 'admin_capital_records': 1, 'admin_capital_match_method': 'normalized ADM2+ADM1 name candidate; source-code vintage differs', 'admin_capital_exact_code_records': 0, 'admin_capital_name_parent_candidate_records': 1}]",4,"{'current_name': 'Gokana', 'current_pcode': 'NG033012', 'intersection_km2': 104.241153, 'legacy_coverage_pct': 78.95244, 'screen_only': True}",0,21,0,0,"[{'name': 'Kpor', 'coordinates_lon_lat': [7.283963, 4.653792], 'adm_p_lvl': 2, 'admin2_name': 'Gokana', 'admin2_pcode': 'NG3312', 'admin1_name': 'Rivers', 'admin1_pcode': 'NG33', 'valid_on': '2019-04-17', 'match_method': 'normalized ADM2+ADM1 name candidate; source-code vintage differs', 'capital_point_in_candidate_geometry': True}]",insufficient-evidence,['physical land/island completeness and current settlement completeness remain unverified'],Pinned source role 'Local Government Areas' is independently represented as COD-AB ADM2 for these features; source role and administrative level alone do not certify tier purpose or physical extent.,"Source name/code, administration and settlement screens remain separate. No political title, full settlement population, complete land/island footprint, or region approval is inferred."
gb:NGA:ADM2:59680162B61116944198945,Ogbia,Nigeria,gb:NGA:ADM2,2022,59680162B61116944198945,Ogbia,Local Government Areas,ADM2,NGA,,Polygon,True,1,True,774,framework:province:bayelsa:363005de2f54,framework:province:bayelsa:363005de2f54,"['framework:province:bayelsa:363005de2f54', 'framework:area:nigeria:13573928575a', 'framework:region:west-tropical-africa:ba6e06497098', 'framework:subcontinent:western-africa:6280a2b17f17', 'framework:continent:africa:d14fc0b285b2']",5,['Bayelsa'],supported,bayelsa,Bayelsa,['Bayelsa'],parent label matches normalized baseline,['NG006005'],unique normalized current name/explicit alias,"[{'current_name': 'Ogbia', 'current_pcode': 'NG006005', 'current_parent': 'Bayelsa', 'parent_pcode': 'NG006', 'valid_on': '2019-04-17', 'area_km2': 678.13809875, 'component_count': 1, 'WCA_point_count_by_code': 0, 'WCA_point_count_name_parent_candidate': 68, 'WCA_crosswalk_method': 'normalized ADM2+ADM1 labels; code-vintage mismatch candidate', 'WCA_points_inside_current_geometry': 68, 'WCA_same_code_points_outside_geometry': 0, 'Senegal_2017_OCHA_points_by_code': 0, 'Senegal_2017_points_inside_current_geometry': 0, 'admin_capital_records': 1, 'admin_capital_match_method': 'normalized ADM2+ADM1 name candidate; source-code vintage differs', 'admin_capital_exact_code_records': 0, 'admin_capital_name_parent_candidate_records': 1}]",6,"{'current_name': 'Ogbia', 'current_pcode': 'NG006005', 'intersection_km2': 677.424947, 'legacy_coverage_pct': 97.69965, 'screen_only': True}",0,68,0,0,"[{'name': 'Ogbia', 'coordinates_lon_lat': [6.326291, 4.707703], 'adm_p_lvl': 2, 'admin2_name': 'Ogbia', 'admin2_pcode': 'NG0605', 'admin1_name': 'Bayelsa', 'admin1_pcode': 'NG06', 'valid_on': '2019-04-17', 'match_method': 'normalized ADM2+ADM1 name candidate; source-code vintage differs', 'capital_point_in_candidate_geometry': True}]",insufficient-evidence,['physical land/island completeness and current settlement completeness remain unverified'],Pinned source role 'Local Government Areas' is independently represented as COD-AB ADM2 for these features; source role and administrative level alone do not certify tier purpose or physical extent.,"Source name/code, administration and settlement screens remain separate. No political title, full settlement population, complete land/island footprint, or region approval is inferred."
gb:NGA:ADM2:59680162B61451583552190,Ngor-Okpala,Nigeria,gb:NGA:ADM2,2022,59680162B61451583552190,Ngor-Okpala,Local Government Areas,ADM2,NGA,,Polygon,True,1,True,774,framework:province:imo:a94708264d83,framework:province:imo:a94708264d83,"['framework:province:imo:a94708264d83', 'framework:area:nigeria:13573928575a', 'framework:region:west-tropical-africa:ba6e06497098', 'framework:subcontinent:western-africa:6280a2b17f17', 'framework:continent:africa:d14fc0b285b2']",5,['Imo'],supported,imo,Imo,['Imo'],parent label matches normalized baseline,['NG017012'],unique normalized current name/explicit alias,"[{'current_name': 'Ngor-Okpala', 'current_pcode': 'NG017012', 'current_parent': 'Imo', 'parent_pcode': 'NG017', 'valid_on': '2019-04-17', 'area_km2': 542.17564871, 'component_count': 1, 'WCA_point_count_by_code': 0, 'WCA_point_count_name_parent_candidate': 45, 'WCA_crosswalk_method': 'normalized ADM2+ADM1 labels; code-vintage mismatch candidate', 'WCA_points_inside_current_geometry': 45, 'WCA_same_code_points_outside_geometry': 0, 'Senegal_2017_OCHA_points_by_code': 0, 'Senegal_2017_points_inside_current_geometry': 0, 'admin_capital_records': 1, 'admin_capital_match_method': 'normalized ADM2+ADM1 name candidate; source-code vintage differs', 'admin_capital_exact_code_records': 0, 'admin_capital_name_parent_candidate_records': 1}]",7,"{'current_name': 'Ngor-Okpala', 'current_pcode': 'NG017012', 'intersection_km2': 494.69838, 'legacy_coverage_pct': 94.57091, 'screen_only': True}",0,45,0,0,"[{'name': 'Umu Neke', 'coordinates_lon_lat': [7.144652, 5.332122], 'adm_p_lvl': 2, 'admin2_name': 'Ngor-Okpala', 'admin2_pcode': 'NG1712', 'admin1_name': 'Imo', 'admin1_pcode': 'NG17', 'valid_on': '2019-04-17', 'match_method': 'normalized ADM2+ADM1 name candidate; source-code vintage differs', 'capital_point_in_candidate_geometry': True}]",insufficient-evidence,['physical land/island completeness and current settlement completeness remain unverified'],Pinned source role 'Local Government Areas' is independently represented as COD-AB ADM2 for these features; source role and administrative level alone do not certify tier purpose or physical extent.,"Source name/code, administration and settlement screens remain separate. No political title, full settlement population, complete land/island footprint, or region approval is inferred."
gb:NGA:ADM2:59680162B62255786160615,Kogi,Nigeria,gb:NGA:ADM2,2022,59680162B62255786160615,Kogi,Local Government Areas,ADM2,NGA,,Polygon,True,1,True,774,framework:province:kogi:2143f75eb90a,framework:province:kogi:2143f75eb90a,"['framework:province:kogi:2143f75eb90a', 'framework:area:nigeria:13573928575a', 'framework:region:west-tropical-africa:ba6e06497098', 'framework:subcontinent:western-africa:6280a2b17f17', 'framework:continent:africa:d14fc0b285b2']",5,['Kogi'],supported,kogi,Kogi,['Kogi'],parent label matches normalized baseline,['NG023011'],unique normalized current name/explicit alias,"[{'current_name': 'Kogi', 'current_pcode': 'NG023011', 'current_parent': 'Kogi', 'parent_pcode': 'NG023', 'valid_on': '2019-04-17', 'area_km2': 1494.05596025, 'component_count': 1, 'WCA_point_count_by_code': 0, 'WCA_point_count_name_parent_candidate': 82, 'WCA_crosswalk_method': 'normalized ADM2+ADM1 labels; code-vintage mismatch candidate', 'WCA_points_inside_current_geometry': 82, 'WCA_same_code_points_outside_geometry': 0, 'Senegal_2017_OCHA_points_by_code': 0, 'Senegal_2017_points_inside_current_geometry': 0, 'admin_capital_records': 1, 'admin_capital_match_method': 'normalized ADM2+ADM1 name candidate; source-code vintage differs', 'admin_capital_exact_code_records': 0, 'admin_capital_name_parent_candidate_records': 1}]",6,"{'current_name': 'Kogi', 'current_pcode': 'NG023011', 'intersection_km2': 1488.545048, 'legacy_coverage_pct': 99.75775, 'screen_only': True}",0,82,0,0,"[{'name': 'Koton Karifi', 'coordinates_lon_lat': [6.8, 8.1], 'adm_p_lvl': 2, 'admin2_name': 'Kogi', 'admin2_pcode': 'NG2311', 'admin1_name': 'Kogi', 'admin1_pcode': 'NG23', 'valid_on': '2019-04-17', 'match_method': 'normalized ADM2+ADM1 name candidate; source-code vintage differs', 'capital_point_in_candidate_geometry': True}]",insufficient-evidence,['physical land/island completeness and current settlement completeness remain unverified'],Pinned source role 'Local Government Areas' is independently represented as COD-AB ADM2 for these features; source role and administrative level alone do not certify tier purpose or physical extent.,"Source name/code, administration and settlement screens remain separate. No political title, full settlement population, complete land/island footprint, or region approval is inferred."
gb:NGA:ADM2:59680162B62313947241233,Wushishi,Nigeria,gb:NGA:ADM2,2022,59680162B62313947241233,Wushishi,Local Government Areas,ADM2,NGA,,Polygon,True,1,True,774,framework:province:niger:76d278c157e8,framework:province:niger:76d278c157e8,"['framework:province:niger:76d278c157e8', 'framework:area:nigeria:13573928575a', 'framework:region:west-tropical-africa:ba6e06497098', 'framework:subcontinent:western-africa:6280a2b17f17', 'framework:continent:africa:d14fc0b285b2']",5,['Niger'],supported,niger,Niger,['Niger'],parent label matches normalized baseline,['NG027025'],unique normalized current name/explicit alias,"[{'current_name': 'Wushishi', 'current_pcode': 'NG027025', 'current_parent': 'Niger', 'parent_pcode': 'NG027', 'valid_on': '2019-04-17', 'area_km2': 1810.90367186, 'component_count': 1, 'WCA_point_count_by_code': 0, 'WCA_point_count_name_parent_candidate': 76, 'WCA_crosswalk_method': 'normalized ADM2+ADM1 labels; code-vintage mismatch candidate', 'WCA_points_inside_current_geometry': 76, 'WCA_same_code_points_outside_geometry': 0, 'Senegal_2017_OCHA_points_by_code': 0, 'Senegal_2017_points_inside_current_geometry': 0, 'admin_capital_records': 1, 'admin_capital_match_method': 'normalized ADM2+ADM1 name candidate; source-code vintage differs', 'admin_capital_exact_code_records': 0, 'admin_capital_name_parent_candidate_records': 1}]",7,"{'current_name': 'Wushishi', 'current_pcode': 'NG027025', 'intersection_km2': 1621.411397, 'legacy_coverage_pct': 88.8648, 'screen_only': True}",0,76,0,0,"[{'name': 'Wushishi', 'coordinates_lon_lat': [6.079722, 9.720556], 'adm_p_lvl': 2, 'admin2_name': 'Wushishi', 'admin2_pcode': 'NG2725', 'admin1_name': 'Niger', 'admin1_pcode': 'NG27', 'valid_on': '2019-04-17', 'match_method': 'normalized ADM2+ADM1 name candidate; source-code vintage differs', 'capital_point_in_candidate_geometry': True}]",insufficient-evidence,['physical land/island completeness and current settlement completeness remain unverified'],Pinned source role 'Local Government Areas' is independently represented as COD-AB ADM2 for these features; source role and administrative level alone do not certify tier purpose or physical extent.,"Source name/code, administration and settlement screens remain separate. No political title, full settlement population, complete land/island footprint, or region approval is inferred."
gb:NGA:ADM2:59680162B6299894636493,Obio/Akpor,Nigeria,gb:NGA:ADM2,2022,59680162B6299894636493,Obio/Akpor,Local Government Areas,ADM2,NGA,,Polygon,True,1,True,774,framework:province:rivers:00c506c91c8a,framework:province:rivers:00c506c91c8a,"['framework:province:rivers:00c506c91c8a', 'framework:area:nigeria:13573928575a', 'framework:region:west-tropical-africa:ba6e06497098', 'framework:subcontinent:western-africa:6280a2b17f17', 'framework:continent:africa:d14fc0b285b2']",5,['Rivers'],supported,rivers,Rivers,['Rivers'],parent label matches normalized baseline,['NG033015'],unique normalized current name/explicit alias,"[{'current_name': 'Obia/Akpor', 'current_pcode': 'NG033015', 'current_parent': 'Rivers', 'parent_pcode': 'NG033', 'valid_on': '2019-04-17', 'area_km2': 257.64238853, 'component_count': 1, 'WCA_point_count_by_code': 0, 'WCA_point_count_name_parent_candidate': 96, 'WCA_crosswalk_method': 'normalized ADM2+ADM1 labels; code-vintage mismatch candidate', 'WCA_points_inside_current_geometry': 96, 'WCA_same_code_points_outside_geometry': 0, 'Senegal_2017_OCHA_points_by_code': 0, 'Senegal_2017_points_inside_current_geometry': 0, 'admin_capital_records': 1, 'admin_capital_match_method': 'normalized ADM2+ADM1 name candidate; source-code vintage differs', 'admin_capital_exact_code_records': 0, 'admin_capital_name_parent_candidate_records': 1}]",6,"{'current_name': 'Obia/Akpor', 'current_pcode': 'NG033015', 'intersection_km2': 227.914555, 'legacy_coverage_pct': 86.62171, 'screen_only': True}",0,96,0,0,"[{'name': 'Obia', 'coordinates_lon_lat': [7.041239, 4.839344], 'adm_p_lvl': 2, 'admin2_name': 'Obia/Akpor', 'admin2_pcode': 'NG3315', 'admin1_name': 'Rivers', 'admin1_pcode': 'NG33', 'valid_on': '2019-04-17', 'match_method': 'normalized ADM2+ADM1 name candidate; source-code vintage differs', 'capital_point_in_candidate_geometry': True}]",insufficient-evidence,['physical land/island completeness and current settlement completeness remain unverified'],Pinned source role 'Local Government Areas' is independently represented as COD-AB ADM2 for these features; source role and administrative level alone do not certify tier purpose or physical extent.,"Source name/code, administration and settlement screens remain separate. No political title, full settlement population, complete land/island footprint, or region approval is inferred."
gb:NGA:ADM2:59680162B63010488329613,Tafa,Nigeria,gb:NGA:ADM2,2022,59680162B63010488329613,Tafa,Local Government Areas,ADM2,NGA,,Polygon,True,1,True,774,framework:province:niger:76d278c157e8,framework:province:niger:76d278c157e8,"['framework:province:niger:76d278c157e8', 'framework:area:nigeria:13573928575a', 'framework:region:west-tropical-africa:ba6e06497098', 'framework:subcontinent:western-africa:6280a2b17f17', 'framework:continent:africa:d14fc0b285b2']",5,['Niger'],supported,niger,Niger,['Niger'],parent label matches normalized baseline,['NG027024'],unique normalized current name/explicit alias,"[{'current_name': 'Tafa', 'current_pcode': 'NG027024', 'current_parent': 'Niger', 'parent_pcode': 'NG027', 'valid_on': '2019-04-17', 'area_km2': 241.54369461, 'component_count': 1, 'WCA_point_count_by_code': 0, 'WCA_point_count_name_parent_candidate': 32, 'WCA_crosswalk_method': 'normalized ADM2+ADM1 labels; code-vintage mismatch candidate', 'WCA_points_inside_current_geometry': 32, 'WCA_same_code_points_outside_geometry': 0, 'Senegal_2017_OCHA_points_by_code': 0, 'Senegal_2017_points_inside_current_geometry': 0, 'admin_capital_records': 0, 'admin_capital_match_method': 'no capital record candidate', 'admin_capital_exact_code_records': 0, 'admin_capital_name_parent_candidate_records': 0}]",5,"{'current_name': 'Tafa', 'current_pcode': 'NG027024', 'intersection_km2': 196.770946, 'legacy_coverage_pct': 85.14938, 'screen_only': True}",0,32,0,0,[],insufficient-evidence,['physical land/island completeness and current settlement completeness remain unverified'],Pinned source role 'Local Government Areas' is independently represented as COD-AB ADM2 for these features; source role and administrative level alone do not certify tier purpose or physical extent.,"Source name/code, administration and settlement screens remain separate. No political title, full settlement population, complete land/island footprint, or region approval is inferred."
gb:NGA:ADM2:59680162B63156374952276,Sapele,Nigeria,gb:NGA:ADM2,2022,59680162B63156374952276,Sapele,Local Government Areas,ADM2,NGA,,Polygon,True,1,True,774,framework:province:delta:c9181c18b197,framework:province:delta:c9181c18b197,"['framework:province:delta:c9181c18b197', 'framework:area:nigeria:13573928575a', 'framework:region:west-tropical-africa:ba6e06497098', 'framework:subcontinent:western-africa:6280a2b17f17', 'framework:continent:africa:d14fc0b285b2']",5,['Delta'],supported,delta,Delta,['Delta'],parent label matches normalized baseline,['NG010017'],unique normalized current name/explicit alias,"[{'current_name': 'Sapele', 'current_pcode': 'NG010017', 'current_parent': 'Delta', 'parent_pcode': 'NG010', 'valid_on': '2019-04-17', 'area_km2': 429.08470614, 'component_count': 1, 'WCA_point_count_by_code': 0, 'WCA_point_count_name_parent_candidate': 75, 'WCA_crosswalk_method': 'normalized ADM2+ADM1 labels; code-vintage mismatch candidate', 'WCA_points_inside_current_geometry': 75, 'WCA_same_code_points_outside_geometry': 0, 'Senegal_2017_OCHA_points_by_code': 0, 'Senegal_2017_points_inside_current_geometry': 0, 'admin_capital_records': 2, 'admin_capital_match_method': 'normalized ADM2+ADM1 name candidate; source-code vintage differs', 'admin_capital_exact_code_records': 0, 'admin_capital_name_parent_candidate_records': 2}]",6,"{'current_name': 'Sapele', 'current_pcode': 'NG010017', 'intersection_km2': 418.841083, 'legacy_coverage_pct': 73.19773, 'screen_only': True}",0,75,0,0,"[{'name': 'Ethiope River', 'coordinates_lon_lat': [5.691736, 5.900272], 'adm_p_lvl': 2, 'admin2_name': 'Sapele', 'admin2_pcode': 'NG1017', 'admin1_name': 'Delta', 'admin1_pcode': 'NG10', 'valid_on': '2019-04-17', 'match_method': 'normalized ADM2+ADM1 name candidate; source-code vintage differs', 'capital_point_in_candidate_geometry': True}, {'name': 'Sapele', 'coordinates_lon_lat': [5.67666, 5.894053], 'adm_p_lvl': 2, 'admin2_name': 'Sapele', 'admin2_pcode': 'NG1017', 'admin1_name': 'Delta', 'admin1_pcode': 'NG10', 'valid_on': '2019-04-17', 'match_method': 'normalized ADM2+ADM1 name candidate; source-code vintage differs', 'capital_point_in_candidate_geometry': True}]",insufficient-evidence,['physical land/island completeness and current settlement completeness remain unverified'],Pinned source role 'Local Government Areas' is independently represented as COD-AB ADM2 for these features; source role and administrative level alone do not certify tier purpose or physical extent.,"Source name/code, administration and settlement screens remain separate. No political title, full settlement population, complete land/island footprint, or region approval is inferred."
gb:NGA:ADM2:59680162B6318880418470,Paikoro,Nigeria,gb:NGA:ADM2,2022,59680162B6318880418470,Paikoro,Local Government Areas,ADM2,NGA,,Polygon,True,1,True,774,framework:province:niger:76d278c157e8,framework:province:niger:76d278c157e8,"['framework:province:niger:76d278c157e8', 'framework:area:nigeria:13573928575a', 'framework:region:west-tropical-africa:ba6e06497098', 'framework:subcontinent:western-africa:6280a2b17f17', 'framework:continent:africa:d14fc0b285b2']",5,['Niger'],supported,niger,Niger,['Niger'],parent label matches normalized baseline,['NG027019'],unique normalized current name/explicit alias,"[{'current_name': 'Paikoro', 'current_pcode': 'NG027019', 'current_parent': 'Niger', 'parent_pcode': 'NG027', 'valid_on': '2019-04-17', 'area_km2': 2088.82636221, 'component_count': 1, 'WCA_point_count_by_code': 0, 'WCA_point_count_name_parent_candidate': 207, 'WCA_crosswalk_method': 'normalized ADM2+ADM1 labels; code-vintage mismatch candidate', 'WCA_points_inside_current_geometry': 207, 'WCA_same_code_points_outside_geometry': 0, 'Senegal_2017_OCHA_points_by_code': 0, 'Senegal_2017_points_inside_current_geometry': 0, 'admin_capital_records': 0, 'admin_capital_match_method': 'no capital record candidate', 'admin_capital_exact_code_records': 0, 'admin_capital_name_parent_candidate_records': 0}]",10,"{'current_name': 'Paikoro', 'current_pcode': 'NG027019', 'intersection_km2': 1970.872288, 'legacy_coverage_pct': 97.99595, 'screen_only': True}",0,207,0,0,[],insufficient-evidence,['physical land/island completeness and current settlement completeness remain unverified'],Pinned source role 'Local Government Areas' is independently represented as COD-AB ADM2 for these features; source role and administrative level alone do not certify tier purpose or physical extent.,"Source name/code, administration and settlement screens remain separate. No political title, full settlement population, complete land/island footprint, or region approval is inferred."
gb:NGA:ADM2:59680162B63960569375521,Anka,Nigeria,gb:NGA:ADM2,2022,59680162B63960569375521,Anka,Local Government Areas,ADM2,NGA,,Polygon,True,1,True,774,framework:province:zamfara:f060723678a4,framework:province:zamfara:f060723678a4,"['framework:province:zamfara:f060723678a4', 'framework:area:nigeria:13573928575a', 'framework:region:west-tropical-africa:ba6e06497098', 'framework:subcontinent:western-africa:6280a2b17f17', 'framework:continent:africa:d14fc0b285b2']",5,['Zamfara'],supported,zamfara,Zamfara,['Zamfara'],parent label matches normalized baseline,['NG037001'],unique normalized current name/explicit alias,"[{'current_name': 'Anka', 'current_pcode': 'NG037001', 'current_parent': 'Zamfara', 'parent_pcode': 'NG037', 'valid_on': '2019-04-17', 'area_km2': 2548.70604501, 'component_count': 1, 'WCA_point_count_by_code': 0, 'WCA_point_count_name_parent_candidate': 38, 'WCA_crosswalk_method': 'normalized ADM2+ADM1 labels; code-vintage mismatch candidate', 'WCA_points_inside_current_geometry': 38, 'WCA_same_code_points_outside_geometry': 0, 'Senegal_2017_OCHA_points_by_code': 0, 'Senegal_2017_points_inside_current_geometry': 0, 'admin_capital_records': 1, 'admin_capital_match_method': 'normalized ADM2+ADM1 name candidate; source-code vintage differs', 'admin_capital_exact_code_records': 0, 'admin_capital_name_parent_candidate_records': 1}]",4,"{'current_name': 'Anka', 'current_pcode': 'NG037001', 'intersection_km2': 2265.453975, 'legacy_coverage_pct': 87.78843, 'screen_only': True}",0,38,0,0,"[{'name': 'Anka', 'coordinates_lon_lat': [5.924273, 12.113814], 'adm_p_lvl': 2, 'admin2_name': 'Anka', 'admin2_pcode': 'NG3701', 'admin1_name': 'Zamfara', 'admin1_pcode': 'NG37', 'valid_on': '2019-04-17', 'match_method': 'normalized ADM2+ADM1 name candidate; source-code vintage differs', 'capital_point_in_candidate_geometry': True}]",insufficient-evidence,['physical land/island completeness and current settlement completeness remain unverified'],Pinned source role 'Local Government Areas' is independently represented as COD-AB ADM2 for these features; source role and administrative level alone do not certify tier purpose or physical extent.,"Source name/code, administration and settlement screens remain separate. No political title, full settlement population, complete land/island footprint, or region approval is inferred."
gb:NGA:ADM2:59680162B64027612781435,Agwara,Nigeria,gb:NGA:ADM2,2022,59680162B64027612781435,Agwara,Local Government Areas,ADM2,NGA,,Polygon,True,1,True,774,framework:province:niger:76d278c157e8,framework:province:niger:76d278c157e8,"['framework:province:niger:76d278c157e8', 'framework:area:nigeria:13573928575a', 'framework:region:west-tropical-africa:ba6e06497098', 'framework:subcontinent:western-africa:6280a2b17f17', 'framework:continent:africa:d14fc0b285b2']",5,['Niger'],supported,niger,Niger,['Niger'],parent label matches normalized baseline,['NG027002'],unique normalized current name/explicit alias,"[{'current_name': 'Agwara', 'current_pcode': 'NG027002', 'current_parent': 'Niger', 'parent_pcode': 'NG027', 'valid_on': '2019-04-17', 'area_km2': 1471.63704529, 'component_count': 1, 'WCA_point_count_by_code': 0, 'WCA_point_count_name_parent_candidate': 173, 'WCA_crosswalk_method': 'normalized ADM2+ADM1 labels; code-vintage mismatch candidate', 'WCA_points_inside_current_geometry': 173, 'WCA_same_code_points_outside_geometry': 0, 'Senegal_2017_OCHA_points_by_code': 0, 'Senegal_2017_points_inside_current_geometry': 0, 'admin_capital_records': 1, 'admin_capital_match_method': 'normalized ADM2+ADM1 name candidate; source-code vintage differs', 'admin_capital_exact_code_records': 0, 'admin_capital_name_parent_candidate_records': 1}]",5,"{'current_name': 'Agwara', 'current_pcode': 'NG027002', 'intersection_km2': 1349.172764, 'legacy_coverage_pct': 93.05861, 'screen_only': True}",0,173,0,0,"[{'name': 'Agwarra', 'coordinates_lon_lat': [4.582222, 10.704112], 'adm_p_lvl': 2, 'admin2_name': 'Agwara', 'admin2_pcode': 'NG2702', 'admin1_name': 'Niger', 'admin1_pcode': 'NG27', 'valid_on': '2019-04-17', 'match_method': 'normalized ADM2+ADM1 name candidate; source-code vintage differs', 'capital_point_in_candidate_geometry': True}]",insufficient-evidence,['physical land/island completeness and current settlement completeness remain unverified'],Pinned source role 'Local Government Areas' is independently represented as COD-AB ADM2 for these features; source role and administrative level alone do not certify tier purpose or physical extent.,"Source name/code, administration and settlement screens remain separate. No political title, full settlement population, complete land/island footprint, or region approval is inferred."
gb:NGA:ADM2:59680162B6425058524044,Agaie,Nigeria,gb:NGA:ADM2,2022,59680162B6425058524044,Agaie,Local Government Areas,ADM2,NGA,,Polygon,True,1,True,774,framework:province:niger:76d278c157e8,framework:province:niger:76d278c157e8,"['framework:province:niger:76d278c157e8', 'framework:area:nigeria:13573928575a', 'framework:region:west-tropical-africa:ba6e06497098', 'framework:subcontinent:western-africa:6280a2b17f17', 'framework:continent:africa:d14fc0b285b2']",5,['Niger'],supported,niger,Niger,['Niger'],parent label matches normalized baseline,['NG027001'],unique normalized current name/explicit alias,"[{'current_name': 'Agaie', 'current_pcode': 'NG027001', 'current_parent': 'Niger', 'parent_pcode': 'NG027', 'valid_on': '2019-04-17', 'area_km2': 1919.95910988, 'component_count': 1, 'WCA_point_count_by_code': 0, 'WCA_point_count_name_parent_candidate': 113, 'WCA_crosswalk_method': 'normalized ADM2+ADM1 labels; code-vintage mismatch candidate', 'WCA_points_inside_current_geometry': 113, 'WCA_same_code_points_outside_geometry': 0, 'Senegal_2017_OCHA_points_by_code': 0, 'Senegal_2017_points_inside_current_geometry': 0, 'admin_capital_records': 1, 'admin_capital_match_method': 'normalized ADM2+ADM1 name candidate; source-code vintage differs', 'admin_capital_exact_code_records': 0, 'admin_capital_name_parent_candidate_records': 1}]",6,"{'current_name': 'Agaie', 'current_pcode': 'NG027001', 'intersection_km2': 1874.258784, 'legacy_coverage_pct': 92.6115, 'screen_only': True}",0,113,0,0,"[{'name': 'Agaie', 'coordinates_lon_lat': [6.316667, 9.016667], 'adm_p_lvl': 2, 'admin2_name': 'Agaie', 'admin2_pcode': 'NG2701', 'admin1_name': 'Niger', 'admin1_pcode': 'NG27', 'valid_on': '2019-04-17', 'match_method': 'normalized ADM2+ADM1 name candidate; source-code vintage differs', 'capital_point_in_candidate_geometry': True}]",insufficient-evidence,['physical land/island completeness and current settlement completeness remain unverified'],Pinned source role 'Local Government Areas' is independently represented as COD-AB ADM2 for these features; source role and administrative level alone do not certify tier purpose or physical extent.,"Source name/code, administration and settlement screens remain separate. No political title, full settlement population, complete land/island footprint, or region approval is inferred."
gb:NGA:ADM2:59680162B64690225464412,Kaura Namoda,Nigeria,gb:NGA:ADM2,2022,59680162B64690225464412,Kaura Namoda,Local Government Areas,ADM2,NGA,,Polygon,True,1,True,774,framework:province:zamfara:f060723678a4,framework:province:zamfara:f060723678a4,"['framework:province:zamfara:f060723678a4', 'framework:area:nigeria:13573928575a', 'framework:region:west-tropical-africa:ba6e06497098', 'framework:subcontinent:western-africa:6280a2b17f17', 'framework:continent:africa:d14fc0b285b2']",5,['Zamfara'],supported,zamfara,Zamfara,['Zamfara'],parent label matches normalized baseline,['NG037008'],unique normalized current name/explicit alias,"[{'current_name': 'Kaura Namoda', 'current_pcode': 'NG037008', 'current_parent': 'Zamfara', 'parent_pcode': 'NG037', 'valid_on': '2019-04-17', 'area_km2': 866.04329282, 'component_count': 1, 'WCA_point_count_by_code': 0, 'WCA_point_count_name_parent_candidate': 86, 'WCA_crosswalk_method': 'normalized ADM2+ADM1 labels; code-vintage mismatch candidate', 'WCA_points_inside_current_geometry': 86, 'WCA_same_code_points_outside_geometry': 0, 'Senegal_2017_OCHA_points_by_code': 0, 'Senegal_2017_points_inside_current_geometry': 0, 'admin_capital_records': 1, 'admin_capital_match_method': 'normalized ADM2+ADM1 name candidate; source-code vintage differs', 'admin_capital_exact_code_records': 0, 'admin_capital_name_parent_candidate_records': 1}]",5,"{'current_name': 'Kaura Namoda', 'current_pcode': 'NG037008', 'intersection_km2': 809.058962, 'legacy_coverage_pct': 88.74046, 'screen_only': True}",0,86,0,0,"[{'name': 'Kaura Namoda', 'coordinates_lon_lat': [6.577914, 12.589788], 'adm_p_lvl': 2, 'admin2_name': 'Kaura Namoda', 'admin2_pcode': 'NG3708', 'admin1_name': 'Zamfara', 'admin1_pcode': 'NG37', 'valid_on': '2019-04-17', 'match_method': 'normalized ADM2+ADM1 name candidate; source-code vintage differs', 'capital_point_in_candidate_geometry': True}]",insufficient-evidence,['physical land/island completeness and current settlement completeness remain unverified'],Pinned source role 'Local Government Areas' is independently represented as COD-AB ADM2 for these features; source role and administrative level alone do not certify tier purpose or physical extent.,"Source name/code, administration and settlement screens remain separate. No political title, full settlement population, complete land/island footprint, or region approval is inferred."
gb:NGA:ADM2:59680162B64829234996535,Yenegoa,Nigeria,gb:NGA:ADM2,2022,59680162B64829234996535,Yenegoa,Local Government Areas,ADM2,NGA,,Polygon,True,1,True,774,framework:province:bayelsa:363005de2f54,framework:province:bayelsa:363005de2f54,"['framework:province:bayelsa:363005de2f54', 'framework:area:nigeria:13573928575a', 'framework:region:west-tropical-africa:ba6e06497098', 'framework:subcontinent:western-africa:6280a2b17f17', 'framework:continent:africa:d14fc0b285b2']",5,['Bayelsa'],supported,bayelsa,Bayelsa,['Bayelsa'],parent label matches normalized baseline,['NG006008'],unique normalized current name/explicit alias,"[{'current_name': 'Yenegoa', 'current_pcode': 'NG006008', 'current_parent': 'Bayelsa', 'parent_pcode': 'NG006', 'valid_on': '2019-04-17', 'area_km2': 682.27031815, 'component_count': 1, 'WCA_point_count_by_code': 0, 'WCA_point_count_name_parent_candidate': 62, 'WCA_crosswalk_method': 'normalized ADM2+ADM1 labels; code-vintage mismatch candidate', 'WCA_points_inside_current_geometry': 62, 'WCA_same_code_points_outside_geometry': 0, 'Senegal_2017_OCHA_points_by_code': 0, 'Senegal_2017_points_inside_current_geometry': 0, 'admin_capital_records': 1, 'admin_capital_match_method': 'normalized ADM2+ADM1 name candidate; source-code vintage differs', 'admin_capital_exact_code_records': 0, 'admin_capital_name_parent_candidate_records': 1}]",7,"{'current_name': 'Yenegoa', 'current_pcode': 'NG006008', 'intersection_km2': 663.300819, 'legacy_coverage_pct': 93.85825, 'screen_only': True}",0,62,0,0,"[{'name': 'Yenagoa', 'coordinates_lon_lat': [6.264167, 4.924722], 'adm_p_lvl': 1, 'admin2_name': 'Yenegoa', 'admin2_pcode': 'NG0608', 'admin1_name': 'Bayelsa', 'admin1_pcode': 'NG06', 'valid_on': '2019-04-17', 'match_method': 'normalized ADM2+ADM1 name candidate; source-code vintage differs', 'capital_point_in_candidate_geometry': True}]",insufficient-evidence,['physical land/island completeness and current settlement completeness remain unverified'],Pinned source role 'Local Government Areas' is independently represented as COD-AB ADM2 for these features; source role and administrative level alone do not certify tier purpose or physical extent.,"Source name/code, administration and settlement screens remain separate. No political title, full settlement population, complete land/island footprint, or region approval is inferred."
gb:NGA:ADM2:59680162B65190975434062,Eleme,Nigeria,gb:NGA:ADM2,2022,59680162B65190975434062,Eleme,Local Government Areas,ADM2,NGA,,Polygon,True,1,True,774,framework:province:rivers:00c506c91c8a,framework:province:rivers:00c506c91c8a,"['framework:province:rivers:00c506c91c8a', 'framework:area:nigeria:13573928575a', 'framework:region:west-tropical-africa:ba6e06497098', 'framework:subcontinent:western-africa:6280a2b17f17', 'framework:continent:africa:d14fc0b285b2']",5,['Rivers'],supported,rivers,Rivers,['Rivers'],parent label matches normalized baseline,['NG033009'],unique normalized current name/explicit alias,"[{'current_name': 'Eleme', 'current_pcode': 'NG033009', 'current_parent': 'Rivers', 'parent_pcode': 'NG033', 'valid_on': '2019-04-17', 'area_km2': 136.5952792, 'component_count': 1, 'WCA_point_count_by_code': 0, 'WCA_point_count_name_parent_candidate': 25, 'WCA_crosswalk_method': 'normalized ADM2+ADM1 labels; code-vintage mismatch candidate', 'WCA_points_inside_current_geometry': 25, 'WCA_same_code_points_outside_geometry': 0, 'Senegal_2017_OCHA_points_by_code': 0, 'Senegal_2017_points_inside_current_geometry': 0, 'admin_capital_records': 1, 'admin_capital_match_method': 'normalized ADM2+ADM1 name candidate; source-code vintage differs', 'admin_capital_exact_code_records': 0, 'admin_capital_name_parent_candidate_records': 1}]",6,"{'current_name': 'Eleme', 'current_pcode': 'NG033009', 'intersection_km2': 110.06235, 'legacy_coverage_pct': 80.96084, 'screen_only': True}",0,25,0,0,"[{'name': 'Ogali', 'coordinates_lon_lat': [7.126889, 4.786044], 'adm_p_lvl': 2, 'admin2_name': 'Eleme', 'admin2_pcode': 'NG3309', 'admin1_name': 'Rivers', 'admin1_pcode': 'NG33', 'valid_on': '2019-04-17', 'match_method': 'normalized ADM2+ADM1 name candidate; source-code vintage differs', 'capital_point_in_candidate_geometry': True}]",insufficient-evidence,['physical land/island completeness and current settlement completeness remain unverified'],Pinned source role 'Local Government Areas' is independently represented as COD-AB ADM2 for these features; source role and administrative level alone do not certify tier purpose or physical extent.,"Source name/code, administration and settlement screens remain separate. No political title, full settlement population, complete land/island footprint, or region approval is inferred."
gb:NGA:ADM2:59680162B66631777088899,Isa,Nigeria,gb:NGA:ADM2,2022,59680162B66631777088899,Isa,Local Government Areas,ADM2,NGA,,Polygon,True,1,True,774,framework:province:sokoto:38a75936a981,framework:province:sokoto:38a75936a981,"['framework:province:sokoto:38a75936a981', 'framework:area:nigeria:13573928575a', 'framework:region:west-tropical-africa:ba6e06497098', 'framework:subcontinent:western-africa:6280a2b17f17', 'framework:continent:africa:d14fc0b285b2']",5,['Sokoto'],supported,sokoto,Sokoto,['Sokoto'],parent label matches normalized baseline,['NG034009'],unique normalized current name/explicit alias,"[{'current_name': 'Isa', 'current_pcode': 'NG034009', 'current_parent': 'Sokoto', 'parent_pcode': 'NG034', 'valid_on': '2019-04-17', 'area_km2': 2164.61640905, 'component_count': 1, 'WCA_point_count_by_code': 0, 'WCA_point_count_name_parent_candidate': 37, 'WCA_crosswalk_method': 'normalized ADM2+ADM1 labels; code-vintage mismatch candidate', 'WCA_points_inside_current_geometry': 37, 'WCA_same_code_points_outside_geometry': 0, 'Senegal_2017_OCHA_points_by_code': 0, 'Senegal_2017_points_inside_current_geometry': 0, 'admin_capital_records': 1, 'admin_capital_match_method': 'normalized ADM2+ADM1 name candidate; source-code vintage differs', 'admin_capital_exact_code_records': 0, 'admin_capital_name_parent_candidate_records': 1}]",6,"{'current_name': 'Isa', 'current_pcode': 'NG034009', 'intersection_km2': 1854.934854, 'legacy_coverage_pct': 91.00105, 'screen_only': True}",0,37,0,0,"[{'name': 'Isa', 'coordinates_lon_lat': [6.407079, 13.200294], 'adm_p_lvl': 2, 'admin2_name': 'Isa', 'admin2_pcode': 'NG3409', 'admin1_name': 'Sokoto', 'admin1_pcode': 'NG34', 'valid_on': '2019-04-17', 'match_method': 'normalized ADM2+ADM1 name candidate; source-code vintage differs', 'capital_point_in_candidate_geometry': True}]",insufficient-evidence,['physical land/island completeness and current settlement completeness remain unverified'],Pinned source role 'Local Government Areas' is independently represented as COD-AB ADM2 for these features; source role and administrative level alone do not certify tier purpose or physical extent.,"Source name/code, administration and settlement screens remain separate. No political title, full settlement population, complete land/island footprint, or region approval is inferred."
gb:NGA:ADM2:59680162B66680936539808,Bassa,Nigeria,gb:NGA:ADM2,2022,59680162B66680936539808,Bassa,Local Government Areas,ADM2,NGA,,Polygon,True,1,True,774,framework:province:kogi:2143f75eb90a,framework:province:kogi:2143f75eb90a,"['framework:province:kogi:2143f75eb90a', 'framework:area:nigeria:13573928575a', 'framework:region:west-tropical-africa:ba6e06497098', 'framework:subcontinent:western-africa:6280a2b17f17', 'framework:continent:africa:d14fc0b285b2']",5,"['Kogi', 'Plateau']",insufficient-evidence,kogi,Kogi;Plateau,"['Kogi', 'Plateau']",ambiguous current parent candidates,"['NG023004', 'NG032002']",duplicate normalized current name; all candidates retained and overlap-ranked,"[{'current_name': 'Bassa', 'current_pcode': 'NG023004', 'current_parent': 'Kogi', 'parent_pcode': 'NG023', 'valid_on': '2019-04-17', 'area_km2': 1935.03604254, 'component_count': 1, 'WCA_point_count_by_code': 0, 'WCA_point_count_name_parent_candidate': 98, 'WCA_crosswalk_method': 'normalized ADM2+ADM1 labels; code-vintage mismatch candidate', 'WCA_points_inside_current_geometry': 98, 'WCA_same_code_points_outside_geometry': 0, 'Senegal_2017_OCHA_points_by_code': 0, 'Senegal_2017_points_inside_current_geometry': 0, 'admin_capital_records': 1, 'admin_capital_match_method': 'normalized ADM2+ADM1 name candidate; source-code vintage differs', 'admin_capital_exact_code_records': 0, 'admin_capital_name_parent_candidate_records': 1}, {'current_name': 'Bassa', 'current_pcode': 'NG032002', 'current_parent': 'Plateau', 'parent_pcode': 'NG032', 'valid_on': '2019-04-17', 'area_km2': 1647.5713531, 'component_count': 1, 'WCA_point_count_by_code': 0, 'WCA_point_count_name_parent_candidate': 92, 'WCA_crosswalk_method': 'normalized ADM2+ADM1 labels; code-vintage mismatch candidate', 'WCA_points_inside_current_geometry': 92, 'WCA_same_code_points_outside_geometry': 0, 'Senegal_2017_OCHA_points_by_code': 0, 'Senegal_2017_points_inside_current_geometry': 0, 'admin_capital_records': 1, 'admin_capital_match_method': 'normalized ADM2+ADM1 name candidate; source-code vintage differs', 'admin_capital_exact_code_records': 0, 'admin_capital_name_parent_candidate_records': 1}]",9,"{'current_name': 'Bassa', 'current_pcode': 'NG023004', 'intersection_km2': 1910.742332, 'legacy_coverage_pct': 97.77778, 'screen_only': True}",0,190,0,0,"[{'name': 'Oguma', 'coordinates_lon_lat': [7.0524, 7.8981], 'adm_p_lvl': 2, 'admin2_name': 'Bassa', 'admin2_pcode': 'NG2304', 'admin1_name': 'Kogi', 'admin1_pcode': 'NG23', 'valid_on': '2019-04-17', 'match_method': 'normalized ADM2+ADM1 name candidate; source-code vintage differs', 'capital_point_in_candidate_geometry': True}, {'name': 'Bassa', 'coordinates_lon_lat': [8.733333, 9.933333], 'adm_p_lvl': 2, 'admin2_name': 'Bassa', 'admin2_pcode': 'NG3202', 'admin1_name': 'Plateau', 'admin1_pcode': 'NG32', 'valid_on': '2019-04-17', 'match_method': 'normalized ADM2+ADM1 name candidate; source-code vintage differs', 'capital_point_in_candidate_geometry': True}]",insufficient-evidence,['multiple current same-name candidates'],Pinned source role 'Local Government Areas' is independently represented as COD-AB ADM2 for these features; source role and administrative level alone do not certify tier purpose or physical extent.,"Source name/code, administration and settlement screens remain separate. No political title, full settlement population, complete land/island footprint, or region approval is inferred."
gb:NGA:ADM2:59680162B67610911656226,Iguegben,Nigeria,gb:NGA:ADM2,2022,59680162B67610911656226,Iguegben,Local Government Areas,ADM2,NGA,,Polygon,True,1,True,774,framework:province:edo:837a456ad2ee,framework:province:edo:837a456ad2ee,"['framework:province:edo:837a456ad2ee', 'framework:area:nigeria:13573928575a', 'framework:region:west-tropical-africa:ba6e06497098', 'framework:subcontinent:western-africa:6280a2b17f17', 'framework:continent:africa:d14fc0b285b2']",5,['Edo'],supported,edo,Edo,['Edo'],parent label matches normalized baseline,['NG012010'],unique normalized current name/explicit alias,"[{'current_name': 'Igueben', 'current_pcode': 'NG012010', 'current_parent': 'Edo', 'parent_pcode': 'NG012', 'valid_on': '2019-04-17', 'area_km2': 349.4988753, 'component_count': 1, 'WCA_point_count_by_code': 0, 'WCA_point_count_name_parent_candidate': 35, 'WCA_crosswalk_method': 'normalized ADM2+ADM1 labels; code-vintage mismatch candidate', 'WCA_points_inside_current_geometry': 35, 'WCA_same_code_points_outside_geometry': 0, 'Senegal_2017_OCHA_points_by_code': 0, 'Senegal_2017_points_inside_current_geometry': 0, 'admin_capital_records': 1, 'admin_capital_match_method': 'normalized ADM2+ADM1 name candidate; source-code vintage differs', 'admin_capital_exact_code_records': 0, 'admin_capital_name_parent_candidate_records': 1}]",7,"{'current_name': 'Igueben', 'current_pcode': 'NG012010', 'intersection_km2': 348.509955, 'legacy_coverage_pct': 92.9867, 'screen_only': True}",0,35,0,0,"[{'name': 'Igueben', 'coordinates_lon_lat': [6.241665, 6.60096], 'adm_p_lvl': 2, 'admin2_name': 'Igueben', 'admin2_pcode': 'NG1210', 'admin1_name': 'Edo', 'admin1_pcode': 'NG12', 'valid_on': '2019-04-17', 'match_method': 'normalized ADM2+ADM1 name candidate; source-code vintage differs', 'capital_point_in_candidate_geometry': True}]",insufficient-evidence,['physical land/island completeness and current settlement completeness remain unverified'],Pinned source role 'Local Government Areas' is independently represented as COD-AB ADM2 for these features; source role and administrative level alone do not certify tier purpose or physical extent.,"Source name/code, administration and settlement screens remain separate. No political title, full settlement population, complete land/island footprint, or region approval is inferred."
gb:NGA:ADM2:59680162B68131021355449,Yabo,Nigeria,gb:NGA:ADM2,2022,59680162B68131021355449,Yabo,Local Government Areas,ADM2,NGA,,Polygon,True,1,True,774,framework:province:sokoto:38a75936a981,framework:province:sokoto:38a75936a981,"['framework:province:sokoto:38a75936a981', 'framework:area:nigeria:13573928575a', 'framework:region:west-tropical-africa:ba6e06497098', 'framework:subcontinent:western-africa:6280a2b17f17', 'framework:continent:africa:d14fc0b285b2']",5,['Sokoto'],supported,sokoto,Sokoto,['Sokoto'],parent label matches normalized baseline,['NG034023'],unique normalized current name/explicit alias,"[{'current_name': 'Yabo', 'current_pcode': 'NG034023', 'current_parent': 'Sokoto', 'parent_pcode': 'NG034', 'valid_on': '2019-04-17', 'area_km2': 768.37880148, 'component_count': 1, 'WCA_point_count_by_code': 0, 'WCA_point_count_name_parent_candidate': 67, 'WCA_crosswalk_method': 'normalized ADM2+ADM1 labels; code-vintage mismatch candidate', 'WCA_points_inside_current_geometry': 67, 'WCA_same_code_points_outside_geometry': 0, 'Senegal_2017_OCHA_points_by_code': 0, 'Senegal_2017_points_inside_current_geometry': 0, 'admin_capital_records': 1, 'admin_capital_match_method': 'normalized ADM2+ADM1 name candidate; source-code vintage differs', 'admin_capital_exact_code_records': 0, 'admin_capital_name_parent_candidate_records': 1}]",7,"{'current_name': 'Yabo', 'current_pcode': 'NG034023', 'intersection_km2': 722.745306, 'legacy_coverage_pct': 86.92331, 'screen_only': True}",0,67,0,0,"[{'name': 'Yabo', 'coordinates_lon_lat': [5.015556, 12.721667], 'adm_p_lvl': 2, 'admin2_name': 'Yabo', 'admin2_pcode': 'NG3423', 'admin1_name': 'Sokoto', 'admin1_pcode': 'NG34', 'valid_on': '2019-04-17', 'match_method': 'normalized ADM2+ADM1 name candidate; source-code vintage differs', 'capital_point_in_candidate_geometry': True}]",insufficient-evidence,['physical land/island completeness and current settlement completeness remain unverified'],Pinned source role 'Local Government Areas' is independently represented as COD-AB ADM2 for these features; source role and administrative level alone do not certify tier purpose or physical extent.,"Source name/code, administration and settlement screens remain separate. No political title, full settlement population, complete land/island footprint, or region approval is inferred."
gb:NGA:ADM2:59680162B68325668602500,Okpe,Nigeria,gb:NGA:ADM2,2022,59680162B68325668602500,Okpe,Local Government Areas,ADM2,NGA,,Polygon,True,1,True,774,framework:province:delta:c9181c18b197,framework:province:delta:c9181c18b197,"['framework:province:delta:c9181c18b197', 'framework:area:nigeria:13573928575a', 'framework:region:west-tropical-africa:ba6e06497098', 'framework:subcontinent:western-africa:6280a2b17f17', 'framework:continent:africa:d14fc0b285b2']",5,['Delta'],supported,delta,Delta,['Delta'],parent label matches normalized baseline,['NG010013'],unique normalized current name/explicit alias,"[{'current_name': 'Okpe', 'current_pcode': 'NG010013', 'current_parent': 'Delta', 'parent_pcode': 'NG010', 'valid_on': '2019-04-17', 'area_km2': 480.29848202, 'component_count': 1, 'WCA_point_count_by_code': 0, 'WCA_point_count_name_parent_candidate': 102, 'WCA_crosswalk_method': 'normalized ADM2+ADM1 labels; code-vintage mismatch candidate', 'WCA_points_inside_current_geometry': 102, 'WCA_same_code_points_outside_geometry': 0, 'Senegal_2017_OCHA_points_by_code': 0, 'Senegal_2017_points_inside_current_geometry': 0, 'admin_capital_records': 1, 'admin_capital_match_method': 'normalized ADM2+ADM1 name candidate; source-code vintage differs', 'admin_capital_exact_code_records': 0, 'admin_capital_name_parent_candidate_records': 1}]",6,"{'current_name': 'Okpe', 'current_pcode': 'NG010013', 'intersection_km2': 423.786494, 'legacy_coverage_pct': 97.54557, 'screen_only': True}",0,102,0,0,"[{'name': 'Orerokpe', 'coordinates_lon_lat': [5.889557, 5.635058], 'adm_p_lvl': 2, 'admin2_name': 'Okpe', 'admin2_pcode': 'NG1013', 'admin1_name': 'Delta', 'admin1_pcode': 'NG10', 'valid_on': '2019-04-17', 'match_method': 'normalized ADM2+ADM1 name candidate; source-code vintage differs', 'capital_point_in_candidate_geometry': True}]",insufficient-evidence,['physical land/island completeness and current settlement completeness remain unverified'],Pinned source role 'Local Government Areas' is independently represented as COD-AB ADM2 for these features; source role and administrative level alone do not certify tier purpose or physical extent.,"Source name/code, administration and settlement screens remain separate. No political title, full settlement population, complete land/island footprint, or region approval is inferred."
gb:NGA:ADM2:59680162B68799842423101,Binji,Nigeria,gb:NGA:ADM2,2022,59680162B68799842423101,Binji,Local Government Areas,ADM2,NGA,,Polygon,True,1,True,774,framework:province:sokoto:38a75936a981,framework:province:sokoto:38a75936a981,"['framework:province:sokoto:38a75936a981', 'framework:area:nigeria:13573928575a', 'framework:region:west-tropical-africa:ba6e06497098', 'framework:subcontinent:western-africa:6280a2b17f17', 'framework:continent:africa:d14fc0b285b2']",5,['Sokoto'],supported,sokoto,Sokoto,['Sokoto'],parent label matches normalized baseline,['NG034001'],unique normalized current name/explicit alias,"[{'current_name': 'Binji', 'current_pcode': 'NG034001', 'current_parent': 'Sokoto', 'parent_pcode': 'NG034', 'valid_on': '2019-04-17', 'area_km2': 828.1789621, 'component_count': 1, 'WCA_point_count_by_code': 0, 'WCA_point_count_name_parent_candidate': 99, 'WCA_crosswalk_method': 'normalized ADM2+ADM1 labels; code-vintage mismatch candidate', 'WCA_points_inside_current_geometry': 99, 'WCA_same_code_points_outside_geometry': 0, 'Senegal_2017_OCHA_points_by_code': 0, 'Senegal_2017_points_inside_current_geometry': 0, 'admin_capital_records': 1, 'admin_capital_match_method': 'normalized ADM2+ADM1 name candidate; source-code vintage differs', 'admin_capital_exact_code_records': 0, 'admin_capital_name_parent_candidate_records': 1}]",7,"{'current_name': 'Binji', 'current_pcode': 'NG034001', 'intersection_km2': 815.238664, 'legacy_coverage_pct': 75.36904, 'screen_only': True}",0,99,0,0,"[{'name': 'Binji', 'coordinates_lon_lat': [4.909553, 13.222773], 'adm_p_lvl': 2, 'admin2_name': 'Binji', 'admin2_pcode': 'NG3401', 'admin1_name': 'Sokoto', 'admin1_pcode': 'NG34', 'valid_on': '2019-04-17', 'match_method': 'normalized ADM2+ADM1 name candidate; source-code vintage differs', 'capital_point_in_candidate_geometry': True}]",insufficient-evidence,['physical land/island completeness and current settlement completeness remain unverified'],Pinned source role 'Local Government Areas' is independently represented as COD-AB ADM2 for these features; source role and administrative level alone do not certify tier purpose or physical extent.,"Source name/code, administration and settlement screens remain separate. No political title, full settlement population, complete land/island footprint, or region approval is inferred."
gb:NGA:ADM2:59680162B69298252864907,Munya,Nigeria,gb:NGA:ADM2,2022,59680162B69298252864907,Munya,Local Government Areas,ADM2,NGA,,Polygon,True,1,True,774,framework:province:niger:76d278c157e8,framework:province:niger:76d278c157e8,"['framework:province:niger:76d278c157e8', 'framework:area:nigeria:13573928575a', 'framework:region:west-tropical-africa:ba6e06497098', 'framework:subcontinent:western-africa:6280a2b17f17', 'framework:continent:africa:d14fc0b285b2']",5,['Niger'],supported,niger,Niger,['Niger'],parent label matches normalized baseline,['NG027018'],unique normalized current name/explicit alias,"[{'current_name': 'Muya', 'current_pcode': 'NG027018', 'current_parent': 'Niger', 'parent_pcode': 'NG027', 'valid_on': '2019-04-17', 'area_km2': 2086.78927472, 'component_count': 1, 'WCA_point_count_by_code': 0, 'WCA_point_count_name_parent_candidate': 106, 'WCA_crosswalk_method': 'normalized ADM2+ADM1 labels; code-vintage mismatch candidate', 'WCA_points_inside_current_geometry': 106, 'WCA_same_code_points_outside_geometry': 0, 'Senegal_2017_OCHA_points_by_code': 0, 'Senegal_2017_points_inside_current_geometry': 0, 'admin_capital_records': 0, 'admin_capital_match_method': 'no capital record candidate', 'admin_capital_exact_code_records': 0, 'admin_capital_name_parent_candidate_records': 0}]",5,"{'current_name': 'Muya', 'current_pcode': 'NG027018', 'intersection_km2': 2075.82521, 'legacy_coverage_pct': 95.67171, 'screen_only': True}",0,106,0,0,[],insufficient-evidence,['physical land/island completeness and current settlement completeness remain unverified'],Pinned source role 'Local Government Areas' is independently represented as COD-AB ADM2 for these features; source role and administrative level alone do not certify tier purpose or physical extent.,"Source name/code, administration and settlement screens remain separate. No political title, full settlement population, complete land/island footprint, or region approval is inferred."
gb:NGA:ADM2:59680162B69752440983216,Katcha,Nigeria,gb:NGA:ADM2,2022,59680162B69752440983216,Katcha,Local Government Areas,ADM2,NGA,,Polygon,True,1,True,774,framework:province:niger:76d278c157e8,framework:province:niger:76d278c157e8,"['framework:province:niger:76d278c157e8', 'framework:area:nigeria:13573928575a', 'framework:region:west-tropical-africa:ba6e06497098', 'framework:subcontinent:western-africa:6280a2b17f17', 'framework:continent:africa:d14fc0b285b2']",5,['Niger'],supported,niger,Niger,['Niger'],parent label matches normalized baseline,['NG027010'],unique normalized current name/explicit alias,"[{'current_name': 'Katcha', 'current_pcode': 'NG027010', 'current_parent': 'Niger', 'parent_pcode': 'NG027', 'valid_on': '2019-04-17', 'area_km2': 1650.65887528, 'component_count': 1, 'WCA_point_count_by_code': 0, 'WCA_point_count_name_parent_candidate': 147, 'WCA_crosswalk_method': 'normalized ADM2+ADM1 labels; code-vintage mismatch candidate', 'WCA_points_inside_current_geometry': 147, 'WCA_same_code_points_outside_geometry': 0, 'Senegal_2017_OCHA_points_by_code': 0, 'Senegal_2017_points_inside_current_geometry': 0, 'admin_capital_records': 1, 'admin_capital_match_method': 'normalized ADM2+ADM1 name candidate; source-code vintage differs', 'admin_capital_exact_code_records': 0, 'admin_capital_name_parent_candidate_records': 1}]",8,"{'current_name': 'Katcha', 'current_pcode': 'NG027010', 'intersection_km2': 1441.698559, 'legacy_coverage_pct': 86.26091, 'screen_only': True}",0,147,0,0,"[{'name': 'Katcha', 'coordinates_lon_lat': [6.316667, 8.766667], 'adm_p_lvl': 2, 'admin2_name': 'Katcha', 'admin2_pcode': 'NG2710', 'admin1_name': 'Niger', 'admin1_pcode': 'NG27', 'valid_on': '2019-04-17', 'match_method': 'normalized ADM2+ADM1 name candidate; source-code vintage differs', 'capital_point_in_candidate_geometry': True}]",insufficient-evidence,['physical land/island completeness and current settlement completeness remain unverified'],Pinned source role 'Local Government Areas' is independently represented as COD-AB ADM2 for these features; source role and administrative level alone do not certify tier purpose or physical extent.,"Source name/code, administration and settlement screens remain separate. No political title, full settlement population, complete land/island footprint, or region approval is inferred."
gb:NGA:ADM2:59680162B69944768623609,Omala,Nigeria,gb:NGA:ADM2,2022,59680162B69944768623609,Omala,Local Government Areas,ADM2,NGA,,Polygon,True,1,True,774,framework:province:kogi:2143f75eb90a,framework:province:kogi:2143f75eb90a,"['framework:province:kogi:2143f75eb90a', 'framework:area:nigeria:13573928575a', 'framework:region:west-tropical-africa:ba6e06497098', 'framework:subcontinent:western-africa:6280a2b17f17', 'framework:continent:africa:d14fc0b285b2']",5,['Kogi'],supported,kogi,Kogi,['Kogi'],parent label matches normalized baseline,['NG023019'],unique normalized current name/explicit alias,"[{'current_name': 'Omala', 'current_pcode': 'NG023019', 'current_parent': 'Kogi', 'parent_pcode': 'NG023', 'valid_on': '2019-04-17', 'area_km2': 1591.56203606, 'component_count': 1, 'WCA_point_count_by_code': 0, 'WCA_point_count_name_parent_candidate': 51, 'WCA_crosswalk_method': 'normalized ADM2+ADM1 labels; code-vintage mismatch candidate', 'WCA_points_inside_current_geometry': 51, 'WCA_same_code_points_outside_geometry': 0, 'Senegal_2017_OCHA_points_by_code': 0, 'Senegal_2017_points_inside_current_geometry': 0, 'admin_capital_records': 1, 'admin_capital_match_method': 'normalized ADM2+ADM1 name candidate; source-code vintage differs', 'admin_capital_exact_code_records': 0, 'admin_capital_name_parent_candidate_records': 1}]",6,"{'current_name': 'Omala', 'current_pcode': 'NG023019', 'intersection_km2': 1533.090766, 'legacy_coverage_pct': 98.52248, 'screen_only': True}",0,51,0,0,"[{'name': 'Abejukolo', 'coordinates_lon_lat': [7.530927, 7.817983], 'adm_p_lvl': 2, 'admin2_name': 'Omala', 'admin2_pcode': 'NG2319', 'admin1_name': 'Kogi', 'admin1_pcode': 'NG23', 'valid_on': '2019-04-17', 'match_method': 'normalized ADM2+ADM1 name candidate; source-code vintage differs', 'capital_point_in_candidate_geometry': True}]",insufficient-evidence,['physical land/island completeness and current settlement completeness remain unverified'],Pinned source role 'Local Government Areas' is independently represented as COD-AB ADM2 for these features; source role and administrative level alone do not certify tier purpose or physical extent.,"Source name/code, administration and settlement screens remain separate. No political title, full settlement population, complete land/island footprint, or region approval is inferred."
gb:NGA:ADM2:59680162B70265669805684,Shiroro,Nigeria,gb:NGA:ADM2,2022,59680162B70265669805684,Shiroro,Local Government Areas,ADM2,NGA,,Polygon,True,1,True,774,framework:province:niger:76d278c157e8,framework:province:niger:76d278c157e8,"['framework:province:niger:76d278c157e8', 'framework:area:nigeria:13573928575a', 'framework:region:west-tropical-africa:ba6e06497098', 'framework:subcontinent:western-africa:6280a2b17f17', 'framework:continent:africa:d14fc0b285b2']",5,['Niger'],supported,niger,Niger,['Niger'],parent label matches normalized baseline,['NG027022'],unique normalized current name/explicit alias,"[{'current_name': 'Shiroro', 'current_pcode': 'NG027022', 'current_parent': 'Niger', 'parent_pcode': 'NG027', 'valid_on': '2019-04-17', 'area_km2': 5229.97145131, 'component_count': 1, 'WCA_point_count_by_code': 0, 'WCA_point_count_name_parent_candidate': 365, 'WCA_crosswalk_method': 'normalized ADM2+ADM1 labels; code-vintage mismatch candidate', 'WCA_points_inside_current_geometry': 365, 'WCA_same_code_points_outside_geometry': 0, 'Senegal_2017_OCHA_points_by_code': 0, 'Senegal_2017_points_inside_current_geometry': 0, 'admin_capital_records': 1, 'admin_capital_match_method': 'normalized ADM2+ADM1 name candidate; source-code vintage differs', 'admin_capital_exact_code_records': 0, 'admin_capital_name_parent_candidate_records': 1}]",7,"{'current_name': 'Shiroro', 'current_pcode': 'NG027022', 'intersection_km2': 4463.018184, 'legacy_coverage_pct': 96.20246, 'screen_only': True}",0,365,0,0,"[{'name': 'Shiroro', 'coordinates_lon_lat': [6.836944, 9.961667], 'adm_p_lvl': 2, 'admin2_name': 'Shiroro', 'admin2_pcode': 'NG2722', 'admin1_name': 'Niger', 'admin1_pcode': 'NG27', 'valid_on': '2019-04-17', 'match_method': 'normalized ADM2+ADM1 name candidate; source-code vintage differs', 'capital_point_in_candidate_geometry': True}]",insufficient-evidence,['physical land/island completeness and current settlement completeness remain unverified'],Pinned source role 'Local Government Areas' is independently represented as COD-AB ADM2 for these features; source role and administrative level alone do not certify tier purpose or physical extent.,"Source name/code, administration and settlement screens remain separate. No political title, full settlement population, complete land/island footprint, or region approval is inferred."
gb:NGA:ADM2:59680162B70529740290920,Abua/Odual,Nigeria,gb:NGA:ADM2,2022,59680162B70529740290920,Abua/Odual,Local Government Areas,ADM2,NGA,,Polygon,True,1,True,774,framework:province:rivers:00c506c91c8a,framework:province:rivers:00c506c91c8a,"['framework:province:rivers:00c506c91c8a', 'framework:area:nigeria:13573928575a', 'framework:region:west-tropical-africa:ba6e06497098', 'framework:subcontinent:western-africa:6280a2b17f17', 'framework:continent:africa:d14fc0b285b2']",5,['Rivers'],supported,rivers,Rivers,['Rivers'],parent label matches normalized baseline,['NG033001'],unique normalized current name/explicit alias,"[{'current_name': 'Abua/Odual', 'current_pcode': 'NG033001', 'current_parent': 'Rivers', 'parent_pcode': 'NG033', 'valid_on': '2019-04-17', 'area_km2': 716.08233529, 'component_count': 1, 'WCA_point_count_by_code': 0, 'WCA_point_count_name_parent_candidate': 120, 'WCA_crosswalk_method': 'normalized ADM2+ADM1 labels; code-vintage mismatch candidate', 'WCA_points_inside_current_geometry': 120, 'WCA_same_code_points_outside_geometry': 0, 'Senegal_2017_OCHA_points_by_code': 0, 'Senegal_2017_points_inside_current_geometry': 0, 'admin_capital_records': 1, 'admin_capital_match_method': 'normalized ADM2+ADM1 name candidate; source-code vintage differs', 'admin_capital_exact_code_records': 0, 'admin_capital_name_parent_candidate_records': 1}]",8,"{'current_name': 'Abua/Odual', 'current_pcode': 'NG033001', 'intersection_km2': 605.818415, 'legacy_coverage_pct': 94.62492, 'screen_only': True}",0,120,0,0,"[{'name': 'Abua', 'coordinates_lon_lat': [6.644169, 4.856778], 'adm_p_lvl': 2, 'admin2_name': 'Abua/Odual', 'admin2_pcode': 'NG3301', 'admin1_name': 'Rivers', 'admin1_pcode': 'NG33', 'valid_on': '2019-04-17', 'match_method': 'normalized ADM2+ADM1 name candidate; source-code vintage differs', 'capital_point_in_candidate_geometry': True}]",insufficient-evidence,['physical land/island completeness and current settlement completeness remain unverified'],Pinned source role 'Local Government Areas' is independently represented as COD-AB ADM2 for these features; source role and administrative level alone do not certify tier purpose or physical extent.,"Source name/code, administration and settlement screens remain separate. No political title, full settlement population, complete land/island footprint, or region approval is inferred."
gb:NGA:ADM2:59680162B70966513794539,Ughelli North,Nigeria,gb:NGA:ADM2,2022,59680162B70966513794539,Ughelli North,Local Government Areas,ADM2,NGA,,Polygon,True,1,True,774,framework:province:delta:c9181c18b197,framework:province:delta:c9181c18b197,"['framework:province:delta:c9181c18b197', 'framework:area:nigeria:13573928575a', 'framework:region:west-tropical-africa:ba6e06497098', 'framework:subcontinent:western-africa:6280a2b17f17', 'framework:continent:africa:d14fc0b285b2']",5,['Delta'],supported,delta,Delta,['Delta'],parent label matches normalized baseline,['NG010019'],unique normalized current name/explicit alias,"[{'current_name': 'Ughelli North', 'current_pcode': 'NG010019', 'current_parent': 'Delta', 'parent_pcode': 'NG010', 'valid_on': '2019-04-17', 'area_km2': 830.97265091, 'component_count': 1, 'WCA_point_count_by_code': 0, 'WCA_point_count_name_parent_candidate': 139, 'WCA_crosswalk_method': 'normalized ADM2+ADM1 labels; code-vintage mismatch candidate', 'WCA_points_inside_current_geometry': 139, 'WCA_same_code_points_outside_geometry': 0, 'Senegal_2017_OCHA_points_by_code': 0, 'Senegal_2017_points_inside_current_geometry': 0, 'admin_capital_records': 1, 'admin_capital_match_method': 'normalized ADM2+ADM1 name candidate; source-code vintage differs', 'admin_capital_exact_code_records': 0, 'admin_capital_name_parent_candidate_records': 1}]",9,"{'current_name': 'Ughelli North', 'current_pcode': 'NG010019', 'intersection_km2': 750.81375, 'legacy_coverage_pct': 98.04152, 'screen_only': True}",0,139,0,0,"[{'name': 'Ughelli', 'coordinates_lon_lat': [6.00743, 5.489857], 'adm_p_lvl': 2, 'admin2_name': 'Ughelli North', 'admin2_pcode': 'NG1019', 'admin1_name': 'Delta', 'admin1_pcode': 'NG10', 'valid_on': '2019-04-17', 'match_method': 'normalized ADM2+ADM1 name candidate; source-code vintage differs', 'capital_point_in_candidate_geometry': True}]",insufficient-evidence,['physical land/island completeness and current settlement completeness remain unverified'],Pinned source role 'Local Government Areas' is independently represented as COD-AB ADM2 for these features; source role and administrative level alone do not certify tier purpose or physical extent.,"Source name/code, administration and settlement screens remain separate. No political title, full settlement population, complete land/island footprint, or region approval is inferred."
gb:NGA:ADM2:59680162B71691370147242,Njaba,Nigeria,gb:NGA:ADM2,2022,59680162B71691370147242,Njaba,Local Government Areas,ADM2,NGA,,MultiPolygon,True,2,True,774,framework:province:imo:a94708264d83,framework:province:imo:a94708264d83,"['framework:province:imo:a94708264d83', 'framework:area:nigeria:13573928575a', 'framework:region:west-tropical-africa:ba6e06497098', 'framework:subcontinent:western-africa:6280a2b17f17', 'framework:continent:africa:d14fc0b285b2']",5,['Imo'],supported,imo,Imo,['Imo'],parent label matches normalized baseline,['NG017013'],unique normalized current name/explicit alias,"[{'current_name': 'Njaba', 'current_pcode': 'NG017013', 'current_parent': 'Imo', 'parent_pcode': 'NG017', 'valid_on': '2019-04-17', 'area_km2': 78.45827504, 'component_count': 1, 'WCA_point_count_by_code': 0, 'WCA_point_count_name_parent_candidate': 5, 'WCA_crosswalk_method': 'normalized ADM2+ADM1 labels; code-vintage mismatch candidate', 'WCA_points_inside_current_geometry': 5, 'WCA_same_code_points_outside_geometry': 0, 'Senegal_2017_OCHA_points_by_code': 0, 'Senegal_2017_points_inside_current_geometry': 0, 'admin_capital_records': 0, 'admin_capital_match_method': 'no capital record candidate', 'admin_capital_exact_code_records': 0, 'admin_capital_name_parent_candidate_records': 0}]",4,"{'current_name': 'Njaba', 'current_pcode': 'NG017013', 'intersection_km2': 46.565644, 'legacy_coverage_pct': 82.29999, 'screen_only': True}",0,5,0,0,[],insufficient-evidence,['physical land/island completeness and current settlement completeness remain unverified'],Pinned source role 'Local Government Areas' is independently represented as COD-AB ADM2 for these features; source role and administrative level alone do not certify tier purpose or physical extent.,"Source name/code, administration and settlement screens remain separate. No political title, full settlement population, complete land/island footprint, or region approval is inferred."
gb:NGA:ADM2:59680162B72061925749770,Ekiti West,Nigeria,gb:NGA:ADM2,2022,59680162B72061925749770,Ekiti West,Local Government Areas,ADM2,NGA,,Polygon,True,1,True,774,framework:province:ekiti:1dc223e0cd0e,framework:province:ekiti:1dc223e0cd0e,"['framework:province:ekiti:1dc223e0cd0e', 'framework:area:nigeria:13573928575a', 'framework:region:west-tropical-africa:ba6e06497098', 'framework:subcontinent:western-africa:6280a2b17f17', 'framework:continent:africa:d14fc0b285b2']",5,['Ekiti'],supported,ekiti,Ekiti,['Ekiti'],parent label matches normalized baseline,['NG013006'],unique normalized current name/explicit alias,"[{'current_name': 'Ekiti West', 'current_pcode': 'NG013006', 'current_parent': 'Ekiti', 'parent_pcode': 'NG013', 'valid_on': '2019-04-17', 'area_km2': 374.17224119, 'component_count': 1, 'WCA_point_count_by_code': 0, 'WCA_point_count_name_parent_candidate': 19, 'WCA_crosswalk_method': 'normalized ADM2+ADM1 labels; code-vintage mismatch candidate', 'WCA_points_inside_current_geometry': 19, 'WCA_same_code_points_outside_geometry': 0, 'Senegal_2017_OCHA_points_by_code': 0, 'Senegal_2017_points_inside_current_geometry': 0, 'admin_capital_records': 1, 'admin_capital_match_method': 'normalized ADM2+ADM1 name candidate; source-code vintage differs', 'admin_capital_exact_code_records': 0, 'admin_capital_name_parent_candidate_records': 1}]",8,"{'current_name': 'Ekiti West', 'current_pcode': 'NG013006', 'intersection_km2': 303.022335, 'legacy_coverage_pct': 81.07176, 'screen_only': True}",0,19,0,0,"[{'name': 'Aramoko-Ekiti', 'coordinates_lon_lat': [5.044737, 7.709272], 'adm_p_lvl': 2, 'admin2_name': 'Ekiti West', 'admin2_pcode': 'NG1306', 'admin1_name': 'Ekiti', 'admin1_pcode': 'NG13', 'valid_on': '2019-04-17', 'match_method': 'normalized ADM2+ADM1 name candidate; source-code vintage differs', 'capital_point_in_candidate_geometry': True}]",insufficient-evidence,['physical land/island completeness and current settlement completeness remain unverified'],Pinned source role 'Local Government Areas' is independently represented as COD-AB ADM2 for these features; source role and administrative level alone do not certify tier purpose or physical extent.,"Source name/code, administration and settlement screens remain separate. No political title, full settlement population, complete land/island footprint, or region approval is inferred."
gb:NGA:ADM2:59680162B72068294191364,Ahoada East,Nigeria,gb:NGA:ADM2,2022,59680162B72068294191364,Ahoada East,Local Government Areas,ADM2,NGA,,Polygon,True,1,True,774,framework:province:rivers:00c506c91c8a,framework:province:rivers:00c506c91c8a,"['framework:province:rivers:00c506c91c8a', 'framework:area:nigeria:13573928575a', 'framework:region:west-tropical-africa:ba6e06497098', 'framework:subcontinent:western-africa:6280a2b17f17', 'framework:continent:africa:d14fc0b285b2']",5,['Rivers'],supported,rivers,Rivers,['Rivers'],parent label matches normalized baseline,['NG033002'],unique normalized current name/explicit alias,"[{'current_name': 'Ahoada East', 'current_pcode': 'NG033002', 'current_parent': 'Rivers', 'parent_pcode': 'NG033', 'valid_on': '2019-04-17', 'area_km2': 318.15296592, 'component_count': 1, 'WCA_point_count_by_code': 0, 'WCA_point_count_name_parent_candidate': 50, 'WCA_crosswalk_method': 'normalized ADM2+ADM1 labels; code-vintage mismatch candidate', 'WCA_points_inside_current_geometry': 50, 'WCA_same_code_points_outside_geometry': 0, 'Senegal_2017_OCHA_points_by_code': 0, 'Senegal_2017_points_inside_current_geometry': 0, 'admin_capital_records': 1, 'admin_capital_match_method': 'normalized ADM2+ADM1 name candidate; source-code vintage differs', 'admin_capital_exact_code_records': 0, 'admin_capital_name_parent_candidate_records': 1}]",5,"{'current_name': 'Ahoada East', 'current_pcode': 'NG033002', 'intersection_km2': 291.839566, 'legacy_coverage_pct': 71.89863, 'screen_only': True}",0,50,0,0,"[{'name': 'Ahoada', 'coordinates_lon_lat': [6.653529, 5.073951], 'adm_p_lvl': 2, 'admin2_name': 'Ahoada East', 'admin2_pcode': 'NG3302', 'admin1_name': 'Rivers', 'admin1_pcode': 'NG33', 'valid_on': '2019-04-17', 'match_method': 'normalized ADM2+ADM1 name candidate; source-code vintage differs', 'capital_point_in_candidate_geometry': True}]",insufficient-evidence,['physical land/island completeness and current settlement completeness remain unverified'],Pinned source role 'Local Government Areas' is independently represented as COD-AB ADM2 for these features; source role and administrative level alone do not certify tier purpose or physical extent.,"Source name/code, administration and settlement screens remain separate. No political title, full settlement population, complete land/island footprint, or region approval is inferred."
gb:NGA:ADM2:59680162B7261312330016,Adavi,Nigeria,gb:NGA:ADM2,2022,59680162B7261312330016,Adavi,Local Government Areas,ADM2,NGA,,Polygon,True,1,True,774,framework:province:kogi:2143f75eb90a,framework:province:kogi:2143f75eb90a,"['framework:province:kogi:2143f75eb90a', 'framework:area:nigeria:13573928575a', 'framework:region:west-tropical-africa:ba6e06497098', 'framework:subcontinent:western-africa:6280a2b17f17', 'framework:continent:africa:d14fc0b285b2']",5,['Kogi'],supported,kogi,Kogi,['Kogi'],parent label matches normalized baseline,['NG023001'],unique normalized current name/explicit alias,"[{'current_name': 'Adavi', 'current_pcode': 'NG023001', 'current_parent': 'Kogi', 'parent_pcode': 'NG023', 'valid_on': '2019-04-17', 'area_km2': 713.36348885, 'component_count': 1, 'WCA_point_count_by_code': 0, 'WCA_point_count_name_parent_candidate': 10, 'WCA_crosswalk_method': 'normalized ADM2+ADM1 labels; code-vintage mismatch candidate', 'WCA_points_inside_current_geometry': 10, 'WCA_same_code_points_outside_geometry': 0, 'Senegal_2017_OCHA_points_by_code': 0, 'Senegal_2017_points_inside_current_geometry': 0, 'admin_capital_records': 0, 'admin_capital_match_method': 'no capital record candidate', 'admin_capital_exact_code_records': 0, 'admin_capital_name_parent_candidate_records': 0}]",5,"{'current_name': 'Adavi', 'current_pcode': 'NG023001', 'intersection_km2': 555.044078, 'legacy_coverage_pct': 91.38077, 'screen_only': True}",0,10,0,0,[],insufficient-evidence,['physical land/island completeness and current settlement completeness remain unverified'],Pinned source role 'Local Government Areas' is independently represented as COD-AB ADM2 for these features; source role and administrative level alone do not certify tier purpose or physical extent.,"Source name/code, administration and settlement screens remain separate. No political title, full settlement population, complete land/island footprint, or region approval is inferred."
gb:NGA:ADM2:59680162B7305913438202,Gwadabawa,Nigeria,gb:NGA:ADM2,2022,59680162B7305913438202,Gwadabawa,Local Government Areas,ADM2,NGA,,Polygon,True,1,True,774,framework:province:sokoto:38a75936a981,framework:province:sokoto:38a75936a981,"['framework:province:sokoto:38a75936a981', 'framework:area:nigeria:13573928575a', 'framework:region:west-tropical-africa:ba6e06497098', 'framework:subcontinent:western-africa:6280a2b17f17', 'framework:continent:africa:d14fc0b285b2']",5,['Sokoto'],supported,sokoto,Sokoto,['Sokoto'],parent label matches normalized baseline,['NG034005'],unique normalized current name/explicit alias,"[{'current_name': 'Gwadabawa', 'current_pcode': 'NG034005', 'current_parent': 'Sokoto', 'parent_pcode': 'NG034', 'valid_on': '2019-04-17', 'area_km2': 1006.30494346, 'component_count': 1, 'WCA_point_count_by_code': 0, 'WCA_point_count_name_parent_candidate': 181, 'WCA_crosswalk_method': 'normalized ADM2+ADM1 labels; code-vintage mismatch candidate', 'WCA_points_inside_current_geometry': 181, 'WCA_same_code_points_outside_geometry': 0, 'Senegal_2017_OCHA_points_by_code': 0, 'Senegal_2017_points_inside_current_geometry': 0, 'admin_capital_records': 1, 'admin_capital_match_method': 'normalized ADM2+ADM1 name candidate; source-code vintage differs', 'admin_capital_exact_code_records': 0, 'admin_capital_name_parent_candidate_records': 1}]",7,"{'current_name': 'Gwadabawa', 'current_pcode': 'NG034005', 'intersection_km2': 907.751875, 'legacy_coverage_pct': 90.06898, 'screen_only': True}",0,181,0,0,"[{'name': 'Gwadabawa', 'coordinates_lon_lat': [5.236642, 13.35612], 'adm_p_lvl': 2, 'admin2_name': 'Gwadabawa', 'admin2_pcode': 'NG3405', 'admin1_name': 'Sokoto', 'admin1_pcode': 'NG34', 'valid_on': '2019-04-17', 'match_method': 'normalized ADM2+ADM1 name candidate; source-code vintage differs', 'capital_point_in_candidate_geometry': True}]",insufficient-evidence,['physical land/island completeness and current settlement completeness remain unverified'],Pinned source role 'Local Government Areas' is independently represented as COD-AB ADM2 for these features; source role and administrative level alone do not certify tier purpose or physical extent.,"Source name/code, administration and settlement screens remain separate. No political title, full settlement population, complete land/island footprint, or region approval is inferred."
gb:NGA:ADM2:59680162B73411137510562,Onitsha North,Nigeria,gb:NGA:ADM2,2022,59680162B73411137510562,Onitsha North,Local Government Areas,ADM2,NGA,,Polygon,True,1,True,774,framework:province:anambra:60457f483104,framework:province:anambra:60457f483104,"['framework:province:anambra:60457f483104', 'framework:area:nigeria:13573928575a', 'framework:region:west-tropical-africa:ba6e06497098', 'framework:subcontinent:western-africa:6280a2b17f17', 'framework:continent:africa:d14fc0b285b2']",5,['Anambra'],supported,anambra,Anambra,['Anambra'],parent label matches normalized baseline,['NG004017'],unique normalized current name/explicit alias,"[{'current_name': 'Onitsha North', 'current_pcode': 'NG004017', 'current_parent': 'Anambra', 'parent_pcode': 'NG004', 'valid_on': '2019-04-17', 'area_km2': 37.61880592, 'component_count': 1, 'WCA_point_count_by_code': 0, 'WCA_point_count_name_parent_candidate': 4, 'WCA_crosswalk_method': 'normalized ADM2+ADM1 labels; code-vintage mismatch candidate', 'WCA_points_inside_current_geometry': 4, 'WCA_same_code_points_outside_geometry': 0, 'Senegal_2017_OCHA_points_by_code': 0, 'Senegal_2017_points_inside_current_geometry': 0, 'admin_capital_records': 0, 'admin_capital_match_method': 'no capital record candidate', 'admin_capital_exact_code_records': 0, 'admin_capital_name_parent_candidate_records': 0}]",6,"{'current_name': 'Onitsha North', 'current_pcode': 'NG004017', 'intersection_km2': 29.521059, 'legacy_coverage_pct': 74.01521, 'screen_only': True}",0,4,0,0,[],insufficient-evidence,['physical land/island completeness and current settlement completeness remain unverified'],Pinned source role 'Local Government Areas' is independently represented as COD-AB ADM2 for these features; source role and administrative level alone do not certify tier purpose or physical extent.,"Source name/code, administration and settlement screens remain separate. No political title, full settlement population, complete land/island footprint, or region approval is inferred."
gb:NGA:ADM2:59680162B73807077480910,Isu,Nigeria,gb:NGA:ADM2,2022,59680162B73807077480910,Isu,Local Government Areas,ADM2,NGA,,Polygon,True,1,True,774,framework:province:imo:a94708264d83,framework:province:imo:a94708264d83,"['framework:province:imo:a94708264d83', 'framework:area:nigeria:13573928575a', 'framework:region:west-tropical-africa:ba6e06497098', 'framework:subcontinent:western-africa:6280a2b17f17', 'framework:continent:africa:d14fc0b285b2']",5,['Imo'],supported,imo,Imo,['Imo'],parent label matches normalized baseline,['NG017010'],unique normalized current name/explicit alias,"[{'current_name': 'Isu', 'current_pcode': 'NG017010', 'current_parent': 'Imo', 'parent_pcode': 'NG017', 'valid_on': '2019-04-17', 'area_km2': 52.59538545, 'component_count': 1, 'WCA_point_count_by_code': 0, 'WCA_point_count_name_parent_candidate': 4, 'WCA_crosswalk_method': 'normalized ADM2+ADM1 labels; code-vintage mismatch candidate', 'WCA_points_inside_current_geometry': 4, 'WCA_same_code_points_outside_geometry': 0, 'Senegal_2017_OCHA_points_by_code': 0, 'Senegal_2017_points_inside_current_geometry': 0, 'admin_capital_records': 1, 'admin_capital_match_method': 'normalized ADM2+ADM1 name candidate; source-code vintage differs', 'admin_capital_exact_code_records': 0, 'admin_capital_name_parent_candidate_records': 1}]",5,"{'current_name': 'Isu', 'current_pcode': 'NG017010', 'intersection_km2': 45.972112, 'legacy_coverage_pct': 68.77625, 'screen_only': True}",0,4,0,0,"[{'name': 'Isu-Njaba', 'coordinates_lon_lat': [7.065557, 5.708173], 'adm_p_lvl': 2, 'admin2_name': 'Isu', 'admin2_pcode': 'NG1710', 'admin1_name': 'Imo', 'admin1_pcode': 'NG17', 'valid_on': '2019-04-17', 'match_method': 'normalized ADM2+ADM1 name candidate; source-code vintage differs', 'capital_point_in_candidate_geometry': True}]",insufficient-evidence,['physical land/island completeness and current settlement completeness remain unverified'],Pinned source role 'Local Government Areas' is independently represented as COD-AB ADM2 for these features; source role and administrative level alone do not certify tier purpose or physical extent.,"Source name/code, administration and settlement screens remain separate. No political title, full settlement population, complete land/island footprint, or region approval is inferred."
gb:NGA:ADM2:59680162B73952515985037,Nnewi North,Nigeria,gb:NGA:ADM2,2022,59680162B73952515985037,Nnewi North,Local Government Areas,ADM2,NGA,,Polygon,True,1,True,774,framework:province:anambra:60457f483104,framework:province:anambra:60457f483104,"['framework:province:anambra:60457f483104', 'framework:area:nigeria:13573928575a', 'framework:region:west-tropical-africa:ba6e06497098', 'framework:subcontinent:western-africa:6280a2b17f17', 'framework:continent:africa:d14fc0b285b2']",5,['Anambra'],supported,anambra,Anambra,['Anambra'],parent label matches normalized baseline,['NG004014'],unique normalized current name/explicit alias,"[{'current_name': 'Nnewi North', 'current_pcode': 'NG004014', 'current_parent': 'Anambra', 'parent_pcode': 'NG004', 'valid_on': '2019-04-17', 'area_km2': 68.58617722, 'component_count': 1, 'WCA_point_count_by_code': 0, 'WCA_point_count_name_parent_candidate': 6, 'WCA_crosswalk_method': 'normalized ADM2+ADM1 labels; code-vintage mismatch candidate', 'WCA_points_inside_current_geometry': 6, 'WCA_same_code_points_outside_geometry': 0, 'Senegal_2017_OCHA_points_by_code': 0, 'Senegal_2017_points_inside_current_geometry': 0, 'admin_capital_records': 1, 'admin_capital_match_method': 'normalized ADM2+ADM1 name candidate; source-code vintage differs', 'admin_capital_exact_code_records': 0, 'admin_capital_name_parent_candidate_records': 1}]",4,"{'current_name': 'Nnewi North', 'current_pcode': 'NG004014', 'intersection_km2': 54.00637, 'legacy_coverage_pct': 79.00964, 'screen_only': True}",0,6,0,0,"[{'name': 'Nnewi', 'coordinates_lon_lat': [6.914775, 6.019864], 'adm_p_lvl': 2, 'admin2_name': 'Nnewi North', 'admin2_pcode': 'NG0414', 'admin1_name': 'Anambra', 'admin1_pcode': 'NG04', 'valid_on': '2019-04-17', 'match_method': 'normalized ADM2+ADM1 name candidate; source-code vintage differs', 'capital_point_in_candidate_geometry': True}]",insufficient-evidence,['physical land/island completeness and current settlement completeness remain unverified'],Pinned source role 'Local Government Areas' is independently represented as COD-AB ADM2 for these features; source role and administrative level alone do not certify tier purpose or physical extent.,"Source name/code, administration and settlement screens remain separate. No political title, full settlement population, complete land/island footprint, or region approval is inferred."
gb:NGA:ADM2:59680162B7486965108625,Aguata,Nigeria,gb:NGA:ADM2,2022,59680162B7486965108625,Aguata,Local Government Areas,ADM2,NGA,,Polygon,True,1,True,774,framework:province:anambra:60457f483104,framework:province:anambra:60457f483104,"['framework:province:anambra:60457f483104', 'framework:area:nigeria:13573928575a', 'framework:region:west-tropical-africa:ba6e06497098', 'framework:subcontinent:western-africa:6280a2b17f17', 'framework:continent:africa:d14fc0b285b2']",5,['Anambra'],supported,anambra,Anambra,['Anambra'],parent label matches normalized baseline,['NG004001'],unique normalized current name/explicit alias,"[{'current_name': 'Aguata', 'current_pcode': 'NG004001', 'current_parent': 'Anambra', 'parent_pcode': 'NG004', 'valid_on': '2019-04-17', 'area_km2': 173.49768821, 'component_count': 1, 'WCA_point_count_by_code': 0, 'WCA_point_count_name_parent_candidate': 16, 'WCA_crosswalk_method': 'normalized ADM2+ADM1 labels; code-vintage mismatch candidate', 'WCA_points_inside_current_geometry': 16, 'WCA_same_code_points_outside_geometry': 0, 'Senegal_2017_OCHA_points_by_code': 0, 'Senegal_2017_points_inside_current_geometry': 0, 'admin_capital_records': 1, 'admin_capital_match_method': 'normalized ADM2+ADM1 name candidate; source-code vintage differs', 'admin_capital_exact_code_records': 0, 'admin_capital_name_parent_candidate_records': 1}]",6,"{'current_name': 'Aguata', 'current_pcode': 'NG004001', 'intersection_km2': 161.145454, 'legacy_coverage_pct': 87.53917, 'screen_only': True}",0,16,0,0,"[{'name': 'Ekwulobia', 'coordinates_lon_lat': [7.0862, 6.0238], 'adm_p_lvl': 2, 'admin2_name': 'Aguata', 'admin2_pcode': 'NG0401', 'admin1_name': 'Anambra', 'admin1_pcode': 'NG04', 'valid_on': '2019-04-17', 'match_method': 'normalized ADM2+ADM1 name candidate; source-code vintage differs', 'capital_point_in_candidate_geometry': True}]",insufficient-evidence,['physical land/island completeness and current settlement completeness remain unverified'],Pinned source role 'Local Government Areas' is independently represented as COD-AB ADM2 for these features; source role and administrative level alone do not certify tier purpose or physical extent.,"Source name/code, administration and settlement screens remain separate. No political title, full settlement population, complete land/island footprint, or region approval is inferred."
gb:NGA:ADM2:59680162B75618838886778,Rijau,Nigeria,gb:NGA:ADM2,2022,59680162B75618838886778,Rijau,Local Government Areas,ADM2,NGA,,Polygon,True,1,True,774,framework:province:niger:76d278c157e8,framework:province:niger:76d278c157e8,"['framework:province:niger:76d278c157e8', 'framework:area:nigeria:13573928575a', 'framework:region:west-tropical-africa:ba6e06497098', 'framework:subcontinent:western-africa:6280a2b17f17', 'framework:continent:africa:d14fc0b285b2']",5,['Niger'],supported,niger,Niger,['Niger'],parent label matches normalized baseline,['NG027021'],unique normalized current name/explicit alias,"[{'current_name': 'Rijau', 'current_pcode': 'NG027021', 'current_parent': 'Niger', 'parent_pcode': 'NG027', 'valid_on': '2019-04-17', 'area_km2': 3119.16063075, 'component_count': 1, 'WCA_point_count_by_code': 0, 'WCA_point_count_name_parent_candidate': 90, 'WCA_crosswalk_method': 'normalized ADM2+ADM1 labels; code-vintage mismatch candidate', 'WCA_points_inside_current_geometry': 90, 'WCA_same_code_points_outside_geometry': 0, 'Senegal_2017_OCHA_points_by_code': 0, 'Senegal_2017_points_inside_current_geometry': 0, 'admin_capital_records': 1, 'admin_capital_match_method': 'normalized ADM2+ADM1 name candidate; source-code vintage differs', 'admin_capital_exact_code_records': 0, 'admin_capital_name_parent_candidate_records': 1}]",8,"{'current_name': 'Rijau', 'current_pcode': 'NG027021', 'intersection_km2': 2886.245692, 'legacy_coverage_pct': 96.02475, 'screen_only': True}",0,90,0,0,"[{'name': 'Rijau', 'coordinates_lon_lat': [5.250681, 11.10298], 'adm_p_lvl': 2, 'admin2_name': 'Rijau', 'admin2_pcode': 'NG2721', 'admin1_name': 'Niger', 'admin1_pcode': 'NG27', 'valid_on': '2019-04-17', 'match_method': 'normalized ADM2+ADM1 name candidate; source-code vintage differs', 'capital_point_in_candidate_geometry': True}]",insufficient-evidence,['physical land/island completeness and current settlement completeness remain unverified'],Pinned source role 'Local Government Areas' is independently represented as COD-AB ADM2 for these features; source role and administrative level alone do not certify tier purpose or physical extent.,"Source name/code, administration and settlement screens remain separate. No political title, full settlement population, complete land/island footprint, or region approval is inferred."
gb:NGA:ADM2:59680162B76063539046075,Isoko North,Nigeria,gb:NGA:ADM2,2022,59680162B76063539046075,Isoko North,Local Government Areas,ADM2,NGA,,Polygon,True,1,True,774,framework:province:delta:c9181c18b197,framework:province:delta:c9181c18b197,"['framework:province:delta:c9181c18b197', 'framework:area:nigeria:13573928575a', 'framework:region:west-tropical-africa:ba6e06497098', 'framework:subcontinent:western-africa:6280a2b17f17', 'framework:continent:africa:d14fc0b285b2']",5,['Delta'],supported,delta,Delta,['Delta'],parent label matches normalized baseline,['NG010009'],unique normalized current name/explicit alias,"[{'current_name': 'Isoko North', 'current_pcode': 'NG010009', 'current_parent': 'Delta', 'parent_pcode': 'NG010', 'valid_on': '2019-04-17', 'area_km2': 482.07696896, 'component_count': 2, 'WCA_point_count_by_code': 0, 'WCA_point_count_name_parent_candidate': 72, 'WCA_crosswalk_method': 'normalized ADM2+ADM1 labels; code-vintage mismatch candidate', 'WCA_points_inside_current_geometry': 72, 'WCA_same_code_points_outside_geometry': 0, 'Senegal_2017_OCHA_points_by_code': 0, 'Senegal_2017_points_inside_current_geometry': 0, 'admin_capital_records': 1, 'admin_capital_match_method': 'normalized ADM2+ADM1 name candidate; source-code vintage differs', 'admin_capital_exact_code_records': 0, 'admin_capital_name_parent_candidate_records': 1}]",5,"{'current_name': 'Isoko North', 'current_pcode': 'NG010009', 'intersection_km2': 436.84081, 'legacy_coverage_pct': 96.22741, 'screen_only': True}",0,72,0,0,"[{'name': 'Ozoro', 'coordinates_lon_lat': [6.227493, 5.541913], 'adm_p_lvl': 2, 'admin2_name': 'Isoko North', 'admin2_pcode': 'NG1009', 'admin1_name': 'Delta', 'admin1_pcode': 'NG10', 'valid_on': '2019-04-17', 'match_method': 'normalized ADM2+ADM1 name candidate; source-code vintage differs', 'capital_point_in_candidate_geometry': True}]",insufficient-evidence,['physical land/island completeness and current settlement completeness remain unverified'],Pinned source role 'Local Government Areas' is independently represented as COD-AB ADM2 for these features; source role and administrative level alone do not certify tier purpose or physical extent.,"Source name/code, administration and settlement screens remain separate. No political title, full settlement population, complete land/island footprint, or region approval is inferred."
gb:NGA:ADM2:59680162B76072611977433,Ogori/Magongo,Nigeria,gb:NGA:ADM2,2022,59680162B76072611977433,Ogori/Magongo,Local Government Areas,ADM2,NGA,,Polygon,True,1,True,774,framework:province:kogi:2143f75eb90a,framework:province:kogi:2143f75eb90a,"['framework:province:kogi:2143f75eb90a', 'framework:area:nigeria:13573928575a', 'framework:region:west-tropical-africa:ba6e06497098', 'framework:subcontinent:western-africa:6280a2b17f17', 'framework:continent:africa:d14fc0b285b2']",5,['Kogi'],supported,kogi,Kogi,['Kogi'],parent label matches normalized baseline,['NG023015'],unique normalized current name/explicit alias,"[{'current_name': 'Ogori/Magongo', 'current_pcode': 'NG023015', 'current_parent': 'Kogi', 'parent_pcode': 'NG023', 'valid_on': '2019-04-17', 'area_km2': 79.31035716, 'component_count': 1, 'WCA_point_count_by_code': 0, 'WCA_point_count_name_parent_candidate': 6, 'WCA_crosswalk_method': 'normalized ADM2+ADM1 labels; code-vintage mismatch candidate', 'WCA_points_inside_current_geometry': 6, 'WCA_same_code_points_outside_geometry': 0, 'Senegal_2017_OCHA_points_by_code': 0, 'Senegal_2017_points_inside_current_geometry': 0, 'admin_capital_records': 1, 'admin_capital_match_method': 'normalized ADM2+ADM1 name candidate; source-code vintage differs', 'admin_capital_exact_code_records': 0, 'admin_capital_name_parent_candidate_records': 1}]",3,"{'current_name': 'Ogori/Magongo', 'current_pcode': 'NG023015', 'intersection_km2': 79.180974, 'legacy_coverage_pct': 99.96314, 'screen_only': True}",0,6,0,0,"[{'name': 'Ogori', 'coordinates_lon_lat': [6.1876, 7.4588], 'adm_p_lvl': 2, 'admin2_name': 'Ogori/Magongo', 'admin2_pcode': 'NG2315', 'admin1_name': 'Kogi', 'admin1_pcode': 'NG23', 'valid_on': '2019-04-17', 'match_method': 'normalized ADM2+ADM1 name candidate; source-code vintage differs', 'capital_point_in_candidate_geometry': True}]",insufficient-evidence,['physical land/island completeness and current settlement completeness remain unverified'],Pinned source role 'Local Government Areas' is independently represented as COD-AB ADM2 for these features; source role and administrative level alone do not certify tier purpose or physical extent.,"Source name/code, administration and settlement screens remain separate. No political title, full settlement population, complete land/island footprint, or region approval is inferred."
gb:NGA:ADM2:59680162B76413580563978,Dunukofia,Nigeria,gb:NGA:ADM2,2022,59680162B76413580563978,Dunukofia,Local Government Areas,ADM2,NGA,,Polygon,True,1,True,774,framework:province:anambra:60457f483104,framework:province:anambra:60457f483104,"['framework:province:anambra:60457f483104', 'framework:area:nigeria:13573928575a', 'framework:region:west-tropical-africa:ba6e06497098', 'framework:subcontinent:western-africa:6280a2b17f17', 'framework:continent:africa:d14fc0b285b2']",5,['Anambra'],supported,anambra,Anambra,['Anambra'],parent label matches normalized baseline,['NG004008'],unique normalized current name/explicit alias,"[{'current_name': 'Dunukofia', 'current_pcode': 'NG004008', 'current_parent': 'Anambra', 'parent_pcode': 'NG004', 'valid_on': '2019-04-17', 'area_km2': 53.36724152, 'component_count': 2, 'WCA_point_count_by_code': 0, 'WCA_point_count_name_parent_candidate': 6, 'WCA_crosswalk_method': 'normalized ADM2+ADM1 labels; code-vintage mismatch candidate', 'WCA_points_inside_current_geometry': 6, 'WCA_same_code_points_outside_geometry': 0, 'Senegal_2017_OCHA_points_by_code': 0, 'Senegal_2017_points_inside_current_geometry': 0, 'admin_capital_records': 1, 'admin_capital_match_method': 'normalized ADM2+ADM1 name candidate; source-code vintage differs', 'admin_capital_exact_code_records': 0, 'admin_capital_name_parent_candidate_records': 1}]",5,"{'current_name': 'Dunukofia', 'current_pcode': 'NG004008', 'intersection_km2': 44.085188, 'legacy_coverage_pct': 51.35095, 'screen_only': True}",0,6,0,0,"[{'name': 'Ukwulu', 'coordinates_lon_lat': [6.961105, 6.271688], 'adm_p_lvl': 2, 'admin2_name': 'Dunukofia', 'admin2_pcode': 'NG0408', 'admin1_name': 'Anambra', 'admin1_pcode': 'NG04', 'valid_on': '2019-04-17', 'match_method': 'normalized ADM2+ADM1 name candidate; source-code vintage differs', 'capital_point_in_candidate_geometry': True}]",insufficient-evidence,['physical land/island completeness and current settlement completeness remain unverified'],Pinned source role 'Local Government Areas' is independently represented as COD-AB ADM2 for these features; source role and administrative level alone do not certify tier purpose or physical extent.,"Source name/code, administration and settlement screens remain separate. No political title, full settlement population, complete land/island footprint, or region approval is inferred."
gb:NGA:ADM2:59680162B76636581595069,Ilejemeje,Nigeria,gb:NGA:ADM2,2022,59680162B76636581595069,Ilejemeje,Local Government Areas,ADM2,NGA,,Polygon,True,1,True,774,framework:province:ekiti:1dc223e0cd0e,framework:province:ekiti:1dc223e0cd0e,"['framework:province:ekiti:1dc223e0cd0e', 'framework:area:nigeria:13573928575a', 'framework:region:west-tropical-africa:ba6e06497098', 'framework:subcontinent:western-africa:6280a2b17f17', 'framework:continent:africa:d14fc0b285b2']",5,['Ekiti'],supported,ekiti,Ekiti,['Ekiti'],parent label matches normalized baseline,['NG013012'],unique normalized current name/explicit alias,"[{'current_name': 'Ilejemeji', 'current_pcode': 'NG013012', 'current_parent': 'Ekiti', 'parent_pcode': 'NG013', 'valid_on': '2019-04-17', 'area_km2': 94.67162514, 'component_count': 1, 'WCA_point_count_by_code': 0, 'WCA_point_count_name_parent_candidate': 13, 'WCA_crosswalk_method': 'normalized ADM2+ADM1 labels; code-vintage mismatch candidate', 'WCA_points_inside_current_geometry': 13, 'WCA_same_code_points_outside_geometry': 0, 'Senegal_2017_OCHA_points_by_code': 0, 'Senegal_2017_points_inside_current_geometry': 0, 'admin_capital_records': 1, 'admin_capital_match_method': 'normalized ADM2+ADM1 name candidate; source-code vintage differs', 'admin_capital_exact_code_records': 0, 'admin_capital_name_parent_candidate_records': 1}]",4,"{'current_name': 'Ilejemeji', 'current_pcode': 'NG013012', 'intersection_km2': 72.500135, 'legacy_coverage_pct': 74.61742, 'screen_only': True}",0,13,0,0,"[{'name': 'Iye', 'coordinates_lon_lat': [5.251644, 7.943192], 'adm_p_lvl': 2, 'admin2_name': 'Ilejemeji', 'admin2_pcode': 'NG1312', 'admin1_name': 'Ekiti', 'admin1_pcode': 'NG13', 'valid_on': '2019-04-17', 'match_method': 'normalized ADM2+ADM1 name candidate; source-code vintage differs', 'capital_point_in_candidate_geometry': True}]",insufficient-evidence,['physical land/island completeness and current settlement completeness remain unverified'],Pinned source role 'Local Government Areas' is independently represented as COD-AB ADM2 for these features; source role and administrative level alone do not certify tier purpose or physical extent.,"Source name/code, administration and settlement screens remain separate. No political title, full settlement population, complete land/island footprint, or region approval is inferred."
gb:NGA:ADM2:59680162B77604659700593,Oshimili North,Nigeria,gb:NGA:ADM2,2022,59680162B77604659700593,Oshimili North,Local Government Areas,ADM2,NGA,,Polygon,True,1,True,774,framework:province:delta:c9181c18b197,framework:province:delta:c9181c18b197,"['framework:province:delta:c9181c18b197', 'framework:area:nigeria:13573928575a', 'framework:region:west-tropical-africa:ba6e06497098', 'framework:subcontinent:western-africa:6280a2b17f17', 'framework:continent:africa:d14fc0b285b2']",5,['Delta'],supported,delta,Delta,['Delta'],parent label matches normalized baseline,['NG010014'],unique normalized current name/explicit alias,"[{'current_name': 'Oshimili North', 'current_pcode': 'NG010014', 'current_parent': 'Delta', 'parent_pcode': 'NG010', 'valid_on': '2019-04-17', 'area_km2': 510.20730461, 'component_count': 1, 'WCA_point_count_by_code': 0, 'WCA_point_count_name_parent_candidate': 43, 'WCA_crosswalk_method': 'normalized ADM2+ADM1 labels; code-vintage mismatch candidate', 'WCA_points_inside_current_geometry': 43, 'WCA_same_code_points_outside_geometry': 0, 'Senegal_2017_OCHA_points_by_code': 0, 'Senegal_2017_points_inside_current_geometry': 0, 'admin_capital_records': 1, 'admin_capital_match_method': 'normalized ADM2+ADM1 name candidate; source-code vintage differs', 'admin_capital_exact_code_records': 0, 'admin_capital_name_parent_candidate_records': 1}]",6,"{'current_name': 'Oshimili North', 'current_pcode': 'NG010014', 'intersection_km2': 508.754817, 'legacy_coverage_pct': 99.94241, 'screen_only': True}",0,43,0,0,"[{'name': 'Akwukwu-Igbo', 'coordinates_lon_lat': [6.591061, 6.355421], 'adm_p_lvl': 2, 'admin2_name': 'Oshimili North', 'admin2_pcode': 'NG1014', 'admin1_name': 'Delta', 'admin1_pcode': 'NG10', 'valid_on': '2019-04-17', 'match_method': 'normalized ADM2+ADM1 name candidate; source-code vintage differs', 'capital_point_in_candidate_geometry': True}]",insufficient-evidence,['physical land/island completeness and current settlement completeness remain unverified'],Pinned source role 'Local Government Areas' is independently represented as COD-AB ADM2 for these features; source role and administrative level alone do not certify tier purpose or physical extent.,"Source name/code, administration and settlement screens remain separate. No political title, full settlement population, complete land/island footprint, or region approval is inferred."
gb:NGA:ADM2:59680162B78900735102434,Owerri West,Nigeria,gb:NGA:ADM2,2022,59680162B78900735102434,Owerri West,Local Government Areas,ADM2,NGA,,MultiPolygon,True,2,True,774,framework:province:imo:a94708264d83,framework:province:imo:a94708264d83,"['framework:province:imo:a94708264d83', 'framework:area:nigeria:13573928575a', 'framework:region:west-tropical-africa:ba6e06497098', 'framework:subcontinent:western-africa:6280a2b17f17', 'framework:continent:africa:d14fc0b285b2']",5,['Imo'],supported,imo,Imo,['Imo'],parent label matches normalized baseline,['NG017025'],unique normalized current name/explicit alias,"[{'current_name': 'Owerri West', 'current_pcode': 'NG017025', 'current_parent': 'Imo', 'parent_pcode': 'NG017', 'valid_on': '2019-04-17', 'area_km2': 286.30460525, 'component_count': 1, 'WCA_point_count_by_code': 0, 'WCA_point_count_name_parent_candidate': 37, 'WCA_crosswalk_method': 'normalized ADM2+ADM1 labels; code-vintage mismatch candidate', 'WCA_points_inside_current_geometry': 37, 'WCA_same_code_points_outside_geometry': 0, 'Senegal_2017_OCHA_points_by_code': 0, 'Senegal_2017_points_inside_current_geometry': 0, 'admin_capital_records': 1, 'admin_capital_match_method': 'normalized ADM2+ADM1 name candidate; source-code vintage differs', 'admin_capital_exact_code_records': 0, 'admin_capital_name_parent_candidate_records': 1}]",7,"{'current_name': 'Owerri West', 'current_pcode': 'NG017025', 'intersection_km2': 224.002923, 'legacy_coverage_pct': 78.10808, 'screen_only': True}",0,37,0,0,"[{'name': 'Umuoguma', 'coordinates_lon_lat': [6.967603, 5.467787], 'adm_p_lvl': 2, 'admin2_name': 'Owerri West', 'admin2_pcode': 'NG1725', 'admin1_name': 'Imo', 'admin1_pcode': 'NG17', 'valid_on': '2019-04-17', 'match_method': 'normalized ADM2+ADM1 name candidate; source-code vintage differs', 'capital_point_in_candidate_geometry': True}]",insufficient-evidence,['physical land/island completeness and current settlement completeness remain unverified'],Pinned source role 'Local Government Areas' is independently represented as COD-AB ADM2 for these features; source role and administrative level alone do not certify tier purpose or physical extent.,"Source name/code, administration and settlement screens remain separate. No political title, full settlement population, complete land/island footprint, or region approval is inferred."
gb:NGA:ADM2:59680162B797578221173,Wurno,Nigeria,gb:NGA:ADM2,2022,59680162B797578221173,Wurno,Local Government Areas,ADM2,NGA,,Polygon,True,1,True,774,framework:province:sokoto:38a75936a981,framework:province:sokoto:38a75936a981,"['framework:province:sokoto:38a75936a981', 'framework:area:nigeria:13573928575a', 'framework:region:west-tropical-africa:ba6e06497098', 'framework:subcontinent:western-africa:6280a2b17f17', 'framework:continent:africa:d14fc0b285b2']",5,['Sokoto'],supported,sokoto,Sokoto,['Sokoto'],parent label matches normalized baseline,['NG034022'],unique normalized current name/explicit alias,"[{'current_name': 'Wurno', 'current_pcode': 'NG034022', 'current_parent': 'Sokoto', 'parent_pcode': 'NG034', 'valid_on': '2019-04-17', 'area_km2': 680.37541584, 'component_count': 1, 'WCA_point_count_by_code': 0, 'WCA_point_count_name_parent_candidate': 72, 'WCA_crosswalk_method': 'normalized ADM2+ADM1 labels; code-vintage mismatch candidate', 'WCA_points_inside_current_geometry': 72, 'WCA_same_code_points_outside_geometry': 0, 'Senegal_2017_OCHA_points_by_code': 0, 'Senegal_2017_points_inside_current_geometry': 0, 'admin_capital_records': 1, 'admin_capital_match_method': 'normalized ADM2+ADM1 name candidate; source-code vintage differs', 'admin_capital_exact_code_records': 0, 'admin_capital_name_parent_candidate_records': 1}]",5,"{'current_name': 'Wurno', 'current_pcode': 'NG034022', 'intersection_km2': 602.624208, 'legacy_coverage_pct': 90.51947, 'screen_only': True}",0,72,0,0,"[{'name': 'Wurno', 'coordinates_lon_lat': [5.423262, 13.28777], 'adm_p_lvl': 2, 'admin2_name': 'Wurno', 'admin2_pcode': 'NG3422', 'admin1_name': 'Sokoto', 'admin1_pcode': 'NG34', 'valid_on': '2019-04-17', 'match_method': 'normalized ADM2+ADM1 name candidate; source-code vintage differs', 'capital_point_in_candidate_geometry': True}]",insufficient-evidence,['physical land/island completeness and current settlement completeness remain unverified'],Pinned source role 'Local Government Areas' is independently represented as COD-AB ADM2 for these features; source role and administrative level alone do not certify tier purpose or physical extent.,"Source name/code, administration and settlement screens remain separate. No political title, full settlement population, complete land/island footprint, or region approval is inferred."
gb:NGA:ADM2:59680162B80670265641804,Etsako Central,Nigeria,gb:NGA:ADM2,2022,59680162B80670265641804,Etsako Central,Local Government Areas,ADM2,NGA,,Polygon,True,1,True,774,framework:province:edo:837a456ad2ee,framework:province:edo:837a456ad2ee,"['framework:province:edo:837a456ad2ee', 'framework:area:nigeria:13573928575a', 'framework:region:west-tropical-africa:ba6e06497098', 'framework:subcontinent:western-africa:6280a2b17f17', 'framework:continent:africa:d14fc0b285b2']",5,['Edo'],supported,edo,Edo,['Edo'],parent label matches normalized baseline,['NG012007'],unique normalized current name/explicit alias,"[{'current_name': 'Etsako Central', 'current_pcode': 'NG012007', 'current_parent': 'Edo', 'parent_pcode': 'NG012', 'valid_on': '2019-04-17', 'area_km2': 662.73468936, 'component_count': 1, 'WCA_point_count_by_code': 0, 'WCA_point_count_name_parent_candidate': 25, 'WCA_crosswalk_method': 'normalized ADM2+ADM1 labels; code-vintage mismatch candidate', 'WCA_points_inside_current_geometry': 25, 'WCA_same_code_points_outside_geometry': 0, 'Senegal_2017_OCHA_points_by_code': 0, 'Senegal_2017_points_inside_current_geometry': 0, 'admin_capital_records': 1, 'admin_capital_match_method': 'normalized ADM2+ADM1 name candidate; source-code vintage differs', 'admin_capital_exact_code_records': 0, 'admin_capital_name_parent_candidate_records': 1}]",6,"{'current_name': 'Etsako Central', 'current_pcode': 'NG012007', 'intersection_km2': 662.533296, 'legacy_coverage_pct': 93.4765, 'screen_only': True}",0,25,0,0,"[{'name': 'Fugar', 'coordinates_lon_lat': [6.5, 7.083333], 'adm_p_lvl': 2, 'admin2_name': 'Etsako Central', 'admin2_pcode': 'NG1207', 'admin1_name': 'Edo', 'admin1_pcode': 'NG12', 'valid_on': '2019-04-17', 'match_method': 'normalized ADM2+ADM1 name candidate; source-code vintage differs', 'capital_point_in_candidate_geometry': True}]",insufficient-evidence,['physical land/island completeness and current settlement completeness remain unverified'],Pinned source role 'Local Government Areas' is independently represented as COD-AB ADM2 for these features; source role and administrative level alone do not certify tier purpose or physical extent.,"Source name/code, administration and settlement screens remain separate. No political title, full settlement population, complete land/island footprint, or region approval is inferred."
gb:NGA:ADM2:59680162B80813578140782,Gusau,Nigeria,gb:NGA:ADM2,2022,59680162B80813578140782,Gusau,Local Government Areas,ADM2,NGA,,MultiPolygon,True,2,True,774,framework:province:zamfara:f060723678a4,framework:province:zamfara:f060723678a4,"['framework:province:zamfara:f060723678a4', 'framework:area:nigeria:13573928575a', 'framework:region:west-tropical-africa:ba6e06497098', 'framework:subcontinent:western-africa:6280a2b17f17', 'framework:continent:africa:d14fc0b285b2']",5,['Zamfara'],supported,zamfara,Zamfara,['Zamfara'],parent label matches normalized baseline,['NG037007'],unique normalized current name/explicit alias,"[{'current_name': 'Gusau', 'current_pcode': 'NG037007', 'current_parent': 'Zamfara', 'parent_pcode': 'NG037', 'valid_on': '2019-04-17', 'area_km2': 2709.39825096, 'component_count': 2, 'WCA_point_count_by_code': 0, 'WCA_point_count_name_parent_candidate': 227, 'WCA_crosswalk_method': 'normalized ADM2+ADM1 labels; code-vintage mismatch candidate', 'WCA_points_inside_current_geometry': 227, 'WCA_same_code_points_outside_geometry': 0, 'Senegal_2017_OCHA_points_by_code': 0, 'Senegal_2017_points_inside_current_geometry': 0, 'admin_capital_records': 1, 'admin_capital_match_method': 'normalized ADM2+ADM1 name candidate; source-code vintage differs', 'admin_capital_exact_code_records': 0, 'admin_capital_name_parent_candidate_records': 1}]",8,"{'current_name': 'Gusau', 'current_pcode': 'NG037007', 'intersection_km2': 1782.608422, 'legacy_coverage_pct': 87.83021, 'screen_only': True}",0,227,0,0,"[{'name': 'Gusau', 'coordinates_lon_lat': [6.661348, 12.162784], 'adm_p_lvl': 1, 'admin2_name': 'Gusau', 'admin2_pcode': 'NG3707', 'admin1_name': 'Zamfara', 'admin1_pcode': 'NG37', 'valid_on': '2019-04-17', 'match_method': 'normalized ADM2+ADM1 name candidate; source-code vintage differs', 'capital_point_in_candidate_geometry': True}]",insufficient-evidence,['physical land/island completeness and current settlement completeness remain unverified'],Pinned source role 'Local Government Areas' is independently represented as COD-AB ADM2 for these features; source role and administrative level alone do not certify tier purpose or physical extent.,"Source name/code, administration and settlement screens remain separate. No political title, full settlement population, complete land/island footprint, or region approval is inferred."
gb:NGA:ADM2:59680162B80910542790982,Udu,Nigeria,gb:NGA:ADM2,2022,59680162B80910542790982,Udu,Local Government Areas,ADM2,NGA,,Polygon,True,1,True,774,framework:province:delta:c9181c18b197,framework:province:delta:c9181c18b197,"['framework:province:delta:c9181c18b197', 'framework:area:nigeria:13573928575a', 'framework:region:west-tropical-africa:ba6e06497098', 'framework:subcontinent:western-africa:6280a2b17f17', 'framework:continent:africa:d14fc0b285b2']",5,['Delta'],supported,delta,Delta,['Delta'],parent label matches normalized baseline,['NG010018'],unique normalized current name/explicit alias,"[{'current_name': 'Udu', 'current_pcode': 'NG010018', 'current_parent': 'Delta', 'parent_pcode': 'NG010', 'valid_on': '2019-04-17', 'area_km2': 165.81848439, 'component_count': 1, 'WCA_point_count_by_code': 0, 'WCA_point_count_name_parent_candidate': 48, 'WCA_crosswalk_method': 'normalized ADM2+ADM1 labels; code-vintage mismatch candidate', 'WCA_points_inside_current_geometry': 48, 'WCA_same_code_points_outside_geometry': 0, 'Senegal_2017_OCHA_points_by_code': 0, 'Senegal_2017_points_inside_current_geometry': 0, 'admin_capital_records': 3, 'admin_capital_match_method': 'normalized ADM2+ADM1 name candidate; source-code vintage differs', 'admin_capital_exact_code_records': 0, 'admin_capital_name_parent_candidate_records': 3}]",5,"{'current_name': 'Udu', 'current_pcode': 'NG010018', 'intersection_km2': 140.444453, 'legacy_coverage_pct': 91.94191, 'screen_only': True}",0,48,0,0,"[{'name': 'Ogbe-Ijoh', 'coordinates_lon_lat': [5.734605, 5.483243], 'adm_p_lvl': 2, 'admin2_name': 'Udu', 'admin2_pcode': 'NG1018', 'admin1_name': 'Delta', 'admin1_pcode': 'NG10', 'valid_on': '2019-04-17', 'match_method': 'normalized ADM2+ADM1 name candidate; source-code vintage differs', 'capital_point_in_candidate_geometry': True}, {'name': 'Otor Udu', 'coordinates_lon_lat': [5.869573, 5.452724], 'adm_p_lvl': 2, 'admin2_name': 'Udu', 'admin2_pcode': 'NG1018', 'admin1_name': 'Delta', 'admin1_pcode': 'NG10', 'valid_on': '2019-04-17', 'match_method': 'normalized ADM2+ADM1 name candidate; source-code vintage differs', 'capital_point_in_candidate_geometry': True}, {'name': 'Otujeremi', 'coordinates_lon_lat': [5.866667, 5.433333], 'adm_p_lvl': 2, 'admin2_name': 'Udu', 'admin2_pcode': 'NG1018', 'admin1_name': 'Delta', 'admin1_pcode': 'NG10', 'valid_on': '2019-04-17', 'match_method': 'normalized ADM2+ADM1 name candidate; source-code vintage differs', 'capital_point_in_candidate_geometry': True}]",insufficient-evidence,['physical land/island completeness and current settlement completeness remain unverified'],Pinned source role 'Local Government Areas' is independently represented as COD-AB ADM2 for these features; source role and administrative level alone do not certify tier purpose or physical extent.,"Source name/code, administration and settlement screens remain separate. No political title, full settlement population, complete land/island footprint, or region approval is inferred."
gb:NGA:ADM2:59680162B82021418174103,Kwali,Nigeria,gb:NGA:ADM2,2022,59680162B82021418174103,Kwali,Local Government Areas,ADM2,NGA,,Polygon,True,1,True,774,framework:province:abuja-federal-capital-territory:24fe5cea0ae1,framework:province:abuja-federal-capital-territory:24fe5cea0ae1,"['framework:province:abuja-federal-capital-territory:24fe5cea0ae1', 'framework:area:nigeria:13573928575a', 'framework:region:west-tropical-africa:ba6e06497098', 'framework:subcontinent:western-africa:6280a2b17f17', 'framework:continent:africa:d14fc0b285b2']",5,['Federal Capital Territory'],insufficient-evidence,abuja federal capital territory,Federal Capital Territory,['Federal Capital Territory'],label variance; equivalence unresolved,['NG015006'],unique normalized current name/explicit alias,"[{'current_name': 'Kwali', 'current_pcode': 'NG015006', 'current_parent': 'Federal Capital Territory', 'parent_pcode': 'NG015', 'valid_on': '2019-04-17', 'area_km2': 1252.52707595, 'component_count': 1, 'WCA_point_count_by_code': 0, 'WCA_point_count_name_parent_candidate': 46, 'WCA_crosswalk_method': 'normalized ADM2+ADM1 labels; code-vintage mismatch candidate', 'WCA_points_inside_current_geometry': 45, 'WCA_same_code_points_outside_geometry': 1, 'Senegal_2017_OCHA_points_by_code': 0, 'Senegal_2017_points_inside_current_geometry': 0, 'admin_capital_records': 2, 'admin_capital_match_method': 'normalized ADM2+ADM1 name candidate; source-code vintage differs', 'admin_capital_exact_code_records': 0, 'admin_capital_name_parent_candidate_records': 2}]",4,"{'current_name': 'Kwali', 'current_pcode': 'NG015006', 'intersection_km2': 1215.314437, 'legacy_coverage_pct': 97.93053, 'screen_only': True}",0,46,1,0,"[{'name': 'Abuja', 'coordinates_lon_lat': [7.4675, 9.070556], 'adm_p_lvl': 0, 'admin2_name': 'Kwali', 'admin2_pcode': 'NG1506', 'admin1_name': 'Federal Capital Territory', 'admin1_pcode': 'NG15', 'valid_on': '2019-04-17', 'match_method': 'normalized ADM2+ADM1 name candidate; source-code vintage differs', 'capital_point_in_candidate_geometry': False}, {'name': 'Kwali', 'coordinates_lon_lat': [7.005, 8.867222], 'adm_p_lvl': 2, 'admin2_name': 'Kwali', 'admin2_pcode': 'NG1506', 'admin1_name': 'Federal Capital Territory', 'admin1_pcode': 'NG15', 'valid_on': '2019-04-17', 'match_method': 'normalized ADM2+ADM1 name candidate; source-code vintage differs', 'capital_point_in_candidate_geometry': True}]",insufficient-evidence,['baseline parent label Abuja Federal Capital Territory differs from current COD-AB Federal Capital Territory; authoritative name-equivalence and parent purpose are not independently verified'],Pinned source role 'Local Government Areas' is independently represented as COD-AB ADM2 for these features; source role and administrative level alone do not certify tier purpose or physical extent.,"Source name/code, administration and settlement screens remain separate. No political title, full settlement population, complete land/island footprint, or region approval is inferred."
gb:NGA:ADM2:59680162B82387239737873,Kuje,Nigeria,gb:NGA:ADM2,2022,59680162B82387239737873,Kuje,Local Government Areas,ADM2,NGA,,Polygon,True,1,True,774,framework:province:abuja-federal-capital-territory:24fe5cea0ae1,framework:province:abuja-federal-capital-territory:24fe5cea0ae1,"['framework:province:abuja-federal-capital-territory:24fe5cea0ae1', 'framework:area:nigeria:13573928575a', 'framework:region:west-tropical-africa:ba6e06497098', 'framework:subcontinent:western-africa:6280a2b17f17', 'framework:continent:africa:d14fc0b285b2']",5,['Federal Capital Territory'],insufficient-evidence,abuja federal capital territory,Federal Capital Territory,['Federal Capital Territory'],label variance; equivalence unresolved,['NG015005'],unique normalized current name/explicit alias,"[{'current_name': 'Kuje', 'current_pcode': 'NG015005', 'current_parent': 'Federal Capital Territory', 'parent_pcode': 'NG015', 'valid_on': '2019-04-17', 'area_km2': 1532.44120681, 'component_count': 1, 'WCA_point_count_by_code': 0, 'WCA_point_count_name_parent_candidate': 32, 'WCA_crosswalk_method': 'normalized ADM2+ADM1 labels; code-vintage mismatch candidate', 'WCA_points_inside_current_geometry': 32, 'WCA_same_code_points_outside_geometry': 0, 'Senegal_2017_OCHA_points_by_code': 0, 'Senegal_2017_points_inside_current_geometry': 0, 'admin_capital_records': 0, 'admin_capital_match_method': 'no capital record candidate', 'admin_capital_exact_code_records': 0, 'admin_capital_name_parent_candidate_records': 0}]",6,"{'current_name': 'Kuje', 'current_pcode': 'NG015005', 'intersection_km2': 1445.779617, 'legacy_coverage_pct': 76.59545, 'screen_only': True}",0,32,0,0,[],insufficient-evidence,['baseline parent label Abuja Federal Capital Territory differs from current COD-AB Federal Capital Territory; authoritative name-equivalence and parent purpose are not independently verified'],Pinned source role 'Local Government Areas' is independently represented as COD-AB ADM2 for these features; source role and administrative level alone do not certify tier purpose or physical extent.,"Source name/code, administration and settlement screens remain separate. No political title, full settlement population, complete land/island footprint, or region approval is inferred."
gb:NGA:ADM2:59680162B82820769085578,Ogu Bolo,Nigeria,gb:NGA:ADM2,2022,59680162B82820769085578,Ogu Bolo,Local Government Areas,ADM2,NGA,,Polygon,True,1,True,774,framework:province:rivers:00c506c91c8a,framework:province:rivers:00c506c91c8a,"['framework:province:rivers:00c506c91c8a', 'framework:area:nigeria:13573928575a', 'framework:region:west-tropical-africa:ba6e06497098', 'framework:subcontinent:western-africa:6280a2b17f17', 'framework:continent:africa:d14fc0b285b2']",5,['Rivers'],supported,rivers,Rivers,['Rivers'],parent label matches normalized baseline,['NG033017'],unique normalized current name/explicit alias,"[{'current_name': 'Ogu/Bolo', 'current_pcode': 'NG033017', 'current_parent': 'Rivers', 'parent_pcode': 'NG033', 'valid_on': '2019-04-17', 'area_km2': 130.00634801, 'component_count': 1, 'WCA_point_count_by_code': 0, 'WCA_point_count_name_parent_candidate': 23, 'WCA_crosswalk_method': 'normalized ADM2+ADM1 labels; code-vintage mismatch candidate', 'WCA_points_inside_current_geometry': 23, 'WCA_same_code_points_outside_geometry': 0, 'Senegal_2017_OCHA_points_by_code': 0, 'Senegal_2017_points_inside_current_geometry': 0, 'admin_capital_records': 1, 'admin_capital_match_method': 'normalized ADM2+ADM1 name candidate; source-code vintage differs', 'admin_capital_exact_code_records': 0, 'admin_capital_name_parent_candidate_records': 1}]",5,"{'current_name': 'Ogu/Bolo', 'current_pcode': 'NG033017', 'intersection_km2': 103.767118, 'legacy_coverage_pct': 56.35713, 'screen_only': True}",0,23,0,0,"[{'name': 'Ogu', 'coordinates_lon_lat': [7.196655, 4.730551], 'adm_p_lvl': 2, 'admin2_name': 'Ogu/Bolo', 'admin2_pcode': 'NG3317', 'admin1_name': 'Rivers', 'admin1_pcode': 'NG33', 'valid_on': '2019-04-17', 'match_method': 'normalized ADM2+ADM1 name candidate; source-code vintage differs', 'capital_point_in_candidate_geometry': True}]",insufficient-evidence,['physical land/island completeness and current settlement completeness remain unverified'],Pinned source role 'Local Government Areas' is independently represented as COD-AB ADM2 for these features; source role and administrative level alone do not certify tier purpose or physical extent.,"Source name/code, administration and settlement screens remain separate. No political title, full settlement population, complete land/island footprint, or region approval is inferred."
gb:NGA:ADM2:59680162B83278495681126,Edati,Nigeria,gb:NGA:ADM2,2022,59680162B83278495681126,Edati,Local Government Areas,ADM2,NGA,,Polygon,True,1,True,774,framework:province:niger:76d278c157e8,framework:province:niger:76d278c157e8,"['framework:province:niger:76d278c157e8', 'framework:area:nigeria:13573928575a', 'framework:region:west-tropical-africa:ba6e06497098', 'framework:subcontinent:western-africa:6280a2b17f17', 'framework:continent:africa:d14fc0b285b2']",5,['Niger'],supported,niger,Niger,['Niger'],parent label matches normalized baseline,['NG027007'],unique normalized current name/explicit alias,"[{'current_name': 'Edati', 'current_pcode': 'NG027007', 'current_parent': 'Niger', 'parent_pcode': 'NG027', 'valid_on': '2019-04-17', 'area_km2': 911.3737312, 'component_count': 1, 'WCA_point_count_by_code': 0, 'WCA_point_count_name_parent_candidate': 20, 'WCA_crosswalk_method': 'normalized ADM2+ADM1 labels; code-vintage mismatch candidate', 'WCA_points_inside_current_geometry': 20, 'WCA_same_code_points_outside_geometry': 0, 'Senegal_2017_OCHA_points_by_code': 0, 'Senegal_2017_points_inside_current_geometry': 0, 'admin_capital_records': 1, 'admin_capital_match_method': 'normalized ADM2+ADM1 name candidate; source-code vintage differs', 'admin_capital_exact_code_records': 0, 'admin_capital_name_parent_candidate_records': 1}]",4,"{'current_name': 'Edati', 'current_pcode': 'NG027007', 'intersection_km2': 910.216982, 'legacy_coverage_pct': 86.77085, 'screen_only': True}",0,20,0,0,"[{'name': 'Enagi', 'coordinates_lon_lat': [5.55, 9.133333], 'adm_p_lvl': 2, 'admin2_name': 'Edati', 'admin2_pcode': 'NG2707', 'admin1_name': 'Niger', 'admin1_pcode': 'NG27', 'valid_on': '2019-04-17', 'match_method': 'normalized ADM2+ADM1 name candidate; source-code vintage differs', 'capital_point_in_candidate_geometry': True}]",insufficient-evidence,['physical land/island completeness and current settlement completeness remain unverified'],Pinned source role 'Local Government Areas' is independently represented as COD-AB ADM2 for these features; source role and administrative level alone do not certify tier purpose or physical extent.,"Source name/code, administration and settlement screens remain separate. No political title, full settlement population, complete land/island footprint, or region approval is inferred."
gb:NGA:ADM2:59680162B83694422254145,Bonny,Nigeria,gb:NGA:ADM2,2022,59680162B83694422254145,Bonny,Local Government Areas,ADM2,NGA,,Polygon,True,1,True,774,framework:province:rivers:00c506c91c8a,framework:province:rivers:00c506c91c8a,"['framework:province:rivers:00c506c91c8a', 'framework:area:nigeria:13573928575a', 'framework:region:west-tropical-africa:ba6e06497098', 'framework:subcontinent:western-africa:6280a2b17f17', 'framework:continent:africa:d14fc0b285b2']",5,['Rivers'],supported,rivers,Rivers,['Rivers'],parent label matches normalized baseline,['NG033007'],unique normalized current name/explicit alias,"[{'current_name': 'Bonny', 'current_pcode': 'NG033007', 'current_parent': 'Rivers', 'parent_pcode': 'NG033', 'valid_on': '2019-04-17', 'area_km2': 551.54524838, 'component_count': 1, 'WCA_point_count_by_code': 0, 'WCA_point_count_name_parent_candidate': 57, 'WCA_crosswalk_method': 'normalized ADM2+ADM1 labels; code-vintage mismatch candidate', 'WCA_points_inside_current_geometry': 57, 'WCA_same_code_points_outside_geometry': 0, 'Senegal_2017_OCHA_points_by_code': 0, 'Senegal_2017_points_inside_current_geometry': 0, 'admin_capital_records': 0, 'admin_capital_match_method': 'no capital record candidate', 'admin_capital_exact_code_records': 0, 'admin_capital_name_parent_candidate_records': 0}]",2,"{'current_name': 'Bonny', 'current_pcode': 'NG033007', 'intersection_km2': 231.013029, 'legacy_coverage_pct': 95.69638, 'screen_only': True}",0,57,0,0,[],insufficient-evidence,['physical land/island completeness and current settlement completeness remain unverified'],Pinned source role 'Local Government Areas' is independently represented as COD-AB ADM2 for these features; source role and administrative level alone do not certify tier purpose or physical extent.,"Source name/code, administration and settlement screens remain separate. No political title, full settlement population, complete land/island footprint, or region approval is inferred."
gb:NGA:ADM2:59680162B84100135495566,Sagbama,Nigeria,gb:NGA:ADM2,2022,59680162B84100135495566,Sagbama,Local Government Areas,ADM2,NGA,,Polygon,True,1,True,774,framework:province:bayelsa:363005de2f54,framework:province:bayelsa:363005de2f54,"['framework:province:bayelsa:363005de2f54', 'framework:area:nigeria:13573928575a', 'framework:region:west-tropical-africa:ba6e06497098', 'framework:subcontinent:western-africa:6280a2b17f17', 'framework:continent:africa:d14fc0b285b2']",5,['Bayelsa'],supported,bayelsa,Bayelsa,['Bayelsa'],parent label matches normalized baseline,['NG006006'],unique normalized current name/explicit alias,"[{'current_name': 'Sagbama', 'current_pcode': 'NG006006', 'current_parent': 'Bayelsa', 'parent_pcode': 'NG006', 'valid_on': '2019-04-17', 'area_km2': 948.68029961, 'component_count': 1, 'WCA_point_count_by_code': 0, 'WCA_point_count_name_parent_candidate': 163, 'WCA_crosswalk_method': 'normalized ADM2+ADM1 labels; code-vintage mismatch candidate', 'WCA_points_inside_current_geometry': 163, 'WCA_same_code_points_outside_geometry': 0, 'Senegal_2017_OCHA_points_by_code': 0, 'Senegal_2017_points_inside_current_geometry': 0, 'admin_capital_records': 1, 'admin_capital_match_method': 'normalized ADM2+ADM1 name candidate; source-code vintage differs', 'admin_capital_exact_code_records': 0, 'admin_capital_name_parent_candidate_records': 1}]",9,"{'current_name': 'Sagbama', 'current_pcode': 'NG006006', 'intersection_km2': 947.583457, 'legacy_coverage_pct': 99.60588, 'screen_only': True}",0,163,0,0,"[{'name': 'Sagbama', 'coordinates_lon_lat': [6.21259, 5.163299], 'adm_p_lvl': 2, 'admin2_name': 'Sagbama', 'admin2_pcode': 'NG0606', 'admin1_name': 'Bayelsa', 'admin1_pcode': 'NG06', 'valid_on': '2019-04-17', 'match_method': 'normalized ADM2+ADM1 name candidate; source-code vintage differs', 'capital_point_in_candidate_geometry': True}]",insufficient-evidence,['physical land/island completeness and current settlement completeness remain unverified'],Pinned source role 'Local Government Areas' is independently represented as COD-AB ADM2 for these features; source role and administrative level alone do not certify tier purpose or physical extent.,"Source name/code, administration and settlement screens remain separate. No political title, full settlement population, complete land/island footprint, or region approval is inferred."
gb:NGA:ADM2:59680162B84198311358077,Mariga,Nigeria,gb:NGA:ADM2,2022,59680162B84198311358077,Mariga,Local Government Areas,ADM2,NGA,,Polygon,True,1,True,774,framework:province:niger:76d278c157e8,framework:province:niger:76d278c157e8,"['framework:province:niger:76d278c157e8', 'framework:area:nigeria:13573928575a', 'framework:region:west-tropical-africa:ba6e06497098', 'framework:subcontinent:western-africa:6280a2b17f17', 'framework:continent:africa:d14fc0b285b2']",5,['Niger'],supported,niger,Niger,['Niger'],parent label matches normalized baseline,['NG027015'],unique normalized current name/explicit alias,"[{'current_name': 'Mariga', 'current_pcode': 'NG027015', 'current_parent': 'Niger', 'parent_pcode': 'NG027', 'valid_on': '2019-04-17', 'area_km2': 5771.14679716, 'component_count': 1, 'WCA_point_count_by_code': 0, 'WCA_point_count_name_parent_candidate': 117, 'WCA_crosswalk_method': 'normalized ADM2+ADM1 labels; code-vintage mismatch candidate', 'WCA_points_inside_current_geometry': 117, 'WCA_same_code_points_outside_geometry': 0, 'Senegal_2017_OCHA_points_by_code': 0, 'Senegal_2017_points_inside_current_geometry': 0, 'admin_capital_records': 1, 'admin_capital_match_method': 'normalized ADM2+ADM1 name candidate; source-code vintage differs', 'admin_capital_exact_code_records': 0, 'admin_capital_name_parent_candidate_records': 1}]",10,"{'current_name': 'Mariga', 'current_pcode': 'NG027015', 'intersection_km2': 5702.901612, 'legacy_coverage_pct': 90.81734, 'screen_only': True}",0,117,0,0,"[{'name': 'Mariga', 'coordinates_lon_lat': [6.02475, 10.133741], 'adm_p_lvl': 2, 'admin2_name': 'Mariga', 'admin2_pcode': 'NG2715', 'admin1_name': 'Niger', 'admin1_pcode': 'NG27', 'valid_on': '2019-04-17', 'match_method': 'normalized ADM2+ADM1 name candidate; source-code vintage differs', 'capital_point_in_candidate_geometry': True}]",insufficient-evidence,['physical land/island completeness and current settlement completeness remain unverified'],Pinned source role 'Local Government Areas' is independently represented as COD-AB ADM2 for these features; source role and administrative level alone do not certify tier purpose or physical extent.,"Source name/code, administration and settlement screens remain separate. No political title, full settlement population, complete land/island footprint, or region approval is inferred."
gb:NGA:ADM2:59680162B84830000650933,Ikere,Nigeria,gb:NGA:ADM2,2022,59680162B84830000650933,Ikere,Local Government Areas,ADM2,NGA,,Polygon,True,1,True,774,framework:province:ekiti:1dc223e0cd0e,framework:province:ekiti:1dc223e0cd0e,"['framework:province:ekiti:1dc223e0cd0e', 'framework:area:nigeria:13573928575a', 'framework:region:west-tropical-africa:ba6e06497098', 'framework:subcontinent:western-africa:6280a2b17f17', 'framework:continent:africa:d14fc0b285b2']",5,['Ekiti'],supported,ekiti,Ekiti,['Ekiti'],parent label matches normalized baseline,['NG013010'],unique normalized current name/explicit alias,"[{'current_name': 'Ikere', 'current_pcode': 'NG013010', 'current_parent': 'Ekiti', 'parent_pcode': 'NG013', 'valid_on': '2019-04-17', 'area_km2': 237.26661447, 'component_count': 1, 'WCA_point_count_by_code': 0, 'WCA_point_count_name_parent_candidate': 11, 'WCA_crosswalk_method': 'normalized ADM2+ADM1 labels; code-vintage mismatch candidate', 'WCA_points_inside_current_geometry': 11, 'WCA_same_code_points_outside_geometry': 0, 'Senegal_2017_OCHA_points_by_code': 0, 'Senegal_2017_points_inside_current_geometry': 0, 'admin_capital_records': 1, 'admin_capital_match_method': 'normalized ADM2+ADM1 name candidate; source-code vintage differs', 'admin_capital_exact_code_records': 0, 'admin_capital_name_parent_candidate_records': 1}]",6,"{'current_name': 'Ikere', 'current_pcode': 'NG013010', 'intersection_km2': 233.977755, 'legacy_coverage_pct': 79.54996, 'screen_only': True}",0,11,0,0,"[{'name': 'Ikere-Ekiti', 'coordinates_lon_lat': [5.232248, 7.491328], 'adm_p_lvl': 2, 'admin2_name': 'Ikere', 'admin2_pcode': 'NG1310', 'admin1_name': 'Ekiti', 'admin1_pcode': 'NG13', 'valid_on': '2019-04-17', 'match_method': 'normalized ADM2+ADM1 name candidate; source-code vintage differs', 'capital_point_in_candidate_geometry': True}]",insufficient-evidence,['physical land/island completeness and current settlement completeness remain unverified'],Pinned source role 'Local Government Areas' is independently represented as COD-AB ADM2 for these features; source role and administrative level alone do not certify tier purpose or physical extent.,"Source name/code, administration and settlement screens remain separate. No political title, full settlement population, complete land/island footprint, or region approval is inferred."
gb:NGA:ADM2:59680162B85175001165051,Bwari,Nigeria,gb:NGA:ADM2,2022,59680162B85175001165051,Bwari,Local Government Areas,ADM2,NGA,,Polygon,True,1,True,774,framework:province:abuja-federal-capital-territory:24fe5cea0ae1,framework:province:abuja-federal-capital-territory:24fe5cea0ae1,"['framework:province:abuja-federal-capital-territory:24fe5cea0ae1', 'framework:area:nigeria:13573928575a', 'framework:region:west-tropical-africa:ba6e06497098', 'framework:subcontinent:western-africa:6280a2b17f17', 'framework:continent:africa:d14fc0b285b2']",5,['Federal Capital Territory'],insufficient-evidence,abuja federal capital territory,Federal Capital Territory,['Federal Capital Territory'],label variance; equivalence unresolved,['NG015003'],unique normalized current name/explicit alias,"[{'current_name': 'Bwari', 'current_pcode': 'NG015003', 'current_parent': 'Federal Capital Territory', 'parent_pcode': 'NG015', 'valid_on': '2019-04-17', 'area_km2': 1045.92464361, 'component_count': 1, 'WCA_point_count_by_code': 0, 'WCA_point_count_name_parent_candidate': 45, 'WCA_crosswalk_method': 'normalized ADM2+ADM1 labels; code-vintage mismatch candidate', 'WCA_points_inside_current_geometry': 45, 'WCA_same_code_points_outside_geometry': 0, 'Senegal_2017_OCHA_points_by_code': 0, 'Senegal_2017_points_inside_current_geometry': 0, 'admin_capital_records': 0, 'admin_capital_match_method': 'no capital record candidate', 'admin_capital_exact_code_records': 0, 'admin_capital_name_parent_candidate_records': 0}]",6,"{'current_name': 'Bwari', 'current_pcode': 'NG015003', 'intersection_km2': 970.31982, 'legacy_coverage_pct': 94.12307, 'screen_only': True}",0,45,0,0,[],insufficient-evidence,['baseline parent label Abuja Federal Capital Territory differs from current COD-AB Federal Capital Territory; authoritative name-equivalence and parent purpose are not independently verified'],Pinned source role 'Local Government Areas' is independently represented as COD-AB ADM2 for these features; source role and administrative level alone do not certify tier purpose or physical extent.,"Source name/code, administration and settlement screens remain separate. No political title, full settlement population, complete land/island footprint, or region approval is inferred."
gb:NGA:ADM2:59680162B85189896765318,Ikwerre,Nigeria,gb:NGA:ADM2,2022,59680162B85189896765318,Ikwerre,Local Government Areas,ADM2,NGA,,Polygon,True,1,True,774,framework:province:rivers:00c506c91c8a,framework:province:rivers:00c506c91c8a,"['framework:province:rivers:00c506c91c8a', 'framework:area:nigeria:13573928575a', 'framework:region:west-tropical-africa:ba6e06497098', 'framework:subcontinent:western-africa:6280a2b17f17', 'framework:continent:africa:d14fc0b285b2']",5,['Rivers'],supported,rivers,Rivers,['Rivers'],parent label matches normalized baseline,['NG033013'],unique normalized current name/explicit alias,"[{'current_name': 'Ikwerre', 'current_pcode': 'NG033013', 'current_parent': 'Rivers', 'parent_pcode': 'NG033', 'valid_on': '2019-04-17', 'area_km2': 658.15910079, 'component_count': 1, 'WCA_point_count_by_code': 0, 'WCA_point_count_name_parent_candidate': 74, 'WCA_crosswalk_method': 'normalized ADM2+ADM1 labels; code-vintage mismatch candidate', 'WCA_points_inside_current_geometry': 74, 'WCA_same_code_points_outside_geometry': 0, 'Senegal_2017_OCHA_points_by_code': 0, 'Senegal_2017_points_inside_current_geometry': 0, 'admin_capital_records': 1, 'admin_capital_match_method': 'normalized ADM2+ADM1 name candidate; source-code vintage differs', 'admin_capital_exact_code_records': 0, 'admin_capital_name_parent_candidate_records': 1}]",5,"{'current_name': 'Ikwerre', 'current_pcode': 'NG033013', 'intersection_km2': 585.53378, 'legacy_coverage_pct': 87.72609, 'screen_only': True}",0,74,0,0,"[{'name': 'Isiokpo', 'coordinates_lon_lat': [6.87408, 5.001389], 'adm_p_lvl': 2, 'admin2_name': 'Ikwerre', 'admin2_pcode': 'NG3313', 'admin1_name': 'Rivers', 'admin1_pcode': 'NG33', 'valid_on': '2019-04-17', 'match_method': 'normalized ADM2+ADM1 name candidate; source-code vintage differs', 'capital_point_in_candidate_geometry': True}]",insufficient-evidence,['physical land/island completeness and current settlement completeness remain unverified'],Pinned source role 'Local Government Areas' is independently represented as COD-AB ADM2 for these features; source role and administrative level alone do not certify tier purpose or physical extent.,"Source name/code, administration and settlement screens remain separate. No political title, full settlement population, complete land/island footprint, or region approval is inferred."
gb:NGA:ADM2:59680162B85303802109421,Gurara,Nigeria,gb:NGA:ADM2,2022,59680162B85303802109421,Gurara,Local Government Areas,ADM2,NGA,,Polygon,True,1,True,774,framework:province:niger:76d278c157e8,framework:province:niger:76d278c157e8,"['framework:province:niger:76d278c157e8', 'framework:area:nigeria:13573928575a', 'framework:region:west-tropical-africa:ba6e06497098', 'framework:subcontinent:western-africa:6280a2b17f17', 'framework:continent:africa:d14fc0b285b2']",5,['Niger'],supported,niger,Niger,['Niger'],parent label matches normalized baseline,['NG027009'],unique normalized current name/explicit alias,"[{'current_name': 'Gurara', 'current_pcode': 'NG027009', 'current_parent': 'Niger', 'parent_pcode': 'NG027', 'valid_on': '2019-04-17', 'area_km2': 1130.87909285, 'component_count': 1, 'WCA_point_count_by_code': 0, 'WCA_point_count_name_parent_candidate': 68, 'WCA_crosswalk_method': 'normalized ADM2+ADM1 labels; code-vintage mismatch candidate', 'WCA_points_inside_current_geometry': 68, 'WCA_same_code_points_outside_geometry': 0, 'Senegal_2017_OCHA_points_by_code': 0, 'Senegal_2017_points_inside_current_geometry': 0, 'admin_capital_records': 0, 'admin_capital_match_method': 'no capital record candidate', 'admin_capital_exact_code_records': 0, 'admin_capital_name_parent_candidate_records': 0}]",6,"{'current_name': 'Gurara', 'current_pcode': 'NG027009', 'intersection_km2': 772.543284, 'legacy_coverage_pct': 86.8721, 'screen_only': True}",0,68,0,0,[],insufficient-evidence,['physical land/island completeness and current settlement completeness remain unverified'],Pinned source role 'Local Government Areas' is independently represented as COD-AB ADM2 for these features; source role and administrative level alone do not certify tier purpose or physical extent.,"Source name/code, administration and settlement screens remain separate. No political title, full settlement population, complete land/island footprint, or region approval is inferred."
gb:NGA:ADM2:59680162B85493721249292,Shinkafi,Nigeria,gb:NGA:ADM2,2022,59680162B85493721249292,Shinkafi,Local Government Areas,ADM2,NGA,,Polygon,True,1,True,774,framework:province:zamfara:f060723678a4,framework:province:zamfara:f060723678a4,"['framework:province:zamfara:f060723678a4', 'framework:area:nigeria:13573928575a', 'framework:region:west-tropical-africa:ba6e06497098', 'framework:subcontinent:western-africa:6280a2b17f17', 'framework:continent:africa:d14fc0b285b2']",5,['Zamfara'],supported,zamfara,Zamfara,['Zamfara'],parent label matches normalized baseline,['NG037011'],unique normalized current name/explicit alias,"[{'current_name': 'Shinkafi', 'current_pcode': 'NG037011', 'current_parent': 'Zamfara', 'parent_pcode': 'NG037', 'valid_on': '2019-04-17', 'area_km2': 782.88136379, 'component_count': 1, 'WCA_point_count_by_code': 0, 'WCA_point_count_name_parent_candidate': 14, 'WCA_crosswalk_method': 'normalized ADM2+ADM1 labels; code-vintage mismatch candidate', 'WCA_points_inside_current_geometry': 14, 'WCA_same_code_points_outside_geometry': 0, 'Senegal_2017_OCHA_points_by_code': 0, 'Senegal_2017_points_inside_current_geometry': 0, 'admin_capital_records': 1, 'admin_capital_match_method': 'normalized ADM2+ADM1 name candidate; source-code vintage differs', 'admin_capital_exact_code_records': 0, 'admin_capital_name_parent_candidate_records': 1}]",4,"{'current_name': 'Shinkafi', 'current_pcode': 'NG037011', 'intersection_km2': 671.286199, 'legacy_coverage_pct': 72.83435, 'screen_only': True}",0,14,0,0,"[{'name': 'Shinkafi', 'coordinates_lon_lat': [6.510465, 13.075339], 'adm_p_lvl': 2, 'admin2_name': 'Shinkafi', 'admin2_pcode': 'NG3711', 'admin1_name': 'Zamfara', 'admin1_pcode': 'NG37', 'valid_on': '2019-04-17', 'match_method': 'normalized ADM2+ADM1 name candidate; source-code vintage differs', 'capital_point_in_candidate_geometry': True}]",insufficient-evidence,['physical land/island completeness and current settlement completeness remain unverified'],Pinned source role 'Local Government Areas' is independently represented as COD-AB ADM2 for these features; source role and administrative level alone do not certify tier purpose or physical extent.,"Source name/code, administration and settlement screens remain separate. No political title, full settlement population, complete land/island footprint, or region approval is inferred."
gb:NGA:ADM2:59680162B87372052025364,Maradun,Nigeria,gb:NGA:ADM2,2022,59680162B87372052025364,Maradun,Local Government Areas,ADM2,NGA,,Polygon,True,1,True,774,framework:province:zamfara:f060723678a4,framework:province:zamfara:f060723678a4,"['framework:province:zamfara:f060723678a4', 'framework:area:nigeria:13573928575a', 'framework:region:west-tropical-africa:ba6e06497098', 'framework:subcontinent:western-africa:6280a2b17f17', 'framework:continent:africa:d14fc0b285b2']",5,['Zamfara'],supported,zamfara,Zamfara,['Zamfara'],parent label matches normalized baseline,['NG037009'],unique normalized current name/explicit alias,"[{'current_name': 'Maradun', 'current_pcode': 'NG037009', 'current_parent': 'Zamfara', 'parent_pcode': 'NG037', 'valid_on': '2019-04-17', 'area_km2': 2753.94959184, 'component_count': 1, 'WCA_point_count_by_code': 0, 'WCA_point_count_name_parent_candidate': 37, 'WCA_crosswalk_method': 'normalized ADM2+ADM1 labels; code-vintage mismatch candidate', 'WCA_points_inside_current_geometry': 37, 'WCA_same_code_points_outside_geometry': 0, 'Senegal_2017_OCHA_points_by_code': 0, 'Senegal_2017_points_inside_current_geometry': 0, 'admin_capital_records': 1, 'admin_capital_match_method': 'normalized ADM2+ADM1 name candidate; source-code vintage differs', 'admin_capital_exact_code_records': 0, 'admin_capital_name_parent_candidate_records': 1}]",9,"{'current_name': 'Maradun', 'current_pcode': 'NG037009', 'intersection_km2': 2519.278544, 'legacy_coverage_pct': 95.04805, 'screen_only': True}",0,37,0,0,"[{'name': 'Maradun', 'coordinates_lon_lat': [6.243954, 12.565667], 'adm_p_lvl': 2, 'admin2_name': 'Maradun', 'admin2_pcode': 'NG3709', 'admin1_name': 'Zamfara', 'admin1_pcode': 'NG37', 'valid_on': '2019-04-17', 'match_method': 'normalized ADM2+ADM1 name candidate; source-code vintage differs', 'capital_point_in_candidate_geometry': True}]",insufficient-evidence,['physical land/island completeness and current settlement completeness remain unverified'],Pinned source role 'Local Government Areas' is independently represented as COD-AB ADM2 for these features; source role and administrative level alone do not certify tier purpose or physical extent.,"Source name/code, administration and settlement screens remain separate. No political title, full settlement population, complete land/island footprint, or region approval is inferred."
gb:NGA:ADM2:59680162B87797979497124,Brass,Nigeria,gb:NGA:ADM2,2022,59680162B87797979497124,Brass,Local Government Areas,ADM2,NGA,,MultiPolygon,True,2,True,774,framework:province:bayelsa:363005de2f54,framework:province:bayelsa:363005de2f54,"['framework:province:bayelsa:363005de2f54', 'framework:area:nigeria:13573928575a', 'framework:region:west-tropical-africa:ba6e06497098', 'framework:subcontinent:western-africa:6280a2b17f17', 'framework:continent:africa:d14fc0b285b2']",5,['Bayelsa'],supported,bayelsa,Bayelsa,['Bayelsa'],parent label matches normalized baseline,['NG006001'],unique normalized current name/explicit alias,"[{'current_name': 'Brass', 'current_pcode': 'NG006001', 'current_parent': 'Bayelsa', 'parent_pcode': 'NG006', 'valid_on': '2019-04-17', 'area_km2': 943.50332519, 'component_count': 1, 'WCA_point_count_by_code': 0, 'WCA_point_count_name_parent_candidate': 96, 'WCA_crosswalk_method': 'normalized ADM2+ADM1 labels; code-vintage mismatch candidate', 'WCA_points_inside_current_geometry': 96, 'WCA_same_code_points_outside_geometry': 0, 'Senegal_2017_OCHA_points_by_code': 0, 'Senegal_2017_points_inside_current_geometry': 0, 'admin_capital_records': 1, 'admin_capital_match_method': 'normalized ADM2+ADM1 name candidate; source-code vintage differs', 'admin_capital_exact_code_records': 0, 'admin_capital_name_parent_candidate_records': 1}]",6,"{'current_name': 'Brass', 'current_pcode': 'NG006001', 'intersection_km2': 885.857216, 'legacy_coverage_pct': 67.43559, 'screen_only': True}",0,96,0,0,"[{'name': 'Brass', 'coordinates_lon_lat': [6.233333, 4.3], 'adm_p_lvl': 2, 'admin2_name': 'Brass', 'admin2_pcode': 'NG0601', 'admin1_name': 'Bayelsa', 'admin1_pcode': 'NG06', 'valid_on': '2019-04-17', 'match_method': 'normalized ADM2+ADM1 name candidate; source-code vintage differs', 'capital_point_in_candidate_geometry': True}]",insufficient-evidence,['physical land/island completeness and current settlement completeness remain unverified'],Pinned source role 'Local Government Areas' is independently represented as COD-AB ADM2 for these features; source role and administrative level alone do not certify tier purpose or physical extent.,"Source name/code, administration and settlement screens remain separate. No political title, full settlement population, complete land/island footprint, or region approval is inferred."
gb:NGA:ADM2:59680162B88090020431393,Okigwe,Nigeria,gb:NGA:ADM2,2022,59680162B88090020431393,Okigwe,Local Government Areas,ADM2,NGA,,Polygon,True,1,True,774,framework:province:imo:a94708264d83,framework:province:imo:a94708264d83,"['framework:province:imo:a94708264d83', 'framework:area:nigeria:13573928575a', 'framework:region:west-tropical-africa:ba6e06497098', 'framework:subcontinent:western-africa:6280a2b17f17', 'framework:continent:africa:d14fc0b285b2']",5,['Imo'],supported,imo,Imo,['Imo'],parent label matches normalized baseline,['NG017019'],unique normalized current name/explicit alias,"[{'current_name': 'Okigwe', 'current_pcode': 'NG017019', 'current_parent': 'Imo', 'parent_pcode': 'NG017', 'valid_on': '2019-04-17', 'area_km2': 306.88429855, 'component_count': 1, 'WCA_point_count_by_code': 0, 'WCA_point_count_name_parent_candidate': 32, 'WCA_crosswalk_method': 'normalized ADM2+ADM1 labels; code-vintage mismatch candidate', 'WCA_points_inside_current_geometry': 32, 'WCA_same_code_points_outside_geometry': 0, 'Senegal_2017_OCHA_points_by_code': 0, 'Senegal_2017_points_inside_current_geometry': 0, 'admin_capital_records': 1, 'admin_capital_match_method': 'normalized ADM2+ADM1 name candidate; source-code vintage differs', 'admin_capital_exact_code_records': 0, 'admin_capital_name_parent_candidate_records': 1}]",10,"{'current_name': 'Okigwe', 'current_pcode': 'NG017019', 'intersection_km2': 297.214075, 'legacy_coverage_pct': 90.75613, 'screen_only': True}",0,32,0,0,"[{'name': 'Okigwi', 'coordinates_lon_lat': [7.359889, 5.835234], 'adm_p_lvl': 2, 'admin2_name': 'Okigwe', 'admin2_pcode': 'NG1719', 'admin1_name': 'Imo', 'admin1_pcode': 'NG17', 'valid_on': '2019-04-17', 'match_method': 'normalized ADM2+ADM1 name candidate; source-code vintage differs', 'capital_point_in_candidate_geometry': True}]",insufficient-evidence,['physical land/island completeness and current settlement completeness remain unverified'],Pinned source role 'Local Government Areas' is independently represented as COD-AB ADM2 for these features; source role and administrative level alone do not certify tier purpose or physical extent.,"Source name/code, administration and settlement screens remain separate. No political title, full settlement population, complete land/island footprint, or region approval is inferred."
gb:NGA:ADM2:59680162B88302028338466,Omumma,Nigeria,gb:NGA:ADM2,2022,59680162B88302028338466,Omumma,Local Government Areas,ADM2,NGA,,Polygon,True,1,True,774,framework:province:rivers:00c506c91c8a,framework:province:rivers:00c506c91c8a,"['framework:province:rivers:00c506c91c8a', 'framework:area:nigeria:13573928575a', 'framework:region:west-tropical-africa:ba6e06497098', 'framework:subcontinent:western-africa:6280a2b17f17', 'framework:continent:africa:d14fc0b285b2']",5,['Rivers'],supported,rivers,Rivers,['Rivers'],parent label matches normalized baseline,['NG033019'],unique normalized current name/explicit alias,"[{'current_name': 'Omumma', 'current_pcode': 'NG033019', 'current_parent': 'Rivers', 'parent_pcode': 'NG033', 'valid_on': '2019-04-17', 'area_km2': 158.75558008, 'component_count': 1, 'WCA_point_count_by_code': 0, 'WCA_point_count_name_parent_candidate': 15, 'WCA_crosswalk_method': 'normalized ADM2+ADM1 labels; code-vintage mismatch candidate', 'WCA_points_inside_current_geometry': 15, 'WCA_same_code_points_outside_geometry': 0, 'Senegal_2017_OCHA_points_by_code': 0, 'Senegal_2017_points_inside_current_geometry': 0, 'admin_capital_records': 1, 'admin_capital_match_method': 'normalized ADM2+ADM1 name candidate; source-code vintage differs', 'admin_capital_exact_code_records': 0, 'admin_capital_name_parent_candidate_records': 1}]",5,"{'current_name': 'Omumma', 'current_pcode': 'NG033019', 'intersection_km2': 150.083843, 'legacy_coverage_pct': 76.64762, 'screen_only': True}",0,15,0,0,"[{'name': 'Eberi', 'coordinates_lon_lat': [7.234847, 5.090716], 'adm_p_lvl': 2, 'admin2_name': 'Omumma', 'admin2_pcode': 'NG3319', 'admin1_name': 'Rivers', 'admin1_pcode': 'NG33', 'valid_on': '2019-04-17', 'match_method': 'normalized ADM2+ADM1 name candidate; source-code vintage differs', 'capital_point_in_candidate_geometry': True}]",insufficient-evidence,['physical land/island completeness and current settlement completeness remain unverified'],Pinned source role 'Local Government Areas' is independently represented as COD-AB ADM2 for these features; source role and administrative level alone do not certify tier purpose or physical extent.,"Source name/code, administration and settlement screens remain separate. No political title, full settlement population, complete land/island footprint, or region approval is inferred."
gb:NGA:ADM2:59680162B89203090045374,Lavun,Nigeria,gb:NGA:ADM2,2022,59680162B89203090045374,Lavun,Local Government Areas,ADM2,NGA,,MultiPolygon,True,2,True,774,framework:province:niger:76d278c157e8,framework:province:niger:76d278c157e8,"['framework:province:niger:76d278c157e8', 'framework:area:nigeria:13573928575a', 'framework:region:west-tropical-africa:ba6e06497098', 'framework:subcontinent:western-africa:6280a2b17f17', 'framework:continent:africa:d14fc0b285b2']",5,['Niger'],supported,niger,Niger,['Niger'],parent label matches normalized baseline,['NG027013'],unique normalized current name/explicit alias,"[{'current_name': 'Lavun', 'current_pcode': 'NG027013', 'current_parent': 'Niger', 'parent_pcode': 'NG027', 'valid_on': '2019-04-17', 'area_km2': 2589.31251186, 'component_count': 1, 'WCA_point_count_by_code': 0, 'WCA_point_count_name_parent_candidate': 57, 'WCA_crosswalk_method': 'normalized ADM2+ADM1 labels; code-vintage mismatch candidate', 'WCA_points_inside_current_geometry': 57, 'WCA_same_code_points_outside_geometry': 0, 'Senegal_2017_OCHA_points_by_code': 0, 'Senegal_2017_points_inside_current_geometry': 0, 'admin_capital_records': 1, 'admin_capital_match_method': 'normalized ADM2+ADM1 name candidate; source-code vintage differs', 'admin_capital_exact_code_records': 0, 'admin_capital_name_parent_candidate_records': 1}]",7,"{'current_name': 'Lavun', 'current_pcode': 'NG027013', 'intersection_km2': 2519.486362, 'legacy_coverage_pct': 68.40174, 'screen_only': True}",0,57,0,0,"[{'name': 'Kutigi', 'coordinates_lon_lat': [5.6, 9.2], 'adm_p_lvl': 2, 'admin2_name': 'Lavun', 'admin2_pcode': 'NG2713', 'admin1_name': 'Niger', 'admin1_pcode': 'NG27', 'valid_on': '2019-04-17', 'match_method': 'normalized ADM2+ADM1 name candidate; source-code vintage differs', 'capital_point_in_candidate_geometry': True}]",insufficient-evidence,['physical land/island completeness and current settlement completeness remain unverified'],Pinned source role 'Local Government Areas' is independently represented as COD-AB ADM2 for these features; source role and administrative level alone do not certify tier purpose or physical extent.,"Source name/code, administration and settlement screens remain separate. No political title, full settlement population, complete land/island footprint, or region approval is inferred."
gb:NGA:ADM2:59680162B89324456878264,Isoko South,Nigeria,gb:NGA:ADM2,2022,59680162B89324456878264,Isoko South,Local Government Areas,ADM2,NGA,,Polygon,True,1,True,774,framework:province:delta:c9181c18b197,framework:province:delta:c9181c18b197,"['framework:province:delta:c9181c18b197', 'framework:area:nigeria:13573928575a', 'framework:region:west-tropical-africa:ba6e06497098', 'framework:subcontinent:western-africa:6280a2b17f17', 'framework:continent:africa:d14fc0b285b2']",5,['Delta'],supported,delta,Delta,['Delta'],parent label matches normalized baseline,['NG010010'],unique normalized current name/explicit alias,"[{'current_name': 'Isoko South', 'current_pcode': 'NG010010', 'current_parent': 'Delta', 'parent_pcode': 'NG010', 'valid_on': '2019-04-17', 'area_km2': 689.7363071, 'component_count': 1, 'WCA_point_count_by_code': 0, 'WCA_point_count_name_parent_candidate': 106, 'WCA_crosswalk_method': 'normalized ADM2+ADM1 labels; code-vintage mismatch candidate', 'WCA_points_inside_current_geometry': 106, 'WCA_same_code_points_outside_geometry': 0, 'Senegal_2017_OCHA_points_by_code': 0, 'Senegal_2017_points_inside_current_geometry': 0, 'admin_capital_records': 1, 'admin_capital_match_method': 'normalized ADM2+ADM1 name candidate; source-code vintage differs', 'admin_capital_exact_code_records': 0, 'admin_capital_name_parent_candidate_records': 1}]",6,"{'current_name': 'Isoko South', 'current_pcode': 'NG010010', 'intersection_km2': 671.697183, 'legacy_coverage_pct': 93.94182, 'screen_only': True}",0,106,0,0,"[{'name': 'Ole', 'coordinates_lon_lat': [6.207872, 5.461601], 'adm_p_lvl': 2, 'admin2_name': 'Isoko South', 'admin2_pcode': 'NG1010', 'admin1_name': 'Delta', 'admin1_pcode': 'NG10', 'valid_on': '2019-04-17', 'match_method': 'normalized ADM2+ADM1 name candidate; source-code vintage differs', 'capital_point_in_candidate_geometry': True}]",insufficient-evidence,['physical land/island completeness and current settlement completeness remain unverified'],Pinned source role 'Local Government Areas' is independently represented as COD-AB ADM2 for these features; source role and administrative level alone do not certify tier purpose or physical extent.,"Source name/code, administration and settlement screens remain separate. No political title, full settlement population, complete land/island footprint, or region approval is inferred."
gb:NGA:ADM2:59680162B89388744582495,Southern Ijaw,Nigeria,gb:NGA:ADM2,2022,59680162B89388744582495,Southern Ijaw,Local Government Areas,ADM2,NGA,,Polygon,True,1,True,774,framework:province:bayelsa:363005de2f54,framework:province:bayelsa:363005de2f54,"['framework:province:bayelsa:363005de2f54', 'framework:area:nigeria:13573928575a', 'framework:region:west-tropical-africa:ba6e06497098', 'framework:subcontinent:western-africa:6280a2b17f17', 'framework:continent:africa:d14fc0b285b2']",5,['Bayelsa'],supported,bayelsa,Bayelsa,['Bayelsa'],parent label matches normalized baseline,['NG006007'],unique normalized current name/explicit alias,"[{'current_name': 'Southern Ijaw', 'current_pcode': 'NG006007', 'current_parent': 'Bayelsa', 'parent_pcode': 'NG006', 'valid_on': '2019-04-17', 'area_km2': 2707.33883137, 'component_count': 1, 'WCA_point_count_by_code': 0, 'WCA_point_count_name_parent_candidate': 308, 'WCA_crosswalk_method': 'normalized ADM2+ADM1 labels; code-vintage mismatch candidate', 'WCA_points_inside_current_geometry': 308, 'WCA_same_code_points_outside_geometry': 0, 'Senegal_2017_OCHA_points_by_code': 0, 'Senegal_2017_points_inside_current_geometry': 0, 'admin_capital_records': 1, 'admin_capital_match_method': 'normalized ADM2+ADM1 name candidate; source-code vintage differs', 'admin_capital_exact_code_records': 0, 'admin_capital_name_parent_candidate_records': 1}]",7,"{'current_name': 'Southern Ijaw', 'current_pcode': 'NG006007', 'intersection_km2': 2671.809799, 'legacy_coverage_pct': 99.1338, 'screen_only': True}",0,308,0,0,"[{'name': 'Oporoma', 'coordinates_lon_lat': [6.078889, 4.804722], 'adm_p_lvl': 2, 'admin2_name': 'Southern Ijaw', 'admin2_pcode': 'NG0607', 'admin1_name': 'Bayelsa', 'admin1_pcode': 'NG06', 'valid_on': '2019-04-17', 'match_method': 'normalized ADM2+ADM1 name candidate; source-code vintage differs', 'capital_point_in_candidate_geometry': True}]",insufficient-evidence,['physical land/island completeness and current settlement completeness remain unverified'],Pinned source role 'Local Government Areas' is independently represented as COD-AB ADM2 for these features; source role and administrative level alone do not certify tier purpose or physical extent.,"Source name/code, administration and settlement screens remain separate. No political title, full settlement population, complete land/island footprint, or region approval is inferred."
gb:NGA:ADM2:59680162B89596725903657,Idah,Nigeria,gb:NGA:ADM2,2022,59680162B89596725903657,Idah,Local Government Areas,ADM2,NGA,,Polygon,True,1,True,774,framework:province:kogi:2143f75eb90a,framework:province:kogi:2143f75eb90a,"['framework:province:kogi:2143f75eb90a', 'framework:area:nigeria:13573928575a', 'framework:region:west-tropical-africa:ba6e06497098', 'framework:subcontinent:western-africa:6280a2b17f17', 'framework:continent:africa:d14fc0b285b2']",5,['Kogi'],supported,kogi,Kogi,['Kogi'],parent label matches normalized baseline,['NG023007'],unique normalized current name/explicit alias,"[{'current_name': 'Idah', 'current_pcode': 'NG023007', 'current_parent': 'Kogi', 'parent_pcode': 'NG023', 'valid_on': '2019-04-17', 'area_km2': 134.15157071, 'component_count': 1, 'WCA_point_count_by_code': 0, 'WCA_point_count_name_parent_candidate': 3, 'WCA_crosswalk_method': 'normalized ADM2+ADM1 labels; code-vintage mismatch candidate', 'WCA_points_inside_current_geometry': 3, 'WCA_same_code_points_outside_geometry': 0, 'Senegal_2017_OCHA_points_by_code': 0, 'Senegal_2017_points_inside_current_geometry': 0, 'admin_capital_records': 1, 'admin_capital_match_method': 'normalized ADM2+ADM1 name candidate; source-code vintage differs', 'admin_capital_exact_code_records': 0, 'admin_capital_name_parent_candidate_records': 1}]",4,"{'current_name': 'Idah', 'current_pcode': 'NG023007', 'intersection_km2': 113.529743, 'legacy_coverage_pct': 86.26775, 'screen_only': True}",0,3,0,0,"[{'name': 'Idah', 'coordinates_lon_lat': [6.73415, 7.106508], 'adm_p_lvl': 2, 'admin2_name': 'Idah', 'admin2_pcode': 'NG2307', 'admin1_name': 'Kogi', 'admin1_pcode': 'NG23', 'valid_on': '2019-04-17', 'match_method': 'normalized ADM2+ADM1 name candidate; source-code vintage differs', 'capital_point_in_candidate_geometry': True}]",insufficient-evidence,['physical land/island completeness and current settlement completeness remain unverified'],Pinned source role 'Local Government Areas' is independently represented as COD-AB ADM2 for these features; source role and administrative level alone do not certify tier purpose or physical extent.,"Source name/code, administration and settlement screens remain separate. No political title, full settlement population, complete land/island footprint, or region approval is inferred."
gb:NGA:ADM2:59680162B89634889188856,Esan West,Nigeria,gb:NGA:ADM2,2022,59680162B89634889188856,Esan West,Local Government Areas,ADM2,NGA,,Polygon,True,1,True,774,framework:province:edo:837a456ad2ee,framework:province:edo:837a456ad2ee,"['framework:province:edo:837a456ad2ee', 'framework:area:nigeria:13573928575a', 'framework:region:west-tropical-africa:ba6e06497098', 'framework:subcontinent:western-africa:6280a2b17f17', 'framework:continent:africa:d14fc0b285b2']",5,['Edo'],supported,edo,Edo,['Edo'],parent label matches normalized baseline,['NG012006'],unique normalized current name/explicit alias,"[{'current_name': 'Esan West', 'current_pcode': 'NG012006', 'current_parent': 'Edo', 'parent_pcode': 'NG012', 'valid_on': '2019-04-17', 'area_km2': 515.29657179, 'component_count': 1, 'WCA_point_count_by_code': 0, 'WCA_point_count_name_parent_candidate': 32, 'WCA_crosswalk_method': 'normalized ADM2+ADM1 labels; code-vintage mismatch candidate', 'WCA_points_inside_current_geometry': 32, 'WCA_same_code_points_outside_geometry': 0, 'Senegal_2017_OCHA_points_by_code': 0, 'Senegal_2017_points_inside_current_geometry': 0, 'admin_capital_records': 1, 'admin_capital_match_method': 'normalized ADM2+ADM1 name candidate; source-code vintage differs', 'admin_capital_exact_code_records': 0, 'admin_capital_name_parent_candidate_records': 1}]",7,"{'current_name': 'Esan West', 'current_pcode': 'NG012006', 'intersection_km2': 504.860022, 'legacy_coverage_pct': 99.06351, 'screen_only': True}",0,32,0,0,"[{'name': 'Ekpoma', 'coordinates_lon_lat': [6.139003, 6.742063], 'adm_p_lvl': 2, 'admin2_name': 'Esan West', 'admin2_pcode': 'NG1206', 'admin1_name': 'Edo', 'admin1_pcode': 'NG12', 'valid_on': '2019-04-17', 'match_method': 'normalized ADM2+ADM1 name candidate; source-code vintage differs', 'capital_point_in_candidate_geometry': True}]",insufficient-evidence,['physical land/island completeness and current settlement completeness remain unverified'],Pinned source role 'Local Government Areas' is independently represented as COD-AB ADM2 for these features; source role and administrative level alone do not certify tier purpose or physical extent.,"Source name/code, administration and settlement screens remain separate. No political title, full settlement population, complete land/island footprint, or region approval is inferred."
gb:NGA:ADM2:59680162B89701706643364,Silame,Nigeria,gb:NGA:ADM2,2022,59680162B89701706643364,Silame,Local Government Areas,ADM2,NGA,,Polygon,True,1,True,774,framework:province:sokoto:38a75936a981,framework:province:sokoto:38a75936a981,"['framework:province:sokoto:38a75936a981', 'framework:area:nigeria:13573928575a', 'framework:region:west-tropical-africa:ba6e06497098', 'framework:subcontinent:western-africa:6280a2b17f17', 'framework:continent:africa:d14fc0b285b2']",5,['Sokoto'],supported,sokoto,Sokoto,['Sokoto'],parent label matches normalized baseline,['NG034015'],unique normalized current name/explicit alias,"[{'current_name': 'Silame', 'current_pcode': 'NG034015', 'current_parent': 'Sokoto', 'parent_pcode': 'NG034', 'valid_on': '2019-04-17', 'area_km2': 798.33690146, 'component_count': 1, 'WCA_point_count_by_code': 0, 'WCA_point_count_name_parent_candidate': 65, 'WCA_crosswalk_method': 'normalized ADM2+ADM1 labels; code-vintage mismatch candidate', 'WCA_points_inside_current_geometry': 65, 'WCA_same_code_points_outside_geometry': 0, 'Senegal_2017_OCHA_points_by_code': 0, 'Senegal_2017_points_inside_current_geometry': 0, 'admin_capital_records': 1, 'admin_capital_match_method': 'normalized ADM2+ADM1 name candidate; source-code vintage differs', 'admin_capital_exact_code_records': 0, 'admin_capital_name_parent_candidate_records': 1}]",5,"{'current_name': 'Silame', 'current_pcode': 'NG034015', 'intersection_km2': 698.04818, 'legacy_coverage_pct': 94.56595, 'screen_only': True}",0,65,0,0,"[{'name': 'Silame', 'coordinates_lon_lat': [4.843895, 13.037218], 'adm_p_lvl': 2, 'admin2_name': 'Silame', 'admin2_pcode': 'NG3415', 'admin1_name': 'Sokoto', 'admin1_pcode': 'NG34', 'valid_on': '2019-04-17', 'match_method': 'normalized ADM2+ADM1 name candidate; source-code vintage differs', 'capital_point_in_candidate_geometry': True}]",insufficient-evidence,['physical land/island completeness and current settlement completeness remain unverified'],Pinned source role 'Local Government Areas' is independently represented as COD-AB ADM2 for these features; source role and administrative level alone do not certify tier purpose or physical extent.,"Source name/code, administration and settlement screens remain separate. No political title, full settlement population, complete land/island footprint, or region approval is inferred."
gb:NGA:ADM2:59680162B89921626898623,Sokoto South,Nigeria,gb:NGA:ADM2,2022,59680162B89921626898623,Sokoto South,Local Government Areas,ADM2,NGA,,Polygon,True,1,True,774,framework:province:sokoto:38a75936a981,framework:province:sokoto:38a75936a981,"['framework:province:sokoto:38a75936a981', 'framework:area:nigeria:13573928575a', 'framework:region:west-tropical-africa:ba6e06497098', 'framework:subcontinent:western-africa:6280a2b17f17', 'framework:continent:africa:d14fc0b285b2']",5,['Sokoto'],supported,sokoto,Sokoto,['Sokoto'],parent label matches normalized baseline,['NG034017'],unique normalized current name/explicit alias,"[{'current_name': 'Sokoto South', 'current_pcode': 'NG034017', 'current_parent': 'Sokoto', 'parent_pcode': 'NG034', 'valid_on': '2019-04-17', 'area_km2': 28.53642058, 'component_count': 1, 'WCA_point_count_by_code': 0, 'WCA_point_count_name_parent_candidate': 4, 'WCA_crosswalk_method': 'normalized ADM2+ADM1 labels; code-vintage mismatch candidate', 'WCA_points_inside_current_geometry': 4, 'WCA_same_code_points_outside_geometry': 0, 'Senegal_2017_OCHA_points_by_code': 0, 'Senegal_2017_points_inside_current_geometry': 0, 'admin_capital_records': 0, 'admin_capital_match_method': 'no capital record candidate', 'admin_capital_exact_code_records': 0, 'admin_capital_name_parent_candidate_records': 0}]",5,"{'current_name': 'Sokoto South', 'current_pcode': 'NG034017', 'intersection_km2': 26.81637, 'legacy_coverage_pct': 83.56055, 'screen_only': True}",0,4,0,0,[],insufficient-evidence,['physical land/island completeness and current settlement completeness remain unverified'],Pinned source role 'Local Government Areas' is independently represented as COD-AB ADM2 for these features; source role and administrative level alone do not certify tier purpose or physical extent.,"Source name/code, administration and settlement screens remain separate. No political title, full settlement population, complete land/island footprint, or region approval is inferred."
gb:NGA:ADM2:59680162B90522809362613,Owan East,Nigeria,gb:NGA:ADM2,2022,59680162B90522809362613,Owan East,Local Government Areas,ADM2,NGA,,Polygon,True,1,True,774,framework:province:edo:837a456ad2ee,framework:province:edo:837a456ad2ee,"['framework:province:edo:837a456ad2ee', 'framework:area:nigeria:13573928575a', 'framework:region:west-tropical-africa:ba6e06497098', 'framework:subcontinent:western-africa:6280a2b17f17', 'framework:continent:africa:d14fc0b285b2']",5,['Edo'],supported,edo,Edo,['Edo'],parent label matches normalized baseline,['NG012016'],unique normalized current name/explicit alias,"[{'current_name': 'Owan East', 'current_pcode': 'NG012016', 'current_parent': 'Edo', 'parent_pcode': 'NG012', 'valid_on': '2019-04-17', 'area_km2': 1228.11993443, 'component_count': 1, 'WCA_point_count_by_code': 0, 'WCA_point_count_name_parent_candidate': 66, 'WCA_crosswalk_method': 'normalized ADM2+ADM1 labels; code-vintage mismatch candidate', 'WCA_points_inside_current_geometry': 66, 'WCA_same_code_points_outside_geometry': 0, 'Senegal_2017_OCHA_points_by_code': 0, 'Senegal_2017_points_inside_current_geometry': 0, 'admin_capital_records': 1, 'admin_capital_match_method': 'normalized ADM2+ADM1 name candidate; source-code vintage differs', 'admin_capital_exact_code_records': 0, 'admin_capital_name_parent_candidate_records': 1}]",6,"{'current_name': 'Owan East', 'current_pcode': 'NG012016', 'intersection_km2': 1226.181935, 'legacy_coverage_pct': 98.95547, 'screen_only': True}",0,66,0,0,"[{'name': 'Afuze', 'coordinates_lon_lat': [6.043194, 6.967512], 'adm_p_lvl': 2, 'admin2_name': 'Owan East', 'admin2_pcode': 'NG1216', 'admin1_name': 'Edo', 'admin1_pcode': 'NG12', 'valid_on': '2019-04-17', 'match_method': 'normalized ADM2+ADM1 name candidate; source-code vintage differs', 'capital_point_in_candidate_geometry': True}]",insufficient-evidence,['physical land/island completeness and current settlement completeness remain unverified'],Pinned source role 'Local Government Areas' is independently represented as COD-AB ADM2 for these features; source role and administrative level alone do not certify tier purpose or physical extent.,"Source name/code, administration and settlement screens remain separate. No political title, full settlement population, complete land/island footprint, or region approval is inferred."
gb:NGA:ADM2:59680162B90577513466378,Andoni,Nigeria,gb:NGA:ADM2,2022,59680162B90577513466378,Andoni,Local Government Areas,ADM2,NGA,,Polygon,True,1,True,774,framework:province:rivers:00c506c91c8a,framework:province:rivers:00c506c91c8a,"['framework:province:rivers:00c506c91c8a', 'framework:area:nigeria:13573928575a', 'framework:region:west-tropical-africa:ba6e06497098', 'framework:subcontinent:western-africa:6280a2b17f17', 'framework:continent:africa:d14fc0b285b2']",5,['Rivers'],supported,rivers,Rivers,['Rivers'],parent label matches normalized baseline,['NG033005'],unique normalized current name/explicit alias,"[{'current_name': 'Andoni', 'current_pcode': 'NG033005', 'current_parent': 'Rivers', 'parent_pcode': 'NG033', 'valid_on': '2019-04-17', 'area_km2': 251.19059117, 'component_count': 1, 'WCA_point_count_by_code': 0, 'WCA_point_count_name_parent_candidate': 64, 'WCA_crosswalk_method': 'normalized ADM2+ADM1 labels; code-vintage mismatch candidate', 'WCA_points_inside_current_geometry': 64, 'WCA_same_code_points_outside_geometry': 0, 'Senegal_2017_OCHA_points_by_code': 0, 'Senegal_2017_points_inside_current_geometry': 0, 'admin_capital_records': 1, 'admin_capital_match_method': 'normalized ADM2+ADM1 name candidate; source-code vintage differs', 'admin_capital_exact_code_records': 0, 'admin_capital_name_parent_candidate_records': 1}]",4,"{'current_name': 'Andoni', 'current_pcode': 'NG033005', 'intersection_km2': 245.642255, 'legacy_coverage_pct': 71.92075, 'screen_only': True}",0,64,0,0,"[{'name': 'Ngo', 'coordinates_lon_lat': [7.414591, 4.483279], 'adm_p_lvl': 2, 'admin2_name': 'Andoni', 'admin2_pcode': 'NG3305', 'admin1_name': 'Rivers', 'admin1_pcode': 'NG33', 'valid_on': '2019-04-17', 'match_method': 'normalized ADM2+ADM1 name candidate; source-code vintage differs', 'capital_point_in_candidate_geometry': True}]",insufficient-evidence,['physical land/island completeness and current settlement completeness remain unverified'],Pinned source role 'Local Government Areas' is independently represented as COD-AB ADM2 for these features; source role and administrative level alone do not certify tier purpose or physical extent.,"Source name/code, administration and settlement screens remain separate. No political title, full settlement population, complete land/island footprint, or region approval is inferred."
gb:NGA:ADM2:59680162B90615098764032,Okrika,Nigeria,gb:NGA:ADM2,2022,59680162B90615098764032,Okrika,Local Government Areas,ADM2,NGA,,Polygon,True,1,True,774,framework:province:rivers:00c506c91c8a,framework:province:rivers:00c506c91c8a,"['framework:province:rivers:00c506c91c8a', 'framework:area:nigeria:13573928575a', 'framework:region:west-tropical-africa:ba6e06497098', 'framework:subcontinent:western-africa:6280a2b17f17', 'framework:continent:africa:d14fc0b285b2']",5,['Rivers'],supported,rivers,Rivers,['Rivers'],parent label matches normalized baseline,['NG033018'],unique normalized current name/explicit alias,"[{'current_name': 'Okrika', 'current_pcode': 'NG033018', 'current_parent': 'Rivers', 'parent_pcode': 'NG033', 'valid_on': '2019-04-17', 'area_km2': 286.41163861, 'component_count': 1, 'WCA_point_count_by_code': 0, 'WCA_point_count_name_parent_candidate': 64, 'WCA_crosswalk_method': 'normalized ADM2+ADM1 labels; code-vintage mismatch candidate', 'WCA_points_inside_current_geometry': 64, 'WCA_same_code_points_outside_geometry': 0, 'Senegal_2017_OCHA_points_by_code': 0, 'Senegal_2017_points_inside_current_geometry': 0, 'admin_capital_records': 1, 'admin_capital_match_method': 'normalized ADM2+ADM1 name candidate; source-code vintage differs', 'admin_capital_exact_code_records': 0, 'admin_capital_name_parent_candidate_records': 1}]",7,"{'current_name': 'Okrika', 'current_pcode': 'NG033018', 'intersection_km2': 225.256799, 'legacy_coverage_pct': 37.05118, 'screen_only': True}",0,64,0,0,"[{'name': 'Okrika', 'coordinates_lon_lat': [7.084877, 4.741589], 'adm_p_lvl': 2, 'admin2_name': 'Okrika', 'admin2_pcode': 'NG3318', 'admin1_name': 'Rivers', 'admin1_pcode': 'NG33', 'valid_on': '2019-04-17', 'match_method': 'normalized ADM2+ADM1 name candidate; source-code vintage differs', 'capital_point_in_candidate_geometry': True}]",insufficient-evidence,['physical land/island completeness and current settlement completeness remain unverified'],Pinned source role 'Local Government Areas' is independently represented as COD-AB ADM2 for these features; source role and administrative level alone do not certify tier purpose or physical extent.,"Source name/code, administration and settlement screens remain separate. No political title, full settlement population, complete land/island footprint, or region approval is inferred."
gb:NGA:ADM2:59680162B91492845849591,Sokoto North,Nigeria,gb:NGA:ADM2,2022,59680162B91492845849591,Sokoto North,Local Government Areas,ADM2,NGA,,Polygon,True,1,True,774,framework:province:sokoto:38a75936a981,framework:province:sokoto:38a75936a981,"['framework:province:sokoto:38a75936a981', 'framework:area:nigeria:13573928575a', 'framework:region:west-tropical-africa:ba6e06497098', 'framework:subcontinent:western-africa:6280a2b17f17', 'framework:continent:africa:d14fc0b285b2']",5,['Sokoto'],supported,sokoto,Sokoto,['Sokoto'],parent label matches normalized baseline,['NG034016'],unique normalized current name/explicit alias,"[{'current_name': 'Sokoto North', 'current_pcode': 'NG034016', 'current_parent': 'Sokoto', 'parent_pcode': 'NG034', 'valid_on': '2019-04-17', 'area_km2': 40.01946101, 'component_count': 1, 'WCA_point_count_by_code': 0, 'WCA_point_count_name_parent_candidate': 12, 'WCA_crosswalk_method': 'normalized ADM2+ADM1 labels; code-vintage mismatch candidate', 'WCA_points_inside_current_geometry': 12, 'WCA_same_code_points_outside_geometry': 0, 'Senegal_2017_OCHA_points_by_code': 0, 'Senegal_2017_points_inside_current_geometry': 0, 'admin_capital_records': 2, 'admin_capital_match_method': 'normalized ADM2+ADM1 name candidate; source-code vintage differs', 'admin_capital_exact_code_records': 0, 'admin_capital_name_parent_candidate_records': 2}]",4,"{'current_name': 'Sokoto North', 'current_pcode': 'NG034016', 'intersection_km2': 18.365712, 'legacy_coverage_pct': 95.26916, 'screen_only': True}",0,12,0,0,"[{'name': 'Sokoto', 'coordinates_lon_lat': [5.239018, 13.060925], 'adm_p_lvl': 2, 'admin2_name': 'Sokoto North', 'admin2_pcode': 'NG3416', 'admin1_name': 'Sokoto', 'admin1_pcode': 'NG34', 'valid_on': '2019-04-17', 'match_method': 'normalized ADM2+ADM1 name candidate; source-code vintage differs', 'capital_point_in_candidate_geometry': True}, {'name': 'Sokoto State', 'coordinates_lon_lat': [5.25, 13.083333], 'adm_p_lvl': 2, 'admin2_name': 'Sokoto North', 'admin2_pcode': 'NG3416', 'admin1_name': 'Sokoto', 'admin1_pcode': 'NG34', 'valid_on': '2019-04-17', 'match_method': 'normalized ADM2+ADM1 name candidate; source-code vintage differs', 'capital_point_in_candidate_geometry': True}]",insufficient-evidence,['physical land/island completeness and current settlement completeness remain unverified'],Pinned source role 'Local Government Areas' is independently represented as COD-AB ADM2 for these features; source role and administrative level alone do not certify tier purpose or physical extent.,"Source name/code, administration and settlement screens remain separate. No political title, full settlement population, complete land/island footprint, or region approval is inferred."
gb:NGA:ADM2:59680162B91755424681987,Oru East,Nigeria,gb:NGA:ADM2,2022,59680162B91755424681987,Oru East,Local Government Areas,ADM2,NGA,,Polygon,True,1,True,774,framework:province:imo:a94708264d83,framework:province:imo:a94708264d83,"['framework:province:imo:a94708264d83', 'framework:area:nigeria:13573928575a', 'framework:region:west-tropical-africa:ba6e06497098', 'framework:subcontinent:western-africa:6280a2b17f17', 'framework:continent:africa:d14fc0b285b2']",5,['Imo'],supported,imo,Imo,['Imo'],parent label matches normalized baseline,['NG017022'],unique normalized current name/explicit alias,"[{'current_name': 'Oru East', 'current_pcode': 'NG017022', 'current_parent': 'Imo', 'parent_pcode': 'NG017', 'valid_on': '2019-04-17', 'area_km2': 131.41131701, 'component_count': 1, 'WCA_point_count_by_code': 0, 'WCA_point_count_name_parent_candidate': 11, 'WCA_crosswalk_method': 'normalized ADM2+ADM1 labels; code-vintage mismatch candidate', 'WCA_points_inside_current_geometry': 11, 'WCA_same_code_points_outside_geometry': 0, 'Senegal_2017_OCHA_points_by_code': 0, 'Senegal_2017_points_inside_current_geometry': 0, 'admin_capital_records': 1, 'admin_capital_match_method': 'normalized ADM2+ADM1 name candidate; source-code vintage differs', 'admin_capital_exact_code_records': 0, 'admin_capital_name_parent_candidate_records': 1}]",7,"{'current_name': 'Oru East', 'current_pcode': 'NG017022', 'intersection_km2': 86.385874, 'legacy_coverage_pct': 77.98096, 'screen_only': True}",0,11,0,0,"[{'name': 'Omuma', 'coordinates_lon_lat': [6.947511, 5.756909], 'adm_p_lvl': 2, 'admin2_name': 'Oru East', 'admin2_pcode': 'NG1722', 'admin1_name': 'Imo', 'admin1_pcode': 'NG17', 'valid_on': '2019-04-17', 'match_method': 'normalized ADM2+ADM1 name candidate; source-code vintage differs', 'capital_point_in_candidate_geometry': True}]",insufficient-evidence,['physical land/island completeness and current settlement completeness remain unverified'],Pinned source role 'Local Government Areas' is independently represented as COD-AB ADM2 for these features; source role and administrative level alone do not certify tier purpose or physical extent.,"Source name/code, administration and settlement screens remain separate. No political title, full settlement population, complete land/island footprint, or region approval is inferred."
gb:NGA:ADM2:59680162B91872344495309,Suleja,Nigeria,gb:NGA:ADM2,2022,59680162B91872344495309,Suleja,Local Government Areas,ADM2,NGA,,Polygon,True,1,True,774,framework:province:niger:76d278c157e8,framework:province:niger:76d278c157e8,"['framework:province:niger:76d278c157e8', 'framework:area:nigeria:13573928575a', 'framework:region:west-tropical-africa:ba6e06497098', 'framework:subcontinent:western-africa:6280a2b17f17', 'framework:continent:africa:d14fc0b285b2']",5,['Niger'],supported,niger,Niger,['Niger'],parent label matches normalized baseline,['NG027023'],unique normalized current name/explicit alias,"[{'current_name': 'Suleja', 'current_pcode': 'NG027023', 'current_parent': 'Niger', 'parent_pcode': 'NG027', 'valid_on': '2019-04-17', 'area_km2': 129.15873598, 'component_count': 1, 'WCA_point_count_by_code': 0, 'WCA_point_count_name_parent_candidate': 15, 'WCA_crosswalk_method': 'normalized ADM2+ADM1 labels; code-vintage mismatch candidate', 'WCA_points_inside_current_geometry': 15, 'WCA_same_code_points_outside_geometry': 0, 'Senegal_2017_OCHA_points_by_code': 0, 'Senegal_2017_points_inside_current_geometry': 0, 'admin_capital_records': 1, 'admin_capital_match_method': 'normalized ADM2+ADM1 name candidate; source-code vintage differs', 'admin_capital_exact_code_records': 0, 'admin_capital_name_parent_candidate_records': 1}]",3,"{'current_name': 'Suleja', 'current_pcode': 'NG027023', 'intersection_km2': 79.457512, 'legacy_coverage_pct': 70.02549, 'screen_only': True}",0,15,0,0,"[{'name': 'Suleja', 'coordinates_lon_lat': [7.180833, 9.175833], 'adm_p_lvl': 2, 'admin2_name': 'Suleja', 'admin2_pcode': 'NG2723', 'admin1_name': 'Niger', 'admin1_pcode': 'NG27', 'valid_on': '2019-04-17', 'match_method': 'normalized ADM2+ADM1 name candidate; source-code vintage differs', 'capital_point_in_candidate_geometry': True}]",insufficient-evidence,['physical land/island completeness and current settlement completeness remain unverified'],Pinned source role 'Local Government Areas' is independently represented as COD-AB ADM2 for these features; source role and administrative level alone do not certify tier purpose or physical extent.,"Source name/code, administration and settlement screens remain separate. No political title, full settlement population, complete land/island footprint, or region approval is inferred."
gb:NGA:ADM2:59680162B91981903970684,Oyi,Nigeria,gb:NGA:ADM2,2022,59680162B91981903970684,Oyi,Local Government Areas,ADM2,NGA,,Polygon,True,1,True,774,framework:province:anambra:60457f483104,framework:province:anambra:60457f483104,"['framework:province:anambra:60457f483104', 'framework:area:nigeria:13573928575a', 'framework:region:west-tropical-africa:ba6e06497098', 'framework:subcontinent:western-africa:6280a2b17f17', 'framework:continent:africa:d14fc0b285b2']",5,['Anambra'],supported,anambra,Anambra,['Anambra'],parent label matches normalized baseline,['NG004021'],unique normalized current name/explicit alias,"[{'current_name': 'Oyi', 'current_pcode': 'NG004021', 'current_parent': 'Anambra', 'parent_pcode': 'NG004', 'valid_on': '2019-04-17', 'area_km2': 135.07441465, 'component_count': 1, 'WCA_point_count_by_code': 0, 'WCA_point_count_name_parent_candidate': 11, 'WCA_crosswalk_method': 'normalized ADM2+ADM1 labels; code-vintage mismatch candidate', 'WCA_points_inside_current_geometry': 11, 'WCA_same_code_points_outside_geometry': 0, 'Senegal_2017_OCHA_points_by_code': 0, 'Senegal_2017_points_inside_current_geometry': 0, 'admin_capital_records': 1, 'admin_capital_match_method': 'normalized ADM2+ADM1 name candidate; source-code vintage differs', 'admin_capital_exact_code_records': 0, 'admin_capital_name_parent_candidate_records': 1}]",6,"{'current_name': 'Oyi', 'current_pcode': 'NG004021', 'intersection_km2': 122.471238, 'legacy_coverage_pct': 81.88725, 'screen_only': True}",0,11,0,0,"[{'name': 'Nkwelle', 'coordinates_lon_lat': [6.838669, 6.209497], 'adm_p_lvl': 2, 'admin2_name': 'Oyi', 'admin2_pcode': 'NG0421', 'admin1_name': 'Anambra', 'admin1_pcode': 'NG04', 'valid_on': '2019-04-17', 'match_method': 'normalized ADM2+ADM1 name candidate; source-code vintage differs', 'capital_point_in_candidate_geometry': True}]",insufficient-evidence,['physical land/island completeness and current settlement completeness remain unverified'],Pinned source role 'Local Government Areas' is independently represented as COD-AB ADM2 for these features; source role and administrative level alone do not certify tier purpose or physical extent.,"Source name/code, administration and settlement screens remain separate. No political title, full settlement population, complete land/island footprint, or region approval is inferred."
gb:NGA:ADM2:59680162B92155854422456,Kabba/Bunu,Nigeria,gb:NGA:ADM2,2022,59680162B92155854422456,Kabba/Bunu,Local Government Areas,ADM2,NGA,,Polygon,True,1,True,774,framework:province:kogi:2143f75eb90a,framework:province:kogi:2143f75eb90a,"['framework:province:kogi:2143f75eb90a', 'framework:area:nigeria:13573928575a', 'framework:region:west-tropical-africa:ba6e06497098', 'framework:subcontinent:western-africa:6280a2b17f17', 'framework:continent:africa:d14fc0b285b2']",5,['Kogi'],supported,kogi,Kogi,['Kogi'],parent label matches normalized baseline,['NG023010'],unique normalized current name/explicit alias,"[{'current_name': 'Kabba/Bunu', 'current_pcode': 'NG023010', 'current_parent': 'Kogi', 'parent_pcode': 'NG023', 'valid_on': '2019-04-17', 'area_km2': 2693.15033342, 'component_count': 1, 'WCA_point_count_by_code': 0, 'WCA_point_count_name_parent_candidate': 65, 'WCA_crosswalk_method': 'normalized ADM2+ADM1 labels; code-vintage mismatch candidate', 'WCA_points_inside_current_geometry': 65, 'WCA_same_code_points_outside_geometry': 0, 'Senegal_2017_OCHA_points_by_code': 0, 'Senegal_2017_points_inside_current_geometry': 0, 'admin_capital_records': 1, 'admin_capital_match_method': 'normalized ADM2+ADM1 name candidate; source-code vintage differs', 'admin_capital_exact_code_records': 0, 'admin_capital_name_parent_candidate_records': 1}]",7,"{'current_name': 'Kabba/Bunu', 'current_pcode': 'NG023010', 'intersection_km2': 2629.168918, 'legacy_coverage_pct': 99.051, 'screen_only': True}",0,65,0,0,"[{'name': 'Kabba', 'coordinates_lon_lat': [6.0731, 7.828729], 'adm_p_lvl': 2, 'admin2_name': 'Kabba/Bunu', 'admin2_pcode': 'NG2310', 'admin1_name': 'Kogi', 'admin1_pcode': 'NG23', 'valid_on': '2019-04-17', 'match_method': 'normalized ADM2+ADM1 name candidate; source-code vintage differs', 'capital_point_in_candidate_geometry': True}]",insufficient-evidence,['physical land/island completeness and current settlement completeness remain unverified'],Pinned source role 'Local Government Areas' is independently represented as COD-AB ADM2 for these features; source role and administrative level alone do not certify tier purpose or physical extent.,"Source name/code, administration and settlement screens remain separate. No political title, full settlement population, complete land/island footprint, or region approval is inferred."
gb:NGA:ADM2:59680162B92640548002056,Anaocha,Nigeria,gb:NGA:ADM2,2022,59680162B92640548002056,Anaocha,Local Government Areas,ADM2,NGA,,Polygon,True,1,True,774,framework:province:anambra:60457f483104,framework:province:anambra:60457f483104,"['framework:province:anambra:60457f483104', 'framework:area:nigeria:13573928575a', 'framework:region:west-tropical-africa:ba6e06497098', 'framework:subcontinent:western-africa:6280a2b17f17', 'framework:continent:africa:d14fc0b285b2']",5,['Anambra'],supported,anambra,Anambra,['Anambra'],parent label matches normalized baseline,['NG004004'],unique normalized current name/explicit alias,"[{'current_name': 'Anaocha', 'current_pcode': 'NG004004', 'current_parent': 'Anambra', 'parent_pcode': 'NG004', 'valid_on': '2019-04-17', 'area_km2': 100.75667347, 'component_count': 1, 'WCA_point_count_by_code': 0, 'WCA_point_count_name_parent_candidate': 10, 'WCA_crosswalk_method': 'normalized ADM2+ADM1 labels; code-vintage mismatch candidate', 'WCA_points_inside_current_geometry': 10, 'WCA_same_code_points_outside_geometry': 0, 'Senegal_2017_OCHA_points_by_code': 0, 'Senegal_2017_points_inside_current_geometry': 0, 'admin_capital_records': 1, 'admin_capital_match_method': 'normalized ADM2+ADM1 name candidate; source-code vintage differs', 'admin_capital_exact_code_records': 0, 'admin_capital_name_parent_candidate_records': 1}]",7,"{'current_name': 'Anaocha', 'current_pcode': 'NG004004', 'intersection_km2': 87.023291, 'legacy_coverage_pct': 76.8933, 'screen_only': True}",0,10,0,0,"[{'name': 'Agulu', 'coordinates_lon_lat': [7.0724, 6.11], 'adm_p_lvl': 2, 'admin2_name': 'Anaocha', 'admin2_pcode': 'NG0404', 'admin1_name': 'Anambra', 'admin1_pcode': 'NG04', 'valid_on': '2019-04-17', 'match_method': 'normalized ADM2+ADM1 name candidate; source-code vintage differs', 'capital_point_in_candidate_geometry': True}]",insufficient-evidence,['physical land/island completeness and current settlement completeness remain unverified'],Pinned source role 'Local Government Areas' is independently represented as COD-AB ADM2 for these features; source role and administrative level alone do not certify tier purpose or physical extent.,"Source name/code, administration and settlement screens remain separate. No political title, full settlement population, complete land/island footprint, or region approval is inferred."
gb:NGA:ADM2:59680162B92999716235821,Dekina,Nigeria,gb:NGA:ADM2,2022,59680162B92999716235821,Dekina,Local Government Areas,ADM2,NGA,,Polygon,True,1,True,774,framework:province:kogi:2143f75eb90a,framework:province:kogi:2143f75eb90a,"['framework:province:kogi:2143f75eb90a', 'framework:area:nigeria:13573928575a', 'framework:region:west-tropical-africa:ba6e06497098', 'framework:subcontinent:western-africa:6280a2b17f17', 'framework:continent:africa:d14fc0b285b2']",5,['Kogi'],supported,kogi,Kogi,['Kogi'],parent label matches normalized baseline,['NG023005'],unique normalized current name/explicit alias,"[{'current_name': 'Dekina', 'current_pcode': 'NG023005', 'current_parent': 'Kogi', 'parent_pcode': 'NG023', 'valid_on': '2019-04-17', 'area_km2': 2407.07735304, 'component_count': 1, 'WCA_point_count_by_code': 0, 'WCA_point_count_name_parent_candidate': 97, 'WCA_crosswalk_method': 'normalized ADM2+ADM1 labels; code-vintage mismatch candidate', 'WCA_points_inside_current_geometry': 97, 'WCA_same_code_points_outside_geometry': 0, 'Senegal_2017_OCHA_points_by_code': 0, 'Senegal_2017_points_inside_current_geometry': 0, 'admin_capital_records': 1, 'admin_capital_match_method': 'normalized ADM2+ADM1 name candidate; source-code vintage differs', 'admin_capital_exact_code_records': 0, 'admin_capital_name_parent_candidate_records': 1}]",4,"{'current_name': 'Dekina', 'current_pcode': 'NG023005', 'intersection_km2': 2306.523646, 'legacy_coverage_pct': 94.41326, 'screen_only': True}",0,97,0,0,"[{'name': 'Dekina', 'coordinates_lon_lat': [7.022175, 7.694746], 'adm_p_lvl': 2, 'admin2_name': 'Dekina', 'admin2_pcode': 'NG2305', 'admin1_name': 'Kogi', 'admin1_pcode': 'NG23', 'valid_on': '2019-04-17', 'match_method': 'normalized ADM2+ADM1 name candidate; source-code vintage differs', 'capital_point_in_candidate_geometry': True}]",insufficient-evidence,['physical land/island completeness and current settlement completeness remain unverified'],Pinned source role 'Local Government Areas' is independently represented as COD-AB ADM2 for these features; source role and administrative level alone do not certify tier purpose or physical extent.,"Source name/code, administration and settlement screens remain separate. No political title, full settlement population, complete land/island footprint, or region approval is inferred."
gb:NGA:ADM2:59680162B93345317219884,Idemili North,Nigeria,gb:NGA:ADM2,2022,59680162B93345317219884,Idemili North,Local Government Areas,ADM2,NGA,,Polygon,True,1,True,774,framework:province:anambra:60457f483104,framework:province:anambra:60457f483104,"['framework:province:anambra:60457f483104', 'framework:area:nigeria:13573928575a', 'framework:region:west-tropical-africa:ba6e06497098', 'framework:subcontinent:western-africa:6280a2b17f17', 'framework:continent:africa:d14fc0b285b2']",5,['Anambra'],supported,anambra,Anambra,['Anambra'],parent label matches normalized baseline,['NG004010'],unique normalized current name/explicit alias,"[{'current_name': 'Idemili North', 'current_pcode': 'NG004010', 'current_parent': 'Anambra', 'parent_pcode': 'NG004', 'valid_on': '2019-04-17', 'area_km2': 132.40535525, 'component_count': 1, 'WCA_point_count_by_code': 0, 'WCA_point_count_name_parent_candidate': 15, 'WCA_crosswalk_method': 'normalized ADM2+ADM1 labels; code-vintage mismatch candidate', 'WCA_points_inside_current_geometry': 15, 'WCA_same_code_points_outside_geometry': 0, 'Senegal_2017_OCHA_points_by_code': 0, 'Senegal_2017_points_inside_current_geometry': 0, 'admin_capital_records': 1, 'admin_capital_match_method': 'normalized ADM2+ADM1 name candidate; source-code vintage differs', 'admin_capital_exact_code_records': 0, 'admin_capital_name_parent_candidate_records': 1}]",6,"{'current_name': 'Idemili North', 'current_pcode': 'NG004010', 'intersection_km2': 104.572959, 'legacy_coverage_pct': 82.15586, 'screen_only': True}",0,15,0,0,"[{'name': 'Uke', 'coordinates_lon_lat': [6.920235, 6.104633], 'adm_p_lvl': 2, 'admin2_name': 'Idemili North', 'admin2_pcode': 'NG0410', 'admin1_name': 'Anambra', 'admin1_pcode': 'NG04', 'valid_on': '2019-04-17', 'match_method': 'normalized ADM2+ADM1 name candidate; source-code vintage differs', 'capital_point_in_candidate_geometry': True}]",insufficient-evidence,['physical land/island completeness and current settlement completeness remain unverified'],Pinned source role 'Local Government Areas' is independently represented as COD-AB ADM2 for these features; source role and administrative level alone do not certify tier purpose or physical extent.,"Source name/code, administration and settlement screens remain separate. No political title, full settlement population, complete land/island footprint, or region approval is inferred."
gb:NGA:ADM2:59680162B93423525469915,Etche,Nigeria,gb:NGA:ADM2,2022,59680162B93423525469915,Etche,Local Government Areas,ADM2,NGA,,Polygon,True,1,True,774,framework:province:rivers:00c506c91c8a,framework:province:rivers:00c506c91c8a,"['framework:province:rivers:00c506c91c8a', 'framework:area:nigeria:13573928575a', 'framework:region:west-tropical-africa:ba6e06497098', 'framework:subcontinent:western-africa:6280a2b17f17', 'framework:continent:africa:d14fc0b285b2']",5,['Rivers'],supported,rivers,Rivers,['Rivers'],parent label matches normalized baseline,['NG033011'],unique normalized current name/explicit alias,"[{'current_name': 'Etche', 'current_pcode': 'NG033011', 'current_parent': 'Rivers', 'parent_pcode': 'NG033', 'valid_on': '2019-04-17', 'area_km2': 815.82754508, 'component_count': 1, 'WCA_point_count_by_code': 0, 'WCA_point_count_name_parent_candidate': 53, 'WCA_crosswalk_method': 'normalized ADM2+ADM1 labels; code-vintage mismatch candidate', 'WCA_points_inside_current_geometry': 53, 'WCA_same_code_points_outside_geometry': 0, 'Senegal_2017_OCHA_points_by_code': 0, 'Senegal_2017_points_inside_current_geometry': 0, 'admin_capital_records': 1, 'admin_capital_match_method': 'normalized ADM2+ADM1 name candidate; source-code vintage differs', 'admin_capital_exact_code_records': 0, 'admin_capital_name_parent_candidate_records': 1}]",8,"{'current_name': 'Etche', 'current_pcode': 'NG033011', 'intersection_km2': 753.286292, 'legacy_coverage_pct': 92.77654, 'screen_only': True}",0,53,0,0,"[{'name': 'Okehi', 'coordinates_lon_lat': [7.135654, 5.136058], 'adm_p_lvl': 2, 'admin2_name': 'Etche', 'admin2_pcode': 'NG3311', 'admin1_name': 'Rivers', 'admin1_pcode': 'NG33', 'valid_on': '2019-04-17', 'match_method': 'normalized ADM2+ADM1 name candidate; source-code vintage differs', 'capital_point_in_candidate_geometry': True}]",insufficient-evidence,['physical land/island completeness and current settlement completeness remain unverified'],Pinned source role 'Local Government Areas' is independently represented as COD-AB ADM2 for these features; source role and administrative level alone do not certify tier purpose or physical extent.,"Source name/code, administration and settlement screens remain separate. No political title, full settlement population, complete land/island footprint, or region approval is inferred."
gb:NGA:ADM2:59680162B9357675593038,Ikole,Nigeria,gb:NGA:ADM2,2022,59680162B9357675593038,Ikole,Local Government Areas,ADM2,NGA,,Polygon,True,1,True,774,framework:province:ekiti:1dc223e0cd0e,framework:province:ekiti:1dc223e0cd0e,"['framework:province:ekiti:1dc223e0cd0e', 'framework:area:nigeria:13573928575a', 'framework:region:west-tropical-africa:ba6e06497098', 'framework:subcontinent:western-africa:6280a2b17f17', 'framework:continent:africa:d14fc0b285b2']",5,['Ekiti'],supported,ekiti,Ekiti,['Ekiti'],parent label matches normalized baseline,['NG013011'],unique normalized current name/explicit alias,"[{'current_name': 'Ikole', 'current_pcode': 'NG013011', 'current_parent': 'Ekiti', 'parent_pcode': 'NG013', 'valid_on': '2019-04-17', 'area_km2': 1070.20726031, 'component_count': 1, 'WCA_point_count_by_code': 0, 'WCA_point_count_name_parent_candidate': 30, 'WCA_crosswalk_method': 'normalized ADM2+ADM1 labels; code-vintage mismatch candidate', 'WCA_points_inside_current_geometry': 30, 'WCA_same_code_points_outside_geometry': 0, 'Senegal_2017_OCHA_points_by_code': 0, 'Senegal_2017_points_inside_current_geometry': 0, 'admin_capital_records': 1, 'admin_capital_match_method': 'normalized ADM2+ADM1 name candidate; source-code vintage differs', 'admin_capital_exact_code_records': 0, 'admin_capital_name_parent_candidate_records': 1}]",7,"{'current_name': 'Ikole', 'current_pcode': 'NG013011', 'intersection_km2': 996.867101, 'legacy_coverage_pct': 96.45414, 'screen_only': True}",0,30,0,0,"[{'name': 'Ikole', 'coordinates_lon_lat': [5.5106, 7.7897], 'adm_p_lvl': 2, 'admin2_name': 'Ikole', 'admin2_pcode': 'NG1311', 'admin1_name': 'Ekiti', 'admin1_pcode': 'NG13', 'valid_on': '2019-04-17', 'match_method': 'normalized ADM2+ADM1 name candidate; source-code vintage differs', 'capital_point_in_candidate_geometry': True}]",insufficient-evidence,['physical land/island completeness and current settlement completeness remain unverified'],Pinned source role 'Local Government Areas' is independently represented as COD-AB ADM2 for these features; source role and administrative level alone do not certify tier purpose or physical extent.,"Source name/code, administration and settlement screens remain separate. No political title, full settlement population, complete land/island footprint, or region approval is inferred."
gb:NGA:ADM2:59680162B93651715341205,Warri North,Nigeria,gb:NGA:ADM2,2022,59680162B93651715341205,Warri North,Local Government Areas,ADM2,NGA,,Polygon,True,1,True,774,framework:province:delta:c9181c18b197,framework:province:delta:c9181c18b197,"['framework:province:delta:c9181c18b197', 'framework:area:nigeria:13573928575a', 'framework:region:west-tropical-africa:ba6e06497098', 'framework:subcontinent:western-africa:6280a2b17f17', 'framework:continent:africa:d14fc0b285b2']",5,['Delta'],supported,delta,Delta,['Delta'],parent label matches normalized baseline,['NG010023'],unique normalized current name/explicit alias,"[{'current_name': 'Warri North', 'current_pcode': 'NG010023', 'current_parent': 'Delta', 'parent_pcode': 'NG010', 'valid_on': '2019-04-17', 'area_km2': 1835.72706489, 'component_count': 1, 'WCA_point_count_by_code': 0, 'WCA_point_count_name_parent_candidate': 145, 'WCA_crosswalk_method': 'normalized ADM2+ADM1 labels; code-vintage mismatch candidate', 'WCA_points_inside_current_geometry': 145, 'WCA_same_code_points_outside_geometry': 0, 'Senegal_2017_OCHA_points_by_code': 0, 'Senegal_2017_points_inside_current_geometry': 0, 'admin_capital_records': 1, 'admin_capital_match_method': 'normalized ADM2+ADM1 name candidate; source-code vintage differs', 'admin_capital_exact_code_records': 0, 'admin_capital_name_parent_candidate_records': 1}]",9,"{'current_name': 'Warri North', 'current_pcode': 'NG010023', 'intersection_km2': 1718.81692, 'legacy_coverage_pct': 78.35208, 'screen_only': True}",0,145,0,0,"[{'name': 'Koko', 'coordinates_lon_lat': [5.467541, 6.001093], 'adm_p_lvl': 2, 'admin2_name': 'Warri North', 'admin2_pcode': 'NG1023', 'admin1_name': 'Delta', 'admin1_pcode': 'NG10', 'valid_on': '2019-04-17', 'match_method': 'normalized ADM2+ADM1 name candidate; source-code vintage differs', 'capital_point_in_candidate_geometry': True}]",insufficient-evidence,['physical land/island completeness and current settlement completeness remain unverified'],Pinned source role 'Local Government Areas' is independently represented as COD-AB ADM2 for these features; source role and administrative level alone do not certify tier purpose or physical extent.,"Source name/code, administration and settlement screens remain separate. No political title, full settlement population, complete land/island footprint, or region approval is inferred."
gb:NGA:ADM2:59680162B93998087230069,Bosso,Nigeria,gb:NGA:ADM2,2022,59680162B93998087230069,Bosso,Local Government Areas,ADM2,NGA,,Polygon,True,1,True,774,framework:province:niger:76d278c157e8,framework:province:niger:76d278c157e8,"['framework:province:niger:76d278c157e8', 'framework:area:nigeria:13573928575a', 'framework:region:west-tropical-africa:ba6e06497098', 'framework:subcontinent:western-africa:6280a2b17f17', 'framework:continent:africa:d14fc0b285b2']",5,['Niger'],supported,niger,Niger,['Niger'],parent label matches normalized baseline,['NG027005'],unique normalized current name/explicit alias,"[{'current_name': 'Bosso', 'current_pcode': 'NG027005', 'current_parent': 'Niger', 'parent_pcode': 'NG027', 'valid_on': '2019-04-17', 'area_km2': 1519.70633458, 'component_count': 1, 'WCA_point_count_by_code': 0, 'WCA_point_count_name_parent_candidate': 59, 'WCA_crosswalk_method': 'normalized ADM2+ADM1 labels; code-vintage mismatch candidate', 'WCA_points_inside_current_geometry': 59, 'WCA_same_code_points_outside_geometry': 0, 'Senegal_2017_OCHA_points_by_code': 0, 'Senegal_2017_points_inside_current_geometry': 0, 'admin_capital_records': 1, 'admin_capital_match_method': 'normalized ADM2+ADM1 name candidate; source-code vintage differs', 'admin_capital_exact_code_records': 0, 'admin_capital_name_parent_candidate_records': 1}]",8,"{'current_name': 'Bosso', 'current_pcode': 'NG027005', 'intersection_km2': 1364.363445, 'legacy_coverage_pct': 71.22118, 'screen_only': True}",0,59,0,0,"[{'name': 'Bosso', 'coordinates_lon_lat': [6.516111, 9.653333], 'adm_p_lvl': 2, 'admin2_name': 'Bosso', 'admin2_pcode': 'NG2705', 'admin1_name': 'Niger', 'admin1_pcode': 'NG27', 'valid_on': '2019-04-17', 'match_method': 'normalized ADM2+ADM1 name candidate; source-code vintage differs', 'capital_point_in_candidate_geometry': True}]",insufficient-evidence,['physical land/island completeness and current settlement completeness remain unverified'],Pinned source role 'Local Government Areas' is independently represented as COD-AB ADM2 for these features; source role and administrative level alone do not certify tier purpose or physical extent.,"Source name/code, administration and settlement screens remain separate. No political title, full settlement population, complete land/island footprint, or region approval is inferred."
gb:NGA:ADM2:59680162B94034829608504,Ise/Orun,Nigeria,gb:NGA:ADM2,2022,59680162B94034829608504,Ise/Orun,Local Government Areas,ADM2,NGA,,Polygon,True,1,True,774,framework:province:ekiti:1dc223e0cd0e,framework:province:ekiti:1dc223e0cd0e,"['framework:province:ekiti:1dc223e0cd0e', 'framework:area:nigeria:13573928575a', 'framework:region:west-tropical-africa:ba6e06497098', 'framework:subcontinent:western-africa:6280a2b17f17', 'framework:continent:africa:d14fc0b285b2']",5,['Ekiti'],supported,ekiti,Ekiti,['Ekiti'],parent label matches normalized baseline,['NG013014'],unique normalized current name/explicit alias,"[{'current_name': 'Ise/Orun', 'current_pcode': 'NG013014', 'current_parent': 'Ekiti', 'parent_pcode': 'NG013', 'valid_on': '2019-04-17', 'area_km2': 413.83142292, 'component_count': 1, 'WCA_point_count_by_code': 0, 'WCA_point_count_name_parent_candidate': 32, 'WCA_crosswalk_method': 'normalized ADM2+ADM1 labels; code-vintage mismatch candidate', 'WCA_points_inside_current_geometry': 32, 'WCA_same_code_points_outside_geometry': 0, 'Senegal_2017_OCHA_points_by_code': 0, 'Senegal_2017_points_inside_current_geometry': 0, 'admin_capital_records': 1, 'admin_capital_match_method': 'normalized ADM2+ADM1 name candidate; source-code vintage differs', 'admin_capital_exact_code_records': 0, 'admin_capital_name_parent_candidate_records': 1}]",6,"{'current_name': 'Ise/Orun', 'current_pcode': 'NG013014', 'intersection_km2': 388.056255, 'legacy_coverage_pct': 90.54004, 'screen_only': True}",0,32,0,0,"[{'name': 'Ise-Ekiti', 'coordinates_lon_lat': [5.4281, 7.4632], 'adm_p_lvl': 2, 'admin2_name': 'Ise/Orun', 'admin2_pcode': 'NG1314', 'admin1_name': 'Ekiti', 'admin1_pcode': 'NG13', 'valid_on': '2019-04-17', 'match_method': 'normalized ADM2+ADM1 name candidate; source-code vintage differs', 'capital_point_in_candidate_geometry': True}]",insufficient-evidence,['physical land/island completeness and current settlement completeness remain unverified'],Pinned source role 'Local Government Areas' is independently represented as COD-AB ADM2 for these features; source role and administrative level alone do not certify tier purpose or physical extent.,"Source name/code, administration and settlement screens remain separate. No political title, full settlement population, complete land/island footprint, or region approval is inferred."
gb:NGA:ADM2:59680162B94225169025314,Owerri Municipal,Nigeria,gb:NGA:ADM2,2022,59680162B94225169025314,Owerri Municipal,Local Government Areas,ADM2,NGA,,Polygon,True,1,True,774,framework:province:imo:a94708264d83,framework:province:imo:a94708264d83,"['framework:province:imo:a94708264d83', 'framework:area:nigeria:13573928575a', 'framework:region:west-tropical-africa:ba6e06497098', 'framework:subcontinent:western-africa:6280a2b17f17', 'framework:continent:africa:d14fc0b285b2']",5,['Imo'],supported,imo,Imo,['Imo'],parent label matches normalized baseline,['NG017026'],unique normalized current name/explicit alias,"[{'current_name': 'Owerri-Municipal', 'current_pcode': 'NG017026', 'current_parent': 'Imo', 'parent_pcode': 'NG017', 'valid_on': '2019-04-17', 'area_km2': 56.29551493, 'component_count': 1, 'WCA_point_count_by_code': 0, 'WCA_point_count_name_parent_candidate': 3, 'WCA_crosswalk_method': 'normalized ADM2+ADM1 labels; code-vintage mismatch candidate', 'WCA_points_inside_current_geometry': 3, 'WCA_same_code_points_outside_geometry': 0, 'Senegal_2017_OCHA_points_by_code': 0, 'Senegal_2017_points_inside_current_geometry': 0, 'admin_capital_records': 1, 'admin_capital_match_method': 'normalized ADM2+ADM1 name candidate; source-code vintage differs', 'admin_capital_exact_code_records': 0, 'admin_capital_name_parent_candidate_records': 1}]",3,"{'current_name': 'Owerri-Municipal', 'current_pcode': 'NG017026', 'intersection_km2': 48.477476, 'legacy_coverage_pct': 77.69407, 'screen_only': True}",0,3,0,0,"[{'name': 'Owerri', 'coordinates_lon_lat': [7.030407, 5.483333], 'adm_p_lvl': 1, 'admin2_name': 'Owerri-Municipal', 'admin2_pcode': 'NG1726', 'admin1_name': 'Imo', 'admin1_pcode': 'NG17', 'valid_on': '2019-04-17', 'match_method': 'normalized ADM2+ADM1 name candidate; source-code vintage differs', 'capital_point_in_candidate_geometry': True}]",insufficient-evidence,['physical land/island completeness and current settlement completeness remain unverified'],Pinned source role 'Local Government Areas' is independently represented as COD-AB ADM2 for these features; source role and administrative level alone do not certify tier purpose or physical extent.,"Source name/code, administration and settlement screens remain separate. No political title, full settlement population, complete land/island footprint, or region approval is inferred."
gb:NGA:ADM2:59680162B95103667512911,Kebbe,Nigeria,gb:NGA:ADM2,2022,59680162B95103667512911,Kebbe,Local Government Areas,ADM2,NGA,,Polygon,True,1,True,774,framework:province:sokoto:38a75936a981,framework:province:sokoto:38a75936a981,"['framework:province:sokoto:38a75936a981', 'framework:area:nigeria:13573928575a', 'framework:region:west-tropical-africa:ba6e06497098', 'framework:subcontinent:western-africa:6280a2b17f17', 'framework:continent:africa:d14fc0b285b2']",5,['Sokoto'],supported,sokoto,Sokoto,['Sokoto'],parent label matches normalized baseline,['NG034010'],unique normalized current name/explicit alias,"[{'current_name': 'Kebbe', 'current_pcode': 'NG034010', 'current_parent': 'Sokoto', 'parent_pcode': 'NG034', 'valid_on': '2019-04-17', 'area_km2': 2625.41820592, 'component_count': 1, 'WCA_point_count_by_code': 0, 'WCA_point_count_name_parent_candidate': 145, 'WCA_crosswalk_method': 'normalized ADM2+ADM1 labels; code-vintage mismatch candidate', 'WCA_points_inside_current_geometry': 145, 'WCA_same_code_points_outside_geometry': 0, 'Senegal_2017_OCHA_points_by_code': 0, 'Senegal_2017_points_inside_current_geometry': 0, 'admin_capital_records': 1, 'admin_capital_match_method': 'normalized ADM2+ADM1 name candidate; source-code vintage differs', 'admin_capital_exact_code_records': 0, 'admin_capital_name_parent_candidate_records': 1}]",8,"{'current_name': 'Kebbe', 'current_pcode': 'NG034010', 'intersection_km2': 2079.910227, 'legacy_coverage_pct': 94.50536, 'screen_only': True}",0,145,0,0,"[{'name': 'Kebbe', 'coordinates_lon_lat': [4.735093, 12.128802], 'adm_p_lvl': 2, 'admin2_name': 'Kebbe', 'admin2_pcode': 'NG3410', 'admin1_name': 'Sokoto', 'admin1_pcode': 'NG34', 'valid_on': '2019-04-17', 'match_method': 'normalized ADM2+ADM1 name candidate; source-code vintage differs', 'capital_point_in_candidate_geometry': True}]",insufficient-evidence,['physical land/island completeness and current settlement completeness remain unverified'],Pinned source role 'Local Government Areas' is independently represented as COD-AB ADM2 for these features; source role and administrative level alone do not certify tier purpose or physical extent.,"Source name/code, administration and settlement screens remain separate. No political title, full settlement population, complete land/island footprint, or region approval is inferred."
gb:NGA:ADM2:59680162B95469939765095,Ehime-Mbano,Nigeria,gb:NGA:ADM2,2022,59680162B95469939765095,Ehime-Mbano,Local Government Areas,ADM2,NGA,,Polygon,True,1,True,774,framework:province:imo:a94708264d83,framework:province:imo:a94708264d83,"['framework:province:imo:a94708264d83', 'framework:area:nigeria:13573928575a', 'framework:region:west-tropical-africa:ba6e06497098', 'framework:subcontinent:western-africa:6280a2b17f17', 'framework:continent:africa:d14fc0b285b2']",5,['Imo'],supported,imo,Imo,['Imo'],parent label matches normalized baseline,['NG017003'],unique normalized current name/explicit alias,"[{'current_name': 'Ehime-Mbano', 'current_pcode': 'NG017003', 'current_parent': 'Imo', 'parent_pcode': 'NG017', 'valid_on': '2019-04-17', 'area_km2': 174.29396159, 'component_count': 1, 'WCA_point_count_by_code': 0, 'WCA_point_count_name_parent_candidate': 23, 'WCA_crosswalk_method': 'normalized ADM2+ADM1 labels; code-vintage mismatch candidate', 'WCA_points_inside_current_geometry': 23, 'WCA_same_code_points_outside_geometry': 0, 'Senegal_2017_OCHA_points_by_code': 0, 'Senegal_2017_points_inside_current_geometry': 0, 'admin_capital_records': 1, 'admin_capital_match_method': 'normalized ADM2+ADM1 name candidate; source-code vintage differs', 'admin_capital_exact_code_records': 0, 'admin_capital_name_parent_candidate_records': 1}]",6,"{'current_name': 'Ehime-Mbano', 'current_pcode': 'NG017003', 'intersection_km2': 158.044759, 'legacy_coverage_pct': 82.7921, 'screen_only': True}",0,23,0,0,"[{'name': 'Umueze', 'coordinates_lon_lat': [7.305403, 5.632472], 'adm_p_lvl': 2, 'admin2_name': 'Ehime-Mbano', 'admin2_pcode': 'NG1703', 'admin1_name': 'Imo', 'admin1_pcode': 'NG17', 'valid_on': '2019-04-17', 'match_method': 'normalized ADM2+ADM1 name candidate; source-code vintage differs', 'capital_point_in_candidate_geometry': True}]",insufficient-evidence,['physical land/island completeness and current settlement completeness remain unverified'],Pinned source role 'Local Government Areas' is independently represented as COD-AB ADM2 for these features; source role and administrative level alone do not certify tier purpose or physical extent.,"Source name/code, administration and settlement screens remain separate. No political title, full settlement population, complete land/island footprint, or region approval is inferred."
gb:NGA:ADM2:59680162B9558481059390,Burutu,Nigeria,gb:NGA:ADM2,2022,59680162B9558481059390,Burutu,Local Government Areas,ADM2,NGA,,MultiPolygon,True,2,True,774,framework:province:delta:c9181c18b197,framework:province:delta:c9181c18b197,"['framework:province:delta:c9181c18b197', 'framework:area:nigeria:13573928575a', 'framework:region:west-tropical-africa:ba6e06497098', 'framework:subcontinent:western-africa:6280a2b17f17', 'framework:continent:africa:d14fc0b285b2']",5,['Delta'],supported,delta,Delta,['Delta'],parent label matches normalized baseline,['NG010004'],unique normalized current name/explicit alias,"[{'current_name': 'Burutu', 'current_pcode': 'NG010004', 'current_parent': 'Delta', 'parent_pcode': 'NG010', 'valid_on': '2019-04-17', 'area_km2': 1933.58568809, 'component_count': 1, 'WCA_point_count_by_code': 0, 'WCA_point_count_name_parent_candidate': 225, 'WCA_crosswalk_method': 'normalized ADM2+ADM1 labels; code-vintage mismatch candidate', 'WCA_points_inside_current_geometry': 225, 'WCA_same_code_points_outside_geometry': 0, 'Senegal_2017_OCHA_points_by_code': 0, 'Senegal_2017_points_inside_current_geometry': 0, 'admin_capital_records': 1, 'admin_capital_match_method': 'normalized ADM2+ADM1 name candidate; source-code vintage differs', 'admin_capital_exact_code_records': 0, 'admin_capital_name_parent_candidate_records': 1}]",5,"{'current_name': 'Burutu', 'current_pcode': 'NG010004', 'intersection_km2': 1747.692236, 'legacy_coverage_pct': 97.40433, 'screen_only': True}",0,225,0,0,"[{'name': 'Burutu', 'coordinates_lon_lat': [5.507585, 5.350908], 'adm_p_lvl': 2, 'admin2_name': 'Burutu', 'admin2_pcode': 'NG1004', 'admin1_name': 'Delta', 'admin1_pcode': 'NG10', 'valid_on': '2019-04-17', 'match_method': 'normalized ADM2+ADM1 name candidate; source-code vintage differs', 'capital_point_in_candidate_geometry': True}]",insufficient-evidence,['physical land/island completeness and current settlement completeness remain unverified'],Pinned source role 'Local Government Areas' is independently represented as COD-AB ADM2 for these features; source role and administrative level alone do not certify tier purpose or physical extent.,"Source name/code, administration and settlement screens remain separate. No political title, full settlement population, complete land/island footprint, or region approval is inferred."
gb:NGA:ADM2:59680162B96484505623852,Bida,Nigeria,gb:NGA:ADM2,2022,59680162B96484505623852,Bida,Local Government Areas,ADM2,NGA,,Polygon,True,1,True,774,framework:province:niger:76d278c157e8,framework:province:niger:76d278c157e8,"['framework:province:niger:76d278c157e8', 'framework:area:nigeria:13573928575a', 'framework:region:west-tropical-africa:ba6e06497098', 'framework:subcontinent:western-africa:6280a2b17f17', 'framework:continent:africa:d14fc0b285b2']",5,['Niger'],supported,niger,Niger,['Niger'],parent label matches normalized baseline,['NG027003'],unique normalized current name/explicit alias,"[{'current_name': 'Bida', 'current_pcode': 'NG027003', 'current_parent': 'Niger', 'parent_pcode': 'NG027', 'valid_on': '2019-04-17', 'area_km2': 52.10637694, 'component_count': 1, 'WCA_point_count_by_code': 0, 'WCA_point_count_name_parent_candidate': 1, 'WCA_crosswalk_method': 'normalized ADM2+ADM1 labels; code-vintage mismatch candidate', 'WCA_points_inside_current_geometry': 1, 'WCA_same_code_points_outside_geometry': 0, 'Senegal_2017_OCHA_points_by_code': 0, 'Senegal_2017_points_inside_current_geometry': 0, 'admin_capital_records': 1, 'admin_capital_match_method': 'normalized ADM2+ADM1 name candidate; source-code vintage differs', 'admin_capital_exact_code_records': 0, 'admin_capital_name_parent_candidate_records': 1}]",3,"{'current_name': 'Mokwa', 'current_pcode': 'NG027017', 'intersection_km2': 388.064432, 'legacy_coverage_pct': 55.82075, 'screen_only': True}",0,1,0,0,"[{'name': 'Bida', 'coordinates_lon_lat': [6.016667, 9.083333], 'adm_p_lvl': 2, 'admin2_name': 'Bida', 'admin2_pcode': 'NG2703', 'admin1_name': 'Niger', 'admin1_pcode': 'NG27', 'valid_on': '2019-04-17', 'match_method': 'normalized ADM2+ADM1 name candidate; source-code vintage differs', 'capital_point_in_candidate_geometry': True}]",insufficient-evidence,['physical land/island completeness and current settlement completeness remain unverified'],Pinned source role 'Local Government Areas' is independently represented as COD-AB ADM2 for these features; source role and administrative level alone do not certify tier purpose or physical extent.,"Source name/code, administration and settlement screens remain separate. No political title, full settlement population, complete land/island footprint, or region approval is inferred."
gb:NGA:ADM2:59680162B96723309662383,Aboh-Mbaise,Nigeria,gb:NGA:ADM2,2022,59680162B96723309662383,Aboh-Mbaise,Local Government Areas,ADM2,NGA,,Polygon,True,1,True,774,framework:province:imo:a94708264d83,framework:province:imo:a94708264d83,"['framework:province:imo:a94708264d83', 'framework:area:nigeria:13573928575a', 'framework:region:west-tropical-africa:ba6e06497098', 'framework:subcontinent:western-africa:6280a2b17f17', 'framework:continent:africa:d14fc0b285b2']",5,['Imo'],supported,imo,Imo,['Imo'],parent label matches normalized baseline,['NG017001'],unique normalized current name/explicit alias,"[{'current_name': 'Aboh-Mbaise', 'current_pcode': 'NG017001', 'current_parent': 'Imo', 'parent_pcode': 'NG017', 'valid_on': '2019-04-17', 'area_km2': 176.202664, 'component_count': 1, 'WCA_point_count_by_code': 0, 'WCA_point_count_name_parent_candidate': 14, 'WCA_crosswalk_method': 'normalized ADM2+ADM1 labels; code-vintage mismatch candidate', 'WCA_points_inside_current_geometry': 14, 'WCA_same_code_points_outside_geometry': 0, 'Senegal_2017_OCHA_points_by_code': 0, 'Senegal_2017_points_inside_current_geometry': 0, 'admin_capital_records': 0, 'admin_capital_match_method': 'no capital record candidate', 'admin_capital_exact_code_records': 0, 'admin_capital_name_parent_candidate_records': 0}]",8,"{'current_name': 'Aboh-Mbaise', 'current_pcode': 'NG017001', 'intersection_km2': 156.316684, 'legacy_coverage_pct': 85.41248, 'screen_only': True}",0,14,0,0,[],insufficient-evidence,['physical land/island completeness and current settlement completeness remain unverified'],Pinned source role 'Local Government Areas' is independently represented as COD-AB ADM2 for these features; source role and administrative level alone do not certify tier purpose or physical extent.,"Source name/code, administration and settlement screens remain separate. No political title, full settlement population, complete land/island footprint, or region approval is inferred."
gb:NGA:ADM2:59680162B96995039930644,Dange Shuni,Nigeria,gb:NGA:ADM2,2022,59680162B96995039930644,Dange Shuni,Local Government Areas,ADM2,NGA,,Polygon,True,1,True,774,framework:province:sokoto:38a75936a981,framework:province:sokoto:38a75936a981,"['framework:province:sokoto:38a75936a981', 'framework:area:nigeria:13573928575a', 'framework:region:west-tropical-africa:ba6e06497098', 'framework:subcontinent:western-africa:6280a2b17f17', 'framework:continent:africa:d14fc0b285b2']",5,['Sokoto'],supported,sokoto,Sokoto,['Sokoto'],parent label matches normalized baseline,['NG034003'],unique normalized current name/explicit alias,"[{'current_name': 'Dange-Shuni', 'current_pcode': 'NG034003', 'current_parent': 'Sokoto', 'parent_pcode': 'NG034', 'valid_on': '2019-04-17', 'area_km2': 1133.80517755, 'component_count': 1, 'WCA_point_count_by_code': 0, 'WCA_point_count_name_parent_candidate': 101, 'WCA_crosswalk_method': 'normalized ADM2+ADM1 labels; code-vintage mismatch candidate', 'WCA_points_inside_current_geometry': 101, 'WCA_same_code_points_outside_geometry': 0, 'Senegal_2017_OCHA_points_by_code': 0, 'Senegal_2017_points_inside_current_geometry': 0, 'admin_capital_records': 1, 'admin_capital_match_method': 'normalized ADM2+ADM1 name candidate; source-code vintage differs', 'admin_capital_exact_code_records': 0, 'admin_capital_name_parent_candidate_records': 1}]",7,"{'current_name': 'Dange-Shuni', 'current_pcode': 'NG034003', 'intersection_km2': 997.9345, 'legacy_coverage_pct': 88.6575, 'screen_only': True}",0,101,0,0,"[{'name': 'Dange', 'coordinates_lon_lat': [5.347046, 12.851278], 'adm_p_lvl': 2, 'admin2_name': 'Dange-Shuni', 'admin2_pcode': 'NG3403', 'admin1_name': 'Sokoto', 'admin1_pcode': 'NG34', 'valid_on': '2019-04-17', 'match_method': 'normalized ADM2+ADM1 name candidate; source-code vintage differs', 'capital_point_in_candidate_geometry': True}]",insufficient-evidence,['physical land/island completeness and current settlement completeness remain unverified'],Pinned source role 'Local Government Areas' is independently represented as COD-AB ADM2 for these features; source role and administrative level alone do not certify tier purpose or physical extent.,"Source name/code, administration and settlement screens remain separate. No political title, full settlement population, complete land/island footprint, or region approval is inferred."
gb:NGA:ADM2:59680162B97170897047692,Ekiti East,Nigeria,gb:NGA:ADM2,2022,59680162B97170897047692,Ekiti East,Local Government Areas,ADM2,NGA,,Polygon,True,1,True,774,framework:province:ekiti:1dc223e0cd0e,framework:province:ekiti:1dc223e0cd0e,"['framework:province:ekiti:1dc223e0cd0e', 'framework:area:nigeria:13573928575a', 'framework:region:west-tropical-africa:ba6e06497098', 'framework:subcontinent:western-africa:6280a2b17f17', 'framework:continent:africa:d14fc0b285b2']",5,['Ekiti'],supported,ekiti,Ekiti,['Ekiti'],parent label matches normalized baseline,['NG013004'],unique normalized current name/explicit alias,"[{'current_name': 'Ekiti East', 'current_pcode': 'NG013004', 'current_parent': 'Ekiti', 'parent_pcode': 'NG013', 'valid_on': '2019-04-17', 'area_km2': 314.46100676, 'component_count': 1, 'WCA_point_count_by_code': 0, 'WCA_point_count_name_parent_candidate': 9, 'WCA_crosswalk_method': 'normalized ADM2+ADM1 labels; code-vintage mismatch candidate', 'WCA_points_inside_current_geometry': 9, 'WCA_same_code_points_outside_geometry': 0, 'Senegal_2017_OCHA_points_by_code': 0, 'Senegal_2017_points_inside_current_geometry': 0, 'admin_capital_records': 1, 'admin_capital_match_method': 'normalized ADM2+ADM1 name candidate; source-code vintage differs', 'admin_capital_exact_code_records': 0, 'admin_capital_name_parent_candidate_records': 1}]",5,"{'current_name': 'Ekiti East', 'current_pcode': 'NG013004', 'intersection_km2': 294.959771, 'legacy_coverage_pct': 97.20023, 'screen_only': True}",0,9,0,0,"[{'name': 'Omuo-Ekiti', 'coordinates_lon_lat': [5.7228, 7.75733], 'adm_p_lvl': 2, 'admin2_name': 'Ekiti East', 'admin2_pcode': 'NG1304', 'admin1_name': 'Ekiti', 'admin1_pcode': 'NG13', 'valid_on': '2019-04-17', 'match_method': 'normalized ADM2+ADM1 name candidate; source-code vintage differs', 'capital_point_in_candidate_geometry': True}]",insufficient-evidence,['physical land/island completeness and current settlement completeness remain unverified'],Pinned source role 'Local Government Areas' is independently represented as COD-AB ADM2 for these features; source role and administrative level alone do not certify tier purpose or physical extent.,"Source name/code, administration and settlement screens remain separate. No political title, full settlement population, complete land/island footprint, or region approval is inferred."
gb:NGA:ADM2:59680162B97377368460903,Anambra West,Nigeria,gb:NGA:ADM2,2022,59680162B97377368460903,Anambra West,Local Government Areas,ADM2,NGA,,Polygon,True,1,True,774,framework:province:anambra:60457f483104,framework:province:anambra:60457f483104,"['framework:province:anambra:60457f483104', 'framework:area:nigeria:13573928575a', 'framework:region:west-tropical-africa:ba6e06497098', 'framework:subcontinent:western-africa:6280a2b17f17', 'framework:continent:africa:d14fc0b285b2']",5,['Anambra'],supported,anambra,Anambra,['Anambra'],parent label matches normalized baseline,['NG004003'],unique normalized current name/explicit alias,"[{'current_name': 'Anambra West', 'current_pcode': 'NG004003', 'current_parent': 'Anambra', 'parent_pcode': 'NG004', 'valid_on': '2019-04-17', 'area_km2': 953.64598908, 'component_count': 1, 'WCA_point_count_by_code': 0, 'WCA_point_count_name_parent_candidate': 26, 'WCA_crosswalk_method': 'normalized ADM2+ADM1 labels; code-vintage mismatch candidate', 'WCA_points_inside_current_geometry': 26, 'WCA_same_code_points_outside_geometry': 0, 'Senegal_2017_OCHA_points_by_code': 0, 'Senegal_2017_points_inside_current_geometry': 0, 'admin_capital_records': 1, 'admin_capital_match_method': 'normalized ADM2+ADM1 name candidate; source-code vintage differs', 'admin_capital_exact_code_records': 0, 'admin_capital_name_parent_candidate_records': 1}]",7,"{'current_name': 'Anambra West', 'current_pcode': 'NG004003', 'intersection_km2': 568.675612, 'legacy_coverage_pct': 96.48272, 'screen_only': True}",0,26,0,0,"[{'name': 'Nzam', 'coordinates_lon_lat': [6.729249, 6.454111], 'adm_p_lvl': 2, 'admin2_name': 'Anambra West', 'admin2_pcode': 'NG0403', 'admin1_name': 'Anambra', 'admin1_pcode': 'NG04', 'valid_on': '2019-04-17', 'match_method': 'normalized ADM2+ADM1 name candidate; source-code vintage differs', 'capital_point_in_candidate_geometry': True}]",insufficient-evidence,['physical land/island completeness and current settlement completeness remain unverified'],Pinned source role 'Local Government Areas' is independently represented as COD-AB ADM2 for these features; source role and administrative level alone do not certify tier purpose or physical extent.,"Source name/code, administration and settlement screens remain separate. No political title, full settlement population, complete land/island footprint, or region approval is inferred."
gb:NGA:ADM2:59680162B97395677882832,Ogbaru,Nigeria,gb:NGA:ADM2,2022,59680162B97395677882832,Ogbaru,Local Government Areas,ADM2,NGA,,Polygon,True,1,True,774,framework:province:anambra:60457f483104,framework:province:anambra:60457f483104,"['framework:province:anambra:60457f483104', 'framework:area:nigeria:13573928575a', 'framework:region:west-tropical-africa:ba6e06497098', 'framework:subcontinent:western-africa:6280a2b17f17', 'framework:continent:africa:d14fc0b285b2']",5,['Anambra'],supported,anambra,Anambra,['Anambra'],parent label matches normalized baseline,['NG004016'],unique normalized current name/explicit alias,"[{'current_name': 'Ogbaru', 'current_pcode': 'NG004016', 'current_parent': 'Anambra', 'parent_pcode': 'NG004', 'valid_on': '2019-04-17', 'area_km2': 517.7549276, 'component_count': 1, 'WCA_point_count_by_code': 0, 'WCA_point_count_name_parent_candidate': 47, 'WCA_crosswalk_method': 'normalized ADM2+ADM1 labels; code-vintage mismatch candidate', 'WCA_points_inside_current_geometry': 47, 'WCA_same_code_points_outside_geometry': 0, 'Senegal_2017_OCHA_points_by_code': 0, 'Senegal_2017_points_inside_current_geometry': 0, 'admin_capital_records': 1, 'admin_capital_match_method': 'normalized ADM2+ADM1 name candidate; source-code vintage differs', 'admin_capital_exact_code_records': 0, 'admin_capital_name_parent_candidate_records': 1}]",11,"{'current_name': 'Ogbaru', 'current_pcode': 'NG004016', 'intersection_km2': 431.758223, 'legacy_coverage_pct': 89.36616, 'screen_only': True}",0,47,0,0,"[{'name': 'Atani', 'coordinates_lon_lat': [6.744589, 6.015773], 'adm_p_lvl': 2, 'admin2_name': 'Ogbaru', 'admin2_pcode': 'NG0416', 'admin1_name': 'Anambra', 'admin1_pcode': 'NG04', 'valid_on': '2019-04-17', 'match_method': 'normalized ADM2+ADM1 name candidate; source-code vintage differs', 'capital_point_in_candidate_geometry': True}]",insufficient-evidence,['physical land/island completeness and current settlement completeness remain unverified'],Pinned source role 'Local Government Areas' is independently represented as COD-AB ADM2 for these features; source role and administrative level alone do not certify tier purpose or physical extent.,"Source name/code, administration and settlement screens remain separate. No political title, full settlement population, complete land/island footprint, or region approval is inferred."
gb:NGA:ADM2:59680162B99060674505372,Ekwusigo,Nigeria,gb:NGA:ADM2,2022,59680162B99060674505372,Ekwusigo,Local Government Areas,ADM2,NGA,,Polygon,True,1,True,774,framework:province:anambra:60457f483104,framework:province:anambra:60457f483104,"['framework:province:anambra:60457f483104', 'framework:area:nigeria:13573928575a', 'framework:region:west-tropical-africa:ba6e06497098', 'framework:subcontinent:western-africa:6280a2b17f17', 'framework:continent:africa:d14fc0b285b2']",5,['Anambra'],supported,anambra,Anambra,['Anambra'],parent label matches normalized baseline,['NG004009'],unique normalized current name/explicit alias,"[{'current_name': 'Ekwusigo', 'current_pcode': 'NG004009', 'current_parent': 'Anambra', 'parent_pcode': 'NG004', 'valid_on': '2019-04-17', 'area_km2': 121.91754251, 'component_count': 1, 'WCA_point_count_by_code': 0, 'WCA_point_count_name_parent_candidate': 9, 'WCA_crosswalk_method': 'normalized ADM2+ADM1 labels; code-vintage mismatch candidate', 'WCA_points_inside_current_geometry': 9, 'WCA_same_code_points_outside_geometry': 0, 'Senegal_2017_OCHA_points_by_code': 0, 'Senegal_2017_points_inside_current_geometry': 0, 'admin_capital_records': 1, 'admin_capital_match_method': 'normalized ADM2+ADM1 name candidate; source-code vintage differs', 'admin_capital_exact_code_records': 0, 'admin_capital_name_parent_candidate_records': 1}]",5,"{'current_name': 'Ekwusigo', 'current_pcode': 'NG004009', 'intersection_km2': 84.626255, 'legacy_coverage_pct': 70.57475, 'screen_only': True}",0,9,0,0,"[{'name': 'Ekwusigo', 'coordinates_lon_lat': [6.835242, 5.971462], 'adm_p_lvl': 2, 'admin2_name': 'Ekwusigo', 'admin2_pcode': 'NG0409', 'admin1_name': 'Anambra', 'admin1_pcode': 'NG04', 'valid_on': '2019-04-17', 'match_method': 'normalized ADM2+ADM1 name candidate; source-code vintage differs', 'capital_point_in_candidate_geometry': True}]",insufficient-evidence,['physical land/island completeness and current settlement completeness remain unverified'],Pinned source role 'Local Government Areas' is independently represented as COD-AB ADM2 for these features; source role and administrative level alone do not certify tier purpose or physical extent.,"Source name/code, administration and settlement screens remain separate. No political title, full settlement population, complete land/island footprint, or region approval is inferred."
gb:NGA:ADM2:59680162B99262810585367,Ohaji/Egbema,Nigeria,gb:NGA:ADM2,2022,59680162B99262810585367,Ohaji/Egbema,Local Government Areas,ADM2,NGA,,Polygon,True,1,True,774,framework:province:imo:a94708264d83,framework:province:imo:a94708264d83,"['framework:province:imo:a94708264d83', 'framework:area:nigeria:13573928575a', 'framework:region:west-tropical-africa:ba6e06497098', 'framework:subcontinent:western-africa:6280a2b17f17', 'framework:continent:africa:d14fc0b285b2']",5,['Imo'],supported,imo,Imo,['Imo'],parent label matches normalized baseline,['NG017018'],unique normalized current name/explicit alias,"[{'current_name': 'Ohaji/Egbema', 'current_pcode': 'NG017018', 'current_parent': 'Imo', 'parent_pcode': 'NG017', 'valid_on': '2019-04-17', 'area_km2': 895.84869249, 'component_count': 1, 'WCA_point_count_by_code': 0, 'WCA_point_count_name_parent_candidate': 75, 'WCA_crosswalk_method': 'normalized ADM2+ADM1 labels; code-vintage mismatch candidate', 'WCA_points_inside_current_geometry': 75, 'WCA_same_code_points_outside_geometry': 0, 'Senegal_2017_OCHA_points_by_code': 0, 'Senegal_2017_points_inside_current_geometry': 0, 'admin_capital_records': 1, 'admin_capital_match_method': 'normalized ADM2+ADM1 name candidate; source-code vintage differs', 'admin_capital_exact_code_records': 0, 'admin_capital_name_parent_candidate_records': 1}]",8,"{'current_name': 'Ohaji/Egbema', 'current_pcode': 'NG017018', 'intersection_km2': 869.484686, 'legacy_coverage_pct': 92.49176, 'screen_only': True}",0,75,0,0,"[{'name': 'Ose-Mmahu', 'coordinates_lon_lat': [6.725487, 5.539849], 'adm_p_lvl': 2, 'admin2_name': 'Ohaji/Egbema', 'admin2_pcode': 'NG1718', 'admin1_name': 'Imo', 'admin1_pcode': 'NG17', 'valid_on': '2019-04-17', 'match_method': 'normalized ADM2+ADM1 name candidate; source-code vintage differs', 'capital_point_in_candidate_geometry': True}]",insufficient-evidence,['physical land/island completeness and current settlement completeness remain unverified'],Pinned source role 'Local Government Areas' is independently represented as COD-AB ADM2 for these features; source role and administrative level alone do not certify tier purpose or physical extent.,"Source name/code, administration and settlement screens remain separate. No political title, full settlement population, complete land/island footprint, or region approval is inferred."
gb:NGA:ADM2:59680162B99535636657731,Egor,Nigeria,gb:NGA:ADM2,2022,59680162B99535636657731,Egor,Local Government Areas,ADM2,NGA,,Polygon,True,1,True,774,framework:province:edo:837a456ad2ee,framework:province:edo:837a456ad2ee,"['framework:province:edo:837a456ad2ee', 'framework:area:nigeria:13573928575a', 'framework:region:west-tropical-africa:ba6e06497098', 'framework:subcontinent:western-africa:6280a2b17f17', 'framework:continent:africa:d14fc0b285b2']",5,['Edo'],supported,edo,Edo,['Edo'],parent label matches normalized baseline,['NG012002'],unique normalized current name/explicit alias,"[{'current_name': 'Egor', 'current_pcode': 'NG012002', 'current_parent': 'Edo', 'parent_pcode': 'NG012', 'valid_on': '2019-04-17', 'area_km2': 76.11445039, 'component_count': 1, 'WCA_point_count_by_code': 0, 'WCA_point_count_name_parent_candidate': 12, 'WCA_crosswalk_method': 'normalized ADM2+ADM1 labels; code-vintage mismatch candidate', 'WCA_points_inside_current_geometry': 12, 'WCA_same_code_points_outside_geometry': 0, 'Senegal_2017_OCHA_points_by_code': 0, 'Senegal_2017_points_inside_current_geometry': 0, 'admin_capital_records': 1, 'admin_capital_match_method': 'normalized ADM2+ADM1 name candidate; source-code vintage differs', 'admin_capital_exact_code_records': 0, 'admin_capital_name_parent_candidate_records': 1}]",4,"{'current_name': 'Egor', 'current_pcode': 'NG012002', 'intersection_km2': 74.945275, 'legacy_coverage_pct': 80.59088, 'screen_only': True}",0,12,0,0,"[{'name': 'Uselu', 'coordinates_lon_lat': [5.610999, 6.384544], 'adm_p_lvl': 2, 'admin2_name': 'Egor', 'admin2_pcode': 'NG1202', 'admin1_name': 'Edo', 'admin1_pcode': 'NG12', 'valid_on': '2019-04-17', 'match_method': 'normalized ADM2+ADM1 name candidate; source-code vintage differs', 'capital_point_in_candidate_geometry': True}]",insufficient-evidence,['physical land/island completeness and current settlement completeness remain unverified'],Pinned source role 'Local Government Areas' is independently represented as COD-AB ADM2 for these features; source role and administrative level alone do not certify tier purpose or physical extent.,"Source name/code, administration and settlement screens remain separate. No political title, full settlement population, complete land/island footprint, or region approval is inferred."
gb:NGA:ADM2:59680162B99837769325291,Borgu,Nigeria,gb:NGA:ADM2,2022,59680162B99837769325291,Borgu,Local Government Areas,ADM2,NGA,,Polygon,True,1,True,774,framework:province:niger:76d278c157e8,framework:province:niger:76d278c157e8,"['framework:province:niger:76d278c157e8', 'framework:area:nigeria:13573928575a', 'framework:region:west-tropical-africa:ba6e06497098', 'framework:subcontinent:western-africa:6280a2b17f17', 'framework:continent:africa:d14fc0b285b2']",5,['Niger'],supported,niger,Niger,['Niger'],parent label matches normalized baseline,['NG027004'],unique normalized current name/explicit alias,"[{'current_name': 'Borgu', 'current_pcode': 'NG027004', 'current_parent': 'Niger', 'parent_pcode': 'NG027', 'valid_on': '2019-04-17', 'area_km2': 11255.5444346, 'component_count': 1, 'WCA_point_count_by_code': 0, 'WCA_point_count_name_parent_candidate': 315, 'WCA_crosswalk_method': 'normalized ADM2+ADM1 labels; code-vintage mismatch candidate', 'WCA_points_inside_current_geometry': 315, 'WCA_same_code_points_outside_geometry': 0, 'Senegal_2017_OCHA_points_by_code': 0, 'Senegal_2017_points_inside_current_geometry': 0, 'admin_capital_records': 1, 'admin_capital_match_method': 'normalized ADM2+ADM1 name candidate; source-code vintage differs', 'admin_capital_exact_code_records': 0, 'admin_capital_name_parent_candidate_records': 1}]",10,"{'current_name': 'Borgu', 'current_pcode': 'NG027004', 'intersection_km2': 10689.436597, 'legacy_coverage_pct': 99.41554, 'screen_only': True}",0,315,0,0,"[{'name': 'New Bussa', 'coordinates_lon_lat': [4.516667, 9.883333], 'adm_p_lvl': 2, 'admin2_name': 'Borgu', 'admin2_pcode': 'NG2704', 'admin1_name': 'Niger', 'admin1_pcode': 'NG27', 'valid_on': '2019-04-17', 'match_method': 'normalized ADM2+ADM1 name candidate; source-code vintage differs', 'capital_point_in_candidate_geometry': True}]",insufficient-evidence,['physical land/island completeness and current settlement completeness remain unverified'],Pinned source role 'Local Government Areas' is independently represented as COD-AB ADM2 for these features; source role and administrative level alone do not certify tier purpose or physical extent.,"Source name/code, administration and settlement screens remain separate. No political title, full settlement population, complete land/island footprint, or region approval is inferred."
