location_id,location_name,source_layer,source_role,source_candidate_name,source_candidate_pcode,source_component_index,source_component_count,source_geometry_valid,component_area_km2,bbox_lonlat,WCA_points_inside_component_by_name_parent_candidate,WCA_point_names,interpretation
gb:NGA:ADM2:59680162B10831398447622,Wamakko,geoBoundaries NGA ADM2 2022,Local Government Area,Wamakko,,0,1,True,694.283518,"[4.964109868375772, 12.929000001349038, 5.27792141384225, 13.249599480331824]",,,Pinned source component; no independent named-island or complete physical land assessment.
gb:NGA:ADM2:59680162B10831398447622,Wamakko,current OCHA COD-AB NGA ADM2,Local Government Area,Wamako,NG034021,0,1,True,663.354173,"[4.952719608000109, 12.929120860000126, 5.257657551000079, 13.228474477000077]",163,"[""Gurum Zami, River"", ""Gurama"", ""Horo Majakai"", ""Adarawa"", ""Aoarawa"", ""Masawa"", ""Maganawa"", ""Lokobi Magaji"", ""Badu"", ""Badon Gamba"", ""Badu"", ""Badon Baradi"", ""Getere"", ""Gatere"", ""Kaura Abdua"", ""Gidan Ali"", ""Mahaku"", ""Tunga Manomi"", ""Hukuhuko Hill"", ""Yaaba"", ""Kaura Abdua"", ""Illela"", ""Gidan Egu"", ""Kamata"", ""Yarume"", ""Roga Diko"", ""Rumbukawa"", ""Gumbi"", ""Siri Kaduna"", ""Yarume Rafi"", ""Roga Kuka"", ""Tunga Woru"", ""Dan Galadima"", ""Yarume Roga"", ""Fanari Birni"", ""Mankeri"", ""Mankera"", ""Barkeji"", ""Kaura"", ""Fatara"", ""Gumbi"", ""Gumbil"", ""Ronjin Beau"", ""Guruguru Hill"", ""Gwiwa"", ""Baga"", ""Kamata Hill"", ""Arguila Hill"", ""Arguila"", ""Arguila"", ""Jiaoji"", ""Adarawa Hill"", ""Wamako"", ""Wamakka"", ""Boya"", ""Nasarawa"", ""Adarawa"", ""Tunga Baso"", ""Tungan Baso"", ""Adarawa"", ""Gidan Badamfari"", ""Gidan Badanfari"", ""Kalambaina"", ""Kalambayna"", ""Boya Hill"", ""Kaura Kimba"", ""Kaura"", ""Sokoto"", ""Asare"", ""Asara"", ""Kaura"", ""Belo"", ""Gidan Badua"", ""Huchi"", ""Gidan"", ""Gansari"", ""Rima, River"", ""Ilela"", ""Dengkel"", ""Girawsi"", ""Daraye"", ""Maro Marun"", ""Maromarum"", ""Marumaru, River"", ""Jiariaje"", ""Mesiji"", ""Kabawa"", ""Bowen"", ""Gidan-Alkali"", ""Gidan Bubo"", ""Safarawa"", ""Marumaru"", ""Lingo"", ""Ergata Dutse"", ""Gedawa"", ""Gwangfa"", ""Gwomfa"", ""Sabori"", ""Riri Hill"", ""Gidan Gajeri"", ""Gidan-Isa"", ""Gidan Gari Kombola"", ""Kombola"", ""Gidan Gari Kombola"", ""Gidan Gari"", ""Gwangfa Dangara"", ""Ligeri"", ""Dandaye"", ""Gidan Megoyo"", ""Budano Ila"", ""Dundaye"", ""Dandaye"", ""Bendigawa"", ""Gidan Dulu"", ""Samulu"", ""Samalu"", ""Majema"", ""Tudai"", ""Anatudu"", ""Diddiba Tudu"", ""Budano"", ""Bola"", ""Lelabawo"", ""Lelabawa"", ""Dansajori Hill"", ""Gidan Gohe"", ""Kaura"", ""Gidan Danidi"", ""Gumbenawa"", ""Gumborawa"", ""Gumbura"", ""Sakin Doke"", ""Danjawa"", ""Sankoba"", ""Gidan Alkali"", ""Ginega"", ""Daraye Kaura"", ""Daraye Birni"", ""Yerkanta"", ""Kantawa"", ""Runjin Sarkin Noma"", ""Yauwarawa"", ""Gidan Bortal"", ""Kumnawa"", ""Erjabe"", ""Runjin Gazo"", ""Tangwale"", ""Gidan Sala"", ""Gwagware"", ""Ungwa Ruwa"", ""Alibawa"", ""Dambaranga"", ""Danbaranga"", ""Kawa"", ""Gidan Kane"", ""Sirai"", ""Maidawa"", ""Maidaji"", ""Zabarmawa"", ""Kaura Fulani"", ""Gidan-Tambare"", ""Hagelawa"", ""Gidan Zabarmawa""]",Source polygon component; not independently named as an island or proof of complete physical land coverage.
gb:NGA:ADM2:59680162B10854216301983,Ndokwa East,geoBoundaries NGA ADM2 2022,Local Government Area,Ndokwa East,,0,1,True,1597.419831,"[6.310642719286136, 5.303543090841004, 6.719678984997188, 6.013586997741811]",,,Pinned source component; no independent named-island or complete physical land assessment.
gb:NGA:ADM2:59680162B10854216301983,Ndokwa East,current OCHA COD-AB NGA ADM2,Local Government Area,Ndokwa East,NG010011,0,1,True,1609.212158,"[6.325638696000055, 5.304768491000175, 6.719857347000129, 6.020664564000072]",210,"[""Ewhoekone"", ""Ewhoedafeimoni"", ""Iwhrogboko"", ""Ewhoeviri"", ""Ewhoejomane"", ""Egbu"", ""Aworobia"", ""Warri Irri"", ""Onya"", ""Ntezi Camp"", ""Warri"", ""Emadia"", ""Egbeme"", ""Asafo"", ""Egode Camp"", ""Okube Station"", ""Otuoku"", ""Utuoku"", ""Iyedame"", ""Itebiege"", ""Adaiwai"", ""Ibredeni"", ""Adaiwai"", ""Iwhrepanama"", ""Ase"", ""Ibedeni"", ""Okporo Camp"", ""Udhedhe"", ""Umuolo"", ""Ekpe"", ""Azagba Camp"", ""Ukpemo Camp"", ""Capenta Camp"", ""Onogboko"", ""Warri"", ""Iyede Ame"", ""Iyedema"", ""Ewhokpe"", ""Lagos-Iyidi"", ""Okpo-Krika"", ""Azagba"", ""Lagos Iyede-Ame"", ""Akrai"", ""Azagba"", ""Afia-Nkwo"", ""Okoroafor"", ""Ise-Elili"", ""Obodo-Ugboma"", ""Avba"", ""Bomadi Camp"", ""Obodo-Ugbogu"", ""Awah"", ""Obodo-Ichekere-Aku"", ""Azuebor"", ""Ewhogu"", ""Osutu"", ""Umuti"", ""Azu-Aboh"", ""Akarai-Obodo"", ""Abo"", ""Aboh"", ""Ise-Ogwudu"", ""Ise-Abuato"", ""Ise-Owulume"", ""Ise-Edeogbana"", ""Emioko"", ""Ibrede"", ""Iseonukpo"", ""Ugbene"", ""Abawagada"", ""Abawagada 1"", ""Iseogu"", ""Abawagada"", ""Abawagada 2"", ""Ise Abuato"", ""Ise-Owulume"", ""Igbuku"", ""Ononofu"", ""Abawagada"", ""Abawagada 3"", ""Ise Edeugbana"", ""Ushie"", ""Keonokpo"", ""Uchie"", ""Ashaka"", ""Iseede Egerega"", ""Ikegwu"", ""Asemoke"", ""Matre Dei Grammar S"", ""Umugboma"", ""Umugbome Camp"", ""Umuedem Camp"", ""Iseato Camp"", ""Iyom"", ""Akpobo"", ""Isuaja Camp"", ""Ufulu"", ""Isoba Camp"", ""Okpai"", ""Akasia Akpo Camp"", ""Onutuo Yibo"", ""Anieze Camp"", ""Ewelem Camp"", ""Akposo Camp"", ""Uchi"", ""Ekpete Oma Camp"", ""Umugbona"", ""Boni"", ""Itifuru Camp"", ""Obodo Oyibo"", ""Enyuku Camp"", ""Onyinyiwu"", ""Anieze"", ""Egwuali Camp"", ""Umuedim"", ""Umuodim"", ""Akashakpu"", ""Itsekiri Camp"", ""Asikpai"", ""Ibusa"", ""Itsekiri Camp"", ""Oshede Camp"", ""Okwor Camp"", ""Umu-Agulu"", ""Umuachi Afor"", ""Umuachi-Ator"", ""Asaba Okpai"", ""Utah Camp"", ""Obeze"", ""Akpununu"", ""Ekuku"", ""Obi-Usuani"", ""Anuabo"", ""Inyi Creek"", ""Mgbalagwu Camp"", ""Abara Uno"", ""Isetegu"", ""Iselegu"", ""Akunor Camp"", ""Aguetiti I"", ""Umueche"", ""Aguetiti Ii"", ""Ikpaka"", ""Akpaekwe Camp"", ""Aguetiti Iii"", ""Utchi"", ""Aguetiti Iv"", ""Ozala Camp"", ""Akpuwunu"", ""Inyi"", ""Obikwele"", ""Obikwere"", ""Ugboaba Camp"", ""Umoni, River"", ""Ogwashi"", ""Ezeagba Camp"", ""Pata Iii"", ""Obiofu"", ""Pata Ii"", ""Ogwashi"", ""Ozala"", ""Pata I"", ""Umuoga Yam"", ""Obe Otwu"", ""Umueche"", ""Mili Uru"", ""Azogba"", ""Awulu"", ""Umueze-Inyi"", ""Umuobhi"", ""Umudike"", ""Utchi"", ""Owele-Utchi"", ""Inyi"", ""Umuogwaye Quarters"", ""Umuleke-Ossissa"", ""Umuleke Ossisa"", ""Umuekete Quarters"", ""Ogbete"", ""Umuegim Quarters"", ""Uchi Quarters"", ""Umuogbebulu"", ""Umuokolo"", ""Onuiyi Isiagu"", ""Ossissa"", ""Ossissa-Stat"", ""Ogbetiti"", ""Okumemede"", ""Asaba-Utchi"", ""Ossomari"", ""Iselebegu-Isagu"", ""Umueze"", ""Osi Mili"", ""Adofi River"", ""Adofi"", ""Kemerun"", ""Abar-Ossimilli"", ""Abuato Confluence"", ""Obom Camp"", ""Osimili"", ""Abara Osimili"", ""Ossimilli"", ""Abara Uno"", ""Abarra"", ""Ezute"", ""Obode"", ""Okogbele"", ""Abara"", ""Abalia"", ""Abala""]",Source polygon component; not independently named as an island or proof of complete physical land coverage.
gb:NGA:ADM2:59680162B11133908611483,Nwangele,geoBoundaries NGA ADM2 2022,Local Government Area,Nwangele,,0,1,True,71.676375,"[7.068025483589224, 5.654597620783647, 7.18969015237866, 5.749031210122325]",,,Pinned source component; no independent named-island or complete physical land assessment.
gb:NGA:ADM2:59680162B11133908611483,Nwangele,current OCHA COD-AB NGA ADM2,Local Government Area,Nwangele,NG017015,0,1,True,69.645218,"[7.074906777000024, 5.660383257000149, 7.17704343500003, 5.756278917000088]",9,"[""Agbaja-Isu"", ""Umu Kabia"", ""Umu-Ezoalo-Ofor"", ""Umu-Ezeala Ofor"", ""Umu-Abiala"", ""Obolo"", ""Abor Isu"", ""Amibo"", ""Umu-Ozu-Isu""]",Source polygon component; not independently named as an island or proof of complete physical land coverage.
gb:NGA:ADM2:59680162B11863934245151,Ankpa,geoBoundaries NGA ADM2 2022,Local Government Area,Ankpa,,0,1,True,1286.822491,"[7.368140411850561, 7.288592815606023, 7.802608319718217, 7.708192348098407]",,,Pinned source component; no independent named-island or complete physical land assessment.
gb:NGA:ADM2:59680162B11863934245151,Ankpa,current OCHA COD-AB NGA ADM2,Local Government Area,Ankpa,NG023003,0,1,True,1281.440481,"[7.401579297000183, 7.288592812000161, 7.835838245, 7.705049601999974]",42,"[""Gidan Alkuru"", ""Okenyi"", ""Oken"", ""Abo"", ""Abachi"", ""Abache"", ""Agbachi"", ""Aku"", ""Aka"", ""Ogodo"", ""Ankpa"", ""Ank"", ""Okaba"", ""Emere"", ""Ameri"", ""Okobo"", ""Uboko"", ""Emabo"", ""Amabo"", ""Amabu"", ""Aguma"", ""Enjema"", ""Adagba"", ""Ajeke"", ""Hoche"", ""Hache"", ""Gwoche"", ""Gota"", ""Olufofo"", ""Afogamgam"", ""Otugo"", ""Inye"", ""Ainya"", ""Ogudobono"", ""Oguaobono"", ""Ogudbono"", ""Ika"", ""Gidan Aka"", ""Giddan Akka"", ""Kasuan Awuru"", ""Awulu"", ""Ogboyoga""]",Source polygon component; not independently named as an island or proof of complete physical land coverage.
gb:NGA:ADM2:59680162B12426298681132,Tsafe,geoBoundaries NGA ADM2 2022,Local Government Area,Tsafe,,0,1,True,1932.083986,"[6.664810596032225, 11.541955948708107, 7.246568182575629, 12.10515418571714]",,,Pinned source component; no independent named-island or complete physical land assessment.
gb:NGA:ADM2:59680162B12426298681132,Tsafe,current OCHA COD-AB NGA ADM2,Local Government Area,Tsafe,NG037013,0,1,True,1810.185555,"[6.696318354000027, 11.541955909000023, 7.241856941000094, 12.109912846999975]",182,"[""Rusu Hill"", ""Tudun Bakin Gulbi"", ""Dutsin Kura Sauri"", ""Dutsin Kura"", ""Munhaye"", ""Ungwan Bagini"", ""Sauri Hill"", ""Unguwar Kaura"", ""Kaura"", ""Ungwan Kaura"", ""Samri"", ""Sauri"", ""Kunsinshaya"", ""Ungwan Chinya"", ""Ungwan Adan"", ""Doka"", ""Konkomba"", ""Konkomba"", ""Konkomba, River"", ""Ungwan Kane"", ""Babampa"", ""Babompa"", ""Kagana"", ""Dankada"", ""Kutcheri"", ""Ungwan Ango"", ""Yampa"", ""Bilbil"", ""Bilbi"", ""Ware"", ""Ungwan Musa"", ""Unchida"", ""Mai Dagala"", ""Kutcheri Hill"", ""Ungwan Shantali"", ""Kutcheri"", ""Magaji Dan Kowi"", ""Magaji"", ""Katanga"", ""Tsuru"", ""Chida"", ""Chido"", ""Ungwan Buda"", ""Bia"", ""Ungwan Liman"", ""Dan Dije"", ""Kuka Mada"", ""Keta"", ""Tudu"", ""Nassarawa"", ""Ungwan Rogo"", ""Magaji Jirgi"", ""Tabani"", ""Tobani"", ""Ungwan Doka"", ""Mamman"", ""Tudun Wada"", ""Musawa"", ""Karda"", ""Bawa"", ""Maru"", ""Maru, River"", ""Dan Auta"", ""Maichini"", ""Maribi"", ""Kahaure"", ""Zaman Lafia"", ""Zamon Lafia"", ""Gonja"", ""Kabasa"", ""Umaru"", ""Sayi"", ""Mika"", ""Dan Mallam"", ""Galadima"", ""Jeka Da Kwollo"", ""Yantama"", ""Rezun"", ""Yan Mallamai"", ""Anguwan Mallamai"", ""Kalage"", ""Kalange"", ""Dan Abdu"", ""Kora Ganawa"", ""Koran Ganawa"", ""Damaka"", ""Kauyen Jatau"", ""Gidan Bako"", ""Gidan Bera"", ""Ungwan Rana"", ""Babban Kauye"", ""Magazu"", ""Takulawa"", ""Maiangi"", ""Mallam Dodo"", ""Yanwari"", ""Dankaya"", ""Yantama"", ""Rekebu"", ""Sabon Gari"", ""Damina"", ""Sai-Ida"", ""Dan Fatu"", ""Dauki"", ""Yelwa"", ""Yankuzo"", ""Kuzau"", ""Yankuzau"", ""Dan Barde"", ""Ungwan Goga"", ""Mangawa"", ""Kuruku Hill"", ""Kuruiiu Hill"", ""Kuruku Hill"", ""Rumbu"", ""Chafe"", ""Nassarawa"", ""Ruguza"", ""Geauri"", ""Kanoki, River"", ""Talata"", ""Ungwan Bawa Gangan"", ""Dansabo"", ""Makeri"", ""Koka"", ""Ungwan Sakkiya"", ""Gurbi"", ""Ungwan Dumiyo"", ""Kututu"", ""Danwari"", ""Bado"", ""Warawara"", ""Warawara, River"", ""Rucca Na Ali"", ""Asola"", ""Ungwan Mani"", ""Dauda"", ""Tofa"", ""Unguwar Tofa"", ""Mandaba"", ""Baza"", ""Dogon Kawo"", ""Dan Mole"", ""Shebu"", ""Unguwar Shebu"", ""Ungwan Barebari"", ""Langalanga"", ""Tabani"", ""Unguwar Tabani"", ""Yantauri"", ""Yontauri"", ""Unguwar Yantauri"", ""Bodo"", ""Guidan Dan Umoru"", ""Gidan Dan Umoru"", ""Bia Buki"", ""Tafkin Kazai"", ""Dakai"", ""Aberishi"", ""Kpuntu"", ""Shadiya"", ""Guidan Wando"", ""Tudun Wada"", ""Ungwan Kesau"", ""Yelwa"", ""Mahuta"", ""Unguwar Mahuta"", ""Gidan Awala"", ""Guidan Awala"", ""Yan Doton Daji"", ""Awalla"", ""Totari"", ""Rugumawa"", ""Makeri"", ""Unguwar Makeri"", ""Unguwar Nabubu"", ""Nabubu"", ""Rugumawa, River"", ""Tudun Mairaira"", ""Dakala"", ""Unguwar Dakala"", ""Marke""]",Source polygon component; not independently named as an island or proof of complete physical land coverage.
gb:NGA:ADM2:59680162B12689851933854,Owan West,geoBoundaries NGA ADM2 2022,Local Government Area,Owan West,,0,1,True,731.438992,"[5.751592635791553, 6.771811219012591, 6.046483602836076, 7.093998909721961]",,,Pinned source component; no independent named-island or complete physical land assessment.
gb:NGA:ADM2:59680162B12689851933854,Owan West,current OCHA COD-AB NGA ADM2,Local Government Area,Owan West,NG012017,0,1,True,739.861915,"[5.751592573000153, 6.77132516000006, 6.047706124, 7.096485851000068]",38,"[""Ozalla"", ""Ozala"", ""Ogolo"", ""Ugbeturu"", ""Sobe"", ""Atoruru"", ""Uhomora"", ""Igbubuzi"", ""Igbubezi"", ""Ubueze"", ""Onuan, River"", ""Onuan River"", ""Ule, River"", ""Ule River"", ""Sabon Gida"", ""Sabongidda"", ""Eme"", ""Ugiavon"", ""Ovbiokhuan"", ""Ukpototen"", ""Ukphototen"", ""Oke"", ""Aviosi"", ""Obo Camp"", ""Umon Camp"", ""Aropa"", ""Ebule"", ""Ehor"", ""Uzebba"", ""Ibiwuru"", ""Uhuseoke"", ""Opuje"", ""Ogbagun"", ""Obagun"", ""Ilojie"", ""Okagboro"", ""Okafu"", ""Eruele""]",Source polygon component; not independently named as an island or proof of complete physical land coverage.
gb:NGA:ADM2:59680162B14261849329471,Lapai,geoBoundaries NGA ADM2 2022,Local Government Area,Lapai,,0,1,True,3020.079919,"[6.408037186167235, 8.183006287310377, 6.837650775762768, 9.289132117952931]",,,Pinned source component; no independent named-island or complete physical land assessment.
gb:NGA:ADM2:59680162B14261849329471,Lapai,current OCHA COD-AB NGA ADM2,Local Government Area,Lapai,NG027012,0,1,True,3030.361265,"[6.410115761000043, 8.183006379000062, 6.861982838000074, 9.387348901000053]",92,"[""Gurara, River"", ""Guara"", ""Batako"", ""Sokunde"", ""Egba"", ""Avuye"", ""Aruye"", ""Chekku"", ""Abugi"", ""Baje"", ""Sakka"", ""Okia, River"", ""Elu, River"", ""Gupa"", ""Dida"", ""Ebbo"", ""Gawa"", ""Denbor"", ""Emu"", ""Nugmagi"", ""Muti"", ""Pelemi"", ""Ewan"", ""Emwa"", ""Bidanko"", ""Dobogi"", ""Kandi"", ""Kpada"", ""Gidi"", ""Vulegbo"", ""Gulu West"", ""Gulu"", ""Lafia Kpada"", ""Lafian Kpada"", ""Pako"", ""Arunze"", ""Demari Hill"", ""Nasarawa"", ""Kapako"", ""Tungan Kaura"", ""Zui"", ""Mayaki"", ""Kawaseme"", ""Bwacha"", ""Waka"", ""Duma"", ""Salawu"", ""Takalafiya"", ""Danko, River"", ""Tashibo"", ""Ruga Mugu"", ""Rugan Mugu"", ""Badeji"", ""Badeggi"", ""Lapai"", ""Takalafiya"", ""Danguso"", ""Tudun Wada"", ""Sofon Lapai"", ""Lapa"", ""Lapai"", ""Cheche"", ""Beruna"", ""Borugu"", ""Gabi"", ""Saminaka"", ""Gbolo"", ""Maikwogi"", ""Mukugi"", ""Bakatara"", ""Ndeji"", ""Tungan Benu"", ""Benu"", ""Bachida"", ""Gbachida"", ""Maguda"", ""Chechegi"", ""Dzwafu"", ""Zole"", ""Gbanuwa"", ""Malaji"", ""Zole, River"", ""Rafin Jatau"", ""Lenfa"", ""Kemi, River"", ""Depu"", ""Dapu"", ""Shaki"", ""Shaku"", ""Gripa"", ""Kungoshin"", ""Kungo""]",Source polygon component; not independently named as an island or proof of complete physical land coverage.
gb:NGA:ADM2:59680162B14396821090751,Esan Central,geoBoundaries NGA ADM2 2022,Local Government Area,Esan Central,,0,1,True,250.482968,"[6.135371208014874, 6.575015067691254, 6.380487919382006, 6.836287022228362]",,,Pinned source component; no independent named-island or complete physical land assessment.
gb:NGA:ADM2:59680162B14396821090751,Esan Central,current OCHA COD-AB NGA ADM2,Local Government Area,Esan Central,NG012003,0,1,True,263.964236,"[6.13537111800008, 6.574005007000153, 6.400554736000061, 6.83628688500005]",24,"[""Ugbegun"", ""Ugbegun"", ""Opoji"", ""Opaji"", ""Ididigba"", ""Ugbenolhua"", ""Uhaekpe"", ""Ikekiala"", ""Irrua"", ""Agwa"", ""Bidenu"", ""Eideru"", ""Eko"", ""Uwessan"", ""Ujabhole"", ""Udowo"", ""Ibore"", ""Uzogholo"", ""Ugbalo"", ""Ugbaro"", ""Afuda"", ""Ewuh"", ""Ewu"", ""Atuagbo""]",Source polygon component; not independently named as an island or proof of complete physical land coverage.
gb:NGA:ADM2:59680162B14530293305891,Ihitte/Uboma,geoBoundaries NGA ADM2 2022,Local Government Area,Ihitte/Uboma,,0,1,True,97.286783,"[7.301053999942212, 5.582232954687186, 7.432285786160151, 5.705608845371955]",,,Pinned source component; no independent named-island or complete physical land assessment.
gb:NGA:ADM2:59680162B14530293305891,Ihitte/Uboma,current OCHA COD-AB NGA ADM2,Local Government Area,Ihitte/Uboma,NG017007,0,1,True,108.430181,"[7.308858092000037, 5.578878810000106, 7.432285979000142, 5.71431162600004]",18,"[""Umuaweke"", ""Ama-Inyi"", ""Onicha"", ""Umu Ezegu"", ""Ikperejere"", ""Amakohia"", ""Abekenta"", ""Lowa"", ""Umuodoma"", ""Umuawuch"", ""Umuawuchi"", ""Nfro River"", ""Nfro, River"", ""Umuzi"", ""Asa, River"", ""Dimnaeze"", ""Uyin, River"", ""Onicha""]",Source polygon component; not independently named as an island or proof of complete physical land coverage.
gb:NGA:ADM2:59680162B15951041920960,Ijumu,geoBoundaries NGA ADM2 2022,Local Government Area,Ijumu,,0,1,True,1304.938422,"[5.737289428564338, 7.529235839562375, 6.122308219848492, 8.15453720113095]",,,Pinned source component; no independent named-island or complete physical land assessment.
gb:NGA:ADM2:59680162B15951041920960,Ijumu,current OCHA COD-AB NGA ADM2,Local Government Area,Ijumu,NG023009,0,1,True,1282.456243,"[5.738130657000056, 7.529235776, 6.122699319999981, 8.146301257000118]",43,"[""Adugi"", ""Arima"", ""Ogale"", ""Ogali"", ""Egbebi"", ""Egbedi"", ""Ayere"", ""Aiere"", ""Igbolaere"", ""Ogidi Kabba"", ""Ogidi"", ""Iya"", ""Aiye"", ""Igbagun"", ""Ogunka"", ""Ekinrin"", ""Ikinri"", ""Lupa"", ""Iyara"", ""Ilukpa"", ""Iyara"", ""Ekinrin Hill"", ""Ikinri Hill"", ""Okoro"", ""Otunade"", ""Kabba Native Area N"", ""Lai-Yagba Number 2"", ""Lai Forest Reserve"", ""Yagba Native Area N"", ""Araromi"", ""Agrigbon-Oke"", ""Odokoro"", ""Dokoro"", ""Aiyetoro"", ""Aiyetoro Gbede"", ""Aiye"", ""Aiyegunle"", ""Iddo"", ""Aiyegunle"", ""Ilufon"", ""Aiyedero"", ""Ayiedero"", ""Eluhafon""]",Source polygon component; not independently named as an island or proof of complete physical land coverage.
gb:NGA:ADM2:59680162B15998169506024,Uhunmwonde,geoBoundaries NGA ADM2 2022,Local Government Area,Uhunmwonde,,0,1,True,2081.785933,"[5.638906955691482, 6.204447024610545, 6.138703263644743, 6.797244866657309]",,,Pinned source component; no independent named-island or complete physical land assessment.
gb:NGA:ADM2:59680162B15998169506024,Uhunmwonde,current OCHA COD-AB NGA ADM2,Local Government Area,Uhunmwonde,NG012018,0,1,True,1991.236566,"[5.638906912000152, 6.250174960999971, 6.131688015000066, 6.798502033000091]",126,"[""Akugbe"", ""Uvbe"", ""Ugomoson"", ""Okhuepen"", ""Ugboanyo"", ""Ugoneki"", ""Ugonoba"", ""Ugbonoba"", ""Ekhor"", ""Ehorone"", ""Adoa"", ""Issua"", ""Aduhanhan"", ""Okeze"", ""Iguehana"", ""Okhuaihe"", ""Okhuaiha"", ""Okakhinawan"", ""Ebu"", ""Ebue"", ""Ebuenehian"", ""Ikhuen"", ""Iguomo"", ""Ekhor"", ""Evbozegbo"", ""Iguelenisi"", ""Igvoghae"", ""Iguoghae"", ""Amufi"", ""Iguelenebue"", ""Iguoke"", ""Ugbeza"", ""Ugbeje"", ""Ugbeze"", ""Iguegbe"", ""Iyanomo"", ""Izihiri"", ""Ogada"", ""Oghada"", ""Ilobi"", ""Odjeva"", ""Irokhin"", ""Iguiyase"", ""Ekodel"", ""Iguozogbar"", ""Iguazogbar"", ""Iguozogban"", ""Iguesogban"", ""Urhokuosa"", ""Ugbemisi"", ""Edopa"", ""Iguomo"", ""Okahmavwen"", ""Idumwunha"", ""Iguesogban"", ""Iguomo"", ""Edumega"", ""Ogaga"", ""Adaigievbe"", ""Isievbie"", ""Okhuokhuo"", ""Okhuokho"", ""Iguagbon"", ""Oria"", ""Igweowieoba"", ""Aho"", ""Ahor"", ""Idibo"", ""Egua Holor"", ""Egua-Eholor"", ""Ohe"", ""Ekose"", ""Evbouhuan"", ""Evbuohuan"", ""Uhege"", ""Evbowe"", ""Ewan"", ""Eilo-Edo"", ""Abunwa"", ""Evboikhuenbo"", ""Ayen"", ""Udeni"", ""Uzalla"", ""Urhokuosa"", ""Orokosa"", ""Arurbi, River"", ""Aruvbi, River"", ""Obadan"", ""Iguozevbaru"", ""Avdesagbon"", ""Egbisi"", ""Ada-Obadan"", ""Igozula"", ""Egba"", ""Edo State"", ""Edo"", ""Okhuo"", ""Igeghudu"", ""Igheghudu"", ""Ekoarmufua"", ""Ugha"", ""Uga"", ""Igieduma"", ""Erua"", ""Ukpoh"", ""Ukpohi"", ""Uhi"", ""Ago"", ""Ehor"", ""Iho"", ""Ekana"", ""Ugbiyoko"", ""Ugbiyokha"", ""Ugiamen"", ""Ugiame"", ""Ugianmuen"", ""Irhue"", ""Okemuen"", ""Okemue"", ""Okemu"", ""Okemwa"", ""Oke"", ""Ekpon"", ""Umokpi"", ""Umokpe"", ""Orhua""]",Source polygon component; not independently named as an island or proof of complete physical land coverage.
gb:NGA:ADM2:59680162B16294292751838,Khana,geoBoundaries NGA ADM2 2022,Local Government Area,Khana,,0,1,True,523.425693,"[7.30394993923835, 4.56919029409687, 7.54225845896076, 4.827385878355642]",,,Pinned source component; no independent named-island or complete physical land assessment.
gb:NGA:ADM2:59680162B16294292751838,Khana,current OCHA COD-AB NGA ADM2,Local Government Area,Khana,NG033014,0,1,True,558.89315,"[7.31535486000007, 4.531959525000104, 7.547098214000073, 4.81490186000002]",95,"[""Tullifa Creek"", ""Tullifer Creek"", ""Turn Point"", ""Blind Creek"", ""Afa Creek"", ""Ika"", ""Egwanga Point"", ""Iyaba"", ""Kono"", ""Sii"", ""Gwara"", ""Eken"", ""Ekem"", ""Kpean"", ""Buan"", ""Black Point"", ""Kwakwa"", ""Kwawa"", ""Product Point"", ""Baen"", ""Kono Bewa"", ""Bewa"", ""Kowo Bewa"", ""Ewen"", ""Ewon"", ""Bane"", ""Lumene"", ""Lubara"", ""Luubara"", ""Lubara Stream"", ""Lubara Creek"", ""Bei River"", ""Wijakara"", ""Wiyakara"", ""Luegbo"", ""Luwa"", ""Luere"", ""Notem"", ""Bori"", ""Kalaoko"", ""Barako Kor"", ""Sako Kor"", ""Nogo Beeri"", ""Bianu"", ""Kpong"", ""Nyobe Beeri"", ""Yombe Beri"", ""Beri"", ""Bayakogoro Beeri"", ""Opuoko"", ""Saa Berri"", ""Yo Beeri"", ""Kani"", ""Bunu Bangha"", ""Koro Bangha"", ""Nyobe Beeri"", ""Lumene Bangha"", ""Lumene"", ""Bionu"", ""Nyokuru"", ""Nyokwu"", ""Kere Bangha"", ""Tabangh"", ""Tem Luekon"", ""Nyowi Bangha"", ""Luugue Sogho"", ""Soo"", ""Lousi Soo"", ""Lousi Sogho"", ""Korokoro Luekon"", ""Jor Sogho"", ""Lor"", ""Lor Soo"", ""Nyogor Luekon"", ""Nwogor Luekon"", ""Bar Akani Sogho"", ""Lude Luekon"", ""Yae"", ""Akporo Sogho"", ""Teka Sogho"", ""Luekue Banghan"", ""Ban Luekon"", ""Nonwa Soo"", ""Nonwa Sogho"", ""Agbani Luekon"", ""Kpaa"", ""Wiikwe Luekon"", ""Wiikwe Luebon"", ""Sime Luek"", ""Sime Luekon"", ""Okwale"", ""Okwali"", ""Luebe"", ""Ka Lori"", ""Ban Lori""]",Source polygon component; not independently named as an island or proof of complete physical land coverage.
gb:NGA:ADM2:59680162B16609728895319,Irepodun/Ifelodun,geoBoundaries NGA ADM2 2022,Local Government Area,Irepodun/Ifelodun,,0,1,True,339.336844,"[5.09777480995956, 7.636013029577725, 5.43983017672133, 7.792532232776352]",,,Pinned source component; no independent named-island or complete physical land assessment.
gb:NGA:ADM2:59680162B16609728895319,Irepodun/Ifelodun,current OCHA COD-AB NGA ADM2,Local Government Area,Irepodun/Ifelodun,NG013013,0,1,True,326.927128,"[5.099828320000029, 7.622524842000189, 5.416892544000063, 7.789870177000125]",24,"[""Iyin-Ekiti"", ""Uyin"", ""Igede-Ekiti"", ""Igbede"", ""Igede"", ""Araromi-Iyin"", ""Uyin"", ""Igbemo-Ekiti"", ""Igbimo"", ""Ilemiya"", ""Afao-Ekiti"", ""Afao"", ""Adun"", ""River Adun"", ""Adun River"", ""Are-Ekiti"", ""Are"", ""Awo Ekiti"", ""Airo"", ""Eyio Ekiti"", ""Igin"", ""Iworoko"", ""Iropora"", ""Esure""]",Source polygon component; not independently named as an island or proof of complete physical land coverage.
gb:NGA:ADM2:59680162B16701148271715,Aniocha North,geoBoundaries NGA ADM2 2022,Local Government Area,Aniocha North,,0,1,True,405.992196,"[6.3622894291139, 6.239600181603123, 6.581527233095358, 6.495079994046534]",,,Pinned source component; no independent named-island or complete physical land assessment.
gb:NGA:ADM2:59680162B16701148271715,Aniocha North,current OCHA COD-AB NGA ADM2,Local Government Area,Aniocha North,NG010001,0,1,True,404.46682,"[6.362289398000144, 6.239600143000075, 6.579260951000151, 6.495080046000169]",34,"[""Obor"", ""Obior"", ""Obbio"", ""Issele-Uku"", ""Onitsha-Ugbo"", ""Onicha-Ugbo"", ""Onilsha-Ugbo"", ""Ogbeofu"", ""Issele-Mkpitime"", ""Isselle-Mkpitimie"", ""Idumujuno"", ""Idumuje-Uno"", ""Idumujugboko"", ""Idumeje-Ugboko"", ""Idumuje-Ugboko"", ""Onicha-Ukwu"", ""Onicha-Olona"", ""Ugbodu"", ""Ubodu"", ""Ogbodu"", ""Aniofu"", ""Uku-Nzu"", ""Ukwu-Nzu"", ""Umtonu"", ""Umutonu"", ""Ezi"", ""Obomkpa"", ""Obomkpa"", ""Achala-Ezi"", ""Achaca-Ezi"", ""Uburubu"", ""Ubulubu"", ""Anioma"", ""Inoma""]",Source polygon component; not independently named as an island or proof of complete physical land coverage.
gb:NGA:ADM2:59680162B16893313163973,Oguta,geoBoundaries NGA ADM2 2022,Local Government Area,Oguta,,0,1,True,473.472097,"[6.65843629759712, 5.529284999603078, 6.969351965820636, 5.787612914604381]",,,Pinned source component; no independent named-island or complete physical land assessment.
gb:NGA:ADM2:59680162B16893313163973,Oguta,current OCHA COD-AB NGA ADM2,Local Government Area,Oguta,NG017017,0,1,True,422.256725,"[6.658436437000148, 5.528083801000037, 6.946017617000052, 5.780314477]",45,"[""Ogba"", ""Uboma"", ""Ngbala"", ""Obudi"", ""Obudi-Agwa"", ""Uba"", ""Ejemekwuru"", ""Akabo"", ""Umuofor"", ""Osoji"", ""Owosha"", ""Uzombe"", ""Izombe"", ""Osoji"", ""Akata"", ""Umuokwu"", ""Awa"", ""Ossu"", ""Osu"", ""Ezi-Ossu"", ""Abeizeam"", ""Ngbele"", ""Ngebele"", ""Mgbele"", ""Nkwesi"", ""Ossu-Obodo"", ""Nnebuku"", ""Oguta Ii"", ""Njaba, River"", ""Njaba River"", ""Njaba"", ""Kalabari Beach"", ""Anafis"", ""Oguta Lake"", ""Oguta"", ""Egwe"", ""Awbana"", ""Awbana River"", ""Eyinja"", ""Eyinja River"", ""Asa River"", ""Asa"", ""Egbu"", ""Atughobi"", ""Afoegbu""]",Source polygon component; not independently named as an island or proof of complete physical land coverage.
gb:NGA:ADM2:59680162B16963737840115,Orumba South,geoBoundaries NGA ADM2 2022,Local Government Area,Orumba South,,0,1,True,200.295173,"[7.138503970082184, 5.920961856904228, 7.339062690590765, 6.078984653718862]",,,Pinned source component; no independent named-island or complete physical land assessment.
gb:NGA:ADM2:59680162B16963737840115,Orumba South,current OCHA COD-AB NGA ADM2,Local Government Area,Orumba South,NG004020,0,1,True,188.242242,"[7.131948435000083, 5.920961891000161, 7.339062708000029, 6.057219036]",18,"[""Ifite"", ""Ururow-Umunze"", ""Enugu Umunze"", ""Okpulukpu"", ""Lawmu Umunze"", ""Umuseke Umunze"", ""Agbudu"", ""Onen"", ""Ezira"", ""Eziagu"", ""Ogbunka"", ""Isu-Ulo"", ""Isu"", ""Owere-Ezukala"", ""Owere"", ""Umueje"", ""Umueje (2)"", ""Akpu""]",Source polygon component; not independently named as an island or proof of complete physical land coverage.
gb:NGA:ADM2:59680162B173222965225,Asari-Toru,geoBoundaries NGA ADM2 2022,Local Government Area,Asari-Toru,,0,1,True,216.132175,"[6.775418540932947, 4.652135604574539, 6.917814822196362, 4.842755677932246]",,,Pinned source component; no independent named-island or complete physical land assessment.
gb:NGA:ADM2:59680162B173222965225,Asari-Toru,current OCHA COD-AB NGA ADM2,Local Government Area,Asari-Toru,NG033006,0,1,True,115.019401,"[6.780504619000112, 4.686188227000059, 6.929156676000048, 4.824153439000156]",41,"[""Ebuyedokubokiri"", ""Owoko"", ""Orukalama"", ""Angulama"", ""Flegba Creek"", ""Obenibokiri"", ""Bekirikiri"", ""Ninama"", ""Minama"", ""Buguma"", ""Bugama"", ""Owinkiri Kalama"", ""Winkiri Kalama"", ""Ido"", ""Rivers State"", ""Abalama Creek"", ""Krakrama"", ""Bokobokiri"", ""Mujidiaya Creek"", ""Sangana"", ""Sangama"", ""Degema Creek"", ""Brickfield"", ""Ifoko"", ""Temabio Creek"", ""Kalabari Settlement"", ""Kalabari"", ""Abalama"", ""Gbalama"", ""Sonomailameni-Boko *"", ""Tena"", ""Tema"", ""Diminabokiri"", ""Atuka"", ""Macjajakiri"", ""Okpo"", ""Illelima"", ""Ilelema"", ""Oporoma"", ""Sama-Naguakiri"", ""Sama""]",Source polygon component; not independently named as an island or proof of complete physical land coverage.
gb:NGA:ADM2:59680162B17520648889441,Orhionmwon,geoBoundaries NGA ADM2 2022,Local Government Area,Orhionmwon,,0,1,True,2384.882417,"[5.727054119352147, 5.746387004556652, 6.290318012266482, 6.421175958403808]",,,Pinned source component; no independent named-island or complete physical land assessment.
gb:NGA:ADM2:59680162B17520648889441,Orhionmwon,current OCHA COD-AB NGA ADM2,Local Government Area,Orhionmwon,NG012013,0,1,True,2410.763642,"[5.727054010000074, 5.746387015000039, 6.290317970000103, 6.421176018000097]",157,"[""Obajere"", ""Obagie"", ""Ajafitor"", ""Ogbigun"", ""Okuogbe"", ""Akure"", ""Ajayibo"", ""Agbarha"", ""Emioboma"", ""Sobo Camp"", ""Urhobo Camps"", ""Anibon"", ""Obanagboro"", ""Obanaghoro"", ""Urhobo Camp"", ""Osagies Camp"", ""Osagie Camp"", ""Idale Quarters"", ""Orogho"", ""Owo"", ""Evbonogbon"", ""Ebonogbo"", ""Evbonogbo"", ""Ologbo"", ""Usonigbe Forest Res"", ""Umoghunmwun"", ""Urhonigbe Forest Re"", ""Odigi"", ""Tombo Lake"", ""Tombo, Lake"", ""Umuhumu"", ""Umubumu"", ""Iguelaba"", ""Timber Camp"", ""Ewusse"", ""Ewussa"", ""Urhehue"", ""Uruhue"", ""Usonigbe"", ""Ugbakele"", ""Owe"", ""Owe-Ugbakele"", ""Oben"", ""Idumessa"", ""Ikobi"", ""(( Bendel State ))"", ""Mid-Western"", ""Bendel"", ""Mid-Western State"", ""Ubazogbe"", ""Ebazogbenugu"", ""Obazogbon"", ""Obazagbon-Nugu"", ""Usomehe"", ""Urhomehen"", ""Ovbiebo Camp"", ""Umoghunmwun"", ""Ogba"", ""Sapoba Forest Reser*"", ""Ugbukhuen"", ""Ugo"", ""Owe"", ""Sapoba"", ""Adeyanba"", ""Egbokor"", ""Egunkabua"", ""Evbokabua Ii"", ""Igbogili"", ""Igbogilli"", ""Eubodobian"", ""Evbodobian"", ""Otobayo"", ""Otobaye Ii"", ""Ugbogo"", ""Obayanta"", ""Ebazogbe-Niro"", ""Ugbokhirima"", ""Ugboko-Niro"", ""Iguemokhua"", ""Iduviga"", ""Evbohighae"", ""Ewohigha"", ""Idulaka"", ""Igbekhue"", ""Ibekwe"", ""Ugboko Numagbai"", ""Eduweke"", ""Idunmwowinna"", ""Idumowina"", ""Evbuarhue"", ""Idu"", ""Igure"", ""Idumwvago-Ugbeka"", ""Idumwuogo-Ugbeka"", ""Iduwenbo"", ""Eso"", ""Iguohan"", ""Okuo"", ""Okogbo"", ""Okogba"", ""Oheze-Naka"", ""Ohezeinaka"", ""Ohazeiveka"", ""Avbiugu"", ""Evbuarhue"", ""Olotu"", ""Olote"", ""Iguododo"", ""Evbomede Ii"", ""Ohunwan, River"", ""Ohunwan River"", ""Ohi, River"", ""Ohi River"", ""Ohe, River"", ""Akugbe"", ""Akughe"", ""Evbomede I"", ""Ewotedo"", ""Uson"", ""Ute"", ""Iyohiu"", ""Owika"", ""Ovbieka"", ""Ugbedun"", ""Iguiya"", ""Ebue Forest Reserve"", ""Ute"", ""Amasowomwan"", ""Obajie-Oheze"", ""Ogan"", ""Ossiomo Leper Settl*"", ""Owa"", ""Abudu"", ""Ditah"", ""Otta"", ""Consin Camp"", ""Umukoro"", ""Iru"", ""Oligie"", ""Oligi"", ""Suberu Debowa Camp"", ""Iguehenze"", ""Idumuodi"", ""Sogbojaya Camp"", ""Ozanisi"", ""Igbaki"", ""Igbanke"", ""Iyanomo"", ""Nogororo"", ""Hwohwokpa Camp"", ""Wiri-Ale"", ""Umulua-Obiogba"", ""Umujua-Obiogba"", ""Umuiua-Obiogba"", ""Idumuiru"", ""Ogbahu"", ""Oghanda Water-Side""]",Source polygon component; not independently named as an island or proof of complete physical land coverage.
gb:NGA:ADM2:59680162B17555212909244,Ido-Osi,geoBoundaries NGA ADM2 2022,Local Government Area,Ido-Osi,,0,1,True,228.188875,"[5.069443695070504, 7.764224746674756, 5.258408467276979, 7.942321999760509]",,,Pinned source component; no independent named-island or complete physical land assessment.
gb:NGA:ADM2:59680162B17555212909244,Ido-Osi,current OCHA COD-AB NGA ADM2,Local Government Area,Ido-Osi,NG013008,0,1,True,230.93418,"[5.0941561570001, 7.770958031000134, 5.265653, 7.952351652000175]",18,"[""Osi"", ""Osi Ekiti"", ""Ifaki"", ""Ifisin"", ""Ifishin"", ""Igbole"", ""Aye Ekiti"", ""Aye"", ""Ora"", ""Orin"", ""Ovin"", ""Iddo Ekiti"", ""Iddo"", ""Ilogbo"", ""Ushi"", ""Usi"", ""Iyapa"", ""Aiyetoro""]",Source polygon component; not independently named as an island or proof of complete physical land coverage.
gb:NGA:ADM2:59680162B18196869714953,Anambra East,geoBoundaries NGA ADM2 2022,Local Government Area,Anambra East,,0,1,True,611.4836,"[6.782172537632562, 6.198952949319221, 6.987814674207925, 6.753429071894175]",,,Pinned source component; no independent named-island or complete physical land assessment.
gb:NGA:ADM2:59680162B18196869714953,Anambra East,current OCHA COD-AB NGA ADM2,Local Government Area,Anambra East,NG004002,0,1,True,258.827373,"[6.781200423000087, 6.189338142000054, 6.981354696000039, 6.439839354000128]",25,"[""Ukwu-Abwa"", ""Nsugbe"", ""Nsugpe"", ""Umuleri"", ""Abube-Nando"", ""Abuba-Nando"", ""Umuleri"", ""Ikenga-Umuleri"", ""Umuawor-Nando"", ""Nando"", ""Aguleri"", ""Ikenga-Nando"", ""Otuocha Aguleri"", ""Otuocha"", ""Nkwo-Nando"", ""Nando-Ikem"", ""Umukela"", ""Nando"", ""Ezu, River"", ""Mamu"", ""Isinyi-Nando"", ""Ismyu-Nando"", ""Igbariam"", ""Igbamam"", ""Du, River""]",Source polygon component; not independently named as an island or proof of complete physical land coverage.
gb:NGA:ADM2:59680162B18488232241930,Awka North,geoBoundaries NGA ADM2 2022,Local Government Area,Awka North,,0,1,True,372.575734,"[6.953254024753505, 6.210453063258285, 7.161759235800162, 6.451178839232114]",,,Pinned source component; no independent named-island or complete physical land assessment.
gb:NGA:ADM2:59680162B18488232241930,Awka North,current OCHA COD-AB NGA ADM2,Local Government Area,Awka North,NG004005,0,1,True,345.401473,"[6.961083514000052, 6.238191193000034, 7.162199144000056, 6.444197086999964]",25,"[""Amansim"", ""Amansee"", ""Ukukwa-Amanse"", ""Ukukwa"", ""Egbagu-Amansi"", ""Egbagu"", ""Mgbakwu"", ""Mgbaukwu"", ""Urum"", ""Amanuke"", ""Umuogouefi"", ""Udi State"", ""Anambra"", ""Anambra State"", ""Anambara"", ""Amago-Ebenebe"", ""Achalla"", ""Aguake"", ""Nnom, River"", ""Nnam"", ""Ugbene"", ""Awba"", ""Akenu"", ""Oba-Umuokpe"", ""Oba-Umulokpe""]",Source polygon component; not independently named as an island or proof of complete physical land coverage.
gb:NGA:ADM2:59680162B1935816053049,Ofu,geoBoundaries NGA ADM2 2022,Local Government Area,Ofu,,0,1,True,1554.001037,"[6.69015741323409, 7.165883970069217, 7.396628748018372, 7.484356165704526]",,,Pinned source component; no independent named-island or complete physical land assessment.
gb:NGA:ADM2:59680162B1935816053049,Ofu,current OCHA COD-AB NGA ADM2,Local Government Area,Ofu,NG023014,0,1,True,1715.421974,"[6.690157355000167, 7.170575532000157, 7.474266460000024, 7.491583218000187]",47,"[""Alakura"", ""Alokura"", ""Okama"", ""Ogwoniehi"", ""Ogwonichi"", ""Gwolawo"", ""Gwalawo"", ""Ejikolu"", ""Ejikulu"", ""Otochi"", ""Alla Forest Reserve"", ""Ofokofi"", ""Okpo"", ""Ifaku"", ""Efaku"", ""Bagobi"", ""Bugobi"", ""Adadeju"", ""Egbola"", ""Egbala"", ""Okokengi"", ""Agojeju"", ""Agajeju"", ""Allomo"", ""Iboko"", ""Chikoro"", ""Chilaro"", ""Onugba"", ""Umomi"", ""Ejule"", ""Akunube"", ""Akunuba"", ""Acharane Forest Res"", ""Ochadam"", ""Assadam"", ""Asadam"", ""Alogi"", ""Itobe"", ""Etobe"", ""Alo"", ""Omamahebo"", ""Mamarebo"", ""Mamerebo"", ""Sanioko"", ""Ayanka"", ""Adoma"", ""Egomicha""]",Source polygon component; not independently named as an island or proof of complete physical land coverage.
gb:NGA:ADM2:59680162B2017456399117,Obowo,geoBoundaries NGA ADM2 2022,Local Government Area,Obowo,,0,1,True,82.050794,"[7.299632337262608, 5.503071254834595, 7.425917416955258, 5.60605568272365]",,,Pinned source component; no independent named-island or complete physical land assessment.
gb:NGA:ADM2:59680162B2017456399117,Obowo,current OCHA COD-AB NGA ADM2,Local Government Area,Obowo,NG017016,0,1,True,86.424406,"[7.305158742000174, 5.510386898000149, 7.422786106000046, 5.61102359500012]",11,"[""Avutu"", ""Ehume"", ""Onuiyin, River"", ""Umuariam"", ""Umulogho"", ""Ehume"", ""Alike"", ""Umuoke"", ""Amuzi"", ""Amanze"", ""Okwuohia""]",Source polygon component; not independently named as an island or proof of complete physical land coverage.
gb:NGA:ADM2:59680162B20432910054227,Goronyo,geoBoundaries NGA ADM2 2022,Local Government Area,Goronyo,,0,1,True,2012.508001,"[5.485311565376492, 13.085413831882875, 6.056517777773252, 13.618629129630676]",,,Pinned source component; no independent named-island or complete physical land assessment.
gb:NGA:ADM2:59680162B20432910054227,Goronyo,current OCHA COD-AB NGA ADM2,Local Government Area,Goronyo,NG034006,0,1,True,1708.918026,"[5.49148982000014, 13.082163886000046, 6.035394878000147, 13.617083416000128]",158,"[""Burwanga"", ""Gundumi"", ""Sarua"", ""Saruwa"", ""Kunawa"", ""Kubuta"", ""Kunawa"", ""Sabon Gari"", ""Dan Tsokwa"", ""Dantasaku"", ""Rafingu"", ""Rafingo"", ""Sidi Hills"", ""Gidan Alfa"", ""Kawanawa"", ""Masama"", ""Rujin Tsamia"", ""Marafaro"", ""Mazafara, Lake"", ""Marafaro"", ""Ololi"", ""Kamitau"", ""Gidan Gaya"", ""Gidan Magajiya"", ""Bijeje"", ""Dansulba"", ""Dangwaru"", ""Danwaru"", ""Sabon Birni Dole"", ""Bierda"", ""Biardi"", ""Giyawara"", ""Giyawa"", ""Danjiro"", ""Sabon Gari Dole"", ""Illela Dawagare"", ""Ilela"", ""Dole"", ""Balla"", ""Doliyal"", ""Dawakawa"", ""Kpoyeke"", ""Boyekai"", ""Gadon Mata Hill"", ""Maibinji"", ""Kumazo"", ""Gadon Mata"", ""Gadon Meta"", ""Kawadata"", ""Kaikazaka"", ""Bago Hill"", ""Zangon Bogoje"", ""Benge"", ""Kagara Rina"", ""Kagara Rima"", ""Bombom"", ""Huda"", ""Kagara"", ""Dawakawa"", ""Takaro"", ""Gari"", ""Tudu"", ""Takaro"", ""Bakingida"", ""Ilela"", ""Bari"", ""Kaikazakka"", ""Ganza"", ""Kirare"", ""Gabare"", ""Tulutu"", ""Tuluttu"", ""Tu"", ""Goronyo"", ""Gidan Tanko"", ""Mahalba"", ""Mairakuma"", ""Taloka"", ""Taluka"", ""Tuluka"", ""Kojio"", ""Kojo"", ""Koji"", ""Dirma Hill"", ""Maila"", ""Maila, River"", ""Gidan-Marafa"", ""Ku"", ""Shinaka"", ""Kure"", ""Birzunga"", ""Birjingo"", ""Mallamawa"", ""Warankai"", ""Kuminya"", ""Kwakwazo"", ""Gidan Tudu"", ""Gidan Huri"", ""Yardole"", ""Kawara"", ""Mahurde"", ""Majiya, River"", ""Tuluski"", ""Tantarkwai"", ""Gidan-Bauchi"", ""Gauro"", ""Gurau"", ""Yirimawa"", ""Yerimawa"", ""Rimawa"", ""Takure"", ""Keta"", ""Duban-Fulani"", ""Marima"", ""Darbabiya"", ""Maganga"", ""Gidan Sarkin Pawa"", ""Duba Serikin Pawa"", ""Duban Sarkin Pawa"", ""Duba Sarikin Pawa"", ""Duba Jalo"", ""Tartila"", ""Gidan-Dankyamashi"", ""Gidan Salihu"", ""Gidan Kaji"", ""Dantudu"", ""Gidan Kwabra"", ""Maiyali"", ""Dangaruko"", ""Takakunmi"", ""Tagamawa"", ""Masari"", ""Falalia"", ""Gidan Barau"", ""Katsira"", ""Dantudu"", ""Zamache, River"", ""Kaimi"", ""Gidan-Maihako"", ""Mulela"", ""Kasarwasar"", ""Jergaba"", ""Jargaba"", ""Jan Rago Hill"", ""Jargaba Hill"", ""Sakarawa"", ""Gidan Jidi"", ""Malikansaa"", ""Maikansaa"", ""Gidan Fako"", ""Fadarawa"", ""Mieliaku"", ""Zamache"", ""Kurihiawa"", ""Gidan Mallami"", ""Gidan Tsohuwa"", ""Gusau"", ""Gidan Arharma""]",Source polygon component; not independently named as an island or proof of complete physical land coverage.
gb:NGA:ADM2:59680162B21010588258079,Tambuwal,geoBoundaries NGA ADM2 2022,Local Government Area,Tambuwal,,0,1,True,1844.107193,"[4.521122757409387, 12.03882752467058, 5.138526350111022, 12.750909215288118]",,,Pinned source component; no independent named-island or complete physical land assessment.
gb:NGA:ADM2:59680162B21010588258079,Tambuwal,current OCHA COD-AB NGA ADM2,Local Government Area,Tambuwal,NG034018,0,1,True,1839.06293,"[4.533652018000112, 12.106168875000037, 5.168697001000112, 12.756766205000133]",146,"[""Iloji"", ""Iloje"", ""Maichiri"", ""Rugga Fokko"", ""Bariga"", ""Dan Madi"", ""Kaya"", ""Madachi"", ""Mawadachi"", ""Gidan Nasarawa"", ""Romo Sabon Birni"", ""Romo"", ""Assasara"", ""Duki, River"", ""Tunga"", ""Romo Sarki"", ""Tungan Deko"", ""Abdujaki"", ""Bakaya"", ""Dogwah Marke"", ""Dogan Marke"", ""Bagida"", ""Masu"", ""Alhassan"", ""Kariya"", ""Ganua Hill"", ""Dangasu"", ""Ganua"", ""Baga Sakka"", ""Tulua"", ""Tuluwa"", ""Kaura"", ""Kaura Dole"", ""Balagandi"", ""Lukingo"", ""Likingo"", ""Maidaji"", ""Tunigan-Nomo"", ""Jaja Dogowa"", ""Jaja Gorogawa"", ""Banga"", ""Gwanga-Dikko"", ""Karimi-Lugga"", ""Karimi Maradu"", ""Bashiri"", ""Kokoro"", ""Jarige"", ""Fagga"", ""Faga"", ""Kanawo Adarawa"", ""Gaolinge"", ""Baba Maradu"", ""Masawari"", ""Sabawa"", ""Chopal"", ""Tokwacho"", ""Tokwatcho"", ""Rakuma"", ""Sokoto Native Area *"", ""Dogwandaji Native A*"", ""Dogondaji Forest Re*"", ""Maikada"", ""Gyasapode"", ""Maradu Hill"", ""Dandutchi"", ""Yamadela"", ""Zabaruma"", ""Domawa"", ""Lalle"", ""Mabera"", ""Kaurari"", ""Dan Karaya Hill"", ""Adarare"", ""Kwokolowaji Hills"", ""Yagawel"", ""Gumil"", ""Ungwan Sara"", ""Gandu"", ""Madara"", ""Alhassan"", ""Gozama"", ""Dabagi"", ""Nabaguda"", ""Jato"", ""Chihiri"", ""Bagwoi Hill"", ""Mania"", ""Gursau"", ""Yole"", ""Gunamari"", ""Chakai"", ""Kporaye, River"", ""Tambuwal"", ""Tambawel"", ""Tambawal"", ""Kporaye"", ""Ungwan Kambari"", ""Gidan Jero"", ""Kporaye, River"", ""Badaria"", ""Nasarawa"", ""Ebarike"", ""Dangade Hills"", ""Saba, River"", ""Kwalkwato"", ""Nakule"", ""Samma"", ""Samma Hill"", ""Samma Hills"", ""Albo, River"", ""Dan-Gaoro Hill"", ""Barkeji"", ""Berkeje"", ""Ungwan Alu"", ""Gambu"", ""Guma"", ""Hiliya"", ""Dogwandaji"", ""Dogondaji"", ""Ruggar Shaudu"", ""Rugar Shaudu"", ""Gurayi"", ""Bancu"", ""Pilia"", ""Kagara"", ""Namangoma"", ""Sakanaw"", ""Jabo"", ""Tungan-Doli"", ""Sala"", ""Barkini"", ""Barguwa"", ""Dagamali"", ""Nasarawa"", ""Chiwa"", ""Chiwa"", ""Gidan-Budu"", ""Saida"", ""Gambuwa"", ""Badusugu"", ""Goshe"", ""Sainyinan Daji"", ""Sainyman Daji"", ""Chiriagi"", ""Muza, River"", ""Kakosso""]",Source polygon component; not independently named as an island or proof of complete physical land coverage.
gb:NGA:ADM2:59680162B21053239387442,Warri South,geoBoundaries NGA ADM2 2022,Local Government Area,Warri South,,0,1,True,544.226878,"[5.485734764747633, 5.466479000005904, 5.784030039854485, 5.781102000157205]",,,Pinned source component; no independent named-island or complete physical land assessment.
gb:NGA:ADM2:59680162B21053239387442,Warri South,current OCHA COD-AB NGA ADM2,Local Government Area,Warri South,NG010024,0,1,True,585.724808,"[5.485681997000029, 5.468395300000111, 5.777317078000067, 5.870441010000036]",82,"[""Ogbe Ijoh Creek"", ""Ode Itsekiri"", ""Ode-Itsekri"", ""Atanorintseye Creek"", ""Olugbo-Oke"", ""Ajigba"", ""Norman Creek"", ""Osele"", ""Orugbo"", ""Inorin Fishing Camp"", ""Spinnaker Bank"", ""Porter Creek"", ""Wall Creek"", ""James Island"", ""Warri"", ""Bomobolo"", ""Ugbo Wunagweh"", ""Ugbuwague"", ""Suoroagbene"", ""Inorin"", ""Ugbodede Creek"", ""Ogunu"", ""Ilokiri Creek"", ""Ikpa Creek"", ""Otomogbene"", ""Olomogbene"", ""Moor Creek"", ""Bennett Island"", ""Hampson Creek"", ""Dodo Bank"", ""Keene Creek"", ""Dundas Creek"", ""Ajademadema"", ""Ayetugbene"", ""Jalla"", ""Ejeba"", ""Ejeve"", ""Omodino Creek"", ""Erure"", ""Ivy Bank"", ""Gallwey Creek"", ""Macdonald Point"", ""Whydah Bank"", ""Dodo Island"", ""Roth Creek"", ""Daisy Bank"", ""Crawford Creek"", ""Ijaw Fishing Camp"", ""Ifie"", ""Oteghele"", ""Ifie Creek"", ""Oteghele Camp"", ""Mini Creek"", ""Ajatitor"", ""Oteghele"", ""Hole In The Wall Cr"", ""Benin Creek"", ""Omadino"", ""Kpokiti"", ""Lodu Imenyi"", ""Obodo-Omadino Farm"", ""Ogbori Creek"", ""Asinsen Creek"", ""Jelu"", ""Obodo"", ""Ubakotete Camp"", ""Krikridoge"", ""Obodo Creek"", ""Aghigho Creek"", ""Ekokor 2"", ""Ofia Ekpone"", ""Elume Creek"", ""Kpokpojele Creek"", ""Ugboritseduwa"", ""Okokporo Creek"", ""Ekeresa"", ""Dores"", ""Ajadiye"", ""Okogho"", ""Okogho Creek"", ""Obagboro"", ""Iyoro Creek""]",Source polygon component; not independently named as an island or proof of complete physical land coverage.
gb:NGA:ADM2:59680162B21067903036313,Patani,geoBoundaries NGA ADM2 2022,Local Government Area,Patani,,0,2,True,216.800343,"[5.980889319986204, 5.095670701241943, 6.220008372588381, 5.252053738089614]",,,Pinned source component; no independent named-island or complete physical land assessment.
gb:NGA:ADM2:59680162B21067903036313,Patani,geoBoundaries NGA ADM2 2022,Local Government Area,Patani,,1,2,True,12.938889,"[6.259417534291799, 5.227870941290973, 6.293005942870025, 5.276365666742151]",,,Pinned source component; no independent named-island or complete physical land assessment.
gb:NGA:ADM2:59680162B21067903036313,Patani,current OCHA COD-AB NGA ADM2,Local Government Area,Patani,NG010016,0,1,True,226.055118,"[5.980889411000021, 5.095670666000103, 6.293005958000094, 5.283717196]",99,"[""Adobu"", ""Dozen Gbene"", ""Ofoni"", ""Afoni"", ""Bire-Gbene"", ""Ogheneovo-Gbene"", ""Ogbodugbene"", ""Jerimaya-Gbene"", ""Moses-Gbene"", ""Agbemagbene"", ""Brefagbene"", ""Adorbu"", ""Odorubo"", ""Perebumo Island"", ""Richardgbene"", ""Oduorugu"", ""Odorugu"", ""Benumohgbene"", ""Amukunu"", ""Owumbiri"", ""Angiama Ii"", ""Ange"", ""Uduophori Water-Side"", ""Uduophori Ii"", ""God-Deygbene"", ""Oduophori In-Land"", ""Ogele"", ""Uduophori"", ""Toru-Angiama"", ""Apelebri"", ""Ogokurugbene"", ""Gholo"", ""Biripensagbene"", ""Doigbene"", ""James Camp"", ""Okorogbene"", ""Ekenebiri"", ""Agolomo"", ""Uduophorm"", ""Angiama"", ""Erininlagbene"", ""Seikir Gbene"", ""Gbongbene"", ""Onugbene"", ""Sumasegbene"", ""Akpagbene"", ""Boluapelebri"", ""Obagbagha"", ""Aven"", ""Gold Camp"", ""Eobiri"", ""Aboso Gbene"", ""Ogugbori"", ""Ogboloma Gbene"", ""Okorie"", ""Agoruze Gbene"", ""Mukoro Camp"", ""Obosigbene"", ""Bolu Angiama"", ""Aven"", ""Eteifia"", ""Agbayagbene"", ""Torunbubo Camp I"", ""Biboghagbene"", ""Bukedeba"", ""Akpogbene"", ""Torunbubo Camp Ii"", ""Koloware"", ""Koloware"", ""Kimgbene"", ""Koloware Ii"", ""Koloiliare Ii"", ""Miyegbene"", ""Layer-Gbene"", ""Patani"", ""Okokogbene"", ""Jaweregbene"", ""Mukoro Gbene"", ""Onyagbene"", ""Arohwa Creek"", ""Aruke"", ""Asabase"", ""Anisa Iii"", ""Oluka"", ""Obare"", ""Anisa I"", ""Anisa Ii"", ""Obare"", ""Okubutake"", ""Ebiemupegbene"", ""David"", ""Oyi"", ""Oybourbo"", ""Asidani"", ""Asaba-Ase"", ""Perawari"", ""Ebelle Camp"", ""Abake Camp"", ""Abari""]",Source polygon component; not independently named as an island or proof of complete physical land coverage.
gb:NGA:ADM2:59680162B21365932465956,Ukwuani,geoBoundaries NGA ADM2 2022,Local Government Area,Ukwuani,,0,1,True,403.882941,"[6.1208791728356, 5.726475715881634, 6.377026080789051, 5.967384815057244]",,,Pinned source component; no independent named-island or complete physical land assessment.
gb:NGA:ADM2:59680162B21365932465956,Ukwuani,current OCHA COD-AB NGA ADM2,Local Government Area,Ukwuani,NG010021,0,1,True,408.72461,"[6.120879071000104, 5.726475753000102, 6.37702608100011, 5.967384742999968]",19,"[""Umuebu"", ""Obiakambu"", ""Okumesi River"", ""Okumesi"", ""Eziokpor"", ""Umukwata"", ""Obiogo"", ""Abedei"", ""Akoko"", ""Ghana Quarters"", ""Obiariku"", ""Obiaruku"", ""Obiaruku Quarters"", ""Umuedede Quarters"", ""Umusume Quarters"", ""Ogba-Ofu Quarters"", ""Obinomba"", ""Owah-Abe"", ""Umutu""]",Source polygon component; not independently named as an island or proof of complete physical land coverage.
gb:NGA:ADM2:59680162B21498960785654,Orlu,geoBoundaries NGA ADM2 2022,Local Government Area,Orlu,,0,1,True,129.831498,"[6.980762823845282, 5.733405290821565, 7.113509361567822, 5.901900164061374]",,,Pinned source component; no independent named-island or complete physical land assessment.
gb:NGA:ADM2:59680162B21498960785654,Orlu,current OCHA COD-AB NGA ADM2,Local Government Area,Orlu,NG017020,0,1,True,122.713133,"[6.973848806000035, 5.743396887000074, 7.109709297000109, 5.895269457000097]",11,"[""Umuowa"", ""Eziachi"", ""Okporo"", ""Awlu"", ""Orlu"", ""Mbwelli"", ""Ihioma"", ""Umuma"", ""Ogbelulu"", ""Obibi"", ""Okohia""]",Source polygon component; not independently named as an island or proof of complete physical land coverage.
gb:NGA:ADM2:59680162B22876202690460,Ekeremor,geoBoundaries NGA ADM2 2022,Local Government Area,Ekeremor,,0,1,True,1835.421214,"[5.375165237086094, 4.722613811378324, 5.993515966988355, 5.164695262776206]",,,Pinned source component; no independent named-island or complete physical land assessment.
gb:NGA:ADM2:59680162B22876202690460,Ekeremor,current OCHA COD-AB NGA ADM2,Local Government Area,Ekeremor,NG006002,0,1,True,1815.49232,"[5.380234769000026, 4.722613831, 5.993516061000093, 5.164695254000037]",275,"[""Obiokpo Creek"", ""Biokpo Creek"", ""Enockgbene"", ""Telosegbene"", ""Koikumogbene"", ""Lulugbene"", ""Omusumoposigbene"", ""Kaizagbene"", ""Egbelotobo"", ""Ekembagbene"", ""Ibohgbene"", ""Orikirigbene"", ""Podigbene"", ""Biekongbene"", ""Dilagbene"", ""Womoposigbene"", ""Zigbene"", ""Kingbene"", ""Bomiyegbene"", ""Olowgbene"", ""Dodionogbene"", ""Konkongbene"", ""Adolagbene"", ""Ijaw Fishing Camp"", ""Enuku"", ""Raya"", ""Clough Creek"", ""Enukugbene"", ""Emiemukumogbene"", ""Feseigbene"", ""Emiemukumo"", ""Bilabiri"", ""Bilabri"", ""Komuwegbene"", ""Gbapugbene"", ""Olubogbene"", ""Yomugbegbene"", ""Miebotugbene"", ""Isaacgbene"", ""Brass Creek"", ""Azatuta"", ""Eekemegbene"", ""Kalabotugbene"", ""Bibi"", ""Soubar"", ""Bedetebidawu"", ""Letugbene"", ""Kokotegbene"", ""Kwosigbene"", ""Egbediama"", ""Angadeghagbene"", ""Komagbene"", ""Boune"", ""Olawegbene"", ""Bekemegbene"", ""Bumianeba"", ""Oboitubo"", ""Ereyefeyre"", ""Bisagbene"", ""Diebor"", ""Bisagbene"", ""Ajatiton"", ""Azagbene-Zion"", ""Baideingbene"", ""Beniwenega"", ""New Amatu"", ""Amatu"", ""Ametu"", ""Miepougbene"", ""Etikagbene"", ""Enienemgram"", ""Kemesuodegbene"", ""Egbemangalabiri"", ""Okurugbene"", ""Ajatiton"", ""Asagbene"", ""Isarotebe"", ""Paliabebe"", ""Peruyale"", ""Okungbene"", ""Buodokumogbene"", ""Egbidiama"", ""Tukoru"", ""Torukirigbene"", ""Kpominegbene"", ""Blackgbene"", ""Amabilo"", ""Amabilou"", ""Okofaba"", ""Dodo"", ""Dodo River"", ""Tetiere"", ""Fezighagbene"", ""Aladinggbene"", ""Orubeighangbene"", ""Agbukegbene"", ""Ayeseigbene"", ""Eyefikebenagbene"", ""Agbolugbene"", ""Atalaweigbene"", ""Manizagbene"", ""Okogbene"", ""Azagbene"", ""Azegbene"", ""Abirigbene"", ""Etebre Creek"", ""Fougbene"", ""Gbotebo Creek"", ""Dirikigbene"", ""Ngolobagbene"", ""Abrahamgbene"", ""Egbemanagalabiri"", ""Azorogbene"", ""Amatu"", ""Old Amatu"", ""Ombutuaeregbene"", ""Gabrielgbene"", ""Ogeteigbene"", ""Clarks-Camp"", ""Andafagbene"", ""Fine Yellowgbene"", ""Sanatobo"", ""Gbekegbene"", ""Kurogbene"", ""Etebregbene"", ""Ok"", ""Femi Camp"", ""Ebimi-Igwe"", ""Urhobo Camp"", ""Tukorugbene"", ""Ombegbene"", ""Sunmoun"", ""Abogbene"", ""Ogonimiebigbene"", ""Friday Eko"", ""Gbentu"", ""Onduku"", ""Buldbugbene"", ""Yellowgbene"", ""Oqukusbry"", ""Amasingbene"", ""Ilas"", ""Batagbene"", ""Dokothegbene"", ""Alaru"", ""Egbekumogbene"", ""Bekebogbene"", ""Akosi"", ""Funamatugbene"", ""Iwiekpenigbene"", ""Ayoro Creek"", ""Mamwatagbene"", ""Wagana"", ""Budra Creek"", ""Gbaghagbene"", ""Omo"", ""Apelebirigbene"", ""Blackman"", ""Akarino"", ""Ufort"", ""Bebemieyefagbene"", ""Peretoregbene"", ""Tomogbene"", ""Friday"", ""Sakpa"", ""Foutorogbene"", ""Boatmangbene"", ""Jakarino"", ""Macus"", ""Tesigbene"", ""Fulu Creek"", ""Kalabari"", ""Ziakedegbene"", ""Asakagbene"", ""Bagbene"", ""Amabilou"", ""Amabulo"", ""Udotomi"", ""Jinuare"", ""Nogbene"", ""Ekengbene"", ""Okekegbogbene"", ""Opudubor"", ""Gbotebo"", ""Ogbotobo"", ""Ebikogbene"", ""Ime"", ""Ogosogbene"", ""Acragbene"", ""Tono"", ""Akpan"", ""Okon"", ""Teinmerenighagbene"", ""Apobobia"", ""Lalugbene"", ""Ogbodugbene"", ""Ayamabene"", ""Okoye"", ""Kalabari"", ""Sabano"", ""Urhobo-Camp"", ""Kanu"", ""Adagbari"", ""Orobiri"", ""Owegbene"", ""Owegbene Creek"", ""Osuopele Creek"", ""Angalawegbene"", ""Angalabenni"", ""Angalawegbene"", ""Obrigbene"", ""Obirigbene"", ""Egbusuware"", ""Fortorugbene"", ""Foutorugbene"", ""Calabar Camp"", ""Angalawegbene Creek"", ""Akorugbene Stream"", ""Ijaw Fishing Camp"", ""Toru-Ndoro"", ""Amatonyegbene"", ""Akorugbene"", ""Ndoro (Ii)"", ""Ndoro"", ""Lalagbene"", ""Andedi Creek"", ""Oburigbene"", ""Amanagbene"", ""Lalapou Creek"", ""Tolupa Creek"", ""Opuogodo Creek"", ""Ndoro Creek"", ""Torugbene"", ""Tukama"", ""Ekeremor"", ""Ekeremo"", ""Birigbene"", ""Ajamobri"", ""Ajamabri"", ""Isampou"", ""Isampo"", ""Zideyeregbene"", ""Amaboor Isampou"", ""Ayaoba Creek"", ""Amatu-Ilaje"", ""Aleibri"", ""Alebri"", ""Alobri"", ""Egbenegbene"", ""Gbaboregbene"", ""Amatu-Ijaw"", ""Ogboubagbene"", ""Timukoroba Creek"", ""Birigbene Creek"", ""Ogbotobo"", ""Tuoma"", ""Tuomo"", ""Tuomor"", ""Tunu"", ""Amazo"", ""Aghoro"", ""Aghoro I"", ""Aghoro Ii"", ""Gbotebo Creek"", ""Gbotebo"", ""Anyamasama"", ""Ayamasa"", ""Ayamassa"", ""Ayanmasa"", ""Agge"", ""Aggi"", ""Benitenghan Lake"", ""Benitenghan, Lake"", ""Bomadi Creek"", ""Bumodi Creek""]",Source polygon component; not independently named as an island or proof of complete physical land coverage.
gb:NGA:ADM2:59680162B23155718085687,Mokwa,geoBoundaries NGA ADM2 2022,Local Government Area,Mokwa,,0,1,True,3886.632455,"[4.547557515966616, 8.773600579003585, 5.811742459846698, 9.614911461694646]",,,Pinned source component; no independent named-island or complete physical land assessment.
gb:NGA:ADM2:59680162B23155718085687,Mokwa,current OCHA COD-AB NGA ADM2,Local Government Area,Mokwa,NG027017,0,1,True,5301.006034,"[4.609726900000055, 8.644262261000051, 6.394596598000021, 9.600025094000102]",143,"[""Bariak"", ""Logyunmo"", ""Logyunma"", ""Kaduna, River"", ""Kadoune"", ""Moshalachi"", ""Mosalachi"", ""Fokpo"", ""Danko"", ""Wanko"", ""Okon"", ""Sosa"", ""Gbade"", ""Baggi"", ""Bakoji"", ""Bakogi"", ""Rani"", ""Ebangi"", ""Agegi"", ""Zaraki"", ""Dzwowu"", ""Twaki"", ""Baba"", ""Koso"", ""Zakagi"", ""Dukugi"", ""Ejikonagi"", ""Shakochi"", ""Egiti"", ""Busu"", ""Gaba"", ""Lancika"", ""Kpachita Sati"", ""Kpachita Sokyanya"", ""Kupafu"", ""Angbasa"", ""Latiko"", ""Kachikoko"", ""Ndakwudu"", ""Tuasha"", ""Emiworogi Nda Tsadu"", ""Danchitagi"", ""Doko"", ""Dokotigi"", ""Tsowagba"", ""Sheshi Ewowara"", ""Edobaba"", ""Langbata"", ""Ganazhigi"", ""Bantibi"", ""Vunchi"", ""Jima"", ""Motugi"", ""Tswatagi"", ""Gwodoti"", ""Guzan"", ""Patishin"", ""Emijiko"", ""Pashaka"", ""Suntale"", ""Mana"", ""Kusoziko"", ""Gbando"", ""Emagiti"", ""Tsantsaga"", ""Mussa, River"", ""Emindakotsu"", ""Ndaloke"", ""Indaloke"", ""Kenchi"", ""Batako"", ""Masagafu"", ""Dankare"", ""Efuwagi"", ""Gana"", ""Nakupa"", ""Wuya"", ""Tungan Ndachi Dagwa"", ""Ndachi Dagwaji"", ""Tungar Ndachi Dagwa"", ""Tenepe"", ""Dakogi"", ""Labozhi"", ""Kokodi"", ""Dingi, River"", ""Rabba"", ""Raba"", ""Koshaba"", ""Epa"", ""Duma"", ""Kylema"", ""Takwagi"", ""Tsafa"", ""Ndakalowu, Lake"", ""Yunko, River"", ""Yiko"", ""Lafiagi"", ""Botalu"", ""Salifu"", ""Gidan Salifu"", ""Muwo"", ""Jangi"", ""Kwodan"", ""Kudu"", ""Kusako"", ""Buko"", ""Bukah"", ""Eku, River"", ""Mokwa"", ""Gbaki"", ""Tutentiko"", ""Egbe"", ""Gungiborku"", ""Wasa"", ""Naji Hill"", ""Chizi"", ""Karo"", ""Edugi"", ""Sungogi"", ""Unkaji"", ""Takuma"", ""Gumbu"", ""Ezhi"", ""Kutungi"", ""Tetaladan"", ""Gbotagi"", ""Tifi"", ""Sadokashi"", ""Bajibo"", ""Bitogi"", ""Dukunchi"", ""Tungar Ndaboji"", ""Tungan Ndaboji"", ""Ndaboji"", ""Akwan"", ""Yeti"", ""Bokani"", ""Eyafengi"", ""Gbogbota"", ""Woabi Station"", ""Wagba"", ""Shika"", ""Mogu Hill""]",Source polygon component; not independently named as an island or proof of complete physical land coverage.
gb:NGA:ADM2:59680162B23369049466603,Ideato South,geoBoundaries NGA ADM2 2022,Local Government Area,Ideato South,,0,2,True,8.284838,"[7.044066772663484, 5.814036866008621, 7.077096874920869, 5.846234875039499]",,,Pinned source component; no independent named-island or complete physical land assessment.
gb:NGA:ADM2:59680162B23369049466603,Ideato South,geoBoundaries NGA ADM2 2022,Local Government Area,Ideato South,,1,2,True,85.401142,"[7.109775244232196, 5.732404300418182, 7.205781999639612, 5.851543093738826]",,,Pinned source component; no independent named-island or complete physical land assessment.
gb:NGA:ADM2:59680162B23369049466603,Ideato South,current OCHA COD-AB NGA ADM2,Local Government Area,Ideato South,NG017006,0,1,True,104.155874,"[7.056075880000094, 5.758871036000073, 7.18591472200012, 5.872656698000071]",8,"[""Dikenafai"", ""Isiekenesi"", ""Umu Agwo"", ""Umu Akam"", ""Umu Akan"", ""Umu Eshi"", ""Ntueke"", ""Umu Obom""]",Source polygon component; not independently named as an island or proof of complete physical land coverage.
gb:NGA:ADM2:59680162B2351853936587,Ideato North,geoBoundaries NGA ADM2 2022,Local Government Area,Ideato North,,0,1,True,205.755179,"[7.035313759322605, 5.771705000285579, 7.259313999641392, 5.932837963001646]",,,Pinned source component; no independent named-island or complete physical land assessment.
gb:NGA:ADM2:59680162B2351853936587,Ideato North,current OCHA COD-AB NGA ADM2,Local Government Area,Ideato North,NG017005,0,1,True,182.184925,"[7.003111977, 5.805006957000103, 7.260281434000149, 5.932549293000022]",17,"[""Nduche"", ""Ndiadumora"", ""Awkwa River"", ""Urualla"", ""Uchu"", ""Uchu, River"", ""Ndiawa"", ""Ndimoko"", ""Ndia-Akeme"", ""Ndizuogu"", ""Osina"", ""Obodo"", ""Isu-Okpu"", ""Owerri Akokwa"", ""Akukwa"", ""Akokwa"", ""Akpuru""]",Source polygon component; not independently named as an island or proof of complete physical land coverage.
gb:NGA:ADM2:59680162B23543460253472,Degema,geoBoundaries NGA ADM2 2022,Local Government Area,Degema,,0,1,True,664.348949,"[6.773728550232477, 4.369443893421021, 7.024999618237814, 4.789950754623703]",,,Pinned source component; no independent named-island or complete physical land assessment.
gb:NGA:ADM2:59680162B23543460253472,Degema,current OCHA COD-AB NGA ADM2,Local Government Area,Degema,NG033008,0,1,True,986.598063,"[6.737760944000115, 4.37331009400009, 7.079228374000138, 4.820843220000086]",152,"[""Dababeay Island"", ""Fouche Island"", ""Gold Coast"", ""Lelema"", ""Abaji Creek"", ""Elem-Oproama"", ""Opokolo"", ""Okpo"", ""Kelema"", ""Akupoku"", ""Ifoko"", ""Elem Ifoko"", ""Ferupakama"", ""Omoma Creek"", ""Omoma"", ""Elem-Ifoko"", ""Elem Abalama"", ""Dariama"", ""Opurama"", ""Akainsinyeboko"", ""Fari Creek"", ""Egele"", ""Odumo"", ""Abriba"", ""Kaligidiama"", ""New Calabar Creek"", ""Ketoru Creek"", ""Elem-Agbalama"", ""Kebokokiri"", ""Ke"", ""Ikparu"", ""Erebia"", ""Ke Creek"", ""Orutemekiri"", ""Hanahkiri"", ""Elem-Tombia"", ""Elem-Bekinkiri"", ""Elem-Benkinkiri"", ""Elem Benkirikiri Cr"", ""Krikama"", ""Dekamaboko"", ""Buoyboko Creek"", ""Dekama"", ""Singiokolo"", ""Dariama"", ""Agamejekiri"", ""Okikiri"", ""Yellow Island"", ""Watson Point"", ""Krakrama Creek"", ""Krakama Creek"", ""Owupokuobu"", ""Owupokuobo"", ""Keboko"", ""Orutemekiri"", ""Imotanjikiri"", ""Okusikiri"", ""Temakiri"", ""Faluborkiri"", ""Owerekiri"", ""Berepelekiri"", ""Okikiri"", ""Elem Bekinkiri"", ""Feroapabama"", ""Okomabio"", ""Awolakakiri"", ""Samkiri"", ""Tumkiri"", ""Fenipainga"", ""Fenipanga"", ""Krakrama"", ""Ka-Adama"", ""Eferekiri"", ""New Calabar Creek"", ""Opumakiri"", ""Elem Kalabari"", ""Calabar"", ""Greemkiri"", ""Bille"", ""Bile"", ""Beghepaka"", ""Kala Tuma"", ""Tuma"", ""Gwrachochoma"", ""Opu Dabara"", ""Atubukiri"", ""Kala Dabara"", ""Buoybokokiri"", ""Buoybokukiri"", ""Ochokorocho"", ""Chokorocho"", ""Ochokocho-Obo"", ""Heynes Creek"", ""Haynes Creek"", ""Percival Point"", ""Ivy Island"", ""Lee Channel"", ""Bugama Creek"", ""Buguma Creek"", ""Bille Creek"", ""Bile Creek"", ""Billee Creek"", ""Namasibi"", ""Egenegenekiri"", ""Mingidukiri"", ""Ojukiri Opuaru"", ""Egbekiri"", ""Juju Point"", ""Samkiri"", ""Ekwokobo Creek"", ""Gogokiri"", ""Ogbomkiri"", ""Opu Ekweboko"", ""Kala Ekweboko"", ""Ibudokubokiri"", ""Primrose Creek"", ""Ekweme-Kalama"", ""Abalakiri"", ""Bakana"", ""Bakana Town"", ""Ojaima"", ""Omungukiri"", ""Apama"", ""Krakrama"", ""Old Bakana"", ""Bush Bakana"", ""Eferebokiri"", ""Degema"", ""Amanga"", ""Odirogo"", ""Ikwake Amatangolo O"", ""Ikwake"", ""Opudegema"", ""Okirika"", ""Bukuma"", ""Amangulakiri"", ""Gulakiri"", ""Amanagulakiri"", ""Udama"", ""Okpuruta"", ""Okupuruta"", ""Okpuruta"", ""Diepreye"", ""Kala-Degema"", ""Etibiligbologobo"", ""Etibiligbologbo"", ""Tombia"", ""Iwoama"", ""Harrys Town"", ""Ngbetchurukiri"", ""Ngbetokurukiri"", ""Ekenekiri""]",Source polygon component; not independently named as an island or proof of complete physical land coverage.
gb:NGA:ADM2:59680162B23595872951211,Shagari,geoBoundaries NGA ADM2 2022,Local Government Area,Shagari,,0,1,True,1370.541846,"[4.827971748897141, 12.285681663278183, 5.337788958693523, 12.800099998915869]",,,Pinned source component; no independent named-island or complete physical land assessment.
gb:NGA:ADM2:59680162B23595872951211,Shagari,current OCHA COD-AB NGA ADM2,Local Government Area,Shagari,NG034014,0,1,True,1310.003273,"[4.865916779000088, 12.278551386, 5.295190470000023, 12.78832359200004]",124,"[""Daringaru"", ""Daringuru"", ""Danpungu"", ""Gidan Tudu"", ""Daraman Birni"", ""Kere"", ""Sokoto Native Area *"", ""Mallamji Native Are*"", ""Tunga Baiki"", ""Tungabarke"", ""Gidan Barke"", ""Aski Dudu"", ""Askedodo"", ""Longo Makera"", ""Mankera"", ""Mandera"", ""Gidan Dangaladima"", ""Roga"", ""Illela"", ""Hausare"", ""Tudun Wada"", ""Gidan Mangoro"", ""Gidan Dorowa"", ""Tunga Dorowa"", ""Longo"", ""Lungu"", ""Kajiji"", ""Gora Hill"", ""Babuji"", ""Busawa"", ""Ungwan Malamawa"", ""Aggur"", ""Kaisoje"", ""Sainyinan Yabo"", ""Runji"", ""Tofa"", ""Karoga"", ""Rugan-Burla"", ""Rinaye"", ""Rinai"", ""Nelba, River"", ""Badaka"", ""Mareke"", ""Kaura"", ""Malinkaye Hill"", ""Gidan Husaini"", ""Yola"", ""Bedel Hill"", ""Nahuchi"", ""Bulanyaki"", ""Ela"", ""Kaura Wanke"", ""Wanke"", ""Kwambama"", ""Kwabawa"", ""Kambamma"", ""Kambama"", ""Silbawa"", ""Sullubawa"", ""Dan Tula, Dutsen"", ""Kaura"", ""Gurunzumi"", ""Badiya"", ""Badiyawa"", ""Gidan Tudu"", ""Gidan Ardo"", ""Dorowa"", ""Dorawa"", ""Shagari"", ""Rafin Sho├Çoaibi"", ""Rafin Sho├Çoaibu"", ""Qlobawa"", ""Olobawa"", ""Gidan Bawura"", ""Gidan Baura"", ""Kalangu"", ""Kaurare"", ""Gadara Magaji"", ""Adegata"", ""Bela"", ""Bala"", ""Dandaji"", ""Dundeji"", ""Lambara"", ""Gwarka Ido"", ""Ruga Buga"", ""Rugar Buda"", ""Gone"", ""Gwanaye"", ""Jorovija Creek"", ""Faranja"", ""Mela"", ""Illela"", ""Tsofo"", ""Tsofa"", ""Dalijam"", ""Kangi"", ""Adiga"", ""Adegata"", ""Takalmawa"", ""Ganga"", ""Gangam"", ""Dakalamawa Hill"", ""Adamu"", ""Adam"", ""Ginga"", ""Rugar Magaji"", ""Rogan Magaji"", ""Rugar Fako"", ""Gidan Sarkin Dutse"", ""Maiturare"", ""Horo Birni"", ""Foro"", ""Dendi"", ""Dandi"", ""Rugar Alkali"", ""Rugan Kale"", ""Rugga Alkali"", ""Mabera"", ""Rugar Cumo"", ""Rugan Gamau"", ""Rugga Cumo"", ""Jaredi"", ""Gwalare Hill""]",Source polygon component; not independently named as an island or proof of complete physical land coverage.
gb:NGA:ADM2:59680162B23598949397905,Esan North-East,geoBoundaries NGA ADM2 2022,Local Government Area,Esan North-East,,0,1,True,345.284416,"[6.237312755978962, 6.648426056317476, 6.53014085721486, 6.925326824173624]",,,Pinned source component; no independent named-island or complete physical land assessment.
gb:NGA:ADM2:59680162B23598949397905,Esan North-East,current OCHA COD-AB NGA ADM2,Local Government Area,Esan North East,NG012004,0,1,True,342.03618,"[6.239731996000046, 6.636358843000039, 6.530869945000177, 6.925326903000155]",29,"[""Eko-Ibadin"", ""Uberomu"", ""Obieroumu"", ""Uwalor"", ""Ekomodda"", ""Efahdion"", ""Efandion"", ""Ifadion"", ""Uromi"", ""Ukoni"", ""Amendhokian"", ""Amedokai"", ""Obedu"", ""Awo"", ""Ivune"", ""Ivue"", ""Iluwozi"", ""Uroh"", ""Ebulen"", ""Ebuen"", ""Olihlin"", ""Olili"", ""Awoiki"", ""Ewoiki"", ""Ewoki"", ""Idunegbon"", ""Iaunegbon"", ""Uzua"", ""Ebu""]",Source polygon component; not independently named as an island or proof of complete physical land coverage.
gb:NGA:ADM2:59680162B23949108035203,Ajaokuta,geoBoundaries NGA ADM2 2022,Local Government Area,Ajaokuta,,0,1,True,1621.488526,"[6.292051954634076, 7.219050979319263, 6.757874296661498, 7.786450863316759]",,,Pinned source component; no independent named-island or complete physical land assessment.
gb:NGA:ADM2:59680162B23949108035203,Ajaokuta,current OCHA COD-AB NGA ADM2,Local Government Area,Ajaokuta,NG023002,0,1,True,1380.921192,"[6.404452900000024, 7.219572917000164, 6.755963742000063, 7.782393682000134]",31,"[""Gbakel"", ""Gbalashe Hill"", ""Onado"", ""Ogoddo"", ""Ajaokuta"", ""Ohunene"", ""Ugoli"", ""Idibo"", ""Nashe"", ""Iloshi"", ""Ilashe"", ""Adogo"", ""Eganyi"", ""Ogain"", ""Ebiya"", ""Ilubusechi"", ""Ajaokuta Forest Res"", ""Igbirra Native Area"", ""Egein Hill"", ""Eganyi Hill"", ""Geregu"", ""Ero"", ""Yasa, River"", ""Yasa"", ""Yasa River"", ""Ero River"", ""Ero, River"", ""Ero"", ""Kuroko"", ""Osara Forest Reserve"", ""Igbirra Native Area""]",Source polygon component; not independently named as an island or proof of complete physical land coverage.
gb:NGA:ADM2:59680162B23991224305955,Okene,geoBoundaries NGA ADM2 2022,Local Government Area,Okene,,0,1,True,110.018078,"[6.133570670849849, 7.468395709394542, 6.297750181425783, 7.575310800553041]",,,Pinned source component; no independent named-island or complete physical land assessment.
gb:NGA:ADM2:59680162B23991224305955,Okene,current OCHA COD-AB NGA ADM2,Local Government Area,Okene,NG023017,0,1,True,298.319354,"[6.158284262000166, 7.34199621099998, 6.489715627000123, 7.560280510999974]",5,"[""Obuhira"", ""Agasa"", ""Okene"", ""Okeni"", ""Okengwe""]",Source polygon component; not independently named as an island or proof of complete physical land coverage.
gb:NGA:ADM2:59680162B24502748844916,Bakura,geoBoundaries NGA ADM2 2022,Local Government Area,Bakura,,0,1,True,1780.420857,"[5.588209408337548, 12.24190414905729, 6.105700000754496, 12.882928361554718]",,,Pinned source component; no independent named-island or complete physical land assessment.
gb:NGA:ADM2:59680162B24502748844916,Bakura,current OCHA COD-AB NGA ADM2,Local Government Area,Bakura,NG037002,0,1,True,1501.646521,"[5.685080204000144, 12.279207040000074, 6.099613691000059, 12.839669393000179]",17,"[""Dikko"", ""Dakko"", ""Ruwan Gora"", ""Damri"", ""Rakuma Sokoto Nativ"", ""Rakuma Native Area"", ""Dumai Hill"", ""Bakura Tureta Nativ*"", ""Bakura Tureta Sokot*"", ""Bobo"", ""Yarkofoji"", ""Natu, Lake"", ""Yami Hill"", ""Rini"", ""Bakura"", ""Dampo"", ""Nasarawa""]",Source polygon component; not independently named as an island or proof of complete physical land coverage.
gb:NGA:ADM2:59680162B24636018787341,Igalamela-Odolu,geoBoundaries NGA ADM2 2022,Local Government Area,Igalamela-Odolu,,0,1,True,2078.057582,"[6.693305016113641, 6.783043861085389, 7.368657588576923, 7.289628982991246]",,,Pinned source component; no independent named-island or complete physical land assessment.
gb:NGA:ADM2:59680162B24636018787341,Igalamela-Odolu,current OCHA COD-AB NGA ADM2,Local Government Area,Igalamela-Odolu,NG023008,0,1,True,2114.040873,"[6.703430038000135, 6.783043832000146, 7.367583360000083, 7.289629038999976]",81,"[""Ameke"", ""Okwoengele"", ""Alakija"", ""Akpatebe"", ""Ogwogbo"", ""Afulugo"", ""Ekwuroko"", ""Okpongi"", ""Afulugo"", ""Afa"", ""Ochikwachikwa"", ""Ugwaka"", ""Igwaka"", ""Igwogwo"", ""Igala Native Area N"", ""Southern Adoru Fore"", ""Adoru"", ""Ojuwueyele"", ""Olojoba"", ""Ogbagwu"", ""Akpanya"", ""Akpaniya"", ""Igala Native Area N"", ""Ibaji Ojoku Forest"", ""Ajitata"", ""Agitata"", ""Anike"", ""Aneke"", ""Afogba"", ""Afagba"", ""Alakwa"", ""Akynia"", ""Akinia"", ""Egabada"", ""Agobada"", ""Okpolo, River"", ""Okpolo River"", ""Okpolo"", ""Okula, River"", ""Okulu"", ""Okulu River"", ""Okoro, River"", ""Okura"", ""Eruku"", ""Okopu"", ""Akopo"", ""Obolimi"", ""Ogbolimi"", ""Ogbobo"", ""Ugbobo"", ""Nosee"", ""Oforochi"", ""Oforachi"", ""Okoketti"", ""Okokete"", ""Ogbogbo"", ""Agbobo"", ""Ogbobo"", ""Aloude"", ""Alode"", ""Alaude"", ""Ebotchi"", ""Ibochi"", ""Adoru Forest Reserve"", ""Igala Native Area N"", ""Kabba Native Area N"", ""Angba"", ""Obele, River"", ""Ogonitsoa"", ""Ogbonicha"", ""Eke Amanenga"", ""Abedamegu"", ""Obedamagu"", ""Ajaka"", ""Ofafu"", ""Ojiri"", ""Akpopo"", ""Akpo"", ""Ajaka Hill"", ""Ogogba"", ""Agagba""]",Source polygon component; not independently named as an island or proof of complete physical land coverage.
gb:NGA:ADM2:59680162B25214275797379,Ado-Ekiti,geoBoundaries NGA ADM2 2022,Local Government Area,Ado-Ekiti,,0,1,True,277.750447,"[5.113187260783491, 7.54019476307792, 5.36915289598943, 7.700854246226527]",,,Pinned source component; no independent named-island or complete physical land assessment.
gb:NGA:ADM2:59680162B25214275797379,Ado-Ekiti,current OCHA COD-AB NGA ADM2,Local Government Area,Ado Ekiti,NG013001,0,1,True,361.106236,"[5.106438580000031, 7.537245178000148, 5.399282952000021, 7.71547311900008]",51,"[""Ogbesse River"", ""Ogbesse Forest Rese*"", ""Uro-Elemo"", ""Adugboku"", ""Igirigiri"", ""Idemo-Oko"", ""Odo-Asa"", ""Igbo-Aso"", ""Kajola"", ""Ekiti Division"", ""Omi-Eku"", ""Ago-Igbira"", ""Omi-Oloko"", ""Ireje"", ""Igbodogi"", ""Ita-Eku"", ""Ago Ologunja"", ""Ago"", ""Aduloju"", ""Erifun"", ""Erifun"", ""Ireje"", ""Erifun"", ""Ago-Igbira"", ""Odo"", ""Orunro"", ""Elemi"", ""River Elemi"", ""Elemi River"", ""Ago-Orokunja"", ""Ago-Igbira"", ""Ago-Araromi"", ""Ado-Ekiti"", ""Emirin"", ""Ago-Igbira"", ""Igbogun"", ""Ibogun"", ""Ago-Igbira"", ""Ago-Igbira"", ""River Airi"", ""Airi"", ""Airi River"", ""Alamoji"", ""River Alamoji"", ""Alamoji River"", ""Ekiti State"", ""Ofin"", ""Ago-Ijaiye"", ""Iso"", ""Aye"", ""Ilokun""]",Source polygon component; not independently named as an island or proof of complete physical land coverage.
gb:NGA:ADM2:59680162B25309364748934,Maru,geoBoundaries NGA ADM2 2022,Local Government Area,Maru,,0,1,True,7420.753802,"[5.815895529055467, 10.963452494237288, 6.907266617260632, 12.408390464748209]",,,Pinned source component; no independent named-island or complete physical land assessment.
gb:NGA:ADM2:59680162B25309364748934,Maru,current OCHA COD-AB NGA ADM2,Local Government Area,Maru,NG037010,0,1,True,7215.510148,"[5.816627728000128, 10.86342122200017, 6.746890166000128, 12.424840386000085]",350,"[""Kabago, River"", ""Kinaki, River"", ""Lamba Hill"", ""Kazage, River"", ""Kwiambana, River"", ""Kumuna, River"", ""Kabogo, River"", ""Kakum, River"", ""Kakomb River"", ""Kukomb River"", ""Kwiambana Forest Re"", ""Rikua, River"", ""Kwiambana"", ""Sangeku"", ""Sengiakun"", ""Sangeko"", ""Jima, River"", ""Goriba"", ""Sangeko Hill"", ""Bugana Hills"", ""Doka Ayi"", ""Mawadach"", ""Kiyu"", ""Mawadaci"", ""Sofon-Madada"", ""Sabon Madada"", ""Katoge"", ""Karauchi, Gulbin"", ""Maiweiwei, River"", ""Mahuta"", ""Dan Ganji"", ""Kini, River"", ""Maholo"", ""Sabon Wuri"", ""Gando"", ""Ungwan-Makeri"", ""Sabonwuri"", ""Sarkin Baka"", ""Baba Gigiyan"", ""Modachi Fulani Camp"", ""Magunzuru, River"", ""Dogo Gigiyan"", ""Dogo Digiyan"", ""Ungwan Kati"", ""Guzuma, River"", ""Doka-Inga"", ""Damani"", ""Sarkin Noma"", ""Gidan Galadima"", ""Kwai"", ""Ungwan Dan Bauci"", ""Adobo, River"", ""Yar-Mahanga"", ""Ungwan Gateri"", ""Dandala"", ""Maiswashi"", ""Ungwan-Wadai"", ""Ungwan Kati"", ""Angwan Nababa"", ""Ungwan Tango"", ""Ungwan Dan Mori"", ""Dan-Gurgu"", ""Kaboro"", ""Marafe"", ""Ungwan Katoye"", ""Angwan Bawamakeri"", ""Maratchakwa"", ""Sando, River"", ""Gidan Dago"", ""Ungwan Sarkin Makera"", ""Shouda"", ""Shauda"", ""Madaka"", ""Maigeso"", ""Ungwan Dangaladima"", ""Baba-Doka"", ""Angwan-Audu"", ""Sabongeri"", ""Sabongari"", ""Ungwan-Iwa"", ""Kazarma"", ""Ungwan Sarikin Taba"", ""Shauda"", ""Gidan-Ada"", ""Madanza Hill"", ""Sabongari"", ""Dajiawadoka, River"", ""Dogon-Auo"", ""Danhawa"", ""Tsamiya"", ""Angwan-Lima"", ""Angwan-Dabawa"", ""Doka Yonga"", ""Dada"", ""Kujemi"", ""Mai Tukuniyan Baban"", ""Angwan-Dodo"", ""Katsalle"", ""Dan Sadau"", ""Majawa, River"", ""Angwan-Maiwasa"", ""Dousaye"", ""Baban Doka"", ""Karauchi Hills"", ""Ungwan Rimi"", ""Karauchi"", ""Shakarabi"", ""Ungwan-Dan-Yaro"", ""Kabba"", ""Kazage"", ""Tofa"", ""Mai Tukuniyan Dangu"", ""Gidan Baru"", ""Sabon Ungwa"", ""Baban-Kada"", ""Angwa Kao"", ""Dadinkowa"", ""Tudun Raha"", ""Haikini"", ""Gidan Matoro"", ""Mezomaye Hill"", ""Yensawoyu"", ""Ruwan-Tofa"", ""Ungwan Hashimu"", ""Yersaura"", ""Badau"", ""Ungwan Maisentu"", ""Makegogo, River"", ""Makegogo River"", ""Ungwa-Danbau"", ""Malamawa"", ""Yawa, River"", ""Sanni"", ""Angwa Han-Han"", ""Zaman-Lafia"", ""Ungwan Gwandu"", ""Makina"", ""Kasage, River"", ""Angwa Yisa"", ""Ungwan Gwandu"", ""Tabani-Marabawa"", ""Tundunrahaje"", ""Babeku, River"", ""Maitankari"", ""Macikawa Matoru"", ""Unguwan Waki"", ""Ungwan-Waki"", ""Balachar"", ""Majara"", ""Gidan-Baraji"", ""Ungwan-Mai Awiki"", ""Rikiza Dakin Baona"", ""Ungwan Mika"", ""Alli"", ""Marabu"", ""Maraba"", ""Ungwan Dangeda"", ""Malele Hill"", ""Sabon-Magama"", ""Ungwa Magoje"", ""Ungwan Magoje"", ""Ungwan Magama"", ""Ungwan-Dutsi"", ""Gidan Gomna"", ""Malele"", ""Dabakun"", ""Angwan Jikambara"", ""Ungwan Citama"", ""Manawa, River"", ""Kanjirawa"", ""Ungwan Dankoma"", ""Gidan Maiawaki"", ""Dandago"", ""Kwana Dorawa"", ""Bitawa"", ""Tungan-Kawo"", ""Manawa"", ""Han-Han"", ""Gidan-Magana"", ""Mairairai, River"", ""Mogorgoda"", ""Gidan Galadima"", ""Majara"", ""Ungwan-Mani"", ""Maraba"", ""Doka Bakwai"", ""Dandiyan"", ""Sarkin-Daji"", ""Ganyin, River"", ""Gidan Malam Audu"", ""Lauce"", ""Yahu Hill"", ""Madasa Hill"", ""Muntsare"", ""Tsofon-Maigama"", ""Maikafi Hill"", ""Muntsare"", ""Mutumji"", ""Old Marabu"", ""Marabu"", ""Gidan-Barawo"", ""Ungwan Kawo"", ""Maigama"", ""Dan Kuku"", ""Wabi"", ""Ungwan Laya"", ""Danfasa"", ""Gidan-Mani"", ""Tudun-Raha"", ""Doka"", ""Maraya"", ""Dan Kuku"", ""Magama"", ""Marabu Hills"", ""Ungwan-Wakili"", ""Konjeri, River"", ""Sakadawa"", ""Kwana"", ""Danlasa"", ""Lamba Hill"", ""Randi Hill"", ""Bakisa"", ""Gidan Dubu"", ""Wabi Hill"", ""Gazamba Hill"", ""Yantaura Hill"", ""Jangefe"", ""Tasa"", ""Ranko"", ""Marabu-Bawa"", ""Ungwan Hausa"", ""Wabi-Gwunki"", ""Tudun Wada"", ""Kasanfani Hill"", ""Mai-Marahu"", ""Marabu-Abu"", ""Unguwar Tsofo Pada"", ""Tsofo Pada"", ""Ungwan Tsofo Poda"", ""Unguwar Bado"", ""Ungwan Bado"", ""Kanunu River"", ""Kanunu, River"", ""Surimi"", ""Unguwar Dan Baidu"", ""Dan Baidu"", ""Ungwan-Dan Baidu"", ""Mai-Iwa, River"", ""Jan Manyan"", ""Jan Manyan, River"", ""Bawan Adan"", ""Bawan Adan, River"", ""Chabi"", ""Chabi, River"", ""Daraga"", ""Unguwar Mallam Naka"", ""Mallam Nakande"", ""Ungwan Mallam Nakan"", ""Banaga"", ""Matan Kari"", ""Dan Gulbi"", ""Dan Kaina"", ""Bindim"", ""Maru-Bongudu Sokoto*"", ""Maru Bongudu Native*"", ""Konwa"", ""Garba"", ""Gidan Garba"", ""Margarzaga"", ""Dutsin Margarzaga"", ""Dutsin Margargaza"", ""Dutsen Margarzaga"", ""Blake"", ""Dunkani Hill"", ""Matseri"", ""Gindi, Gulbin"", ""Guidan Gindi"", ""Gulbin Gindi, River"", ""Bini"", ""Ben"", ""Matseri, Dutsin"", ""Mafuta"", ""Mareri"", ""Dan Zara Hill"", ""Maje"", ""Maje (2)"", ""Gidan Dan Tape"", ""Malmayi"", ""Guidan Giasa"", ""Gidan Giasa"", ""Gabyer"", ""Bakura"", ""Madochi"", ""Bingi"", ""Lumbel"", ""Dajuku"", ""Dogon Daji"", ""Manya"", ""Yan Uku Hill"", ""Baban Gebe"", ""Gida Jebo"", ""Gida Jebo"", ""Gidan Jebo"", ""Baban Gebe"", ""Karubka"", ""Zamfara State"", ""Alafa"", ""Tudun Wada"", ""Kwantagaro"", ""Mahuta"", ""Mariya"", ""Maraya"", ""Tudun Saigi"", ""Ban Zara Hill"", ""Dan Zara"", ""Ashar Lafia"", ""Kanoma"", ""Kanoma Hill"", ""Kainoma Hill"", ""Ruwan Doruwa"", ""Ruwan Dorowa"", ""Manya"", ""Bom Bami"", ""Takasa"", ""Kukulai"", ""Gidan Le"", ""Gidan Ile"", ""Kade Daba"", ""Saiboji"", ""Baramongu Hill"", ""Rugu Mawa"", ""Kwara"", ""Maru"", ""Maraba Hill"", ""Kabai"", ""Yabaka"", ""Gomanan"", ""Gellami"", ""Maiinchi"", ""Mainchi"", ""Maiinchi (2)"", ""Barin Ruwa"", ""Maiinchi (2)"", ""Maiinchi"", ""Magalia"", ""Lugga"", ""Chika"", ""Baban Gebe"", ""Dukki"", ""Fon Kada""]",Source polygon component; not independently named as an island or proof of complete physical land coverage.
gb:NGA:ADM2:59680162B25728635468586,Tureta,geoBoundaries NGA ADM2 2022,Local Government Area,Tureta,,0,1,True,1868.197846,"[5.26157029473336, 12.252433949367344, 5.772623778264801, 12.784173057640544]",,,Pinned source component; no independent named-island or complete physical land assessment.
gb:NGA:ADM2:59680162B25728635468586,Tureta,current OCHA COD-AB NGA ADM2,Local Government Area,Tureta,NG034020,0,1,True,2299.360385,"[5.245155778000139, 12.252434228000027, 5.76475363100019, 12.71441839300013]",48,"[""Dogaiyi"", ""Mallamji"", ""Dan Tulu Hill"", ""Kawara Sokoto Nativ*"", ""Kawara Native Area *"", ""Yanuku Hill"", ""Kurua"", ""Karua"", ""Gidan Walu"", ""Wumumu"", ""Dunsura Hill"", ""Tuluwa"", ""Tulluwa"", ""Fura Girke"", ""Gidan Dan Giwa"", ""Duma"", ""Gidan Dahabsa"", ""Gilbundi, River"", ""Kagatakowa"", ""Modoma"", ""Modomowe"", ""Modomowa"", ""Tsamiya"", ""Tsama"", ""Tsamia"", ""Tudun Samberu"", ""Tungan Samberu"", ""Bwaka Hamadawa"", ""Boka"", ""Bwoka Noma"", ""Rafin Buda"", ""Kauran Mallam"", ""Kaura Malun"", ""Kaura Mulun"", ""Boka"", ""Tureta"", ""Lofa"", ""Wanfere"", ""Wamfere"", ""Gidan"", ""Gidan Gulbi"", ""Kaura Girke"", ""Dan Malga"", ""Bimasa"", ""Malana"", ""Keloji"", ""Keloji Hill"", ""Numba Tureta""]",Source polygon component; not independently named as an island or proof of complete physical land coverage.
gb:NGA:ADM2:59680162B26925253941931,Yagba West,geoBoundaries NGA ADM2 2022,Local Government Area,Yagba West,,0,1,True,1275.929329,"[5.321502686100132, 8.017642974843454, 5.70140933966934, 8.538522719947593]",,,Pinned source component; no independent named-island or complete physical land assessment.
gb:NGA:ADM2:59680162B26925253941931,Yagba West,current OCHA COD-AB NGA ADM2,Local Government Area,Yagba West,NG023021,0,1,True,1285.131156,"[5.321502720000183, 8.017642983000087, 5.701409422000097, 8.538522623000063]",29,"[""Ogbe"", ""Erigi, River"", ""Oga"", ""Ogga"", ""Okere"", ""Oke-Eri"", ""Egbe"", ""Omi"", ""Odo Pete"", ""Odo Ere"", ""Eri"", ""Iyamerin Okeri"", ""Igbaruku"", ""Oyi, River"", ""Okurun"", ""Okunron"", ""Okunran"", ""Odo Eri"", ""Ejiba"", ""Ahun"", ""Aun"", ""Orisa, River"", ""Owuru, River"", ""Okoloke"", ""Okoloki"", ""Offe"", ""Ofi"", ""Isanlu Esa"", ""Sanlu""]",Source polygon component; not independently named as an island or proof of complete physical land coverage.
gb:NGA:ADM2:59680162B27389948970996,Illela,geoBoundaries NGA ADM2 2022,Local Government Area,Illela,,0,1,True,1024.523176,"[5.149488793573028, 13.481600001438949, 5.536123360804481, 13.859696172240604]",,,Pinned source component; no independent named-island or complete physical land assessment.
gb:NGA:ADM2:59680162B27389948970996,Illela,current OCHA COD-AB NGA ADM2,Local Government Area,Illela,NG034008,0,1,True,1081.328999,"[5.149669350000067, 13.48469937100009, 5.536008833000153, 13.878359909000096]",165,"[""Tungan Matchi"", ""Tunga Matsi"", ""Mulela"", ""Kiliya"", ""Darma Galadima"", ""Maimasu"", ""Tankari"", ""Dankado, River"", ""Marake"", ""Maimasu Valley"", ""Kalaba"", ""Dabage"", ""Gidan Aihasan"", ""Gidan Alhasan"", ""Waiyaka"", ""Marake"", ""Dantule"", ""Achida"", ""Acida"", ""Tungan Jigo"", ""Tunga Jigo"", ""Buwadi"", ""Sabongari"", ""Isiyako"", ""Darma Dodo"", ""Mamansuka Tudu"", ""Mamasuka Tudu"", ""Tunga Diya"", ""Damba Diko"", ""Dambaana"", ""Gidan Gawo"", ""Dumaji"", ""Tunga Ilo"", ""Gidan Sauna"", ""Jagu"", ""Tarike, Lake"", ""Sauna"", ""Zauna"", ""Bakar Garkuwa"", ""Rugu Huru"", ""Tambuje"", ""Dan Tambuje"", ""Sabon Gari"", ""Gidan Tudu"", ""Tarike"", ""Dumaji"", ""Labida"", ""Gidan Hamma"", ""Umbulula"", ""Umbarula"", ""Gidan Gwayo"", ""Gudumgudum"", ""Gidan Yodi"", ""Sangalandam"", ""Gudungudu"", ""Tungan Zango"", ""Kiri"", ""Imwala"", ""Kwakwara"", ""Rangandawa"", ""Ruga"", ""Sansani Valley"", ""Takajabi Pond"", ""Dantudu"", ""Masasa"", ""Takajabi"", ""Dabagi"", ""Garu"", ""Tanfaga, River"", ""Buwa Diawa"", ""Gidan Sandaga"", ""Garu Hill"", ""Garu Baba"", ""Gidan Faja"", ""Bauni Forest Reserve"", ""Haragawa"", ""Here"", ""Sangon Buza"", ""Chirare"", ""Masalawan Duchi"", ""Gidan Kata"", ""Basanta"", ""Dogo Marke, Pond"", ""Kwandamo"", ""Gidan Labaran"", ""Zauna Native Area F*"", ""Sokoto Native Area *"", ""Gidan Bongo"", ""Gidan Bango"", ""Goran Bongo"", ""Gidan Makera"", ""Masalawa Baba"", ""Malali"", ""Kwarare, River"", ""Gardau"", ""Gaidau"", ""Tozai Hill"", ""Garu Native Area Fo*"", ""Garu Native Area Nu*"", ""Tozai"", ""Gidan Kura"", ""Masawa"", ""Sabongari Masawa"", ""Gidan Fulani"", ""Gidan Makera"", ""Rumjin Dutse"", ""Bakachira"", ""Tumbulumkum"", ""Chanchawa"", ""Munwadata"", ""Tumbulumkum"", ""Rumji"", ""Koringo"", ""Rumji Sabongari"", ""Baile, Lake"", ""Rumji Dan Tudu"", ""Amarawa"", ""Kalmalo, Lake"", ""Dango"", ""Gidan Duka"", ""Katanga"", ""Dango Hill"", ""Tudun Gudali"", ""Tapkin Taramna"", ""Gidan Fako"", ""Zungururu"", ""Gidan Gidi"", ""Kalmalo"", ""Zunguru Hill"", ""Illela"", ""Gidan Kiasu"", ""Tudun Aya"", ""Jaima"", ""Gidan Ajia"", ""Sonani"", ""Damboko"", ""Danboka"", ""Damboka"", ""Kursa"", ""Kurusawa"", ""Nasarawa"", ""Lafanichiwake"", ""Tunga Nama"", ""Tuga Nama"", ""Kurusawa"", ""Hura"", ""Roga"", ""Gidan Ajia"", ""Araba"", ""Bakin Dutse"", ""Gidan Dansiwake"", ""Lafani-Tudu"", ""Hasamawa"", ""Kirba"", ""Gati"", ""Lafani Hill"", ""Gidan Kiriya"", ""Lakoda"", ""Babou Dole"", ""Gati Hill"", ""Lakoda Hill"", ""Gidan Damau"", ""Gidan Gutiya"", ""Tungan-Rungunmawa"", ""Zongo Botoro""]",Source polygon component; not independently named as an island or proof of complete physical land coverage.
gb:NGA:ADM2:59680162B27901935497545,Port-Harcourt,geoBoundaries NGA ADM2 2022,Local Government Area,Port-Harcourt,,0,1,True,72.264355,"[6.957880245277124, 4.735027981855922, 7.06953269517777, 4.830876610367341]",,,Pinned source component; no independent named-island or complete physical land assessment.
gb:NGA:ADM2:59680162B27901935497545,Port-Harcourt,current OCHA COD-AB NGA ADM2,Local Government Area,Port-Harcourt,NG033022,0,1,True,108.197233,"[6.940553803000057, 4.712442867000107, 7.078012280000053, 4.824065232000066]",33,"[""Child Point"", ""Kalabia Creek"", ""Kolabia Creek"", ""Kolabi Creek"", ""Akubiakri Creek"", ""Abutory Creek"", ""Abuturu Creek"", ""Borokiri"", ""Omo Ema Creek"", ""Elechi Creek"", ""Elecki"", ""Amadi Creek"", ""Port Harcourt"", ""Abuloma"", ""Okoro"", ""Amadi Flats"", ""Amadi"", ""Orogbum"", ""Eremo Ogbogoro"", ""Eremogbogoro"", ""Eremo Ogbagoro"", ""Amatagwolo"", ""Diobu"", ""Rumuoparali"", ""Elechi"", ""Oroworokwo"", ""Rumukalagba"", ""Elekahia"", ""Woji"", ""Orowokwo-Woji"", ""Orowokwo-Woji"", ""Umueme"", ""Rumueme""]",Source polygon component; not independently named as an island or proof of complete physical land coverage.
gb:NGA:ADM2:59680162B28016750993437,Rabah,geoBoundaries NGA ADM2 2022,Local Government Area,Rabah,,0,1,True,2129.837238,"[5.36132595592818, 12.748793268794373, 6.05719999988014, 13.256630898996832]",,,Pinned source component; no independent named-island or complete physical land assessment.
gb:NGA:ADM2:59680162B28016750993437,Rabah,current OCHA COD-AB NGA ADM2,Local Government Area,Rabah,NG034012,0,1,True,2393.774364,"[5.351415583000119, 12.731323414000087, 6.045502086000113, 13.26433870600016]",79,"[""Sangiwa"", ""Dankaiwa Native Are"", ""Dankaiwa Soloto Nat"", ""Bageya"", ""Bogeya"", ""Alikeru"", ""Tsamiya"", ""Tsamia"", ""Gandi"", ""Gwanga Hill"", ""Maradi"", ""Kursa"", ""Kuriya"", ""Kursa"", ""Kursa"", ""Birnin Zomo"", ""Kaiwa"", ""Rara"", ""Kaiwa"", ""Kundus"", ""Butu"", ""Ajurawa"", ""Tsage"", ""Rututuwa"", ""Boyi"", ""Gidan-Buwai"", ""Worofacca"", ""Kalhu"", ""Gurgawo"", ""Chakaltu"", ""Rakwamni"", ""Gwadadi"", ""Kudukudu"", ""Sagge"", ""Tunga"", ""Chakaltu"", ""Marinawa"", ""Anganba"", ""Gidan Mirabu"", ""Gidan Doka"", ""Gidan Donka"", ""Dalijam"", ""Riji"", ""Raba"", ""Gundumi Sokoto Nati*"", ""Gundumi Native Area*"", ""Gundumi Forest Rese*"", ""Maikujera"", ""Gidan Magajia"", ""Kworila"", ""Rafin Daji"", ""Gidan Magaji"", ""Maniawa, River"", ""Burmawa Yusufu"", ""Longo"", ""Dundaye"", ""Dunde"", ""Tofa"", ""Gawakuke"", ""Gawakoke"", ""Gidan Amada"", ""Rabah"", ""Gidan Sarkin Adar"", ""Kogogo Hill"", ""Metsin Kai Hill"", ""Metsenkai Hill"", ""Kogogo"", ""Tabanni"", ""Sabaru"", ""Farfar Sokoto Nativ"", ""Farfar Native Area"", ""Farfar Forest Reser"", ""Tumbula"", ""Rikaka Magaji"", ""Rikaka"", ""Tumbulla"", ""Rikaka"", ""Tursa"", ""Gawo""]",Source polygon component; not independently named as an island or proof of complete physical land coverage.
gb:NGA:ADM2:59680162B28606864431003,Ndokwa West,geoBoundaries NGA ADM2 2022,Local Government Area,Ndokwa West,,0,1,True,808.602744,"[6.166832446560193, 5.619166851169268, 6.479153156193263, 6.030232907422771]",,,Pinned source component; no independent named-island or complete physical land assessment.
gb:NGA:ADM2:59680162B28606864431003,Ndokwa West,current OCHA COD-AB NGA ADM2,Local Government Area,Ndokwa West,NG010012,0,1,True,821.939775,"[6.166832493000186, 5.619166900000039, 6.479153280999981, 6.030232952000063]",48,"[""Emu-Uno"", ""Owe"", ""Emu-Obiogo"", ""Obi-Obawu"", ""Emu-Obodeti"", ""Emu-Ebendo"", ""Abbi"", ""Umusedeli"", ""Inam"", ""Opaetensm"", ""Umuseta"", ""Arogun"", ""Orogun"", ""Utagba"", ""Umusadege"", ""Ogbe"", ""Obetim"", ""Kwale"", ""Kwale Station"", ""Utue-Ogume"", ""Osemele"", ""Ezionum"", ""Umubu"", ""Umuosonwu"", ""Umuosonmu"", ""Igbe-Ogume"", ""Ogbole-Ogume"", ""Obetim-Uno"", ""Ogume"", ""Amai-Nge"", ""Amai"", ""Isikaguma"", ""Isikaguma Quarters"", ""Umuekum-Amai"", ""Umuekun-Amai"", ""Umuchime Ogume"", ""Ogbagu Ogume"", ""Onicha"", ""Utagba Uno"", ""Omu River"", ""Omu"", ""Atuar"", ""Atuar-Etiti"", ""Mokonokpor"", ""Umusa-Dege"", ""Ekum Osadegbe"", ""Umusa-Dege"", ""Atuar""]",Source polygon component; not independently named as an island or proof of complete physical land coverage.
gb:NGA:ADM2:59680162B28887917480980,Ogba/Egbema/Ndoni,geoBoundaries NGA ADM2 2022,Local Government Area,Ogba/Egbema/Ndoni,,0,1,True,892.011369,"[6.476556778372696, 5.177153394813388, 6.762536049399216, 5.689925194092496]",,,Pinned source component; no independent named-island or complete physical land assessment.
gb:NGA:ADM2:59680162B28887917480980,Ogba/Egbema/Ndoni,current OCHA COD-AB NGA ADM2,Local Government Area,Ogba/Egbema/Ndoni,NG033016,0,1,True,958.330953,"[6.47655668900012, 5.172273367000116, 6.7944498600001, 5.72363549500011]",115,"[""Ihubogo"", ""Umurie"", ""Odiemudi"", ""Odieke"", ""Uwaji"", ""Akabuka"", ""Itu"", ""Erema"", ""Erima"", ""Erema"", ""Akabuka"", ""Obrama"", ""Akabuka"", ""Ibewa"", ""Obukegi"", ""Iduobosuku"", ""Obieba"", ""Obiebe"", ""Ogbogwu"", ""Obagi"", ""Ngbede Pond"", ""Akafta"", ""Obite"", ""Obigbo"", ""Egita"", ""Ede"", ""Ohalielu"", ""Elehia"", ""Obigwe"", ""Ikiri"", ""Obido"", ""Ogbidi"", ""Ohali Usosimi"", ""Kreigani"", ""Kreigana"", ""Kreigam"", ""Kpigeni"", ""Alegu"", ""Elieta"", ""Okposi"", ""Osiakpu"", ""Sambreiro"", ""Sombreiro"", ""Omoku River"", ""Omoku"", ""Egbada"", ""Omoku"", ""Omoko"", ""Uju"", ""Ebogoro"", ""Okansu"", ""Onita-Ederi"", ""Okpurukpuala"", ""Ndoni Creek"", ""Onita Creek"", ""Santa Maria Mait Sc"", ""Oboh"", ""Ekpemgbede"", ""Obie"", ""Onita-Ugomu"", ""Obrikom"", ""Ekpeaga"", ""Kpokpopi"", ""Idia"", ""Utuochi"", ""Ekpeazizi"", ""Adia Wati-Ofu"", ""Bomadi"", ""Onuta"", ""Odoni"", ""Ubomukwu"", ""Utu"", ""Ebocha"", ""Okwuobara"", ""Okwobo"", ""Ogbogen"", ""Mbede"", ""Mgbede"", ""Umudike"", ""Aga"", ""Okwuzu"", ""Okwuzi"", ""Onujuku"", ""Abaezi"", ""Ogbaja"", ""Utu"", ""Afia-Meeting"", ""Mitin Camp"", ""Aseimonte"", ""Ugbaja"", ""Umuorieke"", ""Ugbaja"", ""Ise Uti"", ""Egwe-Ikai"", ""Umuedi"", ""Umuajie"", ""Ukwuisik Camp"", ""Isafa"", ""Ase"", ""Onoagbai"", ""Umuigwe"", ""Ndoni"", ""Ogbuku"", ""Mowele"", ""Onu-Iku"", ""Oniku"", ""Omiku"", ""Agwe"", ""Anieze"", ""Odugri"", ""Odugiri"", ""Ishukwa"", ""Ogu"", ""Ogbeose"", ""Oworinnopia""]",Source polygon component; not independently named as an island or proof of complete physical land coverage.
gb:NGA:ADM2:59680162B2904770846082,Etsako East,geoBoundaries NGA ADM2 2022,Local Government Area,Etsako East,,0,1,True,1134.542022,"[6.256732941072414, 6.972002506210742, 6.715768814579178, 7.402327061145002]",,,Pinned source component; no independent named-island or complete physical land assessment.
gb:NGA:ADM2:59680162B2904770846082,Etsako East,current OCHA COD-AB NGA ADM2,Local Government Area,Etsako East,NG012008,0,1,True,1131.688871,"[6.256732967000119, 6.972002420000024, 6.71576887100008, 7.402327147000051]",44,"[""Ofugbo"", ""Iyare"", ""Ayiado"", ""Aigere"", ""Aigiere"", ""Ekwotso"", ""Iviukwe"", ""Iyukwe"", ""Agenebode"", ""Ivioghe"", ""Iyogeh"", ""Agor"", ""Iyanipodi"", ""Ivianopodi"", ""Ivianopodi Hill"", ""Ithevuegbe"", ""Itogbo"", ""Yare"", ""Ubo River"", ""Ubo, River"", ""Ubo"", ""Uzanu"", ""Okpekpe"", ""Opepwe"", ""Imiegba"", ""Imiakebu"", ""Imakebu"", ""Isokwe"", ""Imiekwi"", ""Iddo"", ""Oku"", ""Ogute"", ""Eturu"", ""Ojeaga"", ""Okugbe"", ""Kominio"", ""Afukpilla"", ""Unguyam"", ""Unguyami"", ""Imiegele"", ""Okpoto"", ""Okpotu"", ""Okpoto"", ""Megori""]",Source polygon component; not independently named as an island or proof of complete physical land coverage.
gb:NGA:ADM2:59680162B29085579275088,Ethiope East,geoBoundaries NGA ADM2 2022,Local Government Area,Ethiope East,,0,1,True,457.196266,"[5.852856121013247, 5.549374816294801, 6.156049764984687, 5.839725018195054]",,,Pinned source component; no independent named-island or complete physical land assessment.
gb:NGA:ADM2:59680162B29085579275088,Ethiope East,current OCHA COD-AB NGA ADM2,Local Government Area,Ethiope East,NG010005,0,2,True,318.648545,"[5.850031812000168, 5.558703923000166, 6.059088122000105, 5.770370030000095]",77,"[""Orhokpor"", ""Isiokolo"", ""Islokolo"", ""Isiokolo-Agbon"", ""Ekrebuo"", ""Ekrebuo Isiokolo"", ""Orokpor"", ""Eranaka"", ""Okorokura"", ""Kokori"", ""Okpara Inland"", ""Okpara"", ""Okrufor-Okpaka"", ""Okrufor-Okpara"", ""Ovu Inland"", ""Ovu"", ""Ugbebe"", ""Okon Urhuokpe"", ""Utuyo-Okpara"", ""Oviorie"", ""Okuloho"", ""Emaka"", ""Erho Korhi"", ""Akuenebele"", ""Ekpagha"", ""Imodje"", ""Ekpagha"", ""Agborhoro"", ""Ibada"", ""Erhomeghwu"", ""Okoh Idjerhe"", ""Okurunoh"", ""Okuboafe"", ""Okuedafe"", ""Okoh Khikirhe"", ""Emaka"", ""Enamaro"", ""Erhua"", ""Inigu"", ""Ekraka"", ""Okoh Uti"", ""Ibada"", ""Okurekpo"", ""Olukobare"", ""Uruokpe"", ""Urhodo"", ""Otefe"", ""Egbo"", ""Okoh Egbogho"", ""Asoro"", ""Asamagidi"", ""Samagidi"", ""Okoh Ekrudu"", ""Okovwavwa"", ""Okuruvu"", ""Ukunuse"", ""Okoh Itukperi"", ""Okuechi"", ""Okoh Ikoro"", ""Okurogba"", ""Urhono"", ""Urhuno"", ""Okurobi"", ""Eko"", ""Oke"", ""Ovwere"", ""Otumara"", ""John Holt"", ""Okuokpokpor"", ""Igun Waterside"", ""Kokori"", ""Okpara Waterside"", ""Eku"", ""Ekpan"", ""Ekpan Stream"", ""Ovu"", ""Orhonore""]",Source polygon component; not independently named as an island or proof of complete physical land coverage.
gb:NGA:ADM2:59680162B29085579275088,Ethiope East,current OCHA COD-AB NGA ADM2,Local Government Area,Ethiope East,NG010005,1,2,True,61.154265,"[6.048963980000167, 5.737695191000114, 6.16265490800015, 5.839725072000022]",8,"[""Abraka"", ""Oriah"", ""Eku"", ""Sovie"", ""Oroghodo River"", ""Kwale"", ""Abraka"", ""Ekogboro""]",Source polygon component; not independently named as an island or proof of complete physical land coverage.
gb:NGA:ADM2:59680162B29524904273451,Abaji,geoBoundaries NGA ADM2 2022,Local Government Area,Abaji,,0,1,True,948.14315,"[6.779962082284328, 8.443727660703019, 7.030075072606564, 9.270166397161574]",,,Pinned source component; no independent named-island or complete physical land assessment.
gb:NGA:ADM2:59680162B29524904273451,Abaji,current OCHA COD-AB NGA ADM2,Local Government Area,Abaji,NG015001,0,1,True,831.960017,"[6.778522372000111, 8.453450603000135, 7.045871656000088, 9.232153884000184]",36,"[""Akori"", ""Abaji"", ""Yewuni"", ""Nuku"", ""Agena"", ""Pandegi"", ""Pandaji"", ""Bassa"", ""Zawa"", ""Yaba"", ""Jarana"", ""Guredi"", ""Pandagi"", ""Pandaji"", ""Kwakwa"", ""Sabon Gida"", ""Yelua"", ""Nyimbo"", ""Usuman"", ""Ussuman, River"", ""Suma"", ""Pate"", ""Nagpakuku"", ""Nakwakuku"", ""Shara"", ""Maje"", ""Shimbo"", ""Gasakwa"", ""Gasakpa"", ""Gasakba"", ""Gidan Shaba"", ""Gawu"", ""Gawu Dabara"", ""Fuka"", ""Tando"", ""Panpanpi""]",Source polygon component; not independently named as an island or proof of complete physical land coverage.
gb:NGA:ADM2:59680162B29589714384573,Aniocha South,geoBoundaries NGA ADM2 2022,Local Government Area,Aniocha South,,0,1,True,867.386983,"[6.319196224326333, 5.984281062720925, 6.646623135049708, 6.305416107767201]",,,Pinned source component; no independent named-island or complete physical land assessment.
gb:NGA:ADM2:59680162B29589714384573,Aniocha South,current OCHA COD-AB NGA ADM2,Local Government Area,Aniocha South,NG010002,0,1,True,870.480305,"[6.319196213, 5.984281028999987, 6.646623084000112, 6.305416097000091]",75,"[""Ejeme-Aniogo"", ""Nsukwa"", ""Ijemma Unor"", ""Ijema"", ""Ejeme Unor"", ""Ejeme Uno"", ""Umute"", ""Isikite"", ""Centre-Nsukwa"", ""Ishiagu"", ""Urhobo Camp"", ""Umusedel"", ""Ukwu"", ""Emefune"", ""Obi-Nte"", ""Ewuru"", ""Abah"", ""Aniofu"", ""Obi-Udo"", ""Aniorpo"", ""Obo, River"", ""Ogbu"", ""Agodnia"", ""Adonta"", ""Obi-Enugu"", ""Obi-Onikegu"", ""Azamu"", ""Obi-Okonkwo"", ""Olodu"", ""Umuru Camp"", ""Umuru"", ""Obi-Okonye"", ""Egbudu"", ""Azama"", ""Ogun Camp"", ""Ogwashi-Olo"", ""Ogwashi-Olor"", ""Ani-Ugbo"", ""Ogbe-Odogwu"", ""Ikpolonfe"", ""Anifuma"", ""Ani-Efume"", ""Ogbe-Odogwu"", ""Uteh-Enugu"", ""Ashama"", ""Asama"", ""Aboh-Ogwashi-Ukwu"", ""Abo-Ogwashi Ukwu"", ""Bara Camp"", ""Bara"", ""Anioma"", ""Ogwashi-Uku"", ""Ugwashi-Uku"", ""Ahijo"", ""Aluje"", ""Ani-Ujeh"", ""Ubulu-Unor"", ""Anifekajae"", ""Isa-Ogwashi"", ""Uburu-Uku"", ""Ubuluku"", ""Ubulubu"", ""Azagba-Ogwashi"", ""Asaba-Ogwashi"", ""Abuluku"", ""Ubulu-Uku"", ""Ogwashi-Uku-Junction"", ""Abo Ogwash-Ukwu"", ""Edo-Ogwashi-Uku"", ""Issele-Azagba"", ""Issele Asaba"", ""Otulu"", ""Ojulu"", ""Uburukiti"", ""Ubulo-Okiti""]",Source polygon component; not independently named as an island or proof of complete physical land coverage.
gb:NGA:ADM2:59680162B29680565367836,Ikpoba-Okha,geoBoundaries NGA ADM2 2022,Local Government Area,Ikpoba-Okha,,0,1,True,807.645268,"[5.442778489835462, 5.985361575676222, 5.827546120257296, 6.377746858630644]",,,Pinned source component; no independent named-island or complete physical land assessment.
gb:NGA:ADM2:59680162B29680565367836,Ikpoba-Okha,current OCHA COD-AB NGA ADM2,Local Government Area,Ikpoba-Okha,NG012011,0,1,True,857.076399,"[5.442483792000075, 5.98536164300009, 5.827546171000165, 6.418547006000153]",84,"[""Sobo Camp"", ""Okuku"", ""Asaboro"", ""Ologbo"", ""Olgbo"", ""Ighobaye"", ""Igbobaye"", ""Imasabor"", ""Imasabo"", ""Obamahan"", ""Obayantor"", ""Ekosa"", ""Ogbe-Orogho"", ""Iyanomo"", ""Obaretin Forest Res*"", ""Obaretin"", ""Uhie"", ""Obayantor"", ""Uroho"", ""Obagie"", ""Oha"", ""Uduehen"", ""Okha"", ""Utezi"", ""Utesi"", ""Ikpwei"", ""Ikpe"", ""Ohen"", ""Ohoghobi"", ""Uwosan"", ""Ikpoba, River"", ""Ikpoba River"", ""Edo Camp"", ""Evbuomoma"", ""Idumohen"", ""Evbiakagba"", ""Egun"", ""Obe"", ""Agiyo Camp"", ""Obenevbueribo"", ""Obeneubueribo"", ""Ulegu"", ""Ohere"", ""Ogua"", ""Okavbor"", ""Okavborhan"", ""Idogbo"", ""Uhkirhi"", ""Okhuaine, River"", ""Egbal"", ""Avbriaria"", ""Aubriaria"", ""Okabere"", ""Okavbogu"", ""Okonaovi"", ""Utezi"", ""Etete"", ""Oka"", ""Obazagbon"", ""Idunmwunivdiode"", ""Idunmwunivdiboe"", ""Avblaman"", ""Avbiaman"", ""Ugbeku"", ""Niro"", ""Ogbesan"", ""Ironegbo Ogbesan"", ""Otete"", ""Oregbeni"", ""Ikpoba"", ""Oken, River"", ""Oken River"", ""Aduwawa"", ""Taboga"", ""Urora"", ""Edoh Camp"", ""Eyaen"", ""Eyaem"", ""Echuwa"", ""Ute"", ""Iguenan"", ""Iguehan"", ""Akiuwa"", ""Edosowan""]",Source polygon component; not independently named as an island or proof of complete physical land coverage.
gb:NGA:ADM2:59680162B30593466404451,Kolokuma/Opokuma,geoBoundaries NGA ADM2 2022,Local Government Area,Kolokuma/Opokuma,,0,1,True,357.008649,"[6.141563283119069, 4.93978977208036, 6.401099205264188, 5.193649768821842]",,,Pinned source component; no independent named-island or complete physical land assessment.
gb:NGA:ADM2:59680162B30593466404451,Kolokuma/Opokuma,current OCHA COD-AB NGA ADM2,Local Government Area,Kolokuma/Opokuma,NG006003,0,1,True,350.517396,"[6.142127612000081, 4.939789753000127, 6.401099133000059, 5.193649789000062]",40,"[""Cripagbene Ii"", ""Cripagbene I"", ""Pipa Pond"", ""Egbedi"", ""Egdedi"", ""Cripa Creek"", ""Egbedi-Creek"", ""Oromatoro Creek"", ""Seibokorogha"", ""Okoloba Sabagria"", ""Ofonibiri"", ""Gbarama"", ""Ayokorama"", ""Orubiri"", ""Aya-Ama"", ""Igbainwari"", ""Opokuma"", ""Oyobu"", ""Oyebu"", ""Gbaranbiri"", ""Ayebabiri"", ""Ayibobiri"", ""Headmanbiri"", ""Evira Pond"", ""Orobia Creek"", ""Okotiama"", ""Amabebegbene"", ""Funtorugbene"", ""Oloibiri"", ""Olobiri"", ""Kaiama"", ""Kalama"", ""Sampor"", ""Ofoniama"", ""Odi"", ""Emblama"", ""Ibia"", ""Ama Uzu"", ""Ara"", ""Mboko Umuobo""]",Source polygon component; not independently named as an island or proof of complete physical land coverage.
gb:NGA:ADM2:59680162B30773772502776,Tai,geoBoundaries NGA ADM2 2022,Local Government Area,Tai,,0,1,True,163.741855,"[7.184739290985533, 4.694643767096238, 7.344150042990123, 4.829792794202149]",,,Pinned source component; no independent named-island or complete physical land assessment.
gb:NGA:ADM2:59680162B30773772502776,Tai,current OCHA COD-AB NGA ADM2,Local Government Area,Tai,NG033023,0,1,True,160.568126,"[7.180681267000125, 4.699971199000061, 7.344653147000088, 4.838303095000072]",33,"[""Goi"", ""Gio"", ""Kpogo"", ""Deyor Chara"", ""Chara"", ""Akporo"", ""Barabarobara"", ""Korokoro"", ""Kpuite"", ""Gbam"", ""Botem"", ""Uekon"", ""Ueken"", ""Ogoni"", ""Holo"", ""Barayira"", ""Brali"", ""Nonwa Udume"", ""Gbene Ue"", ""Nenwa"", ""Nonwa Kenbawa"", ""Sime"", ""Oryon Stream"", ""Bunu Barana"", ""Okoloma"", ""Okoloma-Tai"", ""Afam Uku"", ""Nomabom Tai Tasaro"", ""Ban Ogoyi"", ""Ban Ogol"", ""Ban Ogoi"", ""Gbaken"", ""Emu""]",Source polygon component; not independently named as an island or proof of complete physical land coverage.
gb:NGA:ADM2:59680162B30773939854921,Ughelli South,geoBoundaries NGA ADM2 2022,Local Government Area,Ughelli South,,0,1,True,790.542532,"[5.698472155665513, 5.130557536601088, 6.071164131219746, 5.564247256605654]",,,Pinned source component; no independent named-island or complete physical land assessment.
gb:NGA:ADM2:59680162B30773939854921,Ughelli South,current OCHA COD-AB NGA ADM2,Local Government Area,Ughelli South,NG010020,0,1,True,769.974947,"[5.707898982000074, 5.157893190000152, 6.071164237, 5.563209562000168]",135,"[""Olota Creek"", ""Urhobo Camp"", ""Asa"", ""Utoarharwarie"", ""Kalatuo Island"", ""Alota"", ""Olota"", ""Asa"", ""Avwo"", ""Utarhavwarien"", ""Oghrughru"", ""Afieki"", ""Adjekuo I"", ""Adjekuo"", ""Iwhremahwe"", ""Adjekuo Ii"", ""Ogoda"", ""Akparemogbene"", ""Odima"", ""Iwhrogun"", ""Inenevwu"", ""Obrifo"", ""Iwhrakara"", ""Atanaza"", ""Orere"", ""Iwhresi"", ""Iwhrerewhewhu"", ""Iwhreregbedi"", ""Odakori"", ""Oguname Creek"", ""Oguname"", ""Ibibio Camp"", ""Iwhredolor"", ""Iwhregolor"", ""Arhavwarien, River"", ""Iwhreredje"", ""Iwhrakpoyibo"", ""Osemereyo"", ""Owopeje"", ""Evurode"", ""Iwhrobi"", ""Iwhrasuobi"", ""Aravbarien"", ""Arhavwarien"", ""Iwhrokpe"", ""Ighwre-Okpe"", ""Orere"", ""Ogbeinbene Creek"", ""Ekpekpe"", ""Oguname"", ""Ogbodobri"", ""Iwhrorha"", ""Twhrorha"", ""Ifikivwe"", ""Egbo-Ide (2)"", ""Egbo Ide"", ""Urhie-Ughuru, River"", ""Ughotor Creek"", ""Ogbeinbene"", ""Iwhrorude"", ""Ireruke"", ""Okparabe"", ""Egbo-Ide (1)"", ""Egbo-Ide"", ""Okrika"", ""Angala-Ngala"", ""Otegbo"", ""Okwagbe"", ""Oviri-Olomu"", ""Aloba"", ""Okwemor"", ""Kiagbodo"", ""Okwagbe Inland"", ""Ayagha"", ""Ewu Ii"", ""Oginibo"", ""Oginibo I"", ""Odube Creek"", ""Forcados Creek"", ""Ovwakwa"", ""Ukwakwa"", ""Ovwodokpokpor"", ""Ewu I"", ""Ewu"", ""Oginibo Ii"", ""Erhuware"", ""Iwhroku"", ""Iwhrohu"", ""Akperhe"", ""Otutuama"", ""Owahwa"", ""Imode"", ""Agbowhiame"", ""Isaba"", ""Umolo"", ""Umolo-Olomu"", ""Esaba"", ""Saba"", ""Ogbeletobo"", ""Eyara"", ""Agbon"", ""Torogun"", ""Torogvn"", ""Okpe"", ""Okpe-Olomu"", ""Okpavuerhe"", ""Otu-Ghievwen"", ""Otu-Chievwen"", ""Ovhori"", ""Iwhrogoni"", ""Ogoni"", ""Okpari"", ""Olomu Oguname"", ""Oguname-Olomu"", ""Iwhrogeged"", ""Obanegbe Stream"", ""Iwhreoguname"", ""Ovhorigbata"", ""Oforigbala"", ""Otedo"", ""Otor-Edo"", ""Owo"", ""Ovwo"", ""Effurun Tor"", ""Ughevbughe"", ""Ugbevbughe"", ""Iwrekreka"", ""Ekrejegbe"", ""Usiefrun"", ""Ekakpamre"", ""Ekrokpe"", ""Aragba"", ""Urchie"", ""Egbo"", ""Otokutu""]",Source polygon component; not independently named as an island or proof of complete physical land coverage.
gb:NGA:ADM2:59680162B31003411858547,Ayamelum,geoBoundaries NGA ADM2 2022,Local Government Area,Ayamelum,,0,1,True,548.831014,"[6.891808676928918, 6.396589410972581, 7.13256549839906, 6.713077545692215]",,,Pinned source component; no independent named-island or complete physical land assessment.
gb:NGA:ADM2:59680162B31003411858547,Ayamelum,current OCHA COD-AB NGA ADM2,Local Government Area,Ayamelum,NG004007,0,1,True,590.322884,"[6.856059023000114, 6.361516480000148, 7.132565537000175, 6.713077483000177]",22,"[""Okpaga Farm Settlem"", ""Okpaga"", ""Do River"", ""Du, River"", ""Mamu, River"", ""Mam, River"", ""Umuelum"", ""Umuelem"", ""Adaba, River"", ""Adada, River"", ""Anaku"", ""Omo"", ""Water Town Umabu"", ""Umabu"", ""Igbaku"", ""Ighaku"", ""Erieata"", ""Akpe-Efite Hill"", ""Akpe-Ifute Hill"", ""Ifute"", ""Umueje"", ""Omashi""]",Source polygon component; not independently named as an island or proof of complete physical land coverage.
gb:NGA:ADM2:59680162B31302026198632,Nkwerre,geoBoundaries NGA ADM2 2022,Local Government Area,Nkwerre,,0,2,True,6.782608,"[7.079628889161938, 5.710001344686361, 7.132094311203559, 5.734626474831998]",,,Pinned source component; no independent named-island or complete physical land assessment.
gb:NGA:ADM2:59680162B31302026198632,Nkwerre,geoBoundaries NGA ADM2 2022,Local Government Area,Nkwerre,,1,2,True,40.666633,"[7.067833433366332, 5.728989053901785, 7.162410838689311, 5.811065712812422]",,,Pinned source component; no independent named-island or complete physical land assessment.
gb:NGA:ADM2:59680162B31302026198632,Nkwerre,current OCHA COD-AB NGA ADM2,Local Government Area,Nkwerre,NG017014,0,1,True,35.044083,"[7.060325095000053, 5.722291956999982, 7.162068902000101, 5.777751712000168]",7,"[""Eziama"", ""Nkworji"", ""Owerri"", ""Nkwerre"", ""Umudi"", ""Amopara"", ""Orashi, River""]",Source polygon component; not independently named as an island or proof of complete physical land coverage.
gb:NGA:ADM2:59680162B31350853830247,Nnewi South,geoBoundaries NGA ADM2 2022,Local Government Area,Nnewi South,,0,1,True,180.702905,"[6.863845301119795, 5.895229012908658, 7.05709489231549, 6.036860136586085]",,,Pinned source component; no independent named-island or complete physical land assessment.
gb:NGA:ADM2:59680162B31350853830247,Nnewi South,current OCHA COD-AB NGA ADM2,Local Government Area,Nnewi South,NG004015,0,1,True,154.227563,"[6.880967411000142, 5.896848220999971, 7.058465032000072, 6.023967687000095]",19,"[""Ukpor"", ""Umuruko"", ""Ezinifite"", ""Akwa"", ""Orsumeyin"", ""Ebenator"", ""Udene"", ""Upor"", ""Ukpor"", ""Uttuh"", ""Osu"", ""Ozu"", ""Unubi"", ""Otu"", ""Ekwulu-Atulu"", ""Ekpara"", ""Amichi"", ""Ozu"", ""Otolo""]",Source polygon component; not independently named as an island or proof of complete physical land coverage.
gb:NGA:ADM2:59680162B31457176745984,Ahoada West,geoBoundaries NGA ADM2 2022,Local Government Area,Ahoada West,,0,1,True,434.733098,"[6.410391808235431, 4.851087211405741, 6.58587137226607, 5.189809800382022]",,,Pinned source component; no independent named-island or complete physical land assessment.
gb:NGA:ADM2:59680162B31457176745984,Ahoada West,current OCHA COD-AB NGA ADM2,Local Government Area,Ahoada West,NG033003,0,1,True,440.409934,"[6.410391922999963, 4.892314925999983, 6.629775025000129, 5.202908291000142]",64,"[""Opuogbogolo"", ""Kalogbogolo"", ""Egbema"", ""Egbama"", ""West Egbema"", ""Egbama"", ""Igovia"", ""Ogolokiama"", ""Kunusha"", ""Okarki"", ""Ikodu"", ""Akiogbologbo"", ""Obode"", ""Obulubulu"", ""Odieke"", ""Owinuro Creek"", ""Ogbedi"", ""Ogbede"", ""Odiopiti"", ""Olokob Ii"", ""Agbo"", ""Oyakama"", ""Olokob I"", ""Mbiama"", ""Odiderengwaji"", ""Okobe"", ""Emezi Ii"", ""Emezi I"", ""Ochika"", ""Akinima"", ""Ukperede"", ""Nembe"", ""Onitu"", ""Ositu"", ""Onilu"", ""Uputabo"", ""Akinima"", ""Oshi"", ""Idu"", ""Oyiba"", ""Akara"", ""Idu"", ""Akara"", ""Akaramini"", ""Ogoda"", ""Obiokwu"", ""Ebraso"", ""Ochebele"", ""Ebiriba"", ""Olubie"", ""Awurugboko"", ""Isusu"", ""Isua"", ""Ubeta"", ""Odali"", ""Betaland"", ""Oboh"", ""Ubio"", ""Uwuchi"", ""Edegbere"", ""Odereke"", ""Ukodu"", ""Owube"", ""Olokuma""]",Source polygon component; not independently named as an island or proof of complete physical land coverage.
gb:NGA:ADM2:59680162B32427656470349,Esan South-East,geoBoundaries NGA ADM2 2022,Local Government Area,Esan South-East,,0,1,True,1297.513822,"[6.261614798384301, 6.360329150769758, 6.668920994208577, 6.793632984274836]",,,Pinned source component; no independent named-island or complete physical land assessment.
gb:NGA:ADM2:59680162B32427656470349,Esan South-East,current OCHA COD-AB NGA ADM2,Local Government Area,Esan South East,NG012005,0,1,True,1305.481753,"[6.261614787999974, 6.360329195000077, 6.668921030000149, 6.793632850000165]",59,"[""Asaboro Rubber Plan*"", ""Ohe River"", ""Ohe, River"", ""Ologua"", ""Idmuguokha"", ""Okaigben"", ""Ewohimi"", ""Ighedu"", ""Ibhiedu"", ""Orekhie"", ""Ewassa"", ""Ewatto"", ""Ewalto"", ""Epecho, River"", ""Urhobo, River"", ""Emu Nehua"", ""Urowa"", ""Orowa"", ""Atawa"", ""Aburu"", ""Ohordwa"", ""Ohordua"", ""Agadega"", ""Ugu"", ""Ugun"", ""Uhro"", ""Urho"", ""Emu"", ""Imbaka"", ""Eko-Oboye"", ""Ugboko"", ""Okporoporo"", ""Okporporo"", ""Okwessan"", ""Okhuessan"", ""Odegume"", ""Odegune"", ""Ikeken"", ""Ikelleo"", ""Odegumu"", ""Ahia"", ""Udakpa"", ""Ubiaja"", ""Illushi"", ""Igo Onagholeo"", ""Igo Onaghaleo"", ""Eko-Bekor"", ""Oria"", ""Alika Creek"", ""Eguro"", ""Eguroe"", ""Ega"", ""Omakwu"", ""Ifeku Island"", ""Eko-Okoh"", ""Ugboha"", ""Anemene"", ""Amalu"", ""Amaru""]",Source polygon component; not independently named as an island or proof of complete physical land coverage.
gb:NGA:ADM2:59680162B326996000256,Lokoja,geoBoundaries NGA ADM2 2022,Local Government Area,Lokoja,,0,1,True,3187.034008,"[6.113124846734365, 7.75041180486096, 6.792148112745281, 8.738791465753593]",,,Pinned source component; no independent named-island or complete physical land assessment.
gb:NGA:ADM2:59680162B326996000256,Lokoja,current OCHA COD-AB NGA ADM2,Local Government Area,Lokoja,NG023012,0,1,True,3201.494177,"[6.113124791000132, 7.73560414700006, 6.792147983000177, 8.738791546000073]",84,"[""Kogi"", ""Kogi State"", ""Mimi River"", ""Mimi"", ""Mimi, River"", ""Benue River"", ""Benoue"", ""Benue, River"", ""Benue"", ""Lokoja"", ""Lairdstown"", ""Zokoja"", ""Adonkolo"", ""Pati Ridge"", ""Pati Ridge Hill"", ""Numai"", ""Filele"", ""Felelen Buzu"", ""Okume"", ""Akpata"", ""Banda"", ""Banda"", ""Oinyi River"", ""Oinyi, River"", ""Oinyi"", ""Adankolo"", ""Obajana"", ""Agbajn Plateau"", ""Agbaja Plateau"", ""Okomoba"", ""Choko-Choko"", ""Otuba"", ""Aworo Native Area N"", ""Agbaja Plateau Fore"", ""Aworo Native Area N"", ""Adankolo Forest Res"", ""Kuroko"", ""Iziho"", ""Mimi River"", ""Mimi"", ""Waye"", ""Emu"", ""Adana"", ""Yanemi"", ""Agbaja"", ""Tajimi"", ""Okponyo"", ""Ohinki"", ""Jamata"", ""Gogoro"", ""Emoa"", ""Wara"", ""Agodo"", ""Epu, River"", ""Apaia, River"", ""Kakanda Hills"", ""Aworo Native Area N*"", ""Kakanda Hill Forest*"", ""Okoto"", ""Muye"", ""Budon"", ""Sunawa"", ""Losuta"", ""Batake"", ""Gwachi"", ""Karra"", ""Bagi"", ""Lanza"", ""Kwapa"", ""Ahuji"", ""Abugi"", ""Ebo"", ""Yekaraji"", ""Ageni"", ""Agini"", ""Eki"", ""Kapu"", ""Gedegi"", ""Kukaragi"", ""Gunji Twaki"", ""Eggan"", ""Kampe, River"", ""Gbako, River"", ""Bako""]",Source polygon component; not independently named as an island or proof of complete physical land coverage.
gb:NGA:ADM2:59680162B32871052171758,Onuimo,geoBoundaries NGA ADM2 2022,Local Government Area,Onuimo,,0,2,True,84.46298,"[7.183252121688099, 5.707343890308323, 7.285848000185126, 5.839176000072371]",,,Pinned source component; no independent named-island or complete physical land assessment.
gb:NGA:ADM2:59680162B32871052171758,Onuimo,geoBoundaries NGA ADM2 2022,Local Government Area,Onuimo,,1,2,True,6.633728,"[7.182724214251152, 5.829412095691737, 7.2026166288544, 5.872358946608131]",,,Pinned source component; no independent named-island or complete physical land assessment.
gb:NGA:ADM2:59680162B32871052171758,Onuimo,current OCHA COD-AB NGA ADM2,Local Government Area,Unuimo,NG017027,0,1,True,107.659281,"[7.16149700700015, 5.735958586000038, 7.292965767000055, 5.856580790000066]",20,"[""Okwele"", ""Okweli"", ""Ezenu Okwe"", ""Umuna"", ""Efuru, River"", ""Efuru River"", ""Okwe"", ""Ife, River"", ""Iyeochara River"", ""Iyeochara, River"", ""Ikwe, River"", ""Anamini, River"", ""Ndiuche"", ""Obiogo"", ""Abuba, River"", ""Abuba River"", ""Ndianiche"", ""Umuduru Okwe"", ""Ibu, River"", ""Iyobo, River""]",Source polygon component; not independently named as an island or proof of complete physical land coverage.
gb:NGA:ADM2:59680162B32979491305099,Oshimili South,geoBoundaries NGA ADM2 2022,Local Government Area,Oshimili South,,0,1,True,260.835615,"[6.56450986923511, 5.993175982785431, 6.769402026981993, 6.265575642901638]",,,Pinned source component; no independent named-island or complete physical land assessment.
gb:NGA:ADM2:59680162B32979491305099,Oshimili South,current OCHA COD-AB NGA ADM2,Local Government Area,Oshimili South,NG010015,0,1,True,266.431098,"[6.56450992200007, 5.992121182000062, 6.769402045, 6.265763216000039]",23,"[""Utuaja, River"", ""Umomi, River"", ""Okogbele"", ""Obosh, River"", ""Atapo, River"", ""Atapo, River"", ""Oko Anara"", ""Oko Anala"", ""Obiofu"", ""Oko-Amakom"", ""Oko-Camp"", ""Oko"", ""Aniocha Camp"", ""Okwe"", ""Urhobo Camp"", ""Iyiba"", ""Asaba"", ""George Camp"", ""Georges"", ""Georgeo├Ços Camp"", ""Anusai, River"", ""Amusai, River"", ""Anwai""]",Source polygon component; not independently named as an island or proof of complete physical land coverage.
gb:NGA:ADM2:59680162B33139882700556,Kware,geoBoundaries NGA ADM2 2022,Local Government Area,Kware,,0,1,True,642.978635,"[5.13471255913737, 12.96412184664598, 5.540179514572969, 13.346368946269877]",,,Pinned source component; no independent named-island or complete physical land assessment.
gb:NGA:ADM2:59680162B33139882700556,Kware,current OCHA COD-AB NGA ADM2,Local Government Area,Kware,NG034011,0,1,True,595.844749,"[5.125933051000118, 12.96780710700017, 5.512310240000147, 13.344855637000023]",130,"[""Zamau"", ""Kardidaye"", ""Walake"", ""Gamamau"", ""Gantamau"", ""Kwaktotu Hill"", ""Buji, River"", ""Ale, Rafin"", ""Kabonga"", ""Galadiman Gari"", ""Saki"", ""Toronka"", ""Tudun Danserima"", ""Kurafe"", ""Gidan Soho"", ""Gidan Gebbe"", ""Gidan Gero"", ""Durbawa"", ""Durbal"", ""Gidan Kaura"", ""Gidan Bakabe"", ""Fadama, River"", ""Gebawa"", ""Rugaliman"", ""Gidan Gari"", ""Tunga"", ""Dibo, River"", ""Malamawa"", ""Morai"", ""Basansan"", ""Morai"", ""Gidan Kobi"", ""Gidan Kolodo"", ""Gidan Roga"", ""Mode"", ""Modo"", ""Modawa"", ""Gidan Makera"", ""Gidan Matomi"", ""Gidan Aiki"", ""Dorayu"", ""Dabage"", ""Lemi"", ""Gandu Angile"", ""Gidan Limam"", ""Kiasa"", ""Roga Giwa"", ""Kadaro"", ""Ubandoma"", ""Umaruma"", ""Siri Jalo"", ""Aderawa"", ""Malamawa"", ""Yantabawa"", ""Yankabawa"", ""Hausawa"", ""Gawo"", ""Gandu"", ""Gidan Alhaji"", ""Dabage"", ""Hausawa"", ""Gidan Makera"", ""Sabon Gari"", ""Gidan Akwarna"", ""Gidan Aikaw"", ""Gidan Ali"", ""Gandu"", ""Gidan Rere"", ""Irlabe"", ""Hamma Ali"", ""Sisawa"", ""Dantale"", ""Karande"", ""Gidan Sirge"", ""Amahali"", ""Sir Badu"", ""Chimawa"", ""Rinji Kori"", ""Shalla River"", ""Kware, River"", ""Shela River"", ""Shela, River"", ""Kolalawa"", ""Gidan Hayaki"", ""Kulatawa"", ""Kalalawa"", ""Kalakawa"", ""Gidan Arizu"", ""Gidan Tudu"", ""Salkawa"", ""Kware"", ""Bulama"", ""Marabawa"", ""Malikawa"", ""Danfanga"", ""Kulukulu"", ""Bankanu"", ""Bankani"", ""Gidan Makere Hill"", ""Gidan Makera Hill"", ""Gidan Makera"", ""Sabon Birni"", ""Sabo Birnin"", ""Tungan Makigani"", ""Tungan Ama"", ""Gundunga"", ""Gundinga"", ""Doba"", ""Bela"", ""Tsamiya"", ""Tungan Halilu"", ""Habewu"", ""Gidan Yalu"", ""Gidan-Fulani"", ""Habewa"", ""Gidan Fulani"", ""Babuche"", ""Balkore"", ""Habewu"", ""Gidan Galadima"", ""Tunga Ibru"", ""Tungan Ibru"", ""Tunga-Majakai"", ""Tungan-Nachini"", ""Tunga-Nachini"", ""Gidan Karma"", ""Tunga Bako"", ""Tunga Madugu"", ""Tungan Madugu"", ""Gidan Jihadi""]",Source polygon component; not independently named as an island or proof of complete physical land coverage.
gb:NGA:ADM2:59680162B34682847069002,Gwagwalada,geoBoundaries NGA ADM2 2022,Local Government Area,Gwagwalada,,0,1,True,1036.46133,"[6.866355896207665, 8.886743695665075, 7.222961506768172, 9.257713319314291]",,,Pinned source component; no independent named-island or complete physical land assessment.
gb:NGA:ADM2:59680162B34682847069002,Gwagwalada,current OCHA COD-AB NGA ADM2,Local Government Area,Gwagwalada,NG015004,0,1,True,1001.073668,"[6.866355936000105, 8.916612317999977, 7.242979056000081, 9.23050092900013]",59,"[""Gwagwaldda"", ""Gwagwalada"", ""Bassa"", ""Gunrafia"", ""Rafin Pa"", ""Paikon Kore"", ""Chakumi, River"", ""Dako"", ""Pasere"", ""Wuna"", ""Lafia Mbaka"", ""Gidanbi"", ""Pashi"", ""Eka"", ""Guako"", ""Dawari"", ""Kaida"", ""Anagada"", ""Pa Babba"", ""Pa Babba, River"", ""Gwasica, River"", ""Gwasica"", ""Tungan Kaki"", ""Dobi"", ""Tunga Maje"", ""Kabiu, River"", ""Kabiu"", ""Dawliko"", ""Dakiliko"", ""Isuanin Kura"", ""Ebwa"", ""Shenagu"", ""Gwamgwam"", ""Ghamgwa"", ""Gbongbon"", ""Jigapa"", ""Jigape"", ""Ekpa"", ""Bangwo"", ""Zuba"", ""Tabe"", ""Yemifi"", ""Ledi"", ""Bamburu"", ""Gada"", ""Serikin Ladan"", ""Goyan"", ""Gurfata"", ""Kyawu"", ""Gajambe"", ""Gajabe"", ""Shebona"", ""Ikka"", ""Ibabban Tsuani"", ""Babban Tsauni"", ""Gwoi"", ""Gwai"", ""Dadabiri"", ""Chizako""]",Source polygon component; not independently named as an island or proof of complete physical land coverage.
gb:NGA:ADM2:59680162B35426409409773,Isiala Mbano,geoBoundaries NGA ADM2 2022,Local Government Area,Isiala Mbano,,0,1,True,130.627078,"[7.080947432877792, 5.598450644981313, 7.25743823868379, 5.736035114429058]",,,Pinned source component; no independent named-island or complete physical land assessment.
gb:NGA:ADM2:59680162B35426409409773,Isiala Mbano,current OCHA COD-AB NGA ADM2,Local Government Area,Isiala Mbano,NG017009,0,1,True,153.490289,"[7.093357659000048, 5.603070058000071, 7.265981402000136, 5.758072902000151]",31,"[""Umu Ozu"", ""Awka"", ""Ibeme"", ""Ogbor Ugiri"", ""Obolo"", ""Ugiri"", ""Amaraka"", ""Umu-Echem"", ""Mbamba"", ""Umu-Neke"", ""Umu Eze"", ""Amawzari"", ""Umu Osu"", ""Achi"", ""Yinku"", ""Mbeke"", ""Umu Elemai"", ""Umu Duru"", ""Okohia"", ""Umu Okpukpara"", ""Anghara"", ""Umuagu Okwelle"", ""Eziama"", ""Isu"", ""Umueke Umuduru"", ""Obiohuru"", ""Umu-Nachi"", ""Ezike"", ""Umuohiri"", ""Umuohir"", ""Obiohoro Osu""]",Source polygon component; not independently named as an island or proof of complete physical land coverage.
gb:NGA:ADM2:59680162B35912483761792,Etsako West,geoBoundaries NGA ADM2 2022,Local Government Area,Etsako West,,0,1,True,895.677636,"[6.167360782973788, 6.792143822079765, 6.483428954982344, 7.207706928332129]",,,Pinned source component; no independent named-island or complete physical land assessment.
gb:NGA:ADM2:59680162B35912483761792,Etsako West,current OCHA COD-AB NGA ADM2,Local Government Area,Etsako West,NG012009,0,1,True,938.746431,"[6.16736081200014, 6.792143777000149, 6.483216175000109, 7.207706820000055]",41,"[""Jagbe"", ""Agbede"", ""Odigie"", ""Odigi"", ""Odige"", ""Ewora"", ""Eworra"", ""Eworan Ote"", ""Idogun"", ""Idegun"", ""Ewari"", ""Eware"", ""Ojo, River"", ""Edion, River"", ""Egono"", ""Alagbon"", ""Ubiane"", ""Ayeri-Ubiane"", ""Ugieda"", ""Iyeroku"", ""Iyakpe"", ""Iyakpi"", ""Ibie Iyakpe"", ""Ibie Nale"", ""Auchi"", ""Jattu"", ""Ikpe"", ""Ikabigdo"", ""Alashio"", ""Yelwa"", ""Ayoguri"", ""Auiowri"", ""Irelli"", ""Awa"", ""Iviotha"", ""Meke"", ""Afana"", ""Ogbida"", ""Ogbido"", ""Wnioke"", ""Ijiku""]",Source polygon component; not independently named as an island or proof of complete physical land coverage.
gb:NGA:ADM2:59680162B35933805912396,Mopa-Muro,geoBoundaries NGA ADM2 2022,Local Government Area,Mopa-Muro,,0,1,True,773.35501,"[5.759814451076124, 7.92397785169652, 6.089353560818211, 8.354750633235199]",,,Pinned source component; no independent named-island or complete physical land assessment.
gb:NGA:ADM2:59680162B35933805912396,Mopa-Muro,current OCHA COD-AB NGA ADM2,Local Government Area,Mopa-Muro,NG023013,0,1,True,833.246565,"[5.753460412000038, 7.923977825000065, 6.089353682000024, 8.354750701000114]",24,"[""Lai-Ibbedde Forest"", ""Kabba Native Area"", ""Lai Gbedde Number 1"", ""Lai"", ""Ilai"", ""Okagi"", ""Mope"", ""Mopa"", ""Abi Hill"", ""Bajogun"", ""Amoru"", ""Amuro"", ""Agbele"", ""Orokere"", ""Okekere"", ""Aiyede"", ""Taketi"", ""Takete Ide"", ""Takete"", ""Jagbe"", ""Ijagbe"", ""Kabba Native Area N*"", ""Ebba River Forest R*"", ""Okagi""]",Source polygon component; not independently named as an island or proof of complete physical land coverage.
gb:NGA:ADM2:59680162B36304665045822,Emuoha,geoBoundaries NGA ADM2 2022,Local Government Area,Emuoha,,0,2,True,552.445825,"[6.663774033844618, 4.751772441944695, 6.931541286101549, 5.09592044477273]",,,Pinned source component; no independent named-island or complete physical land assessment.
gb:NGA:ADM2:59680162B36304665045822,Emuoha,geoBoundaries NGA ADM2 2022,Local Government Area,Emuoha,,1,2,True,225.946012,"[6.676002875632264, 5.105464126768084, 6.831312622879295, 5.31589989986054]",,,Pinned source component; no independent named-island or complete physical land assessment.
gb:NGA:ADM2:59680162B36304665045822,Emuoha,current OCHA COD-AB NGA ADM2,Local Government Area,Emohua,NG033010,0,1,True,833.000983,"[6.66788490600004, 4.784891131000165, 6.930737991000058, 5.277269841000077]",85,"[""Ogbakiri"", ""Ogbokiri"", ""Ikukiri"", ""Sama Creek"", ""Osugu Creek"", ""Dialafiari Creek"", ""Oduoha"", ""Orugbanikiri"", ""Rumuokani"", ""Umuoro"", ""Obia"", ""Obokiri"", ""Ahiankwo"", ""Okporowo"", ""Rumechie"", ""Ahai"", ""Abamesidia"", ""Orugborkiri"", ""Kalabari Settlement"", ""Ogbakiri"", ""Ogbamafa"", ""Ahia-Ahor"", ""Elegedi Market"", ""Akukuwaterra"", ""Akukwaterra"", ""Akukwaferra"", ""Rumuafo Water Side"", ""Osuogo"", ""Osogu"", ""Rumuafo"", ""Orotoh"", ""Rumuchie"", ""Nsokpo"", ""Mbuosi"", ""Rumakunde"", ""Emohua"", ""Gbowusa"", ""Ola-Rumuodogo"", ""Obogo"", ""Isiodu"", ""Agbar-Ndele"", ""Rumuafo"", ""Alibrada"", ""Rumuodogo"", ""Oduoha"", ""Obaku"", ""Obitie"", ""Ocheranyan"", ""Omoviri"", ""Ahia-Eke"", ""Runuji"", ""Rumuji"", ""Runuji"", ""Ogamini"", ""Obogo"", ""Ekunchara-Omofo"", ""Ngbodo"", ""Omofo"", ""Ngbuhie"", ""Obele Garric"", ""Iba"", ""Ibe"", ""Ibaa"", ""Ndelle"", ""Omagwa"", ""Rumuecke"", ""Rumuekpe"", ""Obele Nwokoma"", ""Imugu"", ""Ekutche"", ""Obelle"", ""Elele Alimini"", ""Etele Alimini"", ""Ahoada County Hospi"", ""Okpabo"", ""Ukpremini"", ""Omo Doga"", ""Umu-Dioga"", ""Umo Diogo"", ""Egbeda"", ""Egbede"", ""Ubumimi"", ""Ubomine"", ""Ubimimi"", ""Ikiri""]",Source polygon component; not independently named as an island or proof of complete physical land coverage.
gb:NGA:ADM2:59680162B36658267128816,Ethiope West,geoBoundaries NGA ADM2 2022,Local Government Area,Ethiope West,,0,1,True,544.396636,"[5.567243705033036, 5.771029327941164, 5.921317100803606, 6.052030087018977]",,,Pinned source component; no independent named-island or complete physical land assessment.
gb:NGA:ADM2:59680162B36658267128816,Ethiope West,current OCHA COD-AB NGA ADM2,Local Government Area,Ethiope West,NG010006,0,1,True,537.110307,"[5.563938004000022, 5.771745256000031, 5.921317030000125, 6.052030112000011]",98,"[""Asagba"", ""Anibon"", ""Ejeba"", ""Ejeba Waterside"", ""Onyobru"", ""Onyobru Waterside"", ""Anibon"", ""Boborokun"", ""Ovade-Ofo"", ""Ovade Jesse"", ""Ovade Jerhe"", ""Onyobru"", ""Onyobru-Oghobeye"", ""Onyobru"", ""Onyobru Inland"", ""Agborama"", ""Agboramo"", ""Ejeketa"", ""Osoguo"", ""Ajikpoto"", ""Igbomaja Inland"", ""Ogwiomugo"", ""Okuodibo"", ""Igbomoya"", ""Igbomoya Waterside"", ""Otumara"", ""Ajadogho"", ""Okunoh"", ""Ekroda"", ""Okwagbaye"", ""Okuagbaye"", ""Ejenessan"", ""Irhodo"", ""Jesse"", ""Jerhe"", ""Okwode Orhere"", ""Orhere"", ""Okwode"", ""Otefe"", ""Okunigho"", ""Akpobome"", ""Okwode Omoniyi"", ""Ajavwuni Ugbevwe"", ""Ajovwuni Ugbevwe"", ""Jerbe"", ""Idedaka-Jesse"", ""Akpobome Waterside"", ""Ajatitor"", ""Mosagon"", ""Michaga"", ""Jamieson River"", ""Jamieson, River"", ""Okweka"", ""Okueka"", ""Evwonogba Mosogar"", ""Ugbokpa-Mosogar"", ""Okvomore"", ""Okumore"", ""J.A. Thomas Factory"", ""Pamol Staff Quarters"", ""Ogharefe"", ""Otefe"", ""Munro Island"", ""Warigi"", ""Warifi"", ""Warrigi"", ""Akuodo"", ""Efurokpe"", ""Oghareki"", ""Ogharefe Junction"", ""Jikwa"", ""Ojikwa"", ""Eneose Island"", ""Adanisievbe"", ""Ajagbodudu"", ""Itsekiri Quarters"", ""Ogen"", ""J.A. Thomas Staff Q"", ""Okwirhie"", ""Obromudu"", ""Yoruba Island"", ""Wright Creek"", ""Ja Thomas Rubber Pl"", ""Pamol Rubber Planta"", ""Ijomi"", ""Okwegba"", ""Otumara"", ""Ja Thomas Staff Qua"", ""Ugbevwe"", ""Ovade New Site"", ""Upekeli"", ""Opekeli"", ""Ugbekele"", ""Otefe"", ""Tsekiri Camp"", ""Onaghagha"", ""Egho"", ""Ovade""]",Source polygon component; not independently named as an island or proof of complete physical land coverage.
gb:NGA:ADM2:59680162B37513478805829,Gummi,geoBoundaries NGA ADM2 2022,Local Government Area,Gummi,,0,1,True,2943.165552,"[4.860745447244653, 11.708116977816303, 5.402699999605318, 12.35577355010929]",,,Pinned source component; no independent named-island or complete physical land assessment.
gb:NGA:ADM2:59680162B37513478805829,Gummi,current OCHA COD-AB NGA ADM2,Local Government Area,Gummi,NG037006,0,1,True,2605.415394,"[4.919141594999985, 11.719808861000104, 5.410204987000157, 12.307564871000125]",31,"[""Jonga"", ""Zolo Hill"", ""Barkin Daji"", ""Doka, River"", ""Tagadi"", ""Leshi"", ""Tilmi"", ""Dogon-Manu"", ""Tulmi"", ""Dogon-Kade"", ""Tagadi"", ""Birnin Tudu"", ""Tundun-Goggo-Fulani"", ""Takasaba"", ""Yanta"", ""Gunmi"", ""Gummi"", ""Dangwai"", ""Dangwoi"", ""Dangoi-Rafin"", ""Birnin Magaji"", ""Gasura"", ""Aburufe"", ""Illela-Aweh"", ""Kurfa"", ""Kuifa"", ""Ungwan Waki"", ""Dan Japa"", ""Gambanda"", ""Tabkin Kaiwa Hill"", ""Kamaka""]",Source polygon component; not independently named as an island or proof of complete physical land coverage.
gb:NGA:ADM2:59680162B38183120701356,Municipal Area Council,geoBoundaries NGA ADM2 2022,Local Government Area,Municipal Area Council,,0,1,True,1475.681385,"[7.106484307404912, 8.630393028315666, 7.594658851924521, 9.143679754217317]",,,Pinned source component; no independent named-island or complete physical land assessment.
gb:NGA:ADM2:59680162B38183120701356,Municipal Area Council,current OCHA COD-AB NGA ADM2,Local Government Area,Abuja Municipal,NG015002,0,1,True,1722.751997,"[7.100906328000178, 8.629435005000175, 7.594658760000073, 9.150978858000144]",118,"[""Bogu"", ""Gaida"", ""Kazarago"", ""Gazarago"", ""Tunga Jankua"", ""Awa"", ""Kusaki"", ""Karshi"", ""Karshe"", ""Munafe"", ""Kupai"", ""Kwaye"", ""Gwau"", ""Ligwai"", ""Ketti"", ""Kuje"", ""Sape"", ""Ashata"", ""Sherete"", ""Ziona"", ""Burum"", ""Bada"", ""Waru"", ""Anka"", ""Gwi"", ""Kurudu"", ""Ginda"", ""Kpeyi"", ""Idon Bisa"", ""Jikoyi"", ""Galadima"", ""Idon Kasa"", ""Rubuchi"", ""Karu"", ""Garki"", ""Foroko"", ""Tungan Ali"", ""Gwari"", ""Gwaska"", ""Gwaska, River"", ""Karu"", ""Boi"", ""Katambe"", ""Gerki"", ""Tungan Wada"", ""Kurunduma"", ""Jidu"", ""Karonmajigi"", ""Kusafe"", ""Jachi, River"", ""Jachi"", ""Kugo"", ""Yanyan"", ""Sabo Kukwaba"", ""Kurunduma Forest Re"", ""Tungan Pa"", ""Furah"", ""Jabi, River"", ""Jabi"", ""Paputache"", ""Paipe"", ""Kunkwaba"", ""Kukwaba"", ""Zuma, River"", ""Zuma"", ""Aso"", ""Asokoro"", ""Aso"", ""Wupa"", ""Dakibiu"", ""Karimu"", ""Karum"", ""Karumo"", ""Gidan Nbora"", ""Jabi"", ""Ankuru"", ""Idu"", ""Faidna"", ""Faidna, River"", ""Jadna, River"", ""Jadna"", ""Wuse"", ""Sabokarumo"", ""Ndawuse, River"", ""Ndawuse"", ""Gwagwa Rafi"", ""Idogwari"", ""Tungan Daudu"", ""Juwa"", ""Aso Hills"", ""Mobushipe"", ""Mabushipe"", ""Abuja"", ""Tasha"", ""Wuna, River"", ""Gwagwa"", ""Dakwa"", ""Dakwa, River"", ""Kadobunkuro"", ""Gwarinpa"", ""Maitama"", ""Paa"", ""Paa, River"", ""Jahi"", ""Gujigwo, River"", ""Gujigwo"", ""Kubabo"", ""Jiru"", ""Dakwa"", ""Karsana"", ""Sabojibi"", ""Gwagwa Forest Reser*"", ""Abuja Native Area N*"", ""Kado"", ""Kaba"", ""Katambe"", ""Karsana"", ""Gurushe""]",Source polygon component; not independently named as an island or proof of complete physical land coverage.
gb:NGA:ADM2:59680162B38736391522213,Idemili South,geoBoundaries NGA ADM2 2022,Local Government Area,Idemili South,,0,1,True,103.995611,"[6.777519322159037, 6.017576075575448, 6.976743648400713, 6.099218966282308]",,,Pinned source component; no independent named-island or complete physical land assessment.
gb:NGA:ADM2:59680162B38736391522213,Idemili South,current OCHA COD-AB NGA ADM2,Local Government Area,Idemili South,NG004011,0,1,True,131.258741,"[6.775438182000016, 6.017125900000053, 6.984329474000162, 6.107320408000135]",13,"[""Akwa-Etiti"", ""Nobi"", ""Nnobi"", ""Nnabi"", ""Ojoto"", ""Oba"", ""Oba-Aboji"", ""Oraukwu"", ""Ojoto"", ""Ide-Ani"", ""Obosi"", ""Odidu"", ""Odida""]",Source polygon component; not independently named as an island or proof of complete physical land coverage.
gb:NGA:ADM2:59680162B39308677673484,Ibaji,geoBoundaries NGA ADM2 2022,Local Government Area,Ibaji,,0,1,True,1346.277548,"[6.610790253367554, 6.557928405671419, 6.966055594390241, 7.060700540597509]",,,Pinned source component; no independent named-island or complete physical land assessment.
gb:NGA:ADM2:59680162B39308677673484,Ibaji,current OCHA COD-AB NGA ADM2,Local Government Area,Ibaji,NG023006,0,1,True,1334.993147,"[6.61079013900013, 6.532356273000062, 6.963064294000162, 7.025212358000147]",31,"[""Akalo"", ""Oje"", ""Echenga"", ""Echengwa"", ""Amabo"", ""Ichichia"", ""Ichuchu"", ""Adaigba"", ""Odeke"", ""Ijankuta"", ""Ogwo"", ""Ofu, River"", ""Alke"", ""Abujaga"", ""Irahun"", ""Aliko"", ""Ojuba"", ""Agbagbojo"", ""Onyadega"", ""Onyedega"", ""Ogaine"", ""Nwajala"", ""Owagala"", ""Otoduma"", ""Utoduma"", ""Ejule"", ""Ejuli"", ""Odobu"", ""Elele"", ""Ibaoko"", ""Ota""]",Source polygon component; not independently named as an island or proof of complete physical land coverage.
gb:NGA:ADM2:59680162B39513276000218,Owerri North,geoBoundaries NGA ADM2 2022,Local Government Area,Owerri North,,0,1,True,184.283911,"[7.005528345356879, 5.328476999613883, 7.173018999627175, 5.541894917416528]",,,Pinned source component; no independent named-island or complete physical land assessment.
gb:NGA:ADM2:59680162B39513276000218,Owerri North,current OCHA COD-AB NGA ADM2,Local Government Area,Owerri North,NG017024,0,1,True,193.946439,"[7.013905981000164, 5.323944074000053, 7.174820964000048, 5.540624097000091]",22,"[""Obeke"", ""Amorie"", ""Amaeze"", ""Olakwo"", ""Emekeobibi"", ""Abala"", ""Naze"", ""Emii"", ""Emekuku"", ""Emekukwu"", ""Okitankwo"", ""Okitankwo, River"", ""Awaka"", ""Akalovo"", ""Azara-Egbelu"", ""Egbu"", ""Ihite"", ""Oratta"", ""Umunahu"", ""Owelu"", ""Owala"", ""Orji""]",Source polygon component; not independently named as an island or proof of complete physical land coverage.
gb:NGA:ADM2:59680162B40491222708573,Magama,geoBoundaries NGA ADM2 2022,Local Government Area,Magama,,0,1,True,3640.920071,"[4.529982567041884, 9.819110477766401, 5.354918479704111, 10.761413047174415]",,,Pinned source component; no independent named-island or complete physical land assessment.
gb:NGA:ADM2:59680162B40491222708573,Magama,current OCHA COD-AB NGA ADM2,Local Government Area,Magama,NG027014,0,1,True,4056.230008,"[4.526861212000085, 9.823873410000033, 5.358264873000167, 10.766348641000093]",142,"[""Komi"", ""Niger Dam"", ""Kainji Dam"", ""Kare"", ""Maingyara, River"", ""Dalau"", ""Janyau"", ""Tungan Goge"", ""Kulfo"", ""Gategi"", ""Sabon Garafini"", ""Sabon Garafini East"", ""Musansa Hills"", ""Makwando"", ""Makondo"", ""Kokolo"", ""Ubawa, River"", ""Makyalo"", ""Madugu"", ""Malopo"", ""Shagwa"", ""Shakwa"", ""Tungan-Gandi"", ""Tungan Bature"", ""Tungan Adura"", ""Tungan Waya"", ""Makwari"", ""Sabon-Gari"", ""Kashuwa Hills"", ""Dogon-Lamba"", ""Kure"", ""Keriko"", ""Keniko"", ""Auna"", ""Raka, River"", ""Mafuta"", ""Kwoso"", ""Balugu-Hausawa"", ""Old Madaci"", ""Madaci"", ""Tungan Madaci"", ""Farikasa"", ""Kada"", ""Gode"", ""Maraha, River"", ""Kontagora, River"", ""Kusaka"", ""Usulu, River"", ""Majeme"", ""Tungan-Ajiya"", ""Madele, River"", ""Kada, River"", ""Gurai"", ""Balugu"", ""Kura"", ""Balugu"", ""Wawu, River"", ""Maraha"", ""Balugu"", ""Usaka"", ""Mahonge"", ""Sabon Gari"", ""Wando"", ""Tungan Samu"", ""Salka"", ""Kinke"", ""Majabu"", ""Raha"", ""Makuci"", ""Alunguci"", ""Majinga"", ""Kyau"", ""Raba"", ""Mapapo"", ""Gwagwede"", ""Busuru"", ""Bussara"", ""Machinka Hills"", ""Lagumo"", ""Tungan Mataci"", ""Wata, River"", ""Tungan Sara"", ""Momba"", ""Masamagu"", ""Mamba"", ""Gwagwade"", ""Billi"", ""Ibeto"", ""Nasko"", ""Gidan Gona"", ""Luhu"", ""Matalengo"", ""Karandadi"", ""Tungan Makeri"", ""Irana"", ""Tungan Isale"", ""Anaba"", ""Gengi"", ""Shashuwa"", ""Ibili"", ""Old Izalo"", ""Izalo"", ""Tungan War Iyali"", ""Izalo Hill"", ""Firia"", ""Maragwasa"", ""Sabo-Izalo"", ""Isana"", ""Tungan-Wakali"", ""Ushafa"", ""Fambo"", ""Zoma"", ""Ushafa"", ""Tungan Sara"", ""Tungan Asala"", ""Libelli Hill"", ""Libeli Hill"", ""Libelli"", ""Libeli"", ""Akau"", ""Mafillo"", ""Machifa"", ""Machita"", ""Tungan Boka"", ""Shadawanka, River"", ""Kuka"", ""Ushafa"", ""Tungan Numa"", ""Kososhi"", ""Ushafa"", ""Tungan-Gora"", ""Iteri Hill"", ""Makirin"", ""Tungan Auta"", ""Tungan Mesamari"", ""Arhu, River"", ""Arusa, River"", ""Tungan Magala"", ""Ifana"", ""Makirin"", ""Tungan Gwondo"", ""Banga, River""]",Source polygon component; not independently named as an island or proof of complete physical land coverage.
gb:NGA:ADM2:59680162B42022523568798,Njikoka,geoBoundaries NGA ADM2 2022,Local Government Area,Njikoka,,0,1,True,55.302894,"[6.949956968039714, 6.131984781172775, 7.040779426829147, 6.241082079074715]",,,Pinned source component; no independent named-island or complete physical land assessment.
gb:NGA:ADM2:59680162B42022523568798,Njikoka,current OCHA COD-AB NGA ADM2,Local Government Area,Njikoka,NG004013,0,1,True,97.445353,"[6.942780394000181, 6.12302302300003, 7.041267971000138, 6.255470383999977]",13,"[""Oraukwu"", ""Nimo"", ""Enugu-Ukwu"", ""Enugu-Ukwu"", ""Enugwu-Ukwu"", ""Enugu"", ""Ifite-Ukpo"", ""Nofia"", ""Abagana"", ""Nofia"", ""Ukpo-Akpu"", ""Ukpo"", ""Enugu-Agidi""]",Source polygon component; not independently named as an island or proof of complete physical land coverage.
gb:NGA:ADM2:59680162B42162352171568,Birnin Magaji-Kiyaw,geoBoundaries NGA ADM2 2022,Local Government Area,Birnin Magaji-Kiyaw,,0,1,True,1234.351624,"[6.656199115296999, 12.26719280710239, 7.065900001583827, 12.673441929001854]",,,Pinned source component; no independent named-island or complete physical land assessment.
gb:NGA:ADM2:59680162B42162352171568,Birnin Magaji-Kiyaw,current OCHA COD-AB NGA ADM2,Local Government Area,Birnin Magaji,NG037003,0,1,True,1239.957662,"[6.665153582000187, 12.265313449000075, 7.1047235690001, 12.643483748000165]",47,"[""Tun Kuda"", ""Sake"", ""Nyanga Fulani"", ""Gidan Mashau"", ""Guidan Mashau"", ""Sauni Majina"", ""Guidan Makuru"", ""Gidan Makuru"", ""Maradawa"", ""Biginni"", ""Jela"", ""Unguwar Alugwaji"", ""Alugwaji"", ""Farin Mallam"", ""Unguwar Farin Mallam"", ""Nassarawa"", ""Dabawa"", ""Ussu"", ""Shagerawa"", ""Makera"", ""Unguwar Makera"", ""Kanu"", ""Mara"", ""Sabri"", ""Ilojia"", ""Kiyawa"", ""Kiawa"", ""Turawa"", ""Ohoh"", ""Madambaji"", ""Bukut"", ""Kofa"", ""Kabin Giro"", ""Ungwan Kabin Giro"", ""Moru"", ""Gworah"", ""Kirifada"", ""Dan Koda"", ""Unguwar Dan Koda"", ""Kokiya"", ""Gora"", ""Modomawa"", ""Sabon-Birni"", ""Birni Mogaji"", ""Namoda"", ""Magare"", ""Bunsuru, River""]",Source polygon component; not independently named as an island or proof of complete physical land coverage.
gb:NGA:ADM2:59680162B42207826884677,Gbako,geoBoundaries NGA ADM2 2022,Local Government Area,Gbako,,0,1,True,1536.695319,"[5.830348761186428, 9.076549644250747, 6.221193926358637, 9.558597565425373]",,,Pinned source component; no independent named-island or complete physical land assessment.
gb:NGA:ADM2:59680162B42207826884677,Gbako,current OCHA COD-AB NGA ADM2,Local Government Area,Gbako,NG027008,0,1,True,1750.318045,"[5.819750818999978, 8.977507407000132, 6.222162696000112, 9.579245323000066]",138,"[""Dakomba"", ""Jima"", ""Kuchigi"", ""Makun"", ""Ndeji Gosan"", ""Potun"", ""Wowogi"", ""Ezoyagi"", ""Bzoyagi"", ""Gubagi"", ""Ebachado"", ""Tswabga"", ""Ejudiko"", ""Sabaku"", ""Ndalama"", ""Ndakama"", ""Fembo"", ""Anfani"", ""Tokunzhi"", ""Gogata"", ""Dakudi, River"", ""Emisala"", ""Twata"", ""Gbanginigi"", ""Wuya Suma"", ""Yefaji"", ""Kalu"", ""Emagiti"", ""Emiyatsu"", ""Magwe"", ""Baratsu"", ""Ekogi"", ""Emisagi"", ""Fakunba"", ""Fakumba"", ""Tsadza"", ""Ndamanma"", ""Ebba"", ""Jatau, River"", ""Chanchaga, River"", ""Madede"", ""Gara"", ""Lemuta"", ""Emiworogi"", ""Sangashi"", ""Denjai"", ""Denja"", ""Eme, River"", ""Daku"", ""Tsonpata"", ""Shishi"", ""Mawogi"", ""Mgwogi"", ""Tswadan"", ""Mandzakwa"", ""Mandakwa"", ""Wawagi"", ""Kusotako"", ""Bajako"", ""Batako"", ""Sunpate"", ""Ndaba"", ""Gidan Chigo"", ""Sagi"", ""Yabatagi"", ""Kunkele"", ""Emitswawa"", ""Emitswaiwa"", ""Manmagi"", ""Ndaloke"", ""Tungan Malam Gana"", ""Malam Gana"", ""Tungar Malam Gana"", ""Tswasha"", ""Patigi Liman"", ""Patig Uman"", ""Egwan"", ""Nuwako"", ""Etsu, River"", ""Eso"", ""Gwa"", ""Patigi"", ""Kpayitama"", ""Kpayita"", ""Twakoyagi"", ""Tswakoyagi"", ""Lemu"", ""Yikangi"", ""Gbangba"", ""Daniya Pati"", ""Daniya"", ""Etsu Abu"", ""Shanbalegbo"", ""Shabalegbo"", ""Bandegi"", ""Sumakr"", ""Sabon Sofon Jaaba"", ""Jaaba"", ""Ndeji"", ""Deju"", ""Sonmaji"", ""Gbondu"", ""Gwadu"", ""Gwarji, River"", ""Jimanli"", ""Legbozukun"", ""Sofon Legbozukun"", ""Kpankogi"", ""Saganuwa"", ""Genobiji"", ""Tongamaliki"", ""Tunga Maliki"", ""Ganabigi"", ""Ewonko Ganabigi"", ""Toroko"", ""Dakumgba"", ""Bidafu"", ""Okunkungi"", ""Ndachejiya"", ""Gududzuru"", ""Gududzoro"", ""Baban Zaure"", ""Yikagi"", ""Evuntagi"", ""Etsuisa"", ""Bisiugi"", ""Ndatoraki"", ""Yabatagi"", ""Lagga"", ""Ndalandu"", ""Gudi"", ""Jangara"", ""Jangana"", ""Malagi"", ""Ndachejiya"", ""Yelwa"", ""Yeluwa"", ""Shaku, River""]",Source polygon component; not independently named as an island or proof of complete physical land coverage.
gb:NGA:ADM2:59680162B42338651294858,Awka South,geoBoundaries NGA ADM2 2022,Local Government Area,Awka South,,0,1,True,157.007106,"[7.01074306064379, 6.111845452305829, 7.150726738748062, 6.271098554954392]",,,Pinned source component; no independent named-island or complete physical land assessment.
gb:NGA:ADM2:59680162B42338651294858,Awka South,current OCHA COD-AB NGA ADM2,Local Government Area,Awka South,NG004006,0,1,True,173.427628,"[7.018607186, 6.115178541000091, 7.152611616000115, 6.269011044000024]",18,"[""Mgbaukwu"", ""Mgbakwu"", ""Umuawulu"", ""Nise"", ""Nibo"", ""Nibo-Nise"", ""Ndiagu"", ""Umuokpu"", ""Umukpu"", ""Amobia"", ""Akwa"", ""Awka"", ""Obibia, River"", ""Efite-Awka"", ""Ifite-Awka Hill"", ""Ifite-Awka"", ""Okpuno-Awka"", ""Okpuno""]",Source polygon component; not independently named as an island or proof of complete physical land coverage.
gb:NGA:ADM2:59680162B43558777101724,Bukkuyum,geoBoundaries NGA ADM2 2022,Local Government Area,Bukkuyum,,0,1,True,3752.098059,"[5.231357046290725, 11.614770115748286, 5.94873595330165, 12.35577355010929]",,,Pinned source component; no independent named-island or complete physical land assessment.
gb:NGA:ADM2:59680162B43558777101724,Bukkuyum,current OCHA COD-AB NGA ADM2,Local Government Area,Bukkuyum,NG037004,0,1,True,3296.083481,"[5.304690233000088, 11.610139549, 5.884369718000016, 12.292035130000102]",28,"[""Gulbin Ka"", ""Ragam"", ""Kukan Baraje"", ""Kerun"", ""Gaudi"", ""Zugu"", ""Gwalafi"", ""Adebka"", ""Gwashi"", ""Gayawa"", ""Mumuma Hill"", ""Mumuna Hill"", ""Kainya Hill"", ""Ramfashi"", ""Nasarawa"", ""Dan Garamfa"", ""Zarumi Hill"", ""Bukuyum"", ""Bukwium"", ""Bukkuyum"", ""Birnin Zauma"", ""Sadawa"", ""Dan Bago"", ""Gasa Fula Hill"", ""Ruwan Rana"", ""Gidan Damisa Hill"", ""Ruanjema"", ""Ruwan Jema""]",Source polygon component; not independently named as an island or proof of complete physical land coverage.
gb:NGA:ADM2:59680162B43671986122418,Gudu,geoBoundaries NGA ADM2 2022,Local Government Area,Gudu,,0,1,True,2988.322641,"[4.124885075585837, 13.15996189272721, 4.807890041392341, 13.768725558237975]",,,Pinned source component; no independent named-island or complete physical land assessment.
gb:NGA:ADM2:59680162B43671986122418,Gudu,current OCHA COD-AB NGA ADM2,Local Government Area,Gudu,NG034007,0,1,True,3281.83253,"[4.128053127999976, 13.14050549500007, 4.824352259000079, 13.775273748000131]",173,"[""Boba"", ""Uda Sofo, River"", ""Takasaba, River"", ""Bungel"", ""Bingel Sarkin-Koni"", ""Gidan Bashu"", ""Masama"", ""Tungan Katchira"", ""Kolo Hill"", ""Tungan Jero"", ""Tungan Chichi"", ""Binjel Sabarumowa"", ""Tungan Namaiwa"", ""Giliodi"", ""Karfin, River"", ""Kafin Chana"", ""Chana"", ""Parakam"", ""Parakum"", ""Angwa Bawa"", ""Kondolache, River"", ""Katsura, River"", ""Tungan Taura"", ""Kulhi"", ""Kulhi Kondo"", ""Karfin Chana"", ""Dangadabro"", ""Karfin Sarki"", ""Kogin Sarki"", ""Keur Sarki"", ""Ferakam, River"", ""Farakam, River"", ""Kazaure"", ""Kazaura"", ""Tulua Takabawa"", ""Kazaura Hill"", ""Tulua"", ""Tulua Kabi"", ""Tulua Hausa"", ""Udanmata, River"", ""Udasoba, River"", ""Tulua"", ""Arbakwe"", ""Arbakwai"", ""Kufei Hill"", ""Tilas"", ""Tulas"", ""Udan Marki"", ""Maizari Hill"", ""Yakkadaji"", ""Yakka"", ""Shitalo"", ""Takoda, River"", ""Gumbin Duki"", ""Gumbilike"", ""Yakka"", ""Makwa"", ""Makwia"", ""Gumbilike Hill"", ""Filasko"", ""Tulum Bere"", ""Kokoto"", ""Kokotau"", ""Saikinta"", ""Salawa"", ""Dankaiwa"", ""Goho Hill"", ""Bamgi"", ""Bangi"", ""Banyi"", ""Kue Hill"", ""Boto"", ""Illa, River"", ""Bachaka"", ""Kue Hill"", ""Jema Hill"", ""Jema"", ""Salanka Duniyan"", ""Gwazange"", ""Danwai"", ""Bobare"", ""Dobare"", ""West Tangaza Forest"", ""West Tangaza Native"", ""Sokoto Native Area"", ""Maore"", ""Beriberi"", ""Dambagi"", ""Alfagei"", ""Sabarumowa"", ""Kutumbu Mochera, Ri*"", ""Kutumbu Mockera, Ri*"", ""Garingolmi"", ""Dangari Adua"", ""Kisso"", ""Kiso"", ""Shatoka"", ""Satuka"", ""Dankeji, River"", ""Tudu"", ""Dubare"", ""Dogoso, River"", ""Balle"", ""Bale"", ""Tunga"", ""Angwa Hure"", ""Kwararap"", ""Yaka Numan Hill"", ""Dabaga"", ""Kotohari"", ""Kutufari"", ""Kuafuri"", ""Yamu"", ""Gumbi"", ""Dakassa"", ""Kurunkuse"", ""Kaukau"", ""Jigo"", ""Tunga-Sabarumowa"", ""Gari-Ahoda"", ""Makira"", ""Rafin Kubu"", ""Tapkin Kwato"", ""Baori, River"", ""Sudiundu, River"", ""Bella, River"", ""Talabani"", ""Kulgene"", ""Kitchura, River"", ""Hoko, River"", ""Darusa"", ""Durusa Kadiri"", ""Darousa"", ""Gidan Maifada"", ""Dabalmawa"", ""Diegi"", ""Degi"", ""Tapkin Fuss"", ""Kasura"", ""Kadeche, River"", ""Algali, River"", ""Kurdula"", ""Kardula"", ""Kurdula-Sabarumowa"", ""Turetta"", ""Gwadi"", ""Kiwo-Allah"", ""Bauchi"", ""Daaki, River"", ""Awulkitina"", ""Katsura"", ""Kokoki"", ""Kekoke"", ""Naki Gaza Detchi"", ""Awulkin Takare"", ""Awulkite"", ""Gozange"", ""Marakim-Bure"", ""Maraken Bori"", ""Bakar Tsauna"", ""Sadura"", ""North Tangaza Fores*"", ""Morake Bori"", ""Runi Hill"", ""Tagimba"", ""El Tagimba"", ""Yatamgimba"", ""Yatagimba"", ""Jimojimi Sule"", ""Jimojimi-Basansagawa"", ""Djima Djimi Gaya"", ""Jimajimi"", ""Djima-Djimi Gaya""]",Source polygon component; not independently named as an island or proof of complete physical land coverage.
gb:NGA:ADM2:59680162B43824241108050,Oye,geoBoundaries NGA ADM2 2022,Local Government Area,Oye,,0,1,True,579.422078,"[5.241356000179337, 7.715516491592837, 5.445495842659057, 8.091933445572124]",,,Pinned source component; no independent named-island or complete physical land assessment.
gb:NGA:ADM2:59680162B43824241108050,Oye,current OCHA COD-AB NGA ADM2,Local Government Area,Oye,NG013016,0,1,True,505.808575,"[5.254497608000179, 7.723801066000021, 5.450956024000106, 8.036107902000083]",22,"[""Arigidi"", ""Egosi"", ""Oye"", ""Itapa-Ekiti"", ""Itapa"", ""Imojo"", ""Omu-Ijelu"", ""Omu Ijebu"", ""Itaji"", ""Omu-Ekiti"", ""Aiyede"", ""Omu-Titun"", ""Ayo"", ""River Ayo"", ""Ayo River"", ""Ilafon-Isan"", ""Isan-Ekiti"", ""Ishan"", ""Ilemeso Ekiti"", ""Elemosho"", ""Ishan-Aiyede Forest"", ""Aiyede-Ishan""]",Source polygon component; not independently named as an island or proof of complete physical land coverage.
gb:NGA:ADM2:59680162B43870676483034,Bomadi,geoBoundaries NGA ADM2 2022,Local Government Area,Bomadi,,0,1,True,207.45089,"[5.725292308793087, 5.099972247621167, 5.927826404564939, 5.35877437513733]",,,Pinned source component; no independent named-island or complete physical land assessment.
gb:NGA:ADM2:59680162B43870676483034,Bomadi,current OCHA COD-AB NGA ADM2,Local Government Area,Bomadi,NG010003,0,4,True,64.871706,"[5.87591113000002, 5.099972220000041, 5.986904088000074, 5.197474011000111]",13,"[""Ebribor"", ""Olodiama"", ""Bomadi"", ""Bomodi"", ""Ateteoba Creek"", ""Amatebo"", ""Kpakiama"", ""Kpariama"", ""Oboro"", ""Alagbabiri"", ""Alagbabri"", ""Arorama"", ""Kpukpugbene""]",Source polygon component; not independently named as an island or proof of complete physical land coverage.
gb:NGA:ADM2:59680162B43870676483034,Bomadi,current OCHA COD-AB NGA ADM2,Local Government Area,Bomadi,NG010003,1,4,True,38.895815,"[5.76716086700003, 5.185741846000099, 5.850695967000149, 5.264167249000081]",11,"[""Ekameta Stream"", ""Esanma"", ""Aputu"", ""Kamotu"", ""Siama"", ""Obgeinyama"", ""Obeinyama"", ""Ogbeinyama"", ""Afieki"", ""Akugbene"", ""Okrigo""]",Source polygon component; not independently named as an island or proof of complete physical land coverage.
gb:NGA:ADM2:59680162B43870676483034,Bomadi,current OCHA COD-AB NGA ADM2,Local Government Area,Bomadi,NG010003,2,4,True,22.660521,"[5.741071138999985, 5.268263768, 5.825238234999972, 5.336875377000183]",3,"[""Ogodobri"", ""Ezebri"", ""Frukama""]",Source polygon component; not independently named as an island or proof of complete physical land coverage.
gb:NGA:ADM2:59680162B43870676483034,Bomadi,current OCHA COD-AB NGA ADM2,Local Government Area,Bomadi,NG010003,3,4,True,2.284268,"[5.823121903000015, 5.283931333000055, 5.849763856000038, 5.297545460000038]",2,"[""Iwhrobi"", ""Okoloba""]",Source polygon component; not independently named as an island or proof of complete physical land coverage.
gb:NGA:ADM2:59680162B44112457363104,Bungudu,geoBoundaries NGA ADM2 2022,Local Government Area,Bungudu,,0,1,True,2077.536219,"[6.354769055347674, 11.569019979088807, 6.906787466568403, 12.449586476834497]",,,Pinned source component; no independent named-island or complete physical land assessment.
gb:NGA:ADM2:59680162B44112457363104,Bungudu,current OCHA COD-AB NGA ADM2,Local Government Area,Bungudu,NG037005,0,1,True,2031.396643,"[6.338347329999976, 11.596761038000182, 6.899605001000168, 12.468380923000097]",248,"[""Koromo Mesa"", ""Koramo Mesa, River"", ""Matade Hill"", ""Tudun Wada"", ""Jan Doki"", ""Jan Doki, River"", ""Ungwan Hiu"", ""Sabon Gari"", ""Usu"", ""Usu, River"", ""Ngurmi"", ""Maje"", ""Maji"", ""Kwan Dahaki"", ""Matan Kali"", ""Kadusa, River"", ""Kadusa"", ""Kogiri"", ""Guidan Tanko"", ""Gidan Tanko"", ""Tudu"", ""Na Korau"", ""Neloka"", ""Kadusa"", ""Awala"", ""Guidan Liman"", ""Kadusa"", ""Bakoshi"", ""Gidan Sarkin Gardi"", ""Kassasa"", ""Kasasa"", ""Mai-Daji"", ""Gangara"", ""Kurkudun Hill"", ""Audu"", ""Unguwar Audu"", ""Guidan Jibo"", ""Gidan Jibo"", ""Ungwan Dan Baba"", ""Dan Baba"", ""Mane"", ""Unguwar Mane"", ""Unguwar Karihe"", ""Karihe"", ""Guidan Ada"", ""Gidan Ada"", ""Gidan Mai Kwazo"", ""Guidan Mai-Kwazo"", ""Kulodo"", ""Unguwar Kulodo"", ""Ungwan Galadima"", ""Unguwar Galadima"", ""Galadima"", ""Masagu"", ""Masagu (2)"", ""Bawa"", ""Unguwar Bawa"", ""Guidan Sakarawa"", ""Gidan Sakarawa"", ""Kyekunwaje"", ""Gidan Karfe"", ""Guidan Karte"", ""Guidan Janari"", ""Gidan Janari"", ""Kwoji"", ""Kwatarkwashi"", ""Kotorkushi"", ""Kotorkoshi"", ""Unguwar Jake"", ""Jake"", ""Masagu"", ""Masagu (1)"", ""Guidan Hagu"", ""Gidan Hagu"", ""Gulfi"", ""Zaman Giru"", ""Zaman Gira"", ""Gidan Abu"", ""Guidan Abu"", ""Madachi"", ""Augi"", ""Gadauna"", ""Bawa Gaga"", ""Gidan Bawa Gaga"", ""Maje"", ""Bakwonta"", ""Margau"", ""Tumfafi"", ""Guidan Beriberi"", ""Gidan Beriberi"", ""Yagaba"", ""Guidan Nasheku"", ""Gidan Nasheku"", ""Guidan Yakubu"", ""Gidan Yakubu"", ""Awala"", ""Mazozawa"", ""Gidan Babagoji"", ""Guidan Babagoji"", ""Kawari"", ""Guidan Margau"", ""Geben Margau"", ""Auki"", ""Ribe"", ""Sarkin"", ""Ungwan Sarkin"", ""Sabaru"", ""Guidan Usuman"", ""Gidan Usuman"", ""Guidan Dawai"", ""Gidan Dawai"", ""Dan Dabe"", ""Unguwar Dan Dabe"", ""Guidan Dadago"", ""Gidan Dadago"", ""Sarkin Rafi"", ""Jan Kobe"", ""Goga"", ""Sauna"", ""Unguwar Sauna"", ""Dama Guli"", ""Guidan Shanono"", ""Gidan Shanono"", ""Barmo"", ""Unguwar Barmo"", ""Guidan Kada"", ""Gidan Kada"", ""Tofa"", ""Guidan Yamatawa"", ""Gidan Yamatawa"", ""Gidan Arna"", ""Guidan Arna"", ""Bolaii"", ""Guidan Nayo"", ""Gidan Nayo"", ""Guidan Ali"", ""Gidan Ali"", ""Gidan Mani"", ""Guidan Mani"", ""Guidan Dan Makwayo"", ""Gidan Dan Makwayo"", ""Guidan Sodangi"", ""Gidan Sodangi"", ""Karoka"", ""Magaji"", ""Unguwar Magaji"", ""Furifuri"", ""Guidan Nagambu"", ""Gidan Nagambu"", ""Dakache"", ""Guidan Sardo"", ""Guidan Sarde"", ""Gidan Sardo"", ""Njare"", ""Unguwar Njare"", ""Gamowa"", ""Rawuya"", ""Gidan Machido"", ""Guidan Machido"", ""Jagero"", ""Jagara"", ""Unguwar Ganji"", ""Ganji"", ""Gidan Kadiri"", ""Guidan Kadiri"", ""Wazoji"", ""Kudo"", ""Wa"", ""Guidan Buda"", ""Gidan Buda"", ""Baraia Zaki"", ""Guidan Namatunu"", ""Gidan Namatunu"", ""Baraia Zaki"", ""Yar Kwabe"", ""Gidan Anache"", ""Guidan Anache"", ""Fulani"", ""Unguwar Fulani"", ""Bungudu"", ""Bongudu"", ""Dan Rumji"", ""Rumji"", ""Falke"", ""Unguwar Falke"", ""Yar Samawa"", ""Kuga"", ""Guidan Nahiru"", ""Gidan Nahiru"", ""Marke"", ""Samawa"", ""Gada"", ""Guidan Uban Dawaki"", ""Gidan Uban Dawaki"", ""Guidan Imoru"", ""Gidan Imoru"", ""Gunhaleri"", ""Mamula"", ""Kwaskar"", ""Dangau"", ""Unguwar Dangau"", ""Gidan Dango"", ""Guidan Dango"", ""Farakuwa"", ""Guidan Gibo"", ""Gidan Gibo"", ""Birni Gide"", ""Saoni"", ""Unguwar Saoni"", ""Baya Wiri"", ""Baban Gebe"", ""Shirgi"", ""Bamboo"", ""Gidan Karbo"", ""Guidan Karbo"", ""Makarta"", ""Unguwar Makarta"", ""Dempa"", ""Balewa"", ""Belawa"", ""Guidan Bawa"", ""Gidan Bawa"", ""Bunaji"", ""Guidan Mai Sauri"", ""Gidan Mai Sauri"", ""Guidan Buzu"", ""Gidan Buzu"", ""Lango"", ""Guidan Jibo"", ""Gidan Jibo"", ""Murai"", ""Tudu"", ""Unguwar Tudu"", ""Nafuchi"", ""Nafuche"", ""Karakai"", ""Guidan Buda"", ""Gidan Buda"", ""Guidan Adamu"", ""Gidan Adamu"", ""Ganuaje"", ""Gamagiwa"", ""Leka"", ""Nahutie"", ""Dan Boji"", ""Dan Baji"", ""Mallam Haruna"", ""Gidan Mallam Haruna""]",Source polygon component; not independently named as an island or proof of complete physical land coverage.
gb:NGA:ADM2:59680162B44242102017414,Ihiala,geoBoundaries NGA ADM2 2022,Local Government Area,Ihiala,,0,1,True,296.551722,"[6.742227328728291, 5.744104384909463, 6.99373183825378, 5.933865456425735]",,,Pinned source component; no independent named-island or complete physical land assessment.
gb:NGA:ADM2:59680162B44242102017414,Ihiala,current OCHA COD-AB NGA ADM2,Local Government Area,Ihiala,NG004012,0,1,True,240.830214,"[6.787204868000174, 5.744120125000052, 6.977666213000134, 5.945515165000074]",39,"[""Amokwa"", ""Umuoma"", ""Ubahidara"", ""Egbu"", ""Ayinneji"", ""Egwungwu"", ""Uli"", ""Amamputu-Uli"", ""Akaba"", ""Eziama"", ""Ihite-Ihiala"", ""Isieke"", ""Akazi"", ""Akazi, River"", ""Ogboro"", ""Ihiala"", ""Mbosi"", ""Ihala"", ""Osuakwa"", ""Orsumoghu"", ""Ubarakpaka"", ""Lilu"", ""Ubaraekwem"", ""Akpaka"", ""Osu-Umuezekpe"", ""Azira"", ""Azia"", ""Lilu"", ""Uruobo-Okija"", ""Okija"", ""Ofala"", ""Ofala, River"", ""Omai"", ""Omai, River"", ""Isieke"", ""Orkija"", ""Awgbu"", ""Awgbu, River"", ""Ogene""]",Source polygon component; not independently named as an island or proof of complete physical land coverage.
gb:NGA:ADM2:59680162B44850901768514,Orsu,geoBoundaries NGA ADM2 2022,Local Government Area,Orsu,,0,1,True,65.509649,"[6.927413708176118, 5.792429579161819, 7.04677409265031, 5.923494816332777]",,,Pinned source component; no independent named-island or complete physical land assessment.
gb:NGA:ADM2:59680162B44850901768514,Orsu,current OCHA COD-AB NGA ADM2,Local Government Area,Orsu,NG017021,0,1,True,75.054105,"[6.915580713000054, 5.788091577000102, 7.015880575000097, 5.905193280999981]",17,"[""Amazu I"", ""Afozuru"", ""Amoebo"", ""Umuakabia"", ""Awo Idemiri"", ""Awo Ndemini"", ""Umuhu"", ""Umunu"", ""Umuahu"", ""Eziawa"", ""Orsuihiteukwa"", ""Osunachu"", ""Osonachu"", ""Assa"", ""Ihite Owerri"", ""Igitemasa"", ""Ihite-Nansa""]",Source polygon component; not independently named as an island or proof of complete physical land coverage.
gb:NGA:ADM2:59680162B45171834970391,Olamaboro,geoBoundaries NGA ADM2 2022,Local Government Area,Olamaboro,,0,1,True,1128.845791,"[7.283720016265761, 7.016357899597438, 7.801155285088385, 7.347226749614833]",,,Pinned source component; no independent named-island or complete physical land assessment.
gb:NGA:ADM2:59680162B45171834970391,Olamaboro,current OCHA COD-AB NGA ADM2,Local Government Area,Olamabolo,NG023018,0,1,True,990.464732,"[7.283719911000105, 7.032278044000122, 7.818734745000086, 7.32277815100008]",37,"[""Echachofu"", ""Ofante"", ""Ogugu"", ""Ayangba"", ""Edipe Eke"", ""Ikpeyero"", ""Ede"", ""Eke"", ""Ike"", ""Udi Plateau"", ""Udi Hills"", ""Ogodo"", ""Akuba"", ""Alimi"", ""Alim"", ""Adum Afo"", ""Adum"", ""Adum Afaw"", ""Okpo"", ""Otuapa"", ""Ede"", ""Afaw Owebe"", ""Afo Owebe"", ""Opu"", ""Apunu"", ""Ungwa"", ""Inwa"", ""Ogpe"", ""Okpe"", ""Ogbe"", ""Amapa"", ""Anambra"", ""Akobo"", ""Imani"", ""Imane"", ""Biradu"", ""Ede""]",Source polygon component; not independently named as an island or proof of complete physical land coverage.
gb:NGA:ADM2:59680162B45761990386675,Mashegu,geoBoundaries NGA ADM2 2022,Local Government Area,Mashegu,,0,1,True,8727.262626,"[4.567862329982574, 9.355203628744505, 6.004065513712533, 10.28388404841013]",,,Pinned source component; no independent named-island or complete physical land assessment.
gb:NGA:ADM2:59680162B45761990386675,Mashegu,current OCHA COD-AB NGA ADM2,Local Government Area,Mashegu,NG027016,0,1,True,9300.542606,"[4.542469104000077, 9.349108786000045, 6.004065593000064, 10.292115028000183]",97,"[""Lansar, River"", ""Purti"", ""Gambogi"", ""Wobagi"", ""Yakedi"", ""Yankade"", ""Zugurma"", ""Duffan"", ""Shankadade"", ""Tswafu"", ""Ubeggi"", ""Sheshe"", ""Dashe"", ""Yanpere, River"", ""Mogu"", ""Bechi Kachi"", ""Daja"", ""Donko"", ""Kanya"", ""Bari"", ""Bukuta"", ""Ibi"", ""Sanaga"", ""Eddan"", ""Eban"", ""Sabon Leaba"", ""Leaba"", ""Gidan Fatuma"", ""Fatuma"", ""Chegu"", ""Awuru Canal"", ""Awuru"", ""Fashe"", ""Eddan"", ""Beji Karami"", ""Kanti"", ""Poji"", ""Jiwangi"", ""Edun"", ""Beji"", ""Mule"", ""Etsangi"", ""Manegi"", ""Edun"", ""Kusoko"", ""Chagwa"", ""Kizhi"", ""Patiko"", ""Kpatachi"", ""Fellagi"", ""Kontagora, River"", ""Bambafu"", ""Duba"", ""Daba"", ""Kuba"", ""Faje"", ""Kwati"", ""Jimaku"", ""Bakin Gulbi"", ""Shaffini"", ""Sonko"", ""Sajo"", ""Songko"", ""Safo"", ""Kwotachi"", ""Jiriku"", ""Tenenge"", ""Gora, Rafin"", ""Tungan Ali"", ""Kwandare"", ""Beiri"", ""Kumbo, River"", ""Niger State"", ""Asa"", ""Kulfo"", ""Mazakuka"", ""Adebo"", ""Kwarere"", ""Igede"", ""Likoro"", ""Chafo"", ""Agogo"", ""Zambugga"", ""Kabogi"", ""Kaboji"", ""Adogo"", ""Kwangino"", ""Uro"", ""Urau"", ""Machuchi"", ""Adago"", ""Adogo"", ""Kabchi"", ""Kabechi"", ""Asa"", ""Ibeton Kari"", ""Ibeton Kafi""]",Source polygon component; not independently named as an island or proof of complete physical land coverage.
gb:NGA:ADM2:59680162B46174350236230,Warri South-West,geoBoundaries NGA ADM2 2022,Local Government Area,Warri South-West,,0,3,True,287.564246,"[5.507319618905342, 5.377605946757058, 5.788486957607063, 5.514643147263484]",,,Pinned source component; no independent named-island or complete physical land assessment.
gb:NGA:ADM2:59680162B46174350236230,Warri South-West,geoBoundaries NGA ADM2 2022,Local Government Area,Warri South-West,,1,3,True,708.026994,"[5.157122445944196, 5.385542119373383, 5.582179445025417, 5.639915977040744]",,,Pinned source component; no independent named-island or complete physical land assessment.
gb:NGA:ADM2:59680162B46174350236230,Warri South-West,geoBoundaries NGA ADM2 2022,Local Government Area,Warri South-West,,2,3,True,282.941733,"[5.324432892264213, 5.631196813282372, 5.549190044285183, 5.829910124053015]",,,Pinned source component; no independent named-island or complete physical land assessment.
gb:NGA:ADM2:59680162B46174350236230,Warri South-West,current OCHA COD-AB NGA ADM2,Local Government Area,Warri South West,NG010025,0,1,True,1694.967099,"[5.112089756000046, 5.380824155000141, 5.771523107, 5.833451314000172]",106,"[""Adugbumu Creek"", ""Egenagbene"", ""Adugbamu Camps"", ""Galpin Creek"", ""Flint Creek"", ""Miller Island"", ""Takanbogbene"", ""Asesatoro Creek"", ""Adjokurumo"", ""Torogbene"", ""Ibiotomo Creek"", ""Dokita"", ""Kuku Camp"", ""Bafua"", ""Korokoto Camps"", ""Ibiotomo Camp"", ""Krokoto Creek"", ""Korokoto"", ""Olobro Creek"", ""Isaba Creek"", ""Disiwe"", ""Dafracogbene"", ""Ijaw Fishing Camp"", ""Brisibegbene"", ""Benito Point"", ""Ofuo Creek"", ""Zaphor"", ""Zaphor Creek"", ""Chanomi Creek"", ""Oborotuba Creek"", ""Sabrogbene Camps"", ""Kantu"", ""Katu"", ""Akantu"", ""Urhobo Camp"", ""Smith Camp"", ""Dempster Creek"", ""Odube Creek"", ""Odube Camp"", ""Ofuo Camps"", ""Christmas Camp"", ""Olusumere-Oke"", ""Epoba Camp"", ""Ibibio Camp"", ""Ibiobio Camp"", ""Iyeye Creek"", ""Rawson Creek"", ""Round Island Creek"", ""Craig Creek"", ""Olugbo-Odo"", ""Uremure Yokri Fores*"", ""Marescaux Point"", ""Ugbanabebe"", ""Ubanabebe Creek"", ""Eferesuogbene"", ""Child Creek"", ""Holt Creek"", ""Dupen Creek"", ""Ikoto Creek"", ""Ikoto"", ""Ogoba"", ""Ilokiri"", ""Signal Point"", ""Erwin Creek"", ""Bedford Point"", ""Elder Creek"", ""Katun"", ""Round Island"", ""Parkinson Creek"", ""Harvey Creek"", ""Ogidigben"", ""Ogidigoi"", ""Ogidigbe"", ""Powell Point"", ""Setorum"", ""Serorun"", ""Setorun"", ""Kurukunama"", ""Ubefan"", ""Opuraja"", ""Jaghala"", ""Ajatito"", ""Ajatiton"", ""Ajatition"", ""Ajudaibo"", ""Ubagboro"", ""Madagho"", ""Kpokpo"", ""Kalajagba Creek"", ""Rugged Point"", ""Aja Pepe"", ""Ugbegugun"", ""Sara"", ""Saghara"", ""Nana Creek"", ""Escardos Point"", ""Okerenghigho"", ""Okerenghigho"", ""Dempster Point"", ""Benikrukru"", ""Bakokodia"", ""Agbomoleronowo Creek"", ""Widgeon Point"", ""Jones Creek"", ""Harrison Point"", ""Alajiko Creek""]",Source polygon component; not independently named as an island or proof of complete physical land coverage.
gb:NGA:ADM2:59680162B46774046834533,Ekiti South-West,geoBoundaries NGA ADM2 2022,Local Government Area,Ekiti South-West,,0,1,True,291.20402,"[4.919433890961329, 7.413932547748914, 5.171855788114158, 7.636695533172372]",,,Pinned source component; no independent named-island or complete physical land assessment.
gb:NGA:ADM2:59680162B46774046834533,Ekiti South-West,current OCHA COD-AB NGA ADM2,Local Government Area,Ekiti South West,NG013005,0,1,True,336.023614,"[4.906387404000156, 7.413699601000076, 5.167201118999969, 7.639666465000175]",9,"[""Igbara-Odo"", ""Igbarra-Odo"", ""Ogotun"", ""Awgawtun"", ""Ogotun Forest Reser"", ""Esimu"", ""Ilawe-Ekiti"", ""Ilawe"", ""Ilae""]",Source polygon component; not independently named as an island or proof of complete physical land coverage.
gb:NGA:ADM2:59680162B46802984315739,Opobo/Nkoro,geoBoundaries NGA ADM2 2022,Local Government Area,Opobo/Nkoro,,0,1,True,99.380294,"[7.450146997386071, 4.47047459542631, 7.57803272103331, 4.596110343917303]",,,Pinned source component; no independent named-island or complete physical land assessment.
gb:NGA:ADM2:59680162B46802984315739,Opobo/Nkoro,current OCHA COD-AB NGA ADM2,Local Government Area,Opobo/Nkoro,NG033020,0,1,True,114.955886,"[7.439479661000064, 4.449697022000066, 7.597398291000161, 4.574282708000169]",16,"[""Kalasunju"", ""Okoro Iko"", ""Sandy Point"", ""Queens Town"", ""Isioke"", ""Opusunju"", ""Iloma"", ""Oku Minima"", ""Minima"", ""Ikuru Creek"", ""Strongface Creek"", ""Opobo Town"", ""Opobo"", ""Steep Point"", ""Kilibiama"", ""Nkoro""]",Source polygon component; not independently named as an island or proof of complete physical land coverage.
gb:NGA:ADM2:59680162B47068494760958,Yagba East,geoBoundaries NGA ADM2 2022,Local Government Area,Yagba East,,0,1,True,1520.347627,"[5.59884166840834, 7.821079254204278, 6.087030411424394, 8.452851294551635]",,,Pinned source component; no independent named-island or complete physical land assessment.
gb:NGA:ADM2:59680162B47068494760958,Yagba East,current OCHA COD-AB NGA ADM2,Local Government Area,Yagba East,NG023020,0,1,True,1472.718097,"[5.598841579000066, 7.819180466000091, 6.087030465000055, 8.452851312]",32,"[""Alu"", ""Onari"", ""Ife"", ""Ponyan"", ""Ponyan"", ""Kpoinya"", ""Opota Egboro"", ""Okolushe Egboro"", ""Jege"", ""Juku"", ""Ejuku"", ""Aiyede"", ""Takate"", ""Takete"", ""Ogbom"", ""Ijowa"", ""Ijuwa"", ""Isanlu Mopo"", ""Iddo"", ""Idofin"", ""Isanlu Makutu"", ""Isanlu Makatu"", ""Isanlu Itedoijowa"", ""Isanlu Itedo"", ""Irunda"", ""Odosin"", ""Odochin"", ""Ilafin"", ""Lafin"", ""Ilotin"", ""Odogbe"", ""Iye""]",Source polygon component; not independently named as an island or proof of complete physical land coverage.
gb:NGA:ADM2:59680162B47841916602322,Ikeduru,geoBoundaries NGA ADM2 2022,Local Government Area,Ikeduru,,0,1,True,176.515227,"[7.071785511292376, 5.488765865852088, 7.254351358028771, 5.621498499156473]",,,Pinned source component; no independent named-island or complete physical land assessment.
gb:NGA:ADM2:59680162B47841916602322,Ikeduru,current OCHA COD-AB NGA ADM2,Local Government Area,Ikeduru,NG017008,0,1,True,181.147755,"[7.078007734000039, 5.484988671000053, 7.230698052000037, 5.640312879000021]",30,"[""Imo"", ""Imo State"", ""Mba River"", ""Mba, River"", ""Amakohia"", ""Abor"", ""Umuofa"", ""Umuehere"", ""Umueme"", ""Obilokwa Mbieri"", ""Obilokwu Mbieri"", ""Umuigwe"", ""Akabo"", ""Amatta"", ""Eziama"", ""Amakohia"", ""Uzuaba"", ""Ihuo"", ""Amaimo"", ""Ugiri"", ""Umuaghadi Inyishia"", ""Umuaghadi-Inyishi"", ""Ikembara"", ""Ochicha Ngugo"", ""Amaruru Ikeduru"", ""Umuosi Amumara"", ""Ngugu"", ""Atta"", ""Ata"", ""Umuoti-Inyishi""]",Source polygon component; not independently named as an island or proof of complete physical land coverage.
gb:NGA:ADM2:59680162B48318677941344,Sabon Birni,geoBoundaries NGA ADM2 2022,Local Government Area,Sabon Birni,,0,1,True,2297.265598,"[5.888549715696854, 13.291478747845986, 6.65305311321066, 13.712673590413942]",,,Pinned source component; no independent named-island or complete physical land assessment.
gb:NGA:ADM2:59680162B48318677941344,Sabon Birni,current OCHA COD-AB NGA ADM2,Local Government Area,Sabon Birni,NG034013,0,1,True,2377.446156,"[5.915075434000073, 13.289214818000175, 6.666914075000079, 13.697195616000158]",79,"[""Makwarua"", ""Mulkusau"", ""Gagere, River"", ""Bunsuru, River"", ""Burukusuma"", ""Guidan Kurau"", ""Gidan Kurau"", ""Magira"", ""Atalawa"", ""Makera"", ""Madotai"", ""Madottai"", ""Sardauna"", ""Tara Native Area Fo*"", ""Tara Native Area Nu*"", ""Kusabuni"", ""Gatawa"", ""Rumbukawa"", ""Yegau"", ""Dan Karmawa"", ""Arawa"", ""Arawa"", ""Tara"", ""Duba Hami"", ""Rumbukawa"", ""Zango Bogaje"", ""Tugan Bujoije"", ""Sabon Gari"", ""Zugum"", ""Kurawa"", ""Kencinkecin"", ""Kuso"", ""Chinabarka"", ""Gidan Jergaba"", ""Gidan Shibkau"", ""Kurukuru"", ""Bulumbukut"", ""Tsamia"", ""Tsamai"", ""Sabon Birni"", ""Sobon Birni"", ""Gyaya"", ""Geyu"", ""Geyu Mallami"", ""Tsugune"", ""Mashaya"", ""Kanuta"", ""Magagindoke"", ""Magagindok"", ""Gidan Dagi"", ""Makuwana"", ""Gidan Yafara"", ""Bukaza"", ""Hunkui"", ""Kaikaimako Native A"", ""Kaikaimako Native A"", ""Kaikaimako"", ""Badarawa"", ""Ungwa Lalle"", ""Unguwa Lalle"", ""Gidan Atahir"", ""Gidan Atarhir"", ""Sabon Sara"", ""Dan Tudu"", ""Gidan Leo"", ""Gidan Mainu Native *"", ""Gidan Mainu Native *"", ""Madawal Native Area*"", ""Madawal Native Area*"", ""Allakalawa"", ""Maradi, Goulbin"", ""Maradi, River"", ""Maradi, Goulbi"", ""Maradi, Goulbi M-"", ""Kalage"", ""Afurtu"", ""Tsoula"", ""Jawalki"", ""Kataguiri Garin Kantou""]",Source polygon component; not independently named as an island or proof of complete physical land coverage.
gb:NGA:ADM2:59680162B48603200461333,Okehi,geoBoundaries NGA ADM2 2022,Local Government Area,Okehi,,0,1,True,765.142738,"[6.098731040904852, 7.552076817291322, 6.616351499921848, 7.901907635229236]",,,Pinned source component; no independent named-island or complete physical land assessment.
gb:NGA:ADM2:59680162B48603200461333,Okehi,current OCHA COD-AB NGA ADM2,Local Government Area,Okehi,NG023016,0,1,True,661.110102,"[6.098731012000144, 7.567145175000064, 6.570581082000047, 7.887567947000036]",19,"[""Adabi"", ""Eika"", ""Ogaminana"", ""Okene Waterworks Fo"", ""Ogbono"", ""Obangune"", ""Otete Forest Reserve"", ""Okaitu"", ""Okaito"", ""Usungwe"", ""Osungwe"", ""Obele"", ""Osara River"", ""Osara, River"", ""Osara"", ""Ohakite"", ""Ohaketi"", ""Fro River"", ""Fro""]",Source polygon component; not independently named as an island or proof of complete physical land coverage.
gb:NGA:ADM2:59680162B48615386953659,Ovia North-East,geoBoundaries NGA ADM2 2022,Local Government Area,Ovia North-East,,0,1,True,2324.407703,"[5.248584974716834, 5.906816275650669, 5.870091733246966, 6.885469943982798]",,,Pinned source component; no independent named-island or complete physical land assessment.
gb:NGA:ADM2:59680162B48615386953659,Ovia North-East,current OCHA COD-AB NGA ADM2,Local Government Area,Ovia North East,NG012014,0,1,True,2338.005812,"[5.247795462000056, 5.90918441000008, 5.869912013999965, 6.885983012999986]",220,"[""Ureju"", ""Oloji Creek"", ""Abiala"", ""Abiala"", ""Thomas Camp"", ""Ajamogha"", ""Gili-Gili Native Ar"", ""Gili-Gili Forest Re"", ""Gilli-Gilli Forest"", ""Ekenwan Native Area"", ""Ekehuan Forest Rese*"", ""Ugbodudu Creek"", ""Ugbo Creek"", ""Ago Jimmy"", ""Sobo Camp"", ""Sabo Camp"", ""Gwato Sobo Camp"", ""Gwato"", ""Sabo Camps"", ""Benesipi"", ""Izidemes Camps"", ""Izideme"", ""Gili-Gili"", ""Gilli-Gilli"", ""Ughoton"", ""Iguezoba"", ""Evboroho"", ""Okua"", ""Ikpako"", ""Ewode"", ""Ekehuan"", ""Ikewa"", ""Ekenwan"", ""Egbatan"", ""Evbuerebor"", ""Isobo"", ""Ago Erierie"", ""Akhuakhuari"", ""Iguelegbon"", ""Iguohemwen"", ""Oduna"", ""Iboro"", ""Ibo"", ""Ugbineh"", ""Ugbine"", ""Urhuokhokhor"", ""Ozomu"", ""Orogho"", ""Oroghon"", ""Orogho"", ""Ijaw Camp"", ""Ijaw Camps"", ""Igbobi"", ""Ijaw Camps"", ""Odighi"", ""Agbonmoba"", ""Ikoro"", ""Okporoma"", ""Igo"", ""Ago-Iredia"", ""Obagie"", ""Okporakikor"", ""Okporakkor"", ""Okporakilor"", ""Okporakhor"", ""Oghede"", ""Oghehe"", ""Ikoru"", ""Ikoro"", ""Agbonmoba"", ""Obazua"", ""Obazowa"", ""Ijakpes Camp"", ""Ijakpe Camp"", ""Evbolekphen"", ""Evbolekpen"", ""Obanyotor"", ""Oku Camp"", ""Okuo├Ços Camp"", ""Evbolekpen"", ""Okomwere"", ""Agigbigi"", ""Evegie"", ""Evengie"", ""Evporo"", ""Ogunwenyi"", ""Orovie"", ""Rofie"", ""Ite"", ""Iguosula"", ""Igoge"", ""Igwedayi"", ""Odogbo"", ""Utoka"", ""Emianghan"", ""Ovah"", ""Agbayau Camp"", ""Omi"", ""Iguosodin"", ""Igwoshodi"", ""Unuame"", ""Noami"", ""Ogheghe"", ""Isiehor"", ""Sobetie"", ""Sobitie"", ""Okabeghe"", ""Adeyanba"", ""Obagia"", ""Kosodi"", ""Iguzama"", ""Arah"", ""Iguadolor"", ""Evien"", ""Ohogua"", ""Idunmwowina"", ""Iguosa"", ""Oluku"", ""Iguosagban"", ""Iguoshodi Nebudin"", ""Okhunmwum"", ""Utekon"", ""Asayitan"", ""Asayiton"", ""Old Iyekezie"", ""Old Iyeke"", ""Iyekezie"", ""Ora"", ""Iyowa"", ""Iguomo"", ""Agbonmoba"", ""Agbanoko"", ""Iguikhimwiv"", ""Iwu"", ""Iguomo"", ""Agaua"", ""Ekiadolor"", ""Iguiodia"", ""Ikiadolor"", ""Iwu"", ""Ozalana"", ""Iguosagie"", ""Izakagbo"", ""Evboneka"", ""Evbonika"", ""Ozoguo"", ""Ogua"", ""Ogbogiobo"", ""Obojogbo"", ""Isiukhukhu"", ""Obazuwa"", ""Aihuobabekun"", ""Aihobabekun"", ""Awiwabekun"", ""Obarenren"", ""Ekole"", ""Idunwenhingbe"", ""Abumwenre"", ""Ehenomeghele"", ""Osasimwinoba"", ""Osasinmoba"", ""Osesunmoba"", ""Ekonobore"", ""Ogbiyeye"", ""Iguye"", ""Okhuo"", ""Onhuo, River"", ""Okhuo, River"", ""Okhuo River"", ""Okohuo"", ""Igbekue"", ""Ibekwe"", ""Igueze"", ""Ugbokun Junction"", ""Emah"", ""Ugboku"", ""Ugbokun"", ""Iyanomo"", ""Agemopa"", ""Ayo-Isule"", ""Odighi"", ""Okodigi"", ""Idunmowo"", ""Iguhoro"", ""Gbokuli"", ""Okanyan"", ""Okanya"", ""Odigietue"", ""Okohon"", ""Okohohon"", ""Agepanu"", ""Agepano"", ""Ekiadolor Forest Re*"", ""Olumoye"", ""Uhiere"", ""Uyere"", ""Okada"", ""Iguomon"", ""Owam, River"", ""Owan, River"", ""Owan"", ""Owam"", ""Ogbesse"", ""Ogbese"", ""Uhen"", ""Oso Camp"", ""Ofunmengbe"", ""Ogbede"", ""Agbelekaka"", ""Agbanikaka"", ""Egbeta"", ""Ugbuwe"", ""Ogowe"", ""Utesi"", ""Utese"", ""Utesse"", ""Ugbodo Camp"", ""Ala, River"", ""Ala River"", ""Igbaloro""]",Source polygon component; not independently named as an island or proof of complete physical land coverage.
gb:NGA:ADM2:59680162B49362321791702,Nembe,geoBoundaries NGA ADM2 2022,Local Government Area,Nembe,,0,2,True,50.657056,"[6.431603557957885, 4.469583035428798, 6.53998517987219, 4.612566000220795]",,,Pinned source component; no independent named-island or complete physical land assessment.
gb:NGA:ADM2:59680162B49362321791702,Nembe,geoBoundaries NGA ADM2 2022,Local Government Area,Nembe,,1,2,True,786.003552,"[6.145734786631124, 4.359278745717575, 6.445416999794759, 4.664632796866158]",,,Pinned source component; no independent named-island or complete physical land assessment.
gb:NGA:ADM2:59680162B49362321791702,Nembe,current OCHA COD-AB NGA ADM2,Local Government Area,Nembe,NG006004,0,1,True,1403.07594,"[6.145734789000187, 4.327205654000124, 6.602916128000118, 4.758596881000074]",194,"[""Akietekiri"", ""Monafakiri"", ""Opuropokiri"", ""Obioku"", ""Lawrencekiri"", ""Aburakubu Creek"", ""Odiama Creek"", ""Kuroghakkiri"", ""Kuroghakiri"", ""Koniyiboko"", ""Adumaina Otolo Creek"", ""Adumaina Boko"", ""Anwon Tora"", ""Anwon Toro Creek"", ""Adumama Tora Creek"", ""Adumama"", ""Singingilingili Cre"", ""Okoma"", ""Adu-Ama"", ""Ipikokiri"", ""Pukokiri"", ""Ikiriko Ideikiri"", ""Ideikiri"", ""Ikiriko"", ""Fantuo"", ""Tomkiri"", ""Okpokiri"", ""Alaboutoru Creek"", ""Owon"", ""Kpongbokiri"", ""Monikiri"", ""Onitoru"", ""One Toru"", ""Ekole Creek"", ""Onitoru"", ""One Tor"", ""Awazakiri"", ""Ebekiri"", ""Samsonkiri"", ""Onungopogi"", ""Walterkiri"", ""Angalakubosei"", ""Orukiri"", ""Gold Coast"", ""Bokubokiri"", ""Captninakiri"", ""Ekeremama Creek"", ""Munighakiri"", ""Ikirikokiri"", ""Dannykiri"", ""Ekanakiri"", ""Ekernakiri"", ""Ekemakiri"", ""Angaghakiri"", ""Davisonkiri"", ""Kinkimabugo"", ""Kinkiamabugo"", ""Aganatoku"", ""Aganotoko Island"", ""Aganatoku Island"", ""Whale Island"", ""Ndi Biki Begema Cre"", ""Okoma"", ""Nyounkiri"", ""Charleykiri"", ""Oni"", ""Mbasikiri"", ""Twoni Creek"", ""Ewelsuo"", ""Ewelesua"", ""Ewelesuo"", ""Botokiri"", ""Seriakiri"", ""Sarahkiri"", ""Ekpikakiri"", ""Kalabilema"", ""Kalebilema"", ""Ijaw"", ""Ijawkiri"", ""Golubokiri"", ""Galubakiri"", ""Ijawkiri"", ""Senimikiri"", ""Tonie"", ""Twoni"", ""Abolikiri"", ""Alagbaefe"", ""Allagbafeu"", ""Nembe Flats"", ""Goldsmithkiri"", ""Ndutiri"", ""Tubopiri"", ""Tobopiri"", ""Juju Point"", ""Oruama"", ""Okparantaba"", ""Nimbi Creek"", ""Nembe Creek"", ""Sacrifice Island"", ""Okipiri"", ""Okipirri"", ""Bassambri"", ""Bassambiri"", ""Basambiri"", ""Nembe"", ""Nimbi"", ""Shellkiri"", ""Cartonkiri"", ""Agakabiriyai"", ""Agakabiriyao"", ""Otatubu"", ""Namatebe"", ""Biantubu"", ""Abukiri"", ""Abelkiri"", ""Onunama"", ""Onunuama"", ""Ekesitoko"", ""Sangapiri"", ""Etiema"", ""Kirigupo"", ""Igbeta Ewoama"", ""Igbeta"", ""Ikeinsi"", ""Mbiakpaba"", ""Ewokiri"", ""Namapogu"", ""Okokokiri"", ""Olokokiri"", ""Lengikiri"", ""Iseleogono"", ""Biokpongo"", ""Emele"", ""Sangakubu"", ""Atubo"", ""Egenelego"", ""Basuokiri"", ""Fatumakiri"", ""Monibokiri"", ""Allagoakiri"", ""Agrisaba"", ""Kugbo Creek"", ""Okaiki Creek"", ""Obiama"", ""Agada"", ""Abolikiri"", ""Kukukiri"", ""Igabopiri"", ""Keminini"", ""Sabatoru"", ""Abulabiri"", ""Enyumuama"", ""Burukiri"", ""Obiata"", ""Sounkiri"", ""Ewokiri"", ""Ologoama"", ""Fikorukiri"", ""Obama"", ""Aburukiri"", ""Kukukiri"", ""Wenikekiri"", ""Iwoama"", ""Elemuama"", ""Idoma"", ""Idema"", ""Okoroba"", ""Akakumama"", ""Pokokiri"", ""Ekperikiri"", ""Oruweiama"", ""Eminiama"", ""Waribokiri"", ""Adukiri"", ""Odekiri"", ""Iniedogekiri"", ""Benkiri"", ""Oluashiri"", ""Oluassiri"", ""Tengelekiri"", ""Saka Creek"", ""Oluasiri"", ""Oluasiri River"", ""Otumakiri"", ""Allagoakiri"", ""Dumoebikumakiri"", ""Isaiahkiri"", ""Isaihkiri"", ""Paul Plantation"", ""Ezalkiri"", ""Fekorukiri"", ""Okpikirikiri"", ""Awotarighakiri"", ""Emuema""]",Source polygon component; not independently named as an island or proof of complete physical land coverage.
gb:NGA:ADM2:59680162B49614598703533,Chanchaga,geoBoundaries NGA ADM2 2022,Local Government Area,Chanchaga,,0,1,True,79.866963,"[6.495892566588736, 9.558000659303048, 6.59945216308688, 9.669244030087953]",,,Pinned source component; no independent named-island or complete physical land assessment.
gb:NGA:ADM2:59680162B49614598703533,Chanchaga,current OCHA COD-AB NGA ADM2,Local Government Area,Chanchaga,NG027006,0,1,True,63.180882,"[6.490486637000174, 9.579256517999966, 6.588197968000031, 9.660629336000056]",1,"[""Minna""]",Source polygon component; not independently named as an island or proof of complete physical land coverage.
gb:NGA:ADM2:59680162B49809531314946,Rafi,geoBoundaries NGA ADM2 2022,Local Government Area,Rafi,,0,1,True,3839.697381,"[5.849307535614344, 9.775022925867404, 6.559835007079982, 10.615692841951159]",,,Pinned source component; no independent named-island or complete physical land assessment.
gb:NGA:ADM2:59680162B49809531314946,Rafi,current OCHA COD-AB NGA ADM2,Local Government Area,Rafi,NG027020,0,1,True,3681.856731,"[5.915564868999979, 9.815109910000047, 6.552032469000039, 10.614283362000151]",284,"[""Jangaru"", ""Akusu"", ""Ushama"", ""Ingishi"", ""Garum Gabas"", ""Garun Gabas"", ""Kurkunu, River"", ""Kunukunu"", ""Yakita"", ""Yakila"", ""Berikago"", ""Kwange"", ""Kako"", ""Samboro"", ""Katako"", ""Gatako"", ""Tungan Gamba"", ""Kumbo"", ""Pongu"", ""Gulangi"", ""Usa"", ""Gindei"", ""Machiaugu"", ""Tungan Dada"", ""Biito"", ""Gbaro Allah"", ""Makuri"", ""Kakuri"", ""Ussa"", ""Gidan Muazo"", ""Raga, River"", ""Mando, River"", ""Kusheriki"", ""Bargwoma, Kogin"", ""Uregi"", ""Kuki"", ""Bargwona, River"", ""Madaka"", ""Gidan Maikomo"", ""Rafin Dandoko"", ""Gidan Wakayi"", ""Machian Ogu"", ""Ugu"", ""Dabaigara"", ""Ajigenna, River"", ""Jejjabaioto"", ""Dabaigara"", ""Ajigenna"", ""Gidan Majanjan"", ""Gidan Jaga"", ""Ogu, Tsaunin"", ""Gidan Abarshi"", ""Sufawa"", ""Rubu"", ""Gaba Ushama"", ""Gidan Kafinta"", ""Gende"", ""Gadin Doguruo"", ""Gidan Sarikan Sufana"", ""Babban Rafi"", ""Gidan Jan Bako"", ""Zuguru"", ""Tunga Sarikin Noma"", ""Ankawa"", ""Gidan Tanko"", ""Tegina"", ""Makurdi, Tsaunin"", ""Gidan Audu Magiru"", ""Gidan Barau"", ""Inga"", ""Tungan Dutsi"", ""Tungan Babban Rafi"", ""Gidan Zudangi"", ""Gimi"", ""Luga, River"", ""Madagwa"", ""Gidan Gafia"", ""Ushaman Duchi"", ""Ushaman Dutsi"", ""Jandudu, Tsaunin"", ""Kumunu"", ""Gidan Koshama"", ""Guleaka, River"", ""Gidan Dangana"", ""Gidan Uban Dawaki"", ""Babban Gona"", ""Ebesu, River"", ""Dawa, Tsaunin"", ""Yelwa"", ""Indaki"", ""Gidan Dangana"", ""Gora, Tsaunin"", ""Gidan Tukura"", ""Maikalaji, Tsaunin"", ""Wyam"", ""Gidan Ayao"", ""Guda, Tsaunin"", ""Wyam, Tsaunin"", ""Gidan Daiji Makeri"", ""Gidan Adori"", ""Zukozuko, River"", ""Gidan Garba"", ""Agwauo, Dutsin"", ""Gidan Musa"", ""Gidan Haruna"", ""Rafin Gungumi"", ""Gidan Idi"", ""Gidan Ogu"", ""Kagara"", ""Gidan Umaru"", ""Godero"", ""Gidan Maimo"", ""Kadunduru, Tsaunin"", ""Gidan Latchia"", ""Gidan Bahagu"", ""Gidan Gamahimani"", ""Hanuwanka, River"", ""Katunga, Tsaunin"", ""Gidan Baguda"", ""Gidan Magiru"", ""Gidan Jato Simamba"", ""Kayara"", ""Karaya"", ""Gidan Nayaya"", ""Gidan Galadima"", ""Rafin Dunya, Tsaunin"", ""Ufwaka"", ""Gidan Maiganga"", ""Kabutu, Dutsin"", ""Gidan Madawakin"", ""Gidan Kuyambana"", ""Gidan Makangara"", ""Gidan Gamashinao"", ""Gidan Dangara"", ""Gidan Karauku"", ""Gidan Karauko"", ""Keraku"", ""Kogin Bargwoma, Riv"", ""Kusheriki"", ""Gidan Gamayange"", ""Gidan Gamatung"", ""Tungan-Mai-Kujeri"", ""Tungan Mai Kujeyra"", ""Gidan Taka"", ""Gidan Gamagubi"", ""Zambugga"", ""Gidan Sarikin Noma"", ""Jaja Hurga"", ""Rima, Tsaunin"", ""Gidan Usman Danladi"", ""Gidan Dangana"", ""Gidan Maima"", ""Bikwala"", ""Tungan Bako"", ""Bako"", ""Utana"", ""Gidan Koko"", ""Gidan Bidawa"", ""Uran Chikki, Tsaunin"", ""Gidan Jataobuki"", ""Kashuan Daji"", ""Gidan Adamu"", ""Makeri, Tungan"", ""Gidan Ipasu"", ""Gidan Biyaboki"", ""Gidan Magayaki"", ""Gidan Sarikin Ushama"", ""Gidan Kibiji"", ""Togwoma"", ""Gidan Sarikin Togwo*"", ""Gidan Damao"", ""Gidan Sarikin Uran *"", ""Uran Chikki"", ""Kamberi"", ""Ungwan Sarikin Ushi*"", ""Gidan Bagudu"", ""Tugwoma, Tsaunin"", ""Yeru, Tsaunin"", ""Gidan Gwangari"", ""Gidan Bala-Maleri"", ""Ushema"", ""Gidan Angu"", ""Gidan Gamayange"", ""Gidan Shabagu"", ""Ushiba"", ""Gidan Ushiba"", ""Gidan Gajere"", ""Gidan Madudu"", ""Shamaimbu, Tsaunin"", ""Bisura"", ""Bishura"", ""Eraba"", ""Yaraba"", ""Akera"", ""Aikira Bitari"", ""Shamiambu"", ""Gidan Sarikan-Ringa"", ""Gidan Maijaki"", ""Uregi"", ""Gidan Daudu"", ""Gidan Buwayi"", ""Ukuru, Tsaunin"", ""Gidan Dansoho"", ""Gidan Basakwache"", ""Gidan Maidoka"", ""Shiuba"", ""Ashisha"", ""Wuchinza"", ""Gidan Sarikin Wucha"", ""Uchinda"", ""Gidan Tukunguna"", ""Tukunguna"", ""Muroro"", ""Kambiwa"", ""Ukusu, Kogin"", ""Kogin Ukusu, River"", ""Gidan Maidowa"", ""Mainono, Tsaunin"", ""Gidan Gwangari"", ""Gidan Zata"", ""Kwingi, River"", ""Kogin Kwingi, River"", ""Gidan Kwaruru"", ""Gidan Yameyao"", ""Gidan Ajingi"", ""Umma"", ""Ukusu"", ""Gidan Tetige"", ""Gidan Madawakin Tug*"", ""Manyau, Tsaunin"", ""Gidan Bugana"", ""Angu, Gidan"", ""Pan Dongari"", ""Pandogari"", ""Bejagira"", ""Kagari"", ""Taberlma"", ""Taberima"", ""Ungkwan Yawa"", ""Uguru"", ""Gidan Sarikin Uguru"", ""Gidan Baji"", ""Kairumba"", ""Kashira"", ""Gidan Awane"", ""Gidan Tanko"", ""Kukoki, Tsaunin"", ""Tukusana, Tsaunin"", ""Gidan Wusheynu"", ""Ungwan Bafada"", ""Gidan Sunauma"", ""Kukoki"", ""Uran Ringa, Tsaunin"", ""Gidan Maizaji"", ""Gidan Maikarfi"", ""Gidan Kurao"", ""Tugulbi Gabi"", ""Tugulbi"", ""Uran Ringa"", ""Tugulbi, Tsaunin"", ""Kufayi, Tsaunin"", ""Magundi, Tsaunin"", ""Gidan Bagudu"", ""Awane, River"", ""Anwane, River"", ""Gidan Maigari Boka"", ""Gidan Buhari"", ""Dutse, Tsaunin"", ""Kwongoma"", ""Kwongoma, Tsaunin"", ""Gugugu, Tsaunin"", ""Uria, River"", ""Zara"", ""Kashua"", ""Zara, River"", ""Unguwar Taro"", ""Kusheriki"", ""Kusherki"", ""Kurmaza Kasa"", ""Kurmaza Bisa"", ""Kusheriki, Dutsin"", ""Kargi Hill"", ""Gishiri, River"", ""Raboutu, River""]",Source polygon component; not independently named as an island or proof of complete physical land coverage.
gb:NGA:ADM2:59680162B50771081897552,Ezinihitte,geoBoundaries NGA ADM2 2022,Local Government Area,Ezinihitte,,0,1,True,112.817587,"[7.261082494861284, 5.394053819428279, 7.385482618927767, 5.544165451074775]",,,Pinned source component; no independent named-island or complete physical land assessment.
gb:NGA:ADM2:59680162B50771081897552,Ezinihitte,current OCHA COD-AB NGA ADM2,Local Government Area,Ezinihitte,NG017004,0,1,True,120.423303,"[7.267413669000064, 5.404929589000119, 7.388032556000098, 5.541629317000115]",16,"[""Ife"", ""Amaumara"", ""Okporku"", ""Umu Dim"", ""Umu Nama"", ""Itu"", ""Oboama"", ""Okpofe"", ""Eziudo"", ""Ihite"", ""Obizi"", ""Ezeborgu"", ""Omicha Umu Awada"", ""Onicha Uma Awada"", ""Umuelagwa"", ""Udo""]",Source polygon component; not independently named as an island or proof of complete physical land coverage.
gb:NGA:ADM2:59680162B51019344443676,Ika South,geoBoundaries NGA ADM2 2022,Local Government Area,Ika South,,0,1,True,414.618125,"[6.07663202274972, 6.010204792317381, 6.348011017094791, 6.356115817990656]",,,Pinned source component; no independent named-island or complete physical land assessment.
gb:NGA:ADM2:59680162B51019344443676,Ika South,current OCHA COD-AB NGA ADM2,Local Government Area,Ika South,NG010008,0,1,True,435.592921,"[6.076631948000056, 6.010204716000089, 6.347980478000181, 6.356115871000156]",69,"[""Isompe"", ""Obi-Deke"", ""Obi-Doke"", ""Alidima"", ""Aledimma"", ""Owa-Alidima"", ""Owa Aledimma"", ""Obi Iduhon"", ""Obi-Iduhan"", ""Obi-Anyima"", ""Obi-Agbor"", ""Obidugbo"", ""Ekuku-Agbor"", ""Akuku-Agbo"", ""Akuku Agbor"", ""Azuowa"", ""Oyoko"", ""Ojieko"", ""Azuwa"", ""Abavo"", ""Abuvo"", ""Idumu-Isogba"", ""Abavo"", ""Udomi"", ""Ekuma-Abavo"", ""Ugbeka"", ""Oki Ii"", ""Oki-Agbie"", ""Okie-Agbie"", ""Abgonta"", ""Agbor-Nta"", ""Oki"", ""Amahia"", ""Aliagwai-Agbor"", ""Alihagwu"", ""Ewuru"", ""Aliokpu-Agbor"", ""Alihagu"", ""Boji-Boji"", ""Idumoza"", ""Idomeza"", ""Igomersi"", ""Agbor"", ""Agbo"", ""Emuhu"", ""Amurhu"", ""Alihagu"", ""Alihagun"", ""Alisomor"", ""Alijemisi"", ""Alisime"", ""Aliliha"", ""Alisor"", ""Alisitne"", ""Alisitue"", ""Akisimie I"", ""Owuwu"", ""Edhou"", ""Alisimie Ii"", ""Iduleha"", ""Ahimua"", ""Ozarra (1)"", ""Ozarra"", ""Ozonogogo"", ""Uvbe"", ""Ozara"", ""Ozarra (2)"", ""Ozarra"", ""Anighore Camp""]",Source polygon component; not independently named as an island or proof of complete physical land coverage.
gb:NGA:ADM2:59680162B51317919954642,Oredo,geoBoundaries NGA ADM2 2022,Local Government Area,Oredo,,0,1,True,249.642549,"[5.463652646652349, 6.089738331259014, 5.649134158414711, 6.370216555449701]",,,Pinned source component; no independent named-island or complete physical land assessment.
gb:NGA:ADM2:59680162B51317919954642,Oredo,current OCHA COD-AB NGA ADM2,Local Government Area,Oredo,NG012012,0,1,True,250.419666,"[5.462244918000181, 6.091146056000127, 5.64913402600007, 6.374224009000045]",34,"[""Ugho"", ""Utonbubu"", ""Okua"", ""Odogu"", ""Igogogin"", ""Ogiza"", ""Ureghin"", ""Akwakwa"", ""Dedemisi Camp"", ""Iguikpe"", ""Evbiyomwanru Camp"", ""Evborohun"", ""Evbiyomwanru"", ""Egbiri"", ""Umegbe"", ""Amangba"", ""Ichue"", ""Uweyoba"", ""Ekae"", ""Ebo"", ""Ebowe"", ""Iguhie"", ""Uhoro Camp"", ""Ulemor Camp"", ""Ugbor"", ""Uholor"", ""Ogba"", ""Evbodia"", ""Oko"", ""Ubagbon"", ""Benin City"", ""Benin"", ""Benim"", ""Benin City""]",Source polygon component; not independently named as an island or proof of complete physical land coverage.
gb:NGA:ADM2:59680162B51611927546147,Kontagora,geoBoundaries NGA ADM2 2022,Local Government Area,Kontagora,,0,1,True,1819.413554,"[5.167696475811738, 10.19428157843214, 5.717135905697546, 10.703119279031569]",,,Pinned source component; no independent named-island or complete physical land assessment.
gb:NGA:ADM2:59680162B51611927546147,Kontagora,current OCHA COD-AB NGA ADM2,Local Government Area,Kontagora,NG027011,0,1,True,1772.310059,"[5.173681889000079, 10.200256122999974, 5.711857785000177, 10.67397238600006]",21,"[""Duchin Magaji"", ""Rafingora"", ""Bolo-Bolo"", ""Usalle"", ""Kagara"", ""Tadali"", ""Madengi"", ""Utachu"", ""Madara"", ""Madan"", ""Usubu"", ""Kontagora"", ""Machanga"", ""Alalafo"", ""Uzawo"", ""Udara"", ""Udora"", ""Matachibu"", ""Duntoyi"", ""Iboli"", ""Malendo""]",Source polygon component; not independently named as an island or proof of complete physical land coverage.
gb:NGA:ADM2:59680162B51712615582520,Ijero,geoBoundaries NGA ADM2 2022,Local Government Area,Ijero,,0,1,True,361.848988,"[4.942339099170113, 7.729247999795405, 5.148681080067831, 7.960935592803423]",,,Pinned source component; no independent named-island or complete physical land assessment.
gb:NGA:ADM2:59680162B51712615582520,Ijero,current OCHA COD-AB NGA ADM2,Local Government Area,Ijero,NG013009,0,1,True,376.851708,"[4.941370045000156, 7.693432881000092, 5.140468124999984, 7.98228355100008]",43,"[""Obiba"", ""River Obiba"", ""Obiba River"", ""Ara-Ijero"", ""Ara Forest Reserve"", ""Araromi"", ""Araomi"", ""Awo"", ""River Awo"", ""Awo River"", ""Epe"", ""Oke-Atan"", ""Olugere"", ""Olumere Camp"", ""Ijero-Ekiti"", ""Ijero"", ""Idao-Ekiti"", ""Iroko"", ""Ikoro"", ""Inu"", ""Aiyegunle"", ""Isia"", ""Ilokuno"", ""Ipoti"", ""Odo-Owa"", ""Odo-Ehin"", ""Odo Erin"", ""Ijurin"", ""Iloro"", ""Oro"", ""Oyi-Alabari"", ""Oyi-Kaka"", ""Oko-Esinkin"", ""Agba"", ""Aiyegbaju"", ""Oke-Ode"", ""Ode Oke"", ""Omolewa"", ""Suru Lere"", ""Oladimeji"", ""Oke-Igi"", ""Alare"", ""Ofale""]",Source polygon component; not independently named as an island or proof of complete physical land coverage.
gb:NGA:ADM2:59680162B52281011363885,Gada,geoBoundaries NGA ADM2 2022,Local Government Area,Gada,,0,1,True,1414.27099,"[5.419892269013076, 13.483934986810254, 5.981809783294921, 13.885713987110876]",,,Pinned source component; no independent named-island or complete physical land assessment.
gb:NGA:ADM2:59680162B52281011363885,Gada,current OCHA COD-AB NGA ADM2,Local Government Area,Gada,NG034004,0,1,True,1515.214514,"[5.431707964000054, 13.467299162000018, 6.043690571000013, 13.894419133000099]",170,"[""Balakozo"", ""Gidan Tudu"", ""Rungumawa"", ""Tsitse"", ""Gidan Rahi"", ""Gidan Mallam"", ""Tajaye"", ""Karengia"", ""Gidan Bakuso"", ""Dagindi"", ""Gidan Kara"", ""Gidan Adua"", ""Gidan Audu"", ""Gidan Hashimu"", ""Daramba"", ""Gidan Isaka"", ""Chingali"", ""Kiri"", ""Tajayi"", ""Tekke"", ""Manai"", ""Gidadandede"", ""Gidanmieri"", ""Gidan Illo"", ""Salamawa"", ""Gasaho"", ""Kaddi Tudu"", ""Gidan Gulubi"", ""Yarcadi, River"", ""Kaddi"", ""Takalmawa"", ""Ambarura"", ""Gidan Gado"", ""Kumaji"", ""Sabongida"", ""Satrawa"", ""Kiri Kwanawa"", ""Momosuka"", ""Maica, River"", ""Kwarma Alikali"", ""Tsururu"", ""Kirekafada"", ""Tsaro"", ""Tudumasana"", ""Gidan Jado"", ""Gadabo, River"", ""Gidan Dabo"", ""Gidan Debo"", ""Gidan Angode"", ""Darnawa"", ""Gilbedi"", ""Kwarma"", ""Kuruhi"", ""Dankaro"", ""Gidan Fulani"", ""Gidan Tambari"", ""Zuldatu"", ""Gidan Mairakunmi"", ""Tamajira"", ""Gilbedi"", ""Gilbedi"", ""Sakarawa"", ""Daulawa"", ""Kagoya"", ""Gidan Gago"", ""Lehida"", ""Tsartawa"", ""Takole"", ""Gidan Zango"", ""Gidan Abudu"", ""Labau"", ""Gundubul"", ""Kadasaka Baba"", ""Sabon Gari"", ""Tudun Kulul"", ""Tudun Pulut"", ""Dantudu"", ""Kadasaka"", ""Gidan Almustafa"", ""Gadabo"", ""Sahiel Damagori"", ""Maigoshi"", ""Ruga"", ""Runbukawa"", ""Gidan Shikiel"", ""Koffe"", ""Kafe"", ""Kafi"", ""Kafa"", ""Kilea"", ""Kadasaka Kilea"", ""Yagarmawa"", ""Gidan Jeda"", ""Gilkoa"", ""Gobir"", ""Holei"", ""Gidan Adarawa"", ""Marake"", ""Rabamawa"", ""Gidan Gado"", ""Gidan Maikabam"", ""Baredi"", ""Gedi"", ""Sahiel Kaurawa"", ""Folei Tabki"", ""Almudu"", ""Gubetawa"", ""Fole"", ""Folei"", ""Gidan Akai"", ""Gidan Zomo"", ""Gidan Kuka"", ""Tudun Madugu"", ""Dantudu"", ""Gidan Fako"", ""Kunu"", ""Dukamaji"", ""Dukamaje"", ""Gidankaro"", ""Biyangadi"", ""Gada"", ""Gidan Bizo"", ""Lungusi"", ""Masuki"", ""Wauru"", ""Chadawa"", ""Gidan Kwanni"", ""Tunga"", ""Gidan Amamata"", ""Jatalawa"", ""Gidan Bugaji"", ""Gidan-Bouzou"", ""Masuki"", ""Gidanfako"", ""Edoli"", ""Tsuga"", ""Faru"", ""Gidan Burema"", ""Pampara"", ""Illela"", ""Illa"", ""Kanta"", ""Iderawa"", ""Segera"", ""Gidangaina"", ""Tantarkwai"", ""Tabani"", ""Bigal"", ""Dan Gode"", ""Marumaro"", ""Mosuka"", ""Masuka"", ""Gidanzafi"", ""Kadadi"", ""Gakuke"", ""Tupal"", ""Ilaga"", ""Zenge"", ""Ngaboru"", ""Gawakuke"", ""Gidan Tanko"", ""Ngaboru"", ""Kadadi"", ""Kadade"", ""Rafinduma"", ""Damakeni"", ""Rafinduma Salo"", ""Gidan Barau"", ""Mozague Peulh"", ""Guidan Baraou""]",Source polygon component; not independently named as an island or proof of complete physical land coverage.
gb:NGA:ADM2:59680162B52775693188226,Oyigbo,geoBoundaries NGA ADM2 2022,Local Government Area,Oyigbo,,0,1,True,278.961753,"[7.09308348621397, 4.762598008591283, 7.511819568818112, 4.904183264146354]",,,Pinned source component; no independent named-island or complete physical land assessment.
gb:NGA:ADM2:59680162B52775693188226,Oyigbo,current OCHA COD-AB NGA ADM2,Local Government Area,Oyigbo,NG033021,0,1,True,247.286748,"[7.115289968000127, 4.778721804000156, 7.501562138000054, 4.913196095000103]",26,"[""Afam-Uku"", ""Afam-Nta"", ""Eberu"", ""Egburu"", ""Obete"", ""Afam Oil Field"", ""Afam Uko"", ""Afam"", ""Okpontu"", ""Azuago"", ""Azuogu"", ""Marihun"", ""Ngboji"", ""Okoloma"", ""Oboakpu"", ""Obakpu"", ""Abiama"", ""Lekuma Abiama"", ""Ayama"", ""Umu Agbai"", ""Umu Abayi"", ""Nkpukpu-Ekerenta"", ""Konko"", ""Obumku"", ""Umuosi"", ""Obigbo""]",Source polygon component; not independently named as an island or proof of complete physical land coverage.
gb:NGA:ADM2:59680162B53120698145103,Oru West,geoBoundaries NGA ADM2 2022,Local Government Area,Oru West,,0,1,True,118.708815,"[6.828398237588658, 5.650160849643555, 6.963402547589567, 5.830395698602672]",,,Pinned source component; no independent named-island or complete physical land assessment.
gb:NGA:ADM2:59680162B53120698145103,Oru West,current OCHA COD-AB NGA ADM2,Local Government Area,Oru West,NG017023,0,1,True,96.737862,"[6.833267555000134, 5.685310851000111, 6.948639685000103, 5.832554359000142]",9,"[""Otulu"", ""Umuehi"", ""Umuoji"", ""Mbidi"", ""Mgbidi"", ""Ibi"", ""Idi"", ""Nempe"", ""Ubrihi Jeofor""]",Source polygon component; not independently named as an island or proof of complete physical land coverage.
gb:NGA:ADM2:59680162B53228015633193,Tangaza,geoBoundaries NGA ADM2 2022,Local Government Area,Tangaza,,0,1,True,2318.744894,"[4.704315069185157, 13.172954402823507, 5.183990283824585, 13.78142202590584]",,,Pinned source component; no independent named-island or complete physical land assessment.
gb:NGA:ADM2:59680162B53228015633193,Tangaza,current OCHA COD-AB NGA ADM2,Local Government Area,Tangaza,NG034019,0,1,True,2375.123301,"[4.718042409000134, 13.165013536000117, 5.183894174000159, 13.781953379000072]",180,"[""Bakin Hill"", ""Ganajayi"", ""Kuakuara"", ""Bamgi Hill"", ""Dangida"", ""Araba Birni"", ""Araba"", ""Kuachaw"", ""Kuanawa"", ""Sabongari-Nagaruwaye"", ""Salibawa"", ""Gidan Dedi"", ""Tsalibawa"", ""Gidima"", ""Maburgami"", ""Gidima Hill"", ""Tunkurawa"", ""Asarawa"", ""Kologene"", ""Kalanjene"", ""Kalanjeni"", ""Kalanieni"", ""Kalenjeni Hill"", ""Kalanjeni Hill"", ""Suroru"", ""Adarawa"", ""Gidan Madi"", ""Saraku"", ""Gidan-Bakar"", ""Gidan Mayawaki"", ""Tudunkosi"", ""Mayawaki Hill"", ""Rini"", ""Bakerma"", ""Bijimi"", ""Gonyel"", ""Gurami"", ""Cheche"", ""Kwarka"", ""Tunga-Tsoro"", ""Kwarka Hill"", ""Kwarka"", ""Bijimi"", ""Sutti"", ""Sitti"", ""Suti"", ""Lamude"", ""Bararaji"", ""Alela"", ""Alela"", ""Rugaruwa"", ""Tangaza"", ""Gwadabawa, Lake"", ""Burdi"", ""Laina"", ""Gahono"", ""Gofona"", ""Hunkui"", ""Tabsiya"", ""Madarari"", ""Bedi"", ""Bagade Hill"", ""Beze Hill"", ""Bezel Hill"", ""Ayama"", ""Salewa"", ""Ajini"", ""Lamsani"", ""Labsani"", ""Bilingawa"", ""Tumuna"", ""Raka Dootee"", ""Hasan"", ""Raka Birni"", ""Raka"", ""Saina"", ""Sainyinna"", ""Shanyasu"", ""Nadindu"", ""Goru"", ""Talaba"", ""Talba"", ""Kolajia"", ""Kadida"", ""Sabon Gari"", ""Kolo"", ""Kianga"", ""Mada"", ""Rantajadi"", ""Kualaje"", ""Kwolajiya"", ""Gurdam"", ""Salewa"", ""Jabba Gidan Madugu"", ""Jebba Gidan Madugu"", ""Mogamfo"", ""Maganfo"", ""Kyanga"", ""Gohono"", ""Jabba Hill"", ""Jabba Hills"", ""Dangkusot"", ""Garrei"", ""Takau"", ""Tagkaw"", ""Gidan Gesa"", ""Zurmuku"", ""Alya Fulani"", ""Gingu"", ""Alya Hausawa"", ""Alia"", ""Bamgi Hill"", ""Bangi Hills"", ""Bangi Hill"", ""Katutu"", ""Bukari"", ""Wayage"", ""Masalachi"", ""Sokwoi"", ""Gwomgomo"", ""Maliba, River"", ""Goboro"", ""Gidan-Dundua"", ""Alia"", ""Mulawa"", ""Tagimba"", ""Tajimba"", ""Chohi"", ""Bella Bornu, River"", ""Gudu, River"", ""Masaka, River"", ""Yola"", ""Lilingo"", ""Dilingo"", ""Horgoma Hills"", ""Horgoma Hill"", ""Kaideji"", ""Bauni"", ""Kambana"", ""Kambala"", ""Kamdan"", ""Nukuru"", ""Nukuru"", ""Agoa"", ""Tukando"", ""Sarma"", ""Tsamiyar Alhasan"", ""Dan Tudu Wusenia"", ""Wusenia"", ""Manu Forest Reserve"", ""Waria"", ""Manu"", ""Kaurawo Manu"", ""Kaurawo"", ""Kaurawa"", ""Malgam, Pond"", ""Malgam"", ""Malgam Hill"", ""Sarma Tudu"", ""Sarma"", ""Malga-Tawa"", ""Bugawa"", ""Sarma Roga"", ""Sarma Magaji"", ""Gorgao"", ""Bawgwel"", ""Bagida"", ""Magaria"", ""Ruawuri"", ""Tsoni"", ""Soni"", ""Tunugara"", ""Kran Hill"", ""Yami Hill"", ""Chlgoa Hill"", ""Mai Hills"", ""Kuradina"", ""Buzaga"", ""Manja"", ""Sabiu""]",Source polygon component; not independently named as an island or proof of complete physical land coverage.
gb:NGA:ADM2:59680162B53652676960042,Gbonyin,geoBoundaries NGA ADM2 2022,Local Government Area,Gbonyin,,0,1,True,458.953056,"[5.347138435690283, 7.473188396227556, 5.638619446929965, 7.701626045305773]",,,Pinned source component; no independent named-island or complete physical land assessment.
gb:NGA:ADM2:59680162B53652676960042,Gbonyin,current OCHA COD-AB NGA ADM2,Local Government Area,Aiyekire (Gbonyin),NG013002,0,1,True,434.513106,"[5.36100612700011, 7.485031837000179, 5.627886526000111, 7.716513732000124]",15,"[""Lasigidi"", ""Ilupeju"", ""Panu"", ""Agbado"", ""Egbe"", ""Aisegba"", ""Ago-Isobo"", ""Egbe Forest Reserve"", ""Ijan-Ekiti"", ""Ijan"", ""Isesi"", ""River Isesi"", ""Isesi River"", ""Ilu-Omoba"", ""Ode""]",Source polygon component; not independently named as an island or proof of complete physical land coverage.
gb:NGA:ADM2:59680162B53803782710688,Talata Mafara,geoBoundaries NGA ADM2 2022,Local Government Area,Talata Mafara,,0,1,True,1537.039171,"[5.876228887653099, 12.12107734714192, 6.285677506911441, 12.672919841077828]",,,Pinned source component; no independent named-island or complete physical land assessment.
gb:NGA:ADM2:59680162B53803782710688,Talata Mafara,current OCHA COD-AB NGA ADM2,Local Government Area,Talata Mafara,NG037012,0,1,True,1465.809909,"[5.874987021000038, 12.12395661700009, 6.30234482100019, 12.663420577000124]",47,"[""Malemawa"", ""Yakoria"", ""Tjebili"", ""Zaje"", ""Gwaram"", ""Maikonaga"", ""Maikwonaga"", ""Baban Baki"", ""Kuka"", ""Mai Buzu"", ""Kuka"", ""Dengebe"", ""Gidan Segi"", ""Dakuna"", ""Tunga Kuku"", ""Gora, Ruwan"", ""Wole Wole"", ""Matona"", ""Kai Hill"", ""Kondawa"", ""Yango"", ""Bobo"", ""Ruwangora"", ""Bolai"", ""Tululu"", ""Samana"", ""Kagara"", ""Morai"", ""Yan Uku Hill"", ""Dalam"", ""Garbadu"", ""Sauna"", ""Sado"", ""Garagi"", ""Garugi"", ""Tungan Magera"", ""Sanu Hill"", ""Guidan Kano"", ""Gidan Kano"", ""Takoki"", ""Barau"", ""Baigasuwa"", ""Dutsin Kura"", ""Marge"", ""Sashi"", ""Makera"", ""Talata Mafara""]",Source polygon component; not independently named as an island or proof of complete physical land coverage.
gb:NGA:ADM2:59680162B54275853767873,Akoko-Edo,geoBoundaries NGA ADM2 2022,Local Government Area,Akoko-Edo,,0,1,True,1366.663681,"[5.909392834211985, 7.112758159661382, 6.432164191724098, 7.59141683641792]",,,Pinned source component; no independent named-island or complete physical land assessment.
gb:NGA:ADM2:59680162B54275853767873,Akoko-Edo,current OCHA COD-AB NGA ADM2,Local Government Area,Akoko-Edo,NG012001,0,1,True,1341.573135,"[5.90837355900004, 7.112758242999973, 6.432164054999987, 7.591416899000137]",57,"[""Ago-Isame"", ""Ekpeshi"", ""Ekressi"", ""Ekressi River"", ""Sobo Ogbe"", ""Gbagere"", ""Sasaro"", ""Igbigele"", ""Ijaja"", ""Olomaw"", ""Oloma"", ""Igarra"", ""Igara"", ""Okpe"", ""Enwan"", ""Ojirami Oke"", ""Semolika Hill"", ""Ojirami"", ""Ipala, River"", ""Semolika"", ""Onyami"", ""Onyami River"", ""Aiyetoro"", ""Ugboshi Oke"", ""Ojirami Ogbo"", ""Dagbala"", ""Aiyeteju"", ""Ogbe"", ""Egene"", ""Aiyegunle"", ""Unemenakhua"", ""Unemenkhua"", ""Eshiawa"", ""Ineme Osa"", ""Oskju"", ""Onumu"", ""Oja Sale"", ""Egbetua"", ""Ogugu"", ""Oguga"", ""Oja"", ""Ile Aro"", ""Ugboshi Sale"", ""Makeke"", ""Ekpesa"", ""Ososo"", ""Ineme-Ekpe"", ""Ebune Ugbo"", ""Ososo Hill"", ""Ibillo"", ""Ekon"", ""Ikiran"", ""Ebuni"", ""Anyara"", ""Anyaran"", ""Imorga"", ""Umorga""]",Source polygon component; not independently named as an island or proof of complete physical land coverage.
gb:NGA:ADM2:59680162B54356159238049,Orumba North,geoBoundaries NGA ADM2 2022,Local Government Area,Orumba North,,0,1,True,320.563233,"[7.032163310988039, 6.005180479695412, 7.270818552634125, 6.239493370023069]",,,Pinned source component; no independent named-island or complete physical land assessment.
gb:NGA:ADM2:59680162B54356159238049,Orumba North,current OCHA COD-AB NGA ADM2,Local Government Area,Orumba North,NG004019,0,1,True,320.991664,"[7.041630842000018, 5.988787572000092, 7.27310662900004, 6.239493291000088]",26,"[""Ndiopaleze"", ""Ogboji"", ""Ndiokpalaeke"", ""Oka"", ""Ujari"", ""Ujalli"", ""Ajalli"", ""Umueje (1)"", ""Umueje"", ""Ndiowu"", ""Nanka"", ""Ugbo, River"", ""Umuogem"", ""Ndikelionwu"", ""Ufuma"", ""Enugu-Abo"", ""Ogbunu"", ""Ogbu"", ""Ogbu"", ""Ota Alu, River"", ""Mamu, River"", ""Od, River"", ""Odo, River"", ""Ndiobani"", ""Mamu River Forest R"", ""Ozu""]",Source polygon component; not independently named as an island or proof of complete physical land coverage.
gb:NGA:ADM2:59680162B54887547034560,Emure,geoBoundaries NGA ADM2 2022,Local Government Area,Emure,,0,1,True,256.212817,"[5.432180775422523, 7.301758715892049, 5.605469696169564, 7.515193826933626]",,,Pinned source component; no independent named-island or complete physical land assessment.
gb:NGA:ADM2:59680162B54887547034560,Emure,current OCHA COD-AB NGA ADM2,Local Government Area,Emure,NG013007,0,1,True,249.948267,"[5.439299193000124, 7.318939185000033, 5.610309213000164, 7.511156527000082]",18,"[""Eporo"", ""Ago-Sasere"", ""Ago-Adewale"", ""Ago-Panu"", ""Ago-Samuel Ojilo"", ""Akeye"", ""Adeyemo"", ""Ago-Oloyi"", ""Ago-Owa"", ""Ago-Sokite"", ""Owosi"", ""Ovia, River"", ""Ovia"", ""River Ovia"", ""Ovia River"", ""Emure-Ekiti"", ""Emure"", ""Little-Osse Forest""]",Source polygon component; not independently named as an island or proof of complete physical land coverage.
gb:NGA:ADM2:59680162B55239717258244,Zurmi,geoBoundaries NGA ADM2 2022,Local Government Area,Zurmi,,0,1,True,2512.342695,"[6.342226868175487, 12.579788017702924, 7.068569167832891, 13.132893988966487]",,,Pinned source component; no independent named-island or complete physical land assessment.
gb:NGA:ADM2:59680162B55239717258244,Zurmi,current OCHA COD-AB NGA ADM2,Local Government Area,Zurmi,NG037014,0,1,True,2684.605351,"[6.395047882000085, 12.566873116000124, 7.051230394000072, 13.161023111000077]",27,"[""Komani Hill"", ""Kanwa"", ""Kagara Dauran"", ""Gidan Madawaki"", ""Boko"", ""Zurmi"", ""Fafara"", ""Dumburum"", ""Bunga"", ""Yambuki"", ""Yanbuki"", ""Dagun Mani Hill"", ""Moriki"", ""Dutsi"", ""Dusti"", ""Dufu"", ""Bugawa"", ""Dole"", ""Kwashebawa"", ""Gurbin Baure"", ""Jena, Lake"", ""Fena, Lake"", ""Kalage"", ""Mashemo"", ""Mashema"", ""Kwade"", ""Kwadi""]",Source polygon component; not independently named as an island or proof of complete physical land coverage.
gb:NGA:ADM2:59680162B55690925628014,Efon,geoBoundaries NGA ADM2 2022,Local Government Area,Efon,,0,1,True,238.258084,"[4.86386156126207, 7.546575685919208, 5.016643762099989, 7.810518310371776]",,,Pinned source component; no independent named-island or complete physical land assessment.
gb:NGA:ADM2:59680162B55690925628014,Efon,current OCHA COD-AB NGA ADM2,Local Government Area,Efon,NG013003,0,1,True,230.218561,"[4.863861503000066, 7.562844340000083, 4.998213295000085, 7.798526283000115]",3,"[""Efon-Alaiye"", ""Effon Alaiye"", ""Akota""]",Source polygon component; not independently named as an island or proof of complete physical land coverage.
gb:NGA:ADM2:59680162B56433787774877,Ika North East,geoBoundaries NGA ADM2 2022,Local Government Area,Ika North East,,0,1,True,476.831467,"[6.163624901168305, 6.085344000025657, 6.391353129943013, 6.384438991866034]",,,Pinned source component; no independent named-island or complete physical land assessment.
gb:NGA:ADM2:59680162B56433787774877,Ika North East,current OCHA COD-AB NGA ADM2,Local Government Area,Ika North East,NG010007,0,1,True,467.700722,"[6.153229202999967, 6.090887022000061, 6.391353251000169, 6.384439003000068]",41,"[""Ete-Erumu"", ""Idumesa"", ""Idumuesah"", ""Uteh-Enugu"", ""Owa-Oyibu"", ""Owa Oyiebu"", ""Maholo"", ""Owere-Uteokpu"", ""Uteh-Okpu"", ""Ute Okpo"", ""Uteh-Alohen"", ""Owa-Alizomor"", ""Aniwachor"", ""Owa-Ofie"", ""Alero"", ""Aleru"", ""Owa-Alero"", ""Otolokpo"", ""Owa-Aliosimi"", ""Owa-Eke"", ""Owa-Ekel"", ""Owa-Nta"", ""Ote Ogbeji"", ""Uteogbeje"", ""Akumazi"", ""Agbor"", ""Agbor-Boiiboji"", ""Afbor"", ""Owerre"", ""Owerre Olubor"", ""Umunede"", ""Akwukwu-Akumazi"", ""Akuku-Akumazi"", ""Akuku"", ""Igbodo"", ""Mbiri"", ""Mbiri Farm Settleme*"", ""Mbiri Farm"", ""Mbiri-Igboko"", ""Igbodo-Igboko"", ""Igbado-Igboko""]",Source polygon component; not independently named as an island or proof of complete physical land coverage.
gb:NGA:ADM2:59680162B56562801938729,Bodinga,geoBoundaries NGA ADM2 2022,Local Government Area,Bodinga,,0,1,True,694.14579,"[5.054432492065928, 12.616990720645276, 5.383197290922283, 12.997763074206546]",,,Pinned source component; no independent named-island or complete physical land assessment.
gb:NGA:ADM2:59680162B56562801938729,Bodinga,current OCHA COD-AB NGA ADM2,Local Government Area,Bodinga,NG034002,0,1,True,637.817523,"[5.045446937000065, 12.611437432000173, 5.342598074000023, 12.98704741500012]",66,"[""Chohi"", ""Chofe"", ""Wumumu"", ""Gangari"", ""Bosaji"", ""Barngi Hill"", ""Yabawa"", ""Lugere"", ""Bamge"", ""Bamage Tudu"", ""Bangi"", ""Rugafalho"", ""Rugafalilo"", ""Makadi, River"", ""Bode, River"", ""Badau"", ""Badow"", ""Dabaga"", ""Delhera"", ""Darbela"", ""Bela Majia River"", ""Majia, Gulbin"", ""Bamge Tudu"", ""Dan-Chadi"", ""Danchadi"", ""Dancadi"", ""Sifawa"", ""Ilela"", ""Illela"", ""Toma"", ""Kura Munjo"", ""Kogin Minyo"", ""Kaura Minyo"", ""Gwarko"", ""Kaura"", ""Bodinga"", ""Jiriga"", ""Takatuku"", ""Bagarawa"", ""Bagaruwa"", ""Baragai"", ""Kwanawa"", ""Tudun Nagungu"", ""Maro Marum Tonka"", ""Maro Marun Tonka"", ""Dingyadi"", ""Sire"", ""Dan Ajiwa"", ""Bute"", ""Kwalfa"", ""Gubrawa"", ""Gobirawa"", ""Kulufasa"", ""Kulafasa"", ""Umara"", ""Umura"", ""Dingyadi"", ""Dan Dutse"", ""Tuluwa"", ""Rugar Jatau"", ""Tungan Jauta"", ""Ruggar Jatau"", ""Badawa"", ""Rugar Yantu"", ""Rugan Yantu"", ""Ruggar Yantau""]",Source polygon component; not independently named as an island or proof of complete physical land coverage.
gb:NGA:ADM2:59680162B56887411771488,Ahiazu-Mbaise,geoBoundaries NGA ADM2 2022,Local Government Area,Ahiazu-Mbaise,,0,1,True,99.590202,"[7.203283218945444, 5.490829917866449, 7.328898941333136, 5.612920000157942]",,,Pinned source component; no independent named-island or complete physical land assessment.
gb:NGA:ADM2:59680162B56887411771488,Ahiazu-Mbaise,current OCHA COD-AB NGA ADM2,Local Government Area,Ahiazu-Mbaise,NG017002,0,1,True,113.898827,"[7.206966792000117, 5.506828698999982, 7.324478222000153, 5.619268295000154]",16,"[""Nnarambe"", ""Obwe"", ""Akabo"", ""Oru"", ""Ekwerazu"", ""Ekwurazu"", ""Aguneze"", ""Obohia"", ""Umu-Okrika"", ""Oparanadin"", ""Oparanadim"", ""Mpam"", ""Umuebo-Akabo"", ""Eziama"", ""Elugu Nkumato"", ""Ihitte""]",Source polygon component; not independently named as an island or proof of complete physical land coverage.
gb:NGA:ADM2:59680162B58427071840888,Uvwie,geoBoundaries NGA ADM2 2022,Local Government Area,Uvwie,,0,1,True,83.337047,"[5.705931186674945, 5.515962494973223, 5.850398064319279, 5.624300003342512]",,,Pinned source component; no independent named-island or complete physical land assessment.
gb:NGA:ADM2:59680162B58427071840888,Uvwie,current OCHA COD-AB NGA ADM2,Local Government Area,Uvwie,NG010022,0,1,True,112.437354,"[5.696759164000127, 5.5070327520001, 5.853279938000185, 5.628407372000026]",19,"[""Igbudu"", ""Enerhe"", ""Ugborikoko"", ""Ugboroke"", ""Benji"", ""Effurun"", ""Effurum"", ""Efferun"", ""Ugbolokposo"", ""Ekpan"", ""Ogbomoro"", ""Odi"", ""Tori"", ""Ohrerhe Waterside"", ""Ubeji"", ""Iterigbi"", ""Okughurhe"", ""Okuohorhe"", ""Oharhe""]",Source polygon component; not independently named as an island or proof of complete physical land coverage.
gb:NGA:ADM2:59680162B58622494857171,Ovia South-West,geoBoundaries NGA ADM2 2022,Local Government Area,Ovia South-West,,0,1,True,2763.629344,"[5.012897014685507, 6.054296017047591, 5.496246814239157, 6.888345749256985]",,,Pinned source component; no independent named-island or complete physical land assessment.
gb:NGA:ADM2:59680162B58622494857171,Ovia South-West,current OCHA COD-AB NGA ADM2,Local Government Area,Ovia South West,NG012015,0,1,True,2771.817991,"[5.012897062000093, 6.054295938000109, 5.49624668000007, 6.888858673000072]",189,"[""Korobapele"", ""Ebawe"", ""Binidodogha"", ""Barrosa Island"", ""Barossa Island"", ""Agbobome"", ""Akpobome"", ""Pabe"", ""Okwa"", ""Ajifre Creek"", ""Egburegbene"", ""Ajimaje"", ""Ajemaje"", ""Epebite"", ""Dankoroba"", ""Ajiere"", ""Ajakurama"", ""Esanjumio├Ços Camp"", ""Ajiko"", ""Ugboba"", ""Gbeoba"", ""Ogogoro Creek"", ""Iboro Creek"", ""Osse, River"", ""Osse River"", ""Ugbo"", ""Abere"", ""Olowoso"", ""Ugbo-Olowoso"", ""Abel Camp"", ""Abelo├Ços Camp"", ""Gbelekegan"", ""Danielo├Ços Camp"", ""Daniel Camp"", ""Erakhuen Stream"", ""Arakhuen Stream"", ""Nikrowa"", ""Onikroga"", ""Nikorogba"", ""Kogbota"", ""Okuno"", ""Okomu"", ""Assamara"", ""Taragbeni"", ""Talagbene"", ""Ogirifulaba"", ""Otumara"", ""Irhuebos Camp"", ""Iriboro├Ços Camp"", ""Olodiama"", ""Igbinoba"", ""Igbehoba"", ""Oribogweni"", ""Oyinbogbene"", ""Sikoloba"", ""Sikolaba"", ""Kwale"", ""Okomu Native Area F*"", ""Okomu Forest Reserve"", ""Benin Native Area"", ""Ago Duro"", ""Oghogho"", ""Ogbovben, River"", ""Ogbovben River"", ""Okome"", ""Adama"", ""Emianghan"", ""Babui River"", ""Babui, River"", ""Small Gbelemotin"", ""Gbelemotin"", ""Ago-Nathaniel"", ""Gbelemotin Oke"", ""Gbelemotin (2)"", ""Gbelemotin"", ""Agbonlahoo├Ços Camp"", ""Agbonlaho Camp"", ""Ogboin"", ""Gbelemotin (1)"", ""Gbelemotin-Odo"", ""Kolobo"", ""Igbuekhue"", ""Reubens Camp"", ""Reuben Camp"", ""Madagbayu"", ""Madagbayo"", ""Foniyege"", ""Julos Stream"", ""Epues Camp"", ""Epue Camps"", ""Igwowan"", ""Kwanwan"", ""David Okoo├Ços Camp"", ""David Oko Camp"", ""Elete"", ""Etete"", ""Ikoka Etete"", ""South Etete"", ""Ayedi"", ""Iyuyu"", ""Okeyuyu"", ""Ago-Isobo"", ""Ikoka Elete"", ""Ikoka Etete"", ""Ofaye"", ""Gbelegan"", ""Iguefole"", ""Iguafole"", ""Iguerahon"", ""Iguerhahon"", ""Evbuogun"", ""Ojogbede"", ""Izide-N-Ame"", ""Izide"", ""Sobo Camp"", ""Sobo Camps"", ""Igueze"", ""Ewansih"", ""Aghobahi"", ""Sejen"", ""Iguelaho"", ""Udo"", ""Urezen"", ""Udaken"", ""Udakan"", ""Igueladidi"", ""Iguokolo"", ""Iguokole"", ""Edewo"", ""Iguoriakhi"", ""Ikpoba"", ""Igbe"", ""Amieghomwan"", ""Iguelaho"", ""Ago-Akinde"", ""Ora"", ""Orah"", ""Okwa"", ""Evbosa"", ""Obozogbe"", ""Obozogbo"", ""Labura Camp"", ""Aifesoba"", ""Aifesoaba"", ""Siluko"", ""Okuzuwa"", ""Umaza"", ""Iguogun"", ""Igwogun"", ""Esi"", ""Iguatakpo"", ""Iguatakpa"", ""Iguobazuwa"", ""Iguobazowa"", ""Kekere"", ""Agoishan"", ""Mayan"", ""Oha, River"", ""Oha River"", ""Iguobazuwa Forest R*"", ""Lakolako"", ""Kaloko"", ""Igodi Camp"", ""Osokoro"", ""Okoro"", ""Ovan Camp"", ""Sakpoba"", ""Okokpon"", ""Aligholo"", ""Ayenigianran"", ""Ikoha"", ""Orogun Camp"", ""Aden, River"", ""Aden River"", ""Abohwo Camp"", ""Afigo Camp"", ""Iguevinyoba, River"", ""Okponha"", ""Igbogo"", ""Ugbogwi"", ""Okha"", ""Owabamibo"", ""Okozo"", ""Okoro"", ""Iguevinyoba"", ""Usen"", ""Usenin"", ""Ulorin"", ""Ilorin""]",Source polygon component; not independently named as an island or proof of complete physical land coverage.
gb:NGA:ADM2:59680162B58812788921078,Moba,geoBoundaries NGA ADM2 2022,Local Government Area,Moba,,0,1,True,219.804952,"[5.020274162422709, 7.928534999790429, 5.250177692046918, 8.062994003170786]",,,Pinned source component; no independent named-island or complete physical land assessment.
gb:NGA:ADM2:59680162B58812788921078,Moba,current OCHA COD-AB NGA ADM2,Local Government Area,Moba,NG013015,0,1,True,197.173598,"[5.032854155000166, 7.922412309000038, 5.2444514660001, 8.06299404300006]",17,"[""Osun"", ""Gogo"", ""Igogo"", ""Epe"", ""Awtun"", ""Otun"", ""Ikosu"", ""Ikun"", ""Iro"", ""Osan"", ""Osun Ekiti"", ""Awsun"", ""Erinnope"", ""Erinmope Ekiti"", ""Erimope"", ""Erinmope"", ""Aye Ekan""]",Source polygon component; not independently named as an island or proof of complete physical land coverage.
gb:NGA:ADM2:59680162B59329233871626,Akuku Toru,geoBoundaries NGA ADM2 2022,Local Government Area,Akuku Toru,,0,1,True,1415.313004,"[6.511841774178606, 4.311949642362151, 6.875197479280303, 4.827192902730303]",,,Pinned source component; no independent named-island or complete physical land assessment.
gb:NGA:ADM2:59680162B59329233871626,Akuku Toru,current OCHA COD-AB NGA ADM2,Local Government Area,Akuku Toru,NG033004,0,1,True,1246.890622,"[6.547496962000025, 4.317063307000183, 6.877049802000101, 4.760527133000096]",2592,"[""Elizakiri"", ""Elizakiri"", ""Elizakiri"", ""Elizakiri"", ""Elizakiri"", ""Elizakiri"", ""Elizakiri"", ""Elizakiri"", ""Elizakiri"", ""Elizakiri"", ""Elizakiri"", ""Elizakiri"", ""Elizakiri"", ""Elizakiri"", ""Elizakiri"", ""Elizakiri"", ""Kula"", ""Kula"", ""Kula"", ""Kula"", ""Kula"", ""Kula"", ""Kula"", ""Kula"", ""Kula"", ""Kula"", ""Kula"", ""Kula"", ""Kula"", ""Kula"", ""Kula"", ""Kula"", ""Brass Creek"", ""Brass Creek"", ""Brass Creek"", ""Brass Creek"", ""Brass Creek"", ""Brass Creek"", ""Brass Creek"", ""Brass Creek"", ""Brass Creek"", ""Brass Creek"", ""Brass Creek"", ""Brass Creek"", ""Brass Creek"", ""Brass Creek"", ""Brass Creek"", ""Brass Creek"", ""Port Harcourt Fishi*"", ""Port Harcourt Fishi*"", ""Port Harcourt Fishi*"", ""Port Harcourt Fishi*"", ""Port Harcourt Fishi*"", ""Port Harcourt Fishi*"", ""Port Harcourt Fishi*"", ""Port Harcourt Fishi*"", ""Port Harcourt Fishi*"", ""Port Harcourt Fishi*"", ""Port Harcourt Fishi*"", ""Port Harcourt Fishi*"", ""Port Harcourt Fishi*"", ""Port Harcourt Fishi*"", ""Port Harcourt Fishi*"", ""Port Harcourt Fishi*"", ""Torubiama"", ""Torubiama"", ""Torubiama"", ""Torubiama"", ""Torubiama"", ""Torubiama"", ""Torubiama"", ""Torubiama"", ""Torubiama"", ""Torubiama"", ""Torubiama"", ""Torubiama"", ""Torubiama"", ""Torubiama"", ""Torubiama"", ""Torubiama"", ""Kula Flats"", ""Kula Flats"", ""Kula Flats"", ""Kula Flats"", ""Kula Flats"", ""Kula Flats"", ""Kula Flats"", ""Kula Flats"", ""Kula Flats"", ""Kula Flats"", ""Kula Flats"", ""Kula Flats"", ""Kula Flats"", ""Kula Flats"", ""Kula Flats"", ""Kula Flats"", ""Angalabio Fishing C"", ""Angalabio Fishing C"", ""Angalabio Fishing C"", ""Angalabio Fishing C"", ""Angalabio Fishing C"", ""Angalabio Fishing C"", ""Angalabio Fishing C"", ""Angalabio Fishing C"", ""Angalabio Fishing C"", ""Angalabio Fishing C"", ""Angalabio Fishing C"", ""Angalabio Fishing C"", ""Angalabio Fishing C"", ""Angalabio Fishing C"", ""Angalabio Fishing C"", ""Angalabio Fishing C"", ""Isomabio"", ""Isomabio"", ""Isomabio"", ""Isomabio"", ""Isomabio"", ""Isomabio"", ""Isomabio"", ""Isomabio"", ""Isomabio"", ""Isomabio"", ""Isomabio"", ""Isomabio"", ""Isomabio"", ""Isomabio"", ""Isomabio"", ""Isomabio"", ""Tingibibi"", ""Tingibibi"", ""Tingibibi"", ""Tingibibi"", ""Tingibibi"", ""Tingibibi"", ""Tingibibi"", ""Tingibibi"", ""Tingibibi"", ""Tingibibi"", ""Tingibibi"", ""Tingibibi"", ""Tingibibi"", ""Tingibibi"", ""Tingibibi"", ""Tingibibi"", ""Eddykiri"", ""Eddykiri"", ""Eddykiri"", ""Eddykiri"", ""Eddykiri"", ""Eddykiri"", ""Eddykiri"", ""Eddykiri"", ""Eddykiri"", ""Eddykiri"", ""Eddykiri"", ""Eddykiri"", ""Eddykiri"", ""Eddykiri"", ""Eddykiri"", ""Eddykiri"", ""Abaji Okolo"", ""Abaji Okolo"", ""Abaji Okolo"", ""Abaji Okolo"", ""Abaji Okolo"", ""Abaji Okolo"", ""Abaji Okolo"", ""Abaji Okolo"", ""Abaji Okolo"", ""Abaji Okolo"", ""Abaji Okolo"", ""Abaji Okolo"", ""Abaji Okolo"", ""Abaji Okolo"", ""Abaji Okolo"", ""Abaji Okolo"", ""Angalabio"", ""Angalabio"", ""Angalabio"", ""Angalabio"", ""Angalabio"", ""Angalabio"", ""Angalabio"", ""Angalabio"", ""Angalabio"", ""Angalabio"", ""Angalabio"", ""Angalabio"", ""Angalabio"", ""Angalabio"", ""Angalabio"", ""Angalabio"", ""Okolobakiri"", ""Okolobakiri"", ""Okolobakiri"", ""Okolobakiri"", ""Okolobakiri"", ""Okolobakiri"", ""Okolobakiri"", ""Okolobakiri"", ""Okolobakiri"", ""Okolobakiri"", ""Okolobakiri"", ""Okolobakiri"", ""Okolobakiri"", ""Okolobakiri"", ""Okolobakiri"", ""Okolobakiri"", ""Okekiri"", ""Okekiri"", ""Okekiri"", ""Okekiri"", ""Okekiri"", ""Okekiri"", ""Okekiri"", ""Okekiri"", ""Okekiri"", ""Okekiri"", ""Okekiri"", ""Okekiri"", ""Okekiri"", ""Okekiri"", ""Okekiri"", ""Okekiri"", ""Ibrokiri"", ""Ibrokiri"", ""Ibrokiri"", ""Ibrokiri"", ""Ibrokiri"", ""Ibrokiri"", ""Ibrokiri"", ""Ibrokiri"", ""Ibrokiri"", ""Ibrokiri"", ""Ibrokiri"", ""Ibrokiri"", ""Ibrokiri"", ""Ibrokiri"", ""Ibrokiri"", ""Ibrokiri"", ""Owukubo"", ""Owukubo"", ""Owukubo"", ""Owukubo"", ""Owukubo"", ""Owukubo"", ""Owukubo"", ""Owukubo"", ""Owukubo"", ""Owukubo"", ""Owukubo"", ""Owukubo"", ""Owukubo"", ""Owukubo"", ""Owukubo"", ""Owukubo"", ""Akpakiri"", ""Akpakiri"", ""Akpakiri"", ""Akpakiri"", ""Akpakiri"", ""Akpakiri"", ""Akpakiri"", ""Akpakiri"", ""Akpakiri"", ""Akpakiri"", ""Akpakiri"", ""Akpakiri"", ""Akpakiri"", ""Akpakiri"", ""Akpakiri"", ""Akpakiri"", ""Presakiri"", ""Presakiri"", ""Presakiri"", ""Presakiri"", ""Presakiri"", ""Presakiri"", ""Presakiri"", ""Presakiri"", ""Presakiri"", ""Presakiri"", ""Presakiri"", ""Presakiri"", ""Presakiri"", ""Presakiri"", ""Presakiri"", ""Presakiri"", ""Owupoku"", ""Owupoku"", ""Owupoku"", ""Owupoku"", ""Owupoku"", ""Owupoku"", ""Owupoku"", ""Owupoku"", ""Owupoku"", ""Owupoku"", ""Owupoku"", ""Owupoku"", ""Owupoku"", ""Owupoku"", ""Owupoku"", ""Owupoku"", ""Owupubo"", ""Owupubo"", ""Owupubo"", ""Owupubo"", ""Owupubo"", ""Owupubo"", ""Owupubo"", ""Owupubo"", ""Owupubo"", ""Owupubo"", ""Owupubo"", ""Owupubo"", ""Owupubo"", ""Owupubo"", ""Owupubo"", ""Owupubo"", ""Oluapoku"", ""Oluapoku"", ""Oluapoku"", ""Oluapoku"", ""Oluapoku"", ""Oluapoku"", ""Oluapoku"", ""Oluapoku"", ""Oluapoku"", ""Oluapoku"", ""Oluapoku"", ""Oluapoku"", ""Oluapoku"", ""Oluapoku"", ""Oluapoku"", ""Oluapoku"", ""Belema"", ""Belema"", ""Belema"", ""Belema"", ""Belema"", ""Belema"", ""Belema"", ""Belema"", ""Belema"", ""Belema"", ""Belema"", ""Belema"", ""Belema"", ""Belema"", ""Belema"", ""Belema"", ""Kulabio Creek"", ""Kulabio Creek"", ""Kulabio Creek"", ""Kulabio Creek"", ""Kulabio Creek"", ""Kulabio Creek"", ""Kulabio Creek"", ""Kulabio Creek"", ""Kulabio Creek"", ""Kulabio Creek"", ""Kulabio Creek"", ""Kulabio Creek"", ""Kulabio Creek"", ""Kulabio Creek"", ""Kulabio Creek"", ""Kulabio Creek"", ""Gogokiri"", ""Gogokiri"", ""Gogokiri"", ""Gogokiri"", ""Gogokiri"", ""Gogokiri"", ""Gogokiri"", ""Gogokiri"", ""Gogokiri"", ""Gogokiri"", ""Gogokiri"", ""Gogokiri"", ""Gogokiri"", ""Gogokiri"", ""Gogokiri"", ""Gogokiri"", ""Kalakuro Creek"", ""Kalakuro Creek"", ""Kalakuro Creek"", ""Kalakuro Creek"", ""Kalakuro Creek"", ""Kalakuro Creek"", ""Kalakuro Creek"", ""Kalakuro Creek"", ""Kalakuro Creek"", ""Kalakuro Creek"", ""Kalakuro Creek"", ""Kalakuro Creek"", ""Kalakuro Creek"", ""Kalakuro Creek"", ""Kalakuro Creek"", ""Kalakuro Creek"", ""Waribokokiri"", ""Waribokokiri"", ""Waribokokiri"", ""Waribokokiri"", ""Waribokokiri"", ""Waribokokiri"", ""Waribokokiri"", ""Waribokokiri"", ""Waribokokiri"", ""Waribokokiri"", ""Waribokokiri"", ""Waribokokiri"", ""Waribokokiri"", ""Waribokokiri"", ""Waribokokiri"", ""Waribokokiri"", ""Odoni"", ""Odoni"", ""Odoni"", ""Odoni"", ""Odoni"", ""Odoni"", ""Odoni"", ""Odoni"", ""Odoni"", ""Odoni"", ""Odoni"", ""Odoni"", ""Odoni"", ""Odoni"", ""Odoni"", ""Odoni"", ""Iniemaboko"", ""Iniemaboko"", ""Iniemaboko"", ""Iniemaboko"", ""Iniemaboko"", ""Iniemaboko"", ""Iniemaboko"", ""Iniemaboko"", ""Iniemaboko"", ""Iniemaboko"", ""Iniemaboko"", ""Iniemaboko"", ""Iniemaboko"", ""Iniemaboko"", ""Iniemaboko"", ""Iniemaboko"", ""Inyomaboko"", ""Inyomaboko"", ""Inyomaboko"", ""Inyomaboko"", ""Inyomaboko"", ""Inyomaboko"", ""Inyomaboko"", ""Inyomaboko"", ""Inyomaboko"", ""Inyomaboko"", ""Inyomaboko"", ""Inyomaboko"", ""Inyomaboko"", ""Inyomaboko"", ""Inyomaboko"", ""Inyomaboko"", ""Dabibikiri"", ""Dabibikiri"", ""Dabibikiri"", ""Dabibikiri"", ""Dabibikiri"", ""Dabibikiri"", ""Dabibikiri"", ""Dabibikiri"", ""Dabibikiri"", ""Dabibikiri"", ""Dabibikiri"", ""Dabibikiri"", ""Dabibikiri"", ""Dabibikiri"", ""Dabibikiri"", ""Dabibikiri"", ""Oloma"", ""Oloma"", ""Oloma"", ""Oloma"", ""Oloma"", ""Oloma"", ""Oloma"", ""Oloma"", ""Oloma"", ""Oloma"", ""Oloma"", ""Oloma"", ""Oloma"", ""Oloma"", ""Oloma"", ""Oloma"", ""Olomaboko"", ""Olomaboko"", ""Olomaboko"", ""Olomaboko"", ""Olomaboko"", ""Olomaboko"", ""Olomaboko"", ""Olomaboko"", ""Olomaboko"", ""Olomaboko"", ""Olomaboko"", ""Olomaboko"", ""Olomaboko"", ""Olomaboko"", ""Olomaboko"", ""Olomaboko"", ""Okparakiri"", ""Okparakiri"", ""Okparakiri"", ""Okparakiri"", ""Okparakiri"", ""Okparakiri"", ""Okparakiri"", ""Okparakiri"", ""Okparakiri"", ""Okparakiri"", ""Okparakiri"", ""Okparakiri"", ""Okparakiri"", ""Okparakiri"", ""Okparakiri"", ""Okparakiri"", ""Aiya Abissa"", ""Aiya Abissa"", ""Aiya Abissa"", ""Aiya Abissa"", ""Aiya Abissa"", ""Aiya Abissa"", ""Aiya Abissa"", ""Aiya Abissa"", ""Aiya Abissa"", ""Aiya Abissa"", ""Aiya Abissa"", ""Aiya Abissa"", ""Aiya Abissa"", ""Aiya Abissa"", ""Aiya Abissa"", ""Aiya Abissa"", ""Abissa"", ""Abissa"", ""Abissa"", ""Abissa"", ""Abissa"", ""Abissa"", ""Abissa"", ""Abissa"", ""Abissa"", ""Abissa"", ""Abissa"", ""Abissa"", ""Abissa"", ""Abissa"", ""Abissa"", ""Abissa"", ""Okoma"", ""Okoma"", ""Okoma"", ""Okoma"", ""Okoma"", ""Okoma"", ""Okoma"", ""Okoma"", ""Okoma"", ""Okoma"", ""Okoma"", ""Okoma"", ""Okoma"", ""Okoma"", ""Okoma"", ""Okoma"", ""Akpainkiri"", ""Akpainkiri"", ""Akpainkiri"", ""Akpainkiri"", ""Akpainkiri"", ""Akpainkiri"", ""Akpainkiri"", ""Akpainkiri"", ""Akpainkiri"", ""Akpainkiri"", ""Akpainkiri"", ""Akpainkiri"", ""Akpainkiri"", ""Akpainkiri"", ""Akpainkiri"", ""Akpainkiri"", ""Agudaboko"", ""Agudaboko"", ""Agudaboko"", ""Agudaboko"", ""Agudaboko"", ""Agudaboko"", ""Agudaboko"", ""Agudaboko"", ""Agudaboko"", ""Agudaboko"", ""Agudaboko"", ""Agudaboko"", ""Agudaboko"", ""Agudaboko"", ""Agudaboko"", ""Agudaboko"", ""Presa Creek"", ""Presa Creek"", ""Presa Creek"", ""Presa Creek"", ""Presa Creek"", ""Presa Creek"", ""Presa Creek"", ""Presa Creek"", ""Presa Creek"", ""Presa Creek"", ""Presa Creek"", ""Presa Creek"", ""Presa Creek"", ""Presa Creek"", ""Presa Creek"", ""Presa Creek"", ""Agudakiri"", ""Agudakiri"", ""Agudakiri"", ""Agudakiri"", ""Agudakiri"", ""Agudakiri"", ""Agudakiri"", ""Agudakiri"", ""Agudakiri"", ""Agudakiri"", ""Agudakiri"", ""Agudakiri"", ""Agudakiri"", ""Agudakiri"", ""Agudakiri"", ""Agudakiri"", ""Sanikiri"", ""Sanikiri"", ""Sanikiri"", ""Sanikiri"", ""Sanikiri"", ""Sanikiri"", ""Sanikiri"", ""Sanikiri"", ""Sanikiri"", ""Sanikiri"", ""Sanikiri"", ""Sanikiri"", ""Sanikiri"", ""Sanikiri"", ""Sanikiri"", ""Sanikiri"", ""Okolomakalakubu Cre*"", ""Okolomakalakubu Cre*"", ""Okolomakalakubu Cre*"", ""Okolomakalakubu Cre*"", ""Okolomakalakubu Cre*"", ""Okolomakalakubu Cre*"", ""Okolomakalakubu Cre*"", ""Okolomakalakubu Cre*"", ""Okolomakalakubu Cre*"", ""Okolomakalakubu Cre*"", ""Okolomakalakubu Cre*"", ""Okolomakalakubu Cre*"", ""Okolomakalakubu Cre*"", ""Okolomakalakubu Cre*"", ""Okolomakalakubu Cre*"", ""Okolomakalakubu Cre*"", ""Olomabokokin"", ""Olomabokokin"", ""Olomabokokin"", ""Olomabokokin"", ""Olomabokokin"", ""Olomabokokin"", ""Olomabokokin"", ""Olomabokokin"", ""Olomabokokin"", ""Olomabokokin"", ""Olomabokokin"", ""Olomabokokin"", ""Olomabokokin"", ""Olomabokokin"", ""Olomabokokin"", ""Olomabokokin"", ""Orukiri"", ""Orukiri"", ""Orukiri"", ""Orukiri"", ""Orukiri"", ""Orukiri"", ""Orukiri"", ""Orukiri"", ""Orukiri"", ""Orukiri"", ""Orukiri"", ""Orukiri"", ""Orukiri"", ""Orukiri"", ""Orukiri"", ""Orukiri"", ""Abissa Flats"", ""Abissa Flats"", ""Abissa Flats"", ""Abissa Flats"", ""Abissa Flats"", ""Abissa Flats"", ""Abissa Flats"", ""Abissa Flats"", ""Abissa Flats"", ""Abissa Flats"", ""Abissa Flats"", ""Abissa Flats"", ""Abissa Flats"", ""Abissa Flats"", ""Abissa Flats"", ""Abissa Flats"", ""Abissa Creek"", ""Abissa Creek"", ""Abissa Creek"", ""Abissa Creek"", ""Abissa Creek"", ""Abissa Creek"", ""Abissa Creek"", ""Abissa Creek"", ""Abissa Creek"", ""Abissa Creek"", ""Abissa Creek"", ""Abissa Creek"", ""Abissa Creek"", ""Abissa Creek"", ""Abissa Creek"", ""Abissa Creek"", ""Opuabesea"", ""Opuabesea"", ""Opuabesea"", ""Opuabesea"", ""Opuabesea"", ""Opuabesea"", ""Opuabesea"", ""Opuabesea"", ""Opuabesea"", ""Opuabesea"", ""Opuabesea"", ""Opuabesea"", ""Opuabesea"", ""Opuabesea"", ""Opuabesea"", ""Opuabesea"", ""Offorsuokiri"", ""Offorsuokiri"", ""Offorsuokiri"", ""Offorsuokiri"", ""Offorsuokiri"", ""Offorsuokiri"", ""Offorsuokiri"", ""Offorsuokiri"", ""Offorsuokiri"", ""Offorsuokiri"", ""Offorsuokiri"", ""Offorsuokiri"", ""Offorsuokiri"", ""Offorsuokiri"", ""Offorsuokiri"", ""Offorsuokiri"", ""Iwokiri"", ""Iwokiri"", ""Iwokiri"", ""Iwokiri"", ""Iwokiri"", ""Iwokiri"", ""Iwokiri"", ""Iwokiri"", ""Iwokiri"", ""Iwokiri"", ""Iwokiri"", ""Iwokiri"", ""Iwokiri"", ""Iwokiri"", ""Iwokiri"", ""Iwokiri"", ""Bishopkiri"", ""Bishopkiri"", ""Bishopkiri"", ""Bishopkiri"", ""Bishopkiri"", ""Bishopkiri"", ""Bishopkiri"", ""Bishopkiri"", ""Bishopkiri"", ""Bishopkiri"", ""Bishopkiri"", ""Bishopkiri"", ""Bishopkiri"", ""Bishopkiri"", ""Bishopkiri"", ""Bishopkiri"", ""Elem Abissa"", ""Elem Abissa"", ""Elem Abissa"", ""Elem Abissa"", ""Elem Abissa"", ""Elem Abissa"", ""Elem Abissa"", ""Elem Abissa"", ""Elem Abissa"", ""Elem Abissa"", ""Elem Abissa"", ""Elem Abissa"", ""Elem Abissa"", ""Elem Abissa"", ""Elem Abissa"", ""Elem Abissa"", ""Elem Abisse"", ""Elem Abisse"", ""Elem Abisse"", ""Elem Abisse"", ""Elem Abisse"", ""Elem Abisse"", ""Elem Abisse"", ""Elem Abisse"", ""Elem Abisse"", ""Elem Abisse"", ""Elem Abisse"", ""Elem Abisse"", ""Elem Abisse"", ""Elem Abisse"", ""Elem Abisse"", ""Elem Abisse"", ""Markkiri"", ""Markkiri"", ""Markkiri"", ""Markkiri"", ""Markkiri"", ""Markkiri"", ""Markkiri"", ""Markkiri"", ""Markkiri"", ""Markkiri"", ""Markkiri"", ""Markkiri"", ""Markkiri"", ""Markkiri"", ""Markkiri"", ""Markkiri"", ""Ejekiri"", ""Ejekiri"", ""Ejekiri"", ""Ejekiri"", ""Ejekiri"", ""Ejekiri"", ""Ejekiri"", ""Ejekiri"", ""Ejekiri"", ""Ejekiri"", ""Ejekiri"", ""Ejekiri"", ""Ejekiri"", ""Ejekiri"", ""Ejekiri"", ""Ejekiri"", ""Markkiri"", ""Markkiri"", ""Markkiri"", ""Markkiri"", ""Markkiri"", ""Markkiri"", ""Markkiri"", ""Markkiri"", ""Markkiri"", ""Markkiri"", ""Markkiri"", ""Markkiri"", ""Markkiri"", ""Markkiri"", ""Markkiri"", ""Markkiri"", ""Offor Creek"", ""Offor Creek"", ""Offor Creek"", ""Offor Creek"", ""Offor Creek"", ""Offor Creek"", ""Offor Creek"", ""Offor Creek"", ""Offor Creek"", ""Offor Creek"", ""Offor Creek"", ""Offor Creek"", ""Offor Creek"", ""Offor Creek"", ""Offor Creek"", ""Offor Creek"", ""Ebinikiri"", ""Ebinikiri"", ""Ebinikiri"", ""Ebinikiri"", ""Ebinikiri"", ""Ebinikiri"", ""Ebinikiri"", ""Ebinikiri"", ""Ebinikiri"", ""Ebinikiri"", ""Ebinikiri"", ""Ebinikiri"", ""Ebinikiri"", ""Ebinikiri"", ""Ebinikiri"", ""Ebinikiri"", ""Offorboko"", ""Offorboko"", ""Offorboko"", ""Offorboko"", ""Offorboko"", ""Offorboko"", ""Offorboko"", ""Offorboko"", ""Offorboko"", ""Offorboko"", ""Offorboko"", ""Offorboko"", ""Offorboko"", ""Offorboko"", ""Offorboko"", ""Offorboko"", ""Offor"", ""Offor"", ""Offor"", ""Offor"", ""Offor"", ""Offor"", ""Offor"", ""Offor"", ""Offor"", ""Offor"", ""Offor"", ""Offor"", ""Offor"", ""Offor"", ""Offor"", ""Offor"", ""Penakiri"", ""Penakiri"", ""Penakiri"", ""Penakiri"", ""Penakiri"", ""Penakiri"", ""Penakiri"", ""Penakiri"", ""Penakiri"", ""Penakiri"", ""Penakiri"", ""Penakiri"", ""Penakiri"", ""Penakiri"", ""Penakiri"", ""Penakiri"", ""Agba-Abobora"", ""Agba-Abobora"", ""Agba-Abobora"", ""Agba-Abobora"", ""Agba-Abobora"", ""Agba-Abobora"", ""Agba-Abobora"", ""Agba-Abobora"", ""Agba-Abobora"", ""Agba-Abobora"", ""Agba-Abobora"", ""Agba-Abobora"", ""Agba-Abobora"", ""Agba-Abobora"", ""Agba-Abobora"", ""Agba-Abobora"", ""Nangwoma"", ""Nangwoma"", ""Nangwoma"", ""Nangwoma"", ""Nangwoma"", ""Nangwoma"", ""Nangwoma"", ""Nangwoma"", ""Nangwoma"", ""Nangwoma"", ""Nangwoma"", ""Nangwoma"", ""Nangwoma"", ""Nangwoma"", ""Nangwoma"", ""Nangwoma"", ""Josephkiri"", ""Josephkiri"", ""Josephkiri"", ""Josephkiri"", ""Josephkiri"", ""Josephkiri"", ""Josephkiri"", ""Josephkiri"", ""Josephkiri"", ""Josephkiri"", ""Josephkiri"", ""Josephkiri"", ""Josephkiri"", ""Josephkiri"", ""Josephkiri"", ""Josephkiri"", ""Enochkiri"", ""Enochkiri"", ""Enochkiri"", ""Enochkiri"", ""Enochkiri"", ""Enochkiri"", ""Enochkiri"", ""Enochkiri"", ""Enochkiri"", ""Enochkiri"", ""Enochkiri"", ""Enochkiri"", ""Enochkiri"", ""Enochkiri"", ""Enochkiri"", ""Enochkiri"", ""Fynetacikiri"", ""Fynetacikiri"", ""Fynetacikiri"", ""Fynetacikiri"", ""Fynetacikiri"", ""Fynetacikiri"", ""Fynetacikiri"", ""Fynetacikiri"", ""Fynetacikiri"", ""Fynetacikiri"", ""Fynetacikiri"", ""Fynetacikiri"", ""Fynetacikiri"", ""Fynetacikiri"", ""Fynetacikiri"", ""Fynetacikiri"", ""Apiboko Creek"", ""Apiboko Creek"", ""Apiboko Creek"", ""Apiboko Creek"", ""Apiboko Creek"", ""Apiboko Creek"", ""Apiboko Creek"", ""Apiboko Creek"", ""Apiboko Creek"", ""Apiboko Creek"", ""Apiboko Creek"", ""Apiboko Creek"", ""Apiboko Creek"", ""Apiboko Creek"", ""Apiboko Creek"", ""Apiboko Creek"", ""Nathikiri"", ""Nathikiri"", ""Nathikiri"", ""Nathikiri"", ""Nathikiri"", ""Nathikiri"", ""Nathikiri"", ""Nathikiri"", ""Nathikiri"", ""Nathikiri"", ""Nathikiri"", ""Nathikiri"", ""Nathikiri"", ""Nathikiri"", ""Nathikiri"", ""Nathikiri"", ""Orugbanikiri"", ""Orugbanikiri"", ""Orugbanikiri"", ""Orugbanikiri"", ""Orugbanikiri"", ""Orugbanikiri"", ""Orugbanikiri"", ""Orugbanikiri"", ""Orugbanikiri"", ""Orugbanikiri"", ""Orugbanikiri"", ""Orugbanikiri"", ""Orugbanikiri"", ""Orugbanikiri"", ""Orugbanikiri"", ""Orugbanikiri"", ""Nathikiri"", ""Nathikiri"", ""Nathikiri"", ""Nathikiri"", ""Nathikiri"", ""Nathikiri"", ""Nathikiri"", ""Nathikiri"", ""Nathikiri"", ""Nathikiri"", ""Nathikiri"", ""Nathikiri"", ""Nathikiri"", ""Nathikiri"", ""Nathikiri"", ""Nathikiri"", ""Dagogokiri"", ""Dagogokiri"", ""Dagogokiri"", ""Dagogokiri"", ""Dagogokiri"", ""Dagogokiri"", ""Dagogokiri"", ""Dagogokiri"", ""Dagogokiri"", ""Dagogokiri"", ""Dagogokiri"", ""Dagogokiri"", ""Dagogokiri"", ""Dagogokiri"", ""Dagogokiri"", ""Dagogokiri"", ""Balo"", ""Balo"", ""Balo"", ""Balo"", ""Balo"", ""Balo"", ""Balo"", ""Balo"", ""Balo"", ""Balo"", ""Balo"", ""Balo"", ""Balo"", ""Balo"", ""Balo"", ""Balo"", ""Ijokiri"", ""Ijokiri"", ""Ijokiri"", ""Ijokiri"", ""Ijokiri"", ""Ijokiri"", ""Ijokiri"", ""Ijokiri"", ""Ijokiri"", ""Ijokiri"", ""Ijokiri"", ""Ijokiri"", ""Ijokiri"", ""Ijokiri"", ""Ijokiri"", ""Ijokiri"", ""Frankkiri"", ""Frankkiri"", ""Frankkiri"", ""Frankkiri"", ""Frankkiri"", ""Frankkiri"", ""Frankkiri"", ""Frankkiri"", ""Frankkiri"", ""Frankkiri"", ""Frankkiri"", ""Frankkiri"", ""Frankkiri"", ""Frankkiri"", ""Frankkiri"", ""Frankkiri"", ""Ijokiri"", ""Ijokiri"", ""Ijokiri"", ""Ijokiri"", ""Ijokiri"", ""Ijokiri"", ""Ijokiri"", ""Ijokiri"", ""Ijokiri"", ""Ijokiri"", ""Ijokiri"", ""Ijokiri"", ""Ijokiri"", ""Ijokiri"", ""Ijokiri"", ""Ijokiri"", ""Apiboko"", ""Apiboko"", ""Apiboko"", ""Apiboko"", ""Apiboko"", ""Apiboko"", ""Apiboko"", ""Apiboko"", ""Apiboko"", ""Apiboko"", ""Apiboko"", ""Apiboko"", ""Apiboko"", ""Apiboko"", ""Apiboko"", ""Apiboko"", ""Kongoma Creek"", ""Kongoma Creek"", ""Kongoma Creek"", ""Kongoma Creek"", ""Kongoma Creek"", ""Kongoma Creek"", ""Kongoma Creek"", ""Kongoma Creek"", ""Kongoma Creek"", ""Kongoma Creek"", ""Kongoma Creek"", ""Kongoma Creek"", ""Kongoma Creek"", ""Kongoma Creek"", ""Kongoma Creek"", ""Kongoma Creek"", ""Dabibikiri"", ""Dabibikiri"", ""Dabibikiri"", ""Dabibikiri"", ""Dabibikiri"", ""Dabibikiri"", ""Dabibikiri"", ""Dabibikiri"", ""Dabibikiri"", ""Dabibikiri"", ""Dabibikiri"", ""Dabibikiri"", ""Dabibikiri"", ""Dabibikiri"", ""Dabibikiri"", ""Dabibikiri"", ""Esengebelekiri"", ""Esengebelekiri"", ""Esengebelekiri"", ""Esengebelekiri"", ""Esengebelekiri"", ""Esengebelekiri"", ""Esengebelekiri"", ""Esengebelekiri"", ""Esengebelekiri"", ""Esengebelekiri"", ""Esengebelekiri"", ""Esengebelekiri"", ""Esengebelekiri"", ""Esengebelekiri"", ""Esengebelekiri"", ""Esengebelekiri"", ""Kongoma"", ""Kongoma"", ""Kongoma"", ""Kongoma"", ""Kongoma"", ""Kongoma"", ""Kongoma"", ""Kongoma"", ""Kongoma"", ""Kongoma"", ""Kongoma"", ""Kongoma"", ""Kongoma"", ""Kongoma"", ""Kongoma"", ""Kongoma"", ""Agbakiri"", ""Agbakiri"", ""Agbakiri"", ""Agbakiri"", ""Agbakiri"", ""Agbakiri"", ""Agbakiri"", ""Agbakiri"", ""Agbakiri"", ""Agbakiri"", ""Agbakiri"", ""Agbakiri"", ""Agbakiri"", ""Agbakiri"", ""Agbakiri"", ""Agbakiri"", ""Iwokiri"", ""Iwokiri"", ""Iwokiri"", ""Iwokiri"", ""Iwokiri"", ""Iwokiri"", ""Iwokiri"", ""Iwokiri"", ""Iwokiri"", ""Iwokiri"", ""Iwokiri"", ""Iwokiri"", ""Iwokiri"", ""Iwokiri"", ""Iwokiri"", ""Iwokiri"", ""Estherkiri"", ""Estherkiri"", ""Estherkiri"", ""Estherkiri"", ""Estherkiri"", ""Estherkiri"", ""Estherkiri"", ""Estherkiri"", ""Estherkiri"", ""Estherkiri"", ""Estherkiri"", ""Estherkiri"", ""Estherkiri"", ""Estherkiri"", ""Estherkiri"", ""Estherkiri"", ""Balo Creek"", ""Balo Creek"", ""Balo Creek"", ""Balo Creek"", ""Balo Creek"", ""Balo Creek"", ""Balo Creek"", ""Balo Creek"", ""Balo Creek"", ""Balo Creek"", ""Balo Creek"", ""Balo Creek"", ""Balo Creek"", ""Balo Creek"", ""Balo Creek"", ""Balo Creek"", ""Segikiri"", ""Segikiri"", ""Segikiri"", ""Segikiri"", ""Segikiri"", ""Segikiri"", ""Segikiri"", ""Segikiri"", ""Segikiri"", ""Segikiri"", ""Segikiri"", ""Segikiri"", ""Segikiri"", ""Segikiri"", ""Segikiri"", ""Segikiri"", ""Barapakama Creek"", ""Barapakama Creek"", ""Barapakama Creek"", ""Barapakama Creek"", ""Barapakama Creek"", ""Barapakama Creek"", ""Barapakama Creek"", ""Barapakama Creek"", ""Barapakama Creek"", ""Barapakama Creek"", ""Barapakama Creek"", ""Barapakama Creek"", ""Barapakama Creek"", ""Barapakama Creek"", ""Barapakama Creek"", ""Barapakama Creek"", ""Barapakama"", ""Barapakama"", ""Barapakama"", ""Barapakama"", ""Barapakama"", ""Barapakama"", ""Barapakama"", ""Barapakama"", ""Barapakama"", ""Barapakama"", ""Barapakama"", ""Barapakama"", ""Barapakama"", ""Barapakama"", ""Barapakama"", ""Barapakama"", ""Ilolo"", ""Ilolo"", ""Ilolo"", ""Ilolo"", ""Ilolo"", ""Ilolo"", ""Ilolo"", ""Ilolo"", ""Ilolo"", ""Ilolo"", ""Ilolo"", ""Ilolo"", ""Ilolo"", ""Ilolo"", ""Ilolo"", ""Ilolo"", ""Jacobkiri"", ""Jacobkiri"", ""Jacobkiri"", ""Jacobkiri"", ""Jacobkiri"", ""Jacobkiri"", ""Jacobkiri"", ""Jacobkiri"", ""Jacobkiri"", ""Jacobkiri"", ""Jacobkiri"", ""Jacobkiri"", ""Jacobkiri"", ""Jacobkiri"", ""Jacobkiri"", ""Jacobkiri"", ""Alalabo Obenikiri"", ""Alalabo Obenikiri"", ""Alalabo Obenikiri"", ""Alalabo Obenikiri"", ""Alalabo Obenikiri"", ""Alalabo Obenikiri"", ""Alalabo Obenikiri"", ""Alalabo Obenikiri"", ""Alalabo Obenikiri"", ""Alalabo Obenikiri"", ""Alalabo Obenikiri"", ""Alalabo Obenikiri"", ""Alalabo Obenikiri"", ""Alalabo Obenikiri"", ""Alalabo Obenikiri"", ""Alalabo Obenikiri"", ""Bankikiri"", ""Bankikiri"", ""Bankikiri"", ""Bankikiri"", ""Bankikiri"", ""Bankikiri"", ""Bankikiri"", ""Bankikiri"", ""Bankikiri"", ""Bankikiri"", ""Bankikiri"", ""Bankikiri"", ""Bankikiri"", ""Bankikiri"", ""Bankikiri"", ""Bankikiri"", ""Abereyebia"", ""Abereyebia"", ""Abereyebia"", ""Abereyebia"", ""Abereyebia"", ""Abereyebia"", ""Abereyebia"", ""Abereyebia"", ""Abereyebia"", ""Abereyebia"", ""Abereyebia"", ""Abereyebia"", ""Abereyebia"", ""Abereyebia"", ""Abereyebia"", ""Abereyebia"", ""Kiriburuje"", ""Kiriburuje"", ""Kiriburuje"", ""Kiriburuje"", ""Kiriburuje"", ""Kiriburuje"", ""Kiriburuje"", ""Kiriburuje"", ""Kiriburuje"", ""Kiriburuje"", ""Kiriburuje"", ""Kiriburuje"", ""Kiriburuje"", ""Kiriburuje"", ""Kiriburuje"", ""Kiriburuje"", ""Klamasiri"", ""Klamasiri"", ""Klamasiri"", ""Klamasiri"", ""Klamasiri"", ""Klamasiri"", ""Klamasiri"", ""Klamasiri"", ""Klamasiri"", ""Klamasiri"", ""Klamasiri"", ""Klamasiri"", ""Klamasiri"", ""Klamasiri"", ""Klamasiri"", ""Klamasiri"", ""Kala Onongi"", ""Kala Onongi"", ""Kala Onongi"", ""Kala Onongi"", ""Kala Onongi"", ""Kala Onongi"", ""Kala Onongi"", ""Kala Onongi"", ""Kala Onongi"", ""Kala Onongi"", ""Kala Onongi"", ""Kala Onongi"", ""Kala Onongi"", ""Kala Onongi"", ""Kala Onongi"", ""Kala Onongi"", ""Egbeboko"", ""Egbeboko"", ""Egbeboko"", ""Egbeboko"", ""Egbeboko"", ""Egbeboko"", ""Egbeboko"", ""Egbeboko"", ""Egbeboko"", ""Egbeboko"", ""Egbeboko"", ""Egbeboko"", ""Egbeboko"", ""Egbeboko"", ""Egbeboko"", ""Egbeboko"", ""Opu Onongi"", ""Opu Onongi"", ""Opu Onongi"", ""Opu Onongi"", ""Opu Onongi"", ""Opu Onongi"", ""Opu Onongi"", ""Opu Onongi"", ""Opu Onongi"", ""Opu Onongi"", ""Opu Onongi"", ""Opu Onongi"", ""Opu Onongi"", ""Opu Onongi"", ""Opu Onongi"", ""Opu Onongi"", ""Egorobiti"", ""Egorobiti"", ""Egorobiti"", ""Egorobiti"", ""Egorobiti"", ""Egorobiti"", ""Egorobiti"", ""Egorobiti"", ""Egorobiti"", ""Egorobiti"", ""Egorobiti"", ""Egorobiti"", ""Egorobiti"", ""Egorobiti"", ""Egorobiti"", ""Egorobiti"", ""Egoribiri Creek"", ""Egoribiri Creek"", ""Egoribiri Creek"", ""Egoribiri Creek"", ""Egoribiri Creek"", ""Egoribiri Creek"", ""Egoribiri Creek"", ""Egoribiri Creek"", ""Egoribiri Creek"", ""Egoribiri Creek"", ""Egoribiri Creek"", ""Egoribiri Creek"", ""Egoribiri Creek"", ""Egoribiri Creek"", ""Egoribiri Creek"", ""Egoribiri Creek"", ""Bikkiri"", ""Bikkiri"", ""Bikkiri"", ""Bikkiri"", ""Bikkiri"", ""Bikkiri"", ""Bikkiri"", ""Bikkiri"", ""Bikkiri"", ""Bikkiri"", ""Bikkiri"", ""Bikkiri"", ""Bikkiri"", ""Bikkiri"", ""Bikkiri"", ""Bikkiri"", ""Sego Creek"", ""Sego Creek"", ""Sego Creek"", ""Sego Creek"", ""Sego Creek"", ""Sego Creek"", ""Sego Creek"", ""Sego Creek"", ""Sego Creek"", ""Sego Creek"", ""Sego Creek"", ""Sego Creek"", ""Sego Creek"", ""Sego Creek"", ""Sego Creek"", ""Sego Creek"", ""Ngojikiri"", ""Ngojikiri"", ""Ngojikiri"", ""Ngojikiri"", ""Ngojikiri"", ""Ngojikiri"", ""Ngojikiri"", ""Ngojikiri"", ""Ngojikiri"", ""Ngojikiri"", ""Ngojikiri"", ""Ngojikiri"", ""Ngojikiri"", ""Ngojikiri"", ""Ngojikiri"", ""Ngojikiri"", ""Festuskiri"", ""Festuskiri"", ""Festuskiri"", ""Festuskiri"", ""Festuskiri"", ""Festuskiri"", ""Festuskiri"", ""Festuskiri"", ""Festuskiri"", ""Festuskiri"", ""Festuskiri"", ""Festuskiri"", ""Festuskiri"", ""Festuskiri"", ""Festuskiri"", ""Festuskiri"", ""Onongisuo"", ""Onongisuo"", ""Onongisuo"", ""Onongisuo"", ""Onongisuo"", ""Onongisuo"", ""Onongisuo"", ""Onongisuo"", ""Onongisuo"", ""Onongisuo"", ""Onongisuo"", ""Onongisuo"", ""Onongisuo"", ""Onongisuo"", ""Onongisuo"", ""Onongisuo"", ""Onangisuo"", ""Onangisuo"", ""Onangisuo"", ""Onangisuo"", ""Onangisuo"", ""Onangisuo"", ""Onangisuo"", ""Onangisuo"", ""Onangisuo"", ""Onangisuo"", ""Onangisuo"", ""Onangisuo"", ""Onangisuo"", ""Onangisuo"", ""Onangisuo"", ""Onangisuo"", ""Okparakiri"", ""Okparakiri"", ""Okparakiri"", ""Okparakiri"", ""Okparakiri"", ""Okparakiri"", ""Okparakiri"", ""Okparakiri"", ""Okparakiri"", ""Okparakiri"", ""Okparakiri"", ""Okparakiri"", ""Okparakiri"", ""Okparakiri"", ""Okparakiri"", ""Okparakiri"", ""Robertkiri"", ""Robertkiri"", ""Robertkiri"", ""Robertkiri"", ""Robertkiri"", ""Robertkiri"", ""Robertkiri"", ""Robertkiri"", ""Robertkiri"", ""Robertkiri"", ""Robertkiri"", ""Robertkiri"", ""Robertkiri"", ""Robertkiri"", ""Robertkiri"", ""Robertkiri"", ""Okoroboko"", ""Okoroboko"", ""Okoroboko"", ""Okoroboko"", ""Okoroboko"", ""Okoroboko"", ""Okoroboko"", ""Okoroboko"", ""Okoroboko"", ""Okoroboko"", ""Okoroboko"", ""Okoroboko"", ""Okoroboko"", ""Okoroboko"", ""Okoroboko"", ""Okoroboko"", ""Odibokiri"", ""Odibokiri"", ""Odibokiri"", ""Odibokiri"", ""Odibokiri"", ""Odibokiri"", ""Odibokiri"", ""Odibokiri"", ""Odibokiri"", ""Odibokiri"", ""Odibokiri"", ""Odibokiri"", ""Odibokiri"", ""Odibokiri"", ""Odibokiri"", ""Odibokiri"", ""Gold Coast"", ""Gold Coast"", ""Gold Coast"", ""Gold Coast"", ""Gold Coast"", ""Gold Coast"", ""Gold Coast"", ""Gold Coast"", ""Gold Coast"", ""Gold Coast"", ""Gold Coast"", ""Gold Coast"", ""Gold Coast"", ""Gold Coast"", ""Gold Coast"", ""Gold Coast"", ""Bankkiri"", ""Bankkiri"", ""Bankkiri"", ""Bankkiri"", ""Bankkiri"", ""Bankkiri"", ""Bankkiri"", ""Bankkiri"", ""Bankkiri"", ""Bankkiri"", ""Bankkiri"", ""Bankkiri"", ""Bankkiri"", ""Bankkiri"", ""Bankkiri"", ""Bankkiri"", ""Ababoko"", ""Ababoko"", ""Ababoko"", ""Ababoko"", ""Ababoko"", ""Ababoko"", ""Ababoko"", ""Ababoko"", ""Ababoko"", ""Ababoko"", ""Ababoko"", ""Ababoko"", ""Ababoko"", ""Ababoko"", ""Ababoko"", ""Ababoko"", ""Bitekiri"", ""Bitekiri"", ""Bitekiri"", ""Bitekiri"", ""Bitekiri"", ""Bitekiri"", ""Bitekiri"", ""Bitekiri"", ""Bitekiri"", ""Bitekiri"", ""Bitekiri"", ""Bitekiri"", ""Bitekiri"", ""Bitekiri"", ""Bitekiri"", ""Bitekiri"", ""Johnkiri"", ""Johnkiri"", ""Johnkiri"", ""Johnkiri"", ""Johnkiri"", ""Johnkiri"", ""Johnkiri"", ""Johnkiri"", ""Johnkiri"", ""Johnkiri"", ""Johnkiri"", ""Johnkiri"", ""Johnkiri"", ""Johnkiri"", ""Johnkiri"", ""Johnkiri"", ""Ekulama"", ""Ekulama"", ""Ekulama"", ""Ekulama"", ""Ekulama"", ""Ekulama"", ""Ekulama"", ""Ekulama"", ""Ekulama"", ""Ekulama"", ""Ekulama"", ""Ekulama"", ""Ekulama"", ""Ekulama"", ""Ekulama"", ""Ekulama"", ""Profitkiri"", ""Profitkiri"", ""Profitkiri"", ""Profitkiri"", ""Profitkiri"", ""Profitkiri"", ""Profitkiri"", ""Profitkiri"", ""Profitkiri"", ""Profitkiri"", ""Profitkiri"", ""Profitkiri"", ""Profitkiri"", ""Profitkiri"", ""Profitkiri"", ""Profitkiri"", ""Eddykiri"", ""Eddykiri"", ""Eddykiri"", ""Eddykiri"", ""Eddykiri"", ""Eddykiri"", ""Eddykiri"", ""Eddykiri"", ""Eddykiri"", ""Eddykiri"", ""Eddykiri"", ""Eddykiri"", ""Eddykiri"", ""Eddykiri"", ""Eddykiri"", ""Eddykiri"", ""Obokofina"", ""Obokofina"", ""Obokofina"", ""Obokofina"", ""Obokofina"", ""Obokofina"", ""Obokofina"", ""Obokofina"", ""Obokofina"", ""Obokofina"", ""Obokofina"", ""Obokofina"", ""Obokofina"", ""Obokofina"", ""Obokofina"", ""Obokofina"", ""Ekwilema"", ""Ekwilema"", ""Ekwilema"", ""Ekwilema"", ""Ekwilema"", ""Ekwilema"", ""Ekwilema"", ""Ekwilema"", ""Ekwilema"", ""Ekwilema"", ""Ekwilema"", ""Ekwilema"", ""Ekwilema"", ""Ekwilema"", ""Ekwilema"", ""Ekwilema"", ""Kirikakiri"", ""Kirikakiri"", ""Kirikakiri"", ""Kirikakiri"", ""Kirikakiri"", ""Kirikakiri"", ""Kirikakiri"", ""Kirikakiri"", ""Kirikakiri"", ""Kirikakiri"", ""Kirikakiri"", ""Kirikakiri"", ""Kirikakiri"", ""Kirikakiri"", ""Kirikakiri"", ""Kirikakiri"", ""Fredkiri"", ""Fredkiri"", ""Fredkiri"", ""Fredkiri"", ""Fredkiri"", ""Fredkiri"", ""Fredkiri"", ""Fredkiri"", ""Fredkiri"", ""Fredkiri"", ""Fredkiri"", ""Fredkiri"", ""Fredkiri"", ""Fredkiri"", ""Fredkiri"", ""Fredkiri"", ""Kra Kra Creek"", ""Kra Kra Creek"", ""Kra Kra Creek"", ""Kra Kra Creek"", ""Kra Kra Creek"", ""Kra Kra Creek"", ""Kra Kra Creek"", ""Kra Kra Creek"", ""Kra Kra Creek"", ""Kra Kra Creek"", ""Kra Kra Creek"", ""Kra Kra Creek"", ""Kra Kra Creek"", ""Kra Kra Creek"", ""Kra Kra Creek"", ""Kra Kra Creek"", ""Dariama"", ""Dariama"", ""Dariama"", ""Dariama"", ""Dariama"", ""Dariama"", ""Dariama"", ""Dariama"", ""Dariama"", ""Dariama"", ""Dariama"", ""Dariama"", ""Dariama"", ""Dariama"", ""Dariama"", ""Dariama"", ""Opukiri"", ""Opukiri"", ""Opukiri"", ""Opukiri"", ""Opukiri"", ""Opukiri"", ""Opukiri"", ""Opukiri"", ""Opukiri"", ""Opukiri"", ""Opukiri"", ""Opukiri"", ""Opukiri"", ""Opukiri"", ""Opukiri"", ""Opukiri"", ""Oruwaritorugono Cre"", ""Oruwaritorugono Cre"", ""Oruwaritorugono Cre"", ""Oruwaritorugono Cre"", ""Oruwaritorugono Cre"", ""Oruwaritorugono Cre"", ""Oruwaritorugono Cre"", ""Oruwaritorugono Cre"", ""Oruwaritorugono Cre"", ""Oruwaritorugono Cre"", ""Oruwaritorugono Cre"", ""Oruwaritorugono Cre"", ""Oruwaritorugono Cre"", ""Oruwaritorugono Cre"", ""Oruwaritorugono Cre"", ""Oruwaritorugono Cre"", ""Idama"", ""Idama"", ""Idama"", ""Idama"", ""Idama"", ""Idama"", ""Idama"", ""Idama"", ""Idama"", ""Idama"", ""Idama"", ""Idama"", ""Idama"", ""Idama"", ""Idama"", ""Idama"", ""River Ogboma"", ""River Ogboma"", ""River Ogboma"", ""River Ogboma"", ""River Ogboma"", ""River Ogboma"", ""River Ogboma"", ""River Ogboma"", ""River Ogboma"", ""River Ogboma"", ""River Ogboma"", ""River Ogboma"", ""River Ogboma"", ""River Ogboma"", ""River Ogboma"", ""River Ogboma"", ""Old Sangama"", ""Old Sangama"", ""Old Sangama"", ""Old Sangama"", ""Old Sangama"", ""Old Sangama"", ""Old Sangama"", ""Old Sangama"", ""Old Sangama"", ""Old Sangama"", ""Old Sangama"", ""Old Sangama"", ""Old Sangama"", ""Old Sangama"", ""Old Sangama"", ""Old Sangama"", ""Ijawkiri"", ""Ijawkiri"", ""Ijawkiri"", ""Ijawkiri"", ""Ijawkiri"", ""Ijawkiri"", ""Ijawkiri"", ""Ijawkiri"", ""Ijawkiri"", ""Ijawkiri"", ""Ijawkiri"", ""Ijawkiri"", ""Ijawkiri"", ""Ijawkiri"", ""Ijawkiri"", ""Ijawkiri"", ""Egorobiri Creek"", ""Egorobiri Creek"", ""Egorobiri Creek"", ""Egorobiri Creek"", ""Egorobiri Creek"", ""Egorobiri Creek"", ""Egorobiri Creek"", ""Egorobiri Creek"", ""Egorobiri Creek"", ""Egorobiri Creek"", ""Egorobiri Creek"", ""Egorobiri Creek"", ""Egorobiri Creek"", ""Egorobiri Creek"", ""Egorobiri Creek"", ""Egorobiri Creek"", ""Lelekiri"", ""Lelekiri"", ""Lelekiri"", ""Lelekiri"", ""Lelekiri"", ""Lelekiri"", ""Lelekiri"", ""Lelekiri"", ""Lelekiri"", ""Lelekiri"", ""Lelekiri"", ""Lelekiri"", ""Lelekiri"", ""Lelekiri"", ""Lelekiri"", ""Lelekiri"", ""Lily Point"", ""Lily Point"", ""Lily Point"", ""Lily Point"", ""Lily Point"", ""Lily Point"", ""Lily Point"", ""Lily Point"", ""Lily Point"", ""Lily Point"", ""Lily Point"", ""Lily Point"", ""Lily Point"", ""Lily Point"", ""Lily Point"", ""Lily Point"", ""Dokubokiri"", ""Dokubokiri"", ""Dokubokiri"", ""Dokubokiri"", ""Dokubokiri"", ""Dokubokiri"", ""Dokubokiri"", ""Dokubokiri"", ""Dokubokiri"", ""Dokubokiri"", ""Dokubokiri"", ""Dokubokiri"", ""Dokubokiri"", ""Dokubokiri"", ""Dokubokiri"", ""Dokubokiri"", ""Orusangama"", ""Orusangama"", ""Orusangama"", ""Orusangama"", ""Orusangama"", ""Orusangama"", ""Orusangama"", ""Orusangama"", ""Orusangama"", ""Orusangama"", ""Orusangama"", ""Orusangama"", ""Orusangama"", ""Orusangama"", ""Orusangama"", ""Orusangama"", ""Soku"", ""Soku"", ""Soku"", ""Soku"", ""Soku"", ""Soku"", ""Soku"", ""Soku"", ""Soku"", ""Soku"", ""Soku"", ""Soku"", ""Soku"", ""Soku"", ""Soku"", ""Soku"", ""Ejesiri Creek"", ""Ejesiri Creek"", ""Ejesiri Creek"", ""Ejesiri Creek"", ""Ejesiri Creek"", ""Ejesiri Creek"", ""Ejesiri Creek"", ""Ejesiri Creek"", ""Ejesiri Creek"", ""Ejesiri Creek"", ""Ejesiri Creek"", ""Ejesiri Creek"", ""Ejesiri Creek"", ""Ejesiri Creek"", ""Ejesiri Creek"", ""Ejesiri Creek"", ""Atabalamasiri Creek"", ""Atabalamasiri Creek"", ""Atabalamasiri Creek"", ""Atabalamasiri Creek"", ""Atabalamasiri Creek"", ""Atabalamasiri Creek"", ""Atabalamasiri Creek"", ""Atabalamasiri Creek"", ""Atabalamasiri Creek"", ""Atabalamasiri Creek"", ""Atabalamasiri Creek"", ""Atabalamasiri Creek"", ""Atabalamasiri Creek"", ""Atabalamasiri Creek"", ""Atabalamasiri Creek"", ""Atabalamasiri Creek"", ""Erisekiri"", ""Erisekiri"", ""Erisekiri"", ""Erisekiri"", ""Erisekiri"", ""Erisekiri"", ""Erisekiri"", ""Erisekiri"", ""Erisekiri"", ""Erisekiri"", ""Erisekiri"", ""Erisekiri"", ""Erisekiri"", ""Erisekiri"", ""Erisekiri"", ""Erisekiri"", ""Otukukiri"", ""Otukukiri"", ""Otukukiri"", ""Otukukiri"", ""Otukukiri"", ""Otukukiri"", ""Otukukiri"", ""Otukukiri"", ""Otukukiri"", ""Otukukiri"", ""Otukukiri"", ""Otukukiri"", ""Otukukiri"", ""Otukukiri"", ""Otukukiri"", ""Otukukiri"", ""Obonoma"", ""Obonoma"", ""Obonoma"", ""Obonoma"", ""Obonoma"", ""Obonoma"", ""Obonoma"", ""Obonoma"", ""Obonoma"", ""Obonoma"", ""Obonoma"", ""Obonoma"", ""Obonoma"", ""Obonoma"", ""Obonoma"", ""Obonoma"", ""Abonnema"", ""Abonnema"", ""Abonnema"", ""Abonnema"", ""Abonnema"", ""Abonnema"", ""Abonnema"", ""Abonnema"", ""Abonnema"", ""Abonnema"", ""Abonnema"", ""Abonnema"", ""Abonnema"", ""Abonnema"", ""Abonnema"", ""Abonnema"", ""Erisekiri"", ""Erisekiri"", ""Erisekiri"", ""Erisekiri"", ""Erisekiri"", ""Erisekiri"", ""Erisekiri"", ""Erisekiri"", ""Erisekiri"", ""Erisekiri"", ""Erisekiri"", ""Erisekiri"", ""Erisekiri"", ""Erisekiri"", ""Erisekiri"", ""Erisekiri"", ""Olokolo Creek"", ""Olokolo Creek"", ""Olokolo Creek"", ""Olokolo Creek"", ""Olokolo Creek"", ""Olokolo Creek"", ""Olokolo Creek"", ""Olokolo Creek"", ""Olokolo Creek"", ""Olokolo Creek"", ""Olokolo Creek"", ""Olokolo Creek"", ""Olokolo Creek"", ""Olokolo Creek"", ""Olokolo Creek"", ""Olokolo Creek"", ""Apambiakiri"", ""Apambiakiri"", ""Apambiakiri"", ""Apambiakiri"", ""Apambiakiri"", ""Apambiakiri"", ""Apambiakiri"", ""Apambiakiri"", ""Apambiakiri"", ""Apambiakiri"", ""Apambiakiri"", ""Apambiakiri"", ""Apambiakiri"", ""Apambiakiri"", ""Apambiakiri"", ""Apambiakiri"", ""Arusukiri"", ""Arusukiri"", ""Arusukiri"", ""Arusukiri"", ""Arusukiri"", ""Arusukiri"", ""Arusukiri"", ""Arusukiri"", ""Arusukiri"", ""Arusukiri"", ""Arusukiri"", ""Arusukiri"", ""Arusukiri"", ""Arusukiri"", ""Arusukiri"", ""Arusukiri"", ""Mamikiri"", ""Mamikiri"", ""Mamikiri"", ""Mamikiri"", ""Mamikiri"", ""Mamikiri"", ""Mamikiri"", ""Mamikiri"", ""Mamikiri"", ""Mamikiri"", ""Mamikiri"", ""Mamikiri"", ""Mamikiri"", ""Mamikiri"", ""Mamikiri"", ""Mamikiri"", ""Abonnema"", ""Abonnema"", ""Abonnema"", ""Abonnema"", ""Abonnema"", ""Abonnema"", ""Abonnema"", ""Abonnema"", ""Abonnema"", ""Abonnema"", ""Abonnema"", ""Abonnema"", ""Abonnema"", ""Abonnema"", ""Abonnema"", ""Abonnema"", ""Abonema"", ""Abonema"", ""Abonema"", ""Abonema"", ""Abonema"", ""Abonema"", ""Abonema"", ""Abonema"", ""Abonema"", ""Abonema"", ""Abonema"", ""Abonema"", ""Abonema"", ""Abonema"", ""Abonema"", ""Abonema"", ""Obokiri"", ""Obokiri"", ""Obokiri"", ""Obokiri"", ""Obokiri"", ""Obokiri"", ""Obokiri"", ""Obokiri"", ""Obokiri"", ""Obokiri"", ""Obokiri"", ""Obokiri"", ""Obokiri"", ""Obokiri"", ""Obokiri"", ""Obokiri"", ""Ojiama"", ""Ojiama"", ""Ojiama"", ""Ojiama"", ""Ojiama"", ""Ojiama"", ""Ojiama"", ""Ojiama"", ""Ojiama"", ""Ojiama"", ""Ojiama"", ""Ojiama"", ""Ojiama"", ""Ojiama"", ""Ojiama"", ""Ojiama"", ""Okpotuboh"", ""Okpotuboh"", ""Okpotuboh"", ""Okpotuboh"", ""Okpotuboh"", ""Okpotuboh"", ""Okpotuboh"", ""Okpotuboh"", ""Okpotuboh"", ""Okpotuboh"", ""Okpotuboh"", ""Okpotuboh"", ""Okpotuboh"", ""Okpotuboh"", ""Okpotuboh"", ""Okpotuboh"", ""River Orashi"", ""River Orashi"", ""River Orashi"", ""River Orashi"", ""River Orashi"", ""River Orashi"", ""River Orashi"", ""River Orashi"", ""River Orashi"", ""River Orashi"", ""River Orashi"", ""River Orashi"", ""River Orashi"", ""River Orashi"", ""River Orashi"", ""River Orashi"", ""River Engenni"", ""River Engenni"", ""River Engenni"", ""River Engenni"", ""River Engenni"", ""River Engenni"", ""River Engenni"", ""River Engenni"", ""River Engenni"", ""River Engenni"", ""River Engenni"", ""River Engenni"", ""River Engenni"", ""River Engenni"", ""River Engenni"", ""River Engenni"", ""Engenni River"", ""Engenni River"", ""Engenni River"", ""Engenni River"", ""Engenni River"", ""Engenni River"", ""Engenni River"", ""Engenni River"", ""Engenni River"", ""Engenni River"", ""Engenni River"", ""Engenni River"", ""Engenni River"", ""Engenni River"", ""Engenni River"", ""Engenni River"", ""Orashi"", ""Orashi"", ""Orashi"", ""Orashi"", ""Orashi"", ""Orashi"", ""Orashi"", ""Orashi"", ""Orashi"", ""Orashi"", ""Orashi"", ""Orashi"", ""Orashi"", ""Orashi"", ""Orashi"", ""Orashi"", ""Engenni Creek"", ""Engenni Creek"", ""Engenni Creek"", ""Engenni Creek"", ""Engenni Creek"", ""Engenni Creek"", ""Engenni Creek"", ""Engenni Creek"", ""Engenni Creek"", ""Engenni Creek"", ""Engenni Creek"", ""Engenni Creek"", ""Engenni Creek"", ""Engenni Creek"", ""Engenni Creek"", ""Engenni Creek"", ""Orashi River"", ""Orashi River"", ""Orashi River"", ""Orashi River"", ""Orashi River"", ""Orashi River"", ""Orashi River"", ""Orashi River"", ""Orashi River"", ""Orashi River"", ""Orashi River"", ""Orashi River"", ""Orashi River"", ""Orashi River"", ""Orashi River"", ""Orashi River"", ""Akokogiri"", ""Akokogiri"", ""Akokogiri"", ""Akokogiri"", ""Akokogiri"", ""Akokogiri"", ""Akokogiri"", ""Akokogiri"", ""Akokogiri"", ""Akokogiri"", ""Akokogiri"", ""Akokogiri"", ""Akokogiri"", ""Akokogiri"", ""Akokogiri"", ""Akokogiri"", ""Krakrama"", ""Krakrama"", ""Krakrama"", ""Krakrama"", ""Krakrama"", ""Krakrama"", ""Krakrama"", ""Krakrama"", ""Krakrama"", ""Krakrama"", ""Krakrama"", ""Krakrama"", ""Krakrama"", ""Krakrama"", ""Krakrama"", ""Krakrama"", ""Gbasiko Creek"", ""Gbasiko Creek"", ""Gbasiko Creek"", ""Gbasiko Creek"", ""Gbasiko Creek"", ""Gbasiko Creek"", ""Gbasiko Creek"", ""Gbasiko Creek"", ""Gbasiko Creek"", ""Gbasiko Creek"", ""Gbasiko Creek"", ""Gbasiko Creek"", ""Gbasiko Creek"", ""Gbasiko Creek"", ""Gbasiko Creek"", ""Gbasiko Creek"", ""Asafia"", ""Asafia"", ""Asafia"", ""Asafia"", ""Asafia"", ""Asafia"", ""Asafia"", ""Asafia"", ""Asafia"", ""Asafia"", ""Asafia"", ""Asafia"", ""Asafia"", ""Asafia"", ""Asafia"", ""Asafia"", ""Apokobem"", ""Apokobem"", ""Apokobem"", ""Apokobem"", ""Apokobem"", ""Apokobem"", ""Apokobem"", ""Apokobem"", ""Apokobem"", ""Apokobem"", ""Apokobem"", ""Apokobem"", ""Apokobem"", ""Apokobem"", ""Apokobem"", ""Apokobem"", ""Ibibio Palm Tapper"", ""Ibibio Palm Tapper"", ""Ibibio Palm Tapper"", ""Ibibio Palm Tapper"", ""Ibibio Palm Tapper"", ""Ibibio Palm Tapper"", ""Ibibio Palm Tapper"", ""Ibibio Palm Tapper"", ""Ibibio Palm Tapper"", ""Ibibio Palm Tapper"", ""Ibibio Palm Tapper"", ""Ibibio Palm Tapper"", ""Ibibio Palm Tapper"", ""Ibibio Palm Tapper"", ""Ibibio Palm Tapper"", ""Ibibio Palm Tapper""]",Source polygon component; not independently named as an island or proof of complete physical land coverage.
gb:NGA:ADM2:59680162B59497895637604,Onitsha South,geoBoundaries NGA ADM2 2022,Local Government Area,Onitsha South,,0,1,True,8.356525,"[6.757916736568177, 6.127044298855367, 6.792389740793965, 6.155804634076674]",,,Pinned source component; no independent named-island or complete physical land assessment.
gb:NGA:ADM2:59680162B59497895637604,Onitsha South,current OCHA COD-AB NGA ADM2,Local Government Area,Onitsha South,NG004018,0,1,True,9.919531,"[6.755804127999966, 6.12171558700004, 6.79082244000017, 6.155804660000172]",2,"[""Onicha"", ""Onitsha""]",Source polygon component; not independently named as an island or proof of complete physical land coverage.
gb:NGA:ADM2:59680162B59739898555342,Mbatoli,geoBoundaries NGA ADM2 2022,Local Government Area,Mbatoli,,0,1,True,173.386759,"[6.955163000372238, 5.520470662391233, 7.162094206282632, 5.652618660822611]",,,Pinned source component; no independent named-island or complete physical land assessment.
gb:NGA:ADM2:59680162B59739898555342,Mbatoli,current OCHA COD-AB NGA ADM2,Local Government Area,Mbaitoli,NG017011,0,1,True,199.993831,"[6.928720572000032, 5.523222196000063, 7.122473998000146, 5.675284175000058]",26,"[""Ubomiri"", ""Ubomini"", ""Ohi"", ""Obaku"", ""Ogbaku"", ""Uzele-Ogbaku"", ""Ohoba"", ""Okwu-Ogbaku"", ""Obazu"", ""Awo"", ""Mbieri"", ""Ifakala"", ""Umuonuma"", ""Orieubi"", ""Nkwesi"", ""Azara"", ""Ekwerazu-Ogwa"", ""Orieama"", ""Orodo"", ""Ihitte Ogwa"", ""Umunoha"", ""Eziama-Obiato"", ""Idem Ogwa"", ""Amaebu Ogwa"", ""Ogwa"", ""Umuebe Ogwa""]",Source polygon component; not independently named as an island or proof of complete physical land coverage.
gb:NGA:ADM2:59680162B60219664923389,Gokana,geoBoundaries NGA ADM2 2022,Local Government Area,Gokana,,0,1,True,132.030313,"[7.227187019965072, 4.5600519896077, 7.36095738367635, 4.710089666405054]",,,Pinned source component; no independent named-island or complete physical land assessment.
gb:NGA:ADM2:59680162B60219664923389,Gokana,current OCHA COD-AB NGA ADM2,Local Government Area,Gokana,NG033012,0,1,True,132.742404,"[7.226068593999969, 4.596272034000037, 7.356049213000119, 4.729320048000034]",21,"[""Kibani"", ""Bodo"", ""Bodo"", ""Gbe"", ""Bomu"", ""Mogho"", ""Kpor"", ""Bela"", ""Dere"", ""Kaobara"", ""Barako"", ""Baranyonwa Dere"", ""Biara"", ""Nwabia"", ""Deyor"", ""Bogor"", ""Yeghe"", ""Yeght"", ""Kpopie"", ""Makgbor Stream"", ""Deken""]",Source polygon component; not independently named as an island or proof of complete physical land coverage.
gb:NGA:ADM2:59680162B61116944198945,Ogbia,geoBoundaries NGA ADM2 2022,Local Government Area,Ogbia,,0,1,True,693.374988,"[6.196331023557946, 4.619801997564196, 6.461060046683883, 4.981634139603898]",,,Pinned source component; no independent named-island or complete physical land assessment.
gb:NGA:ADM2:59680162B61116944198945,Ogbia,current OCHA COD-AB NGA ADM2,Local Government Area,Ogbia,NG006005,0,1,True,678.138099,"[6.196331139000051, 4.619802027000105, 6.461059938000176, 4.981634116000123]",68,"[""Akipelai"", ""Agudama"", ""Awiakalakala"", ""Amakalakala"", ""Okponama"", ""Ogbomama"", ""Opomatobo"", ""Ilogiama"", ""Elogiama"", ""Oloibiri"", ""Olobiri"", ""Ibobio"", ""Okodugu"", ""Okodogu"", ""Iyalakiri"", ""Olobiri Island"", ""Oloibiri Island"", ""Abobiri"", ""Ekpeinbiri"", ""Amadugama"", ""Kolo Creek"", ""Okpiniama"", ""Abulabiri"", ""Okpokiri"", ""Ogbia"", ""Akalabagi"", ""Akalabaga"", ""Waribugoama"", ""Waribugama"", ""Outar"", ""Ogidiama"", ""Ologanga"", ""Olongaga"", ""Abulabiri"", ""Abilabio"", ""Egelama"", ""Egeleama"", ""Anyama"", ""Ewoi"", ""Egbedama"", ""Egbedeama"", ""Amurukeni"", ""Otueke"", ""Otuaka"", ""Odobio"", ""Kala Kolo"", ""Opu Kolo"", ""Sangatama"", ""Sangabama"", ""Alagbafame"", ""Alagbafama"", ""Karama Kolo"", ""Otuogori"", ""Kassikarama"", ""Kala Emeya"", ""Otokpotu"", ""Otokpotua"", ""Otuokpot"", ""Opu Emeya"", ""Imiringi"", ""Elebele"", ""Oruma"", ""Uruama"", ""Otuasiga"", ""Otuassiga"", ""Ibelebiri"", ""Ebelibri"", ""Otegwe""]",Source polygon component; not independently named as an island or proof of complete physical land coverage.
gb:NGA:ADM2:59680162B61451583552190,Ngor-Okpala,geoBoundaries NGA ADM2 2022,Local Government Area,Ngor-Okpala,,0,1,True,523.097848,"[7.003047999865373, 5.19455194531605, 7.300154970175754, 5.46733506556086]",,,Pinned source component; no independent named-island or complete physical land assessment.
gb:NGA:ADM2:59680162B61451583552190,Ngor-Okpala,current OCHA COD-AB NGA ADM2,Local Government Area,Ngor-Okpala,NG017012,0,1,True,542.175649,"[6.982706580000183, 5.194551871000101, 7.292040635000035, 5.459472646000108]",45,"[""Alulu"", ""Amala"", ""Umu-Ikoro"", ""Oramirukwa"", ""Oramirukwa, River"", ""Orisaeze"", ""Obokwe"", ""Elelem"", ""Umu Ekwune"", ""Eziama"", ""Ekwuoke"", ""Okpuala"", ""Umuonhie"", ""Obokwe"", ""Obike"", ""Ochicha"", ""Umu Ohie Uku"", ""Umu Ogii"", ""Umuocheala"", ""Umu Neke"", ""Nmu Neke"", ""Ngor"", ""Ohekelem"", ""Obor"", ""Amafor"", ""Umukabia"", ""Umu Ewere"", ""Umu Echem"", ""Umu-Etchem"", ""Egbelu"", ""Omu Oye"", ""Umu Oye"", ""Ihite"", ""Norie"", ""Nguru"", ""Amaibo"", ""Awban"", ""Umu Owa"", ""Umouwa"", ""Umu Nam"", ""Upe"", ""Umu Iago"", ""Umuohiagu"", ""Isuobiangwu"", ""Umu-Oye""]",Source polygon component; not independently named as an island or proof of complete physical land coverage.
gb:NGA:ADM2:59680162B62255786160615,Kogi,geoBoundaries NGA ADM2 2022,Local Government Area,Kogi,,0,1,True,1492.159811,"[6.691258429832715, 7.800436019906442, 7.002655506046835, 8.458870420133849]",,,Pinned source component; no independent named-island or complete physical land assessment.
gb:NGA:ADM2:59680162B62255786160615,Kogi,current OCHA COD-AB NGA ADM2,Local Government Area,Kogi,NG023011,0,1,True,1494.05596,"[6.691258404000052, 7.800436010000112, 7.002655441000059, 8.459377342000153]",82,"[""Swamp Forest Reserve"", ""Koton Karifi Native"", ""Shikaku"", ""Dangerri"", ""Adanouy"", ""Yasisule"", ""Wodata"", ""Gbedege Number 2"", ""Koton Karifi Native"", ""Gbedege Forest Rese"", ""Adama"", ""Oko"", ""Yashiyali"", ""Gbanyada"", ""Gbaroada"", ""Gboroada"", ""Arugaga"", ""Kuma"", ""Zagi"", ""Poto"", ""Kworaki"", ""Abehu"", ""Yelwa"", ""Jinjere"", ""Adaha"", ""Oshere, River"", ""Gabo Escarpment For"", ""Owubu"", ""Gbendu"", ""Koton Karifi"", ""Onzo"", ""Adagaki Escarpment *"", ""Gabo Adagaki Forest"", ""Koton Karifi Native"", ""Sasere"", ""Oji"", ""Ozahi"", ""Rakpaku"", ""Osenseni"", ""Adaoka"", ""Dere"", ""Uhyana"", ""Allah"", ""Gumbo"", ""Bogboru"", ""Agidi"", ""Aciol"", ""Egwogo"", ""Agaraga"", ""Akabo"", ""Orei"", ""Umanyare"", ""Gbobo"", ""Iraki"", ""Gerinya"", ""Tuturu"", ""Gegu"", ""Akpasi"", ""Kusa Da Gida"", ""Tazane"", ""Tawari"", ""Porose"", ""Kwekwere"", ""Bigi"", ""Adabo"", ""Kanama, River"", ""Tegeri"", ""Ofoko Koto"", ""Ofoko Gwari"", ""Tanapu"", ""Igeheko"", ""Adubo"", ""Idu"", ""Acheni"", ""Nyaba"", ""Amoko"", ""Rijia"", ""Iregbeta"", ""Shedemu"", ""Cinkara"", ""Ebagi"", ""Nawaranti""]",Source polygon component; not independently named as an island or proof of complete physical land coverage.
gb:NGA:ADM2:59680162B62313947241233,Wushishi,geoBoundaries NGA ADM2 2022,Local Government Area,Wushishi,,0,1,True,1824.582346,"[5.581430433867467, 9.482196807636626, 6.30670438120228, 9.893507260951367]",,,Pinned source component; no independent named-island or complete physical land assessment.
gb:NGA:ADM2:59680162B62313947241233,Wushishi,current OCHA COD-AB NGA ADM2,Local Government Area,Wushishi,NG027025,0,1,True,1810.903672,"[5.595002525000041, 9.481610976000184, 6.238172559000077, 9.942486664000114]",76,"[""Ganchite"", ""Tokunji"", ""Shaku"", ""Takun Pata"", ""Mekira"", ""Takumpata"", ""Gierkun"", ""Furgigi"", ""Matajia"", ""Jekogi"", ""Kanko, River"", ""New Tangwagi"", ""Sampegi"", ""Makusidi"", ""Gierkun Station"", ""Kapu"", ""Chekwe"", ""Dukusaku"", ""Old Dukusaku"", ""New Dukusaku"", ""Old Tangwagi"", ""Tunwagi"", ""Ndachemomon"", ""Enegi"", ""Dabogi"", ""Mariga, River"", ""Gabuko, River"", ""Kodoko"", ""Kodoke"", ""Kodoko, River"", ""Kodo"", ""Gwarjiko"", ""Dabiri"", ""Maigora"", ""Pati Zurugi Hill"", ""Kanko"", ""Akerre"", ""Zaragi"", ""Kutukpachi"", ""Dankuwagi"", ""Kachegi"", ""Chogi"", ""Tungar Kawo"", ""Tungan Kawo"", ""Bankwagi, River"", ""Kpabugi, River"", ""Buku"", ""Bankogi"", ""Bankwagi"", ""Kutai"", ""Bogi"", ""Wushishi"", ""Banji"", ""Kwata"", ""Madegi"", ""Kaliko"", ""Wushishi Station"", ""Kann"", ""Kurako, River"", ""Shaba, River"", ""Boma Hill"", ""Kanwa"", ""Buwayi, River"", ""Garbai"", ""Gagari"", ""Kutunku"", ""Jangaru, River"", ""Adidi"", ""Zungeru"", ""Rudu"", ""Jiwawa"", ""Ajami"", ""Lelemu"", ""Ingishi, River"", ""Tungan Umoru"", ""Umoru""]",Source polygon component; not independently named as an island or proof of complete physical land coverage.
gb:NGA:ADM2:59680162B6299894636493,Obio/Akpor,geoBoundaries NGA ADM2 2022,Local Government Area,Obio/Akpor,,0,1,True,263.114817,"[6.891383984683216, 4.77313398364646, 7.112798782937546, 4.939174662780488]",,,Pinned source component; no independent named-island or complete physical land assessment.
gb:NGA:ADM2:59680162B6299894636493,Obio/Akpor,current OCHA COD-AB NGA ADM2,Local Government Area,Obia/Akpor,NG033015,0,1,True,257.642389,"[6.893246296000086, 4.787856319000184, 7.152400119000106, 4.93977594100005]",96,"[""Nkbuodahia"", ""Amatangoolo"", ""Obukuru"", ""Mgbuosimiri"", ""Nbuosimiri"", ""Dobu"", ""Diobu"", ""Nkpo"", ""Rumu-Olumene"", ""Umuibekwo"", ""Umuigbekwo"", ""Owofi"", ""Iwofe"", ""Rumu-Ome"", ""Elekohahia Diobu"", ""Ogigba"", ""Ogidigba"", ""Ruromerezigbu"", ""Rurowolukwo"", ""Rumuwaji"", ""Umuapirikom"", ""Rumu-Opirikom"", ""Umuopirikom"", ""Rumuola"", ""Egbelu"", ""Umumasi"", ""Rumumasi"", ""Rumu-Ola"", ""Umuolo"", ""Obukuru"", ""Aleparawan"", ""Obia"", ""Rumurolu"", ""Rumu-Chita"", ""Umuochita"", ""Umuchitta"", ""Elelewon"", ""Elelenwa"", ""Kalabukuru"", ""Ogbogoro"", ""Umuigbo"", ""Umuigbo"", ""Rumu-Igbo"", ""Mgbu-Oba"", ""Rumu-Oparala"", ""Mgbuesilara"", ""Port Harcourt"", ""Elelenwa"", ""Umukoroshe"", ""Umu Kososhe"", ""Rumuokwurusi"", ""Rumukoroshe"", ""Umudara"", ""Rumudara"", ""Mpakurche"", ""Aligbolu"", ""Umuibo"", ""Aliosu"", ""Rumuokoro"", ""Umuokoro"", ""Rumu-Okoro-Odomey"", ""Mkpoku"", ""Rumu-Okwachi"", ""Alionahi"", ""Iriebe"", ""Okpo"", ""Isoba"", ""Umuokoro"", ""Alingbu"", ""Umunduru"", ""Rumunduru"", ""Ozuoba"", ""Atali"", ""Isoga"", ""Isoba"", ""Nkpelu"", ""Ogbodo"", ""Ogboro"", ""Alozo"", ""Umuehere"", ""Rumu-Aholu"", ""Rumualogu"", ""Rumodome"", ""Rumu-Osi"", ""Alakohia"", ""Isioba"", ""Rumu-Epeni"", ""Rumuofa"", ""Umuola"", ""Umuofa"", ""Rumuoqonoma"", ""Umuoqonoma"", ""Umuoqonnama"", ""Nneke"", ""Eneka"", ""Rukpokwu-Obio""]",Source polygon component; not independently named as an island or proof of complete physical land coverage.
gb:NGA:ADM2:59680162B63010488329613,Tafa,geoBoundaries NGA ADM2 2022,Local Government Area,Tafa,,0,1,True,231.089114,"[7.179336245971001, 9.113510132786473, 7.378645291946725, 9.340772251937949]",,,Pinned source component; no independent named-island or complete physical land assessment.
gb:NGA:ADM2:59680162B63010488329613,Tafa,current OCHA COD-AB NGA ADM2,Local Government Area,Tafa,NG027024,0,1,True,241.543695,"[7.20454665900013, 9.133502264000072, 7.388168444000144, 9.367021642000111]",32,"[""Gauraka"", ""Tunga Gwuntu"", ""Rafin Kaffi"", ""Tunga Mekidi"", ""Dachino"", ""Dachimo"", ""Tunga Bai"", ""Apia"", ""Tunga Yalwa"", ""Babun Tunga"", ""Babban Tunga"", ""Tungan Gajere"", ""Bwom"", ""Ija"", ""Ija Gwari"", ""Kata"", ""Kato"", ""Kopa"", ""Jakoro"", ""Yaguru"", ""Kuchin Pwere"", ""Yaguru"", ""Bwoi"", ""Kutudibi"", ""Aji"", ""Chawa"", ""Kwalada"", ""Dogo Kurmi"", ""Asu"", ""Azu"", ""Garam"", ""Yaidna""]",Source polygon component; not independently named as an island or proof of complete physical land coverage.
gb:NGA:ADM2:59680162B63156374952276,Sapele,geoBoundaries NGA ADM2 2022,Local Government Area,Sapele,,0,1,True,572.205027,"[5.469571557181666, 5.697978999831037, 5.779265750014417, 6.042482852701539]",,,Pinned source component; no independent named-island or complete physical land assessment.
gb:NGA:ADM2:59680162B63156374952276,Sapele,current OCHA COD-AB NGA ADM2,Local Government Area,Sapele,NG010017,0,1,True,429.084706,"[5.515114850000032, 5.714454858000181, 5.778664044000152, 5.958229946000074]",75,"[""Jatitor"", ""Oku"", ""Elume"", ""Adagbrasa"", ""Ogirisen"", ""Degbrode"", ""Jakpa"", ""Odjedi"", ""Ogiedi"", ""Riabome"", ""Okuodede"", ""Okuovu Inland"", ""Amuegbedi"", ""Jemisan"", ""Chemisan"", ""Okuovu"", ""Ituru"", ""Ebada"", ""Ibada"", ""Agwa Stream"", ""Echon Stream"", ""Okegberode"", ""Ibuwo"", ""Ugbosien Waterside"", ""Ajasolo"", ""Ajekimoni"", ""Oyohe"", ""Ikeresa"", ""Gbosien"", ""Ugbosien Island"", ""Egbeku"", ""Ajakolo"", ""Ukuadede Camp"", ""Bukurusu"", ""Gbukurusu"", ""Ugbukurusu"", ""Ikwewu"", ""Okwewu"", ""Dako Rubber Factory"", ""Daco Rubber Factory"", ""Ebada"", ""Atakolo"", ""Ogegere"", ""Okuovwori"", ""Obotie"", ""Oviri"", ""Igbomoya Stream"", ""Adagbrassa-Amukpe"", ""Adagbarassa"", ""Adagbarassa-Amukpe"", ""Okwadiokpara"", ""Ajakaketiewe"", ""Amukpe"", ""Okirighwre"", ""Okirighuire"", ""Ukpe Sobo Native Ar"", ""Okpe Urhobo Forest"", ""Ukpe-Sobo Forest Re"", ""Mele"", ""Sapele"", ""Gbokoko"", ""Ugbekoko"", ""Igoyo"", ""Elume"", ""Utonyatsere"", ""Ethiope"", ""Ethiope, River"", ""Ethiope River"", ""Canal Creek"", ""Ogorode"", ""Bakama"", ""Bakana"", ""Ojiguo"", ""Aronwon"", ""Ajamangoro""]",Source polygon component; not independently named as an island or proof of complete physical land coverage.
gb:NGA:ADM2:59680162B6318880418470,Paikoro,geoBoundaries NGA ADM2 2022,Local Government Area,Paikoro,,0,1,True,2011.177243,"[6.473663806839284, 9.218726158185689, 7.305647140703002, 9.767454146991327]",,,Pinned source component; no independent named-island or complete physical land assessment.
gb:NGA:ADM2:59680162B6318880418470,Paikoro,current OCHA COD-AB NGA ADM2,Local Government Area,Paikoro,NG027019,0,1,True,2088.826362,"[6.473663774000102, 9.21872614900019, 7.343521591000069, 9.767454289000113]",207,"[""Bakajeba"", ""Jimada, River"", ""Dugba"", ""Ndamaraki"", ""Sala"", ""Takunpara"", ""Dugba"", ""Tungan Malain Marua"", ""Rabo"", ""Rabogi"", ""Tunga"", ""Jita"", ""Kmaku"", ""Manmagwari"", ""Butu"", ""Jimboi"", ""Chawagi"", ""Gugo"", ""Bugo"", ""Bukwo"", ""Kurmin Marke"", ""Ndayama"", ""Jedna"", ""Dnago"", ""Nagor"", ""Nagoi"", ""Gami"", ""Ficheuchi"", ""Fichekuchi"", ""Jedna, River"", ""Karkoto"", ""Penshebo"", ""Girgondna"", ""Giagodna"", ""Dunkule"", ""Lukpan"", ""Lupna"", ""Nikuchi"", ""Ndayma"", ""Jednadaso"", ""Jednadalaso, River"", ""Gudna"", ""Mida"", ""Gabada"", ""Nubudi"", ""Nuabuli"", ""Fiche"", ""Nubupe"", ""Nogopi"", ""Jita"", ""Nagofita"", ""Kuchisara"", ""Kuchi Sapa"", ""Yidna"", ""Yida"", ""Gbansegodan"", ""Buyi"", ""Nangaba"", ""Damigo"", ""Makutu"", ""Perindoki"", ""Tungan Kuka"", ""Baiona"", ""Baidna"", ""Kwakuti"", ""Pakuti"", ""Bambe"", ""Butu"", ""Tachigo"", ""Tatiko"", ""Sisita"", ""Penweta"", ""Laitapi"", ""Bugapa"", ""Boku"", ""Gwalo"", ""Kitikwa"", ""Kitikw"", ""Kpami, River"", ""Kakaki"", ""Nyagobni"", ""Sabongida"", ""Paiko"", ""Jazu"", ""Tau"", ""Jabo"", ""Gbam"", ""Gwam"", ""Gita"", ""Gwari"", ""Nabwi"", ""Nupenugwe"", ""Nerma, River"", ""Serepma"", ""Tsalorma"", ""Yadan"", ""Nyanon"", ""Sefu"", ""Jere"", ""Dere"", ""Chefe"", ""Mugi"", ""Mugu"", ""Bubui"", ""Tudumago"", ""Jagbodo"", ""Kuchipi"", ""Sofon Dagga"", ""Daagan"", ""Chapa"", ""Kotoma"", ""Sabo"", ""Shiyi"", ""Bakasiyasa, River"", ""Zuru"", ""Pita"", ""Sheuda"", ""Geji"", ""Guto"", ""Nagomi"", ""Tungan"", ""Gida"", ""Isan"", ""Essan"", ""Napadna"", ""Shimbi"", ""Shakpere"", ""Kamarimi"", ""Duji, River"", ""Tutungo"", ""Kwamapi"", ""Alukpe"", ""Pago"", ""Shai"", ""Gbodna, Tsaunin"", ""Gbodna Hill"", ""Gbodna"", ""Jatayi"", ""Rotafi"", ""Gbusumi"", ""Sofon Gbusumi"", ""Dili"", ""Dirri"", ""Wodna"", ""Kuchi"", ""Bali"", ""Gwam"", ""Kwanti"", ""Muye"", ""Agwan Sarkin-Koro"", ""Angwan Sarkin Koro"", ""Kafin"", ""Baani"", ""Gora, River"", ""Suche"", ""Siche"", ""Aburosi"", ""Feri"", ""Peli"", ""Gidan Gwari"", ""Shafu"", ""Gora"", ""Wana, River"", ""Abefa"", ""Nanati"", ""Tungan Daudu"", ""Kuchiri"", ""Old Yanke"", ""Jibigida"", ""Jibidiga"", ""Kwagena"", ""Kwagana"", ""Gidan Amale"", ""Yenki"", ""New Yanke"", ""Kuchiribi"", ""Zumakweri"", ""Zubokweri"", ""Gbajawi"", ""Adunu"", ""New Dakolo"", ""Dakolo"", ""Nani"", ""Barakai"", ""Old Dakolo"", ""Gidan Gajere"", ""Sikiti"", ""Abulo"", ""Abolo"", ""Kakuri"", ""Bakafe"", ""Dakolo Karami"", ""Ishau"", ""Kurmin Giwa"", ""Kudame"", ""Kuna"", ""Kurmi Baba"", ""Wachi, River"", ""New Angwanpa"", ""Gwato"", ""Kwaka"", ""Kwakwau"", ""Kwakau"", ""Gidan Bahago"", ""Rubu, River"", ""Yina, River"", ""Yani, River""]",Source polygon component; not independently named as an island or proof of complete physical land coverage.
gb:NGA:ADM2:59680162B63960569375521,Anka,geoBoundaries NGA ADM2 2022,Local Government Area,Anka,,0,1,True,2580.583866,"[5.681906941252407, 11.611719154015816, 6.328959161935813, 12.31657078821138]",,,Pinned source component; no independent named-island or complete physical land assessment.
gb:NGA:ADM2:59680162B63960569375521,Anka,current OCHA COD-AB NGA ADM2,Local Government Area,Anka,NG037001,0,1,True,2548.706045,"[5.720870386000058, 11.614895881000109, 6.281014463000076, 12.355360147]",38,"[""Bawa"", ""West Anka Sokoto Na*"", ""West Anka Native Ar*"", ""Bawa"", ""East Anka Sokoto Na*"", ""East Anka Native Ar*"", ""Emai, Dutsin"", ""Tuduki"", ""Bagega"", ""Bagaga"", ""Dorca"", ""Maigelma"", ""Rangashi, Dutsin"", ""Dankuka"", ""Kia"", ""Gargam"", ""Sabta"", ""Mbali Hill"", ""Wuya"", ""Matan Kali"", ""Manya, River"", ""Manya"", ""Manya, Korama"", ""Galma, Gulbin"", ""Sabyar"", ""Danmohau Kachea"", ""Anka"", ""Matukuda"", ""Baban Barki"", ""Baban Bariki"", ""Maikwonaga"", ""Mai Kwanaga"", ""Kaza"", ""Mar-Kiranaga"", ""Samli"", ""Sabli"", ""Rafin Gero"", ""Maigero Hill""]",Source polygon component; not independently named as an island or proof of complete physical land coverage.
gb:NGA:ADM2:59680162B64027612781435,Agwara,geoBoundaries NGA ADM2 2022,Local Government Area,Agwara,,0,1,True,1449.809672,"[4.286187344670282, 10.522387556440606, 4.722656257580297, 10.919966696705728]",,,Pinned source component; no independent named-island or complete physical land assessment.
gb:NGA:ADM2:59680162B64027612781435,Agwara,current OCHA COD-AB NGA ADM2,Local Government Area,Agwara,NG027002,0,1,True,1471.637045,"[4.309847851000029, 10.535522782000044, 4.741997292000178, 10.940068258000053]",173,"[""Agumu-Koshi"", ""Mekidi"", ""Ulakami"", ""Mogaji"", ""New Ulakami"", ""Baagu"", ""Kiafi"", ""Ushaba"", ""Kpan"", ""Mogoruwa Egbede"", ""Kporokoso"", ""Tungan Jato"", ""Azamakoshi"", ""Makoshi"", ""Tungan Jato"", ""Azapbole"", ""Mahuta"", ""Kaila"", ""Tungan Barace"", ""Kokoli"", ""Kangon Agwara"", ""Tungan Bakere"", ""Ketere-Kpan"", ""Bakinkpan"", ""Tungan Bori"", ""Ketere-Kpan"", ""Kpan, River"", ""Zakakulu"", ""Papiri"", ""Papiri Kara"", ""Bayan Dutse"", ""Seteku"", ""Suteku"", ""Papiri, River"", ""Ketere Kpan"", ""Tungan Ashirkali"", ""Azarunji"", ""Utula, River"", ""Damu, River"", ""Goya"", ""Tungan Bogudu"", ""Egede Kpan"", ""Tungan Bauche"", ""Ororo"", ""Azakagu"", ""Azamazu"", ""Tungan-Yauri"", ""Balamasa"", ""Kpan, River"", ""Ororo"", ""Ketere Utula"", ""Godo"", ""Tungan-Medamusa"", ""Makago"", ""Bakashi-Kpan"", ""Azamate"", ""Gidan Kariya"", ""Jinjima, River"", ""Marokoshi"", ""Agwarra"", ""Kato"", ""Baagu"", ""Mogajiya-Metunbi"", ""Azamalu"", ""Adehe"", ""Tugan Dogo"", ""Macekaraderi"", ""Tungan-Aluwasi"", ""Wagalu"", ""Gbafu"", ""Mewayo"", ""Makeri Barashi"", ""Numakaku"", ""Mebindiga"", ""Auta"", ""Gweze"", ""Mejinga"", ""Kandam"", ""Adehe, River"", ""Gidan Kasuga"", ""Busuru"", ""Bunsuru"", ""Okuba Range"", ""Guzuri, River"", ""Keila"", ""Sofia"", ""Sadawanka"", ""Sadawanka"", ""Busuru"", ""Pissa"", ""Papin, River"", ""Ukuba"", ""R. Rofia"", ""Mogo, River"", ""Pissa"", ""Mekidi"", ""Makoshi"", ""Bakoshi"", ""Zamare"", ""Gweze"", ""Ukuba Hill"", ""Kuba Hill"", ""Agwata"", ""Tungan Noma Munzu"", ""Tungan Marunji"", ""Gandiga Old"", ""Old Gandiga"", ""Gandiga"", ""Tungan Yami"", ""Tungan Mogaji"", ""Ungwan Doreyi"", ""Rikobolo"", ""Ichan"", ""Tungan Gandiga"", ""Tungan Madinbi"", ""Busuru"", ""Papiri Gajere"", ""Kokando Hill"", ""Gulu, River"", ""Gangu Sarkin"", ""Makeri"", ""Mogo Ndaji"", ""Tunga Ajiya"", ""Uhum"", ""Papiri Gajere"", ""Kiliya"", ""Tungan Lafiya"", ""Sabon Gandiga"", ""Rafia Island"", ""Mogo Ndaji"", ""Kwalabarra"", ""Kwalabala"", ""Ikum Island"", ""Tungan Makeri"", ""Papiri Gajere"", ""Kasabu"", ""Gulu"", ""Magurji"", ""Tugan Medugu"", ""Auta"", ""Chikeke"", ""Ungwan Akara"", ""Gulu"", ""Kasabu"", ""Peshire"", ""Peshinre"", ""Gulu"", ""Gidan Medugu"", ""Mogo"", ""Milemi"", ""Gbelegu"", ""Matarito, River"", ""Tungar Noma"", ""Tugan Noma"", ""Rumu"", ""Mokoli"", ""Milemi"", ""Gbelegu"", ""Ugwan Shakidi"", ""Hilakila"", ""Tungan Noma Utula"", ""Tungan Masu"", ""Makoshi Abunde"", ""Binua"", ""Binau"", ""Komala"", ""Tugan Gadikar"", ""Tungan Kyewale"", ""Kacura"", ""Uzo"", ""Pasatulu"", ""Pasatulu"", ""Uzo, River""]",Source polygon component; not independently named as an island or proof of complete physical land coverage.
gb:NGA:ADM2:59680162B6425058524044,Agaie,geoBoundaries NGA ADM2 2022,Local Government Area,Agaie,,0,1,True,2023.786228,"[6.247657841835974, 8.579115867903056, 6.599043845696997, 9.305037050119836]",,,Pinned source component; no independent named-island or complete physical land assessment.
gb:NGA:ADM2:59680162B6425058524044,Agaie,current OCHA COD-AB NGA ADM2,Local Government Area,Agaie,NG027001,0,1,True,1919.95911,"[6.265510866000113, 8.579115731000172, 6.601603608000062, 9.288003929000126]",113,"[""Baro"", ""Barbo"", ""Kokora"", ""Mokwagi"", ""Baolagi"", ""Soge"", ""Sagwo"", ""Zago"", ""Usogba"", ""Gwuregi"", ""Gureji"", ""Wunigi"", ""Bawue"", ""Moma Ndachi"", ""Ndashe"", ""Ekagi"", ""Likali"", ""Kugi"", ""Kuchikpa"", ""Lafiagi"", ""Tswayedoka"", ""Rani"", ""Gbimigi"", ""Chikwada"", ""Chekpado"", ""Shanla"", ""Shania"", ""Twainia"", ""Shipo"", ""Fowa"", ""Bototi"", ""Saduko"", ""Ziyiko"", ""Zaiki"", ""Gusoli"", ""Kusoti"", ""Ewugi"", ""Aliko"", ""Gukpa"", ""Ekpagi"", ""Ekpag"", ""Zarmi"", ""Agaie"", ""Ndamaza"", ""Mashina"", ""Ripo"", ""Makun"", ""Kurmin Ayaba"", ""Nami"", ""Ndadoko"", ""Sanka"", ""Edotsu"", ""Esagi"", ""Dakachita"", ""Darachita"", ""Agbe"", ""Shabaisa"", ""Pati Kasan"", ""Zhimabekpegi"", ""Zhima Kpegi"", ""Gwoba"", ""Jikpmegi"", ""Tsadza"", ""Dotatsu"", ""Magba"", ""Boku"", ""Ewan, River"", ""Lafiagi"", ""Ejiko"", ""Nankoko"", ""Mankoka"", ""Maneara"", ""Manfara"", ""Tsuduworo"", ""Asanyi Kubegi"", ""Chata"", ""Kubegi"", ""Kankuru"", ""Kanikuru"", ""Sudugi"", ""Sudiji"", ""Mama Zagi"", ""Obankoroko"", ""Gbankoroko"", ""Gwoi"", ""Jazu"", ""Nda Maraki"", ""Maiyari"", ""Maiyaki"", ""Liman"", ""Momodiko Liman"", ""Tsadza"", ""Emibunu"", ""Emibinu"", ""Enyegi"", ""Kapagi"", ""Kadan"", ""Waja, River"", ""Kodogi"", ""Kutiluko"", ""Takuti"", ""Takunti"", ""Kenchikaza"", ""Mama Maza"", ""Evuntagi"", ""Minji, River"", ""Tswachiko"", ""Maba"", ""Gunigi"", ""Kangi"", ""Minkwoigi"", ""Minkwaigi"", ""Mikwegi""]",Source polygon component; not independently named as an island or proof of complete physical land coverage.
gb:NGA:ADM2:59680162B64690225464412,Kaura Namoda,geoBoundaries NGA ADM2 2022,Local Government Area,Kaura Namoda,,0,1,True,911.713758,"[6.392443225174759, 12.277225939725383, 6.837610289183544, 12.678806304967054]",,,Pinned source component; no independent named-island or complete physical land assessment.
gb:NGA:ADM2:59680162B64690225464412,Kaura Namoda,current OCHA COD-AB NGA ADM2,Local Government Area,Kaura Namoda,NG037008,0,1,True,866.043293,"[6.435872151000069, 12.280158689000018, 6.861699907000059, 12.683667132000096]",86,"[""Takasaba"", ""Dogon Kade"", ""Gidan Garso"", ""Guidan Garso"", ""Ehawa"", ""Ayagawa"", ""Fimiriwa"", ""Jimiriwa"", ""Rututu"", ""Duhuwa"", ""Unguwar Duhuwa"", ""Gidan Gagare"", ""Guidan Gagare"", ""Barnawa"", ""Bamawa"", ""Karufi"", ""Guidan Bako"", ""Gidan Bako"", ""Gidan Atu"", ""Guidan Atu"", ""Tukasu"", ""Dan Juli"", ""Karfa"", ""Makeri"", ""Guidan Makeri"", ""Gidan Makeri"", ""Malle"", ""Gagere"", ""Unguwar Gagere"", ""Tudun Wada"", ""Madawa"", ""Sadanu"", ""Balitawa"", ""Zorori"", ""Kwolo"", ""Unguwar Kwolo"", ""Ruwan Kura"", ""Kagara"", ""Akuzo"", ""Akuza"", ""Bage"", ""Unguwar Bage"", ""Kemburawa"", ""Kembarawa"", ""Jema"", ""Fema"", ""Kaida"", ""Dan Kaka"", ""Unguwar Dan Kaka"", ""Nabanga"", ""Tunkpus"", ""Lango"", ""Ado Kompani"", ""Kogin Gabindi"", ""Allahuwa"", ""Gworan"", ""Gworah"", ""Jazaka"", ""Madeji"", ""Takpani"", ""Sekpore"", ""Kawari"", ""Yautabaki"", ""Magarigari"", ""Maguru"", ""Magura"", ""Gijia"", ""Shegeli"", ""Mallam Barau"", ""Unguwar Mallam Barau"", ""Labo"", ""Unguwar Labo"", ""Dan Makulu"", ""Badaku"", ""Baduku"", ""Kuriya"", ""Kasaura"", ""Aluku"", ""Unguwar Aluku"", ""Kado"", ""Banga"", ""Kogi"", ""Kaura Namoda"", ""Magami"", ""Madira"", ""Barakeji""]",Source polygon component; not independently named as an island or proof of complete physical land coverage.
gb:NGA:ADM2:59680162B64829234996535,Yenegoa,geoBoundaries NGA ADM2 2022,Local Government Area,Yenegoa,,0,1,True,706.704841,"[6.14735507987308, 4.846032142869149, 6.566636085986602, 5.284537791785738]",,,Pinned source component; no independent named-island or complete physical land assessment.
gb:NGA:ADM2:59680162B64829234996535,Yenegoa,current OCHA COD-AB NGA ADM2,Local Government Area,Yenegoa,NG006008,0,1,True,682.270318,"[6.147355203000131, 4.842592495000076, 6.566636039000059, 5.284537818000047]",62,"[""Agbura"", ""Asikoro"", ""Ogu"", ""Akaba"", ""Ikibiri"", ""Swali"", ""Yenagoa"", ""Fangbe"", ""Yenizue Epie"", ""Ekeke"", ""Kpansia"", ""Amarara"", ""Ikolo"", ""Ikodu"", ""Epie Creek"", ""Onupa"", ""Opu Yenizue"", ""Opu Yenijue"", ""Biogbolo"", ""Yenaka"", ""Opolo"", ""Belelebiri"", ""Bebelabiri"", ""Bebelebiri"", ""Edepie"", ""Okutukutu"", ""Opuama"", ""Opolo"", ""Bumodi"", ""Okutukutu"", ""Agudama"", ""Akaubiri"", ""Ekenfa"", ""Gbarantoru"", ""Tombia"", ""Agudama"", ""Yenegwe"", ""Taylor Creek"", ""Polaku"", ""Obina"", ""Igbogene"", ""Okolobiri"", ""Korama"", ""Okolobiri"", ""Opobo"", ""Nidugo"", ""Ogboloma"", ""Agbia"", ""Ayama"", ""Okotiama"", ""Zarama"", ""Zamara-Yambiri"", ""Zamara Eple"", ""Karama"", ""Agbobiri"", ""Joinkrama"", ""Akumani"", ""Kalaba"", ""Ayamabele"", ""Ikarama"", ""Freetown"", ""Biseni""]",Source polygon component; not independently named as an island or proof of complete physical land coverage.
gb:NGA:ADM2:59680162B65190975434062,Eleme,geoBoundaries NGA ADM2 2022,Local Government Area,Eleme,,0,1,True,135.945174,"[7.07006636097384, 4.693547809184111, 7.190109213069775, 4.859683963943837]",,,Pinned source component; no independent named-island or complete physical land assessment.
gb:NGA:ADM2:59680162B65190975434062,Eleme,current OCHA COD-AB NGA ADM2,Local Government Area,Eleme,NG033009,0,1,True,136.595279,"[7.076466046000178, 4.720348963, 7.20691819700005, 4.850656952000065]",25,"[""Onne"", ""Awne"", ""Yaa"", ""Wakana"", ""Eteu"", ""Eteo"", ""Ejama Farming Camp"", ""Eleme Petroleum Oil*"", ""Ejaka"", ""Ebubu"", ""Alode"", ""Alese"", ""Ogali"", ""Aabom"", ""Mbolli"", ""Aletu"", ""Agbonehia"", ""Agbonchia"", ""Kenkoro"", ""Kale"", ""Tuabom"", ""Ogali Farming Camp"", ""Akpaji"", ""Agbonohia Farming C*"", ""Nomabom""]",Source polygon component; not independently named as an island or proof of complete physical land coverage.
gb:NGA:ADM2:59680162B66631777088899,Isa,geoBoundaries NGA ADM2 2022,Local Government Area,Isa,,0,1,True,2038.366377,"[5.983187407073217, 13.022535604134873, 6.792771964354699, 13.394157678733961]",,,Pinned source component; no independent named-island or complete physical land assessment.
gb:NGA:ADM2:59680162B66631777088899,Isa,current OCHA COD-AB NGA ADM2,Local Government Area,Isa,NG034009,0,1,True,2164.616409,"[5.928497449000133, 13.008504691000041, 6.792541934000155, 13.403577712000128]",37,"[""Filinga"", ""Kamarawa"", ""Tungan Gwragwu"", ""Guidan Fadama"", ""Gidan Fadama"", ""Yakunuji Hill"", ""Yakuniji Hill"", ""Kaiaji"", ""Gebo"", ""Tukudawa"", ""Fragelu"", ""Bergaja"", ""Guidan Malijatu"", ""Gidan Malijatu"", ""Matate"", ""Lugu"", ""Barakia"", ""Isa Zurmi Native Ar*"", ""Isa"", ""Girnashe"", ""Gamaraje"", ""Guidan Bawa"", ""Gidan Bawa"", ""Kalikaderu"", ""Baban Rafi Sokoto N"", ""Babban Rafi Native"", ""Tozei"", ""Mallamawa"", ""Turba"", ""Mazanya"", ""Mazania"", ""Mazanya Hill"", ""Unguwar Tabkin Fili"", ""Ungwan Tabkin Fili"", ""Gimbama"", ""Bafarawa"", ""Yan Fako""]",Source polygon component; not independently named as an island or proof of complete physical land coverage.
gb:NGA:ADM2:59680162B66680936539808,Bassa,geoBoundaries NGA ADM2 2022,Local Government Area,Bassa,,0,1,True,1954.168344,"[6.699304103901341, 7.44189500804822, 7.44578695280569, 8.047780610986479]",,,Pinned source component; no independent named-island or complete physical land assessment.
gb:NGA:ADM2:59680162B66680936539808,Bassa,current OCHA COD-AB NGA ADM2,Local Government Area,Bassa,NG023004,0,1,True,1935.036043,"[6.699304047000055, 7.441894963999971, 7.445786741000063, 8.045692365999969]",98,"[""Adom"", ""Adam"", ""Arugaga"", ""Adana"", ""Magu"", ""Nabure"", ""Emikudamisi"", ""Emikudamisi"", ""Aporo Hill"", ""Aforo Hill"", ""Gbokoluba"", ""Takumena"", ""Iroko"", ""Eroko"", ""Egbu"", ""Akpatakum Forest Re"", ""Igala Native Area N"", ""Akpotokum"", ""Akpatakun Forest Re"", ""Koji"", ""Chita"", ""Olowo"", ""Gbaqede"", ""Gbagede"", ""Akpwelu"", ""Akpelu"", ""Icheu"", ""Gbagbachi"", ""Takete"", ""Takefi"", ""Taketi"", ""Eluli"", ""Shintaku"", ""Emiwoziri"", ""Gboloko"", ""Gboloka"", ""Gbonoko"", ""Kpato"", ""Kpai"", ""Emi Atsumbe"", ""Ebeji"", ""Ebeje"", ""Nyankpo"", ""Nyangpo"", ""Kpatakpoli"", ""Kpatakpali"", ""Atakpa"", ""Konu"", ""Odenyi"", ""Adenye"", ""Kara"", ""Gala Native Area Nu"", ""Mozum Forest Reserve"", ""Paperi"", ""Pwekweri"", ""Odugbo"", ""Onukpo"", ""Onukpo River"", ""Inagu, River"", ""Inagu River"", ""Innagu, River"", ""Inagu"", ""Nyatsu, River"", ""Oduru"", ""Duru"", ""Iyede"", ""Iyedi"", ""Mozum"", ""Lundu"", ""Nemoa"", ""Nimua"", ""Nyimoa"", ""Kipi"", ""Chikpi"", ""Usuman"", ""Usaman"", ""Baki"", ""Inequ"", ""Inegu"", ""Oguma"", ""Ogum"", ""Ogba"", ""Suli"", ""Jerkama"", ""Zarkama"", ""Binto"", ""Beinto"", ""Kwiambana"", ""Kokuri"", ""Kukuri"", ""Akpaku"", ""Akpakudu"", ""Bishua"", ""Zugbe"", ""Nyebu"", ""Amara"", ""Onyebu"", ""Amara""]",Source polygon component; not independently named as an island or proof of complete physical land coverage.
gb:NGA:ADM2:59680162B66680936539808,Bassa,current OCHA COD-AB NGA ADM2,Local Government Area,Bassa,NG032002,0,1,True,1647.571353,"[8.610556731000145, 9.733161100000132, 8.978166798000018, 10.395070290000035]",92,"[""Gwame"", ""Maiyanga"", ""Barakin Dogon Gaba"", ""Dogon Dinia"", ""Kishesha"", ""Maiangwa"", ""Kwal"", ""Rafin Sainyi"", ""Miango"", ""Zonkwha Hill"", ""Miango"", ""Kaffi Gana"", ""Gwini"", ""Bassa"", ""Rukuba"", ""Rukubu Hills"", ""Zagun"", ""Igwara"", ""Ohit"", ""Bahit"", ""Tsofon Bassa"", ""Het"", ""Het"", ""Barakin Sauki"", ""Barakin Mairaga"", ""Binchi"", ""Sabon Garin Gurum"", ""Sabon Gari Gurum"", ""Barakin Matari"", ""Barakin Gurum"", ""Barakin Halley"", ""Gurum"", ""Barakin Passa"", ""Kanafa"", ""Barakin Tumbakiri"", ""Robo"", ""Pepen"", ""Joula"", ""Janjin"", ""Rukuba Forest Reser*"", ""Ganji"", ""Rukuba"", ""Gilkobi"", ""Tega"", ""Tige"", ""Rumfan Gwamna"", ""Kurunta, Dutsin"", ""Jere Native Area"", ""Jengre"", ""Gurum River Forest"", ""Barakin Amo"", ""Rumfan-Gwamna Fores*"", ""Rumfan Governor For*"", ""Jos Native Area Num*"", ""Gurum"", ""Buji Hill"", ""Amo River Forest Re*"", ""Zanoro, Dutsen"", ""Zanoro Hill, Dutsen"", ""Ungwan Saya"", ""Unguwar Saya"", ""Buji"", ""Amo Peak"", ""Amo, Dutsen"", ""Karambana"", ""Sabolo"", ""Zallaki"", ""Zoloki"", ""Fuskam Mata"", ""Fuskam"", ""Gusu"", ""Jere"", ""Katako"", ""Jere Forest Reserve"", ""Jere Native Area"", ""Jere Peak"", ""Karambana"", ""Limoro"", ""Dogon Yaro"", ""Kadamu"", ""Jengre"", ""Barakin Limoro"", ""Dan Limoro"", ""Wanje"", ""Dambari"", ""Kakwonka"", ""Gabami"", ""Limoro Chokobo Rive*"", ""Murria, Dutsen"", ""Chokobo"", ""Chokobo"", ""Fadisonka""]",Source polygon component; not independently named as an island or proof of complete physical land coverage.
gb:NGA:ADM2:59680162B67610911656226,Iguegben,geoBoundaries NGA ADM2 2022,Local Government Area,Iguegben,,0,1,True,374.795486,"[6.106042913149963, 6.357798099702563, 6.35016679815925, 6.6677980413466]",,,Pinned source component; no independent named-island or complete physical land assessment.
gb:NGA:ADM2:59680162B67610911656226,Iguegben,current OCHA COD-AB NGA ADM2,Local Government Area,Igueben,NG012010,0,1,True,349.498875,"[6.109487878000039, 6.357798126000148, 6.350166737000166, 6.656952572000023]",35,"[""Ikekogbe"", ""Eko-Ekpon"", ""Ekpon"", ""Ekpo"", ""Igeduma"", ""Ebah River"", ""Ebah, River"", ""Amahor Southwest"", ""Amahor"", ""Idumodi"", ""Idumuodi"", ""Id-Oboh"", ""Uatenide"", ""Onina"", ""Onma"", ""Ogoh"", ""Ewalto"", ""Ewassa"", ""Ewossa"", ""Obodeko"", ""Amaho"", ""Amahor"", ""Okuta"", ""Ugun"", ""Ogun"", ""Obumese Camp"", ""Oroghe"", ""Ologhe"", ""Ebelle"", ""Ebele"", ""Idumowu"", ""Igueben"", ""Ekekhen"", ""Ekehen"", ""Udo""]",Source polygon component; not independently named as an island or proof of complete physical land coverage.
gb:NGA:ADM2:59680162B68131021355449,Yabo,geoBoundaries NGA ADM2 2022,Local Government Area,Yabo,,0,1,True,831.4747,"[4.750326259249505, 12.608209037816891, 5.102722607362466, 12.936900001433969]",,,Pinned source component; no independent named-island or complete physical land assessment.
gb:NGA:ADM2:59680162B68131021355449,Yabo,current OCHA COD-AB NGA ADM2,Local Government Area,Yabo,NG034023,0,1,True,768.378801,"[4.774092687, 12.640211261, 5.100510070000098, 12.949971431000051]",67,"[""Gasge"", ""Adegalagaji"", ""Makera"", ""Kangi Balaru"", ""Nasarawa"", ""Sabaru"", ""Koya"", ""Gudurega"", ""Berdeberde"", ""Ruga-Kaya"", ""Labas"", ""Luga Hill"", ""Fakka"", ""Faka"", ""Chinye"", ""Chaiye"", ""Fayda"", ""Lambagel"", ""Bussa Mangu"", ""Lukachi"", ""Babulada, River"", ""Babulada"", ""Chanchama-Bussa"", ""Gagawa"", ""Donu"", ""Mazari"", ""Mazare"", ""Bulbuli"", ""Magachi"", ""Magabci"", ""Baware"", ""Yabo"", ""Dagawa"", ""Toronkawa"", ""Kamagama"", ""Gela"", ""Zezi"", ""Sokoto Plains"", ""Sokoto Plain"", ""Sokoto, Plain Of"", ""Tafarka"", ""Binjin Muza"", ""Dan Dutsi"", ""Dan Dutsi Hill"", ""Daguwaga"", ""Kibiare"", ""Tili"", ""Zage, River"", ""Kuringa"", ""Gari"", ""Chilgori"", ""Kilgori"", ""Yakunari"", ""Yakanari"", ""Alkaliji"", ""Alkaijji"", ""Lordubi"", ""Kwaydasa"", ""Bukoli"", ""Maraya"", ""Wurni Hill"", ""Wurni, Dutsen"", ""Dutsen Wurni Hill"", ""Degel"", ""Barsawa"", ""Garanga"", ""Jirgi Kumata""]",Source polygon component; not independently named as an island or proof of complete physical land coverage.
gb:NGA:ADM2:59680162B68325668602500,Okpe,geoBoundaries NGA ADM2 2022,Local Government Area,Okpe,,0,1,True,434.44978,"[5.650618398620225, 5.581848621316851, 5.918334007308658, 5.814902030904079]",,,Pinned source component; no independent named-island or complete physical land assessment.
gb:NGA:ADM2:59680162B68325668602500,Okpe,current OCHA COD-AB NGA ADM2,Local Government Area,Okpe,NG010013,0,1,True,480.298482,"[5.624161380000089, 5.572845870000094, 5.918333930000017, 5.824809039]",102,"[""Okuokoko"", ""Ogidigbo"", ""Okorikpehre"", ""Ugbokodo"", ""Bokodo"", ""Ugolo"", ""Jeddo"", ""Asubi"", ""Orerokpe Stream"", ""Okorowhe"", ""Ughoton"", ""Ughotor"", ""Ugwagbagare"", ""Ughoton-Waterside"", ""Ughotor Waterside"", ""Odiete"", ""Adagbrassa"", ""Ogbele Creek"", ""Ogborode"", ""Oha"", ""Orerukpe"", ""Orerokpe"", ""Okuijorugu"", ""Okuijorogu"", ""Odjedi"", ""Okuighele"", ""Ogborode"", ""Egborode"", ""Okuotomewo"", ""Orere"", ""Evwriyen"", ""Orere Creek"", ""Oviri"", ""Oviri-Court"", ""Okunoh"", ""Okunu"", ""Okwuidiemo"", ""Okuidiemo"", ""Okuokpokpo"", ""Iginene"", ""Okuitaire"", ""Mereje"", ""Okuno"", ""Okugbogbo"", ""Okwugbogbo"", ""Okwokolo"", ""Okuvo"", ""Okuemaife"", ""Umiaghwa"", ""Ikpokpogri"", ""Adeje"", ""Adedje"", ""Adeji"", ""Akadimon"", ""Ekarkorkor"", ""Ekokor"", ""Egbeleku"", ""Opuraja"", ""Iriama"", ""Okuevue"", ""Eroghor"", ""Okoejeba"", ""Okuejeba"", ""Jakpa"", ""Okuruvu"", ""Okolovu"", ""Okuogume"", ""London"", ""Oyenke"", ""Okuabude"", ""Oviri"", ""Oviri-Okpe"", ""Okuoke"", ""Ebruwa"", ""Ebruvwa"", ""Okuetolor"", ""Okobia"", ""Okuogholo"", ""Gbimidaka"", ""Okumude"", ""Okuegba"", ""Okuobadjere"", ""Ukpe Sobo"", ""Akuekpara"", ""Unurhie Aghalokpe"", ""Unurhie-Aghalokpa"", ""Okwovwisi"", ""Aragba-Okpe"", ""Agholokpe"", ""Unurhie Aghalokpe"", ""Aghalokpe"", ""Ajagolo"", ""Ejeba"", ""Aghalokpe Waterside"", ""Ajaguayibo"", ""Ajaguyibe"", ""Ejerkeriede"", ""Ofori"", ""Ovwori"", ""Ajaguayibo"", ""Iyakian Stream"", ""Adavwari""]",Source polygon component; not independently named as an island or proof of complete physical land coverage.
gb:NGA:ADM2:59680162B68799842423101,Binji,geoBoundaries NGA ADM2 2022,Local Government Area,Binji,,0,1,True,1081.662475,"[4.497530336755688, 13.07011233311772, 5.070968035146734, 13.35089076989317]",,,Pinned source component; no independent named-island or complete physical land assessment.
gb:NGA:ADM2:59680162B68799842423101,Binji,current OCHA COD-AB NGA ADM2,Local Government Area,Binji,NG034001,0,1,True,828.178962,"[4.52287543000017, 13.067664813000022, 5.05820163400017, 13.306613601000095]",99,"[""Aleta"", ""Bongajero Hill"", ""Dusawa"", ""Danmali"", ""Danmale"", ""Kalugo"", ""Gidan Joga"", ""Nelbru, River"", ""Wari"", ""Birnin Wari"", ""Gajari Homa"", ""Sabarumowa"", ""Bunkari"", ""Gajari Jenawa"", ""Guhipto"", ""Gajari Baleawa"", ""Gidan Dulo"", ""Duchin Kura"", ""Kura"", ""Tumune"", ""Gidan Buji"", ""Tunga"", ""Tungan"", ""Gidin Tudo"", ""Gidan Kajai"", ""Karani"", ""Takatsaba"", ""Baleo Dutche"", ""Hoko"", ""Gidan Alamu"", ""Zoro"", ""Almaji"", ""Ginju"", ""Garuba Gaya"", ""Gomozo"", ""Sabongari"", ""Yamiriru, River"", ""Litingo"", ""Daraye"", ""Gidan Lahi"", ""Kunkurwo"", ""Samama"", ""Ginjo"", ""Maikulki"", ""Kaie"", ""Tuna"", ""Gidan Ajah"", ""Gidan Agulu"", ""Kiliuli Lake"", ""Hirna"", ""Agulu Hill"", ""Anada"", ""Gidan Bawa"", ""Maiwa"", ""Kaie Hill"", ""Gidan Liman"", ""Bela Pond"", ""Iname"", ""Margai"", ""Gawaze"", ""Dunkuma"", ""Binji"", ""Jimba"", ""Giba"", ""Toidi Gorgabi"", ""Toidi"", ""Toidi Lake"", ""Tuboru Hill"", ""Tubole Hill"", ""Matobare"", ""Dalijem Hausawa"", ""Dalijem Hausawa"", ""Dalijem Fulani"", ""Eldeu"", ""Toidi Zaidi"", ""Fadi"", ""Karfe Binji Forest"", ""Karfe Binji Native"", ""Gahono Forest Reser"", ""Sokoto Native Area"", ""Dadali"", ""Kabawa"", ""Gaze"", ""Kiriya"", ""Dunkuma"", ""Gidan-Here"", ""Malgan"", ""Lugere Pond"", ""Gidan Madebe"", ""Kabawa"", ""Gangel"", ""Rumbuki"", ""Dagua"", ""Bariki"", ""Tobi"", ""Gidan Pore"", ""Morontudu"", ""Hotinga"", ""Bula""]",Source polygon component; not independently named as an island or proof of complete physical land coverage.
gb:NGA:ADM2:59680162B69298252864907,Munya,geoBoundaries NGA ADM2 2022,Local Government Area,Munya,,0,1,True,2169.737753,"[6.828710323922337, 9.520995499642652, 7.296500206319536, 10.077836037003578]",,,Pinned source component; no independent named-island or complete physical land assessment.
gb:NGA:ADM2:59680162B69298252864907,Munya,current OCHA COD-AB NGA ADM2,Local Government Area,Muya,NG027018,0,1,True,2086.789275,"[6.830308020000132, 9.52100019400018, 7.300506191000068, 10.07783605100002]",106,"[""Kpewi"", ""Zidna"", ""Nadna"", ""Dunda"", ""Naza"", ""Gaza"", ""Guduma"", ""Lokumasa"", ""Lokumbasa"", ""Gidan Katipidna"", ""Barame"", ""Gbarame"", ""Dandawa"", ""Fuka"", ""Kunukunu"", ""Kunakuna"", ""Beni Hill"", ""Passai Hill"", ""Beni"", ""Jaydna, River"", ""Gayna"", ""Kamari"", ""Tungan Sawadna"", ""Kuna, River"", ""Tisha, River"", ""Tagbari"", ""Kamache"", ""Gwaderi"", ""Gwadnami"", ""Jimi"", ""Gini"", ""Dami Dami"", ""Nungbaji"", ""Kazai"", ""Ikwa"", ""Gidan Bakai"", ""Baka"", ""Rufogo Hill"", ""Gidan Maiganga"", ""Gidan Ganga"", ""Chibiani"", ""Kukweri Hills"", ""Kucha"", ""Yariyasa, River"", ""Gidan Kyambo"", ""Gunni"", ""Guni"", ""Luku"", ""Chikwale"", ""Guni Station"", ""Kuhala, River"", ""Katipe"", ""Kudumi, River"", ""Kabula"", ""Gidan Dalawi"", ""Gidan Barde"", ""Gidan Barde Chibiani"", ""Zazaga"", ""Kango Hill"", ""Kabula"", ""Kuchi"", ""Kacheburu"", ""Bakuchi"", ""Zazaga"", ""Bigbi, River"", ""Lukodna"", ""Tepiya"", ""Tepia"", ""Gbakopai"", ""Gidan Wakili"", ""Shiroro Reservoir"", ""Kakuru"", ""Kuchi"", ""Kachuwi"", ""Kuchiwai"", ""Logbadna, River"", ""Guidna"", ""Ungwan Kwaipe"", ""Kwaipe"", ""Lukuma"", ""Dumi"", ""Dunmi"", ""Showa"", ""Jigwe"", ""Jigbe"", ""Jibe"", ""Egu"", ""Igu"", ""Ungwan Damusa"", ""Yadna"", ""Amuko"", ""Dan Gunu Hill"", ""Adnami"", ""Adami"", ""Sarkin Pawa"", ""Kwanupe"", ""Kwanipe"", ""Padambayi"", ""Ungwan Madaki"", ""Kapana"", ""Wuloto"", ""Dnawi"", ""Dan Gunu"", ""Gora, River"", ""Jugo, River"", ""Nabuhi, River""]",Source polygon component; not independently named as an island or proof of complete physical land coverage.
gb:NGA:ADM2:59680162B69752440983216,Katcha,geoBoundaries NGA ADM2 2022,Local Government Area,Katcha,,0,1,True,1671.32319,"[6.09280316503407, 8.718945451671289, 6.506468296175001, 9.467388441323578]",,,Pinned source component; no independent named-island or complete physical land assessment.
gb:NGA:ADM2:59680162B69752440983216,Katcha,current OCHA COD-AB NGA ADM2,Local Government Area,Katcha,NG027010,0,1,True,1650.658875,"[6.110298126000089, 8.736513786999978, 6.526823941000089, 9.499354580000102]",147,"[""Katcha"", ""Tsadoyagi"", ""Chadowagi"", ""Tsadovagi"", ""Saji"", ""Godege"", ""Gedege"", ""Jasegi"", ""Emisu"", ""Emisosi"", ""Bakoji"", ""Bakogi Station"", ""Guzuo"", ""Lafiagi"", ""Tukuru"", ""Garra"", ""Balaji"", ""Gweyako"", ""Ekwuti"", ""Sokwo"", ""Denchita"", ""Tachigi"", ""Ndaba"", ""Pata Nbudo"", ""Shidisaba"", ""Kunpo"", ""Jumanle"", ""Egakwuso"", ""Dawa"", ""Lafiagi"", ""Bashi"", ""Gbokogi"", ""Bororo"", ""Egbanti Bororo"", ""Dzwafu"", ""Eye"", ""Kansangi"", ""Kansanagi"", ""Kansagi"", ""Umaetsu"", ""Kutigberi"", ""Badeggi"", ""Badegg"", ""Gbakogi"", ""Gbokogi"", ""Aodede"", ""Agbede"", ""Essa"", ""Lafiagi"", ""Wachinkolo"", ""Kangi Tsuanpa"", ""Kangi"", ""Langba"", ""Tswata"", ""Gwoikeni"", ""Tsafarigi"", ""Gadza"", ""Kansanagi"", ""Tsaduko"", ""Taffa"", ""Sakiwa"", ""Checheko"", ""Gudungu"", ""Guongu"", ""Gudungo"", ""Katako"", ""Dinkoso"", ""Dinkuso"", ""Lafiagi"", ""Bankodare"", ""Bakondare"", ""Koloyagi"", ""Etsugale"", ""Etsu Gaie"", ""Kafa"", ""Lenfa Bororo"", ""Bororo"", ""Afuwagi"", ""Wasako, River"", ""Ebba"", ""Ezhigi"", ""Patigi"", ""Kamberi"", ""Kalukuti"", ""Kalikuti"", ""Egbanasara"", ""Eyiko, River"", ""Kakowegi, River"", ""Kakouegi"", ""Kutriko Tachi"", ""Ewun"", ""Memefu"", ""Sanwagi"", ""Edaw, River"", ""Edau"", ""Natsu"", ""Emiginda"", ""Kakakpan"", ""Gbirafu"", ""Elegi"", ""Maraya"", ""Edigi"", ""Ndabashi"", ""Etsubache"", ""Evuntagi"", ""Gudna, River"", ""Ndadoko"", ""Etsu Mama"", ""Zuzungi"", ""Zutungi"", ""Tadagona"", ""Bisanti"", ""Kparaka"", ""Kpakara"", ""Kutiko"", ""Sunbwagi"", ""Ndackchetama"", ""Ndachetama"", ""Mitachigi"", ""Swasun Amadu"", ""Kutikwa"", ""Kataeregi"", ""Cheche"", ""Kambari"", ""Kanbari"", ""Shiri"", ""Zaje"", ""Ndache"", ""Dagga, River"", ""Maar"", ""Bobo"", ""Lafiagi"", ""Anini"", ""Anyinyi"", ""Panzuru"", ""Wayin, River"", ""Yankpako"", ""Kutigi"", ""Emijindadi"", ""Bashanko"", ""Gbashanko"", ""Maraya"", ""Tandigi"", ""Alilu"", ""Gusadi"", ""Gobadi"", ""Lade""]",Source polygon component; not independently named as an island or proof of complete physical land coverage.
gb:NGA:ADM2:59680162B69944768623609,Omala,geoBoundaries NGA ADM2 2022,Local Government Area,Omala,,0,1,True,1556.08213,"[7.346253872018622, 7.513271760783198, 7.752635479343951, 8.048606492595582]",,,Pinned source component; no independent named-island or complete physical land assessment.
gb:NGA:ADM2:59680162B69944768623609,Omala,current OCHA COD-AB NGA ADM2,Local Government Area,Omala,NG023019,0,1,True,1591.562036,"[7.346253787000023, 7.520640902000139, 7.7535945300001, 8.047198221000144]",51,"[""Igodo"", ""Alokuja"", ""Alokuya"", ""Oliya"", ""Akpacha"", ""Akwacha"", ""Akbacha"", ""Arku"", ""Okuba"", ""Andomaja"", ""Ogbonaha"", ""Ogbomaha"", ""Ogbonoha"", ""Ogbonoma"", ""Agbada"", ""Opanda"", ""Opandha"", ""Ajibu"", ""Ado"", ""Opandha Forest Rese"", ""Igala Native Area N"", ""Opandha Forest"", ""Abajikolo"", ""Abejukolo"", ""Kwiambana"", ""Ebiradu"", ""Braidu"", ""Jato"", ""Ejali"", ""Bukami"", ""Bakumi"", ""Jato"", ""Iyedi"", ""Iyeddi"", ""Iyadi"", ""Lafo"", ""Laffa"", ""Adoka"", ""Nupe"", ""Iole"", ""Ohaifo"", ""Ohaifor"", ""Odagbo"", ""Odagba"", ""Ejima"", ""Bugana"", ""Bagana"", ""Maiogu"", ""Maiagu"", ""Amagede"", ""Egim""]",Source polygon component; not independently named as an island or proof of complete physical land coverage.
gb:NGA:ADM2:59680162B70265669805684,Shiroro,geoBoundaries NGA ADM2 2022,Local Government Area,Shiroro,,0,1,True,4639.193203,"[6.364321806106489, 9.518658065417412, 7.050757407628282, 10.645277941823622]",,,Pinned source component; no independent named-island or complete physical land assessment.
gb:NGA:ADM2:59680162B70265669805684,Shiroro,current OCHA COD-AB NGA ADM2,Local Government Area,Shiroro,NG027022,0,1,True,5229.971451,"[6.206390391000127, 9.518476414000077, 7.05075748400003, 10.648820815000079]",365,"[""Busogmi"", ""Buslimi"", ""Sabon Gida"", ""Marikishi"", ""Nabi"", ""Numwi"", ""Lumo, River"", ""Daboyi"", ""Shakwata"", ""Shakwatu"", ""Gunu"", ""Tungan Mutundaya"", ""Tunga Matun Daya"", ""Badnapa"", ""She Station"", ""Debbi"", ""Agwagwa"", ""Gotube"", ""Gidan Zunkpaida"", ""Gidan Matu Station"", ""Gidan Mata Station"", ""Lashin"", ""Prinna"", ""Gwada"", ""Kato"", ""Lawo"", ""Samanna"", ""Zari"", ""Gidan Zari"", ""Kwayamisi"", ""Gijiwi"", ""Gijiwa"", ""Ungwan Nwabo"", ""Egba"", ""Kunu Hill"", ""Kunu"", ""Kwochi Hill"", ""Kwochi"", ""Ungwan Zarumayi"", ""Ungwan Makama"", ""Chiri"", ""Luwa"", ""Sabon Gida"", ""Sabon"", ""Kmakma"", ""Kwakwa"", ""Muye, River"", ""Vulo, River"", ""Nyagwa"", ""Esse, River"", ""Seikna"", ""Asape Hill"", ""Kami"", ""Kamt"", ""Jiko"", ""Manta"", ""Layi"", ""Kuta"", ""Rawo"", ""Lawo"", ""Maikakaki"", ""Gunugu"", ""Gunugo"", ""Jibwa, River"", ""Kafa"", ""Wieko, River"", ""Kweiko, River"", ""Gidan Madatsi"", ""Gidan Basakuri"", ""Ebbe"", ""Awasha"", ""Zirifi"", ""Baban Rafi, River"", ""Durumi, River"", ""Wyam"", ""Gumna, River"", ""Gora, River"", ""Guwa"", ""Shakwada"", ""Sumaila"", ""Kuka, River"", ""Padgaya"", ""Gidan Tarasilawa"", ""Zumba"", ""Asha"", ""Gidan Goma"", ""Gidan Patuko"", ""Shiroro"", ""Bere"", ""Koriga"", ""Getamiya, River"", ""Gijiwa"", ""Awolu"", ""Shaga"", ""Guni"", ""Dinia"", ""Dinya, River"", ""Kwatayi"", ""Baha"", ""Shiroro Gorge"", ""Kauran Pawa"", ""Gini"", ""Gusuru"", ""Nabwi, River"", ""Musulla"", ""Musula"", ""Gidan Madaki"", ""Mangwa"", ""Shamiki"", ""Gidan Galadima"", ""Yelwa"", ""Yako"", ""Aguwi"", ""Gidan Sariki"", ""Kurmin Gurmana"", ""Daudun Gini"", ""Gwope"", ""Kogin Koriga, River"", ""Koriga, Kogin"", ""Koriga, River"", ""Boladna"", ""Gidan Kwaso"", ""Gidan Usisi"", ""Gidan Peleta"", ""Gidan Gwari"", ""Getamiya, River"", ""Irina, River"", ""Maguga, Tsaunin"", ""Galadima Koga, Tsau"", ""Gungu, River"", ""Maowo"", ""Gidan Magwi"", ""Maguga"", ""Dami Dami"", ""Farin Dutse"", ""Sarkin Pawa, River"", ""Serikin Pawa"", ""Gidan Sarumai"", ""Jagabay Ugwa"", ""Gidan Wani"", ""Zungoro"", ""Zangoro"", ""Gidan Bako"", ""Gidan Madaki"", ""Rimouchi Hill"", ""Rimouchi, Tsaunin"", ""Galadima Kogo"", ""Jagwana"", ""Irina"", ""Gwadara Irina"", ""Gwadara"", ""Rumpa"", ""Gwofa"", ""Bassa, Tsaunin"", ""Bassa"", ""Besse"", ""Masuku"", ""Dnakwala"", ""Guadaguri"", ""Tungan Mamma Agwagwa"", ""Tunga Mamma Agwagwa"", ""Gidan Mama"", ""Gwaria"", ""Guda, Tsaunin"", ""Kawo"", ""Kaswa"", ""Ungwan Kawo"", ""Dnasa"", ""Dnakwo"", ""Kukoki Guda"", ""Kukoki"", ""Tunga Makuba"", ""Tungan Makuba"", ""Madna"", ""Kawo"", ""Tungan Malam Gajere"", ""Tungan Gora"", ""Iburu"", ""Kushaku"", ""Kushako"", ""Jikwo"", ""Kwatangalo, River"", ""Kwatangale"", ""Lapeyi"", ""Lapei"", ""Kododo"", ""Kashuan-Kwaki"", ""Gidan Sarikin Doma"", ""Nakunda"", ""Kpakari"", ""Pei"", ""Buruweye"", ""Burwayi"", ""Roro"", ""Kuriki"", ""Gidan Galadima"", ""Kadaga"", ""Gidan Gurmayi"", ""Gidan Maaji"", ""Buriki, Tsaunin"", ""Kuriki, Tsaunin"", ""Shafi"", ""Muko"", ""Chikwamia"", ""Chigwanya"", ""Gidan Umaru"", ""Godo-Godo"", ""Sarari"", ""Kura, River"", ""Dnaikwo"", ""Dnakwo"", ""Jangara"", ""Jangaro"", ""Jangaru"", ""Tegina Kumbata"", ""Durumi"", ""Agwanggi"", ""Chukuba"", ""Dnakwo, River"", ""Kundimidna"", ""Shalupe"", ""Shalope"", ""Bikwo"", ""Giringi"", ""Giringa"", ""Mutundaya"", ""Bakuchi"", ""Gwassa"", ""Nabwi"", ""Dnabwihi"", ""Kalia"", ""Jatayi"", ""Gunugu"", ""Kamberi, River"", ""Gidan Jatao Bataro"", ""Jato"", ""Ungwan Jagaba"", ""Jagaba"", ""Asape"", ""Gwari Native Area N"", ""Alawa Forest Reserve"", ""Kwaiki, Tsaunin"", ""Kwaiki"", ""Pwanga"", ""Magari, Tsaunin"", ""Aleji"", ""Shadadi"", ""Kachirina"", ""Jan Dutsi"", ""Gwassa"", ""Badna"", ""Gidan Daudu"", ""Sheppi"", ""Palele"", ""Kauwuri"", ""Kwaiko"", ""Kwiako"", ""Mbahako"", ""Jaydna"", ""Gidan Zamfara"", ""Gidan Magayaki"", ""Piakuta, Tsaunin"", ""Alawa"", ""Gado"", ""Dadape"", ""Maikeri"", ""Kogin Chirau, River"", ""Chirau, Kogin"", ""Kerau, River"", ""Chiyo"", ""Burisidna"", ""Buresidna"", ""Gadna"", ""Gunday"", ""Jene"", ""Sunnai"", ""Sunnayu"", ""Labari"", ""Badna, River"", ""Kaoli Hill"", ""Palaipe, Tsaunin"", ""Daka, Dutsin"", ""Machinja, Gidan"", ""Gidan Nabuwi"", ""Sarikan Kokwa, Tsau*"", ""Mayako, Tsaunin"", ""Gudio"", ""Maganda"", ""Kulepma"", ""Tambaji"", ""Sabon Gida"", ""Laka, Kogin"", ""Kogin Lake, River"", ""Lakau, River"", ""Lakao"", ""Kogin Laka, River"", ""Karagutu"", ""Bakura"", ""Gidan Sarikan Kokwa"", ""Patupa, Tsaunin"", ""Jelauko"", ""Jelako"", ""Malufa"", ""Malafa"", ""Kokwa"", ""Kujeri, Tsaunin"", ""Laimana"", ""Kuba, Tsaunin"", ""Dassa"", ""Alawa, Tsaunin"", ""Gidan Tambari Kokwa"", ""Kwantayasi"", ""Kerifa, River"", ""Jidna, River"", ""Gidan Mudai"", ""Sarkin Kutusu"", ""Gidan Tsofon Sariki"", ""Serikin Kutusu"", ""Getamiya, River"", ""Gidan Zarmai"", ""Keke"", ""Getamiya"", ""Getamia"", ""Gidan Berima"", ""Rafin Kanya"", ""Kurege"", ""Kurebe"", ""Nako, River"", ""Dako, River"", ""Kurebe"", ""Mbafe, Tsaunin"", ""Masuku"", ""Masaka"", ""Tatu"", ""Ugana, River"", ""Jiggana"", ""Abaku"", ""Dagwachi"", ""Kabagu"", ""Kazuma"", ""Ungwan Sagwari"", ""Faleli"", ""Dagam"", ""Gwakuna"", ""Bakuna"", ""Kushaka"", ""Lugga"", ""Ayaba"", ""Dagam Hill"", ""Kubaia Hill"", ""Gidan Galadima"", ""Kugu"", ""Gidan Sarkin Fada"", ""Gidan Sarikin Fada"", ""Kushaka"", ""Sofon Kushaka"", ""Kauran-Pawa"", ""Karada, River"", ""Kalangai"", ""Gwagwaulu"", ""Zarumai"", ""Zaruma"", ""Gunki"", ""Baraje"", ""Bada""]",Source polygon component; not independently named as an island or proof of complete physical land coverage.
gb:NGA:ADM2:59680162B70529740290920,Abua/Odual,geoBoundaries NGA ADM2 2022,Local Government Area,Abua/Odual,,0,1,True,640.231395,"[6.398394108401419, 4.704516538907171, 6.740958658715158, 4.977347513876737]",,,Pinned source component; no independent named-island or complete physical land assessment.
gb:NGA:ADM2:59680162B70529740290920,Abua/Odual,current OCHA COD-AB NGA ADM2,Local Government Area,Abua/Odual,NG033001,0,1,True,716.082335,"[6.398394077999967, 4.713280215000111, 6.764038085000095, 4.981512039000052]",120,"[""Emago"", ""Kugbo"", ""Amoroto"", ""Iserekiri"", ""Eluku"", ""Eluko"", ""Degema Hulk"", ""Ighom"", ""Robers Camp"", ""Akani Creek"", ""Akani"", ""Johns Camp"", ""Johnny Camp"", ""Thompson Camp"", ""Evhenevel"", ""Edikalama"", ""Ewon"", ""Iyaki-Ewon"", ""Kambia"", ""Iyaki"", ""Esala"", ""Ogbema Koku"", ""Ogboma-Koku"", ""Ogonokom"", ""Ogbnokom"", ""Egbolom"", ""Gunekiri"", ""Obelele Creek"", ""Epaia"", ""Epaghia"", ""Adada"", ""Emoh"", ""Agada"", ""Agada (I)"", ""Apoti"", ""Efebiri"", ""Anu"", ""Anu Settlement"", ""Emon"", ""Ogboloma"", ""Agada"", ""Agada (Ii)"", ""Kalabari Settlement"", ""Okolobili"", ""Egorbiri"", ""Egbema"", ""Ogbema"", ""Egbama"", ""Egbama"", ""Adiigbe Creek"", ""Emelego"", ""Engenni"", ""Owerekiri"", ""Orikiri"", ""Omenema Farm"", ""Omonama Farm"", ""Okolo-Ade"", ""Otaba"", ""Digiriga"", ""Garafiama"", ""Ainyade"", ""Digriga"", ""Emelesua"", ""Emelesu"", ""Omenama"", ""Akpama"", ""Ogbudu Creek"", ""Onyuda Creek"", ""Seregbia"", ""Sereobia"", ""Serebia"", ""Odaga"", ""Ayong"", ""Pokuma"", ""Ogbema"", ""Anyo"", ""Okolomade"", ""Okolomada"", ""Ekunuga"", ""Omokwa"", ""Amokwa"", ""Okana"", ""Edi"", ""Abua"", ""Ogharah"", ""Odala"", ""Otari"", ""Ayon"", ""Ayun"", ""Arukwo"", ""Otari"", ""Omoraka"", ""Omomema"", ""Bum"", ""Old Ekunuga"", ""Arukwa Waterside"", ""Water-Side"", ""Arukwa"", ""Anyude"", ""Emerikpoko"", ""Amerikpoko"", ""Amerikopoko"", ""Umekuru"", ""Okobo"", ""Okobaw"", ""Okobor"", ""Olodo"", ""Obedum"", ""Okobor"", ""Emebu"", ""Emabu"", ""Obarayi"", ""Odua"", ""Odan"", ""Odau"", ""Emesu"", ""Agunughan"", ""Agunugban"", ""Aminigboko"", ""Owerewere""]",Source polygon component; not independently named as an island or proof of complete physical land coverage.
gb:NGA:ADM2:59680162B70966513794539,Ughelli North,geoBoundaries NGA ADM2 2022,Local Government Area,Ughelli North,,0,1,True,765.811998,"[5.846067429368418, 5.207942962997379, 6.21146297493641, 5.755693228659595]",,,Pinned source component; no independent named-island or complete physical land assessment.
gb:NGA:ADM2:59680162B70966513794539,Ughelli North,current OCHA COD-AB NGA ADM2,Local Government Area,Ughelli North,NG010019,0,1,True,830.972651,"[5.846122667000145, 5.207942990999982, 6.211463101000106, 5.768785007000133]",139,"[""Akpedegbene"", ""Orusgbene"", ""Johngbene"", ""Miregbene"", ""Uwheru"", ""Utakele"", ""Uto-Arawarien"", ""Anwor"", ""Agadama"", ""Ohori-Uvwedor"", ""Uwarovwon"", ""Ogode"", ""Ohoro"", ""Oreba"", ""Orebo"", ""Urhetse"", ""Ovhororo"", ""Uwhuteme"", ""Iwhrerhe"", ""Erhe"", ""Ufuomanefe"", ""Alabanisi"", ""Owerun"", ""Uwherun"", ""Uwheru"", ""Onidjor"", ""Egbo-Uwheru"", ""Onidjor Egbo-Uwheru"", ""Onidor Creek"", ""Erhurigbedi"", ""Unenurhie"", ""Evwreni"", ""Evereni"", ""Jekota"", ""Adjekota"", ""Ogor"", ""Agor"", ""Oviri-Ogor"", ""Ivwitapere"", ""Otokotu"", ""Otuwodo"", ""Ughelli"", ""Oteri"", ""Delta"", ""Delta State"", ""Iwrekpokpo"", ""Ighwreku"", ""Uduere"", ""Ighwremaro"", ""Agbasa"", ""Agbassa"", ""Owevwe"", ""Opheri"", ""Ekiugbo"", ""Ekrejeba"", ""Saniko Market"", ""Eriem Fields"", ""Ighwrenene"", ""Eruemukohwarien"", ""Afiesere"", ""Afiosere"", ""Afiesere"", ""Iwrogbovwa"", ""Iwrohwaro"", ""Ododegbo"", ""Ododegho"", ""Agbarha-Otor"", ""Ojuvwre"", ""Iwremeragha"", ""Opre"", ""Omoteka"", ""Ujode"", ""Omavovwe"", ""Odjighori"", ""Okpara"", ""Uvwiamuge"", ""Uvwiama"", ""Ekresame"", ""Ekrerhavbe"", ""Ofuoma"", ""Oghrerhe"", ""Ohrerhe"", ""Edoide"", ""Ehwahwa"", ""Oteri"", ""Ophori"", ""Orhokpokpor"", ""Igawidi"", ""Odovie"", ""Imiroje"", ""Etefe"", ""Adjekemevor"", ""Oguname"", ""Oguname-Agbarho"", ""Eriemu"", ""Oghara"", ""Samagidi"", ""Agbarho"", ""Agbadu"", ""Orho-Agbarho"", ""Oghara"", ""Ughwrughelli"", ""Oghwrughelli"", ""Ovwori"", ""Ofori"", ""Makoghwre"", ""Odiete Market"", ""Ukan Market"", ""Ukan"", ""Ehwerhe"", ""Ekwese"", ""Otorhogba"", ""Ikwewu"", ""Awirhe"", ""Ejeba"", ""Edjeba"", ""Orhokpokpo"", ""Orogun"", ""Imodje"", ""Ero-Ikeh"", ""Okoh Idiovwa"", ""Idjere"", ""Eroh-Obaro"", ""Onyobru"", ""Igbuku"", ""Ovara-Unukpo"", ""Ovara-Umusu"", ""Ugono"", ""Oromuru"", ""Emonu"", ""Okuenebele"", ""Eboh"", ""Okoh Ondhwakpor"", ""Ughere-Urhuagbesa"", ""Aragba"", ""Okoh Unoh"", ""Urhu Agbesa"", ""Oteri-Urhuagbesa"", ""Sanubi""]",Source polygon component; not independently named as an island or proof of complete physical land coverage.
gb:NGA:ADM2:59680162B71691370147242,Njaba,geoBoundaries NGA ADM2 2022,Local Government Area,Njaba,,0,2,True,17.618972,"[6.978574474732284, 5.649732867677756, 7.034873062741724, 5.690227951758629]",,,Pinned source component; no independent named-island or complete physical land assessment.
gb:NGA:ADM2:59680162B71691370147242,Njaba,geoBoundaries NGA ADM2 2022,Local Government Area,Njaba,,1,2,True,38.961407,"[6.960790312922654, 5.695319480609612, 7.063343309046502, 5.77683417026077]",,,Pinned source component; no independent named-island or complete physical land assessment.
gb:NGA:ADM2:59680162B71691370147242,Njaba,current OCHA COD-AB NGA ADM2,Local Government Area,Njaba,NG017013,0,1,True,78.458275,"[6.965574613000115, 5.639567716000101, 7.073371353000027, 5.764211365000108]",5,"[""Umuaka"", ""Okwudo"", ""Nkume"", ""Amucha"", ""Atta""]",Source polygon component; not independently named as an island or proof of complete physical land coverage.
gb:NGA:ADM2:59680162B72061925749770,Ekiti West,geoBoundaries NGA ADM2 2022,Local Government Area,Ekiti West,,0,1,True,373.770493,"[4.908579349957108, 7.521453978018712, 5.115530935404422, 7.902162896100833]",,,Pinned source component; no independent named-island or complete physical land assessment.
gb:NGA:ADM2:59680162B72061925749770,Ekiti West,current OCHA COD-AB NGA ADM2,Local Government Area,Ekiti West,NG013006,0,1,True,374.172241,"[4.906387404000156, 7.542072111000095, 5.113748671999986, 7.89760930500006]",19,"[""Ipole"", ""Apa-Iwaji"", ""Apa"", ""Ikogosi"", ""Ikawgosi"", ""Erinjiyan"", ""Erijiyan"", ""Ajaiye"", ""Aramoko-Ekiti"", ""Araomoko Ekiti"", ""Ara"", ""Erio"", ""Aboro"", ""Ido Irapa"", ""Iddo Irapa"", ""Oke Mesi"", ""Oke Messi"", ""Oloshun"", ""Igbeja""]",Source polygon component; not independently named as an island or proof of complete physical land coverage.
gb:NGA:ADM2:59680162B72068294191364,Ahoada East,geoBoundaries NGA ADM2 2022,Local Government Area,Ahoada East,,0,1,True,405.90423,"[6.544145325846159, 4.888483990743623, 6.725274513707916, 5.232626705558062]",,,Pinned source component; no independent named-island or complete physical land assessment.
gb:NGA:ADM2:59680162B72068294191364,Ahoada East,current OCHA COD-AB NGA ADM2,Local Government Area,Ahoada East,NG033002,0,1,True,318.152966,"[6.525857991000066, 4.90518188700014, 6.717951837000044, 5.204371933000118]",50,"[""Obelle"", ""Obele-Ibaa"", ""Obumeze"", ""Odaga"", ""Odiabidi"", ""Osubogo"", ""Ogbere"", ""Okoma (Ii)"", ""Abessa"", ""Okoma (I)"", ""Okporowo"", ""Owinuro Creek"", ""Ehuama"", ""Ochigba"", ""Ochiba"", ""Ihowo"", ""Iwowo"", ""Ochiba"", ""Idoke"", ""Oduaha"", ""Oduoha"", ""Ekata"", ""Ihaba"", ""Oduaha"", ""Okpogulodu"", ""Uduagba"", ""Uduogba"", ""Olekata"", ""Iheke"", ""Ahoada"", ""Ahoadao"", ""Oriaje"", ""Ekpena"", ""Akpana"", ""Ihubulu"", ""Oraputa"", ""Orabuta"", ""Ulapata"", ""Ala-Ahoada"", ""Ogbo"", ""Ogbo"", ""Oklisama"", ""Odimeneyi"", ""Olimeni"", ""Akpabo Ii"", ""Abarikpo"", ""Abarigbo"", ""Akpabo I"", ""Okpabo"", ""Oligbo""]",Source polygon component; not independently named as an island or proof of complete physical land coverage.
gb:NGA:ADM2:59680162B7261312330016,Adavi,geoBoundaries NGA ADM2 2022,Local Government Area,Adavi,,0,1,True,607.397025,"[6.1773522464091, 7.527223110058515, 6.71033477712831, 7.859216055976276]",,,Pinned source component; no independent named-island or complete physical land assessment.
gb:NGA:ADM2:59680162B7261312330016,Adavi,current OCHA COD-AB NGA ADM2,Local Government Area,Adavi,NG023001,0,1,True,713.363489,"[6.126644027000168, 7.496888197000089, 6.69229467100007, 7.869692442000087]",10,"[""Ahanechi"", ""Koroko"", ""Okene Catchment Are"", ""Bako"", ""Ohizen Katurou"", ""Ogaminan"", ""Eyika"", ""Agbobo"", ""Osara"", ""Zongondaji""]",Source polygon component; not independently named as an island or proof of complete physical land coverage.
gb:NGA:ADM2:59680162B7305913438202,Gwadabawa,geoBoundaries NGA ADM2 2022,Local Government Area,Gwadabawa,,0,1,True,1007.840794,"[5.069373916672987, 13.215800339014493, 5.558708908589324, 13.632353009783628]",,,Pinned source component; no independent named-island or complete physical land assessment.
gb:NGA:ADM2:59680162B7305913438202,Gwadabawa,current OCHA COD-AB NGA ADM2,Local Government Area,Gwadabawa,NG034005,0,1,True,1006.304943,"[5.120051683000042, 13.214572198000042, 5.571927314000106, 13.606600873000104]",181,"[""Dan Gwaga"", ""Kaura Dodu"", ""Sabore"", ""Kililawa"", ""Galaduchi"", ""Yargada"", ""Ilela Damihasi"", ""Lukwatudu"", ""Jingini"", ""Gidan Mekware"", ""Lukwa"", ""Gidan Kaya"", ""Busalega"", ""Katella"", ""Katala"", ""Chimola"", ""Tungan Mahaman"", ""Tunga-Mahaman"", ""Katalan Kaura"", ""Tungan Yusufu"", ""Tunga-Yusufu"", ""Ihi"", ""Wuro Eli"", ""Gidan Same"", ""Tunga-Rini"", ""Aguluri"", ""Agulure"", ""Gidan Chica"", ""Wuchi"", ""Degel"", ""Shela, River"", ""Shela River"", ""Sabon Gari"", ""Tamba Garka"", ""Rama"", ""Kangiye"", ""Ranganda"", ""Chobal"", ""Gidan-Alamu"", ""Mulela"", ""Tungan Dandunu"", ""Danogaba, River"", ""Dangaba, River"", ""Chancha"", ""Gwadabawa"", ""Dambala"", ""Dambala"", ""Dambala"", ""Tajayi"", ""Gidan-Masa"", ""Choncha"", ""Chancha"", ""Bagoruwa"", ""Wadai"", ""Dangaba"", ""Bakanta"", ""Salame"", ""Ilela"", ""Choncha Hill"", ""Chancha Hill"", ""Lukpo"", ""Alfa, River"", ""Gidan Mekatura"", ""Mekatura"", ""Balah"", ""Alela"", ""Olaho"", ""Yalao"", ""Atukuwani"", ""Manlela"", ""Gusau"", ""Guamela"", ""Abdolo"", ""Abdelo"", ""Sangu"", ""Walibasa"", ""Tudun Dawaki"", ""Tudun Doki"", ""Gidan Kura"", ""Gidan-Zaki"", ""Bingga"", ""Walibasa"", ""Ere"", ""Koren Gesu"", ""Tunga Bebe"", ""Meli"", ""Mele"", ""Jian Ruwaku"", ""Gidan Ardo"", ""Tugan Numan"", ""Tungan Numan"", ""Dabwasa"", ""Karayi"", ""Tunga Kwangi"", ""Kalaba"", ""Sabongari"", ""Tunga Madugu"", ""Aduwa Masa"", ""Dangeru"", ""Gidan Kako"", ""Sabongari"", ""Tungan Zaki"", ""Koren Gesu Gesu"", ""Gamaru"", ""Tunga-Tudu"", ""Asura"", ""Asara"", ""Tunga Besa"", ""Rambuji"", ""Sinkafatu, River"", ""Guberu"", ""Mache"", ""Gulumbawa"", ""Tungan Haruna"", ""Gidan Mana"", ""Jema"", ""Tungayama"", ""Gidan Runa"", ""Gidan Rana"", ""Tungan Jakai"", ""Mamande"", ""Roga-Fulani"", ""Bamana"", ""Nnage"", ""Sakamaru"", ""Tungan-Dulu"", ""Tunga-Dulu"", ""Lafchedi"", ""Leguwa"", ""Bamana, River"", ""Rangadawa"", ""Tungfafe"", ""Jema"", ""Gidan-Ango"", ""Gidan Busel"", ""Gidan Pawa"", ""Burtali"", ""Angwan Tudu"", ""Tugan Tudu"", ""Majja, River"", ""Kilya"", ""Rubo-Dawa"", ""Gigani"", ""Gigane"", ""Dangkado"", ""Dankado"", ""Tunga Rafi"", ""Tungan Rafi"", ""Tunkwura"", ""Tunkarra"", ""Tunkwura"", ""Tukwura"", ""Gidan Almuwa Karembi"", ""Tabani"", ""Zango"", ""Gidan Almuwa"", ""Gidan Almuwa"", ""Mamande"", ""Zugana"", ""Zungwan Ate"", ""Fodankai"", ""Gidan Illagamu"", ""Gidan Geza"", ""Momonsuka"", ""Mamansuka"", ""Gidan Kare"", ""Gidan Tune"", ""Gidan Anazar"", ""Yantawu Hill"", ""Dakura"", ""Mansuka"", ""Mukama"", ""Makina"", ""Bawda"", ""Makina Fadama"", ""Tabaro, Pond"", ""Hura"", ""Mulela"", ""Makina"", ""Sarkin Mata Hill"", ""Bayanka""]",Source polygon component; not independently named as an island or proof of complete physical land coverage.
gb:NGA:ADM2:59680162B73411137510562,Onitsha North,geoBoundaries NGA ADM2 2022,Local Government Area,Onitsha North,,0,1,True,39.885125,"[6.76258828472163, 6.118225018070177, 6.83777091799351, 6.206476127171584]",,,Pinned source component; no independent named-island or complete physical land assessment.
gb:NGA:ADM2:59680162B73411137510562,Onitsha North,current OCHA COD-AB NGA ADM2,Local Government Area,Onitsha North,NG004017,0,1,True,37.618806,"[6.762889290000032, 6.129131797000127, 6.835141213000099, 6.19449180800018]",4,"[""Nsiki, River"", ""Nkisi, River"", ""Anambra, River"", ""Akpaka Forest Reser""]",Source polygon component; not independently named as an island or proof of complete physical land coverage.
gb:NGA:ADM2:59680162B73807077480910,Isu,geoBoundaries NGA ADM2 2022,Local Government Area,Isu,,0,1,True,66.843004,"[7.002079000145784, 5.626658998813809, 7.100396006870255, 5.736378414432352]",,,Pinned source component; no independent named-island or complete physical land assessment.
gb:NGA:ADM2:59680162B73807077480910,Isu,current OCHA COD-AB NGA ADM2,Local Government Area,Isu,NG017010,0,1,True,52.595385,"[7.016506396000125, 5.643179341000064, 7.091062035, 5.732664278000129]",4,"[""Amurie"", ""Amanduba"", ""Ekwe"", ""Isu-Njaba""]",Source polygon component; not independently named as an island or proof of complete physical land coverage.
gb:NGA:ADM2:59680162B73952515985037,Nnewi North,geoBoundaries NGA ADM2 2022,Local Government Area,Nnewi North,,0,1,True,68.354151,"[6.86194848433513, 5.968425732661501, 6.954950266641561, 6.071137539166159]",,,Pinned source component; no independent named-island or complete physical land assessment.
gb:NGA:ADM2:59680162B73952515985037,Nnewi North,current OCHA COD-AB NGA ADM2,Local Government Area,Nnewi North,NG004014,0,1,True,68.586177,"[6.872463043000096, 5.965179504000048, 6.960412067, 6.073711830000036]",6,"[""Okofia"", ""Otolo"", ""Umudim"", ""Nnewi"", ""Newi"", ""Uruagu""]",Source polygon component; not independently named as an island or proof of complete physical land coverage.
gb:NGA:ADM2:59680162B7486965108625,Aguata,geoBoundaries NGA ADM2 2022,Local Government Area,Aguata,,0,1,True,184.083817,"[6.995627994036738, 5.899531364181144, 7.202844619583573, 6.059501911783855]",,,Pinned source component; no independent named-island or complete physical land assessment.
gb:NGA:ADM2:59680162B7486965108625,Aguata,current OCHA COD-AB NGA ADM2,Local Government Area,Aguata,NG004001,0,1,True,173.497688,"[6.983746336000081, 5.906905658000028, 7.202844695000181, 6.056310677000113]",16,"[""Amaeshi"", ""Umuchu"", ""Uga"", ""Ibughubu"", ""Achina"", ""Akpo"", ""Amaekwulu"", ""Nkpologwu"", ""Aku"", ""Aguluezechuku"", ""Agulezechuku"", ""Igbo-Ukwu"", ""Igbo"", ""Aguata"", ""Ekwulobia"", ""Isuofia""]",Source polygon component; not independently named as an island or proof of complete physical land coverage.
gb:NGA:ADM2:59680162B75618838886778,Rijau,geoBoundaries NGA ADM2 2022,Local Government Area,Rijau,,0,1,True,3005.730937,"[4.70340633393522, 10.709569966780577, 5.432406060091637, 11.39063297972831]",,,Pinned source component; no independent named-island or complete physical land assessment.
gb:NGA:ADM2:59680162B75618838886778,Rijau,current OCHA COD-AB NGA ADM2,Local Government Area,Rijau,NG027021,0,1,True,3119.160631,"[4.69921731300002, 10.713765871000021, 5.440724555000088, 11.373295817999974]",90,"[""Ifanna"", ""Iyado"", ""Tungan Fona"", ""Fona"", ""Argida"", ""Sulibawa"", ""Genu"", ""Yungu"", ""Yungu Hill"", ""Warari"", ""Angu"", ""Malingo"", ""Shombo"", ""Kambuwa"", ""Inana"", ""Zente"", ""Sar Shombo"", ""Tungar Sarkin Shombo"", ""Tungan Sarkin Shombo"", ""Tungan Sar Shombo"", ""Kuka Panjam"", ""Tungan Kuka Panjam"", ""Shangeri Hill"", ""Jamao├Çoare"", ""Udaru"", ""Birnin Dutse Hill"", ""Koso"", ""Rijau"", ""Mahunju"", ""Odunde, River"", ""Anama Hill"", ""Anama"", ""Rahim Bissa Hill"", ""Maizala"", ""Iri Man Hill"", ""Sakaba"", ""Igerbu"", ""Rijiya Buture"", ""Tungan Bisalla Make*"", ""Bisalla Makeri"", ""Iri"", ""Igerbu Hill"", ""Kunte"", ""Aliu"", ""Tungan Aliu"", ""Damana"", ""Iriye"", ""Sakaba Hill"", ""Kubaye"", ""Kube"", ""Rafi Na Kacheri"", ""Daforo"", ""Tarikari"", ""Gidan Sule"", ""Sabon Gari"", ""Sori"", ""Iruzum Hill"", ""Sindiri"", ""Rugan Chibau"", ""Rugan Gabas"", ""Odoshi"", ""Mallam Tsoho"", ""Duku"", ""Dukku"", ""Kacheri Boduke"", ""Sindiri"", ""Uganda"", ""Chinama"", ""Rini"", ""Kwabo"", ""Danrenge"", ""Zau"", ""Tungan Zau"", ""Yakana"", ""Itoki"", ""Tukura"", ""Isa Hill"", ""Kongo"", ""Namano Hill"", ""Darga"", ""Tungan Dan Zaki"", ""Dan Zaki"", ""Bakin Dutse Hill"", ""Bambadawa"", ""Uganda"", ""Rukwene"", ""Ashana"", ""Sabon Sara"", ""Dangagi"", ""Dalahko""]",Source polygon component; not independently named as an island or proof of complete physical land coverage.
gb:NGA:ADM2:59680162B76063539046075,Isoko North,geoBoundaries NGA ADM2 2022,Local Government Area,Isoko North,,0,1,True,453.967139,"[6.055731773002947, 5.404337882687173, 6.456498116894636, 5.6379380234211]",,,Pinned source component; no independent named-island or complete physical land assessment.
gb:NGA:ADM2:59680162B76063539046075,Isoko North,current OCHA COD-AB NGA ADM2,Local Government Area,Isoko North,NG010009,0,2,True,458.569699,"[6.055731767000168, 5.39029487900018, 6.45441939300008, 5.637938020000092]",69,"[""Kiagbodor"", ""Otewo Camp"", ""Emovie Pond"", ""Iyede"", ""Ogheneurie"", ""Itobi-Ige"", ""Etebege"", ""Itebiege"", ""Onogboko"", ""Ewusagba"", ""Iyede"", ""Ige"", ""Ivwride"", ""Alagba"", ""Iterege"", ""Iteregbe"", ""Oteri-Iyede"", ""Ewohkpokpo"", ""Dorlo"", ""Ebor"", ""Ekuigbo"", ""Kugbedi"", ""Asume"", ""Ekpe"", ""Ogara"", ""Ogara"", ""Oghara"", ""Okpe"", ""Ukpe"", ""Igbide"", ""Eziro Camp"", ""Ogwewho"", ""Osabari-Okpe Camp"", ""Rorvwu"", ""Emevo"", ""Emevor"", ""Uruovo Owe"", ""Uruovo Owhe"", ""Akiewe"", ""Iwre-Grigri"", ""Ekreka"", ""Erovie Quarters"", ""Etewe Quarters"", ""Usoro"", ""Ozoro"", ""Erawah"", ""Ewhotie"", ""Ofagbe"", ""Eniagbodhi"", ""Otibio"", ""Iwrekpokpor"", ""Edjeba"", ""Ivrogbo"", ""Igbuku"", ""Oghrere"", ""Emanweta"", ""Ujevbe"", ""Egbahe"", ""Ilu"", ""Ellu"", ""Orrode"", ""Ovrode"", ""Ilueologbo Owe"", ""Ilue-Ologbo"", ""Ebe, Lake"", ""Ndoni"", ""Abara"", ""Iyere Shrine"", ""Aradhe""]",Source polygon component; not independently named as an island or proof of complete physical land coverage.
gb:NGA:ADM2:59680162B76063539046075,Isoko North,current OCHA COD-AB NGA ADM2,Local Government Area,Isoko North,NG010009,1,2,True,23.50727,"[6.251990311999975, 5.413743645000011, 6.310245390999967, 5.467589566000072]",3,"[""Bethel"", ""Ada"", ""Oyode""]",Source polygon component; not independently named as an island or proof of complete physical land coverage.
gb:NGA:ADM2:59680162B76072611977433,Ogori/Magongo,geoBoundaries NGA ADM2 2022,Local Government Area,Ogori/Magongo,,0,1,True,79.210168,"[6.108257771578963, 7.429427147145191, 6.225323200405398, 7.528297900627649]",,,Pinned source component; no independent named-island or complete physical land assessment.
gb:NGA:ADM2:59680162B76072611977433,Ogori/Magongo,current OCHA COD-AB NGA ADM2,Local Government Area,Ogori/Magongo,NG023015,0,1,True,79.310357,"[6.108257753000146, 7.429427153, 6.225323300000127, 7.52829782200007]",6,"[""Lankpeshi"", ""Ogori"", ""Gori"", ""Magongo"", ""Magogo"", ""Okpotoku Camp""]",Source polygon component; not independently named as an island or proof of complete physical land coverage.
gb:NGA:ADM2:59680162B76413580563978,Dunukofia,geoBoundaries NGA ADM2 2022,Local Government Area,Dunukofia,,0,1,True,85.850782,"[6.889259730252377, 6.14018783480077, 7.011070648591613, 6.304861711698663]",,,Pinned source component; no independent named-island or complete physical land assessment.
gb:NGA:ADM2:59680162B76413580563978,Dunukofia,current OCHA COD-AB NGA ADM2,Local Government Area,Dunukofia,NG004008,0,2,True,31.900807,"[6.952367678000087, 6.234434647000057, 7.008407840000075, 6.316472707000116]",2,"[""Nogu"", ""Ukwulu""]",Source polygon component; not independently named as an island or proof of complete physical land coverage.
gb:NGA:ADM2:59680162B76413580563978,Dunukofia,current OCHA COD-AB NGA ADM2,Local Government Area,Dunukofia,NG004008,1,2,True,21.466434,"[6.908619386000055, 6.154052973000091, 6.979560073000187, 6.216632265000044]",4,"[""Umudioka-Ogidi"", ""Umunachi"", ""Ifite-Ukpo"", ""Ifite-Ukpo (1)""]",Source polygon component; not independently named as an island or proof of complete physical land coverage.
gb:NGA:ADM2:59680162B76636581595069,Ilejemeje,geoBoundaries NGA ADM2 2022,Local Government Area,Ilejemeje,,0,1,True,97.162481,"[5.161178832637063, 7.87772564242448, 5.271652365764112, 8.002367894562724]",,,Pinned source component; no independent named-island or complete physical land assessment.
gb:NGA:ADM2:59680162B76636581595069,Ilejemeje,current OCHA COD-AB NGA ADM2,Local Government Area,Ilejemeji,NG013012,0,1,True,94.671625,"[5.164706863000049, 7.90427777400015, 5.282862325000053, 8.020535576000043]",13,"[""Ipere"", ""Ewu"", ""Iporo-Ekiti"", ""Iporo"", ""Iye"", ""Iye"", ""Aye"", ""Aye (1)"", ""Okunrun"", ""River Okunrun"", ""Okunrun River"", ""Eda-Oniyo"", ""Ijesha-Iye""]",Source polygon component; not independently named as an island or proof of complete physical land coverage.
gb:NGA:ADM2:59680162B77604659700593,Oshimili North,geoBoundaries NGA ADM2 2022,Local Government Area,Oshimili North,,0,1,True,509.047987,"[6.566042900359605, 6.101227282812886, 6.723134636254485, 6.50123405570713]",,,Pinned source component; no independent named-island or complete physical land assessment.
gb:NGA:ADM2:59680162B77604659700593,Oshimili North,current OCHA COD-AB NGA ADM2,Local Government Area,Oshimili North,NG010014,0,1,True,510.207305,"[6.566042762000109, 6.101227226999981, 6.725022284000033, 6.501234142000101]",43,"[""Oko-Anala"", ""Ibusa"", ""Ughoru"", ""Ugboru"", ""Okpanam"", ""Iyiwundon"", ""Egolgwe"", ""Asoko"", ""Ugbolu"", ""Ochonkie"", ""Ochankie"", ""Odozienu"", ""Ugbolu Camp"", ""Anikoko"", ""Atumo"", ""Atuma"", ""Ingene"", ""Akwukwu"", ""Akwukwu-Igbo"", ""Ugbo-Obi"", ""Ngegwu"", ""Ngegu"", ""Anikoko"", ""Aniwalo"", ""Ukuani-Iyegbu"", ""Okala-Okpuno"", ""Aniomodue"", ""Ugumoeke"", ""Illah"", ""Allah"", ""Okuta"", ""Ugu Ozala"", ""Ogu-Ozella"", ""Ugu-Ozalla"", ""Illah Waterside"", ""Allah"", ""Okala"", ""Iyiuku, River"", ""Ebu"", ""Eko"", ""Utor, River"", ""Ogodo"", ""Ogo""]",Source polygon component; not independently named as an island or proof of complete physical land coverage.
gb:NGA:ADM2:59680162B78900735102434,Owerri West,geoBoundaries NGA ADM2 2022,Local Government Area,Owerri West,,0,2,True,6.481354,"[6.986197999837884, 5.26004599962323, 7.017200999626482, 5.28845999962931]",,,Pinned source component; no independent named-island or complete physical land assessment.
gb:NGA:ADM2:59680162B78900735102434,Owerri West,geoBoundaries NGA ADM2 2022,Local Government Area,Owerri West,,1,2,True,280.304481,"[6.869743121647787, 5.28869899985898, 7.080608765282363, 5.569420221765881]",,,Pinned source component; no independent named-island or complete physical land assessment.
gb:NGA:ADM2:59680162B78900735102434,Owerri West,current OCHA COD-AB NGA ADM2,Local Government Area,Owerri West,NG017025,0,1,True,286.304605,"[6.878492021000113, 5.265475730000105, 7.062204237000117, 5.551291337]",37,"[""Imeabiam"", ""Olokwu"", ""Emeabiam"", ""Eziobo"", ""Ihiagwa"", ""Umuaje"", ""Opala"", ""Okolochi"", ""Ihaigba"", ""Ezeogwu"", ""Obinze"", ""Oforola"", ""Obesema"", ""Umu Oma"", ""Nekede"", ""Osuji Beach"", ""Umuecheta"", ""Umuyeche"", ""Avu"", ""Umuojala"", ""Umuoku"", ""Oboku-Avu"", ""Obogwe"", ""Umuderu"", ""Umuoguma"", ""Ogbosisi"", ""Amapun"", ""Umu-Aguwa"", ""Obuogwu"", ""Uborji"", ""Okuku"", ""Umukirie"", ""Owerri Division"", ""Ndegwu"", ""Irete"", ""Amakohia"", ""Orogwe""]",Source polygon component; not independently named as an island or proof of complete physical land coverage.
gb:NGA:ADM2:59680162B797578221173,Wurno,geoBoundaries NGA ADM2 2022,Local Government Area,Wurno,,0,1,True,665.739841,"[5.326669644688423, 13.105800875410125, 5.860999499227546, 13.377247041917485]",,,Pinned source component; no independent named-island or complete physical land assessment.
gb:NGA:ADM2:59680162B797578221173,Wurno,current OCHA COD-AB NGA ADM2,Local Government Area,Wurno,NG034022,0,1,True,680.375416,"[5.310410666999985, 13.11299292199999, 5.851182500000164, 13.357028787000047]",72,"[""Gelgel"", ""Makera"", ""Alkamu"", ""Gidan Segaya"", ""Kandem"", ""Kutawa"", ""Gidan Enda"", ""Adarawa"", ""Chacho"", ""Chaco"", ""Acida"", ""Gidan Pako"", ""Sabun Birni"", ""Sabun Birnin"", ""Kwasare"", ""Wamachi"", ""Umaru"", ""Saketa"", ""Gidan Bango"", ""Marnona"", ""Bornawa"", ""Tunga"", ""Lahodu"", ""Dabagi Bum"", ""Dinawa"", ""Sabon-Gari"", ""Gidan Magadji"", ""Doliyel"", ""Gawo Arna"", ""Dabagin Rama"", ""Busau"", ""Sidingu"", ""Kadagiwa"", ""Kadegiwa"", ""Dan Kemu"", ""Tunga-Dankemo"", ""Oruga"", ""Dabage"", ""Dabagin Gimsua"", ""Dabgin Gimsua"", ""Gawasu"", ""Kwadawa"", ""Dabagin Yari"", ""Gidan-Boba"", ""Masama"", ""Wurno Hill"", ""Kenkeies"", ""Munki"", ""Diggim"", ""Digim"", ""Lugu"", ""Sabon Gari"", ""Ungwan Jodo"", ""Jodo"", ""Takalmawa"", ""Tambagarka"", ""Yawurno"", ""Wurno"", ""Koliyal"", ""Yawurno"", ""Arba"", ""Gidan Modi"", ""Awakala"", ""Malamawa"", ""Baranzaki"", ""Sayawa"", ""Gidan-Pamba"", ""Daje"", ""Gidan-Bango"", ""Dimbisu"", ""Mara-Mawa"", ""Duwa""]",Source polygon component; not independently named as an island or proof of complete physical land coverage.
gb:NGA:ADM2:59680162B80670265641804,Etsako Central,geoBoundaries NGA ADM2 2022,Local Government Area,Etsako Central,,0,1,True,708.769888,"[6.351548113654587, 6.790061912227543, 6.679398536713165, 7.166707992779664]",,,Pinned source component; no independent named-island or complete physical land assessment.
gb:NGA:ADM2:59680162B80670265641804,Etsako Central,current OCHA COD-AB NGA ADM2,Local Government Area,Etsako Central,NG012007,0,1,True,662.734689,"[6.360746510000013, 6.790461955000069, 6.679398608000042, 7.166708030999985]",25,"[""Ifeku-Island"", ""Alegbette"", ""Alegbetta"", ""Odaba"", ""Udaba"", ""Uwpeko"", ""Orle, River"", ""Awle, River"", ""Udochi"", ""Osomegbe"", ""Ogonmeri"", ""Sukoro"", ""Ogonosi"", ""Odame"", ""Azukala"", ""Ugbekpe"", ""Ugbeke"", ""Adukuia"", ""Okpemi"", ""Fugar"", ""Otuga"", ""Ogbona"", ""Ogboma"", ""Ukho"", ""Udochi""]",Source polygon component; not independently named as an island or proof of complete physical land coverage.
gb:NGA:ADM2:59680162B80813578140782,Gusau,geoBoundaries NGA ADM2 2022,Local Government Area,Gusau,,0,2,True,1224.712273,"[6.49710955436251, 11.564771011572986, 6.826923639014751, 12.221416090979858]",,,Pinned source component; no independent named-island or complete physical land assessment.
gb:NGA:ADM2:59680162B80813578140782,Gusau,geoBoundaries NGA ADM2 2022,Local Government Area,Gusau,,1,2,True,804.895017,"[6.86904943678212, 12.066700551889028, 7.156845295174264, 12.4332571968622]",,,Pinned source component; no independent named-island or complete physical land assessment.
gb:NGA:ADM2:59680162B80813578140782,Gusau,current OCHA COD-AB NGA ADM2,Local Government Area,Gusau,NG037007,0,2,True,2064.388193,"[6.513033284000073, 11.243258242000024, 6.907266648000189, 12.219857499000113]",157,"[""Sokoto Native Area"", ""Kwiambana Forest Re"", ""Gusau And South Kwi"", ""Tuturiki Hill"", ""Rusu"", ""Katoge"", ""Katage"", ""Ungwan Sarkin Pawa"", ""Unguwar Sarkin Pawa"", ""Babban Kauye"", ""Mai Fillani"", ""Mai Yara"", ""Mai Nasara"", ""Bauchi"", ""Farimana"", ""Ala"", ""Unuwar Mallam Koshi"", ""Ungwan Mallam Koshi"", ""Madaba Hill"", ""Ungwan Momo"", ""Ungwan Bauka"", ""Unguwar Mallam Sani"", ""Mallam Sani"", ""Ungwan Mallam Sani"", ""Ungwan Dan Madubu"", ""Larendei"", ""Larende"", ""Ladaka"", ""Kabasa"", ""Kabasa, River"", ""Ungwan Liman"", ""Magami"", ""Madaba"", ""Madoba"", ""Madaba, River"", ""Mazenya"", ""Mazenya, River"", ""Gadago"", ""Gadago, River"", ""Zauni"", ""Marebi Sokoto Nativ"", ""Marbe Native Area F"", ""Maribi Hill"", ""Marbi"", ""Tofa"", ""Jam-Gemi"", ""Jangemi"", ""Jan Gemi"", ""Madarau"", ""Madoro"", ""Tungan Haki"", ""Haki"", ""Tungar Haki"", ""Tudun Haki"", ""Ruwan Bawa"", ""Dan Ladan"", ""Ungwan Dan Jumo"", ""Jira"", ""Mallam Bawa"", ""Unguwar Mallam Bawa"", ""Guidan Shagwo"", ""Gidan Shagwa"", ""Duru"", ""Mallamai"", ""Unguwar Mallamai"", ""Guidan Mallam Chido"", ""Gidan Mallam Chido"", ""Tubwibwi"", ""Guidan Gula"", ""Gidan Gula"", ""Marake"", ""Guidan Dan Mai-Zare"", ""Gidan Dan Mai Zare"", ""Unguwar Naiya"", ""Naiya"", ""Guidan Bawa"", ""Gidan Bawa"", ""Guidan Agama"", ""Gidan Agama"", ""Duma"", ""Wanke"", ""Gidan Dogon Daji"", ""Guidan Dogon Daji"", ""Guidan Idi"", ""Gidan Idi"", ""Guidan Labo"", ""Gidan Labo"", ""Karazau"", ""Gajera"", ""Guidan Alu"", ""Gidan Alu"", ""Karazau"", ""Gidan Dan Hagu"", ""Guidan Dan Hagu"", ""Guidan Sake"", ""Gidan Sake"", ""Guidan Bawa"", ""Gidan Bawa"", ""Gidan Fakkam"", ""Guidan Fakkam"", ""Guidan Kolo"", ""Gidan Kolo"", ""Gidan Musa"", ""Guidan Musa"", ""Gidan Kadi"", ""Guidan Kadi"", ""Dokau"", ""Guidan Halilu"", ""Gidan Halilu"", ""Gidan Manuga"", ""Guidan Manuga"", ""Sarkin Noma"", ""Ingaski"", ""Guidan Goje"", ""Gidan Goje"", ""Chida"", ""Gidan Chida"", ""Guidan Ladi"", ""Gidan Ladi"", ""Gidan Ardo"", ""Guidan Ardo"", ""Guidan Mallam Yaya"", ""Gidan Mallam Yaya"", ""Geba"", ""Unguwar Mani"", ""Mani"", ""Unguwar Nadamau"", ""Nadamau"", ""Guidan Bako"", ""Gidan Bako"", ""Unguwar Hayi"", ""Hayi"", ""Dunba"", ""Gidan Mage"", ""Guidan Mage"", ""Gidan Girbi"", ""Guidan Girbi"", ""Ruga"", ""Mareri"", ""Gidan Damo"", ""Guidan Damo"", ""Gusau"", ""Gidan Maman"", ""Guidan Maman"", ""Gusau"", ""Farakuwa"", ""Aberma"", ""Guidan Begini"", ""Gidan Begini"", ""Jenyau"", ""Guidan Kuje"", ""Gidan Kuje"", ""Danabu"", ""Danabo"", ""Mai Didi"", ""Guidan Dogo"", ""Gidan Dogo""]",Source polygon component; not independently named as an island or proof of complete physical land coverage.
gb:NGA:ADM2:59680162B80813578140782,Gusau,current OCHA COD-AB NGA ADM2,Local Government Area,Gusau,NG037007,1,2,True,645.010058,"[6.886982156000158, 12.076024787000051, 7.1525086420001, 12.330519135000088]",70,"[""Gagere, River"", ""Gagere, River"", ""Guidan Wakaso"", ""Gidan Wakaso"", ""Gagere, River"", ""Ungwan Danwaru"", ""Guidan Nuhu"", ""Gidan Nuhu"", ""Yelwa"", ""Guidan Sarkin Noma"", ""Gidan Sarkin Noma"", ""Guidan Husaini"", ""Gidan Husaini"", ""Bawo"", ""Unguwar Hayin Baja"", ""Hayin Baja"", ""Wauni"", ""Wauni, Dutsen"", ""Makera"", ""Unguwar Makera"", ""Akuzo"", ""Mada"", ""Guidan Jatto"", ""Gidan Jatto"", ""Mara, River"", ""Unguwar Nakoto"", ""Nakoto"", ""Yargeba"", ""Dorka"", ""Gidan Mai Jatau"", ""Guidan Mai-Jatau"", ""Tsuna"", ""Unguwar Tsuna"", ""Unguwar Wake"", ""Unguwar Gora"", ""Gora"", ""Kaboki"", ""Sullubawa"", ""Ruwan Bore"", ""Manya"", ""Karki"", ""Unguwar Karki"", ""Gidan Magajin Toga"", ""Guidan Magajin Toga"", ""Tangali"", ""Unguwar Tangali"", ""Rafi"", ""Kundumau"", ""Unguwar Mata"", ""Mata"", ""Gidan Magagi"", ""Guidan Magagi"", ""Guidan Aljeni"", ""Gidan Aljeni"", ""Fura Girki"", ""Guidan Amadu"", ""Gidan Amadu"", ""Unguwar Gude"", ""Gude"", ""Wonaka"", ""Waunaka"", ""Ungwan Lilu"", ""Lilu"", ""Unguwar Lilu"", ""Maaji"", ""Unguwar Maaji"", ""Majiro"", ""Unguwar Majiro"", ""Gidan Ajia"", ""Ajia""]",Source polygon component; not independently named as an island or proof of complete physical land coverage.
gb:NGA:ADM2:59680162B80910542790982,Udu,geoBoundaries NGA ADM2 2022,Local Government Area,Udu,,0,1,True,152.753467,"[5.743719031707997, 5.408524990336105, 5.891139984422807, 5.561960985710982]",,,Pinned source component; no independent named-island or complete physical land assessment.
gb:NGA:ADM2:59680162B80910542790982,Udu,current OCHA COD-AB NGA ADM2,Local Government Area,Udu,NG010018,0,1,True,165.818484,"[5.721176822000189, 5.408525027000053, 5.89114001300004, 5.549076956000022]",48,"[""Akperhere"", ""Okolo-Urhie"", ""Ekrota"", ""Okolo"", ""Otugbo"", ""Oghior"", ""Ogbe-Udu"", ""Ayama"", ""Epame"", ""Otujeremi"", ""Emadaoja"", ""Esaba Stream"", ""Obusu"", ""Ubogo"", ""Ukpovwi"", ""Ukpiovwi"", ""Edjovhe"", ""Oleri"", ""Ugbisi"", ""Otudu"", ""Otor Udu"", ""Iwhreka"", ""Ujewu"", ""Ujevwu"", ""Egini"", ""Edjovhe"", ""Edjophe"", ""Egiegi"", ""Owodokpokpor"", ""Ovwodokpokpor"", ""Erhievhio"", ""Owhrode"", ""Ogbe-Ijoh"", ""Egeregere"", ""Asagba"", ""Aladja"", ""Aladja Omia"", ""Ovwian"", ""Ekete"", ""Asagba"", ""Ovwian"", ""Owurode"", ""Obodo"", ""Ekete"", ""Ohwase"", ""Igbogidi"", ""Okpaka"", ""Opete""]",Source polygon component; not independently named as an island or proof of complete physical land coverage.
gb:NGA:ADM2:59680162B82021418174103,Kwali,geoBoundaries NGA ADM2 2022,Local Government Area,Kwali,,0,1,True,1240.996455,"[6.792969703688925, 8.519809169057964, 7.191389084138962, 8.94010050143703]",,,Pinned source component; no independent named-island or complete physical land assessment.
gb:NGA:ADM2:59680162B82021418174103,Kwali,current OCHA COD-AB NGA ADM2,Local Government Area,Kwali,NG015006,0,1,True,1252.527076,"[6.792969859000095, 8.51999714800013, 7.191389189, 8.917745049000189]",45,"[""Robo, River"", ""Afara Bokwoi, River"", ""Dangara"", ""Ashera"", ""Wako"", ""Kwakoto"", ""Fukafu"", ""Kato"", ""Kamadi"", ""Kwaita"", ""Fwoge"", ""Foibi"", ""Sabon-Gida"", ""Rada"", ""Reda"", ""Piri"", ""Guduga"", ""Gudugu"", ""Daduma"", ""Yangoji"", ""Dafa"", ""Fuka"", ""Koroko"", ""Takura"", ""Dafa"", ""Tungan Sarki"", ""Ruwaza"", ""Kwutara"", ""Tungan Galadima"", ""Tungan Tofa"", ""Abuja Federal Capit"", ""Abuja"", ""Fct"", ""Federal Capital Ter"", ""Sukuku"", ""Chukuku Hill"", ""Gomani"", ""Adadu"", ""Kwali"", ""Takunda"", ""Kundu"", ""Pai"", ""Gidan Maiaki"", ""Maiaki"", ""Lele Ye Saba Basa""]",Source polygon component; not independently named as an island or proof of complete physical land coverage.
gb:NGA:ADM2:59680162B82387239737873,Kuje,geoBoundaries NGA ADM2 2022,Local Government Area,Kuje,,0,1,True,1887.552871,"[6.977662253710093, 8.41933623467952, 7.499610423981949, 8.927460611018432]",,,Pinned source component; no independent named-island or complete physical land assessment.
gb:NGA:ADM2:59680162B82387239737873,Kuje,current OCHA COD-AB NGA ADM2,Local Government Area,Kuje,NG015005,0,1,True,1532.441207,"[6.97698565900015, 8.459823651000079, 7.477623737999977, 8.938414862000059]",32,"[""Gwargwada"", ""Gwaragwada"", ""Kworro"", ""Tudar"", ""Zagabutu"", ""Zagabuta"", ""Gwombe"", ""Rubochi"", ""Sankache"", ""Takworiki"", ""Yewu"", ""Agwai"", ""Bambo"", ""Kashimoro"", ""Tudai"", ""Buzai Tudai"", ""Kujakwa"", ""Kumao"", ""Yabo"", ""Tagwar"", ""Tagwai"", ""Gadara"", ""Yebu"", ""Kwaku"", ""Kabi"", ""Chigwai"", ""Gao"", ""Zango"", ""Barari"", ""Gaubi"", ""Sabo"", ""Mule""]",Source polygon component; not independently named as an island or proof of complete physical land coverage.
gb:NGA:ADM2:59680162B82820769085578,Ogu Bolo,geoBoundaries NGA ADM2 2022,Local Government Area,Ogu Bolo,,0,1,True,184.124218,"[7.118722800716739, 4.5018772764152, 7.282056483619897, 4.741211336234244]",,,Pinned source component; no independent named-island or complete physical land assessment.
gb:NGA:ADM2:59680162B82820769085578,Ogu Bolo,current OCHA COD-AB NGA ADM2,Local Government Area,Ogu/Bolo,NG033017,0,1,True,130.006348,"[7.150341553000146, 4.55198242900002, 7.252555584000049, 4.747754083000189]",23,"[""Bonny-Owuwukiri"", ""Owokiri Creek"", ""Yobelekiri"", ""Igweali Creek"", ""Greenkiri"", ""Gbolobiri"", ""Alochia"", ""Ininokiribi"", ""Asangalaka"", ""Bolo Creek"", ""Ivy Point"", ""Oroberekiri"", ""Aworkiri"", ""Otobiri"", ""Oroberekiri Creek"", ""Owo Ogono"", ""Owuorgonor"", ""Bolo"", ""Wakama"", ""Tamuna Ama"", ""Ogu"", ""Oyu"", ""Ogu""]",Source polygon component; not independently named as an island or proof of complete physical land coverage.
gb:NGA:ADM2:59680162B83278495681126,Edati,geoBoundaries NGA ADM2 2022,Local Government Area,Edati,,0,1,True,1048.989307,"[5.407071589682175, 8.851100090696661, 5.843348026090553, 9.200528242584369]",,,Pinned source component; no independent named-island or complete physical land assessment.
gb:NGA:ADM2:59680162B83278495681126,Edati,current OCHA COD-AB NGA ADM2,Local Government Area,Edati,NG027007,0,1,True,911.373731,"[5.407071621000057, 8.89806861000011, 5.837540710000155, 9.19380395900015]",20,"[""Bafu"", ""Gazhe"", ""Dalada"", ""Kagwa"", ""Bongi"", ""Botan"", ""Lamfa"", ""Lemfa"", ""Edosalagi"", ""Kpatagi"", ""Gata"", ""Maba"", ""Ganegi"", ""Kwale"", ""Diko"", ""Esu"", ""Sakpe"", ""Enagi"", ""Seterato"", ""Fazhigi""]",Source polygon component; not independently named as an island or proof of complete physical land coverage.
gb:NGA:ADM2:59680162B83694422254145,Bonny,geoBoundaries NGA ADM2 2022,Local Government Area,Bonny,,0,1,True,241.402057,"[7.132183773062707, 4.374508025325156, 7.34139108033412, 4.54484232331464]",,,Pinned source component; no independent named-island or complete physical land assessment.
gb:NGA:ADM2:59680162B83694422254145,Bonny,current OCHA COD-AB NGA ADM2,Local Government Area,Bonny,NG033007,0,1,True,551.545248,"[7.04974797, 4.379091746000086, 7.333048899000062, 4.641889080000169]",57,"[""Egelebie-Jumbo"", ""Eyamba Town"", ""Ebentubu"", ""Akusu"", ""Gboto"", ""Kelele Creek"", ""Egelebie Creek"", ""Opotumbi"", ""Ogibe"", ""Nanabie Creek"", ""Apapasu"", ""Omubiokolo"", ""Nanabie"", ""Peterside"", ""Peter Fortis Point"", ""Ilabie"", ""Opo"", ""Eferewarie"", ""Owokpo"", ""Okolomabie"", ""Isitumbi"", ""Sanai"", ""Child, The"", ""Odumdum Creek"", ""Opobulaka Creek"", ""Amabiribe Creek"", ""Ogidigbo"", ""Allan Point"", ""Wallis Point"", ""Winstanley Head"", ""Winstanley Point"", ""Sobiekiri Iii"", ""Sobiekiri Ii"", ""Opobo Creek"", ""Pobo Channel"", ""Opobo Channel"", ""Sobiekiri I"", ""Sodiyenkiri"", ""Hughes Channel"", ""Nosworthy Point"", ""Trojan Point"", ""Adamakiri"", ""Atabakiri"", ""West Point"", ""Fairweather Island"", ""Fairweath Island"", ""Bell Point"", ""Belli Point"", ""East Point"", ""North Point"", ""Dikiborotori-Sinka"", ""Hutton Creek"", ""Solomon Basin"", ""Oporbakiri"", ""Winfred Junction"", ""Biemekiri Creek"", ""Pribiri""]",Source polygon component; not independently named as an island or proof of complete physical land coverage.
gb:NGA:ADM2:59680162B84100135495566,Sagbama,geoBoundaries NGA ADM2 2022,Local Government Area,Sagbama,,0,1,True,951.33282,"[5.95986509329947, 4.813262939333242, 6.569632053276678, 5.380566120130368]",,,Pinned source component; no independent named-island or complete physical land assessment.
gb:NGA:ADM2:59680162B84100135495566,Sagbama,current OCHA COD-AB NGA ADM2,Local Government Area,Sagbama,NG006006,0,1,True,948.6803,"[5.959865181000055, 4.8132629320001, 6.569632174000049, 5.380566169000076]",163,"[""Ongozigbene"", ""Ogbonogbene"", ""Niger Delta"", ""River Niger, Delta *"", ""Orusakwe"", ""Egbepulugbene"", ""Awigbene"", ""Agoligbene"", ""Osiama"", ""Akedda"", ""Akede"", ""Akete"", ""Fotorugbene"", ""Fotorogbene"", ""Toruibene"", ""Torugbene"", ""Egbedi Creek"", ""Okumbiri Camp Ii"", ""Okumbiri Camp I"", ""Okumbiri"", ""Daganagbene"", ""Amatolo Camp Iv"", ""Bulworu-Gbene"", ""Dagana-Gbene"", ""Atane-Gbene"", ""Amatolo"", ""Agorogbene"", ""Obulu-Gbene"", ""Agorogbene"", ""Isoko Fishing Camp"", ""Sunmuntorubo Creek"", ""Ogbeni Camp"", ""Agire Akoko-Gbene"", ""Bage Camp"", ""Joseph Gbene"", ""London Camp"", ""Francis Gbene"", ""Fati-Camp"", ""Aguru"", ""Agoro"", ""Ogbulobene-Gbene"", ""London Gbene"", ""Gboro-Gbene"", ""Ofouigbene"", ""Borutu-Gbene"", ""Atire-Gbene"", ""Agbaramu Camp"", ""Arua Camps"", ""Ikasougbene"", ""Angalabri"", ""Fuopogbene"", ""Ngalabiri Creek"", ""Ofoni Camp"", ""Arua Camp Iii"", ""Toru-Orua"", ""Akakotokoto Pond"", ""Arua Camp Ii"", ""Arua"", ""Arua Camp I"", ""Tumgbo Iv"", ""Tumgbo Iii"", ""Tumgbo V"", ""Odobor"", ""Tumgbo Camp Ii"", ""Ofoni"", ""Tumgbo Camp I"", ""Tungbo"", ""New Yeargbene"", ""Umuodumu"", ""Falafagbene"", ""Zumangbene"", ""Owumbiri"", ""Angiama Ii"", ""Ebedebri"", ""Precogbene"", ""Aduezi"", ""Sagbama"", ""Ndiama"", ""Ogolowa"", ""Ndiemazi"", ""Sagbama"", ""Sagbama"", ""Obuare"", ""Sagbama"", ""Sagbama Iii"", ""Sagbama Ii"", ""Sagbama I"", ""Graygbene"", ""Adagbabri"", ""Macaulay"", ""Grey-Gbene"", ""Okpo"", ""Torunbubo Camp Iii"", ""Grey-Gbene"", ""Omoairogbene"", ""Oyegbene"", ""Kuonubogbene"", ""Akekegbene"", ""Kayan-Iwakade"", ""Geri Gbene"", ""Urhobo-Camp"", ""Ofogbogbene"", ""Urhobo-Camp"", ""Anubeze"", ""Geri Gbene"", ""Sekingbene"", ""Tobolayefagbene"", ""Biriyegbene"", ""Ogbetogbene"", ""Odoni"", ""Agberi"", ""Cameroun-Gbene"", ""Nakunue Gbene"", ""Odiowe-Gbene"", ""Isoko Camp"", ""Aduku"", ""Ogbesu Camp Ii"", ""Opudunu Pond"", ""Ekowe"", ""Ogbesu Camp I"", ""Ogbudasa"", ""Ekorkore"", ""Osiobe Camp"", ""Ogbokiri"", ""Obodangese"", ""Oye Camp I&Ii"", ""Ogbiriasa Camp"", ""Igule Erohwa"", ""Saniagi Abueto"", ""Ewhoeghove"", ""Toropani"", ""Isielo Camp"", ""Samabri"", ""Kenan-Irri"", ""Cainnan"", ""Timbiko"", ""Niger"", ""Niger"", ""Niger"", ""Joliba"", ""Dioliba Fleuve"", ""Kworra"", ""Dioliba"", ""Niger, River"", ""Niger"", ""Djoliba"", ""Iwele"", ""Angbariama"", ""Ikpidiama"", ""Igbidiama"", ""Duglas Camp"", ""Ofonibagha"", ""Osifo"", ""Utuechi"", ""Ekperiware"", ""Osikenike"", ""Samabn"", ""Ofonibagha"", ""Ikpidiar"", ""Ikpede"", ""Ekpeniwhare"", ""Diori Camp"", ""Epeniware""]",Source polygon component; not independently named as an island or proof of complete physical land coverage.
gb:NGA:ADM2:59680162B84198311358077,Mariga,geoBoundaries NGA ADM2 2022,Local Government Area,Mariga,,0,1,True,6279.529403,"[5.237882680841096, 10.070350646864938, 6.266548480927725, 11.16697766538698]",,,Pinned source component; no independent named-island or complete physical land assessment.
gb:NGA:ADM2:59680162B84198311358077,Mariga,current OCHA COD-AB NGA ADM2,Local Government Area,Mariga,NG027015,0,1,True,5771.146797,"[5.34738978900009, 10.07035088200007, 6.164440178000063, 11.145994019000057]",117,"[""Ashina"", ""Mariga"", ""Durugu"", ""Urudu"", ""Kara, River"", ""Karao├Çoa, River"", ""Kurara, River"", ""Lalle"", ""Chiyumu"", ""Sabon Gari"", ""Gidan Zamai"", ""Awagabi"", ""Kogin Charuma, River"", ""Charuma, Kogin"", ""Kharuma"", ""Kufha, River"", ""Unkwoi"", ""Inkwai"", ""Beri"", ""Bari"", ""Bobi"", ""Boki"", ""Gidan Madawakin Kura"", ""Uruma"", ""Assaya"", ""Matari"", ""Urraga"", ""Ukuru"", ""Gidan Obiza"", ""Gidan Kwabura"", ""Maruba"", ""Gidan Maijirigin Wa"", ""Libu"", ""Makura"", ""Uchichi"", ""Makichi"", ""Tsaunin Makichi Hill"", ""Kimbi"", ""Kinibi, River"", ""Gidan Makeri"", ""Gidan Galadima"", ""Kunai"", ""Mafuta"", ""Gidan Sarikin Kukun*"", ""Gidan Danjima"", ""Kwau"", ""Kwawu"", ""Gidan Kolo"", ""Gidan Sarikin-Ubaru"", ""Tianani Hill"", ""Iferri"", ""Pagai"", ""Adoko"", ""Adoka"", ""Gidan Mudi"", ""Raha Atabo"", ""Gidan Saure"", ""Gidan Sarikin-Hauma"", ""Gidan Baku"", ""Womba"", ""Gidan Baibaka"", ""Womba Hill"", ""Dutsen Galama Hill"", ""Mabuto"", ""Galma"", ""Galama"", ""Kwanje"", ""Gidan Danbabba"", ""Kwimu"", ""Gidan Namama"", ""Mosabu"", ""Masabu"", ""Gauye"", ""Gauji"", ""Gauje"", ""Bekin Dutse Hill"", ""Tsaunim Sabangari"", ""Tsauim Sabangari"", ""Tungan Bagudu"", ""Tunga Bagudu"", ""Gidan Kolo"", ""Tunku"", ""Magami"", ""Chifu"", ""Yaki, Rafin"", ""Gulbin Boka"", ""Ide"", ""Maforo"", ""Kurugin Mardowa"", ""Kurugin Maidowa"", ""Kurigin Maidowa"", ""Tunga Maigogwi Hill"", ""Gidan Baku"", ""Afaga"", ""Kardoba Hill"", ""Afaga Hills"", ""Ukata"", ""Kuraa"", ""Rama Hill"", ""Kakihum"", ""Kakifun"", ""Kumbashi"", ""Kadago"", ""Morain Kotonkoro"", ""Urangashi Hill"", ""Maburya"", ""Uran Gashi"", ""Garo"", ""Tungan Kawa"", ""Danko"", ""Matankware"", ""Dutsin Mogaji"", ""Barachi"", ""Kotonkoro"", ""Ungwan Galadima"", ""Kachacha"", ""Danbaru""]",Source polygon component; not independently named as an island or proof of complete physical land coverage.
gb:NGA:ADM2:59680162B84830000650933,Ikere,geoBoundaries NGA ADM2 2022,Local Government Area,Ikere,,0,1,True,294.126803,"[5.086197840857722, 7.433440208099171, 5.327875765054557, 7.588444757819389]",,,Pinned source component; no independent named-island or complete physical land assessment.
gb:NGA:ADM2:59680162B84830000650933,Ikere,current OCHA COD-AB NGA ADM2,Local Government Area,Ikere,NG013010,0,1,True,237.266614,"[5.084746384000027, 7.433440330000167, 5.313019287000031, 7.55159107999998]",11,"[""Afodide"", ""Oko-Aso"", ""Oko-Oisa"", ""Ikerre"", ""Ikere-Ekiti"", ""Ikare"", ""Ikere"", ""Ikerre Forest Reser"", ""Ikere"", ""Apata Hill"", ""A Ata Hill""]",Source polygon component; not independently named as an island or proof of complete physical land coverage.
gb:NGA:ADM2:59680162B85175001165051,Bwari,geoBoundaries NGA ADM2 2022,Local Government Area,Bwari,,0,1,True,1030.905439,"[7.217773432098284, 9.092270211800894, 7.724080473734944, 9.408684983425303]",,,Pinned source component; no independent named-island or complete physical land assessment.
gb:NGA:ADM2:59680162B85175001165051,Bwari,current OCHA COD-AB NGA ADM2,Local Government Area,Bwari,NG015003,0,1,True,1045.924644,"[7.246386007000183, 9.107008907000136, 7.729873720000114, 9.431607240000176]",45,"[""Jikakuchi"", ""Dushekoro"", ""Jikoko"", ""Kagini"", ""Mape"", ""Dushepe"", ""Mpape"", ""Shishipe"", ""Mahapa"", ""Mashapa"", ""Pmadna"", ""Nukuchi"", ""Durumi"", ""Sagwari"", ""Kogi"", ""Pewi"", ""Kabusu Koro"", ""Budupe"", ""Gidan Gogo"", ""Jimpe"", ""Dnako"", ""Dnako, River"", ""Dnako"", ""Garu"", ""Garui"", ""Kuchi-Buhi"", ""Kuchbuni"", ""Ushapa"", ""Kwarana"", ""Shere"", ""Share"", ""Karako"", ""Madna"", ""Saupe"", ""Yehidna"", ""3"", ""Gaba"", ""Igu"", ""Gidan Pawa"", ""Kaima"", ""Tokolo"", ""Dakaa"", ""Tudun Wada"", ""Kudiri"", ""Kuduri""]",Source polygon component; not independently named as an island or proof of complete physical land coverage.
gb:NGA:ADM2:59680162B85189896765318,Ikwerre,geoBoundaries NGA ADM2 2022,Local Government Area,Ikwerre,,0,1,True,667.456812,"[6.721909692178599, 4.902761691399007, 7.053415127306323, 5.259442008641827]",,,Pinned source component; no independent named-island or complete physical land assessment.
gb:NGA:ADM2:59680162B85189896765318,Ikwerre,current OCHA COD-AB NGA ADM2,Local Government Area,Ikwerre,NG033013,0,1,True,658.159101,"[6.775788810999984, 4.890217776000043, 7.039434935000145, 5.249797784000179]",74,"[""Igbekiri-Isiokpo"", ""Isiokpo"", ""Water Side"", ""Omouchi"", ""Water Side Market"", ""Omuochi"", ""Settlement Isioba"", ""Chest Hopital"", ""Isiokpo"", ""Nsokpo"", ""Alaocha"", ""Isioba"", ""Isoba"", ""Isaba"", ""Umu-Oko"", ""Ahiakwo"", ""Gbo"", ""Omuokiri"", ""Igrita"", ""Rumu-Ahunwa"", ""Rumu-Ahunwa"", ""Aloa"", ""Allua"", ""Ngbagidi"", ""Ogbodo"", ""Ibaa"", ""Umu-Igwe"", ""Umu-Oda"", ""Umu-Ike"", ""Igrita"", ""Agrita"", ""Igwuruta"", ""Agwa-Were"", ""Aoanta"", ""Omema"", ""Ozuaha"", ""Umu-Chetu"", ""Azumiri-Isiokpo"", ""Omunwe"", ""Umueke"", ""Isiokpo"", ""Umu-Ikume"", ""Nkarahia"", ""Agwa"", ""Imogwu-Agwa"", ""Umu-Eketu"", ""Umu-Eket"", ""Umu-Olo"", ""Umuperepe"", ""Umu-Ogwu"", ""Alumirir-Isiokpo"", ""Agwa"", ""Ozuaha"", ""Nsokpo"", ""Isiokpo"", ""Omoecheigbo"", ""Omo Dema"", ""Ipo"", ""Ozuaha"", ""Omo Nwa"", ""Omodema"", ""Elelele"", ""Elele"", ""Ubima"", ""Ibima"", ""Apane"", ""Umu-Ayanmele"", ""Umu-Nelu"", ""Apane"", ""Apani"", ""Umuochi"", ""Uborum"", ""Okohia"", ""Umu-Akpa""]",Source polygon component; not independently named as an island or proof of complete physical land coverage.
gb:NGA:ADM2:59680162B85303802109421,Gurara,geoBoundaries NGA ADM2 2022,Local Government Area,Gurara,,0,1,True,889.288183,"[6.716025829128739, 9.210558924554789, 7.253533494775013, 9.496364757727463]",,,Pinned source component; no independent named-island or complete physical land assessment.
gb:NGA:ADM2:59680162B85303802109421,Gurara,current OCHA COD-AB NGA ADM2,Local Government Area,Gurara,NG027009,0,1,True,1130.879093,"[6.743646731000126, 9.112392936, 7.289833967999982, 9.500891836000108]",68,"[""Kudan"", ""Abuchi"", ""Abuchi Gwari"", ""Jigodo"", ""Jigbodo"", ""Salirulu"", ""Dewu"", ""Izom"", ""Tufa"", ""Abuja"", ""Tuea"", ""Tahiri"", ""Tapa"", ""Tapa, River"", ""Gwazere"", ""Boku"", ""Daga"", ""Gwachipe"", ""Gwachife"", ""Murgu"", ""Muron"", ""Mallam Karo"", ""Mallam"", ""Mallam Koro"", ""Diko"", ""Mararaba"", ""Pakawa"", ""Bwani, River"", ""Tuchi"", ""Kwaka"", ""Lehu"", ""Lefu"", ""Jariga"", ""Deda"", ""Baji"", ""Kungo"", ""Buru"", ""Nkwo, River"", ""Kadna"", ""Tuna"", ""Lafu"", ""Daku"", ""Dado"", ""Ladan"", ""Bonu"", ""Bonu"", ""Bwakoro"", ""Nasami"", ""Gbagoita"", ""Gedan"", ""Doadna"", ""Sana"", ""Burum"", ""Shingere"", ""Gupena"", ""Zabehidna"", ""Shakpeshi"", ""Shakwoi"", ""Ikume"", ""Chimbi"", ""Shanu"", ""Kabo"", ""Kasara, River"", ""Gusun"", ""Nabuhi"", ""Egwa"", ""Shegi"", ""Guna""]",Source polygon component; not independently named as an island or proof of complete physical land coverage.
gb:NGA:ADM2:59680162B85493721249292,Shinkafi,geoBoundaries NGA ADM2 2022,Local Government Area,Shinkafi,,0,1,True,921.661607,"[6.144388405300731, 12.890397408313788, 6.747409632448637, 13.18245069324496]",,,Pinned source component; no independent named-island or complete physical land assessment.
gb:NGA:ADM2:59680162B85493721249292,Shinkafi,current OCHA COD-AB NGA ADM2,Local Government Area,Shinkafi,NG037011,0,1,True,782.881364,"[6.205338061000077, 12.899941, 6.702857044000154, 13.158902333000071]",14,"[""Bazai"", ""Kwarin Zurmi"", ""Jangero"", ""Badarawa"", ""Kursasa"", ""Galadi"", ""Rijia"", ""Shinkafi"", ""Shinkafe"", ""Bula"", ""Chanawa"", ""Katuru"", ""Denke"", ""Kaffi""]",Source polygon component; not independently named as an island or proof of complete physical land coverage.
gb:NGA:ADM2:59680162B87372052025364,Maradun,geoBoundaries NGA ADM2 2022,Local Government Area,Maradun,,0,1,True,2650.531637,"[6.005788094045329, 12.354554222299555, 6.567407644946911, 13.079048209207542]",,,Pinned source component; no independent named-island or complete physical land assessment.
gb:NGA:ADM2:59680162B87372052025364,Maradun,current OCHA COD-AB NGA ADM2,Local Government Area,Maradun,NG037009,0,1,True,2753.949592,"[6.007987012000058, 12.357931124, 6.561576557000137, 13.074914919000037]",37,"[""Gobro"", ""Damaga"", ""Tama Hill"", ""Gombarau Hill"", ""Zaman Gera"", ""Zakajiki"", ""Gidan Goberawa"", ""Daro Hill"", ""Garza"", ""Kura Hill"", ""Galewa"", ""Bokolori"", ""Bakolori"", ""Gidan Biza"", ""Maikwali Hill"", ""Dambaza"", ""Dosara"", ""Rubi"", ""Maradun"", ""Illela Sokoto Nativ*"", ""Illela Native Area *"", ""Magamin Diddi"", ""Gora"", ""Goga"", ""Birnin Goga"", ""Guidan Alhasan"", ""Gidan Alhasan"", ""Mlela"", ""Jambako"", ""Ruan Badu"", ""Ini"", ""Maradun Sokoto Nati*"", ""Maradun Native Area*"", ""Ruduno"", ""Sububu"", ""Indalumu"", ""Tsibiri""]",Source polygon component; not independently named as an island or proof of complete physical land coverage.
gb:NGA:ADM2:59680162B87797979497124,Brass,geoBoundaries NGA ADM2 2022,Local Government Area,Brass,,0,2,True,617.326057,"[5.843041145932204, 4.270203986225056, 6.239262546429416, 4.566572188655641]",,,Pinned source component; no independent named-island or complete physical land assessment.
gb:NGA:ADM2:59680162B87797979497124,Brass,geoBoundaries NGA ADM2 2022,Local Government Area,Brass,,1,2,True,696.308435,"[6.233514528672629, 4.289767749881776, 6.607241153556458, 4.758596897828625]",,,Pinned source component; no independent named-island or complete physical land assessment.
gb:NGA:ADM2:59680162B87797979497124,Brass,current OCHA COD-AB NGA ADM2,Local Government Area,Brass,NG006001,0,1,True,943.503325,"[5.847348323000119, 4.273007390000146, 6.565899207000029, 4.566572191000148]",96,"[""Akassa Lighthouse"", ""Egwema"", ""Opu Akassa"", ""West Point"", ""Liama"", ""Beletiama"", ""Belatiwa"", ""Okunbiribelo"", ""Okumbiribelo"", ""Okinbiribalo"", ""Okunbiribeleu"", ""East Point"", ""Tlajekiri"", ""Nun, Cape"", ""Formoso, Cape"", ""Spiffs Town"", ""Gbobokin"", ""Twon"", ""Brass"", ""Warri"", ""Dikimatubu"", ""Karabapogu"", ""Old Mission"", ""Okpoma"", ""Kunupogu"", ""Diema"", ""Okunbiri"", ""Okumbiri"", ""Egwema Pogu"", ""Egwema"", ""Minibio"", ""Ewoama"", ""Tuluama"", ""Egeregere"", ""Egelefie"", ""Minibeleu"", ""Ikei"", ""Brass"", ""Brass Town"", ""Barracoon Point"", ""Orukulu"", ""Igbabele"", ""Funumu"", ""Fununu"", ""Beletiama"", ""Wagetie"", ""Sengana"", ""Sangana"", ""Akassa"", ""Twonkubu"", ""Ibidi"", ""Ereweibio"", ""Apinokolo"", ""Akabaleu"", ""Jombokiri"", ""Bwama"", ""Otokolopiri"", ""Kirikakiri"", ""Kongo"", ""Konga"", ""Odioma Creek"", ""Odeama Creek"", ""Odema Creek"", ""Surprise Creek"", ""Kanuskiri"", ""Kanusikiri"", ""Kurugbaba"", ""Korugbaba"", ""Erereghakiri"", ""Otuto"", ""Otuofor"", ""Opourubou"", ""Akwamobugo Creek"", ""Opuatobo Creek"", ""Opolubo Island"", ""Big Island"", ""Opuatobo"", ""Igbelebiekiri"", ""Sengana Branch"", ""Tebitada Creek"", ""Curlew Island"", ""Kala Orubou"", ""Kallah"", ""Kallah Oroba Island"", ""Kallah Oroboa Island"", ""Oroba Island"", ""Clarendon Island"", ""Katagbene"", ""Eminnilogo Creek"", ""Eminnilogbo Creek"", ""Agbalamabugokiri"", ""Diebu Creek"", ""Elepa"", ""Seibiri Creek"", ""Kakaingbene"", ""Oweitarie Creek""]",Source polygon component; not independently named as an island or proof of complete physical land coverage.
gb:NGA:ADM2:59680162B88090020431393,Okigwe,geoBoundaries NGA ADM2 2022,Local Government Area,Okigwe,,0,1,True,327.4865,"[7.22178722420108, 5.70050000007501, 7.400393008830349, 5.938930988574327]",,,Pinned source component; no independent named-island or complete physical land assessment.
gb:NGA:ADM2:59680162B88090020431393,Okigwe,current OCHA COD-AB NGA ADM2,Local Government Area,Okigwe,NG017019,0,1,True,306.884299,"[7.222730175000095, 5.701730898000051, 7.400393031000078, 5.938931012000182]",32,"[""Ogwuaku"", ""Ugwuaku"", ""Ezinachi"", ""Alum, River"", ""Alum River"", ""Lawlaw, River"", ""Umu Eze"", ""Nde Ohinhin"", ""Ndiawa"", ""Ogele"", ""Elugu Ogeh"", ""Ogeh"", ""Amuraw"", ""Umuokwara"", ""Aro-Ndibisi"", ""Ubaha"", ""Akoko"", ""Okigwi"", ""Umu-Ezegem"", ""Ohia River"", ""Umulawlaw"", ""Awka-Agbobu"", ""Ihube"", ""Agbobu"", ""Nduhu"", ""Okom, River"", ""Umu-Awa"", ""Aku Ihube"", ""Akulhube"", ""Ibinta"", ""Ugbi, River"", ""Awka-Agbobu""]",Source polygon component; not independently named as an island or proof of complete physical land coverage.
gb:NGA:ADM2:59680162B88302028338466,Omumma,geoBoundaries NGA ADM2 2022,Local Government Area,Omumma,,0,1,True,195.81019,"[7.177594638681683, 4.949898768813171, 7.292564869273349, 5.215610503621917]",,,Pinned source component; no independent named-island or complete physical land assessment.
gb:NGA:ADM2:59680162B88302028338466,Omumma,current OCHA COD-AB NGA ADM2,Local Government Area,Omumma,NG033019,0,1,True,158.75558,"[7.162504132000095, 4.978333959, 7.284319109000137, 5.215610563999974]",15,"[""Egbelu"", ""Umueze"", ""Umu Dike"", ""Umu Dike I"", ""Eberi"", ""Umu Iku Uko"", ""Umuamachi"", ""Umuobor"", ""Umu Agwu"", ""Umu Ekewo"", ""Umu Oyoro"", ""Umu Okwa"", ""Ama Aji"", ""Umu Akirikpo"", ""Umu Oru""]",Source polygon component; not independently named as an island or proof of complete physical land coverage.
gb:NGA:ADM2:59680162B89203090045374,Lavun,geoBoundaries NGA ADM2 2022,Local Government Area,Lavun,,0,2,True,701.975071,"[5.760780333745458, 8.74188137082865, 6.135595771427745, 8.967737244378384]",,,Pinned source component; no independent named-island or complete physical land assessment.
gb:NGA:ADM2:59680162B89203090045374,Lavun,geoBoundaries NGA ADM2 2022,Local Government Area,Lavun,,1,2,True,2981.390636,"[5.128945364237211, 9.140750411402394, 5.912274836714403, 9.808532182414353]",,,Pinned source component; no independent named-island or complete physical land assessment.
gb:NGA:ADM2:59680162B89203090045374,Lavun,current OCHA COD-AB NGA ADM2,Local Government Area,Lavun,NG027013,0,1,True,2589.312512,"[5.287321549000069, 9.128436490000183, 5.89303392100004, 9.730631795000022]",57,"[""Seraka"", ""Sangudu"", ""Kutigi"", ""Kusegi"", ""Kunkuti"", ""Panti"", ""Bidako"", ""Batati"", ""Tungar Salahu"", ""Tungan Salahu"", ""Bassagi"", ""Chipo"", ""Nabogi"", ""Kunkulagio"", ""Muchiti"", ""Tungar Munini"", ""Tungan Munini"", ""Isagi"", ""Dabba"", ""Etsu"", ""Tungar Chado"", ""Tungan Chado"", ""Chado"", ""Dabigi"", ""Yakundi"", ""Egbako"", ""Jakudosu"", ""Jipun"", ""Gindi"", ""Batamegi"", ""Barachu"", ""Mumagi"", ""Wantigi"", ""Awodu Kinchi"", ""Pimmi, River"", ""Eba, River"", ""Maraba"", ""Kitcha"", ""Kuduge"", ""Donko Hill"", ""Charati"", ""Marmozhi"", ""Ezhigi"", ""Soji"", ""Tungar Ndaba"", ""Ndaba"", ""Tungan Ndaba"", ""Tabu Station"", ""Kutiwenji"", ""Kwankuruzhi"", ""Koegi"", ""Kadan"", ""Zulika"", ""Robizhi"", ""Yangedda"", ""Pizhi"", ""Dagidda""]",Source polygon component; not independently named as an island or proof of complete physical land coverage.
gb:NGA:ADM2:59680162B89324456878264,Isoko South,geoBoundaries NGA ADM2 2022,Local Government Area,Isoko South,,0,1,True,715.01399,"[6.087976932589413, 5.227870941290973, 6.350163958999531, 5.551070149867599]",,,Pinned source component; no independent named-island or complete physical land assessment.
gb:NGA:ADM2:59680162B89324456878264,Isoko South,current OCHA COD-AB NGA ADM2,Local Government Area,Isoko South,NG010010,0,1,True,689.736307,"[6.089103934000093, 5.230408202000092, 6.354472526000166, 5.550922888000173]",106,"[""Bouygbene"", ""Okotugbene"", ""Umeh"", ""Igbegbene"", ""Arokwa"", ""Arohwa"", ""Erregha"", ""Otorofane"", ""Ariogheta"", ""Ogidivibi"", ""Ogidivbi"", ""Abari"", ""Iwhre-Olomoro"", ""Ashogho"", ""Umeh"", ""Ume"", ""Aseh, River"", ""Ase River"", ""Ase, River"", ""Ase"", ""Ugbosu"", ""Enuada"", ""Iwhr"", ""Iwhre"", ""Iwnr"", ""Asaba-Assay"", ""Asaba-Ase"", ""Ekpuwho"", ""Iwhreurhukpe"", ""Iwhreuhukpe"", ""Iwhrekpo"", ""Ogadje"", ""Okwagbe"", ""Iwremero"", ""Kolomi"", ""Iku"", ""Iwreurie"", ""Ekeregbesi"", ""Otoka"", ""Ekregbesi"", ""Sapele"", ""Okekaro"", ""Otoka"", ""Kuture"", ""Obotoke"", ""Sapele"", ""Aladje"", ""Aladja"", ""Otude"", ""Owodokpokpor"", ""Owodokpokpo"", ""Ovbodokpokpo"", ""Ativhori"", ""Oroni"", ""Amaide"", ""Awho"", ""Urovwor"", ""Ase"", ""Usere"", ""Urhiowha"", ""Okpari"", ""Abero"", ""Afiawa Lake"", ""Egbo"", ""Okpahwa"", ""Araya"", ""Arayaokpare"", ""Oteri"", ""Awopaka"", ""Igbide"", ""Aberu"", ""Aderie"", ""Ukuowhe"", ""Agbawa"", ""Ughelli"", ""Enwe"", ""Enwhe"", ""Okpare"", ""Ewhopaka"", ""Edherie"", ""Upude"", ""Okrama"", ""Emede"", ""Uru-Emede"", ""Aviara"", ""Ukpude"", ""Olomoro"", ""Okrama"", ""Ivori"", ""Ivrogbo"", ""Oroa-Emede"", ""Oruabe"", ""Oreba"", ""Ivorogbo"", ""Ivori-Irri"", ""Irri"", ""Udo"", ""Uro"", ""Ole"", ""Uli"", ""Evwen"", ""Igbide"", ""Idheze"", ""Emesoye"", ""Orie"", ""Olecha""]",Source polygon component; not independently named as an island or proof of complete physical land coverage.
gb:NGA:ADM2:59680162B89388744582495,Southern Ijaw,geoBoundaries NGA ADM2 2022,Local Government Area,Southern Ijaw,,0,1,True,2695.155251,"[5.532057474572866, 4.369548798438359, 6.238286971766399, 5.060245991259535]",,,Pinned source component; no independent named-island or complete physical land assessment.
gb:NGA:ADM2:59680162B89388744582495,Southern Ijaw,current OCHA COD-AB NGA ADM2,Local Government Area,Southern Ijaw,NG006007,0,1,True,2707.338831,"[5.544603702000131, 4.369548796000061, 6.238035997000111, 5.06024601200005]",308,"[""Obogoro"", ""Logogbene Creek"", ""Osugbene"", ""Foniweitoro"", ""Old-Foniweitoro"", ""Logogbene"", ""Tuimpeigagbene"", ""Dubagbene"", ""Tipama"", ""Dugbagbene"", ""Gbelegbene"", ""Gbelegbene Creek"", ""Keleigbene"", ""Fishtown"", ""Funiwa"", ""Winstanley Outfall"", ""Foniweitoro River"", ""Fishtown River"", ""Tuinpega"", ""Tukugbene"", ""Kulaingbene"", ""Olobia"", ""Oloba"", ""Kulama Ii"", ""Guaragbene"", ""Eleubuku Creek"", ""Kurukurubobela Creek"", ""Tubokoroya"", ""Fumutoru Creek"", ""Akaragbene"", ""Hitlergbene"", ""Perewarigbene"", ""Olobiatoru Creek"", ""Isabatoru Creek"", ""Kalatoro Creek"", ""Ikebiri Creek"", ""Ikebiri River"", ""Ikibiri Creek"", ""Portharcourtgbene"", ""Ebidorgbene"", ""Ginegbene"", ""Kulama"", ""Kulama Branch"", ""Kulama River"", ""Eleubuku Creek"", ""Biriseyegbene"", ""Ansor Creek"", ""Kalaragbene"", ""Ngukulagbene"", ""Ezekuou Creek"", ""Kulama"", ""Orubu Creek"", ""Abalagiagbene"", ""Fumutorutu"", ""Tebitabator"", ""Oporopogbene"", ""Pisegbene"", ""Kamborra"", ""Kambora"", ""Sonotubogbene"", ""Okonron Creek"", ""Etukegbene"", ""Otogbene Creek"", ""Middleton"", ""Sagpetoru River"", ""Middleton River"", ""Middleton Creek"", ""Beyentoro"", ""Miller Island"", ""Pele Creek"", ""Biabagbene"", ""Ogbabubo Creek"", ""Angbakore"", ""Bendicgbene"", ""Tebidaba Market"", ""Izanzagbene"", ""Lasukugbene"", ""Cousinigbene"", ""Otonfiewegbene"", ""Komotorufagbene"", ""Olodi"", ""Jituagbene"", ""Hopkin Point"", ""Kosabobo"", ""Alagboloe"", ""Oyeregbene"", ""Dankorugbene"", ""Digatoro"", ""Digatoro River"", ""Nimbogbene"", ""Sagbarugbene"", ""Segpe"", ""Igbematoru"", ""Egbomatoro"", ""Igbematoro"", ""Leigbene"", ""Ofalubagbene"", ""Miebigbene"", ""Oporogbene"", ""Obomikorogbene"", ""Yedorgbene"", ""Talagbene"", ""Kolagbene"", ""Tangagbene"", ""Tangbene"", ""Okorigbene"", ""Kituagbene"", ""Opuadona"", ""Opugbene"", ""Okuosi"", ""Beterland"", ""Forupafor"", ""Ogboitagbene"", ""Douglasgbene"", ""Numagbene"", ""Zorbogbene"", ""Olugbogbene"", ""Dabasuogbene"", ""Tebitaba"", ""Tebidaba"", ""Dukegbene"", ""Ikorumogbene"", ""Apoi Creek"", ""Welson Kinbogbene"", ""Sonomadingbene Creek"", ""Ogolangaragbene"", ""Nguseyegbene"", ""Forupa"", ""Frupa"", ""Oyakimiyeye"", ""Brokegbene"", ""Sangogbene"", ""Angbagbene"", ""Amata-Fagbene"", ""Lobia Toru Creek"", ""Labiatoru Creek"", ""Sonomadungbene"", ""Diebu"", ""Erebugbene"", ""Kugbogbene"", ""Tukogbene"", ""Pirigbene"", ""Ke Wetgbene"", ""Okutoroeka"", ""Bokumogbene"", ""Okigbene"", ""Oki Gbani"", ""Oki Gbone"", ""Ayougbene"", ""Ogbogbene"", ""Olugbogbene"", ""Permobri"", ""Peremabiri"", ""Permobiri"", ""Olologbene"", ""Lobia Market"", ""Kalawarigbene"", ""Olugbobiri"", ""Olugboboro"", ""Otutudpeneabe"", ""Fenenegbene"", ""Okurugbene"", ""Ikebiri Ii"", ""Oigbene Creek"", ""Korokopogbene"", ""Kimigbene"", ""Lobia"", ""Kogbene"", ""Okobonanobo"", ""Ekiambiri"", ""Ikianbiri"", ""Tubobubo"", ""Oputugbene"", ""Idabulobu Creek"", ""Ogilagbene"", ""Gbenkigha"", ""Polobogo"", ""Polobugo"", ""Polobogu"", ""Otologbene"", ""Ekinigbene"", ""Olugbogbene"", ""Burukububo"", ""Amatefegbene"", ""Ekeogbene"", ""Ikubio"", ""Ukubio"", ""Okubie"", ""Tibogbene"", ""Tavasoieye"", ""Atelegbene"", ""Ipirigbene"", ""Buragbene"", ""Ekeme"", ""Ekenie"", ""Ekeni"", ""Abagbene"", ""Olugbobiri"", ""Ekowe"", ""Ekow"", ""Ekeu"", ""Ekau"", ""Kalobo Creek"", ""Ikebiri"", ""Ezeotu"", ""Nengigbene"", ""Seibiri"", ""Ezeotu-Zion"", ""Abo Creek"", ""Vampire Creek"", ""Ikeinyabiri"", ""Keyanbiri"", ""Pennington"", ""Pennington River"", ""Azuzuama"", ""Biriemigbeni"", ""Apoi"", ""Ekekewei Creek"", ""Bolougbene"", ""Asungbene"", ""Fonibiri"", ""Korugbene"", ""Osiama Creek"", ""Afanfuke Creek"", ""Indeiwei Creek"", ""Emette"", ""Oborogbene"", ""Beregbene-Willy"", ""Beregbene"", ""Enuwari"", ""Eniwari"", ""Paina"", ""Luckygbene"", ""Korokorosei"", ""Akpobeleiowei"", ""Gelegele Creek"", ""Kulaiperigbene"", ""Bayelsa State"", ""Kainyabiri"", ""Kokologbene"", ""Opotuwari"", ""Okpotuwari"", ""Ondewari"", ""Gbaran"", ""Opotuwari"", ""Oyoma"", ""Onyoma"", ""Agidigbene"", ""Ozezebiri"", ""Ozezibiri"", ""Paratubo"", ""Okparatubo"", ""Watchmangbene"", ""Ogidikoro"", ""Gbaran"", ""Seidogbene"", ""Kamebiama"", ""Kemibiama"", ""Ekperigadagbene"", ""Luduon"", ""Osokoma"", ""Bio Aguobiri"", ""Bia Aguobiri"", ""Igbewi"", ""Oporoma"", ""Umbugbene"", ""Angiamagbene"", ""Aguobiri"", ""Agu"", ""Ijaw Fishing Camp"", ""Ogboinbiri"", ""Ogbeinbiri"", ""Angiama"", ""Obeleli"", ""Igeibiri"", ""Igebiri"", ""River Ogubiri"", ""Ogubiri"", ""Okuburi Creek"", ""Oguburi River"", ""Ogubiri River"", ""Okpotububo"", ""Igeibiri Creek"", ""Kasama"", ""Ayama"", ""Anyama"", ""Otwa"", ""Otuan"", ""Otwan"", ""Oweikorogba"", ""Oweikorogha"", ""Aziama"", ""Isoni"", ""Okpotububo"", ""Amassoma"", ""Amassama"", ""Amasama"", ""Ogoubiri"", ""Obuluru Camp"", ""Sagbama Creek"", ""Oguobiri Camp"", ""Gberude Camp"", ""Amatolo Camp I"", ""Amatolo Camp Ii"", ""Amatolo Camp Iii"", ""Johnson Camp"", ""Kabiama"", ""Kabiana""]",Source polygon component; not independently named as an island or proof of complete physical land coverage.
gb:NGA:ADM2:59680162B89596725903657,Idah,geoBoundaries NGA ADM2 2022,Local Government Area,Idah,,0,1,True,131.601603,"[6.677258967727255, 6.972002506210742, 6.800261693722234, 7.139595539302718]",,,Pinned source component; no independent named-island or complete physical land assessment.
gb:NGA:ADM2:59680162B89596725903657,Idah,current OCHA COD-AB NGA ADM2,Local Government Area,Idah,NG023007,0,1,True,134.151571,"[6.677258902000119, 6.988056699000083, 6.789291673000093, 7.158234508000135]",3,"[""Ojigagala"", ""Ogigala"", ""Idah""]",Source polygon component; not independently named as an island or proof of complete physical land coverage.
gb:NGA:ADM2:59680162B89634889188856,Esan West,geoBoundaries NGA ADM2 2022,Local Government Area,Esan West,,0,1,True,509.632699,"[6.012048329666754, 6.462922673042954, 6.250658035040317, 6.841743945626661]",,,Pinned source component; no independent named-island or complete physical land assessment.
gb:NGA:ADM2:59680162B89634889188856,Esan West,current OCHA COD-AB NGA ADM2,Local Government Area,Esan West,NG012006,0,1,True,515.296572,"[6.013270976000115, 6.462177186000076, 6.250658026000053, 6.841743956000073]",32,"[""Ebute-Ujogba"", ""Ogwa"", ""Ojogba"", ""Ujiogba"", ""Ugiogba"", ""Izogem"", ""Izogen"", ""Isogen"", ""Urohi"", ""Egoro"", ""Egoro Naoka"", ""Igor"", ""Akhia"", ""Akahia"", ""Urpene"", ""Ekpoma"", ""Ihumudum"", ""Idumebo"", ""Itukpen"", ""Iruekpen"", ""Ujemem"", ""Ileh"", ""Ile"", ""Eguare"", ""Eguare-Egoro"", ""Egoro"", ""Amede"", ""Egoro-Amede"", ""Ukhun"", ""Ukun"", ""Idoa"", ""Idua""]",Source polygon component; not independently named as an island or proof of complete physical land coverage.
gb:NGA:ADM2:59680162B89701706643364,Silame,geoBoundaries NGA ADM2 2022,Local Government Area,Silame,,0,1,True,738.160175,"[4.646215274015731, 12.854685830786536, 5.017462977034825, 13.124390513211665]",,,Pinned source component; no independent named-island or complete physical land assessment.
gb:NGA:ADM2:59680162B89701706643364,Silame,current OCHA COD-AB NGA ADM2,Local Government Area,Silame,NG034015,0,1,True,798.336901,"[4.638437242, 12.85706226200017, 5.013912422000089, 13.118224036000129]",65,"[""Dafasi"", ""Kirgwanda"", ""Tanera"", ""Gudambe"", ""Gudam"", ""Rumbuki"", ""Rundti"", ""Betare"", ""Labani"", ""Katami"", ""Kwogel"", ""Gwogel"", ""Fulani"", ""Alfala"", ""Fulani"", ""Galadi"", ""Chiri Hill"", ""Chiri, Dutsen"", ""Dutsen Chiri Hill"", ""Yadia Rugamiya"", ""Marafa Gungu"", ""Illela Kwaydu"", ""Maji"", ""Gidan Kitchira"", ""Tungan Daukalawa"", ""Maraha"", ""Tungan Mudi"", ""Gansaluwa"", ""Gidan Tudo"", ""Toso"", ""Tozo"", ""Tungan Fako"", ""Tungan Toso"", ""Jekanadu"", ""Gaboa"", ""Tungan Abdlukola"", ""Tungan Abdulkola"", ""Gidan Gero"", ""Karanja"", ""Danjao"", ""Leni"", ""Silame"", ""Gitarana"", ""Kubodu"", ""Tungan Doleh"", ""Gumtsi"", ""Kamasu"", ""Kandawa"", ""Dankala"", ""Delmi"", ""Surane Forest Reser"", ""Polanji"", ""Gidan Gawi"", ""Gande"", ""Kulalu"", ""Surame"", ""Surami"", ""Gawkai"", ""Yola-Rafi"", ""Dargane"", ""Chofan"", ""Kayah"", ""Maleh"", ""Male"", ""Jeringo""]",Source polygon component; not independently named as an island or proof of complete physical land coverage.
gb:NGA:ADM2:59680162B89921626898623,Sokoto South,geoBoundaries NGA ADM2 2022,Local Government Area,Sokoto South,,0,1,True,32.092142,"[5.222962166370905, 13.005532357832124, 5.299300000394737, 13.066567173236479]",,,Pinned source component; no independent named-island or complete physical land assessment.
gb:NGA:ADM2:59680162B89921626898623,Sokoto South,current OCHA COD-AB NGA ADM2,Local Government Area,Sokoto South,NG034017,0,1,True,28.536421,"[5.226973027000156, 13.007492654999965, 5.285725522000121, 13.072104392000142]",4,"[""Filin Jirgi"", ""Mana"", ""Mabera"", ""Gagi""]",Source polygon component; not independently named as an island or proof of complete physical land coverage.
gb:NGA:ADM2:59680162B90522809362613,Owan East,geoBoundaries NGA ADM2 2022,Local Government Area,Owan East,,0,1,True,1239.124925,"[5.841958045627337, 6.776801319625235, 6.219266890554593, 7.277768134791643]",,,Pinned source component; no independent named-island or complete physical land assessment.
gb:NGA:ADM2:59680162B90522809362613,Owan East,current OCHA COD-AB NGA ADM2,Local Government Area,Owan East,NG012016,0,1,True,1228.119934,"[5.841958128000044, 6.776315171000022, 6.219266876000177, 7.276502256000015]",66,"[""Aiyetoro Egbunbe"", ""Ugbovbighan"", ""Ugbobigan"", ""Ugbobiga"", ""Ekeke"", ""Akeke"", ""Akagbe, River"", ""Okpokhumi"", ""Eybiamen"", ""Ogele"", ""Afuze"", ""Afuji"", ""Afuje"", ""Iyekhara"", ""Igakhara"", ""Iyakala"", ""Warrake"", ""Iwareki"", ""Ugbona"", ""Ishibi"", ""Sebe"", ""Iyaba"", ""Obviomu"", ""Usua"", ""Bunele"", ""Iyaju"", ""Otwa Sebe"", ""Elneye"", ""Ugbe"", ""Usokha"", ""Uokha"", ""Isokka"", ""Isokka"", ""Ohame"", ""Urole"", ""Aroko"", ""Ikhin"", ""Iki"", ""Owesse, River"", ""Owesse"", ""River Owesse"", ""Owesse River"", ""Owese, River"", ""Uwese, River"", ""Igwe"", ""Isoke"", ""Ake"", ""Iyemu"", ""Amoya"", ""Ayabo"", ""Igwe"", ""Ayetoro"", ""Imafun"", ""Otwa"", ""Ikao"", ""Onyam River"", ""Onyami, River"", ""Onyam"", ""River Onyam"", ""Onyam, River"", ""Iporo River"", ""Iporo, River"", ""Iporo"", ""River Iporo"", ""Ikpohaiye"", ""Ogbodo""]",Source polygon component; not independently named as an island or proof of complete physical land coverage.
gb:NGA:ADM2:59680162B90577513466378,Andoni,geoBoundaries NGA ADM2 2022,Local Government Area,Andoni,,0,1,True,341.545742,"[7.262322439628917, 4.43152835614876, 7.590608261362206, 4.597422132825216]",,,Pinned source component; no independent named-island or complete physical land assessment.
gb:NGA:ADM2:59680162B90577513466378,Andoni,current OCHA COD-AB NGA ADM2,Local Government Area,Andoni,NG033005,0,1,True,251.190591,"[7.300402529000053, 4.429222604000131, 7.508688618000122, 4.590577105000023]",64,"[""Oyorokoto"", ""Otudon"", ""Muma"", ""Ibotokpon"", ""Amansa"", ""Ayama-Ibotokpon"", ""Nden Creek"", ""Iwogono"", ""Ichama"", ""Iwoma"", ""Agwut-Obolo"", ""Okokiri"", ""Asuk-Oyet"", ""Ayama-Agana"", ""Asuk-Ama"", ""Ayanboko"", ""Aturuba"", ""Aganna"", ""Ilutumbi"", ""Ikuru"", ""Nkeret"", ""Nyengala"", ""Ekede"", ""Asuk-Oyet Creek"", ""Igbango"", ""Egwede"", ""Ngo"", ""Nchichama"", ""Ngo Creek"", ""Ayama-Ekede"", ""Ama-Miller"", ""Okorolo"", ""Ama-Alibi"", ""Okoloro Creek"", ""Mereke"", ""Bukolum"", ""Amatamuno"", ""Olotunbi"", ""Okende Creek"", ""Obukolum"", ""Ebukama"", ""Ama-Friday"", ""Otiga"", ""Ekwoke"", ""Aganfor"", ""Otako"", ""Ama-Sunday"", ""Otogun"", ""Agbalama"", ""Agbachichama"", ""Ebukuma"", ""Ebuguma"", ""Unyeada"", ""Egenden"", ""Asarama"", ""Andoni Flats"", ""Egbomu"", ""Amanku"", ""Ayama"", ""Asarama"", ""Asarama"", ""Samana"", ""Tullifa"", ""Dema""]",Source polygon component; not independently named as an island or proof of complete physical land coverage.
gb:NGA:ADM2:59680162B90615098764032,Okrika,geoBoundaries NGA ADM2 2022,Local Government Area,Okrika,,0,1,True,607.96114,"[6.964152701785792, 4.436388014595252, 7.177379403037094, 4.816619389073594]",,,Pinned source component; no independent named-island or complete physical land assessment.
gb:NGA:ADM2:59680162B90615098764032,Okrika,current OCHA COD-AB NGA ADM2,Local Government Area,Okrika,NG033018,0,1,True,286.411639,"[6.982153021000101, 4.556325727000058, 7.201374995000094, 4.804173021000054]",64,"[""Tumbikuku"", ""Tobinkubo"", ""Tumbikoko"", ""Baluba"", ""Boloba"", ""Angalabia"", ""Boler Creek"", ""Chachakiri"", ""Birakiri"", ""Foggitt Corner"", ""Opuadakiri"", ""Ford Point"", ""Biemekiri"", ""Plowright Point"", ""Opu Arugbana"", ""Arugbana"", ""Opu Adakiri"", ""Kennelly Point"", ""Adokiakiri"", ""Kingilokiri"", ""Ogu Creek"", ""Igbigimina-Senkiri"", ""Umuoparali"", ""Asorbelema"", ""Dawes Island"", ""Sikakakiri"", ""Okrika Creek"", ""Okirka Creek"", ""Wilcourt"", ""Sarah"", ""Sara"", ""Anderekiri"", ""Trapukiri"", ""Abila"", ""Anduwiliki"", ""Omodara Ana"", ""Snake Island"", ""Tyson Point"", ""Kiriam"", ""Iyokiri"", ""Ele"", ""Primrose Creek"", ""Eaglesome Point"", ""Okubiakri Creek"", ""Ikpokiri"", ""Okopiri"", ""Bakana Point"", ""Okrika Arm"", ""Okpoka River"", ""Abisaka"", ""Dockyard Creek"", ""Isaka Creek"", ""Ogulama"", ""Ogoloma"", ""Isaka"", ""Ibaka"", ""Okrika"", ""Ibuluya"", ""Ogbogbo"", ""Alonchia-Igobama"", ""Kalio Islands"", ""Kalio Island"", ""Abam Ama"", ""Okojagu""]",Source polygon component; not independently named as an island or proof of complete physical land coverage.
gb:NGA:ADM2:59680162B91492845849591,Sokoto North,geoBoundaries NGA ADM2 2022,Local Government Area,Sokoto North,,0,1,True,19.277709,"[5.191229461170735, 13.043268915428143, 5.270797080820671, 13.08957351380667]",,,Pinned source component; no independent named-island or complete physical land assessment.
gb:NGA:ADM2:59680162B91492845849591,Sokoto North,current OCHA COD-AB NGA ADM2,Local Government Area,Sokoto North,NG034016,0,1,True,40.019461,"[5.188692057000026, 13.044716747000052, 5.268078709000065, 13.107436127000028]",12,"[""Bakin Kusu"", ""Runjin Sambo"", ""Sokoto"", ""Socoto"", ""Gandu"", ""Abattoir"", ""Rumgee"", ""Gidan Megoru"", ""Sabon Gari"", ""Sokoto State"", ""Rima State"", ""Bakin Gulbe""]",Source polygon component; not independently named as an island or proof of complete physical land coverage.
gb:NGA:ADM2:59680162B91755424681987,Oru East,geoBoundaries NGA ADM2 2022,Local Government Area,Oru East,,0,1,True,110.778162,"[6.911599525697625, 5.626615000382003, 7.010593999813295, 5.817256140358666]",,,Pinned source component; no independent named-island or complete physical land assessment.
gb:NGA:ADM2:59680162B91755424681987,Oru East,current OCHA COD-AB NGA ADM2,Local Government Area,Oru East,NG017022,0,1,True,131.411317,"[6.869883637000044, 5.634952109000039, 6.986186828000029, 5.823798144000136]",11,"[""Awomama Catholic Se"", ""Awomama"", ""Ioumama"", ""Ubarazor"", ""Oteru"", ""Amiri"", ""Omuma"", ""Eleh"", ""Amazu Ii"", ""Akata"", ""Amagu""]",Source polygon component; not independently named as an island or proof of complete physical land coverage.
gb:NGA:ADM2:59680162B91872344495309,Suleja,geoBoundaries NGA ADM2 2022,Local Government Area,Suleja,,0,1,True,113.469405,"[7.092101398660645, 9.144245917015496, 7.210103028931712, 9.294202954302932]",,,Pinned source component; no independent named-island or complete physical land assessment.
gb:NGA:ADM2:59680162B91872344495309,Suleja,current OCHA COD-AB NGA ADM2,Local Government Area,Suleja,NG027023,0,1,True,129.158736,"[7.140099968000129, 9.101579750000042, 7.23396595700018, 9.296602244000042]",15,"[""Madala"", ""Madalla"", ""Gwari"", ""Kwonkashe"", ""Ibo"", ""Sulaija"", ""Suleja"", ""Abuja"", ""Suleija"", ""Rafin Madugu"", ""Kwamba"", ""Maji"", ""Numbwa"", ""Kuchiko"", ""Numewa""]",Source polygon component; not independently named as an island or proof of complete physical land coverage.
gb:NGA:ADM2:59680162B91981903970684,Oyi,geoBoundaries NGA ADM2 2022,Local Government Area,Oyi,,0,1,True,149.560811,"[6.798474516885506, 6.157016353621884, 6.967480150188806, 6.29557936909265]",,,Pinned source component; no independent named-island or complete physical land assessment.
gb:NGA:ADM2:59680162B91981903970684,Oyi,current OCHA COD-AB NGA ADM2,Local Government Area,Oyi,NG004021,0,1,True,135.074415,"[6.822939064000082, 6.157614599000112, 6.965783456999986, 6.292990596000095]",11,"[""Ogbunike"", ""Ogbirnike"", ""Ogbunike"", ""Nkwelle"", ""Nkwele"", ""Umunya"", ""Umuinya"", ""Awkuzu"", ""Ezinkeje"", ""Ezinkeje"", ""Nteje""]",Source polygon component; not independently named as an island or proof of complete physical land coverage.
gb:NGA:ADM2:59680162B92155854422456,Kabba/Bunu,geoBoundaries NGA ADM2 2022,Local Government Area,Kabba/Bunu,,0,1,True,2654.358698,"[6.021849632354701, 7.682329482819398, 6.496150493950211, 8.464855194311838]",,,Pinned source component; no independent named-island or complete physical land assessment.
gb:NGA:ADM2:59680162B92155854422456,Kabba/Bunu,current OCHA COD-AB NGA ADM2,Local Government Area,Kabba/Bunu,NG023010,0,1,True,2693.150333,"[6.022063844000058, 7.678083847000039, 6.49615043700004, 8.464855244000091]",65,"[""Kakun"", ""Ego"", ""Ego Hill"", ""Okedayo"", ""Kakun"", ""Kakun"", ""Gbeleko"", ""Beliko"", ""Egbeda"", ""Otu"", ""Aiyatoro Babunde"", ""Kabba"", ""Igia"", ""Okebukun"", ""Chokochoko Forest R"", ""Bunu Native Area Nu"", ""Aiyegunle Bunu"", ""Aiye Gu Ulu"", ""Oduape"", ""Odoape"", ""Agbedde"", ""Agbado"", ""Agbede"", ""Agwa"", ""Okpa"", ""Ape"", ""Bunu Forest Reserve"", ""Onye Forest Reserve"", ""Gbedde"", ""Ora"", ""Ilaro"", ""Olle"", ""Igba"", ""Idoyi"", ""Doyi"", ""Akpara"", ""Olle Forest Reserve"", ""Kabba Number 4"", ""Bunu Native Area Nu*"", ""Bunu Forest Reserve"", ""Kabba Native Area N*"", ""Illa"", ""Odogbo"", ""Otafun"", ""Luke"", ""Eluke"", ""Offere"", ""Ofere"", ""Shomulekiri"", ""Suku"", ""Giro"", ""Gero"", ""Akitipa Hill"", ""Akutukpa Hill"", ""Akitipa"", ""Akutukpa"", ""Akitikpa"", ""Aiyegunle"", ""Momodu"", ""Shado"", ""Araromi"", ""Taki"", ""Ike"", ""Junyura"", ""Guguriji""]",Source polygon component; not independently named as an island or proof of complete physical land coverage.
gb:NGA:ADM2:59680162B92640548002056,Anaocha,geoBoundaries NGA ADM2 2022,Local Government Area,Anaocha,,0,1,True,113.174089,"[6.957530999855805, 6.02819580089556, 7.076700087738914, 6.169406216323864]",,,Pinned source component; no independent named-island or complete physical land assessment.
gb:NGA:ADM2:59680162B92640548002056,Anaocha,current OCHA COD-AB NGA ADM2,Local Government Area,Anaocha,NG004004,0,1,True,100.756673,"[6.971975832000169, 6.020681570000079, 7.081796042000121, 6.161372216000075]",10,"[""Ichida"", ""Ichuda"", ""Akwaeze"", ""Obeledu"", ""Ichida"", ""Neni"", ""Agulu"", ""Adazi-Nuka"", ""Adazi"", ""Agukwu Nri""]",Source polygon component; not independently named as an island or proof of complete physical land coverage.
gb:NGA:ADM2:59680162B92999716235821,Dekina,geoBoundaries NGA ADM2 2022,Local Government Area,Dekina,,0,1,True,2443.008115,"[6.799273941339379, 7.350563049145478, 7.461122653687539, 7.846980095155288]",,,Pinned source component; no independent named-island or complete physical land assessment.
gb:NGA:ADM2:59680162B92999716235821,Dekina,current OCHA COD-AB NGA ADM2,Local Government Area,Dekina,NG023005,0,1,True,2407.077353,"[6.812844235000171, 7.350563059000024, 7.483605561000104, 7.846980202000054]",97,"[""Olaji"", ""Olagi"", ""Ochigi"", ""Aligi Ada"", ""Aligi Ado"", ""Giwoligyo"", ""Ameka"", ""Aneke"", ""Lafia"", ""Lala"", ""Afawgi"", ""Araba"", ""Ocbanja"", ""Ochanja"", ""Araba"", ""Tuoniako"", ""Tuaniako"", ""Toniyonko"", ""Egume"", ""Ibreda"", ""Ibredu"", ""Agibela"", ""West Okura Forest R"", ""Ayangba"", ""Okpo"", ""Okpo, River"", ""Okpo River"", ""Emi Bagbadi River"", ""Emi Bagbadi, River"", ""Emi Bagbadi"", ""Adiele"", ""Lokpe"", ""Egboje"", ""Iga"", ""Emewe"", ""Amdi"", ""Acharu"", ""Ajioro"", ""Ajieru"", ""Ogbogido"", ""Ogbogbo"", ""Ogbogodo"", ""Emiji"", ""Emiji River"", ""Emiji, River"", ""Olah"", ""Ola"", ""Keffi"", ""Kefi"", ""Ofonwa"", ""Ofanwa"", ""Gbokoluba"", ""Igbadim"", ""Igadim"", ""Igbadin"", ""Abocho"", ""Igala Native Area N"", ""Itama"", ""Okura Iyale Forest"", ""Itama"", ""Alojori"", ""Ogodu"", ""Ohuada"", ""Elubi"", ""Elikah"", ""Ola Ogba"", ""Ologba"", ""Ajiolo"", ""Chakpale"", ""Odu"", ""Odu Ologba"", ""Tandoma"", ""Ate Albaji"", ""Yari"", ""Iyale"", ""Opada"", ""Oje"", ""Oghe"", ""Oche"", ""Agbajo"", ""Okpakiri"", ""Okpakeri"", ""Onukpo"", ""Adoloko"", ""Jeri"", ""Ohoile"", ""Dekina"", ""Etutekpe"", ""Loko"", ""Agojeju"", ""Dekina Forest Reser*"", ""Igala Native Area N*"", ""Ilainyo"", ""Ilajyno"", ""Ilainya"", ""Egudi"", ""Aloko""]",Source polygon component; not independently named as an island or proof of complete physical land coverage.
gb:NGA:ADM2:59680162B93345317219884,Idemili North,geoBoundaries NGA ADM2 2022,Local Government Area,Idemili North,,0,1,True,127.28606,"[6.792751291638865, 6.073818841766183, 6.97931495042468, 6.179557572024351]",,,Pinned source component; no independent named-island or complete physical land assessment.
gb:NGA:ADM2:59680162B93345317219884,Idemili North,current OCHA COD-AB NGA ADM2,Local Government Area,Idemili North,NG004010,0,1,True,132.405355,"[6.792857161000029, 6.090341900000055, 6.994149778, 6.18228961900013]",15,"[""Uke"", ""Umuoji"", ""Umuoja-Obosi"", ""Umuaja-Obosi"", ""Dumez Construction"", ""Abatete"", ""Umuoji"", ""Ikenga-Ogidi"", ""Ikenga"", ""Nkpor"", ""Mkpor"", ""Ogidi"", ""Ogid"", ""Eziowelle"", ""Ezoiwelle""]",Source polygon component; not independently named as an island or proof of complete physical land coverage.
gb:NGA:ADM2:59680162B93423525469915,Etche,geoBoundaries NGA ADM2 2022,Local Government Area,Etche,,0,1,True,811.936185,"[6.938755993794132, 4.890321439682737, 7.227855728858856, 5.249618052930828]",,,Pinned source component; no independent named-island or complete physical land assessment.
gb:NGA:ADM2:59680162B93423525469915,Etche,current OCHA COD-AB NGA ADM2,Local Government Area,Etche,NG033011,0,1,True,815.827545,"[6.957387568000115, 4.89299489400014, 7.243885927000065, 5.249618104000035]",53,"[""Rumuebele"", ""Rukwangwo"", ""Odagba"", ""Igbo-Ekhe"", ""Owaza"", ""Odagba"", ""Rumuakuru"", ""Okoroagu"", ""Chokorocho"", ""Chokocho"", ""Chokoche"", ""Okomoko"", ""Igrtia-Umuechem"", ""Umu-Etchem"", ""Egwi"", ""Opire"", ""Opiro"", ""Akwa"", ""Olakwo"", ""Abara"", ""Ogochia River"", ""Ogochia, River"", ""Nini"", ""Nihi"", ""Afara"", ""Obibi"", ""Umu Akpo"", ""Odufor"", ""Umuede"", ""Obwaro"", ""Obukwu"", ""Ozuzu"", ""Obono"", ""Okehin"", ""Okehi"", ""Okodu"", ""Isu"", ""Amaku"", ""Ozuzu"", ""Umu Ukpo"", ""Umuaturu"", ""Akwu Chudere"", ""Akporku"", ""Ahia"", ""Ihia"", ""Ibodo"", ""Ogida"", ""Obeki"", ""Obite"", ""Ndarshi"", ""Umununu"", ""Owu"", ""Ebu""]",Source polygon component; not independently named as an island or proof of complete physical land coverage.
gb:NGA:ADM2:59680162B9357675593038,Ikole,geoBoundaries NGA ADM2 2022,Local Government Area,Ikole,,0,1,True,1033.514022,"[5.365753315663028, 7.650025000353537, 5.668087482051703, 8.1112461104197]",,,Pinned source component; no independent named-island or complete physical land assessment.
gb:NGA:ADM2:59680162B9357675593038,Ikole,current OCHA COD-AB NGA ADM2,Local Government Area,Ikole,NG013011,0,1,True,1070.20726,"[5.358742751000079, 7.655757038000047, 5.668087576000119, 8.11124610600018]",30,"[""Ijesha-Ishu"", ""Ire-Ekiti"", ""Ire"", ""Edda Native Area Nu"", ""Eda I Forest Reserve"", ""Ikole"", ""Osin-Ikole"", ""Usin"", ""Odo Ara"", ""Odo Oro"", ""Oke Igbira"", ""Odo-Igbira"", ""Odo Igbirro"", ""Ele"", ""River Ele"", ""Ele River"", ""River Omo"", ""Omo"", ""Omo River"", ""Aiyewa"", ""River Aiyewa"", ""Aiyewa River"", ""Bolorunduro"", ""Ipawo"", ""Itapalu"", ""Itapaji"", ""Oye"", ""River Oye"", ""Oye River"", ""Iye""]",Source polygon component; not independently named as an island or proof of complete physical land coverage.
gb:NGA:ADM2:59680162B93651715341205,Warri North,geoBoundaries NGA ADM2 2022,Local Government Area,Warri North,,0,1,True,2193.709506,"[4.97678403015891, 5.592039618233855, 5.570749999812676, 6.169372793020045]",,,Pinned source component; no independent named-island or complete physical land assessment.
gb:NGA:ADM2:59680162B93651715341205,Warri North,current OCHA COD-AB NGA ADM2,Local Government Area,Warri North,NG010023,0,1,True,1835.727065,"[4.983859100000188, 5.689897498000107, 5.572011819000068, 6.169817003000048]",145,"[""Olague Forest Reser*"", ""Deli"", ""Deghele"", ""Orumegege"", ""Orumagegi"", ""Deli Creek"", ""Bateri"", ""Batere Creek"", ""Baterre Creek"", ""Ugbogbudu"", ""Lee Creek"", ""Ugbomaja"", ""Magrath Creek"", ""Batere"", ""Baterre"", ""Yanagho"", ""Inyanagu"", ""Bateri Creek"", ""Olobe"", ""Obobi"", ""Bobi"", ""Jakpa"", ""Atsuran"", ""Atsuran Bobi"", ""Bobi Creek"", ""Kolokola"", ""Kolokolo"", ""Utonbaterentie"", ""Otonbaterentie"", ""Oboghoro"", ""Olague Creek"", ""Utontila"", ""Urejusisin"", ""Orejusisin"", ""Ajaoluna"", ""Jakpa"", ""Deleoketa"", ""Gbokoda"", ""Tebu"", ""Liverpool Creek"", ""Alajiko Creek"", ""Alagiko Creek"", ""Hely Creek"", ""Benin River"", ""Tebu"", ""Utogbo"", ""Utongbo"", ""Tisun"", ""Widgeon Creek"", ""Fork, The"", ""Lagos Creek"", ""Bahoro"", ""Obagnoro"", ""Ubagheja"", ""Robbins Creek"", ""Robin Creek"", ""Iffia"", ""Ajakotie"", ""Ekpe Ajaokotie"", ""Kokotoro Creek"", ""Addabrassa Creek"", ""Adabrassa Creek"", ""Adagbassa Creek"", ""Adagbasa Creek"", ""Brohimi"", ""Ebrohimi"", ""Mayuku Creek"", ""Abigborodo"", ""Abigborudu"", ""Abeugborode"", ""Abevgborode"", ""Abevgborode Creek"", ""Bray Creek"", ""Young Town"", ""Opuama"", ""Old Nana Town"", ""Gwato Creek"", ""Duppen Point"", ""Palmas Point"", ""Hole In The Wall Cr*"", ""Bear Town"", ""Dudu Town"", ""Dudu"", ""Bresibi"", ""Fagan Island"", ""Ogbombiri"", ""Oroki Creek"", ""Ologi Creek"", ""Igbogilete"", ""Koko Rest House"", ""Jelly"", ""Koko"", ""Koko Town"", ""Koko Camp"", ""Okoromado"", ""Okoromado (I)"", ""Bagogo"", ""Doro"", ""Ubatere"", ""Good Hope"", ""Tobor"", ""Kolokolo"", ""Kolokolo (Ii)"", ""Aleima"", ""Osiomo, River"", ""Ossiomo, River"", ""Ogba, River"", ""Ogba River"", ""Ajoki"", ""Ewoye"", ""Ulolu"", ""Ijaw Camp"", ""Ubakukuru"", ""Ologbeh"", ""Ogbabin"", ""Odibuba"", ""Anonkaren"", ""Ebiotumere"", ""Tolofa Creek"", ""Ejuavekpimi"", ""Harrisons Camp"", ""Fiena"", ""Okubakuku Creek"", ""Ago George"", ""Ago Egure"", ""Bagbekan"", ""Abioba"", ""Ago-Adoko"", ""Erewojerikuku Creek"", ""Burasana Potolo"", ""Potolo"", ""Sobo Camp"", ""Ogbonbiri"", ""Ofunama Creek"", ""Ovenama Creek"", ""Ofenama Creek"", ""Gburudu"", ""Gourudu"", ""Ouguanguili"", ""Ogbonbiri"", ""Auguanguili"", ""Ofunama"", ""Ovenama"", ""Itagbene"", ""Ayande Camp""]",Source polygon component; not independently named as an island or proof of complete physical land coverage.
gb:NGA:ADM2:59680162B93998087230069,Bosso,geoBoundaries NGA ADM2 2022,Local Government Area,Bosso,,0,1,True,1915.671068,"[6.179858423127769, 9.367295576629601, 6.654586000443601, 9.917025355335909]",,,Pinned source component; no independent named-island or complete physical land assessment.
gb:NGA:ADM2:59680162B93998087230069,Bosso,current OCHA COD-AB NGA ADM2,Local Government Area,Bosso,NG027005,0,1,True,1519.706335,"[6.192722923000076, 9.388890863000086, 6.682267308000064, 9.810352167000133]",59,"[""Nangau"", ""Swodi Woro"", ""Daggan Hill"", ""Tungawayin"", ""Tungawagi"", ""Barako, River"", ""Bako, River"", ""Chanchaga"", ""Lashami"", ""Lashanbi"", ""Shaukikafuta"", ""Numu"", ""Baganakwo"", ""Numbupi"", ""Shalko"", ""Shaluko"", ""Pai"", ""Beji Hill"", ""Jibeyi"", ""Sofon Jigbeji"", ""Naguin"", ""Epigi"", ""Mapi"", ""Zokwogi"", ""Shadan Hill"", ""Jangaru"", ""Beji Station"", ""Beji"", ""Mallam Garba"", ""Jigbeji"", ""Maikonkele Station"", ""Maikunkele"", ""Matumbi"", ""Gurusu"", ""Tunda Wada"", ""Shakwata Station"", ""Bosso"", ""Kuyi"", ""Minna Forest Reserve"", ""Gwari Native Area N*"", ""Tudun Filani"", ""Tudun Fulani"", ""Maikonkele"", ""Maikonkole"", ""Maikunkele"", ""Babegi"", ""Gbaigo, River"", ""Bako"", ""Cachala"", ""Geiga Hill"", ""Maikunkele Hill"", ""Petta"", ""Feta"", ""Nini"", ""Kangwo"", ""Sheta"", ""Wana, River"", ""Wanna, River"", ""Wuna""]",Source polygon component; not independently named as an island or proof of complete physical land coverage.
gb:NGA:ADM2:59680162B94034829608504,Ise/Orun,geoBoundaries NGA ADM2 2022,Local Government Area,Ise/Orun,,0,1,True,428.601818,"[5.304219066256962, 7.28318691344532, 5.540538449290068, 7.567046193726924]",,,Pinned source component; no independent named-island or complete physical land assessment.
gb:NGA:ADM2:59680162B94034829608504,Ise/Orun,current OCHA COD-AB NGA ADM2,Local Government Area,Ise/Orun,NG013014,0,1,True,413.831423,"[5.296425221000163, 7.283186924000177, 5.527393160000031, 7.54641584899997]",32,"[""Ago-Stephen"", ""Ago-Nathaniel"", ""Ago-Binuyo"", ""Araromi-Oloba"", ""Odogun"", ""Asolo"", ""Ago-Joseph"", ""Otayo-Onaiye"", ""Ago-Olaleye"", ""Ago-Yesufu Alli"", ""Odofin"", ""Bolorunduro"", ""Obadamisoro"", ""Arowojaiye"", ""Ago-Bello"", ""Ago-Ibo"", ""Odofin"", ""Ago-Olowo"", ""Ago-Doctor"", ""Akoti"", ""Timber Camp"", ""Atoba"", ""Ise Forest Reserve"", ""Ogbesse-Ise"", ""Afolu-Modi"", ""Ise-Ekiti"", ""Ise"", ""Oshun"", ""River Oshun"", ""Oshun River"", ""Sawo"", ""Ayo Ajegunle""]",Source polygon component; not independently named as an island or proof of complete physical land coverage.
gb:NGA:ADM2:59680162B94225169025314,Owerri Municipal,geoBoundaries NGA ADM2 2022,Local Government Area,Owerri Municipal,,0,1,True,62.395335,"[6.97465002308013, 5.426559811186394, 7.074844969819537, 5.525469538588368]",,,Pinned source component; no independent named-island or complete physical land assessment.
gb:NGA:ADM2:59680162B94225169025314,Owerri Municipal,current OCHA COD-AB NGA ADM2,Local Government Area,Owerri-Municipal,NG017026,0,1,True,56.295515,"[6.972235834000173, 5.438084119000109, 7.06574823800014, 5.522124233000056]",3,"[""Nwaorie"", ""Nwaorie, River"", ""Owerri""]",Source polygon component; not independently named as an island or proof of complete physical land coverage.
gb:NGA:ADM2:59680162B95103667512911,Kebbe,geoBoundaries NGA ADM2 2022,Local Government Area,Kebbe,,0,1,True,2200.838453,"[4.368773788779379, 11.53031450630948, 4.968217072160201, 12.236647087393237]",,,Pinned source component; no independent named-island or complete physical land assessment.
gb:NGA:ADM2:59680162B95103667512911,Kebbe,current OCHA COD-AB NGA ADM2,Local Government Area,Kebbe,NG034010,0,1,True,2625.418206,"[4.348658245000081, 11.581740178000075, 4.957433498000057, 12.249313481000172]",145,"[""Bindanu Karami"", ""Bindanu"", ""Garin Magaji"", ""Sha Aluashi"", ""Illela"", ""Fokku"", ""Fokku"", ""Tulua"", ""Sadu"", ""Bakin Duts"", ""Gidan Sarikin Aski"", ""Garin Nobasa"", ""Heddi"", ""Maigaraja Lumu"", ""Tune"", ""Maigaraya"", ""Tunga Lombo"", ""Lumu"", ""Bakachi"", ""Ijarua"", ""Ka, Goulbin"", ""Gulbin Ka, River"", ""Ka, Gulbin"", ""Ka, River"", ""Sidowaki Hill"", ""Yarumo"", ""Nasarawa"", ""Adora Hill"", ""Tune"", ""Tungan Maji"", ""Kuchi"", ""Sidowaki Hill"", ""Kwanta"", ""Gora"", ""Rafin Gora"", ""Maidanga"", ""Gidan Madugu"", ""Kwado Hill"", ""Bawna"", ""Iska Hill"", ""Gidan Madugu"", ""Karkasi, River"", ""Sabley, River"", ""Garinkofa"", ""Gidan Dabawa"", ""Maijijemailu, River"", ""Salba, River"", ""Dutchen Kuka"", ""Chesgu"", ""Sangi"", ""Karumo Hill"", ""Duku Hill"", ""Daramboa, River"", ""Sabon Birni Abershi"", ""Sabon-Birni"", ""Jigawa"", ""Tusherai"", ""Mekofa Hill"", ""Mai-Agumi"", ""Karumotaku Hill"", ""Zugu"", ""Gededo, River"", ""Arawsaya"", ""Maiferkasa Hill"", ""Ngarje"", ""Giwa Hill"", ""Kuyiteni"", ""Korufakomo Hill"", ""Butulu Hills"", ""Maikoffa Hill"", ""Amalindawa Hill"", ""Amelendowa Hill"", ""Sokoto Native Area *"", ""Gulbin Ka Forest Re*"", ""Kwari Kwasa"", ""Sabongari"", ""Denderes"", ""Maitankari"", ""Manigaba Hill"", ""Gwandi Hill"", ""Angusi Hill"", ""Gandu Hill"", ""Danmoriki, River"", ""Katanga Hill"", ""Katanga, Duchin"", ""Duchin Katanga Hill"", ""Maikoha Hills"", ""Maikurfuna"", ""Maikurfana"", ""Ungushi"", ""Indire"", ""Gwandi"", ""Dandaras"", ""Dutse Dantudu Hill"", ""Tungan-Anna"", ""Tashar-Bundun"", ""Tungan-Mogaji"", ""Bundum"", ""Sabon-Gari"", ""Wura-Kafi"", ""Zugu"", ""Dadu"", ""Asarara"", ""Adarawa"", ""Rungan-Gazo"", ""Sabon-Gari"", ""Gutsura"", ""Mazoji"", ""Jebga"", ""Gayri"", ""Gayeri"", ""Asarara Kaura"", ""Kebba"", ""Kebbe"", ""Kebbi"", ""Kebbe, River"", ""Kunkuru"", ""Daleja"", ""Takatsaba"", ""Girkau"", ""Grikau"", ""Matsiri"", ""Natsini"", ""Umbutu"", ""Dumka"", ""Dunka"", ""Kawalan-Birni"", ""Jigiri"", ""Zigiri"", ""Dakawa"", ""Akobola"", ""Tungan Nasaru"", ""Kwalmi"", ""Ungwan Noma"", ""Zaru, Lake"", ""Maikeba"", ""Margai"", ""Ungwan Noma"", ""Gidan Dikko-Siria"", ""Mortuno"", ""Karma"", ""Illela"", ""Gadaichi"", ""Gauru"", ""Tungan Haikim""]",Source polygon component; not independently named as an island or proof of complete physical land coverage.
gb:NGA:ADM2:59680162B95469939765095,Ehime-Mbano,geoBoundaries NGA ADM2 2022,Local Government Area,Ehime-Mbano,,0,1,True,190.893532,"[7.213770609026426, 5.587150736317483, 7.36851700025943, 5.75506500004974]",,,Pinned source component; no independent named-island or complete physical land assessment.
gb:NGA:ADM2:59680162B95469939765095,Ehime-Mbano,current OCHA COD-AB NGA ADM2,Local Government Area,Ehime-Mbano,NG017003,0,1,True,174.293962,"[7.220880914000077, 5.606244478000178, 7.361155975000031, 5.769652402000077]",23,"[""Umu Dike"", ""Umu-Eleke"", ""Umu Eze"", ""Umueze"", ""Umu Ezeala"", ""Umu Opee"", ""Umu Opara"", ""Nsu"", ""Umunakanu"", ""Umu Opara"", ""Umu-Eze"", ""Umu Numu"", ""Umu Ezeala"", ""Umu Kabia"", ""Nzerem"", ""Umu Omeke"", ""Umuchiokwa Agbaja"", ""Ezeze, River"", ""Ezeze River"", ""Nzerem"", ""Oyinbo, River"", ""Ikpem"", ""Izeh, River""]",Source polygon component; not independently named as an island or proof of complete physical land coverage.
gb:NGA:ADM2:59680162B9558481059390,Burutu,geoBoundaries NGA ADM2 2022,Local Government Area,Burutu,,0,2,True,1704.908147,"[5.32003422629856, 5.011776447724912, 5.881353320899109, 5.41476300011243]",,,Pinned source component; no independent named-island or complete physical land assessment.
gb:NGA:ADM2:59680162B9558481059390,Burutu,geoBoundaries NGA ADM2 2022,Local Government Area,Burutu,,1,2,True,89.357354,"[5.227120088321442, 5.385542119373383, 5.434026999946127, 5.46702099981934]",,,Pinned source component; no independent named-island or complete physical land assessment.
gb:NGA:ADM2:59680162B9558481059390,Burutu,current OCHA COD-AB NGA ADM2,Local Government Area,Burutu,NG010004,0,1,True,1933.585688,"[5.230341439000142, 5.011776454000142, 5.915437589000135, 5.459639495000147]",225,"[""Urhobo Camp"", ""Ojoba"", ""Ozobo"", ""Ojoba"", ""Bulou-Ozobo Creek"", ""Kwekwe Creek"", ""Bulou-Ojobo"", ""Bulou-Camp"", ""Bulou-Ozobo"", ""Ibibio Camps"", ""Foukou Creek"", ""Kala-Ebe Creek"", ""Bulou-Camp"", ""Urhobo Camp"", ""Ndoro"", ""Bulou Ndoro"", ""Bolou-Ndoro"", ""Tamigbe"", ""Foukou"", ""Orukemegbene"", ""Ijaw Fishing Camp"", ""Ijaw Fishing Camp"", ""Ijaw Fishing Camp"", ""Ijaw Fishing Camp"", ""Ibibio Camps"", ""Ijaw Camps"", ""Tamigbe"", ""Tamegbe"", ""Ijaw Fishing Camp"", ""Tebegbe"", ""Tubegbe"", ""Urhobo Camps"", ""Urhobo Camp"", ""Urhobo Camps"", ""Urhobo Camp"", ""Ekpogegbene"", ""Ekogbene"", ""Ekogbene Camp"", ""Kalaftogbene Camp"", ""Tolupa Creek"", ""Setoro Creek"", ""Ndoro Market"", ""Olugbene"", ""Idiwini Island"", ""Edwini Island"", ""Ogiritoro"", ""Ogoro Creek"", ""Nikorogha Creek"", ""Nikorogba Creek"", ""Opufio"", ""Idegbene"", ""Edegbene"", ""Bibiregbene"", ""Orugbene Creek"", ""Akpabigbene"", ""Edemogbene"", ""Ekpotiegbene"", ""Kalafigbene"", ""Kalafiogbene"", ""Adekagbene"", ""Ekogbene"", ""Nakebi"", ""Nakebi Creek"", ""Ekumugbene"", ""Ogriagbene"", ""Obirigbene"", ""Benifeingba Leke"", ""Benifeingha, Lake"", ""Egriagbene Creek"", ""Ebeberegbene"", ""Seitoro Creek"", ""Ogriagbene Camp"", ""Obidiegbene"", ""Evbiede Camp"", ""Ovbiokpo Camps"", ""Okpokunu"", ""Okpokunu Creek"", ""Gbarigolo-Obolo"", ""Osusugie"", ""Nikorogha"", ""Osusugie Camp"", ""Urhobos"", ""Nikoragba"", ""Nikorogha"", ""Igbene"", ""Seitoro Camps"", ""Baragola"", ""Gbaregolo"", ""Gbarigolo"", ""Gbarogolo"", ""Akassa Creek"", ""Ekameta Camps"", ""Kampta"", ""Eseniogbene"", ""Odubo Camp"", ""Ogorugbene"", ""Oyangbene"", ""Orugbene I"", ""Orugbene"", ""Laboloseigha"", ""Mbu Ntu"", ""Orugbene Ii"", ""Odubo Camp"", ""Oyangbene"", ""Ijaw Fishing Camp"", ""Ijaw Fishing Camps"", ""Urhobo Camp"", ""Ibibio Camp"", ""Orukugbene"", ""Bonuwagbene"", ""Urohbo Camp"", ""Ambebro"", ""Ibibio Camp"", ""White Tappers"", ""Wine Tappers"", ""Okuama Ii"", ""Okuama"", ""Otuama"", ""Tokogbene"", ""Urhobo Camp"", ""Peikumogbene"", ""Amasuoma"", ""Amassuma"", ""Ajanakpo"", ""Anthony Camp"", ""Osmayingbene"", ""Oreri Creek"", ""Bonuwagbene Camp Ii"", ""Amasuoma"", ""Odimodi"", ""Pete-Oba Camp"", ""Oyangbene Creek"", ""Ogborogbene"", ""Ofogbene"", ""Ofuogbene"", ""New-Town"", ""Obubu Camp"", ""Boyoutugbene"", ""Oyangbene"", ""Obubu Creek"", ""Kalorugbene"", ""Alumagbene"", ""Tudogbene"", ""Ayakoromo"", ""Ayakorama"", ""Akassa Creek"", ""Muri Creek"", ""Atirigbene"", ""Clough Point"", ""Ison Creek"", ""Ison"", ""Kumkoro"", ""Kalorugbene Creek"", ""Ughotor"", ""Atiri Creek"", ""Kalagu Camp"", ""Pomogbene"", ""Chikoko"", ""Abadigbene"", ""Burutu Channel"", ""Boma Point"", ""Katsena Creek"", ""Wallace Creek"", ""Prince Alexander Cr*"", ""Croft Creek"", ""Okpari Creek"", ""Kiagbodo River"", ""Burutu"", ""Obotebe"", ""Bombatobo"", ""Ekorogbene"", ""Ogula"", ""Ogulagha I"", ""Bikoroga"", ""Bikorogha"", ""Okuntu"", ""Forcados"", ""Yobebe"", ""Okorodudu"", ""Esonfonghawe Fishin*"", ""Abadiama Creek"", ""Children, The"", ""Boma Head"", ""Kuka Creek"", ""Opu-Esoun Creek"", ""Abadiama"", ""Penfold Island"", ""Igbekebo"", ""Gbekebo"", ""Gbekabo"", ""Gbekeboro"", ""Gbekebor"", ""Obutoro, River"", ""Kalagu Creek"", ""Britten Island"", ""Jele-Jele Island"", ""Ogodogodo"", ""Isoko Camps"", ""Forcados Flats"", ""Ogbogbene"", ""Torfagbene"", ""False Goshawk Point"", ""Goshawk Point"", ""Goldie Creek"", ""Buloubu-Ijelejele"", ""Ijelejele"", ""Ovorigbala"", ""Ovworigbala Jeremi"", ""Eniebogbene"", ""Alokpa"", ""Yeye"", ""Stuart Creek"", ""Ijansa"", ""Chanomi Creek"", ""Madeira Bank"", ""Warri Point"", ""Warri River"", ""Warri, River"", ""Warri"", ""Kuku Camp"", ""Keremo"", ""Kaloba Camp"", ""Turaba Camp"", ""Ijaw Camp"", ""Ijaw Fishing Camp""]",Source polygon component; not independently named as an island or proof of complete physical land coverage.
gb:NGA:ADM2:59680162B96484505623852,Bida,geoBoundaries NGA ADM2 2022,Local Government Area,Bida,,0,1,True,695.197425,"[5.809889789881936, 8.912712028937051, 6.126446229010298, 9.158692784644359]",,,Pinned source component; no independent named-island or complete physical land assessment.
gb:NGA:ADM2:59680162B96484505623852,Bida,current OCHA COD-AB NGA ADM2,Local Government Area,Bida,NG027003,0,1,True,52.106377,"[5.972455844000081, 9.05894101900003, 6.05498878800006, 9.13752867400018]",1,"[""Bida""]",Source polygon component; not independently named as an island or proof of complete physical land coverage.
gb:NGA:ADM2:59680162B96723309662383,Aboh-Mbaise,geoBoundaries NGA ADM2 2022,Local Government Area,Aboh-Mbaise,,0,1,True,183.013867,"[7.154286816583351, 5.32456882569079, 7.322649002049843, 5.522387638378859]",,,Pinned source component; no independent named-island or complete physical land assessment.
gb:NGA:ADM2:59680162B96723309662383,Aboh-Mbaise,current OCHA COD-AB NGA ADM2,Local Government Area,Aboh-Mbaise,NG017001,0,1,True,176.202664,"[7.158354306999968, 5.319604876000028, 7.322649014000149, 5.519530328000144]",14,"[""Umu Lolo"", ""Obor Ovoro"", ""Umu Ogu"", ""Amuzu"", ""Ovoro"", ""Lorji"", ""Mbutu"", ""Umuhu"", ""Lagwa"", ""Ibeku"", ""Inyiogugu"", ""Nguru"", ""Obaku"", ""Oboama-Nguru""]",Source polygon component; not independently named as an island or proof of complete physical land coverage.
gb:NGA:ADM2:59680162B96995039930644,Dange Shuni,geoBoundaries NGA ADM2 2022,Local Government Area,Dange Shuni,,0,1,True,1125.606354,"[5.198200897753281, 12.600609987760777, 5.674533037369827, 13.030498007277288]",,,Pinned source component; no independent named-island or complete physical land assessment.
gb:NGA:ADM2:59680162B96995039930644,Dange Shuni,current OCHA COD-AB NGA ADM2,Local Government Area,Dange-Shuni,NG034003,0,1,True,1133.805178,"[5.190436854000041, 12.644183875000067, 5.68626739900003, 13.028566817000183]",101,"[""Budide"", ""Budude"", ""Azarara"", ""Gidan Garkwa"", ""Matua"", ""Matau"", ""Budade"", ""Tabkin Kaiwa"", ""Dawadayaru"", ""Disa Hill"", ""Dabagi Birni"", ""Dabage"", ""Babagi Birni"", ""Dabage"", ""Dabagi Lafia"", ""Sangiwa Sokoto Nati*"", ""Sangiwa Native Area*"", ""Jirgu"", ""Bodai"", ""Bode"", ""Boda"", ""Makadi"", ""Basilan"", ""Bisilam"", ""Illela Fajelu"", ""Illela"", ""Jeldu"", ""Fajaldu"", ""Kindiru"", ""Kinduru"", ""Rujin Magaji"", ""Hausare"", ""Denge"", ""Dange"", ""Bolere"", ""Boolairi"", ""Bunge"", ""Dankila"", ""Dan Killo"", ""Dan Kilo"", ""Gidan Doke"", ""Wababi"", ""Dole"", ""Bunge"", ""Yakum"", ""Yakunu"", ""Dalijam"", ""Darlijun"", ""Kardage"", ""Dutsen Rudu"", ""Sukandu"", ""Sunkandu"", ""Sakandu"", ""Majia"", ""Majiyor"", ""Sambo Dorni"", ""Madukka"", ""Gehere"", ""Bagai"", ""Baga"", ""Amanawa"", ""Ammanawa"", ""Kwanawa"", ""Hetereti"", ""Hammari"", ""Runji Kwanda"", ""Kwandi"", ""Gidan Kura"", ""Rugan Kura"", ""Gidan Basamu"", ""Honore, Dutsen"", ""Illela"", ""Sidingu"", ""Sadingo"", ""Illela"", ""Illella"", ""Shunni"", ""Shuni"", ""Biokutawa"", ""Geben Dama"", ""Dutse Ande"", ""Aitu Hill"", ""Aiyu Hill"", ""Dabage Ardu"", ""Dabegin Ardo"", ""Dabagin Ardo"", ""Kassarawa"", ""Gyalande"", ""Rugar Dutse"", ""Rugan Dutse"", ""Ruga Dutse"", ""Walka"", ""Gajara"", ""Rikeni"", ""Rikina"", ""Kawanawa"", ""Kwonnawa"", ""Kwanawa"", ""Gidan Obandamo"", ""Sokoto"", ""Zabaru""]",Source polygon component; not independently named as an island or proof of complete physical land coverage.
gb:NGA:ADM2:59680162B97170897047692,Ekiti East,geoBoundaries NGA ADM2 2022,Local Government Area,Ekiti East,,0,1,True,303.45584,"[5.561711334810298, 7.605000943039158, 5.791615485866032, 7.830088139056443]",,,Pinned source component; no independent named-island or complete physical land assessment.
gb:NGA:ADM2:59680162B97170897047692,Ekiti East,current OCHA COD-AB NGA ADM2,Local Government Area,Ekiti East,NG013004,0,1,True,314.461007,"[5.554645261000076, 7.623744065000096, 5.791615414999967, 7.83008800600004]",9,"[""Omuo-Obadore"", ""Edda Native Area Nu"", ""Eda Ii Forest Reser"", ""Omuo-Ekiti"", ""Omuo-Kota"", ""Omuo"", ""Omuo-Oke"", ""Ode"", ""Awde""]",Source polygon component; not independently named as an island or proof of complete physical land coverage.
gb:NGA:ADM2:59680162B97377368460903,Anambra West,geoBoundaries NGA ADM2 2022,Local Government Area,Anambra West,,0,1,True,589.406725,"[6.661695818407338, 6.18548596860262, 6.858279709940689, 6.589365769914423]",,,Pinned source component; no independent named-island or complete physical land assessment.
gb:NGA:ADM2:59680162B97377368460903,Anambra West,current OCHA COD-AB NGA ADM2,Local Government Area,Anambra West,NG004003,0,1,True,953.645989,"[6.664701088000072, 6.185385698000061, 6.945177188000059, 6.801977957000076]",26,"[""Onono"", ""Omono"", ""Ani-Nkwa-Anam"", ""Umudora-Umuikwu"", ""Onoma"", ""Anam"", ""Oroma Etiti"", ""Umueze-Anam"", ""Ezechie"", ""Umuenwelum"", ""Umuenwelu"", ""Umuoba"", ""Nmiata"", ""Miamta"", ""Oda, River"", ""Odah, River"", ""Nzam"", ""Ibokye"", ""Onoia"", ""Orania-Otu"", ""Oroma Otu"", ""Oronia-Utu"", ""Odekpu"", ""Odekpe"", ""Obodola"", ""Enugu-Otu""]",Source polygon component; not independently named as an island or proof of complete physical land coverage.
gb:NGA:ADM2:59680162B97395677882832,Ogbaru,geoBoundaries NGA ADM2 2022,Local Government Area,Ogbaru,,0,1,True,483.133919,"[6.600627332385557, 5.681609277346297, 6.812546094726542, 6.134914213020579]",,,Pinned source component; no independent named-island or complete physical land assessment.
gb:NGA:ADM2:59680162B97395677882832,Ogbaru,current OCHA COD-AB NGA ADM2,Local Government Area,Ogbaru,NG004016,0,1,True,517.754928,"[6.626148363000084, 5.696277190000046, 6.824954319000085, 6.130282809000107]",47,"[""Ogu-Ikpele"", ""Onwakiko"", ""Owakiko"", ""Akri-Ogidi"", ""Akri Ugidi"", ""Akiti-Ogidi"", ""Akiri-Ogidi"", ""Osiam"", ""Osiam Lake"", ""Obagwe Ii"", ""Oguaniocho"", ""Osomari Forest Rese"", ""Agwe"", ""Obagwe"", ""Odugiri Obagwe"", ""Akpo-Ogwu"", ""Ami"", ""Isiukwu"", ""Egueyin"", ""Aseazaga"", ""Ogu-Ikpele"", ""Nputu"", ""Akiri"", ""Ossomari"", ""Osomari"", ""Otuta"", ""Umunankwo"", ""Agwe"", ""Omoaokogbo"", ""Anoru"", ""Eze"", ""Ochuche-Umuodo"", ""Obene"", ""Ogbakuma"", ""Ogbekuma"", ""Orifta"", ""Akili-Ozizor"", ""Atani"", ""Oshita"", ""Oshila"", ""Odekpe"", ""Ouekbe"", ""Iyiowa-Odekpa"", ""Oyiowa Odekpa"", ""Idemili, River"", ""Eruna Lagbe"", ""Atani""]",Source polygon component; not independently named as an island or proof of complete physical land coverage.
gb:NGA:ADM2:59680162B99060674505372,Ekwusigo,geoBoundaries NGA ADM2 2022,Local Government Area,Ekwusigo,,0,1,True,119.910103,"[6.776531999652093, 5.906276854193493, 6.878001473689096, 6.057959677896861]",,,Pinned source component; no independent named-island or complete physical land assessment.
gb:NGA:ADM2:59680162B99060674505372,Ekwusigo,current OCHA COD-AB NGA ADM2,Local Government Area,Ekwusigo,NG004009,0,1,True,121.917543,"[6.78415401500007, 5.912396369000021, 6.90286547, 6.075521957000149]",9,"[""Ihembosi"", ""Ihembosi"", ""Ozubulu"", ""Ekwusigo"", ""Ekwusigo"", ""Okofia"", ""Eziora"", ""Nza"", ""Orifite""]",Source polygon component; not independently named as an island or proof of complete physical land coverage.
gb:NGA:ADM2:59680162B99262810585367,Ohaji/Egbema,geoBoundaries NGA ADM2 2022,Local Government Area,Ohaji/Egbema,,0,1,True,940.067145,"[6.639080048005837, 5.219525813665427, 7.026573000143912, 5.624850273321499]",,,Pinned source component; no independent named-island or complete physical land assessment.
gb:NGA:ADM2:59680162B99262810585367,Ohaji/Egbema,current OCHA COD-AB NGA ADM2,Local Government Area,Ohaji/Egbema,NG017018,0,1,True,895.848692,"[6.639079972000047, 5.22567935800015, 6.998440399, 5.624850225000159]",75,"[""Omo Akpo"", ""Umuakpu"", ""Ngbisi"", ""Etioha"", ""Oburugo"", ""Umukunne"", ""Etoona"", ""Nkorohia"", ""Ihie Farm Settlement"", ""Nkorohia"", ""Umuagwu"", ""Ihie"", ""Umuagu"", ""Umuagwo"", ""Umuosu"", ""Opete"", ""Ilile"", ""Abakuru"", ""Ohaji High School"", ""Ilile"", ""Awarra"", ""Awara"", ""Mgbirichi"", ""Mberichi"", ""Mborichi"", ""Umu-Okanne"", ""Umukani"", ""Asa"", ""Ohoba"", ""Ohoba"", ""Umugolog"", ""Umudike Plantation"", ""Umejeren"", ""Obosima"", ""Ohaji Farm Settleme*"", ""Etekuru Plantation"", ""Ukwugba Plantation"", ""Amafor"", ""Obigwe"", ""Obigwo"", ""Amafor"", ""Etekuru"", ""Mgbara Plantation"", ""Obokofia Plantation"", ""Onosi River"", ""Onosi"", ""Onosi, River"", ""Ekeugba"", ""Mgbara"", ""Mgbara"", ""Abacheke"", ""Obiakpu"", ""Ose-Acheke"", ""Obufie-Mmahu"", ""Obufie"", ""Oseokishikpa"", ""Obofia"", ""Obofie"", ""Onosi Creek"", ""Ose-Mmahu"", ""Oseogwugwu"", ""Ukwugba"", ""Obozotto"", ""Ohozotto"", ""Ubomukwu"", ""Obiakpo"", ""Obeaka"", ""Nwari"", ""Ituogwugwu"", ""Mkpataku"", ""Ogwugwu"", ""Oburuoto"", ""Obegi"", ""Ezi-Ossu Camp"", ""Inemirin""]",Source polygon component; not independently named as an island or proof of complete physical land coverage.
gb:NGA:ADM2:59680162B99535636657731,Egor,geoBoundaries NGA ADM2 2022,Local Government Area,Egor,,0,1,True,92.994738,"[5.524981977436369, 6.277204037036711, 5.644706769901575, 6.414154127411109]",,,Pinned source component; no independent named-island or complete physical land assessment.
gb:NGA:ADM2:59680162B99535636657731,Egor,current OCHA COD-AB NGA ADM2,Local Government Area,Egor,NG012002,0,1,True,76.11445,"[5.529321247000155, 6.305998455000122, 5.644552795000038, 6.409803078000039]",12,"[""Ogboyoko"", ""Iguasa"", ""Ago Osakwe"", ""Oghoghugbo"", ""Use"", ""Useh"", ""Evbogida"", ""Evbodia"", ""Egor"", ""Uwelu"", ""Uselu"", ""Ugbowo""]",Source polygon component; not independently named as an island or proof of complete physical land coverage.
gb:NGA:ADM2:59680162B99837769325291,Borgu,geoBoundaries NGA ADM2 2022,Local Government Area,Borgu,,0,1,True,10752.27919,"[3.581943987624982, 9.361758232256648, 4.638998542848526, 11.026324271148269]",,,Pinned source component; no independent named-island or complete physical land assessment.
gb:NGA:ADM2:59680162B99837769325291,Borgu,current OCHA COD-AB NGA ADM2,Local Government Area,Borgu,NG027004,0,1,True,11255.544435,"[3.58536790200003, 9.361758013999975, 4.636742170000105, 11.127595735000114]",315,"[""Konkon Hill"", ""Awuru Emigi"", ""Falla"", ""Oli"", ""Oli, River"", ""Oly"", ""Oti Riviere"", ""Faku"", ""Dorina"", ""Kwaroin"", ""Lesu"", ""Kali"", ""Sarabe"", ""Zaji"", ""Kali Hill"", ""Zaji"", ""Yangba"", ""Yangiri"", ""Kagbekali"", ""Dublin Dorina, Dutse"", ""New Bussa"", ""Wawa"", ""Wawa"", ""Leshibe"", ""New Kurwasa"", ""Lukuna"", ""Garafini New"", ""Garafini"", ""New Garafini"", ""Malale"", ""Yakumosin"", ""Ajia, River"", ""Dogon Hills"", ""Dogon Hills"", ""Ufa, River"", ""Ofa, River"", ""Puwan, River"", ""Yakumosin, River"", ""Emile, River"", ""Doro River Forest R"", ""Old-Malale"", ""Doro, River"", ""Doro"", ""Timu, River"", ""Pana, River"", ""Borgu Reserve"", ""Garayi"", ""Minni"", ""Minni"", ""Vera"", ""Emile"", ""Emile, River"", ""Kamo Hill"", ""Minni, River"", ""Bussa"", ""Bussa"", ""New-Bussa"", ""Wessa, River"", ""Dekala Beji"", ""Dekala Gwejim"", ""Dekalabeji I"", ""Pasi Hill"", ""Dekalabeji Ii"", ""Suso Hill"", ""Borgu Game Reserve"", ""Giwa, River"", ""Kagogi"", ""Dekala"", ""Dekola"", ""Panni, River"", ""Sansanmi"", ""Biyan, River"", ""Shangwabiu, River"", ""Luma"", ""Sangwa"", ""Biyan Hill"", ""Baaza"", ""Bagopia"", ""Borgu Game Reserve"", ""Kwaya"", ""Masiyeyeda"", ""Bebara"", ""New Shagunnu"", ""Shagunnu"", ""Baturen Daji, River"", ""Boya"", ""Masiyeyeda, River"", ""Babana, River"", ""Yangbessu"", ""Yangweso"", ""Batunre Daji"", ""Kubli"", ""Bakimba"", ""Sesoya"", ""Swashi, River"", ""Kubli Hill"", ""Lafiaro"", ""New Tungan-Dangaje"", ""Tungan-Dangaje"", ""Torequebia"", ""Gandukibe"", ""Gidanna-Barabe"", ""Megudu, River"", ""Walebaga"", ""Tungan-Dangaje"", ""Tungan Bello"", ""Tungan Saru"", ""Gauji"", ""Walebaga Hill"", ""Tungan Umuro"", ""Babana"", ""New Yunmu"", ""Yunu"", ""Sesoya"", ""Kubli Range"", ""Ukpan, River"", ""Tungan Garafi"", ""Yunmu"", ""Yunu"", ""Zokunbra, River"", ""New Dugga"", ""Dugga"", ""Old Dugga"", ""Tungan-Woruturi"", ""Teku, River"", ""Kpan, River"", ""Sabon Gida"", ""New Dugga"", ""Minami"", ""Ungwan Madawaikin K"", ""Mararie"", ""Old Dugga"", ""Sapuna, River"", ""Zugu, River"", ""Pamigbe, River"", ""Mogi, River"", ""Tungan Makeri"", ""Pamigbe Hill"", ""Tungan Musa"", ""Kufinna, River"", ""Tungan Kikwashi"", ""Tugan Teku"", ""Kanu"", ""Karengi"", ""Karenzi"", ""Bogonii, River"", ""Meginga"", ""Ojiji"", ""New Ujiji"", ""Simisuamona, River"", ""Fulani Camp"", ""Ruga"", ""Wakili"", ""Kapu, River"", ""Medugu"", ""Megudu"", ""Rugga"", ""Tugan Meya"", ""Kufinna, River"", ""Kaka, River"", ""Swaida, River"", ""Weyampisa, River"", ""Tungan Rigia"", ""Damala"", ""Mogoruwa"", ""Tugan Rigia"", ""Koshimalam"", ""Zokunbara"", ""Sokonbara"", ""Toten, River"", ""Okulegbe Hills"", ""Arabulafia"", ""Mifansanna, River"", ""Kpepuya"", ""Kpepiya"", ""Keina, River"", ""Kabe"", ""Banisare"", ""Tungar Damo"", ""Tungan Damu"", ""Tungan Makeri"", ""Kapu"", ""Tungan Madugu"", ""Kapubara"", ""Ketere-Kpan"", ""Sanna, River"", ""Waabara"", ""Iten, River"", ""Sanfeluna"", ""Safeluma"", ""Wagana, River"", ""Jamua, River"", ""Fene"", ""Tugan Mahuta"", ""Swate, River"", ""Zona, River"", ""Esu, River"", ""Puissa Hill"", ""Puissa"", ""Pissa"", ""Pussa Bani"", ""Swezo Hill"", ""Blaba, River"", ""Tungan Dogo Bakomi"", ""Puissa Bani"", ""Bakalambani"", ""Tungan Dogo Bakomi"", ""Tungan Makeri"", ""Gidan Dawraji"", ""Zogonji"", ""Tungan Numa"", ""Donda, River"", ""Zogonji"", ""Tungan Numa"", ""Tungan Alkali"", ""Fene, River"", ""Tugan-Kasua"", ""Tungan Bagudu"", ""Pon"", ""Shafaci"", ""Tugan-Sayo"", ""Bosona, River"", ""Tungan Katanga"", ""Swada, River"", ""Donlipe"", ""Tungar Noma"", ""Tungan Daudu Noma"", ""Tugan Daudu Noma"", ""Peiya, River"", ""Ketere Utula"", ""Peiya, River"", ""Zinnadna, River"", ""Tungan Alalaci"", ""Wuregashi"", ""Tugan Lafia"", ""Baturegbe Hill"", ""Abeokuta"", ""Tungan Alayafi"", ""Moi"", ""Puan, River"", ""Zugungi"", ""Ibadan"", ""Konkwesso"", ""Konkweso"", ""Tungan Gado"", ""Gonswagbe Hill"", ""Masama"", ""Tugan Dan Teku"", ""Alijeina, River"", ""Sina, River"", ""Tungan Aljeina"", ""Tugan Aljeina"", ""Litenswa"", ""Gidan Bawa"", ""Jeona, River"", ""Swate"", ""Kigbera"", ""Aota"", ""Tugan Arawa"", ""Fulani Camp"", ""Ilorin"", ""Gidan Mallam Garba"", ""Blona"", ""Tungan Jato"", ""Tungar Jatau"", ""Tungun Jato"", ""Tungar Jalau"", ""Tugun Jato"", ""Rugga"", ""Badla, River"", ""Koano, River"", ""Cotton Depot"", ""Tungan Dankako"", ""Baana, River"", ""Shafaci"", ""Shafasiri"", ""Rasachi Hill"", ""Tugan Noma"", ""Ganganale"", ""Tungan Makeri"", ""Tugan Makeri"", ""Sabon Gari"", ""Zagiri, River"", ""Kai, River"", ""Kaana Hill"", ""Beina, River"", ""Kai"", ""Bobe"", ""Tungar Bube"", ""Korofa, River"", ""Zeite, River"", ""Daano, River"", ""Babanzuru"", ""Tugan Damona"", ""Kwere, River"", ""Kpan, River"", ""Swada"", ""Baraikunai, River"", ""Kwereizina, River"", ""Koudu"", ""Gbinrina, River"", ""Gbennena, River"", ""Gbinrina"", ""Gbesai"", ""Tunga Golchana"", ""Garigi Ridge"", ""Babban Zugu"", ""Bazakwana, River"", ""Dutse Biyu Hills"", ""Gbeasa Hill"", ""Kue, River"", ""Furana, River"", ""Nuza, River"", ""Biten Hills"", ""Baviona, River""]",Source polygon component; not independently named as an island or proof of complete physical land coverage.
